method,dataset,budget,slew_rate,n_src,n_bkg,source,source_tile,detected,sum_tiles,visited_tiles,zenith_tile,sum_prob,detection_cost,estimate_time,runtime,path
GCP,adapt_p80-40593177313954_a247-49999999999997_568_map.h5,7.74111,10,260,780,9.594069:247.500000,1080,False,29,5,1082,0.789627,7.35737,0,0.0127037,1084 1083 1015 1082 -1
GCP,adapt_p11-715852394892384_a315-0_229_map.h5,5.86619,10,442,1529,78.284149:315.000000,1778,False,16,4,1763,0.738085,4.7372,0,0.0126176,1761 1762 1763 -1
GCP,adapt_p60-00000000000001_a270-0_585_map.h5,5.37649,10,93,1481,30.000000:270.000000,1339,False,91,3,1595,0.259591,3.12595,0,0.0133147,1548 1595 -1
GCP,adapt_p80-40593177313954_a67-5_219_map.h5,8.78194,10,171,383,9.594069:67.500000,1047,True,28,5,1046,0.860678,7.37029,0,0.0128716,1048 1047 1046 1045 -1
GCP,adapt_p60-00000000000001_a337-49999999999994_15_map.h5,7.48784,10,80,352,30.000000:337.500000,1350,False,235,2,1288,0,0.0177154,0,0.0177154,1446 -1
GCP,adapt_p11-715852394892384_a45-0_15_map.h5,7.88325,10,535,748,78.284149:45.000000,1766,True,13,5,1746,0.975357,7.03852,0,0.0125239,1767 1766 1746 1747 -1
GCP,adapt_p80-40593177313954_a270-0_182_map.h5,8.8067,10,399,382,9.594069:270.000000,1084,True,24,5,1084,0.92573,7.39071,0,0.0131067,1149 1084 1085 1151 -1
GCP,adapt_p80-40593177313954_a90-0_21_map.h5,6.87991,10,650,1105,9.594069:90.000000,1051,True,12,5,1051,0.967924,5.91843,0,0.0128844,1050 1050 1051 1052 -1
GCP,adapt_p48-18968510422141_a11-25_434_map.h5,7.87709,10,298,705,41.810314:11.250000,1468,True,13,5,1468,0.987239,7.27523,0,0.0127314,1521 1520 1468 1467 -1
GCP,adapt_p70-52877936550931_a326-24999999999994_525_map.h5,8.46869,10,104,360,19.471220:326.250000,1225,False,76,5,1158,0.438903,7.88001,0,0.013133,1287 1159 1158 1157 -1
GCP,adapt_p35-659087696138755_a14-999999999999998_231_map.h5,7.55185,10,56,831,54.340912:15.000000,1568,False,60,4,1716,0.517002,5.62085,0,0.0129573,1682 1716 1685 -1
GCP,adapt_p80-40593177313954_a112-49999999999999_222_map.h5,6.88794,10,534,1143,9.594069:112.500000,1055,False,11,5,1120,0.941819,5.82274,0,0.012849,1054 1054 1120 1121 -1
GCP,adapt_p11-715852394892384_a45-0_473_map.h5,6.86536,10,544,1174,78.284149:45.000000,1766,True,12,4,1766,0.913545,4.67576,0,0.0124364,1746 1766 1767 -1
GCP,adapt_p70-52877936550931_a348-74999999999994_314_map.h5,6.66353,10,205,1098,19.471220:348.750000,1229,False,45,4,1099,0.632848,4.9117,0,0.0133041,1033 1100 1099 -1
GCP,adapt_p23-556464309101234_a202-5_295_map.h5,7.82483,10,254,724,66.443535:202.500000,1704,True,22,5,1704,0.916814,7.16762,0,0.0129772,1671 1705 1704 1732 -1
GCP,adapt_p48-18968510422141_a258-75_507_map.h5,6.83194,10,485,1168,41.810314:258.750000,1504,True,18,5,1451,0.703816,6.35408,0,0.0128873,1502 1502 1451 1504 -1
GCP,adapt_p80-40593177313954_a315-0_265_map.h5,6.78232,10,311,1076,9.594069:315.000000,1093,True,28,4,1093,0.67674,5.32178,0,0.0125119,1160 1093 1092 -1
GCP,adapt_p80-40593177313954_a202-49999999999997_38_map.h5,6.86129,10,426,1106,9.594069:202.500000,1072,True,14,5,1072,0.885827,5.90532,0,0.0125188,1073 1073 1005 1072 -1
GCP,adapt_p60-00000000000001_a0-0_368_map.h5,7.86299,10,422,713,30.000000:0.000000,1294,True,14,5,1294,0.984324,7.32438,0,0.0128017,1295 1354 1411 1294 -1
GCP,adapt_p48-18968510422141_a123-74999999999999_371_map.h5,8.88461,10,533,421,41.810314:123.750000,1484,True,10,6,1484,0.998809,8.22228,0,0.0131793,1536 1536 1535 1484 1485 -1
GCP,adapt_p60-00000000000001_a292-5_378_map.h5,5.72622,10,248,1488,30.000000:292.500000,1343,False,32,4,1458,0.720234,4.71022,0,0.0126084,1344 1402 1458 -1
GCP,adapt_p80-40593177313954_a45-0_362_map.h5,6.83033,10,269,1115,9.594069:45.000000,1042,True,24,4,1042,0.70588,4.91712,0,0.0124804,1044 1043 1042 -1
GCP,adapt_p60-00000000000001_a0-0_104_map.h5,6.46934,10,138,1095,30.000000:0.000000,1294,False,78,4,1415,0.301085,5.48939,0,0.0134797,1234 1356 1415 -1
GCP,adapt_p35-659087696138755_a315-0_146_map.h5,8.83942,10,330,414,54.340912:315.000000,1605,True,19,5,1646,0.961941,7.3875,0,0.0123894,1682 1645 1646 1605 -1
GCP,adapt_p35-659087696138755_a75-0_363_map.h5,6.6658,10,208,1168,54.340912:75.000000,1576,False,40,4,1578,0.555738,5.34782,0,0.0130157,1661 1621 1578 -1
GCP,adapt_p48-18968510422141_a123-74999999999999_190_map.h5,8.89778,10,726,370,41.810314:123.750000,1484,True,7,6,1484,0.999785,8.34363,0,0.0130453,1431 1431 1485 1484 1430 -1
GCP,adapt_p48-18968510422141_a123-74999999999999_498_map.h5,6.8383,10,324,1093,41.810314:123.750000,1484,True,17,4,1431,0.857542,4.87479,0,0.0124848,1484 1431 1432 -1
GCP,adapt_p11-715852394892384_a45-0_415_map.h5,7.81938,10,236,717,78.284149:45.000000,1766,True,22,5,1746,0.856066,7.07939,0,0.012432,1744 1745 1746 1766 -1
GCP,adapt_p11-715852394892384_a135-0_306_map.h5,8.75849,10,139,311,78.284149:135.000000,1770,False,40,5,1786,0.672294,6.90407,0,0.0133236,1787 1786 1785 1771 -1
GCP,adapt_p48-18968510422141_a191-25_203_map.h5,7.86316,10,504,711,41.810314:191.250000,1494,True,13,5,1441,0.98363,7.47665,0,0.0126351,1440 1441 1442 1494 -1
GCP,adapt_p60-00000000000001_a202-49999999999997_218_map.h5,7.86666,10,491,763,30.000000:202.500000,1328,True,11,5,1328,0.991448,7.40245,0,0.0131377,1327 1328 1266 1327 -1
GCP,adapt_p11-715852394892384_a135-0_384_map.h5,8.90338,10,654,369,78.284149:135.000000,1770,True,8,6,1770,0.999817,8.10324,0,0.012413,1752 1752 1771 1770 1751 -1
GCP,adapt_p70-52877936550931_a56-24999999999999_432_map.h5,7.86521,10,302,759,19.471220:56.250000,1177,True,16,5,1177,0.950281,7.29879,0,0.0125989,1241 1240 1177 1176 -1
GCP,adapt_p23-556464309101234_a292-5_573_map.h5,8.87814,10,439,345,66.443535:292.500000,1712,True,10,6,1712,0.998785,8.31422,0,0.012676,1713 1713 1680 1679 1712 -1
GCP,adapt_p60-00000000000001_a224-99999999999997_48_map.h5,8.88321,10,365,406,30.000000:225.000000,1331,False,12,6,1389,0.996034,8.27707,0,0.0125808,1390 1390 1389 1446 1447 -1
GCP,adapt_p80-40593177313954_a45-0_413_map.h5,3.40643,10,74,1124,9.594069:45.000000,1042,False,534,2,1008,0,0.0419015,0,0.0419015,1081 -1
GCP,adapt_p60-00000000000001_a67-5_192_map.h5,6.88134,10,641,1191,30.000000:67.500000,1305,True,10,5,1305,0.99646,5.80708,0,0.0124884,1243 1243 1306 1305 -1
GCP,adapt_p23-556464309101234_a202-5_412_map.h5,8.88816,10,623,385,66.443535:202.500000,1704,True,8,6,1732,0.999696,8.42633,0,0.0126374,1704 1704 1731 1732 1705 -1
GCP,adapt_p35-659087696138755_a105-0_384_map.h5,7.84376,10,406,705,54.340912:105.000000,1579,True,16,5,1580,0.955719,7.25031,0,0.0130557,1533 1579 1580 1581 -1
GCP,adapt_p80-40593177313954_a270-0_381_map.h5,6.81528,10,617,1138,9.594069:270.000000,1084,True,13,5,1085,0.985495,5.91806,0,0.0125154,1086 1086 1085 1084 -1
GCP,adapt_p35-659087696138755_a255-00000000000003_33_map.h5,7.75865,10,157,771,54.340912:255.000000,1598,False,29,5,1552,0.792406,7.75335,0,0.013165,1596 1502 1552 1553 -1
GCP,adapt_p80-40593177313954_a337-49999999999994_530_map.h5,6.3736,10,146,1091,9.594069:337.500000,1097,True,81,4,1227,0.315286,5.34186,0,0.0132359,1097 1227 1290 -1
GCP,adapt_p48-18968510422141_a326-24999999999994_388_map.h5,7.8369,10,229,763,41.810314:326.250000,1514,True,19,5,1563,0.930167,7.26898,0,0.0129049,1514 1563 1607 1564 -1
GCP,adapt_p35-659087696138755_a255-00000000000003_282_map.h5,5.8167,10,301,1476,54.340912:255.000000,1598,False,22,4,1597,0.76618,4.80784,0,0.0131076,1552 1597 1596 -1
GCP,adapt_p35-659087696138755_a45-0_75_map.h5,8.74552,10,161,383,54.340912:45.000000,1572,True,30,5,1573,0.872747,7.2061,0,0.0132977,1571 1572 1573 1526 -1
GCP,adapt_p35-659087696138755_a165-0_104_map.h5,7.693,10,164,716,54.340912:165.000000,1587,False,41,5,1629,0.633629,7.35493,0,0.0127914,1703 1702 1667 1629 -1
GCP,adapt_p35-659087696138755_a105-0_382_map.h5,8.89725,10,582,402,54.340912:105.000000,1579,True,9,6,1579,0.999873,8.43299,0,0.0125558,1533 1533 1580 1579 1532 -1
GCP,adapt_p60-00000000000001_a224-99999999999997_208_map.h5,8.88424,10,606,355,30.000000:225.000000,1331,True,10,6,1332,0.999608,8.26444,0,0.0125117,1331 1331 1332 1390 1391 -1
GCP,adapt_p70-52877936550931_a33-75_64_map.h5,7.82923,10,256,804,19.471220:33.750000,1173,True,21,5,1107,0.906164,7.31945,0,0.0125887,1041 1107 1173 1106 -1
GCP,adapt_p70-52877936550931_a11-25_556_map.h5,7.85881,10,429,777,19.471220:11.250000,1169,True,16,5,1102,0.880538,7.36867,0,0.0129954,1169 1102 1036 1103 -1
GCP,adapt_p80-40593177313954_a135-0_514_map.h5,7.86327,10,576,702,9.594069:135.000000,1059,True,11,5,992,0.948187,5.90536,0,0.0125385,991 991 1059 992 -1
GCP,adapt_p70-52877936550931_a11-25_529_map.h5,7.8462,10,235,760,19.471220:11.250000,1169,True,18,5,1170,0.910773,7.33298,0,0.0126,1232 1233 1170 1169 -1
GCP,adapt_p60-00000000000001_a45-0_556_map.h5,8.90132,10,692,358,30.000000:45.000000,1301,True,7,6,1301,0.999998,8.25624,0,0.0124377,1302 1302 1301 1238 1239 -1
GCP,adapt_p23-556464309101234_a22-5_545_map.h5,5.83729,10,382,1423,66.443535:22.500000,1689,False,18,4,1720,0.856208,4.73824,0,0.0125317,1746 1720 1719 -1
GCP,adapt_p70-52877936550931_a168-74999999999997_45_map.h5,7.88079,10,654,748,19.471220:168.750000,1197,True,11,5,1196,0.922145,7.48673,0,0.0129975,1197 1196 1259 1197 -1
GCP,adapt_p60-00000000000001_a157-5_242_map.h5,7.74392,10,230,744,30.000000:157.500000,1320,False,34,5,1380,0.772484,7.21577,0,0.0128664,1259 1321 1380 1379 -1
GCP,adapt_p60-00000000000001_a22-5_187_map.h5,7.88427,10,524,739,30.000000:22.500000,1298,True,10,5,1297,0.995765,5.85459,0,0.0125147,1234 1234 1297 1298 -1
GCP,adapt_p48-18968510422141_a191-25_118_map.h5,7.88699,10,572,699,41.810314:191.250000,1494,True,10,5,1441,0.997263,5.7935,0,0.0128053,1494 1494 1441 1442 -1
GCP,adapt_p48-18968510422141_a11-25_146_map.h5,6.88101,10,504,1145,41.810314:11.250000,1468,False,9,5,1414,0.995114,5.88262,0,0.0127952,1415 1415 1414 1413 -1
GCP,adapt_p48-18968510422141_a101-24999999999999_87_map.h5,7.87293,10,425,754,41.810314:101.250000,1481,True,11,5,1481,0.979614,7.32683,0,0.0128789,1428 1427 1481 1428 -1
GCP,adapt_p48-18968510422141_a258-75_457_map.h5,8.87425,10,316,317,41.810314:258.750000,1504,True,13,6,1451,0.990547,8.27391,0,0.0125775,1450 1450 1451 1503 1504 -1
GCP,adapt_p60-00000000000001_a0-0_453_map.h5,5.86792,10,567,1407,30.000000:0.000000,1294,True,14,4,1411,0.87598,4.893,0,0.0128766,1354 1411 1294 -1
GCP,adapt_p60-00000000000001_a270-0_415_map.h5,8.80195,10,277,372,30.000000:270.000000,1339,True,23,5,1396,0.853112,7.47374,0,0.0128482,1398 1339 1338 1396 -1
GCP,adapt_p48-18968510422141_a123-74999999999999_262_map.h5,7.85031,10,278,731,41.810314:123.750000,1484,True,16,5,1484,0.883151,7.32686,0,0.0125008,1483 1484 1485 1431 -1
GCP,adapt_p80-40593177313954_a135-0_503_map.h5,5.7036,10,27,758,9.594069:135.000000,1059,False,357,4,1235,0.348854,5.44763,0,0.0250183,1356 1234 1235 -1
GCP,adapt_p80-40593177313954_a135-0_284_map.h5,5.86503,10,535,1471,9.594069:135.000000,1059,True,13,5,1125,0.864221,5.81189,0,0.0127732,1059 1059 1125 1126 -1
GCP,adapt_p23-556464309101234_a157-5_138_map.h5,6.88031,10,533,1118,66.443535:157.500000,1701,True,9,4,1701,0.927886,4.80365,0,0.0124746,1666 1700 1701 -1
GCP,adapt_p70-52877936550931_a213-75_94_map.h5,6.62786,10,131,767,19.471220:213.750000,1205,False,213,2,1204,0,0.0173685,0,0.0173685,929 -1
GCP,adapt_p80-40593177313954_a22-5_580_map.h5,8.84511,10,364,347,9.594069:22.500000,1038,True,17,6,1038,0.898387,8.33856,0,0.0127171,1039 1039 1038 1104 1105 -1
GCP,adapt_p35-659087696138755_a255-00000000000003_16_map.h5,6.89385,10,629,1158,54.340912:255.000000,1598,True,8,5,1598,0.998949,5.88975,0,0.0130271,1597 1597 1639 1598 -1
GCP,adapt_p60-00000000000001_a292-5_479_map.h5,5.31407,10,81,774,30.000000:292.500000,1343,False,438,3,1686,0.245648,3.44863,0,0.0314904,1715 1686 -1
GCP,adapt_p60-00000000000001_a112-49999999999999_101_map.h5,7.74308,10,306,740,30.000000:112.500000,1313,True,29,4,1313,0.703341,5.39557,0,0.0127511,1370 1372 1313 -1
GCP,adapt_p60-00000000000001_a112-49999999999999_209_map.h5,8.90216,10,676,382,30.000000:112.500000,1313,True,7,6,1313,0.999149,8.84173,0,0.012617,1251 1251 1312 1313 1314 -1
GCP,adapt_p23-556464309101234_a337-5_152_map.h5,6.88149,10,511,1084,66.443535:337.500000,1716,True,8,5,1742,0.995873,5.87722,0,0.0123174,1716 1716 1742 1717 -1
GCP,adapt_p60-00000000000001_a180-0_236_map.h5,8.89263,10,509,381,30.000000:180.000000,1324,True,10,6,1324,0.99997,8.24617,0,0.0131745,1325 1325 1324 1262 1263 -1
GCP,adapt_p48-18968510422141_a303-75_93_map.h5,7.88835,10,635,739,41.810314:303.750000,1510,False,10,5,1560,0.993785,7.49445,0,0.0124433,1559 1560 1511 1559 -1
GCP,adapt_p48-18968510422141_a236-25_146_map.h5,8.88831,10,633,370,41.810314:236.250000,1501,True,7,6,1448,0.997544,8.33697,0,0.012445,1501 1501 1449 1448 1500 -1
GCP,adapt_p48-18968510422141_a326-24999999999994_493_map.h5,5.70207,10,306,1438,41.810314:326.250000,1514,False,40,4,1463,0.505585,5.00064,0,0.0127512,1513 1462 1463 -1
GCP,adapt_p80-40593177313954_a45-0_88_map.h5,5.84503,10,270,1648,9.594069:45.000000,1042,True,15,4,1043,0.951946,4.86844,0,0.0127644,1108 1042 1043 -1
GCP,adapt_p60-00000000000001_a292-5_116_map.h5,8.88825,10,628,393,30.000000:292.500000,1343,True,10,6,1342,0.991694,8.40932,0,0.0125434,1343 1343 1400 1342 1341 -1
GCP,adapt_p80-40593177313954_a67-5_549_map.h5,5.68789,10,248,1455,9.594069:67.500000,1047,True,39,4,1112,0.579125,5.57919,0,0.0129041,1177 1112 1047 -1
GCP,adapt_p35-659087696138755_a165-0_448_map.h5,7.76257,10,216,743,54.340912:165.000000,1587,True,32,5,1586,0.876394,7.22539,0,0.0132284,1628 1629 1586 1587 -1
GCP,adapt_p70-52877936550931_a123-74999999999999_134_map.h5,7.72922,10,271,717,19.471220:123.750000,1189,True,31,5,1189,0.919057,7.28161,0,0.01257,1124 1190 1189 1188 -1
GCP,adapt_p35-659087696138755_a315-0_588_map.h5,7.85618,10,253,722,54.340912:315.000000,1605,True,16,5,1606,0.957247,7.12394,0,0.0126258,1561 1605 1606 1647 -1
GCP,adapt_p80-40593177313954_a90-0_378_map.h5,5.78912,10,582,1455,9.594069:90.000000,1051,True,15,4,1050,0.924822,4.83659,0,0.0126755,1116 1050 1051 -1
GCP,adapt_p35-659087696138755_a105-0_417_map.h5,8.89697,10,547,397,54.340912:105.000000,1579,True,7,6,1623,0.999998,8.22785,0,0.0128263,1622 1622 1623 1580 1579 -1
GCP,adapt_p48-18968510422141_a11-25_25_map.h5,5.82411,10,250,1453,41.810314:11.250000,1468,True,21,4,1468,0.799567,4.90751,0,0.0126998,1413 1468 1469 -1
GCP,adapt_p80-40593177313954_a112-49999999999999_175_map.h5,7.84491,10,404,709,9.594069:112.500000,1055,True,18,5,1054,0.958251,7.35131,0,0.0128904,988 1055 987 1054 -1
GCP,adapt_p70-52877936550931_a11-25_403_map.h5,7.86277,10,306,720,19.471220:11.250000,1169,True,16,5,1102,0.966195,7.34892,0,0.013028,1101 1102 1168 1169 -1
GCP,adapt_p23-556464309101234_a67-5_341_map.h5,5.85735,10,311,1439,66.443535:67.500000,1693,True,16,4,1693,0.758122,4.87443,0,0.0124668,1657 1693 1722 -1
GCP,adapt_p48-18968510422141_a213-75_125_map.h5,7.86439,10,349,771,41.810314:213.750000,1497,True,14,5,1497,0.919301,7.24418,0,0.0124051,1498 1497 1444 1445 -1
GCP,adapt_p35-659087696138755_a75-0_334_map.h5,7.81402,10,276,724,54.340912:75.000000,1576,True,21,5,1576,0.882597,7.2363,0,0.0128089,1478 1530 1529 1576 -1
GCP,adapt_p35-659087696138755_a344-99999999999994_592_map.h5,8.90929,10,644,387,54.340912:345.000000,1609,True,8,6,1609,0.999536,8.402,0,0.0124496,1650 1650 1610 1609 1649 -1
GCP,adapt_p11-715852394892384_a315-0_228_map.h5,8.89622,10,754,400,78.284149:315.000000,1778,True,7,6,1778,0.999998,8.05804,0,0.0125729,1779 1779 1778 1762 1763 -1
GCP,adapt_p11-715852394892384_a315-0_144_map.h5,8.85944,10,248,354,78.284149:315.000000,1778,False,16,5,1763,0.960984,7.27848,0,0.012328,1779 1762 1763 1741 -1
GCP,adapt_p60-00000000000001_a180-0_417_map.h5,7.88132,10,504,725,30.000000:180.000000,1324,True,12,5,1262,0.963152,7.44123,0,0.0124719,1261 1262 1324 1261 -1
GCP,adapt_p60-00000000000001_a247-49999999999997_76_map.h5,7.40429,10,87,716,30.000000:247.500000,1335,False,90,4,1272,0.410058,6.15159,0,0.0135262,1205 1271 1272 -1
GCP,adapt_p80-40593177313954_a292-5_185_map.h5,8.79115,10,703,302,9.594069:292.500000,1088,True,9,6,1088,0.999987,8.37351,0,0.0126379,1021 1021 1020 1088 1089 -1
GCP,adapt_p80-40593177313954_a67-5_424_map.h5,8.86509,10,266,372,9.594069:67.500000,1047,True,15,6,1048,0.972219,8.83159,0,0.0126994,981 981 1047 1048 1049 -1
GCP,adapt_p35-659087696138755_a255-00000000000003_23_map.h5,6.67033,10,124,1124,54.340912:255.000000,1598,False,43,4,1382,0.66659,5.31569,0,0.0134834,1321 1381 1382 -1
GCP,adapt_p60-00000000000001_a292-5_481_map.h5,7.77229,10,184,730,30.000000:292.500000,1343,False,28,5,1401,0.837533,7.22723,0,0.0125107,1456 1457 1401 1402 -1
GCP,adapt_p48-18968510422141_a326-24999999999994_294_map.h5,6.87859,10,400,1121,41.810314:326.250000,1514,True,12,5,1513,0.992646,5.80818,0,0.0132207,1462 1462 1514 1513 -1
GCP,adapt_p70-52877936550931_a33-75_304_map.h5,7.80331,10,188,748,19.471220:33.750000,1173,True,27,5,1173,0.913049,7.38513,0,0.0124996,1106 1173 1174 1237 -1
GCP,adapt_p80-40593177313954_a90-0_325_map.h5,8.85582,10,376,362,9.594069:90.000000,1051,True,15,6,1051,0.956516,8.28513,0,0.0129874,1118 1118 1052 1051 1050 -1
GCP,adapt_p80-40593177313954_a0-0_194_map.h5,7.8293,10,255,733,9.594069:0.000000,1034,True,21,5,1034,0.948177,7.3532,0,0.0125007,1166 1101 1035 1034 -1
GCP,adapt_p35-659087696138755_a255-00000000000003_95_map.h5,6.81128,10,207,1087,54.340912:255.000000,1598,True,25,4,1598,0.798653,4.86333,0,0.0125268,1641 1599 1598 -1
GCP,adapt_p60-00000000000001_a22-5_319_map.h5,8.88797,10,531,420,30.000000:22.500000,1298,True,9,6,1298,0.998616,8.29788,0,0.0128248,1297 1297 1298 1357 1358 -1
GCP,adapt_p35-659087696138755_a255-00000000000003_517_map.h5,7.88135,10,478,720,54.340912:255.000000,1598,True,12,5,1598,0.988626,7.3262,0,0.0124497,1639 1640 1598 1639 -1
GCP,adapt_p11-715852394892384_a135-0_389_map.h5,8.89737,10,721,368,78.284149:135.000000,1770,True,11,6,1771,0.99989,8.20039,0,0.0124287,1753 1753 1771 1770 1752 -1
GCP,adapt_p80-40593177313954_a67-5_335_map.h5,7.83834,10,218,780,9.594069:67.500000,1047,True,17,5,1046,0.920747,7.35715,0,0.0124804,1045 1046 979 1047 -1
GCP,adapt_p60-00000000000001_a0-0_35_map.h5,6.87184,10,569,1165,30.000000:0.000000,1294,True,12,5,1295,0.977887,5.90241,0,0.0129622,1231 1231 1294 1295 -1
GCP,adapt_p70-52877936550931_a101-24999999999999_99_map.h5,6.86719,10,545,1023,19.471220:101.250000,1185,True,13,4,1185,0.917615,4.80924,0,0.0126198,1184 1185 1119 -1
GCP,adapt_p70-52877936550931_a168-74999999999997_269_map.h5,8.86303,10,408,359,19.471220:168.750000,1197,True,15,5,1131,0.977274,7.37931,0,0.0127705,1130 1131 1132 1197 -1
GCP,adapt_p70-52877936550931_a101-24999999999999_582_map.h5,8.8824,10,460,385,19.471220:101.250000,1185,True,11,6,1185,0.997542,8.26105,0,0.0124129,1120 1120 1119 1185 1184 -1
GCP,adapt_p35-659087696138755_a165-0_533_map.h5,7.55863,10,171,802,54.340912:165.000000,1587,False,62,5,1486,0.496116,7.26795,0,0.0131847,1432 1486 1487 1538 -1
GCP,adapt_p35-659087696138755_a165-0_344_map.h5,6.86488,10,556,1040,54.340912:165.000000,1587,True,12,4,1629,0.854564,4.81053,0,0.0129348,1587 1586 1629 -1
GCP,adapt_p80-40593177313954_a157-5_437_map.h5,8.89367,10,623,374,9.594069:157.500000,1063,True,10,5,1063,0.998541,5.91867,0,0.0131249,1062 1062 1063 1064 -1
GCP,adapt_p35-659087696138755_a105-0_223_map.h5,5.88145,10,839,1583,54.340912:105.000000,1579,False,7,4,1622,0.980846,3.4269,0,0.0123583,1623 1623 1622 -1
GCP,adapt_p23-556464309101234_a202-5_536_map.h5,5.94606,10,128,1155,66.443535:202.500000,1704,False,160,2,1395,0,0.0146503,0,0.0146503,1129 -1
GCP,adapt_p60-00000000000001_a270-0_213_map.h5,8.88325,10,450,388,30.000000:270.000000,1339,True,11,6,1339,0.990853,8.2722,0,0.0125455,1277 1277 1278 1339 1340 -1
GCP,adapt_p35-659087696138755_a75-0_51_map.h5,7.86858,10,479,790,54.340912:75.000000,1576,True,12,5,1619,0.953647,5.82715,0,0.0132246,1576 1576 1620 1619 -1
GCP,adapt_p35-659087696138755_a135-0_260_map.h5,7.87316,10,530,674,54.340912:135.000000,1583,True,10,5,1626,0.987941,7.43698,0,0.0126358,1625 1626 1583 1625 -1
GCP,adapt_p11-715852394892384_a135-0_93_map.h5,7.79518,10,247,750,78.284149:135.000000,1770,True,27,5,1751,0.855788,7.05227,0,0.012627,1771 1770 1751 1752 -1
GCP,adapt_p23-556464309101234_a292-5_332_map.h5,7.87338,10,317,738,66.443535:292.500000,1712,True,12,5,1712,0.975987,5.78918,0,0.0124769,1739 1739 1713 1712 -1
GCP,adapt_p70-52877936550931_a213-75_123_map.h5,5.82124,10,454,1544,19.471220:213.750000,1205,False,18,4,1141,0.927407,5.00266,0,0.0125664,1207 1141 1140 -1
GCP,adapt_p48-18968510422141_a168-74999999999997_420_map.h5,5.88364,10,809,1579,41.810314:168.750000,1491,False,7,4,1438,0.926017,3.44836,0,0.0131522,1437 1437 1438 -1
GCP,adapt_p23-556464309101234_a202-5_61_map.h5,7.87952,10,497,779,66.443535:202.500000,1704,True,11,5,1704,0.988347,5.77737,0,0.0132916,1732 1732 1704 1705 -1
GCP,adapt_p35-659087696138755_a195-0_469_map.h5,6.84438,10,560,1177,54.340912:195.000000,1590,True,14,4,1590,0.893268,4.93341,0,0.0124165,1633 1590 1589 -1
GCP,adapt_p60-00000000000001_a45-0_481_map.h5,8.89997,10,670,385,30.000000:45.000000,1301,True,8,6,1302,0.999899,8.5671,0,0.0128256,1361 1361 1301 1302 1362 -1
GCP,adapt_p60-00000000000001_a180-0_368_map.h5,7.80401,10,270,736,30.000000:180.000000,1324,True,23,5,1324,0.873492,7.33944,0,0.0127966,1323 1324 1383 1325 -1
GCP,adapt_p48-18968510422141_a348-74999999999994_199_map.h5,6.72168,10,148,1132,41.810314:348.750000,1517,False,40,4,1518,0.57226,5.35232,0,0.0131225,1413 1518 1566 -1
GCP,adapt_p70-52877936550931_a281-24999999999994_450_map.h5,8.83904,10,352,384,19.471220:281.250000,1217,False,19,6,1153,0.875276,8.26313,0,0.012743,1219 1219 1218 1153 1154 -1
GCP,adapt_p80-40593177313954_a0-0_369_map.h5,7.86604,10,376,721,9.594069:0.000000,1034,True,16,5,1034,0.894188,7.34715,0,0.0127604,1100 1166 1034 1101 -1
GCP,adapt_p60-00000000000001_a45-0_129_map.h5,8.87769,10,408,381,30.000000:45.000000,1301,True,11,6,1301,0.990981,8.25636,0,0.0130956,1300 1300 1301 1238 1237 -1
GCP,adapt_p80-40593177313954_a0-0_409_map.h5,8.89625,10,600,362,9.594069:0.000000,1034,True,10,6,1035,0.999853,8.36806,0,0.0125532,1101 1101 1034 1035 1102 -1
GCP,adapt_p60-00000000000001_a45-0_130_map.h5,5.7931,10,267,1491,30.000000:45.000000,1301,True,20,4,1301,0.779974,5.13496,0,0.0127028,1237 1301 1361 -1
GCP,adapt_p60-00000000000001_a67-5_498_map.h5,5.82496,10,377,1558,30.000000:67.500000,1305,True,12,5,1242,0.962861,5.79808,0,0.0128555,1305 1305 1242 1241 -1
GCP,adapt_p11-715852394892384_a45-0_573_map.h5,6.87939,10,456,1125,78.284149:45.000000,1766,True,11,5,1767,0.972346,5.69819,0,0.0124016,1766 1766 1767 1747 -1
GCP,adapt_p80-40593177313954_a112-49999999999999_541_map.h5,8.67168,10,135,374,9.594069:112.500000,1055,True,41,5,987,0.57745,7.27135,0,0.013108,1120 1054 1055 987 -1
GCP,adapt_p60-00000000000001_a224-99999999999997_588_map.h5,6.78318,10,238,1180,30.000000:225.000000,1331,False,26,4,1269,0.702912,4.97903,0,0.0126083,1329 1330 1269 -1
GCP,adapt_p80-40593177313954_a45-0_144_map.h5,7.43231,10,241,728,9.594069:45.000000,1042,False,76,3,1108,0.173415,5.89044,0,0.0134795,1049 1108 -1
GCP,adapt_p23-556464309101234_a202-5_562_map.h5,7.82709,10,259,749,66.443535:202.500000,1704,True,19,5,1705,0.878196,7.23612,0,0.0126819,1704 1705 1706 1672 -1
GCP,adapt_p80-40593177313954_a135-0_273_map.h5,5.80912,10,356,1519,9.594069:135.000000,1059,False,20,4,1124,0.819937,4.81267,0,0.0126821,1123 1124 1058 -1
GCP,adapt_p60-00000000000001_a247-49999999999997_316_map.h5,5.03099,10,75,1136,30.000000:247.500000,1335,False,304,3,1564,0.166218,4.55205,0,0.0217086,1603 1564 -1
GCP,adapt_p70-52877936550931_a236-25_106_map.h5,5.77692,10,437,1482,19.471220:236.250000,1209,False,26,4,1273,0.803277,4.91324,0,0.0128863,1333 1272 1273 -1
GCP,adapt_p23-556464309101234_a157-5_345_map.h5,7.77798,10,182,739,66.443535:157.500000,1701,True,25,5,1667,0.807163,7.18732,0,0.0128056,1630 1668 1667 1701 -1
GCP,adapt_p80-40593177313954_a270-0_127_map.h5,1.70617,10,23,334,9.594069:270.000000,1084,False,1800,2,1390,0,0.317481,0,0.317481,1105 -1
GCP,adapt_p60-00000000000001_a270-0_125_map.h5,8.84531,10,428,371,30.000000:270.000000,1339,True,19,5,1339,0.922884,7.45661,0,0.012511,1396 1339 1397 1398 -1
GCP,adapt_p80-40593177313954_a67-5_285_map.h5,7.70397,10,338,708,9.594069:67.500000,1047,False,38,5,1045,0.83987,7.31247,0,0.0128705,1110 1044 1045 1046 -1
GCP,adapt_p70-52877936550931_a56-24999999999999_557_map.h5,7.82419,10,155,753,19.471220:56.250000,1177,False,21,4,1175,0.897166,4.86635,0,0.0126028,1238 1175 1174 -1
GCP,adapt_p11-715852394892384_a225-0_558_map.h5,6.86084,10,411,1148,78.284149:225.000000,1774,True,15,5,1775,0.828844,5.81625,0,0.0129643,1774 1774 1775 1757 -1
GCP,adapt_p70-52877936550931_a11-25_388_map.h5,8.88227,10,514,366,19.471220:11.250000,1169,True,11,5,1169,0.9806,5.92007,0,0.0125211,1168 1168 1169 1170 -1
GCP,adapt_p35-659087696138755_a135-0_587_map.h5,8.88108,10,454,376,54.340912:135.000000,1583,True,11,6,1583,0.999368,8.48513,0,0.0127104,1626 1626 1584 1583 1582 -1
GCP,adapt_p60-00000000000001_a224-99999999999997_28_map.h5,6.88342,10,671,996,30.000000:225.000000,1331,True,10,5,1332,0.997971,5.82646,0,0.0124031,1390 1390 1332 1331 -1
GCP,adapt_p80-40593177313954_a202-49999999999997_536_map.h5,6.79393,10,426,1093,9.594069:202.500000,1072,True,24,4,1072,0.575313,5.10574,0,0.0128849,1136 1071 1072 -1
GCP,adapt_p35-659087696138755_a75-0_237_map.h5,8.87945,10,390,378,54.340912:75.000000,1576,True,10,6,1576,0.997952,8.32528,0,0.013331,1620 1620 1577 1576 1575 -1
GCP,adapt_p48-18968510422141_a101-24999999999999_212_map.h5,5.3062,10,76,1164,41.810314:101.250000,1481,False,241,3,956,0.249263,3.48006,0,0.0179946,1088 956 -1
GCP,adapt_p60-00000000000001_a224-99999999999997_51_map.h5,6.77187,10,253,1142,30.000000:225.000000,1331,False,31,4,1390,0.803077,5.17931,0,0.0129269,1333 1390 1447 -1
GCP,adapt_p80-40593177313954_a247-49999999999997_185_map.h5,6.84925,10,453,1128,9.594069:247.500000,1080,True,16,4,1079,0.859718,4.9172,0,0.0125523,1078 1079 1080 -1
GCP,adapt_p70-52877936550931_a146-25_207_map.h5,6.83101,10,272,1111,19.471220:146.250000,1193,False,20,4,1061,0.819826,4.80808,0,0.0127913,1126 1127 1061 -1
GCP,adapt_p80-40593177313954_a22-5_380_map.h5,8.8822,10,459,369,9.594069:22.500000,1038,True,9,6,1039,0.997476,8.41477,0,0.0126102,1105 1105 1038 1039 1106 -1
GCP,adapt_p60-00000000000001_a0-0_239_map.h5,2.67586,10,63,702,30.000000:0.000000,1294,False,890,2,1173,0,0.0878126,0,0.0878126,1258 -1
GCP,adapt_p70-52877936550931_a146-25_555_map.h5,8.87923,10,517,352,19.471220:146.250000,1193,True,11,6,1193,0.999829,8.25582,0,0.0125661,1256 1256 1255 1192 1193 -1
GCP,adapt_p35-659087696138755_a195-0_179_map.h5,7.87435,10,473,708,54.340912:195.000000,1590,True,11,5,1590,0.998004,5.81304,0,0.0124535,1633 1633 1591 1590 -1
GCP,adapt_p48-18968510422141_a56-24999999999999_164_map.h5,5.55899,10,267,1532,41.810314:56.250000,1475,False,57,3,1572,0.250082,4.50216,0,0.0127967,1478 1572 -1
GCP,adapt_p48-18968510422141_a56-24999999999999_362_map.h5,7.88272,10,550,693,41.810314:56.250000,1475,True,11,5,1475,0.987268,5.86639,0,0.0130856,1476 1476 1475 1474 -1
GCP,adapt_p70-52877936550931_a213-75_201_map.h5,6.74491,10,275,1092,19.471220:213.750000,1205,False,33,4,1201,0.525106,5.22465,0,0.012902,1137 1201 1264 -1
GCP,adapt_p70-52877936550931_a258-75_66_map.h5,7.88428,10,616,824,19.471220:258.750000,1213,True,12,5,1213,0.995549,5.83019,0,0.0135344,1275 1275 1212 1213 -1
GCP,adapt_p35-659087696138755_a135-0_365_map.h5,8.88021,10,410,423,54.340912:135.000000,1583,True,12,6,1626,0.999901,8.19391,0,0.0126124,1625 1625 1626 1583 1582 -1
GCP,adapt_p60-00000000000001_a224-99999999999997_471_map.h5,6.88027,10,509,1129,30.000000:225.000000,1331,False,10,5,1390,0.98864,5.81624,0,0.0125207,1332 1332 1390 1391 -1
GCP,adapt_p60-00000000000001_a135-0_10_map.h5,8.91134,10,739,395,30.000000:135.000000,1316,True,7,6,1375,0.999999,8.26689,0,0.0124244,1376 1376 1375 1316 1317 -1
GCP,adapt_p48-18968510422141_a258-75_118_map.h5,6.86734,10,526,1071,41.810314:258.750000,1504,False,13,4,1451,0.807099,4.84552,0,0.0124683,1450 1451 1503 -1
GCP,adapt_p80-40593177313954_a135-0_237_map.h5,7.83438,10,387,783,9.594069:135.000000,1059,True,16,4,1059,0.849354,4.91082,0,0.0124248,992 1059 1058 -1
GCP,adapt_p70-52877936550931_a33-75_272_map.h5,5.82426,10,406,1455,19.471220:33.750000,1173,True,20,4,1173,0.741523,4.91924,0,0.0125937,1174 1173 1172 -1
GCP,adapt_p70-52877936550931_a11-25_341_map.h5,7.83731,10,226,739,19.471220:11.250000,1169,True,19,5,1169,0.865794,7.33832,0,0.0124863,1168 1169 1232 1233 -1
GCP,adapt_p48-18968510422141_a101-24999999999999_225_map.h5,5.64716,10,250,1489,41.810314:101.250000,1481,False,50,4,1425,0.471121,5.48627,0,0.0126588,1477 1425 1426 -1
GCP,adapt_p60-00000000000001_a292-5_297_map.h5,7.88809,10,642,781,30.000000:292.500000,1343,True,12,5,1401,0.998888,7.40143,0,0.0127066,1400 1401 1343 1400 -1
GCP,adapt_p48-18968510422141_a168-74999999999997_124_map.h5,7.74926,10,126,742,41.810314:168.750000,1491,True,34,5,1491,0.734052,7.22615,0,0.0125538,1436 1437 1438 1491 -1
GCP,adapt_p70-52877936550931_a348-74999999999994_545_map.h5,7.48383,10,86,767,19.471220:348.750000,1229,False,73,4,1100,0.413295,5.38947,0,0.0130225,1163 1099 1100 -1
GCP,adapt_p60-00000000000001_a67-5_96_map.h5,7.80605,10,459,769,30.000000:67.500000,1305,True,14,5,1305,0.93915,7.15291,0,0.0127414,1364 1305 1304 1241 -1
GCP,adapt_p48-18968510422141_a56-24999999999999_143_map.h5,7.8424,10,428,763,41.810314:56.250000,1475,True,13,5,1420,0.946304,7.21652,0,0.0124248,1475 1474 1420 1419 -1
GCP,adapt_p60-00000000000001_a90-0_70_map.h5,7.87436,10,434,771,30.000000:90.000000,1309,True,12,5,1310,0.986494,5.83793,0,0.0124324,1247 1247 1310 1309 -1
GCP,adapt_p70-52877936550931_a33-75_547_map.h5,8.89032,10,598,383,19.471220:33.750000,1173,True,9,6,1107,0.995957,8.3017,0,0.0124803,1174 1174 1173 1107 1106 -1
GCP,adapt_p70-52877936550931_a303-75_379_map.h5,7.87316,10,478,789,19.471220:303.750000,1221,True,9,5,1284,0.908356,7.68678,0,0.0126226,1285 1284 1221 1285 -1
GCP,adapt_p70-52877936550931_a33-75_528_map.h5,8.84541,10,515,375,19.471220:33.750000,1173,True,13,6,1107,0.999556,8.30276,0,0.0123706,1172 1172 1173 1107 1106 -1
GCP,adapt_p60-00000000000001_a180-0_47_map.h5,7.87383,10,431,766,30.000000:180.000000,1324,True,13,5,1324,0.984072,7.23849,0,0.0129639,1262 1324 1323 1382 -1
GCP,adapt_p60-00000000000001_a0-0_242_map.h5,8.33176,10,100,363,30.000000:0.000000,1294,False,101,4,1229,0.42382,6.27844,0,0.0140793,1466 1229 1164 -1
GCP,adapt_p35-659087696138755_a75-0_43_map.h5,7.89043,10,508,730,54.340912:75.000000,1576,True,10,5,1620,0.988378,7.3259,0,0.0123695,1619 1620 1576 1619 -1
GCP,adapt_p23-556464309101234_a22-5_265_map.h5,7.84584,10,338,791,66.443535:22.500000,1689,True,18,5,1719,0.966074,7.14633,0,0.012964,1718 1719 1689 1688 -1
GCP,adapt_p60-00000000000001_a0-0_316_map.h5,8.89439,10,539,359,30.000000:0.000000,1294,True,8,6,1354,0.99991,8.32983,0,0.0124122,1294 1294 1295 1354 1411 -1
GCP,adapt_p35-659087696138755_a315-0_570_map.h5,7.86527,10,518,757,54.340912:315.000000,1605,True,13,5,1605,0.982969,7.20916,0,0.0125473,1561 1560 1604 1605 -1
GCP,adapt_p48-18968510422141_a56-24999999999999_150_map.h5,6.82997,10,252,1119,41.810314:56.250000,1475,True,17,4,1476,0.61151,4.78248,0,0.0128237,1422 1476 1475 -1
GCP,adapt_p23-556464309101234_a112-5_415_map.h5,8.90434,10,798,374,66.443535:112.500000,1697,True,8,6,1697,0.999977,8.13434,0,0.0124495,1726 1726 1725 1696 1697 -1
GCP,adapt_p60-00000000000001_a224-99999999999997_6_map.h5,6.27274,10,67,1143,30.000000:225.000000,1331,False,106,3,1010,0.315198,4.96573,0,0.0138448,1072 1010 -1
GCP,adapt_p35-659087696138755_a344-99999999999994_397_map.h5,8.89032,10,452,383,54.340912:345.000000,1609,True,9,6,1609,0.999985,8.24967,0,0.0124832,1649 1649 1650 1609 1608 -1
GCP,adapt_p60-00000000000001_a90-0_130_map.h5,7.78266,10,189,794,30.000000:90.000000,1309,True,26,5,1309,0.879175,7.26863,0,0.0131935,1245 1246 1309 1308 -1
GCP,adapt_p60-00000000000001_a22-5_161_map.h5,7.86301,10,291,710,30.000000:22.500000,1298,True,15,5,1234,0.954645,7.29556,0,0.0128093,1298 1297 1234 1235 -1
GCP,adapt_p11-715852394892384_a45-0_249_map.h5,7.86028,10,285,750,78.284149:45.000000,1766,True,17,5,1746,0.948392,7.05979,0,0.0125291,1782 1766 1746 1747 -1
GCP,adapt_p80-40593177313954_a22-5_266_map.h5,8.79132,10,272,358,9.594069:22.500000,1038,True,17,5,1038,0.94828,7.35088,0,0.0124806,1037 970 1038 971 -1
GCP,adapt_p60-00000000000001_a157-5_548_map.h5,5.81411,10,429,1445,30.000000:157.500000,1320,True,20,4,1378,0.79831,4.86879,0,0.0127147,1258 1320 1378 -1
GCP,adapt_p70-52877936550931_a101-24999999999999_446_map.h5,8.81266,10,227,375,19.471220:101.250000,1185,True,24,5,1119,0.884146,7.37282,0,0.0131615,1249 1185 1119 1118 -1
GCP,adapt_p70-52877936550931_a146-25_361_map.h5,7.82227,10,281,781,19.471220:146.250000,1193,True,22,5,1193,0.831206,7.25272,0,0.0125378,1257 1256 1193 1192 -1
GCP,adapt_p23-556464309101234_a22-5_450_map.h5,7.89757,10,690,773,66.443535:22.500000,1689,True,9,5,1689,0.992423,7.28946,0,0.0132239,1652 1653 1689 1652 -1
GCP,adapt_p48-18968510422141_a348-74999999999994_470_map.h5,7.81634,10,327,783,41.810314:348.750000,1517,True,23,5,1466,0.922685,7.28345,0,0.0124765,1516 1517 1465 1466 -1
GCP,adapt_p80-40593177313954_a90-0_29_map.h5,7.86412,10,407,753,9.594069:90.000000,1051,True,15,4,1051,0.921452,4.91109,0,0.0126955,984 1051 1050 -1
GCP,adapt_p48-18968510422141_a33-75_9_map.h5,5.82431,10,238,1499,41.810314:33.750000,1471,False,21,4,1417,0.84271,4.88089,0,0.0125067,1416 1417 1418 -1
GCP,adapt_p11-715852394892384_a315-0_61_map.h5,6.84628,10,292,1090,78.284149:315.000000,1778,True,20,4,1779,0.904038,4.69391,0,0.0125422,1762 1778 1779 -1
GCP,adapt_p80-40593177313954_a112-49999999999999_542_map.h5,6.87107,10,516,1091,9.594069:112.500000,1055,True,15,4,1055,0.913027,4.82202,0,0.0127716,1056 1055 1121 -1
GCP,adapt_p70-52877936550931_a348-74999999999994_101_map.h5,6.80396,10,260,1129,19.471220:348.750000,1229,False,26,4,1165,0.706958,4.90627,0,0.0128667,1034 1166 1165 -1
GCP,adapt_p60-00000000000001_a135-0_431_map.h5,6.84807,10,491,1160,30.000000:135.000000,1316,False,16,4,1375,0.768938,4.84324,0,0.012745,1433 1376 1375 -1
GCP,adapt_p80-40593177313954_a292-5_450_map.h5,5.81329,10,267,1454,9.594069:292.500000,1088,False,21,4,1089,0.867616,4.91066,0,0.0125042,1022 1090 1089 -1
GCP,adapt_p35-659087696138755_a224-99999999999997_560_map.h5,8.83729,10,304,405,54.340912:225.000000,1594,True,15,6,1594,0.925659,8.33059,0,0.0125231,1548 1548 1594 1549 1499 -1
GCP,adapt_p48-18968510422141_a123-74999999999999_212_map.h5,5.75796,10,316,1454,41.810314:123.750000,1484,True,30,4,1484,0.547084,4.88163,0,0.012843,1372 1430 1484 -1
GCP,adapt_p70-52877936550931_a101-24999999999999_91_map.h5,6.70684,10,163,1140,19.471220:101.250000,1185,True,39,4,1249,0.531619,5.07787,0,0.0129755,1311 1249 1185 -1
GCP,adapt_p70-52877936550931_a78-75_452_map.h5,7.88645,10,571,719,19.471220:78.750000,1181,True,11,5,1180,0.954263,5.92008,0,0.0123642,1181 1181 1244 1180 -1
GCP,adapt_p23-556464309101234_a202-5_140_map.h5,7.8864,10,538,694,66.443535:202.500000,1704,True,10,5,1704,0.992752,7.27961,0,0.012413,1671 1670 1704 1671 -1
GCP,adapt_p23-556464309101234_a112-5_452_map.h5,7.8784,10,397,735,66.443535:112.500000,1697,False,11,5,1662,0.989093,5.7889,0,0.0123825,1623 1623 1661 1662 -1
GCP,adapt_p60-00000000000001_a22-5_264_map.h5,7.87728,10,487,817,30.000000:22.500000,1298,True,12,5,1298,0.984224,5.84165,0,0.012524,1235 1235 1298 1297 -1
GCP,adapt_p70-52877936550931_a146-25_14_map.h5,7.5962,10,112,359,19.471220:146.250000,1193,False,211,3,1203,0.212405,7.0073,0,0.0163935,1128 1203 -1
GCP,adapt_p11-715852394892384_a315-0_331_map.h5,7.76764,10,178,822,78.284149:315.000000,1778,False,28,5,1740,0.831959,7.3518,0,0.0131609,1714 1741 1740 1762 -1
GCP,adapt_p48-18968510422141_a11-25_552_map.h5,5.84307,10,303,1511,41.810314:11.250000,1468,True,17,4,1468,0.772138,4.84764,0,0.0127265,1467 1468 1520 -1
GCP,adapt_p48-18968510422141_a348-74999999999994_587_map.h5,8.88598,10,497,350,41.810314:348.750000,1517,True,10,6,1517,0.998411,8.38559,0,0.0128296,1465 1465 1516 1517 1466 -1
GCP,adapt_p35-659087696138755_a14-999999999999998_464_map.h5,7.85093,10,310,754,54.340912:15.000000,1568,True,15,5,1568,0.978203,7.25376,0,0.0128779,1520 1521 1568 1569 -1
GCP,adapt_p80-40593177313954_a180-0_93_map.h5,6.78063,10,260,1119,9.594069:180.000000,1067,False,22,4,1000,0.821896,4.81668,0,0.0131706,933 1000 1001 -1
GCP,adapt_p60-00000000000001_a337-49999999999994_202_map.h5,7.83834,10,389,687,30.000000:337.500000,1350,True,18,5,1408,0.972572,7.22496,0,0.0124733,1463 1407 1408 1350 -1
GCP,adapt_p80-40593177313954_a315-0_148_map.h5,6.85529,10,590,1171,9.594069:315.000000,1093,True,13,4,1158,0.643957,4.95595,0,0.0125057,1094 1093 1158 -1
GCP,adapt_p70-52877936550931_a236-25_202_map.h5,6.38992,10,137,1157,19.471220:236.250000,1209,False,86,4,1082,0.184702,5.22986,0,0.0139121,1011 1078 1145 -1
GCP,adapt_p60-00000000000001_a67-5_405_map.h5,6.86991,10,577,1108,30.000000:67.500000,1305,True,12,5,1305,0.968789,5.80384,0,0.0128995,1242 1242 1305 1304 -1
GCP,adapt_p48-18968510422141_a236-25_335_map.h5,8.74226,10,140,387,41.810314:236.250000,1501,False,34,5,1499,0.807887,7.20826,0,0.0125295,1548 1549 1499 1500 -1
GCP,adapt_p70-52877936550931_a146-25_193_map.h5,8.88223,10,378,358,19.471220:146.250000,1193,True,14,6,1128,0.999545,8.29911,0,0.0125881,1194 1194 1193 1127 1128 -1
GCP,adapt_p48-18968510422141_a123-74999999999999_34_map.h5,7.88734,10,723,788,41.810314:123.750000,1484,True,10,5,1484,0.974405,5.7945,0,0.0134546,1535 1535 1484 1485 -1
GCP,adapt_p70-52877936550931_a258-75_504_map.h5,7.75931,10,171,712,19.471220:258.750000,1213,True,33,5,1276,0.732742,7.22619,0,0.0125091,1337 1276 1213 1212 -1
GCP,adapt_p80-40593177313954_a22-5_501_map.h5,7.66683,10,205,709,9.594069:22.500000,1038,False,43,4,1040,0.614522,4.94834,0,0.012968,1107 1040 1039 -1
GCP,adapt_p23-556464309101234_a22-5_307_map.h5,7.38134,10,121,738,66.443535:22.500000,1689,False,95,4,1691,0.386471,5.99166,0,0.0134632,1749 1691 1690 -1
GCP,adapt_p80-40593177313954_a22-5_158_map.h5,6.56095,10,117,697,9.594069:22.500000,1038,False,232,4,1173,0.304777,5.87214,0,0.0175948,1239 1173 1236 -1
GCP,adapt_p48-18968510422141_a258-75_450_map.h5,7.82887,10,289,746,41.810314:258.750000,1504,False,19,5,1451,0.935755,7.29927,0,0.0129886,1395 1394 1450 1451 -1
GCP,adapt_p70-52877936550931_a146-25_518_map.h5,8.74903,10,168,361,19.471220:146.250000,1193,False,32,5,1128,0.729831,7.93451,0,0.0127773,1195 1062 1128 1127 -1
GCP,adapt_p60-00000000000001_a135-0_474_map.h5,7.85303,10,429,749,30.000000:135.000000,1316,True,15,5,1317,0.849727,7.36023,0,0.0127815,1318 1376 1317 1316 -1
GCP,adapt_p60-00000000000001_a270-0_534_map.h5,7.88501,10,691,715,30.000000:270.000000,1339,True,10,5,1339,0.999059,7.4566,0,0.0127824,1338 1339 1397 1338 -1
GCP,adapt_p48-18968510422141_a258-75_79_map.h5,7.84423,10,318,785,41.810314:258.750000,1504,False,19,5,1394,0.938997,7.23531,0,0.0125786,1337 1395 1451 1394 -1
GCP,adapt_p23-556464309101234_a247-49999999999997_535_map.h5,5.09798,10,109,1525,66.443535:247.500000,1708,False,131,3,1734,0.148054,3.07022,0,0.0146005,1672 1734 -1
GCP,adapt_p80-40593177313954_a247-49999999999997_8_map.h5,7.84226,10,320,770,9.594069:247.500000,1080,True,19,5,1079,0.961556,7.49443,0,0.0125563,1078 1079 1080 1145 -1
GCP,adapt_p60-00000000000001_a67-5_133_map.h5,7.85741,10,344,735,30.000000:67.500000,1305,True,12,5,1305,0.959281,7.45526,0,0.0123857,1304 1305 1242 1304 -1
GCP,adapt_p60-00000000000001_a315-0_325_map.h5,8.88598,10,552,402,30.000000:315.000000,1346,True,10,6,1405,0.999785,8.26825,0,0.0128393,1347 1347 1346 1404 1405 -1
GCP,adapt_p60-00000000000001_a315-0_272_map.h5,6.83806,10,458,1168,30.000000:315.000000,1346,True,16,4,1345,0.612393,4.80303,0,0.0127428,1284 1345 1346 -1
GCP,adapt_p48-18968510422141_a146-25_244_map.h5,8.88322,10,434,365,41.810314:146.250000,1488,True,9,6,1434,0.998254,8.25369,0,0.0125667,1488 1488 1487 1434 1435 -1
GCP,adapt_p11-715852394892384_a315-0_272_map.h5,6.87797,10,431,1139,78.284149:315.000000,1778,False,11,5,1762,0.987685,5.71883,0,0.0128242,1779 1779 1763 1762 -1
GCP,adapt_p80-40593177313954_a270-0_303_map.h5,7.84691,10,664,713,9.594069:270.000000,1084,True,12,5,1084,0.995889,5.91194,0,0.0128945,1016 1016 1084 1083 -1
GCP,adapt_p60-00000000000001_a224-99999999999997_519_map.h5,6.87456,10,562,1190,30.000000:225.000000,1331,True,12,4,1390,0.969945,4.82584,0,0.0132554,1331 1332 1390 -1
GCP,adapt_p35-659087696138755_a165-0_102_map.h5,8.81819,10,310,408,54.340912:165.000000,1587,True,19,5,1587,0.922553,7.19504,0,0.0126104,1667 1629 1586 1587 -1
GCP,adapt_p11-715852394892384_a315-0_557_map.h5,8.88233,10,354,379,78.284149:315.000000,1778,False,12,5,1763,0.994234,5.71751,0,0.0124774,1741 1741 1763 1762 -1
GCP,adapt_p11-715852394892384_a315-0_220_map.h5,7.89135,10,506,707,78.284149:315.000000,1778,True,10,5,1762,0.995317,5.73555,0,0.0124429,1778 1778 1762 1763 -1
GCP,adapt_p11-715852394892384_a315-0_476_map.h5,7.88931,10,559,764,78.284149:315.000000,1778,False,9,5,1763,0.927683,5.71795,0,0.0124921,1779 1779 1763 1762 -1
GCP,adapt_p60-00000000000001_a22-5_455_map.h5,7.89846,10,526,728,30.000000:22.500000,1298,False,10,5,1297,0.980568,7.33981,0,0.012329,1233 1234 1297 1233 -1
GCP,adapt_p60-00000000000001_a0-0_579_map.h5,5.73516,10,330,1421,30.000000:0.000000,1294,False,27,4,1355,0.59659,5.46414,0,0.0126452,1411 1355 1296 -1
GCP,adapt_p70-52877936550931_a213-75_2_map.h5,5.83716,10,419,1487,19.471220:213.750000,1205,True,17,4,1204,0.644605,4.91929,0,0.0126458,1205 1204 1203 -1
GCP,adapt_p60-00000000000001_a337-49999999999994_511_map.h5,6.87099,10,529,1177,30.000000:337.500000,1350,True,12,5,1350,0.99097,5.86402,0,0.0128321,1408 1408 1350 1351 -1
GCP,adapt_p23-556464309101234_a202-5_102_map.h5,6.87811,10,544,1164,66.443535:202.500000,1704,True,10,4,1705,0.905317,4.79755,0,0.0126791,1704 1705 1671 -1
GCP,adapt_p60-00000000000001_a135-0_271_map.h5,6.80626,10,436,1157,30.000000:135.000000,1316,False,23,4,1318,0.826447,4.90741,0,0.0125534,1319 1318 1317 -1
GCP,adapt_p48-18968510422141_a213-75_480_map.h5,5.41792,10,255,1508,41.810314:213.750000,1497,False,71,3,1547,0.286864,3.53488,0,0.0129035,1544 1547 -1
GCP,adapt_p35-659087696138755_a344-99999999999994_234_map.h5,8.89975,10,717,367,54.340912:345.000000,1609,True,6,6,1609,0.999999,8.25025,0,0.0130658,1649 1649 1650 1609 1608 -1
GCP,adapt_p60-00000000000001_a292-5_76_map.h5,6.86942,10,648,1139,30.000000:292.500000,1343,True,12,5,1342,0.983853,5.80752,0,0.0123932,1281 1281 1342 1343 -1
GCP,adapt_p48-18968510422141_a101-24999999999999_320_map.h5,8.89726,10,618,340,41.810314:101.250000,1481,True,7,6,1428,0.999994,8.27931,0,0.012542,1427 1427 1428 1482 1481 -1
GCP,adapt_p23-556464309101234_a157-5_12_map.h5,8.8974,10,600,365,66.443535:157.500000,1701,True,9,6,1700,0.999869,8.35266,0,0.0123872,1666 1666 1701 1700 1665 -1
GCP,adapt_p11-715852394892384_a225-0_0_map.h5,8.72729,10,166,396,78.284149:225.000000,1774,True,36,5,1733,0.761745,7.21017,0,0.0135282,1774 1756 1757 1733 -1
GCP,adapt_p60-00000000000001_a270-0_550_map.h5,8.88926,10,471,369,30.000000:270.000000,1339,True,10,6,1339,0.997918,8.55095,0,0.0135602,1278 1278 1340 1339 1277 -1
GCP,adapt_p11-715852394892384_a135-0_217_map.h5,7.82394,10,243,793,78.284149:135.000000,1770,True,24,5,1770,0.790311,7.0338,0,0.0128852,1750 1769 1770 1751 -1
GCP,adapt_p23-556464309101234_a67-5_206_map.h5,6.86497,10,516,1051,66.443535:67.500000,1693,True,11,5,1722,0.959086,5.85312,0,0.012831,1692 1692 1722 1693 -1
GCP,adapt_p80-40593177313954_a247-49999999999997_469_map.h5,7.78425,10,210,758,9.594069:247.500000,1080,True,27,5,1081,0.867702,7.36373,0,0.0125621,1015 1082 1081 1080 -1
GCP,adapt_p80-40593177313954_a45-0_368_map.h5,7.86846,10,527,724,9.594069:45.000000,1042,True,14,5,1042,0.973141,7.40754,0,0.0133505,1043 1042 1041 1108 -1
GCP,adapt_p60-00000000000001_a22-5_535_map.h5,7.75493,10,183,788,30.000000:22.500000,1298,False,31,5,1297,0.76609,7.29471,0,0.0128975,1170 1233 1296 1297 -1
GCP,adapt_p80-40593177313954_a337-49999999999994_73_map.h5,7.79822,10,354,736,9.594069:337.500000,1097,True,23,5,1097,0.791832,7.28581,0,0.0125931,1227 1162 1096 1097 -1
GCP,adapt_p35-659087696138755_a224-99999999999997_417_map.h5,5.87107,10,504,1440,54.340912:225.000000,1594,True,11,4,1594,0.973406,4.78005,0,0.0146972,1593 1594 1636 -1
GCP,adapt_p48-18968510422141_a326-24999999999994_44_map.h5,8.88641,10,392,318,41.810314:326.250000,1514,True,11,6,1514,0.985426,8.24173,0,0.0123769,1463 1463 1462 1514 1513 -1
GCP,adapt_p70-52877936550931_a11-25_13_map.h5,8.89993,10,705,374,19.471220:11.250000,1169,True,9,6,1169,0.999706,8.40631,0,0.0128832,1103 1103 1170 1169 1102 -1
GCP,adapt_p80-40593177313954_a202-49999999999997_6_map.h5,4.35354,10,109,1074,9.594069:202.500000,1072,False,425,2,1135,0,0.0307361,0,0.0307361,1063 -1
GCP,adapt_p70-52877936550931_a303-75_380_map.h5,6.85222,10,613,1105,19.471220:303.750000,1221,True,13,4,1221,0.957837,4.81856,0,0.0126003,1157 1156 1221 -1
GCP,adapt_p48-18968510422141_a101-24999999999999_403_map.h5,8.90612,10,799,368,41.810314:101.250000,1481,True,7,6,1428,0.999992,8.27886,0,0.0126747,1481 1481 1482 1428 1427 -1
GCP,adapt_p70-52877936550931_a326-24999999999994_588_map.h5,7.87588,10,401,768,19.471220:326.250000,1225,True,12,5,1225,0.991977,5.85838,0,0.0129523,1161 1161 1226 1225 -1
GCP,adapt_p35-659087696138755_a14-999999999999998_182_map.h5,8.89439,10,662,353,54.340912:15.000000,1568,True,8,6,1568,0.999788,8.39552,0,0.0123945,1612 1612 1567 1568 1613 -1
GCP,adapt_p48-18968510422141_a213-75_512_map.h5,7.87027,10,566,813,41.810314:213.750000,1497,False,13,5,1445,0.994554,7.26079,0,0.0125373,1387 1388 1445 1444 -1
GCP,adapt_p23-556464309101234_a22-5_232_map.h5,6.85907,10,470,1108,66.443535:22.500000,1689,True,15,4,1689,0.764185,4.89176,0,0.0127253,1652 1689 1719 -1
GCP,adapt_p48-18968510422141_a146-25_243_map.h5,7.68614,10,194,712,41.810314:146.250000,1488,False,43,5,1492,0.724402,7.48982,0,0.0126716,1440 1492 1491 1542 -1
GCP,adapt_p48-18968510422141_a78-75_6_map.h5,8.88432,10,406,392,41.810314:78.750000,1478,True,12,6,1424,0.997468,8.22922,0,0.0124839,1423 1423 1424 1478 1477 -1
GCP,adapt_p60-00000000000001_a112-49999999999999_288_map.h5,7.87619,10,497,740,30.000000:112.500000,1313,True,13,5,1313,0.917823,7.24844,0,0.0126167,1373 1372 1313 1314 -1
GCP,adapt_p35-659087696138755_a135-0_199_map.h5,7.89354,10,685,804,54.340912:135.000000,1583,True,8,5,1626,0.999795,5.77067,0,0.0132446,1583 1583 1626 1625 -1
GCP,adapt_p80-40593177313954_a270-0_128_map.h5,7.88415,10,547,734,9.594069:270.000000,1084,True,11,5,1084,0.943761,5.83691,0,0.0126539,1150 1150 1084 1083 -1
GCP,adapt_p70-52877936550931_a146-25_545_map.h5,7.79036,10,309,714,19.471220:146.250000,1193,False,26,5,1129,0.83516,7.19686,0,0.0124332,1063 1129 1128 1194 -1
GCP,adapt_p80-40593177313954_a112-49999999999999_43_map.h5,7.56651,10,272,732,9.594069:112.500000,1055,False,60,4,1187,0.614353,6.40467,0,0.0133061,1051 1121 1187 -1
GCP,adapt_p11-715852394892384_a45-0_488_map.h5,6.88757,10,592,1081,78.284149:45.000000,1766,True,10,4,1766,0.956044,4.67654,0,0.0132219,1746 1766 1765 -1
GCP,adapt_p70-52877936550931_a326-24999999999994_254_map.h5,1.49474,10,10,343,19.471220:326.250000,1225,False,1800,2,1687,0,0.315988,0,0.315988,1334 -1
GCP,adapt_p48-18968510422141_a33-75_209_map.h5,8.82143,10,192,393,41.810314:33.750000,1471,True,20,5,1417,0.901365,7.23645,0,0.01237,1470 1471 1417 1418 -1
GCP,adapt_p70-52877936550931_a11-25_517_map.h5,6.84191,10,529,1142,19.471220:11.250000,1169,False,17,4,1167,0.832057,5.36408,0,0.0129411,1294 1167 1168 -1
GCP,adapt_p48-18968510422141_a191-25_563_map.h5,8.87135,10,323,377,41.810314:191.250000,1494,False,13,5,1441,0.978664,7.51393,0,0.0124481,1442 1441 1440 1384 -1
GCP,adapt_p70-52877936550931_a258-75_424_map.h5,6.24658,10,103,779,19.471220:258.750000,1213,False,255,2,1097,0,0.0191757,0,0.0191757,1047 -1
GCP,adapt_p60-00000000000001_a202-49999999999997_498_map.h5,5.77549,10,260,1525,30.000000:202.500000,1328,False,26,4,1386,0.646348,4.85134,0,0.0133556,1265 1327 1386 -1
GCP,adapt_p23-556464309101234_a67-5_114_map.h5,7.85182,10,460,754,66.443535:67.500000,1693,True,16,5,1724,0.929395,7.19062,0,0.0130138,1693 1694 1723 1724 -1
GCP,adapt_p80-40593177313954_a247-49999999999997_143_map.h5,7.8252,10,312,715,9.594069:247.500000,1080,True,20,5,1080,0.904476,7.27363,0,0.012622,1145 1146 1080 1081 -1
GCP,adapt_p70-52877936550931_a258-75_12_map.h5,7.87209,10,514,747,19.471220:258.750000,1213,True,13,5,1213,0.991064,7.25992,0,0.0127146,1149 1148 1213 1214 -1
GCP,adapt_p35-659087696138755_a75-0_514_map.h5,7.86193,10,356,813,54.340912:75.000000,1576,True,14,5,1576,0.993781,7.37198,0,0.012873,1620 1577 1530 1576 -1
GCP,adapt_p48-18968510422141_a78-75_538_map.h5,7.27396,10,87,751,41.810314:78.750000,1478,False,111,4,1310,0.448207,6.4504,0,0.0139027,1054 1310 1369 -1
GCP,adapt_p35-659087696138755_a285-0_203_map.h5,7.79627,10,209,757,54.340912:285.000000,1601,True,24,5,1601,0.928447,7.34923,0,0.0125306,1643 1601 1600 1556 -1
GCP,adapt_p48-18968510422141_a258-75_132_map.h5,7.28159,10,83,387,41.810314:258.750000,1504,False,272,4,1452,0.363541,6.39135,0,0.020826,1508 1452 1396 -1
GCP,adapt_p80-40593177313954_a157-5_515_map.h5,6.87098,10,547,1213,9.594069:157.500000,1063,True,14,4,1062,0.96879,4.80996,0,0.0128087,1128 1062 1063 -1
GCP,adapt_p60-00000000000001_a0-0_174_map.h5,5.86302,10,475,1510,30.000000:0.000000,1294,True,12,4,1294,0.950444,4.90132,0,0.012774,1231 1294 1295 -1
GCP,adapt_p48-18968510422141_a303-75_333_map.h5,7.78677,10,358,781,41.810314:303.750000,1510,True,17,5,1560,0.9329,7.21257,0,0.0130327,1561 1560 1511 1510 -1
GCP,adapt_p60-00000000000001_a22-5_184_map.h5,6.87399,10,515,1136,30.000000:22.500000,1298,True,13,4,1357,0.935807,4.85868,0,0.0128075,1297 1298 1357 -1
GCP,adapt_p80-40593177313954_a112-49999999999999_200_map.h5,7.75845,10,439,788,9.594069:112.500000,1055,True,13,5,1055,0.918197,7.37236,0,0.0123782,987 988 1056 1055 -1
GCP,adapt_p35-659087696138755_a344-99999999999994_500_map.h5,8.88012,10,415,361,54.340912:345.000000,1609,True,10,6,1649,0.992329,8.22642,0,0.0126621,1609 1609 1608 1649 1648 -1
GCP,adapt_p80-40593177313954_a135-0_435_map.h5,7.76938,10,326,725,9.594069:135.000000,1059,True,27,5,1059,0.857972,7.26589,0,0.0134376,1126 1060 1059 1058 -1
GCP,adapt_p35-659087696138755_a344-99999999999994_369_map.h5,7.88647,10,504,746,54.340912:345.000000,1609,True,10,5,1608,0.999689,5.81077,0,0.0123397,1649 1649 1608 1609 -1
GCP,adapt_p48-18968510422141_a236-25_47_map.h5,7.4379,10,207,790,41.810314:236.250000,1501,False,73,3,1562,0.249737,7.33045,0,0.012934,1551 1562 -1
GCP,adapt_p35-659087696138755_a224-99999999999997_44_map.h5,6.45503,10,123,1132,54.340912:225.000000,1594,False,85,4,1550,0.589214,5.97599,0,0.0137937,1675 1550 1549 -1
GCP,adapt_p70-52877936550931_a191-25_463_map.h5,7.82552,10,351,767,19.471220:191.250000,1201,False,20,5,1137,0.848079,7.25874,0,0.0122925,1138 1137 1071 1070 -1
GCP,adapt_p60-00000000000001_a90-0_24_map.h5,6.7513,10,294,1112,30.000000:90.000000,1309,False,31,4,1368,0.607912,4.79243,0,0.0125173,1310 1369 1368 -1
GCP,adapt_p70-52877936550931_a78-75_599_map.h5,8.50926,10,172,368,19.471220:78.750000,1181,True,66,4,1180,0.414115,6.75692,0,0.0135531,1311 1181 1180 -1
GCP,adapt_p48-18968510422141_a33-75_369_map.h5,8.88552,10,528,358,41.810314:33.750000,1471,True,11,6,1471,0.990232,8.22227,0,0.0131713,1524 1524 1523 1471 1472 -1
GCP,adapt_p35-659087696138755_a165-0_394_map.h5,7.57838,10,91,781,54.340912:165.000000,1587,False,59,5,1629,0.760518,7.55017,0,0.0134358,1584 1628 1629 1630 -1
GCP,adapt_p70-52877936550931_a33-75_7_map.h5,8.61679,10,106,394,19.471220:33.750000,1173,False,53,5,1172,0.664656,7.26276,0,0.0130356,1298 1235 1172 1171 -1
GCP,adapt_p11-715852394892384_a45-0_13_map.h5,6.90355,10,76,768,78.284149:45.000000,1766,False,173,4,1371,0.385786,5.50235,0,0.0151681,1315 1372 1371 -1
GCP,adapt_p23-556464309101234_a337-5_134_map.h5,5.77789,10,276,1428,66.443535:337.500000,1716,True,28,4,1742,0.586227,4.73126,0,0.0129122,1716 1742 1764 -1
GCP,adapt_p23-556464309101234_a67-5_142_map.h5,6.82325,10,227,1141,66.443535:67.500000,1693,True,19,4,1693,0.765762,4.81377,0,0.0125549,1694 1693 1657 -1
GCP,adapt_p48-18968510422141_a123-74999999999999_25_map.h5,8.33656,10,141,359,41.810314:123.750000,1484,False,90,5,1582,0.731855,7.77689,0,0.0132566,1533 1581 1582 1625 -1
GCP,adapt_p35-659087696138755_a195-0_370_map.h5,8.90339,10,841,372,54.340912:195.000000,1590,False,6,6,1633,0.999999,8.20343,0,0.0124088,1632 1632 1633 1670 1671 -1
GCP,adapt_p70-52877936550931_a101-24999999999999_428_map.h5,7.65705,10,198,736,19.471220:101.250000,1185,False,44,4,1249,0.489885,5.84531,0,0.0127791,1309 1249 1186 -1
GCP,adapt_p60-00000000000001_a67-5_83_map.h5,8.87703,10,468,348,30.000000:67.500000,1305,False,11,6,1364,0.991371,8.5488,0,0.0127574,1422 1422 1363 1364 1365 -1
GCP,adapt_p35-659087696138755_a14-999999999999998_527_map.h5,8.853,10,504,343,54.340912:15.000000,1568,True,10,6,1568,0.999967,8.39592,0,0.0127984,1612 1612 1567 1568 1613 -1
GCP,adapt_p60-00000000000001_a202-49999999999997_275_map.h5,7.47084,10,94,821,30.000000:202.500000,1328,False,76,4,1326,0.670021,5.50763,0,0.0129891,1267 1327 1326 -1
GCP,adapt_p70-52877936550931_a326-24999999999994_566_map.h5,5.77537,10,232,1496,19.471220:326.250000,1225,False,25,4,1162,0.868642,4.91151,0,0.0124514,1160 1161 1162 -1
GCP,adapt_p80-40593177313954_a135-0_191_map.h5,6.02058,10,198,690,9.594069:135.000000,1059,False,309,2,991,0,0.0221429,0,0.0221429,1703 -1
GCP,adapt_p60-00000000000001_a202-49999999999997_228_map.h5,7.54667,10,179,711,30.000000:202.500000,1328,False,62,4,1443,0.428096,5.47498,0,0.0131644,1441 1443 1444 -1
GCP,adapt_p48-18968510422141_a191-25_169_map.h5,5.81436,10,423,1401,41.810314:191.250000,1494,False,21,4,1441,0.763175,5.09354,0,0.012448,1492 1440 1441 -1
GCP,adapt_p48-18968510422141_a258-75_20_map.h5,8.85228,10,706,345,41.810314:258.750000,1504,True,8,6,1451,0.999998,8.27386,0,0.0125227,1452 1452 1451 1503 1504 -1
GCP,adapt_p60-00000000000001_a315-0_442_map.h5,6.8223,10,462,1171,30.000000:315.000000,1346,True,22,4,1345,0.712111,4.90736,0,0.0125048,1347 1346 1345 -1
GCP,adapt_p80-40593177313954_a315-0_34_map.h5,6.82899,10,400,1125,9.594069:315.000000,1093,True,18,4,1159,0.796869,4.86887,0,0.0128191,1158 1159 1093 -1
GCP,adapt_p48-18968510422141_a146-25_484_map.h5,6.81227,10,311,1197,41.810314:146.250000,1488,True,22,4,1488,0.6357,4.96845,0,0.0125418,1489 1488 1434 -1
GCP,adapt_p80-40593177313954_a45-0_303_map.h5,6.5515,10,69,723,9.594069:45.000000,1042,False,222,3,1428,0.332009,5.26363,0,0.0180555,1724 1428 -1
GCP,adapt_p48-18968510422141_a11-25_81_map.h5,8.88489,10,472,395,41.810314:11.250000,1468,False,12,6,1413,0.999832,8.30622,0,0.0129051,1354 1354 1355 1413 1412 -1
GCP,adapt_p60-00000000000001_a157-5_272_map.h5,6.86525,10,614,1047,30.000000:157.500000,1320,False,14,4,1379,0.713391,4.90738,0,0.0125372,1380 1321 1379 -1
GCP,adapt_p35-659087696138755_a45-0_120_map.h5,7.87503,10,339,770,54.340912:45.000000,1572,True,13,5,1617,0.908281,7.19614,0,0.0127699,1572 1573 1617 1616 -1
GCP,adapt_p35-659087696138755_a105-0_364_map.h5,6.87261,10,494,1122,54.340912:105.000000,1579,True,11,5,1580,0.996547,5.81349,0,0.0131982,1623 1623 1580 1579 -1
GCP,adapt_p70-52877936550931_a33-75_384_map.h5,5.94319,10,93,1171,19.471220:33.750000,1173,False,144,4,1106,0.471437,5.37253,0,0.0145656,1236 1106 1105 -1
GCP,adapt_p60-00000000000001_a180-0_299_map.h5,5.76883,10,363,1553,30.000000:180.000000,1324,True,27,4,1324,0.617177,5.11343,0,0.0129943,1323 1324 1263 -1
GCP,adapt_p48-18968510422141_a123-74999999999999_504_map.h5,7.88019,10,297,717,41.810314:123.750000,1484,True,13,5,1485,0.97439,7.28346,0,0.0126251,1431 1432 1485 1484 -1
GCP,adapt_p80-40593177313954_a247-49999999999997_178_map.h5,8.89313,10,725,361,9.594069:247.500000,1080,True,10,6,1081,0.999891,8.2755,0,0.0126678,1147 1147 1146 1080 1081 -1
GCP,adapt_p80-40593177313954_a157-5_446_map.h5,5.83933,10,522,1516,9.594069:157.500000,1063,True,17,4,1063,0.956111,4.91712,0,0.0124786,1062 1063 1064 -1
GCP,adapt_p70-52877936550931_a101-24999999999999_214_map.h5,7.87803,10,415,771,19.471220:101.250000,1185,True,14,5,1184,0.956085,7.25822,0,0.0127643,1119 1118 1184 1185 -1
GCP,adapt_p60-00000000000001_a270-0_3_map.h5,7.77229,10,357,772,30.000000:270.000000,1339,True,26,5,1277,0.854762,7.38672,0,0.0125239,1215 1277 1338 1339 -1
GCP,adapt_p80-40593177313954_a337-49999999999994_384_map.h5,8.79613,10,306,345,9.594069:337.500000,1097,True,24,5,1095,0.881299,7.33389,0,0.012677,1097 1096 1095 1161 -1
GCP,adapt_p60-00000000000001_a337-49999999999994_26_map.h5,7.85936,10,451,735,30.000000:337.500000,1350,True,14,5,1351,0.981797,7.29111,0,0.0124607,1289 1290 1351 1350 -1
GCP,adapt_p11-715852394892384_a315-0_232_map.h5,7.54778,10,118,751,78.284149:315.000000,1778,False,67,4,1740,0.385099,5.24264,0,0.0130439,1711 1739 1740 -1
GCP,adapt_p23-556464309101234_a247-49999999999997_571_map.h5,7.88813,10,739,763,66.443535:247.500000,1708,True,10,5,1708,0.992689,5.75464,0,0.0126767,1675 1675 1708 1709 -1
GCP,adapt_p80-40593177313954_a157-5_163_map.h5,5.83488,10,78,719,9.594069:157.500000,1063,False,350,2,1474,0,0.0247246,0,0.0247246,1590 -1
GCP,adapt_p11-715852394892384_a45-0_358_map.h5,8.90194,10,671,361,78.284149:45.000000,1766,True,7,6,1747,0.999948,8.04008,0,0.0128544,1767 1767 1766 1746 1747 -1
GCP,adapt_p35-659087696138755_a165-0_289_map.h5,6.84612,10,575,1139,54.340912:165.000000,1587,True,15,4,1587,0.94244,4.83434,0,0.0126925,1630 1587 1586 -1
GCP,adapt_p48-18968510422141_a213-75_339_map.h5,7.51054,10,148,689,41.810314:213.750000,1497,False,69,4,1633,0.598591,5.42498,0,0.0132652,1636 1634 1633 -1
GCP,adapt_p60-00000000000001_a292-5_196_map.h5,8.89267,10,711,388,30.000000:292.500000,1343,True,10,6,1342,0.996992,8.61221,0,0.0131411,1400 1400 1341 1342 1343 -1
GCP,adapt_p48-18968510422141_a326-24999999999994_259_map.h5,5.86501,10,492,1476,41.810314:326.250000,1514,True,11,4,1462,0.96125,4.81378,0,0.0127736,1463 1462 1514 -1
GCP,adapt_p80-40593177313954_a90-0_86_map.h5,8.82511,10,239,377,9.594069:90.000000,1051,True,22,5,1051,0.875247,7.88817,0,0.0126785,1117 1051 1050 1052 -1
GCP,adapt_p60-00000000000001_a180-0_103_map.h5,7.88593,10,475,683,30.000000:180.000000,1324,True,11,5,1324,0.990219,5.80306,0,0.0128651,1262 1262 1324 1325 -1
GCP,adapt_p35-659087696138755_a344-99999999999994_29_map.h5,7.81642,10,218,740,54.340912:345.000000,1609,True,23,5,1608,0.964794,7.20376,0,0.0134024,1565 1609 1608 1649 -1
GCP,adapt_p80-40593177313954_a247-49999999999997_225_map.h5,6.7182,10,192,1137,9.594069:247.500000,1080,False,38,4,1146,0.661006,5.0745,0,0.0137091,1212 1146 1145 -1
GCP,adapt_p70-52877936550931_a258-75_32_map.h5,5.84226,10,570,1513,19.471220:258.750000,1213,False,17,4,1148,0.834098,4.80854,0,0.0125714,1212 1147 1148 -1
GCP,adapt_p23-556464309101234_a67-5_82_map.h5,8.88394,10,390,397,66.443535:67.500000,1693,True,11,6,1693,0.998086,8.20019,0,0.012863,1722 1722 1692 1693 1657 -1
GCP,adapt_p35-659087696138755_a255-00000000000003_330_map.h5,8.84429,10,333,333,54.340912:255.000000,1598,True,16,5,1639,0.903364,7.19482,0,0.0125,1676 1639 1597 1598 -1
GCP,adapt_p60-00000000000001_a90-0_346_map.h5,8.90721,10,710,376,30.000000:90.000000,1309,True,8,6,1309,0.999971,8.24192,0,0.0125934,1368 1368 1367 1308 1309 -1
GCP,adapt_p70-52877936550931_a281-24999999999994_337_map.h5,8.90413,10,778,416,19.471220:281.250000,1217,True,8,6,1217,0.999986,8.45609,0,0.01268,1216 1216 1152 1217 1218 -1
GCP,adapt_p35-659087696138755_a224-99999999999997_424_map.h5,8.85695,10,438,384,54.340912:225.000000,1594,True,13,6,1636,0.998193,8.19475,0,0.0128648,1593 1593 1594 1636 1635 -1
GCP,adapt_p60-00000000000001_a67-5_517_map.h5,5.7168,10,186,1426,30.000000:67.500000,1305,False,38,4,1364,0.625011,4.88722,0,0.0130068,1362 1363 1364 -1
GCP,adapt_p60-00000000000001_a112-49999999999999_248_map.h5,7.85723,10,517,741,30.000000:112.500000,1313,True,13,5,1313,0.974256,7.24884,0,0.0125713,1312 1313 1372 1371 -1
GCP,adapt_p35-659087696138755_a195-0_222_map.h5,6.43275,10,97,1109,54.340912:195.000000,1590,False,81,4,1495,0.491965,5.39297,0,0.0130689,1592 1545 1495 -1
GCP,adapt_p35-659087696138755_a344-99999999999994_337_map.h5,7.84217,10,303,764,54.340912:345.000000,1609,True,18,5,1608,0.961662,7.2248,0,0.01264,1650 1649 1608 1609 -1
GCP,adapt_p60-00000000000001_a337-49999999999994_228_map.h5,6.88014,10,569,1150,30.000000:337.500000,1350,True,10,4,1350,0.970724,4.85204,0,0.0126379,1407 1408 1350 -1
GCP,adapt_p70-52877936550931_a236-25_557_map.h5,7.78353,10,308,713,19.471220:236.250000,1209,False,28,5,1273,0.823042,7.24713,0,0.0132566,1334 1272 1273 1210 -1
GCP,adapt_p70-52877936550931_a11-25_398_map.h5,5.90526,10,72,1182,19.471220:11.250000,1169,False,152,2,1151,0,0.0145005,0,0.0145005,1029 -1
GCP,adapt_p35-659087696138755_a255-00000000000003_445_map.h5,6.86414,10,425,1087,54.340912:255.000000,1598,False,12,5,1640,0.975902,5.81184,0,0.0126484,1676 1676 1639 1640 -1
GCP,adapt_p80-40593177313954_a112-49999999999999_412_map.h5,6.86905,10,564,1155,9.594069:112.500000,1055,True,12,5,1055,0.996686,5.91181,0,0.0127662,987 987 1055 1054 -1
GCP,adapt_p48-18968510422141_a281-24999999999994_16_map.h5,7.86517,10,550,750,41.810314:281.250000,1507,True,14,5,1455,0.994531,7.22499,0,0.0126431,1506 1507 1455 1454 -1
GCP,adapt_p80-40593177313954_a112-49999999999999_41_map.h5,7.12239,10,79,727,9.594069:112.500000,1055,False,132,4,982,0.40261,6.38635,0,0.0141766,1054 983 982 -1
GCP,adapt_p35-659087696138755_a14-999999999999998_525_map.h5,8.88416,10,406,380,54.340912:15.000000,1568,True,9,6,1568,0.999022,8.25217,0,0.0126394,1613 1613 1612 1568 1569 -1
GCP,adapt_p35-659087696138755_a344-99999999999994_583_map.h5,6.87508,10,557,1146,54.340912:345.000000,1609,True,9,4,1609,0.873878,4.82499,0,0.0127175,1649 1650 1609 -1
GCP,adapt_p11-715852394892384_a45-0_368_map.h5,5.85525,10,397,1486,78.284149:45.000000,1766,True,15,4,1767,0.886349,4.70537,0,0.0125628,1783 1767 1766 -1
GCP,adapt_p60-00000000000001_a0-0_359_map.h5,5.77017,10,254,1454,30.000000:0.000000,1294,False,26,4,1293,0.603279,4.91931,0,0.0126308,1352 1353 1293 -1
GCP,adapt_p80-40593177313954_a157-5_429_map.h5,6.16372,10,176,1103,9.594069:157.500000,1063,False,114,3,1245,0.267168,5.35414,0,0.0138693,1122 1245 -1
GCP,adapt_p80-40593177313954_a45-0_114_map.h5,5.67998,10,293,1502,9.594069:45.000000,1042,True,30,4,975,0.586975,5.37148,0,0.0128205,1044 975 1042 -1
GCP,adapt_p23-556464309101234_a292-5_598_map.h5,8.88202,10,465,401,66.443535:292.500000,1712,True,10,6,1712,0.996818,8.31052,0,0.0127744,1679 1679 1712 1713 1680 -1
GCP,adapt_p23-556464309101234_a247-49999999999997_76_map.h5,8.8484,10,472,340,66.443535:247.500000,1708,True,10,6,1708,0.994928,8.36652,0,0.0123845,1675 1675 1709 1708 1735 -1
GCP,adapt_p60-00000000000001_a180-0_334_map.h5,7.89162,10,682,719,30.000000:180.000000,1324,True,10,5,1324,0.993555,5.89766,0,0.0132093,1382 1382 1323 1324 -1
GCP,adapt_p23-556464309101234_a292-5_386_map.h5,6.32142,10,130,1099,66.443535:292.500000,1712,False,100,3,1679,0.169169,4.39689,0,0.0134159,1674 1679 -1
GCP,adapt_p48-18968510422141_a78-75_130_map.h5,5.8469,10,269,1456,41.810314:78.750000,1478,True,17,4,1424,0.845457,4.79315,0,0.0129062,1477 1478 1424 -1
GCP,adapt_p35-659087696138755_a14-999999999999998_111_map.h5,6.85434,10,462,1136,54.340912:15.000000,1568,True,15,4,1568,0.811332,4.91071,0,0.0124608,1612 1568 1613 -1
GCP,adapt_p60-00000000000001_a247-49999999999997_219_map.h5,6.8539,10,508,1155,30.000000:247.500000,1335,True,14,4,1336,0.857021,4.90769,0,0.0128283,1337 1336 1335 -1
GCP,adapt_p23-556464309101234_a22-5_36_map.h5,7.83698,10,426,740,66.443535:22.500000,1689,True,19,5,1689,0.79289,7.10662,0,0.0128308,1653 1689 1719 1720 -1
GCP,adapt_p80-40593177313954_a22-5_226_map.h5,6.88306,10,649,1113,9.594069:22.500000,1038,True,9,5,1038,0.980738,5.90551,0,0.0127303,970 970 1038 971 -1
GCP,adapt_p70-52877936550931_a56-24999999999999_466_map.h5,8.86611,10,352,379,19.471220:56.250000,1177,True,14,6,1177,0.996125,8.29567,0,0.0126893,1240 1240 1241 1178 1177 -1
GCP,adapt_p48-18968510422141_a11-25_356_map.h5,8.88111,10,349,358,41.810314:11.250000,1468,True,11,6,1468,0.99711,8.2969,0,0.0126877,1414 1414 1413 1467 1468 -1
GCP,adapt_p60-00000000000001_a315-0_13_map.h5,7.84017,10,221,820,30.000000:315.000000,1346,True,19,5,1346,0.947606,7.24714,0,0.0126238,1286 1285 1346 1347 -1
GCP,adapt_p48-18968510422141_a348-74999999999994_66_map.h5,7.9932,10,91,352,41.810314:348.750000,1517,False,145,4,1411,0.328581,5.85255,0,0.0145381,1414 1411 1466 -1
GCP,adapt_p48-18968510422141_a78-75_20_map.h5,7.74211,10,159,747,41.810314:78.750000,1478,False,34,5,1424,0.738025,7.38777,0,0.0127083,1367 1424 1425 1479 -1
GCP,adapt_p70-52877936550931_a33-75_96_map.h5,8.86892,10,445,369,19.471220:33.750000,1173,True,13,6,1174,0.995675,8.31386,0,0.0128833,1238 1238 1237 1174 1173 -1
GCP,adapt_p60-00000000000001_a247-49999999999997_440_map.h5,5.08318,10,85,776,30.000000:247.500000,1335,False,436,2,948,0,0.0315162,0,0.0315162,1772 -1
GCP,adapt_p70-52877936550931_a258-75_177_map.h5,8.89947,10,558,387,19.471220:258.750000,1213,True,8,6,1147,0.999772,8.26196,0,0.0133373,1212 1212 1213 1148 1147 -1
GCP,adapt_p48-18968510422141_a168-74999999999997_419_map.h5,5.89217,10,873,1499,41.810314:168.750000,1491,False,7,4,1438,0.939936,3.44784,0,0.0126328,1437 1437 1438 -1
GCP,adapt_p70-52877936550931_a348-74999999999994_405_map.h5,7.88123,10,629,727,19.471220:348.750000,1229,True,10,5,1229,0.984712,5.90413,0,0.0135756,1292 1292 1229 1230 -1
GCP,adapt_p35-659087696138755_a165-0_130_map.h5,5.84458,10,424,1469,54.340912:165.000000,1587,True,15,5,1586,0.953143,5.81068,0,0.0122478,1629 1629 1586 1587 -1
GCP,adapt_p60-00000000000001_a180-0_338_map.h5,7.88319,10,699,712,30.000000:180.000000,1324,True,11,5,1324,0.985691,5.89898,0,0.0126425,1382 1382 1383 1324 -1
GCP,adapt_p80-40593177313954_a292-5_86_map.h5,8.86885,10,457,319,9.594069:292.500000,1088,True,13,6,1088,0.999189,8.298,0,0.0129376,1154 1154 1153 1087 1088 -1
GCP,adapt_p70-52877936550931_a78-75_89_map.h5,8.67065,10,210,358,19.471220:78.750000,1181,True,45,5,1181,0.698724,7.84163,0,0.0131691,1178 1243 1180 1181 -1
GCP,adapt_p48-18968510422141_a11-25_332_map.h5,8.89718,10,603,408,41.810314:11.250000,1468,True,7,6,1414,0.999672,8.40739,0,0.0126324,1468 1468 1413 1414 1469 -1
GCP,adapt_p48-18968510422141_a348-74999999999994_202_map.h5,6.88063,10,459,1125,41.810314:348.750000,1517,True,11,4,1465,0.95846,4.85736,0,0.0131777,1466 1465 1517 -1
GCP,adapt_p70-52877936550931_a236-25_426_map.h5,6.65387,10,232,1147,19.471220:236.250000,1209,True,47,4,1209,0.455536,5.39724,0,0.0129725,1077 1209 1272 -1
GCP,adapt_p70-52877936550931_a348-74999999999994_399_map.h5,6.70821,10,292,1100,19.471220:348.750000,1229,False,34,4,1228,0.569763,5.52164,0,0.0126032,1225 1227 1228 -1
GCP,adapt_p80-40593177313954_a157-5_43_map.h5,6.8032,10,300,1073,9.594069:157.500000,1063,True,23,4,996,0.698397,4.91098,0,0.0126019,1062 1063 996 -1
GCP,adapt_p11-715852394892384_a225-0_518_map.h5,7.88005,10,426,745,78.284149:225.000000,1774,True,12,5,1774,0.984575,7.11781,0,0.0127769,1788 1775 1774 1788 -1
GCP,adapt_p35-659087696138755_a75-0_160_map.h5,6.85922,10,530,1109,54.340912:75.000000,1576,True,12,5,1619,0.959451,5.91262,0,0.0125618,1620 1620 1576 1619 -1
GCP,adapt_p70-52877936550931_a33-75_152_map.h5,8.69909,10,163,350,19.471220:33.750000,1173,True,40,5,1236,0.627111,7.67377,0,0.0127146,1108 1173 1236 1237 -1
GCP,adapt_p48-18968510422141_a123-74999999999999_483_map.h5,7.88426,10,644,754,41.810314:123.750000,1484,True,9,5,1430,0.999398,5.87572,0,0.0125446,1484 1484 1431 1430 -1
GCP,adapt_p23-556464309101234_a112-5_461_map.h5,7.89821,10,585,781,66.443535:112.500000,1697,True,10,5,1697,0.999332,7.40057,0,0.0135997,1696 1697 1726 1696 -1
GCP,adapt_p70-52877936550931_a348-74999999999994_577_map.h5,7.88507,10,637,787,19.471220:348.750000,1229,True,12,5,1229,0.996753,5.89655,0,0.0127419,1165 1165 1230 1229 -1
GCP,adapt_p35-659087696138755_a45-0_3_map.h5,8.88167,10,582,329,54.340912:45.000000,1572,True,11,6,1572,0.999178,8.19805,0,0.0131004,1616 1616 1617 1573 1572 -1
GCP,adapt_p80-40593177313954_a0-0_190_map.h5,8.67797,10,142,368,9.594069:0.000000,1034,False,42,5,1166,0.739363,7.35114,0,0.0128328,1033 1100 1166 1165 -1
GCP,adapt_p60-00000000000001_a292-5_147_map.h5,6.36672,10,278,1134,30.000000:292.500000,1343,False,86,2,1281,0,0.0131036,0,0.0131036,1141 -1
GCP,adapt_p35-659087696138755_a135-0_493_map.h5,7.79907,10,188,801,54.340912:135.000000,1583,False,25,5,1626,0.879809,7.11478,0,0.0127464,1584 1627 1626 1664 -1
GCP,adapt_p48-18968510422141_a258-75_513_map.h5,6.87008,10,551,1203,41.810314:258.750000,1504,False,13,4,1452,0.866686,4.83092,0,0.0127255,1396 1452 1451 -1
GCP,adapt_p48-18968510422141_a78-75_158_map.h5,7.863,10,330,718,41.810314:78.750000,1478,True,16,5,1477,0.886005,7.22093,0,0.0127841,1424 1423 1477 1478 -1
GCP,adapt_p70-52877936550931_a11-25_469_map.h5,7.85146,10,375,707,19.471220:11.250000,1169,True,16,5,1232,0.919666,7.33814,0,0.0123601,1170 1169 1232 1233 -1
GCP,adapt_p80-40593177313954_a22-5_224_map.h5,7.8412,10,360,776,9.594069:22.500000,1038,True,16,5,1038,0.941089,7.36653,0,0.0126006,971 1038 1037 1036 -1
GCP,adapt_p48-18968510422141_a191-25_544_map.h5,7.87938,10,619,752,41.810314:191.250000,1494,True,12,5,1494,0.983708,5.82591,0,0.0124194,1545 1545 1495 1494 -1
GCP,adapt_p11-715852394892384_a135-0_420_map.h5,7.78312,10,314,700,78.284149:135.000000,1770,False,32,5,1769,0.887146,7.70971,0,0.0126757,1751 1768 1769 1784 -1
GCP,adapt_p80-40593177313954_a224-99999999999997_319_map.h5,5.84496,10,185,1071,9.594069:225.000000,1076,False,172,4,1153,0.443663,5.74139,0,0.0156996,1084 1152 1153 -1
GCP,adapt_p80-40593177313954_a224-99999999999997_557_map.h5,5.85927,10,533,1453,9.594069:225.000000,1076,True,15,5,1076,0.93641,5.81935,0,0.0125519,1143 1143 1077 1076 -1
GCP,adapt_p80-40593177313954_a22-5_357_map.h5,8.87938,10,595,353,9.594069:22.500000,1038,True,11,6,1038,0.997042,8.34559,0,0.0124141,1104 1104 1103 1037 1038 -1
GCP,adapt_p80-40593177313954_a224-99999999999997_457_map.h5,7.8743,10,543,744,9.594069:225.000000,1076,True,12,5,1076,0.976987,5.91152,0,0.0124767,1009 1009 1077 1076 -1
GCP,adapt_p60-00000000000001_a337-49999999999994_311_map.h5,7.82634,10,383,705,30.000000:337.500000,1350,True,20,5,1408,0.948503,7.29972,0,0.0124732,1351 1350 1408 1407 -1
GCP,adapt_p48-18968510422141_a303-75_561_map.h5,7.88421,10,485,736,41.810314:303.750000,1510,False,10,5,1459,0.993311,7.46453,0,0.0125737,1458 1459 1511 1458 -1
GCP,adapt_p70-52877936550931_a213-75_438_map.h5,1.57323,10,26,335,19.471220:213.750000,1205,False,1800,2,1554,0,0.315292,0,0.315292,939 -1
GCP,adapt_p48-18968510422141_a303-75_371_map.h5,8.90109,10,661,370,41.810314:303.750000,1510,True,6,6,1458,0.999999,8.21778,0,0.0127209,1459 1459 1458 1510 1511 -1
GCP,adapt_p48-18968510422141_a11-25_327_map.h5,7.85582,10,305,756,41.810314:11.250000,1468,True,15,5,1468,0.943079,7.27824,0,0.0129621,1467 1468 1414 1413 -1
GCP,adapt_p80-40593177313954_a22-5_218_map.h5,7.86601,10,349,750,9.594069:22.500000,1038,True,14,5,1104,0.965201,7.39446,0,0.0127831,1171 1104 1038 1105 -1
GCP,adapt_p48-18968510422141_a123-74999999999999_290_map.h5,6.80567,10,579,1146,41.810314:123.750000,1484,True,13,4,1432,0.976337,4.87543,0,0.0131282,1484 1431 1432 -1
GCP,adapt_p35-659087696138755_a224-99999999999997_510_map.h5,5.53385,10,119,1481,54.340912:225.000000,1594,True,65,3,1594,0.419491,3.15649,0,0.0129564,1638 1594 -1
GCP,adapt_p23-556464309101234_a157-5_469_map.h5,7.81922,10,212,732,66.443535:157.500000,1701,True,20,5,1700,0.844937,7.24027,0,0.012592,1699 1728 1700 1701 -1
GCP,adapt_p70-52877936550931_a33-75_569_map.h5,5.87414,10,433,1541,19.471220:33.750000,1173,False,13,4,1236,0.937744,4.82349,0,0.0126691,1299 1236 1237 -1
GCP,adapt_p70-52877936550931_a123-74999999999999_5_map.h5,8.87865,10,578,360,19.471220:123.750000,1189,True,13,6,1188,0.999306,8.26133,0,0.0131753,1251 1251 1252 1189 1188 -1
GCP,adapt_p60-00000000000001_a180-0_558_map.h5,7.62154,10,136,760,30.000000:180.000000,1324,True,52,4,1324,0.58295,5.38399,0,0.0132701,1380 1323 1324 -1
GCP,adapt_p70-52877936550931_a258-75_296_map.h5,7.87216,10,454,758,19.471220:258.750000,1213,True,11,5,1213,0.985652,5.81135,0,0.0126465,1148 1148 1213 1214 -1
GCP,adapt_p35-659087696138755_a135-0_571_map.h5,7.72023,10,180,728,54.340912:135.000000,1583,False,30,5,1585,0.845869,7.30734,0,0.0125626,1629 1586 1540 1585 -1
GCP,adapt_p48-18968510422141_a123-74999999999999_507_map.h5,8.80421,10,273,388,41.810314:123.750000,1484,False,19,5,1535,0.824361,7.16262,0,0.0126064,1581 1535 1534 1483 -1
GCP,adapt_p80-40593177313954_a337-49999999999994_194_map.h5,5.85937,10,555,1480,9.594069:337.500000,1097,True,14,4,1098,0.813394,4.89621,0,0.0124365,1097 1098 1164 -1
GCP,adapt_p35-659087696138755_a75-0_48_map.h5,5.86416,10,632,1442,54.340912:75.000000,1576,True,10,4,1619,0.94021,4.88797,0,0.0126637,1575 1619 1576 -1
GCP,adapt_p48-18968510422141_a78-75_3_map.h5,8.88749,10,424,410,41.810314:78.750000,1478,True,10,6,1478,0.996748,8.44948,0,0.0123205,1477 1477 1424 1478 1529 -1
GCP,adapt_p80-40593177313954_a315-0_367_map.h5,7.60624,10,159,755,9.594069:315.000000,1093,False,50,4,1025,0.526398,5.87617,0,0.0135835,1090 1025 1026 -1
GCP,adapt_p60-00000000000001_a270-0_115_map.h5,6.83745,10,450,1132,30.000000:270.000000,1339,True,17,4,1277,0.816661,4.91576,0,0.0123442,1278 1339 1277 -1
GCP,adapt_p70-52877936550931_a236-25_309_map.h5,7.82126,10,312,787,19.471220:236.250000,1209,False,22,5,1145,0.818258,7.58392,0,0.0125452,1147 1080 1079 1145 -1
GCP,adapt_p23-556464309101234_a292-5_105_map.h5,7.49157,10,146,741,66.443535:292.500000,1712,False,78,4,1763,0.33368,6.79242,0,0.0132237,1641 1739 1763 -1
GCP,adapt_p80-40593177313954_a247-49999999999997_515_map.h5,5.83886,10,476,1532,9.594069:247.500000,1080,True,18,4,1080,0.945247,4.91759,0,0.0129437,1081 1080 1079 -1
GCP,adapt_p70-52877936550931_a303-75_160_map.h5,8.84101,10,485,390,19.471220:303.750000,1221,False,15,5,1284,0.958337,7.52459,0,0.0127889,1283 1284 1285 1345 -1
GCP,adapt_p70-52877936550931_a236-25_584_map.h5,7.17578,10,134,706,19.471220:236.250000,1209,False,121,4,1145,0.405321,5.77148,0,0.014077,1014 1079 1145 -1
GCP,adapt_p11-715852394892384_a225-0_310_map.h5,6.51303,10,126,1131,78.284149:225.000000,1774,True,61,4,1773,0.560942,5.55693,0,0.0127835,1729 1773 1774 -1
GCP,adapt_p70-52877936550931_a11-25_46_map.h5,7.86471,10,487,776,19.471220:11.250000,1169,False,14,5,1168,0.918819,5.90376,0,0.0130855,1231 1231 1168 1167 -1
GCP,adapt_p80-40593177313954_a157-5_505_map.h5,6.8287,10,367,1048,9.594069:157.500000,1063,False,17,4,1064,0.882119,4.80799,0,0.0130986,1131 1065 1064 -1
GCP,adapt_p80-40593177313954_a224-99999999999997_412_map.h5,8.87833,10,508,383,9.594069:225.000000,1076,True,13,6,1077,0.99747,8.26661,0,0.0124613,1143 1143 1142 1076 1077 -1
GCP,adapt_p48-18968510422141_a101-24999999999999_166_map.h5,7.87773,10,438,809,41.810314:101.250000,1481,True,11,5,1481,0.989215,5.82655,0,0.0130584,1533 1533 1482 1481 -1
GCP,adapt_p23-556464309101234_a112-5_509_map.h5,7.83629,10,278,746,66.443535:112.500000,1697,True,18,5,1697,0.896519,7.13865,0,0.012515,1725 1726 1697 1696 -1
GCP,adapt_p70-52877936550931_a33-75_144_map.h5,5.59915,10,292,1457,19.471220:33.750000,1173,False,53,4,1039,0.386021,5.51937,0,0.0126743,1041 1039 1038 -1
GCP,adapt_p35-659087696138755_a45-0_143_map.h5,5.87948,10,542,1450,54.340912:45.000000,1572,True,12,5,1572,0.943774,5.77853,0,0.0123399,1616 1616 1572 1573 -1
GCP,adapt_p70-52877936550931_a191-25_223_map.h5,7.85484,10,479,787,19.471220:191.250000,1201,True,14,5,1201,0.966792,7.55963,0,0.0129599,1200 1201 1202 1264 -1
GCP,adapt_p70-52877936550931_a281-24999999999994_297_map.h5,7.68919,10,136,783,19.471220:281.250000,1217,True,42,4,1217,0.466391,5.50082,0,0.0126219,1339 1216 1217 -1
GCP,adapt_p60-00000000000001_a45-0_284_map.h5,8.90579,10,773,364,30.000000:45.000000,1301,True,6,6,1361,0.999999,8.26486,0,0.0129949,1301 1301 1302 1361 1360 -1
GCP,adapt_p60-00000000000001_a67-5_345_map.h5,7.60963,10,143,808,30.000000:67.500000,1305,False,51,4,1364,0.664472,6.15221,0,0.0131924,1239 1364 1365 -1
GCP,adapt_p80-40593177313954_a45-0_9_map.h5,5.77336,10,203,1498,9.594069:45.000000,1042,False,29,4,1044,0.791133,5.39603,0,0.0124651,1177 1044 1043 -1
GCP,adapt_p60-00000000000001_a315-0_495_map.h5,8.77973,10,177,365,30.000000:315.000000,1346,True,30,5,1345,0.921246,7.25927,0,0.013067,1402 1403 1345 1346 -1
GCP,adapt_p60-00000000000001_a224-99999999999997_441_map.h5,7.77714,10,265,725,30.000000:225.000000,1331,False,22,5,1268,0.810608,7.24372,0,0.0126629,1206 1269 1268 1267 -1
GCP,adapt_p70-52877936550931_a123-74999999999999_420_map.h5,8.8727,10,379,367,19.471220:123.750000,1189,True,14,6,1189,0.99067,8.39244,0,0.0131006,1124 1124 1189 1190 1253 -1
GCP,adapt_p23-556464309101234_a112-5_368_map.h5,7.83842,10,261,781,66.443535:112.500000,1697,True,22,5,1725,0.934003,7.13286,0,0.0123609,1697 1696 1725 1726 -1
GCP,adapt_p48-18968510422141_a101-24999999999999_564_map.h5,6.70104,10,145,1096,41.810314:101.250000,1481,False,39,4,1428,0.570305,4.86884,0,0.0127445,1483 1429 1428 -1
GCP,adapt_p60-00000000000001_a270-0_571_map.h5,7.53313,10,115,783,30.000000:270.000000,1339,False,65,4,1396,0.537073,7.38291,0,0.0126989,1559 1396 1338 -1
GCP,adapt_p80-40593177313954_a90-0_256_map.h5,7.71919,10,339,799,9.594069:90.000000,1051,False,28,5,1121,0.74353,7.17047,0,0.0126242,1054 1120 1121 1187 -1
GCP,adapt_p60-00000000000001_a270-0_299_map.h5,7.79244,10,302,747,30.000000:270.000000,1339,True,27,5,1340,0.847422,7.26139,0,0.012362,1280 1279 1340 1339 -1
GCP,adapt_p80-40593177313954_a224-99999999999997_293_map.h5,8.87005,10,503,337,9.594069:225.000000,1076,True,15,6,1075,0.998762,8.26046,0,0.0127515,1008 1008 1076 1075 1141 -1
GCP,adapt_p80-40593177313954_a67-5_227_map.h5,7.78524,10,161,743,9.594069:67.500000,1047,True,28,5,1111,0.836692,7.66804,0,0.0125611,1047 1112 1111 1045 -1
GCP,adapt_p23-556464309101234_a337-5_203_map.h5,7.89302,10,628,754,66.443535:337.500000,1716,True,7,5,1716,0.916121,5.924,0,0.012771,1717 1717 1685 1716 -1
GCP,adapt_p70-52877936550931_a258-75_242_map.h5,6.87649,10,560,1178,19.471220:258.750000,1213,True,13,4,1275,0.762984,4.93417,0,0.0123313,1212 1275 1213 -1
GCP,adapt_p35-659087696138755_a255-00000000000003_357_map.h5,6.72826,10,226,1178,54.340912:255.000000,1598,False,24,4,1596,0.538863,5.14714,0,0.0125525,1550 1596 1597 -1
GCP,adapt_p35-659087696138755_a344-99999999999994_352_map.h5,8.83735,10,412,392,54.340912:345.000000,1609,True,13,6,1649,0.998975,8.2256,0,0.0124264,1650 1650 1649 1608 1609 -1
GCP,adapt_p80-40593177313954_a247-49999999999997_219_map.h5,7.86526,10,417,741,9.594069:247.500000,1080,True,14,5,1080,0.938829,7.27165,0,0.0125457,1146 1145 1079 1080 -1
GCP,adapt_p60-00000000000001_a0-0_238_map.h5,7.86667,10,262,728,30.000000:0.000000,1294,False,14,5,1293,0.9883,7.34451,0,0.013142,1230 1293 1231 1167 -1
GCP,adapt_p11-715852394892384_a225-0_438_map.h5,8.8084,10,122,386,78.284149:225.000000,1774,True,26,5,1774,0.843338,7.13576,0,0.0124106,1758 1757 1756 1774 -1
GCP,adapt_p60-00000000000001_a90-0_562_map.h5,7.85415,10,396,771,30.000000:90.000000,1309,True,13,5,1367,0.989461,7.15099,0,0.0126441,1309 1368 1367 1425 -1
GCP,adapt_p60-00000000000001_a337-49999999999994_190_map.h5,7.80819,10,231,757,30.000000:337.500000,1350,True,23,5,1351,0.897392,7.42661,0,0.0126436,1352 1351 1350 1290 -1
GCP,adapt_p48-18968510422141_a146-25_496_map.h5,7.69699,10,250,779,41.810314:146.250000,1488,False,39,4,1489,0.577177,5.57742,0,0.0128041,1434 1539 1489 -1
GCP,adapt_p23-556464309101234_a337-5_439_map.h5,6.81369,10,295,1079,66.443535:337.500000,1716,True,22,4,1716,0.630226,4.94468,0,0.0131327,1686 1685 1716 -1
GCP,adapt_p70-52877936550931_a258-75_15_map.h5,7.73213,10,247,768,19.471220:258.750000,1213,False,34,4,1149,0.747232,5.48598,0,0.0126627,1085 1149 1148 -1
GCP,adapt_p35-659087696138755_a105-0_345_map.h5,7.74024,10,195,820,54.340912:105.000000,1579,True,32,4,1623,0.682263,7.11284,0,0.0125723,1476 1579 1623 -1
GCP,adapt_p70-52877936550931_a303-75_570_map.h5,6.62973,10,182,1089,19.471220:303.750000,1221,False,47,4,1277,0.689006,5.35914,0,0.013044,1149 1277 1278 -1
GCP,adapt_p35-659087696138755_a165-0_195_map.h5,8.90133,10,691,368,54.340912:165.000000,1587,True,8,6,1587,0.999965,8.24966,0,0.0124765,1629 1629 1630 1587 1586 -1
GCP,adapt_p23-556464309101234_a337-5_548_map.h5,6.87045,10,545,1135,66.443535:337.500000,1716,True,12,5,1716,0.983088,5.76421,0,0.0123608,1742 1742 1716 1717 -1
GCP,adapt_p48-18968510422141_a281-24999999999994_479_map.h5,7.89537,10,655,796,41.810314:281.250000,1507,True,8,5,1455,0.998366,7.50671,0,0.0124404,1456 1455 1507 1456 -1
GCP,adapt_p11-715852394892384_a225-0_78_map.h5,6.8394,10,291,1103,78.284149:225.000000,1774,False,17,4,1757,0.904697,4.75212,0,0.012416,1732 1756 1757 -1
GCP,adapt_p70-52877936550931_a56-24999999999999_574_map.h5,8.85335,10,225,352,19.471220:56.250000,1177,True,18,5,1176,0.977,7.41695,0,0.0124513,1177 1176 1175 1239 -1
GCP,adapt_p11-715852394892384_a45-0_95_map.h5,5.85899,10,219,1490,78.284149:45.000000,1766,False,14,4,1767,0.959718,4.70561,0,0.0128077,1783 1767 1768 -1
GCP,adapt_p60-00000000000001_a112-49999999999999_474_map.h5,8.90038,10,566,359,30.000000:112.500000,1313,True,10,6,1313,0.999879,8.25067,0,0.0124188,1314 1314 1313 1372 1373 -1
GCP,adapt_p48-18968510422141_a146-25_403_map.h5,6.88844,10,500,1081,41.810314:146.250000,1488,False,9,5,1435,0.956383,5.82788,0,0.0123628,1377 1377 1434 1435 -1
GCP,adapt_p23-556464309101234_a337-5_311_map.h5,6.63188,10,175,1113,66.443535:337.500000,1716,False,46,4,1742,0.490631,4.7798,0,0.0129362,1740 1741 1742 -1
GCP,adapt_p60-00000000000001_a0-0_519_map.h5,7.83327,10,229,776,30.000000:0.000000,1294,False,21,5,1353,0.871035,7.30877,0,0.0125372,1411 1353 1292 1293 -1
GCP,adapt_p48-18968510422141_a213-75_93_map.h5,6.38831,10,181,1086,41.810314:213.750000,1497,False,94,3,1495,0.351182,4.78307,0,0.0134866,1138 1495 -1
GCP,adapt_p48-18968510422141_a101-24999999999999_297_map.h5,7.87049,10,495,693,41.810314:101.250000,1481,True,12,5,1481,0.970923,5.84809,0,0.0123384,1532 1532 1481 1480 -1
GCP,adapt_p48-18968510422141_a303-75_216_map.h5,8.87339,10,377,384,41.810314:303.750000,1510,False,12,6,1459,0.998673,8.48578,0,0.0124206,1511 1511 1460 1459 1458 -1
GCP,adapt_p60-00000000000001_a337-49999999999994_533_map.h5,5.84939,10,442,1460,30.000000:337.500000,1350,False,15,4,1351,0.79752,4.84319,0,0.0124156,1291 1290 1351 -1
GCP,adapt_p70-52877936550931_a348-74999999999994_520_map.h5,7.85019,10,355,687,19.471220:348.750000,1229,True,18,5,1229,0.923031,7.33438,0,0.0125991,1228 1229 1164 1165 -1
GCP,adapt_p11-715852394892384_a315-0_70_map.h5,6.87732,10,613,1212,78.284149:315.000000,1778,True,9,5,1779,0.993163,5.67688,0,0.0124721,1778 1778 1779 1763 -1
GCP,adapt_p35-659087696138755_a315-0_247_map.h5,6.54877,10,128,1069,54.340912:315.000000,1605,False,63,4,1603,0.501711,5.50643,0,0.0130345,1510 1603 1645 -1
GCP,adapt_p48-18968510422141_a56-24999999999999_582_map.h5,8.89507,10,646,344,41.810314:56.250000,1475,True,10,6,1475,0.990946,8.21887,0,0.0127423,1421 1421 1420 1474 1475 -1
GCP,adapt_p35-659087696138755_a195-0_186_map.h5,8.89627,10,795,367,54.340912:195.000000,1590,True,6,6,1591,0.999999,8.31135,0,0.0125306,1590 1590 1633 1591 1592 -1
GCP,adapt_p35-659087696138755_a255-00000000000003_182_map.h5,8.87435,10,481,364,54.340912:255.000000,1598,True,12,6,1597,0.999643,8.25065,0,0.0124169,1639 1639 1640 1598 1597 -1
GCP,adapt_p35-659087696138755_a45-0_44_map.h5,8.89317,10,571,388,54.340912:45.000000,1572,True,11,6,1616,0.999675,8.3656,0,0.0126143,1615 1615 1572 1616 1655 -1
GCP,adapt_p60-00000000000001_a45-0_401_map.h5,8.89233,10,615,332,30.000000:45.000000,1301,True,10,6,1239,0.999109,8.2501,0,0.0124951,1238 1238 1239 1302 1301 -1
GCP,adapt_p60-00000000000001_a337-49999999999994_301_map.h5,7.87836,10,538,767,30.000000:337.500000,1350,True,11,5,1351,0.983383,5.86382,0,0.0124415,1408 1408 1350 1351 -1
GCP,adapt_p35-659087696138755_a195-0_425_map.h5,6.88438,10,501,1113,54.340912:195.000000,1590,True,10,4,1632,0.777207,4.82703,0,0.0124012,1633 1632 1590 -1
GCP,adapt_p80-40593177313954_a202-49999999999997_220_map.h5,6.30629,10,111,1173,9.594069:202.500000,1072,False,95,4,1332,0.641765,5.39111,0,0.0135407,1206 1331 1332 -1
GCP,adapt_p48-18968510422141_a348-74999999999994_430_map.h5,7.84429,10,285,704,41.810314:348.750000,1517,True,17,5,1517,0.935715,7.2607,0,0.0125097,1566 1517 1465 1466 -1
GCP,adapt_p70-52877936550931_a258-75_413_map.h5,8.88219,10,432,381,19.471220:258.750000,1213,True,11,6,1213,0.99754,8.26144,0,0.0125754,1214 1214 1213 1148 1149 -1
GCP,adapt_p48-18968510422141_a123-74999999999999_256_map.h5,8.89735,10,515,375,41.810314:123.750000,1484,True,7,6,1431,0.998539,8.30232,0,0.0124333,1485 1485 1484 1431 1432 -1
GCP,adapt_p70-52877936550931_a78-75_52_map.h5,8.8749,10,451,363,19.471220:78.750000,1181,True,15,6,1181,0.987485,8.28415,0,0.0129006,1180 1180 1181 1244 1245 -1
GCP,adapt_p48-18968510422141_a258-75_178_map.h5,7.87583,10,395,767,41.810314:258.750000,1504,True,11,5,1504,0.964569,5.91224,0,0.0129927,1554 1554 1504 1553 -1
GCP,adapt_p60-00000000000001_a247-49999999999997_529_map.h5,7.7342,10,166,759,30.000000:247.500000,1335,False,32,5,1272,0.897619,7.24741,0,0.0125957,1208 1271 1272 1273 -1
GCP,adapt_p23-556464309101234_a22-5_554_map.h5,8.89789,10,647,352,66.443535:22.500000,1689,True,9,6,1689,0.999221,8.16011,0,0.0128922,1690 1690 1689 1653 1652 -1
GCP,adapt_p80-40593177313954_a202-49999999999997_174_map.h5,7.86836,10,463,771,9.594069:202.500000,1072,True,13,5,1071,0.963317,7.25808,0,0.0123873,1138 1137 1071 1072 -1
GCP,adapt_p70-52877936550931_a11-25_376_map.h5,6.86318,10,602,1110,19.471220:11.250000,1169,True,13,4,1103,0.851339,4.88787,0,0.0126238,1170 1169 1103 -1
GCP,adapt_p70-52877936550931_a78-75_108_map.h5,6.85767,10,434,1152,19.471220:78.750000,1181,True,14,4,1181,0.909378,4.81035,0,0.013138,1180 1181 1115 -1
GCP,adapt_p23-556464309101234_a157-5_101_map.h5,8.88712,10,628,317,66.443535:157.500000,1701,True,11,6,1701,0.992986,8.16922,0,0.012672,1666 1666 1667 1701 1700 -1
GCP,adapt_p23-556464309101234_a67-5_431_map.h5,6.84933,10,411,1246,66.443535:67.500000,1693,True,16,4,1658,0.848768,4.84338,0,0.012479,1657 1658 1693 -1
GCP,adapt_p70-52877936550931_a236-25_97_map.h5,6.74206,10,188,1097,19.471220:236.250000,1209,True,34,4,1209,0.535337,5.53469,0,0.0127366,1270 1209 1210 -1
GCP,adapt_p48-18968510422141_a281-24999999999994_573_map.h5,5.6727,10,62,810,41.810314:281.250000,1507,False,352,2,1052,0,0.0260269,0,0.0260269,1327 -1
GCP,adapt_p70-52877936550931_a236-25_127_map.h5,6.83649,10,506,1079,19.471220:236.250000,1209,True,16,5,1209,0.803606,5.82625,0,0.0133037,1144 1144 1209 1210 -1
GCP,adapt_p48-18968510422141_a101-24999999999999_72_map.h5,8.72931,10,123,375,41.810314:101.250000,1481,False,33,5,1428,0.748301,7.23233,0,0.0124854,1369 1427 1428 1482 -1
GCP,adapt_p80-40593177313954_a315-0_12_map.h5,7.82717,10,207,767,9.594069:315.000000,1093,True,21,5,1159,0.951898,7.40306,0,0.0126389,1160 1159 1158 1093 -1
GCP,adapt_p70-52877936550931_a258-75_580_map.h5,8.89234,10,498,398,19.471220:258.750000,1213,True,11,6,1213,0.997856,8.2705,0,0.0124432,1276 1276 1275 1212 1213 -1
GCP,adapt_p48-18968510422141_a123-74999999999999_93_map.h5,8.76512,10,159,353,41.810314:123.750000,1484,True,31,5,1483,0.820358,7.32487,0,0.0126858,1373 1430 1484 1483 -1
GCP,adapt_p70-52877936550931_a213-75_490_map.h5,8.86802,10,471,350,19.471220:213.750000,1205,True,14,6,1205,0.992511,8.31094,0,0.0127923,1140 1140 1139 1204 1205 -1
GCP,adapt_p23-556464309101234_a112-5_535_map.h5,6.87702,10,467,1169,66.443535:112.500000,1697,True,11,5,1697,0.979428,5.75585,0,0.0127768,1726 1726 1697 1696 -1
GCP,adapt_p80-40593177313954_a22-5_205_map.h5,5.8053,10,481,1546,9.594069:22.500000,1038,False,20,4,972,0.697797,5.38652,0,0.0125022,1041 972 971 -1
GCP,adapt_p60-00000000000001_a67-5_429_map.h5,7.86627,10,466,776,30.000000:67.500000,1305,True,14,5,1305,0.904742,7.24727,0,0.0125387,1306 1305 1364 1365 -1
GCP,adapt_p11-715852394892384_a45-0_261_map.h5,6.8663,10,330,1078,78.284149:45.000000,1766,True,13,4,1746,0.855929,4.67585,0,0.012489,1767 1766 1746 -1
GCP,adapt_p35-659087696138755_a45-0_34_map.h5,5.64105,10,198,1553,54.340912:45.000000,1572,True,44,4,1572,0.786388,5.10412,0,0.01274,1615 1572 1573 -1
GCP,adapt_p48-18968510422141_a101-24999999999999_172_map.h5,7.88597,10,618,726,41.810314:101.250000,1481,True,10,5,1427,0.997206,7.32663,0,0.0128194,1428 1427 1481 1428 -1
GCP,adapt_p23-556464309101234_a157-5_481_map.h5,8.8955,10,622,411,66.443535:157.500000,1701,True,9,6,1701,0.999961,8.16008,0,0.0133245,1700 1700 1701 1729 1728 -1
GCP,adapt_p48-18968510422141_a146-25_473_map.h5,7.89512,10,658,757,41.810314:146.250000,1488,True,7,5,1434,0.991148,5.91075,0,0.0126702,1435 1435 1488 1434 -1
GCP,adapt_p70-52877936550931_a213-75_213_map.h5,6.84314,10,505,1117,19.471220:213.750000,1205,True,16,4,1205,0.948914,4.81278,0,0.0126516,1268 1205 1204 -1
GCP,adapt_p60-00000000000001_a224-99999999999997_101_map.h5,5.82237,10,547,1444,30.000000:225.000000,1331,True,19,4,1330,0.904955,4.9073,0,0.012442,1329 1330 1331 -1
GCP,adapt_p48-18968510422141_a11-25_290_map.h5,6.89518,10,505,1137,41.810314:11.250000,1468,False,9,5,1469,0.993781,5.89338,0,0.0126112,1415 1415 1469 1414 -1
GCP,adapt_p80-40593177313954_a247-49999999999997_254_map.h5,7.85416,10,419,701,9.594069:247.500000,1080,False,15,5,1146,0.950525,7.27372,0,0.012638,1081 1147 1146 1145 -1
GCP,adapt_p48-18968510422141_a213-75_167_map.h5,5.81967,10,399,1532,41.810314:213.750000,1497,True,18,4,1498,0.909443,4.82323,0,0.0131489,1445 1498 1497 -1
GCP,adapt_p35-659087696138755_a224-99999999999997_249_map.h5,5.84842,10,435,1440,54.340912:225.000000,1594,True,16,4,1636,0.926282,4.77773,0,0.0123805,1593 1594 1636 -1
GCP,adapt_p35-659087696138755_a14-999999999999998_578_map.h5,8.83138,10,164,364,54.340912:15.000000,1568,False,17,5,1614,0.909525,7.20903,0,0.0134498,1569 1570 1614 1613 -1
GCP,adapt_p48-18968510422141_a326-24999999999994_316_map.h5,6.84087,10,314,1091,41.810314:326.250000,1514,False,16,4,1462,0.735902,4.88132,0,0.0129394,1463 1462 1461 -1
GCP,adapt_p70-52877936550931_a326-24999999999994_444_map.h5,7.75603,10,230,737,19.471220:326.250000,1225,True,30,5,1225,0.782026,7.26004,0,0.0127932,1094 1160 1225 1226 -1
GCP,adapt_p35-659087696138755_a315-0_597_map.h5,7.87098,10,399,763,54.340912:315.000000,1605,False,12,5,1645,0.946536,7.39405,0,0.0128147,1646 1645 1604 1646 -1
GCP,adapt_p60-00000000000001_a270-0_308_map.h5,7.76715,10,135,747,30.000000:270.000000,1339,True,28,5,1338,0.908244,7.25006,0,0.012651,1397 1339 1338 1337 -1
GCP,adapt_p60-00000000000001_a292-5_594_map.h5,6.40854,10,54,1120,30.000000:292.500000,1343,False,78,4,1219,0.435168,6.0266,0,0.0132677,1157 1219 1218 -1
GCP,adapt_p80-40593177313954_a0-0_125_map.h5,7.51465,10,109,768,9.594069:0.000000,1034,False,65,4,1035,0.632375,5.52085,0,0.0141563,1038 1036 1035 -1
GCP,adapt_p48-18968510422141_a326-24999999999994_486_map.h5,6.87167,10,312,1073,41.810314:326.250000,1514,True,13,5,1513,0.944047,5.79761,0,0.0131492,1461 1461 1513 1514 -1
GCP,adapt_p23-556464309101234_a337-5_246_map.h5,7.63096,10,213,794,66.443535:337.500000,1716,False,50,5,1649,0.562269,7.29068,0,0.0128411,1565 1609 1649 1685 -1
GCP,adapt_p23-556464309101234_a112-5_400_map.h5,8.88887,10,702,366,66.443535:112.500000,1697,True,11,6,1697,0.99935,8.14042,0,0.0129236,1696 1696 1697 1726 1725 -1
GCP,adapt_p11-715852394892384_a315-0_170_map.h5,6.72019,10,160,1088,78.284149:315.000000,1778,False,38,4,1739,0.730416,5.24222,0,0.0126231,1711 1739 1740 -1
GCP,adapt_p60-00000000000001_a67-5_140_map.h5,5.85784,10,397,1530,30.000000:67.500000,1305,True,15,4,1305,0.81862,4.80967,0,0.0129714,1306 1305 1364 -1
GCP,adapt_p35-659087696138755_a255-00000000000003_218_map.h5,8.90412,10,737,366,54.340912:255.000000,1598,True,7,6,1598,0.999997,8.25869,0,0.0126741,1597 1597 1598 1553 1552 -1
GCP,adapt_p23-556464309101234_a157-5_269_map.h5,8.89836,10,876,400,66.443535:157.500000,1701,True,9,6,1700,0.99999,8.18525,0,0.0134274,1729 1729 1701 1700 1728 -1
GCP,adapt_p11-715852394892384_a135-0_434_map.h5,7.89034,10,549,761,78.284149:135.000000,1770,False,11,5,1771,0.992569,5.78822,0,0.012454,1753 1753 1752 1771 -1
GCP,adapt_p48-18968510422141_a168-74999999999997_532_map.h5,6.87729,10,640,1115,41.810314:168.750000,1491,True,10,5,1491,0.980593,5.76172,0,0.0125382,1438 1438 1491 1542 -1
GCP,adapt_p48-18968510422141_a101-24999999999999_459_map.h5,7.82795,10,252,722,41.810314:101.250000,1481,True,20,5,1427,0.933293,7.28533,0,0.0128629,1532 1480 1481 1427 -1
GCP,adapt_p60-00000000000001_a337-49999999999994_254_map.h5,8.88699,10,530,372,30.000000:337.500000,1350,True,10,6,1407,0.998677,8.30164,0,0.0128127,1349 1349 1350 1408 1407 -1
GCP,adapt_p60-00000000000001_a247-49999999999997_37_map.h5,7.84541,10,405,772,30.000000:247.500000,1335,True,13,5,1335,0.906614,7.26136,0,0.0123709,1392 1334 1273 1335 -1
GCP,adapt_p60-00000000000001_a67-5_313_map.h5,7.58367,10,116,792,30.000000:67.500000,1305,True,59,4,1365,0.465905,5.52854,0,0.0131479,1179 1305 1365 -1
GCP,adapt_p80-40593177313954_a90-0_494_map.h5,7.44047,10,215,771,9.594069:90.000000,1051,True,76,3,1051,0.299363,5.53942,0,0.0133279,1373 1051 -1
GCP,adapt_p60-00000000000001_a270-0_492_map.h5,7.76957,10,240,763,30.000000:270.000000,1339,True,30,5,1278,0.725472,7.35781,0,0.0132374,1277 1339 1278 1279 -1
GCP,adapt_p23-556464309101234_a292-5_420_map.h5,6.782,10,215,1078,66.443535:292.500000,1712,True,23,4,1680,0.653244,4.95528,0,0.0127984,1643 1680 1712 -1
GCP,adapt_p35-659087696138755_a315-0_349_map.h5,6.86626,10,595,1138,54.340912:315.000000,1605,True,10,4,1605,0.681537,4.77789,0,0.0125382,1606 1605 1646 -1
GCP,adapt_p35-659087696138755_a135-0_598_map.h5,8.8943,10,712,399,54.340912:135.000000,1583,True,7,6,1584,0.999999,8.21119,0,0.0125051,1583 1583 1584 1538 1537 -1
GCP,adapt_p23-556464309101234_a292-5_191_map.h5,8.79618,10,174,386,66.443535:292.500000,1712,True,25,5,1712,0.868783,7.2229,0,0.0126302,1678 1679 1680 1712 -1
GCP,adapt_p48-18968510422141_a123-74999999999999_18_map.h5,7.67918,10,111,775,41.810314:123.750000,1484,False,41,4,1430,0.695839,5.47445,0,0.0126361,1433 1431 1430 -1
GCP,adapt_p11-715852394892384_a225-0_209_map.h5,7.88926,10,699,728,78.284149:225.000000,1774,True,9,5,1774,0.980372,5.75567,0,0.0125448,1775 1775 1774 1788 -1
GCP,adapt_p48-18968510422141_a78-75_43_map.h5,8.87396,10,365,338,41.810314:78.750000,1478,True,13,6,1423,0.993578,8.22277,0,0.0128355,1478 1478 1477 1423 1424 -1
GCP,adapt_p48-18968510422141_a303-75_233_map.h5,7.88232,10,788,752,41.810314:303.750000,1510,False,8,5,1459,0.978328,7.46444,0,0.0124814,1458 1459 1511 1458 -1
GCP,adapt_p80-40593177313954_a67-5_349_map.h5,5.85468,10,537,1386,9.594069:67.500000,1047,True,15,4,1047,0.923007,4.91776,0,0.0131161,1048 1047 1046 -1
GCP,adapt_p48-18968510422141_a258-75_387_map.h5,4.24234,10,108,1859,41.810314:258.750000,1504,False,94,3,1349,0.289135,3.58242,0,0.0134814,1346 1349 -1
GCP,adapt_p80-40593177313954_a112-49999999999999_211_map.h5,7.85939,10,384,698,9.594069:112.500000,1055,False,15,5,1053,0.857902,7.35081,0,0.0123895,987 1054 986 1053 -1
GCP,adapt_p70-52877936550931_a191-25_37_map.h5,6.08976,10,113,1130,19.471220:191.250000,1201,False,136,4,1129,0.192505,5.51481,0,0.0149925,1127 1129 1130 -1
GCP,adapt_p80-40593177313954_a315-0_273_map.h5,6.86298,10,609,1123,9.594069:315.000000,1093,True,14,4,1093,0.906318,4.87166,0,0.0128174,1094 1093 1159 -1
GCP,adapt_p11-715852394892384_a225-0_130_map.h5,5.76822,10,343,1525,78.284149:225.000000,1774,False,24,4,1757,0.728105,4.76458,0,0.012606,1734 1757 1758 -1
GCP,adapt_p48-18968510422141_a236-25_76_map.h5,8.87729,10,473,402,41.810314:236.250000,1501,False,12,6,1448,0.997839,8.77529,0,0.0125168,1500 1500 1449 1448 1447 -1
GCP,adapt_p60-00000000000001_a224-99999999999997_102_map.h5,8.86224,10,505,359,30.000000:225.000000,1331,True,10,6,1331,0.998774,8.29222,0,0.0125493,1270 1270 1269 1331 1332 -1
GCP,adapt_p60-00000000000001_a90-0_599_map.h5,3.12879,10,82,1076,30.000000:90.000000,1309,False,618,2,1629,0,0.0488399,0,0.0488399,1444 -1
GCP,adapt_p80-40593177313954_a157-5_309_map.h5,6.81637,10,481,1101,9.594069:157.500000,1063,True,18,4,1063,0.946824,4.80863,0,0.0124391,1129 1063 1064 -1
GCP,adapt_p60-00000000000001_a157-5_595_map.h5,7.85899,10,459,728,30.000000:157.500000,1320,True,14,5,1379,0.983285,7.30005,0,0.0128023,1321 1320 1379 1378 -1
GCP,adapt_p23-556464309101234_a292-5_361_map.h5,7.86504,10,490,772,66.443535:292.500000,1712,True,11,5,1712,0.963722,5.8545,0,0.0127375,1713 1713 1739 1712 -1
GCP,adapt_p35-659087696138755_a135-0_345_map.h5,8.89134,10,530,393,54.340912:135.000000,1583,True,9,6,1584,0.999981,8.20698,0,0.0124473,1538 1538 1537 1583 1584 -1
GCP,adapt_p35-659087696138755_a165-0_71_map.h5,7.68911,10,171,773,54.340912:165.000000,1587,False,42,5,1586,0.87774,7.31208,0,0.0127119,1667 1629 1586 1628 -1
GCP,adapt_p35-659087696138755_a344-99999999999994_402_map.h5,8.90134,10,763,338,54.340912:345.000000,1609,True,7,6,1609,0.999998,8.25022,0,0.0124533,1608 1608 1609 1650 1649 -1
GCP,adapt_p48-18968510422141_a101-24999999999999_247_map.h5,8.90307,10,659,400,41.810314:101.250000,1481,True,6,6,1428,0.999999,8.27948,0,0.0127116,1427 1427 1428 1482 1481 -1
GCP,adapt_p48-18968510422141_a168-74999999999997_344_map.h5,7.13547,10,128,712,41.810314:168.750000,1491,False,133,4,1543,0.528709,5.8669,0,0.0143034,1633 1543 1542 -1
GCP,adapt_p11-715852394892384_a225-0_506_map.h5,6.8741,10,577,1094,78.284149:225.000000,1774,True,11,5,1774,0.995483,5.78214,0,0.0127028,1756 1756 1757 1774 -1
GCP,adapt_p60-00000000000001_a337-49999999999994_287_map.h5,7.83408,10,318,730,30.000000:337.500000,1350,True,16,5,1350,0.972622,7.30019,0,0.0127879,1351 1350 1408 1407 -1
GCP,adapt_p11-715852394892384_a45-0_457_map.h5,6.88645,10,694,1106,78.284149:45.000000,1766,True,9,4,1766,0.883523,4.67568,0,0.0123561,1746 1766 1767 -1
GCP,adapt_p11-715852394892384_a225-0_430_map.h5,7.86888,10,513,752,78.284149:225.000000,1774,False,12,5,1758,0.929671,5.72865,0,0.0129471,1775 1775 1758 1757 -1
GCP,adapt_p80-40593177313954_a22-5_472_map.h5,6.74595,10,155,1128,9.594069:22.500000,1038,False,30,4,1110,0.693295,5.4575,0,0.0128433,1108 1110 1044 -1
GCP,adapt_p80-40593177313954_a90-0_577_map.h5,6.83503,10,354,1215,9.594069:90.000000,1051,False,16,4,1052,0.765671,4.83019,0,0.0127886,1053 1052 1118 -1
GCP,adapt_p48-18968510422141_a236-25_468_map.h5,7.89536,10,513,784,41.810314:236.250000,1501,False,9,5,1448,0.998685,5.88322,0,0.0133916,1447 1447 1448 1449 -1
GCP,adapt_p60-00000000000001_a247-49999999999997_549_map.h5,7.86121,10,293,673,30.000000:247.500000,1335,True,15,5,1274,0.925432,7.30996,0,0.0125882,1335 1336 1275 1274 -1
GCP,adapt_p35-659087696138755_a105-0_139_map.h5,7.88407,10,482,734,54.340912:105.000000,1579,True,10,5,1579,0.999434,5.8375,0,0.0127231,1622 1622 1579 1578 -1
GCP,adapt_p60-00000000000001_a202-49999999999997_581_map.h5,6.72405,10,221,1041,30.000000:202.500000,1328,False,36,4,1330,0.505038,5.3747,0,0.0127617,1204 1329 1330 -1
GCP,adapt_p35-659087696138755_a255-00000000000003_63_map.h5,5.82425,10,331,1582,54.340912:255.000000,1598,False,18,4,1639,0.68366,4.80085,0,0.0125682,1638 1639 1597 -1
GCP,adapt_p23-556464309101234_a292-5_432_map.h5,5.85306,10,515,1493,66.443535:292.500000,1712,False,14,4,1739,0.877478,4.77802,0,0.0127567,1713 1739 1738 -1
GCP,adapt_p48-18968510422141_a11-25_398_map.h5,8.89432,10,563,369,41.810314:11.250000,1468,True,10,6,1413,0.999001,8.27864,0,0.012462,1467 1467 1468 1414 1413 -1
GCP,adapt_p35-659087696138755_a195-0_374_map.h5,7.77229,10,212,764,54.340912:195.000000,1590,False,23,5,1591,0.89093,7.30983,0,0.012517,1545 1591 1592 1634 -1
GCP,adapt_p70-52877936550931_a168-74999999999997_337_map.h5,7.87623,10,474,771,19.471220:168.750000,1197,True,10,5,1197,0.970328,5.90958,0,0.0125654,1198 1198 1132 1197 -1
GCP,adapt_p60-00000000000001_a247-49999999999997_349_map.h5,8.88628,10,694,368,30.000000:247.500000,1335,True,9,6,1335,0.999977,8.24536,0,0.0125189,1393 1393 1394 1336 1335 -1
GCP,adapt_p80-40593177313954_a224-99999999999997_374_map.h5,4.6857,10,59,1191,9.594069:225.000000,1076,False,344,3,1016,0.0962628,3.91139,0,0.0240122,1276 1016 -1
GCP,adapt_p80-40593177313954_a0-0_320_map.h5,7.87477,10,524,685,9.594069:0.000000,1034,True,13,4,1034,0.988531,4.90375,0,0.0130236,1101 1035 1034 -1
GCP,adapt_p80-40593177313954_a157-5_583_map.h5,6.86343,10,637,1087,9.594069:157.500000,1063,False,14,4,1064,0.924356,4.80578,0,0.0133682,1129 1130 1064 -1
GCP,adapt_p48-18968510422141_a146-25_269_map.h5,5.84709,10,459,1455,41.810314:146.250000,1488,False,16,4,1538,0.877564,4.78395,0,0.0127193,1537 1538 1487 -1
GCP,adapt_p48-18968510422141_a168-74999999999997_53_map.h5,6.77958,10,340,1207,41.810314:168.750000,1491,True,27,4,1491,0.66228,5.38516,0,0.0132431,1440 1438 1491 -1
GCP,adapt_p60-00000000000001_a90-0_65_map.h5,8.60426,10,152,382,30.000000:90.000000,1309,False,55,5,1426,0.582318,7.47095,0,0.0135657,1308 1368 1426 1427 -1
GCP,adapt_p80-40593177313954_a224-99999999999997_144_map.h5,7.72328,10,185,758,9.594069:225.000000,1076,False,30,5,1075,0.795375,7.18185,0,0.0125162,1207 1142 1141 1075 -1
GCP,adapt_p60-00000000000001_a247-49999999999997_506_map.h5,6.87101,10,559,1106,30.000000:247.500000,1335,True,12,4,1394,0.775409,4.80612,0,0.0127934,1335 1336 1394 -1
GCP,adapt_p48-18968510422141_a348-74999999999994_449_map.h5,7.7621,10,217,686,41.810314:348.750000,1517,True,33,5,1466,0.771988,7.26093,0,0.0126843,1566 1517 1465 1466 -1
GCP,adapt_p48-18968510422141_a146-25_491_map.h5,7.87614,10,389,788,41.810314:146.250000,1488,False,12,5,1487,0.921878,5.83421,0,0.0126616,1433 1433 1486 1487 -1
GCP,adapt_p80-40593177313954_a0-0_538_map.h5,6.8654,10,141,760,9.594069:0.000000,1034,True,173,4,1034,0.310584,6.37866,0,0.0152491,970 1034 1100 -1
GCP,adapt_p48-18968510422141_a11-25_18_map.h5,1.788,10,14,344,41.810314:11.250000,1468,False,1800,2,1224,0,0.317506,0,0.317506,943 -1
GCP,adapt_p80-40593177313954_a270-0_218_map.h5,6.56217,10,83,781,9.594069:270.000000,1084,False,208,3,1025,0.243515,4.68508,0,0.0174781,1020 1025 -1
GCP,adapt_p80-40593177313954_a180-0_350_map.h5,6.87368,10,551,1180,9.594069:180.000000,1067,False,12,5,1068,0.97791,5.81014,0,0.0131795,1135 1135 1069 1068 -1
GCP,adapt_p48-18968510422141_a33-75_531_map.h5,6.87849,10,452,1065,41.810314:33.750000,1471,True,12,5,1471,0.929107,5.81619,0,0.0133145,1416 1416 1470 1471 -1
GCP,adapt_p11-715852394892384_a225-0_261_map.h5,6.86927,10,593,1081,78.284149:225.000000,1774,True,12,4,1774,0.967844,4.74005,0,0.0125256,1757 1774 1775 -1
GCP,adapt_p23-556464309101234_a157-5_434_map.h5,7.74191,10,215,754,66.443535:157.500000,1701,True,36,5,1699,0.793687,7.2705,0,0.0128796,1727 1699 1700 1701 -1
GCP,adapt_p70-52877936550931_a236-25_115_map.h5,6.852,10,550,1123,19.471220:236.250000,1209,True,13,5,1209,0.954453,5.92036,0,0.012809,1208 1208 1209 1210 -1
GCP,adapt_p60-00000000000001_a247-49999999999997_514_map.h5,8.78752,10,206,376,30.000000:247.500000,1335,False,24,5,1211,0.808005,7.2795,0,0.0132917,1213 1212 1211 1274 -1
GCP,adapt_p80-40593177313954_a247-49999999999997_289_map.h5,7.74383,10,210,799,9.594069:247.500000,1080,True,29,4,1080,0.609812,5.37273,0,0.0140635,1082 1013 1080 -1
GCP,adapt_p11-715852394892384_a225-0_391_map.h5,5.85024,10,477,1449,78.284149:225.000000,1774,False,18,4,1787,0.865853,4.59683,0,0.0136235,1773 1787 1788 -1
GCP,adapt_p35-659087696138755_a315-0_288_map.h5,7.89563,10,772,726,54.340912:315.000000,1605,True,8,5,1605,0.999768,7.44945,0,0.0131263,1606 1605 1561 1606 -1
GCP,adapt_p35-659087696138755_a344-99999999999994_41_map.h5,5.84628,10,448,1473,54.340912:345.000000,1609,True,16,4,1609,0.791741,4.89958,0,0.0125322,1517 1565 1609 -1
GCP,adapt_p35-659087696138755_a255-00000000000003_118_map.h5,7.27255,10,81,754,54.340912:255.000000,1598,False,105,4,1638,0.447692,5.46753,0,0.0142879,1707 1638 1639 -1
GCP,adapt_p35-659087696138755_a344-99999999999994_262_map.h5,6.87404,10,549,1098,54.340912:345.000000,1609,True,11,5,1649,0.994976,5.82669,0,0.0127669,1609 1609 1650 1649 -1
GCP,adapt_p80-40593177313954_a247-49999999999997_129_map.h5,7.86429,10,531,685,9.594069:247.500000,1080,False,13,5,1078,0.904276,7.27225,0,0.012503,1144 1145 1079 1078 -1
GCP,adapt_p35-659087696138755_a315-0_225_map.h5,7.86826,10,695,704,54.340912:315.000000,1605,True,8,5,1605,0.998692,5.77871,0,0.0125239,1646 1646 1605 1604 -1
GCP,adapt_p80-40593177313954_a247-49999999999997_120_map.h5,5.84432,10,327,1407,9.594069:247.500000,1080,False,16,4,1081,0.860454,5.0349,0,0.0124942,1146 1081 1082 -1
GCP,adapt_p80-40593177313954_a180-0_478_map.h5,6.7788,10,346,1176,9.594069:180.000000,1067,True,25,4,1067,0.724077,4.80749,0,0.0130015,1134 1068 1067 -1
GCP,adapt_p70-52877936550931_a168-74999999999997_413_map.h5,6.86998,10,650,1061,19.471220:168.750000,1197,True,10,5,1197,0.998509,5.92036,0,0.0128146,1196 1196 1197 1198 -1
GCP,adapt_p23-556464309101234_a247-49999999999997_92_map.h5,7.87928,10,424,771,66.443535:247.500000,1708,True,11,5,1675,0.992339,7.30613,0,0.0125171,1674 1675 1708 1674 -1
GCP,adapt_p60-00000000000001_a0-0_518_map.h5,8.88841,10,385,350,30.000000:0.000000,1294,True,11,6,1411,0.999916,8.33468,0,0.0123973,1353 1353 1411 1354 1294 -1
GCP,adapt_p48-18968510422141_a11-25_405_map.h5,7.83165,10,285,684,41.810314:11.250000,1468,True,20,5,1468,0.811602,7.31811,0,0.0131635,1521 1520 1468 1413 -1
GCP,adapt_p48-18968510422141_a33-75_585_map.h5,7.76671,10,132,800,41.810314:33.750000,1471,False,28,5,1523,0.842125,7.21329,0,0.0130972,1472 1524 1523 1522 -1
GCP,adapt_p60-00000000000001_a202-49999999999997_131_map.h5,8.89413,10,760,390,30.000000:202.500000,1328,True,10,6,1328,0.999981,8.29771,0,0.0126601,1327 1327 1328 1386 1387 -1
GCP,adapt_p60-00000000000001_a180-0_566_map.h5,7.83301,10,222,755,30.000000:180.000000,1324,False,17,5,1382,0.945057,7.3333,0,0.0128056,1322 1323 1382 1381 -1
GCP,adapt_p48-18968510422141_a11-25_526_map.h5,5.99394,10,99,1165,41.810314:11.250000,1468,False,137,2,1750,0,0.014859,0,0.014859,1295 -1
GCP,adapt_p60-00000000000001_a90-0_271_map.h5,6.86864,10,444,1160,30.000000:90.000000,1309,False,14,5,1369,0.844405,5.79435,0,0.0131945,1310 1310 1369 1368 -1
GCP,adapt_p35-659087696138755_a105-0_419_map.h5,7.85585,10,482,743,54.340912:105.000000,1579,True,13,5,1579,0.977799,7.22726,0,0.0129394,1622 1623 1580 1579 -1
GCP,adapt_p60-00000000000001_a0-0_125_map.h5,7.84421,10,301,759,30.000000:0.000000,1294,True,17,5,1294,0.933755,7.35549,0,0.0126047,1354 1294 1231 1295 -1
GCP,adapt_p35-659087696138755_a105-0_192_map.h5,7.8401,10,340,766,54.340912:105.000000,1579,True,16,5,1622,0.832759,7.25118,0,0.0126984,1578 1579 1622 1621 -1
GCP,adapt_p60-00000000000001_a247-49999999999997_191_map.h5,7.88023,10,716,693,30.000000:247.500000,1335,True,9,5,1335,0.99965,5.81075,0,0.0125781,1393 1393 1335 1336 -1
GCP,adapt_p70-52877936550931_a168-74999999999997_240_map.h5,7.87612,10,445,749,19.471220:168.750000,1197,True,12,5,1197,0.98139,5.809,0,0.0126666,1260 1260 1197 1196 -1
GCP,adapt_p60-00000000000001_a0-0_106_map.h5,7.38769,10,85,751,30.000000:0.000000,1294,True,89,4,1294,0.545271,6.03092,0,0.0141028,1297 1294 1353 -1
GCP,adapt_p48-18968510422141_a78-75_21_map.h5,7.89242,10,696,744,41.810314:78.750000,1478,True,8,5,1478,0.991349,5.79407,0,0.0124123,1424 1424 1478 1477 -1
GCP,adapt_p48-18968510422141_a56-24999999999999_133_map.h5,8.8624,10,401,337,41.810314:56.250000,1475,False,14,6,1419,0.9993,8.22194,0,0.0124047,1474 1474 1473 1419 1420 -1
GCP,adapt_p80-40593177313954_a292-5_30_map.h5,7.87999,10,516,743,9.594069:292.500000,1088,True,11,5,1089,0.995479,5.91186,0,0.0128118,1021 1021 1089 1088 -1
GCP,adapt_p11-715852394892384_a225-0_116_map.h5,8.88006,10,424,364,78.284149:225.000000,1774,True,11,6,1774,0.996876,8.25547,0,0.0127353,1775 1775 1757 1756 1774 -1
GCP,adapt_p70-52877936550931_a281-24999999999994_566_map.h5,7.7695,10,233,759,19.471220:281.250000,1217,True,29,5,1218,0.811388,7.44513,0,0.0133319,1216 1217 1218 1280 -1
GCP,adapt_p60-00000000000001_a112-49999999999999_296_map.h5,6.87156,10,465,1171,30.000000:112.500000,1313,True,12,4,1372,0.969217,4.80119,0,0.0132481,1371 1372 1313 -1
GCP,adapt_p23-556464309101234_a67-5_300_map.h5,5.87203,10,547,1481,66.443535:67.500000,1693,True,11,4,1693,0.949976,4.81393,0,0.0127442,1657 1693 1692 -1
GCP,adapt_p60-00000000000001_a45-0_62_map.h5,8.84386,10,390,395,30.000000:45.000000,1301,True,18,5,1302,0.91873,7.42994,0,0.0129475,1303 1239 1302 1301 -1
GCP,adapt_p60-00000000000001_a315-0_490_map.h5,8.88633,10,648,353,30.000000:315.000000,1346,True,9,6,1346,0.99972,8.26789,0,0.0124625,1347 1347 1346 1404 1405 -1
GCP,adapt_p48-18968510422141_a56-24999999999999_549_map.h5,7.87635,10,538,734,41.810314:56.250000,1475,False,10,5,1420,0.990685,7.49048,0,0.0124712,1419 1420 1362 1419 -1
GCP,adapt_p35-659087696138755_a165-0_98_map.h5,5.71119,10,248,1512,54.340912:165.000000,1587,True,34,4,1629,0.691251,4.89751,0,0.0126285,1587 1629 1667 -1
GCP,adapt_p80-40593177313954_a292-5_420_map.h5,7.88506,10,544,736,9.594069:292.500000,1088,True,10,5,1088,0.986231,5.8515,0,0.0127557,1154 1154 1088 1089 -1
GCP,adapt_p60-00000000000001_a157-5_349_map.h5,8.86197,10,289,408,30.000000:157.500000,1320,True,14,6,1258,0.997611,8.26442,0,0.012821,1319 1319 1320 1258 1257 -1
GCP,adapt_p35-659087696138755_a105-0_351_map.h5,7.88106,10,369,712,54.340912:105.000000,1579,True,11,5,1623,0.975418,5.88787,0,0.0127415,1580 1580 1623 1579 -1
GCP,adapt_p70-52877936550931_a56-24999999999999_457_map.h5,8.88406,10,419,386,19.471220:56.250000,1177,True,10,6,1110,0.999697,8.28098,0,0.0127365,1177 1177 1176 1110 1111 -1
GCP,adapt_p60-00000000000001_a292-5_524_map.h5,8.70929,10,203,340,30.000000:292.500000,1343,True,38,5,1343,0.796158,7.25109,0,0.0125088,1345 1344 1343 1282 -1
GCP,adapt_p70-52877936550931_a326-24999999999994_178_map.h5,6.88729,10,569,1178,19.471220:326.250000,1225,False,11,5,1160,0.962227,5.83796,0,0.0125159,1224 1224 1159 1160 -1
GCP,adapt_p70-52877936550931_a33-75_579_map.h5,7.79824,10,258,778,19.471220:33.750000,1173,True,25,5,1174,0.764201,7.46007,0,0.0125788,1173 1174 1175 1108 -1
GCP,adapt_p60-00000000000001_a180-0_392_map.h5,8.88436,10,488,337,30.000000:180.000000,1324,True,12,6,1382,0.998176,8.34994,0,0.0124331,1323 1323 1381 1382 1324 -1
GCP,adapt_p70-52877936550931_a236-25_403_map.h5,7.87236,10,273,758,19.471220:236.250000,1209,True,14,5,1272,0.965552,7.39628,0,0.0124448,1271 1209 1272 1273 -1
GCP,adapt_p60-00000000000001_a202-49999999999997_398_map.h5,6.87229,10,735,1004,30.000000:202.500000,1328,True,11,4,1328,0.961906,4.85838,0,0.0125037,1327 1328 1386 -1
GCP,adapt_p23-556464309101234_a247-49999999999997_496_map.h5,5.82929,10,402,1487,66.443535:247.500000,1708,False,17,4,1709,0.627235,4.75259,0,0.0125117,1675 1676 1709 -1
GCP,adapt_p48-18968510422141_a56-24999999999999_137_map.h5,7.80087,10,269,785,41.810314:56.250000,1475,True,23,5,1476,0.849901,7.33184,0,0.0129241,1477 1528 1476 1475 -1
GCP,adapt_p35-659087696138755_a135-0_251_map.h5,6.79625,10,323,1058,54.340912:135.000000,1583,False,22,4,1663,0.656286,4.80806,0,0.0125738,1665 1664 1663 -1
GCP,adapt_p60-00000000000001_a337-49999999999994_11_map.h5,8.82623,10,200,358,30.000000:337.500000,1350,True,15,6,1408,0.989981,8.31182,0,0.0125694,1350 1350 1351 1409 1408 -1
GCP,adapt_p48-18968510422141_a281-24999999999994_523_map.h5,8.85939,10,344,382,41.810314:281.250000,1507,True,15,6,1455,0.992181,8.22027,0,0.012427,1507 1507 1508 1456 1455 -1
GCP,adapt_p80-40593177313954_a0-0_262_map.h5,6.86304,10,605,1192,9.594069:0.000000,1034,False,10,5,1099,0.963457,5.9118,0,0.0127537,1032 1032 1100 1099 -1
GCP,adapt_p23-556464309101234_a292-5_299_map.h5,6.84227,10,442,1148,66.443535:292.500000,1712,True,18,4,1739,0.710419,5.26749,0,0.0125253,1681 1712 1739 -1
GCP,adapt_p80-40593177313954_a247-49999999999997_293_map.h5,7.56349,10,264,701,9.594069:247.500000,1080,False,54,4,1145,0.729207,5.68735,0,0.0133285,1077 1145 1146 -1
GCP,adapt_p80-40593177313954_a224-99999999999997_454_map.h5,5.73749,10,294,1487,9.594069:225.000000,1076,False,33,4,1077,0.597132,4.91148,0,0.0133406,1078 1077 1009 -1
GCP,adapt_p23-556464309101234_a337-5_582_map.h5,8.79522,10,184,351,66.443535:337.500000,1716,False,26,5,1764,0.791234,7.1813,0,0.0126152,1765 1744 1764 1742 -1
GCP,adapt_p48-18968510422141_a101-24999999999999_73_map.h5,8.90331,10,666,340,41.810314:101.250000,1481,True,7,6,1427,0.999997,8.32773,0,0.0124831,1428 1428 1481 1427 1426 -1
GCP,adapt_p80-40593177313954_a135-0_321_map.h5,8.8811,10,531,362,9.594069:135.000000,1059,True,12,6,1060,0.999176,8.25366,0,0.0127057,1126 1126 1060 992 1059 -1
GCP,adapt_p48-18968510422141_a303-75_92_map.h5,5.62798,10,182,1538,41.810314:303.750000,1510,False,51,4,1509,0.576103,5.47877,0,0.0128503,1403 1457 1509 -1
GCP,adapt_p60-00000000000001_a22-5_223_map.h5,7.74971,10,180,781,30.000000:22.500000,1298,True,24,5,1298,0.832128,7.32897,0,0.0130978,1357 1297 1298 1235 -1
GCP,adapt_p70-52877936550931_a33-75_34_map.h5,8.88998,10,500,376,19.471220:33.750000,1173,True,10,6,1173,0.997135,8.31868,0,0.0128263,1237 1237 1236 1173 1172 -1
GCP,adapt_p70-52877936550931_a348-74999999999994_449_map.h5,7.62806,10,249,755,19.471220:348.750000,1229,True,53,4,1167,0.462874,5.50761,0,0.0127576,1292 1229 1167 -1
GCP,adapt_p80-40593177313954_a224-99999999999997_83_map.h5,8.84839,10,356,393,9.594069:225.000000,1076,True,17,5,1075,0.936326,7.26573,0,0.0124204,1077 1076 1075 1141 -1
GCP,adapt_p35-659087696138755_a195-0_146_map.h5,7.83184,10,276,768,54.340912:195.000000,1590,False,19,5,1634,0.877833,7.1827,0,0.0129972,1672 1671 1634 1633 -1
GCP,adapt_p60-00000000000001_a270-0_280_map.h5,1.4153,10,17,337,30.000000:270.000000,1339,False,1800,2,1269,0,0.314295,0,0.314295,944 -1
GCP,adapt_p48-18968510422141_a11-25_154_map.h5,7.86799,10,381,704,41.810314:11.250000,1468,True,14,5,1414,0.989358,7.2625,0,0.0128256,1468 1469 1415 1414 -1
GCP,adapt_p60-00000000000001_a45-0_581_map.h5,6.87992,10,486,1124,30.000000:45.000000,1301,True,10,4,1238,0.959035,4.80643,0,0.0128753,1237 1238 1301 -1
GCP,adapt_p35-659087696138755_a315-0_109_map.h5,7.88928,10,584,737,54.340912:315.000000,1605,True,11,5,1605,0.996228,7.40271,0,0.0125256,1606 1605 1646 1606 -1
GCP,adapt_p35-659087696138755_a135-0_158_map.h5,7.84884,10,328,785,54.340912:135.000000,1583,False,18,5,1584,0.883688,7.19736,0,0.0139612,1626 1627 1584 1585 -1
GCP,adapt_p70-52877936550931_a281-24999999999994_211_map.h5,5.82516,10,490,1525,19.471220:281.250000,1217,False,21,4,1215,0.620482,5.12299,0,0.0126419,1152 1151 1215 -1
GCP,adapt_p70-52877936550931_a258-75_309_map.h5,6.88524,10,602,1051,19.471220:258.750000,1213,True,12,5,1214,0.992936,5.83491,0,0.0125506,1277 1277 1214 1213 -1
GCP,adapt_p80-40593177313954_a45-0_565_map.h5,6.46867,10,115,1117,9.594069:45.000000,1042,False,75,4,1235,0.482992,5.87475,0,0.0131419,1103 1172 1235 -1
GCP,adapt_p80-40593177313954_a22-5_196_map.h5,7.84421,10,483,755,9.594069:22.500000,1038,True,16,5,1039,0.943225,7.37259,0,0.0126058,970 971 1039 1038 -1
GCP,adapt_p48-18968510422141_a348-74999999999994_538_map.h5,8.88197,10,690,373,41.810314:348.750000,1517,True,7,6,1465,0.999703,8.39302,0,0.012824,1517 1517 1466 1465 1516 -1
GCP,adapt_p48-18968510422141_a191-25_39_map.h5,7.61104,10,116,750,41.810314:191.250000,1494,False,54,4,1496,0.51464,5.70618,0,0.012768,1544 1496 1497 -1
GCP,adapt_p60-00000000000001_a202-49999999999997_562_map.h5,7.88529,10,568,751,30.000000:202.500000,1328,True,12,5,1327,0.988399,5.81137,0,0.0125724,1265 1265 1327 1328 -1
GCP,adapt_p70-52877936550931_a326-24999999999994_456_map.h5,5.55864,10,99,1493,19.471220:326.250000,1225,False,59,4,1348,0.463424,5.09965,0,0.0131879,1405 1348 1288 -1
GCP,adapt_p80-40593177313954_a157-5_113_map.h5,5.59202,10,240,1459,9.594069:157.500000,1063,False,53,4,1128,0.483213,5.38837,0,0.0128005,994 1128 1127 -1
GCP,adapt_p80-40593177313954_a180-0_461_map.h5,7.80038,10,330,721,9.594069:180.000000,1067,True,25,5,1067,0.776313,7.48155,0,0.012436,1135 1068 1067 1133 -1
GCP,adapt_p48-18968510422141_a258-75_455_map.h5,6.88048,10,535,1186,41.810314:258.750000,1504,True,11,5,1503,0.992517,5.83882,0,0.0122953,1451 1451 1503 1504 -1
GCP,adapt_p60-00000000000001_a270-0_109_map.h5,8.90128,10,670,338,30.000000:270.000000,1339,True,9,6,1339,0.999976,8.2722,0,0.0125375,1277 1277 1278 1339 1338 -1
GCP,adapt_p48-18968510422141_a11-25_571_map.h5,8.89727,10,536,375,41.810314:11.250000,1468,True,7,6,1414,0.999994,8.27931,0,0.0125339,1413 1413 1414 1468 1469 -1
GCP,adapt_p48-18968510422141_a11-25_535_map.h5,4.94505,10,111,1438,41.810314:11.250000,1468,False,146,3,1417,0.458706,4.87572,0,0.0147133,1231 1417 -1
GCP,adapt_p23-556464309101234_a292-5_319_map.h5,7.86537,10,338,744,66.443535:292.500000,1712,False,16,5,1713,0.973652,7.13296,0,0.0124494,1740 1714 1713 1681 -1
GCP,adapt_p60-00000000000001_a224-99999999999997_299_map.h5,6.77155,10,197,1170,30.000000:225.000000,1331,True,24,4,1390,0.554978,5.00581,0,0.0132645,1330 1331 1390 -1
GCP,adapt_p60-00000000000001_a135-0_54_map.h5,8.89447,10,620,360,30.000000:135.000000,1316,True,10,6,1316,0.999899,8.26775,0,0.0123258,1317 1317 1316 1375 1376 -1
GCP,adapt_p35-659087696138755_a255-00000000000003_159_map.h5,7.83021,10,384,735,54.340912:255.000000,1598,True,18,5,1598,0.971247,7.20328,0,0.0126106,1553 1598 1597 1639 -1
GCP,adapt_p80-40593177313954_a315-0_482_map.h5,6.93845,10,70,732,9.594069:315.000000,1093,False,147,3,842,0.141474,5.61978,0,0.0152862,1363 842 -1
GCP,adapt_p48-18968510422141_a191-25_120_map.h5,8.89411,10,711,398,41.810314:191.250000,1494,True,10,6,1494,0.999396,8.22108,0,0.0126858,1442 1442 1441 1494 1495 -1
GCP,adapt_p80-40593177313954_a292-5_474_map.h5,6.86596,10,570,1095,9.594069:292.500000,1088,True,13,4,1088,0.953127,4.91099,0,0.0128343,1021 1089 1088 -1
GCP,adapt_p80-40593177313954_a337-49999999999994_513_map.h5,5.71781,10,207,1509,9.594069:337.500000,1097,True,36,4,1098,0.621468,5.5197,0,0.0130049,1100 1098 1097 -1
GCP,adapt_p60-00000000000001_a202-49999999999997_310_map.h5,6.78749,10,207,1162,30.000000:202.500000,1328,False,26,4,1204,0.799568,4.7997,0,0.0133175,1268 1267 1204 -1
GCP,adapt_p48-18968510422141_a348-74999999999994_375_map.h5,6.7612,10,227,1176,41.810314:348.750000,1517,False,33,4,1466,0.771664,5.29185,0,0.012606,1409 1466 1412 -1
GCP,adapt_p23-556464309101234_a112-5_330_map.h5,8.88334,10,477,351,66.443535:112.500000,1697,True,10,6,1726,0.999984,8.13445,0,0.0124598,1697 1697 1696 1725 1726 -1
GCP,adapt_p70-52877936550931_a11-25_270_map.h5,7.89198,10,632,756,19.471220:11.250000,1169,True,9,5,1169,0.999515,5.89259,0,0.0128224,1233 1233 1170 1169 -1
GCP,adapt_p48-18968510422141_a146-25_574_map.h5,6.88741,10,507,1191,41.810314:146.250000,1488,True,10,4,1487,0.957312,4.81785,0,0.0124535,1488 1487 1434 -1
GCP,adapt_p80-40593177313954_a224-99999999999997_259_map.h5,6.88038,10,604,1113,9.594069:225.000000,1076,True,11,5,1076,0.994312,5.91896,0,0.0134162,1075 1075 1076 1077 -1
GCP,adapt_p23-556464309101234_a247-49999999999997_99_map.h5,6.8282,10,421,1156,66.443535:247.500000,1708,True,20,4,1707,0.685032,4.75382,0,0.0125995,1735 1708 1707 -1
GCP,adapt_p48-18968510422141_a168-74999999999997_66_map.h5,5.86105,10,629,1455,41.810314:168.750000,1491,True,12,4,1438,0.974019,4.79123,0,0.0127434,1437 1438 1491 -1
GCP,adapt_p70-52877936550931_a78-75_380_map.h5,6.78528,10,266,1112,19.471220:78.750000,1181,True,28,4,1180,0.812791,5.27258,0,0.012531,1242 1180 1181 -1
GCP,adapt_p23-556464309101234_a112-5_412_map.h5,8.89618,10,569,386,66.443535:112.500000,1697,True,11,5,1697,0.99969,7.39957,0,0.0126057,1696 1697 1726 1696 -1
GCP,adapt_p70-52877936550931_a236-25_260_map.h5,6.84703,10,411,1103,19.471220:236.250000,1209,False,17,5,1271,0.915794,5.80669,0,0.0127771,1208 1208 1271 1270 -1
GCP,adapt_p60-00000000000001_a292-5_535_map.h5,6.68267,10,142,1122,30.000000:292.500000,1343,False,44,4,1220,0.52594,5.57998,0,0.013153,1222 1220 1282 -1
GCP,adapt_p70-52877936550931_a326-24999999999994_365_map.h5,7.77892,10,218,764,19.471220:326.250000,1225,False,27,5,1287,0.922487,7.38021,0,0.0128781,1288 1287 1286 1224 -1
GCP,adapt_p35-659087696138755_a105-0_472_map.h5,3.04482,10,80,1096,54.340912:105.000000,1579,False,641,2,1364,0,0.052735,0,0.052735,1450 -1
GCP,adapt_p70-52877936550931_a78-75_336_map.h5,6.85493,10,535,1183,19.471220:78.750000,1181,True,13,4,1181,0.844077,4.92663,0,0.0128722,1244 1181 1245 -1
GCP,adapt_p35-659087696138755_a14-999999999999998_275_map.h5,8.89255,10,551,396,54.340912:15.000000,1568,True,7,6,1568,0.999998,8.25276,0,0.0132295,1613 1613 1612 1568 1569 -1
GCP,adapt_p35-659087696138755_a344-99999999999994_36_map.h5,6.88036,10,593,1119,54.340912:345.000000,1609,True,10,5,1608,0.999086,5.81087,0,0.0124408,1649 1649 1608 1609 -1
GCP,adapt_p23-556464309101234_a292-5_131_map.h5,5.84997,10,377,1532,66.443535:292.500000,1712,True,13,4,1712,0.897978,4.82113,0,0.0128431,1713 1712 1680 -1
GCP,adapt_p35-659087696138755_a255-00000000000003_383_map.h5,8.87607,10,334,401,54.340912:255.000000,1598,True,13,6,1639,0.996584,8.22589,0,0.012723,1640 1640 1639 1597 1598 -1
GCP,adapt_p48-18968510422141_a281-24999999999994_483_map.h5,5.83197,10,433,1551,41.810314:281.250000,1507,False,16,5,1509,0.846139,5.78688,0,0.012829,1456 1456 1508 1509 -1
GCP,adapt_p35-659087696138755_a14-999999999999998_311_map.h5,5.7531,10,259,1513,54.340912:15.000000,1568,True,28,4,1569,0.816062,4.83773,0,0.0137354,1612 1568 1569 -1
GCP,adapt_p23-556464309101234_a292-5_55_map.h5,6.87609,10,637,1136,66.443535:292.500000,1712,True,9,4,1738,0.852771,4.82715,0,0.0127399,1712 1738 1739 -1
GCP,adapt_p35-659087696138755_a224-99999999999997_224_map.h5,6.1908,10,141,1159,54.340912:225.000000,1594,False,119,2,1548,0,0.0140588,0,0.0140588,1618 -1
GCP,adapt_p23-556464309101234_a337-5_228_map.h5,7.88626,10,690,727,66.443535:337.500000,1716,True,10,5,1716,0.99851,7.27071,0,0.0125369,1717 1716 1742 1717 -1
GCP,adapt_p60-00000000000001_a180-0_187_map.h5,6.8339,10,330,1043,30.000000:180.000000,1324,True,18,4,1324,0.787562,4.90775,0,0.0128865,1325 1324 1323 -1
GCP,adapt_p35-659087696138755_a344-99999999999994_484_map.h5,5.74797,10,245,1545,54.340912:345.000000,1609,True,24,4,1609,0.77185,4.99062,0,0.012855,1566 1609 1649 -1
GCP,adapt_p60-00000000000001_a224-99999999999997_432_map.h5,8.77793,10,153,361,30.000000:225.000000,1331,False,29,5,1269,0.891176,7.24237,0,0.0128714,1205 1268 1269 1270 -1
GCP,adapt_p35-659087696138755_a105-0_187_map.h5,7.87825,10,483,771,54.340912:105.000000,1579,True,11,5,1623,0.98102,5.91159,0,0.0125312,1622 1622 1579 1623 -1
GCP,adapt_p35-659087696138755_a344-99999999999994_31_map.h5,7.89038,10,638,736,54.340912:345.000000,1609,True,10,5,1609,0.997801,7.29826,0,0.0124196,1610 1609 1650 1610 -1
GCP,adapt_p70-52877936550931_a236-25_79_map.h5,6.84822,10,431,1158,19.471220:236.250000,1209,True,16,4,1209,0.862433,4.80784,0,0.0126028,1271 1272 1209 -1
GCP,adapt_p60-00000000000001_a0-0_338_map.h5,7.84576,10,391,762,30.000000:0.000000,1294,True,16,4,1294,0.914663,4.87963,0,0.0130646,1292 1353 1294 -1
GCP,adapt_p48-18968510422141_a191-25_321_map.h5,5.82028,10,362,1406,41.810314:191.250000,1494,False,20,4,1441,0.822561,5.05501,0,0.0125306,1385 1441 1440 -1
GCP,adapt_p80-40593177313954_a0-0_477_map.h5,8.87514,10,450,370,9.594069:0.000000,1034,True,13,6,1034,0.974066,8.35255,0,0.0126634,1035 1035 1101 1034 1100 -1
GCP,adapt_p70-52877936550931_a11-25_387_map.h5,6.62562,10,82,1098,19.471220:11.250000,1169,False,49,4,1234,0.624561,5.49236,0,0.0132088,1236 1234 1233 -1
GCP,adapt_p80-40593177313954_a90-0_293_map.h5,7.68926,10,213,760,9.594069:90.000000,1051,True,33,4,1051,0.58384,5.37126,0,0.0125324,985 1051 983 -1
GCP,adapt_p70-52877936550931_a258-75_528_map.h5,8.83006,10,742,369,19.471220:258.750000,1213,True,10,6,1213,0.999922,8.26137,0,0.0127413,1212 1212 1213 1148 1147 -1
GCP,adapt_p70-52877936550931_a168-74999999999997_34_map.h5,6.87753,10,677,1061,19.471220:168.750000,1197,True,12,5,1197,0.992375,5.89709,0,0.0132814,1132 1132 1198 1197 -1
GCP,adapt_p48-18968510422141_a78-75_94_map.h5,8.88723,10,542,376,41.810314:78.750000,1478,True,12,6,1478,0.999756,8.27087,0,0.012584,1477 1477 1478 1530 1529 -1
GCP,adapt_p60-00000000000001_a315-0_236_map.h5,7.8743,10,383,724,30.000000:315.000000,1346,True,10,5,1347,0.990817,5.81131,0,0.0125068,1286 1286 1347 1346 -1
GCP,adapt_p70-52877936550931_a168-74999999999997_504_map.h5,8.8463,10,324,409,19.471220:168.750000,1197,True,16,5,1259,0.824718,7.43681,0,0.0125188,1195 1259 1260 1197 -1
GCP,adapt_p11-715852394892384_a315-0_333_map.h5,1.37247,10,12,349,78.284149:315.000000,1778,False,1800,2,1573,0,0.314091,0,0.314091,892 -1
GCP,adapt_p60-00000000000001_a315-0_475_map.h5,8.88323,10,486,374,30.000000:315.000000,1346,True,10,6,1346,0.998284,8.34636,0,0.0125706,1404 1404 1347 1346 1285 -1
GCP,adapt_p48-18968510422141_a101-24999999999999_439_map.h5,7.89883,10,613,791,41.810314:101.250000,1481,True,9,5,1481,0.998829,5.88801,0,0.0129516,1482 1482 1533 1481 -1
GCP,adapt_p23-556464309101234_a337-5_394_map.h5,7.87598,10,365,719,66.443535:337.500000,1716,True,12,5,1716,0.968167,5.76466,0,0.0128127,1742 1742 1716 1717 -1
GCP,adapt_p80-40593177313954_a22-5_21_map.h5,1.34822,10,28,333,9.594069:22.500000,1038,False,1800,2,1736,0,0.314353,0,0.314353,1126 -1
GCP,adapt_p60-00000000000001_a180-0_315_map.h5,7.86417,10,207,744,30.000000:180.000000,1324,True,14,5,1325,0.969711,7.85035,0,0.0126413,1263 1325 1326 1324 -1
GCP,adapt_p48-18968510422141_a56-24999999999999_433_map.h5,7.88928,10,473,694,41.810314:56.250000,1475,True,10,5,1420,0.971008,7.42128,0,0.0125362,1475 1474 1420 1475 -1
GCP,adapt_p48-18968510422141_a146-25_458_map.h5,6.82089,10,239,1139,41.810314:146.250000,1488,True,20,4,1538,0.852351,4.7832,0,0.0129028,1488 1487 1538 -1
GCP,adapt_p70-52877936550931_a348-74999999999994_68_map.h5,7.88033,10,525,695,19.471220:348.750000,1229,True,9,5,1229,0.970497,7.34803,0,0.0124592,1165 1164 1229 1165 -1
GCP,adapt_p60-00000000000001_a180-0_319_map.h5,7.7789,10,223,741,30.000000:180.000000,1324,False,24,5,1325,0.866847,7.22434,0,0.0129149,1263 1325 1383 1384 -1
GCP,adapt_p23-556464309101234_a247-49999999999997_128_map.h5,8.81434,10,263,381,66.443535:247.500000,1708,True,22,5,1735,0.869772,7.09712,0,0.0124616,1676 1709 1708 1735 -1
GCP,adapt_p35-659087696138755_a14-999999999999998_141_map.h5,5.81662,10,92,1073,54.340912:15.000000,1568,False,178,3,1569,0.32685,5.56675,0,0.0157643,1740 1569 -1
GCP,adapt_p11-715852394892384_a315-0_255_map.h5,5.88638,10,873,1523,78.284149:315.000000,1778,True,7,4,1778,0.920039,3.37287,0,0.0124115,1762 1762 1778 -1
GCP,adapt_p60-00000000000001_a45-0_65_map.h5,7.78754,10,244,757,30.000000:45.000000,1301,False,22,5,1302,0.841449,7.44801,0,0.0132611,1360 1361 1362 1302 -1
GCP,adapt_p60-00000000000001_a90-0_547_map.h5,6.8872,10,443,1145,30.000000:90.000000,1309,True,12,5,1309,0.993654,5.8034,0,0.0126236,1368 1368 1309 1308 -1
GCP,adapt_p70-52877936550931_a236-25_33_map.h5,7.79728,10,377,783,19.471220:236.250000,1209,True,22,5,1209,0.852932,7.40536,0,0.0125265,1272 1210 1209 1144 -1
GCP,adapt_p11-715852394892384_a225-0_74_map.h5,5.77766,10,301,1494,78.284149:225.000000,1774,False,25,4,1756,0.683443,4.8705,0,0.0131742,1705 1732 1756 -1
GCP,adapt_p23-556464309101234_a247-49999999999997_268_map.h5,7.87826,10,516,723,66.443535:247.500000,1708,True,11,5,1675,0.956007,5.7583,0,0.0125287,1708 1708 1675 1676 -1
GCP,adapt_p35-659087696138755_a105-0_567_map.h5,8.85637,10,329,362,54.340912:105.000000,1579,True,15,6,1579,0.996945,8.25255,0,0.0124361,1580 1580 1579 1622 1623 -1
GCP,adapt_p35-659087696138755_a14-999999999999998_584_map.h5,8.8941,10,508,406,54.340912:15.000000,1568,True,7,6,1568,0.999979,8.25222,0,0.0126925,1613 1613 1612 1568 1569 -1
GCP,adapt_p60-00000000000001_a135-0_12_map.h5,6.44863,10,113,685,30.000000:135.000000,1316,False,244,4,1371,0.291162,6.05258,0,0.0178492,1189 1312 1371 -1
GCP,adapt_p80-40593177313954_a135-0_591_map.h5,5.33425,10,122,1583,9.594069:135.000000,1059,False,88,3,1061,0.306839,4.12105,0,0.0135746,1057 1061 -1
GCP,adapt_p60-00000000000001_a22-5_564_map.h5,7.82238,10,289,788,30.000000:22.500000,1298,True,18,5,1298,0.952408,7.28857,0,0.0124534,1296 1297 1298 1235 -1
GCP,adapt_p48-18968510422141_a101-24999999999999_78_map.h5,7.89155,10,602,726,41.810314:101.250000,1481,True,9,5,1481,0.995784,5.90925,0,0.0132497,1482 1482 1428 1481 -1
GCP,adapt_p48-18968510422141_a101-24999999999999_344_map.h5,8.89743,10,637,356,41.810314:101.250000,1481,True,6,6,1427,0.999999,8.26466,0,0.012391,1428 1428 1427 1481 1482 -1
GCP,adapt_p23-556464309101234_a292-5_475_map.h5,6.68188,10,155,1119,66.443535:292.500000,1712,False,46,4,1737,0.615858,5.15561,0,0.0129315,1761 1737 1710 -1
GCP,adapt_p11-715852394892384_a45-0_324_map.h5,4.04986,10,95,1499,78.284149:45.000000,1766,False,286,3,911,0.0901459,3.2091,0,0.0208313,1413 1296 -1
GCP,adapt_p70-52877936550931_a78-75_245_map.h5,7.80826,10,282,770,19.471220:78.750000,1181,True,23,5,1181,0.844755,7.26356,0,0.0125539,1115 1181 1244 1180 -1
GCP,adapt_p70-52877936550931_a101-24999999999999_393_map.h5,6.8748,10,627,1118,19.471220:101.250000,1185,False,10,4,1186,0.774288,4.81331,0,0.0129956,1250 1249 1186 -1
GCP,adapt_p48-18968510422141_a78-75_302_map.h5,7.89839,10,673,727,41.810314:78.750000,1478,True,10,5,1478,0.998383,7.36331,0,0.0124189,1425 1424 1478 1425 -1
GCP,adapt_p70-52877936550931_a303-75_407_map.h5,8.87501,10,447,372,19.471220:303.750000,1221,True,12,6,1156,0.99692,8.2738,0,0.0127879,1220 1220 1221 1156 1155 -1
GCP,adapt_p35-659087696138755_a75-0_556_map.h5,7.83395,10,355,748,54.340912:75.000000,1576,True,19,5,1576,0.959286,7.82488,0,0.0128674,1619 1575 1576 1574 -1
GCP,adapt_p60-00000000000001_a0-0_486_map.h5,6.87717,10,639,1085,30.000000:0.000000,1294,True,11,5,1411,0.991557,5.89421,0,0.0126412,1354 1354 1411 1294 -1
GCP,adapt_p48-18968510422141_a303-75_38_map.h5,5.81791,10,381,1528,41.810314:303.750000,1510,False,20,4,1459,0.743148,4.79136,0,0.01288,1460 1459 1511 -1
GCP,adapt_p80-40593177313954_a112-49999999999999_276_map.h5,8.87128,10,396,374,9.594069:112.500000,1055,True,13,6,1055,0.994012,8.36434,0,0.0125232,988 988 1056 1055 1054 -1
GCP,adapt_p60-00000000000001_a45-0_83_map.h5,7.33813,10,128,793,30.000000:45.000000,1301,False,98,3,1360,0.290888,5.64195,0,0.0136692,1721 1360 -1
GCP,adapt_p70-52877936550931_a236-25_254_map.h5,7.85421,10,570,728,19.471220:236.250000,1209,True,16,5,1209,0.984067,7.27404,0,0.0125896,1143 1144 1209 1210 -1
GCP,adapt_p23-556464309101234_a292-5_209_map.h5,8.89328,10,521,381,66.443535:292.500000,1712,True,9,6,1739,0.999743,8.22894,0,0.0125247,1712 1712 1738 1739 1761 -1
GCP,adapt_p60-00000000000001_a45-0_461_map.h5,8.35356,10,102,365,30.000000:45.000000,1301,True,97,3,1301,0.45618,7.47403,0,0.0142425,1783 1301 -1
GCP,adapt_p60-00000000000001_a0-0_303_map.h5,6.87623,10,596,1061,30.000000:0.000000,1294,True,12,5,1295,0.998487,5.89243,0,0.0125583,1354 1354 1295 1294 -1
GCP,adapt_p48-18968510422141_a123-74999999999999_159_map.h5,8.88718,10,450,371,41.810314:123.750000,1484,True,10,6,1485,0.998389,8.21413,0,0.0126126,1431 1431 1484 1485 1536 -1
GCP,adapt_p23-556464309101234_a112-5_195_map.h5,7.84524,10,394,785,66.443535:112.500000,1697,True,16,5,1697,0.886689,7.32912,0,0.012555,1726 1697 1662 1696 -1
GCP,adapt_p35-659087696138755_a285-0_200_map.h5,5.85225,10,456,1471,54.340912:285.000000,1601,True,13,4,1601,0.931653,4.90808,0,0.0125465,1600 1556 1601 -1
GCP,adapt_p48-18968510422141_a213-75_404_map.h5,8.86276,10,352,380,41.810314:213.750000,1497,False,16,6,1446,0.968936,8.27437,0,0.0130383,1447 1447 1446 1499 1498 -1
GCP,adapt_p80-40593177313954_a135-0_531_map.h5,7.87696,10,604,789,9.594069:135.000000,1059,True,10,5,1124,0.783435,6.0927,0,0.0128503,1058 1058 1124 1059 -1
GCP,adapt_p80-40593177313954_a337-49999999999994_392_map.h5,7.88622,10,540,750,9.594069:337.500000,1097,True,12,5,1096,0.999404,5.91161,0,0.0125704,1029 1029 1097 1096 -1
GCP,adapt_p60-00000000000001_a22-5_67_map.h5,6.87175,10,522,1112,30.000000:22.500000,1298,True,12,5,1298,0.988371,5.8604,0,0.0130496,1357 1357 1298 1297 -1
GCP,adapt_p48-18968510422141_a78-75_208_map.h5,7.77584,10,172,740,41.810314:78.750000,1478,False,31,5,1425,0.795473,7.24499,0,0.0129682,1423 1424 1425 1479 -1
GCP,adapt_p35-659087696138755_a224-99999999999997_20_map.h5,8.64085,10,110,380,54.340912:225.000000,1594,False,48,5,1636,0.769903,7.34756,0,0.0129588,1592 1635 1636 1673 -1
GCP,adapt_p80-40593177313954_a45-0_568_map.h5,6.87018,10,653,1061,9.594069:45.000000,1042,True,12,5,1042,0.871507,5.86966,0,0.0126142,1108 1108 1042 1043 -1
GCP,adapt_p48-18968510422141_a191-25_333_map.h5,6.70416,10,195,1096,41.810314:191.250000,1494,False,42,4,1441,0.600538,5.36127,0,0.012657,1544 1441 1440 -1
GCP,adapt_p23-556464309101234_a67-5_460_map.h5,6.81831,10,280,1094,66.443535:67.500000,1693,False,19,4,1657,0.823622,4.78056,0,0.0124805,1692 1656 1657 -1
GCP,adapt_p60-00000000000001_a67-5_70_map.h5,7.88531,10,522,692,30.000000:67.500000,1305,True,10,5,1306,0.977387,5.80631,0,0.0124822,1243 1243 1306 1305 -1
GCP,adapt_p80-40593177313954_a45-0_245_map.h5,5.82331,10,437,1493,9.594069:45.000000,1042,True,17,4,1043,0.74575,4.91715,0,0.0125084,1042 1043 1044 -1
GCP,adapt_p48-18968510422141_a303-75_213_map.h5,7.86232,10,522,749,41.810314:303.750000,1510,True,12,5,1510,0.915993,7.41931,0,0.0124946,1459 1458 1510 1459 -1
GCP,adapt_p60-00000000000001_a292-5_478_map.h5,5.85017,10,626,1425,30.000000:292.500000,1343,True,13,4,1401,0.92184,4.80059,0,0.0126449,1402 1401 1343 -1
GCP,adapt_p70-52877936550931_a281-24999999999994_18_map.h5,6.83335,10,494,1109,19.471220:281.250000,1217,False,17,5,1153,0.850125,5.81219,0,0.0124731,1219 1219 1154 1153 -1
GCP,adapt_p80-40593177313954_a135-0_406_map.h5,7.66985,10,194,688,9.594069:135.000000,1059,False,41,5,992,0.674402,7.39762,0,0.0129516,994 993 992 991 -1
GCP,adapt_p60-00000000000001_a45-0_204_map.h5,7.83424,10,142,760,30.000000:45.000000,1301,True,19,5,1360,0.946149,7.17089,0,0.012579,1419 1361 1360 1301 -1
GCP,adapt_p60-00000000000001_a0-0_459_map.h5,2.0389,10,20,331,30.000000:0.000000,1294,False,1800,2,1552,0,0.317493,0,0.317493,878 -1
GCP,adapt_p60-00000000000001_a315-0_522_map.h5,6.87219,10,619,1125,30.000000:315.000000,1346,True,11,5,1346,0.999294,5.80644,0,0.0126131,1285 1285 1346 1347 -1
GCP,adapt_p60-00000000000001_a157-5_515_map.h5,6.88019,10,554,1114,30.000000:157.500000,1320,True,12,5,1320,0.940553,5.91222,0,0.0125963,1379 1379 1320 1378 -1
GCP,adapt_p80-40593177313954_a157-5_23_map.h5,7.81932,10,315,738,9.594069:157.500000,1063,True,21,5,1129,0.835945,7.20866,0,0.0124965,1195 1129 1063 1062 -1
GCP,adapt_p70-52877936550931_a213-75_424_map.h5,7.89295,10,757,704,19.471220:213.750000,1205,True,11,5,1204,0.997249,5.86085,0,0.0128343,1139 1139 1204 1205 -1
GCP,adapt_p80-40593177313954_a224-99999999999997_347_map.h5,5.22387,10,103,1102,9.594069:225.000000,1076,False,271,2,1014,0,0.0208409,0,0.0208409,1026 -1
GCP,adapt_p48-18968510422141_a33-75_2_map.h5,8.90029,10,515,356,41.810314:33.750000,1471,True,10,6,1472,0.997842,8.21299,0,0.0124869,1471 1471 1472 1524 1525 -1
GCP,adapt_p60-00000000000001_a0-0_156_map.h5,5.83527,10,423,1493,30.000000:0.000000,1294,True,18,4,1294,0.914794,4.87911,0,0.012552,1292 1353 1294 -1
GCP,adapt_p80-40593177313954_a135-0_69_map.h5,6.80494,10,270,1117,9.594069:135.000000,1059,True,22,4,1059,0.848475,4.91103,0,0.0128705,991 1059 1058 -1
GCP,adapt_p48-18968510422141_a258-75_130_map.h5,7.7861,10,436,753,41.810314:258.750000,1504,True,10,5,1504,0.978854,7.32944,0,0.0127229,1451 1452 1504 1451 -1
GCP,adapt_p35-659087696138755_a45-0_239_map.h5,7.8933,10,566,789,54.340912:45.000000,1572,True,8,5,1572,0.987991,7.40269,0,0.0125019,1573 1572 1616 1573 -1
GCP,adapt_p70-52877936550931_a78-75_335_map.h5,5.86733,10,470,1491,19.471220:78.750000,1181,True,10,4,1115,0.958362,4.8059,0,0.0124698,1114 1115 1181 -1
GCP,adapt_p60-00000000000001_a315-0_17_map.h5,8.89399,10,643,371,30.000000:315.000000,1346,True,9,6,1346,0.999994,8.25366,0,0.0128203,1285 1285 1286 1347 1346 -1
GCP,adapt_p80-40593177313954_a22-5_502_map.h5,7.60397,10,176,736,9.594069:22.500000,1038,False,50,4,1036,0.54807,6.91098,0,0.0128407,1107 1036 1035 -1
GCP,adapt_p60-00000000000001_a112-49999999999999_431_map.h5,6.84738,10,358,1159,30.000000:112.500000,1313,True,18,4,1313,0.769948,4.81166,0,0.0134065,1314 1313 1372 -1
GCP,adapt_p60-00000000000001_a135-0_196_map.h5,7.37177,10,194,721,30.000000:135.000000,1316,False,90,4,1427,0.272145,5.8971,0,0.014029,1621 1480 1427 -1
GCP,adapt_p48-18968510422141_a258-75_220_map.h5,5.56651,10,90,1161,41.810314:258.750000,1504,False,218,2,1015,0,0.0167435,0,0.0167435,1501 -1
GCP,adapt_p48-18968510422141_a236-25_59_map.h5,7.77506,10,89,412,41.810314:236.250000,1501,False,198,2,1552,0,0.0162238,0,0.0162238,975 -1
GCP,adapt_p23-556464309101234_a157-5_30_map.h5,8.88123,10,417,411,66.443535:157.500000,1701,False,13,6,1700,0.990963,8.24806,0,0.0125644,1666 1666 1700 1699 1665 -1
GCP,adapt_p48-18968510422141_a101-24999999999999_163_map.h5,7.87139,10,227,745,41.810314:101.250000,1481,True,13,5,1428,0.966265,7.26212,0,0.0124478,1482 1481 1427 1428 -1
GCP,adapt_p60-00000000000001_a45-0_515_map.h5,6.87226,10,532,1116,30.000000:45.000000,1301,True,10,4,1301,0.952216,4.81238,0,0.0125421,1302 1301 1238 -1
GCP,adapt_p70-52877936550931_a348-74999999999994_14_map.h5,7.81005,10,187,735,19.471220:348.750000,1229,True,24,5,1229,0.845,7.34505,0,0.0127418,1164 1165 1230 1229 -1
GCP,adapt_p60-00000000000001_a315-0_574_map.h5,7.86296,10,534,699,30.000000:315.000000,1346,True,10,5,1347,0.979581,7.41768,0,0.012834,1346 1347 1286 1346 -1
GCP,adapt_p70-52877936550931_a123-74999999999999_498_map.h5,6.86511,10,428,1150,19.471220:123.750000,1189,True,15,4,1123,0.730574,4.82243,0,0.0126873,1190 1189 1123 -1
GCP,adapt_p23-556464309101234_a202-5_121_map.h5,5.89423,10,840,1530,66.443535:202.500000,1704,True,7,4,1705,0.688792,3.40789,0,0.0135678,1704 1704 1705 -1
GCP,adapt_p48-18968510422141_a348-74999999999994_428_map.h5,8.90263,10,513,336,41.810314:348.750000,1517,True,8,6,1517,0.999882,8.38591,0,0.0131561,1465 1465 1516 1517 1466 -1
GCP,adapt_p80-40593177313954_a292-5_58_map.h5,7.22712,10,150,762,9.594069:292.500000,1088,False,111,4,1019,0.541695,5.47967,0,0.0137212,955 1020 1019 -1
GCP,adapt_p23-556464309101234_a292-5_471_map.h5,8.80134,10,171,390,66.443535:292.500000,1712,False,25,5,1739,0.842392,7.15343,0,0.0124626,1681 1713 1739 1740 -1
GCP,adapt_p48-18968510422141_a191-25_375_map.h5,7.89547,10,579,696,41.810314:191.250000,1494,True,10,5,1494,0.995425,7.40666,0,0.0133708,1493 1494 1441 1493 -1
GCP,adapt_p70-52877936550931_a303-75_300_map.h5,8.79033,10,164,353,19.471220:303.750000,1221,False,25,5,1220,0.863154,7.20559,0,0.0124714,1155 1220 1219 1282 -1
GCP,adapt_p70-52877936550931_a123-74999999999999_238_map.h5,6.86724,10,454,1121,19.471220:123.750000,1189,False,15,4,1190,0.928237,4.82783,0,0.0125672,1124 1190 1191 -1
GCP,adapt_p70-52877936550931_a348-74999999999994_50_map.h5,7.81192,10,388,755,19.471220:348.750000,1229,True,22,5,1228,0.716174,7.35634,0,0.012872,1292 1229 1228 1227 -1
GCP,adapt_p80-40593177313954_a180-0_94_map.h5,7.87184,10,448,720,9.594069:180.000000,1067,True,13,5,1067,0.982283,7.25818,0,0.0129635,1133 1132 1066 1067 -1
GCP,adapt_p48-18968510422141_a281-24999999999994_40_map.h5,7.89349,10,648,732,41.810314:281.250000,1507,True,6,5,1507,0.995986,5.82582,0,0.0123264,1557 1557 1508 1507 -1
GCP,adapt_p11-715852394892384_a315-0_465_map.h5,7.8661,10,393,785,78.284149:315.000000,1778,True,13,5,1778,0.972568,7.03692,0,0.0127073,1763 1779 1778 1762 -1
GCP,adapt_p23-556464309101234_a157-5_426_map.h5,6.99322,10,68,793,66.443535:157.500000,1701,False,143,3,1534,0.288638,5.1332,0,0.0145581,1629 1534 -1
GCP,adapt_p70-52877936550931_a168-74999999999997_524_map.h5,7.66202,10,253,749,19.471220:168.750000,1197,False,44,4,1195,0.52531,5.62593,0,0.0127894,1260 1195 1130 -1
GCP,adapt_p11-715852394892384_a135-0_162_map.h5,7.89434,10,667,758,78.284149:135.000000,1770,False,7,5,1752,0.969697,7.18029,0,0.0124465,1771 1753 1752 1771 -1
GCP,adapt_p80-40593177313954_a90-0_9_map.h5,7.88371,10,480,744,9.594069:90.000000,1051,True,12,5,1050,0.996167,5.91864,0,0.0130922,1049 1049 1050 1051 -1
GCP,adapt_p48-18968510422141_a258-75_472_map.h5,7.87842,10,570,749,41.810314:258.750000,1504,False,12,5,1450,0.929552,7.70334,0,0.0123781,1451 1450 1502 1451 -1
GCP,adapt_p60-00000000000001_a22-5_0_map.h5,7.70209,10,157,801,30.000000:22.500000,1298,False,40,4,1296,0.570627,5.50714,0,0.0127304,1294 1296 1297 -1
GCP,adapt_p48-18968510422141_a303-75_40_map.h5,8.72129,10,162,368,41.810314:303.750000,1510,True,36,5,1403,0.665003,7.13499,0,0.0125373,1510 1458 1402 1403 -1
GCP,adapt_p80-40593177313954_a292-5_224_map.h5,8.88997,10,658,359,9.594069:292.500000,1088,True,11,5,1088,0.997759,5.91839,0,0.0128421,1087 1087 1088 1089 -1
GCP,adapt_p60-00000000000001_a180-0_359_map.h5,7.87609,10,383,760,30.000000:180.000000,1324,True,13,5,1382,0.964258,7.33324,0,0.012733,1381 1382 1323 1324 -1
GCP,adapt_p35-659087696138755_a285-0_592_map.h5,8.86297,10,562,333,54.340912:285.000000,1601,True,11,6,1601,0.998999,8.25295,0,0.0128391,1602 1602 1601 1642 1643 -1
GCP,adapt_p80-40593177313954_a202-49999999999997_484_map.h5,8.87706,10,485,365,9.594069:202.500000,1072,True,12,6,1072,0.991193,8.35831,0,0.0127365,1071 1071 1004 1072 1073 -1
GCP,adapt_p11-715852394892384_a315-0_313_map.h5,7.52258,10,153,764,78.284149:315.000000,1778,True,79,4,1778,0.377348,5.27428,0,0.0132258,1793 1790 1778 -1
GCP,adapt_p80-40593177313954_a247-49999999999997_188_map.h5,7.8542,10,319,762,9.594069:247.500000,1080,True,14,5,1081,0.920013,7.27627,0,0.0125952,1146 1147 1081 1080 -1
GCP,adapt_p80-40593177313954_a67-5_254_map.h5,6.649,10,144,1222,9.594069:67.500000,1047,False,48,4,1113,0.570842,4.98642,0,0.0128218,1045 1046 1113 -1
GCP,adapt_p70-52877936550931_a326-24999999999994_567_map.h5,6.86218,10,437,1078,19.471220:326.250000,1225,False,14,4,1161,0.849123,4.93483,0,0.0126128,1096 1161 1160 -1
GCP,adapt_p48-18968510422141_a56-24999999999999_26_map.h5,7.86702,10,440,726,41.810314:56.250000,1475,True,13,5,1474,0.947391,7.3809,0,0.0127885,1526 1475 1474 1420 -1
GCP,adapt_p70-52877936550931_a281-24999999999994_217_map.h5,8.88239,10,522,337,19.471220:281.250000,1217,True,12,6,1217,0.997709,8.18591,0,0.0124263,1279 1279 1216 1217 1152 -1
GCP,adapt_p35-659087696138755_a195-0_459_map.h5,8.88891,10,733,377,54.340912:195.000000,1590,True,7,6,1633,0.999954,8.22793,0,0.0129066,1632 1632 1633 1591 1590 -1
GCP,adapt_p70-52877936550931_a78-75_535_map.h5,7.85609,10,501,780,19.471220:78.750000,1181,True,14,5,1244,0.921389,7.43341,0,0.0127203,1243 1244 1245 1181 -1
GCP,adapt_p11-715852394892384_a315-0_252_map.h5,7.83237,10,328,670,78.284149:315.000000,1778,False,20,5,1779,0.87497,7.06029,0,0.0124453,1791 1779 1763 1762 -1
GCP,adapt_p70-52877936550931_a168-74999999999997_407_map.h5,7.84238,10,371,725,19.471220:168.750000,1197,True,16,5,1260,0.922272,7.25006,0,0.0124381,1259 1260 1197 1196 -1
GCP,adapt_p35-659087696138755_a14-999999999999998_352_map.h5,7.8691,10,380,799,54.340912:15.000000,1568,True,13,5,1569,0.994562,7.35748,0,0.0127124,1570 1569 1568 1613 -1
GCP,adapt_p23-556464309101234_a247-49999999999997_357_map.h5,7.48932,10,191,743,66.443535:247.500000,1708,False,78,5,1796,0.619355,7.0086,0,0.0134997,1783 1797 1796 1789 -1
GCP,adapt_p70-52877936550931_a348-74999999999994_283_map.h5,4.72488,10,122,1481,19.471220:348.750000,1229,False,183,3,1403,0.202652,3.99971,0,0.01547,1349 1403 -1
GCP,adapt_p48-18968510422141_a236-25_13_map.h5,8.89142,10,538,375,41.810314:236.250000,1501,True,8,6,1448,0.996235,8.29089,0,0.0123716,1447 1447 1500 1501 1448 -1
GCP,adapt_p70-52877936550931_a348-74999999999994_538_map.h5,8.88038,10,528,369,19.471220:348.750000,1229,True,13,5,1229,0.998529,7.39882,0,0.0124164,1230 1229 1228 1164 -1
GCP,adapt_p11-715852394892384_a315-0_541_map.h5,6.87747,10,572,1154,78.284149:315.000000,1778,False,12,5,1763,0.936827,5.71777,0,0.0123166,1779 1779 1763 1762 -1
GCP,adapt_p70-52877936550931_a348-74999999999994_255_map.h5,8.89113,10,628,364,19.471220:348.750000,1229,True,10,6,1229,0.999505,8.4144,0,0.0126904,1164 1164 1228 1229 1165 -1
GCP,adapt_p70-52877936550931_a78-75_442_map.h5,5.6171,10,142,1507,19.471220:78.750000,1181,False,51,4,1183,0.503069,5.60317,0,0.012695,1249 1247 1183 -1
GCP,adapt_p80-40593177313954_a22-5_572_map.h5,5.88139,10,406,1526,9.594069:22.500000,1038,False,10,4,1106,0.985989,4.8746,0,0.012411,1105 1106 1040 -1
GCP,adapt_p70-52877936550931_a123-74999999999999_334_map.h5,7.48401,10,81,775,19.471220:123.750000,1189,False,72,4,1060,0.527137,5.69385,0,0.0128078,1253 1126 1060 -1
GCP,adapt_p60-00000000000001_a292-5_398_map.h5,7.42776,10,113,758,30.000000:292.500000,1343,False,78,4,1218,0.44161,5.89429,0,0.0130445,1019 1218 1219 -1
GCP,adapt_p11-715852394892384_a315-0_101_map.h5,7.77717,10,251,738,78.284149:315.000000,1778,False,23,5,1763,0.90594,7.03908,0,0.0126414,1780 1779 1763 1762 -1
GCP,adapt_p80-40593177313954_a337-49999999999994_300_map.h5,5.77035,10,313,1444,9.594069:337.500000,1097,True,25,4,1098,0.602472,4.9171,0,0.0124593,1099 1098 1097 -1
GCP,adapt_p70-52877936550931_a191-25_252_map.h5,8.86589,10,395,332,19.471220:191.250000,1201,True,12,6,1264,0.980251,8.38709,0,0.0129276,1265 1265 1201 1264 1326 -1
GCP,adapt_p70-52877936550931_a33-75_15_map.h5,7.79483,10,467,801,19.471220:33.750000,1173,True,22,5,1237,0.837293,7.30581,0,0.0129666,1238 1237 1236 1173 -1
GCP,adapt_p80-40593177313954_a292-5_312_map.h5,5.84278,10,465,1505,9.594069:292.500000,1088,True,16,4,1088,0.743175,4.91141,0,0.0130254,1087 1088 1021 -1
GCP,adapt_p11-715852394892384_a135-0_356_map.h5,7.90092,10,826,765,78.284149:135.000000,1770,False,7,5,1752,0.974677,7.18073,0,0.0128841,1771 1753 1752 1771 -1
GCP,adapt_p60-00000000000001_a224-99999999999997_399_map.h5,6.86499,10,510,1139,30.000000:225.000000,1331,False,15,4,1389,0.854432,4.83027,0,0.0128142,1330 1388 1389 -1
GCP,adapt_p70-52877936550931_a146-25_52_map.h5,5.71383,10,261,1440,19.471220:146.250000,1193,False,26,4,1194,0.622002,4.85279,0,0.0129584,1129 1128 1194 -1
GCP,adapt_p70-52877936550931_a191-25_87_map.h5,8.87177,10,486,321,19.471220:191.250000,1201,True,11,6,1201,0.985719,8.25214,0,0.0130305,1202 1202 1201 1264 1265 -1
GCP,adapt_p48-18968510422141_a11-25_581_map.h5,8.72693,10,165,414,41.810314:11.250000,1468,True,37,5,1468,0.590154,7.27805,0,0.0128785,1415 1414 1468 1467 -1
GCP,adapt_p80-40593177313954_a247-49999999999997_485_map.h5,7.88434,10,482,779,9.594069:247.500000,1080,True,12,5,1079,0.972469,5.82248,0,0.0124511,1145 1145 1079 1080 -1
GCP,adapt_p11-715852394892384_a315-0_406_map.h5,5.83285,10,399,1443,78.284149:315.000000,1778,True,20,4,1778,0.714809,4.80272,0,0.012956,1789 1777 1778 -1
GCP,adapt_p60-00000000000001_a0-0_384_map.h5,7.85315,10,393,760,30.000000:0.000000,1294,True,15,5,1353,0.858888,7.33188,0,0.0126805,1410 1352 1353 1294 -1
GCP,adapt_p70-52877936550931_a33-75_208_map.h5,7.87212,10,378,750,19.471220:33.750000,1173,True,13,5,1173,0.944209,7.30097,0,0.0126762,1172 1173 1107 1106 -1
GCP,adapt_p35-659087696138755_a14-999999999999998_509_map.h5,6.8819,10,574,1075,54.340912:15.000000,1568,False,10,5,1613,0.996992,5.80444,0,0.0129055,1569 1569 1613 1614 -1
GCP,adapt_p60-00000000000001_a135-0_134_map.h5,6.86632,10,668,1116,30.000000:135.000000,1316,True,12,4,1317,0.927544,4.85366,0,0.0124798,1316 1317 1255 -1
GCP,adapt_p35-659087696138755_a165-0_319_map.h5,4.58531,10,95,1500,54.340912:165.000000,1587,False,206,3,1667,0.179153,4.12411,0,0.0170038,1726 1667 -1
GCP,adapt_p60-00000000000001_a22-5_13_map.h5,8.87439,10,494,365,30.000000:22.500000,1298,True,11,6,1298,0.982359,8.3334,0,0.0123964,1357 1357 1358 1298 1235 -1
GCP,adapt_p80-40593177313954_a337-49999999999994_516_map.h5,4.93904,10,112,1487,9.594069:337.500000,1097,False,152,2,1350,0,0.0147236,0,0.0147236,1509 -1
GCP,adapt_p70-52877936550931_a213-75_180_map.h5,7.87629,10,479,743,19.471220:213.750000,1205,True,13,5,1205,0.973105,7.30064,0,0.0125147,1141 1140 1205 1206 -1
GCP,adapt_p70-52877936550931_a33-75_234_map.h5,7.85439,10,313,731,19.471220:33.750000,1173,True,15,5,1173,0.967259,5.85203,0,0.0124015,1107 1107 1173 1172 -1
GCP,adapt_p48-18968510422141_a348-74999999999994_513_map.h5,7.77822,10,251,794,41.810314:348.750000,1517,True,27,5,1410,0.831419,7.36908,0,0.0125771,1517 1466 1411 1410 -1
GCP,adapt_p80-40593177313954_a112-49999999999999_396_map.h5,5.76222,10,269,1481,9.594069:112.500000,1055,False,30,4,987,0.625254,5.37126,0,0.0125967,1056 987 1054 -1
GCP,adapt_p48-18968510422141_a123-74999999999999_327_map.h5,7.88808,10,682,778,41.810314:123.750000,1484,True,9,5,1484,0.990306,7.32895,0,0.0127166,1431 1484 1485 1431 -1
GCP,adapt_p80-40593177313954_a337-49999999999994_414_map.h5,7.73273,10,241,751,9.594069:337.500000,1097,False,35,5,1162,0.823714,7.32578,0,0.0130609,1096 1162 1227 1163 -1
GCP,adapt_p11-715852394892384_a45-0_138_map.h5,7.81799,10,153,772,78.284149:45.000000,1766,True,26,5,1746,0.91438,7.23804,0,0.0128101,1720 1746 1766 1745 -1
GCP,adapt_p60-00000000000001_a315-0_99_map.h5,6.65585,10,209,1156,30.000000:315.000000,1346,True,47,4,1346,0.716714,5.37707,0,0.0129324,1460 1346 1345 -1
GCP,adapt_p35-659087696138755_a315-0_329_map.h5,6.86472,10,531,1165,54.340912:315.000000,1605,True,12,5,1605,0.989538,5.77927,0,0.0130845,1646 1646 1605 1604 -1
GCP,adapt_p35-659087696138755_a135-0_89_map.h5,5.85637,10,480,1410,54.340912:135.000000,1583,True,14,5,1583,0.984867,5.7786,0,0.0124172,1537 1537 1583 1584 -1
GCP,adapt_p70-52877936550931_a123-74999999999999_217_map.h5,7.78005,10,294,734,19.471220:123.750000,1189,True,24,5,1189,0.870846,7.26063,0,0.0137686,1253 1252 1189 1188 -1
GCP,adapt_p23-556464309101234_a112-5_20_map.h5,6.8941,10,619,1127,66.443535:112.500000,1697,True,9,5,1726,0.999114,5.74526,0,0.0127022,1697 1697 1726 1727 -1
GCP,adapt_p70-52877936550931_a56-24999999999999_155_map.h5,6.75111,10,316,1184,19.471220:56.250000,1177,True,28,4,1239,0.611033,5.34115,0,0.0126758,1175 1239 1177 -1
GCP,adapt_p48-18968510422141_a191-25_176_map.h5,7.81209,10,232,739,41.810314:191.250000,1494,False,23,5,1440,0.870612,7.24682,0,0.0126971,1544 1493 1440 1441 -1
GCP,adapt_p60-00000000000001_a180-0_414_map.h5,8.88468,10,663,342,30.000000:180.000000,1324,True,9,6,1324,0.998942,8.33514,0,0.0131242,1383 1383 1382 1323 1324 -1
GCP,adapt_p11-715852394892384_a135-0_397_map.h5,5.79816,10,197,1546,78.284149:135.000000,1770,False,26,4,1769,0.65048,4.59121,0,0.0126609,1783 1784 1769 -1
GCP,adapt_p70-52877936550931_a258-75_499_map.h5,4.72912,10,175,1863,19.471220:258.750000,1213,False,33,3,1147,0.514593,2.57547,0,0.0126966,1082 1147 -1
GCP,adapt_p11-715852394892384_a135-0_401_map.h5,6.73682,10,109,1126,78.284149:135.000000,1770,False,43,4,1772,0.599939,5.18532,0,0.0129723,1774 1772 1771 -1
GCP,adapt_p35-659087696138755_a255-00000000000003_495_map.h5,7.89231,10,640,732,54.340912:255.000000,1598,False,9,5,1639,0.999217,5.81146,0,0.0124892,1676 1676 1639 1640 -1
GCP,adapt_p70-52877936550931_a78-75_59_map.h5,5.74497,10,166,1571,19.471220:78.750000,1181,True,30,4,1181,0.671285,5.15583,0,0.0128243,1243 1181 1115 -1
GCP,adapt_p70-52877936550931_a191-25_586_map.h5,8.87473,10,376,422,19.471220:191.250000,1201,False,12,6,1264,0.992263,8.58882,0,0.0130651,1326 1326 1263 1264 1265 -1
GCP,adapt_p80-40593177313954_a315-0_531_map.h5,8.50196,10,112,386,9.594069:315.000000,1093,True,68,4,1020,0.336869,7.96099,0,0.0128361,1224 1093 1020 -1
GCP,adapt_p60-00000000000001_a45-0_398_map.h5,8.89333,10,595,336,30.000000:45.000000,1301,True,8,6,1301,0.999998,8.27147,0,0.0124788,1361 1361 1360 1301 1302 -1
GCP,adapt_p35-659087696138755_a285-0_486_map.h5,7.78628,10,235,796,54.340912:285.000000,1601,True,22,4,1642,0.682144,4.82817,0,0.0135141,1601 1642 1643 -1
GCP,adapt_p80-40593177313954_a337-49999999999994_435_map.h5,7.86759,10,427,734,9.594069:337.500000,1097,True,13,5,1097,0.976336,7.37913,0,0.0132155,1096 1097 1098 1163 -1
GCP,adapt_p48-18968510422141_a78-75_9_map.h5,7.72354,10,155,748,41.810314:78.750000,1478,True,25,5,1424,0.853459,7.40199,0,0.0132096,1366 1423 1424 1478 -1
GCP,adapt_p35-659087696138755_a75-0_251_map.h5,7.77617,10,193,822,54.340912:75.000000,1576,False,27,5,1619,0.873279,7.22475,0,0.0126088,1574 1575 1619 1618 -1
GCP,adapt_p80-40593177313954_a337-49999999999994_251_map.h5,6.87032,10,584,1156,9.594069:337.500000,1097,True,12,5,1097,0.952821,5.91153,0,0.0124861,1029 1029 1097 1098 -1
GCP,adapt_p35-659087696138755_a285-0_334_map.h5,5.83937,10,349,1579,54.340912:285.000000,1601,False,17,5,1643,0.948213,5.84152,0,0.0124336,1642 1642 1643 1644 -1
GCP,adapt_p48-18968510422141_a123-74999999999999_121_map.h5,7.81737,10,366,733,41.810314:123.750000,1484,False,18,5,1431,0.937194,7.32062,0,0.0144001,1430 1431 1485 1432 -1
GCP,adapt_p80-40593177313954_a202-49999999999997_209_map.h5,6.82952,10,536,1143,9.594069:202.500000,1072,True,16,4,1071,0.965729,4.80926,0,0.0133069,1137 1071 1072 -1
GCP,adapt_p80-40593177313954_a247-49999999999997_363_map.h5,8.88433,10,361,386,9.594069:247.500000,1080,True,12,6,1080,0.998726,8.27475,0,0.0124788,1079 1079 1080 1146 1145 -1
GCP,adapt_p35-659087696138755_a14-999999999999998_497_map.h5,5.83225,10,353,1509,54.340912:15.000000,1568,False,17,4,1689,0.625019,4.89201,0,0.0125661,1719 1689 1652 -1
GCP,adapt_p23-556464309101234_a337-5_581_map.h5,5.76701,10,233,1473,66.443535:337.500000,1716,False,28,4,1717,0.558526,4.91373,0,0.0127991,1687 1717 1742 -1
GCP,adapt_p80-40593177313954_a45-0_121_map.h5,8.84728,10,235,361,9.594069:45.000000,1042,True,19,6,1042,0.920257,8.31908,0,0.0125155,1041 1041 1042 1108 1109 -1
GCP,adapt_p70-52877936550931_a11-25_584_map.h5,5.8774,10,462,1502,19.471220:11.250000,1169,True,11,4,1169,0.73887,4.88444,0,0.0124024,1233 1232 1169 -1
GCP,adapt_p23-556464309101234_a67-5_369_map.h5,6.65581,10,127,1068,66.443535:67.500000,1693,True,49,4,1693,0.549374,5.80489,0,0.0130216,1659 1693 1691 -1
GCP,adapt_p70-52877936550931_a168-74999999999997_556_map.h5,8.86727,10,311,388,19.471220:168.750000,1197,True,17,5,1131,0.980211,7.37906,0,0.0125186,1130 1131 1132 1197 -1
GCP,adapt_p48-18968510422141_a33-75_315_map.h5,8.90103,10,751,382,41.810314:33.750000,1471,True,8,6,1417,0.999984,8.54779,0,0.0127725,1471 1471 1416 1417 1472 -1
GCP,adapt_p60-00000000000001_a0-0_98_map.h5,7.79333,10,253,770,30.000000:0.000000,1294,True,25,5,1294,0.859947,7.36698,0,0.0124772,1295 1294 1353 1293 -1
GCP,adapt_p60-00000000000001_a337-49999999999994_383_map.h5,7.88823,10,499,785,30.000000:337.500000,1350,True,10,5,1351,0.88383,5.89845,0,0.0125711,1350 1350 1408 1351 -1
GCP,adapt_p60-00000000000001_a90-0_187_map.h5,3.46378,10,73,1498,30.000000:90.000000,1309,False,373,2,1270,0,0.0279193,0,0.0279193,1335 -1
GCP,adapt_p70-52877936550931_a56-24999999999999_450_map.h5,7.87389,10,587,823,19.471220:56.250000,1177,False,10,5,1112,0.919126,7.41725,0,0.0128872,1179 1178 1112 1179 -1
GCP,adapt_p60-00000000000001_a315-0_324_map.h5,7.8594,10,404,756,30.000000:315.000000,1346,True,11,5,1346,0.985556,5.82909,0,0.012404,1404 1404 1346 1347 -1
GCP,adapt_p70-52877936550931_a326-24999999999994_84_map.h5,6.8711,10,542,1149,19.471220:326.250000,1225,True,12,5,1225,0.977208,5.87692,0,0.0126907,1287 1287 1224 1225 -1
GCP,adapt_p11-715852394892384_a135-0_342_map.h5,7.87379,10,474,766,78.284149:135.000000,1770,True,11,5,1752,0.871901,5.74803,0,0.013032,1770 1770 1771 1752 -1
GCP,adapt_p70-52877936550931_a146-25_121_map.h5,8.84528,10,438,370,19.471220:146.250000,1193,True,18,5,1193,0.953188,7.54489,0,0.0125152,1195 1194 1193 1257 -1
GCP,adapt_p48-18968510422141_a101-24999999999999_365_map.h5,8.23425,10,88,422,41.810314:101.250000,1481,False,110,5,1309,0.706365,7.98548,0,0.0135932,1366 1309 1310 1247 -1
GCP,adapt_p80-40593177313954_a315-0_255_map.h5,7.87063,10,501,754,9.594069:315.000000,1093,True,11,5,1092,0.974182,5.86892,0,0.0131924,1158 1158 1092 1093 -1
GCP,adapt_p70-52877936550931_a123-74999999999999_245_map.h5,8.86843,10,422,352,19.471220:123.750000,1189,True,15,6,1253,0.998861,8.25853,0,0.0123758,1252 1252 1253 1190 1189 -1
GCP,adapt_p70-52877936550931_a213-75_114_map.h5,6.87205,10,624,1098,19.471220:213.750000,1205,True,11,5,1205,0.983211,5.81356,0,0.0127602,1268 1268 1205 1204 -1
GCP,adapt_p35-659087696138755_a344-99999999999994_266_map.h5,7.86034,10,338,723,54.340912:345.000000,1609,False,16,5,1649,0.939574,7.38145,0,0.0124671,1650 1649 1648 1608 -1
GCP,adapt_p60-00000000000001_a135-0_352_map.h5,7.80605,10,213,764,30.000000:135.000000,1316,True,23,5,1317,0.888606,7.36022,0,0.0127662,1318 1376 1317 1316 -1
GCP,adapt_p48-18968510422141_a101-24999999999999_174_map.h5,8.90336,10,574,355,41.810314:101.250000,1481,True,9,6,1428,0.999984,8.27861,0,0.0124238,1481 1481 1482 1428 1427 -1
GCP,adapt_p23-556464309101234_a337-5_177_map.h5,8.89323,10,719,366,66.443535:337.500000,1716,True,9,5,1716,0.987083,5.75827,0,0.0125459,1684 1684 1716 1717 -1
GCP,adapt_p80-40593177313954_a337-49999999999994_241_map.h5,6.74828,10,494,1111,9.594069:337.500000,1097,True,21,4,1098,0.74116,4.89637,0,0.0125391,1164 1098 1097 -1
GCP,adapt_p48-18968510422141_a168-74999999999997_365_map.h5,5.827,10,518,1505,41.810314:168.750000,1491,False,20,4,1438,0.881853,4.7975,0,0.0128141,1380 1437 1438 -1
GCP,adapt_p60-00000000000001_a292-5_426_map.h5,8.85244,10,424,373,30.000000:292.500000,1343,True,16,6,1342,0.956883,8.61142,0,0.0123554,1400 1400 1341 1342 1343 -1
GCP,adapt_p80-40593177313954_a180-0_101_map.h5,7.77321,10,266,729,9.594069:180.000000,1067,False,30,4,1001,0.517016,5.52602,0,0.012592,999 1001 1069 -1
GCP,adapt_p23-556464309101234_a22-5_491_map.h5,5.83834,10,332,1520,66.443535:22.500000,1689,False,18,4,1719,0.866925,4.7588,0,0.0124537,1745 1719 1718 -1
GCP,adapt_p60-00000000000001_a0-0_244_map.h5,5.76331,10,340,1539,30.000000:0.000000,1294,False,28,4,1410,0.613247,4.89105,0,0.0134913,1517 1466 1410 -1
GCP,adapt_p48-18968510422141_a303-75_14_map.h5,5.85142,10,471,1524,41.810314:303.750000,1510,False,14,4,1458,0.89506,4.79136,0,0.0123826,1403 1402 1458 -1
GCP,adapt_p70-52877936550931_a236-25_538_map.h5,7.80215,10,230,740,19.471220:236.250000,1209,True,23,5,1272,0.838539,7.25668,0,0.0126465,1334 1272 1209 1210 -1
GCP,adapt_p60-00000000000001_a337-49999999999994_333_map.h5,8.89516,10,554,390,30.000000:337.500000,1350,True,8,6,1350,0.999793,8.43966,0,0.0126217,1408 1408 1351 1350 1407 -1
GCP,adapt_p35-659087696138755_a195-0_45_map.h5,8.85095,10,249,389,54.340912:195.000000,1590,False,15,6,1591,0.979795,8.23478,0,0.0128382,1592 1592 1591 1546 1545 -1
GCP,adapt_p80-40593177313954_a0-0_316_map.h5,7.74437,10,149,764,9.594069:0.000000,1034,True,29,5,1034,0.856765,7.36079,0,0.0134255,1166 1100 1034 1035 -1
GCP,adapt_p35-659087696138755_a105-0_350_map.h5,6.88236,10,446,1161,54.340912:105.000000,1579,True,10,4,1623,0.927782,4.81191,0,0.012448,1579 1580 1623 -1
GCP,adapt_p48-18968510422141_a191-25_262_map.h5,6.88041,10,592,1089,41.810314:191.250000,1494,True,10,4,1494,0.92514,4.84824,0,0.0123939,1545 1544 1494 -1
GCP,adapt_p70-52877936550931_a281-24999999999994_550_map.h5,6.77225,10,248,1191,19.471220:281.250000,1217,True,27,4,1217,0.564373,5.00418,0,0.0125472,1278 1216 1217 -1
GCP,adapt_p80-40593177313954_a67-5_503_map.h5,5.75109,10,300,1477,9.594069:67.500000,1047,False,30,4,1046,0.734075,4.9109,0,0.0127421,978 1046 1045 -1
GCP,adapt_p35-659087696138755_a105-0_425_map.h5,7.8791,10,450,734,54.340912:105.000000,1579,True,10,5,1622,0.991746,7.32525,0,0.0127061,1623 1622 1579 1623 -1
GCP,adapt_p48-18968510422141_a101-24999999999999_70_map.h5,7.12346,10,129,704,41.810314:101.250000,1481,False,130,4,1482,0.379345,6.18125,0,0.0143068,1663 1533 1482 -1
GCP,adapt_p48-18968510422141_a56-24999999999999_474_map.h5,8.89014,10,678,349,41.810314:56.250000,1475,True,8,6,1475,0.999136,8.2168,0,0.0126189,1474 1474 1475 1421 1420 -1
GCP,adapt_p48-18968510422141_a303-75_41_map.h5,7.57307,10,44,313,41.810314:303.750000,1510,False,208,4,1511,0.431276,5.68087,0,0.0175124,1406 1512 1511 -1
GCP,adapt_p35-659087696138755_a14-999999999999998_104_map.h5,5.86144,10,431,1491,54.340912:15.000000,1568,True,14,4,1521,0.740501,4.82569,0,0.0123865,1567 1568 1521 -1
GCP,adapt_p60-00000000000001_a180-0_339_map.h5,7.81508,10,299,725,30.000000:180.000000,1324,False,19,5,1384,0.915525,7.31726,0,0.0127302,1385 1384 1326 1325 -1
GCP,adapt_p35-659087696138755_a14-999999999999998_172_map.h5,7.89041,10,571,769,54.340912:15.000000,1568,False,9,5,1569,0.988605,5.81269,0,0.012403,1613 1613 1569 1570 -1
GCP,adapt_p80-40593177313954_a112-49999999999999_5_map.h5,8.88541,10,614,415,9.594069:112.500000,1055,True,10,6,1055,0.999521,8.37424,0,0.0133717,1056 1056 1055 987 988 -1
GCP,adapt_p80-40593177313954_a22-5_217_map.h5,8.51752,10,134,391,9.594069:22.500000,1038,False,63,5,1171,0.410507,7.37335,0,0.0132736,1234 1171 1104 1103 -1
GCP,adapt_p70-52877936550931_a326-24999999999994_322_map.h5,5.85709,10,385,1530,19.471220:326.250000,1225,True,13,4,1225,0.950844,4.88101,0,0.0127317,1288 1225 1226 -1
GCP,adapt_p23-556464309101234_a202-5_67_map.h5,6.87636,10,552,1140,66.443535:202.500000,1704,False,12,5,1705,0.898039,5.87683,0,0.0124491,1733 1733 1732 1705 -1
GCP,adapt_p11-715852394892384_a315-0_82_map.h5,7.89941,10,708,715,78.284149:315.000000,1778,True,9,5,1762,0.995226,7.37464,0,0.0133954,1763 1762 1778 1763 -1
GCP,adapt_p80-40593177313954_a180-0_453_map.h5,7.84625,10,447,738,9.594069:180.000000,1067,True,15,5,1067,0.8817,7.81781,0,0.0125506,999 1067 1000 1066 -1
GCP,adapt_p80-40593177313954_a202-49999999999997_575_map.h5,6.96347,10,168,709,9.594069:202.500000,1072,False,154,4,1071,0.285236,5.32607,0,0.01531,1266 1137 1071 -1
GCP,adapt_p60-00000000000001_a135-0_495_map.h5,6.86823,10,519,1104,30.000000:135.000000,1316,True,10,4,1375,0.915512,4.82776,0,0.0125477,1317 1316 1375 -1
GCP,adapt_p35-659087696138755_a344-99999999999994_361_map.h5,7.86496,10,427,682,54.340912:345.000000,1609,True,13,5,1609,0.97149,7.2492,0,0.0128527,1608 1609 1650 1649 -1
GCP,adapt_p60-00000000000001_a202-49999999999997_141_map.h5,7.8563,10,506,727,30.000000:202.500000,1328,True,15,5,1328,0.971672,7.29618,0,0.012599,1329 1328 1386 1387 -1
GCP,adapt_p80-40593177313954_a135-0_364_map.h5,5.76676,10,236,1538,9.594069:135.000000,1059,False,28,4,1058,0.764248,5.51973,0,0.0130424,1060 1058 1057 -1
GCP,adapt_p70-52877936550931_a123-74999999999999_577_map.h5,5.69832,10,240,1414,19.471220:123.750000,1189,False,30,4,1187,0.622912,5.19534,0,0.0125037,1122 1187 1251 -1
GCP,adapt_p35-659087696138755_a45-0_229_map.h5,7.87406,10,285,767,54.340912:45.000000,1572,True,14,5,1572,0.985501,7.20568,0,0.0127415,1524 1525 1572 1571 -1
GCP,adapt_p48-18968510422141_a168-74999999999997_217_map.h5,8.90231,10,791,301,41.810314:168.750000,1491,True,7,6,1438,0.999999,8.21966,0,0.0124859,1439 1439 1438 1491 1492 -1
GCP,adapt_p35-659087696138755_a165-0_95_map.h5,5.1264,10,76,1125,54.340912:165.000000,1587,False,294,3,1376,0.110856,3.33877,0,0.0213202,1431 1376 -1
GCP,adapt_p60-00000000000001_a157-5_59_map.h5,7.59902,10,178,722,30.000000:157.500000,1320,True,57,4,1321,0.581411,7.61122,0,0.0128057,1666 1320 1321 -1
GCP,adapt_p23-556464309101234_a67-5_6_map.h5,5.10652,10,116,1503,66.443535:67.500000,1693,False,125,3,1480,0.188691,2.93946,0,0.014313,1533 1480 -1
GCP,adapt_p48-18968510422141_a213-75_48_map.h5,8.72455,10,164,344,41.810314:213.750000,1497,False,36,5,1445,0.761101,7.37421,0,0.0132381,1390 1446 1445 1444 -1
GCP,adapt_p11-715852394892384_a135-0_248_map.h5,7.88219,10,440,707,78.284149:135.000000,1770,False,12,5,1752,0.929548,5.78831,0,0.0126044,1753 1753 1752 1771 -1
GCP,adapt_p48-18968510422141_a348-74999999999994_282_map.h5,6.82869,10,576,1086,41.810314:348.750000,1517,True,19,4,1465,0.868449,4.85729,0,0.0131102,1464 1465 1517 -1
GCP,adapt_p60-00000000000001_a270-0_156_map.h5,8.75319,10,219,362,30.000000:270.000000,1339,True,33,5,1339,0.796647,7.25074,0,0.0126181,1398 1340 1339 1338 -1
GCP,adapt_p70-52877936550931_a303-75_469_map.h5,7.86239,10,437,721,19.471220:303.750000,1221,True,14,5,1221,0.948699,7.30295,0,0.0124131,1283 1284 1221 1222 -1
GCP,adapt_p80-40593177313954_a315-0_299_map.h5,7.85877,10,406,787,9.594069:315.000000,1093,True,13,5,1159,0.981004,7.2379,0,0.0130304,1093 1159 1158 1223 -1
GCP,adapt_p48-18968510422141_a168-74999999999997_153_map.h5,8.74317,10,170,350,41.810314:168.750000,1491,False,35,5,1438,0.692786,7.31603,0,0.0126283,1490 1437 1380 1438 -1
GCP,adapt_p60-00000000000001_a112-49999999999999_72_map.h5,6.8712,10,485,1194,30.000000:112.500000,1313,True,11,5,1313,0.997776,5.88,0,0.0126149,1250 1250 1313 1312 -1
GCP,adapt_p70-52877936550931_a11-25_280_map.h5,7.83414,10,413,762,19.471220:11.250000,1169,True,17,5,1169,0.944651,7.35166,0,0.0126745,1168 1169 1233 1170 -1
GCP,adapt_p35-659087696138755_a315-0_380_map.h5,7.81973,10,260,729,54.340912:315.000000,1605,True,21,5,1605,0.906382,7.32188,0,0.0130892,1561 1605 1646 1606 -1
GCP,adapt_p35-659087696138755_a165-0_321_map.h5,7.21607,10,136,724,54.340912:165.000000,1587,False,120,3,1492,0.183673,5.45685,0,0.0137739,1536 1492 -1
GCP,adapt_p60-00000000000001_a157-5_486_map.h5,5.77695,10,228,1475,30.000000:157.500000,1320,True,26,4,1320,0.710873,4.90771,0,0.0128507,1321 1320 1319 -1
GCP,adapt_p60-00000000000001_a0-0_583_map.h5,8.90643,10,662,388,30.000000:0.000000,1294,True,9,6,1353,0.999935,8.34028,0,0.0123904,1352 1352 1353 1411 1294 -1
GCP,adapt_p60-00000000000001_a224-99999999999997_465_map.h5,7.86008,10,552,766,30.000000:225.000000,1331,True,14,5,1270,0.828194,7.2926,0,0.0137064,1332 1331 1269 1270 -1
GCP,adapt_p60-00000000000001_a67-5_395_map.h5,4.41606,10,149,1480,30.000000:67.500000,1305,False,234,3,1181,0.0917256,3.78103,0,0.0174368,1433 1314 -1
GCP,adapt_p70-52877936550931_a56-24999999999999_424_map.h5,8.888,10,529,380,19.471220:56.250000,1177,True,12,6,1177,0.999561,8.21351,0,0.0128039,1111 1111 1177 1178 1241 -1
GCP,adapt_p60-00000000000001_a135-0_398_map.h5,5.74723,10,205,1512,30.000000:135.000000,1316,True,30,4,1375,0.739368,4.78928,0,0.0125799,1432 1375 1316 -1
GCP,adapt_p60-00000000000001_a90-0_196_map.h5,7.86944,10,463,739,30.000000:90.000000,1309,True,12,5,1309,0.986216,7.45617,0,0.0123537,1308 1309 1368 1308 -1
GCP,adapt_p60-00000000000001_a45-0_208_map.h5,5.87966,10,99,1108,30.000000:45.000000,1301,False,168,3,1110,0.243078,4.23253,0,0.0150088,980 1110 -1
GCP,adapt_p60-00000000000001_a112-49999999999999_58_map.h5,8.89443,10,510,404,30.000000:112.500000,1313,True,10,6,1313,0.998463,8.32138,0,0.0123831,1251 1251 1250 1313 1312 -1
GCP,adapt_p48-18968510422141_a123-74999999999999_417_map.h5,5.24401,10,179,1555,41.810314:123.750000,1484,False,110,3,1540,0.156177,3.84741,0,0.0138577,1321 1540 -1
GCP,adapt_p60-00000000000001_a180-0_546_map.h5,7.87025,10,450,790,30.000000:180.000000,1324,True,12,5,1324,0.993963,5.89699,0,0.0125388,1382 1382 1323 1324 -1
GCP,adapt_p70-52877936550931_a191-25_343_map.h5,7.75715,10,322,796,19.471220:191.250000,1201,False,30,5,1202,0.80956,7.212,0,0.0126727,1138 1203 1202 1265 -1
GCP,adapt_p70-52877936550931_a56-24999999999999_10_map.h5,5.83033,10,423,1491,19.471220:56.250000,1177,False,18,4,1111,0.815875,4.81557,0,0.0124692,1178 1112 1111 -1
GCP,adapt_p35-659087696138755_a105-0_4_map.h5,7.75771,10,175,760,54.340912:105.000000,1579,False,32,5,1622,0.69911,7.20327,0,0.0130975,1662 1661 1623 1622 -1
GCP,adapt_p70-52877936550931_a146-25_360_map.h5,8.85732,10,523,338,19.471220:146.250000,1193,True,15,6,1193,0.98945,8.3111,0,0.0124832,1192 1192 1193 1194 1128 -1
GCP,adapt_p70-52877936550931_a146-25_47_map.h5,8.88533,10,558,372,19.471220:146.250000,1193,True,12,6,1193,0.99763,8.25574,0,0.0124851,1256 1256 1255 1192 1193 -1
GCP,adapt_p23-556464309101234_a247-49999999999997_156_map.h5,7.6877,10,243,729,66.443535:247.500000,1708,True,42,5,1708,0.742357,7.2717,0,0.0131013,1639 1675 1708 1709 -1
GCP,adapt_p35-659087696138755_a105-0_55_map.h5,7.88333,10,550,706,54.340912:105.000000,1579,True,10,5,1579,0.981026,5.81307,0,0.0124825,1623 1623 1580 1579 -1
GCP,adapt_p23-556464309101234_a292-5_140_map.h5,7.61704,10,157,693,66.443535:292.500000,1712,False,54,4,1680,0.479989,5.48556,0,0.0127598,1714 1680 1643 -1
GCP,adapt_p60-00000000000001_a67-5_436_map.h5,7.87733,10,500,738,30.000000:67.500000,1305,False,12,5,1365,0.962387,7.41807,0,0.0124642,1366 1365 1306 1366 -1
GCP,adapt_p35-659087696138755_a135-0_219_map.h5,7.89325,10,545,755,54.340912:135.000000,1583,True,9,5,1626,0.989289,5.76998,0,0.012553,1583 1583 1626 1625 -1
GCP,adapt_p80-40593177313954_a67-5_294_map.h5,5.84354,10,316,1527,9.594069:67.500000,1047,False,16,4,979,0.917676,4.93609,0,0.0132818,980 979 978 -1
GCP,adapt_p80-40593177313954_a112-49999999999999_128_map.h5,6.72296,10,238,1159,9.594069:112.500000,1055,False,26,4,1054,0.697242,5.42261,0,0.012867,1122 1120 1054 -1
GCP,adapt_p80-40593177313954_a22-5_202_map.h5,8.87994,10,594,364,9.594069:22.500000,1038,True,12,6,1038,0.998913,8.3844,0,0.0128525,1104 1104 1037 1038 1039 -1
GCP,adapt_p80-40593177313954_a67-5_210_map.h5,6.85421,10,534,1120,9.594069:67.500000,1047,True,15,5,1047,0.962573,5.84861,0,0.0126241,1113 1113 1047 1048 -1
GCP,adapt_p48-18968510422141_a258-75_213_map.h5,7.88241,10,700,749,41.810314:258.750000,1504,True,10,5,1452,0.998624,5.8312,0,0.0124069,1504 1504 1452 1451 -1
GCP,adapt_p48-18968510422141_a281-24999999999994_434_map.h5,4.62463,10,122,1149,41.810314:281.250000,1507,False,355,2,1312,0,0.0250246,0,0.0250246,1018 -1
GCP,adapt_p60-00000000000001_a337-49999999999994_371_map.h5,8.89695,10,546,335,30.000000:337.500000,1350,True,9,6,1350,0.999805,8.28014,0,0.0128713,1290 1290 1289 1350 1351 -1
GCP,adapt_p70-52877936550931_a146-25_406_map.h5,7.64106,10,244,773,19.471220:146.250000,1193,False,49,5,1127,0.768452,7.18373,0,0.0127507,1061 1127 1126 1192 -1
GCP,adapt_p35-659087696138755_a224-99999999999997_72_map.h5,6.87104,10,588,1132,54.340912:225.000000,1594,True,11,4,1594,0.969223,4.77811,0,0.0127551,1593 1594 1636 -1
GCP,adapt_p35-659087696138755_a165-0_94_map.h5,7.75297,10,240,684,54.340912:165.000000,1587,False,32,5,1586,0.76665,7.38214,0,0.0128281,1630 1629 1628 1586 -1
GCP,adapt_p35-659087696138755_a75-0_509_map.h5,6.8789,10,559,1055,54.340912:75.000000,1576,True,10,5,1619,0.995196,5.82682,0,0.0128925,1576 1576 1620 1619 -1
GCP,adapt_p60-00000000000001_a135-0_60_map.h5,6.23186,10,109,1160,30.000000:135.000000,1316,False,110,4,1346,0.576019,5.61035,0,0.0137364,1220 1345 1346 -1
GCP,adapt_p70-52877936550931_a191-25_42_map.h5,7.87724,10,633,723,19.471220:191.250000,1201,True,11,5,1135,0.985846,5.89908,0,0.0125429,1136 1136 1201 1135 -1
GCP,adapt_p23-556464309101234_a22-5_530_map.h5,8.87299,10,400,447,66.443535:22.500000,1689,True,13,6,1719,0.99474,8.14691,0,0.0128001,1720 1720 1719 1689 1688 -1
GCP,adapt_p48-18968510422141_a33-75_507_map.h5,8.49717,10,81,379,41.810314:33.750000,1471,False,72,5,1418,0.648609,7.89355,0,0.0136493,1475 1419 1418 1472 -1
GCP,adapt_p23-556464309101234_a247-49999999999997_439_map.h5,8.89229,10,716,374,66.443535:247.500000,1708,True,10,6,1709,0.998817,8.1399,0,0.0134975,1736 1736 1735 1708 1709 -1
GCP,adapt_p48-18968510422141_a78-75_436_map.h5,8.82322,10,182,351,41.810314:78.750000,1478,True,22,5,1478,0.882835,7.17614,0,0.0135891,1529 1477 1478 1424 -1
GCP,adapt_p60-00000000000001_a202-49999999999997_139_map.h5,6.81816,10,397,1104,30.000000:202.500000,1328,True,20,4,1328,0.836495,4.76878,0,0.0126507,1266 1328 1386 -1
GCP,adapt_p23-556464309101234_a292-5_523_map.h5,5.45661,10,183,1532,66.443535:292.500000,1712,False,78,4,1606,0.4328,4.96523,0,0.013211,1682 1647 1606 -1
GCP,adapt_p60-00000000000001_a67-5_78_map.h5,7.86442,10,297,766,30.000000:67.500000,1305,True,14,5,1364,0.914133,7.24661,0,0.0123683,1306 1305 1364 1365 -1
GCP,adapt_p70-52877936550931_a101-24999999999999_538_map.h5,7.88828,10,438,728,19.471220:101.250000,1185,False,12,5,1118,0.985979,7.45008,0,0.012528,1119 1118 1184 1119 -1
GCP,adapt_p60-00000000000001_a90-0_549_map.h5,7.78131,10,160,750,30.000000:90.000000,1309,True,27,5,1310,0.907527,7.25037,0,0.0124826,1308 1309 1310 1369 -1
GCP,adapt_p48-18968510422141_a168-74999999999997_236_map.h5,8.89003,10,534,341,41.810314:168.750000,1491,True,10,6,1437,0.999349,8.22482,0,0.0127801,1438 1438 1437 1490 1491 -1
GCP,adapt_p70-52877936550931_a146-25_184_map.h5,5.76027,10,350,1445,19.471220:146.250000,1193,True,29,4,1193,0.700542,4.87631,0,0.0125216,1256 1193 1128 -1
GCP,adapt_p70-52877936550931_a236-25_483_map.h5,6.8493,10,614,1085,19.471220:236.250000,1209,True,17,4,1209,0.73442,5.16939,0,0.0125238,1271 1209 1143 -1
GCP,adapt_p11-715852394892384_a315-0_184_map.h5,8.77018,10,162,383,78.284149:315.000000,1778,True,34,5,1777,0.842964,7.08126,0,0.0126128,1796 1790 1778 1777 -1
GCP,adapt_p35-659087696138755_a255-00000000000003_404_map.h5,8.88706,10,561,330,54.340912:255.000000,1598,True,10,6,1640,0.999738,8.2498,0,0.0127318,1639 1639 1640 1598 1599 -1
GCP,adapt_p48-18968510422141_a33-75_132_map.h5,6.86345,10,556,1125,41.810314:33.750000,1471,False,12,5,1418,0.948932,5.79532,0,0.01235,1473 1473 1419 1418 -1
GCP,adapt_p60-00000000000001_a292-5_135_map.h5,4.9865,10,71,1522,30.000000:292.500000,1343,False,143,2,1221,0,0.0143128,0,0.0143128,1351 -1
GCP,adapt_p80-40593177313954_a315-0_451_map.h5,7.44674,10,256,721,9.594069:315.000000,1093,False,76,4,1280,0.542941,5.92456,0,0.0130994,1396 1279 1280 -1
GCP,adapt_p35-659087696138755_a165-0_588_map.h5,8.88503,10,391,356,54.340912:165.000000,1587,True,11,6,1586,0.999815,8.25097,0,0.0127405,1629 1629 1630 1587 1586 -1
GCP,adapt_p48-18968510422141_a258-75_146_map.h5,7.76309,10,266,716,41.810314:258.750000,1504,True,31,4,1504,0.496428,5.45278,0,0.0127045,1450 1504 1553 -1
GCP,adapt_p35-659087696138755_a135-0_137_map.h5,5.85337,10,434,1514,54.340912:135.000000,1583,True,13,4,1537,0.758809,4.69641,0,0.0124265,1486 1537 1583 -1
GCP,adapt_p70-52877936550931_a258-75_320_map.h5,7.72391,10,188,782,19.471220:258.750000,1213,False,38,4,1341,0.603578,5.50054,0,0.0129133,1278 1341 1342 -1
GCP,adapt_p80-40593177313954_a270-0_430_map.h5,7.80148,10,439,747,9.594069:270.000000,1084,True,19,5,1084,0.842981,7.28234,0,0.0123254,1150 1149 1083 1084 -1
GCP,adapt_p80-40593177313954_a247-49999999999997_520_map.h5,8.827,10,411,346,9.594069:247.500000,1080,True,19,6,1080,0.838758,8.27636,0,0.0127995,1147 1147 1146 1080 1079 -1
GCP,adapt_p35-659087696138755_a285-0_480_map.h5,7.80718,10,242,704,54.340912:285.000000,1601,False,24,5,1602,0.896037,7.17365,0,0.0126429,1509 1558 1602 1603 -1
GCP,adapt_p48-18968510422141_a33-75_438_map.h5,8.88631,10,524,354,41.810314:33.750000,1471,True,10,6,1472,0.998303,8.22202,0,0.0124975,1524 1524 1523 1471 1472 -1
GCP,adapt_p70-52877936550931_a101-24999999999999_25_map.h5,7.8884,10,607,768,19.471220:101.250000,1185,True,11,5,1185,0.99957,5.81052,0,0.0124074,1119 1119 1185 1184 -1
GCP,adapt_p48-18968510422141_a168-74999999999997_128_map.h5,6.62709,10,96,1136,41.810314:168.750000,1491,False,51,4,1134,0.45214,4.79849,0,0.0127077,1262 1199 1134 -1
GCP,adapt_p35-659087696138755_a285-0_16_map.h5,7.89439,10,621,731,54.340912:285.000000,1601,True,8,5,1601,0.999906,5.88763,0,0.0123982,1602 1602 1643 1601 -1
GCP,adapt_p60-00000000000001_a157-5_277_map.h5,7.79907,10,202,779,30.000000:157.500000,1320,True,25,5,1320,0.88865,7.21553,0,0.0127516,1259 1321 1320 1379 -1
GCP,adapt_p60-00000000000001_a90-0_538_map.h5,8.88596,10,556,346,30.000000:90.000000,1309,True,10,6,1309,0.998506,8.24185,0,0.0128404,1310 1310 1309 1368 1367 -1
GCP,adapt_p80-40593177313954_a90-0_260_map.h5,7.79794,10,339,744,9.594069:90.000000,1051,True,25,5,1050,0.833789,7.28936,0,0.0128566,1052 1051 1050 1116 -1
GCP,adapt_p70-52877936550931_a191-25_214_map.h5,6.29617,10,107,1108,19.471220:191.250000,1201,False,105,3,1071,0.171297,4.6808,0,0.01369,1383 1071 -1
GCP,adapt_p70-52877936550931_a101-24999999999999_301_map.h5,7.85036,10,303,762,19.471220:101.250000,1185,True,19,5,1184,0.883168,7.28205,0,0.0124607,1183 1184 1185 1248 -1
GCP,adapt_p23-556464309101234_a112-5_14_map.h5,7.89445,10,829,771,66.443535:112.500000,1697,True,6,5,1726,0.981395,7.35287,0,0.0123593,1725 1726 1697 1725 -1
GCP,adapt_p70-52877936550931_a258-75_249_map.h5,5.42977,10,206,1519,19.471220:258.750000,1213,False,75,3,1142,0.255635,5.10758,0,0.0130691,1082 1142 -1
GCP,adapt_p11-715852394892384_a45-0_305_map.h5,7.8903,10,622,749,78.284149:45.000000,1766,True,10,5,1766,0.941006,5.67646,0,0.0124792,1767 1767 1766 1746 -1
GCP,adapt_p35-659087696138755_a315-0_310_map.h5,8.90538,10,703,369,54.340912:315.000000,1605,True,9,6,1605,0.999979,8.44596,0,0.0124354,1604 1604 1561 1605 1606 -1
GCP,adapt_p60-00000000000001_a247-49999999999997_484_map.h5,8.86833,10,409,365,30.000000:247.500000,1335,True,14,6,1335,0.987528,8.24867,0,0.0124622,1394 1394 1393 1335 1334 -1
GCP,adapt_p70-52877936550931_a258-75_89_map.h5,6.32726,10,154,1115,19.471220:258.750000,1213,False,98,4,1276,0.578696,5.49273,0,0.0135799,1273 1275 1276 -1
GCP,adapt_p35-659087696138755_a45-0_404_map.h5,5.88619,10,652,1410,54.340912:45.000000,1572,True,10,4,1572,0.989019,4.77798,0,0.0126314,1573 1572 1616 -1
GCP,adapt_p80-40593177313954_a67-5_266_map.h5,7.84713,10,364,725,9.594069:67.500000,1047,True,16,5,1047,0.898586,7.35116,0,0.0127583,1046 979 1047 980 -1
GCP,adapt_p48-18968510422141_a123-74999999999999_27_map.h5,7.88005,10,560,718,41.810314:123.750000,1484,False,9,5,1431,0.994936,5.88257,0,0.0127456,1432 1432 1431 1430 -1
GCP,adapt_p48-18968510422141_a348-74999999999994_451_map.h5,7.80279,10,248,754,41.810314:348.750000,1517,False,22,5,1409,0.831414,7.3257,0,0.0130139,1411 1466 1410 1409 -1
GCP,adapt_p80-40593177313954_a247-49999999999997_436_map.h5,5.7541,10,331,1545,9.594069:247.500000,1080,True,27,4,1080,0.637955,5.04896,0,0.012701,1144 1079 1080 -1
GCP,adapt_p60-00000000000001_a315-0_561_map.h5,6.86383,10,471,1096,30.000000:315.000000,1346,True,14,4,1347,0.844241,4.83562,0,0.0129738,1346 1347 1405 -1
GCP,adapt_p48-18968510422141_a191-25_221_map.h5,1.71347,10,17,340,41.810314:191.250000,1494,False,1800,2,1027,0,0.316951,0,0.316951,1586 -1
GCP,adapt_p11-715852394892384_a135-0_2_map.h5,8.88219,10,448,363,78.284149:135.000000,1770,True,11,6,1752,0.993001,8.24183,0,0.0126266,1771 1771 1753 1752 1770 -1
GCP,adapt_p35-659087696138755_a344-99999999999994_17_map.h5,5.84058,10,364,1522,54.340912:345.000000,1609,False,14,5,1649,0.893067,5.8029,0,0.0132235,1608 1608 1649 1650 -1
GCP,adapt_p23-556464309101234_a157-5_42_map.h5,7.89068,10,828,695,66.443535:157.500000,1701,False,9,5,1700,0.989061,5.85633,0,0.0131243,1666 1666 1700 1665 -1
GCP,adapt_p48-18968510422141_a191-25_352_map.h5,7.8771,10,544,745,41.810314:191.250000,1494,True,12,5,1494,0.990023,5.84844,0,0.0126875,1544 1544 1494 1493 -1
GCP,adapt_p80-40593177313954_a157-5_101_map.h5,8.89596,10,666,426,9.594069:157.500000,1063,False,9,6,1130,0.999892,8.55863,0,0.0128436,1064 1064 1131 1130 1129 -1
GCP,adapt_p48-18968510422141_a258-75_345_map.h5,8.89471,10,544,356,41.810314:258.750000,1504,True,9,6,1504,0.999994,8.27435,0,0.0130654,1452 1452 1451 1503 1504 -1
GCP,adapt_p35-659087696138755_a135-0_471_map.h5,6.39433,10,115,1118,54.340912:135.000000,1583,False,93,4,1697,0.556596,5.27467,0,0.013449,1770 1726 1697 -1
GCP,adapt_p11-715852394892384_a225-0_363_map.h5,7.87335,10,524,715,78.284149:225.000000,1774,True,11,5,1774,0.97417,5.78186,0,0.0124202,1756 1756 1757 1774 -1
GCP,adapt_p70-52877936550931_a168-74999999999997_285_map.h5,8.89523,10,717,411,19.471220:168.750000,1197,True,10,6,1197,0.999956,8.25114,0,0.0125901,1261 1261 1260 1197 1198 -1
GCP,adapt_p48-18968510422141_a11-25_530_map.h5,6.84435,10,436,1186,41.810314:11.250000,1468,True,18,4,1520,0.698867,4.8483,0,0.0124492,1519 1520 1468 -1
GCP,adapt_p23-556464309101234_a337-5_555_map.h5,7.8333,10,260,792,66.443535:337.500000,1716,False,20,5,1741,0.867005,7.39258,0,0.012498,1740 1715 1741 1742 -1
GCP,adapt_p48-18968510422141_a168-74999999999997_250_map.h5,8.89136,10,764,346,41.810314:168.750000,1491,True,10,6,1491,0.998598,8.21892,0,0.0124395,1490 1490 1491 1438 1437 -1
GCP,adapt_p48-18968510422141_a11-25_514_map.h5,5.78815,10,344,1518,41.810314:11.250000,1468,True,25,4,1468,0.729116,4.82572,0,0.0126606,1520 1468 1414 -1
GCP,adapt_p60-00000000000001_a180-0_131_map.h5,8.84592,10,289,420,30.000000:180.000000,1324,True,17,5,1382,0.97789,7.33371,0,0.0128679,1323 1382 1383 1324 -1
GCP,adapt_p70-52877936550931_a258-75_503_map.h5,7.45274,10,160,743,19.471220:258.750000,1213,False,74,4,1145,0.576318,6.56201,0,0.0130734,1149 1145 1144 -1
GCP,adapt_p23-556464309101234_a157-5_479_map.h5,6.98906,10,29,402,66.443535:157.500000,1701,False,313,2,1434,0,0.0237237,0,0.0237237,1459 -1
GCP,adapt_p48-18968510422141_a236-25_424_map.h5,7.87505,10,499,718,41.810314:236.250000,1501,True,11,5,1448,0.996054,7.31632,0,0.012743,1501 1448 1449 1501 -1
GCP,adapt_p48-18968510422141_a258-75_36_map.h5,7.83745,10,295,752,41.810314:258.750000,1504,True,20,5,1504,0.855209,7.24263,0,0.0133531,1554 1504 1503 1451 -1
GCP,adapt_p70-52877936550931_a168-74999999999997_339_map.h5,7.89239,10,581,770,19.471220:168.750000,1197,True,11,5,1197,0.999786,5.88564,0,0.012394,1131 1131 1197 1196 -1
GCP,adapt_p23-556464309101234_a67-5_247_map.h5,7.77901,10,144,763,66.443535:67.500000,1693,False,29,5,1618,0.915068,7.35839,0,0.0127946,1617 1618 1619 1657 -1
GCP,adapt_p23-556464309101234_a112-5_173_map.h5,7.82195,10,161,744,66.443535:112.500000,1697,True,22,5,1696,0.894282,7.35872,0,0.0128692,1725 1697 1696 1661 -1
GCP,adapt_p70-52877936550931_a33-75_229_map.h5,7.87798,10,417,766,19.471220:33.750000,1173,True,12,5,1173,0.976665,5.9083,0,0.0128033,1236 1236 1173 1237 -1
GCP,adapt_p60-00000000000001_a45-0_24_map.h5,5.86929,10,538,1462,30.000000:45.000000,1301,True,12,5,1301,0.99666,5.82702,0,0.0125141,1361 1361 1302 1301 -1
GCP,adapt_p48-18968510422141_a258-75_189_map.h5,7.8735,10,634,773,41.810314:258.750000,1504,True,11,5,1553,0.974856,7.31572,0,0.0123187,1504 1503 1553 1504 -1
GCP,adapt_p23-556464309101234_a202-5_88_map.h5,7.87721,10,418,760,66.443535:202.500000,1704,True,11,5,1704,0.988671,7.33717,0,0.0126189,1703 1704 1670 1703 -1
GCP,adapt_p23-556464309101234_a292-5_213_map.h5,8.8083,10,169,377,66.443535:292.500000,1712,True,23,5,1713,0.825823,7.21528,0,0.0125203,1714 1713 1712 1680 -1
GCP,adapt_p80-40593177313954_a157-5_65_map.h5,8.86324,10,332,372,9.594069:157.500000,1063,True,14,6,1130,0.988678,8.25994,0,0.0125452,1064 1064 1063 1129 1130 -1
GCP,adapt_p80-40593177313954_a45-0_371_map.h5,4.24694,10,124,1142,9.594069:45.000000,1042,True,413,3,1042,0.0957074,4.10187,0,0.0294021,1303 1042 -1
GCP,adapt_p60-00000000000001_a224-99999999999997_332_map.h5,6.88409,10,606,1119,30.000000:225.000000,1331,False,10,4,1390,0.977539,4.81498,0,0.0127067,1391 1390 1332 -1
GCP,adapt_p60-00000000000001_a270-0_565_map.h5,7.7619,10,136,762,30.000000:270.000000,1339,True,31,5,1339,0.880814,7.38725,0,0.0128968,1215 1277 1338 1339 -1
GCP,adapt_p48-18968510422141_a191-25_71_map.h5,7.84324,10,182,754,41.810314:191.250000,1494,True,18,5,1544,0.961438,7.27514,0,0.0125626,1543 1544 1494 1493 -1
GCP,adapt_p11-715852394892384_a315-0_446_map.h5,7.75216,10,194,802,78.284149:315.000000,1778,True,43,5,1778,0.776357,7.01571,0,0.0126718,1780 1779 1778 1762 -1
GCP,adapt_p60-00000000000001_a90-0_92_map.h5,7.87521,10,488,738,30.000000:90.000000,1309,True,12,5,1309,0.946809,7.45667,0,0.0125914,1367 1368 1309 1367 -1
GCP,adapt_p23-556464309101234_a112-5_191_map.h5,7.86841,10,234,762,66.443535:112.500000,1697,False,14,5,1696,0.976507,7.1329,0,0.0123807,1724 1725 1696 1695 -1
GCP,adapt_p23-556464309101234_a202-5_111_map.h5,7.8814,10,519,699,66.443535:202.500000,1704,True,11,5,1704,0.986587,5.77649,0,0.0124049,1732 1732 1704 1705 -1
GCP,adapt_p23-556464309101234_a247-49999999999997_52_map.h5,6.87934,10,565,1177,66.443535:247.500000,1708,True,13,4,1707,0.73298,4.75374,0,0.0124414,1675 1708 1707 -1
GCP,adapt_p60-00000000000001_a337-49999999999994_308_map.h5,8.79385,10,142,378,30.000000:337.500000,1350,True,25,5,1350,0.911157,7.23027,0,0.0129564,1289 1350 1408 1407 -1
GCP,adapt_p80-40593177313954_a22-5_475_map.h5,7.76645,10,276,735,9.594069:22.500000,1038,False,20,5,1104,0.917192,7.31416,0,0.0123192,1171 1105 1104 1103 -1
GCP,adapt_p70-52877936550931_a146-25_483_map.h5,5.82529,10,320,1469,19.471220:146.250000,1193,False,19,4,1129,0.706128,4.80515,0,0.0125055,1064 1130 1129 -1
GCP,adapt_p35-659087696138755_a315-0_449_map.h5,8.898,10,502,369,54.340912:315.000000,1605,True,9,6,1605,0.998979,8.39986,0,0.0127702,1646 1646 1604 1605 1561 -1
GCP,adapt_p48-18968510422141_a258-75_439_map.h5,7.88019,10,542,795,41.810314:258.750000,1504,False,12,5,1451,0.999151,5.8628,0,0.0126125,1394 1394 1450 1451 -1
GCP,adapt_p60-00000000000001_a292-5_220_map.h5,7.58566,10,114,737,30.000000:292.500000,1343,False,62,5,1403,0.644544,7.13838,0,0.0131224,1511 1459 1403 1402 -1
GCP,adapt_p70-52877936550931_a213-75_470_map.h5,7.89249,10,683,711,19.471220:213.750000,1205,True,8,5,1205,0.963736,5.81312,0,0.0123192,1268 1268 1205 1206 -1
GCP,adapt_p80-40593177313954_a337-49999999999994_80_map.h5,6.63014,10,90,1149,9.594069:337.500000,1097,False,55,4,1411,0.538582,5.81614,0,0.0126684,1229 1294 1411 -1
GCP,adapt_p35-659087696138755_a75-0_121_map.h5,3.72688,10,26,335,54.340912:75.000000,1576,False,906,2,1737,0,0.0904676,0,0.0904676,1650 -1
GCP,adapt_p35-659087696138755_a165-0_334_map.h5,8.87919,10,469,422,54.340912:165.000000,1587,True,12,6,1587,0.999899,8.24978,0,0.0125988,1629 1629 1630 1587 1586 -1
GCP,adapt_p80-40593177313954_a45-0_498_map.h5,6.83683,10,445,1142,9.594069:45.000000,1042,True,16,4,1108,0.855826,4.86574,0,0.0129656,1109 1108 1042 -1
GCP,adapt_p80-40593177313954_a337-49999999999994_192_map.h5,8.88453,10,468,365,9.594069:337.500000,1097,True,11,6,1096,0.999599,8.83217,0,0.013274,1029 1029 1095 1096 1097 -1
GCP,adapt_p60-00000000000001_a247-49999999999997_552_map.h5,7.8565,10,469,744,30.000000:247.500000,1335,True,17,5,1336,0.91872,7.24322,0,0.0123241,1395 1394 1336 1335 -1
GCP,adapt_p48-18968510422141_a11-25_98_map.h5,7.84813,10,318,791,41.810314:11.250000,1468,True,18,5,1467,0.91832,7.3606,0,0.0126901,1520 1467 1413 1468 -1
GCP,adapt_p35-659087696138755_a285-0_108_map.h5,8.90153,10,734,386,54.340912:285.000000,1601,True,8,6,1602,0.999974,8.31107,0,0.0122508,1601 1601 1643 1602 1603 -1
GCP,adapt_p35-659087696138755_a105-0_596_map.h5,7.88349,10,521,705,54.340912:105.000000,1579,True,10,5,1622,0.997906,7.32586,0,0.0133126,1623 1622 1579 1623 -1
GCP,adapt_p80-40593177313954_a157-5_287_map.h5,8.87453,10,439,384,9.594069:157.500000,1063,True,12,6,1064,0.999209,8.26146,0,0.0132754,1130 1130 1129 1063 1064 -1
GCP,adapt_p11-715852394892384_a225-0_531_map.h5,5.84829,10,370,1498,78.284149:225.000000,1774,False,17,4,1756,0.890989,4.75221,0,0.012505,1732 1756 1757 -1
GCP,adapt_p23-556464309101234_a22-5_400_map.h5,7.84792,10,286,787,66.443535:22.500000,1689,True,18,5,1689,0.803681,7.32521,0,0.0128947,1687 1688 1689 1652 -1
GCP,adapt_p48-18968510422141_a258-75_140_map.h5,8.82741,10,519,365,41.810314:258.750000,1504,True,11,6,1553,0.996812,8.29114,0,0.0123758,1504 1504 1553 1503 1451 -1
GCP,adapt_p60-00000000000001_a112-49999999999999_215_map.h5,7.82635,10,293,708,30.000000:112.500000,1313,False,19,5,1371,0.876651,7.41316,0,0.0124495,1370 1312 1371 1372 -1
GCP,adapt_p35-659087696138755_a344-99999999999994_574_map.h5,7.84241,10,271,739,54.340912:345.000000,1609,True,18,5,1609,0.972416,7.3149,0,0.012402,1650 1609 1565 1608 -1
GCP,adapt_p48-18968510422141_a213-75_154_map.h5,7.85826,10,538,717,41.810314:213.750000,1497,True,13,5,1445,0.95353,7.26387,0,0.012556,1548 1498 1445 1497 -1
GCP,adapt_p70-52877936550931_a11-25_502_map.h5,8.7921,10,180,373,19.471220:11.250000,1169,True,27,5,1169,0.832137,7.30727,0,0.0127638,1103 1169 1232 1233 -1
GCP,adapt_p80-40593177313954_a0-0_266_map.h5,7.88025,10,473,696,9.594069:0.000000,1034,True,12,5,1034,0.996924,5.91809,0,0.0125458,1035 1035 1034 1100 -1
GCP,adapt_p23-556464309101234_a292-5_479_map.h5,7.88,10,451,780,66.443535:292.500000,1712,True,12,5,1712,0.989308,7.24127,0,0.0128039,1738 1711 1712 1738 -1
GCP,adapt_p48-18968510422141_a303-75_555_map.h5,6.85222,10,433,1205,41.810314:303.750000,1510,True,14,4,1511,0.853243,4.78329,0,0.0125792,1459 1511 1510 -1
GCP,adapt_p48-18968510422141_a101-24999999999999_28_map.h5,6.8815,10,599,1123,41.810314:101.250000,1481,True,8,4,1428,0.874848,3.50351,0,0.0123126,1481 1481 1428 -1
GCP,adapt_p60-00000000000001_a45-0_164_map.h5,8.88856,10,569,347,30.000000:45.000000,1301,True,9,6,1301,0.999386,8.27221,0,0.0132194,1361 1361 1360 1301 1302 -1
GCP,adapt_p11-715852394892384_a135-0_122_map.h5,8.88825,10,705,336,78.284149:135.000000,1770,True,8,6,1752,0.9943,8.24175,0,0.0125518,1771 1771 1753 1752 1770 -1
GCP,adapt_p70-52877936550931_a326-24999999999994_434_map.h5,7.22998,10,134,734,19.471220:326.250000,1225,False,115,4,1520,0.370615,5.50631,0,0.0145661,1570 1568 1520 -1
GCP,adapt_p60-00000000000001_a22-5_224_map.h5,5.83094,10,344,1483,30.000000:22.500000,1298,True,17,4,1358,0.860788,4.8486,0,0.0129417,1298 1357 1358 -1
GCP,adapt_p80-40593177313954_a202-49999999999997_213_map.h5,7.82988,10,325,741,9.594069:202.500000,1072,True,19,5,1071,0.9448,7.25862,0,0.0129226,1138 1137 1071 1072 -1
GCP,adapt_p60-00000000000001_a247-49999999999997_187_map.h5,7.75814,10,257,761,30.000000:247.500000,1335,True,29,5,1335,0.779922,7.34361,0,0.0126583,1272 1334 1273 1335 -1
GCP,adapt_p48-18968510422141_a303-75_78_map.h5,8.89319,10,684,387,41.810314:303.750000,1510,True,9,6,1458,0.999966,8.21748,0,0.0126112,1510 1510 1509 1457 1458 -1
GCP,adapt_p70-52877936550931_a326-24999999999994_77_map.h5,7.72113,10,282,710,19.471220:326.250000,1225,True,24,5,1226,0.852494,7.38638,0,0.0126843,1162 1226 1225 1288 -1
GCP,adapt_p80-40593177313954_a202-49999999999997_368_map.h5,5.78837,10,513,1511,9.594069:202.500000,1072,False,25,4,1071,0.538907,4.80535,0,0.0124224,1138 1137 1071 -1
GCP,adapt_p60-00000000000001_a45-0_353_map.h5,5.86836,10,393,1453,30.000000:45.000000,1301,True,14,4,1301,0.823358,4.92293,0,0.0124699,1302 1361 1301 -1
GCP,adapt_p35-659087696138755_a255-00000000000003_467_map.h5,7.86906,10,403,727,54.340912:255.000000,1598,True,14,5,1598,0.942986,7.25606,0,0.0127374,1554 1553 1598 1599 -1
GCP,adapt_p70-52877936550931_a236-25_40_map.h5,8.83739,10,377,342,19.471220:236.250000,1209,True,16,5,1273,0.875345,7.16765,0,0.0124202,1144 1209 1272 1273 -1
GCP,adapt_p23-556464309101234_a337-5_293_map.h5,8.85433,10,321,380,66.443535:337.500000,1716,True,15,5,1717,0.909898,7.33417,0,0.0124944,1687 1717 1716 1685 -1
GCP,adapt_p48-18968510422141_a123-74999999999999_258_map.h5,5.83738,10,441,1504,41.810314:123.750000,1484,False,16,4,1432,0.762535,4.88082,0,0.0124373,1433 1432 1431 -1
GCP,adapt_p80-40593177313954_a67-5_577_map.h5,7.87982,10,641,725,9.594069:67.500000,1047,True,10,5,979,0.983893,7.36674,0,0.0129831,980 1047 979 980 -1
GCP,adapt_p35-659087696138755_a315-0_554_map.h5,5.8418,10,366,1493,54.340912:315.000000,1605,False,17,4,1646,0.790132,4.76927,0,0.0130105,1682 1646 1647 -1
GCP,adapt_p70-52877936550931_a146-25_318_map.h5,7.83514,10,364,758,19.471220:146.250000,1193,True,18,5,1192,0.865254,7.4648,0,0.0126625,1193 1192 1191 1126 -1
GCP,adapt_p80-40593177313954_a67-5_32_map.h5,6.89316,10,595,1118,9.594069:67.500000,1047,True,10,5,1047,0.987316,5.91169,0,0.0126474,980 980 1048 1047 -1
GCP,adapt_p70-52877936550931_a281-24999999999994_525_map.h5,8.88336,10,393,376,19.471220:281.250000,1217,True,11,6,1217,0.987427,8.28735,0,0.0124422,1279 1279 1280 1217 1218 -1
GCP,adapt_p35-659087696138755_a165-0_426_map.h5,5.82039,10,415,1460,54.340912:165.000000,1587,False,15,4,1629,0.929902,4.8407,0,0.0124247,1630 1629 1628 -1
GCP,adapt_p80-40593177313954_a180-0_353_map.h5,1.46241,10,31,311,9.594069:180.000000,1067,False,1800,2,1332,0,0.314119,0,0.314119,1092 -1
GCP,adapt_p80-40593177313954_a157-5_328_map.h5,6.86617,10,449,1087,9.594069:157.500000,1063,True,14,4,1063,0.871747,4.80857,0,0.0126202,1062 1063 1129 -1
GCP,adapt_p80-40593177313954_a292-5_546_map.h5,6.86,10,567,1197,9.594069:292.500000,1088,False,14,4,1089,0.974071,4.91095,0,0.012795,1021 1089 1090 -1
GCP,adapt_p70-52877936550931_a258-75_524_map.h5,5.82969,10,424,1435,19.471220:258.750000,1213,True,17,4,1213,0.924853,4.82859,0,0.0131421,1275 1212 1213 -1
GCP,adapt_p35-659087696138755_a45-0_516_map.h5,6.89111,10,567,1123,54.340912:45.000000,1572,True,8,5,1572,0.981111,5.77886,0,0.0126789,1616 1616 1572 1571 -1
GCP,adapt_p48-18968510422141_a348-74999999999994_490_map.h5,7.88175,10,545,736,41.810314:348.750000,1517,True,11,5,1517,0.984801,5.90169,0,0.0130507,1518 1518 1517 1466 -1
GCP,adapt_p48-18968510422141_a348-74999999999994_124_map.h5,6.75204,10,273,1051,41.810314:348.750000,1517,False,35,4,1465,0.694463,5.34947,0,0.0127013,1352 1465 1464 -1
GCP,adapt_p80-40593177313954_a180-0_482_map.h5,5.7318,10,204,1565,9.594069:180.000000,1067,False,31,4,1070,0.660579,5.37887,0,0.0139458,1000 1069 1070 -1
GCP,adapt_p48-18968510422141_a33-75_409_map.h5,8.87216,10,569,367,41.810314:33.750000,1471,True,11,6,1417,0.997406,8.23849,0,0.0126196,1418 1418 1417 1471 1472 -1
GCP,adapt_p35-659087696138755_a315-0_526_map.h5,4.35948,10,113,757,54.340912:315.000000,1605,False,579,2,1081,0,0.0459671,0,0.0459671,1067 -1
GCP,adapt_p80-40593177313954_a224-99999999999997_162_map.h5,7.78996,10,312,704,9.594069:225.000000,1076,False,24,5,1075,0.863512,7.2591,0,0.0128383,1008 1075 1074 1140 -1
GCP,adapt_p11-715852394892384_a135-0_225_map.h5,5.80706,10,384,1522,78.284149:135.000000,1770,False,22,4,1752,0.600496,5.27655,0,0.012733,1769 1771 1752 -1
GCP,adapt_p80-40593177313954_a315-0_441_map.h5,8.8463,10,272,362,9.594069:315.000000,1093,True,19,6,1094,0.962478,8.35145,0,0.012492,1026 1026 1093 1159 1094 -1
GCP,adapt_p70-52877936550931_a326-24999999999994_332_map.h5,5.74624,10,248,1535,19.471220:326.250000,1225,False,20,4,1223,0.803832,4.84068,0,0.0125591,1159 1224 1223 -1
GCP,adapt_p48-18968510422141_a191-25_354_map.h5,5.85901,10,522,1473,41.810314:191.250000,1494,True,14,4,1545,0.877911,4.887,0,0.0127871,1495 1545 1494 -1
GCP,adapt_p23-556464309101234_a202-5_308_map.h5,7.86084,10,339,777,66.443535:202.500000,1704,True,15,5,1704,0.947028,7.16471,0,0.0129697,1703 1704 1670 1671 -1
GCP,adapt_p23-556464309101234_a292-5_7_map.h5,5.83808,10,338,1507,66.443535:292.500000,1712,True,17,4,1739,0.773699,4.85531,0,0.0127126,1740 1739 1712 -1
GCP,adapt_p23-556464309101234_a157-5_443_map.h5,6.85333,10,291,1141,66.443535:157.500000,1701,True,15,4,1701,0.862807,4.76996,0,0.0124898,1667 1701 1700 -1
GCP,adapt_p60-00000000000001_a135-0_554_map.h5,7.75223,10,287,711,30.000000:135.000000,1316,False,29,5,1375,0.872687,7.23466,0,0.0125674,1432 1375 1376 1317 -1
GCP,adapt_p35-659087696138755_a45-0_566_map.h5,6.87321,10,477,1120,54.340912:45.000000,1572,True,10,5,1572,0.974645,5.77876,0,0.0125742,1525 1525 1572 1571 -1
GCP,adapt_p48-18968510422141_a281-24999999999994_143_map.h5,7.83817,10,389,722,41.810314:281.250000,1507,True,18,5,1507,0.95029,7.22536,0,0.0126392,1508 1507 1455 1454 -1
GCP,adapt_p70-52877936550931_a56-24999999999999_385_map.h5,8.90003,10,610,335,19.471220:56.250000,1177,True,10,6,1177,0.999951,8.32957,0,0.0127567,1240 1240 1176 1177 1111 -1
GCP,adapt_p35-659087696138755_a165-0_597_map.h5,6.86348,10,541,1069,54.340912:165.000000,1587,True,12,4,1629,0.723061,4.80993,0,0.0123265,1587 1586 1629 -1
GCP,adapt_p80-40593177313954_a112-49999999999999_3_map.h5,7.50283,10,166,724,9.594069:112.500000,1055,False,69,4,1118,0.37371,6.64099,0,0.0129915,1121 1118 1116 -1
GCP,adapt_p35-659087696138755_a285-0_292_map.h5,6.7222,10,238,1135,54.340912:285.000000,1601,True,33,4,1601,0.674681,4.81801,0,0.0126102,1678 1642 1601 -1
GCP,adapt_p48-18968510422141_a123-74999999999999_84_map.h5,5.83022,10,222,1503,41.810314:123.750000,1484,True,17,4,1484,0.823896,4.79294,0,0.0125814,1535 1484 1483 -1
GCP,adapt_p23-556464309101234_a292-5_66_map.h5,5.81937,10,259,1474,66.443535:292.500000,1712,True,20,4,1739,0.749832,4.85505,0,0.0124567,1740 1739 1712 -1
GCP,adapt_p48-18968510422141_a258-75_291_map.h5,6.86032,10,642,1067,41.810314:258.750000,1504,True,10,4,1451,0.868544,4.83757,0,0.0124654,1504 1503 1451 -1
GCP,adapt_p23-556464309101234_a247-49999999999997_130_map.h5,7.89711,10,788,770,66.443535:247.500000,1708,True,7,5,1708,0.879477,5.75466,0,0.0126951,1675 1675 1708 1709 -1
GCP,adapt_p48-18968510422141_a33-75_289_map.h5,7.8451,10,295,770,41.810314:33.750000,1471,True,18,5,1417,0.954628,7.23714,0,0.0127074,1416 1417 1471 1472 -1
GCP,adapt_p48-18968510422141_a168-74999999999997_341_map.h5,7.62317,10,91,770,41.810314:168.750000,1491,False,50,5,1055,0.684077,7.48555,0,0.0126383,919 987 1055 1054 -1
GCP,adapt_p60-00000000000001_a180-0_519_map.h5,7.62184,10,253,734,30.000000:180.000000,1324,False,55,4,1381,0.441867,5.07715,0,0.0129675,1439 1381 1380 -1
GCP,adapt_p35-659087696138755_a315-0_160_map.h5,7.78831,10,240,757,54.340912:315.000000,1605,True,25,5,1560,0.815726,7.20624,0,0.0125055,1606 1605 1561 1560 -1
GCP,adapt_p80-40593177313954_a157-5_349_map.h5,6.81878,10,326,1104,9.594069:157.500000,1063,False,21,4,1128,0.858917,5.15368,0,0.0130285,1064 1129 1128 -1
GCP,adapt_p70-52877936550931_a281-24999999999994_29_map.h5,6.60108,10,205,1081,19.471220:281.250000,1217,False,53,4,1215,0.721424,5.36386,0,0.012721,1339 1215 1214 -1
GCP,adapt_p11-715852394892384_a225-0_348_map.h5,8.88526,10,663,373,78.284149:225.000000,1774,True,10,6,1774,0.999962,8.25526,0,0.0125274,1775 1775 1757 1756 1774 -1
GCP,adapt_p80-40593177313954_a270-0_280_map.h5,5.62923,10,149,1104,9.594069:270.000000,1084,False,205,2,1371,0,0.0163705,0,0.0163705,1453 -1
GCP,adapt_p60-00000000000001_a67-5_510_map.h5,8.88242,10,426,399,30.000000:67.500000,1305,True,10,6,1305,0.999604,8.24546,0,0.0123835,1243 1243 1242 1305 1306 -1
GCP,adapt_p80-40593177313954_a202-49999999999997_515_map.h5,5.83406,10,515,1472,9.594069:202.500000,1072,True,16,4,1072,0.902713,4.91739,0,0.0127482,1070 1071 1072 -1
GCP,adapt_p80-40593177313954_a337-49999999999994_163_map.h5,6.89346,10,554,1129,9.594069:337.500000,1097,True,8,5,1097,0.987659,5.89337,0,0.0133345,1163 1163 1097 1098 -1
GCP,adapt_p70-52877936550931_a33-75_483_map.h5,5.83508,10,426,1531,19.471220:33.750000,1173,True,17,4,1106,0.75406,4.97605,0,0.0127412,1105 1106 1173 -1
GCP,adapt_p70-52877936550931_a348-74999999999994_537_map.h5,7.82829,10,240,762,19.471220:348.750000,1229,False,18,5,1166,0.8943,7.35569,0,0.0125354,1230 1167 1166 1101 -1
GCP,adapt_p48-18968510422141_a101-24999999999999_258_map.h5,8.85434,10,250,347,41.810314:101.250000,1481,True,15,6,1427,0.993064,8.23209,0,0.0124344,1370 1370 1428 1427 1481 -1
GCP,adapt_p80-40593177313954_a270-0_131_map.h5,5.76086,10,125,1122,9.594069:270.000000,1084,False,173,3,1019,0.240419,3.92618,0,0.0155414,1083 1019 -1
GCP,adapt_p80-40593177313954_a112-49999999999999_25_map.h5,7.26894,10,177,789,9.594069:112.500000,1055,False,107,4,1058,0.290977,5.27153,0,0.0136533,1312 1248 1185 -1
GCP,adapt_p80-40593177313954_a337-49999999999994_286_map.h5,7.6385,10,109,742,9.594069:337.500000,1097,False,41,5,1161,0.796544,7.33035,0,0.013293,1028 1096 1162 1161 -1
GCP,adapt_p80-40593177313954_a157-5_296_map.h5,8.8906,10,570,362,9.594069:157.500000,1063,True,11,6,1063,0.999972,8.37405,0,0.0131777,996 996 995 1063 1064 -1
GCP,adapt_p60-00000000000001_a202-49999999999997_194_map.h5,5.85688,10,538,1485,30.000000:202.500000,1328,True,14,4,1327,0.797077,4.81804,0,0.0129282,1266 1328 1327 -1
GCP,adapt_p80-40593177313954_a247-49999999999997_360_map.h5,6.8635,10,503,1179,9.594069:247.500000,1080,True,14,4,1080,0.757001,4.82621,0,0.0123123,1147 1081 1080 -1
GCP,adapt_p23-556464309101234_a202-5_301_map.h5,7.74821,10,234,794,66.443535:202.500000,1704,False,32,4,1669,0.681043,5.45761,0,0.0126028,1629 1631 1669 -1
GCP,adapt_p48-18968510422141_a236-25_212_map.h5,7.84408,10,220,781,41.810314:236.250000,1501,True,17,5,1501,0.865502,7.32838,0,0.0127361,1449 1501 1502 1449 -1
GCP,adapt_p70-52877936550931_a101-24999999999999_445_map.h5,8.57725,10,133,387,19.471220:101.250000,1185,False,59,4,1187,0.614468,7.0357,0,0.01358,1126 1187 1186 -1
GCP,adapt_p35-659087696138755_a45-0_506_map.h5,8.86999,10,308,414,54.340912:45.000000,1572,True,12,6,1573,0.996922,8.52496,0,0.012845,1617 1617 1572 1573 1574 -1
GCP,adapt_p80-40593177313954_a315-0_206_map.h5,7.70979,10,171,710,9.594069:315.000000,1093,False,37,4,1091,0.650127,5.51973,0,0.0130409,1089 1091 1092 -1
GCP,adapt_p48-18968510422141_a236-25_573_map.h5,5.81516,10,284,1522,41.810314:236.250000,1501,False,22,4,1500,0.683691,4.90139,0,0.0126325,1449 1448 1500 -1
GCP,adapt_p23-556464309101234_a292-5_512_map.h5,7.87135,10,315,779,66.443535:292.500000,1712,True,13,5,1712,0.988027,7.1722,0,0.0124368,1738 1739 1713 1712 -1
GCP,adapt_p60-00000000000001_a180-0_331_map.h5,7.41472,10,92,779,30.000000:180.000000,1324,False,79,4,1199,0.282992,5.9721,0,0.0130941,1322 1197 1199 -1
GCP,adapt_p70-52877936550931_a281-24999999999994_93_map.h5,7.89712,10,752,788,19.471220:281.250000,1217,True,8,5,1218,0.996335,5.81282,0,0.0126827,1153 1153 1218 1217 -1
GCP,adapt_p11-715852394892384_a225-0_409_map.h5,7.704,10,155,722,78.284149:225.000000,1774,False,46,5,1789,0.653006,7.33986,0,0.0127902,1797 1788 1789 1776 -1
GCP,adapt_p80-40593177313954_a270-0_221_map.h5,7.87038,10,635,779,9.594069:270.000000,1084,True,13,5,1085,0.994737,7.2943,0,0.012441,1151 1085 1084 1083 -1
GCP,adapt_p80-40593177313954_a112-49999999999999_481_map.h5,8.82602,10,229,412,9.594069:112.500000,1055,True,20,5,988,0.921844,7.38186,0,0.0127838,989 988 987 1055 -1
GCP,adapt_p60-00000000000001_a45-0_314_map.h5,5.76305,10,303,1470,30.000000:45.000000,1301,True,26,4,1360,0.537264,5.40947,0,0.01276,1362 1301 1360 -1
GCP,adapt_p23-556464309101234_a247-49999999999997_6_map.h5,7.897,10,681,698,66.443535:247.500000,1708,True,10,5,1708,0.998606,5.75476,0,0.0127926,1675 1675 1708 1709 -1
GCP,adapt_p70-52877936550931_a168-74999999999997_455_map.h5,6.33335,10,151,1091,19.471220:168.750000,1197,False,93,3,1257,0.359399,4.53828,0,0.0134636,1058 1257 -1
GCP,adapt_p70-52877936550931_a281-24999999999994_247_map.h5,8.83402,10,362,369,19.471220:281.250000,1217,False,20,5,1278,0.807071,7.20804,0,0.0127954,1339 1278 1215 1216 -1
GCP,adapt_p60-00000000000001_a315-0_409_map.h5,8.87935,10,490,363,30.000000:315.000000,1346,True,11,6,1347,0.999927,8.27437,0,0.0124387,1404 1404 1405 1347 1346 -1
GCP,adapt_p70-52877936550931_a101-24999999999999_116_map.h5,6.74292,10,129,1079,19.471220:101.250000,1185,True,37,4,1119,0.676812,4.71838,0,0.012881,1248 1185 1119 -1
GCP,adapt_p80-40593177313954_a90-0_460_map.h5,5.78786,10,216,1521,9.594069:90.000000,1051,True,25,4,1050,0.813666,4.83363,0,0.012953,1117 1051 1050 -1
GCP,adapt_p48-18968510422141_a146-25_91_map.h5,6.83443,10,586,1111,41.810314:146.250000,1488,True,17,4,1434,0.696257,4.97623,0,0.012374,1433 1434 1488 -1
GCP,adapt_p23-556464309101234_a22-5_351_map.h5,6.87577,10,540,1155,66.443535:22.500000,1689,True,12,4,1653,0.930136,4.76482,0,0.0130181,1652 1653 1689 -1
GCP,adapt_p48-18968510422141_a258-75_201_map.h5,8.78415,10,93,372,41.810314:258.750000,1504,True,29,5,1504,0.904903,7.25722,0,0.0126378,1451 1452 1504 1505 -1
GCP,adapt_p48-18968510422141_a213-75_361_map.h5,6.88355,10,616,1125,41.810314:213.750000,1497,True,11,5,1497,0.960685,5.7943,0,0.0132525,1547 1547 1497 1496 -1
GCP,adapt_p70-52877936550931_a303-75_225_map.h5,6.88736,10,595,1134,19.471220:303.750000,1221,True,11,5,1221,0.995514,5.82367,0,0.0124307,1156 1156 1221 1220 -1
GCP,adapt_p60-00000000000001_a45-0_203_map.h5,6.87026,10,451,1120,30.000000:45.000000,1301,True,13,5,1301,0.832749,5.94334,0,0.0125387,1238 1238 1301 1237 -1
GCP,adapt_p48-18968510422141_a168-74999999999997_350_map.h5,6.87927,10,647,1109,41.810314:168.750000,1491,True,10,5,1438,0.980927,5.79185,0,0.0125072,1491 1491 1438 1437 -1
GCP,adapt_p80-40593177313954_a337-49999999999994_368_map.h5,5.77709,10,334,1507,9.594069:337.500000,1097,True,25,4,1099,0.769791,4.91738,0,0.0127339,1097 1098 1099 -1
GCP,adapt_p80-40593177313954_a337-49999999999994_298_map.h5,7.85731,10,478,720,9.594069:337.500000,1097,True,15,4,1097,0.960547,4.91065,0,0.0124885,1029 1097 1096 -1
GCP,adapt_p70-52877936550931_a258-75_175_map.h5,6.82932,10,389,1161,19.471220:258.750000,1213,False,20,4,1212,0.681381,4.80823,0,0.0124939,1148 1147 1212 -1
GCP,adapt_p60-00000000000001_a180-0_105_map.h5,6.87146,10,696,1067,30.000000:180.000000,1324,True,11,5,1324,0.957017,5.80513,0,0.0133237,1263 1263 1325 1324 -1
GCP,adapt_p60-00000000000001_a112-49999999999999_324_map.h5,7.47385,10,134,731,30.000000:112.500000,1313,True,80,4,1429,0.265737,6.29265,0,0.0129562,1532 1429 1313 -1
GCP,adapt_p48-18968510422141_a101-24999999999999_374_map.h5,5.81531,10,308,1492,41.810314:101.250000,1481,True,21,4,1481,0.823801,4.8273,0,0.0124942,1482 1481 1427 -1
GCP,adapt_p60-00000000000001_a157-5_496_map.h5,7.65498,10,220,744,30.000000:157.500000,1320,False,51,4,1434,0.595799,5.34484,0,0.0128495,1318 1434 1433 -1
GCP,adapt_p23-556464309101234_a202-5_416_map.h5,5.85717,10,399,1458,66.443535:202.500000,1704,False,14,4,1703,0.86013,4.74141,0,0.0126198,1732 1731 1703 -1
GCP,adapt_p60-00000000000001_a270-0_67_map.h5,6.86551,10,444,1064,30.000000:270.000000,1339,True,14,4,1338,0.719146,4.97316,0,0.0133017,1276 1338 1339 -1
GCP,adapt_p80-40593177313954_a45-0_516_map.h5,8.89739,10,579,343,9.594069:45.000000,1042,True,9,6,1043,0.997385,8.32089,0,0.0123959,1109 1109 1108 1042 1043 -1
GCP,adapt_p60-00000000000001_a270-0_217_map.h5,7.86034,10,430,760,30.000000:270.000000,1339,True,15,5,1339,0.897831,7.28269,0,0.0124826,1278 1277 1338 1339 -1
GCP,adapt_p35-659087696138755_a45-0_66_map.h5,6.87171,10,524,1170,54.340912:45.000000,1572,True,8,5,1572,0.99135,5.77928,0,0.0130965,1616 1616 1572 1573 -1
GCP,adapt_p48-18968510422141_a78-75_594_map.h5,6.83208,10,537,1112,41.810314:78.750000,1478,True,11,5,1424,0.998996,5.80177,0,0.0127211,1478 1478 1424 1425 -1
GCP,adapt_p35-659087696138755_a105-0_553_map.h5,7.88044,10,506,735,54.340912:105.000000,1579,True,11,5,1579,0.999176,5.81293,0,0.0123426,1623 1623 1580 1579 -1
GCP,adapt_p80-40593177313954_a315-0_561_map.h5,5.85869,10,610,1446,9.594069:315.000000,1093,True,15,4,1094,0.798363,4.87669,0,0.0131165,1093 1094 1160 -1
GCP,adapt_p70-52877936550931_a168-74999999999997_71_map.h5,5.80107,10,366,1449,19.471220:168.750000,1197,True,23,4,1197,0.695662,5.34538,0,0.0127162,1259 1197 1261 -1
GCP,adapt_p80-40593177313954_a337-49999999999994_278_map.h5,7.19203,10,99,801,9.594069:337.500000,1097,False,115,4,1050,0.606049,5.37756,0,0.0137969,1182 1050 1051 -1
GCP,adapt_p60-00000000000001_a90-0_421_map.h5,5.50357,10,146,1496,30.000000:90.000000,1309,True,62,4,1308,0.522914,5.50766,0,0.0132442,1311 1309 1308 -1
GCP,adapt_p11-715852394892384_a135-0_448_map.h5,7.88447,10,453,779,78.284149:135.000000,1770,True,11,5,1771,0.950418,5.75989,0,0.0123118,1770 1770 1771 1785 -1
GCP,adapt_p70-52877936550931_a33-75_382_map.h5,7.81214,10,323,748,19.471220:33.750000,1173,True,22,5,1173,0.93163,7.24928,0,0.0126747,1107 1173 1236 1237 -1
GCP,adapt_p23-556464309101234_a202-5_116_map.h5,5.80636,10,366,1510,66.443535:202.500000,1704,False,24,4,1703,0.705587,4.75186,0,0.0124687,1731 1703 1702 -1
GCP,adapt_p48-18968510422141_a33-75_55_map.h5,7.86522,10,412,766,41.810314:33.750000,1471,False,14,5,1418,0.925775,7.22743,0,0.0125674,1473 1472 1418 1417 -1
GCP,adapt_p35-659087696138755_a135-0_518_map.h5,8.85414,10,260,381,54.340912:135.000000,1583,False,18,6,1627,0.952014,8.33655,0,0.0126626,1628 1628 1665 1627 1626 -1
GCP,adapt_p60-00000000000001_a337-49999999999994_113_map.h5,7.86606,10,296,753,30.000000:337.500000,1350,True,13,5,1351,0.988956,7.25266,0,0.0127662,1408 1350 1351 1290 -1
GCP,adapt_p80-40593177313954_a337-49999999999994_457_map.h5,6.7493,10,137,1188,9.594069:337.500000,1097,True,31,4,1097,0.764876,4.91716,0,0.0125134,1095 1096 1097 -1
GCP,adapt_p35-659087696138755_a105-0_173_map.h5,5.86292,10,549,1447,54.340912:105.000000,1579,False,14,4,1580,0.968515,4.81246,0,0.0128988,1623 1580 1581 -1
GCP,adapt_p60-00000000000001_a22-5_188_map.h5,7.86625,10,370,758,30.000000:22.500000,1298,True,15,5,1298,0.98686,5.84169,0,0.0125614,1235 1235 1298 1297 -1
GCP,adapt_p80-40593177313954_a45-0_599_map.h5,8.76314,10,172,364,9.594069:45.000000,1042,True,31,5,1042,0.71117,7.37288,0,0.0126539,976 975 1042 1041 -1
GCP,adapt_p23-556464309101234_a157-5_513_map.h5,7.88034,10,466,740,66.443535:157.500000,1701,True,11,5,1701,0.991585,7.25835,0,0.012466,1700 1701 1729 1700 -1
GCP,adapt_p80-40593177313954_a22-5_470_map.h5,5.75173,10,226,1477,9.594069:22.500000,1038,True,32,4,1037,0.600581,4.89326,0,0.0131471,1103 1037 1038 -1
GCP,adapt_p23-556464309101234_a157-5_423_map.h5,8.40516,10,87,413,66.443535:157.500000,1701,True,88,4,1701,0.471099,6.63187,0,0.0137332,1582 1701 1667 -1
GCP,adapt_p23-556464309101234_a22-5_448_map.h5,6.78586,10,289,1094,66.443535:22.500000,1689,False,25,4,1613,0.566944,4.77268,0,0.0129311,1688 1652 1613 -1
GCP,adapt_p23-556464309101234_a292-5_203_map.h5,6.72309,10,203,1207,66.443535:292.500000,1712,False,38,4,1760,0.634325,4.74432,0,0.0127098,1710 1737 1760 -1
GCP,adapt_p35-659087696138755_a195-0_346_map.h5,7.88329,10,527,751,54.340912:195.000000,1590,True,11,5,1590,0.995179,5.83728,0,0.0125086,1632 1632 1590 1589 -1
GCP,adapt_p23-556464309101234_a112-5_166_map.h5,8.78922,10,125,407,66.443535:112.500000,1697,False,27,5,1725,0.87769,7.10088,0,0.0126048,1695 1724 1725 1750 -1
GCP,adapt_p60-00000000000001_a180-0_574_map.h5,7.88186,10,480,788,30.000000:180.000000,1324,True,11,5,1324,0.992318,5.89296,0,0.0129306,1323 1323 1382 1324 -1
GCP,adapt_p60-00000000000001_a202-49999999999997_130_map.h5,7.82722,10,258,740,30.000000:202.500000,1328,False,20,5,1385,0.857053,7.30621,0,0.0125942,1326 1327 1385 1386 -1
GCP,adapt_p35-659087696138755_a45-0_553_map.h5,7.88827,10,416,753,54.340912:45.000000,1572,False,10,5,1617,0.820367,5.77343,0,0.0125212,1573 1573 1617 1616 -1
GCP,adapt_p35-659087696138755_a105-0_65_map.h5,7.86935,10,489,764,54.340912:105.000000,1579,True,12,5,1580,0.995377,5.81274,0,0.0124477,1623 1623 1580 1579 -1
GCP,adapt_p11-715852394892384_a45-0_26_map.h5,6.86915,10,590,1088,78.284149:45.000000,1766,True,14,5,1783,0.862615,5.70694,0,0.0126484,1766 1766 1767 1783 -1
GCP,adapt_p48-18968510422141_a348-74999999999994_292_map.h5,6.8744,10,618,1129,41.810314:348.750000,1517,False,13,4,1465,0.910779,4.92977,0,0.0124108,1516 1465 1466 -1
GCP,adapt_p80-40593177313954_a247-49999999999997_431_map.h5,8.89243,10,712,337,9.594069:247.500000,1080,True,10,6,1080,0.999924,8.27516,0,0.0123655,1081 1081 1080 1079 1145 -1
GCP,adapt_p80-40593177313954_a315-0_69_map.h5,4.41251,10,146,1889,9.594069:315.000000,1093,False,80,3,1189,0.316306,3.59584,0,0.0133287,1192 1189 -1
GCP,adapt_p70-52877936550931_a213-75_303_map.h5,8.20827,10,97,401,19.471220:213.750000,1205,False,116,5,1335,0.819818,8.06984,0,0.0135721,1209 1335 1336 1394 -1
GCP,adapt_p35-659087696138755_a255-00000000000003_558_map.h5,6.48556,10,84,1165,54.340912:255.000000,1598,True,67,4,1597,0.601907,5.3688,0,0.0132532,1675 1597 1598 -1
GCP,adapt_p70-52877936550931_a213-75_347_map.h5,7.87236,10,631,718,19.471220:213.750000,1205,True,12,5,1205,0.928829,5.81324,0,0.0124392,1268 1268 1205 1204 -1
GCP,adapt_p48-18968510422141_a123-74999999999999_65_map.h5,8.77011,10,133,409,41.810314:123.750000,1484,True,32,5,1430,0.897803,7.32252,0,0.0126846,1432 1431 1430 1484 -1
GCP,adapt_p23-556464309101234_a112-5_438_map.h5,5.85627,10,366,1499,66.443535:112.500000,1697,True,15,4,1725,0.908811,4.7444,0,0.0125136,1697 1726 1725 -1
GCP,adapt_p60-00000000000001_a112-49999999999999_369_map.h5,7.4495,10,143,772,30.000000:112.500000,1313,False,74,4,1371,0.400858,7.32547,0,0.013326,1538 1371 1370 -1
GCP,adapt_p35-659087696138755_a285-0_305_map.h5,7.88446,10,630,751,54.340912:285.000000,1601,True,8,5,1643,0.99723,5.91141,0,0.0123526,1642 1642 1601 1643 -1
GCP,adapt_p11-715852394892384_a315-0_523_map.h5,6.86199,10,573,1121,78.284149:315.000000,1778,True,14,4,1778,0.800244,4.88381,0,0.0128326,1791 1778 1762 -1
GCP,adapt_p35-659087696138755_a195-0_251_map.h5,8.89231,10,788,411,54.340912:195.000000,1590,True,7,6,1633,0.999996,8.2281,0,0.0124954,1590 1590 1591 1633 1632 -1
GCP,adapt_p80-40593177313954_a247-49999999999997_475_map.h5,5.6561,10,353,1482,9.594069:247.500000,1080,False,44,4,1147,0.63508,5.35289,0,0.0126962,1149 1082 1147 -1
GCP,adapt_p70-52877936550931_a348-74999999999994_71_map.h5,4.38307,10,80,1163,19.471220:348.750000,1229,False,399,2,1190,0,0.0284461,0,0.0284461,1587 -1
GCP,adapt_p35-659087696138755_a135-0_279_map.h5,7.87598,10,516,774,54.340912:135.000000,1583,True,11,5,1626,0.99679,7.43336,0,0.0128331,1627 1626 1583 1627 -1
GCP,adapt_p70-52877936550931_a146-25_438_map.h5,7.81533,10,456,775,19.471220:146.250000,1193,True,15,5,1127,0.960632,7.29811,0,0.0124654,1128 1127 1193 1192 -1
GCP,adapt_p60-00000000000001_a180-0_141_map.h5,7.88929,10,536,790,30.000000:180.000000,1324,True,10,5,1324,0.963903,7.44189,0,0.0125192,1261 1262 1324 1261 -1
GCP,adapt_p23-556464309101234_a157-5_78_map.h5,1.55147,10,24,338,66.443535:157.500000,1701,False,1800,2,1089,0,0.313752,0,0.313752,1680 -1
GCP,adapt_p23-556464309101234_a22-5_230_map.h5,7.69433,10,161,744,66.443535:22.500000,1689,True,41,5,1719,0.758709,7.13603,0,0.0134744,1721 1720 1719 1689 -1
GCP,adapt_p70-52877936550931_a101-24999999999999_238_map.h5,6.84383,10,578,1063,19.471220:101.250000,1185,False,17,4,1249,0.747155,4.81348,0,0.0129823,1186 1249 1248 -1
GCP,adapt_p80-40593177313954_a202-49999999999997_499_map.h5,7.84622,10,343,769,9.594069:202.500000,1072,True,17,5,1137,0.929494,7.25884,0,0.0125994,1136 1137 1071 1072 -1
GCP,adapt_p35-659087696138755_a344-99999999999994_43_map.h5,5.74521,10,262,1479,54.340912:345.000000,1609,True,33,4,1609,0.57673,5.42193,0,0.0126138,1563 1565 1609 -1
GCP,adapt_p80-40593177313954_a315-0_97_map.h5,5.56768,10,148,1459,9.594069:315.000000,1093,False,46,4,962,0.643646,5.41602,0,0.0131427,1027 962 894 -1
GCP,adapt_p11-715852394892384_a135-0_468_map.h5,8.87728,10,417,399,78.284149:135.000000,1770,True,12,6,1770,0.997513,8.10753,0,0.0125155,1785 1785 1770 1771 1752 -1
GCP,adapt_p60-00000000000001_a315-0_440_map.h5,8.89321,10,418,374,30.000000:315.000000,1346,True,10,6,1346,0.995753,8.26712,0,0.0125808,1347 1347 1346 1404 1403 -1
GCP,adapt_p80-40593177313954_a337-49999999999994_25_map.h5,5.79334,10,475,1514,9.594069:337.500000,1097,True,22,4,1162,0.731982,4.92886,0,0.0125435,1161 1162 1097 -1
GCP,adapt_p35-659087696138755_a135-0_350_map.h5,8.89156,10,523,344,54.340912:135.000000,1583,True,9,6,1583,0.999988,8.19816,0,0.0132055,1626 1626 1627 1584 1583 -1
GCP,adapt_p80-40593177313954_a90-0_231_map.h5,7.81043,10,281,758,9.594069:90.000000,1051,False,22,5,1052,0.875929,7.2749,0,0.013365,985 1052 1053 1119 -1
GCP,adapt_p80-40593177313954_a0-0_229_map.h5,8.75481,10,160,387,9.594069:0.000000,1034,True,34,5,1034,0.817351,7.34791,0,0.0130003,1167 1166 1100 1034 -1
GCP,adapt_p80-40593177313954_a202-49999999999997_240_map.h5,3.75148,10,109,1461,9.594069:202.500000,1072,False,335,2,1074,0,0.0232658,0,0.0232658,1260 -1
GCP,adapt_p60-00000000000001_a67-5_557_map.h5,7.86221,10,416,719,30.000000:67.500000,1305,True,14,5,1305,0.958846,7.24422,0,0.0125805,1241 1242 1305 1304 -1
GCP,adapt_p80-40593177313954_a112-49999999999999_127_map.h5,7.03574,10,214,779,9.594069:112.500000,1055,False,136,2,1055,0,0.0140613,0,0.0140613,1268 -1
GCP,adapt_p48-18968510422141_a236-25_182_map.h5,5.84259,10,492,1532,41.810314:236.250000,1501,False,16,4,1550,0.924649,4.78446,0,0.0132298,1551 1550 1500 -1
GCP,adapt_p70-52877936550931_a213-75_544_map.h5,5.71424,10,416,1458,19.471220:213.750000,1205,True,38,4,1267,0.548673,5.68627,0,0.0125467,1207 1205 1267 -1
GCP,adapt_p60-00000000000001_a157-5_435_map.h5,6.85595,10,495,1101,30.000000:157.500000,1320,False,14,4,1379,0.893603,4.93188,0,0.0128563,1321 1379 1378 -1
GCP,adapt_p60-00000000000001_a67-5_291_map.h5,8.84133,10,208,337,30.000000:67.500000,1305,True,19,6,1305,0.977811,8.50305,0,0.0134403,1242 1242 1306 1305 1364 -1
GCP,adapt_p48-18968510422141_a191-25_261_map.h5,6.87534,10,518,1160,41.810314:191.250000,1494,False,15,4,1441,0.772387,4.78934,0,0.0124688,1493 1440 1441 -1
GCP,adapt_p60-00000000000001_a292-5_400_map.h5,7.84425,10,314,738,30.000000:292.500000,1343,True,18,5,1400,0.907548,7.1477,0,0.0125602,1343 1401 1400 1456 -1
GCP,adapt_p23-556464309101234_a247-49999999999997_9_map.h5,7.87497,10,474,725,66.443535:247.500000,1708,True,12,5,1708,0.96931,7.3931,0,0.012822,1709 1708 1735 1709 -1
GCP,adapt_p70-52877936550931_a56-24999999999999_540_map.h5,4.22159,10,112,1487,19.471220:56.250000,1177,False,263,2,1111,0,0.0191327,0,0.0191327,1370 -1
GCP,adapt_p23-556464309101234_a337-5_492_map.h5,5.70701,10,185,1529,66.443535:337.500000,1716,True,36,4,1716,0.706033,5.31996,0,0.0128003,1740 1742 1716 -1
GCP,adapt_p11-715852394892384_a135-0_22_map.h5,6.8712,10,484,1178,78.284149:135.000000,1770,False,14,4,1752,0.790081,4.78751,0,0.0126155,1771 1752 1751 -1
GCP,adapt_p70-52877936550931_a11-25_32_map.h5,8.90071,10,632,324,19.471220:11.250000,1169,True,10,6,1169,0.999989,8.39512,0,0.0130753,1233 1233 1169 1170 1234 -1
GCP,adapt_p70-52877936550931_a101-24999999999999_467_map.h5,7.86526,10,333,722,19.471220:101.250000,1185,True,12,5,1185,0.975805,5.81065,0,0.0125345,1119 1119 1185 1184 -1
GCP,adapt_p80-40593177313954_a337-49999999999994_572_map.h5,7.86679,10,478,785,9.594069:337.500000,1097,True,14,5,1030,0.987291,7.3821,0,0.0130189,1031 1030 1029 1097 -1
GCP,adapt_p48-18968510422141_a303-75_95_map.h5,5.53772,10,101,1171,41.810314:303.750000,1510,True,229,4,1510,0.381302,5.50165,0,0.0187867,1461 1511 1510 -1
GCP,adapt_p23-556464309101234_a247-49999999999997_390_map.h5,8.89287,10,647,396,66.443535:247.500000,1708,True,10,6,1708,0.999354,8.36708,0,0.0129515,1675 1675 1709 1708 1735 -1
GCP,adapt_p35-659087696138755_a315-0_19_map.h5,5.65113,10,202,1501,54.340912:315.000000,1605,False,47,4,1646,0.454957,5.25835,0,0.0126955,1606 1646 1604 -1
GCP,adapt_p70-52877936550931_a168-74999999999997_437_map.h5,5.00529,10,120,1501,19.471220:168.750000,1197,False,141,3,1198,0.372458,4.52817,0,0.0144965,1071 1198 -1
GCP,adapt_p48-18968510422141_a303-75_167_map.h5,8.89024,10,731,386,41.810314:303.750000,1510,True,11,5,1511,0.996387,5.7845,0,0.012545,1459 1459 1511 1510 -1
GCP,adapt_p48-18968510422141_a303-75_502_map.h5,8.86338,10,285,350,41.810314:303.750000,1510,True,16,5,1510,0.80147,7.37998,0,0.012396,1560 1510 1458 1459 -1
GCP,adapt_p60-00000000000001_a135-0_23_map.h5,7.84529,10,340,735,30.000000:135.000000,1316,True,18,5,1317,0.843143,7.43199,0,0.0124899,1316 1317 1318 1376 -1
GCP,adapt_p23-556464309101234_a337-5_76_map.h5,8.88945,10,620,380,66.443535:337.500000,1716,True,8,6,1742,0.999982,8.13482,0,0.0133065,1716 1716 1715 1741 1742 -1
GCP,adapt_p35-659087696138755_a135-0_431_map.h5,6.87834,10,663,1078,54.340912:135.000000,1583,True,11,4,1626,0.980441,4.76849,0,0.0124516,1625 1626 1583 -1
GCP,adapt_p48-18968510422141_a123-74999999999999_346_map.h5,7.89356,10,798,713,41.810314:123.750000,1484,True,9,5,1484,0.985423,7.38563,0,0.0132457,1536 1535 1484 1536 -1
GCP,adapt_p70-52877936550931_a123-74999999999999_348_map.h5,5.87726,10,543,1521,19.471220:123.750000,1189,True,13,4,1189,0.974003,4.81799,0,0.0125392,1122 1188 1189 -1
GCP,adapt_p35-659087696138755_a195-0_78_map.h5,7.88232,10,518,762,54.340912:195.000000,1590,True,8,5,1590,0.99507,7.32525,0,0.012496,1633 1632 1590 1633 -1
GCP,adapt_p80-40593177313954_a180-0_199_map.h5,7.7769,10,269,718,9.594069:180.000000,1067,False,28,5,1135,0.913578,7.34877,0,0.0129134,1201 1200 1135 1134 -1
GCP,adapt_p70-52877936550931_a101-24999999999999_555_map.h5,7.88241,10,534,754,19.471220:101.250000,1185,False,12,5,1184,0.840314,7.45054,0,0.0123938,1119 1118 1184 1119 -1
GCP,adapt_p70-52877936550931_a281-24999999999994_111_map.h5,7.85771,10,267,765,19.471220:281.250000,1217,True,18,5,1152,0.900875,7.54313,0,0.0131024,1151 1152 1153 1217 -1
GCP,adapt_p60-00000000000001_a224-99999999999997_109_map.h5,6.88735,10,568,1135,30.000000:225.000000,1331,True,9,5,1390,0.99367,5.82371,0,0.0124433,1331 1331 1389 1390 -1
GCP,adapt_p48-18968510422141_a33-75_453_map.h5,7.82977,10,257,722,41.810314:33.750000,1471,True,20,5,1471,0.898256,7.41942,0,0.0130591,1418 1417 1416 1471 -1
GCP,adapt_p70-52877936550931_a168-74999999999997_158_map.h5,7.79729,10,276,746,19.471220:168.750000,1197,True,24,5,1260,0.826147,7.30167,0,0.0125217,1197 1260 1322 1259 -1
GCP,adapt_p80-40593177313954_a270-0_178_map.h5,5.81109,10,363,1521,9.594069:270.000000,1084,False,22,4,1082,0.70379,5.02234,0,0.0127313,1015 1082 1147 -1
GCP,adapt_p48-18968510422141_a236-25_24_map.h5,8.88598,10,729,372,41.810314:236.250000,1501,True,7,6,1448,0.99993,8.33734,0,0.0128124,1501 1501 1449 1448 1500 -1
GCP,adapt_p35-659087696138755_a135-0_472_map.h5,8.89744,10,620,364,54.340912:135.000000,1583,True,9,6,1626,0.999777,8.19773,0,0.0123672,1583 1583 1584 1627 1626 -1
GCP,adapt_p80-40593177313954_a180-0_473_map.h5,7.21411,10,79,775,9.594069:180.000000,1067,False,115,3,999,0.105423,4.69033,0,0.0137378,1483 1369 -1
GCP,adapt_p35-659087696138755_a255-00000000000003_460_map.h5,7.8143,10,298,764,54.340912:255.000000,1598,True,23,5,1640,0.818559,7.25528,0,0.0125168,1600 1641 1640 1598 -1
GCP,adapt_p60-00000000000001_a292-5_158_map.h5,5.60703,10,137,1454,30.000000:292.500000,1343,False,54,4,1457,0.617577,5.3834,0,0.0127862,1455 1457 1401 -1
GCP,adapt_p80-40593177313954_a337-49999999999994_191_map.h5,5.71497,10,138,1072,9.594069:337.500000,1097,False,184,3,1534,0.133524,3.74689,0,0.0156608,1418 1363 -1
GCP,adapt_p23-556464309101234_a157-5_574_map.h5,6.87033,10,461,1041,66.443535:157.500000,1701,True,13,5,1701,0.960098,5.77413,0,0.012483,1729 1729 1701 1702 -1
GCP,adapt_p23-556464309101234_a112-5_144_map.h5,7.8903,10,525,799,66.443535:112.500000,1697,True,10,5,1697,0.996571,5.75251,0,0.0125029,1662 1662 1697 1696 -1
GCP,adapt_p60-00000000000001_a270-0_38_map.h5,5.82041,10,308,1549,30.000000:270.000000,1339,True,19,4,1277,0.726875,5.09139,0,0.0123972,1215 1277 1339 -1
GCP,adapt_p80-40593177313954_a67-5_223_map.h5,7.76312,10,267,769,9.594069:67.500000,1047,False,18,5,1044,0.894376,7.21426,0,0.0126853,1177 1111 1045 1044 -1
GCP,adapt_p70-52877936550931_a326-24999999999994_208_map.h5,8.9023,10,604,363,19.471220:326.250000,1225,True,8,6,1225,0.999929,8.32327,0,0.0125137,1224 1224 1225 1288 1287 -1
GCP,adapt_p48-18968510422141_a123-74999999999999_401_map.h5,8.874,10,517,377,41.810314:123.750000,1484,True,12,6,1483,0.98165,8.2356,0,0.0128261,1535 1535 1534 1483 1484 -1
GCP,adapt_p48-18968510422141_a146-25_158_map.h5,7.87835,10,471,670,41.810314:146.250000,1488,True,11,5,1434,0.949007,7.34795,0,0.0124603,1488 1487 1434 1488 -1
GCP,adapt_p35-659087696138755_a224-99999999999997_194_map.h5,7.88639,10,412,812,54.340912:225.000000,1594,True,10,5,1636,0.996759,5.76985,0,0.0124181,1594 1594 1636 1635 -1
GCP,adapt_p80-40593177313954_a224-99999999999997_413_map.h5,7.80038,10,253,760,9.594069:225.000000,1076,True,24,5,1076,0.927338,7.36984,0,0.0124246,1074 1075 1076 1077 -1
GCP,adapt_p60-00000000000001_a270-0_227_map.h5,6.83686,10,502,1106,30.000000:270.000000,1339,False,16,4,1396,0.795991,4.88714,0,0.0129318,1395 1396 1397 -1
GCP,adapt_p80-40593177313954_a315-0_342_map.h5,7.80414,10,272,802,9.594069:315.000000,1093,False,21,5,1158,0.853405,5.86502,0,0.0126781,1092 1092 1158 1159 -1
GCP,adapt_p35-659087696138755_a45-0_346_map.h5,7.87111,10,443,785,54.340912:45.000000,1572,True,12,5,1572,0.994079,5.7789,0,0.0127109,1616 1616 1572 1573 -1
GCP,adapt_p70-52877936550931_a56-24999999999999_342_map.h5,7.87239,10,508,730,19.471220:56.250000,1177,True,12,5,1177,0.985729,7.58891,0,0.0123899,1176 1177 1111 1176 -1
GCP,adapt_p70-52877936550931_a168-74999999999997_35_map.h5,5.81403,10,406,1489,19.471220:168.750000,1197,True,20,4,1197,0.701234,4.80821,0,0.0127883,1198 1197 1260 -1
GCP,adapt_p70-52877936550931_a33-75_134_map.h5,7.60003,10,227,736,19.471220:33.750000,1173,False,54,5,1233,0.622683,7.30789,0,0.0127463,1297 1234 1233 1169 -1
GCP,adapt_p48-18968510422141_a56-24999999999999_442_map.h5,4.7979,10,71,1139,41.810314:56.250000,1475,False,326,2,1351,0,0.0236911,0,0.0236911,1659 -1
GCP,adapt_p35-659087696138755_a135-0_20_map.h5,4.0292,10,74,694,54.340912:135.000000,1583,False,668,2,1699,0,0.0564162,0,0.0564162,1138 -1
GCP,adapt_p23-556464309101234_a337-5_210_map.h5,5.02643,10,105,1492,66.443535:337.500000,1716,False,148,3,1675,0.179775,3.39754,0,0.0153207,1551 1675 -1
GCP,adapt_p48-18968510422141_a236-25_238_map.h5,8.83424,10,332,384,41.810314:236.250000,1501,True,20,5,1448,0.929419,7.21799,0,0.0125494,1550 1500 1501 1448 -1
GCP,adapt_p11-715852394892384_a135-0_506_map.h5,7.86929,10,424,742,78.284149:135.000000,1770,True,13,5,1752,0.906671,7.24074,0,0.0124903,1770 1752 1753 1771 -1
GCP,adapt_p11-715852394892384_a225-0_267_map.h5,7.87728,10,466,714,78.284149:225.000000,1774,True,12,5,1757,0.994218,7.17978,0,0.0125171,1774 1756 1757 1774 -1
GCP,adapt_p80-40593177313954_a270-0_241_map.h5,5.80082,10,437,1404,9.594069:270.000000,1084,False,23,4,1151,0.822068,5.14734,0,0.0130072,1217 1151 1150 -1
GCP,adapt_p48-18968510422141_a348-74999999999994_1_map.h5,8.87225,10,337,383,41.810314:348.750000,1517,True,13,6,1465,0.997593,8.28495,0,0.0125311,1464 1464 1465 1517 1516 -1
GCP,adapt_p70-52877936550931_a33-75_165_map.h5,5.43515,10,95,1148,19.471220:33.750000,1173,False,227,3,1221,0.319284,3.19444,0,0.0174216,1092 1221 -1
GCP,adapt_p70-52877936550931_a33-75_300_map.h5,8.89914,10,736,365,19.471220:33.750000,1173,True,9,6,1173,0.99998,8.3185,0,0.0126457,1237 1237 1236 1173 1174 -1
GCP,adapt_p23-556464309101234_a22-5_456_map.h5,8.8021,10,163,348,66.443535:22.500000,1689,False,24,5,1688,0.854953,7.22089,0,0.01271,1651 1687 1688 1718 -1
GCP,adapt_p48-18968510422141_a191-25_157_map.h5,7.89238,10,648,766,41.810314:191.250000,1494,True,8,5,1441,0.985308,5.7931,0,0.0124049,1494 1494 1441 1442 -1
GCP,adapt_p80-40593177313954_a202-49999999999997_247_map.h5,5.77309,10,241,1484,9.594069:202.500000,1072,False,26,4,1139,0.591716,5.41249,0,0.012721,1075 1073 1139 -1
GCP,adapt_p60-00000000000001_a247-49999999999997_200_map.h5,7.81198,10,232,709,30.000000:247.500000,1335,True,22,5,1335,0.893821,7.28234,0,0.0128277,1274 1336 1335 1393 -1
GCP,adapt_p70-52877936550931_a11-25_552_map.h5,4.90663,10,141,722,19.471220:11.250000,1169,False,474,2,969,0,0.0359709,0,0.0359709,1578 -1
GCP,adapt_p48-18968510422141_a348-74999999999994_467_map.h5,5.80323,10,258,1467,41.810314:348.750000,1517,True,22,4,1517,0.703916,4.91759,0,0.012601,1465 1517 1565 -1
GCP,adapt_p48-18968510422141_a78-75_107_map.h5,8.89737,10,581,351,41.810314:78.750000,1478,True,10,6,1478,0.999807,8.22906,0,0.0124204,1425 1425 1424 1478 1479 -1
GCP,adapt_p48-18968510422141_a146-25_143_map.h5,5.88171,10,137,1126,41.810314:146.250000,1488,False,172,3,1434,0.235905,5.23464,0,0.016874,1702 1434 -1
GCP,adapt_p11-715852394892384_a45-0_83_map.h5,8.86134,10,289,408,78.284149:45.000000,1766,True,15,6,1766,0.973816,8.03957,0,0.0124667,1767 1767 1766 1746 1747 -1
GCP,adapt_p80-40593177313954_a90-0_514_map.h5,6.85401,10,492,1099,9.594069:90.000000,1051,False,15,4,1050,0.933639,4.91116,0,0.0127593,983 1050 1049 -1
GCP,adapt_p60-00000000000001_a270-0_544_map.h5,7.85029,10,476,725,30.000000:270.000000,1339,False,18,5,1396,0.926221,7.3355,0,0.0125132,1395 1452 1396 1397 -1
GCP,adapt_p70-52877936550931_a11-25_535_map.h5,7.88828,10,507,755,19.471220:11.250000,1169,True,9,5,1102,0.928075,5.89907,0,0.0125289,1103 1103 1169 1102 -1
GCP,adapt_p35-659087696138755_a75-0_349_map.h5,8.90007,10,832,368,54.340912:75.000000,1576,True,6,6,1576,0.999999,8.25052,0,0.0127503,1575 1575 1576 1620 1619 -1
GCP,adapt_p48-18968510422141_a168-74999999999997_237_map.h5,7.77261,10,256,787,41.810314:168.750000,1491,False,26,5,1490,0.790413,7.17886,0,0.0132063,1438 1437 1490 1541 -1
GCP,adapt_p35-659087696138755_a165-0_161_map.h5,6.86895,10,478,1119,54.340912:165.000000,1587,True,13,4,1587,0.983942,4.82868,0,0.0128741,1541 1587 1586 -1
GCP,adapt_p60-00000000000001_a180-0_516_map.h5,8.89519,10,564,367,30.000000:180.000000,1324,True,10,6,1324,0.999574,8.24558,0,0.0125823,1325 1325 1324 1262 1263 -1
GCP,adapt_p80-40593177313954_a22-5_363_map.h5,8.65894,10,169,376,9.594069:22.500000,1038,True,45,5,1039,0.803927,7.95958,0,0.0128641,1041 1039 971 1038 -1
GCP,adapt_p48-18968510422141_a258-75_551_map.h5,7.86304,10,356,775,41.810314:258.750000,1504,True,15,5,1504,0.846984,7.25735,0,0.012759,1453 1452 1504 1505 -1
GCP,adapt_p48-18968510422141_a101-24999999999999_392_map.h5,7.83998,10,301,801,41.810314:101.250000,1481,True,18,5,1428,0.959005,7.34876,0,0.0128562,1481 1428 1429 1371 -1
GCP,adapt_p35-659087696138755_a165-0_433_map.h5,7.75777,10,228,753,54.340912:165.000000,1587,True,31,5,1587,0.698191,7.29656,0,0.0130367,1492 1542 1541 1587 -1
GCP,adapt_p80-40593177313954_a224-99999999999997_335_map.h5,7.68817,10,212,724,9.594069:225.000000,1076,False,42,4,1142,0.397897,5.27173,0,0.0126545,1205 1141 1142 -1
GCP,adapt_p11-715852394892384_a45-0_279_map.h5,8.89634,10,650,381,78.284149:45.000000,1766,True,9,6,1766,0.999974,8.03957,0,0.0124715,1767 1767 1766 1746 1747 -1
GCP,adapt_p70-52877936550931_a33-75_335_map.h5,6.85934,10,538,1114,19.471220:33.750000,1173,True,15,4,1173,0.798981,4.95045,0,0.0124715,1172 1173 1237 -1
GCP,adapt_p35-659087696138755_a75-0_209_map.h5,6.88378,10,578,1137,54.340912:75.000000,1576,True,10,4,1576,0.963841,4.83462,0,0.0130274,1577 1576 1620 -1
GCP,adapt_p70-52877936550931_a101-24999999999999_575_map.h5,5.79641,10,214,1501,19.471220:101.250000,1185,False,23,4,1183,0.781435,4.91903,0,0.0123817,1182 1183 1184 -1
GCP,adapt_p60-00000000000001_a270-0_167_map.h5,7.88938,10,686,697,30.000000:270.000000,1339,True,10,5,1339,0.978566,5.80319,0,0.0124193,1397 1397 1339 1338 -1
GCP,adapt_p48-18968510422141_a168-74999999999997_61_map.h5,6.13681,10,33,807,41.810314:168.750000,1491,False,303,4,1655,0.159475,5.79034,0,0.0218714,1524 1655 1691 -1
GCP,adapt_p60-00000000000001_a90-0_468_map.h5,8.88733,10,664,414,30.000000:90.000000,1309,True,10,6,1368,0.999703,8.55851,0,0.0124832,1309 1309 1369 1368 1367 -1
GCP,adapt_p48-18968510422141_a168-74999999999997_258_map.h5,6.87231,10,604,1149,41.810314:168.750000,1491,True,12,4,1491,0.964988,4.79096,0,0.0124752,1439 1438 1491 -1
GCP,adapt_p80-40593177313954_a45-0_432_map.h5,7.58177,10,113,742,9.594069:45.000000,1042,False,58,4,1044,0.562066,5.40686,0,0.013044,1176 1044 976 -1
GCP,adapt_p35-659087696138755_a344-99999999999994_593_map.h5,7.84632,10,301,689,54.340912:345.000000,1609,True,14,5,1649,0.956554,7.24885,0,0.0124656,1608 1609 1650 1649 -1
GCP,adapt_p60-00000000000001_a202-49999999999997_233_map.h5,7.79584,10,342,779,30.000000:202.500000,1328,False,23,4,1385,0.735435,4.79916,0,0.0129895,1442 1385 1386 -1
GCP,adapt_p35-659087696138755_a344-99999999999994_479_map.h5,7.8943,10,602,768,54.340912:345.000000,1609,True,8,5,1649,0.998305,5.89015,0,0.0135337,1608 1608 1649 1609 -1
GCP,adapt_p48-18968510422141_a213-75_234_map.h5,4.94885,10,82,1101,41.810314:213.750000,1497,False,324,2,1499,0,0.02382,0,0.02382,1629 -1
GCP,adapt_p60-00000000000001_a180-0_303_map.h5,5.6051,10,253,1493,30.000000:180.000000,1324,False,54,4,1383,0.618242,5.51653,0,0.0127205,1494 1383 1382 -1
GCP,adapt_p48-18968510422141_a78-75_166_map.h5,8.88411,10,477,383,41.810314:78.750000,1478,True,11,6,1478,0.990441,8.17626,0,0.0126939,1529 1529 1477 1478 1424 -1
GCP,adapt_p60-00000000000001_a202-49999999999997_529_map.h5,5.8363,10,453,1553,30.000000:202.500000,1328,False,16,4,1327,0.695312,4.8505,0,0.0125147,1265 1327 1386 -1
GCP,adapt_p23-556464309101234_a202-5_598_map.h5,6.87436,10,448,1185,66.443535:202.500000,1704,True,12,5,1704,0.985285,5.77652,0,0.0124342,1732 1732 1704 1705 -1
GCP,adapt_p60-00000000000001_a315-0_426_map.h5,7.87576,10,271,787,30.000000:315.000000,1346,False,13,5,1347,0.9826,7.27327,0,0.013067,1404 1405 1347 1348 -1
GCP,adapt_p80-40593177313954_a315-0_539_map.h5,6.8825,10,615,1069,9.594069:315.000000,1093,True,13,4,1093,0.986307,4.91698,0,0.0123322,1092 1093 1094 -1
GCP,adapt_p60-00000000000001_a180-0_370_map.h5,5.82694,10,429,1516,30.000000:180.000000,1324,False,18,4,1440,0.824395,4.79202,0,0.0128728,1382 1383 1440 -1
GCP,adapt_p60-00000000000001_a157-5_111_map.h5,7.75728,10,201,780,30.000000:157.500000,1320,True,28,4,1320,0.701325,5.01503,0,0.0125144,1257 1320 1321 -1
GCP,adapt_p48-18968510422141_a33-75_514_map.h5,5.84179,10,426,1477,41.810314:33.750000,1471,False,17,4,1417,0.85781,5.0091,0,0.0129989,1472 1417 1416 -1
GCP,adapt_p80-40593177313954_a224-99999999999997_315_map.h5,6.63544,10,127,1133,9.594069:225.000000,1076,True,46,4,1076,0.577639,5.52006,0,0.0133661,1074 1076 1077 -1
GCP,adapt_p80-40593177313954_a135-0_586_map.h5,7.82822,10,323,727,9.594069:135.000000,1059,True,20,5,1059,0.927064,7.35726,0,0.0125916,1057 1058 991 1059 -1
GCP,adapt_p60-00000000000001_a67-5_93_map.h5,6.86737,10,514,1091,30.000000:67.500000,1305,True,13,4,1305,0.919415,4.80935,0,0.0124265,1364 1305 1306 -1
GCP,adapt_p70-52877936550931_a348-74999999999994_296_map.h5,8.86229,10,377,379,19.471220:348.750000,1229,True,14,6,1228,0.993804,8.33913,0,0.0125151,1290 1290 1291 1228 1229 -1
GCP,adapt_p11-715852394892384_a315-0_269_map.h5,6.85341,10,498,1081,78.284149:315.000000,1778,False,15,4,1762,0.920468,4.71718,0,0.0123837,1779 1763 1762 -1
GCP,adapt_p60-00000000000001_a45-0_81_map.h5,7.855,10,357,785,30.000000:45.000000,1301,True,15,5,1302,0.98989,7.24962,0,0.0138026,1238 1239 1302 1301 -1
GCP,adapt_p80-40593177313954_a135-0_35_map.h5,7.84972,10,362,740,9.594069:135.000000,1059,False,16,5,1125,0.914565,7.26328,0,0.0130886,1058 1124 1125 1126 -1
GCP,adapt_p35-659087696138755_a135-0_502_map.h5,7.67606,10,208,800,54.340912:135.000000,1583,True,39,5,1626,0.695303,7.11694,0,0.0127525,1665 1627 1626 1583 -1
GCP,adapt_p80-40593177313954_a90-0_556_map.h5,7.63197,10,219,752,9.594069:90.000000,1051,True,48,5,1051,0.801519,7.36374,0,0.0128131,982 1050 1051 1052 -1
GCP,adapt_p60-00000000000001_a247-49999999999997_368_map.h5,8.88823,10,578,365,30.000000:247.500000,1335,True,10,6,1394,0.99646,8.24874,0,0.0125733,1336 1336 1335 1393 1394 -1
GCP,adapt_p48-18968510422141_a258-75_573_map.h5,8.85926,10,514,347,41.810314:258.750000,1504,True,13,6,1504,0.990126,8.25817,0,0.0125568,1503 1503 1504 1452 1451 -1
GCP,adapt_p60-00000000000001_a224-99999999999997_310_map.h5,6.86431,10,592,1086,30.000000:225.000000,1331,True,12,5,1332,0.929944,5.93977,0,0.012496,1331 1331 1332 1271 -1
GCP,adapt_p70-52877936550931_a146-25_484_map.h5,6.50534,10,82,1125,19.471220:146.250000,1193,False,71,4,1191,0.418789,5.18972,0,0.0134834,1253 1191 1192 -1
GCP,adapt_p11-715852394892384_a45-0_64_map.h5,7.88141,10,484,784,78.284149:45.000000,1766,True,13,5,1746,0.953505,7.03838,0,0.0123778,1765 1766 1746 1745 -1
GCP,adapt_p60-00000000000001_a224-99999999999997_258_map.h5,5.43771,10,182,1452,30.000000:225.000000,1331,False,80,3,1147,0.269339,4.27718,0,0.0130943,1271 1147 -1
GCP,adapt_p48-18968510422141_a348-74999999999994_355_map.h5,7.467,10,75,373,41.810314:348.750000,1517,False,231,2,1566,0,0.0175293,0,0.0175293,1590 -1
GCP,adapt_p35-659087696138755_a45-0_358_map.h5,5.82337,10,347,1507,54.340912:45.000000,1572,True,20,4,1572,0.72844,4.69641,0,0.0124532,1525 1572 1616 -1
GCP,adapt_p48-18968510422141_a11-25_540_map.h5,5.85538,10,428,1507,41.810314:11.250000,1468,True,14,4,1413,0.77527,4.90301,0,0.0124293,1467 1413 1468 -1
GCP,adapt_p80-40593177313954_a135-0_499_map.h5,7.84107,10,402,663,9.594069:135.000000,1059,False,19,5,1058,0.866204,7.26596,0,0.0127509,1057 1058 1124 1125 -1
GCP,adapt_p80-40593177313954_a157-5_306_map.h5,6.78202,10,203,1091,9.594069:157.500000,1063,False,26,4,1128,0.718947,4.74784,0,0.0128055,1194 1128 1062 -1
GCP,adapt_p48-18968510422141_a281-24999999999994_253_map.h5,7.85655,10,308,787,41.810314:281.250000,1507,True,15,5,1508,0.871209,7.21974,0,0.0132504,1455 1456 1508 1507 -1
GCP,adapt_p60-00000000000001_a202-49999999999997_126_map.h5,7.89823,10,701,740,30.000000:202.500000,1328,True,8,5,1328,0.997856,5.81837,0,0.0125661,1266 1266 1328 1327 -1
GCP,adapt_p70-52877936550931_a213-75_101_map.h5,7.86639,10,587,723,19.471220:213.750000,1205,True,15,5,1205,0.968429,7.2533,0,0.0124159,1268 1267 1204 1205 -1
GCP,adapt_p35-659087696138755_a195-0_388_map.h5,7.65668,10,217,765,54.340912:195.000000,1590,False,50,5,1496,0.511194,7.36458,0,0.0131239,1547 1496 1546 1545 -1
GCP,adapt_p48-18968510422141_a303-75_67_map.h5,6.87944,10,504,1136,41.810314:303.750000,1510,True,11,5,1511,0.979835,5.78468,0,0.0123551,1560 1560 1511 1510 -1
GCP,adapt_p70-52877936550931_a78-75_345_map.h5,6.83109,10,356,1174,19.471220:78.750000,1181,True,18,4,1244,0.775832,4.84124,0,0.0127298,1180 1181 1244 -1
GCP,adapt_p70-52877936550931_a56-24999999999999_200_map.h5,6.84047,10,454,1154,19.471220:56.250000,1177,True,12,5,1177,0.961295,5.85782,0,0.0123256,1240 1240 1177 1176 -1
GCP,adapt_p80-40593177313954_a202-49999999999997_134_map.h5,8.68768,10,139,388,9.594069:202.500000,1072,False,41,5,1071,0.715728,7.44347,0,0.0131473,1002 1070 1136 1071 -1
GCP,adapt_p35-659087696138755_a224-99999999999997_80_map.h5,6.7452,10,251,1162,54.340912:225.000000,1594,True,27,4,1549,0.751103,4.77795,0,0.0125963,1595 1594 1549 -1
GCP,adapt_p60-00000000000001_a202-49999999999997_343_map.h5,5.74739,10,282,1493,30.000000:202.500000,1328,True,30,4,1328,0.721326,4.82649,0,0.0124594,1267 1329 1328 -1
GCP,adapt_p70-52877936550931_a168-74999999999997_406_map.h5,7.83737,10,243,734,19.471220:168.750000,1197,True,18,5,1196,0.832124,7.25031,0,0.0124421,1261 1260 1197 1196 -1
GCP,adapt_p48-18968510422141_a33-75_360_map.h5,6.20418,10,213,1208,41.810314:33.750000,1471,False,108,2,1471,0,0.0135468,0,0.0135468,1645 -1
GCP,adapt_p11-715852394892384_a45-0_325_map.h5,8.88801,10,467,384,78.284149:45.000000,1766,True,11,6,1746,0.999781,8.04185,0,0.0127925,1747 1747 1767 1766 1746 -1
GCP,adapt_p35-659087696138755_a45-0_41_map.h5,8.87633,10,405,366,54.340912:45.000000,1572,True,14,6,1572,0.998868,8.19394,0,0.0124641,1617 1617 1616 1572 1573 -1
GCP,adapt_p70-52877936550931_a281-24999999999994_368_map.h5,7.88949,10,615,743,19.471220:281.250000,1217,True,11,5,1217,0.994077,5.84205,0,0.0123209,1279 1279 1216 1217 -1
GCP,adapt_p80-40593177313954_a90-0_361_map.h5,7.81598,10,291,737,9.594069:90.000000,1051,True,23,4,1051,0.852709,4.83351,0,0.0128337,1117 1051 1050 -1
GCP,adapt_p60-00000000000001_a157-5_578_map.h5,7.88836,10,526,758,30.000000:157.500000,1320,True,10,5,1320,0.995697,7.58976,0,0.0124491,1319 1320 1258 1319 -1
GCP,adapt_p80-40593177313954_a315-0_103_map.h5,6.86803,10,488,1124,9.594069:315.000000,1093,True,13,4,1093,0.742487,4.87161,0,0.0127693,1092 1093 1159 -1
GCP,adapt_p48-18968510422141_a303-75_411_map.h5,7.88247,10,646,721,41.810314:303.750000,1510,True,11,5,1511,0.955491,5.78529,0,0.0133404,1459 1459 1511 1510 -1
GCP,adapt_p80-40593177313954_a247-49999999999997_395_map.h5,5.82254,10,465,1461,9.594069:247.500000,1080,True,18,4,1079,0.724093,4.91692,0,0.0122766,1080 1079 1078 -1
GCP,adapt_p48-18968510422141_a236-25_326_map.h5,8.84805,10,304,396,41.810314:236.250000,1501,True,15,6,1449,0.98942,8.33727,0,0.0127471,1502 1502 1449 1448 1501 -1
GCP,adapt_p70-52877936550931_a213-75_218_map.h5,8.80094,10,214,357,19.471220:213.750000,1205,False,26,5,1207,0.836103,7.18566,0,0.0128564,1142 1207 1206 1269 -1
GCP,adapt_p48-18968510422141_a236-25_136_map.h5,8.87579,10,494,405,41.810314:236.250000,1501,True,10,6,1501,0.98286,8.33746,0,0.0130048,1500 1500 1448 1449 1501 -1
GCP,adapt_p23-556464309101234_a22-5_111_map.h5,6.8183,10,375,1143,66.443535:22.500000,1689,False,20,4,1690,0.586717,4.96386,0,0.0125246,1655 1690 1720 -1
GCP,adapt_p70-52877936550931_a191-25_513_map.h5,5.72753,10,221,1526,19.471220:191.250000,1201,False,33,4,1203,0.6675,5.52232,0,0.0132836,1205 1203 1202 -1
GCP,adapt_p70-52877936550931_a258-75_18_map.h5,7.86227,10,281,718,19.471220:258.750000,1213,True,16,5,1214,0.974141,7.57453,0,0.0125171,1213 1214 1215 1149 -1
GCP,adapt_p23-556464309101234_a157-5_231_map.h5,8.88023,10,512,369,66.443535:157.500000,1701,True,12,6,1700,0.993974,8.20386,0,0.0125586,1701 1701 1700 1666 1667 -1
GCP,adapt_p60-00000000000001_a315-0_356_map.h5,8.88934,10,545,355,30.000000:315.000000,1346,True,8,6,1404,0.999988,8.26693,0,0.0124576,1347 1347 1346 1404 1405 -1
GCP,adapt_p70-52877936550931_a281-24999999999994_306_map.h5,8.88592,10,417,375,19.471220:281.250000,1217,True,12,6,1217,0.999451,8.18695,0,0.012881,1152 1152 1217 1216 1279 -1
GCP,adapt_p60-00000000000001_a45-0_474_map.h5,6.63214,10,141,1155,30.000000:45.000000,1301,False,52,4,1238,0.520173,5.57654,0,0.0126662,1106 1237 1238 -1
GCP,adapt_p11-715852394892384_a225-0_316_map.h5,8.8612,10,193,373,78.284149:225.000000,1774,True,15,6,1773,0.97906,8.3705,0,0.0126081,1755 1755 1774 1773 1772 -1
GCP,adapt_p23-556464309101234_a67-5_16_map.h5,3.10042,10,82,1531,66.443535:67.500000,1693,False,451,2,1302,0,0.0331422,0,0.0331422,1109 -1
GCP,adapt_p60-00000000000001_a270-0_275_map.h5,8.86892,10,517,370,30.000000:270.000000,1339,True,15,6,1397,0.998687,8.24183,0,0.0128797,1338 1338 1339 1397 1396 -1
GCP,adapt_p48-18968510422141_a213-75_105_map.h5,6.86337,10,516,1055,41.810314:213.750000,1497,False,14,4,1445,0.936138,4.83039,0,0.0124536,1444 1445 1498 -1
GCP,adapt_p80-40593177313954_a270-0_120_map.h5,7.7693,10,459,720,9.594069:270.000000,1084,True,29,5,1084,0.729214,7.35883,0,0.0134842,1214 1149 1084 1085 -1
GCP,adapt_p70-52877936550931_a33-75_456_map.h5,8.86738,10,464,400,19.471220:33.750000,1173,True,13,6,1107,0.997294,8.30264,0,0.0134111,1174 1174 1173 1107 1108 -1
GCP,adapt_p23-556464309101234_a202-5_353_map.h5,7.87651,10,611,741,66.443535:202.500000,1704,True,10,5,1704,0.998376,7.2559,0,0.0122819,1705 1704 1732 1705 -1
GCP,adapt_p70-52877936550931_a326-24999999999994_404_map.h5,8.89338,10,551,367,19.471220:326.250000,1225,True,9,6,1225,0.999529,8.29313,0,0.012438,1160 1160 1159 1224 1225 -1
GCP,adapt_p48-18968510422141_a258-75_584_map.h5,5.60843,10,120,742,41.810314:258.750000,1504,False,381,3,1506,0.140382,5.40588,0,0.0262244,1155 1506 -1
GCP,adapt_p48-18968510422141_a348-74999999999994_424_map.h5,5.8088,10,254,1480,41.810314:348.750000,1517,False,20,4,1518,0.74956,4.86733,0,0.0129956,1467 1518 1466 -1
GCP,adapt_p35-659087696138755_a285-0_26_map.h5,5.77194,10,231,1508,54.340912:285.000000,1601,False,27,4,1643,0.734766,5.14662,0,0.0128755,1603 1643 1679 -1
GCP,adapt_p11-715852394892384_a225-0_217_map.h5,6.89604,10,618,1085,78.284149:225.000000,1774,True,11,5,1774,0.997133,5.7822,0,0.0127573,1756 1756 1757 1774 -1
GCP,adapt_p35-659087696138755_a45-0_439_map.h5,8.52187,10,90,350,54.340912:45.000000,1572,True,61,5,1572,0.590214,7.97212,0,0.012946,1569 1524 1571 1572 -1
GCP,adapt_p11-715852394892384_a315-0_143_map.h5,6.42881,10,102,739,78.284149:315.000000,1778,False,253,3,1762,0.2373,5.9407,0,0.0189368,1594 1762 -1
GCP,adapt_p70-52877936550931_a348-74999999999994_591_map.h5,1.52914,10,12,336,19.471220:348.750000,1229,False,1800,2,1348,0,0.316586,0,0.316586,1763 -1
GCP,adapt_p70-52877936550931_a101-24999999999999_430_map.h5,5.81018,10,359,1477,19.471220:101.250000,1185,True,23,4,1185,0.81193,4.80547,0,0.0126296,1120 1119 1185 -1
GCP,adapt_p48-18968510422141_a303-75_48_map.h5,8.69516,10,136,368,41.810314:303.750000,1510,True,42,5,1511,0.588674,7.69057,0,0.0126441,1457 1510 1511 1460 -1
GCP,adapt_p80-40593177313954_a180-0_468_map.h5,7.8683,10,620,747,9.594069:180.000000,1067,True,12,5,1133,0.967825,7.47368,0,0.012494,1132 1133 1067 1132 -1
GCP,adapt_p48-18968510422141_a33-75_121_map.h5,5.84604,10,448,1460,41.810314:33.750000,1471,False,17,4,1417,0.951701,4.81126,0,0.0127851,1359 1417 1418 -1
GCP,adapt_p35-659087696138755_a315-0_538_map.h5,5.86428,10,583,1449,54.340912:315.000000,1605,False,11,5,1646,0.981742,5.76943,0,0.0125159,1682 1682 1646 1645 -1
GCP,adapt_p70-52877936550931_a168-74999999999997_277_map.h5,7.13302,10,78,721,19.471220:168.750000,1197,False,125,5,1211,0.31179,7.08169,0,0.0138501,1080 1146 1211 1274 -1
GCP,adapt_p60-00000000000001_a90-0_103_map.h5,2.2283,10,11,346,30.000000:90.000000,1309,False,1800,2,1505,0,0.320269,0,0.320269,1461 -1
GCP,adapt_p80-40593177313954_a112-49999999999999_514_map.h5,5.71915,10,383,1429,9.594069:112.500000,1055,True,25,4,1056,0.735483,5.22181,0,0.0126541,1120 1055 1056 -1
GCP,adapt_p60-00000000000001_a0-0_224_map.h5,5.76789,10,347,1556,30.000000:0.000000,1294,True,28,4,1294,0.780697,4.89705,0,0.012935,1231 1294 1411 -1
GCP,adapt_p60-00000000000001_a292-5_429_map.h5,5.82299,10,364,1417,30.000000:292.500000,1343,False,20,4,1281,0.886572,4.84105,0,0.0128778,1219 1282 1281 -1
GCP,adapt_p60-00000000000001_a292-5_67_map.h5,7.66722,10,171,759,30.000000:292.500000,1343,True,46,5,1342,0.740688,7.42743,0,0.0135948,1457 1400 1342 1343 -1
GCP,adapt_p70-52877936550931_a56-24999999999999_261_map.h5,6.83955,10,562,1065,19.471220:56.250000,1177,True,12,4,1177,0.933936,4.8247,0,0.0132415,1178 1177 1111 -1
GCP,adapt_p23-556464309101234_a157-5_75_map.h5,7.89545,10,674,714,66.443535:157.500000,1701,False,7,5,1700,0.985064,5.88143,0,0.0123435,1728 1728 1729 1700 -1
GCP,adapt_p70-52877936550931_a236-25_148_map.h5,2.38628,10,110,1472,19.471220:236.250000,1209,False,553,2,1346,0,0.0432262,0,0.0432262,1598 -1
GCP,adapt_p60-00000000000001_a90-0_45_map.h5,7.82828,10,296,732,30.000000:90.000000,1309,True,15,5,1367,0.939988,7.24028,0,0.0125318,1308 1309 1368 1367 -1
GCP,adapt_p70-52877936550931_a78-75_212_map.h5,5.8756,10,461,1505,19.471220:78.750000,1181,True,14,4,1181,0.729602,4.92339,0,0.0132064,1182 1245 1181 -1
GCP,adapt_p70-52877936550931_a101-24999999999999_323_map.h5,8.88334,10,484,376,19.471220:101.250000,1185,True,12,6,1185,0.997406,8.26109,0,0.0124541,1120 1120 1119 1185 1186 -1
GCP,adapt_p70-52877936550931_a213-75_37_map.h5,8.87578,10,409,366,19.471220:213.750000,1205,True,12,6,1205,0.995611,8.30223,0,0.0130388,1206 1206 1205 1140 1139 -1
GCP,adapt_p11-715852394892384_a135-0_203_map.h5,6.10075,10,127,1114,78.284149:135.000000,1770,False,140,4,1775,0.412302,5.23696,0,0.015012,1736 1776 1775 -1
GCP,adapt_p80-40593177313954_a157-5_118_map.h5,8.07944,10,124,334,9.594069:157.500000,1063,True,141,4,1129,0.532234,6.65313,0,0.0143411,1376 1129 1063 -1
GCP,adapt_p35-659087696138755_a135-0_321_map.h5,1.41108,10,31,325,54.340912:135.000000,1583,False,1800,2,1363,0,0.314628,0,0.314628,1747 -1
GCP,adapt_p48-18968510422141_a281-24999999999994_250_map.h5,7.8552,10,419,778,41.810314:281.250000,1507,True,16,5,1507,0.964782,7.27526,0,0.0126018,1506 1507 1556 1557 -1
GCP,adapt_p70-52877936550931_a56-24999999999999_20_map.h5,7.86738,10,434,715,19.471220:56.250000,1177,True,12,5,1177,0.979039,5.85793,0,0.0124336,1240 1240 1177 1176 -1
GCP,adapt_p35-659087696138755_a195-0_422_map.h5,8.88425,10,607,383,54.340912:195.000000,1590,True,8,6,1632,0.999955,8.38682,0,0.0125434,1590 1590 1633 1632 1589 -1
GCP,adapt_p60-00000000000001_a22-5_558_map.h5,8.88903,10,519,342,30.000000:22.500000,1298,True,8,6,1298,0.999852,8.4505,0,0.0128052,1357 1357 1297 1298 1358 -1
GCP,adapt_p23-556464309101234_a202-5_550_map.h5,6.85597,10,561,1068,66.443535:202.500000,1704,True,14,4,1732,0.824815,4.76565,0,0.0128325,1733 1732 1704 -1
GCP,adapt_p48-18968510422141_a326-24999999999994_464_map.h5,6.8778,10,603,1141,41.810314:326.250000,1514,True,10,5,1514,0.983889,5.8075,0,0.0130205,1462 1462 1514 1513 -1
GCP,adapt_p11-715852394892384_a45-0_183_map.h5,5.8581,10,461,1536,78.284149:45.000000,1766,True,14,4,1767,0.905598,4.67604,0,0.0127186,1746 1766 1767 -1
GCP,adapt_p80-40593177313954_a112-49999999999999_543_map.h5,8.88122,10,439,384,9.594069:112.500000,1055,True,12,6,1054,0.994078,8.27618,0,0.0125829,1121 1121 1120 1054 1055 -1
GCP,adapt_p35-659087696138755_a135-0_463_map.h5,7.7552,10,164,755,54.340912:135.000000,1583,True,31,5,1583,0.8261,7.19251,0,0.012598,1625 1626 1583 1584 -1
GCP,adapt_p80-40593177313954_a67-5_30_map.h5,6.85538,10,454,1181,9.594069:67.500000,1047,False,15,4,1046,0.824566,4.84805,0,0.0124269,1113 1112 1046 -1
GCP,adapt_p35-659087696138755_a75-0_580_map.h5,6.84717,10,312,1081,54.340912:75.000000,1576,False,16,4,1620,0.919402,4.8407,0,0.0136155,1659 1620 1619 -1
GCP,adapt_p48-18968510422141_a11-25_209_map.h5,6.87668,10,604,1125,41.810314:11.250000,1468,True,11,5,1468,0.993272,5.88815,0,0.0130919,1469 1469 1521 1468 -1
GCP,adapt_p23-556464309101234_a157-5_194_map.h5,7.84432,10,288,687,66.443535:157.500000,1701,True,21,5,1729,0.911901,7.15717,0,0.0124833,1700 1701 1729 1730 -1
GCP,adapt_p35-659087696138755_a135-0_114_map.h5,8.88774,10,471,393,54.340912:135.000000,1583,False,10,6,1626,0.999687,8.17452,0,0.0130561,1664 1664 1665 1627 1626 -1
GCP,adapt_p70-52877936550931_a146-25_200_map.h5,7.80964,10,265,772,19.471220:146.250000,1193,True,22,5,1128,0.941857,7.26019,0,0.0131819,1061 1127 1193 1128 -1
GCP,adapt_p80-40593177313954_a22-5_267_map.h5,8.82349,10,271,349,9.594069:22.500000,1038,False,21,6,1106,0.95672,8.33411,0,0.0132985,1040 1040 1039 1105 1106 -1
GCP,adapt_p60-00000000000001_a292-5_241_map.h5,5.64951,10,94,1118,30.000000:292.500000,1343,False,201,4,1701,0.46047,5.56621,0,0.0167582,1627 1667 1701 -1
GCP,adapt_p80-40593177313954_a45-0_491_map.h5,5.80819,10,363,1506,9.594069:45.000000,1042,False,21,4,1043,0.800033,5.30947,0,0.0126391,1108 1043 1044 -1
GCP,adapt_p23-556464309101234_a157-5_432_map.h5,7.90372,10,859,748,66.443535:157.500000,1701,True,8,5,1701,0.999976,7.25897,0,0.0130866,1700 1701 1729 1700 -1
GCP,adapt_p70-52877936550931_a191-25_526_map.h5,7.66487,10,95,741,19.471220:191.250000,1201,False,47,4,1202,0.601525,5.09489,0,0.0129503,1328 1265 1202 -1
GCP,adapt_p60-00000000000001_a67-5_184_map.h5,5.86013,10,460,1383,30.000000:67.500000,1305,True,15,4,1305,0.896825,4.80938,0,0.0126786,1306 1305 1364 -1
GCP,adapt_p35-659087696138755_a75-0_322_map.h5,7.88089,10,521,719,54.340912:75.000000,1576,True,12,5,1576,0.998366,5.85538,0,0.012921,1530 1530 1577 1576 -1
GCP,adapt_p11-715852394892384_a135-0_84_map.h5,8.89306,10,542,362,78.284149:135.000000,1770,True,10,6,1751,0.999942,8.1455,0,0.0127284,1770 1770 1751 1752 1771 -1
GCP,adapt_p35-659087696138755_a195-0_327_map.h5,5.84125,10,404,1469,54.340912:195.000000,1590,True,14,4,1633,0.842866,4.92522,0,0.0135641,1590 1633 1634 -1
GCP,adapt_p60-00000000000001_a112-49999999999999_531_map.h5,7.85541,10,369,809,30.000000:112.500000,1313,False,15,5,1312,0.92905,7.26196,0,0.0123869,1371 1312 1249 1311 -1
GCP,adapt_p48-18968510422141_a146-25_364_map.h5,7.84981,10,511,752,41.810314:146.250000,1488,True,15,5,1435,0.9846,7.24069,0,0.0130048,1487 1488 1435 1434 -1
GCP,adapt_p23-556464309101234_a157-5_195_map.h5,8.7328,10,174,393,66.443535:157.500000,1701,False,34,5,1665,0.755575,7.47426,0,0.0130012,1626 1665 1666 1700 -1
GCP,adapt_p48-18968510422141_a146-25_169_map.h5,8.87815,10,542,360,41.810314:146.250000,1488,True,10,6,1488,0.998638,8.24198,0,0.0126207,1434 1434 1435 1488 1487 -1
GCP,adapt_p70-52877936550931_a11-25_312_map.h5,8.87415,10,431,377,19.471220:11.250000,1169,True,13,6,1102,0.989664,8.35002,0,0.0126487,1101 1101 1102 1168 1169 -1
GCP,adapt_p70-52877936550931_a236-25_386_map.h5,6.62046,10,175,1090,19.471220:236.250000,1209,False,47,4,1271,0.604201,5.63701,0,0.0133583,1206 1271 1333 -1
GCP,adapt_p60-00000000000001_a112-49999999999999_14_map.h5,8.86416,10,397,411,30.000000:112.500000,1313,True,12,6,1313,0.978657,8.63977,0,0.0126292,1372 1372 1312 1313 1251 -1
GCP,adapt_p60-00000000000001_a202-49999999999997_561_map.h5,8.89727,10,626,368,30.000000:202.500000,1328,True,9,6,1327,0.999908,8.26027,0,0.0125014,1265 1265 1266 1328 1327 -1
GCP,adapt_p35-659087696138755_a135-0_66_map.h5,8.794,10,136,387,54.340912:135.000000,1583,True,25,5,1626,0.848128,7.11469,0,0.0128075,1663 1625 1626 1583 -1
GCP,adapt_p35-659087696138755_a224-99999999999997_54_map.h5,6.86627,10,600,1120,54.340912:225.000000,1594,True,11,4,1594,0.707191,4.76856,0,0.0125222,1637 1636 1594 -1
GCP,adapt_p48-18968510422141_a281-24999999999994_305_map.h5,6.09485,10,77,701,41.810314:281.250000,1507,False,311,2,1457,0,0.0228194,0,0.0228194,1791 -1
GCP,adapt_p23-556464309101234_a247-49999999999997_80_map.h5,7.46771,10,90,764,66.443535:247.500000,1708,False,74,4,1706,0.416572,5.61301,0,0.0131,1703 1733 1706 -1
GCP,adapt_p80-40593177313954_a45-0_267_map.h5,4.66755,10,108,1494,9.594069:45.000000,1042,False,191,2,1041,0,0.0161195,0,0.0161195,1352 -1
GCP,adapt_p80-40593177313954_a157-5_331_map.h5,7.823,10,377,732,9.594069:157.500000,1063,False,19,5,1130,0.916355,7.45127,0,0.0127986,1131 1064 1130 1129 -1
GCP,adapt_p80-40593177313954_a270-0_176_map.h5,6.86833,10,538,1161,9.594069:270.000000,1084,True,12,5,1149,0.936535,5.9315,0,0.0134624,1083 1083 1149 1084 -1
GCP,adapt_p60-00000000000001_a270-0_84_map.h5,8.58508,10,159,341,30.000000:270.000000,1339,False,55,5,1452,0.563145,7.86323,0,0.0127415,1394 1396 1452 1453 -1
GCP,adapt_p23-556464309101234_a112-5_577_map.h5,8.89905,10,745,345,66.443535:112.500000,1697,True,9,6,1696,0.999931,8.13474,0,0.0127337,1697 1697 1696 1725 1726 -1
GCP,adapt_p60-00000000000001_a247-49999999999997_142_map.h5,7.8441,10,254,728,30.000000:247.500000,1335,True,17,5,1393,0.923816,7.21423,0,0.0127132,1335 1393 1394 1450 -1
GCP,adapt_p23-556464309101234_a292-5_345_map.h5,7.81477,10,128,748,66.443535:292.500000,1712,True,24,5,1712,0.895835,7.19706,0,0.0130485,1681 1713 1712 1680 -1
GCP,adapt_p23-556464309101234_a157-5_587_map.h5,6.86139,10,589,1129,66.443535:157.500000,1701,False,12,5,1665,0.900131,5.85562,0,0.0124181,1666 1666 1700 1665 -1
GCP,adapt_p48-18968510422141_a168-74999999999997_254_map.h5,8.87855,10,402,344,41.810314:168.750000,1491,True,13,5,1438,0.991591,7.48575,0,0.0132488,1439 1438 1437 1491 -1
GCP,adapt_p11-715852394892384_a45-0_364_map.h5,7.88042,10,544,735,78.284149:45.000000,1766,True,11,5,1766,0.941904,5.67635,0,0.0123774,1767 1767 1766 1746 -1
GCP,adapt_p70-52877936550931_a101-24999999999999_435_map.h5,2.90953,10,88,1116,19.471220:101.250000,1185,False,614,2,1296,0,0.049852,0,0.049852,1041 -1
GCP,adapt_p60-00000000000001_a202-49999999999997_309_map.h5,8.67038,10,139,375,30.000000:202.500000,1328,False,43,5,1267,0.676858,7.73349,0,0.0134505,1138 1266 1267 1329 -1
GCP,adapt_p35-659087696138755_a105-0_299_map.h5,8.90209,10,711,319,54.340912:105.000000,1579,True,6,6,1580,0.999999,8.22947,0,0.0127173,1579 1579 1580 1623 1622 -1
GCP,adapt_p35-659087696138755_a255-00000000000003_214_map.h5,8.87611,10,404,376,54.340912:255.000000,1598,True,12,6,1598,0.998006,8.24987,0,0.0126891,1639 1639 1640 1598 1599 -1
GCP,adapt_p35-659087696138755_a344-99999999999994_554_map.h5,6.88042,10,521,1112,54.340912:345.000000,1609,True,13,4,1609,0.911791,4.82465,0,0.012373,1649 1650 1609 -1
GCP,adapt_p60-00000000000001_a112-49999999999999_439_map.h5,7.84221,10,498,769,30.000000:112.500000,1313,True,17,5,1313,0.905358,7.23856,0,0.0126076,1370 1371 1372 1313 -1
GCP,adapt_p70-52877936550931_a348-74999999999994_555_map.h5,8.87327,10,517,399,19.471220:348.750000,1229,True,13,6,1291,0.998302,8.33908,0,0.0125071,1292 1292 1291 1228 1229 -1
GCP,adapt_p70-52877936550931_a168-74999999999997_116_map.h5,7.86915,10,603,731,19.471220:168.750000,1197,True,11,5,1197,0.985602,7.45568,0,0.0126638,1196 1197 1260 1196 -1
GCP,adapt_p80-40593177313954_a180-0_418_map.h5,6.80603,10,509,1112,9.594069:180.000000,1067,True,23,4,1067,0.791762,4.91744,0,0.0127975,1069 1068 1067 -1
GCP,adapt_p60-00000000000001_a67-5_413_map.h5,6.86722,10,562,1077,30.000000:67.500000,1305,True,12,4,1305,0.807927,4.79899,0,0.0125989,1365 1364 1305 -1
GCP,adapt_p48-18968510422141_a56-24999999999999_353_map.h5,7.36232,10,182,731,41.810314:56.250000,1475,True,87,4,1524,0.42108,5.94349,0,0.0134883,1475 1572 1524 -1
GCP,adapt_p80-40593177313954_a337-49999999999994_93_map.h5,6.87728,10,489,1084,9.594069:337.500000,1097,True,11,5,1096,0.95667,5.90531,0,0.012509,1097 1097 1029 1096 -1
GCP,adapt_p60-00000000000001_a337-49999999999994_316_map.h5,5.87208,10,620,1466,30.000000:337.500000,1350,False,10,4,1290,0.897588,4.84346,0,0.0126924,1291 1290 1351 -1
GCP,adapt_p70-52877936550931_a78-75_476_map.h5,6.88533,10,531,1153,19.471220:78.750000,1181,True,11,5,1182,0.960438,5.80973,0,0.0124754,1116 1116 1182 1181 -1
GCP,adapt_p48-18968510422141_a236-25_287_map.h5,7.81137,10,241,793,41.810314:236.250000,1501,True,25,5,1448,0.90392,7.31553,0,0.0124317,1391 1448 1500 1501 -1
GCP,adapt_p70-52877936550931_a281-24999999999994_253_map.h5,1.8968,10,7,339,19.471220:281.250000,1217,False,1800,2,1308,0,0.315667,0,0.315667,1274 -1
GCP,adapt_p48-18968510422141_a258-75_28_map.h5,7.88136,10,419,693,41.810314:258.750000,1504,True,11,5,1504,0.986646,7.32916,0,0.0124449,1451 1452 1504 1451 -1
GCP,adapt_p80-40593177313954_a135-0_56_map.h5,5.37768,10,135,1585,9.594069:135.000000,1059,False,83,3,1256,0.225213,4.00394,0,0.0131395,1064 1256 -1
GCP,adapt_p80-40593177313954_a45-0_450_map.h5,5.78332,10,409,1546,9.594069:45.000000,1042,False,23,4,1040,0.761103,4.91065,0,0.0124898,971 1039 1040 -1
GCP,adapt_p80-40593177313954_a22-5_433_map.h5,6.57078,10,170,1088,9.594069:22.500000,1038,False,59,4,1102,0.406422,4.8952,0,0.0130641,1168 1102 1103 -1
GCP,adapt_p23-556464309101234_a247-49999999999997_121_map.h5,8.90431,10,654,368,66.443535:247.500000,1708,True,9,6,1708,0.999569,8.15298,0,0.0124868,1709 1709 1708 1675 1674 -1
GCP,adapt_p70-52877936550931_a56-24999999999999_279_map.h5,7.85523,10,341,827,19.471220:56.250000,1177,True,16,5,1110,0.93915,7.27077,0,0.0125794,1109 1110 1111 1177 -1
GCP,adapt_p35-659087696138755_a195-0_284_map.h5,7.87734,10,670,808,54.340912:195.000000,1590,False,10,5,1633,0.999468,5.80499,0,0.012436,1670 1670 1633 1632 -1
GCP,adapt_p70-52877936550931_a123-74999999999999_19_map.h5,8.79522,10,179,376,19.471220:123.750000,1189,True,25,5,1189,0.891208,7.50683,0,0.0125992,1190 1189 1188 1123 -1
GCP,adapt_p80-40593177313954_a224-99999999999997_193_map.h5,7.88106,10,505,786,9.594069:225.000000,1076,True,10,5,1142,0.942305,7.5454,0,0.0127373,1143 1142 1076 1143 -1
GCP,adapt_p48-18968510422141_a123-74999999999999_41_map.h5,5.88,10,850,1536,41.810314:123.750000,1484,True,8,5,1484,0.998279,5.86801,0,0.0128377,1485 1485 1484 1431 -1
GCP,adapt_p70-52877936550931_a303-75_326_map.h5,7.85107,10,370,791,19.471220:303.750000,1221,True,17,5,1220,0.924829,7.26078,0,0.0127361,1155 1220 1283 1221 -1
GCP,adapt_p70-52877936550931_a326-24999999999994_377_map.h5,7.61689,10,211,710,19.471220:326.250000,1225,False,49,4,1163,0.613733,6.44491,0,0.0129276,1224 1163 1164 -1
GCP,adapt_p35-659087696138755_a315-0_551_map.h5,8.88339,10,604,367,54.340912:315.000000,1605,True,7,6,1605,0.999949,8.1945,0,0.0124213,1604 1604 1605 1646 1645 -1
GCP,adapt_p70-52877936550931_a146-25_385_map.h5,5.82386,10,449,1534,19.471220:146.250000,1193,False,19,4,1127,0.691004,4.99424,0,0.0129369,1128 1127 1192 -1
GCP,adapt_p70-52877936550931_a258-75_315_map.h5,7.64712,10,205,796,19.471220:258.750000,1213,True,48,5,1213,0.861527,7.17835,0,0.013688,1083 1149 1214 1213 -1
GCP,adapt_p60-00000000000001_a0-0_553_map.h5,5.83446,10,354,1448,30.000000:0.000000,1294,True,19,4,1294,0.794471,4.8925,0,0.012379,1410 1411 1294 -1
GCP,adapt_p60-00000000000001_a292-5_315_map.h5,7.83715,10,441,771,30.000000:292.500000,1343,True,17,5,1401,0.966315,7.48746,0,0.0126692,1402 1401 1400 1343 -1
GCP,adapt_p70-52877936550931_a348-74999999999994_267_map.h5,8.885,10,413,342,19.471220:348.750000,1229,True,12,6,1230,0.998719,8.35062,0,0.0128068,1292 1292 1293 1230 1229 -1
GCP,adapt_p80-40593177313954_a112-49999999999999_109_map.h5,5.77728,10,341,1544,9.594069:112.500000,1055,True,19,4,1055,0.77298,4.91973,0,0.0125232,986 987 1055 -1
GCP,adapt_p70-52877936550931_a326-24999999999994_61_map.h5,7.86453,10,510,689,19.471220:326.250000,1225,True,13,5,1225,0.933831,7.32306,0,0.0132704,1289 1288 1225 1226 -1
GCP,adapt_p35-659087696138755_a75-0_266_map.h5,5.86539,10,478,1548,54.340912:75.000000,1576,True,12,5,1619,0.984412,5.82634,0,0.0124142,1576 1576 1620 1619 -1
GCP,adapt_p80-40593177313954_a90-0_262_map.h5,6.7916,10,365,1135,9.594069:90.000000,1051,True,23,4,1052,0.708092,5.02678,0,0.0132176,1119 1052 1051 -1
GCP,adapt_p60-00000000000001_a67-5_101_map.h5,8.88336,10,363,363,30.000000:67.500000,1305,True,11,6,1305,0.997061,8.24866,0,0.0124608,1306 1306 1305 1364 1365 -1
GCP,adapt_p35-659087696138755_a285-0_98_map.h5,7.87693,10,494,795,54.340912:285.000000,1601,True,10,5,1643,0.979398,7.31047,0,0.0128842,1601 1602 1643 1601 -1
GCP,adapt_p35-659087696138755_a195-0_106_map.h5,6.86396,10,586,1054,54.340912:195.000000,1590,True,13,5,1633,0.916843,5.91193,0,0.0128738,1632 1632 1590 1633 -1
GCP,adapt_p70-52877936550931_a101-24999999999999_329_map.h5,7.84335,10,367,668,19.471220:101.250000,1185,True,17,5,1183,0.843849,7.58039,0,0.0124814,1185 1184 1183 1118 -1
GCP,adapt_p11-715852394892384_a225-0_298_map.h5,6.88497,10,547,1130,78.284149:225.000000,1774,True,10,4,1774,0.777686,4.74035,0,0.0128197,1757 1774 1775 -1
GCP,adapt_p70-52877936550931_a78-75_433_map.h5,6.86508,10,443,1133,19.471220:78.750000,1181,True,13,4,1182,0.806474,4.81017,0,0.0127168,1115 1181 1182 -1
GCP,adapt_p80-40593177313954_a67-5_387_map.h5,6.68982,10,235,1013,9.594069:67.500000,1047,True,37,4,1046,0.637585,4.91138,0,0.0129845,980 1047 1046 -1
GCP,adapt_p70-52877936550931_a11-25_498_map.h5,7.85016,10,433,821,19.471220:11.250000,1169,True,15,5,1169,0.961964,7.35163,0,0.012646,1168 1169 1233 1170 -1
GCP,adapt_p70-52877936550931_a258-75_323_map.h5,7.43586,10,111,768,19.471220:258.750000,1213,False,84,4,1217,0.314565,6.50193,0,0.0129437,1338 1214 1217 -1
GCP,adapt_p60-00000000000001_a270-0_476_map.h5,7.81222,10,293,740,30.000000:270.000000,1339,True,25,5,1339,0.8837,7.27114,0,0.0126087,1279 1278 1339 1340 -1
GCP,adapt_p80-40593177313954_a270-0_185_map.h5,7.8764,10,663,702,9.594069:270.000000,1084,True,12,5,1084,0.996065,5.83391,0,0.0123931,1149 1149 1083 1084 -1
GCP,adapt_p70-52877936550931_a78-75_47_map.h5,7.80703,10,273,781,19.471220:78.750000,1181,True,23,4,1245,0.807473,4.90842,0,0.0127888,1181 1245 1308 -1
GCP,adapt_p70-52877936550931_a101-24999999999999_33_map.h5,7.83542,10,320,715,19.471220:101.250000,1185,True,19,5,1185,0.951608,7.48616,0,0.0123668,1187 1186 1185 1249 -1
GCP,adapt_p48-18968510422141_a11-25_351_map.h5,7.89226,10,558,763,41.810314:11.250000,1468,True,8,5,1414,0.997759,5.90847,0,0.0125233,1468 1468 1414 1469 -1
GCP,adapt_p70-52877936550931_a123-74999999999999_530_map.h5,7.79719,10,442,753,19.471220:123.750000,1189,True,19,5,1189,0.904542,7.27505,0,0.01263,1190 1189 1188 1251 -1
GCP,adapt_p60-00000000000001_a180-0_214_map.h5,6.60026,10,193,1119,30.000000:180.000000,1324,True,58,4,1324,0.466693,6.13347,0,0.0135447,1266 1326 1324 -1
GCP,adapt_p60-00000000000001_a247-49999999999997_361_map.h5,7.87763,10,577,748,30.000000:247.500000,1335,True,11,5,1335,0.981187,5.80865,0,0.0131549,1394 1394 1336 1335 -1
GCP,adapt_p48-18968510422141_a281-24999999999994_344_map.h5,6.87585,10,553,1137,41.810314:281.250000,1507,True,11,4,1455,0.907242,4.79862,0,0.0129454,1454 1455 1507 -1
GCP,adapt_p80-40593177313954_a247-49999999999997_479_map.h5,8.87643,10,399,371,9.594069:247.500000,1080,True,12,6,1146,0.993887,8.67459,0,0.0123731,1080 1080 1147 1146 1145 -1
GCP,adapt_p48-18968510422141_a146-25_294_map.h5,8.8543,10,403,386,41.810314:146.250000,1488,True,15,5,1435,0.975235,7.27694,0,0.0125048,1378 1435 1488 1434 -1
GCP,adapt_p70-52877936550931_a303-75_563_map.h5,8.66021,10,79,391,19.471220:303.750000,1221,False,42,5,1154,0.617956,7.54386,0,0.0135981,1217 1153 1154 1155 -1
GCP,adapt_p35-659087696138755_a224-99999999999997_1_map.h5,7.85588,10,291,700,54.340912:225.000000,1594,False,17,5,1635,0.874533,7.19697,0,0.0129342,1592 1593 1635 1636 -1
GCP,adapt_p48-18968510422141_a281-24999999999994_190_map.h5,7.90202,10,780,732,41.810314:281.250000,1507,True,8,5,1507,0.99841,5.82627,0,0.0127771,1557 1557 1508 1507 -1
GCP,adapt_p35-659087696138755_a14-999999999999998_402_map.h5,7.87325,10,453,751,54.340912:15.000000,1568,True,11,5,1568,0.945464,5.88776,0,0.012529,1569 1569 1613 1568 -1
GCP,adapt_p23-556464309101234_a67-5_565_map.h5,7.8854,10,583,763,66.443535:67.500000,1693,True,10,5,1693,0.991693,5.81439,0,0.0124045,1692 1692 1693 1657 -1
GCP,adapt_p80-40593177313954_a247-49999999999997_53_map.h5,6.87902,10,582,1129,9.594069:247.500000,1080,True,11,4,1080,0.947365,4.8238,0,0.0127757,1079 1080 1146 -1
GCP,adapt_p70-52877936550931_a101-24999999999999_149_map.h5,7.83432,10,405,808,19.471220:101.250000,1185,True,18,5,1184,0.818117,7.17558,0,0.0124717,1247 1184 1185 1119 -1
GCP,adapt_p60-00000000000001_a22-5_340_map.h5,8.88785,10,480,373,30.000000:22.500000,1298,True,11,6,1297,0.996429,8.30816,0,0.012939,1298 1298 1297 1356 1357 -1
GCP,adapt_p80-40593177313954_a67-5_519_map.h5,6.68885,10,188,1091,9.594069:67.500000,1047,False,40,4,979,0.567813,4.84527,0,0.0129698,1112 1046 979 -1
GCP,adapt_p80-40593177313954_a112-49999999999999_458_map.h5,8.88603,10,381,393,9.594069:112.500000,1055,True,13,6,1054,0.999533,8.27636,0,0.0127552,1121 1121 1120 1054 1055 -1
GCP,adapt_p48-18968510422141_a258-75_69_map.h5,7.8832,10,692,820,41.810314:258.750000,1504,True,10,5,1504,0.998416,7.32932,0,0.012606,1451 1452 1504 1451 -1
GCP,adapt_p35-659087696138755_a195-0_541_map.h5,5.37807,10,110,1479,54.340912:195.000000,1590,False,91,3,1441,0.140119,3.42137,0,0.0137488,1589 1441 -1
GCP,adapt_p60-00000000000001_a247-49999999999997_75_map.h5,6.88838,10,611,1103,30.000000:247.500000,1335,True,10,5,1335,0.999388,5.8106,0,0.0124253,1393 1393 1335 1334 -1
GCP,adapt_p60-00000000000001_a180-0_525_map.h5,7.84761,10,348,737,30.000000:180.000000,1324,True,16,5,1324,0.923887,7.35626,0,0.0131911,1326 1325 1324 1383 -1
GCP,adapt_p80-40593177313954_a90-0_594_map.h5,1.50301,10,23,333,9.594069:90.000000,1051,False,1800,2,1037,0,0.31478,0,0.31478,1498 -1
GCP,adapt_p60-00000000000001_a224-99999999999997_311_map.h5,6.06154,10,121,1117,30.000000:225.000000,1331,False,143,4,1447,0.380907,5.71015,0,0.0152175,1387 1446 1447 -1
GCP,adapt_p11-715852394892384_a135-0_427_map.h5,5.15272,10,81,750,78.284149:135.000000,1770,False,480,2,1216,0,0.0349011,0,0.0349011,1596 -1
GCP,adapt_p35-659087696138755_a135-0_24_map.h5,7.89328,10,825,712,54.340912:135.000000,1583,True,7,5,1583,0.999963,5.77871,0,0.0125269,1626 1626 1583 1584 -1
GCP,adapt_p70-52877936550931_a101-24999999999999_241_map.h5,5.80439,10,189,1531,19.471220:101.250000,1185,True,24,4,1185,0.664924,4.80904,0,0.0124108,1186 1185 1119 -1
GCP,adapt_p60-00000000000001_a247-49999999999997_280_map.h5,7.54286,10,153,754,30.000000:247.500000,1335,False,63,4,1337,0.501764,5.38847,0,0.0129481,1397 1395 1337 -1
GCP,adapt_p70-52877936550931_a258-75_325_map.h5,7.86641,10,522,760,19.471220:258.750000,1213,False,12,5,1149,0.938117,7.4798,0,0.0124002,1150 1149 1214 1150 -1
GCP,adapt_p80-40593177313954_a112-49999999999999_300_map.h5,5.85377,10,440,1552,9.594069:112.500000,1055,True,13,4,1054,0.857972,4.91143,0,0.0130337,988 1055 1054 -1
GCP,adapt_p23-556464309101234_a157-5_142_map.h5,7.85736,10,286,761,66.443535:157.500000,1701,True,16,5,1701,0.955681,7.73727,0,0.0124351,1667 1701 1700 1702 -1
GCP,adapt_p60-00000000000001_a270-0_459_map.h5,5.54793,10,158,1548,30.000000:270.000000,1339,False,61,4,1214,0.671901,5.39839,0,0.0129079,1340 1277 1214 -1
GCP,adapt_p35-659087696138755_a285-0_596_map.h5,6.82297,10,699,1101,54.340912:285.000000,1601,True,11,5,1602,0.97705,5.86121,0,0.0128594,1603 1603 1602 1601 -1
GCP,adapt_p70-52877936550931_a348-74999999999994_386_map.h5,6.88628,10,636,1083,19.471220:348.750000,1229,True,12,5,1229,0.99785,5.89759,0,0.0125403,1291 1291 1228 1229 -1
GCP,adapt_p70-52877936550931_a101-24999999999999_588_map.h5,6.82534,10,279,1095,19.471220:101.250000,1185,False,21,4,1119,0.85692,4.82439,0,0.0124771,1053 1119 1120 -1
GCP,adapt_p48-18968510422141_a33-75_423_map.h5,6.85723,10,416,1155,41.810314:33.750000,1471,False,13,5,1418,0.985989,5.80161,0,0.0125593,1472 1472 1418 1417 -1
GCP,adapt_p35-659087696138755_a195-0_313_map.h5,6.8622,10,566,1154,54.340912:195.000000,1590,False,9,4,1634,0.901726,4.78435,0,0.0126204,1635 1634 1592 -1
GCP,adapt_p35-659087696138755_a344-99999999999994_148_map.h5,6.87156,10,510,1128,54.340912:345.000000,1609,True,11,5,1608,0.989031,5.83011,0,0.013241,1565 1565 1609 1608 -1
GCP,adapt_p48-18968510422141_a168-74999999999997_586_map.h5,6.85134,10,483,1094,41.810314:168.750000,1491,True,15,5,1491,0.828472,5.96257,0,0.0124635,1438 1438 1491 1437 -1
GCP,adapt_p48-18968510422141_a281-24999999999994_263_map.h5,5.86857,10,593,1469,41.810314:281.250000,1507,False,11,5,1557,0.924669,5.83168,0,0.0132483,1601 1601 1557 1556 -1
GCP,adapt_p48-18968510422141_a101-24999999999999_484_map.h5,8.81739,10,242,405,41.810314:101.250000,1481,True,23,5,1532,0.789751,7.27407,0,0.0124362,1479 1480 1481 1532 -1
GCP,adapt_p70-52877936550931_a101-24999999999999_84_map.h5,8.78627,10,251,383,19.471220:101.250000,1185,True,24,5,1185,0.85741,7.16957,0,0.012543,1119 1185 1186 1249 -1
GCP,adapt_p48-18968510422141_a101-24999999999999_243_map.h5,6.89037,10,594,1113,41.810314:101.250000,1481,True,8,5,1428,0.923047,5.83628,0,0.0124204,1481 1481 1427 1428 -1
GCP,adapt_p80-40593177313954_a0-0_55_map.h5,6.83607,10,468,1140,9.594069:0.000000,1034,False,16,4,1100,0.798955,4.91093,0,0.0127678,1032 1100 1099 -1
GCP,adapt_p60-00000000000001_a224-99999999999997_226_map.h5,7.87083,10,592,749,30.000000:225.000000,1331,True,12,5,1390,0.987296,7.37112,0,0.0129702,1331 1332 1390 1331 -1
GCP,adapt_p11-715852394892384_a135-0_361_map.h5,5.78407,10,234,1550,78.284149:135.000000,1770,False,27,4,1773,0.872537,4.65533,0,0.0127548,1771 1772 1773 -1
GCP,adapt_p11-715852394892384_a135-0_591_map.h5,6.88413,10,524,1094,78.284149:135.000000,1770,False,12,4,1752,0.984698,4.81369,0,0.0126718,1728 1752 1753 -1
GCP,adapt_p35-659087696138755_a135-0_54_map.h5,7.73027,10,192,805,54.340912:135.000000,1583,True,27,5,1583,0.816524,7.12392,0,0.0125234,1538 1584 1583 1626 -1
GCP,adapt_p35-659087696138755_a135-0_327_map.h5,8.8731,10,398,390,54.340912:135.000000,1583,True,13,6,1583,0.997998,8.40057,0,0.0127178,1582 1582 1626 1583 1584 -1
GCP,adapt_p70-52877936550931_a213-75_599_map.h5,7.84429,10,398,705,19.471220:213.750000,1205,True,18,5,1205,0.859677,7.19724,0,0.0125283,1140 1205 1204 1267 -1
GCP,adapt_p23-556464309101234_a157-5_386_map.h5,7.89749,10,660,770,66.443535:157.500000,1701,True,7,5,1700,0.993111,7.30391,0,0.0123527,1666 1700 1701 1666 -1
GCP,adapt_p48-18968510422141_a236-25_313_map.h5,8.88925,10,540,350,41.810314:236.250000,1501,True,9,6,1448,0.999985,8.33708,0,0.0125475,1501 1501 1449 1448 1500 -1
GCP,adapt_p35-659087696138755_a344-99999999999994_252_map.h5,8.87302,10,442,369,54.340912:345.000000,1609,True,11,6,1609,0.999699,8.2042,0,0.0127749,1565 1565 1609 1608 1649 -1
GCP,adapt_p70-52877936550931_a348-74999999999994_295_map.h5,7.86946,10,403,669,19.471220:348.750000,1229,False,13,5,1290,0.922803,7.33364,0,0.0133611,1289 1290 1227 1228 -1
GCP,adapt_p70-52877936550931_a191-25_497_map.h5,5.1379,10,99,1168,19.471220:191.250000,1201,False,286,2,1070,0,0.0207627,0,0.0207627,1688 -1
GCP,adapt_p23-556464309101234_a202-5_484_map.h5,7.86928,10,508,765,66.443535:202.500000,1704,True,11,5,1670,0.987474,7.27941,0,0.0124993,1671 1670 1704 1671 -1
GCP,adapt_p35-659087696138755_a165-0_81_map.h5,5.79742,10,362,1491,54.340912:165.000000,1587,True,23,4,1587,0.911557,4.85934,0,0.0124077,1586 1587 1588 -1
GCP,adapt_p35-659087696138755_a45-0_282_map.h5,7.88545,10,508,747,54.340912:45.000000,1572,True,11,5,1572,0.998166,5.77953,0,0.0133478,1616 1616 1572 1571 -1
GCP,adapt_p23-556464309101234_a22-5_201_map.h5,8.88728,10,541,381,66.443535:22.500000,1689,True,10,6,1719,0.999265,8.14665,0,0.012538,1720 1720 1719 1689 1688 -1
GCP,adapt_p35-659087696138755_a165-0_122_map.h5,5.79366,10,372,1513,54.340912:165.000000,1587,True,22,4,1629,0.772308,4.92837,0,0.0131553,1628 1629 1587 -1
GCP,adapt_p70-52877936550931_a56-24999999999999_351_map.h5,6.81328,10,308,1211,19.471220:56.250000,1177,True,15,4,1112,0.85016,4.82038,0,0.0125022,1177 1111 1112 -1
GCP,adapt_p70-52877936550931_a33-75_492_map.h5,6.88352,10,579,1130,19.471220:33.750000,1173,False,9,5,1236,0.966791,5.86944,0,0.0122844,1172 1172 1235 1236 -1
GCP,adapt_p35-659087696138755_a75-0_356_map.h5,8.89325,10,817,392,54.340912:75.000000,1576,True,6,6,1619,0.999999,8.2263,0,0.0125433,1576 1576 1575 1619 1620 -1
GCP,adapt_p60-00000000000001_a292-5_281_map.h5,5.83434,10,395,1448,30.000000:292.500000,1343,True,18,4,1343,0.897804,4.80415,0,0.0134475,1342 1343 1282 -1
GCP,adapt_p35-659087696138755_a165-0_140_map.h5,7.84324,10,447,721,54.340912:165.000000,1587,True,15,5,1586,0.876478,7.22504,0,0.0125645,1587 1586 1629 1628 -1
GCP,adapt_p70-52877936550931_a123-74999999999999_440_map.h5,7.4717,10,138,742,19.471220:123.750000,1189,False,72,5,989,0.716379,7.29046,0,0.0131188,991 990 989 922 -1
GCP,adapt_p80-40593177313954_a270-0_384_map.h5,6.69407,10,225,1147,9.594069:270.000000,1084,False,39,4,1082,0.552959,5.51739,0,0.0127568,1145 1081 1082 -1
GCP,adapt_p80-40593177313954_a90-0_425_map.h5,5.77778,10,300,1484,9.594069:90.000000,1051,True,26,4,984,0.658131,5.37171,0,0.0130434,982 1051 984 -1
GCP,adapt_p80-40593177313954_a157-5_45_map.h5,7.87326,10,476,695,9.594069:157.500000,1063,True,13,5,1130,0.973665,7.25771,0,0.0125404,1063 1064 1130 1129 -1
GCP,adapt_p80-40593177313954_a112-49999999999999_536_map.h5,5.86287,10,423,1480,9.594069:112.500000,1055,True,14,4,1055,0.912375,5.0472,0,0.0129606,1122 1055 1054 -1
GCP,adapt_p48-18968510422141_a101-24999999999999_586_map.h5,7.88634,10,652,740,41.810314:101.250000,1481,True,10,5,1427,0.999529,7.32625,0,0.0124388,1428 1427 1481 1428 -1
GCP,adapt_p35-659087696138755_a45-0_507_map.h5,8.89107,10,414,410,54.340912:45.000000,1572,True,9,6,1617,0.998995,8.1948,0,0.0127484,1573 1573 1572 1616 1617 -1
GCP,adapt_p35-659087696138755_a165-0_5_map.h5,7.85543,10,291,876,54.340912:165.000000,1587,True,16,5,1630,0.926888,7.20913,0,0.0123596,1667 1629 1630 1587 -1
GCP,adapt_p70-52877936550931_a168-74999999999997_421_map.h5,6.89532,10,639,1067,19.471220:168.750000,1197,True,10,5,1197,0.999821,5.89731,0,0.0135063,1132 1132 1198 1197 -1
GCP,adapt_p70-52877936550931_a281-24999999999994_166_map.h5,8.87643,10,573,393,19.471220:281.250000,1217,True,12,6,1217,0.991852,8.26046,0,0.0124079,1218 1218 1217 1152 1153 -1
GCP,adapt_p70-52877936550931_a348-74999999999994_549_map.h5,6.87632,10,527,1146,19.471220:348.750000,1229,True,10,5,1229,0.990831,5.92003,0,0.012481,1228 1228 1229 1230 -1
GCP,adapt_p60-00000000000001_a67-5_505_map.h5,6.86506,10,440,1179,30.000000:67.500000,1305,True,12,4,1305,0.955985,4.80945,0,0.0127465,1306 1305 1364 -1
GCP,adapt_p60-00000000000001_a337-49999999999994_439_map.h5,8.8893,10,660,330,30.000000:337.500000,1350,True,8,6,1350,0.99973,8.30273,0,0.0124785,1351 1351 1350 1408 1409 -1
GCP,adapt_p60-00000000000001_a337-49999999999994_547_map.h5,4.54401,10,95,1973,30.000000:337.500000,1350,False,57,3,1352,0.23239,3.58176,0,0.0128165,1295 1352 -1
GCP,adapt_p70-52877936550931_a236-25_321_map.h5,6.87216,10,581,1107,19.471220:236.250000,1209,False,13,5,1143,0.991372,5.81492,0,0.0126641,1077 1077 1143 1144 -1
GCP,adapt_p60-00000000000001_a90-0_355_map.h5,6.87638,10,476,1169,30.000000:90.000000,1309,True,10,4,1309,0.97759,4.80171,0,0.0124123,1310 1309 1368 -1
GCP,adapt_p80-40593177313954_a135-0_225_map.h5,7.84735,10,404,714,9.594069:135.000000,1059,True,16,5,1060,0.956865,7.2619,0,0.0124748,1127 1126 1060 1059 -1
GCP,adapt_p80-40593177313954_a22-5_425_map.h5,5.85843,10,373,1462,9.594069:22.500000,1038,True,13,4,1038,0.733658,4.90426,0,0.0123674,1037 970 1038 -1
GCP,adapt_p48-18968510422141_a326-24999999999994_406_map.h5,6.56549,10,154,1044,41.810314:326.250000,1514,False,63,4,1564,0.643081,5.36117,0,0.0133193,1462 1563 1564 -1
GCP,adapt_p80-40593177313954_a180-0_287_map.h5,5.58518,10,291,1500,9.594069:180.000000,1067,False,52,4,1068,0.436519,5.26716,0,0.0126309,999 1068 1134 -1
GCP,adapt_p80-40593177313954_a180-0_277_map.h5,7.85427,10,339,740,9.594069:180.000000,1067,True,16,4,1067,0.93511,4.91091,0,0.012514,1000 1067 1066 -1
GCP,adapt_p60-00000000000001_a112-49999999999999_247_map.h5,7.87526,10,644,775,30.000000:112.500000,1313,False,11,5,1371,0.95174,7.41322,0,0.0125164,1370 1371 1312 1370 -1
GCP,adapt_p35-659087696138755_a224-99999999999997_43_map.h5,5.82567,10,376,1489,54.340912:225.000000,1594,False,19,4,1635,0.827105,4.77333,0,0.0131559,1636 1635 1593 -1
GCP,adapt_p35-659087696138755_a135-0_331_map.h5,7.86543,10,485,814,54.340912:135.000000,1583,True,13,5,1584,0.962271,7.19578,0,0.0123891,1626 1627 1584 1583 -1
GCP,adapt_p48-18968510422141_a123-74999999999999_303_map.h5,5.83738,10,469,1519,41.810314:123.750000,1484,True,15,4,1484,0.736206,4.86678,0,0.0124432,1431 1484 1483 -1
GCP,adapt_p60-00000000000001_a247-49999999999997_40_map.h5,7.7541,10,260,762,30.000000:247.500000,1335,True,24,5,1274,0.890246,7.24085,0,0.0127251,1335 1274 1275 1212 -1
GCP,adapt_p70-52877936550931_a213-75_458_map.h5,6.87492,10,667,1066,19.471220:213.750000,1205,True,11,4,1205,0.891544,4.81278,0,0.0128818,1206 1205 1268 -1
GCP,adapt_p35-659087696138755_a135-0_218_map.h5,7.84633,10,431,782,54.340912:135.000000,1583,False,17,5,1626,0.902235,7.37563,0,0.0124741,1627 1664 1626 1625 -1
GCP,adapt_p48-18968510422141_a348-74999999999994_35_map.h5,7.90091,10,637,732,41.810314:348.750000,1517,False,8,5,1465,0.99723,5.89131,0,0.0128836,1464 1464 1516 1465 -1
GCP,adapt_p80-40593177313954_a180-0_464_map.h5,8.61228,10,195,372,9.594069:180.000000,1067,True,50,5,1067,0.627501,8.07832,0,0.0125299,1130 1066 1067 1068 -1
GCP,adapt_p35-659087696138755_a45-0_240_map.h5,7.83606,10,536,751,54.340912:45.000000,1572,True,10,5,1572,0.995101,5.77891,0,0.0127266,1616 1616 1572 1573 -1
GCP,adapt_p35-659087696138755_a75-0_543_map.h5,7.38476,10,190,718,54.340912:75.000000,1576,False,89,4,1425,0.437962,5.799,0,0.0130567,1577 1425 1424 -1
GCP,adapt_p48-18968510422141_a101-24999999999999_224_map.h5,6.8652,10,539,1153,41.810314:101.250000,1481,True,12,5,1481,0.934742,5.88766,0,0.0126064,1482 1482 1533 1481 -1
GCP,adapt_p48-18968510422141_a146-25_283_map.h5,6.84239,10,266,1117,41.810314:146.250000,1488,True,17,4,1488,0.81984,4.79568,0,0.0124877,1436 1489 1488 -1
GCP,adapt_p11-715852394892384_a135-0_113_map.h5,5.89628,10,793,1584,78.284149:135.000000,1770,True,9,5,1752,0.996756,5.73145,0,0.0125254,1770 1770 1751 1752 -1
GCP,adapt_p48-18968510422141_a146-25_58_map.h5,7.69914,10,226,778,41.810314:146.250000,1488,True,34,5,1488,0.772834,7.1739,0,0.0126533,1378 1435 1488 1489 -1
GCP,adapt_p23-556464309101234_a292-5_48_map.h5,7.87266,10,404,747,66.443535:292.500000,1712,True,12,5,1712,0.978441,5.82857,0,0.0131318,1739 1739 1738 1712 -1
GCP,adapt_p35-659087696138755_a315-0_441_map.h5,8.88433,10,530,416,54.340912:315.000000,1605,True,11,6,1605,0.999959,8.4849,0,0.0124739,1646 1646 1606 1605 1604 -1
GCP,adapt_p80-40593177313954_a112-49999999999999_406_map.h5,5.53305,10,229,1473,9.594069:112.500000,1055,False,64,4,1122,0.369736,4.81444,0,0.0137895,989 1056 1122 -1
GCP,adapt_p80-40593177313954_a112-49999999999999_243_map.h5,7.87043,10,478,790,9.594069:112.500000,1055,True,10,5,1056,0.98851,7.40267,0,0.0134061,1055 1056 1122 1055 -1
GCP,adapt_p80-40593177313954_a135-0_494_map.h5,8.86931,10,410,351,9.594069:135.000000,1059,True,15,6,1059,0.995953,8.35807,0,0.012502,1058 1058 1059 992 1060 -1
GCP,adapt_p80-40593177313954_a224-99999999999997_74_map.h5,7.87289,10,483,700,9.594069:225.000000,1076,True,14,5,1142,0.822239,7.26557,0,0.0129111,1143 1142 1076 1077 -1
GCP,adapt_p60-00000000000001_a247-49999999999997_367_map.h5,6.79531,10,231,1142,30.000000:247.500000,1335,False,22,4,1395,0.779527,4.80344,0,0.0124709,1338 1337 1395 -1
GCP,adapt_p35-659087696138755_a255-00000000000003_56_map.h5,6.76616,10,159,1138,54.340912:255.000000,1598,True,29,4,1598,0.693063,5.22881,0,0.0126543,1552 1598 1599 -1
GCP,adapt_p23-556464309101234_a247-49999999999997_284_map.h5,6.87699,10,547,1125,66.443535:247.500000,1708,False,12,4,1736,0.978585,4.73952,0,0.0128121,1737 1736 1709 -1
GCP,adapt_p60-00000000000001_a270-0_510_map.h5,7.81885,10,307,764,30.000000:270.000000,1339,True,22,5,1339,0.94766,7.44196,0,0.0129386,1337 1338 1339 1277 -1
GCP,adapt_p48-18968510422141_a33-75_7_map.h5,6.88731,10,586,1093,41.810314:33.750000,1471,True,10,5,1416,0.994017,5.81118,0,0.0124785,1471 1471 1417 1416 -1
GCP,adapt_p35-659087696138755_a255-00000000000003_122_map.h5,7.79758,10,257,781,54.340912:255.000000,1598,False,26,5,1597,0.835297,7.19535,0,0.013229,1676 1639 1597 1596 -1
GCP,adapt_p35-659087696138755_a45-0_489_map.h5,6.84234,10,475,1144,54.340912:45.000000,1572,True,14,5,1572,0.984477,5.86335,0,0.0124677,1570 1570 1571 1572 -1
GCP,adapt_p23-556464309101234_a22-5_78_map.h5,1.83734,10,9,347,66.443535:22.500000,1689,False,1800,2,1234,0,0.317174,0,0.317174,1057 -1
GCP,adapt_p60-00000000000001_a224-99999999999997_72_map.h5,8.87754,10,531,405,30.000000:225.000000,1331,True,11,6,1331,0.992908,8.26521,0,0.0133057,1389 1389 1390 1332 1331 -1
GCP,adapt_p11-715852394892384_a135-0_292_map.h5,5.7779,10,292,1561,78.284149:135.000000,1770,True,29,4,1770,0.617736,5.23229,0,0.0129145,1728 1771 1770 -1
GCP,adapt_p35-659087696138755_a14-999999999999998_476_map.h5,8.9028,10,743,357,54.340912:15.000000,1568,True,6,6,1568,0.999999,8.25309,0,0.0129733,1569 1569 1568 1612 1613 -1
GCP,adapt_p48-18968510422141_a191-25_316_map.h5,5.77811,10,221,1527,41.810314:191.250000,1494,False,24,4,1441,0.664211,5.0309,0,0.0126762,1386 1442 1441 -1
GCP,adapt_p48-18968510422141_a281-24999999999994_127_map.h5,8.89011,10,539,363,41.810314:281.250000,1507,True,8,6,1455,0.999845,8.22052,0,0.0126781,1507 1507 1508 1456 1455 -1
GCP,adapt_p35-659087696138755_a45-0_234_map.h5,6.87093,10,456,1126,54.340912:45.000000,1572,True,11,5,1572,0.997098,5.77904,0,0.0128591,1616 1616 1572 1573 -1
GCP,adapt_p70-52877936550931_a281-24999999999994_90_map.h5,6.86378,10,498,1198,19.471220:281.250000,1217,False,14,5,1216,0.936185,5.80997,0,0.0130104,1151 1151 1216 1215 -1
GCP,adapt_p60-00000000000001_a135-0_180_map.h5,7.86824,10,601,793,30.000000:135.000000,1316,True,11,5,1317,0.953238,7.69407,0,0.0125691,1316 1317 1255 1316 -1
GCP,adapt_p60-00000000000001_a202-49999999999997_358_map.h5,7.86373,10,415,723,30.000000:202.500000,1328,True,14,5,1386,0.915944,7.29658,0,0.0130376,1385 1386 1328 1327 -1
GCP,adapt_p70-52877936550931_a303-75_395_map.h5,1.27415,10,18,343,19.471220:303.750000,1221,False,1800,2,1544,0,0.31343,0,0.31343,1156 -1
GCP,adapt_p60-00000000000001_a270-0_286_map.h5,6.88028,10,569,1131,30.000000:270.000000,1339,True,9,4,1339,0.960957,4.82317,0,0.012509,1277 1278 1339 -1
GCP,adapt_p70-52877936550931_a11-25_257_map.h5,7.83605,10,283,764,19.471220:11.250000,1169,True,20,5,1170,0.855689,7.33321,0,0.0127958,1169 1170 1233 1234 -1
GCP,adapt_p35-659087696138755_a14-999999999999998_438_map.h5,6.88743,10,340,1086,54.340912:15.000000,1568,True,8,5,1612,0.97469,5.82838,0,0.0123643,1568 1568 1612 1613 -1
GCP,adapt_p35-659087696138755_a75-0_120_map.h5,5.83617,10,405,1526,54.340912:75.000000,1576,True,18,4,1576,0.905075,4.83209,0,0.0126477,1528 1529 1576 -1
GCP,adapt_p60-00000000000001_a157-5_359_map.h5,5.8493,10,569,1450,30.000000:157.500000,1320,True,16,4,1320,0.918994,4.81996,0,0.0125142,1319 1320 1258 -1
GCP,adapt_p70-52877936550931_a33-75_77_map.h5,7.88712,10,443,817,19.471220:33.750000,1173,True,10,5,1107,0.994937,5.84791,0,0.0126559,1173 1173 1107 1106 -1
GCP,adapt_p11-715852394892384_a45-0_371_map.h5,7.84894,10,281,713,78.284149:45.000000,1766,True,19,5,1747,0.934811,7.08142,0,0.012864,1766 1746 1747 1767 -1
GCP,adapt_p70-52877936550931_a78-75_57_map.h5,8.16061,10,109,395,19.471220:78.750000,1181,False,125,4,1050,0.213811,6.25829,0,0.0141888,1112 1049 1050 -1
GCP,adapt_p60-00000000000001_a224-99999999999997_328_map.h5,5.83326,10,429,1521,30.000000:225.000000,1331,False,18,4,1390,0.819444,4.81482,0,0.012553,1391 1390 1332 -1
GCP,adapt_p70-52877936550931_a146-25_228_map.h5,7.87497,10,493,754,19.471220:146.250000,1193,True,9,5,1193,0.976351,7.36321,0,0.0128121,1128 1127 1193 1128 -1
GCP,adapt_p60-00000000000001_a45-0_566_map.h5,8.65925,10,143,366,30.000000:45.000000,1301,True,49,5,1238,0.547611,7.33883,0,0.013526,1360 1301 1238 1302 -1
GCP,adapt_p80-40593177313954_a22-5_575_map.h5,6.87437,10,493,1093,9.594069:22.500000,1038,True,12,5,1038,0.993002,5.91149,0,0.0124459,971 971 1039 1038 -1
GCP,adapt_p60-00000000000001_a135-0_264_map.h5,7.86237,10,382,762,30.000000:135.000000,1316,True,13,5,1375,0.939293,7.27304,0,0.0124477,1316 1317 1376 1375 -1
GCP,adapt_p80-40593177313954_a45-0_153_map.h5,8.81438,10,189,341,9.594069:45.000000,1042,True,24,5,1108,0.862282,7.28882,0,0.0124227,1174 1108 1042 1109 -1
GCP,adapt_p35-659087696138755_a75-0_256_map.h5,6.8774,10,583,1103,54.340912:75.000000,1576,True,11,5,1576,0.999276,5.81113,0,0.0123904,1619 1619 1575 1576 -1
GCP,adapt_p70-52877936550931_a213-75_568_map.h5,6.88937,10,708,1077,19.471220:213.750000,1205,True,9,4,1204,0.934396,4.811,0,0.0124443,1205 1204 1267 -1
GCP,adapt_p60-00000000000001_a67-5_401_map.h5,7.69027,10,139,786,30.000000:67.500000,1305,False,39,5,1179,0.712803,7.43707,0,0.0125527,1306 1242 1179 1113 -1
GCP,adapt_p35-659087696138755_a14-999999999999998_315_map.h5,5.88114,10,588,1473,54.340912:15.000000,1568,True,9,5,1613,0.993464,5.82896,0,0.0126967,1568 1568 1612 1613 -1
GCP,adapt_p70-52877936550931_a168-74999999999997_424_map.h5,8.82219,10,189,374,19.471220:168.750000,1197,True,21,5,1197,0.912048,7.5666,0,0.0126107,1198 1197 1196 1260 -1
GCP,adapt_p60-00000000000001_a292-5_180_map.h5,6.78101,10,293,1079,30.000000:292.500000,1343,False,27,4,1342,0.666415,4.80727,0,0.0128113,1281 1342 1341 -1
GCP,adapt_p23-556464309101234_a157-5_348_map.h5,8.80514,10,173,354,66.443535:157.500000,1701,True,23,5,1700,0.82045,7.20193,0,0.0126256,1665 1666 1700 1701 -1
GCP,adapt_p70-52877936550931_a303-75_104_map.h5,7.85071,10,487,761,19.471220:303.750000,1221,True,13,5,1221,0.881357,7.26348,0,0.0130934,1156 1221 1284 1222 -1
GCP,adapt_p60-00000000000001_a0-0_496_map.h5,7.89317,10,620,761,30.000000:0.000000,1294,True,11,5,1411,0.995972,5.89419,0,0.0126204,1354 1354 1411 1294 -1
GCP,adapt_p35-659087696138755_a105-0_408_map.h5,5.87832,10,580,1420,54.340912:105.000000,1579,True,9,5,1623,0.977207,5.88763,0,0.012499,1580 1580 1623 1579 -1
GCP,adapt_p48-18968510422141_a56-24999999999999_109_map.h5,7.20426,10,119,723,41.810314:56.250000,1475,False,115,2,1419,0,0.0135905,0,0.0135905,1121 -1
GCP,adapt_p48-18968510422141_a326-24999999999994_67_map.h5,1.67842,10,26,335,41.810314:326.250000,1514,False,1800,2,1211,0,0.318145,0,0.318145,1598 -1
GCP,adapt_p11-715852394892384_a225-0_235_map.h5,7.88883,10,665,732,78.284149:225.000000,1774,False,9,5,1758,0.995636,5.72673,0,0.0129818,1735 1735 1758 1757 -1
GCP,adapt_p80-40593177313954_a45-0_579_map.h5,7.86401,10,418,778,9.594069:45.000000,1042,True,13,5,1043,0.991321,7.37277,0,0.0127886,974 975 1043 1042 -1
GCP,adapt_p48-18968510422141_a168-74999999999997_354_map.h5,7.88809,10,704,769,41.810314:168.750000,1491,True,10,5,1491,0.953717,5.79028,0,0.012696,1437 1437 1490 1491 -1
GCP,adapt_p70-52877936550931_a33-75_9_map.h5,5.07856,10,113,1062,19.471220:33.750000,1173,False,306,2,1173,0,0.0221657,0,0.0221657,1426 -1
GCP,adapt_p60-00000000000001_a270-0_501_map.h5,7.18105,10,113,774,30.000000:270.000000,1339,False,115,4,1338,0.469506,5.40297,0,0.0137964,1340 1338 1396 -1
GCP,adapt_p80-40593177313954_a224-99999999999997_103_map.h5,5.74288,10,310,1460,9.594069:225.000000,1076,False,33,4,1073,0.69008,4.91756,0,0.0129192,1075 1074 1073 -1
GCP,adapt_p23-556464309101234_a292-5_33_map.h5,7.89383,10,695,747,66.443535:292.500000,1712,True,10,5,1712,0.994516,7.29882,0,0.0129781,1680 1712 1713 1680 -1
GCP,adapt_p48-18968510422141_a123-74999999999999_107_map.h5,1.80936,10,31,327,41.810314:123.750000,1484,False,1800,2,1374,0,0.318211,0,0.318211,1640 -1
GCP,adapt_p60-00000000000001_a292-5_389_map.h5,6.84576,10,500,1077,30.000000:292.500000,1343,True,18,4,1343,0.949297,4.81129,0,0.0130312,1344 1343 1401 -1
GCP,adapt_p23-556464309101234_a67-5_575_map.h5,7.88793,10,546,754,66.443535:67.500000,1693,True,10,5,1657,0.960825,5.81865,0,0.0128668,1658 1658 1657 1693 -1
GCP,adapt_p11-715852394892384_a315-0_11_map.h5,7.89018,10,718,778,78.284149:315.000000,1778,False,7,5,1763,0.885029,5.71808,0,0.0126294,1779 1779 1763 1762 -1
GCP,adapt_p60-00000000000001_a202-49999999999997_15_map.h5,7.86974,10,492,765,30.000000:202.500000,1328,True,12,5,1386,0.957186,7.34667,0,0.0130599,1327 1328 1386 1327 -1
GCP,adapt_p70-52877936550931_a33-75_296_map.h5,7.87697,10,475,780,19.471220:33.750000,1173,True,11,5,1237,0.969322,7.3563,0,0.0128217,1173 1174 1237 1173 -1
GCP,adapt_p80-40593177313954_a112-49999999999999_88_map.h5,7.74965,10,197,790,9.594069:112.500000,1055,False,32,5,987,0.831719,7.3669,0,0.013144,1056 988 987 1054 -1
GCP,adapt_p60-00000000000001_a157-5_381_map.h5,8.87596,10,479,356,30.000000:157.500000,1320,True,12,6,1320,0.999337,8.26377,0,0.0128437,1259 1259 1258 1320 1321 -1
GCP,adapt_p70-52877936550931_a258-75_36_map.h5,8.90144,10,684,382,19.471220:258.750000,1213,True,10,5,1213,0.99914,5.91991,0,0.0123619,1212 1212 1213 1214 -1
GCP,adapt_p60-00000000000001_a292-5_195_map.h5,6.82394,10,321,1119,30.000000:292.500000,1343,True,19,4,1343,0.818527,4.80759,0,0.012864,1400 1342 1343 -1
GCP,adapt_p70-52877936550931_a168-74999999999997_22_map.h5,7.87528,10,395,775,19.471220:168.750000,1197,True,15,5,1260,0.879923,7.24951,0,0.0125123,1198 1197 1260 1261 -1
GCP,adapt_p80-40593177313954_a135-0_161_map.h5,7.3975,10,143,762,9.594069:135.000000,1059,False,83,4,1062,0.329856,5.37855,0,0.0133207,997 1063 1062 -1
GCP,adapt_p70-52877936550931_a236-25_424_map.h5,7.70308,10,141,737,19.471220:236.250000,1209,False,42,5,1141,0.703547,7.28649,0,0.0127233,1208 1207 1142 1141 -1
GCP,adapt_p80-40593177313954_a67-5_454_map.h5,8.89278,10,532,347,9.594069:67.500000,1047,True,10,6,1047,0.99939,8.44054,0,0.0130313,1113 1113 1046 1047 1048 -1
GCP,adapt_p70-52877936550931_a281-24999999999994_268_map.h5,7.65097,10,273,729,19.471220:281.250000,1217,True,39,5,1217,0.754329,7.26225,0,0.0128378,1154 1153 1218 1217 -1
GCP,adapt_p23-556464309101234_a247-49999999999997_515_map.h5,6.61446,10,118,733,66.443535:247.500000,1708,False,202,2,1336,0,0.0161555,0,0.0161555,1356 -1
GCP,adapt_p60-00000000000001_a157-5_258_map.h5,7.87495,10,535,782,30.000000:157.500000,1320,True,11,5,1319,0.980087,7.34898,0,0.0128545,1320 1319 1378 1320 -1
GCP,adapt_p60-00000000000001_a292-5_552_map.h5,7.89523,10,600,753,30.000000:292.500000,1343,True,8,5,1343,0.997716,5.96214,0,0.0125638,1342 1342 1400 1343 -1
GCP,adapt_p70-52877936550931_a213-75_586_map.h5,6.87087,10,402,1164,19.471220:213.750000,1205,True,14,4,1205,0.922967,4.81283,0,0.0129348,1204 1205 1268 -1
GCP,adapt_p80-40593177313954_a315-0_527_map.h5,8.84692,10,264,368,9.594069:315.000000,1093,True,17,5,1159,0.873463,7.32181,0,0.0128971,1158 1159 1093 1094 -1
GCP,adapt_p80-40593177313954_a67-5_120_map.h5,7.89121,10,664,767,9.594069:67.500000,1047,True,10,5,1046,0.999081,5.85248,0,0.0125843,1112 1112 1046 1047 -1
GCP,adapt_p60-00000000000001_a224-99999999999997_323_map.h5,6.44993,10,258,1046,30.000000:225.000000,1331,False,67,3,1328,0.16048,4.6231,0,0.0128987,1333 1328 -1
GCP,adapt_p80-40593177313954_a67-5_107_map.h5,7.87432,10,264,715,9.594069:67.500000,1047,False,16,5,1112,0.955162,7.51661,0,0.0124872,1177 1178 1179 1112 -1
GCP,adapt_p48-18968510422141_a326-24999999999994_81_map.h5,7.89827,10,737,728,41.810314:326.250000,1514,True,6,5,1562,0.969057,5.95613,0,0.0125221,1513 1513 1562 1514 -1
GCP,adapt_p11-715852394892384_a45-0_466_map.h5,7.68878,10,114,799,78.284149:45.000000,1766,False,41,5,1746,0.806888,7.19714,0,0.013054,1718 1745 1746 1720 -1
GCP,adapt_p70-52877936550931_a348-74999999999994_410_map.h5,6.87669,10,510,1140,19.471220:348.750000,1229,True,13,5,1229,0.982503,5.90369,0,0.0131367,1292 1292 1229 1228 -1
GCP,adapt_p60-00000000000001_a315-0_150_map.h5,7.82528,10,218,783,30.000000:315.000000,1346,True,23,5,1346,0.940991,7.24706,0,0.0125407,1284 1285 1346 1347 -1
GCP,adapt_p35-659087696138755_a105-0_587_map.h5,7.79327,10,184,814,54.340912:105.000000,1579,True,25,5,1622,0.91554,7.20526,0,0.0125421,1661 1623 1622 1579 -1
GCP,adapt_p35-659087696138755_a14-999999999999998_219_map.h5,6.8744,10,606,1187,54.340912:15.000000,1568,True,8,5,1613,0.995061,5.88853,0,0.0134008,1569 1569 1613 1568 -1
GCP,adapt_p60-00000000000001_a90-0_583_map.h5,7.57709,10,100,747,30.000000:90.000000,1309,False,61,4,1246,0.494278,5.4919,0,0.0127505,1249 1247 1246 -1
GCP,adapt_p48-18968510422141_a236-25_107_map.h5,8.90239,10,805,372,41.810314:236.250000,1501,False,7,6,1448,0.999847,8.31991,0,0.0133894,1447 1447 1500 1448 1449 -1
GCP,adapt_p70-52877936550931_a326-24999999999994_256_map.h5,7.79337,10,241,741,19.471220:326.250000,1225,False,23,5,1223,0.86853,7.29459,0,0.0124453,1222 1223 1224 1159 -1
GCP,adapt_p60-00000000000001_a337-49999999999994_78_map.h5,6.87037,10,455,1112,30.000000:337.500000,1350,True,13,5,1350,0.864179,5.92268,0,0.0124526,1351 1351 1290 1350 -1
GCP,adapt_p11-715852394892384_a45-0_495_map.h5,8.90676,10,727,353,78.284149:45.000000,1766,True,7,6,1747,0.999997,8.04181,0,0.0130308,1746 1746 1766 1767 1747 -1
GCP,adapt_p48-18968510422141_a281-24999999999994_406_map.h5,6.86131,10,581,1139,41.810314:281.250000,1507,True,12,4,1455,0.899471,4.79816,0,0.0124892,1456 1455 1507 -1
GCP,adapt_p35-659087696138755_a105-0_442_map.h5,8.68818,10,121,418,54.340912:105.000000,1579,True,37,5,1662,0.881562,7.28628,0,0.0126451,1579 1623 1661 1662 -1
GCP,adapt_p48-18968510422141_a236-25_117_map.h5,6.84618,10,557,1107,41.810314:236.250000,1501,False,15,4,1502,0.657441,4.90138,0,0.0126238,1448 1449 1502 -1
GCP,adapt_p11-715852394892384_a45-0_347_map.h5,6.36139,10,142,1106,78.284149:45.000000,1766,False,99,4,1747,0.544868,5.74715,0,0.0134379,1655 1747 1767 -1
GCP,adapt_p70-52877936550931_a258-75_449_map.h5,7.54272,10,162,737,19.471220:258.750000,1213,False,66,4,1212,0.615754,5.23485,0,0.0130656,1276 1212 1211 -1
GCP,adapt_p48-18968510422141_a326-24999999999994_75_map.h5,7.66689,10,122,757,41.810314:326.250000,1514,True,43,5,1462,0.82764,7.44145,0,0.0129113,1561 1513 1514 1462 -1
GCP,adapt_p70-52877936550931_a56-24999999999999_157_map.h5,8.89688,10,621,392,19.471220:56.250000,1177,True,9,6,1177,0.999465,8.40825,0,0.0129129,1178 1178 1111 1177 1176 -1
GCP,adapt_p23-556464309101234_a292-5_103_map.h5,7.6992,10,94,737,66.443535:292.500000,1712,True,43,5,1711,0.778162,7.26504,0,0.0126002,1713 1712 1711 1679 -1
GCP,adapt_p35-659087696138755_a315-0_477_map.h5,6.87906,10,705,1106,54.340912:315.000000,1605,True,9,4,1646,0.991686,4.77811,0,0.012757,1606 1605 1646 -1
GCP,adapt_p70-52877936550931_a348-74999999999994_587_map.h5,1.9183,10,8,339,19.471220:348.750000,1229,False,1800,2,1212,0,0.319719,0,0.319719,1302 -1
GCP,adapt_p60-00000000000001_a292-5_354_map.h5,8.88121,10,531,373,30.000000:292.500000,1343,True,12,6,1343,0.996669,8.24508,0,0.0125751,1282 1282 1283 1344 1343 -1
GCP,adapt_p23-556464309101234_a337-5_506_map.h5,8.88683,10,757,434,66.443535:337.500000,1716,True,9,6,1716,0.997346,8.26571,0,0.012975,1742 1742 1717 1716 1684 -1
GCP,adapt_p23-556464309101234_a202-5_297_map.h5,7.10031,10,84,818,66.443535:202.500000,1704,False,133,4,1708,0.360868,5.20219,0,0.0141881,1733 1707 1708 -1
GCP,adapt_p35-659087696138755_a344-99999999999994_165_map.h5,7.87834,10,368,739,54.340912:345.000000,1609,True,12,5,1609,0.97363,7.2984,0,0.0125568,1610 1609 1650 1610 -1
GCP,adapt_p80-40593177313954_a157-5_297_map.h5,7.85507,10,341,698,9.594069:157.500000,1063,True,15,5,1063,0.964141,7.25867,0,0.0127333,1128 1129 1063 1062 -1
GCP,adapt_p23-556464309101234_a292-5_47_map.h5,5.88844,10,451,1445,66.443535:292.500000,1712,True,9,4,1712,0.992914,4.81039,0,0.0133763,1738 1711 1712 -1
GCP,adapt_p23-556464309101234_a112-5_243_map.h5,7.57796,10,204,782,66.443535:112.500000,1697,False,65,4,1691,0.605037,5.69417,0,0.0128407,1724 1692 1691 -1
GCP,adapt_p11-715852394892384_a315-0_164_map.h5,6.8581,10,460,1137,78.284149:315.000000,1778,False,16,4,1763,0.714298,4.73729,0,0.0127109,1761 1762 1763 -1
GCP,adapt_p48-18968510422141_a191-25_356_map.h5,6.81227,10,357,1166,41.810314:191.250000,1494,False,20,4,1442,0.631522,4.80677,0,0.0125386,1496 1443 1442 -1
GCP,adapt_p35-659087696138755_a255-00000000000003_312_map.h5,7.88894,10,612,760,54.340912:255.000000,1598,True,10,5,1598,0.999474,5.81159,0,0.0128494,1639 1639 1597 1598 -1
GCP,adapt_p35-659087696138755_a344-99999999999994_511_map.h5,6.87743,10,473,1103,54.340912:345.000000,1609,True,11,5,1608,0.996896,5.8108,0,0.0123651,1649 1649 1608 1609 -1
GCP,adapt_p60-00000000000001_a157-5_282_map.h5,5.4298,10,142,1477,30.000000:157.500000,1320,False,80,3,1318,0.233399,4.62323,0,0.0130208,1313 1318 -1
GCP,adapt_p70-52877936550931_a348-74999999999994_457_map.h5,8.86571,10,500,382,19.471220:348.750000,1229,True,12,6,1229,0.999487,8.35265,0,0.0130829,1292 1292 1293 1230 1229 -1
GCP,adapt_p70-52877936550931_a11-25_463_map.h5,7.8062,10,331,722,19.471220:11.250000,1169,False,24,5,1167,0.866313,7.36169,0,0.0126377,1232 1168 1101 1167 -1
GCP,adapt_p48-18968510422141_a213-75_462_map.h5,8.8789,10,576,382,41.810314:213.750000,1497,False,12,6,1446,0.999785,8.25856,0,0.0129002,1499 1499 1498 1445 1446 -1
GCP,adapt_p80-40593177313954_a157-5_40_map.h5,7.86729,10,428,776,9.594069:157.500000,1063,True,15,5,1063,0.916281,7.25925,0,0.0125234,1062 1063 1129 1128 -1
GCP,adapt_p23-556464309101234_a247-49999999999997_59_map.h5,5.82131,10,418,1480,66.443535:247.500000,1708,True,22,4,1708,0.7491,4.74889,0,0.012501,1676 1709 1708 -1
GCP,adapt_p80-40593177313954_a22-5_231_map.h5,7.37256,10,146,755,9.594069:22.500000,1038,True,89,4,1038,0.543228,5.51994,0,0.0132496,1041 1039 1038 -1
GCP,adapt_p48-18968510422141_a101-24999999999999_500_map.h5,7.86706,10,609,768,41.810314:101.250000,1481,True,11,5,1427,0.996555,5.83635,0,0.0127385,1481 1481 1427 1428 -1
GCP,adapt_p70-52877936550931_a168-74999999999997_551_map.h5,7.84413,10,397,766,19.471220:168.750000,1197,False,16,5,1259,0.870284,7.54762,0,0.0126705,1320 1259 1260 1322 -1
GCP,adapt_p48-18968510422141_a236-25_6_map.h5,5.82262,10,289,1503,41.810314:236.250000,1501,False,19,5,1500,0.914252,5.81327,0,0.0132043,1448 1448 1500 1550 -1
GCP,adapt_p80-40593177313954_a270-0_520_map.h5,7.84526,10,421,752,9.594069:270.000000,1084,True,18,5,1149,0.957618,7.28236,0,0.0125394,1148 1149 1083 1084 -1
GCP,adapt_p80-40593177313954_a337-49999999999994_585_map.h5,6.93424,10,193,700,9.594069:337.500000,1097,False,150,2,1227,0,0.0145276,0,0.0145276,1333 -1
GCP,adapt_p60-00000000000001_a45-0_194_map.h5,7.86811,10,371,736,30.000000:45.000000,1301,True,13,5,1301,0.880382,7.25417,0,0.0127404,1237 1238 1301 1300 -1
GCP,adapt_p35-659087696138755_a135-0_30_map.h5,7.86921,10,589,722,54.340912:135.000000,1583,True,11,5,1584,0.997308,5.77954,0,0.0125915,1626 1626 1583 1584 -1
GCP,adapt_p48-18968510422141_a348-74999999999994_426_map.h5,8.82731,10,173,397,41.810314:348.750000,1517,True,23,5,1517,0.908608,7.3417,0,0.0124893,1412 1518 1517 1466 -1
GCP,adapt_p48-18968510422141_a123-74999999999999_4_map.h5,6.88429,10,640,1048,41.810314:123.750000,1484,False,8,4,1431,0.945033,3.44771,0,0.0125025,1430 1430 1431 -1
GCP,adapt_p60-00000000000001_a0-0_407_map.h5,6.7089,10,224,1154,30.000000:0.000000,1294,True,37,4,1294,0.553959,5.8089,0,0.0129143,1233 1294 1411 -1
GCP,adapt_p70-52877936550931_a348-74999999999994_286_map.h5,1.33502,10,13,335,19.471220:348.750000,1229,False,1800,2,1039,0,0.313613,0,0.313613,886 -1
GCP,adapt_p23-556464309101234_a157-5_390_map.h5,6.87081,10,586,1137,66.443535:157.500000,1701,False,11,5,1700,0.931144,5.85621,0,0.0130056,1666 1666 1700 1665 -1
GCP,adapt_p70-52877936550931_a303-75_155_map.h5,6.80553,10,207,1174,19.471220:303.750000,1221,False,22,4,1223,0.791392,4.82855,0,0.01328,1157 1222 1223 -1
GCP,adapt_p35-659087696138755_a315-0_583_map.h5,7.89239,10,682,809,54.340912:315.000000,1605,True,9,5,1605,0.99976,5.86079,0,0.0124448,1606 1606 1605 1604 -1
GCP,adapt_p70-52877936550931_a191-25_68_map.h5,6.84634,10,564,1172,19.471220:191.250000,1201,True,19,4,1136,0.891045,4.88392,0,0.0124601,1137 1136 1201 -1
GCP,adapt_p48-18968510422141_a258-75_72_map.h5,8.8838,10,701,376,41.810314:258.750000,1504,True,10,6,1452,0.999989,8.26039,0,0.0129892,1451 1451 1452 1504 1503 -1
GCP,adapt_p80-40593177313954_a45-0_484_map.h5,5.8683,10,458,1474,9.594069:45.000000,1042,False,12,4,1043,0.752975,4.91328,0,0.0125201,1109 1043 1110 -1
GCP,adapt_p48-18968510422141_a11-25_203_map.h5,6.87257,10,459,1156,41.810314:11.250000,1468,False,12,5,1413,0.997582,5.86898,0,0.0132336,1355 1355 1413 1414 -1
GCP,adapt_p70-52877936550931_a213-75_345_map.h5,7.88384,10,529,724,19.471220:213.750000,1205,True,11,5,1205,0.906984,7.36153,0,0.0129543,1139 1140 1205 1139 -1
GCP,adapt_p11-715852394892384_a315-0_39_map.h5,7.80913,10,342,712,78.284149:315.000000,1778,True,17,5,1762,0.854339,7.05727,0,0.0126803,1761 1762 1778 1779 -1
GCP,adapt_p48-18968510422141_a348-74999999999994_0_map.h5,8.82694,10,267,383,41.810314:348.750000,1517,True,21,5,1517,0.851869,7.30994,0,0.0128642,1566 1517 1465 1516 -1
GCP,adapt_p60-00000000000001_a292-5_92_map.h5,8.88421,10,600,347,30.000000:292.500000,1343,True,9,6,1343,0.999499,8.25035,0,0.0126126,1400 1400 1401 1343 1342 -1
GCP,adapt_p60-00000000000001_a292-5_320_map.h5,7.89106,10,633,741,30.000000:292.500000,1343,True,9,5,1343,0.994157,5.80435,0,0.0127478,1282 1282 1343 1344 -1
GCP,adapt_p70-52877936550931_a33-75_67_map.h5,6.85102,10,566,1137,19.471220:33.750000,1173,True,15,4,1237,0.734123,4.87117,0,0.012802,1173 1174 1237 -1
GCP,adapt_p23-556464309101234_a202-5_379_map.h5,6.30179,10,129,1147,66.443535:202.500000,1704,False,104,4,1695,0.33961,6.20213,0,0.0140618,1656 1722 1695 -1
GCP,adapt_p48-18968510422141_a303-75_365_map.h5,6.859,10,602,1145,41.810314:303.750000,1510,True,14,4,1511,0.642849,4.79317,0,0.0128072,1559 1510 1511 -1
GCP,adapt_p80-40593177313954_a292-5_409_map.h5,6.82679,10,426,1149,9.594069:292.500000,1088,True,19,4,1089,0.715743,4.91767,0,0.013028,1090 1089 1088 -1
GCP,adapt_p35-659087696138755_a344-99999999999994_298_map.h5,8.89511,10,600,357,54.340912:345.000000,1609,True,8,6,1649,0.99987,8.47,0,0.012692,1608 1608 1648 1649 1609 -1
GCP,adapt_p60-00000000000001_a247-49999999999997_124_map.h5,7.75117,10,236,746,30.000000:247.500000,1335,False,32,5,1394,0.752388,7.29595,0,0.0126289,1452 1451 1450 1394 -1
GCP,adapt_p60-00000000000001_a270-0_325_map.h5,8.89045,10,523,392,30.000000:270.000000,1339,True,10,6,1339,0.999925,8.24139,0,0.0123589,1340 1340 1339 1397 1398 -1
GCP,adapt_p70-52877936550931_a303-75_562_map.h5,5.84529,10,420,1520,19.471220:303.750000,1221,True,15,4,1221,0.959447,4.85723,0,0.0125844,1283 1220 1221 -1
GCP,adapt_p80-40593177313954_a292-5_217_map.h5,6.85797,10,483,1148,9.594069:292.500000,1088,True,13,4,1088,0.918373,4.85026,0,0.0128417,1154 1088 1087 -1
GCP,adapt_p60-00000000000001_a292-5_245_map.h5,6.83425,10,480,1077,30.000000:292.500000,1343,True,16,4,1399,0.794169,5.05001,0,0.0125599,1343 1400 1399 -1
GCP,adapt_p70-52877936550931_a348-74999999999994_236_map.h5,8.82122,10,323,382,19.471220:348.750000,1229,True,12,6,1229,0.985974,8.35795,0,0.012602,1292 1292 1230 1165 1229 -1
GCP,adapt_p48-18968510422141_a123-74999999999999_266_map.h5,7.88432,10,444,770,41.810314:123.750000,1484,True,12,5,1430,0.993366,5.88732,0,0.0124848,1484 1484 1483 1430 -1
GCP,adapt_p11-715852394892384_a135-0_80_map.h5,7.8026,10,240,773,78.284149:135.000000,1770,False,28,5,1771,0.756406,7.08031,0,0.0132149,1753 1771 1786 1785 -1
GCP,adapt_p23-556464309101234_a112-5_551_map.h5,6.88298,10,463,1193,66.443535:112.500000,1697,True,11,4,1697,0.98781,4.74461,0,0.0127964,1727 1726 1697 -1
GCP,adapt_p80-40593177313954_a157-5_460_map.h5,6.84416,10,511,1141,9.594069:157.500000,1063,False,15,4,1064,0.839958,4.80784,0,0.0126476,1065 1064 1130 -1
GCP,adapt_p48-18968510422141_a236-25_234_map.h5,7.87272,10,423,757,41.810314:236.250000,1501,False,11,5,1550,0.984275,7.41944,0,0.0130739,1549 1550 1500 1549 -1
GCP,adapt_p23-556464309101234_a202-5_497_map.h5,7.85124,10,333,748,66.443535:202.500000,1704,True,16,5,1705,0.945011,7.1957,0,0.0125719,1704 1705 1671 1672 -1
GCP,adapt_p80-40593177313954_a202-49999999999997_94_map.h5,6.85831,10,411,1194,9.594069:202.500000,1072,True,15,5,1072,0.977103,5.91805,0,0.0125006,1073 1073 1072 1071 -1
GCP,adapt_p80-40593177313954_a0-0_531_map.h5,7.35945,10,160,703,9.594069:0.000000,1034,False,90,4,1104,0.334658,5.36099,0,0.0133466,969 1103 1104 -1
GCP,adapt_p35-659087696138755_a224-99999999999997_393_map.h5,8.76979,10,181,345,54.340912:225.000000,1594,False,28,5,1635,0.824958,7.42023,0,0.0130075,1633 1634 1635 1592 -1
GCP,adapt_p80-40593177313954_a0-0_238_map.h5,7.82419,10,205,770,9.594069:0.000000,1034,True,21,5,1034,0.83743,7.36634,0,0.0126218,968 967 1034 1033 -1
GCP,adapt_p23-556464309101234_a112-5_147_map.h5,7.8522,10,291,804,66.443535:112.500000,1697,True,13,5,1696,0.977992,7.36966,0,0.012616,1697 1696 1695 1725 -1
GCP,adapt_p70-52877936550931_a236-25_170_map.h5,7.85638,10,455,744,19.471220:236.250000,1209,True,15,5,1209,0.914105,7.26182,0,0.0124137,1208 1209 1272 1271 -1
GCP,adapt_p48-18968510422141_a146-25_133_map.h5,8.88504,10,487,356,41.810314:146.250000,1488,True,11,6,1488,0.999326,8.2421,0,0.0127428,1434 1434 1435 1488 1487 -1
GCP,adapt_p48-18968510422141_a303-75_200_map.h5,7.82537,10,378,825,41.810314:303.750000,1510,False,20,5,1403,0.954395,7.22738,0,0.012419,1458 1459 1403 1404 -1
GCP,adapt_p80-40593177313954_a0-0_313_map.h5,5.794,10,376,1508,9.594069:0.000000,1034,True,23,4,1100,0.894967,4.91745,0,0.0128066,1035 1034 1100 -1
GCP,adapt_p11-715852394892384_a45-0_118_map.h5,7.88152,10,471,738,78.284149:45.000000,1766,True,11,5,1746,0.986791,7.25755,0,0.0122784,1745 1746 1766 1745 -1
GCP,adapt_p60-00000000000001_a202-49999999999997_203_map.h5,8.90024,10,712,366,30.000000:202.500000,1328,True,9,6,1328,0.999909,8.26919,0,0.0125607,1266 1266 1267 1329 1328 -1
GCP,adapt_p35-659087696138755_a105-0_72_map.h5,6.85033,10,471,1126,54.340912:105.000000,1579,True,13,5,1623,0.970662,5.82873,0,0.0124658,1579 1579 1622 1623 -1
GCP,adapt_p80-40593177313954_a90-0_250_map.h5,6.88629,10,581,1134,9.594069:90.000000,1051,True,11,5,1050,0.976089,5.91156,0,0.0125146,983 983 1051 1050 -1
GCP,adapt_p80-40593177313954_a0-0_35_map.h5,5.85235,10,426,1484,9.594069:0.000000,1034,True,17,4,1034,0.869909,4.91713,0,0.0124833,1035 1034 1100 -1
GCP,adapt_p35-659087696138755_a195-0_220_map.h5,8.90599,10,780,370,54.340912:195.000000,1590,True,7,6,1632,0.99998,8.39832,0,0.0128134,1633 1633 1590 1632 1670 -1
GCP,adapt_p70-52877936550931_a348-74999999999994_159_map.h5,8.87434,10,511,370,19.471220:348.750000,1229,True,12,6,1229,0.988782,8.3446,0,0.0124468,1230 1230 1229 1292 1291 -1
GCP,adapt_p48-18968510422141_a123-74999999999999_330_map.h5,8.84594,10,266,324,41.810314:123.750000,1484,True,16,5,1485,0.829491,7.21288,0,0.0128742,1431 1484 1485 1536 -1
GCP,adapt_p35-659087696138755_a255-00000000000003_242_map.h5,6.87534,10,675,1128,54.340912:255.000000,1598,True,8,5,1639,0.988007,5.82637,0,0.0124498,1598 1598 1640 1639 -1
GCP,adapt_p60-00000000000001_a247-49999999999997_291_map.h5,7.86854,10,582,771,30.000000:247.500000,1335,False,13,5,1394,0.96806,7.29941,0,0.0132827,1451 1450 1394 1393 -1
GCP,adapt_p70-52877936550931_a123-74999999999999_126_map.h5,5.87341,10,486,1452,19.471220:123.750000,1189,True,13,4,1124,0.894996,4.82745,0,0.0123878,1189 1190 1124 -1
GCP,adapt_p35-659087696138755_a285-0_474_map.h5,8.8932,10,643,369,54.340912:285.000000,1601,True,7,6,1601,0.999997,8.2527,0,0.0125924,1602 1602 1601 1642 1643 -1
GCP,adapt_p48-18968510422141_a168-74999999999997_134_map.h5,6.86568,10,510,1221,41.810314:168.750000,1491,True,13,5,1491,0.903243,5.79071,0,0.0131235,1437 1437 1490 1491 -1
GCP,adapt_p70-52877936550931_a101-24999999999999_279_map.h5,8.83986,10,265,376,19.471220:101.250000,1185,True,19,6,1185,0.971461,8.26157,0,0.0129342,1120 1120 1119 1185 1184 -1
GCP,adapt_p60-00000000000001_a135-0_410_map.h5,7.84301,10,325,714,30.000000:135.000000,1316,True,18,5,1254,0.880569,7.31013,0,0.0127858,1253 1254 1316 1317 -1
GCP,adapt_p11-715852394892384_a135-0_378_map.h5,6.88711,10,545,1147,78.284149:135.000000,1770,True,10,4,1771,0.937784,4.74657,0,0.0127106,1752 1771 1770 -1
GCP,adapt_p70-52877936550931_a213-75_167_map.h5,6.82948,10,667,1072,19.471220:213.750000,1205,False,13,4,1268,0.87654,4.8018,0,0.0123205,1206 1269 1268 -1
GCP,adapt_p70-52877936550931_a11-25_262_map.h5,8.66598,10,119,396,19.471220:11.250000,1169,False,52,5,1411,0.762322,7.77283,0,0.012842,1292 1294 1411 1354 -1
GCP,adapt_p70-52877936550931_a33-75_423_map.h5,7.87338,10,479,712,19.471220:33.750000,1173,True,12,5,1172,0.96612,5.86043,0,0.0124125,1106 1106 1172 1173 -1
GCP,adapt_p70-52877936550931_a303-75_558_map.h5,6.82324,10,302,1069,19.471220:303.750000,1221,True,22,4,1221,0.846988,4.81855,0,0.0125879,1155 1156 1221 -1
GCP,adapt_p70-52877936550931_a11-25_301_map.h5,6.88338,10,557,1133,19.471220:11.250000,1169,True,12,5,1169,0.987419,5.8922,0,0.0124357,1233 1233 1170 1169 -1
GCP,adapt_p80-40593177313954_a157-5_367_map.h5,4.10699,10,168,1888,9.594069:157.500000,1063,False,123,3,1384,0.318181,3.40377,0,0.0138932,1200 1384 -1
GCP,adapt_p23-556464309101234_a202-5_397_map.h5,8.88195,10,450,385,66.443535:202.500000,1704,True,11,6,1704,0.99812,8.16536,0,0.0128536,1671 1671 1670 1704 1705 -1
GCP,adapt_p48-18968510422141_a101-24999999999999_34_map.h5,7.88039,10,438,803,41.810314:101.250000,1481,True,11,5,1427,0.997425,5.83603,0,0.0124194,1481 1481 1427 1428 -1
GCP,adapt_p60-00000000000001_a22-5_222_map.h5,6.85139,10,475,1148,30.000000:22.500000,1298,True,16,4,1298,0.638538,4.96614,0,0.0123981,1233 1234 1298 -1
GCP,adapt_p80-40593177313954_a202-49999999999997_289_map.h5,7.80404,10,276,787,9.594069:202.500000,1072,True,21,5,1004,0.873149,7.36666,0,0.0157639,1070 1071 1072 1004 -1
GCP,adapt_p23-556464309101234_a337-5_459_map.h5,5.82126,10,319,1544,66.443535:337.500000,1716,False,19,5,1742,0.867513,5.78015,0,0.012541,1741 1741 1742 1743 -1
GCP,adapt_p11-715852394892384_a135-0_273_map.h5,7.79479,10,310,692,78.284149:135.000000,1770,True,25,5,1752,0.881886,7.45402,0,0.0130532,1786 1770 1751 1752 -1
GCP,adapt_p23-556464309101234_a22-5_506_map.h5,8.87598,10,443,380,66.443535:22.500000,1689,True,11,6,1689,0.997828,8.14719,0,0.012833,1720 1720 1719 1689 1690 -1
GCP,adapt_p80-40593177313954_a0-0_206_map.h5,7.86,10,494,713,9.594069:0.000000,1034,True,15,5,1100,0.974181,7.36671,0,0.0127794,1033 1100 1034 1035 -1
GCP,adapt_p70-52877936550931_a236-25_517_map.h5,7.81414,10,328,682,19.471220:236.250000,1209,True,23,5,1209,0.878367,7.50207,0,0.0126655,1208 1209 1210 1144 -1
GCP,adapt_p60-00000000000001_a270-0_264_map.h5,5.80936,10,318,1526,30.000000:270.000000,1339,True,22,4,1338,0.753634,4.9723,0,0.0124441,1276 1338 1339 -1
GCP,adapt_p70-52877936550931_a236-25_226_map.h5,8.8064,10,179,367,19.471220:236.250000,1209,True,25,5,1144,0.895893,7.29448,0,0.0133799,1078 1144 1209 1143 -1
GCP,adapt_p23-556464309101234_a202-5_55_map.h5,7.70118,10,163,757,66.443535:202.500000,1704,False,48,5,1757,0.831098,7.6239,0,0.0126196,1773 1757 1734 1733 -1
GCP,adapt_p70-52877936550931_a101-24999999999999_463_map.h5,7.59196,10,228,777,19.471220:101.250000,1185,False,58,5,1118,0.513625,7.46953,0,0.0128599,1051 1118 1119 1120 -1
GCP,adapt_p48-18968510422141_a33-75_253_map.h5,5.39892,10,192,1533,41.810314:33.750000,1471,False,73,3,1524,0.327004,4.43786,0,0.0129023,1413 1524 -1
GCP,adapt_p70-52877936550931_a146-25_65_map.h5,8.86096,10,442,391,19.471220:146.250000,1193,True,16,5,1128,0.799148,7.38032,0,0.0128324,1195 1129 1128 1193 -1
GCP,adapt_p70-52877936550931_a326-24999999999994_204_map.h5,8.88531,10,629,361,19.471220:326.250000,1225,True,11,6,1225,0.98436,8.32324,0,0.0124791,1287 1287 1288 1225 1224 -1
GCP,adapt_p70-52877936550931_a348-74999999999994_581_map.h5,8.89025,10,504,332,19.471220:348.750000,1229,True,11,6,1229,0.999963,8.34469,0,0.0125371,1228 1228 1229 1292 1291 -1
GCP,adapt_p23-556464309101234_a112-5_537_map.h5,6.87383,10,459,1130,66.443535:112.500000,1697,True,12,5,1697,0.986538,5.75299,0,0.0129844,1662 1662 1697 1696 -1
GCP,adapt_p23-556464309101234_a247-49999999999997_585_map.h5,8.8682,10,433,350,66.443535:247.500000,1708,True,13,5,1708,0.964208,7.31948,0,0.0125933,1735 1708 1675 1709 -1
GCP,adapt_p80-40593177313954_a247-49999999999997_244_map.h5,8.8014,10,202,345,9.594069:247.500000,1080,True,26,6,1080,0.927778,8.358,0,0.0124261,1079 1079 1080 1013 1081 -1
GCP,adapt_p60-00000000000001_a135-0_513_map.h5,7.82911,10,191,773,30.000000:135.000000,1316,True,19,5,1254,0.927447,7.31005,0,0.012713,1253 1254 1316 1317 -1
GCP,adapt_p11-715852394892384_a135-0_523_map.h5,7.80316,10,346,760,78.284149:135.000000,1770,False,27,5,1772,0.814627,7.07943,0,0.0126612,1753 1771 1772 1786 -1
GCP,adapt_p48-18968510422141_a78-75_416_map.h5,7.7091,10,220,805,41.810314:78.750000,1478,False,32,5,1367,0.820078,7.5555,0,0.0127123,1426 1367 1366 1307 -1
GCP,adapt_p80-40593177313954_a180-0_64_map.h5,6.87546,10,634,1050,9.594069:180.000000,1067,True,11,5,1068,0.981822,5.91139,0,0.0123443,1000 1000 1068 1067 -1
GCP,adapt_p70-52877936550931_a213-75_243_map.h5,8.89426,10,707,389,19.471220:213.750000,1205,True,9,6,1205,0.999814,8.25541,0,0.0125259,1267 1267 1268 1205 1204 -1
GCP,adapt_p80-40593177313954_a180-0_322_map.h5,8.6128,10,168,391,9.594069:180.000000,1067,False,52,5,1000,0.478191,7.87459,0,0.0139945,1132 998 999 1000 -1
GCP,adapt_p23-556464309101234_a22-5_452_map.h5,7.87036,10,446,795,66.443535:22.500000,1689,True,13,5,1689,0.966472,7.15954,0,0.0134229,1654 1653 1689 1690 -1
GCP,adapt_p70-52877936550931_a326-24999999999994_24_map.h5,8.89738,10,723,354,19.471220:326.250000,1225,True,9,5,1225,0.999371,5.91998,0,0.0124289,1224 1224 1225 1226 -1
GCP,adapt_p80-40593177313954_a157-5_41_map.h5,5.86099,10,467,1569,9.594069:157.500000,1063,True,13,4,1063,0.926544,4.80597,0,0.0128048,1130 1129 1063 -1
GCP,adapt_p70-52877936550931_a191-25_224_map.h5,6.31427,10,118,1108,19.471220:191.250000,1201,False,97,4,1132,0.207306,6.1124,0,0.0135685,991 994 995 -1
GCP,adapt_p48-18968510422141_a56-24999999999999_117_map.h5,7.89617,10,816,759,41.810314:56.250000,1475,False,10,5,1474,0.991572,7.47308,0,0.0126151,1473 1474 1420 1473 -1
GCP,adapt_p35-659087696138755_a344-99999999999994_304_map.h5,8.90146,10,574,381,54.340912:345.000000,1609,True,7,6,1609,0.999997,8.41913,0,0.0123291,1608 1608 1565 1609 1649 -1
GCP,adapt_p80-40593177313954_a90-0_348_map.h5,7.87626,10,485,752,9.594069:90.000000,1051,True,12,5,1051,0.970919,5.91808,0,0.0125375,1050 1050 1051 1052 -1
GCP,adapt_p35-659087696138755_a105-0_35_map.h5,4.30037,10,141,1776,54.340912:105.000000,1579,False,98,3,1580,0.368489,3.36461,0,0.0134938,1429 1580 -1
GCP,adapt_p35-659087696138755_a344-99999999999994_284_map.h5,7.82118,10,293,732,54.340912:345.000000,1609,True,21,5,1649,0.878195,7.19495,0,0.0126313,1685 1649 1608 1609 -1
GCP,adapt_p35-659087696138755_a165-0_164_map.h5,1.60289,10,21,326,54.340912:165.000000,1587,False,1800,2,1588,0,0.315451,0,0.315451,1374 -1
GCP,adapt_p80-40593177313954_a180-0_581_map.h5,7.73168,10,288,784,9.594069:180.000000,1067,True,33,5,1135,0.707758,7.47595,0,0.0131448,1133 1067 1134 1135 -1
GCP,adapt_p23-556464309101234_a292-5_2_map.h5,6.7622,10,206,1190,66.443535:292.500000,1712,True,32,4,1712,0.544675,5.37687,0,0.0126364,1643 1712 1739 -1
GCP,adapt_p35-659087696138755_a255-00000000000003_112_map.h5,6.86524,10,503,1141,54.340912:255.000000,1598,False,12,5,1639,0.928215,5.80226,0,0.0125806,1597 1597 1639 1638 -1
GCP,adapt_p60-00000000000001_a270-0_458_map.h5,6.49078,10,87,735,30.000000:270.000000,1339,False,228,3,1344,0.320684,4.10774,0,0.0174528,1340 1344 -1
GCP,adapt_p70-52877936550931_a348-74999999999994_484_map.h5,6.76749,10,289,1126,19.471220:348.750000,1229,True,29,4,1229,0.663107,4.86812,0,0.0133177,1292 1229 1164 -1
GCP,adapt_p23-556464309101234_a112-5_387_map.h5,7.84906,10,301,694,66.443535:112.500000,1697,True,17,5,1697,0.922195,7.1501,0,0.0127394,1661 1662 1697 1696 -1
GCP,adapt_p60-00000000000001_a315-0_327_map.h5,8.87224,10,436,365,30.000000:315.000000,1346,True,11,6,1346,0.997811,8.2671,0,0.0125633,1347 1347 1346 1404 1403 -1
GCP,adapt_p80-40593177313954_a224-99999999999997_517_map.h5,7.80731,10,251,753,9.594069:225.000000,1076,True,24,5,1076,0.770236,7.26239,0,0.0124967,1140 1141 1142 1076 -1
GCP,adapt_p70-52877936550931_a168-74999999999997_257_map.h5,7.67494,10,166,772,19.471220:168.750000,1197,True,41,4,1196,0.746992,5.52192,0,0.0128856,1199 1197 1196 -1
GCP,adapt_p80-40593177313954_a224-99999999999997_139_map.h5,7.81404,10,320,747,9.594069:225.000000,1076,True,22,5,1077,0.90514,7.26968,0,0.0127586,1075 1076 1077 1143 -1
GCP,adapt_p80-40593177313954_a247-49999999999997_407_map.h5,6.86434,10,580,1114,9.594069:247.500000,1080,True,14,5,1146,0.844742,5.82162,0,0.0124845,1080 1080 1146 1147 -1
GCP,adapt_p60-00000000000001_a0-0_464_map.h5,7.10473,10,55,779,30.000000:0.000000,1294,False,126,4,1104,0.201161,6.04018,0,0.0140692,1167 1101 1104 -1
GCP,adapt_p48-18968510422141_a33-75_449_map.h5,6.87439,10,474,1086,41.810314:33.750000,1471,True,13,4,1418,0.806882,4.80998,0,0.0124138,1471 1417 1418 -1
GCP,adapt_p48-18968510422141_a348-74999999999994_207_map.h5,7.85238,10,244,806,41.810314:348.750000,1517,True,16,5,1565,0.92656,7.24822,0,0.0124256,1564 1565 1516 1517 -1
GCP,adapt_p48-18968510422141_a146-25_31_map.h5,6.85321,10,499,1144,41.810314:146.250000,1488,False,16,4,1435,0.950314,5.00051,0,0.012635,1489 1435 1434 -1
GCP,adapt_p23-556464309101234_a202-5_588_map.h5,7.86537,10,362,701,66.443535:202.500000,1704,True,13,5,1704,0.990866,7.15959,0,0.0124411,1733 1732 1704 1705 -1
GCP,adapt_p48-18968510422141_a326-24999999999994_79_map.h5,8.90105,10,738,401,41.810314:326.250000,1514,True,9,6,1514,0.998177,8.43344,0,0.0127415,1513 1513 1563 1514 1462 -1
GCP,adapt_p11-715852394892384_a225-0_533_map.h5,7.89829,10,839,766,78.284149:225.000000,1774,False,6,5,1758,0.998937,7.20893,0,0.0125104,1757 1758 1775 1757 -1
GCP,adapt_p35-659087696138755_a45-0_161_map.h5,7.86155,10,431,769,54.340912:45.000000,1572,True,14,5,1571,0.983118,7.20909,0,0.0132553,1525 1524 1571 1572 -1
GCP,adapt_p70-52877936550931_a348-74999999999994_377_map.h5,7.57077,10,110,738,19.471220:348.750000,1229,False,58,5,1105,0.597383,7.32924,0,0.013028,970 1038 1039 1105 -1
GCP,adapt_p11-715852394892384_a315-0_461_map.h5,8.84392,10,801,364,78.284149:315.000000,1778,True,9,6,1778,0.998282,8.03862,0,0.0129387,1762 1762 1778 1779 1763 -1
GCP,adapt_p80-40593177313954_a90-0_265_map.h5,8.88805,10,534,365,9.594069:90.000000,1051,True,10,6,1051,0.99991,8.37384,0,0.0127325,983 983 984 1051 1050 -1
GCP,adapt_p35-659087696138755_a285-0_475_map.h5,5.86617,10,393,1473,54.340912:285.000000,1601,True,11,5,1602,0.984338,5.81295,0,0.0126553,1643 1643 1602 1601 -1
GCP,adapt_p48-18968510422141_a56-24999999999999_41_map.h5,7.83109,10,296,751,41.810314:56.250000,1475,True,23,5,1475,0.844121,7.52971,0,0.0127069,1474 1475 1476 1421 -1
GCP,adapt_p80-40593177313954_a45-0_532_map.h5,7.81724,10,239,741,9.594069:45.000000,1042,True,23,5,1043,0.911399,7.37254,0,0.0125587,974 975 1043 1042 -1
GCP,adapt_p70-52877936550931_a11-25_295_map.h5,7.89433,10,606,794,19.471220:11.250000,1169,True,9,5,1169,0.979047,7.3508,0,0.0124506,1168 1169 1232 1168 -1
GCP,adapt_p70-52877936550931_a281-24999999999994_341_map.h5,8.7543,10,189,387,19.471220:281.250000,1217,True,33,5,1279,0.851928,7.35639,0,0.0135194,1339 1278 1279 1217 -1
GCP,adapt_p23-556464309101234_a292-5_236_map.h5,5.71927,10,147,1474,66.443535:292.500000,1712,True,28,4,1679,0.666651,4.86896,0,0.0125311,1738 1712 1679 -1
GCP,adapt_p70-52877936550931_a236-25_125_map.h5,7.86926,10,594,788,19.471220:236.250000,1209,False,13,4,1207,0.850541,4.82977,0,0.0125384,1143 1208 1207 -1
GCP,adapt_p80-40593177313954_a270-0_362_map.h5,6.88642,10,644,1114,9.594069:270.000000,1084,False,7,5,1083,0.959237,5.93879,0,0.0133696,1149 1149 1083 1148 -1
GCP,adapt_p70-52877936550931_a33-75_277_map.h5,8.74693,10,158,391,19.471220:33.750000,1173,False,29,5,1236,0.735805,7.69407,0,0.0128678,1107 1172 1235 1236 -1
GCP,adapt_p80-40593177313954_a0-0_164_map.h5,5.73621,10,219,1572,9.594069:0.000000,1034,False,33,4,1100,0.563391,4.9007,0,0.012617,1032 1100 1166 -1
GCP,adapt_p70-52877936550931_a146-25_51_map.h5,5.83326,10,374,1499,19.471220:146.250000,1193,True,18,4,1193,0.857581,4.81113,0,0.0125446,1192 1193 1256 -1
GCP,adapt_p48-18968510422141_a78-75_444_map.h5,8.88772,10,656,394,41.810314:78.750000,1478,True,9,6,1478,0.999094,8.17724,0,0.0130903,1424 1424 1478 1477 1529 -1
GCP,adapt_p23-556464309101234_a292-5_377_map.h5,6.83122,10,381,1046,66.443535:292.500000,1712,True,20,4,1712,0.849906,4.88593,0,0.0125898,1739 1712 1680 -1
GCP,adapt_p48-18968510422141_a123-74999999999999_430_map.h5,7.70419,10,215,795,41.810314:123.750000,1484,False,40,4,1374,0.605642,4.99271,0,0.0126247,1316 1374 1431 -1
GCP,adapt_p23-556464309101234_a112-5_593_map.h5,7.84607,10,407,722,66.443535:112.500000,1697,False,16,5,1726,0.930158,7.42497,0,0.0127224,1724 1725 1726 1696 -1
GCP,adapt_p70-52877936550931_a78-75_85_map.h5,7.33246,10,202,741,19.471220:78.750000,1181,False,95,4,1179,0.272409,5.41208,0,0.0133339,1046 1179 1180 -1
GCP,adapt_p70-52877936550931_a33-75_301_map.h5,5.66914,10,222,1490,19.471220:33.750000,1173,False,40,4,1353,0.667344,4.92744,0,0.0126722,1293 1353 1410 -1
GCP,adapt_p70-52877936550931_a326-24999999999994_330_map.h5,5.77025,10,241,1504,19.471220:326.250000,1225,False,26,4,1287,0.874529,4.89483,0,0.0125621,1288 1287 1286 -1
GCP,adapt_p60-00000000000001_a45-0_193_map.h5,7.86905,10,470,787,30.000000:45.000000,1301,True,12,5,1301,0.984023,5.81347,0,0.0127405,1238 1238 1301 1302 -1
GCP,adapt_p80-40593177313954_a337-49999999999994_243_map.h5,8.69482,10,132,383,9.594069:337.500000,1097,True,41,5,1096,0.737818,7.39677,0,0.0129533,1160 1095 1096 1097 -1
GCP,adapt_p80-40593177313954_a112-49999999999999_198_map.h5,7.86599,10,471,781,9.594069:112.500000,1055,True,12,5,1055,0.994442,5.82178,0,0.0128067,1122 1122 1056 1055 -1
GCP,adapt_p70-52877936550931_a146-25_403_map.h5,8.88307,10,466,399,19.471220:146.250000,1193,True,11,6,1127,0.998953,8.71744,0,0.012723,1193 1193 1126 1127 1128 -1
GCP,adapt_p60-00000000000001_a224-99999999999997_536_map.h5,5.7032,10,402,1492,30.000000:225.000000,1331,False,36,4,1449,0.649817,5.34733,0,0.0126052,1502 1449 1391 -1
GCP,adapt_p60-00000000000001_a202-49999999999997_27_map.h5,6.85802,10,477,1148,30.000000:202.500000,1328,True,16,4,1386,0.753663,4.85865,0,0.0127782,1329 1328 1386 -1
GCP,adapt_p80-40593177313954_a292-5_599_map.h5,4.29777,10,220,1456,9.594069:292.500000,1088,False,246,2,1324,0,0.0187048,0,0.0187048,942 -1
GCP,adapt_p70-52877936550931_a303-75_284_map.h5,7.62605,10,155,763,19.471220:303.750000,1221,True,53,4,1221,0.679056,5.52179,0,0.0127547,1224 1222 1221 -1
GCP,adapt_p23-556464309101234_a337-5_7_map.h5,5.11294,10,164,1535,66.443535:337.500000,1716,False,125,3,1643,0.138397,4.23746,0,0.0146232,1459 1643 -1
GCP,adapt_p80-40593177313954_a135-0_275_map.h5,7.68574,10,211,781,9.594069:135.000000,1059,False,40,4,1060,0.565939,5.51975,0,0.0130602,1058 1060 1061 -1
GCP,adapt_p48-18968510422141_a213-75_325_map.h5,8.83733,10,287,377,41.810314:213.750000,1497,True,17,5,1498,0.914018,7.30586,0,0.0124805,1445 1497 1498 1548 -1
GCP,adapt_p48-18968510422141_a101-24999999999999_393_map.h5,6.88323,10,574,1127,41.810314:101.250000,1481,True,10,5,1481,0.974225,5.90857,0,0.0125667,1482 1482 1428 1481 -1
GCP,adapt_p60-00000000000001_a135-0_250_map.h5,5.21189,10,118,1501,30.000000:135.000000,1316,False,112,3,1437,0.153849,3.35677,0,0.0139511,1539 1437 -1
GCP,adapt_p48-18968510422141_a11-25_278_map.h5,5.82322,10,316,1563,41.810314:11.250000,1468,False,20,4,1467,0.574498,4.8915,0,0.0125898,1520 1467 1413 -1
GCP,adapt_p70-52877936550931_a191-25_306_map.h5,7.77192,10,291,762,19.471220:191.250000,1201,False,28,5,1200,0.828887,7.15162,0,0.0128933,1325 1263 1200 1199 -1
GCP,adapt_p60-00000000000001_a270-0_232_map.h5,7.82637,10,400,716,30.000000:270.000000,1339,True,12,5,1339,0.981907,7.45624,0,0.0124193,1338 1339 1397 1338 -1
GCP,adapt_p35-659087696138755_a14-999999999999998_322_map.h5,8.88389,10,406,365,54.340912:15.000000,1568,True,10,6,1613,0.999667,8.2066,0,0.0129048,1652 1652 1613 1612 1568 -1
GCP,adapt_p60-00000000000001_a90-0_162_map.h5,8.89638,10,567,374,30.000000:90.000000,1309,True,7,6,1309,0.999967,8.24145,0,0.0124129,1310 1310 1309 1368 1369 -1
GCP,adapt_p80-40593177313954_a112-49999999999999_400_map.h5,8.88426,10,648,398,9.594069:112.500000,1055,True,10,6,1055,0.983487,8.3734,0,0.0125331,988 988 987 1055 1056 -1
GCP,adapt_p60-00000000000001_a112-49999999999999_207_map.h5,8.88338,10,550,388,30.000000:112.500000,1313,True,12,6,1313,0.99908,8.49375,0,0.0124264,1372 1372 1314 1313 1312 -1
GCP,adapt_p35-659087696138755_a285-0_133_map.h5,7.75214,10,189,680,54.340912:285.000000,1601,True,30,5,1642,0.794385,7.3208,0,0.0126674,1602 1601 1600 1642 -1
GCP,adapt_p60-00000000000001_a90-0_176_map.h5,7.79528,10,261,777,30.000000:90.000000,1309,False,24,5,1426,0.797922,7.46376,0,0.0125322,1310 1368 1426 1425 -1
GCP,adapt_p48-18968510422141_a326-24999999999994_573_map.h5,5.618,10,71,700,41.810314:326.250000,1514,False,380,2,1463,0,0.0286286,0,0.0286286,1386 -1
GCP,adapt_p48-18968510422141_a348-74999999999994_132_map.h5,8.89389,10,588,353,41.810314:348.750000,1517,True,9,6,1517,0.998942,8.2722,0,0.0139108,1516 1516 1517 1566 1565 -1
GCP,adapt_p70-52877936550931_a101-24999999999999_411_map.h5,3.47895,10,75,717,19.471220:101.250000,1185,False,756,2,1585,0,0.0733138,0,0.0733138,1312 -1
GCP,adapt_p80-40593177313954_a292-5_182_map.h5,6.84721,10,530,1110,9.594069:292.500000,1088,False,16,4,1089,0.854236,4.85388,0,0.0126007,1090 1089 1155 -1
GCP,adapt_p48-18968510422141_a56-24999999999999_235_map.h5,7.85196,10,407,775,41.810314:56.250000,1475,True,16,5,1475,0.769747,7.38815,0,0.0128203,1526 1475 1421 1420 -1
GCP,adapt_p80-40593177313954_a112-49999999999999_434_map.h5,7.85532,10,333,766,9.594069:112.500000,1055,False,15,5,1056,0.949615,5.91153,0,0.0124841,989 989 1057 1056 -1
GCP,adapt_p11-715852394892384_a315-0_540_map.h5,7.85962,10,323,776,78.284149:315.000000,1778,True,14,5,1778,0.943899,7.05854,0,0.0131721,1779 1778 1777 1790 -1
GCP,adapt_p60-00000000000001_a202-49999999999997_577_map.h5,8.88705,10,520,363,30.000000:202.500000,1328,True,11,6,1328,0.998547,8.25412,0,0.0127495,1266 1266 1265 1327 1328 -1
GCP,adapt_p60-00000000000001_a22-5_330_map.h5,7.84019,10,279,772,30.000000:22.500000,1298,True,18,5,1297,0.956213,7.42022,0,0.012614,1296 1297 1298 1234 -1
GCP,adapt_p35-659087696138755_a75-0_195_map.h5,5.83236,10,436,1435,54.340912:75.000000,1576,True,17,4,1576,0.932398,4.82825,0,0.0124432,1529 1576 1575 -1
GCP,adapt_p70-52877936550931_a326-24999999999994_110_map.h5,5.94025,10,77,770,19.471220:326.250000,1225,False,328,2,1093,0,0.0233951,0,0.0233951,1763 -1
GCP,adapt_p48-18968510422141_a258-75_580_map.h5,6.78302,10,273,1034,41.810314:258.750000,1504,False,28,4,1451,0.722069,4.92702,0,0.0127745,1394 1451 1452 -1
GCP,adapt_p48-18968510422141_a258-75_517_map.h5,4.59323,10,40,791,41.810314:258.750000,1504,False,514,3,1599,0.102221,4.23615,0,0.0384246,1550 1599 -1
GCP,adapt_p60-00000000000001_a90-0_291_map.h5,7.63594,10,104,776,30.000000:90.000000,1309,False,49,5,1425,0.781395,7.5794,0,0.0128897,1480 1425 1367 1368 -1
GCP,adapt_p23-556464309101234_a67-5_327_map.h5,6.0667,10,67,793,66.443535:67.500000,1693,False,295,3,1695,0.127294,4.53778,0,0.0210077,1477 1695 -1
GCP,adapt_p11-715852394892384_a135-0_531_map.h5,7.88482,10,793,724,78.284149:135.000000,1770,False,7,5,1752,0.970365,7.18081,0,0.0129731,1771 1753 1752 1771 -1
GCP,adapt_p11-715852394892384_a45-0_529_map.h5,7.22934,10,166,708,78.284149:45.000000,1766,False,121,4,1781,0.40915,6.98371,0,0.0142271,1648 1765 1781 -1
GCP,adapt_p80-40593177313954_a202-49999999999997_588_map.h5,5.81685,10,499,1495,9.594069:202.500000,1072,False,20,4,1071,0.651437,4.80821,0,0.0129486,1136 1070 1071 -1
GCP,adapt_p80-40593177313954_a292-5_462_map.h5,6.84897,10,537,1143,9.594069:292.500000,1088,False,16,4,1155,0.870413,4.85409,0,0.0128129,1090 1089 1155 -1
GCP,adapt_p35-659087696138755_a135-0_217_map.h5,7.72025,10,220,768,54.340912:135.000000,1583,True,36,5,1583,0.745241,7.11521,0,0.0125548,1663 1625 1626 1583 -1
GCP,adapt_p60-00000000000001_a270-0_87_map.h5,8.87366,10,404,347,30.000000:270.000000,1339,True,12,6,1339,0.997251,8.24288,0,0.0131385,1397 1397 1398 1340 1339 -1
GCP,adapt_p60-00000000000001_a0-0_79_map.h5,6.87751,10,532,1139,30.000000:0.000000,1294,True,12,4,1411,0.755176,4.89241,0,0.0123091,1294 1411 1354 -1
GCP,adapt_p80-40593177313954_a180-0_529_map.h5,7.84613,10,523,736,9.594069:180.000000,1067,False,17,5,1068,0.851429,7.25757,0,0.0126853,1069 1068 1134 1133 -1
GCP,adapt_p48-18968510422141_a146-25_549_map.h5,7.84776,10,337,708,41.810314:146.250000,1488,True,17,5,1434,0.920964,7.25333,0,0.013061,1435 1434 1487 1488 -1
GCP,adapt_p70-52877936550931_a33-75_11_map.h5,6.85192,10,422,1109,19.471220:33.750000,1173,False,16,4,1106,0.704185,4.85563,0,0.0128892,1107 1106 1172 -1
GCP,adapt_p70-52877936550931_a11-25_205_map.h5,8.72263,10,157,361,19.471220:11.250000,1169,False,36,5,1171,0.775517,7.31361,0,0.0131622,1106 1172 1171 1170 -1
GCP,adapt_p35-659087696138755_a195-0_57_map.h5,7.84522,10,281,757,54.340912:195.000000,1590,True,18,5,1633,0.955761,7.22679,0,0.0125805,1632 1633 1591 1590 -1
GCP,adapt_p80-40593177313954_a270-0_498_map.h5,5.82164,10,559,1436,9.594069:270.000000,1084,False,18,4,1150,0.782479,4.83671,0,0.0131738,1085 1151 1150 -1
GCP,adapt_p70-52877936550931_a326-24999999999994_585_map.h5,7.2228,10,137,735,19.471220:326.250000,1225,True,111,4,1226,0.289915,6.92485,0,0.0140557,1166 1226 1225 -1
GCP,adapt_p70-52877936550931_a348-74999999999994_62_map.h5,6.88738,10,575,1108,19.471220:348.750000,1229,True,10,5,1229,0.998395,5.88567,0,0.0124202,1164 1164 1229 1228 -1
GCP,adapt_p80-40593177313954_a247-49999999999997_139_map.h5,6.78701,10,334,1044,9.594069:247.500000,1080,True,21,4,1080,0.680121,4.91744,0,0.0127953,1081 1080 1079 -1
GCP,adapt_p35-659087696138755_a14-999999999999998_178_map.h5,5.66893,10,174,1539,54.340912:15.000000,1568,True,43,4,1568,0.747788,5.35962,0,0.0128814,1469 1569 1568 -1
GCP,adapt_p80-40593177313954_a67-5_232_map.h5,8.87695,10,509,378,9.594069:67.500000,1047,True,11,6,1046,0.995944,8.83174,0,0.012844,979 979 1045 1046 1047 -1
GCP,adapt_p60-00000000000001_a224-99999999999997_184_map.h5,1.99162,10,21,331,30.000000:225.000000,1331,False,1800,2,1151,0,0.317845,0,0.317845,1134 -1
GCP,adapt_p11-715852394892384_a225-0_242_map.h5,8.75108,10,186,342,78.284149:225.000000,1774,True,27,5,1774,0.774008,7.09039,0,0.0127245,1756 1774 1787 1788 -1
GCP,adapt_p60-00000000000001_a90-0_394_map.h5,8.88922,10,455,348,30.000000:90.000000,1309,True,10,5,1309,0.998301,7.45636,0,0.0125404,1308 1309 1368 1308 -1
GCP,adapt_p70-52877936550931_a303-75_125_map.h5,8.83164,10,269,370,19.471220:303.750000,1221,True,20,5,1220,0.842364,7.26123,0,0.0131805,1155 1220 1283 1221 -1
GCP,adapt_p80-40593177313954_a135-0_518_map.h5,8.68193,10,45,398,9.594069:135.000000,1059,False,37,5,988,0.706926,7.27696,0,0.0128848,1057 989 988 921 -1
GCP,adapt_p48-18968510422141_a348-74999999999994_562_map.h5,6.64383,10,174,1103,41.810314:348.750000,1517,True,44,4,1517,0.545619,5.45526,0,0.0129995,1514 1516 1517 -1
GCP,adapt_p35-659087696138755_a255-00000000000003_193_map.h5,8.88441,10,508,365,54.340912:255.000000,1598,True,10,6,1639,0.99998,8.2501,0,0.0124015,1597 1597 1598 1640 1639 -1
GCP,adapt_p48-18968510422141_a348-74999999999994_93_map.h5,7.70918,10,84,772,41.810314:348.750000,1517,False,40,4,1518,0.479479,5.35185,0,0.0126474,1413 1518 1566 -1
GCP,adapt_p70-52877936550931_a11-25_455_map.h5,7.878,10,432,719,19.471220:11.250000,1169,False,12,5,1103,0.994559,5.87519,0,0.0128087,1170 1170 1104 1103 -1
GCP,adapt_p48-18968510422141_a101-24999999999999_555_map.h5,8.87328,10,539,403,41.810314:101.250000,1481,True,11,5,1481,0.938022,7.88969,0,0.0125255,1428 1481 1533 1428 -1
GCP,adapt_p48-18968510422141_a281-24999999999994_368_map.h5,8.73214,10,129,371,41.810314:281.250000,1507,True,36,5,1508,0.798026,7.74326,0,0.012658,1558 1456 1508 1507 -1
GCP,adapt_p60-00000000000001_a112-49999999999999_416_map.h5,7.83211,10,470,724,30.000000:112.500000,1313,True,16,5,1372,0.941216,7.48749,0,0.0126929,1373 1372 1371 1313 -1
GCP,adapt_p35-659087696138755_a344-99999999999994_543_map.h5,8.86926,10,363,361,54.340912:345.000000,1609,True,10,6,1609,0.999754,8.2513,0,0.0135281,1608 1608 1609 1650 1649 -1
GCP,adapt_p60-00000000000001_a67-5_38_map.h5,6.96815,10,152,759,30.000000:67.500000,1305,False,152,4,1242,0.386729,6.01198,0,0.0146153,1245 1242 1241 -1
GCP,adapt_p48-18968510422141_a326-24999999999994_263_map.h5,7.78675,10,302,753,41.810314:326.250000,1514,True,25,5,1462,0.934723,7.27168,0,0.0130492,1406 1462 1514 1463 -1
GCP,adapt_p60-00000000000001_a247-49999999999997_585_map.h5,6.87532,10,575,1073,30.000000:247.500000,1335,True,11,4,1335,0.82438,4.87766,0,0.0124805,1273 1274 1335 -1
GCP,adapt_p23-556464309101234_a247-49999999999997_222_map.h5,7.87403,10,489,683,66.443535:247.500000,1708,True,13,5,1709,0.857693,7.15282,0,0.012794,1676 1675 1708 1709 -1
GCP,adapt_p11-715852394892384_a45-0_585_map.h5,5.81308,10,212,1565,78.284149:45.000000,1766,True,24,4,1766,0.917476,4.65532,0,0.0127438,1765 1766 1767 -1
GCP,adapt_p60-00000000000001_a157-5_71_map.h5,8.85706,10,311,387,30.000000:157.500000,1320,True,13,6,1321,0.995969,8.25543,0,0.0127505,1258 1258 1259 1321 1320 -1
GCP,adapt_p35-659087696138755_a45-0_394_map.h5,5.85541,10,495,1540,54.340912:45.000000,1572,True,13,4,1616,0.960231,4.76843,0,0.0123983,1615 1616 1572 -1
GCP,adapt_p70-52877936550931_a123-74999999999999_45_map.h5,5.43,10,230,1474,19.471220:123.750000,1189,False,69,3,1371,0.341566,3.60261,0,0.0128098,1188 1371 -1
GCP,adapt_p60-00000000000001_a135-0_306_map.h5,8.87106,10,504,346,30.000000:135.000000,1316,True,12,6,1317,0.998161,8.26725,0,0.0127348,1376 1376 1375 1316 1317 -1
GCP,adapt_p35-659087696138755_a315-0_584_map.h5,6.87862,10,553,1149,54.340912:315.000000,1605,True,11,5,1646,0.981171,5.77061,0,0.0131775,1605 1605 1646 1645 -1
GCP,adapt_p23-556464309101234_a112-5_308_map.h5,5.84235,10,293,1414,66.443535:112.500000,1697,False,16,4,1750,0.797767,4.69984,0,0.0124563,1769 1750 1725 -1
GCP,adapt_p70-52877936550931_a191-25_72_map.h5,8.87081,10,423,376,19.471220:191.250000,1201,True,13,6,1265,0.992939,8.25206,0,0.0129776,1202 1202 1201 1264 1265 -1
GCP,adapt_p48-18968510422141_a191-25_380_map.h5,8.86707,10,412,378,41.810314:191.250000,1494,True,15,6,1441,0.996138,8.22064,0,0.0127307,1493 1493 1494 1441 1440 -1
GCP,adapt_p70-52877936550931_a146-25_347_map.h5,7.85549,10,558,707,19.471220:146.250000,1193,False,15,5,1255,0.965659,7.2553,0,0.0133125,1254 1255 1192 1191 -1
GCP,adapt_p80-40593177313954_a224-99999999999997_380_map.h5,7.83031,10,482,723,9.594069:225.000000,1076,True,19,5,1076,0.851035,7.37245,0,0.0124854,1077 1076 1008 1009 -1
GCP,adapt_p70-52877936550931_a236-25_247_map.h5,8.89203,10,609,376,19.471220:236.250000,1209,True,10,6,1209,0.999331,8.27546,0,0.0127784,1210 1210 1209 1144 1143 -1
GCP,adapt_p80-40593177313954_a112-49999999999999_266_map.h5,5.81028,10,404,1480,9.594069:112.500000,1055,False,21,4,1053,0.782082,4.91069,0,0.0125343,985 1053 1054 -1
GCP,adapt_p11-715852394892384_a315-0_113_map.h5,8.86957,10,432,394,78.284149:315.000000,1778,True,13,6,1778,0.9522,8.03822,0,0.0132271,1791 1791 1779 1778 1762 -1
GCP,adapt_p70-52877936550931_a146-25_481_map.h5,6.7128,10,141,1144,19.471220:146.250000,1193,False,33,4,1192,0.796114,4.83434,0,0.0130126,1125 1191 1192 -1
GCP,adapt_p70-52877936550931_a258-75_454_map.h5,5.78158,10,344,1416,19.471220:258.750000,1213,False,24,4,1275,0.727659,5.00668,0,0.013234,1214 1276 1275 -1
GCP,adapt_p60-00000000000001_a67-5_114_map.h5,8.88896,10,553,369,30.000000:67.500000,1305,True,10,5,1305,0.998129,5.80743,0,0.0128378,1243 1243 1306 1305 -1
GCP,adapt_p60-00000000000001_a90-0_30_map.h5,7.65806,10,111,805,30.000000:90.000000,1309,False,46,4,1367,0.626454,5.56397,0,0.0127508,1311 1368 1367 -1
GCP,adapt_p23-556464309101234_a292-5_234_map.h5,7.87629,10,347,758,66.443535:292.500000,1712,True,12,5,1738,0.973338,5.83834,0,0.0125398,1711 1711 1712 1738 -1
GCP,adapt_p80-40593177313954_a22-5_510_map.h5,8.88393,10,469,352,9.594069:22.500000,1038,True,11,6,1038,0.999625,8.85588,0,0.0128491,1105 1105 1037 1038 1039 -1
GCP,adapt_p80-40593177313954_a0-0_230_map.h5,8.88434,10,521,385,9.594069:0.000000,1034,True,12,6,1034,0.99935,8.82666,0,0.0124466,1101 1101 1100 1034 1035 -1
GCP,adapt_p70-52877936550931_a191-25_156_map.h5,7.85423,10,428,796,19.471220:191.250000,1201,True,15,5,1201,0.914627,7.39478,0,0.0125745,1200 1201 1202 1136 -1
GCP,adapt_p80-40593177313954_a270-0_278_map.h5,6.678,10,220,1195,9.594069:270.000000,1084,False,41,4,1151,0.469466,4.83985,0,0.0127812,1086 1152 1151 -1
GCP,adapt_p48-18968510422141_a56-24999999999999_438_map.h5,5.62705,10,175,1532,41.810314:56.250000,1475,False,52,4,1576,0.560143,5.39465,0,0.0127761,1574 1529 1576 -1
GCP,adapt_p35-659087696138755_a285-0_29_map.h5,8.77969,10,367,387,54.340912:285.000000,1601,True,12,6,1601,0.999694,8.25261,0,0.0130806,1643 1643 1642 1601 1602 -1
GCP,adapt_p60-00000000000001_a90-0_548_map.h5,7.84013,10,364,817,30.000000:90.000000,1309,True,14,5,1309,0.961398,7.36952,0,0.0126838,1246 1309 1368 1310 -1
GCP,adapt_p35-659087696138755_a165-0_337_map.h5,4.37953,10,64,1505,54.340912:165.000000,1587,False,239,2,1413,0,0.0187002,0,0.0187002,1444 -1
GCP,adapt_p48-18968510422141_a11-25_22_map.h5,8.20689,10,107,378,41.810314:11.250000,1468,False,125,5,1470,0.419644,7.8371,0,0.0139184,1614 1522 1470 1415 -1
GCP,adapt_p35-659087696138755_a14-999999999999998_477_map.h5,8.83947,10,338,384,54.340912:15.000000,1568,True,15,6,1568,0.99652,8.22843,0,0.0133365,1612 1612 1613 1569 1568 -1
GCP,adapt_p35-659087696138755_a255-00000000000003_386_map.h5,6.77312,10,301,1071,54.340912:255.000000,1598,False,25,4,1596,0.701685,4.98869,0,0.0126751,1553 1552 1596 -1
GCP,adapt_p60-00000000000001_a315-0_526_map.h5,5.85427,10,366,1539,30.000000:315.000000,1346,True,15,4,1404,0.87791,4.81743,0,0.0125331,1405 1404 1346 -1
GCP,adapt_p80-40593177313954_a22-5_204_map.h5,1.71012,10,89,1024,9.594069:22.500000,1038,False,890,2,1278,0,0.0910841,0,0.0910841,1551 -1
GCP,adapt_p23-556464309101234_a247-49999999999997_509_map.h5,6.83618,10,259,1132,66.443535:247.500000,1708,True,17,4,1708,0.790966,4.75384,0,0.0126215,1735 1708 1707 -1
GCP,adapt_p80-40593177313954_a224-99999999999997_42_map.h5,8.86715,10,436,399,9.594069:225.000000,1076,True,12,6,1076,0.971443,8.26814,0,0.0126678,1141 1141 1075 1076 1077 -1
GCP,adapt_p48-18968510422141_a348-74999999999994_411_map.h5,7.8393,10,265,736,41.810314:348.750000,1517,True,19,5,1465,0.965622,7.34275,0,0.0125074,1464 1465 1466 1517 -1
GCP,adapt_p23-556464309101234_a112-5_125_map.h5,6.72282,10,151,1096,66.443535:112.500000,1697,False,37,4,1663,0.476777,4.77528,0,0.0130022,1662 1663 1698 -1
GCP,adapt_p48-18968510422141_a123-74999999999999_5_map.h5,1.66715,10,16,332,41.810314:123.750000,1484,False,1800,2,1238,0,0.317368,0,0.317368,1751 -1
GCP,adapt_p48-18968510422141_a213-75_70_map.h5,6.78607,10,350,1152,41.810314:213.750000,1497,False,26,4,1499,0.607846,4.8458,0,0.0127475,1447 1446 1499 -1
GCP,adapt_p80-40593177313954_a0-0_532_map.h5,6.05614,10,170,1045,9.594069:0.000000,1034,False,139,3,1101,0.264675,4.46626,0,0.0146188,1172 1101 -1
GCP,adapt_p48-18968510422141_a213-75_544_map.h5,6.75781,10,274,1110,41.810314:213.750000,1497,True,30,4,1497,0.654196,5.34143,0,0.013005,1593 1498 1497 -1
GCP,adapt_p80-40593177313954_a135-0_509_map.h5,7.70248,10,222,749,9.594069:135.000000,1059,False,40,5,1126,0.73239,7.25652,0,0.0133429,993 1060 1126 1127 -1
GCP,adapt_p70-52877936550931_a191-25_558_map.h5,7.8304,10,253,713,19.471220:191.250000,1201,True,22,5,1202,0.940844,7.2317,0,0.0124063,1265 1202 1201 1136 -1
GCP,adapt_p23-556464309101234_a67-5_469_map.h5,6.88378,10,678,1131,66.443535:67.500000,1693,True,10,5,1693,0.987281,5.84473,0,0.0130276,1657 1657 1658 1693 -1
GCP,adapt_p80-40593177313954_a180-0_471_map.h5,7.88444,10,624,674,9.594069:180.000000,1067,True,10,5,1068,0.816553,5.8081,0,0.0123657,1134 1134 1068 1067 -1
GCP,adapt_p80-40593177313954_a247-49999999999997_422_map.h5,7.84026,10,420,740,9.594069:247.500000,1080,False,15,4,1081,0.912288,4.91069,0,0.0125371,1014 1082 1081 -1
GCP,adapt_p48-18968510422141_a348-74999999999994_405_map.h5,8.8993,10,648,396,41.810314:348.750000,1517,True,7,6,1465,0.999999,8.39269,0,0.0124869,1517 1517 1466 1465 1516 -1
GCP,adapt_p70-52877936550931_a146-25_459_map.h5,7.87334,10,601,715,19.471220:146.250000,1193,True,11,5,1127,0.979051,7.38012,0,0.0124581,1192 1193 1127 1192 -1
GCP,adapt_p48-18968510422141_a303-75_582_map.h5,6.87817,10,561,1077,41.810314:303.750000,1510,True,9,5,1510,0.878455,5.79367,0,0.0126242,1559 1559 1510 1511 -1
GCP,adapt_p48-18968510422141_a56-24999999999999_169_map.h5,8.8812,10,396,376,41.810314:56.250000,1475,True,13,6,1422,0.999731,8.21815,0,0.012588,1475 1475 1476 1422 1421 -1
GCP,adapt_p35-659087696138755_a75-0_427_map.h5,6.8822,10,631,1093,54.340912:75.000000,1576,True,10,5,1619,0.999509,5.82653,0,0.0126096,1576 1576 1620 1619 -1
GCP,adapt_p11-715852394892384_a45-0_117_map.h5,8.87859,10,336,381,78.284149:45.000000,1766,True,12,6,1747,0.998624,8.08293,0,0.0131944,1766 1766 1746 1747 1767 -1
GCP,adapt_p70-52877936550931_a258-75_60_map.h5,8.8919,10,500,352,19.471220:258.750000,1213,True,13,6,1213,0.997339,8.26443,0,0.0129157,1148 1148 1147 1212 1213 -1
GCP,adapt_p11-715852394892384_a135-0_174_map.h5,6.80493,10,276,1140,78.284149:135.000000,1770,True,27,4,1770,0.738643,4.72659,0,0.0128604,1753 1771 1770 -1
GCP,adapt_p48-18968510422141_a33-75_380_map.h5,5.86937,10,565,1456,41.810314:33.750000,1471,True,14,4,1417,0.674406,4.81,0,0.0124342,1471 1417 1418 -1
GCP,adapt_p48-18968510422141_a78-75_37_map.h5,7.8923,10,574,782,41.810314:78.750000,1478,True,9,5,1478,0.996279,5.79416,0,0.0124959,1424 1424 1478 1477 -1
GCP,adapt_p80-40593177313954_a22-5_78_map.h5,7.7634,10,293,737,9.594069:22.500000,1038,True,25,5,1105,0.877015,7.39417,0,0.0123814,1171 1104 1038 1105 -1
GCP,adapt_p70-52877936550931_a33-75_286_map.h5,7.85328,10,311,794,19.471220:33.750000,1173,True,14,5,1174,0.947319,7.30101,0,0.0125258,1108 1107 1173 1174 -1
GCP,adapt_p35-659087696138755_a195-0_551_map.h5,8.86992,10,543,358,54.340912:195.000000,1590,True,14,6,1590,0.997737,8.22796,0,0.0128589,1632 1632 1633 1591 1590 -1
GCP,adapt_p35-659087696138755_a344-99999999999994_247_map.h5,8.88071,10,457,362,54.340912:345.000000,1609,True,10,6,1649,0.999717,8.22683,0,0.013077,1609 1609 1608 1649 1650 -1
GCP,adapt_p11-715852394892384_a315-0_390_map.h5,7.8424,10,309,705,78.284149:315.000000,1778,True,21,5,1778,0.922813,7.03635,0,0.0124109,1791 1779 1778 1762 -1
GCP,adapt_p70-52877936550931_a303-75_456_map.h5,7.89285,10,727,734,19.471220:303.750000,1221,True,9,5,1221,0.998008,5.85864,0,0.0129593,1283 1283 1220 1221 -1
GCP,adapt_p80-40593177313954_a0-0_130_map.h5,6.37654,10,146,1102,9.594069:0.000000,1034,False,88,4,1166,0.542296,5.89925,0,0.0132616,1227 1165 1166 -1
GCP,adapt_p35-659087696138755_a224-99999999999997_267_map.h5,7.17373,10,149,699,54.340912:225.000000,1594,False,125,4,1706,0.445518,5.99268,0,0.0140903,1773 1706 1707 -1
GCP,adapt_p70-52877936550931_a78-75_66_map.h5,8.89862,10,707,352,19.471220:78.750000,1181,True,8,6,1181,0.998885,8.62628,0,0.0131896,1115 1115 1180 1181 1182 -1
GCP,adapt_p80-40593177313954_a90-0_520_map.h5,5.77628,10,398,1501,9.594069:90.000000,1051,True,23,4,1051,0.816353,4.91093,0,0.0125311,984 1051 1050 -1
GCP,adapt_p35-659087696138755_a75-0_371_map.h5,8.87211,10,333,378,54.340912:75.000000,1576,True,14,6,1576,0.999716,8.22593,0,0.0126867,1620 1620 1619 1575 1576 -1
GCP,adapt_p60-00000000000001_a45-0_163_map.h5,6.83614,10,290,1082,30.000000:45.000000,1301,False,18,4,1360,0.856354,4.79925,0,0.0136454,1419 1361 1360 -1
GCP,adapt_p70-52877936550931_a146-25_338_map.h5,8.87465,10,596,379,19.471220:146.250000,1193,True,12,6,1193,0.998293,8.29967,0,0.0131563,1192 1192 1193 1127 1128 -1
GCP,adapt_p48-18968510422141_a11-25_222_map.h5,6.85697,10,529,1121,41.810314:11.250000,1468,True,14,4,1468,0.856244,4.90342,0,0.012838,1467 1413 1468 -1
GCP,adapt_p23-556464309101234_a157-5_559_map.h5,7.81701,10,269,746,66.443535:157.500000,1701,True,21,5,1729,0.921319,7.21294,0,0.0127774,1753 1728 1729 1701 -1
GCP,adapt_p35-659087696138755_a14-999999999999998_39_map.h5,5.82366,10,305,1470,54.340912:15.000000,1568,False,17,4,1614,0.653756,4.90788,0,0.0131653,1653 1614 1569 -1
GCP,adapt_p60-00000000000001_a247-49999999999997_314_map.h5,7.85346,10,383,774,30.000000:247.500000,1335,True,14,5,1336,0.870951,7.36043,0,0.0123249,1337 1275 1336 1335 -1
GCP,adapt_p48-18968510422141_a146-25_478_map.h5,5.73514,10,286,1484,41.810314:146.250000,1488,True,30,4,1538,0.631619,4.97835,0,0.0126837,1435 1488 1538 -1
GCP,adapt_p70-52877936550931_a258-75_295_map.h5,8.89697,10,608,351,19.471220:258.750000,1213,True,9,6,1213,0.999896,8.2739,0,0.0128455,1212 1212 1213 1276 1275 -1
GCP,adapt_p48-18968510422141_a348-74999999999994_372_map.h5,8.86593,10,446,348,41.810314:348.750000,1517,True,13,6,1517,0.983123,8.23301,0,0.0128738,1465 1465 1517 1516 1565 -1
GCP,adapt_p70-52877936550931_a281-24999999999994_22_map.h5,8.78829,10,152,384,19.471220:281.250000,1217,False,24,5,1218,0.86633,7.3024,0,0.0125034,1220 1219 1218 1281 -1
GCP,adapt_p60-00000000000001_a67-5_35_map.h5,6.85514,10,504,1122,30.000000:67.500000,1305,True,11,4,1364,0.948736,4.79904,0,0.0126502,1365 1364 1305 -1
GCP,adapt_p48-18968510422141_a303-75_178_map.h5,7.73171,10,239,732,41.810314:303.750000,1510,True,34,5,1458,0.712708,7.43814,0,0.0131156,1509 1458 1510 1511 -1
GCP,adapt_p48-18968510422141_a303-75_379_map.h5,5.58695,10,239,1484,41.810314:303.750000,1510,False,53,3,1461,0.341022,4.57174,0,0.0128706,1508 1461 -1
GCP,adapt_p80-40593177313954_a90-0_197_map.h5,7.86542,10,321,743,9.594069:90.000000,1051,True,14,5,1052,0.990282,7.27977,0,0.0123784,1117 1118 1052 1051 -1
GCP,adapt_p80-40593177313954_a67-5_15_map.h5,6.83427,10,492,1099,9.594069:67.500000,1047,True,18,4,1048,0.959686,4.91069,0,0.0125339,980 1048 1047 -1
GCP,adapt_p60-00000000000001_a224-99999999999997_522_map.h5,5.72195,10,349,1484,30.000000:225.000000,1331,False,34,4,1271,0.649508,5.00718,0,0.0128707,1392 1333 1271 -1
GCP,adapt_p48-18968510422141_a101-24999999999999_419_map.h5,5.63848,10,86,750,41.810314:101.250000,1481,False,367,2,1504,0,0.0262016,0,0.0262016,904 -1
GCP,adapt_p70-52877936550931_a348-74999999999994_56_map.h5,5.86929,10,491,1527,19.471220:348.750000,1229,True,12,4,1229,0.929273,4.89667,0,0.0125205,1291 1228 1229 -1
GCP,adapt_p80-40593177313954_a292-5_431_map.h5,5.79856,10,430,1454,9.594069:292.500000,1088,True,16,4,1088,0.854018,4.9179,0,0.0132573,1089 1088 1087 -1
GCP,adapt_p60-00000000000001_a224-99999999999997_401_map.h5,8.8693,10,425,366,30.000000:225.000000,1331,True,14,6,1269,0.998736,8.29403,0,0.0125103,1332 1332 1331 1269 1270 -1
GCP,adapt_p70-52877936550931_a303-75_130_map.h5,6.86633,10,557,1115,19.471220:303.750000,1221,True,13,4,1221,0.92109,4.8571,0,0.0124577,1283 1220 1221 -1
GCP,adapt_p60-00000000000001_a337-49999999999994_105_map.h5,8.39373,10,123,379,30.000000:337.500000,1350,False,79,5,1097,0.747308,7.86482,0,0.0140827,1160 1096 1097 1098 -1
GCP,adapt_p70-52877936550931_a56-24999999999999_80_map.h5,7.66126,10,306,735,19.471220:56.250000,1177,True,43,5,1177,0.721914,7.67206,0,0.0125637,1112 1177 1176 1175 -1
GCP,adapt_p35-659087696138755_a135-0_367_map.h5,7.85636,10,437,792,54.340912:135.000000,1583,True,15,5,1626,0.964571,7.19235,0,0.0124525,1584 1583 1626 1627 -1
GCP,adapt_p70-52877936550931_a101-24999999999999_388_map.h5,7.86006,10,443,695,19.471220:101.250000,1185,True,12,5,1185,0.957314,5.82896,0,0.0127446,1248 1248 1185 1184 -1
GCP,adapt_p35-659087696138755_a255-00000000000003_344_map.h5,8.89429,10,708,382,54.340912:255.000000,1598,True,7,6,1598,0.999998,8.2497,0,0.0125181,1639 1639 1640 1598 1597 -1
GCP,adapt_p60-00000000000001_a135-0_502_map.h5,6.86683,10,531,1063,30.000000:135.000000,1316,True,12,4,1316,0.898617,4.86862,0,0.0129837,1317 1316 1254 -1
GCP,adapt_p60-00000000000001_a0-0_503_map.h5,5.87135,10,563,1417,30.000000:0.000000,1294,True,15,4,1411,0.932133,4.89104,0,0.0124805,1353 1411 1294 -1
GCP,adapt_p70-52877936550931_a123-74999999999999_158_map.h5,7.88138,10,486,768,19.471220:123.750000,1189,True,11,5,1189,0.953338,7.54866,0,0.0124217,1190 1189 1252 1190 -1
GCP,adapt_p48-18968510422141_a213-75_595_map.h5,7.87939,10,330,731,41.810314:213.750000,1497,False,11,5,1498,0.965128,7.32912,0,0.0124049,1446 1445 1498 1446 -1
GCP,adapt_p48-18968510422141_a326-24999999999994_278_map.h5,7.82838,10,358,742,41.810314:326.250000,1514,True,20,5,1562,0.774937,7.12928,0,0.0124446,1606 1562 1513 1514 -1
GCP,adapt_p60-00000000000001_a202-49999999999997_351_map.h5,7.85583,10,446,732,30.000000:202.500000,1328,True,16,5,1328,0.963189,7.29643,0,0.0129874,1387 1386 1328 1327 -1
GCP,adapt_p48-18968510422141_a146-25_327_map.h5,6.85091,10,361,1051,41.810314:146.250000,1488,False,17,4,1435,0.814706,4.8813,0,0.0129127,1436 1435 1434 -1
GCP,adapt_p48-18968510422141_a101-24999999999999_334_map.h5,8.8958,10,573,388,41.810314:101.250000,1481,True,9,6,1481,0.999904,8.2797,0,0.0129839,1427 1427 1428 1482 1481 -1
GCP,adapt_p48-18968510422141_a78-75_397_map.h5,5.8545,10,487,1491,41.810314:78.750000,1478,True,14,4,1478,0.713949,4.79256,0,0.0123189,1479 1478 1424 -1
GCP,adapt_p48-18968510422141_a236-25_91_map.h5,5.87725,10,539,1460,41.810314:236.250000,1501,True,12,4,1449,0.873477,4.88121,0,0.0125394,1501 1449 1448 -1
GCP,adapt_p60-00000000000001_a135-0_16_map.h5,8.89303,10,518,425,30.000000:135.000000,1316,True,9,6,1317,0.99842,8.29658,0,0.0128061,1254 1254 1255 1317 1316 -1
GCP,adapt_p70-52877936550931_a146-25_211_map.h5,8.57399,10,154,391,19.471220:146.250000,1193,False,59,5,1255,0.577737,7.85167,0,0.0128012,1257 1255 1192 1191 -1
GCP,adapt_p23-556464309101234_a292-5_553_map.h5,7.85519,10,279,752,66.443535:292.500000,1712,True,13,5,1712,0.953089,7.2031,0,0.0125947,1739 1713 1712 1680 -1
GCP,adapt_p80-40593177313954_a292-5_113_map.h5,8.89329,10,564,382,9.594069:292.500000,1088,True,11,6,1089,0.999273,8.30143,0,0.0125203,1155 1155 1154 1088 1089 -1
GCP,adapt_p23-556464309101234_a292-5_275_map.h5,7.87624,10,345,774,66.443535:292.500000,1712,True,11,5,1712,0.983543,5.85432,0,0.0125557,1713 1713 1739 1712 -1
GCP,adapt_p23-556464309101234_a112-5_314_map.h5,7.74395,10,138,796,66.443535:112.500000,1697,False,37,5,1725,0.726495,7.07566,0,0.0128605,1770 1751 1750 1725 -1
GCP,adapt_p23-556464309101234_a112-5_545_map.h5,7.87397,10,372,732,66.443535:112.500000,1697,True,14,5,1662,0.993391,7.15021,0,0.0128422,1698 1697 1662 1663 -1
GCP,adapt_p48-18968510422141_a123-74999999999999_129_map.h5,7.74624,10,187,738,41.810314:123.750000,1484,False,32,4,1430,0.64776,4.89127,0,0.0125736,1373 1430 1429 -1
GCP,adapt_p35-659087696138755_a224-99999999999997_6_map.h5,6.86992,10,558,1129,54.340912:225.000000,1594,True,12,5,1595,0.98694,5.77984,0,0.012891,1636 1636 1594 1595 -1
GCP,adapt_p70-52877936550931_a146-25_397_map.h5,7.82518,10,367,706,19.471220:146.250000,1193,True,20,5,1194,0.927513,7.43529,0,0.0126094,1193 1257 1194 1195 -1
GCP,adapt_p80-40593177313954_a180-0_336_map.h5,5.64564,10,138,1150,9.594069:180.000000,1067,False,191,2,1010,0,0.0159871,0,0.0159871,1198 -1
GCP,adapt_p60-00000000000001_a180-0_543_map.h5,7.665,10,170,711,30.000000:180.000000,1324,False,45,5,1383,0.687732,7.21196,0,0.0128143,1326 1384 1383 1440 -1
GCP,adapt_p48-18968510422141_a191-25_359_map.h5,8.87829,10,539,394,41.810314:191.250000,1494,True,10,6,1494,0.99505,8.22091,0,0.0125155,1442 1442 1441 1494 1495 -1
GCP,adapt_p80-40593177313954_a157-5_524_map.h5,6.42569,10,154,1157,9.594069:157.500000,1063,False,77,4,1326,0.501507,5.56545,0,0.0131014,1386 1326 1265 -1
GCP,adapt_p23-556464309101234_a67-5_357_map.h5,7.75924,10,227,764,66.443535:67.500000,1693,False,33,5,1692,0.610159,7.17491,0,0.0125704,1655 1656 1692 1691 -1
GCP,adapt_p60-00000000000001_a90-0_378_map.h5,7.71795,10,196,784,30.000000:90.000000,1309,True,35,5,1368,0.883747,7.15115,0,0.0128365,1425 1367 1368 1309 -1
GCP,adapt_p60-00000000000001_a45-0_410_map.h5,8.89318,10,510,376,30.000000:45.000000,1301,True,11,6,1301,0.999093,8.27161,0,0.01262,1361 1361 1360 1301 1302 -1
GCP,adapt_p70-52877936550931_a281-24999999999994_390_map.h5,6.59311,10,140,1119,19.471220:281.250000,1217,False,43,4,1082,0.665257,5.36471,0,0.0127019,1212 1081 1082 -1
GCP,adapt_p48-18968510422141_a326-24999999999994_135_map.h5,5.86894,10,529,1483,41.810314:326.250000,1514,True,11,4,1462,0.978351,4.80592,0,0.0128612,1513 1514 1462 -1
GCP,adapt_p35-659087696138755_a105-0_99_map.h5,5.6045,10,204,1423,54.340912:105.000000,1579,False,55,3,1581,0.28775,3.89427,0,0.0133023,1695 1581 -1
GCP,adapt_p35-659087696138755_a14-999999999999998_238_map.h5,5.86407,10,524,1449,54.340912:15.000000,1568,True,12,5,1569,0.997948,5.81302,0,0.0127278,1613 1613 1569 1568 -1
GCP,adapt_p80-40593177313954_a247-49999999999997_579_map.h5,8.49149,10,122,380,9.594069:247.500000,1080,False,73,5,1081,0.450921,8.08884,0,0.0133295,1150 1082 1081 1147 -1
GCP,adapt_p80-40593177313954_a202-49999999999997_264_map.h5,6.8233,10,506,1072,9.594069:202.500000,1072,False,21,4,1071,0.604906,4.91717,0,0.0125224,1069 1070 1071 -1
GCP,adapt_p48-18968510422141_a236-25_62_map.h5,6.78723,10,259,1140,41.810314:236.250000,1501,False,29,4,1500,0.71006,5.06315,0,0.0125802,1549 1500 1447 -1
GCP,adapt_p60-00000000000001_a67-5_301_map.h5,7.79728,10,358,760,30.000000:67.500000,1305,True,22,5,1305,0.867796,7.40669,0,0.0125425,1365 1305 1364 1363 -1
GCP,adapt_p80-40593177313954_a247-49999999999997_48_map.h5,7.87237,10,368,747,9.594069:247.500000,1080,True,14,5,1147,0.857457,7.2761,0,0.0124329,1080 1081 1147 1146 -1
GCP,adapt_p48-18968510422141_a326-24999999999994_367_map.h5,6.87608,10,597,1152,41.810314:326.250000,1514,True,10,5,1513,0.999308,5.78385,0,0.0127166,1562 1562 1513 1514 -1
GCP,adapt_p70-52877936550931_a236-25_289_map.h5,7.87932,10,710,775,19.471220:236.250000,1209,True,11,5,1209,0.953264,5.94599,0,0.0124809,1208 1208 1143 1209 -1
GCP,adapt_p70-52877936550931_a213-75_66_map.h5,7.85103,10,467,746,19.471220:213.750000,1205,True,15,5,1269,0.864748,7.2558,0,0.0127757,1205 1206 1269 1268 -1
GCP,adapt_p60-00000000000001_a0-0_140_map.h5,5.86125,10,519,1342,30.000000:0.000000,1294,True,13,4,1295,0.966392,4.89101,0,0.012574,1354 1295 1294 -1
GCP,adapt_p11-715852394892384_a225-0_200_map.h5,6.87633,10,536,1116,78.284149:225.000000,1774,True,11,5,1774,0.970599,5.74081,0,0.0124942,1775 1775 1774 1757 -1
GCP,adapt_p48-18968510422141_a213-75_246_map.h5,5.81215,10,488,1442,41.810314:213.750000,1497,False,18,4,1498,0.738263,4.82265,0,0.0126658,1499 1498 1445 -1
GCP,adapt_p70-52877936550931_a101-24999999999999_389_map.h5,8.89109,10,471,378,19.471220:101.250000,1185,True,11,6,1185,0.999407,8.26039,0,0.012703,1119 1119 1118 1184 1185 -1
GCP,adapt_p23-556464309101234_a112-5_467_map.h5,8.88151,10,463,339,66.443535:112.500000,1697,True,12,6,1697,0.989766,8.17105,0,0.0132945,1662 1662 1663 1698 1697 -1
GCP,adapt_p48-18968510422141_a191-25_580_map.h5,7.85272,10,331,765,41.810314:191.250000,1494,True,17,5,1494,0.984266,7.27574,0,0.0130782,1495 1494 1544 1545 -1
GCP,adapt_p80-40593177313954_a337-49999999999994_560_map.h5,8.87473,10,680,354,9.594069:337.500000,1097,True,13,6,1096,0.999408,8.36138,0,0.0130538,1098 1098 1097 1029 1096 -1
GCP,adapt_p48-18968510422141_a191-25_25_map.h5,5.74892,10,122,1584,41.810314:191.250000,1494,False,32,4,1385,0.721527,4.88709,0,0.0128843,1383 1384 1385 -1
GCP,adapt_p60-00000000000001_a180-0_223_map.h5,7.86931,10,483,793,30.000000:180.000000,1324,True,11,5,1324,0.990508,5.89882,0,0.0124775,1382 1382 1383 1324 -1
GCP,adapt_p48-18968510422141_a258-75_30_map.h5,8.74184,10,322,390,41.810314:258.750000,1504,False,32,5,1449,0.833636,7.90673,0,0.0129575,1550 1502 1450 1449 -1
GCP,adapt_p70-52877936550931_a191-25_455_map.h5,7.8724,10,485,738,19.471220:191.250000,1201,True,12,5,1201,0.966928,7.34737,0,0.0123954,1135 1136 1201 1135 -1
GCP,adapt_p35-659087696138755_a344-99999999999994_71_map.h5,5.83631,10,342,1534,54.340912:345.000000,1609,False,17,4,1650,0.652676,4.84077,0,0.012493,1649 1650 1611 -1
GCP,adapt_p23-556464309101234_a202-5_185_map.h5,6.86489,10,490,1116,66.443535:202.500000,1704,True,15,4,1732,0.924469,4.76573,0,0.0129043,1733 1732 1704 -1
GCP,adapt_p48-18968510422141_a101-24999999999999_145_map.h5,7.84932,10,425,806,41.810314:101.250000,1481,True,15,5,1428,0.889601,7.32653,0,0.0124775,1427 1481 1428 1429 -1
GCP,adapt_p60-00000000000001_a22-5_424_map.h5,8.87889,10,343,394,30.000000:22.500000,1298,True,12,6,1297,0.988735,8.38263,0,0.012912,1234 1234 1298 1297 1356 -1
GCP,adapt_p70-52877936550931_a258-75_502_map.h5,5.76721,10,211,1494,19.471220:258.750000,1213,True,28,4,1213,0.54617,4.91642,0,0.0125838,1148 1213 1275 -1
GCP,adapt_p70-52877936550931_a78-75_356_map.h5,8.83306,10,449,424,19.471220:78.750000,1181,True,10,6,1114,0.99996,8.26367,0,0.0127466,1181 1181 1180 1114 1115 -1
GCP,adapt_p70-52877936550931_a11-25_10_map.h5,5.74931,10,91,1549,19.471220:11.250000,1169,False,31,4,1300,0.599856,5.40243,0,0.0135565,1361 1300 1359 -1
GCP,adapt_p35-659087696138755_a224-99999999999997_312_map.h5,8.88919,10,688,415,54.340912:225.000000,1594,True,9,6,1637,0.98888,8.19464,0,0.0125964,1595 1595 1594 1636 1637 -1
GCP,adapt_p11-715852394892384_a225-0_326_map.h5,7.85924,10,432,774,78.284149:225.000000,1774,True,14,5,1775,0.896221,7.09346,0,0.0125675,1758 1775 1774 1757 -1
GCP,adapt_p48-18968510422141_a281-24999999999994_246_map.h5,5.84071,10,330,1462,41.810314:281.250000,1507,True,18,4,1507,0.806231,4.92712,0,0.0130934,1557 1507 1506 -1
GCP,adapt_p80-40593177313954_a157-5_550_map.h5,8.85229,10,365,374,9.594069:157.500000,1063,True,16,6,1062,0.979262,8.26145,0,0.0125289,1129 1129 1128 1062 1063 -1
GCP,adapt_p80-40593177313954_a270-0_315_map.h5,5.802,10,355,1488,9.594069:270.000000,1084,False,24,4,1149,0.690793,4.80856,0,0.012794,1215 1214 1149 -1
GCP,adapt_p80-40593177313954_a247-49999999999997_381_map.h5,8.89483,10,533,375,9.594069:247.500000,1080,True,10,6,1080,0.999656,8.27581,0,0.0129619,1145 1145 1146 1080 1079 -1
GCP,adapt_p23-556464309101234_a247-49999999999997_590_map.h5,7.89637,10,720,762,66.443535:247.500000,1708,True,8,5,1708,0.999488,7.36597,0,0.0124271,1709 1708 1675 1709 -1
GCP,adapt_p48-18968510422141_a326-24999999999994_11_map.h5,6.89241,10,669,1067,41.810314:326.250000,1514,False,10,4,1513,0.955525,4.80338,0,0.0123886,1462 1461 1513 -1
GCP,adapt_p23-556464309101234_a112-5_527_map.h5,7.68603,10,115,817,66.443535:112.500000,1697,True,43,5,1662,0.781803,7.52787,0,0.0127826,1699 1663 1662 1697 -1
GCP,adapt_p60-00000000000001_a337-49999999999994_52_map.h5,7.74824,10,250,761,30.000000:337.500000,1350,True,32,5,1349,0.757346,7.29894,0,0.0125777,1226 1288 1349 1350 -1
GCP,adapt_p70-52877936550931_a191-25_466_map.h5,6.87322,10,527,1145,19.471220:191.250000,1201,False,13,4,1136,0.994677,4.874,0,0.0125812,1202 1137 1136 -1
GCP,adapt_p60-00000000000001_a112-49999999999999_372_map.h5,8.87123,10,400,362,30.000000:112.500000,1313,False,12,6,1312,0.965866,8.30618,0,0.0125609,1250 1250 1249 1312 1311 -1
GCP,adapt_p80-40593177313954_a247-49999999999997_235_map.h5,7.82623,10,424,688,9.594069:247.500000,1080,False,17,4,1081,0.872544,4.91073,0,0.0125709,1014 1082 1081 -1
GCP,adapt_p11-715852394892384_a225-0_557_map.h5,7.87542,10,611,750,78.284149:225.000000,1774,True,13,5,1774,0.940913,7.14263,0,0.0123687,1787 1774 1775 1788 -1
GCP,adapt_p70-52877936550931_a146-25_107_map.h5,6.72781,10,231,1085,19.471220:146.250000,1193,False,32,4,1126,0.714896,5.28197,0,0.0130126,1194 1127 1126 -1
GCP,adapt_p35-659087696138755_a285-0_345_map.h5,6.55069,10,104,759,54.340912:285.000000,1601,False,210,4,1557,0.333851,5.91312,0,0.016608,1453 1508 1557 -1
GCP,adapt_p48-18968510422141_a78-75_520_map.h5,7.90432,10,677,731,41.810314:78.750000,1478,True,6,5,1425,0.987102,5.93036,0,0.0124709,1424 1424 1478 1425 -1
GCP,adapt_p60-00000000000001_a0-0_91_map.h5,5.82233,10,498,1431,30.000000:0.000000,1294,False,14,4,1410,0.922442,4.87347,0,0.0124792,1352 1410 1411 -1
GCP,adapt_p80-40593177313954_a22-5_294_map.h5,8.78395,10,212,359,9.594069:22.500000,1038,True,28,5,1037,0.798119,7.38891,0,0.0128568,1105 1038 1037 1036 -1
GCP,adapt_p60-00000000000001_a0-0_64_map.h5,7.89729,10,678,708,30.000000:0.000000,1294,True,7,5,1293,0.998386,5.909,0,0.012506,1294 1294 1293 1353 -1
GCP,adapt_p35-659087696138755_a255-00000000000003_560_map.h5,7.84665,10,308,776,54.340912:255.000000,1598,True,18,5,1598,0.97472,7.24934,0,0.013182,1641 1640 1598 1599 -1
GCP,adapt_p70-52877936550931_a213-75_431_map.h5,7.82519,10,284,756,19.471220:213.750000,1205,True,21,5,1140,0.874252,7.30073,0,0.0126094,1204 1205 1140 1139 -1
GCP,adapt_p80-40593177313954_a270-0_359_map.h5,5.82825,10,290,1489,9.594069:270.000000,1084,True,20,4,1083,0.886569,4.83233,0,0.0125694,1149 1083 1084 -1
GCP,adapt_p70-52877936550931_a33-75_168_map.h5,6.86444,10,484,1101,19.471220:33.750000,1173,True,13,5,1173,0.847578,5.90309,0,0.0123732,1174 1174 1237 1173 -1
GCP,adapt_p35-659087696138755_a135-0_101_map.h5,7.86094,10,402,758,54.340912:135.000000,1583,True,15,5,1583,0.976709,7.48069,0,0.0128628,1584 1583 1582 1626 -1
GCP,adapt_p35-659087696138755_a344-99999999999994_491_map.h5,8.89846,10,737,356,54.340912:345.000000,1609,True,6,6,1609,0.999999,8.2495,0,0.0123206,1649 1649 1650 1609 1608 -1
GCP,adapt_p11-715852394892384_a135-0_91_map.h5,6.28138,10,126,1152,78.284149:135.000000,1770,False,113,2,1111,0,0.014159,0,0.014159,1729 -1
GCP,adapt_p48-18968510422141_a101-24999999999999_77_map.h5,6.83828,10,468,1209,41.810314:101.250000,1481,True,16,5,1428,0.864559,5.89338,0,0.0125065,1427 1427 1481 1428 -1
GCP,adapt_p70-52877936550931_a11-25_83_map.h5,8.85211,10,419,379,19.471220:11.250000,1169,True,15,6,1169,0.976237,8.3394,0,0.0126638,1233 1233 1232 1169 1168 -1
GCP,adapt_p70-52877936550931_a348-74999999999994_5_map.h5,8.69162,10,207,343,19.471220:348.750000,1229,False,38,5,1096,0.48847,7.29452,0,0.0131776,1228 1163 1162 1096 -1
GCP,adapt_p80-40593177313954_a67-5_184_map.h5,5.82681,10,369,1415,9.594069:67.500000,1047,True,18,4,1047,0.786821,4.91767,0,0.0130253,1046 1047 1048 -1
GCP,adapt_p48-18968510422141_a11-25_156_map.h5,8.88542,10,710,376,41.810314:11.250000,1468,True,9,6,1413,0.999991,8.40916,0,0.0123616,1468 1468 1413 1414 1469 -1
GCP,adapt_p80-40593177313954_a247-49999999999997_47_map.h5,6.81032,10,129,743,9.594069:247.500000,1080,False,174,4,1082,0.152484,5.36932,0,0.0153768,1213 1082 1083 -1
GCP,adapt_p23-556464309101234_a247-49999999999997_492_map.h5,6.69811,10,213,1167,66.443535:247.500000,1708,False,37,4,1676,0.518407,5.38411,0,0.0127016,1674 1676 1677 -1
GCP,adapt_p48-18968510422141_a191-25_105_map.h5,5.85121,10,505,1479,41.810314:191.250000,1494,True,13,4,1494,0.926411,4.79244,0,0.012599,1442 1441 1494 -1
GCP,adapt_p23-556464309101234_a337-5_65_map.h5,8.89926,10,733,375,66.443535:337.500000,1716,True,8,6,1716,0.999717,8.45325,0,0.0125321,1717 1717 1684 1716 1742 -1
GCP,adapt_p80-40593177313954_a292-5_383_map.h5,8.87232,10,483,363,9.594069:292.500000,1088,True,12,6,1088,0.998748,8.30658,0,0.0124891,1154 1154 1155 1089 1088 -1
GCP,adapt_p60-00000000000001_a337-49999999999994_48_map.h5,1.4432,10,17,343,30.000000:337.500000,1350,False,1800,2,1408,0,0.314429,0,0.314429,1271 -1
GCP,adapt_p60-00000000000001_a135-0_329_map.h5,5.8618,10,426,1590,30.000000:135.000000,1316,True,12,4,1316,0.955707,4.8282,0,0.0129966,1317 1316 1375 -1
GCP,adapt_p60-00000000000001_a337-49999999999994_361_map.h5,7.87891,10,384,772,30.000000:337.500000,1350,True,12,5,1351,0.959305,5.89878,0,0.0128945,1350 1350 1408 1351 -1
GCP,adapt_p23-556464309101234_a292-5_344_map.h5,8.75821,10,147,362,66.443535:292.500000,1712,False,33,5,1643,0.851951,7.23612,0,0.0125953,1600 1601 1602 1643 -1
GCP,adapt_p70-52877936550931_a326-24999999999994_14_map.h5,6.87208,10,445,1137,19.471220:326.250000,1225,True,13,4,1225,0.885417,4.8809,0,0.0127117,1224 1225 1288 -1
GCP,adapt_p35-659087696138755_a135-0_514_map.h5,8.88103,10,372,402,54.340912:135.000000,1583,True,11,6,1538,0.999848,8.2113,0,0.0127763,1583 1583 1584 1538 1537 -1
GCP,adapt_p70-52877936550931_a213-75_418_map.h5,6.62778,10,158,1093,19.471220:213.750000,1205,False,50,4,1328,0.507727,5.27509,0,0.0130485,1203 1267 1328 -1
GCP,adapt_p80-40593177313954_a180-0_222_map.h5,8.74323,10,168,390,9.594069:180.000000,1067,True,31,5,1065,0.741198,7.35724,0,0.012569,1067 1066 998 1065 -1
GCP,adapt_p11-715852394892384_a45-0_289_map.h5,5.82826,10,230,1487,78.284149:45.000000,1766,True,20,4,1746,0.80226,4.67589,0,0.0125322,1765 1766 1746 -1
GCP,adapt_p35-659087696138755_a315-0_107_map.h5,6.83536,10,486,1100,54.340912:315.000000,1605,True,15,4,1605,0.844595,4.76849,0,0.0124541,1645 1646 1605 -1
GCP,adapt_p23-556464309101234_a337-5_30_map.h5,6.86841,10,499,1099,66.443535:337.500000,1716,False,12,5,1742,0.990598,5.75771,0,0.012405,1764 1764 1742 1743 -1
GCP,adapt_p23-556464309101234_a202-5_291_map.h5,5.87443,10,505,1532,66.443535:202.500000,1704,True,12,5,1704,0.991865,5.77644,0,0.0123595,1732 1732 1704 1705 -1
GCP,adapt_p23-556464309101234_a67-5_358_map.h5,8.81037,10,141,377,66.443535:67.500000,1693,True,25,5,1692,0.913465,7.19982,0,0.0134472,1657 1693 1692 1722 -1
GCP,adapt_p23-556464309101234_a67-5_248_map.h5,5.86509,10,330,1457,66.443535:67.500000,1693,True,14,4,1693,0.952763,4.8139,0,0.0127131,1657 1693 1692 -1
GCP,adapt_p60-00000000000001_a202-49999999999997_171_map.h5,6.06661,10,61,782,30.000000:202.500000,1328,False,297,2,1145,0,0.0211625,0,0.0211625,1133 -1
GCP,adapt_p48-18968510422141_a258-75_148_map.h5,5.82329,10,302,1499,41.810314:258.750000,1504,False,20,4,1452,0.675505,4.8809,0,0.0125194,1454 1453 1452 -1
GCP,adapt_p48-18968510422141_a123-74999999999999_492_map.h5,8.76526,10,183,404,41.810314:123.750000,1484,True,24,5,1484,0.907781,7.31317,0,0.0125729,1485 1484 1483 1430 -1
GCP,adapt_p70-52877936550931_a191-25_160_map.h5,7.81118,10,280,738,19.471220:191.250000,1201,True,25,5,1136,0.900392,7.37224,0,0.0126484,1203 1137 1136 1201 -1
GCP,adapt_p70-52877936550931_a258-75_436_map.h5,6.81526,10,333,1086,19.471220:258.750000,1213,False,21,4,1149,0.883344,4.91161,0,0.0125474,1148 1149 1150 -1
GCP,adapt_p60-00000000000001_a45-0_145_map.h5,3.51643,10,127,1076,30.000000:45.000000,1301,False,527,2,1753,0,0.0400966,0,0.0400966,1351 -1
GCP,adapt_p35-659087696138755_a315-0_82_map.h5,7.8714,10,411,787,54.340912:315.000000,1605,True,12,5,1605,0.994782,5.7786,0,0.0124128,1646 1646 1605 1604 -1
GCP,adapt_p48-18968510422141_a348-74999999999994_444_map.h5,5.09871,10,85,1080,41.810314:348.750000,1517,False,283,3,1477,0.206992,4.32677,0,0.0210169,1181 1477 -1
GCP,adapt_p70-52877936550931_a191-25_270_map.h5,8.90362,10,692,387,19.471220:191.250000,1201,True,8,6,1201,0.999997,8.34092,0,0.0131851,1202 1202 1201 1136 1137 -1
GCP,adapt_p60-00000000000001_a22-5_217_map.h5,6.67235,10,149,1138,30.000000:22.500000,1298,False,41,4,1356,0.670296,5.4691,0,0.0134669,1299 1297 1356 -1
GCP,adapt_p35-659087696138755_a165-0_307_map.h5,8.83149,10,338,409,54.340912:165.000000,1587,True,19,6,1629,0.96859,8.21007,0,0.012302,1667 1667 1629 1630 1587 -1
GCP,adapt_p80-40593177313954_a292-5_442_map.h5,5.45277,10,139,1562,9.594069:292.500000,1088,False,74,2,1078,0,0.0130267,0,0.0130267,1019 -1
GCP,adapt_p35-659087696138755_a75-0_67_map.h5,7.88715,10,566,734,54.340912:75.000000,1576,True,9,5,1576,0.999235,5.81138,0,0.0126396,1619 1619 1575 1576 -1
GCP,adapt_p35-659087696138755_a75-0_215_map.h5,6.88927,10,741,1038,54.340912:75.000000,1576,True,9,5,1576,0.999551,5.81127,0,0.0125304,1619 1619 1575 1576 -1
GCP,adapt_p48-18968510422141_a191-25_232_map.h5,5.74636,10,304,1514,41.810314:191.250000,1494,True,29,4,1494,0.605282,5.37414,0,0.0124472,1492 1494 1441 -1
GCP,adapt_p80-40593177313954_a180-0_431_map.h5,6.84386,10,543,1121,9.594069:180.000000,1067,True,15,4,1067,0.879445,4.91759,0,0.0129463,1066 1067 1068 -1
GCP,adapt_p80-40593177313954_a22-5_208_map.h5,6.57672,10,65,709,9.594069:22.500000,1038,False,210,3,1108,0.0921984,3.97931,0,0.0175911,1566 1352 -1
GCP,adapt_p60-00000000000001_a67-5_65_map.h5,8.87118,10,461,403,30.000000:67.500000,1305,True,12,6,1305,0.997623,8.24544,0,0.012605,1364 1364 1365 1306 1305 -1
GCP,adapt_p70-52877936550931_a78-75_86_map.h5,7.84929,10,269,807,19.471220:78.750000,1181,False,18,5,1244,0.977085,7.25199,0,0.0125057,1308 1307 1244 1245 -1
GCP,adapt_p48-18968510422141_a236-25_125_map.h5,8.9019,10,749,366,41.810314:236.250000,1501,True,7,6,1500,0.999991,8.41103,0,0.012914,1501 1501 1550 1500 1448 -1
GCP,adapt_p70-52877936550931_a348-74999999999994_355_map.h5,6.81735,10,335,1033,19.471220:348.750000,1229,True,21,4,1229,0.761567,4.89813,0,0.0124652,1164 1229 1165 -1
GCP,adapt_p48-18968510422141_a348-74999999999994_478_map.h5,7.45771,10,148,697,41.810314:348.750000,1517,False,79,4,1516,0.538817,6.40859,0,0.0131355,1405 1516 1565 -1
GCP,adapt_p60-00000000000001_a247-49999999999997_84_map.h5,7.80781,10,258,723,30.000000:247.500000,1335,True,21,5,1335,0.935311,7.23102,0,0.012982,1394 1336 1335 1274 -1
GCP,adapt_p60-00000000000001_a270-0_398_map.h5,7.48682,10,129,777,30.000000:270.000000,1339,False,72,5,1274,0.664797,7.2548,0,0.0129915,1334 1273 1274 1211 -1
GCP,adapt_p35-659087696138755_a165-0_29_map.h5,7.8874,10,530,726,54.340912:165.000000,1587,False,10,5,1629,0.99915,5.81136,0,0.0123871,1667 1667 1629 1630 -1
GCP,adapt_p70-52877936550931_a213-75_253_map.h5,8.48181,10,141,383,19.471220:213.750000,1205,True,67,4,1205,0.407161,7.3649,0,0.0130219,1200 1205 1269 -1
GCP,adapt_p70-52877936550931_a326-24999999999994_181_map.h5,7.62055,10,163,710,19.471220:326.250000,1225,False,49,4,1227,0.470399,6.00686,0,0.0132685,1288 1227 1229 -1
GCP,adapt_p60-00000000000001_a202-49999999999997_177_map.h5,7.87923,10,738,759,30.000000:202.500000,1328,True,11,5,1328,0.96768,5.85069,0,0.01256,1387 1387 1329 1328 -1
GCP,adapt_p11-715852394892384_a225-0_53_map.h5,4.64438,10,68,1120,78.284149:225.000000,1774,False,373,2,1544,0,0.0273092,0,0.0273092,1319 -1
GCP,adapt_p80-40593177313954_a112-49999999999999_337_map.h5,6.79032,10,472,1112,9.594069:112.500000,1055,False,18,4,1122,0.779787,5.03697,0,0.0124598,1054 1121 1122 -1
GCP,adapt_p80-40593177313954_a315-0_499_map.h5,6.61193,10,82,759,9.594069:315.000000,1093,True,205,3,1093,0.237227,5.49298,0,0.0166769,1019 1093 -1
GCP,adapt_p60-00000000000001_a45-0_226_map.h5,7.75473,10,234,756,30.000000:45.000000,1301,True,30,5,1301,0.792543,7.25001,0,0.013055,1240 1239 1302 1301 -1
GCP,adapt_p48-18968510422141_a146-25_39_map.h5,7.89538,10,709,769,41.810314:146.250000,1488,True,9,5,1488,0.999504,5.81961,0,0.0124163,1434 1434 1487 1488 -1
GCP,adapt_p60-00000000000001_a224-99999999999997_251_map.h5,5.52998,10,234,1517,30.000000:225.000000,1331,False,59,3,1447,0.330804,3.24897,0,0.0128437,1548 1447 -1
GCP,adapt_p23-556464309101234_a202-5_356_map.h5,7.877,10,429,729,66.443535:202.500000,1704,True,10,5,1732,0.979621,7.25662,0,0.0127955,1705 1704 1732 1705 -1
GCP,adapt_p80-40593177313954_a157-5_381_map.h5,8.61865,10,156,357,9.594069:157.500000,1063,False,55,5,997,0.717187,7.81813,0,0.0131546,1066 997 1064 996 -1
GCP,adapt_p80-40593177313954_a180-0_427_map.h5,5.42187,10,53,802,9.594069:180.000000,1067,False,381,2,1053,0,0.026533,0,0.026533,1092 -1
GCP,adapt_p60-00000000000001_a112-49999999999999_28_map.h5,6.8722,10,640,1108,30.000000:112.500000,1313,False,12,5,1312,0.948272,5.86458,0,0.012618,1249 1249 1312 1311 -1
GCP,adapt_p48-18968510422141_a78-75_255_map.h5,7.87539,10,482,780,41.810314:78.750000,1478,True,13,5,1478,0.884217,7.2059,0,0.0124341,1425 1479 1478 1530 -1
GCP,adapt_p48-18968510422141_a213-75_208_map.h5,8.88698,10,528,374,41.810314:213.750000,1497,False,10,5,1445,0.997856,5.88266,0,0.012838,1446 1446 1445 1444 -1
GCP,adapt_p60-00000000000001_a337-49999999999994_299_map.h5,8.86182,10,400,400,30.000000:337.500000,1350,True,14,6,1350,0.997946,8.28027,0,0.0129955,1290 1290 1289 1350 1351 -1
GCP,adapt_p35-659087696138755_a255-00000000000003_138_map.h5,7.87707,10,513,726,54.340912:255.000000,1598,True,12,5,1640,0.99861,5.8264,0,0.0127332,1598 1598 1640 1639 -1
GCP,adapt_p35-659087696138755_a165-0_187_map.h5,7.52387,10,107,784,54.340912:165.000000,1587,False,69,4,1630,0.633728,5.41646,0,0.0129383,1666 1630 1588 -1
GCP,adapt_p35-659087696138755_a195-0_421_map.h5,5.68679,10,130,1473,54.340912:195.000000,1590,False,40,4,1592,0.494699,5.35621,0,0.0130194,1671 1592 1593 -1
GCP,adapt_p70-52877936550931_a33-75_0_map.h5,6.83411,10,471,1104,19.471220:33.750000,1173,True,17,5,1173,0.86605,5.95157,0,0.0126858,1172 1172 1173 1237 -1
GCP,adapt_p80-40593177313954_a292-5_176_map.h5,8.84987,10,277,371,9.594069:292.500000,1088,True,15,6,1089,0.991182,8.35225,0,0.012943,1022 1022 1089 1021 1088 -1
GCP,adapt_p80-40593177313954_a202-49999999999997_39_map.h5,6.87518,10,635,1124,9.594069:202.500000,1072,True,12,5,1071,0.998892,5.91166,0,0.0126195,1004 1004 1072 1071 -1
GCP,adapt_p35-659087696138755_a344-99999999999994_92_map.h5,7.84737,10,382,788,54.340912:345.000000,1609,True,16,5,1608,0.973707,7.22459,0,0.012428,1650 1649 1608 1609 -1
GCP,adapt_p80-40593177313954_a135-0_259_map.h5,6.5967,10,194,1075,9.594069:135.000000,1059,False,55,4,1253,0.599149,5.35215,0,0.0131064,1123 1252 1253 -1
GCP,adapt_p23-556464309101234_a22-5_394_map.h5,6.50187,10,142,1138,66.443535:22.500000,1689,False,70,4,1613,0.591973,5.32007,0,0.0129763,1719 1652 1613 -1
GCP,adapt_p70-52877936550931_a168-74999999999997_67_map.h5,5.82438,10,393,1463,19.471220:168.750000,1197,True,18,4,1197,0.859436,4.89808,0,0.0124145,1131 1197 1132 -1
GCP,adapt_p70-52877936550931_a258-75_577_map.h5,2.73334,10,75,1844,19.471220:258.750000,1213,False,356,2,1667,0,0.0250594,0,0.0250594,1583 -1
GCP,adapt_p48-18968510422141_a236-25_439_map.h5,6.84436,10,531,1113,41.810314:236.250000,1501,False,16,4,1448,0.846226,4.86845,0,0.0124273,1447 1448 1391 -1
GCP,adapt_p23-556464309101234_a112-5_183_map.h5,8.88722,10,364,337,66.443535:112.500000,1697,True,10,6,1697,0.988485,8.1493,0,0.012582,1662 1662 1661 1696 1697 -1
GCP,adapt_p60-00000000000001_a180-0_185_map.h5,7.838,10,325,791,30.000000:180.000000,1324,True,14,5,1324,0.935268,5.89274,0,0.0128261,1383 1383 1325 1324 -1
GCP,adapt_p80-40593177313954_a0-0_162_map.h5,7.39238,10,136,691,9.594069:0.000000,1034,False,91,4,1169,0.368912,5.3309,0,0.0134351,1294 1232 1169 -1
GCP,adapt_p80-40593177313954_a112-49999999999999_14_map.h5,8.89337,10,614,367,9.594069:112.500000,1055,True,8,6,1055,0.997816,8.37329,0,0.0124153,987 987 988 1056 1055 -1
GCP,adapt_p48-18968510422141_a146-25_382_map.h5,7.86227,10,433,698,41.810314:146.250000,1488,True,13,5,1487,0.984978,7.25252,0,0.0125264,1435 1434 1487 1488 -1
GCP,adapt_p70-52877936550931_a326-24999999999994_48_map.h5,8.88032,10,383,374,19.471220:326.250000,1225,True,13,6,1225,0.985385,8.32323,0,0.0124753,1224 1224 1225 1288 1287 -1
GCP,adapt_p60-00000000000001_a157-5_158_map.h5,8.8923,10,547,327,30.000000:157.500000,1320,True,9,6,1320,0.998876,8.30138,0,0.0125062,1321 1321 1320 1379 1378 -1
GCP,adapt_p60-00000000000001_a112-49999999999999_46_map.h5,7.57477,10,198,722,30.000000:112.500000,1313,True,58,4,1313,0.650394,5.69006,0,0.0130435,1374 1313 1251 -1
GCP,adapt_p35-659087696138755_a224-99999999999997_571_map.h5,8.89501,10,785,396,54.340912:225.000000,1594,True,7,6,1636,0.999998,8.19817,0,0.0127975,1594 1594 1595 1637 1636 -1
GCP,adapt_p60-00000000000001_a135-0_568_map.h5,7.8284,10,400,729,30.000000:135.000000,1316,False,18,5,1375,0.930819,7.25987,0,0.0123929,1314 1315 1374 1375 -1
GCP,adapt_p70-52877936550931_a168-74999999999997_351_map.h5,7.86659,10,610,736,19.471220:168.750000,1197,True,13,5,1198,0.96111,7.25001,0,0.0132151,1260 1261 1198 1197 -1
GCP,adapt_p60-00000000000001_a22-5_81_map.h5,8.89844,10,763,374,30.000000:22.500000,1298,True,8,6,1298,0.99974,8.28383,0,0.012357,1297 1297 1298 1235 1234 -1
GCP,adapt_p60-00000000000001_a224-99999999999997_241_map.h5,8.84029,10,251,355,30.000000:225.000000,1331,True,18,6,1390,0.946872,8.26438,0,0.0125171,1391 1391 1390 1332 1331 -1
GCP,adapt_p35-659087696138755_a105-0_102_map.h5,7.79935,10,222,753,54.340912:105.000000,1579,False,22,5,1623,0.848593,7.40726,0,0.0124507,1696 1662 1624 1623 -1
GCP,adapt_p48-18968510422141_a11-25_202_map.h5,8.87794,10,473,398,41.810314:11.250000,1468,True,11,6,1468,0.999497,8.27957,0,0.0128732,1413 1413 1414 1468 1469 -1
GCP,adapt_p35-659087696138755_a135-0_29_map.h5,8.89658,10,529,394,54.340912:135.000000,1583,True,8,6,1583,0.999563,8.48562,0,0.0132015,1626 1626 1584 1583 1582 -1
GCP,adapt_p60-00000000000001_a90-0_330_map.h5,7.60712,10,83,763,30.000000:90.000000,1309,False,50,4,917,0.521133,5.78126,0,0.0126911,1049 984 917 -1
GCP,adapt_p60-00000000000001_a0-0_84_map.h5,6.77051,10,498,1154,30.000000:0.000000,1294,False,25,4,1352,0.772595,4.84087,0,0.0132859,1291 1352 1410 -1
GCP,adapt_p60-00000000000001_a0-0_528_map.h5,5.67812,10,213,1495,30.000000:0.000000,1294,False,40,4,1234,0.553246,4.84771,0,0.0127025,1297 1234 1233 -1
GCP,adapt_p35-659087696138755_a315-0_493_map.h5,7.82637,10,305,679,54.340912:315.000000,1605,True,19,5,1605,0.864971,7.52594,0,0.0124403,1606 1605 1604 1561 -1
GCP,adapt_p70-52877936550931_a191-25_360_map.h5,5.81532,10,336,1493,19.471220:191.250000,1201,True,20,4,1201,0.726512,4.80861,0,0.0125003,1264 1201 1200 -1
GCP,adapt_p70-52877936550931_a168-74999999999997_441_map.h5,8.89308,10,647,341,19.471220:168.750000,1197,True,10,6,1197,0.998948,8.25126,0,0.0127075,1261 1261 1260 1197 1198 -1
GCP,adapt_p35-659087696138755_a195-0_490_map.h5,8.89219,10,539,366,54.340912:195.000000,1590,True,9,6,1591,0.99996,8.23395,0,0.012599,1545 1545 1546 1591 1590 -1
GCP,adapt_p23-556464309101234_a247-49999999999997_461_map.h5,5.62176,10,75,1145,66.443535:247.500000,1708,False,214,3,1641,0.177858,5.39183,0,0.0168165,1634 1641 -1
GCP,adapt_p70-52877936550931_a326-24999999999994_516_map.h5,6.80812,10,560,1073,19.471220:326.250000,1225,False,18,4,1227,0.798354,5.33916,0,0.0126939,1161 1227 1163 -1
GCP,adapt_p48-18968510422141_a303-75_300_map.h5,7.89135,10,731,716,41.810314:303.750000,1510,True,10,5,1510,0.940142,7.45416,0,0.0124427,1511 1510 1458 1511 -1
GCP,adapt_p23-556464309101234_a157-5_210_map.h5,6.87022,10,474,1095,66.443535:157.500000,1701,False,13,4,1700,0.70956,4.88087,0,0.0125817,1728 1729 1700 -1
GCP,adapt_p80-40593177313954_a315-0_361_map.h5,6.43239,10,261,1110,9.594069:315.000000,1093,False,83,3,1153,0.29662,4.63646,0,0.0134444,1148 1153 -1
GCP,adapt_p35-659087696138755_a344-99999999999994_26_map.h5,7.81737,10,307,782,54.340912:345.000000,1609,False,20,5,1649,0.878908,7.16313,0,0.0124465,1684 1648 1649 1608 -1
GCP,adapt_p80-40593177313954_a90-0_315_map.h5,5.7713,10,426,1493,9.594069:90.000000,1051,True,25,4,1052,0.654596,4.91715,0,0.0125049,1053 1052 1051 -1
GCP,adapt_p48-18968510422141_a123-74999999999999_96_map.h5,8.88577,10,701,355,41.810314:123.750000,1484,True,8,6,1430,0.999931,8.34546,0,0.0130241,1431 1431 1485 1484 1430 -1
GCP,adapt_p70-52877936550931_a303-75_332_map.h5,8.88333,10,635,411,19.471220:303.750000,1221,True,10,6,1221,0.999524,8.27345,0,0.0124703,1222 1222 1221 1156 1157 -1
GCP,adapt_p60-00000000000001_a180-0_295_map.h5,7.85537,10,342,736,30.000000:180.000000,1324,False,15,5,1383,0.938067,7.22623,0,0.0124455,1439 1440 1383 1382 -1
GCP,adapt_p70-52877936550931_a146-25_116_map.h5,7.876,10,508,744,19.471220:146.250000,1193,True,12,5,1193,0.984323,5.92245,0,0.012817,1194 1194 1128 1193 -1
GCP,adapt_p60-00000000000001_a247-49999999999997_383_map.h5,7.85711,10,510,718,30.000000:247.500000,1335,True,16,5,1335,0.899603,7.22457,0,0.0127071,1274 1335 1393 1392 -1
GCP,adapt_p70-52877936550931_a33-75_38_map.h5,7.86536,10,485,779,19.471220:33.750000,1173,True,14,5,1173,0.931286,7.3174,0,0.0124524,1172 1173 1236 1237 -1
GCP,adapt_p11-715852394892384_a225-0_257_map.h5,7.68377,10,153,739,78.284149:225.000000,1774,False,46,5,1755,0.711133,7.29961,0,0.0130458,1730 1755 1773 1772 -1
GCP,adapt_p80-40593177313954_a292-5_218_map.h5,7.82611,10,292,788,9.594069:292.500000,1088,True,19,5,1089,0.941103,7.42766,0,0.0127028,1088 1089 1090 1155 -1
GCP,adapt_p70-52877936550931_a78-75_360_map.h5,7.75421,10,211,770,19.471220:78.750000,1181,False,28,5,1114,0.733074,7.76213,0,0.0126114,1047 1180 1114 1115 -1
GCP,adapt_p70-52877936550931_a236-25_75_map.h5,6.88234,10,643,1061,19.471220:236.250000,1209,True,10,5,1210,0.993698,5.82319,0,0.0124607,1273 1273 1210 1209 -1
GCP,adapt_p11-715852394892384_a225-0_381_map.h5,7.8805,10,684,721,78.284149:225.000000,1774,True,10,5,1774,0.963404,7.11833,0,0.0133041,1788 1775 1774 1788 -1
GCP,adapt_p60-00000000000001_a22-5_229_map.h5,8.88735,10,547,369,30.000000:22.500000,1298,True,8,6,1357,0.999715,8.29743,0,0.0124383,1297 1297 1298 1357 1356 -1
GCP,adapt_p35-659087696138755_a285-0_191_map.h5,7.85721,10,415,759,54.340912:285.000000,1601,True,16,5,1509,0.952948,7.59641,0,0.0135771,1601 1558 1509 1508 -1
GCP,adapt_p80-40593177313954_a67-5_409_map.h5,6.85886,10,492,1164,9.594069:67.500000,1047,True,13,4,1047,0.837392,4.9111,0,0.0129628,1048 1047 979 -1
GCP,adapt_p35-659087696138755_a135-0_134_map.h5,7.82196,10,268,724,54.340912:135.000000,1583,True,17,5,1582,0.958877,7.41194,0,0.0128601,1583 1536 1582 1581 -1
GCP,adapt_p70-52877936550931_a236-25_497_map.h5,7.83107,10,301,730,19.471220:236.250000,1209,True,20,5,1144,0.900749,7.29384,0,0.0127416,1078 1144 1209 1143 -1
GCP,adapt_p35-659087696138755_a105-0_340_map.h5,6.85627,10,447,1128,54.340912:105.000000,1579,True,13,4,1579,0.953651,4.91623,0,0.0125201,1532 1579 1580 -1
GCP,adapt_p35-659087696138755_a75-0_165_map.h5,8.90605,10,766,383,54.340912:75.000000,1576,True,6,6,1576,0.999999,8.41956,0,0.0127654,1575 1575 1529 1576 1619 -1
GCP,adapt_p60-00000000000001_a202-49999999999997_510_map.h5,7.70688,10,276,757,30.000000:202.500000,1328,True,39,5,1386,0.603419,7.20187,0,0.0129053,1444 1443 1386 1328 -1
GCP,adapt_p48-18968510422141_a146-25_578_map.h5,7.88009,10,485,770,41.810314:146.250000,1488,True,12,5,1435,0.984892,7.34358,0,0.0127219,1434 1435 1488 1434 -1
GCP,adapt_p70-52877936550931_a168-74999999999997_548_map.h5,8.9014,10,782,327,19.471220:168.750000,1197,True,11,6,1197,0.999949,8.25262,0,0.0124173,1261 1261 1198 1132 1197 -1
GCP,adapt_p70-52877936550931_a11-25_69_map.h5,8.85518,10,477,340,19.471220:11.250000,1169,True,17,5,1103,0.972243,7.33785,0,0.0126245,1170 1169 1103 1102 -1
GCP,adapt_p48-18968510422141_a236-25_479_map.h5,7.30286,10,131,738,41.810314:236.250000,1501,False,108,4,1450,0.254437,6.91089,0,0.013726,1274 1450 1447 -1
GCP,adapt_p80-40593177313954_a337-49999999999994_143_map.h5,6.64296,10,157,1094,9.594069:337.500000,1097,False,47,4,1096,0.497988,5.48524,0,0.0138399,1164 1162 1096 -1
GCP,adapt_p48-18968510422141_a326-24999999999994_495_map.h5,6.79737,10,199,1091,41.810314:326.250000,1514,True,21,4,1513,0.793645,5.17721,0,0.012441,1564 1514 1513 -1
GCP,adapt_p35-659087696138755_a14-999999999999998_122_map.h5,5.7912,10,277,1500,54.340912:15.000000,1568,False,24,4,1569,0.740743,5.01417,0,0.0126053,1615 1570 1569 -1
GCP,adapt_p80-40593177313954_a0-0_52_map.h5,5.86811,10,581,1466,9.594069:0.000000,1034,True,12,4,1034,0.991452,4.91085,0,0.0126919,967 1035 1034 -1
GCP,adapt_p60-00000000000001_a224-99999999999997_470_map.h5,6.86417,10,595,1090,30.000000:225.000000,1331,True,13,5,1331,0.962496,5.83374,0,0.0125748,1389 1389 1331 1332 -1
GCP,adapt_p60-00000000000001_a90-0_7_map.h5,5.76841,10,113,1185,30.000000:90.000000,1309,False,185,3,1115,0.220869,4.77069,0,0.0162263,1477 1115 -1
GCP,adapt_p80-40593177313954_a315-0_226_map.h5,6.86167,10,551,1069,9.594069:315.000000,1093,True,14,4,1092,0.949483,4.96276,0,0.0131599,1157 1092 1093 -1
GCP,adapt_p80-40593177313954_a112-49999999999999_585_map.h5,8.77155,10,195,321,9.594069:112.500000,1055,True,29,5,1056,0.815434,7.35791,0,0.0132436,1055 1056 989 1057 -1
GCP,adapt_p48-18968510422141_a348-74999999999994_90_map.h5,5.82292,10,335,1476,41.810314:348.750000,1517,True,18,4,1465,0.714398,4.85712,0,0.0128824,1517 1465 1466 -1
GCP,adapt_p70-52877936550931_a123-74999999999999_363_map.h5,8.89635,10,551,356,19.471220:123.750000,1189,True,9,6,1190,0.999248,8.27942,0,0.0124208,1189 1189 1190 1124 1123 -1
GCP,adapt_p60-00000000000001_a90-0_255_map.h5,8.89291,10,453,346,30.000000:90.000000,1309,True,10,6,1309,0.99998,8.24263,0,0.0128889,1368 1368 1369 1310 1309 -1
GCP,adapt_p35-659087696138755_a165-0_7_map.h5,7.89147,10,496,733,54.340912:165.000000,1587,True,10,5,1586,0.99925,5.81073,0,0.0122981,1629 1629 1586 1587 -1
GCP,adapt_p35-659087696138755_a135-0_538_map.h5,7.86703,10,482,780,54.340912:135.000000,1583,True,13,5,1583,0.995816,7.19269,0,0.0127774,1625 1626 1583 1582 -1
GCP,adapt_p11-715852394892384_a225-0_546_map.h5,8.89737,10,554,405,78.284149:225.000000,1774,True,10,6,1758,0.999724,8.13586,0,0.0124107,1775 1775 1758 1757 1774 -1
GCP,adapt_p80-40593177313954_a67-5_39_map.h5,7.6287,10,95,767,9.594069:67.500000,1047,False,48,5,909,0.804801,7.31579,0,0.013115,840 909 976 977 -1
GCP,adapt_p48-18968510422141_a258-75_152_map.h5,5.67588,10,241,1529,41.810314:258.750000,1504,True,39,4,1504,0.543581,4.93413,0,0.0129452,1505 1504 1553 -1
GCP,adapt_p60-00000000000001_a315-0_315_map.h5,5.82726,10,384,1475,30.000000:315.000000,1346,True,18,4,1346,0.818156,4.81744,0,0.0125483,1403 1404 1346 -1
GCP,adapt_p48-18968510422141_a213-75_4_map.h5,7.80699,10,206,779,41.810314:213.750000,1497,False,22,5,1445,0.870573,7.27182,0,0.0127929,1388 1445 1498 1446 -1
GCP,adapt_p70-52877936550931_a348-74999999999994_319_map.h5,8.89221,10,626,337,19.471220:348.750000,1229,True,10,6,1229,0.998954,8.36338,0,0.0125998,1228 1228 1229 1165 1230 -1
GCP,adapt_p48-18968510422141_a101-24999999999999_405_map.h5,6.86239,10,671,1062,41.810314:101.250000,1481,True,10,5,1481,0.995026,5.84563,0,0.0134298,1428 1428 1482 1481 -1
GCP,adapt_p60-00000000000001_a315-0_406_map.h5,8.7613,10,179,373,30.000000:315.000000,1346,False,27,5,1347,0.750764,7.28101,0,0.0125059,1461 1405 1347 1404 -1
GCP,adapt_p23-556464309101234_a67-5_197_map.h5,5.85542,10,359,1509,66.443535:67.500000,1693,False,15,4,1721,0.804298,4.78061,0,0.0123679,1692 1722 1721 -1
GCP,adapt_p48-18968510422141_a191-25_252_map.h5,6.79692,10,214,1125,41.810314:191.250000,1494,True,26,4,1544,0.661344,5.10335,0,0.0128785,1440 1494 1544 -1
GCP,adapt_p70-52877936550931_a101-24999999999999_79_map.h5,6.86047,10,569,1121,19.471220:101.250000,1185,True,12,5,1185,0.909428,5.71854,0,0.0123497,1248 1248 1185 1119 -1
GCP,adapt_p80-40593177313954_a45-0_152_map.h5,7.85139,10,276,796,9.594069:45.000000,1042,False,15,5,1044,0.975779,7.30909,0,0.0124132,1111 1110 1044 1043 -1
GCP,adapt_p35-659087696138755_a344-99999999999994_586_map.h5,7.85037,10,364,733,54.340912:345.000000,1609,True,16,5,1649,0.882498,7.28538,0,0.0124474,1609 1649 1648 1607 -1
GCP,adapt_p35-659087696138755_a285-0_522_map.h5,7.87921,10,495,803,54.340912:285.000000,1601,True,10,5,1643,0.98313,5.82882,0,0.0125569,1601 1601 1642 1643 -1
GCP,adapt_p70-52877936550931_a281-24999999999994_570_map.h5,8.88923,10,500,377,19.471220:281.250000,1217,True,12,6,1217,0.998471,8.26121,0,0.0125713,1153 1153 1152 1217 1218 -1
GCP,adapt_p35-659087696138755_a255-00000000000003_206_map.h5,5.78732,10,328,1541,54.340912:255.000000,1598,False,26,4,1640,0.679053,4.85395,0,0.0124915,1599 1641 1640 -1
GCP,adapt_p35-659087696138755_a165-0_557_map.h5,7.86442,10,339,707,54.340912:165.000000,1587,True,15,5,1586,0.976186,7.36147,0,0.0133639,1585 1586 1587 1629 -1
GCP,adapt_p80-40593177313954_a45-0_584_map.h5,3.20022,10,9,345,9.594069:45.000000,1042,False,922,2,1114,0,0.0934787,0,0.0934787,1235 -1
GCP,adapt_p70-52877936550931_a146-25_41_map.h5,8.89807,10,783,370,19.471220:146.250000,1193,True,9,6,1192,0.9987,8.6282,0,0.0127268,1255 1255 1193 1192 1191 -1
GCP,adapt_p60-00000000000001_a67-5_84_map.h5,7.83814,10,261,737,30.000000:67.500000,1305,True,20,5,1305,0.833677,7.15556,0,0.0126819,1243 1306 1305 1364 -1
GCP,adapt_p80-40593177313954_a315-0_210_map.h5,8.88323,10,452,365,9.594069:315.000000,1093,False,12,6,1092,0.998927,8.31839,0,0.0125649,1157 1157 1158 1092 1091 -1
GCP,adapt_p60-00000000000001_a112-49999999999999_174_map.h5,7.84314,10,206,757,30.000000:112.500000,1313,False,17,5,1371,0.865312,7.295,0,0.0126816,1372 1371 1429 1428 -1
GCP,adapt_p60-00000000000001_a45-0_548_map.h5,7.86136,10,384,772,30.000000:45.000000,1301,True,13,5,1360,0.960592,7.34988,0,0.0124241,1301 1361 1360 1418 -1
GCP,adapt_p23-556464309101234_a247-49999999999997_28_map.h5,8.71805,10,142,388,66.443535:247.500000,1708,False,40,5,1736,0.642112,7.10206,0,0.0127301,1758 1759 1736 1737 -1
GCP,adapt_p80-40593177313954_a90-0_598_map.h5,8.9004,10,579,339,9.594069:90.000000,1051,True,10,6,1051,0.999595,8.28395,0,0.0123947,1050 1050 1051 1052 1118 -1
GCP,adapt_p70-52877936550931_a101-24999999999999_594_map.h5,7.84974,10,300,724,19.471220:101.250000,1185,False,16,5,1311,0.962553,7.29182,0,0.0130456,1310 1311 1248 1249 -1
GCP,adapt_p60-00000000000001_a224-99999999999997_8_map.h5,6.76299,10,89,765,30.000000:225.000000,1331,False,182,3,1143,0.171403,5.89348,0,0.0156709,1201 1143 -1
GCP,adapt_p23-556464309101234_a22-5_282_map.h5,5.85944,10,545,1453,66.443535:22.500000,1689,True,12,5,1689,0.963004,5.72351,0,0.0133739,1719 1719 1689 1653 -1
GCP,adapt_p35-659087696138755_a45-0_494_map.h5,8.90613,10,777,371,54.340912:45.000000,1572,True,6,6,1572,0.999999,8.19474,0,0.012664,1571 1571 1572 1616 1615 -1
GCP,adapt_p60-00000000000001_a292-5_100_map.h5,6.84965,10,561,1088,30.000000:292.500000,1343,False,15,4,1281,0.740442,4.8011,0,0.0131529,1282 1281 1342 -1
GCP,adapt_p70-52877936550931_a33-75_489_map.h5,7.79127,10,194,720,19.471220:33.750000,1173,True,27,5,1107,0.872799,7.30066,0,0.012541,1174 1173 1107 1106 -1
GCP,adapt_p70-52877936550931_a11-25_520_map.h5,5.79337,10,402,1451,19.471220:11.250000,1169,True,24,4,1233,0.67542,4.89413,0,0.012442,1103 1169 1233 -1
GCP,adapt_p70-52877936550931_a11-25_449_map.h5,8.85431,10,449,390,19.471220:11.250000,1169,True,14,5,1169,0.927037,7.31952,0,0.0124955,1103 1169 1232 1168 -1
GCP,adapt_p35-659087696138755_a315-0_302_map.h5,6.84992,10,495,1099,54.340912:315.000000,1605,True,15,4,1605,0.922859,4.77842,0,0.0128873,1561 1605 1604 -1
GCP,adapt_p60-00000000000001_a22-5_153_map.h5,6.8383,10,554,1122,30.000000:22.500000,1298,True,14,4,1298,0.781075,4.85837,0,0.0124903,1299 1298 1357 -1
GCP,adapt_p80-40593177313954_a45-0_170_map.h5,8.76812,10,172,371,9.594069:45.000000,1042,True,26,5,974,0.733968,7.35734,0,0.0126921,1040 1041 974 1042 -1
GCP,adapt_p48-18968510422141_a168-74999999999997_276_map.h5,7.87241,10,431,786,41.810314:168.750000,1491,True,15,5,1491,0.980558,7.26986,0,0.0124089,1490 1491 1542 1541 -1
GCP,adapt_p60-00000000000001_a45-0_519_map.h5,8.67097,10,189,366,30.000000:45.000000,1301,False,38,5,1300,0.804151,7.38591,0,0.0128341,1236 1300 1359 1360 -1
GCP,adapt_p60-00000000000001_a202-49999999999997_292_map.h5,5.73965,10,425,1444,30.000000:202.500000,1328,False,33,4,1326,0.823671,5.04454,0,0.0131486,1266 1327 1326 -1
GCP,adapt_p48-18968510422141_a33-75_163_map.h5,8.87299,10,535,306,41.810314:33.750000,1471,True,11,6,1471,0.999241,8.23852,0,0.0127404,1416 1416 1417 1471 1470 -1
GCP,adapt_p48-18968510422141_a123-74999999999999_482_map.h5,8.8823,10,616,368,41.810314:123.750000,1484,True,11,6,1484,0.999722,8.30231,0,0.0124977,1485 1485 1484 1431 1430 -1
GCP,adapt_p48-18968510422141_a11-25_137_map.h5,1.40247,10,23,336,41.810314:11.250000,1468,False,1800,2,1368,0,0.312271,0,0.312271,1511 -1
GCP,adapt_p48-18968510422141_a303-75_485_map.h5,7.84406,10,240,712,41.810314:303.750000,1510,False,19,5,1459,0.926063,7.43278,0,0.0127484,1403 1458 1459 1511 -1
GCP,adapt_p48-18968510422141_a281-24999999999994_194_map.h5,5.81018,10,246,1506,41.810314:281.250000,1507,False,21,4,1399,0.790419,4.79937,0,0.0126135,1454 1455 1399 -1
GCP,adapt_p60-00000000000001_a45-0_451_map.h5,7.8832,10,691,780,30.000000:45.000000,1301,True,7,5,1301,0.996598,7.41245,0,0.0125896,1302 1301 1238 1302 -1
GCP,adapt_p23-556464309101234_a67-5_380_map.h5,7.88122,10,436,682,66.443535:67.500000,1693,True,10,5,1722,0.949901,7.2464,0,0.0125549,1693 1692 1722 1693 -1
GCP,adapt_p60-00000000000001_a224-99999999999997_442_map.h5,6.84502,10,521,1182,30.000000:225.000000,1331,False,14,4,1332,0.856557,4.78169,0,0.0127918,1270 1332 1390 -1
GCP,adapt_p80-40593177313954_a135-0_462_map.h5,8.8873,10,428,362,9.594069:135.000000,1059,True,10,6,1059,0.993216,8.63914,0,0.0125138,1125 1125 1060 1059 1058 -1
GCP,adapt_p60-00000000000001_a180-0_113_map.h5,6.11164,10,94,1175,30.000000:180.000000,1324,True,124,4,1324,0.38896,5.41535,0,0.013919,1438 1323 1324 -1
GCP,adapt_p80-40593177313954_a45-0_441_map.h5,5.85975,10,486,1483,9.594069:45.000000,1042,True,12,4,1043,0.959482,4.9112,0,0.0130429,975 1043 1042 -1
GCP,adapt_p80-40593177313954_a67-5_154_map.h5,7.63203,10,133,731,9.594069:67.500000,1047,False,50,5,1112,0.644977,7.5624,0,0.0127856,1177 1112 1113 1179 -1
GCP,adapt_p60-00000000000001_a157-5_451_map.h5,8.8723,10,443,338,30.000000:157.500000,1320,True,12,6,1320,0.984493,8.43952,0,0.0124863,1379 1379 1321 1320 1378 -1
GCP,adapt_p80-40593177313954_a224-99999999999997_170_map.h5,8.81912,10,404,399,9.594069:225.000000,1076,True,16,6,1077,0.956939,8.35198,0,0.0126732,1010 1010 1077 1009 1076 -1
GCP,adapt_p60-00000000000001_a315-0_140_map.h5,5.81934,10,340,1434,30.000000:315.000000,1346,False,21,4,1403,0.7723,5.0148,0,0.0124579,1458 1403 1345 -1
GCP,adapt_p70-52877936550931_a56-24999999999999_336_map.h5,7.8779,10,573,733,19.471220:56.250000,1177,True,10,5,1241,0.9454,7.36463,0,0.0128955,1177 1178 1241 1177 -1
GCP,adapt_p80-40593177313954_a67-5_198_map.h5,7.82635,10,473,779,9.594069:67.500000,1047,True,15,5,1046,0.979127,7.43196,0,0.0124389,1047 1046 1045 1112 -1
GCP,adapt_p70-52877936550931_a191-25_408_map.h5,7.87656,10,452,735,19.471220:191.250000,1201,True,12,5,1201,0.925163,5.81002,0,0.0132535,1264 1264 1201 1200 -1
GCP,adapt_p11-715852394892384_a135-0_440_map.h5,8.88612,10,628,361,78.284149:135.000000,1770,True,8,6,1771,0.996325,8.10454,0,0.0126916,1752 1752 1771 1770 1751 -1
GCP,adapt_p48-18968510422141_a78-75_202_map.h5,7.86154,10,503,729,41.810314:78.750000,1478,True,11,5,1478,0.973725,7.36414,0,0.0132455,1425 1424 1478 1425 -1
GCP,adapt_p60-00000000000001_a90-0_395_map.h5,4.67887,10,96,1104,30.000000:90.000000,1309,False,342,3,1367,0.242552,3.4518,0,0.0238351,1531 1367 -1
GCP,adapt_p60-00000000000001_a22-5_502_map.h5,7.87312,10,371,774,30.000000:22.500000,1298,True,15,5,1234,0.875163,7.29562,0,0.0126749,1235 1234 1297 1298 -1
GCP,adapt_p35-659087696138755_a105-0_296_map.h5,7.88182,10,599,751,54.340912:105.000000,1579,True,10,5,1580,0.978139,7.31038,0,0.0129755,1579 1580 1623 1579 -1
GCP,adapt_p35-659087696138755_a14-999999999999998_485_map.h5,7.819,10,413,712,54.340912:15.000000,1568,True,13,5,1613,0.983216,7.22702,0,0.0128106,1612 1613 1569 1568 -1
GCP,adapt_p80-40593177313954_a315-0_114_map.h5,8.89034,10,563,378,9.594069:315.000000,1093,True,8,6,1025,0.993483,8.37358,0,0.0124511,1093 1093 1092 1025 1026 -1
GCP,adapt_p80-40593177313954_a67-5_44_map.h5,8.71776,10,164,387,9.594069:67.500000,1047,False,36,5,1044,0.710202,7.8323,0,0.0130356,1042 1110 1044 1045 -1
GCP,adapt_p23-556464309101234_a157-5_90_map.h5,5.76399,10,323,1537,66.443535:157.500000,1701,True,18,4,1665,0.693241,4.85196,0,0.0128239,1701 1700 1665 -1
GCP,adapt_p48-18968510422141_a303-75_117_map.h5,8.89576,10,662,365,41.810314:303.750000,1510,True,7,6,1458,0.999996,8.2198,0,0.0130574,1510 1510 1511 1459 1458 -1
GCP,adapt_p35-659087696138755_a135-0_51_map.h5,8.87814,10,358,410,54.340912:135.000000,1583,True,11,6,1583,0.998584,8.20992,0,0.0126558,1537 1537 1536 1582 1583 -1
GCP,adapt_p11-715852394892384_a225-0_424_map.h5,8.86011,10,517,383,78.284149:225.000000,1774,True,13,6,1775,0.980585,8.1038,0,0.0126881,1757 1757 1774 1775 1788 -1
GCP,adapt_p60-00000000000001_a180-0_29_map.h5,6.88379,10,586,1089,30.000000:180.000000,1324,True,10,4,1324,0.991651,4.80232,0,0.0130095,1325 1324 1262 -1
GCP,adapt_p60-00000000000001_a22-5_482_map.h5,7.88742,10,647,761,30.000000:22.500000,1298,True,8,5,1357,0.990721,5.89958,0,0.0123702,1298 1298 1357 1297 -1
GCP,adapt_p60-00000000000001_a45-0_152_map.h5,7.79632,10,171,707,30.000000:45.000000,1301,True,26,5,1301,0.899834,7.28558,0,0.0124876,1418 1360 1301 1361 -1
GCP,adapt_p48-18968510422141_a56-24999999999999_28_map.h5,6.88305,10,540,1150,41.810314:56.250000,1475,True,9,4,1475,0.811526,4.78881,0,0.0127479,1420 1421 1475 -1
GCP,adapt_p35-659087696138755_a75-0_100_map.h5,7.82733,10,247,771,54.340912:75.000000,1576,False,21,5,1619,0.911931,7.16316,0,0.0124718,1657 1618 1619 1575 -1
GCP,adapt_p80-40593177313954_a45-0_494_map.h5,6.4963,10,254,1117,9.594069:45.000000,1042,True,67,4,1042,0.640427,5.85702,0,0.0134595,1039 1108 1042 -1
GCP,adapt_p70-52877936550931_a146-25_185_map.h5,5.721,10,225,1571,19.471220:146.250000,1193,True,37,4,1127,0.665853,5.10265,0,0.0128242,1255 1193 1127 -1
GCP,adapt_p35-659087696138755_a14-999999999999998_37_map.h5,5.73923,10,183,1540,54.340912:15.000000,1568,False,33,4,1469,0.613391,4.91419,0,0.0126043,1569 1521 1469 -1
GCP,adapt_p80-40593177313954_a22-5_96_map.h5,5.87496,10,566,1453,9.594069:22.500000,1038,True,14,4,1038,0.778605,4.9065,0,0.0128407,1104 1038 1105 -1
GCP,adapt_p80-40593177313954_a90-0_0_map.h5,8.88833,10,477,406,9.594069:90.000000,1051,True,12,6,1117,0.997114,8.46713,0,0.0124866,1051 1051 1118 1117 1116 -1
GCP,adapt_p23-556464309101234_a67-5_244_map.h5,6.88417,10,561,1160,66.443535:67.500000,1693,True,9,5,1693,0.994413,5.8185,0,0.0126278,1658 1658 1657 1693 -1
GCP,adapt_p35-659087696138755_a165-0_587_map.h5,5.85659,10,558,1459,54.340912:165.000000,1587,False,12,4,1630,0.705869,4.87322,0,0.0132388,1629 1667 1630 -1
GCP,adapt_p70-52877936550931_a281-24999999999994_407_map.h5,6.79233,10,233,1145,19.471220:281.250000,1217,False,23,4,1216,0.655313,4.72998,0,0.0124838,1151 1216 1279 -1
GCP,adapt_p80-40593177313954_a270-0_524_map.h5,5.29378,10,106,1478,9.594069:270.000000,1084,False,82,3,944,0.44875,3.07106,0,0.0130534,942 944 -1
GCP,adapt_p23-556464309101234_a202-5_568_map.h5,7.85034,10,272,722,66.443535:202.500000,1704,False,14,5,1730,0.943743,7.30738,0,0.0124864,1731 1730 1729 1754 -1
GCP,adapt_p11-715852394892384_a315-0_317_map.h5,6.79485,10,246,1133,78.284149:315.000000,1778,False,28,4,1762,0.559977,5.27343,0,0.0129637,1791 1763 1762 -1
GCP,adapt_p35-659087696138755_a285-0_519_map.h5,7.75765,10,301,704,54.340912:285.000000,1601,True,30,5,1601,0.862277,7.2368,0,0.0131654,1600 1601 1602 1643 -1
GCP,adapt_p23-556464309101234_a22-5_127_map.h5,6.86801,10,413,1099,66.443535:22.500000,1689,True,13,4,1689,0.893551,4.74879,0,0.0127773,1720 1690 1689 -1
GCP,adapt_p70-52877936550931_a258-75_292_map.h5,7.84214,10,249,760,19.471220:258.750000,1213,True,20,5,1213,0.892777,7.26062,0,0.012656,1212 1213 1148 1149 -1
GCP,adapt_p48-18968510422141_a101-24999999999999_540_map.h5,3.52916,10,110,1838,41.810314:101.250000,1481,False,218,2,1581,0,0.0170615,0,0.0170615,1121 -1
GCP,adapt_p60-00000000000001_a135-0_370_map.h5,5.62172,10,254,1517,30.000000:135.000000,1316,False,45,4,1434,0.625996,5.4202,0,0.0130859,1432 1434 1377 -1
GCP,adapt_p48-18968510422141_a101-24999999999999_356_map.h5,8.88811,10,777,386,41.810314:101.250000,1481,True,8,6,1427,0.999972,8.28009,0,0.0126764,1481 1481 1482 1428 1427 -1
GCP,adapt_p48-18968510422141_a191-25_476_map.h5,5.85237,10,356,1507,41.810314:191.250000,1494,True,13,4,1494,0.910207,4.88664,0,0.0124254,1495 1545 1494 -1
GCP,adapt_p60-00000000000001_a0-0_107_map.h5,6.85205,10,499,1161,30.000000:0.000000,1294,True,13,4,1294,0.793696,4.90129,0,0.0127412,1231 1294 1295 -1
GCP,adapt_p23-556464309101234_a22-5_388_map.h5,7.66015,10,132,772,66.443535:22.500000,1689,False,40,5,1718,0.771692,7.24428,0,0.0126583,1717 1687 1718 1688 -1
GCP,adapt_p70-52877936550931_a191-25_404_map.h5,8.86232,10,309,401,19.471220:191.250000,1201,True,13,6,1200,0.97364,8.35154,0,0.012503,1136 1136 1135 1200 1201 -1
GCP,adapt_p60-00000000000001_a315-0_336_map.h5,6.85729,10,490,1085,30.000000:315.000000,1346,True,12,5,1346,0.963437,5.80632,0,0.0124971,1285 1285 1346 1347 -1
GCP,adapt_p11-715852394892384_a135-0_419_map.h5,6.20002,10,117,1111,78.284149:135.000000,1770,False,118,4,1485,0.356208,5.63523,0,0.0138169,1376 1485 1536 -1
GCP,adapt_p23-556464309101234_a22-5_228_map.h5,6.88043,10,557,1118,66.443535:22.500000,1689,True,12,4,1719,0.99379,4.75112,0,0.0123649,1720 1719 1689 -1
GCP,adapt_p48-18968510422141_a258-75_333_map.h5,6.83262,10,316,1100,41.810314:258.750000,1504,True,20,4,1504,0.839274,4.80048,0,0.0132167,1554 1504 1452 -1
GCP,adapt_p60-00000000000001_a337-49999999999994_110_map.h5,7.89747,10,786,731,30.000000:337.500000,1350,True,9,5,1350,0.999958,5.86353,0,0.0123422,1408 1408 1350 1351 -1
GCP,adapt_p80-40593177313954_a112-49999999999999_310_map.h5,8.72306,10,120,402,9.594069:112.500000,1055,False,39,5,989,0.69484,7.3665,0,0.0127392,1058 990 989 1056 -1
GCP,adapt_p60-00000000000001_a202-49999999999997_185_map.h5,7.8814,10,471,825,30.000000:202.500000,1328,True,10,5,1327,0.94944,7.54951,0,0.0124406,1328 1327 1265 1328 -1
GCP,adapt_p60-00000000000001_a135-0_438_map.h5,7.35942,10,138,750,30.000000:135.000000,1316,False,86,4,1127,0.661962,6.33368,0,0.0134087,1375 1126 1127 -1
GCP,adapt_p60-00000000000001_a157-5_576_map.h5,6.85732,10,394,1116,30.000000:157.500000,1320,True,16,4,1258,0.673546,4.71598,0,0.01249,1195 1258 1320 -1
GCP,adapt_p23-556464309101234_a157-5_141_map.h5,7.88633,10,475,773,66.443535:157.500000,1701,True,8,5,1729,0.993468,5.7636,0,0.0124696,1701 1701 1729 1730 -1
GCP,adapt_p70-52877936550931_a281-24999999999994_128_map.h5,8.778,10,267,403,19.471220:281.250000,1217,True,29,6,1217,0.795322,8.63954,0,0.0128202,1278 1278 1216 1217 1153 -1
GCP,adapt_p48-18968510422141_a11-25_152_map.h5,6.50256,10,198,1184,41.810314:11.250000,1468,True,65,4,1414,0.335755,5.8204,0,0.0132577,1232 1414 1468 -1
GCP,adapt_p48-18968510422141_a303-75_218_map.h5,8.8918,10,540,404,41.810314:303.750000,1510,True,7,6,1510,0.999998,8.2173,0,0.012999,1511 1511 1510 1458 1459 -1
GCP,adapt_p48-18968510422141_a258-75_299_map.h5,5.74104,10,217,1538,41.810314:258.750000,1504,False,31,4,1452,0.762373,4.88215,0,0.0137642,1454 1453 1452 -1
GCP,adapt_p80-40593177313954_a67-5_132_map.h5,7.83528,10,406,803,9.594069:67.500000,1047,True,18,4,1047,0.770154,4.91066,0,0.0125075,979 1047 1046 -1
GCP,adapt_p11-715852394892384_a45-0_412_map.h5,5.8581,10,333,1489,78.284149:45.000000,1766,True,17,4,1766,0.835066,4.67655,0,0.01272,1782 1766 1765 -1
GCP,adapt_p70-52877936550931_a191-25_48_map.h5,7.78291,10,230,762,19.471220:191.250000,1201,True,30,5,1201,0.764037,7.66684,0,0.0128946,1137 1201 1264 1263 -1
GCP,adapt_p23-556464309101234_a337-5_274_map.h5,5.84439,10,616,1394,66.443535:337.500000,1716,True,14,4,1716,0.902337,4.78301,0,0.0124132,1685 1717 1716 -1
GCP,adapt_p60-00000000000001_a157-5_599_map.h5,8.76706,10,209,423,30.000000:157.500000,1320,True,31,5,1322,0.892203,7.31314,0,0.0127279,1379 1320 1321 1322 -1
GCP,adapt_p70-52877936550931_a11-25_429_map.h5,8.89406,10,550,319,19.471220:11.250000,1169,True,10,6,1169,0.999346,8.33945,0,0.0127197,1168 1168 1169 1232 1233 -1
GCP,adapt_p70-52877936550931_a78-75_141_map.h5,6.63211,10,251,1121,19.471220:78.750000,1181,False,46,4,1365,0.381884,5.9066,0,0.0126923,1178 1243 1365 -1
GCP,adapt_p60-00000000000001_a157-5_205_map.h5,6.83369,10,523,1130,30.000000:157.500000,1320,True,17,4,1321,0.680285,4.90797,0,0.013114,1322 1321 1320 -1
GCP,adapt_p35-659087696138755_a224-99999999999997_168_map.h5,6.88048,10,545,1096,54.340912:225.000000,1594,True,10,5,1594,0.991616,5.78282,0,0.0123006,1550 1550 1595 1594 -1
GCP,adapt_p11-715852394892384_a225-0_118_map.h5,7.88467,10,766,754,78.284149:225.000000,1774,True,9,5,1775,0.960031,7.22233,0,0.0131188,1757 1774 1775 1757 -1
GCP,adapt_p11-715852394892384_a45-0_537_map.h5,6.88862,10,673,1133,78.284149:45.000000,1766,True,10,5,1767,0.989118,5.69903,0,0.0132407,1766 1766 1767 1747 -1
GCP,adapt_p60-00000000000001_a157-5_87_map.h5,6.65728,10,131,1155,30.000000:157.500000,1320,False,46,4,1195,0.544966,5.04392,0,0.0135364,1062 1129 1195 -1
GCP,adapt_p80-40593177313954_a337-49999999999994_333_map.h5,6.88235,10,540,1181,9.594069:337.500000,1097,True,10,4,1097,0.828003,4.88823,0,0.0124692,1162 1163 1097 -1
GCP,adapt_p48-18968510422141_a123-74999999999999_515_map.h5,7.885,10,462,743,41.810314:123.750000,1484,True,10,5,1484,0.996086,7.32904,0,0.0128121,1431 1484 1485 1431 -1
GCP,adapt_p35-659087696138755_a285-0_571_map.h5,5.75709,10,110,1235,54.340912:285.000000,1601,False,182,2,1225,0,0.0155689,0,0.0155689,1739 -1
GCP,adapt_p60-00000000000001_a157-5_94_map.h5,5.98506,10,97,1143,30.000000:157.500000,1320,False,148,3,1187,0.193596,3.93599,0,0.0144414,1428 1187 -1
GCP,adapt_p60-00000000000001_a270-0_298_map.h5,6.87037,10,508,1084,30.000000:270.000000,1339,True,12,5,1339,0.990256,5.83027,0,0.0124319,1278 1278 1339 1340 -1
GCP,adapt_p80-40593177313954_a224-99999999999997_410_map.h5,8.73427,10,143,374,9.594069:225.000000,1076,True,36,5,1077,0.721423,7.2632,0,0.0125228,1009 1076 1077 1143 -1
GCP,adapt_p70-52877936550931_a78-75_188_map.h5,7.67638,10,221,758,19.471220:78.750000,1181,True,44,5,1245,0.721552,7.52045,0,0.0134325,1116 1181 1244 1245 -1
GCP,adapt_p70-52877936550931_a11-25_29_map.h5,2.81041,10,112,1154,19.471220:11.250000,1169,False,632,2,1409,0,0.0520175,0,0.0520175,1543 -1
GCP,adapt_p80-40593177313954_a22-5_590_map.h5,7.83623,10,391,703,9.594069:22.500000,1038,True,19,5,970,0.928408,7.37257,0,0.0125669,1038 1037 969 970 -1
GCP,adapt_p70-52877936550931_a281-24999999999994_1_map.h5,7.83818,10,428,733,19.471220:281.250000,1217,True,18,5,1217,0.864234,7.26202,0,0.012606,1154 1153 1218 1217 -1
GCP,adapt_p60-00000000000001_a180-0_332_map.h5,8.88543,10,432,385,30.000000:180.000000,1324,True,11,6,1324,0.998785,8.32982,0,0.0123566,1382 1382 1383 1325 1324 -1
GCP,adapt_p80-40593177313954_a0-0_37_map.h5,7.52858,10,238,763,9.594069:0.000000,1034,False,63,4,1101,0.512109,6.34431,0,0.0132338,1097 1166 1101 -1
GCP,adapt_p70-52877936550931_a213-75_377_map.h5,7.8864,10,703,767,19.471220:213.750000,1205,True,9,5,1140,0.998711,5.84766,0,0.0124077,1205 1205 1140 1141 -1
GCP,adapt_p48-18968510422141_a33-75_319_map.h5,6.87435,10,584,1120,41.810314:33.750000,1471,True,11,5,1471,0.982698,5.79349,0,0.0124463,1523 1523 1471 1472 -1
GCP,adapt_p70-52877936550931_a78-75_527_map.h5,7.89714,10,722,786,19.471220:78.750000,1181,True,9,5,1181,0.994959,5.92377,0,0.0126831,1182 1182 1245 1181 -1
GCP,adapt_p80-40593177313954_a45-0_191_map.h5,7.82098,10,297,747,9.594069:45.000000,1042,False,21,5,1110,0.892039,7.31135,0,0.0128388,1111 1110 1109 1043 -1
GCP,adapt_p60-00000000000001_a112-49999999999999_537_map.h5,6.86181,10,491,1111,30.000000:112.500000,1313,True,13,4,1250,0.690825,4.87328,0,0.0130198,1313 1250 1249 -1
GCP,adapt_p70-52877936550931_a303-75_66_map.h5,6.85734,10,615,1120,19.471220:303.750000,1221,True,13,5,1220,0.939846,5.92003,0,0.0124773,1219 1219 1220 1221 -1
GCP,adapt_p48-18968510422141_a258-75_536_map.h5,7.86426,10,545,744,41.810314:258.750000,1504,True,12,5,1451,0.947257,5.91062,0,0.0125422,1503 1503 1451 1504 -1
GCP,adapt_p80-40593177313954_a0-0_157_map.h5,7.86636,10,581,716,9.594069:0.000000,1034,True,15,5,1034,0.921586,7.35085,0,0.0124472,1100 1033 1034 967 -1
GCP,adapt_p48-18968510422141_a258-75_494_map.h5,8.89498,10,709,341,41.810314:258.750000,1504,True,8,6,1504,0.999995,8.25902,0,0.0128234,1451 1451 1452 1504 1503 -1
GCP,adapt_p48-18968510422141_a33-75_403_map.h5,7.82536,10,329,705,41.810314:33.750000,1471,True,20,5,1417,0.8986,7.18574,0,0.0124516,1358 1416 1417 1471 -1
GCP,adapt_p48-18968510422141_a348-74999999999994_235_map.h5,6.82759,10,439,1167,41.810314:348.750000,1517,True,17,4,1518,0.695717,4.88044,0,0.0132105,1412 1518 1517 -1
GCP,adapt_p48-18968510422141_a168-74999999999997_135_map.h5,6.09364,10,93,1150,41.810314:168.750000,1491,False,127,4,1496,0.330727,5.37497,0,0.0142052,1387 1497 1496 -1
GCP,adapt_p80-40593177313954_a157-5_110_map.h5,8.88931,10,515,379,9.594069:157.500000,1063,True,10,6,1064,0.999374,8.25933,0,0.0124807,1063 1063 1064 1130 1129 -1
GCP,adapt_p80-40593177313954_a180-0_515_map.h5,7.68807,10,182,697,9.594069:180.000000,1067,True,42,5,1067,0.754631,7.26255,0,0.0127277,1198 1133 1067 1068 -1
GCP,adapt_p70-52877936550931_a33-75_200_map.h5,7.85104,10,318,749,19.471220:33.750000,1173,True,18,5,1171,0.891307,7.37493,0,0.0127614,1173 1106 1172 1171 -1
GCP,adapt_p48-18968510422141_a326-24999999999994_257_map.h5,6.18174,10,140,1099,41.810314:326.250000,1514,False,120,4,1346,0.431114,5.65387,0,0.0138368,1224 1346 1345 -1
GCP,adapt_p80-40593177313954_a224-99999999999997_236_map.h5,8.89142,10,506,346,9.594069:225.000000,1076,True,10,6,1076,0.999514,8.41388,0,0.0123671,1077 1077 1142 1076 1075 -1
GCP,adapt_p70-52877936550931_a168-74999999999997_13_map.h5,7.55401,10,141,728,19.471220:168.750000,1197,True,59,4,1196,0.504747,5.48468,0,0.0128042,1323 1197 1196 -1
GCP,adapt_p23-556464309101234_a112-5_548_map.h5,6.81231,10,331,1181,66.443535:112.500000,1697,False,22,4,1726,0.768517,4.74562,0,0.0125147,1751 1726 1725 -1
GCP,adapt_p70-52877936550931_a33-75_125_map.h5,5.83262,10,400,1477,19.471220:33.750000,1173,False,17,4,1237,0.777676,4.93253,0,0.0132032,1172 1236 1237 -1
GCP,adapt_p35-659087696138755_a195-0_581_map.h5,6.81485,10,278,1145,54.340912:195.000000,1590,True,18,4,1589,0.692667,4.8666,0,0.0130291,1590 1589 1631 -1
GCP,adapt_p35-659087696138755_a285-0_256_map.h5,7.72103,10,447,719,54.340912:285.000000,1601,True,20,4,1601,0.887818,5.51456,0,0.0127943,1506 1601 1602 -1
GCP,adapt_p48-18968510422141_a258-75_478_map.h5,7.72617,10,182,800,41.810314:258.750000,1504,True,29,5,1553,0.898094,7.22776,0,0.0126324,1452 1504 1554 1553 -1
GCP,adapt_p35-659087696138755_a14-999999999999998_200_map.h5,7.78512,10,228,816,54.340912:15.000000,1568,True,22,5,1568,0.944131,7.23612,0,0.0126747,1613 1569 1568 1567 -1
GCP,adapt_p23-556464309101234_a22-5_442_map.h5,5.8264,10,458,1481,66.443535:22.500000,1689,True,17,4,1689,0.883092,4.76051,0,0.0124231,1653 1689 1688 -1
GCP,adapt_p35-659087696138755_a255-00000000000003_358_map.h5,6.87028,10,631,1049,54.340912:255.000000,1598,True,13,5,1639,0.891579,5.88913,0,0.0125113,1597 1597 1639 1598 -1
GCP,adapt_p80-40593177313954_a180-0_25_map.h5,8.39795,10,100,418,9.594069:180.000000,1067,False,84,5,1197,0.655205,7.78409,0,0.0138911,1129 1196 1197 1132 -1
GCP,adapt_p48-18968510422141_a11-25_2_map.h5,7.72788,10,150,748,41.810314:11.250000,1468,False,35,5,1415,0.789386,7.39557,0,0.0129303,1417 1416 1415 1470 -1
GCP,adapt_p80-40593177313954_a157-5_292_map.h5,7.77628,10,462,732,9.594069:157.500000,1063,False,21,5,1066,0.852584,7.36994,0,0.0125242,1064 1065 1066 1067 -1
GCP,adapt_p48-18968510422141_a146-25_485_map.h5,8.89141,10,542,402,41.810314:146.250000,1488,True,9,6,1435,0.995093,8.34469,0,0.0123951,1434 1434 1488 1435 1436 -1
GCP,adapt_p11-715852394892384_a45-0_300_map.h5,6.86494,10,551,1150,78.284149:45.000000,1766,True,14,4,1766,0.95448,4.70566,0,0.0128532,1783 1767 1766 -1
GCP,adapt_p70-52877936550931_a213-75_537_map.h5,3.04943,10,95,1148,19.471220:213.750000,1205,False,616,2,1074,0,0.0502255,0,0.0502255,1691 -1
GCP,adapt_p60-00000000000001_a22-5_271_map.h5,6.79318,10,265,1103,30.000000:22.500000,1298,True,22,4,1298,0.719,4.85853,0,0.01265,1299 1298 1357 -1
GCP,adapt_p35-659087696138755_a105-0_107_map.h5,6.87012,10,391,1009,54.340912:105.000000,1579,True,13,4,1622,0.906014,4.83663,0,0.0126852,1578 1579 1622 -1
GCP,adapt_p70-52877936550931_a348-74999999999994_461_map.h5,7.7738,10,232,759,19.471220:348.750000,1229,False,28,5,1166,0.619731,7.35617,0,0.0130221,1168 1167 1166 1165 -1
GCP,adapt_p23-556464309101234_a247-49999999999997_64_map.h5,5.60222,10,122,1493,66.443535:247.500000,1708,True,56,4,1708,0.569452,5.26755,0,0.0126017,1758 1708 1675 -1
GCP,adapt_p60-00000000000001_a157-5_365_map.h5,6.86309,10,527,1154,30.000000:157.500000,1320,True,13,4,1320,0.851479,4.82035,0,0.0127144,1258 1320 1319 -1
GCP,adapt_p11-715852394892384_a45-0_262_map.h5,6.68176,10,177,1095,78.284149:45.000000,1766,False,50,4,1767,0.518139,4.7977,0,0.0130531,1784 1768 1767 -1
GCP,adapt_p23-556464309101234_a247-49999999999997_419_map.h5,5.8048,10,77,1198,66.443535:247.500000,1708,False,178,3,1709,0.0955515,5.2427,0,0.0159127,1744 1709 -1
GCP,adapt_p80-40593177313954_a135-0_475_map.h5,5.5709,10,149,1473,9.594069:135.000000,1059,False,57,4,1127,0.456399,5.10075,0,0.0129471,1062 1127 1193 -1
GCP,adapt_p48-18968510422141_a213-75_415_map.h5,7.87587,10,537,749,41.810314:213.750000,1497,True,12,5,1444,0.929762,7.35613,0,0.0129445,1496 1497 1444 1496 -1
GCP,adapt_p70-52877936550931_a168-74999999999997_298_map.h5,7.86388,10,571,715,19.471220:168.750000,1197,True,12,5,1197,0.992437,5.88615,0,0.0129029,1131 1131 1197 1196 -1
GCP,adapt_p60-00000000000001_a315-0_496_map.h5,6.88447,10,604,1147,30.000000:315.000000,1346,True,9,4,1346,0.985626,4.80632,0,0.013387,1347 1346 1285 -1
GCP,adapt_p70-52877936550931_a146-25_512_map.h5,7.8752,10,451,776,19.471220:146.250000,1193,False,12,5,1129,0.995566,5.85361,0,0.0126026,1194 1194 1128 1129 -1
GCP,adapt_p35-659087696138755_a255-00000000000003_78_map.h5,4.93655,10,14,338,54.340912:255.000000,1598,False,693,2,1675,0,0.0590297,0,0.0590297,1331 -1
GCP,adapt_p35-659087696138755_a195-0_329_map.h5,8.88633,10,492,348,54.340912:195.000000,1590,True,10,6,1633,0.998156,8.22807,0,0.0124655,1590 1590 1591 1633 1634 -1
GCP,adapt_p60-00000000000001_a224-99999999999997_545_map.h5,1.84854,10,24,317,30.000000:225.000000,1331,False,1800,2,1371,0,0.317036,0,0.317036,1516 -1
GCP,adapt_p80-40593177313954_a67-5_546_map.h5,6.87498,10,634,1091,9.594069:67.500000,1047,True,12,5,1047,0.998273,5.84882,0,0.0128314,1113 1113 1047 1046 -1
GCP,adapt_p70-52877936550931_a326-24999999999994_252_map.h5,8.88121,10,693,348,19.471220:326.250000,1225,True,10,5,1225,0.998079,5.92013,0,0.0125798,1224 1224 1225 1226 -1
GCP,adapt_p80-40593177313954_a337-49999999999994_449_map.h5,6.77831,10,157,754,9.594069:337.500000,1097,False,191,4,1650,0.495134,5.86498,0,0.0163279,1689 1611 1650 -1
GCP,adapt_p60-00000000000001_a112-49999999999999_557_map.h5,8.64151,10,152,376,30.000000:112.500000,1313,True,48,5,1251,0.653799,7.95605,0,0.0133047,1370 1313 1250 1251 -1
GCP,adapt_p80-40593177313954_a247-49999999999997_415_map.h5,7.81932,10,260,727,9.594069:247.500000,1080,False,22,5,1147,0.812861,7.26199,0,0.0124892,1213 1212 1147 1146 -1
GCP,adapt_p80-40593177313954_a202-49999999999997_253_map.h5,5.77999,10,354,1584,9.594069:202.500000,1072,False,25,4,1004,0.604915,5.37148,0,0.012813,1002 1071 1004 -1
GCP,adapt_p23-556464309101234_a202-5_454_map.h5,5.79988,10,327,1542,66.443535:202.500000,1704,False,23,4,1733,0.800405,4.86835,0,0.0129239,1757 1733 1706 -1
GCP,adapt_p23-556464309101234_a292-5_566_map.h5,6.87327,10,456,1132,66.443535:292.500000,1712,True,12,5,1712,0.991456,5.85431,0,0.0125474,1713 1713 1739 1712 -1
GCP,adapt_p70-52877936550931_a56-24999999999999_235_map.h5,5.84069,10,394,1506,19.471220:56.250000,1177,True,17,4,1110,0.710093,5.03137,0,0.0131388,1109 1110 1177 -1
GCP,adapt_p80-40593177313954_a224-99999999999997_505_map.h5,7.84157,10,330,734,9.594069:225.000000,1076,False,17,5,1007,0.899712,5.9216,0,0.0132271,1074 1074 1007 1008 -1
GCP,adapt_p48-18968510422141_a168-74999999999997_412_map.h5,7.81834,10,282,702,41.810314:168.750000,1491,False,23,5,1437,0.858385,7.14163,0,0.0124631,1381 1438 1437 1490 -1
GCP,adapt_p11-715852394892384_a225-0_254_map.h5,8.89437,10,692,358,78.284149:225.000000,1774,True,9,6,1774,0.989586,8.10701,0,0.0123917,1788 1788 1774 1773 1787 -1
GCP,adapt_p60-00000000000001_a247-49999999999997_94_map.h5,7.8833,10,510,780,30.000000:247.500000,1335,False,10,5,1394,0.942022,7.41812,0,0.0125095,1395 1394 1336 1395 -1
GCP,adapt_p70-52877936550931_a303-75_374_map.h5,8.71085,10,147,353,19.471220:303.750000,1221,False,39,5,1283,0.717914,7.43303,0,0.012923,1156 1220 1283 1282 -1
GCP,adapt_p11-715852394892384_a45-0_136_map.h5,5.81964,10,356,1490,78.284149:45.000000,1766,True,20,4,1766,0.689809,4.71749,0,0.0131638,1747 1746 1766 -1
GCP,adapt_p48-18968510422141_a191-25_344_map.h5,5.83255,10,356,1484,41.810314:191.250000,1494,True,15,4,1544,0.846853,4.84916,0,0.0133075,1545 1544 1494 -1
GCP,adapt_p23-556464309101234_a247-49999999999997_24_map.h5,6.87437,10,544,1147,66.443535:247.500000,1708,True,11,5,1709,0.983934,5.7551,0,0.0124289,1675 1675 1708 1709 -1
GCP,adapt_p35-659087696138755_a344-99999999999994_224_map.h5,8.90028,10,671,369,54.340912:345.000000,1609,True,6,6,1609,0.999999,8.25028,0,0.012513,1608 1608 1609 1650 1649 -1
GCP,adapt_p48-18968510422141_a168-74999999999997_281_map.h5,5.76182,10,279,1550,41.810314:168.750000,1491,False,28,4,1382,0.735317,4.79833,0,0.0129973,1324 1382 1439 -1
GCP,adapt_p80-40593177313954_a315-0_354_map.h5,7.75547,10,302,733,9.594069:315.000000,1093,True,29,4,1094,0.566498,5.43274,0,0.0133518,1157 1093 1094 -1
GCP,adapt_p35-659087696138755_a75-0_353_map.h5,6.85936,10,544,1117,54.340912:75.000000,1576,True,14,4,1575,0.816207,4.81008,0,0.0124794,1576 1575 1619 -1
GCP,adapt_p60-00000000000001_a112-49999999999999_553_map.h5,8.87423,10,521,352,30.000000:112.500000,1313,True,13,6,1313,0.999945,8.24658,0,0.0125786,1372 1372 1371 1312 1313 -1
GCP,adapt_p60-00000000000001_a90-0_294_map.h5,8.89357,10,491,380,30.000000:90.000000,1309,True,12,6,1368,0.999906,8.2425,0,0.0132335,1309 1309 1308 1367 1368 -1
GCP,adapt_p80-40593177313954_a292-5_324_map.h5,6.78991,10,230,1191,9.594069:292.500000,1088,True,26,4,1089,0.645416,4.91755,0,0.0129111,1087 1088 1089 -1
GCP,adapt_p48-18968510422141_a123-74999999999999_388_map.h5,7.7639,10,169,769,41.810314:123.750000,1484,False,30,5,1432,0.85556,7.31897,0,0.0128786,1430 1431 1485 1432 -1
GCP,adapt_p48-18968510422141_a258-75_43_map.h5,8.87894,10,564,390,41.810314:258.750000,1504,True,9,6,1451,0.99464,8.27418,0,0.0128418,1452 1452 1451 1503 1504 -1
GCP,adapt_p48-18968510422141_a348-74999999999994_559_map.h5,7.8717,10,283,739,41.810314:348.750000,1517,False,12,5,1566,0.970338,5.85972,0,0.0131175,1610 1610 1566 1565 -1
GCP,adapt_p80-40593177313954_a292-5_498_map.h5,6.86693,10,613,1088,9.594069:292.500000,1088,False,14,4,1089,0.849989,4.85136,0,0.0128646,1154 1155 1089 -1
GCP,adapt_p11-715852394892384_a135-0_236_map.h5,6.8831,10,535,1079,78.284149:135.000000,1770,True,13,4,1753,0.748119,4.848,0,0.0126936,1770 1752 1753 -1
GCP,adapt_p60-00000000000001_a270-0_389_map.h5,5.8793,10,595,1460,30.000000:270.000000,1339,True,10,5,1339,0.996726,5.83032,0,0.0124835,1278 1278 1339 1340 -1
GCP,adapt_p80-40593177313954_a0-0_136_map.h5,7.681,10,230,764,9.594069:0.000000,1034,False,41,4,1100,0.699061,5.35759,0,0.0128168,1035 1166 1100 -1
GCP,adapt_p48-18968510422141_a56-24999999999999_382_map.h5,6.81903,10,266,1117,41.810314:56.250000,1475,True,20,4,1475,0.720117,4.78241,0,0.0127573,1420 1474 1475 -1
GCP,adapt_p23-556464309101234_a202-5_115_map.h5,1.51399,10,21,318,66.443535:202.500000,1704,False,1800,2,1238,0,0.316644,0,0.316644,833 -1
GCP,adapt_p48-18968510422141_a236-25_445_map.h5,6.75783,10,446,1141,41.810314:236.250000,1501,False,27,4,1447,0.715273,5.52268,0,0.0129749,1331 1447 1448 -1
GCP,adapt_p11-715852394892384_a45-0_107_map.h5,8.89809,10,658,372,78.284149:45.000000,1766,True,6,6,1766,0.999999,8.03981,0,0.0127148,1767 1767 1766 1746 1747 -1
GCP,adapt_p35-659087696138755_a75-0_83_map.h5,5.83489,10,342,1555,54.340912:75.000000,1576,True,17,4,1576,0.898487,4.82866,0,0.0129178,1577 1576 1529 -1
GCP,adapt_p35-659087696138755_a75-0_388_map.h5,7.83601,10,365,752,54.340912:75.000000,1576,False,17,5,1619,0.956339,7.20911,0,0.0127832,1659 1658 1619 1620 -1
GCP,adapt_p70-52877936550931_a168-74999999999997_140_map.h5,6.84836,10,469,1123,19.471220:168.750000,1197,False,14,4,1198,0.756975,4.80791,0,0.0124723,1262 1199 1198 -1
GCP,adapt_p70-52877936550931_a78-75_213_map.h5,6.84198,10,283,1145,19.471220:78.750000,1181,True,19,4,1180,0.65587,4.8451,0,0.0128257,1181 1180 1243 -1
GCP,adapt_p70-52877936550931_a258-75_420_map.h5,7.81623,10,224,752,19.471220:258.750000,1213,False,20,5,1337,0.850057,7.42018,0,0.0125719,1336 1337 1338 1276 -1
GCP,adapt_p80-40593177313954_a112-49999999999999_137_map.h5,7.61238,10,223,750,9.594069:112.500000,1055,False,51,5,1054,0.724861,7.57274,0,0.0134289,1056 1121 1120 1054 -1
GCP,adapt_p60-00000000000001_a180-0_598_map.h5,8.90209,10,724,377,30.000000:180.000000,1324,True,8,6,1382,0.999978,8.33565,0,0.0136949,1324 1324 1323 1382 1383 -1
GCP,adapt_p48-18968510422141_a168-74999999999997_91_map.h5,7.63662,10,95,768,41.810314:168.750000,1491,False,48,4,1541,0.610018,5.63672,0,0.013161,1440 1542 1541 -1
GCP,adapt_p70-52877936550931_a348-74999999999994_150_map.h5,6.85928,10,390,1111,19.471220:348.750000,1229,True,16,4,1229,0.867837,4.90217,0,0.0125272,1228 1229 1292 -1
GCP,adapt_p23-556464309101234_a157-5_263_map.h5,6.84657,10,267,1133,66.443535:157.500000,1701,False,18,5,1700,0.873371,5.82078,0,0.0132552,1666 1666 1700 1728 -1
GCP,adapt_p48-18968510422141_a303-75_345_map.h5,5.88333,10,785,1602,41.810314:303.750000,1510,True,9,5,1459,0.999324,5.79033,0,0.0124803,1510 1510 1458 1459 -1
GCP,adapt_p70-52877936550931_a191-25_417_map.h5,6.80627,10,374,993,19.471220:191.250000,1201,True,25,4,1201,0.727281,4.88787,0,0.0125464,1136 1201 1200 -1
GCP,adapt_p80-40593177313954_a135-0_270_map.h5,6.88374,10,572,1151,9.594069:135.000000,1059,True,11,5,1060,0.995939,5.91209,0,0.0130462,992 992 1060 1059 -1
GCP,adapt_p35-659087696138755_a165-0_486_map.h5,8.87827,10,459,350,54.340912:165.000000,1587,True,12,6,1587,0.999952,8.24971,0,0.0125303,1629 1629 1630 1587 1586 -1
GCP,adapt_p70-52877936550931_a123-74999999999999_36_map.h5,6.85835,10,662,1051,19.471220:123.750000,1189,True,15,4,1188,0.761372,4.81992,0,0.0124607,1189 1188 1251 -1
GCP,adapt_p80-40593177313954_a337-49999999999994_445_map.h5,7.82458,10,387,721,9.594069:337.500000,1097,True,19,4,1097,0.740943,4.88672,0,0.013213,1162 1096 1097 -1
GCP,adapt_p70-52877936550931_a303-75_197_map.h5,8.06246,10,113,395,19.471220:303.750000,1221,False,138,4,1157,0.450923,6.08738,0,0.0143098,1347 1157 1156 -1
GCP,adapt_p80-40593177313954_a180-0_158_map.h5,7.0512,10,20,323,9.594069:180.000000,1067,False,316,3,1430,0.14544,6.26602,0,0.0225073,1180 1430 -1
GCP,adapt_p35-659087696138755_a135-0_191_map.h5,7.26272,10,105,809,54.340912:135.000000,1583,False,105,4,1538,0.473936,5.81882,0,0.0139001,1374 1487 1538 -1
GCP,adapt_p23-556464309101234_a202-5_206_map.h5,6.86308,10,482,1144,66.443535:202.500000,1704,True,11,4,1732,0.968212,4.76554,0,0.0127146,1733 1732 1704 -1
GCP,adapt_p48-18968510422141_a123-74999999999999_476_map.h5,7.85809,10,330,784,41.810314:123.750000,1484,False,15,5,1430,0.964318,7.3215,0,0.0126914,1372 1430 1431 1373 -1
GCP,adapt_p70-52877936550931_a101-24999999999999_570_map.h5,8.87914,10,434,389,19.471220:101.250000,1185,True,12,6,1119,0.998671,8.26076,0,0.0126629,1184 1184 1185 1119 1118 -1
GCP,adapt_p80-40593177313954_a67-5_322_map.h5,5.93825,10,107,1101,9.594069:67.500000,1047,False,147,3,1298,0.222251,3.77893,0,0.0145365,1472 1298 -1
GCP,adapt_p48-18968510422141_a56-24999999999999_399_map.h5,5.72131,10,232,1504,41.810314:56.250000,1475,False,33,4,1574,0.586333,5.06983,0,0.0134976,1474 1527 1574 -1
GCP,adapt_p48-18968510422141_a326-24999999999994_401_map.h5,6.85697,10,551,1059,41.810314:326.250000,1514,True,15,5,1462,0.900574,5.93453,0,0.0128322,1514 1514 1462 1513 -1
GCP,adapt_p60-00000000000001_a22-5_453_map.h5,7.85123,10,429,815,30.000000:22.500000,1298,False,15,5,1356,0.959853,7.34336,0,0.0125617,1355 1296 1356 1357 -1
GCP,adapt_p35-659087696138755_a344-99999999999994_100_map.h5,7.75847,10,181,725,54.340912:345.000000,1609,True,19,5,1650,0.973147,7.24858,0,0.0123302,1611 1650 1609 1610 -1
GCP,adapt_p60-00000000000001_a292-5_24_map.h5,7.79028,10,221,716,30.000000:292.500000,1343,False,26,5,1402,0.885931,7.22905,0,0.0125385,1400 1401 1402 1458 -1
GCP,adapt_p35-659087696138755_a75-0_554_map.h5,6.8614,10,459,1128,54.340912:75.000000,1576,True,13,5,1619,0.940477,5.88903,0,0.0124138,1575 1575 1619 1576 -1
GCP,adapt_p80-40593177313954_a135-0_50_map.h5,7.82424,10,338,773,9.594069:135.000000,1059,True,21,5,1059,0.895371,7.35724,0,0.012569,1058 1059 992 1060 -1
GCP,adapt_p35-659087696138755_a105-0_332_map.h5,4.44099,10,66,1115,54.340912:105.000000,1579,False,389,2,1579,0,0.027674,0,0.027674,1688 -1
GCP,adapt_p60-00000000000001_a90-0_389_map.h5,7.86526,10,433,805,30.000000:90.000000,1309,True,14,5,1309,0.983506,7.2394,0,0.012536,1367 1368 1309 1308 -1
GCP,adapt_p80-40593177313954_a45-0_62_map.h5,7.78933,10,239,747,9.594069:45.000000,1042,False,22,5,975,0.854985,7.37248,0,0.0124702,1044 1043 975 976 -1
GCP,adapt_p48-18968510422141_a78-75_200_map.h5,5.87433,10,506,1571,41.810314:78.750000,1478,True,13,5,1478,0.907446,5.79414,0,0.0124826,1424 1424 1478 1479 -1
GCP,adapt_p35-659087696138755_a105-0_41_map.h5,4.29217,10,102,1489,54.340912:105.000000,1579,False,270,2,1535,0,0.0195597,0,0.0195597,1725 -1
GCP,adapt_p35-659087696138755_a45-0_82_map.h5,6.89258,10,659,1061,54.340912:45.000000,1572,True,7,4,1571,0.711408,3.43769,0,0.0132263,1572 1572 1571 -1
GCP,adapt_p23-556464309101234_a112-5_405_map.h5,8.88655,10,433,398,66.443535:112.500000,1697,True,9,6,1697,0.999877,8.13975,0,0.012252,1725 1725 1726 1697 1696 -1
GCP,adapt_p70-52877936550931_a213-75_117_map.h5,7.81733,10,292,727,19.471220:213.750000,1205,True,22,5,1269,0.858173,7.26957,0,0.0134808,1204 1205 1206 1269 -1
GCP,adapt_p48-18968510422141_a326-24999999999994_370_map.h5,8.82857,10,407,413,41.810314:326.250000,1514,True,10,6,1462,0.998931,8.24112,0,0.0122587,1513 1513 1514 1462 1461 -1
GCP,adapt_p11-715852394892384_a225-0_321_map.h5,7.84331,10,278,710,78.284149:225.000000,1774,False,19,5,1758,0.932487,7.20698,0,0.0125195,1775 1757 1758 1735 -1
GCP,adapt_p35-659087696138755_a195-0_155_map.h5,6.56274,10,139,1111,54.340912:195.000000,1590,False,64,4,1443,0.60314,5.39659,0,0.0130921,1441 1443 1386 -1
GCP,adapt_p80-40593177313954_a135-0_326_map.h5,8.88847,10,577,390,9.594069:135.000000,1059,True,10,6,1124,0.999746,8.26516,0,0.0123488,1058 1058 1059 1125 1124 -1
GCP,adapt_p70-52877936550931_a191-25_579_map.h5,7.84739,10,461,706,19.471220:191.250000,1201,True,19,5,1201,0.944506,7.33767,0,0.0124142,1202 1201 1136 1135 -1
GCP,adapt_p11-715852394892384_a315-0_520_map.h5,5.73434,10,201,1551,78.284149:315.000000,1778,False,32,4,1761,0.688983,4.73101,0,0.0124969,1740 1762 1761 -1
GCP,adapt_p48-18968510422141_a123-74999999999999_533_map.h5,7.84543,10,325,709,41.810314:123.750000,1484,True,19,5,1431,0.956117,7.28337,0,0.012392,1484 1485 1432 1431 -1
GCP,adapt_p48-18968510422141_a11-25_58_map.h5,5.41963,10,166,1535,41.810314:11.250000,1468,False,78,3,1413,0.275281,3.37831,0,0.013211,1566 1413 -1
GCP,adapt_p23-556464309101234_a247-49999999999997_22_map.h5,7.88241,10,622,727,66.443535:247.500000,1708,True,10,5,1708,0.989524,5.75528,0,0.0133969,1735 1735 1708 1709 -1
GCP,adapt_p48-18968510422141_a56-24999999999999_481_map.h5,5.87317,10,541,1442,41.810314:56.250000,1475,True,12,5,1421,0.980214,5.78957,0,0.0126563,1475 1475 1421 1420 -1
GCP,adapt_p80-40593177313954_a0-0_503_map.h5,6.78633,10,301,1077,9.594069:0.000000,1034,True,26,4,1034,0.743167,4.91064,0,0.0124858,967 1035 1034 -1
GCP,adapt_p80-40593177313954_a22-5_420_map.h5,7.87926,10,632,687,9.594069:22.500000,1038,True,11,5,1038,0.957456,5.91159,0,0.0125432,970 970 1038 1037 -1
GCP,adapt_p48-18968510422141_a213-75_197_map.h5,6.82033,10,280,1099,41.810314:213.750000,1497,True,20,4,1497,0.720816,4.81736,0,0.0124921,1443 1444 1497 -1
GCP,adapt_p48-18968510422141_a191-25_148_map.h5,7.88824,10,651,773,41.810314:191.250000,1494,True,8,5,1441,0.9945,5.79327,0,0.0125705,1494 1494 1441 1442 -1
GCP,adapt_p60-00000000000001_a0-0_171_map.h5,7.86585,10,405,768,30.000000:0.000000,1294,True,13,5,1294,0.977038,7.34385,0,0.0129324,1293 1294 1231 1295 -1
GCP,adapt_p48-18968510422141_a146-25_6_map.h5,7.88162,10,542,741,41.810314:146.250000,1488,True,12,5,1487,0.991885,5.78431,0,0.0131772,1538 1538 1487 1488 -1
GCP,adapt_p80-40593177313954_a315-0_477_map.h5,7.80615,10,359,756,9.594069:315.000000,1093,False,23,5,1157,0.840829,5.82483,0,0.0126597,1222 1222 1157 1158 -1
GCP,adapt_p70-52877936550931_a101-24999999999999_387_map.h5,7.48838,10,58,713,19.471220:101.250000,1185,False,76,4,1371,0.537348,6.09551,0,0.0134368,1531 1370 1371 -1
GCP,adapt_p70-52877936550931_a281-24999999999994_562_map.h5,5.76813,10,163,1561,19.471220:281.250000,1217,True,30,4,1217,0.746691,4.84503,0,0.0126757,1280 1217 1218 -1
GCP,adapt_p80-40593177313954_a224-99999999999997_493_map.h5,5.81788,10,475,1484,9.594069:225.000000,1076,True,19,4,1076,0.781541,4.90483,0,0.0129385,1008 1076 1009 -1
GCP,adapt_p23-556464309101234_a337-5_243_map.h5,6.86058,10,476,1158,66.443535:337.500000,1716,False,14,5,1687,0.949736,5.78595,0,0.0132157,1685 1685 1717 1687 -1
GCP,adapt_p80-40593177313954_a292-5_327_map.h5,3.08865,10,117,1919,9.594069:292.500000,1088,False,261,2,1069,0,0.0190927,0,0.0190927,1155 -1
GCP,adapt_p80-40593177313954_a337-49999999999994_196_map.h5,4.22747,10,66,1469,9.594069:337.500000,1097,False,253,3,901,0.389448,3.42603,0,0.0188877,1038 901 -1
GCP,adapt_p60-00000000000001_a202-49999999999997_569_map.h5,8.85937,10,380,347,30.000000:202.500000,1328,True,13,6,1328,0.989077,8.26081,0,0.0124484,1265 1265 1266 1328 1327 -1
GCP,adapt_p48-18968510422141_a303-75_562_map.h5,6.71612,10,167,1138,41.810314:303.750000,1510,False,33,4,1459,0.645404,5.14624,0,0.0126853,1512 1459 1458 -1
GCP,adapt_p80-40593177313954_a112-49999999999999_354_map.h5,7.85738,10,539,762,9.594069:112.500000,1055,True,15,5,1054,0.893894,7.35709,0,0.0124254,1055 987 1054 1053 -1
GCP,adapt_p70-52877936550931_a11-25_299_map.h5,6.79874,10,225,1085,19.471220:11.250000,1169,True,24,4,1169,0.761395,4.92941,0,0.0130536,1102 1169 1170 -1
GCP,adapt_p48-18968510422141_a168-74999999999997_384_map.h5,8.88638,10,532,375,41.810314:168.750000,1491,True,11,6,1541,0.999658,8.27065,0,0.0124032,1490 1490 1491 1542 1541 -1
GCP,adapt_p60-00000000000001_a292-5_69_map.h5,6.54855,10,79,798,30.000000:292.500000,1343,False,210,2,1335,0,0.0170466,0,0.0170466,1362 -1
GCP,adapt_p80-40593177313954_a315-0_39_map.h5,7.84671,10,441,673,9.594069:315.000000,1093,True,17,5,1092,0.963824,7.31589,0,0.0131003,1093 1092 1091 1157 -1
GCP,adapt_p48-18968510422141_a213-75_331_map.h5,7.83204,10,400,801,41.810314:213.750000,1497,True,18,5,1497,0.829857,7.38575,0,0.0127676,1548 1497 1547 1546 -1
GCP,adapt_p23-556464309101234_a22-5_596_map.h5,7.86335,10,374,780,66.443535:22.500000,1689,True,15,5,1689,0.828126,7.1589,0,0.0124517,1688 1689 1653 1652 -1
GCP,adapt_p60-00000000000001_a224-99999999999997_392_map.h5,6.47819,10,144,1091,30.000000:225.000000,1331,False,78,4,1389,0.194959,5.61298,0,0.0136327,1147 1210 1273 -1
GCP,adapt_p35-659087696138755_a344-99999999999994_596_map.h5,8.89434,10,580,355,54.340912:345.000000,1609,True,8,6,1609,0.99996,8.25123,0,0.0134627,1608 1608 1609 1650 1649 -1
GCP,adapt_p60-00000000000001_a247-49999999999997_362_map.h5,8.88636,10,605,349,30.000000:247.500000,1335,True,10,6,1335,0.999316,8.24864,0,0.0124385,1394 1394 1393 1335 1336 -1
GCP,adapt_p48-18968510422141_a326-24999999999994_539_map.h5,8.90214,10,806,370,41.810314:326.250000,1514,True,8,6,1514,0.999385,8.23285,0,0.0126843,1462 1462 1461 1513 1514 -1
GCP,adapt_p23-556464309101234_a202-5_127_map.h5,8.83527,10,260,387,66.443535:202.500000,1704,False,19,5,1731,0.933388,7.10441,0,0.0125465,1754 1755 1731 1730 -1
GCP,adapt_p60-00000000000001_a67-5_224_map.h5,5.87824,10,637,1388,30.000000:67.500000,1305,True,10,5,1306,0.984972,5.80737,0,0.0125653,1365 1365 1306 1305 -1
GCP,adapt_p60-00000000000001_a292-5_547_map.h5,6.18124,10,176,1112,30.000000:292.500000,1343,False,123,2,1217,0,0.0146145,0,0.0146145,1143 -1
GCP,adapt_p80-40593177313954_a22-5_285_map.h5,7.8274,10,262,765,9.594069:22.500000,1038,True,19,5,970,0.873229,7.37236,0,0.0123904,969 970 1038 1037 -1
GCP,adapt_p35-659087696138755_a165-0_266_map.h5,8.87835,10,411,379,54.340912:165.000000,1587,True,10,6,1586,0.998028,8.30914,0,0.0125192,1629 1629 1587 1586 1540 -1
GCP,adapt_p60-00000000000001_a45-0_94_map.h5,7.85741,10,363,740,30.000000:45.000000,1301,True,15,5,1301,0.961486,7.26298,0,0.0123789,1360 1361 1302 1301 -1
GCP,adapt_p80-40593177313954_a337-49999999999994_86_map.h5,7.83833,10,414,763,9.594069:337.500000,1097,True,15,5,1096,0.824638,7.34279,0,0.012543,1162 1163 1097 1096 -1
GCP,adapt_p60-00000000000001_a292-5_577_map.h5,6.65513,10,161,1097,30.000000:292.500000,1343,True,47,4,1343,0.701535,5.50708,0,0.0126688,1345 1343 1342 -1
GCP,adapt_p48-18968510422141_a56-24999999999999_381_map.h5,6.87709,10,552,1152,41.810314:56.250000,1475,True,13,4,1421,0.975176,4.78898,0,0.0127193,1475 1421 1422 -1
GCP,adapt_p70-52877936550931_a281-24999999999994_210_map.h5,6.8809,10,622,1089,19.471220:281.250000,1217,True,11,5,1217,0.997423,5.84262,0,0.0128939,1279 1279 1216 1217 -1
GCP,adapt_p60-00000000000001_a157-5_133_map.h5,1.34981,10,15,345,30.000000:157.500000,1320,False,1800,2,1324,0,0.314386,0,0.314386,1531 -1
GCP,adapt_p60-00000000000001_a292-5_79_map.h5,7.86804,10,380,724,30.000000:292.500000,1343,True,13,5,1343,0.988413,7.24504,0,0.0127435,1283 1282 1343 1344 -1
GCP,adapt_p70-52877936550931_a56-24999999999999_234_map.h5,7.86096,10,314,739,19.471220:56.250000,1177,True,14,5,1177,0.977172,7.48863,0,0.0128439,1175 1176 1177 1110 -1
GCP,adapt_p60-00000000000001_a247-49999999999997_557_map.h5,5.72927,10,201,1513,30.000000:247.500000,1335,False,34,4,1394,0.6787,5.14591,0,0.0125358,1337 1394 1393 -1
GCP,adapt_p48-18968510422141_a303-75_273_map.h5,8.89797,10,656,378,41.810314:303.750000,1510,True,8,6,1511,0.995794,8.33325,0,0.0128448,1510 1510 1459 1511 1560 -1
GCP,adapt_p35-659087696138755_a105-0_97_map.h5,5.85212,10,483,1468,54.340912:105.000000,1579,False,13,4,1580,0.86886,4.81216,0,0.0127059,1581 1580 1623 -1
GCP,adapt_p48-18968510422141_a78-75_380_map.h5,7.84923,10,262,793,41.810314:78.750000,1478,False,16,5,1425,0.983563,7.24302,0,0.0125803,1368 1367 1425 1424 -1
GCP,adapt_p60-00000000000001_a202-49999999999997_305_map.h5,5.52077,10,203,1521,30.000000:202.500000,1328,False,66,4,1443,0.499123,5.14919,0,0.0130386,1384 1442 1443 -1
GCP,adapt_p80-40593177313954_a22-5_160_map.h5,7.86129,10,461,768,9.594069:22.500000,1038,True,12,5,1038,0.99162,5.91154,0,0.0124952,970 970 1038 1037 -1
GCP,adapt_p48-18968510422141_a213-75_148_map.h5,6.63543,10,202,1122,41.810314:213.750000,1497,False,50,4,1443,0.406537,5.62546,0,0.0133797,1495 1443 1547 -1
GCP,adapt_p70-52877936550931_a303-75_94_map.h5,4.95639,10,114,1076,19.471220:303.750000,1221,False,303,3,1160,0.0698806,3.8408,0,0.0213365,1228 1160 -1
GCP,adapt_p35-659087696138755_a224-99999999999997_470_map.h5,6.54004,10,106,1132,54.340912:225.000000,1594,False,65,4,1500,0.3127,6.41068,0,0.0128042,1595 1500 1597 -1
GCP,adapt_p23-556464309101234_a112-5_292_map.h5,3.16031,10,111,1856,66.443535:112.500000,1697,False,276,2,1462,0,0.0214348,0,0.0214348,1580 -1
GCP,adapt_p60-00000000000001_a337-49999999999994_179_map.h5,5.81725,10,302,1464,30.000000:337.500000,1350,False,21,4,1349,0.655727,4.82009,0,0.0125313,1287 1288 1349 -1
GCP,adapt_p48-18968510422141_a281-24999999999994_12_map.h5,6.83315,10,448,1121,41.810314:281.250000,1507,True,18,4,1455,0.800404,4.79833,0,0.0126558,1456 1455 1507 -1
GCP,adapt_p48-18968510422141_a11-25_54_map.h5,8.87135,10,436,392,41.810314:11.250000,1468,True,14,6,1468,0.971506,8.23072,0,0.0124635,1521 1521 1469 1468 1414 -1
GCP,adapt_p11-715852394892384_a315-0_479_map.h5,8.86929,10,541,404,78.284149:315.000000,1778,True,12,5,1779,0.901052,7.31508,0,0.0125311,1763 1779 1778 1763 -1
GCP,adapt_p80-40593177313954_a224-99999999999997_257_map.h5,5.74973,10,410,1543,9.594069:225.000000,1076,True,27,4,1077,0.796855,4.91771,0,0.0130638,1075 1076 1077 -1
GCP,adapt_p48-18968510422141_a78-75_236_map.h5,7.87241,10,367,728,41.810314:78.750000,1478,True,11,5,1478,0.961668,5.89007,0,0.0123782,1477 1477 1529 1478 -1
GCP,adapt_p48-18968510422141_a146-25_202_map.h5,6.781,10,312,1080,41.810314:146.250000,1488,True,24,4,1435,0.619442,4.80587,0,0.0128124,1487 1488 1435 -1
GCP,adapt_p48-18968510422141_a213-75_355_map.h5,5.86545,10,572,1471,41.810314:213.750000,1497,True,13,4,1498,0.921451,4.78403,0,0.0123714,1548 1498 1497 -1
GCP,adapt_p11-715852394892384_a135-0_160_map.h5,5.79625,10,231,1529,78.284149:135.000000,1770,True,25,4,1770,0.861156,4.69365,0,0.0125449,1785 1770 1771 -1
GCP,adapt_p48-18968510422141_a33-75_257_map.h5,8.65778,10,161,367,41.810314:33.750000,1471,False,46,5,1362,0.72111,7.83189,0,0.0130355,1364 1362 1361 1419 -1
GCP,adapt_p60-00000000000001_a337-49999999999994_69_map.h5,5.83934,10,299,1494,30.000000:337.500000,1350,True,16,4,1291,0.67253,4.97239,0,0.0124647,1350 1290 1291 -1
GCP,adapt_p80-40593177313954_a247-49999999999997_74_map.h5,5.81704,10,414,1448,9.594069:247.500000,1080,True,20,4,1080,0.88836,4.82399,0,0.0127579,1146 1080 1081 -1
GCP,adapt_p80-40593177313954_a157-5_374_map.h5,7.86337,10,395,742,9.594069:157.500000,1063,True,14,5,1063,0.993938,7.37239,0,0.0124067,995 996 1064 1063 -1
GCP,adapt_p60-00000000000001_a180-0_35_map.h5,6.85132,10,277,1098,30.000000:180.000000,1324,True,16,4,1382,0.847525,4.89261,0,0.0124879,1381 1382 1324 -1
GCP,adapt_p23-556464309101234_a67-5_240_map.h5,7.8589,10,479,755,66.443535:67.500000,1693,True,13,5,1656,0.9387,7.17524,0,0.01289,1693 1692 1656 1657 -1
GCP,adapt_p80-40593177313954_a202-49999999999997_479_map.h5,6.57996,10,258,1112,9.594069:202.500000,1072,False,61,4,1136,0.447424,6.02411,0,0.0128706,1262 1136 1137 -1
GCP,adapt_p80-40593177313954_a270-0_369_map.h5,8.86333,10,402,334,9.594069:270.000000,1084,True,14,6,1084,0.997164,8.35806,0,0.0124895,1085 1085 1084 1016 1083 -1
GCP,adapt_p35-659087696138755_a195-0_263_map.h5,5.83286,10,512,1461,54.340912:195.000000,1590,True,17,4,1590,0.862385,4.93414,0,0.0129572,1589 1590 1633 -1
GCP,adapt_p48-18968510422141_a326-24999999999994_275_map.h5,7.72523,10,270,811,41.810314:326.250000,1514,False,39,5,1462,0.781481,7.2464,0,0.0125737,1463 1462 1406 1407 -1
GCP,adapt_p11-715852394892384_a315-0_180_map.h5,8.90526,10,725,389,78.284149:315.000000,1778,True,8,6,1763,0.999997,8.03826,0,0.0125312,1762 1762 1778 1779 1763 -1
GCP,adapt_p35-659087696138755_a195-0_446_map.h5,7.78384,10,219,760,54.340912:195.000000,1590,False,27,5,1592,0.801139,7.20855,0,0.012945,1633 1634 1592 1593 -1
GCP,adapt_p60-00000000000001_a180-0_595_map.h5,8.8867,10,373,360,30.000000:180.000000,1324,True,10,6,1324,0.994685,8.2461,0,0.0131037,1325 1325 1324 1262 1263 -1
GCP,adapt_p48-18968510422141_a146-25_588_map.h5,7.60692,10,232,754,41.810314:146.250000,1488,True,49,4,1488,0.585656,5.21529,0,0.0128991,1541 1489 1488 -1
GCP,adapt_p60-00000000000001_a22-5_442_map.h5,8.8853,10,578,350,30.000000:22.500000,1298,True,10,6,1297,0.999859,8.2846,0,0.0125195,1234 1234 1235 1298 1297 -1
GCP,adapt_p23-556464309101234_a292-5_404_map.h5,7.88236,10,395,714,66.443535:292.500000,1712,True,11,5,1680,0.987593,5.8217,0,0.0124523,1713 1713 1712 1680 -1
GCP,adapt_p35-659087696138755_a45-0_295_map.h5,8.8833,10,443,379,54.340912:45.000000,1572,True,10,6,1572,0.999755,8.19745,0,0.0125031,1616 1616 1617 1573 1572 -1
GCP,adapt_p80-40593177313954_a0-0_81_map.h5,8.77211,10,132,429,9.594069:0.000000,1034,True,27,5,1100,0.849696,7.34531,0,0.0126609,1033 1100 1166 1034 -1
GCP,adapt_p60-00000000000001_a202-49999999999997_255_map.h5,8.71787,10,143,366,30.000000:202.500000,1328,True,37,5,1328,0.812051,7.31346,0,0.0129356,1387 1328 1266 1267 -1
GCP,adapt_p35-659087696138755_a315-0_465_map.h5,6.7522,10,348,1160,54.340912:315.000000,1605,False,26,4,1645,0.841093,4.77218,0,0.0125951,1681 1645 1646 -1
GCP,adapt_p70-52877936550931_a168-74999999999997_398_map.h5,7.63805,10,140,775,19.471220:168.750000,1197,False,55,4,1259,0.689756,6.1447,0,0.0137485,1439 1259 1196 -1
GCP,adapt_p70-52877936550931_a258-75_301_map.h5,8.89831,10,759,320,19.471220:258.750000,1213,True,9,6,1213,0.999997,8.27857,0,0.0134801,1276 1276 1277 1214 1213 -1
GCP,adapt_p23-556464309101234_a247-49999999999997_380_map.h5,6.82142,10,281,1118,66.443535:247.500000,1708,False,17,4,1641,0.729759,4.86559,0,0.013399,1642 1641 1677 -1
GCP,adapt_p80-40593177313954_a202-49999999999997_435_map.h5,5.19478,10,70,818,9.594069:202.500000,1072,False,431,2,992,0,0.0307507,0,0.0307507,1364 -1
GCP,adapt_p60-00000000000001_a67-5_286_map.h5,7.82319,10,296,757,30.000000:67.500000,1305,True,22,5,1304,0.892044,7.15185,0,0.0126044,1364 1305 1304 1241 -1
GCP,adapt_p48-18968510422141_a33-75_282_map.h5,8.84521,10,279,391,41.810314:33.750000,1471,True,18,6,1416,0.982384,8.18762,0,0.0125918,1358 1358 1416 1417 1471 -1
GCP,adapt_p80-40593177313954_a202-49999999999997_540_map.h5,6.9121,10,57,379,9.594069:202.500000,1072,False,332,3,1120,0.206934,4.62146,0,0.0235145,1426 1120 -1
GCP,adapt_p48-18968510422141_a281-24999999999994_366_map.h5,6.8753,10,575,1065,41.810314:281.250000,1507,False,11,5,1454,0.982626,5.80739,0,0.01247,1506 1506 1454 1453 -1
GCP,adapt_p60-00000000000001_a202-49999999999997_487_map.h5,7.47199,10,100,749,30.000000:202.500000,1328,False,62,4,1261,0.60041,6.01019,0,0.0128245,1265 1262 1261 -1
GCP,adapt_p80-40593177313954_a337-49999999999994_469_map.h5,7.87914,10,512,806,9.594069:337.500000,1097,True,11,5,1096,0.97214,5.88758,0,0.0126659,1162 1162 1096 1097 -1
GCP,adapt_p80-40593177313954_a292-5_52_map.h5,8.89512,10,499,400,9.594069:292.500000,1088,True,9,6,1020,0.998777,8.35202,0,0.0126878,1021 1021 1088 1020 1087 -1
GCP,adapt_p60-00000000000001_a135-0_147_map.h5,6.80048,10,683,1080,30.000000:135.000000,1316,True,11,5,1316,0.985567,5.829,0,0.0123147,1375 1375 1316 1317 -1
GCP,adapt_p80-40593177313954_a45-0_412_map.h5,6.5641,10,133,1110,9.594069:45.000000,1042,False,55,4,1043,0.472741,5.91548,0,0.0127316,973 1043 1110 -1
GCP,adapt_p35-659087696138755_a285-0_446_map.h5,6.50763,10,153,1139,54.340912:285.000000,1601,False,68,4,1558,0.373986,5.38362,0,0.0131921,1400 1509 1558 -1
GCP,adapt_p48-18968510422141_a33-75_249_map.h5,7.87578,10,449,788,41.810314:33.750000,1471,True,10,5,1472,0.982695,5.78534,0,0.0130178,1524 1524 1472 1471 -1
GCP,adapt_p23-556464309101234_a157-5_315_map.h5,8.88101,10,550,354,66.443535:157.500000,1701,True,10,6,1729,0.999768,8.15846,0,0.0127865,1700 1700 1701 1729 1728 -1
GCP,adapt_p48-18968510422141_a168-74999999999997_80_map.h5,7.06621,10,84,355,41.810314:168.750000,1491,False,305,3,1260,0.17159,5.50505,0,0.0214823,1537 1260 -1
GCP,adapt_p80-40593177313954_a157-5_291_map.h5,7.88426,10,673,751,9.594069:157.500000,1063,True,10,5,1063,0.983929,7.50004,0,0.0125187,1064 1063 1129 1064 -1
GCP,adapt_p35-659087696138755_a255-00000000000003_452_map.h5,8.89741,10,718,388,54.340912:255.000000,1598,True,7,6,1597,0.999998,8.40107,0,0.0123805,1598 1598 1639 1597 1553 -1
GCP,adapt_p11-715852394892384_a315-0_368_map.h5,8.88036,10,485,363,78.284149:315.000000,1778,True,12,6,1778,0.999124,8.03814,0,0.0124537,1762 1762 1778 1779 1763 -1
GCP,adapt_p35-659087696138755_a255-00000000000003_21_map.h5,6.88939,10,514,1201,54.340912:255.000000,1598,True,7,5,1640,0.997867,5.82609,0,0.0124238,1598 1598 1640 1639 -1
GCP,adapt_p11-715852394892384_a135-0_82_map.h5,7.86439,10,439,732,78.284149:135.000000,1770,False,14,5,1771,0.831127,7.57362,0,0.0124091,1753 1771 1772 1752 -1
GCP,adapt_p23-556464309101234_a337-5_590_map.h5,8.88034,10,313,402,66.443535:337.500000,1716,True,11,6,1685,0.999952,8.18227,0,0.0124593,1716 1716 1717 1685 1684 -1
GCP,adapt_p23-556464309101234_a247-49999999999997_295_map.h5,7.85695,10,292,734,66.443535:247.500000,1708,True,15,5,1708,0.959635,7.13777,0,0.0128249,1736 1735 1708 1709 -1
GCP,adapt_p80-40593177313954_a337-49999999999994_32_map.h5,6.65615,10,326,1175,9.594069:337.500000,1097,True,45,4,1097,0.60432,6.34652,0,0.0126475,1166 1097 1096 -1
GCP,adapt_p80-40593177313954_a135-0_42_map.h5,5.45156,10,186,1423,9.594069:135.000000,1059,False,76,3,1126,0.317816,3.58783,0,0.0132975,1129 1126 -1
GCP,adapt_p23-556464309101234_a247-49999999999997_62_map.h5,7.88009,10,485,704,66.443535:247.500000,1708,True,11,5,1709,0.956182,5.75537,0,0.0126971,1675 1675 1708 1709 -1
GCP,adapt_p48-18968510422141_a213-75_473_map.h5,7.89025,10,594,781,41.810314:213.750000,1497,True,10,5,1498,0.969961,5.78486,0,0.0125323,1548 1548 1498 1497 -1
GCP,adapt_p60-00000000000001_a315-0_4_map.h5,8.89939,10,670,387,30.000000:315.000000,1346,True,6,6,1346,0.999999,8.24887,0,0.0124101,1347 1347 1346 1285 1286 -1
GCP,adapt_p48-18968510422141_a11-25_475_map.h5,7.82634,10,290,714,41.810314:11.250000,1468,True,17,5,1413,0.986142,7.28576,0,0.0124634,1412 1413 1414 1468 -1
GCP,adapt_p70-52877936550931_a236-25_453_map.h5,6.74321,10,593,1099,19.471220:236.250000,1209,True,28,4,1209,0.572474,4.93562,0,0.012609,1272 1209 1143 -1
GCP,adapt_p80-40593177313954_a135-0_305_map.h5,6.86624,10,665,1072,9.594069:135.000000,1059,True,12,5,1059,0.97166,5.91162,0,0.012579,992 992 1060 1059 -1
GCP,adapt_p80-40593177313954_a292-5_511_map.h5,5.86237,10,448,1434,9.594069:292.500000,1088,True,13,4,1088,0.938346,4.9171,0,0.0124567,1089 1088 1087 -1
GCP,adapt_p35-659087696138755_a14-999999999999998_454_map.h5,6.63476,10,208,1200,54.340912:15.000000,1568,True,43,4,1568,0.694894,5.34349,0,0.0130517,1468 1568 1569 -1
GCP,adapt_p60-00000000000001_a292-5_393_map.h5,7.87223,10,465,746,30.000000:292.500000,1343,True,14,5,1343,0.966954,7.2484,0,0.0125834,1400 1401 1343 1342 -1
GCP,adapt_p80-40593177313954_a315-0_235_map.h5,6.86119,10,494,1132,9.594069:315.000000,1093,True,13,4,1092,0.788344,4.96221,0,0.0126076,1157 1092 1093 -1
GCP,adapt_p23-556464309101234_a157-5_109_map.h5,6.87175,10,471,1148,66.443535:157.500000,1701,True,12,4,1700,0.927186,4.80423,0,0.0130565,1666 1700 1701 -1
GCP,adapt_p35-659087696138755_a255-00000000000003_99_map.h5,7.87238,10,420,728,54.340912:255.000000,1598,True,13,5,1597,0.967906,7.36052,0,0.0124178,1596 1597 1598 1639 -1
GCP,adapt_p70-52877936550931_a191-25_561_map.h5,7.88823,10,592,741,19.471220:191.250000,1201,True,10,5,1201,0.988428,7.44871,0,0.0125717,1202 1201 1264 1202 -1
GCP,adapt_p48-18968510422141_a78-75_599_map.h5,7.8414,10,242,789,41.810314:78.750000,1478,False,18,5,1426,0.976623,7.17953,0,0.0124014,1368 1426 1425 1479 -1
GCP,adapt_p35-659087696138755_a344-99999999999994_49_map.h5,8.8833,10,375,380,54.340912:345.000000,1609,False,10,6,1649,0.994862,8.22657,0,0.0125085,1648 1648 1649 1608 1607 -1
GCP,adapt_p23-556464309101234_a247-49999999999997_171_map.h5,8.85819,10,356,377,66.443535:247.500000,1708,True,14,6,1709,0.939475,8.3637,0,0.012612,1736 1736 1708 1709 1676 -1
GCP,adapt_p60-00000000000001_a0-0_291_map.h5,6.88218,10,571,1108,30.000000:0.000000,1294,True,11,5,1294,0.995755,5.90205,0,0.0126254,1231 1231 1294 1295 -1
GCP,adapt_p70-52877936550931_a56-24999999999999_228_map.h5,8.78633,10,202,386,19.471220:56.250000,1177,False,25,5,1239,0.866336,7.2598,0,0.0124933,1302 1239 1176 1240 -1
GCP,adapt_p60-00000000000001_a112-49999999999999_479_map.h5,7.88692,10,524,742,30.000000:112.500000,1313,True,11,5,1313,0.877773,5.96247,0,0.0128976,1312 1312 1371 1313 -1
GCP,adapt_p70-52877936550931_a78-75_332_map.h5,5.83541,10,464,1510,19.471220:78.750000,1181,True,14,5,1181,0.865339,5.81111,0,0.0124058,1115 1115 1181 1180 -1
GCP,adapt_p80-40593177313954_a135-0_119_map.h5,7.696,10,236,733,9.594069:135.000000,1059,False,43,5,1125,0.733897,7.63509,0,0.0128221,1193 1126 1125 1191 -1
GCP,adapt_p70-52877936550931_a56-24999999999999_12_map.h5,6.87819,10,463,1144,19.471220:56.250000,1177,True,12,4,1240,0.880961,4.84503,0,0.0126143,1241 1240 1177 -1
GCP,adapt_p35-659087696138755_a135-0_295_map.h5,7.88371,10,419,747,54.340912:135.000000,1583,True,12,5,1583,0.891648,5.7793,0,0.0131133,1626 1626 1583 1582 -1
GCP,adapt_p48-18968510422141_a191-25_330_map.h5,8.87141,10,339,364,41.810314:191.250000,1494,True,12,6,1494,0.982048,8.2202,0,0.0123929,1493 1493 1494 1441 1442 -1
GCP,adapt_p35-659087696138755_a135-0_255_map.h5,6.87516,10,540,1182,54.340912:135.000000,1583,False,13,4,1626,0.939395,4.77298,0,0.0126572,1582 1625 1626 -1
GCP,adapt_p23-556464309101234_a157-5_374_map.h5,5.87561,10,578,1465,66.443535:157.500000,1701,True,11,5,1700,0.939211,5.77514,0,0.0132144,1729 1729 1701 1700 -1
GCP,adapt_p48-18968510422141_a303-75_366_map.h5,6.84756,10,496,1169,41.810314:303.750000,1510,True,14,4,1459,0.922523,4.78378,0,0.0132511,1510 1511 1459 -1
GCP,adapt_p70-52877936550931_a146-25_444_map.h5,7.79632,10,216,759,19.471220:146.250000,1193,True,27,4,1194,0.843927,5.09802,0,0.0124911,1258 1194 1193 -1
GCP,adapt_p80-40593177313954_a292-5_154_map.h5,8.90125,10,634,392,9.594069:292.500000,1088,True,8,6,1089,0.999496,8.30145,0,0.0125372,1155 1155 1154 1088 1089 -1
GCP,adapt_p60-00000000000001_a180-0_344_map.h5,7.84834,10,432,759,30.000000:180.000000,1324,False,17,5,1263,0.889651,7.24487,0,0.0124558,1262 1263 1325 1326 -1
GCP,adapt_p48-18968510422141_a146-25_444_map.h5,7.89241,10,514,787,41.810314:146.250000,1488,True,10,5,1487,0.99978,5.81921,0,0.0123915,1434 1434 1487 1488 -1
GCP,adapt_p80-40593177313954_a247-49999999999997_334_map.h5,7.87174,10,511,738,9.594069:247.500000,1080,True,12,5,1079,0.989385,5.91861,0,0.0130644,1078 1078 1079 1080 -1
GCP,adapt_p48-18968510422141_a146-25_167_map.h5,7.85777,10,447,705,41.810314:146.250000,1488,True,13,5,1487,0.946614,7.26625,0,0.0130244,1538 1487 1434 1488 -1
GCP,adapt_p60-00000000000001_a67-5_293_map.h5,6.69875,10,211,1089,30.000000:67.500000,1305,False,38,4,1365,0.560677,5.34797,0,0.0130495,1243 1365 1366 -1
GCP,adapt_p35-659087696138755_a224-99999999999997_423_map.h5,3.02186,10,56,1047,54.340912:225.000000,1594,False,628,2,1447,0,0.050763,0,0.050763,1564 -1
GCP,adapt_p80-40593177313954_a270-0_513_map.h5,5.85235,10,525,1533,9.594069:270.000000,1084,True,14,4,1085,0.827621,4.90436,0,0.0124634,1084 1017 1085 -1
GCP,adapt_p60-00000000000001_a112-49999999999999_451_map.h5,5.84028,10,471,1448,30.000000:112.500000,1313,True,17,4,1313,0.885613,4.89574,0,0.0125217,1251 1314 1313 -1
GCP,adapt_p70-52877936550931_a303-75_52_map.h5,7.8432,10,351,725,19.471220:303.750000,1221,True,16,5,1222,0.923739,7.2242,0,0.0126221,1157 1222 1221 1284 -1
GCP,adapt_p35-659087696138755_a315-0_149_map.h5,7.38871,10,150,783,54.340912:315.000000,1605,False,77,3,1647,0.534257,5.0198,0,0.0131114,1401 1647 -1
GCP,adapt_p60-00000000000001_a270-0_236_map.h5,6.86353,10,486,1129,30.000000:270.000000,1339,True,12,4,1339,0.977858,4.80156,0,0.0122594,1338 1339 1397 -1
GCP,adapt_p23-556464309101234_a112-5_523_map.h5,7.72677,10,129,771,66.443535:112.500000,1697,True,36,5,1662,0.796509,7.28145,0,0.0130446,1623 1662 1697 1696 -1
GCP,adapt_p48-18968510422141_a348-74999999999994_349_map.h5,7.843,10,283,749,41.810314:348.750000,1517,True,13,5,1517,0.984832,7.40109,0,0.0127414,1565 1517 1465 1516 -1
GCP,adapt_p48-18968510422141_a123-74999999999999_364_map.h5,7.7959,10,214,704,41.810314:123.750000,1484,True,21,5,1483,0.887658,7.21597,0,0.0129408,1429 1483 1484 1535 -1
GCP,adapt_p35-659087696138755_a195-0_398_map.h5,8.88424,10,590,362,54.340912:195.000000,1590,True,11,6,1590,0.999923,8.2034,0,0.0125681,1545 1545 1590 1591 1633 -1
GCP,adapt_p70-52877936550931_a236-25_486_map.h5,7.78821,10,276,728,19.471220:236.250000,1209,True,28,4,1208,0.704376,5.06138,0,0.0125892,1270 1208 1209 -1
GCP,adapt_p48-18968510422141_a213-75_97_map.h5,8.82424,10,749,396,41.810314:213.750000,1497,True,12,6,1548,0.999945,8.22165,0,0.0125713,1498 1498 1497 1547 1548 -1
GCP,adapt_p60-00000000000001_a90-0_57_map.h5,6.87334,10,604,1102,30.000000:90.000000,1309,True,12,5,1368,0.969123,5.79291,0,0.0124708,1309 1309 1368 1367 -1
GCP,adapt_p48-18968510422141_a78-75_14_map.h5,7.87024,10,449,716,41.810314:78.750000,1478,True,12,5,1424,0.979368,7.36311,0,0.012573,1425 1424 1478 1425 -1
GCP,adapt_p80-40593177313954_a337-49999999999994_467_map.h5,6.70994,10,29,829,9.594069:337.500000,1097,False,200,4,1722,0.516244,5.69581,0,0.0163611,1659 1722 1721 -1
GCP,adapt_p35-659087696138755_a315-0_326_map.h5,5.83126,10,256,1503,54.340912:315.000000,1605,True,19,4,1605,0.913254,4.7779,0,0.0125496,1606 1605 1646 -1
GCP,adapt_p48-18968510422141_a236-25_288_map.h5,7.59913,10,152,729,41.810314:236.250000,1501,True,53,4,1501,0.533795,5.18568,0,0.0126654,1552 1501 1448 -1
GCP,adapt_p70-52877936550931_a101-24999999999999_74_map.h5,7.66225,10,111,780,19.471220:101.250000,1185,False,45,4,1578,0.658004,5.22546,0,0.0135736,1534 1579 1578 -1
GCP,adapt_p80-40593177313954_a90-0_430_map.h5,7.8784,10,566,721,9.594069:90.000000,1051,True,11,5,1051,0.969035,5.91795,0,0.0124046,1052 1052 1051 1050 -1
GCP,adapt_p23-556464309101234_a202-5_436_map.h5,6.84221,10,396,1131,66.443535:202.500000,1704,True,16,5,1705,0.957182,5.77692,0,0.0125792,1732 1732 1704 1705 -1
GCP,adapt_p70-52877936550931_a213-75_534_map.h5,5.79313,10,361,1485,19.471220:213.750000,1205,False,24,4,1268,0.712007,5.16132,0,0.0126561,1204 1268 1269 -1
GCP,adapt_p80-40593177313954_a315-0_280_map.h5,8.84537,10,344,355,9.594069:315.000000,1093,True,16,6,1092,0.975527,8.83133,0,0.0124367,1025 1025 1091 1092 1093 -1
GCP,adapt_p11-715852394892384_a45-0_565_map.h5,6.8831,10,601,1077,78.284149:45.000000,1766,True,10,5,1766,0.982935,5.67668,0,0.012707,1767 1767 1766 1746 -1
GCP,adapt_p60-00000000000001_a315-0_585_map.h5,7.87498,10,592,761,30.000000:315.000000,1346,False,11,5,1404,0.988583,5.82702,0,0.0128256,1347 1347 1405 1404 -1
GCP,adapt_p23-556464309101234_a337-5_64_map.h5,7.82339,10,318,735,66.443535:337.500000,1716,True,20,5,1685,0.797487,7.1674,0,0.0124142,1716 1717 1685 1649 -1
GCP,adapt_p80-40593177313954_a180-0_295_map.h5,8.87635,10,446,414,9.594069:180.000000,1067,True,13,6,1066,0.999213,8.25888,0,0.0124625,1133 1133 1132 1066 1067 -1
GCP,adapt_p48-18968510422141_a258-75_324_map.h5,7.8914,10,618,818,41.810314:258.750000,1504,False,9,5,1452,0.994791,5.8185,0,0.0123915,1505 1505 1453 1452 -1
GCP,adapt_p48-18968510422141_a146-25_567_map.h5,7.83726,10,571,711,41.810314:146.250000,1488,True,10,5,1435,0.998764,5.81442,0,0.0125452,1488 1488 1435 1434 -1
GCP,adapt_p80-40593177313954_a135-0_594_map.h5,7.86995,10,357,763,9.594069:135.000000,1059,False,16,5,1060,0.967604,7.37283,0,0.0128448,992 993 1061 1060 -1
GCP,adapt_p48-18968510422141_a146-25_591_map.h5,0.909758,10,87,1839,41.810314:146.250000,1488,False,620,2,1097,0,0.0494084,0,0.0494084,1086 -1
GCP,adapt_p23-556464309101234_a247-49999999999997_384_map.h5,7.8236,10,288,727,66.443535:247.500000,1708,True,19,5,1735,0.941657,7.13884,0,0.0131936,1734 1735 1708 1709 -1
GCP,adapt_p60-00000000000001_a0-0_53_map.h5,1.72865,10,8,335,30.000000:0.000000,1294,False,1800,2,1038,0,0.315868,0,0.315868,1059 -1
GCP,adapt_p70-52877936550931_a33-75_410_map.h5,7.85904,10,432,696,19.471220:33.750000,1173,True,15,5,1173,0.910876,7.3177,0,0.0127496,1172 1173 1236 1237 -1
GCP,adapt_p80-40593177313954_a337-49999999999994_416_map.h5,5.17796,10,114,1460,9.594069:337.500000,1097,False,116,3,1336,0.150121,4.16888,0,0.0145892,1225 1096 -1
GCP,adapt_p80-40593177313954_a315-0_445_map.h5,6.86618,10,551,1094,9.594069:315.000000,1093,True,14,4,1093,0.830154,4.87145,0,0.0126122,1092 1093 1159 -1
GCP,adapt_p23-556464309101234_a157-5_584_map.h5,6.26358,10,87,783,66.443535:157.500000,1701,False,260,3,1391,0.160522,5.00557,0,0.0188385,1327 1391 -1
GCP,adapt_p48-18968510422141_a33-75_295_map.h5,8.83323,10,162,379,41.810314:33.750000,1471,True,20,5,1418,0.930981,7.22744,0,0.0125802,1471 1472 1418 1417 -1
GCP,adapt_p48-18968510422141_a303-75_85_map.h5,7.83141,10,254,831,41.810314:303.750000,1510,False,20,5,1457,0.950965,7.21573,0,0.0123959,1508 1509 1457 1456 -1
GCP,adapt_p70-52877936550931_a348-74999999999994_576_map.h5,7.89718,10,634,761,19.471220:348.750000,1229,True,8,5,1292,0.993712,5.89776,0,0.0126118,1229 1229 1292 1230 -1
GCP,adapt_p60-00000000000001_a22-5_21_map.h5,7.88514,10,735,676,30.000000:22.500000,1298,True,10,5,1357,0.976631,7.34627,0,0.0126523,1297 1298 1357 1297 -1
GCP,adapt_p80-40593177313954_a247-49999999999997_287_map.h5,7.76113,10,333,820,9.594069:247.500000,1080,False,28,5,1211,0.764956,7.17795,0,0.0126834,1275 1212 1211 1146 -1
GCP,adapt_p48-18968510422141_a281-24999999999994_441_map.h5,7.78513,10,188,761,41.810314:281.250000,1507,False,30,5,1398,0.767754,7.52482,0,0.0126731,1400 1455 1454 1398 -1
GCP,adapt_p48-18968510422141_a168-74999999999997_530_map.h5,7.88046,10,619,768,41.810314:168.750000,1491,True,11,5,1437,0.889798,5.79337,0,0.0133416,1491 1491 1438 1437 -1
GCP,adapt_p80-40593177313954_a157-5_470_map.h5,5.0121,10,99,1151,9.594069:157.500000,1063,False,296,3,1129,0.0915389,3.85076,0,0.0206503,926 1129 -1
GCP,adapt_p70-52877936550931_a146-25_314_map.h5,2.00899,10,59,303,19.471220:146.250000,1193,False,1800,2,1318,0,0.313281,0,0.313281,1208 -1
GCP,adapt_p60-00000000000001_a22-5_470_map.h5,5.7802,10,424,1437,30.000000:22.500000,1298,True,25,4,1298,0.732551,5.02633,0,0.0126247,1234 1298 1358 -1
GCP,adapt_p70-52877936550931_a348-74999999999994_65_map.h5,8.89128,10,564,347,19.471220:348.750000,1229,True,8,6,1229,0.998033,8.34468,0,0.0125295,1228 1228 1229 1292 1291 -1
GCP,adapt_p70-52877936550931_a123-74999999999999_393_map.h5,8.8603,10,344,377,19.471220:123.750000,1189,True,17,5,1252,0.929,7.25936,0,0.0125332,1190 1189 1252 1253 -1
GCP,adapt_p11-715852394892384_a315-0_175_map.h5,5.59746,10,205,1535,78.284149:315.000000,1778,False,66,4,1796,0.371825,4.5927,0,0.0133467,1787 1796 1797 -1
GCP,adapt_p60-00000000000001_a67-5_173_map.h5,7.80339,10,213,789,30.000000:67.500000,1305,True,23,5,1306,0.868527,7.4743,0,0.0124382,1241 1305 1306 1243 -1
GCP,adapt_p48-18968510422141_a258-75_275_map.h5,8.8893,10,692,383,41.810314:258.750000,1504,True,11,6,1503,0.999583,8.2926,0,0.0124991,1553 1553 1503 1451 1504 -1
GCP,adapt_p11-715852394892384_a315-0_416_map.h5,5.86719,10,455,1534,78.284149:315.000000,1778,True,13,4,1763,0.953589,4.73502,0,0.0126068,1778 1762 1763 -1
GCP,adapt_p23-556464309101234_a247-49999999999997_519_map.h5,8.84703,10,359,414,66.443535:247.500000,1708,True,14,6,1708,0.973649,8.1536,0,0.0127708,1676 1676 1675 1708 1709 -1
GCP,adapt_p80-40593177313954_a67-5_538_map.h5,7.86899,10,584,736,9.594069:67.500000,1047,True,10,5,1046,0.994227,5.91184,0,0.0127971,979 979 1047 1046 -1
GCP,adapt_p48-18968510422141_a168-74999999999997_329_map.h5,8.71073,10,137,385,41.810314:168.750000,1491,False,38,5,1489,0.707822,7.41998,0,0.0130762,1487 1488 1489 1435 -1
GCP,adapt_p11-715852394892384_a225-0_462_map.h5,5.79424,10,242,1531,78.284149:225.000000,1774,False,25,4,1759,0.698907,4.72565,0,0.0125789,1735 1758 1759 -1
GCP,adapt_p70-52877936550931_a11-25_596_map.h5,6.85993,10,567,1138,19.471220:11.250000,1169,True,15,5,1102,0.902435,5.90939,0,0.0128727,1168 1168 1102 1169 -1
GCP,adapt_p70-52877936550931_a123-74999999999999_181_map.h5,8.88925,10,560,375,19.471220:123.750000,1189,True,10,6,1189,0.999444,8.27401,0,0.0124451,1124 1124 1123 1189 1190 -1
GCP,adapt_p60-00000000000001_a292-5_139_map.h5,6.85914,10,596,1027,30.000000:292.500000,1343,True,16,4,1343,0.731659,5.08294,0,0.0126697,1344 1343 1281 -1
GCP,adapt_p70-52877936550931_a123-74999999999999_80_map.h5,5.90528,10,150,1116,19.471220:123.750000,1189,False,155,2,1125,0,0.0144995,0,0.0144995,1201 -1
GCP,adapt_p35-659087696138755_a75-0_548_map.h5,8.88114,10,397,376,54.340912:75.000000,1576,True,10,6,1576,0.999593,8.42577,0,0.0126631,1529 1529 1575 1576 1530 -1
GCP,adapt_p80-40593177313954_a224-99999999999997_28_map.h5,8.88688,10,462,359,9.594069:225.000000,1076,False,11,6,1075,0.998505,8.26388,0,0.0129114,1141 1141 1140 1074 1075 -1
GCP,adapt_p48-18968510422141_a78-75_384_map.h5,6.84833,10,385,1027,41.810314:78.750000,1478,False,16,4,1424,0.951473,4.7978,0,0.0124734,1366 1424 1425 -1
GCP,adapt_p60-00000000000001_a157-5_164_map.h5,8.8851,10,369,383,30.000000:157.500000,1320,True,11,6,1321,0.988878,8.31201,0,0.0127118,1379 1379 1380 1321 1320 -1
GCP,adapt_p48-18968510422141_a146-25_88_map.h5,6.88455,10,594,1097,41.810314:146.250000,1488,True,10,4,1435,0.819809,4.81426,0,0.0132437,1434 1435 1488 -1
GCP,adapt_p60-00000000000001_a157-5_218_map.h5,7.84234,10,282,721,30.000000:157.500000,1320,True,19,5,1320,0.92904,7.26149,0,0.0124645,1257 1258 1320 1319 -1
GCP,adapt_p60-00000000000001_a337-49999999999994_567_map.h5,5.2036,10,181,1527,30.000000:337.500000,1350,False,111,3,1352,0.313033,4.77843,0,0.0142498,1415 1352 -1
GCP,adapt_p70-52877936550931_a348-74999999999994_179_map.h5,8.81734,10,184,392,19.471220:348.750000,1229,True,23,5,1230,0.794198,7.34467,0,0.0124586,1164 1165 1230 1229 -1
GCP,adapt_p60-00000000000001_a337-49999999999994_380_map.h5,7.80729,10,249,725,30.000000:337.500000,1350,True,23,5,1290,0.866793,7.31001,0,0.0125269,1228 1290 1351 1350 -1
GCP,adapt_p23-556464309101234_a67-5_256_map.h5,8.87646,10,375,389,66.443535:67.500000,1693,True,12,6,1693,0.996242,8.19966,0,0.0123357,1722 1722 1692 1693 1657 -1
GCP,adapt_p80-40593177313954_a247-49999999999997_319_map.h5,5.82578,10,355,1437,9.594069:247.500000,1080,True,17,4,1080,0.700254,4.92023,0,0.013024,1011 1012 1080 -1
GCP,adapt_p80-40593177313954_a247-49999999999997_172_map.h5,6.85234,10,391,1135,9.594069:247.500000,1080,True,15,5,1080,0.886031,5.90524,0,0.0124564,1012 1012 1080 1013 -1
GCP,adapt_p23-556464309101234_a22-5_302_map.h5,7.87431,10,481,781,66.443535:22.500000,1689,True,12,5,1719,0.997703,7.33529,0,0.0124819,1720 1719 1689 1720 -1
GCP,adapt_p11-715852394892384_a45-0_331_map.h5,6.88008,10,572,1133,78.284149:45.000000,1766,True,11,4,1766,0.917759,4.67602,0,0.0127021,1746 1766 1767 -1
GCP,adapt_p48-18968510422141_a168-74999999999997_305_map.h5,5.81589,10,488,1510,41.810314:168.750000,1491,True,21,4,1491,0.63544,4.78363,0,0.0129162,1438 1491 1490 -1
GCP,adapt_p70-52877936550931_a78-75_68_map.h5,5.86379,10,311,1391,19.471220:78.750000,1181,True,13,4,1182,0.963129,4.81046,0,0.0130072,1115 1181 1182 -1
GCP,adapt_p80-40593177313954_a67-5_276_map.h5,7.85137,10,351,731,9.594069:67.500000,1047,True,15,5,1047,0.970086,7.29353,0,0.0124245,1113 1114 1048 1047 -1
GCP,adapt_p35-659087696138755_a105-0_467_map.h5,7.30492,10,39,395,54.340912:105.000000,1579,False,263,3,1483,0.191422,5.5022,0,0.0208251,1701 1483 -1
GCP,adapt_p23-556464309101234_a112-5_40_map.h5,8.88133,10,574,382,66.443535:112.500000,1697,True,9,6,1697,0.999272,8.09629,0,0.0124443,1662 1662 1697 1696 1725 -1
GCP,adapt_p80-40593177313954_a224-99999999999997_476_map.h5,7.78316,10,216,761,9.594069:225.000000,1076,True,20,5,1076,0.902595,7.26118,0,0.0126455,1009 1077 1076 1142 -1
GCP,adapt_p23-556464309101234_a337-5_14_map.h5,8.76625,10,117,398,66.443535:337.500000,1716,True,29,5,1717,0.750422,7.31657,0,0.0125121,1743 1717 1685 1716 -1
GCP,adapt_p60-00000000000001_a247-49999999999997_185_map.h5,6.88276,10,615,1048,30.000000:247.500000,1335,True,10,4,1394,0.949861,4.80636,0,0.0130278,1335 1336 1394 -1
GCP,adapt_p48-18968510422141_a56-24999999999999_319_map.h5,6.80476,10,316,1068,41.810314:56.250000,1475,False,23,4,1474,0.62284,4.78334,0,0.0130496,1473 1474 1526 -1
GCP,adapt_p80-40593177313954_a0-0_427_map.h5,7.74938,10,302,750,9.594069:0.000000,1034,True,21,5,1166,0.893876,7.35129,0,0.0124179,1099 1100 1166 1034 -1
GCP,adapt_p70-52877936550931_a123-74999999999999_333_map.h5,8.88319,10,581,372,19.471220:123.750000,1189,True,11,6,1190,0.998944,8.64328,0,0.0125967,1253 1253 1191 1190 1189 -1
GCP,adapt_p60-00000000000001_a224-99999999999997_345_map.h5,3.91624,10,153,1844,30.000000:225.000000,1331,False,158,3,1140,0.10441,3.12568,0,0.0144967,1448 1332 -1
GCP,adapt_p70-52877936550931_a258-75_44_map.h5,8.88621,10,405,372,19.471220:258.750000,1213,True,11,6,1276,0.998914,8.27681,0,0.0126109,1213 1213 1214 1277 1276 -1
GCP,adapt_p60-00000000000001_a202-49999999999997_152_map.h5,7.77626,10,266,753,30.000000:202.500000,1328,True,28,5,1267,0.898825,7.42964,0,0.0125489,1205 1267 1266 1328 -1
GCP,adapt_p70-52877936550931_a326-24999999999994_421_map.h5,6.76213,10,313,1110,19.471220:326.250000,1225,False,30,4,1159,0.679214,4.94704,0,0.0126834,1094 1159 1158 -1
GCP,adapt_p48-18968510422141_a236-25_86_map.h5,6.81165,10,436,1152,41.810314:236.250000,1501,False,21,4,1449,0.932418,4.88154,0,0.0131593,1450 1449 1448 -1
GCP,adapt_p80-40593177313954_a202-49999999999997_178_map.h5,8.72429,10,125,343,9.594069:202.500000,1072,True,37,5,1070,0.567447,7.83298,0,0.0125229,1001 1070 1071 1072 -1
GCP,adapt_p60-00000000000001_a157-5_506_map.h5,6.77125,10,175,1130,30.000000:157.500000,1320,False,29,4,1380,0.674803,5.02788,0,0.0125608,1438 1380 1321 -1
GCP,adapt_p80-40593177313954_a180-0_231_map.h5,5.76928,10,351,1516,9.594069:180.000000,1067,False,27,4,1133,0.705525,4.90195,0,0.0125391,1199 1133 1132 -1
GCP,adapt_p48-18968510422141_a236-25_151_map.h5,8.7997,10,162,347,41.810314:236.250000,1501,False,25,5,1392,0.826466,7.30673,0,0.0130981,1447 1448 1391 1392 -1
GCP,adapt_p60-00000000000001_a180-0_591_map.h5,7.84742,10,354,732,30.000000:180.000000,1324,True,16,5,1262,0.971929,7.54015,0,0.0123662,1263 1262 1261 1324 -1
GCP,adapt_p80-40593177313954_a180-0_106_map.h5,5.77416,10,242,1486,9.594069:180.000000,1067,True,28,4,1067,0.702406,4.91105,0,0.0126534,1001 1068 1067 -1
GCP,adapt_p11-715852394892384_a45-0_394_map.h5,7.8593,10,412,739,78.284149:45.000000,1766,True,16,5,1766,0.959621,7.03841,0,0.0124924,1745 1746 1766 1767 -1
GCP,adapt_p70-52877936550931_a281-24999999999994_57_map.h5,7.84643,10,499,780,19.471220:281.250000,1217,True,15,5,1152,0.972813,7.25898,0,0.0123806,1216 1217 1152 1151 -1
GCP,adapt_p48-18968510422141_a101-24999999999999_360_map.h5,1.42737,10,21,335,41.810314:101.250000,1481,False,1800,2,1313,0,0.320082,0,0.320082,1568 -1
GCP,adapt_p60-00000000000001_a67-5_193_map.h5,3.8134,10,88,1865,30.000000:67.500000,1305,False,167,2,1313,0,0.015008,0,0.015008,1492 -1
GCP,adapt_p23-556464309101234_a247-49999999999997_572_map.h5,8.89023,10,566,361,66.443535:247.500000,1708,True,10,6,1708,0.997297,8.14849,0,0.012572,1675 1675 1676 1709 1708 -1
GCP,adapt_p48-18968510422141_a236-25_104_map.h5,6.86421,10,532,1166,41.810314:236.250000,1501,True,13,4,1500,0.821073,4.87329,0,0.0125973,1448 1501 1500 -1
GCP,adapt_p80-40593177313954_a22-5_371_map.h5,8.80224,10,166,403,9.594069:22.500000,1038,False,24,5,971,0.848106,7.81783,0,0.012546,1037 971 1039 972 -1
GCP,adapt_p70-52877936550931_a303-75_547_map.h5,1.54232,10,23,334,19.471220:303.750000,1221,False,1800,2,1390,0,0.312289,0,0.312289,1580 -1
GCP,adapt_p35-659087696138755_a344-99999999999994_364_map.h5,7.83423,10,259,731,54.340912:345.000000,1609,True,20,5,1608,0.947735,7.3085,0,0.0126044,1649 1609 1608 1564 -1
GCP,adapt_p70-52877936550931_a56-24999999999999_471_map.h5,6.88118,10,577,1103,19.471220:56.250000,1177,True,13,5,1177,0.978043,5.83167,0,0.0126148,1110 1110 1176 1177 -1
GCP,adapt_p48-18968510422141_a258-75_192_map.h5,8.87826,10,656,380,41.810314:258.750000,1504,True,10,6,1504,0.993115,8.32745,0,0.0125328,1451 1451 1452 1504 1553 -1
GCP,adapt_p60-00000000000001_a180-0_52_map.h5,6.12356,10,135,1112,30.000000:180.000000,1324,False,124,4,1326,0.547215,5.43196,0,0.0142639,1442 1326 1325 -1
GCP,adapt_p23-556464309101234_a337-5_138_map.h5,7.68181,10,256,771,66.443535:337.500000,1716,False,44,4,1743,0.657761,5.44903,0,0.0130058,1651 1743 1744 -1
GCP,adapt_p60-00000000000001_a135-0_86_map.h5,7.60195,10,189,797,30.000000:135.000000,1316,False,55,4,1255,0.425714,5.44464,0,0.0128706,1257 1255 1317 -1
GCP,adapt_p60-00000000000001_a180-0_75_map.h5,6.86035,10,383,1122,30.000000:180.000000,1324,True,15,4,1325,0.854569,4.92032,0,0.0124331,1384 1325 1324 -1
GCP,adapt_p35-659087696138755_a195-0_427_map.h5,7.75516,10,129,708,54.340912:195.000000,1590,True,32,5,1632,0.872088,7.29783,0,0.0126323,1588 1589 1632 1590 -1
GCP,adapt_p70-52877936550931_a56-24999999999999_287_map.h5,8.88429,10,549,369,19.471220:56.250000,1177,True,9,6,1111,0.990529,8.27582,0,0.0125186,1112 1112 1111 1177 1178 -1
GCP,adapt_p35-659087696138755_a344-99999999999994_400_map.h5,7.85505,10,334,735,54.340912:345.000000,1609,True,15,5,1609,0.922632,7.22523,0,0.0127549,1650 1649 1608 1609 -1
GCP,adapt_p60-00000000000001_a90-0_227_map.h5,8.90406,10,670,363,30.000000:90.000000,1309,True,8,6,1309,0.999993,8.24248,0,0.0127367,1368 1368 1369 1310 1309 -1
GCP,adapt_p60-00000000000001_a224-99999999999997_174_map.h5,8.86073,10,347,363,30.000000:225.000000,1331,False,15,6,1332,0.99794,8.32206,0,0.0130459,1270 1270 1271 1333 1332 -1
GCP,adapt_p60-00000000000001_a224-99999999999997_119_map.h5,8.87537,10,411,376,30.000000:225.000000,1331,True,11,6,1332,0.998946,8.28132,0,0.0124264,1390 1390 1332 1270 1331 -1
GCP,adapt_p35-659087696138755_a105-0_321_map.h5,6.8754,10,533,1118,54.340912:105.000000,1579,True,11,5,1580,0.994387,5.8127,0,0.0124085,1623 1623 1580 1579 -1
GCP,adapt_p60-00000000000001_a180-0_191_map.h5,7.86928,10,431,814,30.000000:180.000000,1324,True,12,5,1382,0.965221,5.8925,0,0.0125024,1323 1323 1382 1324 -1
GCP,adapt_p35-659087696138755_a224-99999999999997_504_map.h5,7.67725,10,150,781,54.340912:225.000000,1594,False,37,5,1500,0.779994,7.45247,0,0.0125536,1595 1549 1499 1500 -1
GCP,adapt_p35-659087696138755_a14-999999999999998_250_map.h5,7.86782,10,549,734,54.340912:15.000000,1568,True,11,5,1613,0.979403,7.31056,0,0.012973,1568 1569 1613 1568 -1
GCP,adapt_p23-556464309101234_a67-5_525_map.h5,7.89436,10,787,733,66.443535:67.500000,1693,True,9,5,1693,0.999843,5.83197,0,0.0124448,1722 1722 1723 1693 -1
GCP,adapt_p80-40593177313954_a90-0_372_map.h5,8.88091,10,557,376,9.594069:90.000000,1051,True,10,6,983,0.987957,8.3738,0,0.0129032,1051 1051 1050 982 983 -1
GCP,adapt_p70-52877936550931_a213-75_206_map.h5,7.80228,10,414,736,19.471220:213.750000,1205,True,12,5,1205,0.978092,7.42298,0,0.012495,1206 1205 1268 1206 -1
GCP,adapt_p70-52877936550931_a281-24999999999994_203_map.h5,8.8585,10,463,389,19.471220:281.250000,1217,True,15,6,1217,0.983294,8.26193,0,0.0132957,1153 1153 1152 1217 1216 -1
GCP,adapt_p70-52877936550931_a146-25_195_map.h5,8.88039,10,629,380,19.471220:146.250000,1193,True,11,6,1127,0.999302,8.29895,0,0.0124118,1192 1192 1193 1127 1128 -1
GCP,adapt_p80-40593177313954_a112-49999999999999_516_map.h5,6.11725,10,91,1153,9.594069:112.500000,1055,False,128,3,1123,0.198933,5.4719,0,0.0142789,983 1123 -1
GCP,adapt_p70-52877936550931_a146-25_15_map.h5,7.89186,10,622,690,19.471220:146.250000,1193,True,8,5,1193,0.989112,5.91485,0,0.0129512,1127 1127 1193 1128 -1
GCP,adapt_p60-00000000000001_a315-0_441_map.h5,5.88883,10,83,1043,30.000000:315.000000,1346,False,169,2,1287,0,0.0148712,0,0.0148712,1669 -1
GCP,adapt_p23-556464309101234_a202-5_274_map.h5,7.79895,10,238,742,66.443535:202.500000,1704,False,24,4,1670,0.668863,4.96132,0,0.0128542,1703 1670 1633 -1
GCP,adapt_p70-52877936550931_a326-24999999999994_448_map.h5,7.84145,10,367,779,19.471220:326.250000,1225,True,17,5,1225,0.951232,7.29778,0,0.01235,1161 1160 1225 1224 -1
GCP,adapt_p70-52877936550931_a191-25_597_map.h5,7.86236,10,474,764,19.471220:191.250000,1201,True,13,5,1201,0.988893,7.23161,0,0.0124535,1265 1202 1201 1136 -1
GCP,adapt_p60-00000000000001_a0-0_430_map.h5,7.86973,10,422,765,30.000000:0.000000,1294,True,12,5,1353,0.897002,5.8975,0,0.013074,1411 1411 1353 1294 -1
GCP,adapt_p70-52877936550931_a236-25_331_map.h5,7.70417,10,216,768,19.471220:236.250000,1209,True,40,4,1209,0.53815,5.4096,0,0.0126485,1272 1209 1142 -1
GCP,adapt_p60-00000000000001_a157-5_340_map.h5,6.86038,10,498,1176,30.000000:157.500000,1320,True,14,5,1320,0.895193,5.90239,0,0.0124188,1319 1319 1378 1320 -1
GCP,adapt_p60-00000000000001_a180-0_587_map.h5,8.88733,10,546,362,30.000000:180.000000,1324,True,10,5,1324,0.992972,7.47783,0,0.0124716,1323 1324 1262 1323 -1
GCP,adapt_p48-18968510422141_a56-24999999999999_407_map.h5,8.79198,10,173,327,41.810314:56.250000,1475,False,26,5,1476,0.84365,7.148,0,0.0128209,1527 1528 1476 1422 -1
GCP,adapt_p80-40593177313954_a292-5_489_map.h5,7.81022,10,325,787,9.594069:292.500000,1088,True,18,5,1089,0.95767,7.29404,0,0.0125864,1155 1089 1021 1088 -1
GCP,adapt_p23-556464309101234_a202-5_125_map.h5,7.88541,10,481,699,66.443535:202.500000,1704,True,12,5,1704,0.994859,5.77652,0,0.0124343,1732 1732 1704 1705 -1
GCP,adapt_p23-556464309101234_a157-5_582_map.h5,7.76614,10,205,764,66.443535:157.500000,1701,False,25,5,1667,0.931316,7.32553,0,0.0126755,1668 1667 1666 1629 -1
GCP,adapt_p60-00000000000001_a45-0_390_map.h5,7.76878,10,205,680,30.000000:45.000000,1301,False,30,5,1239,0.790661,7.30577,0,0.0130382,1175 1239 1302 1303 -1
GCP,adapt_p48-18968510422141_a78-75_396_map.h5,1.39531,10,26,334,41.810314:78.750000,1478,False,1800,2,1526,0,0.314364,0,0.314364,891 -1
GCP,adapt_p35-659087696138755_a315-0_510_map.h5,7.87892,10,436,772,54.340912:315.000000,1605,True,11,5,1605,0.995858,5.77906,0,0.0128768,1561 1561 1605 1606 -1
GCP,adapt_p23-556464309101234_a67-5_475_map.h5,8.89416,10,765,374,66.443535:67.500000,1693,True,9,6,1693,0.998456,8.34275,0,0.0126522,1723 1723 1693 1694 1724 -1
GCP,adapt_p35-659087696138755_a224-99999999999997_360_map.h5,8.88435,10,488,385,54.340912:225.000000,1594,True,9,6,1636,0.998542,8.43377,0,0.012432,1637 1637 1594 1636 1635 -1
GCP,adapt_p70-52877936550931_a146-25_399_map.h5,7.85425,10,400,863,19.471220:146.250000,1193,True,15,5,1128,0.988182,7.29831,0,0.0125489,1192 1193 1127 1128 -1
GCP,adapt_p35-659087696138755_a255-00000000000003_453_map.h5,6.37691,10,146,1121,54.340912:255.000000,1598,False,104,4,1709,0.62752,5.33896,0,0.013679,1760 1710 1709 -1
GCP,adapt_p80-40593177313954_a247-49999999999997_226_map.h5,8.8422,10,270,360,9.594069:247.500000,1080,True,19,6,1081,0.91989,8.27843,0,0.0126051,1146 1146 1080 1081 1082 -1
GCP,adapt_p70-52877936550931_a101-24999999999999_127_map.h5,8.89242,10,582,431,19.471220:101.250000,1185,True,9,6,1184,0.995472,8.46938,0,0.0123875,1183 1183 1118 1184 1185 -1
GCP,adapt_p23-556464309101234_a202-5_240_map.h5,5.85114,10,519,1481,66.443535:202.500000,1704,True,12,5,1705,0.908683,5.77702,0,0.0126737,1732 1732 1704 1705 -1
GCP,adapt_p60-00000000000001_a45-0_243_map.h5,6.88495,10,486,1167,30.000000:45.000000,1301,True,10,5,1301,0.9941,5.81362,0,0.0128869,1238 1238 1301 1302 -1
GCP,adapt_p35-659087696138755_a224-99999999999997_264_map.h5,6.75435,10,231,1186,54.340912:225.000000,1594,True,30,4,1673,0.599055,4.69649,0,0.012467,1594 1636 1673 -1
GCP,adapt_p48-18968510422141_a326-24999999999994_225_map.h5,7.83744,10,291,755,41.810314:326.250000,1514,False,17,5,1513,0.92267,7.13791,0,0.0123642,1561 1512 1513 1461 -1
GCP,adapt_p80-40593177313954_a270-0_565_map.h5,6.16605,10,125,742,9.594069:270.000000,1084,False,271,2,1439,0,0.0206471,0,0.0206471,1339 -1
GCP,adapt_p60-00000000000001_a202-49999999999997_83_map.h5,6.83755,10,480,1098,30.000000:202.500000,1328,True,18,4,1385,0.838585,4.84892,0,0.0132668,1328 1386 1385 -1
GCP,adapt_p80-40593177313954_a45-0_5_map.h5,8.87918,10,398,357,9.594069:45.000000,1042,True,13,6,1042,0.995228,8.35875,0,0.0126193,1041 1041 1108 1042 1043 -1
GCP,adapt_p60-00000000000001_a45-0_49_map.h5,6.88209,10,594,1144,30.000000:45.000000,1301,True,10,5,1301,0.996438,5.8272,0,0.012693,1361 1361 1302 1301 -1
GCP,adapt_p35-659087696138755_a224-99999999999997_306_map.h5,8.81057,10,181,405,54.340912:225.000000,1594,True,25,5,1549,0.859504,7.20618,0,0.0132329,1593 1594 1549 1550 -1
GCP,adapt_p80-40593177313954_a0-0_525_map.h5,8.84887,10,326,381,9.594069:0.000000,1034,True,15,6,1034,0.983583,8.34648,0,0.0129381,1033 1033 1100 1166 1034 -1
GCP,adapt_p23-556464309101234_a247-49999999999997_67_map.h5,8.20766,10,151,373,66.443535:247.500000,1708,False,120,5,1598,0.637863,7.8926,0,0.0139424,1505 1598 1597 1639 -1
GCP,adapt_p60-00000000000001_a135-0_106_map.h5,5.82529,10,293,1469,30.000000:135.000000,1316,False,21,4,1192,0.873278,5.08319,0,0.0125061,1256 1192 1191 -1
GCP,adapt_p70-52877936550931_a56-24999999999999_299_map.h5,7.8617,10,345,762,19.471220:56.250000,1177,True,15,5,1177,0.95631,7.27556,0,0.0131046,1178 1177 1111 1112 -1
GCP,adapt_p70-52877936550931_a258-75_63_map.h5,8.82423,10,178,398,19.471220:258.750000,1213,True,21,5,1213,0.905402,7.55988,0,0.0125838,1212 1213 1214 1148 -1
GCP,adapt_p11-715852394892384_a315-0_599_map.h5,6.86337,10,571,1078,78.284149:315.000000,1778,False,13,4,1779,0.801494,4.67596,0,0.0124474,1780 1779 1791 -1
GCP,adapt_p60-00000000000001_a135-0_72_map.h5,5.72979,10,277,1427,30.000000:135.000000,1316,True,29,4,1253,0.631053,5.03957,0,0.0130217,1374 1316 1253 -1
GCP,adapt_p70-52877936550931_a101-24999999999999_562_map.h5,7.88709,10,650,761,19.471220:101.250000,1185,True,8,5,1185,0.966034,5.94231,0,0.0127227,1248 1248 1185 1249 -1
GCP,adapt_p48-18968510422141_a236-25_550_map.h5,5.85039,10,481,1539,41.810314:236.250000,1501,True,16,4,1501,0.819556,4.86488,0,0.0124146,1502 1501 1500 -1
GCP,adapt_p60-00000000000001_a157-5_287_map.h5,6.87502,10,518,1086,30.000000:157.500000,1320,True,14,4,1321,0.908739,4.87299,0,0.012818,1320 1321 1380 -1
GCP,adapt_p48-18968510422141_a56-24999999999999_559_map.h5,5.87244,10,400,1484,41.810314:56.250000,1475,True,12,4,1475,0.644695,4.78843,0,0.0123657,1420 1421 1475 -1
GCP,adapt_p60-00000000000001_a45-0_436_map.h5,8.64997,10,167,363,30.000000:45.000000,1301,False,46,5,1239,0.574646,7.99381,0,0.0128333,1174 1302 1239 1240 -1
GCP,adapt_p48-18968510422141_a168-74999999999997_146_map.h5,6.87315,10,581,1158,41.810314:168.750000,1491,False,13,4,1439,0.899997,4.78907,0,0.0126593,1492 1439 1438 -1
GCP,adapt_p70-52877936550931_a168-74999999999997_342_map.h5,5.87232,10,414,1580,19.471220:168.750000,1197,True,12,4,1197,0.955869,4.88436,0,0.0125191,1131 1197 1196 -1
GCP,adapt_p60-00000000000001_a315-0_56_map.h5,5.04493,10,96,1500,30.000000:315.000000,1346,False,135,2,1348,0,0.0138674,0,0.0138674,1214 -1
GCP,adapt_p48-18968510422141_a303-75_66_map.h5,6.27337,10,165,1085,41.810314:303.750000,1510,False,105,2,1284,0,0.0134159,0,0.0134159,1274 -1
GCP,adapt_p60-00000000000001_a202-49999999999997_208_map.h5,7.5831,10,140,787,30.000000:202.500000,1328,False,53,4,1492,0.470892,5.81556,0,0.0127251,1326 1440 1492 -1
GCP,adapt_p48-18968510422141_a56-24999999999999_159_map.h5,5.85023,10,371,1435,41.810314:56.250000,1475,False,16,4,1526,0.759572,4.78399,0,0.0125797,1474 1526 1527 -1
GCP,adapt_p35-659087696138755_a14-999999999999998_79_map.h5,8.89637,10,664,357,54.340912:15.000000,1568,True,6,6,1568,0.999999,8.25352,0,0.0134082,1569 1569 1568 1612 1613 -1
GCP,adapt_p11-715852394892384_a315-0_150_map.h5,8.89871,10,702,388,78.284149:315.000000,1778,True,10,6,1778,0.999842,8.05854,0,0.0130736,1779 1779 1778 1762 1763 -1
GCP,adapt_p11-715852394892384_a135-0_537_map.h5,7.81642,10,256,739,78.284149:135.000000,1770,True,25,5,1771,0.850538,7.12845,0,0.0124026,1772 1771 1770 1752 -1
GCP,adapt_p35-659087696138755_a105-0_314_map.h5,6.8743,10,454,1129,54.340912:105.000000,1579,True,10,5,1579,0.993074,5.82663,0,0.0124966,1533 1533 1579 1580 -1
GCP,adapt_p80-40593177313954_a270-0_561_map.h5,7.83745,10,453,745,9.594069:270.000000,1084,True,18,5,1085,0.925896,7.37514,0,0.0123395,1086 1151 1085 1084 -1
GCP,adapt_p48-18968510422141_a348-74999999999994_111_map.h5,7.87625,10,400,846,41.810314:348.750000,1517,True,12,5,1517,0.972137,5.9118,0,0.0125517,1566 1566 1517 1565 -1
GCP,adapt_p60-00000000000001_a45-0_440_map.h5,5.86649,10,378,1464,30.000000:45.000000,1301,True,12,5,1301,0.973989,5.81304,0,0.0123068,1238 1238 1301 1302 -1
GCP,adapt_p60-00000000000001_a90-0_238_map.h5,5.75328,10,415,1519,30.000000:90.000000,1309,True,25,4,1309,0.755565,4.90741,0,0.0125541,1308 1309 1310 -1
GCP,adapt_p11-715852394892384_a45-0_2_map.h5,7.10626,10,139,739,78.284149:45.000000,1766,False,147,4,1680,0.404325,5.45883,0,0.0144705,1715 1713 1680 -1
GCP,adapt_p23-556464309101234_a67-5_44_map.h5,6.85926,10,549,1104,66.443535:67.500000,1693,True,14,4,1693,0.833517,4.81377,0,0.0125518,1692 1693 1657 -1
GCP,adapt_p35-659087696138755_a135-0_341_map.h5,5.59619,10,152,1464,54.340912:135.000000,1583,True,54,4,1626,0.597151,5.36586,0,0.0126218,1581 1583 1626 -1
GCP,adapt_p60-00000000000001_a224-99999999999997_265_map.h5,6.57078,10,144,1141,30.000000:225.000000,1331,False,51,4,1269,0.475618,5.68122,0,0.0130454,1204 1330 1269 -1
GCP,adapt_p70-52877936550931_a326-24999999999994_86_map.h5,7.81347,10,237,772,19.471220:326.250000,1225,True,23,5,1224,0.828844,7.33334,0,0.0123488,1286 1224 1225 1160 -1
GCP,adapt_p80-40593177313954_a247-49999999999997_210_map.h5,7.74498,10,404,748,9.594069:247.500000,1080,False,31,4,1143,0.500203,5.41904,0,0.0128433,1075 1077 1143 -1
GCP,adapt_p48-18968510422141_a168-74999999999997_166_map.h5,6.55975,10,121,1142,41.810314:168.750000,1491,False,57,4,1541,0.563337,5.17878,0,0.0130679,1488 1540 1541 -1
GCP,adapt_p70-52877936550931_a78-75_240_map.h5,7.87607,10,436,763,19.471220:78.750000,1181,True,13,5,1181,0.970239,7.28307,0,0.0127264,1182 1181 1244 1245 -1
GCP,adapt_p35-659087696138755_a255-00000000000003_524_map.h5,7.68715,10,149,764,54.340912:255.000000,1598,False,41,5,1553,0.70656,7.32958,0,0.0126639,1599 1554 1504 1553 -1
GCP,adapt_p35-659087696138755_a285-0_434_map.h5,7.69279,10,155,749,54.340912:285.000000,1601,False,41,5,1712,0.676567,7.21066,0,0.0129972,1644 1680 1712 1679 -1
GCP,adapt_p70-52877936550931_a281-24999999999994_394_map.h5,5.8314,10,335,1534,19.471220:281.250000,1217,True,20,4,1153,0.624488,5.17508,0,0.0124066,1279 1217 1153 -1
GCP,adapt_p70-52877936550931_a56-24999999999999_431_map.h5,7.78301,10,243,731,19.471220:56.250000,1177,True,30,5,1176,0.86529,7.43072,0,0.0128077,1241 1177 1176 1175 -1
GCP,adapt_p60-00000000000001_a22-5_242_map.h5,7.85738,10,455,788,30.000000:22.500000,1298,True,16,5,1298,0.965082,7.29599,0,0.0124107,1299 1298 1357 1358 -1
GCP,adapt_p70-52877936550931_a303-75_227_map.h5,8.88726,10,436,343,19.471220:303.750000,1221,True,11,6,1283,0.999464,8.29966,0,0.0125502,1221 1221 1220 1283 1284 -1
GCP,adapt_p80-40593177313954_a202-49999999999997_523_map.h5,7.25291,10,132,727,9.594069:202.500000,1072,False,105,4,1139,0.418873,5.36811,0,0.0139554,1268 1140 1139 -1
GCP,adapt_p48-18968510422141_a146-25_35_map.h5,7.86514,10,366,728,41.810314:146.250000,1488,True,13,5,1488,0.934039,7.80714,0,0.0126694,1539 1488 1489 1487 -1
GCP,adapt_p60-00000000000001_a135-0_163_map.h5,6.5821,10,106,1087,30.000000:135.000000,1316,False,55,4,1433,0.609709,5.23058,0,0.0127059,1378 1434 1433 -1
GCP,adapt_p60-00000000000001_a247-49999999999997_542_map.h5,8.89821,10,702,379,30.000000:247.500000,1335,True,8,6,1336,0.999982,8.31136,0,0.0125981,1335 1335 1336 1275 1274 -1
GCP,adapt_p23-556464309101234_a202-5_217_map.h5,7.88424,10,813,794,66.443535:202.500000,1704,True,8,5,1731,0.942261,5.93219,0,0.0125622,1732 1732 1704 1731 -1
GCP,adapt_p23-556464309101234_a337-5_5_map.h5,6.86923,10,501,1106,66.443535:337.500000,1716,True,11,5,1716,0.97341,5.76542,0,0.0135771,1742 1742 1716 1717 -1
GCP,adapt_p70-52877936550931_a303-75_123_map.h5,8.68455,10,126,390,19.471220:303.750000,1221,True,44,5,1220,0.593895,8.20511,0,0.0132583,1401 1220 1221 1156 -1
GCP,adapt_p70-52877936550931_a213-75_89_map.h5,7.87011,10,484,747,19.471220:213.750000,1205,True,13,5,1205,0.997002,7.30954,0,0.0127181,1140 1139 1204 1205 -1
GCP,adapt_p23-556464309101234_a292-5_258_map.h5,8.88106,10,462,373,66.443535:292.500000,1712,True,11,6,1680,0.984203,8.53474,0,0.0127395,1679 1679 1644 1680 1712 -1
GCP,adapt_p80-40593177313954_a202-49999999999997_129_map.h5,7.79219,10,271,728,9.594069:202.500000,1072,False,24,4,1071,0.639393,5.41039,0,0.0126355,1073 1071 1137 -1
GCP,adapt_p35-659087696138755_a165-0_415_map.h5,7.80949,10,309,764,54.340912:165.000000,1587,True,16,5,1629,0.949267,7.20938,0,0.0123535,1667 1629 1630 1587 -1
GCP,adapt_p35-659087696138755_a224-99999999999997_456_map.h5,7.79723,10,137,766,54.340912:225.000000,1594,True,26,5,1594,0.860377,7.20552,0,0.0125813,1550 1549 1594 1593 -1
GCP,adapt_p60-00000000000001_a67-5_90_map.h5,7.89677,10,557,730,30.000000:67.500000,1305,True,9,5,1364,0.995725,5.80086,0,0.0130255,1305 1305 1364 1365 -1
GCP,adapt_p60-00000000000001_a292-5_184_map.h5,6.87527,10,489,1116,30.000000:292.500000,1343,True,12,4,1401,0.914251,4.80146,0,0.0135163,1400 1401 1343 -1
GCP,adapt_p48-18968510422141_a348-74999999999994_431_map.h5,8.88932,10,586,370,41.810314:348.750000,1517,True,10,6,1517,0.999735,8.28424,0,0.0124872,1516 1516 1517 1465 1466 -1
GCP,adapt_p23-556464309101234_a157-5_157_map.h5,7.79884,10,179,726,66.443535:157.500000,1701,False,23,5,1666,0.881498,7.36967,0,0.0129626,1667 1666 1665 1628 -1
GCP,adapt_p48-18968510422141_a236-25_35_map.h5,7.79204,10,274,733,41.810314:236.250000,1501,True,23,5,1501,0.816206,7.24554,0,0.0127533,1448 1500 1501 1551 -1
GCP,adapt_p70-52877936550931_a33-75_411_map.h5,8.86634,10,379,401,19.471220:33.750000,1173,True,15,6,1173,0.996284,8.31832,0,0.0124648,1174 1174 1173 1236 1237 -1
GCP,adapt_p60-00000000000001_a67-5_341_map.h5,7.88903,10,360,740,30.000000:67.500000,1305,True,11,5,1306,0.983668,5.80757,0,0.0127674,1365 1365 1306 1305 -1
GCP,adapt_p70-52877936550931_a236-25_593_map.h5,7.83806,10,362,748,19.471220:236.250000,1209,True,16,5,1210,0.884784,7.2782,0,0.0127507,1144 1209 1210 1211 -1
GCP,adapt_p70-52877936550931_a56-24999999999999_546_map.h5,8.89504,10,735,366,19.471220:56.250000,1177,True,8,6,1177,0.999968,8.27192,0,0.0127557,1111 1111 1112 1178 1177 -1
GCP,adapt_p70-52877936550931_a123-74999999999999_273_map.h5,8.89346,10,554,328,19.471220:123.750000,1189,True,9,6,1189,0.999692,8.27092,0,0.012333,1188 1188 1189 1190 1253 -1
GCP,adapt_p80-40593177313954_a292-5_447_map.h5,8.68015,10,174,400,9.594069:292.500000,1088,False,40,5,1151,0.691704,7.25729,0,0.0126502,1216 1151 1152 1153 -1
GCP,adapt_p23-556464309101234_a22-5_559_map.h5,8.83767,10,178,342,66.443535:22.500000,1689,True,18,6,1689,0.963682,8.146,0,0.0131545,1719 1719 1689 1688 1652 -1
GCP,adapt_p48-18968510422141_a258-75_83_map.h5,5.41064,10,194,1509,41.810314:258.750000,1504,False,92,3,1452,0.338351,3.84177,0,0.0131841,1551 1452 -1
GCP,adapt_p60-00000000000001_a315-0_502_map.h5,7.88225,10,520,716,30.000000:315.000000,1346,True,11,5,1346,0.995382,5.80633,0,0.0125096,1285 1285 1346 1347 -1
GCP,adapt_p48-18968510422141_a326-24999999999994_208_map.h5,5.83229,10,277,1423,41.810314:326.250000,1514,False,19,4,1513,0.87218,4.78375,0,0.0125183,1561 1562 1513 -1
GCP,adapt_p80-40593177313954_a224-99999999999997_483_map.h5,7.82927,10,290,757,9.594069:225.000000,1076,True,19,4,1076,0.857925,4.91069,0,0.0125368,1008 1076 1077 -1
GCP,adapt_p35-659087696138755_a344-99999999999994_190_map.h5,7.83744,10,295,728,54.340912:345.000000,1609,False,19,5,1649,0.950187,7.2087,0,0.0123678,1684 1685 1649 1650 -1
GCP,adapt_p60-00000000000001_a22-5_96_map.h5,6.86233,10,447,1135,30.000000:22.500000,1298,True,12,4,1298,0.676878,4.85835,0,0.0124758,1297 1298 1357 -1
GCP,adapt_p60-00000000000001_a202-49999999999997_115_map.h5,8.84605,10,240,404,30.000000:202.500000,1328,True,15,6,1328,0.987928,8.26047,0,0.0127578,1267 1267 1266 1328 1327 -1
GCP,adapt_p70-52877936550931_a258-75_176_map.h5,8.87536,10,420,361,19.471220:258.750000,1213,True,13,6,1212,0.967008,8.37251,0,0.0124342,1275 1275 1213 1212 1147 -1
GCP,adapt_p23-556464309101234_a247-49999999999997_17_map.h5,7.89548,10,597,745,66.443535:247.500000,1708,True,9,5,1709,0.988146,5.75028,0,0.0123054,1736 1736 1709 1708 -1
GCP,adapt_p35-659087696138755_a315-0_39_map.h5,5.74209,10,276,1462,54.340912:315.000000,1605,True,30,4,1605,0.718125,4.69667,0,0.0127164,1561 1605 1646 -1
GCP,adapt_p70-52877936550931_a101-24999999999999_117_map.h5,7.75046,10,234,771,19.471220:101.250000,1185,True,31,5,1185,0.854876,7.49801,0,0.0133318,1118 1185 1186 1120 -1
GCP,adapt_p70-52877936550931_a78-75_533_map.h5,6.83919,10,281,1110,19.471220:78.750000,1181,True,18,4,1181,0.720702,4.91927,0,0.0126282,1180 1181 1182 -1
GCP,adapt_p80-40593177313954_a337-49999999999994_377_map.h5,8.86359,10,428,383,9.594069:337.500000,1097,True,15,6,1096,0.970118,8.34486,0,0.0132052,1162 1162 1163 1097 1096 -1
GCP,adapt_p35-659087696138755_a224-99999999999997_59_map.h5,5.85669,10,456,1513,54.340912:225.000000,1594,False,12,5,1636,0.973759,5.77478,0,0.0131152,1595 1595 1637 1636 -1
GCP,adapt_p60-00000000000001_a247-49999999999997_224_map.h5,7.87705,10,436,813,30.000000:247.500000,1335,True,10,5,1335,0.969933,7.40642,0,0.012735,1394 1393 1335 1394 -1
GCP,adapt_p23-556464309101234_a22-5_277_map.h5,8.89678,10,564,417,66.443535:22.500000,1689,True,10,6,1689,0.999559,8.16023,0,0.0130102,1690 1690 1689 1653 1652 -1
GCP,adapt_p48-18968510422141_a146-25_230_map.h5,8.8251,10,229,332,41.810314:146.250000,1488,True,18,5,1435,0.951161,7.41078,0,0.0127044,1436 1435 1434 1488 -1
GCP,adapt_p23-556464309101234_a22-5_532_map.h5,7.87522,10,510,725,66.443535:22.500000,1689,True,13,5,1689,0.991319,7.14433,0,0.0125778,1652 1688 1689 1719 -1
GCP,adapt_p60-00000000000001_a157-5_384_map.h5,6.86609,10,528,1041,30.000000:157.500000,1320,True,12,5,1320,0.993186,5.86389,0,0.0126991,1379 1379 1320 1321 -1
GCP,adapt_p48-18968510422141_a191-25_591_map.h5,6.84224,10,488,1088,41.810314:191.250000,1494,True,15,4,1441,0.89829,4.79239,0,0.0125493,1440 1441 1494 -1
GCP,adapt_p70-52877936550931_a281-24999999999994_137_map.h5,8.87524,10,479,365,19.471220:281.250000,1217,True,15,5,1217,0.966921,7.56485,0,0.0125682,1218 1217 1216 1152 -1
GCP,adapt_p11-715852394892384_a45-0_377_map.h5,8.68318,10,147,391,78.284149:45.000000,1766,False,42,5,1744,0.792903,7.08186,0,0.0126121,1720 1746 1745 1744 -1
GCP,adapt_p48-18968510422141_a348-74999999999994_488_map.h5,8.88159,10,475,380,41.810314:348.750000,1517,True,10,6,1517,0.998505,8.28497,0,0.0132108,1516 1516 1517 1465 1466 -1
GCP,adapt_p35-659087696138755_a14-999999999999998_598_map.h5,7.90051,10,643,764,54.340912:15.000000,1568,True,7,5,1569,0.999961,7.30969,0,0.0122917,1568 1569 1613 1568 -1
GCP,adapt_p35-659087696138755_a105-0_108_map.h5,8.88834,10,526,389,54.340912:105.000000,1579,False,9,6,1622,0.999673,8.23065,0,0.0124728,1661 1661 1660 1622 1623 -1
GCP,adapt_p70-52877936550931_a146-25_533_map.h5,8.88527,10,545,403,19.471220:146.250000,1193,True,11,6,1193,0.999036,8.29905,0,0.0125341,1194 1194 1193 1127 1128 -1
GCP,adapt_p48-18968510422141_a213-75_26_map.h5,5.84988,10,442,1456,41.810314:213.750000,1497,True,16,4,1498,0.875884,4.79328,0,0.0129208,1547 1497 1498 -1
GCP,adapt_p80-40593177313954_a202-49999999999997_273_map.h5,8.84724,10,363,343,9.594069:202.500000,1072,True,14,6,1072,0.99191,8.35187,0,0.0125606,1005 1005 1072 1004 1071 -1
GCP,adapt_p35-659087696138755_a45-0_154_map.h5,5.86016,10,515,1473,54.340912:45.000000,1572,False,14,5,1526,0.831094,5.78649,0,0.0124355,1573 1573 1526 1525 -1
GCP,adapt_p60-00000000000001_a202-49999999999997_40_map.h5,6.87944,10,597,1168,30.000000:202.500000,1328,False,11,5,1327,0.984296,5.86993,0,0.0123747,1385 1385 1327 1326 -1
GCP,adapt_p35-659087696138755_a224-99999999999997_464_map.h5,7.60193,10,121,713,54.340912:225.000000,1594,False,56,4,1592,0.603676,5.33938,0,0.0128608,1672 1593 1592 -1
GCP,adapt_p35-659087696138755_a165-0_186_map.h5,8.86141,10,423,346,54.340912:165.000000,1587,True,14,6,1587,0.999877,8.2266,0,0.0133566,1630 1630 1629 1586 1587 -1
GCP,adapt_p48-18968510422141_a33-75_259_map.h5,8.74146,10,182,370,41.810314:33.750000,1471,True,32,5,1416,0.760107,7.7283,0,0.0133417,1298 1416 1417 1471 -1
GCP,adapt_p80-40593177313954_a202-49999999999997_423_map.h5,8.88528,10,483,348,9.594069:202.500000,1072,True,12,6,1072,0.99968,8.83109,0,0.0125084,1004 1004 1073 1072 1071 -1
GCP,adapt_p48-18968510422141_a11-25_34_map.h5,6.80596,10,252,1121,41.810314:11.250000,1468,True,21,4,1468,0.823532,4.8434,0,0.0128295,1467 1468 1414 -1
GCP,adapt_p60-00000000000001_a67-5_284_map.h5,7.83798,10,310,751,30.000000:67.500000,1305,True,19,5,1305,0.927231,7.2471,0,0.0128411,1365 1364 1305 1304 -1
GCP,adapt_p48-18968510422141_a123-74999999999999_339_map.h5,7.82431,10,309,772,41.810314:123.750000,1484,True,19,5,1484,0.908582,7.47849,0,0.0125019,1536 1484 1430 1431 -1
GCP,adapt_p48-18968510422141_a33-75_465_map.h5,5.85154,10,515,1504,41.810314:33.750000,1471,False,14,5,1417,0.946457,5.80282,0,0.0132442,1472 1472 1418 1417 -1
GCP,adapt_p70-52877936550931_a101-24999999999999_528_map.h5,8.80903,10,228,339,19.471220:101.250000,1185,True,25,5,1186,0.87818,7.26141,0,0.0127774,1119 1120 1186 1185 -1
GCP,adapt_p70-52877936550931_a303-75_510_map.h5,6.60604,10,88,1162,19.471220:303.750000,1221,False,53,4,1285,0.488505,5.13336,0,0.012773,1345 1285 1223 -1
GCP,adapt_p70-52877936550931_a191-25_517_map.h5,5.8443,10,490,1438,19.471220:191.250000,1201,True,14,4,1201,0.901513,4.8086,0,0.0124913,1264 1201 1202 -1
GCP,adapt_p70-52877936550931_a213-75_439_map.h5,6.13878,10,130,1104,19.471220:213.750000,1205,False,125,3,1204,0.273239,4.46567,0,0.014035,1134 1204 -1
GCP,adapt_p80-40593177313954_a202-49999999999997_61_map.h5,5.84029,10,611,1418,9.594069:202.500000,1072,True,18,4,1072,0.882893,4.80936,0,0.0125054,1138 1072 1071 -1
GCP,adapt_p70-52877936550931_a191-25_581_map.h5,7.85529,10,456,760,19.471220:191.250000,1201,True,15,5,1202,0.940386,7.25065,0,0.0125071,1264 1265 1202 1201 -1
GCP,adapt_p48-18968510422141_a123-74999999999999_317_map.h5,7.84245,10,284,767,41.810314:123.750000,1484,True,18,5,1484,0.934301,7.2565,0,0.0123709,1535 1484 1431 1485 -1
GCP,adapt_p23-556464309101234_a157-5_564_map.h5,7.87191,10,470,747,66.443535:157.500000,1701,True,13,5,1701,0.984522,7.1576,0,0.0128961,1730 1729 1701 1700 -1
GCP,adapt_p60-00000000000001_a112-49999999999999_63_map.h5,5.84088,10,424,1490,30.000000:112.500000,1313,True,16,4,1312,0.701953,4.90779,0,0.0129361,1311 1312 1313 -1
GCP,adapt_p48-18968510422141_a213-75_405_map.h5,6.78782,10,225,1161,41.810314:213.750000,1497,False,26,4,1328,0.764894,5.07603,0,0.0129789,1267 1328 1387 -1
GCP,adapt_p70-52877936550931_a146-25_544_map.h5,7.82745,10,371,754,19.471220:146.250000,1193,True,19,5,1255,0.777329,7.25285,0,0.0133635,1193 1256 1318 1255 -1
GCP,adapt_p70-52877936550931_a258-75_210_map.h5,5.73342,10,190,1566,19.471220:258.750000,1213,False,31,4,1149,0.724417,5.03581,0,0.0133932,1215 1149 1083 -1
GCP,adapt_p60-00000000000001_a157-5_185_map.h5,8.89559,10,412,353,30.000000:157.500000,1320,True,10,6,1321,0.998788,8.26349,0,0.0132213,1259 1259 1258 1320 1321 -1
GCP,adapt_p48-18968510422141_a348-74999999999994_256_map.h5,8.89441,10,407,394,41.810314:348.750000,1517,True,10,6,1518,0.988368,8.34285,0,0.0123904,1466 1466 1517 1566 1518 -1
GCP,adapt_p70-52877936550931_a191-25_557_map.h5,7.86308,10,370,738,19.471220:191.250000,1201,False,14,5,1135,0.951991,7.25722,0,0.0127184,1070 1069 1135 1136 -1
GCP,adapt_p70-52877936550931_a11-25_93_map.h5,7.87601,10,451,745,19.471220:11.250000,1169,True,12,5,1169,0.940113,5.89891,0,0.0127922,1170 1170 1233 1169 -1
GCP,adapt_p60-00000000000001_a0-0_460_map.h5,7.53863,10,134,798,30.000000:0.000000,1294,False,64,4,1231,0.582663,6.36788,0,0.0131893,1465 1231 1232 -1
GCP,adapt_p48-18968510422141_a303-75_28_map.h5,6.36443,10,112,1096,41.810314:303.750000,1510,False,94,4,1551,0.280851,5.93653,0,0.0133848,1640 1551 1501 -1
GCP,adapt_p48-18968510422141_a56-24999999999999_16_map.h5,6.87037,10,491,1154,41.810314:56.250000,1475,True,11,4,1420,0.843526,4.78194,0,0.0124636,1475 1474 1420 -1
GCP,adapt_p35-659087696138755_a195-0_178_map.h5,6.67509,10,71,785,54.340912:195.000000,1590,False,204,2,1570,0,0.0166103,0,0.0166103,1636 -1
GCP,adapt_p70-52877936550931_a101-24999999999999_310_map.h5,7.87524,10,559,764,19.471220:101.250000,1185,True,11,5,1119,0.987977,5.80628,0,0.0125412,1185 1185 1119 1120 -1
GCP,adapt_p60-00000000000001_a247-49999999999997_358_map.h5,7.85939,10,525,773,30.000000:247.500000,1335,True,14,5,1336,0.891151,7.32559,0,0.0124113,1275 1274 1335 1336 -1
GCP,adapt_p23-556464309101234_a67-5_147_map.h5,6.85021,10,550,1120,66.443535:67.500000,1693,False,10,5,1722,0.982012,5.75186,0,0.0125962,1747 1747 1721 1722 -1
GCP,adapt_p70-52877936550931_a101-24999999999999_53_map.h5,8.89411,10,796,400,19.471220:101.250000,1185,True,8,6,1185,0.999994,8.26037,0,0.0126896,1119 1119 1118 1184 1185 -1
GCP,adapt_p80-40593177313954_a292-5_169_map.h5,7.05252,10,61,713,9.594069:292.500000,1088,False,138,4,1153,0.17296,5.51406,0,0.0142417,1150 1152 1153 -1
GCP,adapt_p60-00000000000001_a45-0_119_map.h5,5.08973,10,189,1516,30.000000:45.000000,1301,False,120,3,1361,0.24989,3.02207,0,0.0138478,1300 1361 -1
GCP,adapt_p48-18968510422141_a56-24999999999999_516_map.h5,8.78298,10,131,350,41.810314:56.250000,1475,False,31,5,1421,0.755611,7.22651,0,0.0128211,1364 1363 1421 1420 -1
GCP,adapt_p11-715852394892384_a225-0_181_map.h5,6.88135,10,593,1167,78.284149:225.000000,1774,True,11,4,1774,0.923994,4.73997,0,0.0124444,1757 1774 1775 -1
GCP,adapt_p80-40593177313954_a247-49999999999997_187_map.h5,6.83035,10,482,1131,9.594069:247.500000,1080,True,18,4,1081,0.743457,4.91062,0,0.0124611,1012 1080 1081 -1
GCP,adapt_p60-00000000000001_a337-49999999999994_319_map.h5,6.53596,10,158,1076,30.000000:337.500000,1350,True,60,4,1350,0.529798,5.43518,0,0.0128697,1226 1350 1351 -1
GCP,adapt_p80-40593177313954_a45-0_447_map.h5,7.81013,10,235,745,9.594069:45.000000,1042,True,20,5,974,0.851253,7.36357,0,0.0126723,1040 1041 1042 974 -1
GCP,adapt_p11-715852394892384_a45-0_318_map.h5,8.85534,10,212,380,78.284149:45.000000,1766,True,15,6,1766,0.989779,8.0411,0,0.0124518,1746 1746 1766 1767 1747 -1
GCP,adapt_p70-52877936550931_a33-75_170_map.h5,8.79299,10,149,402,19.471220:33.750000,1173,True,28,5,1173,0.821356,7.27286,0,0.0128286,1040 1106 1172 1173 -1
GCP,adapt_p60-00000000000001_a247-49999999999997_27_map.h5,7.85308,10,292,780,30.000000:247.500000,1335,True,16,5,1393,0.942147,7.40592,0,0.0127275,1394 1335 1393 1392 -1
GCP,adapt_p48-18968510422141_a146-25_529_map.h5,7.89032,10,777,736,41.810314:146.250000,1488,True,7,5,1434,0.966816,5.91055,0,0.012471,1435 1435 1488 1434 -1
GCP,adapt_p48-18968510422141_a168-74999999999997_157_map.h5,6.87736,10,578,1056,41.810314:168.750000,1491,True,10,4,1491,0.902358,4.78296,0,0.0124297,1492 1491 1438 -1
GCP,adapt_p48-18968510422141_a123-74999999999999_58_map.h5,7.84833,10,264,782,41.810314:123.750000,1484,True,16,5,1484,0.955396,7.27729,0,0.0124908,1432 1485 1484 1431 -1
GCP,adapt_p35-659087696138755_a195-0_144_map.h5,7.80403,10,277,754,54.340912:195.000000,1590,True,21,5,1633,0.869311,7.22699,0,0.0127831,1634 1633 1591 1590 -1
GCP,adapt_p70-52877936550931_a191-25_354_map.h5,8.88049,10,417,371,19.471220:191.250000,1201,True,13,6,1201,0.997041,8.25229,0,0.0133278,1263 1263 1264 1201 1200 -1
GCP,adapt_p35-659087696138755_a14-999999999999998_561_map.h5,5.8686,10,569,1408,54.340912:15.000000,1568,True,14,4,1568,0.950314,4.80604,0,0.0132232,1522 1569 1568 -1
GCP,adapt_p23-556464309101234_a202-5_294_map.h5,7.82327,10,210,782,66.443535:202.500000,1704,True,21,5,1704,0.914173,7.16406,0,0.012602,1669 1670 1704 1703 -1
GCP,adapt_p35-659087696138755_a224-99999999999997_144_map.h5,7.88827,10,528,739,54.340912:225.000000,1594,True,10,5,1594,0.948959,7.40274,0,0.01255,1595 1594 1636 1595 -1
GCP,adapt_p48-18968510422141_a56-24999999999999_413_map.h5,6.79993,10,230,1078,41.810314:56.250000,1475,False,24,4,1421,0.806858,5.08239,0,0.0128923,1362 1421 1422 -1
GCP,adapt_p60-00000000000001_a337-49999999999994_569_map.h5,6.04765,10,73,796,30.000000:337.500000,1350,False,306,2,1100,0,0.0230074,0,0.0230074,1110 -1
GCP,adapt_p35-659087696138755_a135-0_397_map.h5,8.87816,10,472,364,54.340912:135.000000,1583,True,13,6,1583,0.999704,8.19413,0,0.0126347,1625 1625 1626 1583 1582 -1
GCP,adapt_p70-52877936550931_a11-25_470_map.h5,6.88541,10,526,1116,19.471220:11.250000,1169,True,12,5,1169,0.995914,5.88912,0,0.0123847,1103 1103 1169 1170 -1
GCP,adapt_p60-00000000000001_a270-0_313_map.h5,7.88231,10,572,699,30.000000:270.000000,1339,True,12,5,1339,0.988865,5.92863,0,0.0124783,1338 1338 1277 1339 -1
GCP,adapt_p70-52877936550931_a56-24999999999999_86_map.h5,5.81211,10,465,1531,19.471220:56.250000,1177,True,21,4,1177,0.750403,5.02043,0,0.0127279,1109 1176 1177 -1
GCP,adapt_p48-18968510422141_a348-74999999999994_171_map.h5,5.87496,10,488,1408,41.810314:348.750000,1517,True,12,5,1465,0.999192,5.85789,0,0.0128578,1517 1517 1465 1466 -1
GCP,adapt_p60-00000000000001_a292-5_330_map.h5,6.85231,10,509,1135,30.000000:292.500000,1343,True,14,4,1342,0.764589,4.90737,0,0.0125154,1341 1342 1343 -1
GCP,adapt_p35-659087696138755_a165-0_87_map.h5,5.75918,10,189,1518,54.340912:165.000000,1587,False,30,4,1493,0.658147,4.92667,0,0.0126474,1545 1494 1493 -1
GCP,adapt_p80-40593177313954_a90-0_45_map.h5,8.78699,10,248,339,9.594069:90.000000,1051,False,27,5,1050,0.935811,7.37169,0,0.0128155,983 1050 1116 1049 -1
GCP,adapt_p60-00000000000001_a337-49999999999994_473_map.h5,7.86026,10,458,684,30.000000:337.500000,1350,True,13,5,1350,0.979836,7.29151,0,0.0125416,1289 1290 1351 1350 -1
GCP,adapt_p70-52877936550931_a11-25_207_map.h5,8.83348,10,553,385,19.471220:11.250000,1169,True,8,6,1169,0.999261,8.40575,0,0.0123184,1103 1103 1170 1169 1102 -1
GCP,adapt_p23-556464309101234_a247-49999999999997_150_map.h5,6.86593,10,528,1151,66.443535:247.500000,1708,False,13,5,1675,0.775127,5.96868,0,0.0128862,1676 1676 1709 1675 -1
GCP,adapt_p80-40593177313954_a135-0_181_map.h5,6.86307,10,572,1159,9.594069:135.000000,1059,False,13,5,1126,0.946168,5.83139,0,0.0126965,1191 1191 1125 1126 -1
GCP,adapt_p48-18968510422141_a146-25_566_map.h5,8.89618,10,596,340,41.810314:146.250000,1488,True,10,6,1488,0.999973,8.24198,0,0.0126186,1434 1434 1435 1488 1487 -1
GCP,adapt_p23-556464309101234_a247-49999999999997_184_map.h5,7.31342,10,95,821,66.443535:247.500000,1708,False,97,4,1676,0.468331,5.55038,0,0.0133988,1711 1676 1639 -1
GCP,adapt_p48-18968510422141_a236-25_428_map.h5,6.85082,10,570,1152,41.810314:236.250000,1501,True,14,5,1448,0.920027,5.88309,0,0.0129775,1449 1449 1448 1501 -1
GCP,adapt_p80-40593177313954_a112-49999999999999_566_map.h5,8.82839,10,389,413,9.594069:112.500000,1055,True,15,6,1056,0.992985,8.27178,0,0.0124002,1121 1121 1122 1056 1055 -1
GCP,adapt_p48-18968510422141_a213-75_330_map.h5,8.88021,10,413,394,41.810314:213.750000,1497,True,11,6,1498,0.97875,8.25819,0,0.012585,1497 1497 1498 1445 1446 -1
GCP,adapt_p60-00000000000001_a180-0_36_map.h5,5.75529,10,289,1455,30.000000:180.000000,1324,False,29,4,1262,0.673977,4.8077,0,0.0125099,1200 1199 1262 -1
GCP,adapt_p80-40593177313954_a337-49999999999994_125_map.h5,8.88265,10,471,376,9.594069:337.500000,1097,True,11,6,1097,0.982465,8.34262,0,0.0131516,1096 1096 1097 1163 1162 -1
GCP,adapt_p23-556464309101234_a22-5_19_map.h5,8.88335,10,377,368,66.443535:22.500000,1689,True,11,5,1689,0.99283,7.43163,0,0.0124345,1690 1689 1719 1690 -1
GCP,adapt_p60-00000000000001_a45-0_176_map.h5,7.82727,10,307,749,30.000000:45.000000,1301,True,17,5,1237,0.902511,7.24825,0,0.0125496,1236 1237 1238 1301 -1
GCP,adapt_p70-52877936550931_a33-75_113_map.h5,6.82232,10,341,1177,19.471220:33.750000,1173,True,21,4,1236,0.663001,4.87575,0,0.0124894,1174 1173 1236 -1
GCP,adapt_p70-52877936550931_a213-75_152_map.h5,7.88115,10,434,756,19.471220:213.750000,1205,True,12,5,1140,0.977423,7.37842,0,0.0126523,1206 1205 1140 1206 -1
GCP,adapt_p60-00000000000001_a45-0_563_map.h5,7.865,10,268,811,30.000000:45.000000,1301,True,12,5,1360,0.973092,7.36744,0,0.0127955,1361 1360 1301 1361 -1
GCP,adapt_p48-18968510422141_a281-24999999999994_424_map.h5,7.76869,10,189,785,41.810314:281.250000,1507,False,26,5,1342,0.901757,7.24517,0,0.0131046,1401 1400 1342 1343 -1
GCP,adapt_p23-556464309101234_a157-5_305_map.h5,6.88505,10,591,1137,66.443535:157.500000,1701,True,10,5,1701,0.999503,5.77439,0,0.0127399,1729 1729 1701 1700 -1
GCP,adapt_p80-40593177313954_a22-5_581_map.h5,8.88305,10,464,392,9.594069:22.500000,1038,True,13,6,1038,0.998169,8.33917,0,0.0127394,1105 1105 1104 1038 1037 -1
GCP,adapt_p60-00000000000001_a157-5_276_map.h5,8.896,10,573,367,30.000000:157.500000,1320,True,8,6,1320,0.999671,8.30166,0,0.0127855,1378 1378 1379 1320 1319 -1
GCP,adapt_p70-52877936550931_a348-74999999999994_407_map.h5,5.65495,10,210,1403,19.471220:348.750000,1229,False,46,4,1230,0.607691,4.9141,0,0.0128534,1292 1230 1167 -1
GCP,adapt_p70-52877936550931_a146-25_308_map.h5,5.23651,10,232,1500,19.471220:146.250000,1193,False,109,2,1129,0,0.0140459,0,0.0140459,1249 -1
GCP,adapt_p60-00000000000001_a337-49999999999994_198_map.h5,8.83829,10,465,403,30.000000:337.500000,1350,True,12,6,1351,0.904153,8.31181,0,0.0125138,1408 1408 1409 1351 1350 -1
GCP,adapt_p60-00000000000001_a67-5_214_map.h5,6.86403,10,473,1113,30.000000:67.500000,1305,True,13,5,1305,0.911134,5.80738,0,0.0127857,1243 1243 1306 1305 -1
GCP,adapt_p35-659087696138755_a45-0_35_map.h5,6.76018,10,107,1188,54.340912:45.000000,1572,False,30,4,1656,0.713862,5.0487,0,0.0126448,1616 1656 1692 -1
GCP,adapt_p60-00000000000001_a157-5_313_map.h5,6.72422,10,65,365,30.000000:157.500000,1320,False,361,2,1258,0,0.0254147,0,0.0254147,1016 -1
GCP,adapt_p35-659087696138755_a224-99999999999997_98_map.h5,7.85927,10,339,807,54.340912:225.000000,1594,True,13,5,1636,0.978337,7.19244,0,0.012543,1593 1594 1636 1635 -1
GCP,adapt_p60-00000000000001_a337-49999999999994_32_map.h5,8.88306,10,510,367,30.000000:337.500000,1350,True,11,6,1351,0.999228,8.28115,0,0.0127391,1290 1290 1289 1350 1351 -1
GCP,adapt_p70-52877936550931_a213-75_408_map.h5,7.80731,10,256,759,19.471220:213.750000,1205,True,23,5,1268,0.919006,7.25397,0,0.0125028,1206 1205 1268 1267 -1
GCP,adapt_p70-52877936550931_a281-24999999999994_255_map.h5,7.87937,10,563,713,19.471220:281.250000,1217,True,12,5,1217,0.941743,5.92022,0,0.0124358,1216 1216 1279 1217 -1
GCP,adapt_p80-40593177313954_a135-0_340_map.h5,5.80536,10,304,1522,9.594069:135.000000,1059,False,20,5,1126,0.913873,5.80973,0,0.0124553,1061 1061 1127 1126 -1
GCP,adapt_p48-18968510422141_a348-74999999999994_537_map.h5,8.80422,10,180,354,41.810314:348.750000,1517,False,24,5,1411,0.885537,7.30049,0,0.0125894,1465 1466 1410 1411 -1
GCP,adapt_p48-18968510422141_a326-24999999999994_410_map.h5,6.8744,10,592,1120,41.810314:326.250000,1514,False,11,5,1461,0.995456,5.80426,0,0.0124148,1513 1513 1461 1462 -1
GCP,adapt_p35-659087696138755_a165-0_8_map.h5,6.86692,10,590,1082,54.340912:165.000000,1587,True,12,5,1587,0.982103,5.91291,0,0.012893,1630 1630 1587 1629 -1
GCP,adapt_p48-18968510422141_a281-24999999999994_204_map.h5,8.89945,10,464,389,41.810314:281.250000,1507,True,10,5,1455,0.999488,5.79891,0,0.0123762,1507 1507 1455 1456 -1
GCP,adapt_p80-40593177313954_a315-0_297_map.h5,6.88374,10,597,1104,9.594069:315.000000,1093,False,8,5,1092,0.995351,5.90894,0,0.0130529,1091 1091 1157 1092 -1
GCP,adapt_p23-556464309101234_a292-5_18_map.h5,5.56863,10,55,1141,66.443535:292.500000,1712,False,224,3,1512,0.0864349,4.2651,0,0.0169244,1400 1512 -1
GCP,adapt_p48-18968510422141_a123-74999999999999_366_map.h5,8.89389,10,738,400,41.810314:123.750000,1484,True,9,6,1485,0.999945,8.21444,0,0.0129188,1431 1431 1484 1485 1536 -1
GCP,adapt_p80-40593177313954_a22-5_516_map.h5,7.58286,10,146,703,9.594069:22.500000,1038,False,57,4,1102,0.442476,5.83683,0,0.0129482,970 1102 1101 -1
GCP,adapt_p60-00000000000001_a202-49999999999997_221_map.h5,8.89535,10,662,389,30.000000:202.500000,1328,True,7,6,1328,0.999928,8.29883,0,0.0124513,1327 1327 1328 1386 1385 -1
GCP,adapt_p35-659087696138755_a315-0_75_map.h5,8.88992,10,590,399,54.340912:315.000000,1605,True,7,6,1605,0.999965,8.19786,0,0.0129077,1646 1646 1647 1606 1605 -1
GCP,adapt_p80-40593177313954_a270-0_35_map.h5,8.88832,10,643,387,9.594069:270.000000,1084,True,9,6,1084,0.984076,8.35177,0,0.0124682,1083 1083 1016 1084 1017 -1
GCP,adapt_p60-00000000000001_a67-5_523_map.h5,5.88012,10,803,1579,30.000000:67.500000,1305,False,6,4,1365,0.826525,3.4508,0,0.0126822,1364 1364 1365 -1
GCP,adapt_p60-00000000000001_a135-0_412_map.h5,8.8923,10,683,359,30.000000:135.000000,1316,True,9,6,1317,0.999988,8.27441,0,0.0124769,1375 1375 1376 1317 1316 -1
GCP,adapt_p11-715852394892384_a135-0_208_map.h5,8.78217,10,186,364,78.284149:135.000000,1770,True,31,5,1751,0.901568,7.05228,0,0.0126451,1769 1770 1751 1752 -1
GCP,adapt_p80-40593177313954_a337-49999999999994_240_map.h5,6.85904,10,341,1175,9.594069:337.500000,1097,False,15,4,1162,0.717038,4.88347,0,0.0127552,1096 1162 1163 -1
GCP,adapt_p35-659087696138755_a14-999999999999998_537_map.h5,8.68207,10,162,386,54.340912:15.000000,1568,False,40,5,1569,0.767054,7.51947,0,0.0127286,1524 1570 1569 1613 -1
GCP,adapt_p60-00000000000001_a90-0_412_map.h5,8.89159,10,457,380,30.000000:90.000000,1309,True,8,6,1309,0.99994,8.24295,0,0.0132014,1368 1368 1369 1310 1309 -1
GCP,adapt_p70-52877936550931_a213-75_364_map.h5,7.83028,10,317,723,19.471220:213.750000,1205,True,20,5,1268,0.958057,7.41817,0,0.0125077,1267 1205 1268 1269 -1
GCP,adapt_p48-18968510422141_a258-75_563_map.h5,7.86023,10,482,736,41.810314:258.750000,1504,True,13,5,1504,0.858134,7.27253,0,0.0125752,1452 1451 1503 1504 -1
GCP,adapt_p80-40593177313954_a112-49999999999999_113_map.h5,7.50487,10,164,745,9.594069:112.500000,1055,True,65,3,987,0.283709,7.22814,0,0.012961,1131 1055 -1
GCP,adapt_p23-556464309101234_a112-5_57_map.h5,8.89805,10,609,352,66.443535:112.500000,1697,True,8,6,1697,0.999878,8.14026,0,0.0127602,1696 1696 1697 1726 1725 -1
GCP,adapt_p80-40593177313954_a90-0_563_map.h5,5.87455,10,473,1455,9.594069:90.000000,1051,True,12,5,1051,0.98583,5.83522,0,0.0132535,1117 1117 1051 1050 -1
GCP,adapt_p60-00000000000001_a0-0_213_map.h5,7.53134,10,118,754,30.000000:0.000000,1294,False,69,4,1293,0.534495,5.48471,0,0.0134777,1165 1293 1231 -1
GCP,adapt_p70-52877936550931_a33-75_330_map.h5,7.69705,10,167,699,19.471220:33.750000,1173,False,38,5,1237,0.801054,7.23664,0,0.0127621,1108 1174 1237 1238 -1
GCP,adapt_p60-00000000000001_a224-99999999999997_267_map.h5,5.53204,10,184,1525,30.000000:225.000000,1331,False,64,4,1393,0.537404,5.49017,0,0.0127798,1332 1392 1393 -1
GCP,adapt_p48-18968510422141_a281-24999999999994_534_map.h5,5.85213,10,439,1486,41.810314:281.250000,1507,True,15,5,1507,0.922887,5.79181,0,0.0126693,1455 1455 1507 1508 -1
GCP,adapt_p60-00000000000001_a180-0_115_map.h5,6.84634,10,494,1089,30.000000:180.000000,1324,True,18,4,1324,0.835272,4.89256,0,0.0124456,1381 1382 1324 -1
GCP,adapt_p48-18968510422141_a258-75_421_map.h5,8.87921,10,434,388,41.810314:258.750000,1504,True,11,6,1504,0.994906,8.24927,0,0.0125947,1554 1554 1553 1503 1504 -1
GCP,adapt_p80-40593177313954_a112-49999999999999_7_map.h5,7.80891,10,311,707,9.594069:112.500000,1055,True,23,5,1055,0.855817,7.81815,0,0.0129125,1053 987 1055 988 -1
GCP,adapt_p48-18968510422141_a33-75_432_map.h5,8.87026,10,395,339,41.810314:33.750000,1471,True,13,6,1471,0.991533,8.22164,0,0.0125394,1524 1524 1523 1471 1472 -1
GCP,adapt_p35-659087696138755_a75-0_47_map.h5,7.66609,10,196,794,54.340912:75.000000,1576,True,44,5,1576,0.829601,7.64744,0,0.0127176,1528 1576 1577 1530 -1
GCP,adapt_p70-52877936550931_a303-75_366_map.h5,6.8506,10,622,1137,19.471220:303.750000,1221,True,13,4,1221,0.909763,4.81917,0,0.0132128,1157 1156 1221 -1
GCP,adapt_p11-715852394892384_a225-0_380_map.h5,6.83034,10,535,1113,78.284149:225.000000,1774,True,18,4,1774,0.877859,4.65504,0,0.0124657,1773 1774 1775 -1
GCP,adapt_p60-00000000000001_a315-0_584_map.h5,6.57296,10,163,1090,30.000000:315.000000,1346,False,53,4,1405,0.636045,5.44301,0,0.0128584,1511 1404 1405 -1
GCP,adapt_p23-556464309101234_a247-49999999999997_525_map.h5,8.74142,10,133,372,66.443535:247.500000,1708,False,32,5,1710,0.821657,7.26272,0,0.0123985,1712 1711 1737 1710 -1
GCP,adapt_p23-556464309101234_a67-5_184_map.h5,8.89923,10,803,368,66.443535:67.500000,1693,True,8,6,1693,0.999966,8.21731,0,0.0125828,1692 1692 1722 1723 1693 -1
GCP,adapt_p35-659087696138755_a344-99999999999994_139_map.h5,5.85806,10,407,1521,54.340912:345.000000,1609,True,12,4,1609,0.900567,4.82853,0,0.0127938,1608 1609 1565 -1
GCP,adapt_p48-18968510422141_a168-74999999999997_411_map.h5,7.884,10,591,653,41.810314:168.750000,1491,True,10,5,1437,0.925618,5.79283,0,0.0128072,1491 1491 1438 1437 -1
GCP,adapt_p80-40593177313954_a270-0_88_map.h5,5.71898,10,157,1400,9.594069:270.000000,1084,False,34,4,1152,0.598385,5.30311,0,0.0128293,1020 1086 1152 -1
GCP,adapt_p60-00000000000001_a112-49999999999999_26_map.h5,7.81818,10,270,723,30.000000:112.500000,1313,True,20,5,1372,0.931967,7.48743,0,0.0126375,1373 1372 1371 1313 -1
GCP,adapt_p60-00000000000001_a22-5_345_map.h5,6.87616,10,546,1119,30.000000:22.500000,1298,False,13,4,1358,0.917878,4.83882,0,0.0126395,1299 1358 1357 -1
GCP,adapt_p60-00000000000001_a67-5_386_map.h5,6.8453,10,478,1142,30.000000:67.500000,1305,True,16,4,1305,0.603502,5.3573,0,0.0125228,1303 1241 1305 -1
GCP,adapt_p23-556464309101234_a112-5_261_map.h5,7.86898,10,362,706,66.443535:112.500000,1697,True,15,5,1697,0.974869,7.13897,0,0.0128337,1727 1726 1697 1698 -1
GCP,adapt_p80-40593177313954_a270-0_25_map.h5,6.76317,10,280,1113,9.594069:270.000000,1084,False,28,4,1085,0.690086,5.44085,0,0.0126511,1083 1085 1151 -1
GCP,adapt_p35-659087696138755_a344-99999999999994_455_map.h5,7.30535,10,164,766,54.340912:345.000000,1609,False,100,4,1648,0.285481,6.09876,0,0.0135043,1513 1648 1683 -1
GCP,adapt_p60-00000000000001_a270-0_353_map.h5,7.83123,10,535,785,30.000000:270.000000,1339,True,20,5,1339,0.923763,7.23942,0,0.0125596,1398 1397 1339 1338 -1
GCP,adapt_p23-556464309101234_a67-5_126_map.h5,7.85769,10,436,703,66.443535:67.500000,1693,True,15,5,1723,0.959103,7.23504,0,0.0131244,1724 1723 1722 1693 -1
GCP,adapt_p80-40593177313954_a292-5_94_map.h5,6.77037,10,263,1104,9.594069:292.500000,1088,False,27,4,1155,0.651011,5.38268,0,0.0124359,1091 1155 1089 -1
GCP,adapt_p48-18968510422141_a78-75_448_map.h5,7.88807,10,628,782,41.810314:78.750000,1478,True,10,5,1424,0.94469,5.8018,0,0.0127497,1478 1478 1424 1423 -1
GCP,adapt_p11-715852394892384_a135-0_558_map.h5,7.82918,10,335,745,78.284149:135.000000,1770,False,21,5,1751,0.937702,7.32626,0,0.0126179,1750 1726 1751 1752 -1
GCP,adapt_p35-659087696138755_a45-0_291_map.h5,7.86935,10,498,767,54.340912:45.000000,1572,True,14,5,1572,0.997527,7.19237,0,0.0124539,1615 1616 1572 1571 -1
GCP,adapt_p11-715852394892384_a45-0_505_map.h5,8.89176,10,796,379,78.284149:45.000000,1766,True,7,6,1766,0.999994,8.04014,0,0.0130354,1767 1767 1766 1746 1747 -1
GCP,adapt_p35-659087696138755_a315-0_572_map.h5,5.87473,10,479,1500,54.340912:315.000000,1605,True,11,4,1605,0.956928,4.77842,0,0.0130649,1604 1605 1646 -1
GCP,adapt_p48-18968510422141_a236-25_48_map.h5,7.89371,10,758,761,41.810314:236.250000,1501,True,9,5,1500,0.996552,7.32879,0,0.0130934,1448 1501 1500 1448 -1
GCP,adapt_p60-00000000000001_a135-0_158_map.h5,6.891,10,571,1039,30.000000:135.000000,1316,True,10,5,1316,0.989007,5.9108,0,0.0127981,1315 1315 1253 1316 -1
GCP,adapt_p23-556464309101234_a337-5_593_map.h5,8.87429,10,369,363,66.443535:337.500000,1716,True,12,6,1685,0.994272,8.18232,0,0.0125163,1716 1716 1717 1685 1684 -1
GCP,adapt_p23-556464309101234_a202-5_362_map.h5,7.79998,10,240,739,66.443535:202.500000,1704,True,30,5,1731,0.89262,7.32953,0,0.0128243,1733 1732 1731 1704 -1
GCP,adapt_p23-556464309101234_a337-5_180_map.h5,7.85422,10,442,765,66.443535:337.500000,1716,True,16,5,1716,0.972022,7.15617,0,0.0127309,1717 1716 1684 1685 -1
GCP,adapt_p60-00000000000001_a45-0_21_map.h5,7.89235,10,722,748,30.000000:45.000000,1301,True,10,5,1301,0.999466,5.82695,0,0.0124411,1361 1361 1302 1301 -1
GCP,adapt_p80-40593177313954_a67-5_597_map.h5,3.80633,10,65,1583,9.594069:67.500000,1047,False,326,2,1512,0,0.0240952,0,0.0240952,1287 -1
GCP,adapt_p70-52877936550931_a33-75_86_map.h5,5.55826,10,148,1465,19.471220:33.750000,1173,False,56,4,1103,0.633585,5.54382,0,0.0135542,1234 1103 1102 -1
GCP,adapt_p80-40593177313954_a0-0_583_map.h5,5.94787,10,176,1060,9.594069:0.000000,1034,False,160,4,1457,0.148837,5.38492,0,0.0148208,1459 1457 1509 -1
GCP,adapt_p60-00000000000001_a90-0_437_map.h5,6.79526,10,202,1100,30.000000:90.000000,1309,True,24,4,1309,0.608558,5.00026,0,0.0125488,1308 1309 1247 -1
GCP,adapt_p35-659087696138755_a105-0_270_map.h5,7.80523,10,193,714,54.340912:105.000000,1579,False,23,5,1580,0.889,7.72989,0,0.0125868,1533 1623 1580 1581 -1
GCP,adapt_p70-52877936550931_a191-25_402_map.h5,7.71892,10,250,757,19.471220:191.250000,1201,False,36,5,1199,0.677357,7.44232,0,0.0128791,1324 1261 1262 1199 -1
GCP,adapt_p80-40593177313954_a180-0_183_map.h5,7.87513,10,668,753,9.594069:180.000000,1067,True,10,5,1067,0.975245,7.47045,0,0.0137042,1068 1067 1133 1068 -1
GCP,adapt_p35-659087696138755_a135-0_328_map.h5,8.88227,10,405,357,54.340912:135.000000,1583,True,9,6,1583,0.999994,8.19743,0,0.0124841,1626 1626 1627 1584 1583 -1
GCP,adapt_p11-715852394892384_a315-0_302_map.h5,5.83028,10,330,1411,78.284149:315.000000,1778,True,19,4,1762,0.759539,4.73493,0,0.0125264,1761 1762 1778 -1
GCP,adapt_p48-18968510422141_a56-24999999999999_7_map.h5,8.87608,10,432,362,41.810314:56.250000,1475,True,14,6,1475,0.999232,8.21882,0,0.0126956,1421 1421 1420 1474 1475 -1
GCP,adapt_p48-18968510422141_a191-25_404_map.h5,8.89104,10,427,372,41.810314:191.250000,1494,True,10,6,1441,0.999985,8.21753,0,0.0127832,1494 1494 1493 1440 1441 -1
GCP,adapt_p80-40593177313954_a157-5_237_map.h5,7.7872,10,186,771,9.594069:157.500000,1063,False,27,5,1064,0.887115,7.58881,0,0.0126157,1130 1065 997 1064 -1
GCP,adapt_p80-40593177313954_a135-0_76_map.h5,8.87205,10,576,370,9.594069:135.000000,1059,True,13,6,1059,0.971486,8.63938,0,0.0127541,1125 1125 1060 1059 1058 -1
GCP,adapt_p48-18968510422141_a326-24999999999994_498_map.h5,5.81403,10,443,1414,41.810314:326.250000,1514,False,20,4,1463,0.878076,4.82624,0,0.0127771,1515 1463 1462 -1
GCP,adapt_p60-00000000000001_a0-0_320_map.h5,8.8913,10,418,342,30.000000:0.000000,1294,True,9,6,1294,0.997104,8.32863,0,0.0125033,1354 1354 1295 1294 1293 -1
GCP,adapt_p80-40593177313954_a0-0_544_map.h5,7.8523,10,292,729,9.594069:0.000000,1034,True,16,5,1035,0.934501,7.35094,0,0.0125237,968 1035 967 1034 -1
GCP,adapt_p70-52877936550931_a281-24999999999994_215_map.h5,6.83135,10,430,1142,19.471220:281.250000,1217,True,21,4,1217,0.864112,4.80528,0,0.0124376,1151 1152 1217 -1
GCP,adapt_p35-659087696138755_a135-0_565_map.h5,8.89768,10,752,388,54.340912:135.000000,1583,True,8,6,1626,0.999998,8.1985,0,0.0131283,1583 1583 1584 1627 1626 -1
GCP,adapt_p60-00000000000001_a67-5_76_map.h5,7.8901,10,580,706,30.000000:67.500000,1305,True,10,5,1305,0.998954,7.40057,0,0.0126856,1304 1305 1364 1304 -1
GCP,adapt_p60-00000000000001_a45-0_527_map.h5,8.88402,10,507,327,30.000000:45.000000,1301,True,11,6,1301,0.997224,8.27179,0,0.0127952,1361 1361 1360 1301 1302 -1
GCP,adapt_p70-52877936550931_a146-25_159_map.h5,7.86783,10,530,749,19.471220:146.250000,1193,True,12,5,1127,0.966698,7.38062,0,0.012955,1192 1193 1127 1192 -1
GCP,adapt_p11-715852394892384_a225-0_414_map.h5,7.87126,10,451,774,78.284149:225.000000,1774,False,12,5,1758,0.976422,5.72632,0,0.0125706,1735 1735 1758 1759 -1
GCP,adapt_p48-18968510422141_a348-74999999999994_115_map.h5,8.90181,10,734,363,41.810314:348.750000,1517,True,6,6,1517,0.999999,8.38574,0,0.0129811,1465 1465 1516 1517 1466 -1
GCP,adapt_p60-00000000000001_a90-0_457_map.h5,8.89128,10,504,365,30.000000:90.000000,1309,True,10,6,1308,0.999785,8.24147,0,0.0124946,1367 1367 1368 1309 1308 -1
GCP,adapt_p70-52877936550931_a123-74999999999999_290_map.h5,7.88042,10,600,717,19.471220:123.750000,1189,True,12,5,1189,0.989967,5.81722,0,0.0124017,1253 1253 1190 1189 -1
GCP,adapt_p23-556464309101234_a67-5_352_map.h5,7.88306,10,607,763,66.443535:67.500000,1693,True,12,5,1692,0.972847,5.79223,0,0.0127252,1722 1722 1692 1693 -1
GCP,adapt_p48-18968510422141_a213-75_575_map.h5,5.87945,10,632,1450,41.810314:213.750000,1497,False,11,5,1444,0.99807,5.82491,0,0.0123412,1388 1388 1445 1444 -1
GCP,adapt_p48-18968510422141_a123-74999999999999_540_map.h5,8.90138,10,773,385,41.810314:123.750000,1484,True,6,6,1484,0.999999,8.343,0,0.0124225,1431 1431 1485 1484 1430 -1
GCP,adapt_p48-18968510422141_a101-24999999999999_285_map.h5,8.8501,10,348,355,41.810314:101.250000,1481,True,16,5,1481,0.92709,7.33976,0,0.0127174,1428 1481 1532 1533 -1
GCP,adapt_p48-18968510422141_a258-75_159_map.h5,6.87313,10,507,1162,41.810314:258.750000,1504,True,12,5,1504,0.978278,5.83946,0,0.0126795,1451 1451 1503 1504 -1
GCP,adapt_p23-556464309101234_a112-5_262_map.h5,7.83271,10,481,738,66.443535:112.500000,1697,True,12,5,1726,0.997577,5.74564,0,0.0130868,1697 1697 1726 1725 -1
GCP,adapt_p48-18968510422141_a56-24999999999999_92_map.h5,8.89655,10,811,397,41.810314:56.250000,1475,True,7,6,1475,0.999999,8.21839,0,0.0122685,1421 1421 1420 1474 1475 -1
GCP,adapt_p60-00000000000001_a112-49999999999999_584_map.h5,5.8144,10,263,1494,30.000000:112.500000,1313,False,17,4,1250,0.681402,4.93193,0,0.0124177,1251 1250 1312 -1
GCP,adapt_p23-556464309101234_a157-5_84_map.h5,7.88703,10,568,762,66.443535:157.500000,1701,False,12,5,1700,0.976096,7.25334,0,0.0127781,1665 1666 1700 1665 -1
GCP,adapt_p35-659087696138755_a344-99999999999994_216_map.h5,8.89944,10,651,385,54.340912:345.000000,1609,True,6,6,1609,0.999999,8.25014,0,0.0123719,1608 1608 1609 1650 1649 -1
GCP,adapt_p35-659087696138755_a45-0_321_map.h5,6.73192,10,231,1146,54.340912:45.000000,1572,False,33,4,1655,0.712225,4.96427,0,0.012909,1690 1655 1616 -1
GCP,adapt_p48-18968510422141_a191-25_374_map.h5,7.88327,10,596,789,41.810314:191.250000,1494,False,11,5,1441,0.993605,5.88237,0,0.0125457,1440 1440 1441 1442 -1
GCP,adapt_p35-659087696138755_a315-0_3_map.h5,5.75427,10,203,1524,54.340912:315.000000,1605,True,33,4,1605,0.688107,4.76959,0,0.0135571,1645 1646 1605 -1
GCP,adapt_p48-18968510422141_a213-75_67_map.h5,7.82546,10,387,765,41.810314:213.750000,1497,False,17,5,1388,0.947249,7.2838,0,0.012341,1330 1388 1445 1389 -1
GCP,adapt_p23-556464309101234_a337-5_568_map.h5,7.89409,10,642,746,66.443535:337.500000,1716,True,9,5,1716,0.998154,7.29566,0,0.0127092,1685 1684 1716 1685 -1
GCP,adapt_p70-52877936550931_a326-24999999999994_137_map.h5,7.88635,10,610,725,19.471220:326.250000,1225,True,10,5,1225,0.994889,5.90171,0,0.0124575,1224 1224 1287 1225 -1
GCP,adapt_p35-659087696138755_a344-99999999999994_534_map.h5,7.816,10,308,722,54.340912:345.000000,1609,True,19,5,1609,0.928581,7.24916,0,0.0128123,1610 1609 1650 1649 -1
GCP,adapt_p48-18968510422141_a146-25_76_map.h5,6.48181,10,56,793,41.810314:146.250000,1488,False,234,4,1324,0.466716,5.92128,0,0.0177029,1136 1262 1324 -1
GCP,adapt_p70-52877936550931_a11-25_192_map.h5,8.89121,10,680,375,19.471220:11.250000,1169,True,11,6,1169,0.999822,8.36324,0,0.0125937,1232 1232 1168 1102 1169 -1
GCP,adapt_p35-659087696138755_a315-0_444_map.h5,7.88012,10,406,778,54.340912:315.000000,1605,False,12,5,1606,0.987896,5.78234,0,0.0126743,1647 1647 1606 1607 -1
GCP,adapt_p23-556464309101234_a247-49999999999997_1_map.h5,7.86356,10,508,719,66.443535:247.500000,1708,True,13,5,1709,0.961272,7.13899,0,0.0132404,1736 1735 1708 1709 -1
GCP,adapt_p23-556464309101234_a202-5_132_map.h5,6.86235,10,473,1193,66.443535:202.500000,1704,True,10,5,1704,0.989551,5.76655,0,0.0124524,1670 1670 1704 1703 -1
GCP,adapt_p60-00000000000001_a22-5_344_map.h5,7.807,10,214,777,30.000000:22.500000,1298,False,25,5,1357,0.869212,7.25306,0,0.0127998,1234 1297 1356 1357 -1
GCP,adapt_p48-18968510422141_a281-24999999999994_372_map.h5,7.85331,10,272,714,41.810314:281.250000,1507,True,16,5,1508,0.870243,7.2726,0,0.0125027,1557 1507 1508 1456 -1
GCP,adapt_p11-715852394892384_a135-0_116_map.h5,8.90422,10,748,376,78.284149:135.000000,1770,True,8,6,1752,0.999997,8.20081,0,0.0125663,1753 1753 1771 1770 1752 -1
GCP,adapt_p48-18968510422141_a123-74999999999999_407_map.h5,4.75647,10,80,1553,41.810314:123.750000,1484,False,171,2,1154,0,0.0152404,0,0.0152404,1213 -1
GCP,adapt_p48-18968510422141_a123-74999999999999_26_map.h5,8.8903,10,681,368,41.810314:123.750000,1484,True,9,6,1431,0.999773,8.34313,0,0.0124813,1430 1430 1484 1485 1431 -1
GCP,adapt_p70-52877936550931_a78-75_506_map.h5,7.88834,10,615,761,19.471220:78.750000,1181,True,10,5,1181,0.997844,7.45058,0,0.0124683,1182 1181 1115 1182 -1
GCP,adapt_p35-659087696138755_a224-99999999999997_458_map.h5,7.81047,10,280,765,54.340912:225.000000,1594,True,20,5,1594,0.959522,7.32113,0,0.0123383,1549 1594 1636 1595 -1
GCP,adapt_p80-40593177313954_a157-5_63_map.h5,5.8481,10,459,1534,9.594069:157.500000,1063,False,15,5,1129,0.902801,5.85372,0,0.0127104,1194 1194 1128 1129 -1
GCP,adapt_p23-556464309101234_a292-5_355_map.h5,7.86718,10,418,788,66.443535:292.500000,1712,True,12,5,1712,0.982815,5.82556,0,0.0126416,1679 1679 1680 1712 -1
GCP,adapt_p70-52877936550931_a56-24999999999999_503_map.h5,6.86235,10,510,1153,19.471220:56.250000,1177,True,14,4,1176,0.706255,4.90814,0,0.0124454,1177 1240 1176 -1
GCP,adapt_p80-40593177313954_a0-0_326_map.h5,7.88129,10,630,692,9.594069:0.000000,1034,True,10,5,1034,0.998851,5.91806,0,0.0125106,1100 1100 1034 1035 -1
GCP,adapt_p35-659087696138755_a255-00000000000003_246_map.h5,8.78725,10,185,359,54.340912:255.000000,1598,True,28,5,1553,0.882156,7.60509,0,0.0125527,1502 1553 1598 1597 -1
GCP,adapt_p80-40593177313954_a202-49999999999997_258_map.h5,6.67003,10,132,1062,9.594069:202.500000,1072,False,43,4,1137,0.495284,5.9374,0,0.0127894,1074 1071 1137 -1
GCP,adapt_p70-52877936550931_a348-74999999999994_383_map.h5,8.90178,10,625,363,19.471220:348.750000,1229,True,10,6,1229,0.999882,8.35836,0,0.0130083,1292 1292 1230 1165 1229 -1
GCP,adapt_p70-52877936550931_a56-24999999999999_373_map.h5,6.86215,10,422,1104,19.471220:56.250000,1177,True,14,4,1178,0.970613,4.9193,0,0.0126535,1179 1178 1177 -1
GCP,adapt_p70-52877936550931_a11-25_233_map.h5,6.81986,10,242,1072,19.471220:11.250000,1169,True,19,4,1233,0.695357,4.89815,0,0.0129394,1170 1233 1169 -1
GCP,adapt_p35-659087696138755_a14-999999999999998_302_map.h5,5.86726,10,512,1509,54.340912:15.000000,1568,True,12,4,1613,0.850588,4.91078,0,0.0125295,1612 1568 1613 -1
GCP,adapt_p11-715852394892384_a45-0_472_map.h5,5.86218,10,427,1507,78.284149:45.000000,1766,False,14,4,1767,0.722987,4.69779,0,0.0126133,1768 1767 1747 -1
GCP,adapt_p35-659087696138755_a315-0_284_map.h5,7.90242,10,715,705,54.340912:315.000000,1605,True,6,5,1605,0.988763,5.77854,0,0.012355,1646 1646 1605 1606 -1
GCP,adapt_p70-52877936550931_a348-74999999999994_406_map.h5,8.89482,10,646,349,19.471220:348.750000,1229,True,9,6,1229,0.999686,8.34514,0,0.0129841,1291 1291 1292 1229 1228 -1
GCP,adapt_p80-40593177313954_a157-5_375_map.h5,7.84778,10,282,684,9.594069:157.500000,1063,False,19,5,997,0.859662,7.35142,0,0.0130141,998 1065 997 1064 -1
GCP,adapt_p70-52877936550931_a101-24999999999999_124_map.h5,5.86568,10,510,1528,19.471220:101.250000,1185,True,11,4,1185,0.94495,4.80596,0,0.0131219,1120 1119 1185 -1
GCP,adapt_p70-52877936550931_a348-74999999999994_568_map.h5,8.87239,10,321,392,19.471220:348.750000,1229,True,12,6,1229,0.98846,8.83306,0,0.0124111,1291 1291 1230 1229 1228 -1
GCP,adapt_p48-18968510422141_a101-24999999999999_480_map.h5,8.88931,10,555,402,41.810314:101.250000,1481,True,8,6,1428,0.99994,8.27926,0,0.0124836,1427 1427 1428 1482 1481 -1
GCP,adapt_p60-00000000000001_a90-0_189_map.h5,6.7803,10,328,1066,30.000000:90.000000,1309,False,26,4,1369,0.735671,4.73242,0,0.0124974,1247 1310 1369 -1
GCP,adapt_p60-00000000000001_a202-49999999999997_73_map.h5,7.64279,10,187,778,30.000000:202.500000,1328,False,47,5,1384,0.726037,7.54894,0,0.0130386,1262 1325 1326 1384 -1
GCP,adapt_p60-00000000000001_a45-0_221_map.h5,8.82129,10,220,363,30.000000:45.000000,1301,False,21,5,1362,0.940231,7.14779,0,0.0125223,1304 1363 1362 1420 -1
GCP,adapt_p60-00000000000001_a135-0_303_map.h5,6.80689,10,322,1110,30.000000:135.000000,1316,True,20,4,1316,0.778669,4.93272,0,0.0129281,1253 1316 1317 -1
GCP,adapt_p70-52877936550931_a303-75_106_map.h5,7.28997,10,150,727,19.471220:303.750000,1221,False,98,4,1156,0.541479,6.82715,0,0.0138686,1457 1156 1157 -1
GCP,adapt_p35-659087696138755_a165-0_46_map.h5,7.77559,10,453,716,54.340912:165.000000,1587,False,18,5,1585,0.989936,7.20754,0,0.0132241,1627 1628 1585 1586 -1
GCP,adapt_p60-00000000000001_a270-0_319_map.h5,8.89643,10,656,370,30.000000:270.000000,1339,True,9,6,1339,0.999355,8.24136,0,0.0123477,1396 1396 1397 1339 1338 -1
GCP,adapt_p23-556464309101234_a337-5_147_map.h5,6.87322,10,594,1135,66.443535:337.500000,1716,True,12,4,1716,0.945915,4.76135,0,0.012595,1685 1684 1716 -1
GCP,adapt_p23-556464309101234_a292-5_436_map.h5,7.85849,10,482,753,66.443535:292.500000,1712,True,13,5,1712,0.958735,7.26966,0,0.0122949,1680 1712 1739 1738 -1
GCP,adapt_p11-715852394892384_a225-0_110_map.h5,7.8617,10,355,743,78.284149:225.000000,1774,True,15,5,1774,0.930406,7.25523,0,0.013117,1775 1757 1756 1774 -1
GCP,adapt_p35-659087696138755_a224-99999999999997_278_map.h5,6.86044,10,497,1124,54.340912:225.000000,1594,True,13,4,1594,0.931287,4.78147,0,0.0123734,1550 1595 1594 -1
GCP,adapt_p48-18968510422141_a168-74999999999997_170_map.h5,8.89092,10,381,358,41.810314:168.750000,1491,True,12,6,1491,0.999334,8.22019,0,0.0128704,1439 1439 1438 1491 1492 -1
GCP,adapt_p70-52877936550931_a213-75_468_map.h5,5.84739,10,527,1505,19.471220:213.750000,1205,True,15,4,1205,0.953948,4.91906,0,0.0124163,1204 1205 1206 -1
GCP,adapt_p80-40593177313954_a247-49999999999997_523_map.h5,6.08385,10,143,1106,9.594069:247.500000,1080,False,128,3,1086,0.147674,4.55488,0,0.0139771,1147 1086 -1
GCP,adapt_p60-00000000000001_a224-99999999999997_348_map.h5,8.88316,10,482,345,30.000000:225.000000,1331,True,12,6,1390,0.999807,8.2645,0,0.0126426,1389 1389 1390 1332 1331 -1
GCP,adapt_p60-00000000000001_a247-49999999999997_320_map.h5,6.84769,10,541,1146,30.000000:247.500000,1335,True,13,4,1335,0.919059,4.79953,0,0.0131425,1394 1393 1335 -1
GCP,adapt_p35-659087696138755_a105-0_147_map.h5,5.81835,10,320,1516,54.340912:105.000000,1579,True,21,4,1622,0.780725,4.8271,0,0.0124441,1579 1622 1623 -1
GCP,adapt_p23-556464309101234_a112-5_360_map.h5,7.87676,10,428,714,66.443535:112.500000,1697,True,13,5,1726,0.979969,7.13917,0,0.0130533,1696 1697 1726 1725 -1
GCP,adapt_p35-659087696138755_a255-00000000000003_8_map.h5,8.88044,10,456,327,54.340912:255.000000,1598,True,12,6,1597,0.999464,8.25058,0,0.0123516,1639 1639 1640 1598 1597 -1
GCP,adapt_p35-659087696138755_a75-0_236_map.h5,7.72476,10,111,734,54.340912:75.000000,1576,False,35,5,1657,0.78893,7.35892,0,0.0130579,1617 1618 1619 1657 -1
GCP,adapt_p70-52877936550931_a326-24999999999994_93_map.h5,7.73474,10,281,685,19.471220:326.250000,1225,True,34,5,1225,0.816178,7.34218,0,0.0130858,1288 1225 1160 1224 -1
GCP,adapt_p70-52877936550931_a191-25_527_map.h5,6.85404,10,581,1173,19.471220:191.250000,1201,False,16,4,1135,0.797427,4.89493,0,0.0127947,1200 1135 1136 -1
GCP,adapt_p11-715852394892384_a225-0_45_map.h5,7.86771,10,463,642,78.284149:225.000000,1774,True,15,5,1757,0.903623,7.13637,0,0.0130982,1758 1757 1756 1774 -1
GCP,adapt_p35-659087696138755_a285-0_589_map.h5,7.84314,10,287,757,54.340912:285.000000,1601,False,18,5,1643,0.935707,7.2026,0,0.0126852,1680 1679 1643 1642 -1
GCP,adapt_p48-18968510422141_a191-25_153_map.h5,5.79161,10,405,1466,41.810314:191.250000,1494,True,18,4,1441,0.843203,4.78506,0,0.0131758,1495 1494 1441 -1
GCP,adapt_p60-00000000000001_a270-0_94_map.h5,6.86201,10,502,1138,30.000000:270.000000,1339,True,14,4,1339,0.96196,4.79179,0,0.012802,1398 1397 1339 -1
GCP,adapt_p60-00000000000001_a202-49999999999997_189_map.h5,5.81036,10,328,1603,30.000000:202.500000,1328,True,21,4,1328,0.674143,5.36032,0,0.0124617,1330 1267 1328 -1
GCP,adapt_p80-40593177313954_a157-5_221_map.h5,8.88027,10,441,416,9.594069:157.500000,1063,True,11,6,1064,0.999208,8.37365,0,0.0125387,996 996 997 1064 1063 -1
GCP,adapt_p80-40593177313954_a292-5_75_map.h5,6.91456,10,47,799,9.594069:292.500000,1088,False,155,4,1155,0.327206,6.56491,0,0.0148701,1458 1219 1155 -1
GCP,adapt_p48-18968510422141_a236-25_425_map.h5,5.8353,10,537,1520,41.810314:236.250000,1501,True,12,4,1501,0.813325,4.88116,0,0.012493,1449 1448 1501 -1
GCP,adapt_p35-659087696138755_a45-0_131_map.h5,8.90027,10,638,356,54.340912:45.000000,1572,True,9,6,1572,0.999991,8.19819,0,0.0125656,1616 1616 1615 1571 1572 -1
GCP,adapt_p48-18968510422141_a11-25_349_map.h5,6.88214,10,567,1106,41.810314:11.250000,1468,True,10,5,1468,0.975283,5.82615,0,0.01266,1521 1521 1469 1468 -1
GCP,adapt_p35-659087696138755_a45-0_420_map.h5,6.86017,10,437,1135,54.340912:45.000000,1572,True,14,4,1572,0.901967,4.77799,0,0.0126374,1573 1572 1525 -1
GCP,adapt_p11-715852394892384_a135-0_244_map.h5,7.80224,10,233,736,78.284149:135.000000,1770,False,31,5,1771,0.825172,6.91965,0,0.0125623,1784 1785 1786 1771 -1
GCP,adapt_p48-18968510422141_a56-24999999999999_243_map.h5,6.87109,10,462,1107,41.810314:56.250000,1475,False,11,4,1420,0.925713,4.79013,0,0.0127075,1419 1420 1474 -1
GCP,adapt_p48-18968510422141_a123-74999999999999_305_map.h5,6.75716,10,203,1097,41.810314:123.750000,1484,False,32,4,1430,0.626337,4.87285,0,0.0126506,1374 1431 1430 -1
GCP,adapt_p80-40593177313954_a67-5_242_map.h5,7.59872,10,244,736,9.594069:67.500000,1047,True,53,4,1047,0.335696,5.5265,0,0.0130738,977 979 1047 -1
GCP,adapt_p23-556464309101234_a22-5_49_map.h5,7.89724,10,751,739,66.443535:22.500000,1689,True,8,5,1719,0.999866,5.75204,0,0.0125466,1689 1689 1719 1720 -1
GCP,adapt_p11-715852394892384_a45-0_530_map.h5,5.25218,10,132,1066,78.284149:45.000000,1766,False,283,2,1168,0,0.0205484,0,0.0205484,1643 -1
GCP,adapt_p80-40593177313954_a157-5_149_map.h5,8.8934,10,624,400,9.594069:157.500000,1063,True,9,6,1063,0.999786,8.25552,0,0.0123998,996 996 1064 1063 1129 -1
GCP,adapt_p35-659087696138755_a14-999999999999998_26_map.h5,8.88217,10,443,371,54.340912:15.000000,1568,True,10,6,1613,0.993503,8.22764,0,0.0126149,1614 1614 1613 1569 1568 -1
GCP,adapt_p60-00000000000001_a315-0_543_map.h5,7.76899,10,312,734,30.000000:315.000000,1346,False,29,5,1402,0.812552,7.22933,0,0.0128241,1400 1401 1402 1458 -1
GCP,adapt_p11-715852394892384_a135-0_62_map.h5,6.72979,10,156,1033,78.284149:135.000000,1770,False,40,4,1752,0.642218,4.86723,0,0.0130013,1699 1727 1752 -1
GCP,adapt_p48-18968510422141_a348-74999999999994_365_map.h5,6.88813,10,563,1188,41.810314:348.750000,1517,True,10,5,1517,0.996994,5.85032,0,0.0126654,1465 1465 1517 1516 -1
GCP,adapt_p70-52877936550931_a168-74999999999997_552_map.h5,6.88421,10,655,1163,19.471220:168.750000,1197,True,11,5,1197,0.999094,5.92015,0,0.0126033,1198 1198 1197 1196 -1
GCP,adapt_p80-40593177313954_a0-0_391_map.h5,7.88709,10,567,725,9.594069:0.000000,1034,True,12,5,1035,0.986853,5.90493,0,0.0127544,1101 1101 1035 1034 -1
GCP,adapt_p80-40593177313954_a157-5_511_map.h5,8.15968,10,102,365,9.594069:157.500000,1063,False,116,4,1129,0.396742,5.86956,0,0.0138952,1378 1194 1129 -1
GCP,adapt_p48-18968510422141_a101-24999999999999_90_map.h5,5.81634,10,370,1496,41.810314:101.250000,1481,False,21,4,1428,0.865527,4.88086,0,0.0124737,1429 1428 1427 -1
GCP,adapt_p80-40593177313954_a45-0_356_map.h5,5.00264,10,79,1539,9.594069:45.000000,1042,False,145,2,1120,0,0.0151371,0,0.0151371,1112 -1
GCP,adapt_p35-659087696138755_a45-0_576_map.h5,8.90738,10,638,382,54.340912:45.000000,1572,True,7,6,1572,0.999999,8.19736,0,0.0124143,1616 1616 1617 1573 1572 -1
GCP,adapt_p80-40593177313954_a315-0_215_map.h5,5.2752,10,163,1430,9.594069:315.000000,1093,False,105,3,1714,0.221764,5.18638,0,0.0136385,1403 1714 -1
GCP,adapt_p70-52877936550931_a303-75_46_map.h5,6.86436,10,625,1122,19.471220:303.750000,1221,True,13,4,1156,0.883179,4.8222,0,0.0124497,1222 1221 1156 -1
GCP,adapt_p60-00000000000001_a202-49999999999997_366_map.h5,8.89576,10,597,370,30.000000:202.500000,1328,True,8,6,1386,0.999686,8.44036,0,0.0130343,1328 1328 1387 1386 1327 -1
GCP,adapt_p48-18968510422141_a11-25_476_map.h5,5.85142,10,349,1499,41.810314:11.250000,1468,True,14,5,1469,0.954738,5.84459,0,0.0123793,1414 1414 1468 1469 -1
GCP,adapt_p11-715852394892384_a315-0_98_map.h5,5.86635,10,625,1443,78.284149:315.000000,1778,True,13,4,1778,0.80589,4.67593,0,0.0124503,1791 1779 1778 -1
GCP,adapt_p80-40593177313954_a292-5_292_map.h5,7.87624,10,568,688,9.594069:292.500000,1088,True,13,5,1088,0.966849,7.37252,0,0.0125331,1020 1021 1089 1088 -1
GCP,adapt_p80-40593177313954_a247-49999999999997_314_map.h5,5.84436,10,545,1450,9.594069:247.500000,1080,False,14,4,1146,0.883386,4.91151,0,0.0124496,1145 1146 1147 -1
GCP,adapt_p70-52877936550931_a33-75_181_map.h5,7.86327,10,303,729,19.471220:33.750000,1173,True,14,5,1236,0.984963,7.32257,0,0.0125407,1173 1172 1235 1236 -1
GCP,adapt_p70-52877936550931_a281-24999999999994_454_map.h5,8.87433,10,343,374,19.471220:281.250000,1217,True,15,6,1281,0.997666,8.29234,0,0.0124756,1217 1217 1218 1281 1280 -1
GCP,adapt_p70-52877936550931_a191-25_534_map.h5,7.87234,10,478,758,19.471220:191.250000,1201,True,11,5,1201,0.958671,7.48601,0,0.0124555,1200 1201 1264 1200 -1
GCP,adapt_p80-40593177313954_a22-5_435_map.h5,6.855,10,527,1171,9.594069:22.500000,1038,True,12,5,1038,0.999348,5.91185,0,0.0128084,971 971 1039 1038 -1
GCP,adapt_p35-659087696138755_a75-0_230_map.h5,7.8393,10,366,755,54.340912:75.000000,1576,True,16,5,1576,0.96194,7.25583,0,0.012504,1530 1529 1576 1577 -1
GCP,adapt_p80-40593177313954_a224-99999999999997_368_map.h5,6.78537,10,270,1098,9.594069:225.000000,1076,False,26,4,1141,0.728964,5.41504,0,0.012459,1077 1075 1141 -1
GCP,adapt_p70-52877936550931_a303-75_329_map.h5,7.86804,10,467,704,19.471220:303.750000,1221,True,13,5,1221,0.98036,7.21428,0,0.0127591,1283 1220 1221 1156 -1
GCP,adapt_p70-52877936550931_a146-25_402_map.h5,7.86536,10,450,775,19.471220:146.250000,1193,True,14,5,1193,0.986652,7.29806,0,0.0124482,1194 1193 1127 1128 -1
GCP,adapt_p48-18968510422141_a101-24999999999999_570_map.h5,7.87838,10,622,759,41.810314:101.250000,1481,True,10,5,1481,0.995989,7.32638,0,0.0124314,1428 1427 1481 1428 -1
GCP,adapt_p60-00000000000001_a180-0_66_map.h5,7.88835,10,653,739,30.000000:180.000000,1324,True,11,5,1383,0.980807,5.89266,0,0.0124514,1325 1325 1383 1324 -1
GCP,adapt_p23-556464309101234_a67-5_38_map.h5,6.84158,10,470,1112,66.443535:67.500000,1693,True,16,4,1693,0.906617,4.8751,0,0.0132476,1722 1693 1657 -1
GCP,adapt_p70-52877936550931_a236-25_336_map.h5,6.85622,10,529,1064,19.471220:236.250000,1209,True,15,5,1209,0.855625,5.82552,0,0.0125773,1144 1144 1209 1210 -1
GCP,adapt_p60-00000000000001_a315-0_189_map.h5,8.90433,10,764,417,30.000000:315.000000,1346,True,7,6,1347,0.999998,8.27441,0,0.0124781,1404 1404 1405 1347 1346 -1
GCP,adapt_p80-40593177313954_a270-0_543_map.h5,8.86034,10,456,384,9.594069:270.000000,1084,True,16,5,1085,0.868798,7.28564,0,0.0124462,1151 1150 1084 1085 -1
GCP,adapt_p23-556464309101234_a157-5_227_map.h5,7.88275,10,529,757,66.443535:157.500000,1701,False,9,5,1729,0.995251,7.29112,0,0.0129953,1700 1728 1729 1700 -1
GCP,adapt_p80-40593177313954_a45-0_181_map.h5,6.67876,10,207,1077,9.594069:45.000000,1042,False,42,4,974,0.668281,4.96443,0,0.0140029,906 974 975 -1
GCP,adapt_p48-18968510422141_a326-24999999999994_131_map.h5,8.86823,10,421,387,41.810314:326.250000,1514,False,12,6,1562,0.995582,8.212,0,0.0125566,1561 1561 1562 1513 1512 -1
GCP,adapt_p23-556464309101234_a292-5_453_map.h5,5.87809,10,846,1574,66.443535:292.500000,1712,True,11,4,1712,0.995404,4.8097,0,0.0126855,1738 1711 1712 -1
GCP,adapt_p11-715852394892384_a45-0_575_map.h5,6.83997,10,343,1162,78.284149:45.000000,1766,False,13,5,1746,0.952858,5.71802,0,0.0128211,1720 1720 1746 1745 -1
GCP,adapt_p80-40593177313954_a135-0_271_map.h5,8.69472,10,117,386,9.594069:135.000000,1059,False,44,5,1126,0.636342,8.07959,0,0.0130827,1123 1191 1125 1126 -1
GCP,adapt_p11-715852394892384_a45-0_467_map.h5,8.89563,10,455,372,78.284149:45.000000,1766,True,7,6,1747,0.99942,8.04039,0,0.0131687,1767 1767 1766 1746 1747 -1
GCP,adapt_p60-00000000000001_a247-49999999999997_519_map.h5,6.84425,10,339,1177,30.000000:247.500000,1335,True,16,4,1336,0.795286,4.90742,0,0.0125596,1337 1336 1335 -1
GCP,adapt_p80-40593177313954_a247-49999999999997_488_map.h5,8.88328,10,539,401,9.594069:247.500000,1080,True,10,6,1080,0.999456,8.2753,0,0.0125061,1081 1081 1080 1079 1145 -1
GCP,adapt_p35-659087696138755_a165-0_23_map.h5,6.82373,10,252,1190,54.340912:165.000000,1587,False,19,5,1629,0.900551,5.81205,0,0.01308,1667 1667 1629 1630 -1
GCP,adapt_p80-40593177313954_a315-0_562_map.h5,7.61504,10,84,387,9.594069:315.000000,1093,False,198,3,1096,0.129308,7.46824,0,0.0162383,1279 1096 -1
GCP,adapt_p80-40593177313954_a90-0_78_map.h5,7.17049,10,160,742,9.594069:90.000000,1051,False,119,3,1126,0.282525,5.68396,0,0.014354,1133 1126 -1
GCP,adapt_p60-00000000000001_a157-5_464_map.h5,8.87991,10,488,361,30.000000:157.500000,1320,True,10,6,1320,0.995625,8.26369,0,0.012884,1319 1319 1320 1258 1257 -1
GCP,adapt_p48-18968510422141_a326-24999999999994_60_map.h5,5.86614,10,423,1465,41.810314:326.250000,1514,False,13,4,1513,0.85324,4.78313,0,0.0126645,1562 1513 1512 -1
GCP,adapt_p48-18968510422141_a11-25_243_map.h5,7.86252,10,382,684,41.810314:11.250000,1468,False,11,5,1414,0.978396,5.8831,0,0.013279,1413 1413 1414 1415 -1
GCP,adapt_p35-659087696138755_a75-0_130_map.h5,7.79213,10,295,809,54.340912:75.000000,1576,False,22,5,1621,0.886423,7.31126,0,0.012664,1660 1621 1577 1578 -1
GCP,adapt_p35-659087696138755_a75-0_158_map.h5,7.8773,10,526,755,54.340912:75.000000,1576,True,10,5,1619,0.990861,7.31157,0,0.0124934,1576 1575 1619 1576 -1
GCP,adapt_p35-659087696138755_a165-0_286_map.h5,8.88902,10,411,389,54.340912:165.000000,1587,True,10,6,1586,0.999907,8.22665,0,0.0127578,1587 1587 1586 1629 1628 -1
GCP,adapt_p70-52877936550931_a101-24999999999999_138_map.h5,6.8724,10,513,1153,19.471220:101.250000,1185,True,13,5,1184,0.825445,5.81136,0,0.0124156,1119 1119 1185 1184 -1
GCP,adapt_p70-52877936550931_a303-75_153_map.h5,6.83827,10,505,1088,19.471220:303.750000,1221,True,18,4,1221,0.879414,4.81848,0,0.0125205,1155 1156 1221 -1
GCP,adapt_p80-40593177313954_a157-5_555_map.h5,6.82743,10,475,1095,9.594069:157.500000,1063,False,21,4,1064,0.626926,4.80755,0,0.012358,1065 1064 1130 -1
GCP,adapt_p70-52877936550931_a258-75_483_map.h5,8.64652,10,77,354,19.471220:258.750000,1213,False,47,5,1148,0.759781,7.37704,0,0.0132671,1274 1212 1147 1148 -1
GCP,adapt_p70-52877936550931_a258-75_370_map.h5,6.50487,10,128,1184,19.471220:258.750000,1213,True,69,4,1213,0.57931,5.52194,0,0.0129064,1210 1212 1213 -1
GCP,adapt_p60-00000000000001_a202-49999999999997_375_map.h5,8.86677,10,323,390,30.000000:202.500000,1328,True,16,5,1265,0.77086,7.37415,0,0.0130428,1267 1328 1327 1265 -1
GCP,adapt_p80-40593177313954_a270-0_103_map.h5,8.91246,10,695,369,9.594069:270.000000,1084,True,8,6,1084,0.999969,8.37934,0,0.0123304,1085 1085 1150 1084 1083 -1
GCP,adapt_p11-715852394892384_a135-0_69_map.h5,5.87686,10,417,1562,78.284149:135.000000,1770,True,12,5,1752,0.992588,5.73187,0,0.0129444,1770 1770 1751 1752 -1
GCP,adapt_p35-659087696138755_a45-0_78_map.h5,7.87344,10,355,681,54.340912:45.000000,1572,True,15,5,1615,0.941726,7.19639,0,0.0123534,1572 1571 1615 1616 -1
GCP,adapt_p48-18968510422141_a33-75_61_map.h5,7.85405,10,447,778,41.810314:33.750000,1471,True,16,5,1472,0.948753,7.30295,0,0.0127465,1418 1472 1524 1471 -1
GCP,adapt_p48-18968510422141_a281-24999999999994_255_map.h5,7.86141,10,213,751,41.810314:281.250000,1507,True,15,5,1508,0.946265,7.21888,0,0.0123864,1455 1456 1508 1507 -1
GCP,adapt_p48-18968510422141_a11-25_13_map.h5,7.88825,10,375,753,41.810314:11.250000,1468,True,12,5,1468,0.996704,5.86222,0,0.0125549,1413 1413 1467 1468 -1
GCP,adapt_p35-659087696138755_a255-00000000000003_144_map.h5,7.86534,10,412,835,54.340912:255.000000,1598,True,15,5,1599,0.918199,7.24878,0,0.0124698,1641 1640 1598 1599 -1
GCP,adapt_p70-52877936550931_a123-74999999999999_287_map.h5,7.44571,10,41,400,19.471220:123.750000,1189,False,243,4,1178,0.101003,5.77581,0,0.0177711,1239 1178 1179 -1
GCP,adapt_p60-00000000000001_a135-0_224_map.h5,6.87739,10,516,1136,30.000000:135.000000,1316,True,10,5,1317,0.853669,5.92122,0,0.0124167,1316 1316 1375 1317 -1
GCP,adapt_p35-659087696138755_a14-999999999999998_277_map.h5,6.31782,10,120,1087,54.340912:15.000000,1568,True,97,4,1569,0.425681,5.62717,0,0.0139781,1524 1569 1568 -1
GCP,adapt_p70-52877936550931_a236-25_164_map.h5,8.89439,10,783,374,19.471220:236.250000,1209,True,10,6,1209,0.999911,8.27678,0,0.0134156,1210 1210 1209 1144 1145 -1
GCP,adapt_p60-00000000000001_a202-49999999999997_331_map.h5,7.88342,10,465,727,30.000000:202.500000,1328,True,12,5,1328,0.99789,5.81818,0,0.0123774,1266 1266 1328 1327 -1
GCP,adapt_p60-00000000000001_a247-49999999999997_131_map.h5,7.79909,10,199,787,30.000000:247.500000,1335,True,24,5,1335,0.877044,7.36161,0,0.0127061,1333 1334 1335 1273 -1
GCP,adapt_p60-00000000000001_a315-0_359_map.h5,7.87007,10,511,736,30.000000:315.000000,1346,True,13,5,1347,0.931748,7.26595,0,0.0127429,1405 1404 1346 1347 -1
GCP,adapt_p70-52877936550931_a303-75_207_map.h5,7.33314,10,96,768,19.471220:303.750000,1221,False,103,3,1219,0.234924,4.41861,0,0.0137021,1397 1219 -1
GCP,adapt_p70-52877936550931_a123-74999999999999_447_map.h5,8.88113,10,493,376,19.471220:123.750000,1189,True,12,6,1189,0.99811,8.25885,0,0.0126578,1252 1252 1253 1190 1189 -1
GCP,adapt_p48-18968510422141_a78-75_258_map.h5,7.79325,10,175,748,41.810314:78.750000,1478,True,26,5,1478,0.856809,7.23729,0,0.0125362,1423 1477 1529 1478 -1
GCP,adapt_p70-52877936550931_a146-25_588_map.h5,8.46646,10,126,388,19.471220:146.250000,1193,False,76,4,1060,0.526291,8.0412,0,0.0133482,1262 1061 1060 -1
GCP,adapt_p60-00000000000001_a337-49999999999994_217_map.h5,7.8553,10,273,783,30.000000:337.500000,1350,False,14,5,1291,0.980132,7.33816,0,0.0124949,1227 1228 1291 1290 -1
GCP,adapt_p35-659087696138755_a14-999999999999998_346_map.h5,5.74499,10,244,1501,54.340912:15.000000,1568,False,30,4,1522,0.597707,4.92778,0,0.0128141,1468 1521 1522 -1
GCP,adapt_p70-52877936550931_a281-24999999999994_311_map.h5,7.82447,10,289,746,19.471220:281.250000,1217,True,19,5,1217,0.954294,7.26655,0,0.01335,1216 1217 1218 1153 -1
GCP,adapt_p23-556464309101234_a22-5_28_map.h5,6.88727,10,636,1083,66.443535:22.500000,1689,True,10,4,1689,0.98889,4.7618,0,0.0125558,1690 1689 1719 -1
GCP,adapt_p23-556464309101234_a202-5_396_map.h5,7.88932,10,724,756,66.443535:202.500000,1704,True,9,5,1671,0.992032,7.30843,0,0.0134963,1704 1705 1671 1704 -1
GCP,adapt_p60-00000000000001_a67-5_366_map.h5,6.54992,10,115,729,30.000000:67.500000,1305,False,213,4,979,0.499609,6.29423,0,0.0166974,1181 979 911 -1
GCP,adapt_p35-659087696138755_a75-0_513_map.h5,8.86521,10,342,425,54.340912:75.000000,1576,True,11,6,1576,0.997453,8.24975,0,0.0125705,1619 1619 1620 1576 1575 -1
GCP,adapt_p23-556464309101234_a112-5_414_map.h5,6.88302,10,562,1136,66.443535:112.500000,1697,True,10,4,1696,0.980633,4.74991,0,0.0127755,1697 1696 1661 -1
GCP,adapt_p48-18968510422141_a146-25_318_map.h5,7.88234,10,610,754,41.810314:146.250000,1488,True,12,5,1487,0.983772,5.78359,0,0.0124631,1538 1538 1487 1488 -1
GCP,adapt_p35-659087696138755_a165-0_280_map.h5,5.8298,10,426,1452,54.340912:165.000000,1587,False,17,5,1630,0.945911,5.8421,0,0.0130181,1631 1631 1630 1629 -1
GCP,adapt_p70-52877936550931_a78-75_387_map.h5,5.8239,10,124,1121,19.471220:78.750000,1181,False,177,4,1245,0.340279,5.81197,0,0.0154807,1424 1244 1245 -1
GCP,adapt_p23-556464309101234_a157-5_371_map.h5,7.76725,10,207,792,66.443535:157.500000,1701,False,29,5,1730,0.828897,7.12524,0,0.0125645,1703 1731 1730 1729 -1
GCP,adapt_p70-52877936550931_a101-24999999999999_253_map.h5,7.852,10,576,774,19.471220:101.250000,1185,True,15,5,1247,0.942896,7.27271,0,0.0128149,1185 1184 1247 1248 -1
GCP,adapt_p60-00000000000001_a112-49999999999999_405_map.h5,6.88132,10,626,1110,30.000000:112.500000,1313,True,10,5,1312,0.989782,5.80846,0,0.0124791,1371 1371 1312 1313 -1
GCP,adapt_p60-00000000000001_a112-49999999999999_325_map.h5,8.87778,10,500,348,30.000000:112.500000,1313,True,12,6,1313,0.997692,8.22859,0,0.0130206,1250 1250 1313 1312 1371 -1
GCP,adapt_p35-659087696138755_a195-0_359_map.h5,7.84835,10,327,759,54.340912:195.000000,1590,True,15,5,1590,0.95086,7.25096,0,0.0124547,1633 1632 1590 1589 -1
GCP,adapt_p35-659087696138755_a75-0_439_map.h5,8.87988,10,424,357,54.340912:75.000000,1576,True,10,6,1619,0.992489,8.22668,0,0.0129296,1576 1576 1575 1619 1618 -1
GCP,adapt_p35-659087696138755_a285-0_35_map.h5,8.88026,10,382,340,54.340912:285.000000,1601,True,12,6,1602,0.999588,8.25314,0,0.0125386,1643 1643 1642 1601 1602 -1
GCP,adapt_p70-52877936550931_a191-25_247_map.h5,8.84026,10,289,380,19.471220:191.250000,1201,True,16,5,1202,0.905704,7.25066,0,0.0125196,1264 1265 1202 1201 -1
GCP,adapt_p11-715852394892384_a45-0_111_map.h5,8.91147,10,776,357,78.284149:45.000000,1766,True,8,6,1746,0.999952,8.29037,0,0.0123323,1766 1766 1747 1746 1745 -1
GCP,adapt_p23-556464309101234_a22-5_585_map.h5,7.83819,10,271,754,66.443535:22.500000,1689,False,20,5,1688,0.730124,7.1689,0,0.0126103,1719 1718 1688 1652 -1
GCP,adapt_p48-18968510422141_a236-25_380_map.h5,8.84844,10,314,339,41.810314:236.250000,1501,False,16,5,1447,0.907616,7.28907,0,0.0123699,1499 1500 1447 1448 -1
GCP,adapt_p60-00000000000001_a337-49999999999994_470_map.h5,7.49977,10,146,750,30.000000:337.500000,1350,False,72,4,1352,0.298296,5.35949,0,0.0130537,1466 1353 1352 -1
GCP,adapt_p35-659087696138755_a105-0_574_map.h5,8.88721,10,462,335,54.340912:105.000000,1579,True,10,6,1623,0.999955,8.22819,0,0.0125817,1579 1579 1580 1623 1622 -1
GCP,adapt_p80-40593177313954_a112-49999999999999_573_map.h5,7.71099,10,208,752,9.594069:112.500000,1055,False,38,5,1122,0.710008,7.36186,0,0.012814,1124 1123 1122 1121 -1
GCP,adapt_p80-40593177313954_a67-5_576_map.h5,8.89527,10,630,355,9.594069:67.500000,1047,True,10,6,1046,0.999989,8.37547,0,0.0125071,979 979 980 1047 1046 -1
GCP,adapt_p70-52877936550931_a101-24999999999999_234_map.h5,8.88602,10,651,346,19.471220:101.250000,1185,True,10,6,1185,0.993266,8.26342,0,0.0127662,1119 1119 1120 1186 1185 -1
GCP,adapt_p60-00000000000001_a157-5_177_map.h5,8.89334,10,530,343,30.000000:157.500000,1320,True,9,6,1320,0.999619,8.30136,0,0.0124888,1321 1321 1320 1379 1378 -1
GCP,adapt_p60-00000000000001_a90-0_404_map.h5,8.89525,10,419,385,30.000000:90.000000,1309,True,10,6,1309,0.999957,8.2423,0,0.0125592,1368 1368 1369 1310 1309 -1
GCP,adapt_p35-659087696138755_a285-0_455_map.h5,6.81692,10,204,1179,54.340912:285.000000,1601,True,22,4,1643,0.730748,5.26674,0,0.0128825,1603 1643 1601 -1
GCP,adapt_p48-18968510422141_a326-24999999999994_242_map.h5,6.83725,10,324,1084,41.810314:326.250000,1514,True,18,4,1462,0.870156,4.81359,0,0.0125779,1463 1462 1514 -1
GCP,adapt_p48-18968510422141_a258-75_277_map.h5,7.86626,10,390,795,41.810314:258.750000,1504,True,13,5,1504,0.962337,7.24842,0,0.0125296,1554 1553 1503 1504 -1
GCP,adapt_p48-18968510422141_a281-24999999999994_486_map.h5,6.30128,10,153,1112,41.810314:281.250000,1507,False,101,4,1456,0.495478,5.37316,0,0.0135737,1557 1456 1455 -1
GCP,adapt_p23-556464309101234_a22-5_102_map.h5,8.88333,10,444,370,66.443535:22.500000,1689,True,11,6,1689,0.999807,8.14743,0,0.0124562,1688 1688 1689 1719 1718 -1
GCP,adapt_p60-00000000000001_a180-0_526_map.h5,6.86301,10,535,1130,30.000000:180.000000,1324,False,13,4,1323,0.791709,4.7972,0,0.0127794,1262 1261 1323 -1
GCP,adapt_p60-00000000000001_a224-99999999999997_166_map.h5,7.76826,10,174,799,30.000000:225.000000,1331,False,23,5,1391,0.804164,7.25285,0,0.0125381,1392 1391 1390 1332 -1
GCP,adapt_p80-40593177313954_a180-0_503_map.h5,5.80521,10,245,1492,9.594069:180.000000,1067,False,25,4,1134,0.75376,4.89474,0,0.0126029,1200 1135 1134 -1
GCP,adapt_p80-40593177313954_a337-49999999999994_570_map.h5,6.85726,10,530,1204,9.594069:337.500000,1097,True,15,4,1097,0.740988,4.8883,0,0.0125412,1164 1163 1097 -1
GCP,adapt_p48-18968510422141_a56-24999999999999_455_map.h5,7.88534,10,428,813,41.810314:56.250000,1475,True,10,5,1420,0.854791,5.99482,0,0.0124716,1421 1421 1475 1420 -1
GCP,adapt_p60-00000000000001_a45-0_569_map.h5,6.99937,10,125,747,30.000000:45.000000,1301,False,154,3,1233,0.224724,5.38902,0,0.0154104,1176 1233 -1
GCP,adapt_p48-18968510422141_a236-25_542_map.h5,6.85834,10,532,1060,41.810314:236.250000,1501,True,15,4,1448,0.863801,4.88114,0,0.0124698,1447 1448 1501 -1
GCP,adapt_p80-40593177313954_a224-99999999999997_325_map.h5,6.7842,10,376,1125,9.594069:225.000000,1076,True,25,4,1076,0.821375,4.91076,0,0.0126054,1009 1077 1076 -1
GCP,adapt_p60-00000000000001_a157-5_53_map.h5,8.84998,10,215,348,30.000000:157.500000,1320,True,17,6,1321,0.914849,8.34344,0,0.0128328,1322 1322 1380 1321 1320 -1
GCP,adapt_p11-715852394892384_a225-0_422_map.h5,6.69811,10,185,1107,78.284149:225.000000,1774,False,44,4,1772,0.591317,5.41634,0,0.0127181,1733 1773 1772 -1
GCP,adapt_p23-556464309101234_a112-5_312_map.h5,7.87174,10,349,772,66.443535:112.500000,1697,True,12,5,1696,0.973168,7.35847,0,0.0130614,1697 1696 1725 1697 -1
GCP,adapt_p60-00000000000001_a112-49999999999999_523_map.h5,7.86542,10,425,757,30.000000:112.500000,1313,True,13,5,1313,0.988512,7.24821,0,0.0123925,1371 1372 1313 1312 -1
GCP,adapt_p60-00000000000001_a0-0_185_map.h5,5.83142,10,420,1540,30.000000:0.000000,1294,True,15,4,1294,0.884423,4.89117,0,0.0123988,1411 1294 1293 -1
GCP,adapt_p80-40593177313954_a90-0_322_map.h5,8.70531,10,217,375,9.594069:90.000000,1051,True,39,5,1051,0.674968,7.79144,0,0.01249,1053 1118 1051 1050 -1
GCP,adapt_p35-659087696138755_a135-0_556_map.h5,6.72025,10,233,1140,54.340912:135.000000,1583,False,31,4,1483,0.67418,5.01548,0,0.0125768,1430 1483 1535 -1
GCP,adapt_p70-52877936550931_a191-25_14_map.h5,5.41284,10,117,1682,19.471220:191.250000,1201,False,76,4,1434,0.795506,5.34616,0,0.0129765,1317 1433 1434 -1
GCP,adapt_p35-659087696138755_a315-0_335_map.h5,7.83804,10,247,768,54.340912:315.000000,1605,True,17,5,1606,0.961658,7.33041,0,0.0127525,1647 1606 1562 1605 -1
GCP,adapt_p60-00000000000001_a67-5_314_map.h5,7.80888,10,236,763,30.000000:67.500000,1305,True,19,5,1363,0.825389,7.25152,0,0.0129327,1305 1304 1363 1362 -1
GCP,adapt_p80-40593177313954_a315-0_465_map.h5,5.16576,10,237,1563,9.594069:315.000000,1093,False,103,3,1161,0.353799,3.82357,0,0.0138188,1407 1161 -1
GCP,adapt_p70-52877936550931_a326-24999999999994_108_map.h5,5.66195,10,277,1518,19.471220:326.250000,1225,False,42,4,1286,0.451154,5.02429,0,0.012843,1346 1286 1223 -1
GCP,adapt_p80-40593177313954_a22-5_277_map.h5,5.83824,10,387,1514,9.594069:22.500000,1038,True,17,4,1038,0.928951,4.88253,0,0.0125668,1105 1039 1038 -1
GCP,adapt_p48-18968510422141_a213-75_212_map.h5,8.86406,10,349,381,41.810314:213.750000,1497,True,14,6,1498,0.995351,8.25893,0,0.0127383,1446 1446 1445 1498 1497 -1
GCP,adapt_p70-52877936550931_a281-24999999999994_189_map.h5,8.44558,10,139,400,19.471220:281.250000,1217,False,78,2,1730,0,0.0132353,0,0.0132353,1216 -1
GCP,adapt_p80-40593177313954_a247-49999999999997_494_map.h5,8.31411,10,29,330,9.594069:247.500000,1080,False,103,4,1463,0.421833,5.80371,0,0.0142917,1288 1462 1463 -1
GCP,adapt_p80-40593177313954_a202-49999999999997_300_map.h5,5.47956,10,66,1509,9.594069:202.500000,1072,False,72,3,1318,0.229751,3.06429,0,0.0132553,1433 1318 -1
GCP,adapt_p48-18968510422141_a123-74999999999999_455_map.h5,7.87445,10,460,768,41.810314:123.750000,1484,False,11,5,1431,0.995914,5.85751,0,0.0123437,1485 1485 1432 1431 -1
GCP,adapt_p80-40593177313954_a45-0_68_map.h5,5.89631,10,72,759,9.594069:45.000000,1042,False,310,2,990,0,0.0220806,0,0.0220806,1552 -1
GCP,adapt_p35-659087696138755_a195-0_38_map.h5,6.36162,10,129,1133,54.340912:195.000000,1590,False,91,4,1199,0.306034,5.37511,0,0.0131755,1322 1261 1199 -1
GCP,adapt_p48-18968510422141_a213-75_407_map.h5,6.68206,10,180,1120,41.810314:213.750000,1497,False,44,4,1445,0.558185,5.42532,0,0.0127508,1331 1445 1498 -1
GCP,adapt_p23-556464309101234_a292-5_334_map.h5,8.89203,10,598,398,66.443535:292.500000,1712,True,11,6,1712,0.999484,8.20418,0,0.0127555,1680 1680 1712 1713 1739 -1
GCP,adapt_p70-52877936550931_a236-25_232_map.h5,7.81527,10,332,748,19.471220:236.250000,1209,True,23,5,1273,0.837105,7.18214,0,0.012529,1144 1209 1210 1273 -1
GCP,adapt_p80-40593177313954_a337-49999999999994_71_map.h5,6.25038,10,107,782,9.594069:337.500000,1097,False,240,2,1099,0,0.017783,0,0.017783,1047 -1
GCP,adapt_p70-52877936550931_a146-25_398_map.h5,8.86822,10,592,420,19.471220:146.250000,1193,True,13,5,1193,0.958965,7.27221,0,0.0125807,1256 1193 1127 1192 -1
GCP,adapt_p60-00000000000001_a45-0_10_map.h5,7.89794,10,697,761,30.000000:45.000000,1301,True,10,5,1302,0.999962,5.82691,0,0.0128528,1361 1361 1302 1301 -1
GCP,adapt_p70-52877936550931_a303-75_394_map.h5,5.81856,10,377,1466,19.471220:303.750000,1221,True,21,4,1221,0.672255,4.86219,0,0.0132563,1220 1221 1284 -1
GCP,adapt_p70-52877936550931_a236-25_35_map.h5,7.81031,10,274,772,19.471220:236.250000,1209,True,25,5,1144,0.844012,7.1683,0,0.0124954,1271 1272 1209 1144 -1
GCP,adapt_p35-659087696138755_a165-0_554_map.h5,7.89064,10,775,760,54.340912:165.000000,1587,True,6,5,1587,0.989571,5.81189,0,0.0131546,1629 1629 1586 1587 -1
GCP,adapt_p80-40593177313954_a315-0_359_map.h5,7.79844,10,356,757,9.594069:315.000000,1093,True,24,4,1094,0.667141,5.43173,0,0.0123455,1157 1093 1094 -1
GCP,adapt_p70-52877936550931_a146-25_128_map.h5,7.87325,10,530,726,19.471220:146.250000,1193,True,11,5,1193,0.983736,5.81203,0,0.0125465,1256 1256 1193 1192 -1
GCP,adapt_p23-556464309101234_a67-5_474_map.h5,6.88041,10,477,1125,66.443535:67.500000,1693,False,10,4,1722,0.977463,4.79375,0,0.0123888,1748 1722 1723 -1
GCP,adapt_p60-00000000000001_a247-49999999999997_336_map.h5,7.85588,10,403,775,30.000000:247.500000,1335,True,14,5,1335,0.855282,7.2445,0,0.0129161,1393 1394 1336 1335 -1
GCP,adapt_p70-52877936550931_a33-75_368_map.h5,7.77508,10,234,742,19.471220:33.750000,1173,True,29,5,1237,0.82862,7.35623,0,0.012755,1172 1173 1237 1174 -1
GCP,adapt_p60-00000000000001_a67-5_354_map.h5,8.90432,10,724,363,30.000000:67.500000,1305,True,8,6,1365,0.99968,8.24531,0,0.0125054,1364 1364 1365 1306 1305 -1
GCP,adapt_p60-00000000000001_a247-49999999999997_410_map.h5,7.81888,10,376,715,30.000000:247.500000,1335,False,21,5,1450,0.875043,7.31674,0,0.012928,1394 1393 1449 1450 -1
GCP,adapt_p48-18968510422141_a78-75_332_map.h5,7.82032,10,179,716,41.810314:78.750000,1478,True,23,5,1424,0.906567,7.3182,0,0.012484,1478 1424 1366 1423 -1
GCP,adapt_p23-556464309101234_a157-5_509_map.h5,7.88429,10,432,724,66.443535:157.500000,1701,True,12,5,1700,0.930546,7.59482,0,0.0125033,1728 1700 1701 1728 -1
GCP,adapt_p48-18968510422141_a213-75_521_map.h5,7.63911,10,142,774,41.810314:213.750000,1497,False,47,4,1443,0.621984,5.40778,0,0.0126844,1548 1496 1443 -1
GCP,adapt_p23-556464309101234_a292-5_232_map.h5,8.89653,10,616,366,66.443535:292.500000,1712,True,9,6,1712,0.997905,8.31481,0,0.0132621,1713 1713 1680 1679 1712 -1
GCP,adapt_p70-52877936550931_a281-24999999999994_176_map.h5,5.54196,10,190,1549,19.471220:281.250000,1217,False,63,3,1152,0.270818,3.58738,0,0.0128473,1149 1152 -1
GCP,adapt_p70-52877936550931_a281-24999999999994_3_map.h5,7.85529,10,423,726,19.471220:281.250000,1217,True,16,5,1217,0.956257,7.29511,0,0.0125174,1218 1217 1216 1279 -1
GCP,adapt_p48-18968510422141_a191-25_530_map.h5,6.87506,10,573,1112,41.810314:191.250000,1494,True,10,4,1441,0.922094,4.79259,0,0.0127564,1442 1441 1494 -1
GCP,adapt_p80-40593177313954_a112-49999999999999_119_map.h5,6.8473,10,488,1080,9.594069:112.500000,1055,True,17,4,1055,0.919477,4.91065,0,0.0124915,988 1056 1055 -1
GCP,adapt_p80-40593177313954_a67-5_277_map.h5,6.48347,10,87,1195,9.594069:67.500000,1047,True,69,4,1047,0.531355,6.27276,0,0.0133426,1110 1047 1048 -1
GCP,adapt_p48-18968510422141_a168-74999999999997_67_map.h5,7.89602,10,670,760,41.810314:168.750000,1491,True,9,5,1491,0.980735,5.91204,0,0.0127879,1542 1542 1491 1541 -1
GCP,adapt_p23-556464309101234_a67-5_577_map.h5,7.90325,10,595,742,66.443535:67.500000,1693,True,9,5,1693,0.997565,5.84041,0,0.0125418,1694 1694 1693 1658 -1
GCP,adapt_p70-52877936550931_a236-25_256_map.h5,7.85839,10,451,727,19.471220:236.250000,1209,False,16,5,1271,0.947002,7.49036,0,0.0124003,1272 1271 1270 1208 -1
GCP,adapt_p60-00000000000001_a247-49999999999997_58_map.h5,7.866,10,468,771,30.000000:247.500000,1335,True,11,5,1335,0.989943,5.81097,0,0.0127985,1393 1393 1335 1336 -1
GCP,adapt_p80-40593177313954_a45-0_344_map.h5,5.78536,10,391,1460,9.594069:45.000000,1042,False,27,4,1044,0.658833,5.43334,0,0.0124439,975 1044 1111 -1
GCP,adapt_p23-556464309101234_a22-5_377_map.h5,5.72407,10,112,1496,66.443535:22.500000,1689,False,35,4,1534,0.608566,5.42073,0,0.0127559,1430 1534 1533 -1
GCP,adapt_p60-00000000000001_a315-0_472_map.h5,8.78201,10,165,358,30.000000:315.000000,1346,False,29,5,1404,0.797931,7.49838,0,0.0127818,1461 1460 1459 1404 -1
GCP,adapt_p70-52877936550931_a168-74999999999997_583_map.h5,7.74981,10,212,801,19.471220:168.750000,1197,False,32,5,1196,0.67229,7.20564,0,0.0129977,1258 1259 1196 1130 -1
GCP,adapt_p35-659087696138755_a195-0_297_map.h5,7.87239,10,418,734,54.340912:195.000000,1590,True,11,5,1591,0.984584,5.86077,0,0.0124263,1590 1590 1591 1592 -1
GCP,adapt_p48-18968510422141_a303-75_27_map.h5,6.88635,10,702,1092,41.810314:303.750000,1510,True,9,5,1510,0.954838,5.78213,0,0.0124491,1458 1458 1510 1511 -1
GCP,adapt_p60-00000000000001_a157-5_191_map.h5,6.88635,10,625,1123,30.000000:157.500000,1320,True,11,5,1258,0.955432,5.81506,0,0.0124449,1320 1320 1258 1259 -1
GCP,adapt_p60-00000000000001_a224-99999999999997_333_map.h5,7.76619,10,324,748,30.000000:225.000000,1331,False,21,5,1391,0.880153,7.29245,0,0.0126043,1392 1391 1390 1447 -1
GCP,adapt_p80-40593177313954_a180-0_414_map.h5,6.85034,10,466,1049,9.594069:180.000000,1067,True,14,4,1000,0.831709,4.91992,0,0.0124351,1067 1000 1001 -1
GCP,adapt_p23-556464309101234_a337-5_400_map.h5,5.80382,10,438,1473,66.443535:337.500000,1716,True,23,4,1683,0.807639,4.74888,0,0.0130242,1716 1715 1683 -1
GCP,adapt_p70-52877936550931_a213-75_181_map.h5,5.7317,10,363,1418,19.471220:213.750000,1205,False,33,4,1268,0.48652,4.84408,0,0.0131867,1331 1269 1268 -1
GCP,adapt_p80-40593177313954_a135-0_54_map.h5,8.88219,10,552,369,9.594069:135.000000,1059,True,12,6,1059,0.999576,8.26601,0,0.0126086,1124 1124 1125 1059 1058 -1
GCP,adapt_p60-00000000000001_a67-5_265_map.h5,6.85184,10,447,1163,30.000000:67.500000,1305,True,13,5,1365,0.894057,5.80148,0,0.0129615,1305 1305 1364 1365 -1
GCP,adapt_p60-00000000000001_a180-0_541_map.h5,8.886,10,569,398,30.000000:180.000000,1324,True,10,6,1324,0.99643,8.47251,0,0.012799,1325 1325 1262 1324 1323 -1
GCP,adapt_p23-556464309101234_a337-5_329_map.h5,5.86829,10,508,1482,66.443535:337.500000,1716,True,11,4,1716,0.974937,4.76361,0,0.0125238,1717 1716 1742 -1
GCP,adapt_p70-52877936550931_a56-24999999999999_172_map.h5,7.87741,10,573,749,19.471220:56.250000,1177,True,10,5,1177,0.993803,7.40681,0,0.0123777,1178 1177 1111 1178 -1
GCP,adapt_p70-52877936550931_a281-24999999999994_385_map.h5,7.84029,10,320,764,19.471220:281.250000,1217,True,19,5,1217,0.935624,7.5648,0,0.0125221,1218 1217 1216 1152 -1
GCP,adapt_p60-00000000000001_a157-5_559_map.h5,6.47519,10,74,766,30.000000:157.500000,1320,False,227,2,1194,0,0.0173476,0,0.0173476,1140 -1
GCP,adapt_p60-00000000000001_a22-5_122_map.h5,7.88795,10,652,799,30.000000:22.500000,1298,True,10,5,1298,0.998653,7.34636,0,0.012849,1297 1298 1357 1297 -1
GCP,adapt_p80-40593177313954_a135-0_292_map.h5,7.79798,10,263,732,9.594069:135.000000,1059,True,23,5,1059,0.784925,7.3575,0,0.012831,1061 1060 992 1059 -1
GCP,adapt_p70-52877936550931_a303-75_19_map.h5,7.38126,10,124,730,19.471220:303.750000,1221,False,98,4,1223,0.420326,5.81888,0,0.0135463,1025 1223 1224 -1
GCP,adapt_p11-715852394892384_a225-0_54_map.h5,7.86207,10,384,743,78.284149:225.000000,1774,True,16,5,1774,0.918262,7.09345,0,0.0127478,1758 1775 1774 1757 -1
GCP,adapt_p48-18968510422141_a11-25_205_map.h5,6.74102,10,272,1122,41.810314:11.250000,1468,False,32,4,1409,0.63209,5.33028,0,0.0127898,1350 1409 1352 -1
GCP,adapt_p35-659087696138755_a45-0_400_map.h5,5.85929,10,375,1460,54.340912:45.000000,1572,True,14,4,1572,0.933808,4.77788,0,0.0125314,1571 1572 1616 -1
GCP,adapt_p60-00000000000001_a180-0_165_map.h5,7.7241,10,243,779,30.000000:180.000000,1324,False,34,5,1326,0.868145,7.56163,0,0.0126895,1263 1326 1384 1385 -1
GCP,adapt_p70-52877936550931_a123-74999999999999_286_map.h5,7.565,10,143,750,19.471220:123.750000,1189,False,55,4,1253,0.625035,6.29347,0,0.0128135,1249 1315 1253 -1
GCP,adapt_p23-556464309101234_a157-5_81_map.h5,8.87215,10,388,378,66.443535:157.500000,1701,True,13,6,1701,0.987373,8.1722,0,0.0126694,1666 1666 1700 1701 1729 -1
GCP,adapt_p80-40593177313954_a202-49999999999997_524_map.h5,7.62118,10,199,781,9.594069:202.500000,1072,False,44,4,934,0.658334,6.38592,0,0.0126282,1137 934 933 -1
GCP,adapt_p70-52877936550931_a56-24999999999999_537_map.h5,5.81343,10,287,1483,19.471220:56.250000,1177,False,20,4,1239,0.868877,4.85393,0,0.0123804,1175 1238 1239 -1
GCP,adapt_p35-659087696138755_a75-0_563_map.h5,7.8783,10,478,738,54.340912:75.000000,1576,True,11,5,1619,0.911562,5.88911,0,0.0124949,1575 1575 1619 1576 -1
GCP,adapt_p70-52877936550931_a11-25_284_map.h5,8.89322,10,655,353,19.471220:11.250000,1169,True,10,6,1169,0.999955,8.34995,0,0.0125932,1103 1103 1102 1168 1169 -1
GCP,adapt_p35-659087696138755_a224-99999999999997_328_map.h5,7.20425,10,164,782,54.340912:225.000000,1594,True,115,3,1594,0.260607,6.40346,0,0.0136002,1200 1594 -1
GCP,adapt_p35-659087696138755_a224-99999999999997_473_map.h5,8.79845,10,191,363,54.340912:225.000000,1594,True,24,5,1594,0.844001,7.12476,0,0.0133598,1550 1595 1594 1636 -1
GCP,adapt_p48-18968510422141_a191-25_483_map.h5,7.83524,10,327,762,41.810314:191.250000,1494,True,18,5,1494,0.969459,7.23884,0,0.0125504,1442 1495 1545 1494 -1
GCP,adapt_p60-00000000000001_a135-0_535_map.h5,8.86856,10,434,344,30.000000:135.000000,1316,True,13,6,1316,0.988934,8.26779,0,0.0132484,1317 1317 1316 1375 1374 -1
GCP,adapt_p70-52877936550931_a213-75_432_map.h5,6.85229,10,404,1164,19.471220:213.750000,1205,False,16,4,1139,0.834352,4.98899,0,0.0124906,1206 1140 1139 -1
GCP,adapt_p23-556464309101234_a112-5_211_map.h5,7.87604,10,427,738,66.443535:112.500000,1697,True,11,5,1696,0.952409,5.75022,0,0.0127631,1725 1725 1696 1697 -1
GCP,adapt_p35-659087696138755_a105-0_104_map.h5,7.52572,10,80,765,54.340912:105.000000,1579,True,72,4,1578,0.55333,5.3361,0,0.013067,1660 1578 1579 -1
GCP,adapt_p48-18968510422141_a348-74999999999994_517_map.h5,5.87121,10,457,1471,41.810314:348.750000,1517,True,11,4,1517,0.887922,4.85677,0,0.0125961,1466 1465 1517 -1
GCP,adapt_p23-556464309101234_a22-5_382_map.h5,7.80842,10,211,691,66.443535:22.500000,1689,True,21,5,1653,0.914201,7.15851,0,0.0123783,1688 1689 1653 1652 -1
GCP,adapt_p48-18968510422141_a56-24999999999999_590_map.h5,2.42499,10,84,1143,41.810314:56.250000,1475,False,736,2,1574,0,0.0653196,0,0.0653196,1684 -1
GCP,adapt_p11-715852394892384_a135-0_399_map.h5,6.8872,10,671,1156,78.284149:135.000000,1770,False,11,4,1753,0.939415,4.76736,0,0.0125799,1771 1753 1752 -1
GCP,adapt_p35-659087696138755_a195-0_565_map.h5,7.84525,10,265,825,54.340912:195.000000,1590,False,17,5,1669,0.898399,7.29612,0,0.0125686,1668 1631 1669 1670 -1
GCP,adapt_p11-715852394892384_a225-0_477_map.h5,7.78684,10,180,746,78.284149:225.000000,1774,False,30,5,1775,0.789813,7.32608,0,0.012984,1735 1759 1758 1775 -1
GCP,adapt_p70-52877936550931_a258-75_562_map.h5,6.86836,10,539,1097,19.471220:258.750000,1213,True,12,5,1275,0.932212,5.93497,0,0.0124428,1212 1212 1275 1213 -1
GCP,adapt_p60-00000000000001_a247-49999999999997_567_map.h5,6.86908,10,429,1121,30.000000:247.500000,1335,True,13,5,1335,0.973561,5.88508,0,0.0127176,1274 1274 1335 1334 -1
GCP,adapt_p60-00000000000001_a0-0_23_map.h5,6.89031,10,579,1139,30.000000:0.000000,1294,True,9,4,1294,0.960788,4.89571,0,0.0125185,1353 1294 1293 -1
GCP,adapt_p70-52877936550931_a56-24999999999999_267_map.h5,7.79726,10,193,781,19.471220:56.250000,1177,True,26,5,1110,0.819334,7.48812,0,0.0125395,1175 1176 1177 1110 -1
GCP,adapt_p80-40593177313954_a90-0_498_map.h5,6.87433,10,499,1160,9.594069:90.000000,1051,True,15,5,1050,0.984503,5.91803,0,0.0124809,1051 1051 1050 1049 -1
GCP,adapt_p70-52877936550931_a33-75_145_map.h5,7.76216,10,209,723,19.471220:33.750000,1173,False,32,5,1172,0.844399,7.72397,0,0.0126783,1236 1172 1106 1171 -1
GCP,adapt_p35-659087696138755_a255-00000000000003_462_map.h5,6.73186,10,200,1085,54.340912:255.000000,1598,False,28,4,1638,0.702818,4.77485,0,0.0129677,1674 1637 1638 -1
GCP,adapt_p80-40593177313954_a315-0_107_map.h5,7.87131,10,472,778,9.594069:315.000000,1093,False,12,5,1158,0.975125,7.36167,0,0.0124947,1157 1158 1092 1157 -1
GCP,adapt_p80-40593177313954_a135-0_332_map.h5,7.79835,10,344,718,9.594069:135.000000,1059,True,24,5,1060,0.776503,7.25997,0,0.0124532,1125 1059 1060 992 -1
GCP,adapt_p80-40593177313954_a45-0_224_map.h5,6.86253,10,530,1066,9.594069:45.000000,1042,True,14,5,1042,0.956597,5.87032,0,0.0132743,1108 1108 1042 1043 -1
GCP,adapt_p35-659087696138755_a255-00000000000003_305_map.h5,8.89043,10,532,391,54.340912:255.000000,1598,True,7,6,1598,0.999879,8.24957,0,0.0123829,1639 1639 1640 1598 1597 -1
GCP,adapt_p35-659087696138755_a195-0_531_map.h5,8.89245,10,663,384,54.340912:195.000000,1590,True,8,6,1633,0.999881,8.22837,0,0.0133448,1632 1632 1633 1591 1590 -1
GCP,adapt_p70-52877936550931_a11-25_587_map.h5,5.81833,10,414,1488,19.471220:11.250000,1169,True,16,4,1169,0.905726,4.8984,0,0.0124729,1102 1168 1169 -1
GCP,adapt_p48-18968510422141_a303-75_576_map.h5,5.74725,10,308,1511,41.810314:303.750000,1510,True,29,4,1510,0.638147,4.94495,0,0.0125653,1560 1510 1458 -1
GCP,adapt_p60-00000000000001_a202-49999999999997_264_map.h5,4.84736,10,123,1586,30.000000:202.500000,1328,False,165,2,1229,0,0.0153374,0,0.0153374,1563 -1
GCP,adapt_p80-40593177313954_a292-5_252_map.h5,6.51404,10,86,1133,9.594069:292.500000,1088,False,66,4,1214,0.53488,5.52184,0,0.0127987,1216 1214 1213 -1
GCP,adapt_p80-40593177313954_a315-0_547_map.h5,6.47561,10,119,1274,9.594069:315.000000,1093,False,72,4,1351,0.30274,4.90805,0,0.0131955,1349 1350 1351 -1
GCP,adapt_p70-52877936550931_a168-74999999999997_445_map.h5,7.84313,10,322,718,19.471220:168.750000,1197,True,18,5,1197,0.921187,7.24969,0,0.0126657,1261 1260 1197 1196 -1
GCP,adapt_p70-52877936550931_a191-25_525_map.h5,5.86023,10,477,1551,19.471220:191.250000,1201,True,13,4,1201,0.971948,4.80868,0,0.0125629,1264 1201 1200 -1
GCP,adapt_p80-40593177313954_a67-5_110_map.h5,8.86411,10,430,324,9.594069:67.500000,1047,True,13,6,1047,0.995638,8.35199,0,0.0126819,980 980 1047 979 1046 -1
GCP,adapt_p70-52877936550931_a101-24999999999999_258_map.h5,8.82633,10,238,377,19.471220:101.250000,1185,True,23,5,1249,0.937496,7.28434,0,0.0124573,1120 1186 1249 1185 -1
GCP,adapt_p23-556464309101234_a67-5_546_map.h5,7.89025,10,668,782,66.443535:67.500000,1693,False,10,5,1722,0.993587,5.78152,0,0.0125386,1721 1721 1722 1692 -1
GCP,adapt_p23-556464309101234_a22-5_219_map.h5,8.88299,10,434,388,66.443535:22.500000,1689,True,10,6,1719,0.999455,8.14692,0,0.0128047,1688 1688 1689 1719 1718 -1
GCP,adapt_p48-18968510422141_a281-24999999999994_310_map.h5,8.8922,10,654,393,41.810314:281.250000,1507,True,10,6,1507,0.999829,8.22679,0,0.0126425,1454 1454 1455 1507 1508 -1
GCP,adapt_p60-00000000000001_a337-49999999999994_161_map.h5,5.75506,10,272,1575,30.000000:337.500000,1350,False,29,4,1289,0.627009,4.97314,0,0.0127494,1226 1289 1349 -1
GCP,adapt_p80-40593177313954_a90-0_98_map.h5,5.15871,10,213,1525,9.594069:90.000000,1051,True,115,3,1247,0.273571,3.39351,0,0.0141407,1051 1247 -1
GCP,adapt_p35-659087696138755_a344-99999999999994_371_map.h5,6.84066,10,441,1128,54.340912:345.000000,1609,True,15,5,1609,0.986983,5.81284,0,0.0140991,1649 1649 1608 1609 -1
GCP,adapt_p60-00000000000001_a270-0_499_map.h5,7.83483,10,410,789,30.000000:270.000000,1339,True,20,5,1338,0.781788,7.24017,0,0.0129896,1395 1396 1338 1339 -1
GCP,adapt_p80-40593177313954_a112-49999999999999_593_map.h5,3.18218,10,73,733,9.594069:112.500000,1055,False,761,2,1375,0,0.0683663,0,0.0683663,981 -1
GCP,adapt_p60-00000000000001_a67-5_443_map.h5,7.86424,10,416,799,30.000000:67.500000,1305,True,11,5,1305,0.976602,7.52222,0,0.0125574,1306 1305 1364 1306 -1
GCP,adapt_p80-40593177313954_a90-0_440_map.h5,7.85258,10,412,768,9.594069:90.000000,1051,True,16,5,1118,0.95994,7.2806,0,0.0132244,1051 1052 1118 1119 -1
GCP,adapt_p70-52877936550931_a56-24999999999999_366_map.h5,7.88,10,607,708,19.471220:56.250000,1177,True,11,5,1177,0.984337,5.92035,0,0.0128025,1178 1178 1177 1176 -1
GCP,adapt_p60-00000000000001_a337-49999999999994_250_map.h5,7.80669,10,282,756,30.000000:337.500000,1350,True,26,5,1350,0.897955,7.42742,0,0.013123,1352 1351 1350 1290 -1
GCP,adapt_p70-52877936550931_a191-25_241_map.h5,5.82624,10,313,1522,19.471220:191.250000,1201,True,22,4,1201,0.78089,4.88404,0,0.0125776,1137 1136 1201 -1
GCP,adapt_p23-556464309101234_a202-5_216_map.h5,5.84971,10,479,1523,66.443535:202.500000,1704,True,12,5,1704,0.914244,5.76718,0,0.0130762,1670 1670 1704 1705 -1
GCP,adapt_p80-40593177313954_a180-0_527_map.h5,5.79631,10,332,1537,9.594069:180.000000,1067,False,25,4,1069,0.803829,4.91091,0,0.0125142,1002 1069 1068 -1
GCP,adapt_p23-556464309101234_a247-49999999999997_289_map.h5,7.64617,10,137,790,66.443535:247.500000,1708,True,53,5,1674,0.731211,7.30477,0,0.012628,1734 1707 1674 1708 -1
GCP,adapt_p80-40593177313954_a337-49999999999994_318_map.h5,7.8133,10,291,800,9.594069:337.500000,1097,True,20,5,1096,0.919233,7.35313,0,0.0124989,1098 1097 1162 1096 -1
GCP,adapt_p11-715852394892384_a135-0_71_map.h5,7.84843,10,423,733,78.284149:135.000000,1770,True,17,5,1771,0.92522,7.10654,0,0.0123636,1785 1770 1771 1752 -1
GCP,adapt_p70-52877936550931_a236-25_214_map.h5,7.45554,10,177,808,19.471220:236.250000,1209,False,74,5,1213,0.637593,7.41264,0,0.0132693,1082 1148 1213 1149 -1
GCP,adapt_p80-40593177313954_a45-0_122_map.h5,6.82435,10,267,1131,9.594069:45.000000,1042,False,19,4,974,0.660827,4.93529,0,0.0124873,973 974 975 -1
GCP,adapt_p70-52877936550931_a56-24999999999999_25_map.h5,7.82924,10,288,744,19.471220:56.250000,1177,True,21,5,1176,0.922696,7.29895,0,0.0124761,1241 1240 1177 1176 -1
GCP,adapt_p60-00000000000001_a247-49999999999997_90_map.h5,4.11725,10,139,1459,30.000000:247.500000,1335,False,283,2,1271,0,0.0205024,0,0.0205024,1385 -1
GCP,adapt_p60-00000000000001_a22-5_370_map.h5,6.68815,10,270,1134,30.000000:22.500000,1298,False,37,4,1296,0.651299,5.34561,0,0.012681,1294 1355 1296 -1
GCP,adapt_p35-659087696138755_a135-0_363_map.h5,8.89431,10,584,360,54.340912:135.000000,1583,True,10,6,1583,0.999926,8.1253,0,0.0124803,1538 1538 1584 1583 1626 -1
GCP,adapt_p48-18968510422141_a123-74999999999999_141_map.h5,7.87135,10,437,704,41.810314:123.750000,1484,True,13,5,1430,0.996477,7.30146,0,0.0124665,1483 1484 1431 1430 -1
GCP,adapt_p11-715852394892384_a135-0_245_map.h5,7.86929,10,382,775,78.284149:135.000000,1770,True,15,5,1752,0.917533,7.0524,0,0.012494,1771 1770 1751 1752 -1
GCP,adapt_p70-52877936550931_a213-75_445_map.h5,6.77823,10,256,1137,19.471220:213.750000,1205,True,26,4,1205,0.63849,4.81272,0,0.0125848,1268 1205 1204 -1
GCP,adapt_p70-52877936550931_a281-24999999999994_10_map.h5,7.84001,10,406,731,19.471220:281.250000,1217,True,15,5,1152,0.955085,7.25939,0,0.0127841,1216 1217 1152 1151 -1
GCP,adapt_p48-18968510422141_a123-74999999999999_297_map.h5,7.89012,10,475,750,41.810314:123.750000,1484,True,10,5,1485,0.99163,5.78502,0,0.0126982,1536 1536 1485 1484 -1
GCP,adapt_p70-52877936550931_a168-74999999999997_183_map.h5,8.86733,10,437,400,19.471220:168.750000,1197,True,13,6,1197,0.934524,8.2731,0,0.0124615,1131 1131 1132 1197 1260 -1
GCP,adapt_p70-52877936550931_a326-24999999999994_554_map.h5,8.88738,10,633,379,19.471220:326.250000,1225,True,10,6,1225,0.99984,8.25981,0,0.0124174,1160 1160 1225 1224 1287 -1
GCP,adapt_p11-715852394892384_a315-0_448_map.h5,7.87431,10,446,742,78.284149:315.000000,1778,True,11,5,1778,0.98049,7.25566,0,0.0124844,1762 1778 1779 1762 -1
GCP,adapt_p80-40593177313954_a67-5_414_map.h5,6.82338,10,135,765,9.594069:67.500000,1047,False,173,2,1432,0,0.0153001,0,0.0153001,1044 -1
GCP,adapt_p60-00000000000001_a202-49999999999997_304_map.h5,8.88549,10,404,362,30.000000:202.500000,1328,True,10,6,1328,0.996477,8.26995,0,0.0133291,1266 1266 1267 1329 1328 -1
GCP,adapt_p23-556464309101234_a112-5_109_map.h5,7.89191,10,658,683,66.443535:112.500000,1697,True,11,5,1697,0.991869,7.39985,0,0.0128841,1696 1697 1726 1696 -1
GCP,adapt_p80-40593177313954_a270-0_217_map.h5,8.85937,10,467,390,9.594069:270.000000,1084,True,14,6,1084,0.965742,8.35174,0,0.0124346,1017 1017 1084 1016 1083 -1
GCP,adapt_p70-52877936550931_a236-25_439_map.h5,8.87921,10,564,366,19.471220:236.250000,1209,True,11,6,1144,0.999803,8.27658,0,0.0125745,1143 1143 1144 1209 1208 -1
GCP,adapt_p70-52877936550931_a348-74999999999994_496_map.h5,7.85073,10,379,724,19.471220:348.750000,1229,True,15,5,1229,0.960738,7.3511,0,0.0130689,1228 1229 1292 1230 -1
GCP,adapt_p70-52877936550931_a33-75_466_map.h5,1.94808,10,23,338,19.471220:33.750000,1173,False,1800,2,1460,0,0.326511,0,0.326511,1737 -1
GCP,adapt_p70-52877936550931_a213-75_383_map.h5,5.08956,10,121,1602,19.471220:213.750000,1205,False,135,3,1268,0.180681,3.69909,0,0.0142069,1137 1268 -1
GCP,adapt_p48-18968510422141_a303-75_102_map.h5,7.87124,10,530,748,41.810314:303.750000,1510,True,13,5,1510,0.872265,7.21542,0,0.0125555,1459 1458 1510 1511 -1
GCP,adapt_p35-659087696138755_a14-999999999999998_224_map.h5,5.63983,10,218,1554,54.340912:15.000000,1568,False,45,4,1613,0.618442,5.4247,0,0.0129811,1650 1612 1613 -1
GCP,adapt_p48-18968510422141_a56-24999999999999_576_map.h5,6.75817,10,211,1158,41.810314:56.250000,1475,False,25,4,1419,0.821128,4.70204,0,0.012634,1525 1473 1419 -1
GCP,adapt_p11-715852394892384_a225-0_502_map.h5,7.82332,10,288,757,78.284149:225.000000,1774,False,21,5,1758,0.86189,7.09014,0,0.0124912,1760 1759 1758 1775 -1
GCP,adapt_p60-00000000000001_a22-5_267_map.h5,5.65119,10,152,1483,30.000000:22.500000,1298,False,44,4,1233,0.587803,4.87497,0,0.0136153,1171 1234 1233 -1
GCP,adapt_p70-52877936550931_a191-25_255_map.h5,7.84033,10,295,724,19.471220:191.250000,1201,True,19,5,1135,0.96752,7.3378,0,0.0124717,1200 1201 1136 1135 -1
GCP,adapt_p48-18968510422141_a146-25_214_map.h5,7.85906,10,392,753,41.810314:146.250000,1488,True,12,5,1488,0.879746,5.86604,0,0.012738,1487 1487 1488 1489 -1
GCP,adapt_p48-18968510422141_a303-75_280_map.h5,7.88828,10,589,698,41.810314:303.750000,1510,True,9,5,1510,0.96411,5.7855,0,0.0125403,1560 1560 1511 1510 -1
GCP,adapt_p48-18968510422141_a191-25_142_map.h5,6.75388,10,295,1113,41.810314:191.250000,1494,False,32,4,1441,0.676463,5.54712,0,0.0129449,1492 1441 1442 -1
GCP,adapt_p60-00000000000001_a180-0_158_map.h5,8.88398,10,545,365,30.000000:180.000000,1324,True,11,6,1324,0.998744,8.2458,0,0.0128087,1325 1325 1324 1262 1263 -1
GCP,adapt_p70-52877936550931_a191-25_90_map.h5,6.83821,10,492,1149,19.471220:191.250000,1201,True,20,4,1136,0.761222,4.88784,0,0.0125892,1202 1201 1136 -1
GCP,adapt_p80-40593177313954_a90-0_421_map.h5,8.87344,10,557,354,9.594069:90.000000,1051,True,10,6,1050,0.998293,8.28459,0,0.0123682,1116 1116 1117 1051 1050 -1
GCP,adapt_p80-40593177313954_a45-0_77_map.h5,6.86897,10,598,1115,9.594069:45.000000,1042,True,13,5,1109,0.891256,5.86674,0,0.0128392,1042 1042 1108 1109 -1
GCP,adapt_p80-40593177313954_a224-99999999999997_166_map.h5,7.81594,10,280,707,9.594069:225.000000,1076,True,22,5,1076,0.8431,7.27003,0,0.0128825,1143 1077 1076 1075 -1
GCP,adapt_p60-00000000000001_a157-5_533_map.h5,6.83578,10,494,1088,30.000000:157.500000,1320,True,17,5,1321,0.931639,6.01908,0,0.0130078,1257 1257 1320 1321 -1
GCP,adapt_p70-52877936550931_a281-24999999999994_398_map.h5,7.88736,10,612,741,19.471220:281.250000,1217,True,13,5,1217,0.962202,7.26185,0,0.0124381,1152 1153 1218 1217 -1
GCP,adapt_p70-52877936550931_a236-25_353_map.h5,7.81197,10,262,805,19.471220:236.250000,1209,True,22,5,1208,0.88793,7.25967,0,0.0128531,1272 1271 1208 1209 -1
GCP,adapt_p23-556464309101234_a247-49999999999997_162_map.h5,6.88707,10,591,1158,66.443535:247.500000,1708,True,10,4,1709,0.894055,4.74893,0,0.0126495,1708 1709 1676 -1
GCP,adapt_p48-18968510422141_a78-75_400_map.h5,7.77597,10,216,803,41.810314:78.750000,1478,True,27,5,1476,0.826377,7.23007,0,0.0128464,1478 1477 1476 1528 -1
GCP,adapt_p35-659087696138755_a224-99999999999997_89_map.h5,7.74319,10,279,751,54.340912:225.000000,1594,True,29,5,1550,0.849186,7.12633,0,0.0126077,1594 1549 1550 1500 -1
GCP,adapt_p70-52877936550931_a213-75_40_map.h5,7.82285,10,234,765,19.471220:213.750000,1205,False,21,5,1139,0.897684,7.26065,0,0.0129527,1072 1073 1139 1138 -1
GCP,adapt_p70-52877936550931_a123-74999999999999_78_map.h5,7.56387,10,95,775,19.471220:123.750000,1189,False,60,5,1258,0.717903,7.31025,0,0.0129335,1378 1320 1258 1257 -1
GCP,adapt_p48-18968510422141_a303-75_387_map.h5,7.78418,10,223,789,41.810314:303.750000,1510,False,24,5,1509,0.838273,7.15101,0,0.0126409,1457 1509 1558 1559 -1
GCP,adapt_p23-556464309101234_a247-49999999999997_176_map.h5,3.7348,10,148,1394,66.443535:247.500000,1708,False,373,2,1380,0,0.0268058,0,0.0268058,1711 -1
GCP,adapt_p70-52877936550931_a213-75_161_map.h5,7.65689,10,171,732,19.471220:213.750000,1205,False,46,5,1201,0.792711,7.22732,0,0.0129314,1069 1135 1136 1201 -1
GCP,adapt_p48-18968510422141_a56-24999999999999_412_map.h5,7.892,10,664,722,41.810314:56.250000,1475,True,8,5,1475,0.885806,5.78233,0,0.0127935,1421 1421 1475 1474 -1
GCP,adapt_p35-659087696138755_a224-99999999999997_233_map.h5,7.88822,10,499,748,54.340912:225.000000,1594,True,10,5,1636,0.964474,7.43321,0,0.0126762,1637 1636 1594 1637 -1
GCP,adapt_p80-40593177313954_a315-0_171_map.h5,7.88666,10,524,705,9.594069:315.000000,1093,True,11,5,1093,0.993301,5.91868,0,0.0131328,1092 1092 1093 1094 -1
GCP,adapt_p48-18968510422141_a168-74999999999997_518_map.h5,7.87123,10,432,732,41.810314:168.750000,1491,True,14,5,1437,0.937039,7.22317,0,0.0125713,1438 1437 1490 1491 -1
GCP,adapt_p80-40593177313954_a157-5_481_map.h5,6.88208,10,419,1218,9.594069:157.500000,1063,False,12,5,1130,0.960929,5.80605,0,0.0127462,1064 1064 1130 1129 -1
GCP,adapt_p70-52877936550931_a348-74999999999994_453_map.h5,7.88066,10,391,754,19.471220:348.750000,1229,True,11,5,1229,0.997502,5.90371,0,0.0131585,1292 1292 1229 1230 -1
GCP,adapt_p11-715852394892384_a135-0_336_map.h5,7.89122,10,636,751,78.284149:135.000000,1770,False,10,5,1752,0.996862,7.18042,0,0.0125808,1771 1753 1752 1771 -1
GCP,adapt_p70-52877936550931_a236-25_248_map.h5,7.86232,10,734,737,19.471220:236.250000,1209,True,14,5,1209,0.951147,7.40635,0,0.0135196,1272 1210 1209 1144 -1
GCP,adapt_p80-40593177313954_a45-0_288_map.h5,6.66377,10,222,1145,9.594069:45.000000,1042,False,46,4,1110,0.539849,5.83314,0,0.0140695,1041 1110 1176 -1
GCP,adapt_p60-00000000000001_a224-99999999999997_594_map.h5,8.90139,10,638,378,30.000000:225.000000,1331,True,8,6,1331,0.999968,8.29207,0,0.0124023,1270 1270 1269 1331 1332 -1
GCP,adapt_p80-40593177313954_a270-0_194_map.h5,7.85006,10,538,746,9.594069:270.000000,1084,True,15,5,1085,0.954391,5.91178,0,0.0127382,1017 1017 1085 1084 -1
GCP,adapt_p80-40593177313954_a292-5_506_map.h5,6.78339,10,534,1206,9.594069:292.500000,1088,True,10,5,1088,0.943109,5.92201,0,0.0124056,1154 1154 1088 1153 -1
GCP,adapt_p35-659087696138755_a14-999999999999998_541_map.h5,5.75262,10,277,1482,54.340912:15.000000,1568,False,32,4,1569,0.633076,4.9046,0,0.0132003,1521 1569 1613 -1
GCP,adapt_p23-556464309101234_a157-5_94_map.h5,8.86048,10,387,350,66.443535:157.500000,1701,True,15,5,1701,0.97379,7.26149,0,0.013322,1629 1667 1701 1666 -1
GCP,adapt_p23-556464309101234_a202-5_468_map.h5,7.64607,10,99,742,66.443535:202.500000,1704,False,49,5,1702,0.68,7.31391,0,0.0127491,1667 1702 1703 1731 -1
GCP,adapt_p70-52877936550931_a258-75_589_map.h5,6.83839,10,564,1105,19.471220:258.750000,1213,True,17,4,1213,0.812,4.80989,0,0.0124317,1148 1213 1214 -1
GCP,adapt_p80-40593177313954_a247-49999999999997_369_map.h5,7.68987,10,242,738,9.594069:247.500000,1080,False,40,5,1145,0.662075,7.41911,0,0.0129399,1211 1145 1144 1209 -1
GCP,adapt_p80-40593177313954_a315-0_31_map.h5,8.82329,10,174,406,9.594069:315.000000,1093,True,21,5,1158,0.840802,7.32155,0,0.0125172,1094 1093 1159 1158 -1
GCP,adapt_p35-659087696138755_a165-0_537_map.h5,7.33352,10,72,761,54.340912:165.000000,1587,False,98,3,1540,0.151592,5.9814,0,0.0133277,1548 1540 -1
GCP,adapt_p48-18968510422141_a303-75_11_map.h5,7.885,10,534,755,41.810314:303.750000,1510,False,10,5,1459,0.932064,5.79213,0,0.0127947,1511 1511 1459 1458 -1
GCP,adapt_p23-556464309101234_a292-5_225_map.h5,8.88538,10,485,418,66.443535:292.500000,1712,True,9,6,1712,0.997747,8.28595,0,0.0124363,1679 1679 1711 1712 1680 -1
GCP,adapt_p70-52877936550931_a146-25_410_map.h5,6.40158,10,213,1161,19.471220:146.250000,1193,False,78,4,1322,0.469105,6.03005,0,0.0132354,1325 1322 1321 -1
GCP,adapt_p80-40593177313954_a202-49999999999997_527_map.h5,7.58303,10,186,813,9.594069:202.500000,1072,False,56,5,1136,0.75219,7.25305,0,0.0127971,1004 1071 1137 1136 -1
GCP,adapt_p35-659087696138755_a165-0_402_map.h5,7.88631,10,569,765,54.340912:165.000000,1587,True,10,5,1586,0.994607,5.86084,0,0.0124908,1587 1587 1586 1585 -1
GCP,adapt_p60-00000000000001_a135-0_90_map.h5,7.8313,10,325,716,30.000000:135.000000,1316,True,20,5,1316,0.923429,7.30975,0,0.0125234,1253 1254 1316 1317 -1
GCP,adapt_p60-00000000000001_a0-0_132_map.h5,1.69073,10,21,336,30.000000:0.000000,1294,False,1800,2,1072,0,0.314795,0,0.314795,981 -1
GCP,adapt_p80-40593177313954_a90-0_111_map.h5,8.87994,10,637,399,9.594069:90.000000,1051,True,10,5,1050,0.989567,7.62312,0,0.0128378,1051 1050 1116 1051 -1
GCP,adapt_p35-659087696138755_a224-99999999999997_137_map.h5,7.86687,10,353,711,54.340912:225.000000,1594,True,15,5,1594,0.961207,7.19283,0,0.0129116,1635 1636 1594 1593 -1
GCP,adapt_p11-715852394892384_a135-0_439_map.h5,8.89709,10,608,354,78.284149:135.000000,1770,True,8,6,1752,0.998693,8.20092,0,0.012685,1753 1753 1771 1770 1752 -1
GCP,adapt_p35-659087696138755_a315-0_267_map.h5,5.77016,10,253,1477,54.340912:315.000000,1605,True,27,4,1605,0.816949,4.69666,0,0.0126404,1682 1646 1605 -1
GCP,adapt_p60-00000000000001_a224-99999999999997_259_map.h5,8.85027,10,447,342,30.000000:225.000000,1331,True,17,5,1331,0.884125,7.27006,0,0.0125388,1330 1331 1389 1390 -1
GCP,adapt_p80-40593177313954_a157-5_278_map.h5,8.88526,10,600,377,9.594069:157.500000,1063,True,11,6,1063,0.999916,8.37342,0,0.0125544,996 996 995 1063 1064 -1
GCP,adapt_p35-659087696138755_a14-999999999999998_249_map.h5,6.67213,10,145,1101,54.340912:15.000000,1568,False,43,4,1613,0.594763,5.31843,0,0.0127042,1567 1613 1652 -1
GCP,adapt_p23-556464309101234_a202-5_442_map.h5,4.94682,10,67,1119,66.443535:202.500000,1704,False,305,2,1112,0,0.0218559,0,0.0218559,1612 -1
GCP,adapt_p48-18968510422141_a303-75_552_map.h5,8.88603,10,599,379,41.810314:303.750000,1510,True,11,6,1510,0.995159,8.21705,0,0.0127537,1511 1511 1510 1458 1459 -1
GCP,adapt_p60-00000000000001_a157-5_232_map.h5,6.85628,10,493,1101,30.000000:157.500000,1320,True,15,5,1320,0.875639,5.90252,0,0.0125447,1319 1319 1378 1320 -1
GCP,adapt_p35-659087696138755_a135-0_126_map.h5,5.82835,10,403,1467,54.340912:135.000000,1583,True,18,4,1583,0.890031,4.77803,0,0.0125012,1537 1583 1584 -1
GCP,adapt_p70-52877936550931_a348-74999999999994_305_map.h5,5.80962,10,450,1556,19.471220:348.750000,1229,True,21,4,1229,0.931571,4.90288,0,0.0131948,1292 1229 1230 -1
GCP,adapt_p80-40593177313954_a270-0_411_map.h5,7.59941,10,112,793,9.594069:270.000000,1084,False,51,4,1149,0.607675,5.41156,0,0.0134086,1212 1214 1149 -1
GCP,adapt_p60-00000000000001_a112-49999999999999_374_map.h5,5.87804,10,561,1492,30.000000:112.500000,1313,True,11,4,1372,0.804838,4.80072,0,0.0127739,1371 1372 1313 -1
GCP,adapt_p70-52877936550931_a78-75_486_map.h5,5.76216,10,410,1496,19.471220:78.750000,1181,True,26,4,1114,0.617995,5.35866,0,0.0126487,1179 1114 1181 -1
GCP,adapt_p70-52877936550931_a78-75_54_map.h5,7.37138,10,124,731,19.471220:78.750000,1181,False,89,4,1052,0.378487,5.73667,0,0.0134345,1115 1051 1052 -1
GCP,adapt_p35-659087696138755_a195-0_487_map.h5,5.84029,10,322,1562,54.340912:195.000000,1590,False,17,4,1591,0.827879,4.80268,0,0.0125344,1634 1633 1591 -1
GCP,adapt_p70-52877936550931_a11-25_574_map.h5,6.81834,10,225,1106,19.471220:11.250000,1169,False,21,4,1168,0.904242,4.90947,0,0.0124644,1101 1167 1168 -1
GCP,adapt_p60-00000000000001_a112-49999999999999_466_map.h5,6.76326,10,253,1136,30.000000:112.500000,1313,False,27,4,1311,0.655785,5.32112,0,0.0135486,1247 1311 1249 -1
GCP,adapt_p80-40593177313954_a337-49999999999994_206_map.h5,7.79227,10,220,781,9.594069:337.500000,1097,False,25,5,1095,0.877733,7.36371,0,0.0125436,1029 1096 1095 1094 -1
GCP,adapt_p70-52877936550931_a303-75_377_map.h5,8.89923,10,637,389,19.471220:303.750000,1221,True,9,6,1284,0.999878,8.30408,0,0.0125619,1222 1222 1221 1284 1285 -1
GCP,adapt_p80-40593177313954_a0-0_309_map.h5,5.13211,10,116,725,9.594069:0.000000,1034,False,427,2,1599,0,0.0304514,0,0.0304514,1231 -1
GCP,adapt_p35-659087696138755_a285-0_433_map.h5,7.40352,10,64,781,54.340912:285.000000,1601,False,78,4,1642,0.581135,6.10643,0,0.0132614,1736 1642 1643 -1
GCP,adapt_p80-40593177313954_a180-0_548_map.h5,7.85738,10,505,688,9.594069:180.000000,1067,True,15,5,1068,0.946152,7.35084,0,0.0124164,1001 1068 1000 1067 -1
GCP,adapt_p23-556464309101234_a292-5_557_map.h5,6.88128,10,522,1141,66.443535:292.500000,1712,True,11,5,1712,0.991563,5.78924,0,0.0125361,1739 1739 1713 1712 -1
GCP,adapt_p48-18968510422141_a78-75_183_map.h5,6.88333,10,656,1156,41.810314:78.750000,1478,True,8,5,1424,0.986902,5.80252,0,0.0134698,1478 1478 1424 1425 -1
GCP,adapt_p60-00000000000001_a337-49999999999994_28_map.h5,8.8871,10,481,357,30.000000:337.500000,1350,True,10,6,1351,0.999179,8.28109,0,0.0126848,1290 1290 1289 1350 1351 -1
GCP,adapt_p48-18968510422141_a78-75_321_map.h5,6.39652,10,186,1068,41.810314:78.750000,1478,True,97,4,1478,0.438255,5.5916,0,0.0132854,1476 1478 1425 -1
GCP,adapt_p80-40593177313954_a315-0_362_map.h5,6.86118,10,545,1215,9.594069:315.000000,1093,True,14,4,1093,0.975594,4.91729,0,0.0126436,1092 1093 1094 -1
GCP,adapt_p11-715852394892384_a45-0_251_map.h5,6.88447,10,582,1083,78.284149:45.000000,1766,False,11,5,1747,0.995355,5.73914,0,0.01231,1748 1748 1747 1767 -1
GCP,adapt_p80-40593177313954_a270-0_187_map.h5,8.89922,10,711,388,9.594069:270.000000,1084,False,7,6,1085,0.999999,8.29085,0,0.0125824,1086 1086 1085 1151 1152 -1
GCP,adapt_p70-52877936550931_a258-75_572_map.h5,8.87258,10,496,332,19.471220:258.750000,1213,True,11,6,1213,0.975743,8.26246,0,0.0132561,1147 1147 1148 1213 1214 -1
GCP,adapt_p60-00000000000001_a112-49999999999999_573_map.h5,6.87984,10,599,1094,30.000000:112.500000,1313,True,11,5,1372,0.980364,5.80236,0,0.0129665,1313 1313 1372 1373 -1
GCP,adapt_p35-659087696138755_a195-0_578_map.h5,8.89936,10,805,374,54.340912:195.000000,1590,True,6,6,1590,0.999999,8.25195,0,0.0124244,1633 1633 1632 1590 1591 -1
GCP,adapt_p60-00000000000001_a45-0_289_map.h5,7.87827,10,411,755,30.000000:45.000000,1301,True,11,5,1301,0.979767,7.55872,0,0.012536,1300 1301 1238 1300 -1
GCP,adapt_p35-659087696138755_a14-999999999999998_1_map.h5,5.84842,10,381,1550,54.340912:15.000000,1568,True,14,4,1568,0.966397,4.85099,0,0.0123787,1520 1567 1568 -1
GCP,adapt_p48-18968510422141_a281-24999999999994_131_map.h5,8.86619,10,375,392,41.810314:281.250000,1507,True,13,6,1455,0.998815,8.22627,0,0.0126109,1508 1508 1507 1455 1456 -1
GCP,adapt_p80-40593177313954_a45-0_151_map.h5,7.81378,10,235,743,9.594069:45.000000,1042,True,24,5,1043,0.884353,7.31263,0,0.0130248,1110 1044 1043 1042 -1
GCP,adapt_p80-40593177313954_a247-49999999999997_169_map.h5,7.86297,10,494,766,9.594069:247.500000,1080,True,15,4,1080,0.821499,4.82407,0,0.012837,1146 1080 1081 -1
GCP,adapt_p70-52877936550931_a213-75_306_map.h5,8.87338,10,425,371,19.471220:213.750000,1205,True,13,6,1267,0.965133,8.25525,0,0.0124003,1204 1204 1205 1268 1267 -1
GCP,adapt_p80-40593177313954_a180-0_251_map.h5,7.85613,10,478,797,9.594069:180.000000,1067,True,16,5,1068,0.909569,7.26021,0,0.0126626,1135 1069 1068 1067 -1
GCP,adapt_p11-715852394892384_a315-0_268_map.h5,6.87736,10,606,1093,78.284149:315.000000,1778,True,10,4,1762,0.903916,4.73484,0,0.0124369,1763 1762 1778 -1
GCP,adapt_p48-18968510422141_a258-75_268_map.h5,7.75021,10,101,345,41.810314:258.750000,1504,False,195,4,1336,0.507642,5.81818,0,0.0163726,1148 1337 1336 -1
GCP,adapt_p60-00000000000001_a157-5_233_map.h5,7.78741,10,230,743,30.000000:157.500000,1320,True,18,5,1320,0.956096,7.30221,0,0.0123901,1379 1321 1320 1258 -1
GCP,adapt_p60-00000000000001_a180-0_327_map.h5,4.38008,10,191,1854,30.000000:180.000000,1324,False,81,3,1322,0.401252,3.08331,0,0.0137338,1198 1322 -1
GCP,adapt_p70-52877936550931_a123-74999999999999_283_map.h5,6.87234,10,457,1111,19.471220:123.750000,1189,True,12,4,1189,0.9117,4.82323,0,0.0134847,1188 1189 1123 -1
GCP,adapt_p23-556464309101234_a247-49999999999997_142_map.h5,6.85295,10,490,1124,66.443535:247.500000,1708,False,13,4,1736,0.857284,4.73967,0,0.0128805,1709 1736 1735 -1
GCP,adapt_p80-40593177313954_a90-0_449_map.h5,8.86818,10,457,373,9.594069:90.000000,1051,True,13,6,1052,0.999088,8.28652,0,0.0126795,1050 1050 1051 1052 1118 -1
GCP,adapt_p23-556464309101234_a157-5_185_map.h5,7.84806,10,363,747,66.443535:157.500000,1701,False,16,5,1699,0.953207,7.2511,0,0.0127365,1664 1699 1700 1665 -1
GCP,adapt_p60-00000000000001_a112-49999999999999_66_map.h5,7.81913,10,250,758,30.000000:112.500000,1313,False,22,5,1370,0.883905,7.50394,0,0.0126973,1372 1371 1370 1312 -1
GCP,adapt_p60-00000000000001_a157-5_419_map.h5,7.88403,10,542,727,30.000000:157.500000,1320,True,10,5,1320,0.989199,7.36973,0,0.0127493,1257 1258 1320 1257 -1
GCP,adapt_p60-00000000000001_a45-0_399_map.h5,6.58682,10,107,1150,30.000000:45.000000,1301,False,55,4,1303,0.51874,5.51177,0,0.0129903,1242 1303 1362 -1
GCP,adapt_p35-659087696138755_a255-00000000000003_9_map.h5,8.89526,10,659,407,54.340912:255.000000,1598,True,7,6,1598,0.999992,8.25031,0,0.0125444,1597 1597 1598 1640 1639 -1
GCP,adapt_p60-00000000000001_a90-0_415_map.h5,8.88736,10,426,352,30.000000:90.000000,1309,True,10,6,1368,0.992936,8.24131,0,0.0123899,1369 1369 1368 1309 1310 -1
GCP,adapt_p80-40593177313954_a180-0_253_map.h5,7.71314,10,140,715,9.594069:180.000000,1067,True,38,4,1068,0.501599,5.3779,0,0.0126684,1002 1068 1067 -1
GCP,adapt_p70-52877936550931_a213-75_552_map.h5,7.83659,10,361,732,19.471220:213.750000,1205,True,19,5,1205,0.922019,7.42371,0,0.0132294,1206 1268 1205 1204 -1
GCP,adapt_p70-52877936550931_a303-75_78_map.h5,5.80337,10,263,1484,19.471220:303.750000,1221,True,24,4,1222,0.737947,4.8615,0,0.0124373,1284 1221 1222 -1
GCP,adapt_p80-40593177313954_a0-0_236_map.h5,7.87681,10,655,807,9.594069:0.000000,1034,False,10,5,1100,0.979721,5.90363,0,0.012995,1165 1165 1099 1100 -1
GCP,adapt_p48-18968510422141_a236-25_518_map.h5,5.8506,10,374,1410,41.810314:236.250000,1501,True,14,4,1501,0.851272,4.87392,0,0.0132137,1449 1501 1500 -1
GCP,adapt_p23-556464309101234_a112-5_450_map.h5,6.85813,10,265,1110,66.443535:112.500000,1697,False,16,4,1726,0.879857,4.77951,0,0.0126407,1727 1726 1725 -1
GCP,adapt_p60-00000000000001_a90-0_598_map.h5,7.77524,10,190,753,30.000000:90.000000,1309,False,27,5,1310,0.80876,7.28505,0,0.012571,1312 1311 1310 1247 -1
GCP,adapt_p70-52877936550931_a258-75_462_map.h5,7.82535,10,401,731,19.471220:258.750000,1213,False,19,5,1149,0.926912,7.25473,0,0.0124868,1148 1149 1150 1215 -1
GCP,adapt_p48-18968510422141_a258-75_337_map.h5,6.77359,10,293,1011,41.810314:258.750000,1504,False,28,4,1553,0.709163,5.21655,0,0.0132126,1502 1553 1554 -1
GCP,adapt_p11-715852394892384_a225-0_252_map.h5,7.89042,10,678,737,78.284149:225.000000,1774,True,10,5,1774,0.995048,5.78182,0,0.0123764,1756 1756 1757 1774 -1
GCP,adapt_p35-659087696138755_a315-0_342_map.h5,7.89433,10,656,760,54.340912:315.000000,1605,True,9,5,1605,0.999336,5.77865,0,0.0124628,1646 1646 1605 1604 -1
GCP,adapt_p35-659087696138755_a75-0_57_map.h5,5.70295,10,117,1480,54.340912:75.000000,1576,False,40,4,1577,0.701262,5.47177,0,0.012859,1478 1577 1620 -1
GCP,adapt_p70-52877936550931_a56-24999999999999_565_map.h5,5.45087,10,253,1507,19.471220:56.250000,1177,False,74,2,1102,0,0.0129366,0,0.0129366,1240 -1
GCP,adapt_p80-40593177313954_a135-0_541_map.h5,7.54691,10,201,707,9.594069:135.000000,1059,False,66,5,1057,0.737075,7.50658,0,0.012876,922 990 1058 1057 -1
GCP,adapt_p60-00000000000001_a224-99999999999997_435_map.h5,8.76869,10,323,385,30.000000:225.000000,1331,True,23,5,1331,0.766595,7.32477,0,0.0131051,1270 1331 1332 1390 -1
GCP,adapt_p48-18968510422141_a78-75_170_map.h5,7.84788,10,336,745,41.810314:78.750000,1478,True,14,5,1478,0.942606,7.17548,0,0.0129221,1529 1477 1478 1424 -1
GCP,adapt_p11-715852394892384_a225-0_397_map.h5,5.8102,10,264,1491,78.284149:225.000000,1774,True,23,4,1773,0.784989,4.68323,0,0.0126244,1755 1773 1774 -1
GCP,adapt_p60-00000000000001_a157-5_398_map.h5,7.86027,10,502,708,30.000000:157.500000,1320,True,14,5,1379,0.884389,7.29991,0,0.0125454,1380 1379 1320 1321 -1
GCP,adapt_p60-00000000000001_a224-99999999999997_584_map.h5,8.893,10,719,394,30.000000:225.000000,1331,True,9,6,1331,0.999959,8.29246,0,0.012789,1270 1270 1269 1331 1332 -1
GCP,adapt_p23-556464309101234_a337-5_250_map.h5,7.87918,10,483,762,66.443535:337.500000,1716,True,11,5,1716,0.979844,5.76447,0,0.0126214,1742 1742 1716 1717 -1
GCP,adapt_p60-00000000000001_a247-49999999999997_74_map.h5,8.89313,10,655,331,30.000000:247.500000,1335,True,10,6,1335,0.999669,8.23205,0,0.0126529,1274 1274 1335 1336 1394 -1
GCP,adapt_p23-556464309101234_a292-5_287_map.h5,7.86423,10,356,778,66.443535:292.500000,1712,True,13,5,1680,0.948925,7.30968,0,0.0125734,1679 1712 1713 1680 -1
GCP,adapt_p70-52877936550931_a146-25_307_map.h5,7.87806,10,547,724,19.471220:146.250000,1193,True,13,5,1128,0.982738,7.3065,0,0.0127258,1127 1128 1194 1193 -1
GCP,adapt_p48-18968510422141_a146-25_64_map.h5,7.81519,10,257,727,41.810314:146.250000,1488,True,22,5,1489,0.887948,7.23025,0,0.0126089,1437 1436 1489 1488 -1
GCP,adapt_p70-52877936550931_a33-75_303_map.h5,7.76017,10,226,797,19.471220:33.750000,1173,False,30,4,1107,0.52053,5.28665,0,0.0126313,1172 1107 1108 -1
GCP,adapt_p80-40593177313954_a157-5_344_map.h5,6.85799,10,600,1184,9.594069:157.500000,1063,True,13,4,1063,0.97527,4.91098,0,0.0128186,995 1063 1062 -1
GCP,adapt_p70-52877936550931_a11-25_125_map.h5,6.85693,10,555,1119,19.471220:11.250000,1169,True,12,5,1169,0.968686,5.89263,0,0.0128574,1233 1233 1170 1169 -1
GCP,adapt_p23-556464309101234_a202-5_163_map.h5,5.87271,10,80,1090,66.443535:202.500000,1704,False,176,2,1435,0,0.0159816,0,0.0159816,1759 -1
GCP,adapt_p80-40593177313954_a224-99999999999997_6_map.h5,7.75787,10,232,732,9.594069:225.000000,1076,False,30,5,1079,0.888012,7.27695,0,0.012938,1146 1080 1079 1078 -1
GCP,adapt_p48-18968510422141_a33-75_492_map.h5,6.88139,10,627,1087,41.810314:33.750000,1471,True,10,5,1472,0.919522,5.9389,0,0.0124208,1471 1471 1417 1472 -1
GCP,adapt_p80-40593177313954_a202-49999999999997_27_map.h5,7.8415,10,303,741,9.594069:202.500000,1072,True,17,5,1072,0.946141,7.35173,0,0.013307,1005 1072 1004 1071 -1
GCP,adapt_p23-556464309101234_a247-49999999999997_456_map.h5,7.88628,10,551,786,66.443535:247.500000,1708,True,10,5,1708,0.996337,5.75442,0,0.0125343,1735 1735 1708 1709 -1
GCP,adapt_p60-00000000000001_a180-0_252_map.h5,7.73896,10,180,719,30.000000:180.000000,1324,False,31,4,1382,0.658589,5.10181,0,0.0128522,1440 1382 1381 -1
GCP,adapt_p48-18968510422141_a123-74999999999999_316_map.h5,6.87012,10,500,1131,41.810314:123.750000,1484,True,12,4,1431,0.747952,4.87496,0,0.0126726,1430 1431 1484 -1
GCP,adapt_p23-556464309101234_a22-5_98_map.h5,7.88314,10,484,754,66.443535:22.500000,1689,False,10,5,1718,0.974619,5.78721,0,0.012659,1719 1719 1718 1688 -1
GCP,adapt_p60-00000000000001_a247-49999999999997_493_map.h5,7.87641,10,610,774,30.000000:247.500000,1335,True,10,5,1335,0.993582,7.83973,0,0.0124232,1273 1335 1336 1273 -1
GCP,adapt_p70-52877936550931_a123-74999999999999_401_map.h5,7.78531,10,255,756,19.471220:123.750000,1189,True,28,5,1123,0.806973,7.27222,0,0.0124952,1190 1189 1123 1122 -1
GCP,adapt_p70-52877936550931_a303-75_565_map.h5,8.71731,10,174,365,19.471220:303.750000,1221,False,32,5,1220,0.755351,7.57209,0,0.0125119,1153 1219 1220 1283 -1
GCP,adapt_p80-40593177313954_a270-0_578_map.h5,7.88135,10,477,726,9.594069:270.000000,1084,True,13,5,1085,0.951123,5.9115,0,0.0124561,1017 1017 1085 1084 -1
GCP,adapt_p48-18968510422141_a258-75_298_map.h5,5.80709,10,327,1440,41.810314:258.750000,1504,True,20,4,1504,0.671142,4.8652,0,0.012736,1502 1503 1504 -1
GCP,adapt_p70-52877936550931_a56-24999999999999_583_map.h5,5.86239,10,624,1440,19.471220:56.250000,1177,True,13,5,1176,0.934067,5.86236,0,0.0124294,1239 1239 1176 1177 -1
GCP,adapt_p70-52877936550931_a213-75_284_map.h5,7.82153,10,283,748,19.471220:213.750000,1205,True,22,5,1140,0.893742,7.30139,0,0.0132651,1204 1205 1140 1141 -1
GCP,adapt_p23-556464309101234_a22-5_200_map.h5,8.35577,10,94,404,66.443535:22.500000,1689,False,99,4,1691,0.458211,6.49171,0,0.0140769,1576 1691 1690 -1
GCP,adapt_p48-18968510422141_a78-75_546_map.h5,7.59389,10,100,748,41.810314:78.750000,1478,False,53,4,1473,0.636217,6.62886,0,0.0129316,1530 1474 1473 -1
GCP,adapt_p48-18968510422141_a33-75_581_map.h5,6.44143,10,73,1106,41.810314:33.750000,1471,True,78,4,1523,0.526264,5.65581,0,0.0133927,1616 1523 1471 -1
GCP,adapt_p70-52877936550931_a281-24999999999994_312_map.h5,7.70899,10,186,729,19.471220:281.250000,1217,True,37,5,1217,0.747829,7.47291,0,0.0128829,1153 1217 1216 1279 -1
GCP,adapt_p48-18968510422141_a326-24999999999994_274_map.h5,6.84738,10,659,1100,41.810314:326.250000,1514,False,10,5,1462,0.998251,5.88224,0,0.0124187,1463 1463 1462 1461 -1
GCP,adapt_p11-715852394892384_a135-0_369_map.h5,7.9002,10,843,765,78.284149:135.000000,1770,True,7,5,1752,0.981796,5.80801,0,0.0126018,1771 1771 1770 1752 -1
GCP,adapt_p80-40593177313954_a157-5_253_map.h5,7.76415,10,114,731,9.594069:157.500000,1063,False,28,5,995,0.875067,7.27401,0,0.0126524,927 928 995 996 -1
GCP,adapt_p23-556464309101234_a292-5_304_map.h5,7.73882,10,101,760,66.443535:292.500000,1712,True,35,5,1738,0.848413,7.3984,0,0.0129683,1762 1739 1712 1738 -1
GCP,adapt_p35-659087696138755_a224-99999999999997_475_map.h5,6.68883,10,208,1184,54.340912:225.000000,1594,False,34,4,1548,0.670958,4.97845,0,0.0129974,1636 1593 1548 -1
GCP,adapt_p48-18968510422141_a56-24999999999999_558_map.h5,5.06607,10,146,1572,41.810314:56.250000,1475,False,134,3,1422,0.205999,3.36467,0,0.0144285,1242 1422 -1
GCP,adapt_p48-18968510422141_a236-25_512_map.h5,7.83628,10,329,774,41.810314:236.250000,1501,False,16,5,1447,0.954964,7.28938,0,0.0125161,1446 1447 1390 1391 -1
GCP,adapt_p11-715852394892384_a225-0_69_map.h5,7.89123,10,820,787,78.284149:225.000000,1774,True,9,5,1788,0.975908,5.6667,0,0.0125797,1787 1787 1788 1774 -1
GCP,adapt_p60-00000000000001_a180-0_261_map.h5,5.83515,10,410,1558,30.000000:180.000000,1324,False,15,5,1263,0.936391,5.79787,0,0.0126419,1325 1325 1263 1262 -1
GCP,adapt_p80-40593177313954_a0-0_15_map.h5,6.86327,10,480,1180,9.594069:0.000000,1034,True,11,5,1035,0.9816,5.9047,0,0.0125249,1101 1101 1035 1034 -1
GCP,adapt_p70-52877936550931_a123-74999999999999_514_map.h5,5.79026,10,231,1487,19.471220:123.750000,1189,True,28,4,1189,0.877067,5.20402,0,0.0125554,1251 1189 1190 -1
GCP,adapt_p48-18968510422141_a213-75_60_map.h5,6.86705,10,521,1171,41.810314:213.750000,1497,True,13,5,1497,0.877657,5.94985,0,0.0127571,1498 1498 1548 1497 -1
GCP,adapt_p35-659087696138755_a224-99999999999997_284_map.h5,7.89838,10,847,770,54.340912:225.000000,1594,True,7,5,1594,0.999842,5.77859,0,0.0124046,1636 1636 1594 1593 -1
GCP,adapt_p48-18968510422141_a78-75_0_map.h5,8.88324,10,498,375,41.810314:78.750000,1478,True,12,6,1478,0.998422,8.24926,0,0.0125818,1530 1530 1529 1477 1478 -1
GCP,adapt_p70-52877936550931_a101-24999999999999_313_map.h5,5.79332,10,308,1532,19.471220:101.250000,1185,False,25,4,1118,0.764155,4.91392,0,0.0125263,1248 1184 1118 -1
GCP,adapt_p70-52877936550931_a258-75_559_map.h5,8.89538,10,671,362,19.471220:258.750000,1213,True,9,6,1213,0.998991,8.18105,0,0.0124345,1148 1148 1213 1214 1277 -1
GCP,adapt_p60-00000000000001_a270-0_413_map.h5,8.85788,10,376,353,30.000000:270.000000,1339,True,15,6,1339,0.997069,8.24195,0,0.0129388,1338 1338 1339 1397 1396 -1
GCP,adapt_p70-52877936550931_a213-75_6_map.h5,5.6511,10,220,1485,19.471220:213.750000,1205,False,48,4,1141,0.592044,5.5361,0,0.012754,1078 1142 1141 -1
GCP,adapt_p60-00000000000001_a157-5_291_map.h5,8.88675,10,456,337,30.000000:157.500000,1320,True,11,6,1379,0.993325,8.31231,0,0.0130608,1320 1320 1321 1380 1379 -1
GCP,adapt_p60-00000000000001_a202-49999999999997_354_map.h5,7.71894,10,250,773,30.000000:202.500000,1328,False,37,5,1445,0.813329,7.45797,0,0.0128947,1549 1498 1445 1446 -1
GCP,adapt_p48-18968510422141_a326-24999999999994_271_map.h5,8.79619,10,206,346,41.810314:326.250000,1514,True,28,5,1514,0.706487,7.41704,0,0.012631,1562 1514 1515 1463 -1
GCP,adapt_p48-18968510422141_a191-25_68_map.h5,8.88122,10,349,365,41.810314:191.250000,1494,True,13,6,1494,0.980939,8.2268,0,0.0125908,1441 1441 1442 1495 1494 -1
GCP,adapt_p23-556464309101234_a22-5_125_map.h5,7.70812,10,119,769,66.443535:22.500000,1689,False,39,5,1719,0.795759,7.25087,0,0.0126927,1688 1719 1720 1746 -1
GCP,adapt_p48-18968510422141_a191-25_111_map.h5,7.73727,10,199,722,41.810314:191.250000,1494,False,36,5,1495,0.726174,7.38802,0,0.0125446,1544 1545 1546 1495 -1
GCP,adapt_p35-659087696138755_a315-0_26_map.h5,8.90086,10,710,348,54.340912:315.000000,1605,True,7,6,1605,0.999999,8.19856,0,0.0129369,1646 1646 1645 1604 1605 -1
GCP,adapt_p23-556464309101234_a292-5_44_map.h5,5.79757,10,261,1461,66.443535:292.500000,1712,True,22,4,1712,0.752249,4.81634,0,0.0132335,1643 1679 1712 -1
GCP,adapt_p11-715852394892384_a315-0_357_map.h5,7.33786,10,119,746,78.284149:315.000000,1778,False,106,2,1763,0,0.0137302,0,0.0137302,1478 -1
GCP,adapt_p70-52877936550931_a123-74999999999999_207_map.h5,7.78627,10,184,799,19.471220:123.750000,1189,False,24,5,1316,0.847232,7.21257,0,0.0125376,1190 1253 1254 1316 -1
GCP,adapt_p80-40593177313954_a270-0_175_map.h5,7.87072,10,417,700,9.594069:270.000000,1084,False,11,5,1151,0.955053,7.37976,0,0.0130751,1150 1151 1085 1150 -1
GCP,adapt_p35-659087696138755_a135-0_136_map.h5,5.84577,10,470,1511,54.340912:135.000000,1583,True,16,4,1583,0.837441,4.69704,0,0.0130206,1664 1626 1583 -1
GCP,adapt_p70-52877936550931_a213-75_594_map.h5,7.85534,10,374,768,19.471220:213.750000,1205,True,15,4,1205,0.949339,4.85075,0,0.0124473,1140 1205 1206 -1
GCP,adapt_p48-18968510422141_a123-74999999999999_567_map.h5,8.8882,10,483,402,41.810314:123.750000,1484,True,9,6,1484,0.999183,8.34318,0,0.0125945,1431 1431 1485 1484 1430 -1
GCP,adapt_p23-556464309101234_a337-5_219_map.h5,6.84332,10,505,1143,66.443535:337.500000,1716,True,14,4,1742,0.829591,4.72073,0,0.0124787,1684 1716 1742 -1
GCP,adapt_p48-18968510422141_a123-74999999999999_377_map.h5,6.85029,10,498,1089,41.810314:123.750000,1484,False,16,4,1432,0.784815,4.91301,0,0.0125044,1433 1432 1374 -1
GCP,adapt_p11-715852394892384_a225-0_370_map.h5,7.87186,10,430,760,78.284149:225.000000,1774,True,13,5,1757,0.974591,7.25498,0,0.0129369,1775 1757 1756 1774 -1
GCP,adapt_p35-659087696138755_a195-0_118_map.h5,5.83632,10,315,1462,54.340912:195.000000,1590,True,18,4,1632,0.857516,4.82713,0,0.0124697,1590 1632 1631 -1
GCP,adapt_p11-715852394892384_a225-0_579_map.h5,7.81184,10,255,789,78.284149:225.000000,1774,False,22,5,1756,0.919765,7.11533,0,0.0129541,1758 1757 1756 1732 -1
GCP,adapt_p48-18968510422141_a78-75_573_map.h5,8.85106,10,368,404,41.810314:78.750000,1478,False,11,6,1424,0.999278,8.23231,0,0.0127371,1366 1366 1365 1423 1424 -1
GCP,adapt_p60-00000000000001_a247-49999999999997_375_map.h5,7.84407,10,360,717,30.000000:247.500000,1335,True,16,5,1393,0.920842,7.49355,0,0.0127277,1392 1393 1394 1335 -1
GCP,adapt_p60-00000000000001_a67-5_226_map.h5,7.86562,10,414,678,30.000000:67.500000,1305,True,13,5,1305,0.989524,7.24847,0,0.0131795,1242 1243 1306 1305 -1
GCP,adapt_p11-715852394892384_a45-0_405_map.h5,6.88402,10,579,1084,78.284149:45.000000,1766,False,8,5,1747,0.801552,5.73961,0,0.0127793,1746 1746 1747 1767 -1
GCP,adapt_p60-00000000000001_a202-49999999999997_393_map.h5,7.79712,10,526,746,30.000000:202.500000,1328,True,15,5,1328,0.978898,7.25647,0,0.012703,1266 1328 1386 1327 -1
GCP,adapt_p48-18968510422141_a101-24999999999999_455_map.h5,5.66808,10,126,1452,41.810314:101.250000,1481,False,47,4,1482,0.607998,4.88664,0,0.0127285,1430 1483 1482 -1
GCP,adapt_p23-556464309101234_a112-5_44_map.h5,7.85928,10,497,747,66.443535:112.500000,1697,True,13,5,1696,0.815608,7.13304,0,0.012525,1726 1725 1696 1697 -1
GCP,adapt_p35-659087696138755_a75-0_259_map.h5,6.84852,10,551,1086,54.340912:75.000000,1576,False,14,4,1619,0.94445,4.81152,0,0.0132896,1658 1619 1620 -1
GCP,adapt_p70-52877936550931_a348-74999999999994_500_map.h5,8.88652,10,593,386,19.471220:348.750000,1229,True,10,6,1229,0.999026,8.35224,0,0.013312,1228 1228 1229 1292 1230 -1
GCP,adapt_p60-00000000000001_a315-0_201_map.h5,5.81712,10,396,1534,30.000000:315.000000,1346,False,20,4,1348,0.655381,4.81131,0,0.0126855,1288 1287 1348 -1
GCP,adapt_p80-40593177313954_a112-49999999999999_484_map.h5,8.86728,10,399,389,9.594069:112.500000,1055,True,13,6,1055,0.990236,8.26154,0,0.0125455,1122 1122 1056 988 1055 -1
GCP,adapt_p60-00000000000001_a224-99999999999997_32_map.h5,7.64729,10,132,768,30.000000:225.000000,1331,True,50,4,1331,0.604377,5.58735,0,0.0135032,1447 1331 1270 -1
GCP,adapt_p70-52877936550931_a101-24999999999999_216_map.h5,6.85975,10,407,1111,19.471220:101.250000,1185,True,12,4,1185,0.943233,4.80967,0,0.0130446,1184 1185 1119 -1
GCP,adapt_p70-52877936550931_a168-74999999999997_566_map.h5,7.75928,10,279,772,19.471220:168.750000,1197,False,27,5,1133,0.887843,7.56132,0,0.012527,1260 1198 1132 1133 -1
GCP,adapt_p70-52877936550931_a348-74999999999994_248_map.h5,6.82398,10,282,1103,19.471220:348.750000,1229,True,18,4,1229,0.797171,4.92949,0,0.0128124,1166 1165 1229 -1
GCP,adapt_p80-40593177313954_a135-0_132_map.h5,8.62308,10,178,367,9.594069:135.000000,1059,False,49,5,1062,0.672637,8.22752,0,0.0127425,1191 1061 994 1062 -1
GCP,adapt_p80-40593177313954_a224-99999999999997_448_map.h5,7.78973,10,291,690,9.594069:225.000000,1076,True,26,5,1141,0.850244,7.62319,0,0.013068,1205 1141 1142 1076 -1
GCP,adapt_p48-18968510422141_a123-74999999999999_3_map.h5,8.85625,10,307,359,41.810314:123.750000,1484,True,13,6,1484,0.992115,8.34314,0,0.012558,1430 1430 1484 1485 1431 -1
GCP,adapt_p23-556464309101234_a67-5_482_map.h5,7.66988,10,6,352,66.443535:67.500000,1693,False,206,4,1126,0.368518,7.36918,0,0.0166982,1260 1126 1125 -1
GCP,adapt_p23-556464309101234_a112-5_284_map.h5,7.80429,10,224,770,66.443535:112.500000,1697,True,23,5,1697,0.858456,7.2899,0,0.0125183,1698 1726 1697 1696 -1
GCP,adapt_p70-52877936550931_a258-75_39_map.h5,7.88339,10,584,726,19.471220:258.750000,1213,True,12,5,1213,0.944259,7.37964,0,0.0134007,1275 1276 1213 1275 -1
GCP,adapt_p23-556464309101234_a202-5_408_map.h5,7.86222,10,314,784,66.443535:202.500000,1704,True,15,5,1705,0.928485,7.15999,0,0.0125856,1733 1732 1704 1705 -1
GCP,adapt_p48-18968510422141_a326-24999999999994_551_map.h5,8.88517,10,486,401,41.810314:326.250000,1514,True,8,6,1462,0.99969,8.23148,0,0.0126154,1514 1514 1513 1461 1462 -1
GCP,adapt_p48-18968510422141_a56-24999999999999_427_map.h5,7.86236,10,511,706,41.810314:56.250000,1475,False,11,5,1420,0.988394,5.793,0,0.0134497,1362 1362 1420 1419 -1
GCP,adapt_p70-52877936550931_a236-25_355_map.h5,7.71624,10,238,764,19.471220:236.250000,1209,False,34,5,1273,0.806524,7.3364,0,0.012557,1271 1272 1273 1274 -1
GCP,adapt_p60-00000000000001_a45-0_1_map.h5,6.87723,10,482,1139,30.000000:45.000000,1301,True,11,4,1302,0.737691,4.82515,0,0.0125642,1301 1302 1361 -1
GCP,adapt_p60-00000000000001_a90-0_32_map.h5,6.43959,10,113,1087,30.000000:90.000000,1309,False,81,4,1311,0.350328,5.46554,0,0.0132286,1427 1311 1249 -1
GCP,adapt_p48-18968510422141_a78-75_289_map.h5,5.85426,10,437,1400,41.810314:78.750000,1478,True,14,4,1423,0.785301,4.80092,0,0.0125564,1478 1424 1423 -1
GCP,adapt_p60-00000000000001_a337-49999999999994_551_map.h5,7.85036,10,389,761,30.000000:337.500000,1350,True,15,5,1350,0.971504,7.29972,0,0.0124445,1407 1408 1350 1351 -1
GCP,adapt_p60-00000000000001_a90-0_233_map.h5,8.88525,10,349,357,30.000000:90.000000,1309,True,11,6,1309,0.999875,8.26911,0,0.0125348,1247 1247 1246 1309 1310 -1
GCP,adapt_p70-52877936550931_a236-25_464_map.h5,7.79419,10,201,809,19.471220:236.250000,1209,True,22,5,1273,0.869132,7.264,0,0.0126066,1209 1210 1273 1272 -1
GCP,adapt_p48-18968510422141_a101-24999999999999_289_map.h5,5.8673,10,521,1542,41.810314:101.250000,1481,False,13,4,1480,0.871714,4.82148,0,0.0124996,1427 1426 1480 -1
GCP,adapt_p80-40593177313954_a157-5_599_map.h5,6.76231,10,166,1116,9.594069:157.500000,1063,True,29,4,1063,0.814847,4.91714,0,0.0124945,1062 1063 1064 -1
GCP,adapt_p70-52877936550931_a168-74999999999997_318_map.h5,5.86024,10,515,1435,19.471220:168.750000,1197,False,13,4,1130,0.916004,4.80497,0,0.0125627,1129 1130 1064 -1
GCP,adapt_p11-715852394892384_a45-0_86_map.h5,6.74533,10,194,1182,78.284149:45.000000,1766,False,35,5,1793,0.679892,6.25184,0,0.0124872,1782 1792 1793 1794 -1
GCP,adapt_p70-52877936550931_a146-25_583_map.h5,7.78426,10,315,808,19.471220:146.250000,1193,True,27,5,1193,0.786513,7.41021,0,0.0125461,1191 1255 1256 1193 -1
GCP,adapt_p60-00000000000001_a247-49999999999997_7_map.h5,6.74256,10,99,769,30.000000:247.500000,1335,False,191,3,1463,0.217947,5.43134,0,0.0170565,1613 1463 -1
GCP,adapt_p60-00000000000001_a45-0_598_map.h5,8.86495,10,427,409,30.000000:45.000000,1301,True,15,6,1302,0.992767,8.26563,0,0.0128602,1360 1360 1361 1302 1301 -1
GCP,adapt_p35-659087696138755_a315-0_164_map.h5,7.44639,10,104,708,54.340912:315.000000,1605,False,82,4,1561,0.375858,5.86603,0,0.013426,1644 1561 1562 -1
GCP,adapt_p35-659087696138755_a75-0_23_map.h5,7.67805,10,198,727,54.340912:75.000000,1576,False,44,4,1531,0.591306,5.373,0,0.0127448,1533 1480 1531 -1
GCP,adapt_p35-659087696138755_a14-999999999999998_80_map.h5,5.81732,10,393,1454,54.340912:15.000000,1568,True,17,4,1521,0.837755,4.8295,0,0.0125014,1522 1521 1568 -1
GCP,adapt_p70-52877936550931_a303-75_270_map.h5,6.86731,10,570,1114,19.471220:303.750000,1221,True,12,5,1221,0.988535,5.86232,0,0.0124858,1284 1284 1221 1222 -1
GCP,adapt_p23-556464309101234_a247-49999999999997_513_map.h5,7.88514,10,599,683,66.443535:247.500000,1708,True,11,5,1709,0.979812,5.8013,0,0.0126589,1710 1710 1709 1708 -1
GCP,adapt_p80-40593177313954_a270-0_174_map.h5,5.81128,10,397,1532,9.594069:270.000000,1084,False,22,4,1085,0.695566,4.91093,0,0.0125368,1019 1086 1085 -1
GCP,adapt_p35-659087696138755_a224-99999999999997_578_map.h5,5.85339,10,516,1513,54.340912:225.000000,1594,True,15,4,1636,0.949495,4.77778,0,0.0124317,1593 1594 1636 -1
GCP,adapt_p23-556464309101234_a22-5_106_map.h5,7.85939,10,600,824,66.443535:22.500000,1689,True,9,5,1689,0.986918,7.28866,0,0.0124209,1652 1653 1689 1652 -1
GCP,adapt_p60-00000000000001_a270-0_391_map.h5,8.89011,10,687,344,30.000000:270.000000,1339,True,8,6,1339,0.999905,8.24202,0,0.0126904,1397 1397 1396 1338 1339 -1
GCP,adapt_p35-659087696138755_a344-99999999999994_303_map.h5,7.88109,10,536,751,54.340912:345.000000,1609,True,10,5,1609,0.998815,5.81146,0,0.0127168,1649 1649 1608 1609 -1
GCP,adapt_p23-556464309101234_a112-5_136_map.h5,8.88633,10,421,354,66.443535:112.500000,1697,True,11,6,1696,0.992327,8.37028,0,0.0124739,1725 1725 1695 1696 1697 -1
GCP,adapt_p70-52877936550931_a236-25_413_map.h5,7.85311,10,390,748,19.471220:236.250000,1209,True,16,5,1209,0.973559,7.27417,0,0.0127187,1143 1144 1209 1210 -1
GCP,adapt_p60-00000000000001_a315-0_164_map.h5,7.88143,10,545,752,30.000000:315.000000,1346,True,10,5,1404,0.993204,7.3674,0,0.0123832,1347 1346 1404 1347 -1
GCP,adapt_p60-00000000000001_a135-0_467_map.h5,7.87829,10,410,754,30.000000:135.000000,1316,False,11,5,1376,0.979148,5.8263,0,0.0125233,1317 1317 1376 1375 -1
GCP,adapt_p80-40593177313954_a67-5_540_map.h5,7.563,10,151,776,9.594069:67.500000,1047,False,57,4,1141,0.509998,6.03316,0,0.0128119,1078 1141 1140 -1
GCP,adapt_p23-556464309101234_a67-5_381_map.h5,5.72102,10,306,1527,66.443535:67.500000,1693,False,37,4,1724,0.766502,4.75694,0,0.012791,1723 1724 1695 -1
GCP,adapt_p60-00000000000001_a135-0_64_map.h5,6.86981,10,572,1164,30.000000:135.000000,1316,True,11,5,1375,0.963385,5.81935,0,0.0130006,1316 1316 1375 1376 -1
GCP,adapt_p80-40593177313954_a45-0_12_map.h5,7.8357,10,266,732,9.594069:45.000000,1042,False,16,5,907,0.904093,7.33667,0,0.0131122,906 907 974 975 -1
GCP,adapt_p70-52877936550931_a33-75_589_map.h5,7.8204,10,352,724,19.471220:33.750000,1173,False,19,5,1235,0.935735,7.31299,0,0.0124103,1172 1236 1235 1298 -1
GCP,adapt_p80-40593177313954_a247-49999999999997_598_map.h5,7.49062,10,106,763,9.594069:247.500000,1080,False,67,5,1011,0.737967,7.49642,0,0.0131765,1143 1078 1011 1079 -1
GCP,adapt_p70-52877936550931_a326-24999999999994_270_map.h5,7.89131,10,613,736,19.471220:326.250000,1225,True,9,5,1225,0.966467,5.92212,0,0.0124858,1226 1226 1161 1225 -1
GCP,adapt_p35-659087696138755_a14-999999999999998_390_map.h5,8.89815,10,732,413,54.340912:15.000000,1568,True,6,6,1568,0.999999,8.25216,0,0.0126348,1613 1613 1612 1568 1569 -1
GCP,adapt_p70-52877936550931_a11-25_157_map.h5,7.85004,10,431,787,19.471220:11.250000,1169,True,15,5,1169,0.910092,7.34874,0,0.0127932,1103 1102 1168 1169 -1
GCP,adapt_p60-00000000000001_a45-0_276_map.h5,7.8782,10,591,711,30.000000:45.000000,1301,True,12,5,1301,0.982243,5.8133,0,0.0125725,1238 1238 1301 1302 -1
GCP,adapt_p80-40593177313954_a224-99999999999997_440_map.h5,5.83625,10,154,1100,9.594069:225.000000,1076,False,167,4,1085,0.198445,5.37917,0,0.0154152,1216 1085 1084 -1
GCP,adapt_p60-00000000000001_a112-49999999999999_570_map.h5,8.81923,10,271,338,30.000000:112.500000,1313,False,22,5,1371,0.886912,7.19204,0,0.0125674,1428 1370 1371 1312 -1
GCP,adapt_p35-659087696138755_a105-0_69_map.h5,7.84416,10,432,776,54.340912:105.000000,1579,True,13,5,1580,0.996666,7.22666,0,0.01264,1622 1623 1580 1579 -1
GCP,adapt_p60-00000000000001_a0-0_270_map.h5,7.86946,10,393,725,30.000000:0.000000,1294,True,14,5,1354,0.976376,7.3293,0,0.0133405,1355 1354 1295 1294 -1
GCP,adapt_p48-18968510422141_a146-25_543_map.h5,8.79904,10,133,379,41.810314:146.250000,1488,True,25,5,1487,0.83419,7.25275,0,0.0127602,1435 1434 1487 1488 -1
GCP,adapt_p70-52877936550931_a213-75_473_map.h5,5.27293,10,115,1007,19.471220:213.750000,1205,False,275,3,1328,0.171084,4.70046,0,0.0197485,1068 1328 -1
GCP,adapt_p80-40593177313954_a135-0_335_map.h5,7.84419,10,344,725,9.594069:135.000000,1059,True,16,5,1059,0.942485,7.26509,0,0.0126375,1126 1060 1059 1058 -1
GCP,adapt_p23-556464309101234_a337-5_60_map.h5,8.88219,10,545,407,66.443535:337.500000,1716,True,11,6,1716,0.994288,8.14184,0,0.0125945,1742 1742 1716 1717 1685 -1
GCP,adapt_p35-659087696138755_a75-0_486_map.h5,7.7642,10,152,780,54.340912:75.000000,1576,False,27,5,1529,0.870616,7.16948,0,0.0126107,1423 1477 1529 1528 -1
GCP,adapt_p48-18968510422141_a326-24999999999994_431_map.h5,7.03223,10,71,797,41.810314:326.250000,1514,False,146,4,1513,0.250953,6.79195,0,0.0144919,1466 1513 1461 -1
GCP,adapt_p35-659087696138755_a105-0_292_map.h5,8.78315,10,170,359,54.340912:105.000000,1579,True,28,5,1579,0.816956,7.2167,0,0.0126437,1535 1581 1580 1579 -1
GCP,adapt_p60-00000000000001_a270-0_141_map.h5,7.86618,10,583,702,30.000000:270.000000,1339,True,13,5,1339,0.9801,7.2395,0,0.0126347,1396 1397 1339 1338 -1
GCP,adapt_p80-40593177313954_a22-5_127_map.h5,4.88759,10,78,1126,9.594069:22.500000,1038,False,317,2,971,0,0.0230692,0,0.0230692,1596 -1
GCP,adapt_p60-00000000000001_a180-0_143_map.h5,7.79091,10,262,748,30.000000:180.000000,1324,True,24,5,1263,0.836,7.25177,0,0.0128895,1383 1324 1325 1263 -1
GCP,adapt_p60-00000000000001_a157-5_592_map.h5,8.8973,10,563,356,30.000000:157.500000,1320,True,8,6,1320,0.999992,8.26401,0,0.0125027,1321 1321 1320 1258 1259 -1
GCP,adapt_p60-00000000000001_a90-0_251_map.h5,8.6788,10,138,360,30.000000:90.000000,1309,False,47,5,1427,0.578072,7.3849,0,0.0130141,1425 1368 1369 1427 -1
GCP,adapt_p80-40593177313954_a0-0_31_map.h5,7.78286,10,304,737,9.594069:0.000000,1034,False,27,5,1101,0.776852,7.35609,0,0.0129296,1231 1167 1101 1168 -1
GCP,adapt_p35-659087696138755_a255-00000000000003_295_map.h5,7.75572,10,255,776,54.340912:255.000000,1598,True,30,4,1598,0.77548,5.27723,0,0.0130907,1641 1598 1597 -1
GCP,adapt_p35-659087696138755_a315-0_241_map.h5,5.85269,10,332,1535,54.340912:315.000000,1605,False,15,4,1682,0.890133,4.75285,0,0.0131181,1681 1682 1646 -1
GCP,adapt_p70-52877936550931_a303-75_266_map.h5,8.88597,10,551,391,19.471220:303.750000,1221,True,12,6,1221,0.99667,8.21538,0,0.0128249,1283 1283 1220 1221 1156 -1
GCP,adapt_p48-18968510422141_a281-24999999999994_313_map.h5,5.42868,10,144,1576,41.810314:281.250000,1507,False,82,4,1458,0.358782,5.38276,0,0.0131146,1460 1458 1510 -1
GCP,adapt_p60-00000000000001_a180-0_309_map.h5,6.5959,10,158,1075,30.000000:180.000000,1324,True,56,4,1261,0.474621,5.69371,0,0.0129302,1200 1324 1261 -1
GCP,adapt_p80-40593177313954_a135-0_158_map.h5,7.80109,10,330,792,9.594069:135.000000,1059,False,25,5,1125,0.842694,7.28383,0,0.0127143,1190 1191 1125 1126 -1
GCP,adapt_p80-40593177313954_a45-0_202_map.h5,6.86119,10,651,1084,9.594069:45.000000,1042,True,13,4,1042,0.961121,4.86381,0,0.0126219,1109 1043 1042 -1
GCP,adapt_p48-18968510422141_a191-25_88_map.h5,7.82309,10,271,724,41.810314:191.250000,1494,True,19,5,1494,0.870512,7.27931,0,0.0127381,1545 1494 1495 1442 -1
GCP,adapt_p35-659087696138755_a45-0_205_map.h5,7.83835,10,299,762,54.340912:45.000000,1572,True,18,5,1573,0.969451,7.12385,0,0.0124393,1616 1572 1573 1526 -1
GCP,adapt_p60-00000000000001_a90-0_478_map.h5,7.82094,10,272,723,30.000000:90.000000,1309,True,20,5,1309,0.840564,7.28842,0,0.0128773,1183 1246 1309 1247 -1
GCP,adapt_p60-00000000000001_a67-5_53_map.h5,7.86812,10,426,827,30.000000:67.500000,1305,True,12,5,1305,0.978501,7.40156,0,0.0136764,1304 1305 1364 1304 -1
GCP,adapt_p70-52877936550931_a33-75_393_map.h5,6.44678,10,118,1120,19.471220:33.750000,1173,False,71,4,1299,0.658063,5.50746,0,0.0130449,1297 1299 1300 -1
GCP,adapt_p70-52877936550931_a146-25_441_map.h5,7.6671,10,226,682,19.471220:146.250000,1193,True,44,4,1193,0.630083,5.74563,0,0.0126987,1377 1193 1127 -1
GCP,adapt_p48-18968510422141_a123-74999999999999_480_map.h5,6.42328,10,163,1090,41.810314:123.750000,1484,False,84,4,1313,0.27094,4.82861,0,0.0135362,1429 1372 1313 -1
GCP,adapt_p70-52877936550931_a78-75_167_map.h5,5.87133,10,653,1393,19.471220:78.750000,1181,True,12,5,1181,0.990825,5.84188,0,0.012467,1244 1244 1181 1180 -1
GCP,adapt_p60-00000000000001_a292-5_156_map.h5,6.77594,10,407,1183,30.000000:292.500000,1343,False,25,4,1281,0.654133,5.35271,0,0.012882,1399 1280 1281 -1
GCP,adapt_p23-556464309101234_a157-5_208_map.h5,7.84833,10,343,791,66.443535:157.500000,1701,True,16,5,1701,0.942972,7.17129,0,0.0124675,1729 1701 1700 1666 -1
GCP,adapt_p48-18968510422141_a326-24999999999994_58_map.h5,6.85977,10,500,1176,41.810314:326.250000,1514,True,14,5,1514,0.881498,5.95682,0,0.0130371,1513 1513 1562 1514 -1
GCP,adapt_p11-715852394892384_a315-0_92_map.h5,8.89799,10,784,386,78.284149:315.000000,1778,True,7,6,1762,0.999996,8.0405,0,0.0128177,1778 1778 1779 1763 1762 -1
GCP,adapt_p23-556464309101234_a202-5_141_map.h5,8.835,10,184,389,66.443535:202.500000,1704,True,20,5,1704,0.876138,7.28093,0,0.0128013,1703 1704 1705 1732 -1
GCP,adapt_p60-00000000000001_a135-0_416_map.h5,8.88502,10,571,378,30.000000:135.000000,1316,True,10,6,1317,0.999914,8.29655,0,0.0127796,1254 1254 1255 1317 1316 -1
GCP,adapt_p48-18968510422141_a33-75_102_map.h5,7.44771,10,137,797,41.810314:33.750000,1471,False,81,4,1301,0.252068,6.0311,0,0.0131092,1421 1301 1238 -1
GCP,adapt_p35-659087696138755_a135-0_486_map.h5,8.72617,10,130,375,54.340912:135.000000,1583,True,38,5,1583,0.710002,8.12882,0,0.0126314,1486 1626 1583 1584 -1
GCP,adapt_p60-00000000000001_a202-49999999999997_80_map.h5,5.84815,10,419,1461,30.000000:202.500000,1328,True,14,5,1328,0.962005,5.86001,0,0.0126605,1386 1386 1328 1327 -1
GCP,adapt_p48-18968510422141_a258-75_305_map.h5,7.8895,10,672,704,41.810314:258.750000,1504,True,9,5,1504,0.996252,7.63779,0,0.0133088,1503 1504 1452 1503 -1
GCP,adapt_p48-18968510422141_a168-74999999999997_49_map.h5,7.45045,10,85,817,41.810314:168.750000,1491,False,77,4,1437,0.582556,5.55625,0,0.0133796,1493 1438 1437 -1
GCP,adapt_p48-18968510422141_a191-25_228_map.h5,8.90011,10,837,386,41.810314:191.250000,1494,True,9,6,1494,0.999966,8.17231,0,0.0127366,1545 1545 1495 1494 1441 -1
GCP,adapt_p23-556464309101234_a112-5_10_map.h5,8.88686,10,440,385,66.443535:112.500000,1697,True,10,6,1726,0.999976,8.13492,0,0.0129239,1697 1697 1696 1725 1726 -1
GCP,adapt_p48-18968510422141_a78-75_195_map.h5,7.70825,10,108,784,41.810314:78.750000,1478,False,41,4,1479,0.588843,5.45482,0,0.0125589,1477 1479 1480 -1
GCP,adapt_p48-18968510422141_a281-24999999999994_115_map.h5,5.79325,10,275,1498,41.810314:281.250000,1507,False,23,4,1455,0.763117,5.38276,0,0.0125484,1557 1455 1454 -1
GCP,adapt_p70-52877936550931_a303-75_513_map.h5,6.87138,10,639,1119,19.471220:303.750000,1221,True,11,4,1221,0.973558,4.82216,0,0.0124114,1222 1221 1156 -1
GCP,adapt_p23-556464309101234_a292-5_317_map.h5,7.88719,10,538,789,66.443535:292.500000,1712,True,12,5,1713,0.994506,5.78263,0,0.0126163,1681 1681 1713 1712 -1
GCP,adapt_p35-659087696138755_a105-0_500_map.h5,8.86138,10,328,391,54.340912:105.000000,1579,True,11,6,1579,0.990285,8.20325,0,0.0124152,1623 1623 1580 1579 1533 -1
GCP,adapt_p80-40593177313954_a180-0_329_map.h5,7.82327,10,367,745,9.594069:180.000000,1067,False,20,5,1068,0.893028,7.25677,0,0.012543,1133 1134 1068 1069 -1
GCP,adapt_p80-40593177313954_a157-5_493_map.h5,8.86855,10,410,389,9.594069:157.500000,1063,True,13,6,1063,0.982377,8.44083,0,0.01223,1062 1062 1129 1063 1064 -1
GCP,adapt_p80-40593177313954_a112-49999999999999_358_map.h5,8.89034,10,549,379,9.594069:112.500000,1055,True,8,6,988,0.99997,8.37434,0,0.013449,987 987 988 1056 1055 -1
GCP,adapt_p80-40593177313954_a135-0_523_map.h5,7.86988,10,463,746,9.594069:135.000000,1059,True,12,5,1059,0.895102,5.90572,0,0.0129207,1060 1060 992 1059 -1
GCP,adapt_p35-659087696138755_a224-99999999999997_62_map.h5,7.64787,10,181,786,54.340912:225.000000,1594,False,47,4,1636,0.532367,5.6648,0,0.0129575,1638 1636 1672 -1
GCP,adapt_p60-00000000000001_a337-49999999999994_211_map.h5,7.83539,10,401,760,30.000000:337.500000,1350,False,19,5,1352,0.90085,7.30506,0,0.0124059,1290 1291 1352 1351 -1
GCP,adapt_p80-40593177313954_a224-99999999999997_240_map.h5,7.86863,10,552,712,9.594069:225.000000,1076,True,13,5,1076,0.971439,7.26717,0,0.013179,1077 1076 1075 1141 -1
GCP,adapt_p60-00000000000001_a67-5_432_map.h5,5.86645,10,578,1496,30.000000:67.500000,1305,True,11,5,1305,0.991803,5.80329,0,0.0123503,1242 1242 1305 1306 -1
GCP,adapt_p23-556464309101234_a247-49999999999997_42_map.h5,5.73115,10,276,1507,66.443535:247.500000,1708,False,37,4,1775,0.806512,5.18502,0,0.0126679,1772 1774 1775 -1
GCP,adapt_p80-40593177313954_a337-49999999999994_507_map.h5,7.85238,10,577,808,9.594069:337.500000,1097,True,14,5,1162,0.850393,7.33589,0,0.0124363,1163 1162 1096 1097 -1
GCP,adapt_p60-00000000000001_a67-5_484_map.h5,7.57951,10,181,723,30.000000:67.500000,1305,False,58,4,1366,0.40967,5.68747,0,0.0133076,1422 1306 1366 -1
GCP,adapt_p48-18968510422141_a326-24999999999994_435_map.h5,4.55851,10,114,1123,41.810314:326.250000,1514,False,375,2,1278,0,0.0282069,0,0.0282069,1547 -1
GCP,adapt_p35-659087696138755_a344-99999999999994_413_map.h5,8.87608,10,409,388,54.340912:345.000000,1609,True,13,6,1565,0.991661,8.25712,0,0.0127293,1564 1564 1565 1609 1608 -1
GCP,adapt_p48-18968510422141_a281-24999999999994_174_map.h5,8.88236,10,356,395,41.810314:281.250000,1507,False,12,6,1456,0.999016,8.14735,0,0.0124341,1399 1399 1455 1456 1508 -1
GCP,adapt_p60-00000000000001_a180-0_440_map.h5,8.87933,10,440,409,30.000000:180.000000,1324,True,11,6,1324,0.990286,8.24546,0,0.0124649,1325 1325 1324 1262 1263 -1
GCP,adapt_p23-556464309101234_a247-49999999999997_471_map.h5,5.61867,10,116,1170,66.443535:247.500000,1708,False,211,3,1734,0.34185,5.01407,0,0.0169768,1765 1734 -1
GCP,adapt_p60-00000000000001_a337-49999999999994_372_map.h5,5.86184,10,551,1458,30.000000:337.500000,1350,True,13,4,1350,0.882356,4.87322,0,0.012963,1409 1351 1350 -1
GCP,adapt_p60-00000000000001_a67-5_591_map.h5,5.86545,10,548,1454,30.000000:67.500000,1305,True,13,4,1364,0.973594,4.79874,0,0.012353,1363 1364 1305 -1
GCP,adapt_p80-40593177313954_a90-0_379_map.h5,5.59267,10,192,1498,9.594069:90.000000,1051,True,52,4,1051,0.624972,5.44433,0,0.0131418,918 1052 1051 -1
GCP,adapt_p70-52877936550931_a348-74999999999994_287_map.h5,7.85394,10,311,740,19.471220:348.750000,1229,True,15,5,1229,0.954575,7.34517,0,0.0128647,1164 1165 1230 1229 -1
GCP,adapt_p60-00000000000001_a0-0_129_map.h5,8.87854,10,477,322,30.000000:0.000000,1294,True,12,6,1294,0.999155,8.35136,0,0.0122764,1293 1293 1353 1411 1294 -1
GCP,adapt_p70-52877936550931_a146-25_515_map.h5,7.85443,10,378,788,19.471220:146.250000,1193,True,14,5,1193,0.950591,7.27199,0,0.0123614,1256 1193 1127 1192 -1
GCP,adapt_p35-659087696138755_a224-99999999999997_527_map.h5,7.88915,10,581,803,54.340912:225.000000,1594,True,9,5,1594,0.975509,5.77885,0,0.012664,1636 1636 1594 1593 -1
GCP,adapt_p80-40593177313954_a247-49999999999997_401_map.h5,6.86819,10,436,1134,9.594069:247.500000,1080,True,13,4,1080,0.80186,4.9045,0,0.0126051,1012 1080 1013 -1
GCP,adapt_p48-18968510422141_a146-25_82_map.h5,5.80203,10,405,1458,41.810314:146.250000,1488,False,22,4,1489,0.676958,5.12935,0,0.0127789,1435 1489 1539 -1
GCP,adapt_p23-556464309101234_a292-5_263_map.h5,5.78338,10,218,1507,66.443535:292.500000,1712,False,27,4,1737,0.779981,4.7803,0,0.0134331,1736 1737 1738 -1
GCP,adapt_p48-18968510422141_a326-24999999999994_490_map.h5,5.84245,10,464,1511,41.810314:326.250000,1514,False,17,4,1462,0.936316,4.80352,0,0.0123609,1513 1461 1462 -1
GCP,adapt_p60-00000000000001_a90-0_174_map.h5,8.88905,10,435,374,30.000000:90.000000,1309,True,10,6,1368,0.998044,8.24166,0,0.0127325,1369 1369 1368 1309 1310 -1
GCP,adapt_p60-00000000000001_a90-0_46_map.h5,5.74288,10,228,1565,30.000000:90.000000,1309,False,32,4,1369,0.71205,5.08191,0,0.012866,1311 1369 1368 -1
GCP,adapt_p80-40593177313954_a180-0_583_map.h5,8.88297,10,553,355,9.594069:180.000000,1067,True,12,6,1068,0.999378,8.58641,0,0.0128206,1134 1134 1067 1068 1069 -1
GCP,adapt_p35-659087696138755_a14-999999999999998_446_map.h5,8.89832,10,661,381,54.340912:15.000000,1568,True,9,6,1568,0.999984,8.43293,0,0.0125004,1521 1521 1569 1568 1520 -1
GCP,adapt_p48-18968510422141_a56-24999999999999_327_map.h5,7.8813,10,529,768,41.810314:56.250000,1475,True,11,5,1475,0.921932,7.44533,0,0.0125009,1476 1475 1421 1476 -1
GCP,adapt_p80-40593177313954_a180-0_591_map.h5,7.83571,10,461,735,9.594069:180.000000,1067,True,16,4,1068,0.919968,4.91127,0,0.0131091,1000 1068 1067 -1
GCP,adapt_p11-715852394892384_a315-0_190_map.h5,8.89545,10,598,358,78.284149:315.000000,1778,True,7,6,1762,0.999979,8.03788,0,0.0123766,1763 1763 1779 1778 1762 -1
GCP,adapt_p48-18968510422141_a101-24999999999999_420_map.h5,6.77517,10,276,1108,41.810314:101.250000,1481,False,29,4,1427,0.84249,4.81568,0,0.0126371,1368 1426 1427 -1
GCP,adapt_p70-52877936550931_a281-24999999999994_342_map.h5,2.58777,10,62,1077,19.471220:281.250000,1217,False,703,2,1132,0,0.0596863,0,0.0596863,1552 -1
GCP,adapt_p48-18968510422141_a191-25_140_map.h5,8.88927,10,668,360,41.810314:191.250000,1494,True,11,6,1494,0.991107,8.38914,0,0.0125604,1493 1493 1441 1494 1544 -1
GCP,adapt_p70-52877936550931_a213-75_146_map.h5,6.87853,10,650,1096,19.471220:213.750000,1205,True,12,5,1205,0.994065,5.81413,0,0.0133323,1268 1268 1205 1206 -1
GCP,adapt_p48-18968510422141_a78-75_347_map.h5,7.8564,10,391,804,41.810314:78.750000,1478,True,12,5,1529,0.984472,7.31581,0,0.0124106,1478 1477 1529 1478 -1
GCP,adapt_p70-52877936550931_a236-25_401_map.h5,7.87473,10,526,658,19.471220:236.250000,1209,True,11,5,1209,0.986612,7.40752,0,0.0130793,1210 1209 1144 1210 -1
GCP,adapt_p60-00000000000001_a337-49999999999994_10_map.h5,8.8877,10,489,414,30.000000:337.500000,1350,True,11,6,1350,0.999885,8.31379,0,0.0131045,1408 1408 1409 1351 1350 -1
GCP,adapt_p60-00000000000001_a112-49999999999999_178_map.h5,7.87019,10,401,764,30.000000:112.500000,1313,True,15,5,1371,0.840417,7.24514,0,0.0126246,1372 1371 1312 1313 -1
GCP,adapt_p60-00000000000001_a45-0_424_map.h5,8.90244,10,701,359,30.000000:45.000000,1301,True,7,6,1301,0.999991,8.27237,0,0.0133757,1302 1302 1301 1360 1361 -1
GCP,adapt_p60-00000000000001_a22-5_36_map.h5,7.83915,10,235,799,30.000000:22.500000,1298,False,17,5,1234,0.94161,7.36826,0,0.0136857,1233 1234 1235 1171 -1
GCP,adapt_p60-00000000000001_a270-0_374_map.h5,5.32255,10,69,1095,30.000000:270.000000,1339,False,250,3,1450,0.317757,3.36863,0,0.0185999,1274 1450 -1
GCP,adapt_p80-40593177313954_a337-49999999999994_465_map.h5,8.89507,10,581,382,9.594069:337.500000,1097,True,8,6,1096,0.999827,8.40638,0,0.0127091,1162 1162 1097 1096 1161 -1
GCP,adapt_p70-52877936550931_a213-75_371_map.h5,6.85227,10,516,1122,19.471220:213.750000,1205,False,15,4,1269,0.821644,4.80181,0,0.012534,1268 1269 1206 -1
GCP,adapt_p60-00000000000001_a247-49999999999997_97_map.h5,4.86773,10,149,1576,30.000000:247.500000,1335,False,167,2,1149,0,0.015008,0,0.015008,1448 -1
GCP,adapt_p60-00000000000001_a315-0_369_map.h5,8.57881,10,164,361,30.000000:315.000000,1346,False,58,5,1406,0.712127,7.86599,0,0.0129895,1403 1405 1406 1348 -1
GCP,adapt_p48-18968510422141_a348-74999999999994_487_map.h5,5.77406,10,355,1513,41.810314:348.750000,1517,False,26,4,1465,0.817051,4.88112,0,0.0127359,1464 1465 1466 -1
GCP,adapt_p70-52877936550931_a101-24999999999999_479_map.h5,6.87966,10,585,1097,19.471220:101.250000,1185,True,11,5,1185,0.985735,5.81125,0,0.0131317,1119 1119 1185 1184 -1
GCP,adapt_p35-659087696138755_a224-99999999999997_262_map.h5,7.88819,10,510,759,54.340912:225.000000,1594,True,11,5,1636,0.996157,5.77003,0,0.0126018,1594 1594 1636 1635 -1
GCP,adapt_p35-659087696138755_a165-0_76_map.h5,6.82025,10,253,1114,54.340912:165.000000,1587,False,21,4,1629,0.841955,4.94372,0,0.0125497,1666 1629 1630 -1
GCP,adapt_p23-556464309101234_a202-5_4_map.h5,8.90021,10,687,375,66.443535:202.500000,1704,True,8,6,1704,0.99998,8.19656,0,0.0125835,1670 1670 1671 1705 1704 -1
GCP,adapt_p11-715852394892384_a315-0_263_map.h5,5.69185,10,268,1446,78.284149:315.000000,1778,False,42,4,1776,0.488466,5.10737,0,0.0129565,1734 1758 1776 -1
GCP,adapt_p11-715852394892384_a45-0_593_map.h5,8.88408,10,486,405,78.284149:45.000000,1766,True,10,6,1766,0.998438,8.04134,0,0.0126914,1746 1746 1766 1767 1747 -1
GCP,adapt_p70-52877936550931_a326-24999999999994_8_map.h5,7.64337,10,224,777,19.471220:326.250000,1225,False,49,4,1226,0.514921,5.47152,0,0.0134532,1291 1289 1226 -1
GCP,adapt_p80-40593177313954_a180-0_459_map.h5,4.65672,10,108,1502,9.594069:180.000000,1067,False,179,3,1207,0.282134,3.5939,0,0.0159561,1267 1207 -1
GCP,adapt_p48-18968510422141_a146-25_344_map.h5,8.87731,10,507,352,41.810314:146.250000,1488,True,11,6,1487,0.999024,8.24281,0,0.0124885,1434 1434 1435 1488 1487 -1
GCP,adapt_p23-556464309101234_a247-49999999999997_587_map.h5,7.60056,10,113,739,66.443535:247.500000,1708,False,58,5,1736,0.64897,7.12378,0,0.0132628,1734 1735 1736 1709 -1
GCP,adapt_p35-659087696138755_a14-999999999999998_296_map.h5,7.6956,10,146,722,54.340912:15.000000,1568,False,38,5,1651,0.606738,7.23261,0,0.0131924,1685 1686 1651 1687 -1
GCP,adapt_p70-52877936550931_a191-25_374_map.h5,7.75628,10,216,755,19.471220:191.250000,1201,True,31,5,1264,0.854371,7.1395,0,0.0125213,1325 1263 1264 1201 -1
GCP,adapt_p80-40593177313954_a337-49999999999994_373_map.h5,8.89501,10,649,410,9.594069:337.500000,1097,True,8,5,1097,0.996578,5.91832,0,0.0127773,1096 1096 1097 1098 -1
GCP,adapt_p80-40593177313954_a270-0_310_map.h5,8.88537,10,638,372,9.594069:270.000000,1084,True,9,6,1085,0.996289,8.28691,0,0.0124151,1151 1151 1150 1084 1085 -1
GCP,adapt_p70-52877936550931_a281-24999999999994_340_map.h5,7.86129,10,584,714,19.471220:281.250000,1217,True,13,5,1217,0.99498,7.18534,0,0.0125177,1152 1217 1216 1279 -1
GCP,adapt_p60-00000000000001_a0-0_520_map.h5,6.88202,10,575,1153,30.000000:0.000000,1294,True,9,5,1294,0.99022,5.90219,0,0.012771,1231 1231 1294 1295 -1
GCP,adapt_p23-556464309101234_a157-5_523_map.h5,7.86809,10,418,773,66.443535:157.500000,1701,True,13,5,1729,0.983955,7.15841,0,0.0137277,1700 1701 1729 1728 -1
GCP,adapt_p80-40593177313954_a315-0_495_map.h5,5.33134,10,134,1451,9.594069:315.000000,1093,False,101,3,1223,0.257915,3.46563,0,0.0134791,1283 1223 -1
GCP,adapt_p48-18968510422141_a326-24999999999994_376_map.h5,8.89174,10,459,382,41.810314:326.250000,1514,True,9,6,1513,0.994786,8.24247,0,0.0130649,1461 1461 1462 1514 1513 -1
GCP,adapt_p60-00000000000001_a22-5_469_map.h5,7.789,10,133,712,30.000000:22.500000,1298,True,25,5,1297,0.835023,7.25298,0,0.0127909,1357 1298 1297 1234 -1
GCP,adapt_p11-715852394892384_a45-0_121_map.h5,8.89699,10,704,377,78.284149:45.000000,1766,True,7,6,1766,0.999998,8.04148,0,0.0128271,1746 1746 1766 1767 1747 -1
GCP,adapt_p23-556464309101234_a202-5_110_map.h5,1.72881,10,17,312,66.443535:202.500000,1704,False,1800,2,1102,0,0.313706,0,0.313706,1211 -1
GCP,adapt_p70-52877936550931_a348-74999999999994_308_map.h5,8.89233,10,653,383,19.471220:348.750000,1229,True,8,6,1229,0.993008,8.34007,0,0.0134556,1292 1292 1291 1228 1229 -1
GCP,adapt_p70-52877936550931_a348-74999999999994_182_map.h5,7.8878,10,536,773,19.471220:348.750000,1229,True,10,5,1229,0.914337,5.90403,0,0.0129888,1292 1292 1229 1291 -1
GCP,adapt_p80-40593177313954_a292-5_221_map.h5,8.88021,10,573,377,9.594069:292.500000,1088,True,10,6,1088,0.997485,8.30094,0,0.0125995,1089 1089 1088 1154 1153 -1
GCP,adapt_p35-659087696138755_a285-0_109_map.h5,6.85631,10,540,1112,54.340912:285.000000,1601,False,13,4,1642,0.868872,4.84078,0,0.0125091,1641 1642 1643 -1
GCP,adapt_p70-52877936550931_a101-24999999999999_519_map.h5,8.88426,10,394,394,19.471220:101.250000,1185,True,12,6,1185,0.999819,8.26119,0,0.0125556,1120 1120 1119 1185 1186 -1
GCP,adapt_p48-18968510422141_a303-75_453_map.h5,7.86573,10,425,804,41.810314:303.750000,1510,True,15,5,1458,0.964815,7.21595,0,0.0130683,1509 1510 1458 1457 -1
GCP,adapt_p80-40593177313954_a0-0_445_map.h5,5.27665,10,73,772,9.594069:0.000000,1034,False,420,2,1102,0,0.0300268,0,0.0300268,1628 -1
GCP,adapt_p60-00000000000001_a337-49999999999994_124_map.h5,8.90249,10,567,380,30.000000:337.500000,1350,True,9,6,1351,0.999745,8.29256,0,0.0123074,1350 1350 1351 1290 1291 -1
GCP,adapt_p80-40593177313954_a135-0_75_map.h5,6.85222,10,461,1113,9.594069:135.000000,1059,False,16,4,1060,0.95558,4.81225,0,0.0125695,1126 1060 1061 -1
GCP,adapt_p70-52877936550931_a56-24999999999999_223_map.h5,7.7852,10,183,715,19.471220:56.250000,1177,False,27,5,1239,0.819558,7.31551,0,0.0125924,1174 1175 1176 1239 -1
GCP,adapt_p48-18968510422141_a236-25_321_map.h5,8.88896,10,412,372,41.810314:236.250000,1501,True,11,6,1500,0.998916,8.21951,0,0.0128413,1448 1448 1501 1500 1550 -1
GCP,adapt_p70-52877936550931_a258-75_20_map.h5,6.9851,10,132,372,19.471220:258.750000,1213,False,317,4,1753,0.181801,5.30126,0,0.0225633,1756 1754 1753 -1
GCP,adapt_p23-556464309101234_a202-5_166_map.h5,7.87027,10,512,709,66.443535:202.500000,1704,True,13,5,1705,0.978665,7.19551,0,0.012515,1672 1671 1705 1704 -1
GCP,adapt_p70-52877936550931_a101-24999999999999_190_map.h5,6.85229,10,448,1154,19.471220:101.250000,1185,False,15,5,1186,0.904114,5.82386,0,0.0125187,1250 1250 1187 1186 -1
GCP,adapt_p60-00000000000001_a90-0_56_map.h5,7.88526,10,641,777,30.000000:90.000000,1309,True,10,5,1309,0.997478,7.45636,0,0.0125367,1308 1309 1368 1308 -1
GCP,adapt_p80-40593177313954_a0-0_43_map.h5,7.87337,10,384,725,9.594069:0.000000,1034,True,15,5,1034,0.926485,5.91148,0,0.0124362,1033 1033 1034 1100 -1
GCP,adapt_p80-40593177313954_a202-49999999999997_32_map.h5,7.8512,10,411,768,9.594069:202.500000,1072,False,15,5,1071,0.976162,7.25832,0,0.0126195,1136 1137 1071 1070 -1
GCP,adapt_p60-00000000000001_a22-5_360_map.h5,5.81041,10,278,1556,30.000000:22.500000,1298,True,22,4,1298,0.795839,4.84066,0,0.0124194,1297 1298 1235 -1
GCP,adapt_p70-52877936550931_a168-74999999999997_104_map.h5,7.89434,10,605,733,19.471220:168.750000,1197,True,9,5,1197,0.983216,5.80879,0,0.0124589,1260 1260 1197 1196 -1
GCP,adapt_p35-659087696138755_a344-99999999999994_408_map.h5,8.87893,10,457,321,54.340912:345.000000,1609,True,11,6,1609,0.997006,8.22611,0,0.0128673,1650 1650 1649 1608 1609 -1
GCP,adapt_p11-715852394892384_a225-0_90_map.h5,5.86224,10,533,1512,78.284149:225.000000,1774,True,13,4,1775,0.877505,4.74008,0,0.0125569,1757 1774 1775 -1
GCP,adapt_p70-52877936550931_a146-25_326_map.h5,5.67317,10,253,1605,19.471220:146.250000,1193,False,43,4,1192,0.680745,5.52167,0,0.0126347,1194 1192 1191 -1
GCP,adapt_p70-52877936550931_a56-24999999999999_513_map.h5,7.78327,10,171,781,19.471220:56.250000,1177,True,25,5,1177,0.833077,7.29476,0,0.0125365,1242 1241 1178 1177 -1
GCP,adapt_p35-659087696138755_a105-0_19_map.h5,7.9044,10,653,725,54.340912:105.000000,1579,True,7,5,1579,0.996381,5.91142,0,0.0123902,1622 1622 1579 1623 -1
GCP,adapt_p70-52877936550931_a123-74999999999999_138_map.h5,6.2819,10,22,338,19.471220:123.750000,1189,False,454,3,1129,0.171564,4.46898,0,0.0324605,863 1129 -1
GCP,adapt_p80-40593177313954_a224-99999999999997_182_map.h5,6.84917,10,587,1113,9.594069:225.000000,1076,True,14,4,1075,0.947623,4.9108,0,0.0126472,1008 1076 1075 -1
GCP,adapt_p60-00000000000001_a90-0_497_map.h5,7.55388,10,112,721,30.000000:90.000000,1309,False,60,4,1187,0.573084,5.22727,0,0.0129432,1248 1186 1187 -1
GCP,adapt_p48-18968510422141_a191-25_520_map.h5,7.88738,10,533,708,41.810314:191.250000,1494,True,9,5,1441,0.994618,7.38806,0,0.0123941,1442 1441 1494 1442 -1
GCP,adapt_p48-18968510422141_a326-24999999999994_141_map.h5,7.89228,10,615,725,41.810314:326.250000,1514,False,7,5,1462,0.977166,5.92496,0,0.0125335,1461 1461 1513 1462 -1
GCP,adapt_p35-659087696138755_a344-99999999999994_311_map.h5,7.88724,10,627,761,54.340912:345.000000,1609,True,7,5,1609,0.992328,5.81129,0,0.0125546,1649 1649 1608 1609 -1
GCP,adapt_p70-52877936550931_a146-25_120_map.h5,8.86528,10,315,327,19.471220:146.250000,1193,True,15,6,1193,0.984501,8.25444,0,0.0125233,1255 1255 1256 1193 1192 -1
GCP,adapt_p48-18968510422141_a168-74999999999997_43_map.h5,6.86122,10,475,1091,41.810314:168.750000,1491,False,15,4,1490,0.798941,4.79603,0,0.0125905,1436 1437 1490 -1
GCP,adapt_p35-659087696138755_a105-0_366_map.h5,8.79992,10,222,374,54.340912:105.000000,1579,True,26,5,1623,0.791219,7.2271,0,0.012893,1624 1623 1580 1579 -1
GCP,adapt_p48-18968510422141_a33-75_22_map.h5,6.89544,10,633,1141,41.810314:33.750000,1471,True,8,5,1417,0.999224,5.81064,0,0.0123725,1471 1471 1417 1416 -1
GCP,adapt_p70-52877936550931_a348-74999999999994_585_map.h5,7.89292,10,662,792,19.471220:348.750000,1229,True,8,5,1165,0.998049,5.88188,0,0.0128942,1229 1229 1164 1165 -1
GCP,adapt_p23-556464309101234_a202-5_138_map.h5,7.87439,10,474,770,66.443535:202.500000,1704,True,10,5,1704,0.998302,7.25602,0,0.0124014,1705 1704 1732 1705 -1
GCP,adapt_p70-52877936550931_a281-24999999999994_117_map.h5,7.85637,10,388,780,19.471220:281.250000,1217,True,15,5,1216,0.915576,7.57946,0,0.0124357,1217 1216 1215 1151 -1
GCP,adapt_p60-00000000000001_a112-49999999999999_70_map.h5,6.57272,10,108,1134,30.000000:112.500000,1313,False,56,4,1186,0.605851,5.8064,0,0.0130918,1247 1119 1186 -1
GCP,adapt_p70-52877936550931_a258-75_365_map.h5,8.86024,10,441,360,19.471220:258.750000,1213,True,16,5,1214,0.943698,7.2848,0,0.0125647,1276 1213 1214 1215 -1
GCP,adapt_p80-40593177313954_a22-5_557_map.h5,8.65379,10,142,391,9.594069:22.500000,1038,False,45,5,1174,0.789423,7.80268,0,0.0130073,1039 1107 1173 1174 -1
GCP,adapt_p80-40593177313954_a270-0_472_map.h5,3.56847,10,68,1169,9.594069:270.000000,1084,False,551,2,1599,0,0.0418326,0,0.0418326,1585 -1
GCP,adapt_p70-52877936550931_a213-75_562_map.h5,6.74094,10,299,1078,19.471220:213.750000,1205,False,33,4,1141,0.61124,4.83261,0,0.0128602,1207 1142 1141 -1
GCP,adapt_p60-00000000000001_a45-0_306_map.h5,8.8892,10,553,373,30.000000:45.000000,1301,False,10,6,1302,0.998943,8.24661,0,0.0126056,1239 1239 1240 1303 1302 -1
GCP,adapt_p48-18968510422141_a56-24999999999999_157_map.h5,7.87033,10,513,737,41.810314:56.250000,1475,False,11,5,1420,0.99458,5.79173,0,0.0134466,1474 1474 1420 1421 -1
GCP,adapt_p80-40593177313954_a315-0_360_map.h5,6.81518,10,227,1054,9.594069:315.000000,1093,True,22,4,1093,0.647516,4.9108,0,0.0126385,1024 1092 1093 -1
GCP,adapt_p60-00000000000001_a22-5_49_map.h5,6.84432,10,370,1182,30.000000:22.500000,1298,False,15,5,1358,0.948073,5.88819,0,0.0125267,1357 1357 1358 1359 -1
GCP,adapt_p48-18968510422141_a123-74999999999999_369_map.h5,7.88195,10,529,740,41.810314:123.750000,1484,True,11,5,1485,0.985204,7.32914,0,0.0128246,1431 1484 1485 1431 -1
GCP,adapt_p23-556464309101234_a202-5_63_map.h5,8.8882,10,723,341,66.443535:202.500000,1704,True,7,6,1732,0.999964,8.17991,0,0.0125908,1704 1704 1732 1733 1705 -1
GCP,adapt_p35-659087696138755_a195-0_277_map.h5,6.8754,10,625,1082,54.340912:195.000000,1590,True,10,4,1633,0.97956,4.81187,0,0.0124081,1590 1591 1633 -1
GCP,adapt_p70-52877936550931_a326-24999999999994_596_map.h5,5.76019,10,396,1498,19.471220:326.250000,1225,False,30,4,1160,0.642154,5.47792,0,0.0126112,1223 1160 1161 -1
GCP,adapt_p35-659087696138755_a255-00000000000003_394_map.h5,5.69921,10,210,1556,54.340912:255.000000,1598,True,37,4,1598,0.64422,4.97647,0,0.0126056,1638 1597 1598 -1
GCP,adapt_p80-40593177313954_a180-0_306_map.h5,8.80191,10,247,406,9.594069:180.000000,1067,False,26,5,1134,0.840798,7.57242,0,0.0128922,1263 1199 1133 1134 -1
GCP,adapt_p48-18968510422141_a33-75_115_map.h5,5.77218,10,353,1481,41.810314:33.750000,1471,False,22,4,1416,0.839393,4.88202,0,0.013641,1415 1416 1417 -1
GCP,adapt_p35-659087696138755_a165-0_387_map.h5,7.8531,10,279,766,54.340912:165.000000,1587,True,16,5,1587,0.948571,7.24904,0,0.0126925,1586 1587 1630 1629 -1
GCP,adapt_p11-715852394892384_a225-0_81_map.h5,6.86859,10,493,1102,78.284149:225.000000,1774,True,11,5,1774,0.982507,5.74154,0,0.0132223,1775 1775 1774 1757 -1
GCP,adapt_p48-18968510422141_a78-75_505_map.h5,7.8665,10,520,746,41.810314:78.750000,1478,True,13,5,1478,0.989845,7.22751,0,0.0123028,1477 1478 1424 1425 -1
GCP,adapt_p70-52877936550931_a303-75_592_map.h5,6.88148,10,552,1151,19.471220:303.750000,1221,True,12,5,1220,0.964623,5.82004,0,0.0133248,1155 1155 1220 1221 -1
GCP,adapt_p11-715852394892384_a45-0_54_map.h5,8.8984,10,540,371,78.284149:45.000000,1766,True,8,6,1746,0.99974,8.08241,0,0.0123931,1766 1766 1746 1747 1767 -1
GCP,adapt_p35-659087696138755_a105-0_232_map.h5,7.43071,10,124,714,54.340912:105.000000,1579,False,82,2,1623,0,0.0131352,0,0.0131352,1462 -1
GCP,adapt_p70-52877936550931_a258-75_536_map.h5,5.85959,10,490,1526,19.471220:258.750000,1213,True,15,4,1213,0.678497,4.93506,0,0.0132269,1212 1275 1213 -1
GCP,adapt_p60-00000000000001_a270-0_77_map.h5,5.9009,10,118,748,30.000000:270.000000,1339,False,319,2,1566,0,0.0225126,0,0.0225126,1592 -1
GCP,adapt_p23-556464309101234_a22-5_209_map.h5,7.59685,10,81,757,66.443535:22.500000,1689,False,62,4,1745,0.531413,5.30528,0,0.0129573,1652 1719 1745 -1
GCP,adapt_p70-52877936550931_a101-24999999999999_513_map.h5,8.83038,10,182,388,19.471220:101.250000,1185,False,22,5,1187,0.939254,7.4929,0,0.0124662,1188 1187 1186 1250 -1
GCP,adapt_p70-52877936550931_a123-74999999999999_533_map.h5,7.83668,10,356,765,19.471220:123.750000,1189,True,18,5,1189,0.904548,7.40686,0,0.0131354,1188 1252 1189 1190 -1
GCP,adapt_p70-52877936550931_a146-25_304_map.h5,7.60624,10,129,740,19.471220:146.250000,1193,False,52,4,1317,0.587669,5.20751,0,0.0135667,1377 1317 1255 -1
GCP,adapt_p23-556464309101234_a337-5_436_map.h5,7.75924,10,352,725,66.443535:337.500000,1716,True,28,5,1716,0.818003,7.15566,0,0.0125803,1683 1684 1716 1715 -1
GCP,adapt_p48-18968510422141_a123-74999999999999_156_map.h5,6.85231,10,470,1104,41.810314:123.750000,1484,False,16,4,1485,0.745009,4.78417,0,0.0125026,1536 1485 1486 -1
GCP,adapt_p80-40593177313954_a337-49999999999994_168_map.h5,5.83008,10,417,1442,9.594069:337.500000,1097,False,18,4,1096,0.953162,4.88624,0,0.0127311,1162 1096 1095 -1
GCP,adapt_p70-52877936550931_a213-75_400_map.h5,6.85005,10,574,1072,19.471220:213.750000,1205,True,14,5,1205,0.881923,5.92076,0,0.012732,1204 1204 1139 1205 -1
GCP,adapt_p35-659087696138755_a315-0_359_map.h5,8.77643,10,165,353,54.340912:315.000000,1605,False,25,5,1510,0.884554,7.13666,0,0.0133708,1457 1509 1510 1559 -1
GCP,adapt_p11-715852394892384_a315-0_367_map.h5,6.85231,10,452,1181,78.284149:315.000000,1778,True,14,5,1762,0.907612,5.69515,0,0.0124996,1779 1779 1778 1762 -1
GCP,adapt_p60-00000000000001_a202-49999999999997_311_map.h5,7.05349,10,173,766,30.000000:202.500000,1328,False,132,3,1135,0.157419,5.12478,0,0.0142782,1269 1135 -1
GCP,adapt_p80-40593177313954_a224-99999999999997_77_map.h5,6.71511,10,241,1084,9.594069:225.000000,1076,False,35,4,1075,0.660103,4.91734,0,0.0127018,1073 1074 1075 -1
GCP,adapt_p80-40593177313954_a337-49999999999994_349_map.h5,6.85463,10,475,1116,9.594069:337.500000,1097,True,14,5,1097,0.973312,5.91222,0,0.0131736,1030 1030 1098 1097 -1
GCP,adapt_p60-00000000000001_a224-99999999999997_448_map.h5,8.7796,10,136,367,30.000000:225.000000,1331,False,29,5,1333,0.841149,7.39174,0,0.0131963,1272 1333 1391 1332 -1
GCP,adapt_p60-00000000000001_a157-5_226_map.h5,5.85944,10,387,1469,30.000000:157.500000,1320,True,16,4,1379,0.818662,4.85178,0,0.0123827,1378 1379 1320 -1
GCP,adapt_p35-659087696138755_a45-0_383_map.h5,5.75113,10,270,1488,54.340912:45.000000,1572,True,32,4,1571,0.635882,5.33833,0,0.0126746,1472 1571 1572 -1
GCP,adapt_p80-40593177313954_a0-0_175_map.h5,8.86719,10,497,378,9.594069:0.000000,1034,True,11,6,1099,0.998107,8.35875,0,0.01261,1165 1165 1099 1100 1034 -1
GCP,adapt_p70-52877936550931_a101-24999999999999_57_map.h5,8.8993,10,699,374,19.471220:101.250000,1185,True,9,6,1185,0.999924,8.45589,0,0.0124834,1184 1184 1119 1185 1186 -1
GCP,adapt_p60-00000000000001_a0-0_135_map.h5,6.88789,10,676,1101,30.000000:0.000000,1294,False,10,5,1411,0.991221,5.88702,0,0.0129225,1353 1353 1411 1410 -1
GCP,adapt_p70-52877936550931_a326-24999999999994_474_map.h5,6.8311,10,440,1238,19.471220:326.250000,1225,False,18,4,1226,0.599182,4.93815,0,0.0127053,1227 1226 1288 -1
GCP,adapt_p35-659087696138755_a14-999999999999998_457_map.h5,7.8742,10,449,725,54.340912:15.000000,1568,True,12,5,1568,0.998301,5.8132,0,0.0126176,1613 1613 1569 1568 -1
GCP,adapt_p11-715852394892384_a315-0_494_map.h5,7.8661,10,459,680,78.284149:315.000000,1778,True,13,5,1778,0.99275,7.05144,0,0.0126995,1790 1778 1779 1791 -1
GCP,adapt_p70-52877936550931_a168-74999999999997_77_map.h5,5.72114,10,376,1486,19.471220:168.750000,1197,False,34,4,1260,0.552412,5.07612,0,0.0126718,1323 1260 1259 -1
GCP,adapt_p48-18968510422141_a236-25_4_map.h5,7.79955,10,282,740,41.810314:236.250000,1501,True,24,5,1500,0.851168,7.30064,0,0.01322,1499 1500 1501 1448 -1
GCP,adapt_p23-556464309101234_a22-5_371_map.h5,7.87915,10,466,735,66.443535:22.500000,1689,True,12,5,1689,0.990806,5.76142,0,0.0126493,1653 1653 1689 1690 -1
GCP,adapt_p35-659087696138755_a285-0_188_map.h5,7.90026,10,715,775,54.340912:285.000000,1601,True,9,5,1601,0.998287,5.83727,0,0.0124991,1642 1642 1601 1602 -1
GCP,adapt_p48-18968510422141_a258-75_504_map.h5,7.81323,10,296,764,41.810314:258.750000,1504,True,23,5,1451,0.86111,7.24177,0,0.0125579,1554 1504 1503 1451 -1
GCP,adapt_p70-52877936550931_a146-25_597_map.h5,5.78907,10,327,1517,19.471220:146.250000,1193,True,24,4,1127,0.713468,5.10152,0,0.0137181,1062 1127 1193 -1
GCP,adapt_p48-18968510422141_a348-74999999999994_170_map.h5,5.82297,10,568,1458,41.810314:348.750000,1517,False,19,4,1465,0.869059,4.84975,0,0.0128382,1410 1409 1465 -1
GCP,adapt_p60-00000000000001_a22-5_354_map.h5,8.88403,10,529,376,30.000000:22.500000,1298,True,11,6,1357,0.999659,8.29779,0,0.0127998,1297 1297 1298 1357 1356 -1
GCP,adapt_p35-659087696138755_a195-0_66_map.h5,7.87773,10,555,745,54.340912:195.000000,1590,True,10,5,1591,0.998864,5.81335,0,0.0130555,1633 1633 1591 1590 -1
GCP,adapt_p60-00000000000001_a247-49999999999997_379_map.h5,8.8919,10,617,342,30.000000:247.500000,1335,True,10,6,1335,0.999871,8.38756,0,0.012888,1274 1274 1336 1335 1273 -1
GCP,adapt_p23-556464309101234_a202-5_405_map.h5,5.80002,10,328,1545,66.443535:202.500000,1704,False,23,4,1703,0.670552,5.30601,0,0.0127931,1705 1731 1703 -1
GCP,adapt_p48-18968510422141_a258-75_322_map.h5,6.8162,10,516,1119,41.810314:258.750000,1504,False,24,4,1452,0.815342,4.99233,0,0.0126109,1506 1453 1452 -1
GCP,adapt_p23-556464309101234_a112-5_420_map.h5,7.79824,10,234,738,66.443535:112.500000,1697,True,25,5,1726,0.879687,7.13866,0,0.0125502,1696 1697 1726 1727 -1
GCP,adapt_p48-18968510422141_a326-24999999999994_417_map.h5,5.71111,10,96,1114,41.810314:326.250000,1514,False,183,3,1460,0.222762,5.71154,0,0.0155534,1567 1460 -1
GCP,adapt_p23-556464309101234_a202-5_78_map.h5,7.84827,10,419,759,66.443535:202.500000,1704,False,17,5,1705,0.896995,7.1957,0,0.012564,1706 1705 1671 1672 -1
GCP,adapt_p23-556464309101234_a112-5_205_map.h5,6.74658,10,198,1110,66.443535:112.500000,1697,False,34,4,1725,0.689566,5.30693,0,0.0132215,1727 1725 1750 -1
GCP,adapt_p23-556464309101234_a112-5_287_map.h5,6.80537,10,301,1100,66.443535:112.500000,1697,True,24,4,1697,0.752154,4.7062,0,0.01244,1726 1697 1662 -1
GCP,adapt_p48-18968510422141_a236-25_71_map.h5,7.82993,10,281,742,41.810314:236.250000,1501,False,21,5,1448,0.945316,7.33051,0,0.0128767,1393 1449 1448 1392 -1
GCP,adapt_p60-00000000000001_a90-0_470_map.h5,7.75017,10,266,757,30.000000:90.000000,1309,True,35,5,1368,0.731606,7.3681,0,0.0126372,1424 1367 1368 1309 -1
GCP,adapt_p80-40593177313954_a90-0_99_map.h5,8.88917,10,543,352,9.594069:90.000000,1051,True,10,6,1051,0.993785,8.28429,0,0.0126329,1052 1052 1051 1117 1118 -1
GCP,adapt_p48-18968510422141_a146-25_466_map.h5,7.7957,10,207,689,41.810314:146.250000,1488,True,25,5,1488,0.853809,7.41954,0,0.0131126,1487 1488 1489 1435 -1
GCP,adapt_p70-52877936550931_a213-75_307_map.h5,7.81339,10,266,819,19.471220:213.750000,1205,False,23,5,1141,0.893539,7.18783,0,0.0124047,1269 1206 1141 1140 -1
GCP,adapt_p60-00000000000001_a157-5_346_map.h5,7.18666,10,82,766,30.000000:157.500000,1320,False,118,4,1430,0.435452,5.36508,0,0.0141958,1314 1430 1431 -1
GCP,adapt_p80-40593177313954_a247-49999999999997_78_map.h5,6.78504,10,300,1145,9.594069:247.500000,1080,True,24,4,1080,0.667443,4.91092,0,0.0127605,1012 1080 1081 -1
GCP,adapt_p70-52877936550931_a11-25_147_map.h5,7.83797,10,248,771,19.471220:11.250000,1169,True,19,5,1102,0.965771,7.33815,0,0.0128272,1168 1169 1103 1102 -1
GCP,adapt_p80-40593177313954_a67-5_384_map.h5,7.8632,10,423,748,9.594069:67.500000,1047,False,14,5,1046,0.916626,7.35101,0,0.0126056,1045 978 1046 979 -1
GCP,adapt_p48-18968510422141_a33-75_144_map.h5,8.8987,10,595,391,41.810314:33.750000,1471,True,8,6,1471,0.994902,8.22221,0,0.0131099,1472 1472 1471 1523 1524 -1
GCP,adapt_p23-556464309101234_a292-5_10_map.h5,7.81917,10,174,750,66.443535:292.500000,1712,True,22,5,1713,0.915742,7.22918,0,0.0126337,1681 1713 1739 1712 -1
GCP,adapt_p70-52877936550931_a303-75_311_map.h5,6.80504,10,216,1152,19.471220:303.750000,1221,False,23,4,1282,0.845118,4.86699,0,0.0127547,1220 1282 1343 -1
GCP,adapt_p60-00000000000001_a202-49999999999997_110_map.h5,6.87296,10,537,1142,30.000000:202.500000,1328,True,13,5,1328,0.924283,5.82808,0,0.0128413,1267 1267 1329 1328 -1
GCP,adapt_p70-52877936550931_a303-75_103_map.h5,6.74967,10,277,1134,19.471220:303.750000,1221,False,32,4,1284,0.64797,4.85345,0,0.0131439,1222 1284 1345 -1
GCP,adapt_p80-40593177313954_a224-99999999999997_371_map.h5,7.87369,10,417,694,9.594069:225.000000,1076,False,12,5,1140,0.898277,5.81027,0,0.0131316,1074 1074 1140 1141 -1
GCP,adapt_p23-556464309101234_a337-5_351_map.h5,8.86113,10,374,397,66.443535:337.500000,1716,True,14,6,1716,0.997917,8.15691,0,0.0127074,1717 1717 1716 1684 1685 -1
GCP,adapt_p11-715852394892384_a225-0_516_map.h5,8.87731,10,411,379,78.284149:225.000000,1774,True,12,6,1774,0.993381,8.09502,0,0.0125028,1757 1757 1774 1775 1758 -1
GCP,adapt_p60-00000000000001_a292-5_302_map.h5,7.85996,10,538,702,30.000000:292.500000,1343,True,15,5,1343,0.893465,7.24513,0,0.0128392,1281 1282 1343 1342 -1
GCP,adapt_p23-556464309101234_a67-5_562_map.h5,8.86736,10,349,398,66.443535:67.500000,1693,True,14,6,1722,0.999158,8.21705,0,0.0124643,1692 1692 1722 1723 1693 -1
GCP,adapt_p48-18968510422141_a236-25_276_map.h5,7.89072,10,548,745,41.810314:236.250000,1501,True,10,5,1501,0.979468,5.87464,0,0.013077,1502 1502 1501 1449 -1
GCP,adapt_p35-659087696138755_a195-0_166_map.h5,7.86401,10,345,754,54.340912:195.000000,1590,True,11,5,1632,0.991102,5.82878,0,0.0127618,1590 1590 1632 1633 -1
GCP,adapt_p48-18968510422141_a281-24999999999994_149_map.h5,7.883,10,522,766,41.810314:281.250000,1507,True,11,5,1508,0.963738,5.82605,0,0.012799,1557 1557 1508 1507 -1
GCP,adapt_p80-40593177313954_a315-0_59_map.h5,8.40963,10,109,416,9.594069:315.000000,1093,False,87,4,1090,0.44089,6.64109,0,0.0131955,1280 1090 1091 -1
GCP,adapt_p23-556464309101234_a67-5_213_map.h5,7.84031,10,386,769,66.443535:67.500000,1693,True,17,5,1693,0.934055,7.25304,0,0.0124796,1723 1693 1657 1658 -1
GCP,adapt_p80-40593177313954_a22-5_172_map.h5,7.87571,10,652,752,9.594069:22.500000,1038,True,12,5,1038,0.99809,5.91216,0,0.0131143,971 971 1039 1038 -1
GCP,adapt_p80-40593177313954_a22-5_535_map.h5,7.84398,10,271,725,9.594069:22.500000,1038,True,18,5,1039,0.978066,7.3728,0,0.0128197,970 971 1039 1038 -1
GCP,adapt_p70-52877936550931_a213-75_403_map.h5,5.61903,10,80,1516,19.471220:213.750000,1205,False,52,4,1140,0.596601,5.37031,0,0.0127766,1267 1139 1140 -1
GCP,adapt_p48-18968510422141_a348-74999999999994_500_map.h5,8.89594,10,452,337,41.810314:348.750000,1517,True,8,6,1465,0.999932,8.2847,0,0.0128661,1516 1516 1517 1465 1464 -1
GCP,adapt_p23-556464309101234_a67-5_69_map.h5,7.66293,10,128,737,66.443535:67.500000,1693,False,48,5,1722,0.780181,7.51061,0,0.0128798,1768 1747 1721 1722 -1
GCP,adapt_p70-52877936550931_a33-75_284_map.h5,8.89096,10,516,355,19.471220:33.750000,1173,True,10,6,1237,0.999343,8.31376,0,0.0128335,1236 1236 1237 1174 1173 -1
GCP,adapt_p80-40593177313954_a292-5_535_map.h5,7.70199,10,209,699,9.594069:292.500000,1088,False,39,5,1154,0.772544,7.71215,0,0.0128093,1021 1154 1153 1218 -1
GCP,adapt_p80-40593177313954_a315-0_540_map.h5,8.85862,10,406,403,9.594069:315.000000,1093,False,16,5,1158,0.907155,7.40985,0,0.0131769,1159 1158 1157 1092 -1
GCP,adapt_p23-556464309101234_a22-5_80_map.h5,6.82137,10,445,1165,66.443535:22.500000,1689,True,11,4,1689,0.95589,4.76041,0,0.0124059,1688 1689 1653 -1
GCP,adapt_p60-00000000000001_a202-49999999999997_587_map.h5,7.7561,10,155,706,30.000000:202.500000,1328,False,30,5,1267,0.845749,7.23974,0,0.0126945,1203 1266 1267 1268 -1
GCP,adapt_p35-659087696138755_a45-0_548_map.h5,5.68297,10,199,1500,54.340912:45.000000,1572,True,45,4,1616,0.545666,4.69679,0,0.0128362,1525 1572 1616 -1
GCP,adapt_p48-18968510422141_a281-24999999999994_335_map.h5,7.84424,10,430,754,41.810314:281.250000,1507,True,17,5,1506,0.827231,7.2333,0,0.0125807,1455 1454 1506 1507 -1
GCP,adapt_p80-40593177313954_a45-0_55_map.h5,7.76636,10,239,734,9.594069:45.000000,1042,False,30,5,973,0.763262,7.40936,0,0.0124558,1108 1041 973 974 -1
GCP,adapt_p11-715852394892384_a315-0_573_map.h5,7.88527,10,542,753,78.284149:315.000000,1778,False,11,5,1763,0.998265,5.71798,0,0.0125279,1779 1779 1763 1762 -1
GCP,adapt_p48-18968510422141_a78-75_115_map.h5,7.88235,10,482,788,41.810314:78.750000,1478,True,10,5,1424,0.995892,5.80151,0,0.0124594,1478 1478 1424 1423 -1
GCP,adapt_p23-556464309101234_a67-5_288_map.h5,6.58807,10,109,1133,66.443535:67.500000,1693,False,60,4,1722,0.45846,5.62724,0,0.0137453,1695 1748 1722 -1
GCP,adapt_p80-40593177313954_a67-5_427_map.h5,8.87437,10,473,361,9.594069:67.500000,1047,True,12,6,1047,0.996602,8.37353,0,0.0124234,979 979 980 1047 1046 -1
GCP,adapt_p48-18968510422141_a326-24999999999994_311_map.h5,6.82228,10,330,1174,41.810314:326.250000,1514,False,20,4,1463,0.780278,4.81791,0,0.0125183,1516 1515 1463 -1
GCP,adapt_p80-40593177313954_a202-49999999999997_373_map.h5,6.88104,10,573,1089,9.594069:202.500000,1072,False,12,5,1071,0.996622,5.80996,0,0.0127601,1137 1137 1071 1070 -1
GCP,adapt_p48-18968510422141_a191-25_54_map.h5,6.83729,10,295,1107,41.810314:191.250000,1494,False,19,4,1543,0.832779,4.87439,0,0.0125265,1542 1543 1493 -1
GCP,adapt_p80-40593177313954_a270-0_93_map.h5,7.87075,10,478,766,9.594069:270.000000,1084,True,13,4,1084,0.943433,4.83703,0,0.0140696,1150 1084 1085 -1
GCP,adapt_p80-40593177313954_a270-0_339_map.h5,5.7963,10,451,1487,9.594069:270.000000,1084,True,23,4,1085,0.873755,4.91714,0,0.0125007,1083 1084 1085 -1
GCP,adapt_p70-52877936550931_a348-74999999999994_395_map.h5,6.82908,10,249,1124,19.471220:348.750000,1229,True,21,4,1230,0.86533,4.90807,0,0.0127216,1293 1230 1229 -1
GCP,adapt_p48-18968510422141_a236-25_34_map.h5,7.82626,10,257,714,41.810314:236.250000,1501,True,20,5,1550,0.901613,7.12873,0,0.0125633,1501 1500 1550 1595 -1
GCP,adapt_p70-52877936550931_a101-24999999999999_193_map.h5,5.84008,10,262,1505,19.471220:101.250000,1185,False,16,4,1120,0.813901,4.9118,0,0.0127407,1121 1120 1119 -1
GCP,adapt_p35-659087696138755_a45-0_246_map.h5,6.88066,10,523,1073,54.340912:45.000000,1572,True,11,4,1572,0.784917,4.77848,0,0.013121,1573 1572 1525 -1
GCP,adapt_p35-659087696138755_a255-00000000000003_334_map.h5,6.87675,10,619,1077,54.340912:255.000000,1598,True,9,5,1597,0.998897,5.81149,0,0.0130584,1639 1639 1597 1598 -1
GCP,adapt_p48-18968510422141_a146-25_349_map.h5,6.88353,10,542,1128,41.810314:146.250000,1488,True,10,5,1488,0.992559,5.81944,0,0.0122426,1434 1434 1487 1488 -1
GCP,adapt_p80-40593177313954_a315-0_174_map.h5,5.85174,10,436,1492,9.594069:315.000000,1093,True,15,4,1093,0.882551,4.91122,0,0.01306,1025 1093 1094 -1
GCP,adapt_p80-40593177313954_a315-0_389_map.h5,8.89535,10,559,374,9.594069:315.000000,1093,True,10,6,1158,0.999788,8.31768,0,0.0124641,1093 1093 1092 1158 1159 -1
GCP,adapt_p35-659087696138755_a135-0_124_map.h5,8.72815,10,147,400,54.340912:135.000000,1583,True,41,5,1626,0.789011,7.39951,0,0.0126675,1536 1583 1626 1625 -1
GCP,adapt_p60-00000000000001_a202-49999999999997_507_map.h5,6.87848,10,473,1134,30.000000:202.500000,1328,True,11,4,1266,0.962398,4.81723,0,0.0123209,1327 1328 1266 -1
GCP,adapt_p80-40593177313954_a337-49999999999994_456_map.h5,7.86128,10,433,753,9.594069:337.500000,1097,False,14,5,1162,0.980644,7.33593,0,0.0125151,1095 1096 1162 1161 -1
GCP,adapt_p60-00000000000001_a180-0_247_map.h5,7.88027,10,451,735,30.000000:180.000000,1324,True,10,5,1323,0.961265,7.44899,0,0.0125291,1324 1323 1261 1324 -1
GCP,adapt_p60-00000000000001_a135-0_259_map.h5,7.87734,10,373,718,30.000000:135.000000,1316,True,11,5,1316,0.986336,5.86897,0,0.0124379,1254 1254 1316 1317 -1
GCP,adapt_p35-659087696138755_a45-0_93_map.h5,7.90004,10,580,783,54.340912:45.000000,1572,True,8,5,1616,0.976633,5.77019,0,0.0127626,1572 1572 1616 1615 -1
GCP,adapt_p80-40593177313954_a247-49999999999997_214_map.h5,4.79699,10,142,721,9.594069:247.500000,1080,False,500,3,1652,0.0983698,4.29615,0,0.0370972,1573 1652 -1
GCP,adapt_p80-40593177313954_a180-0_14_map.h5,8.84503,10,366,360,9.594069:180.000000,1067,True,17,5,1068,0.944548,7.46849,0,0.0127938,1001 1068 1134 1067 -1
GCP,adapt_p35-659087696138755_a165-0_178_map.h5,5.69522,10,222,1490,54.340912:165.000000,1587,False,36,4,1631,0.575598,5.26013,0,0.0126072,1629 1668 1631 -1
GCP,adapt_p80-40593177313954_a135-0_142_map.h5,8.55089,10,151,375,9.594069:135.000000,1059,True,66,5,1060,0.48175,8.17109,0,0.0129135,1189 1059 1060 1126 -1
GCP,adapt_p23-556464309101234_a22-5_496_map.h5,7.73023,10,206,690,66.443535:22.500000,1689,True,30,5,1690,0.836528,7.10452,0,0.0126015,1719 1689 1690 1654 -1
GCP,adapt_p60-00000000000001_a247-49999999999997_262_map.h5,7.82609,10,285,762,30.000000:247.500000,1335,True,21,5,1274,0.886654,7.33211,0,0.0127006,1337 1336 1335 1274 -1
GCP,adapt_p70-52877936550931_a326-24999999999994_288_map.h5,7.88257,10,710,738,19.471220:326.250000,1225,True,12,5,1225,0.971737,5.92286,0,0.0132323,1226 1226 1161 1225 -1
GCP,adapt_p35-659087696138755_a255-00000000000003_562_map.h5,8.88834,10,535,368,54.340912:255.000000,1598,True,9,6,1598,0.999983,8.2516,0,0.0144194,1639 1639 1640 1598 1597 -1
GCP,adapt_p48-18968510422141_a191-25_560_map.h5,6.86924,10,615,1062,41.810314:191.250000,1494,True,12,4,1494,0.754493,4.79239,0,0.0125526,1442 1441 1494 -1
GCP,adapt_p60-00000000000001_a45-0_420_map.h5,6.59687,10,139,1116,30.000000:45.000000,1301,True,56,4,1301,0.659893,4.97165,0,0.0129685,1419 1360 1301 -1
GCP,adapt_p80-40593177313954_a247-49999999999997_61_map.h5,7.6074,10,252,738,9.594069:247.500000,1080,True,54,4,1146,0.671061,6.1034,0,0.0134282,1208 1146 1080 -1
GCP,adapt_p35-659087696138755_a224-99999999999997_472_map.h5,7.89612,10,544,748,54.340912:225.000000,1594,True,7,5,1595,0.88291,5.78235,0,0.0126835,1637 1637 1595 1594 -1
GCP,adapt_p48-18968510422141_a281-24999999999994_36_map.h5,7.87516,10,527,786,41.810314:281.250000,1507,True,12,5,1507,0.867219,5.78702,0,0.0126328,1456 1456 1508 1507 -1
GCP,adapt_p60-00000000000001_a292-5_181_map.h5,7.37066,10,285,755,30.000000:292.500000,1343,False,88,3,1401,0.234104,6.58789,0,0.013161,1273 1401 -1
GCP,adapt_p70-52877936550931_a123-74999999999999_107_map.h5,7.84128,10,251,794,19.471220:123.750000,1189,True,19,5,1123,0.915463,7.48497,0,0.0125308,1122 1123 1124 1189 -1
GCP,adapt_p48-18968510422141_a281-24999999999994_216_map.h5,8.88632,10,553,353,41.810314:281.250000,1507,True,13,6,1455,0.999717,8.22668,0,0.0124852,1506 1506 1507 1455 1454 -1
GCP,adapt_p70-52877936550931_a78-75_203_map.h5,7.85832,10,371,725,19.471220:78.750000,1181,True,15,5,1181,0.901201,7.25969,0,0.0124881,1114 1115 1181 1180 -1
GCP,adapt_p60-00000000000001_a224-99999999999997_592_map.h5,6.88071,10,619,1121,30.000000:225.000000,1331,True,10,4,1331,0.804437,4.82245,0,0.0130713,1390 1389 1331 -1
GCP,adapt_p70-52877936550931_a281-24999999999994_32_map.h5,7.88736,10,507,664,19.471220:281.250000,1217,True,11,5,1217,0.994685,5.81054,0,0.0124299,1152 1152 1217 1218 -1
GCP,adapt_p35-659087696138755_a285-0_67_map.h5,8.89236,10,500,359,54.340912:285.000000,1601,True,11,6,1602,0.999208,8.2292,0,0.0124422,1601 1601 1602 1643 1642 -1
GCP,adapt_p80-40593177313954_a315-0_74_map.h5,6.62194,10,164,1212,9.594069:315.000000,1093,False,48,4,1028,0.496101,6.4006,0,0.0128783,1092 1028 962 -1
GCP,adapt_p23-556464309101234_a337-5_133_map.h5,7.86372,10,301,792,66.443535:337.500000,1716,False,14,5,1742,0.956644,7.1516,0,0.013066,1717 1743 1742 1764 -1
GCP,adapt_p80-40593177313954_a292-5_47_map.h5,8.85301,10,414,359,9.594069:292.500000,1088,True,14,6,1021,0.986351,8.37368,0,0.0127853,1020 1020 1021 1089 1088 -1
GCP,adapt_p48-18968510422141_a213-75_490_map.h5,7.88214,10,565,677,41.810314:213.750000,1497,False,10,5,1445,0.995204,5.83144,0,0.0126545,1498 1498 1445 1446 -1
GCP,adapt_p70-52877936550931_a146-25_233_map.h5,7.87732,10,511,737,19.471220:146.250000,1193,True,14,5,1128,0.949983,7.30628,0,0.0125063,1127 1128 1194 1193 -1
GCP,adapt_p70-52877936550931_a303-75_368_map.h5,6.87336,10,420,1148,19.471220:303.750000,1221,True,12,5,1221,0.979411,5.82367,0,0.0124341,1156 1156 1221 1220 -1
GCP,adapt_p11-715852394892384_a225-0_251_map.h5,6.866,10,414,1186,78.284149:225.000000,1774,True,14,4,1773,0.789792,4.7551,0,0.0128057,1788 1774 1773 -1
GCP,adapt_p11-715852394892384_a135-0_102_map.h5,5.77427,10,339,1495,78.284149:135.000000,1770,False,31,4,1752,0.620918,4.78318,0,0.0125574,1728 1727 1752 -1
GCP,adapt_p35-659087696138755_a14-999999999999998_57_map.h5,8.89027,10,635,389,54.340912:15.000000,1568,True,8,6,1568,0.997161,8.39564,0,0.0125201,1612 1612 1567 1568 1613 -1
GCP,adapt_p23-556464309101234_a112-5_351_map.h5,2.10049,10,27,308,66.443535:112.500000,1697,False,1800,2,1725,0,0.315167,0,0.315167,793 -1
GCP,adapt_p60-00000000000001_a112-49999999999999_185_map.h5,7.84676,10,432,765,30.000000:112.500000,1313,True,15,5,1313,0.97857,7.24929,0,0.0130298,1312 1313 1372 1371 -1
GCP,adapt_p48-18968510422141_a123-74999999999999_14_map.h5,6.69227,10,162,1140,41.810314:123.750000,1484,False,39,4,1431,0.592476,4.88091,0,0.0125227,1429 1430 1431 -1
GCP,adapt_p11-715852394892384_a225-0_334_map.h5,7.8802,10,513,722,78.284149:225.000000,1774,True,12,5,1774,0.979289,5.66713,0,0.0125907,1787 1787 1788 1774 -1
GCP,adapt_p35-659087696138755_a315-0_101_map.h5,7.87478,10,549,726,54.340912:315.000000,1605,True,12,5,1605,0.996751,5.86139,0,0.0130399,1606 1606 1605 1604 -1
GCP,adapt_p80-40593177313954_a157-5_407_map.h5,8.88193,10,565,385,9.594069:157.500000,1063,True,11,6,1063,0.999799,8.37374,0,0.0128714,996 996 995 1063 1064 -1
GCP,adapt_p48-18968510422141_a168-74999999999997_310_map.h5,6.84882,10,573,1194,41.810314:168.750000,1491,True,13,4,1438,0.765516,4.78352,0,0.0129841,1490 1491 1438 -1
GCP,adapt_p48-18968510422141_a11-25_443_map.h5,6.89756,10,713,1081,41.810314:11.250000,1468,False,7,5,1414,0.999943,5.90803,0,0.013261,1413 1413 1355 1414 -1
GCP,adapt_p48-18968510422141_a123-74999999999999_479_map.h5,7.84438,10,261,718,41.810314:123.750000,1484,False,16,5,1431,0.935753,7.28344,0,0.0124604,1486 1485 1432 1431 -1
GCP,adapt_p48-18968510422141_a326-24999999999994_313_map.h5,8.50863,10,155,395,41.810314:326.250000,1514,True,72,5,1513,0.481018,8.3149,0,0.0131952,1566 1563 1514 1513 -1
GCP,adapt_p60-00000000000001_a202-49999999999997_72_map.h5,5.83786,10,405,1539,30.000000:202.500000,1328,True,19,5,1387,0.883598,5.85022,0,0.0129511,1328 1328 1386 1387 -1
GCP,adapt_p70-52877936550931_a236-25_201_map.h5,6.83262,10,373,1126,19.471220:236.250000,1209,True,22,4,1209,0.790469,4.82458,0,0.0131252,1208 1209 1144 -1
GCP,adapt_p60-00000000000001_a202-49999999999997_348_map.h5,7.60969,10,211,767,30.000000:202.500000,1328,False,52,4,1326,0.514502,5.65811,0,0.0131225,1267 1265 1326 -1
GCP,adapt_p11-715852394892384_a315-0_371_map.h5,8.68072,10,113,366,78.284149:315.000000,1778,False,51,5,1797,0.408318,7.29857,0,0.0130634,1780 1796 1797 1793 -1
GCP,adapt_p70-52877936550931_a146-25_450_map.h5,8.89824,10,651,362,19.471220:146.250000,1193,False,10,6,1128,0.99989,8.54402,0,0.0125571,1062 1062 1129 1128 1127 -1
GCP,adapt_p23-556464309101234_a157-5_528_map.h5,8.85149,10,335,412,66.443535:157.500000,1701,True,18,6,1700,0.964144,8.17186,0,0.0123116,1666 1666 1700 1701 1729 -1
GCP,adapt_p80-40593177313954_a180-0_132_map.h5,6.87533,10,588,1117,9.594069:180.000000,1067,True,12,4,1067,0.931205,4.80665,0,0.0124842,1068 1067 1133 -1
GCP,adapt_p48-18968510422141_a191-25_270_map.h5,7.89235,10,721,698,41.810314:191.250000,1494,True,9,5,1494,0.821969,7.47528,0,0.0124351,1440 1441 1494 1440 -1
GCP,adapt_p23-556464309101234_a67-5_529_map.h5,8.88002,10,375,336,66.443535:67.500000,1693,True,11,5,1693,0.984458,5.81475,0,0.0127732,1694 1694 1693 1657 -1
GCP,adapt_p70-52877936550931_a213-75_151_map.h5,7.4669,10,157,743,19.471220:213.750000,1205,True,71,5,1268,0.606099,7.18604,0,0.0129156,1140 1205 1268 1267 -1
GCP,adapt_p60-00000000000001_a67-5_39_map.h5,8.87633,10,504,396,30.000000:67.500000,1305,True,11,6,1305,0.992694,8.24627,0,0.0124715,1306 1306 1305 1242 1241 -1
GCP,adapt_p35-659087696138755_a255-00000000000003_61_map.h5,7.89704,10,864,769,54.340912:255.000000,1598,True,7,5,1598,0.998723,7.32652,0,0.0127653,1639 1640 1598 1639 -1
GCP,adapt_p23-556464309101234_a292-5_15_map.h5,1.37802,10,39,321,66.443535:292.500000,1712,False,1800,2,1520,0,0.314533,0,0.314533,1330 -1
GCP,adapt_p35-659087696138755_a255-00000000000003_588_map.h5,7.89233,10,511,741,54.340912:255.000000,1598,False,12,5,1597,0.988605,7.34187,0,0.0124621,1638 1639 1597 1638 -1
GCP,adapt_p48-18968510422141_a123-74999999999999_308_map.h5,7.69804,10,217,730,41.810314:123.750000,1484,False,36,5,1486,0.838663,7.28346,0,0.012751,1376 1433 1486 1432 -1
GCP,adapt_p23-556464309101234_a247-49999999999997_494_map.h5,7.79321,10,163,730,66.443535:247.500000,1708,False,26,5,1707,0.865207,7.22773,0,0.0125961,1674 1707 1734 1706 -1
GCP,adapt_p70-52877936550931_a168-74999999999997_271_map.h5,6.84736,10,578,1111,19.471220:168.750000,1197,True,14,4,1197,0.759097,4.90953,0,0.0134234,1198 1132 1197 -1
GCP,adapt_p35-659087696138755_a315-0_432_map.h5,6.86378,10,494,1098,54.340912:315.000000,1605,True,13,5,1606,0.933829,5.78271,0,0.0130489,1647 1647 1606 1605 -1
GCP,adapt_p60-00000000000001_a67-5_217_map.h5,8.7652,10,176,375,30.000000:67.500000,1305,True,31,5,1365,0.805769,7.51048,0,0.0126181,1424 1365 1364 1305 -1
GCP,adapt_p80-40593177313954_a67-5_486_map.h5,6.87207,10,481,1086,9.594069:67.500000,1047,False,13,4,1112,0.704407,4.84835,0,0.0127277,1113 1112 1046 -1
GCP,adapt_p35-659087696138755_a344-99999999999994_407_map.h5,7.84278,10,278,766,54.340912:345.000000,1609,True,17,5,1609,0.95554,7.26774,0,0.0130239,1565 1609 1650 1610 -1
GCP,adapt_p35-659087696138755_a285-0_524_map.h5,6.89129,10,631,1032,54.340912:285.000000,1601,True,10,4,1643,0.97103,4.81197,0,0.0125157,1601 1602 1643 -1
GCP,adapt_p11-715852394892384_a45-0_243_map.h5,7.89536,10,612,755,78.284149:45.000000,1766,True,7,5,1766,0.91244,5.67642,0,0.0124478,1767 1767 1766 1746 -1
GCP,adapt_p23-556464309101234_a22-5_295_map.h5,7.89029,10,731,807,66.443535:22.500000,1689,True,8,5,1719,0.999538,5.75201,0,0.0125148,1689 1689 1719 1720 -1
GCP,adapt_p70-52877936550931_a78-75_571_map.h5,7.85972,10,478,707,19.471220:78.750000,1181,True,16,5,1181,0.952788,7.56039,0,0.0130956,1180 1181 1182 1115 -1
GCP,adapt_p60-00000000000001_a202-49999999999997_276_map.h5,7.81898,10,323,755,30.000000:202.500000,1328,True,19,5,1387,0.808879,7.40926,0,0.0128215,1330 1329 1328 1387 -1
GCP,adapt_p80-40593177313954_a270-0_503_map.h5,7.63684,10,222,797,9.594069:270.000000,1084,False,51,4,1085,0.576806,7.5647,0,0.0129754,1273 1151 1085 -1
GCP,adapt_p23-556464309101234_a337-5_445_map.h5,8.86549,10,449,396,66.443535:337.500000,1716,True,14,6,1716,0.996629,8.14846,0,0.0122928,1715 1715 1716 1742 1741 -1
GCP,adapt_p80-40593177313954_a315-0_208_map.h5,6.82211,10,316,1096,9.594069:315.000000,1093,False,20,4,1159,0.740033,4.94715,0,0.0126984,1158 1159 1094 -1
GCP,adapt_p35-659087696138755_a315-0_586_map.h5,8.87842,10,374,375,54.340912:315.000000,1605,False,10,6,1560,0.992831,8.41215,0,0.012407,1511 1511 1561 1560 1604 -1
GCP,adapt_p60-00000000000001_a315-0_301_map.h5,8.89814,10,802,377,30.000000:315.000000,1346,True,8,6,1346,0.999998,8.26808,0,0.0126563,1347 1347 1346 1404 1405 -1
GCP,adapt_p23-556464309101234_a157-5_410_map.h5,5.74577,10,260,1451,66.443535:157.500000,1701,True,27,4,1700,0.63466,4.80092,0,0.0130353,1702 1701 1700 -1
GCP,adapt_p70-52877936550931_a33-75_353_map.h5,7.83341,10,329,770,19.471220:33.750000,1173,True,19,5,1107,0.954298,7.30053,0,0.0124064,1174 1173 1107 1106 -1
GCP,adapt_p70-52877936550931_a146-25_219_map.h5,6.6698,10,169,1121,19.471220:146.250000,1193,False,47,4,1127,0.768279,5.99156,0,0.0130089,1189 1126 1127 -1
GCP,adapt_p70-52877936550931_a56-24999999999999_573_map.h5,8.88511,10,415,396,19.471220:56.250000,1177,True,8,6,1177,0.996319,8.28151,0,0.0126835,1111 1111 1110 1176 1177 -1
GCP,adapt_p11-715852394892384_a315-0_178_map.h5,7.3921,10,113,751,78.284149:315.000000,1778,False,96,4,1679,0.432938,6.31713,0,0.0137251,1716 1680 1679 -1
GCP,adapt_p60-00000000000001_a180-0_418_map.h5,5.05292,10,138,1065,30.000000:180.000000,1324,False,305,3,1384,0.140882,4.08106,0,0.0217682,1380 1384 -1
GCP,adapt_p80-40593177313954_a180-0_421_map.h5,7.85598,10,453,728,9.594069:180.000000,1067,True,15,5,1067,0.969409,7.25699,0,0.0128389,1134 1133 1067 1068 -1
GCP,adapt_p80-40593177313954_a135-0_473_map.h5,6.86607,10,538,1187,9.594069:135.000000,1059,True,13,5,1059,0.976854,5.91178,0,0.0127335,992 992 1060 1059 -1
GCP,adapt_p70-52877936550931_a191-25_511_map.h5,6.85322,10,554,1146,19.471220:191.250000,1201,True,14,4,1201,0.831437,4.80937,0,0.0125895,1265 1202 1201 -1
GCP,adapt_p23-556464309101234_a67-5_410_map.h5,8.89636,10,530,356,66.443535:67.500000,1693,True,9,6,1693,0.999717,8.24038,0,0.0124222,1723 1723 1694 1693 1658 -1
GCP,adapt_p48-18968510422141_a56-24999999999999_332_map.h5,7.87513,10,478,744,41.810314:56.250000,1475,True,11,5,1475,0.996193,5.78437,0,0.0126671,1420 1420 1474 1475 -1
GCP,adapt_p80-40593177313954_a0-0_377_map.h5,7.87208,10,450,734,9.594069:0.000000,1034,True,12,5,1035,0.9919,5.9049,0,0.0127177,1101 1101 1035 1034 -1
GCP,adapt_p35-659087696138755_a315-0_408_map.h5,7.87426,10,379,706,54.340912:315.000000,1605,True,12,5,1646,0.955842,7.43688,0,0.0125302,1645 1646 1605 1645 -1
GCP,adapt_p11-715852394892384_a225-0_55_map.h5,8.82178,10,197,328,78.284149:225.000000,1774,True,23,5,1756,0.875631,7.1198,0,0.0130363,1731 1755 1756 1774 -1
GCP,adapt_p80-40593177313954_a67-5_445_map.h5,7.57275,10,48,386,9.594069:67.500000,1047,False,211,4,1098,0.272077,5.51877,0,0.0168321,897 1031 1098 -1
GCP,adapt_p23-556464309101234_a337-5_374_map.h5,5.83996,10,318,1539,66.443535:337.500000,1716,False,16,5,1742,0.921574,5.75817,0,0.0128597,1764 1764 1742 1743 -1
GCP,adapt_p35-659087696138755_a45-0_248_map.h5,7.86544,10,510,742,54.340912:45.000000,1572,True,13,5,1616,0.974254,7.50497,0,0.0123599,1615 1616 1617 1572 -1
GCP,adapt_p60-00000000000001_a292-5_560_map.h5,5.84011,10,417,1463,30.000000:292.500000,1343,True,16,4,1343,0.692206,5.083,0,0.0127362,1344 1343 1281 -1
GCP,adapt_p60-00000000000001_a22-5_313_map.h5,7.68823,10,181,788,30.000000:22.500000,1298,True,34,5,1297,0.713089,7.30164,0,0.0125867,1299 1298 1297 1234 -1
GCP,adapt_p35-659087696138755_a224-99999999999997_590_map.h5,7.87635,10,463,772,54.340912:225.000000,1594,True,12,5,1594,0.993007,5.8608,0,0.0124488,1593 1593 1594 1595 -1
GCP,adapt_p35-659087696138755_a14-999999999999998_590_map.h5,7.88929,10,449,699,54.340912:15.000000,1568,True,9,5,1568,0.985624,5.81311,0,0.0125225,1613 1613 1569 1568 -1
GCP,adapt_p60-00000000000001_a90-0_143_map.h5,6.84667,10,523,1049,30.000000:90.000000,1309,True,16,4,1309,0.885548,4.80267,0,0.0131344,1368 1309 1310 -1
GCP,adapt_p70-52877936550931_a123-74999999999999_532_map.h5,8.89733,10,585,358,19.471220:123.750000,1189,True,8,6,1189,0.99938,8.27933,0,0.0124689,1123 1123 1124 1190 1189 -1
GCP,adapt_p80-40593177313954_a112-49999999999999_132_map.h5,8.87539,10,456,386,9.594069:112.500000,1055,False,12,6,1053,0.997434,8.37327,0,0.0124017,986 986 985 1053 1054 -1
GCP,adapt_p70-52877936550931_a348-74999999999994_424_map.h5,5.85029,10,598,1482,19.471220:348.750000,1229,True,12,4,1229,0.96849,4.88436,0,0.0125173,1164 1229 1228 -1
GCP,adapt_p80-40593177313954_a180-0_5_map.h5,7.82717,10,303,758,9.594069:180.000000,1067,False,20,5,1000,0.914371,7.27813,0,0.0126492,934 1001 1000 999 -1
GCP,adapt_p60-00000000000001_a247-49999999999997_409_map.h5,8.89838,10,647,361,30.000000:247.500000,1335,True,8,6,1335,0.999861,8.38711,0,0.0124392,1274 1274 1336 1335 1273 -1
GCP,adapt_p23-556464309101234_a292-5_487_map.h5,8.77115,10,135,346,66.443535:292.500000,1712,True,29,5,1738,0.834431,7.20937,0,0.0126569,1713 1739 1738 1712 -1
GCP,adapt_p60-00000000000001_a247-49999999999997_260_map.h5,7.73908,10,145,753,30.000000:247.500000,1335,False,35,5,1210,0.877042,7.58385,0,0.012734,1275 1211 1210 1273 -1
GCP,adapt_p60-00000000000001_a135-0_484_map.h5,7.8053,10,310,666,30.000000:135.000000,1316,True,20,5,1375,0.880758,7.37193,0,0.0124963,1374 1316 1375 1376 -1
GCP,adapt_p70-52877936550931_a191-25_226_map.h5,7.87232,10,386,805,19.471220:191.250000,1201,True,12,5,1201,0.989674,5.88922,0,0.0124809,1136 1136 1201 1202 -1
GCP,adapt_p11-715852394892384_a135-0_507_map.h5,8.90455,10,840,424,78.284149:135.000000,1770,True,9,6,1752,0.998707,8.14524,0,0.0132481,1770 1770 1751 1752 1771 -1
GCP,adapt_p35-659087696138755_a75-0_96_map.h5,8.88802,10,476,323,54.340912:75.000000,1576,True,9,6,1575,0.999989,8.25098,0,0.0127528,1619 1619 1620 1576 1575 -1
GCP,adapt_p80-40593177313954_a337-49999999999994_74_map.h5,8.89019,10,573,392,9.594069:337.500000,1097,True,9,6,1097,0.99806,8.34376,0,0.0126356,1098 1098 1097 1163 1164 -1
GCP,adapt_p35-659087696138755_a135-0_417_map.h5,4.7198,10,90,1527,54.340912:135.000000,1583,False,200,3,1735,0.210801,3.9961,0,0.0164976,1762 1735 -1
GCP,adapt_p23-556464309101234_a67-5_328_map.h5,5.83721,10,489,1485,66.443535:67.500000,1693,False,18,4,1657,0.698689,4.89653,0,0.0125911,1692 1657 1658 -1
GCP,adapt_p70-52877936550931_a303-75_105_map.h5,5.8602,10,482,1475,19.471220:303.750000,1221,True,14,4,1283,0.754152,4.91278,0,0.0126137,1284 1221 1283 -1
GCP,adapt_p70-52877936550931_a236-25_315_map.h5,5.85391,10,572,1465,19.471220:236.250000,1209,False,14,5,1144,0.852939,5.81727,0,0.0128986,1210 1210 1145 1144 -1
GCP,adapt_p48-18968510422141_a236-25_456_map.h5,6.86435,10,442,1157,41.810314:236.250000,1501,True,12,4,1449,0.983265,4.88114,0,0.0124643,1501 1449 1448 -1
GCP,adapt_p11-715852394892384_a225-0_374_map.h5,7.89434,10,658,742,78.284149:225.000000,1774,False,7,5,1757,0.966582,5.84721,0,0.0124444,1758 1758 1775 1757 -1
GCP,adapt_p70-52877936550931_a11-25_468_map.h5,8.90233,10,624,364,19.471220:11.250000,1169,True,9,6,1169,0.999896,8.33925,0,0.0125032,1102 1102 1103 1169 1168 -1
GCP,adapt_p35-659087696138755_a285-0_416_map.h5,8.79557,10,161,348,54.340912:285.000000,1601,False,26,5,1679,0.835551,7.2031,0,0.0132259,1644 1643 1679 1678 -1
GCP,adapt_p80-40593177313954_a22-5_238_map.h5,7.87829,10,542,724,9.594069:22.500000,1038,True,12,5,1038,0.984674,5.91155,0,0.0125066,970 970 1038 1037 -1
GCP,adapt_p60-00000000000001_a90-0_425_map.h5,6.85823,10,492,1125,30.000000:90.000000,1309,True,15,4,1309,0.876902,4.82013,0,0.012572,1247 1246 1309 -1
GCP,adapt_p48-18968510422141_a236-25_78_map.h5,7.87127,10,330,787,41.810314:236.250000,1501,False,12,5,1500,0.913201,7.44688,0,0.0125114,1499 1500 1550 1499 -1
GCP,adapt_p80-40593177313954_a135-0_526_map.h5,6.5759,10,145,1087,9.594069:135.000000,1059,False,56,4,1125,0.591486,5.43643,0,0.0129089,1193 1191 1125 -1
GCP,adapt_p35-659087696138755_a135-0_362_map.h5,7.82895,10,245,775,54.340912:135.000000,1583,True,19,5,1584,0.939006,7.40834,0,0.0128544,1538 1583 1584 1627 -1
GCP,adapt_p35-659087696138755_a14-999999999999998_38_map.h5,8.76219,10,155,361,54.340912:15.000000,1568,False,28,5,1522,0.833766,7.23515,0,0.0126229,1524 1523 1522 1470 -1
GCP,adapt_p48-18968510422141_a146-25_430_map.h5,6.88497,10,681,1043,41.810314:146.250000,1488,True,9,5,1434,0.935015,5.91093,0,0.012846,1435 1435 1488 1434 -1
GCP,adapt_p48-18968510422141_a258-75_570_map.h5,1.51562,10,9,341,41.810314:258.750000,1504,False,1800,2,1103,0,0.314954,0,0.314954,1682 -1
GCP,adapt_p23-556464309101234_a202-5_517_map.h5,7.68092,10,172,724,66.443535:202.500000,1704,False,45,5,1733,0.653244,7.69069,0,0.0128613,1754 1756 1732 1733 -1
GCP,adapt_p70-52877936550931_a258-75_165_map.h5,8.84832,10,264,367,19.471220:258.750000,1213,True,18,5,1213,0.928406,7.43395,0,0.013509,1147 1213 1148 1149 -1
GCP,adapt_p60-00000000000001_a90-0_374_map.h5,7.85817,10,441,743,30.000000:90.000000,1309,True,15,5,1369,0.972113,7.24017,0,0.012622,1309 1310 1369 1368 -1
GCP,adapt_p48-18968510422141_a236-25_257_map.h5,5.87629,10,615,1448,41.810314:236.250000,1501,True,11,5,1500,0.998436,5.78365,0,0.0125139,1550 1550 1500 1501 -1
GCP,adapt_p48-18968510422141_a168-74999999999997_396_map.h5,5.82223,10,425,1500,41.810314:168.750000,1491,False,13,4,1437,0.875358,4.79602,0,0.0125847,1436 1437 1490 -1
GCP,adapt_p80-40593177313954_a90-0_10_map.h5,6.83194,10,272,1140,9.594069:90.000000,1051,False,20,4,1049,0.785878,4.91104,0,0.0128803,982 1050 1049 -1
GCP,adapt_p35-659087696138755_a135-0_244_map.h5,8.78614,10,241,393,54.340912:135.000000,1583,True,25,5,1583,0.880989,7.3991,0,0.0126686,1582 1626 1583 1584 -1
GCP,adapt_p70-52877936550931_a11-25_478_map.h5,6.44445,10,107,1136,19.471220:11.250000,1169,False,74,4,1295,0.500343,5.48963,0,0.0133498,1412 1295 1296 -1
GCP,adapt_p70-52877936550931_a348-74999999999994_548_map.h5,8.86317,10,313,384,19.471220:348.750000,1229,True,14,6,1228,0.995385,8.33925,0,0.0126298,1290 1290 1291 1228 1229 -1
GCP,adapt_p70-52877936550931_a78-75_487_map.h5,6.85836,10,260,1106,19.471220:78.750000,1181,False,13,4,1115,0.869056,4.8084,0,0.0124297,1180 1114 1115 -1
GCP,adapt_p80-40593177313954_a224-99999999999997_78_map.h5,5.85624,10,483,1545,9.594069:225.000000,1076,True,15,5,1076,0.949745,5.8163,0,0.0125683,1142 1142 1076 1075 -1
GCP,adapt_p80-40593177313954_a337-49999999999994_402_map.h5,5.85833,10,404,1510,9.594069:337.500000,1097,False,13,4,1096,0.812224,4.88313,0,0.0124813,1161 1162 1096 -1
GCP,adapt_p23-556464309101234_a247-49999999999997_312_map.h5,7.83648,10,293,770,66.443535:247.500000,1708,True,17,5,1708,0.932498,7.36681,0,0.0133468,1675 1709 1708 1735 -1
GCP,adapt_p11-715852394892384_a225-0_199_map.h5,8.89777,10,527,331,78.284149:225.000000,1774,True,8,6,1757,0.995679,8.25607,0,0.013051,1774 1774 1756 1757 1775 -1
GCP,adapt_p48-18968510422141_a258-75_271_map.h5,8.85714,10,459,384,41.810314:258.750000,1504,True,15,6,1451,0.984328,8.25833,0,0.012667,1503 1503 1504 1452 1451 -1
GCP,adapt_p48-18968510422141_a78-75_79_map.h5,7.84619,10,372,735,41.810314:78.750000,1478,True,16,5,1424,0.965666,7.22747,0,0.012608,1479 1478 1424 1425 -1
GCP,adapt_p60-00000000000001_a315-0_459_map.h5,6.13981,10,113,1092,30.000000:315.000000,1346,False,130,3,1286,0.246622,4.82772,0,0.0140133,1456 1286 -1
GCP,adapt_p35-659087696138755_a315-0_135_map.h5,7.80732,10,182,745,54.340912:315.000000,1605,True,21,5,1646,0.857849,7.50509,0,0.0124781,1645 1646 1647 1605 -1
GCP,adapt_p70-52877936550931_a56-24999999999999_422_map.h5,6.87922,10,572,1114,19.471220:56.250000,1177,True,12,5,1177,0.99736,5.85413,0,0.0125986,1241 1241 1178 1177 -1
GCP,adapt_p80-40593177313954_a22-5_559_map.h5,7.81938,10,139,760,9.594069:22.500000,1038,False,20,5,902,0.809011,7.79208,0,0.012446,968 902 903 970 -1
GCP,adapt_p23-556464309101234_a202-5_149_map.h5,6.79425,10,275,1095,66.443535:202.500000,1704,True,24,4,1703,0.616123,4.75195,0,0.0125566,1731 1703 1704 -1
GCP,adapt_p35-659087696138755_a255-00000000000003_415_map.h5,8.89301,10,497,392,54.340912:255.000000,1598,True,10,6,1639,0.998959,8.22652,0,0.0127614,1598 1598 1597 1639 1640 -1
GCP,adapt_p60-00000000000001_a0-0_343_map.h5,7.88818,10,505,786,30.000000:0.000000,1294,True,10,5,1294,0.985971,5.89285,0,0.0126064,1295 1295 1354 1294 -1
GCP,adapt_p35-659087696138755_a344-99999999999994_520_map.h5,7.83838,10,298,828,54.340912:345.000000,1609,True,17,5,1609,0.964519,7.23421,0,0.0124242,1610 1609 1608 1649 -1
GCP,adapt_p48-18968510422141_a303-75_577_map.h5,7.88956,10,508,780,41.810314:303.750000,1510,False,10,5,1459,0.998065,5.79212,0,0.0132525,1403 1403 1459 1458 -1
GCP,adapt_p70-52877936550931_a213-75_521_map.h5,8.88509,10,553,365,19.471220:213.750000,1205,True,10,6,1268,0.997252,8.25709,0,0.0127038,1205 1205 1206 1269 1268 -1
GCP,adapt_p60-00000000000001_a224-99999999999997_485_map.h5,5.24342,10,229,1493,30.000000:225.000000,1331,False,92,3,1271,0.267409,2.89238,0,0.0133746,1334 1271 -1
GCP,adapt_p35-659087696138755_a195-0_586_map.h5,7.67301,10,169,724,54.340912:195.000000,1590,False,44,4,1544,0.691107,5.73682,0,0.0127947,1490 1543 1544 -1
GCP,adapt_p60-00000000000001_a247-49999999999997_491_map.h5,8.82377,10,217,388,30.000000:247.500000,1335,True,23,5,1335,0.891825,7.2473,0,0.0130403,1394 1393 1335 1336 -1
GCP,adapt_p80-40593177313954_a247-49999999999997_13_map.h5,8.87444,10,442,396,9.594069:247.500000,1080,True,11,6,1081,0.918681,8.27785,0,0.0123575,1146 1146 1147 1081 1080 -1
GCP,adapt_p35-659087696138755_a255-00000000000003_491_map.h5,7.88847,10,572,741,54.340912:255.000000,1598,True,9,5,1598,0.99277,7.66287,0,0.0133128,1599 1598 1553 1599 -1
GCP,adapt_p48-18968510422141_a326-24999999999994_462_map.h5,6.80315,10,496,1117,41.810314:326.250000,1514,False,22,4,1405,0.849361,4.89028,0,0.0126496,1348 1405 1461 -1
GCP,adapt_p35-659087696138755_a135-0_286_map.h5,6.18139,10,82,1114,54.340912:135.000000,1583,False,118,2,1486,0,0.0144482,0,0.0144482,1477 -1
GCP,adapt_p23-556464309101234_a202-5_35_map.h5,8.4486,10,196,355,66.443535:202.500000,1704,False,84,4,1731,0.353606,6.7399,0,0.0132161,1777 1731 1703 -1
GCP,adapt_p48-18968510422141_a146-25_248_map.h5,1.89051,10,8,334,41.810314:146.250000,1488,False,1800,2,994,0,0.318736,0,0.318736,1558 -1
GCP,adapt_p35-659087696138755_a224-99999999999997_192_map.h5,8.89788,10,541,374,54.340912:225.000000,1594,True,10,6,1636,0.999957,8.51073,0,0.0129051,1594 1594 1635 1636 1637 -1
GCP,adapt_p35-659087696138755_a344-99999999999994_510_map.h5,7.11449,10,77,760,54.340912:345.000000,1609,False,129,4,1520,0.401194,5.70864,0,0.0142888,1470 1520 1519 -1
GCP,adapt_p35-659087696138755_a14-999999999999998_194_map.h5,5.83658,10,401,1517,54.340912:15.000000,1568,False,17,4,1613,0.76895,4.80336,0,0.0132157,1614 1613 1569 -1
GCP,adapt_p35-659087696138755_a195-0_89_map.h5,8.89377,10,644,410,54.340912:195.000000,1590,True,9,6,1590,0.999861,8.25257,0,0.0130393,1633 1633 1632 1590 1591 -1
GCP,adapt_p60-00000000000001_a292-5_96_map.h5,8.8943,10,497,387,30.000000:292.500000,1343,True,10,6,1343,0.999861,8.24619,0,0.0124873,1281 1281 1282 1343 1342 -1
GCP,adapt_p60-00000000000001_a315-0_383_map.h5,8.89952,10,541,381,30.000000:315.000000,1346,True,8,6,1404,0.999924,8.27516,0,0.0132728,1346 1346 1347 1405 1404 -1
GCP,adapt_p11-715852394892384_a225-0_512_map.h5,7.86822,10,429,763,78.284149:225.000000,1774,True,16,5,1774,0.928524,7.2547,0,0.0125861,1775 1757 1756 1774 -1
GCP,adapt_p60-00000000000001_a315-0_162_map.h5,8.75137,10,200,388,30.000000:315.000000,1346,False,20,5,1347,0.89277,7.33516,0,0.0124443,1405 1348 1347 1286 -1
GCP,adapt_p60-00000000000001_a0-0_395_map.h5,8.86982,10,435,367,30.000000:0.000000,1294,True,15,6,1294,0.989561,8.33531,0,0.0129688,1353 1353 1411 1354 1294 -1
GCP,adapt_p35-659087696138755_a135-0_427_map.h5,4.91422,10,112,1517,54.340912:135.000000,1583,False,165,3,1586,0.242588,3.52787,0,0.0154809,1589 1586 -1
GCP,adapt_p48-18968510422141_a11-25_3_map.h5,6.88496,10,541,1128,41.810314:11.250000,1468,True,12,5,1413,0.999858,5.85237,0,0.0128338,1468 1468 1414 1413 -1
GCP,adapt_p80-40593177313954_a292-5_162_map.h5,7.32842,10,118,694,9.594069:292.500000,1088,True,99,4,1150,0.446229,6.46984,0,0.013448,1088 1150 1149 -1
GCP,adapt_p80-40593177313954_a22-5_290_map.h5,3.61395,10,121,1491,9.594069:22.500000,1038,False,351,2,1427,0,0.0265718,0,0.0265718,1536 -1
GCP,adapt_p11-715852394892384_a135-0_594_map.h5,8.87937,10,403,371,78.284149:135.000000,1770,False,13,6,1752,0.993982,8.20727,0,0.012448,1771 1771 1753 1752 1728 -1
GCP,adapt_p48-18968510422141_a258-75_306_map.h5,8.59955,10,114,387,41.810314:258.750000,1504,True,60,5,1505,0.683644,7.74627,0,0.0132639,1640 1554 1504 1505 -1
GCP,adapt_p48-18968510422141_a191-25_317_map.h5,4.95836,10,217,1517,41.810314:191.250000,1494,False,145,3,1587,0.106684,3.07201,0,0.0144194,1578 1580 -1
GCP,adapt_p70-52877936550931_a258-75_286_map.h5,8.88602,10,526,363,19.471220:258.750000,1213,True,10,5,1213,0.984072,7.59995,0,0.0127798,1212 1213 1276 1212 -1
GCP,adapt_p23-556464309101234_a22-5_231_map.h5,7.88692,10,563,797,66.443535:22.500000,1689,True,9,5,1688,0.932885,5.76326,0,0.0128695,1719 1719 1689 1688 -1
GCP,adapt_p35-659087696138755_a224-99999999999997_572_map.h5,8.87124,10,358,393,54.340912:225.000000,1594,True,11,6,1594,0.998978,8.1975,0,0.0125483,1636 1636 1637 1595 1594 -1
GCP,adapt_p48-18968510422141_a326-24999999999994_537_map.h5,8.82196,10,196,355,41.810314:326.250000,1514,False,23,5,1461,0.915114,7.75484,0,0.0128249,1406 1513 1461 1460 -1
GCP,adapt_p60-00000000000001_a180-0_112_map.h5,5.78598,10,255,1555,30.000000:180.000000,1324,True,26,4,1382,0.802675,4.79818,0,0.0128398,1324 1382 1439 -1
GCP,adapt_p70-52877936550931_a348-74999999999994_316_map.h5,8.90645,10,711,348,19.471220:348.750000,1229,True,7,6,1229,0.999947,8.33504,0,0.0123544,1230 1230 1229 1164 1165 -1
GCP,adapt_p23-556464309101234_a22-5_178_map.h5,8.74967,10,151,380,66.443535:22.500000,1689,False,34,5,1688,0.742257,7.18388,0,0.0131187,1718 1688 1652 1651 -1
GCP,adapt_p23-556464309101234_a157-5_578_map.h5,8.83287,10,228,423,66.443535:157.500000,1701,False,18,5,1699,0.895798,7.18303,0,0.0129337,1664 1699 1698 1727 -1
GCP,adapt_p23-556464309101234_a22-5_4_map.h5,7.88415,10,630,750,66.443535:22.500000,1689,True,12,5,1719,0.999274,7.33547,0,0.0126621,1720 1719 1689 1720 -1
GCP,adapt_p11-715852394892384_a225-0_270_map.h5,5.87235,10,509,1462,78.284149:225.000000,1774,True,11,5,1774,0.970736,5.77386,0,0.0124513,1757 1757 1756 1774 -1
GCP,adapt_p48-18968510422141_a258-75_582_map.h5,7.83421,10,350,771,41.810314:258.750000,1504,False,17,5,1451,0.960417,7.27233,0,0.0125999,1502 1503 1451 1450 -1
GCP,adapt_p35-659087696138755_a75-0_539_map.h5,8.8614,10,305,362,54.340912:75.000000,1576,True,14,6,1576,0.994869,8.2567,0,0.0124148,1530 1530 1529 1576 1575 -1
GCP,adapt_p35-659087696138755_a224-99999999999997_401_map.h5,5.85539,10,450,1488,54.340912:225.000000,1594,True,14,5,1593,0.936008,5.77952,0,0.012421,1549 1549 1594 1593 -1
GCP,adapt_p60-00000000000001_a45-0_561_map.h5,8.90537,10,744,394,30.000000:45.000000,1301,True,6,6,1301,0.999999,8.27143,0,0.0124342,1302 1302 1301 1360 1361 -1
GCP,adapt_p60-00000000000001_a22-5_285_map.h5,7.88436,10,545,724,30.000000:22.500000,1298,True,11,5,1298,0.996249,5.85979,0,0.0124403,1357 1357 1298 1297 -1
GCP,adapt_p48-18968510422141_a348-74999999999994_122_map.h5,5.86266,10,455,1457,41.810314:348.750000,1517,True,15,4,1518,0.782638,4.86747,0,0.0131383,1517 1518 1466 -1
GCP,adapt_p35-659087696138755_a14-999999999999998_486_map.h5,7.81642,10,279,770,54.340912:15.000000,1568,False,21,5,1652,0.92866,7.29184,0,0.0134016,1611 1612 1652 1613 -1
GCP,adapt_p70-52877936550931_a168-74999999999997_236_map.h5,6.56679,10,180,1025,19.471220:168.750000,1197,True,60,4,1196,0.460724,5.81882,0,0.0130471,997 1196 1197 -1
GCP,adapt_p23-556464309101234_a337-5_37_map.h5,6.88915,10,591,1124,66.443535:337.500000,1716,True,10,4,1716,0.979542,4.7614,0,0.0126425,1685 1684 1716 -1
GCP,adapt_p60-00000000000001_a202-49999999999997_282_map.h5,7.89206,10,600,771,30.000000:202.500000,1328,False,10,5,1327,0.995209,5.81153,0,0.0127356,1265 1265 1327 1326 -1
GCP,adapt_p35-659087696138755_a135-0_309_map.h5,7.77918,10,279,709,54.340912:135.000000,1583,False,26,5,1625,0.816206,7.40401,0,0.012632,1664 1625 1624 1581 -1
GCP,adapt_p80-40593177313954_a90-0_44_map.h5,5.85327,10,374,1513,9.594069:90.000000,1051,True,16,4,1051,0.921296,4.83323,0,0.0125603,1117 1051 1050 -1
GCP,adapt_p70-52877936550931_a258-75_526_map.h5,6.86106,10,622,1159,19.471220:258.750000,1213,True,15,5,1213,0.939593,5.83192,0,0.0127635,1276 1276 1213 1212 -1
GCP,adapt_p48-18968510422141_a213-75_365_map.h5,7.76928,10,154,782,41.810314:213.750000,1497,False,25,5,1446,0.849279,7.22097,0,0.0126006,1498 1445 1446 1389 -1
GCP,adapt_p60-00000000000001_a45-0_15_map.h5,7.83922,10,305,745,30.000000:45.000000,1301,True,18,5,1301,0.899033,7.27351,0,0.0126033,1300 1301 1302 1361 -1
GCP,adapt_p60-00000000000001_a247-49999999999997_454_map.h5,7.87547,10,415,758,30.000000:247.500000,1335,True,12,5,1335,0.983282,5.90179,0,0.0123397,1273 1273 1334 1335 -1
GCP,adapt_p60-00000000000001_a45-0_516_map.h5,6.85407,10,360,1021,30.000000:45.000000,1301,False,14,5,1303,0.915939,5.82059,0,0.0127605,1362 1362 1303 1302 -1
GCP,adapt_p80-40593177313954_a90-0_161_map.h5,5.72018,10,294,1504,9.594069:90.000000,1051,False,33,4,1118,0.638685,4.82455,0,0.0126398,1053 1119 1118 -1
GCP,adapt_p80-40593177313954_a270-0_466_map.h5,6.80604,10,621,1132,9.594069:270.000000,1084,False,22,4,1087,0.554251,5.38112,0,0.0127887,1217 1086 1087 -1
GCP,adapt_p70-52877936550931_a123-74999999999999_204_map.h5,6.87054,10,597,1150,19.471220:123.750000,1189,True,13,4,1189,0.720753,4.96115,0,0.0132628,1252 1189 1253 -1
GCP,adapt_p70-52877936550931_a281-24999999999994_315_map.h5,8.88525,10,427,389,19.471220:281.250000,1217,True,11,6,1217,0.998708,8.2606,0,0.0125427,1218 1218 1217 1152 1153 -1
GCP,adapt_p60-00000000000001_a270-0_343_map.h5,6.71744,10,299,1085,30.000000:270.000000,1339,False,33,4,1337,0.659427,4.80456,0,0.0133604,1395 1337 1338 -1
GCP,adapt_p35-659087696138755_a344-99999999999994_107_map.h5,7.89737,10,618,754,54.340912:345.000000,1609,True,8,5,1609,0.999489,5.88914,0,0.0124162,1608 1608 1649 1609 -1
GCP,adapt_p80-40593177313954_a292-5_212_map.h5,6.7508,10,205,1064,9.594069:292.500000,1088,False,31,4,1020,0.551627,5.45281,0,0.0130201,951 953 1020 -1
GCP,adapt_p48-18968510422141_a191-25_75_map.h5,7.37854,10,117,753,41.810314:191.250000,1494,False,90,4,1441,0.544374,5.93213,0,0.0132698,1329 1385 1441 -1
GCP,adapt_p48-18968510422141_a191-25_343_map.h5,1.69532,10,14,345,41.810314:191.250000,1494,False,1800,2,863,0,0.316719,0,0.316719,1264 -1
GCP,adapt_p80-40593177313954_a67-5_36_map.h5,6.58753,10,80,1164,9.594069:67.500000,1047,False,52,4,1180,0.570889,5.4152,0,0.0132821,1182 1180 1114 -1
GCP,adapt_p48-18968510422141_a11-25_357_map.h5,4.98418,10,94,1153,41.810314:11.250000,1468,False,319,2,1467,0,0.0232894,0,0.0232894,1714 -1
GCP,adapt_p80-40593177313954_a135-0_537_map.h5,6.26951,10,63,715,9.594069:135.000000,1059,False,263,2,1321,0,0.0192569,0,0.0192569,1053 -1
GCP,adapt_p48-18968510422141_a123-74999999999999_501_map.h5,7.87822,10,413,780,41.810314:123.750000,1484,True,13,5,1484,0.960782,7.22038,0,0.01258,1536 1535 1484 1485 -1
GCP,adapt_p70-52877936550931_a11-25_566_map.h5,6.88235,10,569,1124,19.471220:11.250000,1169,True,8,5,1102,0.985676,5.88491,0,0.0124501,1169 1169 1103 1102 -1
GCP,adapt_p80-40593177313954_a45-0_312_map.h5,7.84622,10,333,730,9.594069:45.000000,1042,True,18,5,1043,0.96309,7.3038,0,0.012593,1109 1043 975 1042 -1
GCP,adapt_p35-659087696138755_a135-0_65_map.h5,8.83724,10,310,401,54.340912:135.000000,1583,True,18,6,1582,0.935558,8.19902,0,0.0135644,1626 1626 1625 1582 1583 -1
GCP,adapt_p60-00000000000001_a315-0_78_map.h5,7.86028,10,306,721,30.000000:315.000000,1346,True,15,5,1347,0.920701,7.25201,0,0.012519,1285 1286 1347 1346 -1
GCP,adapt_p80-40593177313954_a22-5_187_map.h5,7.54782,10,166,684,9.594069:22.500000,1038,False,59,4,1105,0.400303,5.92863,0,0.0130393,969 1105 1172 -1
GCP,adapt_p48-18968510422141_a348-74999999999994_552_map.h5,7.77225,10,174,709,41.810314:348.750000,1517,False,29,5,1465,0.86808,7.24087,0,0.0125399,1409 1465 1464 1516 -1
GCP,adapt_p35-659087696138755_a135-0_307_map.h5,7.76019,10,168,750,54.340912:135.000000,1583,False,32,5,1627,0.810431,7.39319,0,0.0126159,1582 1626 1627 1584 -1
GCP,adapt_p23-556464309101234_a112-5_293_map.h5,6.88979,10,581,1070,66.443535:112.500000,1697,True,11,5,1697,0.998019,5.75608,0,0.0130096,1726 1726 1697 1698 -1
GCP,adapt_p35-659087696138755_a255-00000000000003_375_map.h5,7.89724,10,799,743,54.340912:255.000000,1598,True,8,5,1640,0.999869,7.32609,0,0.0125622,1639 1640 1598 1639 -1
GCP,adapt_p48-18968510422141_a326-24999999999994_288_map.h5,7.67589,10,259,723,41.810314:326.250000,1514,False,40,4,1609,0.580364,5.92582,0,0.0129085,1513 1608 1609 -1
GCP,adapt_p70-52877936550931_a213-75_455_map.h5,7.00541,10,121,745,19.471220:213.750000,1205,False,151,2,1204,0,0.0143418,0,0.0143418,948 -1
GCP,adapt_p23-556464309101234_a22-5_128_map.h5,6.88191,10,605,1158,66.443535:22.500000,1689,True,10,4,1689,0.962974,4.76088,0,0.0128795,1690 1689 1653 -1
GCP,adapt_p48-18968510422141_a326-24999999999994_356_map.h5,8.77795,10,191,370,41.810314:326.250000,1514,True,27,5,1513,0.795274,7.21073,0,0.0128499,1561 1562 1513 1514 -1
GCP,adapt_p48-18968510422141_a101-24999999999999_249_map.h5,5.84509,10,416,1467,41.810314:101.250000,1481,False,16,4,1428,0.922802,4.8811,0,0.0127164,1429 1428 1427 -1
GCP,adapt_p60-00000000000001_a112-49999999999999_31_map.h5,7.82111,10,211,769,30.000000:112.500000,1313,True,22,4,1312,0.834375,4.80743,0,0.0126989,1371 1312 1313 -1
GCP,adapt_p80-40593177313954_a180-0_384_map.h5,7.78,10,290,748,9.594069:180.000000,1067,True,25,5,1067,0.863387,7.26006,0,0.0128006,1134 1068 1067 1066 -1
GCP,adapt_p23-556464309101234_a22-5_95_map.h5,5.86241,10,397,1514,66.443535:22.500000,1689,True,13,4,1689,0.938774,4.76037,0,0.0123735,1690 1689 1653 -1
GCP,adapt_p35-659087696138755_a315-0_483_map.h5,7.82258,10,261,785,54.340912:315.000000,1605,True,23,5,1646,0.900154,7.11745,0,0.0132569,1683 1647 1646 1605 -1
GCP,adapt_p70-52877936550931_a146-25_505_map.h5,7.86807,10,533,759,19.471220:146.250000,1193,True,13,5,1193,0.966657,7.3067,0,0.012778,1127 1128 1194 1193 -1
GCP,adapt_p80-40593177313954_a22-5_499_map.h5,8.87023,10,420,356,9.594069:22.500000,1038,True,13,6,1038,0.995978,8.37344,0,0.0125738,1039 1039 1038 970 971 -1
GCP,adapt_p23-556464309101234_a337-5_251_map.h5,7.86632,10,416,708,66.443535:337.500000,1716,True,13,5,1742,0.986883,7.14737,0,0.0124873,1717 1716 1742 1741 -1
GCP,adapt_p35-659087696138755_a255-00000000000003_328_map.h5,7.8129,10,377,718,54.340912:255.000000,1598,True,17,5,1598,0.968804,7.20332,0,0.012922,1639 1597 1598 1553 -1
GCP,adapt_p35-659087696138755_a105-0_560_map.h5,5.80709,10,294,1551,54.340912:105.000000,1579,False,22,4,1660,0.569867,4.81537,0,0.0127189,1659 1660 1622 -1
GCP,adapt_p80-40593177313954_a247-49999999999997_566_map.h5,8.73947,10,220,359,9.594069:247.500000,1080,True,33,5,1080,0.745987,8.17882,0,0.0133396,1147 1012 1080 1013 -1
GCP,adapt_p60-00000000000001_a337-49999999999994_331_map.h5,7.5981,10,125,716,30.000000:337.500000,1350,True,51,4,1350,0.626067,5.43503,0,0.0127171,1226 1350 1351 -1
GCP,adapt_p80-40593177313954_a202-49999999999997_41_map.h5,7.86529,10,438,746,9.594069:202.500000,1072,True,15,5,1138,0.955558,7.25912,0,0.0125293,1073 1072 1138 1139 -1
GCP,adapt_p80-40593177313954_a180-0_99_map.h5,6.83437,10,420,1110,9.594069:180.000000,1067,True,18,4,1000,0.725439,4.90432,0,0.0124243,999 1067 1000 -1
GCP,adapt_p23-556464309101234_a202-5_432_map.h5,5.83549,10,384,1467,66.443535:202.500000,1704,True,18,4,1704,0.805463,4.76946,0,0.0123305,1671 1670 1704 -1
GCP,adapt_p80-40593177313954_a247-49999999999997_292_map.h5,7.75529,10,338,762,9.594069:247.500000,1080,True,31,5,1080,0.739809,7.36994,0,0.012525,1078 1079 1080 1081 -1
GCP,adapt_p60-00000000000001_a292-5_127_map.h5,4.48001,10,129,1167,30.000000:292.500000,1343,False,391,2,1731,0,0.0275824,0,0.0275824,1483 -1
GCP,adapt_p48-18968510422141_a168-74999999999997_371_map.h5,5.58279,10,271,1578,41.810314:168.750000,1491,False,51,4,1494,0.401318,5.28534,0,0.0130299,1496 1545 1494 -1
GCP,adapt_p48-18968510422141_a56-24999999999999_138_map.h5,6.76824,10,239,1138,41.810314:56.250000,1475,True,27,4,1475,0.621001,4.86506,0,0.0125962,1476 1475 1474 -1
GCP,adapt_p23-556464309101234_a247-49999999999997_491_map.h5,7.86108,10,380,741,66.443535:247.500000,1708,True,14,5,1709,0.950855,7.14713,0,0.0127281,1675 1676 1709 1708 -1
GCP,adapt_p35-659087696138755_a135-0_324_map.h5,7.88731,10,533,766,54.340912:135.000000,1583,True,10,5,1583,0.998332,5.77867,0,0.0124848,1626 1626 1583 1582 -1
GCP,adapt_p80-40593177313954_a337-49999999999994_164_map.h5,6.81409,10,392,1117,9.594069:337.500000,1097,True,20,4,1097,0.841813,4.91088,0,0.012722,1029 1097 1096 -1
GCP,adapt_p80-40593177313954_a0-0_392_map.h5,7.80836,10,229,761,9.594069:0.000000,1034,True,22,5,1034,0.915993,7.35811,0,0.0134481,1035 1034 1033 1100 -1
GCP,adapt_p60-00000000000001_a247-49999999999997_345_map.h5,8.89442,10,664,371,30.000000:247.500000,1335,True,7,6,1335,0.999999,8.24521,0,0.012374,1393 1393 1394 1336 1335 -1
GCP,adapt_p70-52877936550931_a348-74999999999994_181_map.h5,6.87003,10,537,1124,19.471220:348.750000,1229,True,13,4,1230,0.887794,4.92128,0,0.0127635,1166 1230 1229 -1
GCP,adapt_p60-00000000000001_a224-99999999999997_562_map.h5,5.69621,10,307,1475,30.000000:225.000000,1331,False,41,4,1389,0.680093,4.90068,0,0.0125985,1498 1446 1389 -1
GCP,adapt_p48-18968510422141_a146-25_236_map.h5,8.63607,10,161,353,41.810314:146.250000,1488,False,49,5,1538,0.7883,8.307,0,0.0136639,1490 1487 1538 1537 -1
GCP,adapt_p60-00000000000001_a202-49999999999997_598_map.h5,7.8788,10,485,735,30.000000:202.500000,1328,True,12,5,1327,0.961567,5.87056,0,0.0130077,1385 1385 1327 1328 -1
GCP,adapt_p23-556464309101234_a112-5_105_map.h5,7.89083,10,750,758,66.443535:112.500000,1697,True,8,5,1697,0.807401,5.97092,0,0.0128559,1726 1726 1697 1725 -1
GCP,adapt_p48-18968510422141_a281-24999999999994_237_map.h5,5.87177,10,585,1478,41.810314:281.250000,1507,False,10,4,1456,0.896699,4.79286,0,0.0130186,1455 1456 1508 -1
GCP,adapt_p11-715852394892384_a135-0_587_map.h5,5.64596,10,214,1497,78.284149:135.000000,1770,False,48,4,1753,0.639303,5.28011,0,0.0127937,1700 1753 1752 -1
GCP,adapt_p35-659087696138755_a75-0_134_map.h5,7.75435,10,219,762,54.340912:75.000000,1576,True,31,5,1575,0.787135,7.28717,0,0.0124528,1530 1576 1575 1619 -1
GCP,adapt_p60-00000000000001_a202-49999999999997_134_map.h5,8.87827,10,392,424,30.000000:202.500000,1328,True,13,6,1328,0.993549,8.26916,0,0.0125394,1266 1266 1267 1329 1328 -1
GCP,adapt_p48-18968510422141_a123-74999999999999_418_map.h5,6.86131,10,475,1137,41.810314:123.750000,1484,True,12,4,1483,0.804561,4.87973,0,0.0124997,1430 1484 1483 -1
GCP,adapt_p35-659087696138755_a255-00000000000003_413_map.h5,8.8312,10,294,437,54.340912:255.000000,1598,True,20,5,1598,0.972129,7.2344,0,0.0126132,1599 1598 1597 1639 -1
GCP,adapt_p11-715852394892384_a135-0_231_map.h5,7.88313,10,485,713,78.284149:135.000000,1770,True,12,5,1770,0.905195,7.20424,0,0.0126658,1752 1751 1770 1752 -1
GCP,adapt_p35-659087696138755_a105-0_77_map.h5,6.87372,10,524,1123,54.340912:105.000000,1579,True,10,5,1579,0.996949,5.8272,0,0.0130711,1533 1533 1579 1580 -1
GCP,adapt_p48-18968510422141_a281-24999999999994_113_map.h5,5.81327,10,434,1510,41.810314:281.250000,1507,True,17,4,1507,0.750627,4.79026,0,0.0125417,1508 1507 1455 -1
GCP,adapt_p70-52877936550931_a213-75_140_map.h5,5.41802,10,85,1520,19.471220:213.750000,1205,False,82,3,1447,0.212315,3.00159,0,0.0138108,1333 1447 -1
GCP,adapt_p35-659087696138755_a75-0_273_map.h5,5.82549,10,172,1535,54.340912:75.000000,1576,True,21,4,1620,0.830218,4.82556,0,0.0132867,1621 1620 1576 -1
GCP,adapt_p60-00000000000001_a22-5_300_map.h5,7.87829,10,587,709,30.000000:22.500000,1298,True,11,5,1298,0.986962,5.85987,0,0.012515,1357 1357 1298 1297 -1
GCP,adapt_p35-659087696138755_a315-0_534_map.h5,6.88318,10,615,1091,54.340912:315.000000,1605,True,9,4,1605,0.934005,4.77797,0,0.0126193,1606 1605 1646 -1
GCP,adapt_p35-659087696138755_a315-0_51_map.h5,5.65449,10,239,1478,54.340912:315.000000,1605,True,46,3,1605,0.316537,3.75913,0,0.0133297,1716 1605 -1
GCP,adapt_p35-659087696138755_a135-0_154_map.h5,7.7924,10,213,765,54.340912:135.000000,1583,True,27,5,1583,0.882524,7.12027,0,0.012411,1486 1537 1583 1584 -1
GCP,adapt_p80-40593177313954_a67-5_103_map.h5,7.54711,10,147,715,9.594069:67.500000,1047,False,42,4,908,0.480707,6.57237,0,0.0127423,912 908 839 -1
GCP,adapt_p35-659087696138755_a165-0_515_map.h5,5.25707,10,142,1452,54.340912:165.000000,1587,False,109,4,1337,0.607285,5.1999,0,0.0137794,1450 1395 1337 -1
GCP,adapt_p48-18968510422141_a236-25_389_map.h5,5.78517,10,343,1517,41.810314:236.250000,1501,False,25,4,1500,0.627046,4.86263,0,0.0126009,1446 1447 1500 -1
GCP,adapt_p80-40593177313954_a247-49999999999997_103_map.h5,8.88029,10,522,390,9.594069:247.500000,1080,True,12,6,1079,0.999179,8.27807,0,0.0125067,1145 1145 1079 1080 1081 -1
GCP,adapt_p80-40593177313954_a337-49999999999994_594_map.h5,8.88031,10,565,388,9.594069:337.500000,1097,True,9,6,1096,0.99594,8.33744,0,0.0124847,1161 1161 1162 1096 1097 -1
GCP,adapt_p60-00000000000001_a45-0_195_map.h5,5.8324,10,170,1538,30.000000:45.000000,1301,False,20,4,1302,0.745387,4.80037,0,0.0124267,1240 1239 1302 -1
GCP,adapt_p23-556464309101234_a292-5_279_map.h5,6.86828,10,352,1150,66.443535:292.500000,1712,True,12,5,1712,0.992622,5.78923,0,0.0125282,1739 1739 1713 1712 -1
GCP,adapt_p60-00000000000001_a112-49999999999999_545_map.h5,7.88687,10,508,818,30.000000:112.500000,1313,True,12,5,1313,0.995492,5.89709,0,0.0129489,1251 1251 1314 1313 -1
GCP,adapt_p70-52877936550931_a146-25_144_map.h5,7.88832,10,570,707,19.471220:146.250000,1193,True,10,5,1193,0.995309,5.84942,0,0.0124815,1127 1127 1193 1192 -1
GCP,adapt_p80-40593177313954_a224-99999999999997_506_map.h5,7.85112,10,669,735,9.594069:225.000000,1076,False,13,5,1143,0.99035,7.18473,0,0.0126955,1207 1142 1143 1077 -1
GCP,adapt_p60-00000000000001_a337-49999999999994_459_map.h5,7.87331,10,505,760,30.000000:337.500000,1350,True,12,5,1408,0.956679,5.85333,0,0.0124765,1350 1350 1408 1409 -1
GCP,adapt_p48-18968510422141_a191-25_86_map.h5,7.8032,10,178,779,41.810314:191.250000,1494,False,24,5,1440,0.851188,7.13223,0,0.0125927,1382 1439 1440 1493 -1
GCP,adapt_p60-00000000000001_a135-0_73_map.h5,4.74991,10,163,1913,30.000000:135.000000,1316,True,32,3,1316,0.479027,2.85235,0,0.0129205,1255 1316 -1
GCP,adapt_p60-00000000000001_a202-49999999999997_500_map.h5,6.83833,10,448,1146,30.000000:202.500000,1328,True,18,4,1328,0.832856,4.8116,0,0.0134725,1265 1327 1328 -1
GCP,adapt_p60-00000000000001_a180-0_436_map.h5,6.36567,10,107,1194,30.000000:180.000000,1324,False,91,4,1062,0.383148,5.86366,0,0.014157,1259 1128 1062 -1
GCP,adapt_p80-40593177313954_a90-0_502_map.h5,6.86618,10,504,1106,9.594069:90.000000,1051,True,12,5,1118,0.954023,5.93332,0,0.012627,1052 1052 1118 1051 -1
GCP,adapt_p48-18968510422141_a281-24999999999994_22_map.h5,1.64969,10,25,329,41.810314:281.250000,1507,False,1800,2,1087,0,0.316984,0,0.316984,960 -1
GCP,adapt_p80-40593177313954_a90-0_328_map.h5,8.89823,10,688,383,9.594069:90.000000,1051,True,7,6,1051,0.999506,8.35187,0,0.0125668,1050 1050 983 1051 984 -1
GCP,adapt_p80-40593177313954_a247-49999999999997_599_map.h5,7.88311,10,410,761,9.594069:247.500000,1080,True,13,5,1081,0.985949,7.35112,0,0.0127037,1014 1081 1013 1080 -1
GCP,adapt_p48-18968510422141_a348-74999999999994_529_map.h5,7.75021,10,217,796,41.810314:348.750000,1517,True,31,5,1517,0.836144,7.28456,0,0.0135992,1464 1516 1565 1517 -1
GCP,adapt_p35-659087696138755_a105-0_283_map.h5,8.87123,10,267,381,54.340912:105.000000,1579,False,13,6,1623,0.988822,8.2036,0,0.0125858,1662 1662 1661 1623 1624 -1
GCP,adapt_p23-556464309101234_a337-5_82_map.h5,6.84799,10,496,1117,66.443535:337.500000,1716,False,17,4,1715,0.662168,4.69698,0,0.0128126,1683 1715 1741 -1
GCP,adapt_p23-556464309101234_a22-5_429_map.h5,8.89964,10,784,377,66.443535:22.500000,1689,True,10,6,1689,0.999862,8.3098,0,0.0131678,1690 1690 1653 1689 1719 -1
GCP,adapt_p70-52877936550931_a146-25_69_map.h5,8.89907,10,783,347,19.471220:146.250000,1193,True,9,6,1192,0.995857,8.25432,0,0.0127424,1255 1255 1256 1193 1192 -1
GCP,adapt_p60-00000000000001_a202-49999999999997_155_map.h5,6.86276,10,311,1112,30.000000:202.500000,1328,False,13,4,1327,0.900712,4.86919,0,0.0130222,1385 1327 1326 -1
GCP,adapt_p80-40593177313954_a224-99999999999997_430_map.h5,5.84838,10,348,1442,9.594069:225.000000,1076,True,18,4,1077,0.876968,4.91081,0,0.0124113,1010 1077 1076 -1
GCP,adapt_p48-18968510422141_a236-25_28_map.h5,7.84035,10,302,733,41.810314:236.250000,1501,True,18,5,1448,0.892887,7.2179,0,0.0124532,1550 1500 1501 1448 -1
GCP,adapt_p60-00000000000001_a112-49999999999999_353_map.h5,7.85936,10,419,750,30.000000:112.500000,1313,True,15,5,1372,0.966076,7.40117,0,0.0124475,1371 1313 1372 1373 -1
GCP,adapt_p48-18968510422141_a191-25_16_map.h5,7.7635,10,271,765,41.810314:191.250000,1494,False,30,5,1592,0.824558,7.58365,0,0.0132735,1590 1546 1547 1592 -1
GCP,adapt_p80-40593177313954_a22-5_519_map.h5,5.69604,10,255,1475,9.594069:22.500000,1038,True,41,4,1104,0.557338,5.52973,0,0.0127591,1235 1104 1038 -1
GCP,adapt_p48-18968510422141_a191-25_381_map.h5,7.80514,10,264,755,41.810314:191.250000,1494,True,25,5,1442,0.887223,7.37764,0,0.0126799,1386 1442 1441 1494 -1
GCP,adapt_p48-18968510422141_a11-25_117_map.h5,5.84934,10,376,1522,41.810314:11.250000,1468,True,17,4,1468,0.683484,4.88986,0,0.0124637,1520 1468 1413 -1
GCP,adapt_p60-00000000000001_a337-49999999999994_315_map.h5,6.86463,10,464,1196,30.000000:337.500000,1350,True,14,4,1350,0.894318,4.86285,0,0.0131353,1351 1350 1408 -1
GCP,adapt_p35-659087696138755_a255-00000000000003_283_map.h5,6.88619,10,633,1120,54.340912:255.000000,1598,True,9,4,1598,0.969084,4.82488,0,0.0126041,1639 1640 1598 -1
GCP,adapt_p80-40593177313954_a270-0_447_map.h5,7.80904,10,264,705,9.594069:270.000000,1084,False,23,4,1085,0.829068,5.41039,0,0.0127713,1149 1085 1151 -1
GCP,adapt_p48-18968510422141_a258-75_423_map.h5,7.79324,10,285,732,41.810314:258.750000,1504,True,25,5,1504,0.856279,7.27097,0,0.0125814,1552 1553 1554 1504 -1
GCP,adapt_p70-52877936550931_a258-75_396_map.h5,8.87467,10,480,380,19.471220:258.750000,1213,True,12,6,1213,0.960605,8.36376,0,0.0131299,1214 1214 1148 1213 1276 -1
GCP,adapt_p23-556464309101234_a67-5_376_map.h5,7.74121,10,163,752,66.443535:67.500000,1693,False,39,5,1722,0.797402,7.26737,0,0.01258,1657 1692 1722 1721 -1
GCP,adapt_p11-715852394892384_a225-0_204_map.h5,5.42323,10,109,1495,78.284149:225.000000,1774,False,81,4,1787,0.326816,5.26545,0,0.0135911,1791 1788 1787 -1
GCP,adapt_p60-00000000000001_a135-0_292_map.h5,8.88242,10,621,373,30.000000:135.000000,1316,True,9,6,1317,0.999818,8.29614,0,0.0123619,1254 1254 1255 1317 1316 -1
GCP,adapt_p80-40593177313954_a0-0_101_map.h5,6.99864,10,83,770,9.594069:0.000000,1034,False,159,4,1165,0.51436,5.83777,0,0.0151274,1294 1166 1165 -1
GCP,adapt_p80-40593177313954_a180-0_36_map.h5,7.48182,10,143,739,9.594069:180.000000,1067,False,75,5,1261,0.61504,7.22539,0,0.0129854,1132 1198 1261 1262 -1
GCP,adapt_p80-40593177313954_a22-5_46_map.h5,6.87521,10,536,1188,9.594069:22.500000,1038,True,13,5,1038,0.967391,5.88411,0,0.0126141,1105 1105 1039 1038 -1
GCP,adapt_p70-52877936550931_a191-25_559_map.h5,8.86965,10,315,398,19.471220:191.250000,1201,True,14,6,1201,0.989823,8.3505,0,0.0131415,1136 1136 1135 1200 1201 -1
GCP,adapt_p60-00000000000001_a247-49999999999997_463_map.h5,7.84003,10,408,757,30.000000:247.500000,1335,True,16,5,1335,0.964646,7.34294,0,0.0127966,1274 1273 1334 1335 -1
GCP,adapt_p35-659087696138755_a165-0_375_map.h5,6.87539,10,610,1124,54.340912:165.000000,1587,True,10,5,1587,0.976529,5.88913,0,0.0124083,1586 1586 1629 1587 -1
GCP,adapt_p35-659087696138755_a135-0_55_map.h5,5.81275,10,458,1435,54.340912:135.000000,1583,True,19,4,1583,0.840127,4.86,0,0.0130665,1584 1583 1582 -1
GCP,adapt_p48-18968510422141_a326-24999999999994_163_map.h5,6.69609,10,298,1110,41.810314:326.250000,1514,False,35,4,1562,0.637255,5.37382,0,0.0127091,1560 1562 1513 -1
GCP,adapt_p70-52877936550931_a101-24999999999999_590_map.h5,7.44362,10,107,794,19.471220:101.250000,1185,False,78,4,1201,0.482194,5.97483,0,0.0131993,1323 1264 1201 -1
GCP,adapt_p35-659087696138755_a75-0_354_map.h5,7.88716,10,551,775,54.340912:75.000000,1576,True,9,5,1620,0.999294,5.82628,0,0.0126156,1576 1576 1620 1619 -1
GCP,adapt_p11-715852394892384_a315-0_105_map.h5,8.87886,10,505,397,78.284149:315.000000,1778,True,12,6,1762,0.998974,8.03844,0,0.012936,1763 1763 1779 1778 1762 -1
GCP,adapt_p23-556464309101234_a337-5_448_map.h5,8.6231,10,130,378,66.443535:337.500000,1716,True,51,5,1716,0.619218,7.67127,0,0.012708,1740 1742 1716 1684 -1
GCP,adapt_p80-40593177313954_a315-0_542_map.h5,7.79532,10,313,744,9.594069:315.000000,1093,True,24,5,1094,0.911003,7.36364,0,0.0124722,1028 1095 1094 1093 -1
GCP,adapt_p48-18968510422141_a258-75_129_map.h5,8.89829,10,576,392,41.810314:258.750000,1504,True,9,6,1452,0.999329,8.33049,0,0.0124991,1451 1451 1504 1452 1453 -1
GCP,adapt_p35-659087696138755_a285-0_380_map.h5,8.87926,10,460,339,54.340912:285.000000,1601,True,12,6,1602,0.997284,8.30388,0,0.0125149,1643 1643 1601 1602 1558 -1
GCP,adapt_p80-40593177313954_a0-0_172_map.h5,8.89433,10,495,377,9.594069:0.000000,1034,True,12,6,1100,0.999549,8.83138,0,0.0124843,1033 1033 1099 1100 1034 -1
GCP,adapt_p70-52877936550931_a281-24999999999994_592_map.h5,7.84202,10,258,737,19.471220:281.250000,1217,True,19,5,1217,0.895812,7.25994,0,0.0127924,1216 1217 1152 1153 -1
GCP,adapt_p60-00000000000001_a180-0_491_map.h5,7.86091,10,417,767,30.000000:180.000000,1324,True,14,5,1325,0.865927,7.80522,0,0.0128779,1383 1325 1324 1384 -1
GCP,adapt_p23-556464309101234_a292-5_39_map.h5,8.89275,10,805,391,66.443535:292.500000,1712,True,9,6,1712,0.999908,8.17365,0,0.0130404,1738 1738 1739 1713 1712 -1
GCP,adapt_p35-659087696138755_a315-0_28_map.h5,8.88781,10,465,339,54.340912:315.000000,1605,True,10,6,1605,0.999567,8.19859,0,0.012963,1646 1646 1645 1604 1605 -1
GCP,adapt_p70-52877936550931_a11-25_568_map.h5,8.8943,10,637,354,19.471220:11.250000,1169,True,9,6,1169,0.992614,8.33383,0,0.0125118,1232 1232 1233 1170 1169 -1
GCP,adapt_p60-00000000000001_a45-0_431_map.h5,5.83613,10,366,1534,30.000000:45.000000,1301,False,16,4,1361,0.83473,4.79828,0,0.0126738,1419 1361 1360 -1
GCP,adapt_p48-18968510422141_a168-74999999999997_288_map.h5,7.86927,10,634,751,41.810314:168.750000,1491,True,10,5,1491,0.975202,5.85263,0,0.0125381,1541 1541 1491 1438 -1
GCP,adapt_p70-52877936550931_a11-25_362_map.h5,8.89136,10,447,410,19.471220:11.250000,1169,True,10,6,1169,0.998032,8.33918,0,0.0124422,1233 1233 1232 1169 1170 -1
GCP,adapt_p23-556464309101234_a247-49999999999997_418_map.h5,7.62703,10,53,817,66.443535:247.500000,1708,True,55,5,1707,0.748828,7.39486,0,0.0127899,1736 1708 1707 1734 -1
GCP,adapt_p23-556464309101234_a157-5_424_map.h5,5.79632,10,400,1475,66.443535:157.500000,1701,True,22,4,1700,0.576908,4.8004,0,0.0125206,1701 1700 1699 -1
GCP,adapt_p48-18968510422141_a78-75_350_map.h5,6.87745,10,598,1115,41.810314:78.750000,1478,True,10,4,1478,0.960553,4.79256,0,0.0123192,1477 1478 1424 -1
GCP,adapt_p48-18968510422141_a303-75_4_map.h5,7.8414,10,489,765,41.810314:303.750000,1510,False,11,5,1460,0.986476,5.79607,0,0.0133778,1404 1404 1460 1459 -1
GCP,adapt_p80-40593177313954_a135-0_100_map.h5,6.86052,10,524,1091,9.594069:135.000000,1059,True,15,5,1059,0.861441,5.91135,0,0.0123019,991 991 1059 1060 -1
GCP,adapt_p60-00000000000001_a270-0_538_map.h5,7.40463,10,124,738,30.000000:270.000000,1339,False,81,4,1213,0.541306,7.0225,0,0.013197,1271 1213 1214 -1
GCP,adapt_p80-40593177313954_a292-5_78_map.h5,8.85516,10,333,390,9.594069:292.500000,1088,False,17,5,1089,0.953286,7.30392,0,0.0126543,1154 1155 1089 1090 -1
GCP,adapt_p35-659087696138755_a285-0_261_map.h5,6.88626,10,673,1152,54.340912:285.000000,1601,True,10,4,1643,0.988587,4.812,0,0.0125368,1601 1602 1643 -1
GCP,adapt_p70-52877936550931_a348-74999999999994_543_map.h5,8.89078,10,691,379,19.471220:348.750000,1229,True,11,6,1229,0.999928,8.83366,0,0.0130093,1291 1291 1230 1229 1228 -1
GCP,adapt_p11-715852394892384_a45-0_342_map.h5,7.88436,10,517,746,78.284149:45.000000,1766,True,11,5,1766,0.986873,5.67742,0,0.0134418,1765 1765 1766 1746 -1
GCP,adapt_p35-659087696138755_a75-0_510_map.h5,7.88166,10,500,719,54.340912:75.000000,1576,True,11,5,1576,0.982804,5.81191,0,0.0131674,1619 1619 1575 1576 -1
GCP,adapt_p48-18968510422141_a281-24999999999994_120_map.h5,8.86497,10,438,350,41.810314:281.250000,1507,True,14,6,1507,0.995573,8.22642,0,0.0128613,1506 1506 1507 1455 1454 -1
GCP,adapt_p70-52877936550931_a78-75_577_map.h5,6.86465,10,527,1064,19.471220:78.750000,1181,True,12,4,1115,0.666181,4.80658,0,0.0131561,1116 1115 1181 -1
GCP,adapt_p23-556464309101234_a247-49999999999997_135_map.h5,7.88105,10,608,691,66.443535:247.500000,1708,True,11,5,1708,0.995157,5.75464,0,0.0127552,1735 1735 1708 1709 -1
GCP,adapt_p60-00000000000001_a292-5_74_map.h5,6.86308,10,513,1139,30.000000:292.500000,1343,False,13,4,1342,0.858787,4.80065,0,0.0127001,1280 1281 1342 -1
GCP,adapt_p35-659087696138755_a344-99999999999994_151_map.h5,8.87121,10,376,355,54.340912:345.000000,1609,True,11,6,1650,0.989938,8.21091,0,0.0125917,1609 1609 1650 1649 1685 -1
GCP,adapt_p80-40593177313954_a45-0_225_map.h5,8.89138,10,549,378,9.594069:45.000000,1042,True,11,6,1043,0.997511,8.31365,0,0.0124313,1110 1110 1044 1043 1042 -1
GCP,adapt_p48-18968510422141_a123-74999999999999_347_map.h5,6.86823,10,559,1118,41.810314:123.750000,1484,True,13,4,1431,0.927227,4.87487,0,0.0125839,1432 1431 1484 -1
GCP,adapt_p48-18968510422141_a191-25_284_map.h5,8.89731,10,532,369,41.810314:191.250000,1494,True,8,6,1441,0.999605,8.47735,0,0.0124738,1494 1494 1442 1441 1440 -1
GCP,adapt_p70-52877936550931_a236-25_8_map.h5,7.88028,10,481,767,19.471220:236.250000,1209,True,11,5,1208,0.984045,5.81865,0,0.0125282,1271 1271 1208 1209 -1
GCP,adapt_p11-715852394892384_a45-0_363_map.h5,8.89872,10,500,387,78.284149:45.000000,1766,True,9,6,1746,0.999895,8.0831,0,0.0130876,1766 1766 1746 1747 1767 -1
GCP,adapt_p70-52877936550931_a56-24999999999999_146_map.h5,6.87944,10,689,1098,19.471220:56.250000,1177,True,11,5,1177,0.996538,5.82631,0,0.013359,1111 1111 1177 1176 -1
GCP,adapt_p80-40593177313954_a157-5_89_map.h5,6.84718,10,479,1127,9.594069:157.500000,1063,True,16,4,1063,0.906216,5.10339,0,0.0126166,1130 1063 1062 -1
GCP,adapt_p80-40593177313954_a45-0_394_map.h5,8.87322,10,534,399,9.594069:45.000000,1042,False,12,6,1110,0.999035,8.31027,0,0.0125587,1043 1043 1044 1110 1109 -1
GCP,adapt_p70-52877936550931_a78-75_104_map.h5,7.87633,10,477,797,19.471220:78.750000,1181,True,12,5,1181,0.985955,5.84188,0,0.0124677,1244 1244 1181 1180 -1
GCP,adapt_p70-52877936550931_a56-24999999999999_286_map.h5,7.88629,10,638,765,19.471220:56.250000,1177,True,10,5,1177,0.989051,5.83154,0,0.0124924,1110 1110 1176 1177 -1
GCP,adapt_p80-40593177313954_a157-5_485_map.h5,7.8333,10,392,736,9.594069:157.500000,1063,True,13,5,1129,0.973284,7.25842,0,0.0124871,1064 1063 1129 1130 -1
GCP,adapt_p80-40593177313954_a22-5_525_map.h5,6.73337,10,191,1104,9.594069:22.500000,1038,False,35,4,971,0.768227,5.84219,0,0.0124336,1103 971 972 -1
GCP,adapt_p80-40593177313954_a135-0_391_map.h5,8.82134,10,249,385,9.594069:135.000000,1059,False,17,6,990,0.95229,8.37461,0,0.0134744,1058 1058 1057 990 991 -1
GCP,adapt_p80-40593177313954_a157-5_259_map.h5,8.8763,10,520,366,9.594069:157.500000,1063,True,12,6,1063,0.996133,8.26169,0,0.0125121,1129 1129 1128 1062 1063 -1
GCP,adapt_p60-00000000000001_a45-0_241_map.h5,8.89272,10,528,387,30.000000:45.000000,1301,True,10,6,1301,0.99626,8.4144,0,0.0130686,1302 1302 1238 1301 1300 -1
GCP,adapt_p60-00000000000001_a337-49999999999994_588_map.h5,6.87021,10,575,1127,30.000000:337.500000,1350,True,12,5,1350,0.996117,5.8381,0,0.0126021,1289 1289 1350 1351 -1
GCP,adapt_p70-52877936550931_a258-75_1_map.h5,7.83215,10,445,779,19.471220:258.750000,1213,True,19,5,1213,0.958102,7.45077,0,0.0126537,1214 1148 1213 1212 -1
GCP,adapt_p48-18968510422141_a303-75_360_map.h5,7.87773,10,405,664,41.810314:303.750000,1510,False,11,5,1511,0.981114,7.48337,0,0.0130722,1512 1511 1459 1512 -1
GCP,adapt_p48-18968510422141_a348-74999999999994_337_map.h5,6.87746,10,495,1205,41.810314:348.750000,1517,True,10,5,1465,0.985269,5.85739,0,0.0123524,1517 1517 1465 1466 -1
GCP,adapt_p80-40593177313954_a247-49999999999997_323_map.h5,6.78395,10,250,1066,9.594069:247.500000,1080,False,27,4,1081,0.628852,4.72066,0,0.012853,1212 1147 1081 -1
GCP,adapt_p35-659087696138755_a165-0_466_map.h5,7.85424,10,355,769,54.340912:165.000000,1587,True,15,5,1587,0.954629,7.22503,0,0.0125556,1630 1629 1586 1587 -1
GCP,adapt_p23-556464309101234_a22-5_161_map.h5,7.68211,10,188,717,66.443535:22.500000,1689,False,41,5,1616,0.688677,7.1471,0,0.0136948,1692 1656 1617 1616 -1
GCP,adapt_p80-40593177313954_a157-5_474_map.h5,7.87644,10,480,681,9.594069:157.500000,1063,True,11,5,995,0.890717,7.35702,0,0.0123714,1062 995 1063 1062 -1
GCP,adapt_p70-52877936550931_a56-24999999999999_576_map.h5,5.81938,10,278,1488,19.471220:56.250000,1177,True,20,4,1177,0.694287,4.82007,0,0.0123962,1112 1111 1177 -1
GCP,adapt_p23-556464309101234_a157-5_170_map.h5,6.47672,10,98,1019,66.443535:157.500000,1701,False,75,4,1582,0.444866,5.60544,0,0.0131024,1661 1581 1582 -1
GCP,adapt_p48-18968510422141_a56-24999999999999_304_map.h5,6.88341,10,535,1102,41.810314:56.250000,1475,True,11,5,1421,0.997861,5.78931,0,0.0123873,1475 1475 1421 1420 -1
GCP,adapt_p11-715852394892384_a135-0_242_map.h5,7.85133,10,325,689,78.284149:135.000000,1770,True,19,5,1771,0.901791,7.00828,0,0.012469,1770 1771 1772 1786 -1
GCP,adapt_p60-00000000000001_a315-0_273_map.h5,7.88872,10,538,775,30.000000:315.000000,1346,False,10,5,1403,0.966461,7.57943,0,0.0130686,1404 1403 1345 1404 -1
GCP,adapt_p11-715852394892384_a225-0_241_map.h5,8.83028,10,165,382,78.284149:225.000000,1774,False,23,5,1758,0.918183,7.04923,0,0.0125497,1776 1775 1758 1757 -1
GCP,adapt_p48-18968510422141_a191-25_248_map.h5,6.88348,10,628,1129,41.810314:191.250000,1494,True,11,5,1494,0.94112,5.95627,0,0.0133241,1441 1441 1494 1442 -1
GCP,adapt_p70-52877936550931_a33-75_551_map.h5,7.8414,10,324,689,19.471220:33.750000,1173,True,19,5,1172,0.899179,7.33475,0,0.0124061,1235 1172 1106 1173 -1
GCP,adapt_p35-659087696138755_a224-99999999999997_324_map.h5,5.84198,10,105,1176,54.340912:225.000000,1594,False,177,4,1446,0.232333,5.44623,0,0.0154096,1496 1445 1446 -1
GCP,adapt_p60-00000000000001_a224-99999999999997_528_map.h5,5.7684,10,220,1487,30.000000:225.000000,1331,False,26,4,1269,0.726664,4.89469,0,0.0124184,1268 1269 1270 -1
GCP,adapt_p80-40593177313954_a157-5_335_map.h5,6.85831,10,528,1153,9.594069:157.500000,1063,True,14,4,1129,0.884746,4.8059,0,0.012497,1063 1129 1128 -1
GCP,adapt_p80-40593177313954_a67-5_306_map.h5,6.68939,10,296,1107,9.594069:67.500000,1047,True,24,4,1047,0.720377,5.51911,0,0.0124197,1049 1047 1046 -1
GCP,adapt_p48-18968510422141_a78-75_382_map.h5,7.18318,10,98,751,41.810314:78.750000,1478,False,117,3,1045,0.270241,6.84511,0,0.0136603,1532 1045 -1
GCP,adapt_p48-18968510422141_a303-75_108_map.h5,8.89738,10,668,332,41.810314:303.750000,1510,True,6,6,1458,0.999999,8.21748,0,0.0124182,1459 1459 1458 1510 1511 -1
GCP,adapt_p80-40593177313954_a202-49999999999997_384_map.h5,6.83826,10,457,1145,9.594069:202.500000,1072,True,15,5,1072,0.96971,5.81055,0,0.0125636,1137 1137 1071 1072 -1
GCP,adapt_p80-40593177313954_a180-0_105_map.h5,6.86304,10,504,1120,9.594069:180.000000,1067,True,15,4,1068,0.930566,4.80725,0,0.0127626,1134 1068 1067 -1
GCP,adapt_p60-00000000000001_a202-49999999999997_163_map.h5,8.84008,10,299,410,30.000000:202.500000,1328,True,16,5,1328,0.933764,7.49178,0,0.012714,1329 1328 1327 1266 -1
GCP,adapt_p35-659087696138755_a315-0_250_map.h5,7.86438,10,462,747,54.340912:315.000000,1605,True,11,5,1646,0.988653,7.43675,0,0.0124074,1645 1646 1605 1645 -1
GCP,adapt_p23-556464309101234_a337-5_418_map.h5,6.77611,10,285,1135,66.443535:337.500000,1716,False,31,4,1743,0.589041,5.36306,0,0.0127113,1719 1687 1743 -1
GCP,adapt_p60-00000000000001_a112-49999999999999_393_map.h5,8.79635,10,685,362,30.000000:112.500000,1313,True,8,6,1313,0.999202,8.64716,0,0.0124667,1372 1372 1314 1313 1371 -1
GCP,adapt_p70-52877936550931_a236-25_20_map.h5,5.79426,10,475,1515,19.471220:236.250000,1209,True,24,4,1210,0.591643,4.82019,0,0.0125552,1272 1209 1210 -1
GCP,adapt_p80-40593177313954_a224-99999999999997_360_map.h5,7.83935,10,376,752,9.594069:225.000000,1076,True,17,5,1076,0.84324,7.35086,0,0.0124556,1075 1008 1076 1009 -1
GCP,adapt_p35-659087696138755_a165-0_326_map.h5,7.59529,10,151,764,54.340912:165.000000,1587,False,55,4,1589,0.541837,6.32823,0,0.0135444,1628 1589 1543 -1
GCP,adapt_p48-18968510422141_a78-75_116_map.h5,8.83827,10,189,346,41.810314:78.750000,1478,False,21,6,1425,0.962578,8.23863,0,0.0125511,1480 1480 1479 1425 1426 -1
GCP,adapt_p11-715852394892384_a45-0_197_map.h5,6.82023,10,327,1073,78.284149:45.000000,1766,True,20,4,1766,0.868189,4.71692,0,0.0125948,1747 1746 1766 -1
GCP,adapt_p70-52877936550931_a33-75_216_map.h5,7.83898,10,231,801,19.471220:33.750000,1173,True,18,5,1237,0.944484,7.31786,0,0.0128363,1174 1173 1236 1237 -1
GCP,adapt_p35-659087696138755_a285-0_401_map.h5,7.79586,10,297,717,54.340912:285.000000,1601,True,25,5,1642,0.887199,7.25143,0,0.0129449,1602 1601 1642 1643 -1
GCP,adapt_p23-556464309101234_a292-5_461_map.h5,8.89215,10,671,357,66.443535:292.500000,1712,True,9,6,1712,0.999858,8.20406,0,0.0126393,1739 1739 1713 1712 1680 -1
GCP,adapt_p35-659087696138755_a315-0_173_map.h5,7.88714,10,496,760,54.340912:315.000000,1605,True,11,5,1606,0.995766,5.78232,0,0.0126567,1647 1647 1606 1605 -1
GCP,adapt_p70-52877936550931_a303-75_481_map.h5,7.86736,10,450,730,19.471220:303.750000,1221,True,15,5,1221,0.932562,7.30296,0,0.0124244,1283 1284 1221 1222 -1
GCP,adapt_p48-18968510422141_a56-24999999999999_13_map.h5,8.77453,10,158,402,41.810314:56.250000,1475,True,30,5,1526,0.675862,7.4647,0,0.0132898,1473 1474 1475 1526 -1
GCP,adapt_p80-40593177313954_a224-99999999999997_383_map.h5,7.84632,10,421,717,9.594069:225.000000,1076,False,17,5,1142,0.913561,7.18094,0,0.0124735,1075 1141 1142 1207 -1
GCP,adapt_p23-556464309101234_a247-49999999999997_79_map.h5,5.77919,10,222,1505,66.443535:247.500000,1708,True,28,4,1709,0.711667,4.99014,0,0.0126355,1677 1709 1708 -1
GCP,adapt_p48-18968510422141_a56-24999999999999_550_map.h5,5.58387,10,121,1485,41.810314:56.250000,1475,True,55,3,1475,0.313774,3.81537,0,0.0129464,1241 1475 -1
GCP,adapt_p70-52877936550931_a11-25_55_map.h5,7.69597,10,199,700,19.471220:11.250000,1169,False,41,5,1167,0.710182,7.34022,0,0.0128242,1101 1167 1293 1231 -1
GCP,adapt_p48-18968510422141_a33-75_437_map.h5,7.89433,10,664,740,41.810314:33.750000,1471,False,7,5,1417,0.989883,5.93035,0,0.0124653,1418 1418 1472 1417 -1
GCP,adapt_p70-52877936550931_a258-75_392_map.h5,7.87597,10,637,712,19.471220:258.750000,1213,True,13,5,1213,0.994461,7.17319,0,0.0128513,1148 1213 1212 1275 -1
GCP,adapt_p70-52877936550931_a168-74999999999997_598_map.h5,7.76928,10,261,751,19.471220:168.750000,1197,False,31,5,1199,0.824943,7.46068,0,0.0125127,1134 1199 1262 1198 -1
GCP,adapt_p23-556464309101234_a292-5_474_map.h5,8.89119,10,545,388,66.443535:292.500000,1712,False,10,6,1681,0.999452,8.1811,0,0.0125947,1682 1682 1681 1713 1714 -1
GCP,adapt_p70-52877936550931_a101-24999999999999_275_map.h5,8.89477,10,555,360,19.471220:101.250000,1185,True,8,6,1185,0.998408,8.74476,0,0.0130268,1119 1119 1184 1185 1120 -1
GCP,adapt_p48-18968510422141_a236-25_339_map.h5,7.8727,10,407,744,41.810314:236.250000,1501,False,14,5,1500,0.955795,7.28985,0,0.0131014,1499 1500 1447 1448 -1
GCP,adapt_p11-715852394892384_a315-0_247_map.h5,6.84211,10,436,1154,78.284149:315.000000,1778,False,19,4,1764,0.740859,4.73614,0,0.0126846,1742 1764 1744 -1
GCP,adapt_p70-52877936550931_a303-75_87_map.h5,7.81325,10,336,754,19.471220:303.750000,1221,True,24,5,1220,0.768425,7.29866,0,0.012566,1282 1283 1220 1221 -1
GCP,adapt_p70-52877936550931_a33-75_127_map.h5,8.76762,10,197,365,19.471220:33.750000,1173,False,28,5,1235,0.751924,7.23118,0,0.013178,1358 1299 1298 1235 -1
GCP,adapt_p80-40593177313954_a337-49999999999994_563_map.h5,5.49052,10,165,1520,9.594069:337.500000,1097,False,69,3,1163,0.324536,3.51167,0,0.0133034,1352 1163 -1
GCP,adapt_p48-18968510422141_a326-24999999999994_403_map.h5,7.6485,10,134,705,41.810314:326.250000,1514,False,48,5,1565,0.641496,7.25461,0,0.0133035,1465 1517 1566 1565 -1
GCP,adapt_p48-18968510422141_a78-75_553_map.h5,6.86132,10,356,1168,41.810314:78.750000,1478,True,13,4,1478,0.902758,4.79288,0,0.0124792,1424 1478 1477 -1
GCP,adapt_p80-40593177313954_a157-5_464_map.h5,7.75331,10,118,782,9.594069:157.500000,1063,False,32,5,1131,0.785829,7.21394,0,0.0124965,1259 1196 1130 1131 -1
GCP,adapt_p80-40593177313954_a0-0_506_map.h5,5.81332,10,410,1453,9.594069:0.000000,1034,True,20,4,1034,0.842113,4.91262,0,0.0124827,1101 1034 1100 -1
GCP,adapt_p80-40593177313954_a247-49999999999997_64_map.h5,7.83439,10,374,749,9.594069:247.500000,1080,True,20,5,1145,0.927832,7.2713,0,0.0124145,1144 1145 1079 1080 -1
GCP,adapt_p23-556464309101234_a157-5_422_map.h5,7.86871,10,403,773,66.443535:157.500000,1701,True,15,5,1729,0.926749,7.1736,0,0.0131033,1701 1729 1728 1700 -1
GCP,adapt_p23-556464309101234_a247-49999999999997_592_map.h5,7.69858,10,132,803,66.443535:247.500000,1708,True,40,5,1733,0.825877,7.53318,0,0.0132267,1708 1734 1733 1706 -1
GCP,adapt_p70-52877936550931_a11-25_30_map.h5,7.72906,10,222,724,19.471220:11.250000,1169,True,35,5,1168,0.649222,7.37318,0,0.012759,1230 1167 1168 1169 -1
GCP,adapt_p60-00000000000001_a224-99999999999997_583_map.h5,6.87862,10,597,1099,30.000000:225.000000,1331,False,12,4,1332,0.771709,4.81544,0,0.0131719,1391 1390 1332 -1
GCP,adapt_p80-40593177313954_a315-0_11_map.h5,7.87599,10,371,791,9.594069:315.000000,1093,True,13,5,1093,0.887203,7.3512,0,0.0128005,1092 1025 1093 1026 -1
GCP,adapt_p60-00000000000001_a337-49999999999994_121_map.h5,8.88737,10,431,375,30.000000:337.500000,1350,True,10,6,1408,0.999381,8.30125,0,0.0124407,1407 1407 1408 1350 1351 -1
GCP,adapt_p60-00000000000001_a90-0_124_map.h5,8.88565,10,395,399,30.000000:90.000000,1309,True,10,6,1368,0.998212,8.45798,0,0.0131473,1367 1367 1309 1368 1369 -1
GCP,adapt_p70-52877936550931_a213-75_237_map.h5,8.26503,10,102,395,19.471220:213.750000,1205,False,103,4,1037,0.510839,5.86073,0,0.0138154,967 1037 970 -1
GCP,adapt_p35-659087696138755_a224-99999999999997_466_map.h5,6.87072,10,660,1123,54.340912:225.000000,1594,True,10,4,1636,0.988003,4.77844,0,0.0130859,1595 1594 1636 -1
GCP,adapt_p48-18968510422141_a191-25_227_map.h5,6.85037,10,491,1105,41.810314:191.250000,1494,True,15,4,1441,0.924489,4.79224,0,0.0124046,1442 1441 1494 -1
GCP,adapt_p80-40593177313954_a90-0_247_map.h5,7.3916,10,127,732,9.594069:90.000000,1051,False,85,4,1050,0.58636,5.75126,0,0.0132196,1113 1049 1050 -1
GCP,adapt_p60-00000000000001_a180-0_26_map.h5,7.85734,10,414,703,30.000000:180.000000,1324,True,14,5,1324,0.969041,7.32404,0,0.0124602,1325 1383 1382 1324 -1
GCP,adapt_p35-659087696138755_a135-0_264_map.h5,6.73217,10,240,1133,54.340912:135.000000,1583,False,32,4,1665,0.617981,5.35784,0,0.012655,1625 1627 1665 -1
GCP,adapt_p35-659087696138755_a285-0_494_map.h5,6.87444,10,489,1111,54.340912:285.000000,1601,True,11,5,1602,0.990792,5.80587,0,0.0123381,1558 1558 1602 1601 -1
GCP,adapt_p60-00000000000001_a180-0_154_map.h5,7.83329,10,209,765,30.000000:180.000000,1324,True,20,5,1262,0.86712,7.24339,0,0.0125129,1323 1324 1262 1263 -1
GCP,adapt_p80-40593177313954_a224-99999999999997_388_map.h5,8.85205,10,341,372,9.594069:225.000000,1076,True,17,6,1076,0.980063,8.83133,0,0.0127506,1008 1008 1077 1076 1075 -1
GCP,adapt_p70-52877936550931_a123-74999999999999_566_map.h5,6.86635,10,629,1058,19.471220:123.750000,1189,True,12,4,1189,0.911482,4.81842,0,0.0124575,1124 1123 1189 -1
GCP,adapt_p60-00000000000001_a270-0_404_map.h5,7.74113,10,216,777,30.000000:270.000000,1339,False,33,5,1452,0.828688,7.46922,0,0.0126525,1337 1396 1452 1453 -1
GCP,adapt_p70-52877936550931_a168-74999999999997_165_map.h5,7.85655,10,543,740,19.471220:168.750000,1197,True,15,5,1197,0.95815,7.2503,0,0.0132758,1259 1260 1197 1196 -1
GCP,adapt_p60-00000000000001_a292-5_549_map.h5,7.82821,10,373,753,30.000000:292.500000,1343,True,20,5,1343,0.910852,7.55298,0,0.0126039,1342 1343 1344 1282 -1
GCP,adapt_p48-18968510422141_a303-75_237_map.h5,7.8813,10,629,775,41.810314:303.750000,1510,False,11,5,1459,0.913877,7.46445,0,0.0124992,1458 1459 1511 1458 -1
GCP,adapt_p48-18968510422141_a123-74999999999999_288_map.h5,6.50855,10,131,1185,41.810314:123.750000,1484,False,61,4,1076,0.617094,6.04682,0,0.0132759,1072 1075 1076 -1
GCP,adapt_p23-556464309101234_a337-5_597_map.h5,7.87447,10,688,767,66.443535:337.500000,1716,True,14,5,1716,0.901072,7.14721,0,0.012327,1684 1683 1715 1716 -1
GCP,adapt_p23-556464309101234_a202-5_508_map.h5,7.8709,10,831,773,66.443535:202.500000,1704,True,8,5,1704,0.997689,5.91429,0,0.0129021,1705 1705 1671 1704 -1
GCP,adapt_p70-52877936550931_a56-24999999999999_311_map.h5,6.88123,10,574,1128,19.471220:56.250000,1177,True,10,4,1177,0.981065,4.82402,0,0.0125574,1176 1177 1111 -1
GCP,adapt_p35-659087696138755_a45-0_343_map.h5,7.86383,10,479,750,54.340912:45.000000,1572,True,14,5,1571,0.966759,7.19362,0,0.0129529,1615 1616 1572 1571 -1
GCP,adapt_p35-659087696138755_a344-99999999999994_414_map.h5,6.87354,10,503,1090,54.340912:345.000000,1609,True,10,4,1608,0.873807,4.80985,0,0.0122501,1609 1608 1649 -1
GCP,adapt_p35-659087696138755_a315-0_548_map.h5,7.85029,10,424,741,54.340912:315.000000,1605,False,14,5,1561,0.954812,7.20827,0,0.0125346,1511 1512 1561 1560 -1
GCP,adapt_p48-18968510422141_a213-75_158_map.h5,5.77733,10,473,1516,41.810314:213.750000,1497,False,26,4,1445,0.685192,4.90439,0,0.0124636,1329 1388 1445 -1
GCP,adapt_p80-40593177313954_a247-49999999999997_67_map.h5,5.51398,10,102,1488,9.594069:247.500000,1080,False,66,3,1141,0.293859,3.55588,0,0.0128407,1010 1141 -1
GCP,adapt_p80-40593177313954_a315-0_364_map.h5,7.85038,10,407,729,9.594069:315.000000,1093,True,15,5,1094,0.978805,7.32143,0,0.0124132,1160 1159 1093 1094 -1
GCP,adapt_p70-52877936550931_a78-75_597_map.h5,7.88522,10,577,779,19.471220:78.750000,1181,True,8,5,1114,0.868731,5.80767,0,0.0125844,1181 1181 1115 1114 -1
GCP,adapt_p80-40593177313954_a157-5_71_map.h5,8.84334,10,348,377,9.594069:157.500000,1063,True,17,5,996,0.964102,7.35087,0,0.0124678,997 1064 996 1063 -1
GCP,adapt_p80-40593177313954_a315-0_234_map.h5,6.87307,10,446,1132,9.594069:315.000000,1093,True,12,5,1093,0.936906,5.90552,0,0.0127189,1094 1094 1026 1093 -1
GCP,adapt_p70-52877936550931_a123-74999999999999_10_map.h5,5.81238,10,290,1444,19.471220:123.750000,1189,True,25,4,1189,0.781411,4.81593,0,0.0124275,1253 1190 1189 -1
GCP,adapt_p70-52877936550931_a168-74999999999997_72_map.h5,8.84546,10,279,375,19.471220:168.750000,1197,True,19,6,1196,0.956984,8.25233,0,0.0133479,1260 1260 1259 1196 1197 -1
GCP,adapt_p48-18968510422141_a191-25_306_map.h5,7.88137,10,468,733,41.810314:191.250000,1494,True,13,5,1544,0.993548,7.27501,0,0.0124307,1545 1544 1494 1493 -1
GCP,adapt_p70-52877936550931_a33-75_416_map.h5,8.87127,10,357,390,19.471220:33.750000,1173,True,13,6,1173,0.990027,8.31068,0,0.0125306,1107 1107 1106 1172 1173 -1
GCP,adapt_p70-52877936550931_a168-74999999999997_60_map.h5,8.42449,10,137,392,19.471220:168.750000,1197,False,84,5,1260,0.62525,8.1224,0,0.0133078,1128 1196 1259 1260 -1
GCP,adapt_p70-52877936550931_a33-75_20_map.h5,8.891,10,700,363,19.471220:33.750000,1173,True,9,6,1173,0.998141,8.31865,0,0.0128006,1174 1174 1173 1236 1237 -1
GCP,adapt_p80-40593177313954_a247-49999999999997_486_map.h5,5.66461,10,262,1519,9.594069:247.500000,1080,False,39,4,1013,0.479658,4.818,0,0.0131932,1081 1013 946 -1
GCP,adapt_p23-556464309101234_a292-5_562_map.h5,7.84137,10,302,705,66.443535:292.500000,1712,False,17,5,1740,0.951809,7.14098,0,0.0124425,1713 1714 1740 1739 -1
GCP,adapt_p80-40593177313954_a270-0_302_map.h5,5.73627,10,311,1562,9.594069:270.000000,1084,False,31,4,1085,0.585761,4.83588,0,0.0125253,1152 1151 1085 -1
GCP,adapt_p23-556464309101234_a67-5_262_map.h5,7.45388,10,130,814,66.443535:67.500000,1693,False,82,4,1529,0.356723,5.84382,0,0.0139465,1532 1478 1529 -1
GCP,adapt_p48-18968510422141_a326-24999999999994_365_map.h5,6.88734,10,662,1065,41.810314:326.250000,1514,True,11,4,1462,0.88245,4.81348,0,0.0124721,1463 1462 1514 -1
GCP,adapt_p60-00000000000001_a292-5_404_map.h5,5.71889,10,426,1501,30.000000:292.500000,1343,False,33,4,1281,0.74719,5.34681,0,0.0129041,1220 1281 1342 -1
GCP,adapt_p60-00000000000001_a180-0_527_map.h5,8.86934,10,495,383,30.000000:180.000000,1324,True,12,6,1261,0.995076,8.2468,0,0.0124427,1324 1324 1323 1261 1262 -1
GCP,adapt_p70-52877936550931_a326-24999999999994_311_map.h5,7.76608,10,230,750,19.471220:326.250000,1225,False,29,4,1159,0.668464,4.83704,0,0.0127118,1224 1159 1158 -1
GCP,adapt_p48-18968510422141_a56-24999999999999_448_map.h5,7.7582,10,166,747,41.810314:56.250000,1475,True,31,5,1421,0.775662,7.1332,0,0.0125981,1362 1420 1421 1475 -1
GCP,adapt_p60-00000000000001_a112-49999999999999_202_map.h5,6.88008,10,601,1066,30.000000:112.500000,1313,True,10,4,1372,0.894617,4.80065,0,0.0127064,1371 1372 1313 -1
GCP,adapt_p35-659087696138755_a14-999999999999998_447_map.h5,6.73323,10,236,1152,54.340912:15.000000,1568,True,32,4,1568,0.768667,4.99054,0,0.012576,1520 1568 1613 -1
GCP,adapt_p35-659087696138755_a165-0_78_map.h5,7.81212,10,247,785,54.340912:165.000000,1587,True,23,5,1491,0.846035,7.31952,0,0.0127087,1587 1542 1491 1492 -1
GCP,adapt_p48-18968510422141_a168-74999999999997_306_map.h5,8.88703,10,605,404,41.810314:168.750000,1491,True,9,6,1437,0.998196,8.22422,0,0.0127658,1491 1491 1490 1437 1438 -1
GCP,adapt_p80-40593177313954_a292-5_184_map.h5,8.88837,10,497,348,9.594069:292.500000,1088,True,11,6,1088,0.999066,8.3754,0,0.0124351,1021 1021 1022 1089 1088 -1
GCP,adapt_p48-18968510422141_a33-75_385_map.h5,7.85439,10,440,766,41.810314:33.750000,1471,True,14,5,1417,0.985114,7.4185,0,0.0124181,1418 1417 1416 1471 -1
GCP,adapt_p23-556464309101234_a202-5_316_map.h5,7.88738,10,547,792,66.443535:202.500000,1704,True,11,5,1732,0.991097,7.31465,0,0.0124186,1731 1732 1704 1731 -1
GCP,adapt_p70-52877936550931_a213-75_38_map.h5,7.87279,10,446,740,19.471220:213.750000,1205,True,11,5,1205,0.953975,7.42352,0,0.0130296,1206 1205 1268 1206 -1
GCP,adapt_p23-556464309101234_a337-5_88_map.h5,7.71393,10,185,726,66.443535:337.500000,1716,False,37,5,1742,0.740164,7.28713,0,0.0128849,1718 1743 1742 1717 -1
GCP,adapt_p60-00000000000001_a22-5_410_map.h5,5.70215,10,220,1489,30.000000:22.500000,1298,True,37,4,1299,0.824186,4.97246,0,0.012597,1234 1298 1299 -1
GCP,adapt_p80-40593177313954_a224-99999999999997_288_map.h5,6.81528,10,286,1133,9.594069:225.000000,1076,True,22,4,1143,0.767429,4.81669,0,0.0125387,1076 1077 1143 -1
GCP,adapt_p23-556464309101234_a22-5_193_map.h5,5.80306,10,333,1544,66.443535:22.500000,1689,False,23,4,1654,0.65467,4.80827,0,0.0127882,1652 1653 1654 -1
GCP,adapt_p48-18968510422141_a326-24999999999994_279_map.h5,8.90041,10,828,364,41.810314:326.250000,1514,True,7,6,1462,0.999998,8.23124,0,0.0123792,1514 1514 1513 1461 1462 -1
GCP,adapt_p35-659087696138755_a285-0_599_map.h5,7.87505,10,513,730,54.340912:285.000000,1601,True,11,5,1601,0.995099,7.34189,0,0.0127716,1602 1601 1557 1602 -1
GCP,adapt_p80-40593177313954_a90-0_486_map.h5,8.84658,10,248,337,9.594069:90.000000,1051,False,19,6,983,0.895998,8.36789,0,0.0132055,984 984 983 1050 982 -1
GCP,adapt_p60-00000000000001_a0-0_461_map.h5,8.88804,10,646,359,30.000000:0.000000,1294,True,9,6,1294,0.999788,8.33474,0,0.0127313,1354 1354 1411 1353 1294 -1
GCP,adapt_p80-40593177313954_a45-0_486_map.h5,5.83409,10,440,1477,9.594069:45.000000,1042,False,15,4,975,0.79091,4.91008,0,0.0127074,908 975 907 -1
GCP,adapt_p48-18968510422141_a236-25_354_map.h5,8.85437,10,482,389,41.810314:236.250000,1501,True,14,6,1449,0.995362,8.33971,0,0.0134535,1500 1500 1448 1449 1501 -1
GCP,adapt_p11-715852394892384_a225-0_79_map.h5,8.87933,10,379,359,78.284149:225.000000,1774,True,12,6,1758,0.998522,8.09496,0,0.0124756,1757 1757 1774 1775 1758 -1
GCP,adapt_p35-659087696138755_a45-0_522_map.h5,6.88725,10,579,1175,54.340912:45.000000,1572,True,9,5,1572,0.998578,5.7824,0,0.0125416,1524 1524 1571 1572 -1
GCP,adapt_p60-00000000000001_a0-0_119_map.h5,7.8764,10,589,697,30.000000:0.000000,1294,False,11,5,1295,0.960526,5.89192,0,0.0133948,1232 1232 1295 1231 -1
GCP,adapt_p80-40593177313954_a202-49999999999997_594_map.h5,6.86381,10,506,1081,9.594069:202.500000,1072,False,14,4,1071,0.902098,4.91137,0,0.0129766,1004 1071 1070 -1
GCP,adapt_p35-659087696138755_a285-0_250_map.h5,7.8502,10,493,756,54.340912:285.000000,1601,True,15,5,1643,0.993077,7.2053,0,0.0126296,1601 1642 1643 1679 -1
GCP,adapt_p48-18968510422141_a123-74999999999999_283_map.h5,7.83187,10,333,769,41.810314:123.750000,1484,False,19,5,1432,0.963825,7.34804,0,0.01292,1430 1431 1432 1374 -1
GCP,adapt_p80-40593177313954_a224-99999999999997_387_map.h5,4.0923,10,122,1474,9.594069:225.000000,1076,False,284,2,1141,0,0.020385,0,0.020385,1629 -1
GCP,adapt_p60-00000000000001_a0-0_179_map.h5,7.88005,10,423,784,30.000000:0.000000,1294,True,10,5,1294,0.987807,5.89909,0,0.0127519,1411 1411 1354 1294 -1
GCP,adapt_p60-00000000000001_a337-49999999999994_312_map.h5,6.64394,10,90,1097,30.000000:337.500000,1350,False,53,4,1229,0.582161,5.31549,0,0.0128816,1162 1228 1229 -1
GCP,adapt_p80-40593177313954_a337-49999999999994_372_map.h5,6.87603,10,626,1128,9.594069:337.500000,1097,True,9,4,1097,0.808556,4.90467,0,0.0127761,1096 1029 1097 -1
GCP,adapt_p35-659087696138755_a14-999999999999998_583_map.h5,7.34451,10,116,754,54.340912:15.000000,1568,False,91,4,1523,0.600238,5.57375,0,0.0132914,1414 1522 1523 -1
GCP,adapt_p48-18968510422141_a303-75_212_map.h5,5.81927,10,245,1521,41.810314:303.750000,1510,True,18,4,1510,0.61495,4.70869,0,0.0125324,1559 1510 1458 -1
GCP,adapt_p48-18968510422141_a168-74999999999997_370_map.h5,5.85932,10,443,1477,41.810314:168.750000,1491,True,13,4,1491,0.89754,4.78318,0,0.0124726,1438 1491 1490 -1
GCP,adapt_p48-18968510422141_a236-25_186_map.h5,6.56692,10,187,1109,41.810314:236.250000,1501,False,58,4,1392,0.498611,5.71219,0,0.0129068,1270 1334 1392 -1
GCP,adapt_p48-18968510422141_a78-75_322_map.h5,6.8713,10,526,1111,41.810314:78.750000,1478,True,12,5,1529,0.994295,5.89009,0,0.0124957,1477 1477 1529 1478 -1
GCP,adapt_p35-659087696138755_a344-99999999999994_194_map.h5,6.87575,10,488,1153,54.340912:345.000000,1609,True,9,5,1609,0.997068,5.81179,0,0.0130492,1649 1649 1608 1609 -1
GCP,adapt_p70-52877936550931_a326-24999999999994_351_map.h5,6.85632,10,469,1166,19.471220:326.250000,1225,True,16,4,1224,0.856775,4.8481,0,0.0124934,1160 1225 1224 -1
GCP,adapt_p80-40593177313954_a202-49999999999997_81_map.h5,7.84641,10,393,777,9.594069:202.500000,1072,True,15,5,1072,0.977788,7.35709,0,0.0124248,1073 1072 1004 1071 -1
GCP,adapt_p70-52877936550931_a348-74999999999994_113_map.h5,5.87631,10,82,1077,19.471220:348.750000,1229,False,171,3,1291,0.208441,4.39122,0,0.015386,1296 1291 -1
GCP,adapt_p48-18968510422141_a236-25_375_map.h5,6.86634,10,577,1119,41.810314:236.250000,1501,True,13,4,1501,0.794927,4.87315,0,0.0124363,1500 1501 1448 -1
GCP,adapt_p80-40593177313954_a224-99999999999997_232_map.h5,4.99545,10,106,1496,9.594069:225.000000,1076,False,146,3,1632,0.24964,3.81514,0,0.0143109,1441 1632 -1
GCP,adapt_p11-715852394892384_a45-0_224_map.h5,5.84563,10,451,1465,78.284149:45.000000,1766,True,19,5,1766,0.915267,5.67716,0,0.0131835,1767 1767 1766 1746 -1
GCP,adapt_p60-00000000000001_a315-0_52_map.h5,7.8586,10,377,775,30.000000:315.000000,1346,True,13,5,1346,0.973071,7.34571,0,0.0132115,1404 1347 1346 1285 -1
GCP,adapt_p70-52877936550931_a258-75_598_map.h5,5.76018,10,249,1523,19.471220:258.750000,1213,False,28,4,1275,0.642266,5.23779,0,0.0126,1335 1275 1212 -1
GCP,adapt_p80-40593177313954_a315-0_407_map.h5,8.89533,10,547,362,9.594069:315.000000,1093,True,10,6,1093,0.999076,8.35803,0,0.0124626,1094 1094 1093 1025 1092 -1
GCP,adapt_p11-715852394892384_a225-0_71_map.h5,6.74719,10,163,1120,78.284149:225.000000,1774,False,35,4,1758,0.581215,4.99573,0,0.0126459,1706 1734 1758 -1
GCP,adapt_p60-00000000000001_a224-99999999999997_59_map.h5,7.85604,10,400,773,30.000000:225.000000,1331,False,15,5,1271,0.964467,7.30557,0,0.012752,1333 1332 1270 1271 -1
GCP,adapt_p60-00000000000001_a270-0_48_map.h5,5.8473,10,431,1487,30.000000:270.000000,1339,True,17,4,1339,0.843088,4.99365,0,0.0125077,1340 1339 1277 -1
GCP,adapt_p80-40593177313954_a22-5_111_map.h5,6.87433,10,573,1167,9.594069:22.500000,1038,True,10,5,1038,0.99716,5.91803,0,0.0124822,1039 1039 1038 1037 -1
GCP,adapt_p35-659087696138755_a105-0_213_map.h5,8.91028,10,781,412,54.340912:105.000000,1579,True,6,6,1580,0.999999,8.22926,0,0.0125111,1579 1579 1580 1623 1622 -1
GCP,adapt_p35-659087696138755_a135-0_406_map.h5,7.85732,10,381,724,54.340912:135.000000,1583,True,16,5,1583,0.964384,7.19241,0,0.0124977,1627 1626 1583 1584 -1
GCP,adapt_p35-659087696138755_a344-99999999999994_273_map.h5,5.64123,10,253,1544,54.340912:345.000000,1609,True,37,4,1565,0.487135,4.83303,0,0.0135871,1566 1565 1609 -1
GCP,adapt_p70-52877936550931_a326-24999999999994_319_map.h5,7.89478,10,662,718,19.471220:326.250000,1225,True,8,5,1160,0.998291,5.84557,0,0.0130158,1225 1225 1160 1161 -1
GCP,adapt_p60-00000000000001_a112-49999999999999_599_map.h5,8.88743,10,499,316,30.000000:112.500000,1313,True,11,6,1313,0.996676,8.39832,0,0.0133811,1314 1314 1372 1313 1312 -1
GCP,adapt_p35-659087696138755_a315-0_522_map.h5,8.88734,10,536,371,54.340912:315.000000,1605,True,9,6,1605,0.999517,8.19738,0,0.0124297,1646 1646 1647 1606 1605 -1
GCP,adapt_p80-40593177313954_a22-5_130_map.h5,6.86718,10,495,1081,9.594069:22.500000,1038,True,13,4,1038,0.819369,4.91101,0,0.0126125,971 1038 1037 -1
GCP,adapt_p60-00000000000001_a270-0_190_map.h5,8.89329,10,536,380,30.000000:270.000000,1339,True,10,6,1340,0.999541,8.26271,0,0.0124892,1278 1278 1279 1340 1339 -1
GCP,adapt_p60-00000000000001_a135-0_197_map.h5,8.89019,10,599,382,30.000000:135.000000,1316,True,10,6,1317,0.999897,8.29636,0,0.0125876,1254 1254 1255 1317 1316 -1
GCP,adapt_p11-715852394892384_a315-0_18_map.h5,7.66417,10,102,784,78.284149:315.000000,1778,False,45,4,1646,0.649171,5.36636,0,0.0126394,1560 1646 1682 -1
GCP,adapt_p80-40593177313954_a180-0_11_map.h5,6.87498,10,464,1137,9.594069:180.000000,1067,False,10,4,1132,0.75872,4.80435,0,0.0128311,1133 1132 1066 -1
GCP,adapt_p70-52877936550931_a146-25_468_map.h5,6.46918,10,110,1085,19.471220:146.250000,1193,False,73,4,1326,0.462636,6.13321,0,0.0136038,1493 1326 1265 -1
GCP,adapt_p70-52877936550931_a191-25_478_map.h5,6.847,10,497,1143,19.471220:191.250000,1201,True,15,4,1265,0.900982,4.79671,0,0.0128028,1201 1264 1265 -1
GCP,adapt_p60-00000000000001_a157-5_304_map.h5,7.86334,10,401,713,30.000000:157.500000,1320,True,15,5,1321,0.905516,7.29991,0,0.0124402,1380 1379 1320 1321 -1
GCP,adapt_p70-52877936550931_a146-25_565_map.h5,6.87525,10,427,1189,19.471220:146.250000,1193,True,12,5,1193,0.988671,5.85797,0,0.0125388,1128 1128 1194 1193 -1
GCP,adapt_p70-52877936550931_a191-25_130_map.h5,5.83633,10,497,1544,19.471220:191.250000,1201,False,16,5,1200,0.723911,5.80879,0,0.0124718,1263 1263 1200 1199 -1
GCP,adapt_p70-52877936550931_a258-75_306_map.h5,7.86229,10,500,730,19.471220:258.750000,1213,True,15,5,1213,0.961139,7.25971,0,0.0125043,1149 1148 1213 1214 -1
GCP,adapt_p80-40593177313954_a247-49999999999997_413_map.h5,7.81012,10,219,813,9.594069:247.500000,1080,True,21,5,1080,0.841674,7.35735,0,0.0126793,1079 1080 1013 1081 -1
GCP,adapt_p35-659087696138755_a75-0_150_map.h5,8.86498,10,298,411,54.340912:75.000000,1576,True,15,6,1576,0.996556,8.25061,0,0.01284,1575 1575 1576 1620 1619 -1
GCP,adapt_p48-18968510422141_a101-24999999999999_16_map.h5,5.86003,10,384,1421,41.810314:101.250000,1481,True,15,4,1481,0.744128,4.90795,0,0.0127899,1482 1428 1481 -1
GCP,adapt_p48-18968510422141_a191-25_56_map.h5,5.86922,10,284,1498,41.810314:191.250000,1494,True,15,5,1493,0.893557,5.78664,0,0.0125848,1441 1441 1494 1493 -1
GCP,adapt_p80-40593177313954_a202-49999999999997_465_map.h5,6.86687,10,573,1212,9.594069:202.500000,1072,True,14,4,1071,0.982212,4.91756,0,0.0129208,1070 1071 1072 -1
GCP,adapt_p23-556464309101234_a67-5_478_map.h5,5.70016,10,253,1523,66.443535:67.500000,1693,True,38,4,1693,0.554749,5.35952,0,0.0126819,1620 1657 1693 -1
GCP,adapt_p35-659087696138755_a285-0_352_map.h5,7.20586,10,115,774,54.340912:285.000000,1601,False,125,3,1781,0.176048,6.15592,0,0.0139338,1557 1781 -1
GCP,adapt_p35-659087696138755_a224-99999999999997_26_map.h5,5.66262,10,107,1099,54.340912:225.000000,1594,False,195,2,1593,0,0.015994,0,0.015994,939 -1
GCP,adapt_p60-00000000000001_a315-0_83_map.h5,7.79798,10,250,792,30.000000:315.000000,1346,False,26,5,1286,0.852575,7.26005,0,0.0128174,1347 1286 1223 1285 -1
GCP,adapt_p80-40593177313954_a135-0_497_map.h5,6.47194,10,88,1134,9.594069:135.000000,1059,False,77,4,1772,0.669769,5.67362,0,0.0138818,1789 1772 1771 -1
GCP,adapt_p23-556464309101234_a337-5_163_map.h5,6.4976,10,215,1072,66.443535:337.500000,1716,False,74,4,1715,0.45634,5.01097,0,0.0132375,1762 1741 1715 -1
GCP,adapt_p48-18968510422141_a101-24999999999999_404_map.h5,7.88694,10,486,730,41.810314:101.250000,1481,True,11,5,1427,0.988544,7.34192,0,0.0128529,1480 1481 1427 1480 -1
GCP,adapt_p48-18968510422141_a168-74999999999997_593_map.h5,7.7756,10,135,718,41.810314:168.750000,1491,True,28,5,1437,0.865874,7.2233,0,0.0131939,1491 1490 1437 1438 -1
GCP,adapt_p60-00000000000001_a22-5_196_map.h5,7.79985,10,242,747,30.000000:22.500000,1298,True,23,5,1234,0.852769,7.2766,0,0.0129353,1298 1235 1234 1233 -1
GCP,adapt_p35-659087696138755_a165-0_288_map.h5,6.87469,10,558,1163,54.340912:165.000000,1587,False,11,5,1629,0.996323,5.81204,0,0.0130693,1667 1667 1629 1630 -1
GCP,adapt_p70-52877936550931_a33-75_185_map.h5,5.79729,10,272,1503,19.471220:33.750000,1173,False,21,4,1172,0.649646,4.88415,0,0.012524,1106 1172 1236 -1
GCP,adapt_p60-00000000000001_a315-0_583_map.h5,5.78631,10,338,1463,30.000000:315.000000,1346,True,23,4,1346,0.684358,4.98677,0,0.0124898,1286 1346 1404 -1
GCP,adapt_p23-556464309101234_a292-5_373_map.h5,8.8944,10,468,340,66.443535:292.500000,1712,True,7,6,1712,0.999899,8.26979,0,0.0123922,1738 1738 1711 1712 1739 -1
GCP,adapt_p70-52877936550931_a191-25_29_map.h5,7.56116,10,213,795,19.471220:191.250000,1201,False,54,4,1134,0.478563,5.88328,0,0.0126594,1196 1133 1134 -1
GCP,adapt_p48-18968510422141_a168-74999999999997_448_map.h5,7.84619,10,357,795,41.810314:168.750000,1491,True,17,5,1491,0.943977,7.4856,0,0.0126109,1439 1438 1437 1491 -1
GCP,adapt_p80-40593177313954_a0-0_376_map.h5,5.81733,10,417,1427,9.594069:0.000000,1034,True,20,4,1034,0.950758,4.91525,0,0.01348,1165 1100 1034 -1
GCP,adapt_p70-52877936550931_a213-75_574_map.h5,4.11027,10,111,1055,19.471220:213.750000,1205,False,424,2,1087,0,0.0325024,0,0.0325024,1569 -1
GCP,adapt_p48-18968510422141_a348-74999999999994_84_map.h5,7.81092,10,245,830,41.810314:348.750000,1517,True,23,5,1517,0.81619,7.3489,0,0.0129009,1518 1517 1516 1465 -1
GCP,adapt_p60-00000000000001_a90-0_34_map.h5,6.8787,10,460,1091,30.000000:90.000000,1309,True,12,4,1246,0.846958,4.82067,0,0.0131103,1247 1246 1309 -1
GCP,adapt_p35-659087696138755_a195-0_506_map.h5,8.8792,10,575,401,54.340912:195.000000,1590,True,9,6,1590,0.997683,8.2521,0,0.0125768,1633 1633 1632 1590 1591 -1
GCP,adapt_p11-715852394892384_a315-0_397_map.h5,6.83518,10,459,1169,78.284149:315.000000,1778,False,22,4,1763,0.607247,5.45966,0,0.0126603,1781 1763 1762 -1
GCP,adapt_p11-715852394892384_a315-0_133_map.h5,5.84939,10,301,1452,78.284149:315.000000,1778,False,15,5,1763,0.959599,5.73219,0,0.0124125,1740 1740 1762 1763 -1
GCP,adapt_p80-40593177313954_a247-49999999999997_306_map.h5,7.31554,10,103,739,9.594069:247.500000,1080,False,96,4,1139,0.530371,6.94575,0,0.0133111,1011 1140 1139 -1
GCP,adapt_p80-40593177313954_a157-5_83_map.h5,5.77596,10,321,1522,9.594069:157.500000,1063,False,28,4,1131,0.693551,4.95438,0,0.0128561,1195 1130 1131 -1
GCP,adapt_p70-52877936550931_a33-75_559_map.h5,7.68603,10,197,738,19.471220:33.750000,1173,False,40,4,1361,0.590741,5.17458,0,0.0127833,1418 1361 1362 -1
GCP,adapt_p70-52877936550931_a56-24999999999999_370_map.h5,6.67401,10,245,1055,19.471220:56.250000,1177,False,45,4,1110,0.68305,5.5126,0,0.0127855,1107 1109 1110 -1
GCP,adapt_p60-00000000000001_a202-49999999999997_333_map.h5,8.87396,10,438,363,30.000000:202.500000,1328,True,14,6,1266,0.997239,8.26118,0,0.012836,1327 1327 1328 1266 1265 -1
GCP,adapt_p60-00000000000001_a112-49999999999999_162_map.h5,5.68511,10,320,1444,30.000000:112.500000,1313,True,37,4,1313,0.587451,5.21147,0,0.0127248,1374 1314 1313 -1
GCP,adapt_p70-52877936550931_a11-25_74_map.h5,6.86425,10,419,1165,19.471220:11.250000,1169,False,15,4,1102,0.670223,4.89465,0,0.0125494,1101 1102 1168 -1
GCP,adapt_p80-40593177313954_a22-5_264_map.h5,5.80587,10,405,1513,9.594069:22.500000,1038,True,21,4,1039,0.805409,4.91757,0,0.0129292,1037 1038 1039 -1
GCP,adapt_p23-556464309101234_a202-5_200_map.h5,8.9023,10,789,391,66.443535:202.500000,1704,True,7,6,1704,0.999978,8.37264,0,0.0125133,1705 1705 1732 1704 1671 -1
GCP,adapt_p80-40593177313954_a45-0_297_map.h5,6.875,10,675,1068,9.594069:45.000000,1042,True,12,5,1042,0.996528,5.86559,0,0.0128039,1109 1109 1043 1042 -1
GCP,adapt_p70-52877936550931_a191-25_249_map.h5,6.8855,10,630,1108,19.471220:191.250000,1201,False,11,5,1202,0.951109,5.90082,0,0.0122877,1137 1137 1202 1136 -1
GCP,adapt_p60-00000000000001_a224-99999999999997_585_map.h5,6.87807,10,527,1149,30.000000:225.000000,1331,False,12,5,1390,0.989268,5.84143,0,0.0127393,1446 1446 1389 1390 -1
GCP,adapt_p60-00000000000001_a224-99999999999997_104_map.h5,6.85139,10,464,1143,30.000000:225.000000,1331,True,15,4,1331,0.87619,4.8321,0,0.0124107,1332 1331 1389 -1
GCP,adapt_p80-40593177313954_a45-0_35_map.h5,7.84053,10,232,776,9.594069:45.000000,1042,True,17,5,1043,0.967279,7.35795,0,0.0132809,1044 1043 975 1042 -1
GCP,adapt_p48-18968510422141_a191-25_426_map.h5,7.88337,10,448,759,41.810314:191.250000,1494,True,12,5,1440,0.878335,7.46415,0,0.0124328,1494 1493 1440 1494 -1
GCP,adapt_p70-52877936550931_a191-25_336_map.h5,5.26426,10,88,1125,19.471220:191.250000,1201,False,250,2,1128,0,0.0178637,0,0.0178637,1389 -1
GCP,adapt_p48-18968510422141_a33-75_318_map.h5,7.87032,10,425,742,41.810314:33.750000,1471,True,13,5,1417,0.880047,7.22788,0,0.0124923,1471 1472 1418 1417 -1
GCP,adapt_p60-00000000000001_a67-5_222_map.h5,7.79444,10,244,753,30.000000:67.500000,1305,False,26,5,1365,0.875496,7.48103,0,0.0123798,1423 1364 1365 1306 -1
GCP,adapt_p35-659087696138755_a14-999999999999998_121_map.h5,7.88818,10,584,762,54.340912:15.000000,1568,True,8,5,1569,0.999125,5.8129,0,0.0126114,1613 1613 1569 1568 -1
GCP,adapt_p80-40593177313954_a22-5_300_map.h5,5.86004,10,450,1422,9.594069:22.500000,1038,True,15,4,1038,0.849952,4.88488,0,0.0127632,1105 1104 1038 -1
GCP,adapt_p60-00000000000001_a112-49999999999999_110_map.h5,7.76591,10,243,766,30.000000:112.500000,1313,False,27,5,1314,0.76582,7.48032,0,0.0128981,1372 1314 1252 1251 -1
GCP,adapt_p70-52877936550931_a236-25_189_map.h5,7.8434,10,372,751,19.471220:236.250000,1209,True,18,5,1208,0.886566,7.48768,0,0.0124181,1207 1208 1209 1143 -1
GCP,adapt_p60-00000000000001_a22-5_34_map.h5,6.88518,10,509,1138,30.000000:22.500000,1298,True,10,5,1298,0.996515,5.86001,0,0.0126628,1357 1357 1298 1297 -1
GCP,adapt_p35-659087696138755_a285-0_68_map.h5,7.17912,10,98,769,54.340912:285.000000,1601,False,114,3,1599,0.25342,5.77382,0,0.0137083,1271 1599 -1
GCP,adapt_p80-40593177313954_a315-0_173_map.h5,6.84143,10,528,1187,9.594069:315.000000,1093,True,17,4,1093,0.925995,4.95571,0,0.0123684,1158 1093 1094 -1
GCP,adapt_p60-00000000000001_a90-0_528_map.h5,5.83005,10,388,1533,30.000000:90.000000,1309,True,19,4,1309,0.826922,4.82676,0,0.0127246,1246 1309 1308 -1
GCP,adapt_p11-715852394892384_a45-0_116_map.h5,7.87936,10,405,776,78.284149:45.000000,1766,True,12,5,1766,0.958396,7.32399,0,0.0124249,1746 1766 1767 1746 -1
GCP,adapt_p80-40593177313954_a157-5_386_map.h5,7.80652,10,301,756,9.594069:157.500000,1063,True,22,5,1063,0.657914,7.37328,0,0.0132963,994 995 1063 1062 -1
GCP,adapt_p70-52877936550931_a326-24999999999994_112_map.h5,8.89415,10,455,377,19.471220:326.250000,1225,True,12,6,1225,0.999542,8.31836,0,0.0126208,1288 1288 1287 1224 1225 -1
GCP,adapt_p35-659087696138755_a224-99999999999997_251_map.h5,6.88022,10,612,1135,54.340912:225.000000,1594,True,11,4,1594,0.987566,4.77793,0,0.0125761,1593 1594 1636 -1
GCP,adapt_p60-00000000000001_a67-5_593_map.h5,4.78145,10,106,1497,30.000000:67.500000,1305,False,169,3,1239,0.128805,2.98598,0,0.0152795,1362 1239 -1
GCP,adapt_p60-00000000000001_a67-5_203_map.h5,6.88228,10,630,1111,30.000000:67.500000,1305,True,10,5,1306,0.983667,5.80634,0,0.0125179,1243 1243 1306 1305 -1
GCP,adapt_p70-52877936550931_a146-25_164_map.h5,7.86227,10,459,801,19.471220:146.250000,1193,False,14,5,1127,0.941171,7.26051,0,0.0125522,1061 1062 1128 1127 -1
GCP,adapt_p80-40593177313954_a292-5_358_map.h5,6.8149,10,431,1176,9.594069:292.500000,1088,False,21,4,1089,0.863549,4.91105,0,0.0128904,1022 1090 1089 -1
GCP,adapt_p60-00000000000001_a135-0_206_map.h5,8.83434,10,588,411,30.000000:135.000000,1316,True,9,6,1317,0.999898,8.27439,0,0.0124585,1375 1375 1376 1317 1316 -1
GCP,adapt_p23-556464309101234_a247-49999999999997_96_map.h5,8.89543,10,576,369,66.443535:247.500000,1708,True,11,6,1708,0.995745,8.29443,0,0.012363,1735 1735 1707 1708 1675 -1
GCP,adapt_p80-40593177313954_a22-5_199_map.h5,7.87299,10,486,719,9.594069:22.500000,1038,True,11,5,1039,0.973457,7.35408,0,0.0127939,1038 1039 1105 1038 -1
GCP,adapt_p35-659087696138755_a255-00000000000003_120_map.h5,5.34701,10,83,1200,54.340912:255.000000,1598,False,240,2,1552,0,0.0184903,0,0.0184903,1235 -1
GCP,adapt_p23-556464309101234_a112-5_251_map.h5,7.80614,10,250,751,66.443535:112.500000,1697,True,25,5,1697,0.902352,7.44041,0,0.0126648,1724 1696 1697 1726 -1
GCP,adapt_p60-00000000000001_a157-5_362_map.h5,5.84209,10,423,1472,30.000000:157.500000,1320,False,17,4,1380,0.832984,4.9184,0,0.0127148,1379 1380 1322 -1
GCP,adapt_p60-00000000000001_a0-0_442_map.h5,8.88764,10,479,353,30.000000:0.000000,1294,True,10,6,1294,0.999904,8.32721,0,0.0141583,1295 1295 1354 1411 1294 -1
GCP,adapt_p48-18968510422141_a101-24999999999999_232_map.h5,7.67715,10,232,743,41.810314:101.250000,1481,False,43,4,1579,0.641955,5.50855,0,0.0126722,1663 1623 1579 -1
GCP,adapt_p35-659087696138755_a135-0_464_map.h5,8.89986,10,767,387,54.340912:135.000000,1583,True,8,6,1583,0.999988,8.19858,0,0.0129594,1626 1626 1625 1582 1583 -1
GCP,adapt_p80-40593177313954_a224-99999999999997_561_map.h5,6.39134,10,82,1157,9.594069:225.000000,1076,True,86,4,1079,0.441834,6.04704,0,0.0134991,1076 1079 1080 -1
GCP,adapt_p11-715852394892384_a45-0_322_map.h5,0.5969,10,14,343,78.284149:45.000000,1766,False,1800,2,1030,0,0.314651,0,0.314651,1432 -1
GCP,adapt_p60-00000000000001_a224-99999999999997_317_map.h5,7.84487,10,467,732,30.000000:225.000000,1331,True,16,5,1269,0.965173,7.28526,0,0.0129214,1271 1270 1269 1331 -1
GCP,adapt_p80-40593177313954_a0-0_327_map.h5,8.90322,10,510,374,9.594069:0.000000,1034,True,10,6,1034,0.999961,8.36414,0,0.0125604,1166 1166 1101 1034 1100 -1
GCP,adapt_p70-52877936550931_a236-25_519_map.h5,7.51448,10,112,775,19.471220:236.250000,1209,False,69,4,1143,0.356364,7.20352,0,0.0133214,1080 1143 1331 -1
GCP,adapt_p80-40593177313954_a270-0_557_map.h5,7.83932,10,467,751,9.594069:270.000000,1084,True,19,5,1085,0.904795,7.28887,0,0.0124877,1084 1085 1151 1150 -1
GCP,adapt_p11-715852394892384_a135-0_130_map.h5,6.87219,10,458,1218,78.284149:135.000000,1770,True,14,4,1752,0.940619,4.84792,0,0.0126179,1770 1752 1753 -1
GCP,adapt_p80-40593177313954_a112-49999999999999_444_map.h5,7.68745,10,165,731,9.594069:112.500000,1055,False,38,4,1054,0.714412,5.36533,0,0.0133265,1186 1054 1053 -1
GCP,adapt_p70-52877936550931_a326-24999999999994_251_map.h5,7.88326,10,487,753,19.471220:326.250000,1225,True,12,5,1225,0.989409,5.84946,0,0.0125288,1160 1160 1225 1224 -1
GCP,adapt_p48-18968510422141_a303-75_20_map.h5,8.88779,10,518,375,41.810314:303.750000,1510,True,10,6,1510,0.999306,8.21797,0,0.0130227,1457 1457 1458 1510 1509 -1
GCP,adapt_p70-52877936550931_a168-74999999999997_303_map.h5,7.88501,10,704,760,19.471220:168.750000,1197,True,10,5,1197,0.994967,5.92035,0,0.0127999,1198 1198 1197 1196 -1
GCP,adapt_p11-715852394892384_a315-0_375_map.h5,8.884,10,533,371,78.284149:315.000000,1778,True,10,6,1762,0.982391,8.04048,0,0.0128012,1778 1778 1779 1763 1762 -1
GCP,adapt_p60-00000000000001_a247-49999999999997_420_map.h5,7.88794,10,624,788,30.000000:247.500000,1335,True,11,5,1336,0.998314,5.88536,0,0.0128799,1274 1274 1335 1336 -1
GCP,adapt_p60-00000000000001_a247-49999999999997_229_map.h5,6.77519,10,486,1153,30.000000:247.500000,1335,True,15,4,1335,0.832669,4.9147,0,0.0136719,1336 1335 1273 -1
GCP,adapt_p23-556464309101234_a22-5_461_map.h5,7.78522,10,177,731,66.443535:22.500000,1689,True,28,5,1688,0.82289,7.12549,0,0.0125601,1745 1719 1689 1688 -1
GCP,adapt_p11-715852394892384_a315-0_34_map.h5,7.83715,10,397,778,78.284149:315.000000,1778,False,23,5,1791,0.839289,7.39991,0,0.012646,1796 1791 1780 1781 -1
GCP,adapt_p80-40593177313954_a157-5_187_map.h5,7.85939,10,500,718,9.594069:157.500000,1063,True,13,5,1063,0.99395,7.36332,0,0.012408,1062 1063 1064 996 -1
GCP,adapt_p70-52877936550931_a78-75_382_map.h5,8.88696,10,497,383,19.471220:78.750000,1181,True,12,6,1181,0.990834,8.28052,0,0.0128467,1244 1244 1245 1182 1181 -1
GCP,adapt_p35-659087696138755_a285-0_497_map.h5,7.86659,10,444,755,54.340912:285.000000,1601,True,14,5,1643,0.955225,7.22742,0,0.0132089,1642 1643 1602 1601 -1
GCP,adapt_p35-659087696138755_a165-0_521_map.h5,8.89892,10,598,364,54.340912:165.000000,1587,True,9,6,1587,0.999985,8.2043,0,0.0128742,1541 1541 1587 1586 1629 -1
GCP,adapt_p80-40593177313954_a90-0_392_map.h5,7.82427,10,335,777,9.594069:90.000000,1051,True,20,5,983,0.800527,7.45929,0,0.0125369,1118 1051 983 1050 -1
GCP,adapt_p35-659087696138755_a75-0_193_map.h5,7.89142,10,596,771,54.340912:75.000000,1576,True,9,5,1576,0.99922,5.81115,0,0.0124142,1619 1619 1575 1576 -1
GCP,adapt_p48-18968510422141_a56-24999999999999_303_map.h5,1.77563,10,8,350,41.810314:56.250000,1475,False,1800,2,1182,0,0.31597,0,0.31597,851 -1
GCP,adapt_p60-00000000000001_a90-0_573_map.h5,5.78531,10,276,1493,30.000000:90.000000,1309,False,26,4,1368,0.754177,5.35124,0,0.0124896,1245 1367 1368 -1
GCP,adapt_p60-00000000000001_a270-0_502_map.h5,8.8862,10,672,339,30.000000:270.000000,1339,True,9,6,1339,0.997971,8.54998,0,0.0125979,1278 1278 1340 1339 1277 -1
GCP,adapt_p23-556464309101234_a292-5_347_map.h5,7.82064,10,223,741,66.443535:292.500000,1712,True,23,5,1712,0.949822,7.17292,0,0.0131618,1740 1739 1713 1712 -1
GCP,adapt_p48-18968510422141_a303-75_491_map.h5,8.89099,10,500,383,41.810314:303.750000,1510,True,8,6,1459,0.999996,8.21999,0,0.0128201,1458 1458 1459 1511 1510 -1
GCP,adapt_p80-40593177313954_a292-5_302_map.h5,8.68487,10,123,353,9.594069:292.500000,1088,False,43,5,1154,0.670476,7.97827,0,0.0129594,1087 1219 1154 1155 -1
GCP,adapt_p70-52877936550931_a56-24999999999999_214_map.h5,5.74325,10,188,1512,19.471220:56.250000,1177,False,33,4,1238,0.746727,4.89476,0,0.0124962,1240 1239 1238 -1
GCP,adapt_p70-52877936550931_a123-74999999999999_112_map.h5,7.87534,10,482,681,19.471220:123.750000,1189,False,12,5,1188,0.921668,7.40211,0,0.0124759,1123 1122 1188 1123 -1
GCP,adapt_p48-18968510422141_a146-25_446_map.h5,8.8865,10,598,334,41.810314:146.250000,1488,True,8,6,1435,0.999978,8.24261,0,0.0122952,1434 1434 1435 1488 1487 -1
GCP,adapt_p80-40593177313954_a247-49999999999997_357_map.h5,5.81003,10,342,1522,9.594069:247.500000,1080,True,22,4,1080,0.844274,4.91742,0,0.0127773,1079 1080 1081 -1
GCP,adapt_p60-00000000000001_a135-0_85_map.h5,7.85946,10,362,745,30.000000:135.000000,1316,True,15,5,1376,0.949653,7.27252,0,0.0123442,1316 1317 1376 1375 -1
GCP,adapt_p70-52877936550931_a101-24999999999999_379_map.h5,8.88466,10,552,371,19.471220:101.250000,1185,False,10,6,1247,0.99692,8.27423,0,0.0131524,1248 1248 1247 1184 1183 -1
GCP,adapt_p48-18968510422141_a326-24999999999994_123_map.h5,7.88504,10,746,752,41.810314:326.250000,1514,True,11,5,1514,0.988994,5.80725,0,0.0127672,1462 1462 1514 1515 -1
GCP,adapt_p35-659087696138755_a75-0_406_map.h5,6.3444,10,186,1065,54.340912:75.000000,1576,False,92,4,1500,0.542453,5.25374,0,0.0134409,1445 1499 1500 -1
GCP,adapt_p48-18968510422141_a213-75_474_map.h5,8.88805,10,807,327,41.810314:213.750000,1497,True,9,6,1445,0.999769,8.24542,0,0.0127594,1498 1498 1497 1444 1445 -1
GCP,adapt_p48-18968510422141_a123-74999999999999_268_map.h5,7.86166,10,388,790,41.810314:123.750000,1484,False,13,5,1432,0.978739,7.26786,0,0.0131719,1485 1486 1433 1432 -1
GCP,adapt_p35-659087696138755_a255-00000000000003_131_map.h5,6.85112,10,470,1121,54.340912:255.000000,1598,False,14,4,1676,0.684002,4.75779,0,0.0126872,1708 1675 1676 -1
GCP,adapt_p48-18968510422141_a191-25_72_map.h5,7.80318,10,165,765,41.810314:191.250000,1494,True,24,5,1493,0.886419,7.27429,0,0.0126149,1492 1493 1494 1544 -1
GCP,adapt_p11-715852394892384_a45-0_298_map.h5,7.8823,10,485,659,78.284149:45.000000,1766,True,11,5,1766,0.897408,7.2711,0,0.013497,1747 1746 1766 1747 -1
GCP,adapt_p70-52877936550931_a56-24999999999999_74_map.h5,7.69351,10,215,758,19.471220:56.250000,1177,True,42,5,1177,0.675975,7.48665,0,0.0133158,1303 1239 1176 1177 -1
GCP,adapt_p70-52877936550931_a56-24999999999999_315_map.h5,8.82251,10,387,355,19.471220:56.250000,1177,True,21,5,1176,0.85289,7.31095,0,0.012307,1175 1176 1177 1240 -1
GCP,adapt_p60-00000000000001_a157-5_293_map.h5,7.8018,10,286,797,30.000000:157.500000,1320,False,23,5,1321,0.864178,7.15608,0,0.0130011,1196 1259 1321 1322 -1
GCP,adapt_p35-659087696138755_a165-0_534_map.h5,8.71283,10,118,405,54.340912:165.000000,1587,False,39,5,1535,0.795411,7.46632,0,0.0129882,1486 1536 1535 1484 -1
GCP,adapt_p35-659087696138755_a135-0_39_map.h5,8.8561,10,511,397,54.340912:135.000000,1583,False,10,6,1537,0.998264,8.20986,0,0.0127025,1536 1536 1537 1486 1485 -1
GCP,adapt_p60-00000000000001_a157-5_222_map.h5,7.88439,10,572,767,30.000000:157.500000,1320,True,11,5,1321,0.978857,5.86379,0,0.0124066,1379 1379 1320 1321 -1
GCP,adapt_p70-52877936550931_a258-75_460_map.h5,7.87126,10,574,750,19.471220:258.750000,1213,True,12,5,1213,0.881121,5.83169,0,0.012526,1276 1276 1213 1214 -1
GCP,adapt_p60-00000000000001_a157-5_89_map.h5,6.84229,10,434,1141,30.000000:157.500000,1320,True,17,4,1320,0.680756,4.90736,0,0.0124979,1322 1321 1320 -1
GCP,adapt_p60-00000000000001_a135-0_555_map.h5,6.66697,10,140,1124,30.000000:135.000000,1316,False,43,4,1318,0.676481,5.13542,0,0.012844,1191 1255 1318 -1
GCP,adapt_p70-52877936550931_a101-24999999999999_308_map.h5,8.78506,10,161,364,19.471220:101.250000,1185,True,27,5,1185,0.91657,7.37315,0,0.0127319,1183 1184 1185 1186 -1
GCP,adapt_p48-18968510422141_a123-74999999999999_352_map.h5,6.88632,10,659,1106,41.810314:123.750000,1484,True,9,5,1431,0.999491,5.87561,0,0.0124678,1484 1484 1431 1430 -1
GCP,adapt_p35-659087696138755_a315-0_105_map.h5,5.81582,10,509,1553,54.340912:315.000000,1605,True,20,4,1605,0.785701,5.3407,0,0.0129831,1683 1606 1605 -1
GCP,adapt_p48-18968510422141_a168-74999999999997_214_map.h5,7.7888,10,202,736,41.810314:168.750000,1491,False,26,5,1493,0.805348,7.21906,0,0.0130039,1439 1492 1543 1493 -1
GCP,adapt_p80-40593177313954_a90-0_397_map.h5,7.89622,10,654,730,9.594069:90.000000,1051,True,10,5,1050,0.995067,5.91262,0,0.0135736,983 983 1051 1050 -1
GCP,adapt_p23-556464309101234_a67-5_74_map.h5,7.80638,10,264,764,66.443535:67.500000,1693,False,24,5,1723,0.851379,7.12949,0,0.0124293,1748 1749 1724 1723 -1
GCP,adapt_p60-00000000000001_a337-49999999999994_207_map.h5,7.73489,10,143,782,30.000000:337.500000,1350,False,33,5,1352,0.826199,7.37389,0,0.0128953,1290 1291 1292 1352 -1
GCP,adapt_p80-40593177313954_a224-99999999999997_161_map.h5,5.74505,10,170,1536,9.594069:225.000000,1076,False,32,4,1143,0.643947,5.05322,0,0.0127777,1078 1143 1142 -1
GCP,adapt_p48-18968510422141_a78-75_129_map.h5,7.61416,10,176,740,41.810314:78.750000,1478,True,49,5,1478,0.748265,7.56084,0,0.0126644,1423 1478 1530 1529 -1
GCP,adapt_p35-659087696138755_a14-999999999999998_417_map.h5,7.7903,10,225,746,54.340912:15.000000,1568,True,22,5,1568,0.936534,7.23615,0,0.0125162,1567 1568 1569 1613 -1
GCP,adapt_p23-556464309101234_a202-5_170_map.h5,5.82709,10,292,1445,66.443535:202.500000,1704,False,20,4,1733,0.750536,4.77358,0,0.0127115,1756 1732 1733 -1
GCP,adapt_p48-18968510422141_a78-75_237_map.h5,8.87619,10,463,393,41.810314:78.750000,1478,True,13,6,1425,0.979487,8.23788,0,0.0125964,1478 1478 1479 1425 1424 -1
GCP,adapt_p48-18968510422141_a326-24999999999994_416_map.h5,6.78393,10,233,1144,41.810314:326.250000,1514,False,26,4,1512,0.78187,5.11088,0,0.0128874,1560 1512 1513 -1
GCP,adapt_p11-715852394892384_a225-0_447_map.h5,7.8803,10,380,732,78.284149:225.000000,1774,True,14,5,1788,0.957821,7.05376,0,0.0125021,1775 1788 1787 1774 -1
GCP,adapt_p60-00000000000001_a292-5_312_map.h5,7.83161,10,409,775,30.000000:292.500000,1343,True,19,5,1343,0.880919,7.15894,0,0.0132098,1281 1342 1343 1401 -1
GCP,adapt_p60-00000000000001_a180-0_17_map.h5,6.85016,10,476,1112,30.000000:180.000000,1324,False,16,4,1440,0.681862,5.09936,0,0.0126615,1441 1440 1382 -1
GCP,adapt_p70-52877936550931_a56-24999999999999_426_map.h5,6.85201,10,434,1202,19.471220:56.250000,1177,False,16,4,1111,0.952892,4.91188,0,0.0128155,1110 1111 1112 -1
GCP,adapt_p23-556464309101234_a157-5_179_map.h5,7.86135,10,318,670,66.443535:157.500000,1701,True,15,5,1700,0.978382,7.15746,0,0.0124743,1728 1729 1701 1700 -1
GCP,adapt_p23-556464309101234_a292-5_226_map.h5,7.86238,10,561,808,66.443535:292.500000,1712,True,10,5,1712,0.989255,5.82533,0,0.0124143,1679 1679 1680 1712 -1
GCP,adapt_p48-18968510422141_a168-74999999999997_148_map.h5,8.88106,10,500,370,41.810314:168.750000,1491,True,10,6,1437,0.998812,8.2242,0,0.0127454,1491 1491 1490 1437 1438 -1
GCP,adapt_p60-00000000000001_a202-49999999999997_79_map.h5,8.87934,10,371,346,30.000000:202.500000,1328,True,13,6,1328,0.986029,8.26017,0,0.0124613,1267 1267 1266 1328 1327 -1
GCP,adapt_p48-18968510422141_a11-25_197_map.h5,5.60515,10,92,1515,41.810314:11.250000,1468,False,53,3,1521,0.221965,3.17632,0,0.0126748,1614 1521 -1
GCP,adapt_p60-00000000000001_a22-5_435_map.h5,7.85933,10,386,780,30.000000:22.500000,1298,True,15,5,1298,0.977801,7.29703,0,0.013447,1297 1298 1357 1358 -1
GCP,adapt_p70-52877936550931_a56-24999999999999_308_map.h5,8.88737,10,582,336,19.471220:56.250000,1177,True,11,6,1177,0.999378,8.29968,0,0.0124292,1241 1241 1240 1177 1178 -1
GCP,adapt_p70-52877936550931_a191-25_103_map.h5,8.85937,10,467,385,19.471220:191.250000,1201,True,14,6,1200,0.975761,8.27278,0,0.0124365,1135 1135 1201 1200 1263 -1
GCP,adapt_p48-18968510422141_a281-24999999999994_296_map.h5,6.71658,10,163,1131,41.810314:281.250000,1507,False,39,4,1456,0.62278,4.74516,0,0.0132341,1557 1508 1456 -1
GCP,adapt_p80-40593177313954_a315-0_546_map.h5,8.83144,10,321,378,9.594069:315.000000,1093,True,16,6,1093,0.895244,8.37325,0,0.0123775,1026 1026 1025 1093 1094 -1
GCP,adapt_p60-00000000000001_a45-0_147_map.h5,6.86773,10,507,1121,30.000000:45.000000,1301,True,13,5,1302,0.983168,5.82713,0,0.0130785,1361 1361 1302 1301 -1
GCP,adapt_p70-52877936550931_a56-24999999999999_255_map.h5,5.88137,10,566,1463,19.471220:56.250000,1177,True,8,4,1240,0.826788,3.40415,0,0.0124311,1177 1177 1240 -1
GCP,adapt_p80-40593177313954_a292-5_310_map.h5,7.82686,10,319,714,9.594069:292.500000,1088,True,20,5,1088,0.857798,7.38224,0,0.0129676,1019 1020 1021 1088 -1
GCP,adapt_p48-18968510422141_a191-25_565_map.h5,8.78821,10,173,331,41.810314:191.250000,1494,True,27,5,1544,0.829307,7.19472,0,0.0126143,1441 1494 1544 1545 -1
GCP,adapt_p48-18968510422141_a191-25_394_map.h5,8.89892,10,505,355,41.810314:191.250000,1494,True,9,6,1441,0.999863,8.47775,0,0.0128725,1494 1494 1442 1441 1440 -1
GCP,adapt_p80-40593177313954_a337-49999999999994_363_map.h5,7.85215,10,288,775,9.594069:337.500000,1097,True,15,5,1096,0.944126,7.37264,0,0.0126517,1028 1029 1097 1096 -1
GCP,adapt_p48-18968510422141_a348-74999999999994_126_map.h5,6.16165,10,106,1171,41.810314:348.750000,1517,False,121,4,1408,0.356291,5.35558,0,0.0139358,1291 1409 1408 -1
GCP,adapt_p70-52877936550931_a348-74999999999994_301_map.h5,8.8973,10,493,342,19.471220:348.750000,1229,True,9,6,1229,0.999139,8.32737,0,0.0124929,1164 1164 1163 1228 1229 -1
GCP,adapt_p35-659087696138755_a224-99999999999997_244_map.h5,8.86813,10,635,340,54.340912:225.000000,1594,True,10,6,1636,0.999958,8.19397,0,0.012657,1637 1637 1636 1594 1595 -1
GCP,adapt_p23-556464309101234_a202-5_456_map.h5,5.87926,10,625,1386,66.443535:202.500000,1704,True,10,5,1704,0.998466,5.77661,0,0.0125248,1732 1732 1704 1705 -1
GCP,adapt_p48-18968510422141_a191-25_196_map.h5,6.88535,10,437,1188,41.810314:191.250000,1494,True,10,5,1441,0.997253,5.79315,0,0.0124519,1494 1494 1441 1442 -1
GCP,adapt_p48-18968510422141_a168-74999999999997_65_map.h5,8.89625,10,793,346,41.810314:168.750000,1491,True,9,6,1491,0.98942,8.28492,0,0.0125418,1541 1541 1491 1490 1437 -1
GCP,adapt_p70-52877936550931_a258-75_354_map.h5,7.88035,10,554,772,19.471220:258.750000,1213,True,12,5,1214,0.937142,7.61045,0,0.0124536,1213 1214 1277 1213 -1
GCP,adapt_p35-659087696138755_a315-0_206_map.h5,5.86677,10,604,1454,54.340912:315.000000,1605,False,12,4,1647,0.607425,4.77255,0,0.0130321,1646 1647 1606 -1
GCP,adapt_p11-715852394892384_a315-0_273_map.h5,7.88298,10,551,729,78.284149:315.000000,1778,False,11,5,1763,0.985606,5.71827,0,0.0128208,1779 1779 1763 1762 -1
GCP,adapt_p80-40593177313954_a202-49999999999997_102_map.h5,8.88127,10,556,370,9.594069:202.500000,1072,True,11,6,1071,0.999802,8.3755,0,0.0125287,1004 1004 1005 1072 1071 -1
GCP,adapt_p60-00000000000001_a112-49999999999999_370_map.h5,7.39757,10,176,688,30.000000:112.500000,1313,False,85,4,1258,0.461516,5.38201,0,0.0142528,1435 1320 1258 -1
GCP,adapt_p48-18968510422141_a281-24999999999994_539_map.h5,7.82445,10,398,787,41.810314:281.250000,1507,True,16,5,1454,0.835636,7.23346,0,0.0123506,1453 1454 1506 1507 -1
GCP,adapt_p35-659087696138755_a195-0_585_map.h5,8.89389,10,828,391,54.340912:195.000000,1590,True,6,6,1590,0.999999,8.25243,0,0.012907,1633 1633 1632 1590 1591 -1
GCP,adapt_p35-659087696138755_a135-0_423_map.h5,8.89825,10,764,386,54.340912:135.000000,1583,True,7,6,1583,0.999971,8.1975,0,0.0125483,1626 1626 1627 1584 1583 -1
GCP,adapt_p35-659087696138755_a344-99999999999994_465_map.h5,7.62401,10,138,722,54.340912:345.000000,1609,False,48,4,1465,0.337526,5.42025,0,0.012792,1608 1516 1465 -1
GCP,adapt_p48-18968510422141_a101-24999999999999_559_map.h5,8.88236,10,437,384,41.810314:101.250000,1481,True,10,6,1481,0.998783,8.2634,0,0.012412,1428 1428 1427 1481 1480 -1
GCP,adapt_p60-00000000000001_a247-49999999999997_494_map.h5,6.78709,10,309,1110,30.000000:247.500000,1335,False,24,4,1274,0.672517,4.89495,0,0.0127127,1334 1273 1274 -1
GCP,adapt_p35-659087696138755_a255-00000000000003_108_map.h5,6.81418,10,261,1138,54.340912:255.000000,1598,False,20,4,1638,0.808093,4.80201,0,0.0136406,1597 1639 1638 -1
GCP,adapt_p23-556464309101234_a67-5_119_map.h5,6.87631,10,496,1160,66.443535:67.500000,1693,True,11,5,1693,0.989338,5.81837,0,0.0124993,1658 1658 1657 1693 -1
GCP,adapt_p60-00000000000001_a90-0_315_map.h5,6.8693,10,482,1090,30.000000:90.000000,1309,True,12,5,1309,0.991437,5.83842,0,0.0125073,1247 1247 1310 1309 -1
GCP,adapt_p35-659087696138755_a165-0_323_map.h5,5.83217,10,378,1502,54.340912:165.000000,1587,True,19,4,1541,0.810501,4.83307,0,0.0136332,1540 1541 1587 -1
GCP,adapt_p48-18968510422141_a168-74999999999997_272_map.h5,8.89746,10,741,357,41.810314:168.750000,1491,True,7,6,1491,0.99997,8.21882,0,0.012339,1490 1490 1491 1438 1437 -1
GCP,adapt_p80-40593177313954_a90-0_446_map.h5,5.86102,10,508,1498,9.594069:90.000000,1051,True,13,4,1050,0.84564,4.91094,0,0.0127807,982 1050 1051 -1
GCP,adapt_p23-556464309101234_a202-5_34_map.h5,7.86832,10,609,765,66.443535:202.500000,1704,True,10,5,1704,0.998698,7.25609,0,0.0124701,1705 1704 1732 1705 -1
GCP,adapt_p80-40593177313954_a0-0_23_map.h5,7.88632,10,451,731,9.594069:0.000000,1034,False,12,5,1100,0.999018,5.91152,0,0.0124812,1032 1032 1100 1099 -1
GCP,adapt_p70-52877936550931_a281-24999999999994_263_map.h5,7.83137,10,314,737,19.471220:281.250000,1217,True,21,5,1217,0.901385,7.26186,0,0.01245,1154 1153 1218 1217 -1
GCP,adapt_p35-659087696138755_a344-99999999999994_97_map.h5,7.87036,10,462,751,54.340912:345.000000,1609,True,10,5,1609,0.997528,5.81118,0,0.012443,1649 1649 1608 1609 -1
GCP,adapt_p80-40593177313954_a0-0_552_map.h5,7.88634,10,615,782,9.594069:0.000000,1034,True,10,5,1034,0.998374,5.918,0,0.0124575,1035 1035 1034 1100 -1
GCP,adapt_p23-556464309101234_a292-5_533_map.h5,6.87731,10,550,1122,66.443535:292.500000,1712,True,12,4,1712,0.959881,4.8318,0,0.0125012,1679 1712 1711 -1
GCP,adapt_p35-659087696138755_a75-0_7_map.h5,6.8825,10,651,1093,54.340912:75.000000,1576,False,9,5,1619,0.993264,5.80201,0,0.012333,1575 1575 1619 1620 -1
GCP,adapt_p80-40593177313954_a315-0_324_map.h5,8.89425,10,625,398,9.594069:315.000000,1093,False,8,6,1092,0.999862,8.31837,0,0.0125399,1157 1157 1158 1092 1091 -1
GCP,adapt_p48-18968510422141_a56-24999999999999_461_map.h5,7.61007,10,184,699,41.810314:56.250000,1475,True,55,5,1475,0.614921,7.29185,0,0.0127322,1477 1476 1475 1474 -1
GCP,adapt_p35-659087696138755_a165-0_233_map.h5,6.86626,10,507,1117,54.340912:165.000000,1587,False,10,5,1629,0.994809,5.8115,0,0.0125275,1667 1667 1629 1630 -1
GCP,adapt_p80-40593177313954_a315-0_258_map.h5,7.77304,10,383,730,9.594069:315.000000,1093,False,24,5,1158,0.824117,7.28042,0,0.0127768,1223 1158 1092 1157 -1
GCP,adapt_p60-00000000000001_a135-0_143_map.h5,7.83905,10,271,731,30.000000:135.000000,1316,False,16,5,1317,0.947252,7.27325,0,0.0127914,1318 1317 1376 1375 -1
GCP,adapt_p70-52877936550931_a101-24999999999999_311_map.h5,5.80329,10,260,1509,19.471220:101.250000,1185,True,24,4,1248,0.69814,5.05932,0,0.0125287,1118 1185 1248 -1
GCP,adapt_p48-18968510422141_a56-24999999999999_595_map.h5,6.86262,10,432,1168,41.810314:56.250000,1475,False,13,5,1420,0.88663,5.79148,0,0.0131975,1474 1474 1420 1421 -1
GCP,adapt_p60-00000000000001_a67-5_459_map.h5,8.8743,10,355,372,30.000000:67.500000,1305,True,13,6,1306,0.996475,8.24868,0,0.0124873,1242 1242 1243 1306 1305 -1
GCP,adapt_p60-00000000000001_a292-5_207_map.h5,7.87226,10,677,726,30.000000:292.500000,1343,True,10,5,1343,0.988219,7.50265,0,0.0125373,1342 1343 1282 1342 -1
GCP,adapt_p60-00000000000001_a270-0_567_map.h5,6.79003,10,178,1194,30.000000:270.000000,1339,False,25,4,1398,0.732919,5.2167,0,0.0127706,1453 1398 1399 -1
GCP,adapt_p48-18968510422141_a78-75_103_map.h5,7.86419,10,240,747,41.810314:78.750000,1478,True,13,5,1479,0.965193,7.23666,0,0.0126037,1424 1425 1479 1478 -1
GCP,adapt_p80-40593177313954_a270-0_364_map.h5,7.87431,10,404,712,9.594069:270.000000,1084,True,13,5,1085,0.958901,7.28864,0,0.0125114,1150 1151 1085 1084 -1
GCP,adapt_p70-52877936550931_a281-24999999999994_546_map.h5,8.81364,10,216,350,19.471220:281.250000,1217,True,23,5,1279,0.822369,7.19423,0,0.0131932,1340 1279 1280 1217 -1
GCP,adapt_p60-00000000000001_a112-49999999999999_304_map.h5,7.67926,10,165,815,30.000000:112.500000,1313,True,39,4,1313,0.600699,5.37557,0,0.0136287,1315 1251 1313 -1
GCP,adapt_p80-40593177313954_a22-5_390_map.h5,6.98287,10,97,787,9.594069:22.500000,1038,False,144,4,934,0.544474,5.52852,0,0.0149531,937 935 934 -1
GCP,adapt_p60-00000000000001_a224-99999999999997_55_map.h5,6.86217,10,568,1148,30.000000:225.000000,1331,False,15,4,1333,0.737212,4.80869,0,0.0126453,1390 1391 1333 -1
GCP,adapt_p70-52877936550931_a191-25_358_map.h5,7.86609,10,453,742,19.471220:191.250000,1201,True,15,5,1201,0.913096,7.25018,0,0.0127102,1263 1264 1201 1200 -1
GCP,adapt_p60-00000000000001_a247-49999999999997_205_map.h5,7.81715,10,279,827,30.000000:247.500000,1335,True,21,5,1336,0.850102,7.47511,0,0.0126471,1394 1335 1336 1275 -1
GCP,adapt_p23-556464309101234_a112-5_355_map.h5,5.87426,10,553,1418,66.443535:112.500000,1697,False,12,4,1727,0.878444,4.7727,0,0.0125428,1726 1727 1698 -1
GCP,adapt_p23-556464309101234_a202-5_69_map.h5,6.87228,10,459,1150,66.443535:202.500000,1704,True,12,5,1704,0.998049,5.77662,0,0.0125329,1732 1732 1704 1705 -1
GCP,adapt_p35-659087696138755_a224-99999999999997_15_map.h5,7.88134,10,492,772,54.340912:225.000000,1594,True,9,5,1636,0.995887,7.43679,0,0.0124441,1635 1636 1594 1635 -1
GCP,adapt_p70-52877936550931_a123-74999999999999_482_map.h5,8.8841,10,588,365,19.471220:123.750000,1189,True,12,6,1189,0.991462,8.27039,0,0.0126945,1123 1123 1122 1188 1189 -1
GCP,adapt_p80-40593177313954_a224-99999999999997_331_map.h5,6.77988,10,315,1109,9.594069:225.000000,1076,True,24,4,1077,0.756464,4.8173,0,0.0129222,1143 1077 1076 -1
GCP,adapt_p60-00000000000001_a337-49999999999994_472_map.h5,6.87534,10,594,1113,30.000000:337.500000,1350,True,11,5,1351,0.933984,5.89833,0,0.0124498,1350 1350 1408 1351 -1
GCP,adapt_p60-00000000000001_a45-0_509_map.h5,6.8664,10,493,1162,30.000000:45.000000,1301,False,11,5,1361,0.968,5.8161,0,0.0123822,1302 1302 1361 1362 -1
GCP,adapt_p70-52877936550931_a281-24999999999994_417_map.h5,8.82091,10,206,329,19.471220:281.250000,1217,True,22,5,1217,0.899846,7.29548,0,0.0128871,1218 1217 1216 1279 -1
GCP,adapt_p70-52877936550931_a33-75_582_map.h5,7.89152,10,633,758,19.471220:33.750000,1173,True,8,5,1173,0.972813,5.87274,0,0.0132655,1237 1237 1174 1173 -1
GCP,adapt_p70-52877936550931_a326-24999999999994_438_map.h5,8.87803,10,406,380,19.471220:326.250000,1225,True,10,6,1225,0.988092,8.32354,0,0.0127864,1287 1287 1288 1225 1226 -1
GCP,adapt_p60-00000000000001_a337-49999999999994_240_map.h5,7.88838,10,649,723,30.000000:337.500000,1350,True,11,5,1350,0.998332,5.8636,0,0.0124173,1408 1408 1350 1351 -1
GCP,adapt_p60-00000000000001_a202-49999999999997_237_map.h5,7.87335,10,386,803,30.000000:202.500000,1328,True,12,5,1327,0.973699,5.81124,0,0.0124385,1265 1265 1327 1328 -1
GCP,adapt_p48-18968510422141_a123-74999999999999_47_map.h5,8.65593,10,151,386,41.810314:123.750000,1484,True,48,5,1430,0.760655,8.39732,0,0.0128773,1487 1484 1431 1430 -1
GCP,adapt_p60-00000000000001_a247-49999999999997_45_map.h5,7.87227,10,565,696,30.000000:247.500000,1335,True,12,5,1335,0.886291,5.8107,0,0.0125271,1393 1393 1335 1336 -1
GCP,adapt_p80-40593177313954_a112-49999999999999_432_map.h5,7.86215,10,479,761,9.594069:112.500000,1055,True,14,5,1054,0.960935,7.27441,0,0.0126445,1121 1120 1054 1055 -1
GCP,adapt_p70-52877936550931_a236-25_70_map.h5,7.82005,10,417,724,19.471220:236.250000,1209,True,21,5,1144,0.896829,7.17791,0,0.0127603,1209 1144 1145 1079 -1
GCP,adapt_p80-40593177313954_a202-49999999999997_383_map.h5,8.8824,10,508,376,9.594069:202.500000,1072,True,12,6,1071,0.999668,8.25528,0,0.0124005,1004 1004 1072 1071 1137 -1
GCP,adapt_p48-18968510422141_a78-75_362_map.h5,8.89525,10,633,378,41.810314:78.750000,1478,True,8,6,1424,0.999898,8.22197,0,0.0125076,1478 1478 1477 1423 1424 -1
GCP,adapt_p48-18968510422141_a281-24999999999994_139_map.h5,8.86938,10,427,420,41.810314:281.250000,1507,True,10,6,1507,0.987906,8.22647,0,0.0124135,1508 1508 1507 1455 1456 -1
GCP,adapt_p48-18968510422141_a303-75_587_map.h5,5.81531,10,441,1468,41.810314:303.750000,1510,True,16,4,1510,0.858122,4.78076,0,0.0125006,1509 1510 1458 -1
GCP,adapt_p48-18968510422141_a213-75_537_map.h5,8.8931,10,748,344,41.810314:213.750000,1497,True,7,6,1445,0.999975,8.24536,0,0.0127007,1498 1498 1497 1444 1445 -1
GCP,adapt_p80-40593177313954_a22-5_561_map.h5,7.73606,10,227,719,9.594069:22.500000,1038,True,32,5,1037,0.706416,7.38878,0,0.0127349,1105 1038 1037 1036 -1
GCP,adapt_p70-52877936550931_a168-74999999999997_370_map.h5,7.69692,10,258,707,19.471220:168.750000,1197,True,28,5,1198,0.768398,7.27564,0,0.0128806,1132 1197 1198 1261 -1
GCP,adapt_p48-18968510422141_a303-75_480_map.h5,7.85927,10,307,775,41.810314:303.750000,1510,True,13,5,1510,0.949433,7.21541,0,0.0125491,1459 1458 1510 1511 -1
GCP,adapt_p48-18968510422141_a258-75_335_map.h5,7.87958,10,582,732,41.810314:258.750000,1504,True,10,5,1553,0.95372,5.91152,0,0.012219,1554 1554 1504 1553 -1
GCP,adapt_p80-40593177313954_a90-0_153_map.h5,5.82828,10,397,1526,9.594069:90.000000,1051,False,20,4,1049,0.953409,4.91068,0,0.0125252,982 1050 1049 -1
GCP,adapt_p70-52877936550931_a213-75_3_map.h5,6.86633,10,629,1101,19.471220:213.750000,1205,True,12,5,1204,0.959317,5.81192,0,0.0124572,1267 1267 1204 1205 -1
GCP,adapt_p11-715852394892384_a135-0_40_map.h5,5.79126,10,244,1458,78.284149:135.000000,1770,False,24,4,1752,0.814863,4.81237,0,0.012548,1771 1752 1727 -1
GCP,adapt_p60-00000000000001_a45-0_165_map.h5,6.82724,10,233,1089,30.000000:45.000000,1301,False,18,4,1238,0.627782,4.85412,0,0.0125778,1175 1238 1239 -1
GCP,adapt_p35-659087696138755_a135-0_174_map.h5,7.86715,10,460,751,54.340912:135.000000,1583,True,13,5,1583,0.95319,7.20926,0,0.0126498,1537 1536 1582 1583 -1
GCP,adapt_p35-659087696138755_a75-0_2_map.h5,7.80375,10,137,799,54.340912:75.000000,1576,True,23,5,1577,0.939773,7.24936,0,0.0130528,1619 1620 1576 1577 -1
GCP,adapt_p80-40593177313954_a270-0_100_map.h5,6.86137,10,608,1092,9.594069:270.000000,1084,True,11,4,1084,0.753361,4.90427,0,0.0123777,1017 1084 1016 -1
GCP,adapt_p70-52877936550931_a281-24999999999994_199_map.h5,5.54799,10,191,1533,19.471220:281.250000,1217,False,60,4,1150,0.689719,5.40497,0,0.0128304,1152 1150 1215 -1
GCP,adapt_p70-52877936550931_a168-74999999999997_143_map.h5,7.86436,10,289,774,19.471220:168.750000,1197,True,14,5,1197,0.976149,7.25306,0,0.0124406,1260 1197 1131 1196 -1
GCP,adapt_p35-659087696138755_a135-0_228_map.h5,6.8775,10,522,1072,54.340912:135.000000,1583,True,11,5,1537,0.883397,5.78285,0,0.012362,1583 1583 1537 1536 -1
GCP,adapt_p80-40593177313954_a292-5_377_map.h5,8.87342,10,490,315,9.594069:292.500000,1088,True,13,6,1153,0.99747,8.30072,0,0.0123947,1087 1087 1088 1154 1153 -1
GCP,adapt_p80-40593177313954_a112-49999999999999_250_map.h5,6.96876,10,134,754,9.594069:112.500000,1055,False,153,4,1277,0.541304,6.29085,0,0.0150134,1456 1339 1277 -1
GCP,adapt_p80-40593177313954_a270-0_499_map.h5,7.78135,10,220,784,9.594069:270.000000,1084,False,26,5,1085,0.913279,7.36362,0,0.0124671,1087 1086 1085 1018 -1
GCP,adapt_p48-18968510422141_a191-25_66_map.h5,7.90527,10,785,721,41.810314:191.250000,1494,False,8,5,1440,0.998397,5.79007,0,0.0125479,1493 1493 1440 1441 -1
GCP,adapt_p80-40593177313954_a90-0_240_map.h5,5.29554,10,243,1469,9.594069:90.000000,1051,False,98,3,1121,0.250605,4.13736,0,0.0132853,1183 1121 -1
GCP,adapt_p23-556464309101234_a247-49999999999997_593_map.h5,8.84232,10,347,424,66.443535:247.500000,1708,True,15,6,1675,0.999556,8.14828,0,0.0124854,1708 1708 1709 1676 1675 -1
GCP,adapt_p80-40593177313954_a270-0_268_map.h5,8.891,10,543,368,9.594069:270.000000,1084,True,11,6,1083,0.999852,8.35837,0,0.0128039,1082 1082 1083 1016 1084 -1
GCP,adapt_p48-18968510422141_a146-25_67_map.h5,6.86548,10,520,1100,41.810314:146.250000,1488,True,12,5,1488,0.989507,5.81953,0,0.0123312,1434 1434 1487 1488 -1
GCP,adapt_p60-00000000000001_a45-0_318_map.h5,7.86528,10,335,756,30.000000:45.000000,1301,True,13,5,1302,0.966229,7.42954,0,0.0125386,1303 1239 1302 1301 -1
GCP,adapt_p60-00000000000001_a67-5_142_map.h5,5.88326,10,527,1481,30.000000:67.500000,1305,False,9,4,1306,0.960922,4.80019,0,0.0135456,1244 1243 1306 -1
GCP,adapt_p48-18968510422141_a236-25_235_map.h5,7.87768,10,666,740,41.810314:236.250000,1501,False,10,5,1448,0.994216,5.883,0,0.0131743,1447 1447 1448 1449 -1
GCP,adapt_p35-659087696138755_a315-0_392_map.h5,5.82209,10,382,1500,54.340912:315.000000,1605,False,19,4,1646,0.79113,4.75242,0,0.0126931,1681 1682 1646 -1
GCP,adapt_p80-40593177313954_a0-0_401_map.h5,7.88621,10,726,774,9.594069:0.000000,1034,True,11,5,1035,0.999293,5.91164,0,0.0126012,967 967 1035 1034 -1
GCP,adapt_p80-40593177313954_a112-49999999999999_244_map.h5,6.56398,10,198,1102,9.594069:112.500000,1055,True,49,4,1121,0.401143,5.09935,0,0.0128494,1188 1121 1055 -1
GCP,adapt_p23-556464309101234_a337-5_525_map.h5,5.31552,10,86,754,66.443535:337.500000,1716,False,427,2,1288,0,0.0310117,0,0.0310117,1313 -1
GCP,adapt_p48-18968510422141_a191-25_138_map.h5,6.58987,10,132,1120,41.810314:191.250000,1494,False,57,4,1126,0.616708,5.38883,0,0.0129244,1128 1192 1126 -1
GCP,adapt_p48-18968510422141_a213-75_209_map.h5,6.86162,10,457,1173,41.810314:213.750000,1497,False,12,5,1498,0.891464,5.9113,0,0.0131638,1499 1499 1446 1498 -1
GCP,adapt_p70-52877936550931_a168-74999999999997_106_map.h5,6.86498,10,523,1092,19.471220:168.750000,1197,False,13,4,1260,0.856801,4.8951,0,0.0128303,1259 1260 1261 -1
GCP,adapt_p70-52877936550931_a303-75_589_map.h5,7.67446,10,125,719,19.471220:303.750000,1221,True,47,5,1220,0.635187,7.32777,0,0.0133524,1091 1156 1221 1220 -1
GCP,adapt_p70-52877936550931_a78-75_353_map.h5,7.6761,10,130,736,19.471220:78.750000,1181,True,46,5,1244,0.719645,7.5806,0,0.0127009,1308 1244 1181 1180 -1
GCP,adapt_p70-52877936550931_a258-75_208_map.h5,7.86634,10,530,781,19.471220:258.750000,1213,True,14,5,1275,0.963945,7.2696,0,0.0124547,1276 1275 1212 1213 -1
GCP,adapt_p48-18968510422141_a56-24999999999999_343_map.h5,5.29028,10,87,1505,41.810314:56.250000,1475,False,101,3,1577,0.235668,3.45955,0,0.0135343,1424 1577 -1
GCP,adapt_p60-00000000000001_a22-5_201_map.h5,7.87138,10,312,703,30.000000:22.500000,1298,True,12,5,1298,0.994318,5.85977,0,0.0124233,1357 1357 1298 1297 -1
GCP,adapt_p23-556464309101234_a67-5_436_map.h5,8.88424,10,592,342,66.443535:67.500000,1693,True,12,6,1693,0.997902,8.27049,0,0.0125704,1658 1658 1694 1693 1657 -1
GCP,adapt_p48-18968510422141_a168-74999999999997_71_map.h5,6.76896,10,188,1073,41.810314:168.750000,1491,False,27,4,1490,0.668457,5.13843,0,0.0128414,1438 1490 1489 -1
GCP,adapt_p48-18968510422141_a56-24999999999999_222_map.h5,8.87694,10,419,347,41.810314:56.250000,1475,True,11,6,1475,0.992611,8.21704,0,0.0128648,1474 1474 1475 1421 1420 -1
GCP,adapt_p35-659087696138755_a255-00000000000003_132_map.h5,7.886,10,607,710,54.340912:255.000000,1598,False,10,5,1640,0.999359,5.81196,0,0.0127646,1676 1676 1639 1640 -1
GCP,adapt_p70-52877936550931_a213-75_519_map.h5,6.84819,10,502,1107,19.471220:213.750000,1205,True,17,4,1139,0.796389,4.97593,0,0.0126209,1138 1139 1205 -1
GCP,adapt_p70-52877936550931_a33-75_485_map.h5,1.38567,10,17,324,19.471220:33.750000,1173,False,1800,2,1620,0,0.316768,0,0.316768,936 -1
GCP,adapt_p23-556464309101234_a292-5_388_map.h5,8.87909,10,406,389,66.443535:292.500000,1712,True,12,6,1712,0.993534,8.20413,0,0.0127037,1739 1739 1713 1712 1680 -1
GCP,adapt_p48-18968510422141_a191-25_406_map.h5,6.81726,10,285,1153,41.810314:191.250000,1494,True,22,4,1494,0.771243,4.76692,0,0.012549,1544 1494 1441 -1
GCP,adapt_p60-00000000000001_a315-0_307_map.h5,6.87747,10,584,1117,30.000000:315.000000,1346,True,12,5,1346,0.998742,5.83003,0,0.0133429,1404 1404 1346 1347 -1
GCP,adapt_p60-00000000000001_a157-5_532_map.h5,7.66408,10,118,755,30.000000:157.500000,1320,True,47,5,1257,0.672641,7.60767,0,0.0126457,1318 1257 1258 1320 -1
GCP,adapt_p23-556464309101234_a112-5_474_map.h5,7.88999,10,671,739,66.443535:112.500000,1697,True,9,5,1697,0.996565,7.39979,0,0.0128183,1696 1697 1726 1696 -1
GCP,adapt_p60-00000000000001_a90-0_311_map.h5,6.84914,10,456,1113,30.000000:90.000000,1309,True,14,4,1309,0.930404,4.72113,0,0.0126519,1246 1309 1368 -1
GCP,adapt_p23-556464309101234_a157-5_327_map.h5,8.90596,10,674,399,66.443535:157.500000,1701,True,8,6,1701,0.999966,8.25596,0,0.0128479,1729 1729 1700 1701 1667 -1
GCP,adapt_p48-18968510422141_a191-25_444_map.h5,7.02837,10,79,708,41.810314:191.250000,1494,False,138,2,1472,0,0.014388,0,0.014388,1378 -1
GCP,adapt_p48-18968510422141_a303-75_581_map.h5,6.86406,10,624,1042,41.810314:303.750000,1510,True,12,4,1458,0.926105,4.78898,0,0.0127661,1459 1458 1510 -1
GCP,adapt_p80-40593177313954_a315-0_194_map.h5,8.86225,10,399,383,9.594069:315.000000,1093,False,14,6,1092,0.989431,8.31392,0,0.0125419,1158 1158 1157 1091 1092 -1
GCP,adapt_p60-00000000000001_a0-0_233_map.h5,7.87968,10,509,746,30.000000:0.000000,1294,True,12,5,1294,0.994183,5.89304,0,0.0131283,1354 1354 1295 1294 -1
GCP,adapt_p48-18968510422141_a258-75_51_map.h5,8.85407,10,456,344,41.810314:258.750000,1504,True,15,6,1504,0.975359,8.27105,0,0.0127588,1503 1503 1504 1554 1553 -1
GCP,adapt_p11-715852394892384_a135-0_275_map.h5,7.60186,10,105,787,78.284149:135.000000,1770,True,51,5,1786,0.598115,6.95924,0,0.0129749,1772 1786 1785 1770 -1
GCP,adapt_p80-40593177313954_a90-0_519_map.h5,7.83015,10,324,696,9.594069:90.000000,1051,True,20,5,1052,0.954057,7.47197,0,0.0126486,1053 1052 1051 1118 -1
GCP,adapt_p70-52877936550931_a213-75_548_map.h5,7.8574,10,330,805,19.471220:213.750000,1205,True,15,5,1268,0.946872,7.25388,0,0.0124202,1206 1205 1268 1269 -1
GCP,adapt_p70-52877936550931_a258-75_391_map.h5,8.87775,10,385,384,19.471220:258.750000,1213,True,12,6,1148,0.996895,8.26255,0,0.0130532,1147 1147 1148 1213 1212 -1
GCP,adapt_p48-18968510422141_a56-24999999999999_384_map.h5,6.87329,10,535,1137,41.810314:56.250000,1475,False,10,4,1420,0.875365,4.78992,0,0.0124932,1421 1420 1474 -1
GCP,adapt_p70-52877936550931_a123-74999999999999_350_map.h5,5.83036,10,391,1462,19.471220:123.750000,1189,False,16,4,1188,0.919606,4.80774,0,0.0124491,1252 1251 1188 -1
GCP,adapt_p80-40593177313954_a45-0_46_map.h5,6.85251,10,422,1134,9.594069:45.000000,1042,False,14,4,1043,0.77031,4.90518,0,0.0132831,976 1043 975 -1
GCP,adapt_p35-659087696138755_a135-0_97_map.h5,6.87243,10,529,1087,54.340912:135.000000,1583,True,11,5,1626,0.990385,5.76978,0,0.0123477,1583 1583 1626 1625 -1
GCP,adapt_p48-18968510422141_a123-74999999999999_172_map.h5,8.88613,10,585,353,41.810314:123.750000,1484,False,11,6,1432,0.998778,8.39285,0,0.0126651,1485 1485 1431 1432 1486 -1
GCP,adapt_p80-40593177313954_a22-5_335_map.h5,8.88525,10,480,343,9.594069:22.500000,1038,True,11,6,1039,0.997349,8.35183,0,0.0125271,1038 1038 971 1039 972 -1
GCP,adapt_p70-52877936550931_a101-24999999999999_23_map.h5,5.84087,10,399,1492,19.471220:101.250000,1185,True,16,4,1185,0.794303,5.03265,0,0.0129514,1249 1185 1184 -1
GCP,adapt_p23-556464309101234_a292-5_77_map.h5,7.89519,10,744,779,66.443535:292.500000,1712,True,9,5,1712,0.998546,5.85437,0,0.0126151,1713 1713 1739 1712 -1
GCP,adapt_p80-40593177313954_a315-0_195_map.h5,5.87529,10,525,1502,9.594069:315.000000,1093,True,11,4,1092,0.76958,4.86676,0,0.0125191,1093 1092 1158 -1
GCP,adapt_p35-659087696138755_a165-0_235_map.h5,6.82926,10,418,1195,54.340912:165.000000,1587,True,20,4,1588,0.874224,4.88033,0,0.0125477,1543 1588 1587 -1
GCP,adapt_p35-659087696138755_a165-0_182_map.h5,5.83788,10,449,1436,54.340912:165.000000,1587,True,17,4,1630,0.776417,4.88672,0,0.0128505,1667 1630 1587 -1
GCP,adapt_p11-715852394892384_a315-0_328_map.h5,8.85821,10,352,370,78.284149:315.000000,1778,True,16,5,1778,0.833034,7.11013,0,0.0125938,1790 1778 1762 1761 -1
GCP,adapt_p80-40593177313954_a45-0_34_map.h5,6.24944,10,116,1148,9.594069:45.000000,1042,False,99,4,910,0.502783,6.13236,0,0.0133771,1179 977 910 -1
GCP,adapt_p23-556464309101234_a247-49999999999997_391_map.h5,8.89685,10,765,358,66.443535:247.500000,1708,True,8,6,1708,0.999998,8.15379,0,0.0129585,1709 1709 1708 1675 1676 -1
GCP,adapt_p48-18968510422141_a56-24999999999999_33_map.h5,7.33498,10,96,750,41.810314:56.250000,1475,False,98,4,1573,0.309524,6.33537,0,0.0138641,1301 1526 1573 -1
GCP,adapt_p60-00000000000001_a247-49999999999997_398_map.h5,3.62808,10,123,1091,30.000000:247.500000,1335,False,542,2,1147,0,0.0435208,0,0.0435208,1534 -1
GCP,adapt_p60-00000000000001_a202-49999999999997_521_map.h5,6.87923,10,715,1045,30.000000:202.500000,1328,True,11,4,1386,0.946681,4.84812,0,0.0125568,1387 1386 1328 -1
GCP,adapt_p48-18968510422141_a56-24999999999999_526_map.h5,5.79702,10,567,1471,41.810314:56.250000,1475,False,22,4,1420,0.823161,5.38432,0,0.0127809,1422 1420 1362 -1
GCP,adapt_p48-18968510422141_a303-75_62_map.h5,7.88354,10,664,737,41.810314:303.750000,1510,True,11,5,1510,0.97316,5.78297,0,0.013282,1458 1458 1510 1511 -1
GCP,adapt_p80-40593177313954_a247-49999999999997_295_map.h5,7.78111,10,169,780,9.594069:247.500000,1080,False,26,5,1146,0.839549,7.48274,0,0.0128003,1148 1147 1146 1081 -1
GCP,adapt_p60-00000000000001_a202-49999999999997_96_map.h5,7.80732,10,271,761,30.000000:202.500000,1328,True,20,4,1328,0.861815,4.87112,0,0.012505,1387 1328 1266 -1
GCP,adapt_p80-40593177313954_a270-0_351_map.h5,8.85697,10,399,373,9.594069:270.000000,1084,True,17,6,1083,0.919566,8.37371,0,0.0128373,1015 1015 1016 1084 1083 -1
GCP,adapt_p48-18968510422141_a191-25_402_map.h5,7.88497,10,496,764,41.810314:191.250000,1494,True,13,5,1494,0.96504,7.21933,0,0.0128404,1440 1441 1494 1493 -1
GCP,adapt_p80-40593177313954_a22-5_245_map.h5,7.85923,10,361,735,9.594069:22.500000,1038,True,18,5,1039,0.937352,7.35385,0,0.0125679,1038 1105 1039 1040 -1
GCP,adapt_p48-18968510422141_a101-24999999999999_206_map.h5,6.80825,10,261,1104,41.810314:101.250000,1481,False,24,4,1428,0.774088,4.80315,0,0.0125485,1533 1482 1428 -1
GCP,adapt_p35-659087696138755_a255-00000000000003_245_map.h5,5.7983,10,258,1516,54.340912:255.000000,1598,True,23,4,1639,0.769529,4.89768,0,0.012509,1676 1639 1598 -1
GCP,adapt_p80-40593177313954_a315-0_305_map.h5,8.85992,10,431,344,9.594069:315.000000,1093,True,15,6,1092,0.992285,8.31659,0,0.0128976,1093 1093 1092 1091 1157 -1
GCP,adapt_p23-556464309101234_a337-5_39_map.h5,5.67459,10,191,1510,66.443535:337.500000,1716,False,38,4,1684,0.529566,5.29004,0,0.0132338,1742 1684 1648 -1
GCP,adapt_p80-40593177313954_a0-0_36_map.h5,5.54285,10,133,1155,9.594069:0.000000,1034,False,227,3,1751,0.163701,3.38914,0,0.0176926,1700 1751 -1
GCP,adapt_p48-18968510422141_a101-24999999999999_149_map.h5,6.87839,10,459,1122,41.810314:101.250000,1481,True,11,4,1481,0.876692,4.83517,0,0.0124186,1428 1427 1481 -1
GCP,adapt_p80-40593177313954_a337-49999999999994_43_map.h5,7.81345,10,362,728,9.594069:337.500000,1097,True,20,5,1098,0.959191,7.36557,0,0.0123414,1163 1098 1030 1097 -1
GCP,adapt_p70-52877936550931_a191-25_88_map.h5,6.86191,10,582,1131,19.471220:191.250000,1201,False,14,4,1135,0.922476,4.89503,0,0.0128922,1200 1135 1136 -1
GCP,adapt_p80-40593177313954_a22-5_307_map.h5,7.76038,10,254,824,9.594069:22.500000,1038,True,28,5,1104,0.730515,7.3193,0,0.0134243,1170 1104 1038 1105 -1
GCP,adapt_p35-659087696138755_a255-00000000000003_502_map.h5,7.70023,10,173,759,54.340912:255.000000,1598,True,35,5,1598,0.741232,7.36484,0,0.0125631,1641 1599 1598 1639 -1
GCP,adapt_p80-40593177313954_a337-49999999999994_131_map.h5,5.61099,10,138,1151,9.594069:337.500000,1097,False,209,4,1299,0.251289,5.43312,0,0.0166212,1297 1299 1236 -1
GCP,adapt_p80-40593177313954_a22-5_263_map.h5,6.86931,10,571,1178,9.594069:22.500000,1038,True,12,5,1037,0.995391,5.91806,0,0.0125186,1036 1036 1037 1038 -1
GCP,adapt_p23-556464309101234_a247-49999999999997_487_map.h5,7.84738,10,307,772,66.443535:247.500000,1708,True,17,5,1708,0.858089,7.0964,0,0.0124433,1676 1709 1708 1735 -1
GCP,adapt_p70-52877936550931_a326-24999999999994_334_map.h5,7.84273,10,334,804,19.471220:326.250000,1225,False,18,5,1161,0.910802,7.3583,0,0.0131107,1162 1226 1161 1160 -1
GCP,adapt_p23-556464309101234_a247-49999999999997_216_map.h5,6.88037,10,535,1108,66.443535:247.500000,1708,True,11,5,1675,0.976516,5.7582,0,0.0124279,1708 1708 1675 1674 -1
GCP,adapt_p60-00000000000001_a292-5_176_map.h5,7.81299,10,309,682,30.000000:292.500000,1343,False,21,5,1457,0.932872,7.13198,0,0.012811,1402 1458 1457 1509 -1
GCP,adapt_p60-00000000000001_a247-49999999999997_377_map.h5,7.8834,10,516,787,30.000000:247.500000,1335,False,10,5,1275,0.99107,5.91427,0,0.0124509,1336 1336 1275 1337 -1
GCP,adapt_p48-18968510422141_a303-75_246_map.h5,7.88923,10,553,772,41.810314:303.750000,1510,False,10,5,1459,0.993806,5.7919,0,0.0125615,1511 1511 1459 1458 -1
GCP,adapt_p80-40593177313954_a270-0_54_map.h5,6.87802,10,500,1211,9.594069:270.000000,1084,True,12,5,1083,0.993867,5.83383,0,0.0127716,1149 1149 1083 1084 -1
GCP,adapt_p23-556464309101234_a112-5_301_map.h5,6.21312,10,87,746,66.443535:112.500000,1697,False,283,2,1622,0,0.0205969,0,0.0205969,1776 -1
GCP,adapt_p48-18968510422141_a236-25_253_map.h5,7.83606,10,316,689,41.810314:236.250000,1501,True,18,5,1448,0.933293,7.31608,0,0.012788,1447 1448 1449 1501 -1
GCP,adapt_p80-40593177313954_a22-5_540_map.h5,5.77669,10,437,1463,9.594069:22.500000,1038,False,25,4,1105,0.650637,5.36708,0,0.0131218,1037 1105 1039 -1
GCP,adapt_p35-659087696138755_a45-0_201_map.h5,6.87368,10,554,1103,54.340912:45.000000,1572,True,11,5,1616,0.994034,5.77059,0,0.0131635,1572 1572 1616 1615 -1
GCP,adapt_p80-40593177313954_a112-49999999999999_172_map.h5,3.50311,10,80,1909,9.594069:112.500000,1055,False,206,2,1118,0,0.0174977,0,0.0174977,1479 -1
GCP,adapt_p80-40593177313954_a180-0_288_map.h5,8.82556,10,258,389,9.594069:180.000000,1067,True,21,6,1068,0.947073,8.36622,0,0.0123013,1002 1002 1069 1068 1067 -1
GCP,adapt_p70-52877936550931_a56-24999999999999_402_map.h5,1.32654,10,13,334,19.471220:56.250000,1177,False,1800,2,1292,0,0.314886,0,0.314886,1759 -1
GCP,adapt_p35-659087696138755_a165-0_542_map.h5,7.86515,10,366,763,54.340912:165.000000,1587,True,13,5,1587,0.996073,7.25597,0,0.0126464,1542 1541 1587 1586 -1
GCP,adapt_p48-18968510422141_a303-75_134_map.h5,7.87019,10,383,781,41.810314:303.750000,1510,True,12,5,1458,0.987243,5.78967,0,0.0126022,1510 1510 1458 1459 -1
GCP,adapt_p60-00000000000001_a180-0_362_map.h5,7.89635,10,726,767,30.000000:180.000000,1324,True,8,5,1324,0.996619,5.8969,0,0.0124493,1382 1382 1323 1324 -1
GCP,adapt_p80-40593177313954_a315-0_391_map.h5,7.75115,10,176,765,9.594069:315.000000,1093,True,31,5,1092,0.865467,7.40228,0,0.0126488,1157 1092 1025 1093 -1
GCP,adapt_p60-00000000000001_a135-0_109_map.h5,7.88685,10,464,738,30.000000:135.000000,1316,True,12,5,1316,0.98717,5.88541,0,0.0129333,1253 1253 1315 1316 -1
GCP,adapt_p70-52877936550931_a348-74999999999994_141_map.h5,5.88012,10,561,1462,19.471220:348.750000,1229,True,10,4,1229,0.982302,4.90239,0,0.0127043,1292 1229 1230 -1
GCP,adapt_p60-00000000000001_a270-0_494_map.h5,7.83842,10,394,785,30.000000:270.000000,1339,True,15,5,1337,0.947334,7.25124,0,0.0124032,1339 1338 1337 1395 -1
GCP,adapt_p80-40593177313954_a247-49999999999997_199_map.h5,6.87934,10,576,1126,9.594069:247.500000,1080,True,12,5,1081,0.991992,5.82769,0,0.0125108,1147 1147 1081 1080 -1
GCP,adapt_p60-00000000000001_a135-0_440_map.h5,7.42601,10,131,742,30.000000:135.000000,1316,False,79,4,1254,0.513348,5.3606,0,0.0138085,1374 1253 1254 -1
GCP,adapt_p35-659087696138755_a285-0_559_map.h5,8.89837,10,842,377,54.340912:285.000000,1601,True,9,6,1643,0.999979,8.22804,0,0.0124301,1601 1601 1602 1643 1642 -1
GCP,adapt_p70-52877936550931_a191-25_370_map.h5,7.38271,10,94,745,19.471220:191.250000,1201,False,87,4,1136,0.544165,6.0638,0,0.0131126,1074 1137 1136 -1
GCP,adapt_p48-18968510422141_a213-75_272_map.h5,5.82309,10,431,1476,41.810314:213.750000,1497,False,20,4,1445,0.865601,5.26101,0,0.0127437,1499 1445 1444 -1
GCP,adapt_p35-659087696138755_a14-999999999999998_179_map.h5,6.62666,10,209,1162,54.340912:15.000000,1568,False,55,4,1567,0.400094,5.38888,0,0.0131305,1613 1567 1519 -1
GCP,adapt_p23-556464309101234_a292-5_285_map.h5,7.80889,10,286,759,66.443535:292.500000,1712,True,25,5,1681,0.845361,7.18029,0,0.0129075,1712 1713 1681 1682 -1
GCP,adapt_p35-659087696138755_a75-0_186_map.h5,6.62028,10,148,1166,54.340912:75.000000,1576,False,47,4,1488,0.523317,5.3416,0,0.0135364,1584 1487 1488 -1
GCP,adapt_p70-52877936550931_a281-24999999999994_287_map.h5,5.80969,10,511,1444,19.471220:281.250000,1217,False,20,4,1219,0.836051,5.16614,0,0.0131152,1152 1218 1219 -1
GCP,adapt_p80-40593177313954_a22-5_585_map.h5,5.82428,10,512,1498,9.594069:22.500000,1038,True,18,4,1038,0.77038,4.90442,0,0.0125213,971 1038 970 -1
GCP,adapt_p60-00000000000001_a90-0_120_map.h5,8.9003,10,575,400,30.000000:90.000000,1309,True,8,6,1368,0.999993,8.24142,0,0.0124923,1369 1369 1368 1309 1310 -1
GCP,adapt_p60-00000000000001_a337-49999999999994_136_map.h5,7.82724,10,297,692,30.000000:337.500000,1350,False,21,5,1408,0.926465,7.30492,0,0.0125863,1351 1408 1407 1463 -1
GCP,adapt_p60-00000000000001_a0-0_134_map.h5,5.53764,10,81,1198,30.000000:0.000000,1294,False,236,3,1674,0.177472,4.6763,0,0.0178571,1772 1674 -1
GCP,adapt_p48-18968510422141_a33-75_4_map.h5,7.30506,10,172,754,41.810314:33.750000,1471,False,97,4,1469,0.300897,5.50642,0,0.0135001,1354 1468 1469 -1
GCP,adapt_p80-40593177313954_a67-5_21_map.h5,6.81032,10,279,1112,9.594069:67.500000,1047,True,20,4,1046,0.89042,4.91091,0,0.0125186,980 1047 1046 -1
GCP,adapt_p35-659087696138755_a135-0_596_map.h5,5.80185,10,334,1527,54.340912:135.000000,1583,True,20,4,1625,0.865326,4.76915,0,0.0129605,1583 1626 1625 -1
GCP,adapt_p60-00000000000001_a270-0_15_map.h5,6.54931,10,170,1114,30.000000:270.000000,1339,False,58,4,1279,0.69786,5.35635,0,0.0135052,1398 1279 1278 -1
GCP,adapt_p60-00000000000001_a45-0_376_map.h5,6.59103,10,160,1081,30.000000:45.000000,1301,False,55,4,1171,0.62184,5.47026,0,0.0138283,1296 1170 1171 -1
GCP,adapt_p35-659087696138755_a14-999999999999998_385_map.h5,8.80093,10,222,366,54.340912:15.000000,1568,True,25,5,1567,0.927976,7.25252,0,0.0128715,1520 1567 1568 1612 -1
GCP,adapt_p80-40593177313954_a270-0_13_map.h5,8.88499,10,566,374,9.594069:270.000000,1084,True,9,6,1084,0.991873,8.37365,0,0.0127825,1016 1016 1017 1085 1084 -1
GCP,adapt_p48-18968510422141_a258-75_516_map.h5,8.8706,10,443,371,41.810314:258.750000,1504,True,12,6,1504,0.959638,8.28791,0,0.0131863,1554 1554 1505 1504 1452 -1
GCP,adapt_p80-40593177313954_a202-49999999999997_106_map.h5,6.86936,10,541,1192,9.594069:202.500000,1072,True,13,5,1072,0.971989,5.81044,0,0.0124499,1137 1137 1071 1072 -1
GCP,adapt_p70-52877936550931_a348-74999999999994_466_map.h5,7.59771,10,152,816,19.471220:348.750000,1229,True,55,4,1229,0.396084,5.76784,0,0.0130854,1352 1290 1229 -1
GCP,adapt_p80-40593177313954_a224-99999999999997_447_map.h5,8.81203,10,188,387,9.594069:225.000000,1076,True,23,5,1076,0.887989,7.26029,0,0.0127887,1008 1076 1075 1141 -1
GCP,adapt_p60-00000000000001_a337-49999999999994_291_map.h5,6.71021,10,104,1169,30.000000:337.500000,1350,False,34,4,1408,0.686668,5.30975,0,0.0136067,1290 1408 1464 -1
GCP,adapt_p60-00000000000001_a224-99999999999997_480_map.h5,5.76932,10,245,1480,30.000000:225.000000,1331,False,26,4,1267,0.546601,4.82006,0,0.0124966,1266 1267 1329 -1
GCP,adapt_p11-715852394892384_a135-0_101_map.h5,5.87638,10,520,1522,78.284149:135.000000,1770,False,10,4,1752,0.795396,4.76187,0,0.0124109,1727 1752 1751 -1
GCP,adapt_p70-52877936550931_a78-75_319_map.h5,6.86231,10,441,1148,19.471220:78.750000,1181,True,12,5,1181,0.980417,5.8112,0,0.0124947,1115 1115 1181 1180 -1
GCP,adapt_p60-00000000000001_a90-0_147_map.h5,1.40207,10,15,329,30.000000:90.000000,1309,False,1800,2,1723,0,0.314507,0,0.314507,982 -1
GCP,adapt_p80-40593177313954_a202-49999999999997_359_map.h5,8.69259,10,154,368,9.594069:202.500000,1072,True,35,5,1137,0.727079,7.25575,0,0.0132112,1004 1072 1071 1137 -1
GCP,adapt_p80-40593177313954_a45-0_334_map.h5,6.56916,10,93,1204,9.594069:45.000000,1042,False,53,4,1046,0.5735,5.31261,0,0.0136095,980 1046 1112 -1
GCP,adapt_p11-715852394892384_a225-0_101_map.h5,7.88793,10,498,785,78.284149:225.000000,1774,True,10,5,1774,0.998676,7.22191,0,0.0128758,1757 1774 1775 1757 -1
GCP,adapt_p70-52877936550931_a146-25_202_map.h5,5.83823,10,345,1521,19.471220:146.250000,1193,True,18,5,1193,0.872472,5.74085,0,0.0125638,1256 1256 1193 1127 -1
GCP,adapt_p60-00000000000001_a292-5_103_map.h5,7.5494,10,92,751,30.000000:292.500000,1343,False,56,4,1345,0.462669,5.09017,0,0.0134184,1285 1345 1344 -1
GCP,adapt_p70-52877936550931_a191-25_444_map.h5,8.89138,10,654,394,19.471220:191.250000,1201,True,10,6,1201,0.99964,8.33859,0,0.0124282,1202 1202 1201 1136 1135 -1
GCP,adapt_p70-52877936550931_a146-25_437_map.h5,7.82443,10,214,762,19.471220:146.250000,1193,True,21,5,1193,0.919514,7.30731,0,0.01338,1127 1128 1194 1193 -1
GCP,adapt_p48-18968510422141_a33-75_167_map.h5,8.8823,10,527,344,41.810314:33.750000,1471,True,10,6,1417,0.99866,8.23782,0,0.0125337,1472 1472 1471 1417 1418 -1
GCP,adapt_p35-659087696138755_a45-0_583_map.h5,5.24356,10,133,1581,54.340912:45.000000,1572,False,107,3,1470,0.318944,3.53555,0,0.014284,1467 1470 -1
GCP,adapt_p23-556464309101234_a337-5_330_map.h5,8.79313,10,168,364,66.443535:337.500000,1716,True,23,6,1716,0.854033,8.10151,0,0.0126582,1741 1741 1715 1716 1684 -1
