method,dataset,budget,slew_rate,n_src,n_bkg,source,source_tile,detected,sum_tiles,visited_tiles,zenith_tile,sum_prob,detection_cost,estimate_time,runtime,path
GCP,adapt_p80-40593177313954_a247-49999999999997_568_map.h5,7.73617,10,260,780,9.594069:247.500000,1080,False,29,5,1082,0.789627,7.35829,0,0.0136217,1084 1083 1015 1082 -1
GCP,adapt_p11-715852394892384_a315-0_229_map.h5,5.8622,10,442,1529,78.284149:315.000000,1778,False,16,4,1763,0.738085,4.73722,0,0.0126359,1761 1762 1763 -1
GCP,adapt_p60-00000000000001_a270-0_585_map.h5,5.36101,10,93,1481,30.000000:270.000000,1339,False,91,3,1595,0.259591,3.12645,0,0.0138169,1548 1595 -1
GCP,adapt_p80-40593177313954_a67-5_219_map.h5,8.77854,10,171,383,9.594069:67.500000,1047,True,28,5,1046,0.860678,7.3697,0,0.0122874,1048 1047 1046 1045 -1
GCP,adapt_p60-00000000000001_a337-49999999999994_15_map.h5,7.48253,10,80,352,30.000000:337.500000,1350,False,235,2,1288,0,0.0180335,0,0.0180335,1446 -1
GCP,adapt_p11-715852394892384_a45-0_15_map.h5,7.87926,10,535,748,78.284149:45.000000,1766,True,13,5,1746,0.975357,7.03856,0,0.0125588,1767 1766 1746 1747 -1
GCP,adapt_p80-40593177313954_a270-0_182_map.h5,8.80124,10,399,382,9.594069:270.000000,1084,True,24,5,1084,0.92573,7.39019,0,0.0125901,1149 1084 1085 1151 -1
GCP,adapt_p80-40593177313954_a90-0_21_map.h5,6.84442,10,650,1105,9.594069:90.000000,1051,True,12,5,1051,0.967924,5.91796,0,0.0124131,1050 1050 1051 1052 -1
GCP,adapt_p48-18968510422141_a11-25_434_map.h5,7.8739,10,298,705,41.810314:11.250000,1468,True,13,5,1468,0.987239,7.27542,0,0.0129172,1521 1520 1468 1467 -1
GCP,adapt_p70-52877936550931_a326-24999999999994_525_map.h5,8.46223,10,104,360,19.471220:326.250000,1225,False,76,5,1158,0.438903,7.88048,0,0.0136025,1287 1159 1158 1157 -1
GCP,adapt_p35-659087696138755_a14-999999999999998_231_map.h5,6.60963,10,83,1205,54.340912:15.000000,1568,False,52,4,1685,0.552943,5.28563,0,0.0132066,1608 1650 1685 -1
GCP,adapt_p80-40593177313954_a112-49999999999999_222_map.h5,6.88775,10,534,1143,9.594069:112.500000,1055,False,11,5,1120,0.941819,5.823,0,0.0131096,1054 1054 1120 1121 -1
GCP,adapt_p11-715852394892384_a45-0_473_map.h5,6.85797,10,544,1174,78.284149:45.000000,1766,True,12,4,1766,0.913545,4.67619,0,0.0128708,1746 1766 1767 -1
GCP,adapt_p70-52877936550931_a348-74999999999994_314_map.h5,6.65161,10,205,1098,19.471220:348.750000,1229,False,45,4,1099,0.632848,4.91161,0,0.0132115,1033 1100 1099 -1
GCP,adapt_p23-556464309101234_a202-5_295_map.h5,7.82509,10,254,724,66.443535:202.500000,1704,True,22,5,1704,0.916814,7.1674,0,0.012767,1671 1705 1704 1732 -1
GCP,adapt_p48-18968510422141_a258-75_507_map.h5,6.83122,10,485,1168,41.810314:258.750000,1504,True,18,5,1451,0.703816,6.3538,0,0.0126078,1502 1502 1451 1504 -1
GCP,adapt_p80-40593177313954_a315-0_265_map.h5,6.77229,10,311,1076,9.594069:315.000000,1093,True,28,4,1093,0.67674,5.32183,0,0.0125565,1160 1093 1092 -1
GCP,adapt_p80-40593177313954_a202-49999999999997_38_map.h5,6.85491,10,426,1106,9.594069:202.500000,1072,True,14,5,1072,0.885827,5.90573,0,0.0129341,1073 1073 1005 1072 -1
GCP,adapt_p60-00000000000001_a0-0_368_map.h5,7.865,10,422,713,30.000000:0.000000,1294,True,14,5,1294,0.984324,7.3244,0,0.0128243,1295 1354 1411 1294 -1
GCP,adapt_p48-18968510422141_a123-74999999999999_371_map.h5,8.88691,10,533,421,41.810314:123.750000,1484,True,10,6,1484,0.998809,8.222,0,0.0129039,1536 1536 1535 1484 1485 -1
GCP,adapt_p60-00000000000001_a292-5_378_map.h5,6.77076,10,244,1098,30.000000:292.500000,1343,False,29,4,1402,0.742203,5.11866,0,0.013066,1459 1402 1401 -1
GCP,adapt_p80-40593177313954_a45-0_362_map.h5,6.83206,10,269,1115,9.594069:45.000000,1042,True,24,4,1042,0.70588,4.91741,0,0.01277,1044 1043 1042 -1
GCP,adapt_p60-00000000000001_a0-0_104_map.h5,6.45355,10,138,1095,30.000000:0.000000,1294,False,78,4,1415,0.301085,5.48927,0,0.0133536,1234 1356 1415 -1
GCP,adapt_p35-659087696138755_a315-0_146_map.h5,8.83685,10,330,414,54.340912:315.000000,1605,True,19,5,1646,0.961941,7.38808,0,0.0129667,1682 1645 1646 1605 -1
GCP,adapt_p35-659087696138755_a75-0_363_map.h5,6.67265,10,208,1168,54.340912:75.000000,1576,False,40,4,1578,0.555738,5.34801,0,0.0132098,1661 1621 1578 -1
GCP,adapt_p48-18968510422141_a123-74999999999999_190_map.h5,8.89639,10,726,370,41.810314:123.750000,1484,True,7,6,1484,0.999785,8.34401,0,0.0134296,1431 1431 1485 1484 1430 -1
GCP,adapt_p48-18968510422141_a123-74999999999999_498_map.h5,6.83503,10,324,1093,41.810314:123.750000,1484,True,17,4,1431,0.857542,4.87509,0,0.0127883,1484 1431 1432 -1
GCP,adapt_p11-715852394892384_a45-0_415_map.h5,7.77342,10,236,717,78.284149:45.000000,1766,True,22,5,1746,0.856066,7.07938,0,0.0124224,1744 1745 1746 1766 -1
GCP,adapt_p11-715852394892384_a135-0_306_map.h5,8.75465,10,139,311,78.284149:135.000000,1770,False,40,5,1786,0.672294,6.90393,0,0.0131816,1787 1786 1785 1771 -1
GCP,adapt_p48-18968510422141_a191-25_203_map.h5,7.8619,10,504,711,41.810314:191.250000,1494,True,13,5,1441,0.98363,7.47694,0,0.0129279,1440 1441 1442 1494 -1
GCP,adapt_p60-00000000000001_a202-49999999999997_218_map.h5,7.86321,10,491,763,30.000000:202.500000,1328,True,11,5,1328,0.991448,7.40193,0,0.012618,1327 1328 1266 1327 -1
GCP,adapt_p11-715852394892384_a135-0_384_map.h5,8.9024,10,654,369,78.284149:135.000000,1770,True,8,6,1770,0.999817,8.10324,0,0.0124114,1752 1752 1771 1770 1751 -1
GCP,adapt_p70-52877936550931_a56-24999999999999_432_map.h5,6.86177,10,397,1131,19.471220:56.250000,1177,True,13,5,1176,0.927048,5.86299,0,0.0130602,1239 1239 1176 1177 -1
GCP,adapt_p23-556464309101234_a292-5_573_map.h5,8.87643,10,439,345,66.443535:292.500000,1712,True,10,6,1712,0.998785,8.31392,0,0.0123785,1713 1713 1680 1679 1712 -1
GCP,adapt_p60-00000000000001_a224-99999999999997_48_map.h5,8.88117,10,365,406,30.000000:225.000000,1331,False,12,6,1389,0.996034,8.27712,0,0.0126342,1390 1390 1389 1446 1447 -1
GCP,adapt_p80-40593177313954_a45-0_413_map.h5,4.95506,10,74,1482,9.594069:45.000000,1042,False,148,3,1167,0.363677,3.41169,0,0.0144049,1233 1167 -1
GCP,adapt_p60-00000000000001_a67-5_192_map.h5,7.84217,10,339,793,30.000000:67.500000,1305,True,16,5,1242,0.908444,7.52444,0,0.0126414,1241 1242 1243 1305 -1
GCP,adapt_p23-556464309101234_a202-5_412_map.h5,8.88683,10,623,385,66.443535:202.500000,1704,True,8,6,1732,0.999696,8.42671,0,0.0130217,1704 1704 1731 1732 1705 -1
GCP,adapt_p35-659087696138755_a105-0_384_map.h5,7.84323,10,406,705,54.340912:105.000000,1579,True,16,5,1580,0.955719,7.24988,0,0.0126259,1533 1579 1580 1581 -1
GCP,adapt_p80-40593177313954_a270-0_381_map.h5,6.86318,10,617,1138,9.594069:270.000000,1084,True,13,5,1085,0.985495,5.9182,0,0.01265,1086 1086 1085 1084 -1
GCP,adapt_p35-659087696138755_a255-00000000000003_33_map.h5,7.74702,10,157,771,54.340912:255.000000,1598,False,29,5,1552,0.792406,7.75302,0,0.0128276,1596 1502 1552 1553 -1
GCP,adapt_p80-40593177313954_a337-49999999999994_530_map.h5,6.41466,10,146,1091,9.594069:337.500000,1097,True,81,4,1227,0.315286,5.34181,0,0.0131819,1097 1227 1290 -1
GCP,adapt_p48-18968510422141_a326-24999999999994_388_map.h5,7.83426,10,229,763,41.810314:326.250000,1514,True,19,5,1563,0.930167,7.26864,0,0.0125693,1514 1563 1607 1564 -1
GCP,adapt_p35-659087696138755_a255-00000000000003_282_map.h5,5.82043,10,301,1476,54.340912:255.000000,1598,False,22,4,1597,0.76618,4.80715,0,0.0124228,1552 1597 1596 -1
GCP,adapt_p35-659087696138755_a45-0_75_map.h5,8.75667,10,161,383,54.340912:45.000000,1572,True,30,5,1573,0.872747,7.20595,0,0.0131408,1571 1572 1573 1526 -1
GCP,adapt_p35-659087696138755_a165-0_104_map.h5,7.65181,10,164,716,54.340912:165.000000,1587,False,41,5,1629,0.633629,7.35517,0,0.0130246,1703 1702 1667 1629 -1
GCP,adapt_p35-659087696138755_a105-0_382_map.h5,8.89623,10,582,402,54.340912:105.000000,1579,True,9,6,1579,0.999873,8.43302,0,0.0125887,1533 1533 1580 1579 1532 -1
GCP,adapt_p60-00000000000001_a224-99999999999997_208_map.h5,8.88542,10,606,355,30.000000:225.000000,1331,True,10,6,1332,0.999608,8.26431,0,0.0123805,1331 1331 1332 1390 1391 -1
GCP,adapt_p70-52877936550931_a33-75_64_map.h5,6.84303,10,386,1176,19.471220:33.750000,1173,False,16,4,1106,0.576986,5.37075,0,0.0127886,1236 1106 1107 -1
GCP,adapt_p70-52877936550931_a11-25_556_map.h5,6.8608,10,554,1106,19.471220:11.250000,1169,False,15,4,1102,0.926734,4.91604,0,0.0130491,1035 1102 1103 -1
GCP,adapt_p80-40593177313954_a135-0_514_map.h5,7.86292,10,576,702,9.594069:135.000000,1059,True,11,5,992,0.948187,5.90572,0,0.0128987,991 991 1059 992 -1
GCP,adapt_p70-52877936550931_a11-25_529_map.h5,8.85138,10,235,357,19.471220:11.250000,1169,True,17,6,1233,0.93848,8.33471,0,0.0134431,1232 1232 1233 1170 1169 -1
GCP,adapt_p60-00000000000001_a45-0_556_map.h5,8.89706,10,692,358,30.000000:45.000000,1301,True,7,6,1301,0.999998,8.25659,0,0.0127815,1302 1302 1301 1238 1239 -1
GCP,adapt_p23-556464309101234_a22-5_545_map.h5,5.83869,10,382,1423,66.443535:22.500000,1689,False,18,4,1720,0.856208,4.73885,0,0.013146,1746 1720 1719 -1
GCP,adapt_p70-52877936550931_a168-74999999999997_45_map.h5,7.88022,10,654,748,19.471220:168.750000,1197,True,11,5,1196,0.922145,7.48634,0,0.0126068,1197 1196 1259 1197 -1
GCP,adapt_p60-00000000000001_a157-5_242_map.h5,7.74041,10,230,744,30.000000:157.500000,1320,False,34,5,1380,0.772484,7.21634,0,0.0134383,1259 1321 1380 1379 -1
GCP,adapt_p60-00000000000001_a22-5_187_map.h5,7.8808,10,524,739,30.000000:22.500000,1298,True,10,5,1297,0.995765,5.85511,0,0.0130374,1234 1234 1297 1298 -1
GCP,adapt_p48-18968510422141_a191-25_118_map.h5,7.88101,10,572,699,41.810314:191.250000,1494,True,10,5,1441,0.997263,5.79349,0,0.0127987,1494 1494 1441 1442 -1
GCP,adapt_p48-18968510422141_a11-25_146_map.h5,6.87828,10,504,1145,41.810314:11.250000,1468,False,9,5,1414,0.995114,5.88237,0,0.0125449,1415 1415 1414 1413 -1
GCP,adapt_p48-18968510422141_a101-24999999999999_87_map.h5,7.87226,10,425,754,41.810314:101.250000,1481,True,11,5,1481,0.979614,7.32652,0,0.0125663,1428 1427 1481 1428 -1
GCP,adapt_p48-18968510422141_a258-75_457_map.h5,8.8565,10,316,317,41.810314:258.750000,1504,True,13,6,1451,0.990547,8.27366,0,0.0123297,1450 1450 1451 1503 1504 -1
GCP,adapt_p60-00000000000001_a0-0_453_map.h5,6.86694,10,469,1065,30.000000:0.000000,1294,True,15,4,1294,0.719135,4.91586,0,0.0129022,1410 1353 1294 -1
GCP,adapt_p60-00000000000001_a270-0_415_map.h5,8.80446,10,277,372,30.000000:270.000000,1339,True,23,5,1396,0.853112,7.47327,0,0.0123736,1398 1339 1338 1396 -1
GCP,adapt_p48-18968510422141_a123-74999999999999_262_map.h5,7.84915,10,278,731,41.810314:123.750000,1484,True,16,5,1484,0.883151,7.32706,0,0.0126979,1483 1484 1485 1431 -1
GCP,adapt_p80-40593177313954_a135-0_503_map.h5,3.47154,10,55,1106,9.594069:135.000000,1059,False,540,2,878,0,0.0461746,0,0.0461746,1508 -1
GCP,adapt_p80-40593177313954_a135-0_284_map.h5,6.86657,10,496,1053,9.594069:135.000000,1059,True,14,4,1126,0.838625,4.8127,0,0.0132576,1059 1060 1126 -1
GCP,adapt_p23-556464309101234_a157-5_138_map.h5,6.87809,10,533,1118,66.443535:157.500000,1701,True,9,4,1701,0.927886,4.8039,0,0.0127233,1666 1700 1701 -1
GCP,adapt_p70-52877936550931_a213-75_94_map.h5,6.42943,10,196,1152,19.471220:213.750000,1205,False,74,2,1128,0,0.0133791,0,0.0133791,1267 -1
GCP,adapt_p80-40593177313954_a22-5_580_map.h5,8.84333,10,364,347,9.594069:22.500000,1038,True,17,6,1038,0.898387,8.33934,0,0.013494,1039 1039 1038 1104 1105 -1
GCP,adapt_p35-659087696138755_a255-00000000000003_16_map.h5,7.86927,10,366,771,54.340912:255.000000,1598,True,14,5,1598,0.993956,7.22503,0,0.0125605,1640 1639 1597 1598 -1
GCP,adapt_p60-00000000000001_a292-5_479_map.h5,4.90286,10,173,1476,30.000000:292.500000,1343,False,164,3,1457,0.372047,4.24162,0,0.0158413,1562 1457 -1
GCP,adapt_p60-00000000000001_a112-49999999999999_101_map.h5,7.77376,10,306,740,30.000000:112.500000,1313,True,29,4,1313,0.703341,5.39589,0,0.0130672,1370 1372 1313 -1
GCP,adapt_p60-00000000000001_a112-49999999999999_209_map.h5,8.90025,10,676,382,30.000000:112.500000,1313,True,7,6,1313,0.999149,8.84166,0,0.0125544,1251 1251 1312 1313 1314 -1
GCP,adapt_p23-556464309101234_a337-5_152_map.h5,6.87227,10,511,1084,66.443535:337.500000,1716,True,8,5,1742,0.995873,5.87747,0,0.0125646,1716 1716 1742 1717 -1
GCP,adapt_p60-00000000000001_a180-0_236_map.h5,8.89149,10,509,381,30.000000:180.000000,1324,True,10,6,1324,0.99997,8.24633,0,0.0133383,1325 1325 1324 1262 1263 -1
GCP,adapt_p48-18968510422141_a303-75_93_map.h5,7.88748,10,635,739,41.810314:303.750000,1510,False,10,5,1560,0.993785,7.49435,0,0.0123466,1559 1560 1511 1559 -1
GCP,adapt_p48-18968510422141_a236-25_146_map.h5,8.88668,10,633,370,41.810314:236.250000,1501,True,7,6,1448,0.997544,8.33768,0,0.0131502,1501 1501 1449 1448 1500 -1
GCP,adapt_p48-18968510422141_a326-24999999999994_493_map.h5,5.6949,10,306,1438,41.810314:326.250000,1514,False,40,4,1463,0.505585,5.00083,0,0.0129454,1513 1462 1463 -1
GCP,adapt_p80-40593177313954_a45-0_88_map.h5,5.84348,10,270,1648,9.594069:45.000000,1042,True,15,4,1043,0.951946,4.86803,0,0.0123482,1108 1042 1043 -1
GCP,adapt_p60-00000000000001_a292-5_116_map.h5,8.88809,10,628,393,30.000000:292.500000,1343,True,10,6,1342,0.991694,8.40951,0,0.0127298,1343 1343 1400 1342 1341 -1
GCP,adapt_p80-40593177313954_a67-5_549_map.h5,6.70839,10,187,1097,9.594069:67.500000,1047,True,38,4,1047,0.623565,5.76532,0,0.0124435,1111 1047 1048 -1
GCP,adapt_p35-659087696138755_a165-0_448_map.h5,7.75894,10,216,743,54.340912:165.000000,1587,True,32,5,1586,0.876394,7.2251,0,0.0129379,1628 1629 1586 1587 -1
GCP,adapt_p70-52877936550931_a123-74999999999999_134_map.h5,8.77644,10,259,355,19.471220:123.750000,1189,True,27,5,1188,0.797695,7.4166,0,0.0133817,1253 1189 1188 1251 -1
GCP,adapt_p35-659087696138755_a315-0_588_map.h5,7.85016,10,253,722,54.340912:315.000000,1605,True,16,5,1606,0.957247,7.12397,0,0.0126575,1561 1605 1606 1647 -1
GCP,adapt_p80-40593177313954_a90-0_378_map.h5,6.85026,10,475,1078,9.594069:90.000000,1051,True,15,5,1050,0.961023,5.83779,0,0.0125663,1116 1116 1050 1051 -1
GCP,adapt_p35-659087696138755_a105-0_417_map.h5,8.89803,10,547,397,54.340912:105.000000,1579,True,7,6,1623,0.999998,8.22782,0,0.0127949,1622 1622 1623 1580 1579 -1
GCP,adapt_p48-18968510422141_a11-25_25_map.h5,6.80926,10,187,1092,41.810314:11.250000,1468,True,22,4,1468,0.843598,4.86502,0,0.0125549,1467 1468 1469 -1
GCP,adapt_p80-40593177313954_a112-49999999999999_175_map.h5,7.84339,10,404,709,9.594069:112.500000,1055,True,18,5,1054,0.958251,7.35086,0,0.0124348,988 1055 987 1054 -1
GCP,adapt_p70-52877936550931_a11-25_403_map.h5,8.83918,10,216,347,19.471220:11.250000,1169,True,20,5,1169,0.897215,7.33413,0,0.0126518,1101 1102 1103 1169 -1
GCP,adapt_p23-556464309101234_a67-5_341_map.h5,4.85341,10,316,1870,66.443535:67.500000,1693,True,16,4,1693,0.743155,4.84151,0,0.0124019,1694 1693 1723 -1
GCP,adapt_p48-18968510422141_a213-75_125_map.h5,7.86388,10,349,771,41.810314:213.750000,1497,True,14,5,1497,0.919301,7.2447,0,0.0129261,1498 1497 1444 1445 -1
GCP,adapt_p35-659087696138755_a75-0_334_map.h5,7.81103,10,276,724,54.340912:75.000000,1576,True,21,5,1576,0.882597,7.23627,0,0.0127768,1478 1530 1529 1576 -1
GCP,adapt_p35-659087696138755_a344-99999999999994_592_map.h5,8.9082,10,644,387,54.340912:345.000000,1609,True,8,6,1609,0.999536,8.40216,0,0.0126106,1650 1650 1610 1609 1649 -1
GCP,adapt_p11-715852394892384_a315-0_228_map.h5,8.89341,10,754,400,78.284149:315.000000,1778,True,7,6,1778,0.999998,8.05787,0,0.0124024,1779 1779 1778 1762 1763 -1
GCP,adapt_p11-715852394892384_a315-0_144_map.h5,8.85717,10,248,354,78.284149:315.000000,1778,False,16,5,1763,0.960984,7.27882,0,0.0126742,1779 1762 1763 1741 -1
GCP,adapt_p60-00000000000001_a180-0_417_map.h5,7.88093,10,504,725,30.000000:180.000000,1324,True,12,5,1262,0.963152,7.44166,0,0.0129006,1261 1262 1324 1261 -1
GCP,adapt_p60-00000000000001_a247-49999999999997_76_map.h5,4.60085,10,106,1444,30.000000:247.500000,1335,False,70,3,1333,0.329226,3.14009,0,0.0130046,1449 1333 -1
GCP,adapt_p80-40593177313954_a292-5_185_map.h5,8.88888,10,703,302,9.594069:292.500000,1088,True,9,6,1088,0.999987,8.3738,0,0.0129303,1021 1021 1020 1088 1089 -1
GCP,adapt_p80-40593177313954_a67-5_424_map.h5,8.86087,10,266,372,9.594069:67.500000,1047,True,15,6,1048,0.972219,8.83282,0,0.0139249,981 981 1047 1048 1049 -1
GCP,adapt_p35-659087696138755_a255-00000000000003_23_map.h5,5.71514,10,143,1522,54.340912:255.000000,1598,False,35,4,1381,0.576218,5.17614,0,0.012707,1437 1381 1323 -1
GCP,adapt_p60-00000000000001_a292-5_481_map.h5,8.50089,10,118,375,30.000000:292.500000,1343,False,73,5,1401,0.575456,7.94446,0,0.0129309,1460 1402 1401 1457 -1
GCP,adapt_p48-18968510422141_a326-24999999999994_294_map.h5,6.87055,10,400,1121,41.810314:326.250000,1514,True,12,5,1513,0.992646,5.80725,0,0.0122935,1462 1462 1514 1513 -1
GCP,adapt_p70-52877936550931_a33-75_304_map.h5,7.79713,10,188,748,19.471220:33.750000,1173,True,27,5,1173,0.913049,7.38532,0,0.0126941,1106 1173 1174 1237 -1
GCP,adapt_p80-40593177313954_a90-0_325_map.h5,8.85907,10,376,362,9.594069:90.000000,1051,True,15,6,1051,0.956516,8.28489,0,0.0127459,1118 1118 1052 1051 1050 -1
GCP,adapt_p80-40593177313954_a0-0_194_map.h5,8.83218,10,244,378,9.594069:0.000000,1034,True,17,6,1034,0.964092,8.35822,0,0.0126541,1100 1100 1033 1034 1035 -1
GCP,adapt_p35-659087696138755_a255-00000000000003_95_map.h5,6.80337,10,207,1087,54.340912:255.000000,1598,True,25,4,1598,0.798653,4.86327,0,0.0124676,1641 1599 1598 -1
GCP,adapt_p60-00000000000001_a22-5_319_map.h5,8.88442,10,531,420,30.000000:22.500000,1298,True,9,6,1298,0.998616,8.29746,0,0.012402,1297 1297 1298 1357 1358 -1
GCP,adapt_p35-659087696138755_a255-00000000000003_517_map.h5,7.87782,10,478,720,54.340912:255.000000,1598,True,12,5,1598,0.988626,7.32675,0,0.0130004,1639 1640 1598 1639 -1
GCP,adapt_p11-715852394892384_a135-0_389_map.h5,8.89697,10,721,368,78.284149:135.000000,1770,True,11,6,1771,0.99989,8.20084,0,0.0128801,1753 1753 1771 1770 1752 -1
GCP,adapt_p80-40593177313954_a67-5_335_map.h5,8.85282,10,218,410,9.594069:67.500000,1047,False,16,5,1046,0.875282,7.35142,0,0.0130146,1045 978 1046 979 -1
GCP,adapt_p60-00000000000001_a0-0_35_map.h5,8.81764,10,325,384,30.000000:0.000000,1294,False,17,6,1231,0.898094,8.32972,0,0.0132025,1296 1296 1295 1232 1231 -1
GCP,adapt_p70-52877936550931_a101-24999999999999_99_map.h5,6.8619,10,545,1023,19.471220:101.250000,1185,True,13,4,1185,0.917615,4.80955,0,0.0129297,1184 1185 1119 -1
GCP,adapt_p70-52877936550931_a168-74999999999997_269_map.h5,7.87624,10,631,758,19.471220:168.750000,1197,True,10,5,1197,0.986376,5.89965,0,0.0125776,1131 1131 1197 1132 -1
GCP,adapt_p70-52877936550931_a101-24999999999999_582_map.h5,8.88603,10,460,385,19.471220:101.250000,1185,True,11,6,1185,0.997542,8.26145,0,0.0128123,1120 1120 1119 1185 1184 -1
GCP,adapt_p35-659087696138755_a165-0_533_map.h5,7.55805,10,171,802,54.340912:165.000000,1587,False,62,5,1486,0.496116,7.26854,0,0.0137772,1432 1486 1487 1538 -1
GCP,adapt_p35-659087696138755_a165-0_344_map.h5,6.86178,10,556,1040,54.340912:165.000000,1587,True,12,4,1629,0.854564,4.81064,0,0.0130406,1587 1586 1629 -1
GCP,adapt_p80-40593177313954_a157-5_437_map.h5,8.89184,10,623,374,9.594069:157.500000,1063,True,10,5,1063,0.998541,5.91844,0,0.0128901,1062 1062 1063 1064 -1
GCP,adapt_p35-659087696138755_a105-0_223_map.h5,7.83339,10,414,767,54.340912:105.000000,1579,False,16,5,1623,0.985295,7.20235,0,0.0124403,1660 1661 1623 1622 -1
GCP,adapt_p23-556464309101234_a202-5_536_map.h5,5.92719,10,128,1155,66.443535:202.500000,1704,False,160,2,1395,0,0.0155807,0,0.0155807,1129 -1
GCP,adapt_p60-00000000000001_a270-0_213_map.h5,8.8792,10,450,388,30.000000:270.000000,1339,True,11,6,1339,0.990853,8.27227,0,0.0126138,1277 1277 1278 1339 1340 -1
GCP,adapt_p35-659087696138755_a75-0_51_map.h5,7.87001,10,479,790,54.340912:75.000000,1576,True,12,5,1619,0.953647,5.82674,0,0.0128184,1576 1576 1620 1619 -1
GCP,adapt_p35-659087696138755_a135-0_260_map.h5,7.87201,10,530,674,54.340912:135.000000,1583,True,10,5,1626,0.987941,7.43718,0,0.0128299,1625 1626 1583 1625 -1
GCP,adapt_p11-715852394892384_a135-0_93_map.h5,7.78184,10,247,750,78.284149:135.000000,1770,True,27,5,1751,0.855788,7.05265,0,0.0130091,1771 1770 1751 1752 -1
GCP,adapt_p23-556464309101234_a292-5_332_map.h5,7.87146,10,317,738,66.443535:292.500000,1712,True,12,5,1712,0.975987,5.78907,0,0.0123714,1739 1739 1713 1712 -1
GCP,adapt_p70-52877936550931_a213-75_123_map.h5,5.82124,10,454,1544,19.471220:213.750000,1205,False,18,4,1141,0.927407,5.00267,0,0.0125775,1207 1141 1140 -1
GCP,adapt_p48-18968510422141_a168-74999999999997_420_map.h5,7.87585,10,467,791,41.810314:168.750000,1491,True,13,5,1438,0.982802,7.21813,0,0.0129739,1490 1491 1438 1437 -1
GCP,adapt_p23-556464309101234_a202-5_61_map.h5,7.87657,10,497,779,66.443535:202.500000,1704,True,11,5,1704,0.988347,5.77735,0,0.0132708,1732 1732 1704 1705 -1
GCP,adapt_p35-659087696138755_a195-0_469_map.h5,7.87492,10,544,789,54.340912:195.000000,1590,True,9,5,1590,0.986726,5.88818,0,0.0129502,1591 1591 1633 1590 -1
GCP,adapt_p60-00000000000001_a45-0_481_map.h5,8.8995,10,670,385,30.000000:45.000000,1301,True,8,6,1302,0.999899,8.5676,0,0.0133241,1361 1361 1301 1302 1362 -1
GCP,adapt_p60-00000000000001_a180-0_368_map.h5,8.82431,10,270,351,30.000000:180.000000,1324,True,20,5,1325,0.8653,7.32848,0,0.0125144,1382 1383 1325 1324 -1
GCP,adapt_p48-18968510422141_a348-74999999999994_199_map.h5,6.71825,10,148,1132,41.810314:348.750000,1517,False,40,4,1518,0.57226,5.3518,0,0.0126007,1413 1518 1566 -1
GCP,adapt_p70-52877936550931_a281-24999999999994_450_map.h5,8.83688,10,352,384,19.471220:281.250000,1217,False,19,6,1153,0.875276,8.26333,0,0.0129425,1219 1219 1218 1153 1154 -1
GCP,adapt_p80-40593177313954_a0-0_369_map.h5,6.83863,10,425,1117,9.594069:0.000000,1034,True,16,4,1034,0.752485,4.9049,0,0.0132182,1166 1034 1101 -1
GCP,adapt_p60-00000000000001_a45-0_129_map.h5,8.87323,10,408,381,30.000000:45.000000,1301,True,11,6,1301,0.990981,8.25586,0,0.0125912,1300 1300 1301 1238 1237 -1
GCP,adapt_p80-40593177313954_a0-0_409_map.h5,8.89235,10,600,362,9.594069:0.000000,1034,True,10,6,1035,0.999853,8.368,0,0.0124893,1101 1101 1034 1035 1102 -1
GCP,adapt_p60-00000000000001_a45-0_130_map.h5,4.81299,10,286,1909,30.000000:45.000000,1301,True,22,4,1301,0.839355,4.82561,0,0.0128447,1361 1302 1301 -1
GCP,adapt_p60-00000000000001_a67-5_498_map.h5,5.85883,10,377,1558,30.000000:67.500000,1305,True,12,5,1242,0.962861,5.79824,0,0.0130195,1305 1305 1242 1241 -1
GCP,adapt_p11-715852394892384_a45-0_573_map.h5,6.87856,10,456,1125,78.284149:45.000000,1766,True,11,5,1767,0.972346,5.699,0,0.0132083,1766 1766 1767 1747 -1
GCP,adapt_p80-40593177313954_a112-49999999999999_541_map.h5,8.63636,10,135,374,9.594069:112.500000,1055,True,41,5,987,0.57745,7.27169,0,0.013449,1120 1054 1055 987 -1
GCP,adapt_p60-00000000000001_a224-99999999999997_588_map.h5,6.78348,10,238,1180,30.000000:225.000000,1331,False,26,4,1269,0.702912,4.97978,0,0.0133582,1329 1330 1269 -1
GCP,adapt_p80-40593177313954_a45-0_144_map.h5,7.44075,10,241,728,9.594069:45.000000,1042,False,76,3,1108,0.173415,5.89003,0,0.0130664,1049 1108 -1
GCP,adapt_p23-556464309101234_a202-5_562_map.h5,8.85838,10,257,362,66.443535:202.500000,1704,True,16,5,1705,0.936562,7.3101,0,0.0124562,1706 1705 1704 1671 -1
GCP,adapt_p80-40593177313954_a135-0_273_map.h5,6.76175,10,259,1147,9.594069:135.000000,1059,False,26,4,1125,0.683585,4.82455,0,0.0130794,1190 1124 1125 -1
GCP,adapt_p60-00000000000001_a247-49999999999997_316_map.h5,4.46409,10,75,1499,30.000000:247.500000,1335,False,237,2,1563,0,0.0184732,0,0.0184732,1503 -1
GCP,adapt_p70-52877936550931_a236-25_106_map.h5,5.77196,10,437,1482,19.471220:236.250000,1209,False,26,4,1273,0.803277,4.91324,0,0.0128878,1333 1272 1273 -1
GCP,adapt_p23-556464309101234_a157-5_345_map.h5,6.83382,10,269,1088,66.443535:157.500000,1701,False,18,4,1702,0.64345,4.75561,0,0.0129962,1669 1668 1702 -1
GCP,adapt_p80-40593177313954_a270-0_127_map.h5,5.78935,10,204,1448,9.594069:270.000000,1084,True,23,4,1084,0.811237,5.01443,0,0.0124929,1149 1084 1085 -1
GCP,adapt_p60-00000000000001_a270-0_125_map.h5,8.842,10,428,371,30.000000:270.000000,1339,True,19,5,1339,0.922884,7.45693,0,0.0128254,1396 1339 1397 1398 -1
GCP,adapt_p80-40593177313954_a67-5_285_map.h5,8.81913,10,264,386,9.594069:67.500000,1047,True,21,5,1047,0.94166,7.37271,0,0.0127221,978 979 1047 1046 -1
GCP,adapt_p70-52877936550931_a56-24999999999999_557_map.h5,6.82392,10,204,1144,19.471220:56.250000,1177,False,20,4,1176,0.861495,4.97042,0,0.0129566,1240 1176 1175 -1
GCP,adapt_p11-715852394892384_a225-0_558_map.h5,6.85719,10,411,1148,78.284149:225.000000,1774,True,15,5,1775,0.828844,5.81692,0,0.0136359,1774 1774 1775 1757 -1
GCP,adapt_p70-52877936550931_a11-25_388_map.h5,8.88101,10,514,366,19.471220:11.250000,1169,True,11,5,1169,0.9806,5.92035,0,0.0128016,1168 1168 1169 1170 -1
GCP,adapt_p35-659087696138755_a135-0_587_map.h5,8.87893,10,454,376,54.340912:135.000000,1583,True,11,6,1583,0.999368,8.4853,0,0.0128811,1626 1626 1584 1583 1582 -1
GCP,adapt_p60-00000000000001_a224-99999999999997_28_map.h5,6.88067,10,671,996,30.000000:225.000000,1331,True,10,5,1332,0.997971,5.82718,0,0.0131221,1390 1390 1332 1331 -1
GCP,adapt_p80-40593177313954_a202-49999999999997_536_map.h5,6.78631,10,426,1093,9.594069:202.500000,1072,True,24,4,1072,0.575313,5.10638,0,0.0135296,1136 1071 1072 -1
GCP,adapt_p35-659087696138755_a75-0_237_map.h5,8.87999,10,390,378,54.340912:75.000000,1576,True,10,6,1576,0.997952,8.32478,0,0.0128313,1620 1620 1577 1576 1575 -1
GCP,adapt_p48-18968510422141_a101-24999999999999_212_map.h5,3.52051,10,114,1975,41.810314:101.250000,1481,False,208,2,1316,0,0.0170708,0,0.0170708,1248 -1
GCP,adapt_p60-00000000000001_a224-99999999999997_51_map.h5,6.7681,10,253,1142,30.000000:225.000000,1331,False,31,4,1390,0.803077,5.17908,0,0.0126909,1333 1390 1447 -1
GCP,adapt_p80-40593177313954_a247-49999999999997_185_map.h5,6.84505,10,453,1128,9.594069:247.500000,1080,True,16,4,1079,0.859718,4.91741,0,0.0127693,1078 1079 1080 -1
GCP,adapt_p70-52877936550931_a146-25_207_map.h5,6.82924,10,272,1111,19.471220:146.250000,1193,False,20,4,1061,0.819826,4.80786,0,0.0125708,1126 1127 1061 -1
GCP,adapt_p80-40593177313954_a22-5_380_map.h5,8.88527,10,459,369,9.594069:22.500000,1038,True,9,6,1039,0.997476,8.4147,0,0.0125436,1105 1105 1038 1039 1106 -1
GCP,adapt_p60-00000000000001_a0-0_239_map.h5,2.64664,10,63,702,30.000000:0.000000,1294,False,890,2,1173,0,0.0920142,0,0.0920142,1258 -1
GCP,adapt_p70-52877936550931_a146-25_555_map.h5,8.88211,10,517,352,19.471220:146.250000,1193,True,11,6,1193,0.999829,8.25597,0,0.0127114,1256 1256 1255 1192 1193 -1
GCP,adapt_p35-659087696138755_a195-0_179_map.h5,7.87773,10,473,708,54.340912:195.000000,1590,True,11,5,1590,0.998004,5.81367,0,0.0130875,1633 1633 1591 1590 -1
GCP,adapt_p48-18968510422141_a56-24999999999999_164_map.h5,5.55837,10,267,1532,41.810314:56.250000,1475,False,57,3,1572,0.250082,4.50282,0,0.013463,1478 1572 -1
GCP,adapt_p48-18968510422141_a56-24999999999999_362_map.h5,7.88106,10,550,693,41.810314:56.250000,1475,True,11,5,1475,0.987268,5.86605,0,0.0127512,1476 1476 1475 1474 -1
GCP,adapt_p70-52877936550931_a213-75_201_map.h5,6.73939,10,275,1092,19.471220:213.750000,1205,False,33,4,1201,0.525106,5.22421,0,0.0124586,1137 1201 1264 -1
GCP,adapt_p70-52877936550931_a258-75_66_map.h5,7.87901,10,616,824,19.471220:258.750000,1213,True,12,5,1213,0.995549,5.82946,0,0.0128101,1275 1275 1212 1213 -1
GCP,adapt_p35-659087696138755_a135-0_365_map.h5,8.88052,10,410,423,54.340912:135.000000,1583,True,12,6,1626,0.999901,8.1936,0,0.0122989,1625 1625 1626 1583 1582 -1
GCP,adapt_p60-00000000000001_a224-99999999999997_471_map.h5,6.86882,10,509,1129,30.000000:225.000000,1331,False,10,5,1390,0.98864,5.81673,0,0.0130065,1332 1332 1390 1391 -1
GCP,adapt_p60-00000000000001_a135-0_10_map.h5,8.90745,10,739,395,30.000000:135.000000,1316,True,7,6,1375,0.999999,8.26683,0,0.0123559,1376 1376 1375 1316 1317 -1
GCP,adapt_p48-18968510422141_a258-75_118_map.h5,6.866,10,526,1071,41.810314:258.750000,1504,False,13,4,1451,0.807099,4.84585,0,0.0127903,1450 1451 1503 -1
GCP,adapt_p80-40593177313954_a135-0_237_map.h5,7.83387,10,387,783,9.594069:135.000000,1059,True,16,4,1059,0.849354,4.91135,0,0.0129522,992 1059 1058 -1
GCP,adapt_p70-52877936550931_a33-75_272_map.h5,6.79649,10,329,1079,19.471220:33.750000,1173,False,24,4,1172,0.668253,4.82164,0,0.0133169,1106 1172 1235 -1
GCP,adapt_p70-52877936550931_a11-25_341_map.h5,7.83904,10,226,739,19.471220:11.250000,1169,True,19,5,1169,0.865794,7.33866,0,0.0128255,1168 1169 1232 1233 -1
GCP,adapt_p48-18968510422141_a101-24999999999999_225_map.h5,5.64277,10,250,1489,41.810314:101.250000,1481,False,50,4,1425,0.471121,5.48668,0,0.0130669,1477 1425 1426 -1
GCP,adapt_p60-00000000000001_a292-5_297_map.h5,7.88792,10,642,781,30.000000:292.500000,1343,True,12,5,1401,0.998888,7.4016,0,0.0128798,1400 1401 1343 1400 -1
GCP,adapt_p48-18968510422141_a168-74999999999997_124_map.h5,8.72123,10,86,351,41.810314:168.750000,1491,False,39,5,1588,0.784864,7.33663,0,0.0125898,1589 1588 1587 1542 -1
GCP,adapt_p70-52877936550931_a348-74999999999994_545_map.h5,6.18103,10,127,1116,19.471220:348.750000,1229,False,118,3,1035,0.249864,4.7447,0,0.0138185,895 1035 -1
GCP,adapt_p60-00000000000001_a67-5_96_map.h5,7.86283,10,459,769,30.000000:67.500000,1305,True,14,5,1305,0.93915,7.15316,0,0.0129942,1364 1305 1304 1241 -1
GCP,adapt_p48-18968510422141_a56-24999999999999_143_map.h5,6.8726,10,543,1097,41.810314:56.250000,1475,True,11,4,1420,0.957751,4.7827,0,0.0132277,1475 1474 1420 -1
GCP,adapt_p60-00000000000001_a90-0_70_map.h5,7.8761,10,434,771,30.000000:90.000000,1309,True,12,5,1310,0.986494,5.8382,0,0.0127039,1247 1247 1310 1309 -1
GCP,adapt_p70-52877936550931_a33-75_547_map.h5,8.89016,10,598,383,19.471220:33.750000,1173,True,9,6,1107,0.995957,8.30185,0,0.0126255,1174 1174 1173 1107 1106 -1
GCP,adapt_p70-52877936550931_a303-75_379_map.h5,7.86806,10,478,789,19.471220:303.750000,1221,True,9,5,1284,0.908356,7.68691,0,0.0127544,1285 1284 1221 1285 -1
GCP,adapt_p70-52877936550931_a33-75_528_map.h5,8.87199,10,515,375,19.471220:33.750000,1173,True,13,6,1107,0.999556,8.30323,0,0.0128394,1172 1172 1173 1107 1106 -1
GCP,adapt_p60-00000000000001_a180-0_47_map.h5,7.86887,10,431,766,30.000000:180.000000,1324,True,13,5,1324,0.984072,7.23848,0,0.0129467,1262 1324 1323 1382 -1
GCP,adapt_p60-00000000000001_a0-0_242_map.h5,8.33694,10,100,363,30.000000:0.000000,1294,False,101,4,1229,0.42382,6.27806,0,0.0137002,1466 1229 1164 -1
GCP,adapt_p35-659087696138755_a75-0_43_map.h5,7.8546,10,508,730,54.340912:75.000000,1576,True,10,5,1620,0.988378,7.32675,0,0.0132201,1619 1620 1576 1619 -1
GCP,adapt_p23-556464309101234_a22-5_265_map.h5,7.8435,10,338,791,66.443535:22.500000,1689,True,18,5,1719,0.966074,7.14671,0,0.013338,1718 1719 1689 1688 -1
GCP,adapt_p60-00000000000001_a0-0_316_map.h5,8.89288,10,539,359,30.000000:0.000000,1294,True,8,6,1354,0.99991,8.33034,0,0.0129242,1294 1294 1295 1354 1411 -1
GCP,adapt_p35-659087696138755_a315-0_570_map.h5,7.86444,10,518,757,54.340912:315.000000,1605,True,13,5,1605,0.982969,7.21002,0,0.0134034,1561 1560 1604 1605 -1
GCP,adapt_p48-18968510422141_a56-24999999999999_150_map.h5,6.82661,10,252,1119,41.810314:56.250000,1475,True,17,4,1476,0.61151,4.78383,0,0.0141774,1422 1476 1475 -1
GCP,adapt_p23-556464309101234_a112-5_415_map.h5,8.90092,10,798,374,66.443535:112.500000,1697,True,8,6,1697,0.999977,8.13478,0,0.0128868,1726 1726 1725 1696 1697 -1
GCP,adapt_p60-00000000000001_a224-99999999999997_6_map.h5,4.59527,10,80,1491,30.000000:225.000000,1331,False,211,2,1140,0,0.0173055,0,0.0173055,1049 -1
GCP,adapt_p35-659087696138755_a344-99999999999994_397_map.h5,8.88925,10,452,383,54.340912:345.000000,1609,True,9,6,1609,0.999985,8.24975,0,0.0125682,1649 1649 1650 1609 1608 -1
GCP,adapt_p60-00000000000001_a90-0_130_map.h5,7.77759,10,189,794,30.000000:90.000000,1309,True,26,5,1309,0.879175,7.2687,0,0.0132613,1245 1246 1309 1308 -1
GCP,adapt_p60-00000000000001_a22-5_161_map.h5,7.84507,10,291,710,30.000000:22.500000,1298,True,15,5,1234,0.954645,7.29551,0,0.0127537,1298 1297 1234 1235 -1
GCP,adapt_p11-715852394892384_a45-0_249_map.h5,7.85797,10,285,750,78.284149:45.000000,1766,True,17,5,1746,0.948392,7.06011,0,0.0128541,1782 1766 1746 1747 -1
GCP,adapt_p80-40593177313954_a22-5_266_map.h5,8.84273,10,272,358,9.594069:22.500000,1038,True,17,5,1038,0.94828,7.35151,0,0.0131017,1037 970 1038 971 -1
GCP,adapt_p60-00000000000001_a157-5_548_map.h5,6.79279,10,344,1059,30.000000:157.500000,1320,True,23,4,1379,0.664939,4.85253,0,0.0130468,1320 1379 1378 -1
GCP,adapt_p70-52877936550931_a101-24999999999999_446_map.h5,8.81308,10,227,375,19.471220:101.250000,1185,True,24,5,1119,0.884146,7.37243,0,0.0127636,1249 1185 1119 1118 -1
GCP,adapt_p70-52877936550931_a146-25_361_map.h5,6.82909,10,370,1154,19.471220:146.250000,1193,True,19,5,1193,0.9234,5.98583,0,0.0127381,1128 1128 1193 1192 -1
GCP,adapt_p23-556464309101234_a22-5_450_map.h5,7.89238,10,690,773,66.443535:22.500000,1689,True,9,5,1689,0.992423,7.28866,0,0.012426,1652 1653 1689 1652 -1
GCP,adapt_p48-18968510422141_a348-74999999999994_470_map.h5,7.81606,10,327,783,41.810314:348.750000,1517,True,23,5,1466,0.922685,7.28375,0,0.0127802,1516 1517 1465 1466 -1
GCP,adapt_p80-40593177313954_a90-0_29_map.h5,7.86103,10,407,753,9.594069:90.000000,1051,True,15,4,1051,0.921452,4.91119,0,0.0127893,984 1051 1050 -1
GCP,adapt_p48-18968510422141_a33-75_9_map.h5,6.76012,10,189,1132,41.810314:33.750000,1471,False,29,4,1417,0.774238,4.98593,0,0.0126014,1358 1417 1418 -1
GCP,adapt_p11-715852394892384_a315-0_61_map.h5,6.8419,10,292,1090,78.284149:315.000000,1778,True,20,4,1779,0.904038,4.69431,0,0.0129384,1762 1778 1779 -1
GCP,adapt_p80-40593177313954_a112-49999999999999_542_map.h5,6.8673,10,516,1091,9.594069:112.500000,1055,True,15,4,1055,0.913027,4.82176,0,0.0125207,1056 1055 1121 -1
GCP,adapt_p70-52877936550931_a348-74999999999994_101_map.h5,6.79179,10,260,1129,19.471220:348.750000,1229,False,26,4,1165,0.706958,4.90645,0,0.0130504,1034 1166 1165 -1
GCP,adapt_p60-00000000000001_a135-0_431_map.h5,6.8447,10,491,1160,30.000000:135.000000,1316,False,16,4,1375,0.768938,4.84362,0,0.0131273,1433 1376 1375 -1
GCP,adapt_p80-40593177313954_a292-5_450_map.h5,6.80986,10,227,1080,9.594069:292.500000,1088,False,21,4,1089,0.700417,5.37168,0,0.0129438,1023 1089 1021 -1
GCP,adapt_p35-659087696138755_a224-99999999999997_560_map.h5,8.83685,10,304,405,54.340912:225.000000,1594,True,15,6,1594,0.925659,8.33104,0,0.0129711,1548 1548 1594 1549 1499 -1
GCP,adapt_p48-18968510422141_a123-74999999999999_212_map.h5,5.7539,10,316,1454,41.810314:123.750000,1484,True,30,4,1484,0.547084,4.88174,0,0.0129473,1372 1430 1484 -1
GCP,adapt_p70-52877936550931_a101-24999999999999_91_map.h5,8.58839,10,123,362,19.471220:101.250000,1185,True,57,5,1185,0.697405,8.03367,0,0.0135891,1310 1246 1184 1185 -1
GCP,adapt_p70-52877936550931_a78-75_452_map.h5,7.88617,10,571,719,19.471220:78.750000,1181,True,11,5,1180,0.954263,5.92038,0,0.0126645,1181 1181 1244 1180 -1
GCP,adapt_p23-556464309101234_a202-5_140_map.h5,7.88411,10,538,694,66.443535:202.500000,1704,True,10,5,1704,0.992752,7.2799,0,0.012703,1671 1670 1704 1671 -1
GCP,adapt_p23-556464309101234_a112-5_452_map.h5,7.8784,10,397,735,66.443535:112.500000,1697,False,11,5,1662,0.989093,5.78894,0,0.0124195,1623 1623 1661 1662 -1
GCP,adapt_p60-00000000000001_a22-5_264_map.h5,7.87314,10,487,817,30.000000:22.500000,1298,True,12,5,1298,0.984224,5.84182,0,0.0126894,1235 1235 1298 1297 -1
GCP,adapt_p70-52877936550931_a146-25_14_map.h5,7.60776,10,112,359,19.471220:146.250000,1193,False,211,3,1203,0.212405,7.00847,0,0.0175578,1128 1203 -1
GCP,adapt_p11-715852394892384_a315-0_331_map.h5,7.77965,10,178,822,78.284149:315.000000,1778,False,28,5,1740,0.831959,7.35181,0,0.0131722,1714 1741 1740 1762 -1
GCP,adapt_p48-18968510422141_a11-25_552_map.h5,5.84099,10,303,1511,41.810314:11.250000,1468,True,17,4,1468,0.772138,4.84776,0,0.0128532,1467 1468 1520 -1
GCP,adapt_p48-18968510422141_a348-74999999999994_587_map.h5,8.88829,10,497,350,41.810314:348.750000,1517,True,10,6,1517,0.998411,8.38529,0,0.0125286,1465 1465 1516 1517 1466 -1
GCP,adapt_p35-659087696138755_a14-999999999999998_464_map.h5,6.85239,10,310,1196,54.340912:15.000000,1568,True,15,4,1568,0.702957,4.88276,0,0.0124595,1521 1568 1520 -1
GCP,adapt_p80-40593177313954_a180-0_93_map.h5,6.80309,10,260,1119,9.594069:180.000000,1067,False,22,4,1000,0.821896,4.81624,0,0.0127385,933 1000 1001 -1
GCP,adapt_p60-00000000000001_a337-49999999999994_202_map.h5,8.86712,10,333,332,30.000000:337.500000,1350,True,13,6,1350,0.992362,8.30296,0,0.012705,1409 1409 1408 1350 1351 -1
GCP,adapt_p80-40593177313954_a315-0_148_map.h5,7.85884,10,545,776,9.594069:315.000000,1093,False,15,5,1158,0.947776,5.83122,0,0.01298,1223 1223 1158 1157 -1
GCP,adapt_p70-52877936550931_a236-25_202_map.h5,6.36961,10,137,1157,19.471220:236.250000,1209,False,86,4,1082,0.184702,5.22917,0,0.0132185,1011 1078 1145 -1
GCP,adapt_p60-00000000000001_a67-5_405_map.h5,6.86683,10,577,1108,30.000000:67.500000,1305,True,12,5,1305,0.968789,5.80395,0,0.0130125,1242 1242 1305 1304 -1
GCP,adapt_p48-18968510422141_a236-25_335_map.h5,8.73581,10,140,387,41.810314:236.250000,1501,False,34,5,1499,0.807887,7.20875,0,0.013013,1548 1549 1499 1500 -1
GCP,adapt_p70-52877936550931_a146-25_193_map.h5,8.87613,10,378,358,19.471220:146.250000,1193,True,14,6,1128,0.999545,8.29922,0,0.0126973,1194 1194 1193 1127 1128 -1
GCP,adapt_p48-18968510422141_a123-74999999999999_34_map.h5,7.88728,10,723,788,41.810314:123.750000,1484,True,10,5,1484,0.974405,5.79357,0,0.0125277,1535 1535 1484 1485 -1
GCP,adapt_p70-52877936550931_a258-75_504_map.h5,8.77142,10,124,336,19.471220:258.750000,1213,True,31,5,1213,0.819374,7.39764,0,0.0124011,1274 1212 1213 1276 -1
GCP,adapt_p80-40593177313954_a22-5_501_map.h5,7.66734,10,205,709,9.594069:22.500000,1038,False,43,4,1040,0.614522,4.94785,0,0.0124829,1107 1040 1039 -1
GCP,adapt_p23-556464309101234_a22-5_307_map.h5,8.63572,10,110,365,66.443535:22.500000,1689,False,51,5,1690,0.672991,7.32221,0,0.0131128,1614 1654 1690 1691 -1
GCP,adapt_p80-40593177313954_a22-5_158_map.h5,4.66841,10,117,1432,9.594069:22.500000,1038,False,197,2,1688,0,0.0169125,0,0.0169125,1042 -1
GCP,adapt_p48-18968510422141_a258-75_450_map.h5,7.82568,10,289,746,41.810314:258.750000,1504,False,19,5,1451,0.935755,7.29937,0,0.0130871,1395 1394 1450 1451 -1
GCP,adapt_p70-52877936550931_a146-25_518_map.h5,8.74769,10,168,361,19.471220:146.250000,1193,False,32,5,1128,0.729831,7.93487,0,0.0131336,1195 1062 1128 1127 -1
GCP,adapt_p60-00000000000001_a135-0_474_map.h5,7.8513,10,429,749,30.000000:135.000000,1316,True,15,5,1317,0.849727,7.35998,0,0.0125281,1318 1376 1317 1316 -1
GCP,adapt_p60-00000000000001_a270-0_534_map.h5,7.88467,10,691,715,30.000000:270.000000,1339,True,10,5,1339,0.999059,7.45697,0,0.0131558,1338 1339 1397 1338 -1
GCP,adapt_p48-18968510422141_a258-75_79_map.h5,7.84236,10,318,785,41.810314:258.750000,1504,False,19,5,1394,0.938997,7.23518,0,0.0124533,1337 1395 1451 1394 -1
GCP,adapt_p23-556464309101234_a247-49999999999997_535_map.h5,5.17069,10,109,1525,66.443535:247.500000,1708,False,131,3,1734,0.148054,3.06972,0,0.0140964,1672 1734 -1
GCP,adapt_p80-40593177313954_a247-49999999999997_8_map.h5,6.8251,10,404,1158,9.594069:247.500000,1080,False,18,4,1145,0.744268,4.81847,0,0.0127127,1144 1145 1079 -1
GCP,adapt_p60-00000000000001_a67-5_133_map.h5,7.85712,10,344,735,30.000000:67.500000,1305,True,12,5,1305,0.959281,7.45556,0,0.012688,1304 1305 1242 1304 -1
GCP,adapt_p60-00000000000001_a315-0_325_map.h5,8.88534,10,552,402,30.000000:315.000000,1346,True,10,6,1405,0.999785,8.26795,0,0.0125367,1347 1347 1346 1404 1405 -1
GCP,adapt_p60-00000000000001_a315-0_272_map.h5,6.83278,10,458,1168,30.000000:315.000000,1346,True,16,4,1345,0.612393,4.80332,0,0.0130342,1284 1345 1346 -1
GCP,adapt_p48-18968510422141_a146-25_244_map.h5,8.88151,10,434,365,41.810314:146.250000,1488,True,9,6,1434,0.998254,8.25444,0,0.013319,1488 1488 1487 1434 1435 -1
GCP,adapt_p11-715852394892384_a315-0_272_map.h5,6.87723,10,431,1139,78.284149:315.000000,1778,False,11,5,1762,0.987685,5.71859,0,0.0125868,1779 1779 1763 1762 -1
GCP,adapt_p80-40593177313954_a270-0_303_map.h5,7.87985,10,664,713,9.594069:270.000000,1084,True,12,5,1084,0.995889,5.91201,0,0.0129641,1016 1016 1084 1083 -1
GCP,adapt_p60-00000000000001_a224-99999999999997_519_map.h5,6.87085,10,562,1190,30.000000:225.000000,1331,True,12,4,1390,0.969945,4.82556,0,0.0129771,1331 1332 1390 -1
GCP,adapt_p35-659087696138755_a165-0_102_map.h5,8.8185,10,310,408,54.340912:165.000000,1587,True,19,5,1587,0.922553,7.19575,0,0.0133184,1667 1629 1586 1587 -1
GCP,adapt_p11-715852394892384_a315-0_557_map.h5,8.87953,10,354,379,78.284149:315.000000,1778,False,12,5,1763,0.994234,5.71838,0,0.013342,1741 1741 1763 1762 -1
GCP,adapt_p11-715852394892384_a315-0_220_map.h5,8.89544,10,399,361,78.284149:315.000000,1778,True,10,6,1762,0.998385,8.04005,0,0.0123737,1778 1778 1779 1763 1762 -1
GCP,adapt_p11-715852394892384_a315-0_476_map.h5,8.83324,10,304,403,78.284149:315.000000,1778,True,19,5,1762,0.949315,7.19788,0,0.01258,1761 1778 1762 1763 -1
GCP,adapt_p60-00000000000001_a22-5_455_map.h5,7.89609,10,526,728,30.000000:22.500000,1298,False,10,5,1297,0.980568,7.3402,0,0.0127256,1233 1234 1297 1233 -1
GCP,adapt_p60-00000000000001_a0-0_579_map.h5,4.76806,10,347,1830,30.000000:0.000000,1294,False,26,3,1296,0.346781,2.45974,0,0.0127598,1295 1296 -1
GCP,adapt_p70-52877936550931_a213-75_2_map.h5,5.83632,10,419,1487,19.471220:213.750000,1205,True,17,4,1204,0.644605,4.91916,0,0.0125161,1205 1204 1203 -1
GCP,adapt_p60-00000000000001_a337-49999999999994_511_map.h5,6.87086,10,529,1177,30.000000:337.500000,1350,True,12,5,1350,0.99097,5.86417,0,0.0129827,1408 1408 1350 1351 -1
GCP,adapt_p23-556464309101234_a202-5_102_map.h5,6.87684,10,544,1164,66.443535:202.500000,1704,True,10,4,1705,0.905317,4.79786,0,0.012988,1704 1705 1671 -1
GCP,adapt_p60-00000000000001_a135-0_271_map.h5,6.79777,10,436,1157,30.000000:135.000000,1316,False,23,4,1318,0.826447,4.90792,0,0.0130644,1319 1318 1317 -1
GCP,adapt_p48-18968510422141_a213-75_480_map.h5,6.21759,10,212,1147,41.810314:213.750000,1497,False,110,3,1335,0.234088,4.16973,0,0.014253,1499 1335 -1
GCP,adapt_p35-659087696138755_a344-99999999999994_234_map.h5,8.89925,10,717,367,54.340912:345.000000,1609,True,6,6,1609,0.999999,8.24978,0,0.0125999,1649 1649 1650 1609 1608 -1
GCP,adapt_p60-00000000000001_a292-5_76_map.h5,7.81554,10,383,750,30.000000:292.500000,1343,True,17,5,1343,0.879775,7.44982,0,0.0133559,1344 1282 1343 1342 -1
GCP,adapt_p48-18968510422141_a101-24999999999999_320_map.h5,8.8971,10,618,340,41.810314:101.250000,1481,True,7,6,1428,0.999994,8.27948,0,0.0127118,1427 1427 1428 1482 1481 -1
GCP,adapt_p23-556464309101234_a157-5_12_map.h5,8.89723,10,600,365,66.443535:157.500000,1701,True,9,6,1700,0.999869,8.35286,0,0.0125852,1666 1666 1701 1700 1665 -1
GCP,adapt_p11-715852394892384_a225-0_0_map.h5,8.72775,10,166,396,78.284149:225.000000,1774,True,36,5,1733,0.761745,7.2097,0,0.013059,1774 1756 1757 1733 -1
GCP,adapt_p60-00000000000001_a270-0_550_map.h5,8.88827,10,471,369,30.000000:270.000000,1339,True,10,6,1339,0.997918,8.54994,0,0.0125572,1278 1278 1340 1339 1277 -1
GCP,adapt_p11-715852394892384_a135-0_217_map.h5,6.85107,10,429,1133,78.284149:135.000000,1770,True,14,4,1751,0.880753,4.68976,0,0.0127612,1771 1770 1751 -1
GCP,adapt_p23-556464309101234_a67-5_206_map.h5,6.85902,10,516,1051,66.443535:67.500000,1693,True,11,5,1722,0.959086,5.85308,0,0.012796,1692 1692 1722 1693 -1
GCP,adapt_p80-40593177313954_a247-49999999999997_469_map.h5,8.82406,10,210,361,9.594069:247.500000,1080,True,18,5,1082,0.891979,7.35743,0,0.0127654,1080 1081 1014 1082 -1
GCP,adapt_p80-40593177313954_a45-0_368_map.h5,7.86902,10,527,724,9.594069:45.000000,1042,True,14,5,1042,0.973141,7.407,0,0.0128096,1043 1042 1041 1108 -1
GCP,adapt_p60-00000000000001_a22-5_535_map.h5,7.75042,10,183,788,30.000000:22.500000,1298,False,31,5,1297,0.76609,7.29422,0,0.0124085,1170 1233 1296 1297 -1
GCP,adapt_p80-40593177313954_a337-49999999999994_73_map.h5,8.79081,10,205,380,9.594069:337.500000,1097,False,28,5,1162,0.801516,7.33643,0,0.0130168,1095 1096 1162 1161 -1
GCP,adapt_p35-659087696138755_a224-99999999999997_417_map.h5,5.87135,10,504,1440,54.340912:225.000000,1594,True,11,4,1594,0.973406,4.77781,0,0.012453,1593 1594 1636 -1
GCP,adapt_p48-18968510422141_a326-24999999999994_44_map.h5,8.88656,10,392,318,41.810314:326.250000,1514,True,11,6,1514,0.985426,8.24161,0,0.01225,1463 1463 1462 1514 1513 -1
GCP,adapt_p70-52877936550931_a11-25_13_map.h5,8.9,10,705,374,19.471220:11.250000,1169,True,9,6,1169,0.999706,8.40625,0,0.0128182,1103 1103 1170 1169 1102 -1
GCP,adapt_p80-40593177313954_a202-49999999999997_6_map.h5,1.50552,10,112,1440,9.594069:202.500000,1072,False,688,2,921,0,0.0632013,0,0.0632013,1636 -1
GCP,adapt_p70-52877936550931_a303-75_380_map.h5,6.86418,10,613,1105,19.471220:303.750000,1221,True,13,4,1221,0.957837,4.81861,0,0.0126472,1157 1156 1221 -1
GCP,adapt_p48-18968510422141_a101-24999999999999_403_map.h5,8.90495,10,799,368,41.810314:101.250000,1481,True,7,6,1428,0.999992,8.27906,0,0.0128704,1481 1481 1482 1428 1427 -1
GCP,adapt_p70-52877936550931_a326-24999999999994_588_map.h5,6.87972,10,586,1096,19.471220:326.250000,1225,True,11,5,1225,0.99102,5.85851,0,0.0130876,1161 1161 1226 1225 -1
GCP,adapt_p35-659087696138755_a14-999999999999998_182_map.h5,8.89094,10,662,353,54.340912:15.000000,1568,True,8,6,1568,0.999788,8.39599,0,0.0128696,1612 1612 1567 1568 1613 -1
GCP,adapt_p48-18968510422141_a213-75_512_map.h5,7.86079,10,566,813,41.810314:213.750000,1497,False,13,5,1445,0.994554,7.26128,0,0.0130288,1387 1388 1445 1444 -1
GCP,adapt_p23-556464309101234_a22-5_232_map.h5,6.85526,10,470,1108,66.443535:22.500000,1689,True,15,4,1689,0.764185,4.8916,0,0.012567,1652 1689 1719 -1
GCP,adapt_p48-18968510422141_a146-25_243_map.h5,7.66273,10,194,712,41.810314:146.250000,1488,False,43,5,1492,0.724402,7.49024,0,0.0130995,1440 1492 1491 1542 -1
GCP,adapt_p48-18968510422141_a78-75_6_map.h5,8.88338,10,406,392,41.810314:78.750000,1478,True,12,6,1424,0.997468,8.23017,0,0.0134317,1423 1423 1424 1478 1477 -1
GCP,adapt_p60-00000000000001_a112-49999999999999_288_map.h5,7.8747,10,497,740,30.000000:112.500000,1313,True,13,5,1313,0.917823,7.24895,0,0.0131272,1373 1372 1313 1314 -1
GCP,adapt_p35-659087696138755_a135-0_199_map.h5,7.89019,10,685,804,54.340912:135.000000,1583,True,8,5,1626,0.999795,5.77005,0,0.0126186,1583 1583 1626 1625 -1
GCP,adapt_p80-40593177313954_a270-0_128_map.h5,7.88113,10,547,734,9.594069:270.000000,1084,True,11,5,1084,0.943761,5.83694,0,0.0126789,1150 1150 1084 1083 -1
GCP,adapt_p70-52877936550931_a146-25_545_map.h5,7.79079,10,309,714,19.471220:146.250000,1193,False,26,5,1129,0.83516,7.19746,0,0.013029,1063 1129 1128 1194 -1
GCP,adapt_p80-40593177313954_a112-49999999999999_43_map.h5,7.55839,10,272,732,9.594069:112.500000,1055,False,60,4,1187,0.614353,6.40483,0,0.0134597,1051 1121 1187 -1
GCP,adapt_p11-715852394892384_a45-0_488_map.h5,6.88712,10,592,1081,78.284149:45.000000,1766,True,10,4,1766,0.956044,4.676,0,0.0126794,1746 1766 1765 -1
GCP,adapt_p70-52877936550931_a326-24999999999994_254_map.h5,5.24333,10,99,1489,19.471220:326.250000,1225,False,115,3,1746,0.25501,3.21644,0,0.0135104,1692 1746 -1
GCP,adapt_p48-18968510422141_a33-75_209_map.h5,8.82001,10,192,393,41.810314:33.750000,1471,True,20,5,1417,0.901365,7.23693,0,0.0128481,1470 1471 1417 1418 -1
GCP,adapt_p70-52877936550931_a11-25_517_map.h5,6.84187,10,529,1142,19.471220:11.250000,1169,False,17,4,1167,0.832057,5.36409,0,0.0129476,1294 1167 1168 -1
GCP,adapt_p48-18968510422141_a191-25_563_map.h5,8.87137,10,323,377,41.810314:191.250000,1494,False,13,5,1441,0.978664,7.51392,0,0.0124369,1442 1441 1440 1384 -1
GCP,adapt_p70-52877936550931_a258-75_424_map.h5,6.26747,10,103,779,19.471220:258.750000,1213,False,255,2,1097,0,0.0192904,0,0.0192904,1047 -1
GCP,adapt_p60-00000000000001_a202-49999999999997_498_map.h5,5.77169,10,260,1525,30.000000:202.500000,1328,False,26,4,1386,0.646348,4.85114,0,0.0131558,1265 1327 1386 -1
GCP,adapt_p23-556464309101234_a67-5_114_map.h5,7.85052,10,460,754,66.443535:67.500000,1693,True,16,5,1724,0.929395,7.1899,0,0.0122913,1693 1694 1723 1724 -1
GCP,adapt_p80-40593177313954_a247-49999999999997_143_map.h5,7.82725,10,312,715,9.594069:247.500000,1080,True,20,5,1080,0.904476,7.27358,0,0.0125674,1145 1146 1080 1081 -1
GCP,adapt_p70-52877936550931_a258-75_12_map.h5,7.86988,10,514,747,19.471220:258.750000,1213,True,13,5,1213,0.991064,7.26015,0,0.0129487,1149 1148 1213 1214 -1
GCP,adapt_p35-659087696138755_a75-0_514_map.h5,8.87151,10,356,403,54.340912:75.000000,1576,True,12,6,1576,0.999487,8.25008,0,0.0123076,1577 1577 1576 1620 1619 -1
GCP,adapt_p48-18968510422141_a78-75_538_map.h5,4.87533,10,27,406,41.810314:78.750000,1478,False,681,3,1474,0.045769,3.12354,0,0.0622617,1428 1426 -1
GCP,adapt_p35-659087696138755_a285-0_203_map.h5,7.78874,10,209,757,54.340912:285.000000,1601,True,24,5,1601,0.928447,7.34979,0,0.0130929,1643 1601 1600 1556 -1
GCP,adapt_p48-18968510422141_a258-75_132_map.h5,7.24614,10,83,387,41.810314:258.750000,1504,False,272,4,1452,0.363541,6.39107,0,0.0205488,1508 1452 1396 -1
GCP,adapt_p80-40593177313954_a157-5_515_map.h5,8.85908,10,364,395,9.594069:157.500000,1063,True,14,6,1063,0.998038,8.26098,0,0.0127608,1128 1128 1129 1063 1062 -1
GCP,adapt_p60-00000000000001_a0-0_174_map.h5,6.85981,10,381,1138,30.000000:0.000000,1294,False,15,4,1295,0.747349,4.89072,0,0.0130259,1232 1295 1231 -1
GCP,adapt_p48-18968510422141_a303-75_333_map.h5,7.82833,10,358,781,41.810314:303.750000,1510,True,17,5,1560,0.9329,7.21205,0,0.012509,1561 1560 1511 1510 -1
GCP,adapt_p60-00000000000001_a22-5_184_map.h5,6.87097,10,515,1136,30.000000:22.500000,1298,True,13,4,1357,0.935807,4.85872,0,0.012843,1297 1298 1357 -1
GCP,adapt_p80-40593177313954_a112-49999999999999_200_map.h5,8.86691,10,350,361,9.594069:112.500000,1055,True,14,6,1056,0.990611,8.36498,0,0.0129218,988 988 1055 1056 1057 -1
GCP,adapt_p35-659087696138755_a344-99999999999994_500_map.h5,8.88156,10,415,361,54.340912:345.000000,1609,True,10,6,1649,0.992329,8.22601,0,0.0122596,1609 1609 1608 1649 1648 -1
GCP,adapt_p80-40593177313954_a135-0_435_map.h5,7.77094,10,326,725,9.594069:135.000000,1059,True,27,5,1059,0.857972,7.26534,0,0.0128893,1126 1060 1059 1058 -1
GCP,adapt_p35-659087696138755_a344-99999999999994_369_map.h5,7.88485,10,504,746,54.340912:345.000000,1609,True,10,5,1608,0.999689,5.81139,0,0.012963,1649 1649 1608 1609 -1
GCP,adapt_p48-18968510422141_a236-25_47_map.h5,7.43763,10,207,790,41.810314:236.250000,1501,False,73,3,1562,0.249737,7.33073,0,0.0132092,1551 1562 -1
GCP,adapt_p35-659087696138755_a224-99999999999997_44_map.h5,6.44324,10,123,1132,54.340912:225.000000,1594,False,85,4,1550,0.589214,5.97578,0,0.0135846,1675 1550 1549 -1
GCP,adapt_p70-52877936550931_a191-25_463_map.h5,7.82143,10,351,767,19.471220:191.250000,1201,False,20,5,1137,0.848079,7.25984,0,0.0133927,1138 1137 1071 1070 -1
GCP,adapt_p60-00000000000001_a90-0_24_map.h5,6.75033,10,294,1112,30.000000:90.000000,1309,False,31,4,1368,0.607912,4.79239,0,0.0124842,1310 1369 1368 -1
GCP,adapt_p70-52877936550931_a78-75_599_map.h5,8.51843,10,172,368,19.471220:78.750000,1181,True,66,4,1180,0.414115,6.75676,0,0.0134005,1311 1181 1180 -1
GCP,adapt_p48-18968510422141_a33-75_369_map.h5,8.88346,10,528,358,41.810314:33.750000,1471,True,11,6,1471,0.990232,8.22144,0,0.0123423,1524 1524 1523 1471 1472 -1
GCP,adapt_p35-659087696138755_a165-0_394_map.h5,6.78003,10,134,1147,54.340912:165.000000,1587,False,26,4,1666,0.620317,4.92736,0,0.012796,1700 1666 1629 -1
GCP,adapt_p70-52877936550931_a33-75_7_map.h5,8.55823,10,106,394,19.471220:33.750000,1173,False,53,5,1172,0.664656,7.26232,0,0.0125979,1298 1235 1172 1171 -1
GCP,adapt_p11-715852394892384_a45-0_13_map.h5,6.87755,10,76,768,78.284149:45.000000,1766,False,173,4,1371,0.385786,5.50335,0,0.0161704,1315 1372 1371 -1
GCP,adapt_p23-556464309101234_a337-5_134_map.h5,6.71456,10,216,1088,66.443535:337.500000,1716,False,31,4,1763,0.583882,5.15921,0,0.0132599,1740 1763 1742 -1
GCP,adapt_p23-556464309101234_a67-5_142_map.h5,6.82227,10,227,1141,66.443535:67.500000,1693,True,19,4,1693,0.765762,4.81377,0,0.0125529,1694 1693 1657 -1
GCP,adapt_p48-18968510422141_a123-74999999999999_25_map.h5,8.34478,10,141,359,41.810314:123.750000,1484,False,90,5,1582,0.731855,7.77667,0,0.0130337,1533 1581 1582 1625 -1
GCP,adapt_p35-659087696138755_a195-0_370_map.h5,8.90227,10,841,372,54.340912:195.000000,1590,False,6,6,1633,0.999999,8.20357,0,0.0125527,1632 1632 1633 1670 1671 -1
GCP,adapt_p70-52877936550931_a101-24999999999999_428_map.h5,7.67372,10,198,736,19.471220:101.250000,1185,False,44,4,1249,0.489885,5.84563,0,0.013098,1309 1249 1186 -1
GCP,adapt_p60-00000000000001_a67-5_83_map.h5,8.87478,10,468,348,30.000000:67.500000,1305,False,11,6,1364,0.991371,8.54909,0,0.0130398,1422 1422 1363 1364 1365 -1
GCP,adapt_p35-659087696138755_a14-999999999999998_527_map.h5,8.89652,10,504,343,54.340912:15.000000,1568,True,10,6,1568,0.999967,8.39542,0,0.0122964,1612 1612 1567 1568 1613 -1
GCP,adapt_p60-00000000000001_a202-49999999999997_275_map.h5,7.46442,10,94,821,30.000000:202.500000,1328,False,76,4,1326,0.670021,5.50811,0,0.0134688,1267 1327 1326 -1
GCP,adapt_p70-52877936550931_a326-24999999999994_566_map.h5,5.7779,10,232,1496,19.471220:326.250000,1225,False,25,4,1162,0.868642,4.91198,0,0.0129166,1160 1161 1162 -1
GCP,adapt_p80-40593177313954_a135-0_191_map.h5,6.23635,10,242,1046,9.594069:135.000000,1059,False,112,4,1061,0.384351,5.4169,0,0.0142518,928 1062 1061 -1
GCP,adapt_p60-00000000000001_a202-49999999999997_228_map.h5,6.65285,10,184,1103,30.000000:202.500000,1328,False,46,4,1390,0.643915,5.44174,0,0.0129828,1444 1389 1390 -1
GCP,adapt_p48-18968510422141_a191-25_169_map.h5,5.80542,10,423,1401,41.810314:191.250000,1494,False,21,4,1441,0.763175,5.0935,0,0.0124004,1492 1440 1441 -1
GCP,adapt_p48-18968510422141_a258-75_20_map.h5,8.89018,10,706,345,41.810314:258.750000,1504,True,8,6,1451,0.999998,8.27396,0,0.0126242,1452 1452 1451 1503 1504 -1
GCP,adapt_p60-00000000000001_a315-0_442_map.h5,6.81949,10,462,1171,30.000000:315.000000,1346,True,22,4,1345,0.712111,4.9072,0,0.0123406,1347 1346 1345 -1
GCP,adapt_p80-40593177313954_a315-0_34_map.h5,6.82589,10,400,1125,9.594069:315.000000,1093,True,18,4,1159,0.796869,4.86897,0,0.0129158,1158 1159 1093 -1
GCP,adapt_p48-18968510422141_a146-25_484_map.h5,6.80912,10,311,1197,41.810314:146.250000,1488,True,22,4,1488,0.6357,4.96859,0,0.0126864,1489 1488 1434 -1
GCP,adapt_p80-40593177313954_a45-0_303_map.h5,5.54928,10,82,1081,9.594069:45.000000,1042,False,217,3,1428,0.272429,4.53413,0,0.0172772,1182 1428 -1
GCP,adapt_p48-18968510422141_a11-25_81_map.h5,8.88001,10,472,395,41.810314:11.250000,1468,False,12,6,1413,0.999832,8.30614,0,0.0128223,1354 1354 1355 1413 1412 -1
GCP,adapt_p60-00000000000001_a157-5_272_map.h5,6.86198,10,614,1047,30.000000:157.500000,1320,False,14,4,1379,0.713391,4.90769,0,0.0128439,1380 1321 1379 -1
GCP,adapt_p35-659087696138755_a45-0_120_map.h5,7.87374,10,339,770,54.340912:45.000000,1572,True,13,5,1617,0.908281,7.19645,0,0.0130799,1572 1573 1617 1616 -1
GCP,adapt_p35-659087696138755_a105-0_364_map.h5,6.87224,10,494,1122,54.340912:105.000000,1579,True,11,5,1580,0.996547,5.81289,0,0.0125976,1623 1623 1580 1579 -1
GCP,adapt_p70-52877936550931_a33-75_384_map.h5,5.92991,10,93,1171,19.471220:33.750000,1173,False,144,4,1106,0.471437,5.37242,0,0.0144531,1236 1106 1105 -1
GCP,adapt_p60-00000000000001_a180-0_299_map.h5,5.76655,10,363,1553,30.000000:180.000000,1324,True,27,4,1324,0.617177,5.1137,0,0.0132692,1323 1324 1263 -1
GCP,adapt_p48-18968510422141_a123-74999999999999_504_map.h5,7.88051,10,297,717,41.810314:123.750000,1484,True,13,5,1485,0.97439,7.28316,0,0.0123273,1431 1432 1485 1484 -1
GCP,adapt_p80-40593177313954_a247-49999999999997_178_map.h5,8.89198,10,725,361,9.594069:247.500000,1080,True,10,6,1081,0.999891,8.27567,0,0.0128327,1147 1147 1146 1080 1081 -1
GCP,adapt_p80-40593177313954_a157-5_446_map.h5,6.83838,10,383,1142,9.594069:157.500000,1063,True,18,4,1063,0.920129,4.91062,0,0.0124585,996 1064 1063 -1
GCP,adapt_p70-52877936550931_a101-24999999999999_214_map.h5,7.87775,10,415,771,19.471220:101.250000,1185,True,14,5,1184,0.956085,7.25852,0,0.0130628,1119 1118 1184 1185 -1
GCP,adapt_p60-00000000000001_a270-0_3_map.h5,7.77111,10,357,772,30.000000:270.000000,1339,True,26,5,1277,0.854762,7.38692,0,0.0127243,1215 1277 1338 1339 -1
GCP,adapt_p80-40593177313954_a337-49999999999994_384_map.h5,8.79421,10,306,345,9.594069:337.500000,1097,True,24,5,1095,0.881299,7.33383,0,0.0126132,1097 1096 1095 1161 -1
GCP,adapt_p60-00000000000001_a337-49999999999994_26_map.h5,8.83813,10,349,395,30.000000:337.500000,1350,True,17,6,1350,0.945555,8.30295,0,0.0126945,1409 1409 1408 1350 1351 -1
GCP,adapt_p11-715852394892384_a315-0_232_map.h5,8.55807,10,95,386,78.284149:315.000000,1778,False,67,5,1679,0.513336,8.32128,0,0.0137317,1741 1712 1679 1642 -1
GCP,adapt_p23-556464309101234_a247-49999999999997_571_map.h5,7.88563,10,739,763,66.443535:247.500000,1708,True,10,5,1708,0.992689,5.75515,0,0.0131796,1675 1675 1708 1709 -1
GCP,adapt_p80-40593177313954_a157-5_163_map.h5,4.67445,10,83,1085,9.594069:157.500000,1063,False,358,3,1420,0.196393,4.14258,0,0.0272427,1478 1420 -1
GCP,adapt_p11-715852394892384_a45-0_358_map.h5,8.90095,10,671,361,78.284149:45.000000,1766,True,7,6,1747,0.999948,8.04009,0,0.0128699,1767 1767 1766 1746 1747 -1
GCP,adapt_p35-659087696138755_a165-0_289_map.h5,6.84281,10,575,1139,54.340912:165.000000,1587,True,15,4,1587,0.94244,4.83565,0,0.0139997,1630 1587 1586 -1
GCP,adapt_p48-18968510422141_a213-75_339_map.h5,8.45987,10,139,337,41.810314:213.750000,1497,False,76,5,1448,0.471037,7.81596,0,0.0139272,1550 1447 1448 1449 -1
GCP,adapt_p60-00000000000001_a292-5_196_map.h5,8.79458,10,711,388,30.000000:292.500000,1343,True,10,6,1342,0.996992,8.61229,0,0.0132224,1400 1400 1341 1342 1343 -1
GCP,adapt_p48-18968510422141_a326-24999999999994_259_map.h5,5.86528,10,492,1476,41.810314:326.250000,1514,True,11,4,1462,0.96125,4.81354,0,0.0125271,1463 1462 1514 -1
GCP,adapt_p80-40593177313954_a90-0_86_map.h5,8.82537,10,239,377,9.594069:90.000000,1051,True,22,5,1051,0.875247,7.88796,0,0.0124681,1117 1051 1050 1052 -1
GCP,adapt_p60-00000000000001_a180-0_103_map.h5,7.88349,10,475,683,30.000000:180.000000,1324,True,11,5,1324,0.990219,5.80252,0,0.0123249,1262 1262 1324 1325 -1
GCP,adapt_p35-659087696138755_a344-99999999999994_29_map.h5,7.81499,10,218,740,54.340912:345.000000,1609,True,23,5,1608,0.964794,7.20321,0,0.0128484,1565 1609 1608 1649 -1
GCP,adapt_p80-40593177313954_a247-49999999999997_225_map.h5,6.72353,10,192,1137,9.594069:247.500000,1080,False,38,4,1146,0.661006,5.07409,0,0.0133056,1212 1146 1145 -1
GCP,adapt_p70-52877936550931_a258-75_32_map.h5,6.82294,10,420,1126,19.471220:258.750000,1213,True,19,5,1147,0.813342,5.808,0,0.0129135,1213 1213 1148 1147 -1
GCP,adapt_p23-556464309101234_a67-5_82_map.h5,8.88822,10,390,397,66.443535:67.500000,1693,True,11,6,1693,0.998086,8.19991,0,0.0125851,1722 1722 1692 1693 1657 -1
GCP,adapt_p35-659087696138755_a255-00000000000003_330_map.h5,8.84493,10,333,333,54.340912:255.000000,1598,True,16,5,1639,0.903364,7.19522,0,0.0129008,1676 1639 1597 1598 -1
GCP,adapt_p60-00000000000001_a90-0_346_map.h5,8.9047,10,710,376,30.000000:90.000000,1309,True,8,6,1309,0.999971,8.24245,0,0.0131254,1368 1368 1367 1308 1309 -1
GCP,adapt_p70-52877936550931_a281-24999999999994_337_map.h5,8.90029,10,778,416,19.471220:281.250000,1217,True,8,6,1217,0.999986,8.45594,0,0.0125352,1216 1216 1152 1217 1218 -1
GCP,adapt_p35-659087696138755_a224-99999999999997_424_map.h5,8.86143,10,438,384,54.340912:225.000000,1594,True,13,6,1636,0.998193,8.19431,0,0.012424,1593 1593 1594 1636 1635 -1
GCP,adapt_p60-00000000000001_a67-5_517_map.h5,4.50873,10,196,1795,30.000000:67.500000,1305,False,47,3,1364,0.350553,3.04469,0,0.0131408,1362 1364 -1
GCP,adapt_p60-00000000000001_a112-49999999999999_248_map.h5,7.87178,10,517,741,30.000000:112.500000,1313,True,13,5,1313,0.974256,7.24935,0,0.0130821,1312 1313 1372 1371 -1
GCP,adapt_p35-659087696138755_a195-0_222_map.h5,3.5847,10,99,1892,54.340912:195.000000,1590,False,192,2,1589,0,0.016946,0,0.016946,1267 -1
GCP,adapt_p35-659087696138755_a344-99999999999994_337_map.h5,7.84145,10,303,764,54.340912:345.000000,1609,True,18,5,1608,0.961662,7.22554,0,0.013376,1650 1649 1608 1609 -1
GCP,adapt_p60-00000000000001_a337-49999999999994_228_map.h5,6.87602,10,569,1150,30.000000:337.500000,1350,True,10,4,1350,0.970724,4.85221,0,0.0128109,1407 1408 1350 -1
GCP,adapt_p70-52877936550931_a236-25_557_map.h5,8.81184,10,239,362,19.471220:236.250000,1209,True,23,5,1272,0.890082,7.26194,0,0.0129553,1208 1209 1272 1273 -1
GCP,adapt_p70-52877936550931_a11-25_398_map.h5,3.72527,10,76,1564,19.471220:11.250000,1169,False,326,2,1084,0,0.0253909,0,0.0253909,1156 -1
GCP,adapt_p35-659087696138755_a255-00000000000003_445_map.h5,6.79921,10,425,1087,54.340912:255.000000,1598,False,12,5,1640,0.975902,5.8118,0,0.0126103,1676 1676 1639 1640 -1
GCP,adapt_p80-40593177313954_a112-49999999999999_412_map.h5,7.86669,10,529,770,9.594069:112.500000,1055,True,12,5,1054,0.981666,5.91219,0,0.013142,987 987 1055 1054 -1
GCP,adapt_p48-18968510422141_a281-24999999999994_16_map.h5,7.86298,10,550,750,41.810314:281.250000,1507,True,14,5,1455,0.994531,7.22518,0,0.0128415,1506 1507 1455 1454 -1
GCP,adapt_p80-40593177313954_a112-49999999999999_41_map.h5,4.63786,10,85,1086,9.594069:112.500000,1055,False,345,2,1320,0,0.0258231,0,0.0258231,845 -1
GCP,adapt_p35-659087696138755_a14-999999999999998_525_map.h5,8.87941,10,406,380,54.340912:15.000000,1568,True,9,6,1568,0.999022,8.25292,0,0.0133957,1613 1613 1612 1568 1569 -1
GCP,adapt_p35-659087696138755_a344-99999999999994_583_map.h5,6.87451,10,557,1146,54.340912:345.000000,1609,True,9,4,1609,0.873878,4.82459,0,0.0123172,1649 1650 1609 -1
GCP,adapt_p11-715852394892384_a45-0_368_map.h5,6.84076,10,314,1108,78.284149:45.000000,1766,True,18,4,1767,0.897365,4.69816,0,0.0130712,1747 1767 1766 -1
GCP,adapt_p60-00000000000001_a0-0_359_map.h5,6.8174,10,234,1083,30.000000:0.000000,1294,True,22,4,1294,0.58609,4.9076,0,0.0124162,1354 1294 1353 -1
GCP,adapt_p80-40593177313954_a157-5_429_map.h5,6.17927,10,176,1103,9.594069:157.500000,1063,False,114,3,1245,0.267168,5.35458,0,0.014309,1122 1245 -1
GCP,adapt_p80-40593177313954_a45-0_114_map.h5,5.7418,10,293,1502,9.594069:45.000000,1042,True,30,4,975,0.586975,5.3717,0,0.0130397,1044 975 1042 -1
GCP,adapt_p23-556464309101234_a292-5_598_map.h5,8.83558,10,465,401,66.443535:292.500000,1712,True,10,6,1712,0.996818,8.311,0,0.01325,1679 1679 1712 1713 1680 -1
GCP,adapt_p23-556464309101234_a247-49999999999997_76_map.h5,8.88301,10,472,340,66.443535:247.500000,1708,True,10,6,1708,0.994928,8.36698,0,0.012851,1675 1675 1709 1708 1735 -1
GCP,adapt_p60-00000000000001_a180-0_334_map.h5,7.88981,10,682,719,30.000000:180.000000,1324,True,10,5,1324,0.993555,5.89745,0,0.0130009,1382 1382 1323 1324 -1
GCP,adapt_p23-556464309101234_a292-5_386_map.h5,5.51821,10,159,1415,66.443535:292.500000,1712,False,72,4,1738,0.503616,5.40867,0,0.0136438,1680 1738 1737 -1
GCP,adapt_p48-18968510422141_a78-75_130_map.h5,6.84747,10,227,1098,41.810314:78.750000,1478,True,19,4,1478,0.83905,4.79259,0,0.0123495,1477 1478 1424 -1
GCP,adapt_p35-659087696138755_a14-999999999999998_111_map.h5,6.85536,10,462,1136,54.340912:15.000000,1568,True,15,4,1568,0.811332,4.91071,0,0.0124582,1612 1568 1613 -1
GCP,adapt_p60-00000000000001_a247-49999999999997_219_map.h5,6.8508,10,508,1155,30.000000:247.500000,1335,True,14,4,1336,0.857021,4.90787,0,0.0130138,1337 1336 1335 -1
GCP,adapt_p23-556464309101234_a22-5_36_map.h5,7.83591,10,426,740,66.443535:22.500000,1689,True,19,5,1689,0.79289,7.10671,0,0.0129113,1653 1689 1719 1720 -1
GCP,adapt_p80-40593177313954_a22-5_226_map.h5,6.87882,10,649,1113,9.594069:22.500000,1038,True,9,5,1038,0.980738,5.90576,0,0.0129832,970 970 1038 971 -1
GCP,adapt_p70-52877936550931_a56-24999999999999_466_map.h5,8.8639,10,352,379,19.471220:56.250000,1177,True,14,6,1177,0.996125,8.2959,0,0.0129175,1240 1240 1241 1178 1177 -1
GCP,adapt_p48-18968510422141_a11-25_356_map.h5,8.87791,10,349,358,41.810314:11.250000,1468,True,11,6,1468,0.99711,8.29711,0,0.0128925,1414 1414 1413 1467 1468 -1
GCP,adapt_p60-00000000000001_a315-0_13_map.h5,6.85343,10,312,1205,30.000000:315.000000,1346,True,15,5,1346,0.918802,5.80621,0,0.0123881,1285 1285 1346 1345 -1
GCP,adapt_p48-18968510422141_a348-74999999999994_66_map.h5,7.87885,10,91,352,41.810314:348.750000,1517,False,145,4,1411,0.328581,5.85291,0,0.0149053,1414 1411 1466 -1
GCP,adapt_p48-18968510422141_a78-75_20_map.h5,8.65398,10,64,417,41.810314:78.750000,1478,False,47,5,1479,0.715388,8.13952,0,0.0128553,1533 1426 1425 1479 -1
GCP,adapt_p70-52877936550931_a33-75_96_map.h5,7.87271,10,627,744,19.471220:33.750000,1173,True,12,5,1173,0.990928,5.87258,0,0.013114,1237 1237 1174 1173 -1
GCP,adapt_p60-00000000000001_a247-49999999999997_440_map.h5,4.87784,10,24,420,30.000000:247.500000,1335,False,677,2,1077,0,0.0628004,0,0.0628004,955 -1
GCP,adapt_p70-52877936550931_a258-75_177_map.h5,8.86213,10,558,387,19.471220:258.750000,1213,True,8,6,1147,0.999772,8.26128,0,0.0126595,1212 1212 1213 1148 1147 -1
GCP,adapt_p48-18968510422141_a168-74999999999997_419_map.h5,7.89666,10,755,774,41.810314:168.750000,1491,True,7,5,1437,0.999417,5.96345,0,0.0131456,1438 1438 1491 1437 -1
GCP,adapt_p70-52877936550931_a348-74999999999994_405_map.h5,7.88085,10,629,727,19.471220:348.750000,1229,True,10,5,1229,0.984712,5.90352,0,0.0129694,1292 1292 1229 1230 -1
GCP,adapt_p35-659087696138755_a165-0_130_map.h5,6.84399,10,370,1115,54.340912:165.000000,1587,False,17,4,1586,0.8345,4.80109,0,0.0128103,1628 1629 1586 -1
GCP,adapt_p60-00000000000001_a180-0_338_map.h5,7.87976,10,699,712,30.000000:180.000000,1324,True,11,5,1324,0.985691,5.8994,0,0.0130603,1382 1382 1383 1324 -1
GCP,adapt_p80-40593177313954_a292-5_86_map.h5,8.86698,10,457,319,9.594069:292.500000,1088,True,13,6,1088,0.999189,8.29792,0,0.0128503,1154 1154 1153 1087 1088 -1
GCP,adapt_p70-52877936550931_a78-75_89_map.h5,8.66198,10,210,358,19.471220:78.750000,1181,True,45,5,1181,0.698724,7.8413,0,0.0128446,1178 1243 1180 1181 -1
GCP,adapt_p48-18968510422141_a11-25_332_map.h5,8.88698,10,603,408,41.810314:11.250000,1468,True,7,6,1414,0.999672,8.4076,0,0.0128392,1468 1468 1413 1414 1469 -1
GCP,adapt_p48-18968510422141_a348-74999999999994_202_map.h5,6.86073,10,459,1125,41.810314:348.750000,1517,True,11,4,1465,0.95846,4.85727,0,0.0130874,1466 1465 1517 -1
GCP,adapt_p70-52877936550931_a236-25_426_map.h5,6.6348,10,232,1147,19.471220:236.250000,1209,True,47,4,1209,0.455536,5.3973,0,0.0130314,1077 1209 1272 -1
GCP,adapt_p70-52877936550931_a348-74999999999994_399_map.h5,6.66101,10,292,1100,19.471220:348.750000,1229,False,34,4,1228,0.569763,5.52186,0,0.0128263,1225 1227 1228 -1
GCP,adapt_p80-40593177313954_a157-5_43_map.h5,6.80005,10,300,1073,9.594069:157.500000,1063,True,23,4,996,0.698397,4.91117,0,0.0127916,1062 1063 996 -1
GCP,adapt_p11-715852394892384_a225-0_518_map.h5,7.8781,10,426,745,78.284149:225.000000,1774,True,12,5,1774,0.984575,7.11776,0,0.0127263,1788 1775 1774 1788 -1
GCP,adapt_p35-659087696138755_a75-0_160_map.h5,6.85707,10,530,1109,54.340912:75.000000,1576,True,12,5,1619,0.959451,5.9128,0,0.0127402,1620 1620 1576 1619 -1
GCP,adapt_p70-52877936550931_a33-75_152_map.h5,8.69792,10,163,350,19.471220:33.750000,1173,True,40,5,1236,0.627111,7.67396,0,0.0129032,1108 1173 1236 1237 -1
GCP,adapt_p48-18968510422141_a123-74999999999999_483_map.h5,7.8829,10,644,754,41.810314:123.750000,1484,True,9,5,1430,0.999398,5.8761,0,0.0129225,1484 1484 1431 1430 -1
GCP,adapt_p23-556464309101234_a112-5_461_map.h5,7.8931,10,585,781,66.443535:112.500000,1697,True,10,5,1697,0.999332,7.39968,0,0.0127108,1696 1697 1726 1696 -1
GCP,adapt_p70-52877936550931_a348-74999999999994_577_map.h5,7.8862,10,637,787,19.471220:348.750000,1229,True,12,5,1229,0.996753,5.89644,0,0.0126312,1165 1165 1230 1229 -1
GCP,adapt_p35-659087696138755_a45-0_3_map.h5,8.88637,10,582,329,54.340912:45.000000,1572,True,11,6,1572,0.999178,8.19744,0,0.0124931,1616 1616 1617 1573 1572 -1
GCP,adapt_p80-40593177313954_a0-0_190_map.h5,8.66949,10,142,368,9.594069:0.000000,1034,False,42,5,1166,0.739363,7.35163,0,0.0133314,1033 1100 1166 1165 -1
GCP,adapt_p60-00000000000001_a292-5_147_map.h5,6.36377,10,278,1134,30.000000:292.500000,1343,False,86,2,1281,0,0.0130688,0,0.0130688,1141 -1
GCP,adapt_p35-659087696138755_a135-0_493_map.h5,7.75225,10,188,801,54.340912:135.000000,1583,False,25,5,1626,0.879809,7.11462,0,0.0125825,1584 1627 1626 1664 -1
GCP,adapt_p48-18968510422141_a258-75_513_map.h5,6.86238,10,551,1203,41.810314:258.750000,1504,False,13,4,1452,0.866686,4.83164,0,0.0134474,1396 1452 1451 -1
GCP,adapt_p48-18968510422141_a78-75_158_map.h5,8.87537,10,330,361,41.810314:78.750000,1478,True,14,6,1477,0.943204,8.22245,0,0.012433,1424 1424 1423 1477 1478 -1
GCP,adapt_p70-52877936550931_a11-25_469_map.h5,6.86884,10,424,1096,19.471220:11.250000,1169,False,13,4,1232,0.940065,4.9078,0,0.013001,1168 1232 1233 -1
GCP,adapt_p80-40593177313954_a22-5_224_map.h5,7.83812,10,360,776,9.594069:22.500000,1038,True,16,5,1038,0.941089,7.36662,0,0.012695,971 1038 1037 1036 -1
GCP,adapt_p48-18968510422141_a191-25_544_map.h5,7.87903,10,619,752,41.810314:191.250000,1494,True,12,5,1494,0.983708,5.82628,0,0.012787,1545 1545 1495 1494 -1
GCP,adapt_p11-715852394892384_a135-0_420_map.h5,8.81618,10,278,337,78.284149:135.000000,1770,True,24,5,1769,0.820669,7.05277,0,0.0126491,1752 1751 1770 1769 -1
GCP,adapt_p80-40593177313954_a224-99999999999997_319_map.h5,5.8221,10,185,1071,9.594069:225.000000,1076,False,172,4,1153,0.443663,5.74134,0,0.0156476,1084 1152 1153 -1
GCP,adapt_p80-40593177313954_a224-99999999999997_557_map.h5,5.85404,10,533,1453,9.594069:225.000000,1076,True,15,5,1076,0.93641,5.81958,0,0.0127755,1143 1143 1077 1076 -1
GCP,adapt_p80-40593177313954_a22-5_357_map.h5,8.8795,10,595,353,9.594069:22.500000,1038,True,11,6,1038,0.997042,8.34549,0,0.0123145,1104 1104 1103 1037 1038 -1
GCP,adapt_p80-40593177313954_a224-99999999999997_457_map.h5,7.87067,10,543,744,9.594069:225.000000,1076,True,12,5,1076,0.976987,5.9122,0,0.0131514,1009 1009 1077 1076 -1
GCP,adapt_p60-00000000000001_a337-49999999999994_311_map.h5,7.82549,10,383,705,30.000000:337.500000,1350,True,20,5,1408,0.948503,7.29963,0,0.0123771,1351 1350 1408 1407 -1
GCP,adapt_p48-18968510422141_a303-75_561_map.h5,7.8818,10,485,736,41.810314:303.750000,1510,False,10,5,1459,0.993311,7.46497,0,0.0130193,1458 1459 1511 1458 -1
GCP,adapt_p70-52877936550931_a213-75_438_map.h5,4.64885,10,202,1849,19.471220:213.750000,1205,False,39,3,1269,0.528004,3.05056,0,0.0129866,1271 1269 -1
GCP,adapt_p48-18968510422141_a303-75_371_map.h5,8.89959,10,661,370,41.810314:303.750000,1510,True,6,6,1458,0.999999,8.21731,0,0.0122445,1459 1459 1458 1510 1511 -1
GCP,adapt_p48-18968510422141_a11-25_327_map.h5,8.83773,10,207,379,41.810314:11.250000,1468,True,20,5,1414,0.962453,7.35041,0,0.0130867,1415 1414 1413 1468 -1
GCP,adapt_p80-40593177313954_a22-5_218_map.h5,7.86037,10,349,750,9.594069:22.500000,1038,True,14,5,1104,0.965201,7.39411,0,0.0124404,1171 1104 1038 1105 -1
GCP,adapt_p48-18968510422141_a123-74999999999999_290_map.h5,6.86201,10,579,1146,41.810314:123.750000,1484,True,13,4,1432,0.976337,4.87512,0,0.0128176,1484 1431 1432 -1
GCP,adapt_p35-659087696138755_a224-99999999999997_510_map.h5,5.5305,10,119,1481,54.340912:225.000000,1594,True,65,3,1594,0.419491,3.15687,0,0.0133411,1638 1594 -1
GCP,adapt_p23-556464309101234_a157-5_469_map.h5,7.83496,10,212,732,66.443535:157.500000,1701,True,20,5,1700,0.844937,7.24057,0,0.0128902,1699 1728 1700 1701 -1
GCP,adapt_p70-52877936550931_a33-75_569_map.h5,6.87158,10,389,1159,19.471220:33.750000,1173,False,12,5,1236,0.964878,5.81535,0,0.0122444,1300 1300 1237 1236 -1
GCP,adapt_p70-52877936550931_a123-74999999999999_5_map.h5,8.87313,10,578,360,19.471220:123.750000,1189,True,13,6,1188,0.999306,8.26083,0,0.0126743,1251 1251 1252 1189 1188 -1
GCP,adapt_p60-00000000000001_a180-0_558_map.h5,7.61663,10,136,760,30.000000:180.000000,1324,True,52,4,1324,0.58295,5.38389,0,0.013175,1380 1323 1324 -1
GCP,adapt_p70-52877936550931_a258-75_296_map.h5,7.87575,10,454,758,19.471220:258.750000,1213,True,11,5,1213,0.985652,5.81177,0,0.0130724,1148 1148 1213 1214 -1
GCP,adapt_p35-659087696138755_a135-0_571_map.h5,6.73217,10,228,1116,54.340912:135.000000,1583,False,31,4,1585,0.759638,4.85958,0,0.0126507,1584 1585 1586 -1
GCP,adapt_p48-18968510422141_a123-74999999999999_507_map.h5,8.82372,10,273,388,41.810314:123.750000,1484,False,19,5,1535,0.824361,7.16313,0,0.013116,1581 1535 1534 1483 -1
GCP,adapt_p80-40593177313954_a337-49999999999994_194_map.h5,6.82779,10,412,1096,9.594069:337.500000,1097,True,19,4,1097,0.901607,4.9112,0,0.01304,1030 1098 1097 -1
GCP,adapt_p35-659087696138755_a75-0_48_map.h5,6.85965,10,473,1037,54.340912:75.000000,1576,False,12,5,1619,0.97668,5.80285,0,0.0131784,1575 1575 1619 1618 -1
GCP,adapt_p48-18968510422141_a78-75_3_map.h5,8.88465,10,424,410,41.810314:78.750000,1478,True,10,6,1478,0.996748,8.45031,0,0.0131482,1477 1477 1424 1478 1529 -1
GCP,adapt_p80-40593177313954_a315-0_367_map.h5,7.98233,10,67,404,9.594069:315.000000,1093,False,154,3,957,0.135981,5.03301,0,0.0154572,1226 957 -1
GCP,adapt_p60-00000000000001_a270-0_115_map.h5,6.78129,10,450,1132,30.000000:270.000000,1339,True,17,4,1277,0.816661,4.91594,0,0.0125255,1278 1339 1277 -1
GCP,adapt_p70-52877936550931_a236-25_309_map.h5,7.82109,10,312,787,19.471220:236.250000,1209,False,22,5,1145,0.818258,7.58409,0,0.0127183,1147 1080 1079 1145 -1
GCP,adapt_p23-556464309101234_a292-5_105_map.h5,8.42855,10,76,385,66.443535:292.500000,1712,False,90,5,1739,0.412123,8.30256,0,0.0132853,1743 1762 1739 1738 -1
GCP,adapt_p80-40593177313954_a247-49999999999997_515_map.h5,6.84518,10,387,1142,9.594069:247.500000,1080,False,17,5,1079,0.903927,5.82099,0,0.012649,1144 1144 1078 1079 -1
GCP,adapt_p70-52877936550931_a303-75_160_map.h5,8.83852,10,485,390,19.471220:303.750000,1221,False,15,5,1284,0.958337,7.52411,0,0.0123034,1283 1284 1285 1345 -1
GCP,adapt_p70-52877936550931_a236-25_584_map.h5,8.58185,10,134,352,19.471220:236.250000,1209,False,58,5,1211,0.557934,8.22483,0,0.0129878,1332 1273 1210 1211 -1
GCP,adapt_p11-715852394892384_a225-0_310_map.h5,4.32325,10,197,1869,78.284149:225.000000,1774,False,95,3,1732,0.222749,3.46051,0,0.0133628,1632 1732 -1
GCP,adapt_p70-52877936550931_a11-25_46_map.h5,7.86698,10,487,776,19.471220:11.250000,1169,False,14,5,1168,0.918819,5.90348,0,0.012806,1231 1231 1168 1167 -1
GCP,adapt_p80-40593177313954_a157-5_505_map.h5,6.82543,10,367,1048,9.594069:157.500000,1063,False,17,4,1064,0.882119,4.80829,0,0.0133972,1131 1065 1064 -1
GCP,adapt_p80-40593177313954_a224-99999999999997_412_map.h5,8.87897,10,508,383,9.594069:225.000000,1076,True,13,6,1077,0.99747,8.26699,0,0.0128493,1143 1143 1142 1076 1077 -1
GCP,adapt_p48-18968510422141_a101-24999999999999_166_map.h5,7.87581,10,438,809,41.810314:101.250000,1481,True,11,5,1481,0.989215,5.82653,0,0.0130368,1533 1533 1482 1481 -1
GCP,adapt_p23-556464309101234_a112-5_509_map.h5,8.82136,10,172,392,66.443535:112.500000,1697,False,22,5,1725,0.88135,7.34148,0,0.0135125,1750 1726 1725 1696 -1
GCP,adapt_p70-52877936550931_a33-75_144_map.h5,6.53705,10,237,1119,19.471220:33.750000,1173,False,53,4,971,0.443892,5.37287,0,0.0127643,1105 971 970 -1
GCP,adapt_p35-659087696138755_a45-0_143_map.h5,6.86001,10,429,1078,54.340912:45.000000,1572,True,14,4,1572,0.953761,4.77817,0,0.0128157,1571 1572 1616 -1
GCP,adapt_p70-52877936550931_a191-25_223_map.h5,7.85833,10,479,787,19.471220:191.250000,1201,True,14,5,1201,0.966792,7.55916,0,0.0124883,1200 1201 1202 1264 -1
GCP,adapt_p70-52877936550931_a281-24999999999994_297_map.h5,6.73718,10,229,1134,19.471220:281.250000,1217,True,32,4,1218,0.799085,5.4752,0,0.0126559,1278 1217 1218 -1
GCP,adapt_p60-00000000000001_a45-0_284_map.h5,8.90634,10,773,364,30.000000:45.000000,1301,True,6,6,1361,0.999999,8.26435,0,0.0124942,1301 1301 1302 1361 1360 -1
GCP,adapt_p60-00000000000001_a67-5_345_map.h5,7.60577,10,143,808,30.000000:67.500000,1305,False,51,4,1364,0.664472,6.15209,0,0.0130687,1239 1364 1365 -1
GCP,adapt_p80-40593177313954_a45-0_9_map.h5,6.71183,10,180,1122,9.594069:45.000000,1042,False,34,4,1044,0.71187,4.91116,0,0.0130065,975 1043 1044 -1
GCP,adapt_p60-00000000000001_a315-0_495_map.h5,8.74606,10,177,365,30.000000:315.000000,1346,True,30,5,1345,0.921246,7.25898,0,0.0127722,1402 1403 1345 1346 -1
GCP,adapt_p60-00000000000001_a224-99999999999997_441_map.h5,7.80206,10,265,725,30.000000:225.000000,1331,False,22,5,1268,0.810608,7.24383,0,0.0127703,1206 1269 1268 1267 -1
GCP,adapt_p70-52877936550931_a123-74999999999999_420_map.h5,8.87261,10,379,367,19.471220:123.750000,1189,True,14,6,1189,0.99067,8.39155,0,0.0122116,1124 1124 1189 1190 1253 -1
GCP,adapt_p23-556464309101234_a112-5_368_map.h5,7.83288,10,261,781,66.443535:112.500000,1697,True,22,5,1725,0.934003,7.13345,0,0.0129498,1697 1696 1725 1726 -1
GCP,adapt_p48-18968510422141_a101-24999999999999_564_map.h5,6.71291,10,145,1096,41.810314:101.250000,1481,False,39,4,1428,0.570305,4.86902,0,0.0129176,1483 1429 1428 -1
GCP,adapt_p60-00000000000001_a270-0_571_map.h5,6.77165,10,155,1166,30.000000:270.000000,1339,False,26,4,1338,0.722347,4.73633,0,0.0131761,1277 1338 1396 -1
GCP,adapt_p80-40593177313954_a90-0_256_map.h5,7.74892,10,339,799,9.594069:90.000000,1051,False,28,5,1121,0.74353,7.17076,0,0.0129181,1054 1120 1121 1187 -1
GCP,adapt_p60-00000000000001_a270-0_299_map.h5,7.79331,10,302,747,30.000000:270.000000,1339,True,27,5,1340,0.847422,7.26156,0,0.0125332,1280 1279 1340 1339 -1
GCP,adapt_p80-40593177313954_a224-99999999999997_293_map.h5,8.86774,10,503,337,9.594069:225.000000,1076,True,15,6,1075,0.998762,8.26081,0,0.0130978,1008 1008 1076 1075 1141 -1
GCP,adapt_p80-40593177313954_a67-5_227_map.h5,6.80688,10,202,1120,9.594069:67.500000,1047,False,24,4,1111,0.856035,4.82081,0,0.0129339,1177 1111 1112 -1
GCP,adapt_p23-556464309101234_a337-5_203_map.h5,7.88895,10,628,754,66.443535:337.500000,1716,True,7,5,1716,0.916121,5.92409,0,0.0128592,1717 1717 1685 1716 -1
GCP,adapt_p70-52877936550931_a258-75_242_map.h5,6.87638,10,560,1178,19.471220:258.750000,1213,True,13,4,1275,0.762984,4.93426,0,0.0124292,1212 1275 1213 -1
GCP,adapt_p35-659087696138755_a255-00000000000003_357_map.h5,6.77408,10,226,1178,54.340912:255.000000,1598,False,24,4,1596,0.538863,5.14733,0,0.0127498,1550 1596 1597 -1
GCP,adapt_p35-659087696138755_a344-99999999999994_352_map.h5,8.85642,10,412,392,54.340912:345.000000,1609,True,13,6,1649,0.998975,8.22557,0,0.0124034,1650 1650 1649 1608 1609 -1
GCP,adapt_p80-40593177313954_a247-49999999999997_219_map.h5,7.86184,10,417,741,9.594069:247.500000,1080,True,14,5,1080,0.938829,7.27207,0,0.0129656,1146 1145 1079 1080 -1
GCP,adapt_p60-00000000000001_a0-0_238_map.h5,8.85891,10,262,349,30.000000:0.000000,1294,False,15,6,1293,0.993926,8.34515,0,0.0129051,1230 1230 1293 1231 1167 -1
GCP,adapt_p11-715852394892384_a225-0_438_map.h5,8.80868,10,122,386,78.284149:225.000000,1774,True,26,5,1774,0.843338,7.13647,0,0.0131196,1758 1757 1756 1774 -1
GCP,adapt_p60-00000000000001_a90-0_562_map.h5,7.85065,10,396,771,30.000000:90.000000,1309,True,13,5,1367,0.989461,7.15153,0,0.0131858,1309 1368 1367 1425 -1
GCP,adapt_p60-00000000000001_a337-49999999999994_190_map.h5,7.79978,10,231,757,30.000000:337.500000,1350,True,23,5,1351,0.897392,7.42702,0,0.0130459,1352 1351 1350 1290 -1
GCP,adapt_p48-18968510422141_a146-25_496_map.h5,7.70714,10,250,779,41.810314:146.250000,1488,False,39,4,1489,0.577177,5.57731,0,0.0126945,1434 1539 1489 -1
GCP,adapt_p23-556464309101234_a337-5_439_map.h5,6.77827,10,295,1079,66.443535:337.500000,1716,True,22,4,1716,0.630226,4.94411,0,0.0125581,1686 1685 1716 -1
GCP,adapt_p70-52877936550931_a258-75_15_map.h5,7.72417,10,247,768,19.471220:258.750000,1213,False,34,4,1149,0.747232,5.48598,0,0.0126576,1085 1149 1148 -1
GCP,adapt_p35-659087696138755_a105-0_345_map.h5,8.81111,10,195,384,54.340912:105.000000,1579,True,22,5,1579,0.841489,7.35778,0,0.0127175,1581 1580 1579 1623 -1
GCP,adapt_p70-52877936550931_a303-75_570_map.h5,6.62957,10,182,1089,19.471220:303.750000,1221,False,47,4,1277,0.689006,5.35937,0,0.013274,1149 1277 1278 -1
GCP,adapt_p35-659087696138755_a165-0_195_map.h5,8.9003,10,691,368,54.340912:165.000000,1587,True,8,6,1587,0.999965,8.24969,0,0.0125102,1629 1629 1630 1587 1586 -1
GCP,adapt_p23-556464309101234_a337-5_548_map.h5,6.86684,10,545,1135,66.443535:337.500000,1716,True,12,5,1716,0.983088,5.76483,0,0.0129862,1742 1742 1716 1717 -1
GCP,adapt_p48-18968510422141_a281-24999999999994_479_map.h5,7.89444,10,655,796,41.810314:281.250000,1507,True,8,5,1455,0.998366,7.50664,0,0.0123768,1456 1455 1507 1456 -1
GCP,adapt_p11-715852394892384_a225-0_78_map.h5,6.8157,10,291,1103,78.284149:225.000000,1774,False,17,4,1757,0.904697,4.75283,0,0.0131272,1732 1756 1757 -1
GCP,adapt_p70-52877936550931_a56-24999999999999_574_map.h5,8.75244,10,225,352,19.471220:56.250000,1177,True,18,5,1176,0.977,7.41694,0,0.0124418,1177 1176 1175 1239 -1
GCP,adapt_p11-715852394892384_a45-0_95_map.h5,6.82728,10,162,1113,78.284149:45.000000,1766,False,23,4,1768,0.895098,4.71389,0,0.0125378,1749 1768 1767 -1
GCP,adapt_p60-00000000000001_a112-49999999999999_474_map.h5,8.89833,10,566,359,30.000000:112.500000,1313,True,10,6,1313,0.999879,8.25075,0,0.0124964,1314 1314 1313 1372 1373 -1
GCP,adapt_p48-18968510422141_a146-25_403_map.h5,6.886,10,500,1081,41.810314:146.250000,1488,False,9,5,1435,0.956383,5.82832,0,0.0128041,1377 1377 1434 1435 -1
GCP,adapt_p23-556464309101234_a337-5_311_map.h5,6.62613,10,175,1113,66.443535:337.500000,1716,False,46,4,1742,0.490631,4.77958,0,0.0127118,1740 1741 1742 -1
GCP,adapt_p60-00000000000001_a0-0_519_map.h5,7.83084,10,229,776,30.000000:0.000000,1294,False,21,5,1353,0.871035,7.30923,0,0.0129939,1411 1353 1292 1293 -1
GCP,adapt_p48-18968510422141_a213-75_93_map.h5,5.01471,10,185,1465,41.810314:213.750000,1497,False,146,3,1495,0.336815,4.93396,0,0.0150644,1448 1495 -1
GCP,adapt_p48-18968510422141_a101-24999999999999_297_map.h5,7.87338,10,495,693,41.810314:101.250000,1481,True,12,5,1481,0.970923,5.8482,0,0.012455,1532 1532 1481 1480 -1
GCP,adapt_p48-18968510422141_a303-75_216_map.h5,8.87233,10,377,384,41.810314:303.750000,1510,False,12,6,1459,0.998673,8.48587,0,0.0125045,1511 1511 1460 1459 1458 -1
GCP,adapt_p60-00000000000001_a337-49999999999994_533_map.h5,5.84564,10,442,1460,30.000000:337.500000,1350,False,15,4,1351,0.79752,4.84397,0,0.0131985,1291 1290 1351 -1
GCP,adapt_p70-52877936550931_a348-74999999999994_520_map.h5,6.84619,10,432,1096,19.471220:348.750000,1229,True,15,5,1229,0.909208,5.8997,0,0.0126266,1164 1164 1229 1165 -1
GCP,adapt_p11-715852394892384_a315-0_70_map.h5,7.83252,10,341,809,78.284149:315.000000,1778,True,16,5,1779,0.962032,7.29373,0,0.0123583,1780 1779 1778 1763 -1
GCP,adapt_p35-659087696138755_a315-0_247_map.h5,5.10622,10,131,1418,54.340912:315.000000,1605,False,126,3,1603,0.204661,3.92089,0,0.0145845,1715 1603 -1
GCP,adapt_p48-18968510422141_a56-24999999999999_582_map.h5,8.89389,10,646,344,41.810314:56.250000,1475,True,10,6,1475,0.990946,8.21907,0,0.0129491,1421 1421 1420 1474 1475 -1
GCP,adapt_p35-659087696138755_a195-0_186_map.h5,8.89516,10,795,367,54.340912:195.000000,1590,True,6,6,1591,0.999999,8.31147,0,0.012648,1590 1590 1633 1591 1592 -1
GCP,adapt_p35-659087696138755_a255-00000000000003_182_map.h5,8.8753,10,481,364,54.340912:255.000000,1598,True,12,6,1597,0.999643,8.25075,0,0.0125215,1639 1639 1640 1598 1597 -1
GCP,adapt_p35-659087696138755_a45-0_44_map.h5,8.8934,10,571,388,54.340912:45.000000,1572,True,11,6,1616,0.999675,8.36639,0,0.0133984,1615 1615 1572 1616 1655 -1
GCP,adapt_p60-00000000000001_a45-0_401_map.h5,8.89208,10,615,332,30.000000:45.000000,1301,True,10,6,1239,0.999109,8.25034,0,0.0127343,1238 1238 1239 1302 1301 -1
GCP,adapt_p60-00000000000001_a337-49999999999994_301_map.h5,7.87713,10,538,767,30.000000:337.500000,1350,True,11,5,1351,0.983383,5.86408,0,0.0126937,1408 1408 1350 1351 -1
GCP,adapt_p35-659087696138755_a195-0_425_map.h5,6.88328,10,501,1113,54.340912:195.000000,1590,True,10,4,1632,0.777207,4.82717,0,0.0125458,1633 1632 1590 -1
GCP,adapt_p80-40593177313954_a202-49999999999997_220_map.h5,6.30018,10,111,1173,9.594069:202.500000,1072,False,95,4,1332,0.641765,5.39096,0,0.0133874,1206 1331 1332 -1
GCP,adapt_p48-18968510422141_a348-74999999999994_430_map.h5,7.84435,10,285,704,41.810314:348.750000,1517,True,17,5,1517,0.935715,7.26068,0,0.0124846,1566 1517 1465 1466 -1
GCP,adapt_p70-52877936550931_a258-75_413_map.h5,8.88009,10,432,381,19.471220:258.750000,1213,True,11,6,1213,0.99754,8.26157,0,0.0127055,1214 1214 1213 1148 1149 -1
GCP,adapt_p48-18968510422141_a123-74999999999999_256_map.h5,8.89602,10,515,375,41.810314:123.750000,1484,True,7,6,1431,0.998539,8.30268,0,0.0127958,1485 1485 1484 1431 1432 -1
GCP,adapt_p70-52877936550931_a78-75_52_map.h5,8.82985,10,451,363,19.471220:78.750000,1181,True,15,6,1181,0.987485,8.28422,0,0.0129752,1180 1180 1181 1244 1245 -1
GCP,adapt_p48-18968510422141_a258-75_178_map.h5,7.873,10,395,767,41.810314:258.750000,1504,True,11,5,1504,0.964569,5.91208,0,0.0128295,1554 1554 1504 1553 -1
GCP,adapt_p60-00000000000001_a247-49999999999997_529_map.h5,7.73291,10,166,759,30.000000:247.500000,1335,False,32,5,1272,0.897619,7.24772,0,0.0129053,1208 1271 1272 1273 -1
GCP,adapt_p23-556464309101234_a22-5_554_map.h5,8.87912,10,647,352,66.443535:22.500000,1689,True,9,6,1689,0.999221,8.1599,0,0.0126797,1690 1690 1689 1653 1652 -1
GCP,adapt_p80-40593177313954_a202-49999999999997_174_map.h5,7.86494,10,463,771,9.594069:202.500000,1072,True,13,5,1071,0.963317,7.25857,0,0.012871,1138 1137 1071 1072 -1
GCP,adapt_p70-52877936550931_a11-25_376_map.h5,6.86087,10,602,1110,19.471220:11.250000,1169,True,13,4,1103,0.851339,4.88822,0,0.012976,1170 1169 1103 -1
GCP,adapt_p70-52877936550931_a78-75_108_map.h5,6.85504,10,434,1152,19.471220:78.750000,1181,True,14,4,1181,0.909378,4.80999,0,0.0127772,1180 1181 1115 -1
GCP,adapt_p23-556464309101234_a157-5_101_map.h5,8.88841,10,628,317,66.443535:157.500000,1701,True,11,6,1701,0.992986,8.16895,0,0.0124012,1666 1666 1667 1701 1700 -1
GCP,adapt_p23-556464309101234_a67-5_431_map.h5,6.85138,10,411,1246,66.443535:67.500000,1693,True,16,4,1658,0.848768,4.84333,0,0.0124241,1657 1658 1693 -1
GCP,adapt_p70-52877936550931_a236-25_97_map.h5,6.73983,10,188,1097,19.471220:236.250000,1209,True,34,4,1209,0.535337,5.535,0,0.0130488,1270 1209 1210 -1
GCP,adapt_p48-18968510422141_a281-24999999999994_573_map.h5,5.56768,10,115,1170,41.810314:281.250000,1507,False,209,3,1328,0.0985358,3.39813,0,0.017569,1506 1508 -1
GCP,adapt_p70-52877936550931_a236-25_127_map.h5,6.8322,10,506,1079,19.471220:236.250000,1209,True,16,5,1209,0.803606,5.82558,0,0.0126306,1144 1144 1209 1210 -1
GCP,adapt_p48-18968510422141_a101-24999999999999_72_map.h5,8.72741,10,123,375,41.810314:101.250000,1481,False,33,5,1428,0.748301,7.23225,0,0.0124108,1369 1427 1428 1482 -1
GCP,adapt_p80-40593177313954_a315-0_12_map.h5,7.82548,10,207,767,9.594069:315.000000,1093,True,21,5,1159,0.951898,7.40276,0,0.0123315,1160 1159 1158 1093 -1
GCP,adapt_p70-52877936550931_a258-75_580_map.h5,8.88698,10,498,398,19.471220:258.750000,1213,True,11,6,1213,0.997856,8.27093,0,0.0128788,1276 1276 1275 1212 1213 -1
GCP,adapt_p48-18968510422141_a123-74999999999999_93_map.h5,8.7598,10,159,353,41.810314:123.750000,1484,True,31,5,1483,0.820358,7.32518,0,0.0129878,1373 1430 1484 1483 -1
GCP,adapt_p70-52877936550931_a213-75_490_map.h5,7.88202,10,761,688,19.471220:213.750000,1205,True,10,5,1205,0.932951,7.41898,0,0.0128001,1267 1268 1205 1267 -1
GCP,adapt_p23-556464309101234_a112-5_535_map.h5,6.87581,10,467,1169,66.443535:112.500000,1697,True,11,5,1697,0.979428,5.75608,0,0.0130077,1726 1726 1697 1696 -1
GCP,adapt_p80-40593177313954_a22-5_205_map.h5,6.71617,10,339,1192,9.594069:22.500000,1038,False,33,4,1040,0.559496,5.52631,0,0.0126482,975 973 1040 -1
GCP,adapt_p60-00000000000001_a67-5_429_map.h5,7.86393,10,466,776,30.000000:67.500000,1305,True,14,5,1305,0.904742,7.24761,0,0.0128802,1306 1305 1364 1365 -1
GCP,adapt_p11-715852394892384_a45-0_261_map.h5,6.85911,10,330,1078,78.284149:45.000000,1766,True,13,4,1746,0.855929,4.67605,0,0.0126929,1767 1766 1746 -1
GCP,adapt_p35-659087696138755_a45-0_34_map.h5,5.63061,10,198,1553,54.340912:45.000000,1572,True,44,4,1572,0.786388,5.10458,0,0.0131963,1615 1572 1573 -1
GCP,adapt_p48-18968510422141_a101-24999999999999_172_map.h5,7.88599,10,618,726,41.810314:101.250000,1481,True,10,5,1427,0.997206,7.32661,0,0.0128011,1428 1427 1481 1428 -1
GCP,adapt_p23-556464309101234_a157-5_481_map.h5,8.89362,10,622,411,66.443535:157.500000,1701,True,9,6,1701,0.999961,8.15996,0,0.0132053,1700 1700 1701 1729 1728 -1
GCP,adapt_p48-18968510422141_a146-25_473_map.h5,7.89069,10,658,757,41.810314:146.250000,1488,True,7,5,1434,0.991148,5.91121,0,0.0131307,1435 1435 1488 1434 -1
GCP,adapt_p70-52877936550931_a213-75_213_map.h5,6.83983,10,505,1117,19.471220:213.750000,1205,True,16,4,1205,0.948914,4.81314,0,0.0130108,1268 1205 1204 -1
GCP,adapt_p60-00000000000001_a224-99999999999997_101_map.h5,6.82151,10,448,1059,30.000000:225.000000,1331,True,18,4,1330,0.8576,4.83993,0,0.0122984,1331 1330 1388 -1
GCP,adapt_p48-18968510422141_a11-25_290_map.h5,6.89196,10,505,1137,41.810314:11.250000,1468,False,9,5,1469,0.993781,5.89364,0,0.0128651,1415 1415 1469 1414 -1
GCP,adapt_p80-40593177313954_a247-49999999999997_254_map.h5,7.85253,10,419,701,9.594069:247.500000,1080,False,15,5,1146,0.950525,7.27337,0,0.0122839,1081 1147 1146 1145 -1
GCP,adapt_p48-18968510422141_a213-75_167_map.h5,5.81933,10,399,1532,41.810314:213.750000,1497,True,18,4,1498,0.909443,4.82257,0,0.012495,1445 1498 1497 -1
GCP,adapt_p35-659087696138755_a224-99999999999997_249_map.h5,6.84107,10,313,1083,54.340912:225.000000,1594,True,16,4,1636,0.895471,4.76895,0,0.0127574,1594 1636 1635 -1
GCP,adapt_p35-659087696138755_a14-999999999999998_578_map.h5,8.84117,10,164,364,54.340912:15.000000,1568,False,17,5,1614,0.909525,7.20825,0,0.0126647,1569 1570 1614 1613 -1
GCP,adapt_p48-18968510422141_a326-24999999999994_316_map.h5,6.83687,10,314,1091,41.810314:326.250000,1514,False,16,4,1462,0.735902,4.88133,0,0.0129472,1463 1462 1461 -1
GCP,adapt_p70-52877936550931_a326-24999999999994_444_map.h5,7.75676,10,230,737,19.471220:326.250000,1225,True,30,5,1225,0.782026,7.26036,0,0.0131052,1094 1160 1225 1226 -1
GCP,adapt_p35-659087696138755_a315-0_597_map.h5,7.87117,10,399,763,54.340912:315.000000,1605,False,12,5,1645,0.946536,7.39385,0,0.0126143,1646 1645 1604 1646 -1
GCP,adapt_p60-00000000000001_a270-0_308_map.h5,7.7592,10,135,747,30.000000:270.000000,1339,True,28,5,1338,0.908244,7.25002,0,0.0126151,1397 1339 1338 1337 -1
GCP,adapt_p60-00000000000001_a292-5_594_map.h5,5.55562,10,74,1470,30.000000:292.500000,1343,False,60,4,1217,0.676631,5.47576,0,0.0132215,1278 1217 1218 -1
GCP,adapt_p80-40593177313954_a0-0_125_map.h5,7.52148,10,109,768,9.594069:0.000000,1034,False,65,4,1035,0.632375,5.52003,0,0.013342,1038 1036 1035 -1
GCP,adapt_p48-18968510422141_a326-24999999999994_486_map.h5,6.86937,10,312,1073,41.810314:326.250000,1514,True,13,5,1513,0.944047,5.7969,0,0.0124392,1461 1461 1513 1514 -1
GCP,adapt_p23-556464309101234_a337-5_246_map.h5,7.62291,10,213,794,66.443535:337.500000,1716,False,50,5,1649,0.562269,7.29075,0,0.0129116,1565 1609 1649 1685 -1
GCP,adapt_p23-556464309101234_a112-5_400_map.h5,8.88782,10,702,366,66.443535:112.500000,1697,True,11,6,1697,0.99935,8.14049,0,0.0129927,1696 1696 1697 1726 1725 -1
GCP,adapt_p11-715852394892384_a315-0_170_map.h5,5.71375,10,187,1490,78.284149:315.000000,1778,False,40,4,1739,0.693967,5.16394,0,0.0130929,1741 1762 1739 -1
GCP,adapt_p60-00000000000001_a67-5_140_map.h5,5.85711,10,397,1530,30.000000:67.500000,1305,True,15,4,1305,0.81862,4.80942,0,0.0127235,1306 1305 1364 -1
GCP,adapt_p35-659087696138755_a255-00000000000003_218_map.h5,8.90288,10,737,366,54.340912:255.000000,1598,True,7,6,1598,0.999997,8.25895,0,0.0129294,1597 1597 1598 1553 1552 -1
GCP,adapt_p23-556464309101234_a157-5_269_map.h5,8.89929,10,876,400,66.443535:157.500000,1701,True,9,6,1700,0.99999,8.18436,0,0.0125385,1729 1729 1701 1700 1728 -1
GCP,adapt_p11-715852394892384_a135-0_434_map.h5,7.88818,10,549,761,78.284149:135.000000,1770,False,11,5,1771,0.992569,5.78843,0,0.0126594,1753 1753 1752 1771 -1
GCP,adapt_p48-18968510422141_a168-74999999999997_532_map.h5,6.8756,10,640,1115,41.810314:168.750000,1491,True,10,5,1491,0.980593,5.76139,0,0.0122171,1438 1438 1491 1542 -1
GCP,adapt_p48-18968510422141_a101-24999999999999_459_map.h5,7.82442,10,252,722,41.810314:101.250000,1481,True,20,5,1427,0.933293,7.28488,0,0.0124129,1532 1480 1481 1427 -1
GCP,adapt_p60-00000000000001_a337-49999999999994_254_map.h5,8.88731,10,530,372,30.000000:337.500000,1350,True,10,6,1407,0.998677,8.30133,0,0.0125031,1349 1349 1350 1408 1407 -1
GCP,adapt_p60-00000000000001_a247-49999999999997_37_map.h5,8.86597,10,405,350,30.000000:247.500000,1335,True,14,6,1335,0.926752,8.24954,0,0.0128655,1392 1392 1393 1335 1334 -1
GCP,adapt_p60-00000000000001_a67-5_313_map.h5,7.58292,10,116,792,30.000000:67.500000,1305,True,59,4,1365,0.465905,5.5283,0,0.0129037,1179 1305 1365 -1
GCP,adapt_p80-40593177313954_a90-0_494_map.h5,7.44385,10,215,771,9.594069:90.000000,1051,True,76,3,1051,0.299363,5.53907,0,0.0129689,1373 1051 -1
GCP,adapt_p60-00000000000001_a270-0_492_map.h5,7.76764,10,240,763,30.000000:270.000000,1339,True,30,5,1278,0.725472,7.35777,0,0.013194,1277 1339 1278 1279 -1
GCP,adapt_p23-556464309101234_a292-5_420_map.h5,6.77511,10,215,1078,66.443535:292.500000,1712,True,23,4,1680,0.653244,4.95522,0,0.0127356,1643 1680 1712 -1
GCP,adapt_p35-659087696138755_a315-0_349_map.h5,7.88395,10,592,737,54.340912:315.000000,1605,True,8,5,1605,0.920551,7.40306,0,0.0128689,1606 1605 1646 1606 -1
GCP,adapt_p35-659087696138755_a135-0_598_map.h5,8.89363,10,712,399,54.340912:135.000000,1583,True,7,6,1584,0.999999,8.21087,0,0.0121846,1583 1583 1584 1538 1537 -1
GCP,adapt_p23-556464309101234_a292-5_191_map.h5,8.79072,10,174,386,66.443535:292.500000,1712,True,25,5,1712,0.868783,7.22341,0,0.013136,1678 1679 1680 1712 -1
GCP,adapt_p48-18968510422141_a123-74999999999999_18_map.h5,7.63372,10,111,775,41.810314:123.750000,1484,False,41,4,1430,0.695839,5.47493,0,0.0131143,1433 1431 1430 -1
GCP,adapt_p11-715852394892384_a225-0_209_map.h5,7.88914,10,699,728,78.284149:225.000000,1774,True,9,5,1774,0.980372,5.7558,0,0.0126817,1775 1775 1774 1788 -1
GCP,adapt_p48-18968510422141_a78-75_43_map.h5,8.87195,10,365,338,41.810314:78.750000,1478,True,13,6,1423,0.993578,8.22276,0,0.0128284,1478 1478 1477 1423 1424 -1
GCP,adapt_p48-18968510422141_a303-75_233_map.h5,7.87983,10,788,752,41.810314:303.750000,1510,False,8,5,1459,0.978328,7.46494,0,0.012987,1458 1459 1511 1458 -1
GCP,adapt_p80-40593177313954_a67-5_349_map.h5,5.85261,10,537,1386,9.594069:67.500000,1047,True,15,4,1047,0.923007,4.91686,0,0.012219,1048 1047 1046 -1
GCP,adapt_p48-18968510422141_a258-75_387_map.h5,4.91751,10,105,1472,41.810314:258.750000,1504,False,153,2,1502,0,0.0149737,0,0.0149737,1226 -1
GCP,adapt_p80-40593177313954_a112-49999999999999_211_map.h5,6.83111,10,417,1089,9.594069:112.500000,1055,False,17,4,1053,0.759711,4.91087,0,0.012724,1054 1053 985 -1
GCP,adapt_p70-52877936550931_a191-25_37_map.h5,6.0616,10,113,1130,19.471220:191.250000,1201,False,136,4,1129,0.192505,5.51496,0,0.0151478,1127 1129 1130 -1
GCP,adapt_p80-40593177313954_a315-0_273_map.h5,6.86149,10,609,1123,9.594069:315.000000,1093,True,14,4,1093,0.906318,4.87117,0,0.0123276,1094 1093 1159 -1
GCP,adapt_p11-715852394892384_a225-0_130_map.h5,6.75557,10,287,1163,78.284149:225.000000,1774,False,33,4,1757,0.590483,5.50556,0,0.0122488,1789 1757 1756 -1
GCP,adapt_p48-18968510422141_a236-25_76_map.h5,8.87549,10,473,402,41.810314:236.250000,1501,False,12,6,1448,0.997839,8.77502,0,0.012249,1500 1500 1449 1448 1447 -1
GCP,adapt_p60-00000000000001_a224-99999999999997_102_map.h5,8.88399,10,505,359,30.000000:225.000000,1331,True,10,6,1331,0.998774,8.2925,0,0.0128299,1270 1270 1269 1331 1332 -1
GCP,adapt_p60-00000000000001_a90-0_599_map.h5,2.96701,10,82,1076,30.000000:90.000000,1309,False,618,2,1629,0,0.0536479,0,0.0536479,1444 -1
GCP,adapt_p80-40593177313954_a157-5_309_map.h5,6.76087,10,481,1101,9.594069:157.500000,1063,True,18,4,1063,0.946824,4.80915,0,0.0129578,1129 1063 1064 -1
GCP,adapt_p60-00000000000001_a157-5_595_map.h5,7.85144,10,459,728,30.000000:157.500000,1320,True,14,5,1379,0.983285,7.29964,0,0.0123879,1321 1320 1379 1378 -1
GCP,adapt_p23-556464309101234_a292-5_361_map.h5,7.87848,10,490,772,66.443535:292.500000,1712,True,11,5,1712,0.963722,5.85509,0,0.0133338,1713 1713 1739 1712 -1
GCP,adapt_p35-659087696138755_a135-0_345_map.h5,8.89018,10,530,393,54.340912:135.000000,1583,True,9,6,1584,0.999981,8.20716,0,0.0126293,1538 1538 1537 1583 1584 -1
GCP,adapt_p35-659087696138755_a165-0_71_map.h5,7.68463,10,171,773,54.340912:165.000000,1587,False,42,5,1586,0.87774,7.31258,0,0.0132148,1667 1629 1586 1628 -1
GCP,adapt_p35-659087696138755_a344-99999999999994_402_map.h5,8.90053,10,763,338,54.340912:345.000000,1609,True,7,6,1609,0.999998,8.25004,0,0.0122686,1608 1608 1609 1650 1649 -1
GCP,adapt_p48-18968510422141_a101-24999999999999_247_map.h5,8.90256,10,659,400,41.810314:101.250000,1481,True,6,6,1428,0.999999,8.27902,0,0.0122509,1427 1427 1428 1482 1481 -1
GCP,adapt_p48-18968510422141_a168-74999999999997_344_map.h5,8.53753,10,128,344,41.810314:168.750000,1491,False,62,5,1543,0.755416,7.74447,0,0.013294,1630 1589 1544 1543 -1
GCP,adapt_p11-715852394892384_a225-0_506_map.h5,6.87934,10,577,1094,78.284149:225.000000,1774,True,11,5,1774,0.995483,5.78192,0,0.0124798,1756 1756 1757 1774 -1
GCP,adapt_p60-00000000000001_a337-49999999999994_287_map.h5,8.86794,10,318,360,30.000000:337.500000,1350,True,13,6,1408,0.99788,8.30165,0,0.0128344,1351 1351 1350 1408 1407 -1
GCP,adapt_p11-715852394892384_a45-0_457_map.h5,7.8608,10,427,719,78.284149:45.000000,1766,True,13,5,1766,0.986342,7.0405,0,0.0130267,1747 1767 1766 1746 -1
GCP,adapt_p11-715852394892384_a225-0_430_map.h5,7.86594,10,513,752,78.284149:225.000000,1774,False,12,5,1758,0.929671,5.72858,0,0.0128788,1775 1775 1758 1757 -1
GCP,adapt_p80-40593177313954_a22-5_472_map.h5,6.73845,10,155,1128,9.594069:22.500000,1038,False,30,4,1110,0.693295,5.45803,0,0.0133743,1108 1110 1044 -1
GCP,adapt_p80-40593177313954_a90-0_577_map.h5,6.83314,10,354,1215,9.594069:90.000000,1051,False,16,4,1052,0.765671,4.83008,0,0.0126776,1053 1052 1118 -1
GCP,adapt_p48-18968510422141_a236-25_468_map.h5,8.88173,10,328,408,41.810314:236.250000,1501,False,9,6,1448,0.992421,8.31957,0,0.0130501,1449 1449 1448 1500 1447 -1
GCP,adapt_p60-00000000000001_a247-49999999999997_549_map.h5,7.86159,10,293,673,30.000000:247.500000,1335,True,15,5,1274,0.925432,7.30963,0,0.0122632,1335 1336 1275 1274 -1
GCP,adapt_p35-659087696138755_a105-0_139_map.h5,7.88225,10,482,734,54.340912:105.000000,1579,True,10,5,1579,0.999434,5.83733,0,0.012557,1622 1622 1579 1578 -1
GCP,adapt_p60-00000000000001_a202-49999999999997_581_map.h5,6.71765,10,221,1041,30.000000:202.500000,1328,False,36,4,1330,0.505038,5.37512,0,0.0131841,1204 1329 1330 -1
GCP,adapt_p35-659087696138755_a255-00000000000003_63_map.h5,5.821,10,331,1582,54.340912:255.000000,1598,False,18,4,1639,0.68366,4.80112,0,0.0128412,1638 1639 1597 -1
GCP,adapt_p23-556464309101234_a292-5_432_map.h5,6.83027,10,400,1123,66.443535:292.500000,1712,True,18,4,1712,0.854526,4.88601,0,0.0125608,1680 1712 1739 -1
GCP,adapt_p48-18968510422141_a11-25_398_map.h5,8.8909,10,563,369,41.810314:11.250000,1468,True,10,6,1413,0.999001,8.2791,0,0.0129279,1467 1467 1468 1414 1413 -1
GCP,adapt_p35-659087696138755_a195-0_374_map.h5,8.82707,10,212,369,54.340912:195.000000,1590,False,20,5,1592,0.921318,7.31143,0,0.0127459,1633 1591 1546 1592 -1
GCP,adapt_p70-52877936550931_a168-74999999999997_337_map.h5,7.88539,10,474,771,19.471220:168.750000,1197,True,10,5,1197,0.970328,5.90946,0,0.0124451,1198 1198 1132 1197 -1
GCP,adapt_p60-00000000000001_a247-49999999999997_349_map.h5,8.88408,10,694,368,30.000000:247.500000,1335,True,9,6,1335,0.999977,8.24558,0,0.012742,1393 1393 1394 1336 1335 -1
GCP,adapt_p80-40593177313954_a224-99999999999997_374_map.h5,4.63644,10,59,1191,9.594069:225.000000,1076,False,344,3,1016,0.0962628,3.91267,0,0.0252967,1276 1016 -1
GCP,adapt_p80-40593177313954_a0-0_320_map.h5,6.87748,10,606,1060,9.594069:0.000000,1034,True,12,5,1034,0.99573,5.90455,0,0.0123518,1101 1101 1035 1034 -1
GCP,adapt_p80-40593177313954_a157-5_583_map.h5,6.85494,10,637,1087,9.594069:157.500000,1063,False,14,4,1064,0.924356,4.80532,0,0.0129077,1129 1130 1064 -1
GCP,adapt_p48-18968510422141_a146-25_269_map.h5,5.82491,10,459,1455,41.810314:146.250000,1488,False,16,4,1538,0.877564,4.78415,0,0.012915,1537 1538 1487 -1
GCP,adapt_p48-18968510422141_a168-74999999999997_53_map.h5,6.7533,10,340,1207,41.810314:168.750000,1491,True,27,4,1491,0.66228,5.38445,0,0.0125394,1440 1438 1491 -1
GCP,adapt_p60-00000000000001_a90-0_65_map.h5,8.58562,10,152,382,30.000000:90.000000,1309,False,55,5,1426,0.582318,7.47057,0,0.013187,1308 1368 1426 1427 -1
GCP,adapt_p80-40593177313954_a224-99999999999997_144_map.h5,7.75451,10,185,758,9.594069:225.000000,1076,False,30,5,1075,0.795375,7.18165,0,0.0123207,1207 1142 1141 1075 -1
GCP,adapt_p60-00000000000001_a247-49999999999997_506_map.h5,6.86712,10,559,1106,30.000000:247.500000,1335,True,12,4,1394,0.775409,4.80608,0,0.0127536,1335 1336 1394 -1
GCP,adapt_p48-18968510422141_a348-74999999999994_449_map.h5,6.81317,10,282,1058,41.810314:348.750000,1517,True,23,4,1466,0.668872,4.8777,0,0.0126259,1566 1517 1466 -1
GCP,adapt_p48-18968510422141_a146-25_491_map.h5,7.87324,10,389,788,41.810314:146.250000,1488,False,12,5,1487,0.921878,5.83508,0,0.0135278,1433 1433 1486 1487 -1
GCP,adapt_p80-40593177313954_a0-0_538_map.h5,5.39359,10,154,1148,9.594069:0.000000,1034,False,236,3,1039,0.174961,3.92894,0,0.0186238,968 1039 -1
GCP,adapt_p48-18968510422141_a11-25_18_map.h5,4.63102,10,136,1853,41.810314:11.250000,1468,False,48,3,1520,0.427093,3.06681,0,0.0128184,1412 1520 -1
GCP,adapt_p80-40593177313954_a270-0_218_map.h5,6.74407,10,76,392,9.594069:270.000000,1084,False,351,3,1796,0.140845,6.54677,0,0.0266515,1459 1790 -1
GCP,adapt_p80-40593177313954_a180-0_350_map.h5,7.88155,10,551,796,9.594069:180.000000,1067,True,12,5,1068,0.996038,5.91883,0,0.0132851,1067 1067 1068 1069 -1
GCP,adapt_p48-18968510422141_a33-75_531_map.h5,6.87692,10,452,1065,41.810314:33.750000,1471,True,12,5,1471,0.929107,5.81579,0,0.0129155,1416 1416 1470 1471 -1
GCP,adapt_p11-715852394892384_a225-0_261_map.h5,6.86859,10,593,1081,78.284149:225.000000,1774,True,12,4,1774,0.967844,4.73978,0,0.0122506,1757 1774 1775 -1
GCP,adapt_p23-556464309101234_a157-5_434_map.h5,8.80877,10,215,377,66.443535:157.500000,1701,True,22,5,1699,0.793788,7.22523,0,0.0130525,1701 1700 1699 1728 -1
GCP,adapt_p70-52877936550931_a236-25_115_map.h5,6.85043,10,550,1123,19.471220:236.250000,1209,True,13,5,1209,0.954453,5.91995,0,0.0123974,1208 1208 1209 1210 -1
GCP,adapt_p60-00000000000001_a247-49999999999997_514_map.h5,8.78095,10,206,376,30.000000:247.500000,1335,False,24,5,1211,0.808005,7.27911,0,0.0129009,1213 1212 1211 1274 -1
GCP,adapt_p80-40593177313954_a247-49999999999997_289_map.h5,5.83412,10,432,1513,9.594069:247.500000,1080,True,16,4,1080,0.918766,5.04206,0,0.0127416,1145 1080 1081 -1
GCP,adapt_p11-715852394892384_a225-0_391_map.h5,5.84882,10,477,1449,78.284149:225.000000,1774,False,18,4,1787,0.865853,4.59619,0,0.0129879,1773 1787 1788 -1
GCP,adapt_p35-659087696138755_a315-0_288_map.h5,7.89597,10,772,726,54.340912:315.000000,1605,True,8,5,1605,0.999768,7.44918,0,0.0128531,1606 1605 1561 1606 -1
GCP,adapt_p35-659087696138755_a344-99999999999994_41_map.h5,5.8438,10,448,1473,54.340912:345.000000,1609,True,16,4,1609,0.791741,4.90009,0,0.0130368,1517 1565 1609 -1
GCP,adapt_p35-659087696138755_a255-00000000000003_118_map.h5,7.22545,10,81,754,54.340912:255.000000,1598,False,105,4,1638,0.447692,5.46767,0,0.0144304,1707 1638 1639 -1
GCP,adapt_p35-659087696138755_a344-99999999999994_262_map.h5,6.87452,10,549,1098,54.340912:345.000000,1609,True,11,5,1649,0.994976,5.82623,0,0.012309,1609 1609 1650 1649 -1
GCP,adapt_p80-40593177313954_a247-49999999999997_129_map.h5,8.85305,10,446,310,9.594069:247.500000,1080,False,16,5,1145,0.783062,7.40881,0,0.0127706,1143 1078 1144 1145 -1
GCP,adapt_p35-659087696138755_a315-0_225_map.h5,7.88151,10,695,704,54.340912:315.000000,1605,True,8,5,1605,0.998692,5.77847,0,0.012288,1646 1646 1605 1604 -1
GCP,adapt_p80-40593177313954_a247-49999999999997_120_map.h5,6.83627,10,294,1056,9.594069:247.500000,1080,True,18,4,1081,0.893179,4.8238,0,0.0125652,1146 1080 1081 -1
GCP,adapt_p80-40593177313954_a180-0_478_map.h5,6.77748,10,346,1176,9.594069:180.000000,1067,True,25,4,1067,0.724077,4.80685,0,0.0123595,1134 1068 1067 -1
GCP,adapt_p70-52877936550931_a168-74999999999997_413_map.h5,6.88486,10,650,1061,19.471220:168.750000,1197,True,10,5,1197,0.998509,5.92049,0,0.0129408,1196 1196 1197 1198 -1
GCP,adapt_p23-556464309101234_a247-49999999999997_92_map.h5,6.87713,10,500,1151,66.443535:247.500000,1708,False,11,5,1675,0.956171,5.8927,0,0.0127005,1638 1638 1675 1639 -1
GCP,adapt_p60-00000000000001_a0-0_518_map.h5,8.88792,10,385,350,30.000000:0.000000,1294,True,11,6,1411,0.999916,8.3352,0,0.0129085,1353 1353 1411 1354 1294 -1
GCP,adapt_p48-18968510422141_a11-25_405_map.h5,8.83678,10,263,337,41.810314:11.250000,1468,True,22,5,1468,0.907306,7.26084,0,0.0130714,1520 1468 1414 1413 -1
GCP,adapt_p48-18968510422141_a33-75_585_map.h5,7.76572,10,132,800,41.810314:33.750000,1471,False,28,5,1523,0.842125,7.21331,0,0.0131159,1472 1524 1523 1522 -1
GCP,adapt_p60-00000000000001_a202-49999999999997_131_map.h5,8.89436,10,760,390,30.000000:202.500000,1328,True,10,6,1328,0.999981,8.29752,0,0.0124623,1327 1327 1328 1386 1387 -1
GCP,adapt_p60-00000000000001_a180-0_566_map.h5,7.82889,10,222,755,30.000000:180.000000,1324,False,17,5,1382,0.945057,7.33343,0,0.0129391,1322 1323 1382 1381 -1
GCP,adapt_p48-18968510422141_a11-25_526_map.h5,6.02575,10,99,1165,41.810314:11.250000,1468,False,137,2,1750,0,0.0140834,0,0.0140834,1295 -1
GCP,adapt_p60-00000000000001_a90-0_271_map.h5,6.86432,10,444,1160,30.000000:90.000000,1309,False,14,5,1369,0.844405,5.79366,0,0.0125094,1310 1310 1369 1368 -1
GCP,adapt_p35-659087696138755_a105-0_419_map.h5,8.85762,10,359,393,54.340912:105.000000,1579,True,14,6,1579,0.999357,8.22831,0,0.0132165,1622 1622 1623 1580 1579 -1
GCP,adapt_p60-00000000000001_a0-0_125_map.h5,7.84367,10,301,759,30.000000:0.000000,1294,True,17,5,1294,0.933755,7.35602,0,0.0131365,1354 1294 1231 1295 -1
GCP,adapt_p35-659087696138755_a105-0_192_map.h5,7.84589,10,340,766,54.340912:105.000000,1579,True,16,5,1622,0.832759,7.25142,0,0.0129393,1578 1579 1622 1621 -1
GCP,adapt_p60-00000000000001_a247-49999999999997_191_map.h5,7.89547,10,716,693,30.000000:247.500000,1335,True,9,5,1335,0.99965,5.81053,0,0.0123561,1393 1393 1335 1336 -1
GCP,adapt_p70-52877936550931_a168-74999999999997_240_map.h5,7.87649,10,445,749,19.471220:168.750000,1197,True,12,5,1197,0.98139,5.80867,0,0.0123406,1260 1260 1197 1196 -1
GCP,adapt_p60-00000000000001_a0-0_106_map.h5,7.36833,10,85,751,30.000000:0.000000,1294,True,89,4,1294,0.545271,6.0303,0,0.0134847,1297 1294 1353 -1
GCP,adapt_p48-18968510422141_a78-75_21_map.h5,7.89329,10,696,744,41.810314:78.750000,1478,True,8,5,1478,0.991349,5.7942,0,0.0125391,1424 1424 1478 1477 -1
GCP,adapt_p48-18968510422141_a56-24999999999999_133_map.h5,8.86599,10,401,337,41.810314:56.250000,1475,False,14,6,1419,0.9993,8.22237,0,0.012833,1474 1474 1473 1419 1420 -1
GCP,adapt_p80-40593177313954_a292-5_30_map.h5,7.87514,10,516,743,9.594069:292.500000,1088,True,11,5,1089,0.995479,5.91172,0,0.0126778,1021 1021 1089 1088 -1
GCP,adapt_p11-715852394892384_a225-0_116_map.h5,8.87951,10,424,364,78.284149:225.000000,1774,True,11,6,1774,0.996876,8.25604,0,0.013306,1775 1775 1757 1756 1774 -1
GCP,adapt_p70-52877936550931_a281-24999999999994_566_map.h5,8.77099,10,205,372,19.471220:281.250000,1217,True,31,5,1217,0.879027,7.19289,0,0.0128512,1281 1218 1217 1152 -1
GCP,adapt_p60-00000000000001_a112-49999999999999_296_map.h5,6.83092,10,465,1171,30.000000:112.500000,1313,True,12,4,1372,0.969217,4.80083,0,0.0128793,1371 1372 1313 -1
GCP,adapt_p23-556464309101234_a67-5_300_map.h5,6.80786,10,437,1105,66.443535:67.500000,1693,True,14,4,1693,0.910758,4.81415,0,0.0129647,1657 1693 1692 -1
GCP,adapt_p60-00000000000001_a45-0_62_map.h5,8.84363,10,390,395,30.000000:45.000000,1301,True,18,5,1302,0.91873,7.4302,0,0.0131991,1303 1239 1302 1301 -1
GCP,adapt_p60-00000000000001_a315-0_490_map.h5,8.88592,10,648,353,30.000000:315.000000,1346,True,9,6,1346,0.99972,8.26832,0,0.012893,1347 1347 1346 1404 1405 -1
GCP,adapt_p48-18968510422141_a56-24999999999999_549_map.h5,8.87388,10,392,369,41.810314:56.250000,1475,False,12,6,1420,0.999933,8.23052,0,0.012932,1361 1361 1362 1420 1419 -1
GCP,adapt_p35-659087696138755_a165-0_98_map.h5,5.72503,10,248,1512,54.340912:165.000000,1587,True,34,4,1629,0.691251,4.89769,0,0.012811,1587 1629 1667 -1
GCP,adapt_p80-40593177313954_a292-5_420_map.h5,7.86397,10,544,736,9.594069:292.500000,1088,True,10,5,1088,0.986231,5.8516,0,0.012854,1154 1154 1088 1089 -1
GCP,adapt_p60-00000000000001_a157-5_349_map.h5,8.87145,10,289,408,30.000000:157.500000,1320,True,14,6,1258,0.997611,8.26397,0,0.0123674,1319 1319 1320 1258 1257 -1
GCP,adapt_p35-659087696138755_a105-0_351_map.h5,7.87992,10,369,712,54.340912:105.000000,1579,True,11,5,1623,0.975418,5.88804,0,0.0129124,1580 1580 1623 1579 -1
GCP,adapt_p70-52877936550931_a56-24999999999999_457_map.h5,8.88166,10,419,386,19.471220:56.250000,1177,True,10,6,1110,0.999697,8.28144,0,0.0131995,1177 1177 1176 1110 1111 -1
GCP,adapt_p60-00000000000001_a292-5_524_map.h5,8.65809,10,203,340,30.000000:292.500000,1343,True,38,5,1343,0.796158,7.25134,0,0.0127578,1345 1344 1343 1282 -1
GCP,adapt_p70-52877936550931_a326-24999999999994_178_map.h5,6.88503,10,569,1178,19.471220:326.250000,1225,False,11,5,1160,0.962227,5.83824,0,0.0127991,1224 1224 1159 1160 -1
GCP,adapt_p70-52877936550931_a33-75_579_map.h5,6.82657,10,447,1104,19.471220:33.750000,1173,False,17,4,1237,0.794429,4.87162,0,0.0132483,1175 1174 1237 -1
GCP,adapt_p60-00000000000001_a180-0_392_map.h5,7.88728,10,733,705,30.000000:180.000000,1324,True,8,5,1383,0.990566,7.34185,0,0.0135356,1324 1382 1383 1324 -1
GCP,adapt_p70-52877936550931_a236-25_403_map.h5,6.86217,10,462,1081,19.471220:236.250000,1209,True,15,4,1272,0.766031,4.82007,0,0.0126562,1210 1209 1272 -1
GCP,adapt_p60-00000000000001_a202-49999999999997_398_map.h5,6.86924,10,735,1004,30.000000:202.500000,1328,True,11,4,1328,0.961906,4.85846,0,0.0125868,1327 1328 1386 -1
GCP,adapt_p23-556464309101234_a247-49999999999997_496_map.h5,6.81286,10,315,1105,66.443535:247.500000,1708,True,22,4,1709,0.664114,4.75418,0,0.0129647,1735 1708 1709 -1
GCP,adapt_p48-18968510422141_a56-24999999999999_137_map.h5,7.74984,10,269,785,41.810314:56.250000,1475,True,23,5,1476,0.849901,7.3319,0,0.0129876,1477 1528 1476 1475 -1
GCP,adapt_p35-659087696138755_a135-0_251_map.h5,6.79844,10,323,1058,54.340912:135.000000,1583,False,22,4,1663,0.656286,4.80787,0,0.0123833,1665 1664 1663 -1
GCP,adapt_p60-00000000000001_a337-49999999999994_11_map.h5,8.85504,10,200,358,30.000000:337.500000,1350,True,15,6,1408,0.989981,8.31204,0,0.0127962,1350 1350 1351 1409 1408 -1
GCP,adapt_p48-18968510422141_a281-24999999999994_523_map.h5,8.86016,10,344,382,41.810314:281.250000,1507,True,15,6,1455,0.992181,8.2205,0,0.0126575,1507 1507 1508 1456 1455 -1
GCP,adapt_p80-40593177313954_a0-0_262_map.h5,7.85443,10,377,778,9.594069:0.000000,1034,False,15,5,1099,0.965034,7.37238,0,0.0123997,1031 1032 1100 1099 -1
GCP,adapt_p23-556464309101234_a292-5_299_map.h5,6.84119,10,442,1148,66.443535:292.500000,1712,True,18,4,1739,0.710419,5.26761,0,0.0126491,1681 1712 1739 -1
GCP,adapt_p80-40593177313954_a247-49999999999997_293_map.h5,7.59075,10,264,701,9.594069:247.500000,1080,False,54,4,1145,0.729207,5.68711,0,0.0130887,1077 1145 1146 -1
GCP,adapt_p80-40593177313954_a224-99999999999997_454_map.h5,5.70349,10,294,1487,9.594069:225.000000,1076,False,33,4,1077,0.597132,4.91149,0,0.0133472,1078 1077 1009 -1
GCP,adapt_p23-556464309101234_a337-5_582_map.h5,8.78888,10,184,351,66.443535:337.500000,1716,False,26,5,1764,0.791234,7.18164,0,0.0129561,1765 1744 1764 1742 -1
GCP,adapt_p48-18968510422141_a101-24999999999999_73_map.h5,8.90218,10,666,340,41.810314:101.250000,1481,True,7,6,1427,0.999997,8.32789,0,0.0126428,1428 1428 1481 1427 1426 -1
GCP,adapt_p80-40593177313954_a135-0_321_map.h5,8.87921,10,531,362,9.594069:135.000000,1059,True,12,6,1060,0.999176,8.25358,0,0.0126244,1126 1126 1060 992 1059 -1
GCP,adapt_p48-18968510422141_a303-75_92_map.h5,6.57063,10,159,1150,41.810314:303.750000,1510,True,59,4,1509,0.713836,5.37476,0,0.013202,1602 1509 1510 -1
GCP,adapt_p60-00000000000001_a22-5_223_map.h5,7.7885,10,180,781,30.000000:22.500000,1298,True,24,5,1298,0.832128,7.32921,0,0.0133372,1357 1297 1298 1235 -1
GCP,adapt_p70-52877936550931_a33-75_34_map.h5,8.88702,10,500,376,19.471220:33.750000,1173,True,10,6,1173,0.997135,8.31867,0,0.0128155,1237 1237 1236 1173 1172 -1
GCP,adapt_p70-52877936550931_a348-74999999999994_449_map.h5,8.80567,10,249,375,19.471220:348.750000,1229,True,22,5,1230,0.932726,7.37357,0,0.0131523,1168 1167 1230 1229 -1
GCP,adapt_p80-40593177313954_a224-99999999999997_83_map.h5,8.83825,10,356,393,9.594069:225.000000,1076,True,17,5,1075,0.936326,7.26588,0,0.0125698,1077 1076 1075 1141 -1
GCP,adapt_p35-659087696138755_a195-0_146_map.h5,6.8492,10,405,1136,54.340912:195.000000,1590,False,15,4,1633,0.855606,4.80437,0,0.0126286,1634 1633 1670 -1
GCP,adapt_p60-00000000000001_a270-0_280_map.h5,5.50307,10,136,1446,30.000000:270.000000,1339,False,63,3,1603,0.28754,3.43826,0,0.0128296,1512 1603 -1
GCP,adapt_p48-18968510422141_a11-25_154_map.h5,6.86397,10,479,1074,41.810314:11.250000,1468,False,13,5,1414,0.97402,5.83673,0,0.0128691,1469 1469 1415 1414 -1
GCP,adapt_p60-00000000000001_a45-0_581_map.h5,6.87733,10,486,1124,30.000000:45.000000,1301,True,10,4,1238,0.959035,4.80604,0,0.0124884,1237 1238 1301 -1
GCP,adapt_p35-659087696138755_a315-0_109_map.h5,7.88701,10,584,737,54.340912:315.000000,1605,True,11,5,1605,0.996228,7.403,0,0.0128147,1606 1605 1646 1606 -1
GCP,adapt_p35-659087696138755_a135-0_158_map.h5,7.8494,10,328,785,54.340912:135.000000,1583,False,18,5,1584,0.883688,7.19581,0,0.0124156,1626 1627 1584 1585 -1
GCP,adapt_p70-52877936550931_a281-24999999999994_211_map.h5,6.80423,10,423,1137,19.471220:281.250000,1217,True,22,4,1217,0.566017,5.41462,0,0.012592,1152 1217 1215 -1
GCP,adapt_p70-52877936550931_a258-75_309_map.h5,6.88296,10,602,1051,19.471220:258.750000,1213,True,12,5,1214,0.992936,5.83523,0,0.0128681,1277 1277 1214 1213 -1
GCP,adapt_p80-40593177313954_a45-0_565_map.h5,5.60625,10,158,1480,9.594069:45.000000,1042,True,51,3,1173,0.286807,3.27666,0,0.0125874,1042 1173 -1
GCP,adapt_p80-40593177313954_a22-5_196_map.h5,7.83994,10,483,755,9.594069:22.500000,1038,True,16,5,1039,0.943225,7.37286,0,0.0128815,970 971 1039 1038 -1
GCP,adapt_p48-18968510422141_a348-74999999999994_538_map.h5,8.90491,10,690,373,41.810314:348.750000,1517,True,7,6,1465,0.999703,8.39312,0,0.0129232,1517 1517 1466 1465 1516 -1
GCP,adapt_p48-18968510422141_a191-25_39_map.h5,8.71486,10,110,348,41.810314:191.250000,1494,False,39,5,1496,0.734552,7.35985,0,0.012965,1592 1546 1496 1497 -1
GCP,adapt_p60-00000000000001_a202-49999999999997_562_map.h5,8.87125,10,385,354,30.000000:202.500000,1328,True,12,5,1327,0.950458,7.54967,0,0.012596,1328 1327 1265 1328 -1
GCP,adapt_p70-52877936550931_a326-24999999999994_456_map.h5,5.55565,10,99,1493,19.471220:326.250000,1225,False,59,4,1348,0.463424,5.09965,0,0.0131885,1405 1348 1288 -1
GCP,adapt_p80-40593177313954_a157-5_113_map.h5,6.55261,10,192,1090,9.594069:157.500000,1063,False,62,4,1062,0.384283,5.19217,0,0.0132098,1195 1128 1062 -1
GCP,adapt_p80-40593177313954_a180-0_461_map.h5,8.81737,10,330,350,9.594069:180.000000,1067,True,19,5,1068,0.822925,7.25668,0,0.0124527,1135 1134 1068 1067 -1
GCP,adapt_p48-18968510422141_a258-75_455_map.h5,6.88015,10,535,1186,41.810314:258.750000,1504,True,11,5,1503,0.992517,5.83919,0,0.0126588,1451 1451 1503 1504 -1
GCP,adapt_p60-00000000000001_a270-0_109_map.h5,8.89952,10,670,338,30.000000:270.000000,1339,True,9,6,1339,0.999976,8.27196,0,0.0123019,1277 1277 1278 1339 1338 -1
GCP,adapt_p48-18968510422141_a11-25_571_map.h5,8.89631,10,536,375,41.810314:11.250000,1468,True,7,6,1414,0.999994,8.28035,0,0.0135721,1413 1413 1414 1468 1469 -1
GCP,adapt_p48-18968510422141_a11-25_535_map.h5,5.00128,10,111,1438,41.810314:11.250000,1468,False,146,3,1417,0.458706,4.8755,0,0.0144945,1231 1417 -1
GCP,adapt_p23-556464309101234_a292-5_319_map.h5,8.84026,10,215,394,66.443535:292.500000,1712,False,18,5,1681,0.924612,7.28558,0,0.0125777,1682 1681 1680 1713 -1
GCP,adapt_p60-00000000000001_a224-99999999999997_299_map.h5,6.78554,10,197,1170,30.000000:225.000000,1331,True,24,4,1390,0.554978,5.00582,0,0.0132745,1330 1331 1390 -1
GCP,adapt_p60-00000000000001_a135-0_54_map.h5,8.89473,10,620,360,30.000000:135.000000,1316,True,10,6,1316,0.999899,8.26854,0,0.0131182,1317 1317 1316 1375 1376 -1
GCP,adapt_p35-659087696138755_a255-00000000000003_159_map.h5,7.83225,10,384,735,54.340912:255.000000,1598,True,18,5,1598,0.971247,7.20324,0,0.0125693,1553 1598 1597 1639 -1
GCP,adapt_p80-40593177313954_a315-0_482_map.h5,5.49441,10,70,1076,9.594069:315.000000,1093,False,214,3,1173,0.153427,3.98547,0,0.0171282,981 842 -1
GCP,adapt_p48-18968510422141_a191-25_120_map.h5,8.89195,10,711,398,41.810314:191.250000,1494,True,10,6,1494,0.999396,8.22127,0,0.012878,1442 1442 1441 1494 1495 -1
GCP,adapt_p80-40593177313954_a292-5_474_map.h5,6.86564,10,570,1095,9.594069:292.500000,1088,True,13,4,1088,0.953127,4.91137,0,0.0132098,1021 1089 1088 -1
GCP,adapt_p80-40593177313954_a337-49999999999994_513_map.h5,6.74491,10,197,1123,9.594069:337.500000,1097,True,31,4,1097,0.670822,4.91133,0,0.0129381,1031 1098 1097 -1
GCP,adapt_p60-00000000000001_a202-49999999999997_310_map.h5,6.78369,10,207,1162,30.000000:202.500000,1328,False,26,4,1204,0.799568,4.79944,0,0.0130546,1268 1267 1204 -1
GCP,adapt_p48-18968510422141_a348-74999999999994_375_map.h5,6.76016,10,227,1176,41.810314:348.750000,1517,False,33,4,1466,0.771664,5.29192,0,0.0126745,1409 1466 1412 -1
GCP,adapt_p23-556464309101234_a112-5_330_map.h5,8.89158,10,477,351,66.443535:112.500000,1697,True,10,6,1726,0.999984,8.13429,0,0.0122945,1697 1697 1696 1725 1726 -1
GCP,adapt_p70-52877936550931_a11-25_270_map.h5,7.8943,10,632,756,19.471220:11.250000,1169,True,9,5,1169,0.999515,5.8923,0,0.0125293,1233 1233 1170 1169 -1
GCP,adapt_p48-18968510422141_a146-25_574_map.h5,6.885,10,507,1191,41.810314:146.250000,1488,True,10,4,1487,0.957312,4.81822,0,0.0128261,1488 1487 1434 -1
GCP,adapt_p80-40593177313954_a224-99999999999997_259_map.h5,6.8792,10,604,1113,9.594069:225.000000,1076,True,11,5,1076,0.994312,5.91816,0,0.0126107,1075 1075 1076 1077 -1
GCP,adapt_p23-556464309101234_a247-49999999999997_99_map.h5,6.82338,10,421,1156,66.443535:247.500000,1708,True,20,4,1707,0.685032,4.75465,0,0.0134344,1735 1708 1707 -1
GCP,adapt_p48-18968510422141_a168-74999999999997_66_map.h5,6.85635,10,473,1081,41.810314:168.750000,1491,True,17,4,1438,0.939725,4.79097,0,0.0124843,1437 1438 1491 -1
GCP,adapt_p70-52877936550931_a78-75_380_map.h5,6.78506,10,266,1112,19.471220:78.750000,1181,True,28,4,1180,0.812791,5.27282,0,0.0127716,1242 1180 1181 -1
GCP,adapt_p23-556464309101234_a112-5_412_map.h5,8.88707,10,569,386,66.443535:112.500000,1697,True,11,5,1697,0.99969,7.39971,0,0.0127448,1696 1697 1726 1696 -1
GCP,adapt_p70-52877936550931_a236-25_260_map.h5,6.84493,10,411,1103,19.471220:236.250000,1209,False,17,5,1271,0.915794,5.80683,0,0.0129176,1208 1208 1271 1270 -1
GCP,adapt_p60-00000000000001_a292-5_535_map.h5,4.51492,10,169,1886,30.000000:292.500000,1343,False,59,3,1219,0.295061,2.72709,0,0.0129145,1153 1219 -1
GCP,adapt_p70-52877936550931_a326-24999999999994_365_map.h5,7.77351,10,218,764,19.471220:326.250000,1225,False,27,5,1287,0.922487,7.37963,0,0.0123057,1288 1287 1286 1224 -1
GCP,adapt_p35-659087696138755_a105-0_472_map.h5,1.12108,10,99,1839,54.340912:105.000000,1579,False,615,2,1507,0,0.0550705,0,0.0550705,1572 -1
GCP,adapt_p70-52877936550931_a78-75_336_map.h5,6.85405,10,535,1183,19.471220:78.750000,1181,True,13,4,1181,0.844077,4.92653,0,0.0127735,1244 1181 1245 -1
GCP,adapt_p35-659087696138755_a14-999999999999998_275_map.h5,8.89083,10,551,396,54.340912:15.000000,1568,True,7,6,1568,0.999998,8.2525,0,0.0129754,1613 1613 1612 1568 1569 -1
GCP,adapt_p35-659087696138755_a344-99999999999994_36_map.h5,8.88515,10,375,357,54.340912:345.000000,1609,True,9,5,1608,0.992718,5.861,0,0.0126491,1607 1607 1608 1609 -1
GCP,adapt_p23-556464309101234_a292-5_131_map.h5,5.8481,10,377,1532,66.443535:292.500000,1712,True,13,4,1712,0.897978,4.82102,0,0.0127406,1713 1712 1680 -1
GCP,adapt_p35-659087696138755_a255-00000000000003_383_map.h5,8.87476,10,334,401,54.340912:255.000000,1598,True,13,6,1639,0.996584,8.22622,0,0.0130465,1640 1640 1639 1597 1598 -1
GCP,adapt_p48-18968510422141_a281-24999999999994_483_map.h5,5.82875,10,433,1551,41.810314:281.250000,1507,False,16,5,1509,0.846139,5.78713,0,0.0130803,1456 1456 1508 1509 -1
GCP,adapt_p35-659087696138755_a14-999999999999998_311_map.h5,5.74972,10,259,1513,54.340912:15.000000,1568,True,28,4,1569,0.816062,4.83712,0,0.0131262,1612 1568 1569 -1
GCP,adapt_p23-556464309101234_a292-5_55_map.h5,7.85802,10,355,782,66.443535:292.500000,1712,True,13,5,1712,0.971002,7.25896,0,0.0128191,1711 1738 1739 1712 -1
GCP,adapt_p35-659087696138755_a224-99999999999997_224_map.h5,8.60743,10,124,363,54.340912:225.000000,1594,False,56,5,1595,0.673453,8.13835,0,0.0134044,1635 1550 1595 1596 -1
GCP,adapt_p23-556464309101234_a337-5_228_map.h5,7.88424,10,690,727,66.443535:337.500000,1716,True,10,5,1716,0.99851,7.27176,0,0.0135817,1717 1716 1742 1717 -1
GCP,adapt_p60-00000000000001_a180-0_187_map.h5,6.83138,10,330,1043,30.000000:180.000000,1324,True,18,4,1324,0.787562,4.90733,0,0.0124694,1325 1324 1323 -1
GCP,adapt_p35-659087696138755_a344-99999999999994_484_map.h5,5.79536,10,245,1545,54.340912:345.000000,1609,True,24,4,1609,0.77185,4.99025,0,0.0124877,1566 1609 1649 -1
GCP,adapt_p60-00000000000001_a224-99999999999997_432_map.h5,8.77698,10,153,361,30.000000:225.000000,1331,False,29,5,1269,0.891176,7.24234,0,0.0128441,1205 1268 1269 1270 -1
GCP,adapt_p35-659087696138755_a105-0_187_map.h5,7.87695,10,483,771,54.340912:105.000000,1579,True,11,5,1623,0.98102,5.91195,0,0.0128909,1622 1622 1579 1623 -1
GCP,adapt_p35-659087696138755_a344-99999999999994_31_map.h5,7.8871,10,638,736,54.340912:345.000000,1609,True,10,5,1609,0.997801,7.29856,0,0.0127195,1610 1609 1650 1610 -1
GCP,adapt_p70-52877936550931_a236-25_79_map.h5,6.85232,10,431,1158,19.471220:236.250000,1209,True,16,4,1209,0.862433,4.80775,0,0.0125118,1271 1272 1209 -1
GCP,adapt_p60-00000000000001_a0-0_338_map.h5,7.84616,10,391,762,30.000000:0.000000,1294,True,16,4,1294,0.914663,4.87922,0,0.0126583,1292 1353 1294 -1
GCP,adapt_p48-18968510422141_a191-25_321_map.h5,5.82547,10,362,1406,41.810314:191.250000,1494,False,20,4,1441,0.822561,5.05582,0,0.0133447,1385 1441 1440 -1
GCP,adapt_p80-40593177313954_a0-0_477_map.h5,7.8732,10,648,725,9.594069:0.000000,1034,True,14,4,1034,0.945282,4.9108,0,0.0126452,1033 1034 1100 -1
GCP,adapt_p70-52877936550931_a11-25_387_map.h5,4.42868,10,84,1839,19.471220:11.250000,1169,False,77,3,1167,0.297305,3.06476,0,0.0131617,1295 1167 -1
GCP,adapt_p80-40593177313954_a90-0_293_map.h5,7.7379,10,213,760,9.594069:90.000000,1051,True,33,4,1051,0.58384,5.37165,0,0.012914,985 1051 983 -1
GCP,adapt_p70-52877936550931_a258-75_528_map.h5,8.89005,10,742,369,19.471220:258.750000,1213,True,10,6,1213,0.999922,8.26138,0,0.0127569,1212 1212 1213 1148 1147 -1
GCP,adapt_p70-52877936550931_a168-74999999999997_34_map.h5,6.87399,10,677,1061,19.471220:168.750000,1197,True,12,5,1197,0.992375,5.89666,0,0.012854,1132 1132 1198 1197 -1
GCP,adapt_p48-18968510422141_a78-75_94_map.h5,8.88733,10,542,376,41.810314:78.750000,1478,True,12,6,1478,0.999756,8.27078,0,0.0124864,1477 1477 1478 1530 1529 -1
GCP,adapt_p60-00000000000001_a315-0_236_map.h5,7.87067,10,383,724,30.000000:315.000000,1346,True,10,5,1347,0.990817,5.81195,0,0.0131513,1286 1286 1347 1346 -1
GCP,adapt_p70-52877936550931_a168-74999999999997_504_map.h5,8.77956,10,324,409,19.471220:168.750000,1197,True,16,5,1259,0.824718,7.43757,0,0.0132741,1195 1259 1260 1197 -1
GCP,adapt_p11-715852394892384_a315-0_333_map.h5,4.32007,10,117,1898,78.284149:315.000000,1778,False,97,3,1440,0.140214,2.94019,0,0.013538,1325 1440 -1
GCP,adapt_p60-00000000000001_a315-0_475_map.h5,8.88126,10,486,374,30.000000:315.000000,1346,True,10,6,1346,0.998284,8.34635,0,0.0125601,1404 1404 1347 1346 1285 -1
GCP,adapt_p48-18968510422141_a101-24999999999999_439_map.h5,7.89807,10,613,791,41.810314:101.250000,1481,True,9,5,1481,0.998829,5.8878,0,0.0127437,1482 1482 1533 1481 -1
GCP,adapt_p23-556464309101234_a337-5_394_map.h5,8.88079,10,365,309,66.443535:337.500000,1716,True,12,6,1742,0.999826,8.14887,0,0.0129409,1717 1717 1716 1742 1743 -1
GCP,adapt_p80-40593177313954_a22-5_21_map.h5,4.58672,10,192,1408,9.594069:22.500000,1038,False,199,3,1104,0.406699,3.69779,0,0.016903,1299 1104 -1
GCP,adapt_p60-00000000000001_a180-0_315_map.h5,7.84462,10,207,744,30.000000:180.000000,1324,True,14,5,1325,0.969711,7.85089,0,0.0131776,1263 1325 1326 1324 -1
GCP,adapt_p48-18968510422141_a56-24999999999999_433_map.h5,7.88734,10,473,694,41.810314:56.250000,1475,True,10,5,1420,0.971008,7.42122,0,0.0124749,1475 1474 1420 1475 -1
GCP,adapt_p48-18968510422141_a146-25_458_map.h5,6.82024,10,239,1139,41.810314:146.250000,1488,True,20,4,1538,0.852351,4.78289,0,0.0125983,1488 1487 1538 -1
GCP,adapt_p70-52877936550931_a348-74999999999994_68_map.h5,7.88374,10,525,695,19.471220:348.750000,1229,True,9,5,1229,0.970497,7.34864,0,0.0130744,1165 1164 1229 1165 -1
GCP,adapt_p60-00000000000001_a180-0_319_map.h5,7.77285,10,223,741,30.000000:180.000000,1324,False,24,5,1325,0.866847,7.22442,0,0.0129976,1263 1325 1383 1384 -1
GCP,adapt_p23-556464309101234_a247-49999999999997_128_map.h5,8.81153,10,263,381,66.443535:247.500000,1708,True,22,5,1735,0.869772,7.09694,0,0.0122888,1676 1709 1708 1735 -1
GCP,adapt_p35-659087696138755_a14-999999999999998_141_map.h5,5.84352,10,92,1073,54.340912:15.000000,1568,False,178,3,1569,0.32685,5.56716,0,0.016174,1740 1569 -1
GCP,adapt_p11-715852394892384_a315-0_255_map.h5,7.85479,10,426,785,78.284149:315.000000,1778,True,14,5,1762,0.959421,7.20049,0,0.0130175,1763 1762 1761 1778 -1
GCP,adapt_p60-00000000000001_a45-0_65_map.h5,7.80708,10,244,757,30.000000:45.000000,1301,False,22,5,1302,0.841449,7.4475,0,0.0127444,1360 1361 1362 1302 -1
GCP,adapt_p60-00000000000001_a90-0_547_map.h5,6.88263,10,443,1145,30.000000:90.000000,1309,True,12,5,1309,0.993654,5.80396,0,0.0131893,1368 1368 1309 1308 -1
GCP,adapt_p70-52877936550931_a236-25_33_map.h5,7.80526,10,377,783,19.471220:236.250000,1209,True,22,5,1209,0.852932,7.40538,0,0.0125504,1272 1210 1209 1144 -1
GCP,adapt_p11-715852394892384_a225-0_74_map.h5,5.80112,10,301,1494,78.284149:225.000000,1774,False,25,4,1756,0.683443,4.87004,0,0.012718,1705 1732 1756 -1
GCP,adapt_p23-556464309101234_a247-49999999999997_268_map.h5,8.86007,10,351,359,66.443535:247.500000,1708,True,15,6,1676,0.995531,8.14867,0,0.0127539,1708 1708 1709 1676 1675 -1
GCP,adapt_p35-659087696138755_a105-0_567_map.h5,8.85235,10,329,362,54.340912:105.000000,1579,True,15,6,1579,0.996945,8.25257,0,0.0124624,1580 1580 1579 1622 1623 -1
GCP,adapt_p35-659087696138755_a14-999999999999998_584_map.h5,8.89388,10,508,406,54.340912:15.000000,1568,True,7,6,1568,0.999979,8.25248,0,0.0129497,1613 1613 1612 1568 1569 -1
GCP,adapt_p60-00000000000001_a135-0_12_map.h5,6.16805,10,113,1042,30.000000:135.000000,1316,False,115,4,1371,0.214711,4.88799,0,0.0137804,1369 1370 1371 -1
GCP,adapt_p80-40593177313954_a135-0_591_map.h5,5.79773,10,93,1183,9.594069:135.000000,1059,True,181,4,862,0.169609,5.46281,0,0.0169211,1191 1059 991 -1
GCP,adapt_p60-00000000000001_a22-5_564_map.h5,7.82491,10,289,788,30.000000:22.500000,1298,True,18,5,1298,0.952408,7.28905,0,0.0129332,1296 1297 1298 1235 -1
GCP,adapt_p48-18968510422141_a101-24999999999999_78_map.h5,7.89098,10,602,726,41.810314:101.250000,1481,True,9,5,1481,0.995784,5.90883,0,0.0128336,1482 1482 1428 1481 -1
GCP,adapt_p48-18968510422141_a101-24999999999999_344_map.h5,8.89563,10,637,356,41.810314:101.250000,1481,True,6,6,1427,0.999999,8.26446,0,0.0121953,1428 1428 1427 1481 1482 -1
GCP,adapt_p23-556464309101234_a292-5_475_map.h5,6.67891,10,155,1119,66.443535:292.500000,1712,False,46,4,1737,0.615858,5.15559,0,0.012913,1761 1737 1710 -1
GCP,adapt_p11-715852394892384_a45-0_324_map.h5,3.72193,10,95,1499,78.284149:45.000000,1766,False,286,3,911,0.0901459,3.21104,0,0.0227735,1413 1296 -1
GCP,adapt_p70-52877936550931_a78-75_245_map.h5,8.82545,10,227,391,19.471220:78.750000,1181,True,22,5,1181,0.839954,7.2915,0,0.0123769,1180 1181 1182 1245 -1
GCP,adapt_p70-52877936550931_a101-24999999999999_393_map.h5,6.87451,10,627,1118,19.471220:101.250000,1185,False,10,4,1186,0.774288,4.81363,0,0.0133098,1250 1249 1186 -1
GCP,adapt_p48-18968510422141_a78-75_302_map.h5,7.89702,10,673,727,41.810314:78.750000,1478,True,10,5,1478,0.998383,7.36368,0,0.0127925,1425 1424 1478 1425 -1
GCP,adapt_p70-52877936550931_a303-75_407_map.h5,7.87565,10,679,729,19.471220:303.750000,1221,True,11,5,1221,0.99472,7.4107,0,0.0131496,1220 1221 1156 1220 -1
GCP,adapt_p35-659087696138755_a75-0_556_map.h5,7.83201,10,355,748,54.340912:75.000000,1576,True,19,5,1576,0.959286,7.82484,0,0.0128253,1619 1575 1576 1574 -1
GCP,adapt_p60-00000000000001_a0-0_486_map.h5,7.88083,10,634,712,30.000000:0.000000,1294,True,9,5,1294,0.989837,5.89459,0,0.0129952,1354 1354 1411 1294 -1
GCP,adapt_p48-18968510422141_a303-75_38_map.h5,5.81386,10,381,1528,41.810314:303.750000,1510,False,20,4,1459,0.743148,4.79145,0,0.0129678,1460 1459 1511 -1
GCP,adapt_p80-40593177313954_a112-49999999999999_276_map.h5,8.86974,10,396,374,9.594069:112.500000,1055,True,13,6,1055,0.994012,8.36489,0,0.0130746,988 988 1056 1055 1054 -1
GCP,adapt_p60-00000000000001_a45-0_83_map.h5,7.3273,10,128,793,30.000000:45.000000,1301,False,98,3,1360,0.290888,5.6418,0,0.0135117,1721 1360 -1
GCP,adapt_p70-52877936550931_a236-25_254_map.h5,7.84692,10,570,728,19.471220:236.250000,1209,True,16,5,1209,0.984067,7.27434,0,0.012892,1143 1144 1209 1210 -1
GCP,adapt_p23-556464309101234_a292-5_209_map.h5,8.89525,10,521,381,66.443535:292.500000,1712,True,9,6,1739,0.999743,8.22998,0,0.013565,1712 1712 1738 1739 1761 -1
GCP,adapt_p60-00000000000001_a45-0_461_map.h5,8.32849,10,102,365,30.000000:45.000000,1301,True,97,3,1301,0.45618,7.47389,0,0.0141063,1783 1301 -1
GCP,adapt_p60-00000000000001_a0-0_303_map.h5,6.88181,10,596,1061,30.000000:0.000000,1294,True,12,5,1295,0.998487,5.89288,0,0.0130062,1354 1354 1295 1294 -1
GCP,adapt_p48-18968510422141_a123-74999999999999_159_map.h5,8.88579,10,450,371,41.810314:123.750000,1484,True,10,6,1485,0.998389,8.21454,0,0.0130213,1431 1431 1484 1485 1536 -1
GCP,adapt_p23-556464309101234_a112-5_195_map.h5,8.84313,10,381,378,66.443535:112.500000,1697,True,18,5,1726,0.936496,7.09027,0,0.0126992,1662 1697 1726 1725 -1
GCP,adapt_p35-659087696138755_a285-0_200_map.h5,5.83692,10,456,1471,54.340912:285.000000,1601,True,13,4,1601,0.931653,4.90842,0,0.012882,1600 1556 1601 -1
GCP,adapt_p48-18968510422141_a213-75_404_map.h5,8.86196,10,352,380,41.810314:213.750000,1497,False,16,6,1446,0.968936,8.2742,0,0.0128739,1447 1447 1446 1499 1498 -1
GCP,adapt_p80-40593177313954_a135-0_531_map.h5,7.87369,10,604,789,9.594069:135.000000,1059,True,10,5,1124,0.783435,6.09297,0,0.0131168,1058 1058 1124 1059 -1
GCP,adapt_p80-40593177313954_a337-49999999999994_392_map.h5,7.88263,10,540,750,9.594069:337.500000,1097,True,12,5,1096,0.999404,5.91225,0,0.0132027,1029 1029 1097 1096 -1
GCP,adapt_p60-00000000000001_a22-5_67_map.h5,6.87239,10,522,1112,30.000000:22.500000,1298,True,12,5,1298,0.988371,5.85979,0,0.0124358,1357 1357 1298 1297 -1
GCP,adapt_p48-18968510422141_a78-75_208_map.h5,6.80696,10,252,1077,41.810314:78.750000,1478,True,25,4,1479,0.739918,4.97652,0,0.0128609,1426 1479 1478 -1
GCP,adapt_p35-659087696138755_a224-99999999999997_20_map.h5,8.61585,10,110,380,54.340912:225.000000,1594,False,48,5,1636,0.769903,7.34759,0,0.0129881,1592 1635 1636 1673 -1
GCP,adapt_p80-40593177313954_a45-0_568_map.h5,6.86992,10,653,1061,9.594069:45.000000,1042,True,12,5,1042,0.871507,5.86994,0,0.0128885,1108 1108 1042 1043 -1
GCP,adapt_p48-18968510422141_a191-25_333_map.h5,6.70291,10,195,1096,41.810314:191.250000,1494,False,42,4,1441,0.600538,5.36153,0,0.0129153,1544 1441 1440 -1
GCP,adapt_p23-556464309101234_a67-5_460_map.h5,6.83492,10,280,1094,66.443535:67.500000,1693,False,19,4,1657,0.823622,4.78101,0,0.0129298,1692 1656 1657 -1
GCP,adapt_p60-00000000000001_a67-5_70_map.h5,7.88309,10,522,692,30.000000:67.500000,1305,True,10,5,1306,0.977387,5.80651,0,0.0126894,1243 1243 1306 1305 -1
GCP,adapt_p80-40593177313954_a45-0_245_map.h5,5.81576,10,437,1493,9.594069:45.000000,1042,True,17,4,1043,0.74575,4.91774,0,0.0130922,1042 1043 1044 -1
GCP,adapt_p48-18968510422141_a303-75_213_map.h5,7.87481,10,522,749,41.810314:303.750000,1510,True,12,5,1510,0.915993,7.41985,0,0.0130281,1459 1458 1510 1459 -1
GCP,adapt_p60-00000000000001_a292-5_478_map.h5,6.83183,10,457,1049,30.000000:292.500000,1343,True,18,4,1401,0.866584,4.70705,0,0.0130124,1457 1401 1343 -1
GCP,adapt_p70-52877936550931_a281-24999999999994_18_map.h5,6.82924,10,494,1109,19.471220:281.250000,1217,False,17,5,1153,0.850125,5.81227,0,0.0125451,1219 1219 1154 1153 -1
GCP,adapt_p80-40593177313954_a135-0_406_map.h5,7.66283,10,194,688,9.594069:135.000000,1059,False,41,5,992,0.674402,7.3977,0,0.0130279,994 993 992 991 -1
GCP,adapt_p60-00000000000001_a45-0_204_map.h5,7.83154,10,142,760,30.000000:45.000000,1301,True,19,5,1360,0.946149,7.17159,0,0.0132827,1419 1361 1360 1301 -1
GCP,adapt_p60-00000000000001_a0-0_459_map.h5,5.82062,10,188,1503,30.000000:0.000000,1294,False,23,4,1354,0.699016,4.89165,0,0.0132535,1296 1295 1354 -1
GCP,adapt_p60-00000000000001_a315-0_522_map.h5,7.89115,10,603,739,30.000000:315.000000,1346,True,8,5,1346,0.999887,7.52127,0,0.0126638,1347 1346 1285 1347 -1
GCP,adapt_p60-00000000000001_a157-5_515_map.h5,6.87752,10,554,1114,30.000000:157.500000,1320,True,12,5,1320,0.940553,5.91196,0,0.012344,1379 1379 1320 1378 -1
GCP,adapt_p80-40593177313954_a157-5_23_map.h5,8.80816,10,198,370,9.594069:157.500000,1063,True,22,6,1129,0.827759,8.3958,0,0.0126988,1130 1130 1063 1129 1195 -1
GCP,adapt_p70-52877936550931_a213-75_424_map.h5,7.8926,10,757,704,19.471220:213.750000,1205,True,11,5,1204,0.997249,5.86127,0,0.0132499,1139 1139 1204 1205 -1
GCP,adapt_p80-40593177313954_a224-99999999999997_347_map.h5,3.40165,10,118,1438,9.594069:225.000000,1076,False,380,2,1014,0,0.0281174,0,0.0281174,1328 -1
GCP,adapt_p48-18968510422141_a33-75_2_map.h5,8.89795,10,515,356,41.810314:33.750000,1471,True,10,6,1472,0.997842,8.21334,0,0.0128388,1471 1471 1472 1524 1525 -1
GCP,adapt_p60-00000000000001_a0-0_156_map.h5,5.83395,10,423,1493,30.000000:0.000000,1294,True,18,4,1294,0.914794,4.87944,0,0.0128736,1292 1353 1294 -1
GCP,adapt_p80-40593177313954_a135-0_69_map.h5,6.79585,10,270,1117,9.594069:135.000000,1059,True,22,4,1059,0.848475,4.91112,0,0.0129616,991 1059 1058 -1
GCP,adapt_p48-18968510422141_a258-75_130_map.h5,7.87633,10,436,753,41.810314:258.750000,1504,True,10,5,1504,0.978854,7.32921,0,0.0124975,1451 1452 1504 1451 -1
GCP,adapt_p35-659087696138755_a45-0_239_map.h5,7.89308,10,566,789,54.340912:45.000000,1572,True,8,5,1572,0.987991,7.40294,0,0.012749,1573 1572 1616 1573 -1
GCP,adapt_p70-52877936550931_a78-75_335_map.h5,5.84903,10,470,1491,19.471220:78.750000,1181,True,10,4,1115,0.958362,4.80621,0,0.0127798,1114 1115 1181 -1
GCP,adapt_p60-00000000000001_a315-0_17_map.h5,8.8947,10,643,371,30.000000:315.000000,1346,True,9,6,1346,0.999994,8.25397,0,0.0131258,1285 1285 1286 1347 1346 -1
GCP,adapt_p80-40593177313954_a22-5_502_map.h5,7.59402,10,176,736,9.594069:22.500000,1038,False,50,4,1036,0.54807,6.91095,0,0.0128101,1107 1036 1035 -1
GCP,adapt_p60-00000000000001_a112-49999999999999_431_map.h5,6.84691,10,358,1159,30.000000:112.500000,1313,True,18,4,1313,0.769948,4.8112,0,0.0129436,1314 1313 1372 -1
GCP,adapt_p60-00000000000001_a135-0_196_map.h5,8.43142,10,136,343,30.000000:135.000000,1316,False,76,5,1533,0.671337,8.17822,0,0.0134292,1623 1482 1533 1534 -1
GCP,adapt_p48-18968510422141_a258-75_220_map.h5,7.9769,10,90,400,41.810314:258.750000,1504,False,154,4,1344,0.441098,6.26936,0,0.0158978,1089 1343 1344 -1
GCP,adapt_p48-18968510422141_a236-25_59_map.h5,7.76558,10,89,412,41.810314:236.250000,1501,False,198,2,1552,0,0.0170486,0,0.0170486,975 -1
GCP,adapt_p23-556464309101234_a157-5_30_map.h5,7.88977,10,734,785,66.443535:157.500000,1701,False,9,5,1700,0.995368,5.85624,0,0.0130325,1666 1666 1700 1665 -1
GCP,adapt_p48-18968510422141_a101-24999999999999_163_map.h5,7.87462,10,227,745,41.810314:101.250000,1481,True,13,5,1428,0.966265,7.26188,0,0.0122103,1482 1481 1427 1428 -1
GCP,adapt_p60-00000000000001_a45-0_515_map.h5,6.86916,10,532,1116,30.000000:45.000000,1301,True,10,4,1301,0.952216,4.8125,0,0.0126666,1302 1301 1238 -1
GCP,adapt_p70-52877936550931_a348-74999999999994_14_map.h5,8.74983,10,119,369,19.471220:348.750000,1229,True,32,5,1292,0.702258,7.36481,0,0.0130098,1165 1229 1292 1230 -1
GCP,adapt_p60-00000000000001_a315-0_574_map.h5,7.88575,10,534,699,30.000000:315.000000,1346,True,10,5,1347,0.979581,7.41793,0,0.0130785,1346 1347 1286 1346 -1
GCP,adapt_p70-52877936550931_a123-74999999999999_498_map.h5,6.86284,10,428,1150,19.471220:123.750000,1189,True,15,4,1123,0.730574,4.82274,0,0.0129902,1190 1189 1123 -1
GCP,adapt_p23-556464309101234_a202-5_121_map.h5,7.87486,10,456,752,66.443535:202.500000,1704,True,13,5,1704,0.902208,7.1647,0,0.0129541,1705 1704 1670 1671 -1
GCP,adapt_p48-18968510422141_a348-74999999999994_428_map.h5,8.90232,10,513,336,41.810314:348.750000,1517,True,8,6,1517,0.999882,8.38528,0,0.012524,1465 1465 1516 1517 1466 -1
GCP,adapt_p80-40593177313954_a292-5_58_map.h5,6.34436,10,183,1175,9.594069:292.500000,1088,False,86,2,1021,0,0.0134881,0,0.0134881,1504 -1
GCP,adapt_p23-556464309101234_a292-5_471_map.h5,8.80608,10,171,390,66.443535:292.500000,1712,False,25,5,1739,0.842392,7.15374,0,0.0127755,1681 1713 1739 1740 -1
GCP,adapt_p48-18968510422141_a191-25_375_map.h5,7.89433,10,579,696,41.810314:191.250000,1494,True,10,5,1494,0.995425,7.40578,0,0.0124867,1493 1494 1441 1493 -1
GCP,adapt_p70-52877936550931_a303-75_300_map.h5,8.79154,10,164,353,19.471220:303.750000,1221,False,25,5,1220,0.863154,7.2064,0,0.013284,1155 1220 1219 1282 -1
GCP,adapt_p70-52877936550931_a123-74999999999999_238_map.h5,6.86807,10,454,1121,19.471220:123.750000,1189,False,15,4,1190,0.928237,4.82802,0,0.0127522,1124 1190 1191 -1
GCP,adapt_p70-52877936550931_a348-74999999999994_50_map.h5,7.76952,10,388,755,19.471220:348.750000,1229,True,22,5,1228,0.716174,7.3558,0,0.0123396,1292 1229 1228 1227 -1
GCP,adapt_p80-40593177313954_a180-0_94_map.h5,7.87132,10,448,720,9.594069:180.000000,1067,True,13,5,1067,0.982283,7.25774,0,0.0125239,1133 1132 1066 1067 -1
GCP,adapt_p48-18968510422141_a281-24999999999994_40_map.h5,7.89206,10,648,732,41.810314:281.250000,1507,True,6,5,1507,0.995986,5.82623,0,0.0127376,1557 1557 1508 1507 -1
GCP,adapt_p11-715852394892384_a315-0_465_map.h5,8.87159,10,342,416,78.284149:315.000000,1778,True,15,6,1762,0.996551,8.05852,0,0.0132262,1779 1779 1778 1762 1763 -1
GCP,adapt_p23-556464309101234_a157-5_426_map.h5,6.36542,10,83,1171,66.443535:157.500000,1701,False,79,4,1534,0.582911,5.72903,0,0.0134143,1626 1535 1534 -1
GCP,adapt_p70-52877936550931_a168-74999999999997_524_map.h5,8.76472,10,216,365,19.471220:168.750000,1197,True,31,5,1195,0.836637,8.20535,0,0.0131187,1197 1129 1195 1194 -1
GCP,adapt_p11-715852394892384_a135-0_162_map.h5,7.8919,10,667,758,78.284149:135.000000,1770,False,7,5,1752,0.969697,7.18077,0,0.0129246,1771 1753 1752 1771 -1
GCP,adapt_p80-40593177313954_a90-0_9_map.h5,7.88078,10,480,744,9.594069:90.000000,1051,True,12,5,1050,0.996167,5.91861,0,0.0130653,1049 1049 1050 1051 -1
GCP,adapt_p48-18968510422141_a258-75_472_map.h5,7.87826,10,570,749,41.810314:258.750000,1504,False,12,5,1450,0.929552,7.70353,0,0.0125626,1451 1450 1502 1451 -1
GCP,adapt_p60-00000000000001_a22-5_0_map.h5,7.69497,10,157,801,30.000000:22.500000,1298,False,40,4,1296,0.570627,5.50728,0,0.0128662,1294 1296 1297 -1
GCP,adapt_p48-18968510422141_a303-75_40_map.h5,8.70393,10,162,368,41.810314:303.750000,1510,True,36,5,1403,0.665003,7.13535,0,0.0128962,1510 1458 1402 1403 -1
GCP,adapt_p80-40593177313954_a292-5_224_map.h5,8.88454,10,658,359,9.594069:292.500000,1088,True,11,5,1088,0.997759,5.91882,0,0.0132706,1087 1087 1088 1089 -1
GCP,adapt_p60-00000000000001_a180-0_359_map.h5,7.87618,10,383,760,30.000000:180.000000,1324,True,13,5,1382,0.964258,7.33315,0,0.0126383,1381 1382 1323 1324 -1
GCP,adapt_p35-659087696138755_a285-0_592_map.h5,8.85907,10,562,333,54.340912:285.000000,1601,True,11,6,1601,0.998999,8.25288,0,0.0127649,1602 1602 1601 1642 1643 -1
GCP,adapt_p80-40593177313954_a202-49999999999997_484_map.h5,8.87407,10,485,365,9.594069:202.500000,1072,True,12,6,1072,0.991193,8.35833,0,0.0127596,1071 1071 1004 1072 1073 -1
GCP,adapt_p11-715852394892384_a315-0_313_map.h5,8.74216,10,153,336,78.284149:315.000000,1778,True,40,5,1778,0.759583,7.15375,0,0.0126662,1797 1790 1778 1777 -1
GCP,adapt_p80-40593177313954_a247-49999999999997_188_map.h5,7.85486,10,319,762,9.594069:247.500000,1080,True,14,5,1081,0.920013,7.27671,0,0.0130343,1146 1147 1081 1080 -1
GCP,adapt_p80-40593177313954_a67-5_254_map.h5,6.64878,10,144,1222,9.594069:67.500000,1047,False,48,4,1113,0.570842,4.98665,0,0.0130516,1045 1046 1113 -1
GCP,adapt_p70-52877936550931_a326-24999999999994_567_map.h5,6.86227,10,437,1078,19.471220:326.250000,1225,False,14,4,1161,0.849123,4.93478,0,0.0125567,1096 1161 1160 -1
GCP,adapt_p48-18968510422141_a56-24999999999999_26_map.h5,6.87512,10,559,1126,41.810314:56.250000,1475,True,11,5,1474,0.959299,5.78359,0,0.0126888,1420 1420 1474 1475 -1
GCP,adapt_p70-52877936550931_a281-24999999999994_217_map.h5,8.88389,10,522,337,19.471220:281.250000,1217,True,12,6,1217,0.997709,8.18642,0,0.0129411,1279 1279 1216 1217 1152 -1
GCP,adapt_p35-659087696138755_a195-0_459_map.h5,8.88854,10,733,377,54.340912:195.000000,1590,True,7,6,1633,0.999954,8.22737,0,0.0123492,1632 1632 1633 1591 1590 -1
GCP,adapt_p70-52877936550931_a78-75_535_map.h5,7.84998,10,501,780,19.471220:78.750000,1181,True,14,5,1244,0.921389,7.43354,0,0.0128458,1243 1244 1245 1181 -1
GCP,adapt_p11-715852394892384_a315-0_252_map.h5,7.82996,10,328,670,78.284149:315.000000,1778,False,20,5,1779,0.87497,7.06071,0,0.0128704,1791 1779 1763 1762 -1
GCP,adapt_p70-52877936550931_a168-74999999999997_407_map.h5,8.78293,10,205,381,19.471220:168.750000,1197,True,22,5,1261,0.875439,7.23859,0,0.0129028,1262 1261 1260 1197 -1
GCP,adapt_p35-659087696138755_a14-999999999999998_352_map.h5,8.87035,10,350,408,54.340912:15.000000,1568,True,11,6,1569,0.995526,8.61668,0,0.0124642,1613 1613 1570 1569 1568 -1
GCP,adapt_p23-556464309101234_a247-49999999999997_357_map.h5,7.52652,10,191,743,66.443535:247.500000,1708,False,78,5,1796,0.619355,7.00841,0,0.0133063,1783 1797 1796 1789 -1
GCP,adapt_p70-52877936550931_a348-74999999999994_283_map.h5,4.08484,10,129,1891,19.471220:348.750000,1229,False,123,3,1347,0.266412,3.67399,0,0.0140027,1283 1347 -1
GCP,adapt_p48-18968510422141_a236-25_13_map.h5,8.89046,10,538,375,41.810314:236.250000,1501,True,8,6,1448,0.996235,8.29089,0,0.0123694,1447 1447 1500 1501 1448 -1
GCP,adapt_p70-52877936550931_a348-74999999999994_538_map.h5,8.87971,10,528,369,19.471220:348.750000,1229,True,13,5,1229,0.998529,7.39953,0,0.0131262,1230 1229 1228 1164 -1
GCP,adapt_p11-715852394892384_a315-0_541_map.h5,6.87533,10,572,1154,78.284149:315.000000,1778,False,12,5,1763,0.936827,5.71796,0,0.0125115,1779 1779 1763 1762 -1
GCP,adapt_p70-52877936550931_a348-74999999999994_255_map.h5,8.88014,10,628,364,19.471220:348.750000,1229,True,10,6,1229,0.999505,8.41439,0,0.0126823,1164 1164 1228 1229 1165 -1
GCP,adapt_p70-52877936550931_a78-75_442_map.h5,5.60697,10,142,1507,19.471220:78.750000,1181,False,51,4,1183,0.503069,5.60335,0,0.012877,1249 1247 1183 -1
GCP,adapt_p80-40593177313954_a22-5_572_map.h5,5.87844,10,406,1526,9.594069:22.500000,1038,False,10,4,1106,0.985989,4.8746,0,0.0124104,1105 1106 1040 -1
GCP,adapt_p70-52877936550931_a123-74999999999999_334_map.h5,6.21733,10,27,416,19.471220:123.750000,1189,False,445,4,1291,0.184135,5.83378,0,0.0343772,1097 1290 1291 -1
GCP,adapt_p60-00000000000001_a292-5_398_map.h5,4.39307,10,131,1953,30.000000:292.500000,1343,False,71,3,1092,0.366439,3.59353,0,0.0127572,1089 1092 -1
GCP,adapt_p11-715852394892384_a315-0_101_map.h5,7.81481,10,251,738,78.284149:315.000000,1778,False,23,5,1763,0.90594,7.03944,0,0.0130026,1780 1779 1763 1762 -1
GCP,adapt_p80-40593177313954_a337-49999999999994_300_map.h5,6.78882,10,273,1089,9.594069:337.500000,1097,True,24,4,1098,0.824311,4.91766,0,0.0130123,1096 1097 1098 -1
GCP,adapt_p70-52877936550931_a191-25_252_map.h5,8.86509,10,395,332,19.471220:191.250000,1201,True,12,6,1264,0.980251,8.3869,0,0.0127404,1265 1265 1201 1264 1326 -1
GCP,adapt_p70-52877936550931_a33-75_15_map.h5,7.79933,10,467,801,19.471220:33.750000,1173,True,22,5,1237,0.837293,7.30535,0,0.0124993,1238 1237 1236 1173 -1
GCP,adapt_p80-40593177313954_a292-5_312_map.h5,6.79104,10,402,1124,9.594069:292.500000,1088,True,27,4,1088,0.800909,4.85019,0,0.0127776,1154 1088 1087 -1
GCP,adapt_p11-715852394892384_a135-0_356_map.h5,8.88504,10,463,390,78.284149:135.000000,1770,True,11,6,1752,0.998198,8.24198,0,0.0127766,1771 1771 1753 1752 1770 -1
GCP,adapt_p60-00000000000001_a224-99999999999997_399_map.h5,6.86182,10,510,1139,30.000000:225.000000,1331,False,15,4,1389,0.854432,4.83045,0,0.013001,1330 1388 1389 -1
GCP,adapt_p70-52877936550931_a146-25_52_map.h5,6.65662,10,208,1072,19.471220:146.250000,1193,False,45,4,1194,0.431479,5.9173,0,0.0132264,1377 1194 1195 -1
GCP,adapt_p70-52877936550931_a191-25_87_map.h5,8.87134,10,486,321,19.471220:191.250000,1201,True,11,6,1201,0.985719,8.25159,0,0.012482,1202 1202 1201 1264 1265 -1
GCP,adapt_p48-18968510422141_a11-25_581_map.h5,8.72239,10,165,414,41.810314:11.250000,1468,True,37,5,1468,0.590154,7.27762,0,0.0124471,1415 1414 1468 1467 -1
GCP,adapt_p80-40593177313954_a247-49999999999997_485_map.h5,8.8717,10,359,402,9.594069:247.500000,1080,False,11,6,1079,0.988356,8.27352,0,0.0131316,1144 1144 1145 1079 1078 -1
GCP,adapt_p11-715852394892384_a315-0_406_map.h5,6.74278,10,343,1090,78.284149:315.000000,1778,True,29,4,1777,0.65537,4.65565,0,0.0130689,1776 1777 1778 -1
GCP,adapt_p60-00000000000001_a0-0_384_map.h5,7.8548,10,393,760,30.000000:0.000000,1294,True,15,5,1353,0.858888,7.33223,0,0.0130334,1410 1352 1353 1294 -1
GCP,adapt_p70-52877936550931_a33-75_208_map.h5,7.86922,10,378,750,19.471220:33.750000,1173,True,13,5,1173,0.944209,7.30091,0,0.0126214,1172 1173 1107 1106 -1
GCP,adapt_p35-659087696138755_a14-999999999999998_509_map.h5,6.88329,10,574,1075,54.340912:15.000000,1568,False,10,5,1613,0.996992,5.80405,0,0.0125152,1569 1569 1613 1614 -1
GCP,adapt_p60-00000000000001_a135-0_134_map.h5,7.83663,10,409,743,30.000000:135.000000,1316,True,17,5,1317,0.925829,7.28205,0,0.0132059,1375 1316 1254 1317 -1
GCP,adapt_p35-659087696138755_a165-0_319_map.h5,4.55571,10,95,1500,54.340912:165.000000,1587,False,206,3,1667,0.179153,4.124,0,0.0168879,1726 1667 -1
GCP,adapt_p60-00000000000001_a22-5_13_map.h5,8.87167,10,494,365,30.000000:22.500000,1298,True,11,6,1298,0.982359,8.33416,0,0.0131527,1357 1357 1358 1298 1235 -1
GCP,adapt_p80-40593177313954_a337-49999999999994_516_map.h5,4.91582,10,112,1487,9.594069:337.500000,1097,False,152,2,1350,0,0.0149371,0,0.0149371,1509 -1
GCP,adapt_p70-52877936550931_a213-75_180_map.h5,7.87444,10,479,743,19.471220:213.750000,1205,True,13,5,1205,0.973105,7.30052,0,0.012391,1141 1140 1205 1206 -1
GCP,adapt_p70-52877936550931_a33-75_234_map.h5,8.86846,10,313,342,19.471220:33.750000,1173,True,13,5,1173,0.990172,7.44628,0,0.0123731,1172 1173 1174 1107 -1
GCP,adapt_p48-18968510422141_a348-74999999999994_513_map.h5,6.80932,10,400,1152,41.810314:348.750000,1517,False,21,4,1466,0.789164,4.92987,0,0.0125131,1516 1465 1466 -1
GCP,adapt_p80-40593177313954_a112-49999999999999_396_map.h5,6.74593,10,228,1118,9.594069:112.500000,1055,False,31,4,987,0.653199,5.37158,0,0.0129185,1056 987 1054 -1
GCP,adapt_p48-18968510422141_a123-74999999999999_327_map.h5,7.8852,10,682,778,41.810314:123.750000,1484,True,9,5,1484,0.990306,7.32886,0,0.0126258,1431 1484 1485 1431 -1
GCP,adapt_p80-40593177313954_a337-49999999999994_414_map.h5,8.78678,10,241,375,9.594069:337.500000,1097,False,26,5,1162,0.853182,7.93451,0,0.0130618,1096 1162 1161 1163 -1
GCP,adapt_p11-715852394892384_a45-0_138_map.h5,7.81814,10,153,772,78.284149:45.000000,1766,True,26,5,1746,0.91438,7.23792,0,0.0126917,1720 1746 1766 1745 -1
GCP,adapt_p60-00000000000001_a315-0_99_map.h5,6.63776,10,209,1156,30.000000:315.000000,1346,True,47,4,1346,0.716714,5.37722,0,0.0130801,1460 1346 1345 -1
GCP,adapt_p35-659087696138755_a315-0_329_map.h5,6.86393,10,531,1165,54.340912:315.000000,1605,True,12,5,1605,0.989538,5.77908,0,0.0128967,1646 1646 1605 1604 -1
GCP,adapt_p35-659087696138755_a135-0_89_map.h5,6.85805,10,364,1055,54.340912:135.000000,1583,True,15,4,1583,0.852667,4.78183,0,0.0127702,1538 1537 1583 -1
GCP,adapt_p70-52877936550931_a123-74999999999999_217_map.h5,8.80222,10,261,354,19.471220:123.750000,1189,True,26,5,1189,0.880777,7.27234,0,0.0126086,1122 1123 1189 1188 -1
GCP,adapt_p23-556464309101234_a112-5_20_map.h5,6.8933,10,619,1127,66.443535:112.500000,1697,True,9,5,1726,0.999114,5.74508,0,0.01253,1697 1697 1726 1727 -1
GCP,adapt_p70-52877936550931_a56-24999999999999_155_map.h5,6.74541,10,316,1184,19.471220:56.250000,1177,True,28,4,1239,0.611033,5.34088,0,0.0124029,1175 1239 1177 -1
GCP,adapt_p48-18968510422141_a191-25_176_map.h5,7.81017,10,232,739,41.810314:191.250000,1494,False,23,5,1440,0.870612,7.24681,0,0.0126797,1544 1493 1440 1441 -1
GCP,adapt_p60-00000000000001_a180-0_414_map.h5,8.87872,10,663,342,30.000000:180.000000,1324,True,9,6,1324,0.998942,8.33514,0,0.0131315,1383 1383 1382 1323 1324 -1
GCP,adapt_p11-715852394892384_a135-0_397_map.h5,6.79203,10,168,1158,78.284149:135.000000,1770,False,30,4,1769,0.651894,5.06648,0,0.0128018,1786 1784 1769 -1
GCP,adapt_p70-52877936550931_a258-75_499_map.h5,5.7828,10,172,1488,19.471220:258.750000,1213,False,28,4,1147,0.813312,4.91209,0,0.0130277,1149 1148 1147 -1
GCP,adapt_p11-715852394892384_a135-0_401_map.h5,6.70962,10,109,1126,78.284149:135.000000,1770,False,43,4,1772,0.599939,5.18557,0,0.0132175,1774 1772 1771 -1
GCP,adapt_p35-659087696138755_a255-00000000000003_495_map.h5,7.89114,10,640,732,54.340912:255.000000,1598,False,9,5,1639,0.999217,5.81167,0,0.0127016,1676 1676 1639 1640 -1
GCP,adapt_p70-52877936550931_a78-75_59_map.h5,5.74525,10,166,1571,19.471220:78.750000,1181,True,30,4,1181,0.671285,5.15563,0,0.0126224,1243 1181 1115 -1
GCP,adapt_p70-52877936550931_a191-25_586_map.h5,8.88134,10,376,422,19.471220:191.250000,1201,False,12,6,1264,0.992263,8.58825,0,0.0124945,1326 1326 1263 1264 1265 -1
GCP,adapt_p80-40593177313954_a315-0_531_map.h5,8.4862,10,112,386,9.594069:315.000000,1093,True,68,4,1020,0.336869,7.96183,0,0.0136728,1224 1093 1020 -1
GCP,adapt_p60-00000000000001_a45-0_398_map.h5,8.89333,10,595,336,30.000000:45.000000,1301,True,8,6,1301,0.999998,8.27148,0,0.0124857,1361 1361 1360 1301 1302 -1
GCP,adapt_p35-659087696138755_a285-0_486_map.h5,6.86191,10,357,1171,54.340912:285.000000,1601,False,15,4,1678,0.78699,4.85811,0,0.0129283,1679 1678 1641 -1
GCP,adapt_p80-40593177313954_a337-49999999999994_435_map.h5,7.86787,10,427,734,9.594069:337.500000,1097,True,13,5,1097,0.976336,7.37887,0,0.0129568,1096 1097 1098 1163 -1
GCP,adapt_p48-18968510422141_a78-75_9_map.h5,6.80145,10,231,1104,41.810314:78.750000,1478,True,22,4,1424,0.753474,4.86114,0,0.012355,1529 1478 1424 -1
GCP,adapt_p35-659087696138755_a75-0_251_map.h5,7.77225,10,193,822,54.340912:75.000000,1576,False,27,5,1619,0.873279,7.22472,0,0.0125817,1574 1575 1619 1618 -1
GCP,adapt_p80-40593177313954_a337-49999999999994_251_map.h5,6.8689,10,584,1156,9.594069:337.500000,1097,True,12,5,1097,0.952821,5.91197,0,0.0129265,1029 1029 1097 1098 -1
GCP,adapt_p35-659087696138755_a285-0_334_map.h5,5.83739,10,349,1579,54.340912:285.000000,1601,False,17,5,1643,0.948213,5.84153,0,0.0124468,1642 1642 1643 1644 -1
GCP,adapt_p48-18968510422141_a123-74999999999999_121_map.h5,7.85171,10,366,733,41.810314:123.750000,1484,False,18,5,1431,0.937194,7.31933,0,0.0131133,1430 1431 1485 1432 -1
GCP,adapt_p80-40593177313954_a202-49999999999997_209_map.h5,6.82742,10,536,1143,9.594069:202.500000,1072,True,16,4,1071,0.965729,4.80938,0,0.0134302,1137 1071 1072 -1
GCP,adapt_p80-40593177313954_a247-49999999999997_363_map.h5,8.8706,10,361,386,9.594069:247.500000,1080,True,12,6,1080,0.998726,8.27452,0,0.0122543,1079 1079 1080 1146 1145 -1
GCP,adapt_p35-659087696138755_a14-999999999999998_497_map.h5,6.83774,10,308,1143,54.340912:15.000000,1568,False,18,4,1689,0.655499,4.76243,0,0.0130982,1719 1689 1688 -1
GCP,adapt_p23-556464309101234_a337-5_581_map.h5,6.75528,10,182,1145,66.443535:337.500000,1716,False,32,4,1685,0.696488,4.80805,0,0.0125637,1683 1684 1685 -1
GCP,adapt_p80-40593177313954_a45-0_121_map.h5,8.84241,10,235,361,9.594069:45.000000,1042,True,19,6,1042,0.920257,8.31996,0,0.0133995,1041 1041 1042 1108 1109 -1
GCP,adapt_p70-52877936550931_a11-25_584_map.h5,5.87366,10,462,1502,19.471220:11.250000,1169,True,11,4,1169,0.73887,4.88521,0,0.0131696,1233 1232 1169 -1
GCP,adapt_p23-556464309101234_a67-5_369_map.h5,6.65407,10,127,1068,66.443535:67.500000,1693,True,49,4,1693,0.549374,5.80465,0,0.0127811,1659 1693 1691 -1
GCP,adapt_p70-52877936550931_a168-74999999999997_556_map.h5,8.86522,10,311,388,19.471220:168.750000,1197,True,17,5,1131,0.980211,7.37916,0,0.0126218,1130 1131 1132 1197 -1
GCP,adapt_p48-18968510422141_a33-75_315_map.h5,8.90129,10,751,382,41.810314:33.750000,1471,True,8,6,1417,0.999984,8.54756,0,0.0125439,1471 1471 1416 1417 1472 -1
GCP,adapt_p60-00000000000001_a0-0_98_map.h5,7.75819,10,253,770,30.000000:0.000000,1294,True,25,5,1294,0.859947,7.36712,0,0.012626,1295 1294 1353 1293 -1
GCP,adapt_p60-00000000000001_a337-49999999999994_383_map.h5,7.88856,10,499,785,30.000000:337.500000,1350,True,10,5,1351,0.88383,5.89817,0,0.0122817,1350 1350 1408 1351 -1
GCP,adapt_p60-00000000000001_a90-0_187_map.h5,3.51832,10,73,1498,30.000000:90.000000,1309,False,373,2,1270,0,0.0283372,0,0.0283372,1335 -1
GCP,adapt_p70-52877936550931_a56-24999999999999_450_map.h5,7.82116,10,587,823,19.471220:56.250000,1177,False,10,5,1112,0.919126,7.41702,0,0.0126501,1179 1178 1112 1179 -1
GCP,adapt_p60-00000000000001_a315-0_324_map.h5,7.86383,10,404,756,30.000000:315.000000,1346,True,11,5,1346,0.985556,5.82969,0,0.0130106,1404 1404 1346 1347 -1
GCP,adapt_p70-52877936550931_a326-24999999999994_84_map.h5,6.86918,10,542,1149,19.471220:326.250000,1225,True,12,5,1225,0.977208,5.87687,0,0.0126393,1287 1287 1224 1225 -1
GCP,adapt_p11-715852394892384_a135-0_342_map.h5,7.87117,10,474,766,78.284149:135.000000,1770,True,11,5,1752,0.871901,5.74765,0,0.0126442,1770 1770 1771 1752 -1
GCP,adapt_p70-52877936550931_a146-25_121_map.h5,8.84208,10,438,370,19.471220:146.250000,1193,True,18,5,1193,0.953188,7.54513,0,0.0127466,1195 1194 1193 1257 -1
GCP,adapt_p48-18968510422141_a101-24999999999999_365_map.h5,8.24282,10,88,422,41.810314:101.250000,1481,False,110,5,1309,0.706365,7.98591,0,0.0140257,1366 1309 1310 1247 -1
GCP,adapt_p80-40593177313954_a315-0_255_map.h5,8.87859,10,365,393,9.594069:315.000000,1093,True,13,6,1092,0.985043,8.31749,0,0.0122466,1093 1093 1092 1158 1157 -1
GCP,adapt_p70-52877936550931_a123-74999999999999_245_map.h5,7.88061,10,710,695,19.471220:123.750000,1189,True,12,5,1189,0.981094,7.40248,0,0.0132247,1253 1252 1189 1253 -1
GCP,adapt_p70-52877936550931_a213-75_114_map.h5,7.88724,10,624,710,19.471220:213.750000,1205,True,10,5,1205,0.996316,5.81338,0,0.0125826,1268 1268 1205 1204 -1
GCP,adapt_p35-659087696138755_a344-99999999999994_266_map.h5,8.8537,10,280,348,54.340912:345.000000,1609,True,17,6,1649,0.959894,8.22629,0,0.0131197,1650 1650 1649 1608 1609 -1
GCP,adapt_p60-00000000000001_a135-0_352_map.h5,7.79975,10,213,764,30.000000:135.000000,1316,True,23,5,1317,0.888606,7.36051,0,0.0130605,1318 1376 1317 1316 -1
GCP,adapt_p48-18968510422141_a101-24999999999999_174_map.h5,8.90315,10,574,355,41.810314:101.250000,1481,True,9,6,1428,0.999984,8.27887,0,0.0126854,1481 1481 1482 1428 1427 -1
GCP,adapt_p23-556464309101234_a337-5_177_map.h5,8.88898,10,719,366,66.443535:337.500000,1716,True,9,5,1716,0.987083,5.75857,0,0.0128448,1684 1684 1716 1717 -1
GCP,adapt_p80-40593177313954_a337-49999999999994_241_map.h5,6.78315,10,494,1111,9.594069:337.500000,1097,True,21,4,1098,0.74116,4.89649,0,0.0126652,1164 1098 1097 -1
GCP,adapt_p48-18968510422141_a168-74999999999997_365_map.h5,6.8332,10,449,1105,41.810314:168.750000,1491,True,16,4,1491,0.763274,4.76058,0,0.0126442,1438 1491 1542 -1
GCP,adapt_p60-00000000000001_a292-5_426_map.h5,7.88009,10,690,749,30.000000:292.500000,1343,True,11,5,1342,0.990158,5.80871,0,0.0127233,1400 1400 1342 1343 -1
GCP,adapt_p80-40593177313954_a180-0_101_map.h5,7.77085,10,266,729,9.594069:180.000000,1067,False,30,4,1001,0.517016,5.52642,0,0.0129884,999 1001 1069 -1
GCP,adapt_p23-556464309101234_a22-5_491_map.h5,6.82288,10,277,1136,66.443535:22.500000,1689,False,21,4,1718,0.715287,4.7798,0,0.0129304,1743 1718 1719 -1
GCP,adapt_p60-00000000000001_a0-0_244_map.h5,6.6891,10,261,1114,30.000000:0.000000,1294,False,41,4,1464,0.476647,5.41718,0,0.0127432,1350 1464 1465 -1
GCP,adapt_p48-18968510422141_a303-75_14_map.h5,6.84877,10,391,1160,41.810314:303.750000,1510,False,14,4,1402,0.938421,4.78911,0,0.0130505,1457 1458 1402 -1
GCP,adapt_p70-52877936550931_a236-25_538_map.h5,7.81081,10,230,740,19.471220:236.250000,1209,True,23,5,1272,0.838539,7.25703,0,0.0130004,1334 1272 1209 1210 -1
GCP,adapt_p60-00000000000001_a337-49999999999994_333_map.h5,8.89555,10,554,390,30.000000:337.500000,1350,True,8,6,1350,0.999793,8.4393,0,0.0122652,1408 1408 1351 1350 1407 -1
GCP,adapt_p35-659087696138755_a195-0_45_map.h5,8.84926,10,249,389,54.340912:195.000000,1590,False,15,6,1591,0.979795,8.2345,0,0.0125574,1592 1592 1591 1546 1545 -1
GCP,adapt_p80-40593177313954_a0-0_316_map.h5,7.73181,10,149,764,9.594069:0.000000,1034,True,29,5,1034,0.856765,7.3604,0,0.01303,1166 1100 1034 1035 -1
GCP,adapt_p35-659087696138755_a105-0_350_map.h5,6.87829,10,446,1161,54.340912:105.000000,1579,True,10,4,1623,0.927782,4.81301,0,0.013549,1579 1580 1623 -1
GCP,adapt_p48-18968510422141_a191-25_262_map.h5,6.88387,10,592,1089,41.810314:191.250000,1494,True,10,4,1494,0.92514,4.84881,0,0.0129579,1545 1544 1494 -1
GCP,adapt_p70-52877936550931_a281-24999999999994_550_map.h5,6.76828,10,248,1191,19.471220:281.250000,1217,True,27,4,1217,0.564373,5.00418,0,0.0125472,1278 1216 1217 -1
GCP,adapt_p80-40593177313954_a67-5_503_map.h5,5.74586,10,300,1477,9.594069:67.500000,1047,False,30,4,1046,0.734075,4.91116,0,0.0130051,978 1046 1045 -1
GCP,adapt_p35-659087696138755_a105-0_425_map.h5,7.87837,10,450,734,54.340912:105.000000,1579,True,10,5,1622,0.991746,7.325,0,0.0124538,1623 1622 1579 1623 -1
GCP,adapt_p48-18968510422141_a101-24999999999999_70_map.h5,6.9127,10,98,371,41.810314:101.250000,1481,False,324,3,1354,0.147947,5.57031,0,0.0247102,1096 1354 -1
GCP,adapt_p48-18968510422141_a56-24999999999999_474_map.h5,8.89028,10,678,349,41.810314:56.250000,1475,True,8,6,1475,0.999136,8.21672,0,0.0125388,1474 1474 1475 1421 1420 -1
GCP,adapt_p48-18968510422141_a303-75_41_map.h5,6.83677,10,384,1069,41.810314:303.750000,1510,False,19,4,1458,0.886557,4.78932,0,0.0130541,1402 1458 1457 -1
GCP,adapt_p35-659087696138755_a14-999999999999998_104_map.h5,5.86191,10,431,1491,54.340912:15.000000,1568,True,14,4,1521,0.740501,4.82623,0,0.0129311,1567 1568 1521 -1
GCP,adapt_p60-00000000000001_a180-0_339_map.h5,7.81696,10,299,725,30.000000:180.000000,1324,False,19,5,1384,0.915525,7.31738,0,0.0128549,1385 1384 1326 1325 -1
GCP,adapt_p35-659087696138755_a14-999999999999998_172_map.h5,7.88925,10,571,769,54.340912:15.000000,1568,False,9,5,1569,0.988605,5.81288,0,0.012589,1613 1613 1569 1570 -1
GCP,adapt_p80-40593177313954_a112-49999999999999_5_map.h5,8.88549,10,614,415,9.594069:112.500000,1055,True,10,6,1055,0.999521,8.3732,0,0.0123275,1056 1056 1055 987 988 -1
GCP,adapt_p80-40593177313954_a22-5_217_map.h5,8.54099,10,134,391,9.594069:22.500000,1038,False,63,5,1171,0.410507,7.37292,0,0.0128426,1234 1171 1104 1103 -1
GCP,adapt_p70-52877936550931_a326-24999999999994_322_map.h5,5.85739,10,385,1530,19.471220:326.250000,1225,True,13,4,1225,0.950844,4.88076,0,0.0124769,1288 1225 1226 -1
GCP,adapt_p23-556464309101234_a202-5_67_map.h5,6.87449,10,552,1140,66.443535:202.500000,1704,False,12,5,1705,0.898039,5.87763,0,0.0132543,1733 1733 1732 1705 -1
GCP,adapt_p11-715852394892384_a315-0_82_map.h5,7.89829,10,708,715,78.284149:315.000000,1778,True,9,5,1762,0.995226,7.37377,0,0.0125221,1763 1762 1778 1763 -1
GCP,adapt_p80-40593177313954_a180-0_453_map.h5,6.84523,10,534,1131,9.594069:180.000000,1067,True,17,4,1067,0.923323,4.91723,0,0.0125892,1065 1066 1067 -1
GCP,adapt_p80-40593177313954_a202-49999999999997_575_map.h5,6.92931,10,168,709,9.594069:202.500000,1072,False,154,4,1071,0.285236,5.32621,0,0.0154497,1266 1137 1071 -1
GCP,adapt_p60-00000000000001_a135-0_495_map.h5,6.78098,10,519,1104,30.000000:135.000000,1316,True,10,4,1375,0.915512,4.82805,0,0.0128451,1317 1316 1375 -1
GCP,adapt_p35-659087696138755_a344-99999999999994_361_map.h5,7.84207,10,427,682,54.340912:345.000000,1609,True,13,5,1609,0.97149,7.2491,0,0.0127475,1608 1609 1650 1649 -1
GCP,adapt_p60-00000000000001_a202-49999999999997_141_map.h5,8.87292,10,400,355,30.000000:202.500000,1328,True,14,6,1387,0.996962,8.28846,0,0.0129248,1386 1386 1387 1329 1328 -1
GCP,adapt_p80-40593177313954_a135-0_364_map.h5,5.75897,10,236,1538,9.594069:135.000000,1059,False,28,4,1058,0.764248,5.51955,0,0.0128617,1060 1058 1057 -1
GCP,adapt_p70-52877936550931_a123-74999999999999_577_map.h5,5.75326,10,240,1414,19.471220:123.750000,1189,False,30,4,1187,0.622912,5.19544,0,0.012599,1122 1187 1251 -1
GCP,adapt_p35-659087696138755_a45-0_229_map.h5,8.87592,10,285,389,54.340912:45.000000,1572,True,14,6,1572,0.999453,8.1944,0,0.0129071,1615 1615 1616 1572 1571 -1
GCP,adapt_p48-18968510422141_a168-74999999999997_217_map.h5,8.90174,10,791,301,41.810314:168.750000,1491,True,7,6,1438,0.999999,8.22026,0,0.0130899,1439 1439 1438 1491 1492 -1
GCP,adapt_p35-659087696138755_a165-0_95_map.h5,4.3056,10,85,1488,54.340912:165.000000,1587,False,251,2,1588,0,0.0188648,0,0.0188648,1445 -1
GCP,adapt_p60-00000000000001_a157-5_59_map.h5,6.73881,10,223,1072,30.000000:157.500000,1320,True,35,4,1320,0.660732,5.06396,0,0.0130179,1257 1320 1378 -1
GCP,adapt_p23-556464309101234_a67-5_6_map.h5,3.72899,10,116,1876,66.443535:67.500000,1693,False,187,2,1617,0,0.0166606,0,0.0166606,1043 -1
GCP,adapt_p48-18968510422141_a213-75_48_map.h5,8.72465,10,164,344,41.810314:213.750000,1497,False,36,5,1445,0.761101,7.37415,0,0.0131781,1390 1446 1445 1444 -1
GCP,adapt_p11-715852394892384_a135-0_248_map.h5,7.88055,10,440,707,78.284149:135.000000,1770,False,12,5,1752,0.929548,5.78799,0,0.0122809,1753 1753 1752 1771 -1
GCP,adapt_p48-18968510422141_a348-74999999999994_282_map.h5,6.82592,10,576,1086,41.810314:348.750000,1517,True,19,4,1465,0.868449,4.85707,0,0.0128922,1464 1465 1517 -1
GCP,adapt_p60-00000000000001_a270-0_156_map.h5,8.75038,10,219,362,30.000000:270.000000,1339,True,33,5,1339,0.796647,7.25056,0,0.0124363,1398 1340 1339 1338 -1
GCP,adapt_p70-52877936550931_a303-75_469_map.h5,7.86047,10,437,721,19.471220:303.750000,1221,True,14,5,1221,0.948699,7.30288,0,0.0123492,1283 1284 1221 1222 -1
GCP,adapt_p80-40593177313954_a315-0_299_map.h5,7.86114,10,406,787,9.594069:315.000000,1093,True,13,5,1159,0.981004,7.23753,0,0.012666,1093 1159 1158 1223 -1
GCP,adapt_p48-18968510422141_a168-74999999999997_153_map.h5,8.74026,10,170,350,41.810314:168.750000,1491,False,35,5,1438,0.692786,7.31595,0,0.0125489,1490 1437 1380 1438 -1
GCP,adapt_p60-00000000000001_a112-49999999999999_72_map.h5,6.86825,10,485,1194,30.000000:112.500000,1313,True,11,5,1313,0.997776,5.87996,0,0.0125729,1250 1250 1313 1312 -1
GCP,adapt_p70-52877936550931_a11-25_280_map.h5,6.84136,10,488,1166,19.471220:11.250000,1169,True,14,5,1169,0.846594,5.88918,0,0.012443,1103 1103 1169 1170 -1
GCP,adapt_p35-659087696138755_a315-0_380_map.h5,8.79165,10,197,377,54.340912:315.000000,1605,False,26,5,1606,0.865234,7.1379,0,0.0131587,1563 1607 1606 1647 -1
GCP,adapt_p35-659087696138755_a165-0_321_map.h5,6.62331,10,45,391,54.340912:165.000000,1587,False,377,2,1485,0,0.0284432,0,0.0284432,1675 -1
GCP,adapt_p60-00000000000001_a157-5_486_map.h5,6.79389,10,172,1117,30.000000:157.500000,1320,True,23,4,1320,0.701447,5.20625,0,0.0129163,1259 1320 1319 -1
GCP,adapt_p60-00000000000001_a0-0_583_map.h5,8.90682,10,662,388,30.000000:0.000000,1294,True,9,6,1353,0.999935,8.34087,0,0.0129844,1352 1352 1353 1411 1294 -1
GCP,adapt_p60-00000000000001_a224-99999999999997_465_map.h5,7.85994,10,552,766,30.000000:225.000000,1331,True,14,5,1270,0.828194,7.29177,0,0.0128733,1332 1331 1269 1270 -1
GCP,adapt_p60-00000000000001_a67-5_395_map.h5,3.89049,10,149,1884,30.000000:67.500000,1305,False,153,3,1314,0.2852,3.85665,0,0.0152444,1120 1314 -1
GCP,adapt_p70-52877936550931_a56-24999999999999_424_map.h5,8.8839,10,529,380,19.471220:56.250000,1177,True,12,6,1177,0.999561,8.21364,0,0.012934,1111 1111 1177 1178 1241 -1
GCP,adapt_p60-00000000000001_a135-0_398_map.h5,6.74706,10,159,1161,30.000000:135.000000,1316,True,31,4,1316,0.685935,5.01433,0,0.0127773,1374 1316 1317 -1
GCP,adapt_p60-00000000000001_a90-0_196_map.h5,6.85893,10,480,1158,30.000000:90.000000,1309,True,14,4,1309,0.934285,4.79189,0,0.0129046,1367 1368 1309 -1
GCP,adapt_p60-00000000000001_a45-0_208_map.h5,5.0103,10,99,1479,30.000000:45.000000,1301,False,121,3,1043,0.219223,4.12204,0,0.0145566,1047 1043 -1
GCP,adapt_p60-00000000000001_a112-49999999999999_58_map.h5,8.89402,10,510,404,30.000000:112.500000,1313,True,10,6,1313,0.998463,8.32178,0,0.012778,1251 1251 1250 1313 1312 -1
GCP,adapt_p48-18968510422141_a123-74999999999999_417_map.h5,5.18647,10,179,1555,41.810314:123.750000,1484,False,110,3,1540,0.156177,3.84796,0,0.0144118,1321 1540 -1
GCP,adapt_p60-00000000000001_a180-0_546_map.h5,7.87075,10,450,790,30.000000:180.000000,1324,True,12,5,1324,0.993963,5.89753,0,0.013081,1382 1382 1323 1324 -1
GCP,adapt_p70-52877936550931_a191-25_343_map.h5,7.75816,10,322,796,19.471220:191.250000,1201,False,30,5,1202,0.80956,7.213,0,0.0136809,1138 1203 1202 1265 -1
GCP,adapt_p70-52877936550931_a56-24999999999999_10_map.h5,5.82193,10,423,1491,19.471220:56.250000,1177,False,18,4,1111,0.815875,4.816,0,0.0129018,1178 1112 1111 -1
GCP,adapt_p35-659087696138755_a105-0_4_map.h5,7.73075,10,175,760,54.340912:105.000000,1579,False,32,5,1622,0.69911,7.20325,0,0.0130768,1662 1661 1623 1622 -1
GCP,adapt_p70-52877936550931_a146-25_360_map.h5,8.85944,10,523,338,19.471220:146.250000,1193,True,15,6,1193,0.98945,8.311,0,0.0123864,1192 1192 1193 1194 1128 -1
GCP,adapt_p70-52877936550931_a146-25_47_map.h5,8.88482,10,558,372,19.471220:146.250000,1193,True,12,6,1193,0.99763,8.25625,0,0.0129957,1256 1256 1255 1192 1193 -1
GCP,adapt_p23-556464309101234_a247-49999999999997_156_map.h5,7.67699,10,243,729,66.443535:247.500000,1708,True,42,5,1708,0.742357,7.27143,0,0.0128316,1639 1675 1708 1709 -1
GCP,adapt_p35-659087696138755_a105-0_55_map.h5,7.88183,10,550,706,54.340912:105.000000,1579,True,10,5,1579,0.981026,5.81356,0,0.0129703,1623 1623 1580 1579 -1
GCP,adapt_p23-556464309101234_a292-5_140_map.h5,8.64483,10,104,349,66.443535:292.500000,1712,False,42,5,1680,0.807402,7.31231,0,0.0130266,1740 1713 1681 1680 -1
GCP,adapt_p60-00000000000001_a67-5_436_map.h5,7.87379,10,500,738,30.000000:67.500000,1305,False,12,5,1365,0.962387,7.41866,0,0.0130521,1366 1365 1306 1366 -1
GCP,adapt_p35-659087696138755_a135-0_219_map.h5,7.89202,10,545,755,54.340912:135.000000,1583,True,9,5,1626,0.989289,5.77023,0,0.0127951,1583 1583 1626 1625 -1
GCP,adapt_p80-40593177313954_a67-5_294_map.h5,6.85448,10,298,1155,9.594069:67.500000,1047,False,14,5,979,0.937489,5.85968,0,0.0123411,912 912 979 978 -1
GCP,adapt_p80-40593177313954_a112-49999999999999_128_map.h5,6.76625,10,238,1159,9.594069:112.500000,1055,False,26,4,1054,0.697242,5.42232,0,0.0125808,1122 1120 1054 -1
GCP,adapt_p80-40593177313954_a22-5_202_map.h5,8.87617,10,594,364,9.594069:22.500000,1038,True,12,6,1038,0.998913,8.38421,0,0.012665,1104 1104 1037 1038 1039 -1
GCP,adapt_p80-40593177313954_a67-5_210_map.h5,6.85534,10,534,1120,9.594069:67.500000,1047,True,15,5,1047,0.962573,5.84848,0,0.0124898,1113 1113 1047 1048 -1
GCP,adapt_p48-18968510422141_a258-75_213_map.h5,7.87454,10,700,749,41.810314:258.750000,1504,True,10,5,1452,0.998624,5.83206,0,0.0132699,1504 1504 1452 1451 -1
GCP,adapt_p48-18968510422141_a281-24999999999994_434_map.h5,4.61077,10,122,1149,41.810314:281.250000,1507,False,355,2,1312,0,0.0265729,0,0.0265729,1018 -1
GCP,adapt_p60-00000000000001_a337-49999999999994_371_map.h5,8.89502,10,546,335,30.000000:337.500000,1350,True,9,6,1350,0.999805,8.28006,0,0.0127863,1290 1290 1289 1350 1351 -1
GCP,adapt_p70-52877936550931_a146-25_406_map.h5,7.63485,10,244,773,19.471220:146.250000,1193,False,49,5,1127,0.768452,7.18396,0,0.0129725,1061 1127 1126 1192 -1
GCP,adapt_p35-659087696138755_a224-99999999999997_72_map.h5,6.86905,10,588,1132,54.340912:225.000000,1594,True,11,4,1594,0.969223,4.77814,0,0.0127917,1593 1594 1636 -1
GCP,adapt_p35-659087696138755_a165-0_94_map.h5,8.58531,10,115,359,54.340912:165.000000,1587,False,48,5,1628,0.743165,7.5097,0,0.0125379,1584 1628 1629 1586 -1
GCP,adapt_p35-659087696138755_a75-0_509_map.h5,6.8777,10,559,1055,54.340912:75.000000,1576,True,10,5,1619,0.995196,5.82705,0,0.0131226,1576 1576 1620 1619 -1
GCP,adapt_p60-00000000000001_a135-0_60_map.h5,6.20732,10,109,1160,30.000000:135.000000,1316,False,110,4,1346,0.576019,5.61014,0,0.0135282,1220 1345 1346 -1
GCP,adapt_p70-52877936550931_a191-25_42_map.h5,7.87884,10,633,723,19.471220:191.250000,1201,True,11,5,1135,0.985846,5.89951,0,0.0129721,1136 1136 1201 1135 -1
GCP,adapt_p23-556464309101234_a22-5_530_map.h5,8.87284,10,400,447,66.443535:22.500000,1689,True,13,6,1719,0.99474,8.1471,0,0.0129875,1720 1720 1719 1689 1688 -1
GCP,adapt_p48-18968510422141_a33-75_507_map.h5,8.46769,10,81,379,41.810314:33.750000,1471,False,72,5,1418,0.648609,7.89303,0,0.0131335,1475 1419 1418 1472 -1
GCP,adapt_p23-556464309101234_a247-49999999999997_439_map.h5,8.89495,10,716,374,66.443535:247.500000,1708,True,10,6,1709,0.998817,8.13927,0,0.0128603,1736 1736 1735 1708 1709 -1
GCP,adapt_p48-18968510422141_a78-75_436_map.h5,8.82275,10,182,351,41.810314:78.750000,1478,True,22,5,1478,0.882835,7.1756,0,0.0130498,1529 1477 1478 1424 -1
GCP,adapt_p60-00000000000001_a202-49999999999997_139_map.h5,6.80583,10,397,1104,30.000000:202.500000,1328,True,20,4,1328,0.836495,4.76913,0,0.0130021,1266 1328 1386 -1
GCP,adapt_p23-556464309101234_a292-5_523_map.h5,5.84688,10,153,1143,66.443535:292.500000,1712,False,165,2,1519,0,0.0158686,0,0.0158686,1207 -1
GCP,adapt_p60-00000000000001_a67-5_78_map.h5,7.86372,10,297,766,30.000000:67.500000,1305,True,14,5,1364,0.914133,7.24736,0,0.0131218,1306 1305 1364 1365 -1
GCP,adapt_p70-52877936550931_a101-24999999999999_538_map.h5,7.88572,10,438,728,19.471220:101.250000,1185,False,12,5,1118,0.985979,7.45069,0,0.0131347,1119 1118 1184 1119 -1
GCP,adapt_p60-00000000000001_a90-0_549_map.h5,7.78001,10,160,750,30.000000:90.000000,1309,True,27,5,1310,0.907527,7.25069,0,0.0128024,1308 1309 1310 1369 -1
GCP,adapt_p48-18968510422141_a168-74999999999997_236_map.h5,8.89094,10,534,341,41.810314:168.750000,1491,True,10,6,1437,0.999349,8.22491,0,0.0128758,1438 1438 1437 1490 1491 -1
GCP,adapt_p70-52877936550931_a146-25_184_map.h5,5.76013,10,350,1445,19.471220:146.250000,1193,True,29,4,1193,0.700542,4.87649,0,0.0127015,1256 1193 1128 -1
GCP,adapt_p70-52877936550931_a236-25_483_map.h5,6.83026,10,614,1085,19.471220:236.250000,1209,True,17,4,1209,0.73442,5.16943,0,0.012559,1271 1209 1143 -1
GCP,adapt_p11-715852394892384_a315-0_184_map.h5,8.71064,10,162,383,78.284149:315.000000,1778,True,34,5,1777,0.842964,7.08168,0,0.0130346,1796 1790 1778 1777 -1
GCP,adapt_p35-659087696138755_a255-00000000000003_404_map.h5,8.88503,10,561,330,54.340912:255.000000,1598,True,10,6,1640,0.999738,8.24985,0,0.012788,1639 1639 1640 1598 1599 -1
GCP,adapt_p48-18968510422141_a33-75_132_map.h5,6.86305,10,556,1125,41.810314:33.750000,1471,False,12,5,1418,0.948932,5.79578,0,0.0128043,1473 1473 1419 1418 -1
GCP,adapt_p60-00000000000001_a292-5_135_map.h5,4.97727,10,71,1522,30.000000:292.500000,1343,False,143,2,1221,0,0.0145374,0,0.0145374,1351 -1
GCP,adapt_p80-40593177313954_a315-0_451_map.h5,8.72086,10,256,367,9.594069:315.000000,1093,False,39,5,1159,0.738306,7.84066,0,0.0129736,1156 1092 1158 1159 -1
GCP,adapt_p35-659087696138755_a165-0_588_map.h5,8.8732,10,391,356,54.340912:165.000000,1587,True,11,6,1586,0.999815,8.25084,0,0.012611,1629 1629 1630 1587 1586 -1
GCP,adapt_p48-18968510422141_a258-75_146_map.h5,7.76016,10,266,716,41.810314:258.750000,1504,True,31,4,1504,0.496428,5.45273,0,0.0126557,1450 1504 1553 -1
GCP,adapt_p35-659087696138755_a135-0_137_map.h5,5.84606,10,434,1514,54.340912:135.000000,1583,True,13,4,1537,0.758809,4.69675,0,0.0127693,1486 1537 1583 -1
GCP,adapt_p70-52877936550931_a258-75_320_map.h5,7.71762,10,188,782,19.471220:258.750000,1213,False,38,4,1341,0.603578,5.50085,0,0.0132189,1278 1341 1342 -1
GCP,adapt_p80-40593177313954_a270-0_430_map.h5,7.82819,10,439,747,9.594069:270.000000,1084,True,19,5,1084,0.842981,7.28267,0,0.0126495,1150 1149 1083 1084 -1
GCP,adapt_p80-40593177313954_a247-49999999999997_520_map.h5,8.82692,10,411,346,9.594069:247.500000,1080,True,19,6,1080,0.838758,8.27646,0,0.0128987,1147 1147 1146 1080 1079 -1
GCP,adapt_p35-659087696138755_a285-0_480_map.h5,7.80647,10,242,704,54.340912:285.000000,1601,False,24,5,1602,0.896037,7.17335,0,0.0123478,1509 1558 1602 1603 -1
GCP,adapt_p48-18968510422141_a33-75_438_map.h5,8.87995,10,524,354,41.810314:33.750000,1471,True,10,6,1472,0.998303,8.22239,0,0.012872,1524 1524 1523 1471 1472 -1
GCP,adapt_p70-52877936550931_a101-24999999999999_25_map.h5,7.88842,10,607,768,19.471220:101.250000,1185,True,11,5,1185,0.99957,5.81156,0,0.0134484,1119 1119 1185 1184 -1
GCP,adapt_p48-18968510422141_a168-74999999999997_128_map.h5,5.59312,10,96,1540,41.810314:168.750000,1491,False,49,4,1199,0.616753,5.14327,0,0.01271,1264 1200 1199 -1
GCP,adapt_p35-659087696138755_a285-0_16_map.h5,7.884,10,621,731,54.340912:285.000000,1601,True,8,5,1601,0.999906,5.88808,0,0.0128466,1602 1602 1643 1601 -1
GCP,adapt_p60-00000000000001_a157-5_277_map.h5,7.80258,10,202,779,30.000000:157.500000,1320,True,25,5,1320,0.88865,7.21603,0,0.0132483,1259 1321 1320 1379 -1
GCP,adapt_p60-00000000000001_a90-0_538_map.h5,8.88452,10,556,346,30.000000:90.000000,1309,True,10,6,1309,0.998506,8.2423,0,0.0132901,1310 1310 1309 1368 1367 -1
GCP,adapt_p80-40593177313954_a90-0_260_map.h5,8.74685,10,229,389,9.594069:90.000000,1051,True,32,5,1052,0.762194,7.27667,0,0.0129803,983 1051 1052 1118 -1
GCP,adapt_p70-52877936550931_a191-25_214_map.h5,4.23837,10,107,1455,19.471220:191.250000,1201,False,257,2,1264,0,0.0192944,0,0.0192944,1455 -1
GCP,adapt_p70-52877936550931_a101-24999999999999_301_map.h5,8.81896,10,193,398,19.471220:101.250000,1185,True,22,5,1184,0.85946,7.40548,0,0.012869,1247 1184 1118 1185 -1
GCP,adapt_p23-556464309101234_a112-5_14_map.h5,8.89657,10,717,390,66.443535:112.500000,1697,True,7,6,1726,0.999983,8.13987,0,0.0122664,1725 1725 1726 1697 1696 -1
GCP,adapt_p70-52877936550931_a258-75_249_map.h5,6.45237,10,164,1127,19.471220:258.750000,1213,True,78,3,1213,0.205413,5.31471,0,0.013465,1076 1213 -1
GCP,adapt_p11-715852394892384_a45-0_305_map.h5,7.88488,10,622,749,78.284149:45.000000,1766,True,10,5,1766,0.941006,5.6769,0,0.0129215,1767 1767 1766 1746 -1
GCP,adapt_p35-659087696138755_a315-0_310_map.h5,8.90338,10,703,369,54.340912:315.000000,1605,True,9,6,1605,0.999979,8.44595,0,0.0124298,1604 1604 1561 1605 1606 -1
GCP,adapt_p60-00000000000001_a247-49999999999997_484_map.h5,8.8633,10,409,365,30.000000:247.500000,1335,True,14,6,1335,0.987528,8.24872,0,0.0125182,1394 1394 1393 1335 1334 -1
GCP,adapt_p70-52877936550931_a258-75_89_map.h5,6.33005,10,154,1115,19.471220:258.750000,1213,False,98,4,1276,0.578696,5.49295,0,0.013799,1273 1275 1276 -1
GCP,adapt_p35-659087696138755_a45-0_404_map.h5,6.8774,10,526,1024,54.340912:45.000000,1572,True,11,5,1572,0.995491,5.7786,0,0.0124119,1525 1525 1572 1573 -1
GCP,adapt_p80-40593177313954_a67-5_266_map.h5,6.83336,10,410,1094,9.594069:67.500000,1047,True,18,4,1047,0.728425,4.91086,0,0.0124771,1046 1047 980 -1
GCP,adapt_p48-18968510422141_a123-74999999999999_27_map.h5,7.87707,10,560,718,41.810314:123.750000,1484,False,9,5,1431,0.994936,5.88258,0,0.0127525,1432 1432 1431 1430 -1
GCP,adapt_p48-18968510422141_a348-74999999999994_451_map.h5,7.8038,10,248,754,41.810314:348.750000,1517,False,22,5,1409,0.831414,7.3257,0,0.0130106,1411 1466 1410 1409 -1
GCP,adapt_p80-40593177313954_a247-49999999999997_436_map.h5,6.72608,10,244,1130,9.594069:247.500000,1080,False,31,4,1143,0.627917,4.91182,0,0.0127546,1141 1142 1143 -1
GCP,adapt_p60-00000000000001_a315-0_561_map.h5,6.8594,10,471,1096,30.000000:315.000000,1346,True,14,4,1347,0.844241,4.83506,0,0.0124192,1346 1347 1405 -1
GCP,adapt_p48-18968510422141_a191-25_221_map.h5,5.68195,10,231,1422,41.810314:191.250000,1494,True,38,4,1494,0.708161,5.12091,0,0.0128837,1440 1494 1495 -1
GCP,adapt_p11-715852394892384_a135-0_2_map.h5,8.88388,10,448,363,78.284149:135.000000,1770,True,11,6,1752,0.993001,8.24214,0,0.0129422,1771 1771 1753 1752 1770 -1
GCP,adapt_p35-659087696138755_a344-99999999999994_17_map.h5,6.8518,10,340,1147,54.340912:345.000000,1609,False,16,4,1649,0.713451,4.80132,0,0.0130344,1648 1649 1608 -1
GCP,adapt_p23-556464309101234_a157-5_42_map.h5,7.88819,10,828,695,66.443535:157.500000,1701,False,9,5,1700,0.989061,5.85584,0,0.0126395,1666 1666 1700 1665 -1
GCP,adapt_p48-18968510422141_a191-25_352_map.h5,7.87694,10,544,745,41.810314:191.250000,1494,True,12,5,1494,0.990023,5.84862,0,0.0128731,1544 1544 1494 1493 -1
GCP,adapt_p80-40593177313954_a157-5_101_map.h5,8.89731,10,666,426,9.594069:157.500000,1063,False,9,6,1130,0.999892,8.55832,0,0.0125336,1064 1064 1131 1130 1129 -1
GCP,adapt_p48-18968510422141_a258-75_345_map.h5,8.89427,10,544,356,41.810314:258.750000,1504,True,9,6,1504,0.999994,8.27384,0,0.0125575,1452 1452 1451 1503 1504 -1
GCP,adapt_p35-659087696138755_a135-0_471_map.h5,4.1917,10,147,1942,54.340912:135.000000,1583,False,116,2,1697,0,0.0141456,0,0.0141456,1481 -1
GCP,adapt_p11-715852394892384_a225-0_363_map.h5,8.85883,10,355,348,78.284149:225.000000,1774,True,16,5,1756,0.930031,7.14425,0,0.0129578,1755 1756 1757 1774 -1
GCP,adapt_p70-52877936550931_a168-74999999999997_285_map.h5,8.89088,10,717,411,19.471220:168.750000,1197,True,10,6,1197,0.999956,8.25147,0,0.0129132,1261 1261 1260 1197 1198 -1
GCP,adapt_p48-18968510422141_a11-25_530_map.h5,6.83831,10,436,1186,41.810314:11.250000,1468,True,18,4,1520,0.698867,4.84838,0,0.0125258,1519 1520 1468 -1
GCP,adapt_p23-556464309101234_a337-5_555_map.h5,7.82997,10,260,792,66.443535:337.500000,1716,False,20,5,1741,0.867005,7.39299,0,0.0129096,1740 1715 1741 1742 -1
GCP,adapt_p48-18968510422141_a168-74999999999997_250_map.h5,8.88787,10,764,346,41.810314:168.750000,1491,True,10,6,1491,0.998598,8.21943,0,0.0129491,1490 1490 1491 1438 1437 -1
GCP,adapt_p48-18968510422141_a11-25_514_map.h5,6.76819,10,245,1137,41.810314:11.250000,1468,True,29,4,1468,0.680798,4.86513,0,0.0126617,1470 1469 1468 -1
GCP,adapt_p60-00000000000001_a180-0_131_map.h5,8.84335,10,289,420,30.000000:180.000000,1324,True,17,5,1382,0.97789,7.33332,0,0.012477,1323 1382 1383 1324 -1
GCP,adapt_p70-52877936550931_a258-75_503_map.h5,6.71567,10,224,1092,19.471220:258.750000,1213,False,38,4,1147,0.715568,4.80911,0,0.0131447,1212 1147 1148 -1
GCP,adapt_p23-556464309101234_a157-5_479_map.h5,6.98454,10,29,402,66.443535:157.500000,1701,False,313,2,1434,0,0.0242561,0,0.0242561,1459 -1
GCP,adapt_p48-18968510422141_a236-25_424_map.h5,7.87356,10,499,718,41.810314:236.250000,1501,True,11,5,1448,0.996054,7.31585,0,0.0122781,1501 1448 1449 1501 -1
GCP,adapt_p48-18968510422141_a258-75_36_map.h5,7.83568,10,295,752,41.810314:258.750000,1504,True,20,5,1504,0.855209,7.24242,0,0.0131401,1554 1504 1503 1451 -1
GCP,adapt_p70-52877936550931_a168-74999999999997_339_map.h5,7.87009,10,581,770,19.471220:168.750000,1197,True,11,5,1197,0.999786,5.88596,0,0.0127157,1131 1131 1197 1196 -1
GCP,adapt_p23-556464309101234_a67-5_247_map.h5,7.78014,10,144,763,66.443535:67.500000,1693,False,29,5,1618,0.915068,7.35825,0,0.0126532,1617 1618 1619 1657 -1
GCP,adapt_p23-556464309101234_a112-5_173_map.h5,6.8266,10,209,1129,66.443535:112.500000,1697,True,21,4,1697,0.811725,4.75002,0,0.0132238,1725 1696 1697 -1
GCP,adapt_p70-52877936550931_a33-75_229_map.h5,6.8756,10,542,1133,19.471220:33.750000,1173,True,10,5,1173,0.976304,5.8774,0,0.0132329,1236 1236 1173 1172 -1
GCP,adapt_p60-00000000000001_a45-0_24_map.h5,5.86949,10,538,1462,30.000000:45.000000,1301,True,12,5,1301,0.99666,5.82683,0,0.0123182,1361 1361 1302 1301 -1
GCP,adapt_p48-18968510422141_a258-75_189_map.h5,7.87122,10,634,773,41.810314:258.750000,1504,True,11,5,1553,0.974856,7.31601,0,0.012604,1504 1503 1553 1504 -1
GCP,adapt_p23-556464309101234_a202-5_88_map.h5,7.84697,10,418,760,66.443535:202.500000,1704,True,11,5,1704,0.988671,7.33738,0,0.0128367,1703 1704 1670 1703 -1
GCP,adapt_p23-556464309101234_a292-5_213_map.h5,8.80731,10,169,377,66.443535:292.500000,1712,True,23,5,1713,0.825823,7.21527,0,0.0125134,1714 1713 1712 1680 -1
GCP,adapt_p80-40593177313954_a157-5_65_map.h5,8.85639,10,332,372,9.594069:157.500000,1063,True,14,6,1130,0.988678,8.25984,0,0.0124414,1064 1064 1063 1129 1130 -1
GCP,adapt_p80-40593177313954_a45-0_371_map.h5,3.99408,10,161,1915,9.594069:45.000000,1042,False,140,3,1307,0.455721,3.58341,0,0.0144702,1310 1307 -1
GCP,adapt_p60-00000000000001_a224-99999999999997_332_map.h5,6.88274,10,606,1119,30.000000:225.000000,1331,False,10,4,1390,0.977539,4.81534,0,0.0130736,1391 1390 1332 -1
GCP,adapt_p60-00000000000001_a270-0_565_map.h5,6.71708,10,160,1123,30.000000:270.000000,1339,True,36,4,1338,0.820576,5.14028,0,0.0127541,1395 1338 1339 -1
GCP,adapt_p48-18968510422141_a191-25_71_map.h5,7.83774,10,182,754,41.810314:191.250000,1494,True,18,5,1544,0.961438,7.2757,0,0.0131259,1543 1544 1494 1493 -1
GCP,adapt_p11-715852394892384_a315-0_446_map.h5,7.74893,10,194,802,78.284149:315.000000,1778,True,43,5,1778,0.776357,7.01593,0,0.0128889,1780 1779 1778 1762 -1
GCP,adapt_p60-00000000000001_a90-0_92_map.h5,8.8707,10,411,330,30.000000:90.000000,1309,True,12,6,1309,0.989807,8.28044,0,0.0131298,1246 1246 1247 1310 1309 -1
GCP,adapt_p23-556464309101234_a112-5_191_map.h5,7.87382,10,234,762,66.443535:112.500000,1697,False,14,5,1696,0.976507,7.13351,0,0.0129943,1724 1725 1696 1695 -1
GCP,adapt_p23-556464309101234_a202-5_111_map.h5,7.88071,10,519,699,66.443535:202.500000,1704,True,11,5,1704,0.986587,5.77718,0,0.0130974,1732 1732 1704 1705 -1
GCP,adapt_p23-556464309101234_a247-49999999999997_52_map.h5,8.87801,10,357,382,66.443535:247.500000,1708,True,14,6,1708,0.997948,8.17507,0,0.0127993,1675 1675 1674 1707 1708 -1
GCP,adapt_p60-00000000000001_a337-49999999999994_308_map.h5,8.79373,10,142,378,30.000000:337.500000,1350,True,25,5,1350,0.911157,7.2304,0,0.0130933,1289 1350 1408 1407 -1
GCP,adapt_p80-40593177313954_a22-5_475_map.h5,7.78043,10,276,735,9.594069:22.500000,1038,False,20,5,1104,0.917192,7.31524,0,0.0134018,1171 1105 1104 1103 -1
GCP,adapt_p70-52877936550931_a146-25_483_map.h5,5.81905,10,320,1469,19.471220:146.250000,1193,False,19,4,1129,0.706128,4.80543,0,0.0127847,1064 1130 1129 -1
GCP,adapt_p35-659087696138755_a315-0_449_map.h5,8.89689,10,502,369,54.340912:315.000000,1605,True,9,6,1605,0.998979,8.40001,0,0.012923,1646 1646 1604 1605 1561 -1
GCP,adapt_p48-18968510422141_a258-75_439_map.h5,7.87893,10,542,795,41.810314:258.750000,1504,False,12,5,1451,0.999151,5.86309,0,0.0128994,1394 1394 1450 1451 -1
GCP,adapt_p60-00000000000001_a292-5_220_map.h5,8.67389,10,108,377,30.000000:292.500000,1343,True,43,5,1343,0.701418,7.51132,0,0.0129387,1400 1343 1344 1345 -1
GCP,adapt_p70-52877936550931_a213-75_470_map.h5,7.89077,10,683,711,19.471220:213.750000,1205,True,8,5,1205,0.963736,5.81384,0,0.013039,1268 1268 1205 1206 -1
GCP,adapt_p80-40593177313954_a337-49999999999994_80_map.h5,5.63861,10,121,1544,9.594069:337.500000,1097,False,47,4,1163,0.608987,5.51306,0,0.0132421,1161 1163 1164 -1
GCP,adapt_p35-659087696138755_a75-0_121_map.h5,5.05843,10,121,1462,54.340912:75.000000,1576,True,133,3,1576,0.340917,3.00159,0,0.0143785,1659 1576 -1
GCP,adapt_p35-659087696138755_a165-0_334_map.h5,8.87727,10,469,422,54.340912:165.000000,1587,True,12,6,1587,0.999899,8.24975,0,0.0125654,1629 1629 1630 1587 1586 -1
GCP,adapt_p80-40593177313954_a45-0_498_map.h5,6.85232,10,445,1142,9.594069:45.000000,1042,True,16,4,1108,0.855826,4.86529,0,0.0125138,1109 1108 1042 -1
GCP,adapt_p80-40593177313954_a337-49999999999994_192_map.h5,8.88298,10,468,365,9.594069:337.500000,1097,True,11,6,1096,0.999599,8.83172,0,0.0128275,1029 1029 1095 1096 1097 -1
GCP,adapt_p60-00000000000001_a247-49999999999997_552_map.h5,6.84226,10,554,1103,30.000000:247.500000,1335,False,15,4,1394,0.70738,4.7956,0,0.0125804,1395 1394 1336 -1
GCP,adapt_p48-18968510422141_a11-25_98_map.h5,7.84816,10,318,791,41.810314:11.250000,1468,True,18,5,1467,0.91832,7.36058,0,0.0126713,1520 1467 1413 1468 -1
GCP,adapt_p35-659087696138755_a285-0_108_map.h5,8.89892,10,734,386,54.340912:285.000000,1601,True,8,6,1602,0.999974,8.3117,0,0.0128842,1601 1601 1643 1602 1603 -1
GCP,adapt_p35-659087696138755_a105-0_596_map.h5,7.88447,10,521,705,54.340912:105.000000,1579,True,10,5,1622,0.997906,7.32489,0,0.0123381,1623 1622 1579 1623 -1
GCP,adapt_p80-40593177313954_a157-5_287_map.h5,8.87311,10,439,384,9.594069:157.500000,1063,True,12,6,1064,0.999209,8.2609,0,0.012716,1130 1130 1129 1063 1064 -1
GCP,adapt_p11-715852394892384_a225-0_531_map.h5,6.84217,10,332,1112,78.284149:225.000000,1774,True,16,4,1774,0.789697,4.77326,0,0.0126493,1755 1756 1774 -1
GCP,adapt_p23-556464309101234_a22-5_400_map.h5,8.84645,10,269,404,66.443535:22.500000,1689,True,18,5,1652,0.905668,7.57518,0,0.0133724,1687 1652 1653 1689 -1
GCP,adapt_p48-18968510422141_a258-75_140_map.h5,8.87829,10,519,365,41.810314:258.750000,1504,True,11,6,1553,0.996812,8.29228,0,0.0135105,1504 1504 1553 1503 1451 -1
GCP,adapt_p60-00000000000001_a112-49999999999999_215_map.h5,7.80589,10,293,708,30.000000:112.500000,1313,False,19,5,1371,0.876651,7.41364,0,0.0129359,1370 1312 1371 1372 -1
GCP,adapt_p35-659087696138755_a344-99999999999994_574_map.h5,7.83415,10,271,739,54.340912:345.000000,1609,True,18,5,1609,0.972416,7.31518,0,0.0126731,1650 1609 1565 1608 -1
GCP,adapt_p48-18968510422141_a213-75_154_map.h5,8.84479,10,342,361,41.810314:213.750000,1497,False,14,5,1445,0.980119,7.3799,0,0.013015,1444 1445 1446 1498 -1
GCP,adapt_p70-52877936550931_a11-25_502_map.h5,8.78983,10,180,373,19.471220:11.250000,1169,True,27,5,1169,0.832137,7.30752,0,0.0130131,1103 1169 1232 1233 -1
GCP,adapt_p80-40593177313954_a0-0_266_map.h5,7.87882,10,473,696,9.594069:0.000000,1034,True,12,5,1034,0.996924,5.91854,0,0.0129927,1035 1035 1034 1100 -1
GCP,adapt_p23-556464309101234_a292-5_479_map.h5,7.87896,10,451,780,66.443535:292.500000,1712,True,12,5,1712,0.989308,7.24135,0,0.0128813,1738 1711 1712 1738 -1
GCP,adapt_p48-18968510422141_a303-75_555_map.h5,6.84895,10,433,1205,41.810314:303.750000,1510,True,14,4,1511,0.853243,4.78358,0,0.0128725,1459 1511 1510 -1
GCP,adapt_p48-18968510422141_a101-24999999999999_28_map.h5,6.87407,10,599,1123,41.810314:101.250000,1481,True,8,4,1428,0.874848,3.50394,0,0.0127376,1481 1481 1428 -1
GCP,adapt_p60-00000000000001_a45-0_164_map.h5,8.88934,10,569,347,30.000000:45.000000,1301,True,9,6,1301,0.999386,8.27147,0,0.0124783,1361 1361 1360 1301 1302 -1
GCP,adapt_p11-715852394892384_a135-0_122_map.h5,8.89072,10,705,336,78.284149:135.000000,1770,True,8,6,1752,0.9943,8.24231,0,0.0131043,1771 1771 1753 1752 1770 -1
GCP,adapt_p70-52877936550931_a326-24999999999994_434_map.h5,4.65027,10,148,1499,19.471220:326.250000,1225,False,179,2,1292,0,0.0163897,0,0.0163897,1652 -1
GCP,adapt_p60-00000000000001_a22-5_224_map.h5,5.83031,10,344,1483,30.000000:22.500000,1298,True,17,4,1358,0.860788,4.84823,0,0.0125745,1298 1357 1358 -1
GCP,adapt_p80-40593177313954_a202-49999999999997_213_map.h5,8.85585,10,325,350,9.594069:202.500000,1072,True,15,5,1071,0.966519,7.55121,0,0.012986,1070 1071 1072 1137 -1
GCP,adapt_p60-00000000000001_a247-49999999999997_187_map.h5,7.74738,10,257,761,30.000000:247.500000,1335,True,29,5,1335,0.779922,7.34338,0,0.0124308,1272 1334 1273 1335 -1
GCP,adapt_p48-18968510422141_a303-75_78_map.h5,8.8927,10,684,387,41.810314:303.750000,1510,True,9,6,1458,0.999966,8.21801,0,0.0131407,1510 1510 1509 1457 1458 -1
GCP,adapt_p70-52877936550931_a326-24999999999994_77_map.h5,8.77605,10,282,314,19.471220:326.250000,1225,True,22,5,1226,0.848933,7.32268,0,0.0127474,1287 1288 1225 1226 -1
GCP,adapt_p80-40593177313954_a202-49999999999997_368_map.h5,6.74715,10,419,1115,9.594069:202.500000,1072,False,29,4,1073,0.600261,4.81064,0,0.012684,1139 1073 1074 -1
GCP,adapt_p60-00000000000001_a45-0_353_map.h5,6.85357,10,311,1077,30.000000:45.000000,1301,True,17,4,1301,0.76119,4.83294,0,0.0132549,1300 1301 1360 -1
GCP,adapt_p35-659087696138755_a255-00000000000003_467_map.h5,7.86729,10,403,727,54.340912:255.000000,1598,True,14,5,1598,0.942986,7.25585,0,0.0125306,1554 1553 1598 1599 -1
GCP,adapt_p70-52877936550931_a236-25_40_map.h5,8.83773,10,377,342,19.471220:236.250000,1209,True,16,5,1273,0.875345,7.16832,0,0.0130895,1144 1209 1272 1273 -1
GCP,adapt_p23-556464309101234_a337-5_293_map.h5,8.85176,10,321,380,66.443535:337.500000,1716,True,15,5,1717,0.909898,7.33474,0,0.0130631,1687 1717 1716 1685 -1
GCP,adapt_p48-18968510422141_a123-74999999999999_258_map.h5,5.83297,10,441,1504,41.810314:123.750000,1484,False,16,4,1432,0.762535,4.88126,0,0.012876,1433 1432 1431 -1
GCP,adapt_p80-40593177313954_a67-5_577_map.h5,7.8776,10,641,725,9.594069:67.500000,1047,True,10,5,979,0.983893,7.36598,0,0.0122182,980 1047 979 980 -1
GCP,adapt_p35-659087696138755_a315-0_554_map.h5,6.78353,10,296,1094,54.340912:315.000000,1605,True,25,4,1605,0.782703,4.76835,0,0.0123095,1645 1646 1605 -1
GCP,adapt_p70-52877936550931_a146-25_318_map.h5,7.83239,10,364,758,19.471220:146.250000,1193,True,18,5,1192,0.865254,7.46459,0,0.0124492,1193 1192 1191 1126 -1
GCP,adapt_p80-40593177313954_a67-5_32_map.h5,6.89068,10,595,1118,9.594069:67.500000,1047,True,10,5,1047,0.987316,5.91119,0,0.0121436,980 980 1048 1047 -1
GCP,adapt_p70-52877936550931_a281-24999999999994_525_map.h5,8.88223,10,393,376,19.471220:281.250000,1217,True,11,6,1217,0.987427,8.28748,0,0.0125775,1279 1279 1280 1217 1218 -1
GCP,adapt_p35-659087696138755_a165-0_426_map.h5,6.80801,10,293,1076,54.340912:165.000000,1587,False,23,4,1629,0.716691,4.78995,0,0.013815,1666 1628 1629 -1
GCP,adapt_p80-40593177313954_a180-0_353_map.h5,6.7149,10,200,1097,9.594069:180.000000,1067,False,36,4,1134,0.677454,4.91766,0,0.0129383,1198 1133 1134 -1
GCP,adapt_p80-40593177313954_a157-5_328_map.h5,6.87007,10,449,1087,9.594069:157.500000,1063,True,14,4,1063,0.871747,4.80871,0,0.0127599,1062 1063 1129 -1
GCP,adapt_p80-40593177313954_a292-5_546_map.h5,6.85501,10,567,1197,9.594069:292.500000,1088,False,14,4,1089,0.974071,4.91098,0,0.0128245,1021 1089 1090 -1
GCP,adapt_p70-52877936550931_a258-75_524_map.h5,6.8055,10,307,1069,19.471220:258.750000,1213,True,24,4,1212,0.793756,5.03322,0,0.0133648,1274 1212 1213 -1
GCP,adapt_p35-659087696138755_a45-0_516_map.h5,6.88715,10,567,1123,54.340912:45.000000,1572,True,8,5,1572,0.981111,5.77886,0,0.0126703,1616 1616 1572 1571 -1
GCP,adapt_p48-18968510422141_a348-74999999999994_490_map.h5,7.87866,10,545,736,41.810314:348.750000,1517,True,11,5,1517,0.984801,5.90181,0,0.0131691,1518 1518 1517 1466 -1
GCP,adapt_p48-18968510422141_a348-74999999999994_124_map.h5,6.7327,10,273,1051,41.810314:348.750000,1517,False,35,4,1465,0.694463,5.34992,0,0.0131603,1352 1465 1464 -1
GCP,adapt_p80-40593177313954_a180-0_482_map.h5,5.73126,10,204,1565,9.594069:180.000000,1067,False,31,4,1070,0.660579,5.37749,0,0.0125664,1000 1069 1070 -1
GCP,adapt_p48-18968510422141_a33-75_409_map.h5,8.87603,10,569,367,41.810314:33.750000,1471,True,11,6,1417,0.997406,8.23866,0,0.0127911,1418 1418 1417 1471 1472 -1
GCP,adapt_p35-659087696138755_a315-0_526_map.h5,8.36717,10,113,379,54.340912:315.000000,1605,False,96,5,1646,0.500582,7.80793,0,0.0134449,1558 1604 1645 1646 -1
GCP,adapt_p80-40593177313954_a224-99999999999997_162_map.h5,7.789,10,312,704,9.594069:225.000000,1076,False,24,5,1075,0.863512,7.25909,0,0.0128308,1008 1075 1074 1140 -1
GCP,adapt_p11-715852394892384_a135-0_225_map.h5,5.81955,10,384,1522,78.284149:135.000000,1770,False,22,4,1752,0.600496,5.2771,0,0.0132866,1769 1771 1752 -1
GCP,adapt_p80-40593177313954_a315-0_441_map.h5,8.84339,10,272,362,9.594069:315.000000,1093,True,19,6,1094,0.962478,8.35138,0,0.0124222,1026 1026 1093 1159 1094 -1
GCP,adapt_p70-52877936550931_a326-24999999999994_332_map.h5,5.80076,10,248,1535,19.471220:326.250000,1225,False,20,4,1223,0.803832,4.84123,0,0.0131063,1159 1224 1223 -1
GCP,adapt_p48-18968510422141_a191-25_354_map.h5,5.85739,10,522,1473,41.810314:191.250000,1494,True,14,4,1545,0.877911,4.88664,0,0.012424,1495 1545 1494 -1
GCP,adapt_p23-556464309101234_a202-5_308_map.h5,7.85981,10,339,777,66.443535:202.500000,1704,True,15,5,1704,0.947028,7.16473,0,0.0129871,1703 1704 1670 1671 -1
GCP,adapt_p23-556464309101234_a292-5_7_map.h5,6.82599,10,307,1106,66.443535:292.500000,1712,False,21,4,1739,0.888802,4.7797,0,0.0128381,1740 1739 1738 -1
GCP,adapt_p23-556464309101234_a157-5_443_map.h5,6.84684,10,291,1141,66.443535:157.500000,1701,True,15,4,1701,0.862807,4.77045,0,0.0129852,1667 1701 1700 -1
GCP,adapt_p60-00000000000001_a135-0_554_map.h5,7.70866,10,287,711,30.000000:135.000000,1316,False,29,5,1375,0.872687,7.23527,0,0.0131762,1432 1375 1376 1317 -1
GCP,adapt_p35-659087696138755_a45-0_566_map.h5,6.87456,10,477,1120,54.340912:45.000000,1572,True,10,5,1572,0.974645,5.77951,0,0.0133279,1525 1525 1572 1571 -1
GCP,adapt_p48-18968510422141_a281-24999999999994_143_map.h5,7.83491,10,389,722,41.810314:281.250000,1507,True,18,5,1507,0.95029,7.22563,0,0.0129122,1508 1507 1455 1454 -1
GCP,adapt_p70-52877936550931_a56-24999999999999_385_map.h5,8.89918,10,610,335,19.471220:56.250000,1177,True,10,6,1177,0.999951,8.32945,0,0.0126329,1240 1240 1176 1177 1111 -1
GCP,adapt_p35-659087696138755_a165-0_597_map.h5,6.85976,10,541,1069,54.340912:165.000000,1587,True,12,4,1629,0.723061,4.81065,0,0.0130542,1587 1586 1629 -1
GCP,adapt_p80-40593177313954_a112-49999999999999_3_map.h5,6.13293,10,166,1115,9.594069:112.500000,1055,False,124,3,1054,0.19433,4.4428,0,0.0138816,982 1054 -1
GCP,adapt_p35-659087696138755_a285-0_292_map.h5,6.73313,10,238,1135,54.340912:285.000000,1601,True,33,4,1601,0.674681,4.8181,0,0.0127017,1678 1642 1601 -1
GCP,adapt_p48-18968510422141_a123-74999999999999_84_map.h5,6.78301,10,156,1144,41.810314:123.750000,1484,True,26,4,1483,0.689515,5.33801,0,0.0128162,1372 1483 1484 -1
GCP,adapt_p23-556464309101234_a292-5_66_map.h5,6.78776,10,198,1118,66.443535:292.500000,1712,True,26,4,1739,0.727966,5.2039,0,0.0130317,1714 1739 1712 -1
GCP,adapt_p48-18968510422141_a258-75_291_map.h5,6.88715,10,642,1067,41.810314:258.750000,1504,True,10,4,1451,0.868544,4.83776,0,0.012656,1504 1503 1451 -1
GCP,adapt_p23-556464309101234_a247-49999999999997_130_map.h5,7.89272,10,788,770,66.443535:247.500000,1708,True,7,5,1708,0.879477,5.75508,0,0.0131121,1675 1675 1708 1709 -1
GCP,adapt_p48-18968510422141_a33-75_289_map.h5,7.84304,10,295,770,41.810314:33.750000,1471,True,18,5,1417,0.954628,7.23722,0,0.0127884,1416 1417 1471 1472 -1
GCP,adapt_p48-18968510422141_a168-74999999999997_341_map.h5,6.32468,10,146,1127,41.810314:168.750000,1491,False,93,3,1541,0.481772,4.90625,0,0.013145,1443 1541 -1
GCP,adapt_p60-00000000000001_a180-0_519_map.h5,8.70906,10,195,378,30.000000:180.000000,1324,False,39,5,1261,0.815829,8.03804,0,0.0127739,1380 1261 1262 1199 -1
GCP,adapt_p35-659087696138755_a315-0_160_map.h5,8.84214,10,240,367,54.340912:315.000000,1605,True,16,5,1605,0.935704,7.20561,0,0.0126691,1560 1561 1605 1604 -1
GCP,adapt_p80-40593177313954_a157-5_349_map.h5,6.80783,10,326,1104,9.594069:157.500000,1063,False,21,4,1128,0.858917,5.15365,0,0.0130066,1064 1129 1128 -1
GCP,adapt_p70-52877936550931_a281-24999999999994_29_map.h5,6.59765,10,205,1081,19.471220:281.250000,1217,False,53,4,1215,0.721424,5.36432,0,0.0131804,1339 1215 1214 -1
GCP,adapt_p11-715852394892384_a225-0_348_map.h5,8.90005,10,663,373,78.284149:225.000000,1774,True,10,6,1774,0.999962,8.25551,0,0.0127791,1775 1775 1757 1756 1774 -1
GCP,adapt_p80-40593177313954_a270-0_280_map.h5,5.21866,10,188,1468,9.594069:270.000000,1084,False,110,3,1397,0.373367,2.92035,0,0.0139361,1278 1397 -1
GCP,adapt_p60-00000000000001_a67-5_510_map.h5,8.88293,10,426,399,30.000000:67.500000,1305,True,10,6,1305,0.999604,8.24594,0,0.0128631,1243 1243 1242 1305 1306 -1
GCP,adapt_p80-40593177313954_a202-49999999999997_515_map.h5,6.90194,10,456,1075,9.594069:202.500000,1072,False,10,4,1073,0.832507,4.8106,0,0.0128831,1074 1073 1139 -1
GCP,adapt_p80-40593177313954_a337-49999999999994_163_map.h5,6.89028,10,554,1129,9.594069:337.500000,1097,True,8,5,1097,0.987659,5.89357,0,0.0135366,1163 1163 1097 1098 -1
GCP,adapt_p70-52877936550931_a33-75_483_map.h5,5.8329,10,426,1531,19.471220:33.750000,1173,True,17,4,1106,0.75406,4.97625,0,0.0129372,1105 1106 1173 -1
GCP,adapt_p70-52877936550931_a348-74999999999994_537_map.h5,7.82725,10,240,762,19.471220:348.750000,1229,False,18,5,1166,0.8943,7.35572,0,0.0125637,1230 1167 1166 1101 -1
GCP,adapt_p48-18968510422141_a101-24999999999999_258_map.h5,8.8536,10,250,347,41.810314:101.250000,1481,True,15,6,1427,0.993064,8.23288,0,0.0132227,1370 1370 1428 1427 1481 -1
GCP,adapt_p80-40593177313954_a270-0_131_map.h5,5.73547,10,125,1122,9.594069:270.000000,1084,False,173,3,1019,0.240419,3.92689,0,0.0162506,1083 1019 -1
GCP,adapt_p80-40593177313954_a112-49999999999999_25_map.h5,7.24289,10,177,789,9.594069:112.500000,1055,False,107,4,1058,0.290977,5.27183,0,0.0139561,1312 1248 1185 -1
GCP,adapt_p80-40593177313954_a337-49999999999994_286_map.h5,7.63311,10,109,742,9.594069:337.500000,1097,False,41,5,1161,0.796544,7.32978,0,0.0127272,1028 1096 1162 1161 -1
GCP,adapt_p80-40593177313954_a157-5_296_map.h5,8.88801,10,570,362,9.594069:157.500000,1063,True,11,6,1063,0.999972,8.37367,0,0.012796,996 996 995 1063 1064 -1
GCP,adapt_p60-00000000000001_a202-49999999999997_194_map.h5,5.85486,10,538,1485,30.000000:202.500000,1328,True,14,4,1327,0.797077,4.81809,0,0.0129754,1266 1328 1327 -1
GCP,adapt_p80-40593177313954_a247-49999999999997_360_map.h5,6.85947,10,503,1179,9.594069:247.500000,1080,True,14,4,1080,0.757001,4.82624,0,0.0123426,1147 1081 1080 -1
GCP,adapt_p23-556464309101234_a202-5_301_map.h5,8.81747,10,234,395,66.443535:202.500000,1704,False,23,6,1670,0.863804,8.2324,0,0.0123457,1631 1631 1632 1669 1670 -1
GCP,adapt_p48-18968510422141_a236-25_212_map.h5,8.85595,10,220,381,41.810314:236.250000,1501,True,16,5,1500,0.938982,7.32859,0,0.0128857,1449 1501 1500 1448 -1
GCP,adapt_p70-52877936550931_a101-24999999999999_445_map.h5,8.57478,10,133,387,19.471220:101.250000,1185,False,59,4,1187,0.614468,7.03517,0,0.0130503,1126 1187 1186 -1
GCP,adapt_p35-659087696138755_a45-0_506_map.h5,8.86712,10,308,414,54.340912:45.000000,1572,True,12,6,1573,0.996922,8.5248,0,0.0126902,1617 1617 1572 1573 1574 -1
GCP,adapt_p80-40593177313954_a315-0_206_map.h5,7.72544,10,171,710,9.594069:315.000000,1093,False,37,4,1091,0.650127,5.51912,0,0.012424,1089 1091 1092 -1
GCP,adapt_p48-18968510422141_a236-25_573_map.h5,5.81155,10,284,1522,41.810314:236.250000,1501,False,22,4,1500,0.683691,4.90203,0,0.0132662,1449 1448 1500 -1
GCP,adapt_p23-556464309101234_a292-5_512_map.h5,6.85522,10,342,1194,66.443535:292.500000,1712,True,14,4,1712,0.919192,4.83752,0,0.0125866,1738 1712 1713 -1
GCP,adapt_p60-00000000000001_a180-0_331_map.h5,6.39895,10,99,1157,30.000000:180.000000,1324,False,86,4,1321,0.423556,5.41623,0,0.0136129,1378 1321 1322 -1
GCP,adapt_p70-52877936550931_a281-24999999999994_93_map.h5,7.89616,10,752,788,19.471220:281.250000,1217,True,8,5,1218,0.996335,5.81278,0,0.0126419,1153 1153 1218 1217 -1
GCP,adapt_p11-715852394892384_a225-0_409_map.h5,6.73315,10,205,1082,78.284149:225.000000,1774,True,40,4,1789,0.454087,5.32421,0,0.0126786,1774 1789 1795 -1
GCP,adapt_p80-40593177313954_a270-0_221_map.h5,7.86642,10,635,779,9.594069:270.000000,1084,True,13,5,1085,0.994737,7.29427,0,0.0124083,1151 1085 1084 1083 -1
GCP,adapt_p80-40593177313954_a112-49999999999999_481_map.h5,8.81823,10,229,412,9.594069:112.500000,1055,True,20,5,988,0.921844,7.38166,0,0.0125861,989 988 987 1055 -1
GCP,adapt_p60-00000000000001_a45-0_314_map.h5,5.76023,10,303,1470,30.000000:45.000000,1301,True,26,4,1360,0.537264,5.4093,0,0.0125896,1362 1301 1360 -1
GCP,adapt_p23-556464309101234_a247-49999999999997_6_map.h5,7.89527,10,681,698,66.443535:247.500000,1708,True,10,5,1708,0.998606,5.75452,0,0.0125538,1675 1675 1708 1709 -1
GCP,adapt_p70-52877936550931_a168-74999999999997_455_map.h5,4.74627,10,186,1885,19.471220:168.750000,1197,False,31,3,1258,0.31966,3.11808,0,0.0125651,1193 1258 -1
GCP,adapt_p70-52877936550931_a281-24999999999994_247_map.h5,8.82819,10,362,369,19.471220:281.250000,1217,False,20,5,1278,0.807071,7.20788,0,0.0126401,1339 1278 1215 1216 -1
GCP,adapt_p60-00000000000001_a315-0_409_map.h5,8.87617,10,490,363,30.000000:315.000000,1346,True,11,6,1347,0.999927,8.27458,0,0.0126496,1404 1404 1405 1347 1346 -1
GCP,adapt_p70-52877936550931_a101-24999999999999_116_map.h5,5.48436,10,129,1428,19.471220:101.250000,1185,True,69,3,1185,0.343428,3.82485,0,0.0134851,1372 1185 -1
GCP,adapt_p80-40593177313954_a90-0_460_map.h5,6.32773,10,187,1138,9.594069:90.000000,1051,False,92,2,1050,0,0.01388,0,0.01388,1085 -1
GCP,adapt_p48-18968510422141_a146-25_91_map.h5,6.73685,10,586,1111,41.810314:146.250000,1488,True,17,4,1434,0.696257,4.97683,0,0.0129746,1433 1434 1488 -1
GCP,adapt_p23-556464309101234_a22-5_351_map.h5,6.87589,10,540,1155,66.443535:22.500000,1689,True,12,4,1653,0.930136,4.7647,0,0.0128999,1652 1653 1689 -1
GCP,adapt_p48-18968510422141_a258-75_201_map.h5,8.78089,10,93,372,41.810314:258.750000,1504,True,29,5,1504,0.904903,7.25753,0,0.0129412,1451 1452 1504 1505 -1
GCP,adapt_p48-18968510422141_a213-75_361_map.h5,6.88291,10,616,1125,41.810314:213.750000,1497,True,11,5,1497,0.960685,5.79395,0,0.0129042,1547 1547 1497 1496 -1
GCP,adapt_p70-52877936550931_a303-75_225_map.h5,7.88776,10,548,764,19.471220:303.750000,1221,True,11,5,1220,0.994437,5.8249,0,0.0130604,1156 1156 1221 1220 -1
GCP,adapt_p60-00000000000001_a45-0_203_map.h5,6.87069,10,451,1120,30.000000:45.000000,1301,True,13,5,1301,0.832749,5.94397,0,0.0131622,1238 1238 1301 1237 -1
GCP,adapt_p48-18968510422141_a168-74999999999997_350_map.h5,6.87657,10,647,1109,41.810314:168.750000,1491,True,10,5,1438,0.980927,5.79255,0,0.0132132,1491 1491 1438 1437 -1
GCP,adapt_p80-40593177313954_a337-49999999999994_368_map.h5,6.69447,10,334,1084,9.594069:337.500000,1097,True,36,4,1098,0.542333,5.52004,0,0.0133484,1095 1097 1098 -1
GCP,adapt_p80-40593177313954_a337-49999999999994_298_map.h5,7.85353,10,478,720,9.594069:337.500000,1097,True,15,4,1097,0.960547,4.9105,0,0.0123389,1029 1097 1096 -1
GCP,adapt_p70-52877936550931_a258-75_175_map.h5,6.82743,10,389,1161,19.471220:258.750000,1213,False,20,4,1212,0.681381,4.80815,0,0.0124112,1148 1147 1212 -1
GCP,adapt_p60-00000000000001_a180-0_105_map.h5,6.87922,10,696,1067,30.000000:180.000000,1324,True,11,5,1324,0.957017,5.80439,0,0.0125876,1263 1263 1325 1324 -1
GCP,adapt_p60-00000000000001_a112-49999999999999_324_map.h5,7.97051,10,61,387,30.000000:112.500000,1313,True,146,4,1250,0.519317,6.02479,0,0.0152852,1427 1313 1250 -1
GCP,adapt_p48-18968510422141_a101-24999999999999_374_map.h5,5.79692,10,308,1492,41.810314:101.250000,1481,True,21,4,1481,0.823801,4.82773,0,0.0129281,1482 1481 1427 -1
GCP,adapt_p60-00000000000001_a157-5_496_map.h5,7.64402,10,220,744,30.000000:157.500000,1320,False,51,4,1434,0.595799,5.34479,0,0.0128041,1318 1434 1433 -1
GCP,adapt_p23-556464309101234_a202-5_416_map.h5,6.8556,10,318,1073,66.443535:202.500000,1704,False,16,4,1731,0.710239,4.87657,0,0.0132302,1705 1732 1731 -1
GCP,adapt_p60-00000000000001_a270-0_67_map.h5,6.86296,10,444,1064,30.000000:270.000000,1339,True,14,4,1338,0.719146,4.97277,0,0.0129101,1276 1338 1339 -1
GCP,adapt_p80-40593177313954_a45-0_516_map.h5,8.89515,10,579,343,9.594069:45.000000,1042,True,9,6,1043,0.997385,8.32114,0,0.0126505,1109 1109 1108 1042 1043 -1
GCP,adapt_p60-00000000000001_a270-0_217_map.h5,7.8591,10,430,760,30.000000:270.000000,1339,True,15,5,1339,0.897831,7.28293,0,0.01272,1278 1277 1338 1339 -1
GCP,adapt_p35-659087696138755_a45-0_66_map.h5,6.87003,10,524,1170,54.340912:45.000000,1572,True,8,5,1572,0.99135,5.77898,0,0.0127981,1616 1616 1572 1573 -1
GCP,adapt_p48-18968510422141_a78-75_594_map.h5,6.86815,10,537,1112,41.810314:78.750000,1478,True,11,5,1424,0.998996,5.80172,0,0.0126705,1478 1478 1424 1425 -1
GCP,adapt_p35-659087696138755_a105-0_553_map.h5,7.87894,10,506,735,54.340912:105.000000,1579,True,11,5,1579,0.999176,5.81347,0,0.0128811,1623 1623 1580 1579 -1
GCP,adapt_p80-40593177313954_a315-0_561_map.h5,6.85279,10,465,1095,9.594069:315.000000,1093,True,15,4,1094,0.754893,4.87661,0,0.0130341,1093 1094 1160 -1
GCP,adapt_p70-52877936550931_a168-74999999999997_71_map.h5,5.79316,10,366,1449,19.471220:168.750000,1197,True,23,4,1197,0.695662,5.34533,0,0.0126698,1259 1197 1261 -1
GCP,adapt_p80-40593177313954_a337-49999999999994_278_map.h5,5.93165,10,99,379,9.594069:337.500000,1097,False,465,3,1162,0.0765758,3.49657,0,0.0359405,1680 1559 -1
GCP,adapt_p60-00000000000001_a90-0_421_map.h5,5.54469,10,146,1496,30.000000:90.000000,1309,True,62,4,1308,0.522914,5.50756,0,0.0131515,1311 1309 1308 -1
GCP,adapt_p11-715852394892384_a135-0_448_map.h5,7.88353,10,453,779,78.284149:135.000000,1770,True,11,5,1771,0.950418,5.75988,0,0.0122995,1770 1770 1771 1785 -1
GCP,adapt_p70-52877936550931_a33-75_382_map.h5,7.81346,10,323,748,19.471220:33.750000,1173,True,22,5,1173,0.93163,7.24996,0,0.0133561,1107 1173 1236 1237 -1
GCP,adapt_p23-556464309101234_a202-5_116_map.h5,6.78138,10,334,1106,66.443535:202.500000,1704,True,28,4,1704,0.807643,4.76525,0,0.0124322,1733 1732 1704 -1
GCP,adapt_p48-18968510422141_a33-75_55_map.h5,7.86151,10,412,766,41.810314:33.750000,1471,False,14,5,1418,0.925775,7.22816,0,0.0132991,1473 1472 1418 1417 -1
GCP,adapt_p35-659087696138755_a135-0_518_map.h5,8.85244,10,260,381,54.340912:135.000000,1583,False,18,6,1627,0.952014,8.33627,0,0.0123821,1628 1628 1665 1627 1626 -1
GCP,adapt_p60-00000000000001_a337-49999999999994_113_map.h5,7.86699,10,296,753,30.000000:337.500000,1350,True,13,5,1351,0.988956,7.25275,0,0.0128575,1408 1350 1351 1290 -1
GCP,adapt_p80-40593177313954_a337-49999999999994_457_map.h5,6.74629,10,137,1188,9.594069:337.500000,1097,True,31,4,1097,0.764876,4.91718,0,0.0125327,1095 1096 1097 -1
GCP,adapt_p35-659087696138755_a105-0_173_map.h5,5.86253,10,549,1447,54.340912:105.000000,1579,False,14,4,1580,0.968515,4.81288,0,0.0133136,1623 1580 1581 -1
GCP,adapt_p60-00000000000001_a22-5_188_map.h5,7.86308,10,370,758,30.000000:22.500000,1298,True,15,5,1298,0.98686,5.84187,0,0.0127421,1235 1235 1298 1297 -1
GCP,adapt_p80-40593177313954_a45-0_599_map.h5,8.76088,10,172,364,9.594069:45.000000,1042,True,31,5,1042,0.71117,7.37316,0,0.0129353,976 975 1042 1041 -1
GCP,adapt_p23-556464309101234_a157-5_513_map.h5,7.87834,10,466,740,66.443535:157.500000,1701,True,11,5,1701,0.991585,7.25836,0,0.0124731,1700 1701 1729 1700 -1
GCP,adapt_p80-40593177313954_a22-5_470_map.h5,6.66568,10,189,1117,9.594069:22.500000,1038,False,41,4,971,0.55015,4.90074,0,0.0131581,903 970 971 -1
GCP,adapt_p23-556464309101234_a157-5_423_map.h5,8.4018,10,87,413,66.443535:157.500000,1701,True,88,4,1701,0.471099,6.63293,0,0.0147947,1582 1701 1667 -1
GCP,adapt_p23-556464309101234_a22-5_448_map.h5,6.78412,10,289,1094,66.443535:22.500000,1689,False,25,4,1613,0.566944,4.77246,0,0.0127093,1688 1652 1613 -1
GCP,adapt_p23-556464309101234_a292-5_203_map.h5,6.71768,10,203,1207,66.443535:292.500000,1712,False,38,4,1760,0.634325,4.74474,0,0.013133,1710 1737 1760 -1
GCP,adapt_p35-659087696138755_a195-0_346_map.h5,7.88097,10,527,751,54.340912:195.000000,1590,True,11,5,1590,0.995179,5.83763,0,0.0128584,1632 1632 1590 1589 -1
GCP,adapt_p23-556464309101234_a112-5_166_map.h5,8.78617,10,125,407,66.443535:112.500000,1697,False,27,5,1725,0.87769,7.10093,0,0.0126586,1695 1724 1725 1750 -1
GCP,adapt_p60-00000000000001_a180-0_574_map.h5,8.86834,10,368,381,30.000000:180.000000,1324,True,12,6,1324,0.997988,8.34514,0,0.0124864,1382 1382 1323 1324 1383 -1
GCP,adapt_p60-00000000000001_a202-49999999999997_130_map.h5,7.78856,10,258,740,30.000000:202.500000,1328,False,20,5,1385,0.857053,7.30588,0,0.0122669,1326 1327 1385 1386 -1
GCP,adapt_p35-659087696138755_a45-0_553_map.h5,8.88627,10,381,381,54.340912:45.000000,1572,True,12,6,1617,0.99998,8.19807,0,0.0125512,1572 1572 1573 1617 1616 -1
GCP,adapt_p35-659087696138755_a105-0_65_map.h5,7.86724,10,489,764,54.340912:105.000000,1579,True,12,5,1580,0.995377,5.81386,0,0.0135717,1623 1623 1580 1579 -1
GCP,adapt_p11-715852394892384_a45-0_26_map.h5,6.86662,10,590,1088,78.284149:45.000000,1766,True,14,5,1783,0.862615,5.70749,0,0.0132044,1766 1766 1767 1783 -1
GCP,adapt_p48-18968510422141_a348-74999999999994_292_map.h5,6.87048,10,618,1129,41.810314:348.750000,1517,False,13,4,1465,0.910779,4.9307,0,0.0133445,1516 1465 1466 -1
GCP,adapt_p80-40593177313954_a247-49999999999997_431_map.h5,8.89208,10,712,337,9.594069:247.500000,1080,True,10,6,1080,0.999924,8.27556,0,0.0127653,1081 1081 1080 1079 1145 -1
GCP,adapt_p80-40593177313954_a315-0_69_map.h5,4.32263,10,146,1889,9.594069:315.000000,1093,False,80,3,1189,0.316306,3.59572,0,0.0132088,1192 1189 -1
GCP,adapt_p70-52877936550931_a213-75_303_map.h5,8.1412,10,97,401,19.471220:213.750000,1205,False,116,5,1335,0.819818,8.06993,0,0.0136616,1209 1335 1336 1394 -1
GCP,adapt_p35-659087696138755_a255-00000000000003_558_map.h5,6.48528,10,84,1165,54.340912:255.000000,1598,True,67,4,1597,0.601907,5.36907,0,0.0135239,1675 1597 1598 -1
GCP,adapt_p70-52877936550931_a213-75_347_map.h5,7.87523,10,631,718,19.471220:213.750000,1205,True,12,5,1205,0.928829,5.81339,0,0.0125877,1268 1268 1205 1204 -1
GCP,adapt_p48-18968510422141_a123-74999999999999_65_map.h5,8.76572,10,133,409,41.810314:123.750000,1484,True,32,5,1430,0.897803,7.32295,0,0.013115,1432 1431 1430 1484 -1
GCP,adapt_p23-556464309101234_a112-5_438_map.h5,6.85405,10,328,1116,66.443535:112.500000,1697,False,16,4,1725,0.775495,4.69934,0,0.0127852,1750 1725 1696 -1
GCP,adapt_p60-00000000000001_a112-49999999999999_369_map.h5,6.75746,10,208,1154,30.000000:112.500000,1313,False,30,4,1371,0.733622,4.88758,0,0.0133708,1373 1372 1371 -1
GCP,adapt_p35-659087696138755_a285-0_305_map.h5,7.88221,10,630,751,54.340912:285.000000,1601,True,8,5,1643,0.99723,5.9117,0,0.0126432,1642 1642 1601 1643 -1
GCP,adapt_p11-715852394892384_a315-0_523_map.h5,6.85932,10,573,1121,78.284149:315.000000,1778,True,14,4,1778,0.800244,4.88349,0,0.0125119,1791 1778 1762 -1
GCP,adapt_p35-659087696138755_a195-0_251_map.h5,8.89201,10,788,411,54.340912:195.000000,1590,True,7,6,1633,0.999996,8.2284,0,0.0127981,1590 1590 1591 1633 1632 -1
GCP,adapt_p80-40593177313954_a247-49999999999997_475_map.h5,6.61088,10,270,1104,9.594069:247.500000,1080,False,50,4,1147,0.481983,5.094,0,0.0129409,1211 1147 1081 -1
GCP,adapt_p70-52877936550931_a348-74999999999994_71_map.h5,4.43131,10,80,1163,19.471220:348.750000,1229,False,399,2,1190,0,0.0300269,0,0.0300269,1587 -1
GCP,adapt_p35-659087696138755_a135-0_279_map.h5,8.87331,10,308,412,54.340912:135.000000,1583,True,12,5,1583,0.991763,5.77869,0,0.0125079,1537 1537 1583 1582 -1
GCP,adapt_p70-52877936550931_a146-25_438_map.h5,7.86843,10,456,775,19.471220:146.250000,1193,True,15,5,1127,0.960632,7.29803,0,0.0123865,1128 1127 1193 1192 -1
GCP,adapt_p60-00000000000001_a180-0_141_map.h5,7.88588,10,536,790,30.000000:180.000000,1324,True,10,5,1324,0.963903,7.44231,0,0.0129361,1261 1262 1324 1261 -1
GCP,adapt_p23-556464309101234_a157-5_78_map.h5,6.31094,10,185,1081,66.443535:157.500000,1701,False,94,4,1588,0.570496,5.87306,0,0.0136434,1703 1588 1542 -1
GCP,adapt_p23-556464309101234_a22-5_230_map.h5,7.09552,10,81,396,66.443535:22.500000,1689,False,314,4,1688,0.30016,5.90677,0,0.0248552,1521 1612 1688 -1
GCP,adapt_p70-52877936550931_a101-24999999999999_238_map.h5,6.84192,10,578,1063,19.471220:101.250000,1185,False,17,4,1249,0.747155,4.81342,0,0.0129221,1186 1249 1248 -1
GCP,adapt_p80-40593177313954_a202-49999999999997_499_map.h5,7.84789,10,343,769,9.594069:202.500000,1072,True,17,5,1137,0.929494,7.25919,0,0.0129479,1136 1137 1071 1072 -1
GCP,adapt_p35-659087696138755_a344-99999999999994_43_map.h5,5.74198,10,262,1479,54.340912:345.000000,1609,True,33,4,1609,0.57673,5.42219,0,0.0128656,1563 1565 1609 -1
GCP,adapt_p80-40593177313954_a315-0_97_map.h5,5.5453,10,148,1459,9.594069:315.000000,1093,False,46,4,962,0.643646,5.41541,0,0.0125364,1027 962 894 -1
GCP,adapt_p11-715852394892384_a135-0_468_map.h5,8.87796,10,417,399,78.284149:135.000000,1770,True,12,6,1770,0.997513,8.10787,0,0.0128516,1785 1785 1770 1771 1752 -1
GCP,adapt_p60-00000000000001_a315-0_440_map.h5,8.88979,10,418,374,30.000000:315.000000,1346,True,10,6,1346,0.995753,8.26757,0,0.0130329,1347 1347 1346 1404 1403 -1
GCP,adapt_p80-40593177313954_a337-49999999999994_25_map.h5,5.79331,10,475,1514,9.594069:337.500000,1097,True,22,4,1162,0.731982,4.92884,0,0.0125251,1161 1162 1097 -1
GCP,adapt_p35-659087696138755_a135-0_350_map.h5,8.85374,10,523,344,54.340912:135.000000,1583,True,9,6,1583,0.999988,8.19803,0,0.0130835,1626 1626 1627 1584 1583 -1
GCP,adapt_p80-40593177313954_a90-0_231_map.h5,7.81039,10,281,758,9.594069:90.000000,1051,False,22,5,1052,0.875929,7.27399,0,0.0124593,985 1052 1053 1119 -1
GCP,adapt_p80-40593177313954_a0-0_229_map.h5,8.74351,10,160,387,9.594069:0.000000,1034,True,34,5,1034,0.817351,7.34722,0,0.0123133,1167 1166 1100 1034 -1
GCP,adapt_p80-40593177313954_a202-49999999999997_240_map.h5,3.54544,10,109,1461,9.594069:202.500000,1072,False,335,2,1074,0,0.0253118,0,0.0253118,1260 -1
GCP,adapt_p60-00000000000001_a67-5_557_map.h5,7.86332,10,416,719,30.000000:67.500000,1305,True,14,5,1305,0.958846,7.24414,0,0.0125052,1241 1242 1305 1304 -1
GCP,adapt_p80-40593177313954_a112-49999999999999_127_map.h5,7.02483,10,214,779,9.594069:112.500000,1055,False,136,2,1055,0,0.0139958,0,0.0139958,1268 -1
GCP,adapt_p48-18968510422141_a236-25_182_map.h5,6.82995,10,389,1159,41.810314:236.250000,1501,False,17,4,1550,0.880627,4.7841,0,0.0128715,1549 1550 1500 -1
GCP,adapt_p70-52877936550931_a213-75_544_map.h5,6.7474,10,369,1102,19.471220:213.750000,1205,False,30,4,1267,0.76642,5.53714,0,0.0124188,1207 1268 1267 -1
GCP,adapt_p60-00000000000001_a157-5_435_map.h5,6.85452,10,495,1101,30.000000:157.500000,1320,False,14,4,1379,0.893603,4.93133,0,0.0123091,1321 1379 1378 -1
GCP,adapt_p60-00000000000001_a67-5_291_map.h5,8.84042,10,208,337,30.000000:67.500000,1305,True,19,6,1305,0.977811,8.50202,0,0.0124018,1242 1242 1306 1305 1364 -1
GCP,adapt_p48-18968510422141_a191-25_261_map.h5,6.87101,10,518,1160,41.810314:191.250000,1494,False,15,4,1441,0.772387,4.78967,0,0.0128063,1493 1440 1441 -1
GCP,adapt_p60-00000000000001_a292-5_400_map.h5,7.84298,10,314,738,30.000000:292.500000,1343,True,18,5,1400,0.907548,7.14799,0,0.0128536,1343 1401 1400 1456 -1
GCP,adapt_p23-556464309101234_a247-49999999999997_9_map.h5,6.87538,10,616,1072,66.443535:247.500000,1708,True,11,4,1708,0.96018,4.75355,0,0.0124269,1709 1708 1735 -1
GCP,adapt_p70-52877936550931_a56-24999999999999_540_map.h5,4.179,10,112,1487,19.471220:56.250000,1177,False,263,2,1111,0,0.0197787,0,0.0197787,1370 -1
GCP,adapt_p23-556464309101234_a337-5_492_map.h5,5.69517,10,185,1529,66.443535:337.500000,1716,True,36,4,1716,0.706033,5.31981,0,0.0126496,1740 1742 1716 -1
GCP,adapt_p11-715852394892384_a135-0_22_map.h5,6.85079,10,484,1178,78.284149:135.000000,1770,False,14,4,1752,0.790081,4.78895,0,0.014055,1771 1752 1751 -1
GCP,adapt_p70-52877936550931_a11-25_32_map.h5,8.89674,10,632,324,19.471220:11.250000,1169,True,10,6,1169,0.999989,8.39513,0,0.0130802,1233 1233 1169 1170 1234 -1
GCP,adapt_p70-52877936550931_a101-24999999999999_467_map.h5,8.87982,10,333,353,19.471220:101.250000,1185,True,12,6,1184,0.99921,8.27413,0,0.0130074,1248 1248 1247 1184 1185 -1
GCP,adapt_p80-40593177313954_a337-49999999999994_572_map.h5,7.84841,10,478,785,9.594069:337.500000,1097,True,14,5,1030,0.987291,7.38153,0,0.01245,1031 1030 1029 1097 -1
GCP,adapt_p48-18968510422141_a303-75_95_map.h5,8.58302,10,101,378,41.810314:303.750000,1510,False,59,5,1644,0.588156,7.33739,0,0.0128017,1558 1603 1644 1645 -1
GCP,adapt_p23-556464309101234_a247-49999999999997_390_map.h5,8.89185,10,647,396,66.443535:247.500000,1708,True,10,6,1708,0.999354,8.3671,0,0.01297,1675 1675 1709 1708 1735 -1
GCP,adapt_p35-659087696138755_a315-0_19_map.h5,6.6599,10,154,1157,54.340912:315.000000,1605,True,46,4,1605,0.482494,5.14831,0,0.0129281,1644 1604 1605 -1
GCP,adapt_p70-52877936550931_a168-74999999999997_437_map.h5,4.41799,10,132,1882,19.471220:168.750000,1197,True,68,3,1197,0.361962,3.47749,0,0.0128437,1320 1197 -1
GCP,adapt_p48-18968510422141_a303-75_167_map.h5,8.8881,10,731,386,41.810314:303.750000,1510,True,11,5,1511,0.996387,5.7847,0,0.0127436,1459 1459 1511 1510 -1
GCP,adapt_p48-18968510422141_a303-75_502_map.h5,8.85942,10,285,350,41.810314:303.750000,1510,True,16,5,1510,0.80147,7.37998,0,0.0123967,1560 1510 1458 1459 -1
GCP,adapt_p60-00000000000001_a135-0_23_map.h5,6.84532,10,421,1130,30.000000:135.000000,1316,False,16,4,1317,0.709748,4.83515,0,0.0125107,1318 1317 1376 -1
GCP,adapt_p23-556464309101234_a337-5_76_map.h5,8.88885,10,620,380,66.443535:337.500000,1716,True,8,6,1742,0.999982,8.13452,0,0.0130049,1716 1716 1715 1741 1742 -1
GCP,adapt_p35-659087696138755_a135-0_431_map.h5,7.88499,10,594,709,54.340912:135.000000,1583,True,9,5,1626,0.99471,5.77027,0,0.0128374,1583 1583 1626 1625 -1
GCP,adapt_p48-18968510422141_a123-74999999999999_346_map.h5,7.89123,10,798,713,41.810314:123.750000,1484,True,9,5,1484,0.985423,7.38498,0,0.012592,1536 1535 1484 1536 -1
GCP,adapt_p70-52877936550931_a123-74999999999999_348_map.h5,6.84772,10,392,1141,19.471220:123.750000,1189,True,14,5,1188,0.922497,5.82495,0,0.0131067,1123 1123 1189 1188 -1
GCP,adapt_p35-659087696138755_a195-0_78_map.h5,7.87952,10,518,762,54.340912:195.000000,1590,True,8,5,1590,0.99507,7.32507,0,0.0123086,1633 1632 1590 1633 -1
GCP,adapt_p80-40593177313954_a180-0_199_map.h5,7.77304,10,269,718,9.594069:180.000000,1067,False,28,5,1135,0.913578,7.34866,0,0.0127993,1201 1200 1135 1134 -1
GCP,adapt_p70-52877936550931_a101-24999999999999_555_map.h5,7.88116,10,534,754,19.471220:101.250000,1185,False,12,5,1184,0.840314,7.4508,0,0.0126542,1119 1118 1184 1119 -1
GCP,adapt_p70-52877936550931_a281-24999999999994_111_map.h5,7.85184,10,267,765,19.471220:281.250000,1217,True,18,5,1152,0.900875,7.54303,0,0.0130045,1151 1152 1153 1217 -1
GCP,adapt_p60-00000000000001_a224-99999999999997_109_map.h5,6.88754,10,568,1135,30.000000:225.000000,1331,True,9,5,1390,0.99367,5.82353,0,0.0122618,1331 1331 1389 1390 -1
GCP,adapt_p48-18968510422141_a33-75_453_map.h5,7.82755,10,257,722,41.810314:33.750000,1471,True,20,5,1471,0.898256,7.41864,0,0.0122786,1418 1417 1416 1471 -1
GCP,adapt_p70-52877936550931_a168-74999999999997_158_map.h5,7.79614,10,276,746,19.471220:168.750000,1197,True,24,5,1260,0.826147,7.30181,0,0.0126588,1197 1260 1322 1259 -1
GCP,adapt_p80-40593177313954_a270-0_178_map.h5,6.77589,10,302,1156,9.594069:270.000000,1084,True,25,4,1082,0.880024,4.91757,0,0.012928,1084 1083 1082 -1
GCP,adapt_p48-18968510422141_a236-25_24_map.h5,8.89551,10,729,372,41.810314:236.250000,1501,True,7,6,1448,0.99993,8.33685,0,0.0123193,1501 1501 1449 1448 1500 -1
GCP,adapt_p35-659087696138755_a135-0_472_map.h5,8.89603,10,620,364,54.340912:135.000000,1583,True,9,6,1626,0.999777,8.19817,0,0.012801,1583 1583 1584 1627 1626 -1
GCP,adapt_p80-40593177313954_a180-0_473_map.h5,6.50868,10,117,1133,9.594069:180.000000,1067,False,59,3,1003,0.273596,4.44242,0,0.0131732,1066 1003 -1
GCP,adapt_p35-659087696138755_a255-00000000000003_460_map.h5,8.75882,10,189,385,54.340912:255.000000,1598,False,32,5,1677,0.801131,7.27852,0,0.0129889,1642 1641 1677 1640 -1
GCP,adapt_p60-00000000000001_a292-5_158_map.h5,5.60554,10,137,1454,30.000000:292.500000,1343,False,54,4,1457,0.617577,5.38392,0,0.0133053,1455 1457 1401 -1
GCP,adapt_p80-40593177313954_a337-49999999999994_191_map.h5,4.20533,10,138,1435,9.594069:337.500000,1097,False,261,2,1580,0,0.0194174,0,0.0194174,992 -1
GCP,adapt_p23-556464309101234_a157-5_574_map.h5,6.86735,10,461,1041,66.443535:157.500000,1701,True,13,5,1701,0.960098,5.77413,0,0.0124825,1729 1729 1701 1702 -1
GCP,adapt_p23-556464309101234_a112-5_144_map.h5,7.8893,10,525,799,66.443535:112.500000,1697,True,10,5,1697,0.996571,5.75252,0,0.0125153,1662 1662 1697 1696 -1
GCP,adapt_p60-00000000000001_a270-0_38_map.h5,6.77607,10,247,1167,30.000000:270.000000,1339,True,27,4,1340,0.825951,4.99367,0,0.0127579,1277 1339 1340 -1
GCP,adapt_p80-40593177313954_a67-5_223_map.h5,6.84053,10,448,1109,9.594069:67.500000,1047,False,17,4,1045,0.810993,4.85578,0,0.0133024,1046 1045 1111 -1
GCP,adapt_p70-52877936550931_a326-24999999999994_208_map.h5,8.89813,10,604,363,19.471220:326.250000,1225,True,8,6,1225,0.999929,8.32344,0,0.0126848,1224 1224 1225 1288 1287 -1
GCP,adapt_p48-18968510422141_a123-74999999999999_401_map.h5,8.87325,10,517,377,41.810314:123.750000,1484,True,12,6,1483,0.98165,8.23533,0,0.0125603,1535 1535 1534 1483 1484 -1
GCP,adapt_p48-18968510422141_a146-25_158_map.h5,7.87631,10,471,670,41.810314:146.250000,1488,True,11,5,1434,0.949007,7.34799,0,0.0125048,1488 1487 1434 1488 -1
GCP,adapt_p35-659087696138755_a224-99999999999997_194_map.h5,8.88683,10,330,383,54.340912:225.000000,1594,True,12,6,1635,0.999623,8.1992,0,0.0130068,1594 1594 1593 1635 1636 -1
GCP,adapt_p80-40593177313954_a224-99999999999997_413_map.h5,8.82606,10,253,357,9.594069:225.000000,1076,True,22,5,1076,0.737233,7.51746,0,0.0127649,1143 1142 1141 1076 -1
GCP,adapt_p60-00000000000001_a270-0_227_map.h5,6.83192,10,502,1106,30.000000:270.000000,1339,False,16,4,1396,0.795991,4.88709,0,0.0128761,1395 1396 1397 -1
GCP,adapt_p80-40593177313954_a315-0_342_map.h5,8.84103,10,272,412,9.594069:315.000000,1093,True,17,6,1158,0.940142,8.3226,0,0.0127913,1092 1092 1093 1159 1158 -1
GCP,adapt_p35-659087696138755_a45-0_346_map.h5,6.87414,10,501,1148,54.340912:45.000000,1572,True,11,5,1572,0.996427,5.77886,0,0.0126795,1616 1616 1572 1573 -1
GCP,adapt_p70-52877936550931_a56-24999999999999_342_map.h5,7.86438,10,508,730,19.471220:56.250000,1177,True,12,5,1177,0.985729,7.58896,0,0.0124315,1176 1177 1111 1176 -1
GCP,adapt_p70-52877936550931_a168-74999999999997_35_map.h5,6.81648,10,360,1132,19.471220:168.750000,1197,True,20,4,1197,0.713996,4.8078,0,0.0123795,1198 1197 1260 -1
GCP,adapt_p70-52877936550931_a33-75_134_map.h5,7.58781,10,227,736,19.471220:33.750000,1173,False,54,5,1233,0.622683,7.30816,0,0.0130228,1297 1234 1233 1169 -1
GCP,adapt_p48-18968510422141_a56-24999999999999_442_map.h5,5.28601,10,71,1494,41.810314:56.250000,1475,False,95,3,1351,0.681894,3.53003,0,0.013562,1462 1351 -1
GCP,adapt_p35-659087696138755_a135-0_20_map.h5,6.4116,10,97,1052,54.340912:135.000000,1583,False,86,4,1625,0.400487,5.91816,0,0.01322,1622 1625 1626 -1
GCP,adapt_p23-556464309101234_a337-5_210_map.h5,4.53905,10,105,1898,66.443535:337.500000,1716,False,64,3,1638,0.2933,3.80847,0,0.0127828,1737 1638 -1
GCP,adapt_p48-18968510422141_a236-25_238_map.h5,8.83295,10,332,384,41.810314:236.250000,1501,True,20,5,1448,0.929419,7.2183,0,0.0128593,1550 1500 1501 1448 -1
GCP,adapt_p11-715852394892384_a135-0_506_map.h5,7.82781,10,424,742,78.284149:135.000000,1770,True,13,5,1752,0.906671,7.24126,0,0.0130128,1770 1752 1753 1771 -1
GCP,adapt_p11-715852394892384_a225-0_267_map.h5,6.8766,10,549,1097,78.284149:225.000000,1774,True,8,5,1757,0.961356,5.81667,0,0.0132093,1774 1774 1775 1757 -1
GCP,adapt_p80-40593177313954_a270-0_241_map.h5,6.70393,10,343,1084,9.594069:270.000000,1084,False,36,4,1149,0.625044,5.51272,0,0.012911,1152 1150 1149 -1
GCP,adapt_p48-18968510422141_a348-74999999999994_1_map.h5,8.87201,10,337,383,41.810314:348.750000,1517,True,13,6,1465,0.997593,8.28523,0,0.012811,1464 1464 1465 1517 1516 -1
GCP,adapt_p70-52877936550931_a33-75_165_map.h5,5.30438,10,105,1536,19.471220:33.750000,1173,False,95,3,1328,0.283968,3.36447,0,0.0134384,1138 1328 -1
GCP,adapt_p70-52877936550931_a33-75_300_map.h5,8.89523,10,736,365,19.471220:33.750000,1173,True,9,6,1173,0.99998,8.31843,0,0.0125783,1237 1237 1236 1173 1174 -1
GCP,adapt_p23-556464309101234_a22-5_456_map.h5,8.80318,10,163,348,66.443535:22.500000,1689,False,24,5,1688,0.854953,7.22081,0,0.0126347,1651 1687 1688 1718 -1
GCP,adapt_p48-18968510422141_a191-25_157_map.h5,7.88885,10,648,766,41.810314:191.250000,1494,True,8,5,1441,0.985308,5.79366,0,0.012959,1494 1494 1441 1442 -1
GCP,adapt_p80-40593177313954_a202-49999999999997_247_map.h5,6.76381,10,229,1088,9.594069:202.500000,1072,True,29,4,1072,0.578967,5.16321,0,0.0129967,1004 1072 1139 -1
GCP,adapt_p60-00000000000001_a247-49999999999997_200_map.h5,7.81082,10,232,709,30.000000:247.500000,1335,True,22,5,1335,0.893821,7.28253,0,0.0130165,1274 1336 1335 1393 -1
GCP,adapt_p70-52877936550931_a11-25_552_map.h5,7.87385,10,115,369,19.471220:11.250000,1169,False,169,4,1232,0.196219,6.29953,0,0.0168141,1165 1232 1296 -1
GCP,adapt_p48-18968510422141_a348-74999999999994_467_map.h5,6.76211,10,192,1129,41.810314:348.750000,1517,True,29,4,1517,0.670294,4.87764,0,0.0127094,1466 1517 1566 -1
GCP,adapt_p48-18968510422141_a78-75_107_map.h5,8.89221,10,581,351,41.810314:78.750000,1478,True,10,6,1478,0.999807,8.23025,0,0.0136177,1425 1425 1424 1478 1479 -1
GCP,adapt_p48-18968510422141_a146-25_143_map.h5,8.74383,10,129,361,41.810314:146.250000,1488,True,33,5,1488,0.785293,7.57147,0,0.0130065,1436 1488 1487 1434 -1
GCP,adapt_p11-715852394892384_a45-0_83_map.h5,8.85539,10,289,408,78.284149:45.000000,1766,True,15,6,1766,0.973816,8.03952,0,0.0124211,1767 1767 1766 1746 1747 -1
GCP,adapt_p80-40593177313954_a90-0_514_map.h5,6.86466,10,492,1099,9.594069:90.000000,1051,False,15,4,1050,0.933639,4.91156,0,0.0131601,983 1050 1049 -1
GCP,adapt_p60-00000000000001_a270-0_544_map.h5,7.8478,10,476,725,30.000000:270.000000,1339,False,18,5,1396,0.926221,7.336,0,0.013017,1395 1452 1396 1397 -1
GCP,adapt_p70-52877936550931_a11-25_535_map.h5,7.88492,10,507,755,19.471220:11.250000,1169,True,9,5,1102,0.928075,5.89944,0,0.0129059,1103 1103 1169 1102 -1
GCP,adapt_p35-659087696138755_a75-0_349_map.h5,8.8994,10,832,368,54.340912:75.000000,1576,True,6,6,1576,0.999999,8.25018,0,0.0124164,1575 1575 1576 1620 1619 -1
GCP,adapt_p48-18968510422141_a168-74999999999997_237_map.h5,7.78395,10,256,787,41.810314:168.750000,1491,False,26,5,1490,0.790413,7.17854,0,0.0128883,1438 1437 1490 1541 -1
GCP,adapt_p35-659087696138755_a165-0_161_map.h5,6.86741,10,478,1119,54.340912:165.000000,1587,True,13,4,1587,0.983942,4.82821,0,0.0124044,1541 1587 1586 -1
GCP,adapt_p60-00000000000001_a180-0_516_map.h5,8.89331,10,564,367,30.000000:180.000000,1324,True,10,6,1324,0.999574,8.24552,0,0.0125207,1325 1325 1324 1262 1263 -1
GCP,adapt_p80-40593177313954_a22-5_363_map.h5,8.6547,10,169,376,9.594069:22.500000,1038,True,45,5,1039,0.803927,7.95986,0,0.0131462,1041 1039 971 1038 -1
GCP,adapt_p48-18968510422141_a258-75_551_map.h5,7.80735,10,356,775,41.810314:258.750000,1504,True,15,5,1504,0.846984,7.25705,0,0.0124662,1453 1452 1504 1505 -1
GCP,adapt_p48-18968510422141_a101-24999999999999_392_map.h5,7.83912,10,301,801,41.810314:101.250000,1481,True,18,5,1428,0.959005,7.34861,0,0.0127105,1481 1428 1429 1371 -1
GCP,adapt_p35-659087696138755_a165-0_433_map.h5,7.75124,10,228,753,54.340912:165.000000,1587,True,31,5,1587,0.698191,7.29612,0,0.0125987,1492 1542 1541 1587 -1
GCP,adapt_p80-40593177313954_a224-99999999999997_335_map.h5,7.68484,10,212,724,9.594069:225.000000,1076,False,42,4,1142,0.397897,5.27205,0,0.0129827,1205 1141 1142 -1
GCP,adapt_p11-715852394892384_a45-0_279_map.h5,8.89532,10,650,381,78.284149:45.000000,1766,True,9,6,1766,0.999974,8.0396,0,0.0124983,1767 1767 1766 1746 1747 -1
GCP,adapt_p70-52877936550931_a33-75_335_map.h5,6.85753,10,538,1114,19.471220:33.750000,1173,True,15,4,1173,0.798981,4.95028,0,0.0123012,1172 1173 1237 -1
GCP,adapt_p35-659087696138755_a75-0_209_map.h5,6.88325,10,578,1137,54.340912:75.000000,1576,True,10,4,1576,0.963841,4.83418,0,0.0125892,1577 1576 1620 -1
GCP,adapt_p70-52877936550931_a101-24999999999999_575_map.h5,6.75693,10,166,1126,19.471220:101.250000,1185,False,24,4,1183,0.796526,4.83143,0,0.0129016,1247 1184 1183 -1
GCP,adapt_p60-00000000000001_a270-0_167_map.h5,7.88968,10,686,697,30.000000:270.000000,1339,True,10,5,1339,0.978566,5.80391,0,0.0131399,1397 1397 1339 1338 -1
GCP,adapt_p48-18968510422141_a168-74999999999997_61_map.h5,4.8767,10,9,422,41.810314:168.750000,1491,False,671,2,1692,0,0.0609919,0,0.0609919,1137 -1
GCP,adapt_p60-00000000000001_a90-0_468_map.h5,8.89952,10,664,414,30.000000:90.000000,1309,True,10,6,1368,0.999703,8.55834,0,0.0123109,1309 1309 1369 1368 1367 -1
GCP,adapt_p48-18968510422141_a168-74999999999997_258_map.h5,6.87001,10,604,1149,41.810314:168.750000,1491,True,12,4,1491,0.964988,4.7913,0,0.0128177,1439 1438 1491 -1
GCP,adapt_p80-40593177313954_a45-0_432_map.h5,8.36266,10,62,369,9.594069:45.000000,1042,False,90,5,1394,0.501065,8.00447,0,0.0131462,1338 1451 1395 1394 -1
GCP,adapt_p35-659087696138755_a344-99999999999994_593_map.h5,7.84603,10,301,689,54.340912:345.000000,1609,True,14,5,1649,0.956554,7.24918,0,0.0127877,1608 1609 1650 1649 -1
GCP,adapt_p60-00000000000001_a202-49999999999997_233_map.h5,7.79226,10,342,779,30.000000:202.500000,1328,False,23,4,1385,0.735435,4.79872,0,0.0125555,1442 1385 1386 -1
GCP,adapt_p35-659087696138755_a344-99999999999994_479_map.h5,7.8936,10,602,768,54.340912:345.000000,1609,True,8,5,1649,0.998305,5.88984,0,0.0132233,1608 1608 1649 1609 -1
GCP,adapt_p48-18968510422141_a213-75_234_map.h5,4.91166,10,82,1101,41.810314:213.750000,1497,False,324,2,1499,0,0.0250666,0,0.0250666,1629 -1
GCP,adapt_p60-00000000000001_a180-0_303_map.h5,4.54388,10,279,1888,30.000000:180.000000,1324,False,59,3,1439,0.255332,3.37823,0,0.0129863,1261 1439 -1
GCP,adapt_p48-18968510422141_a78-75_166_map.h5,8.88828,10,477,383,41.810314:78.750000,1478,True,11,6,1478,0.990441,8.1761,0,0.0125372,1529 1529 1477 1478 1424 -1
GCP,adapt_p60-00000000000001_a202-49999999999997_529_map.h5,6.82493,10,406,1138,30.000000:202.500000,1328,False,18,4,1385,0.68184,4.92361,0,0.0128984,1326 1385 1386 -1
GCP,adapt_p23-556464309101234_a202-5_598_map.h5,6.86654,10,448,1185,66.443535:202.500000,1704,True,12,5,1704,0.985285,5.77738,0,0.0132964,1732 1732 1704 1705 -1
GCP,adapt_p60-00000000000001_a315-0_426_map.h5,6.86838,10,384,1176,30.000000:315.000000,1346,False,12,4,1347,0.855629,4.8361,0,0.0134598,1348 1347 1405 -1
GCP,adapt_p80-40593177313954_a315-0_539_map.h5,6.87796,10,615,1069,9.594069:315.000000,1093,True,13,4,1093,0.986307,4.91748,0,0.0128403,1092 1093 1094 -1
GCP,adapt_p60-00000000000001_a180-0_370_map.h5,5.82583,10,429,1516,30.000000:180.000000,1324,False,18,4,1440,0.824395,4.79215,0,0.012996,1382 1383 1440 -1
GCP,adapt_p60-00000000000001_a157-5_111_map.h5,7.73713,10,201,780,30.000000:157.500000,1320,True,28,4,1320,0.701325,5.01523,0,0.0127192,1257 1320 1321 -1
GCP,adapt_p48-18968510422141_a33-75_514_map.h5,5.841,10,426,1477,41.810314:33.750000,1471,False,17,4,1417,0.85781,5.00892,0,0.012818,1472 1417 1416 -1
GCP,adapt_p80-40593177313954_a224-99999999999997_315_map.h5,5.92521,10,31,406,9.594069:225.000000,1076,False,473,2,1428,0,0.0363911,0,0.0363911,1301 -1
GCP,adapt_p80-40593177313954_a135-0_586_map.h5,6.84179,10,436,1071,9.594069:135.000000,1059,True,14,4,1059,0.755922,4.90491,0,0.0130155,992 1059 991 -1
GCP,adapt_p60-00000000000001_a67-5_93_map.h5,6.8664,10,514,1091,30.000000:67.500000,1305,True,13,4,1305,0.919415,4.80933,0,0.012415,1364 1305 1306 -1
GCP,adapt_p70-52877936550931_a348-74999999999994_296_map.h5,8.86807,10,377,379,19.471220:348.750000,1229,True,14,6,1228,0.993804,8.33937,0,0.0127575,1290 1290 1291 1228 1229 -1
GCP,adapt_p11-715852394892384_a315-0_269_map.h5,6.85527,10,498,1081,78.284149:315.000000,1778,False,15,4,1762,0.920468,4.71735,0,0.0125554,1779 1763 1762 -1
GCP,adapt_p60-00000000000001_a45-0_81_map.h5,7.85303,10,357,785,30.000000:45.000000,1301,True,15,5,1302,0.98989,7.24862,0,0.0127948,1238 1239 1302 1301 -1
GCP,adapt_p80-40593177313954_a135-0_35_map.h5,7.84482,10,362,740,9.594069:135.000000,1059,False,16,5,1125,0.914565,7.26322,0,0.0130295,1058 1124 1125 1126 -1
GCP,adapt_p35-659087696138755_a135-0_502_map.h5,7.70661,10,208,800,54.340912:135.000000,1583,True,39,5,1626,0.695303,7.11738,0,0.013192,1665 1627 1626 1583 -1
GCP,adapt_p80-40593177313954_a90-0_556_map.h5,7.64691,10,219,752,9.594069:90.000000,1051,True,48,5,1051,0.801519,7.36383,0,0.0128976,982 1050 1051 1052 -1
GCP,adapt_p60-00000000000001_a247-49999999999997_368_map.h5,8.88694,10,578,365,30.000000:247.500000,1335,True,10,6,1394,0.99646,8.24906,0,0.0128905,1336 1336 1335 1393 1394 -1
GCP,adapt_p48-18968510422141_a258-75_573_map.h5,8.85862,10,514,347,41.810314:258.750000,1504,True,13,6,1504,0.990126,8.25881,0,0.013204,1503 1503 1504 1452 1451 -1
GCP,adapt_p60-00000000000001_a224-99999999999997_310_map.h5,6.86293,10,592,1086,30.000000:225.000000,1331,True,12,5,1332,0.929944,5.9402,0,0.0129295,1331 1331 1332 1271 -1
GCP,adapt_p70-52877936550931_a146-25_484_map.h5,7.6095,10,82,746,19.471220:146.250000,1193,True,57,4,1192,0.475115,5.52337,0,0.0143354,1195 1193 1192 -1
GCP,adapt_p11-715852394892384_a45-0_64_map.h5,7.87997,10,484,784,78.284149:45.000000,1766,True,13,5,1746,0.953505,7.03886,0,0.0128606,1765 1766 1746 1745 -1
GCP,adapt_p60-00000000000001_a224-99999999999997_258_map.h5,5.43028,10,182,1452,30.000000:225.000000,1331,False,80,3,1147,0.269339,4.27764,0,0.0135591,1271 1147 -1
GCP,adapt_p48-18968510422141_a348-74999999999994_355_map.h5,7.40386,10,75,373,41.810314:348.750000,1517,False,231,2,1566,0,0.0186857,0,0.0186857,1590 -1
GCP,adapt_p35-659087696138755_a45-0_358_map.h5,6.76572,10,273,1165,54.340912:45.000000,1572,False,19,4,1615,0.867134,4.75616,0,0.0131047,1655 1654 1615 -1
GCP,adapt_p48-18968510422141_a11-25_540_map.h5,5.85807,10,428,1507,41.810314:11.250000,1468,True,14,4,1413,0.77527,4.90336,0,0.0127804,1467 1413 1468 -1
GCP,adapt_p80-40593177313954_a135-0_499_map.h5,6.86724,10,519,1009,9.594069:135.000000,1059,True,13,5,1058,0.915866,5.81574,0,0.0125742,1125 1125 1059 1058 -1
GCP,adapt_p80-40593177313954_a157-5_306_map.h5,6.77836,10,203,1091,9.594069:157.500000,1063,False,26,4,1128,0.718947,4.74748,0,0.0124513,1194 1128 1062 -1
GCP,adapt_p48-18968510422141_a281-24999999999994_253_map.h5,7.85351,10,308,787,41.810314:281.250000,1507,True,15,5,1508,0.871209,7.21882,0,0.0123271,1455 1456 1508 1507 -1
GCP,adapt_p60-00000000000001_a202-49999999999997_126_map.h5,7.89494,10,701,740,30.000000:202.500000,1328,True,8,5,1328,0.997856,5.81868,0,0.012883,1266 1266 1328 1327 -1
GCP,adapt_p70-52877936550931_a213-75_101_map.h5,7.86349,10,587,723,19.471220:213.750000,1205,True,15,5,1205,0.968429,7.2532,0,0.0123196,1268 1267 1204 1205 -1
GCP,adapt_p35-659087696138755_a195-0_388_map.h5,7.63326,10,217,765,54.340912:195.000000,1590,False,50,5,1496,0.511194,7.36404,0,0.0125863,1547 1496 1546 1545 -1
GCP,adapt_p48-18968510422141_a303-75_67_map.h5,6.87836,10,504,1136,41.810314:303.750000,1510,True,11,5,1511,0.979835,5.78479,0,0.0124615,1560 1560 1511 1510 -1
GCP,adapt_p70-52877936550931_a78-75_345_map.h5,6.83252,10,356,1174,19.471220:78.750000,1181,True,18,4,1244,0.775832,4.84074,0,0.0122353,1180 1181 1244 -1
GCP,adapt_p70-52877936550931_a56-24999999999999_200_map.h5,6.87323,10,454,1154,19.471220:56.250000,1177,True,12,5,1177,0.961295,5.85808,0,0.01258,1240 1240 1177 1176 -1
GCP,adapt_p80-40593177313954_a202-49999999999997_134_map.h5,8.68695,10,139,388,9.594069:202.500000,1072,False,41,5,1071,0.715728,7.44319,0,0.0128589,1002 1070 1136 1071 -1
GCP,adapt_p35-659087696138755_a224-99999999999997_80_map.h5,6.77146,10,251,1162,54.340912:225.000000,1594,True,27,4,1549,0.751103,4.77771,0,0.0123583,1595 1594 1549 -1
GCP,adapt_p60-00000000000001_a202-49999999999997_343_map.h5,5.73789,10,282,1493,30.000000:202.500000,1328,True,30,4,1328,0.721326,4.82697,0,0.0129355,1267 1329 1328 -1
GCP,adapt_p70-52877936550931_a168-74999999999997_406_map.h5,7.83498,10,243,734,19.471220:168.750000,1197,True,18,5,1196,0.832124,7.25072,0,0.0128476,1261 1260 1197 1196 -1
GCP,adapt_p48-18968510422141_a33-75_360_map.h5,6.14321,10,213,1208,41.810314:33.750000,1471,False,108,2,1471,0,0.0133267,0,0.0133267,1645 -1
GCP,adapt_p11-715852394892384_a45-0_325_map.h5,8.87637,10,467,384,78.284149:45.000000,1766,True,11,6,1746,0.999781,8.0415,0,0.0124485,1747 1747 1767 1766 1746 -1
GCP,adapt_p35-659087696138755_a45-0_41_map.h5,7.89424,10,790,737,54.340912:45.000000,1572,True,8,5,1572,0.999855,5.77876,0,0.0125789,1616 1616 1572 1573 -1
GCP,adapt_p70-52877936550931_a281-24999999999994_368_map.h5,7.88427,10,615,743,19.471220:281.250000,1217,True,11,5,1217,0.994077,5.84326,0,0.0135312,1279 1279 1216 1217 -1
GCP,adapt_p80-40593177313954_a90-0_361_map.h5,7.80916,10,291,737,9.594069:90.000000,1051,True,23,4,1051,0.852709,4.83331,0,0.0126392,1117 1051 1050 -1
GCP,adapt_p60-00000000000001_a157-5_578_map.h5,7.88636,10,526,758,30.000000:157.500000,1320,True,10,5,1320,0.995697,7.58978,0,0.0124667,1319 1320 1258 1319 -1
GCP,adapt_p80-40593177313954_a315-0_103_map.h5,6.86461,10,488,1124,9.594069:315.000000,1093,True,13,4,1093,0.742487,4.8721,0,0.0132587,1092 1093 1159 -1
GCP,adapt_p48-18968510422141_a303-75_411_map.h5,7.88196,10,646,721,41.810314:303.750000,1510,True,11,5,1511,0.955491,5.7848,0,0.0128415,1459 1459 1511 1510 -1
GCP,adapt_p80-40593177313954_a247-49999999999997_395_map.h5,5.82705,10,465,1461,9.594069:247.500000,1080,True,18,4,1079,0.724093,4.91742,0,0.0127728,1080 1079 1078 -1
GCP,adapt_p48-18968510422141_a236-25_326_map.h5,8.84591,10,304,396,41.810314:236.250000,1501,True,15,6,1449,0.98942,8.33742,0,0.0129057,1502 1502 1449 1448 1501 -1
GCP,adapt_p70-52877936550931_a213-75_218_map.h5,8.78889,10,214,357,19.471220:213.750000,1205,False,26,5,1207,0.836103,7.18669,0,0.0138884,1142 1207 1206 1269 -1
GCP,adapt_p48-18968510422141_a236-25_136_map.h5,8.86953,10,494,405,41.810314:236.250000,1501,True,10,6,1501,0.98286,8.33774,0,0.0132843,1500 1500 1448 1449 1501 -1
GCP,adapt_p23-556464309101234_a22-5_111_map.h5,6.81676,10,375,1143,66.443535:22.500000,1689,False,20,4,1690,0.586717,4.96444,0,0.013105,1655 1690 1720 -1
GCP,adapt_p70-52877936550931_a191-25_513_map.h5,5.72102,10,221,1526,19.471220:191.250000,1201,False,33,4,1203,0.6675,5.52183,0,0.0127979,1205 1203 1202 -1
GCP,adapt_p70-52877936550931_a258-75_18_map.h5,7.85785,10,281,718,19.471220:258.750000,1213,True,16,5,1214,0.974141,7.57502,0,0.0129989,1213 1214 1215 1149 -1
GCP,adapt_p23-556464309101234_a157-5_231_map.h5,8.8798,10,512,369,66.443535:157.500000,1701,True,12,6,1700,0.993974,8.20433,0,0.0130226,1701 1701 1700 1666 1667 -1
GCP,adapt_p60-00000000000001_a315-0_356_map.h5,8.88683,10,545,355,30.000000:315.000000,1346,True,8,6,1404,0.999988,8.26746,0,0.0129882,1347 1347 1346 1404 1405 -1
GCP,adapt_p70-52877936550931_a281-24999999999994_306_map.h5,8.88307,10,417,375,19.471220:281.250000,1217,True,12,6,1217,0.999451,8.18682,0,0.0127522,1152 1152 1217 1216 1279 -1
GCP,adapt_p60-00000000000001_a45-0_474_map.h5,6.62396,10,141,1155,30.000000:45.000000,1301,False,52,4,1238,0.520173,5.57677,0,0.0128953,1106 1237 1238 -1
GCP,adapt_p11-715852394892384_a225-0_316_map.h5,8.86018,10,193,373,78.284149:225.000000,1774,True,15,6,1773,0.97906,8.37054,0,0.0126454,1755 1755 1774 1773 1772 -1
GCP,adapt_p23-556464309101234_a67-5_16_map.h5,4.96884,10,30,797,66.443535:67.500000,1693,False,478,2,1731,0,0.035816,0,0.035816,1341 -1
GCP,adapt_p60-00000000000001_a270-0_275_map.h5,8.86843,10,517,370,30.000000:270.000000,1339,True,15,6,1397,0.998687,8.24133,0,0.0123871,1338 1338 1339 1397 1396 -1
GCP,adapt_p48-18968510422141_a213-75_105_map.h5,6.8648,10,516,1055,41.810314:213.750000,1497,False,14,4,1445,0.936138,4.83095,0,0.0130218,1444 1445 1498 -1
GCP,adapt_p80-40593177313954_a270-0_120_map.h5,7.76775,10,459,720,9.594069:270.000000,1084,True,29,5,1084,0.729214,7.35842,0,0.0130726,1214 1149 1084 1085 -1
GCP,adapt_p70-52877936550931_a33-75_456_map.h5,8.86666,10,464,400,19.471220:33.750000,1173,True,13,6,1107,0.997294,8.30242,0,0.0131946,1174 1174 1173 1107 1108 -1
GCP,adapt_p23-556464309101234_a202-5_353_map.h5,7.87483,10,611,741,66.443535:202.500000,1704,True,10,5,1704,0.998376,7.25662,0,0.0130022,1705 1704 1732 1705 -1
GCP,adapt_p70-52877936550931_a326-24999999999994_404_map.h5,8.89468,10,551,367,19.471220:326.250000,1225,True,9,6,1225,0.999529,8.29384,0,0.0131444,1160 1160 1159 1224 1225 -1
GCP,adapt_p48-18968510422141_a258-75_584_map.h5,5.13713,10,125,1143,41.810314:258.750000,1504,False,271,2,1150,0,0.0202971,0,0.0202971,1446 -1
GCP,adapt_p48-18968510422141_a348-74999999999994_424_map.h5,6.76386,10,233,1103,41.810314:348.750000,1517,True,27,4,1517,0.613262,4.86543,0,0.0129696,1516 1517 1518 -1
GCP,adapt_p35-659087696138755_a285-0_26_map.h5,5.76482,10,231,1508,54.340912:285.000000,1601,False,27,4,1643,0.734766,5.14677,0,0.0130258,1603 1643 1679 -1
GCP,adapt_p11-715852394892384_a225-0_217_map.h5,6.89562,10,618,1085,78.284149:225.000000,1774,True,11,5,1774,0.997133,5.78264,0,0.0131967,1756 1756 1757 1774 -1
GCP,adapt_p35-659087696138755_a45-0_439_map.h5,8.54725,10,90,350,54.340912:45.000000,1572,True,61,5,1572,0.590214,7.97275,0,0.0135778,1569 1524 1571 1572 -1
GCP,adapt_p11-715852394892384_a315-0_143_map.h5,8.09654,10,102,386,78.284149:315.000000,1778,False,135,5,1762,0.629508,7.81359,0,0.0142651,1742 1762 1761 1739 -1
GCP,adapt_p70-52877936550931_a348-74999999999994_591_map.h5,5.69614,10,166,1482,19.471220:348.750000,1229,False,38,4,1228,0.644008,4.91934,0,0.0126967,1226 1227 1228 -1
GCP,adapt_p70-52877936550931_a101-24999999999999_430_map.h5,6.75299,10,296,1073,19.471220:101.250000,1185,True,30,4,1185,0.569051,5.03254,0,0.0128426,1249 1185 1184 -1
GCP,adapt_p48-18968510422141_a303-75_48_map.h5,8.69879,10,136,368,41.810314:303.750000,1510,True,42,5,1511,0.588674,7.69095,0,0.0130269,1457 1510 1511 1460 -1
GCP,adapt_p80-40593177313954_a180-0_468_map.h5,7.86614,10,620,747,9.594069:180.000000,1067,True,12,5,1133,0.967825,7.47388,0,0.0127005,1132 1133 1067 1132 -1
GCP,adapt_p48-18968510422141_a33-75_121_map.h5,5.84344,10,448,1460,41.810314:33.750000,1471,False,17,4,1417,0.951701,4.81186,0,0.0133842,1359 1417 1418 -1
GCP,adapt_p35-659087696138755_a315-0_538_map.h5,5.86313,10,583,1449,54.340912:315.000000,1605,False,11,5,1646,0.981742,5.76961,0,0.0126982,1682 1682 1646 1645 -1
GCP,adapt_p70-52877936550931_a168-74999999999997_277_map.h5,3.39155,10,89,1827,19.471220:168.750000,1197,False,221,2,1388,0,0.0180155,0,0.0180155,1395 -1
GCP,adapt_p60-00000000000001_a90-0_103_map.h5,3.41913,10,74,1503,30.000000:90.000000,1309,False,382,2,1188,0,0.0285706,0,0.0285706,1089 -1
GCP,adapt_p80-40593177313954_a112-49999999999999_514_map.h5,5.77798,10,383,1429,9.594069:112.500000,1055,True,25,4,1056,0.735483,5.222,0,0.0128472,1120 1055 1056 -1
GCP,adapt_p60-00000000000001_a0-0_224_map.h5,5.76296,10,347,1556,30.000000:0.000000,1294,True,28,4,1294,0.780697,4.897,0,0.012884,1231 1294 1411 -1
GCP,adapt_p60-00000000000001_a292-5_429_map.h5,5.81723,10,364,1417,30.000000:292.500000,1343,False,20,4,1281,0.886572,4.8408,0,0.012619,1219 1282 1281 -1
GCP,adapt_p60-00000000000001_a292-5_67_map.h5,7.62673,10,171,759,30.000000:292.500000,1343,True,46,5,1342,0.740688,7.42694,0,0.0131015,1457 1400 1342 1343 -1
GCP,adapt_p70-52877936550931_a56-24999999999999_261_map.h5,6.86515,10,562,1065,19.471220:56.250000,1177,True,12,4,1177,0.933936,4.82415,0,0.0126883,1178 1177 1111 -1
GCP,adapt_p23-556464309101234_a157-5_75_map.h5,7.89388,10,674,714,66.443535:157.500000,1701,False,7,5,1700,0.985064,5.88203,0,0.0129434,1728 1728 1729 1700 -1
GCP,adapt_p70-52877936550931_a236-25_148_map.h5,2.48974,10,110,1472,19.471220:236.250000,1209,False,553,2,1346,0,0.047953,0,0.047953,1598 -1
GCP,adapt_p60-00000000000001_a90-0_45_map.h5,8.82716,10,189,381,30.000000:90.000000,1309,True,22,5,1309,0.928223,7.36947,0,0.0126377,1246 1309 1368 1310 -1
GCP,adapt_p70-52877936550931_a78-75_212_map.h5,5.87304,10,461,1505,19.471220:78.750000,1181,True,14,4,1181,0.729602,4.92299,0,0.0128097,1182 1245 1181 -1
GCP,adapt_p70-52877936550931_a101-24999999999999_323_map.h5,8.87935,10,484,376,19.471220:101.250000,1185,True,12,6,1185,0.997406,8.26113,0,0.0124886,1120 1120 1119 1185 1186 -1
GCP,adapt_p70-52877936550931_a213-75_37_map.h5,7.89224,10,781,773,19.471220:213.750000,1205,True,8,5,1205,0.991406,5.91267,0,0.0125865,1140 1140 1205 1139 -1
GCP,adapt_p11-715852394892384_a135-0_203_map.h5,4.59009,10,203,1852,78.284149:135.000000,1770,False,47,3,1313,0.262739,2.9663,0,0.0127471,1430 1313 -1
GCP,adapt_p80-40593177313954_a157-5_118_map.h5,8.06986,10,124,334,9.594069:157.500000,1063,True,141,4,1129,0.532234,6.65335,0,0.0145522,1376 1129 1063 -1
GCP,adapt_p35-659087696138755_a135-0_321_map.h5,5.49064,10,210,1389,54.340912:135.000000,1583,False,68,3,1582,0.369929,5.00768,0,0.0131917,1491 1582 -1
GCP,adapt_p48-18968510422141_a281-24999999999994_250_map.h5,6.85763,10,469,1178,41.810314:281.250000,1507,True,14,4,1507,0.85213,4.88743,0,0.0132099,1508 1557 1507 -1
GCP,adapt_p70-52877936550931_a56-24999999999999_20_map.h5,7.86497,10,434,715,19.471220:56.250000,1177,True,12,5,1177,0.979039,5.85836,0,0.0128639,1240 1240 1177 1176 -1
GCP,adapt_p35-659087696138755_a195-0_422_map.h5,8.88321,10,607,383,54.340912:195.000000,1590,True,8,6,1632,0.999955,8.3869,0,0.012623,1590 1590 1633 1632 1589 -1
GCP,adapt_p60-00000000000001_a22-5_558_map.h5,8.88734,10,519,342,30.000000:22.500000,1298,True,8,6,1298,0.999852,8.45019,0,0.0124901,1357 1357 1297 1298 1358 -1
GCP,adapt_p23-556464309101234_a202-5_550_map.h5,6.83621,10,561,1068,66.443535:202.500000,1704,True,14,4,1732,0.824815,4.76545,0,0.0126287,1733 1732 1704 -1
GCP,adapt_p48-18968510422141_a326-24999999999994_464_map.h5,6.87527,10,603,1141,41.810314:326.250000,1514,True,10,5,1514,0.983889,5.80706,0,0.012581,1462 1462 1514 1513 -1
GCP,adapt_p11-715852394892384_a45-0_183_map.h5,6.86353,10,376,1167,78.284149:45.000000,1766,False,13,4,1767,0.855899,4.76276,0,0.0133132,1748 1768 1767 -1
GCP,adapt_p80-40593177313954_a112-49999999999999_543_map.h5,7.885,10,661,744,9.594069:112.500000,1055,True,11,5,1054,0.99772,5.91184,0,0.0128,987 987 1055 1054 -1
GCP,adapt_p35-659087696138755_a135-0_463_map.h5,6.82645,10,211,1149,54.340912:135.000000,1583,True,19,4,1584,0.741369,4.85931,0,0.0123778,1585 1584 1583 -1
GCP,adapt_p80-40593177313954_a67-5_30_map.h5,6.85403,10,454,1181,9.594069:67.500000,1047,False,15,4,1046,0.824566,4.84844,0,0.0128186,1113 1112 1046 -1
GCP,adapt_p35-659087696138755_a75-0_580_map.h5,6.84411,10,312,1081,54.340912:75.000000,1576,False,16,4,1620,0.919402,4.83982,0,0.0127403,1659 1620 1619 -1
GCP,adapt_p48-18968510422141_a11-25_209_map.h5,6.87658,10,604,1125,41.810314:11.250000,1468,True,11,5,1468,0.993272,5.8873,0,0.0122481,1469 1469 1521 1468 -1
GCP,adapt_p23-556464309101234_a157-5_194_map.h5,7.84023,10,288,687,66.443535:157.500000,1701,True,21,5,1729,0.911901,7.15728,0,0.0125924,1700 1701 1729 1730 -1
GCP,adapt_p35-659087696138755_a135-0_114_map.h5,8.88212,10,471,393,54.340912:135.000000,1583,False,10,6,1626,0.999687,8.17417,0,0.0127056,1664 1664 1665 1627 1626 -1
GCP,adapt_p70-52877936550931_a146-25_200_map.h5,7.8131,10,265,772,19.471220:146.250000,1193,True,22,5,1128,0.941857,7.25976,0,0.0127495,1061 1127 1193 1128 -1
GCP,adapt_p80-40593177313954_a22-5_267_map.h5,8.82231,10,271,349,9.594069:22.500000,1038,False,21,6,1106,0.95672,8.33335,0,0.0125393,1040 1040 1039 1105 1106 -1
GCP,adapt_p60-00000000000001_a292-5_241_map.h5,4.55672,10,94,1491,30.000000:292.500000,1343,False,206,2,1702,0,0.0169856,0,0.0169856,1215 -1
GCP,adapt_p80-40593177313954_a45-0_491_map.h5,6.77311,10,315,1140,9.594069:45.000000,1042,False,27,4,1043,0.773727,4.91735,0,0.0127111,1045 1044 1043 -1
GCP,adapt_p23-556464309101234_a157-5_432_map.h5,8.90534,10,643,386,66.443535:157.500000,1701,True,9,6,1701,0.999883,8.33517,0,0.0124806,1667 1667 1702 1701 1729 -1
GCP,adapt_p70-52877936550931_a191-25_526_map.h5,8.59582,10,94,392,19.471220:191.250000,1201,True,57,5,1202,0.68853,7.77911,0,0.0130203,1326 1201 1202 1137 -1
GCP,adapt_p60-00000000000001_a67-5_184_map.h5,6.85328,10,372,1039,30.000000:67.500000,1305,True,15,4,1305,0.859475,4.80925,0,0.0125468,1306 1305 1364 -1
GCP,adapt_p35-659087696138755_a75-0_322_map.h5,7.87906,10,521,719,54.340912:75.000000,1576,True,12,5,1576,0.998366,5.85521,0,0.0127569,1530 1530 1577 1576 -1
GCP,adapt_p11-715852394892384_a135-0_84_map.h5,8.89032,10,542,362,78.284149:135.000000,1770,True,10,6,1751,0.999942,8.14527,0,0.0124942,1770 1770 1751 1752 1771 -1
GCP,adapt_p35-659087696138755_a195-0_327_map.h5,6.84188,10,322,1124,54.340912:195.000000,1590,False,16,4,1633,0.860877,4.8031,0,0.012961,1632 1633 1591 -1
GCP,adapt_p60-00000000000001_a112-49999999999999_531_map.h5,7.85014,10,369,809,30.000000:112.500000,1313,False,15,5,1312,0.92905,7.26227,0,0.0126948,1371 1312 1249 1311 -1
GCP,adapt_p48-18968510422141_a146-25_364_map.h5,7.84756,10,511,752,41.810314:146.250000,1488,True,15,5,1435,0.9846,7.23996,0,0.012273,1487 1488 1435 1434 -1
GCP,adapt_p23-556464309101234_a157-5_195_map.h5,8.73204,10,174,393,66.443535:157.500000,1701,False,34,5,1665,0.755575,7.47405,0,0.0127873,1626 1665 1666 1700 -1
GCP,adapt_p48-18968510422141_a146-25_169_map.h5,8.87797,10,542,360,41.810314:146.250000,1488,True,10,6,1488,0.998638,8.24221,0,0.0128528,1434 1434 1435 1488 1487 -1
GCP,adapt_p70-52877936550931_a11-25_312_map.h5,8.87073,10,431,377,19.471220:11.250000,1169,True,13,6,1102,0.989664,8.35046,0,0.0130907,1101 1101 1102 1168 1169 -1
GCP,adapt_p70-52877936550931_a236-25_386_map.h5,6.62537,10,175,1090,19.471220:236.250000,1209,False,47,4,1271,0.604201,5.63712,0,0.0134691,1206 1271 1333 -1
GCP,adapt_p60-00000000000001_a112-49999999999999_14_map.h5,8.8669,10,397,411,30.000000:112.500000,1313,True,12,6,1313,0.978657,8.64006,0,0.0129131,1372 1372 1312 1313 1251 -1
GCP,adapt_p60-00000000000001_a202-49999999999997_561_map.h5,8.89492,10,626,368,30.000000:202.500000,1328,True,9,6,1327,0.999908,8.26066,0,0.012894,1265 1265 1266 1328 1327 -1
GCP,adapt_p35-659087696138755_a135-0_66_map.h5,8.75491,10,136,387,54.340912:135.000000,1583,True,25,5,1626,0.848128,7.11481,0,0.0129197,1663 1625 1626 1583 -1
GCP,adapt_p35-659087696138755_a224-99999999999997_54_map.h5,7.87331,10,600,739,54.340912:225.000000,1594,True,11,5,1594,0.985749,7.4338,0,0.012513,1637 1636 1594 1637 -1
GCP,adapt_p48-18968510422141_a281-24999999999994_305_map.h5,4.95096,10,77,1066,41.810314:281.250000,1507,False,304,3,1292,0.266079,4.09708,0,0.0237644,1233 1292 -1
GCP,adapt_p23-556464309101234_a247-49999999999997_80_map.h5,7.45752,10,90,764,66.443535:247.500000,1708,False,74,4,1706,0.416572,5.61322,0,0.0133176,1703 1733 1706 -1
GCP,adapt_p80-40593177313954_a45-0_267_map.h5,4.63028,10,108,1494,9.594069:45.000000,1042,False,191,2,1041,0,0.0164001,0,0.0164001,1352 -1
GCP,adapt_p80-40593177313954_a157-5_331_map.h5,7.82218,10,377,732,9.594069:157.500000,1063,False,19,5,1130,0.916355,7.45113,0,0.0126522,1131 1064 1130 1129 -1
GCP,adapt_p80-40593177313954_a270-0_176_map.h5,7.87709,10,530,775,9.594069:270.000000,1084,True,11,5,1083,0.997499,5.83377,0,0.0127169,1149 1149 1083 1084 -1
GCP,adapt_p60-00000000000001_a270-0_84_map.h5,8.60862,10,159,341,30.000000:270.000000,1339,False,55,5,1452,0.563145,7.86372,0,0.0132385,1394 1396 1452 1453 -1
GCP,adapt_p23-556464309101234_a112-5_577_map.h5,8.89427,10,745,345,66.443535:112.500000,1697,True,9,6,1696,0.999931,8.13456,0,0.0125501,1697 1697 1696 1725 1726 -1
GCP,adapt_p60-00000000000001_a247-49999999999997_142_map.h5,7.84278,10,254,728,30.000000:247.500000,1335,True,17,5,1393,0.923816,7.21457,0,0.0130573,1335 1393 1394 1450 -1
GCP,adapt_p23-556464309101234_a292-5_345_map.h5,7.81006,10,128,748,66.443535:292.500000,1712,True,24,5,1712,0.895835,7.19678,0,0.0127658,1681 1713 1712 1680 -1
GCP,adapt_p23-556464309101234_a157-5_587_map.h5,6.85991,10,589,1129,66.443535:157.500000,1701,False,12,5,1665,0.900131,5.85612,0,0.0129119,1666 1666 1700 1665 -1
GCP,adapt_p48-18968510422141_a168-74999999999997_254_map.h5,8.87779,10,402,344,41.810314:168.750000,1491,True,13,5,1438,0.991591,7.4856,0,0.0131002,1439 1438 1437 1491 -1
GCP,adapt_p11-715852394892384_a45-0_364_map.h5,7.87905,10,544,735,78.284149:45.000000,1766,True,11,5,1766,0.941904,5.67673,0,0.0127568,1767 1767 1766 1746 -1
GCP,adapt_p70-52877936550931_a101-24999999999999_435_map.h5,2.36994,10,88,1476,19.471220:101.250000,1185,False,564,2,1489,0,0.0477321,0,0.0477321,1247 -1
GCP,adapt_p60-00000000000001_a202-49999999999997_309_map.h5,8.67497,10,139,375,30.000000:202.500000,1328,False,43,5,1267,0.676858,7.7329,0,0.012865,1138 1266 1267 1329 -1
GCP,adapt_p35-659087696138755_a105-0_299_map.h5,8.90532,10,711,319,54.340912:105.000000,1579,True,6,6,1580,0.999999,8.22925,0,0.0124988,1579 1579 1580 1623 1622 -1
GCP,adapt_p35-659087696138755_a255-00000000000003_214_map.h5,8.87492,10,404,376,54.340912:255.000000,1598,True,12,6,1598,0.998006,8.2501,0,0.0129135,1639 1639 1640 1598 1599 -1
GCP,adapt_p35-659087696138755_a344-99999999999994_554_map.h5,6.87829,10,521,1112,54.340912:345.000000,1609,True,13,4,1609,0.911791,4.8248,0,0.0125305,1649 1650 1609 -1
GCP,adapt_p60-00000000000001_a112-49999999999999_439_map.h5,7.84107,10,498,769,30.000000:112.500000,1313,True,17,5,1313,0.905358,7.23871,0,0.0127611,1370 1371 1372 1313 -1
GCP,adapt_p70-52877936550931_a348-74999999999994_555_map.h5,8.85488,10,517,399,19.471220:348.750000,1229,True,13,6,1291,0.998302,8.33951,0,0.0129352,1292 1292 1291 1228 1229 -1
GCP,adapt_p70-52877936550931_a168-74999999999997_116_map.h5,7.88192,10,603,731,19.471220:168.750000,1197,True,11,5,1197,0.985602,7.45591,0,0.01289,1196 1197 1260 1196 -1
GCP,adapt_p80-40593177313954_a180-0_418_map.h5,6.79956,10,509,1112,9.594069:180.000000,1067,True,23,4,1067,0.791762,4.91792,0,0.0132762,1069 1068 1067 -1
GCP,adapt_p60-00000000000001_a67-5_413_map.h5,6.86104,10,562,1077,30.000000:67.500000,1305,True,12,4,1305,0.807927,4.79918,0,0.0127875,1365 1364 1305 -1
GCP,adapt_p48-18968510422141_a56-24999999999999_353_map.h5,7.36148,10,182,731,41.810314:56.250000,1475,True,87,4,1524,0.42108,5.94316,0,0.0131592,1475 1572 1524 -1
GCP,adapt_p80-40593177313954_a337-49999999999994_93_map.h5,6.87682,10,489,1084,9.594069:337.500000,1097,True,11,5,1096,0.95667,5.90581,0,0.0130137,1097 1097 1029 1096 -1
GCP,adapt_p60-00000000000001_a337-49999999999994_316_map.h5,6.86008,10,482,1079,30.000000:337.500000,1350,False,14,4,1290,0.721039,4.84354,0,0.0127734,1291 1290 1351 -1
GCP,adapt_p70-52877936550931_a78-75_476_map.h5,6.88258,10,531,1153,19.471220:78.750000,1181,True,11,5,1182,0.960438,5.8105,0,0.0132483,1116 1116 1182 1181 -1
GCP,adapt_p48-18968510422141_a236-25_287_map.h5,6.85451,10,362,1179,41.810314:236.250000,1501,True,14,4,1501,0.756936,4.88198,0,0.0133169,1449 1448 1501 -1
GCP,adapt_p70-52877936550931_a281-24999999999994_253_map.h5,-0.651,10,42,1051,19.471220:281.250000,1217,False,1800,0,1232,0,0,0,0,
GCP,adapt_p48-18968510422141_a258-75_28_map.h5,7.87785,10,419,693,41.810314:258.750000,1504,True,11,5,1504,0.986646,7.32971,0,0.0129907,1451 1452 1504 1451 -1
GCP,adapt_p80-40593177313954_a135-0_56_map.h5,6.54447,10,106,1186,9.594069:135.000000,1059,False,64,4,1256,0.610096,5.49254,0,0.0133905,1258 1256 1255 -1
GCP,adapt_p80-40593177313954_a45-0_450_map.h5,5.77538,10,409,1546,9.594069:45.000000,1042,False,23,4,1040,0.761103,4.91061,0,0.0124562,971 1039 1040 -1
GCP,adapt_p80-40593177313954_a22-5_433_map.h5,4.33623,10,192,1879,9.594069:22.500000,1038,False,91,2,1110,0,0.0133115,0,0.0133115,1036 -1
GCP,adapt_p23-556464309101234_a247-49999999999997_121_map.h5,8.89634,10,654,368,66.443535:247.500000,1708,True,9,6,1708,0.999569,8.15297,0,0.0124821,1709 1709 1708 1675 1674 -1
GCP,adapt_p70-52877936550931_a56-24999999999999_279_map.h5,7.85302,10,341,827,19.471220:56.250000,1177,True,16,5,1110,0.93915,7.27102,0,0.0128303,1109 1110 1111 1177 -1
GCP,adapt_p35-659087696138755_a195-0_284_map.h5,7.8748,10,670,808,54.340912:195.000000,1590,False,10,5,1633,0.999468,5.80556,0,0.0130022,1670 1670 1633 1632 -1
GCP,adapt_p70-52877936550931_a123-74999999999999_19_map.h5,8.79374,10,179,376,19.471220:123.750000,1189,True,25,5,1189,0.891208,7.50731,0,0.0130762,1190 1189 1188 1123 -1
GCP,adapt_p80-40593177313954_a224-99999999999997_193_map.h5,7.8784,10,505,786,9.594069:225.000000,1076,True,10,5,1142,0.942305,7.54509,0,0.0124301,1143 1142 1076 1143 -1
GCP,adapt_p48-18968510422141_a123-74999999999999_41_map.h5,7.8826,10,588,760,41.810314:123.750000,1484,True,10,5,1484,0.998857,7.32948,0,0.0132514,1431 1484 1485 1431 -1
GCP,adapt_p70-52877936550931_a303-75_326_map.h5,7.84605,10,370,791,19.471220:303.750000,1221,True,17,5,1220,0.924829,7.26081,0,0.0127692,1155 1220 1283 1221 -1
GCP,adapt_p70-52877936550931_a326-24999999999994_377_map.h5,7.66163,10,211,710,19.471220:326.250000,1225,False,49,4,1163,0.613733,6.4452,0,0.0132127,1224 1163 1164 -1
GCP,adapt_p35-659087696138755_a315-0_551_map.h5,8.89815,10,604,367,54.340912:315.000000,1605,True,7,6,1605,0.999949,8.19477,0,0.0126932,1604 1604 1605 1646 1645 -1
GCP,adapt_p70-52877936550931_a146-25_385_map.h5,6.80693,10,392,1160,19.471220:146.250000,1193,True,21,4,1127,0.761837,4.74102,0,0.0129081,1061 1127 1193 -1
GCP,adapt_p70-52877936550931_a258-75_315_map.h5,7.56377,10,205,796,19.471220:258.750000,1213,True,48,5,1213,0.861527,7.17771,0,0.0130457,1083 1149 1214 1213 -1
GCP,adapt_p60-00000000000001_a0-0_553_map.h5,5.82728,10,354,1448,30.000000:0.000000,1294,True,19,4,1294,0.794471,4.89268,0,0.0125578,1410 1411 1294 -1
GCP,adapt_p60-00000000000001_a292-5_315_map.h5,7.82908,10,441,771,30.000000:292.500000,1343,True,17,5,1401,0.966315,7.48755,0,0.0127533,1402 1401 1400 1343 -1
GCP,adapt_p70-52877936550931_a348-74999999999994_267_map.h5,8.88402,10,413,342,19.471220:348.750000,1229,True,12,6,1230,0.998719,8.3506,0,0.0127897,1292 1292 1293 1230 1229 -1
GCP,adapt_p80-40593177313954_a112-49999999999999_109_map.h5,6.82553,10,265,1164,9.594069:112.500000,1055,True,17,4,1055,0.797156,4.9117,0,0.0133045,988 1055 1054 -1
GCP,adapt_p70-52877936550931_a326-24999999999994_61_map.h5,6.86047,10,643,1037,19.471220:326.250000,1225,True,12,5,1225,0.983244,5.85779,0,0.0123678,1161 1161 1226 1225 -1
GCP,adapt_p35-659087696138755_a75-0_266_map.h5,6.85749,10,400,1158,54.340912:75.000000,1576,True,14,4,1576,0.683703,4.83493,0,0.0133399,1575 1576 1620 -1
GCP,adapt_p80-40593177313954_a90-0_262_map.h5,6.78381,10,365,1135,9.594069:90.000000,1051,True,23,4,1052,0.708092,5.02656,0,0.0130004,1119 1052 1051 -1
GCP,adapt_p60-00000000000001_a67-5_101_map.h5,8.88005,10,363,363,30.000000:67.500000,1305,True,11,6,1305,0.997061,8.24899,0,0.0127822,1306 1306 1305 1364 1365 -1
GCP,adapt_p35-659087696138755_a285-0_98_map.h5,7.87541,10,494,795,54.340912:285.000000,1601,True,10,5,1643,0.979398,7.31,0,0.0124108,1601 1602 1643 1601 -1
GCP,adapt_p35-659087696138755_a195-0_106_map.h5,6.86287,10,586,1054,54.340912:195.000000,1590,True,13,5,1633,0.916843,5.91203,0,0.0129709,1632 1632 1590 1633 -1
GCP,adapt_p70-52877936550931_a101-24999999999999_329_map.h5,8.82863,10,345,335,19.471220:101.250000,1185,True,20,6,1185,0.946228,8.17806,0,0.0131953,1119 1119 1185 1184 1247 -1
GCP,adapt_p11-715852394892384_a225-0_298_map.h5,6.88466,10,547,1130,78.284149:225.000000,1774,True,10,4,1774,0.777686,4.74071,0,0.013178,1757 1774 1775 -1
GCP,adapt_p70-52877936550931_a78-75_433_map.h5,6.86453,10,443,1133,19.471220:78.750000,1181,True,13,4,1182,0.806474,4.80975,0,0.0122917,1115 1181 1182 -1
GCP,adapt_p80-40593177313954_a67-5_387_map.h5,5.68868,10,286,1369,9.594069:67.500000,1047,False,40,4,1046,0.743893,5.36843,0,0.0131339,911 1046 1045 -1
GCP,adapt_p70-52877936550931_a11-25_498_map.h5,7.8473,10,433,821,19.471220:11.250000,1169,True,15,5,1169,0.961964,7.35152,0,0.0125313,1168 1169 1233 1170 -1
GCP,adapt_p70-52877936550931_a258-75_323_map.h5,6.60574,10,112,1171,19.471220:258.750000,1213,True,54,4,1214,0.648416,5.36492,0,0.0131033,1338 1214 1213 -1
GCP,adapt_p60-00000000000001_a270-0_476_map.h5,8.86284,10,293,362,30.000000:270.000000,1339,True,12,6,1339,0.989248,8.35854,0,0.0130012,1278 1278 1340 1339 1397 -1
GCP,adapt_p80-40593177313954_a270-0_185_map.h5,7.87102,10,663,702,9.594069:270.000000,1084,True,12,5,1084,0.996065,5.83431,0,0.0127961,1149 1149 1083 1084 -1
GCP,adapt_p70-52877936550931_a78-75_47_map.h5,7.80935,10,273,781,19.471220:78.750000,1181,True,23,4,1245,0.807473,4.90809,0,0.0124639,1181 1245 1308 -1
GCP,adapt_p70-52877936550931_a101-24999999999999_33_map.h5,7.81151,10,320,715,19.471220:101.250000,1185,True,19,5,1185,0.951608,7.48611,0,0.0123174,1187 1186 1185 1249 -1
GCP,adapt_p48-18968510422141_a11-25_351_map.h5,7.8924,10,558,763,41.810314:11.250000,1468,True,8,5,1414,0.997759,5.90839,0,0.0124361,1468 1468 1414 1469 -1
GCP,adapt_p70-52877936550931_a123-74999999999999_530_map.h5,7.82694,10,442,753,19.471220:123.750000,1189,True,19,5,1189,0.904542,7.2753,0,0.0128757,1190 1189 1188 1251 -1
GCP,adapt_p60-00000000000001_a180-0_214_map.h5,6.54859,10,193,1119,30.000000:180.000000,1324,True,58,4,1324,0.466693,6.13316,0,0.013243,1266 1326 1324 -1
GCP,adapt_p60-00000000000001_a247-49999999999997_361_map.h5,7.87842,10,577,748,30.000000:247.500000,1335,True,11,5,1335,0.981187,5.80788,0,0.0123886,1394 1394 1336 1335 -1
GCP,adapt_p48-18968510422141_a281-24999999999994_344_map.h5,6.87495,10,553,1137,41.810314:281.250000,1507,True,11,4,1455,0.907242,4.79854,0,0.0128695,1454 1455 1507 -1
GCP,adapt_p80-40593177313954_a247-49999999999997_479_map.h5,8.87531,10,399,371,9.594069:247.500000,1080,True,12,6,1146,0.993887,8.67474,0,0.0125156,1080 1080 1147 1146 1145 -1
GCP,adapt_p48-18968510422141_a146-25_294_map.h5,8.85583,10,403,386,41.810314:146.250000,1488,True,15,5,1435,0.975235,7.27748,0,0.0130421,1378 1435 1488 1434 -1
GCP,adapt_p70-52877936550931_a303-75_563_map.h5,8.66361,10,79,391,19.471220:303.750000,1221,False,42,5,1154,0.617956,7.54349,0,0.0132226,1217 1153 1154 1155 -1
GCP,adapt_p35-659087696138755_a224-99999999999997_1_map.h5,7.85403,10,291,700,54.340912:225.000000,1594,False,17,5,1635,0.874533,7.19684,0,0.0128082,1592 1593 1635 1636 -1
GCP,adapt_p48-18968510422141_a281-24999999999994_190_map.h5,7.90045,10,780,732,41.810314:281.250000,1507,True,8,5,1507,0.99841,5.82587,0,0.0123759,1557 1557 1508 1507 -1
GCP,adapt_p35-659087696138755_a14-999999999999998_402_map.h5,6.86184,10,561,1107,54.340912:15.000000,1568,True,11,5,1568,0.960379,5.88823,0,0.0129986,1569 1569 1613 1568 -1
GCP,adapt_p23-556464309101234_a67-5_565_map.h5,7.88653,10,583,763,66.443535:67.500000,1693,True,10,5,1693,0.991693,5.81429,0,0.0123046,1692 1692 1693 1657 -1
GCP,adapt_p80-40593177313954_a247-49999999999997_53_map.h5,6.87879,10,582,1129,9.594069:247.500000,1080,True,11,4,1080,0.947365,4.82402,0,0.013,1079 1080 1146 -1
GCP,adapt_p70-52877936550931_a101-24999999999999_149_map.h5,7.84598,10,405,808,19.471220:101.250000,1185,True,18,5,1184,0.818117,7.17602,0,0.0129049,1247 1184 1185 1119 -1
GCP,adapt_p60-00000000000001_a22-5_340_map.h5,8.88688,10,480,373,30.000000:22.500000,1298,True,11,6,1297,0.996429,8.30815,0,0.0129378,1298 1298 1297 1356 1357 -1
GCP,adapt_p80-40593177313954_a67-5_519_map.h5,6.67568,10,188,1091,9.594069:67.500000,1047,False,40,4,979,0.567813,4.84544,0,0.0131404,1112 1046 979 -1
GCP,adapt_p80-40593177313954_a112-49999999999999_458_map.h5,8.8825,10,381,393,9.594069:112.500000,1055,True,13,6,1054,0.999533,8.27593,0,0.0123282,1121 1121 1120 1054 1055 -1
GCP,adapt_p48-18968510422141_a258-75_69_map.h5,7.88322,10,692,820,41.810314:258.750000,1504,True,10,5,1504,0.998416,7.32931,0,0.0125991,1451 1452 1504 1451 -1
GCP,adapt_p35-659087696138755_a195-0_541_map.h5,4.53187,10,118,1886,54.340912:195.000000,1590,False,66,3,1492,0.318674,3.04842,0,0.0129191,1383 1492 -1
GCP,adapt_p60-00000000000001_a247-49999999999997_75_map.h5,7.85787,10,594,707,30.000000:247.500000,1335,True,10,5,1335,0.996577,5.81112,0,0.0129484,1393 1393 1335 1334 -1
GCP,adapt_p60-00000000000001_a180-0_525_map.h5,8.7974,10,208,373,30.000000:180.000000,1324,True,24,5,1324,0.907599,7.57599,0,0.0124356,1323 1324 1325 1262 -1
GCP,adapt_p80-40593177313954_a90-0_594_map.h5,5.55681,10,136,1001,9.594069:90.000000,1051,False,195,3,1049,0.391848,3.92744,0,0.0167971,985 1049 -1
GCP,adapt_p60-00000000000001_a224-99999999999997_311_map.h5,6.06447,10,121,1117,30.000000:225.000000,1331,False,143,4,1447,0.380907,5.71001,0,0.0150867,1387 1446 1447 -1
GCP,adapt_p11-715852394892384_a135-0_427_map.h5,8.12451,10,81,355,78.284149:135.000000,1770,True,132,4,1769,0.411537,5.58035,0,0.0142778,1766 1769 1770 -1
GCP,adapt_p35-659087696138755_a135-0_24_map.h5,7.89289,10,825,712,54.340912:135.000000,1583,True,7,5,1583,0.999963,5.77906,0,0.0128782,1626 1626 1583 1584 -1
GCP,adapt_p70-52877936550931_a101-24999999999999_241_map.h5,5.80049,10,189,1531,19.471220:101.250000,1185,True,24,4,1185,0.664924,4.80896,0,0.0123395,1186 1185 1119 -1
GCP,adapt_p60-00000000000001_a247-49999999999997_280_map.h5,6.69395,10,228,1115,30.000000:247.500000,1335,True,31,4,1335,0.789933,5.363,0,0.0128782,1272 1335 1336 -1
GCP,adapt_p70-52877936550931_a258-75_325_map.h5,7.8683,10,522,760,19.471220:258.750000,1213,False,12,5,1149,0.938117,7.4799,0,0.0124962,1150 1149 1214 1150 -1
GCP,adapt_p80-40593177313954_a112-49999999999999_300_map.h5,6.85839,10,373,1155,9.594069:112.500000,1055,True,13,5,1054,0.962934,5.8257,0,0.0124381,1120 1120 1054 1055 -1
GCP,adapt_p23-556464309101234_a157-5_142_map.h5,7.85732,10,286,761,66.443535:157.500000,1701,True,16,5,1701,0.955681,7.73735,0,0.0125173,1667 1701 1700 1702 -1
GCP,adapt_p60-00000000000001_a270-0_459_map.h5,4.6462,10,164,1940,30.000000:270.000000,1339,False,44,3,1277,0.41327,3.0502,0,0.0126247,1279 1277 -1
GCP,adapt_p35-659087696138755_a285-0_596_map.h5,7.85742,10,448,707,54.340912:285.000000,1601,True,15,5,1602,0.991992,7.35717,0,0.0124033,1603 1602 1601 1643 -1
GCP,adapt_p70-52877936550931_a348-74999999999994_386_map.h5,6.88349,10,636,1083,19.471220:348.750000,1229,True,12,5,1229,0.99785,5.89839,0,0.0133397,1291 1291 1228 1229 -1
GCP,adapt_p70-52877936550931_a101-24999999999999_588_map.h5,6.82215,10,279,1095,19.471220:101.250000,1185,False,21,4,1119,0.85692,4.82458,0,0.0126713,1053 1119 1120 -1
GCP,adapt_p48-18968510422141_a33-75_423_map.h5,6.85514,10,416,1155,41.810314:33.750000,1471,False,13,5,1418,0.985989,5.80173,0,0.0126811,1472 1472 1418 1417 -1
GCP,adapt_p35-659087696138755_a195-0_313_map.h5,6.86318,10,566,1154,54.340912:195.000000,1590,False,9,4,1634,0.901726,4.78438,0,0.0126518,1635 1634 1592 -1
GCP,adapt_p35-659087696138755_a344-99999999999994_148_map.h5,6.86426,10,510,1128,54.340912:345.000000,1609,True,11,5,1608,0.989031,5.82943,0,0.0125584,1565 1565 1609 1608 -1
GCP,adapt_p48-18968510422141_a168-74999999999997_586_map.h5,6.78238,10,483,1094,41.810314:168.750000,1491,True,15,5,1491,0.828472,5.96255,0,0.0124446,1438 1438 1491 1437 -1
GCP,adapt_p48-18968510422141_a281-24999999999994_263_map.h5,6.85401,10,411,1103,41.810314:281.250000,1507,True,14,4,1556,0.652173,4.84872,0,0.0128244,1507 1556 1557 -1
GCP,adapt_p48-18968510422141_a101-24999999999999_484_map.h5,8.81416,10,242,405,41.810314:101.250000,1481,True,23,5,1532,0.789751,7.27431,0,0.012668,1479 1480 1481 1532 -1
GCP,adapt_p70-52877936550931_a101-24999999999999_84_map.h5,8.78796,10,251,383,19.471220:101.250000,1185,True,24,5,1185,0.85741,7.1699,0,0.0128785,1119 1185 1186 1249 -1
GCP,adapt_p48-18968510422141_a101-24999999999999_243_map.h5,6.88549,10,594,1113,41.810314:101.250000,1481,True,8,5,1428,0.923047,5.83621,0,0.0123476,1481 1481 1427 1428 -1
GCP,adapt_p80-40593177313954_a0-0_55_map.h5,6.83117,10,468,1140,9.594069:0.000000,1034,False,16,4,1100,0.798955,4.91082,0,0.0126665,1032 1100 1099 -1
GCP,adapt_p60-00000000000001_a224-99999999999997_226_map.h5,7.8711,10,592,749,30.000000:225.000000,1331,True,12,5,1390,0.987296,7.37088,0,0.0127306,1331 1332 1390 1331 -1
GCP,adapt_p11-715852394892384_a135-0_361_map.h5,5.78094,10,234,1550,78.284149:135.000000,1770,False,27,4,1773,0.872537,4.65548,0,0.0129039,1771 1772 1773 -1
GCP,adapt_p11-715852394892384_a135-0_591_map.h5,6.88192,10,524,1094,78.284149:135.000000,1770,False,12,4,1752,0.984698,4.81393,0,0.0129142,1728 1752 1753 -1
GCP,adapt_p35-659087696138755_a135-0_54_map.h5,7.76496,10,192,805,54.340912:135.000000,1583,True,27,5,1583,0.816524,7.12426,0,0.0128622,1538 1584 1583 1626 -1
GCP,adapt_p35-659087696138755_a135-0_327_map.h5,7.88051,10,645,783,54.340912:135.000000,1583,True,10,5,1583,0.996776,7.40249,0,0.0123014,1584 1583 1626 1584 -1
GCP,adapt_p70-52877936550931_a213-75_599_map.h5,7.8418,10,398,705,19.471220:213.750000,1205,True,18,5,1205,0.859677,7.19775,0,0.0130348,1140 1205 1204 1267 -1
GCP,adapt_p23-556464309101234_a157-5_386_map.h5,7.89701,10,660,770,66.443535:157.500000,1701,True,7,5,1700,0.993111,7.30435,0,0.0127958,1666 1700 1701 1666 -1
GCP,adapt_p48-18968510422141_a236-25_313_map.h5,8.88536,10,540,350,41.810314:236.250000,1501,True,9,6,1448,0.999985,8.33791,0,0.0133787,1501 1501 1449 1448 1500 -1
GCP,adapt_p35-659087696138755_a344-99999999999994_252_map.h5,7.89434,10,792,739,54.340912:345.000000,1609,True,7,5,1609,0.999845,5.88922,0,0.0124963,1608 1608 1649 1609 -1
GCP,adapt_p70-52877936550931_a348-74999999999994_295_map.h5,8.87801,10,355,322,19.471220:348.750000,1229,False,12,6,1227,0.992631,8.33401,0,0.0128142,1228 1228 1227 1290 1289 -1
GCP,adapt_p70-52877936550931_a191-25_497_map.h5,5.03201,10,99,1168,19.471220:191.250000,1201,False,286,2,1070,0,0.0227346,0,0.0227346,1688 -1
GCP,adapt_p23-556464309101234_a202-5_484_map.h5,7.86884,10,508,765,66.443535:202.500000,1704,True,11,5,1670,0.987474,7.27989,0,0.0129733,1671 1670 1704 1671 -1
GCP,adapt_p35-659087696138755_a165-0_81_map.h5,6.81033,10,343,1104,54.340912:165.000000,1587,True,23,4,1588,0.898573,4.85942,0,0.0124869,1586 1587 1588 -1
GCP,adapt_p35-659087696138755_a45-0_282_map.h5,7.88314,10,508,747,54.340912:45.000000,1572,True,11,5,1572,0.998166,5.77886,0,0.0126697,1616 1616 1572 1571 -1
GCP,adapt_p23-556464309101234_a22-5_201_map.h5,8.88392,10,541,381,66.443535:22.500000,1689,True,10,6,1719,0.999265,8.14701,0,0.0128969,1720 1720 1719 1689 1688 -1
GCP,adapt_p35-659087696138755_a165-0_122_map.h5,6.79844,10,292,1145,54.340912:165.000000,1587,True,21,4,1629,0.725834,4.9286,0,0.0133895,1628 1629 1587 -1
GCP,adapt_p70-52877936550931_a56-24999999999999_351_map.h5,6.83557,10,308,1211,19.471220:56.250000,1177,True,15,4,1112,0.85016,4.82113,0,0.0132521,1177 1111 1112 -1
GCP,adapt_p70-52877936550931_a33-75_492_map.h5,6.8811,10,579,1130,19.471220:33.750000,1173,False,9,5,1236,0.966791,5.86993,0,0.0127712,1172 1172 1235 1236 -1
GCP,adapt_p35-659087696138755_a75-0_356_map.h5,8.89221,10,817,392,54.340912:75.000000,1576,True,6,6,1619,0.999999,8.22637,0,0.012617,1576 1576 1575 1619 1620 -1
GCP,adapt_p60-00000000000001_a292-5_281_map.h5,6.81827,10,349,1079,30.000000:292.500000,1343,True,21,4,1343,0.777882,4.80327,0,0.0125609,1342 1343 1282 -1
GCP,adapt_p35-659087696138755_a165-0_140_map.h5,7.84186,10,447,721,54.340912:165.000000,1587,True,15,5,1586,0.876478,7.22543,0,0.0129574,1587 1586 1629 1628 -1
GCP,adapt_p70-52877936550931_a123-74999999999999_440_map.h5,7.46004,10,138,742,19.471220:123.750000,1189,False,72,5,989,0.716379,7.29013,0,0.0127927,991 990 989 922 -1
GCP,adapt_p80-40593177313954_a270-0_384_map.h5,6.68998,10,225,1147,9.594069:270.000000,1084,False,39,4,1082,0.552959,5.51749,0,0.0128572,1145 1081 1082 -1
GCP,adapt_p80-40593177313954_a90-0_425_map.h5,5.76967,10,300,1484,9.594069:90.000000,1051,True,26,4,984,0.658131,5.37183,0,0.0131632,982 1051 984 -1
GCP,adapt_p80-40593177313954_a157-5_45_map.h5,7.86896,10,476,695,9.594069:157.500000,1063,True,13,5,1130,0.973665,7.25805,0,0.0128795,1063 1064 1130 1129 -1
GCP,adapt_p80-40593177313954_a112-49999999999999_536_map.h5,5.8595,10,423,1480,9.594069:112.500000,1055,True,14,4,1055,0.912375,5.04758,0,0.0133482,1122 1055 1054 -1
GCP,adapt_p48-18968510422141_a101-24999999999999_586_map.h5,7.87993,10,652,740,41.810314:101.250000,1481,True,10,5,1427,0.999529,7.32671,0,0.0129055,1428 1427 1481 1428 -1
GCP,adapt_p35-659087696138755_a45-0_507_map.h5,7.89086,10,770,783,54.340912:45.000000,1572,True,6,5,1616,0.992819,7.4335,0,0.0129732,1617 1616 1572 1617 -1
GCP,adapt_p35-659087696138755_a165-0_5_map.h5,7.85188,10,291,876,54.340912:165.000000,1587,True,16,5,1630,0.926888,7.20974,0,0.0129672,1667 1629 1630 1587 -1
GCP,adapt_p70-52877936550931_a168-74999999999997_421_map.h5,6.89482,10,639,1067,19.471220:168.750000,1197,True,10,5,1197,0.999821,5.89674,0,0.0129313,1132 1132 1198 1197 -1
GCP,adapt_p70-52877936550931_a281-24999999999994_166_map.h5,8.87698,10,573,393,19.471220:281.250000,1217,True,12,6,1217,0.991852,8.2609,0,0.0128431,1218 1218 1217 1152 1153 -1
GCP,adapt_p70-52877936550931_a348-74999999999994_549_map.h5,6.87516,10,527,1146,19.471220:348.750000,1229,True,10,5,1229,0.990831,5.9202,0,0.0126512,1228 1228 1229 1230 -1
GCP,adapt_p60-00000000000001_a67-5_505_map.h5,6.86751,10,440,1179,30.000000:67.500000,1305,True,12,4,1305,0.955985,4.80902,0,0.0123187,1306 1305 1364 -1
GCP,adapt_p60-00000000000001_a337-49999999999994_439_map.h5,8.89251,10,660,330,30.000000:337.500000,1350,True,8,6,1350,0.99973,8.30256,0,0.0123126,1351 1351 1350 1408 1409 -1
GCP,adapt_p60-00000000000001_a337-49999999999994_547_map.h5,4.55069,10,95,1973,30.000000:337.500000,1350,False,57,3,1352,0.23239,3.5821,0,0.0131568,1295 1352 -1
GCP,adapt_p70-52877936550931_a236-25_321_map.h5,6.86477,10,581,1107,19.471220:236.250000,1209,False,13,5,1143,0.991372,5.81631,0,0.0140519,1077 1077 1143 1144 -1
GCP,adapt_p60-00000000000001_a90-0_355_map.h5,6.87379,10,476,1169,30.000000:90.000000,1309,True,10,4,1309,0.97759,4.80232,0,0.0130172,1310 1309 1368 -1
GCP,adapt_p80-40593177313954_a135-0_225_map.h5,7.84765,10,404,714,9.594069:135.000000,1059,True,16,5,1060,0.956865,7.26261,0,0.0131851,1127 1126 1060 1059 -1
GCP,adapt_p80-40593177313954_a22-5_425_map.h5,6.85588,10,315,1104,9.594069:22.500000,1038,True,13,4,1038,0.732229,4.90484,0,0.0129474,1039 971 1038 -1
GCP,adapt_p48-18968510422141_a326-24999999999994_406_map.h5,6.56311,10,154,1044,41.810314:326.250000,1514,False,63,4,1564,0.643081,5.36058,0,0.0127283,1462 1563 1564 -1
GCP,adapt_p80-40593177313954_a180-0_287_map.h5,5.58795,10,291,1500,9.594069:180.000000,1067,False,52,4,1068,0.436519,5.26741,0,0.0128859,999 1068 1134 -1
GCP,adapt_p80-40593177313954_a180-0_277_map.h5,7.85216,10,339,740,9.594069:180.000000,1067,True,16,4,1067,0.93511,4.91106,0,0.0126591,1000 1067 1066 -1
GCP,adapt_p60-00000000000001_a112-49999999999999_247_map.h5,7.87374,10,644,775,30.000000:112.500000,1313,False,11,5,1371,0.95174,7.41379,0,0.0130817,1370 1371 1312 1370 -1
GCP,adapt_p35-659087696138755_a224-99999999999997_43_map.h5,6.81622,10,297,1128,54.340912:225.000000,1594,False,22,4,1593,0.844757,4.79027,0,0.0126272,1547 1592 1593 -1
GCP,adapt_p35-659087696138755_a135-0_331_map.h5,7.86611,10,485,814,54.340912:135.000000,1583,True,13,5,1584,0.962271,7.19612,0,0.0127247,1626 1627 1584 1583 -1
GCP,adapt_p48-18968510422141_a123-74999999999999_303_map.h5,6.78129,10,412,1126,41.810314:123.750000,1484,True,25,4,1484,0.645071,4.7939,0,0.0135409,1535 1484 1483 -1
GCP,adapt_p60-00000000000001_a247-49999999999997_40_map.h5,7.80602,10,260,762,30.000000:247.500000,1335,True,24,5,1274,0.890246,7.24092,0,0.0127922,1335 1274 1275 1212 -1
GCP,adapt_p70-52877936550931_a213-75_458_map.h5,6.87289,10,667,1066,19.471220:213.750000,1205,True,11,4,1205,0.891544,4.81283,0,0.0129368,1206 1205 1268 -1
GCP,adapt_p35-659087696138755_a135-0_218_map.h5,7.83814,10,431,782,54.340912:135.000000,1583,False,17,5,1626,0.902235,7.37585,0,0.0126907,1627 1664 1626 1625 -1
GCP,adapt_p48-18968510422141_a348-74999999999994_35_map.h5,7.89955,10,637,732,41.810314:348.750000,1517,False,8,5,1465,0.99723,5.8907,0,0.0122762,1464 1464 1516 1465 -1
GCP,adapt_p80-40593177313954_a180-0_464_map.h5,8.61085,10,195,372,9.594069:180.000000,1067,True,50,5,1067,0.627501,8.07878,0,0.0129954,1130 1066 1067 1068 -1
GCP,adapt_p35-659087696138755_a45-0_240_map.h5,7.82286,10,536,751,54.340912:45.000000,1572,True,10,5,1572,0.995101,5.77917,0,0.0129808,1616 1616 1572 1573 -1
GCP,adapt_p35-659087696138755_a75-0_543_map.h5,7.35462,10,190,718,54.340912:75.000000,1576,False,89,4,1425,0.437962,5.79916,0,0.0132132,1577 1425 1424 -1
GCP,adapt_p48-18968510422141_a101-24999999999999_224_map.h5,6.86405,10,539,1153,41.810314:101.250000,1481,True,12,5,1481,0.934742,5.88782,0,0.0127632,1482 1482 1533 1481 -1
GCP,adapt_p48-18968510422141_a146-25_283_map.h5,6.84168,10,266,1117,41.810314:146.250000,1488,True,17,4,1488,0.81984,4.79634,0,0.0131442,1436 1489 1488 -1
GCP,adapt_p11-715852394892384_a135-0_113_map.h5,7.87533,10,428,807,78.284149:135.000000,1770,False,11,5,1752,0.941749,7.27745,0,0.0124674,1727 1752 1751 1727 -1
GCP,adapt_p48-18968510422141_a146-25_58_map.h5,7.67912,10,226,778,41.810314:146.250000,1488,True,34,5,1488,0.772834,7.17396,0,0.0127114,1378 1435 1488 1489 -1
GCP,adapt_p23-556464309101234_a292-5_48_map.h5,7.87018,10,404,747,66.443535:292.500000,1712,True,12,5,1712,0.978441,5.82808,0,0.0126478,1739 1739 1738 1712 -1
GCP,adapt_p35-659087696138755_a315-0_441_map.h5,8.88441,10,530,416,54.340912:315.000000,1605,True,11,6,1605,0.999959,8.48481,0,0.0123927,1646 1646 1606 1605 1604 -1
GCP,adapt_p80-40593177313954_a112-49999999999999_406_map.h5,6.65491,10,204,1101,9.594069:112.500000,1055,False,46,4,1056,0.578982,5.5196,0,0.0129085,1054 1056 1057 -1
GCP,adapt_p80-40593177313954_a112-49999999999999_243_map.h5,7.87186,10,478,790,9.594069:112.500000,1055,True,10,5,1056,0.98851,7.40222,0,0.0129597,1055 1056 1122 1055 -1
GCP,adapt_p80-40593177313954_a135-0_494_map.h5,8.86488,10,410,351,9.594069:135.000000,1059,True,15,6,1059,0.995953,8.35852,0,0.012949,1058 1058 1059 992 1060 -1
GCP,adapt_p80-40593177313954_a224-99999999999997_74_map.h5,8.84103,10,377,351,9.594069:225.000000,1076,True,18,5,1075,0.968599,7.52259,0,0.0127762,1074 1075 1076 1141 -1
GCP,adapt_p60-00000000000001_a247-49999999999997_367_map.h5,6.79599,10,231,1142,30.000000:247.500000,1335,False,22,4,1395,0.779527,4.80381,0,0.0128485,1338 1337 1395 -1
GCP,adapt_p35-659087696138755_a255-00000000000003_56_map.h5,6.76198,10,159,1138,54.340912:255.000000,1598,True,29,4,1598,0.693063,5.22898,0,0.01283,1552 1598 1599 -1
GCP,adapt_p23-556464309101234_a247-49999999999997_284_map.h5,6.86905,10,547,1125,66.443535:247.500000,1708,False,12,4,1736,0.978585,4.73949,0,0.0127813,1737 1736 1709 -1
GCP,adapt_p60-00000000000001_a270-0_510_map.h5,6.8469,10,373,1140,30.000000:270.000000,1339,True,15,5,1339,0.968496,5.80369,0,0.0129125,1397 1397 1339 1338 -1
GCP,adapt_p48-18968510422141_a33-75_7_map.h5,6.88382,10,586,1093,41.810314:33.750000,1471,True,10,5,1416,0.994017,5.81169,0,0.0129853,1471 1471 1417 1416 -1
GCP,adapt_p35-659087696138755_a255-00000000000003_122_map.h5,8.82182,10,257,403,54.340912:255.000000,1598,False,23,5,1596,0.890972,7.30776,0,0.012984,1639 1597 1552 1596 -1
GCP,adapt_p35-659087696138755_a45-0_489_map.h5,6.83799,10,475,1144,54.340912:45.000000,1572,True,14,5,1572,0.984477,5.86371,0,0.0128329,1570 1570 1571 1572 -1
GCP,adapt_p23-556464309101234_a22-5_78_map.h5,3.14719,10,93,1455,66.443535:22.500000,1689,False,446,2,1466,0,0.0341723,0,0.0341723,1228 -1
GCP,adapt_p60-00000000000001_a224-99999999999997_72_map.h5,8.87767,10,531,405,30.000000:225.000000,1331,True,11,6,1331,0.992908,8.26503,0,0.0131339,1389 1389 1390 1332 1331 -1
GCP,adapt_p11-715852394892384_a135-0_292_map.h5,6.74057,10,229,1192,78.284149:135.000000,1770,False,34,4,1752,0.635198,5.22862,0,0.0132484,1729 1752 1771 -1
GCP,adapt_p35-659087696138755_a14-999999999999998_476_map.h5,8.89803,10,743,357,54.340912:15.000000,1568,True,6,6,1568,0.999999,8.25292,0,0.0128064,1569 1569 1568 1612 1613 -1
GCP,adapt_p48-18968510422141_a191-25_316_map.h5,6.78957,10,176,1169,41.810314:191.250000,1494,False,26,4,1441,0.886187,4.88165,0,0.0132613,1443 1442 1441 -1
GCP,adapt_p48-18968510422141_a281-24999999999994_127_map.h5,8.88875,10,539,363,41.810314:281.250000,1507,True,8,6,1455,0.999845,8.22089,0,0.0130547,1507 1507 1508 1456 1455 -1
GCP,adapt_p35-659087696138755_a45-0_234_map.h5,6.86817,10,456,1126,54.340912:45.000000,1572,True,11,5,1572,0.997098,5.77883,0,0.0126413,1616 1616 1572 1573 -1
GCP,adapt_p70-52877936550931_a281-24999999999994_90_map.h5,6.8624,10,498,1198,19.471220:281.250000,1217,False,14,5,1216,0.936185,5.80938,0,0.0124247,1151 1151 1216 1215 -1
GCP,adapt_p60-00000000000001_a135-0_180_map.h5,7.87289,10,601,793,30.000000:135.000000,1316,True,11,5,1317,0.953238,7.69447,0,0.0129685,1316 1317 1255 1316 -1
GCP,adapt_p60-00000000000001_a202-49999999999997_358_map.h5,7.8613,10,415,723,30.000000:202.500000,1328,True,14,5,1386,0.915944,7.29607,0,0.0125296,1385 1386 1328 1327 -1
GCP,adapt_p70-52877936550931_a303-75_395_map.h5,5.57657,10,135,1459,19.471220:303.750000,1221,False,53,3,1220,0.548586,3.21587,0,0.0132462,1153 1220 -1
GCP,adapt_p60-00000000000001_a270-0_286_map.h5,6.87873,10,569,1131,30.000000:270.000000,1339,True,9,4,1339,0.960957,4.82371,0,0.0130526,1277 1278 1339 -1
GCP,adapt_p70-52877936550931_a11-25_257_map.h5,6.84924,10,413,1131,19.471220:11.250000,1169,True,16,4,1103,0.740078,4.88406,0,0.0125961,1104 1103 1169 -1
GCP,adapt_p35-659087696138755_a14-999999999999998_438_map.h5,6.884,10,340,1086,54.340912:15.000000,1568,True,8,5,1612,0.97469,5.82883,0,0.0128083,1568 1568 1612 1613 -1
GCP,adapt_p35-659087696138755_a75-0_120_map.h5,5.83329,10,405,1526,54.340912:75.000000,1576,True,18,4,1576,0.905075,4.83202,0,0.0125746,1528 1529 1576 -1
GCP,adapt_p60-00000000000001_a157-5_359_map.h5,6.81816,10,447,1104,30.000000:157.500000,1320,True,18,4,1320,0.752338,5.01549,0,0.0126775,1321 1320 1257 -1
GCP,adapt_p70-52877936550931_a33-75_77_map.h5,7.88485,10,443,817,19.471220:33.750000,1173,True,10,5,1107,0.994937,5.84822,0,0.0129648,1173 1173 1107 1106 -1
GCP,adapt_p11-715852394892384_a45-0_371_map.h5,7.82788,10,281,713,78.284149:45.000000,1766,True,19,5,1747,0.934811,7.08151,0,0.0129559,1766 1746 1747 1767 -1
GCP,adapt_p70-52877936550931_a78-75_57_map.h5,8.14148,10,109,395,19.471220:78.750000,1181,False,125,4,1050,0.213811,6.25844,0,0.0143435,1112 1049 1050 -1
GCP,adapt_p60-00000000000001_a224-99999999999997_328_map.h5,5.83239,10,429,1521,30.000000:225.000000,1331,False,18,4,1390,0.819444,4.81471,0,0.0124363,1391 1390 1332 -1
GCP,adapt_p70-52877936550931_a146-25_228_map.h5,7.87426,10,493,754,19.471220:146.250000,1193,True,9,5,1193,0.976351,7.36297,0,0.012568,1128 1127 1193 1128 -1
GCP,adapt_p60-00000000000001_a45-0_566_map.h5,8.64854,10,143,366,30.000000:45.000000,1301,True,49,5,1238,0.547611,7.3386,0,0.0133022,1360 1301 1238 1302 -1
GCP,adapt_p80-40593177313954_a22-5_575_map.h5,6.87793,10,493,1093,9.594069:22.500000,1038,True,12,5,1038,0.993002,5.91195,0,0.012906,971 971 1039 1038 -1
GCP,adapt_p60-00000000000001_a135-0_264_map.h5,7.85765,10,382,762,30.000000:135.000000,1316,True,13,5,1375,0.939293,7.27279,0,0.0121961,1316 1317 1376 1375 -1
GCP,adapt_p80-40593177313954_a45-0_153_map.h5,8.81742,10,189,341,9.594069:45.000000,1042,True,24,5,1108,0.862282,7.28881,0,0.0124171,1174 1108 1042 1109 -1
GCP,adapt_p35-659087696138755_a75-0_256_map.h5,6.87319,10,583,1103,54.340912:75.000000,1576,True,11,5,1576,0.999276,5.81138,0,0.0126409,1619 1619 1575 1576 -1
GCP,adapt_p70-52877936550931_a213-75_568_map.h5,7.87947,10,463,697,19.471220:213.750000,1205,True,12,5,1204,0.984621,5.86037,0,0.0123504,1139 1139 1204 1205 -1
GCP,adapt_p60-00000000000001_a67-5_401_map.h5,7.68528,10,139,786,30.000000:67.500000,1305,False,39,5,1179,0.712803,7.43706,0,0.0125436,1306 1242 1179 1113 -1
GCP,adapt_p35-659087696138755_a14-999999999999998_315_map.h5,6.87662,10,481,1071,54.340912:15.000000,1568,False,11,5,1613,0.988923,5.80474,0,0.0132044,1569 1569 1613 1612 -1
GCP,adapt_p70-52877936550931_a168-74999999999997_424_map.h5,8.82513,10,189,374,19.471220:168.750000,1197,True,21,5,1197,0.912048,7.56667,0,0.0126814,1198 1197 1196 1260 -1
GCP,adapt_p60-00000000000001_a292-5_180_map.h5,6.774,10,293,1079,30.000000:292.500000,1343,False,27,4,1342,0.666415,4.80729,0,0.0128291,1281 1342 1341 -1
GCP,adapt_p23-556464309101234_a157-5_348_map.h5,8.80407,10,173,354,66.443535:157.500000,1701,True,23,5,1700,0.82045,7.20204,0,0.0127344,1665 1666 1700 1701 -1
GCP,adapt_p70-52877936550931_a303-75_104_map.h5,7.84829,10,487,761,19.471220:303.750000,1221,True,13,5,1221,0.881357,7.26291,0,0.0125221,1156 1221 1284 1222 -1
GCP,adapt_p60-00000000000001_a0-0_496_map.h5,7.89118,10,620,761,30.000000:0.000000,1294,True,11,5,1411,0.995972,5.89421,0,0.0126374,1354 1354 1411 1294 -1
GCP,adapt_p35-659087696138755_a105-0_408_map.h5,6.8596,10,446,1069,54.340912:105.000000,1579,True,13,5,1623,0.919289,5.91233,0,0.0132765,1622 1622 1579 1623 -1
GCP,adapt_p48-18968510422141_a56-24999999999999_109_map.h5,8.35522,10,94,362,41.810314:56.250000,1475,False,97,2,1419,0,0.0133612,0,0.0133612,1125 -1
GCP,adapt_p48-18968510422141_a326-24999999999994_67_map.h5,5.83842,10,361,1410,41.810314:326.250000,1514,False,16,4,1462,0.93026,4.8086,0,0.0124341,1406 1462 1463 -1
GCP,adapt_p11-715852394892384_a225-0_235_map.h5,7.88693,10,665,732,78.284149:225.000000,1774,False,9,5,1758,0.995636,5.72664,0,0.0128931,1735 1735 1758 1757 -1
GCP,adapt_p80-40593177313954_a45-0_579_map.h5,8.86708,10,309,394,9.594069:45.000000,1042,True,17,5,1042,0.928194,7.37271,0,0.0127429,1043 1042 974 975 -1
GCP,adapt_p48-18968510422141_a168-74999999999997_354_map.h5,7.88721,10,704,769,41.810314:168.750000,1491,True,10,5,1491,0.953717,5.79023,0,0.0126412,1437 1437 1490 1491 -1
GCP,adapt_p70-52877936550931_a33-75_9_map.h5,5.01756,10,113,1062,19.471220:33.750000,1173,False,306,2,1173,0,0.024144,0,0.024144,1426 -1
GCP,adapt_p60-00000000000001_a270-0_501_map.h5,7.17288,10,113,774,30.000000:270.000000,1339,False,115,4,1338,0.469506,5.40315,0,0.0139806,1340 1338 1396 -1
GCP,adapt_p80-40593177313954_a224-99999999999997_103_map.h5,5.70118,10,310,1460,9.594069:225.000000,1076,False,33,4,1073,0.69008,4.9173,0,0.0126589,1075 1074 1073 -1
GCP,adapt_p23-556464309101234_a292-5_33_map.h5,7.89188,10,695,747,66.443535:292.500000,1712,True,10,5,1712,0.994516,7.29877,0,0.0129321,1680 1712 1713 1680 -1
GCP,adapt_p48-18968510422141_a123-74999999999999_107_map.h5,6.8238,10,171,1062,41.810314:123.750000,1484,False,19,4,1485,0.729282,4.84925,0,0.0130137,1486 1485 1432 -1
GCP,adapt_p60-00000000000001_a292-5_389_map.h5,6.8427,10,500,1077,30.000000:292.500000,1343,True,18,4,1343,0.949297,4.81137,0,0.0131093,1344 1343 1401 -1
GCP,adapt_p23-556464309101234_a67-5_575_map.h5,7.88578,10,546,754,66.443535:67.500000,1693,True,10,5,1657,0.960825,5.81882,0,0.0130359,1658 1658 1657 1693 -1
GCP,adapt_p11-715852394892384_a315-0_11_map.h5,7.88703,10,718,778,78.284149:315.000000,1778,False,7,5,1763,0.885029,5.71825,0,0.0128016,1779 1779 1763 1762 -1
GCP,adapt_p60-00000000000001_a202-49999999999997_15_map.h5,7.86992,10,492,765,30.000000:202.500000,1328,True,12,5,1386,0.957186,7.34652,0,0.0129049,1327 1328 1386 1327 -1
GCP,adapt_p70-52877936550931_a33-75_296_map.h5,7.87353,10,475,780,19.471220:33.750000,1173,True,11,5,1237,0.969322,7.35676,0,0.0132838,1173 1174 1237 1173 -1
GCP,adapt_p80-40593177313954_a112-49999999999999_88_map.h5,7.74262,10,197,790,9.594069:112.500000,1055,False,32,5,987,0.831719,7.36694,0,0.0131828,1056 988 987 1054 -1
GCP,adapt_p60-00000000000001_a157-5_381_map.h5,8.87513,10,479,356,30.000000:157.500000,1320,True,12,6,1320,0.999337,8.26362,0,0.0126968,1259 1259 1258 1320 1321 -1
GCP,adapt_p70-52877936550931_a258-75_36_map.h5,8.89909,10,684,382,19.471220:258.750000,1213,True,10,5,1213,0.99914,5.92027,0,0.0127202,1212 1212 1213 1214 -1
GCP,adapt_p60-00000000000001_a292-5_195_map.h5,6.81977,10,321,1119,30.000000:292.500000,1343,True,19,4,1343,0.818527,4.80777,0,0.0130411,1400 1342 1343 -1
GCP,adapt_p70-52877936550931_a168-74999999999997_22_map.h5,7.87436,10,395,775,19.471220:168.750000,1197,True,15,5,1260,0.879923,7.25044,0,0.0134457,1198 1197 1260 1261 -1
GCP,adapt_p80-40593177313954_a135-0_161_map.h5,5.87941,10,84,390,9.594069:135.000000,1059,False,462,2,991,0,0.0352059,0,0.0352059,1278 -1
GCP,adapt_p70-52877936550931_a236-25_424_map.h5,6.75239,10,176,1110,19.471220:236.250000,1209,False,32,4,1142,0.603995,5.18743,0,0.0124433,1075 1142 1143 -1
GCP,adapt_p80-40593177313954_a67-5_454_map.h5,8.895,10,532,347,9.594069:67.500000,1047,True,10,6,1047,0.99939,8.44033,0,0.0128212,1113 1113 1046 1047 1048 -1
GCP,adapt_p70-52877936550931_a281-24999999999994_268_map.h5,7.69999,10,273,729,19.471220:281.250000,1217,True,39,5,1217,0.754329,7.26224,0,0.012829,1154 1153 1218 1217 -1
GCP,adapt_p23-556464309101234_a247-49999999999997_515_map.h5,7.85866,10,87,378,66.443535:247.500000,1708,False,174,4,1335,0.418556,7.69687,0,0.0160758,1674 1335 1336 -1
GCP,adapt_p60-00000000000001_a157-5_258_map.h5,7.87486,10,535,782,30.000000:157.500000,1320,True,11,5,1319,0.980087,7.34909,0,0.0129716,1320 1319 1378 1320 -1
GCP,adapt_p60-00000000000001_a292-5_552_map.h5,7.89225,10,600,753,30.000000:292.500000,1343,True,8,5,1343,0.997716,5.96214,0,0.0125683,1342 1342 1400 1343 -1
GCP,adapt_p70-52877936550931_a213-75_586_map.h5,6.86691,10,402,1164,19.471220:213.750000,1205,True,14,4,1205,0.922967,4.81282,0,0.0129281,1204 1205 1268 -1
GCP,adapt_p80-40593177313954_a315-0_527_map.h5,8.84724,10,264,368,9.594069:315.000000,1093,True,17,5,1159,0.873463,7.32155,0,0.0126407,1158 1159 1093 1094 -1
GCP,adapt_p80-40593177313954_a67-5_120_map.h5,7.89116,10,664,767,9.594069:67.500000,1047,True,10,5,1046,0.999081,5.85257,0,0.012666,1112 1112 1046 1047 -1
GCP,adapt_p60-00000000000001_a224-99999999999997_323_map.h5,6.50029,10,258,1046,30.000000:225.000000,1331,False,67,3,1328,0.16048,4.6237,0,0.0134953,1333 1328 -1
GCP,adapt_p80-40593177313954_a67-5_107_map.h5,7.87345,10,264,715,9.594069:67.500000,1047,False,16,5,1112,0.955162,7.51649,0,0.0123765,1177 1178 1179 1112 -1
GCP,adapt_p48-18968510422141_a326-24999999999994_81_map.h5,7.89638,10,737,728,41.810314:326.250000,1514,True,6,5,1562,0.969057,5.95711,0,0.0135054,1513 1513 1562 1514 -1
GCP,adapt_p11-715852394892384_a45-0_466_map.h5,7.71874,10,114,799,78.284149:45.000000,1766,False,41,5,1746,0.806888,7.19719,0,0.0131015,1718 1745 1746 1720 -1
GCP,adapt_p70-52877936550931_a348-74999999999994_410_map.h5,6.8734,10,510,1140,19.471220:348.750000,1229,True,13,5,1229,0.982503,5.90299,0,0.0124336,1292 1292 1229 1228 -1
GCP,adapt_p60-00000000000001_a315-0_150_map.h5,7.82118,10,218,783,30.000000:315.000000,1346,True,23,5,1346,0.940991,7.24715,0,0.0126349,1284 1285 1346 1347 -1
GCP,adapt_p35-659087696138755_a105-0_587_map.h5,7.78817,10,184,814,54.340912:105.000000,1579,True,25,5,1622,0.91554,7.20539,0,0.0126736,1661 1623 1622 1579 -1
GCP,adapt_p35-659087696138755_a14-999999999999998_219_map.h5,7.84292,10,357,783,54.340912:15.000000,1568,False,16,5,1569,0.965617,7.22693,0,0.012905,1614 1613 1569 1570 -1
GCP,adapt_p60-00000000000001_a90-0_583_map.h5,7.90571,10,74,364,30.000000:90.000000,1309,True,163,4,1246,0.384841,6.96485,0,0.0160383,1112 1246 1309 -1
GCP,adapt_p48-18968510422141_a236-25_107_map.h5,8.90066,10,805,372,41.810314:236.250000,1501,False,7,6,1448,0.999847,8.31968,0,0.0131662,1447 1447 1500 1448 1449 -1
GCP,adapt_p70-52877936550931_a326-24999999999994_256_map.h5,7.79937,10,241,741,19.471220:326.250000,1225,False,23,5,1223,0.86853,7.29461,0,0.0124631,1222 1223 1224 1159 -1
GCP,adapt_p60-00000000000001_a337-49999999999994_78_map.h5,6.86619,10,455,1112,30.000000:337.500000,1350,True,13,5,1350,0.864179,5.92289,0,0.0126617,1351 1351 1290 1350 -1
GCP,adapt_p11-715852394892384_a45-0_495_map.h5,8.91003,10,727,353,78.284149:45.000000,1766,True,7,6,1747,0.999997,8.04156,0,0.0127842,1746 1746 1766 1767 1747 -1
GCP,adapt_p48-18968510422141_a281-24999999999994_406_map.h5,6.8615,10,581,1139,41.810314:281.250000,1507,True,12,4,1455,0.899471,4.79799,0,0.0123177,1456 1455 1507 -1
GCP,adapt_p35-659087696138755_a105-0_442_map.h5,8.68686,10,121,418,54.340912:105.000000,1579,True,37,5,1662,0.881562,7.28661,0,0.0129782,1579 1623 1661 1662 -1
GCP,adapt_p48-18968510422141_a236-25_117_map.h5,6.84231,10,557,1107,41.810314:236.250000,1501,False,15,4,1502,0.657441,4.90127,0,0.0125156,1448 1449 1502 -1
GCP,adapt_p11-715852394892384_a45-0_347_map.h5,5.62754,10,182,1468,78.284149:45.000000,1766,False,41,4,1570,0.622774,4.9222,0,0.0133051,1470 1523 1570 -1
GCP,adapt_p70-52877936550931_a258-75_449_map.h5,8.01818,10,97,368,19.471220:258.750000,1213,False,142,4,1212,0.519495,5.96027,0,0.0153826,1209 1212 1275 -1
GCP,adapt_p48-18968510422141_a326-24999999999994_75_map.h5,6.81532,10,174,1112,41.810314:326.250000,1514,True,22,4,1513,0.81564,4.79571,0,0.0125189,1461 1513 1514 -1
GCP,adapt_p70-52877936550931_a56-24999999999999_157_map.h5,8.89713,10,621,392,19.471220:56.250000,1177,True,9,6,1177,0.999465,8.40803,0,0.0126936,1178 1178 1111 1177 1176 -1
GCP,adapt_p23-556464309101234_a292-5_103_map.h5,8.58473,10,84,370,66.443535:292.500000,1712,False,61,5,1711,0.696784,7.84841,0,0.0131112,1735 1710 1711 1738 -1
GCP,adapt_p35-659087696138755_a315-0_477_map.h5,7.86562,10,377,725,54.340912:315.000000,1605,True,11,5,1646,0.987066,7.43274,0,0.0122074,1647 1646 1605 1647 -1
GCP,adapt_p70-52877936550931_a348-74999999999994_587_map.h5,4.1638,10,105,1428,19.471220:348.750000,1229,False,271,3,1228,0.346619,3.90162,0,0.0219665,1231 1228 -1
GCP,adapt_p60-00000000000001_a292-5_354_map.h5,8.88222,10,531,373,30.000000:292.500000,1343,True,12,6,1343,0.996669,8.24509,0,0.0125896,1282 1282 1283 1344 1343 -1
GCP,adapt_p23-556464309101234_a337-5_506_map.h5,8.88695,10,757,434,66.443535:337.500000,1716,True,9,6,1716,0.997346,8.26562,0,0.0128788,1742 1742 1717 1716 1684 -1
GCP,adapt_p23-556464309101234_a202-5_297_map.h5,8.04005,10,83,402,66.443535:202.500000,1704,False,149,5,1668,0.182432,7.55575,0,0.0156686,1633 1669 1668 1702 -1
GCP,adapt_p35-659087696138755_a344-99999999999994_165_map.h5,7.87789,10,368,739,54.340912:345.000000,1609,True,12,5,1609,0.97363,7.29879,0,0.012949,1610 1609 1650 1610 -1
GCP,adapt_p80-40593177313954_a157-5_297_map.h5,8.84286,10,235,362,9.594069:157.500000,1063,True,17,5,1063,0.935128,7.96617,0,0.0129515,996 1063 1064 1062 -1
GCP,adapt_p23-556464309101234_a292-5_47_map.h5,6.83527,10,409,1049,66.443535:292.500000,1712,True,9,4,1712,0.993154,4.80957,0,0.012556,1738 1711 1712 -1
GCP,adapt_p23-556464309101234_a112-5_243_map.h5,7.584,10,204,782,66.443535:112.500000,1697,False,65,4,1691,0.605037,5.69415,0,0.0128212,1724 1692 1691 -1
GCP,adapt_p11-715852394892384_a315-0_164_map.h5,6.85437,10,460,1137,78.284149:315.000000,1778,False,16,4,1763,0.714298,4.73804,0,0.013455,1761 1762 1763 -1
GCP,adapt_p48-18968510422141_a191-25_356_map.h5,6.74547,10,357,1166,41.810314:191.250000,1494,False,20,4,1442,0.631522,4.80757,0,0.0133455,1496 1443 1442 -1
GCP,adapt_p35-659087696138755_a255-00000000000003_312_map.h5,7.88924,10,612,760,54.340912:255.000000,1598,True,10,5,1598,0.999474,5.81132,0,0.0125797,1639 1639 1597 1598 -1
GCP,adapt_p35-659087696138755_a344-99999999999994_511_map.h5,6.87386,10,473,1103,54.340912:345.000000,1609,True,11,5,1608,0.996896,5.81141,0,0.0129752,1649 1649 1608 1609 -1
GCP,adapt_p60-00000000000001_a157-5_282_map.h5,5.422,10,142,1477,30.000000:157.500000,1320,False,80,3,1318,0.233399,4.62303,0,0.0128272,1313 1318 -1
GCP,adapt_p70-52877936550931_a348-74999999999994_457_map.h5,8.89031,10,500,382,19.471220:348.750000,1229,True,12,6,1229,0.999487,8.35305,0,0.0134847,1292 1292 1293 1230 1229 -1
GCP,adapt_p70-52877936550931_a11-25_463_map.h5,8.86071,10,331,337,19.471220:11.250000,1169,True,16,5,1102,0.937874,7.34901,0,0.0131171,1101 1102 1168 1169 -1
GCP,adapt_p48-18968510422141_a213-75_462_map.h5,8.88138,10,576,382,41.810314:213.750000,1497,False,12,6,1446,0.999785,8.25811,0,0.0124556,1499 1499 1498 1445 1446 -1
GCP,adapt_p80-40593177313954_a157-5_40_map.h5,7.86792,10,428,776,9.594069:157.500000,1063,True,15,5,1063,0.916281,7.25963,0,0.0129021,1062 1063 1129 1128 -1
GCP,adapt_p23-556464309101234_a247-49999999999997_59_map.h5,6.74066,10,344,1098,66.443535:247.500000,1708,False,27,4,1709,0.543581,4.74949,0,0.0132116,1710 1709 1676 -1
GCP,adapt_p80-40593177313954_a22-5_231_map.h5,7.35084,10,146,755,9.594069:22.500000,1038,True,89,4,1038,0.543228,5.52067,0,0.0139778,1041 1039 1038 -1
GCP,adapt_p48-18968510422141_a101-24999999999999_500_map.h5,7.86132,10,609,768,41.810314:101.250000,1481,True,11,5,1427,0.996555,5.83616,0,0.0125518,1481 1481 1427 1428 -1
GCP,adapt_p70-52877936550931_a168-74999999999997_551_map.h5,7.84061,10,397,766,19.471220:168.750000,1197,False,16,5,1259,0.870284,7.54818,0,0.013232,1320 1259 1260 1322 -1
GCP,adapt_p48-18968510422141_a236-25_6_map.h5,5.82026,10,289,1503,41.810314:236.250000,1501,False,19,5,1500,0.914252,5.81264,0,0.0125784,1448 1448 1500 1550 -1
GCP,adapt_p80-40593177313954_a270-0_520_map.h5,7.81258,10,421,752,9.594069:270.000000,1084,True,18,5,1149,0.957618,7.28307,0,0.0132436,1148 1149 1083 1084 -1
GCP,adapt_p80-40593177313954_a337-49999999999994_585_map.h5,8.40957,10,124,345,9.594069:337.500000,1097,False,78,5,1099,0.620479,8.28539,0,0.0132797,1101 1099 1098 1164 -1
GCP,adapt_p60-00000000000001_a45-0_194_map.h5,7.86954,10,371,736,30.000000:45.000000,1301,True,13,5,1301,0.880382,7.25371,0,0.0122808,1237 1238 1301 1300 -1
GCP,adapt_p35-659087696138755_a135-0_30_map.h5,8.86223,10,405,344,54.340912:135.000000,1583,True,14,6,1584,0.997669,8.12542,0,0.0125995,1538 1538 1584 1583 1626 -1
GCP,adapt_p48-18968510422141_a348-74999999999994_426_map.h5,8.82335,10,173,397,41.810314:348.750000,1517,True,23,5,1517,0.908608,7.34171,0,0.0124901,1412 1518 1517 1466 -1
GCP,adapt_p48-18968510422141_a123-74999999999999_4_map.h5,6.88202,10,640,1048,41.810314:123.750000,1484,False,8,4,1431,0.945033,3.44801,0,0.0128084,1430 1430 1431 -1
GCP,adapt_p60-00000000000001_a0-0_407_map.h5,6.71109,10,224,1154,30.000000:0.000000,1294,True,37,4,1294,0.553959,5.80974,0,0.0137579,1233 1294 1411 -1
GCP,adapt_p70-52877936550931_a348-74999999999994_286_map.h5,5.70913,10,143,1505,19.471220:348.750000,1229,False,38,4,1167,0.612434,4.91972,0,0.0127168,1232 1168 1167 -1
GCP,adapt_p23-556464309101234_a157-5_390_map.h5,6.8691,10,586,1137,66.443535:157.500000,1701,False,11,5,1700,0.931144,5.85592,0,0.0127191,1666 1666 1700 1665 -1
GCP,adapt_p70-52877936550931_a303-75_155_map.h5,6.80201,10,207,1174,19.471220:303.750000,1221,False,22,4,1223,0.791392,4.82808,0,0.0128188,1157 1222 1223 -1
GCP,adapt_p35-659087696138755_a315-0_583_map.h5,7.89207,10,682,809,54.340912:315.000000,1605,True,9,5,1605,0.99976,5.86112,0,0.0127693,1606 1606 1605 1604 -1
GCP,adapt_p70-52877936550931_a191-25_68_map.h5,6.84139,10,564,1172,19.471220:191.250000,1201,True,19,4,1136,0.891045,4.88489,0,0.013431,1137 1136 1201 -1
GCP,adapt_p48-18968510422141_a258-75_72_map.h5,8.88573,10,701,376,41.810314:258.750000,1504,True,10,6,1452,0.999989,8.26048,0,0.0130801,1451 1451 1452 1504 1503 -1
GCP,adapt_p80-40593177313954_a45-0_484_map.h5,5.86536,10,458,1474,9.594069:45.000000,1042,False,12,4,1043,0.752975,4.91322,0,0.0124632,1109 1043 1110 -1
GCP,adapt_p48-18968510422141_a11-25_203_map.h5,6.87232,10,459,1156,41.810314:11.250000,1468,False,12,5,1413,0.997582,5.86825,0,0.0125131,1355 1355 1413 1414 -1
GCP,adapt_p70-52877936550931_a213-75_345_map.h5,7.88127,10,529,724,19.471220:213.750000,1205,True,11,5,1205,0.906984,7.36113,0,0.0125506,1139 1140 1205 1139 -1
GCP,adapt_p11-715852394892384_a315-0_39_map.h5,7.84835,10,342,712,78.284149:315.000000,1778,True,17,5,1762,0.854339,7.05707,0,0.0124787,1761 1762 1778 1779 -1
GCP,adapt_p48-18968510422141_a348-74999999999994_0_map.h5,8.82646,10,267,383,41.810314:348.750000,1517,True,21,5,1517,0.851869,7.30945,0,0.0123761,1566 1517 1465 1516 -1
GCP,adapt_p60-00000000000001_a292-5_92_map.h5,8.88929,10,600,347,30.000000:292.500000,1343,True,9,6,1343,0.999499,8.25026,0,0.0125253,1400 1400 1401 1343 1342 -1
GCP,adapt_p60-00000000000001_a292-5_320_map.h5,7.88976,10,633,741,30.000000:292.500000,1343,True,9,5,1343,0.994157,5.80465,0,0.0130483,1282 1282 1343 1344 -1
GCP,adapt_p70-52877936550931_a33-75_67_map.h5,7.86887,10,566,758,19.471220:33.750000,1173,True,11,5,1174,0.915554,7.35634,0,0.0129424,1173 1174 1237 1173 -1
GCP,adapt_p23-556464309101234_a202-5_379_map.h5,6.30314,10,129,1147,66.443535:202.500000,1704,False,104,4,1695,0.33961,6.20179,0,0.0137172,1656 1722 1695 -1
GCP,adapt_p48-18968510422141_a303-75_365_map.h5,6.85684,10,602,1145,41.810314:303.750000,1510,True,14,4,1511,0.642849,4.79334,0,0.0129762,1559 1510 1511 -1
GCP,adapt_p80-40593177313954_a292-5_409_map.h5,6.82586,10,426,1149,9.594069:292.500000,1088,True,19,4,1089,0.715743,4.91761,0,0.0129665,1090 1089 1088 -1
GCP,adapt_p35-659087696138755_a344-99999999999994_298_map.h5,8.8928,10,600,357,54.340912:345.000000,1609,True,8,6,1649,0.99987,8.47033,0,0.0130169,1608 1608 1648 1649 1609 -1
GCP,adapt_p60-00000000000001_a247-49999999999997_124_map.h5,7.7438,10,236,746,30.000000:247.500000,1335,False,32,5,1394,0.752388,7.29636,0,0.0130338,1452 1451 1450 1394 -1
GCP,adapt_p60-00000000000001_a270-0_325_map.h5,8.88795,10,523,392,30.000000:270.000000,1339,True,10,6,1339,0.999925,8.24188,0,0.012845,1340 1340 1339 1397 1398 -1
GCP,adapt_p70-52877936550931_a303-75_562_map.h5,5.84645,10,420,1520,19.471220:303.750000,1221,True,15,5,1221,0.970281,5.85806,0,0.012382,1283 1283 1220 1221 -1
GCP,adapt_p80-40593177313954_a292-5_217_map.h5,6.85286,10,483,1148,9.594069:292.500000,1088,True,13,4,1088,0.918373,4.85037,0,0.0129551,1154 1088 1087 -1
GCP,adapt_p60-00000000000001_a292-5_245_map.h5,6.83347,10,480,1077,30.000000:292.500000,1343,True,16,4,1399,0.794169,5.04981,0,0.0123647,1343 1400 1399 -1
GCP,adapt_p70-52877936550931_a348-74999999999994_236_map.h5,8.86686,10,323,382,19.471220:348.750000,1229,True,12,6,1229,0.985974,8.35832,0,0.0129721,1292 1292 1230 1165 1229 -1
GCP,adapt_p48-18968510422141_a123-74999999999999_266_map.h5,6.87552,10,510,1143,41.810314:123.750000,1484,True,12,5,1430,0.983349,5.88715,0,0.0123113,1484 1484 1483 1430 -1
GCP,adapt_p11-715852394892384_a135-0_80_map.h5,7.7994,10,240,773,78.284149:135.000000,1770,False,28,5,1771,0.756406,7.07951,0,0.0124135,1753 1771 1786 1785 -1
GCP,adapt_p23-556464309101234_a112-5_551_map.h5,6.87891,10,463,1193,66.443535:112.500000,1697,True,11,4,1697,0.98781,4.74471,0,0.0128938,1727 1726 1697 -1
GCP,adapt_p80-40593177313954_a157-5_460_map.h5,6.83874,10,511,1141,9.594069:157.500000,1063,False,15,4,1064,0.839958,4.80826,0,0.0130683,1065 1064 1130 -1
GCP,adapt_p48-18968510422141_a236-25_234_map.h5,7.87021,10,423,757,41.810314:236.250000,1501,False,11,5,1550,0.984275,7.41897,0,0.0126012,1549 1550 1500 1549 -1
GCP,adapt_p23-556464309101234_a202-5_497_map.h5,8.8459,10,295,366,66.443535:202.500000,1704,False,18,5,1705,0.849278,7.30717,0,0.0129381,1732 1705 1706 1733 -1
GCP,adapt_p80-40593177313954_a202-49999999999997_94_map.h5,6.85609,10,411,1194,9.594069:202.500000,1072,True,15,5,1072,0.977103,5.91827,0,0.0127238,1073 1073 1072 1071 -1
GCP,adapt_p80-40593177313954_a0-0_531_map.h5,6.56605,10,206,1067,9.594069:0.000000,1034,False,44,4,1102,0.502554,5.37592,0,0.0127714,1230 1101 1102 -1
GCP,adapt_p35-659087696138755_a224-99999999999997_393_map.h5,8.76367,10,181,345,54.340912:225.000000,1594,False,28,5,1635,0.824958,7.42038,0,0.0131614,1633 1634 1635 1592 -1
GCP,adapt_p80-40593177313954_a0-0_238_map.h5,7.82184,10,205,770,9.594069:0.000000,1034,True,21,5,1034,0.83743,7.36673,0,0.0130102,968 967 1034 1033 -1
GCP,adapt_p23-556464309101234_a112-5_147_map.h5,7.86037,10,291,804,66.443535:112.500000,1697,True,13,5,1696,0.977992,7.36952,0,0.012483,1697 1696 1695 1725 -1
GCP,adapt_p70-52877936550931_a236-25_170_map.h5,7.85354,10,455,744,19.471220:236.250000,1209,True,15,5,1209,0.914105,7.2617,0,0.0122929,1208 1209 1272 1271 -1
GCP,adapt_p48-18968510422141_a146-25_133_map.h5,8.87809,10,487,356,41.810314:146.250000,1488,True,11,6,1488,0.999326,8.2431,0,0.0137451,1434 1434 1435 1488 1487 -1
GCP,adapt_p48-18968510422141_a303-75_200_map.h5,7.82411,10,378,825,41.810314:303.750000,1510,False,20,5,1403,0.954395,7.22768,0,0.0127188,1458 1459 1403 1404 -1
GCP,adapt_p80-40593177313954_a0-0_313_map.h5,6.7722,10,295,1135,9.594069:0.000000,1034,True,25,4,1034,0.819035,4.91728,0,0.0126346,1099 1100 1034 -1
GCP,adapt_p11-715852394892384_a45-0_118_map.h5,8.87744,10,387,369,78.284149:45.000000,1766,True,12,5,1746,0.990863,7.26953,0,0.0124094,1747 1746 1766 1747 -1
GCP,adapt_p60-00000000000001_a202-49999999999997_203_map.h5,8.89946,10,712,366,30.000000:202.500000,1328,True,9,6,1328,0.999909,8.26999,0,0.013367,1266 1266 1267 1329 1328 -1
GCP,adapt_p35-659087696138755_a105-0_72_map.h5,6.85113,10,471,1126,54.340912:105.000000,1579,True,13,5,1623,0.970662,5.82899,0,0.0127312,1579 1579 1622 1623 -1
GCP,adapt_p80-40593177313954_a90-0_250_map.h5,6.88376,10,581,1134,9.594069:90.000000,1051,True,11,5,1050,0.976089,5.91209,0,0.0130473,983 983 1051 1050 -1
GCP,adapt_p80-40593177313954_a0-0_35_map.h5,5.84955,10,426,1484,9.594069:0.000000,1034,True,17,4,1034,0.869909,4.91694,0,0.0122968,1035 1034 1100 -1
GCP,adapt_p35-659087696138755_a195-0_220_map.h5,8.90418,10,780,370,54.340912:195.000000,1590,True,7,6,1632,0.99998,8.39815,0,0.0126417,1633 1633 1590 1632 1670 -1
GCP,adapt_p70-52877936550931_a348-74999999999994_159_map.h5,8.87016,10,511,370,19.471220:348.750000,1229,True,12,6,1229,0.988782,8.34479,0,0.0126353,1230 1230 1229 1292 1291 -1
GCP,adapt_p48-18968510422141_a123-74999999999999_330_map.h5,8.84598,10,266,324,41.810314:123.750000,1484,True,16,5,1485,0.829491,7.21286,0,0.0128514,1431 1484 1485 1536 -1
GCP,adapt_p35-659087696138755_a255-00000000000003_242_map.h5,7.87465,10,402,734,54.340912:255.000000,1598,True,13,5,1598,0.996941,7.22565,0,0.0131831,1640 1639 1597 1598 -1
GCP,adapt_p60-00000000000001_a247-49999999999997_291_map.h5,7.86945,10,582,771,30.000000:247.500000,1335,False,13,5,1394,0.96806,7.29849,0,0.0123635,1451 1450 1394 1393 -1
GCP,adapt_p70-52877936550931_a123-74999999999999_126_map.h5,5.87029,10,486,1452,19.471220:123.750000,1189,True,13,4,1124,0.894996,4.8277,0,0.0126408,1189 1190 1124 -1
GCP,adapt_p35-659087696138755_a285-0_474_map.h5,8.89188,10,643,369,54.340912:285.000000,1601,True,7,6,1601,0.999997,8.25305,0,0.012936,1602 1602 1601 1642 1643 -1
GCP,adapt_p48-18968510422141_a168-74999999999997_134_map.h5,7.86634,10,492,816,41.810314:168.750000,1491,True,12,5,1438,0.983518,5.79184,0,0.0125024,1491 1491 1438 1437 -1
GCP,adapt_p70-52877936550931_a101-24999999999999_279_map.h5,8.8409,10,265,376,19.471220:101.250000,1185,True,19,6,1185,0.971461,8.26155,0,0.0129123,1120 1120 1119 1185 1184 -1
GCP,adapt_p60-00000000000001_a135-0_410_map.h5,8.82006,10,261,361,30.000000:135.000000,1316,True,20,5,1254,0.898594,7.28151,0,0.0127572,1375 1316 1254 1317 -1
GCP,adapt_p11-715852394892384_a135-0_378_map.h5,6.88035,10,545,1147,78.284149:135.000000,1770,True,10,4,1771,0.937784,4.74633,0,0.0124707,1752 1771 1770 -1
GCP,adapt_p70-52877936550931_a213-75_167_map.h5,6.87582,10,667,1072,19.471220:213.750000,1205,False,13,4,1268,0.87654,4.8025,0,0.0130158,1206 1269 1268 -1
GCP,adapt_p70-52877936550931_a11-25_262_map.h5,8.64292,10,119,396,19.471220:11.250000,1169,False,52,5,1411,0.762322,7.77291,0,0.0129219,1292 1294 1411 1354 -1
GCP,adapt_p70-52877936550931_a33-75_423_map.h5,8.86958,10,357,353,19.471220:33.750000,1173,True,13,6,1173,0.989023,8.31809,0,0.0122385,1174 1174 1173 1236 1237 -1
GCP,adapt_p70-52877936550931_a303-75_558_map.h5,6.82089,10,302,1069,19.471220:303.750000,1221,True,22,4,1221,0.846988,4.81891,0,0.0129496,1155 1156 1221 -1
GCP,adapt_p70-52877936550931_a11-25_301_map.h5,6.87892,10,557,1133,19.471220:11.250000,1169,True,12,5,1169,0.987419,5.89268,0,0.0129119,1233 1233 1170 1169 -1
GCP,adapt_p80-40593177313954_a157-5_367_map.h5,4.10495,10,168,1888,9.594069:157.500000,1063,False,123,3,1384,0.318181,3.40375,0,0.0138774,1200 1384 -1
GCP,adapt_p23-556464309101234_a202-5_397_map.h5,8.87772,10,450,385,66.443535:202.500000,1704,True,11,6,1704,0.99812,8.16561,0,0.0131036,1671 1671 1670 1704 1705 -1
GCP,adapt_p48-18968510422141_a101-24999999999999_34_map.h5,7.87785,10,438,803,41.810314:101.250000,1481,True,11,5,1427,0.997425,5.83657,0,0.0129637,1481 1481 1427 1428 -1
GCP,adapt_p60-00000000000001_a22-5_222_map.h5,6.8479,10,475,1148,30.000000:22.500000,1298,True,16,4,1298,0.638538,4.96667,0,0.0129236,1233 1234 1298 -1
GCP,adapt_p80-40593177313954_a202-49999999999997_289_map.h5,8.8248,10,276,402,9.594069:202.500000,1072,True,15,6,1071,0.980874,8.35417,0,0.0130026,1005 1005 1072 1004 1071 -1
GCP,adapt_p23-556464309101234_a337-5_459_map.h5,5.81876,10,319,1544,66.443535:337.500000,1716,False,19,5,1742,0.867513,5.78068,0,0.0130712,1741 1741 1742 1743 -1
GCP,adapt_p11-715852394892384_a135-0_273_map.h5,7.77415,10,310,692,78.284149:135.000000,1770,True,25,5,1752,0.881886,7.45338,0,0.0124061,1786 1770 1751 1752 -1
GCP,adapt_p23-556464309101234_a22-5_506_map.h5,8.87622,10,443,380,66.443535:22.500000,1689,True,11,6,1689,0.997828,8.14697,0,0.0126154,1720 1720 1719 1689 1690 -1
GCP,adapt_p80-40593177313954_a0-0_206_map.h5,7.85635,10,494,713,9.594069:0.000000,1034,True,15,5,1100,0.974181,7.36642,0,0.0124854,1033 1100 1034 1035 -1
GCP,adapt_p70-52877936550931_a236-25_517_map.h5,7.81587,10,328,682,19.471220:236.250000,1209,True,23,5,1209,0.878367,7.50234,0,0.0129361,1208 1209 1210 1144 -1
GCP,adapt_p60-00000000000001_a270-0_264_map.h5,6.71696,10,242,1161,30.000000:270.000000,1339,False,35,4,1338,0.634834,4.73612,0,0.0128891,1396 1338 1277 -1
GCP,adapt_p70-52877936550931_a236-25_226_map.h5,8.80113,10,179,367,19.471220:236.250000,1209,True,25,5,1144,0.895893,7.29379,0,0.012693,1078 1144 1209 1143 -1
GCP,adapt_p23-556464309101234_a202-5_55_map.h5,8.72959,10,153,342,66.443535:202.500000,1704,False,40,5,1734,0.818264,7.26786,0,0.013254,1775 1757 1734 1733 -1
GCP,adapt_p70-52877936550931_a101-24999999999999_463_map.h5,8.59593,10,228,396,19.471220:101.250000,1185,False,49,5,1187,0.429979,8.37384,0,0.0129188,1184 1187 1250 1313 -1
GCP,adapt_p48-18968510422141_a33-75_253_map.h5,6.59965,10,148,1153,41.810314:33.750000,1471,False,49,4,1524,0.550276,5.0653,0,0.0131752,1570 1524 1472 -1
GCP,adapt_p70-52877936550931_a146-25_65_map.h5,8.82356,10,442,391,19.471220:146.250000,1193,True,16,5,1128,0.799148,7.37975,0,0.0122647,1195 1129 1128 1193 -1
GCP,adapt_p70-52877936550931_a326-24999999999994_204_map.h5,8.88172,10,629,361,19.471220:326.250000,1225,True,11,6,1225,0.98436,8.32385,0,0.0130869,1287 1287 1288 1225 1224 -1
GCP,adapt_p70-52877936550931_a348-74999999999994_581_map.h5,8.88989,10,504,332,19.471220:348.750000,1229,True,11,6,1229,0.999963,8.3451,0,0.012946,1228 1228 1229 1292 1291 -1
GCP,adapt_p23-556464309101234_a112-5_537_map.h5,6.87299,10,459,1130,66.443535:112.500000,1697,True,12,5,1697,0.986538,5.75285,0,0.0128475,1662 1662 1697 1696 -1
GCP,adapt_p23-556464309101234_a247-49999999999997_585_map.h5,7.87596,10,711,750,66.443535:247.500000,1708,True,11,5,1735,0.983602,7.35762,0,0.0128782,1736 1735 1708 1736 -1
GCP,adapt_p80-40593177313954_a247-49999999999997_244_map.h5,8.79674,10,202,345,9.594069:247.500000,1080,True,26,6,1080,0.927778,8.35866,0,0.01309,1079 1079 1080 1013 1081 -1
GCP,adapt_p60-00000000000001_a135-0_513_map.h5,7.8293,10,191,773,30.000000:135.000000,1316,True,19,5,1254,0.927447,7.3099,0,0.0125564,1253 1254 1316 1317 -1
GCP,adapt_p11-715852394892384_a135-0_523_map.h5,7.80085,10,346,760,78.284149:135.000000,1770,False,27,5,1772,0.814627,7.07977,0,0.0129958,1753 1771 1772 1786 -1
GCP,adapt_p48-18968510422141_a78-75_416_map.h5,8.74789,10,220,384,41.810314:78.750000,1478,False,29,5,1424,0.861278,7.72393,0,0.0129684,1529 1423 1424 1366 -1
GCP,adapt_p80-40593177313954_a180-0_64_map.h5,6.87277,10,634,1050,9.594069:180.000000,1067,True,11,5,1068,0.981822,5.9121,0,0.0130526,1000 1000 1068 1067 -1
GCP,adapt_p70-52877936550931_a213-75_243_map.h5,8.89259,10,707,389,19.471220:213.750000,1205,True,9,6,1205,0.999814,8.25512,0,0.0122358,1267 1267 1268 1205 1204 -1
GCP,adapt_p80-40593177313954_a180-0_322_map.h5,8.6199,10,168,391,9.594069:180.000000,1067,False,52,5,1000,0.478191,7.87353,0,0.0129273,1132 998 999 1000 -1
GCP,adapt_p23-556464309101234_a22-5_452_map.h5,7.87274,10,446,795,66.443535:22.500000,1689,True,13,5,1689,0.966472,7.15922,0,0.0130962,1654 1653 1689 1690 -1
GCP,adapt_p70-52877936550931_a326-24999999999994_24_map.h5,8.89493,10,723,354,19.471220:326.250000,1225,True,9,5,1225,0.999371,5.92044,0,0.0128919,1224 1224 1225 1226 -1
GCP,adapt_p80-40593177313954_a157-5_41_map.h5,6.82846,10,359,1174,9.594069:157.500000,1063,True,18,4,1063,0.736417,4.75522,0,0.0123687,1195 1129 1063 -1
GCP,adapt_p70-52877936550931_a191-25_224_map.h5,4.37362,10,125,1875,19.471220:191.250000,1201,False,74,3,994,0.197145,4.04784,0,0.0132119,1131 994 -1
GCP,adapt_p48-18968510422141_a56-24999999999999_117_map.h5,8.89899,10,749,367,41.810314:56.250000,1475,True,8,6,1420,0.99989,8.21711,0,0.0129125,1474 1474 1475 1421 1420 -1
GCP,adapt_p35-659087696138755_a344-99999999999994_304_map.h5,8.89906,10,574,381,54.340912:345.000000,1609,True,7,6,1609,0.999997,8.41954,0,0.0127439,1608 1608 1565 1609 1649 -1
GCP,adapt_p80-40593177313954_a90-0_348_map.h5,7.87408,10,485,752,9.594069:90.000000,1051,True,12,5,1051,0.970919,5.91827,0,0.0127268,1050 1050 1051 1052 -1
GCP,adapt_p35-659087696138755_a105-0_35_map.h5,4.33407,10,141,1776,54.340912:105.000000,1579,False,98,3,1580,0.368489,3.36465,0,0.0135341,1429 1580 -1
GCP,adapt_p35-659087696138755_a344-99999999999994_284_map.h5,7.82016,10,293,732,54.340912:345.000000,1609,True,21,5,1649,0.878195,7.19497,0,0.0126529,1685 1649 1608 1609 -1
GCP,adapt_p35-659087696138755_a165-0_164_map.h5,5.49456,10,118,1479,54.340912:165.000000,1587,True,69,4,1588,0.43626,5.44807,0,0.0132518,1585 1587 1588 -1
GCP,adapt_p80-40593177313954_a180-0_581_map.h5,8.7241,10,216,426,9.594069:180.000000,1067,True,27,5,1067,0.758036,7.97218,0,0.0127153,1070 1068 1067 1066 -1
GCP,adapt_p23-556464309101234_a292-5_2_map.h5,6.7544,10,206,1190,66.443535:292.500000,1712,True,32,4,1712,0.544675,5.37663,0,0.0123951,1643 1712 1739 -1
GCP,adapt_p35-659087696138755_a255-00000000000003_112_map.h5,6.86686,10,503,1141,54.340912:255.000000,1598,False,12,5,1639,0.928215,5.80262,0,0.012947,1597 1597 1639 1638 -1
GCP,adapt_p60-00000000000001_a270-0_458_map.h5,6.44869,10,87,735,30.000000:270.000000,1339,False,228,3,1344,0.320684,4.10813,0,0.0178414,1340 1344 -1
GCP,adapt_p70-52877936550931_a348-74999999999994_484_map.h5,6.7639,10,289,1126,19.471220:348.750000,1229,True,29,4,1229,0.663107,4.86773,0,0.0129295,1292 1229 1164 -1
GCP,adapt_p23-556464309101234_a112-5_387_map.h5,8.85807,10,229,342,66.443535:112.500000,1697,True,18,5,1697,0.953934,7.15011,0,0.0127483,1663 1662 1697 1696 -1
GCP,adapt_p60-00000000000001_a315-0_327_map.h5,8.8733,10,436,365,30.000000:315.000000,1346,True,11,6,1346,0.997811,8.26707,0,0.0125288,1347 1347 1346 1404 1403 -1
GCP,adapt_p80-40593177313954_a224-99999999999997_517_map.h5,8.81722,10,251,370,9.594069:225.000000,1076,True,23,5,1141,0.826891,7.26272,0,0.0126097,1140 1141 1142 1076 -1
GCP,adapt_p70-52877936550931_a168-74999999999997_257_map.h5,7.61602,10,166,772,19.471220:168.750000,1197,True,41,4,1196,0.746992,5.52185,0,0.0128094,1199 1197 1196 -1
GCP,adapt_p80-40593177313954_a224-99999999999997_139_map.h5,7.80944,10,320,747,9.594069:225.000000,1076,True,22,5,1077,0.90514,7.26931,0,0.0123837,1075 1076 1077 1143 -1
GCP,adapt_p80-40593177313954_a247-49999999999997_407_map.h5,6.84984,10,580,1114,9.594069:247.500000,1080,True,14,5,1146,0.844742,5.82211,0,0.0129746,1080 1080 1146 1147 -1
GCP,adapt_p60-00000000000001_a0-0_464_map.h5,7.15057,10,55,779,30.000000:0.000000,1294,False,126,4,1104,0.201161,6.04036,0,0.0142394,1167 1101 1104 -1
GCP,adapt_p48-18968510422141_a33-75_449_map.h5,6.87126,10,474,1086,41.810314:33.750000,1471,True,13,4,1418,0.806882,4.81012,0,0.0125519,1471 1417 1418 -1
GCP,adapt_p48-18968510422141_a348-74999999999994_207_map.h5,6.86187,10,366,1163,41.810314:348.750000,1517,False,14,4,1565,0.839521,4.82193,0,0.0129673,1564 1565 1516 -1
GCP,adapt_p48-18968510422141_a146-25_31_map.h5,6.85202,10,499,1144,41.810314:146.250000,1488,False,16,4,1435,0.950314,5.00069,0,0.012817,1489 1435 1434 -1
GCP,adapt_p23-556464309101234_a202-5_588_map.h5,7.86282,10,362,701,66.443535:202.500000,1704,True,13,5,1704,0.990866,7.16014,0,0.0129912,1733 1732 1704 1705 -1
GCP,adapt_p48-18968510422141_a326-24999999999994_79_map.h5,8.9001,10,738,401,41.810314:326.250000,1514,True,9,6,1514,0.998177,8.43341,0,0.0127079,1513 1513 1563 1514 1462 -1
GCP,adapt_p11-715852394892384_a225-0_533_map.h5,8.90442,10,742,379,78.284149:225.000000,1774,True,8,6,1758,0.999995,8.09487,0,0.0123839,1757 1757 1774 1775 1758 -1
GCP,adapt_p35-659087696138755_a45-0_161_map.h5,7.86152,10,431,769,54.340912:45.000000,1572,True,14,5,1571,0.983118,7.20814,0,0.012301,1525 1524 1571 1572 -1
GCP,adapt_p70-52877936550931_a348-74999999999994_377_map.h5,7.9127,10,70,379,19.471220:348.750000,1229,False,162,3,1038,0.148326,6.3304,0,0.0149991,1227 1038 -1
GCP,adapt_p11-715852394892384_a315-0_461_map.h5,8.89266,10,801,364,78.284149:315.000000,1778,True,9,6,1778,0.998282,8.03782,0,0.0121345,1762 1762 1778 1779 1763 -1
GCP,adapt_p80-40593177313954_a90-0_265_map.h5,8.88778,10,534,365,9.594069:90.000000,1051,True,10,6,1051,0.99991,8.3741,0,0.0129955,983 983 984 1051 1050 -1
GCP,adapt_p35-659087696138755_a285-0_475_map.h5,6.85672,10,305,1101,54.340912:285.000000,1601,False,17,4,1602,0.910656,4.80222,0,0.0120772,1644 1643 1602 -1
GCP,adapt_p48-18968510422141_a56-24999999999999_41_map.h5,7.83259,10,296,751,41.810314:56.250000,1475,True,23,5,1475,0.844121,7.52921,0,0.012208,1474 1475 1476 1421 -1
GCP,adapt_p80-40593177313954_a45-0_532_map.h5,7.8202,10,239,741,9.594069:45.000000,1042,True,23,5,1043,0.911399,7.37264,0,0.0126517,974 975 1043 1042 -1
GCP,adapt_p70-52877936550931_a11-25_295_map.h5,7.89328,10,606,794,19.471220:11.250000,1169,True,9,5,1169,0.979047,7.35084,0,0.0124931,1168 1169 1232 1168 -1
GCP,adapt_p70-52877936550931_a281-24999999999994_341_map.h5,8.73752,10,189,387,19.471220:281.250000,1217,True,33,5,1279,0.851928,7.35516,0,0.0122886,1339 1278 1279 1217 -1
GCP,adapt_p23-556464309101234_a292-5_236_map.h5,5.76217,10,147,1474,66.443535:292.500000,1712,True,28,4,1679,0.666651,4.86906,0,0.0126372,1738 1712 1679 -1
GCP,adapt_p70-52877936550931_a236-25_125_map.h5,7.86743,10,594,788,19.471220:236.250000,1209,False,13,4,1207,0.850541,4.82959,0,0.0123581,1143 1208 1207 -1
GCP,adapt_p80-40593177313954_a270-0_362_map.h5,7.88948,10,599,748,9.594069:270.000000,1084,False,8,5,1083,0.964651,5.93775,0,0.0123263,1149 1149 1083 1148 -1
GCP,adapt_p70-52877936550931_a33-75_277_map.h5,8.76557,10,158,391,19.471220:33.750000,1173,False,29,5,1236,0.735805,7.69341,0,0.012214,1107 1172 1235 1236 -1
GCP,adapt_p80-40593177313954_a0-0_164_map.h5,5.73617,10,219,1572,9.594069:0.000000,1034,False,33,4,1100,0.563391,4.90059,0,0.0125075,1032 1100 1166 -1
GCP,adapt_p70-52877936550931_a146-25_51_map.h5,6.81667,10,290,1128,19.471220:146.250000,1193,True,20,4,1193,0.753681,4.79853,0,0.012118,1255 1256 1193 -1
GCP,adapt_p48-18968510422141_a78-75_444_map.h5,8.88559,10,656,394,41.810314:78.750000,1478,True,9,6,1478,0.999094,8.17635,0,0.0122016,1424 1424 1478 1477 1529 -1
GCP,adapt_p23-556464309101234_a292-5_377_map.h5,6.81482,10,381,1046,66.443535:292.500000,1712,True,20,4,1712,0.849906,4.88632,0,0.012979,1739 1712 1680 -1
GCP,adapt_p48-18968510422141_a123-74999999999999_430_map.h5,7.70326,10,215,795,41.810314:123.750000,1484,False,40,4,1374,0.605642,4.99263,0,0.0125433,1316 1374 1431 -1
GCP,adapt_p23-556464309101234_a112-5_593_map.h5,7.84428,10,407,722,66.443535:112.500000,1697,False,16,5,1726,0.930158,7.42478,0,0.0125302,1724 1725 1726 1696 -1
GCP,adapt_p70-52877936550931_a78-75_85_map.h5,7.27549,10,202,741,19.471220:78.750000,1181,False,95,4,1179,0.272409,5.41205,0,0.0133061,1046 1179 1180 -1
GCP,adapt_p70-52877936550931_a33-75_301_map.h5,6.70528,10,199,1138,19.471220:33.750000,1173,False,36,4,1106,0.75965,4.82081,0,0.0125366,1235 1172 1106 -1
GCP,adapt_p70-52877936550931_a326-24999999999994_330_map.h5,6.60118,10,200,1141,19.471220:326.250000,1225,False,52,4,1287,0.659509,5.49174,0,0.0125912,1289 1287 1286 -1
GCP,adapt_p60-00000000000001_a45-0_193_map.h5,7.86818,10,470,787,30.000000:45.000000,1301,True,12,5,1301,0.984023,5.81334,0,0.0126107,1238 1238 1301 1302 -1
GCP,adapt_p80-40593177313954_a337-49999999999994_243_map.h5,8.69746,10,132,383,9.594069:337.500000,1097,True,41,5,1096,0.737818,7.39615,0,0.0123329,1160 1095 1096 1097 -1
GCP,adapt_p80-40593177313954_a112-49999999999999_198_map.h5,7.86387,10,471,781,9.594069:112.500000,1055,True,12,5,1055,0.994442,5.82191,0,0.0129344,1122 1122 1056 1055 -1
GCP,adapt_p70-52877936550931_a146-25_403_map.h5,8.88063,10,466,399,19.471220:146.250000,1193,True,11,6,1127,0.998953,8.71688,0,0.0121573,1193 1193 1126 1127 1128 -1
GCP,adapt_p60-00000000000001_a224-99999999999997_536_map.h5,6.76757,10,328,1112,30.000000:225.000000,1331,False,26,4,1391,0.698772,5.35022,0,0.0122382,1270 1390 1391 -1
GCP,adapt_p60-00000000000001_a202-49999999999997_27_map.h5,6.85361,10,477,1148,30.000000:202.500000,1328,True,16,4,1386,0.753663,4.85806,0,0.0121863,1329 1328 1386 -1
GCP,adapt_p80-40593177313954_a292-5_599_map.h5,3.72779,10,225,1841,9.594069:292.500000,1088,False,162,2,1155,0,0.0146428,0,0.0146428,1468 -1
GCP,adapt_p70-52877936550931_a303-75_284_map.h5,7.60178,10,155,763,19.471220:303.750000,1221,True,53,4,1221,0.679056,5.52208,0,0.0130404,1224 1222 1221 -1
GCP,adapt_p23-556464309101234_a337-5_7_map.h5,4.39813,10,191,1904,66.443535:337.500000,1716,False,81,3,1641,0.488181,3.1529,0,0.0126672,1709 1641 -1
GCP,adapt_p80-40593177313954_a135-0_275_map.h5,7.69045,10,211,781,9.594069:135.000000,1059,False,40,4,1060,0.565939,5.51902,0,0.0123265,1058 1060 1061 -1
GCP,adapt_p48-18968510422141_a213-75_325_map.h5,8.77235,10,287,377,41.810314:213.750000,1497,True,17,5,1498,0.914018,7.30585,0,0.0124763,1445 1497 1498 1548 -1
GCP,adapt_p48-18968510422141_a101-24999999999999_393_map.h5,6.88163,10,574,1127,41.810314:101.250000,1481,True,10,5,1481,0.974225,5.90815,0,0.0121499,1482 1482 1428 1481 -1
GCP,adapt_p60-00000000000001_a135-0_250_map.h5,5.14116,10,118,1501,30.000000:135.000000,1316,False,112,3,1437,0.153849,3.35648,0,0.0136643,1539 1437 -1
GCP,adapt_p48-18968510422141_a11-25_278_map.h5,6.80665,10,258,1195,41.810314:11.250000,1468,False,24,4,1413,0.844704,4.86751,0,0.0131719,1355 1413 1412 -1
GCP,adapt_p70-52877936550931_a191-25_306_map.h5,8.74965,10,201,402,19.471220:191.250000,1201,False,29,5,1262,0.794756,7.24304,0,0.0121577,1323 1324 1262 1263 -1
GCP,adapt_p60-00000000000001_a270-0_232_map.h5,7.85762,10,400,716,30.000000:270.000000,1339,True,12,5,1339,0.981907,7.45599,0,0.0121728,1338 1339 1397 1338 -1
GCP,adapt_p35-659087696138755_a14-999999999999998_322_map.h5,8.88465,10,406,365,54.340912:15.000000,1568,True,10,6,1613,0.999667,8.20583,0,0.0121352,1652 1652 1613 1612 1568 -1
GCP,adapt_p60-00000000000001_a90-0_162_map.h5,8.89341,10,567,374,30.000000:90.000000,1309,True,7,6,1309,0.999967,8.24143,0,0.0123932,1310 1310 1309 1368 1369 -1
GCP,adapt_p80-40593177313954_a112-49999999999999_400_map.h5,8.88362,10,648,398,9.594069:112.500000,1055,True,10,6,1055,0.983487,8.37305,0,0.0121769,988 988 987 1055 1056 -1
GCP,adapt_p60-00000000000001_a112-49999999999999_207_map.h5,8.88536,10,550,388,30.000000:112.500000,1313,True,12,6,1313,0.99908,8.49377,0,0.0124391,1372 1372 1314 1313 1312 -1
GCP,adapt_p35-659087696138755_a285-0_133_map.h5,6.69425,10,204,1071,54.340912:285.000000,1601,True,34,4,1642,0.527627,4.80294,0,0.0125475,1557 1601 1642 -1
GCP,adapt_p60-00000000000001_a90-0_176_map.h5,8.78651,10,236,378,30.000000:90.000000,1309,True,29,5,1368,0.895292,7.33174,0,0.0123019,1247 1309 1368 1367 -1
GCP,adapt_p48-18968510422141_a326-24999999999994_573_map.h5,2.84817,10,71,1459,41.810314:326.250000,1514,False,482,2,1076,0,0.0342316,0,0.0342316,1269 -1
GCP,adapt_p48-18968510422141_a348-74999999999994_132_map.h5,8.89045,10,588,353,41.810314:348.750000,1517,True,9,6,1517,0.998942,8.27066,0,0.0123675,1516 1516 1517 1566 1565 -1
GCP,adapt_p70-52877936550931_a101-24999999999999_411_map.h5,4.35196,10,75,1867,19.471220:101.250000,1185,False,89,3,988,0.261563,3.60314,0,0.0138355,1186 988 -1
GCP,adapt_p80-40593177313954_a292-5_182_map.h5,6.84566,10,530,1110,9.594069:292.500000,1088,False,16,4,1089,0.854236,4.85344,0,0.012157,1090 1089 1155 -1
GCP,adapt_p48-18968510422141_a56-24999999999999_235_map.h5,7.85064,10,407,775,41.810314:56.250000,1475,True,16,5,1475,0.769747,7.38748,0,0.0121532,1526 1475 1421 1420 -1
GCP,adapt_p80-40593177313954_a112-49999999999999_434_map.h5,7.85267,10,333,766,9.594069:112.500000,1055,False,15,5,1056,0.949615,5.91119,0,0.0121453,989 989 1057 1056 -1
GCP,adapt_p11-715852394892384_a315-0_540_map.h5,7.85369,10,323,776,78.284149:315.000000,1778,True,14,5,1778,0.943899,7.05747,0,0.0121017,1779 1778 1777 1790 -1
GCP,adapt_p60-00000000000001_a202-49999999999997_577_map.h5,8.88257,10,520,363,30.000000:202.500000,1328,True,11,6,1328,0.998547,8.25359,0,0.0122152,1266 1266 1265 1327 1328 -1
GCP,adapt_p60-00000000000001_a22-5_330_map.h5,8.88723,10,279,377,30.000000:22.500000,1298,True,11,6,1297,0.993771,8.34418,0,0.0125661,1296 1296 1356 1297 1298 -1
GCP,adapt_p35-659087696138755_a75-0_195_map.h5,6.84309,10,386,1041,54.340912:75.000000,1576,True,15,4,1575,0.73906,4.97658,0,0.0127186,1618 1575 1576 -1
GCP,adapt_p70-52877936550931_a326-24999999999994_110_map.h5,7.17853,10,46,414,19.471220:326.250000,1225,False,294,3,1170,0.222227,5.44246,0,0.020198,1290 1170 -1
GCP,adapt_p48-18968510422141_a258-75_580_map.h5,6.76827,10,273,1034,41.810314:258.750000,1504,False,28,4,1451,0.722069,4.92678,0,0.0125357,1394 1451 1452 -1
GCP,adapt_p48-18968510422141_a258-75_517_map.h5,4.61341,10,118,1938,41.810314:258.750000,1504,False,51,3,1600,0.313349,2.90036,0,0.0123969,1640 1600 -1
GCP,adapt_p60-00000000000001_a90-0_291_map.h5,8.76048,10,104,372,30.000000:90.000000,1309,False,34,5,1425,0.813336,7.51603,0,0.0123288,1365 1424 1425 1367 -1
GCP,adapt_p23-556464309101234_a67-5_327_map.h5,4.69394,10,22,413,66.443535:67.500000,1693,False,696,2,1484,0,0.0586849,0,0.0586849,1233 -1
GCP,adapt_p11-715852394892384_a135-0_531_map.h5,7.88472,10,793,724,78.284149:135.000000,1770,False,7,5,1752,0.970365,7.18092,0,0.01308,1771 1753 1752 1771 -1
GCP,adapt_p11-715852394892384_a45-0_529_map.h5,7.21252,10,166,708,78.284149:45.000000,1766,False,121,4,1781,0.40915,6.98382,0,0.0143339,1648 1765 1781 -1
GCP,adapt_p80-40593177313954_a202-49999999999997_588_map.h5,5.79957,10,499,1495,9.594069:202.500000,1072,False,20,4,1071,0.651437,4.80749,0,0.0122342,1136 1070 1071 -1
GCP,adapt_p80-40593177313954_a292-5_462_map.h5,6.84861,10,537,1143,9.594069:292.500000,1088,False,16,4,1155,0.870413,4.85347,0,0.0121918,1090 1089 1155 -1
GCP,adapt_p35-659087696138755_a135-0_217_map.h5,8.80065,10,220,394,54.340912:135.000000,1583,True,24,5,1625,0.846115,7.20628,0,0.0121645,1584 1583 1582 1625 -1
GCP,adapt_p60-00000000000001_a270-0_87_map.h5,8.86245,10,404,347,30.000000:270.000000,1339,True,12,6,1339,0.997251,8.24304,0,0.0132997,1397 1397 1398 1340 1339 -1
GCP,adapt_p60-00000000000001_a0-0_79_map.h5,6.87878,10,532,1139,30.000000:0.000000,1294,True,12,4,1411,0.755176,4.89213,0,0.0120224,1294 1411 1354 -1
GCP,adapt_p80-40593177313954_a180-0_529_map.h5,8.83846,10,372,366,9.594069:180.000000,1067,True,16,6,1132,0.980515,8.23489,0,0.0123287,1067 1067 1133 1132 1198 -1
GCP,adapt_p48-18968510422141_a146-25_549_map.h5,7.84557,10,337,708,41.810314:146.250000,1488,True,17,5,1434,0.920964,7.2525,0,0.0122308,1435 1434 1487 1488 -1
GCP,adapt_p70-52877936550931_a33-75_11_map.h5,6.85212,10,422,1109,19.471220:33.750000,1173,False,16,4,1106,0.704185,4.85542,0,0.012672,1107 1106 1172 -1
GCP,adapt_p70-52877936550931_a11-25_205_map.h5,8.71653,10,157,361,19.471220:11.250000,1169,False,36,5,1171,0.775517,7.31272,0,0.0122704,1106 1172 1171 1170 -1
GCP,adapt_p35-659087696138755_a195-0_57_map.h5,7.8465,10,281,757,54.340912:195.000000,1590,True,18,5,1633,0.955761,7.22651,0,0.0122981,1632 1633 1591 1590 -1
GCP,adapt_p80-40593177313954_a270-0_498_map.h5,6.78456,10,436,1068,9.594069:270.000000,1084,True,25,4,1084,0.571369,5.01416,0,0.0122196,1149 1084 1085 -1
GCP,adapt_p70-52877936550931_a326-24999999999994_585_map.h5,6.71366,10,40,394,19.471220:326.250000,1225,False,344,2,1321,0,0.023634,0,0.023634,1368 -1
GCP,adapt_p70-52877936550931_a348-74999999999994_62_map.h5,6.88366,10,575,1108,19.471220:348.750000,1229,True,10,5,1229,0.998395,5.88537,0,0.0121285,1164 1164 1229 1228 -1
GCP,adapt_p80-40593177313954_a247-49999999999997_139_map.h5,6.79636,10,334,1044,9.594069:247.500000,1080,True,21,4,1080,0.680121,4.91708,0,0.0124404,1081 1080 1079 -1
GCP,adapt_p35-659087696138755_a14-999999999999998_178_map.h5,6.71732,10,168,1172,54.340912:15.000000,1568,True,32,4,1568,0.786267,4.89012,0,0.012494,1468 1521 1568 -1
GCP,adapt_p80-40593177313954_a67-5_232_map.h5,8.87466,10,509,378,9.594069:67.500000,1047,True,11,6,1046,0.995944,8.83104,0,0.012142,979 979 1045 1046 1047 -1
GCP,adapt_p60-00000000000001_a224-99999999999997_184_map.h5,4.45869,10,110,1057,30.000000:225.000000,1331,False,376,2,1331,0,0.0259832,0,0.0259832,1558 -1
GCP,adapt_p11-715852394892384_a225-0_242_map.h5,8.78744,10,186,342,78.284149:225.000000,1774,True,27,5,1774,0.774008,7.09005,0,0.0123897,1756 1774 1787 1788 -1
GCP,adapt_p60-00000000000001_a90-0_394_map.h5,8.88592,10,455,348,30.000000:90.000000,1309,True,10,5,1309,0.998301,7.45667,0,0.0128468,1308 1309 1368 1308 -1
GCP,adapt_p70-52877936550931_a303-75_125_map.h5,8.83237,10,269,370,19.471220:303.750000,1221,True,20,5,1220,0.842364,7.26046,0,0.0124195,1155 1220 1283 1221 -1
GCP,adapt_p80-40593177313954_a135-0_518_map.h5,8.67425,10,45,398,9.594069:135.000000,1059,False,37,5,988,0.706926,7.27663,0,0.0125567,1057 989 988 921 -1
GCP,adapt_p48-18968510422141_a348-74999999999994_562_map.h5,6.60741,10,174,1103,41.810314:348.750000,1517,True,44,4,1517,0.545619,5.45467,0,0.0124067,1514 1516 1517 -1
GCP,adapt_p35-659087696138755_a255-00000000000003_193_map.h5,8.88203,10,508,365,54.340912:255.000000,1598,True,10,6,1639,0.99998,8.25052,0,0.0128241,1597 1597 1598 1640 1639 -1
GCP,adapt_p48-18968510422141_a348-74999999999994_93_map.h5,8.32939,10,56,396,41.810314:348.750000,1517,False,96,4,1519,0.489836,7.82784,0,0.0134215,1656 1519 1566 -1
GCP,adapt_p70-52877936550931_a11-25_455_map.h5,7.87723,10,432,719,19.471220:11.250000,1169,False,12,5,1103,0.994559,5.87497,0,0.012583,1170 1170 1104 1103 -1
GCP,adapt_p48-18968510422141_a101-24999999999999_555_map.h5,8.87319,10,539,403,41.810314:101.250000,1481,True,11,5,1481,0.938022,7.88976,0,0.0125994,1428 1481 1533 1428 -1
GCP,adapt_p48-18968510422141_a281-24999999999994_368_map.h5,8.71847,10,129,371,41.810314:281.250000,1507,True,36,5,1508,0.798026,7.7429,0,0.0123052,1558 1456 1508 1507 -1
GCP,adapt_p60-00000000000001_a112-49999999999999_416_map.h5,7.83048,10,470,724,30.000000:112.500000,1313,True,16,5,1372,0.941216,7.48711,0,0.0123182,1373 1372 1371 1313 -1
GCP,adapt_p35-659087696138755_a344-99999999999994_543_map.h5,8.87251,10,363,361,54.340912:345.000000,1609,True,10,6,1609,0.999754,8.25005,0,0.0122866,1608 1608 1609 1650 1649 -1
GCP,adapt_p60-00000000000001_a67-5_38_map.h5,6.6214,10,221,1140,30.000000:67.500000,1305,False,47,4,1242,0.771582,5.38155,0,0.0124213,1113 1242 1243 -1
GCP,adapt_p48-18968510422141_a326-24999999999994_263_map.h5,7.78562,10,302,753,41.810314:326.250000,1514,True,25,5,1462,0.934723,7.27083,0,0.0121954,1406 1462 1514 1463 -1
GCP,adapt_p60-00000000000001_a247-49999999999997_585_map.h5,6.87218,10,575,1073,30.000000:247.500000,1335,True,11,4,1335,0.82438,4.87778,0,0.0126027,1273 1274 1335 -1
GCP,adapt_p23-556464309101234_a247-49999999999997_222_map.h5,7.87172,10,489,683,66.443535:247.500000,1708,True,13,5,1709,0.857693,7.15211,0,0.0120776,1676 1675 1708 1709 -1
GCP,adapt_p11-715852394892384_a45-0_585_map.h5,5.81155,10,212,1565,78.284149:45.000000,1766,True,24,4,1766,0.917476,4.65485,0,0.0122752,1765 1766 1767 -1
GCP,adapt_p60-00000000000001_a157-5_71_map.h5,8.85755,10,311,387,30.000000:157.500000,1320,True,13,6,1321,0.995969,8.2549,0,0.0122198,1258 1258 1259 1321 1320 -1
GCP,adapt_p35-659087696138755_a45-0_394_map.h5,6.86631,10,404,1158,54.340912:45.000000,1572,True,12,4,1616,0.874695,4.76854,0,0.0125001,1615 1616 1572 -1
GCP,adapt_p70-52877936550931_a123-74999999999999_45_map.h5,6.51241,10,212,1112,19.471220:123.750000,1189,False,63,4,1313,0.458718,5.52179,0,0.0124403,1187 1313 1371 -1
GCP,adapt_p60-00000000000001_a135-0_306_map.h5,8.86838,10,504,346,30.000000:135.000000,1316,True,12,6,1317,0.998161,8.26691,0,0.0124036,1376 1376 1375 1316 1317 -1
GCP,adapt_p35-659087696138755_a315-0_584_map.h5,6.87748,10,553,1149,54.340912:315.000000,1605,True,11,5,1646,0.981171,5.76973,0,0.012299,1605 1605 1646 1645 -1
GCP,adapt_p23-556464309101234_a112-5_308_map.h5,6.84661,10,222,1079,66.443535:112.500000,1697,False,17,4,1751,0.860466,4.71813,0,0.0121868,1769 1750 1751 -1
GCP,adapt_p70-52877936550931_a191-25_72_map.h5,8.86946,10,423,376,19.471220:191.250000,1201,True,13,6,1265,0.992939,8.25141,0,0.0123265,1202 1202 1201 1264 1265 -1
GCP,adapt_p48-18968510422141_a191-25_380_map.h5,8.86766,10,412,378,41.810314:191.250000,1494,True,15,6,1441,0.996138,8.22005,0,0.0121396,1493 1493 1494 1441 1440 -1
GCP,adapt_p70-52877936550931_a146-25_347_map.h5,7.85254,10,558,707,19.471220:146.250000,1193,False,15,5,1255,0.965659,7.25432,0,0.0123345,1254 1255 1192 1191 -1
GCP,adapt_p80-40593177313954_a224-99999999999997_380_map.h5,7.82772,10,482,723,9.594069:225.000000,1076,True,19,5,1076,0.851035,7.37204,0,0.012076,1077 1076 1008 1009 -1
GCP,adapt_p70-52877936550931_a236-25_247_map.h5,8.89128,10,609,376,19.471220:236.250000,1209,True,10,6,1209,0.999331,8.27517,0,0.0124977,1210 1210 1209 1144 1143 -1
GCP,adapt_p80-40593177313954_a112-49999999999999_266_map.h5,6.79234,10,309,1122,9.594069:112.500000,1055,False,24,4,1054,0.802788,4.91711,0,0.0124702,1052 1053 1054 -1
GCP,adapt_p11-715852394892384_a315-0_113_map.h5,8.86308,10,432,394,78.284149:315.000000,1778,True,13,6,1778,0.9522,8.03771,0,0.0127152,1791 1791 1779 1778 1762 -1
GCP,adapt_p70-52877936550931_a146-25_481_map.h5,6.7458,10,141,1144,19.471220:146.250000,1193,False,33,4,1192,0.796114,4.83433,0,0.0130012,1125 1191 1192 -1
GCP,adapt_p70-52877936550931_a258-75_454_map.h5,5.77622,10,344,1416,19.471220:258.750000,1213,False,24,4,1275,0.727659,5.00604,0,0.0125986,1214 1276 1275 -1
GCP,adapt_p60-00000000000001_a67-5_114_map.h5,8.88739,10,553,369,30.000000:67.500000,1305,True,10,5,1305,0.998129,5.80704,0,0.0124477,1243 1243 1306 1305 -1
GCP,adapt_p60-00000000000001_a90-0_30_map.h5,7.66367,10,111,805,30.000000:90.000000,1309,False,46,4,1367,0.626454,5.56436,0,0.0131469,1311 1368 1367 -1
GCP,adapt_p23-556464309101234_a292-5_234_map.h5,7.87435,10,347,758,66.443535:292.500000,1712,True,12,5,1738,0.973338,5.83824,0,0.0124415,1711 1711 1712 1738 -1
GCP,adapt_p80-40593177313954_a22-5_510_map.h5,8.88241,10,469,352,9.594069:22.500000,1038,True,11,6,1038,0.999625,8.8554,0,0.0123731,1105 1105 1037 1038 1039 -1
GCP,adapt_p80-40593177313954_a0-0_230_map.h5,8.88439,10,521,385,9.594069:0.000000,1034,True,12,6,1034,0.99935,8.82662,0,0.0124049,1101 1101 1100 1034 1035 -1
GCP,adapt_p70-52877936550931_a191-25_156_map.h5,7.85158,10,428,796,19.471220:191.250000,1201,True,15,5,1201,0.914627,7.39447,0,0.012266,1200 1201 1202 1136 -1
GCP,adapt_p80-40593177313954_a270-0_278_map.h5,6.68051,10,220,1195,9.594069:270.000000,1084,False,41,4,1151,0.469466,4.83934,0,0.0122771,1086 1152 1151 -1
GCP,adapt_p48-18968510422141_a56-24999999999999_438_map.h5,6.63548,10,161,1146,41.810314:56.250000,1475,False,45,4,1578,0.638288,5.34714,0,0.0123344,1661 1621 1578 -1
GCP,adapt_p35-659087696138755_a285-0_29_map.h5,8.87263,10,367,387,54.340912:285.000000,1601,True,12,6,1601,0.999694,8.2517,0,0.0121753,1643 1643 1642 1601 1602 -1
GCP,adapt_p60-00000000000001_a90-0_548_map.h5,7.85434,10,364,817,30.000000:90.000000,1309,True,14,5,1309,0.961398,7.36929,0,0.0124575,1246 1309 1368 1310 -1
GCP,adapt_p35-659087696138755_a165-0_337_map.h5,4.3621,10,64,1505,54.340912:165.000000,1587,False,239,2,1413,0,0.0183986,0,0.0183986,1444 -1
GCP,adapt_p48-18968510422141_a11-25_22_map.h5,8.18546,10,107,378,41.810314:11.250000,1468,False,125,5,1470,0.419644,7.83732,0,0.0141377,1614 1522 1470 1415 -1
GCP,adapt_p35-659087696138755_a14-999999999999998_477_map.h5,8.84084,10,338,384,54.340912:15.000000,1568,True,15,6,1568,0.99652,8.22805,0,0.0129559,1612 1612 1613 1569 1568 -1
GCP,adapt_p35-659087696138755_a255-00000000000003_386_map.h5,6.7506,10,301,1071,54.340912:255.000000,1598,False,25,4,1596,0.701685,4.98824,0,0.0122244,1553 1552 1596 -1
GCP,adapt_p60-00000000000001_a315-0_526_map.h5,5.84966,10,366,1539,30.000000:315.000000,1346,True,15,4,1404,0.87791,4.81705,0,0.01215,1405 1404 1346 -1
GCP,adapt_p80-40593177313954_a22-5_204_map.h5,2.08847,10,68,693,9.594069:22.500000,1038,False,963,2,1278,0,0.101135,0,0.101135,1540 -1
GCP,adapt_p23-556464309101234_a247-49999999999997_509_map.h5,6.82825,10,259,1132,66.443535:247.500000,1708,True,17,4,1708,0.790966,4.75378,0,0.0125586,1735 1708 1707 -1
GCP,adapt_p80-40593177313954_a224-99999999999997_42_map.h5,8.86747,10,436,399,9.594069:225.000000,1076,True,12,6,1076,0.971443,8.26781,0,0.0123315,1141 1141 1075 1076 1077 -1
GCP,adapt_p48-18968510422141_a348-74999999999994_411_map.h5,8.83093,10,222,352,41.810314:348.750000,1517,True,21,5,1465,0.95149,7.36275,0,0.0128686,1410 1465 1517 1466 -1
GCP,adapt_p23-556464309101234_a112-5_125_map.h5,4.63695,10,170,1883,66.443535:112.500000,1697,False,49,3,1725,0.274986,2.70472,0,0.012875,1749 1725 -1
GCP,adapt_p48-18968510422141_a123-74999999999999_5_map.h5,3.52809,10,90,1926,41.810314:123.750000,1484,False,217,2,1577,0,0.0164919,0,0.0164919,1468 -1
GCP,adapt_p48-18968510422141_a213-75_70_map.h5,6.7775,10,350,1152,41.810314:213.750000,1497,False,26,4,1499,0.607846,4.84536,0,0.0123106,1447 1446 1499 -1
GCP,adapt_p80-40593177313954_a0-0_532_map.h5,5.59901,10,206,1370,9.594069:0.000000,1034,False,54,3,1100,0.396705,3.84633,0,0.0128029,1169 1100 -1
GCP,adapt_p48-18968510422141_a213-75_544_map.h5,6.75941,10,274,1110,41.810314:213.750000,1497,True,30,4,1497,0.654196,5.34084,0,0.0124173,1593 1498 1497 -1
GCP,adapt_p80-40593177313954_a135-0_509_map.h5,7.68144,10,222,749,9.594069:135.000000,1059,False,40,5,1126,0.73239,7.25658,0,0.0134091,993 1060 1126 1127 -1
GCP,adapt_p70-52877936550931_a191-25_558_map.h5,7.83261,10,253,713,19.471220:191.250000,1201,True,22,5,1202,0.940844,7.23149,0,0.0121971,1265 1202 1201 1136 -1
GCP,adapt_p23-556464309101234_a67-5_469_map.h5,7.8701,10,403,749,66.443535:67.500000,1693,True,13,5,1693,0.954953,7.26984,0,0.0127161,1657 1693 1694 1658 -1
GCP,adapt_p80-40593177313954_a180-0_471_map.h5,7.88363,10,624,674,9.594069:180.000000,1067,True,10,5,1068,0.816553,5.80793,0,0.0122012,1134 1134 1068 1067 -1
GCP,adapt_p80-40593177313954_a247-49999999999997_422_map.h5,7.8411,10,420,740,9.594069:247.500000,1080,False,15,4,1081,0.912288,4.91087,0,0.0127122,1014 1082 1081 -1
GCP,adapt_p48-18968510422141_a348-74999999999994_405_map.h5,8.89791,10,648,396,41.810314:348.750000,1517,True,7,6,1465,0.999999,8.39308,0,0.0128781,1517 1517 1466 1465 1516 -1
GCP,adapt_p70-52877936550931_a146-25_459_map.h5,7.87691,10,601,715,19.471220:146.250000,1193,True,11,5,1127,0.979051,7.38056,0,0.0128936,1192 1193 1127 1192 -1
GCP,adapt_p48-18968510422141_a303-75_582_map.h5,6.87743,10,561,1077,41.810314:303.750000,1510,True,9,5,1510,0.878455,5.79343,0,0.0123838,1559 1559 1510 1511 -1
GCP,adapt_p48-18968510422141_a56-24999999999999_169_map.h5,8.87953,10,396,376,41.810314:56.250000,1475,True,13,6,1422,0.999731,8.21785,0,0.0122925,1475 1475 1476 1422 1421 -1
GCP,adapt_p35-659087696138755_a75-0_427_map.h5,6.88258,10,631,1093,54.340912:75.000000,1576,True,10,5,1619,0.999509,5.82613,0,0.0122073,1576 1576 1620 1619 -1
GCP,adapt_p11-715852394892384_a45-0_117_map.h5,8.87749,10,336,381,78.284149:45.000000,1766,True,12,6,1747,0.998624,8.08204,0,0.0123034,1766 1766 1746 1747 1767 -1
GCP,adapt_p70-52877936550931_a258-75_60_map.h5,8.89063,10,500,352,19.471220:258.750000,1213,True,13,6,1213,0.997339,8.26368,0,0.0121681,1148 1148 1147 1212 1213 -1
GCP,adapt_p11-715852394892384_a135-0_174_map.h5,6.80112,10,276,1140,78.284149:135.000000,1770,True,27,4,1770,0.738643,4.72642,0,0.0126868,1753 1771 1770 -1
GCP,adapt_p48-18968510422141_a33-75_380_map.h5,6.85485,10,459,1075,41.810314:33.750000,1471,True,15,4,1418,0.706931,4.81051,0,0.0129462,1471 1417 1418 -1
GCP,adapt_p48-18968510422141_a78-75_37_map.h5,7.89147,10,574,782,41.810314:78.750000,1478,True,9,5,1478,0.996279,5.79396,0,0.0123015,1424 1424 1478 1477 -1
GCP,adapt_p80-40593177313954_a22-5_78_map.h5,7.79471,10,293,737,9.594069:22.500000,1038,True,25,5,1105,0.877015,7.39388,0,0.01209,1171 1104 1038 1105 -1
GCP,adapt_p70-52877936550931_a33-75_286_map.h5,7.84842,10,311,794,19.471220:33.750000,1173,True,14,5,1174,0.947319,7.30087,0,0.0123809,1108 1107 1173 1174 -1
GCP,adapt_p35-659087696138755_a195-0_551_map.h5,8.86962,10,543,358,54.340912:195.000000,1590,True,14,6,1590,0.997737,8.22726,0,0.0121674,1632 1632 1633 1591 1590 -1
GCP,adapt_p35-659087696138755_a344-99999999999994_247_map.h5,7.89725,10,664,737,54.340912:345.000000,1609,True,7,5,1649,0.997509,5.88916,0,0.0125422,1608 1608 1649 1609 -1
GCP,adapt_p11-715852394892384_a315-0_390_map.h5,7.84066,10,309,705,78.284149:315.000000,1778,True,21,5,1778,0.922813,7.0361,0,0.012158,1791 1779 1778 1762 -1
GCP,adapt_p70-52877936550931_a303-75_456_map.h5,7.89158,10,727,734,19.471220:303.750000,1221,True,9,5,1221,0.998008,5.8579,0,0.0122192,1283 1283 1220 1221 -1
GCP,adapt_p80-40593177313954_a0-0_130_map.h5,5.24873,10,176,1474,9.594069:0.000000,1034,False,102,3,1166,0.251367,3.05508,0,0.0131199,1032 1166 -1
GCP,adapt_p35-659087696138755_a224-99999999999997_267_map.h5,7.18672,10,149,699,54.340912:225.000000,1594,False,125,4,1706,0.445518,5.99275,0,0.0141592,1773 1706 1707 -1
GCP,adapt_p70-52877936550931_a78-75_66_map.h5,8.89869,10,707,352,19.471220:78.750000,1181,True,8,6,1181,0.998885,8.6252,0,0.0121084,1115 1115 1180 1181 1182 -1
GCP,adapt_p80-40593177313954_a90-0_520_map.h5,6.70544,10,337,1146,9.594069:90.000000,1051,False,33,4,1050,0.499837,5.49332,0,0.0123632,1119 1118 1050 -1
GCP,adapt_p35-659087696138755_a75-0_371_map.h5,8.87166,10,333,378,54.340912:75.000000,1576,True,14,6,1576,0.999716,8.22538,0,0.0121341,1620 1620 1619 1575 1576 -1
GCP,adapt_p60-00000000000001_a45-0_163_map.h5,6.81947,10,290,1082,30.000000:45.000000,1301,False,18,4,1360,0.856354,4.79795,0,0.012341,1419 1361 1360 -1
GCP,adapt_p70-52877936550931_a146-25_338_map.h5,8.87197,10,596,379,19.471220:146.250000,1193,True,12,6,1193,0.998293,8.29935,0,0.0128353,1192 1192 1193 1127 1128 -1
GCP,adapt_p48-18968510422141_a11-25_222_map.h5,6.86549,10,529,1121,41.810314:11.250000,1468,True,14,4,1468,0.856244,4.90289,0,0.0123036,1467 1413 1468 -1
GCP,adapt_p23-556464309101234_a157-5_559_map.h5,8.8227,10,226,376,66.443535:157.500000,1701,True,22,5,1701,0.868302,7.26329,0,0.0121116,1666 1701 1729 1730 -1
GCP,adapt_p35-659087696138755_a14-999999999999998_39_map.h5,5.82154,10,305,1470,54.340912:15.000000,1568,False,17,4,1614,0.653756,4.90698,0,0.012267,1653 1614 1569 -1
GCP,adapt_p60-00000000000001_a247-49999999999997_314_map.h5,7.8547,10,383,774,30.000000:247.500000,1335,True,14,5,1336,0.870951,7.36022,0,0.0121096,1337 1275 1336 1335 -1
GCP,adapt_p48-18968510422141_a146-25_478_map.h5,5.74737,10,286,1484,41.810314:146.250000,1488,True,30,4,1538,0.631619,4.97806,0,0.0123897,1435 1488 1538 -1
GCP,adapt_p70-52877936550931_a258-75_295_map.h5,8.89666,10,608,351,19.471220:258.750000,1213,True,9,6,1213,0.999896,8.27319,0,0.0121311,1212 1212 1213 1276 1275 -1
GCP,adapt_p48-18968510422141_a348-74999999999994_372_map.h5,8.86323,10,446,348,41.810314:348.750000,1517,True,13,6,1517,0.983123,8.23271,0,0.0125692,1465 1465 1517 1516 1565 -1
GCP,adapt_p70-52877936550931_a281-24999999999994_22_map.h5,8.78465,10,152,384,19.471220:281.250000,1217,False,24,5,1218,0.86633,7.30208,0,0.0121843,1220 1219 1218 1281 -1
GCP,adapt_p60-00000000000001_a67-5_35_map.h5,6.83559,10,504,1122,30.000000:67.500000,1305,True,11,4,1364,0.948736,4.79962,0,0.0132344,1365 1364 1305 -1
GCP,adapt_p48-18968510422141_a303-75_178_map.h5,7.73222,10,239,732,41.810314:303.750000,1510,True,34,5,1458,0.712708,7.43763,0,0.0126054,1509 1458 1510 1511 -1
GCP,adapt_p48-18968510422141_a303-75_379_map.h5,6.59337,10,208,1134,41.810314:303.750000,1510,False,50,4,1461,0.505446,6.52549,0,0.012438,1508 1460 1461 -1
GCP,adapt_p80-40593177313954_a90-0_197_map.h5,7.86023,10,321,743,9.594069:90.000000,1051,True,14,5,1052,0.990282,7.27995,0,0.0125618,1117 1118 1052 1051 -1
GCP,adapt_p80-40593177313954_a67-5_15_map.h5,6.83123,10,492,1099,9.594069:67.500000,1047,True,18,4,1048,0.959686,4.91074,0,0.0125779,980 1048 1047 -1
GCP,adapt_p60-00000000000001_a224-99999999999997_522_map.h5,6.73226,10,345,1064,30.000000:225.000000,1331,False,31,4,1333,0.787705,5.05071,0,0.0125433,1393 1334 1333 -1
GCP,adapt_p48-18968510422141_a101-24999999999999_419_map.h5,5.63444,10,86,750,41.810314:101.250000,1481,False,367,2,1504,0,0.0251131,0,0.0251131,904 -1
GCP,adapt_p70-52877936550931_a348-74999999999994_56_map.h5,6.8658,10,450,1095,19.471220:348.750000,1229,True,14,4,1291,0.673801,4.90316,0,0.01298,1292 1229 1291 -1
GCP,adapt_p80-40593177313954_a292-5_431_map.h5,6.83536,10,349,1114,9.594069:292.500000,1088,True,18,4,1088,0.918168,4.91059,0,0.0124366,1020 1088 1089 -1
GCP,adapt_p60-00000000000001_a224-99999999999997_401_map.h5,7.88461,10,759,722,30.000000:225.000000,1331,True,10,5,1331,0.997678,7.36847,0,0.0121694,1330 1331 1269 1330 -1
GCP,adapt_p70-52877936550931_a303-75_130_map.h5,6.8643,10,557,1115,19.471220:303.750000,1221,True,13,4,1221,0.92109,4.85715,0,0.0125064,1283 1220 1221 -1
GCP,adapt_p60-00000000000001_a337-49999999999994_105_map.h5,8.43615,10,123,379,30.000000:337.500000,1350,False,79,5,1097,0.747308,7.86339,0,0.0126527,1160 1096 1097 1098 -1
GCP,adapt_p70-52877936550931_a56-24999999999999_80_map.h5,6.79027,10,413,1127,19.471220:56.250000,1177,True,22,4,1177,0.5457,5.02024,0,0.0125418,1109 1176 1177 -1
GCP,adapt_p35-659087696138755_a135-0_367_map.h5,7.85666,10,437,792,54.340912:135.000000,1583,True,15,5,1626,0.964571,7.19203,0,0.0121381,1584 1583 1626 1627 -1
GCP,adapt_p70-52877936550931_a101-24999999999999_388_map.h5,7.86586,10,443,695,19.471220:101.250000,1185,True,12,5,1185,0.957314,5.82915,0,0.0129403,1248 1248 1185 1184 -1
GCP,adapt_p35-659087696138755_a255-00000000000003_344_map.h5,8.89268,10,708,382,54.340912:255.000000,1598,True,7,6,1598,0.999998,8.2493,0,0.0121179,1639 1639 1640 1598 1597 -1
GCP,adapt_p60-00000000000001_a135-0_502_map.h5,6.86603,10,531,1063,30.000000:135.000000,1316,True,12,4,1316,0.898617,4.8684,0,0.012759,1317 1316 1254 -1
GCP,adapt_p60-00000000000001_a0-0_503_map.h5,6.87166,10,483,1066,30.000000:0.000000,1294,True,13,4,1411,0.85301,4.89067,0,0.0121352,1294 1411 1353 -1
GCP,adapt_p70-52877936550931_a123-74999999999999_158_map.h5,8.87322,10,366,375,19.471220:123.750000,1189,True,14,6,1189,0.971067,8.26075,0,0.0125731,1253 1253 1252 1189 1188 -1
GCP,adapt_p48-18968510422141_a213-75_595_map.h5,5.87069,10,412,1496,41.810314:213.750000,1497,False,12,4,1498,0.861194,4.83002,0,0.0120897,1446 1445 1498 -1
GCP,adapt_p48-18968510422141_a326-24999999999994_278_map.h5,7.82861,10,358,742,41.810314:326.250000,1514,True,20,5,1562,0.774937,7.12904,0,0.0122094,1606 1562 1513 1514 -1
GCP,adapt_p60-00000000000001_a202-49999999999997_351_map.h5,7.85442,10,446,732,30.000000:202.500000,1328,True,16,5,1328,0.963189,7.29584,0,0.0123988,1387 1386 1328 1327 -1
GCP,adapt_p48-18968510422141_a146-25_327_map.h5,6.84751,10,361,1051,41.810314:146.250000,1488,False,17,4,1435,0.814706,4.88067,0,0.0122878,1436 1435 1434 -1
GCP,adapt_p48-18968510422141_a101-24999999999999_334_map.h5,8.8947,10,573,388,41.810314:101.250000,1481,True,9,6,1481,0.999904,8.27881,0,0.0120914,1427 1427 1428 1482 1481 -1
GCP,adapt_p48-18968510422141_a78-75_397_map.h5,6.82969,10,355,1153,41.810314:78.750000,1478,True,19,4,1425,0.736932,5.00822,0,0.0121088,1478 1425 1426 -1
GCP,adapt_p48-18968510422141_a236-25_91_map.h5,6.87227,10,458,1087,41.810314:236.250000,1501,False,13,4,1449,0.927388,4.90124,0,0.0125383,1502 1449 1448 -1
GCP,adapt_p60-00000000000001_a135-0_16_map.h5,8.89266,10,518,425,30.000000:135.000000,1316,True,9,6,1317,0.99842,8.29592,0,0.0121468,1254 1254 1255 1317 1316 -1
GCP,adapt_p70-52877936550931_a146-25_211_map.h5,8.56897,10,154,391,19.471220:146.250000,1193,False,59,5,1255,0.577737,7.85171,0,0.0128405,1257 1255 1192 1191 -1
GCP,adapt_p23-556464309101234_a292-5_553_map.h5,8.87061,10,279,366,66.443535:292.500000,1712,True,13,6,1712,0.987177,8.19833,0,0.0121864,1681 1681 1713 1712 1680 -1
GCP,adapt_p80-40593177313954_a292-5_113_map.h5,8.89219,10,564,382,9.594069:292.500000,1088,True,11,6,1089,0.999273,8.30151,0,0.0125967,1155 1155 1154 1088 1089 -1
GCP,adapt_p23-556464309101234_a292-5_275_map.h5,7.87633,10,345,774,66.443535:292.500000,1712,True,11,5,1712,0.983543,5.85422,0,0.0124653,1713 1713 1739 1712 -1
GCP,adapt_p23-556464309101234_a112-5_314_map.h5,7.74345,10,138,796,66.443535:112.500000,1697,False,37,5,1725,0.726495,7.07517,0,0.0123721,1770 1751 1750 1725 -1
GCP,adapt_p23-556464309101234_a112-5_545_map.h5,7.87471,10,372,732,66.443535:112.500000,1697,True,14,5,1662,0.993391,7.14947,0,0.0120988,1698 1697 1662 1663 -1
GCP,adapt_p48-18968510422141_a123-74999999999999_129_map.h5,7.74844,10,187,738,41.810314:123.750000,1484,False,32,4,1430,0.64776,4.89109,0,0.0123971,1373 1430 1429 -1
GCP,adapt_p35-659087696138755_a224-99999999999997_6_map.h5,6.86869,10,558,1129,54.340912:225.000000,1594,True,12,5,1595,0.98694,5.77906,0,0.0121141,1636 1636 1594 1595 -1
GCP,adapt_p70-52877936550931_a146-25_397_map.h5,6.8447,10,489,1067,19.471220:146.250000,1193,True,17,4,1194,0.739532,4.91975,0,0.0131057,1195 1194 1193 -1
GCP,adapt_p80-40593177313954_a180-0_336_map.h5,5.49528,10,138,1150,9.594069:180.000000,1067,False,191,2,1010,0,0.0153336,0,0.0153336,1198 -1
GCP,adapt_p60-00000000000001_a180-0_543_map.h5,7.65331,10,170,711,30.000000:180.000000,1324,False,45,5,1383,0.687732,7.21165,0,0.0125086,1326 1384 1383 1440 -1
GCP,adapt_p48-18968510422141_a191-25_359_map.h5,8.87761,10,539,394,41.810314:191.250000,1494,True,10,6,1494,0.99505,8.22055,0,0.0121614,1442 1442 1441 1494 1495 -1
GCP,adapt_p80-40593177313954_a157-5_524_map.h5,6.41005,10,154,1157,9.594069:157.500000,1063,False,77,4,1326,0.501507,5.56514,0,0.0127888,1386 1326 1265 -1
GCP,adapt_p23-556464309101234_a67-5_357_map.h5,7.75956,10,227,764,66.443535:67.500000,1693,False,33,5,1692,0.610159,7.17459,0,0.0122447,1655 1656 1692 1691 -1
GCP,adapt_p60-00000000000001_a90-0_378_map.h5,7.71646,10,196,784,30.000000:90.000000,1309,True,35,5,1368,0.883747,7.15064,0,0.0123333,1425 1367 1368 1309 -1
GCP,adapt_p60-00000000000001_a45-0_410_map.h5,8.87644,10,510,376,30.000000:45.000000,1301,True,11,6,1301,0.999093,8.27136,0,0.0123632,1361 1361 1360 1301 1302 -1
GCP,adapt_p70-52877936550931_a281-24999999999994_390_map.h5,6.66205,10,140,1119,19.471220:281.250000,1217,False,43,4,1082,0.665257,5.36478,0,0.0127773,1212 1081 1082 -1
GCP,adapt_p48-18968510422141_a326-24999999999994_135_map.h5,6.85904,10,415,1092,41.810314:326.250000,1514,True,13,4,1462,0.951738,4.80583,0,0.0127676,1513 1514 1462 -1
GCP,adapt_p35-659087696138755_a105-0_99_map.h5,5.59911,10,204,1423,54.340912:105.000000,1579,False,55,3,1581,0.28775,3.89366,0,0.0126953,1695 1581 -1
GCP,adapt_p35-659087696138755_a14-999999999999998_238_map.h5,6.82834,10,415,1085,54.340912:15.000000,1568,True,16,4,1569,0.898101,4.8121,0,0.0125402,1613 1569 1568 -1
GCP,adapt_p80-40593177313954_a247-49999999999997_579_map.h5,8.47401,10,122,380,9.594069:247.500000,1080,False,73,5,1081,0.450921,8.08832,0,0.0128063,1150 1082 1081 1147 -1
GCP,adapt_p80-40593177313954_a202-49999999999997_264_map.h5,6.82158,10,506,1072,9.594069:202.500000,1072,False,21,4,1071,0.604906,4.91686,0,0.0122154,1069 1070 1071 -1
GCP,adapt_p48-18968510422141_a236-25_62_map.h5,6.78534,10,259,1140,41.810314:236.250000,1501,False,29,4,1500,0.71006,5.06303,0,0.0124616,1549 1500 1447 -1
GCP,adapt_p60-00000000000001_a67-5_301_map.h5,7.7976,10,358,760,30.000000:67.500000,1305,True,22,5,1305,0.867796,7.40634,0,0.0121963,1365 1305 1364 1363 -1
GCP,adapt_p80-40593177313954_a247-49999999999997_48_map.h5,7.86951,10,368,747,9.594069:247.500000,1080,True,14,5,1147,0.857457,7.27597,0,0.0122984,1080 1081 1147 1146 -1
GCP,adapt_p48-18968510422141_a326-24999999999994_367_map.h5,6.87566,10,597,1152,41.810314:326.250000,1514,True,10,5,1513,0.999308,5.78326,0,0.0121263,1562 1562 1513 1514 -1
GCP,adapt_p70-52877936550931_a236-25_289_map.h5,7.87741,10,710,775,19.471220:236.250000,1209,True,11,5,1209,0.953264,5.9459,0,0.012388,1208 1208 1143 1209 -1
GCP,adapt_p70-52877936550931_a213-75_66_map.h5,7.84637,10,467,746,19.471220:213.750000,1205,True,15,5,1269,0.864748,7.25546,0,0.0124403,1205 1206 1269 1268 -1
GCP,adapt_p60-00000000000001_a0-0_140_map.h5,6.86337,10,462,994,30.000000:0.000000,1294,True,13,4,1294,0.926209,4.89565,0,0.0124274,1293 1294 1295 -1
GCP,adapt_p11-715852394892384_a225-0_200_map.h5,6.87199,10,536,1116,78.284149:225.000000,1774,True,11,5,1774,0.970599,5.74113,0,0.0128053,1775 1775 1774 1757 -1
GCP,adapt_p48-18968510422141_a213-75_246_map.h5,5.80972,10,488,1442,41.810314:213.750000,1497,False,18,4,1498,0.738263,4.82307,0,0.0130876,1499 1498 1445 -1
GCP,adapt_p70-52877936550931_a101-24999999999999_389_map.h5,8.88528,10,471,378,19.471220:101.250000,1185,True,11,6,1185,0.999407,8.26021,0,0.0125231,1119 1119 1118 1184 1185 -1
GCP,adapt_p23-556464309101234_a112-5_467_map.h5,7.88954,10,782,729,66.443535:112.500000,1697,True,10,5,1697,0.999801,7.28964,0,0.0122572,1698 1697 1726 1698 -1
GCP,adapt_p48-18968510422141_a191-25_580_map.h5,8.8426,10,315,380,41.810314:191.250000,1494,True,17,5,1494,0.965115,7.19542,0,0.0131674,1441 1494 1544 1545 -1
GCP,adapt_p80-40593177313954_a337-49999999999994_560_map.h5,8.87198,10,680,354,9.594069:337.500000,1097,True,13,6,1096,0.999408,8.36113,0,0.0128017,1098 1098 1097 1029 1096 -1
GCP,adapt_p48-18968510422141_a191-25_25_map.h5,6.67565,10,98,1192,41.810314:191.250000,1494,False,41,4,1385,0.658483,5.36773,0,0.0131413,1264 1384 1385 -1
GCP,adapt_p60-00000000000001_a180-0_223_map.h5,7.87043,10,483,793,30.000000:180.000000,1324,True,11,5,1324,0.990508,5.89872,0,0.0123815,1382 1382 1383 1324 -1
GCP,adapt_p48-18968510422141_a258-75_30_map.h5,8.7387,10,322,390,41.810314:258.750000,1504,False,32,5,1449,0.833636,7.90686,0,0.0130934,1550 1502 1450 1449 -1
GCP,adapt_p70-52877936550931_a191-25_455_map.h5,8.87148,10,337,384,19.471220:191.250000,1201,True,14,6,1201,0.996287,8.34968,0,0.0123206,1136 1136 1135 1200 1201 -1
GCP,adapt_p35-659087696138755_a344-99999999999994_71_map.h5,6.82459,10,304,1122,54.340912:345.000000,1609,False,19,4,1650,0.841097,4.89016,0,0.0122027,1610 1650 1649 -1
GCP,adapt_p23-556464309101234_a202-5_185_map.h5,6.8635,10,490,1116,66.443535:202.500000,1704,True,15,4,1732,0.924469,4.76513,0,0.012313,1733 1732 1704 -1
GCP,adapt_p48-18968510422141_a101-24999999999999_145_map.h5,6.83761,10,446,1212,41.810314:101.250000,1481,False,18,4,1427,0.78694,4.85078,0,0.0121902,1482 1428 1427 -1
GCP,adapt_p60-00000000000001_a22-5_424_map.h5,8.87827,10,343,394,30.000000:22.500000,1298,True,12,6,1297,0.988735,8.38223,0,0.0125166,1234 1234 1298 1297 1356 -1
GCP,adapt_p70-52877936550931_a258-75_502_map.h5,6.77369,10,187,1127,19.471220:258.750000,1213,True,26,4,1275,0.536016,5.01297,0,0.0121156,1274 1275 1213 -1
GCP,adapt_p70-52877936550931_a78-75_356_map.h5,8.88651,10,449,424,19.471220:78.750000,1181,True,10,6,1114,0.99996,8.26319,0,0.0122638,1181 1181 1180 1114 1115 -1
GCP,adapt_p70-52877936550931_a11-25_10_map.h5,8.59647,10,87,370,19.471220:11.250000,1169,False,54,5,1300,0.672773,7.54264,0,0.0123419,1239 1301 1300 1237 -1
GCP,adapt_p35-659087696138755_a224-99999999999997_312_map.h5,8.88748,10,688,415,54.340912:225.000000,1594,True,9,6,1637,0.98888,8.19438,0,0.0123353,1595 1595 1594 1636 1637 -1
GCP,adapt_p11-715852394892384_a225-0_326_map.h5,7.85639,10,432,774,78.284149:225.000000,1774,True,14,5,1775,0.896221,7.09332,0,0.0124296,1758 1775 1774 1757 -1
GCP,adapt_p48-18968510422141_a281-24999999999994_246_map.h5,5.83827,10,330,1462,41.810314:281.250000,1507,True,18,4,1507,0.806231,4.92657,0,0.0125472,1557 1507 1506 -1
GCP,adapt_p80-40593177313954_a157-5_550_map.h5,8.84975,10,365,374,9.594069:157.500000,1063,True,16,6,1062,0.979262,8.26098,0,0.0120583,1129 1129 1128 1062 1063 -1
GCP,adapt_p80-40593177313954_a270-0_315_map.h5,6.75547,10,304,1112,9.594069:270.000000,1084,False,29,4,1149,0.659081,4.82913,0,0.0123539,1150 1149 1083 -1
GCP,adapt_p80-40593177313954_a247-49999999999997_381_map.h5,8.88845,10,533,375,9.594069:247.500000,1080,True,10,6,1080,0.999656,8.27519,0,0.0123427,1145 1145 1146 1080 1079 -1
GCP,adapt_p23-556464309101234_a247-49999999999997_590_map.h5,7.89467,10,720,762,66.443535:247.500000,1708,True,8,5,1708,0.999488,7.36668,0,0.013133,1709 1708 1675 1709 -1
GCP,adapt_p48-18968510422141_a326-24999999999994_11_map.h5,7.89463,10,595,737,41.810314:326.250000,1514,True,9,5,1513,0.968505,5.79664,0,0.0121835,1461 1461 1513 1514 -1
GCP,adapt_p23-556464309101234_a112-5_527_map.h5,7.6751,10,115,817,66.443535:112.500000,1697,True,43,5,1662,0.781803,7.5278,0,0.0127144,1699 1663 1662 1697 -1
GCP,adapt_p60-00000000000001_a337-49999999999994_52_map.h5,5.7606,10,299,1614,30.000000:337.500000,1350,False,26,4,1225,0.718311,4.88039,0,0.0122059,1224 1225 1288 -1
GCP,adapt_p70-52877936550931_a191-25_466_map.h5,6.86503,10,527,1145,19.471220:191.250000,1201,False,13,4,1136,0.994677,4.87418,0,0.0127591,1202 1137 1136 -1
GCP,adapt_p60-00000000000001_a112-49999999999999_372_map.h5,8.87229,10,400,362,30.000000:112.500000,1313,False,12,6,1312,0.965866,8.30613,0,0.0125102,1250 1250 1249 1312 1311 -1
GCP,adapt_p80-40593177313954_a247-49999999999997_235_map.h5,7.82107,10,424,688,9.594069:247.500000,1080,False,17,4,1081,0.872544,4.9109,0,0.0127381,1014 1082 1081 -1
GCP,adapt_p11-715852394892384_a225-0_557_map.h5,8.86364,10,352,355,78.284149:225.000000,1774,True,17,5,1788,0.913778,7.0169,0,0.0121673,1773 1787 1788 1774 -1
GCP,adapt_p70-52877936550931_a146-25_107_map.h5,6.74575,10,231,1085,19.471220:146.250000,1193,False,32,4,1126,0.714896,5.28202,0,0.0130664,1194 1127 1126 -1
GCP,adapt_p35-659087696138755_a285-0_345_map.h5,8.21864,10,104,369,54.340912:285.000000,1601,False,112,5,1557,0.364046,7.88122,0,0.0137205,1506 1557 1602 1603 -1
GCP,adapt_p48-18968510422141_a78-75_520_map.h5,7.90336,10,677,731,41.810314:78.750000,1478,True,6,5,1425,0.987102,5.93032,0,0.0124358,1424 1424 1478 1425 -1
GCP,adapt_p60-00000000000001_a0-0_91_map.h5,5.849,10,498,1431,30.000000:0.000000,1294,False,14,4,1410,0.922442,4.8738,0,0.0128075,1352 1410 1411 -1
GCP,adapt_p80-40593177313954_a22-5_294_map.h5,8.77844,10,212,359,9.594069:22.500000,1038,True,28,5,1037,0.798119,7.38843,0,0.0123777,1105 1038 1037 1036 -1
GCP,adapt_p60-00000000000001_a0-0_64_map.h5,7.89564,10,678,708,30.000000:0.000000,1294,True,7,5,1293,0.998386,5.90864,0,0.0121511,1294 1294 1293 1353 -1
GCP,adapt_p35-659087696138755_a255-00000000000003_560_map.h5,6.85626,10,348,1168,54.340912:255.000000,1598,False,15,4,1640,0.840155,4.84081,0,0.012542,1641 1640 1639 -1
GCP,adapt_p70-52877936550931_a213-75_431_map.h5,8.76703,10,193,395,19.471220:213.750000,1205,True,29,5,1268,0.84846,7.4037,0,0.0127699,1207 1269 1268 1205 -1
GCP,adapt_p80-40593177313954_a270-0_359_map.h5,5.82128,10,290,1489,9.594069:270.000000,1084,True,20,4,1083,0.886569,4.83229,0,0.0125238,1149 1083 1084 -1
GCP,adapt_p70-52877936550931_a33-75_168_map.h5,6.86236,10,484,1101,19.471220:33.750000,1173,True,13,5,1173,0.847578,5.90318,0,0.0124537,1174 1174 1237 1173 -1
GCP,adapt_p35-659087696138755_a135-0_101_map.h5,7.86352,10,402,758,54.340912:135.000000,1583,True,15,5,1583,0.976709,7.48013,0,0.0122942,1584 1583 1582 1626 -1
GCP,adapt_p35-659087696138755_a344-99999999999994_491_map.h5,8.89879,10,737,356,54.340912:345.000000,1609,True,6,6,1609,0.999999,8.25018,0,0.0129976,1649 1649 1650 1609 1608 -1
GCP,adapt_p11-715852394892384_a135-0_91_map.h5,6.27803,10,126,1152,78.284149:135.000000,1770,False,113,2,1111,0,0.0135108,0,0.0135108,1729 -1
GCP,adapt_p48-18968510422141_a101-24999999999999_77_map.h5,6.84761,10,468,1209,41.810314:101.250000,1481,True,16,5,1428,0.864559,5.89305,0,0.0121766,1427 1427 1481 1428 -1
GCP,adapt_p70-52877936550931_a11-25_83_map.h5,7.87146,10,671,744,19.471220:11.250000,1169,True,12,5,1169,0.989028,5.89744,0,0.0123267,1232 1232 1169 1168 -1
GCP,adapt_p70-52877936550931_a348-74999999999994_5_map.h5,8.69637,10,207,343,19.471220:348.750000,1229,False,38,5,1096,0.48847,7.29377,0,0.0124359,1228 1163 1162 1096 -1
GCP,adapt_p80-40593177313954_a67-5_184_map.h5,5.82368,10,369,1415,9.594069:67.500000,1047,True,18,4,1047,0.786821,4.91678,0,0.0121338,1046 1047 1048 -1
GCP,adapt_p48-18968510422141_a11-25_156_map.h5,8.88423,10,710,376,41.810314:11.250000,1468,True,9,6,1413,0.999991,8.40935,0,0.0125548,1468 1468 1413 1414 1469 -1
GCP,adapt_p80-40593177313954_a247-49999999999997_47_map.h5,6.171,10,191,1094,9.594069:247.500000,1080,False,116,3,1446,0.254548,4.98462,0,0.0135697,1078 1446 -1
GCP,adapt_p23-556464309101234_a247-49999999999997_492_map.h5,6.69114,10,213,1167,66.443535:247.500000,1708,False,37,4,1676,0.518407,5.38409,0,0.0126783,1674 1676 1677 -1
GCP,adapt_p48-18968510422141_a191-25_105_map.h5,6.85239,10,436,1094,41.810314:191.250000,1494,True,16,4,1441,0.862454,4.79224,0,0.0123991,1442 1441 1494 -1
GCP,adapt_p23-556464309101234_a337-5_65_map.h5,8.89449,10,733,375,66.443535:337.500000,1716,True,8,6,1716,0.999717,8.45305,0,0.0123382,1717 1717 1684 1716 1742 -1
GCP,adapt_p80-40593177313954_a292-5_383_map.h5,8.87364,10,483,363,9.594069:292.500000,1088,True,12,6,1088,0.998748,8.30625,0,0.0121616,1154 1154 1155 1089 1088 -1
GCP,adapt_p60-00000000000001_a337-49999999999994_48_map.h5,4.60676,10,191,1857,30.000000:337.500000,1350,False,48,3,1293,0.206011,3.4377,0,0.0130675,1351 1293 -1
GCP,adapt_p60-00000000000001_a135-0_329_map.h5,6.84772,10,317,1194,30.000000:135.000000,1316,True,16,4,1316,0.900134,4.81698,0,0.0120814,1376 1375 1316 -1
GCP,adapt_p60-00000000000001_a337-49999999999994_361_map.h5,7.87608,10,384,772,30.000000:337.500000,1350,True,12,5,1351,0.959305,5.8986,0,0.0127167,1350 1350 1408 1351 -1
GCP,adapt_p23-556464309101234_a292-5_344_map.h5,8.75271,10,147,362,66.443535:292.500000,1712,False,33,5,1643,0.851951,7.23664,0,0.0131099,1600 1601 1602 1643 -1
GCP,adapt_p70-52877936550931_a326-24999999999994_14_map.h5,6.86446,10,445,1137,19.471220:326.250000,1225,True,13,4,1225,0.885417,4.88053,0,0.0123406,1224 1225 1288 -1
GCP,adapt_p35-659087696138755_a135-0_514_map.h5,8.87763,10,372,402,54.340912:135.000000,1583,True,11,6,1538,0.999848,8.21068,0,0.012153,1583 1583 1584 1538 1537 -1
GCP,adapt_p70-52877936550931_a213-75_418_map.h5,4.72524,10,216,1834,19.471220:213.750000,1205,False,34,3,1206,0.376215,3.28061,0,0.0125443,1143 1206 -1
GCP,adapt_p80-40593177313954_a180-0_222_map.h5,8.74433,10,168,390,9.594069:180.000000,1067,True,31,5,1065,0.741198,7.35714,0,0.0124682,1067 1066 998 1065 -1
GCP,adapt_p11-715852394892384_a45-0_289_map.h5,6.79002,10,193,1111,78.284149:45.000000,1766,False,26,4,1746,0.736201,4.73797,0,0.0127865,1719 1745 1746 -1
GCP,adapt_p35-659087696138755_a315-0_107_map.h5,6.84944,10,486,1100,54.340912:315.000000,1605,True,15,4,1605,0.844595,4.76842,0,0.0123892,1645 1646 1605 -1
GCP,adapt_p23-556464309101234_a337-5_30_map.h5,6.86634,10,499,1099,66.443535:337.500000,1716,False,12,5,1742,0.990598,5.75776,0,0.0124508,1764 1764 1742 1743 -1
GCP,adapt_p23-556464309101234_a202-5_291_map.h5,6.87462,10,441,1110,66.443535:202.500000,1704,True,13,4,1704,0.938461,4.95518,0,0.0121861,1731 1704 1705 -1
GCP,adapt_p23-556464309101234_a67-5_358_map.h5,8.80648,10,141,377,66.443535:67.500000,1693,True,25,5,1692,0.913465,7.19869,0,0.0123199,1657 1693 1692 1722 -1
GCP,adapt_p23-556464309101234_a67-5_248_map.h5,5.86131,10,330,1457,66.443535:67.500000,1693,True,14,4,1693,0.952763,4.8137,0,0.0125152,1657 1693 1692 -1
GCP,adapt_p60-00000000000001_a202-49999999999997_171_map.h5,4.57793,10,16,439,30.000000:202.500000,1328,False,696,2,1124,0,0.0584708,0,0.0584708,1017 -1
GCP,adapt_p48-18968510422141_a258-75_148_map.h5,5.8196,10,302,1499,41.810314:258.750000,1504,False,20,4,1452,0.675505,4.88062,0,0.0122315,1454 1453 1452 -1
GCP,adapt_p48-18968510422141_a123-74999999999999_492_map.h5,8.79935,10,183,404,41.810314:123.750000,1484,True,24,5,1484,0.907781,7.31306,0,0.0124621,1485 1484 1483 1430 -1
GCP,adapt_p70-52877936550931_a191-25_160_map.h5,8.83435,10,279,343,19.471220:191.250000,1201,True,18,6,1201,0.883082,8.22063,0,0.0124812,1136 1136 1201 1264 1263 -1
GCP,adapt_p70-52877936550931_a258-75_436_map.h5,6.81348,10,333,1086,19.471220:258.750000,1213,False,21,4,1149,0.883344,4.91139,0,0.0123226,1148 1149 1150 -1
GCP,adapt_p60-00000000000001_a45-0_145_map.h5,4.99218,10,159,1416,30.000000:45.000000,1301,False,139,2,1361,0,0.0143231,0,0.0143231,1368 -1
GCP,adapt_p35-659087696138755_a315-0_82_map.h5,7.8705,10,411,787,54.340912:315.000000,1605,True,12,5,1605,0.994782,5.77849,0,0.0123084,1646 1646 1605 1604 -1
GCP,adapt_p48-18968510422141_a348-74999999999994_444_map.h5,4.2833,10,90,1463,41.810314:348.750000,1517,False,254,3,1256,0.34396,3.74944,0,0.0183975,1059 1256 -1
GCP,adapt_p70-52877936550931_a191-25_270_map.h5,8.90237,10,692,387,19.471220:191.250000,1201,True,8,6,1201,0.999997,8.34017,0,0.0124316,1202 1202 1201 1136 1137 -1
GCP,adapt_p60-00000000000001_a22-5_217_map.h5,6.65916,10,149,1138,30.000000:22.500000,1298,False,41,4,1356,0.670296,5.46828,0,0.0126475,1299 1297 1356 -1
GCP,adapt_p35-659087696138755_a165-0_307_map.h5,8.8294,10,338,409,54.340912:165.000000,1587,True,19,6,1629,0.96859,8.21017,0,0.0123999,1667 1667 1629 1630 1587 -1
GCP,adapt_p80-40593177313954_a292-5_442_map.h5,5.43901,10,139,1562,9.594069:292.500000,1088,False,74,2,1078,0,0.0128044,0,0.0128044,1019 -1
GCP,adapt_p35-659087696138755_a75-0_67_map.h5,7.88958,10,566,734,54.340912:75.000000,1576,True,9,5,1576,0.999235,5.81103,0,0.0122867,1619 1619 1575 1576 -1
GCP,adapt_p35-659087696138755_a75-0_215_map.h5,7.85973,10,452,669,54.340912:75.000000,1576,True,11,5,1576,0.985187,5.82863,0,0.0120645,1529 1529 1576 1575 -1
GCP,adapt_p48-18968510422141_a191-25_232_map.h5,5.77944,10,304,1514,41.810314:191.250000,1494,True,29,4,1494,0.605282,5.37406,0,0.0123759,1492 1494 1441 -1
GCP,adapt_p80-40593177313954_a180-0_431_map.h5,6.84071,10,543,1121,9.594069:180.000000,1067,True,15,4,1067,0.879445,4.91675,0,0.0121108,1066 1067 1068 -1
GCP,adapt_p80-40593177313954_a22-5_208_map.h5,5.56691,10,65,1089,9.594069:22.500000,1038,False,212,3,1045,0.11235,5.40046,0,0.01668,1105 1045 -1
GCP,adapt_p60-00000000000001_a67-5_65_map.h5,8.87238,10,461,403,30.000000:67.500000,1305,True,12,6,1305,0.997623,8.24525,0,0.0124055,1364 1364 1365 1306 1305 -1
GCP,adapt_p70-52877936550931_a78-75_86_map.h5,8.82148,10,165,420,19.471220:78.750000,1181,False,21,5,1307,0.904524,7.3135,0,0.0123171,1366 1307 1244 1306 -1
GCP,adapt_p48-18968510422141_a236-25_125_map.h5,8.90165,10,749,366,41.810314:236.250000,1501,True,7,6,1500,0.999991,8.41027,0,0.0121538,1501 1501 1550 1500 1448 -1
GCP,adapt_p70-52877936550931_a348-74999999999994_355_map.h5,6.81349,10,335,1033,19.471220:348.750000,1229,True,21,4,1229,0.761567,4.89798,0,0.0123203,1164 1229 1165 -1
GCP,adapt_p48-18968510422141_a348-74999999999994_478_map.h5,6.49993,10,171,1085,41.810314:348.750000,1517,False,71,3,1516,0.288299,4.22058,0,0.0129035,1460 1516 -1
GCP,adapt_p60-00000000000001_a247-49999999999997_84_map.h5,8.83172,10,189,379,30.000000:247.500000,1335,True,22,5,1335,0.928363,7.39996,0,0.0120757,1334 1393 1335 1336 -1
GCP,adapt_p60-00000000000001_a270-0_398_map.h5,6.51505,10,161,1177,30.000000:270.000000,1339,False,66,4,1274,0.483465,5.38567,0,0.0127491,1394 1274 1273 -1
GCP,adapt_p35-659087696138755_a165-0_29_map.h5,7.88629,10,530,726,54.340912:165.000000,1587,False,10,5,1629,0.99915,5.81146,0,0.012492,1667 1667 1629 1630 -1
GCP,adapt_p70-52877936550931_a213-75_253_map.h5,8.47722,10,141,383,19.471220:213.750000,1205,True,67,4,1205,0.407161,7.36445,0,0.0125724,1200 1205 1269 -1
GCP,adapt_p70-52877936550931_a326-24999999999994_181_map.h5,6.33889,10,163,1084,19.471220:326.250000,1225,False,93,4,1227,0.32471,5.83383,0,0.0139205,1292 1227 1226 -1
GCP,adapt_p60-00000000000001_a202-49999999999997_177_map.h5,7.87669,10,738,759,30.000000:202.500000,1328,True,11,5,1328,0.96768,5.85122,0,0.0130895,1387 1387 1329 1328 -1
GCP,adapt_p11-715852394892384_a225-0_53_map.h5,2.99105,10,68,1492,78.284149:225.000000,1774,False,464,2,980,0,0.0325818,0,0.0325818,1381 -1
GCP,adapt_p80-40593177313954_a112-49999999999999_337_map.h5,6.81759,10,472,1112,9.594069:112.500000,1055,False,18,4,1122,0.779787,5.03671,0,0.0121961,1054 1121 1122 -1
GCP,adapt_p80-40593177313954_a315-0_499_map.h5,6.57348,10,82,759,9.594069:315.000000,1093,True,205,3,1093,0.237227,5.49249,0,0.0161909,1019 1093 -1
GCP,adapt_p60-00000000000001_a45-0_226_map.h5,8.80042,10,209,366,30.000000:45.000000,1301,False,25,5,1360,0.854589,7.24212,0,0.0124015,1358 1359 1360 1418 -1
GCP,adapt_p48-18968510422141_a146-25_39_map.h5,7.89366,10,709,769,41.810314:146.250000,1488,True,9,5,1488,0.999504,5.81933,0,0.0121356,1434 1434 1487 1488 -1
GCP,adapt_p60-00000000000001_a224-99999999999997_251_map.h5,6.57515,10,184,1138,30.000000:225.000000,1331,False,59,4,1447,0.504307,5.82684,0,0.012664,1594 1447 1448 -1
GCP,adapt_p23-556464309101234_a202-5_356_map.h5,7.87635,10,429,729,66.443535:202.500000,1704,True,10,5,1732,0.979621,7.2563,0,0.0124734,1705 1704 1732 1705 -1
GCP,adapt_p80-40593177313954_a157-5_381_map.h5,8.60617,10,156,357,9.594069:157.500000,1063,False,55,5,997,0.717187,7.81762,0,0.0126519,1066 997 1064 996 -1
GCP,adapt_p80-40593177313954_a180-0_427_map.h5,5.19968,10,115,1558,9.594069:180.000000,1067,False,108,2,982,0,0.0131733,0,0.0131733,1199 -1
GCP,adapt_p60-00000000000001_a112-49999999999999_28_map.h5,6.87112,10,640,1108,30.000000:112.500000,1313,False,12,5,1312,0.948272,5.86465,0,0.0126897,1249 1249 1312 1311 -1
GCP,adapt_p48-18968510422141_a78-75_255_map.h5,8.85665,10,348,363,41.810314:78.750000,1478,True,15,5,1478,0.957099,7.20466,0,0.0121759,1530 1478 1424 1425 -1
GCP,adapt_p48-18968510422141_a213-75_208_map.h5,8.88934,10,528,374,41.810314:213.750000,1497,False,10,5,1445,0.997856,5.88229,0,0.0124671,1446 1446 1445 1444 -1
GCP,adapt_p60-00000000000001_a337-49999999999994_299_map.h5,8.86368,10,400,400,30.000000:337.500000,1350,True,14,6,1350,0.997946,8.27941,0,0.0121377,1290 1290 1289 1350 1351 -1
GCP,adapt_p35-659087696138755_a255-00000000000003_138_map.h5,7.87585,10,513,726,54.340912:255.000000,1598,True,12,5,1640,0.99861,5.82663,0,0.0129602,1598 1598 1640 1639 -1
GCP,adapt_p35-659087696138755_a165-0_187_map.h5,7.51649,10,107,784,54.340912:165.000000,1587,False,69,4,1630,0.633728,5.41685,0,0.0133259,1666 1630 1588 -1
GCP,adapt_p35-659087696138755_a195-0_421_map.h5,5.68324,10,130,1473,54.340912:195.000000,1590,False,40,4,1592,0.494699,5.35576,0,0.0125731,1671 1592 1593 -1
GCP,adapt_p70-52877936550931_a33-75_0_map.h5,6.83035,10,471,1104,19.471220:33.750000,1173,True,17,5,1173,0.86605,5.95134,0,0.0124627,1172 1172 1173 1237 -1
GCP,adapt_p80-40593177313954_a292-5_176_map.h5,8.84548,10,277,371,9.594069:292.500000,1088,True,15,6,1089,0.991182,8.35164,0,0.0123339,1022 1022 1089 1021 1088 -1
GCP,adapt_p80-40593177313954_a202-49999999999997_39_map.h5,6.87253,10,635,1124,9.594069:202.500000,1072,True,12,5,1071,0.998892,5.91131,0,0.0122708,1004 1004 1072 1071 -1
GCP,adapt_p35-659087696138755_a344-99999999999994_92_map.h5,7.8482,10,382,788,54.340912:345.000000,1609,True,16,5,1608,0.973707,7.22477,0,0.0126103,1650 1649 1608 1609 -1
GCP,adapt_p80-40593177313954_a135-0_259_map.h5,6.552,10,194,1075,9.594069:135.000000,1059,False,55,4,1253,0.599149,5.35185,0,0.0128067,1123 1252 1253 -1
GCP,adapt_p23-556464309101234_a22-5_394_map.h5,6.45306,10,142,1138,66.443535:22.500000,1689,False,70,4,1613,0.591973,5.31982,0,0.0127296,1719 1652 1613 -1
GCP,adapt_p70-52877936550931_a168-74999999999997_67_map.h5,6.8,10,331,1095,19.471220:168.750000,1197,True,25,4,1197,0.842387,5.12076,0,0.012803,1261 1197 1196 -1
GCP,adapt_p70-52877936550931_a258-75_577_map.h5,2.66824,10,75,1844,19.471220:258.750000,1213,False,356,2,1667,0,0.0244662,0,0.0244662,1583 -1
GCP,adapt_p48-18968510422141_a236-25_439_map.h5,6.84395,10,531,1113,41.810314:236.250000,1501,False,16,4,1448,0.846226,4.86891,0,0.0128857,1447 1448 1391 -1
GCP,adapt_p23-556464309101234_a112-5_183_map.h5,8.88648,10,364,337,66.443535:112.500000,1697,True,10,6,1697,0.988485,8.14906,0,0.012337,1662 1662 1661 1696 1697 -1
GCP,adapt_p60-00000000000001_a180-0_185_map.h5,7.85192,10,325,791,30.000000:180.000000,1324,True,14,5,1324,0.935268,5.89282,0,0.0128994,1383 1383 1325 1324 -1
GCP,adapt_p80-40593177313954_a0-0_162_map.h5,7.40246,10,136,691,9.594069:0.000000,1034,False,91,4,1169,0.368912,5.33082,0,0.013356,1294 1232 1169 -1
GCP,adapt_p80-40593177313954_a112-49999999999999_14_map.h5,8.89338,10,614,367,9.594069:112.500000,1055,True,8,6,1055,0.997816,8.37328,0,0.0124077,987 987 988 1056 1055 -1
GCP,adapt_p48-18968510422141_a146-25_382_map.h5,7.8595,10,433,698,41.810314:146.250000,1488,True,13,5,1487,0.984978,7.2523,0,0.0123026,1435 1434 1487 1488 -1
GCP,adapt_p70-52877936550931_a326-24999999999994_48_map.h5,8.87605,10,383,374,19.471220:326.250000,1225,True,13,6,1225,0.985385,8.3235,0,0.0127425,1224 1224 1225 1288 1287 -1
GCP,adapt_p60-00000000000001_a157-5_158_map.h5,8.89022,10,547,327,30.000000:157.500000,1320,True,9,6,1320,0.998876,8.30146,0,0.0125836,1321 1321 1320 1379 1378 -1
GCP,adapt_p60-00000000000001_a112-49999999999999_46_map.h5,7.56767,10,198,722,30.000000:112.500000,1313,True,58,4,1313,0.650394,5.69016,0,0.0131477,1374 1313 1251 -1
GCP,adapt_p35-659087696138755_a224-99999999999997_571_map.h5,8.89406,10,785,396,54.340912:225.000000,1594,True,7,6,1636,0.999998,8.19812,0,0.0127561,1594 1594 1595 1637 1636 -1
GCP,adapt_p60-00000000000001_a135-0_568_map.h5,7.82402,10,400,729,30.000000:135.000000,1316,False,18,5,1375,0.930819,7.26026,0,0.0127815,1314 1315 1374 1375 -1
GCP,adapt_p70-52877936550931_a168-74999999999997_351_map.h5,7.86544,10,610,736,19.471220:168.750000,1197,True,13,5,1198,0.96111,7.24917,0,0.0123734,1260 1261 1198 1197 -1
GCP,adapt_p60-00000000000001_a22-5_81_map.h5,8.89658,10,763,374,30.000000:22.500000,1298,True,8,6,1298,0.99974,8.28369,0,0.0122135,1297 1297 1298 1235 1234 -1
GCP,adapt_p60-00000000000001_a224-99999999999997_241_map.h5,8.81729,10,251,355,30.000000:225.000000,1331,True,18,6,1390,0.946872,8.26438,0,0.0125231,1391 1391 1390 1332 1331 -1
GCP,adapt_p35-659087696138755_a105-0_102_map.h5,7.79765,10,222,753,54.340912:105.000000,1579,False,22,5,1623,0.848593,7.40695,0,0.0121417,1696 1662 1624 1623 -1
GCP,adapt_p48-18968510422141_a11-25_202_map.h5,8.84743,10,473,398,41.810314:11.250000,1468,True,11,6,1468,0.999497,8.27906,0,0.0123577,1413 1413 1414 1468 1469 -1
GCP,adapt_p35-659087696138755_a135-0_29_map.h5,8.89565,10,529,394,54.340912:135.000000,1583,True,8,6,1583,0.999563,8.48457,0,0.0121482,1626 1626 1584 1583 1582 -1
GCP,adapt_p60-00000000000001_a90-0_330_map.h5,8.50403,10,75,372,30.000000:90.000000,1309,False,68,5,983,0.647697,7.84898,0,0.0127839,1048 982 983 984 -1
GCP,adapt_p60-00000000000001_a0-0_84_map.h5,6.76664,10,498,1154,30.000000:0.000000,1294,False,25,4,1352,0.772595,4.83974,0,0.0121626,1291 1352 1410 -1
GCP,adapt_p60-00000000000001_a0-0_528_map.h5,6.7351,10,208,1103,30.000000:0.000000,1294,False,30,4,1231,0.637513,5.36362,0,0.0127187,1353 1231 1232 -1
GCP,adapt_p35-659087696138755_a315-0_493_map.h5,7.83166,10,305,679,54.340912:315.000000,1605,True,19,5,1605,0.864971,7.52569,0,0.0121836,1606 1605 1604 1561 -1
GCP,adapt_p70-52877936550931_a191-25_360_map.h5,5.8152,10,336,1493,19.471220:191.250000,1201,True,20,4,1201,0.726512,4.80873,0,0.0126138,1264 1201 1200 -1
GCP,adapt_p70-52877936550931_a168-74999999999997_441_map.h5,8.89196,10,647,341,19.471220:168.750000,1197,True,10,6,1197,0.998948,8.25139,0,0.0128364,1261 1261 1260 1197 1198 -1
GCP,adapt_p35-659087696138755_a195-0_490_map.h5,8.88926,10,539,366,54.340912:195.000000,1590,True,9,6,1591,0.99996,8.2339,0,0.0125406,1545 1545 1546 1591 1590 -1
GCP,adapt_p23-556464309101234_a247-49999999999997_461_map.h5,5.4171,10,99,1467,66.443535:247.500000,1708,False,81,4,1678,0.371048,5.39355,0,0.0127097,1761 1711 1678 -1
GCP,adapt_p70-52877936550931_a326-24999999999994_516_map.h5,6.80203,10,560,1073,19.471220:326.250000,1225,False,18,4,1227,0.798354,5.33923,0,0.0127578,1161 1227 1163 -1
GCP,adapt_p48-18968510422141_a303-75_300_map.h5,7.89065,10,731,716,41.810314:303.750000,1510,True,10,5,1510,0.940142,7.45388,0,0.0121616,1511 1510 1458 1511 -1
GCP,adapt_p23-556464309101234_a157-5_210_map.h5,6.86753,10,474,1095,66.443535:157.500000,1701,False,13,4,1700,0.70956,4.88055,0,0.012266,1728 1729 1700 -1
GCP,adapt_p80-40593177313954_a315-0_361_map.h5,6.41502,10,261,1110,9.594069:315.000000,1093,False,83,3,1153,0.29662,4.63579,0,0.0127781,1148 1153 -1
GCP,adapt_p35-659087696138755_a344-99999999999994_26_map.h5,7.76245,10,307,782,54.340912:345.000000,1609,False,20,5,1649,0.878908,7.16304,0,0.0123493,1684 1648 1649 1608 -1
GCP,adapt_p80-40593177313954_a90-0_315_map.h5,5.76432,10,426,1493,9.594069:90.000000,1051,True,25,4,1052,0.654596,4.91715,0,0.0125061,1053 1052 1051 -1
GCP,adapt_p48-18968510422141_a123-74999999999999_96_map.h5,8.89791,10,701,355,41.810314:123.750000,1484,True,8,6,1430,0.999931,8.34533,0,0.0128955,1431 1431 1485 1484 1430 -1
GCP,adapt_p70-52877936550931_a303-75_332_map.h5,8.88276,10,635,411,19.471220:303.750000,1221,True,10,6,1221,0.999524,8.27301,0,0.0120283,1222 1222 1221 1156 1157 -1
GCP,adapt_p60-00000000000001_a180-0_295_map.h5,6.87652,10,438,1093,30.000000:180.000000,1324,False,13,4,1383,0.87315,4.79194,0,0.0122927,1439 1382 1383 -1
GCP,adapt_p70-52877936550931_a146-25_116_map.h5,7.87572,10,508,744,19.471220:146.250000,1193,True,12,5,1193,0.984323,5.92171,0,0.0120829,1194 1194 1128 1193 -1
GCP,adapt_p60-00000000000001_a247-49999999999997_383_map.h5,7.85657,10,510,718,30.000000:247.500000,1335,True,16,5,1335,0.899603,7.22411,0,0.012245,1274 1335 1393 1392 -1
GCP,adapt_p70-52877936550931_a33-75_38_map.h5,7.86469,10,485,779,19.471220:33.750000,1173,True,14,5,1173,0.931286,7.31706,0,0.0121126,1172 1173 1236 1237 -1
GCP,adapt_p11-715852394892384_a225-0_257_map.h5,6.72124,10,185,1103,78.284149:225.000000,1774,False,42,4,1772,0.620264,4.82576,0,0.0125608,1756 1773 1772 -1
GCP,adapt_p80-40593177313954_a292-5_218_map.h5,8.85136,10,292,400,9.594069:292.500000,1088,False,16,6,1089,0.977475,8.30537,0,0.0124443,1154 1154 1155 1089 1090 -1
GCP,adapt_p70-52877936550931_a78-75_360_map.h5,8.81477,10,197,396,19.471220:78.750000,1181,True,26,5,1114,0.842111,7.47025,0,0.0130448,1181 1114 1048 1047 -1
GCP,adapt_p70-52877936550931_a236-25_75_map.h5,6.88363,10,643,1061,19.471220:236.250000,1209,True,10,5,1210,0.993698,5.82289,0,0.0121648,1273 1273 1210 1209 -1
GCP,adapt_p11-715852394892384_a225-0_381_map.h5,7.87975,10,684,721,78.284149:225.000000,1774,True,10,5,1774,0.963404,7.11808,0,0.0130535,1788 1775 1774 1788 -1
GCP,adapt_p60-00000000000001_a22-5_229_map.h5,8.87633,10,547,369,30.000000:22.500000,1298,True,8,6,1357,0.999715,8.29745,0,0.0124579,1297 1297 1298 1357 1356 -1
GCP,adapt_p35-659087696138755_a285-0_191_map.h5,7.85436,10,415,759,54.340912:285.000000,1601,True,16,5,1509,0.952948,7.5953,0,0.0124589,1601 1558 1509 1508 -1
GCP,adapt_p80-40593177313954_a67-5_409_map.h5,6.85596,10,492,1164,9.594069:67.500000,1047,True,13,4,1047,0.837392,4.91096,0,0.0128145,1048 1047 979 -1
GCP,adapt_p35-659087696138755_a135-0_134_map.h5,8.83459,10,255,355,54.340912:135.000000,1583,False,16,5,1581,0.967157,7.28232,0,0.012216,1536 1582 1625 1581 -1
GCP,adapt_p70-52877936550931_a236-25_497_map.h5,8.80763,10,255,364,19.471220:236.250000,1209,True,24,5,1144,0.927366,7.2736,0,0.0121673,1210 1209 1144 1143 -1
GCP,adapt_p35-659087696138755_a105-0_340_map.h5,6.85569,10,447,1128,54.340912:105.000000,1579,True,13,4,1579,0.953651,4.91585,0,0.012134,1532 1579 1580 -1
GCP,adapt_p35-659087696138755_a75-0_165_map.h5,8.90467,10,766,383,54.340912:75.000000,1576,True,6,6,1576,0.999999,8.41894,0,0.0121376,1575 1575 1529 1576 1619 -1
GCP,adapt_p60-00000000000001_a202-49999999999997_510_map.h5,8.81356,10,276,381,30.000000:202.500000,1328,True,19,6,1328,0.85414,8.41297,0,0.0132489,1387 1387 1386 1328 1267 -1
GCP,adapt_p48-18968510422141_a146-25_578_map.h5,7.87845,10,485,770,41.810314:146.250000,1488,True,12,5,1435,0.984892,7.3432,0,0.0123503,1434 1435 1488 1434 -1
GCP,adapt_p70-52877936550931_a168-74999999999997_548_map.h5,8.89941,10,782,327,19.471220:168.750000,1197,True,11,6,1197,0.999949,8.25259,0,0.0123779,1261 1261 1198 1132 1197 -1
GCP,adapt_p70-52877936550931_a11-25_69_map.h5,8.85305,10,477,340,19.471220:11.250000,1169,True,17,5,1103,0.972243,7.338,0,0.0127735,1170 1169 1103 1102 -1
GCP,adapt_p48-18968510422141_a236-25_479_map.h5,8.49597,10,131,354,41.810314:236.250000,1501,True,67,5,1500,0.530246,7.60427,0,0.0128535,1552 1501 1500 1499 -1
GCP,adapt_p80-40593177313954_a337-49999999999994_143_map.h5,6.63765,10,157,1094,9.594069:337.500000,1097,False,47,4,1096,0.497988,5.48456,0,0.0131663,1164 1162 1096 -1
GCP,adapt_p48-18968510422141_a326-24999999999994_495_map.h5,6.80054,10,199,1091,41.810314:326.250000,1514,True,21,4,1513,0.793645,5.17705,0,0.0122855,1564 1514 1513 -1
GCP,adapt_p35-659087696138755_a14-999999999999998_122_map.h5,5.76465,10,277,1500,54.340912:15.000000,1568,False,24,4,1569,0.740743,5.01372,0,0.0121494,1615 1570 1569 -1
GCP,adapt_p80-40593177313954_a0-0_52_map.h5,6.85006,10,437,1111,9.594069:0.000000,1034,True,15,5,1034,0.933093,5.91178,0,0.0127348,1033 1033 1034 1035 -1
GCP,adapt_p60-00000000000001_a224-99999999999997_470_map.h5,6.86066,10,595,1090,30.000000:225.000000,1331,True,13,5,1331,0.962496,5.83332,0,0.0121534,1389 1389 1331 1332 -1
GCP,adapt_p60-00000000000001_a90-0_7_map.h5,5.74382,10,113,1185,30.000000:90.000000,1309,False,185,3,1115,0.220869,4.77031,0,0.0158398,1477 1115 -1
GCP,adapt_p80-40593177313954_a315-0_226_map.h5,6.85896,10,551,1069,9.594069:315.000000,1093,True,14,4,1092,0.949483,4.96245,0,0.0128488,1157 1092 1093 -1
GCP,adapt_p80-40593177313954_a112-49999999999999_585_map.h5,8.77053,10,195,321,9.594069:112.500000,1055,True,29,5,1056,0.815434,7.35696,0,0.0122895,1055 1056 989 1057 -1
GCP,adapt_p48-18968510422141_a348-74999999999994_90_map.h5,5.81765,10,335,1476,41.810314:348.750000,1517,True,18,4,1465,0.714398,4.85639,0,0.0121528,1517 1465 1466 -1
GCP,adapt_p70-52877936550931_a123-74999999999999_363_map.h5,8.89974,10,551,356,19.471220:123.750000,1189,True,9,6,1190,0.999248,8.27904,0,0.0120352,1189 1189 1190 1124 1123 -1
GCP,adapt_p60-00000000000001_a90-0_255_map.h5,7.89929,10,762,693,30.000000:90.000000,1309,True,8,5,1368,0.999831,6.00439,0,0.0125174,1309 1309 1368 1310 -1
GCP,adapt_p35-659087696138755_a165-0_7_map.h5,6.88078,10,524,1119,54.340912:165.000000,1587,True,10,5,1587,0.998997,5.82857,0,0.0119963,1541 1541 1587 1586 -1
GCP,adapt_p35-659087696138755_a135-0_538_map.h5,7.86643,10,482,780,54.340912:135.000000,1583,True,13,5,1583,0.995816,7.1923,0,0.0123823,1625 1626 1583 1582 -1
GCP,adapt_p11-715852394892384_a225-0_546_map.h5,8.89567,10,554,405,78.284149:225.000000,1774,True,10,6,1758,0.999724,8.13559,0,0.0121352,1775 1775 1758 1757 1774 -1
GCP,adapt_p80-40593177313954_a67-5_39_map.h5,8.22594,10,79,383,9.594069:67.500000,1047,False,111,5,1045,0.558884,7.75509,0,0.0137486,910 1045 1046 1112 -1
GCP,adapt_p48-18968510422141_a258-75_152_map.h5,5.67353,10,241,1529,41.810314:258.750000,1504,True,39,4,1504,0.543581,4.93347,0,0.0122808,1505 1504 1553 -1
GCP,adapt_p60-00000000000001_a315-0_315_map.h5,6.82315,10,293,1097,30.000000:315.000000,1346,True,21,4,1346,0.749162,4.82805,0,0.0126633,1404 1346 1345 -1
GCP,adapt_p48-18968510422141_a213-75_4_map.h5,8.81906,10,206,416,41.810314:213.750000,1497,False,21,5,1498,0.780284,7.49491,0,0.0127434,1548 1499 1498 1445 -1
GCP,adapt_p70-52877936550931_a348-74999999999994_319_map.h5,8.88575,10,626,337,19.471220:348.750000,1229,True,10,6,1229,0.998954,8.36384,0,0.0130595,1228 1228 1229 1165 1230 -1
GCP,adapt_p48-18968510422141_a101-24999999999999_405_map.h5,7.89227,10,607,727,41.810314:101.250000,1481,True,8,5,1428,0.98838,7.33427,0,0.0125046,1481 1482 1428 1481 -1
GCP,adapt_p60-00000000000001_a315-0_406_map.h5,8.74817,10,179,373,30.000000:315.000000,1346,False,27,5,1347,0.750764,7.28114,0,0.0126328,1461 1405 1347 1404 -1
GCP,adapt_p23-556464309101234_a67-5_197_map.h5,6.8569,10,303,1107,66.443535:67.500000,1693,False,15,4,1721,0.636753,4.75914,0,0.0128953,1692 1691 1721 -1
GCP,adapt_p48-18968510422141_a191-25_252_map.h5,6.78846,10,214,1125,41.810314:191.250000,1494,True,26,4,1544,0.661344,5.10283,0,0.0123589,1440 1494 1544 -1
GCP,adapt_p70-52877936550931_a101-24999999999999_79_map.h5,6.86036,10,569,1121,19.471220:101.250000,1185,True,12,5,1185,0.909428,5.71864,0,0.0124498,1248 1248 1185 1119 -1
GCP,adapt_p80-40593177313954_a45-0_152_map.h5,8.84209,10,276,406,9.594069:45.000000,1042,False,18,5,1044,0.98027,7.35538,0,0.0127213,977 1044 1110 1043 -1
GCP,adapt_p35-659087696138755_a344-99999999999994_586_map.h5,6.8573,10,445,1095,54.340912:345.000000,1609,False,12,5,1649,0.956196,5.80217,0,0.0124943,1608 1608 1649 1650 -1
GCP,adapt_p35-659087696138755_a285-0_522_map.h5,7.87749,10,495,803,54.340912:285.000000,1601,True,10,5,1643,0.98313,5.8286,0,0.0123401,1601 1601 1642 1643 -1
GCP,adapt_p70-52877936550931_a281-24999999999994_570_map.h5,8.88698,10,500,377,19.471220:281.250000,1217,True,12,6,1217,0.998471,8.26144,0,0.012805,1153 1153 1152 1217 1218 -1
GCP,adapt_p35-659087696138755_a255-00000000000003_206_map.h5,6.77066,10,265,1163,54.340912:255.000000,1598,False,27,4,1676,0.68641,4.74842,0,0.0121424,1708 1709 1676 -1
GCP,adapt_p35-659087696138755_a165-0_557_map.h5,6.87465,10,472,1073,54.340912:165.000000,1587,True,11,4,1586,0.841996,4.80976,0,0.0121564,1587 1586 1629 -1
GCP,adapt_p80-40593177313954_a45-0_584_map.h5,5.61802,10,57,1129,9.594069:45.000000,1042,False,191,4,1178,0.316983,5.39068,0,0.0156287,1303 1177 1178 -1
GCP,adapt_p70-52877936550931_a146-25_41_map.h5,8.8967,10,783,370,19.471220:146.250000,1193,True,9,6,1192,0.9987,8.62756,0,0.0120948,1255 1255 1193 1192 1191 -1
GCP,adapt_p60-00000000000001_a67-5_84_map.h5,7.83211,10,261,737,30.000000:67.500000,1305,True,20,5,1305,0.833677,7.15559,0,0.0127129,1243 1306 1305 1364 -1
GCP,adapt_p80-40593177313954_a315-0_210_map.h5,8.88167,10,452,365,9.594069:315.000000,1093,False,12,6,1092,0.998927,8.31795,0,0.0121267,1157 1157 1158 1092 1091 -1
GCP,adapt_p60-00000000000001_a112-49999999999999_174_map.h5,7.83158,10,206,757,30.000000:112.500000,1313,False,17,5,1371,0.865312,7.29454,0,0.0122194,1372 1371 1429 1428 -1
GCP,adapt_p60-00000000000001_a45-0_548_map.h5,7.86054,10,384,772,30.000000:45.000000,1301,True,13,5,1360,0.960592,7.34973,0,0.0122784,1301 1361 1360 1418 -1
GCP,adapt_p23-556464309101234_a247-49999999999997_28_map.h5,8.71445,10,142,388,66.443535:247.500000,1708,False,40,5,1736,0.642112,7.10268,0,0.0133506,1758 1759 1736 1737 -1
GCP,adapt_p80-40593177313954_a90-0_598_map.h5,8.8987,10,579,339,9.594069:90.000000,1051,True,10,6,1051,0.999595,8.28368,0,0.0121174,1050 1050 1051 1052 1118 -1
GCP,adapt_p70-52877936550931_a101-24999999999999_594_map.h5,7.85444,10,300,724,19.471220:101.250000,1185,False,16,5,1311,0.962553,7.29114,0,0.0123625,1310 1311 1248 1249 -1
GCP,adapt_p60-00000000000001_a224-99999999999997_8_map.h5,7.03576,10,60,393,30.000000:225.000000,1331,False,312,3,1279,0.120849,6.83525,0,0.0208977,1207 1279 -1
GCP,adapt_p23-556464309101234_a22-5_282_map.h5,6.84899,10,441,1078,66.443535:22.500000,1689,True,16,4,1689,0.9137,4.76463,0,0.0128334,1652 1653 1689 -1
GCP,adapt_p35-659087696138755_a45-0_494_map.h5,8.90523,10,777,371,54.340912:45.000000,1572,True,6,6,1572,0.999999,8.19464,0,0.0125629,1571 1571 1572 1616 1615 -1
GCP,adapt_p60-00000000000001_a292-5_100_map.h5,6.83727,10,561,1088,30.000000:292.500000,1343,False,15,4,1281,0.740442,4.8005,0,0.0125489,1282 1281 1342 -1
GCP,adapt_p70-52877936550931_a33-75_489_map.h5,7.78528,10,194,720,19.471220:33.750000,1173,True,27,5,1107,0.872799,7.30064,0,0.0125233,1174 1173 1107 1106 -1
GCP,adapt_p70-52877936550931_a11-25_520_map.h5,6.83449,10,359,1100,19.471220:11.250000,1169,False,19,4,1233,0.769095,4.89457,0,0.0123052,1234 1233 1232 -1
GCP,adapt_p70-52877936550931_a11-25_449_map.h5,8.7993,10,449,390,19.471220:11.250000,1169,True,14,5,1169,0.927037,7.31956,0,0.0125378,1103 1169 1232 1168 -1
GCP,adapt_p35-659087696138755_a315-0_302_map.h5,6.84786,10,495,1099,54.340912:315.000000,1605,True,15,4,1605,0.922859,4.77838,0,0.012852,1561 1605 1604 -1
GCP,adapt_p60-00000000000001_a22-5_153_map.h5,6.83938,10,554,1122,30.000000:22.500000,1298,True,14,4,1298,0.781075,4.85829,0,0.0124158,1299 1298 1357 -1
GCP,adapt_p80-40593177313954_a45-0_170_map.h5,8.76859,10,172,371,9.594069:45.000000,1042,True,26,5,974,0.733968,7.35685,0,0.0121968,1040 1041 974 1042 -1
GCP,adapt_p48-18968510422141_a168-74999999999997_276_map.h5,8.84637,10,338,386,41.810314:168.750000,1491,True,19,5,1438,0.940467,7.21757,0,0.0124209,1490 1491 1438 1439 -1
GCP,adapt_p60-00000000000001_a45-0_519_map.h5,8.70588,10,189,366,30.000000:45.000000,1301,False,38,5,1300,0.804151,7.386,0,0.0129217,1236 1300 1359 1360 -1
GCP,adapt_p60-00000000000001_a202-49999999999997_292_map.h5,6.73679,10,349,1065,30.000000:202.500000,1328,False,30,4,1327,0.626333,4.80615,0,0.0129897,1264 1326 1327 -1
GCP,adapt_p48-18968510422141_a33-75_163_map.h5,8.88878,10,535,306,41.810314:33.750000,1471,True,11,6,1471,0.999241,8.2388,0,0.0130265,1416 1416 1417 1471 1470 -1
GCP,adapt_p48-18968510422141_a123-74999999999999_482_map.h5,8.88148,10,616,368,41.810314:123.750000,1484,True,11,6,1484,0.999722,8.30214,0,0.0123222,1485 1485 1484 1431 1430 -1
GCP,adapt_p48-18968510422141_a11-25_137_map.h5,5.70727,10,161,1472,41.810314:11.250000,1468,False,42,4,1416,0.596529,4.88898,0,0.0125439,1298 1358 1416 -1
GCP,adapt_p48-18968510422141_a303-75_485_map.h5,7.83446,10,240,712,41.810314:303.750000,1510,False,19,5,1459,0.926063,7.43239,0,0.012363,1403 1458 1459 1511 -1
GCP,adapt_p48-18968510422141_a281-24999999999994_194_map.h5,6.79052,10,193,1169,41.810314:281.250000,1507,False,27,4,1455,0.801946,4.88067,0,0.0122828,1457 1456 1455 -1
GCP,adapt_p60-00000000000001_a45-0_451_map.h5,7.89557,10,691,780,30.000000:45.000000,1301,True,7,5,1301,0.996598,7.41209,0,0.0122297,1302 1301 1238 1302 -1
GCP,adapt_p23-556464309101234_a67-5_380_map.h5,7.87936,10,436,682,66.443535:67.500000,1693,True,10,5,1722,0.949901,7.24627,0,0.01243,1693 1692 1722 1693 -1
GCP,adapt_p60-00000000000001_a224-99999999999997_442_map.h5,6.84528,10,521,1182,30.000000:225.000000,1331,False,14,4,1332,0.856557,4.78142,0,0.0125296,1270 1332 1390 -1
GCP,adapt_p80-40593177313954_a135-0_462_map.h5,8.8852,10,428,362,9.594069:135.000000,1059,True,10,6,1059,0.993216,8.63919,0,0.0125652,1125 1125 1060 1059 1058 -1
GCP,adapt_p60-00000000000001_a180-0_113_map.h5,6.11353,10,94,1175,30.000000:180.000000,1324,True,124,4,1324,0.38896,5.41575,0,0.0143233,1438 1323 1324 -1
GCP,adapt_p80-40593177313954_a45-0_441_map.h5,6.8587,10,423,1105,9.594069:45.000000,1042,True,15,5,1042,0.989361,5.86487,0,0.0120891,1109 1109 1043 1042 -1
GCP,adapt_p80-40593177313954_a67-5_154_map.h5,3.52208,10,151,1936,9.594069:67.500000,1047,False,186,2,1440,0,0.015585,0,0.015585,1631 -1
GCP,adapt_p60-00000000000001_a157-5_451_map.h5,8.87065,10,443,338,30.000000:157.500000,1320,True,12,6,1320,0.984493,8.43919,0,0.0121573,1379 1379 1321 1320 1378 -1
GCP,adapt_p80-40593177313954_a224-99999999999997_170_map.h5,8.8544,10,404,399,9.594069:225.000000,1076,True,16,6,1077,0.956939,8.3517,0,0.0123965,1010 1010 1077 1009 1076 -1
GCP,adapt_p60-00000000000001_a315-0_140_map.h5,5.81602,10,340,1434,30.000000:315.000000,1346,False,21,4,1403,0.7723,5.01511,0,0.012761,1458 1403 1345 -1
GCP,adapt_p70-52877936550931_a56-24999999999999_336_map.h5,7.87993,10,573,733,19.471220:56.250000,1177,True,10,5,1241,0.9454,7.3646,0,0.0128596,1177 1178 1241 1177 -1
GCP,adapt_p80-40593177313954_a67-5_198_map.h5,7.85871,10,473,779,9.594069:67.500000,1047,True,15,5,1046,0.979127,7.4316,0,0.012071,1047 1046 1045 1112 -1
GCP,adapt_p70-52877936550931_a191-25_408_map.h5,7.87125,10,452,735,19.471220:191.250000,1201,True,12,5,1201,0.925163,5.80932,0,0.0125529,1264 1264 1201 1200 -1
GCP,adapt_p11-715852394892384_a135-0_440_map.h5,8.88934,10,628,361,78.284149:135.000000,1770,True,8,6,1771,0.996325,8.10431,0,0.0124568,1752 1752 1771 1770 1751 -1
GCP,adapt_p48-18968510422141_a78-75_202_map.h5,7.86964,10,503,729,41.810314:78.750000,1478,True,11,5,1478,0.973725,7.36302,0,0.012131,1425 1424 1478 1425 -1
GCP,adapt_p60-00000000000001_a90-0_395_map.h5,3.64633,10,96,1468,30.000000:90.000000,1309,False,339,2,1307,0,0.0230616,0,0.0230616,1455 -1
GCP,adapt_p60-00000000000001_a22-5_502_map.h5,7.86957,10,371,774,30.000000:22.500000,1298,True,15,5,1234,0.875163,7.29517,0,0.0122317,1235 1234 1297 1298 -1
GCP,adapt_p35-659087696138755_a105-0_296_map.h5,7.88277,10,599,751,54.340912:105.000000,1579,True,10,5,1580,0.978139,7.31043,0,0.0130258,1579 1580 1623 1579 -1
GCP,adapt_p35-659087696138755_a14-999999999999998_485_map.h5,7.86823,10,413,712,54.340912:15.000000,1568,True,13,5,1613,0.983216,7.22678,0,0.0125652,1612 1613 1569 1568 -1
GCP,adapt_p80-40593177313954_a315-0_114_map.h5,8.89058,10,563,378,9.594069:315.000000,1093,True,8,6,1025,0.993483,8.37336,0,0.0122307,1093 1093 1092 1025 1026 -1
GCP,adapt_p80-40593177313954_a67-5_44_map.h5,8.71954,10,164,387,9.594069:67.500000,1047,False,36,5,1044,0.710202,7.83153,0,0.0122646,1042 1110 1044 1045 -1
GCP,adapt_p23-556464309101234_a157-5_90_map.h5,6.7593,10,287,1132,66.443535:157.500000,1701,True,20,4,1700,0.744316,4.85151,0,0.0124947,1665 1700 1701 -1
GCP,adapt_p48-18968510422141_a303-75_117_map.h5,8.89521,10,662,365,41.810314:303.750000,1510,True,7,6,1458,0.999996,8.21935,0,0.0126093,1510 1510 1511 1459 1458 -1
GCP,adapt_p35-659087696138755_a135-0_51_map.h5,7.89792,10,690,789,54.340912:135.000000,1583,True,7,5,1583,0.999659,7.44497,0,0.0128634,1582 1583 1537 1582 -1
GCP,adapt_p11-715852394892384_a225-0_424_map.h5,8.87538,10,517,383,78.284149:225.000000,1774,True,13,6,1775,0.980585,8.10355,0,0.0124423,1757 1757 1774 1775 1788 -1
GCP,adapt_p60-00000000000001_a180-0_29_map.h5,6.88191,10,586,1089,30.000000:180.000000,1324,True,10,4,1324,0.991651,4.80221,0,0.0129021,1325 1324 1262 -1
GCP,adapt_p60-00000000000001_a22-5_482_map.h5,7.89124,10,647,761,30.000000:22.500000,1298,True,8,5,1357,0.990721,5.89976,0,0.0125486,1298 1298 1357 1297 -1
GCP,adapt_p60-00000000000001_a45-0_152_map.h5,8.74051,10,129,342,30.000000:45.000000,1301,True,35,5,1301,0.857089,7.25949,0,0.0122855,1362 1361 1360 1301 -1
GCP,adapt_p48-18968510422141_a56-24999999999999_28_map.h5,6.88031,10,540,1150,41.810314:56.250000,1475,True,9,4,1475,0.811526,4.78854,0,0.0124784,1420 1421 1475 -1
GCP,adapt_p35-659087696138755_a75-0_100_map.h5,8.85047,10,232,382,54.340912:75.000000,1576,False,16,6,1619,0.96299,8.22697,0,0.0123252,1574 1574 1575 1619 1618 -1
GCP,adapt_p80-40593177313954_a45-0_494_map.h5,6.49069,10,254,1117,9.594069:45.000000,1042,True,67,4,1042,0.640427,5.85668,0,0.0131141,1039 1108 1042 -1
GCP,adapt_p70-52877936550931_a146-25_185_map.h5,5.71016,10,225,1571,19.471220:146.250000,1193,True,37,4,1127,0.665853,5.10247,0,0.0126422,1255 1193 1127 -1
GCP,adapt_p35-659087696138755_a14-999999999999998_37_map.h5,6.20637,10,142,1164,54.340912:15.000000,1568,False,115,2,1521,0,0.0134622,0,0.0134622,1676 -1
GCP,adapt_p80-40593177313954_a22-5_96_map.h5,6.8624,10,459,1088,9.594069:22.500000,1038,True,15,5,1038,0.847217,5.90194,0,0.0123903,1039 1039 1105 1038 -1
GCP,adapt_p80-40593177313954_a90-0_0_map.h5,8.88559,10,477,406,9.594069:90.000000,1051,True,12,6,1117,0.997114,8.46686,0,0.0122182,1051 1051 1118 1117 1116 -1
GCP,adapt_p23-556464309101234_a67-5_244_map.h5,6.88117,10,561,1160,66.443535:67.500000,1693,True,9,5,1693,0.994413,5.81848,0,0.0126116,1658 1658 1657 1693 -1
GCP,adapt_p35-659087696138755_a165-0_587_map.h5,6.84837,10,444,1099,54.340912:165.000000,1587,False,15,4,1630,0.862164,4.83952,0,0.012439,1668 1630 1629 -1
GCP,adapt_p70-52877936550931_a281-24999999999994_407_map.h5,6.78549,10,233,1145,19.471220:281.250000,1217,False,23,4,1216,0.655313,4.72983,0,0.0123292,1151 1216 1279 -1
GCP,adapt_p80-40593177313954_a270-0_524_map.h5,5.2239,10,106,1478,9.594069:270.000000,1084,False,82,3,944,0.44875,3.07091,0,0.012909,942 944 -1
GCP,adapt_p23-556464309101234_a202-5_568_map.h5,8.82321,10,229,346,66.443535:202.500000,1704,False,21,5,1730,0.890121,7.36021,0,0.0125722,1754 1731 1730 1702 -1
GCP,adapt_p11-715852394892384_a315-0_317_map.h5,6.79079,10,246,1133,78.284149:315.000000,1778,False,28,4,1762,0.559977,5.27344,0,0.0129728,1791 1763 1762 -1
GCP,adapt_p35-659087696138755_a285-0_519_map.h5,8.76556,10,255,350,54.340912:285.000000,1601,False,28,5,1643,0.885263,7.20216,0,0.012246,1680 1679 1643 1642 -1
GCP,adapt_p23-556464309101234_a22-5_127_map.h5,6.86428,10,413,1099,66.443535:22.500000,1689,True,13,4,1689,0.893551,4.74853,0,0.0125153,1720 1690 1689 -1
GCP,adapt_p70-52877936550931_a258-75_292_map.h5,7.8123,10,249,760,19.471220:258.750000,1213,True,20,5,1213,0.892777,7.26044,0,0.0124758,1212 1213 1148 1149 -1
GCP,adapt_p48-18968510422141_a101-24999999999999_540_map.h5,3.51482,10,110,1838,41.810314:101.250000,1481,False,218,2,1581,0,0.0167368,0,0.0167368,1121 -1
GCP,adapt_p60-00000000000001_a135-0_370_map.h5,5.65844,10,254,1517,30.000000:135.000000,1316,False,45,4,1434,0.625996,5.41948,0,0.0123621,1432 1434 1377 -1
GCP,adapt_p48-18968510422141_a101-24999999999999_356_map.h5,8.88819,10,777,386,41.810314:101.250000,1481,True,8,6,1427,0.999972,8.28002,0,0.0126102,1481 1481 1482 1428 1427 -1
GCP,adapt_p48-18968510422141_a191-25_476_map.h5,5.85165,10,356,1507,41.810314:191.250000,1494,True,13,4,1494,0.910207,4.88637,0,0.0121523,1495 1545 1494 -1
GCP,adapt_p60-00000000000001_a0-0_107_map.h5,6.85199,10,499,1161,30.000000:0.000000,1294,True,13,4,1294,0.793696,4.90137,0,0.0128257,1231 1294 1295 -1
GCP,adapt_p23-556464309101234_a22-5_388_map.h5,7.70951,10,132,772,66.443535:22.500000,1689,False,40,5,1718,0.771692,7.2439,0,0.0122781,1717 1687 1718 1688 -1
GCP,adapt_p70-52877936550931_a191-25_404_map.h5,8.86108,10,309,401,19.471220:191.250000,1201,True,13,6,1200,0.97364,8.35178,0,0.0127459,1136 1136 1135 1200 1201 -1
GCP,adapt_p60-00000000000001_a315-0_336_map.h5,6.85529,10,490,1085,30.000000:315.000000,1346,True,12,5,1346,0.963437,5.80633,0,0.0125114,1285 1285 1346 1347 -1
GCP,adapt_p11-715852394892384_a135-0_419_map.h5,5.14268,10,127,1459,78.284149:135.000000,1770,False,133,3,1486,0.217214,3.38458,0,0.0140738,1317 1486 -1
GCP,adapt_p23-556464309101234_a22-5_228_map.h5,6.87856,10,557,1118,66.443535:22.500000,1689,True,12,4,1719,0.99379,4.75105,0,0.0122964,1720 1719 1689 -1
GCP,adapt_p48-18968510422141_a258-75_333_map.h5,6.80165,10,316,1100,41.810314:258.750000,1504,True,20,4,1504,0.839274,4.79941,0,0.0121458,1554 1504 1452 -1
GCP,adapt_p60-00000000000001_a337-49999999999994_110_map.h5,7.89623,10,786,731,30.000000:337.500000,1350,True,9,5,1350,0.999958,5.86375,0,0.0125653,1408 1408 1350 1351 -1
GCP,adapt_p80-40593177313954_a112-49999999999999_310_map.h5,8.70847,10,120,402,9.594069:112.500000,1055,False,39,5,989,0.69484,7.3661,0,0.0123372,1058 990 989 1056 -1
GCP,adapt_p60-00000000000001_a202-49999999999997_185_map.h5,7.87864,10,471,825,30.000000:202.500000,1328,True,10,5,1327,0.94944,7.54923,0,0.0121593,1328 1327 1265 1328 -1
GCP,adapt_p60-00000000000001_a135-0_438_map.h5,8.48019,10,138,355,30.000000:135.000000,1316,True,73,5,1316,0.472995,7.82965,0,0.0126277,1189 1315 1316 1317 -1
GCP,adapt_p60-00000000000001_a157-5_576_map.h5,6.85446,10,394,1116,30.000000:157.500000,1320,True,16,4,1258,0.673546,4.71582,0,0.0123361,1195 1258 1320 -1
GCP,adapt_p23-556464309101234_a157-5_141_map.h5,8.87139,10,311,388,66.443535:157.500000,1701,True,13,6,1701,0.995524,8.1583,0,0.0124093,1730 1730 1729 1701 1700 -1
GCP,adapt_p70-52877936550931_a281-24999999999994_128_map.h5,8.77245,10,267,403,19.471220:281.250000,1217,True,29,6,1217,0.795322,8.63909,0,0.0123663,1278 1278 1216 1217 1153 -1
GCP,adapt_p48-18968510422141_a11-25_152_map.h5,6.49781,10,198,1184,41.810314:11.250000,1468,True,65,4,1414,0.335755,5.82016,0,0.0130237,1232 1414 1468 -1
GCP,adapt_p48-18968510422141_a303-75_218_map.h5,8.89436,10,540,404,41.810314:303.750000,1510,True,7,6,1510,0.999998,8.21675,0,0.0124483,1511 1511 1510 1458 1459 -1
GCP,adapt_p48-18968510422141_a258-75_299_map.h5,5.74288,10,217,1538,41.810314:258.750000,1504,False,31,4,1452,0.762373,4.88132,0,0.0129334,1454 1453 1452 -1
GCP,adapt_p80-40593177313954_a67-5_132_map.h5,7.83536,10,406,803,9.594069:67.500000,1047,True,18,4,1047,0.770154,4.91059,0,0.0124295,979 1047 1046 -1
GCP,adapt_p11-715852394892384_a45-0_412_map.h5,5.85338,10,333,1489,78.284149:45.000000,1766,True,17,4,1766,0.835066,4.67627,0,0.0124392,1782 1766 1765 -1
GCP,adapt_p70-52877936550931_a191-25_48_map.h5,7.77363,10,230,762,19.471220:191.250000,1201,True,30,5,1201,0.764037,7.66614,0,0.0122003,1137 1201 1264 1263 -1
GCP,adapt_p23-556464309101234_a337-5_274_map.h5,5.83828,10,616,1394,66.443535:337.500000,1716,True,14,4,1716,0.902337,4.78312,0,0.0125272,1685 1717 1716 -1
GCP,adapt_p60-00000000000001_a157-5_599_map.h5,8.7635,10,209,423,30.000000:157.500000,1320,True,31,5,1322,0.892203,7.31273,0,0.012314,1379 1320 1321 1322 -1
GCP,adapt_p70-52877936550931_a11-25_429_map.h5,8.89334,10,550,319,19.471220:11.250000,1169,True,10,6,1169,0.999346,8.33922,0,0.0124862,1168 1168 1169 1232 1233 -1
GCP,adapt_p70-52877936550931_a78-75_141_map.h5,6.61503,10,251,1121,19.471220:78.750000,1181,False,46,4,1365,0.381884,5.90669,0,0.0127847,1178 1243 1365 -1
GCP,adapt_p60-00000000000001_a157-5_205_map.h5,6.82957,10,523,1130,30.000000:157.500000,1320,True,17,4,1321,0.680285,4.90709,0,0.0122322,1322 1321 1320 -1
GCP,adapt_p35-659087696138755_a224-99999999999997_168_map.h5,6.87964,10,545,1096,54.340912:225.000000,1594,True,10,5,1594,0.991616,5.78269,0,0.0121732,1550 1550 1595 1594 -1
GCP,adapt_p11-715852394892384_a225-0_118_map.h5,7.88646,10,766,754,78.284149:225.000000,1774,True,9,5,1775,0.960031,7.22154,0,0.0123252,1757 1774 1775 1757 -1
GCP,adapt_p11-715852394892384_a45-0_537_map.h5,7.86735,10,381,755,78.284149:45.000000,1766,True,13,5,1767,0.976297,7.04857,0,0.0124479,1783 1767 1766 1782 -1
GCP,adapt_p60-00000000000001_a157-5_87_map.h5,6.6004,10,131,1155,30.000000:157.500000,1320,False,46,4,1195,0.544966,5.04381,0,0.0134262,1062 1129 1195 -1
GCP,adapt_p80-40593177313954_a337-49999999999994_333_map.h5,6.88068,10,540,1181,9.594069:337.500000,1097,True,10,4,1097,0.828003,4.88787,0,0.0121146,1162 1163 1097 -1
GCP,adapt_p48-18968510422141_a123-74999999999999_515_map.h5,7.88264,10,462,743,41.810314:123.750000,1484,True,10,5,1484,0.996086,7.32841,0,0.0121757,1431 1484 1485 1431 -1
GCP,adapt_p35-659087696138755_a285-0_571_map.h5,5.73218,10,110,1235,54.340912:285.000000,1601,False,182,2,1225,0,0.0154749,0,0.0154749,1739 -1
GCP,adapt_p60-00000000000001_a157-5_94_map.h5,5.98361,10,97,1143,30.000000:157.500000,1320,False,148,3,1187,0.193596,3.93573,0,0.0141807,1428 1187 -1
GCP,adapt_p60-00000000000001_a270-0_298_map.h5,6.86929,10,508,1084,30.000000:270.000000,1339,True,12,5,1339,0.990256,5.83033,0,0.0124918,1278 1278 1339 1340 -1
GCP,adapt_p80-40593177313954_a224-99999999999997_410_map.h5,8.73742,10,143,374,9.594069:225.000000,1076,True,36,5,1077,0.721423,7.26309,0,0.0124127,1009 1076 1077 1143 -1
GCP,adapt_p70-52877936550931_a78-75_188_map.h5,7.67146,10,221,758,19.471220:78.750000,1181,True,44,5,1245,0.721552,7.51936,0,0.0123397,1116 1181 1244 1245 -1
GCP,adapt_p70-52877936550931_a11-25_29_map.h5,3.70258,10,148,1500,19.471220:11.250000,1169,False,333,2,1311,0,0.0231081,0,0.0231081,1585 -1
GCP,adapt_p80-40593177313954_a22-5_590_map.h5,8.84157,10,344,343,9.594069:22.500000,1038,True,17,6,1037,0.922567,8.37311,0,0.0122366,1038 1038 1037 969 970 -1
GCP,adapt_p70-52877936550931_a281-24999999999994_1_map.h5,7.84653,10,428,733,19.471220:281.250000,1217,True,18,5,1217,0.864234,7.2617,0,0.0122855,1154 1153 1218 1217 -1
GCP,adapt_p60-00000000000001_a180-0_332_map.h5,7.89179,10,671,761,30.000000:180.000000,1324,True,11,5,1324,0.998979,5.89303,0,0.0129961,1323 1323 1382 1324 -1
GCP,adapt_p80-40593177313954_a0-0_37_map.h5,8.77365,10,209,385,9.594069:0.000000,1034,False,25,5,1102,0.829135,7.36288,0,0.0121587,1103 1102 1101 1168 -1
GCP,adapt_p70-52877936550931_a213-75_377_map.h5,7.88454,10,703,767,19.471220:213.750000,1205,True,9,5,1140,0.998711,5.84751,0,0.012259,1205 1205 1140 1141 -1
GCP,adapt_p48-18968510422141_a33-75_319_map.h5,6.87064,10,584,1120,41.810314:33.750000,1471,True,11,5,1471,0.982698,5.79324,0,0.0121982,1523 1523 1471 1472 -1
GCP,adapt_p70-52877936550931_a78-75_527_map.h5,7.89555,10,722,786,19.471220:78.750000,1181,True,9,5,1181,0.994959,5.92334,0,0.0122566,1182 1182 1245 1181 -1
GCP,adapt_p80-40593177313954_a45-0_191_map.h5,8.83763,10,243,359,9.594069:45.000000,1042,False,21,5,1110,0.896747,7.22506,0,0.0121779,1176 1110 1109 1043 -1
GCP,adapt_p60-00000000000001_a112-49999999999999_537_map.h5,6.86051,10,491,1111,30.000000:112.500000,1313,True,13,4,1250,0.690825,4.87349,0,0.0132341,1313 1250 1249 -1
GCP,adapt_p70-52877936550931_a303-75_66_map.h5,6.85335,10,615,1120,19.471220:303.750000,1221,True,13,5,1220,0.939846,5.91998,0,0.0124346,1219 1219 1220 1221 -1
GCP,adapt_p48-18968510422141_a258-75_536_map.h5,7.86552,10,545,744,41.810314:258.750000,1504,True,12,5,1451,0.947257,5.91036,0,0.0122851,1503 1503 1451 1504 -1
GCP,adapt_p80-40593177313954_a0-0_157_map.h5,7.8627,10,581,716,9.594069:0.000000,1034,True,15,5,1034,0.921586,7.3505,0,0.0120998,1100 1033 1034 967 -1
GCP,adapt_p48-18968510422141_a258-75_494_map.h5,8.89248,10,709,341,41.810314:258.750000,1504,True,8,6,1504,0.999995,8.2585,0,0.0123069,1451 1451 1452 1504 1503 -1
GCP,adapt_p48-18968510422141_a33-75_403_map.h5,7.82661,10,329,705,41.810314:33.750000,1471,True,20,5,1417,0.8986,7.18547,0,0.0121824,1358 1416 1417 1471 -1
GCP,adapt_p48-18968510422141_a348-74999999999994_235_map.h5,6.82728,10,439,1167,41.810314:348.750000,1517,True,17,4,1518,0.695717,4.87977,0,0.0125373,1412 1518 1517 -1
GCP,adapt_p48-18968510422141_a168-74999999999997_135_map.h5,5.14423,10,126,1511,41.810314:168.750000,1491,False,120,3,1544,0.275901,4.21142,0,0.0136032,1498 1544 -1
GCP,adapt_p80-40593177313954_a157-5_110_map.h5,8.88789,10,515,379,9.594069:157.500000,1063,True,10,6,1064,0.999374,8.25974,0,0.0128888,1063 1063 1064 1130 1129 -1
GCP,adapt_p80-40593177313954_a180-0_515_map.h5,6.76976,10,213,1070,9.594069:180.000000,1067,False,28,4,1133,0.668263,4.89054,0,0.0120503,1198 1132 1133 -1
GCP,adapt_p70-52877936550931_a33-75_200_map.h5,6.83805,10,422,1109,19.471220:33.750000,1173,False,15,5,1171,0.969304,5.88213,0,0.0127858,1235 1235 1172 1171 -1
GCP,adapt_p48-18968510422141_a326-24999999999994_257_map.h5,5.49101,10,170,1486,41.810314:326.250000,1514,False,69,3,1403,0.3328,3.99705,0,0.0128105,1349 1403 -1
GCP,adapt_p80-40593177313954_a224-99999999999997_236_map.h5,8.88848,10,506,346,9.594069:225.000000,1076,True,10,6,1076,0.999514,8.41384,0,0.0123294,1077 1077 1142 1076 1075 -1
GCP,adapt_p70-52877936550931_a168-74999999999997_13_map.h5,7.52223,10,141,728,19.471220:168.750000,1197,True,59,4,1196,0.504747,5.48446,0,0.0125851,1323 1197 1196 -1
GCP,adapt_p23-556464309101234_a112-5_548_map.h5,6.81054,10,331,1181,66.443535:112.500000,1697,False,22,4,1726,0.768517,4.74537,0,0.0122599,1751 1726 1725 -1
GCP,adapt_p70-52877936550931_a33-75_125_map.h5,6.82018,10,323,1117,19.471220:33.750000,1173,False,19,4,1237,0.785624,4.89491,0,0.012647,1235 1236 1237 -1
GCP,adapt_p35-659087696138755_a195-0_581_map.h5,6.81063,10,278,1145,54.340912:195.000000,1590,True,18,4,1589,0.692667,4.86573,0,0.0121618,1590 1589 1631 -1
GCP,adapt_p35-659087696138755_a285-0_256_map.h5,7.80116,10,447,719,54.340912:285.000000,1601,True,20,5,1601,0.959183,7.75194,0,0.0126625,1506 1557 1601 1602 -1
GCP,adapt_p48-18968510422141_a258-75_478_map.h5,8.83622,10,182,403,41.810314:258.750000,1504,True,19,5,1554,0.897751,7.32927,0,0.0125822,1599 1554 1504 1553 -1
GCP,adapt_p35-659087696138755_a14-999999999999998_200_map.h5,7.81144,10,228,816,54.340912:15.000000,1568,True,22,5,1568,0.944131,7.23582,0,0.0123714,1613 1569 1568 1567 -1
GCP,adapt_p23-556464309101234_a22-5_442_map.h5,5.82351,10,458,1481,66.443535:22.500000,1689,True,17,4,1689,0.883092,4.76038,0,0.012291,1653 1689 1688 -1
GCP,adapt_p35-659087696138755_a255-00000000000003_358_map.h5,6.8705,10,631,1049,54.340912:255.000000,1598,True,13,5,1639,0.891579,5.88892,0,0.0123095,1597 1597 1639 1598 -1
GCP,adapt_p80-40593177313954_a180-0_25_map.h5,8.38103,10,100,418,9.594069:180.000000,1067,False,84,5,1197,0.655205,7.78299,0,0.012785,1129 1196 1197 1132 -1
GCP,adapt_p48-18968510422141_a11-25_2_map.h5,8.44075,10,89,379,41.810314:11.250000,1468,True,80,4,1289,0.428701,7.45882,0,0.0130873,1468 1350 1289 -1
GCP,adapt_p80-40593177313954_a157-5_292_map.h5,7.80333,10,462,732,9.594069:157.500000,1063,False,21,5,1066,0.852584,7.36988,0,0.0124643,1064 1065 1066 1067 -1
GCP,adapt_p48-18968510422141_a146-25_485_map.h5,8.88999,10,542,402,41.810314:146.250000,1488,True,9,6,1435,0.995093,8.3451,0,0.0128034,1434 1434 1488 1435 1436 -1
GCP,adapt_p11-715852394892384_a45-0_300_map.h5,6.86644,10,551,1150,78.284149:45.000000,1766,True,14,4,1766,0.95448,4.70515,0,0.0123473,1783 1767 1766 -1
GCP,adapt_p70-52877936550931_a213-75_537_map.h5,5.34873,10,119,1519,19.471220:213.750000,1205,False,90,3,1107,0.402104,3.35712,0,0.0130886,975 1107 -1
GCP,adapt_p60-00000000000001_a22-5_271_map.h5,6.70426,10,265,1103,30.000000:22.500000,1298,True,22,4,1298,0.719,4.85842,0,0.0125416,1299 1298 1357 -1
GCP,adapt_p35-659087696138755_a105-0_107_map.h5,6.86646,10,391,1009,54.340912:105.000000,1579,True,13,4,1622,0.906014,4.83628,0,0.0123338,1578 1579 1622 -1
GCP,adapt_p70-52877936550931_a348-74999999999994_461_map.h5,8.80564,10,232,365,19.471220:348.750000,1229,True,23,5,1229,0.792014,7.33443,0,0.0121565,1291 1229 1164 1165 -1
GCP,adapt_p23-556464309101234_a247-49999999999997_64_map.h5,5.59494,10,122,1493,66.443535:247.500000,1708,True,56,4,1708,0.569452,5.26783,0,0.0128867,1758 1708 1675 -1
GCP,adapt_p60-00000000000001_a157-5_365_map.h5,6.85362,10,527,1154,30.000000:157.500000,1320,True,13,4,1320,0.851479,4.81984,0,0.0121967,1258 1320 1319 -1
GCP,adapt_p11-715852394892384_a45-0_262_map.h5,6.67097,10,177,1095,78.284149:45.000000,1766,False,50,4,1767,0.518139,4.79749,0,0.0128461,1784 1768 1767 -1
GCP,adapt_p23-556464309101234_a247-49999999999997_419_map.h5,5.79625,10,77,1198,66.443535:247.500000,1708,False,178,3,1709,0.0955515,5.24193,0,0.0151381,1744 1709 -1
GCP,adapt_p80-40593177313954_a135-0_475_map.h5,4.59127,10,154,1860,9.594069:135.000000,1059,False,52,3,1127,0.421919,3.06239,0,0.0125606,1125 1127 -1
GCP,adapt_p48-18968510422141_a213-75_415_map.h5,7.87539,10,537,749,41.810314:213.750000,1497,True,12,5,1444,0.929762,7.35557,0,0.01239,1496 1497 1444 1496 -1
GCP,adapt_p70-52877936550931_a168-74999999999997_298_map.h5,7.86266,10,571,715,19.471220:168.750000,1197,True,12,5,1197,0.992437,5.88539,0,0.0121418,1131 1131 1197 1196 -1
GCP,adapt_p60-00000000000001_a315-0_496_map.h5,7.87526,10,566,760,30.000000:315.000000,1346,True,11,5,1346,0.99286,7.52116,0,0.012545,1347 1346 1285 1347 -1
GCP,adapt_p70-52877936550931_a146-25_512_map.h5,8.86742,10,350,396,19.471220:146.250000,1193,True,14,6,1128,0.997903,8.29528,0,0.012403,1193 1193 1127 1128 1129 -1
GCP,adapt_p35-659087696138755_a255-00000000000003_78_map.h5,3.54386,10,93,1459,54.340912:255.000000,1598,False,382,2,1675,0,0.0266998,0,0.0266998,1763 -1
GCP,adapt_p35-659087696138755_a195-0_329_map.h5,8.88541,10,492,348,54.340912:195.000000,1590,True,10,6,1633,0.998156,8.22799,0,0.0123818,1590 1590 1591 1633 1634 -1
GCP,adapt_p60-00000000000001_a224-99999999999997_545_map.h5,5.3807,10,125,1471,30.000000:225.000000,1331,False,87,3,1389,0.227288,4.64205,0,0.0131423,1137 1389 -1
GCP,adapt_p80-40593177313954_a67-5_546_map.h5,6.87214,10,634,1091,9.594069:67.500000,1047,True,12,5,1047,0.998273,5.84866,0,0.0126754,1113 1113 1047 1046 -1
GCP,adapt_p70-52877936550931_a326-24999999999994_252_map.h5,8.89523,10,693,348,19.471220:326.250000,1225,True,10,5,1225,0.998079,5.92013,0,0.012582,1224 1224 1225 1226 -1
GCP,adapt_p80-40593177313954_a337-49999999999994_449_map.h5,6.74865,10,157,754,9.594069:337.500000,1097,False,191,4,1650,0.495134,5.86464,0,0.0159831,1689 1611 1650 -1
GCP,adapt_p60-00000000000001_a112-49999999999999_557_map.h5,8.64098,10,152,376,30.000000:112.500000,1313,True,48,5,1251,0.653799,7.95558,0,0.0128373,1370 1313 1250 1251 -1
GCP,adapt_p80-40593177313954_a247-49999999999997_415_map.h5,8.84162,10,235,347,9.594069:247.500000,1080,False,19,5,1146,0.83971,7.2736,0,0.0121723,1145 1146 1147 1081 -1
GCP,adapt_p80-40593177313954_a202-49999999999997_253_map.h5,5.77138,10,354,1584,9.594069:202.500000,1072,False,25,4,1004,0.604915,5.37111,0,0.0124434,1002 1071 1004 -1
GCP,adapt_p23-556464309101234_a202-5_454_map.h5,6.73249,10,260,1175,66.443535:202.500000,1704,False,35,4,1706,0.726455,4.88524,0,0.0123074,1756 1733 1706 -1
GCP,adapt_p23-556464309101234_a292-5_566_map.h5,6.8711,10,456,1132,66.443535:292.500000,1712,True,12,5,1712,0.991456,5.85444,0,0.012681,1713 1713 1739 1712 -1
GCP,adapt_p70-52877936550931_a56-24999999999999_235_map.h5,5.83956,10,394,1506,19.471220:56.250000,1177,True,17,4,1110,0.710093,5.03048,0,0.0122514,1109 1110 1177 -1
GCP,adapt_p80-40593177313954_a224-99999999999997_505_map.h5,6.84853,10,398,1118,9.594069:225.000000,1076,True,14,4,1075,0.7733,4.90417,0,0.0122785,1076 1008 1075 -1
GCP,adapt_p48-18968510422141_a168-74999999999997_412_map.h5,7.80826,10,282,702,41.810314:168.750000,1491,False,23,5,1437,0.858385,7.14172,0,0.0125491,1381 1438 1437 1490 -1
GCP,adapt_p11-715852394892384_a225-0_254_map.h5,8.89356,10,692,358,78.284149:225.000000,1774,True,9,6,1774,0.989586,8.10686,0,0.0122408,1788 1788 1774 1773 1787 -1
GCP,adapt_p60-00000000000001_a247-49999999999997_94_map.h5,7.88251,10,510,780,30.000000:247.500000,1335,False,10,5,1394,0.942022,7.41891,0,0.0133036,1395 1394 1336 1395 -1
GCP,adapt_p70-52877936550931_a303-75_374_map.h5,8.71453,10,147,353,19.471220:303.750000,1221,False,39,5,1283,0.717914,7.43237,0,0.0122642,1156 1220 1283 1282 -1
GCP,adapt_p11-715852394892384_a45-0_136_map.h5,6.79247,10,274,1110,78.284149:45.000000,1766,False,27,4,1746,0.719729,4.73693,0,0.0123451,1747 1746 1745 -1
GCP,adapt_p48-18968510422141_a191-25_344_map.h5,6.85822,10,296,1109,41.810314:191.250000,1494,False,15,5,1544,0.938562,5.89769,0,0.0125819,1543 1543 1544 1493 -1
GCP,adapt_p23-556464309101234_a247-49999999999997_24_map.h5,6.87358,10,544,1147,66.443535:247.500000,1708,True,11,5,1709,0.983934,5.75492,0,0.0122434,1675 1675 1708 1709 -1
GCP,adapt_p35-659087696138755_a344-99999999999994_224_map.h5,8.90065,10,671,369,54.340912:345.000000,1609,True,6,6,1609,0.999999,8.24992,0,0.0121518,1608 1608 1609 1650 1649 -1
GCP,adapt_p48-18968510422141_a168-74999999999997_281_map.h5,5.76396,10,279,1550,41.810314:168.750000,1491,False,28,4,1382,0.735317,4.7982,0,0.0128599,1324 1382 1439 -1
GCP,adapt_p80-40593177313954_a315-0_354_map.h5,8.67947,10,245,364,9.594069:315.000000,1093,True,45,5,1159,0.700824,7.31776,0,0.0123153,1027 1094 1093 1159 -1
GCP,adapt_p35-659087696138755_a75-0_353_map.h5,6.85634,10,544,1117,54.340912:75.000000,1576,True,14,4,1575,0.816207,4.81009,0,0.0124917,1576 1575 1619 -1
GCP,adapt_p60-00000000000001_a112-49999999999999_553_map.h5,8.87856,10,521,352,30.000000:112.500000,1313,True,13,6,1313,0.999945,8.24623,0,0.0122342,1372 1372 1371 1312 1313 -1
GCP,adapt_p60-00000000000001_a90-0_294_map.h5,8.89256,10,491,380,30.000000:90.000000,1309,True,12,6,1368,0.999906,8.2415,0,0.0122381,1309 1309 1308 1367 1368 -1
GCP,adapt_p80-40593177313954_a292-5_324_map.h5,6.7186,10,230,1191,9.594069:292.500000,1088,True,26,4,1089,0.645416,4.91684,0,0.0121973,1087 1088 1089 -1
GCP,adapt_p48-18968510422141_a123-74999999999999_388_map.h5,7.76149,10,169,769,41.810314:123.750000,1484,False,30,5,1432,0.85556,7.31839,0,0.0122957,1430 1431 1485 1432 -1
GCP,adapt_p48-18968510422141_a258-75_43_map.h5,8.8767,10,564,390,41.810314:258.750000,1504,True,9,6,1451,0.99464,8.27342,0,0.0120878,1452 1452 1451 1503 1504 -1
GCP,adapt_p48-18968510422141_a348-74999999999994_559_map.h5,7.87354,10,283,739,41.810314:348.750000,1517,False,12,5,1566,0.970338,5.85888,0,0.0122704,1610 1610 1566 1565 -1
GCP,adapt_p80-40593177313954_a292-5_498_map.h5,6.86337,10,613,1088,9.594069:292.500000,1088,False,14,4,1089,0.849989,4.85091,0,0.0124135,1154 1155 1089 -1
GCP,adapt_p11-715852394892384_a135-0_236_map.h5,6.88256,10,535,1079,78.284149:135.000000,1770,True,13,4,1753,0.748119,4.84755,0,0.0122505,1770 1752 1753 -1
GCP,adapt_p60-00000000000001_a270-0_389_map.h5,6.87183,10,466,1087,30.000000:270.000000,1339,True,11,5,1339,0.995873,5.83081,0,0.0129712,1278 1278 1339 1340 -1
GCP,adapt_p80-40593177313954_a0-0_136_map.h5,7.67474,10,230,764,9.594069:0.000000,1034,False,41,4,1100,0.699061,5.35785,0,0.0130769,1035 1166 1100 -1
GCP,adapt_p48-18968510422141_a56-24999999999999_382_map.h5,6.82666,10,266,1117,41.810314:56.250000,1475,True,20,4,1475,0.720117,4.7818,0,0.0121419,1420 1474 1475 -1
GCP,adapt_p23-556464309101234_a202-5_115_map.h5,4.16773,10,108,1489,66.443535:202.500000,1704,False,269,2,1335,0,0.0189888,0,0.0189888,1545 -1
GCP,adapt_p48-18968510422141_a236-25_445_map.h5,6.75558,10,446,1141,41.810314:236.250000,1501,False,27,4,1447,0.715273,5.52195,0,0.0122456,1331 1447 1448 -1
GCP,adapt_p11-715852394892384_a45-0_107_map.h5,8.89578,10,658,372,78.284149:45.000000,1766,True,6,6,1766,0.999999,8.04014,0,0.0130371,1767 1767 1766 1746 1747 -1
GCP,adapt_p35-659087696138755_a75-0_83_map.h5,6.77371,10,285,1176,54.340912:75.000000,1576,False,22,4,1530,0.74358,4.85832,0,0.0131137,1577 1530 1529 -1
GCP,adapt_p35-659087696138755_a75-0_388_map.h5,7.83544,10,365,752,54.340912:75.000000,1576,False,17,5,1619,0.956339,7.20863,0,0.0122995,1659 1658 1619 1620 -1
GCP,adapt_p70-52877936550931_a168-74999999999997_140_map.h5,6.84693,10,469,1123,19.471220:168.750000,1197,False,14,4,1198,0.756975,4.80832,0,0.0128744,1262 1199 1198 -1
GCP,adapt_p70-52877936550931_a78-75_213_map.h5,6.84216,10,283,1145,19.471220:78.750000,1181,True,19,4,1180,0.65587,4.84492,0,0.0126471,1181 1180 1243 -1
GCP,adapt_p70-52877936550931_a258-75_420_map.h5,7.81644,10,224,752,19.471220:258.750000,1213,False,20,5,1337,0.850057,7.41996,0,0.012351,1336 1337 1338 1276 -1
GCP,adapt_p80-40593177313954_a112-49999999999999_137_map.h5,8.81579,10,223,371,9.594069:112.500000,1055,True,21,5,1055,0.879528,7.49461,0,0.0130145,1120 1121 1122 1055 -1
GCP,adapt_p60-00000000000001_a180-0_598_map.h5,8.90197,10,724,377,30.000000:180.000000,1324,True,8,6,1382,0.999978,8.33479,0,0.0128332,1324 1324 1323 1382 1383 -1
GCP,adapt_p48-18968510422141_a168-74999999999997_91_map.h5,7.64643,10,95,768,41.810314:168.750000,1491,False,48,4,1541,0.610018,5.63595,0,0.0123881,1440 1542 1541 -1
GCP,adapt_p70-52877936550931_a348-74999999999994_150_map.h5,6.85437,10,390,1111,19.471220:348.750000,1229,True,16,4,1229,0.867837,4.90209,0,0.0124374,1228 1229 1292 -1
GCP,adapt_p23-556464309101234_a157-5_263_map.h5,6.84338,10,267,1133,66.443535:157.500000,1701,False,18,5,1700,0.873371,5.81994,0,0.0124164,1666 1666 1700 1728 -1
GCP,adapt_p48-18968510422141_a303-75_345_map.h5,7.86341,10,372,813,41.810314:303.750000,1510,True,12,5,1458,0.986262,5.78945,0,0.0123846,1510 1510 1458 1459 -1
GCP,adapt_p70-52877936550931_a191-25_417_map.h5,6.80356,10,374,993,19.471220:191.250000,1201,True,25,4,1201,0.727281,4.88758,0,0.0122549,1136 1201 1200 -1
GCP,adapt_p80-40593177313954_a135-0_270_map.h5,6.88351,10,572,1151,9.594069:135.000000,1059,True,11,5,1060,0.995939,5.91134,0,0.012299,992 992 1060 1059 -1
GCP,adapt_p35-659087696138755_a165-0_486_map.h5,8.88056,10,459,350,54.340912:165.000000,1587,True,12,6,1587,0.999952,8.24945,0,0.0122675,1629 1629 1630 1587 1586 -1
GCP,adapt_p70-52877936550931_a123-74999999999999_36_map.h5,6.85853,10,662,1051,19.471220:123.750000,1189,True,15,4,1188,0.761372,4.81975,0,0.012285,1189 1188 1251 -1
GCP,adapt_p80-40593177313954_a337-49999999999994_445_map.h5,7.82158,10,387,721,9.594069:337.500000,1097,True,19,4,1097,0.740943,4.88575,0,0.012238,1162 1096 1097 -1
GCP,adapt_p70-52877936550931_a303-75_197_map.h5,8.05681,10,113,395,19.471220:303.750000,1221,False,138,4,1157,0.450923,6.08701,0,0.0139428,1347 1157 1156 -1
GCP,adapt_p80-40593177313954_a180-0_158_map.h5,5.59884,10,103,1106,9.594069:180.000000,1067,False,206,4,1707,0.447448,5.34692,0,0.0164419,1758 1707 1706 -1
GCP,adapt_p35-659087696138755_a135-0_191_map.h5,6.69118,10,166,1164,54.340912:135.000000,1583,True,41,4,1582,0.646672,5.45159,0,0.012641,1487 1583 1582 -1
GCP,adapt_p23-556464309101234_a202-5_206_map.h5,6.85469,10,482,1144,66.443535:202.500000,1704,True,11,4,1732,0.968212,4.76491,0,0.0120934,1733 1732 1704 -1
GCP,adapt_p48-18968510422141_a123-74999999999999_476_map.h5,7.8585,10,330,784,41.810314:123.750000,1484,False,15,5,1430,0.964318,7.32109,0,0.0122802,1372 1430 1431 1373 -1
GCP,adapt_p70-52877936550931_a101-24999999999999_570_map.h5,8.87965,10,434,389,19.471220:101.250000,1185,True,12,6,1119,0.998671,8.26025,0,0.0121501,1184 1184 1185 1119 1118 -1
GCP,adapt_p80-40593177313954_a67-5_322_map.h5,5.9225,10,107,1101,9.594069:67.500000,1047,False,147,3,1298,0.222251,3.77867,0,0.0142776,1472 1298 -1
GCP,adapt_p48-18968510422141_a56-24999999999999_399_map.h5,5.71928,10,232,1504,41.810314:56.250000,1475,False,33,4,1574,0.586333,5.06886,0,0.0125261,1474 1527 1574 -1
GCP,adapt_p48-18968510422141_a326-24999999999994_401_map.h5,6.85754,10,551,1059,41.810314:326.250000,1514,True,15,5,1462,0.900574,5.93398,0,0.0122829,1514 1514 1462 1513 -1
GCP,adapt_p60-00000000000001_a22-5_453_map.h5,7.84938,10,429,815,30.000000:22.500000,1298,False,15,5,1356,0.959853,7.34322,0,0.0124243,1355 1296 1356 1357 -1
GCP,adapt_p35-659087696138755_a344-99999999999994_100_map.h5,7.83809,10,181,725,54.340912:345.000000,1609,True,19,5,1650,0.973147,7.24901,0,0.0127595,1611 1650 1609 1610 -1
GCP,adapt_p60-00000000000001_a292-5_24_map.h5,7.79035,10,221,716,30.000000:292.500000,1343,False,26,5,1402,0.885931,7.22895,0,0.0124404,1400 1401 1402 1458 -1
GCP,adapt_p35-659087696138755_a75-0_554_map.h5,6.85844,10,459,1128,54.340912:75.000000,1576,True,13,5,1619,0.940477,5.88898,0,0.0123647,1575 1575 1619 1576 -1
GCP,adapt_p80-40593177313954_a135-0_50_map.h5,7.8234,10,338,773,9.594069:135.000000,1059,True,21,5,1059,0.895371,7.35707,0,0.0124068,1058 1059 992 1060 -1
GCP,adapt_p35-659087696138755_a105-0_332_map.h5,4.52921,10,66,1115,54.340912:105.000000,1579,False,389,2,1579,0,0.0273595,0,0.0273595,1688 -1
GCP,adapt_p60-00000000000001_a90-0_389_map.h5,7.86287,10,433,805,30.000000:90.000000,1309,True,14,5,1309,0.983506,7.2398,0,0.0129378,1367 1368 1309 1308 -1
GCP,adapt_p80-40593177313954_a45-0_62_map.h5,7.81845,10,239,747,9.594069:45.000000,1042,False,22,5,975,0.854985,7.37236,0,0.0123551,1044 1043 975 976 -1
GCP,adapt_p48-18968510422141_a78-75_200_map.h5,6.86664,10,417,1145,41.810314:78.750000,1478,True,13,4,1478,0.769393,4.84192,0,0.0121824,1530 1478 1479 -1
GCP,adapt_p35-659087696138755_a105-0_41_map.h5,4.1965,10,102,1489,54.340912:105.000000,1579,False,270,2,1535,0,0.0192255,0,0.0192255,1725 -1
GCP,adapt_p35-659087696138755_a45-0_82_map.h5,6.87457,10,659,1061,54.340912:45.000000,1572,True,7,4,1571,0.711408,3.43669,0,0.0122211,1572 1572 1571 -1
GCP,adapt_p23-556464309101234_a112-5_405_map.h5,8.88556,10,433,398,66.443535:112.500000,1697,True,9,6,1697,0.999877,8.13974,0,0.0122408,1725 1725 1726 1697 1696 -1
GCP,adapt_p70-52877936550931_a213-75_117_map.h5,7.81362,10,292,727,19.471220:213.750000,1205,True,22,5,1269,0.858173,7.26828,0,0.0121911,1204 1205 1206 1269 -1
GCP,adapt_p48-18968510422141_a326-24999999999994_370_map.h5,8.87326,10,407,413,41.810314:326.250000,1514,True,10,6,1462,0.998931,8.24137,0,0.0125049,1513 1513 1514 1462 1461 -1
GCP,adapt_p11-715852394892384_a225-0_321_map.h5,7.84005,10,278,710,78.284149:225.000000,1774,False,19,5,1758,0.932487,7.2072,0,0.0127432,1775 1757 1758 1735 -1
GCP,adapt_p35-659087696138755_a195-0_155_map.h5,6.56026,10,139,1111,54.340912:195.000000,1590,False,64,4,1443,0.60314,5.39607,0,0.0125703,1441 1443 1386 -1
GCP,adapt_p80-40593177313954_a135-0_326_map.h5,8.88624,10,577,390,9.594069:135.000000,1059,True,10,6,1124,0.999746,8.26537,0,0.0125617,1058 1058 1059 1125 1124 -1
GCP,adapt_p70-52877936550931_a191-25_579_map.h5,7.8465,10,461,706,19.471220:191.250000,1201,True,19,5,1201,0.944506,7.33754,0,0.0122778,1202 1201 1136 1135 -1
GCP,adapt_p11-715852394892384_a315-0_520_map.h5,6.75551,10,190,1152,78.284149:315.000000,1778,False,30,4,1761,0.674478,4.79594,0,0.0122881,1777 1761 1762 -1
GCP,adapt_p48-18968510422141_a123-74999999999999_533_map.h5,7.80814,10,325,709,41.810314:123.750000,1484,True,19,5,1431,0.956117,7.28365,0,0.0126715,1484 1485 1432 1431 -1
GCP,adapt_p48-18968510422141_a11-25_58_map.h5,6.62664,10,120,1160,41.810314:11.250000,1468,False,50,4,1413,0.475779,5.34801,0,0.0131694,1520 1413 1412 -1
GCP,adapt_p23-556464309101234_a247-49999999999997_22_map.h5,7.88526,10,622,727,66.443535:247.500000,1708,True,10,5,1708,0.989524,5.75443,0,0.0125479,1735 1735 1708 1709 -1
GCP,adapt_p48-18968510422141_a56-24999999999999_481_map.h5,6.87061,10,440,1093,41.810314:56.250000,1475,True,11,5,1421,0.984063,5.78911,0,0.0121883,1475 1475 1421 1420 -1
GCP,adapt_p80-40593177313954_a0-0_503_map.h5,6.78047,10,301,1077,9.594069:0.000000,1034,True,26,4,1034,0.743167,4.91049,0,0.0123311,967 1035 1034 -1
GCP,adapt_p80-40593177313954_a22-5_420_map.h5,8.8104,10,367,331,9.594069:22.500000,1038,False,18,6,1036,0.923849,8.3517,0,0.0123983,1035 1035 968 1036 969 -1
GCP,adapt_p48-18968510422141_a213-75_197_map.h5,6.81835,10,280,1099,41.810314:213.750000,1497,True,20,4,1497,0.720816,4.81732,0,0.0124486,1443 1444 1497 -1
GCP,adapt_p48-18968510422141_a191-25_148_map.h5,7.88648,10,651,773,41.810314:191.250000,1494,True,8,5,1441,0.9945,5.79301,0,0.0123131,1494 1494 1441 1442 -1
GCP,adapt_p60-00000000000001_a0-0_171_map.h5,7.868,10,405,768,30.000000:0.000000,1294,True,13,5,1294,0.977038,7.34373,0,0.0128146,1293 1294 1231 1295 -1
GCP,adapt_p48-18968510422141_a146-25_6_map.h5,7.8806,10,542,741,41.810314:146.250000,1488,True,12,5,1487,0.991885,5.78333,0,0.0122036,1538 1538 1487 1488 -1
GCP,adapt_p80-40593177313954_a315-0_477_map.h5,7.80117,10,359,756,9.594069:315.000000,1093,False,23,5,1157,0.840829,5.8248,0,0.0126334,1222 1222 1157 1158 -1
GCP,adapt_p70-52877936550931_a101-24999999999999_387_map.h5,7.48398,10,58,713,19.471220:101.250000,1185,False,76,4,1371,0.537348,6.09491,0,0.0128355,1531 1370 1371 -1
GCP,adapt_p70-52877936550931_a281-24999999999994_562_map.h5,6.74258,10,157,1149,19.471220:281.250000,1217,True,32,4,1217,0.630068,5.40581,0,0.0122193,1154 1152 1217 -1
GCP,adapt_p80-40593177313954_a224-99999999999997_493_map.h5,5.81549,10,475,1484,9.594069:225.000000,1076,True,19,4,1076,0.781541,4.90421,0,0.0123163,1008 1076 1009 -1
GCP,adapt_p23-556464309101234_a337-5_243_map.h5,6.79066,10,476,1158,66.443535:337.500000,1716,False,14,5,1687,0.949736,5.78487,0,0.0121387,1685 1685 1717 1687 -1
GCP,adapt_p80-40593177313954_a292-5_327_map.h5,3.02111,10,117,1919,9.594069:292.500000,1088,False,261,2,1069,0,0.0186384,0,0.0186384,1155 -1
GCP,adapt_p80-40593177313954_a337-49999999999994_196_map.h5,3.49935,10,54,1103,9.594069:337.500000,1097,False,552,2,1167,0,0.0422325,0,0.0422325,1141 -1
GCP,adapt_p60-00000000000001_a202-49999999999997_569_map.h5,8.86056,10,380,347,30.000000:202.500000,1328,True,13,6,1328,0.989077,8.26061,0,0.0122464,1265 1265 1266 1328 1327 -1
GCP,adapt_p48-18968510422141_a303-75_562_map.h5,6.7376,10,167,1138,41.810314:303.750000,1510,False,33,4,1459,0.645404,5.14675,0,0.0131948,1512 1459 1458 -1
GCP,adapt_p80-40593177313954_a112-49999999999999_354_map.h5,7.85639,10,539,762,9.594069:112.500000,1055,True,15,5,1054,0.893894,7.35707,0,0.0124032,1055 987 1054 1053 -1
GCP,adapt_p70-52877936550931_a11-25_299_map.h5,6.79149,10,225,1085,19.471220:11.250000,1169,True,24,4,1169,0.761395,4.92866,0,0.0123078,1102 1169 1170 -1
GCP,adapt_p48-18968510422141_a168-74999999999997_384_map.h5,8.88295,10,532,375,41.810314:168.750000,1491,True,11,6,1541,0.999658,8.27109,0,0.0128481,1490 1490 1491 1542 1541 -1
GCP,adapt_p60-00000000000001_a292-5_69_map.h5,6.55512,10,79,798,30.000000:292.500000,1343,False,210,2,1335,0,0.0164592,0,0.0164592,1362 -1
GCP,adapt_p80-40593177313954_a315-0_39_map.h5,7.84239,10,441,673,9.594069:315.000000,1093,True,17,5,1092,0.963824,7.3152,0,0.012401,1093 1092 1091 1157 -1
GCP,adapt_p48-18968510422141_a213-75_331_map.h5,7.83244,10,400,801,41.810314:213.750000,1497,True,18,5,1497,0.829857,7.38535,0,0.0123667,1548 1497 1547 1546 -1
GCP,adapt_p23-556464309101234_a22-5_596_map.h5,7.86057,10,374,780,66.443535:22.500000,1689,True,15,5,1689,0.828126,7.15868,0,0.012227,1688 1689 1653 1652 -1
GCP,adapt_p60-00000000000001_a224-99999999999997_392_map.h5,8.52516,10,124,325,30.000000:225.000000,1331,True,66,5,1331,0.689407,7.85157,0,0.0126334,1445 1331 1389 1390 -1
GCP,adapt_p35-659087696138755_a344-99999999999994_596_map.h5,8.89353,10,580,355,54.340912:345.000000,1609,True,8,6,1609,0.99996,8.25002,0,0.0122557,1608 1608 1609 1650 1649 -1
GCP,adapt_p60-00000000000001_a247-49999999999997_362_map.h5,8.88339,10,605,349,30.000000:247.500000,1335,True,10,6,1335,0.999316,8.24861,0,0.012404,1394 1394 1393 1335 1336 -1
GCP,adapt_p48-18968510422141_a326-24999999999994_539_map.h5,8.90166,10,806,370,41.810314:326.250000,1514,True,8,6,1514,0.999385,8.23234,0,0.0121709,1462 1462 1461 1513 1514 -1
GCP,adapt_p23-556464309101234_a202-5_127_map.h5,8.83314,10,260,387,66.443535:202.500000,1704,False,19,5,1731,0.933388,7.10454,0,0.0126756,1754 1755 1731 1730 -1
GCP,adapt_p60-00000000000001_a67-5_224_map.h5,6.86585,10,485,1044,30.000000:67.500000,1305,True,10,4,1306,0.805268,4.80627,0,0.0129422,1305 1306 1365 -1
GCP,adapt_p60-00000000000001_a292-5_547_map.h5,6.12333,10,176,1112,30.000000:292.500000,1343,False,123,2,1217,0,0.0135379,0,0.0135379,1143 -1
GCP,adapt_p80-40593177313954_a22-5_285_map.h5,7.82659,10,262,765,9.594069:22.500000,1038,True,19,5,970,0.873229,7.37217,0,0.0122017,969 970 1038 1037 -1
GCP,adapt_p35-659087696138755_a165-0_266_map.h5,8.88047,10,411,379,54.340912:165.000000,1587,True,10,6,1586,0.998028,8.30894,0,0.012319,1629 1629 1587 1586 1540 -1
GCP,adapt_p60-00000000000001_a45-0_94_map.h5,7.85558,10,363,740,30.000000:45.000000,1301,True,15,5,1301,0.961486,7.26283,0,0.0122339,1360 1361 1302 1301 -1
GCP,adapt_p80-40593177313954_a337-49999999999994_86_map.h5,8.85193,10,360,381,9.594069:337.500000,1097,True,15,6,1096,0.993383,8.33943,0,0.012873,1163 1163 1162 1096 1097 -1
GCP,adapt_p60-00000000000001_a292-5_577_map.h5,6.65319,10,161,1097,30.000000:292.500000,1343,True,47,4,1343,0.701535,5.50702,0,0.0126049,1345 1343 1342 -1
GCP,adapt_p48-18968510422141_a56-24999999999999_381_map.h5,6.82741,10,552,1152,41.810314:56.250000,1475,True,13,4,1421,0.975176,4.78866,0,0.0124016,1475 1421 1422 -1
GCP,adapt_p70-52877936550931_a281-24999999999994_210_map.h5,6.88123,10,622,1089,19.471220:281.250000,1217,True,11,5,1217,0.997423,5.84228,0,0.0125585,1279 1279 1216 1217 -1
GCP,adapt_p60-00000000000001_a157-5_133_map.h5,4.68437,10,148,1797,30.000000:157.500000,1320,False,40,3,1322,0.524567,3.05899,0,0.0124478,1324 1322 -1
GCP,adapt_p60-00000000000001_a292-5_79_map.h5,7.8686,10,380,724,30.000000:292.500000,1343,True,13,5,1343,0.988413,7.24451,0,0.0122116,1283 1282 1343 1344 -1
GCP,adapt_p70-52877936550931_a56-24999999999999_234_map.h5,6.88146,10,427,1119,19.471220:56.250000,1177,True,13,5,1177,0.962218,5.82528,0,0.0123352,1111 1111 1177 1176 -1
GCP,adapt_p60-00000000000001_a247-49999999999997_557_map.h5,6.73251,10,198,1126,30.000000:247.500000,1335,True,36,4,1335,0.620185,5.18849,0,0.0122834,1392 1335 1336 -1
GCP,adapt_p48-18968510422141_a303-75_273_map.h5,8.89697,10,656,378,41.810314:303.750000,1510,True,8,6,1511,0.995794,8.33323,0,0.0128305,1510 1510 1459 1511 1560 -1
GCP,adapt_p35-659087696138755_a105-0_97_map.h5,5.85061,10,483,1468,54.340912:105.000000,1579,False,13,4,1580,0.86886,4.81165,0,0.0121932,1581 1580 1623 -1
GCP,adapt_p48-18968510422141_a78-75_380_map.h5,8.87346,10,262,390,41.810314:78.750000,1478,False,15,6,1424,0.996522,8.24456,0,0.012295,1366 1366 1367 1425 1424 -1
GCP,adapt_p60-00000000000001_a202-49999999999997_305_map.h5,5.53803,10,203,1521,30.000000:202.500000,1328,False,66,4,1443,0.499123,5.14893,0,0.0127812,1384 1442 1443 -1
GCP,adapt_p80-40593177313954_a22-5_160_map.h5,8.87098,10,347,393,9.594069:22.500000,1038,True,13,6,970,0.992718,8.37372,0,0.0128277,969 969 970 1038 1037 -1
GCP,adapt_p48-18968510422141_a213-75_148_map.h5,6.63567,10,202,1122,41.810314:213.750000,1497,False,50,4,1443,0.406537,5.62521,0,0.0131342,1495 1443 1547 -1
GCP,adapt_p70-52877936550931_a303-75_94_map.h5,4.97388,10,114,1076,19.471220:303.750000,1221,False,303,3,1160,0.0698806,3.84126,0,0.0218023,1228 1160 -1
GCP,adapt_p35-659087696138755_a224-99999999999997_470_map.h5,6.5402,10,106,1132,54.340912:225.000000,1594,False,65,4,1500,0.3127,6.41048,0,0.0126036,1595 1500 1597 -1
GCP,adapt_p23-556464309101234_a112-5_292_map.h5,4.99989,10,105,1471,66.443535:112.500000,1697,False,149,2,1695,0,0.0145408,0,0.0145408,1646 -1
GCP,adapt_p60-00000000000001_a337-49999999999994_179_map.h5,5.81463,10,302,1464,30.000000:337.500000,1350,False,21,4,1349,0.655727,4.81973,0,0.0121672,1287 1288 1349 -1
GCP,adapt_p48-18968510422141_a281-24999999999994_12_map.h5,6.82944,10,448,1121,41.810314:281.250000,1507,True,18,4,1455,0.800404,4.79803,0,0.0123617,1456 1455 1507 -1
GCP,adapt_p48-18968510422141_a11-25_54_map.h5,7.87968,10,739,794,41.810314:11.250000,1468,True,9,5,1468,0.979955,5.90525,0,0.0121287,1521 1521 1468 1414 -1
GCP,adapt_p11-715852394892384_a315-0_479_map.h5,8.86811,10,541,404,78.284149:315.000000,1778,True,12,5,1779,0.901052,7.31524,0,0.0126855,1763 1779 1778 1763 -1
GCP,adapt_p80-40593177313954_a224-99999999999997_257_map.h5,5.77257,10,410,1543,9.594069:225.000000,1076,True,27,4,1077,0.796855,4.91688,0,0.0122353,1075 1076 1077 -1
GCP,adapt_p48-18968510422141_a78-75_236_map.h5,7.87084,10,367,728,41.810314:78.750000,1478,True,11,5,1478,0.961668,5.89066,0,0.0129689,1477 1477 1529 1478 -1
GCP,adapt_p48-18968510422141_a146-25_202_map.h5,6.7796,10,312,1080,41.810314:146.250000,1488,True,24,4,1435,0.619442,4.80525,0,0.0121922,1487 1488 1435 -1
GCP,adapt_p48-18968510422141_a213-75_355_map.h5,6.87653,10,459,1104,41.810314:213.750000,1497,True,11,5,1498,0.972859,5.82368,0,0.0122719,1445 1445 1498 1497 -1
GCP,adapt_p11-715852394892384_a135-0_160_map.h5,6.75363,10,182,1151,78.284149:135.000000,1770,False,30,4,1752,0.651123,5.29088,0,0.012183,1750 1752 1753 -1
GCP,adapt_p48-18968510422141_a33-75_257_map.h5,8.65131,10,161,367,41.810314:33.750000,1471,False,46,5,1362,0.72111,7.83135,0,0.0124945,1364 1362 1361 1419 -1
GCP,adapt_p60-00000000000001_a337-49999999999994_69_map.h5,5.84263,10,299,1494,30.000000:337.500000,1350,True,16,4,1291,0.67253,4.9721,0,0.0121671,1350 1290 1291 -1
GCP,adapt_p80-40593177313954_a247-49999999999997_74_map.h5,6.78369,10,338,1075,9.594069:247.500000,1080,True,24,4,1012,0.709246,5.37187,0,0.0131331,1078 1012 1080 -1
GCP,adapt_p80-40593177313954_a157-5_374_map.h5,7.86281,10,395,742,9.594069:157.500000,1063,True,14,5,1063,0.993938,7.37297,0,0.0129815,995 996 1064 1063 -1
GCP,adapt_p60-00000000000001_a180-0_35_map.h5,6.84851,10,277,1098,30.000000:180.000000,1324,True,16,4,1382,0.847525,4.89243,0,0.0123143,1381 1382 1324 -1
GCP,adapt_p23-556464309101234_a67-5_240_map.h5,7.87243,10,479,755,66.443535:67.500000,1693,True,13,5,1656,0.9387,7.17473,0,0.0123778,1693 1692 1656 1657 -1
GCP,adapt_p80-40593177313954_a202-49999999999997_479_map.h5,6.55206,10,258,1112,9.594069:202.500000,1072,False,61,4,1136,0.447424,6.024,0,0.0127621,1262 1136 1137 -1
GCP,adapt_p80-40593177313954_a270-0_369_map.h5,8.86629,10,402,334,9.594069:270.000000,1084,True,14,6,1084,0.997164,8.35808,0,0.0125137,1085 1085 1084 1016 1083 -1
GCP,adapt_p35-659087696138755_a195-0_263_map.h5,5.82921,10,512,1461,54.340912:195.000000,1590,True,17,4,1590,0.862385,4.93376,0,0.0125786,1589 1590 1633 -1
GCP,adapt_p48-18968510422141_a326-24999999999994_275_map.h5,6.60034,10,270,1243,41.810314:326.250000,1514,False,52,4,1605,0.432314,6.41373,0,0.0134841,1606 1605 1406 -1
GCP,adapt_p11-715852394892384_a315-0_180_map.h5,8.9033,10,725,389,78.284149:315.000000,1778,True,8,6,1763,0.999997,8.03825,0,0.0125226,1762 1762 1778 1779 1763 -1
GCP,adapt_p35-659087696138755_a195-0_446_map.h5,8.76056,10,217,365,54.340912:195.000000,1590,True,27,5,1591,0.875772,7.26012,0,0.0122398,1632 1590 1591 1592 -1
GCP,adapt_p60-00000000000001_a180-0_595_map.h5,8.88751,10,373,360,30.000000:180.000000,1324,True,10,6,1324,0.994685,8.24529,0,0.0122975,1325 1325 1324 1262 1263 -1
GCP,adapt_p48-18968510422141_a146-25_588_map.h5,7.60136,10,232,754,41.810314:146.250000,1488,True,49,4,1488,0.585656,5.21485,0,0.0124556,1541 1489 1488 -1
GCP,adapt_p60-00000000000001_a22-5_442_map.h5,8.89048,10,578,350,30.000000:22.500000,1298,True,10,6,1297,0.999859,8.2844,0,0.012324,1234 1234 1235 1298 1297 -1
GCP,adapt_p23-556464309101234_a292-5_404_map.h5,7.88265,10,395,714,66.443535:292.500000,1712,True,11,5,1680,0.987593,5.82143,0,0.012184,1713 1713 1712 1680 -1
GCP,adapt_p35-659087696138755_a45-0_295_map.h5,8.88144,10,443,379,54.340912:45.000000,1572,True,10,6,1572,0.999755,8.19731,0,0.012362,1616 1616 1617 1573 1572 -1
GCP,adapt_p80-40593177313954_a0-0_81_map.h5,8.7126,10,132,429,9.594069:0.000000,1034,True,27,5,1100,0.849696,7.34485,0,0.0122029,1033 1100 1166 1034 -1
GCP,adapt_p60-00000000000001_a202-49999999999997_255_map.h5,8.71445,10,143,366,30.000000:202.500000,1328,True,37,5,1328,0.812051,7.3129,0,0.0123743,1387 1328 1266 1267 -1
GCP,adapt_p35-659087696138755_a315-0_465_map.h5,6.74858,10,348,1160,54.340912:315.000000,1605,False,26,4,1645,0.841093,4.77179,0,0.0122096,1681 1645 1646 -1
GCP,adapt_p70-52877936550931_a168-74999999999997_398_map.h5,8.30472,10,90,384,19.471220:168.750000,1197,False,101,4,1384,0.246657,6.70584,0,0.0130958,1495 1384 1261 -1
GCP,adapt_p70-52877936550931_a258-75_301_map.h5,8.89829,10,759,320,19.471220:258.750000,1213,True,9,6,1213,0.999997,8.27756,0,0.0124716,1276 1276 1277 1214 1213 -1
GCP,adapt_p23-556464309101234_a247-49999999999997_380_map.h5,6.80954,10,281,1118,66.443535:247.500000,1708,False,17,4,1641,0.729759,4.86445,0,0.0122665,1642 1641 1677 -1
GCP,adapt_p80-40593177313954_a202-49999999999997_435_map.h5,5.07761,10,70,818,9.594069:202.500000,1072,False,431,2,992,0,0.0297184,0,0.0297184,1364 -1
GCP,adapt_p60-00000000000001_a67-5_286_map.h5,7.82143,10,296,757,30.000000:67.500000,1305,True,22,5,1304,0.892044,7.15163,0,0.0123877,1364 1305 1304 1241 -1
GCP,adapt_p48-18968510422141_a33-75_282_map.h5,8.84152,10,279,391,41.810314:33.750000,1471,True,18,6,1416,0.982384,8.1873,0,0.0122657,1358 1358 1416 1417 1471 -1
GCP,adapt_p80-40593177313954_a202-49999999999997_540_map.h5,6.93393,10,57,379,9.594069:202.500000,1072,False,332,3,1120,0.206934,4.62084,0,0.0228972,1426 1120 -1
GCP,adapt_p48-18968510422141_a281-24999999999994_366_map.h5,6.87346,10,575,1065,41.810314:281.250000,1507,False,11,5,1454,0.982626,5.80725,0,0.0123304,1506 1506 1454 1453 -1
GCP,adapt_p60-00000000000001_a202-49999999999997_487_map.h5,7.53183,10,100,749,30.000000:202.500000,1328,False,62,4,1261,0.60041,6.01036,0,0.012996,1265 1262 1261 -1
GCP,adapt_p80-40593177313954_a337-49999999999994_469_map.h5,7.87558,10,512,806,9.594069:337.500000,1097,True,11,5,1096,0.97214,5.88716,0,0.0122418,1162 1162 1096 1097 -1
GCP,adapt_p80-40593177313954_a292-5_52_map.h5,8.89358,10,499,400,9.594069:292.500000,1088,True,9,6,1020,0.998777,8.35154,0,0.0122095,1021 1021 1088 1020 1087 -1
GCP,adapt_p60-00000000000001_a135-0_147_map.h5,7.87008,10,616,692,30.000000:135.000000,1316,True,12,5,1316,0.979182,7.36754,0,0.0127681,1317 1316 1375 1317 -1
GCP,adapt_p80-40593177313954_a45-0_412_map.h5,5.20067,10,139,1507,9.594069:45.000000,1042,False,105,2,1110,0,0.0131415,0,0.0131415,1623 -1
GCP,adapt_p35-659087696138755_a285-0_446_map.h5,6.50122,10,153,1139,54.340912:285.000000,1601,False,68,4,1558,0.373986,5.3838,0,0.0133757,1400 1509 1558 -1
GCP,adapt_p48-18968510422141_a33-75_249_map.h5,7.8764,10,449,788,41.810314:33.750000,1471,True,10,5,1472,0.982695,5.78472,0,0.0123954,1524 1524 1472 1471 -1
GCP,adapt_p23-556464309101234_a157-5_315_map.h5,8.8799,10,550,354,66.443535:157.500000,1701,True,10,6,1729,0.999768,8.15855,0,0.0128808,1700 1700 1701 1729 1728 -1
GCP,adapt_p48-18968510422141_a168-74999999999997_80_map.h5,7.02466,10,84,355,41.810314:168.750000,1491,False,305,3,1260,0.17159,5.50457,0,0.0210032,1537 1260 -1
GCP,adapt_p80-40593177313954_a157-5_291_map.h5,7.88053,10,673,751,9.594069:157.500000,1063,True,10,5,1063,0.983929,7.49981,0,0.0122899,1064 1063 1129 1064 -1
GCP,adapt_p35-659087696138755_a255-00000000000003_452_map.h5,8.89636,10,718,388,54.340912:255.000000,1598,True,7,6,1597,0.999998,8.40114,0,0.0124442,1598 1598 1639 1597 1553 -1
GCP,adapt_p11-715852394892384_a315-0_368_map.h5,8.87921,10,485,363,78.284149:315.000000,1778,True,12,6,1778,0.999124,8.03828,0,0.0125992,1762 1762 1778 1779 1763 -1
GCP,adapt_p35-659087696138755_a255-00000000000003_21_map.h5,6.89038,10,514,1201,54.340912:255.000000,1598,True,7,5,1640,0.997867,5.82608,0,0.0124095,1598 1598 1640 1639 -1
GCP,adapt_p11-715852394892384_a135-0_82_map.h5,7.86157,10,439,732,78.284149:135.000000,1770,False,14,5,1771,0.831127,7.57345,0,0.0122403,1753 1771 1772 1752 -1
GCP,adapt_p23-556464309101234_a337-5_590_map.h5,8.87566,10,313,402,66.443535:337.500000,1716,True,11,6,1685,0.999952,8.18195,0,0.0121414,1716 1716 1717 1685 1684 -1
GCP,adapt_p23-556464309101234_a247-49999999999997_295_map.h5,8.85647,10,210,356,66.443535:247.500000,1708,True,16,6,1708,0.97077,8.29438,0,0.012301,1707 1707 1735 1708 1709 -1
GCP,adapt_p80-40593177313954_a337-49999999999994_32_map.h5,6.65643,10,326,1175,9.594069:337.500000,1097,True,45,4,1097,0.60432,6.34624,0,0.0123692,1166 1097 1096 -1
GCP,adapt_p80-40593177313954_a135-0_42_map.h5,7.41599,10,81,745,9.594069:135.000000,1059,False,86,4,1542,0.542368,5.9449,0,0.0138028,1701 1588 1542 -1
GCP,adapt_p23-556464309101234_a247-49999999999997_62_map.h5,8.87162,10,349,388,66.443535:247.500000,1708,True,14,6,1709,0.998991,8.14797,0,0.0121938,1708 1708 1709 1676 1675 -1
GCP,adapt_p48-18968510422141_a213-75_473_map.h5,7.88843,10,594,781,41.810314:213.750000,1497,True,10,5,1498,0.969961,5.7847,0,0.0123703,1548 1548 1498 1497 -1
GCP,adapt_p60-00000000000001_a315-0_4_map.h5,8.89771,10,670,387,30.000000:315.000000,1346,True,6,6,1346,0.999999,8.24853,0,0.0120742,1347 1347 1346 1285 1286 -1
GCP,adapt_p48-18968510422141_a11-25_475_map.h5,7.83613,10,290,714,41.810314:11.250000,1468,True,17,5,1413,0.986142,7.28596,0,0.0126593,1412 1413 1414 1468 -1
GCP,adapt_p70-52877936550931_a236-25_453_map.h5,6.76463,10,593,1099,19.471220:236.250000,1209,True,28,4,1209,0.572474,4.93518,0,0.0121696,1272 1209 1143 -1
GCP,adapt_p80-40593177313954_a135-0_305_map.h5,6.83947,10,665,1072,9.594069:135.000000,1059,True,12,5,1059,0.97166,5.91137,0,0.0123245,992 992 1060 1059 -1
GCP,adapt_p80-40593177313954_a292-5_511_map.h5,6.8621,10,366,1065,9.594069:292.500000,1088,True,14,4,1088,0.921595,4.91734,0,0.0127,1087 1088 1089 -1
GCP,adapt_p35-659087696138755_a14-999999999999998_454_map.h5,6.66628,10,208,1200,54.340912:15.000000,1568,True,43,4,1568,0.694894,5.34297,0,0.0125318,1468 1568 1569 -1
GCP,adapt_p60-00000000000001_a292-5_393_map.h5,7.87222,10,465,746,30.000000:292.500000,1343,True,14,5,1343,0.966954,7.24839,0,0.0125747,1400 1401 1343 1342 -1
GCP,adapt_p80-40593177313954_a315-0_235_map.h5,6.86139,10,494,1132,9.594069:315.000000,1093,True,13,4,1092,0.788344,4.96203,0,0.0124252,1157 1092 1093 -1
GCP,adapt_p23-556464309101234_a157-5_109_map.h5,6.87035,10,471,1148,66.443535:157.500000,1701,True,12,4,1700,0.927186,4.80362,0,0.0124376,1666 1700 1701 -1
GCP,adapt_p35-659087696138755_a255-00000000000003_99_map.h5,7.86846,10,420,728,54.340912:255.000000,1598,True,13,5,1597,0.967906,7.36049,0,0.0123877,1596 1597 1598 1639 -1
GCP,adapt_p70-52877936550931_a191-25_561_map.h5,7.88538,10,592,741,19.471220:191.250000,1201,True,10,5,1201,0.988428,7.44856,0,0.0124135,1202 1201 1264 1202 -1
GCP,adapt_p48-18968510422141_a78-75_599_map.h5,8.83748,10,185,382,41.810314:78.750000,1478,False,20,5,1425,0.952646,7.23641,0,0.0123373,1480 1479 1425 1426 -1
GCP,adapt_p35-659087696138755_a344-99999999999994_49_map.h5,8.87041,10,375,380,54.340912:345.000000,1609,False,10,6,1649,0.994862,8.22645,0,0.0123861,1648 1648 1649 1608 1607 -1
GCP,adapt_p23-556464309101234_a247-49999999999997_171_map.h5,8.8589,10,356,377,66.443535:247.500000,1708,True,14,6,1709,0.939475,8.36401,0,0.0129246,1736 1736 1708 1709 1676 -1
GCP,adapt_p60-00000000000001_a0-0_291_map.h5,6.87967,10,571,1108,30.000000:0.000000,1294,True,11,5,1294,0.995755,5.90153,0,0.0121138,1231 1231 1294 1295 -1
GCP,adapt_p70-52877936550931_a56-24999999999999_228_map.h5,8.80137,10,202,386,19.471220:56.250000,1177,False,25,5,1239,0.866336,7.25974,0,0.0124292,1302 1239 1176 1240 -1
GCP,adapt_p60-00000000000001_a112-49999999999999_479_map.h5,7.88532,10,524,742,30.000000:112.500000,1313,True,11,5,1313,0.877773,5.96205,0,0.0124763,1312 1312 1371 1313 -1
GCP,adapt_p70-52877936550931_a78-75_332_map.h5,6.85547,10,421,1141,19.471220:78.750000,1181,True,15,4,1181,0.935191,4.80576,0,0.0123297,1114 1115 1181 -1
GCP,adapt_p80-40593177313954_a135-0_119_map.h5,7.69446,10,236,733,9.594069:135.000000,1059,False,43,5,1125,0.733897,7.63459,0,0.0123268,1193 1126 1125 1191 -1
GCP,adapt_p70-52877936550931_a56-24999999999999_12_map.h5,6.87664,10,463,1144,19.471220:56.250000,1177,True,12,4,1240,0.880961,4.84457,0,0.0121556,1241 1240 1177 -1
GCP,adapt_p35-659087696138755_a135-0_295_map.h5,7.88255,10,419,747,54.340912:135.000000,1583,True,12,5,1583,0.891648,5.77845,0,0.0122686,1626 1626 1583 1582 -1
GCP,adapt_p48-18968510422141_a191-25_330_map.h5,8.86887,10,339,364,41.810314:191.250000,1494,True,12,6,1494,0.982048,8.22073,0,0.0129261,1493 1493 1494 1441 1442 -1
GCP,adapt_p35-659087696138755_a135-0_255_map.h5,8.83961,10,324,408,54.340912:135.000000,1583,False,17,5,1625,0.931385,7.1698,0,0.0121958,1664 1663 1625 1624 -1
GCP,adapt_p23-556464309101234_a157-5_374_map.h5,6.87255,10,443,1117,66.443535:157.500000,1701,False,12,5,1700,0.94651,5.81649,0,0.0122744,1699 1699 1700 1728 -1
GCP,adapt_p48-18968510422141_a303-75_366_map.h5,6.84543,10,496,1169,41.810314:303.750000,1510,True,14,4,1459,0.922523,4.78292,0,0.0123905,1510 1511 1459 -1
GCP,adapt_p70-52877936550931_a146-25_444_map.h5,8.82151,10,216,375,19.471220:146.250000,1193,True,22,5,1193,0.912061,7.20219,0,0.0122982,1256 1193 1194 1128 -1
GCP,adapt_p80-40593177313954_a292-5_154_map.h5,8.89663,10,634,392,9.594069:292.500000,1088,True,8,6,1089,0.999496,8.30107,0,0.0121607,1155 1155 1154 1088 1089 -1
GCP,adapt_p60-00000000000001_a180-0_344_map.h5,7.84689,10,432,759,30.000000:180.000000,1324,False,17,5,1263,0.889651,7.24532,0,0.0129015,1262 1263 1325 1326 -1
GCP,adapt_p48-18968510422141_a146-25_444_map.h5,7.89044,10,514,787,41.810314:146.250000,1488,True,10,5,1487,0.99978,5.81918,0,0.0123655,1434 1434 1487 1488 -1
GCP,adapt_p80-40593177313954_a247-49999999999997_334_map.h5,7.86919,10,511,738,9.594069:247.500000,1080,True,12,5,1079,0.989385,5.91816,0,0.0126111,1078 1078 1079 1080 -1
GCP,adapt_p48-18968510422141_a146-25_167_map.h5,7.85469,10,447,705,41.810314:146.250000,1488,True,13,5,1487,0.946614,7.26532,0,0.012095,1538 1487 1434 1488 -1
GCP,adapt_p60-00000000000001_a67-5_293_map.h5,6.69337,10,211,1089,30.000000:67.500000,1305,False,38,4,1365,0.560677,5.34737,0,0.0124512,1243 1365 1366 -1
GCP,adapt_p35-659087696138755_a224-99999999999997_423_map.h5,3.78866,10,76,1412,54.340912:225.000000,1594,False,334,2,1447,0,0.0230201,0,0.0230201,1076 -1
GCP,adapt_p80-40593177313954_a270-0_513_map.h5,6.72023,10,388,1162,9.594069:270.000000,1084,True,17,4,1085,0.842111,4.91073,0,0.0125743,1016 1084 1085 -1
GCP,adapt_p60-00000000000001_a112-49999999999999_451_map.h5,5.84734,10,471,1448,30.000000:112.500000,1313,True,17,4,1313,0.885613,4.89569,0,0.0124686,1251 1314 1313 -1
GCP,adapt_p70-52877936550931_a303-75_52_map.h5,6.84658,10,404,1117,19.471220:303.750000,1221,False,17,4,1222,0.843815,4.7743,0,0.012241,1285 1222 1157 -1
GCP,adapt_p35-659087696138755_a315-0_149_map.h5,7.38803,10,150,783,54.340912:315.000000,1605,False,77,3,1647,0.534257,5.02046,0,0.0137796,1401 1647 -1
GCP,adapt_p60-00000000000001_a270-0_236_map.h5,6.86153,10,486,1129,30.000000:270.000000,1339,True,12,4,1339,0.977858,4.8016,0,0.0123004,1338 1339 1397 -1
GCP,adapt_p23-556464309101234_a112-5_523_map.h5,7.72451,10,129,771,66.443535:112.500000,1697,True,36,5,1662,0.796509,7.28068,0,0.012276,1623 1662 1697 1696 -1
GCP,adapt_p48-18968510422141_a348-74999999999994_349_map.h5,8.87319,10,283,380,41.810314:348.750000,1517,True,13,6,1517,0.996385,8.40197,0,0.0126045,1565 1565 1517 1465 1516 -1
GCP,adapt_p48-18968510422141_a123-74999999999999_364_map.h5,8.62326,10,147,329,41.810314:123.750000,1484,True,46,5,1483,0.705892,7.76929,0,0.012542,1481 1534 1483 1484 -1
GCP,adapt_p35-659087696138755_a195-0_398_map.h5,8.85074,10,590,362,54.340912:195.000000,1590,True,11,6,1590,0.999923,8.20389,0,0.0130534,1545 1545 1590 1591 1633 -1
GCP,adapt_p70-52877936550931_a236-25_486_map.h5,7.78439,10,276,728,19.471220:236.250000,1209,True,28,4,1208,0.704376,5.06121,0,0.0124245,1270 1208 1209 -1
GCP,adapt_p48-18968510422141_a213-75_97_map.h5,8.8814,10,749,396,41.810314:213.750000,1497,True,12,6,1548,0.999945,8.2215,0,0.0124186,1498 1498 1497 1547 1548 -1
GCP,adapt_p60-00000000000001_a90-0_57_map.h5,6.87106,10,604,1102,30.000000:90.000000,1309,True,12,5,1368,0.969123,5.79318,0,0.0127402,1309 1309 1368 1367 -1
GCP,adapt_p48-18968510422141_a78-75_14_map.h5,7.87055,10,449,716,41.810314:78.750000,1478,True,12,5,1424,0.979368,7.36278,0,0.0122383,1425 1424 1478 1425 -1
GCP,adapt_p80-40593177313954_a337-49999999999994_467_map.h5,6.76264,10,29,829,9.594069:337.500000,1097,False,200,4,1722,0.516244,5.6954,0,0.0159459,1659 1722 1721 -1
GCP,adapt_p35-659087696138755_a315-0_326_map.h5,6.82334,10,225,1112,54.340912:315.000000,1605,False,20,4,1646,0.828394,4.77436,0,0.0124706,1683 1647 1646 -1
GCP,adapt_p48-18968510422141_a236-25_288_map.h5,8.46919,10,132,351,41.810314:236.250000,1501,False,75,5,1448,0.458578,7.79399,0,0.0126385,1551 1449 1448 1447 -1
GCP,adapt_p70-52877936550931_a101-24999999999999_74_map.h5,7.6612,10,111,780,19.471220:101.250000,1185,False,45,4,1578,0.658004,5.22449,0,0.0126042,1534 1579 1578 -1
GCP,adapt_p80-40593177313954_a90-0_430_map.h5,7.87566,10,566,721,9.594069:90.000000,1051,True,11,5,1051,0.969035,5.91769,0,0.0121462,1052 1052 1051 1050 -1
GCP,adapt_p23-556464309101234_a202-5_436_map.h5,6.84049,10,396,1131,66.443535:202.500000,1704,True,16,5,1705,0.957182,5.77666,0,0.0123166,1732 1732 1704 1705 -1
GCP,adapt_p70-52877936550931_a213-75_534_map.h5,6.71591,10,273,1126,19.471220:213.750000,1205,False,36,4,1268,0.589238,5.06414,0,0.0128834,1206 1268 1267 -1
GCP,adapt_p80-40593177313954_a315-0_280_map.h5,8.83949,10,344,355,9.594069:315.000000,1093,True,16,6,1092,0.975527,8.83123,0,0.0123334,1025 1025 1091 1092 1093 -1
GCP,adapt_p11-715852394892384_a45-0_565_map.h5,6.87735,10,601,1077,78.284149:45.000000,1766,True,10,5,1766,0.982935,5.67643,0,0.0124527,1767 1767 1766 1746 -1
GCP,adapt_p60-00000000000001_a315-0_585_map.h5,7.88661,10,592,761,30.000000:315.000000,1346,False,11,5,1404,0.988583,5.82638,0,0.0121798,1347 1347 1405 1404 -1
GCP,adapt_p23-556464309101234_a337-5_64_map.h5,7.82357,10,318,735,66.443535:337.500000,1716,True,20,5,1685,0.797487,7.16722,0,0.0122325,1716 1717 1685 1649 -1
GCP,adapt_p80-40593177313954_a180-0_295_map.h5,8.83046,10,446,414,9.594069:180.000000,1067,True,13,6,1066,0.999213,8.25874,0,0.0123227,1133 1133 1132 1066 1067 -1
GCP,adapt_p48-18968510422141_a258-75_324_map.h5,7.88901,10,618,818,41.810314:258.750000,1504,False,9,5,1452,0.994791,5.8189,0,0.0127949,1505 1505 1453 1452 -1
GCP,adapt_p48-18968510422141_a146-25_567_map.h5,7.87806,10,571,711,41.810314:146.250000,1488,True,10,5,1435,0.998764,5.81461,0,0.0127423,1488 1488 1435 1434 -1
GCP,adapt_p80-40593177313954_a135-0_594_map.h5,7.86818,10,357,763,9.594069:135.000000,1059,False,16,5,1060,0.967604,7.37262,0,0.0126336,992 993 1061 1060 -1
GCP,adapt_p48-18968510422141_a146-25_591_map.h5,0.754592,10,87,1839,41.810314:146.250000,1488,False,620,2,1097,0,0.0488882,0,0.0488882,1086 -1
GCP,adapt_p23-556464309101234_a247-49999999999997_384_map.h5,7.82457,10,288,727,66.443535:247.500000,1708,True,19,5,1735,0.941657,7.1379,0,0.0122529,1734 1735 1708 1709 -1
GCP,adapt_p60-00000000000001_a0-0_53_map.h5,3.75913,10,64,1505,30.000000:0.000000,1294,False,340,2,1038,0,0.0236034,0,0.0236034,967 -1
GCP,adapt_p70-52877936550931_a33-75_410_map.h5,7.85745,10,432,696,19.471220:33.750000,1173,True,15,5,1173,0.910876,7.31731,0,0.0123676,1172 1173 1236 1237 -1
GCP,adapt_p80-40593177313954_a337-49999999999994_416_map.h5,5.16647,10,114,1460,9.594069:337.500000,1097,False,116,3,1336,0.150121,4.1677,0,0.0134142,1225 1096 -1
GCP,adapt_p80-40593177313954_a315-0_445_map.h5,6.86424,10,551,1094,9.594069:315.000000,1093,True,14,4,1093,0.830154,4.87141,0,0.0125666,1092 1093 1159 -1
GCP,adapt_p23-556464309101234_a157-5_584_map.h5,8.2935,10,87,369,66.443535:157.500000,1701,False,93,4,1391,0.495242,6.02403,0,0.0132959,1444 1447 1391 -1
GCP,adapt_p48-18968510422141_a33-75_295_map.h5,8.83393,10,162,379,41.810314:33.750000,1471,True,20,5,1418,0.930981,7.22775,0,0.0128851,1471 1472 1418 1417 -1
GCP,adapt_p48-18968510422141_a303-75_85_map.h5,6.84491,10,368,1189,41.810314:303.750000,1510,True,15,5,1510,0.909775,5.79395,0,0.0129016,1559 1559 1510 1511 -1
GCP,adapt_p70-52877936550931_a348-74999999999994_576_map.h5,7.89542,10,634,761,19.471220:348.750000,1229,True,8,5,1292,0.993712,5.89753,0,0.0123848,1229 1229 1292 1230 -1
GCP,adapt_p60-00000000000001_a22-5_21_map.h5,7.88319,10,735,676,30.000000:22.500000,1298,True,10,5,1357,0.976631,7.34721,0,0.0135955,1297 1298 1357 1297 -1
GCP,adapt_p80-40593177313954_a247-49999999999997_287_map.h5,7.76254,10,333,820,9.594069:247.500000,1080,False,28,5,1211,0.764956,7.17754,0,0.0122711,1275 1212 1211 1146 -1
GCP,adapt_p48-18968510422141_a281-24999999999994_441_map.h5,7.78415,10,188,761,41.810314:281.250000,1507,False,30,5,1398,0.767754,7.52479,0,0.0126437,1400 1455 1454 1398 -1
GCP,adapt_p48-18968510422141_a168-74999999999997_530_map.h5,7.8826,10,619,768,41.810314:168.750000,1491,True,11,5,1437,0.889798,5.79223,0,0.0122094,1491 1491 1438 1437 -1
GCP,adapt_p80-40593177313954_a157-5_470_map.h5,4.27988,10,123,1961,9.594069:157.500000,1063,False,86,3,1128,0.177898,3.5733,0,0.0129444,992 1128 -1
GCP,adapt_p70-52877936550931_a146-25_314_map.h5,5.85862,10,560,1456,19.471220:146.250000,1193,True,12,5,1256,0.985885,5.79949,0,0.0122031,1193 1193 1256 1257 -1
GCP,adapt_p60-00000000000001_a22-5_470_map.h5,6.75259,10,407,1060,30.000000:22.500000,1298,True,23,4,1298,0.753379,4.92311,0,0.0122291,1234 1298 1357 -1
GCP,adapt_p70-52877936550931_a348-74999999999994_65_map.h5,8.8905,10,564,347,19.471220:348.750000,1229,True,8,6,1229,0.998033,8.34443,0,0.0122782,1228 1228 1229 1292 1291 -1
GCP,adapt_p70-52877936550931_a123-74999999999999_393_map.h5,8.85791,10,344,377,19.471220:123.750000,1189,True,17,5,1252,0.929,7.25973,0,0.0128943,1190 1189 1252 1253 -1
GCP,adapt_p11-715852394892384_a315-0_175_map.h5,6.67501,10,177,1175,78.284149:315.000000,1778,False,48,5,1789,0.612153,6.66086,0,0.0127953,1776 1789 1796 1795 -1
GCP,adapt_p60-00000000000001_a67-5_173_map.h5,7.80102,10,213,789,30.000000:67.500000,1305,True,23,5,1306,0.868527,7.47465,0,0.0127803,1241 1305 1306 1243 -1
GCP,adapt_p48-18968510422141_a258-75_275_map.h5,8.88844,10,692,383,41.810314:258.750000,1504,True,11,6,1503,0.999583,8.29248,0,0.0123752,1553 1553 1503 1451 1504 -1
GCP,adapt_p11-715852394892384_a315-0_416_map.h5,6.85558,10,349,1169,78.284149:315.000000,1778,False,14,4,1763,0.952842,4.71665,0,0.0122701,1741 1763 1762 -1
GCP,adapt_p23-556464309101234_a247-49999999999997_519_map.h5,8.85233,10,359,414,66.443535:247.500000,1708,True,14,6,1708,0.973649,8.15328,0,0.0124521,1676 1676 1675 1708 1709 -1
GCP,adapt_p80-40593177313954_a67-5_538_map.h5,7.88844,10,584,736,9.594069:67.500000,1047,True,10,5,1046,0.994227,5.91141,0,0.0123647,979 979 1047 1046 -1
GCP,adapt_p48-18968510422141_a168-74999999999997_329_map.h5,8.71416,10,137,385,41.810314:168.750000,1491,False,38,5,1489,0.707822,7.41951,0,0.0126094,1487 1488 1489 1435 -1
GCP,adapt_p11-715852394892384_a225-0_462_map.h5,5.78818,10,242,1531,78.284149:225.000000,1774,False,25,4,1759,0.698907,4.7257,0,0.0126256,1735 1758 1759 -1
GCP,adapt_p70-52877936550931_a11-25_596_map.h5,6.85638,10,567,1138,19.471220:11.250000,1169,True,15,5,1102,0.902435,5.90894,0,0.0124167,1168 1168 1102 1169 -1
GCP,adapt_p70-52877936550931_a123-74999999999999_181_map.h5,8.89205,10,560,375,19.471220:123.750000,1189,True,10,6,1189,0.999444,8.27431,0,0.0127458,1124 1124 1123 1189 1190 -1
GCP,adapt_p60-00000000000001_a292-5_139_map.h5,6.85968,10,596,1027,30.000000:292.500000,1343,True,16,4,1343,0.731659,5.0824,0,0.0121369,1344 1343 1281 -1
GCP,adapt_p70-52877936550931_a123-74999999999999_80_map.h5,5.89233,10,150,1116,19.471220:123.750000,1189,False,155,2,1125,0,0.0144298,0,0.0144298,1201 -1
GCP,adapt_p35-659087696138755_a75-0_548_map.h5,7.89668,10,751,752,54.340912:75.000000,1576,True,6,5,1576,0.999992,7.33989,0,0.0121097,1575 1576 1529 1575 -1
GCP,adapt_p80-40593177313954_a224-99999999999997_28_map.h5,8.88495,10,462,359,9.594069:225.000000,1076,False,11,6,1075,0.998505,8.26383,0,0.0128574,1141 1141 1140 1074 1075 -1
GCP,adapt_p48-18968510422141_a78-75_384_map.h5,6.84674,10,385,1027,41.810314:78.750000,1478,False,16,4,1424,0.951473,4.79738,0,0.0120562,1366 1424 1425 -1
GCP,adapt_p60-00000000000001_a157-5_164_map.h5,8.88418,10,369,383,30.000000:157.500000,1320,True,11,6,1321,0.988878,8.31193,0,0.0126283,1379 1379 1380 1321 1320 -1
GCP,adapt_p48-18968510422141_a146-25_88_map.h5,6.88069,10,594,1097,41.810314:146.250000,1488,True,10,4,1435,0.819809,4.8141,0,0.0130872,1434 1435 1488 -1
GCP,adapt_p60-00000000000001_a157-5_218_map.h5,7.84324,10,282,721,30.000000:157.500000,1320,True,19,5,1320,0.92904,7.26158,0,0.0125522,1257 1258 1320 1319 -1
GCP,adapt_p60-00000000000001_a337-49999999999994_567_map.h5,5.72346,10,131,1150,30.000000:337.500000,1350,False,187,2,1427,0,0.0151827,0,0.0151827,1351 -1
GCP,adapt_p70-52877936550931_a348-74999999999994_179_map.h5,8.8125,10,184,392,19.471220:348.750000,1229,True,23,5,1230,0.794198,7.34449,0,0.0122751,1164 1165 1230 1229 -1
GCP,adapt_p60-00000000000001_a337-49999999999994_380_map.h5,7.79817,10,249,725,30.000000:337.500000,1350,True,23,5,1290,0.866793,7.31012,0,0.0126338,1228 1290 1351 1350 -1
GCP,adapt_p23-556464309101234_a67-5_256_map.h5,8.87516,10,375,389,66.443535:67.500000,1693,True,12,6,1693,0.996242,8.19997,0,0.012642,1722 1722 1692 1693 1657 -1
GCP,adapt_p80-40593177313954_a247-49999999999997_319_map.h5,5.78442,10,355,1437,9.594069:247.500000,1080,True,17,4,1080,0.700254,4.9196,0,0.0123936,1011 1012 1080 -1
GCP,adapt_p80-40593177313954_a247-49999999999997_172_map.h5,6.84612,10,391,1135,9.594069:247.500000,1080,True,15,5,1080,0.886031,5.90546,0,0.0126771,1012 1012 1080 1013 -1
GCP,adapt_p23-556464309101234_a22-5_302_map.h5,7.87364,10,481,781,66.443535:22.500000,1689,True,12,5,1719,0.997703,7.33494,0,0.0121258,1720 1719 1689 1720 -1
GCP,adapt_p11-715852394892384_a45-0_331_map.h5,6.87918,10,572,1133,78.284149:45.000000,1766,True,11,4,1766,0.917759,4.67594,0,0.0126246,1746 1766 1767 -1
GCP,adapt_p48-18968510422141_a168-74999999999997_305_map.h5,6.81259,10,440,1087,41.810314:168.750000,1491,True,20,4,1541,0.805461,4.93532,0,0.0131922,1540 1541 1491 -1
GCP,adapt_p70-52877936550931_a78-75_68_map.h5,6.85045,10,294,1050,19.471220:78.750000,1181,True,15,5,1182,0.9566,5.81186,0,0.0123482,1115 1115 1181 1182 -1
GCP,adapt_p80-40593177313954_a67-5_276_map.h5,6.8404,10,404,1097,9.594069:67.500000,1047,True,15,4,1047,0.884336,4.91703,0,0.0123893,1046 1047 1048 -1
GCP,adapt_p35-659087696138755_a105-0_467_map.h5,7.29625,10,39,395,54.340912:105.000000,1579,False,263,3,1483,0.191422,5.50083,0,0.0194556,1701 1483 -1
GCP,adapt_p23-556464309101234_a112-5_40_map.h5,8.89769,10,574,382,66.443535:112.500000,1697,True,9,6,1697,0.999272,8.09597,0,0.0121318,1662 1662 1697 1696 1725 -1
GCP,adapt_p80-40593177313954_a224-99999999999997_476_map.h5,7.82008,10,216,761,9.594069:225.000000,1076,True,20,5,1076,0.902595,7.26127,0,0.0127407,1009 1077 1076 1142 -1
GCP,adapt_p23-556464309101234_a337-5_14_map.h5,8.75552,10,117,398,66.443535:337.500000,1716,True,29,5,1717,0.750422,7.31633,0,0.0122698,1743 1717 1685 1716 -1
GCP,adapt_p60-00000000000001_a247-49999999999997_185_map.h5,6.88059,10,615,1048,30.000000:247.500000,1335,True,10,4,1394,0.949861,4.80654,0,0.0132105,1335 1336 1394 -1
GCP,adapt_p48-18968510422141_a56-24999999999999_319_map.h5,6.80999,10,316,1068,41.810314:56.250000,1475,False,23,4,1474,0.62284,4.7831,0,0.0128084,1473 1474 1526 -1
GCP,adapt_p80-40593177313954_a0-0_427_map.h5,7.83149,10,302,750,9.594069:0.000000,1034,True,21,5,1166,0.893876,7.35118,0,0.0123024,1099 1100 1166 1034 -1
GCP,adapt_p70-52877936550931_a123-74999999999999_333_map.h5,8.89775,10,581,372,19.471220:123.750000,1189,True,11,6,1190,0.998944,8.64374,0,0.0130569,1253 1253 1191 1190 1189 -1
GCP,adapt_p60-00000000000001_a224-99999999999997_345_map.h5,3.93872,10,153,1844,30.000000:225.000000,1331,False,158,3,1140,0.10441,3.12588,0,0.0146978,1448 1332 -1
GCP,adapt_p70-52877936550931_a258-75_44_map.h5,8.88267,10,405,372,19.471220:258.750000,1213,True,11,6,1276,0.998914,8.27634,0,0.0121362,1213 1213 1214 1277 1276 -1
GCP,adapt_p60-00000000000001_a202-49999999999997_152_map.h5,7.77744,10,266,753,30.000000:202.500000,1328,True,28,5,1267,0.898825,7.42946,0,0.0123665,1205 1267 1266 1328 -1
GCP,adapt_p70-52877936550931_a326-24999999999994_421_map.h5,6.76356,10,313,1110,19.471220:326.250000,1225,False,30,4,1159,0.679214,4.94662,0,0.0122627,1094 1159 1158 -1
GCP,adapt_p48-18968510422141_a236-25_86_map.h5,6.81018,10,436,1152,41.810314:236.250000,1501,False,21,4,1449,0.932418,4.88101,0,0.0126256,1450 1449 1448 -1
GCP,adapt_p80-40593177313954_a202-49999999999997_178_map.h5,8.71929,10,125,343,9.594069:202.500000,1072,True,37,5,1070,0.567447,7.83297,0,0.012513,1001 1070 1071 1072 -1
GCP,adapt_p60-00000000000001_a157-5_506_map.h5,6.76948,10,175,1130,30.000000:157.500000,1320,False,29,4,1380,0.674803,5.02767,0,0.01235,1438 1380 1321 -1
GCP,adapt_p80-40593177313954_a180-0_231_map.h5,6.75858,10,270,1142,9.594069:180.000000,1067,False,29,4,1132,0.542396,4.78317,0,0.0122234,1198 1132 1066 -1
GCP,adapt_p48-18968510422141_a236-25_151_map.h5,8.79643,10,162,347,41.810314:236.250000,1501,False,25,5,1392,0.826466,7.30601,0,0.012378,1447 1448 1391 1392 -1
GCP,adapt_p60-00000000000001_a180-0_591_map.h5,6.83458,10,419,1115,30.000000:180.000000,1324,True,17,5,1324,0.843729,5.79799,0,0.012218,1262 1262 1324 1382 -1
GCP,adapt_p80-40593177313954_a180-0_106_map.h5,6.725,10,231,1105,9.594069:180.000000,1067,False,31,4,1066,0.642368,4.80088,0,0.0128188,999 1066 1132 -1
GCP,adapt_p11-715852394892384_a45-0_394_map.h5,7.85807,10,412,739,78.284149:45.000000,1766,True,16,5,1766,0.959621,7.03864,0,0.0127173,1745 1746 1766 1767 -1
GCP,adapt_p70-52877936550931_a281-24999999999994_57_map.h5,7.85123,10,499,780,19.471220:281.250000,1217,True,15,5,1152,0.972813,7.25917,0,0.0125644,1216 1217 1152 1151 -1
GCP,adapt_p48-18968510422141_a101-24999999999999_360_map.h5,5.77695,10,250,1383,41.810314:101.250000,1481,True,24,4,1428,0.697049,4.99141,0,0.0128408,1533 1481 1428 -1
GCP,adapt_p60-00000000000001_a67-5_193_map.h5,3.73899,10,88,1865,30.000000:67.500000,1305,False,167,2,1313,0,0.0147233,0,0.0147233,1492 -1
GCP,adapt_p23-556464309101234_a247-49999999999997_572_map.h5,8.88759,10,566,361,66.443535:247.500000,1708,True,10,6,1708,0.997297,8.14815,0,0.012229,1675 1675 1676 1709 1708 -1
GCP,adapt_p48-18968510422141_a236-25_104_map.h5,6.86152,10,532,1166,41.810314:236.250000,1501,True,13,4,1500,0.821073,4.87297,0,0.0122769,1448 1501 1500 -1
GCP,adapt_p80-40593177313954_a22-5_371_map.h5,8.79551,10,166,403,9.594069:22.500000,1038,False,24,5,971,0.848106,7.81758,0,0.0123002,1037 971 1039 972 -1
GCP,adapt_p70-52877936550931_a303-75_547_map.h5,2.13987,10,124,1471,19.471220:303.750000,1221,False,608,2,1209,0,0.047793,0,0.047793,1429 -1
GCP,adapt_p35-659087696138755_a344-99999999999994_364_map.h5,8.82827,10,193,371,54.340912:345.000000,1609,True,20,6,1608,0.937421,8.23578,0,0.0125195,1565 1565 1564 1608 1609 -1
GCP,adapt_p70-52877936550931_a56-24999999999999_471_map.h5,6.88077,10,577,1103,19.471220:56.250000,1177,True,13,5,1177,0.978043,5.83109,0,0.0120369,1110 1110 1176 1177 -1
GCP,adapt_p48-18968510422141_a258-75_192_map.h5,8.87554,10,656,380,41.810314:258.750000,1504,True,10,6,1504,0.993115,8.32716,0,0.012244,1451 1451 1452 1504 1553 -1
GCP,adapt_p60-00000000000001_a180-0_52_map.h5,6.08498,10,135,1112,30.000000:180.000000,1324,False,124,4,1326,0.547215,5.43153,0,0.0138411,1442 1326 1325 -1
GCP,adapt_p23-556464309101234_a337-5_138_map.h5,7.67842,10,256,771,66.443535:337.500000,1716,False,44,4,1743,0.657761,5.4484,0,0.0123797,1651 1743 1744 -1
GCP,adapt_p60-00000000000001_a135-0_86_map.h5,7.60519,10,189,797,30.000000:135.000000,1316,False,55,4,1255,0.425714,5.44439,0,0.0126211,1257 1255 1317 -1
GCP,adapt_p60-00000000000001_a180-0_75_map.h5,6.85936,10,383,1122,30.000000:180.000000,1324,True,15,4,1325,0.854569,4.92034,0,0.0124541,1384 1325 1324 -1
GCP,adapt_p35-659087696138755_a195-0_427_map.h5,7.75078,10,129,708,54.340912:195.000000,1590,True,32,5,1632,0.872088,7.2982,0,0.0130029,1588 1589 1632 1590 -1
GCP,adapt_p70-52877936550931_a56-24999999999999_287_map.h5,8.85033,10,549,369,19.471220:56.250000,1177,True,9,6,1111,0.990529,8.27576,0,0.0124596,1112 1112 1111 1177 1178 -1
GCP,adapt_p35-659087696138755_a344-99999999999994_400_map.h5,6.84175,10,459,1089,54.340912:345.000000,1609,True,13,4,1609,0.831507,4.8347,0,0.0130563,1650 1609 1608 -1
GCP,adapt_p60-00000000000001_a90-0_227_map.h5,8.90356,10,670,363,30.000000:90.000000,1309,True,8,6,1309,0.999993,8.24198,0,0.0122324,1368 1368 1369 1310 1309 -1
GCP,adapt_p60-00000000000001_a224-99999999999997_174_map.h5,8.86911,10,347,363,30.000000:225.000000,1331,False,15,6,1332,0.99794,8.3217,0,0.0126838,1270 1270 1271 1333 1332 -1
GCP,adapt_p60-00000000000001_a224-99999999999997_119_map.h5,8.87515,10,411,376,30.000000:225.000000,1331,True,11,6,1332,0.998946,8.28152,0,0.0126278,1390 1390 1332 1270 1331 -1
GCP,adapt_p35-659087696138755_a105-0_321_map.h5,6.87366,10,533,1118,54.340912:105.000000,1579,True,11,5,1580,0.994387,5.81242,0,0.0121311,1623 1623 1580 1579 -1
GCP,adapt_p60-00000000000001_a180-0_191_map.h5,7.86826,10,431,814,30.000000:180.000000,1324,True,12,5,1382,0.965221,5.89255,0,0.0125473,1323 1323 1382 1324 -1
GCP,adapt_p35-659087696138755_a224-99999999999997_504_map.h5,7.69414,10,150,781,54.340912:225.000000,1594,False,37,5,1500,0.779994,7.45261,0,0.0126882,1595 1549 1499 1500 -1
GCP,adapt_p35-659087696138755_a14-999999999999998_250_map.h5,7.86875,10,549,734,54.340912:15.000000,1568,True,11,5,1613,0.979403,7.31063,0,0.0130401,1568 1569 1613 1568 -1
GCP,adapt_p23-556464309101234_a67-5_525_map.h5,7.89271,10,787,733,66.443535:67.500000,1693,True,9,5,1693,0.999843,5.83161,0,0.012084,1722 1722 1723 1693 -1
GCP,adapt_p80-40593177313954_a90-0_372_map.h5,8.87953,10,557,376,9.594069:90.000000,1051,True,10,6,983,0.987957,8.37314,0,0.0122475,1051 1051 1050 982 983 -1
GCP,adapt_p70-52877936550931_a213-75_206_map.h5,7.86342,10,414,736,19.471220:213.750000,1205,True,12,5,1205,0.978092,7.42287,0,0.01238,1206 1205 1268 1206 -1
GCP,adapt_p70-52877936550931_a281-24999999999994_203_map.h5,8.8535,10,463,389,19.471220:281.250000,1217,True,15,6,1217,0.983294,8.26095,0,0.0123072,1153 1153 1152 1217 1216 -1
GCP,adapt_p70-52877936550931_a146-25_195_map.h5,8.88265,10,629,380,19.471220:146.250000,1193,True,11,6,1127,0.999302,8.29868,0,0.0121341,1192 1192 1193 1127 1128 -1
GCP,adapt_p80-40593177313954_a112-49999999999999_516_map.h5,6.10918,10,91,1153,9.594069:112.500000,1055,False,128,3,1123,0.198933,5.47124,0,0.0136235,983 1123 -1
GCP,adapt_p70-52877936550931_a146-25_15_map.h5,7.89319,10,622,690,19.471220:146.250000,1193,True,8,5,1193,0.989112,5.91451,0,0.0126113,1127 1127 1193 1128 -1
GCP,adapt_p60-00000000000001_a315-0_441_map.h5,5.8569,10,83,1043,30.000000:315.000000,1346,False,169,2,1287,0,0.0148255,0,0.0148255,1669 -1
GCP,adapt_p23-556464309101234_a202-5_274_map.h5,7.79533,10,238,742,66.443535:202.500000,1704,False,24,4,1670,0.668863,4.96092,0,0.0124613,1703 1670 1633 -1
GCP,adapt_p70-52877936550931_a326-24999999999994_448_map.h5,7.84454,10,367,779,19.471220:326.250000,1225,True,17,5,1225,0.951232,7.2977,0,0.0122633,1161 1160 1225 1224 -1
GCP,adapt_p70-52877936550931_a191-25_597_map.h5,7.86054,10,474,764,19.471220:191.250000,1201,True,13,5,1201,0.988893,7.23142,0,0.0122576,1265 1202 1201 1136 -1
GCP,adapt_p60-00000000000001_a0-0_430_map.h5,6.88254,10,558,1136,30.000000:0.000000,1294,True,12,5,1294,0.987648,5.8967,0,0.0122471,1411 1411 1353 1294 -1
GCP,adapt_p70-52877936550931_a236-25_331_map.h5,8.72138,10,216,393,19.471220:236.250000,1209,True,36,5,1209,0.6842,7.28064,0,0.0124191,1144 1209 1210 1211 -1
GCP,adapt_p60-00000000000001_a157-5_340_map.h5,6.83745,10,498,1176,30.000000:157.500000,1320,True,14,5,1320,0.895193,5.90232,0,0.0123406,1319 1319 1378 1320 -1
GCP,adapt_p60-00000000000001_a180-0_587_map.h5,8.88631,10,546,362,30.000000:180.000000,1324,True,10,5,1324,0.992972,7.47783,0,0.0124764,1323 1324 1262 1323 -1
GCP,adapt_p48-18968510422141_a56-24999999999999_407_map.h5,8.79262,10,173,327,41.810314:56.250000,1475,False,26,5,1476,0.84365,7.14736,0,0.0121864,1527 1528 1476 1422 -1
GCP,adapt_p80-40593177313954_a292-5_489_map.h5,7.77787,10,325,787,9.594069:292.500000,1088,True,18,5,1089,0.95767,7.29439,0,0.0129393,1155 1089 1021 1088 -1
GCP,adapt_p23-556464309101234_a202-5_125_map.h5,6.87348,10,638,1044,66.443535:202.500000,1704,True,10,5,1704,0.985019,5.77639,0,0.0123095,1732 1732 1704 1705 -1
GCP,adapt_p23-556464309101234_a157-5_582_map.h5,7.78356,10,205,764,66.443535:157.500000,1701,False,25,5,1667,0.931316,7.32612,0,0.0132581,1668 1667 1666 1629 -1
GCP,adapt_p60-00000000000001_a45-0_390_map.h5,6.69103,10,227,1053,30.000000:45.000000,1301,True,33,4,1303,0.619888,4.90765,0,0.0127939,1301 1302 1303 -1
GCP,adapt_p48-18968510422141_a78-75_396_map.h5,5.15733,10,125,1486,41.810314:78.750000,1478,True,119,3,1475,0.227918,3.53553,0,0.0142652,1478 1475 -1
GCP,adapt_p35-659087696138755_a315-0_510_map.h5,7.84426,10,436,772,54.340912:315.000000,1605,True,11,5,1605,0.995858,5.77873,0,0.0125468,1561 1561 1605 1606 -1
GCP,adapt_p23-556464309101234_a67-5_475_map.h5,8.89311,10,765,374,66.443535:67.500000,1693,True,9,6,1693,0.998456,8.34277,0,0.0126772,1723 1723 1693 1694 1724 -1
GCP,adapt_p35-659087696138755_a224-99999999999997_360_map.h5,8.88027,10,488,385,54.340912:225.000000,1594,True,9,6,1636,0.998542,8.43384,0,0.0125008,1637 1637 1594 1636 1635 -1
GCP,adapt_p70-52877936550931_a146-25_399_map.h5,7.85355,10,400,863,19.471220:146.250000,1193,True,15,5,1128,0.988182,7.29801,0,0.0122491,1192 1193 1127 1128 -1
GCP,adapt_p35-659087696138755_a255-00000000000003_453_map.h5,6.36726,10,146,1121,54.340912:255.000000,1598,False,104,4,1709,0.62752,5.33859,0,0.0133082,1760 1710 1709 -1
GCP,adapt_p80-40593177313954_a247-49999999999997_226_map.h5,8.84364,10,270,360,9.594069:247.500000,1080,True,19,6,1081,0.91989,8.27801,0,0.0121779,1146 1146 1080 1081 1082 -1
GCP,adapt_p70-52877936550931_a101-24999999999999_127_map.h5,8.89358,10,582,431,19.471220:101.250000,1185,True,9,6,1184,0.995472,8.46921,0,0.0122132,1183 1183 1118 1184 1185 -1
GCP,adapt_p23-556464309101234_a202-5_240_map.h5,6.85865,10,423,1130,66.443535:202.500000,1704,False,11,4,1733,0.965034,4.80972,0,0.0131301,1705 1733 1732 -1
GCP,adapt_p60-00000000000001_a45-0_243_map.h5,6.88549,10,486,1167,30.000000:45.000000,1301,True,10,5,1301,0.9941,5.81302,0,0.0122895,1238 1238 1301 1302 -1
GCP,adapt_p35-659087696138755_a224-99999999999997_264_map.h5,6.74992,10,231,1186,54.340912:225.000000,1594,True,30,4,1673,0.599055,4.6969,0,0.0128836,1594 1636 1673 -1
GCP,adapt_p48-18968510422141_a326-24999999999994_225_map.h5,7.82948,10,291,755,41.810314:326.250000,1514,False,17,5,1513,0.92267,7.13788,0,0.0123251,1561 1512 1513 1461 -1
GCP,adapt_p80-40593177313954_a270-0_565_map.h5,5.40087,10,163,1485,9.594069:270.000000,1084,False,74,3,1081,0.190342,3.46361,0,0.0129515,1214 1081 -1
GCP,adapt_p60-00000000000001_a202-49999999999997_83_map.h5,6.8355,10,480,1098,30.000000:202.500000,1328,True,18,4,1385,0.838585,4.84796,0,0.012306,1328 1386 1385 -1
GCP,adapt_p80-40593177313954_a45-0_5_map.h5,8.87553,10,398,357,9.594069:45.000000,1042,True,13,6,1042,0.995228,8.35839,0,0.0122655,1041 1041 1108 1042 1043 -1
GCP,adapt_p60-00000000000001_a45-0_49_map.h5,6.88155,10,594,1144,30.000000:45.000000,1301,True,10,5,1301,0.996438,5.82676,0,0.0122521,1361 1361 1302 1301 -1
GCP,adapt_p35-659087696138755_a224-99999999999997_306_map.h5,8.80653,10,181,405,54.340912:225.000000,1594,True,25,5,1549,0.859504,7.20518,0,0.0122365,1593 1594 1549 1550 -1
GCP,adapt_p80-40593177313954_a0-0_525_map.h5,8.84756,10,326,381,9.594069:0.000000,1034,True,15,6,1034,0.983583,8.34578,0,0.0122384,1033 1033 1100 1166 1034 -1
GCP,adapt_p23-556464309101234_a247-49999999999997_67_map.h5,8.15262,10,151,373,66.443535:247.500000,1708,False,120,5,1598,0.637863,7.89289,0,0.014235,1505 1598 1597 1639 -1
GCP,adapt_p60-00000000000001_a135-0_106_map.h5,6.78955,10,251,1096,30.000000:135.000000,1316,False,26,4,1192,0.737752,4.80002,0,0.012266,1254 1255 1192 -1
GCP,adapt_p70-52877936550931_a56-24999999999999_299_map.h5,7.85855,10,345,762,19.471220:56.250000,1177,True,15,5,1177,0.95631,7.2747,0,0.0122426,1178 1177 1111 1112 -1
GCP,adapt_p70-52877936550931_a258-75_63_map.h5,8.82856,10,178,398,19.471220:258.750000,1213,True,21,5,1213,0.905402,7.55953,0,0.0122328,1212 1213 1214 1148 -1
GCP,adapt_p11-715852394892384_a315-0_599_map.h5,6.86259,10,571,1078,78.284149:315.000000,1778,False,13,4,1779,0.801494,4.67571,0,0.0121915,1780 1779 1791 -1
GCP,adapt_p60-00000000000001_a135-0_72_map.h5,4.77839,10,303,1829,30.000000:135.000000,1316,False,22,4,1253,0.785437,4.78663,0,0.0124197,1190 1253 1315 -1
GCP,adapt_p70-52877936550931_a101-24999999999999_562_map.h5,7.88657,10,650,761,19.471220:101.250000,1185,True,8,5,1185,0.966034,5.94183,0,0.012238,1248 1248 1185 1249 -1
GCP,adapt_p48-18968510422141_a236-25_550_map.h5,6.82962,10,366,1155,41.810314:236.250000,1501,True,18,4,1501,0.796946,4.87288,0,0.0121808,1449 1501 1500 -1
GCP,adapt_p60-00000000000001_a157-5_287_map.h5,6.86567,10,518,1086,30.000000:157.500000,1320,True,14,4,1321,0.908739,4.87331,0,0.0131371,1320 1321 1380 -1
GCP,adapt_p48-18968510422141_a56-24999999999999_559_map.h5,6.88263,10,340,1100,41.810314:56.250000,1475,True,12,5,1475,0.863702,5.78389,0,0.0121838,1420 1420 1474 1475 -1
GCP,adapt_p60-00000000000001_a45-0_436_map.h5,8.64632,10,167,363,30.000000:45.000000,1301,False,46,5,1239,0.574646,7.99347,0,0.0124916,1174 1302 1239 1240 -1
GCP,adapt_p48-18968510422141_a168-74999999999997_146_map.h5,7.86522,10,511,789,41.810314:168.750000,1491,True,12,5,1438,0.981173,7.46454,0,0.012572,1439 1438 1491 1439 -1
GCP,adapt_p70-52877936550931_a168-74999999999997_342_map.h5,6.86754,10,369,1180,19.471220:168.750000,1197,True,14,4,1196,0.920629,4.87424,0,0.0123204,1130 1196 1197 -1
GCP,adapt_p60-00000000000001_a315-0_56_map.h5,4.99644,10,96,1500,30.000000:315.000000,1346,False,135,2,1348,0,0.0143258,0,0.0143258,1214 -1
GCP,adapt_p48-18968510422141_a303-75_66_map.h5,6.27037,10,165,1085,41.810314:303.750000,1510,False,105,2,1284,0,0.013438,0,0.013438,1274 -1
GCP,adapt_p60-00000000000001_a202-49999999999997_208_map.h5,7.36484,10,70,424,30.000000:202.500000,1328,False,255,4,1447,0.26837,7.00484,0,0.0188704,1145 1447 1446 -1
GCP,adapt_p48-18968510422141_a56-24999999999999_159_map.h5,5.8435,10,371,1435,41.810314:56.250000,1475,False,16,4,1526,0.759572,4.78371,0,0.0122992,1474 1526 1527 -1
GCP,adapt_p35-659087696138755_a14-999999999999998_79_map.h5,8.89648,10,664,357,54.340912:15.000000,1568,True,6,6,1568,0.999999,8.25242,0,0.0123082,1569 1569 1568 1612 1613 -1
GCP,adapt_p11-715852394892384_a315-0_150_map.h5,8.89736,10,702,388,78.284149:315.000000,1778,True,10,6,1778,0.999842,8.0579,0,0.0124318,1779 1779 1778 1762 1763 -1
GCP,adapt_p11-715852394892384_a135-0_537_map.h5,7.81443,10,256,739,78.284149:135.000000,1770,True,25,5,1771,0.850538,7.12843,0,0.0123871,1772 1771 1770 1752 -1
GCP,adapt_p35-659087696138755_a105-0_314_map.h5,6.87259,10,454,1129,54.340912:105.000000,1579,True,10,5,1579,0.993074,5.82635,0,0.0122225,1533 1533 1579 1580 -1
GCP,adapt_p80-40593177313954_a270-0_561_map.h5,7.83397,10,453,745,9.594069:270.000000,1084,True,18,5,1085,0.925896,7.37565,0,0.0128521,1086 1151 1085 1084 -1
GCP,adapt_p48-18968510422141_a348-74999999999994_111_map.h5,7.87558,10,400,846,41.810314:348.750000,1517,True,12,5,1517,0.972137,5.91146,0,0.0122089,1566 1566 1517 1565 -1
GCP,adapt_p60-00000000000001_a45-0_440_map.h5,6.8645,10,338,1099,30.000000:45.000000,1301,True,13,5,1301,0.98956,5.81301,0,0.0122848,1238 1238 1301 1302 -1
GCP,adapt_p60-00000000000001_a90-0_238_map.h5,5.79033,10,415,1519,30.000000:90.000000,1309,True,25,4,1309,0.755565,4.90733,0,0.0124749,1308 1309 1310 -1
GCP,adapt_p11-715852394892384_a45-0_2_map.h5,7.01841,10,139,739,78.284149:45.000000,1766,False,147,4,1680,0.404325,5.45871,0,0.0143471,1715 1713 1680 -1
GCP,adapt_p23-556464309101234_a67-5_44_map.h5,6.85834,10,549,1104,66.443535:67.500000,1693,True,14,4,1693,0.833517,4.81369,0,0.0124752,1692 1693 1657 -1
GCP,adapt_p35-659087696138755_a135-0_341_map.h5,7.53909,10,135,694,54.340912:135.000000,1583,False,63,4,1584,0.386355,5.33798,0,0.012692,1487 1584 1585 -1
GCP,adapt_p60-00000000000001_a224-99999999999997_265_map.h5,6.6344,10,144,1141,30.000000:225.000000,1331,False,51,4,1269,0.475618,5.68055,0,0.0123812,1204 1330 1269 -1
GCP,adapt_p70-52877936550931_a326-24999999999994_86_map.h5,7.81249,10,237,772,19.471220:326.250000,1225,True,23,5,1224,0.828844,7.33332,0,0.0123273,1286 1224 1225 1160 -1
GCP,adapt_p80-40593177313954_a247-49999999999997_210_map.h5,7.74357,10,404,748,9.594069:247.500000,1080,False,31,4,1143,0.500203,5.41845,0,0.0122481,1075 1077 1143 -1
GCP,adapt_p48-18968510422141_a168-74999999999997_166_map.h5,5.56869,10,146,1539,41.810314:168.750000,1491,False,55,4,1541,0.540156,5.41716,0,0.0131377,1438 1541 1540 -1
GCP,adapt_p70-52877936550931_a78-75_240_map.h5,7.87433,10,436,763,19.471220:78.750000,1181,True,13,5,1181,0.970239,7.2828,0,0.0124627,1182 1181 1244 1245 -1
GCP,adapt_p35-659087696138755_a255-00000000000003_524_map.h5,6.72248,10,189,1165,54.340912:255.000000,1598,False,33,4,1553,0.618301,4.95114,0,0.0123289,1597 1553 1554 -1
GCP,adapt_p35-659087696138755_a285-0_434_map.h5,6.75152,10,225,1130,54.340912:285.000000,1601,False,31,4,1643,0.515393,5.36757,0,0.0122773,1558 1643 1644 -1
GCP,adapt_p70-52877936550931_a281-24999999999994_394_map.h5,6.79654,10,286,1143,19.471220:281.250000,1217,True,24,4,1152,0.669177,4.73462,0,0.012279,1280 1217 1152 -1
GCP,adapt_p70-52877936550931_a56-24999999999999_431_map.h5,7.78058,10,243,731,19.471220:56.250000,1177,True,30,5,1176,0.86529,7.43014,0,0.0122335,1241 1177 1176 1175 -1
GCP,adapt_p60-00000000000001_a22-5_242_map.h5,7.85256,10,455,788,30.000000:22.500000,1298,True,16,5,1298,0.965082,7.29583,0,0.0122497,1299 1298 1357 1358 -1
GCP,adapt_p70-52877936550931_a303-75_227_map.h5,8.88459,10,436,343,19.471220:303.750000,1221,True,11,6,1283,0.999464,8.29934,0,0.0122349,1221 1221 1220 1283 1284 -1
GCP,adapt_p80-40593177313954_a202-49999999999997_523_map.h5,8.45889,10,132,333,9.594069:202.500000,1072,False,76,5,1138,0.578638,8.07997,0,0.0129304,1007 1139 1138 1137 -1
GCP,adapt_p48-18968510422141_a146-25_35_map.h5,7.86367,10,366,728,41.810314:146.250000,1488,True,13,5,1488,0.934039,7.80661,0,0.0121343,1539 1488 1489 1487 -1
GCP,adapt_p60-00000000000001_a135-0_163_map.h5,5.19351,10,107,1440,30.000000:135.000000,1316,False,112,2,1433,0,0.0133649,0,0.0133649,1384 -1
GCP,adapt_p60-00000000000001_a247-49999999999997_542_map.h5,8.89541,10,702,379,30.000000:247.500000,1335,True,8,6,1336,0.999982,8.31119,0,0.0124227,1335 1335 1336 1275 1274 -1
GCP,adapt_p23-556464309101234_a202-5_217_map.h5,8.89116,10,740,380,66.443535:202.500000,1704,True,9,6,1704,0.999686,8.16096,0,0.0126486,1731 1731 1732 1704 1705 -1
GCP,adapt_p23-556464309101234_a337-5_5_map.h5,6.86943,10,501,1106,66.443535:337.500000,1716,True,11,5,1716,0.97341,5.76423,0,0.0123787,1742 1742 1716 1717 -1
GCP,adapt_p70-52877936550931_a303-75_123_map.h5,8.66236,10,126,390,19.471220:303.750000,1221,True,44,5,1220,0.593895,8.20429,0,0.0124351,1401 1220 1221 1156 -1
GCP,adapt_p70-52877936550931_a213-75_89_map.h5,7.87167,10,484,747,19.471220:213.750000,1205,True,13,5,1205,0.997002,7.30897,0,0.0121535,1140 1139 1204 1205 -1
GCP,adapt_p23-556464309101234_a292-5_258_map.h5,8.88118,10,462,373,66.443535:292.500000,1712,True,11,6,1680,0.984203,8.53461,0,0.0126078,1679 1679 1644 1680 1712 -1
GCP,adapt_p80-40593177313954_a202-49999999999997_129_map.h5,7.73799,10,271,728,9.594069:202.500000,1072,False,24,4,1071,0.639393,5.41057,0,0.0128154,1073 1071 1137 -1
GCP,adapt_p35-659087696138755_a165-0_415_map.h5,8.80429,10,309,378,54.340912:165.000000,1587,True,16,5,1587,0.968814,7.37142,0,0.0125157,1588 1587 1586 1541 -1
GCP,adapt_p35-659087696138755_a224-99999999999997_456_map.h5,7.78658,10,137,766,54.340912:225.000000,1594,True,26,5,1594,0.860377,7.20515,0,0.0122136,1550 1549 1594 1593 -1
GCP,adapt_p60-00000000000001_a67-5_90_map.h5,7.89661,10,557,730,30.000000:67.500000,1305,True,9,5,1364,0.995725,5.80004,0,0.0122007,1305 1305 1364 1365 -1
GCP,adapt_p60-00000000000001_a292-5_184_map.h5,6.87327,10,489,1116,30.000000:292.500000,1343,True,12,4,1401,0.914251,4.80047,0,0.0125253,1400 1401 1343 -1
GCP,adapt_p48-18968510422141_a348-74999999999994_431_map.h5,8.88691,10,586,370,41.810314:348.750000,1517,True,10,6,1517,0.999735,8.28466,0,0.0129031,1516 1516 1517 1465 1466 -1
GCP,adapt_p23-556464309101234_a157-5_157_map.h5,7.79931,10,179,726,66.443535:157.500000,1701,False,23,5,1666,0.881498,7.36919,0,0.0124854,1667 1666 1665 1628 -1
GCP,adapt_p48-18968510422141_a236-25_35_map.h5,8.81535,10,254,349,41.810314:236.250000,1501,True,20,5,1551,0.796453,7.2179,0,0.0124448,1500 1501 1551 1552 -1
GCP,adapt_p70-52877936550931_a33-75_411_map.h5,8.86462,10,379,401,19.471220:33.750000,1173,True,15,6,1173,0.996284,8.31802,0,0.0121684,1174 1174 1173 1236 1237 -1
GCP,adapt_p60-00000000000001_a67-5_341_map.h5,7.88803,10,360,740,30.000000:67.500000,1305,True,11,5,1306,0.983668,5.80756,0,0.0127552,1365 1365 1306 1305 -1
GCP,adapt_p70-52877936550931_a236-25_593_map.h5,7.83435,10,362,748,19.471220:236.250000,1209,True,16,5,1210,0.884784,7.2779,0,0.0124565,1144 1209 1210 1211 -1
GCP,adapt_p70-52877936550931_a56-24999999999999_546_map.h5,8.89366,10,735,366,19.471220:56.250000,1177,True,8,6,1177,0.999968,8.27229,0,0.013126,1111 1111 1112 1178 1177 -1
GCP,adapt_p70-52877936550931_a123-74999999999999_273_map.h5,8.89161,10,554,328,19.471220:123.750000,1189,True,9,6,1189,0.999692,8.27077,0,0.0121829,1188 1188 1189 1190 1253 -1
GCP,adapt_p80-40593177313954_a292-5_447_map.h5,8.63933,10,174,400,9.594069:292.500000,1088,False,40,5,1151,0.691704,7.2571,0,0.0124663,1216 1151 1152 1153 -1
GCP,adapt_p23-556464309101234_a22-5_559_map.h5,8.83732,10,178,342,66.443535:22.500000,1689,True,18,6,1689,0.963682,8.14531,0,0.0124696,1719 1719 1689 1688 1652 -1
GCP,adapt_p48-18968510422141_a258-75_83_map.h5,6.23634,10,183,1106,41.810314:258.750000,1504,True,104,4,1504,0.303551,5.30454,0,0.0132665,1598 1504 1452 -1
GCP,adapt_p60-00000000000001_a315-0_502_map.h5,7.87762,10,520,716,30.000000:315.000000,1346,True,11,5,1346,0.995382,5.80599,0,0.0121684,1285 1285 1346 1347 -1
GCP,adapt_p48-18968510422141_a326-24999999999994_208_map.h5,6.78622,10,268,1045,41.810314:326.250000,1514,False,18,4,1513,0.845834,4.71361,0,0.0125901,1461 1513 1562 -1
GCP,adapt_p80-40593177313954_a224-99999999999997_483_map.h5,6.86106,10,469,1084,9.594069:225.000000,1076,True,14,5,1076,0.87926,5.91203,0,0.0127447,1009 1009 1076 1075 -1
GCP,adapt_p35-659087696138755_a344-99999999999994_190_map.h5,7.83643,10,295,728,54.340912:345.000000,1609,False,19,5,1649,0.950187,7.20869,0,0.0123633,1684 1685 1649 1650 -1
GCP,adapt_p60-00000000000001_a22-5_96_map.h5,6.86163,10,447,1135,30.000000:22.500000,1298,True,12,4,1298,0.676878,4.85805,0,0.0121737,1297 1298 1357 -1
GCP,adapt_p60-00000000000001_a202-49999999999997_115_map.h5,8.85865,10,240,404,30.000000:202.500000,1328,True,15,6,1328,0.987928,8.26085,0,0.0131453,1267 1267 1266 1328 1327 -1
GCP,adapt_p70-52877936550931_a258-75_176_map.h5,8.87667,10,420,361,19.471220:258.750000,1213,True,13,6,1212,0.967008,8.37221,0,0.0121329,1275 1275 1213 1212 1147 -1
GCP,adapt_p23-556464309101234_a247-49999999999997_17_map.h5,7.89265,10,597,745,66.443535:247.500000,1708,True,9,5,1709,0.988146,5.75111,0,0.0131387,1736 1736 1709 1708 -1
GCP,adapt_p35-659087696138755_a315-0_39_map.h5,4.76162,10,302,1875,54.340912:315.000000,1605,False,26,3,1647,0.389517,2.42591,0,0.0121815,1648 1647 -1
GCP,adapt_p70-52877936550931_a101-24999999999999_117_map.h5,7.74745,10,234,771,19.471220:101.250000,1185,True,31,5,1185,0.854876,7.49704,0,0.0123594,1118 1185 1186 1120 -1
GCP,adapt_p70-52877936550931_a78-75_533_map.h5,6.83557,10,281,1110,19.471220:78.750000,1181,True,18,4,1181,0.720702,4.91888,0,0.0122359,1180 1181 1182 -1
GCP,adapt_p80-40593177313954_a337-49999999999994_377_map.h5,8.86147,10,428,383,9.594069:337.500000,1097,True,15,6,1096,0.970118,8.34397,0,0.0123174,1162 1162 1163 1097 1096 -1
GCP,adapt_p35-659087696138755_a224-99999999999997_59_map.h5,5.82554,10,456,1513,54.340912:225.000000,1594,False,12,5,1636,0.973759,5.77391,0,0.0122469,1595 1595 1637 1636 -1
GCP,adapt_p60-00000000000001_a247-49999999999997_224_map.h5,7.87735,10,436,813,30.000000:247.500000,1335,True,10,5,1335,0.969933,7.40614,0,0.012464,1394 1393 1335 1394 -1
GCP,adapt_p23-556464309101234_a22-5_277_map.h5,8.89734,10,564,417,66.443535:22.500000,1689,True,10,6,1689,0.999559,8.15965,0,0.0124301,1690 1690 1689 1653 1652 -1
GCP,adapt_p48-18968510422141_a146-25_230_map.h5,8.82809,10,229,332,41.810314:146.250000,1488,True,18,5,1435,0.951161,7.41079,0,0.0127114,1436 1435 1434 1488 -1
GCP,adapt_p23-556464309101234_a22-5_532_map.h5,7.87214,10,510,725,66.443535:22.500000,1689,True,13,5,1689,0.991319,7.14441,0,0.0126593,1652 1688 1689 1719 -1
GCP,adapt_p60-00000000000001_a157-5_384_map.h5,6.86652,10,528,1041,30.000000:157.500000,1320,True,12,5,1320,0.993186,5.86347,0,0.0122842,1379 1379 1320 1321 -1
GCP,adapt_p48-18968510422141_a191-25_591_map.h5,6.84456,10,488,1088,41.810314:191.250000,1494,True,15,4,1441,0.89829,4.79209,0,0.0122531,1440 1441 1494 -1
GCP,adapt_p70-52877936550931_a281-24999999999994_137_map.h5,8.87031,10,479,365,19.471220:281.250000,1217,True,15,5,1217,0.966921,7.56476,0,0.0124825,1218 1217 1216 1152 -1
GCP,adapt_p11-715852394892384_a45-0_377_map.h5,8.68001,10,147,391,78.284149:45.000000,1766,False,42,5,1744,0.792903,7.08203,0,0.0127787,1720 1746 1745 1744 -1
GCP,adapt_p48-18968510422141_a348-74999999999994_488_map.h5,8.88249,10,475,380,41.810314:348.750000,1517,True,10,6,1517,0.998505,8.28407,0,0.0123115,1516 1516 1517 1465 1466 -1
GCP,adapt_p35-659087696138755_a14-999999999999998_598_map.h5,7.89967,10,643,764,54.340912:15.000000,1568,True,7,5,1569,0.999961,7.30954,0,0.0121393,1568 1569 1613 1568 -1
GCP,adapt_p35-659087696138755_a105-0_108_map.h5,8.88757,10,526,389,54.340912:105.000000,1579,False,9,6,1622,0.999673,8.23041,0,0.0122289,1661 1661 1660 1622 1623 -1
GCP,adapt_p70-52877936550931_a146-25_533_map.h5,8.87797,10,545,403,19.471220:146.250000,1193,True,11,6,1193,0.999036,8.29932,0,0.0128037,1194 1194 1193 1127 1128 -1
GCP,adapt_p48-18968510422141_a213-75_26_map.h5,6.84357,10,360,1084,41.810314:213.750000,1497,True,17,4,1498,0.659535,4.82231,0,0.0122293,1445 1498 1497 -1
GCP,adapt_p80-40593177313954_a202-49999999999997_273_map.h5,8.84859,10,363,343,9.594069:202.500000,1072,True,14,6,1072,0.99191,8.35149,0,0.0121879,1005 1005 1072 1004 1071 -1
GCP,adapt_p35-659087696138755_a45-0_154_map.h5,6.84559,10,399,1102,54.340912:45.000000,1572,True,17,4,1526,0.840109,4.78247,0,0.0132252,1572 1525 1526 -1
GCP,adapt_p60-00000000000001_a202-49999999999997_40_map.h5,6.8778,10,597,1168,30.000000:202.500000,1328,False,11,5,1327,0.984296,5.87058,0,0.0130269,1385 1385 1327 1326 -1
GCP,adapt_p35-659087696138755_a224-99999999999997_464_map.h5,8.66718,10,121,347,54.340912:225.000000,1594,True,45,5,1592,0.703309,7.21755,0,0.0126238,1594 1593 1592 1634 -1
GCP,adapt_p35-659087696138755_a165-0_186_map.h5,8.86145,10,423,346,54.340912:165.000000,1587,True,14,6,1587,0.999877,8.22562,0,0.0123738,1630 1630 1629 1586 1587 -1
GCP,adapt_p48-18968510422141_a33-75_259_map.h5,8.75858,10,182,370,41.810314:33.750000,1471,True,32,5,1416,0.760107,7.72817,0,0.0132065,1298 1416 1417 1471 -1
GCP,adapt_p80-40593177313954_a202-49999999999997_423_map.h5,8.88558,10,483,348,9.594069:202.500000,1072,True,12,6,1072,0.99968,8.8308,0,0.0122169,1004 1004 1073 1072 1071 -1
GCP,adapt_p48-18968510422141_a11-25_34_map.h5,6.80428,10,252,1121,41.810314:11.250000,1468,True,21,4,1468,0.823532,4.84309,0,0.0125184,1467 1468 1414 -1
GCP,adapt_p60-00000000000001_a67-5_284_map.h5,6.86355,10,423,1117,30.000000:67.500000,1305,True,15,4,1364,0.846697,4.80894,0,0.0122404,1304 1305 1364 -1
GCP,adapt_p48-18968510422141_a123-74999999999999_339_map.h5,7.82366,10,309,772,41.810314:123.750000,1484,True,19,5,1484,0.908582,7.47814,0,0.0121491,1536 1484 1430 1431 -1
GCP,adapt_p48-18968510422141_a33-75_465_map.h5,6.8591,10,414,1118,41.810314:33.750000,1471,False,15,5,1417,0.982834,5.80227,0,0.0126943,1472 1472 1418 1417 -1
GCP,adapt_p70-52877936550931_a101-24999999999999_528_map.h5,8.77756,10,228,339,19.471220:101.250000,1185,True,25,5,1186,0.87818,7.26089,0,0.0122567,1119 1120 1186 1185 -1
GCP,adapt_p70-52877936550931_a303-75_510_map.h5,5.59327,10,110,1559,19.471220:303.750000,1221,False,53,3,1161,0.217406,4.45604,0,0.0125632,1284 1161 -1
GCP,adapt_p70-52877936550931_a191-25_517_map.h5,5.84337,10,490,1438,19.471220:191.250000,1201,True,14,4,1201,0.901513,4.80855,0,0.0124336,1264 1201 1202 -1
GCP,adapt_p70-52877936550931_a213-75_439_map.h5,4.98554,10,174,1473,19.471220:213.750000,1205,False,143,3,1137,0.148969,3.36816,0,0.0142309,1327 1137 -1
GCP,adapt_p80-40593177313954_a202-49999999999997_61_map.h5,6.78359,10,504,1034,9.594069:202.500000,1072,True,17,4,1072,0.955458,4.91036,0,0.0122061,1004 1072 1073 -1
GCP,adapt_p70-52877936550931_a191-25_581_map.h5,7.84462,10,456,760,19.471220:191.250000,1201,True,15,5,1202,0.940386,7.25133,0,0.013192,1264 1265 1202 1201 -1
GCP,adapt_p48-18968510422141_a123-74999999999999_317_map.h5,7.84183,10,284,767,41.810314:123.750000,1484,True,18,5,1484,0.934301,7.25714,0,0.0130055,1535 1484 1431 1485 -1
GCP,adapt_p23-556464309101234_a157-5_564_map.h5,7.87042,10,470,747,66.443535:157.500000,1701,True,13,5,1701,0.984522,7.1571,0,0.0123907,1730 1729 1701 1700 -1
GCP,adapt_p60-00000000000001_a112-49999999999999_63_map.h5,5.84057,10,424,1490,30.000000:112.500000,1313,True,16,4,1312,0.701953,4.9071,0,0.0122411,1311 1312 1313 -1
GCP,adapt_p48-18968510422141_a213-75_405_map.h5,6.78614,10,225,1161,41.810314:213.750000,1497,False,26,4,1328,0.764894,5.07571,0,0.0126605,1267 1328 1387 -1
GCP,adapt_p70-52877936550931_a146-25_544_map.h5,7.82644,10,371,754,19.471220:146.250000,1193,True,19,5,1255,0.777329,7.25185,0,0.0123646,1193 1256 1318 1255 -1
GCP,adapt_p70-52877936550931_a258-75_210_map.h5,6.68329,10,169,1181,19.471220:258.750000,1213,False,40,4,1149,0.60617,5.03494,0,0.0125273,1215 1149 1083 -1
GCP,adapt_p60-00000000000001_a157-5_185_map.h5,7.88964,10,689,714,30.000000:157.500000,1320,True,9,5,1321,0.998862,5.86353,0,0.0121465,1379 1379 1320 1321 -1
GCP,adapt_p48-18968510422141_a348-74999999999994_256_map.h5,8.89082,10,407,394,41.810314:348.750000,1517,True,10,6,1518,0.988368,8.34344,0,0.0129775,1466 1466 1517 1566 1518 -1
GCP,adapt_p70-52877936550931_a191-25_557_map.h5,7.86462,10,370,738,19.471220:191.250000,1201,False,14,5,1135,0.951991,7.25669,0,0.0121872,1070 1069 1135 1136 -1
GCP,adapt_p70-52877936550931_a11-25_93_map.h5,8.8665,10,356,400,19.471220:11.250000,1169,True,14,6,1169,0.987649,8.33904,0,0.0123072,1233 1233 1232 1169 1168 -1
GCP,adapt_p60-00000000000001_a0-0_460_map.h5,8.49409,10,70,422,30.000000:0.000000,1294,False,76,4,1409,0.445036,6.58746,0,0.0127291,1166 1409 1408 -1
GCP,adapt_p48-18968510422141_a303-75_28_map.h5,5.6723,10,121,1462,41.810314:303.750000,1510,False,44,4,1551,0.586276,5.35746,0,0.0125088,1553 1596 1551 -1
GCP,adapt_p48-18968510422141_a56-24999999999999_16_map.h5,6.86866,10,491,1154,41.810314:56.250000,1475,True,11,4,1420,0.843526,4.7816,0,0.0121242,1475 1474 1420 -1
GCP,adapt_p35-659087696138755_a195-0_178_map.h5,6.61785,10,71,785,54.340912:195.000000,1590,False,204,2,1570,0,0.0164634,0,0.0164634,1636 -1
GCP,adapt_p70-52877936550931_a101-24999999999999_310_map.h5,7.86962,10,559,764,19.471220:101.250000,1185,True,11,5,1119,0.987977,5.8059,0,0.0121661,1185 1185 1119 1120 -1
GCP,adapt_p60-00000000000001_a247-49999999999997_358_map.h5,7.85748,10,525,773,30.000000:247.500000,1335,True,14,5,1336,0.891151,7.3255,0,0.0123281,1275 1274 1335 1336 -1
GCP,adapt_p23-556464309101234_a67-5_147_map.h5,6.87365,10,550,1120,66.443535:67.500000,1693,False,10,5,1722,0.982012,5.75141,0,0.0121479,1747 1747 1721 1722 -1
GCP,adapt_p70-52877936550931_a101-24999999999999_53_map.h5,8.89848,10,796,400,19.471220:101.250000,1185,True,8,6,1185,0.999994,8.26001,0,0.012326,1119 1119 1118 1184 1185 -1
GCP,adapt_p80-40593177313954_a292-5_169_map.h5,6.35906,10,89,1049,9.594069:292.500000,1088,False,82,4,1222,0.42366,5.21903,0,0.0127346,1286 1222 1157 -1
GCP,adapt_p60-00000000000001_a45-0_119_map.h5,4.28057,10,219,1904,30.000000:45.000000,1301,False,99,3,1419,0.238846,3.04044,0,0.0132454,1421 1419 -1
GCP,adapt_p48-18968510422141_a56-24999999999999_516_map.h5,8.78411,10,131,350,41.810314:56.250000,1475,False,31,5,1421,0.755611,7.22638,0,0.0126921,1364 1363 1421 1420 -1
GCP,adapt_p11-715852394892384_a225-0_181_map.h5,7.88644,10,588,733,78.284149:225.000000,1774,True,9,5,1775,0.981791,7.22159,0,0.0123767,1757 1774 1775 1757 -1
GCP,adapt_p80-40593177313954_a247-49999999999997_187_map.h5,6.78737,10,482,1131,9.594069:247.500000,1080,True,18,4,1081,0.743457,4.91059,0,0.0124286,1012 1080 1081 -1
GCP,adapt_p60-00000000000001_a337-49999999999994_319_map.h5,6.55089,10,158,1076,30.000000:337.500000,1350,True,60,4,1350,0.529798,5.43525,0,0.0129346,1226 1350 1351 -1
GCP,adapt_p80-40593177313954_a45-0_447_map.h5,8.82431,10,213,356,9.594069:45.000000,1042,True,20,5,1041,0.909086,7.32102,0,0.0124794,1040 1041 1042 1108 -1
GCP,adapt_p11-715852394892384_a45-0_318_map.h5,8.85245,10,212,380,78.284149:45.000000,1766,True,15,6,1766,0.989779,8.04099,0,0.0123442,1746 1746 1766 1767 1747 -1
GCP,adapt_p70-52877936550931_a33-75_170_map.h5,8.75452,10,149,402,19.471220:33.750000,1173,True,28,5,1173,0.821356,7.2723,0,0.0122685,1040 1106 1172 1173 -1
GCP,adapt_p60-00000000000001_a247-49999999999997_27_map.h5,8.86029,10,272,389,30.000000:247.500000,1335,True,15,6,1393,0.9976,8.24866,0,0.0125346,1334 1334 1335 1393 1392 -1
GCP,adapt_p48-18968510422141_a146-25_529_map.h5,7.88972,10,777,736,41.810314:146.250000,1488,True,7,5,1434,0.966816,5.91014,0,0.0120606,1435 1435 1488 1434 -1
GCP,adapt_p48-18968510422141_a168-74999999999997_157_map.h5,6.87451,10,578,1056,41.810314:168.750000,1491,True,10,4,1491,0.902358,4.78284,0,0.0123077,1492 1491 1438 -1
GCP,adapt_p48-18968510422141_a123-74999999999999_58_map.h5,7.84567,10,264,782,41.810314:123.750000,1484,True,16,5,1484,0.955396,7.27692,0,0.0121284,1432 1485 1484 1431 -1
GCP,adapt_p35-659087696138755_a195-0_144_map.h5,7.79947,10,277,754,54.340912:195.000000,1590,True,21,5,1633,0.869311,7.22655,0,0.0123361,1634 1633 1591 1590 -1
GCP,adapt_p70-52877936550931_a191-25_354_map.h5,8.88287,10,417,371,19.471220:191.250000,1201,True,13,6,1201,0.997041,8.25192,0,0.0129525,1263 1263 1264 1201 1200 -1
GCP,adapt_p35-659087696138755_a14-999999999999998_561_map.h5,6.86524,10,474,1036,54.340912:15.000000,1568,True,13,4,1568,0.936755,4.82957,0,0.0125682,1520 1521 1568 -1
GCP,adapt_p23-556464309101234_a202-5_294_map.h5,7.82362,10,210,782,66.443535:202.500000,1704,True,21,5,1704,0.914173,7.16365,0,0.0121907,1669 1670 1704 1703 -1
GCP,adapt_p35-659087696138755_a224-99999999999997_144_map.h5,7.88842,10,528,739,54.340912:225.000000,1594,True,10,5,1594,0.948959,7.40258,0,0.0123901,1595 1594 1636 1595 -1
GCP,adapt_p48-18968510422141_a56-24999999999999_413_map.h5,6.80044,10,230,1078,41.810314:56.250000,1475,False,24,4,1421,0.806858,5.08185,0,0.0123576,1362 1421 1422 -1
GCP,adapt_p60-00000000000001_a337-49999999999994_569_map.h5,7.75198,10,73,413,30.000000:337.500000,1350,False,188,3,1289,0.304518,6.16501,0,0.0156787,969 1289 -1
GCP,adapt_p35-659087696138755_a135-0_397_map.h5,8.87359,10,472,364,54.340912:135.000000,1583,True,13,6,1583,0.999704,8.19369,0,0.0121979,1625 1625 1626 1583 1582 -1
GCP,adapt_p70-52877936550931_a11-25_470_map.h5,6.88242,10,526,1116,19.471220:11.250000,1169,True,12,5,1169,0.995914,5.88914,0,0.0124012,1103 1103 1169 1170 -1
GCP,adapt_p60-00000000000001_a270-0_313_map.h5,7.88099,10,572,699,30.000000:270.000000,1339,True,12,5,1339,0.988865,5.92896,0,0.0128031,1338 1338 1277 1339 -1
GCP,adapt_p70-52877936550931_a56-24999999999999_86_map.h5,6.79248,10,377,1159,19.471220:56.250000,1177,False,22,5,1110,0.854931,5.82647,0,0.012325,1176 1176 1110 1111 -1
GCP,adapt_p48-18968510422141_a348-74999999999994_171_map.h5,6.85155,10,400,1026,41.810314:348.750000,1517,False,15,4,1465,0.955666,4.88065,0,0.0122632,1464 1465 1466 -1
GCP,adapt_p60-00000000000001_a292-5_330_map.h5,6.849,10,509,1135,30.000000:292.500000,1343,True,14,4,1342,0.764589,4.90766,0,0.0127966,1341 1342 1343 -1
GCP,adapt_p35-659087696138755_a165-0_87_map.h5,6.78058,10,169,1167,54.340912:165.000000,1587,False,26,4,1493,0.687975,5.09029,0,0.0122138,1441 1493 1544 -1
GCP,adapt_p80-40593177313954_a90-0_45_map.h5,8.77918,10,248,339,9.594069:90.000000,1051,False,27,5,1050,0.935811,7.37151,0,0.0126363,983 1050 1116 1049 -1
GCP,adapt_p60-00000000000001_a337-49999999999994_473_map.h5,7.85964,10,458,684,30.000000:337.500000,1350,True,13,5,1350,0.979836,7.29114,0,0.0121743,1289 1290 1351 1350 -1
GCP,adapt_p70-52877936550931_a11-25_207_map.h5,8.8902,10,553,385,19.471220:11.250000,1169,True,8,6,1169,0.999261,8.40603,0,0.0126009,1103 1103 1170 1169 1102 -1
GCP,adapt_p23-556464309101234_a247-49999999999997_150_map.h5,6.86265,10,528,1151,66.443535:247.500000,1708,False,13,5,1675,0.775127,5.96794,0,0.012149,1676 1676 1709 1675 -1
GCP,adapt_p80-40593177313954_a135-0_181_map.h5,6.8617,10,572,1159,9.594069:135.000000,1059,False,13,5,1126,0.946168,5.8308,0,0.012108,1191 1191 1125 1126 -1
GCP,adapt_p48-18968510422141_a146-25_566_map.h5,8.8415,10,596,340,41.810314:146.250000,1488,True,10,6,1488,0.999973,8.24169,0,0.0123284,1434 1434 1435 1488 1487 -1
GCP,adapt_p23-556464309101234_a247-49999999999997_184_map.h5,7.96265,10,51,421,66.443535:247.500000,1708,False,166,3,1595,0.168868,7.92362,0,0.0147851,1695 1595 -1
GCP,adapt_p48-18968510422141_a236-25_428_map.h5,7.83483,10,551,757,41.810314:236.250000,1501,True,12,5,1448,0.980602,7.31653,0,0.0129515,1501 1448 1449 1501 -1
GCP,adapt_p80-40593177313954_a112-49999999999999_566_map.h5,8.86565,10,389,413,9.594069:112.500000,1055,True,15,6,1056,0.992985,8.27152,0,0.0121426,1121 1121 1122 1056 1055 -1
GCP,adapt_p48-18968510422141_a213-75_330_map.h5,8.88134,10,413,394,41.810314:213.750000,1497,True,11,6,1498,0.97875,8.25806,0,0.0124578,1497 1497 1498 1445 1446 -1
GCP,adapt_p60-00000000000001_a180-0_36_map.h5,4.73958,10,303,1870,30.000000:180.000000,1324,False,31,3,1262,0.421381,2.68029,0,0.0122493,1325 1262 -1
GCP,adapt_p80-40593177313954_a337-49999999999994_125_map.h5,8.88116,10,471,376,9.594069:337.500000,1097,True,11,6,1097,0.982465,8.34211,0,0.0126398,1096 1096 1097 1163 1162 -1
GCP,adapt_p23-556464309101234_a22-5_19_map.h5,8.88625,10,377,368,66.443535:22.500000,1689,True,11,5,1689,0.99283,7.43175,0,0.012549,1690 1689 1719 1690 -1
GCP,adapt_p60-00000000000001_a45-0_176_map.h5,7.82879,10,307,749,30.000000:45.000000,1301,True,17,5,1237,0.902511,7.24872,0,0.0130164,1236 1237 1238 1301 -1
GCP,adapt_p70-52877936550931_a33-75_113_map.h5,6.81724,10,341,1177,19.471220:33.750000,1173,True,21,4,1236,0.663001,4.87582,0,0.0125542,1174 1173 1236 -1
GCP,adapt_p70-52877936550931_a213-75_152_map.h5,8.88852,10,402,355,19.471220:213.750000,1205,True,12,6,1205,0.998989,8.29547,0,0.0122817,1140 1140 1141 1206 1205 -1
GCP,adapt_p60-00000000000001_a45-0_563_map.h5,6.83864,10,268,1233,30.000000:45.000000,1301,True,15,4,1360,0.798615,4.82157,0,0.012191,1359 1360 1301 -1
GCP,adapt_p48-18968510422141_a281-24999999999994_424_map.h5,7.76614,10,189,785,41.810314:281.250000,1507,False,26,5,1342,0.901757,7.24475,0,0.0126834,1401 1400 1342 1343 -1
GCP,adapt_p23-556464309101234_a157-5_305_map.h5,6.8887,10,591,1137,66.443535:157.500000,1701,True,10,5,1701,0.999503,5.77374,0,0.0120966,1729 1729 1701 1700 -1
GCP,adapt_p80-40593177313954_a22-5_581_map.h5,8.87974,10,464,392,9.594069:22.500000,1038,True,13,6,1038,0.998169,8.33948,0,0.0130528,1105 1105 1104 1038 1037 -1
GCP,adapt_p60-00000000000001_a157-5_276_map.h5,8.87569,10,573,367,30.000000:157.500000,1320,True,8,6,1320,0.999671,8.30097,0,0.0120926,1378 1378 1379 1320 1319 -1
GCP,adapt_p70-52877936550931_a348-74999999999994_407_map.h5,5.64827,10,210,1403,19.471220:348.750000,1229,False,46,4,1230,0.607691,4.91377,0,0.0125176,1292 1230 1167 -1
GCP,adapt_p70-52877936550931_a146-25_308_map.h5,6.40627,10,204,1137,19.471220:146.250000,1193,False,68,3,1370,0.446379,5.64609,0,0.0125408,1192 1370 -1
GCP,adapt_p60-00000000000001_a337-49999999999994_198_map.h5,8.86478,10,465,403,30.000000:337.500000,1350,True,12,6,1351,0.904153,8.31225,0,0.012957,1408 1408 1409 1351 1350 -1
GCP,adapt_p60-00000000000001_a67-5_214_map.h5,6.85905,10,473,1113,30.000000:67.500000,1305,True,13,5,1305,0.911134,5.80735,0,0.0127563,1243 1243 1306 1305 -1
GCP,adapt_p35-659087696138755_a45-0_35_map.h5,6.75742,10,107,1188,54.340912:45.000000,1572,False,30,4,1656,0.713862,5.04845,0,0.0123942,1616 1656 1692 -1
GCP,adapt_p60-00000000000001_a157-5_313_map.h5,6.68126,10,65,365,30.000000:157.500000,1320,False,361,2,1258,0,0.0243276,0,0.0243276,1016 -1
GCP,adapt_p35-659087696138755_a224-99999999999997_98_map.h5,7.85925,10,339,807,54.340912:225.000000,1594,True,13,5,1636,0.978337,7.19248,0,0.0125816,1593 1594 1636 1635 -1
GCP,adapt_p60-00000000000001_a337-49999999999994_32_map.h5,8.884,10,510,367,30.000000:337.500000,1350,True,11,6,1351,0.999228,8.28121,0,0.0128014,1290 1290 1289 1350 1351 -1
GCP,adapt_p70-52877936550931_a213-75_408_map.h5,7.80623,10,256,759,19.471220:213.750000,1205,True,23,5,1268,0.919006,7.25404,0,0.0125766,1206 1205 1268 1267 -1
GCP,adapt_p70-52877936550931_a281-24999999999994_255_map.h5,7.88168,10,563,713,19.471220:281.250000,1217,True,12,5,1217,0.941743,5.91991,0,0.0121248,1216 1216 1279 1217 -1
GCP,adapt_p80-40593177313954_a135-0_340_map.h5,5.79932,10,304,1522,9.594069:135.000000,1059,False,20,5,1126,0.913873,5.80978,0,0.0124992,1061 1061 1127 1126 -1
GCP,adapt_p48-18968510422141_a348-74999999999994_537_map.h5,8.80355,10,180,354,41.810314:348.750000,1517,False,24,5,1411,0.885537,7.30015,0,0.0122486,1465 1466 1410 1411 -1
GCP,adapt_p48-18968510422141_a326-24999999999994_410_map.h5,6.87347,10,592,1120,41.810314:326.250000,1514,False,11,5,1461,0.995456,5.80418,0,0.0123303,1513 1513 1461 1462 -1
GCP,adapt_p35-659087696138755_a165-0_8_map.h5,6.8667,10,590,1082,54.340912:165.000000,1587,True,12,5,1587,0.982103,5.91211,0,0.0120933,1630 1630 1587 1629 -1
GCP,adapt_p48-18968510422141_a281-24999999999994_204_map.h5,8.89514,10,464,389,41.810314:281.250000,1507,True,10,5,1455,0.999488,5.79918,0,0.0126521,1507 1507 1455 1456 -1
GCP,adapt_p80-40593177313954_a315-0_297_map.h5,7.89362,10,597,725,9.594069:315.000000,1093,False,10,5,1092,0.985829,5.90806,0,0.0121803,1091 1091 1157 1092 -1
GCP,adapt_p23-556464309101234_a292-5_18_map.h5,4.36539,10,58,1496,66.443535:292.500000,1712,False,240,2,1512,0,0.0171244,0,0.0171244,1215 -1
GCP,adapt_p48-18968510422141_a123-74999999999999_366_map.h5,8.89566,10,738,400,41.810314:123.750000,1484,True,9,6,1485,0.999945,8.21364,0,0.0121264,1431 1431 1484 1485 1536 -1
GCP,adapt_p80-40593177313954_a22-5_516_map.h5,8.66419,10,102,361,9.594069:22.500000,1038,False,45,5,1102,0.769848,7.36441,0,0.0126235,1165 1166 1101 1102 -1
GCP,adapt_p60-00000000000001_a202-49999999999997_221_map.h5,8.89564,10,662,389,30.000000:202.500000,1328,True,7,6,1328,0.999928,8.29855,0,0.0121691,1327 1327 1328 1386 1385 -1
GCP,adapt_p35-659087696138755_a315-0_75_map.h5,8.8844,10,590,399,54.340912:315.000000,1605,True,7,6,1605,0.999965,8.19826,0,0.0133148,1646 1646 1647 1606 1605 -1
GCP,adapt_p80-40593177313954_a270-0_35_map.h5,8.88465,10,643,387,9.594069:270.000000,1084,True,9,6,1084,0.984076,8.35147,0,0.0121614,1083 1083 1016 1084 1017 -1
GCP,adapt_p60-00000000000001_a67-5_523_map.h5,7.85508,10,371,782,30.000000:67.500000,1305,True,16,5,1364,0.976739,7.49355,0,0.0127295,1363 1364 1365 1305 -1
GCP,adapt_p60-00000000000001_a135-0_412_map.h5,8.89136,10,683,359,30.000000:135.000000,1316,True,9,6,1317,0.999988,8.27436,0,0.0124269,1375 1375 1376 1317 1316 -1
GCP,adapt_p11-715852394892384_a135-0_208_map.h5,8.76234,10,186,364,78.284149:135.000000,1770,True,31,5,1751,0.901568,7.0521,0,0.0124665,1769 1770 1751 1752 -1
GCP,adapt_p80-40593177313954_a337-49999999999994_240_map.h5,6.85466,10,341,1175,9.594069:337.500000,1097,False,15,4,1162,0.717038,4.88286,0,0.0121438,1096 1162 1163 -1
GCP,adapt_p35-659087696138755_a14-999999999999998_537_map.h5,8.68213,10,162,386,54.340912:15.000000,1568,False,40,5,1569,0.767054,7.51942,0,0.0126797,1524 1570 1569 1613 -1
GCP,adapt_p60-00000000000001_a90-0_412_map.h5,8.89165,10,457,380,30.000000:90.000000,1309,True,8,6,1309,0.99994,8.24187,0,0.0121227,1368 1368 1369 1310 1309 -1
GCP,adapt_p70-52877936550931_a213-75_364_map.h5,8.81044,10,214,363,19.471220:213.750000,1205,True,24,5,1268,0.887949,7.31932,0,0.0123661,1330 1269 1268 1205 -1
GCP,adapt_p48-18968510422141_a258-75_563_map.h5,8.84461,10,358,379,41.810314:258.750000,1504,True,17,5,1452,0.93828,7.37907,0,0.0121815,1453 1452 1451 1504 -1
GCP,adapt_p80-40593177313954_a112-49999999999999_113_map.h5,6.78438,10,245,1104,9.594069:112.500000,1055,True,26,4,1054,0.546502,5.37736,0,0.0124383,985 1054 1055 -1
GCP,adapt_p23-556464309101234_a112-5_57_map.h5,8.89796,10,609,352,66.443535:112.500000,1697,True,8,6,1697,0.999878,8.14032,0,0.0128221,1696 1696 1697 1726 1725 -1
GCP,adapt_p80-40593177313954_a90-0_563_map.h5,5.87372,10,473,1455,9.594069:90.000000,1051,True,12,5,1051,0.98583,5.83411,0,0.012146,1117 1117 1051 1050 -1
GCP,adapt_p60-00000000000001_a0-0_213_map.h5,8.58931,10,91,380,30.000000:0.000000,1294,False,56,5,1234,0.700987,7.2825,0,0.0124717,1296 1233 1234 1171 -1
GCP,adapt_p70-52877936550931_a33-75_330_map.h5,7.69659,10,167,699,19.471220:33.750000,1173,False,38,5,1237,0.801054,7.2371,0,0.0132181,1108 1174 1237 1238 -1
GCP,adapt_p60-00000000000001_a224-99999999999997_267_map.h5,6.1082,10,143,1138,30.000000:225.000000,1331,False,129,4,1392,0.42665,5.99234,0,0.0136253,1208 1392 1393 -1
GCP,adapt_p48-18968510422141_a281-24999999999994_534_map.h5,5.82925,10,439,1486,41.810314:281.250000,1507,True,15,5,1507,0.922887,5.79172,0,0.0125701,1455 1455 1507 1508 -1
GCP,adapt_p60-00000000000001_a180-0_115_map.h5,6.84423,10,494,1089,30.000000:180.000000,1324,True,18,4,1324,0.835272,4.89268,0,0.0125646,1381 1382 1324 -1
GCP,adapt_p48-18968510422141_a258-75_421_map.h5,8.87649,10,434,388,41.810314:258.750000,1504,True,11,6,1504,0.994906,8.24899,0,0.0123137,1554 1554 1553 1503 1504 -1
GCP,adapt_p80-40593177313954_a112-49999999999999_7_map.h5,8.80237,10,222,376,9.594069:112.500000,1055,True,24,5,987,0.807813,7.87745,0,0.0124235,1120 987 1055 988 -1
GCP,adapt_p48-18968510422141_a33-75_432_map.h5,8.86837,10,395,339,41.810314:33.750000,1471,True,13,6,1471,0.991533,8.22151,0,0.012414,1524 1524 1523 1471 1472 -1
GCP,adapt_p35-659087696138755_a75-0_47_map.h5,7.6654,10,196,794,54.340912:75.000000,1576,True,44,5,1576,0.829601,7.64713,0,0.0124028,1528 1576 1577 1530 -1
GCP,adapt_p70-52877936550931_a303-75_366_map.h5,7.86718,10,582,728,19.471220:303.750000,1221,True,12,5,1221,0.97809,7.3925,0,0.012596,1157 1156 1221 1157 -1
GCP,adapt_p11-715852394892384_a225-0_380_map.h5,6.82564,10,535,1113,78.284149:225.000000,1774,True,18,4,1774,0.877859,4.65472,0,0.0121459,1773 1774 1775 -1
GCP,adapt_p60-00000000000001_a315-0_584_map.h5,6.56935,10,163,1090,30.000000:315.000000,1346,False,53,4,1405,0.636045,5.44262,0,0.0124692,1511 1404 1405 -1
GCP,adapt_p23-556464309101234_a247-49999999999997_525_map.h5,8.74018,10,133,372,66.443535:247.500000,1708,False,32,5,1710,0.821657,7.26296,0,0.0126457,1712 1711 1737 1710 -1
GCP,adapt_p23-556464309101234_a67-5_184_map.h5,8.89861,10,803,368,66.443535:67.500000,1693,True,8,6,1693,0.999966,8.21691,0,0.0121915,1692 1692 1722 1723 1693 -1
GCP,adapt_p35-659087696138755_a344-99999999999994_139_map.h5,5.8582,10,407,1521,54.340912:345.000000,1609,True,12,4,1609,0.900567,4.82833,0,0.0125888,1608 1609 1565 -1
GCP,adapt_p48-18968510422141_a168-74999999999997_411_map.h5,7.88257,10,591,653,41.810314:168.750000,1491,True,10,5,1437,0.925618,5.79226,0,0.0122312,1491 1491 1438 1437 -1
GCP,adapt_p80-40593177313954_a270-0_88_map.h5,5.73421,10,157,1400,9.594069:270.000000,1084,False,34,4,1152,0.598385,5.30288,0,0.012606,1020 1086 1152 -1
GCP,adapt_p60-00000000000001_a112-49999999999999_26_map.h5,7.81465,10,270,723,30.000000:112.500000,1313,True,20,5,1372,0.931967,7.48694,0,0.0121477,1373 1372 1371 1313 -1
GCP,adapt_p60-00000000000001_a22-5_345_map.h5,6.8725,10,546,1119,30.000000:22.500000,1298,False,13,4,1358,0.917878,4.83848,0,0.0122991,1299 1358 1357 -1
GCP,adapt_p60-00000000000001_a67-5_386_map.h5,6.84762,10,478,1142,30.000000:67.500000,1305,True,16,4,1305,0.603502,5.35694,0,0.0121578,1303 1241 1305 -1
GCP,adapt_p23-556464309101234_a112-5_261_map.h5,8.84599,10,254,353,66.443535:112.500000,1697,True,20,5,1698,0.914994,7.3127,0,0.0128138,1727 1698 1663 1697 -1
GCP,adapt_p80-40593177313954_a270-0_25_map.h5,6.75757,10,280,1113,9.594069:270.000000,1084,False,28,4,1085,0.690086,5.44044,0,0.0122503,1083 1085 1151 -1
GCP,adapt_p35-659087696138755_a344-99999999999994_455_map.h5,7.34158,10,164,766,54.340912:345.000000,1609,False,100,4,1648,0.285481,6.09852,0,0.0132671,1513 1648 1683 -1
GCP,adapt_p60-00000000000001_a270-0_353_map.h5,7.83278,10,535,785,30.000000:270.000000,1339,True,20,5,1339,0.923763,7.23991,0,0.0130516,1398 1397 1339 1338 -1
GCP,adapt_p23-556464309101234_a67-5_126_map.h5,7.85452,10,436,703,66.443535:67.500000,1693,True,15,5,1723,0.959103,7.23521,0,0.0132872,1724 1723 1722 1693 -1
GCP,adapt_p80-40593177313954_a292-5_94_map.h5,6.76259,10,263,1104,9.594069:292.500000,1088,False,27,4,1155,0.651011,5.38246,0,0.0122119,1091 1155 1089 -1
GCP,adapt_p48-18968510422141_a78-75_448_map.h5,7.88648,10,628,782,41.810314:78.750000,1478,True,10,5,1424,0.94469,5.80138,0,0.0123328,1478 1478 1424 1423 -1
GCP,adapt_p11-715852394892384_a135-0_558_map.h5,7.82768,10,335,745,78.284149:135.000000,1770,False,21,5,1751,0.937702,7.32577,0,0.0121306,1750 1726 1751 1752 -1
GCP,adapt_p35-659087696138755_a45-0_291_map.h5,7.85743,10,498,767,54.340912:45.000000,1572,True,14,5,1572,0.997527,7.19229,0,0.0123784,1615 1616 1572 1571 -1
GCP,adapt_p11-715852394892384_a45-0_505_map.h5,8.89335,10,796,379,78.284149:45.000000,1766,True,7,6,1766,0.999994,8.03953,0,0.0124318,1767 1767 1766 1746 1747 -1
GCP,adapt_p35-659087696138755_a315-0_572_map.h5,5.87536,10,479,1500,54.340912:315.000000,1605,True,11,4,1605,0.956928,4.77778,0,0.0124293,1604 1605 1646 -1
GCP,adapt_p48-18968510422141_a236-25_48_map.h5,7.88963,10,758,761,41.810314:236.250000,1501,True,9,5,1500,0.996552,7.32785,0,0.0121583,1448 1501 1500 1448 -1
GCP,adapt_p60-00000000000001_a135-0_158_map.h5,6.88918,10,571,1039,30.000000:135.000000,1316,True,10,5,1316,0.989007,5.91063,0,0.0126247,1315 1315 1253 1316 -1
GCP,adapt_p23-556464309101234_a337-5_593_map.h5,8.87365,10,369,363,66.443535:337.500000,1716,True,12,6,1685,0.994272,8.18196,0,0.0121499,1716 1716 1717 1685 1684 -1
GCP,adapt_p23-556464309101234_a202-5_362_map.h5,7.78256,10,240,739,66.443535:202.500000,1704,True,30,5,1731,0.89262,7.32896,0,0.0122609,1733 1732 1731 1704 -1
GCP,adapt_p23-556464309101234_a337-5_180_map.h5,7.85361,10,442,765,66.443535:337.500000,1716,True,16,5,1716,0.972022,7.15561,0,0.0121757,1717 1716 1684 1685 -1
GCP,adapt_p60-00000000000001_a45-0_21_map.h5,7.89024,10,722,748,30.000000:45.000000,1301,True,10,5,1301,0.999466,5.82705,0,0.0125386,1361 1361 1302 1301 -1
GCP,adapt_p80-40593177313954_a67-5_597_map.h5,3.80518,10,65,1583,9.594069:67.500000,1047,False,326,2,1512,0,0.0225606,0,0.0225606,1287 -1
GCP,adapt_p70-52877936550931_a33-75_86_map.h5,5.57719,10,148,1465,19.471220:33.750000,1173,False,56,4,1103,0.633585,5.5429,0,0.0126306,1234 1103 1102 -1
GCP,adapt_p80-40593177313954_a0-0_583_map.h5,5.91224,10,176,1060,9.594069:0.000000,1034,False,160,4,1457,0.148837,5.38461,0,0.0145084,1459 1457 1509 -1
GCP,adapt_p60-00000000000001_a90-0_437_map.h5,6.7946,10,202,1100,30.000000:90.000000,1309,True,24,4,1309,0.608558,5.0009,0,0.0131818,1308 1309 1247 -1
GCP,adapt_p35-659087696138755_a105-0_270_map.h5,6.80764,10,203,1126,54.340912:105.000000,1579,False,23,4,1580,0.724141,4.91634,0,0.0121676,1662 1623 1580 -1
GCP,adapt_p70-52877936550931_a191-25_402_map.h5,7.71839,10,250,757,19.471220:191.250000,1201,False,36,5,1199,0.677357,7.44185,0,0.0124138,1324 1261 1262 1199 -1
GCP,adapt_p80-40593177313954_a180-0_183_map.h5,7.87661,10,668,753,9.594069:180.000000,1067,True,10,5,1067,0.975245,7.46893,0,0.0121839,1068 1067 1133 1068 -1
GCP,adapt_p35-659087696138755_a135-0_328_map.h5,8.88948,10,405,357,54.340912:135.000000,1583,True,9,6,1583,0.999994,8.19728,0,0.012327,1626 1626 1627 1584 1583 -1
GCP,adapt_p11-715852394892384_a315-0_302_map.h5,6.81323,10,254,1075,78.284149:315.000000,1778,True,22,4,1778,0.738015,4.74725,0,0.0125845,1790 1778 1762 -1
GCP,adapt_p48-18968510422141_a56-24999999999999_7_map.h5,8.8745,10,432,362,41.810314:56.250000,1475,True,14,6,1475,0.999232,8.21841,0,0.012288,1421 1421 1420 1474 1475 -1
GCP,adapt_p48-18968510422141_a191-25_404_map.h5,8.89065,10,427,372,41.810314:191.250000,1494,True,10,6,1441,0.999985,8.21688,0,0.0121359,1494 1494 1493 1440 1441 -1
GCP,adapt_p80-40593177313954_a157-5_237_map.h5,7.78609,10,186,771,9.594069:157.500000,1063,False,27,5,1064,0.887115,7.5889,0,0.0127002,1130 1065 997 1064 -1
GCP,adapt_p80-40593177313954_a135-0_76_map.h5,8.81282,10,576,370,9.594069:135.000000,1059,True,13,6,1059,0.971486,8.63959,0,0.0129643,1125 1125 1060 1059 1058 -1
GCP,adapt_p48-18968510422141_a326-24999999999994_498_map.h5,6.79444,10,402,1028,41.810314:326.250000,1514,False,24,4,1463,0.804038,4.82582,0,0.0123596,1515 1463 1462 -1
GCP,adapt_p60-00000000000001_a0-0_320_map.h5,8.89138,10,418,342,30.000000:0.000000,1294,True,9,6,1294,0.997104,8.32853,0,0.0124049,1354 1354 1295 1294 1293 -1
GCP,adapt_p80-40593177313954_a0-0_544_map.h5,7.84949,10,292,729,9.594069:0.000000,1034,True,16,5,1035,0.934501,7.35072,0,0.0123049,968 1035 967 1034 -1
GCP,adapt_p70-52877936550931_a281-24999999999994_215_map.h5,6.82834,10,430,1142,19.471220:281.250000,1217,True,21,4,1217,0.864112,4.8053,0,0.0124618,1151 1152 1217 -1
GCP,adapt_p35-659087696138755_a135-0_565_map.h5,8.89727,10,752,388,54.340912:135.000000,1583,True,8,6,1626,0.999998,8.19788,0,0.0125094,1583 1583 1584 1627 1626 -1
GCP,adapt_p60-00000000000001_a67-5_76_map.h5,8.87834,10,355,363,30.000000:67.500000,1305,True,11,6,1305,0.997757,8.25346,0,0.0124476,1364 1364 1363 1304 1305 -1
GCP,adapt_p60-00000000000001_a45-0_527_map.h5,8.88131,10,507,327,30.000000:45.000000,1301,True,11,6,1301,0.997224,8.27246,0,0.0134724,1361 1361 1360 1301 1302 -1
GCP,adapt_p70-52877936550931_a146-25_159_map.h5,7.86869,10,530,749,19.471220:146.250000,1193,True,12,5,1127,0.966698,7.37976,0,0.0120949,1192 1193 1127 1192 -1
GCP,adapt_p11-715852394892384_a225-0_414_map.h5,7.86844,10,451,774,78.284149:225.000000,1774,False,12,5,1758,0.976422,5.7261,0,0.0123531,1735 1735 1758 1759 -1
GCP,adapt_p48-18968510422141_a348-74999999999994_115_map.h5,8.90078,10,734,363,41.810314:348.750000,1517,True,6,6,1517,0.999999,8.3848,0,0.0120479,1465 1465 1516 1517 1466 -1
GCP,adapt_p60-00000000000001_a90-0_457_map.h5,8.89263,10,504,365,30.000000:90.000000,1309,True,10,6,1308,0.999785,8.24116,0,0.0121853,1367 1367 1368 1309 1308 -1
GCP,adapt_p70-52877936550931_a123-74999999999999_290_map.h5,7.87539,10,600,717,19.471220:123.750000,1189,True,12,5,1189,0.989967,5.81715,0,0.0123356,1253 1253 1190 1189 -1
GCP,adapt_p23-556464309101234_a67-5_352_map.h5,7.88167,10,607,763,66.443535:67.500000,1693,True,12,5,1692,0.972847,5.79162,0,0.0121153,1722 1722 1692 1693 -1
GCP,adapt_p48-18968510422141_a213-75_575_map.h5,6.86836,10,462,1063,41.810314:213.750000,1497,True,12,5,1444,0.99651,5.81817,0,0.0124433,1497 1497 1444 1445 -1
GCP,adapt_p48-18968510422141_a123-74999999999999_540_map.h5,8.89866,10,773,385,41.810314:123.750000,1484,True,6,6,1484,0.999999,8.34271,0,0.012125,1431 1431 1485 1484 1430 -1
GCP,adapt_p48-18968510422141_a101-24999999999999_285_map.h5,8.85224,10,348,355,41.810314:101.250000,1481,True,16,5,1481,0.92709,7.33962,0,0.0125837,1428 1481 1532 1533 -1
GCP,adapt_p48-18968510422141_a258-75_159_map.h5,6.86721,10,507,1162,41.810314:258.750000,1504,True,12,5,1504,0.978278,5.83937,0,0.012595,1451 1451 1503 1504 -1
GCP,adapt_p23-556464309101234_a112-5_262_map.h5,7.87626,10,481,738,66.443535:112.500000,1697,True,12,5,1726,0.997577,5.7451,0,0.0125471,1697 1697 1726 1725 -1
GCP,adapt_p48-18968510422141_a56-24999999999999_92_map.h5,8.89919,10,811,397,41.810314:56.250000,1475,True,7,6,1475,0.999999,8.21872,0,0.0125999,1421 1421 1420 1474 1475 -1
GCP,adapt_p60-00000000000001_a112-49999999999999_584_map.h5,5.83721,10,263,1494,30.000000:112.500000,1313,False,17,4,1250,0.681402,4.9321,0,0.0125899,1251 1250 1312 -1
GCP,adapt_p23-556464309101234_a157-5_84_map.h5,7.88769,10,568,762,66.443535:157.500000,1701,False,12,5,1700,0.976096,7.25269,0,0.0121284,1665 1666 1700 1665 -1
GCP,adapt_p35-659087696138755_a344-99999999999994_216_map.h5,8.89451,10,651,385,54.340912:345.000000,1609,True,6,6,1609,0.999999,8.25004,0,0.0122736,1608 1608 1609 1650 1649 -1
GCP,adapt_p35-659087696138755_a45-0_321_map.h5,6.6865,10,231,1146,54.340912:45.000000,1572,False,33,4,1655,0.712225,4.96367,0,0.0123049,1690 1655 1616 -1
GCP,adapt_p48-18968510422141_a191-25_374_map.h5,7.88144,10,596,789,41.810314:191.250000,1494,False,11,5,1441,0.993605,5.88217,0,0.0123463,1440 1440 1441 1442 -1
GCP,adapt_p35-659087696138755_a315-0_3_map.h5,6.76057,10,185,1174,54.340912:315.000000,1605,True,28,4,1605,0.723078,5.33347,0,0.0122205,1512 1605 1606 -1
GCP,adapt_p48-18968510422141_a213-75_67_map.h5,7.82354,10,387,765,41.810314:213.750000,1497,False,17,5,1388,0.947249,7.28373,0,0.0122732,1330 1388 1445 1389 -1
GCP,adapt_p23-556464309101234_a337-5_568_map.h5,7.89245,10,642,746,66.443535:337.500000,1716,True,9,5,1716,0.998154,7.29528,0,0.0123316,1685 1684 1716 1685 -1
GCP,adapt_p70-52877936550931_a326-24999999999994_137_map.h5,8.8645,10,391,346,19.471220:326.250000,1225,True,12,6,1224,0.991183,8.31803,0,0.0122917,1225 1225 1224 1287 1286 -1
GCP,adapt_p35-659087696138755_a344-99999999999994_534_map.h5,7.83529,10,308,722,54.340912:345.000000,1609,True,19,5,1609,0.928581,7.24887,0,0.0125156,1610 1609 1650 1649 -1
GCP,adapt_p48-18968510422141_a146-25_76_map.h5,4.37491,10,115,1957,41.810314:146.250000,1488,False,80,2,1198,0,0.0129444,0,0.0129444,1373 -1
GCP,adapt_p70-52877936550931_a11-25_192_map.h5,8.88534,10,680,375,19.471220:11.250000,1169,True,11,6,1169,0.999822,8.36313,0,0.0124774,1232 1232 1168 1102 1169 -1
GCP,adapt_p35-659087696138755_a315-0_444_map.h5,7.87575,10,406,778,54.340912:315.000000,1605,False,12,5,1606,0.987896,5.7837,0,0.0140387,1647 1647 1606 1607 -1
GCP,adapt_p23-556464309101234_a247-49999999999997_1_map.h5,8.85892,10,364,379,66.443535:247.500000,1708,True,12,6,1709,0.985753,8.15358,0,0.0128885,1676 1676 1675 1708 1709 -1
GCP,adapt_p23-556464309101234_a202-5_132_map.h5,6.86819,10,473,1193,66.443535:202.500000,1704,True,10,5,1704,0.989551,5.7667,0,0.0125985,1670 1670 1704 1703 -1
GCP,adapt_p60-00000000000001_a22-5_344_map.h5,8.82207,10,214,390,30.000000:22.500000,1298,False,22,5,1357,0.86507,7.33307,0,0.0127465,1356 1415 1357 1358 -1
GCP,adapt_p48-18968510422141_a281-24999999999994_372_map.h5,7.8516,10,272,714,41.810314:281.250000,1507,True,16,5,1508,0.870243,7.2723,0,0.012198,1557 1507 1508 1456 -1
GCP,adapt_p11-715852394892384_a135-0_116_map.h5,8.90424,10,748,376,78.284149:135.000000,1770,True,8,6,1752,0.999997,8.20079,0,0.0125538,1753 1753 1771 1770 1752 -1
GCP,adapt_p48-18968510422141_a123-74999999999999_407_map.h5,4.74335,10,80,1553,41.810314:123.750000,1484,False,171,2,1154,0,0.0153722,0,0.0153722,1213 -1
GCP,adapt_p48-18968510422141_a123-74999999999999_26_map.h5,8.89065,10,681,368,41.810314:123.750000,1484,True,9,6,1431,0.999773,8.34279,0,0.0121406,1430 1430 1484 1485 1431 -1
GCP,adapt_p70-52877936550931_a78-75_506_map.h5,7.88727,10,615,761,19.471220:78.750000,1181,True,10,5,1181,0.997844,7.45052,0,0.0124063,1182 1181 1115 1182 -1
GCP,adapt_p35-659087696138755_a224-99999999999997_458_map.h5,8.83723,10,280,386,54.340912:225.000000,1594,True,17,6,1594,0.965401,8.485,0,0.0125753,1636 1636 1595 1594 1593 -1
GCP,adapt_p80-40593177313954_a157-5_63_map.h5,6.85048,10,339,1189,9.594069:157.500000,1063,False,15,4,1128,0.73795,4.86106,0,0.0123094,1195 1129 1128 -1
GCP,adapt_p23-556464309101234_a292-5_355_map.h5,6.86796,10,488,1182,66.443535:292.500000,1712,True,10,5,1712,0.977335,5.82188,0,0.0128274,1713 1713 1712 1680 -1
GCP,adapt_p70-52877936550931_a56-24999999999999_503_map.h5,6.86224,10,510,1153,19.471220:56.250000,1177,True,14,4,1176,0.706255,4.90827,0,0.0125733,1177 1240 1176 -1
GCP,adapt_p80-40593177313954_a0-0_326_map.h5,8.87763,10,375,334,9.594069:0.000000,1034,True,13,6,1034,0.99336,8.35776,0,0.0121867,1035 1035 1034 1033 1100 -1
GCP,adapt_p35-659087696138755_a255-00000000000003_246_map.h5,8.78352,10,185,359,54.340912:255.000000,1598,True,28,5,1553,0.882156,7.60484,0,0.0122991,1502 1553 1598 1597 -1
GCP,adapt_p80-40593177313954_a202-49999999999997_258_map.h5,5.65686,10,132,1439,9.594069:202.500000,1072,True,41,3,1072,0.279112,3.06687,0,0.0129481,1074 1072 -1
GCP,adapt_p70-52877936550931_a348-74999999999994_383_map.h5,8.89948,10,625,363,19.471220:348.750000,1229,True,10,6,1229,0.999882,8.35764,0,0.0122875,1292 1292 1230 1165 1229 -1
GCP,adapt_p70-52877936550931_a56-24999999999999_373_map.h5,6.86139,10,422,1104,19.471220:56.250000,1177,True,14,4,1178,0.970613,4.91906,0,0.0124208,1179 1178 1177 -1
GCP,adapt_p70-52877936550931_a11-25_233_map.h5,6.81643,10,242,1072,19.471220:11.250000,1169,True,19,4,1233,0.695357,4.89759,0,0.012385,1170 1233 1169 -1
GCP,adapt_p35-659087696138755_a14-999999999999998_302_map.h5,6.84958,10,415,1140,54.340912:15.000000,1568,True,16,4,1569,0.91283,4.83622,0,0.012228,1612 1568 1569 -1
GCP,adapt_p11-715852394892384_a45-0_472_map.h5,5.86029,10,427,1507,78.284149:45.000000,1766,False,14,4,1767,0.722987,4.6977,0,0.012529,1768 1767 1747 -1
GCP,adapt_p35-659087696138755_a315-0_284_map.h5,7.90137,10,715,705,54.340912:315.000000,1605,True,6,5,1605,0.988763,5.77863,0,0.012444,1646 1646 1605 1606 -1
GCP,adapt_p70-52877936550931_a348-74999999999994_406_map.h5,8.89754,10,646,349,19.471220:348.750000,1229,True,9,6,1229,0.999686,8.34442,0,0.0122677,1291 1291 1292 1229 1228 -1
GCP,adapt_p80-40593177313954_a157-5_375_map.h5,7.84724,10,282,684,9.594069:157.500000,1063,False,19,5,997,0.859662,7.35098,0,0.0125775,998 1065 997 1064 -1
GCP,adapt_p70-52877936550931_a101-24999999999999_124_map.h5,6.86498,10,421,1105,19.471220:101.250000,1185,False,14,5,1119,0.822105,5.80623,0,0.0128217,1184 1184 1118 1119 -1
GCP,adapt_p70-52877936550931_a348-74999999999994_568_map.h5,8.87162,10,321,392,19.471220:348.750000,1229,True,12,6,1229,0.98846,8.83288,0,0.0122228,1291 1291 1230 1229 1228 -1
GCP,adapt_p48-18968510422141_a101-24999999999999_480_map.h5,8.88815,10,555,402,41.810314:101.250000,1481,True,8,6,1428,0.99994,8.27942,0,0.0126498,1427 1427 1428 1482 1481 -1
GCP,adapt_p60-00000000000001_a90-0_189_map.h5,6.7756,10,328,1066,30.000000:90.000000,1309,False,26,4,1369,0.735671,4.73213,0,0.0122056,1247 1310 1369 -1
GCP,adapt_p60-00000000000001_a202-49999999999997_73_map.h5,7.63736,10,187,778,30.000000:202.500000,1328,False,47,5,1384,0.726037,7.54834,0,0.0124369,1262 1325 1326 1384 -1
GCP,adapt_p60-00000000000001_a45-0_221_map.h5,8.81538,10,220,363,30.000000:45.000000,1301,False,21,5,1362,0.940231,7.14769,0,0.0124253,1304 1363 1362 1420 -1
GCP,adapt_p60-00000000000001_a135-0_303_map.h5,6.80441,10,322,1110,30.000000:135.000000,1316,True,20,4,1316,0.778669,4.9322,0,0.0123991,1253 1316 1317 -1
GCP,adapt_p70-52877936550931_a303-75_106_map.h5,7.28015,10,150,727,19.471220:303.750000,1221,False,98,4,1156,0.541479,6.82672,0,0.0134347,1457 1156 1157 -1
GCP,adapt_p35-659087696138755_a165-0_46_map.h5,7.83252,10,453,716,54.340912:165.000000,1587,False,18,5,1585,0.989936,7.2066,0,0.0122882,1627 1628 1585 1586 -1
GCP,adapt_p60-00000000000001_a270-0_319_map.h5,8.89436,10,656,370,30.000000:270.000000,1339,True,9,6,1339,0.999355,8.24143,0,0.0124211,1396 1396 1397 1339 1338 -1
GCP,adapt_p23-556464309101234_a337-5_147_map.h5,6.8725,10,594,1135,66.443535:337.500000,1716,True,12,4,1716,0.945915,4.76106,0,0.0123024,1685 1684 1716 -1
GCP,adapt_p23-556464309101234_a292-5_436_map.h5,7.85567,10,482,753,66.443535:292.500000,1712,True,13,5,1712,0.958735,7.26951,0,0.0121514,1680 1712 1739 1738 -1
GCP,adapt_p11-715852394892384_a225-0_110_map.h5,7.86056,10,355,743,78.284149:225.000000,1774,True,15,5,1774,0.930406,7.25437,0,0.0122506,1775 1757 1756 1774 -1
GCP,adapt_p35-659087696138755_a224-99999999999997_278_map.h5,6.85763,10,497,1124,54.340912:225.000000,1594,True,13,4,1594,0.931287,4.78122,0,0.0121289,1550 1595 1594 -1
GCP,adapt_p48-18968510422141_a168-74999999999997_170_map.h5,8.89078,10,381,358,41.810314:168.750000,1491,True,12,6,1491,0.999334,8.22035,0,0.0130307,1439 1439 1438 1491 1492 -1
GCP,adapt_p70-52877936550931_a213-75_468_map.h5,6.86069,10,451,1070,19.471220:213.750000,1205,True,14,4,1205,0.956001,4.91875,0,0.0121058,1204 1205 1206 -1
GCP,adapt_p80-40593177313954_a247-49999999999997_523_map.h5,4.57323,10,149,1504,9.594069:247.500000,1080,False,202,3,1157,0.208535,4.16981,0,0.0160938,954 1157 -1
GCP,adapt_p60-00000000000001_a224-99999999999997_348_map.h5,8.88133,10,482,345,30.000000:225.000000,1331,True,12,6,1390,0.999807,8.26433,0,0.0124732,1389 1389 1390 1332 1331 -1
GCP,adapt_p60-00000000000001_a247-49999999999997_320_map.h5,6.83752,10,541,1146,30.000000:247.500000,1335,True,13,4,1335,0.919059,4.79868,0,0.012292,1394 1393 1335 -1
GCP,adapt_p35-659087696138755_a105-0_147_map.h5,6.80458,10,275,1107,54.340912:105.000000,1579,False,22,4,1622,0.545109,5.18715,0,0.0122503,1695 1661 1622 -1
GCP,adapt_p23-556464309101234_a112-5_360_map.h5,7.87504,10,428,714,66.443535:112.500000,1697,True,13,5,1726,0.979969,7.13888,0,0.0127672,1696 1697 1726 1725 -1
GCP,adapt_p35-659087696138755_a255-00000000000003_8_map.h5,8.88061,10,456,327,54.340912:255.000000,1598,True,12,6,1597,0.999464,8.25041,0,0.0121811,1639 1639 1640 1598 1597 -1
GCP,adapt_p35-659087696138755_a75-0_236_map.h5,8.23,10,70,377,54.340912:75.000000,1576,True,116,4,1691,0.57247,6.49146,0,0.013824,1576 1691 1690 -1
GCP,adapt_p70-52877936550931_a326-24999999999994_93_map.h5,7.71959,10,281,685,19.471220:326.250000,1225,True,34,5,1225,0.816178,7.34129,0,0.0122039,1288 1225 1160 1224 -1
GCP,adapt_p70-52877936550931_a191-25_527_map.h5,6.85115,10,581,1173,19.471220:191.250000,1201,False,16,4,1135,0.797427,4.8948,0,0.0126654,1200 1135 1136 -1
GCP,adapt_p11-715852394892384_a225-0_45_map.h5,7.86846,10,463,642,78.284149:225.000000,1774,True,15,5,1757,0.903623,7.13563,0,0.01236,1758 1757 1756 1774 -1
GCP,adapt_p35-659087696138755_a285-0_589_map.h5,7.83866,10,287,757,54.340912:285.000000,1601,False,18,5,1643,0.935707,7.20305,0,0.0131385,1680 1679 1643 1642 -1
GCP,adapt_p48-18968510422141_a191-25_153_map.h5,6.8317,10,322,1113,41.810314:191.250000,1494,True,19,4,1441,0.873451,4.78399,0,0.0121006,1493 1494 1441 -1
GCP,adapt_p60-00000000000001_a270-0_94_map.h5,6.86008,10,502,1138,30.000000:270.000000,1339,True,14,4,1339,0.96196,4.79171,0,0.0127237,1398 1397 1339 -1
GCP,adapt_p60-00000000000001_a202-49999999999997_189_map.h5,5.7954,10,328,1603,30.000000:202.500000,1328,True,21,4,1328,0.674143,5.36029,0,0.0124369,1330 1267 1328 -1
GCP,adapt_p80-40593177313954_a157-5_221_map.h5,8.88057,10,441,416,9.594069:157.500000,1063,True,11,6,1064,0.999208,8.37333,0,0.0122254,996 996 997 1064 1063 -1
GCP,adapt_p80-40593177313954_a292-5_75_map.h5,4.95615,10,13,421,9.594069:292.500000,1088,False,653,2,1380,0,0.0533298,0,0.0533298,1756 -1
GCP,adapt_p48-18968510422141_a236-25_425_map.h5,6.84558,10,424,1119,41.810314:236.250000,1501,True,16,4,1449,0.699373,4.79852,0,0.0122453,1551 1501 1449 -1
GCP,adapt_p35-659087696138755_a45-0_131_map.h5,8.89924,10,638,356,54.340912:45.000000,1572,True,9,6,1572,0.999991,8.19819,0,0.0125635,1616 1616 1615 1571 1572 -1
GCP,adapt_p48-18968510422141_a11-25_349_map.h5,6.88068,10,567,1106,41.810314:11.250000,1468,True,10,5,1468,0.975283,5.82561,0,0.0121191,1521 1521 1469 1468 -1
GCP,adapt_p35-659087696138755_a45-0_420_map.h5,6.85543,10,437,1135,54.340912:45.000000,1572,True,14,4,1572,0.901967,4.77773,0,0.0123731,1573 1572 1525 -1
GCP,adapt_p11-715852394892384_a135-0_244_map.h5,8.84034,10,233,359,78.284149:135.000000,1770,True,21,5,1771,0.902235,7.33991,0,0.0124551,1786 1771 1752 1770 -1
GCP,adapt_p48-18968510422141_a56-24999999999999_243_map.h5,6.86959,10,462,1107,41.810314:56.250000,1475,False,11,4,1420,0.925713,4.78964,0,0.0122142,1419 1420 1474 -1
GCP,adapt_p48-18968510422141_a123-74999999999999_305_map.h5,6.75532,10,203,1097,41.810314:123.750000,1484,False,32,4,1430,0.626337,4.8727,0,0.0125011,1374 1431 1430 -1
GCP,adapt_p80-40593177313954_a67-5_242_map.h5,8.76555,10,244,364,9.594069:67.500000,1047,False,25,5,1048,0.849327,7.81722,0,0.0122685,979 1048 981 1049 -1
GCP,adapt_p23-556464309101234_a22-5_49_map.h5,7.89464,10,751,739,66.443535:22.500000,1689,True,8,5,1719,0.999866,5.75165,0,0.0121572,1689 1689 1719 1720 -1
GCP,adapt_p11-715852394892384_a45-0_530_map.h5,4.59176,10,142,1420,78.284149:45.000000,1766,False,213,3,1102,0.200057,3.88482,0,0.0168416,1039 1102 -1
GCP,adapt_p80-40593177313954_a157-5_149_map.h5,8.88938,10,624,400,9.594069:157.500000,1063,True,9,6,1063,0.999786,8.25555,0,0.0124224,996 996 1064 1063 1129 -1
GCP,adapt_p35-659087696138755_a14-999999999999998_26_map.h5,8.88147,10,443,371,54.340912:15.000000,1568,True,10,6,1613,0.993503,8.22736,0,0.012337,1614 1614 1613 1569 1568 -1
GCP,adapt_p60-00000000000001_a315-0_543_map.h5,7.76636,10,312,734,30.000000:315.000000,1346,False,29,5,1402,0.812552,7.22895,0,0.0124364,1400 1401 1402 1458 -1
GCP,adapt_p11-715852394892384_a135-0_62_map.h5,5.51924,10,161,1401,78.284149:135.000000,1770,False,42,4,1727,0.597044,5.24681,0,0.0125787,1772 1752 1727 -1
GCP,adapt_p48-18968510422141_a348-74999999999994_365_map.h5,7.88665,10,481,818,41.810314:348.750000,1517,True,10,5,1517,0.996481,5.84979,0,0.0121381,1465 1465 1517 1516 -1
GCP,adapt_p70-52877936550931_a168-74999999999997_552_map.h5,7.86773,10,379,752,19.471220:168.750000,1197,True,14,5,1196,0.9855,7.24994,0,0.0120766,1259 1260 1197 1196 -1
GCP,adapt_p80-40593177313954_a0-0_391_map.h5,7.88657,10,567,725,9.594069:0.000000,1034,True,12,5,1035,0.986853,5.90434,0,0.0121606,1101 1101 1035 1034 -1
GCP,adapt_p80-40593177313954_a157-5_511_map.h5,8.22839,10,102,365,9.594069:157.500000,1063,False,116,5,1129,0.580721,8.20463,0,0.0134613,1378 1194 1128 1129 -1
GCP,adapt_p48-18968510422141_a101-24999999999999_90_map.h5,6.78273,10,330,1091,41.810314:101.250000,1481,False,25,4,1428,0.784077,5.29654,0,0.0130688,1483 1428 1427 -1
GCP,adapt_p80-40593177313954_a45-0_356_map.h5,4.96266,10,79,1539,9.594069:45.000000,1042,False,145,2,1120,0,0.0141122,0,0.0141122,1112 -1
GCP,adapt_p35-659087696138755_a45-0_576_map.h5,8.90569,10,638,382,54.340912:45.000000,1572,True,7,6,1572,0.999999,8.19706,0,0.0121121,1616 1616 1617 1573 1572 -1
GCP,adapt_p80-40593177313954_a315-0_215_map.h5,5.29225,10,163,1430,9.594069:315.000000,1093,False,105,3,1714,0.221764,5.18634,0,0.0136003,1403 1714 -1
GCP,adapt_p70-52877936550931_a303-75_46_map.h5,7.8592,10,525,805,19.471220:303.750000,1221,True,14,5,1221,0.981065,7.27267,0,0.0125956,1222 1221 1156 1157 -1
GCP,adapt_p60-00000000000001_a202-49999999999997_366_map.h5,8.89389,10,597,370,30.000000:202.500000,1328,True,8,6,1386,0.999686,8.44023,0,0.0129051,1328 1328 1387 1386 1327 -1
GCP,adapt_p48-18968510422141_a11-25_476_map.h5,5.85263,10,349,1499,41.810314:11.250000,1468,True,14,5,1469,0.954738,5.84436,0,0.0121549,1414 1414 1468 1469 -1
GCP,adapt_p11-715852394892384_a315-0_98_map.h5,6.86356,10,482,1080,78.284149:315.000000,1778,True,13,4,1778,0.869981,4.74691,0,0.0122387,1790 1778 1762 -1
GCP,adapt_p80-40593177313954_a292-5_292_map.h5,7.8731,10,568,688,9.594069:292.500000,1088,True,13,5,1088,0.966849,7.37269,0,0.0127058,1020 1021 1089 1088 -1
GCP,adapt_p80-40593177313954_a247-49999999999997_314_map.h5,6.84237,10,487,1078,9.594069:247.500000,1080,True,17,4,1146,0.692626,4.82346,0,0.0124376,1079 1080 1146 -1
GCP,adapt_p70-52877936550931_a33-75_181_map.h5,8.87359,10,303,367,19.471220:33.750000,1173,True,13,6,1236,0.992092,8.318,0,0.0122004,1237 1237 1236 1173 1172 -1
GCP,adapt_p70-52877936550931_a281-24999999999994_454_map.h5,8.87252,10,343,374,19.471220:281.250000,1217,True,15,6,1281,0.997666,8.29215,0,0.0122791,1217 1217 1218 1281 1280 -1
GCP,adapt_p70-52877936550931_a191-25_534_map.h5,7.85102,10,478,758,19.471220:191.250000,1201,True,11,5,1201,0.958671,7.48631,0,0.0127574,1200 1201 1264 1200 -1
GCP,adapt_p80-40593177313954_a22-5_435_map.h5,6.86731,10,527,1171,9.594069:22.500000,1038,True,12,5,1038,0.999348,5.91155,0,0.0125099,971 971 1039 1038 -1
GCP,adapt_p35-659087696138755_a75-0_230_map.h5,7.84238,10,366,755,54.340912:75.000000,1576,True,16,5,1576,0.96194,7.25573,0,0.0124074,1530 1529 1576 1577 -1
GCP,adapt_p80-40593177313954_a224-99999999999997_368_map.h5,6.78081,10,270,1098,9.594069:225.000000,1076,False,26,4,1141,0.728964,5.41558,0,0.0129994,1077 1075 1141 -1
GCP,adapt_p70-52877936550931_a303-75_329_map.h5,7.8617,10,467,704,19.471220:303.750000,1221,True,13,5,1221,0.98036,7.21362,0,0.012102,1283 1220 1221 1156 -1
GCP,adapt_p70-52877936550931_a146-25_402_map.h5,7.86254,10,450,775,19.471220:146.250000,1193,True,14,5,1193,0.986652,7.29788,0,0.0122716,1194 1193 1127 1128 -1
GCP,adapt_p48-18968510422141_a101-24999999999999_570_map.h5,7.87534,10,622,759,41.810314:101.250000,1481,True,10,5,1481,0.995989,7.3264,0,0.0124488,1428 1427 1481 1428 -1
GCP,adapt_p60-00000000000001_a180-0_66_map.h5,7.88523,10,653,739,30.000000:180.000000,1324,True,11,5,1383,0.980807,5.89277,0,0.0125591,1325 1325 1383 1324 -1
GCP,adapt_p23-556464309101234_a67-5_38_map.h5,6.83934,10,470,1112,66.443535:67.500000,1693,True,16,4,1693,0.906617,4.8743,0,0.0124506,1722 1693 1657 -1
GCP,adapt_p70-52877936550931_a236-25_336_map.h5,6.85459,10,529,1064,19.471220:236.250000,1209,True,15,5,1209,0.855625,5.82516,0,0.0122135,1144 1144 1209 1210 -1
GCP,adapt_p60-00000000000001_a315-0_189_map.h5,8.90143,10,764,417,30.000000:315.000000,1346,True,7,6,1347,0.999998,8.2743,0,0.0123683,1404 1404 1405 1347 1346 -1
GCP,adapt_p80-40593177313954_a270-0_543_map.h5,8.8616,10,456,384,9.594069:270.000000,1084,True,16,5,1085,0.868798,7.2854,0,0.0122047,1151 1150 1084 1085 -1
GCP,adapt_p23-556464309101234_a157-5_227_map.h5,7.88133,10,529,757,66.443535:157.500000,1701,False,9,5,1729,0.995251,7.29056,0,0.0124324,1700 1728 1729 1700 -1
GCP,adapt_p80-40593177313954_a45-0_181_map.h5,6.5713,10,207,1077,9.594069:45.000000,1042,False,42,4,974,0.668281,4.96292,0,0.0124976,906 974 975 -1
GCP,adapt_p48-18968510422141_a326-24999999999994_131_map.h5,8.86128,10,421,387,41.810314:326.250000,1514,False,12,6,1562,0.995582,8.21195,0,0.0125047,1561 1561 1562 1513 1512 -1
GCP,adapt_p23-556464309101234_a292-5_453_map.h5,7.85539,10,398,786,66.443535:292.500000,1712,True,16,5,1712,0.898025,7.26463,0,0.0124116,1710 1737 1711 1712 -1
GCP,adapt_p11-715852394892384_a45-0_575_map.h5,6.85966,10,343,1162,78.284149:45.000000,1766,False,13,5,1746,0.952858,5.71734,0,0.0121369,1720 1720 1746 1745 -1
GCP,adapt_p80-40593177313954_a135-0_271_map.h5,8.69093,10,117,386,9.594069:135.000000,1059,False,44,5,1126,0.636342,8.07939,0,0.0128831,1123 1191 1125 1126 -1
GCP,adapt_p11-715852394892384_a45-0_467_map.h5,7.88667,10,666,722,78.284149:45.000000,1766,True,10,5,1767,0.981955,7.25001,0,0.0121126,1747 1767 1766 1747 -1
GCP,adapt_p60-00000000000001_a247-49999999999997_519_map.h5,6.84149,10,339,1177,30.000000:247.500000,1335,True,16,4,1336,0.795286,4.90717,0,0.0123157,1337 1336 1335 -1
GCP,adapt_p80-40593177313954_a247-49999999999997_488_map.h5,8.88464,10,539,401,9.594069:247.500000,1080,True,10,6,1080,0.999456,8.27494,0,0.0121528,1081 1081 1080 1079 1145 -1
GCP,adapt_p35-659087696138755_a165-0_23_map.h5,6.82223,10,252,1190,54.340912:165.000000,1587,False,19,5,1629,0.900551,5.81156,0,0.0125924,1667 1667 1629 1630 -1
GCP,adapt_p80-40593177313954_a315-0_562_map.h5,7.5659,10,84,387,9.594069:315.000000,1093,False,198,3,1096,0.129308,7.46773,0,0.0157234,1279 1096 -1
GCP,adapt_p80-40593177313954_a90-0_78_map.h5,5.71372,10,165,1120,9.594069:90.000000,1051,False,179,3,1261,0.221319,3.89813,0,0.0149249,1441 1261 -1
GCP,adapt_p60-00000000000001_a157-5_464_map.h5,8.88037,10,488,361,30.000000:157.500000,1320,True,10,6,1320,0.995625,8.26323,0,0.012424,1319 1319 1320 1258 1257 -1
GCP,adapt_p48-18968510422141_a326-24999999999994_60_map.h5,6.87049,10,327,1094,41.810314:326.250000,1514,False,13,4,1513,0.874102,4.78797,0,0.0123192,1460 1512 1513 -1
GCP,adapt_p48-18968510422141_a11-25_243_map.h5,7.8643,10,382,684,41.810314:11.250000,1468,False,11,5,1414,0.978396,5.8823,0,0.0124757,1413 1413 1414 1415 -1
GCP,adapt_p35-659087696138755_a75-0_130_map.h5,7.79549,10,295,809,54.340912:75.000000,1576,False,22,5,1621,0.886423,7.31091,0,0.0123081,1660 1621 1577 1578 -1
GCP,adapt_p35-659087696138755_a75-0_158_map.h5,7.87767,10,526,755,54.340912:75.000000,1576,True,10,5,1619,0.990861,7.31121,0,0.0121341,1576 1575 1619 1576 -1
GCP,adapt_p35-659087696138755_a165-0_286_map.h5,7.89463,10,594,781,54.340912:165.000000,1587,True,8,5,1586,0.999594,5.81061,0,0.0121782,1629 1629 1586 1587 -1
GCP,adapt_p70-52877936550931_a101-24999999999999_138_map.h5,6.86723,10,513,1153,19.471220:101.250000,1185,True,13,5,1184,0.825445,5.81151,0,0.012566,1119 1119 1185 1184 -1
GCP,adapt_p70-52877936550931_a303-75_153_map.h5,6.83953,10,505,1088,19.471220:303.750000,1221,True,18,4,1221,0.879414,4.81824,0,0.0122845,1155 1156 1221 -1
GCP,adapt_p80-40593177313954_a157-5_555_map.h5,6.82702,10,475,1095,9.594069:157.500000,1063,False,21,4,1064,0.626926,4.80796,0,0.0127617,1065 1064 1130 -1
GCP,adapt_p70-52877936550931_a258-75_483_map.h5,8.65796,10,77,354,19.471220:258.750000,1213,False,47,5,1148,0.759781,7.37662,0,0.0128506,1274 1212 1147 1148 -1
GCP,adapt_p70-52877936550931_a258-75_370_map.h5,6.4942,10,128,1184,19.471220:258.750000,1213,True,69,4,1213,0.57931,5.52162,0,0.0125835,1210 1212 1213 -1
GCP,adapt_p60-00000000000001_a202-49999999999997_375_map.h5,8.8665,10,323,390,30.000000:202.500000,1328,True,16,5,1265,0.77086,7.3734,0,0.0122952,1267 1328 1327 1265 -1
GCP,adapt_p80-40593177313954_a270-0_103_map.h5,8.91057,10,695,369,9.594069:270.000000,1084,True,8,6,1084,0.999969,8.37923,0,0.0122169,1085 1085 1150 1084 1083 -1
GCP,adapt_p11-715852394892384_a135-0_69_map.h5,6.85714,10,375,1168,78.284149:135.000000,1770,False,13,4,1751,0.877673,4.78753,0,0.0126307,1771 1752 1751 -1
GCP,adapt_p35-659087696138755_a45-0_78_map.h5,7.86933,10,355,681,54.340912:45.000000,1572,True,15,5,1615,0.941726,7.19648,0,0.0124473,1572 1571 1615 1616 -1
GCP,adapt_p48-18968510422141_a33-75_61_map.h5,7.8512,10,447,778,41.810314:33.750000,1471,True,16,5,1472,0.948753,7.30282,0,0.0126223,1418 1472 1524 1471 -1
GCP,adapt_p48-18968510422141_a281-24999999999994_255_map.h5,7.77364,10,213,751,41.810314:281.250000,1507,True,15,5,1508,0.946265,7.21865,0,0.0121566,1455 1456 1508 1507 -1
GCP,adapt_p48-18968510422141_a11-25_13_map.h5,7.88845,10,375,753,41.810314:11.250000,1468,True,12,5,1468,0.996704,5.86201,0,0.0123446,1413 1413 1467 1468 -1
GCP,adapt_p35-659087696138755_a255-00000000000003_144_map.h5,7.86363,10,412,835,54.340912:255.000000,1598,True,15,5,1599,0.918199,7.24849,0,0.0121784,1641 1640 1598 1599 -1
GCP,adapt_p70-52877936550931_a123-74999999999999_287_map.h5,7.40335,10,41,400,19.471220:123.750000,1189,False,243,4,1178,0.101003,5.77718,0,0.019137,1239 1178 1179 -1
GCP,adapt_p60-00000000000001_a135-0_224_map.h5,6.87547,10,516,1136,30.000000:135.000000,1316,True,10,5,1317,0.853669,5.92116,0,0.0123538,1316 1316 1375 1317 -1
GCP,adapt_p35-659087696138755_a14-999999999999998_277_map.h5,7.65788,10,110,720,54.340912:15.000000,1568,True,44,5,1568,0.625927,7.36352,0,0.0129356,1614 1569 1568 1521 -1
GCP,adapt_p70-52877936550931_a236-25_164_map.h5,8.89596,10,783,374,19.471220:236.250000,1209,True,10,6,1209,0.999911,8.27621,0,0.0128457,1210 1210 1209 1144 1145 -1
GCP,adapt_p60-00000000000001_a202-49999999999997_331_map.h5,6.88055,10,540,1112,30.000000:202.500000,1328,True,12,5,1328,0.991649,5.81804,0,0.0122421,1266 1266 1328 1327 -1
GCP,adapt_p60-00000000000001_a247-49999999999997_131_map.h5,7.7966,10,199,787,30.000000:247.500000,1335,True,24,5,1335,0.877044,7.36111,0,0.0122049,1333 1334 1335 1273 -1
GCP,adapt_p60-00000000000001_a315-0_359_map.h5,7.87049,10,511,736,30.000000:315.000000,1346,True,13,5,1347,0.931748,7.26553,0,0.0123253,1405 1404 1346 1347 -1
GCP,adapt_p70-52877936550931_a303-75_207_map.h5,5.60043,10,177,1457,19.471220:303.750000,1221,False,49,4,1219,0.584838,5.18033,0,0.0123791,1153 1219 1220 -1
GCP,adapt_p70-52877936550931_a123-74999999999999_447_map.h5,8.88048,10,493,376,19.471220:123.750000,1189,True,12,6,1189,0.99811,8.25851,0,0.0123184,1252 1252 1253 1190 1189 -1
GCP,adapt_p48-18968510422141_a78-75_258_map.h5,7.79057,10,175,748,41.810314:78.750000,1478,True,26,5,1478,0.856809,7.23696,0,0.012209,1423 1477 1529 1478 -1
GCP,adapt_p70-52877936550931_a146-25_588_map.h5,8.45502,10,126,388,19.471220:146.250000,1193,False,76,4,1060,0.526291,8.04065,0,0.0127979,1262 1061 1060 -1
GCP,adapt_p60-00000000000001_a337-49999999999994_217_map.h5,7.85125,10,273,783,30.000000:337.500000,1350,False,14,5,1291,0.980132,7.33821,0,0.0125422,1227 1228 1291 1290 -1
GCP,adapt_p35-659087696138755_a14-999999999999998_346_map.h5,6.71063,10,233,1106,54.340912:15.000000,1568,False,36,4,1569,0.54334,4.90299,0,0.013204,1469 1522 1569 -1
GCP,adapt_p70-52877936550931_a281-24999999999994_311_map.h5,6.82793,10,393,1123,19.471220:281.250000,1217,True,19,4,1217,0.814932,4.91951,0,0.0128686,1219 1218 1217 -1
GCP,adapt_p23-556464309101234_a22-5_28_map.h5,6.88518,10,636,1083,66.443535:22.500000,1689,True,10,4,1689,0.98889,4.76186,0,0.0126078,1690 1689 1719 -1
GCP,adapt_p23-556464309101234_a202-5_396_map.h5,7.89164,10,724,756,66.443535:202.500000,1704,True,9,5,1671,0.992032,7.30712,0,0.0121817,1704 1705 1671 1704 -1
GCP,adapt_p60-00000000000001_a67-5_366_map.h5,6.52486,10,115,729,30.000000:67.500000,1305,False,213,4,979,0.499609,6.29425,0,0.0167187,1181 979 911 -1
GCP,adapt_p35-659087696138755_a75-0_513_map.h5,8.86561,10,342,425,54.340912:75.000000,1576,True,11,6,1576,0.997453,8.24937,0,0.0121814,1619 1619 1620 1576 1575 -1
GCP,adapt_p23-556464309101234_a112-5_414_map.h5,6.88306,10,562,1136,66.443535:112.500000,1697,True,10,4,1696,0.980633,4.74986,0,0.0127251,1697 1696 1661 -1
GCP,adapt_p48-18968510422141_a146-25_318_map.h5,7.88059,10,610,754,41.810314:146.250000,1488,True,12,5,1487,0.983772,5.78334,0,0.0122079,1538 1538 1487 1488 -1
GCP,adapt_p35-659087696138755_a165-0_280_map.h5,6.80651,10,373,1025,54.340912:165.000000,1587,False,22,4,1630,0.678033,4.83939,0,0.0123045,1668 1630 1631 -1
GCP,adapt_p70-52877936550931_a78-75_387_map.h5,5.46726,10,148,1502,19.471220:78.750000,1181,False,68,3,1245,0.325177,3.08231,0,0.012542,1306 1245 -1
GCP,adapt_p23-556464309101234_a157-5_371_map.h5,7.7313,10,207,792,66.443535:157.500000,1701,False,29,5,1730,0.828897,7.12517,0,0.012498,1703 1731 1730 1729 -1
GCP,adapt_p70-52877936550931_a101-24999999999999_253_map.h5,7.84698,10,576,774,19.471220:101.250000,1185,True,15,5,1247,0.942896,7.27673,0,0.0168325,1185 1184 1247 1248 -1
GCP,adapt_p60-00000000000001_a112-49999999999999_405_map.h5,6.87845,10,626,1110,30.000000:112.500000,1313,True,10,5,1312,0.989782,5.80834,0,0.012357,1371 1371 1312 1313 -1
GCP,adapt_p60-00000000000001_a112-49999999999999_325_map.h5,8.87232,10,500,348,30.000000:112.500000,1313,True,12,6,1313,0.997692,8.22804,0,0.0124642,1250 1250 1313 1312 1371 -1
GCP,adapt_p35-659087696138755_a195-0_359_map.h5,8.85749,10,304,361,54.340912:195.000000,1590,True,15,6,1590,0.984015,8.25319,0,0.0123153,1631 1631 1632 1590 1589 -1
GCP,adapt_p35-659087696138755_a75-0_439_map.h5,7.89059,10,777,721,54.340912:75.000000,1576,True,8,5,1575,0.999882,7.31108,0,0.0122026,1576 1575 1619 1576 -1
GCP,adapt_p35-659087696138755_a285-0_35_map.h5,8.88054,10,382,340,54.340912:285.000000,1601,True,12,6,1602,0.999588,8.25285,0,0.012252,1643 1643 1642 1601 1602 -1
GCP,adapt_p70-52877936550931_a191-25_247_map.h5,8.84357,10,289,380,19.471220:191.250000,1201,True,16,5,1202,0.905704,7.25033,0,0.0121939,1264 1265 1202 1201 -1
GCP,adapt_p11-715852394892384_a45-0_111_map.h5,8.91032,10,776,357,78.284149:45.000000,1766,True,8,6,1746,0.999952,8.29051,0,0.0124712,1766 1766 1747 1746 1745 -1
GCP,adapt_p23-556464309101234_a22-5_585_map.h5,7.83484,10,271,754,66.443535:22.500000,1689,False,20,5,1688,0.730124,7.16925,0,0.0129647,1719 1718 1688 1652 -1
GCP,adapt_p48-18968510422141_a236-25_380_map.h5,8.84742,10,314,339,41.810314:236.250000,1501,False,16,5,1447,0.907616,7.28909,0,0.012386,1499 1500 1447 1448 -1
GCP,adapt_p60-00000000000001_a337-49999999999994_470_map.h5,8.46302,10,101,371,30.000000:337.500000,1350,False,77,5,1228,0.703527,8.22038,0,0.0127851,1353 1228 1291 1290 -1
GCP,adapt_p35-659087696138755_a105-0_574_map.h5,8.88138,10,462,335,54.340912:105.000000,1579,True,10,6,1623,0.999955,8.22802,0,0.0124116,1579 1579 1580 1623 1622 -1
GCP,adapt_p80-40593177313954_a112-49999999999999_573_map.h5,7.7101,10,208,752,9.594069:112.500000,1055,False,38,5,1122,0.710008,7.36176,0,0.0127153,1124 1123 1122 1121 -1
GCP,adapt_p80-40593177313954_a67-5_576_map.h5,8.89258,10,630,355,9.594069:67.500000,1047,True,10,6,1046,0.999989,8.3752,0,0.0122372,979 979 980 1047 1046 -1
GCP,adapt_p70-52877936550931_a101-24999999999999_234_map.h5,8.88143,10,651,346,19.471220:101.250000,1185,True,10,6,1185,0.993266,8.263,0,0.0123495,1119 1119 1120 1186 1185 -1
GCP,adapt_p60-00000000000001_a157-5_177_map.h5,8.88975,10,530,343,30.000000:157.500000,1320,True,9,6,1320,0.999619,8.30191,0,0.0130293,1321 1321 1320 1379 1378 -1
GCP,adapt_p60-00000000000001_a90-0_404_map.h5,8.88248,10,419,385,30.000000:90.000000,1309,True,10,6,1309,0.999957,8.24206,0,0.0123178,1368 1368 1369 1310 1309 -1
GCP,adapt_p35-659087696138755_a285-0_455_map.h5,6.80624,10,204,1179,54.340912:285.000000,1601,True,22,4,1643,0.730748,5.26642,0,0.0125603,1603 1643 1601 -1
GCP,adapt_p48-18968510422141_a326-24999999999994_242_map.h5,6.83414,10,324,1084,41.810314:326.250000,1514,True,18,4,1462,0.870156,4.81367,0,0.0126581,1463 1462 1514 -1
GCP,adapt_p48-18968510422141_a258-75_277_map.h5,8.86962,10,341,400,41.810314:258.750000,1504,True,12,6,1504,0.988254,8.27045,0,0.0121639,1503 1503 1504 1554 1553 -1
GCP,adapt_p48-18968510422141_a281-24999999999994_486_map.h5,5.5119,10,198,1463,41.810314:281.250000,1507,False,65,4,1455,0.575783,5.47473,0,0.0129182,1457 1455 1454 -1
GCP,adapt_p23-556464309101234_a22-5_102_map.h5,8.88161,10,444,370,66.443535:22.500000,1689,True,11,6,1689,0.999807,8.14716,0,0.0121868,1688 1688 1689 1719 1718 -1
GCP,adapt_p60-00000000000001_a180-0_526_map.h5,6.86236,10,535,1130,30.000000:180.000000,1324,False,13,4,1323,0.791709,4.79686,0,0.0124421,1262 1261 1323 -1
GCP,adapt_p60-00000000000001_a224-99999999999997_166_map.h5,7.77537,10,174,799,30.000000:225.000000,1331,False,23,5,1391,0.804164,7.25273,0,0.0124231,1392 1391 1390 1332 -1
GCP,adapt_p80-40593177313954_a180-0_503_map.h5,5.7706,10,245,1492,9.594069:180.000000,1067,False,25,4,1134,0.75376,4.89535,0,0.0132089,1200 1135 1134 -1
GCP,adapt_p80-40593177313954_a337-49999999999994_570_map.h5,6.85238,10,530,1204,9.594069:337.500000,1097,True,15,4,1097,0.740988,4.88818,0,0.0124194,1164 1163 1097 -1
GCP,adapt_p48-18968510422141_a56-24999999999999_455_map.h5,7.88062,10,428,813,41.810314:56.250000,1475,True,10,5,1420,0.854791,5.99453,0,0.01218,1421 1421 1475 1420 -1
GCP,adapt_p60-00000000000001_a45-0_569_map.h5,6.94747,10,125,747,30.000000:45.000000,1301,False,154,3,1233,0.224724,5.38787,0,0.0142615,1176 1233 -1
GCP,adapt_p48-18968510422141_a236-25_542_map.h5,6.85727,10,532,1060,41.810314:236.250000,1501,True,15,4,1448,0.863801,4.88124,0,0.0125717,1447 1448 1501 -1
GCP,adapt_p80-40593177313954_a224-99999999999997_325_map.h5,6.78559,10,376,1125,9.594069:225.000000,1076,True,25,4,1076,0.821375,4.91037,0,0.0122168,1009 1077 1076 -1
GCP,adapt_p60-00000000000001_a157-5_53_map.h5,8.84783,10,215,348,30.000000:157.500000,1320,True,17,6,1321,0.914849,8.3436,0,0.0129963,1322 1322 1380 1321 1320 -1
GCP,adapt_p11-715852394892384_a225-0_422_map.h5,6.70347,10,185,1107,78.284149:225.000000,1774,False,44,4,1772,0.591317,5.41594,0,0.0123175,1733 1773 1772 -1
GCP,adapt_p23-556464309101234_a112-5_312_map.h5,7.86055,10,349,772,66.443535:112.500000,1697,True,12,5,1696,0.973168,7.35766,0,0.0122545,1697 1696 1725 1697 -1
GCP,adapt_p60-00000000000001_a112-49999999999999_523_map.h5,7.86469,10,425,757,30.000000:112.500000,1313,True,13,5,1313,0.988512,7.24793,0,0.0121056,1371 1372 1313 1312 -1
GCP,adapt_p60-00000000000001_a0-0_185_map.h5,5.84954,10,420,1540,30.000000:0.000000,1294,True,15,4,1294,0.884423,4.89104,0,0.0122651,1411 1294 1293 -1
GCP,adapt_p80-40593177313954_a90-0_322_map.h5,8.70458,10,217,375,9.594069:90.000000,1051,True,39,5,1051,0.674968,7.79117,0,0.0122167,1053 1118 1051 1050 -1
GCP,adapt_p35-659087696138755_a135-0_556_map.h5,6.72049,10,233,1140,54.340912:135.000000,1583,False,31,4,1483,0.67418,5.01523,0,0.0123358,1430 1483 1535 -1
GCP,adapt_p70-52877936550931_a191-25_14_map.h5,5.39808,10,117,1682,19.471220:191.250000,1201,False,76,4,1434,0.795506,5.3459,0,0.012717,1317 1433 1434 -1
GCP,adapt_p35-659087696138755_a315-0_335_map.h5,7.83717,10,247,768,54.340912:315.000000,1605,True,17,5,1606,0.961658,7.33028,0,0.0126267,1647 1606 1562 1605 -1
GCP,adapt_p60-00000000000001_a67-5_314_map.h5,5.75759,10,362,1581,30.000000:67.500000,1305,True,27,4,1305,0.643873,5.06614,0,0.012215,1244 1306 1305 -1
GCP,adapt_p80-40593177313954_a315-0_465_map.h5,5.15061,10,237,1563,9.594069:315.000000,1093,False,103,3,1161,0.353799,3.82294,0,0.0131957,1407 1161 -1
GCP,adapt_p70-52877936550931_a326-24999999999994_108_map.h5,5.6591,10,277,1518,19.471220:326.250000,1225,False,42,4,1286,0.451154,5.02416,0,0.0127164,1346 1286 1223 -1
GCP,adapt_p80-40593177313954_a22-5_277_map.h5,5.83971,10,387,1514,9.594069:22.500000,1038,True,17,4,1038,0.928951,4.88206,0,0.0120993,1105 1039 1038 -1
GCP,adapt_p48-18968510422141_a213-75_212_map.h5,8.87121,10,349,381,41.810314:213.750000,1497,True,14,6,1498,0.995351,8.25878,0,0.0125879,1446 1446 1445 1498 1497 -1
GCP,adapt_p70-52877936550931_a281-24999999999994_189_map.h5,8.47106,10,139,400,19.471220:281.250000,1217,False,78,2,1730,0,0.0127654,0,0.0127654,1216 -1
GCP,adapt_p80-40593177313954_a247-49999999999997_494_map.h5,4.27357,10,104,1899,9.594069:247.500000,1080,False,98,2,1081,0,0.0131952,0,0.0131952,1501 -1
GCP,adapt_p80-40593177313954_a202-49999999999997_300_map.h5,5.46004,10,66,1509,9.594069:202.500000,1072,False,72,3,1318,0.229751,3.06379,0,0.0127574,1433 1318 -1
GCP,adapt_p48-18968510422141_a123-74999999999999_455_map.h5,7.87313,10,460,768,41.810314:123.750000,1484,False,11,5,1431,0.995914,5.85782,0,0.0126518,1485 1485 1432 1431 -1
GCP,adapt_p80-40593177313954_a45-0_68_map.h5,5.90617,10,72,759,9.594069:45.000000,1042,False,310,2,990,0,0.02149,0,0.02149,1552 -1
GCP,adapt_p35-659087696138755_a195-0_38_map.h5,5.23462,10,167,1503,54.340912:195.000000,1590,False,115,4,1261,0.307141,4.89647,0,0.0141982,1259 1260 1261 -1
GCP,adapt_p48-18968510422141_a213-75_407_map.h5,6.68413,10,180,1120,41.810314:213.750000,1497,False,44,4,1445,0.558185,5.42526,0,0.0126837,1331 1445 1498 -1
GCP,adapt_p23-556464309101234_a292-5_334_map.h5,8.89255,10,598,398,66.443535:292.500000,1712,True,11,6,1712,0.999484,8.20368,0,0.0122519,1680 1680 1712 1713 1739 -1
GCP,adapt_p70-52877936550931_a236-25_232_map.h5,6.82847,10,411,1098,19.471220:236.250000,1209,False,19,4,1273,0.841648,4.8946,0,0.012328,1272 1273 1274 -1
GCP,adapt_p80-40593177313954_a337-49999999999994_71_map.h5,6.34302,10,107,782,9.594069:337.500000,1097,False,240,2,1099,0,0.0174999,0,0.0174999,1047 -1
GCP,adapt_p70-52877936550931_a146-25_398_map.h5,8.86851,10,592,420,19.471220:146.250000,1193,True,13,5,1193,0.958965,7.27193,0,0.0122975,1256 1193 1127 1192 -1
GCP,adapt_p60-00000000000001_a45-0_10_map.h5,7.89766,10,697,761,30.000000:45.000000,1301,True,10,5,1302,0.999962,5.82618,0,0.0121277,1361 1361 1302 1301 -1
GCP,adapt_p70-52877936550931_a303-75_394_map.h5,6.8355,10,370,1074,19.471220:303.750000,1221,True,19,4,1221,0.710395,4.84906,0,0.0123004,1283 1284 1221 -1
GCP,adapt_p70-52877936550931_a236-25_35_map.h5,7.81058,10,274,772,19.471220:236.250000,1209,True,25,5,1144,0.844012,7.16803,0,0.0122268,1271 1272 1209 1144 -1
GCP,adapt_p35-659087696138755_a165-0_554_map.h5,7.89057,10,775,760,54.340912:165.000000,1587,True,6,5,1587,0.989571,5.81096,0,0.0122162,1629 1629 1586 1587 -1
GCP,adapt_p80-40593177313954_a315-0_359_map.h5,7.79386,10,356,757,9.594069:315.000000,1093,True,24,4,1094,0.667141,5.43235,0,0.0129651,1157 1093 1094 -1
GCP,adapt_p70-52877936550931_a146-25_128_map.h5,7.86553,10,530,726,19.471220:146.250000,1193,True,11,5,1193,0.983736,5.81174,0,0.0122513,1256 1256 1193 1192 -1
GCP,adapt_p23-556464309101234_a67-5_474_map.h5,6.87736,10,477,1125,66.443535:67.500000,1693,False,10,4,1722,0.977463,4.79381,0,0.0124496,1748 1722 1723 -1
GCP,adapt_p60-00000000000001_a247-49999999999997_336_map.h5,7.86853,10,403,775,30.000000:247.500000,1335,True,14,5,1335,0.855282,7.24386,0,0.0122725,1393 1394 1336 1335 -1
GCP,adapt_p70-52877936550931_a33-75_368_map.h5,7.74357,10,234,742,19.471220:33.750000,1173,True,29,5,1237,0.82862,7.3557,0,0.012225,1172 1173 1237 1174 -1
GCP,adapt_p60-00000000000001_a67-5_354_map.h5,8.90358,10,724,363,30.000000:67.500000,1305,True,8,6,1365,0.99968,8.24503,0,0.0122194,1364 1364 1365 1306 1305 -1
GCP,adapt_p60-00000000000001_a247-49999999999997_410_map.h5,6.81255,10,413,1099,30.000000:247.500000,1335,False,20,4,1392,0.920897,5.02461,0,0.0122753,1333 1392 1393 -1
GCP,adapt_p48-18968510422141_a78-75_332_map.h5,7.81749,10,179,716,41.810314:78.750000,1478,True,23,5,1424,0.906567,7.31803,0,0.0123113,1478 1424 1366 1423 -1
GCP,adapt_p23-556464309101234_a157-5_509_map.h5,7.88203,10,432,724,66.443535:157.500000,1701,True,12,5,1700,0.930546,7.59508,0,0.0127657,1728 1700 1701 1728 -1
GCP,adapt_p48-18968510422141_a213-75_521_map.h5,7.63634,10,142,774,41.810314:213.750000,1497,False,47,4,1443,0.621984,5.40765,0,0.012547,1548 1496 1443 -1
GCP,adapt_p23-556464309101234_a292-5_232_map.h5,8.89664,10,616,366,66.443535:292.500000,1712,True,9,6,1712,0.997905,8.31471,0,0.0131684,1713 1713 1680 1679 1712 -1
GCP,adapt_p70-52877936550931_a281-24999999999994_176_map.h5,5.52902,10,190,1549,19.471220:281.250000,1217,False,63,3,1152,0.270818,3.58731,0,0.0127755,1149 1152 -1
GCP,adapt_p70-52877936550931_a281-24999999999994_3_map.h5,7.85856,10,423,726,19.471220:281.250000,1217,True,16,5,1217,0.956257,7.29485,0,0.0122572,1218 1217 1216 1279 -1
GCP,adapt_p48-18968510422141_a191-25_530_map.h5,6.87341,10,573,1112,41.810314:191.250000,1494,True,10,4,1441,0.922094,4.79222,0,0.0123809,1442 1441 1494 -1
GCP,adapt_p80-40593177313954_a112-49999999999999_119_map.h5,6.84314,10,488,1080,9.594069:112.500000,1055,True,17,4,1055,0.919477,4.91082,0,0.0126627,988 1056 1055 -1
GCP,adapt_p80-40593177313954_a67-5_277_map.h5,6.48507,10,87,1195,9.594069:67.500000,1047,True,69,4,1047,0.531355,6.27214,0,0.0127245,1110 1047 1048 -1
GCP,adapt_p48-18968510422141_a168-74999999999997_67_map.h5,7.89205,10,670,760,41.810314:168.750000,1491,True,9,5,1491,0.980735,5.91196,0,0.0127138,1542 1542 1491 1541 -1
GCP,adapt_p23-556464309101234_a67-5_577_map.h5,7.89951,10,595,742,66.443535:67.500000,1693,True,9,5,1693,0.997565,5.84015,0,0.0122815,1694 1694 1693 1658 -1
GCP,adapt_p70-52877936550931_a236-25_256_map.h5,7.85668,10,451,727,19.471220:236.250000,1209,False,16,5,1271,0.947002,7.49009,0,0.0121309,1272 1271 1270 1208 -1
GCP,adapt_p60-00000000000001_a247-49999999999997_58_map.h5,7.87753,10,468,771,30.000000:247.500000,1335,True,11,5,1335,0.989943,5.81043,0,0.0122523,1393 1393 1335 1336 -1
GCP,adapt_p80-40593177313954_a45-0_344_map.h5,6.79956,10,343,1119,9.594069:45.000000,1042,False,23,4,1044,0.691482,4.85246,0,0.0122464,976 1044 1110 -1
GCP,adapt_p23-556464309101234_a22-5_377_map.h5,5.71635,10,112,1496,66.443535:22.500000,1689,False,35,4,1534,0.608566,5.42044,0,0.0124675,1430 1534 1533 -1
GCP,adapt_p60-00000000000001_a315-0_472_map.h5,8.7805,10,165,358,30.000000:315.000000,1346,False,29,5,1404,0.797931,7.49791,0,0.0123103,1461 1460 1459 1404 -1
GCP,adapt_p70-52877936550931_a168-74999999999997_583_map.h5,7.7444,10,212,801,19.471220:168.750000,1197,False,32,5,1196,0.67229,7.20503,0,0.0123824,1258 1259 1196 1130 -1
GCP,adapt_p35-659087696138755_a195-0_297_map.h5,7.87043,10,418,734,54.340912:195.000000,1590,True,11,5,1591,0.984584,5.8607,0,0.0123497,1590 1590 1591 1592 -1
GCP,adapt_p48-18968510422141_a303-75_27_map.h5,7.86752,10,383,752,41.810314:303.750000,1510,True,13,5,1510,0.896769,7.21514,0,0.0122814,1459 1458 1510 1511 -1
GCP,adapt_p60-00000000000001_a157-5_191_map.h5,6.88548,10,625,1123,30.000000:157.500000,1320,True,11,5,1258,0.955432,5.81494,0,0.0123242,1320 1320 1258 1259 -1
GCP,adapt_p60-00000000000001_a224-99999999999997_333_map.h5,7.81355,10,324,748,30.000000:225.000000,1331,False,21,5,1391,0.880153,7.2921,0,0.0122501,1392 1391 1390 1447 -1
GCP,adapt_p80-40593177313954_a180-0_414_map.h5,6.85115,10,466,1049,9.594069:180.000000,1067,True,14,4,1000,0.831709,4.92012,0,0.0126362,1067 1000 1001 -1
GCP,adapt_p23-556464309101234_a337-5_400_map.h5,5.80051,10,438,1473,66.443535:337.500000,1716,True,23,4,1683,0.807639,4.74817,0,0.0123077,1716 1715 1683 -1
GCP,adapt_p70-52877936550931_a213-75_181_map.h5,5.71723,10,363,1418,19.471220:213.750000,1205,False,33,4,1268,0.48652,4.84348,0,0.0125885,1331 1269 1268 -1
GCP,adapt_p80-40593177313954_a135-0_54_map.h5,8.88031,10,552,369,9.594069:135.000000,1059,True,12,6,1059,0.999576,8.26589,0,0.0124936,1124 1124 1125 1059 1058 -1
GCP,adapt_p60-00000000000001_a67-5_265_map.h5,6.85055,10,447,1163,30.000000:67.500000,1305,True,13,5,1365,0.894057,5.80078,0,0.0122622,1305 1305 1364 1365 -1
GCP,adapt_p60-00000000000001_a180-0_541_map.h5,8.88454,10,569,398,30.000000:180.000000,1324,True,10,6,1324,0.99643,8.47195,0,0.0122396,1325 1325 1262 1324 1323 -1
GCP,adapt_p23-556464309101234_a337-5_329_map.h5,6.8593,10,391,1122,66.443535:337.500000,1716,True,15,4,1742,0.947927,4.75308,0,0.0124973,1741 1742 1716 -1
GCP,adapt_p70-52877936550931_a56-24999999999999_172_map.h5,7.87956,10,573,749,19.471220:56.250000,1177,True,10,5,1177,0.993803,7.40668,0,0.0122478,1178 1177 1111 1178 -1
GCP,adapt_p70-52877936550931_a281-24999999999994_385_map.h5,8.83283,10,288,362,19.471220:281.250000,1217,True,19,5,1217,0.923099,7.18579,0,0.0129696,1152 1217 1216 1279 -1
GCP,adapt_p60-00000000000001_a157-5_559_map.h5,7.11145,10,52,387,30.000000:157.500000,1320,False,286,2,945,0,0.0202699,0,0.0202699,1122 -1
GCP,adapt_p60-00000000000001_a22-5_122_map.h5,7.88615,10,652,799,30.000000:22.500000,1298,True,10,5,1298,0.998653,7.34614,0,0.0126311,1297 1298 1357 1297 -1
GCP,adapt_p80-40593177313954_a135-0_292_map.h5,7.79954,10,263,732,9.594069:135.000000,1059,True,23,5,1059,0.784925,7.35692,0,0.0122501,1061 1060 992 1059 -1
GCP,adapt_p70-52877936550931_a303-75_19_map.h5,5.32003,10,141,1104,19.471220:303.750000,1221,False,226,3,1223,0.204202,4.04779,0,0.017146,1407 1223 -1
GCP,adapt_p11-715852394892384_a225-0_54_map.h5,7.85921,10,384,743,78.284149:225.000000,1774,True,16,5,1774,0.918262,7.09328,0,0.0125779,1758 1775 1774 1757 -1
GCP,adapt_p48-18968510422141_a11-25_205_map.h5,6.73134,10,272,1122,41.810314:11.250000,1468,False,32,4,1409,0.63209,5.32994,0,0.0124484,1350 1409 1352 -1
GCP,adapt_p35-659087696138755_a45-0_400_map.h5,6.83533,10,293,1074,54.340912:45.000000,1572,True,18,4,1572,0.894253,4.778,0,0.0124733,1616 1572 1573 -1
GCP,adapt_p60-00000000000001_a180-0_165_map.h5,7.71662,10,243,779,30.000000:180.000000,1324,False,34,5,1326,0.868145,7.56113,0,0.0121853,1263 1326 1384 1385 -1
GCP,adapt_p70-52877936550931_a123-74999999999999_286_map.h5,7.50542,10,143,750,19.471220:123.750000,1189,False,55,4,1253,0.625035,6.29306,0,0.0124009,1249 1315 1253 -1
GCP,adapt_p23-556464309101234_a157-5_81_map.h5,8.8713,10,388,378,66.443535:157.500000,1701,True,13,6,1701,0.987373,8.17202,0,0.0124942,1666 1666 1700 1701 1729 -1
GCP,adapt_p80-40593177313954_a202-49999999999997_524_map.h5,7.61548,10,199,781,9.594069:202.500000,1072,False,44,4,934,0.658334,6.38563,0,0.0123404,1137 934 933 -1
GCP,adapt_p70-52877936550931_a56-24999999999999_537_map.h5,5.80856,10,287,1483,19.471220:56.250000,1177,False,20,4,1239,0.868877,4.85381,0,0.0122633,1175 1238 1239 -1
GCP,adapt_p35-659087696138755_a75-0_563_map.h5,7.82464,10,478,738,54.340912:75.000000,1576,True,11,5,1619,0.911562,5.88878,0,0.0121609,1575 1575 1619 1576 -1
GCP,adapt_p70-52877936550931_a11-25_284_map.h5,8.89049,10,655,353,19.471220:11.250000,1169,True,10,6,1169,0.999955,8.34967,0,0.0123108,1103 1103 1102 1168 1169 -1
GCP,adapt_p35-659087696138755_a224-99999999999997_328_map.h5,8.06272,10,94,402,54.340912:225.000000,1594,False,145,2,1636,0,0.0140253,0,0.0140253,977 -1
GCP,adapt_p35-659087696138755_a224-99999999999997_473_map.h5,8.79887,10,191,363,54.340912:225.000000,1594,True,24,5,1594,0.844001,7.12433,0,0.0129324,1550 1595 1594 1636 -1
GCP,adapt_p48-18968510422141_a191-25_483_map.h5,8.80207,10,244,347,41.810314:191.250000,1494,True,23,5,1494,0.907183,7.35541,0,0.0127401,1543 1544 1545 1494 -1
GCP,adapt_p60-00000000000001_a135-0_535_map.h5,7.88233,10,691,743,30.000000:135.000000,1316,True,9,5,1375,0.991785,7.3719,0,0.0124663,1374 1375 1316 1374 -1
GCP,adapt_p70-52877936550931_a213-75_432_map.h5,6.84959,10,404,1164,19.471220:213.750000,1205,False,16,4,1139,0.834352,4.98871,0,0.0122052,1206 1140 1139 -1
GCP,adapt_p23-556464309101234_a112-5_211_map.h5,7.87612,10,427,738,66.443535:112.500000,1697,True,11,5,1696,0.952409,5.75012,0,0.0126599,1725 1725 1696 1697 -1
GCP,adapt_p35-659087696138755_a105-0_104_map.h5,7.51678,10,80,765,54.340912:105.000000,1579,True,72,4,1578,0.55333,5.33605,0,0.0130137,1660 1578 1579 -1
GCP,adapt_p48-18968510422141_a348-74999999999994_517_map.h5,5.87041,10,457,1471,41.810314:348.750000,1517,True,11,4,1517,0.887922,4.85657,0,0.0123927,1466 1465 1517 -1
GCP,adapt_p23-556464309101234_a22-5_382_map.h5,6.82435,10,259,1048,66.443535:22.500000,1689,True,20,4,1689,0.775127,4.80035,0,0.0124726,1690 1689 1688 -1
GCP,adapt_p48-18968510422141_a56-24999999999999_590_map.h5,0.689666,10,84,1495,41.810314:56.250000,1475,False,847,2,1080,0,0.0816126,0,0.0816126,1578 -1
GCP,adapt_p11-715852394892384_a135-0_399_map.h5,7.87458,10,373,787,78.284149:135.000000,1770,False,11,5,1752,0.993013,7.18006,0,0.0122185,1771 1753 1752 1771 -1
GCP,adapt_p35-659087696138755_a195-0_565_map.h5,8.84884,10,265,420,54.340912:195.000000,1590,False,19,5,1670,0.833227,7.23032,0,0.0129714,1631 1632 1669 1670 -1
GCP,adapt_p11-715852394892384_a225-0_477_map.h5,7.78349,10,180,746,78.284149:225.000000,1774,False,30,5,1775,0.789813,7.32542,0,0.0123268,1735 1759 1758 1775 -1
GCP,adapt_p70-52877936550931_a258-75_562_map.h5,6.86624,10,539,1097,19.471220:258.750000,1213,True,12,5,1275,0.932212,5.93508,0,0.0125504,1212 1212 1275 1213 -1
GCP,adapt_p60-00000000000001_a247-49999999999997_567_map.h5,6.86859,10,429,1121,30.000000:247.500000,1335,True,13,5,1335,0.973561,5.88459,0,0.0122315,1274 1274 1335 1334 -1
GCP,adapt_p60-00000000000001_a0-0_23_map.h5,6.88764,10,579,1139,30.000000:0.000000,1294,True,9,4,1294,0.960788,4.89635,0,0.0131616,1353 1294 1293 -1
GCP,adapt_p70-52877936550931_a56-24999999999999_267_map.h5,8.82717,10,193,383,19.471220:56.250000,1177,True,21,5,1110,0.867015,7.22189,0,0.0126692,1240 1177 1176 1110 -1
GCP,adapt_p80-40593177313954_a90-0_498_map.h5,6.87017,10,499,1160,9.594069:90.000000,1051,True,15,5,1050,0.984503,5.91816,0,0.0126129,1051 1051 1050 1049 -1
GCP,adapt_p70-52877936550931_a33-75_145_map.h5,8.73521,10,151,342,19.471220:33.750000,1173,True,33,5,1107,0.868233,7.33197,0,0.0125999,1237 1173 1107 1106 -1
GCP,adapt_p35-659087696138755_a255-00000000000003_462_map.h5,6.72845,10,200,1085,54.340912:255.000000,1598,False,28,4,1638,0.702818,4.7742,0,0.0123165,1674 1637 1638 -1
GCP,adapt_p80-40593177313954_a315-0_107_map.h5,7.87443,10,472,778,9.594069:315.000000,1093,False,12,5,1158,0.975125,7.36154,0,0.0123649,1157 1158 1092 1157 -1
GCP,adapt_p80-40593177313954_a135-0_332_map.h5,8.78859,10,219,360,9.594069:135.000000,1059,False,28,5,1126,0.809272,7.86368,0,0.0122047,1058 1060 1126 1127 -1
GCP,adapt_p80-40593177313954_a45-0_224_map.h5,6.86266,10,530,1066,9.594069:45.000000,1042,True,14,5,1042,0.956597,5.86919,0,0.0121416,1108 1108 1042 1043 -1
GCP,adapt_p35-659087696138755_a255-00000000000003_305_map.h5,8.88932,10,532,391,54.340912:255.000000,1598,True,7,6,1598,0.999879,8.24965,0,0.01247,1639 1639 1640 1598 1597 -1
GCP,adapt_p35-659087696138755_a195-0_531_map.h5,8.88762,10,663,384,54.340912:195.000000,1590,True,8,6,1633,0.999881,8.22719,0,0.0121726,1632 1632 1633 1591 1590 -1
GCP,adapt_p70-52877936550931_a11-25_587_map.h5,5.83566,10,414,1488,19.471220:11.250000,1169,True,16,4,1169,0.905726,4.89809,0,0.0121584,1102 1168 1169 -1
GCP,adapt_p48-18968510422141_a303-75_576_map.h5,5.74442,10,308,1511,41.810314:303.750000,1510,True,29,4,1510,0.638147,4.94479,0,0.0124008,1560 1510 1458 -1
GCP,adapt_p60-00000000000001_a202-49999999999997_264_map.h5,6.25235,10,111,1188,30.000000:202.500000,1328,False,100,4,1201,0.493316,5.47232,0,0.0132255,1324 1264 1201 -1
GCP,adapt_p80-40593177313954_a292-5_252_map.h5,5.35591,10,86,1492,9.594069:292.500000,1088,False,84,3,1080,0.188737,3.41332,0,0.0129129,1010 1080 -1
GCP,adapt_p80-40593177313954_a315-0_547_map.h5,6.48003,10,119,1274,9.594069:315.000000,1093,False,72,4,1351,0.30274,4.90763,0,0.0127733,1349 1350 1351 -1
GCP,adapt_p70-52877936550931_a168-74999999999997_445_map.h5,7.84222,10,322,718,19.471220:168.750000,1197,True,18,5,1197,0.921187,7.2496,0,0.0125759,1261 1260 1197 1196 -1
GCP,adapt_p70-52877936550931_a191-25_525_map.h5,6.85385,10,384,1151,19.471220:191.250000,1201,True,14,5,1201,0.963475,5.80973,0,0.0129582,1264 1264 1201 1200 -1
GCP,adapt_p80-40593177313954_a67-5_110_map.h5,8.86295,10,430,324,9.594069:67.500000,1047,True,13,6,1047,0.995638,8.35215,0,0.0128417,980 980 1047 979 1046 -1
GCP,adapt_p70-52877936550931_a101-24999999999999_258_map.h5,8.82122,10,238,377,19.471220:101.250000,1185,True,23,5,1249,0.937496,7.28446,0,0.0125794,1120 1186 1249 1185 -1
GCP,adapt_p23-556464309101234_a67-5_546_map.h5,7.8885,10,668,782,66.443535:67.500000,1693,False,10,5,1722,0.993587,5.78129,0,0.0123007,1721 1721 1722 1692 -1
GCP,adapt_p23-556464309101234_a22-5_219_map.h5,8.88835,10,434,388,66.443535:22.500000,1689,True,10,6,1719,0.999455,8.14654,0,0.0124319,1688 1688 1689 1719 1718 -1
GCP,adapt_p48-18968510422141_a281-24999999999994_310_map.h5,8.89162,10,654,393,41.810314:281.250000,1507,True,10,6,1507,0.999829,8.22633,0,0.012188,1454 1454 1455 1507 1508 -1
GCP,adapt_p60-00000000000001_a337-49999999999994_161_map.h5,6.77536,10,239,1172,30.000000:337.500000,1350,False,25,4,1349,0.682383,5.01863,0,0.0124596,1227 1289 1349 -1
GCP,adapt_p80-40593177313954_a90-0_98_map.h5,6.26063,10,171,1154,9.594069:90.000000,1051,False,103,3,1118,0.439138,5.23978,0,0.013222,1253 1118 -1
GCP,adapt_p35-659087696138755_a344-99999999999994_371_map.h5,6.83917,10,441,1128,54.340912:345.000000,1609,True,15,5,1609,0.986983,5.81138,0,0.0126363,1649 1649 1608 1609 -1
GCP,adapt_p60-00000000000001_a270-0_499_map.h5,8.85103,10,405,351,30.000000:270.000000,1339,True,17,6,1339,0.962943,8.45191,0,0.0127689,1340 1340 1397 1339 1338 -1
GCP,adapt_p80-40593177313954_a112-49999999999999_593_map.h5,2.95166,10,73,1092,9.594069:112.500000,1055,False,656,2,1376,0,0.0535841,0,0.0535841,1611 -1
GCP,adapt_p60-00000000000001_a67-5_443_map.h5,7.86661,10,416,799,30.000000:67.500000,1305,True,11,5,1305,0.976602,7.52185,0,0.0121893,1306 1305 1364 1306 -1
GCP,adapt_p80-40593177313954_a90-0_440_map.h5,7.83643,10,412,768,9.594069:90.000000,1051,True,16,5,1118,0.95994,7.27977,0,0.0123908,1051 1052 1118 1119 -1
GCP,adapt_p70-52877936550931_a56-24999999999999_366_map.h5,7.88074,10,607,708,19.471220:56.250000,1177,True,11,5,1177,0.984337,5.91961,0,0.0120659,1178 1178 1177 1176 -1
GCP,adapt_p60-00000000000001_a337-49999999999994_250_map.h5,7.80855,10,282,756,30.000000:337.500000,1350,True,26,5,1350,0.897955,7.42656,0,0.012262,1352 1351 1350 1290 -1
GCP,adapt_p70-52877936550931_a191-25_241_map.h5,6.81033,10,245,1156,19.471220:191.250000,1201,True,24,4,1201,0.816909,4.92885,0,0.0124922,1135 1201 1202 -1
GCP,adapt_p23-556464309101234_a202-5_216_map.h5,6.84706,10,380,1134,66.443535:202.500000,1704,True,16,4,1704,0.91452,4.77615,0,0.0127774,1732 1704 1705 -1
GCP,adapt_p80-40593177313954_a180-0_527_map.h5,6.7736,10,269,1168,9.594069:180.000000,1067,False,25,4,1001,0.592178,5.37088,0,0.0122186,999 1068 1001 -1
GCP,adapt_p23-556464309101234_a247-49999999999997_289_map.h5,8.33133,10,76,400,66.443535:247.500000,1708,False,108,4,1674,0.441533,6.3089,0,0.0135423,1777 1707 1674 -1
GCP,adapt_p80-40593177313954_a337-49999999999994_318_map.h5,8.84775,10,291,401,9.594069:337.500000,1097,True,17,5,1097,0.928871,7.35281,0,0.0120734,1098 1097 1162 1096 -1
GCP,adapt_p11-715852394892384_a135-0_71_map.h5,7.84844,10,423,733,78.284149:135.000000,1770,True,17,5,1771,0.92522,7.10653,0,0.0123587,1785 1770 1771 1752 -1
GCP,adapt_p70-52877936550931_a236-25_214_map.h5,8.68462,10,177,407,19.471220:236.250000,1209,True,40,5,1210,0.722338,7.40748,0,0.0121844,1271 1209 1210 1145 -1
GCP,adapt_p80-40593177313954_a45-0_122_map.h5,6.82024,10,267,1131,9.594069:45.000000,1042,False,19,4,974,0.660827,4.93536,0,0.0125591,973 974 975 -1
GCP,adapt_p70-52877936550931_a56-24999999999999_25_map.h5,7.82533,10,288,744,19.471220:56.250000,1177,True,21,5,1176,0.922696,7.29895,0,0.0124764,1241 1240 1177 1176 -1
GCP,adapt_p60-00000000000001_a247-49999999999997_90_map.h5,4.09251,10,139,1459,30.000000:247.500000,1335,False,283,2,1271,0,0.0202223,0,0.0202223,1385 -1
GCP,adapt_p60-00000000000001_a22-5_370_map.h5,6.68642,10,270,1134,30.000000:22.500000,1298,False,37,4,1296,0.651299,5.34531,0,0.0123849,1294 1355 1296 -1
GCP,adapt_p35-659087696138755_a135-0_363_map.h5,8.88844,10,584,360,54.340912:135.000000,1583,True,10,6,1583,0.999926,8.12519,0,0.0123645,1538 1538 1584 1583 1626 -1
GCP,adapt_p48-18968510422141_a123-74999999999999_141_map.h5,7.86955,10,437,704,41.810314:123.750000,1484,True,13,5,1430,0.996477,7.30124,0,0.0122481,1483 1484 1431 1430 -1
GCP,adapt_p11-715852394892384_a135-0_245_map.h5,7.87146,10,382,775,78.284149:135.000000,1770,True,15,5,1752,0.917533,7.05223,0,0.0123177,1771 1770 1751 1752 -1
GCP,adapt_p70-52877936550931_a213-75_445_map.h5,6.77678,10,256,1137,19.471220:213.750000,1205,True,26,4,1205,0.63849,4.81316,0,0.0130255,1268 1205 1204 -1
GCP,adapt_p70-52877936550931_a281-24999999999994_10_map.h5,7.8427,10,406,731,19.471220:281.250000,1217,True,15,5,1152,0.955085,7.25871,0,0.0121008,1216 1217 1152 1151 -1
GCP,adapt_p48-18968510422141_a123-74999999999999_297_map.h5,7.88757,10,475,750,41.810314:123.750000,1484,True,10,5,1485,0.99163,5.78557,0,0.0132447,1536 1536 1485 1484 -1
GCP,adapt_p70-52877936550931_a168-74999999999997_183_map.h5,8.83161,10,437,400,19.471220:168.750000,1197,True,13,6,1197,0.934524,8.27282,0,0.0121813,1131 1131 1132 1197 1260 -1
GCP,adapt_p70-52877936550931_a326-24999999999994_554_map.h5,8.88717,10,633,379,19.471220:326.250000,1225,True,10,6,1225,0.99984,8.26004,0,0.0126485,1160 1160 1225 1224 1287 -1
GCP,adapt_p11-715852394892384_a315-0_448_map.h5,7.87255,10,446,742,78.284149:315.000000,1778,True,11,5,1778,0.98049,7.25542,0,0.012243,1762 1778 1779 1762 -1
GCP,adapt_p80-40593177313954_a67-5_414_map.h5,8.53026,10,135,354,9.594069:67.500000,1047,False,62,5,1045,0.638185,7.41998,0,0.0135472,909 977 1045 1044 -1
GCP,adapt_p60-00000000000001_a202-49999999999997_304_map.h5,8.88481,10,404,362,30.000000:202.500000,1328,True,10,6,1328,0.996477,8.26962,0,0.0129931,1266 1266 1267 1329 1328 -1
GCP,adapt_p23-556464309101234_a112-5_109_map.h5,7.8906,10,658,683,66.443535:112.500000,1697,True,11,5,1697,0.991869,7.39915,0,0.0121812,1696 1697 1726 1696 -1
GCP,adapt_p80-40593177313954_a270-0_217_map.h5,8.8565,10,467,390,9.594069:270.000000,1084,True,14,6,1084,0.965742,8.3516,0,0.0122976,1017 1017 1084 1016 1083 -1
GCP,adapt_p70-52877936550931_a236-25_439_map.h5,8.88058,10,564,366,19.471220:236.250000,1209,True,11,6,1144,0.999803,8.27621,0,0.0122042,1143 1143 1144 1209 1208 -1
GCP,adapt_p70-52877936550931_a348-74999999999994_496_map.h5,7.84964,10,379,724,19.471220:348.750000,1229,True,15,5,1229,0.960738,7.35021,0,0.0121791,1228 1229 1292 1230 -1
GCP,adapt_p70-52877936550931_a33-75_466_map.h5,5.71034,10,160,1477,19.471220:33.750000,1173,False,37,4,1236,0.786943,5.41996,0,0.0124961,1108 1237 1236 -1
GCP,adapt_p70-52877936550931_a213-75_383_map.h5,7.76892,10,121,373,19.471220:213.750000,1205,False,177,2,1269,0,0.0147686,0,0.0147686,1251 -1
GCP,adapt_p48-18968510422141_a303-75_102_map.h5,7.87048,10,530,748,41.810314:303.750000,1510,True,13,5,1510,0.872265,7.21518,0,0.0123127,1459 1458 1510 1511 -1
GCP,adapt_p35-659087696138755_a14-999999999999998_224_map.h5,5.6335,10,218,1554,54.340912:15.000000,1568,False,45,4,1613,0.618442,5.42403,0,0.0123074,1650 1612 1613 -1
GCP,adapt_p48-18968510422141_a56-24999999999999_576_map.h5,6.75238,10,211,1158,41.810314:56.250000,1475,False,25,4,1419,0.821128,4.70184,0,0.0124355,1525 1473 1419 -1
GCP,adapt_p11-715852394892384_a225-0_502_map.h5,7.82065,10,288,757,78.284149:225.000000,1774,False,21,5,1758,0.86189,7.0898,0,0.0121568,1760 1759 1758 1775 -1
GCP,adapt_p60-00000000000001_a22-5_267_map.h5,5.65443,10,152,1483,30.000000:22.500000,1298,False,44,4,1233,0.587803,4.87474,0,0.013392,1171 1234 1233 -1
GCP,adapt_p70-52877936550931_a191-25_255_map.h5,7.83965,10,295,724,19.471220:191.250000,1201,True,19,5,1135,0.96752,7.33749,0,0.0121656,1200 1201 1136 1135 -1
GCP,adapt_p48-18968510422141_a146-25_214_map.h5,7.85923,10,392,753,41.810314:146.250000,1488,True,12,5,1488,0.879746,5.86586,0,0.0125601,1487 1487 1488 1489 -1
GCP,adapt_p48-18968510422141_a303-75_280_map.h5,7.88624,10,589,698,41.810314:303.750000,1510,True,9,5,1510,0.96411,5.78551,0,0.0125478,1560 1560 1511 1510 -1
GCP,adapt_p48-18968510422141_a191-25_142_map.h5,6.74686,10,295,1113,41.810314:191.250000,1494,False,32,4,1441,0.676463,5.54713,0,0.0129583,1492 1441 1442 -1
GCP,adapt_p60-00000000000001_a180-0_158_map.h5,8.88342,10,545,365,30.000000:180.000000,1324,True,11,6,1324,0.998744,8.24538,0,0.0123814,1325 1325 1324 1262 1263 -1
GCP,adapt_p70-52877936550931_a191-25_90_map.h5,6.83126,10,492,1149,19.471220:191.250000,1201,True,20,4,1136,0.761222,4.88779,0,0.0125473,1202 1201 1136 -1
GCP,adapt_p80-40593177313954_a90-0_421_map.h5,8.88647,10,557,354,9.594069:90.000000,1051,True,10,6,1050,0.998293,8.28454,0,0.0123208,1116 1116 1117 1051 1050 -1
GCP,adapt_p80-40593177313954_a45-0_77_map.h5,8.87555,10,334,367,9.594069:45.000000,1042,True,13,6,1042,0.986319,8.31938,0,0.0122303,1109 1109 1108 1042 1043 -1
GCP,adapt_p80-40593177313954_a224-99999999999997_166_map.h5,7.79834,10,280,707,9.594069:225.000000,1076,True,22,5,1076,0.8431,7.26961,0,0.0124639,1143 1077 1076 1075 -1
GCP,adapt_p60-00000000000001_a157-5_533_map.h5,6.83061,10,494,1088,30.000000:157.500000,1320,True,17,5,1321,0.931639,6.01828,0,0.0121998,1257 1257 1320 1321 -1
GCP,adapt_p70-52877936550931_a281-24999999999994_398_map.h5,7.88529,10,612,741,19.471220:281.250000,1217,True,13,5,1217,0.962202,7.26192,0,0.0125056,1152 1153 1218 1217 -1
GCP,adapt_p70-52877936550931_a236-25_353_map.h5,6.79328,10,364,1197,19.471220:236.250000,1209,True,22,4,1209,0.617383,5.11744,0,0.0125008,1144 1209 1273 -1
GCP,adapt_p23-556464309101234_a247-49999999999997_162_map.h5,6.88699,10,591,1158,66.443535:247.500000,1708,True,10,4,1709,0.894055,4.74909,0,0.0128068,1708 1709 1676 -1
GCP,adapt_p48-18968510422141_a78-75_400_map.h5,7.77542,10,216,803,41.810314:78.750000,1478,True,27,5,1476,0.826377,7.22961,0,0.012386,1478 1477 1476 1528 -1
GCP,adapt_p35-659087696138755_a224-99999999999997_89_map.h5,7.74144,10,279,751,54.340912:225.000000,1594,True,29,5,1550,0.849186,7.1261,0,0.0123743,1594 1549 1550 1500 -1
GCP,adapt_p70-52877936550931_a213-75_40_map.h5,7.82161,10,234,765,19.471220:213.750000,1205,False,21,5,1139,0.897684,7.2599,0,0.0122047,1072 1073 1139 1138 -1
GCP,adapt_p70-52877936550931_a123-74999999999999_78_map.h5,8.06706,10,95,365,19.471220:123.750000,1189,False,144,4,1258,0.35897,6.43167,0,0.01467,1262 1258 1195 -1
GCP,adapt_p48-18968510422141_a303-75_387_map.h5,8.75458,10,161,407,41.810314:303.750000,1510,False,33,5,1559,0.828009,7.89821,0,0.0122292,1511 1603 1559 1558 -1
GCP,adapt_p23-556464309101234_a247-49999999999997_176_map.h5,3.71496,10,148,1394,66.443535:247.500000,1708,False,373,2,1380,0,0.0256285,0,0.0256285,1711 -1
GCP,adapt_p70-52877936550931_a213-75_161_map.h5,6.69254,10,219,1087,19.471220:213.750000,1205,False,37,4,1136,0.688304,5.35757,0,0.0122794,1134 1201 1136 -1
GCP,adapt_p48-18968510422141_a56-24999999999999_412_map.h5,7.89121,10,664,722,41.810314:56.250000,1475,True,8,5,1475,0.885806,5.7821,0,0.0125722,1421 1421 1475 1474 -1
GCP,adapt_p35-659087696138755_a224-99999999999997_233_map.h5,7.88654,10,499,748,54.340912:225.000000,1594,True,10,5,1636,0.964474,7.43379,0,0.0132568,1637 1636 1594 1637 -1
GCP,adapt_p80-40593177313954_a315-0_171_map.h5,6.88417,10,573,1079,9.594069:315.000000,1093,True,10,5,1093,0.997282,5.87297,0,0.0126408,1159 1159 1093 1094 -1
GCP,adapt_p48-18968510422141_a168-74999999999997_518_map.h5,7.86767,10,432,732,41.810314:168.750000,1491,True,14,5,1437,0.937039,7.22272,0,0.0121224,1438 1437 1490 1491 -1
GCP,adapt_p80-40593177313954_a157-5_481_map.h5,6.87847,10,419,1218,9.594069:157.500000,1063,False,12,5,1130,0.960929,5.80562,0,0.0123145,1064 1064 1130 1129 -1
GCP,adapt_p70-52877936550931_a348-74999999999994_453_map.h5,7.88157,10,391,754,19.471220:348.750000,1229,True,11,5,1229,0.997502,5.90279,0,0.0122365,1292 1292 1229 1230 -1
GCP,adapt_p11-715852394892384_a135-0_336_map.h5,7.88951,10,636,751,78.284149:135.000000,1770,False,10,5,1752,0.996862,7.18013,0,0.0122859,1771 1753 1752 1771 -1
GCP,adapt_p70-52877936550931_a236-25_248_map.h5,7.8607,10,734,737,19.471220:236.250000,1209,True,14,5,1209,0.951147,7.40495,0,0.0121159,1272 1210 1209 1144 -1
GCP,adapt_p80-40593177313954_a45-0_288_map.h5,6.64731,10,222,1145,9.594069:45.000000,1042,False,46,4,1110,0.539849,5.83157,0,0.012495,1041 1110 1176 -1
GCP,adapt_p60-00000000000001_a224-99999999999997_594_map.h5,8.90066,10,638,378,30.000000:225.000000,1331,True,8,6,1331,0.999968,8.29182,0,0.0121484,1270 1270 1269 1331 1332 -1
GCP,adapt_p80-40593177313954_a270-0_194_map.h5,7.84615,10,538,746,9.594069:270.000000,1084,True,15,5,1085,0.954391,5.9117,0,0.0126555,1017 1017 1085 1084 -1
GCP,adapt_p80-40593177313954_a292-5_506_map.h5,8.88163,10,340,411,9.594069:292.500000,1088,False,12,6,1155,0.993839,8.30507,0,0.0121687,1154 1154 1155 1089 1090 -1
GCP,adapt_p35-659087696138755_a14-999999999999998_541_map.h5,4.7494,10,277,1901,54.340912:15.000000,1568,False,31,3,1569,0.497933,2.54882,0,0.0123634,1614 1569 -1
GCP,adapt_p23-556464309101234_a157-5_94_map.h5,8.85867,10,387,350,66.443535:157.500000,1701,True,15,5,1701,0.97379,7.26027,0,0.0121061,1629 1667 1701 1666 -1
GCP,adapt_p23-556464309101234_a202-5_468_map.h5,8.67726,10,99,384,66.443535:202.500000,1704,True,47,5,1732,0.768058,8.1969,0,0.0125485,1774 1704 1732 1731 -1
GCP,adapt_p70-52877936550931_a258-75_589_map.h5,6.84167,10,564,1105,19.471220:258.750000,1213,True,17,4,1213,0.812,4.80961,0,0.0121475,1148 1213 1214 -1
GCP,adapt_p80-40593177313954_a247-49999999999997_369_map.h5,8.64934,10,182,382,9.594069:247.500000,1080,False,50,5,1270,0.725551,7.17417,0,0.0124713,1142 1207 1270 1271 -1
GCP,adapt_p80-40593177313954_a315-0_31_map.h5,8.81489,10,174,406,9.594069:315.000000,1093,True,21,5,1158,0.840802,7.32193,0,0.0129046,1094 1093 1159 1158 -1
GCP,adapt_p35-659087696138755_a165-0_537_map.h5,5.75347,10,149,1507,54.340912:165.000000,1587,False,30,4,1586,0.636983,4.80162,0,0.0133372,1630 1629 1586 -1
GCP,adapt_p48-18968510422141_a303-75_11_map.h5,7.88374,10,534,755,41.810314:303.750000,1510,False,10,5,1459,0.932064,5.79137,0,0.0120327,1511 1511 1459 1458 -1
GCP,adapt_p23-556464309101234_a292-5_225_map.h5,8.88349,10,485,418,66.443535:292.500000,1712,True,9,6,1712,0.997747,8.28585,0,0.01233,1679 1679 1711 1712 1680 -1
GCP,adapt_p70-52877936550931_a146-25_410_map.h5,6.38185,10,213,1161,19.471220:146.250000,1193,False,78,4,1322,0.469105,6.02979,0,0.0129757,1325 1322 1321 -1
GCP,adapt_p80-40593177313954_a202-49999999999997_527_map.h5,7.57921,10,186,813,9.594069:202.500000,1072,False,56,5,1136,0.75219,7.25286,0,0.0126019,1004 1071 1137 1136 -1
GCP,adapt_p35-659087696138755_a165-0_402_map.h5,7.8876,10,569,765,54.340912:165.000000,1587,True,10,5,1586,0.994607,5.86052,0,0.0121757,1587 1587 1586 1585 -1
GCP,adapt_p60-00000000000001_a135-0_90_map.h5,8.77446,10,221,364,30.000000:135.000000,1316,True,29,5,1254,0.803279,7.79227,0,0.0123426,1190 1316 1254 1255 -1
GCP,adapt_p60-00000000000001_a0-0_132_map.h5,3.33296,10,105,1897,30.000000:0.000000,1294,False,236,2,1056,0,0.0174513,0,0.0174513,1368 -1
GCP,adapt_p80-40593177313954_a90-0_111_map.h5,8.87627,10,637,399,9.594069:90.000000,1051,True,10,5,1050,0.989567,7.62281,0,0.0125263,1051 1050 1116 1051 -1
GCP,adapt_p35-659087696138755_a224-99999999999997_137_map.h5,8.85937,10,314,338,54.340912:225.000000,1594,True,15,6,1594,0.997159,8.1939,0,0.0124078,1635 1635 1636 1594 1593 -1
GCP,adapt_p11-715852394892384_a135-0_439_map.h5,8.89701,10,608,354,78.284149:135.000000,1770,True,8,6,1752,0.998693,8.20103,0,0.0127922,1753 1753 1771 1770 1752 -1
GCP,adapt_p35-659087696138755_a315-0_267_map.h5,6.75347,10,187,1122,54.340912:315.000000,1605,True,31,4,1605,0.670707,4.85926,0,0.012328,1607 1606 1605 -1
GCP,adapt_p60-00000000000001_a224-99999999999997_259_map.h5,8.83842,10,447,342,30.000000:225.000000,1331,True,17,5,1331,0.884125,7.26987,0,0.0123556,1330 1331 1389 1390 -1
GCP,adapt_p80-40593177313954_a157-5_278_map.h5,8.88462,10,600,377,9.594069:157.500000,1063,True,11,6,1063,0.999916,8.37304,0,0.0121728,996 996 995 1063 1064 -1
GCP,adapt_p35-659087696138755_a14-999999999999998_249_map.h5,6.6692,10,145,1101,54.340912:15.000000,1568,False,43,4,1613,0.594763,5.31833,0,0.0126048,1567 1613 1652 -1
GCP,adapt_p23-556464309101234_a202-5_442_map.h5,2.94125,10,92,1469,66.443535:202.500000,1704,False,464,2,1112,0,0.0332468,0,0.0332468,1175 -1
GCP,adapt_p48-18968510422141_a303-75_552_map.h5,8.88544,10,599,379,41.810314:303.750000,1510,True,11,6,1510,0.995159,8.21664,0,0.0123399,1511 1511 1510 1458 1459 -1
GCP,adapt_p60-00000000000001_a157-5_232_map.h5,6.84362,10,493,1101,30.000000:157.500000,1320,True,15,5,1320,0.875639,5.90217,0,0.0121912,1319 1319 1378 1320 -1
GCP,adapt_p35-659087696138755_a135-0_126_map.h5,5.82531,10,403,1467,54.340912:135.000000,1583,True,18,4,1583,0.890031,4.77803,0,0.012502,1537 1583 1584 -1
GCP,adapt_p70-52877936550931_a348-74999999999994_305_map.h5,6.80862,10,344,1175,19.471220:348.750000,1229,True,22,4,1229,0.788319,4.88392,0,0.0121642,1230 1229 1164 -1
GCP,adapt_p80-40593177313954_a270-0_411_map.h5,7.85318,10,93,393,9.594069:270.000000,1084,False,162,2,1276,0,0.014531,0,0.014531,1129 -1
GCP,adapt_p60-00000000000001_a112-49999999999999_374_map.h5,5.87463,10,561,1492,30.000000:112.500000,1313,True,11,4,1372,0.804838,4.80011,0,0.0121634,1371 1372 1313 -1
GCP,adapt_p70-52877936550931_a78-75_486_map.h5,5.76338,10,410,1496,19.471220:78.750000,1181,True,26,4,1114,0.617995,5.35845,0,0.0124338,1179 1114 1181 -1
GCP,adapt_p70-52877936550931_a78-75_54_map.h5,7.38197,10,124,731,19.471220:78.750000,1181,False,89,4,1052,0.378487,5.73604,0,0.0128047,1115 1051 1052 -1
GCP,adapt_p35-659087696138755_a195-0_487_map.h5,6.8065,10,239,1184,54.340912:195.000000,1590,False,20,4,1633,0.757724,4.81175,0,0.0122896,1592 1591 1633 -1
GCP,adapt_p70-52877936550931_a11-25_574_map.h5,6.81828,10,225,1106,19.471220:11.250000,1169,False,21,4,1168,0.904242,4.90953,0,0.0125206,1101 1167 1168 -1
GCP,adapt_p60-00000000000001_a112-49999999999999_466_map.h5,6.75725,10,253,1136,30.000000:112.500000,1313,False,27,4,1311,0.655785,5.32013,0,0.012556,1247 1311 1249 -1
GCP,adapt_p80-40593177313954_a337-49999999999994_206_map.h5,7.78625,10,220,781,9.594069:337.500000,1097,False,25,5,1095,0.877733,7.36373,0,0.0125642,1029 1096 1095 1094 -1
GCP,adapt_p70-52877936550931_a303-75_377_map.h5,8.89655,10,637,389,19.471220:303.750000,1221,True,9,6,1284,0.999878,8.30377,0,0.012248,1222 1222 1221 1284 1285 -1
GCP,adapt_p80-40593177313954_a0-0_309_map.h5,5.63226,10,76,382,9.594069:0.000000,1034,False,531,2,1072,0,0.039813,0,0.039813,1368 -1
GCP,adapt_p35-659087696138755_a285-0_433_map.h5,5.33068,10,118,1537,54.340912:285.000000,1601,False,75,2,1602,0,0.0131325,0,0.0131325,1407 -1
GCP,adapt_p80-40593177313954_a180-0_548_map.h5,6.84839,10,554,1080,9.594069:180.000000,1067,True,15,4,1068,0.952402,4.91705,0,0.0124061,1069 1068 1067 -1
GCP,adapt_p23-556464309101234_a292-5_557_map.h5,6.87795,10,522,1141,66.443535:292.500000,1712,True,11,5,1712,0.991563,5.78956,0,0.0128563,1739 1739 1713 1712 -1
GCP,adapt_p48-18968510422141_a78-75_183_map.h5,7.86107,10,414,719,41.810314:78.750000,1478,True,13,5,1424,0.947019,7.22759,0,0.0127253,1477 1478 1424 1423 -1
GCP,adapt_p60-00000000000001_a337-49999999999994_28_map.h5,8.88524,10,481,357,30.000000:337.500000,1350,True,10,6,1351,0.999179,8.281,0,0.0125897,1290 1290 1289 1350 1351 -1
GCP,adapt_p48-18968510422141_a78-75_321_map.h5,4.75978,10,279,1808,41.810314:78.750000,1478,True,28,3,1478,0.591949,2.72958,0,0.0130434,1423 1478 -1
GCP,adapt_p80-40593177313954_a315-0_362_map.h5,8.82847,10,338,389,9.594069:315.000000,1093,True,18,6,1092,0.917298,8.4549,0,0.0123424,1158 1158 1093 1092 1157 -1
GCP,adapt_p11-715852394892384_a45-0_251_map.h5,6.88059,10,582,1083,78.284149:45.000000,1766,False,11,5,1747,0.995355,5.73904,0,0.0122107,1748 1748 1747 1767 -1
GCP,adapt_p80-40593177313954_a270-0_187_map.h5,8.89629,10,711,388,9.594069:270.000000,1084,False,7,6,1085,0.999999,8.29078,0,0.0125107,1086 1086 1085 1151 1152 -1
GCP,adapt_p70-52877936550931_a258-75_572_map.h5,8.87362,10,496,332,19.471220:258.750000,1213,True,11,6,1213,0.975743,8.26137,0,0.0121663,1147 1147 1148 1213 1214 -1
GCP,adapt_p60-00000000000001_a112-49999999999999_573_map.h5,6.87231,10,599,1094,30.000000:112.500000,1313,True,11,5,1372,0.980364,5.80188,0,0.0124896,1313 1313 1372 1373 -1
GCP,adapt_p35-659087696138755_a195-0_578_map.h5,8.89758,10,805,374,54.340912:195.000000,1590,True,6,6,1590,0.999999,8.25175,0,0.012226,1633 1633 1632 1590 1591 -1
GCP,adapt_p60-00000000000001_a45-0_289_map.h5,6.87954,10,566,1098,30.000000:45.000000,1301,True,10,4,1301,0.983931,4.81209,0,0.0122526,1302 1301 1238 -1
GCP,adapt_p35-659087696138755_a14-999999999999998_1_map.h5,5.84862,10,381,1550,54.340912:15.000000,1568,True,14,4,1568,0.966397,4.8508,0,0.0121887,1520 1567 1568 -1
GCP,adapt_p48-18968510422141_a281-24999999999994_131_map.h5,8.87038,10,375,392,41.810314:281.250000,1507,True,13,6,1455,0.998815,8.22606,0,0.0123973,1508 1508 1507 1455 1456 -1
GCP,adapt_p80-40593177313954_a45-0_151_map.h5,8.83349,10,235,385,9.594069:45.000000,1042,False,19,6,1043,0.956262,8.35349,0,0.0123222,977 977 1044 976 1043 -1
GCP,adapt_p80-40593177313954_a247-49999999999997_169_map.h5,7.86131,10,494,766,9.594069:247.500000,1080,True,15,4,1080,0.821499,4.82372,0,0.0124868,1146 1080 1081 -1
GCP,adapt_p70-52877936550931_a213-75_306_map.h5,7.88804,10,695,766,19.471220:213.750000,1205,True,8,5,1268,0.94004,7.41842,0,0.012754,1267 1268 1205 1267 -1
GCP,adapt_p80-40593177313954_a180-0_251_map.h5,7.84653,10,478,797,9.594069:180.000000,1067,True,16,5,1068,0.909569,7.25982,0,0.0122761,1135 1069 1068 1067 -1
GCP,adapt_p11-715852394892384_a315-0_268_map.h5,6.8777,10,606,1093,78.284149:315.000000,1778,True,10,4,1762,0.903916,4.7345,0,0.0120977,1763 1762 1778 -1
GCP,adapt_p48-18968510422141_a258-75_268_map.h5,7.72496,10,101,345,41.810314:258.750000,1504,False,195,4,1336,0.507642,5.81751,0,0.0157011,1148 1337 1336 -1
GCP,adapt_p60-00000000000001_a157-5_233_map.h5,7.84261,10,230,743,30.000000:157.500000,1320,True,18,5,1320,0.956096,7.30201,0,0.0121954,1379 1321 1320 1258 -1
GCP,adapt_p60-00000000000001_a180-0_327_map.h5,3.99321,10,191,1463,30.000000:180.000000,1324,False,310,2,1322,0,0.0214277,0,0.0214277,1565 -1
GCP,adapt_p70-52877936550931_a123-74999999999999_283_map.h5,6.87167,10,457,1111,19.471220:123.750000,1189,True,12,4,1189,0.9117,4.82187,0,0.0121203,1188 1189 1123 -1
GCP,adapt_p23-556464309101234_a247-49999999999997_142_map.h5,6.85249,10,490,1124,66.443535:247.500000,1708,False,13,4,1736,0.857284,4.7391,0,0.0123103,1709 1736 1735 -1
GCP,adapt_p80-40593177313954_a90-0_449_map.h5,8.87063,10,457,373,9.594069:90.000000,1051,True,13,6,1052,0.999088,8.28603,0,0.0121909,1050 1050 1051 1052 1118 -1
GCP,adapt_p23-556464309101234_a157-5_185_map.h5,7.84889,10,363,747,66.443535:157.500000,1701,False,16,5,1699,0.953207,7.25127,0,0.0129055,1664 1699 1700 1665 -1
GCP,adapt_p60-00000000000001_a112-49999999999999_66_map.h5,7.81844,10,250,758,30.000000:112.500000,1313,False,22,5,1370,0.883905,7.50361,0,0.0123698,1372 1371 1370 1312 -1
GCP,adapt_p60-00000000000001_a157-5_419_map.h5,7.88248,10,542,727,30.000000:157.500000,1320,True,10,5,1320,0.989199,7.36928,0,0.0123001,1257 1258 1320 1257 -1
GCP,adapt_p60-00000000000001_a45-0_399_map.h5,6.60043,10,107,1150,30.000000:45.000000,1301,False,55,4,1303,0.51874,5.51116,0,0.012379,1242 1303 1362 -1
GCP,adapt_p35-659087696138755_a255-00000000000003_9_map.h5,8.89587,10,659,407,54.340912:255.000000,1598,True,7,6,1598,0.999992,8.2507,0,0.0129292,1597 1597 1598 1640 1639 -1
GCP,adapt_p60-00000000000001_a90-0_415_map.h5,8.88459,10,426,352,30.000000:90.000000,1309,True,10,6,1368,0.992936,8.24112,0,0.0121983,1369 1369 1368 1309 1310 -1
GCP,adapt_p80-40593177313954_a180-0_253_map.h5,4.6654,10,152,1903,9.594069:180.000000,1067,False,41,3,1068,0.332549,3.06635,0,0.0124293,1066 1068 -1
GCP,adapt_p70-52877936550931_a213-75_552_map.h5,8.81647,10,225,385,19.471220:213.750000,1205,True,23,5,1140,0.850092,7.30045,0,0.0123251,1204 1205 1140 1141 -1
GCP,adapt_p70-52877936550931_a303-75_78_map.h5,5.79793,10,263,1484,19.471220:303.750000,1221,True,24,4,1222,0.737947,4.86195,0,0.0128877,1284 1221 1222 -1
GCP,adapt_p80-40593177313954_a0-0_236_map.h5,7.87356,10,655,807,9.594069:0.000000,1034,False,10,5,1100,0.979721,5.90289,0,0.0122518,1165 1165 1099 1100 -1
GCP,adapt_p48-18968510422141_a236-25_518_map.h5,5.85152,10,374,1410,41.810314:236.250000,1501,True,14,4,1501,0.851272,4.87299,0,0.0122852,1449 1501 1500 -1
GCP,adapt_p23-556464309101234_a112-5_450_map.h5,6.85742,10,265,1110,66.443535:112.500000,1697,False,16,4,1726,0.879857,4.77925,0,0.0123837,1727 1726 1725 -1
GCP,adapt_p60-00000000000001_a90-0_598_map.h5,6.97239,10,63,421,30.000000:90.000000,1309,False,303,4,1311,0.335079,6.41982,0,0.0212487,1122 1311 1310 -1
GCP,adapt_p70-52877936550931_a258-75_462_map.h5,7.7226,10,401,731,19.471220:258.750000,1213,False,19,5,1149,0.926912,7.25445,0,0.0122088,1148 1149 1150 1215 -1
GCP,adapt_p48-18968510422141_a258-75_337_map.h5,6.77144,10,293,1011,41.810314:258.750000,1504,False,28,4,1553,0.709163,5.2157,0,0.0123653,1502 1553 1554 -1
GCP,adapt_p11-715852394892384_a225-0_252_map.h5,7.89271,10,678,737,78.284149:225.000000,1774,True,10,5,1774,0.995048,5.78156,0,0.0121165,1756 1756 1757 1774 -1
GCP,adapt_p35-659087696138755_a315-0_342_map.h5,7.89121,10,656,760,54.340912:315.000000,1605,True,9,5,1605,0.999336,5.7788,0,0.0126141,1646 1646 1605 1604 -1
GCP,adapt_p35-659087696138755_a75-0_57_map.h5,5.69728,10,117,1480,54.340912:75.000000,1576,False,40,4,1577,0.701262,5.47144,0,0.0125349,1478 1577 1620 -1
GCP,adapt_p70-52877936550931_a56-24999999999999_565_map.h5,6.48788,10,197,1148,19.471220:56.250000,1177,False,69,2,1101,0,0.0129274,0,0.0129274,1304 -1
GCP,adapt_p80-40593177313954_a135-0_541_map.h5,7.53095,10,201,707,9.594069:135.000000,1059,False,66,5,1057,0.737075,7.50654,0,0.0128442,922 990 1058 1057 -1
GCP,adapt_p60-00000000000001_a224-99999999999997_435_map.h5,8.79287,10,323,385,30.000000:225.000000,1331,True,23,5,1331,0.766595,7.3246,0,0.0129305,1270 1331 1332 1390 -1
GCP,adapt_p48-18968510422141_a78-75_170_map.h5,7.84664,10,336,745,41.810314:78.750000,1478,True,14,5,1478,0.942606,7.17471,0,0.0121547,1529 1477 1478 1424 -1
GCP,adapt_p11-715852394892384_a225-0_397_map.h5,5.77044,10,264,1491,78.284149:225.000000,1774,True,23,4,1773,0.784989,4.68298,0,0.0123732,1755 1773 1774 -1
GCP,adapt_p60-00000000000001_a157-5_398_map.h5,6.86065,10,575,1081,30.000000:157.500000,1320,True,12,4,1379,0.858172,4.85155,0,0.012148,1380 1379 1320 -1
GCP,adapt_p60-00000000000001_a224-99999999999997_584_map.h5,8.89148,10,719,394,30.000000:225.000000,1331,True,9,6,1331,0.999959,8.29199,0,0.0123224,1270 1270 1269 1331 1332 -1
GCP,adapt_p23-556464309101234_a337-5_250_map.h5,7.87639,10,483,762,66.443535:337.500000,1716,True,11,5,1716,0.979844,5.76426,0,0.0124101,1742 1742 1716 1717 -1
GCP,adapt_p60-00000000000001_a247-49999999999997_74_map.h5,8.88046,10,655,331,30.000000:247.500000,1335,True,10,6,1335,0.999669,8.23173,0,0.0123381,1274 1274 1335 1336 1394 -1
GCP,adapt_p23-556464309101234_a292-5_287_map.h5,7.86261,10,356,778,66.443535:292.500000,1712,True,13,5,1680,0.948925,7.3093,0,0.0121856,1679 1712 1713 1680 -1
GCP,adapt_p70-52877936550931_a146-25_307_map.h5,7.87612,10,547,724,19.471220:146.250000,1193,True,13,5,1128,0.982738,7.30645,0,0.0126727,1127 1128 1194 1193 -1
GCP,adapt_p48-18968510422141_a146-25_64_map.h5,7.81229,10,257,727,41.810314:146.250000,1488,True,22,5,1489,0.887948,7.23015,0,0.0125084,1437 1436 1489 1488 -1
GCP,adapt_p70-52877936550931_a33-75_303_map.h5,7.74951,10,226,797,19.471220:33.750000,1173,False,30,4,1107,0.52053,5.28631,0,0.0122854,1172 1107 1108 -1
GCP,adapt_p80-40593177313954_a157-5_344_map.h5,7.75559,10,354,809,9.594069:157.500000,1063,True,30,5,1063,0.748798,7.36962,0,0.0122026,1061 1062 1063 1064 -1
GCP,adapt_p70-52877936550931_a11-25_125_map.h5,6.86745,10,555,1119,19.471220:11.250000,1169,True,12,5,1169,0.968686,5.8921,0,0.0123371,1233 1233 1170 1169 -1
GCP,adapt_p23-556464309101234_a202-5_163_map.h5,5.86238,10,80,1090,66.443535:202.500000,1704,False,176,2,1435,0,0.0152922,0,0.0152922,1759 -1
GCP,adapt_p80-40593177313954_a224-99999999999997_6_map.h5,8.76527,10,232,353,9.594069:225.000000,1076,False,28,5,1077,0.768284,7.54022,0,0.0125246,1075 1142 1143 1077 -1
GCP,adapt_p48-18968510422141_a33-75_492_map.h5,6.87965,10,627,1087,41.810314:33.750000,1471,True,10,5,1472,0.919522,5.93863,0,0.0121569,1471 1471 1417 1472 -1
GCP,adapt_p80-40593177313954_a202-49999999999997_27_map.h5,8.8264,10,233,346,9.594069:202.500000,1072,True,18,5,1072,0.899762,7.25901,0,0.0124148,1137 1138 1072 1073 -1
GCP,adapt_p23-556464309101234_a247-49999999999997_456_map.h5,7.88561,10,551,786,66.443535:247.500000,1708,True,10,5,1708,0.996337,5.75409,0,0.0122046,1735 1735 1708 1709 -1
GCP,adapt_p60-00000000000001_a180-0_252_map.h5,7.73991,10,180,719,30.000000:180.000000,1324,False,31,4,1382,0.658589,5.10185,0,0.01289,1440 1382 1381 -1
GCP,adapt_p48-18968510422141_a123-74999999999999_316_map.h5,6.86717,10,500,1131,41.810314:123.750000,1484,True,12,4,1431,0.747952,4.87493,0,0.0126376,1430 1431 1484 -1
GCP,adapt_p23-556464309101234_a22-5_98_map.h5,7.8807,10,484,754,66.443535:22.500000,1689,False,10,5,1718,0.974619,5.78666,0,0.0121047,1719 1719 1718 1688 -1
GCP,adapt_p60-00000000000001_a247-49999999999997_493_map.h5,7.87355,10,610,774,30.000000:247.500000,1335,True,10,5,1335,0.993582,7.83956,0,0.012255,1273 1335 1336 1273 -1
GCP,adapt_p70-52877936550931_a123-74999999999999_401_map.h5,7.78298,10,255,756,19.471220:123.750000,1189,True,28,5,1123,0.806973,7.27254,0,0.0128116,1190 1189 1123 1122 -1
GCP,adapt_p70-52877936550931_a303-75_565_map.h5,8.7385,10,174,365,19.471220:303.750000,1221,False,32,5,1220,0.755351,7.57189,0,0.0123167,1153 1219 1220 1283 -1
GCP,adapt_p80-40593177313954_a270-0_578_map.h5,7.87968,10,477,726,9.594069:270.000000,1084,True,13,5,1085,0.951123,5.91117,0,0.0121224,1017 1017 1085 1084 -1
GCP,adapt_p48-18968510422141_a258-75_298_map.h5,5.82253,10,327,1440,41.810314:258.750000,1504,True,20,4,1504,0.671142,4.86476,0,0.0123007,1502 1503 1504 -1
GCP,adapt_p70-52877936550931_a56-24999999999999_583_map.h5,6.85565,10,487,1063,19.471220:56.250000,1177,True,15,4,1176,0.773147,4.86118,0,0.012153,1177 1176 1239 -1
GCP,adapt_p70-52877936550931_a213-75_284_map.h5,6.86046,10,423,1129,19.471220:213.750000,1205,False,14,4,1140,0.92423,4.91139,0,0.0123285,1139 1140 1141 -1
GCP,adapt_p23-556464309101234_a22-5_200_map.h5,8.34572,10,94,404,66.443535:22.500000,1689,False,99,4,1691,0.458211,6.49077,0,0.013138,1576 1691 1690 -1
GCP,adapt_p48-18968510422141_a78-75_546_map.h5,8.62299,10,100,367,41.810314:78.750000,1478,False,49,5,1474,0.50221,8.50614,0,0.0128427,1575 1528 1529 1474 -1
GCP,adapt_p48-18968510422141_a33-75_581_map.h5,6.44087,10,73,1106,41.810314:33.750000,1471,True,78,4,1523,0.526264,5.65537,0,0.0129594,1616 1523 1471 -1
GCP,adapt_p70-52877936550931_a281-24999999999994_312_map.h5,8.41181,10,111,374,19.471220:281.250000,1217,True,87,4,1218,0.612653,7.90458,0,0.013,1553 1217 1218 -1
GCP,adapt_p48-18968510422141_a326-24999999999994_274_map.h5,6.88072,10,659,1100,41.810314:326.250000,1514,False,10,5,1462,0.998251,5.8819,0,0.0120784,1463 1463 1462 1461 -1
GCP,adapt_p11-715852394892384_a135-0_369_map.h5,8.88658,10,486,375,78.284149:135.000000,1770,True,10,6,1770,0.999506,8.10306,0,0.0122283,1751 1751 1770 1771 1752 -1
GCP,adapt_p80-40593177313954_a157-5_253_map.h5,7.76255,10,114,731,9.594069:157.500000,1063,False,28,5,995,0.875067,7.27461,0,0.0132558,927 928 995 996 -1
GCP,adapt_p23-556464309101234_a292-5_304_map.h5,6.2286,10,49,390,66.443535:292.500000,1712,False,453,2,1761,0,0.0327355,0,0.0327355,1415 -1
GCP,adapt_p35-659087696138755_a224-99999999999997_475_map.h5,6.72726,10,208,1184,54.340912:225.000000,1594,False,34,4,1548,0.670958,4.97801,0,0.0125592,1636 1593 1548 -1
GCP,adapt_p48-18968510422141_a56-24999999999999_558_map.h5,6.47773,10,141,1188,41.810314:56.250000,1475,False,70,4,1422,0.506725,5.66266,0,0.0130813,1240 1364 1422 -1
GCP,adapt_p48-18968510422141_a236-25_512_map.h5,7.8546,10,329,774,41.810314:236.250000,1501,False,16,5,1447,0.954964,7.28907,0,0.0122064,1446 1447 1390 1391 -1
GCP,adapt_p11-715852394892384_a225-0_69_map.h5,8.88653,10,718,382,78.284149:225.000000,1774,True,9,6,1774,0.997265,8.14341,0,0.0122601,1787 1787 1774 1775 1788 -1
GCP,adapt_p60-00000000000001_a180-0_261_map.h5,5.83465,10,410,1558,30.000000:180.000000,1324,False,15,5,1263,0.936391,5.79738,0,0.0121532,1325 1325 1263 1262 -1
GCP,adapt_p80-40593177313954_a0-0_15_map.h5,6.84343,10,480,1180,9.594069:0.000000,1034,True,11,5,1035,0.9816,5.90453,0,0.0123553,1101 1101 1035 1034 -1
GCP,adapt_p70-52877936550931_a123-74999999999999_514_map.h5,6.71278,10,186,1096,19.471220:123.750000,1189,True,40,4,1188,0.645906,5.0395,0,0.0130317,1124 1189 1188 -1
GCP,adapt_p48-18968510422141_a213-75_60_map.h5,6.86663,10,521,1171,41.810314:213.750000,1497,True,13,5,1497,0.877657,5.94925,0,0.0121653,1498 1498 1548 1497 -1
GCP,adapt_p35-659087696138755_a224-99999999999997_284_map.h5,7.89568,10,847,770,54.340912:225.000000,1594,True,7,5,1594,0.999842,5.77829,0,0.0121059,1636 1636 1594 1593 -1
GCP,adapt_p48-18968510422141_a78-75_0_map.h5,8.8825,10,498,375,41.810314:78.750000,1478,True,12,6,1478,0.998422,8.24898,0,0.0123049,1530 1530 1529 1477 1478 -1
GCP,adapt_p70-52877936550931_a101-24999999999999_313_map.h5,6.75469,10,253,1145,19.471220:101.250000,1185,False,30,4,1118,0.738092,5.12287,0,0.0131724,1183 1118 1119 -1
GCP,adapt_p70-52877936550931_a258-75_559_map.h5,8.89425,10,671,362,19.471220:258.750000,1213,True,9,6,1213,0.998991,8.18116,0,0.0125464,1148 1148 1213 1214 1277 -1
GCP,adapt_p60-00000000000001_a270-0_413_map.h5,8.85662,10,376,353,30.000000:270.000000,1339,True,15,6,1339,0.997069,8.24123,0,0.0122251,1338 1338 1339 1397 1396 -1
GCP,adapt_p70-52877936550931_a213-75_6_map.h5,6.6747,10,181,1119,19.471220:213.750000,1205,False,44,4,1141,0.722849,5.76152,0,0.013132,1204 1141 1142 -1
GCP,adapt_p60-00000000000001_a157-5_291_map.h5,7.88624,10,700,698,30.000000:157.500000,1320,False,8,5,1379,0.974919,5.90887,0,0.0125752,1380 1380 1321 1379 -1
GCP,adapt_p60-00000000000001_a202-49999999999997_354_map.h5,7.71615,10,250,773,30.000000:202.500000,1328,False,37,5,1445,0.813329,7.45774,0,0.0126642,1549 1498 1445 1446 -1
GCP,adapt_p48-18968510422141_a326-24999999999994_271_map.h5,8.79163,10,206,346,41.810314:326.250000,1514,True,28,5,1514,0.706487,7.4166,0,0.0121946,1562 1514 1515 1463 -1
GCP,adapt_p48-18968510422141_a191-25_68_map.h5,8.88259,10,349,365,41.810314:191.250000,1494,True,13,6,1494,0.980939,8.22643,0,0.0122162,1441 1441 1442 1495 1494 -1
GCP,adapt_p23-556464309101234_a22-5_125_map.h5,7.70293,10,119,769,66.443535:22.500000,1689,False,39,5,1719,0.795759,7.25106,0,0.0128746,1688 1719 1720 1746 -1
GCP,adapt_p48-18968510422141_a191-25_111_map.h5,7.73713,10,199,722,41.810314:191.250000,1494,False,36,5,1495,0.726174,7.38814,0,0.0126714,1544 1545 1546 1495 -1
GCP,adapt_p35-659087696138755_a315-0_26_map.h5,8.90064,10,710,348,54.340912:315.000000,1605,True,7,6,1605,0.999999,8.19777,0,0.0121446,1646 1646 1645 1604 1605 -1
GCP,adapt_p23-556464309101234_a292-5_44_map.h5,5.79847,10,261,1461,66.443535:292.500000,1712,True,22,4,1712,0.752249,4.81544,0,0.0123366,1643 1679 1712 -1
GCP,adapt_p11-715852394892384_a315-0_357_map.h5,8.46114,10,99,395,78.284149:315.000000,1778,False,74,5,1740,0.564678,7.74563,0,0.012665,1711 1713 1739 1740 -1
GCP,adapt_p70-52877936550931_a123-74999999999999_207_map.h5,7.7847,10,184,799,19.471220:123.750000,1189,False,24,5,1316,0.847232,7.21216,0,0.0121275,1190 1253 1254 1316 -1
GCP,adapt_p80-40593177313954_a270-0_175_map.h5,7.86825,10,417,700,9.594069:270.000000,1084,False,11,5,1151,0.955053,7.37922,0,0.012533,1150 1151 1085 1150 -1
GCP,adapt_p35-659087696138755_a135-0_136_map.h5,6.84163,10,398,1161,54.340912:135.000000,1583,True,17,4,1583,0.958127,4.78061,0,0.0121854,1536 1582 1583 -1
GCP,adapt_p70-52877936550931_a213-75_594_map.h5,7.85735,10,374,768,19.471220:213.750000,1205,True,15,4,1205,0.949339,4.85075,0,0.0124532,1140 1205 1206 -1
GCP,adapt_p48-18968510422141_a123-74999999999999_567_map.h5,8.88563,10,483,402,41.810314:123.750000,1484,True,9,6,1484,0.999183,8.34275,0,0.0121681,1431 1431 1485 1484 1430 -1
GCP,adapt_p23-556464309101234_a337-5_219_map.h5,6.84365,10,505,1143,66.443535:337.500000,1716,True,14,4,1742,0.829591,4.72142,0,0.0131734,1684 1716 1742 -1
GCP,adapt_p48-18968510422141_a123-74999999999999_377_map.h5,6.84862,10,498,1089,41.810314:123.750000,1484,False,16,4,1432,0.784815,4.91263,0,0.0121298,1433 1432 1374 -1
GCP,adapt_p11-715852394892384_a225-0_370_map.h5,6.87818,10,526,1124,78.284149:225.000000,1774,True,10,5,1774,0.967266,5.74095,0,0.012629,1775 1775 1774 1757 -1
GCP,adapt_p35-659087696138755_a195-0_118_map.h5,5.83368,10,315,1462,54.340912:195.000000,1590,True,18,4,1632,0.857516,4.82678,0,0.0121223,1590 1632 1631 -1
GCP,adapt_p11-715852394892384_a225-0_579_map.h5,8.82352,10,255,377,78.284149:225.000000,1774,False,20,5,1756,0.946061,7.13578,0,0.0122822,1731 1732 1756 1757 -1
GCP,adapt_p48-18968510422141_a78-75_573_map.h5,8.87466,10,368,404,41.810314:78.750000,1478,False,11,6,1424,0.999278,8.2317,0,0.0121225,1366 1366 1365 1423 1424 -1
GCP,adapt_p60-00000000000001_a247-49999999999997_375_map.h5,7.84092,10,360,717,30.000000:247.500000,1335,True,16,5,1393,0.920842,7.49368,0,0.0128666,1392 1393 1394 1335 -1
GCP,adapt_p60-00000000000001_a67-5_226_map.h5,7.86961,10,414,678,30.000000:67.500000,1305,True,13,5,1305,0.989524,7.24746,0,0.0121695,1242 1243 1306 1305 -1
GCP,adapt_p11-715852394892384_a45-0_405_map.h5,6.88181,10,579,1084,78.284149:45.000000,1766,False,8,5,1747,0.801552,5.73981,0,0.0129727,1746 1746 1747 1767 -1
GCP,adapt_p60-00000000000001_a202-49999999999997_393_map.h5,7.84869,10,526,746,30.000000:202.500000,1328,True,15,5,1328,0.978898,7.25587,0,0.0121017,1266 1328 1386 1327 -1
GCP,adapt_p48-18968510422141_a101-24999999999999_455_map.h5,5.66848,10,126,1452,41.810314:101.250000,1481,False,47,4,1482,0.607998,4.88723,0,0.0133208,1430 1483 1482 -1
GCP,adapt_p23-556464309101234_a112-5_44_map.h5,7.86038,10,497,747,66.443535:112.500000,1697,True,13,5,1696,0.815608,7.13295,0,0.0124328,1726 1725 1696 1697 -1
GCP,adapt_p35-659087696138755_a75-0_259_map.h5,6.84737,10,551,1086,54.340912:75.000000,1576,False,14,4,1619,0.94445,4.81066,0,0.0124303,1658 1619 1620 -1
GCP,adapt_p70-52877936550931_a348-74999999999994_500_map.h5,8.88766,10,593,386,19.471220:348.750000,1229,True,10,6,1229,0.999026,8.35105,0,0.0121186,1228 1228 1229 1292 1230 -1
GCP,adapt_p60-00000000000001_a315-0_201_map.h5,5.81848,10,396,1534,30.000000:315.000000,1346,False,20,4,1348,0.655381,4.81095,0,0.0123264,1288 1287 1348 -1
GCP,adapt_p80-40593177313954_a112-49999999999999_484_map.h5,8.86305,10,399,389,9.594069:112.500000,1055,True,13,6,1055,0.990236,8.26177,0,0.0127697,1122 1122 1056 988 1055 -1
GCP,adapt_p60-00000000000001_a224-99999999999997_32_map.h5,6.71943,10,187,1158,30.000000:225.000000,1331,True,30,4,1331,0.596364,5.36683,0,0.0123954,1333 1270 1331 -1
GCP,adapt_p70-52877936550931_a101-24999999999999_216_map.h5,6.85859,10,407,1111,19.471220:101.250000,1185,True,12,4,1185,0.943233,4.80884,0,0.0122182,1184 1185 1119 -1
GCP,adapt_p70-52877936550931_a168-74999999999997_566_map.h5,7.76151,10,279,772,19.471220:168.750000,1197,False,27,5,1133,0.887843,7.56111,0,0.0123145,1260 1198 1132 1133 -1
GCP,adapt_p70-52877936550931_a348-74999999999994_248_map.h5,6.82359,10,282,1103,19.471220:348.750000,1229,True,18,4,1229,0.797171,4.92888,0,0.0122005,1166 1165 1229 -1
GCP,adapt_p80-40593177313954_a135-0_132_map.h5,8.62454,10,178,367,9.594069:135.000000,1059,False,49,5,1062,0.672637,8.22805,0,0.0132747,1191 1061 994 1062 -1
GCP,adapt_p80-40593177313954_a224-99999999999997_448_map.h5,7.79766,10,291,690,9.594069:225.000000,1076,True,26,5,1141,0.850244,7.62227,0,0.0121426,1205 1141 1142 1076 -1
GCP,adapt_p48-18968510422141_a123-74999999999999_3_map.h5,8.84244,10,307,359,41.810314:123.750000,1484,True,13,6,1484,0.992115,8.34295,0,0.0123666,1430 1430 1484 1485 1431 -1
GCP,adapt_p23-556464309101234_a67-5_482_map.h5,5.70032,10,51,1087,66.443535:67.500000,1693,False,191,3,1192,0.21756,5.62415,0,0.015347,1627 1192 -1
GCP,adapt_p23-556464309101234_a112-5_284_map.h5,7.81229,10,224,770,66.443535:112.500000,1697,True,23,5,1697,0.858456,7.2899,0,0.012516,1698 1726 1697 1696 -1
GCP,adapt_p70-52877936550931_a258-75_39_map.h5,7.88337,10,584,726,19.471220:258.750000,1213,True,12,5,1213,0.944259,7.37867,0,0.0124372,1275 1276 1213 1275 -1
GCP,adapt_p23-556464309101234_a202-5_408_map.h5,7.86247,10,314,784,66.443535:202.500000,1704,True,15,5,1705,0.928485,7.15974,0,0.0123361,1733 1732 1704 1705 -1
GCP,adapt_p48-18968510422141_a326-24999999999994_551_map.h5,8.88452,10,486,401,41.810314:326.250000,1514,True,8,6,1462,0.99969,8.23118,0,0.0123175,1514 1514 1513 1461 1462 -1
GCP,adapt_p48-18968510422141_a56-24999999999999_427_map.h5,7.86157,10,511,706,41.810314:56.250000,1475,False,11,5,1420,0.988394,5.79177,0,0.0122217,1362 1362 1420 1419 -1
GCP,adapt_p70-52877936550931_a236-25_355_map.h5,7.71559,10,238,764,19.471220:236.250000,1209,False,34,5,1273,0.806524,7.33606,0,0.0122238,1271 1272 1273 1274 -1
GCP,adapt_p60-00000000000001_a45-0_1_map.h5,6.87748,10,482,1139,30.000000:45.000000,1301,True,11,4,1302,0.737691,4.82491,0,0.0123267,1301 1302 1361 -1
GCP,adapt_p60-00000000000001_a90-0_32_map.h5,5.43782,10,113,1448,30.000000:90.000000,1309,False,80,3,1311,0.20737,3.19672,0,0.013004,1429 1311 -1
GCP,adapt_p48-18968510422141_a78-75_289_map.h5,6.80636,10,344,1033,41.810314:78.750000,1478,False,22,4,1424,0.813988,5.02269,0,0.012457,1367 1424 1423 -1
GCP,adapt_p60-00000000000001_a337-49999999999994_551_map.h5,7.84363,10,389,761,30.000000:337.500000,1350,True,15,5,1350,0.971504,7.29945,0,0.0121714,1407 1408 1350 1351 -1
GCP,adapt_p60-00000000000001_a90-0_233_map.h5,8.87615,10,349,357,30.000000:90.000000,1309,True,11,6,1309,0.999875,8.26924,0,0.0126619,1247 1247 1246 1309 1310 -1
GCP,adapt_p70-52877936550931_a236-25_464_map.h5,8.84043,10,201,421,19.471220:236.250000,1209,True,19,5,1209,0.935886,7.2614,0,0.012383,1271 1272 1209 1210 -1
GCP,adapt_p48-18968510422141_a101-24999999999999_289_map.h5,6.85747,10,396,1142,41.810314:101.250000,1481,False,14,4,1480,0.740573,4.80192,0,0.0123289,1425 1479 1480 -1
GCP,adapt_p80-40593177313954_a157-5_599_map.h5,6.7633,10,166,1116,9.594069:157.500000,1063,True,29,4,1063,0.814847,4.91714,0,0.0124969,1062 1063 1064 -1
GCP,adapt_p70-52877936550931_a168-74999999999997_318_map.h5,5.86082,10,515,1435,19.471220:168.750000,1197,False,13,4,1130,0.916004,4.80539,0,0.0129792,1129 1130 1064 -1
GCP,adapt_p11-715852394892384_a45-0_86_map.h5,6.74574,10,194,1182,78.284149:45.000000,1766,False,35,5,1793,0.679892,6.25241,0,0.0130604,1782 1792 1793 1794 -1
GCP,adapt_p70-52877936550931_a146-25_583_map.h5,7.77621,10,315,808,19.471220:146.250000,1193,True,27,5,1193,0.786513,7.41028,0,0.0126129,1191 1255 1256 1193 -1
GCP,adapt_p60-00000000000001_a247-49999999999997_7_map.h5,6.11282,10,128,1153,30.000000:247.500000,1335,False,124,4,1450,0.187239,6.01407,0,0.0140345,1347 1462 1514 -1
GCP,adapt_p60-00000000000001_a45-0_598_map.h5,8.85154,10,427,409,30.000000:45.000000,1301,True,15,6,1302,0.992767,8.26504,0,0.0122746,1360 1360 1361 1302 1301 -1
GCP,adapt_p35-659087696138755_a315-0_164_map.h5,5.29474,10,105,1459,54.340912:315.000000,1605,False,101,3,1712,0.182085,2.91779,0,0.0130909,1643 1712 -1
GCP,adapt_p35-659087696138755_a75-0_23_map.h5,7.67132,10,198,727,54.340912:75.000000,1576,False,44,4,1531,0.591306,5.37275,0,0.0124999,1533 1480 1531 -1
GCP,adapt_p35-659087696138755_a14-999999999999998_80_map.h5,6.81456,10,315,1102,54.340912:15.000000,1568,False,23,4,1522,0.780404,4.86658,0,0.0122335,1523 1522 1521 -1
GCP,adapt_p70-52877936550931_a303-75_270_map.h5,6.85948,10,570,1114,19.471220:303.750000,1221,True,12,5,1221,0.988535,5.86216,0,0.0123235,1284 1284 1221 1222 -1
GCP,adapt_p23-556464309101234_a247-49999999999997_513_map.h5,8.85244,10,362,347,66.443535:247.500000,1708,True,16,6,1709,0.939376,8.13505,0,0.0123472,1737 1737 1736 1709 1708 -1
GCP,adapt_p80-40593177313954_a270-0_174_map.h5,5.80651,10,397,1532,9.594069:270.000000,1084,False,22,4,1085,0.695566,4.91075,0,0.0123514,1019 1086 1085 -1
GCP,adapt_p35-659087696138755_a224-99999999999997_578_map.h5,6.84031,10,431,1133,54.340912:225.000000,1594,True,17,4,1636,0.767753,5.36574,0,0.0125012,1592 1594 1636 -1
GCP,adapt_p23-556464309101234_a22-5_106_map.h5,7.8875,10,600,824,66.443535:22.500000,1689,True,9,5,1689,0.986918,7.28853,0,0.0122917,1652 1653 1689 1652 -1
GCP,adapt_p60-00000000000001_a270-0_391_map.h5,8.88763,10,687,344,30.000000:270.000000,1339,True,8,6,1339,0.999905,8.24149,0,0.0121628,1397 1397 1396 1338 1339 -1
GCP,adapt_p35-659087696138755_a344-99999999999994_303_map.h5,7.88358,10,536,751,54.340912:345.000000,1609,True,10,5,1609,0.998815,5.81094,0,0.012198,1649 1649 1608 1609 -1
GCP,adapt_p23-556464309101234_a112-5_136_map.h5,8.88564,10,421,354,66.443535:112.500000,1697,True,11,6,1696,0.992327,8.36995,0,0.0121396,1725 1725 1695 1696 1697 -1
GCP,adapt_p70-52877936550931_a236-25_413_map.h5,7.85954,10,390,748,19.471220:236.250000,1209,True,16,5,1209,0.973559,7.27371,0,0.0122661,1143 1144 1209 1210 -1
GCP,adapt_p60-00000000000001_a315-0_164_map.h5,7.88238,10,545,752,30.000000:315.000000,1346,True,10,5,1404,0.993204,7.36743,0,0.0124067,1347 1346 1404 1347 -1
GCP,adapt_p60-00000000000001_a135-0_467_map.h5,7.87527,10,410,754,30.000000:135.000000,1316,False,11,5,1376,0.979148,5.82633,0,0.0125449,1317 1317 1376 1375 -1
GCP,adapt_p80-40593177313954_a67-5_540_map.h5,7.5611,10,151,776,9.594069:67.500000,1047,False,57,4,1141,0.509998,6.03306,0,0.0127031,1078 1141 1140 -1
GCP,adapt_p23-556464309101234_a67-5_381_map.h5,6.77234,10,306,1124,66.443535:67.500000,1693,False,31,4,1724,0.750047,4.94099,0,0.0124885,1723 1724 1750 -1
GCP,adapt_p60-00000000000001_a135-0_64_map.h5,7.86466,10,534,794,30.000000:135.000000,1316,True,14,5,1375,0.945948,7.26518,0,0.0121575,1376 1375 1316 1317 -1
GCP,adapt_p80-40593177313954_a45-0_12_map.h5,7.83457,10,266,732,9.594069:45.000000,1042,False,16,5,907,0.904093,7.33581,0,0.012246,906 907 974 975 -1
GCP,adapt_p70-52877936550931_a33-75_589_map.h5,7.81963,10,352,724,19.471220:33.750000,1173,False,19,5,1235,0.935735,7.31275,0,0.0121684,1172 1236 1235 1298 -1
GCP,adapt_p80-40593177313954_a247-49999999999997_598_map.h5,6.36165,10,110,1168,9.594069:247.500000,1080,False,77,4,1011,0.626775,5.69524,0,0.0131696,941 1010 1011 -1
GCP,adapt_p70-52877936550931_a326-24999999999994_270_map.h5,7.88868,10,613,736,19.471220:326.250000,1225,True,9,5,1225,0.966467,5.92175,0,0.0121201,1226 1226 1161 1225 -1
GCP,adapt_p35-659087696138755_a14-999999999999998_390_map.h5,8.89845,10,732,413,54.340912:15.000000,1568,True,6,6,1568,0.999999,8.25186,0,0.0123367,1613 1613 1612 1568 1569 -1
GCP,adapt_p70-52877936550931_a11-25_157_map.h5,7.8456,10,431,787,19.471220:11.250000,1169,True,15,5,1169,0.910092,7.34917,0,0.0132231,1103 1102 1168 1169 -1
GCP,adapt_p60-00000000000001_a45-0_276_map.h5,7.8752,10,591,711,30.000000:45.000000,1301,True,12,5,1301,0.982243,5.81335,0,0.012621,1238 1238 1301 1302 -1
GCP,adapt_p80-40593177313954_a224-99999999999997_440_map.h5,4.51184,10,209,1844,9.594069:225.000000,1076,False,60,3,1080,0.323633,3.5682,0,0.0129755,1143 1080 -1
GCP,adapt_p60-00000000000001_a112-49999999999999_570_map.h5,8.82021,10,271,338,30.000000:112.500000,1313,False,22,5,1371,0.886912,7.19207,0,0.0125923,1428 1370 1371 1312 -1
GCP,adapt_p35-659087696138755_a105-0_69_map.h5,7.87467,10,432,776,54.340912:105.000000,1579,True,13,5,1580,0.996666,7.22616,0,0.0121337,1622 1623 1580 1579 -1
GCP,adapt_p60-00000000000001_a0-0_270_map.h5,7.8682,10,393,725,30.000000:0.000000,1294,True,14,5,1354,0.976376,7.32857,0,0.0126015,1355 1354 1295 1294 -1
GCP,adapt_p48-18968510422141_a146-25_543_map.h5,8.80057,10,133,379,41.810314:146.250000,1488,True,25,5,1487,0.83419,7.25222,0,0.0122262,1435 1434 1487 1488 -1
GCP,adapt_p70-52877936550931_a213-75_473_map.h5,7.46289,10,115,648,19.471220:213.750000,1205,False,78,4,1268,0.545487,5.90415,0,0.0129203,1385 1267 1268 -1
GCP,adapt_p80-40593177313954_a135-0_335_map.h5,6.83761,10,432,1074,9.594069:135.000000,1059,True,16,4,1059,0.941562,4.91036,0,0.0122037,991 1059 1060 -1
GCP,adapt_p23-556464309101234_a337-5_60_map.h5,8.88198,10,545,407,66.443535:337.500000,1716,True,11,6,1716,0.994288,8.14209,0,0.0128461,1742 1742 1716 1717 1685 -1
GCP,adapt_p35-659087696138755_a75-0_486_map.h5,7.76457,10,152,780,54.340912:75.000000,1576,False,27,5,1529,0.870616,7.16909,0,0.0122261,1423 1477 1529 1528 -1
GCP,adapt_p48-18968510422141_a326-24999999999994_431_map.h5,8.46472,10,71,379,41.810314:326.250000,1514,False,76,5,1513,0.615412,7.97369,0,0.0131123,1564 1513 1512 1460 -1
GCP,adapt_p35-659087696138755_a105-0_292_map.h5,8.7805,10,170,359,54.340912:105.000000,1579,True,28,5,1579,0.816956,7.21637,0,0.0123098,1535 1581 1580 1579 -1
GCP,adapt_p60-00000000000001_a270-0_141_map.h5,7.86349,10,583,702,30.000000:270.000000,1339,True,13,5,1339,0.9801,7.23917,0,0.0123113,1396 1397 1339 1338 -1
GCP,adapt_p80-40593177313954_a22-5_127_map.h5,4.02745,10,100,1487,9.594069:22.500000,1038,False,290,3,1148,0.124635,3.93613,0,0.0199336,1279 1148 -1
GCP,adapt_p60-00000000000001_a180-0_143_map.h5,7.79024,10,262,748,30.000000:180.000000,1324,True,24,5,1263,0.836,7.25146,0,0.0125748,1383 1324 1325 1263 -1
GCP,adapt_p60-00000000000001_a157-5_592_map.h5,8.89527,10,563,356,30.000000:157.500000,1320,True,8,6,1320,0.999992,8.26403,0,0.0125153,1321 1321 1320 1258 1259 -1
GCP,adapt_p60-00000000000001_a90-0_251_map.h5,8.67155,10,138,360,30.000000:90.000000,1309,False,47,5,1427,0.578072,7.38417,0,0.0122856,1425 1368 1369 1427 -1
GCP,adapt_p80-40593177313954_a0-0_31_map.h5,8.81436,10,304,339,9.594069:0.000000,1034,True,22,5,1034,0.857504,7.34683,0,0.0124501,1100 1166 1034 1101 -1
GCP,adapt_p35-659087696138755_a255-00000000000003_295_map.h5,7.75252,10,255,776,54.340912:255.000000,1598,True,30,4,1598,0.77548,5.27642,0,0.012284,1641 1598 1597 -1
GCP,adapt_p35-659087696138755_a315-0_241_map.h5,6.85937,10,293,1148,54.340912:315.000000,1605,False,15,4,1682,0.762844,4.75321,0,0.0134797,1681 1682 1646 -1
GCP,adapt_p70-52877936550931_a303-75_266_map.h5,8.88423,10,551,391,19.471220:303.750000,1221,True,12,6,1221,0.99667,8.21513,0,0.0125708,1283 1283 1220 1221 1156 -1
GCP,adapt_p48-18968510422141_a281-24999999999994_313_map.h5,6.60729,10,144,1184,41.810314:281.250000,1507,False,54,4,1456,0.458858,5.49802,0,0.0125131,1398 1456 1457 -1
GCP,adapt_p60-00000000000001_a180-0_309_map.h5,5.67046,10,231,1428,30.000000:180.000000,1324,True,44,4,1324,0.566812,5.4012,0,0.0123379,1326 1324 1262 -1
GCP,adapt_p80-40593177313954_a135-0_158_map.h5,7.79625,10,330,792,9.594069:135.000000,1059,False,25,5,1125,0.842694,7.28366,0,0.0125463,1190 1191 1125 1126 -1
GCP,adapt_p80-40593177313954_a45-0_202_map.h5,7.88535,10,621,727,9.594069:45.000000,1042,True,11,5,1042,0.98364,5.86948,0,0.0124312,1108 1108 1042 1043 -1
GCP,adapt_p48-18968510422141_a191-25_88_map.h5,7.82156,10,271,724,41.810314:191.250000,1494,True,19,5,1494,0.870512,7.27881,0,0.0122354,1545 1494 1495 1442 -1
GCP,adapt_p35-659087696138755_a45-0_205_map.h5,8.86665,10,299,395,54.340912:45.000000,1572,True,13,6,1573,0.991143,8.12498,0,0.0121565,1616 1616 1572 1573 1526 -1
GCP,adapt_p60-00000000000001_a90-0_478_map.h5,7.81712,10,272,723,30.000000:90.000000,1309,True,20,5,1309,0.840564,7.28824,0,0.0126921,1183 1246 1309 1247 -1
GCP,adapt_p60-00000000000001_a67-5_53_map.h5,7.86958,10,426,827,30.000000:67.500000,1305,True,12,5,1305,0.978501,7.40009,0,0.0122143,1304 1305 1364 1304 -1
GCP,adapt_p70-52877936550931_a33-75_393_map.h5,6.4431,10,118,1120,19.471220:33.750000,1173,False,71,4,1299,0.658063,5.50712,0,0.0127087,1297 1299 1300 -1
GCP,adapt_p70-52877936550931_a146-25_441_map.h5,6.69622,10,241,1092,19.471220:146.250000,1193,True,40,4,1256,0.385084,5.71651,0,0.0125853,1434 1256 1193 -1
GCP,adapt_p48-18968510422141_a123-74999999999999_480_map.h5,6.40833,10,163,1090,41.810314:123.750000,1484,False,84,4,1313,0.27094,4.82856,0,0.0134913,1429 1372 1313 -1
GCP,adapt_p70-52877936550931_a78-75_167_map.h5,6.86705,10,519,1033,19.471220:78.750000,1181,True,12,5,1181,0.957598,5.92723,0,0.0127566,1244 1244 1181 1245 -1
GCP,adapt_p60-00000000000001_a292-5_156_map.h5,6.77725,10,407,1183,30.000000:292.500000,1343,False,25,4,1281,0.654133,5.3524,0,0.0125699,1399 1280 1281 -1
GCP,adapt_p23-556464309101234_a157-5_208_map.h5,7.81565,10,343,791,66.443535:157.500000,1701,True,16,5,1701,0.942972,7.17097,0,0.0121428,1729 1701 1700 1666 -1
GCP,adapt_p48-18968510422141_a326-24999999999994_58_map.h5,6.8593,10,500,1176,41.810314:326.250000,1514,True,14,5,1514,0.881498,5.95629,0,0.0125057,1513 1513 1562 1514 -1
GCP,adapt_p11-715852394892384_a315-0_92_map.h5,8.89761,10,784,386,78.284149:315.000000,1778,True,7,6,1762,0.999996,8.03985,0,0.0121701,1778 1778 1779 1763 1762 -1
GCP,adapt_p23-556464309101234_a202-5_141_map.h5,8.83556,10,184,389,66.443535:202.500000,1704,True,20,5,1704,0.876138,7.28037,0,0.0122446,1703 1704 1705 1732 -1
GCP,adapt_p60-00000000000001_a135-0_416_map.h5,8.89059,10,571,378,30.000000:135.000000,1316,True,10,6,1317,0.999914,8.29598,0,0.0122034,1254 1254 1255 1317 1316 -1
GCP,adapt_p48-18968510422141_a33-75_102_map.h5,7.44782,10,137,797,41.810314:33.750000,1471,False,81,4,1301,0.252068,6.03099,0,0.0129955,1421 1301 1238 -1
GCP,adapt_p35-659087696138755_a135-0_486_map.h5,8.71247,10,130,375,54.340912:135.000000,1583,True,38,5,1583,0.710002,8.12853,0,0.0123377,1486 1626 1583 1584 -1
GCP,adapt_p60-00000000000001_a202-49999999999997_80_map.h5,6.8405,10,312,1128,30.000000:202.500000,1328,True,17,5,1328,0.938824,5.85965,0,0.0123028,1386 1386 1328 1327 -1
GCP,adapt_p48-18968510422141_a258-75_305_map.h5,7.88777,10,672,704,41.810314:258.750000,1504,True,9,5,1504,0.996252,7.6375,0,0.0130223,1503 1504 1452 1503 -1
GCP,adapt_p48-18968510422141_a168-74999999999997_49_map.h5,8.68428,10,85,397,41.810314:168.750000,1491,False,36,5,1438,0.822458,7.22936,0,0.0125313,1382 1381 1438 1437 -1
GCP,adapt_p48-18968510422141_a191-25_228_map.h5,8.90039,10,837,386,41.810314:191.250000,1494,True,9,6,1494,0.999966,8.17199,0,0.012415,1545 1545 1495 1494 1441 -1
GCP,adapt_p23-556464309101234_a112-5_10_map.h5,8.88519,10,440,385,66.443535:112.500000,1697,True,10,6,1726,0.999976,8.1346,0,0.0126081,1697 1697 1696 1725 1726 -1
GCP,adapt_p48-18968510422141_a78-75_195_map.h5,7.70089,10,108,784,41.810314:78.750000,1478,False,41,4,1479,0.588843,5.45518,0,0.0129133,1477 1479 1480 -1
GCP,adapt_p48-18968510422141_a281-24999999999994_115_map.h5,5.79217,10,275,1498,41.810314:281.250000,1507,False,23,4,1455,0.763117,5.38286,0,0.012644,1557 1455 1454 -1
GCP,adapt_p70-52877936550931_a303-75_513_map.h5,6.87263,10,639,1119,19.471220:303.750000,1221,True,11,4,1221,0.973558,4.82191,0,0.0121647,1222 1221 1156 -1
GCP,adapt_p23-556464309101234_a292-5_317_map.h5,7.8876,10,538,789,66.443535:292.500000,1712,True,12,5,1713,0.994506,5.78222,0,0.0122085,1681 1681 1713 1712 -1
GCP,adapt_p35-659087696138755_a105-0_500_map.h5,8.85365,10,328,391,54.340912:105.000000,1579,True,11,6,1579,0.990285,8.20298,0,0.0121445,1623 1623 1580 1579 1533 -1
GCP,adapt_p80-40593177313954_a180-0_329_map.h5,7.82457,10,367,745,9.594069:180.000000,1067,False,20,5,1068,0.893028,7.25648,0,0.0122548,1133 1134 1068 1069 -1
GCP,adapt_p80-40593177313954_a157-5_493_map.h5,8.86627,10,410,389,9.594069:157.500000,1063,True,13,6,1063,0.982377,8.44112,0,0.0125232,1062 1062 1129 1063 1064 -1
GCP,adapt_p80-40593177313954_a112-49999999999999_358_map.h5,8.88946,10,549,379,9.594069:112.500000,1055,True,8,6,988,0.99997,8.37324,0,0.0123478,987 987 988 1056 1055 -1
GCP,adapt_p80-40593177313954_a135-0_523_map.h5,7.86965,10,463,746,9.594069:135.000000,1059,True,12,5,1059,0.895102,5.90495,0,0.0121525,1060 1060 992 1059 -1
GCP,adapt_p35-659087696138755_a224-99999999999997_62_map.h5,7.64429,10,181,786,54.340912:225.000000,1594,False,47,4,1636,0.532367,5.66439,0,0.0125485,1638 1636 1672 -1
GCP,adapt_p60-00000000000001_a337-49999999999994_211_map.h5,7.83564,10,401,760,30.000000:337.500000,1350,False,19,5,1352,0.90085,7.30482,0,0.0121609,1290 1291 1352 1351 -1
GCP,adapt_p80-40593177313954_a224-99999999999997_240_map.h5,8.84248,10,399,361,9.594069:225.000000,1076,True,16,5,1075,0.956804,7.26386,0,0.0133397,1140 1141 1075 1076 -1
GCP,adapt_p60-00000000000001_a67-5_432_map.h5,6.86775,10,444,1105,30.000000:67.500000,1305,True,14,4,1305,0.925013,4.809,0,0.0120815,1364 1305 1306 -1
GCP,adapt_p23-556464309101234_a247-49999999999997_42_map.h5,5.72834,10,276,1507,66.443535:247.500000,1708,False,37,4,1775,0.806512,5.18484,0,0.0124922,1772 1774 1775 -1
GCP,adapt_p80-40593177313954_a337-49999999999994_507_map.h5,7.845,10,577,808,9.594069:337.500000,1097,True,14,5,1162,0.850393,7.33624,0,0.0127811,1163 1162 1096 1097 -1
GCP,adapt_p60-00000000000001_a67-5_484_map.h5,6.54684,10,188,1121,30.000000:67.500000,1305,True,58,4,1305,0.429657,5.5074,0,0.0129893,1303 1305 1306 -1
GCP,adapt_p48-18968510422141_a326-24999999999994_435_map.h5,7.60013,10,50,391,41.810314:326.250000,1514,False,196,2,1269,0,0.0154974,0,0.0154974,1509 -1
GCP,adapt_p35-659087696138755_a344-99999999999994_413_map.h5,8.87531,10,409,388,54.340912:345.000000,1609,True,13,6,1565,0.991661,8.25687,0,0.0124818,1564 1564 1565 1609 1608 -1
GCP,adapt_p48-18968510422141_a281-24999999999994_174_map.h5,8.88059,10,356,395,41.810314:281.250000,1507,False,12,6,1456,0.999016,8.14712,0,0.0122104,1399 1399 1455 1456 1508 -1
GCP,adapt_p60-00000000000001_a180-0_440_map.h5,8.87646,10,440,409,30.000000:180.000000,1324,True,11,6,1324,0.990286,8.24534,0,0.012341,1325 1325 1324 1262 1263 -1
GCP,adapt_p23-556464309101234_a247-49999999999997_471_map.h5,5.63164,10,116,1170,66.443535:247.500000,1708,False,211,3,1734,0.34185,5.01372,0,0.0166299,1765 1734 -1
GCP,adapt_p60-00000000000001_a337-49999999999994_372_map.h5,5.84265,10,551,1458,30.000000:337.500000,1350,True,13,4,1350,0.882356,4.87242,0,0.012167,1409 1351 1350 -1
GCP,adapt_p60-00000000000001_a67-5_591_map.h5,5.86443,10,548,1454,30.000000:67.500000,1305,True,13,4,1364,0.973594,4.79875,0,0.0123592,1363 1364 1305 -1
GCP,adapt_p80-40593177313954_a90-0_379_map.h5,4.68796,10,211,1871,9.594069:90.000000,1051,False,35,3,984,0.299116,2.37998,0,0.0128475,917 984 -1
GCP,adapt_p70-52877936550931_a348-74999999999994_287_map.h5,6.86262,10,407,1129,19.471220:348.750000,1229,True,13,4,1229,0.909525,4.92073,0,0.0122049,1166 1230 1229 -1
GCP,adapt_p60-00000000000001_a0-0_129_map.h5,8.88063,10,477,322,30.000000:0.000000,1294,True,12,6,1294,0.999155,8.35125,0,0.0121669,1293 1293 1353 1411 1294 -1
GCP,adapt_p70-52877936550931_a146-25_515_map.h5,7.7965,10,378,788,19.471220:146.250000,1193,True,14,5,1193,0.950591,7.27193,0,0.0122984,1256 1193 1127 1192 -1
GCP,adapt_p35-659087696138755_a224-99999999999997_527_map.h5,7.88843,10,581,803,54.340912:225.000000,1594,True,9,5,1594,0.975509,5.77854,0,0.0123563,1636 1636 1594 1593 -1
GCP,adapt_p80-40593177313954_a247-49999999999997_401_map.h5,6.86747,10,436,1134,9.594069:247.500000,1080,True,13,4,1080,0.80186,4.90423,0,0.0123305,1012 1080 1013 -1
GCP,adapt_p48-18968510422141_a146-25_82_map.h5,6.75868,10,353,1122,41.810314:146.250000,1488,False,30,4,1585,0.684675,4.98546,0,0.0131445,1584 1585 1540 -1
GCP,adapt_p23-556464309101234_a292-5_263_map.h5,6.74642,10,169,1140,66.443535:292.500000,1712,False,34,4,1737,0.704977,4.81794,0,0.0123982,1761 1738 1737 -1
GCP,adapt_p48-18968510422141_a326-24999999999994_490_map.h5,6.81359,10,364,1190,41.810314:326.250000,1514,False,22,4,1462,0.790433,4.81113,0,0.0122193,1407 1406 1462 -1
GCP,adapt_p60-00000000000001_a90-0_174_map.h5,8.88744,10,435,374,30.000000:90.000000,1309,True,10,6,1368,0.998044,8.24128,0,0.0123542,1369 1369 1368 1309 1310 -1
GCP,adapt_p60-00000000000001_a90-0_46_map.h5,5.73246,10,228,1565,30.000000:90.000000,1309,False,32,4,1369,0.71205,5.0814,0,0.0123592,1311 1369 1368 -1
GCP,adapt_p80-40593177313954_a180-0_583_map.h5,8.88123,10,553,355,9.594069:180.000000,1067,True,12,6,1068,0.999378,8.58617,0,0.0125785,1134 1134 1067 1068 1069 -1
GCP,adapt_p35-659087696138755_a14-999999999999998_446_map.h5,8.89537,10,661,381,54.340912:15.000000,1568,True,9,6,1568,0.999984,8.43285,0,0.0124185,1521 1521 1569 1568 1520 -1
GCP,adapt_p48-18968510422141_a56-24999999999999_327_map.h5,8.86845,10,320,390,41.810314:56.250000,1475,True,13,6,1421,0.99594,8.21666,0,0.0123637,1474 1474 1475 1421 1420 -1
GCP,adapt_p80-40593177313954_a180-0_591_map.h5,8.85754,10,336,399,9.594069:180.000000,1067,True,15,6,1068,0.991981,8.58584,0,0.0122491,1134 1134 1067 1068 1069 -1
GCP,adapt_p11-715852394892384_a315-0_190_map.h5,8.89311,10,598,358,78.284149:315.000000,1778,True,7,6,1762,0.999979,8.0382,0,0.012698,1763 1763 1779 1778 1762 -1
GCP,adapt_p48-18968510422141_a101-24999999999999_420_map.h5,6.77958,10,276,1108,41.810314:101.250000,1481,False,29,4,1427,0.84249,4.81526,0,0.0122091,1368 1426 1427 -1
GCP,adapt_p70-52877936550931_a281-24999999999994_342_map.h5,2.56819,10,62,1077,19.471220:281.250000,1217,False,703,2,1132,0,0.0592585,0,0.0592585,1552 -1
GCP,adapt_p48-18968510422141_a191-25_140_map.h5,8.88851,10,668,360,41.810314:191.250000,1494,True,11,6,1494,0.991107,8.38885,0,0.0122706,1493 1493 1441 1494 1544 -1
GCP,adapt_p70-52877936550931_a213-75_146_map.h5,6.87822,10,650,1096,19.471220:213.750000,1205,True,12,5,1205,0.994065,5.81337,0,0.0125701,1268 1268 1205 1206 -1
GCP,adapt_p48-18968510422141_a78-75_347_map.h5,7.867,10,391,804,41.810314:78.750000,1478,True,12,5,1529,0.984472,7.31619,0,0.0127865,1478 1477 1529 1478 -1
GCP,adapt_p70-52877936550931_a236-25_401_map.h5,7.86553,10,526,658,19.471220:236.250000,1209,True,11,5,1209,0.986612,7.4067,0,0.0122604,1210 1209 1144 1210 -1
GCP,adapt_p60-00000000000001_a337-49999999999994_10_map.h5,8.88558,10,489,414,30.000000:337.500000,1350,True,11,6,1350,0.999885,8.31288,0,0.0121929,1408 1408 1409 1351 1350 -1
GCP,adapt_p60-00000000000001_a112-49999999999999_178_map.h5,7.86629,10,401,764,30.000000:112.500000,1313,True,15,5,1371,0.840417,7.24503,0,0.012515,1372 1371 1312 1313 -1
GCP,adapt_p60-00000000000001_a45-0_424_map.h5,8.90168,10,701,359,30.000000:45.000000,1301,True,7,6,1301,0.999991,8.2711,0,0.0121053,1302 1302 1301 1360 1361 -1
GCP,adapt_p60-00000000000001_a22-5_36_map.h5,7.83985,10,235,799,30.000000:22.500000,1298,False,17,5,1234,0.94161,7.36753,0,0.0129516,1233 1234 1235 1171 -1
GCP,adapt_p60-00000000000001_a270-0_374_map.h5,5.33833,10,69,1095,30.000000:270.000000,1339,False,250,3,1450,0.317757,3.36788,0,0.0178456,1274 1450 -1
GCP,adapt_p80-40593177313954_a337-49999999999994_465_map.h5,8.89444,10,581,382,9.594069:337.500000,1097,True,8,6,1096,0.999827,8.40603,0,0.0123587,1162 1162 1097 1096 1161 -1
GCP,adapt_p70-52877936550931_a213-75_371_map.h5,6.85622,10,516,1122,19.471220:213.750000,1205,False,15,4,1269,0.821644,4.80187,0,0.0125872,1268 1269 1206 -1
GCP,adapt_p60-00000000000001_a247-49999999999997_97_map.h5,5.90483,10,112,1190,30.000000:247.500000,1335,False,175,2,1775,0,0.0148491,0,0.0148491,1073 -1
GCP,adapt_p60-00000000000001_a315-0_369_map.h5,8.54985,10,164,361,30.000000:315.000000,1346,False,58,5,1406,0.712127,7.86596,0,0.012962,1403 1405 1406 1348 -1
GCP,adapt_p48-18968510422141_a348-74999999999994_487_map.h5,6.77871,10,266,1140,41.810314:348.750000,1517,True,26,4,1517,0.651488,4.84931,0,0.0130814,1518 1517 1465 -1
GCP,adapt_p70-52877936550931_a101-24999999999999_479_map.h5,6.86156,10,585,1097,19.471220:101.250000,1185,True,11,5,1185,0.985735,5.81036,0,0.0122452,1119 1119 1185 1184 -1
GCP,adapt_p35-659087696138755_a224-99999999999997_262_map.h5,7.88799,10,510,759,54.340912:225.000000,1594,True,11,5,1636,0.996157,5.77025,0,0.0128149,1594 1594 1636 1635 -1
GCP,adapt_p35-659087696138755_a165-0_76_map.h5,6.81754,10,253,1114,54.340912:165.000000,1587,False,21,4,1629,0.841955,4.94344,0,0.0122667,1666 1629 1630 -1
GCP,adapt_p23-556464309101234_a202-5_4_map.h5,8.90066,10,687,375,66.443535:202.500000,1704,True,8,6,1704,0.99998,8.19612,0,0.0121453,1670 1670 1671 1705 1704 -1
GCP,adapt_p11-715852394892384_a315-0_263_map.h5,6.73433,10,213,1091,78.284149:315.000000,1778,False,40,4,1789,0.701198,4.94018,0,0.0124786,1758 1776 1789 -1
GCP,adapt_p11-715852394892384_a45-0_593_map.h5,8.88274,10,486,405,78.284149:45.000000,1766,True,10,6,1766,0.998438,8.04173,0,0.0130776,1746 1746 1766 1767 1747 -1
GCP,adapt_p70-52877936550931_a326-24999999999994_8_map.h5,7.64437,10,224,777,19.471220:326.250000,1225,False,49,4,1226,0.514921,5.47051,0,0.0124486,1291 1289 1226 -1
GCP,adapt_p80-40593177313954_a180-0_459_map.h5,6.53149,10,56,774,9.594069:180.000000,1067,False,231,3,1207,0.187817,4.12633,0,0.0170421,1203 1207 -1
GCP,adapt_p48-18968510422141_a146-25_344_map.h5,8.87316,10,507,352,41.810314:146.250000,1488,True,11,6,1487,0.999024,8.24298,0,0.0126561,1434 1434 1435 1488 1487 -1
GCP,adapt_p23-556464309101234_a247-49999999999997_587_map.h5,8.08794,10,95,388,66.443535:247.500000,1708,True,131,4,1708,0.502931,5.34585,0,0.0138726,1640 1709 1708 -1
GCP,adapt_p35-659087696138755_a14-999999999999998_296_map.h5,6.67939,10,199,1071,54.340912:15.000000,1568,False,40,4,1611,0.559194,4.92645,0,0.0134165,1717 1686 1611 -1
GCP,adapt_p70-52877936550931_a191-25_374_map.h5,7.7612,10,216,755,19.471220:191.250000,1201,True,31,5,1264,0.854371,7.13956,0,0.0125876,1325 1263 1264 1201 -1
GCP,adapt_p80-40593177313954_a337-49999999999994_373_map.h5,8.89325,10,649,410,9.594069:337.500000,1097,True,8,5,1097,0.996578,5.91809,0,0.0125483,1096 1096 1097 1098 -1
GCP,adapt_p80-40593177313954_a270-0_310_map.h5,8.88667,10,638,372,9.594069:270.000000,1084,True,9,6,1085,0.996289,8.28663,0,0.0121275,1151 1151 1150 1084 1085 -1
GCP,adapt_p70-52877936550931_a281-24999999999994_340_map.h5,7.85715,10,584,714,19.471220:281.250000,1217,True,13,5,1217,0.99498,7.18547,0,0.012645,1152 1217 1216 1279 -1
GCP,adapt_p60-00000000000001_a0-0_520_map.h5,6.88569,10,575,1153,30.000000:0.000000,1294,True,9,5,1294,0.99022,5.90258,0,0.013165,1231 1231 1294 1295 -1
GCP,adapt_p23-556464309101234_a157-5_523_map.h5,7.8693,10,418,773,66.443535:157.500000,1701,True,13,5,1729,0.983955,7.15722,0,0.0125379,1700 1701 1729 1728 -1
GCP,adapt_p80-40593177313954_a315-0_495_map.h5,5.28153,10,134,1451,9.594069:315.000000,1093,False,101,3,1223,0.257915,3.46521,0,0.0130618,1283 1223 -1
GCP,adapt_p48-18968510422141_a326-24999999999994_376_map.h5,8.89115,10,459,382,41.810314:326.250000,1514,True,9,6,1513,0.994786,8.24204,0,0.0126336,1461 1461 1462 1514 1513 -1
GCP,adapt_p60-00000000000001_a22-5_469_map.h5,7.7853,10,133,712,30.000000:22.500000,1298,True,25,5,1297,0.835023,7.25268,0,0.0124923,1357 1298 1297 1234 -1
GCP,adapt_p11-715852394892384_a45-0_121_map.h5,8.89792,10,704,377,78.284149:45.000000,1766,True,7,6,1766,0.999998,8.04154,0,0.0128854,1746 1746 1766 1767 1747 -1
GCP,adapt_p23-556464309101234_a202-5_110_map.h5,4.97488,10,128,1424,66.443535:202.500000,1704,False,157,2,1594,0,0.01486,0,0.01486,1327 -1
GCP,adapt_p70-52877936550931_a348-74999999999994_308_map.h5,8.89321,10,653,383,19.471220:348.750000,1229,True,8,6,1229,0.993008,8.3392,0,0.0125873,1292 1292 1291 1228 1229 -1
GCP,adapt_p70-52877936550931_a348-74999999999994_182_map.h5,7.88429,10,536,773,19.471220:348.750000,1229,True,10,5,1229,0.914337,5.90354,0,0.0124977,1292 1292 1229 1291 -1
GCP,adapt_p80-40593177313954_a292-5_221_map.h5,8.8795,10,573,377,9.594069:292.500000,1088,True,10,6,1088,0.997485,8.30064,0,0.0123046,1089 1089 1088 1154 1153 -1
GCP,adapt_p35-659087696138755_a285-0_109_map.h5,6.85241,10,540,1112,54.340912:285.000000,1601,False,13,4,1642,0.868872,4.84065,0,0.0123813,1641 1642 1643 -1
GCP,adapt_p70-52877936550931_a101-24999999999999_519_map.h5,7.88734,10,585,796,19.471220:101.250000,1185,True,9,5,1185,0.920805,7.43705,0,0.0124642,1120 1119 1185 1120 -1
GCP,adapt_p48-18968510422141_a303-75_453_map.h5,7.86131,10,425,804,41.810314:303.750000,1510,True,15,5,1458,0.964815,7.2154,0,0.0125151,1509 1510 1458 1457 -1
GCP,adapt_p80-40593177313954_a0-0_445_map.h5,5.32221,10,73,772,9.594069:0.000000,1034,False,420,2,1102,0,0.0294329,0,0.0294329,1628 -1
GCP,adapt_p60-00000000000001_a337-49999999999994_124_map.h5,8.90031,10,567,380,30.000000:337.500000,1350,True,9,6,1351,0.999745,8.29272,0,0.0124708,1350 1350 1351 1290 1291 -1
GCP,adapt_p80-40593177313954_a135-0_75_map.h5,6.84645,10,461,1113,9.594069:135.000000,1059,False,16,4,1060,0.95558,4.81204,0,0.0123575,1126 1060 1061 -1
GCP,adapt_p70-52877936550931_a56-24999999999999_223_map.h5,7.78266,10,183,715,19.471220:56.250000,1177,False,27,5,1239,0.819558,7.31506,0,0.0121389,1174 1175 1176 1239 -1
GCP,adapt_p48-18968510422141_a236-25_321_map.h5,8.88842,10,412,372,41.810314:236.250000,1501,True,11,6,1500,0.998916,8.21904,0,0.0123748,1448 1448 1501 1500 1550 -1
GCP,adapt_p70-52877936550931_a258-75_20_map.h5,6.98465,10,132,372,19.471220:258.750000,1213,False,317,4,1753,0.181801,5.30065,0,0.0219551,1756 1754 1753 -1
GCP,adapt_p23-556464309101234_a202-5_166_map.h5,7.86845,10,512,709,66.443535:202.500000,1704,True,13,5,1705,0.978665,7.19535,0,0.0123566,1672 1671 1705 1704 -1
GCP,adapt_p70-52877936550931_a101-24999999999999_190_map.h5,6.85002,10,448,1154,19.471220:101.250000,1185,False,15,5,1186,0.904114,5.82411,0,0.0127712,1250 1250 1187 1186 -1
GCP,adapt_p60-00000000000001_a90-0_56_map.h5,7.88625,10,641,777,30.000000:90.000000,1309,True,10,5,1309,0.997478,7.45638,0,0.0125618,1308 1309 1368 1308 -1
GCP,adapt_p80-40593177313954_a0-0_43_map.h5,7.86665,10,384,725,9.594069:0.000000,1034,True,15,5,1034,0.926485,5.9112,0,0.01216,1033 1033 1034 1100 -1
GCP,adapt_p80-40593177313954_a202-49999999999997_32_map.h5,7.84638,10,411,768,9.594069:202.500000,1072,False,15,5,1071,0.976162,7.25812,0,0.0124271,1136 1137 1071 1070 -1
GCP,adapt_p60-00000000000001_a22-5_360_map.h5,6.79135,10,210,1170,30.000000:22.500000,1298,False,23,4,1235,0.810937,4.87381,0,0.0124555,1171 1234 1235 -1
GCP,adapt_p70-52877936550931_a168-74999999999997_104_map.h5,7.89332,10,605,733,19.471220:168.750000,1197,True,9,5,1197,0.983216,5.80881,0,0.0124779,1260 1260 1197 1196 -1
GCP,adapt_p35-659087696138755_a344-99999999999994_408_map.h5,8.87763,10,457,321,54.340912:345.000000,1609,True,11,6,1609,0.997006,8.22541,0,0.012161,1650 1650 1649 1608 1609 -1
GCP,adapt_p11-715852394892384_a225-0_90_map.h5,6.85846,10,394,1154,78.284149:225.000000,1774,True,13,4,1775,0.933082,4.69585,0,0.0123449,1788 1775 1774 -1
GCP,adapt_p70-52877936550931_a146-25_326_map.h5,6.80299,10,197,1206,19.471220:146.250000,1193,False,23,4,1192,0.892307,4.81453,0,0.0128108,1254 1191 1192 -1
GCP,adapt_p70-52877936550931_a56-24999999999999_513_map.h5,7.78352,10,171,781,19.471220:56.250000,1177,True,25,5,1177,0.833077,7.29451,0,0.012287,1242 1241 1178 1177 -1
GCP,adapt_p35-659087696138755_a105-0_19_map.h5,7.90219,10,653,725,54.340912:105.000000,1579,True,7,5,1579,0.996381,5.91164,0,0.0126151,1622 1622 1579 1623 -1
GCP,adapt_p70-52877936550931_a123-74999999999999_138_map.h5,4.60025,10,187,1808,19.471220:123.750000,1189,False,48,3,1252,0.396387,3.05014,0,0.0125651,1250 1252 -1
GCP,adapt_p80-40593177313954_a224-99999999999997_182_map.h5,6.84794,10,587,1113,9.594069:225.000000,1076,True,14,4,1075,0.947623,4.91103,0,0.0128709,1008 1076 1075 -1
GCP,adapt_p60-00000000000001_a90-0_497_map.h5,8.40571,10,94,357,30.000000:90.000000,1309,False,86,5,1426,0.536477,8.08567,0,0.0131022,1428 1368 1426 1425 -1
GCP,adapt_p48-18968510422141_a191-25_520_map.h5,7.88732,10,533,708,41.810314:191.250000,1494,True,9,5,1441,0.994618,7.38815,0,0.0124847,1442 1441 1494 1442 -1
GCP,adapt_p48-18968510422141_a326-24999999999994_141_map.h5,8.88943,10,387,372,41.810314:326.250000,1514,True,10,6,1462,0.999806,8.24124,0,0.0123711,1513 1513 1514 1462 1461 -1
GCP,adapt_p35-659087696138755_a344-99999999999994_311_map.h5,7.88558,10,627,761,54.340912:345.000000,1609,True,7,5,1609,0.992328,5.81097,0,0.0122347,1649 1649 1608 1609 -1
GCP,adapt_p70-52877936550931_a146-25_120_map.h5,8.86196,10,315,327,19.471220:146.250000,1193,True,15,6,1193,0.984501,8.25475,0,0.0128356,1255 1255 1256 1193 1192 -1
GCP,adapt_p48-18968510422141_a168-74999999999997_43_map.h5,6.85759,10,475,1091,41.810314:168.750000,1491,False,15,4,1490,0.798941,4.79563,0,0.0121896,1436 1437 1490 -1
GCP,adapt_p35-659087696138755_a105-0_366_map.h5,8.74936,10,222,374,54.340912:105.000000,1579,True,26,5,1623,0.791219,7.22666,0,0.0124446,1624 1623 1580 1579 -1
GCP,adapt_p48-18968510422141_a33-75_22_map.h5,7.87464,10,384,771,41.810314:33.750000,1471,True,10,5,1417,0.979406,7.34843,0,0.013161,1416 1417 1471 1416 -1
GCP,adapt_p70-52877936550931_a348-74999999999994_585_map.h5,7.89166,10,662,792,19.471220:348.750000,1229,True,8,5,1165,0.998049,5.88213,0,0.0131437,1229 1229 1164 1165 -1
GCP,adapt_p23-556464309101234_a202-5_138_map.h5,7.87375,10,474,770,66.443535:202.500000,1704,True,10,5,1704,0.998302,7.25567,0,0.0120568,1705 1704 1732 1705 -1
GCP,adapt_p70-52877936550931_a281-24999999999994_117_map.h5,7.85274,10,388,780,19.471220:281.250000,1217,True,15,5,1216,0.915576,7.58109,0,0.0140672,1217 1216 1215 1151 -1
GCP,adapt_p60-00000000000001_a112-49999999999999_70_map.h5,6.54057,10,108,1134,30.000000:112.500000,1313,False,56,4,1186,0.605851,5.80656,0,0.0132552,1247 1119 1186 -1
GCP,adapt_p70-52877936550931_a258-75_365_map.h5,8.85746,10,441,360,19.471220:258.750000,1213,True,16,5,1214,0.943698,7.28456,0,0.0123319,1276 1213 1214 1215 -1
GCP,adapt_p80-40593177313954_a22-5_557_map.h5,8.6474,10,142,391,9.594069:22.500000,1038,False,45,5,1174,0.789423,7.80212,0,0.0124429,1039 1107 1173 1174 -1
GCP,adapt_p80-40593177313954_a270-0_472_map.h5,3.4028,10,73,1569,9.594069:270.000000,1084,False,410,2,1599,0,0.028694,0,0.028694,1063 -1
GCP,adapt_p70-52877936550931_a213-75_562_map.h5,6.72755,10,299,1078,19.471220:213.750000,1205,False,33,4,1141,0.61124,4.83202,0,0.0122692,1207 1142 1141 -1
GCP,adapt_p60-00000000000001_a45-0_306_map.h5,8.89044,10,553,373,30.000000:45.000000,1301,False,10,6,1302,0.998943,8.24635,0,0.0123537,1239 1239 1240 1303 1302 -1
GCP,adapt_p48-18968510422141_a56-24999999999999_157_map.h5,7.86936,10,513,737,41.810314:56.250000,1475,False,11,5,1420,0.99458,5.79072,0,0.0124389,1474 1474 1420 1421 -1
GCP,adapt_p80-40593177313954_a315-0_360_map.h5,6.80947,10,227,1054,9.594069:315.000000,1093,True,22,4,1093,0.647516,4.9105,0,0.0123458,1024 1092 1093 -1
GCP,adapt_p60-00000000000001_a22-5_49_map.h5,6.84362,10,370,1182,30.000000:22.500000,1298,False,15,5,1358,0.948073,5.88783,0,0.0121659,1357 1357 1358 1359 -1
GCP,adapt_p48-18968510422141_a123-74999999999999_369_map.h5,7.88026,10,529,740,41.810314:123.750000,1484,True,11,5,1485,0.985204,7.32886,0,0.0125457,1431 1484 1485 1431 -1
GCP,adapt_p23-556464309101234_a202-5_63_map.h5,8.89265,10,723,341,66.443535:202.500000,1704,True,7,6,1732,0.999964,8.17947,0,0.0121503,1704 1704 1732 1733 1705 -1
GCP,adapt_p35-659087696138755_a195-0_277_map.h5,6.8754,10,625,1082,54.340912:195.000000,1590,True,10,4,1633,0.97956,4.81186,0,0.0123973,1590 1591 1633 -1
GCP,adapt_p70-52877936550931_a326-24999999999994_596_map.h5,6.69979,10,299,1104,19.471220:326.250000,1225,True,39,4,1160,0.57737,5.25208,0,0.0130052,1093 1160 1225 -1
GCP,adapt_p35-659087696138755_a255-00000000000003_394_map.h5,5.69698,10,210,1556,54.340912:255.000000,1598,True,37,4,1598,0.64422,4.9767,0,0.0128343,1638 1597 1598 -1
GCP,adapt_p80-40593177313954_a180-0_306_map.h5,8.79743,10,247,406,9.594069:180.000000,1067,False,26,5,1134,0.840798,7.5719,0,0.0123716,1263 1199 1133 1134 -1
GCP,adapt_p48-18968510422141_a33-75_115_map.h5,6.72737,10,279,1117,41.810314:33.750000,1471,True,35,4,1471,0.518422,4.7928,0,0.0124388,1523 1471 1470 -1
GCP,adapt_p35-659087696138755_a165-0_387_map.h5,6.85162,10,338,1190,54.340912:165.000000,1587,True,13,4,1587,0.898099,4.83381,0,0.0121573,1630 1587 1586 -1
GCP,adapt_p11-715852394892384_a225-0_81_map.h5,6.86917,10,493,1102,78.284149:225.000000,1774,True,11,5,1774,0.982507,5.74095,0,0.0126251,1775 1775 1774 1757 -1
GCP,adapt_p48-18968510422141_a78-75_505_map.h5,7.86638,10,520,746,41.810314:78.750000,1478,True,13,5,1478,0.989845,7.22764,0,0.0124237,1477 1478 1424 1425 -1
GCP,adapt_p70-52877936550931_a303-75_592_map.h5,6.87946,10,552,1151,19.471220:303.750000,1221,True,12,5,1220,0.964623,5.81907,0,0.0123594,1155 1155 1220 1221 -1
GCP,adapt_p11-715852394892384_a45-0_54_map.h5,8.89436,10,540,371,78.284149:45.000000,1766,True,8,6,1746,0.99974,8.08245,0,0.0124387,1766 1766 1746 1747 1767 -1
GCP,adapt_p35-659087696138755_a105-0_232_map.h5,7.42127,10,124,714,54.340912:105.000000,1579,False,82,2,1623,0,0.0135397,0,0.0135397,1462 -1
GCP,adapt_p70-52877936550931_a258-75_536_map.h5,6.80859,10,382,1147,19.471220:258.750000,1213,True,21,4,1213,0.645696,5.34801,0,0.0122193,1277 1213 1275 -1
GCP,adapt_p60-00000000000001_a270-0_77_map.h5,8.44759,10,98,364,30.000000:270.000000,1339,False,76,5,1395,0.495867,7.84481,0,0.0132341,1504 1396 1395 1394 -1
GCP,adapt_p23-556464309101234_a22-5_209_map.h5,7.61435,10,81,757,66.443535:22.500000,1689,False,62,4,1745,0.531413,5.30478,0,0.0124608,1652 1719 1745 -1
GCP,adapt_p70-52877936550931_a101-24999999999999_513_map.h5,8.829,10,182,388,19.471220:101.250000,1185,False,22,5,1187,0.939254,7.49323,0,0.0128009,1188 1187 1186 1250 -1
GCP,adapt_p70-52877936550931_a123-74999999999999_533_map.h5,7.83634,10,356,765,19.471220:123.750000,1189,True,18,5,1189,0.904548,7.4062,0,0.0124667,1188 1252 1189 1190 -1
GCP,adapt_p70-52877936550931_a146-25_304_map.h5,7.11605,10,72,363,19.471220:146.250000,1193,False,276,2,1327,0,0.0196373,0,0.0196373,1253 -1
GCP,adapt_p23-556464309101234_a337-5_436_map.h5,7.75954,10,352,725,66.443535:337.500000,1716,True,28,5,1716,0.818003,7.15534,0,0.0122636,1683 1684 1716 1715 -1
GCP,adapt_p48-18968510422141_a123-74999999999999_156_map.h5,6.84825,10,470,1104,41.810314:123.750000,1484,False,16,4,1485,0.745009,4.78423,0,0.0125692,1536 1485 1486 -1
GCP,adapt_p80-40593177313954_a337-49999999999994_168_map.h5,6.81499,10,317,1101,9.594069:337.500000,1097,False,20,4,1161,0.73458,5.00366,0,0.0128098,1225 1161 1096 -1
GCP,adapt_p70-52877936550931_a213-75_400_map.h5,6.84937,10,574,1072,19.471220:213.750000,1205,True,14,5,1205,0.881923,5.92047,0,0.012446,1204 1204 1139 1205 -1
GCP,adapt_p35-659087696138755_a315-0_359_map.h5,8.7747,10,165,353,54.340912:315.000000,1605,False,25,5,1510,0.884554,7.13638,0,0.0130905,1457 1509 1510 1559 -1
GCP,adapt_p11-715852394892384_a315-0_367_map.h5,6.84967,10,452,1181,78.284149:315.000000,1778,True,14,5,1762,0.907612,5.69482,0,0.0121695,1779 1779 1778 1762 -1
GCP,adapt_p60-00000000000001_a202-49999999999997_311_map.h5,7.03888,10,173,766,30.000000:202.500000,1328,False,132,3,1135,0.157419,5.12439,0,0.0138922,1269 1135 -1
GCP,adapt_p80-40593177313954_a224-99999999999997_77_map.h5,6.71424,10,241,1084,9.594069:225.000000,1076,False,35,4,1075,0.660103,4.91721,0,0.0125675,1073 1074 1075 -1
GCP,adapt_p80-40593177313954_a337-49999999999994_349_map.h5,6.85253,10,475,1116,9.594069:337.500000,1097,True,14,5,1097,0.973312,5.91132,0,0.0122734,1030 1030 1098 1097 -1
GCP,adapt_p60-00000000000001_a224-99999999999997_448_map.h5,8.77627,10,136,367,30.000000:225.000000,1331,False,29,5,1333,0.841149,7.39105,0,0.0125148,1272 1333 1391 1332 -1
GCP,adapt_p60-00000000000001_a157-5_226_map.h5,6.83448,10,360,1120,30.000000:157.500000,1320,False,17,4,1379,0.811969,4.91797,0,0.012359,1322 1380 1379 -1
GCP,adapt_p35-659087696138755_a45-0_383_map.h5,6.53225,10,210,1112,54.340912:45.000000,1572,False,66,4,1571,0.494121,5.41606,0,0.0125782,1473 1571 1615 -1
GCP,adapt_p80-40593177313954_a0-0_175_map.h5,8.86442,10,497,378,9.594069:0.000000,1034,True,11,6,1099,0.998107,8.35853,0,0.0123864,1165 1165 1099 1100 1034 -1
GCP,adapt_p70-52877936550931_a101-24999999999999_57_map.h5,8.89943,10,699,374,19.471220:101.250000,1185,True,9,6,1185,0.999924,8.45578,0,0.0123688,1184 1184 1119 1185 1186 -1
GCP,adapt_p60-00000000000001_a0-0_135_map.h5,7.86845,10,439,717,30.000000:0.000000,1294,False,11,5,1410,0.954053,5.87476,0,0.0123546,1352 1352 1410 1411 -1
GCP,adapt_p70-52877936550931_a326-24999999999994_474_map.h5,6.83101,10,440,1238,19.471220:326.250000,1225,False,18,4,1226,0.599182,4.93824,0,0.0127979,1227 1226 1288 -1
GCP,adapt_p35-659087696138755_a14-999999999999998_457_map.h5,7.87237,10,449,725,54.340912:15.000000,1568,True,12,5,1568,0.998301,5.81302,0,0.012431,1613 1613 1569 1568 -1
GCP,adapt_p11-715852394892384_a315-0_494_map.h5,7.87645,10,459,680,78.284149:315.000000,1778,True,13,5,1778,0.99275,7.05107,0,0.0123317,1790 1778 1779 1791 -1
GCP,adapt_p70-52877936550931_a168-74999999999997_77_map.h5,6.68664,10,330,1094,19.471220:168.750000,1197,False,38,4,1259,0.530355,5.34593,0,0.0131689,1257 1195 1259 -1
GCP,adapt_p48-18968510422141_a236-25_4_map.h5,7.7976,10,282,740,41.810314:236.250000,1501,True,24,5,1500,0.851168,7.29961,0,0.012189,1499 1500 1501 1448 -1
GCP,adapt_p23-556464309101234_a22-5_371_map.h5,6.88051,10,512,1131,66.443535:22.500000,1689,True,12,5,1689,0.992095,5.74959,0,0.0123008,1720 1720 1690 1689 -1
GCP,adapt_p35-659087696138755_a285-0_188_map.h5,7.89741,10,715,775,54.340912:285.000000,1601,True,9,5,1601,0.998287,5.83716,0,0.0123815,1642 1642 1601 1602 -1
GCP,adapt_p48-18968510422141_a258-75_504_map.h5,8.83852,10,296,376,41.810314:258.750000,1504,True,19,5,1504,0.873403,7.29188,0,0.0122707,1553 1503 1451 1504 -1
GCP,adapt_p70-52877936550931_a146-25_597_map.h5,5.78361,10,327,1517,19.471220:146.250000,1193,True,24,4,1127,0.713468,5.10001,0,0.012207,1062 1127 1193 -1
GCP,adapt_p48-18968510422141_a348-74999999999994_170_map.h5,5.81812,10,568,1458,41.810314:348.750000,1517,False,19,4,1465,0.869059,4.84963,0,0.012724,1410 1409 1465 -1
GCP,adapt_p60-00000000000001_a22-5_354_map.h5,8.88337,10,529,376,30.000000:22.500000,1298,True,11,6,1357,0.999659,8.29742,0,0.0124323,1297 1297 1298 1357 1356 -1
GCP,adapt_p35-659087696138755_a195-0_66_map.h5,7.8811,10,555,745,54.340912:195.000000,1590,True,10,5,1591,0.998864,5.813,0,0.0127066,1633 1633 1591 1590 -1
GCP,adapt_p60-00000000000001_a247-49999999999997_379_map.h5,8.89245,10,617,342,30.000000:247.500000,1335,True,10,6,1335,0.999871,8.38701,0,0.0123351,1274 1274 1336 1335 1273 -1
GCP,adapt_p23-556464309101234_a202-5_405_map.h5,6.77067,10,239,1147,66.443535:202.500000,1704,False,27,4,1703,0.686395,4.97792,0,0.0131471,1670 1703 1702 -1
GCP,adapt_p48-18968510422141_a258-75_322_map.h5,6.81258,10,516,1119,41.810314:258.750000,1504,False,24,4,1452,0.815342,4.99194,0,0.0122215,1506 1453 1452 -1
GCP,adapt_p23-556464309101234_a112-5_420_map.h5,8.84048,10,234,375,66.443535:112.500000,1697,True,20,5,1726,0.931496,7.13845,0,0.0123385,1696 1697 1726 1725 -1
GCP,adapt_p48-18968510422141_a326-24999999999994_417_map.h5,4.2614,10,100,1473,41.810314:326.250000,1514,False,251,3,1445,0.18991,3.37006,0,0.0187382,1593 1445 -1
GCP,adapt_p23-556464309101234_a202-5_78_map.h5,7.84318,10,419,759,66.443535:202.500000,1704,False,17,5,1705,0.896995,7.19576,0,0.0126278,1706 1705 1671 1672 -1
GCP,adapt_p23-556464309101234_a112-5_205_map.h5,6.74245,10,198,1110,66.443535:112.500000,1697,False,34,4,1725,0.689566,5.30606,0,0.0123492,1727 1725 1750 -1
GCP,adapt_p23-556464309101234_a112-5_287_map.h5,6.80744,10,301,1100,66.443535:112.500000,1697,True,24,4,1697,0.752154,4.70613,0,0.0123668,1726 1697 1662 -1
GCP,adapt_p48-18968510422141_a236-25_71_map.h5,7.82368,10,281,742,41.810314:236.250000,1501,False,21,5,1448,0.945316,7.32974,0,0.0121067,1393 1449 1448 1392 -1
GCP,adapt_p60-00000000000001_a90-0_470_map.h5,8.76111,10,266,352,30.000000:90.000000,1309,True,27,5,1309,0.845588,7.36951,0,0.012672,1246 1309 1368 1310 -1
GCP,adapt_p80-40593177313954_a90-0_99_map.h5,8.88744,10,543,352,9.594069:90.000000,1051,True,10,6,1051,0.993785,8.284,0,0.0123498,1052 1052 1051 1117 1118 -1
GCP,adapt_p48-18968510422141_a146-25_466_map.h5,8.67531,10,95,366,41.810314:146.250000,1488,True,45,5,1488,0.801426,7.53177,0,0.0125057,1437 1489 1488 1435 -1
GCP,adapt_p70-52877936550931_a213-75_307_map.h5,6.83647,10,365,1181,19.471220:213.750000,1205,True,17,4,1206,0.656268,4.84274,0,0.0123299,1205 1206 1141 -1
GCP,adapt_p60-00000000000001_a157-5_346_map.h5,8.40963,10,82,379,30.000000:157.500000,1320,True,88,4,1320,0.408607,7.26752,0,0.013181,1430 1319 1320 -1
GCP,adapt_p80-40593177313954_a247-49999999999997_78_map.h5,6.78433,10,300,1145,9.594069:247.500000,1080,True,24,4,1080,0.667443,4.91063,0,0.0124766,1012 1080 1081 -1
GCP,adapt_p70-52877936550931_a11-25_147_map.h5,7.83683,10,248,771,19.471220:11.250000,1169,True,19,5,1102,0.965771,7.33829,0,0.0129679,1168 1169 1103 1102 -1
GCP,adapt_p80-40593177313954_a67-5_384_map.h5,6.87541,10,541,1126,9.594069:67.500000,1047,False,12,5,1046,0.981225,5.90518,0,0.0124017,978 978 1046 979 -1
GCP,adapt_p48-18968510422141_a33-75_144_map.h5,8.89827,10,595,391,41.810314:33.750000,1471,True,8,6,1471,0.994902,8.22162,0,0.0125271,1472 1472 1471 1523 1524 -1
GCP,adapt_p23-556464309101234_a292-5_10_map.h5,7.81658,10,174,750,66.443535:292.500000,1712,True,22,5,1713,0.915742,7.22879,0,0.0122422,1681 1713 1739 1712 -1
GCP,adapt_p70-52877936550931_a303-75_311_map.h5,6.80314,10,216,1152,19.471220:303.750000,1221,False,23,4,1282,0.845118,4.8669,0,0.0126665,1220 1282 1343 -1
GCP,adapt_p60-00000000000001_a202-49999999999997_110_map.h5,6.86009,10,537,1142,30.000000:202.500000,1328,True,13,5,1328,0.924283,5.82796,0,0.0127189,1267 1267 1329 1328 -1
GCP,adapt_p70-52877936550931_a303-75_103_map.h5,6.73752,10,277,1134,19.471220:303.750000,1221,False,32,4,1284,0.64797,4.85361,0,0.0133078,1222 1284 1345 -1
GCP,adapt_p80-40593177313954_a224-99999999999997_371_map.h5,7.87344,10,417,694,9.594069:225.000000,1076,False,12,5,1140,0.898277,5.8095,0,0.0123651,1074 1074 1140 1141 -1
GCP,adapt_p23-556464309101234_a337-5_351_map.h5,8.85955,10,374,397,66.443535:337.500000,1716,True,14,6,1716,0.997917,8.15648,0,0.0122781,1717 1717 1716 1684 1685 -1
GCP,adapt_p11-715852394892384_a225-0_516_map.h5,7.89638,10,795,766,78.284149:225.000000,1774,True,7,5,1774,0.995895,7.22144,0,0.0124145,1757 1774 1775 1757 -1
GCP,adapt_p60-00000000000001_a292-5_302_map.h5,8.83887,10,369,351,30.000000:292.500000,1343,True,18,5,1282,0.853984,7.51776,0,0.0129602,1283 1282 1281 1343 -1
GCP,adapt_p23-556464309101234_a67-5_562_map.h5,8.86457,10,349,398,66.443535:67.500000,1693,True,14,6,1722,0.999158,8.2168,0,0.0122103,1692 1692 1722 1723 1693 -1
GCP,adapt_p48-18968510422141_a236-25_276_map.h5,7.89054,10,548,745,41.810314:236.250000,1501,True,10,5,1501,0.979468,5.87382,0,0.0122639,1502 1502 1501 1449 -1
GCP,adapt_p35-659087696138755_a195-0_166_map.h5,7.86539,10,345,754,54.340912:195.000000,1590,True,11,5,1632,0.991102,5.82843,0,0.0124101,1590 1590 1632 1633 -1
GCP,adapt_p48-18968510422141_a281-24999999999994_149_map.h5,7.87935,10,522,766,41.810314:281.250000,1507,True,11,5,1508,0.963738,5.82569,0,0.0124442,1557 1557 1508 1507 -1
GCP,adapt_p80-40593177313954_a315-0_59_map.h5,8.38748,10,109,416,9.594069:315.000000,1093,False,87,4,1090,0.44089,6.64122,0,0.0133289,1280 1090 1091 -1
GCP,adapt_p23-556464309101234_a67-5_213_map.h5,7.8397,10,386,769,66.443535:67.500000,1693,True,17,5,1693,0.934055,7.25267,0,0.0121132,1723 1693 1657 1658 -1
GCP,adapt_p80-40593177313954_a22-5_172_map.h5,7.87652,10,652,752,9.594069:22.500000,1038,True,12,5,1038,0.99809,5.91131,0,0.0122672,971 971 1039 1038 -1
GCP,adapt_p80-40593177313954_a22-5_535_map.h5,7.84034,10,271,725,9.594069:22.500000,1038,True,18,5,1039,0.978066,7.37246,0,0.0124772,970 971 1039 1038 -1
GCP,adapt_p70-52877936550931_a213-75_403_map.h5,5.61098,10,80,1516,19.471220:213.750000,1205,False,52,4,1140,0.596601,5.37036,0,0.0128282,1267 1139 1140 -1
GCP,adapt_p48-18968510422141_a348-74999999999994_500_map.h5,7.88465,10,703,687,41.810314:348.750000,1517,False,11,5,1465,0.912081,5.89058,0,0.0121536,1464 1464 1516 1465 -1
GCP,adapt_p23-556464309101234_a67-5_69_map.h5,8.4427,10,101,387,66.443535:67.500000,1693,False,78,5,1238,0.637336,7.8451,0,0.0130961,1235 1237 1238 1301 -1
GCP,adapt_p70-52877936550931_a33-75_284_map.h5,8.88758,10,516,355,19.471220:33.750000,1173,True,10,6,1237,0.999343,8.31313,0,0.0122077,1236 1236 1237 1174 1173 -1
GCP,adapt_p80-40593177313954_a292-5_535_map.h5,6.72013,10,320,1032,9.594069:292.500000,1088,False,33,4,1089,0.648971,4.91085,0,0.0127123,1090 1089 1021 -1
GCP,adapt_p80-40593177313954_a315-0_540_map.h5,8.85568,10,406,403,9.594069:315.000000,1093,False,16,5,1158,0.907155,7.40879,0,0.0121173,1159 1158 1157 1092 -1
GCP,adapt_p23-556464309101234_a22-5_80_map.h5,6.87552,10,445,1165,66.443535:22.500000,1689,True,11,4,1689,0.95589,4.76028,0,0.0122767,1688 1689 1653 -1
GCP,adapt_p60-00000000000001_a202-49999999999997_587_map.h5,6.75889,10,203,1074,30.000000:202.500000,1328,True,27,4,1328,0.581321,5.36076,0,0.0129058,1330 1267 1328 -1
GCP,adapt_p35-659087696138755_a45-0_548_map.h5,6.5282,10,160,1135,54.340912:45.000000,1572,False,68,4,1657,0.339275,5.86381,0,0.0126084,1660 1657 1656 -1
GCP,adapt_p48-18968510422141_a281-24999999999994_335_map.h5,7.83125,10,430,754,41.810314:281.250000,1507,True,17,5,1506,0.827231,7.23327,0,0.0125555,1455 1454 1506 1507 -1
GCP,adapt_p80-40593177313954_a45-0_55_map.h5,8.79946,10,239,369,9.594069:45.000000,1042,True,25,5,1042,0.799564,7.35885,0,0.0123308,1040 973 1041 1042 -1
GCP,adapt_p11-715852394892384_a315-0_573_map.h5,7.88409,10,542,753,78.284149:315.000000,1778,False,11,5,1763,0.998265,5.71819,0,0.0127381,1779 1779 1763 1762 -1
GCP,adapt_p48-18968510422141_a78-75_115_map.h5,7.88078,10,482,788,41.810314:78.750000,1478,True,10,5,1424,0.995892,5.80206,0,0.0130109,1478 1478 1424 1423 -1
GCP,adapt_p23-556464309101234_a67-5_288_map.h5,6.58297,10,109,1133,66.443535:67.500000,1693,False,60,4,1722,0.45846,5.62633,0,0.0128359,1695 1748 1722 -1
GCP,adapt_p80-40593177313954_a67-5_427_map.h5,8.87204,10,473,361,9.594069:67.500000,1047,True,12,6,1047,0.996602,8.37385,0,0.0127371,979 979 980 1047 1046 -1
GCP,adapt_p48-18968510422141_a326-24999999999994_311_map.h5,6.81662,10,330,1174,41.810314:326.250000,1514,False,20,4,1463,0.780278,4.81756,0,0.0121671,1516 1515 1463 -1
GCP,adapt_p80-40593177313954_a202-49999999999997_373_map.h5,6.87685,10,573,1089,9.594069:202.500000,1072,False,12,5,1071,0.996622,5.81015,0,0.0129568,1137 1137 1071 1070 -1
GCP,adapt_p48-18968510422141_a191-25_54_map.h5,6.8335,10,295,1107,41.810314:191.250000,1494,False,19,4,1543,0.832779,4.87516,0,0.013301,1542 1543 1493 -1
GCP,adapt_p80-40593177313954_a270-0_93_map.h5,8.85967,10,350,396,9.594069:270.000000,1084,True,16,5,1084,0.950733,7.28467,0,0.0121379,1149 1083 1084 1085 -1
GCP,adapt_p80-40593177313954_a270-0_339_map.h5,5.79562,10,451,1487,9.594069:270.000000,1084,True,23,4,1085,0.873755,4.91683,0,0.0121825,1083 1084 1085 -1
GCP,adapt_p70-52877936550931_a348-74999999999994_395_map.h5,6.82845,10,249,1124,19.471220:348.750000,1229,True,21,4,1230,0.86533,4.90769,0,0.0123393,1293 1230 1229 -1
GCP,adapt_p48-18968510422141_a236-25_34_map.h5,7.82274,10,257,714,41.810314:236.250000,1501,True,20,5,1550,0.901613,7.12924,0,0.0130666,1501 1500 1550 1595 -1
GCP,adapt_p70-52877936550931_a101-24999999999999_193_map.h5,5.83714,10,262,1505,19.471220:101.250000,1185,False,16,4,1120,0.813901,4.91165,0,0.0125868,1121 1120 1119 -1
GCP,adapt_p35-659087696138755_a45-0_246_map.h5,6.88066,10,523,1073,54.340912:45.000000,1572,True,11,4,1572,0.784917,4.77749,0,0.0121311,1573 1572 1525 -1
GCP,adapt_p35-659087696138755_a255-00000000000003_334_map.h5,6.87736,10,619,1077,54.340912:255.000000,1598,True,9,5,1597,0.998897,5.81086,0,0.0124323,1639 1639 1597 1598 -1
GCP,adapt_p48-18968510422141_a146-25_349_map.h5,6.88361,10,542,1128,41.810314:146.250000,1488,True,10,5,1488,0.992559,5.81938,0,0.0121812,1434 1434 1487 1488 -1
GCP,adapt_p80-40593177313954_a315-0_174_map.h5,5.84751,10,436,1492,9.594069:315.000000,1093,True,15,4,1093,0.882551,4.91046,0,0.0123033,1025 1093 1094 -1
GCP,adapt_p80-40593177313954_a315-0_389_map.h5,8.89427,10,559,374,9.594069:315.000000,1093,True,10,6,1158,0.999788,8.31774,0,0.0125202,1093 1093 1092 1158 1159 -1
GCP,adapt_p35-659087696138755_a135-0_124_map.h5,8.7244,10,147,400,54.340912:135.000000,1583,True,41,5,1626,0.789011,7.39925,0,0.0124079,1536 1583 1626 1625 -1
GCP,adapt_p60-00000000000001_a202-49999999999997_507_map.h5,6.87673,10,473,1134,30.000000:202.500000,1328,True,11,4,1266,0.962398,4.81699,0,0.0120761,1327 1328 1266 -1
GCP,adapt_p80-40593177313954_a337-49999999999994_456_map.h5,6.8526,10,548,1111,9.594069:337.500000,1097,False,14,4,1161,0.759523,4.90215,0,0.0132044,1095 1161 1096 -1
GCP,adapt_p60-00000000000001_a180-0_247_map.h5,6.87341,10,544,1120,30.000000:180.000000,1324,True,11,5,1323,0.956337,5.89684,0,0.0124089,1382 1382 1323 1324 -1
GCP,adapt_p60-00000000000001_a135-0_259_map.h5,7.87032,10,373,718,30.000000:135.000000,1316,True,11,5,1316,0.986336,5.869,0,0.012474,1254 1254 1316 1317 -1
GCP,adapt_p35-659087696138755_a45-0_93_map.h5,7.89848,10,580,783,54.340912:45.000000,1572,True,8,5,1616,0.976633,5.76976,0,0.0123296,1572 1572 1616 1615 -1
GCP,adapt_p80-40593177313954_a247-49999999999997_214_map.h5,6.60351,10,105,358,9.594069:247.500000,1080,False,378,2,1354,0,0.0260671,0,0.0260671,1458 -1
GCP,adapt_p80-40593177313954_a180-0_14_map.h5,8.84251,10,366,360,9.594069:180.000000,1067,True,17,5,1068,0.944548,7.46799,0,0.0122907,1001 1068 1134 1067 -1
GCP,adapt_p35-659087696138755_a165-0_178_map.h5,6.61321,10,150,1145,54.340912:165.000000,1587,False,53,4,1703,0.700894,5.31808,0,0.012593,1632 1703 1702 -1
GCP,adapt_p80-40593177313954_a135-0_142_map.h5,8.52622,10,151,375,9.594069:135.000000,1059,True,66,5,1060,0.48175,8.17076,0,0.0125792,1189 1059 1060 1126 -1
GCP,adapt_p23-556464309101234_a22-5_496_map.h5,7.76443,10,206,690,66.443535:22.500000,1689,True,30,5,1690,0.836528,7.10429,0,0.0123797,1719 1689 1690 1654 -1
GCP,adapt_p60-00000000000001_a247-49999999999997_262_map.h5,6.84384,10,373,1132,30.000000:247.500000,1335,False,17,4,1274,0.683787,4.92656,0,0.0129902,1273 1274 1336 -1
GCP,adapt_p70-52877936550931_a326-24999999999994_288_map.h5,7.8803,10,710,738,19.471220:326.250000,1225,True,12,5,1225,0.971737,5.92212,0,0.0124864,1226 1226 1161 1225 -1
GCP,adapt_p35-659087696138755_a255-00000000000003_562_map.h5,8.88859,10,535,368,54.340912:255.000000,1598,True,9,6,1598,0.999983,8.24939,0,0.012205,1639 1639 1640 1598 1597 -1
GCP,adapt_p48-18968510422141_a191-25_560_map.h5,6.87015,10,615,1062,41.810314:191.250000,1494,True,12,4,1494,0.754493,4.79247,0,0.0126359,1442 1441 1494 -1
GCP,adapt_p60-00000000000001_a45-0_420_map.h5,6.59238,10,139,1116,30.000000:45.000000,1301,True,56,4,1301,0.659893,4.97111,0,0.0124223,1419 1360 1301 -1
GCP,adapt_p80-40593177313954_a247-49999999999997_61_map.h5,7.61024,10,252,738,9.594069:247.500000,1080,True,54,4,1146,0.671061,6.10253,0,0.0125578,1208 1146 1080 -1
GCP,adapt_p35-659087696138755_a224-99999999999997_472_map.h5,7.89456,10,544,748,54.340912:225.000000,1594,True,7,5,1595,0.88291,5.7819,0,0.0122382,1637 1637 1595 1594 -1
GCP,adapt_p48-18968510422141_a281-24999999999994_36_map.h5,7.87829,10,527,786,41.810314:281.250000,1507,True,12,5,1507,0.867219,5.7869,0,0.0125201,1456 1456 1508 1507 -1
GCP,adapt_p60-00000000000001_a292-5_181_map.h5,8.56094,10,285,389,30.000000:292.500000,1343,False,58,5,1400,0.606544,8.02127,0,0.0128565,1453 1399 1400 1456 -1
GCP,adapt_p70-52877936550931_a123-74999999999999_107_map.h5,7.83664,10,251,794,19.471220:123.750000,1189,True,19,5,1123,0.915463,7.4856,0,0.0131525,1122 1123 1124 1189 -1
GCP,adapt_p48-18968510422141_a281-24999999999994_216_map.h5,8.8851,10,553,353,41.810314:281.250000,1507,True,13,6,1455,0.999717,8.22689,0,0.0127008,1506 1506 1507 1455 1454 -1
GCP,adapt_p70-52877936550931_a78-75_203_map.h5,6.84856,10,434,1083,19.471220:78.750000,1181,True,13,5,1180,0.916053,5.81323,0,0.0122198,1114 1114 1180 1181 -1
GCP,adapt_p60-00000000000001_a224-99999999999997_592_map.h5,6.87841,10,619,1121,30.000000:225.000000,1331,True,10,4,1331,0.804437,4.82176,0,0.0123842,1390 1389 1331 -1
GCP,adapt_p70-52877936550931_a281-24999999999994_32_map.h5,7.88367,10,507,664,19.471220:281.250000,1217,True,11,5,1217,0.994685,5.81026,0,0.0121502,1152 1152 1217 1218 -1
GCP,adapt_p35-659087696138755_a285-0_67_map.h5,8.89047,10,500,359,54.340912:285.000000,1601,True,11,6,1602,0.999208,8.22908,0,0.0123299,1601 1601 1602 1643 1642 -1
GCP,adapt_p80-40593177313954_a315-0_74_map.h5,6.6124,10,164,1212,9.594069:315.000000,1093,False,48,4,1028,0.496101,6.40012,0,0.0124064,1092 1028 962 -1
GCP,adapt_p23-556464309101234_a337-5_133_map.h5,8.83109,10,226,401,66.443535:337.500000,1716,False,18,5,1764,0.917219,7.07901,0,0.0127104,1779 1763 1764 1742 -1
GCP,adapt_p80-40593177313954_a292-5_47_map.h5,8.84937,10,414,359,9.594069:292.500000,1088,True,14,6,1021,0.986351,8.37333,0,0.0124337,1020 1020 1021 1089 1088 -1
GCP,adapt_p48-18968510422141_a213-75_490_map.h5,7.88349,10,565,677,41.810314:213.750000,1497,False,10,5,1445,0.995204,5.83109,0,0.0122986,1498 1498 1445 1446 -1
GCP,adapt_p70-52877936550931_a146-25_233_map.h5,8.87063,10,390,364,19.471220:146.250000,1193,True,12,6,1193,0.975016,8.29926,0,0.0121595,1128 1128 1127 1193 1194 -1
GCP,adapt_p70-52877936550931_a303-75_368_map.h5,6.87171,10,420,1148,19.471220:303.750000,1221,True,12,5,1221,0.979411,5.82333,0,0.0120915,1156 1156 1221 1220 -1
GCP,adapt_p11-715852394892384_a225-0_251_map.h5,6.86769,10,414,1186,78.284149:225.000000,1774,True,14,4,1773,0.789792,4.75441,0,0.0121111,1788 1774 1773 -1
GCP,adapt_p11-715852394892384_a135-0_102_map.h5,6.7181,10,285,1110,78.284149:135.000000,1770,True,39,4,1698,0.554832,5.3099,0,0.0127233,1770 1727 1698 -1
GCP,adapt_p35-659087696138755_a14-999999999999998_57_map.h5,8.88958,10,635,389,54.340912:15.000000,1568,True,8,6,1568,0.997161,8.39532,0,0.0121936,1612 1612 1567 1568 1613 -1
GCP,adapt_p23-556464309101234_a112-5_351_map.h5,5.84814,10,286,1403,66.443535:112.500000,1697,False,16,4,1726,0.770125,4.86313,0,0.0126569,1699 1727 1726 -1
GCP,adapt_p60-00000000000001_a112-49999999999999_185_map.h5,6.86665,10,552,1141,30.000000:112.500000,1313,True,13,4,1313,0.901675,4.8104,0,0.0121472,1312 1313 1372 -1
GCP,adapt_p48-18968510422141_a123-74999999999999_14_map.h5,6.70334,10,162,1140,41.810314:123.750000,1484,False,39,4,1431,0.592476,4.88085,0,0.0124636,1429 1430 1431 -1
GCP,adapt_p11-715852394892384_a225-0_334_map.h5,7.87966,10,513,722,78.284149:225.000000,1774,True,12,5,1774,0.979289,5.66668,0,0.0121366,1787 1787 1788 1774 -1
GCP,adapt_p35-659087696138755_a315-0_101_map.h5,7.87329,10,549,726,54.340912:315.000000,1605,True,12,5,1605,0.996751,5.86185,0,0.0135009,1606 1606 1605 1604 -1
GCP,adapt_p80-40593177313954_a157-5_407_map.h5,8.88028,10,565,385,9.594069:157.500000,1063,True,11,6,1063,0.999799,8.37338,0,0.0125133,996 996 995 1063 1064 -1
GCP,adapt_p48-18968510422141_a168-74999999999997_310_map.h5,7.81292,10,348,802,41.810314:168.750000,1491,False,23,5,1437,0.92475,7.23202,0,0.0129047,1439 1438 1437 1380 -1
GCP,adapt_p48-18968510422141_a11-25_443_map.h5,7.87862,10,415,700,41.810314:11.250000,1468,True,12,5,1414,0.999076,5.85156,0,0.0121794,1468 1468 1414 1413 -1
GCP,adapt_p48-18968510422141_a123-74999999999999_479_map.h5,7.84242,10,261,718,41.810314:123.750000,1484,False,16,5,1431,0.935753,7.28337,0,0.0123905,1486 1485 1432 1431 -1
GCP,adapt_p48-18968510422141_a326-24999999999994_313_map.h5,8.52116,10,155,395,41.810314:326.250000,1514,True,72,5,1513,0.481018,8.31434,0,0.0126292,1566 1563 1514 1513 -1
GCP,adapt_p60-00000000000001_a202-49999999999997_72_map.h5,5.83524,10,405,1539,30.000000:202.500000,1328,True,19,4,1387,0.854029,4.84926,0,0.0136068,1328 1386 1387 -1
GCP,adapt_p70-52877936550931_a236-25_201_map.h5,6.82761,10,373,1126,19.471220:236.250000,1209,True,22,4,1209,0.790469,4.82364,0,0.0121843,1208 1209 1144 -1
GCP,adapt_p60-00000000000001_a202-49999999999997_348_map.h5,8.75442,10,208,380,30.000000:202.500000,1328,True,29,5,1328,0.751822,7.34588,0,0.0123666,1326 1327 1386 1328 -1
GCP,adapt_p11-715852394892384_a315-0_371_map.h5,8.63675,10,113,366,78.284149:315.000000,1778,False,51,5,1797,0.408318,7.29856,0,0.0130515,1780 1796 1797 1793 -1
GCP,adapt_p70-52877936550931_a146-25_450_map.h5,8.8972,10,651,362,19.471220:146.250000,1193,False,10,6,1128,0.99989,8.54406,0,0.0126008,1062 1062 1129 1128 1127 -1
GCP,adapt_p23-556464309101234_a157-5_528_map.h5,8.85162,10,335,412,66.443535:157.500000,1701,True,18,6,1700,0.964144,8.17171,0,0.0121563,1666 1666 1700 1701 1729 -1
GCP,adapt_p80-40593177313954_a180-0_132_map.h5,6.87746,10,588,1117,9.594069:180.000000,1067,True,12,4,1067,0.931205,4.80652,0,0.0123533,1068 1067 1133 -1
GCP,adapt_p48-18968510422141_a191-25_270_map.h5,7.89139,10,721,698,41.810314:191.250000,1494,True,9,5,1494,0.821969,7.47525,0,0.0124072,1440 1441 1494 1440 -1
GCP,adapt_p23-556464309101234_a67-5_529_map.h5,8.85657,10,375,336,66.443535:67.500000,1693,True,11,5,1693,0.984458,5.81423,0,0.0122491,1694 1694 1693 1657 -1
GCP,adapt_p70-52877936550931_a213-75_151_map.h5,6.63446,10,216,1130,19.471220:213.750000,1205,True,45,4,1204,0.64357,5.44264,0,0.0123441,1072 1204 1205 -1
GCP,adapt_p60-00000000000001_a67-5_39_map.h5,8.87318,10,504,396,30.000000:67.500000,1305,True,11,6,1305,0.992694,8.24642,0,0.0126203,1306 1306 1305 1242 1241 -1
GCP,adapt_p35-659087696138755_a255-00000000000003_61_map.h5,8.83068,10,468,395,54.340912:255.000000,1598,True,10,6,1598,0.995353,8.24928,0,0.0121004,1639 1639 1640 1598 1597 -1
GCP,adapt_p23-556464309101234_a292-5_15_map.h5,5.82636,10,475,1455,66.443535:292.500000,1712,True,18,4,1712,0.863927,4.78822,0,0.0124348,1739 1713 1712 -1
GCP,adapt_p35-659087696138755_a255-00000000000003_588_map.h5,8.88065,10,363,374,54.340912:255.000000,1598,True,11,6,1597,0.99811,8.22604,0,0.012148,1598 1598 1597 1639 1638 -1
GCP,adapt_p48-18968510422141_a123-74999999999999_308_map.h5,7.69344,10,217,730,41.810314:123.750000,1484,False,36,5,1486,0.838663,7.28309,0,0.0123855,1376 1433 1486 1432 -1
GCP,adapt_p23-556464309101234_a247-49999999999997_494_map.h5,7.79022,10,163,730,66.443535:247.500000,1708,False,26,5,1707,0.865207,7.22773,0,0.0125898,1674 1707 1734 1706 -1
GCP,adapt_p70-52877936550931_a168-74999999999997_271_map.h5,6.85246,10,578,1111,19.471220:168.750000,1197,True,14,4,1197,0.759097,4.90845,0,0.0123445,1198 1132 1197 -1
GCP,adapt_p35-659087696138755_a315-0_432_map.h5,6.86659,10,494,1098,54.340912:315.000000,1605,True,13,5,1606,0.933829,5.78186,0,0.0122014,1647 1647 1606 1605 -1
GCP,adapt_p60-00000000000001_a67-5_217_map.h5,8.76046,10,176,375,30.000000:67.500000,1305,True,31,5,1365,0.805769,7.51021,0,0.012348,1424 1365 1364 1305 -1
GCP,adapt_p80-40593177313954_a67-5_486_map.h5,6.86672,10,481,1086,9.594069:67.500000,1047,False,13,4,1112,0.704407,4.84772,0,0.0120888,1113 1112 1046 -1
GCP,adapt_p35-659087696138755_a344-99999999999994_407_map.h5,8.84438,10,278,353,54.340912:345.000000,1609,True,19,6,1609,0.952694,8.2502,0,0.0124333,1610 1610 1609 1650 1649 -1
GCP,adapt_p35-659087696138755_a285-0_524_map.h5,6.89036,10,631,1032,54.340912:285.000000,1601,True,10,4,1643,0.97103,4.81187,0,0.0124102,1601 1602 1643 -1
GCP,adapt_p11-715852394892384_a45-0_243_map.h5,7.89406,10,612,755,78.284149:45.000000,1766,True,7,5,1766,0.91244,5.67672,0,0.0127456,1767 1767 1766 1746 -1
GCP,adapt_p23-556464309101234_a22-5_295_map.h5,7.88601,10,731,807,66.443535:22.500000,1689,True,8,5,1719,0.999538,5.75227,0,0.0127799,1689 1689 1719 1720 -1
GCP,adapt_p70-52877936550931_a78-75_571_map.h5,7.85881,10,478,707,19.471220:78.750000,1181,True,16,5,1181,0.952788,7.56028,0,0.0129814,1180 1181 1182 1115 -1
GCP,adapt_p60-00000000000001_a202-49999999999997_276_map.h5,7.8186,10,323,755,30.000000:202.500000,1328,True,19,5,1387,0.808879,7.40864,0,0.0121998,1330 1329 1328 1387 -1
GCP,adapt_p80-40593177313954_a270-0_503_map.h5,8.73005,10,222,405,9.594069:270.000000,1084,False,34,5,1151,0.840389,7.62052,0,0.0127432,1083 1150 1151 1085 -1
GCP,adapt_p23-556464309101234_a337-5_445_map.h5,8.86324,10,449,396,66.443535:337.500000,1716,True,14,6,1716,0.996629,8.14872,0,0.012548,1715 1715 1716 1742 1741 -1
GCP,adapt_p80-40593177313954_a315-0_208_map.h5,6.8169,10,316,1096,9.594069:315.000000,1093,False,20,4,1159,0.740033,4.94736,0,0.012906,1158 1159 1094 -1
GCP,adapt_p35-659087696138755_a315-0_586_map.h5,8.87968,10,374,375,54.340912:315.000000,1605,False,10,6,1560,0.992831,8.41187,0,0.0121288,1511 1511 1561 1560 1604 -1
GCP,adapt_p60-00000000000001_a315-0_301_map.h5,8.89971,10,802,377,30.000000:315.000000,1346,True,8,6,1346,0.999998,8.26751,0,0.0120834,1347 1347 1346 1404 1405 -1
GCP,adapt_p23-556464309101234_a157-5_410_map.h5,6.78325,10,248,1071,66.443535:157.500000,1701,True,29,4,1700,0.61994,4.85155,0,0.0125339,1665 1700 1701 -1
GCP,adapt_p70-52877936550931_a33-75_353_map.h5,7.79547,10,329,770,19.471220:33.750000,1173,True,19,5,1107,0.954298,7.30045,0,0.0123292,1174 1173 1107 1106 -1
GCP,adapt_p70-52877936550931_a146-25_219_map.h5,6.65909,10,169,1121,19.471220:146.250000,1193,False,47,4,1127,0.768279,5.99126,0,0.0127086,1189 1126 1127 -1
GCP,adapt_p70-52877936550931_a56-24999999999999_573_map.h5,7.89457,10,730,762,19.471220:56.250000,1177,True,8,5,1177,0.996405,5.94573,0,0.0122205,1176 1176 1110 1177 -1
GCP,adapt_p11-715852394892384_a315-0_178_map.h5,6.74436,10,173,1087,78.284149:315.000000,1778,False,30,4,1712,0.560189,4.82071,0,0.0124291,1711 1712 1680 -1
GCP,adapt_p60-00000000000001_a180-0_418_map.h5,5.40288,10,168,1405,30.000000:180.000000,1324,False,87,3,1384,0.311242,3.55911,0,0.0129687,1381 1384 -1
GCP,adapt_p80-40593177313954_a180-0_421_map.h5,7.85603,10,453,728,9.594069:180.000000,1067,True,15,5,1067,0.969409,7.25691,0,0.0127584,1134 1133 1067 1068 -1
GCP,adapt_p80-40593177313954_a135-0_473_map.h5,6.85747,10,538,1187,9.594069:135.000000,1059,True,13,5,1059,0.976854,5.91139,0,0.0123433,992 992 1060 1059 -1
GCP,adapt_p70-52877936550931_a191-25_511_map.h5,6.84961,10,554,1146,19.471220:191.250000,1201,True,14,4,1201,0.831437,4.80897,0,0.0121839,1265 1202 1201 -1
GCP,adapt_p23-556464309101234_a67-5_410_map.h5,8.89547,10,530,356,66.443535:67.500000,1693,True,9,6,1693,0.999717,8.24027,0,0.012311,1723 1723 1694 1693 1658 -1
GCP,adapt_p48-18968510422141_a56-24999999999999_332_map.h5,7.87403,10,478,744,41.810314:56.250000,1475,True,11,5,1475,0.996193,5.78446,0,0.0127549,1420 1420 1474 1475 -1
GCP,adapt_p80-40593177313954_a0-0_377_map.h5,6.88359,10,605,1072,9.594069:0.000000,1034,True,12,5,1035,0.99765,5.90439,0,0.0122152,1101 1101 1035 1034 -1
GCP,adapt_p35-659087696138755_a315-0_408_map.h5,8.86469,10,277,352,54.340912:315.000000,1605,True,16,6,1646,0.980146,8.43345,0,0.0121071,1647 1647 1605 1646 1645 -1
GCP,adapt_p11-715852394892384_a225-0_55_map.h5,8.82733,10,197,328,78.284149:225.000000,1774,True,23,5,1756,0.875631,7.11925,0,0.0124809,1731 1755 1756 1774 -1
GCP,adapt_p80-40593177313954_a67-5_445_map.h5,7.55601,10,48,386,9.594069:67.500000,1047,False,211,4,1098,0.272077,5.51856,0,0.0166224,897 1031 1098 -1
GCP,adapt_p23-556464309101234_a337-5_374_map.h5,6.8035,10,255,1154,66.443535:337.500000,1716,False,21,4,1743,0.662137,4.75693,0,0.012317,1764 1742 1743 -1
GCP,adapt_p35-659087696138755_a45-0_248_map.h5,7.8626,10,510,742,54.340912:45.000000,1572,True,13,5,1616,0.974254,7.50582,0,0.0132074,1615 1616 1617 1572 -1
GCP,adapt_p60-00000000000001_a292-5_560_map.h5,6.78418,10,304,1123,30.000000:292.500000,1343,False,19,4,1281,0.701699,4.84083,0,0.0126489,1219 1282 1281 -1
GCP,adapt_p60-00000000000001_a22-5_313_map.h5,7.72529,10,181,788,30.000000:22.500000,1298,True,34,5,1297,0.713089,7.30157,0,0.0125131,1299 1298 1297 1234 -1
GCP,adapt_p35-659087696138755_a224-99999999999997_590_map.h5,7.87053,10,463,772,54.340912:225.000000,1594,True,12,5,1594,0.993007,5.86063,0,0.0122868,1593 1593 1594 1595 -1
GCP,adapt_p35-659087696138755_a14-999999999999998_590_map.h5,7.88963,10,449,699,54.340912:15.000000,1568,True,9,5,1568,0.985624,5.81274,0,0.0121511,1613 1613 1569 1568 -1
GCP,adapt_p60-00000000000001_a90-0_143_map.h5,6.83872,10,523,1049,30.000000:90.000000,1309,True,16,4,1309,0.885548,4.80265,0,0.0131132,1368 1309 1310 -1
GCP,adapt_p70-52877936550931_a123-74999999999999_532_map.h5,8.89581,10,585,358,19.471220:123.750000,1189,True,8,6,1189,0.99938,8.27988,0,0.0130181,1123 1123 1124 1190 1189 -1
GCP,adapt_p80-40593177313954_a112-49999999999999_132_map.h5,8.87332,10,456,386,9.594069:112.500000,1055,False,12,6,1053,0.997434,8.37336,0,0.0124882,986 986 985 1053 1054 -1
GCP,adapt_p70-52877936550931_a348-74999999999994_424_map.h5,6.83841,10,461,1087,19.471220:348.750000,1229,True,15,4,1229,0.916341,4.91952,0,0.0123905,1291 1229 1230 -1
GCP,adapt_p80-40593177313954_a180-0_5_map.h5,7.82369,10,303,758,9.594069:180.000000,1067,False,20,5,1000,0.914371,7.2776,0,0.0121263,934 1001 1000 999 -1
GCP,adapt_p60-00000000000001_a247-49999999999997_409_map.h5,8.89618,10,647,361,30.000000:247.500000,1335,True,8,6,1335,0.999861,8.38729,0,0.01262,1274 1274 1336 1335 1273 -1
GCP,adapt_p23-556464309101234_a292-5_487_map.h5,8.77441,10,135,346,66.443535:292.500000,1712,True,29,5,1738,0.834431,7.20904,0,0.0123177,1713 1739 1738 1712 -1
GCP,adapt_p60-00000000000001_a247-49999999999997_260_map.h5,6.73492,10,226,1095,30.000000:247.500000,1335,False,33,4,1273,0.562575,4.89512,0,0.0128764,1334 1273 1274 -1
GCP,adapt_p60-00000000000001_a135-0_484_map.h5,7.82636,10,310,666,30.000000:135.000000,1316,True,20,5,1375,0.880758,7.3719,0,0.0124576,1374 1316 1375 1376 -1
GCP,adapt_p70-52877936550931_a191-25_226_map.h5,7.87144,10,386,805,19.471220:191.250000,1201,True,12,5,1201,0.989674,5.88911,0,0.0123735,1136 1136 1201 1202 -1
GCP,adapt_p11-715852394892384_a135-0_507_map.h5,8.90354,10,840,424,78.284149:135.000000,1770,True,9,6,1752,0.998707,8.14423,0,0.0122385,1770 1770 1751 1752 1771 -1
GCP,adapt_p35-659087696138755_a75-0_96_map.h5,8.88809,10,476,323,54.340912:75.000000,1576,True,9,6,1575,0.999989,8.25094,0,0.0127137,1619 1619 1620 1576 1575 -1
GCP,adapt_p80-40593177313954_a337-49999999999994_74_map.h5,8.89357,10,573,392,9.594069:337.500000,1097,True,9,6,1097,0.99806,8.34336,0,0.0122335,1098 1098 1097 1163 1164 -1
GCP,adapt_p35-659087696138755_a135-0_417_map.h5,4.71866,10,90,1527,54.340912:135.000000,1583,False,200,3,1735,0.210801,3.99555,0,0.015951,1762 1735 -1
GCP,adapt_p23-556464309101234_a67-5_328_map.h5,5.83434,10,489,1485,66.443535:67.500000,1693,False,18,4,1657,0.698689,4.89641,0,0.0124705,1692 1657 1658 -1
GCP,adapt_p70-52877936550931_a303-75_105_map.h5,5.85559,10,482,1475,19.471220:303.750000,1221,True,14,4,1283,0.754152,4.91239,0,0.0122181,1284 1221 1283 -1
GCP,adapt_p70-52877936550931_a236-25_315_map.h5,5.85754,10,572,1465,19.471220:236.250000,1209,False,14,5,1144,0.852939,5.81664,0,0.0122689,1210 1210 1145 1144 -1
GCP,adapt_p48-18968510422141_a236-25_456_map.h5,6.86263,10,442,1157,41.810314:236.250000,1501,True,12,4,1449,0.983265,4.88083,0,0.0121556,1501 1449 1448 -1
GCP,adapt_p11-715852394892384_a225-0_374_map.h5,7.89193,10,658,742,78.284149:225.000000,1774,False,7,5,1757,0.966582,5.84764,0,0.0128658,1758 1758 1775 1757 -1
GCP,adapt_p70-52877936550931_a11-25_468_map.h5,8.89843,10,624,364,19.471220:11.250000,1169,True,9,6,1169,0.999896,8.33912,0,0.0123662,1102 1102 1103 1169 1168 -1
GCP,adapt_p35-659087696138755_a285-0_416_map.h5,8.79209,10,161,348,54.340912:285.000000,1601,False,26,5,1679,0.835551,7.20258,0,0.012708,1644 1643 1679 1678 -1
GCP,adapt_p80-40593177313954_a22-5_238_map.h5,8.8816,10,424,324,9.594069:22.500000,1038,True,11,6,1037,0.99558,8.37516,0,0.0121951,970 970 971 1038 1037 -1
GCP,adapt_p60-00000000000001_a90-0_425_map.h5,6.85298,10,492,1125,30.000000:90.000000,1309,True,15,4,1309,0.876902,4.82039,0,0.0128287,1247 1246 1309 -1
GCP,adapt_p48-18968510422141_a236-25_78_map.h5,7.87058,10,330,787,41.810314:236.250000,1501,False,12,5,1500,0.913201,7.44658,0,0.0122204,1499 1500 1550 1499 -1
GCP,adapt_p80-40593177313954_a135-0_526_map.h5,6.54126,10,145,1087,9.594069:135.000000,1059,False,56,4,1125,0.591486,5.43607,0,0.0125417,1193 1191 1125 -1
GCP,adapt_p35-659087696138755_a135-0_362_map.h5,8.8436,10,209,413,54.340912:135.000000,1583,True,20,5,1584,0.940985,7.4077,0,0.0122116,1538 1583 1584 1627 -1
GCP,adapt_p35-659087696138755_a14-999999999999998_38_map.h5,8.75648,10,155,361,54.340912:15.000000,1568,False,28,5,1522,0.833766,7.23486,0,0.0123306,1524 1523 1522 1470 -1
GCP,adapt_p48-18968510422141_a146-25_430_map.h5,6.88455,10,681,1043,41.810314:146.250000,1488,True,9,5,1434,0.935015,5.91032,0,0.0122387,1435 1435 1488 1434 -1
GCP,adapt_p48-18968510422141_a258-75_570_map.h5,5.604,10,138,1427,41.810314:258.750000,1504,False,53,4,1394,0.531957,5.61648,0,0.0127928,1273 1394 1395 -1
GCP,adapt_p23-556464309101234_a202-5_517_map.h5,6.7963,10,233,1056,66.443535:202.500000,1704,True,25,4,1732,0.680565,4.91412,0,0.0125133,1704 1732 1755 -1
GCP,adapt_p70-52877936550931_a258-75_165_map.h5,8.84263,10,264,367,19.471220:258.750000,1213,True,18,5,1213,0.928406,7.43263,0,0.0121816,1147 1213 1148 1149 -1
GCP,adapt_p60-00000000000001_a90-0_374_map.h5,7.85921,10,441,743,30.000000:90.000000,1309,True,15,5,1369,0.972113,7.24013,0,0.0125812,1309 1310 1369 1368 -1
GCP,adapt_p48-18968510422141_a236-25_257_map.h5,6.86059,10,479,1076,41.810314:236.250000,1501,False,15,4,1500,0.84332,4.78344,0,0.0122041,1551 1550 1500 -1
GCP,adapt_p48-18968510422141_a168-74999999999997_396_map.h5,5.85018,10,425,1500,41.810314:168.750000,1491,False,13,4,1437,0.875358,4.79604,0,0.0126003,1436 1437 1490 -1
GCP,adapt_p80-40593177313954_a90-0_10_map.h5,6.82647,10,272,1140,9.594069:90.000000,1051,False,20,4,1049,0.785878,4.9105,0,0.0123406,982 1050 1049 -1
GCP,adapt_p35-659087696138755_a135-0_244_map.h5,8.78332,10,241,393,54.340912:135.000000,1583,True,25,5,1583,0.880989,7.39891,0,0.0124787,1582 1626 1583 1584 -1
GCP,adapt_p70-52877936550931_a11-25_478_map.h5,5.71043,10,146,1518,19.471220:11.250000,1169,False,39,4,1232,0.571417,5.3853,0,0.0123864,1297 1232 1295 -1
GCP,adapt_p70-52877936550931_a348-74999999999994_548_map.h5,8.8616,10,313,384,19.471220:348.750000,1229,True,14,6,1228,0.995385,8.33883,0,0.0122143,1290 1290 1291 1228 1229 -1
GCP,adapt_p70-52877936550931_a78-75_487_map.h5,6.85691,10,260,1106,19.471220:78.750000,1181,False,13,4,1115,0.869056,4.80886,0,0.0128942,1180 1114 1115 -1
GCP,adapt_p80-40593177313954_a224-99999999999997_78_map.h5,6.8382,10,364,1142,9.594069:225.000000,1076,True,16,5,1076,0.864914,5.81531,0,0.0126117,1141 1141 1075 1076 -1
GCP,adapt_p80-40593177313954_a337-49999999999994_402_map.h5,5.86148,10,404,1510,9.594069:337.500000,1097,False,13,4,1096,0.812224,4.88298,0,0.0123319,1161 1162 1096 -1
GCP,adapt_p23-556464309101234_a247-49999999999997_312_map.h5,8.86161,10,280,356,66.443535:247.500000,1708,True,16,6,1708,0.949618,8.29428,0,0.0122033,1707 1707 1735 1708 1709 -1
GCP,adapt_p11-715852394892384_a225-0_199_map.h5,8.89648,10,527,331,78.284149:225.000000,1774,True,8,6,1757,0.995679,8.25531,0,0.012293,1774 1774 1756 1757 1775 -1
GCP,adapt_p48-18968510422141_a258-75_271_map.h5,8.85664,10,459,384,41.810314:258.750000,1504,True,15,6,1451,0.984328,8.2578,0,0.0121427,1503 1503 1504 1452 1451 -1
GCP,adapt_p48-18968510422141_a78-75_79_map.h5,7.84327,10,372,735,41.810314:78.750000,1478,True,16,5,1424,0.965666,7.22739,0,0.0125296,1479 1478 1424 1425 -1
GCP,adapt_p60-00000000000001_a315-0_459_map.h5,7.09082,10,95,732,30.000000:315.000000,1346,False,132,4,1286,0.403656,5.67045,0,0.0137263,1156 1285 1286 -1
GCP,adapt_p35-659087696138755_a315-0_135_map.h5,7.80818,10,182,745,54.340912:315.000000,1605,True,21,5,1646,0.857849,7.50523,0,0.0126169,1645 1646 1647 1605 -1
GCP,adapt_p70-52877936550931_a56-24999999999999_422_map.h5,6.87826,10,572,1114,19.471220:56.250000,1177,True,12,5,1177,0.99736,5.85406,0,0.012531,1241 1241 1178 1177 -1
GCP,adapt_p80-40593177313954_a22-5_559_map.h5,8.78587,10,86,407,9.594069:22.500000,1038,False,24,5,903,0.722368,7.96222,0,0.0129474,972 970 903 902 -1
GCP,adapt_p23-556464309101234_a202-5_149_map.h5,6.75663,10,275,1095,66.443535:202.500000,1704,True,24,4,1703,0.616123,4.75157,0,0.0121783,1731 1703 1704 -1
GCP,adapt_p35-659087696138755_a255-00000000000003_415_map.h5,8.89223,10,497,392,54.340912:255.000000,1598,True,10,6,1639,0.998959,8.22632,0,0.0125605,1598 1598 1597 1639 1640 -1
GCP,adapt_p60-00000000000001_a0-0_343_map.h5,7.88735,10,505,786,30.000000:0.000000,1294,True,10,5,1294,0.985971,5.89269,0,0.0124483,1295 1295 1354 1294 -1
GCP,adapt_p35-659087696138755_a344-99999999999994_520_map.h5,7.83548,10,298,828,54.340912:345.000000,1609,True,17,5,1609,0.964519,7.23413,0,0.01234,1610 1609 1608 1649 -1
GCP,adapt_p48-18968510422141_a303-75_577_map.h5,7.888,10,508,780,41.810314:303.750000,1510,False,10,5,1459,0.998065,5.79167,0,0.0127992,1403 1403 1459 1458 -1
GCP,adapt_p70-52877936550931_a213-75_521_map.h5,8.88448,10,553,365,19.471220:213.750000,1205,True,10,6,1268,0.997252,8.2567,0,0.0123148,1205 1205 1206 1269 1268 -1
GCP,adapt_p60-00000000000001_a224-99999999999997_485_map.h5,6.5674,10,200,1119,30.000000:225.000000,1331,False,52,4,1271,0.649065,5.53777,0,0.0124227,1330 1332 1271 -1
GCP,adapt_p35-659087696138755_a195-0_586_map.h5,8.51997,10,95,367,54.340912:195.000000,1590,False,62,5,1490,0.691049,7.7874,0,0.0128524,1379 1490 1541 1540 -1
GCP,adapt_p60-00000000000001_a247-49999999999997_491_map.h5,8.82552,10,217,388,30.000000:247.500000,1335,True,23,5,1335,0.891825,7.24651,0,0.0122495,1394 1393 1335 1336 -1
GCP,adapt_p80-40593177313954_a247-49999999999997_13_map.h5,8.87424,10,442,396,9.594069:247.500000,1080,True,11,6,1081,0.918681,8.27806,0,0.0125644,1146 1146 1147 1081 1080 -1
GCP,adapt_p35-659087696138755_a255-00000000000003_491_map.h5,7.88828,10,572,741,54.340912:255.000000,1598,True,9,5,1598,0.99277,7.66205,0,0.0124994,1599 1598 1553 1599 -1
GCP,adapt_p48-18968510422141_a326-24999999999994_462_map.h5,6.81315,10,496,1117,41.810314:326.250000,1514,False,22,4,1405,0.849361,4.8903,0,0.0126661,1348 1405 1461 -1
GCP,adapt_p35-659087696138755_a135-0_286_map.h5,5.50303,10,96,1476,54.340912:135.000000,1583,True,52,4,1486,0.604864,5.3042,0,0.0127918,1583 1486 1433 -1
GCP,adapt_p23-556464309101234_a202-5_35_map.h5,8.44578,10,196,355,66.443535:202.500000,1704,False,84,4,1731,0.353606,6.73973,0,0.0130433,1777 1731 1703 -1
GCP,adapt_p48-18968510422141_a146-25_248_map.h5,5.46621,10,129,1395,41.810314:146.250000,1488,False,72,3,1330,0.243444,3.16131,0,0.0125769,1204 1330 -1
GCP,adapt_p35-659087696138755_a224-99999999999997_192_map.h5,8.89753,10,541,374,54.340912:225.000000,1594,True,10,6,1636,0.999957,8.51009,0,0.012268,1594 1594 1635 1636 1637 -1
GCP,adapt_p35-659087696138755_a344-99999999999994_510_map.h5,8.11412,10,25,405,54.340912:345.000000,1609,False,130,4,1467,0.573564,7.04085,0,0.0136562,1229 1467 1520 -1
GCP,adapt_p35-659087696138755_a14-999999999999998_194_map.h5,5.83675,10,401,1517,54.340912:15.000000,1568,False,17,4,1613,0.76895,4.80319,0,0.0130441,1614 1613 1569 -1
GCP,adapt_p35-659087696138755_a195-0_89_map.h5,8.89234,10,644,410,54.340912:195.000000,1590,True,9,6,1590,0.999861,8.25201,0,0.0124779,1633 1633 1632 1590 1591 -1
GCP,adapt_p60-00000000000001_a292-5_96_map.h5,8.88554,10,497,387,30.000000:292.500000,1343,True,10,6,1343,0.999861,8.24599,0,0.0122854,1281 1281 1282 1343 1342 -1
GCP,adapt_p60-00000000000001_a315-0_383_map.h5,8.89686,10,541,381,30.000000:315.000000,1346,True,8,6,1404,0.999924,8.27481,0,0.0129227,1346 1346 1347 1405 1404 -1
GCP,adapt_p11-715852394892384_a225-0_512_map.h5,7.86872,10,429,763,78.284149:225.000000,1774,True,16,5,1774,0.928524,7.25423,0,0.0121133,1775 1757 1756 1774 -1
GCP,adapt_p60-00000000000001_a315-0_162_map.h5,8.82917,10,200,388,30.000000:315.000000,1346,False,20,5,1347,0.89277,7.33535,0,0.0126312,1405 1348 1347 1286 -1
GCP,adapt_p60-00000000000001_a0-0_395_map.h5,8.86985,10,435,367,30.000000:0.000000,1294,True,15,6,1294,0.989561,8.3353,0,0.0129546,1353 1353 1411 1354 1294 -1
GCP,adapt_p35-659087696138755_a135-0_427_map.h5,6.51849,10,37,791,54.340912:135.000000,1583,False,218,2,1252,0,0.016765,0,0.016765,942 -1
GCP,adapt_p48-18968510422141_a11-25_3_map.h5,6.88205,10,541,1128,41.810314:11.250000,1468,True,12,5,1413,0.999858,5.8523,0,0.0127678,1468 1468 1414 1413 -1
GCP,adapt_p80-40593177313954_a292-5_162_map.h5,5.53009,10,139,1433,9.594069:292.500000,1088,False,61,3,1215,0.296956,3.42438,0,0.0127059,1337 1215 -1
GCP,adapt_p80-40593177313954_a22-5_290_map.h5,3.55751,10,121,1491,9.594069:22.500000,1038,False,351,2,1427,0,0.0239355,0,0.0239355,1536 -1
GCP,adapt_p11-715852394892384_a135-0_594_map.h5,8.88073,10,403,371,78.284149:135.000000,1770,False,13,6,1752,0.993982,8.20689,0,0.0120656,1771 1771 1753 1752 1728 -1
GCP,adapt_p48-18968510422141_a258-75_306_map.h5,8.58417,10,114,387,41.810314:258.750000,1504,True,60,5,1505,0.683644,7.74565,0,0.012646,1640 1554 1504 1505 -1
GCP,adapt_p48-18968510422141_a191-25_317_map.h5,6.31783,10,164,1166,41.810314:191.250000,1494,False,91,4,1540,0.559944,5.38132,0,0.0129795,1628 1540 1541 -1
GCP,adapt_p70-52877936550931_a258-75_286_map.h5,8.88652,10,526,363,19.471220:258.750000,1213,True,10,5,1213,0.984072,7.59946,0,0.0122896,1212 1213 1276 1212 -1
GCP,adapt_p23-556464309101234_a22-5_231_map.h5,7.88721,10,563,797,66.443535:22.500000,1689,True,9,5,1688,0.932885,5.76296,0,0.0125733,1719 1719 1689 1688 -1
GCP,adapt_p35-659087696138755_a224-99999999999997_572_map.h5,8.87153,10,358,393,54.340912:225.000000,1594,True,11,6,1594,0.998978,8.19724,0,0.012291,1636 1636 1637 1595 1594 -1
GCP,adapt_p48-18968510422141_a326-24999999999994_537_map.h5,8.81528,10,196,355,41.810314:326.250000,1514,False,23,5,1461,0.915114,7.75452,0,0.0125094,1406 1513 1461 1460 -1
GCP,adapt_p60-00000000000001_a180-0_112_map.h5,5.78002,10,255,1555,30.000000:180.000000,1324,True,26,4,1382,0.802675,4.79814,0,0.0128003,1324 1382 1439 -1
GCP,adapt_p70-52877936550931_a348-74999999999994_316_map.h5,8.90372,10,711,348,19.471220:348.750000,1229,True,7,6,1229,0.999947,8.33477,0,0.0120866,1230 1230 1229 1164 1165 -1
GCP,adapt_p23-556464309101234_a22-5_178_map.h5,8.74908,10,151,380,66.443535:22.500000,1689,False,34,5,1688,0.742257,7.18344,0,0.0126825,1718 1688 1652 1651 -1
GCP,adapt_p23-556464309101234_a157-5_578_map.h5,8.83197,10,228,423,66.443535:157.500000,1701,False,18,5,1699,0.895798,7.18291,0,0.0128171,1664 1699 1698 1727 -1
GCP,adapt_p23-556464309101234_a22-5_4_map.h5,7.88249,10,630,750,66.443535:22.500000,1689,True,12,5,1719,0.999274,7.33512,0,0.012306,1720 1719 1689 1720 -1
GCP,adapt_p11-715852394892384_a225-0_270_map.h5,5.87374,10,509,1462,78.284149:225.000000,1774,True,11,5,1774,0.970736,5.77349,0,0.0120866,1757 1757 1756 1774 -1
GCP,adapt_p48-18968510422141_a258-75_582_map.h5,7.83096,10,350,771,41.810314:258.750000,1504,False,17,5,1451,0.960417,7.27257,0,0.0128422,1502 1503 1451 1450 -1
GCP,adapt_p35-659087696138755_a75-0_539_map.h5,8.85931,10,305,362,54.340912:75.000000,1576,True,14,6,1576,0.994869,8.25679,0,0.0125024,1530 1530 1529 1576 1575 -1
GCP,adapt_p35-659087696138755_a224-99999999999997_401_map.h5,5.85267,10,450,1488,54.340912:225.000000,1594,True,14,5,1593,0.936008,5.77923,0,0.0121303,1549 1549 1594 1593 -1
GCP,adapt_p60-00000000000001_a45-0_561_map.h5,8.90654,10,744,394,30.000000:45.000000,1301,True,6,6,1301,0.999999,8.27124,0,0.0122519,1302 1302 1301 1360 1361 -1
GCP,adapt_p60-00000000000001_a22-5_285_map.h5,7.88224,10,545,724,30.000000:22.500000,1298,True,11,5,1298,0.996249,5.8599,0,0.0125464,1357 1357 1298 1297 -1
GCP,adapt_p48-18968510422141_a348-74999999999994_122_map.h5,5.8629,10,455,1457,41.810314:348.750000,1517,True,15,4,1518,0.782638,4.86723,0,0.012892,1517 1518 1466 -1
GCP,adapt_p35-659087696138755_a14-999999999999998_486_map.h5,6.84063,10,446,1100,54.340912:15.000000,1568,False,18,4,1613,0.847823,4.78753,0,0.012162,1651 1652 1613 -1
GCP,adapt_p70-52877936550931_a168-74999999999997_236_map.h5,5.59327,10,180,1399,19.471220:168.750000,1197,False,55,4,1130,0.423145,5.36407,0,0.0125532,1132 1196 1130 -1
GCP,adapt_p23-556464309101234_a337-5_37_map.h5,6.88757,10,591,1124,66.443535:337.500000,1716,True,10,4,1716,0.979542,4.76098,0,0.012227,1685 1684 1716 -1
GCP,adapt_p60-00000000000001_a202-49999999999997_282_map.h5,7.89156,10,600,771,30.000000:202.500000,1328,False,10,5,1327,0.995209,5.81103,0,0.0122271,1265 1265 1327 1326 -1
GCP,adapt_p35-659087696138755_a135-0_309_map.h5,8.81859,10,279,332,54.340912:135.000000,1583,False,21,5,1581,0.868825,7.13896,0,0.0122138,1535 1581 1624 1625 -1
GCP,adapt_p80-40593177313954_a90-0_44_map.h5,6.8343,10,292,1109,9.594069:90.000000,1051,True,18,5,1051,0.927534,5.91805,0,0.0125086,1050 1050 1051 1052 -1
GCP,adapt_p70-52877936550931_a258-75_526_map.h5,7.82764,10,354,808,19.471220:258.750000,1213,True,18,5,1214,0.889028,7.26137,0,0.0121643,1150 1215 1214 1213 -1
GCP,adapt_p48-18968510422141_a213-75_365_map.h5,7.76748,10,154,782,41.810314:213.750000,1497,False,25,5,1446,0.849279,7.2207,0,0.0123321,1498 1445 1446 1389 -1
GCP,adapt_p60-00000000000001_a45-0_15_map.h5,6.8666,10,416,1111,30.000000:45.000000,1301,True,12,4,1301,0.938054,4.83188,0,0.012192,1302 1301 1360 -1
GCP,adapt_p60-00000000000001_a247-49999999999997_454_map.h5,6.86468,10,506,1145,30.000000:247.500000,1335,True,12,5,1335,0.989245,5.90258,0,0.0131257,1273 1273 1334 1335 -1
GCP,adapt_p60-00000000000001_a45-0_516_map.h5,6.85003,10,360,1021,30.000000:45.000000,1301,False,14,5,1303,0.915939,5.8206,0,0.0127723,1362 1362 1303 1302 -1
GCP,adapt_p80-40593177313954_a90-0_161_map.h5,5.71502,10,294,1504,9.594069:90.000000,1051,False,33,4,1118,0.638685,4.82469,0,0.0127793,1053 1119 1118 -1
GCP,adapt_p80-40593177313954_a270-0_466_map.h5,6.80333,10,621,1132,9.594069:270.000000,1084,False,22,4,1087,0.554251,5.3808,0,0.0124608,1217 1086 1087 -1
GCP,adapt_p70-52877936550931_a123-74999999999999_204_map.h5,6.87151,10,597,1150,19.471220:123.750000,1189,True,13,4,1189,0.720753,4.96017,0,0.0122852,1252 1189 1253 -1
GCP,adapt_p70-52877936550931_a281-24999999999994_315_map.h5,7.89703,10,704,740,19.471220:281.250000,1217,True,9,5,1217,0.999607,5.81087,0,0.0127581,1152 1152 1217 1218 -1
GCP,adapt_p60-00000000000001_a270-0_343_map.h5,6.72421,10,299,1085,30.000000:270.000000,1339,False,33,4,1337,0.659427,4.80379,0,0.0125913,1395 1337 1338 -1
GCP,adapt_p35-659087696138755_a344-99999999999994_107_map.h5,7.8956,10,618,754,54.340912:345.000000,1609,True,8,5,1609,0.999489,5.88894,0,0.0122124,1608 1608 1649 1609 -1
GCP,adapt_p80-40593177313954_a292-5_212_map.h5,4.71441,10,280,1832,9.594069:292.500000,1088,True,33,3,1088,0.433274,2.53493,0,0.012392,1153 1088 -1
GCP,adapt_p48-18968510422141_a191-25_75_map.h5,6.13879,10,117,1167,41.810314:191.250000,1494,False,131,3,1441,0.136575,5.84598,0,0.0140172,1075 1441 -1
GCP,adapt_p48-18968510422141_a191-25_343_map.h5,5.35615,10,102,1447,41.810314:191.250000,1494,False,89,3,1630,0.377644,3.41068,0,0.0136698,1492 1630 -1
GCP,adapt_p80-40593177313954_a67-5_36_map.h5,5.49832,10,96,1576,9.594069:67.500000,1047,False,59,4,1113,0.484192,5.39004,0,0.0124989,1242 1113 1114 -1
GCP,adapt_p48-18968510422141_a11-25_357_map.h5,8.54403,10,94,350,41.810314:11.250000,1468,True,65,5,1468,0.538883,8.17904,0,0.0127785,1610 1468 1520 1521 -1
GCP,adapt_p80-40593177313954_a135-0_537_map.h5,2.54963,10,72,1848,9.594069:135.000000,1059,False,351,2,1062,0,0.024025,0,0.024025,1261 -1
GCP,adapt_p48-18968510422141_a123-74999999999999_501_map.h5,7.87621,10,413,780,41.810314:123.750000,1484,True,13,5,1484,0.960782,7.22037,0,0.0125776,1536 1535 1484 1485 -1
GCP,adapt_p70-52877936550931_a11-25_566_map.h5,6.88252,10,569,1124,19.471220:11.250000,1169,True,8,5,1102,0.985676,5.88472,0,0.012261,1169 1169 1103 1102 -1
GCP,adapt_p80-40593177313954_a45-0_312_map.h5,8.83762,10,281,412,9.594069:45.000000,1042,True,17,6,1043,0.969066,8.3515,0,0.0121933,976 976 1043 975 1042 -1
GCP,adapt_p35-659087696138755_a135-0_65_map.h5,8.83656,10,310,401,54.340912:135.000000,1583,True,18,6,1582,0.935558,8.19771,0,0.0122469,1626 1626 1625 1582 1583 -1
GCP,adapt_p60-00000000000001_a315-0_78_map.h5,8.85351,10,279,329,30.000000:315.000000,1346,True,16,5,1347,0.837225,7.51389,0,0.0123089,1348 1347 1346 1286 -1
GCP,adapt_p80-40593177313954_a22-5_187_map.h5,8.66743,10,166,312,9.594069:22.500000,1038,True,45,5,1038,0.591041,7.3668,0,0.0123812,1104 1038 1039 1106 -1
GCP,adapt_p48-18968510422141_a348-74999999999994_552_map.h5,7.77048,10,174,709,41.810314:348.750000,1517,False,29,5,1465,0.86808,7.24065,0,0.0123195,1409 1465 1464 1516 -1
GCP,adapt_p35-659087696138755_a135-0_307_map.h5,7.75696,10,168,750,54.340912:135.000000,1583,False,32,5,1627,0.810431,7.39341,0,0.0128431,1582 1626 1627 1584 -1
GCP,adapt_p23-556464309101234_a112-5_293_map.h5,6.89008,10,581,1070,66.443535:112.500000,1697,True,11,5,1697,0.998019,5.75579,0,0.0127206,1726 1726 1697 1698 -1
GCP,adapt_p35-659087696138755_a255-00000000000003_375_map.h5,7.89743,10,799,743,54.340912:255.000000,1598,True,8,5,1640,0.999869,7.3259,0,0.0123659,1639 1640 1598 1639 -1
GCP,adapt_p48-18968510422141_a326-24999999999994_288_map.h5,7.67333,10,259,723,41.810314:326.250000,1514,False,40,4,1609,0.580364,5.92539,0,0.0124854,1513 1608 1609 -1
GCP,adapt_p70-52877936550931_a213-75_455_map.h5,5.17208,10,126,1124,19.471220:213.750000,1205,False,281,3,1331,0.126842,4.34813,0,0.0195875,1009 1331 -1
GCP,adapt_p23-556464309101234_a22-5_128_map.h5,6.8815,10,605,1158,66.443535:22.500000,1689,True,10,4,1689,0.962974,4.76029,0,0.012289,1690 1689 1653 -1
GCP,adapt_p48-18968510422141_a326-24999999999994_356_map.h5,8.76851,10,191,370,41.810314:326.250000,1514,True,27,5,1513,0.795274,7.21017,0,0.0122897,1561 1562 1513 1514 -1
GCP,adapt_p48-18968510422141_a101-24999999999999_249_map.h5,6.82643,10,335,1100,41.810314:101.250000,1481,True,20,4,1481,0.79319,4.83513,0,0.0123765,1426 1427 1481 -1
GCP,adapt_p60-00000000000001_a112-49999999999999_31_map.h5,8.83459,10,192,400,30.000000:112.500000,1313,True,19,6,1312,0.964095,8.61127,0,0.0122046,1371 1371 1311 1312 1313 -1
GCP,adapt_p80-40593177313954_a180-0_384_map.h5,6.84235,10,444,1095,9.594069:180.000000,1067,True,14,5,1067,0.955644,5.91801,0,0.0124673,1068 1068 1067 1066 -1
GCP,adapt_p23-556464309101234_a22-5_95_map.h5,5.85969,10,397,1514,66.443535:22.500000,1689,True,13,4,1689,0.938774,4.76112,0,0.0131209,1690 1689 1653 -1
GCP,adapt_p35-659087696138755_a315-0_483_map.h5,7.82255,10,261,785,54.340912:315.000000,1605,True,23,5,1646,0.900154,7.11643,0,0.0122398,1683 1647 1646 1605 -1
GCP,adapt_p70-52877936550931_a146-25_505_map.h5,7.87083,10,533,759,19.471220:146.250000,1193,True,13,5,1193,0.966657,7.30691,0,0.0129819,1127 1128 1194 1193 -1
GCP,adapt_p80-40593177313954_a22-5_499_map.h5,8.8689,10,420,356,9.594069:22.500000,1038,True,13,6,1038,0.995978,8.37283,0,0.0119557,1039 1039 1038 970 971 -1
GCP,adapt_p23-556464309101234_a337-5_251_map.h5,7.86288,10,416,708,66.443535:337.500000,1716,True,13,5,1742,0.986883,7.14781,0,0.0129215,1717 1716 1742 1741 -1
GCP,adapt_p35-659087696138755_a255-00000000000003_328_map.h5,8.79084,10,234,360,54.340912:255.000000,1598,True,27,5,1598,0.901654,7.22546,0,0.0129913,1638 1639 1597 1598 -1
GCP,adapt_p35-659087696138755_a105-0_560_map.h5,6.81844,10,253,1164,54.340912:105.000000,1579,False,19,4,1622,0.627424,4.84065,0,0.0123728,1621 1622 1623 -1
GCP,adapt_p80-40593177313954_a247-49999999999997_566_map.h5,8.74552,10,220,359,9.594069:247.500000,1080,True,33,5,1080,0.745987,8.17876,0,0.0132834,1147 1012 1080 1013 -1
GCP,adapt_p60-00000000000001_a337-49999999999994_331_map.h5,8.70252,10,125,347,30.000000:337.500000,1350,True,39,5,1350,0.903234,8.16234,0,0.0122631,1348 1408 1350 1351 -1
GCP,adapt_p80-40593177313954_a202-49999999999997_41_map.h5,7.86625,10,438,746,9.594069:202.500000,1072,True,15,5,1138,0.955558,7.25916,0,0.0125713,1073 1072 1138 1139 -1
GCP,adapt_p80-40593177313954_a180-0_99_map.h5,6.7841,10,420,1110,9.594069:180.000000,1067,True,18,4,1000,0.725439,4.90461,0,0.0127163,999 1067 1000 -1
GCP,adapt_p23-556464309101234_a202-5_432_map.h5,6.8365,10,328,1097,66.443535:202.500000,1704,True,16,4,1704,0.864046,4.77562,0,0.0123062,1703 1704 1732 -1
GCP,adapt_p80-40593177313954_a247-49999999999997_292_map.h5,7.75416,10,338,762,9.594069:247.500000,1080,True,31,5,1080,0.739809,7.37005,0,0.0126383,1078 1079 1080 1081 -1
GCP,adapt_p60-00000000000001_a292-5_127_map.h5,8.5502,10,129,358,30.000000:292.500000,1343,False,59,5,1281,0.540151,7.41705,0,0.0125884,1399 1342 1281 1280 -1
GCP,adapt_p48-18968510422141_a168-74999999999997_371_map.h5,6.32934,10,222,1190,41.810314:168.750000,1491,False,81,3,1540,0.165722,4.29555,0,0.0134547,1590 1540 -1
GCP,adapt_p48-18968510422141_a56-24999999999999_138_map.h5,6.76434,10,239,1138,41.810314:56.250000,1475,True,27,4,1475,0.621001,4.86491,0,0.0124508,1476 1475 1474 -1
GCP,adapt_p23-556464309101234_a247-49999999999997_491_map.h5,7.83899,10,380,741,66.443535:247.500000,1708,True,14,5,1709,0.950855,7.14721,0,0.0128048,1675 1676 1709 1708 -1
GCP,adapt_p35-659087696138755_a135-0_324_map.h5,7.88559,10,533,766,54.340912:135.000000,1583,True,10,5,1583,0.998332,5.77841,0,0.01222,1626 1626 1583 1582 -1
GCP,adapt_p80-40593177313954_a337-49999999999994_164_map.h5,6.80736,10,392,1117,9.594069:337.500000,1097,True,20,4,1097,0.841813,4.91057,0,0.0124118,1029 1097 1096 -1
GCP,adapt_p80-40593177313954_a0-0_392_map.h5,8.82953,10,229,385,9.594069:0.000000,1034,True,21,5,1034,0.860739,7.36599,0,0.0122728,968 967 1034 1033 -1
GCP,adapt_p60-00000000000001_a247-49999999999997_345_map.h5,8.89366,10,664,371,30.000000:247.500000,1335,True,7,6,1335,0.999999,8.24598,0,0.0131445,1393 1393 1394 1336 1335 -1
GCP,adapt_p70-52877936550931_a348-74999999999994_181_map.h5,6.86849,10,537,1124,19.471220:348.750000,1229,True,13,4,1230,0.887794,4.92084,0,0.012315,1166 1230 1229 -1
GCP,adapt_p60-00000000000001_a224-99999999999997_562_map.h5,5.7014,10,307,1475,30.000000:225.000000,1331,False,41,4,1389,0.680093,4.90048,0,0.012399,1498 1446 1389 -1
GCP,adapt_p48-18968510422141_a146-25_236_map.h5,8.63232,10,161,353,41.810314:146.250000,1488,False,49,5,1538,0.7883,8.30584,0,0.0125066,1490 1487 1538 1537 -1
GCP,adapt_p60-00000000000001_a202-49999999999997_598_map.h5,7.87654,10,485,735,30.000000:202.500000,1328,True,12,5,1327,0.961567,5.8698,0,0.0122477,1385 1385 1327 1328 -1
GCP,adapt_p23-556464309101234_a112-5_105_map.h5,7.89114,10,750,758,66.443535:112.500000,1697,True,8,5,1697,0.807401,5.97071,0,0.0126461,1726 1726 1697 1725 -1
GCP,adapt_p48-18968510422141_a281-24999999999994_237_map.h5,6.87956,10,465,1092,41.810314:281.250000,1507,False,10,4,1456,0.80042,4.79208,0,0.0122376,1455 1456 1508 -1
GCP,adapt_p11-715852394892384_a135-0_587_map.h5,6.55676,10,181,1127,78.284149:135.000000,1770,False,65,4,1753,0.458902,5.46585,0,0.0130347,1795 1771 1753 -1
GCP,adapt_p35-659087696138755_a75-0_134_map.h5,7.75347,10,219,762,54.340912:75.000000,1576,True,31,5,1575,0.787135,7.28706,0,0.0123376,1530 1576 1575 1619 -1
GCP,adapt_p60-00000000000001_a202-49999999999997_134_map.h5,7.89452,10,787,807,30.000000:202.500000,1328,True,10,5,1328,0.999343,7.40159,0,0.0122732,1327 1328 1266 1327 -1
GCP,adapt_p48-18968510422141_a123-74999999999999_418_map.h5,6.85925,10,475,1137,41.810314:123.750000,1484,True,12,4,1483,0.804561,4.87977,0,0.0125419,1430 1484 1483 -1
GCP,adapt_p35-659087696138755_a255-00000000000003_413_map.h5,8.82726,10,294,437,54.340912:255.000000,1598,True,20,5,1598,0.972129,7.23434,0,0.0125541,1599 1598 1597 1639 -1
GCP,adapt_p11-715852394892384_a135-0_231_map.h5,7.87954,10,485,713,78.284149:135.000000,1770,True,12,5,1770,0.905195,7.20382,0,0.0122421,1752 1751 1770 1752 -1
GCP,adapt_p35-659087696138755_a105-0_77_map.h5,6.7763,10,524,1123,54.340912:105.000000,1579,True,10,5,1579,0.996949,5.82661,0,0.0124757,1533 1533 1579 1580 -1
GCP,adapt_p48-18968510422141_a281-24999999999994_113_map.h5,5.83021,10,434,1510,41.810314:281.250000,1507,True,17,4,1507,0.750627,4.79033,0,0.0126101,1508 1507 1455 -1
GCP,adapt_p70-52877936550931_a213-75_140_map.h5,5.39452,10,85,1520,19.471220:213.750000,1205,False,82,3,1447,0.212315,3.00104,0,0.0132685,1333 1447 -1
GCP,adapt_p35-659087696138755_a75-0_273_map.h5,6.82686,10,153,1140,54.340912:75.000000,1576,False,17,4,1620,0.787401,4.89103,0,0.0129525,1619 1620 1577 -1
GCP,adapt_p60-00000000000001_a22-5_300_map.h5,7.8766,10,587,709,30.000000:22.500000,1298,True,11,5,1298,0.986962,5.85955,0,0.0121993,1357 1357 1298 1297 -1
GCP,adapt_p35-659087696138755_a315-0_534_map.h5,6.87954,10,615,1091,54.340912:315.000000,1605,True,9,4,1605,0.934005,4.7776,0,0.0122431,1606 1605 1646 -1
GCP,adapt_p35-659087696138755_a315-0_51_map.h5,6.62641,10,189,1126,54.340912:315.000000,1605,False,50,4,1604,0.522013,5.53718,0,0.0134009,1647 1604 1603 -1
GCP,adapt_p35-659087696138755_a135-0_154_map.h5,7.7909,10,213,765,54.340912:135.000000,1583,True,27,5,1583,0.882524,7.12076,0,0.0128947,1486 1537 1583 1584 -1
GCP,adapt_p80-40593177313954_a67-5_103_map.h5,8.55899,10,142,341,9.594069:67.500000,1047,False,56,3,907,0.580586,6.89655,0,0.0128292,1117 907 -1
GCP,adapt_p35-659087696138755_a165-0_515_map.h5,5.22649,10,142,1452,54.340912:165.000000,1587,False,109,4,1337,0.607285,5.19948,0,0.0133574,1450 1395 1337 -1
GCP,adapt_p48-18968510422141_a236-25_389_map.h5,6.72844,10,259,1112,41.810314:236.250000,1501,True,34,4,1500,0.574946,4.86483,0,0.0123698,1502 1501 1500 -1
GCP,adapt_p80-40593177313954_a247-49999999999997_103_map.h5,8.87671,10,522,390,9.594069:247.500000,1080,True,12,6,1079,0.999179,8.27865,0,0.0130877,1145 1145 1079 1080 1081 -1
GCP,adapt_p80-40593177313954_a337-49999999999994_594_map.h5,8.88083,10,565,388,9.594069:337.500000,1097,True,9,6,1096,0.99594,8.33794,0,0.0129826,1161 1161 1162 1096 1097 -1
GCP,adapt_p60-00000000000001_a45-0_195_map.h5,6.82857,10,146,1147,30.000000:45.000000,1301,False,20,4,1239,0.67572,4.80019,0,0.0122478,1240 1239 1302 -1
GCP,adapt_p23-556464309101234_a292-5_279_map.h5,6.86864,10,352,1150,66.443535:292.500000,1712,True,12,5,1712,0.992622,5.78886,0,0.0121596,1739 1739 1713 1712 -1
GCP,adapt_p60-00000000000001_a112-49999999999999_545_map.h5,8.82751,10,328,426,30.000000:112.500000,1313,True,19,5,1313,0.926061,7.25533,0,0.0122786,1314 1313 1312 1371 -1
GCP,adapt_p70-52877936550931_a146-25_144_map.h5,7.88565,10,570,707,19.471220:146.250000,1193,True,10,5,1193,0.995309,5.84907,0,0.0121327,1127 1127 1193 1192 -1
GCP,adapt_p80-40593177313954_a224-99999999999997_506_map.h5,7.85005,10,669,735,9.594069:225.000000,1076,False,13,5,1143,0.99035,7.18479,0,0.0127552,1207 1142 1143 1077 -1
GCP,adapt_p60-00000000000001_a337-49999999999994_459_map.h5,7.87428,10,505,760,30.000000:337.500000,1350,True,12,5,1408,0.956679,5.85338,0,0.0125333,1350 1350 1408 1409 -1
GCP,adapt_p48-18968510422141_a191-25_86_map.h5,7.79516,10,178,779,41.810314:191.250000,1494,False,24,5,1440,0.851188,7.13226,0,0.0126241,1382 1439 1440 1493 -1
GCP,adapt_p60-00000000000001_a135-0_73_map.h5,4.7436,10,163,1913,30.000000:135.000000,1316,True,32,3,1316,0.479027,2.85164,0,0.0122074,1255 1316 -1
GCP,adapt_p60-00000000000001_a202-49999999999997_500_map.h5,6.83604,10,448,1146,30.000000:202.500000,1328,True,18,4,1328,0.832856,4.8109,0,0.0127696,1265 1327 1328 -1
GCP,adapt_p60-00000000000001_a180-0_436_map.h5,8.52033,10,107,385,30.000000:180.000000,1324,True,62,5,1323,0.76106,7.82448,0,0.0124706,1438 1322 1323 1324 -1
GCP,adapt_p80-40593177313954_a90-0_502_map.h5,6.86642,10,504,1106,9.594069:90.000000,1051,True,12,5,1118,0.954023,5.93307,0,0.0123749,1052 1052 1118 1051 -1
GCP,adapt_p48-18968510422141_a281-24999999999994_22_map.h5,6.76156,10,192,1126,41.810314:281.250000,1507,False,29,4,1508,0.669878,4.96021,0,0.012239,1559 1558 1508 -1
GCP,adapt_p80-40593177313954_a90-0_328_map.h5,8.89721,10,688,383,9.594069:90.000000,1051,True,7,6,1051,0.999506,8.35191,0,0.0125995,1050 1050 983 1051 984 -1
GCP,adapt_p80-40593177313954_a247-49999999999997_599_map.h5,7.88241,10,410,761,9.594069:247.500000,1080,True,13,5,1081,0.985949,7.35082,0,0.0124025,1014 1081 1013 1080 -1
GCP,adapt_p48-18968510422141_a348-74999999999994_529_map.h5,7.7442,10,217,796,41.810314:348.750000,1517,True,31,5,1517,0.836144,7.28358,0,0.0126235,1464 1516 1565 1517 -1
GCP,adapt_p35-659087696138755_a105-0_283_map.h5,8.85761,10,267,381,54.340912:105.000000,1579,False,13,6,1623,0.988822,8.20321,0,0.0121923,1662 1662 1661 1623 1624 -1
GCP,adapt_p23-556464309101234_a337-5_82_map.h5,6.82702,10,496,1117,66.443535:337.500000,1716,False,17,4,1715,0.662168,4.69695,0,0.0127872,1683 1715 1741 -1
GCP,adapt_p23-556464309101234_a22-5_429_map.h5,8.9001,10,784,377,66.443535:22.500000,1689,True,10,6,1689,0.999862,8.30933,0,0.0126938,1690 1690 1653 1689 1719 -1
GCP,adapt_p70-52877936550931_a146-25_69_map.h5,8.89746,10,783,347,19.471220:146.250000,1193,True,9,6,1192,0.995857,8.25391,0,0.0123372,1255 1255 1256 1193 1192 -1
GCP,adapt_p60-00000000000001_a202-49999999999997_155_map.h5,6.86043,10,311,1112,30.000000:202.500000,1328,False,13,4,1327,0.900712,4.86854,0,0.0123686,1385 1327 1326 -1
GCP,adapt_p80-40593177313954_a224-99999999999997_430_map.h5,5.84347,10,348,1442,9.594069:225.000000,1076,True,18,4,1077,0.876968,4.91079,0,0.0123896,1010 1077 1076 -1
GCP,adapt_p48-18968510422141_a236-25_28_map.h5,8.82061,10,223,346,41.810314:236.250000,1501,False,20,5,1449,0.953743,7.33196,0,0.0121863,1450 1449 1448 1392 -1
GCP,adapt_p60-00000000000001_a112-49999999999999_353_map.h5,6.85652,10,474,1164,30.000000:112.500000,1313,True,14,4,1372,0.906412,4.81052,0,0.0122639,1314 1313 1372 -1
GCP,adapt_p48-18968510422141_a191-25_16_map.h5,6.80021,10,373,1167,41.810314:191.250000,1494,False,21,4,1546,0.572234,4.91957,0,0.0125762,1547 1592 1546 -1
GCP,adapt_p80-40593177313954_a22-5_519_map.h5,5.68972,10,255,1475,9.594069:22.500000,1038,True,41,4,1104,0.557338,5.53007,0,0.0131067,1235 1104 1038 -1
GCP,adapt_p48-18968510422141_a191-25_381_map.h5,7.80659,10,264,755,41.810314:191.250000,1494,True,25,5,1442,0.887223,7.37717,0,0.0122179,1386 1442 1441 1494 -1
GCP,adapt_p48-18968510422141_a11-25_117_map.h5,6.82925,10,321,1145,41.810314:11.250000,1468,True,18,5,1468,0.795712,5.86222,0,0.0125585,1413 1413 1467 1468 -1
GCP,adapt_p60-00000000000001_a337-49999999999994_315_map.h5,6.86258,10,464,1196,30.000000:337.500000,1350,True,14,4,1350,0.894318,4.86194,0,0.0122223,1351 1350 1408 -1
GCP,adapt_p35-659087696138755_a255-00000000000003_283_map.h5,6.88649,10,633,1120,54.340912:255.000000,1598,True,9,4,1598,0.969084,4.82457,0,0.0122991,1639 1640 1598 -1
GCP,adapt_p80-40593177313954_a270-0_447_map.h5,7.8086,10,264,705,9.594069:270.000000,1084,False,23,4,1085,0.829068,5.40982,0,0.0121996,1149 1085 1151 -1
GCP,adapt_p48-18968510422141_a258-75_423_map.h5,7.78943,10,285,732,41.810314:258.750000,1504,True,25,5,1504,0.856279,7.27079,0,0.0123988,1552 1553 1554 1504 -1
GCP,adapt_p70-52877936550931_a258-75_396_map.h5,8.87465,10,480,380,19.471220:258.750000,1213,True,12,6,1213,0.960605,8.36277,0,0.0121379,1214 1214 1148 1213 1276 -1
GCP,adapt_p23-556464309101234_a67-5_376_map.h5,7.7314,10,163,752,66.443535:67.500000,1693,False,39,5,1722,0.797402,7.26722,0,0.0124224,1657 1692 1722 1721 -1
GCP,adapt_p11-715852394892384_a225-0_204_map.h5,5.42095,10,109,1495,78.284149:225.000000,1774,False,81,4,1787,0.326816,5.26471,0,0.0128509,1791 1788 1787 -1
GCP,adapt_p60-00000000000001_a135-0_292_map.h5,8.89626,10,621,373,30.000000:135.000000,1316,True,9,6,1317,0.999818,8.29632,0,0.0125427,1254 1254 1255 1317 1316 -1
GCP,adapt_p80-40593177313954_a0-0_101_map.h5,5.72161,10,91,1157,9.594069:0.000000,1034,False,172,4,1165,0.597321,5.51588,0,0.016071,1102 1166 1165 -1
GCP,adapt_p80-40593177313954_a180-0_36_map.h5,7.45468,10,143,739,9.594069:180.000000,1067,False,75,5,1261,0.61504,7.22554,0,0.0131295,1132 1198 1261 1262 -1
GCP,adapt_p80-40593177313954_a22-5_46_map.h5,7.88662,10,528,784,9.594069:22.500000,1038,True,11,5,1038,0.986523,5.91772,0,0.0121717,1037 1037 1038 1039 -1
GCP,adapt_p70-52877936550931_a191-25_559_map.h5,8.86911,10,315,398,19.471220:191.250000,1201,True,14,6,1201,0.989823,8.35004,0,0.0126777,1136 1136 1135 1200 1201 -1
GCP,adapt_p60-00000000000001_a247-49999999999997_463_map.h5,7.83691,10,408,757,30.000000:247.500000,1335,True,16,5,1335,0.964646,7.34305,0,0.0128992,1274 1273 1334 1335 -1
GCP,adapt_p35-659087696138755_a165-0_375_map.h5,6.87308,10,610,1124,54.340912:165.000000,1587,True,10,5,1587,0.976529,5.88943,0,0.0127021,1586 1586 1629 1587 -1
GCP,adapt_p35-659087696138755_a135-0_55_map.h5,6.82831,10,382,1088,54.340912:135.000000,1583,True,20,4,1583,0.915276,4.77802,0,0.0124892,1537 1583 1582 -1
GCP,adapt_p48-18968510422141_a326-24999999999994_163_map.h5,6.68481,10,298,1110,41.810314:326.250000,1514,False,35,4,1562,0.637255,5.3741,0,0.0129862,1560 1562 1513 -1
GCP,adapt_p70-52877936550931_a101-24999999999999_590_map.h5,6.22273,10,121,1179,19.471220:101.250000,1185,False,102,4,1135,0.628099,6.06934,0,0.0130822,999 1135 1136 -1
GCP,adapt_p35-659087696138755_a75-0_354_map.h5,7.87146,10,551,775,54.340912:75.000000,1576,True,9,5,1620,0.999294,5.82601,0,0.0123401,1576 1576 1620 1619 -1
GCP,adapt_p11-715852394892384_a315-0_105_map.h5,8.87861,10,505,397,78.284149:315.000000,1778,True,12,6,1762,0.998974,8.0377,0,0.0121923,1763 1763 1779 1778 1762 -1
GCP,adapt_p23-556464309101234_a337-5_448_map.h5,8.62496,10,130,378,66.443535:337.500000,1716,True,51,5,1716,0.619218,7.67141,0,0.0128458,1740 1742 1716 1684 -1
GCP,adapt_p80-40593177313954_a315-0_542_map.h5,8.79955,10,291,371,9.594069:315.000000,1093,False,22,5,1095,0.941675,7.38332,0,0.0122515,1160 1095 1027 1094 -1
GCP,adapt_p48-18968510422141_a258-75_129_map.h5,8.89147,10,576,392,41.810314:258.750000,1504,True,9,6,1452,0.999329,8.33032,0,0.0123241,1451 1451 1504 1452 1453 -1
GCP,adapt_p35-659087696138755_a285-0_380_map.h5,8.81138,10,460,339,54.340912:285.000000,1601,True,12,6,1602,0.997284,8.3038,0,0.0124322,1643 1643 1601 1602 1558 -1
GCP,adapt_p80-40593177313954_a0-0_172_map.h5,8.89159,10,495,377,9.594069:0.000000,1034,True,12,6,1100,0.999549,8.83114,0,0.012244,1033 1033 1099 1100 1034 -1
GCP,adapt_p70-52877936550931_a281-24999999999994_592_map.h5,7.84046,10,258,737,19.471220:281.250000,1217,True,19,5,1217,0.895812,7.2595,0,0.0123498,1216 1217 1152 1153 -1
GCP,adapt_p60-00000000000001_a180-0_491_map.h5,6.87001,10,512,1143,30.000000:180.000000,1324,True,12,5,1325,0.980235,5.80374,0,0.0127949,1263 1263 1325 1324 -1
GCP,adapt_p23-556464309101234_a292-5_39_map.h5,8.89242,10,805,391,66.443535:292.500000,1712,True,9,6,1712,0.999908,8.17299,0,0.0123789,1738 1738 1739 1713 1712 -1
GCP,adapt_p35-659087696138755_a315-0_28_map.h5,8.88243,10,465,339,54.340912:315.000000,1605,True,10,6,1605,0.999567,8.19799,0,0.0123625,1646 1646 1645 1604 1605 -1
GCP,adapt_p70-52877936550931_a11-25_568_map.h5,8.89554,10,637,354,19.471220:11.250000,1169,True,9,6,1169,0.992614,8.33358,0,0.0122634,1232 1232 1233 1170 1169 -1
GCP,adapt_p60-00000000000001_a45-0_431_map.h5,5.83566,10,366,1534,30.000000:45.000000,1301,False,16,4,1361,0.83473,4.79876,0,0.0131516,1419 1361 1360 -1
GCP,adapt_p48-18968510422141_a168-74999999999997_288_map.h5,7.86733,10,634,751,41.810314:168.750000,1491,True,10,5,1491,0.975202,5.85257,0,0.0124795,1541 1541 1491 1438 -1
GCP,adapt_p70-52877936550931_a11-25_362_map.h5,8.88861,10,447,410,19.471220:11.250000,1169,True,10,6,1169,0.998032,8.33895,0,0.0122183,1233 1233 1232 1169 1170 -1
GCP,adapt_p23-556464309101234_a247-49999999999997_418_map.h5,6.59622,10,81,1196,66.443535:247.500000,1708,False,56,4,1675,0.40141,4.98648,0,0.012608,1709 1675 1638 -1
GCP,adapt_p23-556464309101234_a157-5_424_map.h5,6.8116,10,372,1116,66.443535:157.500000,1701,False,20,4,1665,0.636317,5.01629,0,0.0122216,1628 1665 1699 -1
GCP,adapt_p48-18968510422141_a78-75_350_map.h5,6.87567,10,598,1115,41.810314:78.750000,1478,True,10,4,1478,0.960553,4.79238,0,0.0121389,1477 1478 1424 -1
GCP,adapt_p48-18968510422141_a303-75_4_map.h5,7.86358,10,489,765,41.810314:303.750000,1510,False,11,5,1460,0.986476,5.7949,0,0.0122034,1404 1404 1460 1459 -1
GCP,adapt_p80-40593177313954_a135-0_100_map.h5,6.85131,10,524,1091,9.594069:135.000000,1059,True,15,5,1059,0.861441,5.91153,0,0.0124899,991 991 1059 1060 -1
GCP,adapt_p60-00000000000001_a270-0_538_map.h5,8.14991,10,69,395,30.000000:270.000000,1339,False,122,4,1210,0.677577,6.57701,0,0.0139499,1215 1211 1210 -1
GCP,adapt_p80-40593177313954_a292-5_78_map.h5,8.85542,10,333,390,9.594069:292.500000,1088,False,17,5,1089,0.953286,7.30367,0,0.0124009,1154 1155 1089 1090 -1
GCP,adapt_p35-659087696138755_a285-0_261_map.h5,7.88266,10,383,773,54.340912:285.000000,1601,False,10,5,1643,0.992873,7.33954,0,0.0121306,1644 1643 1602 1644 -1
GCP,adapt_p70-52877936550931_a348-74999999999994_543_map.h5,8.88928,10,691,379,19.471220:348.750000,1229,True,11,6,1229,0.999928,8.83319,0,0.0125344,1291 1291 1230 1229 1228 -1
GCP,adapt_p11-715852394892384_a45-0_342_map.h5,7.8856,10,517,746,78.284149:45.000000,1766,True,11,5,1766,0.986873,5.67618,0,0.0122084,1765 1765 1766 1746 -1
GCP,adapt_p35-659087696138755_a75-0_510_map.h5,7.87946,10,500,719,54.340912:75.000000,1576,True,11,5,1576,0.982804,5.81108,0,0.0123363,1619 1619 1575 1576 -1
GCP,adapt_p48-18968510422141_a281-24999999999994_120_map.h5,8.81963,10,438,350,41.810314:281.250000,1507,True,14,6,1507,0.995573,8.22575,0,0.0121858,1506 1506 1507 1455 1454 -1
GCP,adapt_p70-52877936550931_a78-75_577_map.h5,6.86453,10,527,1064,19.471220:78.750000,1181,True,12,4,1115,0.666181,4.8057,0,0.0122704,1116 1115 1181 -1
GCP,adapt_p23-556464309101234_a247-49999999999997_135_map.h5,7.87963,10,608,691,66.443535:247.500000,1708,True,11,5,1708,0.995157,5.75501,0,0.0131285,1735 1735 1708 1709 -1
GCP,adapt_p60-00000000000001_a292-5_74_map.h5,6.86029,10,513,1139,30.000000:292.500000,1343,False,13,4,1342,0.858787,4.80048,0,0.0125362,1280 1281 1342 -1
GCP,adapt_p35-659087696138755_a344-99999999999994_151_map.h5,8.86971,10,376,355,54.340912:345.000000,1609,True,11,6,1650,0.989938,8.21141,0,0.0130971,1609 1609 1650 1649 1685 -1
GCP,adapt_p80-40593177313954_a45-0_225_map.h5,8.88973,10,549,378,9.594069:45.000000,1042,True,11,6,1043,0.997511,8.31428,0,0.0130645,1110 1110 1044 1043 1042 -1
GCP,adapt_p48-18968510422141_a123-74999999999999_347_map.h5,6.86839,10,559,1118,41.810314:123.750000,1484,True,13,4,1431,0.927227,4.87474,0,0.0124531,1432 1431 1484 -1
GCP,adapt_p48-18968510422141_a191-25_284_map.h5,8.89108,10,532,369,41.810314:191.250000,1494,True,8,6,1441,0.999605,8.4776,0,0.0127229,1494 1494 1442 1441 1440 -1
GCP,adapt_p70-52877936550931_a236-25_8_map.h5,7.87959,10,481,767,19.471220:236.250000,1209,True,11,5,1208,0.984045,5.81833,0,0.012215,1271 1271 1208 1209 -1
GCP,adapt_p11-715852394892384_a45-0_363_map.h5,8.8964,10,500,387,78.284149:45.000000,1766,True,9,6,1746,0.999895,8.08341,0,0.013394,1766 1766 1746 1747 1767 -1
GCP,adapt_p70-52877936550931_a56-24999999999999_146_map.h5,7.86357,10,442,718,19.471220:56.250000,1177,True,13,5,1177,0.979205,7.27366,0,0.012209,1110 1111 1177 1176 -1
GCP,adapt_p80-40593177313954_a157-5_89_map.h5,6.84958,10,479,1127,9.594069:157.500000,1063,True,16,4,1063,0.906216,5.103,0,0.0122293,1130 1063 1062 -1
GCP,adapt_p80-40593177313954_a45-0_394_map.h5,8.87023,10,534,399,9.594069:45.000000,1042,False,12,6,1110,0.999035,8.31027,0,0.0125677,1043 1043 1044 1110 1109 -1
GCP,adapt_p70-52877936550931_a78-75_104_map.h5,7.87601,10,477,797,19.471220:78.750000,1181,True,12,5,1181,0.985955,5.8422,0,0.0127878,1244 1244 1181 1180 -1
GCP,adapt_p70-52877936550931_a56-24999999999999_286_map.h5,7.88848,10,638,765,19.471220:56.250000,1177,True,10,5,1177,0.989051,5.83137,0,0.0123173,1110 1110 1176 1177 -1
GCP,adapt_p80-40593177313954_a157-5_485_map.h5,7.87217,10,392,736,9.594069:157.500000,1063,True,13,5,1129,0.973284,7.25857,0,0.0126367,1064 1063 1129 1130 -1
GCP,adapt_p80-40593177313954_a22-5_525_map.h5,6.72437,10,191,1104,9.594069:22.500000,1038,False,35,4,971,0.768227,5.84219,0,0.0124337,1103 971 972 -1
GCP,adapt_p80-40593177313954_a135-0_391_map.h5,8.8293,10,249,385,9.594069:135.000000,1059,False,17,6,990,0.95229,8.37364,0,0.0125084,1058 1058 1057 990 991 -1
GCP,adapt_p80-40593177313954_a157-5_259_map.h5,8.8735,10,520,366,9.594069:157.500000,1063,True,12,6,1063,0.996133,8.26147,0,0.0122968,1129 1129 1128 1062 1063 -1
GCP,adapt_p60-00000000000001_a45-0_241_map.h5,8.89365,10,528,387,30.000000:45.000000,1301,True,10,6,1301,0.99626,8.41349,0,0.0121534,1302 1302 1238 1301 1300 -1
GCP,adapt_p60-00000000000001_a337-49999999999994_588_map.h5,7.89054,10,559,745,30.000000:337.500000,1350,True,11,5,1350,0.998716,5.85054,0,0.0122676,1290 1290 1351 1350 -1
GCP,adapt_p70-52877936550931_a258-75_1_map.h5,7.83333,10,445,779,19.471220:258.750000,1213,True,19,5,1213,0.958102,7.45058,0,0.0124674,1214 1148 1213 1212 -1
GCP,adapt_p48-18968510422141_a303-75_360_map.h5,7.87721,10,405,664,41.810314:303.750000,1510,False,11,5,1511,0.981114,7.48289,0,0.0125908,1512 1511 1459 1512 -1
GCP,adapt_p48-18968510422141_a348-74999999999994_337_map.h5,6.87055,10,495,1205,41.810314:348.750000,1517,True,10,5,1465,0.985269,5.85726,0,0.0122193,1517 1517 1465 1466 -1
GCP,adapt_p80-40593177313954_a247-49999999999997_323_map.h5,6.78546,10,250,1066,9.594069:247.500000,1080,False,27,4,1081,0.628852,4.72016,0,0.0123537,1212 1147 1081 -1
GCP,adapt_p35-659087696138755_a165-0_466_map.h5,7.85454,10,355,769,54.340912:165.000000,1587,True,15,5,1587,0.954629,7.22475,0,0.0122809,1630 1629 1586 1587 -1
GCP,adapt_p23-556464309101234_a22-5_161_map.h5,8.56156,10,78,393,66.443535:22.500000,1689,False,67,5,1656,0.561987,8.4696,0,0.0132455,1719 1616 1655 1656 -1
GCP,adapt_p80-40593177313954_a157-5_474_map.h5,7.87662,10,480,681,9.594069:157.500000,1063,True,11,5,995,0.890717,7.35686,0,0.0122057,1062 995 1063 1062 -1
GCP,adapt_p70-52877936550931_a56-24999999999999_576_map.h5,5.82223,10,278,1488,19.471220:56.250000,1177,True,20,4,1177,0.694287,4.82026,0,0.012589,1112 1111 1177 -1
GCP,adapt_p23-556464309101234_a157-5_170_map.h5,6.44286,10,98,1019,66.443535:157.500000,1701,False,75,4,1582,0.444866,5.60534,0,0.0129987,1661 1581 1582 -1
GCP,adapt_p48-18968510422141_a56-24999999999999_304_map.h5,6.88337,10,535,1102,41.810314:56.250000,1475,True,11,5,1421,0.997861,5.78935,0,0.0124333,1475 1475 1421 1420 -1
GCP,adapt_p11-715852394892384_a135-0_242_map.h5,8.86037,10,283,344,78.284149:135.000000,1770,False,18,5,1771,0.907903,7.07939,0,0.0124188,1753 1771 1772 1786 -1
GCP,adapt_p60-00000000000001_a315-0_273_map.h5,7.88843,10,538,775,30.000000:315.000000,1346,False,10,5,1403,0.966461,7.57872,0,0.0123608,1404 1403 1345 1404 -1
GCP,adapt_p11-715852394892384_a225-0_241_map.h5,8.828,10,165,382,78.284149:225.000000,1774,False,23,5,1758,0.918183,7.04949,0,0.0128008,1776 1775 1758 1757 -1
GCP,adapt_p48-18968510422141_a191-25_248_map.h5,6.8815,10,628,1129,41.810314:191.250000,1494,True,11,5,1494,0.94112,5.95526,0,0.0123126,1441 1441 1494 1442 -1
GCP,adapt_p70-52877936550931_a33-75_551_map.h5,7.84035,10,324,689,19.471220:33.750000,1173,True,19,5,1172,0.899179,7.3348,0,0.0124577,1235 1172 1106 1173 -1
GCP,adapt_p35-659087696138755_a224-99999999999997_324_map.h5,8.46433,10,103,366,54.340912:225.000000,1594,True,77,5,1594,0.554899,8.13278,0,0.0134634,1634 1594 1549 1498 -1
GCP,adapt_p60-00000000000001_a224-99999999999997_528_map.h5,6.76062,10,205,1120,30.000000:225.000000,1331,False,30,4,1270,0.575829,4.97576,0,0.0121805,1391 1332 1270 -1
GCP,adapt_p80-40593177313954_a157-5_335_map.h5,6.85136,10,528,1153,9.594069:157.500000,1063,True,14,4,1129,0.884746,4.80583,0,0.0124274,1063 1129 1128 -1
GCP,adapt_p80-40593177313954_a67-5_306_map.h5,6.78154,10,296,1107,9.594069:67.500000,1047,True,24,4,1047,0.720377,5.51896,0,0.0122643,1049 1047 1046 -1
GCP,adapt_p48-18968510422141_a78-75_382_map.h5,8.38665,10,98,359,41.810314:78.750000,1478,False,91,5,1662,0.362902,8.22397,0,0.0131661,1481 1623 1661 1662 -1
GCP,adapt_p48-18968510422141_a303-75_108_map.h5,8.89753,10,668,332,41.810314:303.750000,1510,True,6,6,1458,0.999999,8.21735,0,0.0122887,1459 1459 1458 1510 1511 -1
GCP,adapt_p80-40593177313954_a202-49999999999997_384_map.h5,6.83628,10,457,1145,9.594069:202.500000,1072,True,15,5,1072,0.96971,5.81052,0,0.0125366,1137 1137 1071 1072 -1
GCP,adapt_p80-40593177313954_a180-0_105_map.h5,6.86164,10,504,1120,9.594069:180.000000,1067,True,15,4,1068,0.930566,4.80666,0,0.0121678,1134 1068 1067 -1
GCP,adapt_p60-00000000000001_a202-49999999999997_163_map.h5,8.81345,10,299,410,30.000000:202.500000,1328,True,16,5,1328,0.933764,7.49142,0,0.0123622,1329 1328 1327 1266 -1
GCP,adapt_p35-659087696138755_a315-0_250_map.h5,7.86324,10,462,747,54.340912:315.000000,1605,True,11,5,1646,0.988653,7.43691,0,0.0125576,1645 1646 1605 1645 -1
GCP,adapt_p23-556464309101234_a337-5_418_map.h5,6.7714,10,285,1135,66.443535:337.500000,1716,False,31,4,1743,0.589041,5.36275,0,0.0124062,1719 1687 1743 -1
GCP,adapt_p60-00000000000001_a112-49999999999999_393_map.h5,8.89816,10,685,362,30.000000:112.500000,1313,True,8,6,1313,0.999202,8.64733,0,0.0126356,1372 1372 1314 1313 1371 -1
GCP,adapt_p70-52877936550931_a236-25_20_map.h5,5.79846,10,475,1515,19.471220:236.250000,1209,True,24,4,1210,0.591643,4.81999,0,0.0123489,1272 1209 1210 -1
GCP,adapt_p80-40593177313954_a224-99999999999997_360_map.h5,7.83757,10,376,752,9.594069:225.000000,1076,True,17,5,1076,0.84324,7.35064,0,0.0122336,1075 1008 1076 1009 -1
GCP,adapt_p35-659087696138755_a165-0_326_map.h5,7.54501,10,151,764,54.340912:165.000000,1587,False,55,4,1589,0.541837,6.32751,0,0.0128228,1628 1589 1543 -1
GCP,adapt_p48-18968510422141_a78-75_116_map.h5,8.83862,10,189,346,41.810314:78.750000,1478,False,21,6,1425,0.962578,8.23828,0,0.0122032,1480 1480 1479 1425 1426 -1
GCP,adapt_p11-715852394892384_a45-0_197_map.h5,6.83826,10,327,1073,78.284149:45.000000,1766,True,20,4,1766,0.868189,4.71686,0,0.0125426,1747 1746 1766 -1
GCP,adapt_p70-52877936550931_a33-75_216_map.h5,7.82137,10,231,801,19.471220:33.750000,1173,True,18,5,1237,0.944484,7.3174,0,0.0123803,1174 1173 1236 1237 -1
GCP,adapt_p35-659087696138755_a285-0_401_map.h5,7.79222,10,297,717,54.340912:285.000000,1601,True,25,5,1642,0.887199,7.25107,0,0.0125858,1602 1601 1642 1643 -1
GCP,adapt_p23-556464309101234_a292-5_461_map.h5,8.88132,10,671,357,66.443535:292.500000,1712,True,9,6,1712,0.999858,8.20389,0,0.0124672,1739 1739 1713 1712 1680 -1
GCP,adapt_p35-659087696138755_a315-0_173_map.h5,7.88561,10,496,760,54.340912:315.000000,1605,True,11,5,1606,0.995766,5.78184,0,0.0121786,1647 1647 1606 1605 -1
GCP,adapt_p70-52877936550931_a303-75_481_map.h5,7.86463,10,450,730,19.471220:303.750000,1221,True,15,5,1221,0.932562,7.30271,0,0.012181,1283 1284 1221 1222 -1
GCP,adapt_p48-18968510422141_a56-24999999999999_13_map.h5,8.77318,10,158,402,41.810314:56.250000,1475,True,30,5,1526,0.675862,7.46407,0,0.0126539,1473 1474 1475 1526 -1
GCP,adapt_p80-40593177313954_a224-99999999999997_383_map.h5,7.8415,10,421,717,9.594069:225.000000,1076,False,17,5,1142,0.913561,7.18075,0,0.0122904,1075 1141 1142 1207 -1
GCP,adapt_p23-556464309101234_a247-49999999999997_79_map.h5,6.65942,10,155,1137,66.443535:247.500000,1708,True,39,4,1708,0.67424,5.12246,0,0.0123784,1734 1708 1709 -1
GCP,adapt_p48-18968510422141_a56-24999999999999_550_map.h5,5.57436,10,121,1485,41.810314:56.250000,1475,True,55,3,1475,0.313774,3.81487,0,0.0124494,1241 1475 -1
GCP,adapt_p70-52877936550931_a11-25_55_map.h5,6.71239,10,220,1075,19.471220:11.250000,1169,False,32,4,1232,0.55886,5.34867,0,0.0124325,1170 1232 1168 -1
GCP,adapt_p48-18968510422141_a33-75_437_map.h5,7.89361,10,664,740,41.810314:33.750000,1471,False,7,5,1417,0.989883,5.93009,0,0.0122018,1418 1418 1472 1417 -1
GCP,adapt_p70-52877936550931_a258-75_392_map.h5,7.87821,10,637,712,19.471220:258.750000,1213,True,13,5,1213,0.994461,7.17294,0,0.0125976,1148 1213 1212 1275 -1
GCP,adapt_p70-52877936550931_a168-74999999999997_598_map.h5,7.76457,10,261,751,19.471220:168.750000,1197,False,31,5,1199,0.824943,7.46041,0,0.0122412,1134 1199 1262 1198 -1
GCP,adapt_p23-556464309101234_a292-5_474_map.h5,8.88944,10,545,388,66.443535:292.500000,1712,False,10,6,1681,0.999452,8.18087,0,0.0123635,1682 1682 1681 1713 1714 -1
GCP,adapt_p70-52877936550931_a101-24999999999999_275_map.h5,8.89561,10,555,360,19.471220:101.250000,1185,True,8,6,1185,0.998408,8.74394,0,0.0122028,1119 1119 1184 1185 1120 -1
GCP,adapt_p48-18968510422141_a236-25_339_map.h5,7.87225,10,407,744,41.810314:236.250000,1501,False,14,5,1500,0.955795,7.28929,0,0.0125327,1499 1500 1447 1448 -1
GCP,adapt_p11-715852394892384_a315-0_247_map.h5,6.84177,10,436,1154,78.284149:315.000000,1778,False,19,4,1764,0.740859,4.73549,0,0.0120337,1742 1764 1744 -1
GCP,adapt_p70-52877936550931_a303-75_87_map.h5,7.8135,10,336,754,19.471220:303.750000,1221,True,24,5,1220,0.768425,7.2994,0,0.0133065,1282 1283 1220 1221 -1
GCP,adapt_p70-52877936550931_a33-75_127_map.h5,8.72921,10,197,365,19.471220:33.750000,1173,False,28,5,1235,0.751924,7.23062,0,0.0126161,1358 1299 1298 1235 -1
GCP,adapt_p80-40593177313954_a337-49999999999994_563_map.h5,4.53325,10,189,1893,9.594069:337.500000,1097,False,58,3,1163,0.293127,3.4171,0,0.0125719,1100 1163 -1
GCP,adapt_p48-18968510422141_a326-24999999999994_403_map.h5,8.51033,10,78,361,41.810314:326.250000,1514,False,70,5,1515,0.591615,7.33243,0,0.0125023,1409 1464 1516 1515 -1
GCP,adapt_p48-18968510422141_a78-75_553_map.h5,6.85749,10,356,1168,41.810314:78.750000,1478,True,13,4,1478,0.902758,4.7927,0,0.012304,1424 1478 1477 -1
GCP,adapt_p80-40593177313954_a157-5_464_map.h5,8.79917,10,118,377,9.594069:157.500000,1063,False,25,5,1196,0.897237,7.24414,0,0.0126314,1064 1130 1196 1131 -1
GCP,adapt_p80-40593177313954_a0-0_506_map.h5,6.78418,10,347,1115,9.594069:0.000000,1034,False,22,4,1100,0.607205,4.90722,0,0.0126271,1166 1100 1099 -1
GCP,adapt_p80-40593177313954_a247-49999999999997_64_map.h5,7.83329,10,374,749,9.594069:247.500000,1080,True,20,5,1145,0.927832,7.27141,0,0.0125305,1144 1145 1079 1080 -1
GCP,adapt_p23-556464309101234_a157-5_422_map.h5,6.87424,10,482,1174,66.443535:157.500000,1701,False,12,4,1729,0.954314,4.80544,0,0.0125425,1700 1728 1729 -1
GCP,adapt_p23-556464309101234_a247-49999999999997_592_map.h5,7.69049,10,132,803,66.443535:247.500000,1708,True,40,5,1733,0.825877,7.53227,0,0.0123129,1708 1734 1733 1706 -1
GCP,adapt_p70-52877936550931_a11-25_30_map.h5,7.72742,10,222,724,19.471220:11.250000,1169,True,35,5,1168,0.649222,7.37282,0,0.0123988,1230 1167 1168 1169 -1
GCP,adapt_p60-00000000000001_a224-99999999999997_583_map.h5,6.87657,10,597,1099,30.000000:225.000000,1331,False,12,4,1332,0.771709,4.81448,0,0.0122118,1391 1390 1332 -1
GCP,adapt_p80-40593177313954_a315-0_11_map.h5,7.87551,10,371,791,9.594069:315.000000,1093,True,13,5,1093,0.887203,7.35068,0,0.0122771,1092 1025 1093 1026 -1
GCP,adapt_p60-00000000000001_a337-49999999999994_121_map.h5,8.88562,10,431,375,30.000000:337.500000,1350,True,10,6,1408,0.999381,8.30099,0,0.0121756,1407 1407 1408 1350 1351 -1
GCP,adapt_p60-00000000000001_a90-0_124_map.h5,7.89875,10,719,754,30.000000:90.000000,1309,True,8,5,1309,0.999682,5.80383,0,0.0130555,1368 1368 1309 1310 -1
GCP,adapt_p70-52877936550931_a213-75_237_map.h5,8.27833,10,102,395,19.471220:213.750000,1205,False,103,4,1037,0.510839,5.86021,0,0.0132926,967 1037 970 -1
GCP,adapt_p35-659087696138755_a224-99999999999997_466_map.h5,7.82947,10,378,759,54.340912:225.000000,1594,True,21,5,1636,0.896503,7.09437,0,0.0123376,1672 1673 1636 1594 -1
GCP,adapt_p48-18968510422141_a191-25_227_map.h5,6.84761,10,491,1105,41.810314:191.250000,1494,True,15,4,1441,0.924489,4.79205,0,0.0122071,1442 1441 1494 -1
GCP,adapt_p80-40593177313954_a90-0_247_map.h5,8.68607,10,110,351,9.594069:90.000000,1051,False,41,5,982,0.700269,8.30628,0,0.0127307,1047 982 1050 983 -1
GCP,adapt_p60-00000000000001_a180-0_26_map.h5,7.8606,10,414,703,30.000000:180.000000,1324,True,14,5,1324,0.969041,7.32378,0,0.0122044,1325 1383 1382 1324 -1
GCP,adapt_p35-659087696138755_a135-0_264_map.h5,6.73747,10,240,1133,54.340912:135.000000,1583,False,32,4,1665,0.617981,5.35754,0,0.0123539,1625 1627 1665 -1
GCP,adapt_p35-659087696138755_a285-0_494_map.h5,6.87039,10,489,1111,54.340912:285.000000,1601,True,11,5,1602,0.990792,5.80593,0,0.0123982,1558 1558 1602 1601 -1
GCP,adapt_p60-00000000000001_a180-0_154_map.h5,7.83153,10,209,765,30.000000:180.000000,1324,True,20,5,1262,0.86712,7.24318,0,0.0122992,1323 1324 1262 1263 -1
GCP,adapt_p80-40593177313954_a224-99999999999997_388_map.h5,8.85018,10,341,372,9.594069:225.000000,1076,True,17,6,1076,0.980063,8.83119,0,0.012607,1008 1008 1077 1076 1075 -1
GCP,adapt_p70-52877936550931_a123-74999999999999_566_map.h5,6.86491,10,629,1058,19.471220:123.750000,1189,True,12,4,1189,0.911482,4.81884,0,0.0128834,1124 1123 1189 -1
GCP,adapt_p60-00000000000001_a270-0_404_map.h5,7.71352,10,216,777,30.000000:270.000000,1339,False,33,5,1452,0.828688,7.46884,0,0.0122737,1337 1396 1452 1453 -1
GCP,adapt_p70-52877936550931_a168-74999999999997_165_map.h5,7.85416,10,543,740,19.471220:168.750000,1197,True,15,5,1197,0.95815,7.24964,0,0.0126192,1259 1260 1197 1196 -1
GCP,adapt_p60-00000000000001_a292-5_549_map.h5,7.82402,10,373,753,30.000000:292.500000,1343,True,20,5,1343,0.910852,7.55315,0,0.0127726,1342 1343 1344 1282 -1
GCP,adapt_p48-18968510422141_a303-75_237_map.h5,7.87753,10,629,775,41.810314:303.750000,1510,False,11,5,1459,0.913877,7.46422,0,0.0122672,1458 1459 1511 1458 -1
GCP,adapt_p48-18968510422141_a123-74999999999999_288_map.h5,6.49718,10,131,1185,41.810314:123.750000,1484,False,61,4,1076,0.617094,6.04618,0,0.0126409,1072 1075 1076 -1
GCP,adapt_p23-556464309101234_a337-5_597_map.h5,7.8721,10,688,767,66.443535:337.500000,1716,True,14,5,1716,0.901072,7.14758,0,0.0126919,1684 1683 1715 1716 -1
GCP,adapt_p23-556464309101234_a202-5_508_map.h5,8.89829,10,761,372,66.443535:202.500000,1704,True,7,6,1704,0.999845,8.16503,0,0.012517,1705 1705 1704 1670 1671 -1
GCP,adapt_p70-52877936550931_a56-24999999999999_311_map.h5,7.8779,10,574,755,19.471220:56.250000,1177,True,10,5,1177,0.992518,7.58942,0,0.0128922,1176 1177 1111 1176 -1
GCP,adapt_p35-659087696138755_a45-0_343_map.h5,8.83752,10,342,376,54.340912:45.000000,1572,True,19,5,1572,0.974451,7.48011,0,0.0122734,1573 1572 1571 1616 -1
GCP,adapt_p35-659087696138755_a344-99999999999994_414_map.h5,6.87668,10,503,1090,54.340912:345.000000,1609,True,10,4,1608,0.873807,4.80974,0,0.0121382,1609 1608 1649 -1
GCP,adapt_p35-659087696138755_a315-0_548_map.h5,7.84868,10,424,741,54.340912:315.000000,1605,False,14,5,1561,0.954812,7.20787,0,0.0121317,1511 1512 1561 1560 -1
GCP,adapt_p48-18968510422141_a213-75_158_map.h5,5.78111,10,473,1516,41.810314:213.750000,1497,False,26,4,1445,0.685192,4.90463,0,0.012705,1329 1388 1445 -1
GCP,adapt_p80-40593177313954_a247-49999999999997_67_map.h5,5.48622,10,102,1488,9.594069:247.500000,1080,False,66,3,1141,0.293859,3.55557,0,0.0125381,1010 1141 -1
GCP,adapt_p80-40593177313954_a315-0_364_map.h5,7.84447,10,407,729,9.594069:315.000000,1093,True,15,5,1094,0.978805,7.32135,0,0.0123322,1160 1159 1093 1094 -1
GCP,adapt_p70-52877936550931_a78-75_597_map.h5,7.88222,10,577,779,19.471220:78.750000,1181,True,8,5,1114,0.868731,5.80765,0,0.0125697,1181 1181 1115 1114 -1
GCP,adapt_p80-40593177313954_a157-5_71_map.h5,8.84271,10,348,377,9.594069:157.500000,1063,True,17,5,996,0.964102,7.35149,0,0.0130842,997 1064 996 1063 -1
GCP,adapt_p80-40593177313954_a315-0_234_map.h5,6.87485,10,446,1132,9.594069:315.000000,1093,True,12,5,1093,0.936906,5.90575,0,0.0129485,1094 1094 1026 1093 -1
GCP,adapt_p70-52877936550931_a123-74999999999999_10_map.h5,5.76325,10,290,1444,19.471220:123.750000,1189,True,25,4,1189,0.781411,4.81604,0,0.0125439,1253 1190 1189 -1
GCP,adapt_p70-52877936550931_a168-74999999999997_72_map.h5,8.84756,10,279,375,19.471220:168.750000,1197,True,19,6,1196,0.956984,8.25122,0,0.0122441,1260 1260 1259 1196 1197 -1
GCP,adapt_p48-18968510422141_a191-25_306_map.h5,7.88019,10,468,733,41.810314:191.250000,1494,True,13,5,1544,0.993548,7.27517,0,0.0125977,1545 1544 1494 1493 -1
GCP,adapt_p70-52877936550931_a33-75_416_map.h5,8.87229,10,357,390,19.471220:33.750000,1173,True,13,6,1173,0.990027,8.31067,0,0.0125199,1107 1107 1106 1172 1173 -1
GCP,adapt_p70-52877936550931_a168-74999999999997_60_map.h5,8.33893,10,137,392,19.471220:168.750000,1197,False,84,5,1260,0.62525,8.12198,0,0.0128879,1128 1196 1259 1260 -1
GCP,adapt_p70-52877936550931_a33-75_20_map.h5,8.89429,10,700,363,19.471220:33.750000,1173,True,9,6,1173,0.998141,8.31834,0,0.0124929,1174 1174 1173 1236 1237 -1
GCP,adapt_p80-40593177313954_a247-49999999999997_486_map.h5,5.66779,10,262,1519,9.594069:247.500000,1080,False,39,4,1013,0.479658,4.81781,0,0.013009,1081 1013 946 -1
GCP,adapt_p23-556464309101234_a292-5_562_map.h5,7.8386,10,302,705,66.443535:292.500000,1712,False,17,5,1740,0.951809,7.14074,0,0.0122025,1713 1714 1740 1739 -1
GCP,adapt_p80-40593177313954_a270-0_302_map.h5,6.6137,10,261,1148,9.594069:270.000000,1084,False,49,4,1085,0.617767,5.44132,0,0.0131244,1083 1085 1151 -1
GCP,adapt_p23-556464309101234_a67-5_262_map.h5,6.14946,10,56,429,66.443535:67.500000,1693,False,449,2,1726,0,0.0318495,0,0.0318495,1420 -1
GCP,adapt_p48-18968510422141_a326-24999999999994_365_map.h5,6.8852,10,662,1065,41.810314:326.250000,1514,True,11,4,1462,0.88245,4.81361,0,0.0126039,1463 1462 1514 -1
GCP,adapt_p60-00000000000001_a292-5_404_map.h5,5.72056,10,426,1501,30.000000:292.500000,1343,False,33,4,1281,0.74719,5.34617,0,0.0122598,1220 1281 1342 -1
GCP,adapt_p60-00000000000001_a180-0_527_map.h5,8.86856,10,495,383,30.000000:180.000000,1324,True,12,6,1261,0.995076,8.24759,0,0.0132369,1324 1324 1323 1261 1262 -1
GCP,adapt_p70-52877936550931_a326-24999999999994_311_map.h5,7.76056,10,230,750,19.471220:326.250000,1225,False,29,4,1159,0.668464,4.83659,0,0.0122604,1224 1159 1158 -1
GCP,adapt_p48-18968510422141_a56-24999999999999_448_map.h5,7.7511,10,166,747,41.810314:56.250000,1475,True,31,5,1421,0.775662,7.1333,0,0.0127003,1362 1420 1421 1475 -1
GCP,adapt_p60-00000000000001_a112-49999999999999_202_map.h5,6.88054,10,601,1066,30.000000:112.500000,1313,True,10,4,1372,0.894617,4.80017,0,0.0122242,1371 1372 1313 -1
GCP,adapt_p35-659087696138755_a14-999999999999998_447_map.h5,6.71319,10,236,1152,54.340912:15.000000,1568,True,32,4,1568,0.768667,4.99059,0,0.0126273,1520 1568 1613 -1
GCP,adapt_p35-659087696138755_a165-0_78_map.h5,6.85045,10,370,1171,54.340912:165.000000,1587,True,15,4,1587,0.739004,4.88154,0,0.0123596,1541 1587 1542 -1
GCP,adapt_p48-18968510422141_a168-74999999999997_306_map.h5,8.88753,10,605,404,41.810314:168.750000,1491,True,9,6,1437,0.998196,8.22373,0,0.0122726,1491 1491 1490 1437 1438 -1
GCP,adapt_p80-40593177313954_a292-5_184_map.h5,8.86856,10,497,348,9.594069:292.500000,1088,True,11,6,1088,0.999066,8.37522,0,0.0122507,1021 1021 1022 1089 1088 -1
GCP,adapt_p48-18968510422141_a33-75_385_map.h5,7.84939,10,440,766,41.810314:33.750000,1471,True,14,5,1417,0.985114,7.4185,0,0.0124149,1418 1417 1416 1471 -1
GCP,adapt_p23-556464309101234_a202-5_316_map.h5,7.88553,10,547,792,66.443535:202.500000,1704,True,11,5,1732,0.991097,7.31448,0,0.0122488,1731 1732 1704 1731 -1
GCP,adapt_p70-52877936550931_a213-75_38_map.h5,8.87559,10,384,372,19.471220:213.750000,1205,True,12,6,1205,0.995258,8.25544,0,0.0121841,1206 1206 1205 1268 1269 -1
GCP,adapt_p23-556464309101234_a337-5_88_map.h5,6.77403,10,269,1095,66.443535:337.500000,1716,False,30,4,1648,0.582626,4.91504,0,0.0127677,1608 1648 1684 -1
GCP,adapt_p60-00000000000001_a22-5_410_map.h5,6.65986,10,172,1144,30.000000:22.500000,1298,True,42,4,1298,0.697246,5.43064,0,0.0129503,1415 1298 1299 -1
GCP,adapt_p80-40593177313954_a224-99999999999997_288_map.h5,6.80449,10,286,1133,9.594069:225.000000,1076,True,22,4,1143,0.767429,4.81646,0,0.0123091,1076 1077 1143 -1
GCP,adapt_p23-556464309101234_a22-5_193_map.h5,6.75958,10,299,1132,66.443535:22.500000,1689,False,23,4,1653,0.581869,4.78367,0,0.0121271,1613 1614 1653 -1
GCP,adapt_p48-18968510422141_a326-24999999999994_279_map.h5,8.90022,10,828,364,41.810314:326.250000,1514,True,7,6,1462,0.999998,8.23142,0,0.0125528,1514 1514 1513 1461 1462 -1
GCP,adapt_p35-659087696138755_a285-0_599_map.h5,7.87265,10,513,730,54.340912:285.000000,1601,True,11,5,1601,0.995099,7.34127,0,0.0121452,1602 1601 1557 1602 -1
GCP,adapt_p80-40593177313954_a90-0_486_map.h5,8.84698,10,248,337,9.594069:90.000000,1051,False,19,6,983,0.895998,8.3675,0,0.0128159,984 984 983 1050 982 -1
GCP,adapt_p60-00000000000001_a0-0_461_map.h5,8.88941,10,646,359,30.000000:0.000000,1294,True,9,6,1294,0.999788,8.33441,0,0.0124001,1354 1354 1411 1353 1294 -1
GCP,adapt_p80-40593177313954_a45-0_486_map.h5,5.83531,10,440,1477,9.594069:45.000000,1042,False,15,4,975,0.79091,4.90989,0,0.0125116,908 975 907 -1
GCP,adapt_p48-18968510422141_a236-25_354_map.h5,8.85458,10,482,389,41.810314:236.250000,1501,True,14,6,1449,0.995362,8.33847,0,0.0122152,1500 1500 1448 1449 1501 -1
GCP,adapt_p11-715852394892384_a225-0_79_map.h5,8.88115,10,379,359,78.284149:225.000000,1774,True,12,6,1758,0.998522,8.09514,0,0.012652,1757 1757 1774 1775 1758 -1
GCP,adapt_p35-659087696138755_a45-0_522_map.h5,8.8557,10,310,400,54.340912:45.000000,1572,True,16,6,1572,0.975183,8.20641,0,0.0120864,1573 1573 1572 1571 1524 -1
GCP,adapt_p60-00000000000001_a0-0_119_map.h5,7.87748,10,589,697,30.000000:0.000000,1294,False,11,5,1295,0.960526,5.89084,0,0.0123166,1232 1232 1295 1231 -1
GCP,adapt_p80-40593177313954_a202-49999999999997_594_map.h5,6.86254,10,506,1081,9.594069:202.500000,1072,False,14,4,1071,0.902098,4.91066,0,0.0122596,1004 1071 1070 -1
GCP,adapt_p35-659087696138755_a285-0_250_map.h5,7.83851,10,493,756,54.340912:285.000000,1601,True,15,5,1643,0.993077,7.20497,0,0.0123011,1601 1642 1643 1679 -1
GCP,adapt_p48-18968510422141_a123-74999999999999_283_map.h5,7.83294,10,333,769,41.810314:123.750000,1484,False,19,5,1432,0.963825,7.34798,0,0.0128606,1430 1431 1432 1374 -1
GCP,adapt_p80-40593177313954_a224-99999999999997_387_map.h5,2.56677,10,122,1868,9.594069:225.000000,1076,False,352,2,1141,0,0.0249259,0,0.0249259,1291 -1
GCP,adapt_p60-00000000000001_a0-0_179_map.h5,8.87406,10,351,370,30.000000:0.000000,1294,True,13,6,1411,0.998113,8.33503,0,0.0127428,1353 1353 1411 1354 1294 -1
GCP,adapt_p60-00000000000001_a337-49999999999994_312_map.h5,4.24296,10,90,1469,30.000000:337.500000,1350,False,262,2,1351,0,0.0187804,0,0.0187804,1598 -1
GCP,adapt_p80-40593177313954_a337-49999999999994_372_map.h5,7.8796,10,584,741,9.594069:337.500000,1097,True,9,5,1097,0.995319,5.91126,0,0.012221,1029 1029 1097 1096 -1
GCP,adapt_p35-659087696138755_a14-999999999999998_583_map.h5,7.33515,10,116,754,54.340912:15.000000,1568,False,91,4,1523,0.600238,5.57409,0,0.0136324,1414 1522 1523 -1
GCP,adapt_p48-18968510422141_a303-75_212_map.h5,5.81728,10,245,1521,41.810314:303.750000,1510,True,18,4,1510,0.61495,4.70875,0,0.0125926,1559 1510 1458 -1
GCP,adapt_p48-18968510422141_a168-74999999999997_370_map.h5,5.85549,10,443,1477,41.810314:168.750000,1491,True,13,4,1491,0.89754,4.78303,0,0.0123201,1438 1491 1490 -1
GCP,adapt_p48-18968510422141_a236-25_186_map.h5,6.56111,10,187,1109,41.810314:236.250000,1501,False,58,4,1392,0.498611,5.71197,0,0.012684,1270 1334 1392 -1
GCP,adapt_p48-18968510422141_a78-75_322_map.h5,6.87053,10,526,1111,41.810314:78.750000,1478,True,12,5,1529,0.994295,5.88985,0,0.0122596,1477 1477 1529 1478 -1
GCP,adapt_p35-659087696138755_a344-99999999999994_194_map.h5,6.87556,10,488,1153,54.340912:345.000000,1609,True,9,5,1609,0.997068,5.81098,0,0.0122422,1649 1649 1608 1609 -1
GCP,adapt_p70-52877936550931_a326-24999999999994_351_map.h5,6.85362,10,469,1166,19.471220:326.250000,1225,True,16,4,1224,0.856775,4.84779,0,0.0121771,1160 1225 1224 -1
GCP,adapt_p80-40593177313954_a202-49999999999997_81_map.h5,7.84355,10,393,777,9.594069:202.500000,1072,True,15,5,1072,0.977788,7.3569,0,0.012235,1073 1072 1004 1071 -1
GCP,adapt_p70-52877936550931_a348-74999999999994_113_map.h5,5.85882,10,82,1077,19.471220:348.750000,1229,False,171,3,1291,0.208441,4.3907,0,0.0148704,1296 1291 -1
GCP,adapt_p48-18968510422141_a236-25_375_map.h5,6.86054,10,577,1119,41.810314:236.250000,1501,True,13,4,1501,0.794927,4.87298,0,0.0122597,1500 1501 1448 -1
GCP,adapt_p80-40593177313954_a224-99999999999997_232_map.h5,3.55424,10,107,1894,9.594069:225.000000,1076,False,192,2,1632,0,0.015403,0,0.015403,1386 -1
GCP,adapt_p11-715852394892384_a45-0_224_map.h5,5.84567,10,451,1465,78.284149:45.000000,1766,True,19,5,1766,0.915267,5.67612,0,0.0121476,1767 1767 1766 1746 -1
GCP,adapt_p60-00000000000001_a315-0_52_map.h5,7.85355,10,377,775,30.000000:315.000000,1346,True,13,5,1346,0.973071,7.34477,0,0.0122701,1404 1347 1346 1285 -1
GCP,adapt_p70-52877936550931_a258-75_598_map.h5,5.75785,10,249,1523,19.471220:258.750000,1213,False,28,4,1275,0.642266,5.23814,0,0.0129486,1335 1275 1212 -1
GCP,adapt_p80-40593177313954_a315-0_407_map.h5,8.89214,10,547,362,9.594069:315.000000,1093,True,10,6,1093,0.999076,8.35822,0,0.012656,1094 1094 1093 1025 1092 -1
GCP,adapt_p11-715852394892384_a225-0_71_map.h5,6.7442,10,163,1120,78.284149:225.000000,1774,False,35,4,1758,0.581215,4.99568,0,0.0125928,1706 1734 1758 -1
GCP,adapt_p60-00000000000001_a224-99999999999997_59_map.h5,7.85549,10,400,773,30.000000:225.000000,1331,False,15,5,1271,0.964467,7.30516,0,0.0123382,1333 1332 1270 1271 -1
GCP,adapt_p60-00000000000001_a270-0_48_map.h5,5.84878,10,431,1487,30.000000:270.000000,1339,True,17,4,1339,0.843088,4.99417,0,0.0130264,1340 1339 1277 -1
GCP,adapt_p80-40593177313954_a22-5_111_map.h5,7.87209,10,525,803,9.594069:22.500000,1038,True,11,5,1038,0.996113,5.91826,0,0.0127142,1037 1037 1038 1039 -1
GCP,adapt_p35-659087696138755_a105-0_213_map.h5,8.90854,10,781,412,54.340912:105.000000,1579,True,6,6,1580,0.999999,8.22902,0,0.0122629,1579 1579 1580 1623 1622 -1
GCP,adapt_p35-659087696138755_a135-0_406_map.h5,7.85527,10,381,724,54.340912:135.000000,1583,True,16,5,1583,0.964384,7.19246,0,0.0125439,1627 1626 1583 1584 -1
GCP,adapt_p35-659087696138755_a344-99999999999994_273_map.h5,5.69745,10,253,1544,54.340912:345.000000,1609,True,37,4,1565,0.487135,4.8318,0,0.0123573,1566 1565 1609 -1
GCP,adapt_p70-52877936550931_a326-24999999999994_319_map.h5,7.89155,10,662,718,19.471220:326.250000,1225,True,8,5,1160,0.998291,5.84479,0,0.0122325,1225 1225 1160 1161 -1
GCP,adapt_p60-00000000000001_a112-49999999999999_599_map.h5,8.8866,10,499,316,30.000000:112.500000,1313,True,11,6,1313,0.996676,8.39714,0,0.0121945,1314 1314 1372 1313 1312 -1
GCP,adapt_p35-659087696138755_a315-0_522_map.h5,8.88623,10,536,371,54.340912:315.000000,1605,True,9,6,1605,0.999517,8.19752,0,0.0125657,1646 1646 1647 1606 1605 -1
GCP,adapt_p80-40593177313954_a22-5_130_map.h5,6.85802,10,495,1081,9.594069:22.500000,1038,True,13,4,1038,0.819369,4.91119,0,0.0127905,971 1038 1037 -1
GCP,adapt_p60-00000000000001_a270-0_190_map.h5,8.89251,10,536,380,30.000000:270.000000,1339,True,10,6,1340,0.999541,8.26249,0,0.0122676,1278 1278 1279 1340 1339 -1
GCP,adapt_p60-00000000000001_a135-0_197_map.h5,8.89065,10,599,382,30.000000:135.000000,1316,True,10,6,1317,0.999897,8.29592,0,0.0121502,1254 1254 1255 1317 1316 -1
GCP,adapt_p11-715852394892384_a315-0_18_map.h5,7.67726,10,102,784,78.284149:315.000000,1778,False,45,4,1646,0.649171,5.36626,0,0.012547,1560 1646 1682 -1
GCP,adapt_p80-40593177313954_a180-0_11_map.h5,6.8725,10,464,1137,9.594069:180.000000,1067,False,10,4,1132,0.75872,4.80481,0,0.0132933,1133 1132 1066 -1
GCP,adapt_p70-52877936550931_a146-25_468_map.h5,5.39083,10,120,1441,19.471220:146.250000,1193,False,89,3,1325,0.295431,4.78055,0,0.0129993,1489 1325 -1
GCP,adapt_p70-52877936550931_a191-25_478_map.h5,6.84764,10,497,1143,19.471220:191.250000,1201,True,15,4,1265,0.900982,4.79606,0,0.0121494,1201 1264 1265 -1
GCP,adapt_p60-00000000000001_a157-5_304_map.h5,7.86148,10,401,713,30.000000:157.500000,1320,True,15,5,1321,0.905516,7.29978,0,0.0123059,1380 1379 1320 1321 -1
GCP,adapt_p70-52877936550931_a146-25_565_map.h5,6.87262,10,427,1189,19.471220:146.250000,1193,True,12,5,1193,0.988671,5.85759,0,0.0121658,1128 1128 1194 1193 -1
GCP,adapt_p70-52877936550931_a191-25_130_map.h5,6.83228,10,393,1164,19.471220:191.250000,1201,False,18,4,1199,0.821577,4.90954,0,0.0125319,1134 1199 1200 -1
GCP,adapt_p70-52877936550931_a258-75_306_map.h5,8.83763,10,327,380,19.471220:258.750000,1213,True,19,6,1213,0.945442,8.28966,0,0.0121994,1212 1212 1213 1214 1277 -1
GCP,adapt_p80-40593177313954_a247-49999999999997_413_map.h5,7.80963,10,219,813,9.594069:247.500000,1080,True,21,5,1080,0.841674,7.35784,0,0.0131744,1079 1080 1013 1081 -1
GCP,adapt_p35-659087696138755_a75-0_150_map.h5,8.86259,10,298,411,54.340912:75.000000,1576,True,15,6,1576,0.996556,8.25097,0,0.0131991,1575 1575 1576 1620 1619 -1
GCP,adapt_p48-18968510422141_a101-24999999999999_16_map.h5,5.85453,10,384,1421,41.810314:101.250000,1481,True,15,4,1481,0.744128,4.90742,0,0.0122541,1482 1428 1481 -1
GCP,adapt_p48-18968510422141_a191-25_56_map.h5,5.86768,10,284,1498,41.810314:191.250000,1494,True,15,5,1493,0.893557,5.78617,0,0.0121196,1441 1441 1494 1493 -1
GCP,adapt_p80-40593177313954_a202-49999999999997_465_map.h5,7.82721,10,342,820,9.594069:202.500000,1072,False,18,5,1070,0.825687,7.35726,0,0.0125963,1069 1002 1070 1071 -1
GCP,adapt_p23-556464309101234_a67-5_478_map.h5,5.68545,10,253,1523,66.443535:67.500000,1693,True,38,4,1693,0.554749,5.35918,0,0.01235,1620 1657 1693 -1
GCP,adapt_p35-659087696138755_a285-0_352_map.h5,8.51976,10,115,369,54.340912:285.000000,1601,False,71,5,1643,0.516752,7.82461,0,0.0130376,1709 1711 1679 1643 -1
GCP,adapt_p35-659087696138755_a224-99999999999997_26_map.h5,7.58427,10,107,723,54.340912:225.000000,1594,False,62,4,1635,0.59106,5.69631,0,0.0125466,1704 1635 1636 -1
GCP,adapt_p60-00000000000001_a315-0_83_map.h5,6.81833,10,377,1139,30.000000:315.000000,1346,False,20,5,1285,0.814808,5.89564,0,0.0124994,1284 1284 1285 1286 -1
GCP,adapt_p80-40593177313954_a135-0_497_map.h5,2.68564,10,88,1474,9.594069:135.000000,1059,False,511,2,1772,0,0.037413,0,0.037413,1493 -1
GCP,adapt_p23-556464309101234_a337-5_163_map.h5,6.486,10,215,1072,66.443535:337.500000,1716,False,74,4,1715,0.45634,5.01054,0,0.0128077,1762 1741 1715 -1
GCP,adapt_p48-18968510422141_a101-24999999999999_404_map.h5,7.88651,10,486,730,41.810314:101.250000,1481,True,11,5,1427,0.988544,7.34135,0,0.012281,1480 1481 1427 1480 -1
GCP,adapt_p48-18968510422141_a168-74999999999997_593_map.h5,8.81238,10,135,351,41.810314:168.750000,1491,False,24,5,1437,0.917563,7.37484,0,0.012429,1436 1490 1437 1438 -1
GCP,adapt_p60-00000000000001_a22-5_196_map.h5,8.80337,10,242,358,30.000000:22.500000,1298,True,23,5,1297,0.803262,7.64704,0,0.0124692,1236 1298 1297 1234 -1
GCP,adapt_p35-659087696138755_a165-0_288_map.h5,6.87423,10,558,1163,54.340912:165.000000,1587,False,11,5,1629,0.996323,5.81153,0,0.0125617,1667 1667 1629 1630 -1
GCP,adapt_p70-52877936550931_a33-75_185_map.h5,5.79299,10,272,1503,19.471220:33.750000,1173,False,21,4,1172,0.649646,4.88445,0,0.0128241,1106 1172 1236 -1
GCP,adapt_p60-00000000000001_a315-0_583_map.h5,5.78527,10,338,1463,30.000000:315.000000,1346,True,23,4,1346,0.684358,4.98683,0,0.0125567,1286 1346 1404 -1
GCP,adapt_p23-556464309101234_a292-5_373_map.h5,8.89309,10,468,340,66.443535:292.500000,1712,True,7,6,1712,0.999899,8.27014,0,0.0127413,1738 1738 1711 1712 1739 -1
GCP,adapt_p70-52877936550931_a191-25_29_map.h5,7.59102,10,213,795,19.471220:191.250000,1201,False,54,4,1134,0.478563,5.88341,0,0.0127923,1196 1133 1134 -1
GCP,adapt_p48-18968510422141_a168-74999999999997_448_map.h5,7.8453,10,357,795,41.810314:168.750000,1491,True,17,5,1491,0.943977,7.48552,0,0.0125285,1439 1438 1437 1491 -1
GCP,adapt_p80-40593177313954_a0-0_376_map.h5,6.81547,10,366,1054,9.594069:0.000000,1034,True,20,4,1034,0.931575,4.90692,0,0.0123248,1166 1100 1034 -1
GCP,adapt_p70-52877936550931_a213-75_574_map.h5,4.11817,10,111,1055,19.471220:213.750000,1205,False,424,2,1087,0,0.0293909,0,0.0293909,1569 -1
GCP,adapt_p48-18968510422141_a348-74999999999994_84_map.h5,7.80647,10,245,830,41.810314:348.750000,1517,True,23,5,1517,0.81619,7.34836,0,0.0123567,1518 1517 1516 1465 -1
GCP,adapt_p60-00000000000001_a90-0_34_map.h5,6.87811,10,460,1091,30.000000:90.000000,1309,True,12,4,1246,0.846958,4.82026,0,0.0127001,1247 1246 1309 -1
GCP,adapt_p35-659087696138755_a195-0_506_map.h5,8.87866,10,575,401,54.340912:195.000000,1590,True,9,6,1590,0.997683,8.25169,0,0.0121598,1633 1633 1632 1590 1591 -1
GCP,adapt_p11-715852394892384_a315-0_397_map.h5,6.83251,10,459,1169,78.284149:315.000000,1778,False,22,4,1763,0.607247,5.45932,0,0.0123211,1781 1763 1762 -1
GCP,adapt_p11-715852394892384_a315-0_133_map.h5,6.82261,10,230,1095,78.284149:315.000000,1778,False,23,4,1763,0.858611,5.04451,0,0.0122091,1780 1763 1762 -1
GCP,adapt_p80-40593177313954_a247-49999999999997_306_map.h5,8.021,10,59,384,9.594069:247.500000,1080,False,144,4,1077,0.236109,6.19316,0,0.0145142,1268 1076 1077 -1
GCP,adapt_p80-40593177313954_a157-5_83_map.h5,6.65251,10,249,1157,9.594069:157.500000,1063,False,41,4,1130,0.610383,5.57682,0,0.012307,1062 1130 1131 -1
GCP,adapt_p70-52877936550931_a33-75_559_map.h5,7.67934,10,197,738,19.471220:33.750000,1173,False,40,4,1361,0.590741,5.17426,0,0.0124596,1418 1361 1362 -1
GCP,adapt_p70-52877936550931_a56-24999999999999_370_map.h5,6.66694,10,245,1055,19.471220:56.250000,1177,False,45,4,1110,0.68305,5.51268,0,0.0128657,1107 1109 1110 -1
GCP,adapt_p60-00000000000001_a202-49999999999997_333_map.h5,8.87719,10,438,363,30.000000:202.500000,1328,True,14,6,1266,0.997239,8.26094,0,0.012593,1327 1327 1328 1266 1265 -1
GCP,adapt_p60-00000000000001_a112-49999999999999_162_map.h5,5.68157,10,320,1444,30.000000:112.500000,1313,True,37,4,1313,0.587451,5.21101,0,0.0122654,1374 1314 1313 -1
GCP,adapt_p70-52877936550931_a11-25_74_map.h5,6.86045,10,419,1165,19.471220:11.250000,1169,False,15,4,1102,0.670223,4.89445,0,0.0123533,1101 1102 1168 -1
GCP,adapt_p80-40593177313954_a22-5_264_map.h5,5.80161,10,405,1513,9.594069:22.500000,1038,True,21,4,1039,0.805409,4.91687,0,0.0122223,1037 1038 1039 -1
GCP,adapt_p23-556464309101234_a202-5_200_map.h5,8.90118,10,789,391,66.443535:202.500000,1704,True,7,6,1704,0.999978,8.37272,0,0.0125954,1705 1705 1732 1704 1671 -1
GCP,adapt_p80-40593177313954_a45-0_297_map.h5,7.8657,10,563,736,9.594069:45.000000,1042,True,12,5,1043,0.995717,5.91115,0,0.0121019,975 975 1043 1042 -1
GCP,adapt_p70-52877936550931_a191-25_249_map.h5,6.86952,10,630,1108,19.471220:191.250000,1201,False,11,5,1202,0.951109,5.9008,0,0.0122704,1137 1137 1202 1136 -1
GCP,adapt_p60-00000000000001_a224-99999999999997_585_map.h5,6.87634,10,527,1149,30.000000:225.000000,1331,False,12,5,1390,0.989268,5.84116,0,0.0124661,1446 1446 1389 1390 -1
GCP,adapt_p60-00000000000001_a224-99999999999997_104_map.h5,6.84829,10,464,1143,30.000000:225.000000,1331,True,15,4,1331,0.87619,4.83221,0,0.0125199,1332 1331 1389 -1
GCP,adapt_p80-40593177313954_a45-0_35_map.h5,5.8626,10,406,1529,9.594069:45.000000,1042,True,13,4,1043,0.976556,4.91036,0,0.012203,975 1043 1042 -1
GCP,adapt_p48-18968510422141_a191-25_426_map.h5,8.86557,10,296,422,41.810314:191.250000,1494,True,15,6,1494,0.9963,8.27571,0,0.0122188,1545 1545 1544 1494 1493 -1
GCP,adapt_p70-52877936550931_a191-25_336_map.h5,5.06448,10,68,757,19.471220:191.250000,1201,False,466,2,1562,0,0.034119,0,0.034119,1127 -1
GCP,adapt_p48-18968510422141_a33-75_318_map.h5,7.86848,10,425,742,41.810314:33.750000,1471,True,13,5,1417,0.880047,7.22771,0,0.0123172,1471 1472 1418 1417 -1
GCP,adapt_p60-00000000000001_a67-5_222_map.h5,7.78744,10,244,753,30.000000:67.500000,1305,False,26,5,1365,0.875496,7.48101,0,0.0123628,1423 1364 1365 1306 -1
GCP,adapt_p35-659087696138755_a14-999999999999998_121_map.h5,7.88592,10,584,762,54.340912:15.000000,1568,True,8,5,1569,0.999125,5.81318,0,0.012891,1613 1613 1569 1568 -1
GCP,adapt_p80-40593177313954_a22-5_300_map.h5,6.83527,10,349,1073,9.594069:22.500000,1038,True,18,5,1038,0.917288,5.91809,0,0.0125419,1037 1037 1038 1039 -1
GCP,adapt_p60-00000000000001_a112-49999999999999_110_map.h5,8.79354,10,243,381,30.000000:112.500000,1313,True,22,5,1313,0.797043,7.3858,0,0.0122721,1314 1313 1312 1250 -1
GCP,adapt_p70-52877936550931_a236-25_189_map.h5,7.83533,10,372,751,19.471220:236.250000,1209,True,18,5,1208,0.886566,7.48774,0,0.0124846,1207 1208 1209 1143 -1
GCP,adapt_p60-00000000000001_a22-5_34_map.h5,6.88607,10,509,1138,30.000000:22.500000,1298,True,10,5,1298,0.996515,5.86005,0,0.0126945,1357 1357 1298 1297 -1
GCP,adapt_p35-659087696138755_a285-0_68_map.h5,8.57719,10,98,377,54.340912:285.000000,1601,False,60,5,1600,0.567721,8.12417,0,0.0126107,1508 1600 1556 1555 -1
GCP,adapt_p80-40593177313954_a315-0_173_map.h5,6.83305,10,528,1187,9.594069:315.000000,1093,True,17,4,1093,0.925995,4.95611,0,0.0127684,1158 1093 1094 -1
GCP,adapt_p60-00000000000001_a90-0_528_map.h5,5.82932,10,388,1533,30.000000:90.000000,1309,True,19,4,1309,0.826922,4.82651,0,0.0124806,1246 1309 1308 -1
GCP,adapt_p11-715852394892384_a45-0_116_map.h5,7.87583,10,405,776,78.284149:45.000000,1766,True,12,5,1766,0.958396,7.32454,0,0.0129718,1746 1766 1767 1746 -1
GCP,adapt_p80-40593177313954_a157-5_386_map.h5,7.80652,10,301,756,9.594069:157.500000,1063,True,22,5,1063,0.657914,7.37228,0,0.012293,994 995 1063 1062 -1
GCP,adapt_p70-52877936550931_a326-24999999999994_112_map.h5,8.89238,10,455,377,19.471220:326.250000,1225,True,12,6,1225,0.999542,8.31815,0,0.0124134,1288 1288 1287 1224 1225 -1
GCP,adapt_p35-659087696138755_a224-99999999999997_251_map.h5,6.87971,10,612,1135,54.340912:225.000000,1594,True,11,4,1594,0.987566,4.77744,0,0.012087,1593 1594 1636 -1
GCP,adapt_p60-00000000000001_a67-5_593_map.h5,4.77258,10,106,1497,30.000000:67.500000,1305,False,169,3,1239,0.128805,2.98588,0,0.0151801,1362 1239 -1
GCP,adapt_p60-00000000000001_a67-5_203_map.h5,6.88263,10,630,1111,30.000000:67.500000,1305,True,10,5,1306,0.983667,5.80598,0,0.0121538,1243 1243 1306 1305 -1
GCP,adapt_p70-52877936550931_a146-25_164_map.h5,7.82454,10,459,801,19.471220:146.250000,1193,False,14,5,1127,0.941171,7.26021,0,0.0122579,1061 1062 1128 1127 -1
GCP,adapt_p80-40593177313954_a292-5_358_map.h5,6.81359,10,431,1176,9.594069:292.500000,1088,False,21,4,1089,0.863549,4.91039,0,0.0122364,1022 1090 1089 -1
GCP,adapt_p60-00000000000001_a135-0_206_map.h5,8.89194,10,588,411,30.000000:135.000000,1316,True,9,6,1317,0.999898,8.27479,0,0.0128584,1375 1375 1376 1317 1316 -1
GCP,adapt_p23-556464309101234_a247-49999999999997_96_map.h5,8.89427,10,576,369,66.443535:247.500000,1708,True,11,6,1708,0.995745,8.2946,0,0.0125327,1735 1735 1707 1708 1675 -1
GCP,adapt_p80-40593177313954_a22-5_199_map.h5,6.86571,10,526,1115,9.594069:22.500000,1038,True,12,4,1039,0.926301,4.88301,0,0.0131277,1038 1039 1105 -1
GCP,adapt_p35-659087696138755_a255-00000000000003_120_map.h5,5.27552,10,83,1200,54.340912:255.000000,1598,False,240,2,1552,0,0.0176843,0,0.0176843,1235 -1
GCP,adapt_p23-556464309101234_a112-5_251_map.h5,7.80755,10,250,751,66.443535:112.500000,1697,True,25,5,1697,0.902352,7.44003,0,0.0122826,1724 1696 1697 1726 -1
GCP,adapt_p60-00000000000001_a157-5_362_map.h5,6.8009,10,329,1119,30.000000:157.500000,1320,False,23,4,1322,0.827986,4.91859,0,0.012902,1379 1380 1322 -1
GCP,adapt_p60-00000000000001_a0-0_442_map.h5,8.89147,10,479,353,30.000000:0.000000,1294,True,10,6,1294,0.999904,8.32538,0,0.0123339,1295 1295 1354 1411 1294 -1
GCP,adapt_p48-18968510422141_a101-24999999999999_232_map.h5,7.67571,10,232,743,41.810314:101.250000,1481,False,43,4,1579,0.641955,5.50899,0,0.0131094,1663 1623 1579 -1
GCP,adapt_p35-659087696138755_a135-0_464_map.h5,8.89994,10,767,387,54.340912:135.000000,1583,True,8,6,1583,0.999988,8.19849,0,0.0128647,1626 1626 1625 1582 1583 -1
GCP,adapt_p80-40593177313954_a224-99999999999997_561_map.h5,4.68151,10,120,1951,9.594069:225.000000,1076,False,37,3,1011,0.263679,2.9805,0,0.0123285,1145 1011 -1
GCP,adapt_p11-715852394892384_a45-0_322_map.h5,5.41282,10,104,1486,78.284149:45.000000,1766,False,88,3,1692,0.532031,4.55665,0,0.0129966,1764 1692 -1
GCP,adapt_p60-00000000000001_a224-99999999999997_317_map.h5,7.82563,10,467,732,30.000000:225.000000,1331,True,16,5,1269,0.965173,7.28454,0,0.0121941,1271 1270 1269 1331 -1
GCP,adapt_p80-40593177313954_a0-0_327_map.h5,8.90019,10,510,374,9.594069:0.000000,1034,True,10,6,1034,0.999961,8.36416,0,0.0125817,1166 1166 1101 1034 1100 -1
GCP,adapt_p70-52877936550931_a236-25_519_map.h5,8.75518,10,112,366,19.471220:236.250000,1209,True,35,5,1209,0.820637,7.60068,0,0.0126345,1207 1143 1144 1209 -1
GCP,adapt_p80-40593177313954_a270-0_557_map.h5,6.84964,10,564,1109,9.594069:270.000000,1084,True,15,4,1085,0.865126,4.91681,0,0.0121692,1084 1085 1086 -1
GCP,adapt_p11-715852394892384_a135-0_130_map.h5,6.86429,10,458,1218,78.284149:135.000000,1770,True,14,4,1752,0.940619,4.84781,0,0.0125112,1770 1752 1753 -1
GCP,adapt_p80-40593177313954_a112-49999999999999_444_map.h5,7.71727,10,165,731,9.594069:112.500000,1055,False,38,4,1054,0.714412,5.36555,0,0.01354,1186 1054 1053 -1
GCP,adapt_p70-52877936550931_a326-24999999999994_251_map.h5,7.88165,10,487,753,19.471220:326.250000,1225,True,12,5,1225,0.989409,5.8491,0,0.0121709,1160 1160 1225 1224 -1
GCP,adapt_p48-18968510422141_a303-75_20_map.h5,8.88847,10,518,375,41.810314:303.750000,1510,True,10,6,1510,0.999306,8.21726,0,0.0123164,1457 1457 1458 1510 1509 -1
GCP,adapt_p70-52877936550931_a168-74999999999997_303_map.h5,7.88655,10,704,760,19.471220:168.750000,1197,True,10,5,1197,0.994967,5.91978,0,0.0122337,1198 1198 1197 1196 -1
GCP,adapt_p11-715852394892384_a315-0_375_map.h5,8.88326,10,533,371,78.284149:315.000000,1778,True,10,6,1762,0.982391,8.04021,0,0.0125357,1778 1778 1779 1763 1762 -1
GCP,adapt_p60-00000000000001_a247-49999999999997_420_map.h5,7.88849,10,624,788,30.000000:247.500000,1335,True,11,5,1336,0.998314,5.88476,0,0.0122853,1274 1274 1335 1336 -1
GCP,adapt_p60-00000000000001_a247-49999999999997_229_map.h5,6.8454,10,486,1153,30.000000:247.500000,1335,True,15,4,1335,0.832669,4.91342,0,0.0123897,1336 1335 1273 -1
GCP,adapt_p23-556464309101234_a22-5_461_map.h5,6.83528,10,277,1065,66.443535:22.500000,1689,True,19,4,1689,0.862007,4.76062,0,0.0125336,1653 1689 1688 -1
GCP,adapt_p11-715852394892384_a315-0_34_map.h5,7.83205,10,397,778,78.284149:315.000000,1778,False,23,5,1791,0.839289,7.40003,0,0.0127643,1796 1791 1780 1781 -1
GCP,adapt_p80-40593177313954_a157-5_187_map.h5,7.85839,10,500,718,9.594069:157.500000,1063,True,13,5,1063,0.99395,7.36332,0,0.0124099,1062 1063 1064 996 -1
GCP,adapt_p70-52877936550931_a78-75_382_map.h5,8.88343,10,497,383,19.471220:78.750000,1181,True,12,6,1181,0.990834,8.28005,0,0.0123815,1244 1244 1245 1182 1181 -1
GCP,adapt_p35-659087696138755_a285-0_497_map.h5,7.86728,10,444,755,54.340912:285.000000,1601,True,14,5,1643,0.955225,7.22672,0,0.0125127,1642 1643 1602 1601 -1
GCP,adapt_p35-659087696138755_a165-0_521_map.h5,8.89786,10,598,364,54.340912:165.000000,1587,True,9,6,1587,0.999985,8.20434,0,0.0129095,1541 1541 1587 1586 1629 -1
GCP,adapt_p80-40593177313954_a90-0_392_map.h5,7.81525,10,335,777,9.594069:90.000000,1051,True,20,5,983,0.800527,7.45931,0,0.0125585,1118 1051 983 1050 -1
GCP,adapt_p35-659087696138755_a75-0_193_map.h5,7.89017,10,596,771,54.340912:75.000000,1576,True,9,5,1576,0.99922,5.81136,0,0.012625,1619 1619 1575 1576 -1
GCP,adapt_p48-18968510422141_a56-24999999999999_303_map.h5,5.42711,10,139,1495,41.810314:56.250000,1475,False,82,3,1526,0.354481,3.97578,0,0.0127434,1365 1526 -1
GCP,adapt_p60-00000000000001_a90-0_573_map.h5,5.78214,10,276,1493,30.000000:90.000000,1309,False,26,4,1368,0.754177,5.3514,0,0.0126464,1245 1367 1368 -1
GCP,adapt_p60-00000000000001_a270-0_502_map.h5,8.88457,10,672,339,30.000000:270.000000,1339,True,9,6,1339,0.997971,8.5496,0,0.0122106,1278 1278 1340 1339 1277 -1
GCP,adapt_p23-556464309101234_a292-5_347_map.h5,7.81846,10,223,741,66.443535:292.500000,1712,True,23,5,1712,0.949822,7.17209,0,0.0123306,1740 1739 1713 1712 -1
GCP,adapt_p48-18968510422141_a303-75_491_map.h5,8.88966,10,500,383,41.810314:303.750000,1510,True,8,6,1459,0.999996,8.2193,0,0.012127,1458 1458 1459 1511 1510 -1
GCP,adapt_p80-40593177313954_a292-5_302_map.h5,8.62969,10,123,353,9.594069:292.500000,1088,False,43,5,1154,0.670476,7.97842,0,0.0131097,1087 1219 1154 1155 -1
GCP,adapt_p70-52877936550931_a56-24999999999999_214_map.h5,6.73154,10,165,1123,19.471220:56.250000,1177,False,32,4,1238,0.725811,4.89453,0,0.0122651,1240 1239 1238 -1
GCP,adapt_p70-52877936550931_a123-74999999999999_112_map.h5,7.86912,10,482,681,19.471220:123.750000,1189,False,12,5,1188,0.921668,7.40231,0,0.0126757,1123 1122 1188 1123 -1
GCP,adapt_p48-18968510422141_a146-25_446_map.h5,8.88564,10,598,334,41.810314:146.250000,1488,True,8,6,1435,0.999978,8.24246,0,0.0121486,1434 1434 1435 1488 1487 -1
GCP,adapt_p80-40593177313954_a247-49999999999997_357_map.h5,6.74531,10,248,1123,9.594069:247.500000,1080,True,30,4,1080,0.651003,5.22036,0,0.0125208,1147 1080 1012 -1
GCP,adapt_p60-00000000000001_a135-0_85_map.h5,7.85827,10,362,745,30.000000:135.000000,1316,True,15,5,1376,0.949653,7.27271,0,0.0125314,1316 1317 1376 1375 -1
GCP,adapt_p70-52877936550931_a101-24999999999999_379_map.h5,8.88352,10,552,371,19.471220:101.250000,1185,False,10,6,1247,0.99692,8.27337,0,0.0122934,1248 1248 1247 1184 1183 -1
GCP,adapt_p48-18968510422141_a326-24999999999994_123_map.h5,7.88568,10,746,752,41.810314:326.250000,1514,True,11,5,1514,0.988994,5.80661,0,0.0121279,1462 1462 1514 1515 -1
GCP,adapt_p35-659087696138755_a75-0_406_map.h5,6.25469,10,186,1065,54.340912:75.000000,1576,False,92,4,1500,0.542453,5.25342,0,0.0131224,1445 1499 1500 -1
GCP,adapt_p48-18968510422141_a213-75_474_map.h5,8.88839,10,807,327,41.810314:213.750000,1497,True,9,6,1445,0.999769,8.24508,0,0.0124181,1498 1498 1497 1444 1445 -1
GCP,adapt_p48-18968510422141_a123-74999999999999_268_map.h5,7.8626,10,388,790,41.810314:123.750000,1484,False,13,5,1432,0.978739,7.26788,0,0.0131894,1485 1486 1433 1432 -1
GCP,adapt_p35-659087696138755_a255-00000000000003_131_map.h5,6.85066,10,470,1121,54.340912:255.000000,1598,False,14,4,1676,0.684002,4.75726,0,0.0121486,1708 1675 1676 -1
GCP,adapt_p48-18968510422141_a191-25_72_map.h5,8.17591,10,66,409,41.810314:191.250000,1494,False,133,4,1672,0.400361,6.84227,0,0.0138848,1543 1705 1672 -1
GCP,adapt_p11-715852394892384_a45-0_298_map.h5,7.88161,10,485,659,78.284149:45.000000,1766,True,11,5,1766,0.897408,7.26979,0,0.0121851,1747 1746 1766 1747 -1
GCP,adapt_p70-52877936550931_a56-24999999999999_74_map.h5,7.68034,10,215,758,19.471220:56.250000,1177,True,42,5,1177,0.675975,7.48585,0,0.0125198,1303 1239 1176 1177 -1
GCP,adapt_p70-52877936550931_a56-24999999999999_315_map.h5,8.82065,10,387,355,19.471220:56.250000,1177,True,21,5,1176,0.85289,7.31082,0,0.0121756,1175 1176 1177 1240 -1
GCP,adapt_p60-00000000000001_a157-5_293_map.h5,8.72512,10,180,399,30.000000:157.500000,1320,True,33,5,1259,0.596368,7.2566,0,0.0126747,1260 1259 1258 1320 -1
GCP,adapt_p35-659087696138755_a165-0_534_map.h5,8.70952,10,118,405,54.340912:165.000000,1587,False,39,5,1535,0.795411,7.46563,0,0.012298,1486 1536 1535 1484 -1
GCP,adapt_p35-659087696138755_a135-0_39_map.h5,8.87517,10,511,397,54.340912:135.000000,1583,False,10,6,1537,0.998264,8.20979,0,0.0126266,1536 1536 1537 1486 1485 -1
GCP,adapt_p60-00000000000001_a157-5_222_map.h5,7.88161,10,572,767,30.000000:157.500000,1320,True,11,5,1321,0.978857,5.86357,0,0.0121891,1379 1379 1320 1321 -1
GCP,adapt_p70-52877936550931_a258-75_460_map.h5,7.86848,10,574,750,19.471220:258.750000,1213,True,12,5,1213,0.881121,5.83148,0,0.0123218,1276 1276 1213 1214 -1
GCP,adapt_p60-00000000000001_a157-5_89_map.h5,6.83793,10,434,1141,30.000000:157.500000,1320,True,17,4,1320,0.680756,4.90774,0,0.0128831,1322 1321 1320 -1
GCP,adapt_p60-00000000000001_a135-0_555_map.h5,5.66661,10,167,1501,30.000000:135.000000,1316,False,44,4,1255,0.557894,5.13579,0,0.0132129,1191 1255 1318 -1
GCP,adapt_p70-52877936550931_a101-24999999999999_308_map.h5,8.78331,10,161,364,19.471220:101.250000,1185,True,27,5,1185,0.91657,7.37292,0,0.0125046,1183 1184 1185 1186 -1
GCP,adapt_p48-18968510422141_a123-74999999999999_352_map.h5,6.88519,10,659,1106,41.810314:123.750000,1484,True,9,5,1431,0.999491,5.87576,0,0.0126132,1484 1484 1431 1430 -1
GCP,adapt_p35-659087696138755_a315-0_105_map.h5,6.82247,10,386,1154,54.340912:315.000000,1605,True,19,4,1606,0.868361,4.77785,0,0.0123244,1646 1605 1606 -1
GCP,adapt_p48-18968510422141_a168-74999999999997_214_map.h5,7.78277,10,202,736,41.810314:168.750000,1491,False,26,5,1493,0.805348,7.2191,0,0.0130396,1439 1492 1543 1493 -1
GCP,adapt_p80-40593177313954_a90-0_397_map.h5,7.89571,10,654,730,9.594069:90.000000,1051,True,10,5,1050,0.995067,5.91113,0,0.0120846,983 983 1051 1050 -1
GCP,adapt_p23-556464309101234_a67-5_74_map.h5,7.80844,10,264,764,66.443535:67.500000,1693,False,24,5,1723,0.851379,7.12942,0,0.0123602,1748 1749 1724 1723 -1
GCP,adapt_p60-00000000000001_a337-49999999999994_207_map.h5,7.7363,10,143,782,30.000000:337.500000,1350,False,33,5,1352,0.826199,7.3735,0,0.0125047,1290 1291 1292 1352 -1
GCP,adapt_p80-40593177313954_a224-99999999999997_161_map.h5,6.0339,10,114,1171,9.594069:225.000000,1076,False,133,4,1143,0.505422,5.57022,0,0.0138955,1331 1208 1143 -1
GCP,adapt_p48-18968510422141_a78-75_129_map.h5,7.6314,10,176,740,41.810314:78.750000,1478,True,49,5,1478,0.748265,7.5606,0,0.0124167,1423 1478 1530 1529 -1
GCP,adapt_p35-659087696138755_a14-999999999999998_417_map.h5,8.83433,10,225,393,54.340912:15.000000,1568,True,19,5,1568,0.911354,7.25118,0,0.0124846,1569 1568 1612 1613 -1
GCP,adapt_p23-556464309101234_a202-5_170_map.h5,5.82133,10,292,1445,66.443535:202.500000,1704,False,20,4,1733,0.750536,4.77333,0,0.0124606,1756 1732 1733 -1
GCP,adapt_p48-18968510422141_a78-75_237_map.h5,8.87653,10,463,393,41.810314:78.750000,1478,True,13,6,1425,0.979487,8.23756,0,0.0122769,1478 1478 1479 1425 1424 -1
GCP,adapt_p48-18968510422141_a326-24999999999994_416_map.h5,6.77926,10,233,1144,41.810314:326.250000,1514,False,26,4,1512,0.78187,5.11055,0,0.0125532,1560 1512 1513 -1
GCP,adapt_p11-715852394892384_a225-0_447_map.h5,7.87853,10,380,732,78.284149:225.000000,1774,True,14,5,1788,0.957821,7.05351,0,0.0122515,1775 1788 1787 1774 -1
GCP,adapt_p60-00000000000001_a292-5_312_map.h5,7.83056,10,409,775,30.000000:292.500000,1343,True,19,5,1343,0.880919,7.15799,0,0.0122613,1281 1342 1343 1401 -1
GCP,adapt_p60-00000000000001_a180-0_17_map.h5,6.84751,10,476,1112,30.000000:180.000000,1324,False,16,4,1440,0.681862,5.09899,0,0.0122904,1441 1440 1382 -1
GCP,adapt_p70-52877936550931_a56-24999999999999_426_map.h5,6.85355,10,434,1202,19.471220:56.250000,1177,False,16,4,1111,0.952892,4.91132,0,0.0122576,1110 1111 1112 -1
GCP,adapt_p23-556464309101234_a157-5_179_map.h5,7.85894,10,318,670,66.443535:157.500000,1701,True,15,5,1700,0.978382,7.15784,0,0.0128579,1728 1729 1701 1700 -1
GCP,adapt_p23-556464309101234_a292-5_226_map.h5,7.87458,10,561,808,66.443535:292.500000,1712,True,10,5,1712,0.989255,5.82513,0,0.0122174,1679 1679 1680 1712 -1
GCP,adapt_p48-18968510422141_a168-74999999999997_148_map.h5,8.87949,10,500,370,41.810314:168.750000,1491,True,10,6,1437,0.998812,8.22376,0,0.0123087,1491 1491 1490 1437 1438 -1
GCP,adapt_p60-00000000000001_a202-49999999999997_79_map.h5,8.87767,10,371,346,30.000000:202.500000,1328,True,13,6,1328,0.986029,8.26079,0,0.01308,1267 1267 1266 1328 1327 -1
GCP,adapt_p48-18968510422141_a11-25_197_map.h5,5.61305,10,92,1515,41.810314:11.250000,1468,False,53,3,1521,0.221965,3.17637,0,0.012731,1614 1521 -1
GCP,adapt_p60-00000000000001_a22-5_435_map.h5,7.85838,10,386,780,30.000000:22.500000,1298,True,15,5,1298,0.977801,7.296,0,0.0124199,1297 1298 1357 1358 -1
GCP,adapt_p70-52877936550931_a56-24999999999999_308_map.h5,8.88465,10,582,336,19.471220:56.250000,1177,True,11,6,1177,0.999378,8.30039,0,0.0131413,1241 1241 1240 1177 1178 -1
GCP,adapt_p70-52877936550931_a191-25_103_map.h5,8.85891,10,467,385,19.471220:191.250000,1201,True,14,6,1200,0.975761,8.27322,0,0.012878,1135 1135 1201 1200 1263 -1
GCP,adapt_p48-18968510422141_a281-24999999999994_296_map.h5,6.71172,10,163,1131,41.810314:281.250000,1507,False,39,4,1456,0.62278,4.74503,0,0.0131012,1557 1508 1456 -1
GCP,adapt_p80-40593177313954_a315-0_546_map.h5,8.82417,10,321,378,9.594069:315.000000,1093,True,16,6,1093,0.895244,8.37348,0,0.0126107,1026 1026 1025 1093 1094 -1
GCP,adapt_p60-00000000000001_a45-0_147_map.h5,6.86756,10,507,1121,30.000000:45.000000,1301,True,13,5,1302,0.983168,5.82631,0,0.012251,1361 1361 1302 1301 -1
GCP,adapt_p70-52877936550931_a56-24999999999999_255_map.h5,6.85995,10,410,1100,19.471220:56.250000,1177,True,14,4,1239,0.784925,4.84539,0,0.0128517,1177 1240 1239 -1
GCP,adapt_p80-40593177313954_a292-5_310_map.h5,6.84754,10,438,1098,9.594069:292.500000,1088,False,15,4,1089,0.828006,4.9104,0,0.0122552,1090 1089 1021 -1
GCP,adapt_p48-18968510422141_a191-25_565_map.h5,8.78326,10,173,331,41.810314:191.250000,1494,True,27,5,1544,0.829307,7.19464,0,0.0125323,1441 1494 1544 1545 -1
GCP,adapt_p48-18968510422141_a191-25_394_map.h5,8.89738,10,505,355,41.810314:191.250000,1494,True,9,6,1441,0.999863,8.4783,0,0.0134235,1494 1494 1442 1441 1440 -1
GCP,adapt_p80-40593177313954_a337-49999999999994_363_map.h5,8.87328,10,288,385,9.594069:337.500000,1097,True,12,6,1029,0.985994,8.37343,0,0.0125369,1097 1097 1096 1028 1029 -1
GCP,adapt_p48-18968510422141_a348-74999999999994_126_map.h5,6.1869,10,106,1171,41.810314:348.750000,1517,False,121,4,1408,0.356291,5.35533,0,0.013684,1291 1409 1408 -1
GCP,adapt_p70-52877936550931_a348-74999999999994_301_map.h5,8.89356,10,493,342,19.471220:348.750000,1229,True,9,6,1229,0.999139,8.32712,0,0.0122442,1164 1164 1163 1228 1229 -1
GCP,adapt_p35-659087696138755_a224-99999999999997_244_map.h5,8.89125,10,635,340,54.340912:225.000000,1594,True,10,6,1636,0.999958,8.19386,0,0.0125478,1637 1637 1636 1594 1595 -1
GCP,adapt_p23-556464309101234_a202-5_456_map.h5,6.86457,10,473,1074,66.443535:202.500000,1704,True,12,5,1704,0.995582,5.77632,0,0.0122346,1732 1732 1704 1705 -1
GCP,adapt_p48-18968510422141_a191-25_196_map.h5,6.88251,10,437,1188,41.810314:191.250000,1494,True,10,5,1441,0.997253,5.79298,0,0.0122801,1494 1494 1441 1442 -1
GCP,adapt_p48-18968510422141_a168-74999999999997_65_map.h5,8.89695,10,793,346,41.810314:168.750000,1491,True,9,6,1491,0.98942,8.28522,0,0.0128445,1541 1541 1491 1490 1437 -1
GCP,adapt_p70-52877936550931_a258-75_354_map.h5,7.8784,10,554,772,19.471220:258.750000,1213,True,12,5,1214,0.937142,7.6104,0,0.0124024,1213 1214 1277 1213 -1
GCP,adapt_p35-659087696138755_a315-0_206_map.h5,6.8726,10,467,1073,54.340912:315.000000,1605,True,13,5,1646,0.931506,5.76961,0,0.0121821,1605 1605 1646 1647 -1
GCP,adapt_p11-715852394892384_a315-0_273_map.h5,7.8815,10,551,729,78.284149:315.000000,1778,False,11,5,1763,0.985606,5.71774,0,0.0122907,1779 1779 1763 1762 -1
GCP,adapt_p80-40593177313954_a202-49999999999997_102_map.h5,8.87991,10,556,370,9.594069:202.500000,1072,True,11,6,1071,0.999802,8.37585,0,0.0128816,1004 1004 1005 1072 1071 -1
GCP,adapt_p60-00000000000001_a112-49999999999999_370_map.h5,6.06497,10,184,1063,30.000000:112.500000,1313,False,137,3,1320,0.145273,5.9834,0,0.0137769,1250 1320 -1
GCP,adapt_p48-18968510422141_a281-24999999999994_539_map.h5,7.86157,10,398,787,41.810314:281.250000,1507,True,16,5,1454,0.835636,7.23335,0,0.0122367,1453 1454 1506 1507 -1
GCP,adapt_p35-659087696138755_a195-0_585_map.h5,8.89357,10,828,391,54.340912:195.000000,1590,True,6,6,1590,0.999999,8.25174,0,0.0122112,1633 1633 1632 1590 1591 -1
GCP,adapt_p35-659087696138755_a135-0_423_map.h5,8.89753,10,764,386,54.340912:135.000000,1583,True,7,6,1583,0.999971,8.19723,0,0.0122797,1626 1626 1627 1584 1583 -1
GCP,adapt_p35-659087696138755_a344-99999999999994_465_map.h5,8.52051,10,98,371,54.340912:345.000000,1609,True,74,4,1609,0.511587,5.96898,0,0.0132873,1514 1609 1650 -1
GCP,adapt_p48-18968510422141_a101-24999999999999_559_map.h5,8.88157,10,437,384,41.810314:101.250000,1481,True,10,6,1481,0.998783,8.26423,0,0.013241,1428 1428 1427 1481 1480 -1
GCP,adapt_p60-00000000000001_a247-49999999999997_494_map.h5,6.78746,10,309,1110,30.000000:247.500000,1335,False,24,4,1274,0.672517,4.89457,0,0.012331,1334 1273 1274 -1
GCP,adapt_p35-659087696138755_a255-00000000000003_108_map.h5,6.81357,10,261,1138,54.340912:255.000000,1598,False,20,4,1638,0.808093,4.8006,0,0.0122341,1597 1639 1638 -1
GCP,adapt_p23-556464309101234_a67-5_119_map.h5,6.87448,10,496,1160,66.443535:67.500000,1693,True,11,5,1693,0.989338,5.81817,0,0.0123013,1658 1658 1657 1693 -1
GCP,adapt_p60-00000000000001_a90-0_315_map.h5,6.8647,10,482,1090,30.000000:90.000000,1309,True,12,5,1309,0.991437,5.83801,0,0.0121021,1247 1247 1310 1309 -1
GCP,adapt_p35-659087696138755_a165-0_323_map.h5,6.82659,10,363,1112,54.340912:165.000000,1587,True,17,4,1587,0.808012,4.91238,0,0.0122117,1542 1587 1586 -1
GCP,adapt_p48-18968510422141_a168-74999999999997_272_map.h5,8.89549,10,741,357,41.810314:168.750000,1491,True,7,6,1491,0.99997,8.21879,0,0.0123144,1490 1490 1491 1438 1437 -1
GCP,adapt_p80-40593177313954_a90-0_446_map.h5,6.85157,10,395,1132,9.594069:90.000000,1051,True,14,5,1050,0.982444,5.83743,0,0.0122065,1116 1116 1050 1051 -1
GCP,adapt_p23-556464309101234_a202-5_34_map.h5,7.88358,10,609,765,66.443535:202.500000,1704,True,10,5,1704,0.998698,7.25586,0,0.0122376,1705 1704 1732 1705 -1
GCP,adapt_p80-40593177313954_a0-0_23_map.h5,7.88321,10,451,731,9.594069:0.000000,1034,False,12,5,1100,0.999018,5.91161,0,0.0125657,1032 1032 1100 1099 -1
GCP,adapt_p70-52877936550931_a281-24999999999994_263_map.h5,8.83452,10,265,376,19.471220:281.250000,1217,False,19,5,1218,0.787959,7.25764,0,0.0123041,1155 1154 1153 1218 -1
GCP,adapt_p35-659087696138755_a344-99999999999994_97_map.h5,7.87361,10,462,751,54.340912:345.000000,1609,True,10,5,1609,0.997528,5.81092,0,0.0121802,1649 1649 1608 1609 -1
GCP,adapt_p80-40593177313954_a0-0_552_map.h5,7.88284,10,615,782,9.594069:0.000000,1034,True,10,5,1034,0.998374,5.9185,0,0.0129561,1035 1035 1034 1100 -1
GCP,adapt_p23-556464309101234_a292-5_533_map.h5,6.87568,10,550,1122,66.443535:292.500000,1712,True,12,4,1712,0.959881,4.83144,0,0.0121373,1679 1712 1711 -1
GCP,adapt_p35-659087696138755_a75-0_7_map.h5,6.87892,10,651,1093,54.340912:75.000000,1576,False,9,5,1619,0.993264,5.80255,0,0.0128767,1575 1575 1619 1620 -1
GCP,adapt_p80-40593177313954_a315-0_324_map.h5,8.89363,10,625,398,9.594069:315.000000,1093,False,8,6,1092,0.999862,8.31799,0,0.0121636,1157 1157 1158 1092 1091 -1
GCP,adapt_p48-18968510422141_a56-24999999999999_461_map.h5,8.6754,10,142,347,41.810314:56.250000,1475,True,47,5,1475,0.69512,7.12311,0,0.0124202,1363 1421 1475 1476 -1
GCP,adapt_p35-659087696138755_a165-0_233_map.h5,6.78696,10,507,1117,54.340912:165.000000,1587,False,10,5,1629,0.994809,5.81182,0,0.0128457,1667 1667 1629 1630 -1
GCP,adapt_p80-40593177313954_a315-0_258_map.h5,7.79563,10,383,730,9.594069:315.000000,1093,False,24,5,1158,0.824117,7.27983,0,0.0121842,1223 1158 1092 1157 -1
GCP,adapt_p60-00000000000001_a135-0_143_map.h5,7.83661,10,271,731,30.000000:135.000000,1316,False,16,5,1317,0.947252,7.27264,0,0.0121829,1318 1317 1376 1375 -1
GCP,adapt_p70-52877936550931_a101-24999999999999_311_map.h5,5.80326,10,260,1509,19.471220:101.250000,1185,True,24,4,1248,0.69814,5.05934,0,0.0125466,1118 1185 1248 -1
GCP,adapt_p48-18968510422141_a56-24999999999999_595_map.h5,6.86432,10,432,1168,41.810314:56.250000,1475,False,13,5,1420,0.88663,5.79076,0,0.0124792,1474 1474 1420 1421 -1
GCP,adapt_p60-00000000000001_a67-5_459_map.h5,8.87351,10,355,372,30.000000:67.500000,1305,True,13,6,1306,0.996475,8.24846,0,0.0122739,1242 1242 1243 1306 1305 -1
GCP,adapt_p60-00000000000001_a292-5_207_map.h5,7.87102,10,677,726,30.000000:292.500000,1343,True,10,5,1343,0.988219,7.50291,0,0.0127977,1342 1343 1282 1342 -1
GCP,adapt_p60-00000000000001_a270-0_567_map.h5,6.78681,10,178,1194,30.000000:270.000000,1339,False,25,4,1398,0.732919,5.21692,0,0.0129917,1453 1398 1399 -1
GCP,adapt_p48-18968510422141_a78-75_103_map.h5,8.8693,10,240,378,41.810314:78.750000,1478,True,14,6,1478,0.998527,8.23832,0,0.0124935,1424 1424 1425 1479 1478 -1
GCP,adapt_p80-40593177313954_a270-0_364_map.h5,7.87054,10,404,712,9.594069:270.000000,1084,True,13,5,1085,0.958901,7.28839,0,0.0122576,1150 1151 1085 1084 -1
GCP,adapt_p70-52877936550931_a281-24999999999994_546_map.h5,8.81959,10,216,350,19.471220:281.250000,1217,True,23,5,1279,0.822369,7.19326,0,0.0122269,1340 1279 1280 1217 -1
GCP,adapt_p60-00000000000001_a112-49999999999999_304_map.h5,7.67637,10,165,815,30.000000:112.500000,1313,True,39,4,1313,0.600699,5.37438,0,0.0124365,1315 1251 1313 -1
GCP,adapt_p80-40593177313954_a22-5_390_map.h5,6.96342,10,97,787,9.594069:22.500000,1038,False,144,4,934,0.544474,5.52796,0,0.0143919,937 935 934 -1
GCP,adapt_p60-00000000000001_a224-99999999999997_55_map.h5,6.85823,10,568,1148,30.000000:225.000000,1331,False,15,4,1333,0.737212,4.80861,0,0.0125618,1390 1391 1333 -1
GCP,adapt_p70-52877936550931_a191-25_358_map.h5,7.86622,10,453,742,19.471220:191.250000,1201,True,15,5,1201,0.913096,7.25004,0,0.0125745,1263 1264 1201 1200 -1
GCP,adapt_p60-00000000000001_a247-49999999999997_205_map.h5,7.81829,10,279,827,30.000000:247.500000,1335,True,21,5,1336,0.850102,7.47498,0,0.0125135,1394 1335 1336 1275 -1
GCP,adapt_p23-556464309101234_a112-5_355_map.h5,5.87548,10,553,1418,66.443535:112.500000,1697,False,12,4,1727,0.878444,4.77247,0,0.012321,1726 1727 1698 -1
GCP,adapt_p23-556464309101234_a202-5_69_map.h5,6.86983,10,459,1150,66.443535:202.500000,1704,True,12,5,1704,0.998049,5.77705,0,0.0129633,1732 1732 1704 1705 -1
GCP,adapt_p35-659087696138755_a224-99999999999997_15_map.h5,7.88149,10,492,772,54.340912:225.000000,1594,True,9,5,1636,0.995887,7.43664,0,0.0122952,1635 1636 1594 1635 -1
GCP,adapt_p70-52877936550931_a123-74999999999999_482_map.h5,8.88301,10,588,365,19.471220:123.750000,1189,True,12,6,1189,0.991462,8.27047,0,0.0127758,1123 1123 1122 1188 1189 -1
GCP,adapt_p80-40593177313954_a224-99999999999997_331_map.h5,6.77946,10,315,1109,9.594069:225.000000,1076,True,24,4,1077,0.756464,4.81672,0,0.0123418,1143 1077 1076 -1
GCP,adapt_p60-00000000000001_a337-49999999999994_472_map.h5,6.87121,10,594,1113,30.000000:337.500000,1350,True,11,5,1351,0.933984,5.8985,0,0.0126142,1350 1350 1408 1351 -1
GCP,adapt_p60-00000000000001_a45-0_509_map.h5,6.86738,10,493,1162,30.000000:45.000000,1301,False,11,5,1361,0.968,5.81616,0,0.0124392,1302 1302 1361 1362 -1
GCP,adapt_p70-52877936550931_a281-24999999999994_417_map.h5,8.82068,10,206,329,19.471220:281.250000,1217,True,22,5,1217,0.899846,7.29571,0,0.0131158,1218 1217 1216 1279 -1
GCP,adapt_p70-52877936550931_a33-75_582_map.h5,7.89158,10,633,758,19.471220:33.750000,1173,True,8,5,1173,0.972813,5.87168,0,0.0122101,1237 1237 1174 1173 -1
GCP,adapt_p70-52877936550931_a326-24999999999994_438_map.h5,7.8916,10,694,757,19.471220:326.250000,1225,True,9,5,1225,0.991967,5.87642,0,0.0121887,1287 1287 1224 1225 -1
GCP,adapt_p60-00000000000001_a337-49999999999994_240_map.h5,7.88552,10,649,723,30.000000:337.500000,1350,True,11,5,1350,0.998332,5.86346,0,0.0122769,1408 1408 1350 1351 -1
GCP,adapt_p60-00000000000001_a202-49999999999997_237_map.h5,7.86769,10,386,803,30.000000:202.500000,1328,True,12,5,1327,0.973699,5.81093,0,0.0121302,1265 1265 1327 1328 -1
GCP,adapt_p48-18968510422141_a123-74999999999999_47_map.h5,8.65397,10,151,386,41.810314:123.750000,1484,True,48,5,1430,0.760655,8.39726,0,0.0128248,1487 1484 1431 1430 -1
GCP,adapt_p60-00000000000001_a247-49999999999997_45_map.h5,7.87262,10,565,696,30.000000:247.500000,1335,True,12,5,1335,0.886291,5.81036,0,0.0121825,1393 1393 1335 1336 -1
GCP,adapt_p80-40593177313954_a112-49999999999999_432_map.h5,7.84317,10,479,761,9.594069:112.500000,1055,True,14,5,1054,0.960935,7.27439,0,0.0126249,1121 1120 1054 1055 -1
GCP,adapt_p70-52877936550931_a236-25_70_map.h5,7.82055,10,417,724,19.471220:236.250000,1209,True,21,5,1144,0.896829,7.17741,0,0.0122658,1209 1144 1145 1079 -1
GCP,adapt_p80-40593177313954_a202-49999999999997_383_map.h5,8.88048,10,508,376,9.594069:202.500000,1072,True,12,6,1071,0.999668,8.2552,0,0.0123167,1004 1004 1072 1071 1137 -1
GCP,adapt_p48-18968510422141_a78-75_362_map.h5,8.89738,10,633,378,41.810314:78.750000,1478,True,8,6,1424,0.999898,8.22184,0,0.0123742,1478 1478 1477 1423 1424 -1
GCP,adapt_p48-18968510422141_a281-24999999999994_139_map.h5,8.86929,10,427,420,41.810314:281.250000,1507,True,10,6,1507,0.987906,8.22658,0,0.0125236,1508 1508 1507 1455 1456 -1
GCP,adapt_p48-18968510422141_a303-75_587_map.h5,5.84859,10,441,1468,41.810314:303.750000,1510,True,16,4,1510,0.858122,4.78049,0,0.0122239,1509 1510 1458 -1
GCP,adapt_p48-18968510422141_a213-75_537_map.h5,8.88846,10,748,344,41.810314:213.750000,1497,True,7,6,1445,0.999975,8.245,0,0.0123387,1498 1498 1497 1444 1445 -1
GCP,adapt_p80-40593177313954_a22-5_561_map.h5,7.73248,10,227,719,9.594069:22.500000,1038,True,32,5,1037,0.706416,7.38838,0,0.012335,1105 1038 1037 1036 -1
GCP,adapt_p70-52877936550931_a168-74999999999997_370_map.h5,8.82714,10,258,367,19.471220:168.750000,1197,True,20,5,1198,0.879711,7.34487,0,0.0126618,1131 1132 1198 1197 -1
GCP,adapt_p48-18968510422141_a303-75_480_map.h5,8.83569,10,256,355,41.810314:303.750000,1510,True,21,5,1510,0.820169,7.21993,0,0.0121342,1558 1559 1510 1511 -1
GCP,adapt_p48-18968510422141_a258-75_335_map.h5,7.87837,10,582,732,41.810314:258.750000,1504,True,10,5,1553,0.95372,5.91173,0,0.0124252,1554 1554 1504 1553 -1
GCP,adapt_p80-40593177313954_a90-0_153_map.h5,5.82556,10,397,1526,9.594069:90.000000,1051,False,20,4,1049,0.953409,4.91042,0,0.0122651,982 1050 1049 -1
GCP,adapt_p70-52877936550931_a213-75_3_map.h5,6.86724,10,629,1101,19.471220:213.750000,1205,True,12,5,1204,0.959317,5.812,0,0.0125451,1267 1267 1204 1205 -1
GCP,adapt_p11-715852394892384_a135-0_40_map.h5,4.81415,10,275,1849,78.284149:135.000000,1770,False,21,4,1752,0.845059,4.73726,0,0.0126786,1753 1752 1751 -1
GCP,adapt_p60-00000000000001_a45-0_165_map.h5,6.82854,10,233,1089,30.000000:45.000000,1301,False,18,4,1238,0.627782,4.85384,0,0.0122897,1175 1238 1239 -1
GCP,adapt_p35-659087696138755_a135-0_174_map.h5,7.86432,10,460,751,54.340912:135.000000,1583,True,13,5,1583,0.95319,7.2091,0,0.012489,1537 1536 1582 1583 -1
GCP,adapt_p35-659087696138755_a75-0_2_map.h5,7.80426,10,137,799,54.340912:75.000000,1576,True,23,5,1577,0.939773,7.24884,0,0.0125261,1619 1620 1576 1577 -1
GCP,adapt_p80-40593177313954_a270-0_100_map.h5,7.86732,10,596,726,9.594069:270.000000,1084,True,11,5,1016,0.860944,7.83278,0,0.0124876,1015 1016 1084 1015 -1
GCP,adapt_p70-52877936550931_a281-24999999999994_199_map.h5,6.53081,10,175,1124,19.471220:281.250000,1217,False,64,4,1150,0.539092,5.41436,0,0.0130042,1148 1084 1150 -1
GCP,adapt_p70-52877936550931_a168-74999999999997_143_map.h5,8.81323,10,188,394,19.471220:168.750000,1197,True,23,5,1197,0.894885,7.3381,0,0.0125664,1195 1196 1197 1131 -1
GCP,adapt_p35-659087696138755_a135-0_228_map.h5,6.87764,10,522,1072,54.340912:135.000000,1583,True,11,5,1537,0.883397,5.78266,0,0.0121745,1583 1583 1537 1536 -1
GCP,adapt_p80-40593177313954_a292-5_377_map.h5,8.87015,10,490,315,9.594069:292.500000,1088,True,13,6,1153,0.99747,8.30097,0,0.0126447,1087 1087 1088 1154 1153 -1
GCP,adapt_p80-40593177313954_a112-49999999999999_250_map.h5,6.88439,10,134,754,9.594069:112.500000,1055,False,153,4,1277,0.541304,6.2902,0,0.0143615,1456 1339 1277 -1
GCP,adapt_p80-40593177313954_a270-0_499_map.h5,5.81724,10,313,1588,9.594069:270.000000,1084,False,19,4,1019,0.843492,4.8518,0,0.0125812,952 1019 1018 -1
GCP,adapt_p48-18968510422141_a191-25_66_map.h5,7.9032,10,785,721,41.810314:191.250000,1494,False,8,5,1440,0.998397,5.79012,0,0.0125935,1493 1493 1440 1441 -1
GCP,adapt_p80-40593177313954_a90-0_240_map.h5,6.22173,10,212,1106,9.594069:90.000000,1051,False,111,3,1120,0.320894,4.55954,0,0.0131174,1049 1120 -1
GCP,adapt_p23-556464309101234_a247-49999999999997_593_map.h5,7.89932,10,742,808,66.443535:247.500000,1708,True,8,5,1709,0.969327,7.39787,0,0.0124816,1708 1709 1676 1708 -1
GCP,adapt_p80-40593177313954_a270-0_268_map.h5,8.88625,10,543,368,9.594069:270.000000,1084,True,11,6,1083,0.999852,8.35812,0,0.0125493,1082 1082 1083 1016 1084 -1
GCP,adapt_p48-18968510422141_a146-25_67_map.h5,6.8664,10,520,1100,41.810314:146.250000,1488,True,12,5,1488,0.989507,5.81961,0,0.0124106,1434 1434 1487 1488 -1
GCP,adapt_p60-00000000000001_a45-0_318_map.h5,6.86749,10,435,1120,30.000000:45.000000,1301,True,13,4,1302,0.971023,4.81237,0,0.0123149,1238 1301 1302 -1
GCP,adapt_p60-00000000000001_a67-5_142_map.h5,5.88535,10,527,1481,30.000000:67.500000,1305,False,9,4,1306,0.960922,4.7991,0,0.0124523,1244 1243 1306 -1
GCP,adapt_p48-18968510422141_a236-25_235_map.h5,7.87654,10,666,740,41.810314:236.250000,1501,False,10,5,1448,0.994216,5.88208,0,0.0122577,1447 1447 1448 1449 -1
GCP,adapt_p35-659087696138755_a315-0_392_map.h5,6.77739,10,271,1130,54.340912:315.000000,1605,False,26,4,1683,0.647933,4.7532,0,0.0134227,1715 1683 1682 -1
GCP,adapt_p80-40593177313954_a0-0_401_map.h5,7.88297,10,726,774,9.594069:0.000000,1034,True,11,5,1035,0.999293,5.91189,0,0.0128429,967 967 1035 1034 -1
GCP,adapt_p80-40593177313954_a112-49999999999999_244_map.h5,6.61036,10,198,1102,9.594069:112.500000,1055,True,49,4,1121,0.401143,5.09898,0,0.0124731,1188 1121 1055 -1
GCP,adapt_p23-556464309101234_a337-5_525_map.h5,5.26423,10,86,754,66.443535:337.500000,1716,False,427,2,1288,0,0.03028,0,0.03028,1313 -1
GCP,adapt_p48-18968510422141_a191-25_138_map.h5,4.14119,10,159,1895,41.810314:191.250000,1494,False,119,2,1192,0,0.0136315,0,0.0136315,1263 -1
GCP,adapt_p48-18968510422141_a213-75_209_map.h5,6.86762,10,457,1173,41.810314:213.750000,1497,False,12,5,1498,0.891464,5.9103,0,0.0121608,1499 1499 1446 1498 -1
GCP,adapt_p70-52877936550931_a168-74999999999997_106_map.h5,6.86328,10,523,1092,19.471220:168.750000,1197,False,13,4,1260,0.856801,4.89479,0,0.0125222,1259 1260 1261 -1
GCP,adapt_p70-52877936550931_a303-75_589_map.h5,8.62801,10,125,356,19.471220:303.750000,1221,True,51,5,1221,0.57429,8.09039,0,0.0128383,1159 1157 1221 1220 -1
GCP,adapt_p70-52877936550931_a78-75_353_map.h5,8.54883,10,96,357,19.471220:78.750000,1181,False,67,5,1244,0.733567,7.88054,0,0.0129624,1425 1307 1244 1245 -1
GCP,adapt_p70-52877936550931_a258-75_208_map.h5,7.86346,10,530,781,19.471220:258.750000,1213,True,14,5,1275,0.963945,7.26949,0,0.0123513,1276 1275 1212 1213 -1
GCP,adapt_p48-18968510422141_a56-24999999999999_343_map.h5,7.55493,10,76,752,41.810314:56.250000,1475,False,65,4,1576,0.528297,5.41651,0,0.0128839,1578 1576 1529 -1
GCP,adapt_p60-00000000000001_a22-5_201_map.h5,8.88231,10,312,308,30.000000:22.500000,1298,True,11,6,1298,0.999317,8.45018,0,0.0124825,1357 1357 1297 1298 1358 -1
GCP,adapt_p23-556464309101234_a67-5_436_map.h5,8.8835,10,592,342,66.443535:67.500000,1693,True,12,6,1693,0.997902,8.27021,0,0.0122936,1658 1658 1694 1693 1657 -1
GCP,adapt_p48-18968510422141_a168-74999999999997_71_map.h5,6.76192,10,188,1073,41.810314:168.750000,1491,False,27,4,1490,0.668457,5.13848,0,0.0128858,1438 1490 1489 -1
GCP,adapt_p48-18968510422141_a56-24999999999999_222_map.h5,8.87233,10,419,347,41.810314:56.250000,1475,True,11,6,1475,0.992611,8.21662,0,0.0124447,1474 1474 1475 1421 1420 -1
GCP,adapt_p35-659087696138755_a255-00000000000003_132_map.h5,7.88661,10,607,710,54.340912:255.000000,1598,False,10,5,1640,0.999359,5.8114,0,0.0122043,1676 1676 1639 1640 -1
GCP,adapt_p70-52877936550931_a213-75_519_map.h5,6.84541,10,502,1107,19.471220:213.750000,1205,True,17,4,1139,0.796389,4.97572,0,0.0124069,1138 1139 1205 -1
GCP,adapt_p70-52877936550931_a33-75_485_map.h5,5.2046,10,118,1460,19.471220:33.750000,1173,False,105,2,1237,0,0.0132529,0,0.0132529,1167 -1
GCP,adapt_p23-556464309101234_a292-5_388_map.h5,7.89163,10,831,759,66.443535:292.500000,1712,True,9,5,1712,0.99817,5.78886,0,0.0121563,1739 1739 1713 1712 -1
GCP,adapt_p48-18968510422141_a191-25_406_map.h5,6.81212,10,285,1153,41.810314:191.250000,1494,True,22,4,1494,0.771243,4.76705,0,0.0126738,1544 1494 1441 -1
GCP,adapt_p60-00000000000001_a315-0_307_map.h5,6.87758,10,584,1117,30.000000:315.000000,1346,True,12,5,1346,0.998742,5.82889,0,0.0122088,1404 1404 1346 1347 -1
GCP,adapt_p60-00000000000001_a157-5_532_map.h5,3.71564,10,177,1912,30.000000:157.500000,1320,False,174,2,1491,0,0.0150844,0,0.0150844,1499 -1
GCP,adapt_p23-556464309101234_a112-5_474_map.h5,7.88891,10,671,739,66.443535:112.500000,1697,True,9,5,1697,0.996565,7.39985,0,0.0128784,1696 1697 1726 1696 -1
GCP,adapt_p60-00000000000001_a90-0_311_map.h5,6.83304,10,456,1113,30.000000:90.000000,1309,True,14,4,1309,0.930404,4.72123,0,0.0127557,1246 1309 1368 -1
GCP,adapt_p23-556464309101234_a157-5_327_map.h5,8.9061,10,674,399,66.443535:157.500000,1701,True,8,6,1701,0.999966,8.2558,0,0.0126855,1729 1729 1700 1701 1667 -1
GCP,adapt_p48-18968510422141_a191-25_444_map.h5,3.50929,10,79,1847,41.810314:191.250000,1494,False,212,2,1488,0,0.0162803,0,0.0162803,1317 -1
GCP,adapt_p48-18968510422141_a303-75_581_map.h5,6.86333,10,624,1042,41.810314:303.750000,1510,True,12,4,1458,0.926105,4.7887,0,0.0124856,1459 1458 1510 -1
GCP,adapt_p80-40593177313954_a315-0_194_map.h5,8.86057,10,399,383,9.594069:315.000000,1093,False,14,6,1092,0.989431,8.31361,0,0.0122318,1158 1158 1157 1091 1092 -1
GCP,adapt_p60-00000000000001_a0-0_233_map.h5,8.86249,10,368,350,30.000000:0.000000,1294,True,15,6,1294,0.987566,8.32536,0,0.0123051,1295 1295 1354 1411 1294 -1
GCP,adapt_p48-18968510422141_a258-75_51_map.h5,8.85132,10,456,344,41.810314:258.750000,1504,True,15,6,1504,0.975359,8.27076,0,0.0124723,1503 1503 1504 1554 1553 -1
GCP,adapt_p11-715852394892384_a135-0_275_map.h5,7.6851,10,105,787,78.284149:135.000000,1770,True,51,5,1786,0.598115,6.95899,0,0.012724,1772 1786 1785 1770 -1
GCP,adapt_p80-40593177313954_a90-0_519_map.h5,7.8235,10,324,696,9.594069:90.000000,1051,True,20,5,1052,0.954057,7.47163,0,0.0123099,1053 1052 1051 1118 -1
GCP,adapt_p70-52877936550931_a213-75_548_map.h5,7.85255,10,330,805,19.471220:213.750000,1205,True,15,5,1268,0.946872,7.25372,0,0.0122543,1206 1205 1268 1269 -1
GCP,adapt_p70-52877936550931_a258-75_391_map.h5,8.8809,10,385,384,19.471220:258.750000,1213,True,12,6,1148,0.996895,8.2624,0,0.0129023,1147 1147 1148 1213 1212 -1
GCP,adapt_p48-18968510422141_a56-24999999999999_384_map.h5,6.87445,10,535,1137,41.810314:56.250000,1475,False,10,4,1420,0.875365,4.78977,0,0.0123497,1421 1420 1474 -1
GCP,adapt_p70-52877936550931_a123-74999999999999_350_map.h5,6.83584,10,306,1113,19.471220:123.750000,1189,False,19,4,1188,0.834469,4.82042,0,0.0129538,1187 1188 1251 -1
GCP,adapt_p80-40593177313954_a45-0_46_map.h5,6.85158,10,422,1134,9.594069:45.000000,1042,False,14,4,1043,0.77031,4.90413,0,0.0122367,976 1043 975 -1
GCP,adapt_p35-659087696138755_a135-0_97_map.h5,6.87059,10,529,1087,54.340912:135.000000,1583,True,11,5,1626,0.990385,5.76962,0,0.0121911,1583 1583 1626 1625 -1
GCP,adapt_p48-18968510422141_a123-74999999999999_172_map.h5,8.88431,10,585,353,41.810314:123.750000,1484,False,11,6,1432,0.998778,8.39267,0,0.0124818,1485 1485 1431 1432 1486 -1
GCP,adapt_p80-40593177313954_a22-5_335_map.h5,8.88893,10,480,343,9.594069:22.500000,1038,True,11,6,1039,0.997349,8.35217,0,0.0128608,1038 1038 971 1039 972 -1
GCP,adapt_p70-52877936550931_a101-24999999999999_23_map.h5,6.82954,10,304,1107,19.471220:101.250000,1185,True,20,4,1184,0.772936,4.80912,0,0.0122477,1119 1185 1184 -1
GCP,adapt_p23-556464309101234_a292-5_77_map.h5,7.89328,10,744,779,66.443535:292.500000,1712,True,9,5,1712,0.998546,5.85427,0,0.0125117,1713 1713 1739 1712 -1
GCP,adapt_p80-40593177313954_a315-0_195_map.h5,6.85056,10,398,1144,9.594069:315.000000,1093,True,16,4,1092,0.784049,4.96196,0,0.0122374,1093 1092 1157 -1
GCP,adapt_p35-659087696138755_a165-0_235_map.h5,6.82955,10,418,1195,54.340912:165.000000,1587,True,20,4,1588,0.874224,4.88003,0,0.0122501,1543 1588 1587 -1
GCP,adapt_p35-659087696138755_a165-0_182_map.h5,6.8392,10,375,1058,54.340912:165.000000,1587,False,17,4,1630,0.845513,4.83968,0,0.0125982,1668 1630 1629 -1
GCP,adapt_p11-715852394892384_a315-0_328_map.h5,8.85865,10,352,370,78.284149:315.000000,1778,True,16,5,1778,0.833034,7.1097,0,0.0121611,1790 1778 1762 1761 -1
GCP,adapt_p80-40593177313954_a45-0_34_map.h5,5.38912,10,129,1568,9.594069:45.000000,1042,False,79,2,977,0,0.0127438,0,0.0127438,1669 -1
GCP,adapt_p23-556464309101234_a247-49999999999997_391_map.h5,8.89842,10,765,358,66.443535:247.500000,1708,True,8,6,1708,0.999998,8.15324,0,0.0124121,1709 1709 1708 1675 1676 -1
GCP,adapt_p48-18968510422141_a56-24999999999999_33_map.h5,7.29767,10,96,750,41.810314:56.250000,1475,False,98,4,1573,0.309524,6.33467,0,0.0131653,1301 1526 1573 -1
GCP,adapt_p60-00000000000001_a247-49999999999997_398_map.h5,3.54917,10,131,1458,30.000000:247.500000,1335,False,390,2,1269,0,0.0270799,0,0.0270799,946 -1
GCP,adapt_p60-00000000000001_a202-49999999999997_521_map.h5,7.87221,10,620,692,30.000000:202.500000,1328,True,12,5,1386,0.94985,7.3462,0,0.0125875,1327 1328 1386 1327 -1
GCP,adapt_p48-18968510422141_a56-24999999999999_526_map.h5,6.79268,10,412,1111,41.810314:56.250000,1475,False,22,4,1420,0.798507,4.79413,0,0.0131122,1363 1362 1420 -1
GCP,adapt_p48-18968510422141_a303-75_62_map.h5,7.88262,10,664,737,41.810314:303.750000,1510,True,11,5,1510,0.97316,5.78185,0,0.0121646,1458 1458 1510 1511 -1
GCP,adapt_p80-40593177313954_a247-49999999999997_295_map.h5,7.78351,10,169,780,9.594069:247.500000,1080,False,26,5,1146,0.839549,7.48224,0,0.012299,1148 1147 1146 1081 -1
GCP,adapt_p60-00000000000001_a202-49999999999997_96_map.h5,8.84736,10,271,382,30.000000:202.500000,1328,True,16,5,1266,0.917238,7.25933,0,0.0124436,1267 1266 1328 1327 -1
GCP,adapt_p80-40593177313954_a270-0_351_map.h5,7.8786,10,700,752,9.594069:270.000000,1084,True,11,5,1083,0.959534,5.91773,0,0.0121839,1082 1082 1083 1084 -1
GCP,adapt_p48-18968510422141_a191-25_402_map.h5,7.88291,10,496,764,41.810314:191.250000,1494,True,13,5,1494,0.96504,7.21939,0,0.0128955,1440 1441 1494 1493 -1
GCP,adapt_p80-40593177313954_a22-5_245_map.h5,6.85048,10,382,1139,9.594069:22.500000,1038,True,14,5,1038,0.974986,5.91137,0,0.0123256,971 971 1039 1038 -1
GCP,adapt_p48-18968510422141_a101-24999999999999_206_map.h5,6.80553,10,261,1104,41.810314:101.250000,1481,False,24,4,1428,0.774088,4.80288,0,0.0122743,1533 1482 1428 -1
GCP,adapt_p35-659087696138755_a255-00000000000003_245_map.h5,5.7945,10,258,1516,54.340912:255.000000,1598,True,23,4,1639,0.769529,4.89747,0,0.0123001,1676 1639 1598 -1
GCP,adapt_p80-40593177313954_a315-0_305_map.h5,8.85957,10,431,344,9.594069:315.000000,1093,True,15,6,1092,0.992285,8.31595,0,0.0122495,1093 1093 1092 1091 1157 -1
GCP,adapt_p23-556464309101234_a337-5_39_map.h5,6.71577,10,167,1160,66.443535:337.500000,1716,False,37,4,1685,0.569351,5.32762,0,0.0130409,1742 1685 1649 -1
GCP,adapt_p80-40593177313954_a0-0_36_map.h5,5.56771,10,133,1155,9.594069:0.000000,1034,False,227,3,1751,0.163701,3.38989,0,0.0184474,1700 1751 -1
GCP,adapt_p48-18968510422141_a101-24999999999999_149_map.h5,6.87435,10,459,1122,41.810314:101.250000,1481,True,11,4,1481,0.876692,4.8352,0,0.0124435,1428 1427 1481 -1
GCP,adapt_p80-40593177313954_a337-49999999999994_43_map.h5,8.85647,10,308,381,9.594069:337.500000,1097,True,16,6,1097,0.981469,8.3535,0,0.0123298,1031 1031 1098 1030 1097 -1
GCP,adapt_p70-52877936550931_a191-25_88_map.h5,6.85401,10,582,1131,19.471220:191.250000,1201,False,14,4,1135,0.922476,4.89495,0,0.0128088,1200 1135 1136 -1
GCP,adapt_p80-40593177313954_a22-5_307_map.h5,8.79736,10,254,434,9.594069:22.500000,1038,True,23,5,1104,0.72696,7.33455,0,0.0124517,1106 1105 1104 1038 -1
GCP,adapt_p35-659087696138755_a255-00000000000003_502_map.h5,7.7163,10,173,759,54.340912:255.000000,1598,True,35,5,1598,0.741232,7.36478,0,0.0124974,1641 1599 1598 1639 -1
GCP,adapt_p80-40593177313954_a337-49999999999994_131_map.h5,5.57348,10,138,1151,9.594069:337.500000,1097,False,209,4,1299,0.251289,5.4336,0,0.0170976,1297 1299 1236 -1
GCP,adapt_p80-40593177313954_a22-5_263_map.h5,7.87261,10,571,729,9.594069:22.500000,1038,True,13,5,1038,0.991761,5.88858,0,0.0121858,1104 1104 1038 1037 -1
GCP,adapt_p23-556464309101234_a247-49999999999997_487_map.h5,8.85051,10,301,386,66.443535:247.500000,1708,True,17,6,1708,0.96074,8.36644,0,0.0123094,1675 1675 1709 1708 1735 -1
GCP,adapt_p70-52877936550931_a326-24999999999994_334_map.h5,7.841,10,334,804,19.471220:326.250000,1225,False,18,5,1161,0.910802,7.35801,0,0.0128216,1162 1226 1161 1160 -1
GCP,adapt_p23-556464309101234_a247-49999999999997_216_map.h5,6.87929,10,535,1108,66.443535:247.500000,1708,True,11,5,1675,0.976516,5.75828,0,0.0125074,1708 1708 1675 1674 -1
GCP,adapt_p60-00000000000001_a292-5_176_map.h5,7.81453,10,309,682,30.000000:292.500000,1343,False,21,5,1457,0.932872,7.13146,0,0.0122904,1402 1458 1457 1509 -1
GCP,adapt_p60-00000000000001_a247-49999999999997_377_map.h5,8.87623,10,336,410,30.000000:247.500000,1335,False,11,6,1275,0.996891,8.31077,0,0.0125553,1274 1274 1275 1336 1337 -1
GCP,adapt_p48-18968510422141_a303-75_246_map.h5,7.8737,10,553,772,41.810314:303.750000,1510,False,10,5,1459,0.993806,5.79143,0,0.0120931,1511 1511 1459 1458 -1
GCP,adapt_p80-40593177313954_a270-0_54_map.h5,6.87458,10,500,1211,9.594069:270.000000,1084,True,12,5,1083,0.993867,5.83328,0,0.0122226,1149 1149 1083 1084 -1
GCP,adapt_p23-556464309101234_a112-5_301_map.h5,6.22073,10,87,746,66.443535:112.500000,1697,False,283,2,1622,0,0.01995,0,0.01995,1776 -1
GCP,adapt_p48-18968510422141_a236-25_253_map.h5,8.81173,10,212,357,41.810314:236.250000,1501,True,23,5,1501,0.867621,7.48043,0,0.0130969,1550 1501 1449 1448 -1
GCP,adapt_p80-40593177313954_a22-5_540_map.h5,5.77858,10,437,1463,9.594069:22.500000,1038,False,25,4,1105,0.650637,5.36619,0,0.0122317,1037 1105 1039 -1
GCP,adapt_p35-659087696138755_a45-0_201_map.h5,6.87951,10,554,1103,54.340912:45.000000,1572,True,11,5,1616,0.994034,5.76973,0,0.0122978,1572 1572 1616 1615 -1
GCP,adapt_p80-40593177313954_a112-49999999999999_172_map.h5,3.52751,10,80,1909,9.594069:112.500000,1055,False,206,2,1118,0,0.0160832,0,0.0160832,1479 -1
GCP,adapt_p80-40593177313954_a180-0_288_map.h5,8.82146,10,258,389,9.594069:180.000000,1067,True,21,6,1068,0.947073,8.36627,0,0.0123523,1002 1002 1069 1068 1067 -1
GCP,adapt_p70-52877936550931_a56-24999999999999_402_map.h5,2.93409,10,102,1483,19.471220:56.250000,1177,False,486,2,1628,0,0.0354718,0,0.0354718,988 -1
GCP,adapt_p35-659087696138755_a165-0_542_map.h5,7.86552,10,366,763,54.340912:165.000000,1587,True,13,5,1587,0.996073,7.25561,0,0.0122886,1542 1541 1587 1586 -1
GCP,adapt_p48-18968510422141_a303-75_134_map.h5,7.86454,10,383,781,41.810314:303.750000,1510,True,12,5,1458,0.987243,5.78933,0,0.0122569,1510 1510 1458 1459 -1
GCP,adapt_p60-00000000000001_a180-0_362_map.h5,7.89189,10,726,767,30.000000:180.000000,1324,True,8,5,1324,0.996619,5.89735,0,0.0129032,1382 1382 1323 1324 -1
GCP,adapt_p80-40593177313954_a315-0_391_map.h5,7.7425,10,176,765,9.594069:315.000000,1093,True,31,5,1092,0.865467,7.40195,0,0.0123279,1157 1092 1025 1093 -1
GCP,adapt_p60-00000000000001_a135-0_109_map.h5,7.88556,10,464,738,30.000000:135.000000,1316,True,12,5,1316,0.98717,5.88471,0,0.0122311,1253 1253 1315 1316 -1
GCP,adapt_p70-52877936550931_a348-74999999999994_141_map.h5,6.87601,10,449,1095,19.471220:348.750000,1229,True,11,5,1229,0.981603,5.89659,0,0.0127825,1165 1165 1230 1229 -1
GCP,adapt_p60-00000000000001_a270-0_494_map.h5,7.83854,10,394,785,30.000000:270.000000,1339,True,15,5,1337,0.947334,7.25109,0,0.0122467,1339 1338 1337 1395 -1
GCP,adapt_p80-40593177313954_a247-49999999999997_199_map.h5,6.88138,10,576,1126,9.594069:247.500000,1080,True,12,5,1081,0.991992,5.8276,0,0.0124245,1147 1147 1081 1080 -1
GCP,adapt_p60-00000000000001_a135-0_440_map.h5,8.64336,10,121,371,30.000000:135.000000,1316,True,48,5,1254,0.736365,7.90921,0,0.0124506,1318 1316 1254 1253 -1
GCP,adapt_p35-659087696138755_a285-0_559_map.h5,8.89726,10,842,377,54.340912:285.000000,1601,True,9,6,1643,0.999979,8.22814,0,0.0125361,1601 1601 1602 1643 1642 -1
GCP,adapt_p70-52877936550931_a191-25_370_map.h5,4.72497,10,157,1898,19.471220:191.250000,1201,False,28,3,1263,0.463638,2.70422,0,0.012857,1326 1263 -1
GCP,adapt_p48-18968510422141_a213-75_272_map.h5,5.82057,10,431,1476,41.810314:213.750000,1497,False,20,4,1445,0.865601,5.26152,0,0.0132542,1499 1445 1444 -1
GCP,adapt_p35-659087696138755_a14-999999999999998_179_map.h5,6.61614,10,209,1162,54.340912:15.000000,1568,False,55,4,1567,0.400094,5.38843,0,0.0126765,1613 1567 1519 -1
GCP,adapt_p23-556464309101234_a292-5_285_map.h5,7.80703,10,286,759,66.443535:292.500000,1712,True,25,5,1681,0.845361,7.18013,0,0.0127484,1712 1713 1681 1682 -1
GCP,adapt_p35-659087696138755_a75-0_186_map.h5,6.64797,10,148,1166,54.340912:75.000000,1576,False,47,4,1488,0.523317,5.3409,0,0.0128422,1584 1487 1488 -1
GCP,adapt_p70-52877936550931_a281-24999999999994_287_map.h5,5.80565,10,511,1444,19.471220:281.250000,1217,False,20,4,1219,0.836051,5.1652,0,0.0121773,1152 1218 1219 -1
GCP,adapt_p80-40593177313954_a22-5_585_map.h5,6.82212,10,393,1130,9.594069:22.500000,1038,False,19,4,970,0.881235,4.92018,0,0.0126897,1037 970 971 -1
GCP,adapt_p60-00000000000001_a90-0_120_map.h5,8.90063,10,575,400,30.000000:90.000000,1309,True,8,6,1368,0.999993,8.24109,0,0.0121669,1369 1369 1368 1309 1310 -1
GCP,adapt_p60-00000000000001_a337-49999999999994_136_map.h5,7.82732,10,297,692,30.000000:337.500000,1350,False,21,5,1408,0.926465,7.30483,0,0.0125005,1351 1408 1407 1463 -1
GCP,adapt_p60-00000000000001_a0-0_134_map.h5,5.54516,10,81,1198,30.000000:0.000000,1294,False,236,3,1674,0.177472,4.67677,0,0.0183283,1772 1674 -1
GCP,adapt_p48-18968510422141_a33-75_4_map.h5,6.95038,10,91,403,41.810314:33.750000,1471,False,321,2,1470,0,0.0222538,0,0.0222538,1487 -1
GCP,adapt_p80-40593177313954_a67-5_21_map.h5,6.80858,10,279,1112,9.594069:67.500000,1047,True,20,4,1046,0.89042,4.91063,0,0.0122352,980 1047 1046 -1
GCP,adapt_p35-659087696138755_a135-0_596_map.h5,6.81939,10,300,1136,54.340912:135.000000,1583,False,19,4,1626,0.862009,4.76867,0,0.0124173,1664 1626 1625 -1
GCP,adapt_p60-00000000000001_a270-0_15_map.h5,6.54311,10,170,1114,30.000000:270.000000,1339,False,58,4,1279,0.69786,5.35552,0,0.0126739,1398 1279 1278 -1
GCP,adapt_p60-00000000000001_a45-0_376_map.h5,3.854,10,203,1870,30.000000:45.000000,1301,False,159,2,1304,0,0.0147351,0,0.0147351,1310 -1
GCP,adapt_p35-659087696138755_a14-999999999999998_385_map.h5,8.80327,10,222,366,54.340912:15.000000,1568,True,25,5,1567,0.927976,7.25218,0,0.0125314,1520 1567 1568 1612 -1
GCP,adapt_p80-40593177313954_a270-0_13_map.h5,8.88052,10,566,374,9.594069:270.000000,1084,True,9,6,1084,0.991873,8.37315,0,0.0122767,1016 1016 1017 1085 1084 -1
GCP,adapt_p48-18968510422141_a258-75_516_map.h5,8.87122,10,443,371,41.810314:258.750000,1504,True,12,6,1504,0.959638,8.2873,0,0.0125747,1554 1554 1505 1504 1452 -1
GCP,adapt_p80-40593177313954_a202-49999999999997_106_map.h5,6.8673,10,541,1192,9.594069:202.500000,1072,True,13,5,1072,0.971989,5.81049,0,0.0125026,1137 1137 1071 1072 -1
GCP,adapt_p70-52877936550931_a348-74999999999994_466_map.h5,7.57412,10,152,816,19.471220:348.750000,1229,True,55,4,1229,0.396084,5.76747,0,0.0127171,1352 1290 1229 -1
GCP,adapt_p80-40593177313954_a224-99999999999997_447_map.h5,8.81232,10,188,387,9.594069:225.000000,1076,True,23,5,1076,0.887989,7.26001,0,0.0125027,1008 1076 1075 1141 -1
GCP,adapt_p60-00000000000001_a337-49999999999994_291_map.h5,6.70741,10,104,1169,30.000000:337.500000,1350,False,34,4,1408,0.686668,5.30856,0,0.0124163,1290 1408 1464 -1
GCP,adapt_p60-00000000000001_a224-99999999999997_480_map.h5,6.7455,10,206,1120,30.000000:225.000000,1331,False,31,4,1330,0.633003,5.19969,0,0.0122953,1387 1330 1268 -1
GCP,adapt_p11-715852394892384_a135-0_101_map.h5,5.86995,10,520,1522,78.284149:135.000000,1770,False,10,4,1752,0.795396,4.7623,0,0.0128415,1727 1752 1751 -1
GCP,adapt_p70-52877936550931_a78-75_319_map.h5,6.85983,10,441,1148,19.471220:78.750000,1181,True,12,5,1181,0.980417,5.81169,0,0.0129893,1115 1115 1181 1180 -1
GCP,adapt_p60-00000000000001_a90-0_147_map.h5,5.46472,10,123,1442,30.000000:90.000000,1309,False,74,4,1307,0.431702,5.42668,0,0.0131251,1182 1307 1366 -1
GCP,adapt_p80-40593177313954_a202-49999999999997_359_map.h5,8.7233,10,154,368,9.594069:202.500000,1072,True,35,5,1137,0.727079,7.25505,0,0.0125074,1004 1072 1071 1137 -1
GCP,adapt_p80-40593177313954_a45-0_334_map.h5,8.36527,10,43,421,9.594069:45.000000,1042,False,87,3,980,0.365421,7.73194,0,0.0135574,1374 980 -1
GCP,adapt_p11-715852394892384_a225-0_101_map.h5,7.88567,10,498,785,78.284149:225.000000,1774,True,10,5,1774,0.998676,7.22116,0,0.0121266,1757 1774 1775 1757 -1
GCP,adapt_p70-52877936550931_a146-25_202_map.h5,6.83647,10,290,1141,19.471220:146.250000,1193,True,17,4,1193,0.811578,4.98391,0,0.0123032,1192 1193 1128 -1
GCP,adapt_p60-00000000000001_a292-5_103_map.h5,8.6124,10,92,370,30.000000:292.500000,1343,True,57,5,1344,0.564937,7.40253,0,0.0124256,1400 1343 1344 1283 -1
GCP,adapt_p70-52877936550931_a191-25_444_map.h5,8.89161,10,654,394,19.471220:191.250000,1201,True,10,6,1201,0.99964,8.33837,0,0.0122034,1202 1202 1201 1136 1135 -1
GCP,adapt_p70-52877936550931_a146-25_437_map.h5,8.83501,10,214,378,19.471220:146.250000,1193,True,20,6,1193,0.953766,8.25327,0,0.0127947,1256 1256 1257 1194 1193 -1
GCP,adapt_p48-18968510422141_a33-75_167_map.h5,8.86446,10,527,344,41.810314:33.750000,1471,True,10,6,1417,0.99866,8.23762,0,0.0123316,1472 1472 1471 1417 1418 -1
GCP,adapt_p35-659087696138755_a45-0_583_map.h5,5.90911,10,128,1198,54.340912:45.000000,1572,False,159,3,1570,0.140536,4.29131,0,0.0145903,1298 1570 -1
GCP,adapt_p23-556464309101234_a337-5_330_map.h5,8.76454,10,168,364,66.443535:337.500000,1716,True,23,6,1716,0.854033,8.10111,0,0.0122613,1741 1741 1715 1716 1684 -1
