method,dataset,budget,slew_rate,n_src,n_bkg,source,source_tile,detected,sum_tiles,visited_tiles,zenith_tile,sum_prob,detection_cost,estimate_time,runtime,path
GCP,adapt_p80-40593177313954_a247-49999999999997_568_map.h5,27.7379,10,260,780,9.594069:247.500000,1080,True,29,13,1082,0.994516,25.4993,0,0.0128991,1084 1084 1016 1083 1015 1082 1014 1081 1013 1080 1012 1079 -1
GCP,adapt_p11-715852394892384_a315-0_229_map.h5,25.8661,10,442,1529,78.284149:315.000000,1778,True,16,13,1763,0.999996,25.0401,0,0.0127637,1761 1761 1778 1777 1762 1740 1741 1763 1764 1780 1779 1791 -1
GCP,adapt_p60-00000000000001_a270-0_585_map.h5,26.2679,10,86,1093,30.000000:270.000000,1339,False,110,12,1595,0.957169,23.9459,0,0.0136537,1501 1550 1549 1594 1636 1673 1674 1637 1595 1596 1638 -1
GCP,adapt_p80-40593177313954_a67-5_219_map.h5,25.6251,10,174,1463,9.594069:67.500000,1047,False,49,13,1109,0.958299,25.2749,0,0.0126948,1046 1046 1045 977 1044 1110 1176 1175 1174 1108 1109 1043 -1
GCP,adapt_p60-00000000000001_a337-49999999999994_15_map.h5,27.5112,10,80,352,30.000000:337.500000,1350,False,235,9,1288,0.785542,25.0063,0,0.0180287,1446 1224 1287 1225 1288 1289 1226 1227 -1
GCP,adapt_p11-715852394892384_a45-0_15_map.h5,27.8844,10,535,748,78.284149:45.000000,1766,True,13,13,1746,0.999999,24.8981,0,0.0124197,1767 1767 1782 1765 1766 1746 1745 1719 1720 1721 1747 1748 -1
GCP,adapt_p80-40593177313954_a270-0_182_map.h5,27.7742,10,399,779,9.594069:270.000000,1084,True,27,13,1085,0.998919,25.7946,0,0.0126625,1149 1149 1215 1150 1083 1016 1084 1017 1085 1151 1152 1086 -1
GCP,adapt_p80-40593177313954_a90-0_21_map.h5,27.8705,10,461,763,9.594069:90.000000,1051,True,13,13,1051,0.999998,26.3354,0,0.0123388,1117 1117 983 984 1051 1050 1116 1118 1052 985 1053 1119 -1
GCP,adapt_p48-18968510422141_a11-25_434_map.h5,27.8773,10,298,705,41.810314:11.250000,1468,True,13,13,1468,0.999999,25.3656,0,0.0125106,1521 1521 1469 1414 1468 1467 1413 1412 1518 1519 1520 1568 -1
GCP,adapt_p70-52877936550931_a326-24999999999994_525_map.h5,28.4805,10,104,360,19.471220:326.250000,1225,False,76,13,1158,0.938006,27.2572,0,0.0132539,1287 1224 1160 1094 1093 1159 1158 1092 1223 1222 1157 1091 -1
GCP,adapt_p35-659087696138755_a14-999999999999998_231_map.h5,25.5856,10,84,1563,54.340912:15.000000,1568,False,56,12,1650,0.981092,24.2044,0,0.0132062,1743 1717 1686 1650 1611 1610 1609 1649 1685 1684 1716 -1
GCP,adapt_p80-40593177313954_a112-49999999999999_222_map.h5,26.8853,10,534,1143,9.594069:112.500000,1055,True,11,11,1120,0.999999,21.0967,0,0.0124738,1054 1054 1055 1056 1122 1187 1121 1053 1119 1120 -1
GCP,adapt_p11-715852394892384_a45-0_473_map.h5,27.8459,10,321,807,78.284149:45.000000,1766,True,19,14,1766,0.999984,27.3731,0,0.0128777,1745 1745 1720 1746 1747 1767 1768 1783 1782 1781 1766 1765 1744 -1
GCP,adapt_p70-52877936550931_a348-74999999999994_314_map.h5,25.7298,10,235,1450,19.471220:348.750000,1229,True,37,13,1229,0.990511,25.4783,0,0.0130343,1292 1292 1230 1165 1100 1099 1098 1163 1228 1164 1229 1291 -1
GCP,adapt_p23-556464309101234_a202-5_295_map.h5,27.8279,10,254,724,66.443535:202.500000,1704,True,22,14,1704,0.999948,27.7375,0,0.0128728,1671 1671 1670 1703 1704 1705 1672 1706 1733 1732 1755 1731 1730 -1
GCP,adapt_p48-18968510422141_a258-75_507_map.h5,26.8344,10,485,1168,41.810314:258.750000,1504,True,18,13,1451,0.999975,25.4099,0,0.0133852,1502 1502 1551 1552 1553 1554 1504 1452 1451 1503 1450 1449 -1
GCP,adapt_p80-40593177313954_a315-0_265_map.h5,26.7801,10,311,1076,9.594069:315.000000,1093,True,28,13,1093,0.999528,25.4642,0,0.0127268,1160 1160 1095 1094 1026 1025 1093 1159 1158 1092 1157 1091 -1
GCP,adapt_p80-40593177313954_a202-49999999999997_38_map.h5,26.8633,10,426,1106,9.594069:202.500000,1072,True,14,13,1072,0.999999,25.3873,0,0.0124773,1073 1073 1139 1074 1006 1005 1004 1072 1138 1137 1071 1003 -1
GCP,adapt_p60-00000000000001_a0-0_368_map.h5,27.868,10,422,713,30.000000:0.000000,1294,True,14,13,1294,0.999999,26.7545,0,0.0127781,1295 1295 1413 1355 1412 1354 1231 1293 1294 1353 1411 1410 -1
GCP,adapt_p48-18968510422141_a123-74999999999999_371_map.h5,27.8835,10,546,780,41.810314:123.750000,1484,True,10,10,1484,0.999999,18.3276,0,0.0123314,1431 1431 1483 1430 1484 1535 1536 1485 1432 -1
GCP,adapt_p60-00000000000001_a292-5_378_map.h5,25.7291,10,248,1488,30.000000:292.500000,1343,True,32,13,1458,0.994452,25.515,0,0.0127192,1344 1344 1403 1459 1511 1560 1510 1458 1402 1343 1401 1457 -1
GCP,adapt_p80-40593177313954_a45-0_362_map.h5,26.8381,10,269,1115,9.594069:45.000000,1042,True,24,13,1042,0.999908,25.9497,0,0.0127356,1044 1044 975 976 1043 1110 1109 1108 1042 974 1041 1107 -1
GCP,adapt_p60-00000000000001_a0-0_104_map.h5,26.4765,10,138,1095,30.000000:0.000000,1294,False,78,12,1415,0.887434,24.8818,0,0.0132539,1234 1297 1356 1414 1521 1522 1470 1416 1469 1415 1357 -1
GCP,adapt_p35-659087696138755_a315-0_146_map.h5,27.8257,10,330,769,54.340912:315.000000,1605,True,20,13,1605,0.999258,25.7753,0,0.0130836,1647 1647 1682 1606 1562 1512 1561 1605 1646 1645 1604 1560 -1
GCP,adapt_p35-659087696138755_a75-0_363_map.h5,26.684,10,208,1168,54.340912:75.000000,1576,True,40,13,1578,0.99181,25.8193,0,0.0128491,1661 1661 1621 1620 1619 1576 1577 1531 1578 1579 1622 1623 -1
GCP,adapt_p48-18968510422141_a123-74999999999999_190_map.h5,25.8741,10,735,1498,41.810314:123.750000,1484,True,8,8,1431,0.999998,13.1625,0,0.01269,1484 1484 1430 1431 1432 1485 1486 -1
GCP,adapt_p48-18968510422141_a123-74999999999999_498_map.h5,26.8391,10,324,1093,41.810314:123.750000,1484,True,17,13,1431,0.999989,26.2568,0,0.0127405,1484 1484 1373 1372 1430 1429 1483 1431 1374 1432 1485 1486 -1
GCP,adapt_p11-715852394892384_a45-0_415_map.h5,25.808,10,240,1449,78.284149:45.000000,1766,True,23,13,1746,0.99971,24.8494,0,0.0127967,1720 1720 1721 1722 1748 1747 1746 1719 1745 1765 1766 1767 -1
GCP,adapt_p11-715852394892384_a135-0_306_map.h5,28.7536,10,139,311,78.284149:135.000000,1770,True,40,14,1786,0.993663,26.9684,0,0.0132201,1787 1787 1773 1772 1754 1753 1752 1770 1771 1786 1794 1785 1784 -1
GCP,adapt_p48-18968510422141_a191-25_203_map.h5,27.8657,10,504,711,41.810314:191.250000,1494,True,13,13,1441,0.999998,25.7009,0,0.0130918,1440 1440 1384 1441 1493 1494 1544 1545 1495 1442 1385 1443 -1
GCP,adapt_p60-00000000000001_a202-49999999999997_218_map.h5,27.795,10,491,763,30.000000:202.500000,1328,True,11,11,1328,0.999998,20.975,0,0.0127475,1327 1327 1266 1265 1328 1267 1329 1387 1386 1385 -1
GCP,adapt_p11-715852394892384_a135-0_384_map.h5,27.8985,10,654,735,78.284149:135.000000,1770,True,10,10,1770,0.999999,17.6976,0,0.012257,1751 1751 1750 1769 1770 1752 1753 1771 1785 -1
GCP,adapt_p70-52877936550931_a56-24999999999999_432_map.h5,26.8645,10,397,1131,19.471220:56.250000,1177,True,13,13,1176,0.999999,25.7123,0,0.0132586,1239 1239 1177 1111 1178 1241 1240 1176 1110 1109 1175 1238 -1
GCP,adapt_p23-556464309101234_a292-5_573_map.h5,27.8679,10,439,715,66.443535:292.500000,1712,True,16,13,1712,0.999997,26.0293,0,0.0129317,1679 1679 1681 1680 1644 1643 1712 1711 1738 1739 1713 1714 -1
GCP,adapt_p60-00000000000001_a224-99999999999997_48_map.h5,27.8352,10,365,835,30.000000:225.000000,1331,True,17,13,1389,0.999974,25.7105,0,0.0125782,1330 1330 1331 1332 1390 1447 1446 1389 1329 1387 1388 1445 -1
GCP,adapt_p80-40593177313954_a45-0_413_map.h5,23.6147,10,74,1124,9.594069:45.000000,1042,False,534,10,1008,0.521742,21.492,0,0.0397911,1081 1009 942 941 1008 1075 1007 940 1006 -1
GCP,adapt_p60-00000000000001_a67-5_192_map.h5,27.8488,10,339,793,30.000000:67.500000,1305,True,16,13,1242,0.999942,25.4501,0,0.0130084,1241 1241 1304 1364 1305 1242 1178 1179 1243 1306 1244 1307 -1
GCP,adapt_p23-556464309101234_a202-5_412_map.h5,26.8791,10,623,1116,66.443535:202.500000,1704,True,12,12,1704,0.999999,23.1264,0,0.0127398,1731 1731 1702 1730 1703 1670 1671 1705 1704 1732 1733 -1
GCP,adapt_p35-659087696138755_a105-0_384_map.h5,27.8127,10,406,705,54.340912:105.000000,1579,True,16,13,1580,0.999984,25.7128,0,0.0131538,1533 1533 1532 1534 1581 1624 1662 1661 1623 1580 1579 1622 -1
GCP,adapt_p80-40593177313954_a270-0_381_map.h5,27.8584,10,479,751,9.594069:270.000000,1084,True,15,13,1085,0.999998,26.3496,0,0.0123663,1151 1151 1018 1017 1085 1086 1152 1150 1084 1016 1083 1149 -1
GCP,adapt_p35-659087696138755_a255-00000000000003_33_map.h5,25.6921,10,175,1492,54.340912:255.000000,1598,False,37,13,1596,0.996222,24.7287,0,0.0127081,1639 1639 1597 1552 1502 1501 1551 1596 1638 1637 1595 1550 -1
GCP,adapt_p80-40593177313954_a337-49999999999994_530_map.h5,26.4305,10,146,1091,9.594069:337.500000,1097,True,81,12,1227,0.87081,24.7955,0,0.0133496,1097 1096 1028 1027 1095 1162 1227 1290 1289 1226 1161 -1
GCP,adapt_p48-18968510422141_a326-24999999999994_388_map.h5,27.8231,10,229,763,41.810314:326.250000,1514,True,19,13,1563,0.99999,24.9639,0,0.0126489,1514 1514 1513 1562 1606 1563 1607 1648 1649 1608 1564 1515 -1
GCP,adapt_p35-659087696138755_a255-00000000000003_282_map.h5,25.8243,10,301,1476,54.340912:255.000000,1598,True,22,12,1597,0.999857,22.9194,0,0.012465,1552 1552 1551 1596 1637 1638 1597 1639 1640 1598 1553 -1
GCP,adapt_p35-659087696138755_a45-0_75_map.h5,25.6688,10,161,1516,54.340912:45.000000,1572,False,44,13,1656,0.992916,25.5345,0,0.0129296,1654 1654 1692 1691 1655 1616 1617 1573 1574 1618 1657 1656 -1
GCP,adapt_p35-659087696138755_a165-0_104_map.h5,27.6942,10,164,716,54.340912:165.000000,1587,True,41,13,1629,0.98493,26.9351,0,0.0126093,1703 1702 1668 1630 1587 1586 1629 1666 1628 1667 1701 1730 -1
GCP,adapt_p35-659087696138755_a105-0_382_map.h5,26.8843,10,582,1124,54.340912:105.000000,1579,True,10,10,1579,0.999999,17.8558,0,0.0124564,1623 1623 1580 1534 1533 1579 1622 1578 1532 -1
GCP,adapt_p60-00000000000001_a224-99999999999997_208_map.h5,28.8865,10,606,355,30.000000:225.000000,1331,True,10,10,1332,0.999999,18.3494,0,0.0123604,1331 1331 1270 1332 1389 1390 1391 1333 1271 -1
GCP,adapt_p70-52877936550931_a33-75_64_map.h5,26.8452,10,386,1176,19.471220:33.750000,1173,True,16,13,1106,0.99998,26.178,0,0.0126068,1236 1236 1174 1108 1237 1173 1107 1041 1040 1106 1172 1235 -1
GCP,adapt_p70-52877936550931_a11-25_556_map.h5,27.8603,10,429,777,19.471220:11.250000,1169,True,16,13,1102,0.999998,25.5037,0,0.0125149,1169 1169 1168 1102 1103 1170 1104 1037 1036 1035 1101 1034 -1
GCP,adapt_p80-40593177313954_a135-0_514_map.h5,27.8671,10,576,702,9.594069:135.000000,1059,True,11,11,992,0.999999,21.0694,0,0.0125877,991 991 1057 990 1058 1059 992 1060 993 1061 -1
GCP,adapt_p70-52877936550931_a11-25_529_map.h5,28.8558,10,235,357,19.471220:11.250000,1169,True,17,14,1233,0.999996,28.3339,0,0.0129999,1232 1232 1168 1169 1170 1171 1234 1235 1298 1297 1233 1295 1296 -1
GCP,adapt_p60-00000000000001_a45-0_556_map.h5,26.8908,10,692,1048,30.000000:45.000000,1301,True,9,9,1301,0.999999,15.769,0,0.0129641,1302 1302 1238 1301 1361 1360 1359 1300 -1
GCP,adapt_p23-556464309101234_a22-5_545_map.h5,25.8429,10,382,1423,66.443535:22.500000,1689,True,18,13,1720,0.99998,24.8408,0,0.0128916,1746 1746 1747 1721 1691 1720 1690 1654 1653 1689 1719 1745 -1
GCP,adapt_p70-52877936550931_a168-74999999999997_45_map.h5,25.8793,10,762,1483,19.471220:168.750000,1197,True,11,11,1196,0.999998,20.3185,0,0.012451,1259 1259 1258 1195 1196 1130 1131 1197 1260 1261 -1
GCP,adapt_p60-00000000000001_a157-5_242_map.h5,27.7384,10,230,744,30.000000:157.500000,1320,True,34,13,1380,0.997065,25.6102,0,0.0133798,1259 1259 1321 1322 1381 1380 1437 1436 1379 1320 1435 1378 -1
GCP,adapt_p60-00000000000001_a22-5_187_map.h5,27.8824,10,524,739,30.000000:22.500000,1298,True,10,10,1297,0.999998,18.3824,0,0.012372,1234 1234 1296 1233 1297 1356 1357 1298 1235 -1
GCP,adapt_p48-18968510422141_a191-25_118_map.h5,27.8901,10,572,699,41.810314:191.250000,1494,True,10,10,1441,0.999999,18.1449,0,0.0126551,1494 1494 1440 1493 1441 1384 1385 1442 1495 -1
GCP,adapt_p48-18968510422141_a11-25_146_map.h5,26.8853,10,504,1145,41.810314:11.250000,1468,True,9,9,1414,0.999998,15.7183,0,0.0124783,1415 1415 1356 1355 1413 1414 1469 1468 -1
GCP,adapt_p48-18968510422141_a101-24999999999999_87_map.h5,27.8757,10,425,754,41.810314:101.250000,1481,True,11,11,1481,0.999999,20.4226,0,0.0130561,1428 1428 1429 1482 1533 1532 1481 1427 1480 1426 -1
GCP,adapt_p48-18968510422141_a258-75_457_map.h5,28.8743,10,316,317,41.810314:258.750000,1504,True,13,13,1451,0.999999,25.578,0,0.0134471,1450 1450 1502 1552 1553 1503 1394 1395 1451 1452 1504 1554 -1
GCP,adapt_p60-00000000000001_a0-0_453_map.h5,26.8083,10,469,1065,30.000000:0.000000,1294,True,15,13,1294,0.999999,25.8164,0,0.0124623,1410 1410 1466 1409 1352 1353 1292 1293 1294 1411 1354 1295 -1
GCP,adapt_p60-00000000000001_a270-0_415_map.h5,28.8105,10,277,372,30.000000:270.000000,1339,True,23,14,1396,0.999928,28.6296,0,0.0133302,1398 1398 1341 1340 1453 1452 1396 1395 1337 1338 1397 1339 1278 -1
GCP,adapt_p48-18968510422141_a123-74999999999999_262_map.h5,27.853,10,278,731,41.810314:123.750000,1484,True,16,13,1484,0.999986,25.8512,0,0.0127977,1483 1483 1534 1535 1536 1484 1429 1430 1431 1432 1485 1486 -1
GCP,adapt_p80-40593177313954_a135-0_503_map.h5,23.5336,10,55,1106,9.594069:135.000000,1059,False,540,9,878,0.594945,22.9168,0,0.0409255,1508 878 879 947 1012 1079 1011 1078 -1
GCP,adapt_p80-40593177313954_a135-0_284_map.h5,26.8681,10,496,1053,9.594069:135.000000,1059,True,14,13,1126,0.999998,25.1671,0,0.012647,1059 1059 1060 1061 1127 1192 1126 1125 1191 1190 1124 1058 -1
GCP,adapt_p23-556464309101234_a157-5_138_map.h5,26.876,10,533,1118,66.443535:157.500000,1701,True,9,9,1701,0.999998,15.3846,0,0.012742,1666 1666 1667 1701 1729 1728 1700 1665 -1
GCP,adapt_p70-52877936550931_a213-75_94_map.h5,24.7428,10,203,1534,19.471220:213.750000,1205,False,181,9,1128,0.696418,21.1489,0,0.0158228,1266 1063 1129 1194 1193 1127 1128 1062 -1
GCP,adapt_p80-40593177313954_a22-5_580_map.h5,28.8483,10,364,347,9.594069:22.500000,1038,True,17,14,1038,0.999986,27.8675,0,0.0125413,1039 1039 1106 1172 1171 1105 1104 1038 971 970 1037 1103 1036 -1
GCP,adapt_p35-659087696138755_a255-00000000000003_16_map.h5,27.8744,10,366,771,54.340912:255.000000,1598,True,14,13,1598,0.999998,26.4038,0,0.0124343,1640 1640 1554 1599 1553 1552 1597 1598 1639 1676 1638 1596 -1
GCP,adapt_p60-00000000000001_a292-5_479_map.h5,24.8757,10,173,1476,30.000000:292.500000,1343,False,164,11,1457,0.874271,23.1884,0,0.0150042,1562 1603 1559 1510 1509 1458 1401 1457 1456 1400 -1
GCP,adapt_p60-00000000000001_a112-49999999999999_101_map.h5,27.7749,10,306,740,30.000000:112.500000,1313,True,29,13,1313,0.999226,25.7777,0,0.0128948,1370 1370 1311 1312 1371 1373 1372 1313 1251 1252 1314 1315 -1
GCP,adapt_p60-00000000000001_a112-49999999999999_209_map.h5,26.8864,10,676,1076,30.000000:112.500000,1313,True,9,9,1313,0.999999,15.5123,0,0.0124173,1251 1251 1314 1313 1372 1371 1312 1250 -1
GCP,adapt_p23-556464309101234_a337-5_152_map.h5,26.8701,10,511,1084,66.443535:337.500000,1716,True,8,8,1742,0.999999,12.9123,0,0.0126853,1716 1716 1715 1741 1742 1743 1717 -1
GCP,adapt_p60-00000000000001_a180-0_236_map.h5,28.8754,10,509,381,30.000000:180.000000,1324,True,10,10,1324,0.999999,18.0928,0,0.012342,1325 1325 1383 1382 1323 1261 1324 1262 1263 -1
GCP,adapt_p48-18968510422141_a303-75_93_map.h5,26.8803,10,656,1078,41.810314:303.750000,1510,True,10,10,1560,0.999997,17.7615,0,0.0124945,1559 1559 1603 1604 1560 1561 1512 1511 1510 -1
GCP,adapt_p48-18968510422141_a236-25_146_map.h5,26.8753,10,633,1098,41.810314:236.250000,1501,True,11,11,1448,0.999998,21.3823,0,0.0124529,1501 1501 1500 1447 1502 1450 1449 1393 1392 1448 -1
GCP,adapt_p48-18968510422141_a326-24999999999994_493_map.h5,25.7035,10,306,1438,41.810314:326.250000,1514,True,40,12,1463,0.968209,25.0036,0,0.0132611,1513 1462 1562 1606 1607 1563 1514 1515 1463 1407 1464 -1
GCP,adapt_p80-40593177313954_a45-0_88_map.h5,25.8403,10,270,1648,9.594069:45.000000,1042,True,15,12,1043,0.999982,23.8058,0,0.0125121,1108 1108 974 1041 1042 975 976 1043 1109 1044 1110 -1
GCP,adapt_p60-00000000000001_a292-5_116_map.h5,26.8752,10,628,1136,30.000000:292.500000,1343,True,12,12,1343,0.999999,22.9699,0,0.0125914,1400 1400 1401 1344 1282 1343 1342 1281 1280 1341 1399 -1
GCP,adapt_p80-40593177313954_a67-5_549_map.h5,25.6068,10,248,1455,9.594069:67.500000,1047,True,39,12,1112,0.972733,24.6581,0,0.012945,1177 1111 1045 1112 1178 1046 1047 1048 1114 1113 1179 -1
GCP,adapt_p35-659087696138755_a165-0_448_map.h5,25.7642,10,282,1434,54.340912:165.000000,1587,True,28,13,1586,0.997746,25.1143,0,0.0125776,1489 1489 1540 1585 1628 1666 1667 1629 1586 1541 1587 1630 -1
GCP,adapt_p70-52877936550931_a123-74999999999999_134_map.h5,28.7802,10,259,355,19.471220:123.750000,1189,True,27,14,1188,0.999737,28.5023,0,0.0126072,1253 1253 1314 1315 1252 1190 1189 1188 1251 1313 1250 1187 1186 -1
GCP,adapt_p35-659087696138755_a315-0_588_map.h5,27.85,10,253,722,54.340912:315.000000,1605,True,16,13,1606,0.999985,25.5992,0,0.0127545,1561 1561 1606 1647 1648 1607 1562 1605 1646 1645 1604 1560 -1
GCP,adapt_p80-40593177313954_a90-0_378_map.h5,26.8551,10,475,1078,9.594069:90.000000,1051,True,15,13,1050,0.999995,26.6716,0,0.0127329,1116 1115 1049 982 983 984 1052 1118 1117 1051 1050 1116 -1
GCP,adapt_p35-659087696138755_a105-0_417_map.h5,27.8919,10,547,769,54.340912:105.000000,1579,True,7,7,1623,0.999999,10.5923,0,0.0128488,1622 1622 1579 1580 1623 1661 -1
GCP,adapt_p48-18968510422141_a11-25_25_map.h5,25.8253,10,250,1453,41.810314:11.250000,1468,True,21,13,1468,0.999935,25.6123,0,0.0125158,1413 1413 1468 1414 1467 1519 1520 1567 1568 1521 1469 1415 -1
GCP,adapt_p80-40593177313954_a112-49999999999999_175_map.h5,27.8453,10,404,709,9.594069:112.500000,1055,True,18,13,1054,0.999993,26.7763,0,0.012526,988 1055 987 988 1056 1122 1121 1120 1054 986 1053 985 -1
GCP,adapt_p70-52877936550931_a11-25_403_map.h5,28.8422,10,216,347,19.471220:11.250000,1169,True,20,14,1169,0.999974,28.334,0,0.0125821,1101 1101 1169 1232 1231 1167 1168 1102 1036 1037 1103 1104 1170 -1
GCP,adapt_p23-556464309101234_a67-5_341_map.h5,24.8591,10,316,1870,66.443535:67.500000,1693,True,16,12,1693,0.999988,22.9846,0,0.0127265,1694 1694 1657 1658 1693 1692 1722 1723 1724 1749 1748 -1
GCP,adapt_p48-18968510422141_a213-75_125_map.h5,27.8666,10,349,771,41.810314:213.750000,1497,True,14,13,1497,0.999999,25.4581,0,0.0132475,1498 1498 1548 1547 1546 1496 1443 1444 1497 1445 1388 1446 -1
GCP,adapt_p35-659087696138755_a75-0_334_map.h5,27.8182,10,276,724,54.340912:75.000000,1576,True,21,14,1576,0.999675,27.6957,0,0.0125695,1478 1478 1477 1528 1575 1619 1620 1576 1529 1530 1479 1531 1577 -1
GCP,adapt_p35-659087696138755_a344-99999999999994_592_map.h5,25.8789,10,644,1523,54.340912:345.000000,1609,True,10,10,1609,0.999998,18.3033,0,0.0129034,1565 1565 1610 1566 1609 1650 1649 1608 1564 -1
GCP,adapt_p11-715852394892384_a315-0_228_map.h5,26.8922,10,754,1152,78.284149:315.000000,1778,True,10,10,1778,0.999998,17.8474,0,0.0125725,1779 1779 1790 1791 1778 1777 1761 1762 1763 -1
GCP,adapt_p11-715852394892384_a315-0_144_map.h5,28.8619,10,248,354,78.284149:315.000000,1778,True,16,14,1763,0.999998,28.0303,0,0.0128501,1779 1779 1778 1761 1739 1740 1714 1741 1742 1764 1763 1762 1780 -1
GCP,adapt_p60-00000000000001_a180-0_417_map.h5,27.88,10,504,725,30.000000:180.000000,1324,True,12,12,1262,0.999999,22.596,0,0.0127608,1261 1261 1198 1199 1262 1324 1323 1382 1383 1325 1263 -1
GCP,adapt_p60-00000000000001_a247-49999999999997_76_map.h5,26.3422,10,106,1065,30.000000:247.500000,1335,False,90,12,1333,0.958772,24.5483,0,0.0135182,1211 1273 1272 1209 1271 1332 1390 1391 1333 1392 1334 -1
GCP,adapt_p80-40593177313954_a292-5_185_map.h5,27.8834,10,703,656,9.594069:292.500000,1088,True,12,12,1089,0.999999,24.9381,0,0.0133301,1021 1089 1090 1022 1021 1155 1154 1088 1020 1087 1153 -1
GCP,adapt_p80-40593177313954_a67-5_424_map.h5,28.8683,10,266,372,9.594069:67.500000,1047,True,15,13,1048,0.999995,28.0516,0,0.0125231,981 1048 1050 982 981 980 1049 1115 1114 1047 979 1046 -1
GCP,adapt_p35-659087696138755_a255-00000000000003_23_map.h5,25.7223,10,143,1522,54.340912:255.000000,1598,False,35,13,1381,0.997803,25.1121,0,0.0124668,1437 1437 1380 1321 1322 1381 1438 1439 1382 1323 1324 1383 -1
GCP,adapt_p60-00000000000001_a292-5_481_map.h5,25.5573,10,184,1508,30.000000:292.500000,1343,True,63,12,1343,0.889963,23.9906,0,0.0135722,1346 1345 1403 1402 1344 1343 1282 1281 1342 1400 1401 -1
GCP,adapt_p48-18968510422141_a326-24999999999994_294_map.h5,26.8822,10,400,1121,41.810314:326.250000,1514,True,12,12,1513,0.999998,23.1117,0,0.0125576,1462 1462 1515 1463 1514 1563 1562 1513 1461 1512 1561 -1
GCP,adapt_p70-52877936550931_a33-75_304_map.h5,25.8183,10,310,1402,19.471220:33.750000,1173,True,21,13,1174,0.999985,25.8207,0,0.0124541,1175 1175 1108 1109 1174 1238 1237 1236 1173 1107 1106 1172 -1
GCP,adapt_p80-40593177313954_a90-0_325_map.h5,27.7923,10,376,750,9.594069:90.000000,1051,True,22,13,1051,0.99986,25.2793,0,0.0125432,1117 1117 1116 1115 1049 1050 1051 984 1052 1118 1119 1053 -1
GCP,adapt_p80-40593177313954_a0-0_194_map.h5,28.839,10,244,378,9.594069:0.000000,1034,True,17,14,1034,0.999992,28.5588,0,0.0128187,1100 1100 1099 1032 967 1033 1034 1166 1101 1035 968 1036 1102 -1
GCP,adapt_p35-659087696138755_a255-00000000000003_95_map.h5,25.8321,10,254,1439,54.340912:255.000000,1598,True,19,13,1598,0.999971,25.7047,0,0.0127131,1599 1599 1553 1554 1598 1597 1552 1596 1638 1639 1640 1641 -1
GCP,adapt_p60-00000000000001_a22-5_319_map.h5,28.8862,10,531,420,30.000000:22.500000,1298,True,9,9,1298,0.999999,16.0972,0,0.0125663,1297 1297 1357 1358 1299 1298 1356 1296 -1
GCP,adapt_p35-659087696138755_a255-00000000000003_517_map.h5,27.8781,10,478,720,54.340912:255.000000,1598,True,12,12,1598,0.999999,22.8866,0,0.0126315,1639 1639 1597 1553 1554 1599 1598 1640 1676 1677 1641 -1
GCP,adapt_p11-715852394892384_a135-0_389_map.h5,26.8915,10,721,1184,78.284149:135.000000,1770,True,10,10,1753,0.999998,17.9946,0,0.0123153,1752 1752 1770 1751 1771 1772 1754 1753 1729 -1
GCP,adapt_p80-40593177313954_a67-5_335_map.h5,28.8579,10,218,410,9.594069:67.500000,1047,True,16,14,1046,0.999998,28.3161,0,0.0128997,1045 1045 976 1044 977 978 979 1046 1112 1113 1047 980 1048 -1
GCP,adapt_p60-00000000000001_a0-0_35_map.h5,27.8844,10,569,742,30.000000:0.000000,1294,True,11,11,1295,0.999998,21.1433,0,0.0123663,1231 1231 1293 1354 1411 1294 1295 1232 1296 1355 -1
GCP,adapt_p70-52877936550931_a101-24999999999999_99_map.h5,26.8673,10,545,1023,19.471220:101.250000,1185,True,13,13,1185,0.999999,25.9588,0,0.0125566,1184 1184 1119 1118 1185 1247 1248 1249 1186 1120 1121 1187 -1
GCP,adapt_p70-52877936550931_a168-74999999999997_269_map.h5,28.848,10,408,359,19.471220:168.750000,1197,True,15,14,1131,0.999999,28.7814,0,0.0128245,1130 1130 1195 1196 1064 1065 1066 1132 1133 1199 1198 1131 1197 -1
GCP,adapt_p70-52877936550931_a101-24999999999999_582_map.h5,27.8845,10,460,743,19.471220:101.250000,1185,True,11,11,1185,0.999998,20.3847,0,0.0123363,1120 1120 1121 1186 1249 1248 1185 1119 1118 1184 -1
GCP,adapt_p35-659087696138755_a165-0_533_map.h5,27.5029,10,171,802,54.340912:165.000000,1587,False,62,13,1486,0.910902,26.9422,0,0.0129447,1432 1537 1486 1487 1538 1584 1539 1585 1628 1666 1667 1629 -1
GCP,adapt_p35-659087696138755_a165-0_344_map.h5,26.8624,10,556,1040,54.340912:165.000000,1587,True,12,12,1629,0.999998,22.6615,0,0.0123671,1587 1587 1629 1586 1585 1628 1666 1667 1668 1630 1631 -1
GCP,adapt_p80-40593177313954_a157-5_437_map.h5,26.8862,10,623,1105,9.594069:157.500000,1063,True,12,12,1063,0.999999,23.4581,0,0.0125718,1128 1128 1062 994 1061 995 996 1063 1129 1064 1130 -1
GCP,adapt_p35-659087696138755_a105-0_223_map.h5,27.8415,10,414,767,54.340912:105.000000,1579,True,16,14,1623,0.999996,27.789,0,0.0123508,1660 1660 1578 1621 1622 1579 1580 1623 1661 1696 1697 1662 1624 -1
GCP,adapt_p23-556464309101234_a202-5_536_map.h5,25.6551,10,170,1514,66.443535:202.500000,1704,False,46,12,1337,0.979486,24.2171,0,0.0127039,1450 1451 1452 1396 1338 1339 1277 1276 1337 1395 1394 -1
GCP,adapt_p60-00000000000001_a270-0_213_map.h5,27.8678,10,450,763,30.000000:270.000000,1339,True,11,11,1339,0.999998,20.3296,0,0.0129962,1278 1278 1279 1340 1398 1397 1339 1396 1338 1277 -1
GCP,adapt_p35-659087696138755_a75-0_51_map.h5,27.8689,10,479,790,54.340912:75.000000,1576,True,12,12,1619,0.999998,22.662,0,0.0128879,1576 1576 1619 1575 1574 1618 1657 1658 1659 1620 1621 -1
GCP,adapt_p35-659087696138755_a135-0_260_map.h5,27.8758,10,530,674,54.340912:135.000000,1583,True,10,10,1626,0.999999,18.295,0,0.0129548,1625 1625 1663 1664 1582 1583 1626 1627 1584 -1
GCP,adapt_p11-715852394892384_a135-0_93_map.h5,27.7783,10,247,750,78.284149:135.000000,1770,True,27,14,1751,0.999195,27.3804,0,0.0124198,1771 1771 1753 1752 1728 1727 1726 1751 1770 1769 1768 1750 1749 -1
GCP,adapt_p23-556464309101234_a292-5_332_map.h5,27.8744,10,317,738,66.443535:292.500000,1712,True,12,12,1712,0.999998,23.5407,0,0.0124022,1739 1739 1711 1738 1712 1740 1714 1713 1681 1680 1679 -1
GCP,adapt_p70-52877936550931_a213-75_123_map.h5,25.8238,10,454,1544,19.471220:213.750000,1205,True,18,13,1141,0.999988,25.3395,0,0.0130249,1207 1207 1269 1206 1205 1139 1140 1074 1075 1141 1142 1076 -1
GCP,adapt_p48-18968510422141_a168-74999999999997_420_map.h5,27.8814,10,467,791,41.810314:168.750000,1491,True,13,13,1438,0.999999,25.2428,0,0.0123897,1490 1490 1436 1437 1380 1381 1438 1491 1541 1542 1492 1439 -1
GCP,adapt_p23-556464309101234_a202-5_61_map.h5,27.8833,10,497,779,66.443535:202.500000,1704,True,11,11,1704,0.999999,21.106,0,0.0125464,1732 1732 1731 1705 1706 1733 1704 1670 1671 1672 -1
GCP,adapt_p35-659087696138755_a195-0_469_map.h5,27.8302,10,544,789,54.340912:195.000000,1590,True,9,9,1590,0.999998,15.7087,0,0.0125651,1591 1591 1545 1544 1589 1590 1633 1632 -1
GCP,adapt_p60-00000000000001_a45-0_481_map.h5,25.8838,10,670,1591,30.000000:45.000000,1301,True,10,10,1302,0.999999,18.4586,0,0.012982,1303 1303 1361 1362 1302 1301 1238 1239 1240 -1
GCP,adapt_p60-00000000000001_a180-0_368_map.h5,28.826,10,270,351,30.000000:180.000000,1324,True,20,14,1325,0.999944,27.7482,0,0.0128026,1382 1382 1323 1262 1324 1325 1263 1264 1326 1385 1384 1383 1440 -1
GCP,adapt_p48-18968510422141_a348-74999999999994_199_map.h5,25.7278,10,166,1520,41.810314:348.750000,1517,True,35,13,1565,0.996262,25.2441,0,0.0129537,1567 1567 1519 1518 1517 1566 1610 1609 1565 1516 1564 1515 -1
GCP,adapt_p70-52877936550931_a281-24999999999994_450_map.h5,28.8453,10,352,384,19.471220:281.250000,1217,True,19,14,1153,0.999985,28.5096,0,0.0124829,1219 1219 1281 1280 1217 1216 1152 1087 1153 1218 1088 1154 1155 -1
GCP,adapt_p80-40593177313954_a0-0_369_map.h5,26.8469,10,425,1117,9.594069:0.000000,1034,True,16,13,1034,0.999974,25.9459,0,0.0129309,1166 1166 1099 1165 1100 1032 1033 1034 967 1035 1101 1102 -1
GCP,adapt_p60-00000000000001_a45-0_129_map.h5,27.8614,10,408,758,30.000000:45.000000,1301,True,16,13,1301,0.999998,25.9624,0,0.0124562,1360 1360 1359 1236 1174 1237 1300 1301 1238 1239 1302 1361 -1
GCP,adapt_p80-40593177313954_a0-0_409_map.h5,27.8773,10,600,745,9.594069:0.000000,1034,True,11,11,1034,0.999999,20.6023,0,0.01252,1100 1100 1033 967 1035 1034 1166 1101 1102 1036 -1
GCP,adapt_p60-00000000000001_a45-0_130_map.h5,24.8191,10,286,1909,30.000000:45.000000,1301,True,22,12,1301,0.999953,23.6072,0,0.0126752,1361 1361 1362 1360 1300 1236 1237 1238 1301 1302 1239 -1
GCP,adapt_p60-00000000000001_a67-5_498_map.h5,25.8622,10,377,1558,30.000000:67.500000,1305,True,12,12,1242,0.999999,23.3174,0,0.0125572,1305 1305 1306 1243 1242 1241 1304 1303 1177 1178 1179 -1
GCP,adapt_p11-715852394892384_a45-0_573_map.h5,26.8766,10,456,1125,78.284149:45.000000,1766,True,11,11,1767,0.999999,20.1704,0,0.0131472,1766 1766 1783 1782 1767 1768 1749 1748 1747 1746 -1
GCP,adapt_p80-40593177313954_a112-49999999999999_541_map.h5,25.5197,10,140,1146,9.594069:112.500000,1055,True,237,11,1057,0.617994,23.5035,0,0.0188746,1256 1124 1058 1057 1056 1122 1055 1054 1120 1053 -1
GCP,adapt_p60-00000000000001_a224-99999999999997_588_map.h5,26.7872,10,238,1180,30.000000:225.000000,1331,True,26,13,1269,0.999413,25.4808,0,0.0126126,1329 1329 1267 1268 1330 1206 1269 1331 1389 1390 1332 1270 -1
GCP,adapt_p80-40593177313954_a45-0_144_map.h5,27.4277,10,241,728,9.594069:45.000000,1042,True,76,12,1108,0.823333,26.641,0,0.0130837,1049 1115 1048 1114 1109 1108 1042 1041 1107 1106 1040 -1
GCP,adapt_p23-556464309101234_a202-5_562_map.h5,28.8624,10,257,362,66.443535:202.500000,1704,True,16,14,1705,0.999998,27.7876,0,0.0123415,1706 1706 1734 1733 1732 1704 1670 1633 1634 1671 1672 1673 1705 -1
GCP,adapt_p80-40593177313954_a135-0_273_map.h5,26.7799,10,259,1147,9.594069:135.000000,1059,True,26,13,1125,0.999425,25.9092,0,0.0129198,1190 1190 1123 1057 1058 1124 1125 1191 1059 1060 1126 1127 -1
GCP,adapt_p60-00000000000001_a247-49999999999997_316_map.h5,25.0901,10,75,1136,30.000000:247.500000,1335,False,304,9,1564,0.6326,23.5213,0,0.0214511,1603 1607 1563 1564 1515 1397 1453 1452 -1
GCP,adapt_p70-52877936550931_a236-25_106_map.h5,25.732,10,437,1482,19.471220:236.250000,1209,True,26,13,1273,0.998593,25.2714,0,0.0127458,1333 1333 1334 1272 1209 1210 1273 1335 1274 1211 1146 1212 -1
GCP,adapt_p23-556464309101234_a157-5_345_map.h5,25.8319,10,295,1426,66.443535:157.500000,1701,True,21,13,1701,0.999962,25.2106,0,0.0129804,1666 1666 1629 1667 1701 1700 1729 1730 1702 1668 1703 1669 -1
GCP,adapt_p80-40593177313954_a270-0_127_map.h5,25.7892,10,204,1448,9.594069:270.000000,1084,True,23,12,1084,0.998771,23.3899,0,0.012595,1149 1149 1083 1150 1151 1086 1018 1085 1017 1084 1016 -1
GCP,adapt_p60-00000000000001_a270-0_125_map.h5,27.8504,10,476,763,30.000000:270.000000,1339,True,13,13,1339,0.999998,25.0874,0,0.0124357,1398 1398 1399 1341 1340 1339 1397 1396 1338 1277 1278 1279 -1
GCP,adapt_p80-40593177313954_a67-5_285_map.h5,28.8254,10,264,386,9.594069:67.500000,1047,True,21,14,1047,0.999986,28.1395,0,0.0134195,978 978 1045 1046 1112 1113 1047 979 980 981 1048 1114 1049 -1
GCP,adapt_p70-52877936550931_a56-24999999999999_557_map.h5,25.7805,10,204,1528,19.471220:56.250000,1177,True,27,12,1176,0.999222,24.6474,0,0.0132912,1109 1110 1111 1177 1240 1239 1176 1175 1238 1174 1109 -1
GCP,adapt_p11-715852394892384_a225-0_558_map.h5,26.8635,10,411,1148,78.284149:225.000000,1774,True,15,13,1775,0.999998,25.9909,0,0.0122942,1774 1756 1757 1758 1735 1759 1776 1775 1774 1787 1788 1789 -1
GCP,adapt_p70-52877936550931_a11-25_388_map.h5,27.882,10,514,741,19.471220:11.250000,1169,True,11,11,1169,0.999998,20.5867,0,0.0127696,1170 1170 1103 1102 1168 1231 1232 1169 1233 1234 -1
GCP,adapt_p35-659087696138755_a135-0_587_map.h5,27.8792,10,454,783,54.340912:135.000000,1583,True,12,12,1583,0.999999,22.9104,0,0.0126296,1582 1582 1536 1537 1486 1538 1584 1627 1583 1626 1625 -1
GCP,adapt_p60-00000000000001_a224-99999999999997_28_map.h5,26.8811,10,671,996,30.000000:225.000000,1331,True,10,10,1332,0.999999,18.6964,0,0.0126982,1390 1390 1333 1271 1270 1269 1331 1332 1389 -1
GCP,adapt_p80-40593177313954_a202-49999999999997_536_map.h5,26.7402,10,426,1093,9.594069:202.500000,1072,True,24,13,1072,0.999691,25.7238,0,0.0126199,1136 1136 1070 1004 1071 1137 1138 1072 1005 1073 1139 1074 -1
GCP,adapt_p35-659087696138755_a75-0_237_map.h5,27.855,10,390,737,54.340912:75.000000,1576,True,14,13,1576,0.999997,25.9846,0,0.0128253,1621 1621 1576 1529 1530 1577 1578 1620 1659 1658 1619 1575 -1
GCP,adapt_p48-18968510422141_a101-24999999999999_212_map.h5,25.3345,10,76,1164,41.810314:101.250000,1481,False,241,12,956,0.869864,25.0815,0,0.0180135,1088 955 887 956 1023 1024 957 958 1025 1026 1027 -1
GCP,adapt_p60-00000000000001_a224-99999999999997_51_map.h5,26.7705,10,253,1142,30.000000:225.000000,1331,True,31,13,1390,0.999391,25.7498,0,0.0132851,1333 1333 1390 1446 1389 1331 1332 1391 1448 1447 1500 1501 -1
GCP,adapt_p80-40593177313954_a247-49999999999997_185_map.h5,26.8519,10,453,1128,9.594069:247.500000,1080,True,16,13,1079,0.999995,25.9429,0,0.0129194,1078 1078 1012 1011 1079 1144 1145 1146 1080 1013 1081 1147 -1
GCP,adapt_p70-52877936550931_a146-25_207_map.h5,26.8299,10,272,1111,19.471220:146.250000,1193,True,20,13,1061,0.999928,25.5523,0,0.0127982,1126 1126 1060 993 994 1061 1127 1192 1193 1128 1062 1129 -1
GCP,adapt_p80-40593177313954_a22-5_380_map.h5,27.8663,10,459,719,9.594069:22.500000,1038,True,13,13,1039,0.999999,26.9036,0,0.0125483,1038 1038 1106 1040 1107 1172 1171 1105 1039 971 1104 1037 -1
GCP,adapt_p60-00000000000001_a0-0_239_map.h5,21.6946,10,70,1044,30.000000:0.000000,1294,False,899,5,1237,0.305147,19.3398,0,0.0890086,1134 1238 1237 1236 -1
GCP,adapt_p70-52877936550931_a146-25_555_map.h5,28.8831,10,517,352,19.471220:146.250000,1193,True,11,11,1193,0.999998,20.5446,0,0.0126917,1256 1256 1255 1191 1192 1193 1127 1128 1194 1257 -1
GCP,adapt_p35-659087696138755_a195-0_179_map.h5,27.8833,10,473,708,54.340912:195.000000,1590,True,11,11,1590,0.999999,20.3688,0,0.0125052,1633 1633 1670 1632 1589 1544 1545 1590 1591 1546 -1
GCP,adapt_p48-18968510422141_a56-24999999999999_164_map.h5,25.5196,10,267,1532,41.810314:56.250000,1475,False,57,12,1572,0.923705,24.1862,0,0.0132151,1478 1529 1576 1575 1528 1574 1527 1526 1573 1572 1525 -1
GCP,adapt_p48-18968510422141_a56-24999999999999_362_map.h5,27.8844,10,550,693,41.810314:56.250000,1475,True,11,11,1475,0.999999,20.3559,0,0.0124512,1476 1476 1528 1527 1475 1422 1421 1420 1474 1526 -1
GCP,adapt_p70-52877936550931_a213-75_201_map.h5,26.7409,10,275,1092,19.471220:213.750000,1205,False,33,13,1201,0.99418,25.3944,0,0.0128963,1137 1137 1203 1265 1202 1136 1201 1264 1263 1200 1135 1134 -1
GCP,adapt_p70-52877936550931_a258-75_66_map.h5,25.8758,10,655,1586,19.471220:258.750000,1213,True,11,11,1213,0.999999,21.098,0,0.0130048,1276 1276 1212 1147 1275 1213 1148 1149 1214 1277 -1
GCP,adapt_p35-659087696138755_a135-0_365_map.h5,28.8783,10,410,423,54.340912:135.000000,1583,True,12,12,1626,0.999999,22.9064,0,0.0125159,1625 1625 1626 1583 1582 1581 1624 1663 1664 1627 1584 -1
GCP,adapt_p60-00000000000001_a224-99999999999997_471_map.h5,25.8763,10,554,1478,30.000000:225.000000,1331,True,10,10,1390,0.999998,17.791,0,0.0125293,1391 1391 1333 1332 1390 1447 1446 1389 1331 -1
GCP,adapt_p60-00000000000001_a135-0_10_map.h5,25.8795,10,739,1508,30.000000:135.000000,1316,True,9,9,1375,0.999999,15.5939,0,0.0122885,1376 1376 1317 1316 1375 1433 1432 1374 -1
GCP,adapt_p48-18968510422141_a258-75_118_map.h5,26.8699,10,526,1071,41.810314:258.750000,1504,True,13,13,1451,0.999999,25.8497,0,0.0128471,1450 1450 1449 1502 1503 1553 1451 1394 1395 1452 1504 1505 -1
GCP,adapt_p80-40593177313954_a135-0_237_map.h5,27.8362,10,387,783,9.594069:135.000000,1059,True,16,13,1059,0.999972,25.8294,0,0.0126358,992 992 1058 1124 1057 990 991 1059 1125 1126 1060 993 -1
GCP,adapt_p70-52877936550931_a33-75_272_map.h5,26.8031,10,329,1079,19.471220:33.750000,1173,True,24,13,1172,0.999843,26.7277,0,0.0127504,1106 1107 1173 1236 1235 1234 1170 1104 1105 1171 1172 1106 -1
GCP,adapt_p70-52877936550931_a11-25_341_map.h5,27.8432,10,226,739,19.471220:11.250000,1169,True,19,13,1169,0.999977,25.9771,0,0.0126204,1168 1168 1169 1232 1231 1102 1103 1104 1170 1233 1234 1171 -1
GCP,adapt_p48-18968510422141_a101-24999999999999_225_map.h5,25.6117,10,250,1489,41.810314:101.250000,1481,True,50,13,1425,0.977314,25.2228,0,0.0130848,1477 1477 1478 1424 1425 1479 1426 1480 1481 1427 1428 1429 -1
GCP,adapt_p60-00000000000001_a292-5_297_map.h5,25.8641,10,713,1543,30.000000:292.500000,1343,True,14,13,1343,0.999999,25.4623,0,0.0127088,1400 1400 1399 1456 1401 1402 1344 1283 1282 1343 1342 1281 -1
GCP,adapt_p48-18968510422141_a168-74999999999997_124_map.h5,26.7652,10,126,1135,41.810314:168.750000,1491,True,32,13,1438,0.996938,25.0198,0,0.012572,1382 1382 1439 1492 1543 1542 1541 1490 1437 1491 1438 1381 -1
GCP,adapt_p70-52877936550931_a348-74999999999994_545_map.h5,26.2117,10,127,1116,19.471220:348.750000,1229,False,118,11,1035,0.884012,23.4351,0,0.0141525,895 1100 1166 1034 967 1035 1101 1168 1102 1036 -1
GCP,adapt_p60-00000000000001_a67-5_96_map.h5,27.8614,10,459,769,30.000000:67.500000,1305,True,14,14,1305,1,27.3135,0,0.0124078,1364 1364 1363 1362 1303 1240 1241 1304 1305 1242 1243 1306 1365 -1
GCP,adapt_p48-18968510422141_a56-24999999999999_143_map.h5,27.86,10,428,763,41.810314:56.250000,1475,True,13,13,1420,0.999999,25.3307,0,0.0128372,1475 1475 1422 1421 1420 1362 1361 1419 1473 1525 1474 1526 -1
GCP,adapt_p60-00000000000001_a90-0_70_map.h5,27.8783,10,434,771,30.000000:90.000000,1309,True,12,12,1310,0.999999,22.9761,0,0.0124407,1247 1247 1246 1308 1309 1368 1310 1369 1370 1311 1248 -1
GCP,adapt_p70-52877936550931_a33-75_547_map.h5,27.8852,10,598,717,19.471220:33.750000,1173,True,11,11,1107,0.999999,20.8293,0,0.0125829,1106 1106 1041 1107 1173 1172 1236 1237 1174 1108 -1
GCP,adapt_p70-52877936550931_a303-75_379_map.h5,27.8782,10,478,789,19.471220:303.750000,1221,True,9,9,1284,0.999998,16.0925,0,0.012575,1285 1285 1221 1220 1283 1284 1222 1223 -1
GCP,adapt_p70-52877936550931_a33-75_528_map.h5,27.8733,10,544,729,19.471220:33.750000,1173,True,11,11,1173,0.999999,20.3956,0,0.0124806,1107 1107 1108 1174 1237 1173 1236 1235 1172 1106 -1
GCP,adapt_p60-00000000000001_a180-0_47_map.h5,27.872,10,431,766,30.000000:180.000000,1324,True,13,13,1324,0.999999,25.801,0,0.0127288,1262 1262 1323 1261 1322 1381 1439 1382 1324 1383 1325 1263 -1
GCP,adapt_p60-00000000000001_a0-0_242_map.h5,28.3202,10,100,363,30.000000:0.000000,1294,False,101,13,1229,0.972481,27.9464,0,0.0136075,1466 1291 1228 1229 1230 1165 1099 1164 1163 1162 1227 1226 -1
GCP,adapt_p35-659087696138755_a75-0_43_map.h5,27.8928,10,508,730,54.340912:75.000000,1576,True,10,10,1620,0.999999,18.3887,0,0.0130163,1619 1619 1659 1658 1620 1621 1577 1576 1575 -1
GCP,adapt_p23-556464309101234_a22-5_265_map.h5,27.8476,10,338,791,66.443535:22.500000,1689,True,18,14,1719,0.999993,27.4818,0,0.0132025,1718 1718 1743 1687 1651 1652 1688 1689 1653 1690 1720 1719 1745 -1
GCP,adapt_p60-00000000000001_a0-0_316_map.h5,27.8885,10,539,678,30.000000:0.000000,1294,True,10,10,1411,0.999999,18.1391,0,0.0122905,1354 1354 1355 1295 1294 1353 1410 1411 1412 -1
GCP,adapt_p35-659087696138755_a315-0_570_map.h5,27.8702,10,518,757,54.340912:315.000000,1605,True,13,13,1605,0.999998,25.5421,0,0.0126189,1561 1561 1606 1562 1605 1646 1645 1603 1604 1560 1511 1512 -1
GCP,adapt_p48-18968510422141_a56-24999999999999_150_map.h5,26.8327,10,252,1119,41.810314:56.250000,1475,True,17,13,1476,0.999859,25.704,0,0.0131014,1422 1422 1477 1528 1476 1421 1420 1474 1526 1475 1527 1574 -1
GCP,adapt_p23-556464309101234_a112-5_415_map.h5,25.8932,10,798,1466,66.443535:112.500000,1697,True,10,10,1697,0.999999,17.9537,0,0.0125427,1726 1726 1698 1663 1662 1697 1725 1696 1661 -1
GCP,adapt_p60-00000000000001_a224-99999999999997_6_map.h5,26.2743,10,67,1143,30.000000:225.000000,1331,False,106,12,1010,0.959124,26.245,0,0.0135266,1072 1008 1076 1077 1009 1078 1010 943 944 1011 1079 -1
GCP,adapt_p35-659087696138755_a344-99999999999994_397_map.h5,27.8804,10,452,790,54.340912:345.000000,1609,True,9,9,1609,0.999998,15.5542,0,0.0124732,1649 1649 1650 1610 1566 1565 1609 1608 -1
GCP,adapt_p60-00000000000001_a90-0_130_map.h5,27.7852,10,189,794,30.000000:90.000000,1309,True,26,13,1309,0.998783,25.8746,0,0.0125516,1245 1245 1307 1367 1308 1183 1246 1309 1368 1369 1310 1247 -1
GCP,adapt_p60-00000000000001_a22-5_161_map.h5,27.8643,10,291,710,30.000000:22.500000,1298,True,15,13,1234,0.999998,25.7938,0,0.0125588,1298 1298 1235 1236 1299 1234 1297 1296 1233 1170 1171 1172 -1
GCP,adapt_p11-715852394892384_a45-0_249_map.h5,27.8601,10,285,750,78.284149:45.000000,1766,True,17,13,1746,0.999991,25.7343,0,0.0127424,1782 1782 1765 1745 1720 1721 1748 1747 1746 1766 1783 1767 -1
GCP,adapt_p80-40593177313954_a22-5_266_map.h5,28.8456,10,272,358,9.594069:22.500000,1038,True,17,14,1038,0.999992,28.5872,0,0.0132369,1037 1037 1036 969 1104 1105 1106 1039 972 971 1038 970 903 -1
GCP,adapt_p60-00000000000001_a157-5_548_map.h5,26.7962,10,344,1059,30.000000:157.500000,1320,True,23,13,1379,0.999823,25.3215,0,0.0125378,1320 1320 1319 1377 1435 1378 1379 1436 1437 1380 1321 1322 -1
GCP,adapt_p70-52877936550931_a101-24999999999999_446_map.h5,28.7831,10,227,375,19.471220:101.250000,1185,True,24,14,1119,0.9998,28.5193,0,0.012657,1249 1249 1187 1121 1120 1186 1119 1053 1185 1248 1184 1118 1052 -1
GCP,adapt_p70-52877936550931_a146-25_361_map.h5,26.8344,10,370,1154,19.471220:146.250000,1193,True,19,13,1193,0.999976,25.9041,0,0.0124415,1128 1128 1129 1127 1126 1191 1192 1255 1256 1193 1194 1257 -1
GCP,adapt_p23-556464309101234_a22-5_450_map.h5,28.8128,10,303,409,66.443535:22.500000,1689,True,26,14,1652,0.9998,28.2262,0,0.0130268,1613 1613 1651 1686 1612 1652 1688 1687 1718 1719 1689 1653 1614 -1
GCP,adapt_p48-18968510422141_a348-74999999999994_470_map.h5,27.8202,10,327,783,41.810314:348.750000,1517,True,23,13,1466,0.999778,26.4394,0,0.0125505,1516 1516 1565 1466 1412 1411 1410 1465 1464 1517 1518 1566 -1
GCP,adapt_p80-40593177313954_a90-0_29_map.h5,27.865,10,407,753,9.594069:90.000000,1051,True,15,13,1051,0.999998,25.8329,0,0.0127465,984 984 1050 1116 1049 982 983 1051 1117 1118 1052 985 -1
GCP,adapt_p48-18968510422141_a33-75_9_map.h5,25.8264,10,238,1499,41.810314:33.750000,1471,True,21,13,1417,0.999879,25.4737,0,0.0124234,1416 1416 1358 1359 1300 1360 1419 1418 1472 1417 1471 1470 -1
GCP,adapt_p11-715852394892384_a315-0_61_map.h5,26.846,10,292,1090,78.284149:315.000000,1778,True,20,13,1779,0.999883,24.6411,0,0.0127574,1762 1762 1761 1777 1789 1790 1791 1781 1780 1779 1778 1763 -1
GCP,adapt_p80-40593177313954_a112-49999999999999_542_map.h5,26.8674,10,516,1091,9.594069:112.500000,1055,True,15,13,1055,0.999999,25.8426,0,0.0124121,1056 1056 987 988 1055 1122 1188 1187 1121 1120 1054 1053 -1
GCP,adapt_p70-52877936550931_a348-74999999999994_101_map.h5,26.7998,10,260,1129,19.471220:348.750000,1229,True,26,13,1165,0.999206,25.9051,0,0.0130393,1034 1034 1167 1166 1100 1099 1165 1230 1292 1229 1164 1228 -1
GCP,adapt_p60-00000000000001_a135-0_431_map.h5,26.8443,10,491,1160,30.000000:135.000000,1316,True,16,13,1375,0.999996,25.6464,0,0.0124423,1433 1433 1374 1432 1375 1316 1254 1255 1317 1376 1377 1318 -1
GCP,adapt_p80-40593177313954_a292-5_450_map.h5,25.8118,10,267,1454,9.594069:292.500000,1088,True,21,12,1089,0.999504,23.347,0,0.0130374,1022 1022 1091 1090 1156 1155 1089 1021 1088 1154 1153 -1
GCP,adapt_p35-659087696138755_a224-99999999999997_560_map.h5,27.8369,10,378,785,54.340912:225.000000,1594,True,16,13,1594,0.999997,24.9052,0,0.0128709,1636 1636 1635 1593 1548 1594 1549 1499 1500 1550 1595 1637 -1
GCP,adapt_p48-18968510422141_a123-74999999999999_212_map.h5,25.7575,10,316,1454,41.810314:123.750000,1484,True,30,13,1484,0.996693,25.6201,0,0.0133206,1372 1372 1429 1430 1373 1431 1483 1534 1535 1484 1485 1536 -1
GCP,adapt_p70-52877936550931_a101-24999999999999_91_map.h5,25.7379,10,163,1534,19.471220:101.250000,1185,True,31,13,1249,0.999254,25.6273,0,0.0128929,1313 1313 1312 1311 1247 1184 1248 1185 1186 1249 1250 1187 -1
GCP,adapt_p70-52877936550931_a78-75_452_map.h5,27.8876,10,571,719,19.471220:78.750000,1181,True,11,11,1180,0.999999,20.7733,0,0.0131957,1181 1181 1245 1244 1243 1180 1115 1114 1113 1179 -1
GCP,adapt_p23-556464309101234_a202-5_140_map.h5,27.8765,10,538,694,66.443535:202.500000,1704,True,10,10,1704,0.999998,17.6478,0,0.0123104,1671 1671 1670 1669 1703 1731 1732 1704 1705 -1
GCP,adapt_p23-556464309101234_a112-5_452_map.h5,27.8792,10,397,735,66.443535:112.500000,1697,True,11,11,1662,0.999999,20.7218,0,0.0125894,1623 1623 1660 1622 1661 1696 1697 1662 1624 1663 -1
GCP,adapt_p60-00000000000001_a22-5_264_map.h5,27.8774,10,487,817,30.000000:22.500000,1298,True,12,12,1298,0.999998,23.699,0,0.0124078,1235 1235 1297 1356 1233 1234 1298 1357 1358 1299 1236 -1
GCP,adapt_p70-52877936550931_a146-25_14_map.h5,27.662,10,112,359,19.471220:146.250000,1193,False,211,11,1203,0.738916,27.6047,0,0.0165463,1128 1255 1317 1318 1202 1137 1203 1266 1267 1204 -1
GCP,adapt_p11-715852394892384_a315-0_331_map.h5,27.7911,10,178,822,78.284149:315.000000,1778,True,28,13,1740,0.999246,25.1978,0,0.0127871,1714 1714 1739 1761 1762 1740 1741 1742 1763 1779 1778 1777 -1
GCP,adapt_p48-18968510422141_a11-25_552_map.h5,25.8361,10,303,1511,41.810314:11.250000,1468,True,17,12,1468,0.999976,23.283,0,0.0127457,1467 1467 1413 1412 1519 1520 1468 1414 1469 1521 1568 -1
GCP,adapt_p48-18968510422141_a348-74999999999994_587_map.h5,28.8854,10,497,350,41.810314:348.750000,1517,True,10,10,1517,0.999999,18.3714,0,0.0123549,1465 1465 1518 1466 1517 1566 1565 1516 1464 -1
GCP,adapt_p35-659087696138755_a14-999999999999998_464_map.h5,26.8572,10,310,1196,54.340912:15.000000,1568,True,15,13,1568,0.999983,26.7733,0,0.0125561,1521 1469 1468 1521 1569 1568 1612 1611 1610 1567 1520 1519 -1
GCP,adapt_p80-40593177313954_a180-0_93_map.h5,26.8322,10,260,1119,9.594069:180.000000,1067,True,22,13,1000,0.999898,25.9766,0,0.0126205,933 933 934 1002 1069 1001 1068 1067 1066 999 1000 932 -1
GCP,adapt_p60-00000000000001_a337-49999999999994_202_map.h5,28.8693,10,333,332,30.000000:337.500000,1350,True,13,13,1350,0.999999,26.4877,0,0.0124852,1409 1409 1291 1352 1290 1289 1350 1351 1408 1464 1407 1349 -1
GCP,adapt_p80-40593177313954_a315-0_148_map.h5,27.862,10,545,776,9.594069:315.000000,1093,True,15,13,1158,0.999985,25.3484,0,0.0128123,1223 1223 1224 1159 1094 1093 1158 1092 1091 1157 1222 1221 -1
GCP,adapt_p70-52877936550931_a236-25_202_map.h5,24.803,10,137,1507,19.471220:236.250000,1209,True,170,11,1078,0.818668,23.6627,0,0.0155212,1206 1208 1143 1077 1078 1144 1209 1145 1079 1082 -1
GCP,adapt_p60-00000000000001_a67-5_405_map.h5,26.8703,10,577,1108,30.000000:67.500000,1305,True,12,12,1305,0.999998,22.9932,0,0.0126089,1242 1242 1241 1303 1363 1304 1305 1364 1365 1306 1243 -1
GCP,adapt_p48-18968510422141_a236-25_335_map.h5,25.3294,10,140,1513,41.810314:236.250000,1501,False,95,11,1204,0.925936,24.7029,0,0.0133865,1446 1500 1550 1267 1266 1203 1138 1139 1204 1205 -1
GCP,adapt_p70-52877936550931_a146-25_193_map.h5,27.8713,10,429,724,19.471220:146.250000,1193,True,12,12,1128,0.999999,22.9684,0,0.0125164,1193 1193 1257 1194 1195 1129 1128 1062 1061 1127 1192 -1
GCP,adapt_p48-18968510422141_a123-74999999999999_34_map.h5,28.8644,10,333,424,41.810314:123.750000,1484,True,14,14,1536,0.999999,27.9205,0,0.0123582,1582 1582 1581 1534 1483 1431 1484 1535 1536 1485 1486 1537 1583 -1
GCP,adapt_p70-52877936550931_a258-75_504_map.h5,26.725,10,171,1075,19.471220:258.750000,1213,True,38,13,1276,0.994827,25.2429,0,0.0128145,1339 1339 1277 1214 1149 1148 1213 1276 1338 1337 1275 1212 -1
GCP,adapt_p80-40593177313954_a22-5_501_map.h5,25.7188,10,215,1425,9.594069:22.500000,1038,True,35,13,1039,0.997015,25.3824,0,0.0130039,1104 1104 1038 971 972 1039 1105 1106 1040 973 1041 1107 -1
GCP,adapt_p23-556464309101234_a22-5_307_map.h5,27.3596,10,121,738,66.443535:22.500000,1689,True,95,12,1691,0.873027,25.1704,0,0.0141628,1749 1747 1719 1689 1654 1690 1720 1721 1691 1655 1656 -1
GCP,adapt_p80-40593177313954_a22-5_158_map.h5,25.3125,10,117,1046,9.594069:22.500000,1038,False,283,10,1718,0.619426,25.2386,0,0.020154,1303 1237 1236 1173 1172 1688 1687 1718 1719 -1
GCP,adapt_p48-18968510422141_a258-75_450_map.h5,27.8324,10,289,746,41.810314:258.750000,1504,True,19,13,1451,0.99983,25.7839,0,0.0124248,1395 1395 1452 1504 1553 1503 1451 1336 1394 1393 1450 1502 -1
GCP,adapt_p70-52877936550931_a146-25_518_map.h5,25.6392,10,168,1466,19.471220:146.250000,1193,True,51,12,1193,0.966953,24.7932,0,0.0135702,1131 1195 1129 1062 1128 1194 1257 1256 1193 1127 1192 -1
GCP,adapt_p60-00000000000001_a135-0_474_map.h5,27.8595,10,429,749,30.000000:135.000000,1316,True,15,13,1317,0.999998,26.3256,0,0.0123291,1318 1318 1255 1317 1377 1319 1378 1376 1433 1375 1316 1254 -1
GCP,adapt_p60-00000000000001_a270-0_534_map.h5,26.8855,10,801,1105,30.000000:270.000000,1339,True,10,10,1339,0.999999,18.4502,0,0.0132909,1338 1338 1278 1277 1339 1340 1398 1397 1396 -1
GCP,adapt_p48-18968510422141_a258-75_79_map.h5,27.8368,10,318,785,41.810314:258.750000,1504,False,19,13,1394,0.999993,26.705,0,0.0130511,1337 1395 1394 1336 1335 1393 1449 1450 1451 1452 1396 1337 -1
GCP,adapt_p23-556464309101234_a247-49999999999997_535_map.h5,25.1237,10,109,1525,66.443535:247.500000,1708,False,131,11,1734,0.722237,23.0925,0,0.0140277,1672 1706 1733 1756 1757 1734 1707 1550 1500 1447 -1
GCP,adapt_p80-40593177313954_a247-49999999999997_8_map.h5,26.8332,10,404,1158,9.594069:247.500000,1080,True,18,13,1145,0.999979,25.4558,0,0.0125752,1144 1144 1209 1210 1145 1078 1079 1080 1081 1147 1146 1211 -1
GCP,adapt_p60-00000000000001_a67-5_133_map.h5,27.8614,10,344,735,30.000000:67.500000,1305,True,12,12,1305,0.999998,23.6455,0,0.0124411,1304 1304 1303 1363 1364 1305 1242 1241 1365 1306 1243 -1
GCP,adapt_p60-00000000000001_a315-0_325_map.h5,27.8433,10,552,779,30.000000:315.000000,1346,True,13,13,1405,0.999998,25.5047,0,0.012545,1346 1346 1405 1347 1286 1287 1348 1406 1461 1460 1404 1403 -1
GCP,adapt_p60-00000000000001_a315-0_272_map.h5,26.8376,10,458,1168,30.000000:315.000000,1346,True,16,13,1345,0.99999,25.565,0,0.0131312,1284 1284 1344 1402 1459 1403 1345 1285 1346 1404 1405 1347 -1
GCP,adapt_p48-18968510422141_a146-25_244_map.h5,27.8815,10,434,741,41.810314:146.250000,1488,True,12,12,1434,0.999998,24.7143,0,0.0122737,1488 1487 1486 1433 1376 1377 1434 1538 1488 1435 1378 -1
GCP,adapt_p11-715852394892384_a315-0_272_map.h5,26.8813,10,431,1139,78.284149:315.000000,1778,True,11,11,1762,0.999998,20.4578,0,0.0124797,1779 1779 1778 1762 1761 1739 1740 1763 1764 1741 -1
GCP,adapt_p80-40593177313954_a270-0_303_map.h5,26.8681,10,675,1073,9.594069:270.000000,1084,True,13,12,1084,0.999996,23.8305,0,0.0126992,1017 1017 1083 1149 1015 1016 1084 1150 1151 1085 1018 -1
GCP,adapt_p60-00000000000001_a224-99999999999997_519_map.h5,26.8739,10,562,1190,30.000000:225.000000,1331,True,12,12,1390,0.999999,24.2228,0,0.0128797,1331 1389 1446 1447 1391 1333 1271 1270 1332 1390 1331 -1
GCP,adapt_p35-659087696138755_a165-0_102_map.h5,27.805,10,313,788,54.340912:165.000000,1587,True,24,14,1587,0.999965,27.4633,0,0.0127968,1630 1630 1588 1542 1541 1587 1586 1540 1539 1585 1628 1629 1667 -1
GCP,adapt_p11-715852394892384_a315-0_557_map.h5,27.8621,10,354,746,78.284149:315.000000,1778,True,14,13,1763,0.999998,25.3707,0,0.0127225,1764 1764 1741 1742 1763 1740 1739 1761 1762 1778 1779 1780 -1
GCP,adapt_p11-715852394892384_a315-0_220_map.h5,27.8935,10,506,707,78.284149:315.000000,1778,True,10,10,1762,0.999998,17.8653,0,0.0123306,1778 1778 1761 1739 1740 1762 1779 1763 1741 -1
GCP,adapt_p11-715852394892384_a315-0_476_map.h5,27.8908,10,559,764,78.284149:315.000000,1778,True,9,9,1763,0.999999,15.746,0,0.0129545,1779 1779 1764 1741 1763 1762 1778 1761 -1
GCP,adapt_p60-00000000000001_a22-5_455_map.h5,27.8995,10,526,728,30.000000:22.500000,1298,True,10,10,1297,0.999999,18.2842,0,0.0123551,1233 1233 1296 1234 1297 1356 1357 1298 1235 -1
GCP,adapt_p60-00000000000001_a0-0_579_map.h5,24.7725,10,347,1830,30.000000:0.000000,1294,True,26,12,1296,0.998961,22.9148,0,0.0132575,1295 1295 1294 1354 1355 1296 1297 1298 1357 1356 1414 -1
GCP,adapt_p70-52877936550931_a213-75_2_map.h5,25.8403,10,419,1487,19.471220:213.750000,1205,True,17,12,1204,0.999877,23.474,0,0.0124907,1205 1205 1139 1204 1268 1267 1328 1266 1265 1203 1138 -1
GCP,adapt_p60-00000000000001_a337-49999999999994_511_map.h5,26.863,10,529,1177,30.000000:337.500000,1350,True,12,12,1350,0.999998,23.2383,0,0.0127903,1408 1408 1349 1407 1350 1289 1290 1351 1409 1352 1291 -1
GCP,adapt_p23-556464309101234_a202-5_102_map.h5,27.84,10,327,788,66.443535:202.500000,1704,True,17,14,1671,0.999993,27.6343,0,0.0128126,1633 1633 1634 1635 1673 1706 1705 1672 1671 1670 1704 1732 1733 -1
GCP,adapt_p60-00000000000001_a135-0_271_map.h5,26.807,10,436,1157,30.000000:135.000000,1316,False,23,13,1318,0.999418,25.6874,0,0.0127857,1319 1319 1256 1193 1194 1257 1318 1377 1376 1375 1317 1255 -1
GCP,adapt_p48-18968510422141_a213-75_480_map.h5,25.4138,10,255,1508,41.810314:213.750000,1497,True,71,12,1547,0.987311,24.7198,0,0.0129691,1544 1545 1496 1546 1590 1591 1592 1547 1497 1498 1548 -1
GCP,adapt_p35-659087696138755_a344-99999999999994_234_map.h5,25.8844,10,717,1482,54.340912:345.000000,1609,True,8,8,1609,0.999999,13.0831,0,0.012358,1608 1608 1649 1650 1610 1609 1565 -1
GCP,adapt_p60-00000000000001_a292-5_76_map.h5,27.8293,10,383,750,30.000000:292.500000,1343,True,17,13,1343,0.999958,25.204,0,0.0124814,1344 1344 1345 1283 1282 1343 1401 1400 1342 1281 1280 1341 -1
GCP,adapt_p48-18968510422141_a101-24999999999999_320_map.h5,28.8985,10,618,340,41.810314:101.250000,1481,True,7,7,1428,0.999999,10.6836,0,0.0123157,1427 1427 1481 1533 1482 1428 -1
GCP,adapt_p23-556464309101234_a157-5_12_map.h5,27.8944,10,600,738,66.443535:157.500000,1701,True,9,9,1701,0.999999,15.3843,0,0.0124006,1666 1666 1667 1701 1729 1728 1700 1665 -1
GCP,adapt_p11-715852394892384_a225-0_0_map.h5,25.5208,10,166,1560,78.284149:225.000000,1774,True,71,11,1776,0.946622,24.7928,0,0.0130216,1397 1760 1759 1758 1775 1774 1788 1789 1776 1777 -1
GCP,adapt_p60-00000000000001_a270-0_550_map.h5,27.8769,10,472,734,30.000000:270.000000,1339,True,12,12,1339,0.999999,23.8245,0,0.0128973,1338 1338 1278 1279 1340 1398 1397 1339 1277 1396 1337 -1
GCP,adapt_p11-715852394892384_a135-0_217_map.h5,26.8503,10,429,1133,78.284149:135.000000,1770,True,14,13,1751,0.999997,25.287,0,0.012432,1771 1771 1753 1752 1785 1784 1769 1770 1751 1750 1726 1727 -1
GCP,adapt_p23-556464309101234_a67-5_206_map.h5,26.8644,10,516,1051,66.443535:67.500000,1693,True,11,11,1722,0.999998,20.5493,0,0.0124516,1692 1692 1723 1694 1693 1722 1748 1747 1721 1691 -1
GCP,adapt_p80-40593177313954_a247-49999999999997_469_map.h5,28.8276,10,210,361,9.594069:247.500000,1080,True,18,14,1082,0.999975,27.94,0,0.0132227,1080 1080 1012 1013 1014 1081 1146 1147 1148 1082 1015 1083 1149 -1
GCP,adapt_p80-40593177313954_a45-0_368_map.h5,27.8716,10,527,724,9.594069:45.000000,1042,True,14,13,1042,0.999998,25.9373,0,0.0131503,1043 1043 1110 1109 1108 1042 975 974 1041 1107 973 1040 -1
GCP,adapt_p60-00000000000001_a22-5_535_map.h5,27.7609,10,183,788,30.000000:22.500000,1298,True,31,13,1297,0.997555,25.7176,0,0.0129376,1170 1170 1169 1232 1355 1296 1233 1234 1297 1356 1357 1298 -1
GCP,adapt_p80-40593177313954_a337-49999999999994_73_map.h5,28.7908,10,205,380,9.594069:337.500000,1097,True,28,14,1162,0.999741,27.7664,0,0.013011,1095 1095 1160 1225 1226 1161 1096 1162 1227 1228 1163 1097 1098 -1
GCP,adapt_p35-659087696138755_a224-99999999999997_417_map.h5,25.8711,10,504,1440,54.340912:225.000000,1594,True,11,11,1594,0.999999,20.8886,0,0.0127083,1593 1593 1549 1548 1594 1550 1595 1637 1636 1635 -1
GCP,adapt_p48-18968510422141_a326-24999999999994_44_map.h5,27.8841,10,404,710,41.810314:326.250000,1514,True,11,11,1514,0.999999,20.1584,0,0.0126776,1463 1463 1462 1461 1513 1562 1563 1514 1515 1564 -1
GCP,adapt_p70-52877936550931_a11-25_13_map.h5,25.8834,10,705,1467,19.471220:11.250000,1169,True,9,9,1169,0.999998,15.6705,0,0.0124267,1232 1232 1233 1170 1169 1168 1102 1103 -1
GCP,adapt_p80-40593177313954_a202-49999999999997_6_map.h5,24.3588,10,109,1074,9.594069:202.500000,1072,False,425,11,1135,0.807597,23.4114,0,0.0296169,1063 1067 1133 1134 1068 1069 1070 1136 1135 1200 -1
GCP,adapt_p70-52877936550931_a303-75_380_map.h5,27.8702,10,436,745,19.471220:303.750000,1221,True,14,13,1221,0.999999,25.6478,0,0.0126237,1156 1156 1222 1285 1223 1158 1157 1221 1284 1283 1220 1155 -1
GCP,adapt_p48-18968510422141_a101-24999999999999_403_map.h5,26.8931,10,799,1147,41.810314:101.250000,1481,True,8,8,1428,0.999999,13.624,0,0.0127001,1482 1482 1483 1429 1481 1427 1428 -1
GCP,adapt_p70-52877936550931_a326-24999999999994_588_map.h5,27.8763,10,401,768,19.471220:326.250000,1225,True,12,12,1225,0.999999,23.2263,0,0.0124649,1161 1161 1162 1227 1289 1226 1160 1225 1288 1287 1224 -1
GCP,adapt_p35-659087696138755_a14-999999999999998_182_map.h5,26.8576,10,662,1056,54.340912:15.000000,1568,True,10,10,1568,0.999999,17.9598,0,0.013169,1612 1612 1652 1613 1569 1568 1567 1610 1611 -1
GCP,adapt_p48-18968510422141_a213-75_512_map.h5,25.8394,10,656,1611,41.810314:213.750000,1497,True,13,13,1445,0.999998,25.7266,0,0.0124331,1498 1498 1497 1547 1548 1446 1445 1388 1387 1444 1496 1443 -1
GCP,adapt_p23-556464309101234_a22-5_232_map.h5,26.8537,10,470,1108,66.443535:22.500000,1689,True,15,13,1689,0.999998,25.4115,0,0.0130263,1652 1652 1653 1690 1720 1689 1688 1651 1687 1718 1719 1745 -1
GCP,adapt_p48-18968510422141_a146-25_243_map.h5,26.2252,10,194,1071,41.810314:146.250000,1488,False,110,12,1493,0.980788,25.9397,0,0.013642,1539 1439 1492 1440 1493 1494 1544 1543 1542 1491 1438 -1
GCP,adapt_p48-18968510422141_a78-75_6_map.h5,27.8883,10,546,736,41.810314:78.750000,1478,True,10,10,1424,0.999998,17.6382,0,0.0124933,1425 1425 1367 1366 1424 1478 1477 1423 1365 -1
GCP,adapt_p60-00000000000001_a112-49999999999999_288_map.h5,27.8801,10,497,740,30.000000:112.500000,1313,True,13,13,1313,0.999999,26.5778,0,0.0127364,1373 1374 1315 1252 1251 1250 1312 1371 1372 1313 1314 1373 -1
GCP,adapt_p35-659087696138755_a135-0_199_map.h5,28.8793,10,356,395,54.340912:135.000000,1583,True,8,8,1626,0.999998,13.6457,0,0.0124619,1583 1583 1584 1627 1582 1625 1626 -1
GCP,adapt_p80-40593177313954_a270-0_128_map.h5,27.8837,10,547,734,9.594069:270.000000,1084,True,11,11,1084,0.999999,20.3731,0,0.0130713,1150 1150 1151 1085 1084 1016 1083 1149 1148 1082 -1
GCP,adapt_p70-52877936550931_a146-25_545_map.h5,27.7943,10,309,714,19.471220:146.250000,1193,True,26,13,1129,0.998651,25.1149,0,0.0135049,1063 1063 1064 1130 1129 1195 1258 1257 1194 1193 1128 1062 -1
GCP,adapt_p80-40593177313954_a112-49999999999999_43_map.h5,27.5716,10,272,732,9.594069:112.500000,1055,False,60,13,1187,0.957738,27.3155,0,0.0131848,1051 1117 1116 1118 1119 1185 1120 1186 1187 1121 1122 1188 -1
GCP,adapt_p11-715852394892384_a45-0_488_map.h5,26.8904,10,592,1081,78.284149:45.000000,1766,True,10,10,1766,0.999999,17.6928,0,0.0124443,1746 1746 1747 1767 1766 1745 1765 1782 1781 -1
GCP,adapt_p70-52877936550931_a326-24999999999994_254_map.h5,26.2251,10,70,1105,19.471220:326.250000,1225,False,113,12,1747,0.956527,24.7853,0,0.0136911,1615 1719 1720 1721 1722 1748 1747 1746 1766 1767 1768 -1
GCP,adapt_p48-18968510422141_a33-75_209_map.h5,28.8192,10,192,393,41.810314:33.750000,1471,True,20,14,1417,0.99989,27.9511,0,0.0125828,1470 1470 1415 1358 1416 1417 1359 1360 1418 1472 1524 1471 1523 -1
GCP,adapt_p70-52877936550931_a11-25_517_map.h5,26.8468,10,529,1142,19.471220:11.250000,1169,True,17,13,1167,0.999973,25.4311,0,0.0129917,1294 1294 1353 1292 1230 1293 1167 1101 1168 1231 1232 1169 -1
GCP,adapt_p48-18968510422141_a191-25_563_map.h5,28.8744,10,323,377,41.810314:191.250000,1494,True,13,13,1441,0.999998,25.5355,0,0.0124329,1442 1442 1385 1326 1325 1383 1440 1493 1384 1441 1494 1495 -1
GCP,adapt_p70-52877936550931_a258-75_424_map.h5,26.434,10,103,1165,19.471220:258.750000,1213,False,80,12,1076,0.942801,26.2277,0,0.0127837,1211 1010 1009 1077 1008 1076 1142 1141 1075 1007 1074 -1
GCP,adapt_p60-00000000000001_a202-49999999999997_498_map.h5,25.7471,10,260,1525,30.000000:202.500000,1328,True,26,13,1386,0.999081,25.3957,0,0.0136875,1265 1265 1264 1326 1327 1266 1328 1329 1387 1443 1386 1385 -1
GCP,adapt_p23-556464309101234_a67-5_114_map.h5,27.8553,10,460,754,66.443535:67.500000,1693,True,16,13,1724,0.999991,25.1769,0,0.0124759,1693 1693 1692 1722 1723 1694 1659 1695 1725 1724 1749 1748 -1
GCP,adapt_p80-40593177313954_a247-49999999999997_143_map.h5,27.8302,10,312,715,9.594069:247.500000,1080,True,20,13,1080,0.999935,25.6166,0,0.0126505,1145 1145 1146 1147 1082 1014 1081 1013 1080 1012 1079 1078 -1
GCP,adapt_p70-52877936550931_a258-75_12_map.h5,27.8747,10,514,747,19.471220:258.750000,1213,True,13,13,1213,0.999999,25.1097,0,0.0131218,1149 1149 1150 1215 1214 1213 1148 1147 1212 1275 1276 1277 -1
GCP,adapt_p35-659087696138755_a75-0_514_map.h5,27.8658,10,356,813,54.340912:75.000000,1576,True,14,14,1576,0.999999,27.6402,0,0.0129467,1620 1620 1576 1575 1619 1658 1659 1621 1577 1531 1530 1478 1529 -1
GCP,adapt_p48-18968510422141_a78-75_538_map.h5,27.23,10,87,751,41.810314:78.750000,1478,False,111,12,1310,0.890557,24.7752,0,0.0135927,1054 1186 1185 1249 1311 1248 1247 1310 1369 1368 1309 -1
GCP,adapt_p35-659087696138755_a285-0_203_map.h5,27.7651,10,209,757,54.340912:285.000000,1601,True,24,13,1601,0.999473,25.2793,0,0.0127544,1643 1643 1642 1600 1599 1555 1506 1507 1556 1557 1601 1602 -1
GCP,adapt_p48-18968510422141_a258-75_132_map.h5,27.2758,10,83,387,41.810314:258.750000,1504,True,272,10,1452,0.734242,24.8907,0,0.0199572,1508 1453 1452 1396 1395 1451 1504 1505 1406 -1
GCP,adapt_p80-40593177313954_a157-5_515_map.h5,27.8793,10,547,797,9.594069:157.500000,1063,True,14,13,1062,0.999999,25.8328,0,0.0125516,1128 1128 1129 1063 996 995 1062 1127 1060 993 1061 994 -1
GCP,adapt_p60-00000000000001_a0-0_174_map.h5,26.8654,10,381,1138,30.000000:0.000000,1294,True,15,13,1295,0.999998,25.9383,0,0.0124089,1232 1232 1295 1354 1355 1296 1233 1231 1293 1294 1411 1353 -1
GCP,adapt_p48-18968510422141_a303-75_333_map.h5,27.8325,10,358,781,41.810314:303.750000,1510,True,17,14,1560,0.999884,27.688,0,0.0132734,1561 1561 1605 1604 1603 1558 1559 1510 1458 1459 1511 1560 1512 -1
GCP,adapt_p60-00000000000001_a22-5_184_map.h5,26.8755,10,515,1136,30.000000:22.500000,1298,True,13,13,1357,0.999999,26.0617,0,0.0123042,1297 1297 1296 1356 1358 1416 1415 1357 1298 1234 1235 1299 -1
GCP,adapt_p80-40593177313954_a112-49999999999999_200_map.h5,27.8631,10,439,788,9.594069:112.500000,1055,True,13,13,1055,0.999998,26.1356,0,0.0126731,987 987 1053 1054 1121 1122 1055 988 1056 989 1057 1123 -1
GCP,adapt_p35-659087696138755_a344-99999999999994_500_map.h5,27.8695,10,415,751,54.340912:345.000000,1609,True,15,13,1607,0.999997,26.0565,0,0.012337,1648 1648 1606 1647 1684 1607 1563 1564 1608 1649 1650 1609 -1
GCP,adapt_p80-40593177313954_a135-0_435_map.h5,27.7721,10,326,725,9.594069:135.000000,1059,True,27,13,1059,0.999079,26.054,0,0.0126751,1126 1126 1125 1060 1061 992 1059 991 1058 1124 1123 1057 -1
GCP,adapt_p35-659087696138755_a344-99999999999994_369_map.h5,27.8885,10,504,746,54.340912:345.000000,1609,True,10,10,1608,0.999999,18.2549,0,0.0122927,1649 1649 1607 1648 1608 1564 1565 1609 1650 -1
GCP,adapt_p48-18968510422141_a236-25_47_map.h5,27.4467,10,207,790,41.810314:236.250000,1501,False,73,11,1562,0.840776,26.1829,0,0.0130776,1551 1550 1560 1511 1512 1561 1605 1606 1562 1563 -1
GCP,adapt_p35-659087696138755_a224-99999999999997_44_map.h5,25.3886,10,128,1507,54.340912:225.000000,1594,True,91,12,1550,0.952066,24.564,0,0.0131752,1597 1551 1595 1550 1500 1499 1549 1498 1548 1593 1594 -1
GCP,adapt_p70-52877936550931_a191-25_463_map.h5,27.8256,10,351,767,19.471220:191.250000,1201,False,20,13,1137,0.999932,25.8844,0,0.0131954,1138 1138 1072 1137 1202 1203 1071 1070 1136 1135 1069 1068 -1
GCP,adapt_p60-00000000000001_a90-0_24_map.h5,26.7549,10,294,1112,30.000000:90.000000,1309,True,31,13,1368,0.998039,25.1253,0,0.012882,1310 1310 1309 1308 1367 1425 1426 1368 1369 1427 1481 1428 -1
GCP,adapt_p70-52877936550931_a78-75_599_map.h5,25.5594,10,172,1591,19.471220:78.750000,1181,False,63,12,1372,0.901175,25.0032,0,0.0134311,1249 1312 1371 1428 1533 1483 1429 1430 1372 1313 1250 -1
GCP,adapt_p48-18968510422141_a33-75_369_map.h5,27.8721,10,528,767,41.810314:33.750000,1471,True,13,13,1417,0.999999,25.5185,0,0.012621,1418 1418 1471 1523 1470 1416 1417 1472 1524 1525 1473 1419 -1
GCP,adapt_p35-659087696138755_a165-0_394_map.h5,25.7173,10,136,1531,54.340912:165.000000,1587,True,31,13,1666,0.99693,25.6486,0,0.0125498,1665 1665 1628 1666 1700 1701 1702 1667 1629 1586 1630 1587 -1
GCP,adapt_p70-52877936550931_a33-75_7_map.h5,25.7109,10,159,1502,19.471220:33.750000,1173,False,36,12,1234,0.996109,23.0111,0,0.0129092,1298 1298 1235 1171 1170 1234 1297 1233 1232 1169 1168 -1
GCP,adapt_p11-715852394892384_a45-0_13_map.h5,26.9182,10,76,768,78.284149:45.000000,1766,False,173,11,1371,0.873066,26.4305,0,0.0164646,1315 1313 1372 1430 1429 1371 1312 1370 1428 1691 -1
GCP,adapt_p23-556464309101234_a337-5_134_map.h5,25.7812,10,276,1428,66.443535:337.500000,1716,True,28,13,1742,0.999123,25.2704,0,0.0125661,1716 1716 1743 1718 1744 1764 1742 1741 1763 1762 1779 1780 -1
GCP,adapt_p23-556464309101234_a67-5_142_map.h5,26.8283,10,227,1141,66.443535:67.500000,1693,True,19,13,1693,0.999904,25.8967,0,0.0124916,1694 1694 1723 1722 1692 1691 1656 1693 1659 1658 1657 1618 -1
GCP,adapt_p48-18968510422141_a123-74999999999999_25_map.h5,24.8268,10,141,1506,41.810314:123.750000,1484,False,164,11,1425,0.840259,23.9621,0,0.0148742,1583 1428 1427 1369 1426 1480 1479 1425 1478 1424 -1
GCP,adapt_p35-659087696138755_a195-0_370_map.h5,26.8901,10,841,1149,54.340912:195.000000,1590,True,9,9,1633,0.999999,17.3456,0,0.012639,1670 1633 1591 1590 1632 1634 1671 1670 -1
GCP,adapt_p70-52877936550931_a101-24999999999999_428_map.h5,25.7223,10,226,1467,19.471220:101.250000,1185,True,36,12,1248,0.993367,22.9461,0,0.0125211,1119 1119 1184 1247 1310 1311 1248 1185 1120 1186 1249 -1
GCP,adapt_p60-00000000000001_a67-5_83_map.h5,27.8712,10,468,707,30.000000:67.500000,1305,True,14,13,1364,0.999999,25.2132,0,0.0125554,1365 1365 1306 1305 1364 1304 1303 1362 1363 1421 1422 1423 -1
GCP,adapt_p35-659087696138755_a14-999999999999998_527_map.h5,27.8865,10,504,690,54.340912:15.000000,1568,True,10,10,1568,0.999999,18.4871,0,0.0123143,1612 1612 1568 1569 1613 1611 1567 1520 1521 -1
GCP,adapt_p60-00000000000001_a202-49999999999997_275_map.h5,25.4482,10,94,1607,30.000000:202.500000,1328,False,74,12,1201,0.946867,24.3723,0,0.0136304,1067 1068 1134 1135 1200 1263 1201 1136 1202 1265 1264 -1
GCP,adapt_p70-52877936550931_a326-24999999999994_566_map.h5,25.772,10,232,1496,19.471220:326.250000,1225,True,25,13,1162,0.999574,25.7633,0,0.0128172,1160 1160 1225 1226 1161 1094 1095 1096 1162 1227 1163 1097 -1
GCP,adapt_p80-40593177313954_a135-0_191_map.h5,25.1299,10,242,1413,9.594069:135.000000,1059,False,123,12,1061,0.792005,24.9102,0,0.0138839,990 992 1060 993 1061 994 1062 1128 1194 1129 1063 -1
GCP,adapt_p60-00000000000001_a202-49999999999997_228_map.h5,25.5841,10,184,1462,30.000000:202.500000,1328,False,58,12,1390,0.975222,25.3502,0,0.0127206,1449 1391 1333 1332 1390 1448 1447 1446 1389 1331 1388 -1
GCP,adapt_p48-18968510422141_a191-25_169_map.h5,25.8152,10,423,1401,41.810314:191.250000,1494,True,21,13,1441,0.999441,25.7772,0,0.0125492,1492 1492 1440 1439 1493 1543 1544 1494 1441 1384 1442 1385 -1
GCP,adapt_p48-18968510422141_a258-75_20_map.h5,27.8834,10,728,704,41.810314:258.750000,1504,True,9,9,1504,0.999999,15.6753,0,0.0123233,1452 1452 1505 1504 1553 1503 1451 1450 -1
GCP,adapt_p60-00000000000001_a315-0_442_map.h5,26.8189,10,462,1171,30.000000:315.000000,1346,True,22,13,1345,0.999943,25.9384,0,0.0128966,1347 1347 1285 1286 1346 1405 1404 1403 1345 1284 1283 1344 -1
GCP,adapt_p80-40593177313954_a315-0_34_map.h5,26.8323,10,400,1125,9.594069:315.000000,1093,True,18,13,1159,0.999943,25.8597,0,0.0125449,1158 1158 1093 1092 1157 1223 1159 1224 1225 1160 1094 1095 -1
GCP,adapt_p48-18968510422141_a146-25_484_map.h5,26.8145,10,311,1197,41.810314:146.250000,1488,True,22,13,1488,0.999894,25.3281,0,0.0133551,1489 1489 1436 1435 1488 1540 1539 1538 1487 1434 1433 1376 -1
GCP,adapt_p80-40593177313954_a45-0_303_map.h5,25.6134,10,82,1081,9.594069:45.000000,1042,False,217,11,1428,0.892578,23.3256,0,0.0170582,1182 1369 1427 1481 1482 1428 1370 1429 1371 1312 -1
GCP,adapt_p48-18968510422141_a11-25_81_map.h5,27.8823,10,500,773,41.810314:11.250000,1468,False,11,11,1412,0.999999,20.4756,0,0.0125077,1466 1466 1410 1411 1354 1355 1413 1412 1467 1518 -1
GCP,adapt_p60-00000000000001_a157-5_272_map.h5,26.8672,10,614,1047,30.000000:157.500000,1320,True,14,13,1379,0.999998,25.9316,0,0.0126354,1380 1380 1322 1260 1259 1321 1436 1437 1379 1378 1320 1258 -1
GCP,adapt_p35-659087696138755_a45-0_120_map.h5,27.79,10,339,770,54.340912:45.000000,1572,True,13,13,1617,0.999999,25.3142,0,0.0127507,1572 1572 1525 1526 1573 1616 1615 1655 1656 1617 1618 1574 -1
GCP,adapt_p35-659087696138755_a105-0_364_map.h5,26.8702,10,494,1122,54.340912:105.000000,1579,True,11,11,1580,0.999999,21.2755,0,0.0126283,1623 1623 1622 1532 1533 1579 1624 1581 1580 1534 -1
GCP,adapt_p70-52877936550931_a33-75_384_map.h5,25.9604,10,93,1171,19.471220:33.750000,1173,True,144,12,1106,0.899092,24.436,0,0.0143627,1236 1172 1171 1105 1039 1040 1106 1173 1107 1041 1108 -1
GCP,adapt_p60-00000000000001_a180-0_299_map.h5,25.7753,10,363,1553,30.000000:180.000000,1324,True,27,13,1324,0.998393,25.4896,0,0.0124725,1323 1323 1261 1324 1383 1325 1262 1199 1200 1263 1264 1326 -1
GCP,adapt_p48-18968510422141_a123-74999999999999_504_map.h5,27.8821,10,297,717,41.810314:123.750000,1484,True,13,13,1485,0.999998,25.5312,0,0.01267,1431 1431 1432 1433 1486 1537 1536 1485 1430 1483 1484 1535 -1
GCP,adapt_p80-40593177313954_a247-49999999999997_178_map.h5,25.862,10,725,1517,9.594069:247.500000,1080,True,13,12,1081,0.999998,23.762,0,0.0128047,1082 1082 1013 1014 1081 1148 1147 1146 1080 1012 1079 -1
GCP,adapt_p80-40593177313954_a157-5_446_map.h5,26.8391,10,383,1142,9.594069:157.500000,1063,True,18,13,1063,0.999977,26.2968,0,0.0126564,996 996 1062 1128 1061 995 1063 1129 1195 1130 1064 1065 -1
GCP,adapt_p70-52877936550931_a101-24999999999999_214_map.h5,27.8811,10,415,771,19.471220:101.250000,1185,True,14,14,1184,0.999999,27.4067,0,0.0127254,1119 1119 1118 1117 1183 1246 1247 1184 1185 1248 1249 1186 1120 -1
GCP,adapt_p60-00000000000001_a270-0_3_map.h5,27.7741,10,357,772,30.000000:270.000000,1339,True,26,13,1277,0.997832,25.2166,0,0.0126791,1215 1215 1278 1340 1339 1397 1396 1338 1277 1214 1276 1337 -1
GCP,adapt_p80-40593177313954_a337-49999999999994_384_map.h5,28.7993,10,306,345,9.594069:337.500000,1097,True,24,14,1095,0.999647,27.9046,0,0.0124836,1097 1097 1163 1162 1096 1029 1028 1027 1095 1161 1160 1094 1159 -1
GCP,adapt_p60-00000000000001_a337-49999999999994_26_map.h5,27.8603,10,451,735,30.000000:337.500000,1350,True,14,13,1351,0.999999,25.7298,0,0.0124848,1289 1289 1227 1288 1349 1350 1408 1409 1351 1290 1291 1352 -1
GCP,adapt_p11-715852394892384_a315-0_232_map.h5,26.5478,10,118,1135,78.284149:315.000000,1778,False,70,12,1712,0.945116,24.4132,0,0.0130003,1683 1714 1681 1713 1712 1711 1738 1739 1762 1740 1741 -1
GCP,adapt_p23-556464309101234_a247-49999999999997_571_map.h5,26.8751,10,812,1133,66.443535:247.500000,1708,True,10,10,1708,0.999998,18.0662,0,0.0126712,1675 1675 1707 1674 1708 1735 1736 1709 1676 -1
GCP,adapt_p80-40593177313954_a157-5_163_map.h5,24.8037,10,83,1085,9.594069:157.500000,1063,False,358,11,1420,0.669563,23.1043,0,0.024847,1478 1421 1475 1420 1362 1361 1419 1473 1525 1474 -1
GCP,adapt_p11-715852394892384_a45-0_358_map.h5,27.8924,10,738,703,78.284149:45.000000,1766,True,7,7,1747,0.999999,10.4039,0,0.0124604,1746 1746 1766 1767 1747 1748 -1
GCP,adapt_p35-659087696138755_a165-0_289_map.h5,27.8288,10,357,755,54.340912:165.000000,1587,True,22,13,1587,0.999964,26.5249,0,0.0130245,1629 1629 1587 1588 1589 1630 1667 1586 1541 1491 1542 1543 -1
GCP,adapt_p48-18968510422141_a213-75_339_map.h5,28.4878,10,139,337,41.810314:213.750000,1497,True,76,14,1448,0.813252,28.4506,0,0.013058,1550 1550 1501 1502 1449 1391 1448 1500 1447 1446 1445 1497 1547 -1
GCP,adapt_p60-00000000000001_a292-5_196_map.h5,25.8737,10,711,1483,30.000000:292.500000,1343,True,11,11,1343,0.999998,20.3633,0,0.0131064,1401 1401 1402 1344 1343 1281 1342 1400 1399 1341 -1
GCP,adapt_p48-18968510422141_a326-24999999999994_259_map.h5,25.8694,10,492,1476,41.810314:326.250000,1514,True,11,11,1462,0.999998,20.3231,0,0.012365,1463 1463 1407 1406 1405 1461 1513 1462 1514 1515 -1
GCP,adapt_p80-40593177313954_a90-0_86_map.h5,28.8333,10,239,377,9.594069:90.000000,1051,True,22,14,1051,0.99979,28.4691,0,0.0125278,1117 1117 1116 1118 1119 1053 1052 984 1051 983 1050 982 1049 -1
GCP,adapt_p60-00000000000001_a180-0_103_map.h5,27.8853,10,475,683,30.000000:180.000000,1324,True,11,11,1324,0.999999,20.3703,0,0.0124766,1262 1262 1263 1325 1384 1383 1324 1382 1323 1261 -1
GCP,adapt_p35-659087696138755_a344-99999999999994_29_map.h5,25.832,10,218,1523,54.340912:345.000000,1609,True,18,13,1608,0.999947,25.5661,0,0.0128537,1609 1609 1564 1608 1649 1650 1685 1684 1648 1647 1607 1563 -1
GCP,adapt_p80-40593177313954_a247-49999999999997_225_map.h5,25.6641,10,204,1470,9.594069:247.500000,1080,True,46,12,1145,0.977983,24.3354,0,0.012678,1272 1209 1144 1079 1080 1081 1147 1146 1211 1145 1210 -1
GCP,adapt_p70-52877936550931_a258-75_32_map.h5,26.8309,10,420,1126,19.471220:258.750000,1213,True,19,13,1147,0.999929,25.4774,0,0.0128236,1213 1213 1149 1214 1148 1082 1081 1147 1212 1211 1146 1145 -1
GCP,adapt_p23-556464309101234_a67-5_82_map.h5,27.8834,10,390,795,66.443535:67.500000,1693,True,10,10,1693,0.999999,17.7534,0,0.0123563,1722 1722 1723 1694 1693 1692 1656 1657 1658 -1
GCP,adapt_p35-659087696138755_a255-00000000000003_330_map.h5,28.8484,10,333,333,54.340912:255.000000,1598,True,16,14,1639,0.999996,28.448,0,0.0124232,1676 1676 1638 1596 1675 1639 1597 1552 1553 1598 1599 1640 1677 -1
GCP,adapt_p60-00000000000001_a90-0_346_map.h5,25.8834,10,710,1477,30.000000:90.000000,1309,True,8,8,1309,0.999999,13.7164,0,0.0123959,1368 1368 1369 1310 1367 1308 1309 -1
GCP,adapt_p70-52877936550931_a281-24999999999994_337_map.h5,25.8886,10,778,1510,19.471220:281.250000,1217,True,10,10,1217,0.999998,18.2309,0,0.0121974,1152 1152 1218 1153 1217 1280 1279 1216 1151 -1
GCP,adapt_p35-659087696138755_a224-99999999999997_424_map.h5,27.8632,10,491,795,54.340912:225.000000,1594,True,13,13,1636,0.999998,25.2276,0,0.0126153,1593 1593 1594 1595 1637 1674 1673 1636 1635 1592 1634 1672 -1
GCP,adapt_p60-00000000000001_a67-5_517_map.h5,25.6822,10,186,1426,30.000000:67.500000,1305,True,38,13,1364,0.994412,25.5616,0,0.0126051,1362 1362 1421 1363 1304 1364 1305 1306 1365 1366 1423 1422 -1
GCP,adapt_p60-00000000000001_a112-49999999999999_248_map.h5,27.8358,10,517,741,30.000000:112.500000,1313,True,13,13,1313,0.999998,27.0012,0,0.0130125,1312 1313 1314 1373 1372 1429 1371 1370 1312 1250 1251 1252 -1
GCP,adapt_p35-659087696138755_a195-0_222_map.h5,26.4335,10,97,1109,54.340912:195.000000,1590,True,81,12,1495,0.942977,24.4946,0,0.0132475,1592 1546 1496 1443 1495 1545 1590 1589 1544 1494 1442 -1
GCP,adapt_p35-659087696138755_a344-99999999999994_337_map.h5,27.8452,10,303,764,54.340912:345.000000,1609,True,18,13,1608,0.999992,25.6377,0,0.0126083,1650 1650 1685 1684 1648 1607 1564 1608 1649 1609 1565 1610 -1
GCP,adapt_p60-00000000000001_a337-49999999999994_228_map.h5,27.8764,10,394,778,30.000000:337.500000,1350,True,14,13,1408,0.999998,26.0448,0,0.012359,1351 1351 1289 1350 1408 1409 1464 1407 1349 1406 1462 1463 -1
GCP,adapt_p70-52877936550931_a236-25_557_map.h5,28.8158,10,239,362,19.471220:236.250000,1209,True,23,14,1272,0.999972,27.8566,0,0.0130005,1208 1208 1209 1272 1210 1211 1274 1335 1273 1334 1333 1271 1270 -1
GCP,adapt_p70-52877936550931_a11-25_398_map.h5,23.7319,10,76,1564,19.471220:11.250000,1169,False,326,10,1084,0.893694,21.3331,0,0.0228082,1156 1086 1151 1085 1017 1084 1150 1149 1083 -1
GCP,adapt_p35-659087696138755_a255-00000000000003_445_map.h5,26.8661,10,425,1087,54.340912:255.000000,1598,True,12,12,1640,0.999998,23.7019,0,0.0136969,1676 1676 1641 1599 1598 1640 1677 1675 1638 1639 1597 -1
GCP,adapt_p80-40593177313954_a112-49999999999999_412_map.h5,27.8705,10,529,770,9.594069:112.500000,1055,True,12,12,1054,0.999999,25.6247,0,0.0122896,987 1054 1056 988 987 986 1055 1121 1120 1053 985 -1
GCP,adapt_p48-18968510422141_a281-24999999999994_16_map.h5,27.8682,10,550,750,41.810314:281.250000,1507,True,14,13,1455,0.999999,25.9361,0,0.0125707,1506 1506 1557 1508 1456 1455 1507 1556 1505 1453 1454 1398 -1
GCP,adapt_p80-40593177313954_a112-49999999999999_41_map.h5,24.7488,10,85,1086,9.594069:112.500000,1055,False,345,9,1320,0.837191,24.1699,0,0.0245471,845 1319 1378 1379 1380 1321 1320 1258 -1
GCP,adapt_p35-659087696138755_a14-999999999999998_525_map.h5,27.8806,10,406,767,54.340912:15.000000,1568,True,11,11,1568,0.999999,20.9178,0,0.013158,1613 1613 1614 1612 1567 1520 1521 1568 1569 1522 -1
GCP,adapt_p35-659087696138755_a344-99999999999994_583_map.h5,26.8763,10,557,1146,54.340912:345.000000,1609,True,9,9,1609,0.999999,15.548,0,0.0124902,1649 1649 1650 1611 1567 1610 1609 1608 -1
GCP,adapt_p11-715852394892384_a45-0_368_map.h5,26.8461,10,314,1108,78.284149:45.000000,1766,True,18,13,1767,0.999981,25.2408,0,0.012731,1747 1747 1768 1749 1748 1767 1746 1766 1765 1782 1783 1784 -1
GCP,adapt_p60-00000000000001_a0-0_359_map.h5,25.7759,10,254,1454,30.000000:0.000000,1294,True,26,12,1293,0.99837,23.0473,0,0.0128893,1352 1352 1292 1293 1231 1294 1354 1411 1353 1410 1409 -1
GCP,adapt_p80-40593177313954_a157-5_429_map.h5,25.0018,10,179,1469,9.594069:157.500000,1063,False,140,9,1194,0.797699,23.2915,0,0.0146918,1243 1193 1128 1194 1257 1258 1195 1129 -1
GCP,adapt_p80-40593177313954_a45-0_114_map.h5,25.7453,10,293,1502,9.594069:45.000000,1042,True,30,12,975,0.995559,23.4582,0,0.0124599,1044 1044 976 975 1043 974 1042 1108 1107 1041 1040 -1
GCP,adapt_p23-556464309101234_a292-5_598_map.h5,27.8808,10,465,766,66.443535:292.500000,1712,True,10,10,1712,0.999998,18.3681,0,0.0130414,1713 1713 1712 1679 1680 1681 1739 1738 1711 -1
GCP,adapt_p23-556464309101234_a247-49999999999997_76_map.h5,27.8681,10,472,704,66.443535:247.500000,1708,True,14,14,1708,0.999999,27.8428,0,0.0126228,1735 1735 1707 1674 1675 1708 1709 1676 1710 1737 1736 1758 1759 -1
GCP,adapt_p60-00000000000001_a180-0_334_map.h5,27.8902,10,682,719,30.000000:180.000000,1324,True,10,10,1324,0.999999,18.3564,0,0.0125691,1382 1382 1322 1381 1323 1261 1262 1324 1383 -1
GCP,adapt_p23-556464309101234_a292-5_386_map.h5,26.3392,10,130,1099,66.443535:292.500000,1712,True,100,11,1679,0.773508,25.5903,0,0.0136144,1674 1672 1634 1711 1712 1680 1643 1679 1678 1642 -1
GCP,adapt_p48-18968510422141_a78-75_130_map.h5,25.8464,10,269,1456,41.810314:78.750000,1478,True,17,13,1424,0.999989,25.7295,0,0.0133642,1477 1477 1529 1423 1365 1366 1424 1478 1479 1425 1367 1426 -1
GCP,adapt_p35-659087696138755_a14-999999999999998_111_map.h5,26.8593,10,462,1136,54.340912:15.000000,1568,True,15,13,1568,0.999997,25.1497,0,0.0124826,1612 1612 1567 1611 1651 1652 1613 1614 1570 1569 1568 1521 -1
GCP,adapt_p60-00000000000001_a247-49999999999997_219_map.h5,27.8201,10,315,785,30.000000:247.500000,1335,True,22,13,1335,0.999851,25.8103,0,0.012647,1334 1334 1274 1273 1335 1336 1275 1337 1395 1394 1393 1392 -1
GCP,adapt_p23-556464309101234_a22-5_36_map.h5,27.8381,10,426,740,66.443535:22.500000,1689,True,19,14,1689,0.999993,27.6044,0,0.0126907,1653 1653 1654 1655 1691 1721 1746 1720 1690 1689 1652 1688 1719 -1
GCP,adapt_p80-40593177313954_a22-5_226_map.h5,27.8712,10,451,732,9.594069:22.500000,1038,True,14,13,1038,0.999999,25.8862,0,0.0126006,970 970 969 1037 971 1038 1104 1105 1039 972 1040 1106 -1
GCP,adapt_p70-52877936550931_a56-24999999999999_466_map.h5,27.8501,10,352,780,19.471220:56.250000,1177,True,16,13,1177,0.999975,25.7659,0,0.0137489,1176 1176 1240 1303 1239 1177 1111 1112 1178 1179 1242 1241 -1
GCP,adapt_p48-18968510422141_a11-25_356_map.h5,28.8832,10,349,358,41.810314:11.250000,1468,True,11,11,1468,0.999999,20.8305,0,0.0125306,1414 1414 1467 1412 1413 1468 1520 1521 1469 1415 -1
GCP,adapt_p60-00000000000001_a315-0_13_map.h5,26.8517,10,312,1205,30.000000:315.000000,1346,True,15,13,1346,0.999997,25.2516,0,0.0130726,1285 1285 1284 1344 1402 1403 1345 1346 1404 1405 1347 1286 -1
GCP,adapt_p48-18968510422141_a348-74999999999994_66_map.h5,28.0318,10,91,352,41.810314:348.750000,1517,True,145,13,1411,0.854335,27.386,0,0.0147484,1414 1354 1294 1353 1411 1412 1518 1466 1410 1465 1517 1565 -1
GCP,adapt_p48-18968510422141_a78-75_20_map.h5,25.7622,10,208,1532,41.810314:78.750000,1478,True,32,13,1425,0.996992,25.3754,0,0.0125737,1368 1368 1367 1307 1366 1424 1478 1425 1426 1480 1479 1531 -1
GCP,adapt_p70-52877936550931_a33-75_96_map.h5,28.871,10,445,369,19.471220:33.750000,1173,True,13,13,1174,0.999998,25.321,0,0.0127708,1238 1238 1175 1108 1174 1237 1173 1107 1106 1172 1235 1236 -1
GCP,adapt_p60-00000000000001_a247-49999999999997_440_map.h5,24.4386,10,230,1445,30.000000:247.500000,1335,False,241,10,1775,0.749721,24.1549,0,0.0179355,1777 1775 1757 1774 1620 1576 1577 1578 1621 -1
GCP,adapt_p70-52877936550931_a258-75_177_map.h5,28.8982,10,558,387,19.471220:258.750000,1213,True,8,8,1147,0.999999,13.7113,0,0.0126138,1212 1212 1211 1146 1213 1148 1147 -1
GCP,adapt_p48-18968510422141_a168-74999999999997_419_map.h5,26.8931,10,873,1128,41.810314:168.750000,1491,True,6,6,1438,0.999999,8.22015,0,0.0127133,1437 1437 1438 1491 1490 -1
GCP,adapt_p70-52877936550931_a348-74999999999994_405_map.h5,27.8615,10,629,727,19.471220:348.750000,1229,True,10,10,1229,0.999998,18.6962,0,0.0123292,1292 1292 1229 1228 1291 1293 1230 1165 1164 -1
GCP,adapt_p35-659087696138755_a165-0_130_map.h5,26.85,10,370,1115,54.340912:165.000000,1587,True,17,13,1586,0.999997,25.0896,0,0.012849,1628 1628 1585 1539 1540 1586 1629 1666 1667 1630 1587 1541 -1
GCP,adapt_p60-00000000000001_a180-0_338_map.h5,25.8694,10,744,1450,30.000000:180.000000,1324,True,9,9,1383,0.999998,15.5873,0,0.0123543,1382 1382 1323 1324 1325 1384 1383 1440 -1
GCP,adapt_p80-40593177313954_a292-5_86_map.h5,27.8177,10,457,685,9.594069:292.500000,1088,True,21,13,1087,0.999944,25.6912,0,0.0141242,1151 1151 1085 1086 1152 1153 1087 1020 1088 1154 1021 1089 -1
GCP,adapt_p70-52877936550931_a78-75_89_map.h5,28.6278,10,210,358,19.471220:78.750000,1181,True,45,14,1181,0.986042,28.0376,0,0.0129125,1178 1178 1242 1179 1180 1114 1115 1181 1243 1244 1245 1182 1183 -1
GCP,adapt_p48-18968510422141_a11-25_332_map.h5,27.8983,10,603,752,41.810314:11.250000,1468,True,8,8,1414,0.999999,13.2276,0,0.0124459,1469 1469 1521 1468 1413 1414 1415 -1
GCP,adapt_p48-18968510422141_a348-74999999999994_202_map.h5,26.8824,10,459,1125,41.810314:348.750000,1517,True,11,11,1465,0.999999,20.9991,0,0.0123523,1466 1466 1409 1410 1465 1464 1515 1516 1517 1518 -1
GCP,adapt_p70-52877936550931_a236-25_426_map.h5,26.6547,10,232,1147,19.471220:236.250000,1209,True,47,12,1209,0.928985,24.5501,0,0.0130986,1077 1143 1142 1141 1207 1208 1144 1209 1272 1273 1210 -1
GCP,adapt_p70-52877936550931_a348-74999999999994_399_map.h5,26.7133,10,292,1100,19.471220:348.750000,1229,True,34,13,1228,0.996569,25.4438,0,0.0125009,1225 1225 1226 1289 1227 1290 1291 1292 1230 1229 1228 1163 -1
GCP,adapt_p80-40593177313954_a157-5_43_map.h5,26.7979,10,300,1073,9.594069:157.500000,1063,True,23,13,996,0.999828,25.32,0,0.0129315,1062 1062 994 995 996 1063 1129 1130 1064 997 1065 998 -1
GCP,adapt_p11-715852394892384_a225-0_518_map.h5,27.8834,10,426,745,78.284149:225.000000,1774,True,12,12,1774,0.999999,22.9346,0,0.0123798,1788 1788 1773 1774 1787 1789 1776 1775 1758 1757 1756 -1
GCP,adapt_p35-659087696138755_a75-0_160_map.h5,26.8569,10,530,1109,54.340912:75.000000,1576,True,12,12,1619,0.999999,23.0095,0,0.0129301,1620 1620 1577 1529 1576 1575 1619 1658 1657 1618 1574 -1
GCP,adapt_p70-52877936550931_a33-75_152_map.h5,25.6719,10,215,1503,19.471220:33.750000,1173,True,43,13,1173,0.986929,25.6148,0,0.0128701,1042 1042 1041 1106 1172 1235 1236 1173 1107 1108 1174 1237 -1
GCP,adapt_p48-18968510422141_a123-74999999999999_483_map.h5,25.8677,10,720,1524,41.810314:123.750000,1484,True,9,9,1430,0.999999,16.1184,0,0.0130997,1484 1484 1485 1431 1430 1483 1429 1373 -1
GCP,adapt_p23-556464309101234_a112-5_461_map.h5,26.8955,10,801,1133,66.443535:112.500000,1697,True,7,7,1726,0.999999,11.0307,0,0.0123032,1697 1697 1727 1698 1726 1725 -1
GCP,adapt_p70-52877936550931_a348-74999999999994_577_map.h5,25.8808,10,676,1508,19.471220:348.750000,1229,True,10,10,1229,0.999999,18.0992,0,0.0130679,1230 1230 1166 1165 1164 1229 1292 1291 1228 -1
GCP,adapt_p35-659087696138755_a45-0_3_map.h5,28.8885,10,582,329,54.340912:45.000000,1572,True,11,11,1572,0.999999,20.2098,0,0.0122596,1616 1616 1615 1571 1524 1525 1572 1526 1573 1617 -1
GCP,adapt_p80-40593177313954_a0-0_190_map.h5,25.5994,10,205,1545,9.594069:0.000000,1034,False,56,12,972,0.996768,25.4417,0,0.0134191,903 971 1038 1106 1040 1107 1041 973 972 1039 904 -1
GCP,adapt_p60-00000000000001_a292-5_147_map.h5,26.3697,10,278,1134,30.000000:292.500000,1343,True,86,10,1281,0.924202,24.7982,0,0.0130513,1141 1217 1280 1218 1219 1282 1343 1281 1342 -1
GCP,adapt_p35-659087696138755_a135-0_493_map.h5,27.8021,10,188,801,54.340912:135.000000,1583,True,25,13,1626,0.999523,27.1052,0,0.0126692,1584 1583 1582 1625 1663 1699 1664 1626 1627 1665 1628 1584 -1
GCP,adapt_p48-18968510422141_a258-75_513_map.h5,27.8584,10,432,766,41.810314:258.750000,1504,True,16,14,1452,0.999997,27.4141,0,0.0124323,1453 1453 1505 1504 1452 1396 1338 1337 1395 1451 1503 1450 1394 -1
GCP,adapt_p48-18968510422141_a78-75_158_map.h5,28.8742,10,330,361,41.810314:78.750000,1478,True,14,14,1477,0.999999,28.2975,0,0.0126037,1424 1424 1477 1529 1530 1478 1479 1425 1365 1423 1422 1476 1528 -1
GCP,adapt_p70-52877936550931_a11-25_469_map.h5,26.8653,10,424,1096,19.471220:11.250000,1169,True,13,13,1232,0.999999,25.9256,0,0.0124894,1168 1168 1233 1169 1170 1234 1297 1296 1295 1232 1231 1167 -1
GCP,adapt_p80-40593177313954_a22-5_224_map.h5,27.8456,10,360,776,9.594069:22.500000,1038,True,16,13,1038,0.999992,25.4926,0,0.0133838,971 971 1039 1105 1038 970 969 1036 1102 1103 1037 1104 -1
GCP,adapt_p48-18968510422141_a191-25_544_map.h5,25.8725,10,755,1470,41.810314:191.250000,1494,True,10,10,1442,0.999999,17.8575,0,0.0122898,1441 1441 1442 1443 1496 1546 1545 1495 1494 -1
GCP,adapt_p11-715852394892384_a135-0_420_map.h5,28.8203,10,278,337,78.284149:135.000000,1770,True,24,14,1769,0.999922,27.8592,0,0.0135058,1752 1752 1726 1751 1771 1770 1750 1749 1769 1768 1783 1784 1785 -1
GCP,adapt_p80-40593177313954_a224-99999999999997_319_map.h5,25.8557,10,185,1071,9.594069:225.000000,1076,False,172,11,1153,0.84769,24.7934,0,0.0149279,1084 1086 1087 1088 1154 1153 1218 1217 1152 1081 -1
GCP,adapt_p80-40593177313954_a224-99999999999997_557_map.h5,25.8591,10,533,1453,9.594069:225.000000,1076,True,15,12,1076,0.999995,23.8221,0,0.0127486,1143 1143 1207 1142 1077 1078 1009 1076 1008 1075 1141 -1
GCP,adapt_p80-40593177313954_a22-5_357_map.h5,27.829,10,595,745,9.594069:22.500000,1038,True,14,13,1104,0.999999,26.3431,0,0.0127478,1103 1103 1036 1037 1038 1039 1104 1169 1170 1171 1105 1106 -1
GCP,adapt_p80-40593177313954_a224-99999999999997_457_map.h5,27.8738,10,543,744,9.594069:225.000000,1076,True,12,12,1076,0.999999,23.2415,0,0.0129829,1009 1009 1008 1075 1141 1142 1076 1010 1078 1077 1143 -1
GCP,adapt_p60-00000000000001_a337-49999999999994_311_map.h5,27.8257,10,383,705,30.000000:337.500000,1350,True,20,13,1408,0.999908,26.0614,0,0.0131709,1351 1351 1289 1349 1407 1463 1515 1464 1408 1350 1409 1465 -1
GCP,adapt_p48-18968510422141_a303-75_561_map.h5,27.882,10,485,736,41.810314:303.750000,1510,True,10,10,1459,0.999998,18.3449,0,0.0128243,1458 1458 1403 1459 1510 1560 1511 1512 1460 -1
GCP,adapt_p70-52877936550931_a213-75_438_map.h5,25.6702,10,202,1450,19.471220:213.750000,1205,True,41,12,1269,0.995366,24.2941,0,0.0125426,1267 1268 1205 1206 1269 1330 1331 1332 1271 1270 1207 -1
GCP,adapt_p48-18968510422141_a303-75_371_map.h5,25.8851,10,661,1521,41.810314:303.750000,1510,True,10,10,1458,0.999999,18.1296,0,0.0127347,1510 1510 1457 1509 1458 1402 1403 1459 1511 -1
GCP,adapt_p48-18968510422141_a11-25_327_map.h5,28.845,10,207,379,41.810314:11.250000,1468,True,20,13,1414,0.999969,27.0543,0,0.0128052,1415 1469 1521 1520 1467 1412 1413 1355 1356 1414 1468 1415 -1
GCP,adapt_p80-40593177313954_a22-5_218_map.h5,27.8621,10,349,750,9.594069:22.500000,1038,True,14,13,1104,0.999999,25.8574,0,0.0126608,1171 1171 1105 1106 1172 1104 1170 1169 1103 1037 1038 1039 -1
GCP,adapt_p48-18968510422141_a123-74999999999999_290_map.h5,27.853,10,368,773,41.810314:123.750000,1484,False,16,14,1375,0.999992,27.7485,0,0.0127398,1433 1433 1376 1317 1316 1375 1432 1486 1485 1431 1374 1315 1373 -1
GCP,adapt_p35-659087696138755_a224-99999999999997_510_map.h5,26.1665,10,97,1120,54.340912:225.000000,1594,True,124,11,1642,0.738828,24.3256,0,0.014063,1672 1634 1592 1593 1594 1641 1642 1601 1643 1602 -1
GCP,adapt_p23-556464309101234_a157-5_469_map.h5,25.806,10,234,1468,66.443535:157.500000,1701,True,22,13,1701,0.999772,25.5683,0,0.012854,1729 1729 1728 1665 1666 1700 1701 1667 1668 1702 1730 1703 -1
GCP,adapt_p70-52877936550931_a33-75_569_map.h5,26.8757,10,389,1159,19.471220:33.750000,1173,True,12,12,1236,0.999998,24.6596,0,0.0131107,1300 1299 1298 1235 1172 1173 1236 1237 1174 1238 1300 -1
GCP,adapt_p70-52877936550931_a123-74999999999999_5_map.h5,28.8804,10,578,360,19.471220:123.750000,1189,True,13,13,1188,0.999997,27.1261,0,0.0123436,1251 1314 1252 1189 1123 1122 1188 1187 1251 1315 1253 1190 -1
GCP,adapt_p60-00000000000001_a180-0_558_map.h5,25.6795,10,136,1543,30.000000:180.000000,1324,True,41,13,1324,0.995274,25.2099,0,0.0132896,1326 1326 1384 1325 1383 1324 1262 1261 1323 1382 1381 1322 -1
GCP,adapt_p70-52877936550931_a258-75_296_map.h5,27.8698,10,454,758,19.471220:258.750000,1213,True,11,11,1213,0.999999,20.5713,0,0.012971,1148 1148 1147 1212 1275 1276 1277 1214 1213 1149 -1
GCP,adapt_p35-659087696138755_a135-0_571_map.h5,25.7592,10,231,1456,54.340912:135.000000,1583,False,29,12,1540,0.998628,24.5087,0,0.012646,1587 1586 1585 1539 1488 1489 1540 1541 1490 1491 1587 -1
GCP,adapt_p48-18968510422141_a123-74999999999999_507_map.h5,28.8274,10,273,388,41.810314:123.750000,1484,True,19,14,1535,0.999968,28.5522,0,0.0123757,1581 1581 1536 1485 1582 1535 1484 1431 1430 1483 1482 1534 1580 -1
GCP,adapt_p80-40593177313954_a337-49999999999994_194_map.h5,26.8382,10,412,1096,9.594069:337.500000,1097,True,19,13,1097,0.999983,25.9236,0,0.0126223,1030 1030 1099 1031 1098 1164 1163 1097 1029 1096 1028 1095 -1
GCP,adapt_p35-659087696138755_a75-0_48_map.h5,26.8598,10,473,1037,54.340912:75.000000,1576,True,12,12,1619,0.999999,22.9251,0,0.0129413,1575 1575 1574 1617 1656 1657 1618 1619 1576 1620 1658 -1
GCP,adapt_p48-18968510422141_a78-75_3_map.h5,27.8924,10,428,763,41.810314:78.750000,1478,True,10,10,1478,0.999999,18.246,0,0.0124255,1424 1424 1479 1425 1478 1530 1529 1477 1423 -1
GCP,adapt_p80-40593177313954_a315-0_367_map.h5,25.6321,10,177,1516,9.594069:315.000000,1093,False,42,12,959,0.959918,24.8292,0,0.0126661,1092 1024 1025 958 959 1026 1094 1095 1027 960 1028 -1
GCP,adapt_p60-00000000000001_a270-0_115_map.h5,26.8422,10,450,1132,30.000000:270.000000,1339,True,17,13,1277,0.999994,25.9945,0,0.0126516,1278 1278 1340 1215 1277 1214 1213 1276 1337 1338 1339 1397 -1
GCP,adapt_p70-52877936550931_a236-25_309_map.h5,27.8242,10,312,787,19.471220:236.250000,1209,False,22,13,1145,0.999899,26.2289,0,0.0125837,1147 1147 1082 1081 1211 1210 1146 1080 1079 1145 1144 1078 -1
GCP,adapt_p23-556464309101234_a292-5_105_map.h5,26.5575,10,146,1116,66.443535:292.500000,1712,True,63,13,1711,0.979773,26.5472,0,0.0132852,1601 1642 1678 1679 1712 1739 1738 1711 1737 1710 1677 1641 -1
GCP,adapt_p80-40593177313954_a247-49999999999997_515_map.h5,26.8512,10,387,1142,9.594069:247.500000,1080,True,17,13,1079,0.999971,26.0662,0,0.0125323,1144 1144 1145 1143 1077 1078 1011 1012 1079 1080 1146 1081 -1
GCP,adapt_p70-52877936550931_a303-75_160_map.h5,27.8376,10,485,763,19.471220:303.750000,1221,True,19,13,1284,0.999983,25.7809,0,0.0131929,1283 1283 1221 1220 1282 1344 1284 1345 1346 1285 1222 1223 -1
GCP,adapt_p70-52877936550931_a236-25_584_map.h5,28.57,10,134,352,19.471220:236.250000,1209,True,58,13,1211,0.926136,26.6974,0,0.0128333,1332 1333 1272 1209 1145 1210 1273 1274 1211 1146 1147 1212 -1
GCP,adapt_p11-715852394892384_a225-0_310_map.h5,25.6459,10,170,1503,78.284149:225.000000,1774,True,51,12,1757,0.985388,23.6778,0,0.0128683,1754 1755 1773 1774 1788 1775 1758 1757 1756 1732 1733 -1
GCP,adapt_p70-52877936550931_a11-25_46_map.h5,27.8666,10,487,776,19.471220:11.250000,1169,True,14,13,1168,0.999997,25.8905,0,0.0131768,1231 1231 1230 1293 1167 1166 1101 1168 1102 1103 1169 1232 -1
GCP,adapt_p80-40593177313954_a157-5_505_map.h5,26.8323,10,367,1048,9.594069:157.500000,1063,True,17,13,1064,0.999979,25.8606,0,0.0124786,1131 1131 1064 996 995 1063 1129 1130 1065 1066 998 997 -1
GCP,adapt_p80-40593177313954_a224-99999999999997_412_map.h5,27.8667,10,508,762,9.594069:225.000000,1076,True,12,12,1076,0.999999,23.5475,0,0.0130867,1142 1142 1143 1141 1075 1008 1076 1009 1077 1010 1078 -1
GCP,adapt_p48-18968510422141_a101-24999999999999_166_map.h5,27.8743,10,438,809,41.810314:101.250000,1481,True,11,11,1481,0.999998,20.5601,0,0.0134422,1533 1533 1482 1483 1429 1428 1481 1532 1480 1427 -1
GCP,adapt_p23-556464309101234_a112-5_509_map.h5,28.8223,10,172,392,66.443535:112.500000,1697,True,22,14,1725,0.999941,27.3312,0,0.0125412,1750 1750 1749 1724 1695 1725 1696 1661 1662 1697 1726 1751 1727 -1
GCP,adapt_p70-52877936550931_a33-75_144_map.h5,25.606,10,292,1457,19.471220:33.750000,1173,True,53,12,1039,0.911915,24.8687,0,0.0127769,1041 1040 1108 1174 1173 1107 1106 1105 1039 971 1038 -1
GCP,adapt_p35-659087696138755_a45-0_143_map.h5,26.8648,10,429,1078,54.340912:45.000000,1572,True,14,13,1572,0.999998,25.9572,0,0.0129599,1571 1571 1615 1616 1617 1655 1572 1524 1525 1526 1573 1574 -1
GCP,adapt_p70-52877936550931_a191-25_223_map.h5,27.8612,10,479,787,19.471220:191.250000,1201,True,14,14,1201,0.999999,27.595,0,0.0125845,1200 1200 1263 1264 1201 1135 1136 1202 1137 1138 1203 1266 1265 -1
GCP,adapt_p70-52877936550931_a281-24999999999994_297_map.h5,25.7396,10,263,1492,19.471220:281.250000,1217,True,31,13,1277,0.993907,25.3383,0,0.013228,1276 1276 1338 1339 1277 1214 1215 1278 1279 1216 1217 1152 -1
GCP,adapt_p60-00000000000001_a45-0_284_map.h5,27.9104,10,788,666,30.000000:45.000000,1301,True,7,7,1361,0.999998,10.9418,0,0.0123326,1360 1360 1419 1361 1301 1302 -1
GCP,adapt_p60-00000000000001_a67-5_345_map.h5,25.7022,10,152,1561,30.000000:67.500000,1305,True,36,12,1364,0.997098,24.4205,0,0.0126236,1421 1363 1364 1422 1423 1365 1305 1304 1303 1362 1421 -1
GCP,adapt_p80-40593177313954_a45-0_9_map.h5,25.7671,10,203,1498,9.594069:45.000000,1042,False,29,12,1044,0.996606,23.1871,0,0.0127028,1177 1177 1110 1111 1112 1045 977 1044 976 1043 1109 -1
GCP,adapt_p60-00000000000001_a315-0_495_map.h5,25.758,10,215,1475,30.000000:315.000000,1346,True,29,13,1346,0.999078,25.4181,0,0.0128094,1286 1286 1285 1345 1402 1403 1459 1460 1404 1346 1347 1405 -1
GCP,adapt_p60-00000000000001_a224-99999999999997_441_map.h5,27.7859,10,265,725,30.000000:225.000000,1331,True,22,13,1268,0.99994,25.4886,0,0.0128704,1206 1206 1269 1331 1330 1268 1205 1329 1328 1266 1267 1204 -1
GCP,adapt_p70-52877936550931_a123-74999999999999_420_map.h5,27.8655,10,451,685,19.471220:123.750000,1189,True,14,14,1189,0.999998,27.8183,0,0.01236,1123 1123 1190 1253 1254 1191 1125 1124 1189 1252 1251 1188 1122 -1
GCP,adapt_p23-556464309101234_a112-5_368_map.h5,27.8375,10,261,781,66.443535:112.500000,1697,True,22,13,1725,0.999989,26.7203,0,0.0132605,1697 1696 1695 1724 1749 1769 1750 1725 1726 1751 1727 1697 -1
GCP,adapt_p48-18968510422141_a101-24999999999999_564_map.h5,26.7262,10,145,1096,41.810314:101.250000,1481,True,39,13,1428,0.994596,25.2117,0,0.012554,1483 1483 1482 1481 1427 1369 1370 1428 1429 1430 1372 1371 -1
GCP,adapt_p60-00000000000001_a270-0_571_map.h5,25.7662,10,155,1503,30.000000:270.000000,1339,True,29,12,1338,0.999073,22.6796,0,0.01255,1277 1277 1339 1397 1453 1452 1396 1338 1276 1337 1395 -1
GCP,adapt_p80-40593177313954_a90-0_256_map.h5,27.7619,10,339,799,9.594069:90.000000,1051,False,28,13,1121,0.997585,27.2166,0,0.0129033,1054 1120 1186 1187 1188 1189 1123 1122 1121 1119 1053 1054 -1
GCP,adapt_p60-00000000000001_a270-0_299_map.h5,27.8,10,302,747,30.000000:270.000000,1339,True,27,14,1340,0.999861,27.6533,0,0.0128133,1280 1280 1279 1278 1277 1338 1396 1339 1397 1398 1340 1341 1399 -1
GCP,adapt_p80-40593177313954_a224-99999999999997_293_map.h5,27.8723,10,559,713,9.594069:225.000000,1076,True,14,13,1076,0.999997,26.6243,0,0.0124414,1142 1142 1009 1076 1143 1077 1008 1075 1074 1140 1141 1207 -1
GCP,adapt_p80-40593177313954_a67-5_227_map.h5,25.8041,10,202,1498,9.594069:67.500000,1047,False,24,12,1111,0.999671,23.4495,0,0.0126861,1178 1178 1113 1046 1112 1177 1111 1045 977 1044 1110 -1
GCP,adapt_p23-556464309101234_a337-5_203_map.h5,26.8902,10,650,1076,66.443535:337.500000,1716,True,8,8,1716,0.999999,13.0469,0,0.0125367,1684 1684 1685 1717 1742 1716 1715 -1
GCP,adapt_p70-52877936550931_a258-75_242_map.h5,27.8732,10,447,754,19.471220:258.750000,1213,True,13,13,1275,0.999999,25.5703,0,0.0126053,1213 1213 1277 1214 1276 1337 1336 1275 1212 1211 1274 1335 -1
GCP,adapt_p35-659087696138755_a255-00000000000003_357_map.h5,26.7832,10,226,1178,54.340912:255.000000,1598,True,24,13,1596,0.998145,25.6871,0,0.0125868,1550 1550 1501 1551 1595 1596 1638 1639 1597 1552 1598 1553 -1
GCP,adapt_p35-659087696138755_a344-99999999999994_352_map.h5,27.8583,10,440,789,54.340912:345.000000,1609,True,13,13,1609,0.999999,26.1647,0,0.0134596,1608 1608 1565 1566 1610 1609 1648 1607 1649 1685 1650 1611 -1
GCP,adapt_p80-40593177313954_a247-49999999999997_219_map.h5,27.8673,10,417,741,9.594069:247.500000,1080,True,14,13,1080,0.999998,26.6223,0,0.0124679,1146 1147 1081 1013 1012 1011 1078 1144 1145 1079 1080 1146 -1
GCP,adapt_p60-00000000000001_a0-0_238_map.h5,28.8556,10,262,349,30.000000:0.000000,1294,True,15,14,1293,0.999998,27.874,0,0.0131905,1230 1230 1166 1167 1293 1292 1353 1294 1295 1232 1231 1168 1101 -1
GCP,adapt_p11-715852394892384_a225-0_438_map.h5,25.4796,10,132,1525,78.284149:225.000000,1774,True,71,12,1757,0.990407,24.6499,0,0.013198,1789 1774 1775 1758 1757 1756 1732 1733 1734 1705 1706 -1
GCP,adapt_p60-00000000000001_a90-0_562_map.h5,27.8574,10,396,771,30.000000:90.000000,1309,True,13,13,1367,0.999999,25.3665,0,0.0133653,1309 1309 1308 1307 1366 1424 1425 1367 1368 1310 1369 1426 -1
GCP,adapt_p60-00000000000001_a337-49999999999994_190_map.h5,27.8045,10,231,757,30.000000:337.500000,1350,True,23,14,1351,0.999849,27.7644,0,0.0133017,1352 1352 1409 1408 1407 1349 1288 1289 1350 1351 1291 1290 1227 -1
GCP,adapt_p48-18968510422141_a146-25_496_map.h5,27.7088,10,250,779,41.810314:146.250000,1488,True,39,13,1489,0.994746,25.3324,0,0.0129967,1434 1434 1435 1436 1490 1541 1540 1489 1539 1488 1487 1538 -1
GCP,adapt_p23-556464309101234_a337-5_439_map.h5,26.8182,10,295,1079,66.443535:337.500000,1716,True,22,13,1716,0.999563,25.5926,0,0.0125528,1686 1686 1717 1687 1685 1650 1649 1684 1683 1715 1716 1742 -1
GCP,adapt_p70-52877936550931_a258-75_15_map.h5,27.7268,10,247,768,19.471220:258.750000,1213,True,34,13,1149,0.996269,25.7367,0,0.0129113,1085 1085 1084 1083 1148 1082 1147 1213 1214 1149 1150 1151 -1
GCP,adapt_p35-659087696138755_a105-0_345_map.h5,28.813,10,195,384,54.340912:105.000000,1579,True,22,13,1579,0.999876,26.2727,0,0.0127515,1581 1581 1534 1580 1624 1623 1661 1622 1579 1533 1621 1578 -1
GCP,adapt_p70-52877936550931_a303-75_570_map.h5,25.738,10,182,1485,19.471220:303.750000,1221,False,35,12,1277,0.997015,23.4995,0,0.0127773,1213 1213 1214 1278 1215 1216 1279 1339 1338 1277 1276 -1
GCP,adapt_p35-659087696138755_a165-0_195_map.h5,27.8865,10,693,733,54.340912:165.000000,1587,True,8,8,1587,0.999999,13.1772,0,0.0122931,1629 1629 1586 1587 1588 1630 1667 -1
GCP,adapt_p23-556464309101234_a337-5_548_map.h5,26.8712,10,545,1135,66.443535:337.500000,1716,True,12,12,1716,0.999999,23.1041,0,0.0125733,1742 1742 1743 1687 1686 1685 1717 1741 1715 1716 1684 -1
GCP,adapt_p48-18968510422141_a281-24999999999994_479_map.h5,26.8862,10,731,1198,41.810314:281.250000,1507,True,8,8,1455,0.999999,13.6304,0,0.0126302,1507 1507 1506 1454 1508 1456 1455 -1
GCP,adapt_p11-715852394892384_a225-0_78_map.h5,26.8398,10,291,1103,78.284149:225.000000,1774,True,17,13,1757,0.999973,24.7517,0,0.0130009,1732 1732 1756 1755 1773 1774 1788 1775 1758 1757 1733 1734 -1
GCP,adapt_p70-52877936550931_a56-24999999999999_574_map.h5,28.8551,10,225,352,19.471220:56.250000,1177,True,18,14,1176,0.999993,28.3741,0,0.0127023,1177 1177 1110 1111 1176 1240 1239 1302 1238 1237 1174 1175 1109 -1
GCP,adapt_p11-715852394892384_a45-0_95_map.h5,25.8581,10,219,1490,78.284149:45.000000,1766,True,14,13,1767,0.999978,25.1151,0,0.0127171,1783 1783 1769 1784 1768 1767 1782 1766 1746 1747 1748 1749 -1
GCP,adapt_p60-00000000000001_a112-49999999999999_474_map.h5,27.8995,10,633,724,30.000000:112.500000,1313,True,8,8,1372,0.999999,13.6698,0,0.0123568,1313 1313 1312 1371 1314 1373 1372 -1
GCP,adapt_p48-18968510422141_a146-25_403_map.h5,26.8883,10,500,1081,41.810314:146.250000,1488,True,9,9,1435,0.999999,16.2624,0,0.0124328,1377 1377 1435 1378 1436 1488 1434 1376 -1
GCP,adapt_p23-556464309101234_a337-5_311_map.h5,25.6509,10,175,1481,66.443535:337.500000,1716,True,52,12,1742,0.950652,24.3079,0,0.0128859,1715 1716 1717 1718 1744 1743 1742 1741 1763 1764 1780 -1
GCP,adapt_p60-00000000000001_a0-0_519_map.h5,27.8353,10,229,776,30.000000:0.000000,1294,True,21,13,1353,0.999976,25.8188,0,0.0124614,1411 1411 1410 1352 1291 1292 1353 1354 1294 1231 1293 1230 -1
GCP,adapt_p48-18968510422141_a213-75_93_map.h5,25.0539,10,185,1465,41.810314:213.750000,1497,False,146,11,1495,0.909079,23.9097,0,0.0148954,1448 1444 1496 1546 1443 1442 1441 1494 1495 1545 -1
GCP,adapt_p48-18968510422141_a101-24999999999999_297_map.h5,27.8725,10,495,693,41.810314:101.250000,1481,True,12,12,1481,0.999998,23.2498,0,0.0122722,1532 1532 1479 1531 1480 1426 1427 1481 1533 1482 1428 -1
GCP,adapt_p48-18968510422141_a303-75_216_map.h5,27.8582,10,377,723,41.810314:303.750000,1510,True,15,14,1459,0.999998,27.54,0,0.0125535,1402 1402 1401 1344 1345 1403 1404 1460 1512 1511 1459 1458 1510 -1
GCP,adapt_p60-00000000000001_a337-49999999999994_533_map.h5,25.8452,10,442,1460,30.000000:337.500000,1350,True,15,12,1351,0.999996,23.34,0,0.0125689,1291 1291 1227 1228 1290 1351 1352 1409 1408 1350 1289 -1
GCP,adapt_p70-52877936550931_a348-74999999999994_520_map.h5,26.8501,10,432,1096,19.471220:348.750000,1229,True,15,13,1229,0.999991,26.2965,0,0.0127099,1164 1164 1291 1290 1228 1163 1229 1292 1293 1230 1165 1166 -1
GCP,adapt_p11-715852394892384_a315-0_70_map.h5,27.8713,10,341,809,78.284149:315.000000,1778,True,16,14,1779,0.999997,27.8274,0,0.0125148,1780 1780 1791 1790 1781 1744 1764 1742 1741 1763 1779 1778 1762 -1
GCP,adapt_p35-659087696138755_a315-0_247_map.h5,23.7351,10,131,1783,54.340912:315.000000,1605,False,201,10,1603,0.620845,23.611,0,0.0165231,1783 1736 1644 1603 1559 1604 1645 1681 1646 -1
GCP,adapt_p48-18968510422141_a56-24999999999999_582_map.h5,26.8819,10,646,1112,41.810314:56.250000,1475,True,11,11,1475,0.999999,20.3388,0,0.0128627,1474 1474 1420 1475 1421 1422 1476 1528 1527 1526 -1
GCP,adapt_p35-659087696138755_a195-0_186_map.h5,25.8824,10,795,1450,54.340912:195.000000,1590,True,9,9,1591,0.999998,15.7598,0,0.0124213,1592 1592 1546 1545 1590 1591 1634 1633 -1
GCP,adapt_p35-659087696138755_a255-00000000000003_182_map.h5,27.8676,10,481,705,54.340912:255.000000,1598,True,14,14,1639,0.999999,27.8441,0,0.0131521,1676 1676 1675 1638 1596 1597 1639 1640 1598 1553 1599 1641 1677 -1
GCP,adapt_p35-659087696138755_a45-0_44_map.h5,27.893,10,571,773,54.340912:45.000000,1572,True,11,11,1616,0.999999,20.2983,0,0.0128535,1615 1615 1571 1572 1573 1617 1656 1655 1616 1654 -1
GCP,adapt_p60-00000000000001_a45-0_401_map.h5,27.8863,10,626,688,30.000000:45.000000,1301,True,12,12,1302,0.999999,22.9155,0,0.0125174,1301 1301 1300 1237 1238 1175 1176 1239 1302 1240 1303 -1
GCP,adapt_p60-00000000000001_a337-49999999999994_301_map.h5,27.8799,10,538,767,30.000000:337.500000,1350,True,11,11,1351,0.999999,21.3848,0,0.0128982,1408 1408 1352 1291 1409 1351 1290 1289 1350 1407 -1
GCP,adapt_p35-659087696138755_a195-0_425_map.h5,26.8865,10,501,1113,54.340912:195.000000,1590,True,10,10,1632,0.999999,18.3888,0,0.0123369,1633 1633 1669 1670 1632 1631 1589 1590 1591 -1
GCP,adapt_p80-40593177313954_a202-49999999999997_220_map.h5,25.1748,10,115,1557,9.594069:202.500000,1072,False,113,10,1134,0.870807,23.3597,0,0.0137962,1200 1135 1069 1134 1133 1067 1068 1331 1332 -1
GCP,adapt_p48-18968510422141_a348-74999999999994_430_map.h5,27.8483,10,285,704,41.810314:348.750000,1517,True,17,13,1517,0.999976,25.6784,0,0.0124993,1566 1566 1565 1516 1464 1409 1465 1517 1519 1518 1466 1412 -1
GCP,adapt_p70-52877936550931_a258-75_413_map.h5,27.8771,10,432,772,19.471220:258.750000,1213,True,13,13,1213,0.999999,25.5705,0,0.0126361,1214 1214 1149 1150 1215 1277 1276 1213 1148 1275 1212 1147 -1
GCP,adapt_p48-18968510422141_a123-74999999999999_256_map.h5,27.8915,10,515,809,41.810314:123.750000,1484,True,8,8,1431,0.999998,13.2082,0,0.012313,1485 1485 1484 1430 1431 1374 1432 -1
GCP,adapt_p70-52877936550931_a78-75_52_map.h5,27.8521,10,451,709,19.471220:78.750000,1181,True,16,13,1181,0.999989,26.163,0,0.0126089,1182 1182 1115 1116 1181 1245 1307 1244 1243 1180 1114 1179 -1
GCP,adapt_p48-18968510422141_a258-75_178_map.h5,27.8771,10,395,767,41.810314:258.750000,1504,True,11,11,1504,0.999999,20.7421,0,0.0126949,1554 1554 1598 1552 1553 1503 1451 1452 1504 1505 -1
GCP,adapt_p60-00000000000001_a247-49999999999997_529_map.h5,25.7244,10,214,1492,30.000000:247.500000,1335,True,33,13,1335,0.995071,25.173,0,0.013385,1275 1275 1336 1394 1393 1335 1274 1273 1334 1272 1271 1333 -1
GCP,adapt_p23-556464309101234_a22-5_554_map.h5,26.8847,10,660,1061,66.443535:22.500000,1689,True,10,10,1689,0.999998,17.6131,0,0.013104,1719 1719 1720 1690 1654 1653 1689 1688 1652 -1
GCP,adapt_p80-40593177313954_a202-49999999999997_174_map.h5,27.8723,10,463,771,9.594069:202.500000,1072,True,13,13,1071,0.999999,26.3386,0,0.012532,1138 1138 1073 1005 1004 1072 1139 1137 1071 1003 1070 1136 -1
GCP,adapt_p70-52877936550931_a11-25_376_map.h5,26.8631,10,602,1110,19.471220:11.250000,1169,True,13,13,1103,0.999998,25.9234,0,0.0127346,1170 1170 1103 1169 1104 1171 1234 1233 1232 1168 1102 1101 -1
GCP,adapt_p70-52877936550931_a78-75_108_map.h5,26.8562,10,434,1152,19.471220:78.750000,1181,True,14,13,1181,0.999999,26.0565,0,0.0125284,1180 1180 1113 1114 1115 1181 1179 1243 1244 1245 1182 1116 -1
GCP,adapt_p23-556464309101234_a157-5_101_map.h5,27.8571,10,628,687,66.443535:157.500000,1701,True,13,13,1700,0.999999,26.362,0,0.0126916,1666 1666 1699 1665 1627 1664 1700 1667 1701 1729 1728 1727 -1
GCP,adapt_p23-556464309101234_a67-5_431_map.h5,27.8263,10,290,835,66.443535:67.500000,1693,True,19,14,1693,0.9999,27.4546,0,0.012545,1723 1723 1724 1695 1659 1694 1693 1722 1692 1656 1657 1658 1619 -1
GCP,adapt_p70-52877936550931_a236-25_97_map.h5,25.7924,10,232,1453,19.471220:236.250000,1209,True,25,13,1271,0.999769,25.6832,0,0.0133913,1210 1210 1144 1209 1273 1272 1334 1333 1332 1270 1271 1208 -1
GCP,adapt_p48-18968510422141_a281-24999999999994_573_map.h5,24.9529,10,134,1543,41.810314:281.250000,1507,False,157,12,1328,0.911481,24.2063,0,0.0148177,1269 1330 1268 1267 1329 1387 1386 1385 1327 1328 1266 -1
GCP,adapt_p70-52877936550931_a236-25_127_map.h5,26.8394,10,506,1079,19.471220:236.250000,1209,True,16,13,1209,0.999923,25.5526,0,0.0123986,1144 1144 1208 1271 1272 1209 1145 1210 1273 1274 1211 1146 -1
GCP,adapt_p48-18968510422141_a101-24999999999999_72_map.h5,26.0274,10,123,1124,41.810314:101.250000,1481,False,144,11,1629,0.860369,26.0067,0,0.0142887,1449 1631 1630 1587 1586 1629 1668 1667 1666 1628 -1
GCP,adapt_p80-40593177313954_a315-0_12_map.h5,27.827,10,207,767,9.594069:315.000000,1093,True,21,13,1159,0.999979,25.8092,0,0.0128032,1160 1160 1159 1093 1026 1094 1224 1223 1222 1157 1158 1092 -1
GCP,adapt_p70-52877936550931_a258-75_580_map.h5,28.8923,10,498,398,19.471220:258.750000,1213,True,11,11,1213,0.999999,20.2264,0,0.0124629,1276 1276 1277 1214 1213 1148 1147 1212 1275 1274 -1
GCP,adapt_p48-18968510422141_a123-74999999999999_93_map.h5,25.6099,10,160,1474,41.810314:123.750000,1484,False,58,12,1533,0.982984,24.7496,0,0.0129206,1431 1483 1535 1534 1580 1579 1533 1482 1481 1532 1480 -1
GCP,adapt_p70-52877936550931_a213-75_490_map.h5,28.8743,10,471,350,19.471220:213.750000,1205,True,14,14,1205,0.999999,27.8632,0,0.0125434,1140 1140 1204 1267 1266 1203 1138 1139 1205 1268 1269 1206 1141 -1
GCP,adapt_p23-556464309101234_a112-5_535_map.h5,26.8792,10,467,1169,66.443535:112.500000,1697,True,11,11,1697,0.999998,20.9978,0,0.0125904,1726 1726 1696 1661 1725 1697 1662 1663 1698 1727 -1
GCP,adapt_p80-40593177313954_a22-5_205_map.h5,26.7195,10,339,1192,9.594069:22.500000,1038,False,33,13,1040,0.9977,25.5241,0,0.0132452,975 975 1043 1042 974 1041 973 1040 972 1039 971 970 -1
GCP,adapt_p60-00000000000001_a67-5_429_map.h5,27.8629,10,466,776,30.000000:67.500000,1305,True,14,14,1305,0.999998,27.8529,0,0.0128467,1306 1306 1366 1307 1243 1242 1305 1304 1363 1421 1422 1364 1365 -1
GCP,adapt_p11-715852394892384_a45-0_261_map.h5,26.8669,10,330,1078,78.284149:45.000000,1766,True,13,13,1746,0.999999,26.1201,0,0.0129344,1767 1747 1746 1745 1719 1720 1721 1722 1748 1767 1766 1765 -1
GCP,adapt_p35-659087696138755_a45-0_34_map.h5,25.6459,10,198,1553,54.340912:45.000000,1572,True,44,12,1572,0.993286,24.0851,0,0.0128901,1615 1616 1617 1574 1573 1526 1525 1572 1571 1524 1472 -1
GCP,adapt_p48-18968510422141_a101-24999999999999_172_map.h5,27.8882,10,618,726,41.810314:101.250000,1481,True,10,10,1427,0.999999,17.9259,0,0.0126152,1428 1428 1482 1533 1532 1481 1427 1480 1426 -1
GCP,adapt_p23-556464309101234_a157-5_481_map.h5,26.8963,10,796,1124,66.443535:157.500000,1701,True,9,9,1701,0.999999,15.5223,0,0.012534,1729 1729 1730 1701 1667 1666 1700 1728 -1
GCP,adapt_p48-18968510422141_a146-25_473_map.h5,26.889,10,819,1121,41.810314:146.250000,1488,True,7,7,1434,0.999999,11.124,0,0.0127533,1487 1487 1435 1488 1434 1433 -1
GCP,adapt_p70-52877936550931_a213-75_213_map.h5,26.8449,10,505,1117,19.471220:213.750000,1205,True,16,13,1205,0.999972,25.6946,0,0.0128909,1268 1268 1269 1207 1206 1205 1267 1204 1203 1138 1139 1140 -1
GCP,adapt_p60-00000000000001_a224-99999999999997_101_map.h5,26.8063,10,448,1059,30.000000:225.000000,1331,True,18,13,1330,0.999947,26.0719,0,0.0124944,1331 1331 1390 1389 1387 1388 1330 1269 1268 1267 1329 1328 -1
GCP,adapt_p48-18968510422141_a11-25_290_map.h5,26.8954,10,505,1137,41.810314:11.250000,1468,True,9,9,1469,0.999999,17.4518,0,0.0123938,1415 1469 1468 1414 1521 1522 1470 1415 -1
GCP,adapt_p80-40593177313954_a247-49999999999997_254_map.h5,27.8581,10,419,701,9.594069:247.500000,1080,True,15,13,1146,0.999997,25.648,0,0.012652,1081 1081 1080 1079 1145 1210 1211 1146 1082 1148 1147 1212 -1
GCP,adapt_p48-18968510422141_a213-75_167_map.h5,25.8232,10,399,1532,41.810314:213.750000,1497,True,18,13,1498,0.999831,25.0952,0,0.0125756,1445 1445 1444 1496 1546 1547 1497 1498 1548 1549 1499 1446 -1
GCP,adapt_p35-659087696138755_a224-99999999999997_249_map.h5,26.8433,10,313,1083,54.340912:225.000000,1594,True,16,13,1636,0.999988,25.2047,0,0.0125457,1594 1594 1637 1674 1673 1636 1593 1635 1672 1671 1634 1592 -1
GCP,adapt_p35-659087696138755_a14-999999999999998_578_map.h5,25.7723,10,173,1485,54.340912:15.000000,1568,False,26,13,1614,0.998669,25.1382,0,0.0125178,1615 1615 1654 1653 1652 1613 1569 1522 1523 1570 1614 1571 -1
GCP,adapt_p48-18968510422141_a326-24999999999994_316_map.h5,26.8406,10,314,1091,41.810314:326.250000,1514,True,16,13,1462,0.999934,25.3833,0,0.0132163,1463 1463 1407 1406 1462 1514 1461 1405 1460 1512 1513 1562 -1
GCP,adapt_p70-52877936550931_a326-24999999999994_444_map.h5,27.7633,10,230,737,19.471220:326.250000,1225,True,30,13,1225,0.994173,25.3565,0,0.0125433,1094 1094 1159 1224 1287 1288 1225 1160 1161 1162 1226 1289 -1
GCP,adapt_p35-659087696138755_a315-0_597_map.h5,27.875,10,399,763,54.340912:315.000000,1605,True,12,12,1645,1,23.0136,0,0.0127395,1646 1646 1681 1682 1645 1644 1603 1559 1560 1604 1605 -1
GCP,adapt_p60-00000000000001_a270-0_308_map.h5,25.3697,10,152,1508,30.000000:270.000000,1339,True,86,12,1338,0.993286,24.5192,0,0.015039,1213 1276 1337 1395 1396 1397 1339 1340 1278 1338 1277 -1
GCP,adapt_p60-00000000000001_a292-5_594_map.h5,24.1913,10,79,1827,30.000000:292.500000,1343,False,111,11,1217,0.97504,23.6529,0,0.0143075,1083 1217 1280 1216 1151 1086 1152 1153 1218 1219 -1
GCP,adapt_p80-40593177313954_a0-0_125_map.h5,26.7732,10,122,1124,9.594069:0.000000,1034,True,28,13,1035,0.998652,26.3779,0,0.0126071,1101 1101 1169 1103 1037 969 1036 1102 1034 967 1035 968 -1
GCP,adapt_p48-18968510422141_a326-24999999999994_486_map.h5,26.8672,10,312,1073,41.810314:326.250000,1514,True,13,13,1513,0.999999,25.5215,0,0.0125461,1461 1461 1514 1563 1515 1463 1462 1513 1562 1561 1512 1460 -1
GCP,adapt_p23-556464309101234_a337-5_246_map.h5,27.6311,10,213,794,66.443535:337.500000,1716,True,50,14,1649,0.96696,27.399,0,0.0127017,1565 1565 1609 1650 1685 1649 1608 1648 1684 1716 1742 1741 1715 -1
GCP,adapt_p23-556464309101234_a112-5_400_map.h5,25.8734,10,702,1475,66.443535:112.500000,1697,True,12,12,1726,0.999999,22.4126,0,0.0123959,1727 1727 1699 1698 1663 1662 1697 1726 1725 1696 1661 -1
GCP,adapt_p11-715852394892384_a315-0_170_map.h5,25.7324,10,187,1490,78.284149:315.000000,1778,True,40,13,1739,0.993373,25.3335,0,0.0134127,1741 1741 1763 1778 1761 1762 1740 1713 1712 1739 1738 1737 -1
GCP,adapt_p60-00000000000001_a67-5_140_map.h5,25.8611,10,397,1530,30.000000:67.500000,1305,True,15,12,1305,0.999993,24.0449,0,0.0126776,1306 1306 1242 1243 1305 1365 1366 1422 1364 1363 1304 -1
GCP,adapt_p35-659087696138755_a255-00000000000003_218_map.h5,25.8814,10,737,1488,54.340912:255.000000,1598,True,10,10,1597,0.999998,18.029,0,0.012414,1553 1553 1554 1598 1640 1639 1597 1552 1596 -1
GCP,adapt_p23-556464309101234_a157-5_269_map.h5,26.8861,10,876,1217,66.443535:157.500000,1701,True,9,9,1701,0.999999,15.3845,0,0.0126325,1666 1666 1667 1701 1729 1728 1700 1665 -1
GCP,adapt_p11-715852394892384_a135-0_434_map.h5,27.8909,10,549,761,78.284149:135.000000,1770,True,11,11,1771,0.999998,20.3223,0,0.0128987,1753 1753 1770 1751 1752 1771 1785 1786 1772 1754 -1
GCP,adapt_p48-18968510422141_a168-74999999999997_532_map.h5,26.8774,10,640,1115,41.810314:168.750000,1491,True,10,10,1491,0.999999,17.7817,0,0.0123819,1438 1438 1439 1492 1491 1542 1541 1490 1437 -1
GCP,adapt_p48-18968510422141_a101-24999999999999_459_map.h5,27.8342,10,252,722,41.810314:101.250000,1481,True,20,13,1427,0.999955,25.6352,0,0.0126019,1532 1532 1482 1533 1481 1428 1427 1369 1368 1426 1480 1479 -1
GCP,adapt_p60-00000000000001_a337-49999999999994_254_map.h5,27.873,10,530,705,30.000000:337.500000,1350,True,12,12,1407,0.999999,23.3286,0,0.0127794,1349 1349 1348 1405 1461 1462 1406 1350 1408 1407 1463 -1
GCP,adapt_p60-00000000000001_a247-49999999999997_37_map.h5,27.8632,10,405,772,30.000000:247.500000,1335,True,13,13,1335,0.999999,26.3758,0,0.0126002,1392 1392 1333 1272 1273 1274 1335 1334 1391 1393 1394 1336 -1
GCP,adapt_p60-00000000000001_a67-5_313_map.h5,25.52,10,141,1506,30.000000:67.500000,1305,True,62,12,1305,0.966585,24.6314,0,0.012762,1244 1306 1365 1305 1242 1178 1241 1304 1303 1363 1364 -1
GCP,adapt_p80-40593177313954_a90-0_494_map.h5,27.4678,10,215,771,9.594069:90.000000,1051,True,76,12,1051,0.969168,26.7218,0,0.0129897,1373 1053 1119 1118 1052 984 1051 983 1050 982 1049 -1
GCP,adapt_p60-00000000000001_a270-0_492_map.h5,27.7699,10,240,763,30.000000:270.000000,1339,True,30,13,1278,0.997853,25.2887,0,0.0129063,1277 1277 1215 1278 1339 1397 1398 1340 1341 1279 1216 1217 -1
GCP,adapt_p23-556464309101234_a292-5_420_map.h5,25.7963,10,228,1439,66.443535:292.500000,1712,True,23,13,1680,0.99898,25.1896,0,0.0125373,1645 1645 1644 1643 1679 1680 1681 1714 1713 1739 1712 1711 -1
GCP,adapt_p35-659087696138755_a315-0_349_map.h5,27.886,10,592,737,54.340912:315.000000,1605,True,8,8,1605,0.999999,13.4448,0,0.0127415,1606 1606 1607 1647 1605 1646 1645 -1
GCP,adapt_p35-659087696138755_a135-0_598_map.h5,25.8774,10,712,1492,54.340912:135.000000,1583,True,10,10,1537,0.999999,18.1176,0,0.0124385,1583 1583 1536 1582 1537 1486 1487 1538 1584 -1
GCP,adapt_p23-556464309101234_a292-5_191_map.h5,25.7528,10,174,1490,66.443535:292.500000,1712,True,30,13,1712,0.998859,25.3826,0,0.0130221,1679 1679 1711 1678 1712 1680 1681 1713 1739 1738 1737 1710 -1
GCP,adapt_p48-18968510422141_a123-74999999999999_18_map.h5,27.6777,10,111,775,41.810314:123.750000,1484,True,41,13,1430,0.996178,26.7942,0,0.0130875,1433 1486 1432 1485 1431 1374 1373 1372 1430 1484 1483 1429 -1
GCP,adapt_p11-715852394892384_a225-0_209_map.h5,26.89,10,759,1153,78.284149:225.000000,1774,True,10,10,1774,0.999999,17.3201,0,0.0127697,1788 1788 1787 1773 1774 1775 1758 1757 1756 -1
GCP,adapt_p48-18968510422141_a78-75_43_map.h5,28.8763,10,365,338,41.810314:78.750000,1478,True,13,13,1423,0.999999,25.3836,0,0.0124384,1478 1478 1425 1366 1424 1423 1365 1364 1422 1476 1477 1529 -1
GCP,adapt_p48-18968510422141_a303-75_233_map.h5,28.8519,10,370,372,41.810314:303.750000,1510,True,15,14,1458,0.999997,28.1113,0,0.0128266,1511 1511 1559 1560 1510 1558 1509 1457 1401 1402 1458 1459 1403 -1
GCP,adapt_p80-40593177313954_a67-5_349_map.h5,25.8556,10,537,1386,9.594069:67.500000,1047,True,15,13,1047,0.999998,25.5585,0,0.0131972,1048 1048 1049 981 980 979 1047 1114 1113 1112 1046 1045 -1
GCP,adapt_p48-18968510422141_a258-75_387_map.h5,24.9659,10,105,1472,41.810314:258.750000,1504,False,153,9,1502,0.862102,23.5666,0,0.0148032,1226 1349 1451 1503 1552 1502 1450 1449 -1
GCP,adapt_p80-40593177313954_a112-49999999999999_211_map.h5,26.837,10,417,1089,9.594069:112.500000,1055,True,17,13,1053,0.999994,25.7745,0,0.0127555,1054 1054 1055 987 986 985 1053 1118 1052 984 1051 983 -1
GCP,adapt_p70-52877936550931_a191-25_37_map.h5,26.0875,10,113,1130,19.471220:191.250000,1201,True,136,11,1129,0.592341,24.2239,0,0.0142532,1127 1128 1129 1195 1130 1135 1136 1201 1264 1326 -1
GCP,adapt_p80-40593177313954_a315-0_273_map.h5,27.8549,10,470,743,9.594069:315.000000,1093,True,17,13,1093,0.999992,25.9773,0,0.0129521,1158 1158 1224 1223 1159 1160 1094 1026 1025 1093 1092 1157 -1
GCP,adapt_p11-715852394892384_a225-0_130_map.h5,26.7762,10,287,1163,78.284149:225.000000,1774,True,33,13,1757,0.996622,26.2925,0,0.0126405,1789 1776 1758 1757 1756 1755 1773 1774 1787 1788 1775 1789 -1
GCP,adapt_p48-18968510422141_a236-25_76_map.h5,28.8699,10,473,402,41.810314:236.250000,1501,True,12,12,1448,0.999997,23.3324,0,0.0128838,1500 1500 1499 1550 1501 1448 1449 1392 1391 1447 1390 -1
GCP,adapt_p60-00000000000001_a224-99999999999997_102_map.h5,27.8902,10,527,723,30.000000:225.000000,1331,True,11,11,1331,0.999999,20.3123,0,0.0125425,1389 1389 1388 1330 1268 1269 1331 1270 1332 1390 -1
GCP,adapt_p60-00000000000001_a90-0_599_map.h5,23.1639,10,82,1076,30.000000:90.000000,1309,False,618,10,1629,0.544137,22.1538,0,0.0494011,1444 1587 1630 1667 1629 1586 1540 1585 1539 -1
GCP,adapt_p80-40593177313954_a157-5_309_map.h5,26.817,10,481,1101,9.594069:157.500000,1063,True,18,13,1063,0.999966,26.676,0,0.0128274,1129 1129 995 996 1063 1062 1061 1128 1130 1064 997 1065 -1
GCP,adapt_p60-00000000000001_a157-5_595_map.h5,27.8607,10,459,728,30.000000:157.500000,1320,True,14,13,1379,0.999995,25.7061,0,0.0130461,1321 1321 1258 1259 1320 1257 1319 1378 1435 1436 1379 1380 -1
GCP,adapt_p23-556464309101234_a292-5_361_map.h5,27.8803,10,490,772,66.443535:292.500000,1712,True,11,11,1712,0.999999,20.4163,0,0.0124653,1713 1713 1740 1739 1738 1711 1679 1712 1680 1681 -1
GCP,adapt_p35-659087696138755_a135-0_345_map.h5,28.8924,10,530,393,54.340912:135.000000,1583,True,9,9,1584,0.999999,15.4742,0,0.0124147,1538 1538 1584 1627 1626 1583 1537 1582 -1
GCP,adapt_p35-659087696138755_a165-0_71_map.h5,25.579,10,207,1430,54.340912:165.000000,1587,False,60,12,1586,0.968386,24.0672,0,0.0128339,1727 1698 1699 1664 1665 1627 1585 1628 1629 1586 1540 -1
GCP,adapt_p35-659087696138755_a344-99999999999994_402_map.h5,25.8797,10,763,1434,54.340912:345.000000,1609,True,9,9,1609,0.999998,15.4963,0,0.0131057,1650 1650 1649 1608 1609 1610 1566 1565 -1
GCP,adapt_p48-18968510422141_a101-24999999999999_247_map.h5,25.8872,10,659,1557,41.810314:101.250000,1481,True,10,10,1428,0.999999,18.3501,0,0.0126119,1370 1370 1429 1371 1428 1482 1481 1427 1369 -1
GCP,adapt_p48-18968510422141_a168-74999999999997_344_map.h5,28.5645,10,128,344,41.810314:168.750000,1491,False,62,13,1543,0.992564,27.6249,0,0.0132486,1630 1544 1589 1588 1542 1543 1492 1493 1494 1545 1590 1632 -1
GCP,adapt_p11-715852394892384_a225-0_506_map.h5,27.8633,10,366,759,78.284149:225.000000,1774,True,15,14,1774,0.999997,27.3439,0,0.0125066,1773 1773 1755 1772 1787 1788 1774 1775 1758 1757 1756 1732 1733 -1
GCP,adapt_p60-00000000000001_a337-49999999999994_287_map.h5,28.8764,10,318,360,30.000000:337.500000,1350,True,13,13,1408,0.999999,25.5019,0,0.0124293,1351 1351 1290 1289 1288 1349 1407 1463 1464 1408 1350 1409 -1
GCP,adapt_p11-715852394892384_a45-0_457_map.h5,27.8655,10,427,719,78.284149:45.000000,1766,True,13,13,1766,0.999998,25.1492,0,0.0132955,1747 1747 1746 1745 1766 1767 1765 1781 1782 1783 1768 1748 -1
GCP,adapt_p11-715852394892384_a225-0_430_map.h5,27.8676,10,513,752,78.284149:225.000000,1774,True,12,12,1758,0.999998,23.0725,0,0.0131434,1775 1775 1756 1757 1774 1788 1776 1759 1758 1735 1734 -1
GCP,adapt_p80-40593177313954_a22-5_472_map.h5,25.1514,10,158,1496,9.594069:22.500000,1038,False,119,6,1043,0.647649,23.8062,0,0.0141338,1206 1044 1110 1109 1043 -1
GCP,adapt_p80-40593177313954_a90-0_577_map.h5,26.8381,10,354,1215,9.594069:90.000000,1051,True,16,13,1052,0.999972,25.9344,0,0.01266,1053 1053 1120 1119 1118 1052 985 984 1051 1117 983 1050 -1
GCP,adapt_p48-18968510422141_a236-25_468_map.h5,27.8972,10,513,784,41.810314:236.250000,1501,True,9,9,1448,0.999999,15.5914,0,0.0125994,1447 1447 1500 1501 1448 1391 1392 1449 -1
GCP,adapt_p60-00000000000001_a247-49999999999997_549_map.h5,27.8633,10,293,673,30.000000:247.500000,1335,True,15,13,1274,0.999996,26.1592,0,0.0125191,1335 1335 1394 1393 1336 1273 1274 1211 1212 1275 1276 1337 -1
GCP,adapt_p35-659087696138755_a105-0_139_map.h5,27.8865,10,482,734,54.340912:105.000000,1579,True,10,10,1579,0.999999,18.487,0,0.0122941,1622 1622 1579 1580 1623 1621 1578 1532 1533 -1
GCP,adapt_p60-00000000000001_a202-49999999999997_581_map.h5,25.678,10,221,1428,30.000000:202.500000,1328,True,42,13,1267,0.985156,25.2409,0,0.0127886,1203 1203 1204 1267 1268 1269 1331 1330 1329 1328 1266 1265 -1
GCP,adapt_p35-659087696138755_a255-00000000000003_63_map.h5,25.7941,10,331,1582,54.340912:255.000000,1598,True,18,13,1639,0.999958,25.6162,0,0.012702,1638 1638 1676 1675 1639 1640 1599 1598 1553 1552 1597 1596 -1
GCP,adapt_p23-556464309101234_a292-5_432_map.h5,26.8321,10,400,1123,66.443535:292.500000,1712,True,18,13,1712,0.999991,25.2047,0,0.0127059,1680 1680 1643 1679 1711 1678 1710 1737 1738 1739 1713 1712 -1
GCP,adapt_p48-18968510422141_a11-25_398_map.h5,27.8875,10,563,761,41.810314:11.250000,1468,True,11,11,1413,0.999999,21.7825,0,0.0132371,1467 1467 1518 1414 1413 1412 1468 1520 1521 1469 -1
GCP,adapt_p35-659087696138755_a195-0_374_map.h5,28.8322,10,212,369,54.340912:195.000000,1590,True,20,13,1592,0.999958,26.8984,0,0.0125718,1633 1591 1546 1545 1590 1592 1547 1548 1593 1635 1634 1633 -1
GCP,adapt_p70-52877936550931_a168-74999999999997_337_map.h5,27.8904,10,474,771,19.471220:168.750000,1197,True,10,10,1197,0.999999,18.4005,0,0.0123533,1198 1198 1133 1132 1131 1196 1197 1261 1260 -1
GCP,adapt_p60-00000000000001_a247-49999999999997_349_map.h5,27.8903,10,694,740,30.000000:247.500000,1335,True,8,8,1335,0.999999,13.6872,0,0.0124874,1336 1336 1337 1395 1335 1393 1394 -1
GCP,adapt_p80-40593177313954_a224-99999999999997_374_map.h5,24.6974,10,59,1191,9.594069:225.000000,1076,False,344,10,1016,0.476351,20.8087,0,0.0240951,1276 1015 948 949 1016 1083 1084 1017 1085 -1
GCP,adapt_p80-40593177313954_a0-0_320_map.h5,27.8761,10,524,685,9.594069:0.000000,1034,True,13,13,1034,0.999999,25.9619,0,0.0126909,1101 1101 1100 1165 1166 1034 1033 967 1035 1102 1036 968 -1
GCP,adapt_p80-40593177313954_a157-5_583_map.h5,27.8562,10,490,738,9.594069:157.500000,1063,True,14,13,1064,0.999996,27.8377,0,0.0125443,996 1064 1062 995 996 997 1063 1129 1130 1131 1065 998 -1
GCP,adapt_p48-18968510422141_a146-25_269_map.h5,25.8493,10,459,1455,41.810314:146.250000,1488,True,16,12,1538,0.999982,23.4082,0,0.0124958,1537 1537 1487 1434 1486 1538 1584 1585 1539 1488 1489 -1
GCP,adapt_p48-18968510422141_a168-74999999999997_53_map.h5,26.7829,10,340,1207,41.810314:168.750000,1491,True,27,13,1491,0.999215,25.5511,0,0.0128698,1440 1440 1439 1438 1492 1493 1543 1542 1491 1437 1490 1541 -1
GCP,adapt_p60-00000000000001_a90-0_65_map.h5,27.5668,10,152,734,30.000000:90.000000,1309,True,67,13,1368,0.966981,27.5299,0,0.0130257,1424 1425 1367 1308 1246 1309 1368 1310 1369 1426 1479 1578 -1
GCP,adapt_p80-40593177313954_a224-99999999999997_144_map.h5,25.6809,10,201,1516,9.594069:225.000000,1076,True,40,13,1143,0.989879,25.373,0,0.0129363,1008 1008 1075 1141 1207 1142 1076 1077 1143 1208 1144 1078 -1
GCP,adapt_p60-00000000000001_a247-49999999999997_506_map.h5,26.861,10,559,1106,30.000000:247.500000,1335,True,12,12,1394,0.999999,23.2745,0,0.0128398,1335 1335 1275 1274 1336 1337 1395 1451 1450 1394 1393 -1
GCP,adapt_p48-18968510422141_a348-74999999999994_449_map.h5,25.7889,10,282,1419,41.810314:348.750000,1517,True,24,12,1466,0.997375,23.4154,0,0.0129103,1464 1464 1409 1465 1516 1517 1566 1518 1466 1410 1412 -1
GCP,adapt_p48-18968510422141_a146-25_491_map.h5,27.8783,10,389,788,41.810314:146.250000,1488,True,12,12,1487,0.999999,23.3332,0,0.0125139,1433 1433 1434 1435 1488 1538 1487 1432 1485 1486 1537 -1
GCP,adapt_p80-40593177313954_a0-0_538_map.h5,25.333,10,154,1525,9.594069:0.000000,1034,False,92,12,1106,0.981512,24.4994,0,0.0137827,1175 1174 1108 1041 1040 1107 1173 1106 1105 1039 1038 -1
GCP,adapt_p48-18968510422141_a11-25_18_map.h5,25.981,10,120,1084,41.810314:11.250000,1468,True,145,8,1468,0.861469,23.7099,0,0.0144638,1322 1568 1521 1469 1468 1520 1467 -1
GCP,adapt_p80-40593177313954_a270-0_218_map.h5,24.6896,10,83,1162,9.594069:270.000000,1084,False,338,8,1788,0.444981,15.1022,0,0.023724,1759 1774 1775 1787 1795 1788 1789 -1
GCP,adapt_p80-40593177313954_a180-0_350_map.h5,27.8813,10,551,796,9.594069:180.000000,1067,True,12,12,1068,0.999999,23.6379,0,0.0124429,1067 1067 1001 1000 1068 1133 1134 1135 1069 1002 1070 -1
GCP,adapt_p48-18968510422141_a33-75_531_map.h5,26.8789,10,452,1065,41.810314:33.750000,1471,True,12,12,1471,0.999999,22.9956,0,0.0129345,1416 1416 1417 1472 1524 1523 1471 1470 1415 1469 1522 -1
GCP,adapt_p11-715852394892384_a225-0_261_map.h5,26.871,10,593,1081,78.284149:225.000000,1774,True,12,12,1774,0.999999,22.5943,0,0.0127663,1757 1757 1758 1776 1789 1788 1787 1773 1774 1775 1756 -1
GCP,adapt_p23-556464309101234_a157-5_434_map.h5,28.8143,10,215,377,66.443535:157.500000,1701,True,22,14,1699,0.999908,27.7564,0,0.0124761,1701 1701 1729 1753 1752 1726 1698 1727 1728 1700 1699 1664 1665 -1
GCP,adapt_p70-52877936550931_a236-25_115_map.h5,27.8228,10,366,761,19.471220:236.250000,1209,True,21,13,1209,0.999903,26.1113,0,0.0130185,1208 1208 1207 1271 1272 1273 1209 1143 1144 1145 1210 1211 -1
GCP,adapt_p60-00000000000001_a247-49999999999997_514_map.h5,28.7837,10,206,376,30.000000:247.500000,1335,False,24,14,1211,0.999433,28.4995,0,0.013029,1213 1213 1275 1336 1276 1212 1147 1146 1211 1145 1210 1273 1274 -1
GCP,adapt_p80-40593177313954_a247-49999999999997_289_map.h5,25.8371,10,432,1513,9.594069:247.500000,1080,True,16,13,1080,0.999994,25.6449,0,0.0126447,1145 1145 1146 1147 1082 1081 1013 1080 1079 1078 1011 1012 -1
GCP,adapt_p11-715852394892384_a225-0_391_map.h5,25.8512,10,477,1449,78.284149:225.000000,1774,True,18,14,1787,0.999988,25.841,0,0.0126066,1773 1773 1772 1786 1787 1793 1794 1795 1796 1789 1788 1774 1775 -1
GCP,adapt_p35-659087696138755_a315-0_288_map.h5,28.8795,10,341,392,54.340912:315.000000,1605,True,11,11,1605,0.999999,20.8891,0,0.0132326,1604 1604 1561 1560 1605 1562 1606 1647 1646 1645 -1
GCP,adapt_p35-659087696138755_a344-99999999999994_41_map.h5,25.8488,10,448,1473,54.340912:345.000000,1609,True,16,13,1609,0.999985,25.346,0,0.0129905,1517 1517 1516 1565 1608 1649 1650 1609 1566 1518 1519 1610 -1
GCP,adapt_p35-659087696138755_a255-00000000000003_118_map.h5,27.2803,10,81,754,54.340912:255.000000,1598,False,105,12,1638,0.951002,24.9128,0,0.0135062,1707 1638 1596 1597 1639 1677 1676 1675 1674 1637 1595 -1
GCP,adapt_p35-659087696138755_a344-99999999999994_262_map.h5,27.8612,10,368,745,54.340912:345.000000,1609,True,16,13,1609,0.999996,25.5323,0,0.0126252,1610 1610 1566 1565 1609 1650 1608 1564 1607 1648 1649 1685 -1
GCP,adapt_p80-40593177313954_a247-49999999999997_129_map.h5,27.8638,10,531,685,9.594069:247.500000,1080,True,13,13,1078,0.999998,26.6771,0,0.0129881,1144 1144 1011 1078 1145 1146 1080 1079 1010 1077 1143 1209 -1
GCP,adapt_p35-659087696138755_a315-0_225_map.h5,26.8843,10,710,1045,54.340912:315.000000,1605,True,8,8,1605,0.999999,13.6455,0,0.0125007,1646 1646 1645 1604 1647 1606 1605 -1
GCP,adapt_p80-40593177313954_a247-49999999999997_120_map.h5,25.8475,10,327,1407,9.594069:247.500000,1080,True,16,13,1081,0.999993,25.6387,0,0.0132781,1146 1146 1147 1148 1083 1082 1014 1081 1080 1079 1012 1013 -1
GCP,adapt_p80-40593177313954_a180-0_478_map.h5,26.7811,10,346,1176,9.594069:180.000000,1067,True,25,13,1067,0.997285,25.8591,0,0.0127152,1134 1134 1067 999 998 1066 1132 1133 1068 1069 1001 1000 -1
GCP,adapt_p70-52877936550931_a168-74999999999997_413_map.h5,27.8834,10,398,700,19.471220:168.750000,1197,True,12,12,1197,0.999999,23.1943,0,0.0123807,1132 1132 1133 1199 1262 1261 1198 1131 1196 1197 1260 -1
GCP,adapt_p23-556464309101234_a247-49999999999997_92_map.h5,27.8823,10,424,771,66.443535:247.500000,1708,True,11,11,1675,0.999998,20.7383,0,0.0124919,1674 1674 1638 1637 1675 1639 1676 1709 1708 1707 -1
GCP,adapt_p60-00000000000001_a0-0_518_map.h5,27.8907,10,407,735,30.000000:0.000000,1294,True,12,12,1411,0.999999,23.8591,0,0.0130644,1294 1294 1355 1413 1412 1354 1295 1411 1353 1410 1466 -1
GCP,adapt_p48-18968510422141_a11-25_405_map.h5,28.8152,10,263,337,41.810314:11.250000,1468,True,22,14,1468,0.999989,27.6805,0,0.0126588,1520 1520 1568 1521 1469 1415 1356 1414 1468 1467 1413 1355 1354 -1
GCP,adapt_p48-18968510422141_a33-75_585_map.h5,25.7794,10,218,1482,41.810314:33.750000,1471,True,23,13,1522,0.999512,25.3437,0,0.0124414,1569 1569 1521 1469 1415 1416 1470 1522 1570 1523 1471 1524 -1
GCP,adapt_p60-00000000000001_a202-49999999999997_131_map.h5,25.8682,10,760,1472,30.000000:202.500000,1328,True,10,10,1386,0.999999,18.4963,0,0.0125987,1327 1327 1266 1265 1328 1329 1387 1386 1385 -1
GCP,adapt_p60-00000000000001_a180-0_566_map.h5,27.8374,10,222,755,30.000000:180.000000,1324,True,17,14,1382,0.999981,27.8394,0,0.0124108,1322 1322 1261 1323 1381 1380 1437 1438 1439 1440 1383 1382 1324 -1
GCP,adapt_p48-18968510422141_a11-25_526_map.h5,26.0575,10,99,1165,41.810314:11.250000,1468,False,137,10,1750,0.965939,24.6742,0,0.0143215,1295 1768 1769 1749 1724 1695 1725 1750 1751 -1
GCP,adapt_p60-00000000000001_a90-0_271_map.h5,26.8651,10,444,1160,30.000000:90.000000,1309,True,14,13,1369,0.999996,25.5802,0,0.0126816,1310 1310 1369 1426 1427 1370 1311 1247 1246 1309 1368 1367 -1
GCP,adapt_p35-659087696138755_a105-0_419_map.h5,27.8583,10,482,743,54.340912:105.000000,1579,True,13,13,1579,0.999998,25.0457,0,0.013494,1622 1622 1623 1661 1662 1624 1581 1580 1579 1578 1532 1533 -1
GCP,adapt_p60-00000000000001_a0-0_125_map.h5,27.8477,10,301,759,30.000000:0.000000,1294,True,17,13,1294,0.999996,25.8967,0,0.0130706,1354 1354 1231 1232 1296 1355 1295 1294 1293 1292 1353 1411 -1
GCP,adapt_p35-659087696138755_a105-0_192_map.h5,27.8511,10,340,766,54.340912:105.000000,1579,True,16,13,1622,0.999993,25.6499,0,0.0126583,1578 1578 1622 1579 1532 1577 1621 1659 1660 1661 1623 1580 -1
GCP,adapt_p60-00000000000001_a247-49999999999997_191_map.h5,25.8883,10,813,1404,30.000000:247.500000,1335,True,10,10,1335,0.999999,18.3397,0,0.0125267,1274 1274 1334 1273 1335 1393 1394 1336 1275 -1
GCP,adapt_p70-52877936550931_a168-74999999999997_240_map.h5,27.881,10,445,749,19.471220:168.750000,1197,True,12,12,1197,0.999999,23.0961,0,0.0127654,1260 1260 1259 1195 1130 1196 1197 1131 1132 1198 1261 -1
GCP,adapt_p60-00000000000001_a0-0_106_map.h5,27.4036,10,85,751,30.000000:0.000000,1294,True,89,12,1294,0.950797,25.5031,0,0.0132255,1297 1295 1354 1411 1353 1352 1292 1294 1231 1293 1167 -1
GCP,adapt_p48-18968510422141_a78-75_21_map.h5,25.8807,10,768,1490,41.810314:78.750000,1478,True,10,10,1424,0.999999,18.4152,0,0.0130698,1477 1477 1530 1529 1478 1479 1425 1424 1423 -1
GCP,adapt_p48-18968510422141_a56-24999999999999_133_map.h5,27.8493,10,401,734,41.810314:56.250000,1475,True,13,13,1474,0.999999,25.2664,0,0.0125247,1525 1525 1472 1418 1419 1473 1526 1474 1420 1421 1475 1527 -1
GCP,adapt_p80-40593177313954_a292-5_30_map.h5,27.8833,10,516,743,9.594069:292.500000,1088,True,11,11,1089,0.999998,20.5059,0,0.0124944,1021 1021 1020 1088 1154 1089 1155 1156 1090 1022 -1
GCP,adapt_p11-715852394892384_a225-0_116_map.h5,27.8904,10,491,783,78.284149:225.000000,1774,True,11,11,1774,0.999999,20.3641,0,0.0124382,1775 1775 1758 1788 1787 1774 1773 1755 1756 1757 -1
GCP,adapt_p70-52877936550931_a281-24999999999994_566_map.h5,28.7812,10,205,372,19.471220:281.250000,1217,True,31,14,1217,0.998954,27.7966,0,0.0125969,1281 1281 1219 1218 1153 1087 1152 1217 1280 1279 1216 1151 1215 -1
GCP,adapt_p60-00000000000001_a112-49999999999999_296_map.h5,25.8573,10,485,1525,30.000000:112.500000,1313,True,14,13,1372,0.999998,25.4128,0,0.0125067,1314 1314 1315 1374 1431 1373 1313 1372 1430 1429 1371 1312 -1
GCP,adapt_p23-556464309101234_a67-5_300_map.h5,26.8562,10,437,1105,66.443535:67.500000,1693,True,14,13,1693,0.999998,25.8647,0,0.0125988,1657 1657 1619 1658 1694 1693 1656 1692 1723 1722 1721 1691 -1
GCP,adapt_p60-00000000000001_a45-0_62_map.h5,27.8373,10,390,738,30.000000:45.000000,1301,True,18,13,1302,0.99989,25.9067,0,0.0124907,1238 1238 1302 1239 1240 1304 1363 1303 1362 1361 1301 1237 -1
GCP,adapt_p60-00000000000001_a315-0_490_map.h5,26.8875,10,838,1077,30.000000:315.000000,1346,True,8,8,1346,0.999999,12.9837,0,0.0123365,1347 1347 1405 1404 1346 1285 1286 -1
GCP,adapt_p48-18968510422141_a56-24999999999999_549_map.h5,27.8761,10,538,734,41.810314:56.250000,1475,True,10,10,1420,0.999999,17.6014,0,0.0126913,1419 1419 1361 1362 1420 1474 1475 1421 1363 -1
GCP,adapt_p35-659087696138755_a165-0_98_map.h5,25.7301,10,248,1512,54.340912:165.000000,1587,True,34,12,1629,0.992494,23.0508,0,0.0126888,1587 1587 1586 1628 1665 1666 1629 1630 1668 1667 1701 -1
GCP,adapt_p80-40593177313954_a292-5_420_map.h5,27.8855,10,544,736,9.594069:292.500000,1088,True,10,10,1088,0.999999,19.4976,0,0.0123098,1154 1155 1089 1021 1020 1087 1153 1088 1154 -1
GCP,adapt_p60-00000000000001_a157-5_349_map.h5,28.8743,10,289,408,30.000000:157.500000,1320,True,14,14,1258,0.999999,28.104,0,0.0125324,1319 1319 1378 1379 1321 1259 1196 1195 1194 1257 1258 1320 1256 -1
GCP,adapt_p35-659087696138755_a105-0_351_map.h5,27.8824,10,369,712,54.340912:105.000000,1579,True,11,11,1623,0.999999,20.6925,0,0.0123501,1580 1580 1622 1578 1579 1623 1661 1662 1624 1581 -1
GCP,adapt_p70-52877936550931_a56-24999999999999_457_map.h5,27.8683,10,419,733,19.471220:56.250000,1177,True,15,13,1110,0.999997,26.6344,0,0.0125151,1177 1177 1112 1111 1044 1045 1178 1240 1176 1110 1109 1175 -1
GCP,adapt_p60-00000000000001_a292-5_524_map.h5,25.4708,10,203,1469,30.000000:292.500000,1343,True,69,12,1283,0.961858,24.6652,0,0.0129889,1403 1344 1345 1284 1221 1220 1283 1343 1282 1219 1218 -1
GCP,adapt_p70-52877936550931_a326-24999999999994_178_map.h5,27.8576,10,311,794,19.471220:326.250000,1225,True,17,13,1224,0.999962,25.4121,0,0.0132797,1159 1159 1223 1286 1287 1224 1160 1225 1288 1289 1226 1161 -1
GCP,adapt_p70-52877936550931_a33-75_579_map.h5,26.8522,10,447,1104,19.471220:33.750000,1173,True,17,13,1237,0.999993,25.7101,0,0.012582,1175 1175 1108 1174 1238 1239 1301 1300 1237 1236 1173 1172 -1
GCP,adapt_p60-00000000000001_a180-0_392_map.h5,28.8874,10,488,337,30.000000:180.000000,1324,True,12,12,1382,0.999999,23.0438,0,0.012429,1323 1323 1381 1322 1261 1262 1324 1325 1383 1382 1439 -1
GCP,adapt_p70-52877936550931_a236-25_403_map.h5,26.861,10,462,1081,19.471220:236.250000,1209,True,15,13,1272,0.999998,25.9539,0,0.012846,1210 1210 1272 1333 1271 1208 1209 1334 1335 1273 1274 1211 -1
GCP,adapt_p60-00000000000001_a202-49999999999997_398_map.h5,27.8534,10,501,626,30.000000:202.500000,1328,True,16,13,1328,0.999991,25.2186,0,0.0125356,1385 1385 1326 1327 1265 1266 1328 1386 1387 1329 1388 1330 -1
GCP,adapt_p23-556464309101234_a247-49999999999997_496_map.h5,26.8195,10,315,1105,66.443535:247.500000,1708,True,22,13,1709,0.999923,25.5603,0,0.0132493,1735 1735 1758 1708 1675 1676 1709 1736 1737 1710 1677 1711 -1
GCP,adapt_p48-18968510422141_a56-24999999999999_137_map.h5,27.8044,10,269,785,41.810314:56.250000,1475,True,23,14,1476,0.99964,27.7277,0,0.0123937,1477 1477 1529 1528 1476 1527 1526 1474 1420 1475 1421 1422 1423 -1
GCP,adapt_p35-659087696138755_a135-0_251_map.h5,26.796,10,323,1058,54.340912:135.000000,1583,True,22,13,1663,0.999738,25.3797,0,0.0128219,1665 1665 1699 1698 1663 1662 1624 1625 1664 1627 1626 1583 -1
GCP,adapt_p60-00000000000001_a337-49999999999994_11_map.h5,25.8122,10,200,1460,30.000000:337.500000,1350,True,20,12,1408,0.999729,23.4185,0,0.0126546,1464 1464 1465 1463 1407 1408 1350 1351 1409 1410 1352 -1
GCP,adapt_p48-18968510422141_a281-24999999999994_523_map.h5,28.8623,10,344,382,41.810314:281.250000,1507,True,15,14,1455,0.999999,27.4749,0,0.0125072,1507 1507 1557 1508 1509 1457 1456 1400 1399 1455 1454 1398 1397 -1
GCP,adapt_p80-40593177313954_a0-0_262_map.h5,27.8592,10,377,778,9.594069:0.000000,1034,True,15,13,1099,0.999997,26.8905,0,0.0126304,1031 1031 1097 1098 1032 1100 1033 967 1034 1166 1099 1165 -1
GCP,adapt_p23-556464309101234_a292-5_299_map.h5,26.843,10,442,1148,66.443535:292.500000,1712,True,18,13,1739,0.999992,25.0289,0,0.0127994,1681 1681 1682 1714 1740 1713 1739 1738 1711 1712 1680 1679 -1
GCP,adapt_p80-40593177313954_a247-49999999999997_293_map.h5,27.5899,10,264,701,9.594069:247.500000,1080,True,54,13,1145,0.985298,27.1991,0,0.0128648,1077 1143 1144 1078 1209 1210 1211 1145 1079 1080 1146 1147 -1
GCP,adapt_p80-40593177313954_a224-99999999999997_454_map.h5,25.7352,10,294,1487,9.594069:225.000000,1076,True,33,13,1077,0.99499,25.3012,0,0.0125819,1078 1078 1077 1143 1142 1076 1075 1008 942 1009 1010 943 -1
GCP,adapt_p23-556464309101234_a337-5_582_map.h5,25.6901,10,184,1500,66.443535:337.500000,1716,True,44,13,1742,0.98484,25.67,0,0.0127431,1762 1762 1763 1764 1779 1740 1714 1715 1741 1716 1742 1743 -1
GCP,adapt_p48-18968510422141_a101-24999999999999_73_map.h5,25.8835,10,666,1520,41.810314:101.250000,1481,True,9,9,1427,0.999999,15.7509,0,0.012313,1426 1426 1369 1370 1428 1427 1480 1481 -1
GCP,adapt_p80-40593177313954_a135-0_321_map.h5,27.8712,10,640,711,9.594069:135.000000,1059,True,13,13,1059,0.999999,25.9459,0,0.012596,991 991 1060 1126 1061 993 992 1059 1125 1124 1058 990 -1
GCP,adapt_p48-18968510422141_a303-75_92_map.h5,25.633,10,182,1538,41.810314:303.750000,1510,True,51,12,1509,0.981141,25.0488,0,0.0128576,1403 1459 1510 1559 1458 1457 1456 1507 1508 1509 1558 -1
GCP,adapt_p60-00000000000001_a22-5_223_map.h5,25.7164,10,204,1513,30.000000:22.500000,1298,True,36,13,1298,0.992887,25.6649,0,0.0134653,1233 1233 1171 1234 1297 1296 1356 1357 1298 1235 1236 1299 -1
GCP,adapt_p70-52877936550931_a33-75_34_map.h5,27.8814,10,500,765,19.471220:33.750000,1173,True,10,10,1173,0.999999,20.0841,0,0.0123919,1236 1173 1107 1106 1172 1174 1238 1237 1236 -1
GCP,adapt_p70-52877936550931_a348-74999999999994_449_map.h5,28.803,10,249,375,19.471220:348.750000,1229,True,22,14,1230,0.999781,28.3262,0,0.0128027,1168 1168 1101 1167 1166 1230 1165 1164 1229 1293 1292 1291 1228 -1
GCP,adapt_p80-40593177313954_a224-99999999999997_83_map.h5,27.7769,10,356,747,9.594069:225.000000,1076,True,25,13,1141,0.998086,25.7345,0,0.0129396,1205 1205 1269 1206 1140 1075 1141 1207 1208 1143 1142 1076 -1
GCP,adapt_p35-659087696138755_a195-0_146_map.h5,26.8552,10,405,1136,54.340912:195.000000,1590,True,15,13,1633,0.999993,25.3677,0,0.0125785,1634 1634 1591 1592 1635 1672 1671 1704 1670 1633 1632 1590 -1
GCP,adapt_p60-00000000000001_a270-0_280_map.h5,26.4219,10,104,1099,30.000000:270.000000,1339,False,78,12,1558,0.988526,24.6914,0,0.0129232,1402 1510 1559 1603 1558 1509 1508 1557 1556 1601 1602 -1
GCP,adapt_p48-18968510422141_a11-25_154_map.h5,26.8682,10,479,1074,41.810314:11.250000,1468,True,13,13,1414,0.999999,26.6384,0,0.0125987,1469 1469 1416 1415 1356 1357 1470 1521 1468 1414 1413 1355 -1
GCP,adapt_p60-00000000000001_a45-0_581_map.h5,26.8804,10,486,1124,30.000000:45.000000,1301,True,10,10,1238,0.999999,18.4887,0,0.0123474,1237 1237 1175 1174 1238 1239 1302 1301 1300 -1
GCP,adapt_p35-659087696138755_a315-0_109_map.h5,27.891,10,584,737,54.340912:315.000000,1605,True,11,11,1605,0.999999,20.3305,0,0.0127921,1606 1606 1562 1561 1560 1604 1645 1646 1605 1647 -1
GCP,adapt_p35-659087696138755_a135-0_158_map.h5,27.8504,10,328,785,54.340912:135.000000,1583,True,18,13,1584,0.999995,25.9902,0,0.0123959,1626 1626 1625 1537 1583 1538 1539 1585 1584 1627 1628 1665 -1
GCP,adapt_p70-52877936550931_a281-24999999999994_211_map.h5,26.8092,10,423,1137,19.471220:281.250000,1217,True,22,13,1217,0.999144,25.5456,0,0.0125735,1152 1152 1218 1217 1151 1216 1279 1278 1215 1150 1149 1214 -1
GCP,adapt_p70-52877936550931_a258-75_309_map.h5,26.8834,10,602,1051,19.471220:258.750000,1213,True,12,12,1214,0.999999,24.8741,0,0.0123593,1277 1214 1149 1150 1215 1213 1148 1212 1275 1276 1277 -1
GCP,adapt_p80-40593177313954_a45-0_565_map.h5,25.6225,10,158,1480,9.594069:45.000000,1042,True,51,12,1173,0.964451,24.4483,0,0.0132332,1042 1041 1107 1174 1173 1236 1235 1171 1172 1106 1040 -1
GCP,adapt_p80-40593177313954_a22-5_196_map.h5,27.8468,10,483,755,9.594069:22.500000,1038,True,16,13,1039,0.999985,25.9215,0,0.0129526,970 970 971 1038 1037 1104 1105 1039 972 1106 1040 973 -1
GCP,adapt_p48-18968510422141_a348-74999999999994_538_map.h5,25.8718,10,690,1507,41.810314:348.750000,1517,True,7,7,1465,0.999999,11.1575,0,0.0129895,1517 1517 1464 1516 1465 1466 -1
GCP,adapt_p48-18968510422141_a191-25_39_map.h5,25.3323,10,116,1521,41.810314:191.250000,1494,False,94,10,1497,0.962734,23.3475,0,0.0142699,1276 1445 1498 1547 1546 1496 1443 1497 1444 -1
GCP,adapt_p60-00000000000001_a202-49999999999997_562_map.h5,27.8834,10,568,751,30.000000:202.500000,1328,True,12,12,1327,0.999999,23.2768,0,0.0124313,1265 1265 1264 1326 1327 1328 1266 1267 1387 1386 1385 -1
GCP,adapt_p70-52877936550931_a326-24999999999994_456_map.h5,26.6961,10,99,1120,19.471220:326.250000,1225,True,41,12,1348,0.98905,24.1563,0,0.0127162,1350 1289 1226 1225 1288 1349 1348 1347 1286 1287 1224 -1
GCP,adapt_p80-40593177313954_a157-5_113_map.h5,25.5947,10,240,1459,9.594069:157.500000,1063,True,53,12,1128,0.980558,25.072,0,0.0130638,994 1062 1060 1126 1061 1127 1193 1128 1129 1063 995 -1
GCP,adapt_p80-40593177313954_a180-0_461_map.h5,28.8292,10,330,350,9.594069:180.000000,1067,True,19,14,1068,0.999959,27.9659,0,0.0126083,1135 1135 1134 1069 1070 1002 1001 1068 1000 1067 1133 1132 1066 -1
GCP,adapt_p48-18968510422141_a258-75_455_map.h5,26.8844,10,535,1186,41.810314:258.750000,1504,True,11,11,1503,0.999999,20.3582,0,0.0124457,1451 1451 1452 1504 1554 1553 1503 1552 1502 1450 -1
GCP,adapt_p60-00000000000001_a270-0_109_map.h5,27.8884,10,670,749,30.000000:270.000000,1339,True,9,9,1339,0.999999,15.443,0,0.0124145,1277 1277 1338 1396 1397 1339 1278 1340 -1
GCP,adapt_p48-18968510422141_a11-25_571_map.h5,27.8811,10,556,764,41.810314:11.250000,1468,True,9,9,1414,0.999999,16.0649,0,0.0126649,1468 1468 1413 1467 1414 1469 1521 1520 -1
GCP,adapt_p48-18968510422141_a11-25_535_map.h5,23.7265,10,111,1793,41.810314:11.250000,1468,False,197,11,1716,0.678826,23.3549,0,0.0161689,1571 1687 1717 1685 1684 1648 1647 1683 1715 1716 -1
GCP,adapt_p23-556464309101234_a292-5_319_map.h5,28.8433,10,215,394,66.443535:292.500000,1712,True,18,14,1681,0.999996,27.3599,0,0.0124671,1682 1682 1646 1645 1681 1714 1740 1739 1713 1712 1680 1644 1643 -1
GCP,adapt_p60-00000000000001_a224-99999999999997_299_map.h5,26.79,10,197,1170,30.000000:225.000000,1331,True,24,13,1390,0.998773,25.2853,0,0.0128223,1330 1330 1331 1270 1332 1333 1391 1390 1447 1446 1389 1388 -1
GCP,adapt_p60-00000000000001_a135-0_54_map.h5,25.8881,10,736,1450,30.000000:135.000000,1316,True,9,9,1375,0.999999,15.5944,0,0.01272,1376 1376 1317 1316 1375 1433 1432 1374 -1
GCP,adapt_p35-659087696138755_a255-00000000000003_159_map.h5,27.8241,10,384,735,54.340912:255.000000,1598,True,18,13,1598,0.999993,25.3831,0,0.0127056,1553 1553 1552 1596 1597 1639 1598 1640 1641 1600 1599 1554 -1
GCP,adapt_p80-40593177313954_a315-0_482_map.h5,25.5845,10,70,1076,9.594069:315.000000,1093,False,214,11,1173,0.719276,25.2802,0,0.0168325,981 911 842 841 910 1174 1173 1107 1106 1172 -1
GCP,adapt_p48-18968510422141_a191-25_120_map.h5,25.8734,10,769,1455,41.810314:191.250000,1494,True,10,10,1494,0.999999,17.9004,0,0.012371,1442 1442 1495 1545 1544 1494 1441 1493 1440 -1
GCP,adapt_p80-40593177313954_a292-5_474_map.h5,27.7722,10,364,765,9.594069:292.500000,1088,True,27,13,1089,0.998373,25.6451,0,0.0125809,1091 1091 1090 1156 1155 1089 1021 1020 1088 1154 1087 1153 -1
GCP,adapt_p80-40593177313954_a337-49999999999994_513_map.h5,25.7212,10,207,1509,9.594069:337.500000,1097,True,36,13,1098,0.994953,25.4648,0,0.0126332,1100 1100 1165 1099 1031 1030 1098 1164 1163 1097 1029 1096 -1
GCP,adapt_p60-00000000000001_a202-49999999999997_310_map.h5,26.7872,10,207,1162,30.000000:202.500000,1328,True,26,13,1204,0.99951,25.1494,0,0.0125988,1268 1268 1205 1139 1138 1203 1204 1267 1329 1328 1266 1265 -1
GCP,adapt_p48-18968510422141_a348-74999999999994_375_map.h5,26.7653,10,227,1176,41.810314:348.750000,1517,True,33,13,1466,0.996174,25.3268,0,0.0125359,1409 1409 1410 1411 1412 1466 1465 1517 1566 1518 1467 1413 -1
GCP,adapt_p23-556464309101234_a112-5_330_map.h5,27.8799,10,477,704,66.443535:112.500000,1697,True,10,10,1726,0.999998,17.8328,0,0.0128807,1725 1725 1696 1662 1697 1698 1727 1726 1751 -1
GCP,adapt_p70-52877936550931_a11-25_270_map.h5,28.8663,10,347,383,19.471220:11.250000,1169,True,13,13,1169,0.999999,26.3118,0,0.0124787,1231 1231 1101 1167 1293 1168 1102 1103 1169 1232 1233 1170 -1
GCP,adapt_p48-18968510422141_a146-25_574_map.h5,26.8891,10,507,1191,41.810314:146.250000,1488,True,10,10,1487,0.999999,17.9674,0,0.0126377,1488 1488 1435 1434 1433 1486 1537 1487 1538 -1
GCP,adapt_p80-40593177313954_a224-99999999999997_259_map.h5,27.8757,10,432,762,9.594069:225.000000,1076,True,12,12,1076,0.999999,23.5474,0,0.0130735,1142 1142 1143 1141 1075 1008 1076 1009 1077 1010 1078 -1
GCP,adapt_p23-556464309101234_a247-49999999999997_99_map.h5,26.8255,10,421,1156,66.443535:247.500000,1708,True,20,13,1707,0.999929,25.4821,0,0.0132463,1735 1735 1734 1733 1706 1673 1674 1707 1736 1709 1708 1675 -1
GCP,adapt_p48-18968510422141_a168-74999999999997_66_map.h5,26.8209,10,473,1081,41.810314:168.750000,1491,True,17,12,1438,0.999994,23.0921,0,0.0129449,1437 1437 1438 1439 1493 1543 1492 1542 1491 1490 1541 -1
GCP,adapt_p70-52877936550931_a78-75_380_map.h5,26.7931,10,266,1112,19.471220:78.750000,1181,True,28,13,1180,0.999151,24.8867,0,0.0127598,1242 1242 1179 1113 1114 1180 1243 1244 1181 1115 1116 1182 -1
GCP,adapt_p23-556464309101234_a112-5_412_map.h5,27.8834,10,569,773,66.443535:112.500000,1697,True,11,11,1697,0.999999,20.1709,0,0.0124275,1696 1696 1661 1662 1697 1663 1698 1727 1726 1725 -1
GCP,adapt_p70-52877936550931_a236-25_260_map.h5,26.8491,10,411,1103,19.471220:236.250000,1209,True,17,13,1271,0.999995,25.6529,0,0.0127173,1208 1208 1207 1270 1332 1333 1271 1272 1209 1144 1273 1210 -1
GCP,adapt_p60-00000000000001_a292-5_535_map.h5,25.5176,10,166,1525,30.000000:292.500000,1343,True,67,12,1220,0.966584,24.6769,0,0.013234,1157 1221 1283 1220 1155 1219 1218 1281 1342 1282 1343 -1
GCP,adapt_p70-52877936550931_a326-24999999999994_365_map.h5,27.785,10,218,764,19.471220:326.250000,1225,True,27,13,1287,0.999747,25.3272,0,0.0128301,1288 1288 1349 1348 1287 1347 1346 1285 1286 1223 1224 1225 -1
GCP,adapt_p35-659087696138755_a105-0_472_map.h5,23.1434,10,80,1096,54.340912:105.000000,1579,False,641,7,1364,0.525709,22.1242,0,0.0523934,1450 1421 1364 1422 1423 1365 -1
GCP,adapt_p70-52877936550931_a78-75_336_map.h5,27.8393,10,377,821,19.471220:78.750000,1181,True,20,14,1115,0.999954,27.7903,0,0.0125219,1182 1182 1246 1245 1244 1243 1180 1114 1048 1049 1116 1115 1181 -1
GCP,adapt_p35-659087696138755_a14-999999999999998_275_map.h5,28.8897,10,551,396,54.340912:15.000000,1568,True,7,7,1568,0.999999,10.7367,0,0.0131163,1613 1613 1612 1567 1568 1569 -1
GCP,adapt_p35-659087696138755_a344-99999999999994_36_map.h5,27.8965,10,593,750,54.340912:345.000000,1609,True,9,9,1609,0.999999,15.9709,0,0.012247,1649 1649 1607 1648 1608 1565 1609 1650 -1
GCP,adapt_p23-556464309101234_a292-5_131_map.h5,25.8519,10,377,1532,66.443535:292.500000,1712,True,13,13,1712,0.999998,25.4926,0,0.0129148,1713 1713 1712 1711 1738 1739 1681 1680 1644 1643 1679 1678 -1
GCP,adapt_p35-659087696138755_a255-00000000000003_383_map.h5,27.8354,10,334,795,54.340912:255.000000,1598,True,13,13,1597,0.999999,25.1222,0,0.012431,1638 1638 1596 1597 1552 1553 1598 1640 1639 1675 1676 1677 -1
GCP,adapt_p48-18968510422141_a281-24999999999994_483_map.h5,25.8331,10,433,1551,41.810314:281.250000,1507,True,16,12,1509,0.99992,24.3894,0,0.0127314,1456 1457 1458 1510 1559 1558 1509 1508 1557 1507 1456 -1
GCP,adapt_p35-659087696138755_a14-999999999999998_311_map.h5,25.759,10,259,1513,54.340912:15.000000,1568,True,28,13,1569,0.999649,25.0504,0,0.0128316,1612 1612 1613 1614 1570 1523 1522 1569 1568 1567 1520 1521 -1
GCP,adapt_p23-556464309101234_a292-5_55_map.h5,27.8619,10,355,782,66.443535:292.500000,1712,True,13,13,1712,0.999999,25.9385,0,0.0128594,1711 1711 1680 1681 1713 1712 1679 1710 1737 1738 1739 1761 -1
GCP,adapt_p35-659087696138755_a224-99999999999997_224_map.h5,25.3216,10,141,1521,54.340912:225.000000,1594,True,88,12,1499,0.984022,24.9479,0,0.0132135,1638 1550 1500 1447 1446 1498 1548 1499 1549 1594 1595 -1
GCP,adapt_p23-556464309101234_a337-5_228_map.h5,25.8784,10,724,1480,66.443535:337.500000,1716,True,10,10,1716,0.999998,17.6038,0,0.0124346,1742 1742 1741 1715 1683 1684 1716 1717 1685 -1
GCP,adapt_p60-00000000000001_a180-0_187_map.h5,26.8312,10,330,1043,30.000000:180.000000,1324,True,18,13,1324,0.999972,25.6732,0,0.0126084,1325 1325 1264 1326 1263 1262 1261 1323 1324 1382 1381 1322 -1
GCP,adapt_p35-659087696138755_a344-99999999999994_484_map.h5,25.8007,10,245,1545,54.340912:345.000000,1609,True,24,13,1609,0.999831,25.0184,0,0.0131539,1566 1566 1610 1611 1650 1609 1565 1564 1608 1649 1648 1607 -1
GCP,adapt_p60-00000000000001_a224-99999999999997_432_map.h5,25.661,10,153,1531,30.000000:225.000000,1331,False,42,13,1271,0.990946,25.5687,0,0.0127814,1143 1143 1209 1272 1333 1271 1208 1207 1270 1332 1269 1206 -1
GCP,adapt_p35-659087696138755_a105-0_187_map.h5,27.8783,10,483,771,54.340912:105.000000,1579,True,11,11,1623,0.999998,20.1936,0,0.0124708,1622 1622 1578 1579 1580 1623 1661 1662 1624 1581 -1
GCP,adapt_p35-659087696138755_a344-99999999999994_31_map.h5,28.862,10,369,368,54.340912:345.000000,1609,True,13,13,1609,0.999998,25.9492,0,0.0127901,1650 1650 1566 1610 1611 1609 1565 1564 1608 1649 1648 1607 -1
GCP,adapt_p70-52877936550931_a236-25_79_map.h5,26.8513,10,431,1158,19.471220:236.250000,1209,True,16,13,1209,0.999991,25.1319,0,0.0125505,1271 1271 1208 1143 1144 1145 1210 1209 1272 1273 1334 1335 -1
GCP,adapt_p60-00000000000001_a0-0_338_map.h5,27.848,10,391,762,30.000000:0.000000,1294,True,16,13,1294,0.999997,25.7877,0,0.0128443,1292 1292 1293 1294 1231 1295 1354 1411 1353 1291 1352 1410 -1
GCP,adapt_p48-18968510422141_a191-25_321_map.h5,25.8322,10,362,1406,41.810314:191.250000,1494,True,20,13,1441,0.999962,25.2649,0,0.012569,1385 1385 1326 1384 1441 1442 1494 1493 1492 1439 1440 1383 -1
GCP,adapt_p80-40593177313954_a0-0_477_map.h5,28.8761,10,450,370,9.594069:0.000000,1034,True,13,13,1034,0.999999,25.9382,0,0.0127184,1035 1035 1102 1036 1101 1034 967 1033 1100 1166 1165 1099 -1
GCP,adapt_p70-52877936550931_a11-25_387_map.h5,26.5878,10,82,1098,19.471220:11.250000,1169,True,49,12,1234,0.988282,25.4714,0,0.0130334,1236 1298 1235 1297 1296 1234 1171 1170 1233 1232 1169 -1
GCP,adapt_p80-40593177313954_a90-0_293_map.h5,27.7289,10,213,760,9.594069:90.000000,1051,True,33,13,1051,0.998048,25.7326,0,0.0129041,985 985 1052 1118 1117 1051 984 983 1050 1116 982 1049 -1
GCP,adapt_p70-52877936550931_a258-75_528_map.h5,25.8757,10,742,1489,19.471220:258.750000,1213,True,12,12,1213,0.999998,23.0584,0,0.0131225,1214 1214 1148 1147 1212 1213 1276 1277 1215 1150 1149 -1
GCP,adapt_p70-52877936550931_a168-74999999999997_34_map.h5,27.8663,10,471,673,19.471220:168.750000,1197,True,12,12,1197,0.999999,23.3013,0,0.0124598,1132 1132 1133 1131 1130 1196 1259 1260 1197 1198 1261 -1
GCP,adapt_p48-18968510422141_a78-75_94_map.h5,27.874,10,542,753,41.810314:78.750000,1478,True,12,12,1529,0.999998,23.0263,0,0.0127932,1477 1477 1528 1476 1423 1424 1478 1479 1530 1529 1576 -1
GCP,adapt_p60-00000000000001_a315-0_236_map.h5,27.8764,10,383,724,30.000000:315.000000,1346,True,10,10,1347,0.999999,18.2232,0,0.0124005,1286 1286 1348 1287 1347 1405 1404 1346 1285 -1
GCP,adapt_p70-52877936550931_a168-74999999999997_504_map.h5,27.8241,10,365,789,19.471220:168.750000,1197,True,20,13,1197,0.999925,26.0662,0,0.0126324,1260 1260 1198 1261 1133 1066 1132 1197 1131 1130 1196 1259 -1
GCP,adapt_p11-715852394892384_a315-0_333_map.h5,25.1247,10,87,1102,78.284149:315.000000,1778,False,312,10,1730,0.362091,23.9181,0,0.0219214,1634 1731 1755 1789 1788 1754 1730 1729 1696 -1
GCP,adapt_p60-00000000000001_a315-0_475_map.h5,27.8812,10,486,738,30.000000:315.000000,1346,True,10,10,1404,0.999999,18.4674,0,0.0126072,1347 1347 1285 1286 1346 1345 1403 1404 1405 -1
GCP,adapt_p48-18968510422141_a101-24999999999999_439_map.h5,25.8792,10,761,1532,41.810314:101.250000,1481,True,8,8,1481,0.999998,13.0599,0,0.0126385,1482 1482 1533 1532 1481 1427 1428 -1
GCP,adapt_p23-556464309101234_a337-5_394_map.h5,28.886,10,365,309,66.443535:337.500000,1716,True,12,12,1742,0.999999,23.8771,0,0.0128012,1717 1717 1687 1684 1685 1716 1743 1764 1742 1741 1715 -1
GCP,adapt_p80-40593177313954_a22-5_21_map.h5,26.1405,10,143,1060,9.594069:22.500000,1038,False,124,12,1296,0.929279,24.9948,0,0.0141468,1293 1232 1169 1170 1234 1297 1233 1296 1355 1354 1295 -1
GCP,adapt_p60-00000000000001_a180-0_315_map.h5,25.7683,10,222,1469,30.000000:180.000000,1324,True,22,12,1325,0.999524,24.1015,0,0.0124887,1263 1325 1383 1382 1324 1262 1263 1264 1326 1384 1385 -1
GCP,adapt_p48-18968510422141_a56-24999999999999_433_map.h5,27.8613,10,473,694,41.810314:56.250000,1475,True,10,10,1420,0.999999,18.4471,0,0.0124341,1475 1475 1526 1525 1473 1419 1474 1421 1420 -1
GCP,adapt_p48-18968510422141_a146-25_458_map.h5,26.8243,10,239,1139,41.810314:146.250000,1488,True,20,13,1538,0.999949,25.3099,0,0.0125489,1488 1488 1434 1487 1486 1537 1536 1583 1584 1538 1539 1585 -1
GCP,adapt_p70-52877936550931_a348-74999999999994_68_map.h5,27.8873,10,525,695,19.471220:348.750000,1229,True,9,9,1229,0.999999,15.6838,0,0.0124658,1165 1165 1166 1230 1229 1164 1228 1163 -1
GCP,adapt_p60-00000000000001_a180-0_319_map.h5,27.8009,10,223,741,30.000000:180.000000,1324,True,24,13,1325,0.999642,25.1724,0,0.0129132,1263 1263 1262 1324 1325 1326 1385 1384 1441 1440 1383 1382 -1
GCP,adapt_p23-556464309101234_a247-49999999999997_128_map.h5,28.8147,10,263,381,66.443535:247.500000,1708,True,22,14,1735,0.999958,27.4052,0,0.0131032,1676 1676 1675 1674 1707 1734 1758 1735 1708 1709 1736 1759 1737 -1
GCP,adapt_p35-659087696138755_a14-999999999999998_141_map.h5,25.8997,10,92,1073,54.340912:15.000000,1568,True,178,11,1569,0.963172,25.1456,0,0.0158892,1740 1521 1520 1567 1568 1612 1613 1569 1522 1570 -1
GCP,adapt_p11-715852394892384_a315-0_255_map.h5,27.8574,10,426,785,78.284149:315.000000,1778,True,14,14,1762,0.999998,27.8558,0,0.0134052,1763 1763 1778 1777 1790 1791 1779 1762 1761 1760 1739 1740 1741 -1
GCP,adapt_p60-00000000000001_a45-0_65_map.h5,27.8114,10,244,757,30.000000:45.000000,1301,True,22,13,1302,0.999519,25.249,0,0.0124189,1360 1360 1301 1238 1239 1302 1361 1303 1304 1363 1362 1420 -1
GCP,adapt_p60-00000000000001_a90-0_547_map.h5,26.8841,10,443,1145,30.000000:90.000000,1309,True,12,12,1309,0.999999,23.4479,0,0.0126424,1368 1368 1308 1245 1307 1367 1309 1246 1247 1310 1369 -1
GCP,adapt_p70-52877936550931_a236-25_33_map.h5,27.8094,10,377,783,19.471220:236.250000,1209,True,22,14,1209,0.999573,27.8114,0,0.0123985,1272 1272 1210 1273 1274 1211 1145 1144 1209 1208 1143 1142 1207 -1
GCP,adapt_p11-715852394892384_a225-0_74_map.h5,25.8031,10,301,1494,78.284149:225.000000,1774,True,25,13,1756,0.999754,25.3659,0,0.0127308,1705 1705 1732 1756 1757 1734 1733 1704 1731 1755 1773 1774 -1
GCP,adapt_p23-556464309101234_a247-49999999999997_268_map.h5,27.8471,10,516,723,66.443535:247.500000,1708,True,11,11,1675,0.999999,20.156,0,0.0126443,1708 1708 1709 1676 1677 1640 1639 1638 1675 1674 -1
GCP,adapt_p35-659087696138755_a105-0_567_map.h5,28.8563,10,329,362,54.340912:105.000000,1579,True,15,14,1579,0.999994,27.8639,0,0.0125113,1580 1580 1533 1532 1578 1579 1622 1660 1661 1623 1581 1624 1662 -1
GCP,adapt_p35-659087696138755_a14-999999999999998_584_map.h5,28.9005,10,508,406,54.340912:15.000000,1568,True,7,7,1568,0.999999,10.7359,0,0.0123206,1613 1613 1612 1567 1568 1569 -1
GCP,adapt_p60-00000000000001_a135-0_12_map.h5,26.173,10,113,1042,30.000000:135.000000,1316,False,115,12,1371,0.672911,25.6562,0,0.0138043,1369 1370 1428 1429 1371 1312 1372 1375 1376 1433 1434 -1
GCP,adapt_p80-40593177313954_a135-0_591_map.h5,25.3467,10,122,1583,9.594069:135.000000,1059,True,88,11,1061,0.853868,22.6288,0,0.0130737,1057 1059 992 993 1060 1127 1061 994 1062 1128 -1
GCP,adapt_p60-00000000000001_a22-5_564_map.h5,27.8282,10,289,788,30.000000:22.500000,1298,True,18,13,1298,0.99996,25.5381,0,0.0126352,1296 1296 1233 1234 1297 1356 1298 1235 1236 1299 1358 1357 -1
GCP,adapt_p48-18968510422141_a101-24999999999999_78_map.h5,27.8912,10,602,726,41.810314:101.250000,1481,True,9,9,1481,0.999999,16.0054,0,0.0125492,1482 1482 1429 1483 1533 1481 1427 1428 -1
GCP,adapt_p48-18968510422141_a101-24999999999999_344_map.h5,26.8822,10,653,1097,41.810314:101.250000,1481,True,11,11,1427,0.999999,20.4976,0,0.0125447,1481 1481 1428 1429 1482 1533 1532 1480 1426 1427 -1
GCP,adapt_p23-556464309101234_a292-5_475_map.h5,25.6169,10,155,1513,66.443535:292.500000,1712,True,56,12,1710,0.982582,24.1463,0,0.0128819,1735 1709 1736 1737 1710 1677 1678 1711 1738 1712 1679 -1
GCP,adapt_p11-715852394892384_a45-0_324_map.h5,25.4877,10,95,1111,78.284149:45.000000,1766,False,232,10,1232,0.891099,23.3783,0,0.0178172,910 1298 1234 1297 1233 1296 1295 1232 1231 -1
GCP,adapt_p70-52877936550931_a78-75_245_map.h5,28.8312,10,227,391,19.471220:78.750000,1181,True,22,14,1181,0.999972,27.7526,0,0.0125811,1180 1180 1114 1179 1243 1244 1181 1115 1116 1182 1245 1246 1183 -1
GCP,adapt_p70-52877936550931_a101-24999999999999_393_map.h5,26.8783,10,627,1118,19.471220:101.250000,1185,True,10,10,1186,0.999999,18.5814,0,0.0124746,1250 1250 1249 1248 1185 1186 1251 1188 1187 -1
GCP,adapt_p48-18968510422141_a78-75_302_map.h5,25.8835,10,706,1487,41.810314:78.750000,1478,True,10,10,1478,0.999999,17.8747,0,0.015274,1425 1425 1424 1423 1477 1529 1530 1478 1479 -1
GCP,adapt_p70-52877936550931_a303-75_407_map.h5,28.8812,10,447,372,19.471220:303.750000,1221,True,12,12,1156,0.999999,23.0119,0,0.0125504,1220 1220 1156 1157 1222 1221 1283 1282 1219 1154 1155 -1
GCP,adapt_p35-659087696138755_a75-0_556_map.h5,27.8203,10,355,748,54.340912:75.000000,1576,True,19,14,1576,0.999996,27.5245,0,0.0124448,1619 1619 1658 1620 1577 1530 1529 1576 1575 1528 1527 1574 1618 -1
GCP,adapt_p60-00000000000001_a0-0_486_map.h5,27.8743,10,634,712,30.000000:0.000000,1294,True,9,9,1294,0.999999,15.6663,0,0.0124344,1354 1354 1411 1353 1294 1293 1231 1295 -1
GCP,adapt_p48-18968510422141_a303-75_38_map.h5,25.8231,10,381,1528,41.810314:303.750000,1510,True,20,12,1459,0.999898,24.2077,0,0.0126588,1460 1512 1561 1560 1511 1460 1459 1403 1458 1510 1559 -1
GCP,adapt_p80-40593177313954_a112-49999999999999_276_map.h5,27.8592,10,396,759,9.594069:112.500000,1055,True,16,13,1055,0.999998,26.1011,0,0.0125769,1054 1054 988 987 1055 1120 1121 1122 1056 989 1057 1123 -1
GCP,adapt_p60-00000000000001_a45-0_83_map.h5,25.4988,10,128,1547,30.000000:45.000000,1301,True,73,12,1360,0.955914,24.4892,0,0.0130187,1303 1302 1361 1419 1473 1417 1359 1300 1301 1360 1418 -1
GCP,adapt_p70-52877936550931_a236-25_254_map.h5,27.8563,10,570,728,19.471220:236.250000,1209,True,16,13,1209,0.999995,26.1131,0,0.0125367,1143 1143 1207 1271 1208 1144 1209 1272 1273 1210 1145 1211 -1
GCP,adapt_p23-556464309101234_a292-5_209_map.h5,27.8891,10,521,734,66.443535:292.500000,1712,True,10,10,1739,0.999998,18.2668,0,0.0127226,1712 1712 1713 1711 1738 1739 1740 1762 1761 -1
GCP,adapt_p60-00000000000001_a45-0_461_map.h5,28.3275,10,102,365,30.000000:45.000000,1301,True,97,11,1301,0.974701,26.6,0,0.01331,1783 1301 1238 1237 1300 1359 1360 1361 1302 1239 -1
GCP,adapt_p60-00000000000001_a0-0_303_map.h5,26.8901,10,596,1061,30.000000:0.000000,1294,True,12,12,1295,0.999999,23.4823,0,0.0126686,1354 1354 1353 1411 1294 1293 1231 1295 1355 1296 1232 -1
GCP,adapt_p48-18968510422141_a123-74999999999999_159_map.h5,27.8923,10,450,752,41.810314:123.750000,1484,True,11,11,1485,0.999999,21.0263,0,0.0124305,1431 1431 1430 1432 1433 1486 1485 1536 1484 1535 -1
GCP,adapt_p23-556464309101234_a112-5_195_map.h5,27.8471,10,394,785,66.443535:112.500000,1697,True,16,14,1697,0.999996,27.4107,0,0.0126633,1726 1726 1698 1663 1697 1662 1624 1623 1661 1696 1725 1724 1695 -1
GCP,adapt_p35-659087696138755_a285-0_200_map.h5,25.8524,10,456,1471,54.340912:285.000000,1601,True,13,12,1601,0.999998,22.7488,0,0.012444,1600 1600 1555 1506 1507 1556 1557 1601 1642 1643 1602 -1
GCP,adapt_p48-18968510422141_a213-75_404_map.h5,27.8395,10,352,767,41.810314:213.750000,1497,True,17,13,1499,0.999993,25.8341,0,0.013346,1500 1500 1550 1499 1446 1447 1549 1548 1547 1497 1498 1445 -1
GCP,adapt_p80-40593177313954_a135-0_531_map.h5,26.8394,10,604,1157,9.594069:135.000000,1059,True,15,13,1059,0.999995,25.5055,0,0.0124243,1125 1125 1124 1123 1122 1056 1057 1058 1059 1126 1060 992 -1
GCP,adapt_p80-40593177313954_a337-49999999999994_392_map.h5,27.8883,10,540,750,9.594069:337.500000,1097,True,12,12,1096,0.999998,23.4545,0,0.0125268,1029 1029 1028 1095 1161 1162 1096 1030 1098 1097 1163 -1
GCP,adapt_p60-00000000000001_a22-5_67_map.h5,27.8524,10,408,721,30.000000:22.500000,1298,True,13,13,1298,0.999998,25.6796,0,0.012358,1235 1235 1297 1356 1296 1233 1234 1298 1357 1358 1299 1236 -1
GCP,adapt_p48-18968510422141_a78-75_208_map.h5,25.8169,10,269,1451,41.810314:78.750000,1478,True,21,13,1425,0.999635,25.3241,0,0.0129097,1480 1480 1427 1426 1425 1479 1531 1530 1478 1424 1477 1423 -1
GCP,adapt_p35-659087696138755_a224-99999999999997_20_map.h5,28.6471,10,110,380,54.340912:225.000000,1594,True,48,13,1636,0.997079,26.5135,0,0.0126597,1592 1593 1635 1672 1636 1594 1595 1637 1674 1707 1673 1706 -1
GCP,adapt_p80-40593177313954_a45-0_568_map.h5,27.8711,10,476,665,9.594069:45.000000,1042,True,15,13,1043,0.999998,26.9422,0,0.012654,1044 976 975 1042 1041 1108 1109 1043 1044 1111 1110 1176 -1
GCP,adapt_p48-18968510422141_a191-25_333_map.h5,25.6479,10,238,1456,41.810314:191.250000,1494,True,44,12,1440,0.981052,23.8639,0,0.0129191,1589 1544 1494 1441 1384 1383 1440 1493 1543 1492 1439 -1
GCP,adapt_p23-556464309101234_a67-5_460_map.h5,26.8391,10,280,1094,66.443535:67.500000,1693,True,19,13,1657,0.999989,25.1053,0,0.0126349,1692 1692 1691 1655 1617 1656 1657 1618 1619 1658 1693 1694 -1
GCP,adapt_p60-00000000000001_a67-5_70_map.h5,27.8833,10,522,692,30.000000:67.500000,1305,True,10,10,1306,0.999998,18.1652,0,0.0124457,1243 1243 1307 1244 1306 1365 1364 1305 1242 -1
GCP,adapt_p80-40593177313954_a45-0_245_map.h5,25.8238,10,437,1493,9.594069:45.000000,1042,True,17,13,1043,0.999923,25.4052,0,0.0129411,1042 1042 1041 1108 1109 1043 1110 1044 1045 1111 1112 1046 -1
GCP,adapt_p48-18968510422141_a303-75_213_map.h5,27.8784,10,522,749,41.810314:303.750000,1510,True,12,12,1510,0.999998,23.1319,0,0.0124546,1459 1459 1403 1460 1511 1560 1559 1510 1458 1509 1457 -1
GCP,adapt_p60-00000000000001_a292-5_478_map.h5,26.8345,10,457,1049,30.000000:292.500000,1343,True,18,13,1401,0.999992,25.8109,0,0.01325,1457 1457 1458 1402 1345 1344 1343 1342 1401 1400 1456 1399 -1
GCP,adapt_p70-52877936550931_a281-24999999999994_18_map.h5,26.8353,10,494,1109,19.471220:281.250000,1217,True,17,13,1153,0.999949,25.5731,0,0.0124427,1219 1219 1220 1155 1154 1218 1217 1216 1151 1152 1153 1088 -1
GCP,adapt_p80-40593177313954_a135-0_406_map.h5,25.4869,10,206,1444,9.594069:135.000000,1059,True,68,11,1060,0.973022,23.5042,0,0.0128911,1121 1058 1059 992 993 1060 1126 1061 994 1062 -1
GCP,adapt_p60-00000000000001_a45-0_204_map.h5,25.8313,10,195,1443,30.000000:45.000000,1301,True,20,13,1360,0.99996,25.4922,0,0.0124678,1302 1302 1360 1301 1238 1237 1300 1359 1418 1419 1361 1362 -1
GCP,adapt_p60-00000000000001_a0-0_459_map.h5,25.8184,10,188,1503,30.000000:0.000000,1294,True,23,13,1354,0.999861,25.3971,0,0.0134483,1296 1296 1295 1355 1356 1414 1413 1467 1412 1354 1411 1294 -1
GCP,adapt_p60-00000000000001_a315-0_522_map.h5,27.8945,10,603,739,30.000000:315.000000,1346,True,8,8,1346,0.999999,13.2517,0,0.0122736,1347 1347 1286 1285 1345 1346 1404 -1
GCP,adapt_p60-00000000000001_a157-5_515_map.h5,27.8791,10,430,729,30.000000:157.500000,1320,True,14,13,1320,0.999999,27.2755,0,0.0126306,1379 1380 1321 1379 1378 1320 1258 1257 1319 1435 1377 1318 -1
GCP,adapt_p80-40593177313954_a157-5_23_map.h5,28.8132,10,198,370,9.594069:157.500000,1063,True,22,14,1129,0.999783,28.5803,0,0.0125489,1130 1130 1195 1258 1196 1064 1129 1063 995 1062 1128 1194 1193 -1
GCP,adapt_p70-52877936550931_a213-75_424_map.h5,28.8863,10,389,369,19.471220:213.750000,1205,True,11,11,1204,0.999999,20.2816,0,0.012516,1267 1267 1268 1205 1140 1139 1204 1138 1203 1266 -1
GCP,adapt_p80-40593177313954_a224-99999999999997_347_map.h5,25.2634,10,103,1102,9.594069:225.000000,1076,False,271,9,1014,0.767211,25.1398,0,0.0193956,1026 1083 1015 1082 1014 1081 1013 1206 -1
GCP,adapt_p48-18968510422141_a33-75_2_map.h5,27.8904,10,515,716,41.810314:33.750000,1471,True,11,11,1472,0.999999,20.5797,0,0.0124039,1471 1471 1523 1571 1524 1472 1417 1418 1473 1525 -1
GCP,adapt_p60-00000000000001_a0-0_156_map.h5,25.83,10,423,1493,30.000000:0.000000,1294,True,18,13,1294,0.999983,25.3966,0,0.0127696,1292 1292 1293 1231 1294 1353 1352 1410 1411 1354 1295 1232 -1
GCP,adapt_p80-40593177313954_a135-0_69_map.h5,26.7838,10,270,1117,9.594069:135.000000,1059,True,22,13,1059,0.999562,25.7034,0,0.0129819,991 991 992 1060 1126 1191 1125 1059 990 1057 1058 1124 -1
GCP,adapt_p48-18968510422141_a258-75_130_map.h5,27.8754,10,436,753,41.810314:258.750000,1504,True,10,10,1504,0.999999,17.905,0,0.0124321,1451 1451 1503 1553 1554 1504 1452 1505 1453 -1
GCP,adapt_p35-659087696138755_a45-0_239_map.h5,27.897,10,566,789,54.340912:45.000000,1572,True,8,8,1572,0.999999,12.8875,0,0.0128417,1573 1573 1617 1616 1572 1525 1526 -1
GCP,adapt_p70-52877936550931_a78-75_335_map.h5,25.8683,10,470,1491,19.471220:78.750000,1181,True,10,10,1115,0.999998,18.0316,0,0.0125379,1114 1114 1180 1181 1115 1048 1049 1116 1182 -1
GCP,adapt_p60-00000000000001_a315-0_17_map.h5,27.8928,10,643,755,30.000000:315.000000,1346,True,9,9,1346,0.999999,15.4367,0,0.0130358,1285 1285 1286 1347 1405 1404 1346 1345 -1
GCP,adapt_p80-40593177313954_a22-5_502_map.h5,25.7859,10,194,1464,9.594069:22.500000,1038,False,24,12,1036,0.999459,23.0649,0,0.0128983,1037 1037 969 968 1036 1103 1102 1101 1035 967 1034 -1
GCP,adapt_p60-00000000000001_a112-49999999999999_431_map.h5,26.8409,10,358,1159,30.000000:112.500000,1313,True,18,13,1313,0.999991,25.189,0,0.0129575,1314 1314 1373 1372 1313 1251 1250 1312 1311 1370 1371 1429 -1
GCP,adapt_p60-00000000000001_a135-0_196_map.h5,25.4127,10,194,1463,30.000000:135.000000,1316,False,86,12,1428,0.938291,25.3149,0,0.0130413,1621 1533 1481 1427 1370 1428 1429 1482 1534 1580 1579 -1
GCP,adapt_p48-18968510422141_a258-75_220_map.h5,25.5632,10,90,1161,41.810314:258.750000,1504,False,218,10,1015,0.700731,25.4812,0,0.0170573,1501 1014 1082 1083 1015 948 1016 954 955 -1
GCP,adapt_p48-18968510422141_a236-25_59_map.h5,25.1431,10,89,1574,41.810314:236.250000,1501,False,117,10,977,0.892047,20.0005,0,0.0137928,1107 1042 975 1043 976 1044 977 1045 978 -1
GCP,adapt_p23-556464309101234_a157-5_30_map.h5,28.8833,10,417,411,66.443535:157.500000,1701,True,13,13,1700,0.999998,25.8449,0,0.0125094,1666 1666 1699 1664 1665 1627 1628 1700 1728 1729 1701 1667 -1
GCP,adapt_p48-18968510422141_a101-24999999999999_163_map.h5,27.8743,10,227,745,41.810314:101.250000,1481,True,13,13,1428,0.999999,26.6149,0,0.0124596,1482 1482 1371 1429 1370 1369 1427 1428 1533 1481 1480 1426 -1
GCP,adapt_p60-00000000000001_a45-0_515_map.h5,26.8723,10,532,1116,30.000000:45.000000,1301,True,10,10,1301,0.999999,18.4669,0,0.012455,1302 1302 1360 1361 1301 1300 1237 1238 1239 -1
GCP,adapt_p70-52877936550931_a348-74999999999994_14_map.h5,25.8221,10,187,1471,19.471220:348.750000,1229,True,23,13,1230,0.999977,25.4145,0,0.01273,1293 1293 1292 1291 1228 1163 1164 1229 1230 1167 1166 1165 -1
GCP,adapt_p60-00000000000001_a315-0_574_map.h5,27.8898,10,534,699,30.000000:315.000000,1346,True,10,10,1347,0.999999,18.4654,0,0.0130398,1346 1346 1405 1404 1347 1348 1287 1286 1285 -1
GCP,adapt_p70-52877936550931_a123-74999999999999_498_map.h5,26.8634,10,428,1150,19.471220:123.750000,1189,True,15,13,1123,0.999998,25.7282,0,0.0124603,1190 1190 1125 1191 1124 1123 1122 1188 1251 1252 1189 1253 -1
GCP,adapt_p23-556464309101234_a202-5_121_map.h5,27.8782,10,456,752,66.443535:202.500000,1704,True,13,13,1704,0.999999,25.7412,0,0.0125702,1705 1705 1672 1671 1733 1732 1731 1703 1669 1704 1670 1633 -1
GCP,adapt_p48-18968510422141_a348-74999999999994_428_map.h5,27.8955,10,513,702,41.810314:348.750000,1517,True,10,10,1517,0.999999,18.3714,0,0.0123373,1465 1465 1518 1466 1517 1566 1565 1516 1464 -1
GCP,adapt_p80-40593177313954_a292-5_58_map.h5,25.5418,10,183,1518,9.594069:292.500000,1088,True,63,12,1021,0.994733,24.8759,0,0.0129953,1017 1086 1087 1019 953 1020 1088 1021 954 955 1022 -1
GCP,adapt_p23-556464309101234_a292-5_471_map.h5,24.8877,10,171,1528,66.443535:292.500000,1712,True,164,9,1713,0.900789,23.5382,0,0.014965,1536 1681 1680 1712 1713 1739 1740 1714 -1
GCP,adapt_p48-18968510422141_a191-25_375_map.h5,27.8968,10,579,696,41.810314:191.250000,1494,True,10,10,1494,0.999999,18.0147,0,0.0129913,1493 1493 1544 1545 1495 1442 1494 1441 1440 -1
GCP,adapt_p70-52877936550931_a303-75_300_map.h5,25.7809,10,217,1484,19.471220:303.750000,1221,True,24,12,1220,0.999707,23.0481,0,0.0128684,1282 1282 1283 1221 1157 1156 1090 1155 1220 1219 1154 -1
GCP,adapt_p70-52877936550931_a123-74999999999999_238_map.h5,26.8513,10,454,1121,19.471220:123.750000,1189,True,15,13,1190,0.999998,25.747,0,0.0124538,1124 1124 1191 1254 1192 1126 1125 1190 1253 1252 1189 1123 -1
GCP,adapt_p70-52877936550931_a348-74999999999994_50_map.h5,27.8162,10,388,755,19.471220:348.750000,1229,True,22,13,1228,0.999758,25.3875,0,0.0126353,1292 1292 1230 1229 1164 1163 1228 1291 1290 1227 1289 1226 -1
GCP,adapt_p80-40593177313954_a180-0_94_map.h5,27.8213,10,448,720,9.594069:180.000000,1067,True,13,13,1067,0.999998,25.5075,0,0.0125073,1133 1133 1132 1131 1065 998 1066 999 1067 1134 1068 1000 -1
GCP,adapt_p48-18968510422141_a281-24999999999994_40_map.h5,26.8856,10,667,1068,41.810314:281.250000,1507,True,9,9,1557,0.999998,15.615,0,0.0131693,1508 1508 1509 1558 1557 1507 1556 1601 -1
GCP,adapt_p11-715852394892384_a315-0_465_map.h5,27.8683,10,393,785,78.284149:315.000000,1778,True,13,13,1778,0.999999,25.1516,0,0.0125155,1763 1763 1780 1764 1779 1781 1791 1790 1777 1778 1762 1761 -1
GCP,adapt_p23-556464309101234_a157-5_426_map.h5,26.4336,10,83,1171,66.443535:157.500000,1701,False,79,12,1534,0.977389,24.9104,0,0.0141826,1626 1536 1582 1535 1484 1483 1534 1581 1580 1579 1533 -1
GCP,adapt_p70-52877936550931_a168-74999999999997_524_map.h5,28.7702,10,216,365,19.471220:168.750000,1197,True,31,14,1195,0.999633,27.8925,0,0.0125779,1197 1197 1131 1130 1196 1259 1195 1129 1128 1193 1194 1257 1258 -1
GCP,adapt_p11-715852394892384_a135-0_162_map.h5,26.8993,10,793,1116,78.284149:135.000000,1770,True,7,7,1771,0.999998,10.4469,0,0.0124505,1752 1752 1751 1770 1771 1753 -1
GCP,adapt_p80-40593177313954_a90-0_9_map.h5,27.8701,10,480,744,9.594069:90.000000,1051,True,12,12,1050,0.999999,23.2908,0,0.0126743,1049 1049 983 982 1050 1116 1117 1051 984 1052 1118 -1
GCP,adapt_p48-18968510422141_a258-75_472_map.h5,27.8764,10,570,749,41.810314:258.750000,1504,True,12,12,1450,0.999998,23.2928,0,0.0124092,1451 1451 1394 1452 1504 1503 1553 1552 1502 1450 1449 -1
GCP,adapt_p60-00000000000001_a22-5_0_map.h5,25.6891,10,181,1470,30.000000:22.500000,1298,True,40,13,1296,0.988718,25.4438,0,0.012698,1170 1170 1234 1298 1297 1356 1355 1296 1233 1232 1295 1231 -1
GCP,adapt_p48-18968510422141_a303-75_40_map.h5,27.773,10,168,756,41.810314:303.750000,1510,False,29,14,1346,0.999693,27.6864,0,0.0127536,1405 1405 1460 1404 1347 1286 1285 1346 1403 1345 1284 1283 1344 -1
GCP,adapt_p80-40593177313954_a292-5_224_map.h5,27.8689,10,658,737,9.594069:292.500000,1088,True,13,13,1154,0.999999,25.6414,0,0.0128503,1089 1089 1088 1087 1153 1218 1219 1154 1090 1156 1155 1220 -1
GCP,adapt_p60-00000000000001_a180-0_359_map.h5,27.8784,10,383,760,30.000000:180.000000,1324,True,13,13,1382,0.999999,25.8886,0,0.012433,1381 1381 1439 1438 1322 1323 1261 1262 1324 1382 1383 1325 -1
GCP,adapt_p35-659087696138755_a285-0_592_map.h5,27.8452,10,562,669,54.340912:285.000000,1601,True,16,14,1601,0.999997,27.7187,0,0.0125798,1602 1602 1557 1601 1643 1679 1678 1642 1641 1599 1600 1556 1555 -1
GCP,adapt_p80-40593177313954_a202-49999999999997_484_map.h5,27.872,10,485,719,9.594069:202.500000,1072,True,13,13,1072,0.999999,25.9095,0,0.0128226,1005 1005 1071 1137 1070 1003 1004 1072 1138 1139 1073 1006 -1
GCP,adapt_p11-715852394892384_a315-0_313_map.h5,25.5145,10,153,1509,78.284149:315.000000,1778,True,77,12,1739,0.905762,24.6145,0,0.0132947,1710 1738 1739 1713 1712 1737 1760 1761 1762 1778 1777 -1
GCP,adapt_p80-40593177313954_a247-49999999999997_188_map.h5,27.8563,10,319,762,9.594069:247.500000,1080,True,14,13,1081,0.999999,25.9226,0,0.0125288,1146 1146 1147 1145 1079 1012 1080 1013 1081 1014 1082 1148 -1
GCP,adapt_p80-40593177313954_a67-5_254_map.h5,26.6517,10,144,1222,9.594069:67.500000,1047,True,48,12,1113,0.969487,25.2148,0,0.0131198,1045 1046 1047 979 1112 1179 1113 1114 1180 1243 1307 -1
GCP,adapt_p70-52877936550931_a326-24999999999994_567_map.h5,26.864,10,437,1078,19.471220:326.250000,1225,True,14,13,1161,0.999999,25.4113,0,0.0128123,1096 1096 1097 1162 1161 1226 1225 1160 1095 1094 1159 1224 -1
GCP,adapt_p48-18968510422141_a56-24999999999999_26_map.h5,27.8691,10,440,726,41.810314:56.250000,1475,True,13,13,1474,0.999998,25.1441,0,0.0125854,1526 1526 1527 1528 1476 1421 1475 1474 1420 1419 1473 1525 -1
GCP,adapt_p70-52877936550931_a281-24999999999994_217_map.h5,27.8823,10,524,691,19.471220:281.250000,1217,True,13,13,1217,0.999999,25.5865,0,0.0124458,1151 1151 1217 1280 1218 1153 1152 1216 1279 1278 1215 1150 -1
GCP,adapt_p35-659087696138755_a195-0_459_map.h5,25.8784,10,758,1421,54.340912:195.000000,1590,True,10,10,1633,0.999997,18.3128,0,0.0123854,1590 1590 1591 1634 1671 1670 1633 1669 1632 -1
GCP,adapt_p70-52877936550931_a78-75_535_map.h5,27.8545,10,501,780,19.471220:78.750000,1181,True,14,13,1244,0.999998,25.987,0,0.0132848,1243 1243 1305 1306 1307 1308 1244 1180 1181 1182 1245 1246 -1
GCP,adapt_p11-715852394892384_a315-0_252_map.h5,27.8323,10,328,670,78.284149:315.000000,1778,True,20,14,1779,0.99986,27.2674,0,0.012494,1791 1791 1781 1780 1744 1764 1763 1779 1790 1778 1762 1761 1739 -1
GCP,adapt_p70-52877936550931_a168-74999999999997_407_map.h5,28.8304,10,205,381,19.471220:168.750000,1197,True,22,14,1261,0.999976,27.6994,0,0.0124153,1262 1262 1199 1198 1132 1131 1197 1261 1323 1322 1260 1259 1196 -1
GCP,adapt_p35-659087696138755_a14-999999999999998_352_map.h5,27.8714,10,380,799,54.340912:15.000000,1568,True,13,13,1569,0.999998,25.1853,0,0.0124701,1570 1570 1523 1522 1569 1521 1520 1567 1568 1612 1613 1614 -1
GCP,adapt_p23-556464309101234_a247-49999999999997_357_map.h5,25.4457,10,195,1507,66.443535:247.500000,1708,False,80,13,1796,0.907915,23.6546,0,0.0131215,1773 1787 1788 1795 1794 1793 1792 1797 1796 1790 1789 1776 -1
GCP,adapt_p70-52877936550931_a348-74999999999994_283_map.h5,25.5247,10,95,1124,19.471220:348.750000,1229,False,223,10,1346,0.81451,23.5249,0,0.0168007,1274 1402 1403 1345 1284 1285 1346 1286 1347 -1
GCP,adapt_p48-18968510422141_a236-25_13_map.h5,27.8804,10,538,773,41.810314:236.250000,1501,True,10,10,1448,0.999999,19.2164,0,0.0124502,1500 1500 1391 1448 1449 1501 1447 1499 1550 -1
GCP,adapt_p70-52877936550931_a348-74999999999994_538_map.h5,28.8832,10,528,369,19.471220:348.750000,1229,True,13,13,1229,0.999999,25.991,0,0.0125999,1230 1230 1229 1292 1293 1165 1164 1163 1228 1291 1290 1227 -1
GCP,adapt_p11-715852394892384_a315-0_541_map.h5,27.8203,10,338,791,78.284149:315.000000,1778,True,20,14,1763,0.99997,27.374,0,0.0125136,1741 1741 1740 1739 1761 1762 1763 1742 1764 1780 1791 1779 1778 -1
GCP,adapt_p70-52877936550931_a348-74999999999994_255_map.h5,26.8764,10,628,1087,19.471220:348.750000,1229,True,11,11,1229,0.999999,21.5425,0,0.0123991,1228 1228 1165 1230 1291 1292 1229 1164 1163 1227 -1
GCP,adapt_p70-52877936550931_a78-75_442_map.h5,25.616,10,142,1507,19.471220:78.750000,1181,False,51,12,1183,0.959354,24.5608,0,0.0128099,1249 1185 1118 1184 1248 1247 1246 1183 1117 1116 1182 -1
GCP,adapt_p80-40593177313954_a22-5_572_map.h5,25.8784,10,406,1526,9.594069:22.500000,1038,False,10,10,1106,0.999997,17.983,0,0.0123922,1105 1105 1171 1172 1106 1040 973 1041 1107 -1
GCP,adapt_p70-52877936550931_a123-74999999999999_334_map.h5,27.4736,10,81,775,19.471220:123.750000,1189,True,72,13,1060,0.941594,27.2455,0,0.0132216,1253 1190 1189 1124 1125 1059 1191 1126 1060 993 1061 1127 -1
GCP,adapt_p60-00000000000001_a292-5_398_map.h5,25.4068,10,131,1563,30.000000:292.500000,1343,False,80,12,1092,0.923588,24.9536,0,0.0129936,1282 1155 1090 1091 1092 1093 1159 1158 1157 1156 1221 -1
GCP,adapt_p11-715852394892384_a315-0_101_map.h5,27.8173,10,251,738,78.284149:315.000000,1778,True,23,14,1763,0.999914,27.5176,0,0.0124725,1780 1780 1744 1742 1764 1763 1741 1740 1762 1761 1778 1779 1791 -1
GCP,adapt_p80-40593177313954_a337-49999999999994_300_map.h5,25.7427,10,313,1444,9.594069:337.500000,1097,True,25,13,1098,0.999156,25.4487,0,0.0131192,1099 1099 1164 1098 1030 1097 1163 1227 1226 1161 1162 1096 -1
GCP,adapt_p70-52877936550931_a191-25_252_map.h5,27.8137,10,395,704,19.471220:191.250000,1201,True,19,13,1264,0.99997,25.8513,0,0.013092,1327 1327 1266 1328 1385 1326 1325 1263 1201 1264 1265 1202 -1
GCP,adapt_p70-52877936550931_a33-75_15_map.h5,27.7982,10,467,801,19.471220:33.750000,1173,True,22,13,1237,0.999775,25.342,0,0.0125756,1238 1238 1175 1174 1237 1173 1172 1235 1236 1299 1300 1301 -1
GCP,adapt_p80-40593177313954_a292-5_312_map.h5,26.7583,10,402,1124,9.594069:292.500000,1088,True,27,13,1088,0.998849,25.4321,0,0.0125503,1154 1154 1153 1152 1086 1019 1087 1020 1088 1021 1089 1090 -1
GCP,adapt_p11-715852394892384_a135-0_356_map.h5,28.8884,10,463,390,78.284149:135.000000,1770,True,11,11,1752,0.999998,20.6182,0,0.012426,1771 1771 1751 1770 1752 1727 1728 1729 1753 1772 -1
GCP,adapt_p60-00000000000001_a224-99999999999997_399_map.h5,27.7691,10,355,783,30.000000:225.000000,1331,True,24,14,1388,0.998916,27.656,0,0.0127119,1269 1269 1268 1329 1387 1444 1445 1388 1330 1331 1389 1446 1390 -1
GCP,adapt_p70-52877936550931_a146-25_52_map.h5,25.7563,10,261,1440,19.471220:146.250000,1193,True,26,13,1194,0.999434,25.2789,0,0.012484,1129 1129 1128 1127 1192 1193 1256 1257 1194 1195 1258 1259 -1
GCP,adapt_p70-52877936550931_a191-25_87_map.h5,27.8646,10,486,705,19.471220:191.250000,1201,True,15,13,1201,0.999998,27.631,0,0.0131222,1265 1202 1137 1203 1136 1135 1200 1262 1263 1201 1264 1265 -1
GCP,adapt_p48-18968510422141_a11-25_581_map.h5,28.7281,10,165,414,41.810314:11.250000,1468,True,37,13,1468,0.994468,25.6827,0,0.0126403,1415 1415 1414 1467 1413 1412 1518 1519 1520 1468 1469 1521 -1
GCP,adapt_p80-40593177313954_a247-49999999999997_485_map.h5,27.8843,10,482,779,9.594069:247.500000,1080,True,12,12,1079,0.999998,23.5526,0,0.012451,1145 1145 1146 1144 1078 1011 1079 1012 1080 1013 1081 -1
GCP,adapt_p11-715852394892384_a315-0_406_map.h5,26.8099,10,343,1090,78.284149:315.000000,1778,True,29,13,1777,0.999255,25.3826,0,0.0129355,1776 1776 1761 1760 1777 1762 1763 1779 1778 1791 1790 1789 -1
GCP,adapt_p60-00000000000001_a0-0_384_map.h5,27.8578,10,393,760,30.000000:0.000000,1294,True,15,13,1353,0.999998,26.8074,0,0.0129718,1410 1410 1294 1411 1354 1231 1293 1292 1353 1409 1352 1291 -1
GCP,adapt_p70-52877936550931_a33-75_208_map.h5,27.8724,10,378,750,19.471220:33.750000,1173,True,13,13,1173,0.999999,25.8603,0,0.0123988,1172 1172 1105 1106 1107 1173 1235 1236 1237 1238 1174 1108 -1
GCP,adapt_p35-659087696138755_a14-999999999999998_509_map.h5,26.8833,10,574,1075,54.340912:15.000000,1568,True,10,10,1613,0.999999,18.2065,0,0.0125347,1569 1569 1612 1568 1613 1652 1653 1614 1570 -1
GCP,adapt_p60-00000000000001_a135-0_134_map.h5,27.8413,10,409,743,30.000000:135.000000,1316,True,17,13,1317,0.999992,25.3117,0,0.0125241,1375 1375 1376 1318 1256 1255 1317 1316 1315 1253 1254 1191 -1
GCP,adapt_p35-659087696138755_a165-0_319_map.h5,24.5899,10,95,1500,54.340912:165.000000,1587,False,206,11,1667,0.861139,23.6161,0,0.0163618,1726 1702 1669 1668 1630 1629 1667 1701 1666 1628 -1
GCP,adapt_p60-00000000000001_a22-5_13_map.h5,27.8747,10,545,778,30.000000:22.500000,1298,True,11,11,1298,0.999999,20.9655,0,0.0130967,1299 1299 1235 1236 1298 1358 1357 1356 1297 1234 -1
GCP,adapt_p80-40593177313954_a337-49999999999994_516_map.h5,24.4761,10,82,1134,9.594069:337.500000,1097,False,389,10,1351,0.856223,22.7067,0,0.0282699,1570 1409 1351 1352 1292 1291 1290 1289 1350 -1
GCP,adapt_p70-52877936550931_a213-75_180_map.h5,27.8768,10,479,743,19.471220:213.750000,1205,True,13,13,1205,0.999999,25.7748,0,0.0129554,1141 1141 1205 1268 1204 1139 1140 1206 1269 1270 1207 1142 -1
GCP,adapt_p70-52877936550931_a33-75_234_map.h5,28.8742,10,313,342,19.471220:33.750000,1173,True,13,13,1173,0.999999,25.9075,0,0.0126056,1172 1172 1107 1106 1173 1174 1108 1175 1238 1237 1236 1235 -1
GCP,adapt_p48-18968510422141_a348-74999999999994_513_map.h5,26.8102,10,400,1152,41.810314:348.750000,1517,True,21,13,1466,0.999939,26.4395,0,0.0126014,1516 1516 1565 1466 1412 1411 1410 1465 1464 1517 1518 1566 -1
GCP,adapt_p80-40593177313954_a112-49999999999999_396_map.h5,25.761,10,269,1481,9.594069:112.500000,1055,True,30,13,987,0.999448,25.6591,0,0.0127138,1056 1056 988 987 1055 1120 1054 986 1053 985 1052 1118 -1
GCP,adapt_p48-18968510422141_a123-74999999999999_327_map.h5,28.8646,10,373,376,41.810314:123.750000,1484,True,13,13,1484,0.999999,25.4811,0,0.0132234,1536 1536 1537 1486 1432 1485 1535 1534 1483 1484 1431 1430 -1
GCP,adapt_p80-40593177313954_a337-49999999999994_414_map.h5,28.7941,10,241,375,9.594069:337.500000,1097,True,26,14,1162,0.999677,28.4322,0,0.012669,1096 1096 1160 1225 1161 1226 1162 1097 1098 1164 1163 1228 1227 -1
GCP,adapt_p11-715852394892384_a45-0_138_map.h5,25.7188,10,191,1519,78.284149:45.000000,1766,True,43,13,1746,0.984963,25.5945,0,0.0130337,1720 1746 1745 1765 1766 1782 1783 1784 1769 1768 1767 1747 -1
GCP,adapt_p60-00000000000001_a315-0_99_map.h5,26.6442,10,209,1156,30.000000:315.000000,1346,True,47,13,1346,0.997084,26.3641,0,0.0125917,1460 1404 1405 1347 1286 1285 1346 1403 1345 1284 1283 1344 -1
GCP,adapt_p35-659087696138755_a315-0_329_map.h5,27.839,10,360,780,54.340912:315.000000,1605,True,15,14,1604,0.999981,27.8028,0,0.0128828,1561 1561 1512 1511 1560 1604 1606 1605 1646 1645 1644 1603 1559 -1
GCP,adapt_p35-659087696138755_a135-0_89_map.h5,26.8622,10,364,1055,54.340912:135.000000,1583,True,15,13,1583,0.999998,25.3916,0,0.0126289,1538 1538 1486 1487 1537 1536 1582 1625 1626 1583 1584 1627 -1
GCP,adapt_p70-52877936550931_a123-74999999999999_217_map.h5,28.8052,10,261,354,19.471220:123.750000,1189,True,26,14,1189,0.999919,27.8188,0,0.0126043,1122 1122 1189 1252 1253 1190 1124 1123 1188 1251 1250 1187 1121 -1
GCP,adapt_p23-556464309101234_a112-5_20_map.h5,27.8841,10,379,736,66.443535:112.500000,1697,True,11,11,1726,0.999999,20.5881,0,0.0126496,1727 1727 1697 1698 1726 1725 1750 1751 1770 1752 -1
GCP,adapt_p70-52877936550931_a56-24999999999999_155_map.h5,26.7571,10,316,1184,19.471220:56.250000,1177,True,28,13,1239,0.99652,25.7376,0,0.0126709,1175 1175 1239 1238 1176 1110 1177 1111 1112 1178 1241 1240 -1
GCP,adapt_p48-18968510422141_a191-25_176_map.h5,27.8115,10,232,739,41.810314:191.250000,1494,True,23,13,1440,0.999788,25.577,0,0.0132766,1544 1544 1543 1494 1442 1441 1384 1383 1440 1493 1492 1439 -1
GCP,adapt_p60-00000000000001_a180-0_414_map.h5,27.8794,10,663,750,30.000000:180.000000,1324,True,11,11,1324,0.999999,20.4379,0,0.0123798,1383 1383 1325 1263 1262 1324 1261 1323 1382 1381 -1
GCP,adapt_p11-715852394892384_a135-0_397_map.h5,25.8013,10,197,1546,78.284149:135.000000,1770,True,26,13,1769,0.998942,24.683,0,0.0125182,1783 1783 1785 1786 1794 1793 1784 1768 1769 1750 1770 1771 -1
GCP,adapt_p70-52877936550931_a258-75_499_map.h5,25.7871,10,172,1488,19.471220:258.750000,1213,True,28,13,1147,0.998915,25.3269,0,0.0127044,1149 1149 1214 1148 1213 1212 1211 1146 1147 1081 1082 1083 -1
GCP,adapt_p11-715852394892384_a135-0_401_map.h5,26.7324,10,109,1126,78.284149:135.000000,1770,True,43,14,1772,0.997104,26.6958,0,0.0133456,1774 1774 1787 1786 1785 1770 1771 1772 1773 1755 1754 1753 1752 -1
GCP,adapt_p35-659087696138755_a255-00000000000003_495_map.h5,26.8811,10,640,1090,54.340912:255.000000,1598,True,10,10,1639,0.999999,18.8997,0,0.0126605,1676 1676 1675 1677 1599 1598 1640 1639 1597 -1
GCP,adapt_p70-52877936550931_a78-75_59_map.h5,25.7529,10,166,1571,19.471220:78.750000,1181,True,30,12,1181,0.996096,23.2972,0,0.0129177,1243 1243 1179 1244 1245 1182 1116 1115 1181 1180 1114 -1
GCP,adapt_p70-52877936550931_a191-25_586_map.h5,27.8823,10,552,811,19.471220:191.250000,1201,True,11,11,1264,0.999999,20.2734,0,0.012465,1201 1201 1200 1263 1325 1264 1326 1327 1265 1202 -1
GCP,adapt_p80-40593177313954_a315-0_531_map.h5,25.3215,10,165,1509,9.594069:315.000000,1093,False,93,12,1223,0.926406,25.088,0,0.013325,1090 1221 1284 1157 1222 1285 1286 1223 1158 1159 1224 -1
GCP,adapt_p60-00000000000001_a45-0_398_map.h5,27.8913,10,595,729,30.000000:45.000000,1301,True,11,11,1301,0.999998,20.0753,0,0.0125258,1361 1361 1302 1239 1238 1301 1360 1359 1300 1237 -1
GCP,adapt_p35-659087696138755_a285-0_486_map.h5,26.8644,10,357,1171,54.340912:285.000000,1601,True,15,13,1678,0.999998,25.222,0,0.0124567,1679 1679 1680 1643 1601 1642 1641 1640 1677 1710 1711 1678 -1
GCP,adapt_p80-40593177313954_a337-49999999999994_435_map.h5,27.872,10,427,734,9.594069:337.500000,1097,True,13,13,1097,0.999999,25.8934,0,0.0127838,1096 1096 1162 1161 1095 1029 1030 1097 1163 1164 1098 1099 -1
GCP,adapt_p48-18968510422141_a78-75_9_map.h5,25.7486,10,234,1498,41.810314:78.750000,1478,True,31,13,1424,0.995888,25.6909,0,0.0132037,1479 1479 1424 1423 1477 1529 1478 1425 1367 1368 1426 1369 -1
GCP,adapt_p35-659087696138755_a75-0_251_map.h5,27.7722,10,193,822,54.340912:75.000000,1576,True,27,13,1619,0.999378,25.9615,0,0.0125944,1574 1574 1617 1657 1618 1528 1575 1619 1658 1659 1620 1576 -1
GCP,adapt_p80-40593177313954_a337-49999999999994_251_map.h5,27.8032,10,339,762,9.594069:337.500000,1097,True,19,13,1098,0.999612,26.3755,0,0.0126011,1031 1031 1100 1032 1099 1164 1098 1030 1029 1097 1163 1096 -1
GCP,adapt_p35-659087696138755_a285-0_334_map.h5,25.8402,10,349,1579,54.340912:285.000000,1601,True,17,13,1643,0.999997,25.3258,0,0.0125788,1642 1642 1641 1678 1679 1680 1643 1601 1602 1603 1644 1645 -1
GCP,adapt_p48-18968510422141_a123-74999999999999_121_map.h5,27.8532,10,366,733,41.810314:123.750000,1484,True,18,13,1431,0.999994,25.837,0,0.0126212,1430 1430 1483 1373 1374 1432 1431 1484 1535 1536 1485 1486 -1
GCP,adapt_p80-40593177313954_a202-49999999999997_209_map.h5,26.8383,10,536,1143,9.594069:202.500000,1072,True,16,13,1071,0.999992,25.8911,0,0.012467,1137 1137 1138 1136 1070 1003 1071 1004 1072 1005 1073 1139 -1
GCP,adapt_p80-40593177313954_a247-49999999999997_363_map.h5,27.8693,10,361,784,9.594069:247.500000,1080,True,13,13,1080,0.999999,27.292,0,0.0124947,1145 1146 1147 1081 1013 1012 1080 1011 1078 1144 1079 1145 -1
GCP,adapt_p35-659087696138755_a14-999999999999998_497_map.h5,26.8385,10,308,1143,54.340912:15.000000,1568,False,18,13,1689,0.99999,25.4924,0,0.0122861,1719 1719 1690 1720 1689 1653 1613 1612 1651 1652 1688 1718 -1
GCP,adapt_p23-556464309101234_a337-5_581_map.h5,25.7708,10,233,1473,66.443535:337.500000,1716,True,28,13,1717,0.998927,24.8941,0,0.0130233,1687 1687 1686 1685 1684 1716 1717 1743 1718 1744 1764 1742 -1
GCP,adapt_p80-40593177313954_a45-0_121_map.h5,28.8504,10,235,361,9.594069:45.000000,1042,True,19,14,1042,0.999985,28.4857,0,0.0124601,1041 1041 1108 1175 1174 1107 1042 974 975 1043 1109 1110 1044 -1
GCP,adapt_p70-52877936550931_a11-25_584_map.h5,25.8782,10,462,1502,19.471220:11.250000,1169,True,11,11,1169,0.999999,20.629,0,0.0126154,1233 1233 1234 1170 1103 1169 1168 1231 1232 1296 -1
GCP,adapt_p23-556464309101234_a67-5_369_map.h5,26.6608,10,127,1068,66.443535:67.500000,1693,True,49,13,1693,0.976901,26.4528,0,0.0130619,1659 1694 1723 1722 1721 1720 1690 1691 1656 1692 1693 1658 -1
GCP,adapt_p70-52877936550931_a168-74999999999997_556_map.h5,27.8601,10,338,767,19.471220:168.750000,1197,True,14,13,1131,0.999998,25.8211,0,0.0127056,1197 1197 1130 1064 1129 1195 1196 1131 1065 1066 1132 1198 -1
GCP,adapt_p48-18968510422141_a33-75_315_map.h5,26.8821,10,751,1153,41.810314:33.750000,1471,True,8,8,1417,0.999998,13.6193,0,0.0126307,1471 1471 1470 1416 1472 1418 1417 -1
GCP,adapt_p60-00000000000001_a0-0_98_map.h5,27.7963,10,253,770,30.000000:0.000000,1294,True,25,13,1294,0.999659,25.3854,0,0.0125521,1295 1295 1232 1231 1293 1292 1353 1294 1354 1411 1410 1352 -1
GCP,adapt_p60-00000000000001_a337-49999999999994_383_map.h5,27.8879,10,499,785,30.000000:337.500000,1350,True,10,10,1351,0.999999,18.5561,0,0.012825,1350 1350 1407 1408 1409 1352 1351 1289 1290 -1
GCP,adapt_p60-00000000000001_a90-0_187_map.h5,22.3646,10,63,1115,30.000000:90.000000,1309,False,748,7,1144,0.302135,20.7873,0,0.0678092,1028 1145 1209 1143 1144 1078 -1
GCP,adapt_p70-52877936550931_a56-24999999999999_450_map.h5,25.8574,10,624,1608,19.471220:56.250000,1177,True,13,13,1178,0.999999,25.77,0,0.0133898,1179 1179 1112 1113 1178 1242 1241 1240 1177 1111 1110 1176 -1
GCP,adapt_p60-00000000000001_a315-0_324_map.h5,27.8702,10,404,756,30.000000:315.000000,1346,True,11,11,1346,0.999999,21.1046,0,0.0126062,1404 1404 1345 1284 1403 1346 1285 1286 1347 1405 -1
GCP,adapt_p70-52877936550931_a326-24999999999994_84_map.h5,27.8592,10,382,777,19.471220:326.250000,1225,True,16,13,1225,0.999993,25.3539,0,0.0125508,1286 1286 1223 1224 1287 1225 1226 1289 1288 1349 1348 1347 -1
GCP,adapt_p11-715852394892384_a135-0_342_map.h5,27.877,10,474,766,78.284149:135.000000,1770,True,11,11,1752,0.999998,20.0022,0,0.0128377,1770 1770 1751 1752 1728 1729 1753 1771 1772 1754 -1
GCP,adapt_p70-52877936550931_a146-25_121_map.h5,27.8501,10,491,725,19.471220:146.250000,1193,True,17,13,1194,0.999995,25.5327,0,0.0126965,1195 1195 1129 1128 1127 1192 1193 1256 1319 1257 1194 1258 -1
GCP,adapt_p48-18968510422141_a101-24999999999999_365_map.h5,25.1668,10,190,1445,41.810314:101.250000,1481,False,125,12,1247,0.865253,24.1232,0,0.0139676,1312 1311 1248 1185 1184 1183 1246 1309 1247 1310 1369 -1
GCP,adapt_p80-40593177313954_a315-0_255_map.h5,27.8713,10,501,754,9.594069:315.000000,1093,True,11,11,1092,0.999999,21.4323,0,0.0124773,1158 1158 1091 1157 1092 1159 1094 1026 1093 1025 -1
GCP,adapt_p70-52877936550931_a123-74999999999999_245_map.h5,28.8671,10,422,352,19.471220:123.750000,1189,True,15,14,1253,0.999997,27.7022,0,0.0127092,1252 1252 1188 1251 1314 1315 1253 1254 1191 1125 1124 1190 1189 -1
GCP,adapt_p70-52877936550931_a213-75_114_map.h5,27.8912,10,624,710,19.471220:213.750000,1205,True,10,10,1205,0.999999,17.8331,0,0.0126237,1268 1268 1269 1206 1205 1140 1139 1204 1267 -1
GCP,adapt_p35-659087696138755_a344-99999999999994_266_map.h5,28.8539,10,280,348,54.340912:345.000000,1609,True,17,14,1649,0.999998,27.9738,0,0.0129333,1650 1650 1686 1685 1684 1648 1607 1564 1608 1649 1609 1565 1610 -1
GCP,adapt_p60-00000000000001_a135-0_352_map.h5,27.812,10,213,764,30.000000:135.000000,1316,True,23,13,1317,0.999653,25.6914,0,0.0127831,1318 1318 1255 1317 1377 1376 1433 1375 1316 1254 1253 1315 -1
GCP,adapt_p48-18968510422141_a101-24999999999999_174_map.h5,27.8952,10,574,702,41.810314:101.250000,1481,True,8,8,1428,0.999999,13.1278,0,0.0125474,1427 1427 1481 1482 1429 1428 1370 -1
GCP,adapt_p23-556464309101234_a337-5_177_map.h5,25.8645,10,719,1512,66.443535:337.500000,1716,True,10,10,1716,0.999997,17.6627,0,0.013321,1684 1684 1685 1717 1743 1742 1716 1715 1741 -1
GCP,adapt_p80-40593177313954_a337-49999999999994_241_map.h5,26.7927,10,494,1111,9.594069:337.500000,1097,True,21,13,1098,0.999165,26.4287,0,0.0130743,1164 1164 1100 1099 1098 1163 1162 1095 1096 1029 1097 1030 -1
GCP,adapt_p48-18968510422141_a168-74999999999997_365_map.h5,26.8404,10,449,1105,41.810314:168.750000,1491,True,16,13,1491,0.999996,25.2789,0,0.0124339,1438 1438 1439 1440 1493 1492 1491 1437 1490 1541 1542 1543 -1
GCP,adapt_p60-00000000000001_a292-5_426_map.h5,28.8571,10,424,373,30.000000:292.500000,1343,True,16,14,1342,0.999997,27.7524,0,0.0127524,1400 1400 1401 1344 1282 1343 1342 1281 1280 1341 1399 1398 1340 -1
GCP,adapt_p80-40593177313954_a180-0_101_map.h5,27.774,10,266,729,9.594069:180.000000,1067,True,30,13,1001,0.999699,25.6345,0,0.012796,999 999 1067 1000 1001 1068 1135 1069 1002 1070 1003 1071 -1
GCP,adapt_p23-556464309101234_a22-5_491_map.h5,26.8271,10,277,1136,66.443535:22.500000,1689,True,21,13,1718,0.999825,25.4815,0,0.0126465,1743 1743 1745 1744 1718 1687 1688 1652 1689 1719 1720 1690 -1
GCP,adapt_p60-00000000000001_a0-0_244_map.h5,26.6969,10,261,1114,30.000000:0.000000,1294,False,41,13,1464,0.968022,25.2525,0,0.0129397,1350 1350 1351 1409 1465 1517 1565 1516 1464 1408 1463 1515 -1
GCP,adapt_p48-18968510422141_a303-75_14_map.h5,26.8172,10,391,1160,41.810314:303.750000,1510,True,14,13,1402,0.999995,24.8677,0,0.0125567,1457 1457 1458 1510 1511 1459 1403 1345 1344 1402 1401 1343 -1
GCP,adapt_p70-52877936550931_a236-25_538_map.h5,27.8092,10,230,740,19.471220:236.250000,1209,True,23,13,1272,0.999775,27.5475,0,0.0126182,1334 1272 1209 1144 1145 1210 1273 1271 1208 1332 1333 1334 -1
GCP,adapt_p60-00000000000001_a337-49999999999994_333_map.h5,28.8971,10,554,390,30.000000:337.500000,1350,True,8,8,1350,0.999999,13.6622,0,0.0126933,1408 1408 1409 1351 1407 1349 1350 -1
GCP,adapt_p35-659087696138755_a195-0_45_map.h5,28.8513,10,249,389,54.340912:195.000000,1590,True,15,14,1591,0.999999,27.5528,0,0.012507,1592 1592 1547 1497 1496 1546 1591 1634 1633 1590 1545 1495 1494 -1
GCP,adapt_p80-40593177313954_a0-0_316_map.h5,25.8092,10,193,1485,9.594069:0.000000,1034,True,22,13,1034,0.999583,25.4894,0,0.0125844,1166 1166 1100 1032 1033 1034 1101 1102 1036 968 1035 967 -1
GCP,adapt_p35-659087696138755_a105-0_350_map.h5,26.8494,10,446,1161,54.340912:105.000000,1579,True,10,10,1623,0.999999,17.769,0,0.012397,1579 1579 1580 1581 1624 1662 1661 1623 1622 -1
GCP,adapt_p48-18968510422141_a191-25_262_map.h5,26.8853,10,592,1089,41.810314:191.250000,1494,True,10,10,1494,0.999999,19.5684,0,0.0124658,1545 1495 1442 1441 1493 1543 1544 1494 1545 -1
GCP,adapt_p70-52877936550931_a281-24999999999994_550_map.h5,26.7822,10,248,1191,19.471220:281.250000,1217,True,27,13,1217,0.998534,25.8834,0,0.0126461,1278 1278 1214 1150 1215 1151 1216 1279 1217 1152 1153 1218 -1
GCP,adapt_p80-40593177313954_a67-5_503_map.h5,25.7528,10,300,1477,9.594069:67.500000,1047,True,30,12,1046,0.996798,25.6797,0,0.0129689,978 1046 1044 977 978 979 1045 1112 1113 1047 1114 -1
GCP,adapt_p35-659087696138755_a105-0_425_map.h5,27.8773,10,450,734,54.340912:105.000000,1579,True,10,10,1622,0.999999,18.389,0,0.0125375,1623 1623 1660 1661 1622 1621 1578 1579 1580 -1
GCP,adapt_p48-18968510422141_a101-24999999999999_70_map.h5,27.0079,10,98,371,41.810314:101.250000,1481,False,324,11,1354,0.603718,24.6125,0,0.0226975,1096 1294 1411 1412 1413 1354 1295 1296 1355 1356 -1
GCP,adapt_p48-18968510422141_a56-24999999999999_474_map.h5,25.8848,10,749,1475,41.810314:56.250000,1475,True,7,7,1421,0.999998,10.5618,0,0.0130409,1420 1420 1474 1475 1421 1422 -1
GCP,adapt_p48-18968510422141_a303-75_41_map.h5,26.8393,10,384,1069,41.810314:303.750000,1510,True,19,13,1458,0.999995,25.6436,0,0.0125146,1402 1402 1401 1456 1509 1457 1458 1510 1559 1511 1459 1403 -1
GCP,adapt_p35-659087696138755_a14-999999999999998_104_map.h5,25.8654,10,431,1491,54.340912:15.000000,1568,True,14,12,1521,0.999998,23.1876,0,0.0124634,1567 1567 1467 1519 1520 1468 1469 1521 1568 1569 1522 -1
GCP,adapt_p60-00000000000001_a180-0_339_map.h5,27.8215,10,299,725,30.000000:180.000000,1324,True,19,13,1384,0.999792,25.6522,0,0.0133056,1385 1385 1441 1384 1327 1326 1264 1263 1325 1324 1383 1440 -1
GCP,adapt_p35-659087696138755_a14-999999999999998_172_map.h5,27.8871,10,571,769,54.340912:15.000000,1568,True,9,9,1569,0.999999,15.9531,0,0.0126745,1613 1613 1612 1568 1614 1570 1569 1522 -1
GCP,adapt_p80-40593177313954_a112-49999999999999_5_map.h5,27.8899,10,614,795,9.594069:112.500000,1055,True,12,12,1056,0.999999,23.5515,0,0.0129045,1122 1122 1121 1123 1057 989 1056 988 1055 987 1054 -1
GCP,adapt_p80-40593177313954_a22-5_217_map.h5,25.7593,10,225,1469,9.594069:22.500000,1038,True,29,12,1036,0.998978,23.4947,0,0.0125055,1038 1038 1103 1104 1037 970 969 1036 1102 1101 1035 -1
GCP,adapt_p70-52877936550931_a326-24999999999994_322_map.h5,25.8623,10,385,1530,19.471220:326.250000,1225,True,13,13,1225,0.999999,25.241,0,0.0124565,1288 1288 1287 1224 1159 1160 1225 1226 1161 1162 1227 1289 -1
GCP,adapt_p23-556464309101234_a202-5_67_map.h5,26.8791,10,552,1140,66.443535:202.500000,1704,True,12,12,1705,0.999999,23.5888,0,0.0126798,1733 1733 1672 1706 1734 1705 1671 1670 1704 1732 1731 -1
GCP,adapt_p11-715852394892384_a315-0_82_map.h5,28.889,10,414,345,78.284149:315.000000,1778,True,10,10,1762,0.999999,17.8657,0,0.0127678,1778 1778 1761 1739 1740 1762 1779 1763 1741 -1
GCP,adapt_p80-40593177313954_a180-0_453_map.h5,27.8495,10,447,738,9.594069:180.000000,1067,True,15,12,1067,0.999995,25.7047,0,0.0123144,999 1067 1065 998 999 1000 1066 1132 1133 1068 1001 -1
GCP,adapt_p80-40593177313954_a202-49999999999997_575_map.h5,26.976,10,168,709,9.594069:202.500000,1072,True,154,11,1071,0.746596,24.5213,0,0.0147092,1266 1072 1137 1136 1070 1071 1138 1269 1270 1207 -1
GCP,adapt_p60-00000000000001_a135-0_495_map.h5,26.8697,10,519,1104,30.000000:135.000000,1316,True,10,10,1375,0.999998,17.9133,0,0.0130295,1317 1317 1376 1433 1432 1375 1316 1374 1315 -1
GCP,adapt_p35-659087696138755_a344-99999999999994_361_map.h5,27.8702,10,427,682,54.340912:345.000000,1609,True,13,13,1609,0.999999,25.6398,0,0.0126091,1608 1608 1650 1609 1649 1685 1686 1611 1610 1566 1565 1564 -1
GCP,adapt_p60-00000000000001_a202-49999999999997_141_map.h5,27.8573,10,506,727,30.000000:202.500000,1328,True,15,13,1328,0.999998,26.3089,0,0.0124975,1329 1329 1388 1330 1266 1267 1328 1387 1386 1385 1327 1265 -1
GCP,adapt_p80-40593177313954_a135-0_364_map.h5,25.7245,10,236,1538,9.594069:135.000000,1059,True,28,12,1058,0.998092,23.2369,0,0.0133318,1060 1060 991 992 1059 1125 1124 1058 990 1057 1123 -1
GCP,adapt_p70-52877936550931_a123-74999999999999_577_map.h5,25.757,10,240,1414,19.471220:123.750000,1189,True,30,13,1187,0.998783,25.4989,0,0.0128503,1122 1122 1189 1252 1251 1188 1121 1187 1250 1249 1186 1120 -1
GCP,adapt_p35-659087696138755_a45-0_229_map.h5,28.8831,10,285,389,54.340912:45.000000,1572,True,14,14,1572,0.999999,27.6038,0,0.0126479,1615 1615 1616 1572 1525 1524 1571 1570 1614 1654 1655 1617 1573 -1
GCP,adapt_p48-18968510422141_a168-74999999999997_217_map.h5,25.8782,10,830,1374,41.810314:168.750000,1491,True,9,9,1438,0.999999,15.9962,0,0.0125647,1491 1491 1490 1437 1492 1439 1438 1381 -1
GCP,adapt_p35-659087696138755_a165-0_95_map.h5,25.1218,10,76,1125,54.340912:165.000000,1587,True,294,11,1376,0.635401,23.7887,0,0.0207606,1431 1316 1375 1376 1317 1318 1377 1434 1435 1587 -1
GCP,adapt_p60-00000000000001_a157-5_59_map.h5,25.7301,10,223,1463,30.000000:157.500000,1320,True,34,13,1377,0.991167,25.1344,0,0.0126947,1376 1376 1318 1377 1434 1435 1378 1319 1257 1258 1320 1321 -1
GCP,adapt_p23-556464309101234_a67-5_6_map.h5,26.1045,10,112,1118,66.443535:67.500000,1693,True,127,12,1657,0.911788,24.8537,0,0.0142918,1474 1574 1618 1617 1655 1656 1692 1693 1657 1658 1619 -1
GCP,adapt_p48-18968510422141_a213-75_48_map.h5,27.7282,10,192,682,41.810314:213.750000,1497,True,36,13,1496,0.995103,25.4704,0,0.0126646,1498 1498 1445 1444 1496 1546 1547 1497 1443 1442 1495 1545 -1
GCP,adapt_p11-715852394892384_a135-0_248_map.h5,27.8822,10,440,707,78.284149:135.000000,1770,True,12,12,1752,0.999999,23.1604,0,0.0126181,1753 1753 1727 1728 1752 1771 1772 1785 1770 1751 1726 -1
GCP,adapt_p48-18968510422141_a348-74999999999994_282_map.h5,27.8264,10,431,722,41.810314:348.750000,1517,True,20,13,1464,0.999914,25.651,0,0.0134217,1465 1465 1517 1565 1516 1409 1408 1464 1463 1515 1564 1563 -1
GCP,adapt_p60-00000000000001_a270-0_156_map.h5,28.7286,10,219,362,30.000000:270.000000,1339,True,33,14,1339,0.997588,27.5446,0,0.0132111,1398 1398 1340 1341 1279 1278 1339 1397 1396 1338 1277 1276 1337 -1
GCP,adapt_p70-52877936550931_a303-75_469_map.h5,27.8624,10,437,721,19.471220:303.750000,1221,True,14,13,1221,0.999998,25.8006,0,0.012381,1283 1283 1345 1344 1284 1285 1223 1222 1157 1156 1221 1220 -1
GCP,adapt_p80-40593177313954_a315-0_299_map.h5,27.864,10,406,787,9.594069:315.000000,1093,True,13,13,1159,0.999999,25.2295,0,0.0127473,1093 1093 1092 1157 1222 1223 1158 1159 1224 1225 1160 1094 -1
GCP,adapt_p48-18968510422141_a168-74999999999997_153_map.h5,25.6251,10,187,1562,41.810314:168.750000,1491,True,52,12,1439,0.958389,24.153,0,0.012696,1586 1541 1542 1543 1493 1440 1439 1492 1491 1438 1437 -1
GCP,adapt_p60-00000000000001_a112-49999999999999_72_map.h5,26.8742,10,485,1194,30.000000:112.500000,1313,True,11,11,1313,0.999999,20.8324,0,0.0125597,1250 1250 1314 1251 1313 1372 1371 1312 1249 1311 -1
GCP,adapt_p70-52877936550931_a11-25_280_map.h5,27.8304,10,413,762,19.471220:11.250000,1169,True,17,13,1169,0.999993,25.9778,0,0.0133171,1168 1168 1169 1232 1231 1102 1103 1104 1170 1233 1234 1171 -1
GCP,adapt_p35-659087696138755_a315-0_380_map.h5,28.7967,10,197,377,54.340912:315.000000,1605,True,26,14,1606,0.999763,27.8925,0,0.0131364,1563 1563 1513 1561 1605 1646 1682 1683 1647 1606 1562 1607 1648 -1
GCP,adapt_p35-659087696138755_a165-0_321_map.h5,24.387,10,169,1472,54.340912:165.000000,1587,False,255,10,1492,0.55502,22.4495,0,0.0187264,1534 1582 1536 1485 1491 1438 1439 1492 1493 -1
GCP,adapt_p60-00000000000001_a157-5_486_map.h5,25.7832,10,228,1475,30.000000:157.500000,1320,True,26,13,1320,0.999605,25.4279,0,0.0126422,1321 1321 1259 1258 1320 1379 1319 1257 1256 1318 1377 1378 -1
GCP,adapt_p60-00000000000001_a0-0_583_map.h5,26.8912,10,662,1100,30.000000:0.000000,1294,True,9,9,1353,0.999999,16.1211,0,0.0126301,1411 1411 1352 1410 1353 1293 1294 1354 -1
GCP,adapt_p60-00000000000001_a224-99999999999997_465_map.h5,27.8588,10,552,766,30.000000:225.000000,1331,True,14,13,1270,0.999998,25.7144,0,0.0129324,1332 1332 1269 1206 1268 1330 1331 1270 1207 1208 1271 1333 -1
GCP,adapt_p60-00000000000001_a67-5_395_map.h5,24.4293,10,149,1480,30.000000:67.500000,1305,False,234,10,1181,0.551199,23.7163,0,0.0172378,1433 1251 1314 1313 1182 1181 1244 1243 1180 -1
GCP,adapt_p70-52877936550931_a56-24999999999999_424_map.h5,27.8942,10,548,751,19.471220:56.250000,1177,True,12,12,1177,0.999999,23.1709,0,0.012591,1111 1111 1112 1179 1242 1241 1178 1177 1110 1176 1240 -1
GCP,adapt_p60-00000000000001_a135-0_398_map.h5,25.754,10,205,1512,30.000000:135.000000,1316,True,30,13,1375,0.998166,25.2162,0,0.0127719,1432 1432 1374 1315 1253 1254 1316 1375 1376 1317 1255 1318 -1
GCP,adapt_p60-00000000000001_a90-0_196_map.h5,27.8652,10,463,739,30.000000:90.000000,1309,True,12,12,1309,0.999999,23.7206,0,0.0125846,1308 1308 1366 1307 1246 1309 1367 1368 1369 1310 1247 -1
GCP,adapt_p60-00000000000001_a45-0_208_map.h5,25.8992,10,99,1108,30.000000:45.000000,1301,False,168,11,1110,0.86947,24.6247,0,0.0155441,980 914 915 1045 1111 1044 1043 1109 1110 1176 -1
GCP,adapt_p60-00000000000001_a112-49999999999999_58_map.h5,28.8961,10,510,404,30.000000:112.500000,1313,True,10,10,1313,0.999999,18.4764,0,0.0127183,1251 1251 1314 1250 1249 1312 1371 1313 1372 -1
GCP,adapt_p48-18968510422141_a123-74999999999999_417_map.h5,25.2559,10,179,1555,41.810314:123.750000,1484,False,110,10,1540,0.784455,23.9787,0,0.0139463,1321 1437 1490 1541 1540 1489 1427 1369 1426 -1
GCP,adapt_p60-00000000000001_a180-0_546_map.h5,27.8689,10,450,790,30.000000:180.000000,1324,True,12,12,1324,0.999999,23.1321,0,0.0128956,1382 1382 1322 1381 1323 1261 1262 1324 1383 1325 1263 -1
GCP,adapt_p70-52877936550931_a191-25_343_map.h5,27.7603,10,322,796,19.471220:191.250000,1201,True,30,13,1202,0.999272,25.1664,0,0.0125279,1138 1138 1137 1136 1201 1200 1263 1264 1265 1202 1203 1266 -1
GCP,adapt_p70-52877936550931_a56-24999999999999_10_map.h5,25.8262,10,423,1491,19.471220:56.250000,1177,True,18,12,1111,0.9998,23.3996,0,0.012582,1178 1178 1177 1176 1110 1044 1045 1111 1179 1113 1112 -1
GCP,adapt_p35-659087696138755_a105-0_4_map.h5,25.7552,10,196,1488,54.340912:105.000000,1579,True,32,13,1623,0.993045,24.9576,0,0.0126054,1580 1580 1579 1622 1621 1660 1695 1696 1661 1623 1624 1662 -1
GCP,adapt_p70-52877936550931_a146-25_360_map.h5,27.7554,10,529,703,19.471220:146.250000,1193,True,18,13,1193,0.999962,25.1482,0,0.0124229,1256 1256 1255 1192 1193 1194 1257 1258 1195 1129 1128 1127 -1
GCP,adapt_p70-52877936550931_a146-25_47_map.h5,27.8742,10,558,730,19.471220:146.250000,1193,True,12,12,1193,0.999999,23.3217,0,0.0125862,1128 1128 1127 1192 1255 1256 1193 1129 1195 1194 1257 -1
GCP,adapt_p23-556464309101234_a247-49999999999997_156_map.h5,27.692,10,243,729,66.443535:247.500000,1708,True,42,14,1708,0.989066,27.4543,0,0.0127915,1639 1639 1676 1675 1709 1710 1737 1736 1735 1708 1707 1674 1673 -1
GCP,adapt_p35-659087696138755_a105-0_55_map.h5,27.8853,10,550,706,54.340912:105.000000,1579,True,10,10,1579,0.999999,18.2441,0,0.0134875,1623 1623 1579 1580 1533 1532 1578 1622 1661 -1
GCP,adapt_p23-556464309101234_a292-5_140_map.h5,26.2277,10,157,1091,66.443535:292.500000,1712,True,122,12,1681,0.94505,25.241,0,0.0139653,1736 1711 1679 1680 1681 1712 1739 1713 1714 1682 1647 -1
GCP,adapt_p60-00000000000001_a67-5_436_map.h5,27.877,10,500,738,30.000000:67.500000,1305,True,12,12,1365,0.999998,23.5678,0,0.0128518,1366 1366 1306 1243 1307 1365 1305 1364 1422 1423 1424 -1
GCP,adapt_p35-659087696138755_a135-0_219_map.h5,27.8954,10,545,755,54.340912:135.000000,1583,True,9,9,1626,0.999999,15.2855,0,0.0123711,1583 1583 1582 1625 1663 1664 1626 1627 -1
GCP,adapt_p80-40593177313954_a67-5_294_map.h5,26.8609,10,298,1155,9.594069:67.500000,1047,True,14,13,979,0.999998,26.7426,0,0.0129102,912 913 980 1047 1046 1045 977 910 911 978 979 912 -1
GCP,adapt_p80-40593177313954_a112-49999999999999_128_map.h5,26.774,10,238,1159,9.594069:112.500000,1055,True,26,13,1054,0.998982,25.3114,0,0.0128309,1122 1122 1187 1121 1055 987 986 1054 1120 1119 1053 1052 -1
GCP,adapt_p80-40593177313954_a22-5_202_map.h5,27.8572,10,594,708,9.594069:22.500000,1038,True,15,13,1037,0.999994,26.3678,0,0.0125707,969 969 1035 968 1036 1103 1037 970 971 1038 1104 1039 -1
GCP,adapt_p80-40593177313954_a67-5_210_map.h5,27.836,10,337,764,9.594069:67.500000,1047,True,17,13,1114,0.999985,25.1503,0,0.0127923,1047 1047 1048 1115 1181 1180 1114 1113 1179 1178 1112 1046 -1
GCP,adapt_p48-18968510422141_a258-75_213_map.h5,26.8793,10,790,1126,41.810314:258.750000,1504,True,8,8,1452,0.999998,14.6206,0,0.0124572,1451 1452 1453 1505 1554 1504 1451 -1
GCP,adapt_p48-18968510422141_a281-24999999999994_434_map.h5,25.436,10,149,1489,41.810314:281.250000,1507,False,79,12,1311,0.906367,24.5143,0,0.0137433,1427 1369 1310 1246 1245 1308 1309 1247 1248 1311 1370 -1
GCP,adapt_p60-00000000000001_a337-49999999999994_371_map.h5,27.8921,10,546,743,30.000000:337.500000,1350,True,9,9,1350,0.999999,17.5102,0,0.012702,1289 1350 1351 1290 1408 1407 1349 1289 -1
GCP,adapt_p70-52877936550931_a146-25_406_map.h5,27.6531,10,244,773,19.471220:146.250000,1193,True,49,13,1127,0.995298,27.2084,0,0.0126396,1061 1127 1128 1257 1256 1193 1126 1192 1255 1254 1191 1125 -1
GCP,adapt_p35-659087696138755_a224-99999999999997_72_map.h5,26.8706,10,588,1132,54.340912:225.000000,1594,True,11,11,1594,0.999999,20.889,0,0.0131909,1593 1593 1549 1548 1594 1550 1595 1637 1636 1635 -1
GCP,adapt_p35-659087696138755_a165-0_94_map.h5,25.7013,10,250,1428,54.340912:165.000000,1587,True,36,13,1586,0.996825,25.2063,0,0.0125009,1630 1630 1587 1541 1540 1586 1629 1585 1628 1666 1665 1627 -1
GCP,adapt_p35-659087696138755_a75-0_509_map.h5,26.8812,10,559,1055,54.340912:75.000000,1576,True,10,10,1619,0.999999,18.3479,0,0.0126229,1576 1576 1575 1618 1657 1658 1619 1659 1620 -1
GCP,adapt_p60-00000000000001_a135-0_60_map.h5,25.181,10,122,1543,30.000000:135.000000,1316,False,118,11,1433,0.876004,23.7127,0,0.0138205,995 1063 1129 1062 1128 1376 1434 1433 1432 1375 -1
GCP,adapt_p70-52877936550931_a191-25_42_map.h5,27.883,10,633,723,19.471220:191.250000,1201,True,11,11,1135,0.999998,20.4054,0,0.0128359,1136 1136 1202 1201 1264 1263 1200 1135 1134 1199 -1
GCP,adapt_p23-556464309101234_a22-5_530_map.h5,27.8813,10,425,825,66.443535:22.500000,1689,True,12,12,1689,0.999999,22.5872,0,0.0125366,1719 1719 1718 1687 1688 1652 1689 1653 1654 1690 1720 -1
GCP,adapt_p48-18968510422141_a33-75_507_map.h5,28.5095,10,81,379,41.810314:33.750000,1471,True,72,13,1418,0.973137,26.8476,0,0.0132934,1475 1420 1361 1419 1473 1418 1360 1359 1417 1471 1472 1524 -1
GCP,adapt_p23-556464309101234_a247-49999999999997_439_map.h5,26.8885,10,783,1156,66.443535:247.500000,1708,True,10,10,1736,0.999999,18.2025,0,0.0122268,1708 1708 1676 1675 1709 1710 1737 1736 1735 -1
GCP,adapt_p48-18968510422141_a78-75_436_map.h5,26.7948,10,198,1090,41.810314:78.750000,1478,True,25,13,1477,0.999783,25.3739,0,0.0130412,1422 1422 1423 1424 1478 1530 1529 1477 1476 1528 1575 1527 -1
GCP,adapt_p60-00000000000001_a202-49999999999997_139_map.h5,26.8203,10,397,1104,30.000000:202.500000,1328,True,20,13,1328,0.999897,25.8528,0,0.0124763,1266 1266 1329 1267 1330 1388 1387 1328 1386 1385 1327 1265 -1
GCP,adapt_p23-556464309101234_a292-5_523_map.h5,25.4677,10,183,1532,66.443535:292.500000,1712,False,78,12,1606,0.940694,24.5732,0,0.0130644,1682 1646 1605 1606 1647 1648 1607 1609 1610 1566 1519 -1
GCP,adapt_p60-00000000000001_a67-5_78_map.h5,27.8663,10,297,766,30.000000:67.500000,1305,True,14,14,1364,0.999999,27.6715,0,0.0125319,1306 1306 1305 1242 1243 1307 1366 1365 1423 1422 1364 1363 1304 -1
GCP,adapt_p70-52877936550931_a101-24999999999999_538_map.h5,27.8883,10,438,728,19.471220:101.250000,1185,True,12,12,1118,0.999999,24.3463,0,0.0125382,1119 1118 1184 1185 1248 1247 1183 1117 1051 1052 1119 -1
GCP,adapt_p60-00000000000001_a90-0_549_map.h5,25.7984,10,183,1518,30.000000:90.000000,1309,True,25,12,1310,0.999712,22.7841,0,0.0133298,1247 1247 1246 1309 1368 1310 1369 1427 1370 1311 1248 -1
GCP,adapt_p48-18968510422141_a168-74999999999997_236_map.h5,27.873,10,534,732,41.810314:168.750000,1491,True,11,11,1490,0.999998,20.9105,0,0.0127923,1491 1491 1437 1438 1490 1436 1489 1540 1541 1542 -1
GCP,adapt_p70-52877936550931_a146-25_184_map.h5,25.7623,10,350,1445,19.471220:146.250000,1193,True,29,12,1193,0.996582,23.1358,0,0.0124631,1256 1256 1255 1191 1192 1127 1193 1194 1128 1129 1195 -1
GCP,adapt_p70-52877936550931_a236-25_483_map.h5,26.8468,10,614,1085,19.471220:236.250000,1209,True,17,13,1209,0.999998,25.4792,0,0.0129668,1271 1271 1272 1210 1144 1209 1208 1143 1077 1142 1207 1270 -1
GCP,adapt_p11-715852394892384_a315-0_184_map.h5,26.7324,10,162,1106,78.284149:315.000000,1778,True,38,13,1777,0.995864,24.5806,0,0.0133864,1759 1759 1760 1738 1739 1761 1762 1778 1777 1776 1789 1790 -1
GCP,adapt_p35-659087696138755_a255-00000000000003_404_map.h5,28.8861,10,561,330,54.340912:255.000000,1598,True,10,10,1640,0.999999,18.3884,0,0.0126791,1639 1639 1677 1676 1640 1641 1599 1598 1597 -1
GCP,adapt_p48-18968510422141_a33-75_132_map.h5,26.8644,10,556,1125,41.810314:33.750000,1471,True,12,12,1418,0.999999,23.1281,0,0.0124129,1473 1473 1524 1525 1472 1471 1417 1359 1360 1418 1419 -1
GCP,adapt_p60-00000000000001_a292-5_135_map.h5,25.1881,10,61,1108,30.000000:292.500000,1343,False,277,11,1221,0.45939,24.9759,0,0.0202222,1231 1352 1288 1287 1285 1284 1221 1283 1220 1219 -1
GCP,adapt_p80-40593177313954_a315-0_451_map.h5,28.7232,10,256,367,9.594069:315.000000,1093,True,39,14,1159,0.997327,28.4558,0,0.0125953,1156 1156 1222 1223 1157 1091 1092 1158 1093 1094 1160 1159 1224 -1
GCP,adapt_p35-659087696138755_a165-0_588_map.h5,27.8802,10,397,719,54.340912:165.000000,1587,True,13,13,1586,0.999999,25.6592,0,0.0125672,1541 1541 1540 1585 1628 1667 1629 1586 1587 1542 1588 1630 -1
GCP,adapt_p48-18968510422141_a258-75_146_map.h5,27.766,10,266,716,41.810314:258.750000,1504,True,31,13,1504,0.997856,25.2102,0,0.0128068,1450 1450 1451 1452 1504 1505 1554 1598 1553 1503 1502 1552 -1
GCP,adapt_p35-659087696138755_a135-0_137_map.h5,25.8496,10,434,1514,54.340912:135.000000,1583,True,13,13,1537,0.999999,25.5062,0,0.0132288,1486 1486 1487 1539 1584 1538 1537 1583 1626 1582 1536 1485 -1
GCP,adapt_p70-52877936550931_a258-75_320_map.h5,27.729,10,188,782,19.471220:258.750000,1213,False,38,13,1341,0.994617,25.1014,0,0.01281,1278 1278 1340 1279 1280 1341 1399 1400 1401 1343 1342 1281 -1
GCP,adapt_p80-40593177313954_a270-0_430_map.h5,27.8361,10,439,747,9.594069:270.000000,1084,True,19,13,1084,0.999904,26.0294,0,0.0126734,1150 1150 1151 1149 1148 1082 1083 1016 1084 1017 1085 1086 -1
GCP,adapt_p80-40593177313954_a247-49999999999997_520_map.h5,28.8314,10,411,346,9.594069:247.500000,1080,True,19,13,1080,0.99988,25.702,0,0.0124241,1147 1147 1081 1080 1012 1079 1078 1145 1210 1211 1146 1212 -1
GCP,adapt_p35-659087696138755_a285-0_480_map.h5,25.714,10,242,1395,54.340912:285.000000,1601,True,37,12,1555,0.987134,24.255,0,0.012773,1602 1601 1600 1599 1554 1555 1505 1506 1507 1556 1557 -1
GCP,adapt_p48-18968510422141_a33-75_438_map.h5,27.8874,10,524,740,41.810314:33.750000,1471,True,11,11,1471,0.999999,20.2671,0,0.0123729,1417 1417 1418 1472 1524 1471 1523 1522 1470 1416 -1
GCP,adapt_p70-52877936550931_a101-24999999999999_25_map.h5,25.855,10,660,1507,19.471220:101.250000,1185,True,11,11,1185,0.999999,20.5594,0,0.0128122,1119 1119 1120 1186 1249 1248 1247 1184 1185 1118 -1
GCP,adapt_p48-18968510422141_a168-74999999999997_128_map.h5,25.6471,10,96,1540,41.810314:168.750000,1491,False,49,12,1199,0.984698,24.6649,0,0.0126845,1264 1263 1262 1198 1132 1133 1199 1134 1135 1200 1201 -1
GCP,adapt_p35-659087696138755_a285-0_16_map.h5,27.8944,10,621,731,54.340912:285.000000,1601,True,8,8,1601,0.999999,13.0231,0,0.0123795,1602 1602 1643 1642 1601 1557 1556 -1
GCP,adapt_p60-00000000000001_a157-5_277_map.h5,27.8052,10,202,779,30.000000:157.500000,1320,True,25,13,1320,0.999792,25.2642,0,0.0125529,1259 1259 1258 1257 1319 1378 1379 1320 1321 1380 1322 1381 -1
GCP,adapt_p60-00000000000001_a90-0_538_map.h5,27.8831,10,647,692,30.000000:90.000000,1309,True,10,10,1309,0.999999,18.4486,0,0.0127212,1310 1310 1246 1247 1309 1308 1367 1368 1369 -1
GCP,adapt_p80-40593177313954_a90-0_260_map.h5,28.7572,10,229,389,9.594069:90.000000,1051,True,32,14,1052,0.998863,28.1202,0,0.012587,983 983 1052 1118 1119 1053 985 984 1051 1117 1116 1050 1049 -1
GCP,adapt_p70-52877936550931_a191-25_214_map.h5,26.3043,10,107,1108,19.471220:191.250000,1201,True,105,12,1071,0.854777,24.9001,0,0.0135145,1383 1263 1264 1201 1135 1070 1136 1137 1071 1072 1005 -1
GCP,adapt_p70-52877936550931_a101-24999999999999_301_map.h5,28.8273,10,193,398,19.471220:101.250000,1185,True,22,14,1184,0.999973,27.7978,0,0.0124831,1247 1247 1185 1119 1120 1186 1249 1248 1184 1118 1117 1183 1246 -1
GCP,adapt_p23-556464309101234_a112-5_14_map.h5,26.8832,10,829,1150,66.443535:112.500000,1697,True,10,10,1725,0.999998,18.1104,0,0.0125564,1696 1696 1724 1695 1725 1726 1697 1662 1661 -1
GCP,adapt_p70-52877936550931_a258-75_249_map.h5,25.4378,10,206,1519,19.471220:258.750000,1213,True,75,11,1142,0.89391,24.4796,0,0.0129343,1082 1148 1214 1213 1208 1207 1141 1142 1143 1077 -1
GCP,adapt_p11-715852394892384_a45-0_305_map.h5,27.8907,10,622,749,78.284149:45.000000,1766,True,10,10,1766,0.999999,17.5922,0,0.0121217,1767 1767 1748 1747 1746 1745 1765 1766 1782 -1
GCP,adapt_p35-659087696138755_a315-0_310_map.h5,25.8744,10,703,1481,54.340912:315.000000,1605,True,9,9,1605,0.999999,15.8077,0,0.0124304,1561 1561 1560 1604 1605 1562 1606 1646 -1
GCP,adapt_p60-00000000000001_a247-49999999999997_484_map.h5,27.873,10,509,739,30.000000:247.500000,1335,True,14,13,1334,0.999999,26.5693,0,0.0126636,1392 1391 1333 1272 1273 1274 1336 1394 1393 1335 1334 1392 -1
GCP,adapt_p70-52877936550931_a258-75_89_map.h5,25.5582,10,156,1506,19.471220:258.750000,1213,True,61,12,1212,0.934731,24.6801,0,0.0135461,1013 1079 1080 1146 1211 1147 1212 1275 1276 1213 1148 -1
GCP,adapt_p35-659087696138755_a45-0_404_map.h5,26.8805,10,526,1024,54.340912:45.000000,1572,True,11,11,1572,0.999999,20.3647,0,0.0123254,1525 1525 1526 1573 1617 1616 1615 1571 1572 1524 -1
GCP,adapt_p80-40593177313954_a67-5_266_map.h5,26.8379,10,410,1094,9.594069:67.500000,1047,True,18,13,1047,0.999991,25.8248,0,0.0129243,1046 1046 978 979 980 1047 1112 1113 1114 1048 981 1049 -1
GCP,adapt_p48-18968510422141_a123-74999999999999_27_map.h5,27.8777,10,560,718,41.810314:123.750000,1484,True,9,9,1431,0.999999,15.5883,0,0.0131101,1432 1432 1485 1484 1431 1374 1373 1430 -1
GCP,adapt_p48-18968510422141_a348-74999999999994_451_map.h5,27.8018,10,248,754,41.810314:348.750000,1517,False,22,13,1409,0.999862,25.2958,0,0.0129746,1411 1411 1412 1466 1410 1353 1352 1351 1409 1465 1464 1408 -1
GCP,adapt_p80-40593177313954_a247-49999999999997_436_map.h5,26.7902,10,244,1130,9.594069:247.500000,1080,False,31,13,1143,0.996111,25.3037,0,0.0125736,1141 1141 1075 1076 1142 1077 1078 1079 1145 1144 1143 1208 -1
GCP,adapt_p60-00000000000001_a315-0_561_map.h5,26.8625,10,471,1096,30.000000:315.000000,1346,True,14,13,1347,0.999997,25.5927,0,0.0132966,1346 1346 1404 1460 1461 1406 1348 1287 1405 1347 1286 1285 -1
GCP,adapt_p48-18968510422141_a191-25_221_map.h5,25.7188,10,231,1422,41.810314:191.250000,1494,True,38,13,1494,0.996402,25.3719,0,0.01295,1440 1440 1441 1495 1442 1443 1496 1546 1545 1544 1494 1493 -1
GCP,adapt_p11-715852394892384_a135-0_2_map.h5,27.8782,10,448,715,78.284149:135.000000,1770,True,13,13,1753,0.999999,25.0988,0,0.0126101,1770 1770 1771 1772 1786 1785 1751 1752 1728 1729 1753 1754 -1
GCP,adapt_p35-659087696138755_a344-99999999999994_17_map.h5,26.8568,10,340,1147,54.340912:345.000000,1609,True,16,13,1649,0.999997,25.6166,0,0.0130664,1648 1648 1685 1684 1649 1650 1610 1609 1565 1564 1608 1607 -1
GCP,adapt_p23-556464309101234_a157-5_42_map.h5,28.8862,10,392,351,66.443535:157.500000,1701,True,12,12,1700,0.999998,22.945,0,0.012574,1665 1665 1699 1728 1729 1701 1667 1700 1666 1628 1627 -1
GCP,adapt_p48-18968510422141_a191-25_352_map.h5,27.823,10,544,745,41.810314:191.250000,1494,True,12,12,1494,0.999999,23.024,0,0.0127674,1544 1544 1545 1495 1442 1441 1494 1543 1492 1493 1440 -1
GCP,adapt_p80-40593177313954_a157-5_101_map.h5,26.8892,10,666,1243,9.594069:157.500000,1063,True,10,10,1064,0.999999,18.6293,0,0.0125321,1063 1063 1064 1065 1131 1130 1062 1128 1129 -1
GCP,adapt_p48-18968510422141_a258-75_345_map.h5,28.8961,10,544,356,41.810314:258.750000,1504,True,9,9,1504,0.999999,15.6756,0,0.0126876,1452 1452 1505 1504 1553 1503 1451 1450 -1
GCP,adapt_p35-659087696138755_a135-0_471_map.h5,25.1911,10,142,1507,54.340912:135.000000,1583,True,109,11,1536,0.829055,24.6109,0,0.0137002,1426 1484 1535 1536 1485 1537 1583 1582 1581 1697 -1
GCP,adapt_p11-715852394892384_a225-0_363_map.h5,27.876,10,524,715,78.284149:225.000000,1774,True,11,11,1774,0.999998,20.2379,0,0.012757,1756 1756 1755 1757 1758 1775 1774 1773 1787 1788 -1
GCP,adapt_p70-52877936550931_a168-74999999999997_285_map.h5,26.8032,10,717,1191,19.471220:168.750000,1197,True,12,12,1197,0.999999,24.2607,0,0.0125855,1198 1198 1131 1132 1196 1259 1260 1197 1199 1262 1261 -1
GCP,adapt_p48-18968510422141_a11-25_530_map.h5,26.843,10,436,1186,41.810314:11.250000,1468,True,18,13,1520,0.999981,26.0739,0,0.0127987,1519 1519 1468 1414 1413 1467 1518 1520 1567 1568 1521 1469 -1
GCP,adapt_p23-556464309101234_a337-5_555_map.h5,27.8286,10,260,792,66.443535:337.500000,1716,True,20,13,1741,0.999939,24.667,0,0.0132186,1740 1740 1741 1763 1764 1742 1716 1684 1683 1715 1714 1682 -1
GCP,adapt_p48-18968510422141_a168-74999999999997_250_map.h5,25.8714,10,764,1446,41.810314:168.750000,1491,True,12,12,1491,0.999999,23.3635,0,0.012333,1437 1437 1436 1438 1439 1492 1542 1491 1490 1541 1540 -1
GCP,adapt_p48-18968510422141_a11-25_514_map.h5,26.767,10,245,1137,41.810314:11.250000,1468,True,29,13,1468,0.999631,25.5595,0,0.0127831,1470 1470 1415 1356 1414 1469 1522 1521 1520 1468 1467 1413 -1
GCP,adapt_p60-00000000000001_a180-0_131_map.h5,27.8583,10,381,753,30.000000:180.000000,1324,True,16,13,1324,0.999986,25.3393,0,0.0134251,1323 1323 1261 1262 1324 1383 1325 1384 1440 1439 1382 1381 -1
GCP,adapt_p70-52877936550931_a258-75_503_map.h5,25.7368,10,237,1461,19.471220:258.750000,1213,False,34,13,1147,0.998724,25.6257,0,0.0130012,1084 1084 1149 1083 1148 1082 1147 1081 1080 1145 1146 1211 -1
GCP,adapt_p23-556464309101234_a157-5_479_map.h5,27.0416,10,29,402,66.443535:157.500000,1701,False,313,9,1434,0.685212,26.4429,0,0.0217792,1459 1487 1433 1376 1318 1377 1434 1435 -1
GCP,adapt_p48-18968510422141_a236-25_424_map.h5,27.8738,10,499,718,41.810314:236.250000,1501,True,11,11,1448,0.999998,21.3828,0,0.0130037,1501 1501 1500 1447 1502 1450 1449 1393 1392 1448 -1
GCP,adapt_p48-18968510422141_a258-75_36_map.h5,27.8398,10,295,752,41.810314:258.750000,1504,True,20,14,1504,0.999994,27.7319,0,0.0130004,1554 1554 1598 1553 1503 1552 1502 1450 1451 1395 1452 1504 1505 -1
GCP,adapt_p70-52877936550931_a168-74999999999997_339_map.h5,27.8933,10,581,770,19.471220:168.750000,1197,True,11,11,1197,0.999999,21.1141,0,0.0135185,1131 1131 1130 1195 1259 1196 1132 1198 1197 1260 -1
GCP,adapt_p23-556464309101234_a67-5_247_map.h5,25.5117,10,148,1582,66.443535:67.500000,1693,False,69,11,1369,0.981133,24.129,0,0.0131207,1659 1368 1426 1369 1310 1311 1370 1371 1428 1427 -1
GCP,adapt_p23-556464309101234_a112-5_173_map.h5,25.785,10,210,1541,66.443535:112.500000,1697,True,28,13,1726,0.99896,25.5453,0,0.0127617,1751 1751 1725 1695 1696 1661 1662 1697 1726 1752 1727 1698 -1
GCP,adapt_p70-52877936550931_a33-75_229_map.h5,27.8784,10,417,766,19.471220:33.750000,1173,True,12,12,1173,0.999999,22.8518,0,0.0124048,1236 1236 1235 1172 1106 1107 1173 1174 1238 1237 1300 -1
GCP,adapt_p60-00000000000001_a45-0_24_map.h5,25.8719,10,538,1462,30.000000:45.000000,1301,True,12,12,1301,0.999999,23.3231,0,0.0128889,1361 1361 1360 1300 1237 1238 1301 1362 1303 1302 1239 -1
GCP,adapt_p48-18968510422141_a258-75_189_map.h5,25.8681,10,722,1509,41.810314:258.750000,1504,True,12,12,1503,0.999999,22.8609,0,0.012672,1451 1451 1452 1505 1554 1504 1503 1553 1552 1502 1450 -1
GCP,adapt_p23-556464309101234_a202-5_88_map.h5,27.868,10,418,760,66.443535:202.500000,1704,True,11,11,1704,0.999999,20.2585,0,0.0127526,1703 1703 1669 1670 1671 1705 1704 1731 1732 1733 -1
GCP,adapt_p23-556464309101234_a292-5_213_map.h5,25.7983,10,169,1522,66.443535:292.500000,1712,True,25,13,1713,0.999795,25.4088,0,0.0124933,1714 1714 1739 1738 1761 1762 1740 1713 1712 1680 1681 1682 -1
GCP,adapt_p80-40593177313954_a157-5_65_map.h5,27.8546,10,369,747,9.594069:157.500000,1063,True,16,13,1130,0.999997,25.7155,0,0.0132548,1128 1128 1062 1064 996 1063 1129 1195 1196 1130 1131 1065 -1
GCP,adapt_p80-40593177313954_a45-0_371_map.h5,24.4061,10,148,1543,9.594069:45.000000,1042,False,228,7,1263,0.6123,23.7073,0,0.0170491,1109 1262 1263 1325 1264 1201 -1
GCP,adapt_p60-00000000000001_a224-99999999999997_332_map.h5,27.8669,10,389,744,30.000000:225.000000,1331,True,13,13,1390,0.999999,26.1017,0,0.0128841,1391 1391 1447 1446 1389 1331 1390 1271 1270 1332 1333 1392 -1
GCP,adapt_p60-00000000000001_a270-0_565_map.h5,25.6231,10,160,1515,30.000000:270.000000,1339,True,48,13,1339,0.99308,25.4596,0,0.0127286,1398 1398 1397 1396 1337 1338 1277 1215 1278 1339 1340 1279 -1
GCP,adapt_p48-18968510422141_a191-25_71_map.h5,25.8441,10,197,1490,41.810314:191.250000,1494,True,17,12,1493,0.999911,23.4239,0,0.012718,1492 1492 1440 1493 1543 1542 1589 1544 1545 1494 1441 -1
GCP,adapt_p11-715852394892384_a315-0_446_map.h5,27.7579,10,194,802,78.284149:315.000000,1778,True,43,14,1778,0.991844,26.6873,0,0.0128657,1780 1780 1781 1791 1790 1789 1777 1778 1779 1763 1762 1761 1739 -1
GCP,adapt_p60-00000000000001_a90-0_92_map.h5,27.8725,10,488,738,30.000000:90.000000,1309,True,12,12,1309,0.999999,24.9576,0,0.0132953,1367 1308 1245 1307 1246 1247 1310 1369 1368 1309 1367 -1
GCP,adapt_p23-556464309101234_a112-5_191_map.h5,27.8723,10,234,762,66.443535:112.500000,1697,True,14,14,1696,0.999999,27.7579,0,0.0124307,1724 1724 1750 1749 1694 1695 1660 1661 1696 1725 1726 1697 1662 -1
GCP,adapt_p23-556464309101234_a202-5_111_map.h5,27.8843,10,519,699,66.443535:202.500000,1704,True,11,11,1704,0.999999,21.1059,0,0.0124962,1732 1732 1731 1705 1706 1733 1704 1670 1671 1672 -1
GCP,adapt_p23-556464309101234_a247-49999999999997_52_map.h5,27.8901,10,565,785,66.443535:247.500000,1708,True,12,12,1708,0.999999,23.1195,0,0.0126629,1707 1707 1735 1734 1673 1674 1637 1638 1675 1708 1709 -1
GCP,adapt_p60-00000000000001_a337-49999999999994_308_map.h5,25.7629,10,248,1488,30.000000:337.500000,1350,True,22,12,1407,0.999712,23.4292,0,0.0129411,1408 1408 1463 1462 1406 1405 1348 1407 1350 1349 1288 -1
GCP,adapt_p80-40593177313954_a22-5_475_map.h5,27.8163,10,276,735,9.594069:22.500000,1038,True,20,13,1104,0.99985,25.9996,0,0.0124665,1171 1171 1170 1172 1106 1105 1039 1038 1104 1103 1037 1036 -1
GCP,adapt_p70-52877936550931_a146-25_483_map.h5,25.825,10,320,1469,19.471220:146.250000,1193,False,19,13,1129,0.999977,25.0633,0,0.0128556,1064 1064 1065 1131 1130 1196 1195 1129 1063 1062 1128 1194 -1
GCP,adapt_p35-659087696138755_a315-0_449_map.h5,28.8988,10,502,369,54.340912:315.000000,1605,True,9,9,1605,0.999999,15.3145,0,0.013018,1646 1646 1645 1604 1560 1561 1605 1606 -1
GCP,adapt_p48-18968510422141_a258-75_439_map.h5,27.87,10,542,795,41.810314:258.750000,1504,True,12,12,1451,0.999999,22.9514,0,0.0128249,1394 1394 1395 1452 1504 1503 1451 1450 1393 1449 1502 -1
GCP,adapt_p60-00000000000001_a292-5_220_map.h5,26.581,10,114,1119,30.000000:292.500000,1343,True,57,12,1403,0.983364,24.4875,0,0.0127847,1342 1343 1401 1457 1402 1344 1345 1403 1404 1459 1458 -1
GCP,adapt_p70-52877936550931_a213-75_470_map.h5,26.881,10,688,1047,19.471220:213.750000,1205,True,10,10,1205,0.999998,18.2652,0,0.0127542,1206 1206 1140 1205 1269 1268 1267 1204 1139 -1
GCP,adapt_p80-40593177313954_a337-49999999999994_80_map.h5,25.6629,10,121,1544,9.594069:337.500000,1097,True,47,12,1163,0.971818,24.4329,0,0.0129165,1161 1096 1097 1162 1227 1228 1163 1164 1229 1292 1293 -1
GCP,adapt_p35-659087696138755_a75-0_121_map.h5,26.1255,10,121,1098,54.340912:75.000000,1576,True,123,9,1576,0.945185,25.3391,0,0.0143966,1387 1529 1530 1577 1576 1620 1619 1575 -1
GCP,adapt_p35-659087696138755_a165-0_334_map.h5,28.8803,10,469,422,54.340912:165.000000,1587,True,12,12,1587,0.999998,23.2323,0,0.0124227,1629 1629 1587 1541 1588 1630 1667 1666 1628 1585 1586 -1
GCP,adapt_p80-40593177313954_a45-0_498_map.h5,26.856,10,445,1142,9.594069:45.000000,1042,True,16,13,1108,0.999997,25.8711,0,0.0128314,1109 1109 1042 1043 1110 1175 1108 1174 1173 1107 1041 1040 -1
GCP,adapt_p80-40593177313954_a337-49999999999994_192_map.h5,28.879,10,468,365,9.594069:337.500000,1097,True,11,11,1096,0.999999,21.0264,0,0.0127636,1029 1029 1028 1095 1161 1162 1096 1030 1098 1097 -1
GCP,adapt_p60-00000000000001_a247-49999999999997_552_map.h5,27.8573,10,469,744,30.000000:247.500000,1335,True,17,13,1336,0.999997,25.4411,0,0.0125124,1395 1395 1396 1337 1275 1336 1394 1393 1335 1274 1273 1334 -1
GCP,adapt_p48-18968510422141_a11-25_98_map.h5,27.8527,10,318,791,41.810314:11.250000,1468,True,18,13,1467,0.999991,26.1648,0,0.013131,1520 1520 1469 1521 1414 1468 1467 1519 1518 1412 1413 1354 -1
GCP,adapt_p35-659087696138755_a285-0_108_map.h5,26.8953,10,748,1154,54.340912:285.000000,1601,True,8,8,1602,0.999999,13.6501,0,0.0124666,1601 1601 1643 1557 1558 1602 1603 -1
GCP,adapt_p35-659087696138755_a105-0_596_map.h5,27.8871,10,521,705,54.340912:105.000000,1579,True,10,10,1622,0.999999,18.3892,0,0.0127195,1623 1623 1660 1661 1622 1621 1578 1579 1580 -1
GCP,adapt_p80-40593177313954_a157-5_287_map.h5,27.85,10,439,748,9.594069:157.500000,1063,True,14,13,1064,0.999906,25.9435,0,0.0127791,1065 1065 998 997 1064 1130 1131 996 1063 1129 1128 1062 -1
GCP,adapt_p11-715852394892384_a225-0_531_map.h5,26.8563,10,332,1112,78.284149:225.000000,1774,True,16,13,1774,0.999995,24.6943,0,0.0125024,1755 1755 1732 1733 1756 1757 1758 1775 1774 1773 1787 1788 -1
GCP,adapt_p23-556464309101234_a22-5_400_map.h5,28.8473,10,269,404,66.443535:22.500000,1689,True,18,14,1652,0.999986,27.6079,0,0.0134822,1687 1687 1651 1652 1613 1614 1653 1688 1718 1719 1689 1690 1654 -1
GCP,adapt_p48-18968510422141_a258-75_140_map.h5,27.8733,10,526,718,41.810314:258.750000,1504,True,13,13,1553,0.999999,25.5005,0,0.0125074,1552 1552 1597 1598 1553 1502 1450 1503 1451 1452 1504 1554 -1
GCP,adapt_p60-00000000000001_a112-49999999999999_215_map.h5,27.8058,10,293,708,30.000000:112.500000,1313,True,19,13,1371,0.999899,26.0152,0,0.0129741,1370 1370 1312 1311 1371 1428 1429 1430 1372 1313 1373 1314 -1
GCP,adapt_p35-659087696138755_a344-99999999999994_574_map.h5,27.8473,10,271,739,54.340912:345.000000,1609,True,18,13,1609,0.999994,26.7034,0,0.0125284,1650 1650 1610 1566 1516 1564 1565 1609 1611 1649 1608 1607 -1
GCP,adapt_p48-18968510422141_a213-75_154_map.h5,27.8529,10,538,717,41.810314:213.750000,1497,True,13,13,1445,0.999999,25.1576,0,0.01287,1548 1548 1547 1546 1496 1444 1497 1498 1445 1446 1499 1549 -1
GCP,adapt_p70-52877936550931_a11-25_502_map.h5,26.6921,10,180,1120,19.471220:11.250000,1169,True,43,13,1233,0.987581,25.9455,0,0.0126511,1230 1230 1293 1167 1168 1102 1169 1231 1232 1233 1170 1234 -1
GCP,adapt_p80-40593177313954_a0-0_266_map.h5,27.8852,10,473,696,9.594069:0.000000,1034,True,12,12,1034,0.999999,23.4855,0,0.0125369,1035 1035 1101 1034 967 1033 1166 1100 1032 1099 1165 -1
GCP,adapt_p23-556464309101234_a292-5_479_map.h5,27.8814,10,451,780,66.443535:292.500000,1712,True,12,12,1712,0.999999,23.4949,0,0.0123471,1738 1738 1713 1739 1712 1737 1710 1711 1678 1679 1680 -1
GCP,adapt_p48-18968510422141_a303-75_555_map.h5,26.8512,10,433,1205,41.810314:303.750000,1510,True,14,13,1511,0.999999,25.0361,0,0.0125966,1459 1459 1458 1457 1509 1559 1510 1511 1560 1561 1512 1460 -1
GCP,adapt_p48-18968510422141_a101-24999999999999_28_map.h5,27.8865,10,495,734,41.810314:101.250000,1481,True,9,9,1428,0.999999,15.6095,0,0.0123237,1427 1427 1428 1429 1483 1482 1533 1481 -1
GCP,adapt_p60-00000000000001_a45-0_164_map.h5,27.8849,10,596,718,30.000000:45.000000,1301,True,11,11,1301,0.999999,21.139,0,0.0128567,1360 1360 1302 1239 1361 1301 1238 1237 1300 1359 -1
GCP,adapt_p11-715852394892384_a135-0_122_map.h5,27.8859,10,705,691,78.284149:135.000000,1770,True,9,9,1752,0.999998,15.3913,0,0.0129212,1771 1771 1753 1752 1751 1769 1770 1785 -1
GCP,adapt_p70-52877936550931_a326-24999999999994_434_map.h5,24.7621,10,148,1499,19.471220:326.250000,1225,False,179,10,1292,0.898177,23.0023,0,0.015575,1652 1353 1293 1292 1229 1352 1291 1228 1227 -1
GCP,adapt_p60-00000000000001_a22-5_224_map.h5,25.8294,10,344,1483,30.000000:22.500000,1298,True,17,13,1358,0.99999,25.3014,0,0.0124341,1298 1298 1299 1300 1359 1417 1416 1358 1357 1297 1356 1415 -1
GCP,adapt_p80-40593177313954_a202-49999999999997_213_map.h5,28.8602,10,325,350,9.594069:202.500000,1072,True,15,14,1071,0.999996,27.9652,0,0.0126435,1070 1070 1002 1003 1004 1071 1136 1137 1138 1072 1005 1073 1139 -1
GCP,adapt_p60-00000000000001_a247-49999999999997_187_map.h5,27.7561,10,257,761,30.000000:247.500000,1335,True,29,14,1335,0.99911,27.7273,0,0.0127183,1272 1272 1333 1391 1392 1334 1273 1274 1336 1394 1335 1393 1449 -1
GCP,adapt_p48-18968510422141_a303-75_78_map.h5,25.8615,10,684,1492,41.810314:303.750000,1510,True,11,11,1510,0.999999,20.9286,0,0.0122907,1509 1509 1458 1457 1510 1459 1511 1560 1559 1558 -1
GCP,adapt_p70-52877936550931_a326-24999999999994_77_map.h5,28.8257,10,282,314,19.471220:326.250000,1225,True,22,14,1226,0.999956,28.3076,0,0.0130762,1287 1287 1349 1289 1290 1227 1162 1161 1226 1288 1225 1224 1160 -1
GCP,adapt_p80-40593177313954_a202-49999999999997_368_map.h5,26.7544,10,419,1115,9.594069:202.500000,1072,True,29,13,1073,0.992655,25.9827,0,0.0124372,1139 1139 1073 1006 1007 1074 1005 1004 1072 1137 1071 1070 -1
GCP,adapt_p60-00000000000001_a45-0_353_map.h5,26.8571,10,311,1077,30.000000:45.000000,1301,True,17,13,1301,0.999992,25.8096,0,0.0127049,1300 1300 1238 1237 1301 1302 1362 1361 1419 1418 1360 1359 -1
GCP,adapt_p35-659087696138755_a255-00000000000003_467_map.h5,27.868,10,403,727,54.340912:255.000000,1598,True,14,14,1598,0.999998,27.6384,0,0.0127582,1554 1554 1504 1553 1552 1597 1639 1640 1598 1599 1641 1600 1555 -1
GCP,adapt_p70-52877936550931_a236-25_40_map.h5,28.8401,10,377,342,19.471220:236.250000,1209,True,16,14,1273,0.999919,27.5597,0,0.0126781,1144 1144 1145 1210 1211 1274 1335 1334 1273 1272 1209 1208 1271 -1
GCP,adapt_p23-556464309101234_a337-5_293_map.h5,27.85,10,321,790,66.443535:337.500000,1716,True,16,14,1685,0.999994,27.6385,0,0.0128148,1684 1684 1649 1685 1716 1742 1743 1717 1687 1651 1686 1650 1611 -1
GCP,adapt_p48-18968510422141_a123-74999999999999_258_map.h5,25.8351,10,441,1504,41.810314:123.750000,1484,True,16,13,1432,0.999982,25.3115,0,0.0126989,1433 1433 1432 1375 1374 1431 1430 1484 1536 1485 1486 1537 -1
GCP,adapt_p80-40593177313954_a67-5_577_map.h5,28.8313,10,309,392,9.594069:67.500000,1047,True,19,14,979,0.99999,27.8581,0,0.0124355,980 980 981 1048 1047 1046 979 912 911 978 1045 977 1044 -1
GCP,adapt_p35-659087696138755_a315-0_554_map.h5,26.7952,10,296,1094,54.340912:315.000000,1605,True,25,13,1605,0.999864,24.7544,0,0.0126394,1645 1645 1646 1682 1683 1647 1606 1562 1561 1605 1604 1560 -1
GCP,adapt_p70-52877936550931_a146-25_318_map.h5,27.8392,10,364,758,19.471220:146.250000,1193,True,18,13,1192,0.999978,25.5917,0,0.0125567,1193 1193 1128 1127 1126 1192 1256 1255 1254 1191 1125 1190 -1
GCP,adapt_p80-40593177313954_a67-5_32_map.h5,27.8373,10,365,737,9.594069:67.500000,1047,True,13,13,1048,0.999999,25.9414,0,0.0124362,1049 1049 980 981 1048 1115 1114 1113 1047 979 1046 1112 -1
GCP,adapt_p70-52877936550931_a281-24999999999994_525_map.h5,27.8662,10,393,736,19.471220:281.250000,1217,True,15,13,1217,0.999997,25.7453,0,0.0126331,1216 1216 1152 1151 1217 1279 1280 1281 1218 1153 1154 1219 -1
GCP,adapt_p35-659087696138755_a165-0_426_map.h5,26.8113,10,293,1076,54.340912:165.000000,1587,True,23,13,1629,0.999959,24.9833,0,0.01248,1666 1666 1667 1630 1587 1586 1629 1628 1585 1584 1627 1665 -1
GCP,adapt_p80-40593177313954_a180-0_353_map.h5,25.7392,10,276,1439,9.594069:180.000000,1067,True,30,12,1068,0.997429,22.737,0,0.0125964,1199 1199 1200 1135 1069 1001 1000 1068 1134 1133 1067 -1
GCP,adapt_p80-40593177313954_a157-5_328_map.h5,26.8734,10,449,1087,9.594069:157.500000,1063,True,14,12,1063,0.999998,24.7933,0,0.0124006,1062 995 996 1063 1062 1061 1128 1129 1130 1064 1131 -1
GCP,adapt_p80-40593177313954_a292-5_546_map.h5,27.8152,10,331,785,9.594069:292.500000,1088,False,15,12,1090,0.99995,23.419,0,0.0125444,1022 1022 1091 1092 1024 1023 1090 1156 1155 1089 1021 -1
GCP,adapt_p70-52877936550931_a258-75_524_map.h5,26.8144,10,307,1069,19.471220:258.750000,1213,True,24,13,1212,0.999919,24.8353,0,0.0124087,1274 1274 1211 1146 1147 1212 1275 1276 1213 1148 1149 1214 -1
GCP,adapt_p35-659087696138755_a45-0_516_map.h5,27.883,10,378,749,54.340912:45.000000,1572,True,10,10,1572,0.999999,18.7774,0,0.0127756,1571 1571 1616 1617 1573 1572 1615 1570 1524 -1
GCP,adapt_p48-18968510422141_a348-74999999999994_490_map.h5,27.8825,10,545,736,41.810314:348.750000,1517,True,11,11,1517,0.999999,20.4731,0,0.012314,1518 1518 1519 1566 1565 1516 1465 1517 1466 1412 -1
GCP,adapt_p48-18968510422141_a348-74999999999994_124_map.h5,25.7814,10,298,1378,41.810314:348.750000,1517,True,31,13,1465,0.999415,25.2229,0,0.0134467,1412 1412 1518 1517 1516 1464 1408 1409 1465 1466 1410 1411 -1
GCP,adapt_p80-40593177313954_a180-0_482_map.h5,25.7372,10,204,1565,9.594069:180.000000,1067,True,31,13,1070,0.994589,25.652,0,0.0135484,1000 1000 1067 1068 1001 1002 1069 1136 1070 1003 1071 1004 -1
GCP,adapt_p48-18968510422141_a33-75_409_map.h5,27.8582,10,574,788,41.810314:33.750000,1471,True,11,11,1417,0.999998,20.1693,0,0.0126458,1416 1416 1417 1418 1472 1524 1523 1471 1470 1522 -1
GCP,adapt_p35-659087696138755_a315-0_526_map.h5,24.4901,10,113,757,54.340912:315.000000,1605,False,579,9,1081,0.496245,23.3638,0,0.0451588,1067 1012 1080 1013 1081 1014 1082 1015 -1
GCP,adapt_p80-40593177313954_a224-99999999999997_162_map.h5,27.7941,10,312,704,9.594069:225.000000,1076,True,24,13,1075,0.999432,26.6584,0,0.0127432,1008 1075 1007 1008 1076 1142 1141 1140 1074 1006 1073 1139 -1
GCP,adapt_p11-715852394892384_a135-0_225_map.h5,25.8203,10,384,1522,78.284149:135.000000,1770,True,22,13,1752,0.999926,24.6948,0,0.0124783,1769 1769 1750 1751 1752 1728 1753 1754 1772 1771 1770 1785 -1
GCP,adapt_p80-40593177313954_a315-0_441_map.h5,28.8482,10,272,362,9.594069:315.000000,1093,True,19,14,1094,0.999996,28.7242,0,0.0126099,1026 1026 1095 1161 1028 1027 1094 1160 1159 1093 1025 1092 1158 -1
GCP,adapt_p70-52877936550931_a326-24999999999994_332_map.h5,25.8023,10,248,1535,19.471220:326.250000,1225,False,20,13,1223,0.999565,25.6455,0,0.0124929,1159 1159 1224 1287 1347 1346 1284 1222 1285 1286 1223 1158 -1
GCP,adapt_p48-18968510422141_a191-25_354_map.h5,25.8583,10,522,1473,41.810314:191.250000,1494,True,14,12,1545,0.999997,23.0668,0,0.0134323,1495 1495 1546 1591 1590 1545 1544 1493 1494 1442 1441 -1
GCP,adapt_p23-556464309101234_a202-5_308_map.h5,27.8564,10,339,777,66.443535:202.500000,1704,True,15,13,1704,0.999997,25.016,0,0.013437,1703 1703 1669 1670 1633 1634 1671 1705 1704 1731 1732 1733 -1
GCP,adapt_p23-556464309101234_a292-5_7_map.h5,26.831,10,307,1106,66.443535:292.500000,1712,True,21,13,1739,0.999979,25.8598,0,0.0128151,1740 1740 1761 1760 1737 1738 1739 1762 1714 1713 1712 1711 -1
GCP,adapt_p23-556464309101234_a157-5_443_map.h5,26.8522,10,291,1141,66.443535:157.500000,1701,True,15,13,1701,0.999996,25.0282,0,0.0126076,1667 1667 1668 1702 1730 1701 1729 1728 1699 1700 1666 1665 -1
GCP,adapt_p60-00000000000001_a135-0_554_map.h5,27.7567,10,287,711,30.000000:135.000000,1316,True,29,13,1375,0.996914,26.0236,0,0.0130938,1432 1432 1374 1433 1377 1318 1256 1255 1317 1376 1375 1316 -1
GCP,adapt_p35-659087696138755_a45-0_566_map.h5,26.8777,10,477,1120,54.340912:45.000000,1572,True,10,10,1572,0.999999,18.1074,0,0.0130784,1525 1525 1573 1526 1572 1616 1615 1571 1524 -1
GCP,adapt_p48-18968510422141_a281-24999999999994_143_map.h5,27.8361,10,389,722,41.810314:281.250000,1507,True,18,13,1507,0.999903,25.1214,0,0.0127475,1508 1508 1456 1455 1507 1557 1556 1506 1505 1453 1454 1398 -1
GCP,adapt_p70-52877936550931_a56-24999999999999_385_map.h5,27.8835,10,610,682,19.471220:56.250000,1177,True,10,10,1177,0.999999,18.3045,0,0.0122683,1240 1240 1178 1241 1177 1111 1110 1176 1239 -1
GCP,adapt_p35-659087696138755_a165-0_597_map.h5,26.8597,10,541,1069,54.340912:165.000000,1587,True,12,12,1629,0.999999,23.0722,0,0.0130893,1587 1587 1541 1586 1585 1628 1666 1667 1629 1668 1630 -1
GCP,adapt_p80-40593177313954_a112-49999999999999_3_map.h5,24.6691,10,166,1472,9.594069:112.500000,1055,True,197,10,1122,0.648956,22.5563,0,0.0162667,913 1054 1055 1122 1188 1189 1123 1124 1125 -1
GCP,adapt_p35-659087696138755_a285-0_292_map.h5,26.7431,10,238,1135,54.340912:285.000000,1601,True,33,13,1601,0.996007,26.099,0,0.0126998,1678 1678 1600 1556 1507 1557 1601 1642 1641 1679 1643 1602 -1
GCP,adapt_p48-18968510422141_a123-74999999999999_84_map.h5,25.8313,10,222,1503,41.810314:123.750000,1484,True,17,12,1484,0.99996,23.2807,0,0.0124362,1535 1535 1484 1485 1536 1534 1483 1429 1372 1430 1431 -1
GCP,adapt_p23-556464309101234_a292-5_66_map.h5,25.821,10,259,1474,66.443535:292.500000,1712,True,20,13,1739,0.999858,25.1299,0,0.0128268,1740 1740 1762 1761 1738 1711 1712 1739 1713 1714 1681 1680 -1
GCP,adapt_p48-18968510422141_a258-75_291_map.h5,27.8567,10,369,741,41.810314:258.750000,1504,True,14,13,1451,0.999998,25.8413,0,0.0130429,1504 1504 1452 1395 1394 1450 1449 1502 1552 1503 1451 1553 -1
GCP,adapt_p23-556464309101234_a247-49999999999997_130_map.h5,28.8716,10,358,345,66.443535:247.500000,1708,True,14,14,1708,0.999998,27.6585,0,0.0132111,1735 1735 1734 1673 1674 1707 1708 1675 1676 1709 1736 1737 1710 -1
GCP,adapt_p48-18968510422141_a33-75_289_map.h5,27.8468,10,295,770,41.810314:33.750000,1471,True,18,13,1417,0.999973,25.4879,0,0.0129513,1416 1416 1359 1358 1417 1418 1472 1524 1523 1471 1470 1522 -1
GCP,adapt_p48-18968510422141_a168-74999999999997_341_map.h5,25.5867,10,157,1513,41.810314:168.750000,1491,False,51,12,1055,0.971042,24.4848,0,0.0130525,920 988 989 1056 1055 1121 1120 1054 987 986 1053 -1
GCP,adapt_p60-00000000000001_a180-0_519_map.h5,28.7119,10,195,378,30.000000:180.000000,1324,True,39,14,1261,0.992868,27.7795,0,0.0129281,1380 1380 1321 1322 1323 1260 1261 1198 1199 1200 1263 1262 1324 -1
GCP,adapt_p35-659087696138755_a315-0_160_map.h5,28.8503,10,240,367,54.340912:315.000000,1605,True,16,14,1605,0.999999,27.3705,0,0.0125674,1560 1560 1511 1512 1513 1562 1606 1647 1646 1605 1561 1604 1645 -1
GCP,adapt_p80-40593177313954_a157-5_349_map.h5,26.8173,10,326,1104,9.594069:157.500000,1063,True,21,13,1128,0.999833,26.0079,0,0.0125282,1064 1064 1065 1131 1063 1062 1061 1127 1193 1128 1129 1130 -1
GCP,adapt_p70-52877936550931_a281-24999999999994_29_map.h5,25.5577,10,227,1441,19.471220:281.250000,1217,False,61,12,1215,0.97785,24.6201,0,0.0131318,1016 1150 1215 1216 1279 1340 1339 1278 1277 1214 1213 -1
GCP,adapt_p11-715852394892384_a225-0_348_map.h5,26.8815,10,663,1091,78.284149:225.000000,1774,True,10,10,1774,0.999999,17.8737,0,0.012328,1757 1757 1756 1758 1775 1774 1773 1787 1788 -1
GCP,adapt_p80-40593177313954_a270-0_280_map.h5,25.2378,10,188,1468,9.594069:270.000000,1084,False,110,12,1397,0.953206,24.8157,0,0.0138222,1278 1339 1398 1454 1453 1397 1338 1276 1337 1396 1452 -1
GCP,adapt_p60-00000000000001_a67-5_510_map.h5,27.8702,10,494,747,30.000000:67.500000,1305,True,13,13,1305,0.999999,25.18,0,0.0126457,1365 1365 1364 1363 1304 1242 1305 1306 1243 1244 1307 1366 -1
GCP,adapt_p80-40593177313954_a202-49999999999997_515_map.h5,26.9053,10,456,1075,9.594069:202.500000,1072,False,10,10,1073,0.999998,18.6083,0,0.0124822,1074 1074 1140 1139 1204 1203 1138 1073 1007 -1
GCP,adapt_p80-40593177313954_a337-49999999999994_163_map.h5,26.8945,10,554,1129,9.594069:337.500000,1097,True,8,8,1097,0.999999,13.7027,0,0.0123173,1163 1163 1164 1098 1162 1096 1097 -1
GCP,adapt_p70-52877936550931_a33-75_483_map.h5,25.8352,10,426,1531,19.471220:33.750000,1173,True,17,13,1106,0.999951,25.5907,0,0.0126155,1105 1105 1171 1106 1172 1235 1236 1173 1107 1041 1108 1174 -1
GCP,adapt_p70-52877936550931_a348-74999999999994_537_map.h5,27.832,10,240,762,19.471220:348.750000,1229,True,18,13,1166,0.999951,25.4627,0,0.0127782,1230 1230 1229 1164 1165 1100 1166 1167 1168 1102 1101 1034 -1
GCP,adapt_p48-18968510422141_a101-24999999999999_258_map.h5,28.8571,10,250,347,41.810314:101.250000,1481,True,15,14,1427,0.999998,27.809,0,0.012662,1370 1370 1369 1426 1480 1532 1481 1427 1428 1371 1429 1482 1533 -1
GCP,adapt_p80-40593177313954_a270-0_131_map.h5,25.7403,10,125,1122,9.594069:270.000000,1084,False,173,12,1019,0.914097,25.2628,0,0.0151105,1083 1018 1086 1087 1019 952 953 1020 1088 1021 954 -1
GCP,adapt_p80-40593177313954_a112-49999999999999_25_map.h5,27.27,10,177,789,9.594069:112.500000,1055,False,107,12,1058,0.836157,25.6449,0,0.014578,1312 1249 1248 1247 1184 1185 1186 1123 1057 1124 1058 -1
GCP,adapt_p80-40593177313954_a337-49999999999994_286_map.h5,26.7492,10,143,1090,9.594069:337.500000,1097,True,31,13,1161,0.998917,25.575,0,0.0126124,1163 1163 1227 1226 1162 1097 1096 1095 1161 1225 1160 1094 -1
GCP,adapt_p80-40593177313954_a157-5_296_map.h5,27.8825,10,578,753,9.594069:157.500000,1063,True,11,11,1063,0.999998,22.765,0,0.0132866,996 1063 1062 995 1129 1130 1065 997 1064 996 -1
GCP,adapt_p60-00000000000001_a202-49999999999997_194_map.h5,25.8604,10,538,1485,30.000000:202.500000,1328,True,14,13,1327,0.999998,25.1746,0,0.0123774,1266 1266 1265 1264 1326 1385 1327 1328 1386 1387 1329 1267 -1
GCP,adapt_p80-40593177313954_a247-49999999999997_360_map.h5,27.8311,10,333,801,9.594069:247.500000,1080,True,21,14,1081,0.999989,27.4253,0,0.0126756,1145 1145 1079 1080 1146 1211 1212 1147 1081 1013 1014 1082 1148 -1
GCP,adapt_p23-556464309101234_a202-5_301_map.h5,28.8222,10,234,395,66.443535:202.500000,1704,True,23,14,1670,0.999973,27.8971,0,0.0125575,1631 1631 1630 1632 1633 1670 1671 1705 1704 1703 1669 1668 1702 -1
GCP,adapt_p48-18968510422141_a236-25_212_map.h5,28.8591,10,220,381,41.810314:236.250000,1501,True,16,14,1500,0.999996,27.9004,0,0.012663,1449 1449 1392 1391 1448 1500 1447 1446 1499 1550 1551 1501 1502 -1
GCP,adapt_p70-52877936550931_a101-24999999999999_445_map.h5,25.494,10,133,1526,19.471220:101.250000,1185,True,73,12,1311,0.948545,25.3185,0,0.0127578,1426 1370 1311 1248 1184 1119 1185 1249 1312 1250 1186 -1
GCP,adapt_p35-659087696138755_a45-0_506_map.h5,28.871,10,308,414,54.340912:45.000000,1572,True,12,12,1573,0.999999,22.7424,0,0.0127769,1617 1617 1618 1574 1527 1573 1526 1474 1525 1572 1616 -1
GCP,adapt_p80-40593177313954_a315-0_206_map.h5,25.5817,10,213,1428,9.594069:315.000000,1093,True,54,12,1093,0.988531,24.3742,0,0.0130604,1156 1157 1091 1024 1025 1092 1158 1159 1093 1026 1094 -1
GCP,adapt_p48-18968510422141_a236-25_573_map.h5,25.8111,10,284,1522,41.810314:236.250000,1501,True,22,13,1500,0.999891,25.7974,0,0.0127368,1449 1449 1502 1500 1499 1549 1550 1551 1501 1448 1391 1447 -1
GCP,adapt_p23-556464309101234_a292-5_512_map.h5,26.8604,10,342,1194,66.443535:292.500000,1712,True,14,13,1712,0.999982,25.3484,0,0.0123939,1738 1738 1710 1737 1711 1712 1680 1681 1713 1739 1740 1714 -1
GCP,adapt_p60-00000000000001_a180-0_331_map.h5,25.2706,10,99,1535,30.000000:180.000000,1324,False,104,11,1196,0.803891,23.4455,0,0.0142079,1487 1320 1258 1195 1321 1259 1196 1130 1131 1197 -1
GCP,adapt_p70-52877936550931_a281-24999999999994_93_map.h5,28.8749,10,329,394,19.471220:281.250000,1217,True,13,13,1153,0.999999,25.4281,0,0.0128892,1217 1217 1280 1281 1219 1218 1153 1152 1087 1088 1154 1155 -1
GCP,adapt_p11-715852394892384_a225-0_409_map.h5,25.7247,10,219,1437,78.284149:225.000000,1774,True,43,13,1789,0.97983,25.3301,0,0.0131258,1797 1796 1790 1777 1776 1775 1774 1773 1787 1788 1789 1795 -1
GCP,adapt_p80-40593177313954_a270-0_221_map.h5,28.8012,10,322,382,9.594069:270.000000,1084,True,23,14,1151,0.99968,27.6404,0,0.0125471,1217 1217 1216 1215 1150 1149 1083 1084 1017 1085 1151 1152 1086 -1
GCP,adapt_p80-40593177313954_a112-49999999999999_481_map.h5,28.8248,10,229,412,9.594069:112.500000,1055,True,20,13,988,0.999919,25.8368,0,0.0130217,989 989 921 988 1057 1056 1122 1121 1055 987 1054 986 -1
GCP,adapt_p60-00000000000001_a45-0_314_map.h5,25.7623,10,303,1470,30.000000:45.000000,1301,True,26,13,1360,0.996546,25.5021,0,0.0125191,1362 1362 1302 1361 1420 1419 1418 1360 1301 1300 1359 1299 -1
GCP,adapt_p23-556464309101234_a247-49999999999997_6_map.h5,27.8985,10,681,698,66.443535:247.500000,1708,True,10,10,1708,0.999999,18.0658,0,0.0122933,1675 1675 1707 1674 1708 1735 1736 1709 1676 -1
GCP,adapt_p70-52877936550931_a168-74999999999997_455_map.h5,25.6978,10,183,1488,19.471220:168.750000,1197,False,40,13,1257,0.995495,25.3519,0,0.0130453,1321 1321 1320 1319 1256 1193 1257 1194 1195 1258 1259 1196 -1
GCP,adapt_p70-52877936550931_a281-24999999999994_247_map.h5,28.8344,10,362,369,19.471220:281.250000,1217,True,20,14,1278,0.999984,28.4258,0,0.0124102,1339 1339 1279 1340 1217 1152 1151 1216 1278 1215 1214 1277 1338 -1
GCP,adapt_p60-00000000000001_a315-0_409_map.h5,27.8652,10,490,727,30.000000:315.000000,1346,True,14,14,1347,0.999998,27.8138,0,0.0125378,1405 1405 1346 1285 1284 1345 1403 1404 1347 1286 1287 1348 1406 -1
GCP,adapt_p70-52877936550931_a101-24999999999999_116_map.h5,26.7422,10,129,1079,19.471220:101.250000,1185,True,37,13,1119,0.998178,25.6886,0,0.0125616,1248 1248 1186 1120 1053 1119 1185 1184 1118 1052 1117 1183 -1
GCP,adapt_p80-40593177313954_a90-0_460_map.h5,25.7932,10,216,1521,9.594069:90.000000,1051,True,25,12,1050,0.999288,23.4595,0,0.0135816,1117 1117 1116 1115 1049 982 983 1050 1051 984 1118 -1
GCP,adapt_p48-18968510422141_a146-25_91_map.h5,26.8354,10,586,1111,41.810314:146.250000,1488,True,17,13,1434,0.999997,25.1317,0,0.0124536,1433 1433 1376 1434 1435 1436 1489 1488 1539 1538 1487 1486 -1
GCP,adapt_p23-556464309101234_a22-5_351_map.h5,26.8787,10,540,1155,66.443535:22.500000,1689,True,12,12,1653,0.999999,22.929,0,0.0130887,1652 1652 1614 1613 1653 1654 1690 1720 1719 1689 1688 -1
GCP,adapt_p48-18968510422141_a258-75_201_map.h5,28.7847,10,93,372,41.810314:258.750000,1504,True,29,14,1504,0.999674,28.384,0,0.0131317,1451 1451 1396 1397 1453 1452 1504 1505 1506 1555 1554 1503 1553 -1
GCP,adapt_p48-18968510422141_a213-75_361_map.h5,27.8462,10,362,760,41.810314:213.750000,1497,True,14,13,1496,0.999999,25.3415,0,0.0125751,1495 1495 1496 1443 1442 1494 1545 1546 1547 1497 1444 1445 -1
GCP,adapt_p70-52877936550931_a303-75_225_map.h5,27.8915,10,548,764,19.471220:303.750000,1221,True,11,11,1220,0.999999,21.191,0,0.0123045,1156 1156 1157 1155 1219 1282 1283 1220 1221 1284 -1
GCP,adapt_p60-00000000000001_a45-0_203_map.h5,26.8703,10,451,1120,30.000000:45.000000,1301,True,13,13,1301,0.999999,25.5763,0,0.0125379,1238 1238 1300 1359 1299 1236 1237 1301 1360 1361 1302 1239 -1
GCP,adapt_p48-18968510422141_a168-74999999999997_350_map.h5,27.867,10,463,760,41.810314:168.750000,1491,True,14,13,1438,0.999999,25.6703,0,0.012751,1381 1381 1322 1382 1439 1438 1491 1490 1437 1380 1436 1379 -1
GCP,adapt_p80-40593177313954_a337-49999999999994_368_map.h5,26.7109,10,334,1084,9.594069:337.500000,1097,True,36,13,1098,0.992375,25.477,0,0.0128929,1095 1095 1161 1096 1029 1030 1097 1163 1164 1098 1031 1099 -1
GCP,adapt_p80-40593177313954_a337-49999999999994_298_map.h5,27.8559,10,478,720,9.594069:337.500000,1097,True,15,13,1097,0.999997,25.4735,0,0.0128502,1029 1029 1030 1098 1099 1164 1163 1097 1162 1096 1095 1161 -1
GCP,adapt_p70-52877936550931_a258-75_175_map.h5,26.8322,10,389,1161,19.471220:258.750000,1213,True,20,13,1212,0.999965,26.0519,0,0.0126065,1148 1148 1081 1146 1210 1211 1274 1275 1212 1147 1213 1276 -1
GCP,adapt_p60-00000000000001_a180-0_105_map.h5,27.8605,10,482,714,30.000000:180.000000,1324,True,13,13,1324,0.999998,25.3165,0,0.0123321,1383 1383 1384 1326 1325 1263 1262 1324 1261 1323 1382 1381 -1
GCP,adapt_p60-00000000000001_a112-49999999999999_324_map.h5,27.4505,10,134,731,30.000000:112.500000,1313,True,80,13,1429,0.90131,27.4046,0,0.0132702,1532 1533 1483 1534 1429 1430 1372 1313 1312 1371 1428 1482 -1
GCP,adapt_p48-18968510422141_a101-24999999999999_374_map.h5,25.8133,10,308,1492,41.810314:101.250000,1481,True,21,13,1481,0.999913,25.2488,0,0.0125323,1482 1482 1533 1532 1481 1428 1427 1369 1426 1480 1479 1425 -1
GCP,adapt_p60-00000000000001_a157-5_496_map.h5,27.6449,10,220,744,30.000000:157.500000,1320,False,51,13,1434,0.986114,26.7805,0,0.0128692,1318 1377 1376 1433 1432 1486 1487 1434 1488 1435 1378 1436 -1
GCP,adapt_p23-556464309101234_a202-5_416_map.h5,26.8573,10,318,1073,66.443535:202.500000,1704,True,16,13,1731,0.999926,24.943,0,0.0124681,1705 1705 1671 1670 1704 1732 1756 1755 1731 1703 1730 1702 -1
GCP,adapt_p60-00000000000001_a270-0_67_map.h5,26.8638,10,444,1064,30.000000:270.000000,1339,True,14,12,1338,0.999998,22.8197,0,0.0129884,1276 1276 1277 1278 1340 1339 1397 1396 1338 1337 1395 -1
GCP,adapt_p80-40593177313954_a45-0_516_map.h5,28.8975,10,579,343,9.594069:45.000000,1042,True,9,9,1043,0.999999,16.2298,0,0.0122825,1109 1109 1108 1041 1042 1110 1044 1043 -1
GCP,adapt_p60-00000000000001_a270-0_217_map.h5,27.8613,10,430,760,30.000000:270.000000,1339,True,15,13,1339,0.999986,25.3337,0,0.0125215,1278 1278 1215 1279 1340 1339 1397 1396 1338 1277 1276 1337 -1
GCP,adapt_p35-659087696138755_a45-0_66_map.h5,27.8634,10,345,784,54.340912:45.000000,1572,True,14,14,1572,0.999999,27.592,0,0.0124449,1617 1617 1655 1656 1618 1574 1573 1526 1525 1572 1616 1615 1571 -1
GCP,adapt_p48-18968510422141_a78-75_594_map.h5,26.8737,10,537,1112,41.810314:78.750000,1478,True,11,11,1424,0.999998,20.8772,0,0.0130867,1478 1478 1479 1530 1477 1423 1424 1367 1425 1426 -1
GCP,adapt_p35-659087696138755_a105-0_553_map.h5,27.8734,10,506,735,54.340912:105.000000,1579,True,11,11,1579,0.999998,20.3201,0,0.0123406,1623 1623 1622 1579 1578 1532 1533 1534 1580 1581 -1
GCP,adapt_p80-40593177313954_a315-0_561_map.h5,26.8571,10,465,1095,9.594069:315.000000,1093,True,15,13,1094,0.999997,25.74,0,0.0126411,1093 1093 1160 1225 1161 1095 1094 1159 1224 1223 1158 1092 -1
GCP,adapt_p70-52877936550931_a168-74999999999997_71_map.h5,25.8019,10,366,1449,19.471220:168.750000,1197,True,23,13,1197,0.999714,25.7376,0,0.0128576,1259 1259 1196 1131 1132 1198 1262 1199 1261 1197 1260 1322 -1
GCP,adapt_p80-40593177313954_a337-49999999999994_278_map.h5,23.8975,10,99,1540,9.594069:337.500000,1097,False,318,9,1635,0.62075,21.1803,0,0.023077,1319 1592 1634 1672 1635 1593 1548 1498 -1
GCP,adapt_p60-00000000000001_a90-0_421_map.h5,25.5483,10,146,1496,30.000000:90.000000,1309,True,62,12,1308,0.958513,24.3748,0,0.0134572,1311 1310 1247 1246 1309 1368 1308 1245 1307 1366 1367 -1
GCP,adapt_p11-715852394892384_a135-0_448_map.h5,27.8862,10,453,779,78.284149:135.000000,1770,True,11,11,1771,0.999999,20.3989,0,0.0125599,1770 1770 1751 1752 1784 1785 1786 1772 1771 1753 -1
GCP,adapt_p70-52877936550931_a33-75_382_map.h5,27.8193,10,323,748,19.471220:33.750000,1173,True,22,13,1173,0.999835,25.5925,0,0.0124708,1107 1107 1108 1174 1238 1300 1237 1173 1236 1235 1172 1106 -1
GCP,adapt_p23-556464309101234_a202-5_116_map.h5,26.7889,10,334,1106,66.443535:202.500000,1704,True,28,13,1704,0.99942,24.8042,0,0.0128534,1733 1733 1705 1671 1670 1704 1732 1731 1730 1702 1703 1669 -1
GCP,adapt_p48-18968510422141_a33-75_55_map.h5,27.865,10,412,766,41.810314:33.750000,1471,True,14,13,1418,0.999999,25.7398,0,0.0128021,1473 1473 1524 1525 1472 1471 1416 1417 1359 1360 1418 1419 -1
GCP,adapt_p35-659087696138755_a135-0_518_map.h5,28.852,10,260,381,54.340912:135.000000,1583,True,18,14,1627,0.999997,27.7479,0,0.0127757,1628 1628 1585 1584 1583 1626 1625 1664 1627 1665 1666 1700 1699 -1
GCP,adapt_p60-00000000000001_a337-49999999999994_113_map.h5,27.8525,10,296,753,30.000000:337.500000,1350,True,13,13,1351,0.999999,25.1934,0,0.0123306,1408 1408 1407 1349 1288 1289 1350 1351 1290 1291 1352 1409 -1
GCP,adapt_p80-40593177313954_a337-49999999999994_457_map.h5,25.7369,10,143,1544,9.594069:337.500000,1097,True,32,12,1097,0.993402,23.8992,0,0.0129352,1164 1164 1031 1099 1098 1030 1029 1097 1163 1096 1162 -1
GCP,adapt_p35-659087696138755_a105-0_173_map.h5,25.8563,10,549,1447,54.340912:105.000000,1579,True,14,13,1580,0.999999,25.6412,0,0.0124928,1623 1623 1662 1624 1581 1535 1534 1580 1661 1622 1579 1533 -1
GCP,adapt_p60-00000000000001_a22-5_188_map.h5,27.8665,10,370,758,30.000000:22.500000,1298,True,15,14,1298,0.999998,27.7577,0,0.0132533,1235 1235 1236 1300 1359 1358 1299 1298 1357 1356 1297 1234 1233 -1
GCP,adapt_p80-40593177313954_a45-0_599_map.h5,27.6941,10,172,717,9.594069:45.000000,1042,True,37,13,1042,0.991729,25.4588,0,0.0126677,1174 1174 1108 1107 1040 973 1041 974 1042 975 1043 976 -1
GCP,adapt_p23-556464309101234_a157-5_513_map.h5,27.8812,10,466,740,66.443535:157.500000,1701,True,11,11,1701,0.999999,21.0236,0,0.0126373,1700 1700 1667 1701 1666 1699 1728 1729 1730 1702 -1
GCP,adapt_p80-40593177313954_a22-5_470_map.h5,25.7501,10,226,1477,9.594069:22.500000,1038,True,32,12,1037,0.994504,23.5321,0,0.0126477,1103 1103 1035 1036 969 970 1037 1104 1038 971 1039 -1
GCP,adapt_p23-556464309101234_a157-5_423_map.h5,25.3686,10,87,1605,66.443535:157.500000,1701,False,82,12,1626,0.91371,24.3066,0,0.0132263,1698 1625 1582 1583 1626 1664 1665 1627 1628 1666 1667 -1
GCP,adapt_p23-556464309101234_a22-5_448_map.h5,26.7853,10,289,1094,66.443535:22.500000,1689,True,25,13,1613,0.999282,24.9535,0,0.0124808,1688 1688 1689 1653 1654 1615 1614 1570 1569 1613 1652 1612 -1
GCP,adapt_p23-556464309101234_a292-5_203_map.h5,26.7258,10,203,1207,66.443535:292.500000,1712,True,38,13,1760,0.994537,25.1118,0,0.012992,1710 1710 1737 1759 1760 1777 1761 1738 1739 1713 1712 1680 -1
GCP,adapt_p35-659087696138755_a195-0_346_map.h5,27.8834,10,527,751,54.340912:195.000000,1590,True,11,11,1590,0.999998,21.2265,0,0.0123324,1632 1632 1633 1591 1631 1588 1589 1544 1590 1545 -1
GCP,adapt_p23-556464309101234_a112-5_166_map.h5,25.5974,10,154,1497,66.443535:112.500000,1697,False,58,12,1750,0.988221,23.7164,0,0.0133558,1660 1695 1724 1723 1748 1749 1750 1751 1726 1725 1696 -1
GCP,adapt_p60-00000000000001_a180-0_574_map.h5,27.867,10,480,788,30.000000:180.000000,1324,True,11,11,1324,0.999999,21.462,0,0.0127234,1323 1323 1381 1322 1262 1261 1324 1382 1383 1325 -1
GCP,adapt_p60-00000000000001_a202-49999999999997_130_map.h5,27.8302,10,258,740,30.000000:202.500000,1328,True,20,13,1385,0.999958,25.2141,0,0.0126533,1326 1326 1327 1328 1387 1386 1443 1442 1385 1384 1441 1440 -1
GCP,adapt_p35-659087696138755_a45-0_553_map.h5,27.8894,10,416,753,54.340912:45.000000,1572,True,10,10,1617,0.999999,18.0931,0,0.0123312,1573 1573 1618 1574 1617 1656 1655 1616 1572 -1
GCP,adapt_p35-659087696138755_a105-0_65_map.h5,27.8492,10,489,764,54.340912:105.000000,1579,True,12,12,1580,0.999999,23.4252,0,0.0125911,1623 1623 1581 1624 1662 1661 1580 1534 1533 1579 1622 -1
GCP,adapt_p11-715852394892384_a45-0_26_map.h5,27.8416,10,337,763,78.284149:45.000000,1766,True,22,14,1783,0.999963,27.5959,0,0.0131593,1766 1766 1781 1782 1783 1784 1793 1792 1765 1747 1767 1768 1769 -1
GCP,adapt_p48-18968510422141_a348-74999999999994_292_map.h5,27.8522,10,419,756,41.810314:348.750000,1517,True,18,13,1465,0.99999,25.3279,0,0.0125869,1464 1464 1409 1465 1516 1565 1566 1517 1518 1466 1410 1411 -1
GCP,adapt_p80-40593177313954_a247-49999999999997_431_map.h5,27.8845,10,712,733,9.594069:247.500000,1080,True,10,10,1080,0.999999,18.5083,0,0.0122966,1081 1081 1146 1147 1080 1013 1012 1079 1145 -1
GCP,adapt_p80-40593177313954_a315-0_69_map.h5,24.4326,10,146,1889,9.594069:315.000000,1093,False,80,11,1189,0.980565,22.5433,0,0.0132178,1192 1124 1190 1253 1189 1123 1122 1188 1251 1252 -1
GCP,adapt_p70-52877936550931_a213-75_303_map.h5,25.7679,10,102,1553,19.471220:213.750000,1205,False,28,13,1436,0.998695,25.0084,0,0.0129181,1378 1378 1379 1320 1321 1380 1437 1490 1489 1436 1435 1488 -1
GCP,adapt_p35-659087696138755_a255-00000000000003_558_map.h5,26.5479,10,84,1165,54.340912:255.000000,1598,True,67,12,1597,0.966379,24.2248,0,0.0129261,1675 1638 1596 1552 1597 1639 1640 1599 1598 1553 1504 -1
GCP,adapt_p70-52877936550931_a213-75_347_map.h5,27.8809,10,631,718,19.471220:213.750000,1205,True,12,12,1205,0.999999,22.6256,0,0.0128815,1268 1268 1269 1206 1205 1140 1139 1204 1267 1266 1203 -1
GCP,adapt_p48-18968510422141_a123-74999999999999_65_map.h5,25.6751,10,180,1517,41.810314:123.750000,1484,True,40,12,1431,0.997489,24.3358,0,0.0126786,1433 1432 1485 1484 1431 1430 1373 1315 1374 1375 1316 -1
GCP,adapt_p23-556464309101234_a112-5_438_map.h5,26.8563,10,328,1116,66.443535:112.500000,1697,True,16,13,1725,0.999996,25.6833,0,0.01245,1750 1750 1726 1697 1662 1661 1696 1725 1751 1749 1724 1695 -1
GCP,adapt_p60-00000000000001_a112-49999999999999_369_map.h5,25.6545,10,208,1489,30.000000:112.500000,1313,True,42,13,1371,0.996221,25.2703,0,0.0132751,1484 1484 1430 1373 1372 1313 1371 1312 1311 1370 1428 1429 -1
GCP,adapt_p35-659087696138755_a285-0_305_map.h5,25.8797,10,706,1470,54.340912:285.000000,1601,True,7,7,1601,0.999998,10.7367,0,0.0130384,1643 1643 1642 1600 1601 1602 -1
GCP,adapt_p11-715852394892384_a315-0_523_map.h5,26.8629,10,573,1121,78.284149:315.000000,1778,True,14,13,1778,0.999998,25.3646,0,0.012921,1791 1791 1781 1780 1789 1790 1777 1761 1762 1778 1779 1763 -1
GCP,adapt_p35-659087696138755_a195-0_251_map.h5,26.8891,10,788,1161,54.340912:195.000000,1590,True,8,8,1633,0.999998,12.996,0,0.0126815,1632 1632 1669 1670 1633 1591 1590 -1
GCP,adapt_p80-40593177313954_a247-49999999999997_475_map.h5,26.6187,10,270,1104,9.594069:247.500000,1080,True,50,13,1147,0.959684,25.1712,0,0.0131156,1211 1211 1212 1147 1148 1082 1081 1080 1146 1145 1079 1078 -1
GCP,adapt_p70-52877936550931_a348-74999999999994_71_map.h5,24.4636,10,80,1163,19.471220:348.750000,1229,False,399,9,1190,0.54691,22.9447,0,0.0279431,1587 1701 1729 1728 1189 1190 1124 1125 -1
GCP,adapt_p35-659087696138755_a135-0_279_map.h5,27.8783,10,516,774,54.340912:135.000000,1583,True,11,11,1626,0.999999,20.8378,0,0.0124277,1627 1627 1583 1584 1626 1582 1625 1663 1664 1665 -1
GCP,adapt_p70-52877936550931_a146-25_438_map.h5,27.87,10,456,775,19.471220:146.250000,1193,True,15,13,1127,0.999998,25.6659,0,0.0127941,1128 1128 1061 1127 1193 1194 1256 1255 1192 1191 1126 1060 -1
GCP,adapt_p60-00000000000001_a180-0_141_map.h5,27.8892,10,536,790,30.000000:180.000000,1324,True,10,10,1324,0.999998,18.4777,0,0.0125914,1261 1261 1199 1198 1262 1263 1325 1324 1323 -1
GCP,adapt_p23-556464309101234_a157-5_78_map.h5,26.3502,10,185,1081,66.443535:157.500000,1701,False,94,12,1588,0.964862,24.8876,0,0.01368,1703 1668 1588 1589 1631 1630 1587 1541 1542 1543 1492 -1
GCP,adapt_p23-556464309101234_a22-5_230_map.h5,24.9886,10,161,1582,66.443535:22.500000,1689,False,152,11,1475,0.83493,24.7345,0,0.0150976,1618 1528 1476 1422 1421 1420 1474 1475 1720 1719 -1
GCP,adapt_p70-52877936550931_a101-24999999999999_238_map.h5,26.8389,10,578,1063,19.471220:101.250000,1185,True,17,13,1249,0.999991,25.0763,0,0.0129005,1186 1186 1187 1250 1249 1312 1311 1248 1185 1184 1247 1310 -1
GCP,adapt_p80-40593177313954_a202-49999999999997_499_map.h5,27.8412,10,343,769,9.594069:202.500000,1072,True,17,13,1137,0.999995,26.0135,0,0.0126313,1136 1136 1137 1070 1069 1003 1071 1004 1072 1138 1139 1073 -1
GCP,adapt_p35-659087696138755_a344-99999999999994_43_map.h5,25.7459,10,262,1479,54.340912:345.000000,1609,True,33,13,1609,0.996138,25.7051,0,0.0129329,1563 1563 1515 1564 1607 1608 1649 1650 1609 1565 1516 1566 -1
GCP,adapt_p80-40593177313954_a315-0_97_map.h5,25.511,10,148,1068,9.594069:315.000000,1093,False,208,9,962,0.781399,24.5539,0,0.0166003,1040 963 894 962 893 961 960 1155 -1
GCP,adapt_p11-715852394892384_a135-0_468_map.h5,27.8621,10,417,778,78.284149:135.000000,1770,True,15,14,1771,0.999999,27.321,0,0.0126987,1785 1785 1786 1784 1769 1770 1751 1752 1753 1754 1773 1772 1771 -1
GCP,adapt_p60-00000000000001_a315-0_440_map.h5,27.8931,10,641,722,30.000000:315.000000,1346,True,8,8,1346,0.999999,13.6565,0,0.0126724,1404 1404 1405 1347 1403 1345 1346 -1
GCP,adapt_p80-40593177313954_a337-49999999999994_25_map.h5,25.7973,10,475,1514,9.594069:337.500000,1097,True,22,13,1162,0.999803,25.4905,0,0.01249,1161 1161 1096 1097 1030 1098 1164 1163 1228 1227 1162 1226 -1
GCP,adapt_p35-659087696138755_a135-0_350_map.h5,28.8911,10,523,344,54.340912:135.000000,1583,True,9,9,1583,0.999999,16.3084,0,0.0126881,1626 1626 1625 1582 1627 1585 1584 1583 -1
GCP,adapt_p80-40593177313954_a90-0_231_map.h5,27.8137,10,281,758,9.594069:90.000000,1051,True,22,13,1052,0.999634,26.133,0,0.013088,985 985 986 1120 1119 1053 1118 1052 984 1051 983 1050 -1
GCP,adapt_p80-40593177313954_a0-0_229_map.h5,26.5726,10,160,1142,9.594069:0.000000,1034,True,60,12,1034,0.970191,24.5141,0,0.0131947,1032 1033 1100 1165 1166 1034 967 968 1035 1101 1102 -1
GCP,adapt_p80-40593177313954_a202-49999999999997_240_map.h5,25.9483,10,85,1100,9.594069:202.500000,1072,False,151,10,1074,0.922176,24.8481,0,0.0144707,1257 1139 1073 1006 1074 1140 1007 1075 1141 -1
GCP,adapt_p60-00000000000001_a67-5_557_map.h5,27.8413,10,416,719,30.000000:67.500000,1305,True,14,13,1305,0.999999,25.9611,0,0.0125152,1241 1241 1303 1363 1304 1179 1242 1305 1364 1365 1306 1243 -1
GCP,adapt_p80-40593177313954_a112-49999999999999_127_map.h5,26.9887,10,214,779,9.594069:112.500000,1055,True,136,9,1055,0.560548,26.0623,0,0.0140307,1268 1056 988 1055 1121 987 1054 1120 -1
GCP,adapt_p48-18968510422141_a236-25_182_map.h5,26.8308,10,389,1159,41.810314:236.250000,1501,True,17,13,1550,0.999961,25.7206,0,0.0129922,1549 1549 1500 1499 1550 1594 1595 1596 1551 1501 1502 1552 -1
GCP,adapt_p70-52877936550931_a213-75_544_map.h5,26.7469,10,369,1102,19.471220:213.750000,1205,True,30,13,1267,0.998236,25.4263,0,0.0128748,1207 1207 1206 1205 1204 1203 1266 1267 1329 1268 1269 1270 -1
GCP,adapt_p60-00000000000001_a157-5_435_map.h5,26.8543,10,495,1101,30.000000:157.500000,1320,True,14,12,1379,0.999997,23.2383,0,0.0125282,1321 1321 1258 1320 1379 1380 1436 1435 1378 1319 1377 -1
GCP,adapt_p60-00000000000001_a67-5_291_map.h5,26.6108,10,208,1057,30.000000:67.500000,1305,True,52,13,1305,0.979029,26.0046,0,0.0130503,1574 1574 1527 1363 1304 1305 1364 1422 1423 1365 1306 1366 -1
GCP,adapt_p48-18968510422141_a191-25_261_map.h5,26.8751,10,518,1160,41.810314:191.250000,1494,True,15,13,1441,0.999998,26.0936,0,0.0126125,1493 1493 1439 1440 1492 1543 1544 1494 1441 1545 1495 1442 -1
GCP,adapt_p60-00000000000001_a292-5_400_map.h5,27.8274,10,314,738,30.000000:292.500000,1343,True,18,14,1400,0.999997,27.3142,0,0.0124212,1343 1343 1342 1341 1399 1455 1456 1400 1401 1457 1458 1402 1344 -1
GCP,adapt_p23-556464309101234_a247-49999999999997_9_map.h5,27.8696,10,474,725,66.443535:247.500000,1708,True,12,12,1708,0.999999,22.6455,0,0.0132046,1709 1709 1676 1675 1708 1674 1707 1734 1758 1735 1736 -1
GCP,adapt_p70-52877936550931_a56-24999999999999_540_map.h5,25.868,10,88,1132,19.471220:56.250000,1177,True,162,11,1111,0.971192,24.2038,0,0.0147083,1369 1179 1178 1112 1046 1045 1044 1110 1111 1177 -1
GCP,adapt_p23-556464309101234_a337-5_492_map.h5,25.7088,10,185,1529,66.443535:337.500000,1716,True,36,13,1716,0.998142,24.9635,0,0.0129882,1740 1740 1741 1742 1743 1717 1685 1716 1684 1683 1715 1714 -1
GCP,adapt_p11-715852394892384_a135-0_22_map.h5,27.872,10,386,774,78.284149:135.000000,1770,True,14,14,1751,0.999998,27.673,0,0.0127853,1771 1771 1753 1752 1785 1784 1769 1770 1751 1750 1726 1727 1728 -1
GCP,adapt_p70-52877936550931_a11-25_32_map.h5,27.8927,10,632,723,19.471220:11.250000,1169,True,9,9,1170,0.999999,16.1191,0,0.0130693,1233 1233 1171 1234 1170 1169 1232 1168 -1
GCP,adapt_p70-52877936550931_a101-24999999999999_467_map.h5,28.8824,10,333,353,19.471220:101.250000,1185,True,12,12,1184,0.999999,22.9728,0,0.0123949,1248 1248 1247 1183 1118 1184 1185 1119 1120 1186 1249 -1
GCP,adapt_p80-40593177313954_a337-49999999999994_572_map.h5,27.8646,10,478,785,9.594069:337.500000,1097,True,14,13,1030,0.999999,25.5671,0,0.0132051,1031 1031 1032 1099 1098 1030 964 963 1029 1097 1096 1028 -1
GCP,adapt_p48-18968510422141_a303-75_95_map.h5,24.6881,10,101,1542,41.810314:303.750000,1510,True,199,8,1511,0.669192,21.718,0,0.0164725,1508 1559 1510 1511 1560 1359 1300 -1
GCP,adapt_p23-556464309101234_a247-49999999999997_390_map.h5,26.8863,10,784,1165,66.443535:247.500000,1708,True,10,10,1708,0.999999,18.066,0,0.0124796,1675 1675 1707 1674 1708 1735 1736 1709 1676 -1
GCP,adapt_p35-659087696138755_a315-0_19_map.h5,25.6622,10,202,1501,54.340912:315.000000,1605,True,47,12,1646,0.967344,24.1028,0,0.0125585,1606 1605 1560 1604 1645 1681 1714 1682 1646 1647 1683 -1
GCP,adapt_p70-52877936550931_a168-74999999999997_437_map.h5,25.0343,10,120,1501,19.471220:168.750000,1197,True,141,11,1198,0.971996,23.4849,0,0.0144111,1071 1199 1133 1132 1198 1261 1197 1260 1259 1196 -1
GCP,adapt_p48-18968510422141_a303-75_167_map.h5,26.8851,10,799,1126,41.810314:303.750000,1510,True,10,10,1511,0.999999,17.7882,0,0.0127192,1510 1510 1559 1560 1511 1512 1460 1459 1458 -1
GCP,adapt_p48-18968510422141_a303-75_502_map.h5,28.8582,10,285,350,41.810314:303.750000,1510,True,16,14,1510,0.999998,27.2659,0,0.0126475,1560 1560 1559 1558 1509 1457 1458 1510 1511 1459 1460 1512 1561 -1
GCP,adapt_p60-00000000000001_a135-0_23_map.h5,26.8457,10,421,1130,30.000000:135.000000,1316,True,16,13,1317,0.999988,26.6191,0,0.0131412,1318 1318 1319 1255 1256 1317 1377 1376 1433 1375 1316 1254 -1
GCP,adapt_p23-556464309101234_a337-5_76_map.h5,26.8833,10,620,1131,66.443535:337.500000,1716,True,11,11,1742,0.999999,21.0828,0,0.0124706,1716 1716 1683 1715 1741 1763 1764 1742 1684 1717 -1
GCP,adapt_p35-659087696138755_a135-0_431_map.h5,27.8885,10,594,709,54.340912:135.000000,1583,True,9,9,1626,0.999998,15.2854,0,0.0122737,1583 1583 1582 1625 1663 1664 1626 1627 -1
GCP,adapt_p48-18968510422141_a123-74999999999999_346_map.h5,28.8511,10,380,360,41.810314:123.750000,1484,True,16,14,1484,0.999998,28.3002,0,0.0126801,1431 1431 1373 1430 1483 1429 1534 1535 1484 1536 1485 1432 1486 -1
GCP,adapt_p70-52877936550931_a123-74999999999999_348_map.h5,26.8573,10,392,1141,19.471220:123.750000,1189,True,14,13,1188,0.999999,25.1686,0,0.0124603,1123 1123 1122 1121 1187 1251 1188 1189 1252 1253 1190 1124 -1
GCP,adapt_p35-659087696138755_a195-0_78_map.h5,27.8835,10,518,762,54.340912:195.000000,1590,True,8,8,1590,0.999999,13.1863,0,0.0122846,1633 1633 1591 1590 1589 1632 1670 -1
GCP,adapt_p80-40593177313954_a180-0_199_map.h5,27.7811,10,269,718,9.594069:180.000000,1067,False,28,13,1135,0.999495,25.8662,0,0.0127268,1201 1201 1134 1068 1133 1199 1200 1135 1069 1070 1136 1137 -1
GCP,adapt_p70-52877936550931_a101-24999999999999_555_map.h5,27.8843,10,534,754,19.471220:101.250000,1185,True,12,12,1184,0.999999,23.3043,0,0.0124701,1119 1119 1120 1118 1117 1183 1246 1247 1184 1185 1248 -1
GCP,adapt_p70-52877936550931_a281-24999999999994_111_map.h5,27.8591,10,267,765,19.471220:281.250000,1217,True,18,14,1152,0.999998,27.8678,0,0.0127603,1151 1151 1085 1086 1152 1216 1217 1280 1218 1219 1154 1153 1087 -1
GCP,adapt_p60-00000000000001_a224-99999999999997_109_map.h5,27.8701,10,366,777,30.000000:225.000000,1331,True,15,13,1390,0.999998,26.1276,0,0.0127365,1332 1332 1390 1447 1391 1333 1270 1269 1331 1389 1446 1330 -1
GCP,adapt_p48-18968510422141_a33-75_453_map.h5,27.7971,10,257,722,41.810314:33.750000,1471,True,20,14,1471,0.999978,27.5065,0,0.0127069,1418 1418 1417 1359 1358 1416 1415 1470 1522 1523 1471 1472 1524 -1
GCP,adapt_p70-52877936550931_a168-74999999999997_158_map.h5,27.8011,10,276,746,19.471220:168.750000,1197,True,24,14,1260,0.999888,27.7801,0,0.0126972,1197 1197 1261 1323 1322 1260 1196 1259 1321 1380 1379 1320 1258 -1
GCP,adapt_p80-40593177313954_a270-0_178_map.h5,26.7885,10,302,1156,9.594069:270.000000,1084,True,25,13,1082,0.999547,26.0434,0,0.0133522,1084 1084 1015 1016 1083 1149 1148 1082 1014 1081 1147 1080 -1
GCP,adapt_p48-18968510422141_a236-25_24_map.h5,26.8945,10,729,1195,41.810314:236.250000,1501,True,8,8,1501,0.999999,14.5136,0,0.0123088,1448 1501 1449 1448 1447 1500 1550 -1
GCP,adapt_p35-659087696138755_a135-0_472_map.h5,27.8954,10,620,720,54.340912:135.000000,1583,True,10,10,1626,0.999998,18.0885,0,0.0123531,1583 1583 1625 1663 1664 1626 1584 1627 1665 -1
GCP,adapt_p80-40593177313954_a180-0_473_map.h5,26.5101,10,117,1133,9.594069:180.000000,1067,False,59,12,1003,0.894556,25.2422,0,0.0126646,1066 1000 934 1001 1002 1070 1071 1003 936 1004 1072 -1
GCP,adapt_p35-659087696138755_a255-00000000000003_460_map.h5,28.7692,10,189,385,54.340912:255.000000,1598,True,32,14,1677,0.998432,28.036,0,0.0125836,1642 1642 1599 1598 1640 1641 1678 1711 1710 1677 1709 1676 1639 -1
GCP,adapt_p60-00000000000001_a292-5_158_map.h5,25.7702,10,107,1093,30.000000:292.500000,1343,False,197,10,1457,0.724855,23.9371,0,0.0163229,1340 1400 1456 1401 1457 1763 1764 1780 1781 -1
GCP,adapt_p80-40593177313954_a337-49999999999994_191_map.h5,25.7531,10,138,1072,9.594069:337.500000,1097,False,184,10,1534,0.756683,23.4448,0,0.01646,1418 1362 1363 1304 1364 1533 1482 1534 1580 -1
GCP,adapt_p23-556464309101234_a157-5_574_map.h5,26.8713,10,461,1041,66.443535:157.500000,1701,True,13,13,1701,0.999999,25.5459,0,0.0125228,1729 1729 1702 1668 1703 1731 1730 1701 1667 1666 1700 1728 -1
GCP,adapt_p23-556464309101234_a112-5_144_map.h5,27.8911,10,525,799,66.443535:112.500000,1697,True,10,10,1697,0.999999,18.0624,0,0.0127033,1662 1662 1698 1663 1697 1726 1725 1696 1661 -1
GCP,adapt_p60-00000000000001_a270-0_38_map.h5,26.7894,10,247,1167,30.000000:270.000000,1339,True,27,13,1340,0.99976,25.2629,0,0.0133606,1277 1277 1338 1397 1339 1278 1340 1279 1280 1341 1399 1398 -1
GCP,adapt_p80-40593177313954_a67-5_223_map.h5,26.8456,10,448,1109,9.594069:67.500000,1047,False,17,12,1045,0.999983,23.2732,0,0.0132031,1046 1046 1111 1177 1178 1112 1045 978 977 1044 1110 -1
GCP,adapt_p70-52877936550931_a326-24999999999994_208_map.h5,27.9001,10,658,752,19.471220:326.250000,1225,True,8,8,1225,0.999998,13.2832,0,0.0127312,1287 1287 1286 1224 1225 1288 1226 -1
GCP,adapt_p48-18968510422141_a123-74999999999999_401_map.h5,28.8759,10,517,377,41.810314:123.750000,1484,True,12,12,1483,0.999999,24.8175,0,0.0128559,1535 1534 1482 1429 1430 1431 1483 1484 1485 1536 1535 -1
GCP,adapt_p48-18968510422141_a146-25_158_map.h5,27.8773,10,471,670,41.810314:146.250000,1488,True,11,11,1434,0.999999,20.3342,0,0.0124899,1488 1488 1435 1377 1376 1433 1434 1487 1538 1539 -1
GCP,adapt_p35-659087696138755_a224-99999999999997_194_map.h5,27.8834,10,412,812,54.340912:225.000000,1594,True,10,10,1636,0.999999,17.6321,0,0.0124093,1594 1594 1595 1637 1636 1673 1672 1635 1593 -1
GCP,adapt_p80-40593177313954_a224-99999999999997_413_map.h5,28.8309,10,253,357,9.594069:225.000000,1076,True,22,14,1076,0.999987,28.5479,0,0.0128739,1143 1143 1078 1144 1077 1207 1142 1076 1008 1075 1141 1140 1074 -1
GCP,adapt_p60-00000000000001_a270-0_227_map.h5,26.8372,10,502,1106,30.000000:270.000000,1339,True,16,13,1396,0.999995,25.9228,0,0.0125962,1395 1395 1338 1337 1396 1339 1340 1398 1397 1453 1452 1451 -1
GCP,adapt_p80-40593177313954_a315-0_342_map.h5,28.8482,10,272,412,9.594069:315.000000,1093,True,17,13,1158,0.999991,25.3658,0,0.0125594,1092 1092 1157 1222 1223 1158 1159 1224 1160 1094 1026 1093 -1
GCP,adapt_p35-659087696138755_a45-0_346_map.h5,27.873,10,443,785,54.340912:45.000000,1572,True,12,12,1572,0.999999,23.3709,0,0.0128072,1616 1616 1573 1617 1574 1526 1572 1525 1524 1571 1615 -1
GCP,adapt_p70-52877936550931_a56-24999999999999_342_map.h5,27.8603,10,508,730,19.471220:56.250000,1177,True,12,12,1177,0.999999,23.0655,0,0.012439,1176 1176 1110 1111 1112 1179 1178 1241 1177 1240 1239 -1
GCP,adapt_p70-52877936550931_a168-74999999999997_35_map.h5,26.8211,10,360,1132,19.471220:168.750000,1197,True,20,13,1197,0.999819,25.8557,0,0.0126558,1198 1198 1262 1199 1261 1260 1197 1132 1131 1196 1259 1195 -1
GCP,adapt_p70-52877936550931_a33-75_134_map.h5,25.7322,10,243,1491,19.471220:33.750000,1173,False,31,12,1234,0.994063,23.0423,0,0.0126478,1104 1104 1170 1233 1297 1298 1234 1171 1172 1235 1236 -1
GCP,adapt_p48-18968510422141_a56-24999999999999_442_map.h5,24.824,10,71,1139,41.810314:56.250000,1475,False,326,9,1351,0.608271,23.9531,0,0.0225926,1659 1351 1291 1290 1350 1289 1288 1348 -1
GCP,adapt_p35-659087696138755_a135-0_20_map.h5,24.2203,10,97,1425,54.340912:135.000000,1583,False,283,11,1622,0.728982,23.0808,0,0.0210388,1753 1697 1661 1622 1623 1624 1662 1663 1625 1626 -1
GCP,adapt_p23-556464309101234_a337-5_210_map.h5,25.0397,10,105,1492,66.443535:337.500000,1716,False,148,11,1675,0.830857,22.6642,0,0.0149881,1551 1638 1674 1675 1708 1736 1737 1709 1676 1639 -1
GCP,adapt_p48-18968510422141_a236-25_238_map.h5,28.8387,10,332,384,41.810314:236.250000,1501,True,20,14,1448,0.999977,28.2146,0,0.0130677,1550 1550 1551 1549 1499 1500 1447 1391 1448 1449 1501 1502 1552 -1
GCP,adapt_p11-715852394892384_a135-0_506_map.h5,27.8576,10,424,742,78.284149:135.000000,1770,True,13,13,1752,0.999999,25.1009,0,0.0131436,1770 1770 1771 1772 1786 1785 1751 1752 1728 1729 1753 1754 -1
GCP,adapt_p11-715852394892384_a225-0_267_map.h5,27.879,10,466,714,78.284149:225.000000,1774,True,12,12,1757,0.999998,23.276,0,0.0127363,1774 1774 1758 1775 1757 1773 1755 1756 1732 1733 1734 -1
GCP,adapt_p80-40593177313954_a270-0_241_map.h5,26.7227,10,343,1084,9.594069:270.000000,1084,True,36,13,1149,0.990569,25.6082,0,0.0131542,1152 1152 1217 1216 1151 1215 1214 1150 1084 1083 1149 1148 -1
GCP,adapt_p48-18968510422141_a348-74999999999994_1_map.h5,27.8741,10,353,757,41.810314:348.750000,1517,True,14,13,1465,0.999998,25.6286,0,0.0126666,1464 1464 1517 1566 1518 1466 1465 1516 1565 1564 1515 1463 -1
GCP,adapt_p70-52877936550931_a33-75_165_map.h5,25.3204,10,105,1536,19.471220:33.750000,1173,False,95,12,1328,0.938748,24.2531,0,0.0133664,1138 1204 1205 1268 1267 1329 1387 1386 1327 1328 1266 -1
GCP,adapt_p70-52877936550931_a33-75_300_map.h5,27.8978,10,736,725,19.471220:33.750000,1173,True,11,11,1173,0.999999,20.8588,0,0.0129765,1237 1237 1175 1238 1174 1108 1107 1173 1236 1172 -1
GCP,adapt_p23-556464309101234_a22-5_456_map.h5,26.7842,10,163,1096,66.443535:22.500000,1689,False,28,13,1718,0.999142,25.04,0,0.0126157,1764 1764 1742 1743 1717 1687 1688 1718 1744 1745 1746 1719 -1
GCP,adapt_p48-18968510422141_a191-25_157_map.h5,25.8852,10,704,1493,41.810314:191.250000,1494,True,8,8,1441,0.999999,13.4813,0,0.0125978,1442 1442 1385 1495 1494 1441 1440 -1
GCP,adapt_p80-40593177313954_a202-49999999999997_247_map.h5,25.7771,10,241,1484,9.594069:202.500000,1072,True,26,13,1139,0.999424,25.602,0,0.0127435,1075 1075 1141 1140 1205 1074 1006 1073 1139 1138 1072 1071 -1
GCP,adapt_p60-00000000000001_a247-49999999999997_200_map.h5,25.7603,10,250,1445,30.000000:247.500000,1335,True,31,13,1336,0.999091,25.3539,0,0.0125119,1273 1273 1274 1275 1212 1276 1337 1395 1394 1336 1335 1393 -1
GCP,adapt_p70-52877936550931_a11-25_552_map.h5,25.9265,10,141,1109,19.471220:11.250000,1169,False,155,12,969,0.788897,24.9261,0,0.0152043,905 971 1038 1037 970 902 969 1036 968 901 900 -1
GCP,adapt_p48-18968510422141_a348-74999999999994_467_map.h5,25.8027,10,258,1467,41.810314:348.750000,1517,True,22,12,1517,0.998582,23.1382,0,0.013092,1465 1465 1466 1518 1519 1566 1517 1516 1565 1609 1564 -1
GCP,adapt_p48-18968510422141_a78-75_107_map.h5,28.8843,10,581,351,41.810314:78.750000,1478,True,10,10,1478,0.999999,17.8719,0,0.0124431,1425 1425 1424 1423 1477 1529 1530 1478 1479 -1
GCP,adapt_p48-18968510422141_a146-25_143_map.h5,25.8706,10,137,1126,41.810314:146.250000,1488,True,172,11,1434,0.846034,24.1698,0,0.0150368,1702 1436 1489 1488 1487 1486 1433 1434 1435 1378 -1
GCP,adapt_p11-715852394892384_a45-0_83_map.h5,27.827,10,289,811,78.284149:45.000000,1766,True,22,14,1766,0.999966,27.1506,0,0.012856,1782 1782 1781 1765 1745 1766 1767 1783 1768 1748 1747 1746 1720 -1
GCP,adapt_p80-40593177313954_a90-0_514_map.h5,26.8674,10,492,1099,9.594069:90.000000,1051,True,15,12,1050,0.999994,23.3054,0,0.0124144,983 983 982 1049 1115 1116 1050 984 1052 1051 1117 -1
GCP,adapt_p60-00000000000001_a270-0_544_map.h5,27.841,10,476,725,30.000000:270.000000,1339,True,18,13,1396,0.999997,25.514,0,0.012827,1395 1395 1337 1338 1396 1452 1397 1339 1398 1454 1453 1505 -1
GCP,adapt_p70-52877936550931_a11-25_535_map.h5,27.8614,10,507,755,19.471220:11.250000,1169,True,9,9,1102,0.999999,16.1663,0,0.0123394,1103 1103 1168 1167 1101 1102 1169 1170 -1
GCP,adapt_p35-659087696138755_a75-0_349_map.h5,26.9013,10,832,1138,54.340912:75.000000,1576,True,9,9,1576,0.999999,15.4957,0,0.0124837,1620 1620 1619 1575 1576 1577 1530 1529 -1
GCP,adapt_p48-18968510422141_a168-74999999999997_237_map.h5,27.7903,10,256,787,41.810314:168.750000,1491,True,26,13,1490,0.999178,26.9897,0,0.0125068,1438 1437 1490 1491 1542 1587 1541 1540 1489 1436 1380 1438 -1
GCP,adapt_p35-659087696138755_a165-0_161_map.h5,26.8691,10,478,1119,54.340912:165.000000,1587,True,13,13,1587,0.999998,25.659,0,0.0126282,1541 1541 1540 1585 1628 1667 1629 1586 1587 1542 1588 1630 -1
GCP,adapt_p60-00000000000001_a180-0_516_map.h5,28.8934,10,564,367,30.000000:180.000000,1324,True,10,10,1324,0.999998,18.0938,0,0.0133877,1325 1325 1383 1382 1323 1261 1324 1262 1263 -1
GCP,adapt_p80-40593177313954_a22-5_363_map.h5,24.7721,10,169,1473,9.594069:22.500000,1038,False,180,9,1106,0.660287,22.8072,0,0.0155655,1111 1048 1049 1115 1040 1106 1105 1039 -1
GCP,adapt_p48-18968510422141_a258-75_551_map.h5,27.8653,10,356,775,41.810314:258.750000,1504,True,15,13,1504,0.999997,25.9734,0,0.0124265,1453 1453 1506 1454 1555 1554 1505 1452 1504 1553 1503 1451 -1
GCP,adapt_p48-18968510422141_a101-24999999999999_392_map.h5,27.8416,10,301,801,41.810314:101.250000,1481,True,18,14,1428,0.999993,27.8353,0,0.0131444,1481 1481 1427 1370 1428 1482 1483 1430 1429 1371 1313 1372 1373 -1
GCP,adapt_p35-659087696138755_a165-0_433_map.h5,27.7541,10,228,753,54.340912:165.000000,1587,True,31,13,1587,0.993171,25.6288,0,0.0127554,1492 1492 1542 1588 1589 1543 1491 1490 1541 1587 1586 1540 -1
GCP,adapt_p80-40593177313954_a224-99999999999997_335_map.h5,25.6402,10,239,1498,9.594069:225.000000,1076,True,35,13,1075,0.997731,25.1912,0,0.0135848,1073 1073 1139 1140 1074 1075 1141 1076 1142 1143 1077 1078 -1
GCP,adapt_p11-715852394892384_a45-0_279_map.h5,26.8615,10,650,1064,78.284149:45.000000,1766,True,12,12,1766,0.999999,22.3315,0,0.0122876,1767 1767 1748 1747 1746 1745 1765 1766 1783 1782 1781 -1
GCP,adapt_p70-52877936550931_a33-75_335_map.h5,26.8586,10,538,1114,19.471220:33.750000,1173,True,15,13,1173,0.999998,25.8106,0,0.0131955,1172 1172 1235 1299 1300 1237 1238 1174 1236 1173 1107 1106 -1
GCP,adapt_p35-659087696138755_a75-0_209_map.h5,27.8774,10,414,772,54.340912:75.000000,1576,True,12,12,1576,0.999999,23.1018,0,0.0123545,1577 1577 1529 1477 1478 1530 1576 1620 1619 1575 1528 -1
GCP,adapt_p70-52877936550931_a101-24999999999999_575_map.h5,25.7972,10,214,1501,19.471220:101.250000,1185,True,23,13,1183,0.999839,25.2447,0,0.0125888,1182 1182 1116 1117 1183 1246 1184 1118 1119 1185 1248 1247 -1
GCP,adapt_p60-00000000000001_a270-0_167_map.h5,25.8818,10,749,1425,30.000000:270.000000,1339,True,10,10,1339,0.999999,18.1431,0,0.0130012,1397 1397 1398 1340 1339 1277 1338 1396 1337 -1
GCP,adapt_p48-18968510422141_a168-74999999999997_61_map.h5,22.9529,10,59,1176,41.810314:168.750000,1491,False,657,10,1727,0.467246,21.6318,0,0.0542434,1760 1752 1751 1750 1725 1726 1727 1728 1699 -1
GCP,adapt_p60-00000000000001_a90-0_468_map.h5,27.8913,10,664,773,30.000000:90.000000,1309,True,10,10,1368,0.999999,17.8926,0,0.0124596,1425 1425 1426 1369 1310 1309 1368 1367 1308 -1
GCP,adapt_p48-18968510422141_a168-74999999999997_258_map.h5,26.8701,10,604,1149,41.810314:168.750000,1491,True,12,12,1491,0.999998,23.5595,0,0.0127261,1439 1439 1440 1493 1541 1490 1437 1438 1491 1542 1492 -1
GCP,adapt_p80-40593177313954_a45-0_432_map.h5,27.579,10,113,742,9.594069:45.000000,1042,True,58,13,1044,0.993342,27.1225,0,0.0128235,1176 1109 1110 1043 1042 975 976 1044 977 1045 978 1046 -1
GCP,adapt_p35-659087696138755_a344-99999999999994_593_map.h5,27.8451,10,301,689,54.340912:345.000000,1609,True,14,13,1649,0.999998,25.3228,0,0.0126633,1608 1608 1607 1648 1684 1649 1609 1610 1611 1650 1685 1686 -1
GCP,adapt_p60-00000000000001_a202-49999999999997_233_map.h5,27.7592,10,342,779,30.000000:202.500000,1328,True,23,13,1385,0.998753,25.9079,0,0.0126489,1442 1442 1384 1441 1385 1386 1387 1328 1327 1265 1326 1325 -1
GCP,adapt_p35-659087696138755_a344-99999999999994_479_map.h5,26.8891,10,610,1145,54.340912:345.000000,1609,True,10,10,1649,0.999999,17.7789,0,0.0127017,1609 1609 1608 1607 1648 1684 1685 1649 1650 -1
GCP,adapt_p48-18968510422141_a213-75_234_map.h5,23.2639,10,82,1831,41.810314:213.750000,1497,False,266,11,1780,0.908285,21.7705,0,0.0197498,1795 1781 1791 1780 1765 1744 1764 1763 1779 1778 -1
GCP,adapt_p60-00000000000001_a180-0_303_map.h5,24.561,10,279,1888,30.000000:180.000000,1324,False,59,11,1439,0.971552,22.0156,0,0.0128051,1261 1322 1381 1438 1439 1440 1441 1384 1383 1382 -1
GCP,adapt_p48-18968510422141_a78-75_166_map.h5,28.8904,10,477,383,41.810314:78.750000,1478,True,11,11,1478,0.999999,21.0573,0,0.0123602,1529 1529 1530 1476 1477 1423 1424 1478 1479 1425 -1
GCP,adapt_p60-00000000000001_a202-49999999999997_529_map.h5,26.8291,10,406,1138,30.000000:202.500000,1328,True,18,13,1385,0.999912,25.6187,0,0.0127432,1326 1326 1265 1327 1385 1384 1442 1443 1386 1387 1328 1266 -1
GCP,adapt_p23-556464309101234_a202-5_598_map.h5,26.8754,10,448,1185,66.443535:202.500000,1704,True,12,12,1704,0.999999,22.9309,0,0.0124264,1732 1732 1733 1672 1671 1705 1704 1670 1669 1703 1731 -1
GCP,adapt_p60-00000000000001_a315-0_426_map.h5,26.8713,10,384,1176,30.000000:315.000000,1346,True,12,12,1347,0.999999,23.174,0,0.0125329,1348 1348 1286 1287 1347 1346 1404 1460 1461 1405 1406 -1
GCP,adapt_p80-40593177313954_a315-0_539_map.h5,27.7833,10,348,750,9.594069:315.000000,1093,True,21,14,1093,0.999814,27.6814,0,0.0125106,1157 1157 1222 1223 1158 1092 1025 1026 1093 1159 1160 1094 1027 -1
GCP,adapt_p60-00000000000001_a180-0_370_map.h5,25.8302,10,429,1516,30.000000:180.000000,1324,True,18,13,1440,0.999991,25.8263,0,0.0125797,1382 1382 1325 1324 1383 1384 1441 1442 1494 1493 1440 1439 -1
GCP,adapt_p60-00000000000001_a157-5_111_map.h5,27.768,10,201,780,30.000000:157.500000,1320,True,28,13,1320,0.998362,25.2505,0,0.0127506,1257 1257 1258 1259 1321 1322 1381 1380 1379 1320 1319 1378 -1
GCP,adapt_p48-18968510422141_a33-75_514_map.h5,25.8412,10,426,1477,41.810314:33.750000,1471,True,17,13,1417,0.999984,25.6664,0,0.0126241,1472 1472 1418 1359 1417 1524 1523 1471 1470 1416 1358 1357 -1
GCP,adapt_p80-40593177313954_a224-99999999999997_315_map.h5,26.6771,10,127,1133,9.594069:225.000000,1076,True,46,13,1076,0.969471,25.9135,0,0.0126867,1074 1074 1075 1008 1076 1077 1009 1142 1208 1143 1144 1078 -1
GCP,adapt_p80-40593177313954_a135-0_586_map.h5,26.8429,10,436,1071,9.594069:135.000000,1059,True,14,13,1059,0.999999,25.8308,0,0.0140414,992 992 1058 1124 1057 990 991 1059 1125 1126 1060 993 -1
GCP,adapt_p60-00000000000001_a67-5_93_map.h5,26.8674,10,514,1091,30.000000:67.500000,1305,True,13,13,1305,0.999999,24.8735,0,0.012376,1364 1364 1363 1304 1305 1242 1243 1306 1365 1366 1307 1244 -1
GCP,adapt_p70-52877936550931_a348-74999999999994_296_map.h5,27.8313,10,397,744,19.471220:348.750000,1229,True,16,13,1228,0.999996,25.4505,0,0.0128191,1163 1163 1164 1165 1230 1293 1292 1229 1228 1227 1290 1291 -1
GCP,adapt_p11-715852394892384_a315-0_269_map.h5,26.8591,10,498,1081,78.284149:315.000000,1778,True,15,13,1762,0.999998,24.9748,0,0.012617,1779 1779 1790 1791 1778 1777 1761 1739 1740 1762 1763 1741 -1
GCP,adapt_p60-00000000000001_a45-0_81_map.h5,27.8503,10,357,785,30.000000:45.000000,1301,True,15,13,1302,0.999996,25.3269,0,0.0124818,1238 1238 1239 1240 1303 1362 1361 1302 1301 1237 1300 1360 -1
GCP,adapt_p80-40593177313954_a135-0_35_map.h5,27.8493,10,362,740,9.594069:135.000000,1059,True,16,14,1125,0.999994,27.4504,0,0.0124665,1058 1058 1059 1060 1126 1192 1191 1125 1124 1190 1189 1123 1057 -1
GCP,adapt_p35-659087696138755_a135-0_502_map.h5,27.7157,10,208,800,54.340912:135.000000,1583,True,39,14,1626,0.992803,27.2782,0,0.0130624,1665 1665 1664 1663 1625 1582 1536 1485 1537 1583 1626 1627 1584 -1
GCP,adapt_p80-40593177313954_a90-0_556_map.h5,27.658,10,219,752,9.594069:90.000000,1051,True,48,13,1051,0.983021,25.6036,0,0.0128103,982 982 1049 1050 1116 1117 1051 983 984 1052 1118 1053 -1
GCP,adapt_p60-00000000000001_a247-49999999999997_368_map.h5,28.8891,10,578,365,30.000000:247.500000,1335,True,10,10,1394,0.999998,18.2766,0,0.0127067,1336 1336 1393 1335 1394 1450 1451 1395 1337 -1
GCP,adapt_p48-18968510422141_a258-75_573_map.h5,27.8521,10,514,656,41.810314:258.750000,1504,True,13,13,1504,0.999999,25.3551,0,0.0126628,1503 1503 1552 1502 1450 1451 1452 1453 1505 1504 1553 1554 -1
GCP,adapt_p60-00000000000001_a224-99999999999997_310_map.h5,26.859,10,592,1086,30.000000:225.000000,1331,True,12,12,1332,0.999999,23.4415,0,0.0128382,1331 1331 1270 1269 1389 1390 1332 1391 1333 1271 1272 -1
GCP,adapt_p70-52877936550931_a146-25_484_map.h5,26.4859,10,82,1125,19.471220:146.250000,1193,True,71,13,1191,0.9469,26.4211,0,0.0129115,1253 1190 1124 1125 1191 1254 1255 1192 1126 1127 1193 1128 -1
GCP,adapt_p11-715852394892384_a45-0_64_map.h5,27.8826,10,484,784,78.284149:45.000000,1766,True,13,13,1746,0.999999,25.3474,0,0.0132047,1765 1765 1744 1781 1782 1766 1767 1747 1720 1746 1745 1719 -1
GCP,adapt_p60-00000000000001_a224-99999999999997_258_map.h5,25.4393,10,182,1452,30.000000:225.000000,1331,False,80,12,1147,0.967087,25.3536,0,0.0135486,1271 1211 1146 1081 1147 1212 1275 1276 1213 1148 1214 -1
GCP,adapt_p48-18968510422141_a348-74999999999994_355_map.h5,27.4529,10,75,373,41.810314:348.750000,1517,True,231,10,1566,0.712149,26.5342,0,0.017591,1590 1610 1519 1518 1517 1566 1609 1565 1516 -1
GCP,adapt_p35-659087696138755_a45-0_358_map.h5,26.8453,10,273,1165,54.340912:45.000000,1572,True,19,13,1615,0.999945,25.4823,0,0.0125286,1655 1655 1615 1571 1572 1616 1654 1614 1653 1689 1690 1691 -1
GCP,adapt_p48-18968510422141_a11-25_540_map.h5,25.8628,10,428,1507,41.810314:11.250000,1468,True,14,13,1413,0.999998,25.738,0,0.013008,1467 1467 1520 1521 1469 1415 1414 1468 1355 1413 1354 1412 -1
GCP,adapt_p80-40593177313954_a135-0_499_map.h5,26.8683,10,519,1009,9.594069:135.000000,1059,True,13,13,1058,0.999999,25.9018,0,0.0124221,1125 1125 1124 1126 1060 992 1059 991 1058 990 1057 1123 -1
GCP,adapt_p80-40593177313954_a157-5_306_map.h5,25.7707,10,222,1461,9.594069:157.500000,1063,True,31,12,1128,0.998985,23.1196,0,0.0130966,1195 1195 1194 1193 1126 1127 1061 1062 1128 1129 1063 -1
GCP,adapt_p48-18968510422141_a281-24999999999994_253_map.h5,27.8581,10,308,787,41.810314:281.250000,1507,True,15,13,1508,0.999987,25.403,0,0.0126749,1455 1455 1506 1454 1507 1556 1557 1508 1456 1457 1509 1558 -1
GCP,adapt_p60-00000000000001_a202-49999999999997_126_map.h5,25.8861,10,816,1481,30.000000:202.500000,1328,True,10,10,1328,0.999999,17.7578,0,0.0126723,1267 1267 1329 1387 1386 1328 1266 1265 1327 -1
GCP,adapt_p70-52877936550931_a213-75_101_map.h5,27.8671,10,587,723,19.471220:213.750000,1205,True,15,14,1205,0.999998,27.4878,0,0.0126693,1268 1268 1330 1269 1206 1205 1140 1139 1204 1267 1266 1203 1138 -1
GCP,adapt_p35-659087696138755_a195-0_388_map.h5,27.6459,10,217,765,54.340912:195.000000,1590,True,50,13,1496,0.964066,26.9997,0,0.0138478,1547 1497 1445 1444 1443 1496 1546 1591 1495 1545 1590 1589 -1
GCP,adapt_p48-18968510422141_a303-75_67_map.h5,27.8724,10,372,774,41.810314:303.750000,1510,True,13,13,1511,0.999999,25.5215,0,0.0124101,1559 1559 1558 1509 1560 1561 1512 1460 1459 1511 1510 1458 -1
GCP,adapt_p70-52877936550931_a78-75_345_map.h5,26.835,10,356,1174,19.471220:78.750000,1181,True,18,12,1244,0.999945,24.9563,0,0.012799,1180 1243 1306 1244 1181 1115 1180 1307 1308 1245 1182 -1
GCP,adapt_p70-52877936550931_a56-24999999999999_200_map.h5,26.8741,10,454,1154,19.471220:56.250000,1177,True,12,12,1177,0.999999,23.6593,0,0.0127222,1240 1240 1178 1112 1242 1241 1177 1111 1110 1176 1239 -1
GCP,adapt_p80-40593177313954_a202-49999999999997_134_map.h5,24.7079,10,143,1574,9.594069:202.500000,1072,False,191,8,1424,0.707492,22.9002,0,0.0156851,1000 1425 1424 1366 1365 1423 1477 -1
GCP,adapt_p35-659087696138755_a224-99999999999997_80_map.h5,26.7753,10,251,1162,54.340912:225.000000,1594,True,27,13,1549,0.998916,24.7803,0,0.0124922,1595 1595 1594 1636 1635 1593 1548 1498 1499 1549 1550 1500 -1
GCP,adapt_p60-00000000000001_a202-49999999999997_343_map.h5,25.7088,10,282,1493,30.000000:202.500000,1328,True,30,12,1328,0.998502,24.5811,0,0.0129421,1267 1266 1265 1327 1386 1328 1329 1387 1388 1330 1267 -1
GCP,adapt_p70-52877936550931_a168-74999999999997_406_map.h5,27.84,10,243,734,19.471220:168.750000,1197,True,18,13,1196,0.999942,25.4774,0,0.0128349,1261 1261 1198 1197 1131 1130 1196 1260 1322 1259 1258 1195 -1
GCP,adapt_p48-18968510422141_a33-75_360_map.h5,26.2127,10,213,1208,41.810314:33.750000,1471,True,108,11,1471,0.949003,25.8436,0,0.0139451,1645 1522 1470 1416 1417 1418 1472 1524 1471 1523 -1
GCP,adapt_p11-715852394892384_a45-0_325_map.h5,28.8886,10,467,384,78.284149:45.000000,1766,True,11,11,1746,0.999998,20.1176,0,0.0131701,1747 1747 1748 1767 1746 1745 1765 1766 1782 1783 -1
GCP,adapt_p35-659087696138755_a45-0_41_map.h5,28.8747,10,405,366,54.340912:45.000000,1572,True,14,14,1572,0.999999,28.0879,0,0.0131027,1617 1617 1656 1655 1654 1615 1571 1572 1525 1526 1573 1616 1574 -1
GCP,adapt_p70-52877936550931_a281-24999999999994_368_map.h5,27.8884,10,615,743,19.471220:281.250000,1217,True,11,11,1217,0.999999,20.7622,0,0.0124109,1279 1279 1215 1278 1216 1151 1152 1217 1280 1218 -1
GCP,adapt_p80-40593177313954_a90-0_361_map.h5,27.8185,10,291,737,9.594069:90.000000,1051,True,23,13,1051,0.999865,26.5886,0,0.0132537,1117 1117 983 984 1051 1050 982 1049 1116 1118 1052 985 -1
GCP,adapt_p60-00000000000001_a157-5_578_map.h5,27.8885,10,526,758,30.000000:157.500000,1320,True,10,10,1320,0.999999,18.465,0,0.0123081,1319 1319 1379 1378 1320 1321 1259 1258 1257 -1
GCP,adapt_p80-40593177313954_a315-0_103_map.h5,26.8663,10,488,1124,9.594069:315.000000,1093,True,13,13,1093,0.999999,25.7227,0,0.0125181,1092 1092 1159 1224 1160 1094 1093 1158 1223 1222 1157 1091 -1
GCP,adapt_p48-18968510422141_a303-75_411_map.h5,26.8735,10,664,1087,41.810314:303.750000,1510,True,10,10,1459,0.999998,18.5784,0,0.0122797,1510 1510 1559 1560 1511 1457 1458 1459 1460 -1
GCP,adapt_p80-40593177313954_a247-49999999999997_395_map.h5,25.8291,10,465,1461,9.594069:247.500000,1080,True,18,12,1079,0.999923,22.9896,0,0.0127299,1080 1080 1146 1145 1079 1011 1010 1078 1144 1077 1143 -1
GCP,adapt_p48-18968510422141_a236-25_326_map.h5,28.8375,10,304,396,41.810314:236.250000,1501,True,15,14,1449,0.999997,27.7877,0,0.0133206,1502 1502 1503 1450 1393 1392 1449 1448 1391 1447 1500 1501 1551 -1
GCP,adapt_p70-52877936550931_a213-75_218_map.h5,28.8072,10,214,357,19.471220:213.750000,1205,True,26,14,1207,0.999763,28.3602,0,0.0125705,1142 1142 1143 1208 1141 1140 1205 1267 1268 1269 1206 1207 1270 -1
GCP,adapt_p48-18968510422141_a236-25_136_map.h5,28.8775,10,494,405,41.810314:236.250000,1501,True,10,10,1501,0.999999,18.3956,0,0.0123231,1500 1500 1550 1447 1448 1449 1502 1501 1551 -1
GCP,adapt_p23-556464309101234_a22-5_111_map.h5,26.8202,10,375,1143,66.443535:22.500000,1689,True,20,13,1690,0.999847,24.6849,0,0.0126195,1655 1655 1654 1653 1689 1719 1745 1746 1720 1690 1691 1721 -1
GCP,adapt_p70-52877936550931_a191-25_513_map.h5,25.728,10,221,1526,19.471220:191.250000,1201,True,33,13,1203,0.982899,25.161,0,0.0128376,1205 1205 1204 1139 1138 1203 1266 1265 1264 1201 1202 1137 -1
GCP,adapt_p70-52877936550931_a258-75_18_map.h5,27.8576,10,281,718,19.471220:258.750000,1213,True,16,13,1214,0.999993,25.4524,0,0.0131884,1213 1213 1276 1277 1215 1214 1149 1148 1083 1084 1150 1151 -1
GCP,adapt_p23-556464309101234_a157-5_231_map.h5,27.8714,10,512,748,66.443535:157.500000,1701,True,11,11,1701,0.999998,20.4719,0,0.0123357,1666 1666 1665 1699 1728 1729 1700 1701 1667 1702 -1
GCP,adapt_p60-00000000000001_a315-0_356_map.h5,27.8793,10,627,729,30.000000:315.000000,1346,True,11,11,1405,0.999999,20.7859,0,0.0125458,1347 1347 1406 1348 1405 1461 1460 1404 1346 1403 -1
GCP,adapt_p70-52877936550931_a281-24999999999994_306_map.h5,27.8683,10,417,748,19.471220:281.250000,1217,True,15,14,1217,0.999998,27.3914,0,0.0124019,1279 1279 1280 1281 1218 1153 1152 1217 1216 1151 1150 1215 1278 -1
GCP,adapt_p60-00000000000001_a45-0_474_map.h5,25.5569,10,161,1503,30.000000:45.000000,1301,False,58,12,1172,0.966909,25.0857,0,0.0128588,1361 1238 1300 1237 1173 1236 1235 1172 1106 1105 1171 -1
GCP,adapt_p11-715852394892384_a225-0_316_map.h5,28.8623,10,193,373,78.284149:225.000000,1774,True,15,14,1773,0.999991,27.3319,0,0.0124937,1755 1755 1774 1773 1756 1757 1775 1788 1787 1786 1771 1772 1754 -1
GCP,adapt_p23-556464309101234_a67-5_16_map.h5,25.3682,10,62,1167,66.443535:67.500000,1693,False,236,9,1777,0.836555,23.0405,0,0.0184094,1174 1790 1789 1788 1775 1776 1777 1760 -1
GCP,adapt_p60-00000000000001_a270-0_275_map.h5,27.8554,10,517,722,30.000000:270.000000,1339,True,15,13,1397,0.999997,26.3542,0,0.0124179,1338 1338 1278 1277 1339 1340 1398 1397 1453 1395 1337 1396 -1
GCP,adapt_p48-18968510422141_a213-75_105_map.h5,26.8612,10,516,1055,41.810314:213.750000,1497,True,14,13,1445,0.999998,24.9586,0,0.0125999,1444 1444 1445 1388 1389 1446 1499 1549 1548 1498 1497 1547 -1
GCP,adapt_p80-40593177313954_a270-0_120_map.h5,27.7703,10,459,720,9.594069:270.000000,1084,True,29,14,1084,0.998093,27.7386,0,0.0124923,1214 1214 1213 1148 1149 1083 1016 1084 1150 1215 1151 1085 1086 -1
GCP,adapt_p70-52877936550931_a33-75_456_map.h5,27.8682,10,483,772,19.471220:33.750000,1173,True,13,13,1108,0.999998,26.3628,0,0.0126297,1109 1109 1110 1043 1175 1174 1173 1108 1042 1041 1107 1106 -1
GCP,adapt_p23-556464309101234_a202-5_353_map.h5,27.8794,10,611,741,66.443535:202.500000,1704,True,10,10,1704,0.999999,18.1886,0,0.012351,1705 1705 1670 1671 1704 1703 1731 1732 1733 -1
GCP,adapt_p70-52877936550931_a326-24999999999994_404_map.h5,28.8963,10,551,367,19.471220:326.250000,1225,True,9,9,1225,0.999998,15.7959,0,0.0125014,1160 1160 1161 1225 1287 1224 1159 1223 -1
GCP,adapt_p48-18968510422141_a258-75_584_map.h5,25.2332,10,125,1143,41.810314:258.750000,1504,False,271,10,1150,0.660946,23.4645,0,0.0191383,1446 1149 1150 1151 1085 1086 1087 1088 1089 -1
GCP,adapt_p48-18968510422141_a348-74999999999994_424_map.h5,25.8276,10,254,1480,41.810314:348.750000,1517,True,20,12,1518,0.999916,23.9961,0,0.0132458,1467 1467 1566 1565 1517 1465 1466 1518 1519 1413 1412 -1
GCP,adapt_p35-659087696138755_a285-0_26_map.h5,25.7736,10,231,1508,54.340912:285.000000,1601,True,27,13,1643,0.999489,25.0997,0,0.0131245,1603 1603 1602 1601 1642 1679 1643 1644 1680 1712 1711 1678 -1
GCP,adapt_p11-715852394892384_a225-0_217_map.h5,27.8488,10,395,711,78.284149:225.000000,1774,True,12,12,1774,0.999999,22.3364,0,0.0130001,1756 1756 1757 1774 1775 1788 1787 1773 1772 1755 1754 -1
GCP,adapt_p35-659087696138755_a45-0_439_map.h5,28.561,10,90,350,54.340912:45.000000,1572,True,61,13,1572,0.953487,26.9546,0,0.0127704,1569 1570 1615 1616 1573 1526 1473 1525 1572 1571 1524 1523 -1
GCP,adapt_p11-715852394892384_a315-0_143_map.h5,28.1153,10,102,386,78.284149:315.000000,1778,True,135,13,1762,0.962607,25.9679,0,0.0144734,1742 1741 1763 1779 1778 1777 1760 1761 1762 1740 1739 1738 -1
GCP,adapt_p70-52877936550931_a348-74999999999994_591_map.h5,25.68,10,166,1482,19.471220:348.750000,1229,True,38,13,1228,0.997504,25.5333,0,0.0128172,1226 1226 1162 1163 1227 1290 1228 1291 1292 1229 1164 1165 -1
GCP,adapt_p70-52877936550931_a101-24999999999999_430_map.h5,26.7602,10,296,1073,19.471220:101.250000,1185,True,30,13,1185,0.991863,25.7682,0,0.0135948,1249 1249 1311 1369 1310 1309 1247 1183 1184 1248 1185 1119 -1
GCP,adapt_p48-18968510422141_a303-75_48_map.h5,25.4793,10,159,1532,41.810314:303.750000,1510,False,70,12,1512,0.868149,24.4364,0,0.0134995,1405 1461 1514 1563 1562 1513 1561 1560 1511 1512 1460 -1
GCP,adapt_p80-40593177313954_a180-0_468_map.h5,28.8481,10,328,390,9.594069:180.000000,1067,True,15,13,1132,0.99999,25.591,0,0.0126131,1067 1067 1066 1132 1065 1131 1197 1198 1133 1068 1134 1199 -1
GCP,adapt_p48-18968510422141_a33-75_121_map.h5,25.842,10,448,1460,41.810314:33.750000,1471,True,17,13,1417,0.999998,25.1398,0,0.0128167,1359 1359 1360 1361 1419 1418 1472 1417 1471 1470 1416 1358 -1
GCP,adapt_p35-659087696138755_a315-0_538_map.h5,25.8543,10,583,1449,54.340912:315.000000,1605,True,11,11,1646,0.999999,20.1869,0,0.0124969,1682 1682 1681 1645 1604 1646 1605 1606 1647 1683 -1
GCP,adapt_p70-52877936550931_a168-74999999999997_277_map.h5,23.4698,10,89,1827,19.471220:168.750000,1197,False,221,10,1388,0.735686,21.4673,0,0.0167763,1395 1501 1446 1389 1388 1445 1444 1387 1329 -1
GCP,adapt_p60-00000000000001_a90-0_103_map.h5,25.3067,10,62,1117,30.000000:90.000000,1309,False,256,11,1188,0.855744,23.9563,0,0.0208855,1246 1187 1121 1055 1122 1188 1251 1189 1123 1056 -1
GCP,adapt_p80-40593177313954_a112-49999999999999_514_map.h5,25.784,10,383,1429,9.594069:112.500000,1055,True,25,13,1056,0.99875,25.6597,0,0.0127961,1120 1120 1187 1121 1054 1055 988 1056 1122 1188 1123 1057 -1
GCP,adapt_p60-00000000000001_a0-0_224_map.h5,25.762,10,347,1556,30.000000:0.000000,1294,True,28,12,1294,0.997046,24.4046,0,0.0127422,1231 1294 1354 1295 1232 1231 1293 1353 1411 1410 1352 -1
GCP,adapt_p60-00000000000001_a292-5_429_map.h5,25.8181,10,364,1417,30.000000:292.500000,1343,True,20,13,1281,0.999983,25.6204,0,0.0126613,1219 1219 1218 1217 1280 1341 1342 1281 1220 1283 1282 1343 -1
GCP,adapt_p60-00000000000001_a292-5_67_map.h5,26.5948,10,174,1139,30.000000:292.500000,1343,True,56,12,1342,0.974142,25.7452,0,0.0130086,1402 1343 1282 1281 1342 1401 1400 1399 1341 1280 1277 -1
GCP,adapt_p70-52877936550931_a56-24999999999999_261_map.h5,26.8672,10,562,1065,19.471220:56.250000,1177,True,12,12,1177,0.999999,23.7069,0,0.0125397,1178 1178 1242 1241 1111 1112 1177 1240 1239 1176 1110 -1
GCP,adapt_p23-556464309101234_a157-5_75_map.h5,26.8934,10,841,1062,66.443535:157.500000,1701,True,8,8,1700,0.999999,12.9696,0,0.012404,1701 1701 1729 1728 1700 1666 1665 -1
GCP,adapt_p70-52877936550931_a236-25_148_map.h5,24.695,10,84,1082,19.471220:236.250000,1209,False,371,11,1637,0.826402,22.348,0,0.0263141,1756 1707 1673 1636 1594 1595 1637 1674 1675 1638 -1
GCP,adapt_p60-00000000000001_a90-0_45_map.h5,28.8282,10,189,381,30.000000:90.000000,1309,True,22,13,1309,0.999924,27.4994,0,0.0125717,1246 1309 1368 1426 1367 1308 1310 1369 1311 1248 1247 1246 -1
GCP,adapt_p70-52877936550931_a78-75_212_map.h5,25.8783,10,461,1505,19.471220:78.750000,1181,True,14,13,1181,0.999998,25.516,0,0.0125874,1182 1182 1115 1181 1245 1246 1308 1307 1244 1243 1180 1114 -1
GCP,adapt_p70-52877936550931_a101-24999999999999_323_map.h5,27.8643,10,488,739,19.471220:101.250000,1185,True,12,12,1185,0.999999,23.2955,0,0.0124503,1120 1120 1121 1119 1118 1184 1247 1248 1185 1186 1249 -1
GCP,adapt_p70-52877936550931_a213-75_37_map.h5,28.8777,10,409,366,19.471220:213.750000,1205,True,12,12,1205,0.999999,23.187,0,0.0130734,1206 1206 1207 1141 1140 1205 1269 1268 1267 1204 1139 -1
GCP,adapt_p11-715852394892384_a135-0_203_map.h5,25.6746,10,180,1485,78.284149:135.000000,1770,False,45,13,1187,0.984536,25.2987,0,0.0131877,1119 1119 1120 1186 1249 1187 1121 1122 1188 1251 1250 1313 -1
GCP,adapt_p80-40593177313954_a157-5_118_map.h5,28.0531,10,124,334,9.594069:157.500000,1063,True,141,12,1129,0.947984,25.1221,0,0.0143544,1376 1193 1194 1128 1062 1063 1064 1130 1129 1195 1258 -1
GCP,adapt_p35-659087696138755_a135-0_321_map.h5,25.9945,10,169,1033,54.340912:135.000000,1583,True,159,11,1582,0.892875,23.8169,0,0.0151633,1576 1581 1535 1484 1485 1536 1583 1582 1625 1624 -1
GCP,adapt_p48-18968510422141_a281-24999999999994_250_map.h5,27.8572,10,419,778,41.810314:281.250000,1507,True,16,13,1507,0.999988,25.6049,0,0.0125646,1506 1506 1454 1455 1507 1555 1556 1557 1508 1456 1509 1558 -1
GCP,adapt_p70-52877936550931_a56-24999999999999_20_map.h5,27.869,10,434,715,19.471220:56.250000,1177,True,12,12,1177,0.999999,23.3245,0,0.0127511,1240 1240 1239 1175 1109 1110 1176 1241 1178 1177 1111 -1
GCP,adapt_p35-659087696138755_a195-0_422_map.h5,26.8915,10,804,1127,54.340912:195.000000,1590,True,7,7,1590,0.999999,10.7359,0,0.0123176,1633 1633 1632 1589 1590 1591 -1
GCP,adapt_p60-00000000000001_a22-5_558_map.h5,27.8761,10,519,704,30.000000:22.500000,1298,True,9,9,1298,0.999999,16.0973,0,0.0126747,1297 1297 1357 1358 1299 1298 1356 1296 -1
GCP,adapt_p23-556464309101234_a202-5_550_map.h5,26.8574,10,561,1068,66.443535:202.500000,1704,True,14,13,1732,0.999998,26.0047,0,0.0123915,1733 1733 1672 1671 1670 1704 1705 1706 1756 1732 1731 1703 -1
GCP,adapt_p48-18968510422141_a326-24999999999994_464_map.h5,26.8754,10,603,1141,41.810314:326.250000,1514,True,10,10,1514,0.999999,18.1851,0,0.0124097,1462 1462 1515 1463 1514 1563 1562 1513 1461 -1
GCP,adapt_p11-715852394892384_a45-0_183_map.h5,26.8604,10,376,1167,78.284149:45.000000,1766,True,13,13,1767,0.999999,24.5704,0,0.0124227,1748 1748 1749 1768 1769 1784 1783 1782 1766 1767 1746 1747 -1
GCP,adapt_p80-40593177313954_a112-49999999999999_543_map.h5,28.8764,10,439,384,9.594069:112.500000,1055,True,12,12,1054,0.999999,23.5549,0,0.0124068,1121 1121 1120 1122 1056 988 1055 987 1054 986 1053 -1
GCP,adapt_p35-659087696138755_a135-0_463_map.h5,25.7883,10,211,1469,54.340912:135.000000,1583,True,27,13,1626,0.999445,25.5256,0,0.0125003,1628 1628 1665 1664 1626 1625 1582 1583 1627 1585 1584 1538 -1
GCP,adapt_p80-40593177313954_a67-5_30_map.h5,26.8559,10,454,1181,9.594069:67.500000,1047,True,15,13,1046,0.999997,26.133,0,0.0128759,1113 1113 1047 1048 1114 979 1046 1045 1111 1112 1179 1178 -1
GCP,adapt_p35-659087696138755_a75-0_580_map.h5,26.8503,10,312,1081,54.340912:75.000000,1576,True,16,13,1620,0.999996,26.2252,0,0.0124926,1659 1659 1660 1621 1577 1578 1576 1575 1620 1658 1619 1618 -1
GCP,adapt_p48-18968510422141_a11-25_209_map.h5,26.866,10,604,1125,41.810314:11.250000,1468,True,11,11,1468,0.999998,20.4796,0,0.0127745,1469 1469 1415 1414 1413 1467 1520 1468 1521 1522 -1
GCP,adapt_p23-556464309101234_a157-5_194_map.h5,27.8457,10,288,687,66.443535:157.500000,1701,True,21,13,1729,0.99998,25.6864,0,0.0130662,1700 1700 1667 1666 1701 1702 1730 1754 1753 1752 1729 1728 -1
GCP,adapt_p35-659087696138755_a135-0_114_map.h5,28.8861,10,471,393,54.340912:135.000000,1583,True,10,10,1626,0.999998,18.0937,0,0.0126464,1664 1664 1625 1663 1626 1583 1584 1627 1665 -1
GCP,adapt_p70-52877936550931_a146-25_200_map.h5,27.8163,10,265,772,19.471220:146.250000,1193,True,22,13,1128,0.999797,25.538,0,0.0124668,1061 1061 1062 1129 1194 1257 1256 1193 1128 1127 1126 1192 -1
GCP,adapt_p80-40593177313954_a22-5_267_map.h5,28.8159,10,271,349,9.594069:22.500000,1038,True,21,14,1106,0.99996,28.3497,0,0.0129285,1040 1040 1107 1173 1172 1106 1105 1171 1039 1038 1104 1103 1037 -1
GCP,adapt_p60-00000000000001_a292-5_241_map.h5,25.7136,10,94,1118,30.000000:292.500000,1343,False,201,12,1701,0.90188,24.7396,0,0.0170094,1627 1666 1700 1729 1730 1703 1668 1702 1701 1667 1629 -1
GCP,adapt_p80-40593177313954_a45-0_491_map.h5,26.7773,10,315,1140,9.594069:45.000000,1042,True,27,13,1043,0.997828,25.8954,0,0.012588,1045 1045 976 977 1044 1110 1109 1175 1108 1042 975 1043 -1
GCP,adapt_p23-556464309101234_a157-5_432_map.h5,26.8991,10,859,1136,66.443535:157.500000,1701,True,9,9,1701,0.999999,15.5225,0,0.0126914,1729 1729 1730 1701 1667 1666 1700 1728 -1
GCP,adapt_p70-52877936550931_a191-25_526_map.h5,28.594,10,94,392,19.471220:191.250000,1201,True,57,13,1202,0.982181,27.4946,0,0.0127767,1326 1264 1263 1135 1136 1201 1265 1202 1137 1071 1138 1203 -1
GCP,adapt_p60-00000000000001_a67-5_184_map.h5,26.8477,10,372,1039,30.000000:67.500000,1305,True,15,13,1305,0.999979,26.1736,0,0.0131458,1306 1306 1366 1423 1365 1242 1243 1305 1364 1363 1304 1241 -1
GCP,adapt_p35-659087696138755_a75-0_322_map.h5,27.8813,10,521,719,54.340912:75.000000,1576,True,12,12,1576,0.999999,23.9897,0,0.0124807,1530 1530 1478 1531 1577 1529 1576 1621 1620 1619 1575 -1
GCP,adapt_p11-715852394892384_a135-0_84_map.h5,27.8863,10,589,743,78.284149:135.000000,1770,True,7,7,1752,0.999999,10.4159,0,0.0125261,1771 1771 1770 1751 1752 1753 -1
GCP,adapt_p35-659087696138755_a195-0_327_map.h5,26.8464,10,322,1124,54.340912:195.000000,1590,True,16,13,1633,0.999992,25.6308,0,0.0124423,1632 1632 1671 1670 1633 1590 1545 1546 1591 1592 1634 1635 -1
GCP,adapt_p60-00000000000001_a112-49999999999999_531_map.h5,27.8533,10,369,809,30.000000:112.500000,1313,True,15,13,1312,0.999998,25.8557,0,0.0124749,1371 1371 1311 1248 1247 1310 1370 1312 1249 1250 1313 1372 -1
GCP,adapt_p48-18968510422141_a146-25_364_map.h5,27.8487,10,511,752,41.810314:146.250000,1488,True,15,13,1435,0.999982,25.7338,0,0.0131506,1487 1487 1488 1539 1538 1433 1434 1377 1378 1435 1489 1436 -1
GCP,adapt_p23-556464309101234_a157-5_195_map.h5,28.7002,10,174,393,66.443535:157.500000,1701,True,34,14,1665,0.993481,27.892,0,0.0126408,1626 1626 1665 1627 1664 1663 1698 1699 1728 1700 1701 1666 1628 -1
GCP,adapt_p48-18968510422141_a146-25_169_map.h5,27.8761,10,542,761,41.810314:146.250000,1488,True,11,11,1488,0.999999,20.9909,0,0.0126601,1538 1538 1537 1539 1489 1436 1435 1488 1487 1434 -1
GCP,adapt_p70-52877936550931_a11-25_312_map.h5,27.8843,10,592,758,19.471220:11.250000,1169,True,11,11,1169,0.999999,21.0225,0,0.0124734,1102 1102 1167 1101 1168 1231 1232 1169 1103 1170 -1
GCP,adapt_p70-52877936550931_a236-25_386_map.h5,25.6541,10,210,1447,19.471220:236.250000,1209,True,47,12,1271,0.956112,24.092,0,0.0126926,1141 1206 1269 1270 1207 1208 1271 1209 1272 1273 1210 -1
GCP,adapt_p60-00000000000001_a112-49999999999999_14_map.h5,27.8553,10,398,791,30.000000:112.500000,1313,True,15,13,1313,0.999997,25.3143,0,0.0124903,1371 1371 1312 1250 1251 1252 1315 1314 1313 1372 1373 1430 -1
GCP,adapt_p60-00000000000001_a202-49999999999997_561_map.h5,27.8954,10,694,706,30.000000:202.500000,1328,True,8,8,1327,0.999999,13.5568,0,0.0123501,1328 1328 1386 1266 1265 1327 1326 -1
GCP,adapt_p35-659087696138755_a135-0_66_map.h5,25.7472,10,161,1499,54.340912:135.000000,1583,True,30,13,1625,0.998011,25.0761,0,0.0126325,1661 1661 1623 1662 1624 1581 1625 1582 1583 1626 1664 1663 -1
GCP,adapt_p35-659087696138755_a224-99999999999997_54_map.h5,27.8814,10,600,739,54.340912:225.000000,1594,True,11,11,1594,0.999999,21.2254,0,0.0124171,1637 1637 1594 1593 1635 1636 1673 1674 1595 1638 -1
GCP,adapt_p48-18968510422141_a281-24999999999994_305_map.h5,23.103,10,77,1425,41.810314:281.250000,1507,False,459,10,1292,0.710893,22.3121,0,0.033575,1521 1352 1292 1229 1164 1163 1228 1291 1227 -1
GCP,adapt_p23-556464309101234_a247-49999999999997_80_map.h5,27.4752,10,90,764,66.443535:247.500000,1708,False,74,13,1706,0.954777,26.342,0,0.0136416,1703 1704 1732 1733 1705 1706 1672 1673 1674 1707 1734 1757 -1
GCP,adapt_p80-40593177313954_a45-0_267_map.h5,26.2792,10,108,1079,9.594069:45.000000,1042,True,95,12,1041,0.962966,25.0734,0,0.0135479,1104 971 1039 972 1040 973 1041 974 1042 975 1043 -1
GCP,adapt_p80-40593177313954_a157-5_331_map.h5,27.8247,10,377,732,9.594069:157.500000,1063,True,19,13,1130,0.999962,25.1728,0,0.0130875,1131 1131 1065 1064 1063 1062 1128 1194 1195 1129 1130 1196 -1
GCP,adapt_p80-40593177313954_a270-0_176_map.h5,27.8776,10,530,775,9.594069:270.000000,1084,True,11,11,1083,0.999998,20.8094,0,0.013164,1149 1149 1082 1148 1083 1016 1084 1150 1151 1085 -1
GCP,adapt_p60-00000000000001_a270-0_84_map.h5,25.0206,10,159,1492,30.000000:270.000000,1339,False,137,11,1273,0.876011,23.3471,0,0.0141942,1140 1209 1272 1334 1335 1273 1210 1211 1274 1275 -1
GCP,adapt_p23-556464309101234_a112-5_577_map.h5,26.8804,10,745,1159,66.443535:112.500000,1697,True,8,8,1725,0.999999,13.3449,0,0.0123973,1726 1726 1725 1695 1696 1661 1697 -1
GCP,adapt_p60-00000000000001_a247-49999999999997_142_map.h5,27.8432,10,254,728,30.000000:247.500000,1335,True,17,13,1393,0.999994,26.0872,0,0.0125707,1335 1335 1336 1395 1451 1394 1450 1502 1393 1334 1392 1449 -1
GCP,adapt_p23-556464309101234_a292-5_345_map.h5,25.8218,10,142,1491,66.443535:292.500000,1712,True,22,13,1713,0.99987,25.6539,0,0.0130248,1739 1739 1711 1738 1712 1680 1679 1643 1644 1681 1713 1714 -1
GCP,adapt_p23-556464309101234_a157-5_587_map.h5,26.8624,10,589,1129,66.443535:157.500000,1701,True,12,12,1665,0.999999,23.0928,0,0.0124341,1666 1666 1701 1667 1628 1627 1665 1664 1698 1699 1700 -1
GCP,adapt_p48-18968510422141_a168-74999999999997_254_map.h5,27.8772,10,402,706,41.810314:168.750000,1491,True,12,12,1438,0.999999,23.0871,0,0.0125442,1491 1491 1439 1492 1438 1381 1380 1437 1490 1436 1379 -1
GCP,adapt_p11-715852394892384_a45-0_364_map.h5,27.8824,10,544,735,78.284149:45.000000,1766,True,11,11,1766,0.999999,21.7266,0,0.0123297,1767 1747 1746 1745 1765 1766 1782 1783 1748 1767 -1
GCP,adapt_p70-52877936550931_a101-24999999999999_435_map.h5,23.2425,10,88,1116,19.471220:101.250000,1185,False,614,9,1296,0.277187,21.9584,0,0.0497532,1041 1297 1296 1233 1234 1303 1304 1363 -1
GCP,adapt_p60-00000000000001_a202-49999999999997_309_map.h5,25.5651,10,204,1431,30.000000:202.500000,1328,True,61,12,1136,0.940343,25.0036,0,0.0126568,1267 1329 1328 1265 1202 1203 1137 1201 1135 1136 1070 -1
GCP,adapt_p35-659087696138755_a105-0_299_map.h5,27.9023,10,711,662,54.340912:105.000000,1579,True,8,8,1580,0.999999,13.5832,0,0.012454,1623 1623 1622 1579 1624 1581 1580 -1
GCP,adapt_p35-659087696138755_a255-00000000000003_214_map.h5,27.852,10,406,770,54.340912:255.000000,1598,True,14,13,1598,0.999999,25.6372,0,0.012816,1639 1639 1677 1676 1640 1641 1600 1599 1554 1553 1598 1597 -1
GCP,adapt_p35-659087696138755_a344-99999999999994_554_map.h5,26.8787,10,521,1112,54.340912:345.000000,1609,True,13,13,1609,0.999999,25.6375,0,0.0130546,1649 1649 1686 1685 1650 1611 1567 1610 1566 1565 1609 1608 -1
GCP,adapt_p60-00000000000001_a112-49999999999999_439_map.h5,27.8413,10,498,769,30.000000:112.500000,1313,True,17,13,1313,0.999994,25.7267,0,0.0124772,1370 1370 1369 1311 1312 1371 1428 1429 1372 1313 1373 1314 -1
GCP,adapt_p70-52877936550931_a348-74999999999994_555_map.h5,28.8683,10,517,399,19.471220:348.750000,1229,True,13,13,1291,0.999998,25.3937,0,0.0124463,1292 1292 1230 1165 1164 1229 1228 1227 1290 1351 1291 1352 -1
GCP,adapt_p70-52877936550931_a168-74999999999997_116_map.h5,27.8844,10,603,731,19.471220:168.750000,1197,True,11,11,1197,0.999999,20.753,0,0.0124337,1196 1196 1131 1197 1259 1322 1260 1261 1198 1132 -1
GCP,adapt_p80-40593177313954_a180-0_418_map.h5,26.7843,10,509,1112,9.594069:180.000000,1067,True,23,13,1067,0.999788,25.1005,0,0.0125457,1069 1069 1135 1134 1068 1000 999 1067 1133 1132 1066 1065 -1
GCP,adapt_p60-00000000000001_a67-5_413_map.h5,26.855,10,562,1077,30.000000:67.500000,1305,True,12,12,1305,0.999999,22.6941,0,0.0127378,1365 1365 1366 1306 1243 1242 1305 1364 1363 1304 1241 -1
GCP,adapt_p48-18968510422141_a56-24999999999999_353_map.h5,25.5199,10,208,1508,41.810314:56.250000,1475,False,65,12,1524,0.973281,23.9057,0,0.0128566,1470 1471 1417 1418 1472 1473 1525 1572 1571 1524 1523 -1
GCP,adapt_p80-40593177313954_a337-49999999999994_93_map.h5,26.8773,10,489,1084,9.594069:337.500000,1097,True,11,11,1096,0.999998,20.6147,0,0.0125006,1097 1097 1098 1030 1029 1096 1028 1095 1027 1094 -1
GCP,adapt_p60-00000000000001_a337-49999999999994_316_map.h5,26.8553,10,482,1079,30.000000:337.500000,1350,True,14,13,1290,0.999998,25.2554,0,0.0125184,1291 1291 1352 1351 1290 1228 1227 1289 1350 1408 1407 1349 -1
GCP,adapt_p70-52877936550931_a78-75_476_map.h5,26.8858,10,531,1153,19.471220:78.750000,1181,True,11,11,1182,0.999999,20.2571,0,0.0129727,1116 1116 1117 1183 1246 1182 1245 1244 1181 1115 -1
GCP,adapt_p48-18968510422141_a236-25_287_map.h5,26.8579,10,362,1179,41.810314:236.250000,1501,True,14,13,1501,0.999998,25.1025,0,0.0129078,1449 1449 1502 1552 1551 1501 1448 1500 1550 1549 1499 1447 -1
GCP,adapt_p70-52877936550931_a281-24999999999994_253_map.h5,20.3988,10,24,686,19.471220:281.250000,1217,False,1800,8,1623,0.235125,18.6884,0,0.315667,1691 1624 1623 1580 1579 1427 1369 -1
GCP,adapt_p48-18968510422141_a258-75_28_map.h5,27.8822,10,419,693,41.810314:258.750000,1504,True,11,11,1504,0.999999,20.4188,0,0.0125692,1451 1451 1450 1503 1553 1554 1504 1452 1505 1453 -1
GCP,adapt_p80-40593177313954_a135-0_56_map.h5,25.3913,10,135,1585,9.594069:135.000000,1059,False,83,12,1256,0.926323,24.6096,0,0.0134476,1064 1129 1128 1194 1257 1193 1127 1192 1255 1256 1318 -1
GCP,adapt_p80-40593177313954_a45-0_450_map.h5,25.7805,10,409,1546,9.594069:45.000000,1042,False,23,12,1040,0.999171,23.0562,0,0.0132655,971 971 972 1039 1038 1105 1106 1040 973 1041 974 -1
GCP,adapt_p80-40593177313954_a22-5_433_map.h5,25.5069,10,192,1501,9.594069:22.500000,1038,True,68,12,1102,0.913692,24.4488,0,0.0129493,1230 1167 1101 1035 1102 1036 1037 1038 1104 1103 1169 -1
GCP,adapt_p23-556464309101234_a247-49999999999997_121_map.h5,26.8887,10,654,1090,66.443535:247.500000,1708,True,10,10,1708,0.999999,18.0666,0,0.0131275,1675 1675 1707 1674 1708 1735 1736 1709 1676 -1
GCP,adapt_p70-52877936550931_a56-24999999999999_279_map.h5,27.8561,10,341,827,19.471220:56.250000,1177,True,16,13,1110,0.999939,25.5689,0,0.0126763,1109 1109 1044 1110 1176 1175 1239 1240 1177 1111 1112 1178 -1
GCP,adapt_p35-659087696138755_a195-0_284_map.h5,26.8875,10,788,1208,54.340912:195.000000,1590,True,9,9,1633,0.999998,16.2021,0,0.0123095,1670 1670 1631 1669 1632 1590 1633 1671 -1
GCP,adapt_p70-52877936550931_a123-74999999999999_19_map.h5,25.6219,10,179,1488,19.471220:123.750000,1189,False,48,12,1057,0.972089,25.5981,0,0.0128653,1187 1055 989 1056 1122 1123 1057 990 1124 1058 991 -1
GCP,adapt_p80-40593177313954_a224-99999999999997_193_map.h5,27.8799,10,505,786,9.594069:225.000000,1076,True,10,10,1142,0.999999,18.5078,0,0.0129224,1143 1143 1207 1208 1142 1141 1075 1076 1077 -1
GCP,adapt_p48-18968510422141_a123-74999999999999_41_map.h5,27.8864,10,588,760,41.810314:123.750000,1484,True,10,10,1484,0.999999,18.6815,0,0.0124174,1431 1431 1430 1432 1486 1485 1536 1484 1535 -1
GCP,adapt_p70-52877936550931_a303-75_326_map.h5,27.8523,10,370,791,19.471220:303.750000,1221,True,17,13,1220,0.999994,25.6305,0,0.0125497,1155 1155 1221 1284 1222 1157 1156 1220 1283 1282 1219 1154 -1
GCP,adapt_p70-52877936550931_a326-24999999999994_377_map.h5,25.1028,10,222,1459,19.471220:326.250000,1225,False,128,10,1285,0.809641,23.345,0,0.014037,1398 1282 1283 1344 1284 1345 1346 1285 1163 -1
GCP,adapt_p35-659087696138755_a315-0_551_map.h5,27.8545,10,604,709,54.340912:315.000000,1605,True,10,10,1605,0.999999,17.7131,0,0.0122725,1645 1645 1681 1682 1646 1647 1606 1605 1604 -1
GCP,adapt_p70-52877936550931_a146-25_385_map.h5,26.8096,10,392,1160,19.471220:146.250000,1193,True,21,13,1127,0.999875,25.18,0,0.0131968,1061 1061 1060 1126 1191 1192 1255 1256 1193 1127 1128 1194 -1
GCP,adapt_p70-52877936550931_a258-75_315_map.h5,27.6433,10,205,796,19.471220:258.750000,1213,True,48,13,1213,0.997857,26.5983,0,0.0135198,1083 1149 1150 1215 1277 1214 1148 1213 1276 1275 1212 1147 -1
GCP,adapt_p60-00000000000001_a0-0_553_map.h5,25.8361,10,354,1448,30.000000:0.000000,1294,True,19,12,1294,0.999939,23.56,0,0.0126582,1410 1410 1411 1294 1293 1353 1352 1466 1412 1354 1295 -1
GCP,adapt_p60-00000000000001_a292-5_315_map.h5,27.8299,10,441,771,30.000000:292.500000,1343,True,17,13,1401,0.999995,25.9567,0,0.0128337,1402 1402 1343 1344 1401 1342 1341 1399 1400 1456 1457 1458 -1
GCP,adapt_p70-52877936550931_a348-74999999999994_267_map.h5,27.8732,10,497,651,19.471220:348.750000,1229,True,13,13,1230,0.999999,26.0026,0,0.0126084,1165 1165 1230 1293 1231 1167 1166 1164 1229 1292 1291 1228 -1
GCP,adapt_p80-40593177313954_a112-49999999999999_109_map.h5,26.8307,10,265,1164,9.594069:112.500000,1055,True,17,13,1055,0.999968,26.7789,0,0.0130349,988 1055 987 988 1056 1122 1121 1120 1054 986 1053 985 -1
GCP,adapt_p70-52877936550931_a326-24999999999994_61_map.h5,27.8671,10,510,689,19.471220:326.250000,1225,True,13,13,1225,0.999998,25.7979,0,0.0126242,1289 1289 1225 1160 1224 1287 1288 1226 1161 1162 1227 1290 -1
GCP,adapt_p35-659087696138755_a75-0_266_map.h5,26.8633,10,400,1158,54.340912:75.000000,1576,True,14,13,1576,0.999999,25.7677,0,0.0124904,1575 1575 1618 1574 1529 1576 1577 1621 1620 1619 1658 1659 -1
GCP,adapt_p80-40593177313954_a90-0_262_map.h5,26.7972,10,365,1135,9.594069:90.000000,1051,True,23,13,1052,0.99899,26.1001,0,0.0125636,1119 1119 1118 1053 986 985 984 1052 1117 1051 983 1050 -1
GCP,adapt_p60-00000000000001_a67-5_101_map.h5,27.873,10,363,738,30.000000:67.500000,1305,True,12,12,1305,0.999999,22.5197,0,0.01279,1364 1364 1363 1304 1305 1242 1243 1306 1365 1366 1307 -1
GCP,adapt_p35-659087696138755_a285-0_98_map.h5,27.879,10,494,795,54.340912:285.000000,1601,True,10,10,1643,0.999998,17.7694,0,0.012764,1601 1601 1602 1603 1644 1680 1679 1643 1642 -1
GCP,adapt_p35-659087696138755_a195-0_106_map.h5,26.8662,10,586,1054,54.340912:195.000000,1590,True,13,13,1633,0.999999,25.8106,0,0.0125594,1632 1632 1589 1545 1590 1591 1633 1669 1670 1671 1634 1592 -1
GCP,adapt_p70-52877936550931_a101-24999999999999_329_map.h5,28.8274,10,345,335,19.471220:101.250000,1185,True,20,14,1185,0.999987,27.4084,0,0.0124583,1119 1119 1118 1117 1183 1246 1247 1184 1185 1248 1249 1186 1120 -1
GCP,adapt_p11-715852394892384_a225-0_298_map.h5,26.8881,10,547,1130,78.284149:225.000000,1774,True,10,10,1774,0.999999,17.8741,0,0.0126832,1757 1757 1756 1758 1775 1774 1773 1787 1788 -1
GCP,adapt_p70-52877936550931_a78-75_433_map.h5,26.8661,10,443,1133,19.471220:78.750000,1181,True,13,13,1182,0.999999,25.4053,0,0.0126413,1115 1115 1116 1117 1183 1246 1245 1182 1181 1114 1180 1244 -1
GCP,adapt_p80-40593177313954_a67-5_387_map.h5,25.6961,10,286,1369,9.594069:67.500000,1047,True,40,13,1046,0.994104,25.2719,0,0.0137651,911 911 978 977 1045 1111 1112 1046 979 1047 1113 1114 -1
GCP,adapt_p70-52877936550931_a11-25_498_map.h5,27.8534,10,433,821,19.471220:11.250000,1169,True,15,13,1169,0.999994,25.9769,0,0.0123925,1168 1168 1169 1232 1231 1102 1103 1104 1170 1233 1234 1171 -1
GCP,adapt_p70-52877936550931_a258-75_323_map.h5,25.299,10,112,1535,19.471220:258.750000,1213,True,100,12,1214,0.966163,24.761,0,0.0138152,1083 1149 1148 1213 1276 1277 1214 1150 1215 1278 1217 -1
GCP,adapt_p60-00000000000001_a270-0_476_map.h5,28.8673,10,293,362,30.000000:270.000000,1339,True,12,12,1339,0.999999,22.9646,0,0.012534,1278 1278 1279 1341 1398 1340 1339 1397 1396 1338 1277 -1
GCP,adapt_p80-40593177313954_a270-0_185_map.h5,28.8601,10,372,335,9.594069:270.000000,1084,True,16,14,1083,0.999998,28.1171,0,0.0126908,1015 1015 1084 1150 1151 1085 1017 1016 1083 1149 1148 1082 1014 -1
GCP,adapt_p70-52877936550931_a78-75_47_map.h5,27.815,10,273,781,19.471220:78.750000,1181,True,23,14,1245,0.999977,27.6594,0,0.012878,1181 1181 1182 1183 1184 1247 1310 1309 1246 1308 1245 1244 1307 -1
GCP,adapt_p70-52877936550931_a101-24999999999999_33_map.h5,27.833,10,320,715,19.471220:101.250000,1185,True,19,13,1185,0.999946,25.281,0,0.0127935,1187 1187 1250 1249 1248 1247 1184 1185 1119 1120 1186 1121 -1
GCP,adapt_p48-18968510422141_a11-25_351_map.h5,27.8913,10,558,763,41.810314:11.250000,1468,True,8,8,1414,0.999999,13.6034,0,0.0124357,1468 1468 1413 1414 1521 1469 1415 -1
GCP,adapt_p70-52877936550931_a123-74999999999999_530_map.h5,27.8339,10,442,753,19.471220:123.750000,1189,True,19,13,1189,0.99997,25.7125,0,0.0138955,1190 1190 1124 1123 1122 1188 1250 1187 1251 1252 1189 1253 -1
GCP,adapt_p60-00000000000001_a180-0_214_map.h5,25.4977,10,198,1487,30.000000:180.000000,1324,True,72,12,1324,0.877238,24.7836,0,0.0130924,1441 1384 1326 1383 1324 1382 1323 1261 1262 1325 1263 -1
GCP,adapt_p60-00000000000001_a247-49999999999997_361_map.h5,27.8781,10,577,748,30.000000:247.500000,1335,True,11,11,1335,0.999999,20.636,0,0.012662,1394 1394 1393 1335 1273 1274 1336 1395 1337 1275 -1
GCP,adapt_p48-18968510422141_a281-24999999999994_344_map.h5,26.8789,10,553,1137,41.810314:281.250000,1507,True,11,11,1455,0.999998,21.1334,0,0.0128892,1454 1454 1455 1508 1456 1557 1556 1507 1506 1453 -1
GCP,adapt_p80-40593177313954_a247-49999999999997_479_map.h5,27.892,10,510,722,9.594069:247.500000,1080,True,11,11,1146,0.999999,20.3033,0,0.0128251,1080 1080 1079 1145 1210 1211 1146 1212 1147 1081 -1
GCP,adapt_p48-18968510422141_a146-25_294_map.h5,27.8684,10,510,768,41.810314:146.250000,1488,True,12,12,1435,0.999998,23.2953,0,0.012421,1378 1378 1320 1379 1377 1434 1487 1488 1435 1436 1489 -1
GCP,adapt_p70-52877936550931_a303-75_563_map.h5,28.6709,10,79,391,19.471220:303.750000,1221,False,42,14,1154,0.987726,27.9412,0,0.0129305,1217 1217 1152 1087 1153 1218 1219 1220 1154 1088 1089 1155 1156 -1
GCP,adapt_p35-659087696138755_a224-99999999999997_1_map.h5,27.8582,10,291,700,54.340912:225.000000,1594,True,17,13,1635,0.999993,25.6941,0,0.0125542,1592 1592 1636 1673 1672 1634 1635 1593 1548 1549 1594 1595 -1
GCP,adapt_p48-18968510422141_a281-24999999999994_190_map.h5,28.8642,10,367,375,41.810314:281.250000,1507,True,14,14,1507,0.999998,28.2556,0,0.0126076,1455 1455 1456 1509 1558 1601 1557 1508 1507 1454 1506 1556 1555 -1
GCP,adapt_p35-659087696138755_a14-999999999999998_402_map.h5,27.8744,10,453,751,54.340912:15.000000,1568,True,11,11,1568,0.999999,20.4714,0,0.0123974,1569 1569 1570 1614 1613 1568 1567 1611 1612 1652 -1
GCP,adapt_p23-556464309101234_a67-5_565_map.h5,27.8884,10,583,763,66.443535:67.500000,1693,True,10,10,1693,0.999998,18.3703,0,0.0123959,1692 1692 1693 1658 1657 1656 1722 1723 1694 -1
GCP,adapt_p80-40593177313954_a247-49999999999997_53_map.h5,27.8723,10,396,721,9.594069:247.500000,1080,True,15,13,1080,0.999998,26.1425,0,0.0124528,1079 1079 1146 1211 1145 1144 1078 1012 1080 1013 1081 1147 -1
GCP,adapt_p70-52877936550931_a101-24999999999999_149_map.h5,27.8483,10,405,808,19.471220:101.250000,1185,True,18,14,1184,0.999997,27.7979,0,0.012549,1247 1247 1185 1119 1120 1186 1249 1248 1184 1118 1117 1183 1246 -1
GCP,adapt_p60-00000000000001_a22-5_340_map.h5,27.8815,10,480,738,30.000000:22.500000,1298,True,11,11,1297,0.999999,21.0344,0,0.0123306,1357 1357 1358 1356 1296 1233 1234 1297 1298 1235 -1
GCP,adapt_p80-40593177313954_a67-5_519_map.h5,25.7159,10,188,1463,9.594069:67.500000,1047,True,35,12,979,0.994781,23.4356,0,0.0129146,910 910 911 977 1045 978 1046 979 1047 980 1048 -1
GCP,adapt_p80-40593177313954_a112-49999999999999_458_map.h5,27.8734,10,381,773,9.594069:112.500000,1055,True,13,13,1054,0.999998,27.2926,0,0.0124136,1121 1120 1119 1053 986 987 1054 988 1056 1122 1055 1121 -1
GCP,adapt_p48-18968510422141_a258-75_69_map.h5,28.8629,10,334,396,41.810314:258.750000,1504,True,13,13,1504,0.999999,25.6361,0,0.0128993,1452 1452 1451 1503 1553 1504 1453 1454 1506 1505 1554 1555 -1
GCP,adapt_p35-659087696138755_a195-0_541_map.h5,26.4946,10,89,1089,54.340912:195.000000,1590,False,75,13,1494,0.901735,26.5011,0,0.0132348,1438 1439 1492 1493 1440 1441 1442 1495 1545 1494 1544 1543 -1
GCP,adapt_p60-00000000000001_a247-49999999999997_75_map.h5,27.8911,10,594,707,30.000000:247.500000,1335,True,10,10,1335,0.999999,19.464,0,0.0126152,1393 1392 1334 1273 1274 1336 1394 1335 1393 -1
GCP,adapt_p60-00000000000001_a180-0_525_map.h5,28.7881,10,208,373,30.000000:180.000000,1324,True,24,14,1324,0.999487,27.9097,0,0.0126924,1323 1323 1261 1198 1199 1262 1325 1263 1324 1382 1383 1384 1326 -1
GCP,adapt_p80-40593177313954_a90-0_594_map.h5,25.504,10,162,1337,9.594069:90.000000,1051,False,66,12,1115,0.978856,24.2921,0,0.0128453,982 1049 1050 1116 1182 1181 1115 1048 1047 1114 1180 -1
GCP,adapt_p60-00000000000001_a224-99999999999997_311_map.h5,26.0892,10,121,1117,30.000000:225.000000,1331,False,143,12,1447,0.844236,25.0544,0,0.0145977,1387 1389 1446 1499 1549 1550 1500 1447 1390 1448 1391 -1
GCP,adapt_p11-715852394892384_a135-0_427_map.h5,25.1808,10,81,750,78.284149:135.000000,1770,False,480,9,1216,0.612011,23.1485,0,0.034653,1596 1216 1151 1152 1217 1459 1460 1512 -1
GCP,adapt_p35-659087696138755_a135-0_24_map.h5,28.8719,10,407,351,54.340912:135.000000,1583,True,15,14,1584,0.999999,27.5919,0,0.0128397,1627 1627 1664 1665 1628 1585 1584 1538 1537 1583 1626 1625 1582 -1
GCP,adapt_p70-52877936550931_a101-24999999999999_241_map.h5,25.8036,10,189,1531,19.471220:101.250000,1185,True,24,13,1185,0.999718,25.7541,0,0.0131785,1186 1186 1119 1120 1185 1249 1248 1247 1184 1118 1117 1183 -1
GCP,adapt_p60-00000000000001_a247-49999999999997_280_map.h5,25.7075,10,240,1483,30.000000:247.500000,1335,True,38,12,1335,0.985902,24.6752,0,0.0132924,1392 1334 1272 1271 1333 1273 1274 1275 1336 1335 1393 -1
GCP,adapt_p70-52877936550931_a258-75_325_map.h5,27.8707,10,522,760,19.471220:258.750000,1213,True,12,12,1149,0.999999,22.7923,0,0.013068,1150 1150 1215 1278 1277 1214 1149 1084 1083 1148 1213 -1
GCP,adapt_p80-40593177313954_a112-49999999999999_300_map.h5,26.8634,10,373,1155,9.594069:112.500000,1055,True,13,13,1054,0.999998,26.6251,0,0.0123643,1120 1119 1053 986 987 988 1056 1122 1121 1055 1054 1120 -1
GCP,adapt_p23-556464309101234_a157-5_142_map.h5,27.861,10,286,761,66.443535:157.500000,1701,True,16,13,1701,0.999988,26.1535,0,0.012801,1667 1667 1700 1665 1666 1629 1668 1701 1729 1730 1702 1703 -1
GCP,adapt_p60-00000000000001_a270-0_459_map.h5,25.5561,10,158,1548,30.000000:270.000000,1339,True,61,12,1214,0.990066,24.2164,0,0.0126595,1340 1339 1338 1276 1213 1148 1149 1214 1277 1215 1278 -1
GCP,adapt_p35-659087696138755_a285-0_596_map.h5,27.861,10,448,707,54.340912:285.000000,1601,True,15,14,1602,0.999998,27.6378,0,0.0127821,1603 1603 1559 1558 1602 1557 1556 1600 1601 1642 1679 1643 1644 -1
GCP,adapt_p70-52877936550931_a348-74999999999994_386_map.h5,27.8754,10,406,713,19.471220:348.750000,1229,True,12,12,1229,0.999999,23.3562,0,0.0124536,1164 1164 1165 1230 1292 1229 1163 1228 1291 1290 1227 -1
GCP,adapt_p70-52877936550931_a101-24999999999999_588_map.h5,26.8247,10,279,1095,19.471220:101.250000,1185,True,21,13,1119,0.999841,25.1551,0,0.0130514,1053 1053 1054 1121 1187 1186 1120 1119 1185 1184 1118 1052 -1
GCP,adapt_p48-18968510422141_a33-75_423_map.h5,26.8587,10,416,1155,41.810314:33.750000,1471,True,13,13,1418,0.999998,25.088,0,0.0131073,1472 1472 1471 1416 1358 1359 1417 1418 1360 1361 1419 1473 -1
GCP,adapt_p35-659087696138755_a195-0_313_map.h5,26.8674,10,566,1154,54.340912:195.000000,1590,True,9,9,1634,0.999999,15.3593,0,0.0123626,1635 1635 1593 1592 1634 1633 1591 1590 -1
GCP,adapt_p35-659087696138755_a344-99999999999994_148_map.h5,26.8724,10,510,1128,54.340912:345.000000,1609,True,11,11,1608,0.999998,21.412,0,0.0133781,1565 1565 1608 1609 1650 1649 1607 1564 1516 1566 -1
GCP,adapt_p48-18968510422141_a168-74999999999997_586_map.h5,26.8523,10,483,1094,41.810314:168.750000,1491,True,15,13,1491,0.999996,25.3252,0,0.0124613,1438 1438 1439 1492 1491 1437 1436 1489 1540 1490 1541 1542 -1
GCP,adapt_p48-18968510422141_a281-24999999999994_263_map.h5,26.8098,10,411,1103,41.810314:281.250000,1507,True,14,13,1556,0.999999,25.6987,0,0.0129847,1507 1507 1508 1558 1602 1642 1601 1557 1556 1506 1555 1600 -1
GCP,adapt_p48-18968510422141_a101-24999999999999_484_map.h5,28.814,10,242,405,41.810314:101.250000,1481,True,23,13,1532,0.999228,27.2193,0,0.0127816,1479 1480 1532 1579 1533 1482 1428 1481 1427 1426 1531 1479 -1
GCP,adapt_p70-52877936550931_a101-24999999999999_84_map.h5,28.7894,10,251,383,19.471220:101.250000,1185,True,24,14,1185,0.999211,28.0847,0,0.0133728,1119 1119 1184 1247 1311 1248 1185 1120 1186 1249 1250 1187 1121 -1
GCP,adapt_p48-18968510422141_a101-24999999999999_243_map.h5,27.8893,10,443,759,41.810314:101.250000,1481,True,8,8,1428,0.999999,13.5818,0,0.0124722,1481 1481 1533 1482 1427 1428 1429 -1
GCP,adapt_p80-40593177313954_a0-0_55_map.h5,26.8363,10,468,1140,9.594069:0.000000,1034,True,16,13,1100,0.999982,26.4011,0,0.0124658,1032 1032 1098 1164 1165 1099 1031 1100 1033 1034 967 1035 -1
GCP,adapt_p60-00000000000001_a224-99999999999997_226_map.h5,27.8663,10,592,749,30.000000:225.000000,1331,True,12,12,1390,0.999999,22.8296,0,0.0124701,1331 1331 1269 1270 1332 1271 1333 1391 1447 1390 1389 -1
GCP,adapt_p11-715852394892384_a135-0_361_map.h5,25.787,10,234,1550,78.284149:135.000000,1770,False,27,13,1773,0.999494,24.6497,0,0.0128404,1771 1771 1786 1787 1774 1756 1755 1773 1772 1754 1753 1752 -1
GCP,adapt_p11-715852394892384_a135-0_591_map.h5,26.8863,10,524,1094,78.284149:135.000000,1770,True,12,12,1752,0.999998,22.2418,0,0.0124952,1728 1728 1727 1752 1751 1770 1771 1772 1754 1753 1729 -1
GCP,adapt_p35-659087696138755_a135-0_54_map.h5,27.7703,10,192,805,54.340912:135.000000,1583,True,27,13,1583,0.998339,25.3122,0,0.0124764,1538 1538 1585 1628 1627 1584 1537 1583 1626 1625 1582 1536 -1
GCP,adapt_p35-659087696138755_a135-0_327_map.h5,28.8759,10,398,390,54.340912:135.000000,1583,True,13,13,1583,0.999998,25.5677,0,0.0128681,1582 1582 1537 1536 1583 1538 1584 1627 1665 1664 1626 1625 -1
GCP,adapt_p70-52877936550931_a213-75_599_map.h5,27.8469,10,398,705,19.471220:213.750000,1205,True,18,13,1205,0.999994,25.1308,0,0.0129253,1140 1140 1206 1269 1268 1205 1139 1204 1267 1266 1203 1138 -1
GCP,adapt_p23-556464309101234_a157-5_386_map.h5,25.8892,10,744,1519,66.443535:157.500000,1701,True,10,10,1700,0.999999,18.164,0,0.0125832,1665 1665 1699 1728 1729 1701 1667 1700 1666 -1
GCP,adapt_p48-18968510422141_a236-25_313_map.h5,27.8803,10,540,753,41.810314:236.250000,1501,True,11,11,1448,0.999998,20.5887,0,0.0125494,1501 1501 1550 1500 1447 1448 1392 1393 1449 1502 -1
GCP,adapt_p35-659087696138755_a344-99999999999994_252_map.h5,28.8731,10,442,369,54.340912:345.000000,1609,True,11,11,1609,0.999997,20.8545,0,0.0126691,1565 1565 1610 1566 1609 1650 1649 1608 1564 1607 -1
GCP,adapt_p70-52877936550931_a348-74999999999994_295_map.h5,28.8811,10,355,322,19.471220:348.750000,1229,True,12,12,1227,0.999999,23.8607,0,0.0127131,1228 1228 1164 1163 1229 1291 1290 1227 1162 1289 1226 -1
GCP,adapt_p70-52877936550931_a191-25_497_map.h5,24.1831,10,135,1515,19.471220:191.250000,1201,False,272,7,930,0.553924,22.5186,0,0.0195782,1686 1061 1062 995 929 930 -1
GCP,adapt_p23-556464309101234_a202-5_484_map.h5,27.8723,10,508,765,66.443535:202.500000,1704,True,11,11,1670,0.999998,20.7965,0,0.0124926,1671 1671 1672 1705 1633 1670 1704 1703 1669 1632 -1
GCP,adapt_p35-659087696138755_a165-0_81_map.h5,26.8018,10,343,1104,54.340912:165.000000,1587,True,23,13,1588,0.999853,25.6505,0,0.0130063,1586 1586 1629 1630 1631 1589 1588 1543 1491 1542 1587 1541 -1
GCP,adapt_p35-659087696138755_a45-0_282_map.h5,27.8883,10,508,747,54.340912:45.000000,1572,True,11,11,1572,0.999999,20.2101,0,0.012477,1616 1616 1615 1571 1524 1525 1572 1526 1573 1617 -1
GCP,adapt_p23-556464309101234_a22-5_201_map.h5,27.8843,10,541,736,66.443535:22.500000,1689,True,10,10,1719,0.999999,18.5052,0,0.0125582,1688 1688 1687 1718 1719 1689 1652 1653 1720 -1
GCP,adapt_p35-659087696138755_a165-0_122_map.h5,26.8053,10,292,1145,54.340912:165.000000,1587,True,21,13,1629,0.999742,25.1523,0,0.0125388,1628 1628 1585 1586 1629 1587 1588 1631 1630 1668 1667 1666 -1
GCP,adapt_p70-52877936550931_a56-24999999999999_351_map.h5,26.8432,10,308,1211,19.471220:56.250000,1177,True,15,13,1112,0.999994,26.6907,0,0.0125757,1177 1111 1112 1178 1179 1113 1047 1046 1045 1044 1110 1177 -1
GCP,adapt_p70-52877936550931_a33-75_492_map.h5,26.8844,10,579,1130,19.471220:33.750000,1173,True,9,9,1236,0.999998,16.1645,0,0.0124186,1172 1172 1236 1173 1237 1299 1235 1171 -1
GCP,adapt_p35-659087696138755_a75-0_356_map.h5,26.8734,10,817,1150,54.340912:75.000000,1576,True,6,6,1576,0.999999,8.24957,0,0.0123816,1619 1619 1620 1576 1575 -1
GCP,adapt_p60-00000000000001_a292-5_281_map.h5,26.8193,10,349,1079,30.000000:292.500000,1343,True,21,13,1343,0.999888,25.1407,0,0.0124801,1342 1342 1400 1401 1402 1344 1283 1220 1219 1282 1343 1281 -1
GCP,adapt_p35-659087696138755_a165-0_140_map.h5,27.8479,10,447,721,54.340912:165.000000,1587,True,15,14,1586,0.999994,27.693,0,0.0128908,1587 1587 1542 1541 1540 1586 1629 1630 1667 1666 1628 1585 1627 -1
GCP,adapt_p70-52877936550931_a123-74999999999999_440_map.h5,25.6131,10,142,1509,19.471220:123.750000,1189,False,52,12,1246,0.987836,24.9514,0,0.01361,1369 1368 1308 1182 1183 1246 1309 1310 1247 1184 1248 -1
GCP,adapt_p80-40593177313954_a270-0_384_map.h5,26.6401,10,225,1147,9.594069:270.000000,1084,False,39,13,1082,0.997258,25.8255,0,0.013695,1145 1145 1078 1079 1012 1080 1013 1081 1014 1082 1015 1083 -1
GCP,adapt_p80-40593177313954_a90-0_425_map.h5,25.7773,10,300,1484,9.594069:90.000000,1051,True,26,13,984,0.999785,25.5635,0,0.012474,982 982 981 1049 1050 983 984 1051 1118 1052 985 1053 -1
GCP,adapt_p80-40593177313954_a157-5_45_map.h5,27.8752,10,476,695,9.594069:157.500000,1063,True,13,13,1130,0.999999,25.1988,0,0.0125988,1063 1063 1064 1065 1131 1196 1130 1129 1195 1194 1128 1062 -1
GCP,adapt_p80-40593177313954_a112-49999999999999_536_map.h5,25.86,10,423,1480,9.594069:112.500000,1055,True,14,12,1055,0.999993,23.3385,0,0.0128226,1122 1122 1121 1120 1053 1054 987 988 1055 1056 1123 -1
GCP,adapt_p48-18968510422141_a101-24999999999999_586_map.h5,26.882,10,683,1070,41.810314:101.250000,1481,True,10,10,1427,0.999998,17.9261,0,0.0127906,1428 1428 1482 1533 1532 1481 1427 1480 1426 -1
GCP,adapt_p35-659087696138755_a45-0_507_map.h5,28.8952,10,414,410,54.340912:45.000000,1572,True,9,9,1617,0.999999,15.4622,0,0.012621,1573 1573 1617 1656 1655 1616 1572 1615 -1
GCP,adapt_p35-659087696138755_a165-0_5_map.h5,27.8563,10,291,876,54.340912:165.000000,1587,True,16,13,1630,0.999996,25.8374,0,0.0124503,1667 1667 1631 1668 1630 1587 1588 1542 1541 1586 1629 1666 -1
GCP,adapt_p70-52877936550931_a168-74999999999997_421_map.h5,27.8822,10,426,698,19.471220:168.750000,1197,True,11,11,1197,0.999999,20.8353,0,0.0135737,1132 1132 1199 1133 1198 1261 1260 1197 1131 1196 -1
GCP,adapt_p70-52877936550931_a281-24999999999994_166_map.h5,26.8761,10,590,1087,19.471220:281.250000,1217,True,13,13,1218,0.999999,25.9462,0,0.0127322,1219 1219 1153 1154 1218 1217 1152 1216 1279 1280 1281 1282 -1
GCP,adapt_p70-52877936550931_a348-74999999999994_549_map.h5,27.8421,10,325,778,19.471220:348.750000,1229,True,17,13,1229,0.999982,25.9296,0,0.0126918,1291 1291 1292 1353 1352 1229 1228 1164 1165 1230 1293 1167 -1
GCP,adapt_p60-00000000000001_a67-5_505_map.h5,26.8681,10,440,1179,30.000000:67.500000,1305,True,12,12,1305,0.999999,23.6614,0,0.0126909,1306 1306 1366 1365 1242 1243 1305 1364 1363 1304 1241 -1
GCP,adapt_p60-00000000000001_a337-49999999999994_439_map.h5,27.8869,10,660,702,30.000000:337.500000,1350,True,10,10,1350,0.999999,18.3602,0,0.012847,1408 1408 1349 1407 1350 1289 1290 1351 1409 -1
GCP,adapt_p60-00000000000001_a337-49999999999994_547_map.h5,24.8485,10,90,1574,30.000000:337.500000,1350,False,166,11,1294,0.803247,24.6319,0,0.0149333,1403 1514 1463 1352 1353 1292 1293 1231 1294 1295 -1
GCP,adapt_p70-52877936550931_a236-25_321_map.h5,27.8619,10,381,731,19.471220:236.250000,1209,True,15,13,1143,0.999997,25.5473,0,0.0128944,1077 1077 1078 1144 1145 1210 1209 1208 1207 1142 1143 1076 -1
GCP,adapt_p60-00000000000001_a90-0_355_map.h5,27.8684,10,350,795,30.000000:90.000000,1309,True,13,13,1309,0.999999,26.6385,0,0.0123685,1369 1310 1309 1368 1367 1308 1245 1246 1247 1248 1311 1369 -1
GCP,adapt_p80-40593177313954_a135-0_225_map.h5,27.8523,10,404,714,9.594069:135.000000,1059,True,16,14,1060,0.999995,27.8578,0,0.012497,1127 1127 1126 1125 1124 1058 991 1059 992 1060 993 1061 1062 -1
GCP,adapt_p80-40593177313954_a22-5_425_map.h5,26.8556,10,315,1104,9.594069:22.500000,1038,True,13,13,1038,0.999999,25.5716,0,0.0132039,1039 1039 1040 972 971 1038 1105 1104 1037 970 969 1036 -1
GCP,adapt_p48-18968510422141_a326-24999999999994_406_map.h5,24.6746,10,154,1754,41.810314:326.250000,1514,True,41,11,1563,0.982695,21.8847,0,0.0131572,1561 1562 1606 1563 1514 1515 1564 1565 1608 1607 -1
GCP,adapt_p80-40593177313954_a180-0_287_map.h5,25.6028,10,291,1500,9.594069:180.000000,1067,True,52,12,1068,0.965283,24.0991,0,0.0130345,999 1067 1066 1132 1133 1134 1068 1069 1135 1136 1070 -1
GCP,adapt_p80-40593177313954_a180-0_277_map.h5,27.8502,10,339,740,9.594069:180.000000,1067,True,16,13,1067,0.999991,27.8352,0,0.0126321,1000 1067 1069 1001 1000 999 1068 1134 1133 1132 1066 998 -1
GCP,adapt_p60-00000000000001_a112-49999999999999_247_map.h5,25.8681,10,670,1533,30.000000:112.500000,1313,True,12,12,1313,0.999998,22.6589,0,0.0126838,1372 1372 1373 1314 1313 1250 1249 1312 1371 1370 1311 -1
GCP,adapt_p35-659087696138755_a224-99999999999997_43_map.h5,26.8232,10,297,1128,54.340912:225.000000,1594,True,22,13,1593,0.999912,25.9192,0,0.0125579,1547 1547 1498 1549 1594 1595 1636 1635 1593 1548 1592 1634 -1
GCP,adapt_p35-659087696138755_a135-0_331_map.h5,27.8685,10,485,814,54.340912:135.000000,1583,True,13,13,1584,0.999998,25.3579,0,0.0123425,1626 1626 1665 1664 1627 1628 1585 1539 1538 1584 1583 1537 -1
GCP,adapt_p48-18968510422141_a123-74999999999999_303_map.h5,26.7862,10,412,1126,41.810314:123.750000,1484,True,25,13,1484,0.999517,25.6995,0,0.012604,1535 1535 1536 1485 1432 1431 1430 1429 1484 1483 1534 1482 -1
GCP,adapt_p60-00000000000001_a247-49999999999997_40_map.h5,27.809,10,260,762,30.000000:247.500000,1335,True,24,13,1274,0.999897,25.4435,0,0.0128592,1335 1335 1273 1274 1211 1212 1213 1275 1336 1337 1276 1277 -1
GCP,adapt_p70-52877936550931_a213-75_458_map.h5,27.8489,10,392,738,19.471220:213.750000,1205,True,14,14,1268,0.999999,27.8398,0,0.0128658,1329 1329 1387 1330 1269 1206 1205 1268 1267 1204 1203 1266 1328 -1
GCP,adapt_p35-659087696138755_a135-0_218_map.h5,27.8419,10,431,782,54.340912:135.000000,1583,True,17,13,1626,0.999996,25.6799,0,0.0127814,1627 1627 1628 1665 1664 1663 1626 1584 1583 1582 1625 1624 -1
GCP,adapt_p48-18968510422141_a348-74999999999994_35_map.h5,28.8762,10,342,374,41.810314:348.750000,1517,True,12,12,1465,0.999999,24.3292,0,0.0125798,1516 1565 1517 1516 1515 1464 1408 1409 1465 1466 1410 -1
GCP,adapt_p80-40593177313954_a180-0_464_map.h5,28.62,10,195,372,9.594069:180.000000,1067,True,50,14,1067,0.961126,27.8758,0,0.0127343,1130 1130 1131 1065 1132 1066 1133 1067 1068 1134 1135 1069 1070 -1
GCP,adapt_p35-659087696138755_a45-0_240_map.h5,27.8874,10,536,751,54.340912:45.000000,1572,True,10,10,1572,0.999999,17.6612,0,0.0123981,1616 1616 1615 1571 1572 1525 1526 1573 1617 -1
GCP,adapt_p35-659087696138755_a75-0_543_map.h5,25.3477,10,190,1469,54.340912:75.000000,1576,False,93,11,1246,0.964851,23.2622,0,0.013134,1112 1182 1245 1308 1367 1368 1309 1246 1183 1247 -1
GCP,adapt_p48-18968510422141_a101-24999999999999_224_map.h5,26.8682,10,539,1153,41.810314:101.250000,1481,True,12,12,1481,0.999998,23.365,0,0.0125973,1482 1482 1534 1483 1429 1428 1533 1532 1480 1481 1427 -1
GCP,adapt_p48-18968510422141_a146-25_283_map.h5,26.847,10,266,1117,41.810314:146.250000,1488,True,17,13,1488,0.999997,25.5557,0,0.0128276,1436 1436 1378 1435 1489 1490 1540 1539 1488 1538 1487 1434 -1
GCP,adapt_p11-715852394892384_a135-0_113_map.h5,27.8543,10,428,807,78.284149:135.000000,1770,True,11,11,1752,0.999999,20.4761,0,0.0124814,1727 1727 1753 1729 1728 1752 1771 1770 1751 1726 -1
GCP,adapt_p48-18968510422141_a146-25_58_map.h5,27.655,10,226,778,41.810314:146.250000,1488,True,34,13,1488,0.995633,25.6379,0,0.0128079,1378 1378 1434 1487 1538 1539 1488 1435 1436 1437 1489 1540 -1
GCP,adapt_p23-556464309101234_a292-5_48_map.h5,27.8743,10,404,747,66.443535:292.500000,1712,True,12,12,1712,0.999998,23.1571,0,0.0124929,1739 1739 1740 1713 1712 1738 1737 1710 1711 1680 1679 -1
GCP,adapt_p35-659087696138755_a315-0_441_map.h5,27.8671,10,530,770,54.340912:315.000000,1605,True,13,13,1605,0.999998,25.0071,0,0.01274,1606 1606 1562 1561 1560 1604 1645 1681 1682 1646 1605 1647 -1
GCP,adapt_p80-40593177313954_a112-49999999999999_406_map.h5,25.528,10,229,1473,9.594069:112.500000,1055,True,64,12,1122,0.946086,24.6895,0,0.0128367,989 1056 1057 1123 1122 1121 1187 1055 1054 1120 1119 -1
GCP,adapt_p80-40593177313954_a112-49999999999999_243_map.h5,27.8735,10,478,790,9.594069:112.500000,1055,True,10,10,1056,0.999999,18.597,0,0.0122959,1055 1055 1056 1057 1123 1122 1054 1120 1121 -1
GCP,adapt_p80-40593177313954_a135-0_494_map.h5,27.8642,10,414,738,9.594069:135.000000,1059,True,15,13,1059,0.999996,26.0111,0,0.0125607,1125 1125 1124 1126 1127 1061 1060 992 1059 991 1058 1057 -1
GCP,adapt_p80-40593177313954_a224-99999999999997_74_map.h5,27.8757,10,483,700,9.594069:225.000000,1076,True,14,13,1142,0.999999,25.4882,0,0.0130715,1143 1143 1208 1207 1141 1140 1074 1075 1076 1142 1077 1078 -1
GCP,adapt_p60-00000000000001_a247-49999999999997_367_map.h5,26.8032,10,231,1142,30.000000:247.500000,1335,True,22,13,1395,0.999403,25.509,0,0.0126444,1338 1338 1276 1337 1396 1395 1451 1394 1336 1275 1274 1335 -1
GCP,adapt_p35-659087696138755_a255-00000000000003_56_map.h5,26.7652,10,159,1138,54.340912:255.000000,1598,True,29,13,1598,0.998106,25.6361,0,0.0125484,1552 1552 1553 1598 1599 1554 1555 1641 1640 1639 1597 1596 -1
GCP,adapt_p23-556464309101234_a247-49999999999997_284_map.h5,26.8753,10,547,1125,66.443535:247.500000,1708,True,12,12,1736,0.999999,22.8094,0,0.0125115,1737 1737 1710 1709 1676 1708 1735 1758 1736 1759 1760 -1
GCP,adapt_p60-00000000000001_a270-0_510_map.h5,26.852,10,373,1140,30.000000:270.000000,1339,True,15,13,1339,0.999997,25.5421,0,0.0127587,1397 1397 1338 1396 1337 1276 1277 1339 1278 1279 1340 1398 -1
GCP,adapt_p48-18968510422141_a33-75_7_map.h5,27.8573,10,353,754,41.810314:33.750000,1471,True,15,13,1417,0.999998,25.4617,0,0.0124666,1470 1470 1522 1523 1524 1472 1418 1417 1471 1416 1358 1415 -1
GCP,adapt_p35-659087696138755_a255-00000000000003_122_map.h5,28.8103,10,257,403,54.340912:255.000000,1598,True,23,14,1596,0.999901,27.3245,0,0.0125389,1639 1639 1638 1596 1595 1550 1551 1501 1502 1552 1597 1598 1553 -1
GCP,adapt_p35-659087696138755_a45-0_489_map.h5,26.8433,10,475,1144,54.340912:45.000000,1572,True,14,13,1572,0.999998,25.5552,0,0.0134725,1570 1570 1523 1524 1472 1525 1572 1573 1616 1571 1615 1614 -1
GCP,adapt_p23-556464309101234_a22-5_78_map.h5,24.7612,10,68,1127,66.443535:22.500000,1689,False,364,10,1714,0.402227,23.6254,0,0.0259644,1354 1715 1741 1714 1682 1713 1739 1740 1778 -1
GCP,adapt_p60-00000000000001_a224-99999999999997_72_map.h5,27.8713,10,531,809,30.000000:225.000000,1331,True,11,11,1331,0.999999,20.3122,0,0.012444,1389 1389 1388 1330 1268 1269 1331 1270 1332 1390 -1
GCP,adapt_p11-715852394892384_a135-0_292_map.h5,26.7411,10,229,1192,78.284149:135.000000,1770,True,34,13,1752,0.9983,24.9161,0,0.0126781,1729 1729 1728 1727 1753 1752 1751 1770 1771 1772 1786 1785 -1
GCP,adapt_p35-659087696138755_a14-999999999999998_476_map.h5,25.8815,10,743,1491,54.340912:15.000000,1568,True,6,6,1568,0.999999,8.2518,0,0.0122743,1613 1613 1612 1568 1569 -1
GCP,adapt_p48-18968510422141_a191-25_316_map.h5,25.7773,10,221,1527,41.810314:191.250000,1494,True,24,13,1441,0.999725,25.1283,0,0.0125398,1386 1386 1385 1326 1384 1383 1440 1441 1494 1495 1442 1443 -1
GCP,adapt_p48-18968510422141_a281-24999999999994_127_map.h5,27.8945,10,567,744,41.810314:281.250000,1507,True,10,10,1455,0.999998,18.4123,0,0.0123082,1508 1508 1556 1557 1507 1506 1454 1455 1456 -1
GCP,adapt_p35-659087696138755_a45-0_234_map.h5,26.8702,10,456,1126,54.340912:45.000000,1572,True,11,11,1572,0.999998,20.2461,0,0.0125959,1616 1616 1615 1571 1572 1525 1526 1573 1617 1574 -1
GCP,adapt_p70-52877936550931_a281-24999999999994_90_map.h5,27.8112,10,328,792,19.471220:281.250000,1217,True,21,13,1216,0.999601,25.6554,0,0.0126026,1150 1150 1214 1149 1215 1278 1279 1216 1151 1152 1217 1153 -1
GCP,adapt_p60-00000000000001_a135-0_180_map.h5,26.8422,10,644,1117,30.000000:135.000000,1316,True,13,13,1317,0.999999,26.0426,0,0.0125924,1375 1375 1317 1255 1256 1318 1376 1254 1253 1316 1315 1374 -1
GCP,adapt_p60-00000000000001_a202-49999999999997_358_map.h5,27.8583,10,415,723,30.000000:202.500000,1328,True,14,13,1386,0.999998,25.71,0,0.012469,1385 1385 1386 1443 1442 1326 1327 1265 1266 1328 1387 1329 -1
GCP,adapt_p70-52877936550931_a303-75_395_map.h5,26.1428,10,127,1088,19.471220:303.750000,1221,True,126,12,1220,0.981318,24.2589,0,0.0140147,1402 1344 1284 1221 1156 1155 1220 1283 1282 1219 1218 -1
GCP,adapt_p60-00000000000001_a270-0_286_map.h5,26.8742,10,569,1131,30.000000:270.000000,1339,True,9,9,1339,0.999998,15.6961,0,0.012578,1277 1277 1278 1279 1340 1397 1339 1338 -1
GCP,adapt_p70-52877936550931_a11-25_257_map.h5,26.8479,10,413,1131,19.471220:11.250000,1169,True,16,13,1103,0.999987,26.3518,0,0.0128711,1104 1104 1234 1171 1233 1232 1169 1170 1103 1036 1102 1168 -1
GCP,adapt_p35-659087696138755_a14-999999999999998_438_map.h5,26.8882,10,340,1086,54.340912:15.000000,1568,True,8,8,1612,0.999998,13.0745,0,0.0126203,1568 1568 1569 1613 1612 1611 1567 -1
GCP,adapt_p35-659087696138755_a75-0_120_map.h5,25.8309,10,405,1526,54.340912:75.000000,1576,True,18,13,1576,0.999991,25.5156,0,0.0129803,1528 1528 1576 1529 1477 1478 1530 1577 1620 1619 1575 1574 -1
GCP,adapt_p60-00000000000001_a157-5_359_map.h5,26.8382,10,447,1104,30.000000:157.500000,1320,True,18,13,1320,0.999951,25.2075,0,0.0126061,1321 1321 1259 1258 1320 1379 1378 1319 1257 1194 1256 1318 -1
GCP,adapt_p70-52877936550931_a33-75_77_map.h5,27.889,10,443,817,19.471220:33.750000,1173,True,10,10,1107,0.999999,19.507,0,0.0127976,1173 1172 1106 1040 1041 1108 1174 1107 1173 -1
GCP,adapt_p11-715852394892384_a45-0_371_map.h5,27.8502,10,281,713,78.284149:45.000000,1766,True,19,14,1747,0.999997,27.2938,0,0.0126131,1766 1766 1783 1782 1767 1768 1749 1748 1722 1721 1747 1746 1720 -1
GCP,adapt_p70-52877936550931_a78-75_57_map.h5,28.1745,10,109,395,19.471220:78.750000,1181,True,125,13,1050,0.760523,27.3593,0,0.0141231,1112 1114 1048 981 982 983 1051 1050 1116 1049 1115 1181 -1
GCP,adapt_p60-00000000000001_a224-99999999999997_328_map.h5,25.8383,10,429,1521,30.000000:225.000000,1331,True,18,13,1390,0.999953,25.2901,0,0.0125046,1391 1391 1333 1271 1270 1332 1390 1331 1269 1330 1388 1389 -1
GCP,adapt_p70-52877936550931_a146-25_228_map.h5,27.8775,10,493,754,19.471220:146.250000,1193,True,9,9,1193,0.999998,16.1393,0,0.0123179,1128 1128 1193 1192 1126 1127 1194 1129 -1
GCP,adapt_p60-00000000000001_a45-0_566_map.h5,23.8179,10,154,1503,30.000000:45.000000,1301,True,310,8,1238,0.645991,22.6417,0,0.0217103,1319 1302 1239 1238 1301 1237 1300 -1
GCP,adapt_p80-40593177313954_a22-5_575_map.h5,26.8823,10,493,1093,9.594069:22.500000,1038,True,12,12,1038,0.999999,23.5086,0,0.0124778,971 971 972 1039 970 1037 1103 1104 1038 1105 1106 -1
GCP,adapt_p60-00000000000001_a135-0_264_map.h5,27.8651,10,382,762,30.000000:135.000000,1316,True,13,13,1375,0.999999,25.9125,0,0.0125838,1316 1316 1376 1317 1318 1377 1434 1433 1375 1315 1374 1432 -1
GCP,adapt_p80-40593177313954_a45-0_153_map.h5,25.7509,10,227,1445,9.594069:45.000000,1042,True,31,12,1042,0.998735,23.3948,0,0.0128823,1040 1040 974 973 1041 1107 1108 1042 975 1043 1109 -1
GCP,adapt_p35-659087696138755_a75-0_256_map.h5,26.8773,10,583,1103,54.340912:75.000000,1576,True,11,11,1576,0.999999,20.8913,0,0.0124723,1619 1619 1620 1577 1530 1529 1576 1618 1574 1575 -1
GCP,adapt_p70-52877936550931_a213-75_568_map.h5,27.881,10,463,697,19.471220:213.750000,1205,True,12,12,1204,0.999999,22.9427,0,0.0127642,1139 1139 1140 1206 1268 1205 1204 1267 1266 1203 1138 -1
GCP,adapt_p60-00000000000001_a67-5_401_map.h5,25.7412,10,199,1533,30.000000:67.500000,1305,True,31,13,1179,0.998367,25.0521,0,0.0125631,1111 1111 1177 1241 1178 1112 1113 1179 1180 1243 1242 1305 -1
GCP,adapt_p35-659087696138755_a14-999999999999998_315_map.h5,26.884,10,481,1071,54.340912:15.000000,1568,True,11,11,1613,0.999999,20.4682,0,0.0127736,1569 1569 1570 1614 1653 1613 1568 1612 1652 1651 -1
GCP,adapt_p70-52877936550931_a168-74999999999997_424_map.h5,28.8284,10,189,374,19.471220:168.750000,1197,True,21,14,1197,0.999869,28.5742,0,0.0133572,1198 1198 1131 1130 1195 1196 1259 1260 1197 1132 1199 1262 1261 -1
GCP,adapt_p60-00000000000001_a292-5_180_map.h5,26.7833,10,293,1079,30.000000:292.500000,1343,True,27,12,1342,0.999035,24.8258,0,0.012491,1281 1342 1400 1401 1343 1341 1399 1340 1279 1280 1281 -1
GCP,adapt_p23-556464309101234_a157-5_348_map.h5,25.6798,10,173,1473,66.443535:157.500000,1701,True,43,12,1666,0.984179,24.2237,0,0.0130176,1702 1701 1729 1700 1699 1665 1628 1666 1667 1629 1630 -1
GCP,adapt_p70-52877936550931_a303-75_104_map.h5,27.8526,10,487,761,19.471220:303.750000,1221,True,13,13,1221,0.999998,25.6483,0,0.0131194,1156 1156 1222 1285 1223 1158 1157 1221 1284 1283 1220 1155 -1
GCP,adapt_p60-00000000000001_a0-0_496_map.h5,28.8612,10,317,389,30.000000:0.000000,1294,True,17,13,1294,0.999997,26.3258,0,0.0125648,1354 1354 1412 1410 1353 1292 1293 1231 1294 1411 1295 1355 -1
GCP,adapt_p35-659087696138755_a105-0_408_map.h5,26.865,10,446,1069,54.340912:105.000000,1579,True,13,13,1623,0.999999,25.8108,0,0.0127843,1622 1622 1578 1533 1579 1580 1623 1660 1661 1662 1624 1581 -1
GCP,adapt_p48-18968510422141_a56-24999999999999_109_map.h5,27.2012,10,119,723,41.810314:56.250000,1475,False,115,11,1419,0.962292,26.7586,0,0.0143566,1121 1362 1420 1361 1419 1473 1472 1418 1360 1301 -1
GCP,adapt_p48-18968510422141_a326-24999999999994_67_map.h5,25.8464,10,361,1410,41.810314:326.250000,1514,True,16,13,1462,0.999998,25.55,0,0.0124607,1406 1406 1463 1515 1464 1408 1407 1462 1514 1513 1461 1405 -1
GCP,adapt_p11-715852394892384_a225-0_235_map.h5,26.8833,10,668,1078,78.284149:225.000000,1774,True,9,9,1758,0.999998,15.2317,0,0.0124879,1735 1735 1734 1757 1774 1775 1758 1759 -1
GCP,adapt_p80-40593177313954_a45-0_579_map.h5,27.8643,10,418,778,9.594069:45.000000,1042,True,13,13,1043,0.999998,25.9103,0,0.0124676,974 974 975 1042 1041 1108 1109 1043 976 1110 1044 977 -1
GCP,adapt_p48-18968510422141_a168-74999999999997_354_map.h5,26.8833,10,799,1112,41.810314:168.750000,1491,True,11,11,1491,0.999999,20.5645,0,0.0134203,1437 1437 1436 1489 1540 1541 1542 1491 1490 1438 -1
GCP,adapt_p70-52877936550931_a33-75_9_map.h5,25.09,10,113,1062,19.471220:33.750000,1173,True,306,10,1173,0.729301,23.7289,0,0.0216316,1426 1174 1108 1107 1173 1236 1235 1172 1106 -1
GCP,adapt_p60-00000000000001_a270-0_501_map.h5,27.165,10,113,774,30.000000:270.000000,1339,True,115,12,1338,0.881995,26.3598,0,0.0145191,1340 1339 1397 1277 1338 1337 1396 1598 1553 1552 1597 -1
GCP,adapt_p80-40593177313954_a224-99999999999997_103_map.h5,25.7443,10,310,1460,9.594069:225.000000,1076,False,33,12,1073,0.995582,23.3245,0,0.0134707,1075 1075 1006 1007 1074 1140 1139 1073 1005 1072 1004 -1
GCP,adapt_p23-556464309101234_a292-5_33_map.h5,25.8746,10,713,1496,66.443535:292.500000,1712,True,12,12,1712,0.999999,22.6942,0,0.0132025,1713 1713 1712 1679 1680 1681 1714 1740 1739 1738 1711 -1
GCP,adapt_p48-18968510422141_a123-74999999999999_107_map.h5,26.8293,10,171,1062,41.810314:123.750000,1484,True,19,13,1485,0.999808,25.533,0,0.0125551,1486 1486 1536 1535 1484 1485 1432 1433 1375 1374 1431 1430 -1
GCP,adapt_p60-00000000000001_a292-5_389_map.h5,26.8465,10,500,1077,30.000000:292.500000,1343,True,18,13,1343,0.999991,25.8856,0,0.0132579,1344 1344 1282 1283 1343 1402 1401 1400 1342 1281 1280 1341 -1
GCP,adapt_p23-556464309101234_a67-5_575_map.h5,27.8881,10,546,754,66.443535:67.500000,1693,True,10,10,1657,0.999998,18.5059,0,0.0127357,1658 1658 1694 1693 1657 1619 1618 1692 1656 -1
GCP,adapt_p11-715852394892384_a315-0_11_map.h5,26.8893,10,808,1142,78.284149:315.000000,1778,True,7,7,1763,0.999999,11.0897,0,0.0125135,1779 1779 1762 1763 1778 1791 -1
GCP,adapt_p60-00000000000001_a202-49999999999997_15_map.h5,27.8734,10,492,765,30.000000:202.500000,1328,True,12,12,1386,0.999998,23.3745,0,0.0123789,1327 1327 1328 1329 1387 1443 1386 1326 1384 1385 1442 -1
GCP,adapt_p70-52877936550931_a33-75_296_map.h5,27.8763,10,475,780,19.471220:33.750000,1173,True,11,11,1237,0.999998,21.0956,0,0.0124415,1173 1173 1172 1236 1237 1174 1107 1108 1238 1175 -1
GCP,adapt_p80-40593177313954_a112-49999999999999_88_map.h5,27.7551,10,197,790,9.594069:112.500000,1055,True,32,13,987,0.998292,26.1558,0,0.0127484,1056 1056 1055 988 1054 1120 987 920 919 986 1053 1119 -1
GCP,adapt_p60-00000000000001_a157-5_381_map.h5,27.8509,10,541,763,30.000000:157.500000,1320,True,15,14,1320,0.999998,27.8131,0,0.0129021,1378 1378 1435 1377 1319 1257 1258 1320 1379 1380 1321 1259 1322 -1
GCP,adapt_p70-52877936550931_a258-75_36_map.h5,25.8782,10,684,1552,19.471220:258.750000,1213,True,10,10,1213,0.999999,17.7824,0,0.0126522,1276 1276 1277 1214 1213 1148 1147 1212 1275 -1
GCP,adapt_p60-00000000000001_a292-5_195_map.h5,26.8252,10,321,1119,30.000000:292.500000,1343,True,19,13,1343,0.999617,25.834,0,0.0125809,1400 1400 1341 1280 1281 1342 1401 1343 1282 1219 1283 1344 -1
GCP,adapt_p70-52877936550931_a168-74999999999997_22_map.h5,27.8794,10,395,775,19.471220:168.750000,1197,True,15,13,1260,0.999997,25.9758,0,0.0133619,1198 1198 1132 1131 1196 1259 1322 1197 1260 1323 1261 1262 -1
GCP,adapt_p80-40593177313954_a135-0_161_map.h5,24.7532,10,143,1551,9.594069:135.000000,1059,False,186,11,1261,0.744445,24.5743,0,0.0155146,1384 1199 1262 1323 1261 1260 1197 1198 1136 1137 -1
GCP,adapt_p70-52877936550931_a236-25_424_map.h5,26.756,10,176,1110,19.471220:236.250000,1209,True,32,13,1142,0.995154,25.5564,0,0.0128385,1075 1075 1141 1206 1207 1142 1076 1208 1209 1144 1143 1077 -1
GCP,adapt_p80-40593177313954_a67-5_454_map.h5,27.8923,10,554,683,9.594069:67.500000,1047,True,10,10,1047,0.999998,18.1084,0,0.0124846,1046 1046 979 980 1048 1114 1047 1113 1112 -1
GCP,adapt_p70-52877936550931_a281-24999999999994_268_map.h5,27.7081,10,273,729,19.471220:281.250000,1217,True,39,14,1217,0.972021,27.7042,0,0.0126903,1154 1154 1218 1153 1152 1217 1280 1279 1216 1215 1278 1277 1276 -1
GCP,adapt_p23-556464309101234_a247-49999999999997_515_map.h5,26.6533,10,118,733,66.443535:247.500000,1708,False,202,9,1336,0.776783,25.8456,0,0.0172868,1356 1337 1275 1336 1394 1393 1335 1274 -1
GCP,adapt_p60-00000000000001_a157-5_258_map.h5,27.8777,10,535,782,30.000000:157.500000,1320,True,11,11,1319,0.999999,20.9578,0,0.013105,1320 1320 1257 1258 1319 1256 1318 1377 1378 1379 -1
GCP,adapt_p60-00000000000001_a292-5_552_map.h5,27.8944,10,600,753,30.000000:292.500000,1343,True,8,8,1343,0.999998,13.5566,0,0.0123815,1342 1342 1401 1400 1343 1282 1281 -1
GCP,adapt_p70-52877936550931_a213-75_586_map.h5,26.8692,10,402,1164,19.471220:213.750000,1205,True,14,13,1205,0.999999,26.1508,0,0.0125613,1204 1204 1266 1267 1205 1140 1139 1268 1330 1269 1206 1141 -1
GCP,adapt_p80-40593177313954_a315-0_527_map.h5,28.8467,10,264,368,9.594069:315.000000,1093,True,17,14,1159,0.999991,28.2753,0,0.0130943,1158 1158 1223 1224 1225 1161 1095 1160 1094 1026 1093 1159 1092 -1
GCP,adapt_p80-40593177313954_a67-5_120_map.h5,28.85,10,303,406,9.594069:67.500000,1047,True,13,13,1046,0.999998,26.0267,0,0.0128229,1113 1113 1112 1114 1048 980 1047 979 1046 978 1045 977 -1
GCP,adapt_p60-00000000000001_a224-99999999999997_323_map.h5,25.5024,10,280,1390,30.000000:225.000000,1331,False,69,12,1328,0.899421,25.3278,0,0.0134193,1443 1327 1326 1384 1385 1386 1328 1266 1267 1329 1269 -1
GCP,adapt_p80-40593177313954_a67-5_107_map.h5,27.8782,10,264,715,9.594069:67.500000,1047,False,16,14,1112,0.999997,27.6293,0,0.0125932,1177 1177 1176 1110 1044 1045 1111 1112 1178 1241 1242 1179 1243 -1
GCP,adapt_p48-18968510422141_a326-24999999999994_81_map.h5,25.887,10,804,1428,41.810314:326.250000,1514,True,8,8,1562,0.999999,13.3974,0,0.0127693,1514 1514 1515 1563 1513 1562 1606 -1
GCP,adapt_p11-715852394892384_a45-0_466_map.h5,25.77,10,145,1562,78.284149:45.000000,1766,True,32,13,1746,0.998308,24.6622,0,0.012748,1767 1767 1766 1765 1744 1745 1719 1720 1746 1747 1721 1722 -1
GCP,adapt_p70-52877936550931_a348-74999999999994_410_map.h5,26.8763,10,510,1140,19.471220:348.750000,1229,True,13,13,1229,0.999998,26.2659,0,0.0124796,1292 1292 1165 1230 1293 1229 1164 1163 1228 1291 1290 1227 -1
GCP,adapt_p60-00000000000001_a315-0_150_map.h5,27.827,10,218,783,30.000000:315.000000,1346,True,23,14,1346,0.999975,27.663,0,0.0128258,1284 1284 1285 1222 1223 1286 1347 1348 1405 1404 1346 1345 1403 -1
GCP,adapt_p35-659087696138755_a105-0_587_map.h5,27.7942,10,184,814,54.340912:105.000000,1579,True,25,13,1622,0.999723,25.1429,0,0.0125348,1661 1661 1660 1621 1577 1578 1532 1533 1579 1622 1623 1580 -1
GCP,adapt_p35-659087696138755_a14-999999999999998_219_map.h5,27.7626,10,357,783,54.340912:15.000000,1568,True,16,13,1569,0.999994,25.484,0,0.0132067,1614 1614 1571 1523 1570 1569 1522 1521 1568 1612 1613 1652 -1
GCP,adapt_p60-00000000000001_a90-0_583_map.h5,27.585,10,100,747,30.000000:90.000000,1309,True,61,13,1246,0.974377,26.9033,0,0.012768,1249 1248 1310 1309 1247 1184 1183 1246 1308 1245 1182 1181 -1
GCP,adapt_p48-18968510422141_a236-25_107_map.h5,25.8781,10,805,1409,41.810314:236.250000,1501,True,8,8,1448,0.999999,13.3338,0,0.0126739,1500 1500 1447 1448 1449 1501 1550 -1
GCP,adapt_p70-52877936550931_a326-24999999999994_256_map.h5,27.802,10,241,741,19.471220:326.250000,1225,True,23,13,1223,0.999455,25.7984,0,0.0127838,1222 1222 1158 1157 1223 1285 1286 1287 1224 1159 1160 1225 -1
GCP,adapt_p60-00000000000001_a337-49999999999994_78_map.h5,26.8703,10,455,1112,30.000000:337.500000,1350,True,13,13,1350,0.999999,25.6642,0,0.0124895,1351 1351 1409 1408 1407 1349 1288 1289 1350 1227 1290 1291 -1
GCP,adapt_p11-715852394892384_a45-0_495_map.h5,25.8875,10,727,1486,78.284149:45.000000,1766,True,8,8,1746,0.999999,12.8597,0,0.0122927,1747 1747 1748 1767 1766 1746 1745 -1
GCP,adapt_p48-18968510422141_a281-24999999999994_406_map.h5,26.865,10,581,1139,41.810314:281.250000,1507,True,12,12,1455,0.999998,23.1202,0,0.0128216,1456 1456 1508 1557 1556 1507 1506 1455 1398 1454 1453 -1
GCP,adapt_p35-659087696138755_a105-0_442_map.h5,26.591,10,145,1129,54.340912:105.000000,1579,False,60,12,1623,0.971666,25.3342,0,0.0127863,1625 1624 1662 1661 1623 1622 1660 1696 1697 1771 1772 -1
GCP,adapt_p48-18968510422141_a236-25_117_map.h5,26.8459,10,557,1107,41.810314:236.250000,1501,True,15,13,1502,0.999998,25.6992,0,0.0128655,1448 1448 1502 1552 1503 1450 1449 1501 1551 1550 1500 1447 -1
GCP,adapt_p11-715852394892384_a45-0_347_map.h5,25.6903,10,182,1468,78.284149:45.000000,1766,False,41,13,1570,0.995326,25.3521,0,0.0134556,1470 1470 1471 1524 1572 1616 1615 1571 1570 1523 1522 1569 -1
GCP,adapt_p70-52877936550931_a258-75_449_map.h5,27.5318,10,162,737,19.471220:258.750000,1213,True,66,13,1212,0.975048,26.593,0,0.0129663,1276 1275 1213 1212 1147 1146 1211 1274 1273 1210 1145 1144 -1
GCP,adapt_p48-18968510422141_a326-24999999999994_75_map.h5,25.8201,10,175,1462,41.810314:326.250000,1514,True,21,12,1462,0.999428,22.8812,0,0.012678,1562 1562 1512 1513 1461 1462 1406 1407 1463 1515 1514 -1
GCP,adapt_p70-52877936550931_a56-24999999999999_157_map.h5,25.8739,10,702,1522,19.471220:56.250000,1177,True,10,10,1177,0.999999,17.7622,0,0.0128377,1176 1176 1110 1111 1177 1240 1241 1178 1112 -1
GCP,adapt_p23-556464309101234_a292-5_103_map.h5,28.5929,10,84,370,66.443535:292.500000,1712,True,61,13,1711,0.977488,26.7302,0,0.0128629,1735 1736 1737 1710 1677 1711 1738 1712 1679 1678 1642 1641 -1
GCP,adapt_p35-659087696138755_a315-0_477_map.h5,27.8682,10,377,725,54.340912:315.000000,1605,True,11,11,1646,0.999998,20.8379,0,0.0125565,1647 1647 1605 1606 1646 1604 1645 1681 1682 1683 -1
GCP,adapt_p70-52877936550931_a348-74999999999994_587_map.h5,24.2735,10,114,1791,19.471220:348.750000,1229,True,101,9,1228,0.974225,23.5674,0,0.0133464,1149 1227 1163 1228 1229 1164 1165 1230 -1
GCP,adapt_p60-00000000000001_a292-5_354_map.h5,27.876,10,531,736,30.000000:292.500000,1343,True,12,12,1343,0.999999,22.9863,0,0.0127416,1282 1282 1283 1345 1402 1344 1343 1401 1400 1342 1281 -1
GCP,adapt_p23-556464309101234_a337-5_506_map.h5,26.8925,10,757,1185,66.443535:337.500000,1716,True,8,8,1716,0.999998,12.8987,0,0.0123206,1717 1717 1743 1742 1716 1684 1685 -1
GCP,adapt_p23-556464309101234_a202-5_297_map.h5,27.1245,10,84,818,66.443535:202.500000,1704,False,133,12,1708,0.80887,24.6187,0,0.0142223,1733 1735 1707 1674 1637 1596 1638 1675 1708 1709 1676 -1
GCP,adapt_p35-659087696138755_a344-99999999999994_165_map.h5,27.8805,10,368,739,54.340912:345.000000,1609,True,12,12,1609,0.999998,23.6034,0,0.0132839,1610 1610 1565 1609 1566 1567 1611 1650 1649 1608 1564 -1
GCP,adapt_p80-40593177313954_a157-5_297_map.h5,28.8482,10,235,362,9.594069:157.500000,1063,True,17,13,1063,0.999965,27.8387,0,0.0125951,996 1063 1065 997 996 995 1064 1130 1129 1128 1062 994 -1
GCP,adapt_p23-556464309101234_a292-5_47_map.h5,26.8861,10,409,1049,66.443535:292.500000,1712,True,9,9,1712,0.999999,15.9215,0,0.012659,1738 1738 1713 1739 1712 1711 1679 1680 -1
GCP,adapt_p23-556464309101234_a112-5_243_map.h5,27.5889,10,204,782,66.443535:112.500000,1697,False,65,13,1691,0.987944,27.4108,0,0.0128831,1724 1749 1768 1722 1693 1656 1655 1691 1692 1721 1720 1690 -1
GCP,adapt_p11-715852394892384_a315-0_164_map.h5,26.8612,10,460,1137,78.284149:315.000000,1778,True,16,13,1763,0.999989,24.8507,0,0.0125694,1761 1761 1778 1762 1739 1740 1741 1763 1764 1780 1779 1791 -1
GCP,adapt_p48-18968510422141_a191-25_356_map.h5,26.814,10,357,1166,41.810314:191.250000,1494,True,20,12,1442,0.999201,24.904,0,0.0127997,1496 1443 1386 1385 1442 1495 1441 1493 1494 1545 1496 -1
GCP,adapt_p35-659087696138755_a255-00000000000003_312_map.h5,25.8792,10,706,1548,54.340912:255.000000,1598,True,9,9,1598,0.999998,15.4456,0,0.0126066,1639 1639 1640 1598 1553 1552 1597 1596 -1
GCP,adapt_p35-659087696138755_a344-99999999999994_511_map.h5,26.8775,10,473,1103,54.340912:345.000000,1609,True,11,11,1608,0.999999,21.1739,0,0.0133385,1649 1649 1607 1563 1648 1608 1564 1565 1609 1650 -1
GCP,adapt_p60-00000000000001_a157-5_282_map.h5,25.9485,10,107,1099,30.000000:157.500000,1320,True,151,11,1319,0.961326,24.0919,0,0.0152133,1313 1256 1318 1377 1378 1319 1257 1258 1320 1321 -1
GCP,adapt_p70-52877936550931_a348-74999999999994_457_map.h5,27.8849,10,500,757,19.471220:348.750000,1229,True,12,12,1229,0.999998,23.8949,0,0.0128658,1230 1230 1167 1293 1292 1229 1164 1165 1352 1291 1228 -1
GCP,adapt_p70-52877936550931_a11-25_463_map.h5,28.8339,10,331,337,19.471220:11.250000,1169,True,16,14,1102,0.999999,28.3456,0,0.012895,1101 1101 1231 1167 1168 1102 1035 1036 1103 1169 1232 1233 1170 -1
GCP,adapt_p48-18968510422141_a213-75_462_map.h5,27.8663,10,587,760,41.810314:213.750000,1497,True,14,13,1445,0.999999,25.4846,0,0.0125076,1499 1499 1549 1548 1547 1497 1444 1445 1498 1446 1389 1447 -1
GCP,adapt_p80-40593177313954_a157-5_40_map.h5,27.873,10,428,776,9.594069:157.500000,1063,True,15,13,1063,0.999998,26.7756,0,0.0127365,1062 1062 996 1064 1065 1130 1195 1129 1063 995 1128 1061 -1
GCP,adapt_p23-556464309101234_a247-49999999999997_59_map.h5,26.7712,10,344,1098,66.443535:247.500000,1708,True,27,13,1709,0.998617,25.9045,0,0.0125747,1710 1710 1676 1639 1677 1709 1736 1758 1735 1708 1675 1674 -1
GCP,adapt_p80-40593177313954_a22-5_231_map.h5,26.4405,10,146,1113,9.594069:22.500000,1038,True,78,12,1038,0.970931,26.2376,0,0.0133365,908 1040 1106 1038 1104 1171 1105 1039 971 970 1037 -1
GCP,adapt_p48-18968510422141_a101-24999999999999_500_map.h5,25.6991,10,756,1496,41.810314:101.250000,1481,True,12,12,1427,0.999999,22.9759,0,0.012677,1428 1428 1427 1426 1479 1531 1480 1532 1481 1482 1533 -1
GCP,adapt_p70-52877936550931_a168-74999999999997_551_map.h5,27.8429,10,397,766,19.471220:168.750000,1197,True,16,13,1259,0.999976,25.8336,0,0.0128544,1320 1320 1259 1196 1258 1321 1380 1322 1323 1261 1260 1197 -1
GCP,adapt_p48-18968510422141_a236-25_6_map.h5,25.8262,10,289,1503,41.810314:236.250000,1501,True,19,13,1500,0.99992,25.2197,0,0.0126138,1448 1448 1449 1501 1551 1500 1550 1595 1594 1549 1499 1447 -1
GCP,adapt_p80-40593177313954_a270-0_520_map.h5,27.8473,10,421,752,9.594069:270.000000,1084,True,18,13,1149,0.99999,25.2846,0,0.0135213,1148 1148 1082 1083 1149 1084 1085 1151 1150 1215 1214 1213 -1
GCP,adapt_p80-40593177313954_a337-49999999999994_585_map.h5,25.2088,10,193,1065,9.594069:337.500000,1097,False,280,10,1145,0.859744,24.8743,0,0.0199564,1588 1209 1143 1078 1144 1210 1145 1146 1211 -1
GCP,adapt_p60-00000000000001_a45-0_194_map.h5,27.8703,10,371,736,30.000000:45.000000,1301,True,13,13,1301,0.999999,25.3165,0,0.0124635,1237 1237 1238 1239 1302 1361 1360 1301 1300 1236 1299 1359 -1
GCP,adapt_p35-659087696138755_a135-0_30_map.h5,27.8843,10,589,722,54.340912:135.000000,1583,True,11,11,1584,0.999998,20.2954,0,0.0124824,1626 1626 1582 1583 1537 1538 1584 1627 1628 1585 -1
GCP,adapt_p48-18968510422141_a348-74999999999994_426_map.h5,28.8239,10,173,397,41.810314:348.750000,1517,True,23,13,1517,0.999935,25.7695,0,0.0128732,1412 1412 1518 1467 1519 1566 1466 1465 1517 1565 1516 1464 -1
GCP,adapt_p48-18968510422141_a123-74999999999999_4_map.h5,26.8843,10,640,1048,41.810314:123.750000,1484,True,8,8,1431,0.999999,13.1905,0,0.0124687,1430 1430 1483 1484 1431 1485 1432 -1
GCP,adapt_p60-00000000000001_a0-0_407_map.h5,26.6613,10,224,1154,30.000000:0.000000,1294,True,37,13,1294,0.988672,25.4269,0,0.0134622,1233 1233 1232 1231 1294 1353 1352 1410 1411 1354 1295 1296 -1
GCP,adapt_p70-52877936550931_a348-74999999999994_286_map.h5,25.7183,10,143,1505,19.471220:348.750000,1229,False,38,12,1167,0.993826,24.4642,0,0.0134597,1232 1168 1102 1101 1166 1165 1230 1292 1293 1231 1167 -1
GCP,adapt_p23-556464309101234_a157-5_390_map.h5,27.8273,10,357,745,66.443535:157.500000,1701,True,18,14,1701,0.999997,27.4849,0,0.0125186,1665 1665 1664 1699 1700 1666 1628 1629 1667 1702 1701 1729 1728 -1
GCP,adapt_p70-52877936550931_a303-75_155_map.h5,26.8089,10,207,1174,19.471220:303.750000,1221,True,22,13,1223,0.999724,25.6836,0,0.0129256,1157 1157 1223 1224 1159 1093 1158 1222 1285 1284 1221 1156 -1
GCP,adapt_p35-659087696138755_a315-0_583_map.h5,26.8995,10,841,1191,54.340912:315.000000,1605,True,7,7,1605,0.999999,10.5403,0,0.0123283,1606 1606 1647 1646 1605 1604 -1
GCP,adapt_p70-52877936550931_a191-25_68_map.h5,27.8212,10,395,773,19.471220:191.250000,1201,True,20,13,1137,0.999942,25.1887,0,0.0125698,1201 1201 1135 1136 1070 1071 1137 1202 1203 1138 1139 1204 -1
GCP,adapt_p48-18968510422141_a258-75_72_map.h5,25.8701,10,701,1472,41.810314:258.750000,1504,True,10,10,1504,0.999999,17.9053,0,0.0126911,1451 1451 1503 1553 1554 1504 1452 1505 1453 -1
GCP,adapt_p80-40593177313954_a45-0_484_map.h5,25.8706,10,458,1474,9.594069:45.000000,1042,True,12,12,1043,0.999998,22.9191,0,0.0131443,1109 1109 1175 1108 1042 1043 976 1044 1110 1111 1045 -1
GCP,adapt_p48-18968510422141_a11-25_203_map.h5,26.8754,10,459,1156,41.810314:11.250000,1468,True,12,12,1413,0.999999,23.2418,0,0.0123661,1355 1355 1354 1412 1467 1413 1356 1414 1468 1469 1415 -1
GCP,adapt_p70-52877936550931_a213-75_345_map.h5,27.8854,10,529,724,19.471220:213.750000,1205,True,11,11,1205,0.999999,20.3156,0,0.0123426,1139 1139 1138 1204 1267 1268 1205 1140 1141 1206 -1
GCP,adapt_p11-715852394892384_a315-0_39_map.h5,27.8369,10,342,712,78.284149:315.000000,1778,True,17,14,1762,0.999996,27.0759,0,0.0128856,1761 1761 1777 1790 1791 1780 1764 1763 1779 1778 1762 1740 1739 -1
GCP,adapt_p48-18968510422141_a348-74999999999994_0_map.h5,28.8251,10,267,383,41.810314:348.750000,1517,True,21,13,1517,0.999868,26.462,0,0.0126751,1566 1566 1466 1518 1467 1519 1517 1465 1464 1516 1565 1515 -1
GCP,adapt_p60-00000000000001_a292-5_92_map.h5,27.8828,10,600,717,30.000000:292.500000,1343,True,10,10,1343,0.999999,17.7374,0,0.0129619,1401 1401 1402 1344 1343 1282 1281 1342 1400 -1
GCP,adapt_p60-00000000000001_a292-5_320_map.h5,25.8795,10,666,1546,30.000000:292.500000,1343,True,11,11,1343,0.999999,20.9726,0,0.0133021,1344 1344 1282 1283 1343 1281 1342 1400 1401 1402 -1
GCP,adapt_p70-52877936550931_a33-75_67_map.h5,27.8748,10,566,758,19.471220:33.750000,1173,True,11,11,1174,0.999998,21.093,0,0.0129885,1173 1173 1172 1236 1237 1174 1107 1108 1238 1175 -1
GCP,adapt_p23-556464309101234_a202-5_379_map.h5,25.182,10,130,1552,66.443535:202.500000,1704,False,125,12,1695,0.748639,25.0266,0,0.0138161,1480 1579 1622 1660 1694 1724 1695 1696 1661 1623 1580 -1
GCP,adapt_p48-18968510422141_a303-75_365_map.h5,26.8532,10,602,1145,41.810314:303.750000,1510,True,14,13,1511,0.999997,26.8241,0,0.0126032,1559 1558 1509 1559 1604 1560 1561 1512 1511 1459 1510 1458 -1
GCP,adapt_p80-40593177313954_a292-5_409_map.h5,26.8263,10,426,1149,9.594069:292.500000,1088,True,19,13,1089,0.999974,25.3368,0,0.0124484,1090 1090 1156 1155 1220 1219 1154 1089 1021 1088 1153 1087 -1
GCP,adapt_p35-659087696138755_a344-99999999999994_298_map.h5,27.8913,10,600,691,54.340912:345.000000,1609,True,9,9,1649,0.999999,15.494,0,0.0124564,1609 1609 1608 1607 1648 1649 1685 1650 -1
GCP,adapt_p60-00000000000001_a247-49999999999997_124_map.h5,27.7024,10,236,746,30.000000:247.500000,1335,True,32,14,1394,0.998058,27.546,0,0.0133802,1452 1452 1504 1503 1450 1449 1393 1335 1336 1394 1451 1395 1337 -1
GCP,adapt_p60-00000000000001_a270-0_325_map.h5,27.8713,10,523,762,30.000000:270.000000,1339,True,13,13,1339,0.999999,25.0875,0,0.0125154,1398 1398 1399 1341 1340 1339 1397 1396 1338 1277 1278 1279 -1
GCP,adapt_p70-52877936550931_a303-75_562_map.h5,25.8485,10,420,1520,19.471220:303.750000,1221,True,15,13,1221,0.999997,25.1254,0,0.0133185,1283 1283 1284 1222 1157 1156 1221 1220 1155 1154 1219 1282 -1
GCP,adapt_p80-40593177313954_a292-5_217_map.h5,26.8571,10,483,1148,9.594069:292.500000,1088,True,13,13,1088,0.999998,26.7242,0,0.0127294,1154 1155 1089 1021 1020 1019 1086 1152 1153 1087 1088 1154 -1
GCP,adapt_p60-00000000000001_a292-5_245_map.h5,26.8359,10,480,1077,30.000000:292.500000,1343,True,16,13,1399,0.999994,25.308,0,0.012857,1343 1343 1401 1456 1400 1342 1399 1341 1340 1398 1454 1455 -1
GCP,adapt_p70-52877936550931_a348-74999999999994_236_map.h5,28.8684,10,323,382,19.471220:348.750000,1229,True,12,12,1229,0.999998,23.4408,0,0.0133684,1292 1292 1293 1167 1166 1165 1230 1291 1228 1229 1164 -1
GCP,adapt_p48-18968510422141_a123-74999999999999_266_map.h5,27.8843,10,444,770,41.810314:123.750000,1484,True,12,12,1430,0.999999,22.812,0,0.0125173,1484 1484 1535 1534 1483 1482 1429 1430 1372 1373 1431 -1
GCP,adapt_p11-715852394892384_a135-0_80_map.h5,27.8023,10,240,773,78.284149:135.000000,1770,True,28,14,1771,0.998857,27.296,0,0.0135132,1753 1753 1752 1770 1784 1785 1794 1786 1787 1773 1772 1771 1754 -1
GCP,adapt_p23-556464309101234_a112-5_551_map.h5,26.8817,10,463,1193,66.443535:112.500000,1697,True,11,11,1697,0.999999,19.9534,0,0.0131082,1727 1727 1698 1697 1662 1661 1696 1725 1726 1751 -1
GCP,adapt_p80-40593177313954_a157-5_460_map.h5,27.8259,10,347,771,9.594069:157.500000,1063,True,20,13,1063,0.99998,25.7263,0,0.0128934,1131 1131 1065 996 1064 1130 1129 1063 995 1062 1128 1061 -1
GCP,adapt_p48-18968510422141_a236-25_234_map.h5,27.8721,10,423,757,41.810314:236.250000,1501,True,11,11,1550,0.999999,20.8339,0,0.0126722,1549 1549 1595 1594 1550 1551 1501 1448 1500 1499 -1
GCP,adapt_p23-556464309101234_a202-5_497_map.h5,28.851,10,295,366,66.443535:202.500000,1704,True,18,14,1705,0.999982,27.6318,0,0.0128144,1732 1732 1704 1733 1734 1707 1706 1705 1671 1634 1635 1672 1673 -1
GCP,adapt_p80-40593177313954_a202-49999999999997_94_map.h5,26.8601,10,411,1194,9.594069:202.500000,1072,True,15,12,1072,0.999996,23.6807,0,0.0126809,1073 1073 1004 1005 1072 1139 1138 1137 1071 1003 1070 -1
GCP,adapt_p80-40593177313954_a0-0_531_map.h5,25.7274,10,206,1475,9.594069:0.000000,1034,True,36,12,1166,0.99552,23.4727,0,0.0133736,1230 1230 1164 1099 1165 1100 1166 1034 1101 1035 1102 -1
GCP,adapt_p35-659087696138755_a224-99999999999997_393_map.h5,25.5642,10,181,1575,54.340912:225.000000,1594,False,55,12,1598,0.971147,24.3917,0,0.0126334,1502 1552 1596 1597 1553 1598 1599 1555 1554 1504 1505 -1
GCP,adapt_p80-40593177313954_a0-0_238_map.h5,27.8242,10,205,770,9.594069:0.000000,1034,True,21,13,1034,0.999876,25.9488,0,0.0125692,968 968 969 1036 1101 1035 967 1034 1033 1100 1032 1099 -1
GCP,adapt_p23-556464309101234_a112-5_147_map.h5,27.8633,10,291,804,66.443535:112.500000,1697,True,13,13,1696,0.999999,25.564,0,0.0124776,1697 1697 1661 1662 1696 1660 1659 1694 1695 1724 1725 1726 -1
GCP,adapt_p70-52877936550931_a236-25_170_map.h5,27.8559,10,455,744,19.471220:236.250000,1209,True,15,13,1209,0.999996,26.346,0,0.0129259,1208 1208 1144 1209 1272 1273 1210 1143 1207 1270 1271 1333 -1
GCP,adapt_p48-18968510422141_a146-25_133_map.h5,27.8751,10,487,726,41.810314:146.250000,1488,True,11,11,1488,0.999999,20.7706,0,0.0126552,1434 1434 1486 1433 1487 1538 1539 1488 1435 1489 -1
GCP,adapt_p48-18968510422141_a303-75_200_map.h5,27.8292,10,378,825,41.810314:303.750000,1510,True,20,13,1403,0.999986,25.4644,0,0.0126342,1458 1458 1402 1345 1403 1459 1510 1511 1460 1404 1346 1347 -1
GCP,adapt_p80-40593177313954_a0-0_313_map.h5,26.7737,10,295,1135,9.594069:0.000000,1034,True,25,13,1034,0.997655,25.5119,0,0.0131089,1099 1099 1165 1100 1032 1033 967 1034 1166 1101 1035 1036 -1
GCP,adapt_p11-715852394892384_a45-0_118_map.h5,27.8833,10,471,738,78.284149:45.000000,1766,True,11,11,1746,0.999999,20.0361,0,0.0125163,1745 1745 1765 1766 1767 1747 1721 1720 1746 1719 -1
GCP,adapt_p60-00000000000001_a202-49999999999997_203_map.h5,25.873,10,712,1487,30.000000:202.500000,1328,True,12,12,1328,0.999998,23.1007,0,0.0128316,1267 1267 1330 1268 1329 1387 1386 1328 1266 1265 1327 -1
GCP,adapt_p35-659087696138755_a105-0_72_map.h5,26.8569,10,471,1126,54.340912:105.000000,1579,True,13,13,1623,0.999998,25.0588,0,0.0128478,1579 1579 1580 1581 1624 1662 1661 1623 1622 1660 1621 1578 -1
GCP,adapt_p80-40593177313954_a90-0_250_map.h5,26.8891,10,581,1134,9.594069:90.000000,1051,True,11,11,1050,0.999999,20.9215,0,0.0126363,983 983 1049 981 982 1050 1116 1117 1051 984 -1
GCP,adapt_p80-40593177313954_a0-0_35_map.h5,25.852,10,426,1484,9.594069:0.000000,1034,True,17,12,1034,0.999984,23.9418,0,0.0128296,1035 1035 1166 1167 1102 1101 1034 1033 1100 1165 1099 -1
GCP,adapt_p35-659087696138755_a195-0_220_map.h5,25.8661,10,780,1474,54.340912:195.000000,1590,True,8,8,1633,0.999999,13.6777,0,0.0126861,1632 1632 1669 1590 1633 1670 1671 -1
GCP,adapt_p70-52877936550931_a348-74999999999994_159_map.h5,27.8643,10,511,728,19.471220:348.750000,1229,True,15,13,1229,0.999997,25.8029,0,0.0124928,1291 1291 1352 1290 1228 1229 1164 1165 1230 1292 1293 1167 -1
GCP,adapt_p48-18968510422141_a123-74999999999999_330_map.h5,28.8434,10,266,324,41.810314:123.750000,1484,True,16,14,1485,0.999963,27.565,0,0.0124134,1431 1431 1432 1486 1537 1536 1485 1484 1535 1581 1534 1483 1430 -1
GCP,adapt_p35-659087696138755_a255-00000000000003_242_map.h5,27.8793,10,402,734,54.340912:255.000000,1598,True,13,13,1598,0.999998,26.4038,0,0.0124481,1640 1640 1554 1599 1553 1552 1597 1598 1639 1676 1638 1596 -1
GCP,adapt_p60-00000000000001_a247-49999999999997_291_map.h5,27.8688,10,582,771,30.000000:247.500000,1335,True,13,13,1394,0.999999,25.717,0,0.0129711,1451 1451 1450 1395 1337 1336 1394 1335 1334 1392 1393 1449 -1
GCP,adapt_p70-52877936550931_a123-74999999999999_126_map.h5,25.8742,10,486,1452,19.471220:123.750000,1189,True,13,12,1124,0.999999,23.592,0,0.0125854,1189 1189 1188 1123 1124 1190 1252 1253 1191 1125 1126 -1
GCP,adapt_p35-659087696138755_a285-0_474_map.h5,26.8845,10,643,1122,54.340912:285.000000,1601,True,7,7,1601,0.999999,10.8315,0,0.0122349,1602 1602 1557 1601 1643 1642 -1
GCP,adapt_p48-18968510422141_a168-74999999999997_134_map.h5,27.8721,10,492,816,41.810314:168.750000,1491,True,12,12,1438,0.999998,23.3427,0,0.0126376,1491 1491 1541 1490 1542 1492 1439 1438 1380 1437 1436 -1
GCP,adapt_p70-52877936550931_a101-24999999999999_279_map.h5,28.8463,10,265,376,19.471220:101.250000,1185,True,19,14,1185,0.999976,27.3979,0,0.0124953,1120 1120 1119 1118 1184 1247 1248 1185 1186 1249 1250 1187 1121 -1
GCP,adapt_p60-00000000000001_a135-0_410_map.h5,28.8272,10,261,361,30.000000:135.000000,1316,True,20,14,1254,0.999908,28.3005,0,0.0126309,1375 1375 1316 1376 1317 1318 1255 1192 1191 1254 1315 1253 1190 -1
GCP,adapt_p11-715852394892384_a135-0_378_map.h5,26.8839,10,545,1147,78.284149:135.000000,1770,True,10,10,1771,0.999999,17.8791,0,0.0129303,1752 1752 1753 1751 1770 1771 1772 1786 1785 -1
GCP,adapt_p70-52877936550931_a213-75_167_map.h5,27.8703,10,507,704,19.471220:213.750000,1205,True,12,12,1269,0.999999,22.8998,0,0.0125135,1205 1205 1204 1267 1268 1330 1331 1269 1206 1270 1207 -1
GCP,adapt_p70-52877936550931_a11-25_262_map.h5,25.5784,10,211,1473,19.471220:11.250000,1169,False,61,12,1231,0.955288,24.4459,0,0.0134261,1101 1167 1230 1229 1292 1293 1294 1231 1168 1232 1295 -1
GCP,adapt_p70-52877936550931_a33-75_423_map.h5,27.8772,10,479,712,19.471220:33.750000,1173,True,12,12,1172,0.999999,23.4485,0,0.0126124,1106 1106 1172 1171 1105 1107 1173 1174 1237 1236 1235 -1
GCP,adapt_p70-52877936550931_a303-75_558_map.h5,26.8241,10,302,1069,19.471220:303.750000,1221,True,22,13,1221,0.999887,25.7768,0,0.012736,1155 1155 1090 1091 1157 1222 1284 1221 1156 1283 1220 1219 -1
GCP,adapt_p70-52877936550931_a11-25_301_map.h5,26.8801,10,557,1133,19.471220:11.250000,1169,True,12,12,1169,0.999999,23.4348,0,0.0126742,1233 1233 1232 1168 1102 1103 1169 1234 1171 1170 1104 -1
GCP,adapt_p80-40593177313954_a157-5_367_map.h5,24.1495,10,168,1888,9.594069:157.500000,1063,False,123,11,1384,0.947458,22.3473,0,0.0143331,1200 1325 1383 1440 1384 1326 1385 1442 1441 1494 -1
GCP,adapt_p23-556464309101234_a202-5_397_map.h5,27.8698,10,450,745,66.443535:202.500000,1704,True,13,13,1705,0.999999,25.1774,0,0.0129571,1672 1672 1705 1706 1673 1635 1634 1671 1670 1704 1732 1733 -1
GCP,adapt_p48-18968510422141_a101-24999999999999_34_map.h5,27.8762,10,438,803,41.810314:101.250000,1481,True,11,11,1427,0.999999,20.3869,0,0.0126282,1481 1481 1482 1428 1429 1371 1370 1369 1427 1426 -1
GCP,adapt_p60-00000000000001_a22-5_222_map.h5,26.8132,10,475,1148,30.000000:22.500000,1298,True,16,13,1298,0.999996,25.4932,0,0.0126319,1233 1233 1232 1296 1297 1357 1298 1234 1171 1235 1236 1299 -1
GCP,adapt_p80-40593177313954_a202-49999999999997_289_map.h5,28.8473,10,276,402,9.594069:202.500000,1072,True,15,13,1071,0.999993,26.6483,0,0.0125278,1005 1072 1004 1005 1073 1139 1138 1137 1071 1003 1070 1136 -1
GCP,adapt_p23-556464309101234_a337-5_459_map.h5,25.8201,10,319,1544,66.443535:337.500000,1716,True,19,13,1742,0.99993,25.3688,0,0.0126439,1741 1741 1763 1764 1744 1718 1743 1687 1685 1717 1742 1716 -1
GCP,adapt_p11-715852394892384_a135-0_273_map.h5,27.798,10,310,692,78.284149:135.000000,1770,True,25,14,1752,0.998895,27.3195,0,0.0127745,1786 1786 1785 1772 1753 1752 1771 1770 1769 1750 1751 1726 1727 -1
GCP,adapt_p23-556464309101234_a22-5_506_map.h5,27.8813,10,547,799,66.443535:22.500000,1689,True,9,9,1719,0.999998,15.2824,0,0.0124705,1720 1720 1690 1689 1688 1718 1719 1745 -1
GCP,adapt_p80-40593177313954_a0-0_206_map.h5,27.856,10,494,713,9.594069:0.000000,1034,True,15,13,1100,0.999997,26.5404,0,0.0127696,1033 1033 1099 1165 1100 1032 1166 1034 967 1035 1101 1102 -1
GCP,adapt_p70-52877936550931_a236-25_517_map.h5,27.8229,10,328,682,19.471220:236.250000,1209,True,23,13,1209,0.999782,25.7889,0,0.0128959,1208 1208 1144 1143 1209 1271 1272 1273 1210 1145 1146 1211 -1
GCP,adapt_p60-00000000000001_a270-0_264_map.h5,26.7203,10,242,1161,30.000000:270.000000,1339,True,35,13,1338,0.997261,25.5209,0,0.0125207,1396 1396 1337 1275 1276 1214 1277 1338 1339 1278 1279 1340 -1
GCP,adapt_p70-52877936550931_a236-25_226_map.h5,24.3387,10,179,1489,19.471220:236.250000,1209,True,238,10,1207,0.859337,22.2668,0,0.0179038,1278 1209 1144 1077 1143 1208 1271 1270 1207 -1
GCP,adapt_p23-556464309101234_a202-5_55_map.h5,25.5478,10,163,1517,66.443535:202.500000,1704,False,73,12,1734,0.897045,25.3252,0,0.0129765,1752 1729 1730 1705 1706 1707 1734 1733 1732 1756 1757 -1
GCP,adapt_p70-52877936550931_a101-24999999999999_463_map.h5,28.5969,10,228,396,19.471220:101.250000,1185,True,49,14,1187,0.920331,28.3015,0,0.0128469,1184 1184 1185 1249 1313 1314 1251 1250 1187 1121 1120 1119 1118 -1
GCP,adapt_p48-18968510422141_a33-75_253_map.h5,25.4279,10,192,1533,41.810314:33.750000,1471,True,73,12,1524,0.963908,25.0747,0,0.012873,1413 1470 1523 1471 1417 1472 1524 1571 1572 1525 1473 -1
GCP,adapt_p70-52877936550931_a146-25_65_map.h5,27.8494,10,446,742,19.471220:146.250000,1193,True,16,13,1128,0.999979,26.2717,0,0.013397,1195 1195 1130 1129 1257 1256 1193 1192 1127 1194 1128 1062 -1
GCP,adapt_p70-52877936550931_a326-24999999999994_204_map.h5,26.8741,10,629,1095,19.471220:326.250000,1225,True,12,12,1225,0.999999,23.3563,0,0.0127032,1287 1287 1288 1289 1226 1161 1160 1225 1286 1223 1224 -1
GCP,adapt_p70-52877936550931_a348-74999999999994_581_map.h5,27.8764,10,504,719,19.471220:348.750000,1229,True,12,12,1229,0.999998,23.8661,0,0.0133579,1291 1291 1292 1229 1290 1227 1228 1163 1164 1230 1165 -1
GCP,adapt_p23-556464309101234_a112-5_537_map.h5,26.8745,10,459,1130,66.443535:112.500000,1697,True,12,12,1697,0.999999,22.5839,0,0.0123149,1662 1662 1661 1696 1725 1697 1726 1727 1698 1663 1664 -1
GCP,adapt_p23-556464309101234_a247-49999999999997_585_map.h5,28.8693,10,433,350,66.443535:247.500000,1708,True,13,13,1708,0.999998,25.7318,0,0.012509,1735 1735 1709 1676 1736 1708 1675 1638 1637 1674 1707 1734 -1
GCP,adapt_p80-40593177313954_a247-49999999999997_244_map.h5,25.9038,10,252,1423,9.594069:247.500000,1080,False,10,10,1145,0.999998,18.727,0,0.0129945,1078 1078 1010 1079 1144 1209 1210 1145 1211 -1
GCP,adapt_p60-00000000000001_a135-0_513_map.h5,27.8326,10,191,773,30.000000:135.000000,1316,True,19,13,1254,0.999801,25.6898,0,0.0133199,1253 1253 1315 1375 1316 1254 1190 1191 1192 1255 1317 1318 -1
GCP,adapt_p11-715852394892384_a135-0_523_map.h5,27.8072,10,346,760,78.284149:135.000000,1770,True,27,14,1772,0.998907,27.4213,0,0.0126283,1753 1753 1752 1770 1784 1785 1786 1787 1773 1755 1772 1771 1754 -1
GCP,adapt_p48-18968510422141_a78-75_416_map.h5,28.7501,10,220,384,41.810314:78.750000,1478,True,29,14,1424,0.998414,28.0836,0,0.0127993,1529 1529 1476 1422 1365 1423 1477 1478 1425 1367 1424 1366 1307 -1
GCP,adapt_p80-40593177313954_a180-0_64_map.h5,27.8645,10,436,701,9.594069:180.000000,1067,True,15,13,1000,0.999998,25.9865,0,0.012329,1001 1001 933 1000 1069 1135 1134 1068 1133 1067 999 1066 -1
GCP,adapt_p70-52877936550931_a213-75_243_map.h5,25.8726,10,707,1564,19.471220:213.750000,1205,True,10,10,1205,0.999998,17.8337,0,0.0132245,1268 1268 1269 1206 1205 1140 1139 1204 1267 -1
GCP,adapt_p80-40593177313954_a180-0_322_map.h5,25.7067,10,168,1531,9.594069:180.000000,1067,False,39,13,1071,0.999211,25.6943,0,0.0130518,1136 1136 1137 1138 1073 1005 1072 1004 1071 1070 1002 1003 -1
GCP,adapt_p23-556464309101234_a22-5_452_map.h5,27.8763,10,446,795,66.443535:22.500000,1689,True,13,13,1689,0.999999,25.3602,0,0.0124548,1654 1654 1689 1719 1688 1652 1653 1690 1720 1721 1691 1655 -1
GCP,adapt_p70-52877936550931_a326-24999999999994_24_map.h5,25.859,10,723,1463,19.471220:326.250000,1225,True,9,9,1225,0.999999,15.5037,0,0.0127374,1224 1224 1287 1288 1225 1160 1161 1226 -1
GCP,adapt_p80-40593177313954_a157-5_41_map.h5,26.8295,10,359,1174,9.594069:157.500000,1063,True,18,13,1063,0.99996,26.2853,0,0.0132554,1195 1195 1196 1128 1062 995 996 1063 1129 1130 1064 1131 -1
GCP,adapt_p70-52877936550931_a191-25_224_map.h5,26.2622,10,118,1108,19.471220:191.250000,1201,False,97,12,1132,0.712741,25.9005,0,0.0136404,991 993 994 1062 995 996 1063 1131 1132 1198 1133 -1
GCP,adapt_p48-18968510422141_a56-24999999999999_117_map.h5,26.8965,10,816,1111,41.810314:56.250000,1475,True,10,10,1474,0.999999,18.1572,0,0.0123272,1473 1473 1525 1526 1474 1419 1420 1475 1421 -1
GCP,adapt_p35-659087696138755_a344-99999999999994_304_map.h5,27.8933,10,574,748,54.340912:345.000000,1609,True,8,8,1609,0.999999,13.4863,0,0.0124387,1608 1608 1565 1609 1650 1649 1607 -1
GCP,adapt_p80-40593177313954_a90-0_348_map.h5,27.8783,10,485,752,9.594069:90.000000,1051,True,12,12,1051,0.999998,23.3327,0,0.0124793,1050 1050 982 983 984 1051 1116 1117 1118 1052 985 -1
GCP,adapt_p35-659087696138755_a105-0_35_map.h5,24.3521,10,141,1776,54.340912:105.000000,1579,True,98,11,1580,0.955685,22.1069,0,0.01367,1429 1534 1580 1579 1622 1661 1623 1624 1581 1535 -1
GCP,adapt_p35-659087696138755_a344-99999999999994_284_map.h5,27.823,10,293,732,54.340912:345.000000,1609,True,21,13,1649,0.999958,25.7863,0,0.0128259,1685 1685 1686 1610 1609 1650 1649 1608 1607 1648 1684 1647 -1
GCP,adapt_p35-659087696138755_a165-0_164_map.h5,26.6631,10,113,1098,54.340912:165.000000,1587,True,43,13,1589,0.981278,25.2862,0,0.0127237,1586 1586 1587 1630 1631 1632 1633 1590 1589 1588 1542 1543 -1
GCP,adapt_p80-40593177313954_a180-0_581_map.h5,28.7644,10,216,426,9.594069:180.000000,1067,True,27,14,1067,0.996922,28.169,0,0.0133572,1070 1070 1071 1136 1135 1069 1134 1068 1000 1067 999 1066 998 -1
GCP,adapt_p23-556464309101234_a292-5_2_map.h5,26.7648,10,206,1190,66.443535:292.500000,1712,True,32,13,1712,0.990761,24.9114,0,0.0129988,1643 1643 1679 1680 1681 1713 1712 1711 1738 1739 1761 1762 -1
GCP,adapt_p35-659087696138755_a255-00000000000003_112_map.h5,27.8783,10,384,748,54.340912:255.000000,1598,True,13,13,1639,0.999999,25.1553,0,0.0124635,1596 1596 1551 1552 1597 1598 1640 1676 1639 1675 1638 1637 -1
GCP,adapt_p60-00000000000001_a270-0_458_map.h5,25.9642,10,104,1075,30.000000:270.000000,1339,False,158,11,1401,0.970477,24.6666,0,0.0154659,1683 1401 1343 1400 1456 1457 1458 1402 1344 1345 -1
GCP,adapt_p70-52877936550931_a348-74999999999994_484_map.h5,26.7742,10,289,1126,19.471220:348.750000,1229,True,29,13,1229,0.999507,25.8558,0,0.0126246,1292 1292 1165 1166 1230 1229 1164 1163 1228 1291 1290 1227 -1
GCP,adapt_p23-556464309101234_a112-5_387_map.h5,28.8591,10,229,342,66.443535:112.500000,1697,True,18,14,1697,0.999998,27.8636,0,0.0126736,1663 1663 1624 1623 1661 1660 1696 1725 1726 1697 1662 1698 1727 -1
GCP,adapt_p60-00000000000001_a315-0_327_map.h5,27.8817,10,481,735,30.000000:315.000000,1346,True,12,12,1346,0.999999,22.689,0,0.0121003,1403 1403 1402 1345 1284 1285 1346 1404 1405 1347 1286 -1
GCP,adapt_p80-40593177313954_a224-99999999999997_517_map.h5,28.8241,10,251,370,9.594069:225.000000,1076,True,23,14,1141,0.99997,27.7465,0,0.0127487,1140 1140 1074 1075 1141 1207 1142 1076 1009 1077 1078 1143 1208 -1
GCP,adapt_p70-52877936550931_a168-74999999999997_257_map.h5,25.727,10,167,1578,19.471220:168.750000,1197,True,34,13,1196,0.994968,25.4519,0,0.0128002,1133 1133 1132 1197 1131 1064 1063 1129 1195 1130 1196 1259 -1
GCP,adapt_p80-40593177313954_a224-99999999999997_139_map.h5,27.8113,10,320,747,9.594069:225.000000,1076,True,22,13,1077,0.999826,25.8177,0,0.013457,1075 1075 1142 1141 1076 1008 1009 1077 1143 1078 1144 1209 -1
GCP,adapt_p80-40593177313954_a247-49999999999997_407_map.h5,27.7973,10,391,737,9.594069:247.500000,1080,True,18,13,1146,0.999983,25.5894,0,0.0125195,1147 1147 1213 1148 1082 1081 1080 1079 1145 1146 1212 1211 -1
GCP,adapt_p60-00000000000001_a0-0_464_map.h5,27.1623,10,55,779,30.000000:0.000000,1294,False,126,11,1104,0.628711,26.3253,0,0.0145061,1167 1166 1101 1102 1103 1104 1105 1227 1226 1289 -1
GCP,adapt_p48-18968510422141_a33-75_449_map.h5,26.8708,10,474,1086,41.810314:33.750000,1471,True,13,13,1418,0.999999,25.7048,0,0.0129893,1471 1471 1524 1523 1416 1417 1359 1360 1418 1472 1473 1419 -1
GCP,adapt_p48-18968510422141_a348-74999999999994_207_map.h5,26.8618,10,366,1163,41.810314:348.750000,1517,True,14,13,1565,0.999998,26.2275,0,0.0139844,1564 1564 1609 1608 1565 1517 1566 1518 1465 1464 1516 1515 -1
GCP,adapt_p48-18968510422141_a146-25_31_map.h5,26.8563,10,499,1144,41.810314:146.250000,1488,True,16,13,1435,0.999996,25.6943,0,0.0124543,1489 1489 1539 1540 1488 1538 1487 1434 1377 1378 1435 1436 -1
GCP,adapt_p23-556464309101234_a202-5_588_map.h5,27.8692,10,362,701,66.443535:202.500000,1704,True,13,13,1704,0.999998,25.5272,0,0.0125253,1733 1733 1756 1755 1731 1703 1670 1704 1732 1705 1671 1706 -1
GCP,adapt_p48-18968510422141_a326-24999999999994_79_map.h5,26.8856,10,738,1192,41.810314:326.250000,1514,True,10,10,1514,0.999999,18.3838,0,0.012237,1515 1515 1462 1463 1514 1513 1562 1563 1564 -1
GCP,adapt_p11-715852394892384_a225-0_533_map.h5,26.8944,10,839,1121,78.284149:225.000000,1774,True,7,7,1757,0.999998,10.4568,0,0.0124181,1758 1758 1775 1774 1757 1756 -1
GCP,adapt_p35-659087696138755_a45-0_161_map.h5,27.8671,10,431,769,54.340912:45.000000,1572,True,14,13,1571,0.999998,27.6938,0,0.0127276,1525 1524 1571 1472 1523 1570 1615 1616 1573 1526 1572 1525 -1
GCP,adapt_p70-52877936550931_a348-74999999999994_377_map.h5,27.5819,10,110,738,19.471220:348.750000,1229,False,58,13,1105,0.971668,27.3669,0,0.0129331,970 1038 1105 1171 1104 1037 971 1039 1040 1106 1172 1173 -1
GCP,adapt_p11-715852394892384_a315-0_461_map.h5,26.8592,10,801,1119,78.284149:315.000000,1778,True,8,8,1779,0.999999,12.6694,0,0.0125511,1778 1778 1790 1791 1779 1763 1762 -1
GCP,adapt_p80-40593177313954_a90-0_265_map.h5,27.8841,10,534,737,9.594069:90.000000,1051,True,13,13,1050,0.999999,25.8012,0,0.0126486,1049 1049 1115 1048 981 982 983 1050 1116 1051 984 1052 -1
GCP,adapt_p35-659087696138755_a285-0_475_map.h5,26.8534,10,305,1101,54.340912:285.000000,1601,True,17,13,1602,0.999998,25.1337,0,0.0124027,1644 1644 1645 1603 1559 1558 1602 1643 1642 1601 1557 1508 -1
GCP,adapt_p48-18968510422141_a56-24999999999999_41_map.h5,27.8331,10,296,751,41.810314:56.250000,1475,True,23,14,1475,0.999988,27.6898,0,0.0137415,1474 1474 1420 1475 1421 1422 1423 1477 1476 1528 1574 1527 1526 -1
GCP,adapt_p80-40593177313954_a45-0_532_map.h5,27.8182,10,239,741,9.594069:45.000000,1042,True,23,13,1043,0.999925,25.3802,0,0.0125372,974 974 975 1042 1041 1107 1108 1109 1043 976 1044 1110 -1
GCP,adapt_p70-52877936550931_a11-25_295_map.h5,28.8718,10,296,414,19.471220:11.250000,1169,True,14,14,1169,0.999999,28.264,0,0.0130149,1231 1231 1101 1167 1168 1102 1103 1169 1232 1295 1296 1233 1170 -1
GCP,adapt_p70-52877936550931_a281-24999999999994_341_map.h5,28.7409,10,189,387,19.471220:281.250000,1217,True,33,14,1279,0.997353,27.8308,0,0.0129453,1339 1339 1277 1278 1215 1216 1279 1340 1280 1217 1152 1153 1218 -1
GCP,adapt_p23-556464309101234_a292-5_236_map.h5,26.724,10,136,1086,66.443535:292.500000,1712,True,37,12,1679,0.991884,24.8343,0,0.0127872,1710 1711 1641 1642 1678 1679 1643 1680 1713 1712 1738 -1
GCP,adapt_p70-52877936550931_a236-25_125_map.h5,25.8569,10,638,1563,19.471220:236.250000,1209,True,14,13,1207,0.999998,25.4031,0,0.0128429,1208 1208 1142 1141 1206 1207 1270 1271 1209 1144 1143 1077 -1
GCP,adapt_p80-40593177313954_a270-0_362_map.h5,27.8924,10,599,748,9.594069:270.000000,1084,True,8,8,1083,0.999999,13.8161,0,0.0123941,1149 1149 1082 1147 1148 1083 1084 -1
GCP,adapt_p70-52877936550931_a33-75_277_map.h5,25.6261,10,159,1488,19.471220:33.750000,1173,False,46,12,1235,0.96224,24.3102,0,0.0126441,1106 1172 1171 1234 1170 1233 1296 1297 1298 1235 1236 -1
GCP,adapt_p80-40593177313954_a0-0_164_map.h5,25.7446,10,219,1572,9.594069:0.000000,1034,True,33,12,1100,0.99464,23.4846,0,0.0132465,1032 1032 1098 1164 1099 1165 1100 1166 1034 1101 1035 -1
GCP,adapt_p70-52877936550931_a146-25_51_map.h5,26.8171,10,290,1128,19.471220:146.250000,1193,True,20,13,1193,0.999778,25.182,0,0.0127017,1255 1255 1192 1127 1128 1194 1193 1256 1318 1319 1257 1258 -1
GCP,adapt_p48-18968510422141_a78-75_444_map.h5,27.8791,10,656,762,41.810314:78.750000,1478,True,10,10,1478,0.999999,18.4105,0,0.0126804,1477 1477 1530 1529 1478 1479 1425 1424 1423 -1
GCP,adapt_p23-556464309101234_a292-5_377_map.h5,26.8333,10,381,1046,66.443535:292.500000,1712,True,20,13,1712,0.999982,25.2168,0,0.0125328,1739 1739 1738 1711 1678 1679 1643 1680 1712 1713 1681 1714 -1
GCP,adapt_p48-18968510422141_a123-74999999999999_430_map.h5,27.711,10,215,795,41.810314:123.750000,1484,True,40,13,1374,0.993628,27.1999,0,0.0127845,1316 1375 1315 1314 1372 1430 1373 1374 1431 1432 1485 1484 -1
GCP,adapt_p23-556464309101234_a112-5_593_map.h5,27.8441,10,407,722,66.443535:112.500000,1697,True,16,14,1726,0.999997,27.4581,0,0.0127061,1724 1724 1695 1696 1661 1662 1697 1726 1727 1751 1725 1750 1749 -1
GCP,adapt_p70-52877936550931_a78-75_85_map.h5,25.5847,10,212,1459,19.471220:78.750000,1181,False,54,12,1173,0.989924,24.8451,0,0.0130981,1236 1237 1172 1106 1107 1173 1174 1108 1175 1109 1110 -1
GCP,adapt_p70-52877936550931_a33-75_301_map.h5,25.6766,10,222,1490,19.471220:33.750000,1173,False,40,11,1353,0.990214,25.3701,0,0.0132368,1293 1294 1352 1409 1410 1353 1411 1172 1106 1107 -1
GCP,adapt_p70-52877936550931_a326-24999999999994_330_map.h5,25.7772,10,241,1504,19.471220:326.250000,1225,True,26,13,1287,0.999494,25.4394,0,0.0126543,1288 1288 1226 1225 1224 1223 1286 1285 1346 1347 1287 1348 -1
GCP,adapt_p60-00000000000001_a45-0_193_map.h5,27.8684,10,470,787,30.000000:45.000000,1301,True,12,12,1301,0.999998,23.1626,0,0.012347,1238 1238 1239 1303 1362 1361 1302 1301 1237 1300 1360 -1
GCP,adapt_p80-40593177313954_a337-49999999999994_243_map.h5,27.6799,10,132,749,9.594069:337.500000,1097,True,46,13,1098,0.990516,26.9542,0,0.0129321,1228 1229 1165 1100 1099 1031 1030 1098 1164 1163 1097 1029 -1
GCP,adapt_p80-40593177313954_a112-49999999999999_198_map.h5,27.8708,10,471,781,9.594069:112.500000,1055,True,12,12,1055,0.999998,23.5534,0,0.0129559,1122 1122 1121 1123 1057 989 1056 988 1055 987 1054 -1
GCP,adapt_p70-52877936550931_a146-25_403_map.h5,27.8754,10,538,781,19.471220:146.250000,1193,True,13,13,1127,0.999999,26.3602,0,0.0124517,1192 1192 1256 1255 1191 1193 1194 1128 1061 1127 1126 1060 -1
GCP,adapt_p60-00000000000001_a224-99999999999997_536_map.h5,26.7721,10,328,1112,30.000000:225.000000,1331,True,26,13,1391,0.99881,25.2091,0,0.0126676,1270 1270 1271 1333 1391 1392 1449 1448 1447 1390 1332 1331 -1
GCP,adapt_p60-00000000000001_a202-49999999999997_27_map.h5,26.8543,10,477,1148,30.000000:202.500000,1328,True,16,13,1386,0.999998,25.9035,0,0.0125021,1329 1329 1266 1267 1328 1387 1388 1444 1443 1386 1385 1327 -1
GCP,adapt_p80-40593177313954_a292-5_599_map.h5,24.3414,10,220,1456,9.594069:292.500000,1088,False,246,10,1324,0.852174,23.417,0,0.0181452,942 1326 1384 1383 1325 1263 1262 1324 1261 -1
GCP,adapt_p70-52877936550931_a303-75_284_map.h5,25.5941,10,176,1509,19.471220:303.750000,1221,True,55,12,1219,0.994985,24.1272,0,0.0126838,1222 1221 1156 1220 1155 1154 1219 1282 1281 1218 1153 -1
GCP,adapt_p23-556464309101234_a337-5_7_map.h5,25.1445,10,164,1535,66.443535:337.500000,1716,False,125,9,1643,0.639007,18.6921,0,0.0143144,1459 1603 1643 1679 1678 1642 1601 1641 -1
GCP,adapt_p80-40593177313954_a135-0_275_map.h5,27.6941,10,211,781,9.594069:135.000000,1059,True,40,13,1060,0.992548,27.1187,0,0.0126843,1058 991 992 1059 993 1060 1126 1127 1061 994 1062 1128 -1
GCP,adapt_p48-18968510422141_a213-75_325_map.h5,28.8379,10,287,377,41.810314:213.750000,1497,True,17,14,1498,0.999972,27.7627,0,0.012875,1445 1445 1446 1499 1549 1593 1592 1547 1548 1498 1497 1444 1496 -1
GCP,adapt_p48-18968510422141_a101-24999999999999_393_map.h5,26.8855,10,574,1127,41.810314:101.250000,1481,True,10,10,1481,0.999999,18.5173,0,0.0123,1482 1482 1429 1428 1533 1532 1480 1481 1427 -1
GCP,adapt_p60-00000000000001_a135-0_250_map.h5,26.223,10,118,1104,30.000000:135.000000,1316,False,107,11,995,0.894811,24.9762,0,0.013844,1264 930 997 996 1063 995 1062 994 1061 993 -1
GCP,adapt_p48-18968510422141_a11-25_278_map.h5,26.8118,10,258,1195,41.810314:11.250000,1468,True,24,13,1413,0.9996,25.7451,0,0.0129358,1355 1355 1354 1411 1466 1518 1412 1413 1467 1414 1468 1520 -1
GCP,adapt_p70-52877936550931_a191-25_306_map.h5,28.7703,10,201,402,19.471220:191.250000,1201,False,29,14,1262,0.998995,27.9379,0,0.0124877,1323 1323 1382 1383 1325 1326 1263 1200 1199 1262 1324 1261 1198 -1
GCP,adapt_p60-00000000000001_a270-0_232_map.h5,27.8623,10,400,716,30.000000:270.000000,1339,True,12,12,1339,0.999998,23.9206,0,0.0125044,1338 1338 1278 1277 1339 1340 1398 1397 1337 1395 1396 -1
GCP,adapt_p35-659087696138755_a14-999999999999998_322_map.h5,27.8787,10,436,784,54.340912:15.000000,1568,True,10,10,1613,0.999998,17.7697,0,0.0130608,1568 1568 1569 1570 1614 1653 1652 1613 1612 -1
GCP,adapt_p60-00000000000001_a90-0_162_map.h5,27.8635,10,567,763,30.000000:90.000000,1309,True,7,7,1309,0.999998,10.5846,0,0.0123162,1310 1310 1369 1368 1309 1308 -1
GCP,adapt_p80-40593177313954_a112-49999999999999_400_map.h5,27.872,10,648,782,9.594069:112.500000,1055,True,12,12,1055,0.999999,23.262,0,0.0128382,987 987 988 1056 1122 1121 1055 986 1053 1054 1120 -1
GCP,adapt_p60-00000000000001_a112-49999999999999_207_map.h5,27.8855,10,601,760,30.000000:112.500000,1313,True,10,10,1313,0.999999,18.4659,0,0.0122856,1314 1314 1250 1251 1313 1312 1371 1372 1373 -1
GCP,adapt_p35-659087696138755_a285-0_133_map.h5,25.7478,10,204,1442,54.340912:285.000000,1601,True,30,13,1642,0.998641,25.2416,0,0.0129941,1711 1711 1678 1641 1599 1600 1556 1601 1642 1679 1643 1602 -1
GCP,adapt_p60-00000000000001_a90-0_176_map.h5,28.7842,10,236,378,30.000000:90.000000,1309,True,29,14,1368,0.999291,28.3586,0,0.0125681,1247 1247 1248 1246 1308 1367 1424 1425 1426 1368 1309 1310 1369 -1
GCP,adapt_p48-18968510422141_a326-24999999999994_573_map.h5,22.8192,10,71,1834,41.810314:326.250000,1514,False,309,10,1405,0.699095,22.2268,0,0.021358,960 1157 1347 1405 1460 1461 1462 1406 1348 -1
GCP,adapt_p48-18968510422141_a348-74999999999994_132_map.h5,28.8954,10,588,353,41.810314:348.750000,1517,True,9,9,1517,0.999998,15.5161,0,0.0123627,1516 1516 1565 1566 1517 1518 1466 1465 -1
GCP,adapt_p70-52877936550931_a101-24999999999999_411_map.h5,24.2964,10,75,1088,19.471220:101.250000,1185,False,441,6,1355,0.692063,22.2802,0,0.0323094,1007 1414 1413 1355 1354 -1
GCP,adapt_p80-40593177313954_a292-5_182_map.h5,27.9077,10,410,746,9.594069:292.500000,1088,False,10,10,1155,0.999999,18.0572,0,0.0130471,1090 1090 1091 1157 1221 1156 1155 1220 1219 -1
GCP,adapt_p48-18968510422141_a56-24999999999999_235_map.h5,27.8296,10,407,775,41.810314:56.250000,1475,True,16,14,1475,0.999996,27.2607,0,0.0131481,1526 1526 1527 1528 1476 1422 1421 1475 1474 1420 1419 1473 1525 -1
GCP,adapt_p80-40593177313954_a112-49999999999999_434_map.h5,27.8536,10,333,766,9.594069:112.500000,1055,True,15,13,1056,0.999985,27.3051,0,0.0131865,989 1056 1055 987 988 989 1122 1123 1057 990 1058 1124 -1
GCP,adapt_p11-715852394892384_a315-0_540_map.h5,27.8632,10,323,776,78.284149:315.000000,1778,True,14,13,1778,0.999998,25.3354,0,0.0135929,1779 1779 1790 1789 1791 1778 1777 1776 1760 1761 1762 1763 -1
GCP,adapt_p60-00000000000001_a202-49999999999997_577_map.h5,28.888,10,520,363,30.000000:202.500000,1328,True,11,11,1328,0.999999,20.6849,0,0.0128046,1266 1266 1267 1329 1387 1386 1385 1327 1328 1265 -1
GCP,adapt_p60-00000000000001_a22-5_330_map.h5,28.8893,10,279,377,30.000000:22.500000,1298,True,11,11,1297,0.999998,20.4285,0,0.0125217,1296 1296 1233 1234 1297 1356 1357 1358 1298 1235 -1
GCP,adapt_p35-659087696138755_a75-0_195_map.h5,26.8423,10,386,1041,54.340912:75.000000,1576,True,15,13,1575,0.999991,25.7958,0,0.0125219,1618 1618 1574 1528 1529 1576 1530 1577 1620 1575 1619 1657 -1
GCP,adapt_p70-52877936550931_a326-24999999999994_110_map.h5,26.0177,10,77,1165,19.471220:326.250000,1225,False,153,11,1714,0.906983,25.3958,0,0.0149844,1288 1682 1715 1741 1740 1714 1713 1681 1712 1680 -1
GCP,adapt_p48-18968510422141_a258-75_580_map.h5,25.6342,10,273,1421,41.810314:258.750000,1504,True,46,13,1451,0.993327,25.3927,0,0.0125574,1396 1396 1395 1394 1450 1503 1451 1452 1504 1553 1554 1505 -1
GCP,adapt_p48-18968510422141_a258-75_517_map.h5,25.6732,10,106,1540,41.810314:258.750000,1504,False,42,13,1600,0.993509,25.1985,0,0.0126476,1553 1553 1554 1555 1556 1600 1599 1598 1640 1641 1642 1601 -1
GCP,adapt_p60-00000000000001_a90-0_291_map.h5,27.62,10,104,776,30.000000:90.000000,1309,True,49,13,1425,0.996126,26.8558,0,0.0127624,1480 1479 1424 1366 1307 1308 1367 1425 1426 1368 1309 1369 -1
GCP,adapt_p23-556464309101234_a67-5_327_map.h5,24.2682,10,124,1518,66.443535:67.500000,1693,False,260,10,1236,0.778277,23.0276,0,0.019453,1577 1359 1300 1237 1173 1172 1235 1236 1299 -1
GCP,adapt_p11-715852394892384_a135-0_531_map.h5,28.8644,10,381,364,78.284149:135.000000,1770,True,14,14,1752,0.999998,27.7533,0,0.0133995,1771 1771 1770 1751 1750 1726 1727 1728 1729 1753 1754 1772 1752 -1
GCP,adapt_p11-715852394892384_a45-0_529_map.h5,27.2345,10,166,708,78.284149:45.000000,1766,True,121,12,1781,0.928696,25.5197,0,0.0143781,1648 1780 1765 1746 1747 1767 1766 1782 1781 1791 1779 -1
GCP,adapt_p80-40593177313954_a202-49999999999997_588_map.h5,25.8228,10,499,1495,9.594069:202.500000,1072,True,20,12,1071,0.999171,23.6608,0,0.0129879,1136 1136 1069 1135 1002 1070 1003 1071 1004 1072 1005 -1
GCP,adapt_p80-40593177313954_a292-5_462_map.h5,26.8463,10,537,1143,9.594069:292.500000,1088,True,16,13,1155,0.999996,25.3377,0,0.0125387,1090 1090 1156 1155 1220 1219 1154 1089 1021 1088 1153 1087 -1
GCP,adapt_p35-659087696138755_a135-0_217_map.h5,28.8053,10,220,394,54.340912:135.000000,1583,True,24,14,1625,0.999945,28.0022,0,0.012503,1584 1584 1537 1583 1626 1627 1664 1663 1624 1581 1625 1582 1536 -1
GCP,adapt_p60-00000000000001_a270-0_87_map.h5,26.8373,10,404,1104,30.000000:270.000000,1339,True,15,13,1339,0.999994,25.0875,0,0.0125276,1398 1398 1399 1341 1340 1339 1397 1396 1338 1277 1278 1279 -1
GCP,adapt_p60-00000000000001_a0-0_79_map.h5,26.8764,10,532,1139,30.000000:0.000000,1294,True,12,12,1411,0.999999,23.8584,0,0.0124358,1294 1294 1355 1413 1412 1354 1295 1411 1353 1410 1466 -1
GCP,adapt_p80-40593177313954_a180-0_529_map.h5,27.8491,10,523,736,9.594069:180.000000,1067,True,17,13,1068,0.999987,25.7227,0,0.0126912,1069 1069 1135 1199 1134 1068 1000 1067 1133 1066 1132 1198 -1
GCP,adapt_p48-18968510422141_a146-25_549_map.h5,27.8501,10,337,708,41.810314:146.250000,1488,True,17,14,1434,0.999997,27.7659,0,0.0126641,1435 1435 1487 1434 1377 1376 1433 1486 1537 1538 1539 1488 1489 -1
GCP,adapt_p70-52877936550931_a33-75_11_map.h5,26.8542,10,422,1109,19.471220:33.750000,1173,True,16,13,1106,0.999998,25.427,0,0.0125888,1107 1107 1040 1039 1105 1171 1235 1172 1106 1173 1236 1237 -1
GCP,adapt_p70-52877936550931_a11-25_205_map.h5,27.6402,10,157,694,19.471220:11.250000,1169,True,48,13,1102,0.976391,26.8833,0,0.0126086,1231 1232 1233 1170 1103 1169 1168 1102 1036 1035 1101 1167 -1
GCP,adapt_p35-659087696138755_a195-0_57_map.h5,27.8389,10,281,757,54.340912:195.000000,1590,True,18,13,1633,0.999986,25.638,0,0.0128539,1632 1632 1670 1671 1634 1592 1546 1591 1633 1590 1545 1589 -1
GCP,adapt_p80-40593177313954_a270-0_498_map.h5,26.7887,10,436,1068,9.594069:270.000000,1084,True,25,13,1084,0.998973,25.9233,0,0.0130897,1149 1149 1215 1150 1083 1016 1084 1017 1085 1086 1151 1216 -1
GCP,adapt_p70-52877936550931_a326-24999999999994_585_map.h5,27.246,10,137,735,19.471220:326.250000,1225,True,111,13,1226,0.838838,27.2422,0,0.0135784,1166 1099 1098 1163 1227 1162 1161 1226 1289 1288 1225 1160 -1
GCP,adapt_p70-52877936550931_a348-74999999999994_62_map.h5,26.8805,10,575,1108,19.471220:348.750000,1229,True,10,10,1229,0.999999,19.51,0,0.0132287,1164 1163 1228 1291 1292 1230 1165 1229 1164 -1
GCP,adapt_p80-40593177313954_a247-49999999999997_139_map.h5,26.7971,10,334,1044,9.594069:247.500000,1080,True,21,13,1080,0.999238,25.4759,0,0.0127888,1081 1081 1082 1014 1013 1012 1080 1145 1079 1011 1078 1144 -1
GCP,adapt_p35-659087696138755_a14-999999999999998_178_map.h5,25.6353,10,174,1539,54.340912:15.000000,1568,True,43,13,1568,0.990547,25.21,0,0.0135216,1469 1469 1522 1521 1520 1567 1568 1612 1613 1569 1570 1523 -1
GCP,adapt_p80-40593177313954_a67-5_232_map.h5,27.8921,10,580,735,9.594069:67.500000,1047,True,9,9,1046,0.999998,15.5961,0,0.012706,1112 1112 1111 1045 1046 1047 1113 1114 -1
GCP,adapt_p60-00000000000001_a224-99999999999997_184_map.h5,24.6362,10,110,1057,30.000000:225.000000,1331,True,376,10,1331,0.59682,24.0107,0,0.0261849,1558 1446 1389 1331 1330 1269 1270 1332 1390 -1
GCP,adapt_p11-715852394892384_a225-0_242_map.h5,25.7159,10,186,1464,78.284149:225.000000,1774,True,43,13,1774,0.993481,24.7629,0,0.0128346,1795 1795 1786 1772 1773 1756 1757 1758 1775 1774 1787 1788 -1
GCP,adapt_p60-00000000000001_a90-0_394_map.h5,27.8923,10,455,704,30.000000:90.000000,1309,True,11,11,1309,0.999999,21.1242,0,0.012463,1368 1368 1308 1245 1367 1309 1246 1247 1310 1369 -1
GCP,adapt_p70-52877936550931_a303-75_125_map.h5,28.8363,10,269,370,19.471220:303.750000,1221,True,20,14,1220,0.999946,27.9522,0,0.0135248,1155 1155 1219 1281 1282 1343 1344 1283 1220 1156 1221 1284 1222 -1
GCP,adapt_p80-40593177313954_a135-0_518_map.h5,28.6859,10,45,398,9.594069:135.000000,1059,False,37,14,988,0.995058,27.6228,0,0.0129197,1057 1057 990 989 922 921 988 1056 1055 987 920 919 986 -1
GCP,adapt_p48-18968510422141_a348-74999999999994_562_map.h5,25.6779,10,196,1459,41.810314:348.750000,1517,True,44,13,1516,0.995488,25.3241,0,0.0129129,1566 1566 1565 1517 1466 1465 1516 1464 1463 1515 1564 1563 -1
GCP,adapt_p35-659087696138755_a255-00000000000003_193_map.h5,28.8815,10,508,365,54.340912:255.000000,1598,True,10,10,1639,0.999999,18.0768,0,0.0123059,1597 1597 1596 1638 1639 1598 1599 1640 1676 -1
GCP,adapt_p48-18968510422141_a348-74999999999994_93_map.h5,26.7078,10,84,1166,41.810314:348.750000,1517,True,40,13,1518,0.987434,25.3979,0,0.0129943,1516 1516 1565 1517 1466 1412 1413 1467 1518 1566 1519 1520 -1
GCP,adapt_p70-52877936550931_a11-25_455_map.h5,27.881,10,432,719,19.471220:11.250000,1169,True,12,12,1103,0.999998,23.4826,0,0.0128664,1170 1170 1169 1103 1104 1171 1105 1038 1037 1102 1036 -1
GCP,adapt_p48-18968510422141_a101-24999999999999_555_map.h5,27.8551,10,539,753,41.810314:101.250000,1481,True,14,13,1428,0.999998,25.2315,0,0.0126449,1482 1482 1533 1532 1481 1427 1369 1370 1371 1428 1429 1483 -1
GCP,adapt_p48-18968510422141_a281-24999999999994_368_map.h5,25.6107,10,129,1504,41.810314:281.250000,1507,True,55,12,1505,0.959136,24.4009,0,0.0130419,1599 1555 1505 1506 1507 1454 1453 1452 1504 1554 1553 -1
GCP,adapt_p60-00000000000001_a112-49999999999999_416_map.h5,27.8296,10,470,724,30.000000:112.500000,1313,True,16,13,1372,0.999997,25.1103,0,0.0131923,1373 1373 1430 1429 1428 1370 1311 1312 1371 1372 1313 1314 -1
GCP,adapt_p35-659087696138755_a344-99999999999994_543_map.h5,27.868,10,412,750,54.340912:345.000000,1609,True,11,11,1609,0.999998,21.2999,0,0.0127679,1608 1608 1565 1566 1610 1609 1648 1607 1649 1650 -1
GCP,adapt_p60-00000000000001_a67-5_38_map.h5,25.556,10,227,1538,30.000000:67.500000,1305,True,55,12,1243,0.991494,24.2707,0,0.0127455,1304 1305 1306 1307 1244 1181 1180 1243 1179 1242 1241 -1
GCP,adapt_p48-18968510422141_a326-24999999999994_263_map.h5,27.7794,10,302,753,41.810314:326.250000,1514,True,25,13,1462,0.999337,25.0794,0,0.0134334,1406 1406 1407 1463 1464 1515 1564 1563 1514 1462 1461 1513 -1
GCP,adapt_p60-00000000000001_a247-49999999999997_585_map.h5,26.8714,10,575,1073,30.000000:247.500000,1335,True,11,11,1335,0.999998,20.9344,0,0.0123574,1273 1273 1272 1334 1274 1275 1336 1394 1335 1393 -1
GCP,adapt_p23-556464309101234_a247-49999999999997_222_map.h5,27.8764,10,489,683,66.443535:247.500000,1708,True,13,13,1709,0.999998,25.77,0,0.012366,1676 1676 1677 1709 1736 1735 1708 1675 1639 1638 1707 1674 -1
GCP,adapt_p11-715852394892384_a45-0_585_map.h5,25.753,10,212,1565,78.284149:45.000000,1766,True,24,13,1766,0.999872,25.1201,0,0.0127841,1765 1765 1744 1745 1782 1783 1768 1767 1766 1746 1747 1748 -1
GCP,adapt_p60-00000000000001_a157-5_71_map.h5,28.8572,10,311,387,30.000000:157.500000,1320,True,13,13,1321,0.999999,25.1855,0,0.0125287,1258 1258 1259 1260 1322 1380 1321 1320 1379 1378 1319 1257 -1
GCP,adapt_p35-659087696138755_a45-0_394_map.h5,26.8752,10,404,1158,54.340912:45.000000,1572,True,12,12,1616,0.999998,22.9308,0,0.0125432,1615 1615 1570 1571 1572 1616 1654 1655 1656 1617 1573 -1
GCP,adapt_p70-52877936550931_a123-74999999999999_45_map.h5,25.507,10,230,1474,19.471220:123.750000,1189,False,69,12,1371,0.929454,24.2377,0,0.0128276,1188 1251 1313 1372 1429 1371 1312 1370 1428 1427 1369 -1
GCP,adapt_p60-00000000000001_a135-0_306_map.h5,27.8622,10,504,775,30.000000:135.000000,1316,True,14,13,1316,0.999998,25.1296,0,0.0125668,1376 1376 1377 1318 1317 1255 1254 1316 1375 1374 1315 1253 -1
GCP,adapt_p35-659087696138755_a315-0_584_map.h5,26.8814,10,553,1149,54.340912:315.000000,1605,True,11,11,1646,0.999999,20.6025,0,0.0123643,1605 1605 1604 1646 1647 1682 1681 1645 1644 1603 -1
GCP,adapt_p23-556464309101234_a112-5_308_map.h5,25.8469,10,293,1414,66.443535:112.500000,1697,True,16,13,1750,0.999996,25.0369,0,0.0128355,1769 1769 1749 1724 1695 1696 1725 1750 1770 1751 1726 1697 -1
GCP,adapt_p70-52877936550931_a191-25_72_map.h5,27.8613,10,432,746,19.471220:191.250000,1201,True,15,13,1265,0.999995,26.6125,0,0.0124638,1202 1202 1266 1203 1327 1326 1265 1136 1201 1264 1263 1200 -1
GCP,adapt_p48-18968510422141_a191-25_380_map.h5,27.8532,10,485,769,41.810314:191.250000,1494,True,15,13,1441,0.999998,25.8383,0,0.0125637,1544 1544 1495 1442 1545 1494 1441 1384 1383 1440 1493 1543 -1
GCP,adapt_p70-52877936550931_a146-25_347_map.h5,27.855,10,558,707,19.471220:146.250000,1193,True,15,14,1255,0.999997,27.549,0,0.0127682,1254 1254 1255 1192 1191 1190 1253 1316 1317 1318 1256 1193 1127 -1
GCP,adapt_p80-40593177313954_a224-99999999999997_380_map.h5,27.8088,10,482,723,9.594069:225.000000,1076,True,19,13,1076,0.999927,25.7523,0,0.0129857,1077 1077 1143 1078 1010 1009 1008 1076 1142 1075 1007 1074 -1
GCP,adapt_p70-52877936550931_a236-25_247_map.h5,25.8652,10,694,1474,19.471220:236.250000,1209,True,14,13,1209,0.999999,25.7752,0,0.0126161,1145 1145 1209 1272 1208 1143 1144 1210 1273 1274 1211 1146 -1
GCP,adapt_p80-40593177313954_a112-49999999999999_266_map.h5,26.7972,10,309,1122,9.594069:112.500000,1055,True,24,13,1054,0.999777,26.1266,0,0.0126191,1052 1052 986 985 1053 1118 1119 1120 1054 987 1055 1121 -1
GCP,adapt_p11-715852394892384_a315-0_113_map.h5,27.86,10,432,796,78.284149:315.000000,1778,True,15,13,1778,0.999998,26.0742,0,0.0127464,1763 1762 1761 1760 1777 1778 1763 1779 1780 1791 1790 1789 -1
GCP,adapt_p70-52877936550931_a146-25_481_map.h5,25.6927,10,183,1511,19.471220:146.250000,1193,True,38,13,1256,0.992763,25.2523,0,0.0130319,1254 1254 1191 1192 1127 1193 1256 1257 1319 1318 1255 1317 -1
GCP,adapt_p70-52877936550931_a258-75_454_map.h5,25.7848,10,344,1416,19.471220:258.750000,1213,True,24,13,1275,0.998968,25.0973,0,0.013038,1214 1214 1277 1338 1337 1276 1213 1212 1211 1274 1275 1336 -1
GCP,adapt_p60-00000000000001_a67-5_114_map.h5,28.8885,10,553,369,30.000000:67.500000,1305,True,10,10,1305,0.999999,18.1698,0,0.0123061,1243 1243 1307 1244 1306 1365 1364 1305 1242 -1
GCP,adapt_p60-00000000000001_a90-0_30_map.h5,27.6717,10,111,805,30.000000:90.000000,1309,True,46,13,1367,0.99391,26.6128,0,0.0131037,1311 1310 1369 1426 1368 1309 1308 1367 1307 1366 1424 1425 -1
GCP,adapt_p23-556464309101234_a292-5_234_map.h5,27.878,10,347,758,66.443535:292.500000,1712,True,12,12,1738,0.999999,22.922,0,0.0127441,1711 1711 1710 1737 1760 1761 1739 1738 1713 1712 1679 -1
GCP,adapt_p80-40593177313954_a22-5_510_map.h5,27.8871,10,469,695,9.594069:22.500000,1038,True,12,12,1039,0.999998,23.0265,0,0.0126544,1105 1105 1106 1040 972 1039 971 1038 970 1037 1104 -1
GCP,adapt_p80-40593177313954_a0-0_230_map.h5,27.8732,10,521,777,9.594069:0.000000,1034,True,12,12,1035,0.999998,23.9462,0,0.012534,1101 1101 1036 1035 1102 1167 1166 1100 1033 1034 967 -1
GCP,adapt_p70-52877936550931_a191-25_156_map.h5,27.8558,10,428,796,19.471220:191.250000,1201,True,15,13,1201,0.999997,26.4884,0,0.0130169,1200 1200 1136 1137 1203 1202 1265 1264 1201 1135 1263 1199 -1
GCP,adapt_p80-40593177313954_a270-0_278_map.h5,26.6811,10,220,1195,9.594069:270.000000,1084,False,41,13,1151,0.970718,25.8391,0,0.0127533,1086 1086 1085 1152 1153 1154 1218 1217 1216 1151 1150 1215 -1
GCP,adapt_p48-18968510422141_a56-24999999999999_438_map.h5,25.6289,10,175,1532,41.810314:56.250000,1475,False,52,12,1576,0.93899,24.3199,0,0.0128731,1574 1528 1575 1529 1477 1478 1530 1577 1576 1620 1621 -1
GCP,adapt_p35-659087696138755_a285-0_29_map.h5,27.8623,10,367,772,54.340912:285.000000,1601,True,14,13,1601,0.999999,25.6904,0,0.0124283,1602 1602 1557 1556 1600 1641 1678 1642 1601 1643 1679 1644 -1
GCP,adapt_p60-00000000000001_a90-0_548_map.h5,27.8559,10,364,817,30.000000:90.000000,1309,True,14,14,1309,0.999998,27.7892,0,0.0129166,1246 1246 1310 1369 1370 1311 1248 1247 1309 1368 1367 1308 1245 -1
GCP,adapt_p35-659087696138755_a165-0_337_map.h5,26.2978,10,64,1102,54.340912:165.000000,1587,False,107,12,1467,0.949222,24.8785,0,0.0140435,1295 1414 1468 1520 1519 1566 1517 1518 1467 1413 1412 -1
GCP,adapt_p48-18968510422141_a11-25_22_map.h5,28.2195,10,107,378,41.810314:11.250000,1468,True,125,13,1470,0.915187,27.4867,0,0.0143433,1614 1522 1521 1469 1468 1414 1357 1415 1470 1416 1358 1299 -1
GCP,adapt_p35-659087696138755_a14-999999999999998_477_map.h5,26.8166,10,338,1170,54.340912:15.000000,1568,True,17,13,1613,0.999993,25.6293,0,0.0131837,1612 1612 1567 1611 1568 1569 1613 1652 1653 1614 1570 1615 -1
GCP,adapt_p35-659087696138755_a255-00000000000003_386_map.h5,26.7751,10,301,1071,54.340912:255.000000,1598,True,25,13,1596,0.999772,25.5207,0,0.0126304,1553 1553 1502 1552 1597 1598 1639 1638 1596 1551 1595 1550 -1
GCP,adapt_p60-00000000000001_a315-0_526_map.h5,25.8554,10,366,1539,30.000000:315.000000,1346,True,15,13,1404,0.999998,25.7306,0,0.0124383,1405 1405 1348 1406 1347 1346 1345 1403 1459 1404 1460 1461 -1
GCP,adapt_p80-40593177313954_a22-5_204_map.h5,21.766,10,89,1024,9.594069:22.500000,1038,False,890,7,1278,0.331239,21.6827,0,0.0905525,1551 1278 1339 1340 1352 1410 -1
GCP,adapt_p23-556464309101234_a247-49999999999997_509_map.h5,26.7946,10,259,1132,66.443535:247.500000,1708,True,17,13,1708,0.999881,24.8765,0,0.0131989,1735 1735 1734 1706 1673 1674 1707 1708 1675 1676 1709 1736 -1
GCP,adapt_p80-40593177313954_a224-99999999999997_42_map.h5,27.8687,10,551,802,9.594069:225.000000,1076,True,13,13,1075,0.999999,27.0894,0,0.0130821,1077 1009 1008 1076 1077 1078 1143 1142 1141 1075 1140 1074 -1
GCP,adapt_p48-18968510422141_a348-74999999999994_411_map.h5,28.8331,10,222,352,41.810314:348.750000,1517,True,21,14,1465,0.999987,28.253,0,0.0127282,1410 1410 1465 1409 1466 1411 1412 1518 1517 1516 1515 1464 1408 -1
GCP,adapt_p23-556464309101234_a112-5_125_map.h5,25.7251,10,170,1488,66.443535:112.500000,1697,True,34,13,1664,0.990324,25.6166,0,0.0126635,1662 1662 1696 1726 1697 1698 1699 1665 1664 1626 1663 1625 -1
GCP,adapt_p48-18968510422141_a123-74999999999999_5_map.h5,25.5047,10,81,1087,41.810314:123.750000,1484,False,237,10,1532,0.638987,25.5005,0,0.0177846,1309 1480 1481 1532 1578 1531 1469 1468 1414 -1
GCP,adapt_p48-18968510422141_a213-75_70_map.h5,26.7831,10,350,1152,41.810314:213.750000,1497,True,26,13,1499,0.999245,25.2252,0,0.0126675,1447 1447 1446 1445 1444 1497 1547 1548 1498 1549 1499 1500 -1
GCP,adapt_p80-40593177313954_a0-0_532_map.h5,26.0642,10,170,1045,9.594069:0.000000,1034,True,139,12,1101,0.880395,24.8993,0,0.014576,1172 1234 1233 1170 1169 1168 1102 1035 1101 1034 1166 -1
GCP,adapt_p48-18968510422141_a213-75_544_map.h5,26.7602,10,274,1110,41.810314:213.750000,1497,True,30,13,1497,0.9959,25.2963,0,0.0125896,1593 1593 1549 1499 1446 1445 1498 1548 1547 1497 1444 1496 -1
GCP,adapt_p80-40593177313954_a135-0_509_map.h5,27.7028,10,222,749,9.594069:135.000000,1059,True,40,13,1126,0.997016,27.5076,0,0.0130196,993 1060 1059 1125 1124 1058 992 1126 1127 1061 1062 1128 -1
GCP,adapt_p70-52877936550931_a191-25_558_map.h5,27.8313,10,253,713,19.471220:191.250000,1201,True,22,13,1202,0.999972,27.242,0,0.0124986,1265 1202 1137 1138 1203 1136 1135 1200 1263 1201 1264 1265 -1
GCP,adapt_p23-556464309101234_a67-5_469_map.h5,27.8736,10,403,749,66.443535:67.500000,1693,True,13,13,1693,0.999999,25.0781,0,0.0122324,1657 1657 1658 1659 1695 1724 1723 1694 1693 1722 1692 1656 -1
GCP,adapt_p80-40593177313954_a180-0_471_map.h5,27.887,10,624,674,9.594069:180.000000,1067,True,10,10,1068,0.999999,17.8543,0,0.012811,1134 1134 1135 1069 1068 1067 1133 1132 1066 -1
GCP,adapt_p80-40593177313954_a247-49999999999997_422_map.h5,27.846,10,420,740,9.594069:247.500000,1080,True,15,12,1081,0.999893,25.8272,0,0.0128156,1014 1081 1083 1015 1014 1013 1082 1148 1147 1080 1012 -1
GCP,adapt_p48-18968510422141_a348-74999999999994_405_map.h5,25.8771,10,648,1562,41.810314:348.750000,1517,True,10,10,1465,0.999999,18.4784,0,0.0127318,1466 1466 1517 1465 1464 1516 1565 1518 1412 -1
GCP,adapt_p70-52877936550931_a146-25_459_map.h5,27.8784,10,601,715,19.471220:146.250000,1193,True,11,11,1127,0.999998,21.3299,0,0.0123793,1192 1192 1191 1126 1127 1193 1256 1255 1128 1194 -1
GCP,adapt_p48-18968510422141_a303-75_582_map.h5,26.8814,10,561,1077,41.810314:303.750000,1510,True,9,9,1510,0.999999,15.3353,0,0.0124027,1559 1559 1560 1511 1459 1458 1510 1509 -1
GCP,adapt_p48-18968510422141_a56-24999999999999_169_map.h5,27.8732,10,396,702,41.810314:56.250000,1475,True,13,13,1422,0.999999,27.072,0,0.0125343,1475 1421 1363 1364 1422 1420 1475 1527 1528 1476 1477 1423 -1
GCP,adapt_p35-659087696138755_a75-0_427_map.h5,27.8844,10,514,709,54.340912:75.000000,1576,True,8,8,1576,0.999999,13.1773,0,0.0124193,1619 1619 1575 1576 1577 1620 1658 -1
GCP,adapt_p11-715852394892384_a45-0_117_map.h5,27.8706,10,336,765,78.284149:45.000000,1766,True,16,14,1747,0.999998,27.3323,0,0.0131496,1748 1748 1722 1721 1720 1746 1745 1765 1782 1766 1747 1767 1768 -1
GCP,adapt_p70-52877936550931_a258-75_60_map.h5,28.8884,10,500,352,19.471220:258.750000,1213,True,13,13,1213,0.999999,25.1132,0,0.012396,1148 1148 1149 1214 1213 1212 1147 1146 1211 1274 1275 1276 -1
GCP,adapt_p11-715852394892384_a135-0_174_map.h5,26.7989,10,276,1140,78.284149:135.000000,1770,True,27,13,1770,0.999523,24.6524,0,0.0128506,1753 1753 1772 1771 1752 1751 1750 1769 1770 1784 1785 1786 -1
GCP,adapt_p48-18968510422141_a33-75_380_map.h5,26.8572,10,459,1075,41.810314:33.750000,1471,True,15,13,1418,0.999996,25.5999,0,0.0125961,1471 1471 1523 1524 1417 1359 1360 1418 1472 1525 1473 1419 -1
GCP,adapt_p48-18968510422141_a78-75_37_map.h5,27.8943,10,574,782,41.810314:78.750000,1478,True,9,9,1478,0.999999,15.573,0,0.0125244,1424 1424 1425 1478 1530 1529 1477 1423 -1
GCP,adapt_p80-40593177313954_a22-5_78_map.h5,27.8037,10,293,737,9.594069:22.500000,1038,True,25,13,1105,0.999787,25.392,0,0.013124,1171 1171 1172 1106 1105 1039 1038 1104 1103 1037 969 1036 -1
GCP,adapt_p70-52877936550931_a33-75_286_map.h5,27.842,10,311,794,19.471220:33.750000,1173,True,14,13,1174,0.999999,25.7104,0,0.0127925,1108 1108 1173 1236 1172 1106 1107 1174 1237 1238 1175 1109 -1
GCP,adapt_p35-659087696138755_a195-0_551_map.h5,27.8673,10,543,729,54.340912:195.000000,1590,True,12,12,1633,0.999999,23.0815,0,0.0124803,1590 1590 1546 1545 1591 1592 1634 1671 1670 1633 1632 -1
GCP,adapt_p35-659087696138755_a344-99999999999994_247_map.h5,28.884,10,457,362,54.340912:345.000000,1609,True,10,10,1649,0.999999,18.0164,0,0.012792,1609 1609 1610 1650 1686 1685 1649 1608 1648 -1
GCP,adapt_p11-715852394892384_a315-0_390_map.h5,27.8434,10,309,705,78.284149:315.000000,1778,True,21,14,1778,0.999984,27.1593,0,0.0134024,1791 1791 1780 1764 1763 1779 1790 1789 1776 1777 1778 1762 1761 -1
GCP,adapt_p70-52877936550931_a303-75_456_map.h5,25.8726,10,777,1505,19.471220:303.750000,1221,True,10,10,1221,0.999998,18.081,0,0.0131785,1157 1157 1158 1222 1284 1221 1156 1155 1220 -1
GCP,adapt_p80-40593177313954_a0-0_130_map.h5,25.2733,10,176,1474,9.594069:0.000000,1034,False,102,12,1166,0.871522,24.4349,0,0.0135039,1032 1099 1098 1164 1229 1230 1165 1100 1166 1167 1101 -1
GCP,adapt_p35-659087696138755_a224-99999999999997_267_map.h5,27.1576,10,149,699,54.340912:225.000000,1594,False,125,13,1706,0.923908,27.0765,0,0.0142484,1773 1733 1734 1706 1705 1672 1673 1636 1637 1674 1707 1708 -1
GCP,adapt_p70-52877936550931_a78-75_66_map.h5,27.884,10,707,760,19.471220:78.750000,1181,True,9,9,1181,0.999999,15.7905,0,0.0127624,1180 1180 1244 1181 1114 1115 1116 1182 -1
GCP,adapt_p80-40593177313954_a90-0_520_map.h5,26.7369,10,337,1146,9.594069:90.000000,1051,True,33,13,1050,0.989299,25.8548,0,0.0129189,1119 1119 1184 1118 1051 1050 1117 1183 1116 1115 1049 1048 -1
GCP,adapt_p35-659087696138755_a75-0_371_map.h5,28.874,10,333,378,54.340912:75.000000,1576,True,14,14,1576,0.999999,27.5759,0,0.0126975,1620 1620 1659 1658 1619 1657 1618 1574 1575 1576 1577 1530 1529 -1
GCP,adapt_p60-00000000000001_a45-0_163_map.h5,26.8372,10,290,1082,30.000000:45.000000,1301,True,18,13,1360,0.999993,25.4103,0,0.0125996,1419 1419 1418 1417 1359 1300 1301 1360 1361 1420 1362 1302 -1
GCP,adapt_p70-52877936550931_a146-25_338_map.h5,26.8764,10,596,1154,19.471220:146.250000,1193,True,11,11,1128,0.999999,20.9336,0,0.0123213,1194 1194 1195 1129 1193 1192 1126 1127 1128 1062 -1
GCP,adapt_p48-18968510422141_a11-25_222_map.h5,26.8613,10,529,1121,41.810314:11.250000,1468,True,14,12,1468,0.999998,24.2389,0,0.0125231,1467 1467 1518 1414 1355 1413 1412 1468 1520 1521 1469 -1
GCP,adapt_p23-556464309101234_a157-5_559_map.h5,28.8241,10,226,376,66.443535:157.500000,1701,True,22,14,1701,0.999787,27.9109,0,0.0126377,1666 1666 1665 1700 1729 1728 1701 1667 1702 1703 1731 1730 1754 -1
GCP,adapt_p35-659087696138755_a14-999999999999998_39_map.h5,25.8221,10,305,1470,54.340912:15.000000,1568,True,17,13,1614,0.999889,25.4519,0,0.013644,1653 1653 1615 1654 1614 1570 1523 1522 1569 1568 1613 1652 -1
GCP,adapt_p60-00000000000001_a247-49999999999997_314_map.h5,27.8153,10,383,774,30.000000:247.500000,1335,True,14,13,1336,0.999999,25.5452,0,0.0124871,1337 1337 1338 1276 1275 1336 1395 1394 1393 1335 1274 1273 -1
GCP,adapt_p48-18968510422141_a146-25_478_map.h5,25.7542,10,286,1484,41.810314:146.250000,1488,True,30,12,1538,0.991472,23.1604,0,0.0125674,1435 1435 1489 1488 1539 1584 1538 1487 1434 1486 1537 -1
GCP,adapt_p70-52877936550931_a258-75_295_map.h5,27.8913,10,671,680,19.471220:258.750000,1213,True,10,10,1213,0.999999,18.139,0,0.012488,1275 1275 1274 1212 1213 1214 1277 1276 1337 -1
GCP,adapt_p48-18968510422141_a348-74999999999994_372_map.h5,27.8452,10,446,719,41.810314:348.750000,1517,True,14,13,1517,0.999997,25.3656,0,0.0125489,1465 1465 1464 1515 1564 1565 1516 1517 1466 1412 1518 1566 -1
GCP,adapt_p70-52877936550931_a281-24999999999994_22_map.h5,25.3325,10,161,1535,19.471220:281.250000,1217,False,94,12,1401,0.867526,24.4625,0,0.0132158,1285 1345 1402 1344 1283 1282 1343 1281 1342 1400 1401 -1
GCP,adapt_p60-00000000000001_a67-5_35_map.h5,26.8741,10,504,1122,30.000000:67.500000,1305,True,11,11,1364,0.999999,20.3172,0,0.0127342,1365 1365 1306 1305 1364 1304 1363 1421 1422 1423 -1
GCP,adapt_p48-18968510422141_a303-75_178_map.h5,27.7352,10,239,732,41.810314:303.750000,1510,True,34,13,1458,0.99469,27.102,0,0.0125809,1509 1510 1458 1457 1401 1402 1459 1511 1512 1560 1559 1509 -1
GCP,adapt_p48-18968510422141_a303-75_379_map.h5,25.5898,10,239,1484,41.810314:303.750000,1510,True,53,12,1461,0.941741,24.3524,0,0.0130305,1508 1509 1510 1459 1511 1512 1460 1404 1405 1461 1406 -1
GCP,adapt_p80-40593177313954_a90-0_197_map.h5,27.8662,10,321,743,9.594069:90.000000,1051,True,14,13,1052,0.999999,26.014,0,0.012628,1117 1117 1050 1116 983 984 1051 1118 1052 985 1053 1119 -1
GCP,adapt_p80-40593177313954_a67-5_15_map.h5,26.8392,10,492,1099,9.594069:67.500000,1047,True,18,13,1048,0.999981,26.1661,0,0.0125619,980 980 1046 1112 1113 1047 979 1048 1114 1115 1049 981 -1
GCP,adapt_p60-00000000000001_a224-99999999999997_522_map.h5,26.7413,10,345,1064,30.000000:225.000000,1331,False,31,13,1333,0.99743,25.3351,0,0.0125247,1393 1393 1335 1273 1272 1334 1392 1333 1271 1332 1390 1391 -1
GCP,adapt_p48-18968510422141_a101-24999999999999_419_map.h5,25.4801,10,86,750,41.810314:101.250000,1481,False,367,8,1504,0.783186,25.1517,0,0.0264484,904 1453 1505 1452 1504 1503 1451 -1
GCP,adapt_p70-52877936550931_a348-74999999999994_56_map.h5,26.8723,10,450,1095,19.471220:348.750000,1229,True,14,13,1291,0.999998,26.661,0,0.0124483,1292 1292 1165 1230 1164 1163 1228 1229 1291 1352 1290 1227 -1
GCP,adapt_p80-40593177313954_a292-5_431_map.h5,26.8371,10,349,1114,9.594069:292.500000,1088,True,18,12,1088,0.999762,23.346,0,0.0127606,1020 1020 1021 1089 1155 1154 1088 1019 1086 1087 1153 -1
GCP,adapt_p60-00000000000001_a224-99999999999997_401_map.h5,28.8674,10,425,366,30.000000:225.000000,1331,True,14,14,1269,0.999999,28.0756,0,0.0133941,1332 1332 1271 1333 1390 1389 1331 1330 1268 1206 1269 1270 1207 -1
GCP,adapt_p70-52877936550931_a303-75_130_map.h5,26.8669,10,557,1115,19.471220:303.750000,1221,True,13,13,1221,0.999999,25.125,0,0.012891,1283 1283 1284 1222 1157 1156 1221 1220 1155 1154 1219 1282 -1
GCP,adapt_p60-00000000000001_a337-49999999999994_105_map.h5,27.561,10,123,749,30.000000:337.500000,1350,False,60,13,1096,0.987277,26.9595,0,0.0127887,1160 1161 1095 1094 1093 1026 1027 1028 1096 1029 1097 1030 -1
GCP,adapt_p70-52877936550931_a56-24999999999999_80_map.h5,26.7914,10,413,1127,19.471220:56.250000,1177,True,22,13,1177,0.999177,26.058,0,0.0124125,1109 1109 1110 1111 1178 1177 1240 1239 1176 1108 1174 1175 -1
GCP,adapt_p35-659087696138755_a135-0_367_map.h5,27.8196,10,437,792,54.340912:135.000000,1583,True,15,13,1626,0.999997,25.9694,0,0.0132112,1584 1584 1537 1583 1628 1585 1627 1665 1664 1626 1625 1582 -1
GCP,adapt_p70-52877936550931_a101-24999999999999_388_map.h5,27.8664,10,443,695,19.471220:101.250000,1185,True,12,12,1185,0.999999,22.6845,0,0.0123782,1248 1248 1247 1184 1118 1119 1185 1249 1186 1120 1121 -1
GCP,adapt_p35-659087696138755_a255-00000000000003_344_map.h5,25.8743,10,716,1552,54.340912:255.000000,1598,True,9,9,1598,0.999999,15.4957,0,0.012481,1640 1640 1639 1597 1598 1599 1554 1553 -1
GCP,adapt_p60-00000000000001_a135-0_502_map.h5,26.8702,10,531,1063,30.000000:135.000000,1316,True,12,12,1316,0.999999,23.4392,0,0.0125971,1317 1317 1254 1255 1376 1375 1316 1374 1315 1253 1252 -1
GCP,adapt_p60-00000000000001_a0-0_503_map.h5,26.8711,10,483,1066,30.000000:0.000000,1294,True,13,13,1411,0.999998,26.3382,0,0.012668,1294 1294 1410 1466 1412 1354 1411 1352 1292 1353 1293 1231 -1
GCP,adapt_p70-52877936550931_a123-74999999999999_158_map.h5,27.8834,10,486,768,19.471220:123.750000,1189,True,11,11,1189,0.999999,21.2751,0,0.0123633,1190 1190 1254 1253 1252 1189 1124 1123 1251 1188 -1
GCP,adapt_p48-18968510422141_a213-75_595_map.h5,25.8734,10,412,1496,41.810314:213.750000,1497,True,12,12,1498,0.999999,23.1834,0,0.0124129,1446 1446 1447 1445 1444 1497 1547 1548 1498 1499 1549 -1
GCP,adapt_p48-18968510422141_a326-24999999999994_278_map.h5,27.8292,10,358,742,41.810314:326.250000,1514,True,20,13,1562,0.999848,27.2122,0,0.0126103,1606 1607 1564 1515 1462 1514 1563 1606 1562 1561 1513 1461 -1
GCP,adapt_p60-00000000000001_a202-49999999999997_351_map.h5,27.8563,10,446,732,30.000000:202.500000,1328,True,16,13,1328,0.999996,25.0738,0,0.012429,1387 1387 1329 1328 1266 1265 1327 1326 1385 1442 1443 1386 -1
GCP,adapt_p48-18968510422141_a146-25_327_map.h5,26.8522,10,361,1051,41.810314:146.250000,1488,True,17,13,1435,0.99997,25.5391,0,0.0125538,1436 1436 1435 1378 1489 1540 1539 1488 1487 1434 1377 1376 -1
GCP,adapt_p48-18968510422141_a101-24999999999999_334_map.h5,27.8894,10,573,708,41.810314:101.250000,1481,True,9,9,1481,0.999998,15.5445,0,0.012376,1428 1428 1482 1533 1532 1481 1427 1480 -1
GCP,adapt_p48-18968510422141_a78-75_397_map.h5,26.8332,10,355,1153,41.810314:78.750000,1478,True,19,13,1425,0.999943,26.1072,0,0.0125851,1478 1478 1477 1424 1367 1368 1426 1427 1425 1479 1480 1531 -1
GCP,adapt_p48-18968510422141_a236-25_91_map.h5,26.8765,10,458,1087,41.810314:236.250000,1501,True,13,13,1449,0.999999,25.6477,0,0.0122697,1502 1502 1450 1393 1392 1391 1448 1501 1551 1550 1500 1449 -1
GCP,adapt_p60-00000000000001_a135-0_16_map.h5,27.8853,10,518,792,30.000000:135.000000,1316,True,10,10,1317,0.999998,17.982,0,0.0125243,1254 1254 1255 1318 1377 1376 1317 1316 1375 -1
GCP,adapt_p70-52877936550931_a146-25_211_map.h5,25.2976,10,154,1537,19.471220:146.250000,1193,False,91,12,1063,0.920989,23.9933,0,0.0131998,997 1064 1063 1129 1195 1258 1257 1194 1128 1062 1061 -1
GCP,adapt_p23-556464309101234_a292-5_553_map.h5,28.8716,10,279,366,66.443535:292.500000,1712,True,13,13,1712,0.999999,25.0261,0,0.0131956,1681 1681 1682 1714 1740 1713 1739 1738 1711 1712 1680 1679 -1
GCP,adapt_p80-40593177313954_a292-5_113_map.h5,27.8854,10,564,725,9.594069:292.500000,1088,True,12,12,1089,0.999999,23.0058,0,0.0124126,1155 1155 1156 1090 1089 1154 1153 1087 1020 1088 1021 -1
GCP,adapt_p23-556464309101234_a292-5_275_map.h5,27.8795,10,345,774,66.443535:292.500000,1712,True,11,11,1712,0.999999,20.417,0,0.0132531,1713 1713 1740 1739 1738 1711 1679 1712 1680 1681 -1
GCP,adapt_p23-556464309101234_a112-5_314_map.h5,25.8092,10,195,1561,66.443535:112.500000,1697,True,22,13,1725,0.999832,24.8333,0,0.0125764,1695 1695 1696 1697 1726 1751 1750 1725 1724 1749 1723 1694 -1
GCP,adapt_p23-556464309101234_a112-5_545_map.h5,27.8773,10,372,732,66.443535:112.500000,1697,True,14,14,1662,0.999999,27.4532,0,0.0125222,1698 1698 1664 1625 1663 1662 1624 1623 1661 1696 1725 1726 1697 -1
GCP,adapt_p48-18968510422141_a123-74999999999999_129_map.h5,25.5059,10,188,1462,41.810314:123.750000,1484,True,68,12,1483,0.938463,24.4995,0,0.0128821,1581 1535 1485 1432 1431 1484 1430 1429 1482 1483 1534 -1
GCP,adapt_p35-659087696138755_a224-99999999999997_6_map.h5,26.8684,10,558,1129,54.340912:225.000000,1594,True,12,12,1595,0.999999,23.4065,0,0.0124346,1636 1636 1593 1637 1638 1596 1551 1550 1595 1594 1549 -1
GCP,adapt_p70-52877936550931_a146-25_397_map.h5,26.8479,10,489,1067,19.471220:146.250000,1193,True,17,13,1194,0.999998,25.5801,0,0.0128277,1195 1195 1130 1129 1128 1194 1258 1257 1256 1193 1127 1192 -1
GCP,adapt_p80-40593177313954_a180-0_336_map.h5,24.8815,10,175,1511,9.594069:180.000000,1067,True,159,9,1131,0.88193,23.9652,0,0.0150569,1736 1067 1133 1132 1066 1065 1131 1130 -1
GCP,adapt_p60-00000000000001_a180-0_543_map.h5,27.6633,10,170,711,30.000000:180.000000,1324,True,45,13,1383,0.983613,27.1497,0,0.0125283,1326 1325 1324 1382 1439 1384 1383 1440 1493 1494 1441 1442 -1
GCP,adapt_p48-18968510422141_a191-25_359_map.h5,27.8643,10,539,780,41.810314:191.250000,1494,True,13,13,1494,0.999998,25.7376,0,0.0125259,1442 1442 1441 1440 1493 1494 1443 1496 1495 1545 1544 1543 -1
GCP,adapt_p80-40593177313954_a157-5_524_map.h5,24.3872,10,170,1524,9.594069:157.500000,1063,False,222,11,1263,0.868182,23.1328,0,0.0183759,1138 1265 1201 1263 1262 1324 1383 1325 1264 1326 -1
GCP,adapt_p23-556464309101234_a67-5_357_map.h5,27.7651,10,227,764,66.443535:67.500000,1693,True,33,13,1692,0.994492,26.7909,0,0.0126798,1655 1656 1692 1691 1720 1721 1722 1693 1657 1618 1617 1655 -1
GCP,adapt_p60-00000000000001_a90-0_378_map.h5,27.713,10,196,784,30.000000:90.000000,1309,True,35,14,1368,0.999158,27.4519,0,0.0127782,1425 1425 1367 1308 1246 1309 1368 1426 1369 1310 1247 1248 1311 -1
GCP,adapt_p60-00000000000001_a45-0_410_map.h5,28.8965,10,510,376,30.000000:45.000000,1301,True,11,11,1301,0.999999,20.0751,0,0.0122772,1361 1361 1302 1239 1238 1301 1360 1359 1300 1237 -1
GCP,adapt_p70-52877936550931_a281-24999999999994_390_map.h5,26.6734,10,140,1119,19.471220:281.250000,1217,False,43,13,1082,0.989022,26.6165,0,0.0133893,1212 1213 1214 1149 1083 1015 1014 1082 1148 1147 1081 1013 -1
GCP,adapt_p48-18968510422141_a326-24999999999994_135_map.h5,26.8634,10,415,1092,41.810314:326.250000,1514,True,13,13,1462,0.999999,25.8406,0,0.0124096,1513 1513 1563 1562 1514 1564 1515 1463 1407 1406 1462 1461 -1
GCP,adapt_p35-659087696138755_a105-0_99_map.h5,26.4266,10,154,1061,54.340912:105.000000,1579,False,85,12,1535,0.927801,24.3349,0,0.0132043,1538 1486 1485 1536 1582 1535 1484 1483 1534 1580 1581 -1
GCP,adapt_p35-659087696138755_a14-999999999999998_238_map.h5,26.846,10,415,1085,54.340912:15.000000,1568,True,16,13,1569,0.999996,25.9285,0,0.0128094,1613 1613 1570 1523 1614 1569 1522 1470 1469 1521 1568 1612 -1
GCP,adapt_p80-40593177313954_a247-49999999999997_579_map.h5,25.6849,10,130,1513,9.594069:247.500000,1080,False,42,12,1152,0.974793,24.8717,0,0.0128491,1278 1215 1150 1086 1153 1218 1217 1152 1151 1216 1279 -1
GCP,adapt_p80-40593177313954_a202-49999999999997_264_map.h5,26.826,10,506,1072,9.594069:202.500000,1072,True,21,13,1071,0.999972,25.7318,0,0.0127809,1069 1069 1134 1068 1135 1070 1136 1137 1071 1004 1072 1138 -1
GCP,adapt_p48-18968510422141_a236-25_62_map.h5,26.7904,10,259,1140,41.810314:236.250000,1501,True,29,13,1500,0.999587,25.4247,0,0.0133618,1549 1549 1550 1501 1449 1448 1391 1390 1447 1500 1499 1446 -1
GCP,adapt_p60-00000000000001_a67-5_301_map.h5,27.8044,10,358,760,30.000000:67.500000,1305,True,22,13,1305,0.999416,26.8814,0,0.0123979,1365 1306 1243 1242 1305 1365 1422 1364 1363 1304 1241 1303 -1
GCP,adapt_p80-40593177313954_a247-49999999999997_48_map.h5,27.873,10,368,747,9.594069:247.500000,1080,True,14,13,1147,0.999999,25.894,0,0.0127611,1080 1080 1145 1079 1013 1081 1082 1148 1147 1212 1146 1211 -1
GCP,adapt_p48-18968510422141_a326-24999999999994_367_map.h5,27.8772,10,396,775,41.810314:326.250000,1514,True,11,11,1513,0.999998,21.076,0,0.0126221,1562 1562 1512 1460 1561 1513 1461 1462 1514 1563 -1
GCP,adapt_p70-52877936550931_a236-25_289_map.h5,28.8154,10,368,394,19.471220:236.250000,1209,True,19,14,1209,0.999856,28.3934,0,0.0124496,1142 1142 1077 1076 1143 1144 1210 1273 1272 1209 1271 1208 1207 -1
GCP,adapt_p70-52877936550931_a213-75_66_map.h5,27.8502,10,467,746,19.471220:213.750000,1205,True,15,13,1269,0.999997,26.3546,0,0.0125986,1205 1205 1141 1206 1269 1270 1207 1140 1204 1267 1268 1330 -1
GCP,adapt_p60-00000000000001_a0-0_140_map.h5,26.855,10,462,994,30.000000:0.000000,1294,True,13,13,1294,0.999998,26.4024,0,0.01288,1293 1293 1411 1292 1353 1294 1231 1232 1295 1354 1355 1296 -1
GCP,adapt_p11-715852394892384_a225-0_200_map.h5,26.8235,10,536,1116,78.284149:225.000000,1774,True,11,11,1774,0.999999,20.364,0,0.0123231,1775 1775 1758 1788 1787 1774 1773 1755 1756 1757 -1
GCP,adapt_p48-18968510422141_a213-75_246_map.h5,25.8102,10,488,1442,41.810314:213.750000,1497,True,18,12,1498,0.999952,23.3694,0,0.0125746,1499 1499 1549 1498 1445 1446 1548 1547 1497 1444 1443 -1
GCP,adapt_p70-52877936550931_a101-24999999999999_389_map.h5,27.8746,10,471,716,19.471220:101.250000,1185,True,12,12,1185,0.999999,23.0115,0,0.0131926,1119 1119 1118 1183 1247 1184 1185 1248 1249 1186 1120 -1
GCP,adapt_p23-556464309101234_a112-5_467_map.h5,28.884,10,463,339,66.443535:112.500000,1697,True,12,12,1697,0.999999,22.5843,0,0.0127706,1662 1662 1661 1696 1725 1697 1726 1727 1698 1663 1664 -1
GCP,adapt_p48-18968510422141_a191-25_580_map.h5,28.8455,10,315,380,41.810314:191.250000,1494,True,17,14,1494,0.999994,28.808,0,0.0133599,1441 1441 1440 1493 1442 1496 1546 1590 1545 1495 1494 1544 1543 -1
GCP,adapt_p80-40593177313954_a337-49999999999994_560_map.h5,27.8611,10,680,734,9.594069:337.500000,1097,True,13,13,1096,0.999998,26.385,0,0.0127334,1162 1162 1098 1030 1097 1163 1096 1029 1028 1027 1095 1161 -1
GCP,adapt_p48-18968510422141_a191-25_25_map.h5,25.7431,10,122,1584,41.810314:191.250000,1494,False,32,12,1385,0.998297,22.9599,0,0.0127025,1383 1383 1325 1326 1384 1441 1385 1327 1386 1443 1442 -1
GCP,adapt_p60-00000000000001_a180-0_223_map.h5,27.8758,10,483,793,30.000000:180.000000,1324,True,11,11,1324,0.999998,20.4594,0,0.0129899,1382 1382 1381 1323 1324 1325 1326 1384 1383 1440 -1
GCP,adapt_p48-18968510422141_a258-75_30_map.h5,28.7382,10,322,390,41.810314:258.750000,1504,False,32,14,1449,0.99629,28.0376,0,0.0125892,1550 1550 1500 1551 1552 1503 1451 1394 1450 1502 1501 1448 1449 -1
GCP,adapt_p70-52877936550931_a191-25_455_map.h5,27.8703,10,485,738,19.471220:191.250000,1201,True,12,12,1201,0.999999,23.669,0,0.0124531,1135 1135 1202 1265 1137 1136 1201 1264 1263 1200 1134 -1
GCP,adapt_p35-659087696138755_a344-99999999999994_71_map.h5,26.84,10,304,1122,54.340912:345.000000,1609,True,19,13,1650,0.999989,25.5293,0,0.0128062,1610 1610 1650 1686 1651 1611 1609 1608 1649 1685 1684 1648 -1
GCP,adapt_p23-556464309101234_a202-5_185_map.h5,26.8677,10,490,1116,66.443535:202.500000,1704,True,15,13,1732,0.999997,25.5265,0,0.0130742,1733 1733 1756 1755 1731 1703 1670 1704 1732 1705 1671 1706 -1
GCP,adapt_p48-18968510422141_a101-24999999999999_145_map.h5,27.8474,10,425,806,41.810314:101.250000,1481,True,15,13,1428,0.99999,26.1596,0,0.0123993,1427 1427 1370 1428 1481 1426 1480 1533 1482 1483 1429 1371 -1
GCP,adapt_p60-00000000000001_a22-5_424_map.h5,28.8802,10,343,394,30.000000:22.500000,1298,True,12,12,1297,0.999999,22.9429,0,0.0126197,1234 1234 1235 1298 1358 1357 1297 1356 1355 1296 1233 -1
GCP,adapt_p70-52877936550931_a258-75_502_map.h5,25.7663,10,211,1494,19.471220:258.750000,1213,True,28,12,1213,0.998143,22.7564,0,0.0125443,1148 1148 1147 1212 1275 1274 1336 1337 1276 1213 1214 -1
GCP,adapt_p70-52877936550931_a78-75_356_map.h5,28.8663,10,449,424,19.471220:78.750000,1181,True,10,10,1114,0.999998,18.5863,0,0.0124441,1181 1181 1114 1180 1179 1113 1048 1115 1116 -1
GCP,adapt_p70-52877936550931_a11-25_10_map.h5,25.7532,10,91,1549,19.471220:11.250000,1169,False,31,13,1300,0.997589,25.2351,0,0.012586,1361 1361 1301 1238 1237 1300 1360 1418 1417 1359 1358 1299 -1
GCP,adapt_p35-659087696138755_a224-99999999999997_312_map.h5,25.8603,10,688,1534,54.340912:225.000000,1594,True,12,12,1594,0.999999,22.8746,0,0.0125165,1637 1637 1596 1638 1674 1673 1636 1635 1593 1594 1595 -1
GCP,adapt_p11-715852394892384_a225-0_326_map.h5,27.8614,10,432,774,78.284149:225.000000,1774,True,14,14,1775,0.999998,27.4006,0,0.0123783,1758 1758 1774 1773 1755 1756 1757 1775 1759 1776 1789 1788 1787 -1
GCP,adapt_p48-18968510422141_a281-24999999999994_246_map.h5,25.8401,10,330,1462,41.810314:281.250000,1507,True,18,12,1507,0.999922,22.6667,0,0.0136951,1557 1557 1508 1507 1455 1454 1506 1556 1555 1505 1453 -1
GCP,adapt_p80-40593177313954_a157-5_550_map.h5,27.8654,10,409,738,9.594069:157.500000,1063,True,15,13,1063,0.999998,25.568,0,0.0123665,1062 1062 995 996 997 1065 1064 1130 1195 1129 1063 1128 -1
GCP,adapt_p80-40593177313954_a270-0_315_map.h5,26.7761,10,304,1112,9.594069:270.000000,1084,True,29,13,1149,0.997267,26.0369,0,0.0127453,1150 1150 1214 1215 1149 1084 1083 1015 1082 1148 1213 1147 -1
GCP,adapt_p80-40593177313954_a247-49999999999997_381_map.h5,27.8805,10,533,706,9.594069:247.500000,1080,True,12,12,1080,0.999999,23.6137,0,0.0132695,1145 1145 1078 1144 1079 1146 1147 1081 1013 1080 1012 -1
GCP,adapt_p23-556464309101234_a247-49999999999997_590_map.h5,25.881,10,742,1525,66.443535:247.500000,1708,True,9,9,1708,0.999999,15.2307,0,0.0127428,1736 1736 1735 1708 1675 1676 1709 1710 -1
GCP,adapt_p48-18968510422141_a326-24999999999994_11_map.h5,27.898,10,595,737,41.810314:326.250000,1514,True,9,9,1513,0.999999,15.9687,0,0.0128118,1461 1461 1460 1512 1462 1514 1513 1562 -1
GCP,adapt_p23-556464309101234_a112-5_527_map.h5,25.6561,10,117,1595,66.443535:112.500000,1697,True,45,12,1698,0.995365,23.821,0,0.0126647,1696 1697 1662 1663 1698 1699 1728 1727 1726 1751 1752 -1
GCP,adapt_p60-00000000000001_a337-49999999999994_52_map.h5,25.7759,10,299,1614,30.000000:337.500000,1350,True,26,13,1225,0.998803,25.1133,0,0.0128964,1224 1224 1225 1160 1161 1226 1289 1350 1349 1288 1287 1348 -1
GCP,adapt_p70-52877936550931_a191-25_466_map.h5,26.8685,10,527,1145,19.471220:191.250000,1201,True,13,13,1136,0.999998,25.0722,0,0.0122411,1202 1202 1203 1138 1072 1071 1137 1136 1070 1069 1135 1201 -1
GCP,adapt_p60-00000000000001_a112-49999999999999_372_map.h5,27.8662,10,400,740,30.000000:112.500000,1313,True,14,14,1312,0.999999,27.5604,0,0.0125961,1313 1313 1251 1187 1250 1249 1186 1185 1248 1311 1370 1371 1312 -1
GCP,adapt_p80-40593177313954_a247-49999999999997_235_map.h5,27.8321,10,424,688,9.594069:247.500000,1080,True,17,12,1081,0.999754,23.2755,0,0.0126665,1014 1014 1013 1080 1146 1147 1081 1015 1083 1082 1148 -1
GCP,adapt_p11-715852394892384_a225-0_557_map.h5,27.8771,10,611,750,78.284149:225.000000,1774,True,13,13,1774,0.999998,25.0277,0,0.0133898,1787 1787 1795 1773 1774 1788 1789 1776 1775 1758 1757 1756 -1
GCP,adapt_p70-52877936550931_a146-25_107_map.h5,25.7521,10,234,1443,19.471220:146.250000,1193,True,31,13,1126,0.997895,25.1068,0,0.0126512,1192 1192 1193 1128 1062 1061 1127 1126 1060 1059 1125 1191 -1
GCP,adapt_p35-659087696138755_a285-0_345_map.h5,26.6415,10,104,759,54.340912:285.000000,1601,False,210,12,1557,0.840577,25.2233,0,0.0170271,1453 1556 1507 1508 1557 1602 1603 1558 1509 1457 1510 -1
GCP,adapt_p48-18968510422141_a78-75_520_map.h5,27.9064,10,677,731,41.810314:78.750000,1478,True,6,6,1425,0.999999,8.23828,0,0.0124088,1424 1424 1425 1479 1478 -1
GCP,adapt_p60-00000000000001_a0-0_91_map.h5,25.8533,10,498,1431,30.000000:0.000000,1294,True,14,13,1410,0.999998,25.8467,0,0.0125409,1352 1352 1409 1465 1466 1410 1411 1412 1354 1353 1293 1294 -1
GCP,adapt_p80-40593177313954_a22-5_294_map.h5,28.7798,10,212,359,9.594069:22.500000,1038,True,28,14,1037,0.999272,27.8847,0,0.0129985,1105 1105 1039 971 1038 1104 1103 1037 970 969 1036 968 1035 -1
GCP,adapt_p60-00000000000001_a0-0_64_map.h5,26.8944,10,714,1046,30.000000:0.000000,1294,True,8,8,1293,0.999999,13.6695,0,0.012352,1294 1294 1292 1353 1293 1231 1295 -1
GCP,adapt_p35-659087696138755_a255-00000000000003_560_map.h5,26.856,10,348,1168,54.340912:255.000000,1598,True,15,13,1640,0.999998,25.1115,0,0.0127955,1641 1641 1678 1677 1640 1599 1598 1597 1639 1676 1675 1638 -1
GCP,adapt_p70-52877936550931_a213-75_431_map.h5,28.7736,10,193,395,19.471220:213.750000,1205,True,29,14,1268,0.999311,28.0256,0,0.0131937,1207 1207 1270 1141 1140 1205 1206 1269 1331 1330 1268 1267 1204 -1
GCP,adapt_p80-40593177313954_a270-0_359_map.h5,25.8266,10,290,1489,9.594069:270.000000,1084,True,20,12,1083,0.999855,23.5636,0,0.0131602,1149 1149 1150 1148 1082 1015 1083 1016 1084 1017 1085 -1
GCP,adapt_p70-52877936550931_a33-75_168_map.h5,26.8273,10,484,1101,19.471220:33.750000,1173,True,13,12,1173,0.999997,23.411,0,0.0124728,1174 1174 1175 1238 1173 1172 1235 1299 1236 1237 1300 -1
GCP,adapt_p35-659087696138755_a135-0_101_map.h5,27.8636,10,402,758,54.340912:135.000000,1583,True,15,13,1583,0.999998,25.0136,0,0.0132004,1584 1584 1627 1665 1664 1626 1583 1625 1582 1536 1537 1538 -1
GCP,adapt_p35-659087696138755_a344-99999999999994_491_map.h5,25.8764,10,737,1438,54.340912:345.000000,1609,True,7,7,1609,0.999999,10.6249,0,0.0124266,1608 1608 1649 1650 1609 1610 -1
GCP,adapt_p11-715852394892384_a135-0_91_map.h5,25.2782,10,167,1521,78.284149:135.000000,1770,True,101,8,1752,0.676966,23.7334,0,0.0135961,1698 1770 1752 1751 1112 1111 1045 -1
GCP,adapt_p48-18968510422141_a101-24999999999999_77_map.h5,27.8583,10,386,778,41.810314:101.250000,1481,True,13,13,1482,0.999999,25.6226,0,0.012515,1483 1483 1534 1533 1532 1481 1427 1428 1482 1429 1371 1430 -1
GCP,adapt_p70-52877936550931_a11-25_83_map.h5,28.8582,10,419,379,19.471220:11.250000,1169,True,15,14,1169,0.999998,28.4624,0,0.01261,1233 1233 1234 1232 1169 1170 1104 1103 1102 1168 1231 1167 1101 -1
GCP,adapt_p70-52877936550931_a348-74999999999994_5_map.h5,25.4879,10,207,1459,19.471220:348.750000,1229,False,68,12,966,0.944676,24.9774,0,0.0128879,1034 899 966 965 1032 1099 1031 964 1030 1098 1097 -1
GCP,adapt_p80-40593177313954_a67-5_184_map.h5,25.8311,10,369,1415,9.594069:67.500000,1047,True,18,12,1047,0.999503,23.3213,0,0.0126219,1046 1046 980 979 1047 1113 1114 1048 981 1049 1115 -1
GCP,adapt_p48-18968510422141_a11-25_156_map.h5,25.8874,10,787,1460,41.810314:11.250000,1468,True,10,10,1413,0.999998,19.9391,0,0.0123498,1414 1468 1467 1412 1413 1520 1521 1469 1414 -1
GCP,adapt_p80-40593177313954_a247-49999999999997_47_map.h5,25.4206,10,200,1450,9.594069:247.500000,1080,False,82,12,1084,0.921734,25.2897,0,0.0142214,949 1083 1149 1150 1151 1085 1084 1015 1082 1014 1081 -1
GCP,adapt_p23-556464309101234_a247-49999999999997_492_map.h5,26.7011,10,213,1167,66.443535:247.500000,1708,True,37,13,1676,0.994762,25.1352,0,0.012662,1674 1674 1675 1708 1709 1710 1678 1641 1640 1677 1676 1639 -1
GCP,adapt_p48-18968510422141_a191-25_105_map.h5,26.8314,10,436,1094,41.810314:191.250000,1494,True,16,12,1441,0.999918,23.7885,0,0.0133492,1442 1442 1384 1441 1493 1440 1492 1543 1544 1495 1494 -1
GCP,adapt_p23-556464309101234_a337-5_65_map.h5,25.8864,10,733,1499,66.443535:337.500000,1716,True,10,10,1716,0.999999,17.9526,0,0.0123744,1715 1715 1683 1684 1716 1741 1742 1717 1685 -1
GCP,adapt_p80-40593177313954_a292-5_383_map.h5,27.8571,10,633,716,9.594069:292.500000,1088,True,10,10,1088,0.999999,19.498,0,0.0126687,1154 1155 1089 1021 1020 1087 1153 1088 1154 -1
GCP,adapt_p60-00000000000001_a337-49999999999994_48_map.h5,25.6322,10,177,1486,30.000000:337.500000,1350,False,49,12,1352,0.969823,25.1644,0,0.0126021,1228 1291 1292 1353 1294 1410 1352 1290 1351 1409 1408 -1
GCP,adapt_p60-00000000000001_a135-0_329_map.h5,26.8522,10,317,1194,30.000000:135.000000,1316,True,16,12,1316,0.999991,24.6197,0,0.0125772,1376 1317 1254 1316 1376 1375 1432 1374 1315 1253 1252 -1
GCP,adapt_p60-00000000000001_a337-49999999999994_361_map.h5,27.8773,10,384,772,30.000000:337.500000,1350,True,12,12,1351,0.999999,23.2289,0,0.0124553,1350 1350 1289 1290 1291 1352 1409 1351 1408 1464 1407 -1
GCP,adapt_p23-556464309101234_a292-5_344_map.h5,25.5959,10,179,1463,66.443535:292.500000,1712,False,57,12,1714,0.911683,24.1675,0,0.0129091,1646 1682 1715 1714 1740 1713 1681 1645 1644 1603 1602 -1
GCP,adapt_p70-52877936550931_a326-24999999999994_14_map.h5,26.873,10,445,1137,19.471220:326.250000,1225,True,13,13,1225,0.999998,26.2326,0,0.0127621,1224 1224 1286 1287 1160 1159 1225 1288 1289 1226 1161 1162 -1
GCP,adapt_p35-659087696138755_a135-0_514_map.h5,27.8783,10,484,726,54.340912:135.000000,1583,True,11,11,1583,0.999999,20.4895,0,0.0125265,1538 1538 1539 1584 1627 1626 1583 1537 1582 1536 -1
GCP,adapt_p70-52877936550931_a213-75_418_map.h5,25.651,10,204,1464,19.471220:213.750000,1205,True,47,12,1141,0.983849,24.7093,0,0.0127826,1267 1205 1140 1075 1076 1141 1206 1207 1142 1143 1208 -1
GCP,adapt_p80-40593177313954_a180-0_222_map.h5,25.714,10,191,1445,9.594069:180.000000,1067,False,32,12,999,0.990552,25.5017,0,0.0128576,1066 999 997 1066 998 931 932 933 1000 934 1001 -1
GCP,adapt_p11-715852394892384_a45-0_289_map.h5,25.827,10,230,1487,78.284149:45.000000,1766,True,20,13,1746,0.999868,24.7963,0,0.0127854,1765 1765 1782 1766 1767 1748 1747 1721 1720 1746 1745 1719 -1
GCP,adapt_p35-659087696138755_a315-0_107_map.h5,26.8548,10,486,1100,54.340912:315.000000,1605,True,15,13,1605,0.999998,25.6378,0,0.0130032,1645 1645 1646 1605 1561 1560 1604 1603 1681 1682 1647 1606 -1
GCP,adapt_p23-556464309101234_a337-5_30_map.h5,26.8715,10,499,1099,66.443535:337.500000,1716,True,12,12,1742,0.999999,23.5224,0,0.0123117,1764 1764 1718 1687 1717 1743 1744 1763 1741 1742 1716 -1
GCP,adapt_p23-556464309101234_a202-5_291_map.h5,26.8773,10,441,1110,66.443535:202.500000,1704,True,13,13,1704,0.999999,24.9843,0,0.012458,1731 1731 1732 1733 1706 1672 1705 1671 1670 1704 1703 1669 -1
GCP,adapt_p23-556464309101234_a67-5_358_map.h5,25.7001,10,141,1523,66.443535:67.500000,1693,True,42,12,1722,0.992131,24.4732,0,0.0127324,1618 1657 1692 1722 1723 1693 1656 1691 1721 1747 1748 -1
GCP,adapt_p23-556464309101234_a67-5_248_map.h5,25.861,10,330,1457,66.443535:67.500000,1693,True,14,13,1693,0.999998,25.8648,0,0.0127398,1657 1657 1619 1658 1694 1693 1656 1692 1723 1722 1721 1691 -1
GCP,adapt_p60-00000000000001_a202-49999999999997_171_map.h5,25.997,10,88,1151,30.000000:202.500000,1328,True,147,12,1326,0.782925,24.8207,0,0.0157579,1134 1201 1263 1325 1326 1264 1265 1327 1328 1329 1387 -1
GCP,adapt_p48-18968510422141_a258-75_148_map.h5,25.8263,10,302,1499,41.810314:258.750000,1504,True,20,13,1452,0.999965,25.717,0,0.0124934,1454 1454 1505 1506 1453 1397 1396 1452 1451 1504 1554 1555 -1
GCP,adapt_p48-18968510422141_a123-74999999999999_492_map.h5,28.8008,10,183,404,41.810314:123.750000,1484,True,24,14,1484,0.999868,28.5356,0,0.0129582,1485 1485 1536 1535 1534 1483 1482 1429 1484 1432 1431 1430 1373 -1
GCP,adapt_p70-52877936550931_a191-25_160_map.h5,28.837,10,279,343,19.471220:191.250000,1201,True,18,14,1201,0.999964,27.9342,0,0.0128301,1136 1136 1200 1263 1262 1199 1134 1135 1201 1264 1265 1202 1137 -1
GCP,adapt_p70-52877936550931_a258-75_436_map.h5,26.82,10,333,1086,19.471220:258.750000,1213,True,21,13,1149,0.999848,25.5105,0,0.0127998,1148 1148 1213 1214 1215 1149 1083 1084 1150 1216 1151 1085 -1
GCP,adapt_p60-00000000000001_a45-0_145_map.h5,23.6565,10,127,1076,30.000000:45.000000,1301,False,527,8,1753,0.569857,21.4004,0,0.0398185,1351 1771 1772 1754 1753 1752 1729 -1
GCP,adapt_p35-659087696138755_a315-0_82_map.h5,27.8749,10,411,787,54.340912:315.000000,1605,True,12,12,1605,0.999998,22.8688,0,0.0128734,1646 1646 1645 1603 1604 1560 1561 1605 1562 1606 1647 -1
GCP,adapt_p48-18968510422141_a348-74999999999994_444_map.h5,25.2253,10,85,1080,41.810314:348.750000,1517,False,283,9,1477,0.642545,23.1172,0,0.0203006,1181 1424 1423 1477 1529 1478 1530 1255 -1
GCP,adapt_p70-52877936550931_a191-25_270_map.h5,26.8893,10,692,1061,19.471220:191.250000,1201,True,11,11,1201,0.999999,20.8292,0,0.0135056,1136 1136 1200 1135 1201 1264 1265 1202 1137 1203 -1
GCP,adapt_p60-00000000000001_a22-5_217_map.h5,26.6539,10,149,1138,30.000000:22.500000,1298,True,41,12,1356,0.99532,24.2356,0,0.012966,1299 1298 1357 1415 1414 1355 1296 1233 1234 1297 1356 -1
GCP,adapt_p35-659087696138755_a165-0_307_map.h5,28.8315,10,338,409,54.340912:165.000000,1587,True,19,13,1629,0.999982,27.0114,0,0.0133306,1667 1701 1668 1630 1667 1666 1629 1587 1586 1585 1628 1627 -1
GCP,adapt_p80-40593177313954_a292-5_442_map.h5,25.4486,10,139,1562,9.594069:292.500000,1088,False,74,11,1078,0.978904,25.2598,0,0.0131407,1019 1080 1011 1079 1145 1144 1078 1010 1077 1143 -1
GCP,adapt_p35-659087696138755_a75-0_67_map.h5,27.8931,10,566,734,54.340912:75.000000,1576,True,9,9,1576,0.999999,15.9478,0,0.0126729,1619 1619 1620 1530 1529 1576 1575 1528 -1
GCP,adapt_p35-659087696138755_a75-0_215_map.h5,27.8617,10,452,669,54.340912:75.000000,1576,True,11,11,1576,0.999998,20.6326,0,0.0130679,1529 1529 1528 1575 1618 1619 1576 1530 1577 1620 -1
GCP,adapt_p48-18968510422141_a191-25_232_map.h5,25.7842,10,304,1514,41.810314:191.250000,1494,True,29,13,1494,0.997947,25.4723,0,0.012601,1492 1492 1544 1543 1493 1440 1441 1494 1545 1495 1442 1385 -1
GCP,adapt_p80-40593177313954_a180-0_431_map.h5,27.8574,10,430,724,9.594069:180.000000,1067,True,15,13,1068,0.999997,26.6425,0,0.0124385,1001 1068 1000 1001 1069 1135 1134 1133 1067 999 1066 1132 -1
GCP,adapt_p80-40593177313954_a22-5_208_map.h5,25.5933,10,65,1089,9.594069:22.500000,1038,False,212,11,1045,0.552468,25.243,0,0.0169526,1105 1044 977 1045 1111 1112 1046 1113 1244 1245 -1
GCP,adapt_p60-00000000000001_a67-5_65_map.h5,27.8723,10,568,789,30.000000:67.500000,1305,True,12,12,1306,0.999999,23.4418,0,0.0124447,1307 1307 1243 1180 1244 1306 1366 1365 1364 1305 1242 -1
GCP,adapt_p70-52877936550931_a78-75_86_map.h5,28.8276,10,165,420,19.471220:78.750000,1181,True,21,14,1307,0.999957,27.6397,0,0.0132545,1366 1366 1365 1364 1305 1243 1306 1307 1244 1181 1245 1308 1367 -1
GCP,adapt_p48-18968510422141_a236-25_125_map.h5,25.8849,10,749,1476,41.810314:236.250000,1501,True,10,10,1500,0.999999,18.3754,0,0.0128295,1448 1448 1449 1501 1551 1550 1500 1447 1549 -1
GCP,adapt_p70-52877936550931_a348-74999999999994_355_map.h5,26.8182,10,335,1033,19.471220:348.750000,1229,True,21,13,1229,0.999886,25.9644,0,0.0126459,1164 1164 1229 1292 1291 1228 1163 1165 1230 1293 1167 1166 -1
GCP,adapt_p48-18968510422141_a348-74999999999994_478_map.h5,26.5036,10,171,1085,41.810314:348.750000,1517,True,71,12,1516,0.970756,25.1756,0,0.0131714,1460 1563 1514 1515 1564 1565 1566 1517 1465 1516 1464 -1
GCP,adapt_p60-00000000000001_a247-49999999999997_84_map.h5,28.8266,10,189,379,30.000000:247.500000,1335,True,22,14,1335,0.999988,28.3447,0,0.0132587,1334 1334 1392 1272 1273 1274 1335 1393 1336 1275 1337 1395 1394 -1
GCP,adapt_p60-00000000000001_a270-0_398_map.h5,25.6792,10,161,1567,30.000000:270.000000,1339,False,41,13,1273,0.995142,25.445,0,0.0126113,1333 1333 1334 1272 1210 1273 1335 1336 1275 1212 1274 1211 -1
GCP,adapt_p35-659087696138755_a165-0_29_map.h5,27.8879,10,530,726,54.340912:165.000000,1587,True,10,10,1629,0.999999,18.2668,0,0.0128626,1667 1667 1628 1666 1629 1586 1587 1630 1668 -1
GCP,adapt_p70-52877936550931_a213-75_253_map.h5,25.2341,10,146,1547,19.471220:213.750000,1205,False,109,11,1445,0.750484,24.316,0,0.0135147,1069 1206 1269 1331 1389 1446 1498 1445 1388 1330 -1
GCP,adapt_p70-52877936550931_a326-24999999999994_181_map.h5,26.3401,10,163,1084,19.471220:326.250000,1225,True,93,12,1227,0.816948,24.8772,0,0.0136664,1292 1229 1230 1164 1228 1163 1162 1227 1289 1226 1225 -1
GCP,adapt_p60-00000000000001_a202-49999999999997_177_map.h5,28.8423,10,282,416,30.000000:202.500000,1328,True,18,14,1387,0.999994,27.7613,0,0.0125245,1444 1444 1443 1386 1328 1267 1268 1330 1329 1387 1388 1445 1389 -1
GCP,adapt_p11-715852394892384_a225-0_53_map.h5,24.7306,10,68,1120,78.284149:225.000000,1774,False,373,10,1544,0.502702,23.0751,0,0.0260331,1319 1261 1262 1543 1589 1544 1545 1590 1591 -1
GCP,adapt_p80-40593177313954_a112-49999999999999_337_map.h5,26.821,10,472,1112,9.594069:112.500000,1055,True,18,13,1122,0.999931,25.428,0,0.0128068,1054 1054 1055 1056 1123 1189 1188 1122 1187 1121 1120 1186 -1
GCP,adapt_p80-40593177313954_a315-0_499_map.h5,26.6082,10,82,759,9.594069:315.000000,1093,True,205,12,1093,0.863894,25.8537,0,0.0163673,1019 1089 1090 1091 1024 1025 1092 1159 1093 1026 1094 -1
GCP,adapt_p60-00000000000001_a45-0_226_map.h5,28.8023,10,209,366,30.000000:45.000000,1301,True,25,14,1360,0.999711,28.1241,0,0.0124978,1358 1358 1417 1471 1416 1359 1300 1360 1301 1302 1361 1419 1418 -1
GCP,adapt_p48-18968510422141_a146-25_39_map.h5,25.8817,10,734,1500,41.810314:146.250000,1488,True,9,9,1488,0.999999,15.4397,0,0.0130762,1434 1434 1487 1538 1539 1488 1435 1489 -1
GCP,adapt_p60-00000000000001_a224-99999999999997_251_map.h5,25.5361,10,234,1517,30.000000:225.000000,1331,False,59,12,1447,0.981743,24.8596,0,0.0127311,1548 1446 1499 1447 1391 1392 1449 1448 1501 1500 1550 -1
GCP,adapt_p23-556464309101234_a202-5_356_map.h5,27.8752,10,429,729,66.443535:202.500000,1704,True,10,10,1732,0.999999,17.619,0,0.012517,1705 1705 1704 1703 1731 1755 1756 1732 1733 -1
GCP,adapt_p80-40593177313954_a157-5_381_map.h5,26.6109,10,197,1054,9.594069:157.500000,1063,True,54,12,1064,0.968656,25.0826,0,0.0129117,1062 1063 996 1129 1194 1258 1195 1130 1064 997 1065 -1
GCP,adapt_p80-40593177313954_a180-0_427_map.h5,25.2151,10,115,1558,9.594069:180.000000,1067,False,108,9,982,0.803741,25.1847,0,0.0137246,1199 1051 983 1050 982 1049 981 1048 -1
GCP,adapt_p60-00000000000001_a112-49999999999999_28_map.h5,27.8264,10,381,735,30.000000:112.500000,1313,False,16,13,1311,0.999976,25.7826,0,0.0124452,1370 1370 1310 1247 1246 1309 1369 1311 1248 1249 1312 1371 -1
GCP,adapt_p48-18968510422141_a78-75_255_map.h5,27.8769,10,482,780,41.810314:78.750000,1478,True,13,13,1478,0.999999,25.485,0,0.0128582,1425 1425 1480 1426 1479 1531 1530 1478 1424 1423 1477 1529 -1
GCP,adapt_p48-18968510422141_a213-75_208_map.h5,27.8781,10,528,744,41.810314:213.750000,1497,True,10,10,1445,0.999999,18.0325,0,0.0126062,1444 1444 1387 1388 1445 1497 1498 1446 1389 -1
GCP,adapt_p60-00000000000001_a337-49999999999994_299_map.h5,27.854,10,459,777,30.000000:337.500000,1350,True,14,13,1350,0.999998,25.467,0,0.0128182,1349 1349 1348 1288 1289 1350 1407 1408 1409 1351 1290 1291 -1
GCP,adapt_p35-659087696138755_a255-00000000000003_138_map.h5,27.8784,10,513,726,54.340912:255.000000,1598,True,12,12,1640,0.999999,22.8228,0,0.0123751,1598 1598 1597 1638 1675 1676 1639 1640 1677 1641 1599 -1
GCP,adapt_p35-659087696138755_a165-0_187_map.h5,25.1415,10,107,1554,54.340912:165.000000,1587,False,127,11,1210,0.771464,24.1352,0,0.0143107,1329 1209 1210 1273 1272 1334 1392 1335 1393 1449 -1
GCP,adapt_p35-659087696138755_a195-0_421_map.h5,25.6901,10,130,1473,54.340912:195.000000,1590,False,40,13,1592,0.990827,25.1227,0,0.0126577,1671 1671 1633 1591 1634 1592 1593 1548 1549 1594 1636 1635 -1
GCP,adapt_p70-52877936550931_a33-75_0_map.h5,26.8332,10,471,1104,19.471220:33.750000,1173,True,17,13,1173,0.999994,25.9075,0,0.0126023,1172 1172 1107 1106 1173 1174 1108 1175 1238 1237 1236 1235 -1
GCP,adapt_p80-40593177313954_a292-5_176_map.h5,28.8491,10,277,371,9.594069:292.500000,1088,True,15,14,1089,0.999997,28.2445,0,0.0126516,1022 1022 1091 1023 1090 1089 1155 1154 1088 1021 1020 1087 1153 -1
GCP,adapt_p80-40593177313954_a202-49999999999997_39_map.h5,27.8523,10,476,741,9.594069:202.500000,1072,True,17,14,1137,0.999994,27.6296,0,0.0125291,1202 1202 1201 1136 1070 1003 1004 1071 1137 1203 1138 1072 1073 -1
GCP,adapt_p35-659087696138755_a344-99999999999994_92_map.h5,27.8521,10,382,788,54.340912:345.000000,1609,True,16,13,1608,0.999995,25.1237,0,0.0126958,1650 1650 1685 1649 1648 1607 1563 1515 1564 1608 1609 1565 -1
GCP,adapt_p80-40593177313954_a135-0_259_map.h5,25.5358,10,253,1410,9.594069:135.000000,1059,False,58,12,1253,0.937209,24.7358,0,0.0129303,1251 1252 1253 1190 1189 1315 1316 1254 1191 1126 1060 -1
GCP,adapt_p23-556464309101234_a22-5_394_map.h5,25.511,10,198,1499,66.443535:22.500000,1689,True,67,12,1652,0.976691,23.8552,0,0.0128035,1745 1719 1689 1653 1614 1613 1612 1651 1652 1688 1718 -1
GCP,adapt_p70-52877936550931_a168-74999999999997_67_map.h5,26.8078,10,331,1095,19.471220:168.750000,1197,True,25,13,1197,0.999844,25.8376,0,0.013013,1261 1261 1133 1198 1132 1131 1197 1260 1196 1259 1258 1195 -1
GCP,adapt_p70-52877936550931_a258-75_577_map.h5,22.7832,10,75,1844,19.471220:258.750000,1213,False,356,11,1667,0.874397,22.7757,0,0.0243917,1583 1666 1629 1667 1701 1730 1702 1668 1630 1587 -1
GCP,adapt_p48-18968510422141_a236-25_439_map.h5,26.8437,10,531,1113,41.810314:236.250000,1501,True,16,13,1448,0.999996,25.7836,0,0.0131332,1447 1447 1500 1390 1332 1333 1391 1392 1393 1449 1448 1501 -1
GCP,adapt_p23-556464309101234_a112-5_183_map.h5,28.8884,10,364,337,66.443535:112.500000,1697,True,10,10,1697,0.999999,18.0621,0,0.0123534,1662 1662 1698 1663 1697 1726 1725 1696 1661 -1
GCP,adapt_p60-00000000000001_a180-0_185_map.h5,27.8547,10,325,791,30.000000:180.000000,1324,True,14,13,1324,0.99999,25.0231,0,0.0131118,1383 1383 1384 1326 1264 1263 1325 1324 1262 1261 1323 1382 -1
GCP,adapt_p80-40593177313954_a0-0_162_map.h5,26.6683,10,148,1044,9.594069:0.000000,1034,True,48,12,1101,0.957543,24.4386,0,0.0135009,1170 1233 1232 1169 1168 1102 1035 1101 1034 1166 1100 -1
GCP,adapt_p80-40593177313954_a112-49999999999999_14_map.h5,27.8864,10,628,735,9.594069:112.500000,1055,True,8,8,1055,0.999999,13.7347,0,0.0123558,987 987 986 1054 988 1056 1055 -1
GCP,adapt_p48-18968510422141_a146-25_382_map.h5,27.8632,10,433,698,41.810314:146.250000,1488,True,13,13,1487,0.999999,25.5424,0,0.0125406,1435 1435 1436 1489 1434 1433 1486 1537 1538 1487 1488 1539 -1
GCP,adapt_p70-52877936550931_a326-24999999999994_48_map.h5,27.8772,10,383,732,19.471220:326.250000,1225,True,13,13,1288,0.999999,26.3853,0,0.0125836,1226 1226 1227 1288 1349 1289 1225 1160 1224 1286 1287 1348 -1
GCP,adapt_p60-00000000000001_a157-5_158_map.h5,28.8944,10,547,327,30.000000:157.500000,1320,True,9,9,1320,0.999999,16.0701,0,0.012349,1321 1321 1258 1320 1380 1379 1378 1319 -1
GCP,adapt_p60-00000000000001_a112-49999999999999_46_map.h5,25.4615,10,207,1452,30.000000:112.500000,1313,True,77,11,1313,0.924213,23.98,0,0.0133273,1431 1373 1314 1251 1250 1312 1371 1313 1372 1538 -1
GCP,adapt_p35-659087696138755_a224-99999999999997_571_map.h5,26.8863,10,785,1152,54.340912:225.000000,1594,True,10,10,1636,0.999999,17.7118,0,0.012501,1637 1637 1674 1673 1636 1635 1593 1594 1595 -1
GCP,adapt_p60-00000000000001_a135-0_568_map.h5,27.8242,10,400,729,30.000000:135.000000,1316,True,18,14,1375,0.999944,27.5342,0,0.0126085,1314 1314 1373 1374 1315 1252 1253 1316 1375 1432 1433 1376 1317 -1
GCP,adapt_p70-52877936550931_a168-74999999999997_351_map.h5,27.8691,10,610,736,19.471220:168.750000,1197,True,13,13,1198,0.999998,25.6748,0,0.0126855,1260 1260 1259 1196 1132 1133 1134 1199 1262 1261 1198 1197 -1
GCP,adapt_p60-00000000000001_a22-5_81_map.h5,26.8955,10,763,1139,30.000000:22.500000,1298,True,8,8,1297,0.999999,13.2019,0,0.0123032,1298 1298 1297 1296 1233 1234 1235 -1
GCP,adapt_p60-00000000000001_a224-99999999999997_241_map.h5,28.7801,10,251,355,30.000000:225.000000,1331,True,18,14,1390,0.99998,28.592,0,0.012704,1391 1391 1332 1390 1333 1270 1331 1330 1388 1389 1446 1447 1448 -1
GCP,adapt_p35-659087696138755_a105-0_102_map.h5,27.8012,10,222,753,54.340912:105.000000,1579,True,22,14,1623,0.999795,27.5192,0,0.0126512,1696 1696 1661 1622 1579 1623 1580 1581 1624 1662 1697 1663 1625 -1
GCP,adapt_p48-18968510422141_a11-25_202_map.h5,27.8753,10,473,771,41.810314:11.250000,1468,True,11,11,1414,0.999999,21.3422,0,0.0124979,1468 1468 1415 1469 1521 1520 1414 1413 1467 1412 -1
GCP,adapt_p35-659087696138755_a135-0_29_map.h5,27.8894,10,529,773,54.340912:135.000000,1583,True,8,8,1583,0.999998,13.6454,0,0.0123639,1626 1626 1625 1582 1627 1584 1583 -1
GCP,adapt_p60-00000000000001_a90-0_330_map.h5,27.595,10,83,763,30.000000:90.000000,1309,False,50,13,917,0.994728,26.7219,0,0.0127504,1049 982 981 914 915 916 983 984 917 918 985 986 -1
GCP,adapt_p60-00000000000001_a0-0_84_map.h5,26.7735,10,498,1154,30.000000:0.000000,1294,True,25,13,1352,0.999385,25.9129,0,0.0132362,1291 1291 1409 1408 1351 1352 1410 1411 1354 1294 1353 1292 -1
GCP,adapt_p60-00000000000001_a0-0_528_map.h5,25.6759,10,213,1495,30.000000:0.000000,1294,False,40,13,1234,0.969122,25.4704,0,0.0129096,1297 1297 1296 1295 1231 1232 1233 1234 1235 1172 1171 1170 -1
GCP,adapt_p35-659087696138755_a315-0_493_map.h5,27.8353,10,305,679,54.340912:315.000000,1605,True,19,14,1605,0.999972,27.4262,0,0.0125412,1606 1606 1562 1561 1512 1511 1560 1605 1646 1645 1604 1603 1559 -1
GCP,adapt_p70-52877936550931_a191-25_360_map.h5,25.8181,10,336,1493,19.471220:191.250000,1201,True,20,13,1201,0.999884,25.697,0,0.0127256,1264 1264 1200 1263 1199 1134 1135 1201 1136 1137 1202 1265 -1
GCP,adapt_p70-52877936550931_a168-74999999999997_441_map.h5,27.8915,10,647,699,19.471220:168.750000,1197,True,9,9,1197,0.999999,15.8158,0,0.0123345,1196 1196 1131 1197 1259 1260 1261 1198 -1
GCP,adapt_p35-659087696138755_a195-0_490_map.h5,27.8844,10,539,719,54.340912:195.000000,1590,True,11,11,1591,0.999999,21.2753,0,0.0124184,1633 1633 1632 1544 1545 1590 1634 1592 1591 1546 -1
GCP,adapt_p23-556464309101234_a247-49999999999997_461_map.h5,25.6385,10,75,1145,66.443535:247.500000,1708,False,214,10,1641,0.603907,24.9293,0,0.0170436,1634 1754 1729 1730 1678 1642 1641 1677 1640 -1
GCP,adapt_p70-52877936550931_a326-24999999999994_516_map.h5,27.8264,10,374,731,19.471220:326.250000,1225,False,20,13,1228,0.999974,26.434,0,0.0124373,1163 1163 1290 1291 1228 1227 1162 1164 1229 1292 1230 1165 -1
GCP,adapt_p48-18968510422141_a303-75_300_map.h5,28.8619,10,400,334,41.810314:303.750000,1510,True,15,14,1510,0.999999,27.8256,0,0.0128558,1458 1458 1459 1511 1460 1512 1561 1560 1559 1558 1509 1510 1457 -1
GCP,adapt_p23-556464309101234_a157-5_210_map.h5,26.8713,10,474,1095,66.443535:157.500000,1701,True,13,13,1700,0.999999,25.3993,0,0.0125299,1728 1728 1753 1730 1729 1701 1667 1666 1665 1700 1699 1727 -1
GCP,adapt_p80-40593177313954_a315-0_361_map.h5,26.4437,10,261,1110,9.594069:315.000000,1093,False,83,11,1153,0.953213,24.2326,0,0.0130664,1148 1152 1153 1087 1088 1154 1089 1155 1157 1158 -1
GCP,adapt_p35-659087696138755_a344-99999999999994_26_map.h5,27.82,10,307,782,54.340912:345.000000,1609,True,20,13,1649,0.999928,25.4518,0,0.0128159,1684 1684 1647 1683 1648 1607 1608 1649 1685 1650 1609 1565 -1
GCP,adapt_p80-40593177313954_a90-0_315_map.h5,25.7803,10,426,1493,9.594069:90.000000,1051,True,25,12,1052,0.998753,23.1902,0,0.0124887,1053 1053 1119 1118 1052 984 1051 1117 983 1050 1116 -1
GCP,adapt_p48-18968510422141_a123-74999999999999_96_map.h5,25.8661,10,701,1512,41.810314:123.750000,1484,True,12,12,1431,0.999998,23.7244,0,0.0127203,1484 1484 1432 1485 1535 1483 1429 1430 1372 1373 1431 -1
GCP,adapt_p70-52877936550931_a303-75_332_map.h5,26.8557,10,669,1091,19.471220:303.750000,1221,True,15,13,1157,0.999997,26.0024,0,0.0130582,1158 1158 1091 1156 1155 1220 1221 1157 1222 1285 1223 1159 -1
GCP,adapt_p60-00000000000001_a180-0_295_map.h5,26.879,10,438,1093,30.000000:180.000000,1324,True,13,13,1383,0.999999,25.4552,0,0.0127906,1439 1439 1438 1381 1323 1324 1325 1383 1382 1440 1441 1384 -1
GCP,adapt_p70-52877936550931_a146-25_116_map.h5,27.8783,10,508,744,19.471220:146.250000,1193,True,12,12,1193,0.999999,23.3498,0,0.0125221,1194 1194 1258 1195 1129 1128 1127 1192 1193 1257 1256 -1
GCP,adapt_p60-00000000000001_a247-49999999999997_383_map.h5,27.8604,10,510,718,30.000000:247.500000,1335,True,16,14,1335,0.999995,27.6332,0,0.012496,1274 1274 1273 1334 1392 1333 1391 1448 1449 1393 1335 1336 1394 -1
GCP,adapt_p70-52877936550931_a33-75_38_map.h5,27.8642,10,485,779,19.471220:33.750000,1173,True,14,13,1173,0.999998,25.7486,0,0.0125748,1172 1172 1235 1299 1300 1238 1174 1237 1236 1173 1107 1106 -1
GCP,adapt_p11-715852394892384_a225-0_257_map.h5,26.735,10,185,1103,78.284149:225.000000,1774,True,42,13,1772,0.99658,25.7585,0,0.0127513,1756 1755 1754 1753 1752 1771 1772 1773 1774 1787 1786 1785 -1
GCP,adapt_p80-40593177313954_a292-5_218_map.h5,28.8527,10,292,400,9.594069:292.500000,1088,True,16,13,1089,0.99999,25.5022,0,0.0130879,1154 1154 1219 1153 1087 1088 1021 1089 1155 1156 1090 1091 -1
GCP,adapt_p70-52877936550931_a78-75_360_map.h5,28.8221,10,197,396,19.471220:78.750000,1181,True,26,13,1114,0.999717,26.0593,0,0.0126511,1181 1181 1180 1116 1115 1049 1048 1114 1047 1113 1112 1046 -1
GCP,adapt_p70-52877936550931_a236-25_75_map.h5,26.8831,10,643,1061,19.471220:236.250000,1209,True,10,10,1210,0.999998,17.7867,0,0.0126411,1273 1273 1274 1211 1210 1145 1144 1209 1272 -1
GCP,adapt_p11-715852394892384_a225-0_381_map.h5,26.8773,10,687,1076,78.284149:225.000000,1774,True,11,11,1774,0.999999,20.3999,0,0.0125396,1775 1775 1758 1757 1789 1788 1787 1773 1774 1756 -1
GCP,adapt_p60-00000000000001_a22-5_229_map.h5,27.8714,10,547,703,30.000000:22.500000,1298,True,14,13,1357,0.999998,25.7049,0,0.0123621,1298 1298 1358 1416 1415 1357 1234 1297 1356 1355 1296 1233 -1
GCP,adapt_p35-659087696138755_a285-0_191_map.h5,27.8603,10,415,759,54.340912:285.000000,1601,True,16,13,1509,0.999986,25.6036,0,0.0124871,1601 1601 1602 1559 1510 1457 1509 1558 1557 1556 1507 1508 -1
GCP,adapt_p80-40593177313954_a67-5_409_map.h5,27.8252,10,303,798,9.594069:67.500000,1047,True,19,13,1047,0.999957,25.3983,0,0.0125606,979 979 978 1046 1047 1113 1114 1048 980 981 1049 982 -1
GCP,adapt_p35-659087696138755_a135-0_134_map.h5,28.8373,10,255,355,54.340912:135.000000,1583,True,16,14,1581,0.999997,27.7152,0,0.0124916,1536 1536 1581 1624 1623 1580 1534 1535 1582 1625 1626 1583 1537 -1
GCP,adapt_p70-52877936550931_a236-25_497_map.h5,28.8166,10,255,364,19.471220:236.250000,1209,True,24,14,1144,0.999868,27.4706,0,0.0132045,1210 1210 1145 1079 1078 1144 1209 1271 1208 1207 1142 1143 1077 -1
GCP,adapt_p35-659087696138755_a105-0_340_map.h5,26.8583,10,447,1128,54.340912:105.000000,1579,True,13,13,1579,0.999998,25.6878,0,0.0124968,1532 1532 1578 1622 1579 1481 1533 1534 1580 1581 1624 1623 -1
GCP,adapt_p35-659087696138755_a75-0_165_map.h5,26.8865,10,766,1157,54.340912:75.000000,1576,True,6,6,1576,0.999998,8.25715,0,0.0122836,1575 1575 1576 1529 1530 -1
GCP,adapt_p60-00000000000001_a202-49999999999997_510_map.h5,28.7812,10,276,381,30.000000:202.500000,1328,True,19,14,1328,0.999773,28.0249,0,0.0126084,1387 1387 1443 1444 1386 1385 1327 1265 1266 1328 1329 1267 1268 -1
GCP,adapt_p48-18968510422141_a146-25_578_map.h5,27.8817,10,485,770,41.810314:146.250000,1488,True,12,12,1435,0.999999,23.252,0,0.0130759,1434 1434 1378 1377 1435 1436 1489 1539 1488 1487 1538 -1
GCP,adapt_p70-52877936550931_a168-74999999999997_548_map.h5,25.8804,10,782,1450,19.471220:168.750000,1197,True,8,8,1261,0.999999,13.7307,0,0.0124094,1198 1198 1199 1262 1197 1260 1261 -1
GCP,adapt_p70-52877936550931_a11-25_69_map.h5,27.8588,10,597,724,19.471220:11.250000,1169,True,12,12,1169,0.999999,23.3587,0,0.0130223,1103 1103 1102 1168 1232 1169 1104 1170 1233 1234 1171 -1
GCP,adapt_p48-18968510422141_a236-25_479_map.h5,27.2643,10,131,738,41.810314:236.250000,1501,False,108,12,1450,0.742399,25.6744,0,0.0135366,1274 1502 1503 1451 1450 1449 1448 1447 1500 1499 1446 -1
GCP,adapt_p80-40593177313954_a337-49999999999994_143_map.h5,26.6478,10,157,1094,9.594069:337.500000,1097,True,47,12,1096,0.978971,24.4265,0,0.0129419,1164 1098 1163 1097 1096 1162 1226 1225 1160 1161 1095 -1
GCP,adapt_p48-18968510422141_a326-24999999999994_495_map.h5,25.7483,10,229,1422,41.810314:326.250000,1514,True,30,13,1513,0.997595,25.2751,0,0.01248,1607 1607 1564 1515 1514 1563 1606 1562 1513 1461 1512 1561 -1
GCP,adapt_p35-659087696138755_a14-999999999999998_122_map.h5,25.7972,10,277,1500,54.340912:15.000000,1568,True,24,13,1569,0.999926,25.2115,0,0.0125785,1615 1615 1571 1523 1570 1614 1569 1522 1521 1568 1612 1613 -1
GCP,adapt_p80-40593177313954_a0-0_52_map.h5,26.8509,10,437,1111,9.594069:0.000000,1034,True,15,13,1034,0.999997,25.4989,0,0.0128361,1033 1033 967 1035 968 1036 1102 1101 1166 1034 1100 1032 -1
GCP,adapt_p60-00000000000001_a224-99999999999997_470_map.h5,26.8668,10,595,1090,30.000000:225.000000,1331,True,13,13,1331,0.999998,25.2021,0,0.0129705,1389 1389 1388 1330 1331 1332 1390 1391 1333 1271 1270 1269 -1
GCP,adapt_p60-00000000000001_a90-0_7_map.h5,25.2562,10,117,1563,30.000000:90.000000,1309,True,101,12,1116,0.878651,24.6839,0,0.0135634,982 1049 1050 1115 1182 1116 1117 1183 1246 1309 1310 -1
GCP,adapt_p80-40593177313954_a315-0_226_map.h5,26.8633,10,551,1069,9.594069:315.000000,1093,True,14,13,1092,0.999998,25.4968,0,0.0124558,1157 1157 1158 1159 1093 1026 1025 1092 1091 1090 1023 1024 -1
GCP,adapt_p80-40593177313954_a112-49999999999999_585_map.h5,26.0784,10,223,1027,9.594069:112.500000,1055,True,132,7,1056,0.860404,24.7782,0,0.0142343,1457 1057 989 1056 988 1055 -1
GCP,adapt_p48-18968510422141_a348-74999999999994_90_map.h5,25.8253,10,335,1476,41.810314:348.750000,1517,True,18,13,1465,0.999851,25.2733,0,0.0124694,1517 1517 1516 1464 1465 1409 1351 1352 1410 1466 1411 1353 -1
GCP,adapt_p70-52877936550931_a123-74999999999999_363_map.h5,28.8984,10,551,356,19.471220:123.750000,1189,True,9,9,1190,0.999999,15.9881,0,0.0123698,1189 1189 1253 1190 1123 1124 1125 1191 -1
GCP,adapt_p60-00000000000001_a90-0_255_map.h5,28.8884,10,453,346,30.000000:90.000000,1309,True,10,10,1309,0.999999,18.2056,0,0.0123791,1368 1368 1308 1367 1309 1246 1247 1310 1369 -1
GCP,adapt_p35-659087696138755_a165-0_7_map.h5,27.8923,10,496,733,54.340912:165.000000,1587,True,10,10,1586,0.999998,18.2551,0,0.0124621,1629 1629 1585 1628 1586 1540 1541 1587 1630 -1
GCP,adapt_p35-659087696138755_a135-0_538_map.h5,27.8683,10,482,780,54.340912:135.000000,1583,True,13,13,1583,0.999999,24.7819,0,0.0124455,1625 1625 1624 1581 1582 1536 1537 1583 1626 1627 1584 1538 -1
GCP,adapt_p11-715852394892384_a225-0_546_map.h5,28.8993,10,554,405,78.284149:225.000000,1774,True,10,10,1758,0.999999,18.1342,0,0.0124247,1775 1775 1756 1774 1757 1734 1735 1758 1759 -1
GCP,adapt_p80-40593177313954_a67-5_39_map.h5,26.7648,10,95,1154,9.594069:67.500000,1047,False,26,13,909,0.999278,25.5915,0,0.0130119,976 976 909 977 978 910 841 840 908 839 907 838 -1
GCP,adapt_p48-18968510422141_a258-75_152_map.h5,25.6788,10,241,1529,41.810314:258.750000,1504,True,39,13,1504,0.991735,25.2095,0,0.0129721,1505 1505 1554 1598 1553 1552 1502 1450 1451 1503 1504 1452 -1
GCP,adapt_p60-00000000000001_a315-0_315_map.h5,26.8262,10,293,1097,30.000000:315.000000,1346,True,21,13,1346,0.999986,25.7383,0,0.0125868,1404 1404 1345 1284 1283 1344 1403 1346 1285 1286 1347 1405 -1
GCP,adapt_p48-18968510422141_a213-75_4_map.h5,28.818,10,206,416,41.810314:213.750000,1497,True,21,14,1498,0.999955,27.8055,0,0.0127512,1548 1548 1547 1497 1444 1498 1445 1388 1389 1446 1447 1499 1549 -1
GCP,adapt_p70-52877936550931_a348-74999999999994_319_map.h5,28.8933,10,626,337,19.471220:348.750000,1229,True,10,10,1229,0.999999,18.1485,0,0.0124742,1228 1228 1164 1165 1230 1293 1292 1229 1291 -1
GCP,adapt_p48-18968510422141_a101-24999999999999_405_map.h5,27.8932,10,607,727,41.810314:101.250000,1481,True,8,8,1428,0.999999,13.582,0,0.0126196,1481 1481 1533 1482 1427 1428 1429 -1
GCP,adapt_p60-00000000000001_a315-0_406_map.h5,24.8409,10,179,1494,30.000000:315.000000,1346,True,181,10,1739,0.576292,22.6961,0,0.0157374,1683 1740 1739 1713 1461 1405 1347 1404 1346 -1
GCP,adapt_p23-556464309101234_a67-5_197_map.h5,26.8582,10,303,1107,66.443535:67.500000,1693,True,15,13,1721,0.999995,26.3919,0,0.012569,1692 1692 1723 1722 1747 1748 1693 1656 1691 1721 1720 1690 -1
GCP,adapt_p48-18968510422141_a191-25_252_map.h5,25.7541,10,222,1449,41.810314:191.250000,1494,True,29,13,1544,0.998427,24.9708,0,0.012649,1589 1589 1590 1545 1495 1442 1441 1494 1544 1543 1493 1440 -1
GCP,adapt_p70-52877936550931_a101-24999999999999_79_map.h5,26.8612,10,569,1121,19.471220:101.250000,1185,True,12,12,1185,0.999999,22.6847,0,0.0126193,1248 1248 1247 1184 1118 1119 1185 1249 1186 1120 1121 -1
GCP,adapt_p80-40593177313954_a45-0_152_map.h5,28.8441,10,276,406,9.594069:45.000000,1042,True,18,14,1044,0.999997,28.2288,0,0.0126444,977 977 1043 1109 1108 1042 975 976 1044 1110 1111 1045 978 -1
GCP,adapt_p35-659087696138755_a344-99999999999994_586_map.h5,26.8614,10,445,1095,54.340912:345.000000,1609,True,12,12,1649,0.999998,22.6968,0,0.0123487,1608 1608 1607 1648 1684 1649 1685 1686 1650 1609 1610 -1
GCP,adapt_p35-659087696138755_a285-0_522_map.h5,27.8821,10,495,803,54.340912:285.000000,1601,True,10,10,1643,0.999999,18.3131,0,0.0127292,1601 1601 1602 1644 1680 1679 1643 1678 1642 -1
GCP,adapt_p70-52877936550931_a281-24999999999994_570_map.h5,27.8904,10,523,717,19.471220:281.250000,1217,True,13,13,1217,0.999999,25.5927,0,0.0123775,1152 1152 1218 1281 1219 1154 1153 1217 1280 1279 1216 1151 -1
GCP,adapt_p35-659087696138755_a255-00000000000003_206_map.h5,26.7798,10,265,1163,54.340912:255.000000,1598,False,27,13,1676,0.999499,25.9816,0,0.0129946,1708 1708 1709 1676 1639 1675 1736 1710 1678 1677 1640 1641 -1
GCP,adapt_p35-659087696138755_a165-0_557_map.h5,26.8724,10,472,1073,54.340912:165.000000,1587,True,11,11,1586,0.999999,20.8055,0,0.0124165,1587 1587 1540 1541 1586 1585 1628 1629 1667 1630 -1
GCP,adapt_p80-40593177313954_a45-0_584_map.h5,23.3977,10,62,1853,9.594069:45.000000,1042,False,239,8,1590,0.65483,23.3244,0,0.0187443,1178 1631 1632 1591 1545 1590 1589 -1
GCP,adapt_p70-52877936550931_a146-25_41_map.h5,26.8943,10,783,1127,19.471220:146.250000,1193,True,8,8,1192,0.999998,13.5439,0,0.0125652,1193 1193 1127 1256 1255 1192 1191 -1
GCP,adapt_p60-00000000000001_a67-5_84_map.h5,27.8212,10,261,737,30.000000:67.500000,1305,True,20,14,1305,0.999884,27.6971,0,0.0125933,1243 1243 1242 1241 1304 1363 1422 1364 1305 1306 1365 1423 1366 -1
GCP,adapt_p80-40593177313954_a315-0_210_map.h5,27.8811,10,460,757,9.594069:315.000000,1093,True,11,11,1092,0.999999,21.5747,0,0.0127284,1093 1093 1024 1091 1157 1158 1092 1025 1159 1094 -1
GCP,adapt_p60-00000000000001_a112-49999999999999_174_map.h5,25.7932,10,206,1484,30.000000:112.500000,1313,True,23,12,1371,0.999715,24.2949,0,0.0125952,1311 1370 1371 1312 1313 1372 1429 1428 1427 1369 1311 -1
GCP,adapt_p60-00000000000001_a45-0_548_map.h5,27.8623,10,384,772,30.000000:45.000000,1301,True,13,13,1360,0.999999,25.7341,0,0.0125223,1301 1301 1237 1300 1359 1417 1418 1360 1238 1302 1361 1419 -1
GCP,adapt_p23-556464309101234_a247-49999999999997_28_map.h5,25.5948,10,151,1511,66.443535:247.500000,1708,False,61,12,1760,0.965618,24.873,0,0.012994,1792 1777 1776 1759 1736 1760 1761 1738 1737 1710 1711 -1
GCP,adapt_p80-40593177313954_a90-0_598_map.h5,27.8829,10,579,752,9.594069:90.000000,1051,True,10,10,1051,0.999999,18.5251,0,0.0128184,1052 1052 1117 1118 1051 984 983 1050 1116 -1
GCP,adapt_p70-52877936550931_a101-24999999999999_594_map.h5,27.8332,10,300,724,19.471220:101.250000,1185,True,16,13,1311,0.999997,25.9078,0,0.0125692,1310 1310 1247 1185 1186 1249 1250 1312 1248 1311 1370 1369 -1
GCP,adapt_p60-00000000000001_a224-99999999999997_8_map.h5,24.5831,10,89,1553,30.000000:225.000000,1331,False,214,10,1077,0.772246,24.1628,0,0.0165173,1135 1325 1383 1384 1076 1142 1143 1077 1078 -1
GCP,adapt_p23-556464309101234_a22-5_282_map.h5,26.8492,10,441,1078,66.443535:22.500000,1689,True,16,13,1689,0.999989,25.4588,0,0.0125868,1652 1652 1614 1653 1689 1688 1719 1720 1690 1654 1691 1655 -1
GCP,adapt_p35-659087696138755_a45-0_494_map.h5,25.8893,10,777,1480,54.340912:45.000000,1572,True,10,10,1572,0.999999,17.6614,0,0.0125272,1616 1616 1615 1571 1572 1525 1526 1573 1617 -1
GCP,adapt_p60-00000000000001_a292-5_100_map.h5,26.851,10,561,1088,30.000000:292.500000,1343,True,15,13,1281,0.99999,25.211,0,0.0128638,1282 1282 1343 1401 1400 1342 1281 1341 1280 1217 1218 1219 -1
GCP,adapt_p70-52877936550931_a33-75_489_map.h5,25.7027,10,206,1443,19.471220:33.750000,1173,True,40,12,1107,0.98075,24.8698,0,0.0131206,1105 1171 1173 1236 1235 1172 1106 1040 1041 1107 1108 -1
GCP,adapt_p70-52877936550931_a11-25_520_map.h5,26.8428,10,359,1100,19.471220:11.250000,1169,True,19,13,1233,0.999977,25.8225,0,0.0130437,1234 1234 1296 1233 1170 1171 1104 1103 1169 1232 1231 1168 -1
GCP,adapt_p70-52877936550931_a11-25_449_map.h5,27.8496,10,471,715,19.471220:11.250000,1169,True,17,13,1168,0.99999,25.4154,0,0.0131472,1167 1167 1293 1231 1168 1101 1102 1103 1169 1232 1233 1170 -1
GCP,adapt_p35-659087696138755_a315-0_302_map.h5,26.8498,10,495,1099,54.340912:315.000000,1605,True,15,13,1605,0.999998,26.6356,0,0.012983,1561 1561 1606 1605 1560 1512 1562 1646 1645 1604 1603 1559 -1
GCP,adapt_p60-00000000000001_a22-5_153_map.h5,26.8414,10,554,1122,30.000000:22.500000,1298,True,14,13,1298,0.999998,26.3503,0,0.0124053,1299 1299 1359 1300 1235 1236 1298 1358 1357 1356 1297 1234 -1
GCP,adapt_p80-40593177313954_a45-0_170_map.h5,25.3162,10,172,1512,9.594069:45.000000,1042,True,94,12,1041,0.986751,24.5544,0,0.0135949,905 973 974 975 1042 1108 1041 1107 1106 1039 1040 -1
GCP,adapt_p48-18968510422141_a168-74999999999997_276_map.h5,27.8743,10,431,786,41.810314:168.750000,1491,True,15,13,1491,0.999998,26.1077,0,0.0125343,1490 1490 1540 1587 1541 1437 1438 1439 1492 1491 1542 1543 -1
GCP,adapt_p60-00000000000001_a45-0_519_map.h5,25.6068,10,189,1457,30.000000:45.000000,1301,True,55,12,1238,0.941753,24.3663,0,0.0130024,1361 1301 1238 1175 1174 1108 1042 1043 1109 1176 1239 -1
GCP,adapt_p60-00000000000001_a202-49999999999997_292_map.h5,26.7438,10,349,1065,30.000000:202.500000,1328,True,30,13,1327,0.998558,25.3765,0,0.012983,1264 1264 1265 1266 1328 1387 1386 1385 1327 1326 1384 1325 -1
GCP,adapt_p48-18968510422141_a33-75_163_map.h5,27.8943,10,626,699,41.810314:33.750000,1471,True,9,9,1471,0.999999,15.5744,0,0.0124584,1416 1416 1417 1418 1472 1471 1523 1470 -1
GCP,adapt_p48-18968510422141_a123-74999999999999_482_map.h5,25.8773,10,639,1550,41.810314:123.750000,1484,True,11,11,1484,0.999998,21.3602,0,0.0124248,1535 1535 1430 1431 1484 1483 1534 1536 1485 1432 -1
GCP,adapt_p48-18968510422141_a11-25_137_map.h5,25.7152,10,161,1472,41.810314:11.250000,1468,False,42,12,1416,0.988049,24.1023,0,0.012611,1298 1299 1359 1417 1471 1470 1416 1358 1357 1415 1469 -1
GCP,adapt_p48-18968510422141_a303-75_485_map.h5,25.7823,10,255,1437,41.810314:303.750000,1510,True,30,13,1458,0.998658,24.8208,0,0.0124288,1509 1509 1510 1559 1560 1511 1459 1403 1402 1458 1457 1401 -1
GCP,adapt_p48-18968510422141_a281-24999999999994_194_map.h5,25.7892,10,246,1506,41.810314:281.250000,1507,True,21,13,1399,0.999939,25.2153,0,0.0126133,1454 1454 1398 1399 1341 1342 1400 1401 1456 1508 1507 1455 -1
GCP,adapt_p60-00000000000001_a45-0_451_map.h5,25.883,10,704,1469,30.000000:45.000000,1301,True,8,8,1302,0.999999,13.4831,0,0.0127669,1301 1301 1237 1238 1302 1239 1175 -1
GCP,adapt_p23-556464309101234_a67-5_380_map.h5,27.8727,10,436,682,66.443535:67.500000,1693,True,10,10,1722,0.999999,18.0692,0,0.0130551,1693 1693 1723 1748 1747 1721 1691 1722 1692 -1
GCP,adapt_p60-00000000000001_a224-99999999999997_442_map.h5,26.8517,10,521,1182,30.000000:225.000000,1331,True,14,13,1332,0.999998,25.9804,0,0.0130351,1270 1270 1333 1391 1271 1332 1390 1447 1446 1389 1331 1269 -1
GCP,adapt_p80-40593177313954_a135-0_462_map.h5,27.8883,10,567,725,9.594069:135.000000,1059,True,10,10,1059,0.999999,19.4761,0,0.0125179,1125 1124 1058 991 992 1060 1126 1059 1125 -1
GCP,adapt_p60-00000000000001_a180-0_113_map.h5,24.9945,10,94,1548,30.000000:180.000000,1324,True,142,11,1443,0.802359,22.7661,0,0.0142215,1439 1324 1384 1441 1385 1442 1495 1496 1443 1444 -1
GCP,adapt_p80-40593177313954_a45-0_441_map.h5,26.8612,10,423,1105,9.594069:45.000000,1042,True,15,13,1042,0.999995,26.5496,0,0.0125673,1109 1109 975 1043 1110 1044 976 1042 974 1041 1108 1175 -1
GCP,adapt_p80-40593177313954_a67-5_154_map.h5,25.0698,10,151,1535,9.594069:67.500000,1047,True,132,8,1112,0.831371,24.1008,0,0.0139774,1544 1047 1113 1046 1112 1111 1045 -1
GCP,adapt_p60-00000000000001_a157-5_451_map.h5,27.8612,10,443,711,30.000000:157.500000,1320,True,15,13,1320,0.999996,25.8979,0,0.0125708,1319 1319 1258 1257 1320 1378 1377 1435 1436 1379 1380 1321 -1
GCP,adapt_p80-40593177313954_a224-99999999999997_170_map.h5,27.843,10,404,722,9.594069:225.000000,1076,True,16,13,1077,0.999947,26.0257,0,0.0127694,1010 1010 1079 1078 1144 1143 1142 1077 1009 1076 1008 1075 -1
GCP,adapt_p60-00000000000001_a315-0_140_map.h5,25.8158,10,340,1434,30.000000:315.000000,1346,True,21,13,1403,0.999893,25.3472,0,0.0129813,1458 1458 1459 1404 1347 1346 1285 1284 1345 1403 1402 1344 -1
GCP,adapt_p70-52877936550931_a56-24999999999999_336_map.h5,27.8452,10,573,733,19.471220:56.250000,1177,True,10,10,1241,0.999998,18.5213,0,0.0125792,1177 1177 1112 1111 1178 1179 1242 1241 1240 -1
GCP,adapt_p80-40593177313954_a67-5_198_map.h5,27.8612,10,473,779,9.594069:67.500000,1047,True,15,13,1046,0.999997,25.542,0,0.0125975,1047 1047 980 979 978 1046 1113 1112 1111 1045 977 1044 -1
GCP,adapt_p70-52877936550931_a191-25_408_map.h5,27.8783,10,452,735,19.471220:191.250000,1201,True,12,12,1201,0.999999,22.6913,0,0.0124763,1264 1264 1265 1202 1201 1136 1135 1200 1263 1262 1199 -1
GCP,adapt_p11-715852394892384_a135-0_440_map.h5,27.8864,10,628,732,78.284149:135.000000,1770,True,8,8,1771,0.999999,13.3679,0,0.0123621,1752 1752 1751 1753 1771 1770 1785 -1
GCP,adapt_p48-18968510422141_a78-75_202_map.h5,27.8643,10,503,729,41.810314:78.750000,1478,True,11,11,1478,0.999999,20.1598,0,0.0124801,1425 1425 1479 1531 1530 1478 1424 1423 1477 1529 -1
GCP,adapt_p60-00000000000001_a90-0_395_map.h5,24.7473,10,96,1104,30.000000:90.000000,1309,True,342,11,1367,0.928172,23.0533,0,0.0241768,1531 1308 1309 1368 1367 1425 1424 1366 1307 1306 -1
GCP,adapt_p60-00000000000001_a22-5_502_map.h5,27.8743,10,371,774,30.000000:22.500000,1298,True,15,13,1234,0.999998,26.2137,0,0.0125067,1235 1235 1170 1233 1296 1297 1234 1171 1236 1299 1298 1357 -1
GCP,adapt_p35-659087696138755_a105-0_296_map.h5,27.8862,10,599,751,54.340912:105.000000,1579,True,10,10,1580,0.999999,18.6134,0,0.0125508,1579 1579 1534 1580 1622 1661 1623 1624 1581 -1
GCP,adapt_p35-659087696138755_a14-999999999999998_485_map.h5,27.8696,10,413,712,54.340912:15.000000,1568,True,13,13,1613,0.999999,25.0434,0,0.0132085,1612 1612 1613 1652 1653 1614 1570 1569 1568 1567 1520 1521 -1
GCP,adapt_p80-40593177313954_a315-0_114_map.h5,28.8931,10,563,378,9.594069:315.000000,1093,True,8,8,1025,0.999999,13.7351,0,0.0126921,1093 1093 1094 1026 1092 1024 1025 -1
GCP,adapt_p80-40593177313954_a67-5_44_map.h5,25.5741,10,164,1540,9.594069:67.500000,1047,False,53,12,1045,0.990479,25.2494,0,0.0126957,1042 1043 977 1044 1110 1111 1045 978 1112 1046 979 -1
GCP,adapt_p23-556464309101234_a157-5_90_map.h5,26.8281,10,287,1132,66.443535:157.500000,1701,True,20,13,1700,0.999935,24.8863,0,0.0126552,1665 1665 1664 1699 1700 1666 1628 1629 1667 1701 1729 1728 -1
GCP,adapt_p48-18968510422141_a303-75_117_map.h5,25.876,10,728,1455,41.810314:303.750000,1510,True,9,9,1458,0.999999,15.5653,0,0.0127463,1459 1459 1458 1457 1509 1559 1510 1511 -1
GCP,adapt_p35-659087696138755_a135-0_51_map.h5,28.8776,10,358,410,54.340912:135.000000,1583,True,11,11,1583,0.999999,20.8172,0,0.0131267,1537 1537 1584 1538 1583 1626 1625 1582 1536 1581 -1
GCP,adapt_p11-715852394892384_a225-0_424_map.h5,27.8704,10,517,776,78.284149:225.000000,1774,True,13,13,1774,0.999999,25.0436,0,0.0124223,1757 1757 1758 1776 1777 1789 1788 1787 1773 1774 1775 1756 -1
GCP,adapt_p60-00000000000001_a180-0_29_map.h5,27.8713,10,407,714,30.000000:180.000000,1324,True,11,11,1324,0.999999,21.0953,0,0.0124841,1323 1323 1381 1382 1324 1262 1261 1383 1325 1263 -1
GCP,adapt_p60-00000000000001_a22-5_482_map.h5,25.8694,10,650,1542,30.000000:22.500000,1298,True,11,11,1357,0.999998,20.5375,0,0.0124014,1297 1297 1298 1299 1358 1417 1416 1415 1357 1356 -1
GCP,adapt_p60-00000000000001_a45-0_152_map.h5,27.8052,10,171,707,30.000000:45.000000,1301,True,26,14,1301,0.999862,27.7754,0,0.012622,1418 1418 1359 1300 1237 1238 1301 1360 1419 1361 1362 1302 1239 -1
GCP,adapt_p48-18968510422141_a56-24999999999999_28_map.h5,26.8824,10,540,1150,41.810314:56.250000,1475,True,9,9,1475,0.999999,15.4255,0,0.0123918,1420 1420 1421 1422 1476 1475 1474 1526 -1
GCP,adapt_p35-659087696138755_a75-0_100_map.h5,28.8482,10,232,382,54.340912:75.000000,1576,True,16,14,1619,0.999998,27.6352,0,0.0135509,1574 1574 1528 1575 1618 1617 1656 1657 1658 1619 1620 1576 1529 -1
GCP,adapt_p80-40593177313954_a45-0_494_map.h5,26.4952,10,254,1117,9.594069:45.000000,1042,True,67,12,1042,0.984508,24.4114,0,0.0136127,1039 1106 1107 1041 974 975 1042 1108 1109 1043 976 -1
GCP,adapt_p70-52877936550931_a146-25_185_map.h5,25.6999,10,225,1571,19.471220:146.250000,1193,True,37,12,1127,0.995484,24.5629,0,0.0128862,1255 1192 1191 1126 1061 1127 1193 1194 1129 1128 1062 -1
GCP,adapt_p35-659087696138755_a14-999999999999998_37_map.h5,25.7432,10,183,1540,54.340912:15.000000,1568,True,33,13,1469,0.998161,25.1204,0,0.0125985,1569 1569 1568 1520 1468 1414 1415 1469 1521 1522 1470 1416 -1
GCP,adapt_p80-40593177313954_a22-5_96_map.h5,26.8643,10,459,1088,9.594069:22.500000,1038,True,15,13,1038,0.999998,26.3071,0,0.0124671,1039 1039 970 1037 1103 1104 1038 971 1040 1106 1105 1171 -1
GCP,adapt_p80-40593177313954_a90-0_0_map.h5,27.885,10,489,801,9.594069:90.000000,1051,True,11,11,1117,0.999999,21.1343,0,0.0127278,1050 1050 1049 1051 1052 1118 1117 1183 1116 1182 -1
GCP,adapt_p23-556464309101234_a67-5_244_map.h5,26.8873,10,561,1160,66.443535:67.500000,1693,True,9,9,1693,0.999998,15.5272,0,0.0134257,1658 1658 1694 1693 1657 1692 1722 1723 -1
GCP,adapt_p35-659087696138755_a165-0_587_map.h5,26.8527,10,444,1099,54.340912:165.000000,1587,True,15,13,1630,0.999994,25.614,0,0.0130991,1668 1668 1667 1701 1702 1631 1630 1587 1586 1629 1666 1628 -1
GCP,adapt_p70-52877936550931_a281-24999999999994_407_map.h5,26.7997,10,233,1145,19.471220:281.250000,1217,True,23,13,1216,0.999061,25.2498,0,0.0131448,1151 1151 1152 1217 1218 1280 1279 1216 1215 1278 1277 1214 -1
GCP,adapt_p80-40593177313954_a270-0_524_map.h5,25.3037,10,106,1478,9.594069:270.000000,1084,False,82,12,944,0.98444,24.7792,0,0.0130164,942 943 875 944 1011 1079 1080 1012 945 876 946 -1
GCP,adapt_p23-556464309101234_a202-5_568_map.h5,28.8262,10,229,346,66.443535:202.500000,1704,True,21,14,1730,0.999944,28.2978,0,0.0125704,1754 1754 1731 1704 1703 1669 1668 1702 1730 1755 1753 1729 1701 -1
GCP,adapt_p11-715852394892384_a315-0_317_map.h5,26.8002,10,246,1133,78.284149:315.000000,1778,True,28,13,1762,0.998003,25.0041,0,0.0125866,1791 1791 1778 1762 1761 1739 1740 1763 1779 1780 1765 1781 -1
GCP,adapt_p35-659087696138755_a285-0_519_map.h5,28.7735,10,255,350,54.340912:285.000000,1601,True,28,14,1643,0.999452,27.6995,0,0.0132709,1680 1680 1645 1604 1603 1644 1643 1602 1601 1642 1678 1679 1712 -1
GCP,adapt_p23-556464309101234_a22-5_127_map.h5,26.8711,10,413,1099,66.443535:22.500000,1689,True,13,13,1689,0.999999,26.3907,0,0.0127013,1720 1719 1718 1688 1652 1653 1689 1690 1654 1655 1691 1720 -1
GCP,adapt_p70-52877936550931_a258-75_292_map.h5,27.843,10,249,760,19.471220:258.750000,1213,True,20,14,1213,0.999953,27.7668,0,0.0127475,1212 1212 1275 1276 1277 1215 1214 1149 1083 1082 1148 1213 1147 -1
GCP,adapt_p48-18968510422141_a101-24999999999999_540_map.h5,23.5741,10,110,1838,41.810314:101.250000,1481,False,218,10,1581,0.776065,21.7327,0,0.0171673,1121 1483 1534 1580 1624 1581 1582 1535 1484 -1
GCP,adapt_p60-00000000000001_a135-0_370_map.h5,25.6625,10,254,1517,30.000000:135.000000,1316,True,45,13,1434,0.997912,25.0837,0,0.0132565,1432 1432 1375 1316 1317 1376 1433 1434 1435 1378 1377 1318 -1
GCP,adapt_p48-18968510422141_a101-24999999999999_356_map.h5,25.8753,10,777,1447,41.810314:101.250000,1481,True,9,9,1428,0.999999,15.5789,0,0.0125081,1481 1481 1532 1533 1482 1429 1428 1427 -1
GCP,adapt_p48-18968510422141_a191-25_476_map.h5,25.8564,10,356,1507,41.810314:191.250000,1494,True,13,12,1494,0.999998,22.715,0,0.0124024,1495 1495 1442 1441 1494 1545 1590 1544 1543 1493 1440 -1
GCP,adapt_p60-00000000000001_a0-0_107_map.h5,26.8472,10,499,1161,30.000000:0.000000,1294,True,13,13,1294,0.999999,25.4398,0,0.0125808,1231 1231 1293 1353 1411 1294 1354 1295 1232 1296 1355 1356 -1
GCP,adapt_p23-556464309101234_a22-5_388_map.h5,26.6865,10,132,1143,66.443535:22.500000,1689,True,46,13,1688,0.979946,25.3955,0,0.0132707,1745 1745 1744 1743 1687 1652 1651 1688 1718 1719 1689 1653 -1
GCP,adapt_p70-52877936550931_a191-25_404_map.h5,28.8568,10,309,401,19.471220:191.250000,1201,True,13,13,1200,0.999999,25.0966,0,0.0149714,1136 1136 1202 1265 1264 1201 1135 1200 1263 1262 1199 1134 -1
GCP,adapt_p60-00000000000001_a315-0_336_map.h5,26.8552,10,490,1085,30.000000:315.000000,1346,True,12,12,1346,0.999999,22.8972,0,0.0125268,1285 1285 1284 1345 1402 1403 1346 1404 1405 1347 1286 -1
GCP,adapt_p11-715852394892384_a135-0_419_map.h5,26.2256,10,117,1111,78.284149:135.000000,1770,False,118,12,1485,0.8832,24.4043,0,0.0138917,1376 1433 1486 1537 1538 1583 1582 1536 1484 1485 1432 -1
GCP,adapt_p23-556464309101234_a22-5_228_map.h5,27.8733,10,377,735,66.443535:22.500000,1689,True,12,12,1719,0.999998,22.9212,0,0.0124553,1720 1720 1745 1746 1719 1718 1688 1652 1653 1689 1690 -1
GCP,adapt_p48-18968510422141_a258-75_333_map.h5,26.8332,10,316,1100,41.810314:258.750000,1504,True,20,13,1504,0.999979,25.9621,0,0.01259,1554 1554 1503 1553 1502 1450 1451 1504 1452 1453 1505 1555 -1
GCP,adapt_p60-00000000000001_a337-49999999999994_110_map.h5,28.8814,10,338,365,30.000000:337.500000,1350,True,13,13,1350,0.999999,25.785,0,0.0124292,1407 1407 1464 1463 1408 1409 1352 1351 1290 1289 1350 1349 -1
GCP,adapt_p80-40593177313954_a112-49999999999999_310_map.h5,27.2734,10,120,757,9.594069:112.500000,1055,True,96,13,989,0.971931,27.2396,0,0.0141647,920 988 1056 1122 1121 1055 921 922 989 1057 990 923 -1
GCP,adapt_p60-00000000000001_a202-49999999999997_185_map.h5,27.8824,10,471,825,30.000000:202.500000,1328,True,10,10,1327,0.999999,18.4596,0,0.0123848,1328 1328 1385 1386 1327 1326 1264 1265 1266 -1
GCP,adapt_p60-00000000000001_a135-0_438_map.h5,25.0917,10,138,1505,30.000000:135.000000,1316,False,132,11,1128,0.857702,24.1305,0,0.0140609,1257 1194 1129 1128 1061 1126 1192 1127 1193 1374 -1
GCP,adapt_p60-00000000000001_a157-5_576_map.h5,26.857,10,394,1116,30.000000:157.500000,1320,True,16,12,1258,0.999992,24.5696,0,0.0128048,1195 1258 1257 1194 1256 1318 1319 1320 1321 1259 1195 -1
GCP,adapt_p23-556464309101234_a157-5_141_map.h5,27.8863,10,475,773,66.443535:157.500000,1701,True,8,8,1729,0.999999,12.9304,0,0.0125071,1701 1701 1702 1730 1729 1728 1700 -1
GCP,adapt_p70-52877936550931_a281-24999999999994_128_map.h5,28.7773,10,267,403,19.471220:281.250000,1217,True,29,14,1217,0.999025,27.7026,0,0.0124328,1278 1278 1215 1151 1216 1279 1280 1217 1152 1153 1218 1154 1219 -1
GCP,adapt_p48-18968510422141_a11-25_152_map.h5,26.5068,10,198,1184,41.810314:11.250000,1468,True,65,12,1414,0.874823,25.2252,0,0.012908,1232 1355 1413 1468 1414 1356 1469 1521 1522 1470 1415 -1
GCP,adapt_p48-18968510422141_a303-75_218_map.h5,27.8854,10,540,763,41.810314:303.750000,1510,True,11,11,1510,0.999999,20.8644,0,0.012361,1459 1459 1458 1457 1509 1510 1460 1512 1511 1560 -1
GCP,adapt_p48-18968510422141_a258-75_299_map.h5,25.748,10,217,1538,41.810314:258.750000,1504,True,31,13,1452,0.997589,25.4261,0,0.0128528,1454 1454 1397 1453 1506 1505 1504 1452 1396 1395 1451 1394 -1
GCP,adapt_p80-40593177313954_a67-5_132_map.h5,27.84,10,406,803,9.594069:67.500000,1047,True,18,12,1047,0.999943,23.7944,0,0.0127679,979 979 978 1046 980 1049 1115 1114 1048 1047 1113 -1
GCP,adapt_p11-715852394892384_a45-0_412_map.h5,25.8566,10,333,1489,78.284149:45.000000,1766,True,17,13,1766,0.999993,25.5139,0,0.0132023,1782 1782 1781 1765 1783 1767 1766 1747 1720 1746 1745 1744 -1
GCP,adapt_p70-52877936550931_a191-25_48_map.h5,27.7843,10,230,762,19.471220:191.250000,1201,True,30,14,1201,0.999179,27.7188,0,0.0125465,1137 1137 1136 1070 1135 1200 1199 1262 1263 1264 1201 1202 1265 -1
GCP,adapt_p23-556464309101234_a337-5_274_map.h5,25.8442,10,616,1394,66.443535:337.500000,1716,True,14,13,1716,0.999998,24.8901,0,0.0125253,1685 1685 1684 1683 1715 1741 1742 1716 1717 1743 1687 1686 -1
GCP,adapt_p60-00000000000001_a157-5_599_map.h5,28.7508,10,209,423,30.000000:157.500000,1320,True,31,14,1322,0.999191,27.632,0,0.0130185,1379 1379 1320 1257 1258 1259 1321 1380 1381 1322 1260 1261 1323 -1
GCP,adapt_p70-52877936550931_a11-25_429_map.h5,27.8823,10,550,705,19.471220:11.250000,1169,True,11,11,1169,0.999999,20.5311,0,0.0124794,1170 1170 1104 1103 1102 1168 1231 1232 1169 1233 -1
GCP,adapt_p70-52877936550931_a78-75_141_map.h5,26.639,10,251,1121,19.471220:78.750000,1181,False,46,13,1365,0.900348,25.3621,0,0.0127346,1178 1178 1112 1113 1179 1243 1306 1364 1365 1366 1307 1244 -1
GCP,adapt_p60-00000000000001_a157-5_205_map.h5,26.8362,10,523,1130,30.000000:157.500000,1320,True,17,13,1321,0.999971,25.8628,0,0.0126166,1322 1322 1380 1381 1259 1321 1320 1258 1257 1319 1378 1379 -1
GCP,adapt_p35-659087696138755_a224-99999999999997_168_map.h5,26.8817,10,545,1096,54.340912:225.000000,1594,True,10,10,1594,0.999999,17.9827,0,0.0131235,1550 1550 1549 1593 1635 1636 1594 1595 1637 -1
GCP,adapt_p11-715852394892384_a225-0_118_map.h5,28.8453,10,328,376,78.284149:225.000000,1774,True,15,14,1775,0.999999,27.3363,0,0.0124423,1759 1759 1735 1758 1757 1756 1774 1775 1776 1760 1777 1789 1788 -1
GCP,adapt_p11-715852394892384_a45-0_537_map.h5,27.8705,10,381,755,78.284149:45.000000,1766,True,13,13,1767,0.999999,24.8394,0,0.0132992,1783 1783 1768 1767 1782 1781 1765 1766 1745 1746 1747 1748 -1
GCP,adapt_p60-00000000000001_a157-5_87_map.h5,25.7332,10,155,1522,30.000000:157.500000,1320,False,36,12,1195,0.993908,23.1818,0,0.0125652,1321 1321 1257 1194 1128 1129 1195 1258 1259 1196 1130 -1
GCP,adapt_p80-40593177313954_a337-49999999999994_333_map.h5,26.8797,10,540,1181,9.594069:337.500000,1097,True,10,10,1097,0.999999,18.7401,0,0.0130858,1162 1162 1161 1096 1227 1163 1097 1098 1164 -1
GCP,adapt_p48-18968510422141_a123-74999999999999_515_map.h5,27.8603,10,462,743,41.810314:123.750000,1484,True,10,10,1484,0.999999,18.3277,0,0.0125145,1431 1431 1483 1430 1484 1535 1536 1485 1432 -1
GCP,adapt_p35-659087696138755_a285-0_571_map.h5,24.6341,10,112,1556,54.340912:285.000000,1601,False,204,10,977,0.522096,22.9914,0,0.0165611,911 1045 977 976 1044 1110 1111 1309 1368 -1
GCP,adapt_p60-00000000000001_a157-5_94_map.h5,26.0183,10,97,1143,30.000000:157.500000,1320,False,148,12,1187,0.776173,25.8036,0,0.0143962,1428 1315 1252 1189 1188 1251 1187 1121 1120 1186 1185 -1
GCP,adapt_p60-00000000000001_a270-0_298_map.h5,26.8711,10,508,1084,30.000000:270.000000,1339,True,12,12,1339,0.999999,22.9648,0,0.0127208,1278 1278 1279 1341 1398 1340 1339 1397 1396 1338 1277 -1
GCP,adapt_p80-40593177313954_a224-99999999999997_410_map.h5,25.1145,10,211,1465,9.594069:225.000000,1076,True,129,12,1078,0.896983,24.5292,0,0.0141014,1012 1079 1145 1144 1078 1011 1010 1009 1077 1143 1076 -1
GCP,adapt_p70-52877936550931_a78-75_188_map.h5,27.6879,10,221,758,19.471220:78.750000,1181,True,44,14,1245,0.995698,27.6961,0,0.0128598,1116 1116 1183 1246 1308 1245 1182 1181 1244 1307 1306 1243 1180 -1
GCP,adapt_p70-52877936550931_a11-25_29_map.h5,23.7372,10,148,1500,19.471220:11.250000,1169,False,333,10,1311,0.682244,22.9168,0,0.0234433,1585 1427 1369 1310 1370 1311 1248 1249 1312 -1
GCP,adapt_p80-40593177313954_a22-5_590_map.h5,28.8345,10,344,343,9.594069:22.500000,1038,True,17,14,1037,0.999995,28.4272,0,0.0132849,1038 1038 1103 1104 1037 970 971 903 902 969 1036 968 1035 -1
GCP,adapt_p70-52877936550931_a281-24999999999994_1_map.h5,27.8514,10,428,733,19.471220:281.250000,1217,True,18,13,1217,0.999995,25.2041,0,0.0134424,1154 1154 1219 1281 1218 1153 1217 1152 1151 1216 1279 1280 -1
GCP,adapt_p60-00000000000001_a180-0_332_map.h5,28.8853,10,432,385,30.000000:180.000000,1324,True,11,11,1324,0.999999,20.438,0,0.0124503,1382 1382 1323 1261 1324 1262 1263 1325 1383 1384 -1
GCP,adapt_p80-40593177313954_a0-0_37_map.h5,28.7814,10,209,385,9.594069:0.000000,1034,False,25,13,1102,0.998508,25.519,0,0.0134037,1103 1103 1036 1035 1101 1166 1230 1167 1231 1168 1102 1169 -1
GCP,adapt_p70-52877936550931_a213-75_377_map.h5,25.8703,10,771,1529,19.471220:213.750000,1205,True,13,13,1140,0.999998,25.6308,0,0.0124664,1206 1206 1142 1207 1141 1075 1074 1140 1139 1205 1268 1269 -1
GCP,adapt_p48-18968510422141_a33-75_319_map.h5,26.876,10,584,1120,41.810314:33.750000,1471,True,11,11,1471,0.999999,21.1203,0,0.0128109,1523 1523 1472 1418 1524 1471 1417 1416 1470 1522 -1
GCP,adapt_p70-52877936550931_a78-75_527_map.h5,28.8751,10,345,412,19.471220:78.750000,1181,True,12,12,1182,0.999999,23.5878,0,0.0126252,1181 1181 1180 1244 1245 1182 1116 1115 1246 1183 1117 -1
GCP,adapt_p80-40593177313954_a45-0_191_map.h5,28.8413,10,243,359,9.594069:45.000000,1042,True,21,14,1110,0.99999,28.0718,0,0.0134661,1176 1176 1175 1108 1042 1043 1109 1110 1044 1045 1111 1177 1112 -1
GCP,adapt_p60-00000000000001_a112-49999999999999_537_map.h5,26.8533,10,491,1111,30.000000:112.500000,1313,True,13,13,1250,0.999998,25.8342,0,0.0124691,1313 1313 1371 1312 1251 1188 1187 1250 1186 1249 1248 1311 -1
GCP,adapt_p70-52877936550931_a303-75_66_map.h5,27.8415,10,375,730,19.471220:303.750000,1221,True,19,13,1220,0.999995,25.7639,0,0.0133797,1219 1219 1155 1154 1220 1282 1283 1284 1221 1156 1157 1222 -1
GCP,adapt_p48-18968510422141_a258-75_536_map.h5,27.8644,10,545,744,41.810314:258.750000,1504,True,12,12,1451,0.999999,23.3689,0,0.0124311,1503 1503 1552 1502 1450 1451 1553 1554 1505 1504 1452 -1
GCP,adapt_p80-40593177313954_a0-0_157_map.h5,27.8625,10,581,716,9.594069:0.000000,1034,True,15,13,1034,0.999998,26.1239,0,0.0132648,1100 1100 1099 1032 967 1033 1034 1166 1101 1035 968 1036 -1
GCP,adapt_p48-18968510422141_a258-75_494_map.h5,27.8938,10,709,712,41.810314:258.750000,1504,True,9,9,1504,0.999999,15.8045,0,0.0129672,1503 1503 1450 1451 1452 1505 1504 1553 -1
GCP,adapt_p48-18968510422141_a33-75_403_map.h5,27.8248,10,329,705,41.810314:33.750000,1471,True,20,13,1417,0.999854,24.9074,0,0.0129666,1358 1358 1359 1360 1418 1472 1524 1523 1471 1417 1416 1470 -1
GCP,adapt_p48-18968510422141_a348-74999999999994_235_map.h5,26.8288,10,439,1167,41.810314:348.750000,1517,True,17,12,1518,0.999522,23.3305,0,0.0129753,1412 1412 1413 1467 1566 1519 1518 1466 1465 1517 1516 -1
GCP,adapt_p48-18968510422141_a168-74999999999997_135_map.h5,25.1629,10,126,1511,41.810314:168.750000,1491,False,120,12,1544,0.921563,24.9303,0,0.0148837,1498 1496 1495 1545 1494 1493 1492 1542 1543 1544 1589 -1
GCP,adapt_p80-40593177313954_a157-5_110_map.h5,27.8873,10,556,773,9.594069:157.500000,1063,True,11,11,1064,0.999999,20.7264,0,0.0125147,1130 1130 1065 1131 1064 996 1063 1129 1128 1062 -1
GCP,adapt_p80-40593177313954_a180-0_515_map.h5,25.811,10,213,1479,9.594069:180.000000,1067,True,23,12,1133,0.999654,23.7786,0,0.012799,1198 1198 1134 1068 1067 1133 1199 1197 1131 1132 1066 -1
GCP,adapt_p70-52877936550931_a33-75_200_map.h5,26.8393,10,422,1109,19.471220:33.750000,1173,True,15,13,1171,0.999997,25.2899,0,0.0125213,1235 1235 1236 1173 1107 1106 1172 1171 1105 1104 1170 1234 -1
GCP,adapt_p48-18968510422141_a326-24999999999994_257_map.h5,25.5294,10,170,1486,41.810314:326.250000,1514,False,69,12,1403,0.972113,24.5353,0,0.0133399,1349 1347 1405 1404 1346 1345 1403 1459 1458 1402 1344 -1
GCP,adapt_p80-40593177313954_a224-99999999999997_236_map.h5,27.8843,10,506,736,9.594069:225.000000,1076,True,12,12,1076,0.999999,23.7146,0,0.0125296,1077 1077 1008 1009 1076 1143 1142 1141 1075 1007 1074 -1
GCP,adapt_p70-52877936550931_a168-74999999999997_13_map.h5,27.5573,10,141,728,19.471220:168.750000,1197,True,59,13,1196,0.98626,26.8484,0,0.0135228,1323 1261 1198 1131 1197 1260 1259 1196 1130 1129 1195 1194 -1
GCP,adapt_p23-556464309101234_a112-5_548_map.h5,26.818,10,331,1181,66.443535:112.500000,1697,True,22,13,1726,0.999766,24.953,0,0.0127609,1751 1751 1727 1726 1697 1662 1661 1696 1725 1750 1724 1695 -1
GCP,adapt_p70-52877936550931_a33-75_125_map.h5,26.8212,10,323,1117,19.471220:33.750000,1173,True,19,13,1237,0.999921,25.6807,0,0.0126029,1235 1235 1299 1300 1236 1172 1173 1174 1237 1301 1238 1175 -1
GCP,adapt_p35-659087696138755_a195-0_581_map.h5,26.8163,10,278,1145,54.340912:195.000000,1590,True,18,13,1589,0.999725,25.8099,0,0.0124529,1590 1590 1544 1543 1588 1630 1668 1669 1589 1631 1632 1633 -1
GCP,adapt_p35-659087696138755_a285-0_256_map.h5,27.8079,10,447,719,54.340912:285.000000,1601,True,20,13,1601,0.999679,25.2256,0,0.0139134,1506 1506 1505 1555 1600 1556 1507 1557 1601 1642 1643 1602 -1
GCP,adapt_p48-18968510422141_a258-75_478_map.h5,28.8391,10,182,403,41.810314:258.750000,1504,True,19,14,1554,0.999986,28.118,0,0.0126612,1599 1599 1600 1598 1597 1552 1502 1503 1553 1554 1504 1505 1555 -1
GCP,adapt_p35-659087696138755_a14-999999999999998_200_map.h5,27.8144,10,228,816,54.340912:15.000000,1568,True,22,14,1568,0.999921,27.7416,0,0.0124402,1613 1613 1612 1611 1610 1519 1467 1468 1520 1567 1568 1521 1569 -1
GCP,adapt_p23-556464309101234_a22-5_442_map.h5,25.7978,10,458,1481,66.443535:22.500000,1689,True,17,12,1689,0.999949,24.1156,0,0.0129885,1653 1689 1688 1652 1651 1687 1718 1719 1720 1690 1653 -1
GCP,adapt_p35-659087696138755_a255-00000000000003_358_map.h5,26.8694,10,631,1049,54.340912:255.000000,1598,True,13,13,1639,0.999999,25.856,0,0.0124215,1597 1597 1553 1599 1598 1640 1677 1676 1639 1596 1638 1675 -1
GCP,adapt_p80-40593177313954_a180-0_25_map.h5,25.6631,10,109,1550,9.594069:180.000000,1067,True,44,13,1133,0.991407,25.2581,0,0.0126738,1000 1000 1068 1134 1199 1133 1067 1066 1132 1198 1261 1197 -1
GCP,adapt_p48-18968510422141_a11-25_2_map.h5,25.561,10,150,1505,41.810314:11.250000,1468,False,60,12,1415,0.992554,24.3539,0,0.012767,1355 1356 1414 1469 1470 1416 1358 1298 1297 1357 1415 -1
GCP,adapt_p80-40593177313954_a157-5_292_map.h5,27.8062,10,462,732,9.594069:157.500000,1063,False,21,13,1066,0.999588,25.7473,0,0.0125778,1064 1064 1131 1130 1065 997 998 1066 1132 1133 1067 1068 -1
GCP,adapt_p48-18968510422141_a146-25_485_map.h5,27.8875,10,542,742,41.810314:146.250000,1488,True,10,10,1435,0.999999,17.9322,0,0.012319,1434 1434 1435 1436 1489 1539 1488 1487 1538 -1
GCP,adapt_p11-715852394892384_a45-0_300_map.h5,27.8062,10,347,769,78.284149:45.000000,1766,True,28,14,1766,0.996137,26.1881,0,0.0126066,1797 1797 1796 1793 1792 1783 1768 1767 1782 1781 1780 1765 1766 -1
GCP,adapt_p70-52877936550931_a213-75_537_map.h5,25.3526,10,119,1519,19.471220:213.750000,1205,False,90,12,1107,0.988563,24.3744,0,0.0132042,975 1042 1109 1175 1174 1108 1041 1107 1173 1106 1040 -1
GCP,adapt_p60-00000000000001_a22-5_271_map.h5,26.7939,10,265,1103,30.000000:22.500000,1298,True,22,13,1298,0.999659,26.2492,0,0.0129604,1299 1299 1359 1300 1358 1357 1415 1298 1297 1356 1355 1296 -1
GCP,adapt_p35-659087696138755_a105-0_107_map.h5,26.8692,10,391,1009,54.340912:105.000000,1579,True,13,13,1622,0.999999,25.2192,0,0.0126293,1578 1578 1532 1533 1579 1622 1621 1660 1661 1662 1623 1580 -1
GCP,adapt_p70-52877936550931_a348-74999999999994_461_map.h5,28.8059,10,232,365,19.471220:348.750000,1229,True,23,14,1229,0.999804,28.8175,0,0.0128569,1291 1291 1230 1292 1293 1167 1166 1165 1164 1229 1290 1228 1163 -1
GCP,adapt_p23-556464309101234_a247-49999999999997_64_map.h5,26.0169,10,92,1069,66.443535:247.500000,1708,True,154,12,1708,0.848364,25.6982,0,0.0148709,1550 1639 1676 1709 1736 1757 1734 1707 1735 1708 1675 -1
GCP,adapt_p60-00000000000001_a157-5_365_map.h5,26.8451,10,527,1154,30.000000:157.500000,1320,True,13,13,1320,0.999999,25.164,0,0.012715,1258 1258 1259 1321 1320 1319 1257 1256 1318 1377 1378 1379 -1
GCP,adapt_p11-715852394892384_a45-0_262_map.h5,25.6594,10,224,1463,78.284149:45.000000,1766,True,54,12,1747,0.980144,23.714,0,0.0133388,1750 1749 1768 1783 1767 1766 1746 1747 1748 1722 1723 -1
GCP,adapt_p23-556464309101234_a247-49999999999997_419_map.h5,25.5407,10,98,1572,66.443535:247.500000,1708,False,68,13,1789,0.923825,24.9333,0,0.0130592,1781 1791 1790 1797 1796 1795 1789 1788 1775 1776 1777 1760 -1
GCP,adapt_p80-40593177313954_a135-0_475_map.h5,25.912,10,121,1098,9.594069:135.000000,1059,False,163,12,1377,0.903727,25.3422,0,0.015639,1437 1378 1435 1434 1377 1319 1193 1256 1318 1376 1317 -1
GCP,adapt_p48-18968510422141_a213-75_415_map.h5,27.8707,10,537,749,41.810314:213.750000,1497,True,12,12,1444,0.999999,23.6535,0,0.0131392,1496 1496 1547 1546 1548 1498 1445 1497 1444 1443 1495 -1
GCP,adapt_p70-52877936550931_a168-74999999999997_298_map.h5,27.8673,10,571,715,19.471220:168.750000,1197,True,12,12,1197,0.999999,22.9544,0,0.0124431,1131 1131 1130 1195 1259 1196 1197 1260 1261 1198 1132 -1
GCP,adapt_p60-00000000000001_a315-0_496_map.h5,27.8793,10,566,760,30.000000:315.000000,1346,True,11,11,1346,0.999999,20.3154,0,0.0124547,1347 1347 1286 1285 1284 1345 1403 1346 1404 1405 -1
GCP,adapt_p70-52877936550931_a146-25_512_map.h5,27.8734,10,451,776,19.471220:146.250000,1193,True,12,12,1129,0.999999,23.4843,0,0.0123759,1194 1194 1195 1196 1130 1063 1129 1193 1127 1128 1062 -1
GCP,adapt_p35-659087696138755_a255-00000000000003_78_map.h5,22.2392,10,93,1821,54.340912:255.000000,1598,False,434,11,1784,0.448752,20.7471,0,0.0318669,1727 1770 1785 1786 1784 1783 1792 1793 1794 1795 -1
GCP,adapt_p35-659087696138755_a195-0_329_map.h5,27.885,10,579,732,54.340912:195.000000,1590,True,10,10,1633,0.999999,17.7694,0,0.0127484,1590 1590 1591 1592 1634 1671 1670 1633 1632 -1
GCP,adapt_p60-00000000000001_a224-99999999999997_545_map.h5,26.4647,10,118,1083,30.000000:225.000000,1331,True,78,12,1390,0.967626,24.7672,0,0.0131324,1448 1391 1446 1447 1390 1332 1331 1269 1330 1388 1389 -1
GCP,adapt_p80-40593177313954_a67-5_546_map.h5,26.8764,10,634,1091,9.594069:67.500000,1047,True,12,12,1047,0.999999,23.5771,0,0.0123605,1113 1113 1112 1114 1048 980 1047 979 1046 978 1045 -1
GCP,adapt_p70-52877936550931_a326-24999999999994_252_map.h5,26.8764,10,693,1057,19.471220:326.250000,1225,True,10,10,1225,0.999999,18.5497,0,0.012367,1226 1226 1160 1161 1225 1224 1287 1288 1289 -1
GCP,adapt_p80-40593177313954_a337-49999999999994_449_map.h5,25.0515,10,157,1489,9.594069:337.500000,1097,True,134,11,1098,0.904629,23.6861,0,0.0141905,1349 1163 1097 1030 1098 1164 1031 1099 1165 1100 -1
GCP,adapt_p60-00000000000001_a112-49999999999999_557_map.h5,25.7233,10,152,1528,30.000000:112.500000,1313,True,33,13,1250,0.994872,25.1296,0,0.0124979,1314 1314 1251 1188 1187 1250 1313 1312 1311 1248 1249 1186 -1
GCP,adapt_p80-40593177313954_a247-49999999999997_415_map.h5,28.8469,10,235,347,9.594069:247.500000,1080,True,19,14,1146,0.999992,27.9455,0,0.0129284,1145 1145 1211 1146 1079 1080 1013 1081 1147 1212 1213 1148 1082 -1
GCP,adapt_p80-40593177313954_a202-49999999999997_253_map.h5,25.777,10,354,1584,9.594069:202.500000,1072,True,25,13,1004,0.999212,25.6008,0,0.0128198,1002 1002 1069 1070 1003 1071 1137 1072 1004 1005 1073 1006 -1
GCP,adapt_p23-556464309101234_a202-5_454_map.h5,26.7399,10,260,1175,66.443535:202.500000,1704,True,35,13,1706,0.997643,24.9821,0,0.012869,1756 1756 1757 1734 1733 1732 1704 1705 1706 1707 1673 1672 -1
GCP,adapt_p23-556464309101234_a292-5_566_map.h5,26.8734,10,456,1132,66.443535:292.500000,1712,True,12,12,1712,0.999999,22.6934,0,0.0124219,1713 1713 1712 1679 1680 1681 1714 1740 1739 1738 1711 -1
GCP,adapt_p70-52877936550931_a56-24999999999999_235_map.h5,25.8422,10,394,1506,19.471220:56.250000,1177,True,17,12,1110,0.999888,23.0902,0,0.0125607,1109 1109 1110 1111 1178 1241 1177 1240 1239 1176 1175 -1
GCP,adapt_p80-40593177313954_a224-99999999999997_505_map.h5,26.8722,10,398,1118,9.594069:225.000000,1076,True,14,13,1075,0.999998,25.3779,0,0.0125435,1076 1076 1142 1077 1009 1008 1007 1075 1141 1140 1074 1006 -1
GCP,adapt_p48-18968510422141_a168-74999999999997_412_map.h5,27.8172,10,282,702,41.810314:168.750000,1491,True,23,13,1437,0.999548,25.5844,0,0.0125676,1381 1381 1439 1492 1491 1438 1380 1437 1490 1541 1489 1436 -1
GCP,adapt_p11-715852394892384_a225-0_254_map.h5,25.8794,10,695,1508,78.284149:225.000000,1774,True,11,11,1774,0.999999,20.3316,0,0.0123895,1787 1787 1775 1788 1774 1757 1756 1755 1773 1772 -1
GCP,adapt_p60-00000000000001_a247-49999999999997_94_map.h5,27.8863,10,510,780,30.000000:247.500000,1335,True,10,10,1394,0.999999,17.9658,0,0.0125168,1395 1395 1394 1393 1335 1274 1275 1336 1337 -1
GCP,adapt_p70-52877936550931_a303-75_374_map.h5,25.571,10,203,1437,19.471220:303.750000,1221,True,61,12,1284,0.931582,24.3448,0,0.0127562,1158 1222 1285 1345 1284 1221 1283 1344 1402 1401 1343 -1
GCP,adapt_p11-715852394892384_a45-0_136_map.h5,26.7981,10,274,1110,78.284149:45.000000,1766,True,27,13,1746,0.999548,24.9205,0,0.0127405,1747 1747 1767 1766 1765 1780 1744 1745 1718 1719 1746 1720 -1
GCP,adapt_p48-18968510422141_a191-25_344_map.h5,26.7594,10,296,1109,41.810314:191.250000,1494,True,15,13,1544,0.999997,26.2774,0,0.0124086,1543 1543 1493 1440 1492 1588 1589 1544 1494 1590 1545 1495 -1
GCP,adapt_p23-556464309101234_a247-49999999999997_24_map.h5,26.8752,10,544,1147,66.443535:247.500000,1708,True,11,11,1709,0.999999,20.9006,0,0.0126388,1675 1675 1674 1676 1710 1737 1736 1709 1708 1735 -1
GCP,adapt_p35-659087696138755_a344-99999999999994_224_map.h5,25.8872,10,709,1486,54.340912:345.000000,1609,True,7,7,1609,0.999999,10.7392,0,0.0125329,1649 1649 1650 1610 1609 1608 -1
GCP,adapt_p48-18968510422141_a168-74999999999997_281_map.h5,25.7718,10,279,1550,41.810314:168.750000,1491,True,28,13,1382,0.999513,25.2041,0,0.0129953,1324 1324 1323 1381 1438 1437 1491 1492 1439 1382 1383 1440 -1
GCP,adapt_p80-40593177313954_a315-0_354_map.h5,28.6759,10,245,364,9.594069:315.000000,1093,True,45,14,1159,0.995283,28.3366,0,0.0128701,1027 1027 1096 1095 1161 1160 1094 1159 1093 1092 1157 1158 1223 -1
GCP,adapt_p35-659087696138755_a75-0_353_map.h5,26.8582,10,544,1117,54.340912:75.000000,1576,True,14,13,1575,0.999999,25.7346,0,0.0126155,1576 1576 1528 1529 1575 1574 1617 1618 1657 1658 1619 1620 -1
GCP,adapt_p60-00000000000001_a112-49999999999999_553_map.h5,27.872,10,521,729,30.000000:112.500000,1313,True,13,13,1313,0.999999,25.1211,0,0.0127971,1250 1250 1249 1311 1370 1371 1312 1313 1372 1373 1314 1251 -1
GCP,adapt_p60-00000000000001_a90-0_294_map.h5,28.8947,10,491,380,30.000000:90.000000,1309,True,12,12,1368,0.999999,23.7719,0,0.0131431,1309 1309 1369 1310 1426 1425 1368 1308 1367 1366 1307 -1
GCP,adapt_p80-40593177313954_a292-5_324_map.h5,26.7906,10,230,1191,9.594069:292.500000,1088,True,26,13,1089,0.999543,26.0123,0,0.0131291,1087 1087 1154 1219 1153 1088 1020 1021 1089 1155 1156 1090 -1
GCP,adapt_p48-18968510422141_a123-74999999999999_388_map.h5,25.7036,10,198,1513,41.810314:123.750000,1484,True,41,13,1431,0.981683,25.6688,0,0.0131556,1429 1429 1373 1374 1431 1430 1483 1534 1535 1484 1485 1432 -1
GCP,adapt_p48-18968510422141_a258-75_43_map.h5,27.8784,10,564,768,41.810314:258.750000,1504,True,11,11,1451,0.999999,20.9239,0,0.0123535,1504 1504 1553 1552 1502 1449 1450 1503 1452 1451 -1
GCP,adapt_p48-18968510422141_a348-74999999999994_559_map.h5,27.877,10,283,739,41.810314:348.750000,1517,True,12,12,1566,0.999999,23.6991,0,0.0127747,1610 1610 1518 1519 1567 1566 1517 1516 1565 1609 1608 -1
GCP,adapt_p80-40593177313954_a292-5_498_map.h5,27.848,10,410,708,9.594069:292.500000,1088,True,17,13,1089,0.999985,26.2308,0,0.0127901,1090 1090 1021 1022 1089 1156 1155 1154 1088 1020 1087 1153 -1
GCP,adapt_p11-715852394892384_a135-0_236_map.h5,26.885,10,535,1079,78.284149:135.000000,1770,True,13,13,1753,0.999999,25.0989,0,0.0127846,1770 1770 1771 1772 1786 1785 1751 1752 1728 1729 1753 1754 -1
GCP,adapt_p60-00000000000001_a270-0_389_map.h5,26.8604,10,466,1087,30.000000:270.000000,1339,True,11,11,1339,0.999998,20.7871,0,0.0123742,1278 1278 1338 1277 1339 1397 1398 1340 1279 1341 -1
GCP,adapt_p80-40593177313954_a0-0_136_map.h5,27.6855,10,230,764,9.594069:0.000000,1034,True,41,13,1100,0.997762,27.3198,0,0.0132603,1035 1101 1167 1166 1034 1033 1100 1032 1099 1165 1230 1164 -1
GCP,adapt_p48-18968510422141_a56-24999999999999_382_map.h5,26.8269,10,266,1117,41.810314:56.250000,1475,True,20,13,1475,0.999951,26.6102,0,0.0128853,1420 1421 1422 1476 1528 1527 1475 1474 1526 1525 1473 1420 -1
GCP,adapt_p23-556464309101234_a202-5_115_map.h5,25.0688,10,101,1130,66.443535:202.500000,1704,True,319,9,1194,0.535675,23.0902,0,0.022767,1380 1195 1194 1633 1670 1704 1703 1731 -1
GCP,adapt_p48-18968510422141_a236-25_445_map.h5,26.7622,10,446,1141,41.810314:236.250000,1501,False,27,13,1447,0.998568,25.5407,0,0.0125862,1331 1331 1330 1388 1445 1499 1446 1389 1390 1447 1448 1391 -1
GCP,adapt_p11-715852394892384_a45-0_107_map.h5,27.8974,10,658,722,78.284149:45.000000,1766,True,8,8,1766,0.999999,12.7529,0,0.0123877,1746 1746 1747 1767 1766 1765 1745 -1
GCP,adapt_p35-659087696138755_a75-0_83_map.h5,26.8184,10,285,1176,54.340912:75.000000,1576,True,22,13,1530,0.999935,26.1331,0,0.0123983,1577 1577 1479 1480 1531 1578 1530 1478 1477 1529 1576 1575 -1
GCP,adapt_p35-659087696138755_a75-0_388_map.h5,27.8356,10,365,752,54.340912:75.000000,1576,True,17,13,1619,0.999985,25.9987,0,0.0132098,1659 1659 1577 1621 1660 1620 1576 1575 1619 1658 1657 1618 -1
GCP,adapt_p70-52877936550931_a168-74999999999997_140_map.h5,26.8514,10,469,1123,19.471220:168.750000,1197,True,14,13,1198,0.999999,25.4879,0,0.0124319,1262 1262 1263 1200 1134 1133 1132 1198 1199 1261 1260 1197 -1
GCP,adapt_p70-52877936550931_a78-75_213_map.h5,26.8441,10,283,1145,19.471220:78.750000,1181,True,19,13,1180,0.999984,26.2948,0,0.0126754,1181 1181 1114 1180 1244 1245 1306 1243 1242 1179 1113 1178 -1
GCP,adapt_p70-52877936550931_a258-75_420_map.h5,27.8147,10,224,752,19.471220:258.750000,1213,False,20,13,1337,0.999938,25.3008,0,0.0130972,1336 1336 1274 1212 1275 1276 1337 1395 1396 1338 1277 1339 -1
GCP,adapt_p80-40593177313954_a112-49999999999999_137_map.h5,28.8212,10,223,371,9.594069:112.500000,1055,True,21,14,1055,0.999859,28.1684,0,0.0125968,1120 1120 1187 1121 1054 1053 986 987 1055 988 1056 1122 1123 -1
GCP,adapt_p60-00000000000001_a180-0_598_map.h5,25.8865,10,724,1529,30.000000:180.000000,1324,True,9,9,1382,0.999999,16.023,0,0.0123249,1323 1323 1322 1381 1324 1383 1382 1439 -1
GCP,adapt_p48-18968510422141_a168-74999999999997_91_map.h5,27.6539,10,95,768,41.810314:168.750000,1491,True,48,13,1541,0.992931,26.522,0,0.0128622,1440 1493 1492 1543 1588 1542 1491 1490 1541 1540 1586 1587 -1
GCP,adapt_p70-52877936550931_a348-74999999999994_150_map.h5,26.8555,10,390,1111,19.471220:348.750000,1229,True,16,13,1229,0.999997,25.4937,0,0.0133339,1228 1228 1164 1165 1230 1166 1167 1293 1292 1229 1291 1290 -1
GCP,adapt_p23-556464309101234_a157-5_263_map.h5,26.8479,10,267,1133,66.443535:157.500000,1701,True,18,13,1700,0.99998,25.9873,0,0.0128807,1666 1666 1701 1667 1700 1665 1664 1699 1729 1753 1728 1727 -1
GCP,adapt_p48-18968510422141_a303-75_345_map.h5,27.8661,10,372,813,41.810314:303.750000,1510,True,12,12,1458,0.999998,22.9353,0,0.0126892,1510 1510 1511 1460 1459 1403 1458 1402 1401 1457 1509 -1
GCP,adapt_p70-52877936550931_a191-25_417_map.h5,26.8097,10,374,993,19.471220:191.250000,1201,True,25,13,1201,0.999883,25.3875,0,0.0130719,1136 1136 1202 1265 1264 1201 1263 1200 1135 1134 1199 1133 -1
GCP,adapt_p80-40593177313954_a135-0_270_map.h5,27.8767,10,355,792,9.594069:135.000000,1059,True,13,13,1060,0.999998,25.8322,0,0.0131046,993 993 1059 1125 1058 991 992 1060 1126 1127 1061 994 -1
GCP,adapt_p35-659087696138755_a165-0_486_map.h5,27.8702,10,459,745,54.340912:165.000000,1587,True,14,13,1587,0.999996,26.404,0,0.0126154,1630 1630 1542 1588 1541 1540 1586 1587 1629 1667 1628 1585 -1
GCP,adapt_p70-52877936550931_a123-74999999999999_36_map.h5,27.8389,10,454,728,19.471220:123.750000,1189,True,19,13,1188,0.99999,25.467,0,0.0128564,1252 1252 1190 1253 1189 1123 1122 1188 1251 1250 1187 1186 -1
GCP,adapt_p80-40593177313954_a337-49999999999994_445_map.h5,27.8277,10,387,721,9.594069:337.500000,1097,True,19,13,1097,0.99988,25.9031,0,0.0131007,1162 1162 1161 1095 1096 1029 1097 1163 1164 1098 1030 1099 -1
GCP,adapt_p70-52877936550931_a303-75_197_map.h5,25.6213,10,166,1479,19.471220:303.750000,1221,True,45,12,1157,0.952773,24.6073,0,0.0134508,1089 1090 1156 1221 1222 1223 1157 1091 1092 1158 1159 -1
GCP,adapt_p80-40593177313954_a180-0_158_map.h5,25.6704,10,103,1106,9.594069:180.000000,1067,False,206,12,1707,0.768495,23.9779,0,0.0172017,1758 1735 1708 1674 1637 1636 1673 1672 1706 1707 1734 -1
GCP,adapt_p35-659087696138755_a135-0_191_map.h5,25.7163,10,177,1543,54.340912:135.000000,1583,True,36,13,1582,0.995532,25.1818,0,0.0125767,1535 1535 1536 1537 1486 1538 1584 1583 1626 1625 1582 1581 -1
GCP,adapt_p23-556464309101234_a202-5_206_map.h5,26.8631,10,482,1144,66.443535:202.500000,1704,True,11,11,1732,0.999998,20.1835,0,0.013706,1733 1733 1705 1704 1703 1731 1755 1732 1756 1757 -1
GCP,adapt_p48-18968510422141_a123-74999999999999_476_map.h5,27.8583,10,330,784,41.810314:123.750000,1484,True,15,13,1430,0.999995,25.9947,0,0.0125163,1372 1372 1429 1430 1373 1313 1314 1374 1431 1484 1485 1432 -1
GCP,adapt_p70-52877936550931_a101-24999999999999_570_map.h5,27.8691,10,434,787,19.471220:101.250000,1185,True,15,13,1119,0.999974,25.3288,0,0.0127508,1184 1184 1118 1117 1183 1247 1248 1185 1186 1120 1119 1052 -1
GCP,adapt_p80-40593177313954_a67-5_322_map.h5,25.9705,10,107,1101,9.594069:67.500000,1047,False,147,12,1298,0.903681,25.297,0,0.0152518,1472 1415 1356 1297 1234 1235 1298 1357 1416 1358 1299 -1
GCP,adapt_p48-18968510422141_a56-24999999999999_399_map.h5,25.727,10,232,1504,41.810314:56.250000,1475,True,33,13,1574,0.99629,25.4858,0,0.0127246,1474 1474 1475 1476 1528 1576 1575 1618 1574 1527 1526 1573 -1
GCP,adapt_p48-18968510422141_a326-24999999999994_401_map.h5,26.8606,10,551,1059,41.810314:326.250000,1514,True,15,13,1462,0.999997,25.7113,0,0.0132215,1514 1514 1562 1513 1461 1405 1406 1462 1563 1515 1463 1407 -1
GCP,adapt_p60-00000000000001_a22-5_453_map.h5,27.8124,10,429,815,30.000000:22.500000,1298,True,15,13,1356,0.999997,25.7796,0,0.012426,1355 1355 1414 1415 1357 1298 1234 1297 1356 1296 1233 1295 -1
GCP,adapt_p35-659087696138755_a344-99999999999994_100_map.h5,25.8182,10,242,1404,54.340912:345.000000,1609,True,19,13,1609,0.999965,25.738,0,0.0125515,1610 1610 1650 1611 1609 1566 1565 1608 1607 1648 1649 1685 -1
GCP,adapt_p60-00000000000001_a292-5_24_map.h5,25.6238,10,222,1450,30.000000:292.500000,1343,True,48,12,1401,0.994629,24.4774,0,0.0130385,1404 1403 1458 1457 1456 1400 1401 1343 1344 1402 1345 -1
GCP,adapt_p35-659087696138755_a75-0_554_map.h5,26.8632,10,459,1128,54.340912:75.000000,1576,True,13,13,1619,0.999998,25.3227,0,0.0125915,1575 1575 1574 1618 1657 1619 1576 1577 1621 1620 1658 1659 -1
GCP,adapt_p80-40593177313954_a135-0_50_map.h5,27.8313,10,338,773,9.594069:135.000000,1059,True,21,13,1059,0.999976,25.2251,0,0.0125049,1058 1058 990 991 992 1059 1125 1126 1060 993 1061 1127 -1
GCP,adapt_p35-659087696138755_a105-0_332_map.h5,24.5438,10,66,1115,54.340912:105.000000,1579,True,389,10,1579,0.770866,23.8032,0,0.0277108,1688 1533 1532 1578 1579 1622 1623 1580 1534 -1
GCP,adapt_p60-00000000000001_a90-0_389_map.h5,27.864,10,433,805,30.000000:90.000000,1309,True,14,13,1309,0.999998,25.9805,0,0.0127863,1367 1367 1366 1307 1246 1247 1310 1311 1369 1368 1309 1308 -1
GCP,adapt_p80-40593177313954_a45-0_62_map.h5,27.8245,10,239,747,9.594069:45.000000,1042,True,22,13,975,0.999934,25.8793,0,0.0133385,1044 1044 977 976 1043 1042 975 908 974 1041 973 1040 -1
GCP,adapt_p48-18968510422141_a78-75_200_map.h5,26.8651,10,417,1145,41.810314:78.750000,1478,True,13,13,1478,0.999999,25.0031,0,0.0127168,1530 1530 1529 1477 1423 1424 1478 1479 1425 1426 1480 1531 -1
GCP,adapt_p35-659087696138755_a105-0_41_map.h5,24.3237,10,102,1489,54.340912:105.000000,1579,True,270,10,1535,0.602803,23.0502,0,0.0199418,1725 1770 1771 1772 1579 1580 1534 1581 1535 -1
GCP,adapt_p35-659087696138755_a45-0_82_map.h5,27.8843,10,405,696,54.340912:45.000000,1572,True,11,11,1615,0.999998,20.2494,0,0.012444,1572 1572 1525 1524 1571 1570 1614 1654 1615 1616 -1
GCP,adapt_p23-556464309101234_a112-5_405_map.h5,27.8894,10,495,812,66.443535:112.500000,1697,True,9,9,1697,0.999999,15.2304,0,0.012436,1725 1725 1726 1697 1662 1661 1696 1695 -1
GCP,adapt_p70-52877936550931_a213-75_117_map.h5,27.8172,10,292,727,19.471220:213.750000,1205,True,22,13,1269,0.99899,26.0614,0,0.012529,1204 1204 1268 1330 1267 1205 1140 1206 1207 1270 1269 1331 -1
GCP,adapt_p48-18968510422141_a326-24999999999994_370_map.h5,27.8601,10,427,790,41.810314:326.250000,1514,True,15,14,1514,0.999998,27.3376,0,0.012739,1562 1562 1563 1564 1515 1463 1462 1514 1513 1461 1460 1512 1561 -1
GCP,adapt_p11-715852394892384_a225-0_321_map.h5,27.8405,10,278,710,78.284149:225.000000,1774,True,19,13,1758,0.999986,25.4771,0,0.0133498,1775 1775 1756 1774 1757 1733 1734 1735 1758 1776 1759 1736 -1
GCP,adapt_p35-659087696138755_a195-0_155_map.h5,25.357,10,146,1488,54.340912:195.000000,1590,False,99,12,1443,0.940725,25.2486,0,0.0137038,1588 1494 1442 1385 1386 1443 1495 1496 1497 1444 1387 -1
GCP,adapt_p80-40593177313954_a135-0_326_map.h5,27.8785,10,577,769,9.594069:135.000000,1059,True,9,9,1058,0.999998,16.2147,0,0.0123209,1125 1125 1058 1057 1123 1124 1059 1126 -1
GCP,adapt_p70-52877936550931_a191-25_579_map.h5,27.8519,10,461,706,19.471220:191.250000,1201,True,19,13,1201,0.999976,25.6556,0,0.0128698,1202 1202 1203 1137 1201 1264 1263 1200 1134 1135 1136 1070 -1
GCP,adapt_p11-715852394892384_a315-0_520_map.h5,25.7479,10,201,1551,78.284149:315.000000,1778,True,32,13,1761,0.998149,25.2843,0,0.0129052,1740 1740 1763 1762 1739 1738 1737 1759 1760 1761 1778 1777 -1
GCP,adapt_p48-18968510422141_a123-74999999999999_533_map.h5,27.8464,10,325,709,41.810314:123.750000,1484,True,19,14,1431,0.999988,27.765,0,0.0124069,1484 1484 1430 1373 1315 1374 1431 1432 1375 1433 1486 1485 1536 -1
GCP,adapt_p48-18968510422141_a11-25_58_map.h5,25.4236,10,166,1535,41.810314:11.250000,1468,True,78,11,1413,0.943661,22.8233,0,0.0131579,1566 1413 1412 1466 1518 1467 1468 1414 1469 1415 -1
GCP,adapt_p23-556464309101234_a247-49999999999997_22_map.h5,27.8869,10,622,727,66.443535:247.500000,1708,True,10,10,1708,0.999999,17.9708,0,0.012891,1735 1735 1707 1674 1675 1708 1736 1709 1676 -1
GCP,adapt_p48-18968510422141_a56-24999999999999_481_map.h5,26.8713,10,440,1093,41.810314:56.250000,1475,True,11,11,1421,0.999999,22.3317,0,0.0124491,1475 1474 1420 1362 1363 1421 1422 1476 1526 1475 -1
GCP,adapt_p80-40593177313954_a0-0_503_map.h5,26.7902,10,301,1077,9.594069:0.000000,1034,True,26,13,1034,0.998784,25.5085,0,0.0126296,967 967 1033 1034 1035 1102 1101 1166 1100 1032 1099 1165 -1
GCP,adapt_p80-40593177313954_a22-5_420_map.h5,27.8792,10,632,687,9.594069:22.500000,1038,True,11,11,1038,0.999999,20.6207,0,0.0125855,970 970 971 1039 1038 1104 1037 969 1036 1103 -1
GCP,adapt_p48-18968510422141_a213-75_197_map.h5,26.8229,10,280,1099,41.810314:213.750000,1497,True,20,13,1497,0.999852,25.6717,0,0.012959,1443 1443 1444 1387 1496 1546 1547 1497 1548 1498 1445 1446 -1
GCP,adapt_p48-18968510422141_a191-25_148_map.h5,27.8861,10,651,773,41.810314:191.250000,1494,True,8,8,1441,0.999999,13.6448,0,0.0126985,1494 1494 1495 1442 1493 1440 1441 -1
GCP,adapt_p60-00000000000001_a0-0_171_map.h5,27.8693,10,405,768,30.000000:0.000000,1294,True,13,13,1294,0.999999,26.402,0,0.0125244,1293 1293 1411 1292 1353 1294 1231 1232 1295 1354 1355 1296 -1
GCP,adapt_p48-18968510422141_a146-25_6_map.h5,27.884,10,542,741,41.810314:146.250000,1488,True,12,12,1487,0.999999,22.9075,0,0.0127748,1538 1538 1539 1489 1435 1488 1487 1434 1433 1486 1537 -1
GCP,adapt_p80-40593177313954_a315-0_477_map.h5,27.8054,10,359,756,9.594069:315.000000,1093,True,23,13,1157,0.998802,25.7427,0,0.0124304,1222 1222 1156 1221 1157 1091 1092 1158 1223 1159 1093 1094 -1
GCP,adapt_p70-52877936550931_a101-24999999999999_387_map.h5,22.6586,10,70,1028,19.471220:101.250000,1185,False,565,7,1371,0.619394,21.3291,0,0.0438683,1229 1370 1428 1429 1371 1312 -1
GCP,adapt_p70-52877936550931_a281-24999999999994_562_map.h5,25.7602,10,163,1561,19.471220:281.250000,1217,True,30,13,1217,0.998664,25.0928,0,0.0135607,1280 1280 1281 1219 1154 1153 1218 1217 1152 1151 1216 1279 -1
GCP,adapt_p80-40593177313954_a224-99999999999997_493_map.h5,25.8199,10,475,1484,9.594069:225.000000,1076,True,19,13,1076,0.999954,25.6936,0,0.0128928,1008 1008 1077 1078 1010 1009 1076 1142 1141 1075 1074 1140 -1
GCP,adapt_p23-556464309101234_a337-5_243_map.h5,26.8639,10,476,1158,66.443535:337.500000,1716,True,14,13,1687,0.999998,25.1138,0,0.0129374,1685 1685 1686 1651 1688 1718 1743 1687 1717 1742 1716 1684 -1
GCP,adapt_p80-40593177313954_a292-5_327_map.h5,23.1127,10,117,1919,9.594069:292.500000,1088,False,261,7,1069,0.391603,23.0156,0,0.0189974,1155 1070 1069 1132 1131 1197 -1
GCP,adapt_p80-40593177313954_a337-49999999999994_196_map.h5,23.5818,10,54,1103,9.594069:337.500000,1097,False,552,6,1167,0.188684,22.4771,0,0.0425896,1141 1030 1230 1293 1167 -1
GCP,adapt_p60-00000000000001_a202-49999999999997_569_map.h5,27.8542,10,380,735,30.000000:202.500000,1328,True,15,13,1328,0.999997,25.1367,0,0.0125544,1265 1265 1264 1326 1327 1328 1266 1267 1329 1387 1386 1385 -1
GCP,adapt_p48-18968510422141_a303-75_562_map.h5,25.7492,10,184,1497,41.810314:303.750000,1510,True,32,13,1459,0.998609,25.2936,0,0.0125967,1560 1560 1512 1460 1404 1403 1459 1511 1510 1458 1402 1457 -1
GCP,adapt_p80-40593177313954_a112-49999999999999_354_map.h5,27.8612,10,539,762,9.594069:112.500000,1055,True,15,13,1054,0.999997,25.5678,0,0.0126082,1055 1055 988 987 986 1054 1121 1120 1119 1053 985 1052 -1
GCP,adapt_p70-52877936550931_a11-25_299_map.h5,25.7869,10,225,1421,19.471220:11.250000,1169,True,25,12,1169,0.999759,23.3997,0,0.0128898,1102 1102 1232 1168 1169 1103 1104 1170 1233 1234 1171 -1
GCP,adapt_p48-18968510422141_a168-74999999999997_384_map.h5,28.8873,10,532,375,41.810314:168.750000,1491,True,11,11,1541,0.999999,20.722,0,0.0125047,1490 1490 1436 1489 1437 1438 1491 1542 1541 1540 -1
GCP,adapt_p60-00000000000001_a292-5_69_map.h5,23.1551,10,88,1550,30.000000:292.500000,1343,False,436,9,1270,0.473776,21.1826,0,0.0343568,1441 1200 1206 1269 1270 1332 1271 1333 -1
GCP,adapt_p80-40593177313954_a315-0_39_map.h5,27.8242,10,441,673,9.594069:315.000000,1093,True,17,13,1092,0.999997,26.277,0,0.0126164,1093 1093 1024 1025 1092 1159 1158 1157 1091 1023 1090 1156 -1
GCP,adapt_p48-18968510422141_a213-75_331_map.h5,27.8325,10,400,801,41.810314:213.750000,1497,True,18,13,1497,0.999935,26.0154,0,0.013331,1548 1548 1498 1445 1497 1547 1592 1593 1444 1443 1496 1546 -1
GCP,adapt_p23-556464309101234_a22-5_596_map.h5,27.8642,10,374,780,66.443535:22.500000,1689,True,15,14,1689,0.999998,27.5425,0,0.0125948,1688 1688 1651 1687 1718 1719 1689 1720 1690 1654 1653 1652 1613 -1
GCP,adapt_p60-00000000000001_a224-99999999999997_392_map.h5,26.4957,10,144,1091,30.000000:225.000000,1331,True,78,12,1389,0.777826,25.4442,0,0.0130732,1147 1146 1211 1273 1210 1145 1209 1272 1390 1389 1331 -1
GCP,adapt_p35-659087696138755_a344-99999999999994_596_map.h5,27.8934,10,580,759,54.340912:345.000000,1609,True,8,8,1609,0.999999,13.0831,0,0.0123431,1608 1608 1649 1650 1610 1609 1565 -1
GCP,adapt_p60-00000000000001_a247-49999999999997_362_map.h5,27.8813,10,605,738,30.000000:247.500000,1335,True,11,11,1336,1,20.3764,0,0.0124491,1275 1275 1276 1337 1395 1336 1394 1393 1335 1274 -1
GCP,adapt_p48-18968510422141_a326-24999999999994_539_map.h5,26.8911,10,817,1131,41.810314:326.250000,1514,True,7,7,1462,0.999999,10.9482,0,0.0137309,1514 1514 1562 1513 1462 1461 -1
GCP,adapt_p23-556464309101234_a202-5_127_map.h5,28.8375,10,260,387,66.443535:202.500000,1704,True,19,14,1731,0.999988,27.9282,0,0.0132497,1754 1754 1755 1731 1703 1702 1730 1773 1756 1733 1732 1704 1705 -1
GCP,adapt_p60-00000000000001_a67-5_224_map.h5,26.8835,10,485,1044,30.000000:67.500000,1305,True,10,10,1306,0.999999,18.4464,0,0.0133326,1305 1305 1243 1242 1306 1307 1366 1365 1364 -1
GCP,adapt_p60-00000000000001_a292-5_547_map.h5,25.063,10,218,1473,30.000000:292.500000,1343,False,132,11,1218,0.984253,24.9258,0,0.0145125,1272 1216 1152 1217 1280 1281 1218 1153 1154 1219 -1
GCP,adapt_p80-40593177313954_a22-5_285_map.h5,27.8321,10,262,765,9.594069:22.500000,1038,True,19,13,970,0.999945,26.0785,0,0.0126712,969 969 968 1036 1038 1104 1103 1037 970 903 971 1039 -1
GCP,adapt_p35-659087696138755_a165-0_266_map.h5,27.8894,10,610,725,54.340912:165.000000,1587,True,8,8,1586,0.999999,13.0014,0,0.0123846,1587 1587 1630 1629 1586 1540 1541 -1
GCP,adapt_p60-00000000000001_a45-0_94_map.h5,27.8562,10,363,740,30.000000:45.000000,1301,True,15,14,1301,0.999998,27.6176,0,0.012552,1360 1360 1300 1237 1238 1301 1302 1239 1303 1362 1420 1419 1361 -1
GCP,adapt_p80-40593177313954_a337-49999999999994_86_map.h5,27.8402,10,414,763,9.594069:337.500000,1097,True,15,13,1096,0.999992,26.6614,0,0.0125856,1162 1162 1095 1161 1227 1228 1163 1096 1097 1098 1164 1229 -1
GCP,adapt_p60-00000000000001_a292-5_577_map.h5,25.1148,10,161,1481,30.000000:292.500000,1343,True,125,10,1343,0.776855,22.8991,0,0.013985,1218 1342 1343 1401 1402 1344 1283 1162 1163 -1
GCP,adapt_p48-18968510422141_a56-24999999999999_381_map.h5,26.8773,10,552,1152,41.810314:56.250000,1475,True,13,13,1421,0.999999,25.2787,0,0.0124776,1475 1475 1476 1528 1527 1474 1420 1421 1363 1364 1422 1423 -1
GCP,adapt_p70-52877936550931_a281-24999999999994_210_map.h5,27.8743,10,429,734,19.471220:281.250000,1217,True,14,13,1216,0.999999,25.7433,0,0.012488,1215 1215 1151 1150 1216 1278 1279 1280 1217 1152 1153 1218 -1
GCP,adapt_p60-00000000000001_a157-5_133_map.h5,24.6961,10,148,1797,30.000000:157.500000,1320,False,40,12,1322,0.990334,24.343,0,0.0126708,1324 1323 1261 1260 1322 1381 1382 1438 1437 1380 1321 -1
GCP,adapt_p60-00000000000001_a292-5_79_map.h5,27.872,10,380,724,30.000000:292.500000,1343,True,13,13,1343,0.999999,25.0576,0,0.0127682,1283 1283 1284 1345 1344 1343 1282 1281 1342 1400 1401 1402 -1
GCP,adapt_p70-52877936550931_a56-24999999999999_234_map.h5,26.8833,10,427,1119,19.471220:56.250000,1177,True,13,13,1177,0.999999,25.6449,0,0.0124801,1111 1111 1176 1239 1175 1109 1110 1177 1240 1241 1178 1112 -1
GCP,adapt_p60-00000000000001_a247-49999999999997_557_map.h5,25.7301,10,201,1513,30.000000:247.500000,1335,True,34,13,1394,0.996416,25.2753,0,0.0126731,1337 1337 1336 1335 1334 1392 1393 1449 1450 1394 1395 1451 -1
GCP,adapt_p48-18968510422141_a303-75_273_map.h5,27.8904,10,667,734,41.810314:303.750000,1510,True,8,8,1511,0.999999,12.9212,0,0.0124075,1510 1510 1559 1560 1511 1459 1458 -1
GCP,adapt_p35-659087696138755_a105-0_97_map.h5,25.8493,10,483,1468,54.340912:105.000000,1579,True,13,13,1580,0.999999,25.0493,0,0.0125464,1581 1581 1535 1534 1580 1624 1662 1661 1623 1622 1579 1533 -1
GCP,adapt_p48-18968510422141_a78-75_380_map.h5,28.8777,10,262,390,41.810314:78.750000,1478,True,15,14,1424,0.999999,28.1716,0,0.0130319,1366 1366 1308 1307 1367 1424 1423 1477 1478 1479 1425 1426 1368 -1
GCP,adapt_p60-00000000000001_a202-49999999999997_305_map.h5,25.5158,10,203,1521,30.000000:202.500000,1328,False,66,12,1443,0.968785,23.9309,0,0.0129829,1384 1385 1386 1443 1496 1546 1545 1495 1442 1441 1494 -1
GCP,adapt_p80-40593177313954_a22-5_160_map.h5,27.8649,10,461,768,9.594069:22.500000,1038,True,12,12,1038,0.999998,23.4589,0,0.0128109,970 970 971 1039 1105 1104 1038 969 1036 1037 1103 -1
GCP,adapt_p48-18968510422141_a213-75_148_map.h5,25.5135,10,207,1465,41.810314:213.750000,1497,True,71,12,1497,0.943296,23.8311,0,0.0132686,1593 1548 1498 1445 1444 1387 1386 1443 1496 1497 1547 -1
GCP,adapt_p70-52877936550931_a303-75_94_map.h5,25.0187,10,114,1076,19.471220:303.750000,1221,False,303,11,1160,0.418233,24.7467,0,0.0208934,1228 1161 1160 1224 1159 1090 1089 1088 1155 1220 -1
GCP,adapt_p35-659087696138755_a224-99999999999997_470_map.h5,26.5565,10,106,1132,54.340912:225.000000,1594,False,65,12,1500,0.904944,24.449,0,0.0132628,1595 1596 1597 1598 1552 1502 1501 1551 1550 1500 1499 -1
GCP,adapt_p23-556464309101234_a112-5_292_map.h5,26.0298,10,80,1092,66.443535:112.500000,1697,False,156,12,1695,0.975109,24.5019,0,0.01489,1620 1660 1696 1725 1750 1749 1723 1724 1695 1694 1693 -1
GCP,adapt_p60-00000000000001_a337-49999999999994_179_map.h5,25.8212,10,302,1464,30.000000:337.500000,1350,True,21,13,1349,0.999953,25.6947,0,0.0126263,1287 1287 1286 1347 1348 1406 1349 1288 1350 1290 1289 1226 -1
GCP,adapt_p48-18968510422141_a281-24999999999994_12_map.h5,26.834,10,448,1121,41.810314:281.250000,1507,True,18,13,1455,0.999993,25.3666,0,0.0127885,1456 1456 1509 1558 1557 1508 1455 1507 1556 1506 1454 1398 -1
GCP,adapt_p48-18968510422141_a11-25_54_map.h5,28.8741,10,436,392,41.810314:11.250000,1468,True,14,14,1468,0.999999,28.8332,0,0.0126584,1521 1521 1467 1413 1356 1414 1468 1520 1469 1415 1416 1470 1522 -1
GCP,adapt_p11-715852394892384_a315-0_479_map.h5,27.8583,10,541,749,78.284149:315.000000,1778,True,15,14,1763,0.999998,26.7971,0,0.0124895,1762 1762 1761 1778 1790 1791 1781 1765 1780 1779 1763 1764 1744 -1
GCP,adapt_p80-40593177313954_a224-99999999999997_257_map.h5,25.7769,10,410,1543,9.594069:225.000000,1076,True,27,12,1077,0.998681,23.2407,0,0.0129152,1075 1075 1009 1008 1076 1142 1143 1077 1010 1078 1144 -1
GCP,adapt_p48-18968510422141_a78-75_236_map.h5,27.8704,10,367,728,41.810314:78.750000,1478,True,11,11,1478,0.999998,20.3731,0,0.0123579,1477 1477 1423 1424 1425 1479 1478 1529 1530 1531 -1
GCP,adapt_p48-18968510422141_a146-25_202_map.h5,26.7879,10,312,1080,41.810314:146.250000,1488,True,24,13,1435,0.998882,25.4177,0,0.0128873,1487 1487 1538 1488 1539 1540 1490 1489 1436 1378 1435 1434 -1
GCP,adapt_p48-18968510422141_a213-75_355_map.h5,26.8743,10,459,1104,41.810314:213.750000,1497,True,11,11,1498,0.999999,20.3185,0,0.0124576,1445 1445 1444 1497 1547 1548 1498 1549 1499 1446 -1
GCP,adapt_p11-715852394892384_a135-0_160_map.h5,25.8012,10,231,1529,78.284149:135.000000,1770,True,25,13,1770,0.998771,25.7189,0,0.0126464,1785 1785 1772 1753 1752 1771 1770 1769 1768 1751 1750 1749 -1
GCP,adapt_p48-18968510422141_a33-75_257_map.h5,25.5758,10,221,1444,41.810314:33.750000,1471,True,55,12,1522,0.962034,24.3621,0,0.0130282,1468 1469 1470 1522 1521 1568 1569 1570 1523 1471 1418 -1
GCP,adapt_p60-00000000000001_a337-49999999999994_69_map.h5,25.8404,10,299,1494,30.000000:337.500000,1350,True,16,12,1291,0.99998,23.5349,0,0.0134173,1350 1350 1290 1289 1351 1408 1409 1352 1292 1291 1228 -1
GCP,adapt_p80-40593177313954_a247-49999999999997_74_map.h5,26.7724,10,338,1075,9.594069:247.500000,1080,True,24,13,1012,0.999457,25.337,0,0.0124235,1078 1078 1010 1011 944 945 1012 1079 1080 1013 1081 1014 -1
GCP,adapt_p80-40593177313954_a157-5_374_map.h5,27.8639,10,395,742,9.594069:157.500000,1063,True,14,13,1063,0.999997,26.6468,0,0.0128874,995 1063 996 995 1062 1128 1129 1130 1064 997 1065 1131 -1
GCP,adapt_p60-00000000000001_a180-0_35_map.h5,26.8499,10,277,1098,30.000000:180.000000,1324,True,16,13,1382,0.999973,26.1497,0,0.0129221,1381 1381 1324 1262 1325 1383 1440 1439 1438 1382 1323 1322 -1
GCP,adapt_p23-556464309101234_a67-5_240_map.h5,27.8774,10,479,755,66.443535:67.500000,1693,True,13,13,1656,0.999999,25.0972,0,0.0123789,1693 1693 1658 1619 1618 1657 1656 1617 1655 1691 1692 1722 -1
GCP,adapt_p80-40593177313954_a202-49999999999997_479_map.h5,26.5815,10,258,1112,9.594069:202.500000,1072,False,61,12,1136,0.933532,24.6612,0,0.013336,1262 1263 1135 1136 1201 1264 1265 1202 1137 1138 1203 -1
GCP,adapt_p80-40593177313954_a270-0_369_map.h5,27.824,10,402,725,9.594069:270.000000,1084,True,20,13,1149,0.999515,26.1584,0,0.0128087,1150 1150 1085 1084 1215 1214 1213 1149 1083 1082 1148 1147 -1
GCP,adapt_p35-659087696138755_a195-0_263_map.h5,25.7797,10,512,1461,54.340912:195.000000,1590,True,17,13,1590,0.999983,25.3282,0,0.0130904,1589 1589 1544 1545 1590 1632 1591 1633 1670 1671 1634 1592 -1
GCP,adapt_p48-18968510422141_a326-24999999999994_275_map.h5,26.6271,10,270,1243,41.810314:326.250000,1514,False,52,12,1605,0.913804,25.6764,0,0.0127195,1606 1605 1646 1645 1604 1461 1462 1406 1348 1407 1349 -1
GCP,adapt_p11-715852394892384_a315-0_180_map.h5,25.885,10,725,1467,78.284149:315.000000,1778,True,10,10,1779,0.999999,17.9239,0,0.0127503,1763 1763 1762 1761 1778 1779 1764 1780 1791 -1
GCP,adapt_p35-659087696138755_a195-0_446_map.h5,28.777,10,217,365,54.340912:195.000000,1590,True,27,14,1591,0.999438,27.9361,0,0.0128144,1632 1632 1589 1590 1545 1546 1591 1633 1592 1547 1593 1635 1634 -1
GCP,adapt_p60-00000000000001_a180-0_595_map.h5,28.8894,10,373,360,30.000000:180.000000,1324,True,10,10,1324,0.999999,18.0929,0,0.0124343,1325 1325 1383 1382 1323 1261 1324 1262 1263 -1
GCP,adapt_p48-18968510422141_a146-25_588_map.h5,27.6145,10,232,754,41.810314:146.250000,1488,True,49,13,1488,0.990783,27.1474,0,0.0133303,1541 1490 1489 1436 1540 1539 1538 1488 1435 1434 1487 1486 -1
GCP,adapt_p60-00000000000001_a22-5_442_map.h5,27.887,10,578,751,30.000000:22.500000,1298,True,9,9,1298,0.999998,15.7509,0,0.0127572,1234 1234 1233 1297 1357 1298 1235 1299 -1
GCP,adapt_p23-556464309101234_a292-5_404_map.h5,27.8854,10,395,714,66.443535:292.500000,1712,True,11,11,1680,0.999999,20.2361,0,0.0123995,1713 1713 1681 1645 1644 1680 1643 1679 1712 1711 -1
GCP,adapt_p35-659087696138755_a45-0_295_map.h5,27.8763,10,443,761,54.340912:45.000000,1572,True,13,13,1572,0.999999,24.7549,0,0.0124758,1617 1617 1656 1655 1616 1615 1571 1524 1525 1572 1573 1526 -1
GCP,adapt_p80-40593177313954_a0-0_81_map.h5,25.5747,10,132,1503,9.594069:0.000000,1034,True,58,12,1100,0.977114,24.9182,0,0.0131036,968 1035 1166 1034 1033 1100 1032 1099 1165 1164 1098 -1
GCP,adapt_p60-00000000000001_a202-49999999999997_255_map.h5,26.4223,10,143,1111,30.000000:202.500000,1328,True,80,12,1328,0.989328,24.7449,0,0.0135384,1330 1329 1267 1387 1328 1266 1265 1327 1326 1385 1386 -1
GCP,adapt_p35-659087696138755_a315-0_465_map.h5,26.7558,10,348,1160,54.340912:315.000000,1605,True,26,12,1645,0.994415,22.9229,0,0.0129653,1681 1681 1646 1605 1604 1645 1603 1644 1643 1679 1678 -1
GCP,adapt_p70-52877936550931_a168-74999999999997_398_map.h5,25.6509,10,140,1537,19.471220:168.750000,1197,True,46,13,1259,0.996648,25.2772,0,0.0128674,1198 1198 1197 1196 1195 1258 1320 1321 1259 1322 1260 1261 -1
GCP,adapt_p70-52877936550931_a258-75_301_map.h5,25.8764,10,759,1448,19.471220:258.750000,1213,True,11,11,1213,0.999999,21.2973,0,0.0123578,1214 1214 1215 1277 1276 1213 1148 1149 1275 1212 -1
GCP,adapt_p23-556464309101234_a247-49999999999997_380_map.h5,26.8182,10,281,1118,66.443535:247.500000,1708,False,17,13,1641,0.999866,25.8415,0,0.0125595,1642 1642 1599 1641 1677 1640 1639 1676 1710 1711 1678 1679 -1
GCP,adapt_p80-40593177313954_a202-49999999999997_435_map.h5,25.2484,10,150,1518,9.594069:202.500000,1072,False,107,11,1203,0.748123,22.9288,0,0.013427,1199 1136 1137 1202 1203 1204 1267 1205 1268 1269 -1
GCP,adapt_p60-00000000000001_a67-5_286_map.h5,27.8252,10,296,757,30.000000:67.500000,1305,True,22,13,1304,0.999962,25.8354,0,0.0126511,1364 1364 1363 1303 1240 1177 1241 1304 1365 1306 1305 1242 -1
GCP,adapt_p48-18968510422141_a33-75_282_map.h5,28.8472,10,279,391,41.810314:33.750000,1471,True,18,14,1416,0.999995,27.8209,0,0.0125755,1358 1358 1359 1418 1472 1523 1471 1417 1416 1470 1469 1415 1357 -1
GCP,adapt_p80-40593177313954_a202-49999999999997_540_map.h5,26.9754,10,57,379,9.594069:202.500000,1072,False,332,12,1120,0.914856,26.6207,0,0.0229034,1426 1053 1119 1120 1054 987 1055 1121 1187 1122 1056 -1
GCP,adapt_p48-18968510422141_a281-24999999999994_366_map.h5,26.8772,10,575,1065,41.810314:281.250000,1507,True,11,11,1454,0.999999,20.7386,0,0.0126332,1506 1506 1455 1507 1454 1398 1397 1453 1505 1452 -1
GCP,adapt_p60-00000000000001_a202-49999999999997_487_map.h5,26.1928,10,106,1128,30.000000:202.500000,1328,False,115,12,1325,0.930268,25.7065,0,0.013819,1329 1385 1264 1326 1384 1383 1325 1263 1262 1324 1261 -1
GCP,adapt_p80-40593177313954_a337-49999999999994_469_map.h5,27.8772,10,512,806,9.594069:337.500000,1097,True,11,11,1096,0.999999,20.5858,0,0.0125982,1162 1162 1161 1095 1096 1029 1097 1030 1098 1163 -1
GCP,adapt_p80-40593177313954_a292-5_52_map.h5,27.8894,10,499,817,9.594069:292.500000,1088,True,12,12,1088,0.999999,24.3825,0,0.0124307,1021 1088 1020 1021 1089 1155 1154 1153 1087 1019 1086 -1
GCP,adapt_p60-00000000000001_a135-0_147_map.h5,27.8703,10,616,692,30.000000:135.000000,1316,True,12,12,1316,0.999999,23.5288,0,0.0124631,1317 1317 1375 1374 1315 1253 1316 1254 1255 1376 1318 -1
GCP,adapt_p80-40593177313954_a45-0_412_map.h5,25.2421,10,139,1507,9.594069:45.000000,1042,True,105,10,1110,0.939264,24.8254,0,0.0136814,1623 1045 1111 1110 1044 1043 1109 1108 1042 -1
GCP,adapt_p35-659087696138755_a285-0_446_map.h5,25.6022,10,181,1508,54.340912:285.000000,1601,True,55,12,1602,0.962194,24.0409,0,0.0135531,1510 1559 1603 1644 1643 1679 1642 1601 1557 1602 1558 -1
GCP,adapt_p48-18968510422141_a33-75_249_map.h5,27.8815,10,449,788,41.810314:33.750000,1471,True,10,10,1472,0.999998,18.1631,0,0.0122511,1524 1524 1473 1525 1472 1418 1417 1471 1523 -1
GCP,adapt_p23-556464309101234_a157-5_315_map.h5,27.8897,10,550,719,66.443535:157.500000,1701,True,11,11,1700,0.999999,21.2385,0,0.0130621,1701 1701 1728 1699 1700 1729 1730 1667 1666 1665 -1
GCP,adapt_p48-18968510422141_a168-74999999999997_80_map.h5,27.0874,10,84,355,41.810314:168.750000,1491,False,305,12,1260,0.816359,26.8733,0,0.0211967,1537 1585 1540 1586 1587 1541 1259 1196 1197 1260 1261 -1
GCP,adapt_p80-40593177313954_a157-5_291_map.h5,25.8682,10,736,1516,9.594069:157.500000,1063,True,12,12,1063,0.999999,23.5416,0,0.0125967,1129 1129 1128 1130 1064 996 1063 995 1062 994 1061 -1
GCP,adapt_p35-659087696138755_a255-00000000000003_452_map.h5,25.8844,10,738,1515,54.340912:255.000000,1598,True,9,9,1598,0.999999,15.5784,0,0.0123529,1640 1640 1676 1639 1597 1553 1598 1599 -1
GCP,adapt_p11-715852394892384_a315-0_368_map.h5,27.8543,10,486,763,78.284149:315.000000,1778,True,15,13,1762,0.999996,25.2584,0,0.0124531,1763 1763 1764 1779 1791 1790 1762 1778 1777 1760 1761 1739 -1
GCP,adapt_p35-659087696138755_a255-00000000000003_21_map.h5,26.8924,10,514,1201,54.340912:255.000000,1598,True,7,7,1640,0.999999,11.1515,0,0.0124155,1598 1598 1639 1597 1640 1599 -1
GCP,adapt_p11-715852394892384_a135-0_82_map.h5,27.8613,10,439,732,78.284149:135.000000,1770,True,14,14,1771,0.999999,27.4914,0,0.0124798,1753 1753 1770 1751 1752 1771 1785 1786 1787 1773 1772 1755 1754 -1
GCP,adapt_p23-556464309101234_a337-5_590_map.h5,28.8803,10,313,402,66.443535:337.500000,1716,True,11,11,1685,0.999999,20.6368,0,0.012456,1716 1716 1683 1715 1684 1648 1649 1685 1717 1686 -1
GCP,adapt_p23-556464309101234_a247-49999999999997_295_map.h5,28.8301,10,210,356,66.443535:247.500000,1708,True,16,14,1708,0.999998,27.6243,0,0.0127375,1707 1707 1673 1674 1675 1708 1734 1735 1736 1737 1710 1709 1676 -1
GCP,adapt_p80-40593177313954_a337-49999999999994_32_map.h5,26.6675,10,326,1175,9.594069:337.500000,1097,True,45,12,1097,0.978488,24.4253,0,0.0132718,1166 1165 1164 1098 1163 1097 1029 1096 1162 1161 1095 -1
GCP,adapt_p80-40593177313954_a135-0_42_map.h5,26.1001,10,146,1072,9.594069:135.000000,1059,False,141,11,1587,0.875819,25.5103,0,0.0142879,1628 1586 1630 1588 1542 1491 1587 1541 1490 1127 -1
GCP,adapt_p23-556464309101234_a247-49999999999997_62_map.h5,27.8833,10,485,704,66.443535:247.500000,1708,True,11,11,1709,0.999999,20.9005,0,0.0125092,1675 1675 1674 1676 1710 1737 1736 1709 1708 1735 -1
GCP,adapt_p48-18968510422141_a213-75_473_map.h5,25.8851,10,714,1541,41.810314:213.750000,1497,True,10,10,1498,0.999999,17.813,0,0.0126971,1548 1548 1547 1497 1444 1445 1498 1499 1446 -1
GCP,adapt_p60-00000000000001_a315-0_4_map.h5,27.8882,10,670,725,30.000000:315.000000,1346,True,10,10,1347,0.999999,18.2234,0,0.0126172,1286 1286 1348 1287 1347 1405 1404 1346 1285 -1
GCP,adapt_p48-18968510422141_a11-25_475_map.h5,27.8472,10,290,714,41.810314:11.250000,1468,True,17,13,1413,0.999943,25.7074,0,0.0125892,1412 1412 1354 1413 1355 1356 1414 1467 1520 1468 1469 1415 -1
GCP,adapt_p70-52877936550931_a236-25_453_map.h5,27.6753,10,354,751,19.471220:236.250000,1209,False,42,14,1207,0.997336,27.5071,0,0.0124928,1204 1204 1139 1140 1205 1268 1269 1206 1141 1207 1142 1143 1208 -1
GCP,adapt_p80-40593177313954_a135-0_305_map.h5,27.8672,10,427,698,9.594069:135.000000,1059,True,13,13,992,0.999999,25.7701,0,0.0126354,1060 1060 1061 993 992 1059 1125 1058 991 924 990 1057 -1
GCP,adapt_p80-40593177313954_a292-5_511_map.h5,26.865,10,366,1065,9.594069:292.500000,1088,True,14,13,1088,0.999999,25.5429,0,0.0128324,1087 1087 1019 1020 1021 1088 1153 1154 1155 1089 1022 1090 -1
GCP,adapt_p35-659087696138755_a14-999999999999998_454_map.h5,26.677,10,208,1200,54.340912:15.000000,1568,True,43,13,1568,0.986627,26.6461,0,0.0127927,1468 1469 1470 1522 1570 1569 1613 1612 1568 1521 1520 1567 -1
GCP,adapt_p60-00000000000001_a292-5_393_map.h5,27.8734,10,465,746,30.000000:292.500000,1343,True,14,14,1343,0.999999,27.3183,0,0.0124034,1400 1400 1401 1402 1344 1283 1282 1343 1342 1281 1280 1341 1399 -1
GCP,adapt_p80-40593177313954_a315-0_235_map.h5,26.8643,10,494,1132,9.594069:315.000000,1093,True,13,13,1092,0.999999,26.3781,0,0.0135085,1157 1157 1093 1159 1223 1158 1091 1092 1025 1026 1094 1160 -1
GCP,adapt_p23-556464309101234_a157-5_109_map.h5,26.8724,10,471,1148,66.443535:157.500000,1701,True,12,12,1700,0.999999,23.6412,0,0.0124174,1666 1666 1699 1664 1665 1628 1700 1728 1729 1701 1667 -1
GCP,adapt_p35-659087696138755_a255-00000000000003_99_map.h5,27.8699,10,420,728,54.340912:255.000000,1598,True,13,13,1597,0.999999,25.0674,0,0.0128829,1596 1596 1551 1552 1597 1638 1675 1676 1639 1640 1598 1553 -1
GCP,adapt_p70-52877936550931_a191-25_561_map.h5,27.8592,10,592,741,19.471220:191.250000,1201,True,10,10,1201,0.999998,18.1477,0,0.0125566,1202 1202 1136 1135 1200 1263 1201 1264 1265 -1
GCP,adapt_p48-18968510422141_a78-75_599_map.h5,28.8411,10,185,382,41.810314:78.750000,1478,True,20,14,1425,0.999982,27.7493,0,0.0127403,1480 1480 1427 1369 1368 1426 1479 1425 1367 1424 1478 1530 1531 -1
GCP,adapt_p35-659087696138755_a344-99999999999994_49_map.h5,27.8724,10,375,766,54.340912:345.000000,1609,True,12,12,1649,0.999999,22.9245,0,0.0123589,1608 1608 1607 1647 1683 1684 1648 1649 1609 1650 1685 -1
GCP,adapt_p23-556464309101234_a247-49999999999997_171_map.h5,27.8501,10,356,751,66.443535:247.500000,1708,True,16,14,1709,0.999995,27.4253,0,0.0126581,1676 1676 1675 1674 1707 1735 1708 1709 1736 1759 1737 1710 1677 -1
GCP,adapt_p60-00000000000001_a0-0_291_map.h5,26.8193,10,571,1108,30.000000:0.000000,1294,True,11,11,1294,0.999999,20.5746,0,0.0125075,1231 1231 1293 1353 1411 1294 1354 1295 1232 1296 -1
GCP,adapt_p70-52877936550931_a56-24999999999999_228_map.h5,28.8032,10,202,386,19.471220:56.250000,1177,True,25,14,1239,0.999772,27.7055,0,0.0126106,1302 1302 1301 1238 1175 1239 1176 1110 1111 1177 1240 1303 1241 -1
GCP,adapt_p60-00000000000001_a112-49999999999999_479_map.h5,27.8854,10,524,742,30.000000:112.500000,1313,True,11,11,1313,0.999998,21.2798,0,0.012367,1312 1312 1250 1313 1370 1311 1371 1372 1373 1314 -1
GCP,adapt_p70-52877936550931_a78-75_332_map.h5,26.8603,10,421,1141,19.471220:78.750000,1181,True,15,13,1181,0.999994,25.5138,0,0.012532,1114 1114 1115 1116 1183 1246 1182 1245 1244 1181 1180 1243 -1
GCP,adapt_p80-40593177313954_a135-0_119_map.h5,27.705,10,236,733,9.594069:135.000000,1059,True,43,13,1125,0.979831,27.1811,0,0.0127932,1193 1127 1126 1060 1192 1255 1191 1190 1124 1058 1125 1059 -1
GCP,adapt_p70-52877936550931_a56-24999999999999_12_map.h5,26.8794,10,463,1144,19.471220:56.250000,1177,True,12,12,1240,0.999999,23.97,0,0.0124395,1241 1241 1303 1302 1239 1176 1240 1304 1177 1178 1242 -1
GCP,adapt_p35-659087696138755_a135-0_295_map.h5,27.885,10,419,747,54.340912:135.000000,1583,True,12,12,1583,0.999999,22.8906,0,0.0127927,1626 1626 1584 1627 1583 1537 1536 1582 1625 1624 1581 -1
GCP,adapt_p48-18968510422141_a191-25_330_map.h5,28.8724,10,339,364,41.810314:191.250000,1494,True,12,12,1494,0.999999,23.3766,0,0.01243,1493 1493 1545 1495 1442 1441 1494 1544 1543 1492 1440 -1
GCP,adapt_p35-659087696138755_a135-0_255_map.h5,27.8812,10,540,771,54.340912:135.000000,1583,True,12,12,1626,0.999999,22.7427,0,0.012574,1583 1583 1582 1626 1627 1665 1664 1663 1625 1624 1581 -1
GCP,adapt_p23-556464309101234_a157-5_374_map.h5,26.8758,10,443,1117,66.443535:157.500000,1701,True,12,12,1700,0.999999,22.9664,0,0.0130138,1699 1699 1664 1665 1666 1700 1727 1728 1729 1701 1667 -1
GCP,adapt_p48-18968510422141_a303-75_366_map.h5,26.8461,10,496,1169,41.810314:303.750000,1510,True,14,13,1459,0.999997,25.033,0,0.0127114,1510 1510 1559 1560 1511 1561 1512 1460 1404 1403 1459 1458 -1
GCP,adapt_p70-52877936550931_a146-25_444_map.h5,28.8262,10,216,375,19.471220:146.250000,1193,True,22,14,1193,0.999952,27.7776,0,0.0125799,1256 1256 1194 1257 1258 1195 1129 1128 1193 1127 1126 1192 1255 -1
GCP,adapt_p80-40593177313954_a292-5_154_map.h5,27.8996,10,638,808,9.594069:292.500000,1088,True,8,8,1089,0.999999,13.7793,0,0.0122375,1155 1155 1088 1153 1154 1089 1090 -1
GCP,adapt_p60-00000000000001_a180-0_344_map.h5,27.8482,10,432,759,30.000000:180.000000,1324,True,17,13,1263,0.999996,25.8386,0,0.012612,1262 1262 1323 1261 1199 1200 1263 1324 1325 1326 1264 1265 -1
GCP,adapt_p48-18968510422141_a146-25_444_map.h5,27.8566,10,514,787,41.810314:146.250000,1488,True,10,10,1487,0.999999,17.753,0,0.0132007,1434 1434 1435 1488 1487 1538 1537 1486 1433 -1
GCP,adapt_p80-40593177313954_a247-49999999999997_334_map.h5,27.8733,10,511,738,9.594069:247.500000,1080,True,12,12,1079,0.999999,23.5762,0,0.0123975,1078 1078 1012 1011 1079 1144 1145 1146 1080 1013 1081 -1
GCP,adapt_p48-18968510422141_a146-25_167_map.h5,27.8589,10,447,705,41.810314:146.250000,1488,True,13,13,1487,0.999998,25.1497,0,0.0129231,1538 1538 1539 1489 1436 1435 1488 1487 1434 1433 1486 1537 -1
GCP,adapt_p60-00000000000001_a67-5_293_map.h5,25.7592,10,211,1483,30.000000:67.500000,1305,True,29,13,1305,0.997872,25.1291,0,0.0125877,1243 1243 1242 1241 1304 1363 1364 1305 1306 1365 1423 1366 -1
GCP,adapt_p35-659087696138755_a224-99999999999997_423_map.h5,23.1337,10,56,1047,54.340912:225.000000,1594,False,628,7,1447,0.391139,18.9557,0,0.0507847,1564 1499 1500 1447 1448 1391 -1
GCP,adapt_p80-40593177313954_a270-0_513_map.h5,26.8255,10,388,1162,9.594069:270.000000,1084,True,17,13,1085,0.999995,25.3792,0,0.0132818,1016 1016 1083 1084 1150 1151 1085 1017 1018 1086 1152 1087 -1
GCP,adapt_p60-00000000000001_a112-49999999999999_451_map.h5,25.8512,10,471,1448,30.000000:112.500000,1313,True,17,13,1313,0.999991,25.6212,0,0.0125672,1251 1251 1315 1252 1314 1373 1372 1313 1250 1312 1371 1429 -1
GCP,adapt_p70-52877936550931_a303-75_52_map.h5,26.8503,10,404,1117,19.471220:303.750000,1221,True,17,13,1222,0.999998,25.6582,0,0.0125333,1285 1285 1286 1159 1158 1223 1222 1157 1156 1221 1284 1283 -1
GCP,adapt_p35-659087696138755_a315-0_149_map.h5,25.1176,10,150,1536,54.340912:315.000000,1605,False,144,12,1782,0.973509,24.7879,0,0.0151463,1714 1781 1792 1797 1793 1783 1782 1765 1766 1767 1768 -1
GCP,adapt_p60-00000000000001_a270-0_236_map.h5,26.8652,10,486,1129,30.000000:270.000000,1339,True,12,12,1339,0.999999,23.096,0,0.0125734,1338 1338 1277 1278 1279 1341 1340 1398 1397 1339 1396 -1
GCP,adapt_p23-556464309101234_a112-5_523_map.h5,26.6881,10,131,1139,66.443535:112.500000,1697,True,43,13,1697,0.989748,26.4449,0,0.0126582,1751 1726 1725 1724 1695 1696 1661 1662 1697 1727 1698 1663 -1
GCP,adapt_p48-18968510422141_a348-74999999999994_349_map.h5,28.8726,10,283,380,41.810314:348.750000,1517,True,13,13,1517,0.999998,25.7871,0,0.0132189,1565 1565 1566 1564 1515 1516 1464 1465 1517 1518 1466 1412 -1
GCP,adapt_p48-18968510422141_a123-74999999999999_364_map.h5,27.8163,10,214,704,41.810314:123.750000,1484,True,21,13,1483,0.999948,27.5465,0,0.0124787,1429 1483 1484 1485 1536 1535 1534 1533 1482 1431 1430 1429 -1
GCP,adapt_p35-659087696138755_a195-0_398_map.h5,27.8702,10,590,715,54.340912:195.000000,1590,True,12,12,1590,0.999998,23.2215,0,0.0125786,1591 1591 1632 1633 1590 1589 1544 1494 1495 1545 1546 -1
GCP,adapt_p70-52877936550931_a236-25_486_map.h5,27.7891,10,276,728,19.471220:236.250000,1209,True,28,14,1208,0.99982,27.4644,0,0.0127165,1270 1270 1207 1142 1143 1208 1271 1209 1144 1145 1210 1273 1272 -1
GCP,adapt_p48-18968510422141_a213-75_97_map.h5,25.87,10,749,1517,41.810314:213.750000,1497,True,11,11,1548,0.999998,21.0822,0,0.0128309,1497 1497 1548 1549 1499 1498 1445 1444 1547 1496 -1
GCP,adapt_p60-00000000000001_a90-0_57_map.h5,27.8538,10,361,740,30.000000:90.000000,1309,True,17,14,1308,0.999997,27.5341,0,0.0139721,1307 1307 1308 1245 1246 1309 1368 1369 1426 1425 1367 1366 1424 -1
GCP,adapt_p48-18968510422141_a78-75_14_map.h5,27.8702,10,449,716,41.810314:78.750000,1478,True,12,12,1424,0.999998,23.1854,0,0.0126026,1425 1425 1366 1424 1479 1478 1530 1529 1477 1423 1365 -1
GCP,adapt_p80-40593177313954_a337-49999999999994_467_map.h5,25.3849,10,63,1180,9.594069:337.500000,1097,False,261,10,1237,0.796069,24.3154,0,0.0197989,1608 1173 1236 1237 1174 1238 1239 1175 1109 -1
GCP,adapt_p35-659087696138755_a315-0_326_map.h5,25.8339,10,256,1503,54.340912:315.000000,1605,True,19,13,1605,0.999975,25.255,0,0.0128722,1606 1606 1561 1560 1604 1645 1681 1682 1646 1605 1647 1683 -1
GCP,adapt_p48-18968510422141_a236-25_288_map.h5,25.6222,10,152,1504,41.810314:236.250000,1501,True,53,12,1500,0.981474,24.0968,0,0.0126195,1389 1446 1499 1549 1550 1551 1501 1449 1448 1500 1447 -1
GCP,adapt_p70-52877936550931_a101-24999999999999_74_map.h5,27.6687,10,111,780,19.471220:101.250000,1185,False,45,13,1578,0.992708,27.0751,0,0.013105,1534 1580 1532 1481 1482 1533 1579 1622 1621 1578 1577 1531 -1
GCP,adapt_p80-40593177313954_a90-0_430_map.h5,27.8804,10,566,721,9.594069:90.000000,1051,True,11,11,1051,0.999999,21.1174,0,0.0123535,1052 1052 983 984 1051 1118 1117 1116 1050 1049 -1
GCP,adapt_p23-556464309101234_a202-5_436_map.h5,26.8432,10,396,1131,66.443535:202.500000,1704,True,16,13,1705,0.999996,25.9496,0,0.0125635,1732 1732 1706 1673 1672 1671 1705 1733 1731 1703 1704 1670 -1
GCP,adapt_p70-52877936550931_a213-75_534_map.h5,26.7205,10,273,1126,19.471220:213.750000,1205,True,36,13,1268,0.99639,25.489,0,0.0133046,1206 1206 1269 1331 1330 1268 1205 1329 1328 1266 1267 1204 -1
GCP,adapt_p80-40593177313954_a315-0_280_map.h5,27.8019,10,413,714,9.594069:315.000000,1093,True,20,13,1093,0.999477,25.8867,0,0.0129059,1159 1159 1158 1091 1024 1092 1025 1093 1026 1094 1027 1095 -1
GCP,adapt_p11-715852394892384_a45-0_565_map.h5,26.8851,10,601,1077,78.284149:45.000000,1766,True,10,10,1766,0.999999,17.5927,0,0.0126155,1767 1767 1748 1747 1746 1745 1765 1766 1782 -1
GCP,adapt_p60-00000000000001_a315-0_585_map.h5,27.886,10,592,761,30.000000:315.000000,1346,True,11,11,1404,0.999999,20.7879,0,0.0128004,1347 1347 1406 1348 1405 1461 1460 1404 1346 1403 -1
GCP,adapt_p23-556464309101234_a337-5_64_map.h5,27.8282,10,318,735,66.443535:337.500000,1716,True,20,13,1685,0.99989,27.1838,0,0.0126021,1716 1684 1648 1649 1650 1651 1686 1685 1717 1687 1743 1716 -1
GCP,adapt_p80-40593177313954_a180-0_295_map.h5,27.8401,10,446,803,9.594069:180.000000,1067,True,18,13,1066,0.999996,27.1812,0,0.0126911,1065 998 999 1066 1065 1064 1131 1132 1133 1067 1134 1068 -1
GCP,adapt_p48-18968510422141_a258-75_324_map.h5,25.8852,10,629,1550,41.810314:258.750000,1504,True,9,9,1452,0.999998,16.0137,0,0.0125623,1505 1505 1554 1504 1453 1396 1452 1451 -1
GCP,adapt_p48-18968510422141_a146-25_567_map.h5,27.8783,10,571,711,41.810314:146.250000,1488,True,10,10,1435,0.999999,18.2437,0,0.0124933,1488 1488 1436 1489 1435 1378 1377 1434 1487 -1
GCP,adapt_p80-40593177313954_a135-0_594_map.h5,27.8703,10,357,763,9.594069:135.000000,1059,True,16,13,1060,0.999988,26.0291,0,0.0125081,992 992 1061 1127 1128 1062 993 1060 1126 1125 1059 991 -1
GCP,adapt_p48-18968510422141_a146-25_591_map.h5,23.0791,10,66,1096,41.810314:146.250000,1488,False,637,8,1052,0.541035,21.6416,0,0.0513267,1068 1120 1053 1119 1118 1052 984 -1
GCP,adapt_p23-556464309101234_a247-49999999999997_384_map.h5,27.8283,10,288,727,66.443535:247.500000,1708,True,19,14,1735,0.999972,27.7399,0,0.0125404,1734 1734 1757 1758 1736 1735 1707 1674 1708 1675 1676 1709 1710 -1
GCP,adapt_p60-00000000000001_a0-0_53_map.h5,24.8964,10,47,1118,30.000000:0.000000,1294,False,332,8,1412,0.574325,24.616,0,0.023219,1120 1038 1037 1354 1411 1412 1466 -1
GCP,adapt_p70-52877936550931_a33-75_410_map.h5,27.8603,10,432,696,19.471220:33.750000,1173,True,15,13,1173,0.999995,25.7485,0,0.0124896,1172 1172 1235 1299 1300 1238 1174 1237 1236 1173 1107 1106 -1
GCP,adapt_p80-40593177313954_a337-49999999999994_416_map.h5,25.2242,10,114,1460,9.594069:337.500000,1097,True,116,7,1336,0.672155,24.5126,0,0.013659,1225 1161 1162 1097 1096 1336 -1
GCP,adapt_p80-40593177313954_a315-0_445_map.h5,27.8432,10,394,741,9.594069:315.000000,1093,True,19,14,1159,0.999994,27.7984,0,0.0126287,1094 1094 1093 1158 1092 1091 1157 1222 1223 1224 1159 1160 1095 -1
GCP,adapt_p23-556464309101234_a157-5_584_map.h5,26.3085,10,87,783,66.443535:157.500000,1701,False,260,12,1391,0.812106,25.4539,0,0.0198595,1327 1330 1389 1331 1390 1332 1333 1391 1392 1334 1272 -1
GCP,adapt_p48-18968510422141_a33-75_295_map.h5,25.7493,10,162,1528,41.810314:33.750000,1471,False,31,12,1360,0.995119,24.5402,0,0.0124649,1417 1359 1360 1418 1361 1302 1301 1300 1299 1358 1417 -1
GCP,adapt_p48-18968510422141_a303-75_85_map.h5,26.8503,10,368,1189,41.810314:303.750000,1510,True,15,13,1510,0.999998,24.9877,0,0.0124476,1559 1559 1558 1508 1456 1457 1509 1510 1458 1459 1511 1560 -1
GCP,adapt_p70-52877936550931_a348-74999999999994_576_map.h5,27.8983,10,634,761,19.471220:348.750000,1229,True,8,8,1292,0.999999,13.6809,0,0.0124928,1229 1229 1291 1292 1165 1230 1293 -1
GCP,adapt_p60-00000000000001_a22-5_21_map.h5,28.8569,10,371,340,30.000000:22.500000,1298,True,16,14,1357,0.999997,28.1842,0,0.0129294,1358 1358 1415 1416 1357 1356 1355 1296 1297 1234 1235 1298 1299 -1
GCP,adapt_p80-40593177313954_a247-49999999999997_287_map.h5,27.7668,10,333,820,9.594069:247.500000,1080,False,28,13,1211,0.999078,25.488,0,0.0130376,1275 1275 1213 1148 1081 1147 1212 1274 1211 1146 1145 1210 -1
GCP,adapt_p48-18968510422141_a281-24999999999994_441_map.h5,25.7651,10,198,1471,41.810314:281.250000,1507,False,27,12,1399,0.998108,22.6469,0,0.01268,1456 1456 1400 1342 1341 1399 1455 1454 1398 1340 1397 -1
GCP,adapt_p48-18968510422141_a168-74999999999997_530_map.h5,26.8814,10,807,1145,41.810314:168.750000,1491,True,9,9,1437,0.999998,15.3961,0,0.0124021,1491 1491 1438 1437 1436 1489 1490 1541 -1
GCP,adapt_p80-40593177313954_a157-5_470_map.h5,25.3941,10,121,1538,9.594069:157.500000,1063,True,82,12,1129,0.851365,24.5781,0,0.0136367,1064 1130 1196 1195 1129 1063 1194 1128 1062 994 1061 -1
GCP,adapt_p70-52877936550931_a146-25_314_map.h5,25.8715,10,560,1456,19.471220:146.250000,1193,True,12,12,1256,0.999999,23.2042,0,0.0132372,1193 1193 1194 1258 1320 1319 1257 1256 1192 1255 1318 -1
GCP,adapt_p60-00000000000001_a22-5_470_map.h5,26.7996,10,407,1060,30.000000:22.500000,1298,True,23,13,1298,0.999661,25.4394,0,0.0131218,1234 1234 1235 1236 1300 1359 1299 1358 1357 1298 1297 1356 -1
GCP,adapt_p70-52877936550931_a348-74999999999994_65_map.h5,28.8881,10,564,347,19.471220:348.750000,1229,True,8,8,1229,0.999999,13.703,0,0.0127141,1228 1228 1292 1230 1229 1291 1290 -1
GCP,adapt_p70-52877936550931_a123-74999999999999_393_map.h5,27.8477,10,344,780,19.471220:123.750000,1189,True,18,13,1253,0.999987,25.4308,0,0.0131103,1254 1254 1191 1190 1253 1316 1315 1314 1252 1189 1251 1188 -1
GCP,adapt_p11-715852394892384_a315-0_175_map.h5,25.6018,10,205,1535,78.284149:315.000000,1778,True,66,13,1796,0.95989,24.662,0,0.0129426,1787 1795 1796 1797 1792 1781 1780 1779 1778 1791 1790 1789 -1
GCP,adapt_p60-00000000000001_a67-5_173_map.h5,27.8082,10,213,789,30.000000:67.500000,1305,True,23,14,1306,0.999834,27.6574,0,0.0125192,1241 1241 1178 1179 1180 1243 1244 1307 1366 1365 1306 1242 1305 -1
GCP,adapt_p48-18968510422141_a258-75_275_map.h5,25.866,10,692,1576,41.810314:258.750000,1504,True,12,12,1502,0.999999,24.1323,0,0.0128286,1553 1553 1502 1552 1551 1449 1450 1503 1554 1504 1451 -1
GCP,adapt_p11-715852394892384_a315-0_416_map.h5,26.8603,10,349,1169,78.284149:315.000000,1778,True,14,13,1763,0.999998,25.4728,0,0.0125486,1741 1741 1740 1739 1761 1762 1763 1742 1764 1778 1779 1780 -1
GCP,adapt_p23-556464309101234_a247-49999999999997_519_map.h5,27.8702,10,485,743,66.443535:247.500000,1708,True,12,12,1709,0.999998,23.1527,0,0.0125471,1708 1708 1735 1736 1675 1639 1676 1709 1710 1677 1678 -1
GCP,adapt_p80-40593177313954_a67-5_538_map.h5,27.8867,10,584,736,9.594069:67.500000,1047,True,10,10,1046,0.999999,18.4871,0,0.0131098,979 979 1045 978 1046 1112 1113 1047 980 -1
GCP,adapt_p48-18968510422141_a168-74999999999997_329_map.h5,27.7255,10,158,723,41.810314:168.750000,1491,True,36,13,1541,0.992422,25.4883,0,0.0133272,1436 1436 1489 1540 1586 1490 1541 1587 1588 1542 1491 1492 -1
GCP,adapt_p11-715852394892384_a225-0_462_map.h5,25.796,10,242,1531,78.284149:225.000000,1774,True,25,13,1759,0.998942,25.254,0,0.0127574,1735 1735 1757 1774 1775 1776 1777 1760 1759 1758 1736 1737 -1
GCP,adapt_p70-52877936550931_a11-25_596_map.h5,27.8602,10,490,730,19.471220:11.250000,1169,True,12,12,1168,0.999998,22.9867,0,0.0125546,1167 1167 1230 1293 1231 1232 1169 1103 1102 1168 1101 -1
GCP,adapt_p70-52877936550931_a123-74999999999999_181_map.h5,27.887,10,560,754,19.471220:123.750000,1189,True,11,11,1124,0.999999,20.2369,0,0.012764,1123 1123 1122 1188 1189 1252 1253 1190 1124 1125 -1
GCP,adapt_p60-00000000000001_a292-5_139_map.h5,26.8628,10,596,1027,30.000000:292.500000,1343,True,16,13,1343,0.999994,25.099,0,0.0130049,1344 1344 1283 1282 1219 1218 1280 1281 1342 1400 1401 1343 -1
GCP,adapt_p70-52877936550931_a123-74999999999999_80_map.h5,25.9631,10,150,1116,19.471220:123.750000,1189,False,155,10,1125,0.832954,24.2122,0,0.0146361,1201 1069 1126 1125 1191 1254 1253 1190 1124 -1
GCP,adapt_p35-659087696138755_a75-0_548_map.h5,28.8785,10,397,376,54.340912:75.000000,1576,True,10,10,1576,0.999998,18.3027,0,0.012319,1529 1529 1577 1530 1576 1620 1619 1575 1528 -1
GCP,adapt_p80-40593177313954_a224-99999999999997_28_map.h5,27.8725,10,462,728,9.594069:225.000000,1076,True,15,13,1075,0.999998,27.0184,0,0.0123184,1076 1008 1007 1075 1076 1077 1142 1141 1140 1074 1006 1073 -1
GCP,adapt_p48-18968510422141_a78-75_384_map.h5,26.8492,10,385,1027,41.810314:78.750000,1478,True,16,13,1424,0.999986,26.2625,0,0.0125919,1366 1366 1425 1479 1426 1367 1424 1478 1530 1477 1423 1365 -1
GCP,adapt_p60-00000000000001_a157-5_164_map.h5,27.8644,10,392,759,30.000000:157.500000,1320,True,14,13,1321,0.999997,26.3007,0,0.0124074,1320 1320 1259 1258 1321 1379 1378 1437 1380 1381 1322 1260 -1
GCP,adapt_p48-18968510422141_a146-25_88_map.h5,26.8833,10,594,1097,41.810314:146.250000,1488,True,10,10,1435,0.999999,17.9324,0,0.0125102,1434 1434 1435 1436 1489 1539 1488 1487 1538 -1
GCP,adapt_p60-00000000000001_a157-5_218_map.h5,27.8427,10,282,721,30.000000:157.500000,1320,True,19,13,1320,0.999987,27.0996,0,0.0131308,1257 1319 1318 1256 1257 1378 1379 1320 1258 1195 1259 1321 -1
GCP,adapt_p60-00000000000001_a337-49999999999994_567_map.h5,25.2334,10,181,1527,30.000000:337.500000,1350,False,111,11,1352,0.923599,25.1719,0,0.0134736,1415 1102 1035 1101 1034 1166 1352 1291 1290 1351 -1
GCP,adapt_p70-52877936550931_a348-74999999999994_179_map.h5,28.8172,10,184,392,19.471220:348.750000,1229,True,23,14,1230,0.999974,28.8002,0,0.01263,1164 1164 1230 1293 1231 1168 1101 1167 1166 1165 1292 1229 1228 -1
GCP,adapt_p60-00000000000001_a337-49999999999994_380_map.h5,27.8122,10,249,725,30.000000:337.500000,1350,True,23,13,1290,0.999787,25.3774,0,0.0125931,1228 1228 1227 1289 1290 1291 1352 1351 1409 1408 1350 1349 -1
GCP,adapt_p23-556464309101234_a67-5_256_map.h5,27.8902,10,457,761,66.443535:67.500000,1693,True,12,12,1693,0.999999,23.527,0,0.0126159,1722 1722 1694 1723 1693 1721 1691 1692 1656 1657 1658 -1
GCP,adapt_p80-40593177313954_a247-49999999999997_319_map.h5,25.8312,10,355,1437,9.594069:247.500000,1080,True,17,13,1080,0.999945,25.3601,0,0.0126254,1011 1011 1010 1078 1079 1145 1146 1080 1012 1013 1081 1082 -1
GCP,adapt_p80-40593177313954_a247-49999999999997_172_map.h5,26.8354,10,391,1135,9.594069:247.500000,1080,True,15,13,1080,0.999997,25.826,0,0.0124076,1012 1012 1081 1147 1082 1014 1013 1080 1146 1145 1079 1011 -1
GCP,adapt_p23-556464309101234_a22-5_302_map.h5,27.8743,10,481,781,66.443535:22.500000,1689,True,12,12,1719,0.999998,22.9213,0,0.0125339,1720 1720 1745 1746 1719 1718 1688 1652 1653 1689 1690 -1
GCP,adapt_p11-715852394892384_a45-0_331_map.h5,26.8831,10,572,1133,78.284149:45.000000,1766,True,11,11,1766,0.999999,20.2619,0,0.0126399,1746 1746 1765 1745 1766 1782 1783 1767 1747 1748 -1
GCP,adapt_p48-18968510422141_a168-74999999999997_305_map.h5,26.8149,10,440,1087,41.810314:168.750000,1491,True,20,13,1541,0.999813,25.4407,0,0.0129099,1540 1540 1587 1541 1542 1492 1491 1438 1437 1490 1489 1436 -1
GCP,adapt_p70-52877936550931_a78-75_68_map.h5,25.8613,10,311,1391,19.471220:78.750000,1181,True,13,13,1182,0.999998,25.4051,0,0.0124627,1115 1115 1116 1117 1183 1246 1245 1182 1181 1114 1180 1244 -1
GCP,adapt_p80-40593177313954_a67-5_276_map.h5,26.8458,10,404,1097,9.594069:67.500000,1047,True,15,13,1047,0.999996,26.206,0,0.0130015,1046 1046 980 979 1047 1112 1113 1114 1048 981 1049 1115 -1
GCP,adapt_p35-659087696138755_a105-0_467_map.h5,27.3224,10,39,395,54.340912:105.000000,1579,False,263,12,1483,0.80973,27.011,0,0.019239,1701 1581 1535 1484 1534 1533 1483 1429 1482 1481 1532 -1
GCP,adapt_p23-556464309101234_a112-5_40_map.h5,27.8924,10,574,746,66.443535:112.500000,1697,True,9,9,1696,0.999999,15.2281,0,0.0123988,1725 1725 1726 1697 1662 1661 1696 1695 -1
GCP,adapt_p80-40593177313954_a224-99999999999997_476_map.h5,27.8257,10,216,761,9.594069:225.000000,1076,True,20,13,1076,0.999852,25.7051,0,0.0131144,1009 1009 1008 1075 1141 1207 1142 1076 1010 1078 1077 1143 -1
GCP,adapt_p23-556464309101234_a337-5_14_map.h5,25.5746,10,117,1538,66.443535:337.500000,1716,True,59,12,1742,0.992022,24.4773,0,0.0132157,1685 1717 1742 1763 1764 1744 1743 1716 1715 1741 1740 -1
GCP,adapt_p60-00000000000001_a247-49999999999997_185_map.h5,27.8802,10,478,681,30.000000:247.500000,1335,True,10,10,1394,0.999999,18.4556,0,0.0126035,1395 1395 1450 1451 1394 1393 1335 1336 1337 -1
GCP,adapt_p48-18968510422141_a56-24999999999999_319_map.h5,26.8131,10,316,1068,41.810314:56.250000,1475,True,23,13,1474,0.999419,26.0576,0,0.0127028,1473 1473 1420 1474 1419 1362 1421 1475 1527 1573 1526 1525 -1
GCP,adapt_p80-40593177313954_a0-0_427_map.h5,27.8374,10,302,750,9.594069:0.000000,1034,True,21,13,1166,0.999949,25.925,0,0.0124168,1099 1099 1164 1230 1165 1100 1032 1033 1034 1166 1101 1035 -1
GCP,adapt_p70-52877936550931_a123-74999999999999_333_map.h5,27.8913,10,581,728,19.471220:123.750000,1189,True,11,11,1190,0.999999,20.2552,0,0.0124165,1253 1253 1252 1189 1123 1124 1190 1125 1191 1254 -1
GCP,adapt_p60-00000000000001_a224-99999999999997_345_map.h5,25.5801,10,117,1075,30.000000:225.000000,1331,True,220,11,1146,0.482817,24.1692,0,0.0184237,1276 1147 1146 1080 1145 1210 1331 1269 1268 1205 -1
GCP,adapt_p70-52877936550931_a258-75_44_map.h5,27.8873,10,640,722,19.471220:258.750000,1213,True,8,8,1213,0.999998,13.6723,0,0.0125058,1276 1276 1277 1214 1275 1212 1213 -1
GCP,adapt_p60-00000000000001_a202-49999999999997_152_map.h5,27.7849,10,266,753,30.000000:202.500000,1328,True,28,13,1267,0.999362,25.5078,0,0.0129215,1205 1205 1204 1203 1265 1327 1386 1328 1266 1267 1329 1268 -1
GCP,adapt_p70-52877936550931_a326-24999999999994_421_map.h5,26.7599,10,313,1110,19.471220:326.250000,1225,True,30,13,1159,0.998677,25.2264,0,0.0139419,1094 1094 1160 1225 1224 1159 1093 1092 1157 1158 1223 1286 -1
GCP,adapt_p48-18968510422141_a236-25_86_map.h5,26.8149,10,436,1152,41.810314:236.250000,1501,True,21,13,1449,0.999959,25.7683,0,0.0128855,1450 1450 1392 1393 1449 1448 1391 1390 1447 1500 1501 1502 -1
GCP,adapt_p80-40593177313954_a202-49999999999997_178_map.h5,28.7291,10,125,343,9.594069:202.500000,1072,True,37,14,1070,0.994445,28.4327,0,0.0127057,1001 1001 1067 1068 1069 1002 1070 1003 1071 1004 1072 1005 1073 -1
GCP,adapt_p60-00000000000001_a157-5_506_map.h5,25.79,10,189,1479,30.000000:157.500000,1320,True,24,12,1321,0.999058,23.0102,0,0.0127841,1437 1437 1436 1378 1320 1379 1380 1381 1322 1321 1259 -1
GCP,adapt_p80-40593177313954_a180-0_231_map.h5,26.7611,10,270,1142,9.594069:180.000000,1067,True,29,13,1132,0.997402,25.9884,0,0.0126808,1198 1198 1134 1068 1067 1133 1132 1066 999 1065 1131 1197 -1
GCP,adapt_p48-18968510422141_a236-25_151_map.h5,27.8173,10,173,683,41.810314:236.250000,1501,True,21,13,1448,0.999797,26.1774,0,0.0124402,1449 1449 1392 1393 1448 1391 1390 1447 1501 1500 1499 1446 -1
GCP,adapt_p60-00000000000001_a180-0_591_map.h5,26.8409,10,419,1115,30.000000:180.000000,1324,True,17,13,1324,0.999937,25.1168,0,0.0128991,1262 1262 1261 1323 1324 1325 1383 1440 1439 1382 1381 1322 -1
GCP,adapt_p80-40593177313954_a180-0_106_map.h5,25.7751,10,242,1486,9.594069:180.000000,1067,True,28,13,1067,0.998065,25.3038,0,0.0126952,1001 1001 1069 1068 1000 999 1067 1133 1132 1066 998 1065 -1
GCP,adapt_p11-715852394892384_a45-0_394_map.h5,27.8633,10,412,739,78.284149:45.000000,1766,True,16,14,1766,0.999998,26.8014,0,0.012514,1745 1745 1744 1765 1781 1782 1783 1768 1767 1766 1746 1747 1748 -1
GCP,adapt_p70-52877936550931_a281-24999999999994_57_map.h5,27.8692,10,499,780,19.471220:281.250000,1217,True,15,13,1152,0.999997,26.3897,0,0.0125944,1216 1216 1152 1280 1279 1217 1218 1153 1087 1086 1151 1215 -1
GCP,adapt_p48-18968510422141_a101-24999999999999_360_map.h5,25.811,10,250,1383,41.810314:101.250000,1481,True,24,12,1428,0.999198,22.9909,0,0.0128455,1533 1533 1482 1429 1371 1370 1428 1481 1532 1480 1427 -1
GCP,adapt_p60-00000000000001_a67-5_193_map.h5,23.8403,10,88,1865,30.000000:67.500000,1305,False,167,10,1313,0.935979,23.7424,0,0.0153892,1492 1314 1251 1313 1312 1249 1186 1250 1187 -1
GCP,adapt_p23-556464309101234_a247-49999999999997_572_map.h5,28.8845,10,566,361,66.443535:247.500000,1708,True,10,10,1708,0.999998,18.0657,0,0.0122505,1675 1675 1707 1674 1708 1735 1736 1709 1676 -1
GCP,adapt_p48-18968510422141_a236-25_104_map.h5,27.7974,10,321,796,41.810314:236.250000,1501,True,24,14,1502,0.999886,27.7877,0,0.0124422,1552 1552 1502 1551 1550 1500 1501 1448 1392 1449 1450 1503 1451 -1
GCP,adapt_p80-40593177313954_a22-5_371_map.h5,28.7992,10,166,403,9.594069:22.500000,1038,True,24,14,971,0.999762,28.344,0,0.0125915,1037 1037 969 970 903 904 971 1038 1039 972 905 1040 973 -1
GCP,adapt_p70-52877936550931_a303-75_547_map.h5,22.4859,10,111,1116,19.471220:303.750000,1221,False,733,9,1391,0.286412,21.6677,0,0.0644998,1067 1332 1390 1447 1448 1391 1333 1392 -1
GCP,adapt_p35-659087696138755_a344-99999999999994_364_map.h5,28.8112,10,193,371,54.340912:345.000000,1609,True,20,14,1608,0.999984,28.6938,0,0.0126605,1565 1565 1610 1650 1609 1566 1515 1564 1608 1649 1648 1607 1563 -1
GCP,adapt_p70-52877936550931_a56-24999999999999_471_map.h5,26.8843,10,577,1103,19.471220:56.250000,1177,True,13,13,1177,0.999999,25.3733,0,0.0124796,1110 1110 1111 1112 1178 1241 1240 1177 1176 1109 1175 1239 -1
GCP,adapt_p48-18968510422141_a258-75_192_map.h5,26.8828,10,787,1149,41.810314:258.750000,1504,True,9,9,1451,0.999999,15.577,0,0.0130287,1504 1504 1554 1553 1503 1450 1451 1452 -1
GCP,adapt_p60-00000000000001_a180-0_52_map.h5,26.0906,10,135,1112,30.000000:180.000000,1324,False,124,12,1326,0.957457,24.1442,0,0.0142083,1442 1385 1384 1440 1383 1325 1263 1264 1326 1327 1265 -1
GCP,adapt_p23-556464309101234_a337-5_138_map.h5,27.6569,10,256,771,66.443535:337.500000,1716,True,44,13,1743,0.994779,26.6925,0,0.0139368,1651 1686 1685 1717 1687 1718 1743 1716 1742 1764 1744 1780 -1
GCP,adapt_p60-00000000000001_a135-0_86_map.h5,27.6178,10,189,797,30.000000:135.000000,1316,True,55,13,1255,0.946613,26.508,0,0.0130374,1257 1256 1193 1192 1255 1318 1317 1376 1375 1316 1254 1191 -1
GCP,adapt_p60-00000000000001_a180-0_75_map.h5,26.8468,10,383,1122,30.000000:180.000000,1324,True,15,13,1325,0.999998,25.2548,0,0.013007,1384 1384 1326 1264 1263 1325 1324 1262 1323 1382 1383 1440 -1
GCP,adapt_p35-659087696138755_a195-0_427_map.h5,27.718,10,129,708,54.340912:195.000000,1590,True,32,14,1632,0.999564,27.557,0,0.01282,1588 1588 1589 1543 1544 1545 1590 1632 1631 1669 1670 1633 1591 -1
GCP,adapt_p70-52877936550931_a56-24999999999999_287_map.h5,27.8486,10,549,727,19.471220:56.250000,1177,True,15,13,1177,0.999998,25.4225,0,0.013173,1240 1240 1303 1239 1175 1176 1110 1177 1111 1112 1178 1241 -1
GCP,adapt_p35-659087696138755_a344-99999999999994_400_map.h5,26.8694,10,459,1089,54.340912:345.000000,1609,True,13,13,1609,0.999999,25.9487,0,0.0123684,1650 1650 1566 1610 1611 1609 1565 1564 1608 1649 1648 1607 -1
GCP,adapt_p60-00000000000001_a90-0_227_map.h5,25.8847,10,764,1497,30.000000:90.000000,1309,True,9,9,1309,0.999999,15.41,0,0.0130547,1368 1368 1367 1308 1245 1246 1309 1310 -1
GCP,adapt_p60-00000000000001_a224-99999999999997_174_map.h5,28.873,10,347,363,30.000000:225.000000,1331,True,15,14,1332,0.999999,27.9742,0,0.0127482,1270 1270 1208 1207 1269 1331 1332 1390 1391 1333 1271 1272 1334 -1
GCP,adapt_p60-00000000000001_a224-99999999999997_119_map.h5,27.8722,10,411,754,30.000000:225.000000,1331,True,12,12,1332,0.999999,23.4412,0,0.0125574,1331 1331 1270 1269 1389 1390 1332 1391 1333 1271 1272 -1
GCP,adapt_p35-659087696138755_a105-0_321_map.h5,26.877,10,533,1118,54.340912:105.000000,1579,True,11,11,1580,0.999999,21.2756,0,0.0127068,1623 1623 1622 1532 1533 1579 1624 1581 1580 1534 -1
GCP,adapt_p60-00000000000001_a180-0_191_map.h5,27.8653,10,431,814,30.000000:180.000000,1324,True,12,12,1382,0.999999,23.6247,0,0.0125209,1323 1323 1383 1440 1325 1324 1382 1439 1438 1381 1322 -1
GCP,adapt_p35-659087696138755_a224-99999999999997_504_map.h5,25.2759,10,162,1531,54.340912:225.000000,1594,True,104,12,1549,0.965472,24.9927,0,0.0134119,1335 1448 1501 1550 1500 1447 1499 1549 1594 1593 1548 -1
GCP,adapt_p35-659087696138755_a14-999999999999998_250_map.h5,27.8733,10,549,734,54.340912:15.000000,1568,True,11,11,1613,0.999999,20.2534,0,0.0125154,1568 1568 1521 1569 1570 1614 1653 1652 1613 1612 -1
GCP,adapt_p23-556464309101234_a67-5_525_map.h5,28.868,10,369,366,66.443535:67.500000,1693,True,13,13,1693,0.999999,25.5702,0,0.0128285,1694 1694 1657 1656 1692 1722 1693 1658 1659 1695 1724 1723 -1
GCP,adapt_p80-40593177313954_a90-0_372_map.h5,28.8832,10,557,376,9.594069:90.000000,1051,True,10,10,983,0.999999,18.1656,0,0.0125491,1051 1051 1052 984 983 1050 982 1049 981 -1
GCP,adapt_p70-52877936550931_a213-75_206_map.h5,27.8668,10,414,736,19.471220:213.750000,1205,True,12,12,1205,0.999999,23.1869,0,0.012949,1206 1206 1207 1141 1140 1205 1269 1268 1267 1204 1139 -1
GCP,adapt_p70-52877936550931_a281-24999999999994_203_map.h5,27.8379,10,463,773,19.471220:281.250000,1217,True,18,13,1216,0.999916,26.1609,0,0.0129604,1152 1152 1151 1150 1214 1215 1278 1279 1216 1153 1218 1217 -1
GCP,adapt_p70-52877936550931_a146-25_195_map.h5,25.8625,10,656,1566,19.471220:146.250000,1193,True,12,12,1127,0.999998,23.0277,0,0.0132941,1128 1128 1127 1126 1191 1254 1255 1192 1256 1193 1194 -1
GCP,adapt_p80-40593177313954_a112-49999999999999_516_map.h5,26.1334,10,91,1153,9.594069:112.500000,1055,True,128,10,1123,0.766919,23.7502,0,0.0141733,983 1048 1055 1122 1056 1057 1123 1124 1058 -1
GCP,adapt_p70-52877936550931_a146-25_15_map.h5,27.8935,10,622,690,19.471220:146.250000,1193,True,8,8,1193,0.999999,13.6858,0,0.0123136,1127 1127 1126 1192 1128 1194 1193 -1
GCP,adapt_p60-00000000000001_a315-0_441_map.h5,25.8744,10,83,1043,30.000000:315.000000,1346,False,169,9,1287,0.826327,25.1348,0,0.0153114,1669 1347 1286 1223 1224 1287 1348 1225 -1
GCP,adapt_p23-556464309101234_a202-5_274_map.h5,27.7964,10,238,742,66.443535:202.500000,1704,True,24,13,1670,0.999512,25.3259,0,0.0134289,1703 1703 1702 1669 1632 1633 1670 1704 1705 1671 1634 1672 -1
GCP,adapt_p70-52877936550931_a326-24999999999994_448_map.h5,27.8407,10,367,779,19.471220:326.250000,1225,True,17,13,1225,0.999988,25.4132,0,0.0130761,1161 1161 1160 1225 1226 1227 1289 1288 1287 1286 1224 1159 -1
GCP,adapt_p70-52877936550931_a191-25_597_map.h5,27.8639,10,474,764,19.471220:191.250000,1201,True,13,13,1201,0.999998,25.1765,0,0.0128454,1265 1265 1266 1203 1202 1201 1264 1263 1200 1135 1136 1137 -1
GCP,adapt_p60-00000000000001_a0-0_430_map.h5,27.8691,10,422,765,30.000000:0.000000,1294,True,12,12,1353,0.999999,23.6145,0,0.0126857,1411 1411 1353 1352 1409 1410 1354 1294 1231 1293 1292 -1
GCP,adapt_p70-52877936550931_a236-25_331_map.h5,28.7259,10,216,393,19.471220:236.250000,1209,True,36,14,1209,0.988703,28.1507,0,0.0129465,1144 1144 1208 1142 1143 1209 1272 1273 1210 1211 1274 1275 1212 -1
GCP,adapt_p60-00000000000001_a157-5_340_map.h5,26.8625,10,498,1176,30.000000:157.500000,1320,True,14,13,1320,0.999999,25.7392,0,0.013239,1319 1319 1257 1258 1259 1321 1379 1436 1435 1378 1320 1377 -1
GCP,adapt_p60-00000000000001_a180-0_587_map.h5,27.8835,10,546,720,30.000000:180.000000,1324,True,8,8,1324,0.999999,13.7232,0,0.012341,1262 1262 1263 1325 1261 1323 1324 -1
GCP,adapt_p48-18968510422141_a56-24999999999999_407_map.h5,28.7918,10,173,327,41.810314:56.250000,1475,True,26,14,1476,0.999856,27.5103,0,0.0130304,1527 1527 1475 1421 1422 1476 1528 1574 1575 1529 1477 1423 1424 -1
GCP,adapt_p80-40593177313954_a292-5_489_map.h5,27.8184,10,325,787,9.594069:292.500000,1088,True,18,13,1089,0.999667,25.4284,0,0.0124175,1155 1155 1154 1153 1087 1020 1088 1021 1089 1022 1090 1023 -1
GCP,adapt_p23-556464309101234_a202-5_125_map.h5,27.8817,10,481,699,66.443535:202.500000,1704,True,12,12,1704,0.999999,23.58,0,0.0130978,1732 1732 1706 1672 1671 1705 1733 1731 1703 1704 1670 -1
GCP,adapt_p23-556464309101234_a157-5_582_map.h5,27.7794,10,205,764,66.443535:157.500000,1701,True,25,13,1667,0.999182,25.6363,0,0.0123808,1668 1668 1631 1587 1630 1629 1628 1666 1667 1702 1701 1700 -1
GCP,adapt_p60-00000000000001_a45-0_390_map.h5,25.6691,10,227,1436,30.000000:45.000000,1301,False,44,13,1303,0.983234,25.0349,0,0.0127173,1238 1238 1302 1239 1240 1303 1362 1363 1304 1241 1242 1305 -1
GCP,adapt_p48-18968510422141_a78-75_396_map.h5,26.2012,10,117,1087,41.810314:78.750000,1478,False,120,12,1570,0.733048,25.9473,0,0.0136852,1576 1475 1527 1526 1474 1524 1571 1523 1570 1569 1522 -1
GCP,adapt_p35-659087696138755_a315-0_510_map.h5,27.8833,10,436,772,54.340912:315.000000,1605,True,11,11,1605,0.999999,20.3648,0,0.0124701,1561 1561 1562 1606 1647 1646 1645 1604 1605 1560 -1
GCP,adapt_p23-556464309101234_a67-5_475_map.h5,25.8754,10,765,1473,66.443535:67.500000,1693,True,11,11,1724,0.999998,20.7919,0,0.0123811,1723 1723 1694 1695 1724 1722 1693 1657 1658 1659 -1
GCP,adapt_p35-659087696138755_a224-99999999999997_360_map.h5,28.8863,10,488,385,54.340912:225.000000,1594,True,9,9,1636,0.999998,15.3107,0,0.0124954,1637 1637 1595 1594 1593 1635 1636 1673 -1
GCP,adapt_p70-52877936550931_a146-25_399_map.h5,27.8574,10,400,863,19.471220:146.250000,1193,True,15,13,1128,0.999995,25.3444,0,0.0124181,1192 1192 1193 1194 1195 1129 1063 1062 1128 1061 1127 1126 -1
GCP,adapt_p35-659087696138755_a255-00000000000003_453_map.h5,25.4937,10,171,1462,54.340912:255.000000,1598,False,74,12,1749,0.969527,23.7478,0,0.0141228,1721 1747 1766 1767 1768 1769 1750 1749 1748 1722 1723 -1
GCP,adapt_p80-40593177313954_a247-49999999999997_226_map.h5,28.8183,10,270,360,9.594069:247.500000,1080,True,19,14,1081,0.999995,28.7181,0,0.0134988,1146 1146 1147 1145 1079 1080 1013 1014 1081 1148 1082 1015 1083 -1
GCP,adapt_p70-52877936550931_a101-24999999999999_127_map.h5,26.8886,10,582,1152,19.471220:101.250000,1185,True,10,10,1118,0.999998,17.8908,0,0.0131595,1119 1119 1185 1184 1247 1183 1117 1118 1052 -1
GCP,adapt_p23-556464309101234_a202-5_240_map.h5,26.8644,10,423,1130,66.443535:202.500000,1704,True,11,11,1733,0.999998,20.3917,0,0.0123576,1705 1705 1706 1734 1757 1756 1733 1732 1704 1731 -1
GCP,adapt_p60-00000000000001_a45-0_243_map.h5,26.8713,10,486,1167,30.000000:45.000000,1301,True,10,10,1301,0.999998,18.223,0,0.0135108,1238 1238 1300 1237 1301 1360 1361 1302 1239 -1
GCP,adapt_p35-659087696138755_a224-99999999999997_264_map.h5,26.7576,10,231,1186,54.340912:225.000000,1594,True,30,13,1673,0.998118,25.311,0,0.0132044,1594 1594 1635 1672 1673 1636 1595 1637 1674 1707 1734 1706 -1
GCP,adapt_p48-18968510422141_a326-24999999999994_225_map.h5,27.8382,10,291,755,41.810314:326.250000,1514,True,17,14,1513,0.999996,27.7444,0,0.0125733,1561 1561 1562 1513 1514 1462 1405 1461 1512 1460 1459 1511 1560 -1
GCP,adapt_p80-40593177313954_a270-0_565_map.h5,25.4639,10,163,1485,9.594069:270.000000,1084,False,74,12,1081,0.899008,24.174,0,0.0129475,1214 1213 1148 1082 1014 947 1013 1080 1081 1147 1212 -1
GCP,adapt_p60-00000000000001_a202-49999999999997_83_map.h5,26.8356,10,480,1098,30.000000:202.500000,1328,True,18,13,1385,0.999996,25.7341,0,0.0131648,1328 1328 1387 1443 1386 1265 1327 1385 1442 1441 1384 1326 -1
GCP,adapt_p80-40593177313954_a45-0_5_map.h5,27.8554,10,398,706,9.594069:45.000000,1042,True,15,13,1042,0.999996,25.3784,0,0.0124304,1041 1041 973 974 975 1042 1108 1109 1043 976 1044 1110 -1
GCP,adapt_p60-00000000000001_a45-0_49_map.h5,26.8841,10,594,1144,30.000000:45.000000,1301,True,10,10,1301,0.999999,17.9331,0,0.0127191,1361 1361 1360 1300 1237 1238 1301 1302 1239 -1
GCP,adapt_p35-659087696138755_a224-99999999999997_306_map.h5,28.8114,10,181,405,54.340912:225.000000,1594,True,25,14,1549,0.999949,28.0937,0,0.0124091,1593 1593 1594 1549 1499 1498 1548 1636 1595 1596 1551 1550 1500 -1
GCP,adapt_p80-40593177313954_a0-0_525_map.h5,28.8468,10,326,381,9.594069:0.000000,1034,True,15,14,1034,0.999998,28.3895,0,0.0130039,1033 1033 967 1035 1101 1034 1166 1100 1032 1165 1099 1031 1098 -1
GCP,adapt_p23-556464309101234_a247-49999999999997_67_map.h5,24.3557,10,151,1567,66.443535:247.500000,1708,False,246,10,1449,0.811798,23.1076,0,0.0188176,1740 1551 1502 1450 1449 1448 1501 1500 1550 -1
GCP,adapt_p60-00000000000001_a135-0_106_map.h5,25.8231,10,293,1469,30.000000:135.000000,1316,False,21,13,1192,0.999955,25.1777,0,0.0126908,1256 1256 1193 1127 1126 1192 1255 1318 1317 1254 1191 1190 -1
GCP,adapt_p70-52877936550931_a56-24999999999999_299_map.h5,27.8434,10,345,762,19.471220:56.250000,1177,True,15,13,1177,0.999998,26.8018,0,0.0124346,1178 1178 1240 1176 1177 1110 1111 1045 1046 1112 1241 1179 -1
GCP,adapt_p70-52877936550931_a258-75_63_map.h5,28.8203,10,178,398,19.471220:258.750000,1213,True,21,14,1213,0.999937,28.4548,0,0.0125179,1212 1212 1148 1147 1213 1275 1276 1277 1214 1149 1083 1150 1215 -1
GCP,adapt_p11-715852394892384_a315-0_599_map.h5,27.862,10,401,702,78.284149:315.000000,1778,True,16,13,1779,0.999996,25.0922,0,0.0127629,1780 1780 1763 1764 1779 1762 1761 1777 1778 1790 1791 1781 -1
GCP,adapt_p60-00000000000001_a135-0_72_map.h5,25.7541,10,277,1427,30.000000:135.000000,1316,True,29,12,1253,0.997277,23.3432,0,0.0127555,1374 1374 1375 1317 1254 1316 1253 1190 1252 1314 1315 -1
GCP,adapt_p70-52877936550931_a101-24999999999999_562_map.h5,28.8734,10,330,373,19.471220:101.250000,1185,True,15,14,1248,0.999999,27.6122,0,0.0124066,1247 1247 1246 1183 1184 1118 1119 1185 1248 1310 1311 1249 1186 -1
GCP,adapt_p48-18968510422141_a236-25_550_map.h5,26.8349,10,366,1155,41.810314:236.250000,1501,True,18,13,1501,0.99997,25.6409,0,0.0128686,1449 1449 1503 1450 1502 1552 1551 1501 1448 1500 1550 1549 -1
GCP,adapt_p60-00000000000001_a157-5_287_map.h5,26.8324,10,518,1086,30.000000:157.500000,1320,True,14,13,1321,0.999998,24.9771,0,0.0124062,1320 1320 1258 1259 1321 1322 1381 1438 1437 1380 1379 1436 -1
GCP,adapt_p48-18968510422141_a56-24999999999999_559_map.h5,26.8833,10,340,1100,41.810314:56.250000,1475,True,12,12,1475,0.999999,23.1474,0,0.0125318,1420 1420 1473 1419 1474 1526 1527 1475 1421 1476 1422 -1
GCP,adapt_p60-00000000000001_a45-0_436_map.h5,25.6078,10,167,1502,30.000000:45.000000,1301,True,55,12,1302,0.973548,23.9829,0,0.0130136,1417 1359 1418 1360 1301 1238 1239 1302 1361 1362 1303 -1
GCP,adapt_p48-18968510422141_a168-74999999999997_146_map.h5,27.8728,10,511,789,41.810314:168.750000,1491,True,12,12,1438,0.999999,23.5641,0,0.0129975,1439 1439 1440 1493 1541 1490 1437 1438 1491 1542 1492 -1
GCP,adapt_p70-52877936550931_a168-74999999999997_342_map.h5,26.869,10,369,1180,19.471220:168.750000,1197,True,14,13,1196,0.999999,25.0989,0,0.0127744,1130 1130 1195 1258 1259 1196 1131 1197 1260 1261 1198 1132 -1
GCP,adapt_p60-00000000000001_a315-0_56_map.h5,25.1655,10,72,1110,30.000000:315.000000,1346,False,280,9,1348,0.751182,25.0801,0,0.0212128,1142 1405 1462 1406 1348 1287 1288 1349 -1
GCP,adapt_p48-18968510422141_a303-75_66_map.h5,26.2893,10,165,1085,41.810314:303.750000,1510,False,105,11,1284,0.974757,25.9005,0,0.0133096,1274 1344 1283 1220 1156 1221 1222 1285 1284 1345 -1
GCP,adapt_p60-00000000000001_a202-49999999999997_208_map.h5,26.5645,10,140,1157,30.000000:202.500000,1328,False,64,12,1383,0.924918,24.1224,0,0.0133259,1493 1440 1383 1384 1385 1327 1326 1325 1324 1382 1439 -1
GCP,adapt_p48-18968510422141_a56-24999999999999_159_map.h5,25.8533,10,371,1435,41.810314:56.250000,1475,True,16,13,1526,0.999998,25.4715,0,0.0124654,1474 1474 1527 1574 1528 1476 1475 1526 1573 1572 1525 1473 -1
GCP,adapt_p35-659087696138755_a14-999999999999998_79_map.h5,26.8833,10,664,1085,54.340912:15.000000,1568,True,8,8,1568,0.999998,13.5438,0,0.0124682,1612 1612 1569 1613 1568 1567 1611 -1
GCP,adapt_p11-715852394892384_a315-0_150_map.h5,25.8615,10,702,1569,78.284149:315.000000,1778,True,11,11,1778,0.999999,20.0579,0,0.0123255,1790 1790 1789 1777 1761 1762 1778 1791 1779 1763 -1
GCP,adapt_p11-715852394892384_a135-0_537_map.h5,27.8151,10,256,739,78.284149:135.000000,1770,True,25,14,1771,0.999818,27.4934,0,0.0126947,1772 1772 1754 1771 1786 1785 1770 1769 1751 1752 1753 1729 1728 -1
GCP,adapt_p35-659087696138755_a105-0_314_map.h5,26.8765,10,454,1129,54.340912:105.000000,1579,True,10,10,1579,0.999999,18.3014,0,0.0123114,1533 1533 1578 1532 1579 1622 1623 1580 1534 -1
GCP,adapt_p80-40593177313954_a270-0_561_map.h5,27.842,10,453,745,9.594069:270.000000,1084,True,18,14,1085,0.999988,27.6893,0,0.0128166,1086 1086 1152 1151 1216 1215 1150 1085 1017 1084 1016 1083 1149 -1
GCP,adapt_p48-18968510422141_a348-74999999999994_111_map.h5,27.8787,10,400,846,41.810314:348.750000,1517,True,12,12,1517,0.999998,24.3002,0,0.0131062,1566 1566 1466 1465 1519 1518 1517 1516 1564 1565 1609 -1
GCP,adapt_p60-00000000000001_a45-0_440_map.h5,26.8522,10,338,1099,30.000000:45.000000,1301,True,13,13,1301,0.999998,25.2473,0,0.0125707,1238 1238 1239 1303 1362 1361 1302 1301 1360 1359 1300 1237 -1
GCP,adapt_p60-00000000000001_a90-0_238_map.h5,25.7933,10,415,1519,30.000000:90.000000,1309,True,25,13,1309,0.99956,25.2121,0,0.0124619,1308 1308 1245 1246 1309 1247 1310 1311 1370 1369 1368 1367 -1
GCP,adapt_p11-715852394892384_a45-0_2_map.h5,26.5498,10,145,1117,78.284149:45.000000,1766,False,69,12,1713,0.990434,24.4251,0,0.0129666,1642 1679 1680 1712 1681 1713 1739 1762 1740 1714 1682 -1
GCP,adapt_p23-556464309101234_a67-5_44_map.h5,26.8603,10,549,1104,66.443535:67.500000,1693,True,14,13,1693,0.999998,25.4907,0,0.0124467,1692 1692 1722 1723 1694 1693 1656 1618 1657 1658 1619 1620 -1
GCP,adapt_p35-659087696138755_a135-0_341_map.h5,26.5667,10,152,1049,54.340912:135.000000,1583,True,58,13,1626,0.95881,26.493,0,0.0130507,1538 1584 1583 1626 1625 1664 1665 1627 1628 1585 1586 1540 -1
GCP,adapt_p60-00000000000001_a224-99999999999997_265_map.h5,25.6561,10,165,1504,30.000000:225.000000,1331,False,44,12,1267,0.957839,24.4972,0,0.0126906,1265 1266 1203 1204 1267 1328 1329 1268 1269 1330 1388 -1
GCP,adapt_p70-52877936550931_a326-24999999999994_86_map.h5,27.7912,10,237,772,19.471220:326.250000,1225,True,23,13,1224,0.999801,25.3891,0,0.0126215,1286 1286 1287 1225 1161 1095 1094 1160 1159 1224 1223 1158 -1
GCP,adapt_p80-40593177313954_a247-49999999999997_210_map.h5,27.7515,10,404,748,9.594069:247.500000,1080,True,31,13,1143,0.995643,25.1942,0,0.0132523,1075 1075 1141 1142 1076 1077 1143 1078 1144 1145 1079 1080 -1
GCP,adapt_p48-18968510422141_a168-74999999999997_166_map.h5,25.5861,10,146,1539,41.810314:168.750000,1491,True,55,12,1541,0.981222,24.0182,0,0.0127029,1438 1491 1542 1587 1541 1490 1489 1540 1539 1585 1586 -1
GCP,adapt_p70-52877936550931_a78-75_240_map.h5,27.8784,10,436,763,19.471220:78.750000,1181,True,13,13,1181,0.999998,25.9649,0,0.0124318,1182 1182 1115 1116 1181 1245 1246 1308 1307 1244 1243 1180 -1
GCP,adapt_p35-659087696138755_a255-00000000000003_524_map.h5,25.7191,10,189,1553,54.340912:255.000000,1598,True,34,13,1598,0.995672,25.4353,0,0.0127397,1552 1552 1503 1553 1597 1598 1640 1599 1555 1554 1504 1505 -1
GCP,adapt_p35-659087696138755_a285-0_434_map.h5,25.7252,10,232,1475,54.340912:285.000000,1601,True,33,13,1643,0.996213,25.1769,0,0.0126101,1601 1601 1602 1603 1644 1681 1713 1712 1680 1679 1643 1642 -1
GCP,adapt_p70-52877936550931_a281-24999999999994_394_map.h5,26.8062,10,286,1143,19.471220:281.250000,1217,True,24,12,1152,0.999326,22.6956,0,0.0126015,1280 1280 1218 1153 1087 1086 1152 1217 1279 1216 1151 -1
GCP,adapt_p70-52877936550931_a56-24999999999999_431_map.h5,27.7874,10,243,731,19.471220:56.250000,1177,True,30,14,1176,0.999698,27.6868,0,0.0123947,1241 1241 1178 1111 1177 1240 1239 1176 1110 1109 1175 1108 1174 -1
GCP,adapt_p60-00000000000001_a22-5_242_map.h5,27.8575,10,455,788,30.000000:22.500000,1298,True,16,13,1298,0.999997,25.7674,0,0.0132529,1299 1299 1359 1358 1235 1298 1357 1356 1297 1234 1233 1296 -1
GCP,adapt_p70-52877936550931_a303-75_227_map.h5,27.8829,10,526,694,19.471220:303.750000,1221,True,10,10,1284,0.999999,17.8897,0,0.0129048,1345 1345 1344 1283 1220 1221 1284 1285 1222 -1
GCP,adapt_p80-40593177313954_a202-49999999999997_523_map.h5,27.2648,10,132,727,9.594069:202.500000,1072,True,105,13,1139,0.94092,27.2675,0,0.0140324,1268 1205 1206 1141 1074 1140 1139 1204 1073 1072 1138 1137 -1
GCP,adapt_p48-18968510422141_a146-25_35_map.h5,27.8449,10,366,728,41.810314:146.250000,1488,True,13,13,1488,0.999999,25.2938,0,0.0128232,1539 1539 1540 1490 1436 1489 1488 1435 1434 1487 1538 1537 -1
GCP,adapt_p60-00000000000001_a135-0_163_map.h5,26.585,10,106,1087,30.000000:135.000000,1316,False,55,12,1433,0.986763,24.1774,0,0.0127751,1378 1377 1376 1375 1432 1433 1486 1487 1434 1435 1488 -1
GCP,adapt_p60-00000000000001_a247-49999999999997_542_map.h5,26.8862,10,752,1159,30.000000:247.500000,1335,True,8,8,1335,0.999999,13.1852,0,0.0125793,1336 1336 1275 1274 1335 1273 1334 -1
GCP,adapt_p23-556464309101234_a202-5_217_map.h5,26.8841,10,813,1196,66.443535:202.500000,1704,True,9,9,1704,0.999999,15.421,0,0.0126878,1731 1731 1732 1705 1671 1670 1704 1703 -1
GCP,adapt_p23-556464309101234_a337-5_5_map.h5,26.8363,10,501,1106,66.443535:337.500000,1716,True,11,11,1716,0.999998,21.0307,0,0.0125092,1742 1742 1715 1683 1741 1716 1684 1685 1717 1743 -1
GCP,adapt_p70-52877936550931_a303-75_123_map.h5,25.655,10,205,1460,19.471220:303.750000,1221,True,46,12,1220,0.979358,23.9367,0,0.0127821,1343 1282 1219 1154 1155 1220 1283 1284 1221 1156 1157 -1
GCP,adapt_p70-52877936550931_a213-75_89_map.h5,27.8742,10,484,747,19.471220:213.750000,1205,True,13,13,1205,0.999998,25.1305,0,0.0126185,1140 1140 1206 1269 1268 1205 1139 1204 1267 1266 1203 1138 -1
GCP,adapt_p23-556464309101234_a292-5_258_map.h5,27.8644,10,611,748,66.443535:292.500000,1712,True,11,11,1712,0.999998,21.0727,0,0.0123829,1713 1713 1739 1711 1679 1643 1644 1680 1712 1681 -1
GCP,adapt_p80-40593177313954_a202-49999999999997_129_map.h5,27.8022,10,271,728,9.594069:202.500000,1072,True,24,14,1071,0.999889,27.6502,0,0.012602,1073 1073 1139 1138 1072 1004 1003 1071 1137 1136 1070 1135 1069 -1
GCP,adapt_p35-659087696138755_a165-0_415_map.h5,28.8437,10,309,378,54.340912:165.000000,1587,True,16,14,1587,0.999997,28.2625,0,0.0131432,1588 1588 1541 1587 1542 1491 1490 1540 1585 1586 1629 1630 1631 -1
GCP,adapt_p35-659087696138755_a224-99999999999997_456_map.h5,25.7621,10,149,1505,54.340912:225.000000,1594,True,33,13,1594,0.997444,24.936,0,0.0127156,1672 1672 1673 1637 1595 1550 1549 1594 1636 1635 1593 1548 -1
GCP,adapt_p60-00000000000001_a67-5_90_map.h5,27.8984,10,557,730,30.000000:67.500000,1305,True,9,9,1364,0.999999,15.4598,0,0.0123389,1305 1305 1364 1422 1423 1365 1306 1366 -1
GCP,adapt_p60-00000000000001_a292-5_184_map.h5,26.8724,10,489,1116,30.000000:292.500000,1343,True,12,12,1401,0.999998,23.1317,0,0.0133248,1400 1400 1399 1342 1343 1401 1456 1457 1458 1402 1344 -1
GCP,adapt_p48-18968510422141_a348-74999999999994_431_map.h5,28.8894,10,586,370,41.810314:348.750000,1517,True,10,10,1517,0.999999,18.4869,0,0.0123875,1516 1516 1565 1464 1465 1466 1518 1517 1566 -1
GCP,adapt_p23-556464309101234_a157-5_157_map.h5,25.8352,10,264,1452,66.443535:157.500000,1701,True,20,13,1665,0.999976,25.3647,0,0.0125539,1628 1628 1627 1626 1664 1665 1666 1699 1700 1701 1729 1728 -1
GCP,adapt_p48-18968510422141_a236-25_35_map.h5,28.8142,10,254,349,41.810314:236.250000,1501,True,20,14,1551,0.999929,28.6464,0,0.0125239,1500 1500 1448 1501 1549 1550 1595 1551 1596 1597 1552 1502 1553 -1
GCP,adapt_p70-52877936550931_a33-75_411_map.h5,27.8473,10,379,727,19.471220:33.750000,1173,True,16,13,1237,0.999984,25.626,0,0.013466,1300 1300 1299 1236 1172 1107 1173 1237 1174 1175 1238 1301 -1
GCP,adapt_p60-00000000000001_a67-5_341_map.h5,27.8885,10,360,740,30.000000:67.500000,1305,True,11,11,1306,0.999999,20.863,0,0.013329,1365 1365 1307 1366 1306 1244 1243 1242 1305 1364 -1
GCP,adapt_p70-52877936550931_a236-25_593_map.h5,27.8314,10,362,748,19.471220:236.250000,1209,True,16,14,1210,0.999986,27.3992,0,0.0124011,1144 1144 1145 1146 1211 1274 1273 1210 1209 1272 1271 1208 1143 -1
GCP,adapt_p70-52877936550931_a56-24999999999999_546_map.h5,25.8852,10,735,1471,19.471220:56.250000,1177,True,10,10,1177,0.999999,18.2877,0,0.0126244,1111 1111 1176 1110 1177 1240 1241 1178 1112 -1
GCP,adapt_p70-52877936550931_a123-74999999999999_273_map.h5,28.894,10,554,328,19.471220:123.750000,1189,True,9,9,1189,0.999999,15.4652,0,0.0127713,1188 1188 1123 1189 1252 1253 1190 1124 -1
GCP,adapt_p80-40593177313954_a292-5_447_map.h5,28.6922,10,174,400,9.594069:292.500000,1088,True,40,14,1151,0.987495,28.057,0,0.012671,1216 1216 1217 1153 1154 1088 1087 1086 1152 1151 1085 1150 1149 -1
GCP,adapt_p23-556464309101234_a22-5_559_map.h5,25.7661,10,196,1452,66.443535:22.500000,1689,True,29,13,1688,0.999332,24.9714,0,0.012674,1718 1718 1688 1687 1651 1652 1613 1653 1689 1719 1720 1690 -1
GCP,adapt_p48-18968510422141_a258-75_83_map.h5,25.4102,10,194,1509,41.810314:258.750000,1504,True,92,11,1452,0.932999,23.3287,0,0.0135833,1551 1504 1453 1397 1339 1396 1452 1395 1451 1503 -1
GCP,adapt_p60-00000000000001_a315-0_502_map.h5,27.8793,10,520,716,30.000000:315.000000,1346,True,11,11,1346,0.999998,20.5221,0,0.012552,1285 1285 1284 1345 1346 1404 1405 1347 1286 1348 -1
GCP,adapt_p48-18968510422141_a326-24999999999994_208_map.h5,25.836,10,277,1423,41.810314:326.250000,1514,True,19,12,1513,0.999873,24.2105,0,0.0127903,1561 1512 1460 1461 1462 1514 1563 1606 1562 1513 1561 -1
GCP,adapt_p80-40593177313954_a224-99999999999997_483_map.h5,26.8673,10,469,1084,9.594069:225.000000,1076,True,14,12,1076,0.999988,23.2409,0,0.0124126,1009 1009 1008 1075 1141 1142 1076 1010 1078 1077 1143 -1
GCP,adapt_p35-659087696138755_a344-99999999999994_190_map.h5,27.8372,10,295,728,54.340912:345.000000,1609,True,19,13,1649,0.999989,25.8183,0,0.0125349,1684 1684 1648 1607 1608 1649 1685 1686 1651 1650 1609 1611 -1
GCP,adapt_p60-00000000000001_a22-5_96_map.h5,26.8662,10,447,1135,30.000000:22.500000,1298,True,12,12,1298,0.999998,23.5628,0,0.0125929,1297 1297 1233 1234 1235 1298 1296 1356 1357 1358 1299 -1
GCP,adapt_p60-00000000000001_a202-49999999999997_115_map.h5,28.8624,10,240,404,30.000000:202.500000,1328,True,15,14,1328,0.999999,28.3539,0,0.0133492,1267 1267 1268 1329 1387 1327 1265 1203 1266 1328 1386 1385 1326 -1
GCP,adapt_p70-52877936550931_a258-75_176_map.h5,27.8498,10,420,744,19.471220:258.750000,1213,True,17,14,1212,0.999997,27.4134,0,0.0129745,1147 1147 1148 1149 1214 1277 1276 1213 1212 1275 1274 1211 1146 -1
GCP,adapt_p23-556464309101234_a247-49999999999997_17_map.h5,27.8938,10,597,745,66.443535:247.500000,1708,True,9,9,1709,0.999999,15.2285,0,0.0129354,1736 1736 1735 1708 1675 1676 1709 1710 -1
GCP,adapt_p35-659087696138755_a315-0_39_map.h5,24.7711,10,302,1875,54.340912:315.000000,1605,True,26,12,1647,0.999011,23.4368,0,0.0126757,1648 1648 1682 1683 1684 1647 1606 1605 1646 1645 1604 -1
GCP,adapt_p70-52877936550931_a101-24999999999999_117_map.h5,27.7431,10,234,771,19.471220:101.250000,1185,True,31,13,1185,0.99794,25.3907,0,0.0126921,1118 1118 1184 1247 1248 1185 1119 1249 1186 1120 1121 1187 -1
GCP,adapt_p70-52877936550931_a78-75_533_map.h5,26.7962,10,281,1110,19.471220:78.750000,1181,True,18,13,1181,0.999988,25.2779,0,0.0126435,1180 1180 1114 1115 1181 1244 1182 1116 1117 1183 1246 1245 -1
GCP,adapt_p80-40593177313954_a337-49999999999994_377_map.h5,27.8323,10,428,789,9.594069:337.500000,1097,True,14,13,1164,0.999994,25.4405,0,0.0125306,1099 1099 1100 1165 1229 1164 1098 1097 1163 1227 1162 1096 -1
GCP,adapt_p35-659087696138755_a224-99999999999997_59_map.h5,25.8645,10,456,1513,54.340912:225.000000,1594,True,12,12,1636,0.999999,23.1146,0,0.0132817,1595 1595 1594 1635 1672 1673 1636 1637 1596 1638 1674 -1
GCP,adapt_p60-00000000000001_a247-49999999999997_224_map.h5,27.8794,10,436,813,30.000000:247.500000,1335,True,10,10,1335,0.999998,17.9991,0,0.0124021,1394 1394 1393 1392 1334 1273 1274 1335 1336 -1
GCP,adapt_p23-556464309101234_a22-5_277_map.h5,27.896,10,564,795,66.443535:22.500000,1689,True,10,10,1689,0.999999,18.2253,0,0.0128395,1690 1690 1719 1720 1689 1688 1652 1653 1654 -1
GCP,adapt_p48-18968510422141_a146-25_230_map.h5,25.7152,10,229,1451,41.810314:146.250000,1488,True,34,12,1488,0.996108,23.019,0,0.0126422,1490 1490 1540 1539 1489 1436 1435 1488 1538 1487 1434 -1
GCP,adapt_p23-556464309101234_a22-5_532_map.h5,27.8763,10,510,725,66.443535:22.500000,1689,True,13,13,1689,0.999998,24.8967,0,0.0125258,1652 1652 1653 1654 1690 1720 1719 1689 1688 1718 1687 1651 -1
GCP,adapt_p60-00000000000001_a157-5_384_map.h5,26.8395,10,528,1041,30.000000:157.500000,1320,True,12,12,1320,0.999999,23.2549,0,0.0122658,1379 1379 1322 1380 1321 1259 1258 1320 1378 1319 1257 -1
GCP,adapt_p48-18968510422141_a191-25_591_map.h5,26.8482,10,488,1088,41.810314:191.250000,1494,True,15,13,1441,0.999996,25.1826,0,0.0125859,1440 1440 1493 1441 1384 1385 1442 1495 1545 1494 1544 1543 -1
GCP,adapt_p70-52877936550931_a281-24999999999994_137_map.h5,27.844,10,479,716,19.471220:281.250000,1217,True,16,13,1217,0.999973,25.4202,0,0.0127544,1218 1218 1154 1153 1152 1151 1216 1217 1280 1279 1278 1215 -1
GCP,adapt_p11-715852394892384_a45-0_377_map.h5,25.59,10,147,1572,78.284149:45.000000,1766,False,52,12,1743,0.974731,24.4299,0,0.0128281,1688 1718 1744 1745 1719 1687 1743 1717 1716 1742 1741 -1
GCP,adapt_p48-18968510422141_a348-74999999999994_488_map.h5,28.8844,10,475,380,41.810314:348.750000,1517,True,10,10,1517,0.999999,18.5528,0,0.0123838,1516 1516 1466 1517 1465 1464 1515 1564 1565 -1
GCP,adapt_p35-659087696138755_a14-999999999999998_598_map.h5,27.9004,10,643,764,54.340912:15.000000,1568,True,7,7,1569,0.999999,10.8048,0,0.012395,1568 1568 1569 1614 1613 1612 -1
GCP,adapt_p35-659087696138755_a105-0_108_map.h5,28.8894,10,526,389,54.340912:105.000000,1579,True,9,9,1622,0.999998,15.5082,0,0.0123297,1661 1661 1623 1622 1579 1578 1621 1660 -1
GCP,adapt_p70-52877936550931_a146-25_533_map.h5,28.8872,10,545,403,19.471220:146.250000,1193,True,11,11,1193,0.999998,20.7839,0,0.012557,1194 1194 1193 1256 1257 1195 1129 1128 1127 1192 -1
GCP,adapt_p48-18968510422141_a213-75_26_map.h5,26.846,10,360,1084,41.810314:213.750000,1497,True,17,13,1498,0.999918,25.4373,0,0.0127988,1445 1445 1444 1496 1547 1497 1498 1548 1593 1549 1499 1446 -1
GCP,adapt_p80-40593177313954_a202-49999999999997_273_map.h5,28.8493,10,363,343,9.594069:202.500000,1072,True,14,14,1072,0.999999,28.0163,0,0.0125166,1005 1005 1071 1137 1136 1070 1003 1004 1072 1138 1139 1073 1006 -1
GCP,adapt_p35-659087696138755_a45-0_154_map.h5,26.851,10,399,1102,54.340912:45.000000,1572,True,17,13,1526,0.999994,25.5735,0,0.0128079,1572 1572 1573 1574 1527 1475 1474 1526 1571 1524 1525 1473 -1
GCP,adapt_p60-00000000000001_a202-49999999999997_40_map.h5,27.8549,10,359,756,30.000000:202.500000,1328,True,16,13,1385,0.999997,25.3992,0,0.0128996,1386 1386 1327 1265 1266 1328 1385 1442 1441 1384 1326 1264 -1
GCP,adapt_p35-659087696138755_a224-99999999999997_464_map.h5,28.6718,10,121,347,54.340912:225.000000,1594,True,45,14,1592,0.992091,27.8989,0,0.0129782,1594 1594 1548 1593 1635 1592 1547 1497 1546 1591 1633 1634 1671 -1
GCP,adapt_p35-659087696138755_a165-0_186_map.h5,27.8617,10,423,713,54.340912:165.000000,1587,True,15,14,1587,0.999998,27.5366,0,0.013106,1630 1630 1587 1586 1585 1628 1629 1667 1668 1631 1588 1542 1541 -1
GCP,adapt_p48-18968510422141_a33-75_259_map.h5,25.4838,10,245,1444,41.810314:33.750000,1471,True,72,11,1563,0.920332,25.409,0,0.0129941,1470 1416 1417 1472 1471 1564 1515 1514 1563 1607 -1
GCP,adapt_p80-40593177313954_a202-49999999999997_423_map.h5,27.8903,10,510,718,9.594069:202.500000,1072,True,10,10,1072,0.999998,18.6782,0,0.0124429,1004 1004 1071 1005 1006 1073 1139 1072 1138 -1
GCP,adapt_p48-18968510422141_a11-25_34_map.h5,26.8062,10,252,1121,41.810314:11.250000,1468,True,21,13,1468,0.999876,25.913,0,0.0125888,1467 1467 1521 1469 1470 1415 1356 1414 1413 1468 1520 1519 -1
GCP,adapt_p60-00000000000001_a67-5_284_map.h5,26.8666,10,423,1117,30.000000:67.500000,1305,True,15,13,1364,0.999998,26.0015,0,0.0131978,1304 1304 1303 1363 1421 1422 1364 1305 1242 1423 1365 1306 -1
GCP,adapt_p48-18968510422141_a123-74999999999999_339_map.h5,27.8304,10,309,772,41.810314:123.750000,1484,True,19,13,1484,0.999926,26.1533,0,0.0124249,1536 1536 1486 1432 1431 1430 1429 1483 1534 1484 1485 1535 -1
GCP,adapt_p48-18968510422141_a33-75_465_map.h5,26.8172,10,414,1118,41.810314:33.750000,1471,True,15,13,1417,0.999996,25.7487,0,0.0125676,1472 1472 1524 1523 1471 1419 1418 1360 1359 1417 1416 1358 -1
GCP,adapt_p70-52877936550931_a101-24999999999999_528_map.h5,28.7995,10,228,339,19.471220:101.250000,1185,True,25,14,1186,0.999917,27.7757,0,0.0123141,1119 1119 1184 1247 1248 1185 1120 1186 1249 1250 1187 1121 1122 -1
GCP,adapt_p70-52877936550931_a303-75_510_map.h5,25.5989,10,110,1559,19.471220:303.750000,1221,False,53,12,1161,0.941847,24.9005,0,0.0129419,1284 1222 1285 1286 1223 1224 1094 1160 1161 1095 1096 -1
GCP,adapt_p70-52877936550931_a191-25_517_map.h5,25.7924,10,490,1438,19.471220:191.250000,1201,True,14,13,1201,0.999999,25.252,0,0.0124273,1264 1264 1265 1266 1203 1137 1202 1201 1136 1135 1200 1263 -1
GCP,adapt_p70-52877936550931_a213-75_439_map.h5,25.0034,10,174,1473,19.471220:213.750000,1205,False,143,11,1137,0.755649,22.9245,0,0.0143717,1327 1203 1136 1070 1071 1137 1072 1138 1139 1204 -1
GCP,adapt_p80-40593177313954_a202-49999999999997_61_map.h5,26.843,10,504,1034,9.594069:202.500000,1072,True,17,13,1072,0.999986,25.8464,0,0.0127494,1004 1004 1073 1139 1074 1006 1005 1072 1138 1137 1071 1070 -1
GCP,adapt_p70-52877936550931_a191-25_581_map.h5,27.856,10,456,760,19.471220:191.250000,1201,True,15,13,1202,0.999997,26.0181,0,0.0127819,1264 1264 1202 1137 1203 1266 1265 1136 1135 1201 1200 1263 -1
GCP,adapt_p48-18968510422141_a123-74999999999999_317_map.h5,27.845,10,284,767,41.810314:123.750000,1484,True,18,13,1484,0.99999,26.197,0,0.0127923,1535 1535 1430 1429 1483 1534 1484 1431 1432 1485 1536 1486 -1
GCP,adapt_p23-556464309101234_a157-5_564_map.h5,27.8749,10,470,747,66.443535:157.500000,1701,True,13,13,1701,0.999999,25.4165,0,0.0128801,1730 1730 1753 1754 1729 1728 1700 1665 1666 1667 1701 1702 -1
GCP,adapt_p60-00000000000001_a112-49999999999999_63_map.h5,25.8433,10,424,1490,30.000000:112.500000,1313,True,16,12,1312,0.999958,23.4953,0,0.0124754,1311 1311 1249 1248 1312 1370 1371 1372 1313 1250 1251 -1
GCP,adapt_p48-18968510422141_a213-75_405_map.h5,26.7907,10,225,1161,41.810314:213.750000,1497,False,26,13,1328,0.999307,25.0479,0,0.0130429,1267 1267 1329 1388 1387 1444 1443 1386 1328 1266 1265 1327 -1
GCP,adapt_p70-52877936550931_a146-25_544_map.h5,27.8296,10,371,754,19.471220:146.250000,1193,True,19,14,1255,0.9999,27.8157,0,0.0131791,1193 1193 1194 1257 1319 1256 1318 1376 1317 1255 1192 1254 1191 -1
GCP,adapt_p70-52877936550931_a258-75_210_map.h5,25.7289,10,190,1566,19.471220:258.750000,1213,True,31,13,1149,0.995439,25.596,0,0.0129228,1215 1215 1150 1084 1149 1214 1083 1082 1081 1147 1148 1213 -1
GCP,adapt_p60-00000000000001_a157-5_185_map.h5,28.8951,10,412,353,30.000000:157.500000,1320,True,10,10,1321,0.999999,18.4914,0,0.0126299,1259 1259 1320 1258 1321 1322 1380 1379 1378 -1
GCP,adapt_p48-18968510422141_a348-74999999999994_256_map.h5,27.8912,10,478,768,41.810314:348.750000,1517,True,10,10,1518,0.999999,18.4247,0,0.0126005,1466 1466 1412 1467 1518 1465 1517 1566 1519 -1
GCP,adapt_p70-52877936550931_a191-25_557_map.h5,27.8634,10,370,738,19.471220:191.250000,1201,True,14,14,1135,0.999999,27.685,0,0.0124166,1070 1070 1069 1068 1134 1199 1200 1135 1136 1201 1202 1137 1071 -1
GCP,adapt_p70-52877936550931_a11-25_93_map.h5,27.8783,10,451,745,19.471220:11.250000,1169,True,12,12,1169,0.999999,23.6276,0,0.0125259,1170 1170 1171 1234 1103 1102 1168 1231 1232 1169 1233 -1
GCP,adapt_p60-00000000000001_a0-0_460_map.h5,25.6434,10,134,1523,30.000000:0.000000,1294,False,49,12,1464,0.994251,24.6074,0,0.0144383,1350 1408 1409 1465 1410 1466 1517 1516 1464 1407 1463 -1
GCP,adapt_p48-18968510422141_a303-75_28_map.h5,26.3693,10,112,1096,41.810314:303.750000,1510,False,94,11,1551,0.812334,24.8711,0,0.0134538,1640 1552 1502 1501 1550 1551 1596 1679 1680 1712 -1
GCP,adapt_p48-18968510422141_a56-24999999999999_16_map.h5,27.8648,10,344,795,41.810314:56.250000,1475,True,17,14,1420,0.999998,27.8097,0,0.0129404,1362 1362 1361 1419 1473 1526 1527 1475 1474 1420 1421 1363 1422 -1
GCP,adapt_p35-659087696138755_a195-0_178_map.h5,26.7037,10,71,785,54.340912:195.000000,1590,False,204,10,1570,0.781113,26.0131,0,0.0166158,1636 1716 1717 1570 1571 1523 1470 1522 1569 -1
GCP,adapt_p70-52877936550931_a101-24999999999999_310_map.h5,27.8744,10,559,764,19.471220:101.250000,1185,True,11,11,1119,0.999998,21.0009,0,0.0123515,1185 1185 1186 1187 1121 1120 1184 1118 1119 1053 -1
GCP,adapt_p60-00000000000001_a247-49999999999997_358_map.h5,27.8623,10,525,773,30.000000:247.500000,1335,True,14,14,1336,0.999998,27.8334,0,0.0125106,1275 1275 1276 1338 1337 1395 1336 1394 1393 1335 1274 1273 1334 -1
GCP,adapt_p23-556464309101234_a67-5_147_map.h5,26.8785,10,550,1120,66.443535:67.500000,1693,True,10,10,1722,0.999998,17.7537,0,0.0123012,1747 1747 1748 1723 1693 1692 1722 1721 1691 -1
GCP,adapt_p70-52877936550931_a101-24999999999999_53_map.h5,26.8883,10,796,1105,19.471220:101.250000,1185,True,10,10,1185,0.999999,18.3044,0,0.0124735,1119 1119 1118 1183 1247 1184 1185 1248 1249 -1
GCP,adapt_p80-40593177313954_a292-5_169_map.h5,25.4392,10,93,1410,9.594069:292.500000,1088,False,78,12,1222,0.906692,24.4156,0,0.0136472,1219 1220 1156 1221 1222 1157 1092 1093 1159 1158 1223 -1
GCP,adapt_p60-00000000000001_a45-0_119_map.h5,25.1431,10,189,1516,30.000000:45.000000,1301,True,120,12,1361,0.874725,24.3266,0,0.0144945,1300 1301 1302 1361 1360 1418 1419 1420 1362 1303 1241 -1
GCP,adapt_p48-18968510422141_a56-24999999999999_516_map.h5,28.7809,10,131,350,41.810314:56.250000,1475,True,31,14,1421,0.999546,28.0898,0,0.012893,1364 1364 1304 1363 1421 1422 1475 1474 1419 1361 1420 1362 1303 -1
GCP,adapt_p11-715852394892384_a225-0_181_map.h5,27.8882,10,588,733,78.284149:225.000000,1774,True,9,9,1775,0.999999,16.0036,0,0.0126291,1757 1757 1774 1756 1758 1776 1775 1788 -1
GCP,adapt_p80-40593177313954_a247-49999999999997_187_map.h5,26.8323,10,482,1131,9.594069:247.500000,1080,True,18,13,1081,0.99998,25.3398,0,0.0125445,1012 1012 1079 1080 1146 1147 1081 1013 1014 1082 1015 1083 -1
GCP,adapt_p60-00000000000001_a337-49999999999994_319_map.h5,26.5611,10,158,1076,30.000000:337.500000,1350,True,60,12,1350,0.978386,24.3428,0,0.0136582,1226 1289 1290 1351 1409 1408 1350 1407 1349 1288 1348 -1
GCP,adapt_p80-40593177313954_a45-0_447_map.h5,28.8302,10,213,356,9.594069:45.000000,1042,True,20,14,1041,0.999627,28.1807,0,0.0126378,1040 1040 973 974 975 1043 1042 1108 1174 1173 1107 1041 1106 -1
GCP,adapt_p11-715852394892384_a45-0_318_map.h5,28.8573,10,212,380,78.284149:45.000000,1766,True,15,14,1766,0.999998,27.9339,0,0.0125258,1746 1746 1765 1745 1766 1782 1783 1747 1767 1768 1749 1748 1722 -1
GCP,adapt_p70-52877936550931_a33-75_170_map.h5,27.7385,10,149,747,19.471220:33.750000,1173,True,36,13,1173,0.993013,25.4646,0,0.0132564,1235 1235 1236 1237 1238 1174 1107 1173 1172 1106 1040 1039 -1
GCP,adapt_p60-00000000000001_a247-49999999999997_27_map.h5,28.8563,10,272,389,30.000000:247.500000,1335,True,15,14,1393,0.999994,28.4531,0,0.012473,1334 1334 1273 1335 1449 1450 1394 1336 1393 1392 1448 1391 1333 -1
GCP,adapt_p48-18968510422141_a146-25_529_map.h5,25.8723,10,799,1479,41.810314:146.250000,1488,True,10,10,1434,0.999999,17.7455,0,0.0124706,1435 1435 1436 1489 1488 1539 1538 1487 1434 -1
GCP,adapt_p48-18968510422141_a168-74999999999997_157_map.h5,26.8737,10,578,1056,41.810314:168.750000,1491,True,10,10,1491,0.999999,18.3503,0,0.0130383,1492 1492 1542 1541 1490 1437 1491 1439 1438 -1
GCP,adapt_p48-18968510422141_a123-74999999999999_58_map.h5,27.847,10,264,782,41.810314:123.750000,1484,True,16,14,1484,0.999997,27.6186,0,0.0128073,1432 1432 1433 1486 1537 1536 1485 1484 1535 1483 1430 1431 1374 -1
GCP,adapt_p35-659087696138755_a195-0_144_map.h5,27.8069,10,277,754,54.340912:195.000000,1590,True,21,14,1633,0.999847,27.7871,0,0.0129529,1634 1634 1671 1670 1669 1632 1589 1590 1545 1546 1591 1633 1592 -1
GCP,adapt_p70-52877936550931_a191-25_354_map.h5,27.8743,10,448,707,19.471220:191.250000,1201,True,13,13,1201,0.999999,26.3382,0,0.012488,1263 1263 1135 1200 1199 1262 1201 1136 1202 1265 1264 1326 -1
GCP,adapt_p35-659087696138755_a14-999999999999998_561_map.h5,26.8693,10,474,1036,54.340912:15.000000,1568,True,13,13,1568,0.999998,25.778,0,0.0124688,1520 1520 1469 1468 1521 1522 1570 1569 1613 1612 1568 1567 -1
GCP,adapt_p23-556464309101234_a202-5_294_map.h5,27.83,10,210,782,66.443535:202.500000,1704,True,21,13,1704,0.999917,25.3448,0,0.0127507,1669 1669 1704 1732 1705 1671 1670 1703 1731 1730 1702 1668 -1
GCP,adapt_p35-659087696138755_a224-99999999999997_144_map.h5,27.8903,10,528,739,54.340912:225.000000,1594,True,10,10,1594,0.999999,18.3396,0,0.0124535,1595 1595 1549 1550 1594 1593 1635 1636 1637 -1
GCP,adapt_p48-18968510422141_a56-24999999999999_413_map.h5,25.8201,10,247,1417,41.810314:56.250000,1475,True,20,13,1421,0.99986,25.5335,0,0.0127209,1475 1475 1422 1476 1421 1363 1364 1304 1303 1362 1420 1474 -1
GCP,adapt_p60-00000000000001_a337-49999999999994_569_map.h5,24.8774,10,73,1175,30.000000:337.500000,1350,False,344,10,1100,0.760195,23.3794,0,0.0241327,1042 1034 1033 1100 1032 1099 1031 1098 1097 -1
GCP,adapt_p35-659087696138755_a135-0_397_map.h5,27.8754,10,511,773,54.340912:135.000000,1583,True,11,11,1583,0.999998,20.9541,0,0.0124303,1626 1626 1584 1627 1664 1583 1537 1536 1582 1625 -1
GCP,adapt_p70-52877936550931_a11-25_470_map.h5,26.8842,10,526,1116,19.471220:11.250000,1169,True,12,12,1169,0.999999,23.3582,0,0.0125362,1103 1103 1102 1168 1232 1169 1104 1170 1233 1234 1171 -1
GCP,adapt_p60-00000000000001_a270-0_313_map.h5,27.8842,10,572,699,30.000000:270.000000,1339,True,12,12,1339,0.999998,23.0397,0,0.0125846,1338 1338 1276 1337 1277 1278 1339 1397 1398 1340 1279 -1
GCP,adapt_p70-52877936550931_a56-24999999999999_86_map.h5,26.7989,10,377,1159,19.471220:56.250000,1177,True,22,13,1110,0.999768,25.0919,0,0.0129149,1176 1176 1175 1109 1110 1044 1045 1111 1177 1178 1112 1046 -1
GCP,adapt_p48-18968510422141_a348-74999999999994_171_map.h5,26.855,10,400,1026,41.810314:348.750000,1517,True,15,13,1465,0.999995,25.3114,0,0.0128562,1464 1464 1408 1409 1465 1410 1411 1412 1466 1518 1517 1516 -1
GCP,adapt_p60-00000000000001_a292-5_330_map.h5,26.8523,10,509,1135,30.000000:292.500000,1343,True,14,13,1342,0.999998,25.7387,0,0.0124486,1341 1341 1399 1456 1400 1401 1342 1280 1281 1282 1343 1344 -1
GCP,adapt_p35-659087696138755_a165-0_87_map.h5,25.764,10,189,1518,54.340912:165.000000,1587,False,30,12,1493,0.998825,24.7661,0,0.0127867,1545 1494 1441 1442 1493 1440 1439 1492 1543 1544 1545 -1
GCP,adapt_p80-40593177313954_a90-0_45_map.h5,28.7902,10,248,339,9.594069:90.000000,1051,True,27,14,1050,0.999039,28.7057,0,0.0125547,983 983 1052 1118 1051 1117 1116 1115 1050 982 1049 981 1048 -1
GCP,adapt_p60-00000000000001_a337-49999999999994_473_map.h5,27.8481,10,458,684,30.000000:337.500000,1350,True,13,13,1350,0.999999,25.6779,0,0.0126931,1289 1289 1351 1409 1352 1291 1290 1350 1408 1407 1349 1288 -1
GCP,adapt_p70-52877936550931_a11-25_207_map.h5,28.8922,10,553,385,19.471220:11.250000,1169,True,8,8,1169,0.999999,13.7024,0,0.0125517,1103 1103 1104 1170 1102 1168 1169 -1
GCP,adapt_p23-556464309101234_a247-49999999999997_150_map.h5,26.868,10,528,1151,66.443535:247.500000,1708,True,13,13,1675,0.999998,25.0483,0,0.0128294,1676 1676 1709 1736 1735 1708 1675 1707 1674 1637 1638 1639 -1
GCP,adapt_p80-40593177313954_a135-0_181_map.h5,27.8322,10,369,775,9.594069:135.000000,1059,True,20,13,1126,0.999944,25.5423,0,0.0125833,1060 1060 1059 1125 1124 1190 1191 1192 1193 1127 1126 1061 -1
GCP,adapt_p48-18968510422141_a146-25_566_map.h5,28.8961,10,596,340,41.810314:146.250000,1488,True,10,10,1488,0.999999,17.9279,0,0.0126868,1434 1434 1435 1436 1489 1539 1488 1487 1538 -1
GCP,adapt_p23-556464309101234_a247-49999999999997_184_map.h5,24.7885,10,95,1574,66.443535:247.500000,1708,False,194,10,1752,0.862723,23.3975,0,0.0160982,1793 1770 1751 1726 1727 1728 1752 1753 1640 -1
GCP,adapt_p48-18968510422141_a236-25_428_map.h5,27.8733,10,551,757,41.810314:236.250000,1501,True,12,12,1448,0.999999,23.416,0,0.012514,1501 1501 1550 1500 1551 1502 1449 1392 1391 1448 1447 -1
GCP,adapt_p80-40593177313954_a112-49999999999999_566_map.h5,27.8593,10,389,795,9.594069:112.500000,1055,True,16,13,1055,0.999982,25.9304,0,0.0125015,1054 1054 1121 1187 1120 1055 987 988 1056 1122 1123 1057 -1
GCP,adapt_p48-18968510422141_a213-75_330_map.h5,27.8874,10,544,760,41.810314:213.750000,1497,True,10,10,1498,0.999999,18.4219,0,0.0124253,1497 1497 1444 1445 1547 1548 1498 1499 1446 -1
GCP,adapt_p60-00000000000001_a180-0_36_map.h5,24.7369,10,303,1870,30.000000:180.000000,1324,True,31,12,1262,0.997387,23.1896,0,0.0129322,1325 1325 1263 1200 1262 1324 1199 1198 1261 1323 1322 -1
GCP,adapt_p80-40593177313954_a337-49999999999994_125_map.h5,27.866,10,471,772,9.594069:337.500000,1097,True,14,13,1163,0.999998,25.8838,0,0.0127414,1164 1164 1229 1228 1098 1097 1163 1227 1226 1161 1162 1096 -1
GCP,adapt_p23-556464309101234_a22-5_19_map.h5,27.8824,10,377,745,66.443535:22.500000,1689,True,13,13,1689,0.999999,26.3904,0,0.0124429,1720 1719 1718 1688 1652 1653 1689 1690 1654 1655 1691 1720 -1
GCP,adapt_p60-00000000000001_a45-0_176_map.h5,27.8347,10,307,749,30.000000:45.000000,1301,True,17,13,1237,0.999848,25.7294,0,0.0130181,1236 1236 1237 1174 1173 1172 1299 1300 1301 1238 1239 1302 -1
GCP,adapt_p70-52877936550931_a33-75_113_map.h5,26.8221,10,341,1177,19.471220:33.750000,1173,True,21,13,1236,0.999941,26.5684,0,0.0136463,1174 1174 1238 1106 1107 1173 1237 1300 1236 1235 1172 1171 -1
GCP,adapt_p70-52877936550931_a213-75_152_map.h5,27.882,10,434,756,19.471220:213.750000,1205,True,12,12,1140,0.999999,23.1927,0,0.0127788,1206 1206 1207 1141 1140 1205 1269 1268 1267 1204 1139 -1
GCP,adapt_p60-00000000000001_a45-0_563_map.h5,26.8419,10,268,1233,30.000000:45.000000,1301,True,15,13,1360,0.999998,25.9614,0,0.0128913,1359 1359 1299 1300 1301 1360 1358 1417 1418 1419 1361 1302 -1
GCP,adapt_p48-18968510422141_a281-24999999999994_424_map.h5,27.77,10,189,785,41.810314:281.250000,1507,False,26,14,1342,0.99937,27.7548,0,0.0128233,1401 1401 1342 1281 1280 1341 1399 1400 1343 1282 1283 1344 1402 -1
GCP,adapt_p23-556464309101234_a157-5_305_map.h5,27.8553,10,365,748,66.443535:157.500000,1701,True,11,11,1701,0.999999,20.5134,0,0.0124985,1700 1700 1665 1666 1667 1701 1728 1729 1730 1702 -1
GCP,adapt_p80-40593177313954_a22-5_581_map.h5,27.7964,10,464,768,9.594069:22.500000,1038,True,13,13,1038,0.999999,25.9137,0,0.0124167,1039 1039 970 971 1038 1105 1171 1170 1104 1103 1037 1036 -1
GCP,adapt_p60-00000000000001_a157-5_276_map.h5,28.8983,10,573,367,30.000000:157.500000,1320,True,8,8,1320,0.999999,13.319,0,0.0125241,1378 1378 1379 1321 1258 1320 1319 -1
GCP,adapt_p70-52877936550931_a348-74999999999994_407_map.h5,25.6561,10,210,1403,19.471220:348.750000,1229,True,46,12,1230,0.995711,24.4975,0,0.0126693,1292 1230 1167 1293 1231 1168 1102 1101 1166 1165 1229 -1
GCP,adapt_p70-52877936550931_a146-25_308_map.h5,25.2431,10,232,1500,19.471220:146.250000,1193,True,109,10,1129,0.905057,23.4291,0,0.0136364,1249 1311 1370 1193 1128 1194 1195 1129 1130 -1
GCP,adapt_p60-00000000000001_a337-49999999999994_198_map.h5,27.8502,10,465,757,30.000000:337.500000,1350,True,16,13,1351,0.999996,25.5551,0,0.0125845,1352 1352 1353 1410 1409 1351 1291 1290 1350 1407 1408 1464 -1
GCP,adapt_p60-00000000000001_a67-5_214_map.h5,26.8598,10,473,1113,30.000000:67.500000,1305,True,13,13,1305,0.999998,25.1172,0,0.0129433,1243 1243 1242 1241 1304 1364 1305 1306 1365 1366 1307 1244 -1
GCP,adapt_p35-659087696138755_a45-0_35_map.h5,25.7712,10,118,1571,54.340912:45.000000,1572,False,28,13,1691,0.99832,25.4626,0,0.0126228,1616 1616 1617 1657 1693 1692 1656 1655 1690 1691 1721 1722 -1
GCP,adapt_p60-00000000000001_a157-5_313_map.h5,26.7526,10,65,365,30.000000:157.500000,1320,True,361,9,1258,0.568616,26.6779,0,0.0250712,1016 1196 1259 1320 1319 1257 1258 1195 -1
GCP,adapt_p35-659087696138755_a224-99999999999997_98_map.h5,27.8431,10,339,807,54.340912:225.000000,1594,True,13,13,1636,0.999999,25.8929,0,0.0126423,1593 1593 1592 1635 1672 1637 1674 1673 1636 1594 1549 1595 -1
GCP,adapt_p60-00000000000001_a337-49999999999994_32_map.h5,28.8842,10,510,367,30.000000:337.500000,1350,True,11,11,1351,0.999999,20.9245,0,0.0126114,1290 1290 1352 1291 1351 1409 1408 1350 1289 1349 -1
GCP,adapt_p70-52877936550931_a213-75_408_map.h5,27.8123,10,256,759,19.471220:213.750000,1205,True,23,13,1268,0.999873,25.9417,0,0.0126013,1206 1206 1140 1205 1267 1204 1266 1329 1330 1268 1269 1331 -1
GCP,adapt_p70-52877936550931_a281-24999999999994_255_map.h5,27.8802,10,563,713,19.471220:281.250000,1217,True,12,12,1217,0.999999,23.1055,0,0.0125807,1216 1216 1278 1215 1151 1152 1217 1218 1281 1280 1279 -1
GCP,adapt_p80-40593177313954_a135-0_340_map.h5,25.8058,10,304,1522,9.594069:135.000000,1059,False,20,12,1126,0.999771,25.1173,0,0.0130279,1061 1127 1126 1125 1191 1255 1192 1193 1128 1060 1061 -1
GCP,adapt_p48-18968510422141_a348-74999999999994_537_map.h5,26.7329,10,222,1059,41.810314:348.750000,1517,False,36,13,1410,0.992105,25.7996,0,0.0129491,1294 1294 1412 1411 1353 1352 1410 1466 1465 1409 1464 1408 -1
GCP,adapt_p48-18968510422141_a326-24999999999994_410_map.h5,27.8584,10,365,764,41.810314:326.250000,1514,True,13,13,1461,0.999998,25.0732,0,0.0124403,1513 1513 1514 1463 1407 1406 1462 1461 1405 1404 1460 1512 -1
GCP,adapt_p35-659087696138755_a165-0_8_map.h5,27.8498,10,437,711,54.340912:165.000000,1587,True,14,13,1587,0.999999,25.6374,0,0.0130317,1629 1629 1668 1667 1630 1631 1589 1588 1542 1541 1587 1586 -1
GCP,adapt_p48-18968510422141_a281-24999999999994_204_map.h5,27.8881,10,464,787,41.810314:281.250000,1507,True,12,12,1455,0.999999,23.3455,0,0.0126906,1507 1507 1456 1508 1557 1556 1455 1399 1398 1454 1506 -1
GCP,adapt_p80-40593177313954_a315-0_297_map.h5,27.8964,10,597,725,9.594069:315.000000,1093,True,10,10,1092,0.999998,18.5659,0,0.0123875,1091 1091 1158 1157 1092 1024 1025 1093 1159 -1
GCP,adapt_p23-556464309101234_a292-5_18_map.h5,25.6055,10,55,1141,66.443535:292.500000,1712,True,224,11,1512,0.458137,23.9015,0,0.0170051,1400 1460 1512 1513 1562 1561 1605 1646 1713 1712 -1
GCP,adapt_p48-18968510422141_a123-74999999999999_366_map.h5,26.8844,10,738,1195,41.810314:123.750000,1484,True,10,10,1485,0.999999,18.6797,0,0.012439,1431 1431 1430 1432 1486 1485 1536 1484 1535 -1
GCP,adapt_p80-40593177313954_a22-5_516_map.h5,27.587,10,146,703,9.594069:22.500000,1038,True,57,13,1102,0.970681,27.3774,0,0.0127873,970 1037 1038 1103 1102 1036 1035 1101 1034 1166 1100 1165 -1
GCP,adapt_p60-00000000000001_a202-49999999999997_221_map.h5,27.8911,10,662,759,30.000000:202.500000,1328,True,9,9,1328,0.999999,16.0649,0,0.0126863,1327 1327 1266 1328 1385 1386 1387 1329 -1
GCP,adapt_p35-659087696138755_a315-0_75_map.h5,26.8734,10,590,1136,54.340912:315.000000,1605,True,10,10,1605,0.999999,18.3388,0,0.0123847,1604 1604 1561 1560 1605 1606 1647 1646 1645 -1
GCP,adapt_p80-40593177313954_a270-0_35_map.h5,26.8654,10,643,1062,9.594069:270.000000,1084,True,13,13,1084,0.999999,26.1596,0,0.0124079,1085 1085 1016 1017 1084 1151 1150 1149 1083 1015 1082 1148 -1
GCP,adapt_p60-00000000000001_a67-5_523_map.h5,27.8554,10,371,782,30.000000:67.500000,1305,True,16,14,1364,0.999993,27.5458,0,0.0124177,1363 1363 1364 1422 1423 1366 1365 1306 1243 1242 1305 1304 1241 -1
GCP,adapt_p60-00000000000001_a135-0_412_map.h5,27.8883,10,720,745,30.000000:135.000000,1316,True,10,10,1317,0.999999,18.4182,0,0.0125263,1375 1375 1316 1376 1318 1317 1255 1254 1253 -1
GCP,adapt_p11-715852394892384_a135-0_208_map.h5,25.6631,10,186,1464,78.284149:135.000000,1770,True,50,13,1786,0.951221,24.4671,0,0.0126794,1751 1751 1770 1785 1786 1795 1788 1787 1773 1772 1771 1752 -1
GCP,adapt_p80-40593177313954_a337-49999999999994_240_map.h5,26.8611,10,341,1175,9.594069:337.500000,1097,True,15,13,1162,0.999998,25.8014,0,0.0126785,1096 1096 1163 1228 1164 1098 1097 1162 1227 1226 1161 1095 -1
GCP,adapt_p35-659087696138755_a14-999999999999998_537_map.h5,25.4848,10,162,1571,54.340912:15.000000,1568,True,72,11,1420,0.951327,23.8815,0,0.0130217,1468 1568 1418 1360 1361 1419 1473 1474 1420 1362 -1
GCP,adapt_p60-00000000000001_a90-0_412_map.h5,27.8971,10,614,743,30.000000:90.000000,1309,True,7,7,1309,0.999999,11.3104,0,0.012683,1310 1310 1368 1309 1369 1311 -1
GCP,adapt_p70-52877936550931_a213-75_364_map.h5,28.8153,10,214,363,19.471220:213.750000,1205,True,24,14,1268,0.999898,27.6592,0,0.0125364,1330 1330 1331 1270 1269 1206 1268 1205 1140 1139 1204 1267 1329 -1
GCP,adapt_p48-18968510422141_a258-75_563_map.h5,27.863,10,482,736,41.810314:258.750000,1504,True,13,13,1504,0.999999,25.9837,0,0.0127315,1452 1452 1503 1553 1552 1502 1450 1451 1504 1453 1505 1554 -1
GCP,adapt_p80-40593177313954_a112-49999999999999_113_map.h5,25.8131,10,271,1491,9.594069:112.500000,1055,True,23,13,987,0.99996,25.3511,0,0.0126862,985 985 1052 1053 1119 1120 1054 986 987 1055 988 1056 -1
GCP,adapt_p23-556464309101234_a112-5_57_map.h5,28.9001,10,609,352,66.443535:112.500000,1697,True,8,8,1697,0.999999,13.3949,0,0.0127021,1696 1696 1726 1725 1697 1662 1661 -1
GCP,adapt_p80-40593177313954_a90-0_563_map.h5,25.873,10,473,1455,9.594069:90.000000,1051,True,12,12,1051,0.999999,23.5641,0,0.0128248,1117 1117 1116 1118 1052 984 1051 983 1050 982 1049 -1
GCP,adapt_p60-00000000000001_a0-0_213_map.h5,27.5408,10,118,754,30.000000:0.000000,1294,True,69,13,1293,0.96187,26.9006,0,0.0130231,1165 1230 1167 1168 1232 1231 1294 1293 1292 1229 1291 1228 -1
GCP,adapt_p70-52877936550931_a33-75_330_map.h5,26.603,10,177,1068,19.471220:33.750000,1173,True,57,12,1236,0.972188,24.2329,0,0.0127866,1108 1174 1173 1236 1172 1235 1298 1299 1300 1237 1238 -1
GCP,adapt_p60-00000000000001_a224-99999999999997_267_map.h5,25.5221,10,184,1525,30.000000:225.000000,1331,False,64,12,1393,0.918586,24.6819,0,0.0127163,1332 1334 1392 1449 1450 1394 1336 1275 1274 1335 1393 -1
GCP,adapt_p48-18968510422141_a281-24999999999994_534_map.h5,25.8535,10,439,1486,41.810314:281.250000,1507,True,15,13,1507,0.999998,25.4052,0,0.0132286,1455 1455 1506 1454 1507 1556 1557 1508 1456 1457 1509 1558 -1
GCP,adapt_p60-00000000000001_a180-0_115_map.h5,26.8443,10,494,1089,30.000000:180.000000,1324,True,18,13,1324,0.999986,25.5984,0,0.012475,1381 1381 1322 1323 1261 1262 1324 1382 1325 1384 1383 1440 -1
GCP,adapt_p48-18968510422141_a258-75_421_map.h5,27.8853,10,489,771,41.810314:258.750000,1504,True,10,10,1504,0.999999,17.9351,0,0.0123844,1505 1505 1453 1452 1451 1503 1553 1504 1554 -1
GCP,adapt_p80-40593177313954_a112-49999999999999_7_map.h5,28.7948,10,222,376,9.594069:112.500000,1055,True,24,13,987,0.999657,25.8038,0,0.012959,1120 1120 986 1053 1054 987 988 1055 1121 1122 1056 989 -1
GCP,adapt_p48-18968510422141_a33-75_432_map.h5,28.8656,10,395,339,41.810314:33.750000,1471,True,13,13,1471,0.999999,25.3419,0,0.0132416,1524 1524 1473 1525 1472 1418 1417 1471 1523 1522 1470 1416 -1
GCP,adapt_p35-659087696138755_a75-0_47_map.h5,27.6751,10,196,794,54.340912:75.000000,1576,True,44,13,1576,0.997473,27.5698,0,0.012716,1528 1529 1577 1620 1621 1578 1531 1478 1530 1576 1575 1619 -1
GCP,adapt_p70-52877936550931_a303-75_366_map.h5,27.8699,10,582,728,19.471220:303.750000,1221,True,12,12,1221,0.999999,23.104,0,0.0128449,1157 1157 1156 1155 1219 1282 1220 1283 1284 1221 1222 -1
GCP,adapt_p11-715852394892384_a225-0_380_map.h5,27.8153,10,360,759,78.284149:225.000000,1774,True,25,14,1775,0.999905,27.2373,0,0.0124885,1787 1787 1788 1789 1774 1773 1756 1757 1758 1775 1776 1759 1760 -1
GCP,adapt_p60-00000000000001_a315-0_584_map.h5,26.5838,10,163,1090,30.000000:315.000000,1346,True,53,13,1405,0.994313,26.4875,0,0.0130172,1511 1459 1403 1346 1404 1460 1461 1405 1347 1348 1406 1349 -1
GCP,adapt_p23-556464309101234_a247-49999999999997_525_map.h5,26.7302,10,133,1139,66.443535:247.500000,1708,False,34,13,1711,0.99873,25.3127,0,0.0126057,1760 1760 1761 1739 1738 1737 1710 1711 1712 1678 1679 1680 -1
GCP,adapt_p23-556464309101234_a67-5_184_map.h5,26.8963,10,855,1146,66.443535:67.500000,1693,True,8,8,1722,0.999999,14.5054,0,0.0124906,1693 1692 1657 1693 1723 1722 1721 -1
GCP,adapt_p35-659087696138755_a344-99999999999994_139_map.h5,25.863,10,407,1521,54.340912:345.000000,1609,True,12,12,1609,0.999998,23.2145,0,0.0127347,1608 1608 1650 1649 1609 1610 1566 1517 1516 1565 1564 -1
GCP,adapt_p48-18968510422141_a168-74999999999997_411_map.h5,27.8851,10,591,653,41.810314:168.750000,1491,True,10,10,1437,0.999999,18.5257,0,0.0126597,1491 1491 1437 1490 1489 1436 1380 1438 1439 -1
GCP,adapt_p80-40593177313954_a270-0_88_map.h5,24.7409,10,164,1744,9.594069:270.000000,1084,False,33,12,1152,0.995381,23.4169,0,0.0129199,1215 1215 1151 1085 1216 1217 1152 1086 1019 1087 1153 -1
GCP,adapt_p60-00000000000001_a112-49999999999999_26_map.h5,27.8179,10,270,723,30.000000:112.500000,1313,True,20,13,1372,0.999825,25.9095,0,0.0128812,1373 1373 1429 1430 1372 1314 1251 1250 1313 1312 1371 1370 -1
GCP,adapt_p60-00000000000001_a22-5_345_map.h5,26.8764,10,546,1119,30.000000:22.500000,1298,True,13,13,1358,0.999999,26.3522,0,0.0123698,1299 1299 1235 1297 1357 1415 1416 1358 1298 1300 1359 1417 -1
GCP,adapt_p60-00000000000001_a67-5_386_map.h5,26.8494,10,478,1142,30.000000:67.500000,1305,True,16,13,1305,0.999991,25.0184,0,0.0124034,1303 1303 1240 1177 1178 1241 1304 1364 1305 1242 1243 1306 -1
GCP,adapt_p23-556464309101234_a112-5_261_map.h5,28.847,10,254,353,66.443535:112.500000,1697,True,20,14,1698,0.999986,27.1326,0,0.0128363,1727 1727 1698 1699 1664 1663 1625 1624 1662 1697 1726 1725 1696 -1
GCP,adapt_p80-40593177313954_a270-0_25_map.h5,26.768,10,280,1113,9.594069:270.000000,1084,True,28,13,1085,0.998398,25.2212,0,0.0127669,1083 1083 1149 1150 1084 1017 1018 1085 1151 1152 1086 1087 -1
GCP,adapt_p35-659087696138755_a344-99999999999994_455_map.h5,25.5452,10,189,1472,54.340912:345.000000,1609,False,63,12,1462,0.972991,24.7769,0,0.0136331,1564 1462 1406 1348 1405 1461 1513 1514 1515 1463 1407 -1
GCP,adapt_p60-00000000000001_a270-0_353_map.h5,27.8353,10,535,785,30.000000:270.000000,1339,True,20,13,1339,0.999985,25.8667,0,0.0124048,1398 1398 1341 1279 1340 1278 1277 1338 1396 1339 1397 1454 -1
GCP,adapt_p23-556464309101234_a67-5_126_map.h5,27.8601,10,436,703,66.443535:67.500000,1693,True,15,14,1723,0.999998,27.8474,0,0.0126643,1724 1724 1695 1749 1748 1723 1722 1692 1693 1694 1659 1658 1657 -1
GCP,adapt_p80-40593177313954_a292-5_94_map.h5,26.7523,10,263,1104,9.594069:292.500000,1088,True,27,13,1155,0.999047,25.2804,0,0.0124809,1091 1091 1157 1156 1090 1155 1089 1021 1088 1154 1153 1087 -1
GCP,adapt_p48-18968510422141_a78-75_448_map.h5,25.8593,10,671,1529,41.810314:78.750000,1478,True,11,11,1424,0.999999,20.2312,0,0.0124551,1423 1423 1422 1476 1477 1529 1530 1478 1424 1425 -1
GCP,adapt_p11-715852394892384_a135-0_558_map.h5,27.8273,10,335,745,78.284149:135.000000,1770,True,21,14,1751,0.999962,27.2493,0,0.0124833,1750 1750 1749 1768 1769 1770 1771 1753 1752 1751 1725 1726 1727 -1
GCP,adapt_p35-659087696138755_a45-0_291_map.h5,27.872,10,498,767,54.340912:45.000000,1572,True,14,13,1572,0.999998,25.6062,0,0.0128294,1615 1615 1570 1524 1571 1572 1525 1526 1573 1617 1616 1654 -1
GCP,adapt_p11-715852394892384_a45-0_505_map.h5,26.8881,10,796,1104,78.284149:45.000000,1766,True,7,7,1766,0.999999,10.9196,0,0.0126459,1767 1767 1746 1747 1766 1782 -1
GCP,adapt_p35-659087696138755_a315-0_572_map.h5,25.8563,10,479,1500,54.340912:315.000000,1605,True,11,11,1605,0.999999,20.8883,0,0.0124755,1604 1604 1561 1560 1605 1562 1606 1647 1646 1645 -1
GCP,adapt_p48-18968510422141_a236-25_48_map.h5,28.8684,10,313,393,41.810314:236.250000,1501,True,15,14,1501,0.999998,27.5526,0,0.0123839,1448 1448 1449 1502 1552 1596 1551 1501 1500 1550 1549 1499 1447 -1
GCP,adapt_p60-00000000000001_a135-0_158_map.h5,26.8641,10,571,1039,30.000000:135.000000,1316,True,10,10,1316,0.999998,17.908,0,0.0127031,1315 1315 1374 1375 1316 1317 1255 1254 1253 -1
GCP,adapt_p23-556464309101234_a337-5_593_map.h5,27.8724,10,400,722,66.443535:337.500000,1716,True,14,13,1685,0.999998,26.038,0,0.0123823,1684 1684 1649 1650 1686 1685 1715 1683 1716 1742 1717 1687 -1
GCP,adapt_p23-556464309101234_a202-5_362_map.h5,27.8032,10,240,739,66.443535:202.500000,1704,True,30,14,1731,0.999691,27.6187,0,0.0125913,1733 1733 1704 1670 1671 1705 1732 1756 1755 1754 1730 1731 1703 -1
GCP,adapt_p23-556464309101234_a337-5_180_map.h5,27.8542,10,442,765,66.443535:337.500000,1716,True,16,14,1716,0.999998,27.4028,0,0.0126159,1717 1717 1716 1742 1741 1714 1715 1683 1647 1648 1684 1685 1649 -1
GCP,adapt_p60-00000000000001_a45-0_21_map.h5,28.8702,10,355,384,30.000000:45.000000,1301,True,12,12,1237,0.999999,23.4083,0,0.0126036,1301 1301 1300 1299 1236 1173 1174 1237 1302 1239 1238 -1
GCP,adapt_p80-40593177313954_a67-5_597_map.h5,23.8088,10,65,1583,9.594069:67.500000,1047,False,326,11,1512,0.629423,23.5511,0,0.0227699,1287 1462 1461 1513 1512 1561 1460 1511 1560 1603 -1
GCP,adapt_p70-52877936550931_a33-75_86_map.h5,26.665,10,128,1083,19.471220:33.750000,1173,False,46,12,1103,0.983612,24.9134,0,0.0127659,1234 1170 1169 1104 1103 1037 1036 1035 1101 1102 1168 -1
GCP,adapt_p80-40593177313954_a0-0_583_map.h5,25.9469,10,176,1060,9.594069:0.000000,1034,False,160,10,1457,0.502593,25.7772,0,0.0148023,1459 1510 1509 1457 1283 1284 1166 1100 1032 -1
GCP,adapt_p60-00000000000001_a90-0_437_map.h5,25.7851,10,222,1463,30.000000:90.000000,1309,True,27,13,1310,0.998162,25.2172,0,0.0127008,1183 1183 1246 1308 1309 1368 1369 1310 1247 1184 1248 1311 -1
GCP,adapt_p35-659087696138755_a105-0_270_map.h5,25.7603,10,203,1472,54.340912:105.000000,1579,True,31,13,1580,0.998653,25.6324,0,0.0134704,1622 1622 1662 1661 1623 1579 1533 1534 1580 1581 1624 1625 -1
GCP,adapt_p70-52877936550931_a191-25_402_map.h5,27.7239,10,250,757,19.471220:191.250000,1201,True,36,14,1199,0.992016,27.5313,0,0.0129621,1324 1324 1323 1261 1198 1133 1134 1199 1262 1263 1200 1135 1201 -1
GCP,adapt_p80-40593177313954_a180-0_183_map.h5,25.8556,10,727,1508,9.594069:180.000000,1067,True,13,13,1068,0.999999,25.6628,0,0.013196,1134 1134 1133 1132 1066 1067 1000 1001 1002 1069 1068 1135 -1
GCP,adapt_p35-659087696138755_a135-0_328_map.h5,27.8743,10,405,716,54.340912:135.000000,1583,True,10,10,1584,0.999999,17.6682,0,0.0124496,1627 1627 1628 1585 1584 1538 1537 1583 1626 -1
GCP,adapt_p11-715852394892384_a315-0_302_map.h5,25.827,10,330,1411,78.284149:315.000000,1778,True,19,13,1762,0.999936,25.2719,0,0.0128092,1761 1761 1740 1739 1762 1763 1778 1777 1790 1791 1779 1780 -1
GCP,adapt_p48-18968510422141_a56-24999999999999_7_map.h5,27.8674,10,432,713,41.810314:56.250000,1475,True,14,14,1474,0.999999,27.2731,0,0.0134371,1421 1421 1420 1419 1473 1525 1526 1474 1475 1527 1528 1476 1422 -1
GCP,adapt_p48-18968510422141_a191-25_404_map.h5,27.8894,10,427,723,41.810314:191.250000,1494,True,11,11,1441,0.999999,20.4993,0,0.0123314,1440 1440 1439 1492 1493 1544 1494 1441 1495 1442 -1
GCP,adapt_p80-40593177313954_a157-5_237_map.h5,25.7971,10,254,1476,9.594069:157.500000,1063,True,27,13,1065,0.999711,25.6918,0,0.0126716,1132 1132 1131 1130 1063 996 1064 997 1065 998 1066 1067 -1
GCP,adapt_p80-40593177313954_a135-0_76_map.h5,27.8483,10,576,760,9.594069:135.000000,1059,True,14,13,991,0.999998,26.5566,0,0.0125091,1058 1058 989 1056 1057 990 991 992 1059 1124 1125 1060 -1
GCP,adapt_p48-18968510422141_a326-24999999999994_498_map.h5,26.7591,10,402,1028,41.810314:326.250000,1514,True,24,13,1463,0.999275,25.5891,0,0.0127135,1515 1515 1462 1514 1513 1461 1406 1407 1463 1464 1408 1409 -1
GCP,adapt_p60-00000000000001_a0-0_320_map.h5,27.8805,10,418,704,30.000000:0.000000,1294,True,10,10,1294,0.999999,19.0274,0,0.0122973,1354 1354 1231 1293 1294 1353 1411 1295 1355 -1
GCP,adapt_p80-40593177313954_a0-0_544_map.h5,27.853,10,292,729,9.594069:0.000000,1034,True,16,13,1035,0.99999,25.5089,0,0.0128024,968 968 969 1036 1102 1035 1101 1034 967 1033 1100 1032 -1
GCP,adapt_p70-52877936550931_a281-24999999999994_215_map.h5,26.8256,10,430,1142,19.471220:281.250000,1217,True,21,12,1217,0.999923,24.3962,0,0.0131881,1151 1216 1217 1152 1153 1218 1280 1279 1278 1215 1151 -1
GCP,adapt_p35-659087696138755_a135-0_565_map.h5,25.8894,10,752,1467,54.340912:135.000000,1583,True,9,9,1626,0.999999,15.9456,0,0.0123404,1627 1627 1665 1664 1584 1583 1626 1625 -1
GCP,adapt_p60-00000000000001_a67-5_76_map.h5,27.872,10,580,706,30.000000:67.500000,1305,True,10,10,1305,0.999999,18.4479,0,0.0127606,1304 1304 1242 1241 1305 1306 1365 1364 1363 -1
GCP,adapt_p60-00000000000001_a45-0_527_map.h5,28.8799,10,507,327,30.000000:45.000000,1301,True,11,11,1301,0.999999,20.9683,0,0.0128855,1361 1361 1362 1360 1300 1237 1238 1301 1302 1239 -1
GCP,adapt_p70-52877936550931_a146-25_159_map.h5,27.8684,10,530,749,19.471220:146.250000,1193,True,12,12,1127,0.999998,23.1829,0,0.012426,1192 1192 1191 1126 1127 1193 1255 1256 1257 1194 1128 -1
GCP,adapt_p11-715852394892384_a225-0_414_map.h5,27.8722,10,451,774,78.284149:225.000000,1774,True,12,12,1758,0.999999,22.5149,0,0.0125425,1735 1735 1734 1757 1774 1775 1776 1758 1759 1736 1737 -1
GCP,adapt_p48-18968510422141_a348-74999999999994_115_map.h5,25.8742,10,734,1485,41.810314:348.750000,1517,True,9,9,1517,0.999999,16.0336,0,0.0125524,1466 1466 1517 1516 1464 1465 1518 1412 -1
GCP,adapt_p60-00000000000001_a90-0_457_map.h5,27.8833,10,504,761,30.000000:90.000000,1309,True,10,10,1367,0.999999,17.6373,0,0.0125025,1368 1368 1309 1308 1367 1425 1424 1366 1307 -1
GCP,adapt_p70-52877936550931_a123-74999999999999_290_map.h5,27.8808,10,600,717,19.471220:123.750000,1189,True,12,12,1189,0.999998,22.9801,0,0.0129981,1253 1253 1252 1188 1123 1189 1190 1124 1125 1191 1254 -1
GCP,adapt_p23-556464309101234_a67-5_352_map.h5,27.8832,10,607,763,66.443535:67.500000,1693,True,12,12,1692,0.999999,23.5697,0,0.0125426,1722 1722 1691 1655 1721 1692 1656 1657 1658 1693 1723 -1
GCP,adapt_p48-18968510422141_a213-75_575_map.h5,26.8677,10,462,1063,41.810314:213.750000,1497,True,12,12,1444,0.999999,23.1412,0,0.0131042,1497 1497 1443 1496 1444 1387 1388 1445 1498 1446 1389 -1
GCP,adapt_p48-18968510422141_a123-74999999999999_540_map.h5,25.8744,10,773,1449,41.810314:123.750000,1484,True,10,10,1484,0.999999,18.6815,0,0.012419,1431 1431 1430 1432 1486 1485 1536 1484 1535 -1
GCP,adapt_p48-18968510422141_a101-24999999999999_285_map.h5,27.857,10,430,714,41.810314:101.250000,1481,True,15,14,1481,0.999998,27.6145,0,0.0127751,1482 1482 1481 1427 1428 1429 1483 1534 1533 1579 1578 1532 1480 -1
GCP,adapt_p48-18968510422141_a258-75_159_map.h5,27.8773,10,365,794,41.810314:258.750000,1504,True,11,11,1504,0.999998,20.5168,0,0.0125212,1503 1503 1450 1451 1452 1453 1505 1504 1553 1554 -1
GCP,adapt_p23-556464309101234_a112-5_262_map.h5,27.8743,10,481,738,66.443535:112.500000,1697,True,12,12,1726,0.999998,23.1857,0,0.0125354,1697 1697 1727 1698 1663 1662 1726 1751 1750 1725 1696 -1
GCP,adapt_p48-18968510422141_a56-24999999999999_92_map.h5,26.8974,10,811,1133,41.810314:56.250000,1475,True,8,8,1475,0.999998,13.6818,0,0.0134268,1421 1421 1422 1476 1420 1474 1475 -1
GCP,adapt_p60-00000000000001_a112-49999999999999_584_map.h5,25.8422,10,263,1494,30.000000:112.500000,1313,True,17,12,1250,0.999942,22.9739,0,0.0126462,1251 1251 1187 1250 1313 1371 1370 1311 1312 1249 1186 -1
GCP,adapt_p23-556464309101234_a157-5_84_map.h5,27.8847,10,568,762,66.443535:157.500000,1701,True,12,12,1700,0.999998,22.7452,0,0.0131193,1665 1665 1628 1629 1667 1666 1700 1699 1728 1729 1701 -1
GCP,adapt_p35-659087696138755_a344-99999999999994_216_map.h5,27.8911,10,651,774,54.340912:345.000000,1609,True,6,6,1609,0.999999,8.24985,0,0.012669,1649 1649 1650 1609 1608 -1
GCP,adapt_p35-659087696138755_a45-0_321_map.h5,26.7432,10,231,1146,54.340912:45.000000,1572,True,33,13,1655,0.997703,24.8549,0,0.0126056,1690 1690 1691 1656 1617 1573 1572 1616 1655 1654 1615 1571 -1
GCP,adapt_p48-18968510422141_a191-25_374_map.h5,28.8561,10,304,414,41.810314:191.250000,1494,True,17,14,1441,0.999996,27.9727,0,0.0126596,1493 1493 1441 1384 1385 1442 1495 1494 1544 1492 1439 1440 1383 -1
GCP,adapt_p35-659087696138755_a315-0_3_map.h5,25.7532,10,203,1524,54.340912:315.000000,1605,True,33,13,1605,0.998137,25.0031,0,0.0125455,1645 1645 1604 1605 1561 1562 1606 1607 1647 1683 1682 1646 -1
GCP,adapt_p48-18968510422141_a213-75_67_map.h5,27.83,10,387,765,41.810314:213.750000,1497,False,17,14,1388,0.999989,27.6968,0,0.0127516,1330 1330 1331 1390 1447 1499 1446 1389 1388 1445 1444 1387 1329 -1
GCP,adapt_p23-556464309101234_a337-5_568_map.h5,25.8893,10,690,1525,66.443535:337.500000,1716,True,8,8,1716,0.999999,13.5324,0,0.0125186,1684 1684 1683 1715 1685 1717 1716 -1
GCP,adapt_p70-52877936550931_a326-24999999999994_137_map.h5,27.8902,10,610,725,19.471220:326.250000,1225,True,10,10,1225,0.999998,18.5111,0,0.0125694,1224 1224 1286 1223 1287 1288 1226 1225 1160 -1
GCP,adapt_p35-659087696138755_a344-99999999999994_534_map.h5,27.8393,10,308,722,54.340912:345.000000,1609,True,19,14,1609,0.999984,27.5693,0,0.0125146,1610 1610 1566 1565 1609 1650 1611 1686 1685 1649 1608 1648 1607 -1
GCP,adapt_p48-18968510422141_a146-25_76_map.h5,25.2912,10,111,1560,41.810314:146.250000,1488,False,102,11,1198,0.955796,25.1566,0,0.0134862,1431 1196 1131 1197 1260 1261 1198 1132 1133 1199 -1
GCP,adapt_p70-52877936550931_a11-25_192_map.h5,27.8834,10,680,759,19.471220:11.250000,1169,True,12,12,1169,0.999999,23.4484,0,0.0123649,1102 1102 1167 1101 1168 1231 1232 1169 1103 1170 1233 -1
GCP,adapt_p35-659087696138755_a315-0_444_map.h5,27.8822,10,406,778,54.340912:315.000000,1605,True,12,12,1606,0.999999,23.1736,0,0.012584,1647 1647 1648 1607 1563 1562 1606 1683 1646 1605 1561 -1
GCP,adapt_p23-556464309101234_a247-49999999999997_1_map.h5,27.861,10,508,719,66.443535:247.500000,1708,True,13,13,1709,0.999998,25.3334,0,0.0127567,1736 1736 1708 1735 1707 1674 1675 1676 1709 1677 1710 1737 -1
GCP,adapt_p23-556464309101234_a202-5_132_map.h5,26.8732,10,473,1193,66.443535:202.500000,1704,True,10,10,1704,0.999999,18.1172,0,0.0125533,1670 1670 1705 1671 1704 1732 1731 1703 1669 -1
GCP,adapt_p60-00000000000001_a22-5_344_map.h5,28.8233,10,214,390,30.000000:22.500000,1298,True,22,14,1357,0.99994,28.0973,0,0.0125343,1356 1356 1414 1415 1416 1358 1299 1235 1298 1357 1297 1234 1296 -1
GCP,adapt_p48-18968510422141_a281-24999999999994_372_map.h5,27.8522,10,272,714,41.810314:281.250000,1507,True,16,14,1508,0.999992,27.6345,0,0.0126184,1557 1557 1558 1509 1457 1456 1508 1507 1455 1399 1454 1506 1556 -1
GCP,adapt_p11-715852394892384_a135-0_116_map.h5,26.8915,10,820,1091,78.284149:135.000000,1770,True,10,10,1752,0.999999,18.1315,0,0.0123145,1728 1728 1727 1729 1753 1752 1751 1770 1771 -1
GCP,adapt_p48-18968510422141_a123-74999999999999_407_map.h5,24.7435,10,80,1553,41.810314:123.750000,1484,False,171,11,1154,0.973943,23.7349,0,0.0162029,1213 1152 1153 1087 1088 1089 1155 1220 1154 1219 -1
GCP,adapt_p48-18968510422141_a123-74999999999999_26_map.h5,26.8743,10,681,1054,41.810314:123.750000,1484,True,11,11,1431,0.999998,20.9567,0,0.0124551,1430 1430 1432 1374 1431 1485 1536 1535 1484 1483 -1
GCP,adapt_p70-52877936550931_a78-75_506_map.h5,25.8803,10,732,1512,19.471220:78.750000,1181,True,10,10,1181,0.999999,18.4864,0,0.0124792,1182 1182 1244 1245 1181 1180 1114 1115 1116 -1
GCP,adapt_p35-659087696138755_a224-99999999999997_458_map.h5,28.8443,10,280,386,54.340912:225.000000,1594,True,17,14,1594,0.999994,27.4895,0,0.0124322,1636 1636 1635 1593 1548 1594 1549 1499 1500 1550 1595 1637 1596 -1
GCP,adapt_p80-40593177313954_a157-5_63_map.h5,26.8541,10,339,1189,9.594069:157.500000,1063,True,15,13,1128,0.999996,25.0318,0,0.0127552,1195 1195 1258 1257 1194 1193 1127 1128 1062 1063 1129 1130 -1
GCP,adapt_p23-556464309101234_a292-5_355_map.h5,27.8669,10,418,788,66.443535:292.500000,1712,True,12,12,1712,0.999998,22.95,0,0.0129478,1679 1679 1711 1712 1680 1643 1644 1681 1713 1739 1738 -1
GCP,adapt_p70-52877936550931_a56-24999999999999_503_map.h5,26.8671,10,510,1153,19.471220:56.250000,1177,True,14,13,1176,0.999998,25.0715,0,0.0126023,1177 1177 1111 1110 1176 1175 1238 1239 1302 1303 1240 1241 -1
GCP,adapt_p80-40593177313954_a0-0_326_map.h5,27.8782,10,630,692,9.594069:0.000000,1034,True,10,10,1034,0.999998,18.1617,0,0.012606,1100 1100 1166 1034 1101 1102 1035 967 1033 -1
GCP,adapt_p35-659087696138755_a255-00000000000003_246_map.h5,26.6506,10,185,1097,54.340912:255.000000,1598,True,48,12,1639,0.970826,24.0531,0,0.0132029,1641 1640 1677 1676 1675 1638 1596 1597 1639 1598 1553 -1
GCP,adapt_p80-40593177313954_a202-49999999999997_258_map.h5,24.4689,10,132,1773,9.594069:202.500000,1072,True,69,11,1072,0.926242,22.415,0,0.0128691,940 1074 1006 1005 1073 1139 1138 1072 1137 1071 -1
GCP,adapt_p70-52877936550931_a348-74999999999994_383_map.h5,27.886,10,625,761,19.471220:348.750000,1229,True,10,10,1229,0.999999,18.6966,0,0.0127485,1292 1292 1229 1228 1291 1293 1230 1165 1164 -1
GCP,adapt_p70-52877936550931_a56-24999999999999_373_map.h5,26.8654,10,422,1104,19.471220:56.250000,1177,True,14,13,1178,0.999998,25.769,0,0.0123715,1179 1179 1112 1113 1178 1242 1241 1240 1177 1111 1110 1176 -1
GCP,adapt_p70-52877936550931_a11-25_233_map.h5,25.7941,10,242,1423,19.471220:11.250000,1169,True,26,12,1233,0.998649,24.0571,0,0.0126945,1170 1170 1102 1168 1231 1232 1169 1103 1234 1233 1296 -1
GCP,adapt_p35-659087696138755_a14-999999999999998_302_map.h5,26.8544,10,415,1140,54.340912:15.000000,1568,True,16,13,1569,0.999997,25.3527,0,0.0124274,1612 1612 1569 1522 1521 1568 1613 1652 1653 1614 1570 1523 -1
GCP,adapt_p11-715852394892384_a45-0_472_map.h5,25.8135,10,427,1507,78.284149:45.000000,1766,True,14,13,1767,0.999998,24.6418,0,0.0133236,1768 1768 1749 1723 1722 1748 1747 1746 1766 1767 1783 1782 -1
GCP,adapt_p35-659087696138755_a315-0_284_map.h5,28.8806,10,393,310,54.340912:315.000000,1605,True,9,9,1605,0.999999,16.0742,0,0.0131934,1606 1606 1646 1645 1604 1605 1647 1607 -1
GCP,adapt_p70-52877936550931_a348-74999999999994_406_map.h5,25.8723,10,715,1501,19.471220:348.750000,1229,True,11,11,1229,0.999999,21.003,0,0.0124589,1230 1230 1166 1165 1164 1229 1293 1292 1291 1228 -1
GCP,adapt_p80-40593177313954_a157-5_375_map.h5,27.8513,10,282,684,9.594069:157.500000,1063,True,19,13,997,0.999982,25.7447,0,0.0124997,998 998 999 1066 1065 997 930 996 1064 1130 1063 995 -1
GCP,adapt_p70-52877936550931_a101-24999999999999_124_map.h5,26.8682,10,421,1105,19.471220:101.250000,1185,True,14,13,1119,0.999998,25.3287,0,0.0126292,1184 1184 1118 1117 1183 1247 1248 1185 1186 1120 1119 1052 -1
GCP,adapt_p70-52877936550931_a348-74999999999994_568_map.h5,28.8755,10,321,392,19.471220:348.750000,1229,True,12,12,1229,0.999999,23.4307,0,0.0133193,1291 1291 1227 1290 1228 1229 1164 1165 1230 1292 1293 -1
GCP,adapt_p48-18968510422141_a101-24999999999999_480_map.h5,28.8904,10,555,402,41.810314:101.250000,1481,True,8,8,1428,0.999998,13.1183,0,0.0123427,1427 1427 1481 1533 1482 1428 1429 -1
GCP,adapt_p60-00000000000001_a90-0_189_map.h5,26.7393,10,328,1066,30.000000:90.000000,1309,True,26,13,1369,0.999403,25.0802,0,0.0124848,1247 1247 1309 1368 1426 1427 1369 1310 1248 1311 1370 1428 -1
GCP,adapt_p60-00000000000001_a202-49999999999997_73_map.h5,27.6218,10,187,778,30.000000:202.500000,1328,False,47,13,1384,0.986314,26.9047,0,0.0130438,1262 1263 1264 1327 1385 1442 1441 1384 1326 1325 1383 1324 -1
GCP,adapt_p60-00000000000001_a45-0_221_map.h5,28.8194,10,220,363,30.000000:45.000000,1301,False,21,14,1362,0.999994,27.7585,0,0.0124202,1304 1304 1362 1420 1419 1361 1302 1303 1363 1421 1422 1364 1305 -1
GCP,adapt_p60-00000000000001_a135-0_303_map.h5,26.8022,10,322,1110,30.000000:135.000000,1316,True,20,13,1316,0.999839,25.7649,0,0.0125748,1253 1253 1252 1254 1255 1317 1376 1375 1316 1315 1374 1373 -1
GCP,adapt_p70-52877936550931_a303-75_106_map.h5,27.2894,10,150,727,19.471220:303.750000,1221,True,98,12,1156,0.906612,26.8739,0,0.0133957,1457 1559 1283 1220 1155 1090 1091 1157 1222 1156 1221 -1
GCP,adapt_p35-659087696138755_a165-0_46_map.h5,27.8348,10,453,716,54.340912:165.000000,1587,True,18,13,1585,0.999993,25.8312,0,0.0130317,1627 1627 1584 1539 1540 1586 1541 1587 1629 1585 1628 1665 -1
GCP,adapt_p60-00000000000001_a270-0_319_map.h5,26.8756,10,656,1068,30.000000:270.000000,1339,True,11,11,1339,0.999999,20.35,0,0.0132089,1277 1277 1278 1339 1397 1338 1396 1395 1337 1276 -1
GCP,adapt_p23-556464309101234_a337-5_147_map.h5,26.8755,10,594,1135,66.443535:337.500000,1716,True,12,12,1716,0.999998,22.9306,0,0.0123308,1685 1685 1648 1649 1684 1683 1715 1741 1742 1716 1717 -1
GCP,adapt_p23-556464309101234_a292-5_436_map.h5,27.8603,10,482,753,66.443535:292.500000,1712,True,13,13,1712,0.999998,25.4855,0,0.0125748,1680 1680 1679 1711 1710 1737 1738 1739 1740 1712 1713 1681 -1
GCP,adapt_p11-715852394892384_a225-0_110_map.h5,27.8643,10,355,743,78.284149:225.000000,1774,True,15,13,1774,0.999997,25.6001,0,0.0124834,1775 1775 1756 1755 1772 1773 1774 1757 1758 1788 1787 1786 -1
GCP,adapt_p35-659087696138755_a224-99999999999997_278_map.h5,26.8593,10,497,1124,54.340912:225.000000,1594,True,13,13,1594,0.999999,25.3915,0,0.0125046,1550 1550 1499 1500 1549 1548 1593 1635 1636 1594 1595 1637 -1
GCP,adapt_p48-18968510422141_a168-74999999999997_170_map.h5,27.8824,10,426,734,41.810314:168.750000,1491,True,13,13,1439,0.999999,25.2862,0,0.0124232,1438 1438 1439 1440 1493 1492 1491 1437 1490 1541 1542 1543 -1
GCP,adapt_p70-52877936550931_a213-75_468_map.h5,26.8622,10,451,1070,19.471220:213.750000,1205,True,14,13,1205,0.999997,26.5509,0,0.0125745,1204 1204 1140 1141 1207 1206 1269 1268 1205 1139 1267 1203 -1
GCP,adapt_p80-40593177313954_a247-49999999999997_523_map.h5,24.5426,10,149,1504,9.594069:247.500000,1080,False,202,11,1157,0.791771,23.6874,0,0.0178126,954 1091 1158 1092 1093 1159 1223 1222 1157 1156 -1
GCP,adapt_p60-00000000000001_a224-99999999999997_348_map.h5,27.8622,10,505,749,30.000000:225.000000,1331,True,14,13,1331,0.999998,25.9827,0,0.0135718,1332 1332 1391 1390 1269 1270 1331 1389 1446 1445 1388 1330 -1
GCP,adapt_p60-00000000000001_a247-49999999999997_320_map.h5,26.8548,10,541,1146,30.000000:247.500000,1335,True,13,13,1335,0.999999,25.4663,0,0.0130084,1394 1394 1393 1392 1334 1273 1274 1335 1336 1395 1337 1275 -1
GCP,adapt_p35-659087696138755_a105-0_147_map.h5,26.7804,10,275,1107,54.340912:105.000000,1579,True,22,13,1622,0.999813,25.7532,0,0.0124467,1695 1695 1659 1621 1579 1580 1623 1622 1660 1696 1661 1662 -1
GCP,adapt_p23-556464309101234_a112-5_360_map.h5,27.8767,10,428,714,66.443535:112.500000,1697,True,13,13,1726,0.999998,25.2759,0,0.0130459,1696 1696 1697 1698 1727 1751 1726 1725 1695 1724 1750 1749 -1
GCP,adapt_p35-659087696138755_a255-00000000000003_8_map.h5,27.8865,10,473,733,54.340912:255.000000,1598,True,10,10,1597,0.999999,18.2549,0,0.0122788,1639 1639 1596 1638 1597 1552 1553 1598 1640 -1
GCP,adapt_p35-659087696138755_a75-0_236_map.h5,25.3922,10,111,1534,54.340912:75.000000,1576,False,81,12,1618,0.957715,24.0487,0,0.0135509,1528 1575 1619 1657 1618 1574 1617 1656 1692 1691 1655 -1
GCP,adapt_p70-52877936550931_a326-24999999999994_93_map.h5,27.7276,10,281,685,19.471220:326.250000,1225,True,34,13,1225,0.996704,26.0871,0,0.0131636,1288 1288 1224 1159 1158 1223 1287 1225 1160 1161 1226 1227 -1
GCP,adapt_p70-52877936550931_a191-25_527_map.h5,27.7221,10,361,801,19.471220:191.250000,1201,True,30,13,1201,0.995631,25.8974,0,0.0126811,1199 1199 1134 1135 1136 1201 1265 1202 1264 1263 1200 1262 -1
GCP,adapt_p11-715852394892384_a225-0_45_map.h5,27.8341,10,463,642,78.284149:225.000000,1774,True,15,13,1757,0.999998,25.5,0,0.01272,1758 1758 1774 1773 1788 1775 1757 1756 1732 1733 1734 1735 -1
GCP,adapt_p35-659087696138755_a285-0_589_map.h5,27.8472,10,287,757,54.340912:285.000000,1601,True,18,13,1643,0.999995,25.4667,0,0.0125813,1680 1680 1643 1602 1603 1644 1679 1712 1711 1678 1642 1601 -1
GCP,adapt_p48-18968510422141_a191-25_153_map.h5,26.834,10,322,1113,41.810314:191.250000,1494,True,19,13,1441,0.999983,25.1462,0,0.0128108,1493 1493 1544 1545 1495 1442 1385 1384 1441 1494 1440 1383 -1
GCP,adapt_p60-00000000000001_a270-0_94_map.h5,26.8604,10,502,1138,30.000000:270.000000,1339,True,14,13,1339,0.999998,25.5224,0,0.0123832,1398 1398 1340 1341 1279 1278 1339 1397 1396 1338 1277 1337 -1
GCP,adapt_p60-00000000000001_a202-49999999999997_189_map.h5,25.8052,10,328,1603,30.000000:202.500000,1328,True,21,13,1328,0.999974,25.1727,0,0.0126265,1330 1330 1269 1268 1267 1329 1387 1386 1328 1266 1265 1327 -1
GCP,adapt_p80-40593177313954_a157-5_221_map.h5,27.8705,10,441,798,9.594069:157.500000,1063,True,12,12,1064,0.999998,23.2194,0,0.0123258,996 996 997 1065 1131 1130 1064 995 1062 1063 1129 -1
GCP,adapt_p80-40593177313954_a292-5_75_map.h5,26.9651,10,47,799,9.594069:292.500000,1088,False,155,12,1155,0.83813,25.987,0,0.0146778,1458 1221 1156 1090 1089 1153 1218 1219 1154 1155 1220 -1
GCP,adapt_p48-18968510422141_a236-25_425_map.h5,26.8493,10,424,1119,41.810314:236.250000,1501,True,16,13,1449,0.99999,26.3026,0,0.012528,1551 1551 1502 1450 1503 1552 1449 1448 1447 1500 1501 1550 -1
GCP,adapt_p35-659087696138755_a45-0_131_map.h5,25.8876,10,732,1545,54.340912:45.000000,1572,True,9,9,1572,0.999998,15.3147,0,0.0132046,1616 1616 1615 1571 1524 1525 1572 1573 -1
GCP,adapt_p48-18968510422141_a11-25_349_map.h5,26.8851,10,567,1106,41.810314:11.250000,1468,True,10,10,1468,0.999999,17.9768,0,0.0126846,1521 1521 1520 1467 1413 1414 1468 1469 1415 -1
GCP,adapt_p35-659087696138755_a45-0_420_map.h5,26.8631,10,437,1135,54.340912:45.000000,1572,True,14,13,1572,0.999999,24.782,0,0.0127002,1573 1573 1572 1616 1615 1571 1524 1472 1473 1525 1526 1474 -1
GCP,adapt_p11-715852394892384_a135-0_244_map.h5,28.8392,10,233,359,78.284149:135.000000,1770,True,21,14,1771,0.999975,26.9111,0,0.012598,1786 1786 1771 1772 1785 1794 1793 1784 1769 1770 1751 1752 1753 -1
GCP,adapt_p48-18968510422141_a56-24999999999999_243_map.h5,26.8734,10,462,1107,41.810314:56.250000,1475,True,11,11,1420,0.999999,20.912,0,0.0123508,1419 1419 1362 1361 1420 1421 1475 1526 1474 1473 -1
GCP,adapt_p48-18968510422141_a123-74999999999999_305_map.h5,25.6772,10,216,1466,41.810314:123.750000,1484,True,42,12,1431,0.980087,24.5975,0,0.0126216,1534 1535 1485 1432 1431 1374 1373 1372 1430 1484 1483 -1
GCP,adapt_p80-40593177313954_a67-5_242_map.h5,28.7773,10,244,364,9.594069:67.500000,1047,True,25,14,1048,0.999585,27.7478,0,0.0125385,979 979 1046 1047 980 981 1048 1114 1115 1049 982 1050 1116 -1
GCP,adapt_p23-556464309101234_a22-5_49_map.h5,28.8952,10,368,382,66.443535:22.500000,1689,True,9,9,1690,0.999999,15.9021,0,0.0126444,1720 1720 1719 1689 1721 1691 1690 1654 -1
GCP,adapt_p11-715852394892384_a45-0_530_map.h5,25.2771,10,132,1066,78.284149:45.000000,1766,True,283,8,1168,0.649868,23.4867,0,0.0205104,1643 1781 1782 1766 1169 1168 1102 -1
GCP,adapt_p80-40593177313954_a157-5_149_map.h5,26.88,10,624,1113,9.594069:157.500000,1063,True,10,10,1063,0.999998,19.4897,0,0.0127801,1129 1128 1062 995 996 1064 1130 1063 1129 -1
GCP,adapt_p35-659087696138755_a14-999999999999998_26_map.h5,27.8813,10,443,727,54.340912:15.000000,1568,True,10,10,1613,0.999999,18.2065,0,0.0124441,1569 1569 1612 1568 1613 1652 1653 1614 1570 -1
GCP,adapt_p60-00000000000001_a315-0_543_map.h5,27.7666,10,312,734,30.000000:315.000000,1346,False,29,13,1402,0.997648,25.7115,0,0.0131662,1400 1400 1343 1401 1456 1457 1402 1344 1345 1403 1459 1458 -1
GCP,adapt_p11-715852394892384_a135-0_62_map.h5,26.7291,10,156,1033,78.284149:135.000000,1770,True,40,13,1752,0.994075,26.3749,0,0.0126744,1699 1698 1727 1728 1729 1753 1752 1726 1751 1770 1771 1772 -1
GCP,adapt_p48-18968510422141_a348-74999999999994_365_map.h5,27.8931,10,481,818,41.810314:348.750000,1517,True,10,10,1517,0.999999,18.3718,0,0.0127285,1465 1465 1518 1466 1517 1566 1565 1516 1464 -1
GCP,adapt_p70-52877936550931_a168-74999999999997_552_map.h5,27.8709,10,379,752,19.471220:168.750000,1197,True,14,14,1196,0.999999,27.8654,0,0.0129167,1259 1259 1258 1195 1196 1130 1131 1197 1260 1261 1262 1198 1132 -1
GCP,adapt_p80-40593177313954_a0-0_391_map.h5,27.8883,10,567,725,9.594069:0.000000,1034,True,12,12,1035,0.999998,23.502,0,0.0124536,1101 1101 1102 1036 968 967 1035 1166 1100 1034 1033 -1
GCP,adapt_p80-40593177313954_a157-5_511_map.h5,28.1911,10,102,365,9.594069:157.500000,1063,True,116,13,1129,0.945,27.6629,0,0.0137668,1378 1194 1195 1258 1257 1193 1127 1128 1062 1063 1129 1130 -1
GCP,adapt_p48-18968510422141_a101-24999999999999_90_map.h5,26.7841,10,330,1091,41.810314:101.250000,1481,True,25,13,1428,0.999837,24.9907,0,0.0126869,1483 1483 1429 1371 1312 1311 1370 1428 1482 1481 1427 1369 -1
GCP,adapt_p80-40593177313954_a45-0_356_map.h5,25.98,10,68,1145,9.594069:45.000000,1042,False,146,11,1121,0.885576,25.1882,0,0.0147487,1305 1186 1120 1054 987 988 1055 1121 1187 1122 -1
GCP,adapt_p35-659087696138755_a45-0_576_map.h5,27.8935,10,638,787,54.340912:45.000000,1572,True,10,10,1572,0.999999,17.6611,0,0.0122931,1616 1616 1615 1571 1572 1525 1526 1573 1617 -1
GCP,adapt_p80-40593177313954_a315-0_215_map.h5,26.3825,10,125,1087,9.594069:315.000000,1093,False,90,12,1682,0.925173,24.0487,0,0.013325,1763 1740 1713 1681 1645 1604 1605 1646 1682 1714 1715 -1
GCP,adapt_p70-52877936550931_a303-75_46_map.h5,27.865,10,525,805,19.471220:303.750000,1221,True,14,13,1221,0.999998,26.0127,0,0.012718,1222 1222 1158 1157 1156 1221 1223 1285 1284 1283 1220 1155 -1
GCP,adapt_p60-00000000000001_a202-49999999999997_366_map.h5,26.867,10,612,1118,30.000000:202.500000,1328,True,11,11,1328,0.999999,20.1691,0,0.0127538,1387 1387 1329 1267 1266 1328 1386 1385 1327 1265 -1
GCP,adapt_p48-18968510422141_a11-25_476_map.h5,25.8553,10,349,1499,41.810314:11.250000,1468,True,14,12,1469,0.999987,22.9259,0,0.0124364,1414 1414 1415 1470 1522 1521 1469 1468 1413 1467 1520 -1
GCP,adapt_p11-715852394892384_a315-0_98_map.h5,26.8589,10,482,1080,78.284149:315.000000,1778,True,13,13,1778,0.999999,25.2953,0,0.0129218,1790 1790 1789 1777 1761 1762 1778 1791 1797 1780 1779 1763 -1
GCP,adapt_p80-40593177313954_a292-5_292_map.h5,27.8788,10,568,688,9.594069:292.500000,1088,True,13,13,1088,0.999999,25.852,0,0.0130155,1020 1020 1089 1155 1090 1022 1021 1088 1154 1153 1087 1019 -1
GCP,adapt_p80-40593177313954_a247-49999999999997_314_map.h5,26.8491,10,487,1078,9.594069:247.500000,1080,True,17,13,1146,0.999994,25.2223,0,0.0126414,1079 1079 1144 1209 1210 1145 1080 1146 1211 1212 1147 1081 -1
GCP,adapt_p70-52877936550931_a33-75_181_map.h5,28.8744,10,303,367,19.471220:33.750000,1173,True,13,13,1236,0.999999,25.8441,0,0.0124302,1237 1237 1299 1300 1236 1235 1171 1172 1106 1107 1173 1174 -1
GCP,adapt_p70-52877936550931_a281-24999999999994_454_map.h5,27.7631,10,375,762,19.471220:281.250000,1217,True,23,13,1281,0.99994,26.8537,0,0.0126844,1219 1218 1217 1280 1341 1342 1281 1282 1343 1344 1283 1219 -1
GCP,adapt_p70-52877936550931_a191-25_534_map.h5,27.8752,10,478,758,19.471220:191.250000,1201,True,11,11,1201,0.999999,20.5372,0,0.0126181,1200 1200 1135 1136 1137 1202 1265 1264 1201 1263 -1
GCP,adapt_p80-40593177313954_a22-5_435_map.h5,27.8232,10,350,765,9.594069:22.500000,1038,True,19,13,1104,0.999973,25.4557,0,0.0126219,1103 1103 1036 1037 1038 1039 1105 1106 1172 1171 1104 1170 -1
GCP,adapt_p35-659087696138755_a75-0_230_map.h5,27.8462,10,366,755,54.340912:75.000000,1576,True,16,13,1576,0.999996,26.0116,0,0.0125836,1530 1530 1477 1478 1529 1528 1575 1619 1620 1576 1621 1577 -1
GCP,adapt_p80-40593177313954_a224-99999999999997_368_map.h5,26.7837,10,270,1098,9.594069:225.000000,1076,True,26,13,1141,0.998789,25.2912,0,0.0130653,1077 1077 1143 1142 1076 1008 1075 1141 1206 1140 1074 1139 -1
GCP,adapt_p70-52877936550931_a303-75_329_map.h5,27.8405,10,467,704,19.471220:303.750000,1221,True,13,13,1221,0.999999,25.5017,0,0.0123104,1283 1283 1219 1282 1220 1155 1156 1221 1284 1285 1222 1157 -1
GCP,adapt_p70-52877936550931_a146-25_402_map.h5,27.8652,10,450,775,19.471220:146.250000,1193,True,14,13,1193,0.999998,25.5657,0,0.0126118,1194 1194 1129 1062 1128 1127 1193 1257 1256 1255 1192 1126 -1
GCP,adapt_p48-18968510422141_a101-24999999999999_570_map.h5,27.8793,10,622,759,41.810314:101.250000,1481,True,10,10,1481,0.999999,17.9212,0,0.012472,1428 1428 1482 1533 1532 1481 1427 1480 1426 -1
GCP,adapt_p60-00000000000001_a180-0_66_map.h5,28.8682,10,390,371,30.000000:180.000000,1324,True,14,14,1383,0.999998,27.7041,0,0.0126032,1324 1324 1263 1325 1383 1382 1439 1440 1441 1384 1385 1326 1264 -1
GCP,adapt_p23-556464309101234_a67-5_38_map.h5,26.8452,10,470,1112,66.443535:67.500000,1693,True,16,13,1693,0.999986,24.9691,0,0.0126069,1722 1722 1693 1692 1656 1657 1658 1659 1694 1723 1724 1695 -1
GCP,adapt_p70-52877936550931_a236-25_336_map.h5,26.8544,10,529,1064,19.471220:236.250000,1209,True,15,13,1209,0.999998,25.711,0,0.0133699,1144 1144 1143 1208 1271 1334 1273 1272 1209 1210 1145 1211 -1
GCP,adapt_p60-00000000000001_a315-0_189_map.h5,26.8859,10,764,1152,30.000000:315.000000,1346,True,7,7,1347,0.999999,10.8717,0,0.0128973,1404 1404 1405 1348 1347 1346 -1
GCP,adapt_p80-40593177313954_a270-0_543_map.h5,27.8493,10,456,806,9.594069:270.000000,1084,True,16,13,1085,0.999966,26.0035,0,0.0125424,1017 1017 1083 1149 1214 1215 1150 1084 1018 1086 1085 1151 -1
GCP,adapt_p23-556464309101234_a157-5_227_map.h5,27.8855,10,529,757,66.443535:157.500000,1701,True,9,9,1729,0.999998,15.9618,0,0.0123317,1700 1700 1727 1699 1728 1753 1729 1701 -1
GCP,adapt_p80-40593177313954_a45-0_181_map.h5,25.6351,10,212,1452,9.594069:45.000000,1042,True,33,13,974,0.997188,25.3926,0,0.012673,972 972 1039 1040 1041 973 906 907 974 1042 975 908 -1
GCP,adapt_p48-18968510422141_a326-24999999999994_131_map.h5,27.8434,10,421,759,41.810314:326.250000,1514,True,19,13,1562,0.999983,26.1465,0,0.0133878,1514 1514 1562 1513 1512 1561 1560 1605 1606 1563 1515 1462 -1
GCP,adapt_p23-556464309101234_a292-5_453_map.h5,27.8587,10,398,786,66.443535:292.500000,1712,True,16,14,1712,0.999998,27.8545,0,0.013089,1710 1710 1736 1737 1738 1739 1713 1712 1711 1677 1678 1679 1680 -1
GCP,adapt_p11-715852394892384_a45-0_575_map.h5,26.8621,10,343,1162,78.284149:45.000000,1766,True,13,13,1746,0.999999,24.9832,0,0.0137304,1720 1720 1721 1746 1747 1748 1767 1766 1765 1744 1745 1719 -1
GCP,adapt_p80-40593177313954_a135-0_271_map.h5,25.0784,10,117,1537,9.594069:135.000000,1059,False,131,7,1149,0.777417,24.1378,0,0.0141075,1190 1083 1149 1150 1084 1085 -1
GCP,adapt_p11-715852394892384_a45-0_467_map.h5,28.8993,10,455,372,78.284149:45.000000,1766,True,7,7,1747,0.999999,10.726,0,0.0124925,1767 1767 1748 1747 1766 1746 -1
GCP,adapt_p60-00000000000001_a247-49999999999997_519_map.h5,26.8383,10,339,1177,30.000000:247.500000,1335,True,16,13,1336,0.99999,25.9424,0,0.0124698,1337 1337 1275 1276 1395 1336 1394 1393 1335 1274 1273 1334 -1
GCP,adapt_p80-40593177313954_a247-49999999999997_488_map.h5,28.8864,10,539,401,9.594069:247.500000,1080,True,10,10,1080,0.999999,18.5084,0,0.0124131,1081 1081 1146 1147 1080 1013 1012 1079 1145 -1
GCP,adapt_p35-659087696138755_a165-0_23_map.h5,26.8292,10,252,1190,54.340912:165.000000,1587,True,19,13,1629,0.999991,25.9086,0,0.0125167,1667 1667 1628 1585 1586 1629 1666 1701 1668 1631 1630 1587 -1
GCP,adapt_p80-40593177313954_a315-0_562_map.h5,27.6425,10,84,387,9.594069:315.000000,1093,True,198,12,1096,0.762246,27.5392,0,0.0161,1279 1092 1093 1159 1160 1094 1095 1028 1096 1029 1097 -1
GCP,adapt_p80-40593177313954_a90-0_78_map.h5,24.4615,10,165,1515,9.594069:90.000000,1051,False,229,7,1198,0.345228,24.0546,0,0.0169638,1294 1324 1261 1198 1132 1197 -1
GCP,adapt_p60-00000000000001_a157-5_464_map.h5,27.8622,10,488,716,30.000000:157.500000,1320,True,16,14,1320,0.999998,27.7281,0,0.0125634,1378 1378 1379 1321 1259 1258 1320 1319 1257 1194 1256 1318 1377 -1
GCP,adapt_p48-18968510422141_a326-24999999999994_60_map.h5,26.8684,10,327,1094,41.810314:326.250000,1514,True,13,13,1513,0.999998,25.3141,0,0.0124426,1460 1460 1405 1461 1512 1511 1560 1561 1562 1513 1514 1462 -1
GCP,adapt_p48-18968510422141_a11-25_243_map.h5,27.8613,10,382,684,41.810314:11.250000,1468,True,11,11,1414,0.999999,20.4124,0,0.012487,1413 1413 1355 1356 1357 1415 1469 1414 1468 1467 -1
GCP,adapt_p35-659087696138755_a75-0_130_map.h5,27.8002,10,295,809,54.340912:75.000000,1576,True,22,13,1621,0.999862,25.2972,0,0.012528,1660 1660 1622 1621 1659 1658 1619 1576 1620 1577 1578 1531 -1
GCP,adapt_p35-659087696138755_a75-0_158_map.h5,27.8763,10,526,755,54.340912:75.000000,1576,True,10,10,1619,0.999999,17.7786,0,0.012443,1576 1576 1575 1574 1618 1657 1658 1619 1620 -1
GCP,adapt_p35-659087696138755_a165-0_286_map.h5,28.8885,10,411,389,54.340912:165.000000,1587,True,10,10,1586,0.999999,18.3571,0,0.012358,1587 1587 1540 1541 1586 1585 1628 1629 1630 -1
GCP,adapt_p70-52877936550931_a101-24999999999999_138_map.h5,27.8629,10,377,771,19.471220:101.250000,1185,True,14,13,1184,0.999998,25.7499,0,0.0129004,1185 1185 1118 1119 1184 1248 1247 1246 1183 1117 1116 1182 -1
GCP,adapt_p70-52877936550931_a303-75_153_map.h5,26.8441,10,505,1088,19.471220:303.750000,1221,True,18,13,1221,0.999992,25.7433,0,0.0127418,1155 1155 1219 1220 1283 1284 1222 1158 1157 1221 1156 1090 -1
GCP,adapt_p80-40593177313954_a157-5_555_map.h5,26.8286,10,475,1095,9.594069:157.500000,1063,True,21,13,1064,0.999981,25.766,0,0.0132219,1065 1065 1066 1131 1130 1064 996 1063 1129 1195 1128 1062 -1
GCP,adapt_p70-52877936550931_a258-75_483_map.h5,28.6659,10,77,354,19.471220:258.750000,1213,True,47,13,1148,0.994477,26.6068,0,0.0129192,1274 1275 1213 1214 1149 1083 1082 1148 1147 1212 1211 1146 -1
GCP,adapt_p70-52877936550931_a258-75_370_map.h5,25.5018,10,133,1540,19.471220:258.750000,1213,True,73,12,1213,0.921784,24.7149,0,0.0130323,1209 1145 1146 1211 1212 1147 1213 1276 1214 1149 1148 -1
GCP,adapt_p60-00000000000001_a202-49999999999997_375_map.h5,27.833,10,323,779,30.000000:202.500000,1328,True,19,13,1265,0.999947,25.2687,0,0.012735,1267 1267 1329 1328 1266 1327 1326 1264 1265 1202 1203 1204 -1
GCP,adapt_p80-40593177313954_a270-0_103_map.h5,27.9063,10,695,729,9.594069:270.000000,1084,True,10,10,1084,0.999999,19.481,0,0.0124584,1150 1151 1085 1017 1016 1083 1149 1084 1150 -1
GCP,adapt_p11-715852394892384_a135-0_69_map.h5,26.861,10,375,1168,78.284149:135.000000,1770,True,13,13,1751,0.999999,25.3037,0,0.0128044,1771 1771 1785 1752 1753 1728 1727 1726 1751 1770 1769 1750 -1
GCP,adapt_p35-659087696138755_a45-0_78_map.h5,27.8739,10,355,681,54.340912:45.000000,1572,True,15,14,1615,0.999999,27.4336,0,0.0129178,1572 1572 1525 1524 1571 1615 1616 1617 1655 1654 1653 1614 1570 -1
GCP,adapt_p48-18968510422141_a33-75_61_map.h5,27.8554,10,447,778,41.810314:33.750000,1471,True,16,13,1472,0.999967,27.1785,0,0.0124126,1418 1472 1471 1470 1522 1570 1523 1524 1525 1473 1417 1418 -1
GCP,adapt_p48-18968510422141_a281-24999999999994_255_map.h5,27.8613,10,213,751,41.810314:281.250000,1507,True,15,13,1508,0.999997,25.4038,0,0.013462,1455 1455 1506 1454 1507 1556 1557 1508 1456 1457 1509 1558 -1
GCP,adapt_p48-18968510422141_a11-25_13_map.h5,27.8916,10,375,753,41.810314:11.250000,1468,True,12,12,1468,0.999999,23.4358,0,0.0131168,1413 1413 1414 1412 1518 1467 1519 1520 1468 1469 1521 -1
GCP,adapt_p35-659087696138755_a255-00000000000003_144_map.h5,27.8654,10,412,835,54.340912:255.000000,1598,True,15,13,1599,0.999999,26.1402,0,0.0133524,1641 1641 1555 1600 1642 1599 1554 1553 1598 1640 1639 1597 -1
GCP,adapt_p70-52877936550931_a123-74999999999999_287_map.h5,27.4498,10,41,400,19.471220:123.750000,1189,False,243,12,1178,0.36666,26.3384,0,0.0177551,1239 1177 1178 1112 1114 1179 1242 1243 1308 1309 1246 -1
GCP,adapt_p60-00000000000001_a135-0_224_map.h5,26.8718,10,516,1136,30.000000:135.000000,1316,True,10,10,1317,0.999998,18.7458,0,0.0129438,1316 1316 1376 1317 1318 1377 1433 1375 1374 -1
GCP,adapt_p35-659087696138755_a14-999999999999998_277_map.h5,26.3269,10,120,1087,54.340912:15.000000,1568,True,97,12,1569,0.938547,24.8344,0,0.0138799,1524 1570 1614 1613 1569 1568 1522 1469 1521 1520 1468 -1
GCP,adapt_p70-52877936550931_a236-25_164_map.h5,25.8826,10,783,1460,19.471220:236.250000,1209,True,10,10,1209,0.999999,17.8867,0,0.013141,1210 1210 1273 1272 1209 1208 1143 1144 1145 -1
GCP,adapt_p60-00000000000001_a202-49999999999997_331_map.h5,27.8811,10,465,727,30.000000:202.500000,1328,True,12,12,1328,0.999999,22.9908,0,0.0126659,1266 1266 1265 1326 1385 1327 1328 1386 1387 1329 1267 -1
GCP,adapt_p60-00000000000001_a247-49999999999997_131_map.h5,27.7999,10,199,787,30.000000:247.500000,1335,True,24,13,1335,0.999505,25.8733,0,0.0128615,1333 1333 1335 1393 1392 1334 1272 1273 1211 1274 1275 1336 -1
GCP,adapt_p60-00000000000001_a315-0_359_map.h5,27.8722,10,511,736,30.000000:315.000000,1346,True,13,13,1347,0.999999,25.584,0,0.0126159,1405 1405 1348 1287 1286 1347 1460 1459 1403 1404 1346 1285 -1
GCP,adapt_p70-52877936550931_a303-75_207_map.h5,25.6311,10,177,1457,19.471220:303.750000,1221,True,49,12,1219,0.966212,24.1087,0,0.0127091,1153 1218 1281 1219 1282 1283 1220 1155 1156 1221 1222 -1
GCP,adapt_p70-52877936550931_a123-74999999999999_447_map.h5,27.8689,10,504,741,19.471220:123.750000,1189,True,12,12,1189,0.999998,23.2704,0,0.0128677,1253 1253 1254 1252 1251 1188 1122 1123 1189 1190 1124 -1
GCP,adapt_p48-18968510422141_a78-75_258_map.h5,25.5028,10,175,1509,41.810314:78.750000,1478,True,74,12,1479,0.967563,24.4556,0,0.0129887,1370 1427 1480 1426 1479 1425 1424 1478 1529 1530 1531 -1
GCP,adapt_p70-52877936550931_a146-25_588_map.h5,27.5116,10,143,755,19.471220:146.250000,1193,False,66,12,1061,0.990385,27.142,0,0.0131616,1382 1128 1062 994 1061 1127 993 1060 1126 1125 1059 -1
GCP,adapt_p60-00000000000001_a337-49999999999994_217_map.h5,27.852,10,273,783,30.000000:337.500000,1350,True,14,14,1291,0.999999,27.802,0,0.0127908,1227 1227 1163 1228 1290 1289 1350 1351 1352 1291 1292 1229 1164 -1
GCP,adapt_p35-659087696138755_a14-999999999999998_346_map.h5,25.7421,10,244,1501,54.340912:15.000000,1568,True,30,13,1522,0.998768,25.1359,0,0.0126949,1468 1468 1520 1568 1521 1469 1522 1470 1471 1523 1570 1569 -1
GCP,adapt_p70-52877936550931_a281-24999999999994_311_map.h5,26.8311,10,393,1123,19.471220:281.250000,1217,True,19,13,1217,0.999964,25.3104,0,0.0127166,1219 1219 1154 1153 1218 1281 1217 1152 1151 1216 1279 1280 -1
GCP,adapt_p23-556464309101234_a22-5_28_map.h5,26.8871,10,636,1083,66.443535:22.500000,1689,True,10,10,1689,0.999999,18.2251,0,0.0126548,1690 1690 1719 1720 1689 1688 1652 1653 1654 -1
GCP,adapt_p23-556464309101234_a202-5_396_map.h5,26.8944,10,821,1123,66.443535:202.500000,1704,True,8,8,1705,0.999997,13.1041,0,0.0123884,1704 1704 1670 1671 1672 1705 1732 -1
GCP,adapt_p60-00000000000001_a67-5_366_map.h5,26.5627,10,115,729,30.000000:67.500000,1305,False,213,12,979,0.965149,25.4366,0,0.0168337,1181 981 913 980 912 979 911 978 977 910 909 -1
GCP,adapt_p35-659087696138755_a75-0_513_map.h5,27.8735,10,389,831,54.340912:75.000000,1576,True,10,10,1576,0.999998,19.9871,0,0.0123264,1575 1576 1620 1658 1619 1577 1530 1529 1575 -1
GCP,adapt_p23-556464309101234_a112-5_414_map.h5,27.8644,10,389,752,66.443535:112.500000,1697,True,14,13,1696,0.999998,25.4047,0,0.0124893,1662 1662 1696 1661 1623 1622 1660 1695 1725 1726 1697 1663 -1
GCP,adapt_p48-18968510422141_a146-25_318_map.h5,27.8822,10,610,754,41.810314:146.250000,1488,True,12,12,1487,0.999999,22.9073,0,0.0125857,1538 1538 1539 1489 1435 1488 1487 1434 1433 1486 1537 -1
GCP,adapt_p35-659087696138755_a165-0_280_map.h5,26.81,10,373,1025,54.340912:165.000000,1587,True,22,13,1630,0.999619,26.02,0,0.0127336,1668 1668 1667 1629 1586 1587 1588 1542 1589 1631 1630 1669 -1
GCP,adapt_p70-52877936550931_a78-75_387_map.h5,25.5068,10,148,1502,19.471220:78.750000,1181,True,68,12,1245,0.951332,24.2746,0,0.0129793,1306 1307 1308 1309 1310 1247 1246 1245 1182 1181 1244 -1
GCP,adapt_p23-556464309101234_a157-5_371_map.h5,27.7718,10,207,792,66.443535:157.500000,1701,True,29,13,1730,0.998903,24.8029,0,0.0129444,1703 1703 1702 1701 1729 1728 1752 1753 1754 1730 1731 1755 -1
GCP,adapt_p70-52877936550931_a101-24999999999999_253_map.h5,27.854,10,576,774,19.471220:101.250000,1185,True,15,13,1247,0.999988,25.2089,0,0.0127787,1185 1185 1119 1118 1184 1248 1311 1310 1247 1309 1246 1183 -1
GCP,adapt_p60-00000000000001_a112-49999999999999_405_map.h5,27.8724,10,413,733,30.000000:112.500000,1313,True,12,12,1312,0.999999,22.7245,0,0.0123914,1371 1371 1372 1313 1250 1312 1249 1248 1311 1370 1369 -1
GCP,adapt_p60-00000000000001_a112-49999999999999_325_map.h5,27.866,10,500,710,30.000000:112.500000,1313,True,13,13,1313,0.999999,26.5617,0,0.0127839,1372 1373 1314 1251 1250 1249 1311 1370 1371 1312 1313 1372 -1
GCP,adapt_p35-659087696138755_a195-0_359_map.h5,28.8623,10,304,361,54.340912:195.000000,1590,True,15,14,1590,0.999999,28.4575,0,0.0124611,1631 1631 1543 1544 1545 1590 1589 1588 1632 1669 1670 1633 1591 -1
GCP,adapt_p35-659087696138755_a75-0_439_map.h5,28.8823,10,424,357,54.340912:75.000000,1576,True,10,10,1619,0.999999,17.7787,0,0.0124897,1576 1576 1575 1574 1618 1657 1658 1619 1620 -1
GCP,adapt_p35-659087696138755_a285-0_35_map.h5,27.8724,10,439,718,54.340912:285.000000,1601,True,12,12,1601,0.999999,23.2514,0,0.0124255,1643 1643 1642 1600 1556 1557 1601 1644 1603 1602 1558 -1
GCP,adapt_p70-52877936550931_a191-25_247_map.h5,28.8503,10,289,380,19.471220:191.250000,1201,True,16,14,1202,0.999999,28.5494,0,0.0125288,1264 1264 1200 1263 1265 1266 1203 1137 1202 1201 1136 1135 1134 -1
GCP,adapt_p11-715852394892384_a45-0_111_map.h5,25.9003,10,789,1441,78.284149:45.000000,1766,True,8,8,1766,0.999999,12.7531,0,0.0125533,1746 1746 1747 1767 1766 1765 1745 -1
GCP,adapt_p23-556464309101234_a22-5_585_map.h5,27.8398,10,271,754,66.443535:22.500000,1689,True,20,14,1688,0.999967,27.7781,0,0.0130008,1719 1719 1745 1720 1689 1653 1652 1651 1686 1687 1688 1718 1743 -1
GCP,adapt_p48-18968510422141_a236-25_380_map.h5,28.8513,10,314,339,41.810314:236.250000,1501,True,16,14,1447,0.999996,28.4236,0,0.0124565,1499 1499 1549 1550 1551 1501 1448 1449 1391 1390 1447 1500 1446 -1
GCP,adapt_p60-00000000000001_a337-49999999999994_470_map.h5,25.7905,10,146,1118,30.000000:337.500000,1350,True,195,12,1290,0.689649,25.6297,0,0.0161454,1518 1352 1291 1290 1351 1350 1289 1288 1349 1407 1348 -1
GCP,adapt_p35-659087696138755_a105-0_574_map.h5,27.8986,10,545,718,54.340912:105.000000,1579,True,8,8,1622,1,13.1857,0,0.0122464,1623 1623 1580 1579 1578 1622 1661 -1
GCP,adapt_p80-40593177313954_a112-49999999999999_573_map.h5,25.7973,10,221,1503,9.594069:112.500000,1055,True,23,13,1122,0.999809,25.3098,0,0.0124566,1120 1120 1186 1121 1187 1188 1189 1123 1122 1056 1055 1054 -1
GCP,adapt_p80-40593177313954_a67-5_576_map.h5,26.8833,10,630,1116,9.594069:67.500000,1047,True,10,10,1046,0.999998,18.4865,0,0.0125146,979 979 1045 978 1046 1112 1113 1047 980 -1
GCP,adapt_p70-52877936550931_a101-24999999999999_234_map.h5,27.8794,10,651,705,19.471220:101.250000,1185,True,11,11,1119,0.999999,20.2476,0,0.012338,1120 1120 1119 1118 1184 1247 1248 1185 1186 1249 -1
GCP,adapt_p60-00000000000001_a157-5_177_map.h5,27.8797,10,530,721,30.000000:157.500000,1320,True,10,10,1320,0.999999,18.307,0,0.0130947,1379 1379 1319 1378 1320 1258 1259 1321 1380 -1
GCP,adapt_p60-00000000000001_a90-0_404_map.h5,27.8933,10,419,752,30.000000:90.000000,1309,True,11,11,1309,0.999999,21.4125,0,0.0124802,1368 1368 1308 1367 1246 1247 1309 1310 1369 1311 -1
GCP,adapt_p35-659087696138755_a285-0_455_map.h5,26.8191,10,204,1179,54.340912:285.000000,1601,True,22,13,1643,0.999887,26.8258,0,0.0126924,1603 1644 1680 1679 1642 1600 1601 1557 1558 1602 1643 1603 -1
GCP,adapt_p48-18968510422141_a326-24999999999994_242_map.h5,26.7789,10,324,1084,41.810314:326.250000,1514,True,18,13,1462,0.999949,25.7185,0,0.0128804,1463 1463 1407 1406 1405 1461 1512 1513 1562 1514 1462 1515 -1
GCP,adapt_p48-18968510422141_a258-75_277_map.h5,27.8692,10,390,795,41.810314:258.750000,1504,True,13,13,1504,0.999998,25.7226,0,0.0125833,1554 1554 1555 1505 1453 1452 1504 1598 1553 1552 1503 1451 -1
GCP,adapt_p48-18968510422141_a281-24999999999994_486_map.h5,25.5247,10,198,1463,41.810314:281.250000,1507,True,65,12,1455,0.963927,24.8584,0,0.0130551,1457 1456 1400 1508 1455 1399 1398 1454 1453 1506 1507 -1
GCP,adapt_p23-556464309101234_a22-5_102_map.h5,27.8809,10,444,753,66.443535:22.500000,1689,True,11,11,1689,0.999999,20.6334,0,0.0128592,1688 1688 1653 1652 1689 1690 1720 1719 1718 1687 -1
GCP,adapt_p60-00000000000001_a180-0_526_map.h5,27.8442,10,410,739,30.000000:180.000000,1324,True,18,13,1323,0.999982,26.5703,0,0.0126441,1260 1260 1381 1322 1321 1259 1323 1382 1324 1262 1261 1197 -1
GCP,adapt_p60-00000000000001_a224-99999999999997_166_map.h5,27.7756,10,174,799,30.000000:225.000000,1331,True,23,13,1391,0.999357,25.7366,0,0.013164,1392 1392 1447 1390 1332 1331 1270 1271 1333 1391 1448 1449 -1
GCP,adapt_p80-40593177313954_a180-0_503_map.h5,25.8062,10,245,1492,9.594069:180.000000,1067,True,25,12,1134,0.999908,23.7809,0,0.0126236,1200 1200 1133 1067 1068 1134 1199 1201 1136 1135 1069 -1
GCP,adapt_p80-40593177313954_a337-49999999999994_570_map.h5,27.8443,10,339,811,9.594069:337.500000,1097,True,18,13,1098,0.999993,25.8532,0,0.0124903,1099 1099 1164 1098 1031 1030 1029 1097 1163 1096 1162 1227 -1
GCP,adapt_p48-18968510422141_a56-24999999999999_455_map.h5,27.8773,10,428,813,41.810314:56.250000,1475,True,10,10,1420,0.999999,17.997,0,0.0124432,1421 1421 1422 1475 1527 1526 1474 1420 1419 -1
GCP,adapt_p60-00000000000001_a45-0_569_map.h5,26.9599,10,125,747,30.000000:45.000000,1301,False,154,11,1233,0.84078,24.4759,0,0.0147705,1176 1302 1171 1234 1297 1296 1232 1233 1170 1104 -1
GCP,adapt_p48-18968510422141_a236-25_542_map.h5,26.8578,10,532,1060,41.810314:236.250000,1501,True,15,13,1448,0.999998,25.1197,0,0.012932,1447 1447 1500 1550 1551 1501 1448 1391 1392 1449 1502 1552 -1
GCP,adapt_p80-40593177313954_a224-99999999999997_325_map.h5,26.7853,10,376,1125,9.594069:225.000000,1076,True,25,13,1076,0.999403,25.1362,0,0.0124232,1009 1009 1008 1075 1141 1142 1076 1077 1143 1144 1078 1010 -1
GCP,adapt_p60-00000000000001_a157-5_53_map.h5,28.8522,10,215,348,30.000000:157.500000,1320,True,17,14,1321,0.99999,28.2402,0,0.0125996,1322 1322 1259 1260 1321 1258 1320 1378 1379 1436 1437 1380 1381 -1
GCP,adapt_p11-715852394892384_a225-0_422_map.h5,25.7409,10,220,1441,78.284149:225.000000,1774,True,36,13,1772,0.994177,24.766,0,0.0129163,1785 1785 1786 1787 1774 1757 1756 1755 1773 1772 1771 1754 -1
GCP,adapt_p23-556464309101234_a112-5_312_map.h5,27.8726,10,349,772,66.443535:112.500000,1697,True,12,12,1696,0.999999,23.244,0,0.0132247,1697 1697 1661 1662 1696 1660 1695 1724 1750 1725 1726 -1
GCP,adapt_p60-00000000000001_a112-49999999999999_523_map.h5,27.8685,10,425,757,30.000000:112.500000,1313,True,13,13,1313,0.999999,27.0479,0,0.012297,1371 1372 1373 1314 1252 1251 1250 1313 1312 1249 1311 1371 -1
GCP,adapt_p60-00000000000001_a0-0_185_map.h5,25.8502,10,420,1540,30.000000:0.000000,1294,True,15,13,1294,0.999997,25.8427,0,0.0126005,1411 1411 1353 1352 1410 1412 1354 1295 1294 1231 1293 1292 -1
GCP,adapt_p80-40593177313954_a90-0_322_map.h5,28.7132,10,217,375,9.594069:90.000000,1051,True,39,14,1051,0.992144,27.6404,0,0.0125805,1053 1053 1119 1118 1052 984 983 1051 1117 1116 1050 982 1049 -1
GCP,adapt_p35-659087696138755_a135-0_556_map.h5,26.6847,10,233,1140,54.340912:135.000000,1583,False,31,13,1483,0.997276,25.0155,0,0.0130979,1430 1430 1429 1482 1533 1534 1483 1484 1535 1581 1582 1536 -1
GCP,adapt_p70-52877936550931_a191-25_14_map.h5,25.4119,10,117,1682,19.471220:191.250000,1201,False,76,11,1434,0.977225,24.9423,0,0.0129078,1317 1376 1375 1433 1487 1434 1377 1435 1133 1134 -1
GCP,adapt_p35-659087696138755_a315-0_335_map.h5,27.8401,10,247,768,54.340912:315.000000,1605,True,17,13,1606,0.999958,26.0439,0,0.0126722,1647 1647 1605 1561 1604 1646 1606 1562 1513 1563 1607 1648 -1
GCP,adapt_p60-00000000000001_a67-5_314_map.h5,25.7653,10,362,1581,30.000000:67.500000,1305,True,27,13,1305,0.998693,25.3554,0,0.0125002,1244 1244 1243 1305 1304 1363 1364 1365 1306 1307 1366 1367 -1
GCP,adapt_p80-40593177313954_a315-0_465_map.h5,25.1678,10,237,1563,9.594069:315.000000,1093,True,103,11,1161,0.971219,23.2049,0,0.0139309,1407 1226 1225 1159 1093 1094 1160 1161 1162 1227 -1
GCP,adapt_p70-52877936550931_a326-24999999999994_108_map.h5,25.6649,10,277,1518,19.471220:326.250000,1225,True,42,13,1286,0.988477,25.3761,0,0.0149911,1346 1346 1285 1222 1223 1286 1347 1348 1287 1224 1159 1225 -1
GCP,adapt_p80-40593177313954_a22-5_277_map.h5,25.8431,10,387,1514,9.594069:22.500000,1038,True,17,12,1038,0.999966,22.9764,0,0.0127509,1105 1105 1106 1040 1039 971 1038 1104 1103 1037 970 -1
GCP,adapt_p48-18968510422141_a213-75_212_map.h5,27.8701,10,349,787,41.810314:213.750000,1497,True,13,13,1498,0.999999,25.6614,0,0.0126901,1445 1445 1499 1549 1500 1447 1446 1498 1548 1547 1497 1444 -1
GCP,adapt_p70-52877936550931_a281-24999999999994_189_map.h5,25.3365,10,139,1553,19.471220:281.250000,1217,False,92,12,1148,0.996432,24.6603,0,0.013288,1274 1212 1147 1213 1214 1148 1082 1083 1149 1150 1084 -1
GCP,adapt_p80-40593177313954_a247-49999999999997_494_map.h5,25.437,10,104,1111,9.594069:247.500000,1080,False,231,9,1408,0.769985,23.5003,0,0.0175312,1083 1407 1463 1464 1408 1350 1409 1351 -1
GCP,adapt_p80-40593177313954_a202-49999999999997_300_map.h5,26.0854,10,61,1129,9.594069:202.500000,1072,False,142,12,1376,0.879755,24.8414,0,0.0142611,1488 1434 1375 1317 1376 1377 1318 1256 1257 1319 1378 -1
GCP,adapt_p48-18968510422141_a123-74999999999999_455_map.h5,27.8761,10,460,768,41.810314:123.750000,1484,True,11,11,1431,0.999999,21.5654,0,0.0127129,1485 1485 1430 1373 1374 1431 1484 1486 1432 1375 -1
GCP,adapt_p80-40593177313954_a45-0_68_map.h5,25.9597,10,72,759,9.594069:45.000000,1042,False,310,8,990,0.718024,24.3381,0,0.0218359,1552 992 991 1058 990 923 989 -1
GCP,adapt_p35-659087696138755_a195-0_38_map.h5,25.2465,10,167,1503,54.340912:195.000000,1590,False,115,11,1261,0.728259,23.6018,0,0.0142781,1259 1260 1261 1262 1263 1443 1496 1444 1387 1329 -1
GCP,adapt_p48-18968510422141_a213-75_407_map.h5,25.7291,10,189,1507,41.810314:213.750000,1497,True,37,13,1445,0.99286,25.3835,0,0.0126475,1331 1331 1330 1388 1444 1497 1548 1498 1445 1389 1446 1499 -1
GCP,adapt_p23-556464309101234_a292-5_334_map.h5,25.8778,10,707,1486,66.443535:292.500000,1712,True,11,11,1712,0.999999,20.8224,0,0.0129134,1680 1680 1713 1681 1679 1712 1738 1739 1740 1714 -1
GCP,adapt_p70-52877936550931_a236-25_232_map.h5,26.8318,10,411,1098,19.471220:236.250000,1209,True,19,12,1273,0.999928,23.6295,0,0.0129518,1272 1272 1335 1334 1273 1209 1210 1211 1274 1275 1212 -1
GCP,adapt_p80-40593177313954_a337-49999999999994_71_map.h5,25.4364,10,107,1165,9.594069:337.500000,1097,True,234,11,1232,0.663334,24.7725,0,0.0177674,1105 1296 1233 1232 1295 1231 1164 1099 1098 1097 -1
GCP,adapt_p70-52877936550931_a146-25_398_map.h5,27.8578,10,595,766,19.471220:146.250000,1193,True,14,13,1193,0.999998,25.1833,0,0.0130012,1256 1256 1318 1255 1254 1191 1192 1193 1127 1128 1194 1257 -1
GCP,adapt_p60-00000000000001_a45-0_10_map.h5,28.8669,10,363,378,30.000000:45.000000,1301,True,15,14,1302,0.999998,27.7211,0,0.0128597,1360 1360 1300 1238 1301 1302 1239 1240 1303 1362 1420 1419 1361 -1
GCP,adapt_p70-52877936550931_a303-75_394_map.h5,26.8409,10,370,1074,19.471220:303.750000,1221,True,19,13,1221,0.999991,26.0168,0,0.0128484,1283 1283 1220 1156 1157 1222 1223 1285 1346 1221 1284 1345 -1
GCP,adapt_p70-52877936550931_a236-25_35_map.h5,27.8031,10,274,772,19.471220:236.250000,1209,True,25,14,1144,0.99988,27.3103,0,0.0127191,1271 1271 1272 1273 1210 1145 1079 1078 1144 1209 1208 1143 1077 -1
GCP,adapt_p35-659087696138755_a165-0_554_map.h5,26.8894,10,834,1113,54.340912:165.000000,1587,True,6,6,1587,0.999999,8.2502,0,0.0124296,1586 1586 1587 1630 1629 -1
GCP,adapt_p80-40593177313954_a315-0_359_map.h5,27.8009,10,356,757,9.594069:315.000000,1093,True,24,13,1094,0.999662,25.6726,0,0.0129441,1157 1157 1092 1093 1094 1095 1161 1160 1159 1158 1222 1223 -1
GCP,adapt_p70-52877936550931_a146-25_128_map.h5,27.8744,10,530,726,19.471220:146.250000,1193,True,11,11,1193,0.999998,20.5443,0,0.0124034,1256 1256 1255 1191 1192 1193 1127 1128 1194 1257 -1
GCP,adapt_p23-556464309101234_a67-5_474_map.h5,26.8803,10,477,1125,66.443535:67.500000,1693,True,10,10,1722,0.999999,18.2917,0,0.0124883,1748 1748 1721 1747 1722 1692 1693 1723 1749 -1
GCP,adapt_p60-00000000000001_a247-49999999999997_336_map.h5,27.855,10,403,775,30.000000:247.500000,1335,True,14,13,1335,0.999998,26.0574,0,0.012761,1393 1393 1273 1334 1335 1274 1275 1336 1394 1450 1395 1337 -1
GCP,adapt_p70-52877936550931_a33-75_368_map.h5,27.7795,10,234,742,19.471220:33.750000,1173,True,29,13,1237,0.996239,25.6381,0,0.0132906,1172 1172 1106 1107 1173 1236 1174 1108 1175 1238 1237 1300 -1
GCP,adapt_p60-00000000000001_a67-5_354_map.h5,25.8804,10,724,1492,30.000000:67.500000,1305,True,11,11,1365,0.999999,20.8674,0,0.0123707,1423 1423 1364 1422 1365 1305 1306 1307 1366 1424 -1
GCP,adapt_p60-00000000000001_a247-49999999999997_410_map.h5,26.8171,10,413,1099,30.000000:247.500000,1335,True,20,13,1392,0.999967,25.1952,0,0.0126168,1333 1333 1391 1448 1392 1334 1393 1335 1336 1394 1450 1449 -1
GCP,adapt_p48-18968510422141_a78-75_332_map.h5,26.7675,10,179,1082,41.810314:78.750000,1478,True,27,13,1366,0.999538,25.22,0,0.0132548,1478 1478 1423 1365 1306 1244 1307 1366 1424 1425 1367 1308 -1
GCP,adapt_p23-556464309101234_a157-5_509_map.h5,27.8744,10,432,724,66.443535:157.500000,1701,True,12,12,1700,0.999999,23.5648,0,0.0133869,1728 1728 1665 1664 1699 1727 1700 1666 1667 1701 1729 -1
GCP,adapt_p48-18968510422141_a213-75_521_map.h5,25.7119,10,157,1523,41.810314:213.750000,1497,True,39,12,1445,0.991335,24.2161,0,0.0129309,1548 1498 1446 1389 1388 1445 1444 1387 1443 1496 1497 -1
GCP,adapt_p23-556464309101234_a292-5_232_map.h5,27.8962,10,653,736,66.443535:292.500000,1712,True,9,9,1712,0.999999,15.4301,0,0.0125262,1680 1680 1679 1711 1712 1713 1739 1738 -1
GCP,adapt_p70-52877936550931_a281-24999999999994_176_map.h5,25.5556,10,190,1549,19.471220:281.250000,1217,True,63,12,1152,0.964402,24.5318,0,0.0131649,1149 1150 1151 1216 1217 1218 1152 1086 1087 1153 1154 -1
GCP,adapt_p70-52877936550931_a281-24999999999994_3_map.h5,27.8581,10,423,726,19.471220:281.250000,1217,True,16,13,1217,0.999993,25.23,0,0.012727,1218 1218 1153 1152 1217 1280 1341 1279 1216 1215 1278 1340 -1
GCP,adapt_p48-18968510422141_a191-25_530_map.h5,26.8694,10,573,1112,41.810314:191.250000,1494,True,10,10,1441,0.999999,17.9048,0,0.012409,1442 1442 1495 1545 1544 1494 1441 1493 1440 -1
GCP,adapt_p80-40593177313954_a112-49999999999999_119_map.h5,26.8432,10,488,1080,9.594069:112.500000,1055,True,17,13,1055,0.999991,26.2357,0,0.012564,988 988 1057 1123 1056 1122 1121 1120 1055 987 1054 1053 -1
GCP,adapt_p80-40593177313954_a67-5_277_map.h5,25.4499,10,91,1580,9.594069:67.500000,1047,True,76,12,979,0.921456,24.4592,0,0.0129102,1109 1043 1044 977 1045 978 1046 979 1047 980 1048 -1
GCP,adapt_p48-18968510422141_a168-74999999999997_67_map.h5,26.8934,10,825,1146,41.810314:168.750000,1491,True,9,9,1491,0.999999,15.529,0,0.0124327,1490 1490 1437 1438 1491 1541 1542 1492 -1
GCP,adapt_p23-556464309101234_a67-5_577_map.h5,27.9035,10,595,742,66.443535:67.500000,1693,True,9,9,1693,0.999999,15.8599,0,0.0123022,1694 1694 1657 1658 1693 1692 1722 1723 -1
GCP,adapt_p70-52877936550931_a236-25_256_map.h5,27.8581,10,451,727,19.471220:236.250000,1209,True,16,13,1271,0.999997,26.0549,0,0.0126592,1272 1272 1209 1210 1273 1332 1333 1271 1208 1207 1270 1269 -1
GCP,adapt_p60-00000000000001_a247-49999999999997_58_map.h5,27.8819,10,468,771,30.000000:247.500000,1335,True,11,11,1335,0.999999,21.3938,0,0.0129161,1393 1393 1273 1274 1335 1334 1392 1394 1336 1275 -1
GCP,adapt_p80-40593177313954_a45-0_344_map.h5,26.8016,10,343,1119,9.594069:45.000000,1042,False,23,13,1044,0.999671,26.2121,0,0.0131584,976 976 1045 1111 1112 1046 977 1044 1110 1109 1043 975 -1
GCP,adapt_p23-556464309101234_a22-5_377_map.h5,26.5475,10,112,1113,66.443535:22.500000,1689,False,62,12,1533,0.970891,24.7457,0,0.013264,1581 1535 1483 1429 1428 1482 1533 1481 1532 1579 1534 -1
GCP,adapt_p60-00000000000001_a315-0_472_map.h5,25.2644,10,165,1476,30.000000:315.000000,1346,False,101,11,1437,0.976727,22.4094,0,0.0142106,1259 1380 1438 1491 1437 1490 1489 1436 1379 1378 -1
GCP,adapt_p70-52877936550931_a168-74999999999997_583_map.h5,27.7485,10,212,801,19.471220:168.750000,1197,True,32,13,1196,0.997697,25.0843,0,0.0132882,1258 1258 1259 1321 1322 1260 1197 1131 1130 1196 1195 1129 -1
GCP,adapt_p35-659087696138755_a195-0_297_map.h5,27.8752,10,418,734,54.340912:195.000000,1590,True,11,11,1591,0.999999,20.3024,0,0.0125485,1590 1590 1545 1546 1547 1592 1634 1591 1633 1632 -1
GCP,adapt_p48-18968510422141_a303-75_27_map.h5,27.8673,10,383,752,41.810314:303.750000,1510,True,13,13,1510,0.999999,25.5892,0,0.0124648,1459 1459 1458 1457 1509 1558 1559 1510 1460 1512 1511 1560 -1
GCP,adapt_p60-00000000000001_a157-5_191_map.h5,27.8808,10,395,747,30.000000:157.500000,1320,True,14,14,1258,0.999998,27.7604,0,0.0129691,1321 1321 1258 1320 1379 1378 1319 1257 1194 1195 1196 1259 1322 -1
GCP,adapt_p60-00000000000001_a224-99999999999997_333_map.h5,27.825,10,324,748,30.000000:225.000000,1331,True,21,14,1391,0.999988,27.6545,0,0.0128418,1392 1392 1449 1448 1391 1333 1332 1390 1331 1389 1446 1447 1500 -1
GCP,adapt_p80-40593177313954_a180-0_414_map.h5,26.8532,10,466,1049,9.594069:180.000000,1067,True,14,13,1000,0.999998,26.1018,0,0.0125915,1067 1067 998 999 932 933 934 1000 1068 1001 1069 1002 -1
GCP,adapt_p23-556464309101234_a337-5_400_map.h5,25.8014,10,438,1473,66.443535:337.500000,1716,True,23,13,1683,0.99987,25.1776,0,0.0123944,1716 1716 1683 1647 1648 1684 1715 1741 1740 1714 1682 1646 -1
GCP,adapt_p70-52877936550931_a213-75_181_map.h5,25.7368,10,363,1418,19.471220:213.750000,1205,True,33,13,1268,0.997704,25.5809,0,0.0130198,1331 1331 1330 1329 1266 1203 1204 1267 1205 1268 1269 1206 -1
GCP,adapt_p80-40593177313954_a135-0_54_map.h5,27.8793,10,552,736,9.594069:135.000000,1059,True,12,12,1058,0.999999,23.945,0,0.0124811,1124 1124 990 991 1058 1057 1123 1125 1059 992 1060 -1
GCP,adapt_p60-00000000000001_a67-5_265_map.h5,26.853,10,447,1163,30.000000:67.500000,1305,True,13,13,1365,0.999999,25.1235,0,0.0138797,1305 1305 1306 1307 1366 1423 1365 1364 1422 1421 1363 1304 -1
GCP,adapt_p60-00000000000001_a180-0_541_map.h5,26.8865,10,569,1151,30.000000:180.000000,1324,True,10,10,1324,0.999998,18.433,0,0.0122959,1323 1323 1262 1261 1324 1382 1383 1325 1263 -1
GCP,adapt_p23-556464309101234_a337-5_329_map.h5,26.8642,10,391,1122,66.443535:337.500000,1716,True,15,13,1742,0.999998,25.3611,0,0.0126226,1741 1741 1764 1763 1742 1743 1687 1717 1685 1684 1716 1715 -1
GCP,adapt_p70-52877936550931_a56-24999999999999_172_map.h5,27.882,10,573,749,19.471220:56.250000,1177,True,10,10,1177,0.999999,18.5073,0,0.0127678,1178 1178 1240 1241 1177 1176 1110 1111 1112 -1
GCP,adapt_p70-52877936550931_a281-24999999999994_385_map.h5,28.8132,10,288,362,19.471220:281.250000,1217,True,19,14,1217,0.999984,27.8023,0,0.0125951,1152 1152 1151 1215 1278 1340 1279 1216 1217 1280 1281 1218 1153 -1
GCP,adapt_p60-00000000000001_a157-5_559_map.h5,26.492,10,74,766,30.000000:157.500000,1320,True,227,10,1194,0.726185,24.8061,0,0.017241,1140 1319 1257 1194 1128 1129 1195 1258 1320 -1
GCP,adapt_p60-00000000000001_a22-5_122_map.h5,26.8813,10,786,1175,30.000000:22.500000,1298,True,9,9,1298,0.999999,15.5802,0,0.0124864,1357 1357 1358 1298 1235 1234 1297 1356 -1
GCP,adapt_p80-40593177313954_a135-0_292_map.h5,27.8019,10,263,732,9.594069:135.000000,1059,True,23,13,1059,0.999749,25.7765,0,0.0128784,1061 1061 992 993 1060 1126 1125 1059 991 1058 990 1057 -1
GCP,adapt_p70-52877936550931_a303-75_19_map.h5,25.4031,10,141,1104,19.471220:303.750000,1221,False,226,11,1223,0.82362,22.6437,0,0.0175109,1407 1287 1224 1223 1222 1157 1158 1159 1160 1225 -1
GCP,adapt_p11-715852394892384_a225-0_54_map.h5,27.6974,10,384,743,78.284149:225.000000,1774,True,16,14,1774,0.999999,27.5287,0,0.0133778,1758 1758 1776 1789 1788 1787 1773 1774 1775 1757 1756 1755 1733 -1
GCP,adapt_p48-18968510422141_a11-25_205_map.h5,26.7433,10,272,1122,41.810314:11.250000,1468,False,32,13,1409,0.996077,25.3086,0,0.0125349,1350 1350 1351 1352 1410 1411 1412 1466 1465 1409 1408 1464 -1
GCP,adapt_p35-659087696138755_a45-0_400_map.h5,26.8371,10,293,1074,54.340912:45.000000,1572,True,18,13,1572,0.999994,25.0771,0,0.0126964,1616 1616 1617 1573 1574 1527 1526 1572 1525 1524 1571 1615 -1
GCP,adapt_p60-00000000000001_a180-0_165_map.h5,27.7302,10,243,779,30.000000:180.000000,1324,False,34,13,1326,0.996906,25.584,0,0.0125712,1263 1263 1326 1264 1325 1383 1384 1441 1442 1385 1327 1386 -1
GCP,adapt_p70-52877936550931_a123-74999999999999_286_map.h5,25.6304,10,146,1517,19.471220:123.750000,1189,True,49,12,1253,0.988461,24.2272,0,0.0134059,1374 1315 1314 1313 1251 1188 1189 1252 1253 1316 1254 -1
GCP,adapt_p23-556464309101234_a157-5_81_map.h5,28.8741,10,388,378,66.443535:157.500000,1701,True,13,13,1701,0.999999,25.4692,0,0.0126679,1666 1666 1667 1702 1730 1753 1728 1729 1701 1700 1699 1665 -1
GCP,adapt_p80-40593177313954_a202-49999999999997_524_map.h5,27.6221,10,199,781,9.594069:202.500000,1072,True,44,13,934,0.97447,26.9374,0,0.0126724,1137 1071 1072 1004 936 1003 1070 1069 1002 935 934 933 -1
GCP,adapt_p70-52877936550931_a56-24999999999999_537_map.h5,25.8138,10,287,1483,19.471220:56.250000,1177,False,20,12,1239,0.999788,23.1544,0,0.0129549,1175 1175 1237 1174 1238 1301 1302 1239 1176 1240 1303 -1
GCP,adapt_p35-659087696138755_a75-0_563_map.h5,27.8814,10,478,738,54.340912:75.000000,1576,True,11,11,1619,0.999999,20.2313,0,0.0124246,1575 1575 1574 1618 1619 1658 1659 1620 1576 1577 -1
GCP,adapt_p70-52877936550931_a11-25_284_map.h5,25.8662,10,655,1513,19.471220:11.250000,1169,True,12,12,1169,0.999998,23.6217,0,0.0126379,1102 1102 1101 1232 1231 1168 1169 1103 1170 1233 1234 -1
GCP,adapt_p35-659087696138755_a224-99999999999997_328_map.h5,25.7603,10,164,1518,54.340912:225.000000,1594,False,27,12,1047,0.997504,23.3694,0,0.013446,981 981 1048 980 979 1047 1112 1046 978 1045 977 -1
GCP,adapt_p35-659087696138755_a224-99999999999997_473_map.h5,25.6002,10,191,1519,54.340912:225.000000,1594,True,48,12,1549,0.98668,23.9181,0,0.0126178,1593 1548 1498 1499 1549 1594 1550 1595 1637 1638 1596 -1
GCP,adapt_p48-18968510422141_a191-25_483_map.h5,28.8073,10,244,347,41.810314:191.250000,1494,True,23,14,1494,0.999746,28.122,0,0.0125033,1543 1543 1492 1440 1493 1494 1441 1442 1495 1544 1590 1545 1546 -1
GCP,adapt_p60-00000000000001_a135-0_535_map.h5,28.8743,10,434,344,30.000000:135.000000,1316,True,13,13,1316,0.999998,25.7645,0,0.0125043,1317 1317 1376 1254 1253 1315 1316 1375 1432 1374 1373 1314 -1
GCP,adapt_p70-52877936550931_a213-75_432_map.h5,26.8513,10,404,1164,19.471220:213.750000,1205,True,16,13,1139,0.999997,25.6805,0,0.0124905,1206 1206 1268 1205 1141 1140 1074 1073 1072 1138 1139 1204 -1
GCP,adapt_p23-556464309101234_a112-5_211_map.h5,27.8781,10,427,738,66.443535:112.500000,1697,True,11,11,1696,0.999999,21.2378,0,0.0127444,1725 1725 1724 1695 1726 1663 1662 1697 1696 1661 -1
GCP,adapt_p35-659087696138755_a105-0_104_map.h5,26.613,10,100,1139,54.340912:105.000000,1579,True,55,12,1579,0.979545,24.6737,0,0.0127981,1481 1533 1534 1580 1623 1622 1621 1579 1532 1578 1577 -1
GCP,adapt_p48-18968510422141_a348-74999999999994_517_map.h5,25.8732,10,457,1471,41.810314:348.750000,1517,True,11,11,1517,0.999999,20.8613,0,0.0125594,1466 1466 1412 1518 1465 1464 1516 1565 1517 1566 -1
GCP,adapt_p23-556464309101234_a22-5_382_map.h5,25.7874,10,259,1408,66.443535:22.500000,1689,True,24,13,1689,0.999514,24.8021,0,0.0124049,1720 1720 1719 1718 1688 1652 1613 1614 1653 1689 1690 1654 -1
GCP,adapt_p48-18968510422141_a56-24999999999999_590_map.h5,22.4455,10,84,1143,41.810314:56.250000,1475,False,736,9,1574,0.376942,21.342,0,0.0655014,1684 1527 1574 1575 1619 1576 1620 1621 -1
GCP,adapt_p11-715852394892384_a135-0_399_map.h5,27.8756,10,373,787,78.284149:135.000000,1770,True,11,11,1752,0.999999,20.9066,0,0.0131632,1771 1771 1751 1770 1752 1772 1754 1753 1729 1728 -1
GCP,adapt_p35-659087696138755_a195-0_565_map.h5,28.8547,10,265,420,54.340912:195.000000,1590,True,19,14,1670,0.999997,28.4618,0,0.0131145,1631 1631 1633 1632 1590 1589 1630 1668 1669 1703 1704 1670 1671 -1
GCP,adapt_p11-715852394892384_a225-0_477_map.h5,25.7984,10,190,1449,78.284149:225.000000,1774,True,28,13,1775,0.998959,24.9076,0,0.0133869,1787 1787 1795 1789 1788 1773 1774 1757 1758 1775 1776 1759 -1
GCP,adapt_p70-52877936550931_a258-75_562_map.h5,27.8863,10,434,674,19.471220:258.750000,1213,True,12,12,1275,0.999998,23.2573,0,0.0125383,1213 1213 1277 1214 1276 1337 1336 1275 1212 1274 1211 -1
GCP,adapt_p60-00000000000001_a247-49999999999997_567_map.h5,26.8713,10,429,1121,30.000000:247.500000,1335,True,13,13,1335,0.999999,25.7348,0,0.0124718,1274 1274 1334 1392 1333 1272 1273 1335 1393 1394 1336 1275 -1
GCP,adapt_p60-00000000000001_a0-0_23_map.h5,27.8258,10,333,766,30.000000:0.000000,1294,True,15,13,1294,0.999983,25.9714,0,0.013011,1295 1295 1293 1292 1352 1353 1411 1354 1294 1231 1232 1296 -1
GCP,adapt_p70-52877936550931_a56-24999999999999_267_map.h5,28.8339,10,193,383,19.471220:56.250000,1177,True,21,14,1110,0.999837,28.3767,0,0.0128656,1240 1240 1178 1241 1177 1111 1044 1043 1109 1175 1110 1176 1239 -1
GCP,adapt_p80-40593177313954_a90-0_498_map.h5,26.8742,10,499,1160,9.594069:90.000000,1051,True,15,13,1050,0.999997,25.5532,0,0.0126159,1051 1051 984 983 982 1050 1117 1116 1115 1049 981 1048 -1
GCP,adapt_p70-52877936550931_a33-75_145_map.h5,25.765,10,209,1485,19.471220:33.750000,1173,True,28,12,1106,0.997773,23.4327,0,0.0127634,1171 1171 1104 1038 1039 1040 1105 1172 1106 1107 1173 -1
GCP,adapt_p35-659087696138755_a255-00000000000003_462_map.h5,25.6464,10,202,1439,54.340912:255.000000,1598,True,40,12,1638,0.991554,24.0652,0,0.0133459,1598 1640 1676 1639 1597 1638 1596 1595 1637 1674 1675 -1
GCP,adapt_p80-40593177313954_a315-0_107_map.h5,27.8794,10,472,778,9.594069:315.000000,1093,True,12,12,1158,0.999999,23.366,0,0.0123734,1157 1157 1092 1091 1156 1222 1223 1158 1159 1093 1094 -1
GCP,adapt_p80-40593177313954_a135-0_332_map.h5,28.7826,10,219,360,9.594069:135.000000,1059,True,28,14,1126,0.999621,27.65,0,0.0131682,1058 1058 1124 1125 1059 992 993 1060 1126 1127 1061 1128 1062 -1
GCP,adapt_p80-40593177313954_a45-0_224_map.h5,26.8644,10,530,1066,9.594069:45.000000,1042,True,14,13,1042,0.999999,26.4292,0,0.0124034,1108 1108 974 975 1042 1041 1107 1109 1043 976 1044 1110 -1
GCP,adapt_p35-659087696138755_a255-00000000000003_305_map.h5,28.8932,10,532,391,54.340912:255.000000,1598,True,7,7,1598,0.999999,10.7393,0,0.0125597,1639 1639 1640 1599 1598 1597 -1
GCP,adapt_p35-659087696138755_a195-0_531_map.h5,27.8911,10,676,759,54.340912:195.000000,1590,True,9,9,1633,0.999999,15.4767,0,0.0127059,1632 1632 1589 1590 1591 1633 1670 1671 -1
GCP,adapt_p70-52877936550931_a11-25_587_map.h5,25.8398,10,414,1488,19.471220:11.250000,1169,True,16,13,1169,0.999975,25.8369,0,0.0129807,1102 1102 1167 1168 1231 1232 1169 1103 1104 1170 1233 1234 -1
GCP,adapt_p48-18968510422141_a303-75_576_map.h5,25.7252,10,308,1511,41.810314:303.750000,1510,True,29,12,1510,0.99789,23.3144,0,0.0126197,1560 1560 1511 1459 1510 1559 1458 1402 1457 1509 1558 -1
GCP,adapt_p60-00000000000001_a202-49999999999997_264_map.h5,24.8463,10,123,1586,30.000000:202.500000,1328,False,165,11,1229,0.752186,24.6556,0,0.015345,1563 1229 1291 1292 1230 1165 1164 1163 1228 1227 -1
GCP,adapt_p80-40593177313954_a292-5_252_map.h5,26.523,10,86,1133,9.594069:292.500000,1088,False,66,12,1214,0.914742,24.8527,0,0.0128537,1216 1215 1150 1149 1214 1277 1276 1213 1148 1080 1079 -1
GCP,adapt_p80-40593177313954_a315-0_547_map.h5,26.4777,10,119,1274,9.594069:315.000000,1093,False,72,12,1351,0.856133,25.7853,0,0.0130867,1349 1350 1408 1409 1352 1351 1290 1289 1223 1158 1159 -1
GCP,adapt_p70-52877936550931_a168-74999999999997_445_map.h5,27.8483,10,322,718,19.471220:168.750000,1197,True,18,13,1197,0.999985,25.4647,0,0.0124535,1261 1261 1199 1198 1132 1131 1197 1260 1259 1196 1130 1195 -1
GCP,adapt_p70-52877936550931_a191-25_525_map.h5,26.8609,10,384,1151,19.471220:191.250000,1201,True,14,13,1201,0.999999,25.1378,0,0.0128655,1264 1264 1265 1202 1201 1136 1135 1200 1263 1262 1199 1134 -1
GCP,adapt_p80-40593177313954_a67-5_110_map.h5,27.8502,10,430,706,9.594069:67.500000,1047,True,16,13,1046,0.999992,25.9936,0,0.0125951,980 980 1049 981 1048 1047 979 1046 1112 1045 978 977 -1
GCP,adapt_p70-52877936550931_a101-24999999999999_258_map.h5,28.8251,10,238,377,19.471220:101.250000,1185,True,23,14,1249,0.999907,27.5967,0,0.0127125,1120 1120 1119 1118 1184 1248 1185 1186 1249 1312 1250 1187 1121 -1
GCP,adapt_p23-556464309101234_a67-5_546_map.h5,26.8995,10,737,1183,66.443535:67.500000,1693,True,8,8,1722,0.999998,13.05,0,0.0122771,1692 1692 1693 1723 1748 1722 1721 -1
GCP,adapt_p23-556464309101234_a22-5_219_map.h5,27.8828,10,434,756,66.443535:22.500000,1689,True,12,12,1688,0.999999,23.1226,0,0.012942,1689 1689 1653 1652 1651 1687 1688 1720 1719 1718 1743 -1
GCP,adapt_p48-18968510422141_a281-24999999999994_310_map.h5,26.8945,10,802,1138,41.810314:281.250000,1507,True,9,9,1507,0.999999,15.5351,0,0.0122589,1454 1454 1506 1556 1507 1455 1508 1456 -1
GCP,adapt_p60-00000000000001_a337-49999999999994_161_map.h5,26.7822,10,239,1172,30.000000:337.500000,1350,True,25,13,1349,0.999485,25.5913,0,0.0126546,1227 1227 1226 1290 1351 1350 1289 1288 1349 1407 1406 1348 -1
GCP,adapt_p80-40593177313954_a90-0_98_map.h5,25.1879,10,213,1525,9.594069:90.000000,1051,True,115,12,1247,0.97479,24.4788,0,0.0136138,1051 1183 1246 1309 1368 1369 1310 1247 1184 1248 1311 -1
GCP,adapt_p35-659087696138755_a344-99999999999994_371_map.h5,26.8432,10,441,1128,54.340912:345.000000,1609,True,15,13,1609,0.999995,25.5484,0,0.0126052,1649 1649 1607 1648 1608 1564 1565 1609 1650 1610 1566 1517 -1
GCP,adapt_p60-00000000000001_a270-0_499_map.h5,27.8335,10,410,789,30.000000:270.000000,1339,True,20,14,1338,0.999982,27.6709,0,0.0123264,1395 1395 1337 1276 1277 1338 1396 1339 1278 1340 1398 1397 1453 -1
GCP,adapt_p80-40593177313954_a112-49999999999999_593_map.h5,22.972,10,73,1092,9.594069:112.500000,1055,False,656,7,1376,0.524274,22.1546,0,0.0535233,1611 1433 1376 1375 989 922 -1
GCP,adapt_p60-00000000000001_a67-5_443_map.h5,27.8681,10,416,799,30.000000:67.500000,1305,True,11,11,1305,0.999998,20.908,0,0.0126852,1306 1306 1242 1305 1365 1364 1363 1304 1241 1303 -1
GCP,adapt_p80-40593177313954_a90-0_440_map.h5,27.8536,10,412,768,9.594069:90.000000,1051,True,16,13,1118,0.999994,25.974,0,0.0132728,1051 1051 1118 1052 1053 1120 1186 1185 1119 1184 1117 1050 -1
GCP,adapt_p70-52877936550931_a56-24999999999999_366_map.h5,27.8854,10,607,708,19.471220:56.250000,1177,True,11,11,1177,0.999998,20.424,0,0.0123917,1178 1178 1241 1240 1239 1176 1110 1177 1111 1112 -1
GCP,adapt_p60-00000000000001_a337-49999999999994_250_map.h5,27.8132,10,282,756,30.000000:337.500000,1350,True,26,14,1350,0.999876,27.7602,0,0.0125474,1352 1352 1409 1408 1407 1349 1288 1289 1350 1351 1291 1290 1227 -1
GCP,adapt_p70-52877936550931_a191-25_241_map.h5,26.8189,10,245,1156,19.471220:191.250000,1201,True,24,13,1201,0.999947,25.743,0,0.0129419,1135 1135 1136 1200 1263 1201 1264 1265 1202 1137 1138 1203 -1
GCP,adapt_p23-556464309101234_a202-5_216_map.h5,26.8523,10,380,1134,66.443535:202.500000,1704,True,16,13,1704,0.999997,25.5626,0,0.0125167,1732 1732 1733 1672 1671 1705 1704 1670 1669 1703 1731 1702 -1
GCP,adapt_p80-40593177313954_a180-0_527_map.h5,26.7727,10,269,1168,9.594069:180.000000,1067,True,25,13,1001,0.999582,26.1524,0,0.0131155,999 999 1000 1067 1001 934 1068 1134 1135 1069 1002 1070 -1
GCP,adapt_p23-556464309101234_a247-49999999999997_289_map.h5,25.6857,10,137,1505,66.443535:247.500000,1708,True,47,12,1707,0.990407,23.9429,0,0.0130431,1759 1758 1734 1707 1706 1673 1674 1675 1708 1735 1736 -1
GCP,adapt_p80-40593177313954_a337-49999999999994_318_map.h5,28.8521,10,291,401,9.594069:337.500000,1097,True,17,14,1097,0.999995,27.853,0,0.0127339,1098 1098 1164 1163 1097 1030 1029 1096 1095 1161 1226 1162 1227 -1
GCP,adapt_p11-715852394892384_a135-0_71_map.h5,27.8522,10,423,733,78.284149:135.000000,1770,True,17,14,1771,0.999997,27.1581,0,0.0126681,1785 1785 1784 1769 1751 1770 1771 1786 1772 1754 1753 1752 1728 -1
GCP,adapt_p70-52877936550931_a236-25_214_map.h5,28.7031,10,177,407,19.471220:236.250000,1209,True,40,14,1210,0.996989,27.4406,0,0.0126678,1271 1271 1208 1143 1144 1209 1272 1210 1145 1146 1211 1274 1273 -1
GCP,adapt_p80-40593177313954_a45-0_122_map.h5,26.8094,10,267,1131,9.594069:45.000000,1042,True,19,13,974,0.999935,25.6158,0,0.0124407,973 973 972 1040 1041 974 906 907 975 1042 1043 976 -1
GCP,adapt_p70-52877936550931_a56-24999999999999_25_map.h5,27.8286,10,288,744,19.471220:56.250000,1177,True,21,13,1176,0.999952,25.3071,0,0.013186,1241 1241 1178 1111 1177 1240 1239 1176 1110 1109 1175 1108 -1
GCP,adapt_p60-00000000000001_a247-49999999999997_90_map.h5,24.5169,10,105,1106,30.000000:247.500000,1335,False,386,10,1271,0.731887,22.4951,0,0.027233,1632 1331 1269 1270 1332 1333 1271 1272 1209 -1
GCP,adapt_p60-00000000000001_a22-5_370_map.h5,26.6971,10,270,1134,30.000000:22.500000,1298,False,37,13,1296,0.993727,25.783,0,0.0137063,1294 1294 1295 1232 1233 1296 1354 1355 1356 1297 1357 1415 -1
GCP,adapt_p35-659087696138755_a135-0_363_map.h5,28.8964,10,584,360,54.340912:135.000000,1583,True,10,10,1583,0.999999,18.061,0,0.0124284,1538 1538 1537 1582 1583 1626 1627 1584 1585 -1
GCP,adapt_p48-18968510422141_a123-74999999999999_141_map.h5,27.8724,10,437,704,41.810314:123.750000,1484,True,13,13,1430,0.999999,25.3103,0,0.0133554,1483 1483 1429 1372 1373 1430 1431 1374 1432 1485 1484 1535 -1
GCP,adapt_p11-715852394892384_a135-0_245_map.h5,27.8714,10,382,775,78.284149:135.000000,1770,True,15,13,1752,0.999998,24.6205,0,0.0123859,1771 1771 1753 1728 1727 1752 1751 1750 1769 1770 1785 1784 -1
GCP,adapt_p70-52877936550931_a213-75_445_map.h5,26.7882,10,256,1137,19.471220:213.750000,1205,True,26,12,1205,0.997414,25.1739,0,0.0125834,1268 1205 1140 1141 1206 1139 1203 1266 1204 1267 1268 -1
GCP,adapt_p70-52877936550931_a281-24999999999994_10_map.h5,27.8433,10,406,731,19.471220:281.250000,1217,True,15,13,1152,0.999984,25.6072,0,0.0124704,1216 1216 1150 1215 1278 1279 1280 1217 1151 1152 1153 1218 -1
GCP,adapt_p48-18968510422141_a123-74999999999999_297_map.h5,27.8912,10,475,750,41.810314:123.750000,1484,True,10,10,1485,0.999999,19.4574,0,0.0125352,1536 1535 1484 1431 1432 1486 1537 1485 1536 -1
GCP,adapt_p70-52877936550931_a168-74999999999997_183_map.h5,27.8704,10,508,812,19.471220:168.750000,1197,True,11,11,1197,0.999998,20.9205,0,0.012413,1132 1132 1133 1131 1196 1259 1260 1197 1198 1261 -1
GCP,adapt_p70-52877936550931_a326-24999999999994_554_map.h5,27.8843,10,633,779,19.471220:326.250000,1225,True,10,10,1225,0.999999,18.2395,0,0.0125014,1224 1224 1223 1159 1160 1161 1226 1225 1287 -1
GCP,adapt_p11-715852394892384_a315-0_448_map.h5,27.8764,10,446,742,78.284149:315.000000,1778,True,11,11,1778,0.999999,20.4141,0,0.0124048,1762 1762 1777 1761 1778 1790 1791 1780 1779 1763 -1
GCP,adapt_p80-40593177313954_a67-5_414_map.h5,25.3063,10,135,1507,9.594069:67.500000,1047,False,98,8,1283,0.910634,25.1703,0,0.0135071,1483 1345 1284 1221 1344 1283 1220 -1
GCP,adapt_p60-00000000000001_a202-49999999999997_304_map.h5,27.8941,10,583,746,30.000000:202.500000,1328,True,10,10,1328,0.999999,17.8476,0,0.0126814,1266 1266 1265 1327 1328 1386 1387 1329 1267 -1
GCP,adapt_p23-556464309101234_a112-5_109_map.h5,27.8893,10,658,683,66.443535:112.500000,1697,True,11,11,1697,0.999999,20.171,0,0.0125189,1696 1696 1661 1662 1697 1663 1698 1727 1726 1725 -1
GCP,adapt_p80-40593177313954_a270-0_217_map.h5,27.8441,10,467,752,9.594069:270.000000,1084,True,17,13,1084,0.999961,25.5644,0,0.0127292,1016 1016 1015 1083 1149 1084 1017 1085 1151 1086 1018 1019 -1
GCP,adapt_p70-52877936550931_a236-25_439_map.h5,27.8581,10,564,716,19.471220:236.250000,1209,True,15,13,1209,0.999996,26.8059,0,0.0127456,1143 1144 1145 1210 1273 1272 1209 1208 1271 1270 1207 1143 -1
GCP,adapt_p70-52877936550931_a348-74999999999994_496_map.h5,27.8544,10,379,724,19.471220:348.750000,1229,True,15,13,1229,0.999997,25.4928,0,0.0123867,1228 1228 1164 1165 1230 1166 1167 1293 1292 1229 1291 1290 -1
GCP,adapt_p70-52877936550931_a33-75_466_map.h5,25.6692,10,160,1477,19.471220:33.750000,1173,True,37,13,1236,0.996897,25.2671,0,0.0125861,1108 1108 1107 1106 1172 1235 1299 1236 1173 1174 1237 1300 -1
GCP,adapt_p70-52877936550931_a213-75_383_map.h5,25.0938,10,121,1602,19.471220:213.750000,1205,False,135,10,1268,0.694181,23.4511,0,0.014919,1137 1267 1268 1269 1330 1492 1439 1438 1381 -1
GCP,adapt_p48-18968510422141_a303-75_102_map.h5,27.8733,10,530,748,41.810314:303.750000,1510,True,13,13,1510,0.999999,25.0375,0,0.01247,1459 1459 1458 1457 1509 1559 1510 1511 1560 1561 1512 1460 -1
GCP,adapt_p35-659087696138755_a14-999999999999998_224_map.h5,25.6491,10,218,1554,54.340912:15.000000,1568,True,45,12,1613,0.990815,24.5987,0,0.0126916,1650 1611 1567 1568 1612 1686 1651 1652 1613 1653 1614 -1
GCP,adapt_p48-18968510422141_a56-24999999999999_576_map.h5,26.7539,10,211,1158,41.810314:56.250000,1475,True,25,13,1419,0.99958,25.7612,0,0.0129126,1525 1525 1472 1418 1360 1361 1419 1473 1474 1420 1526 1475 -1
GCP,adapt_p11-715852394892384_a225-0_502_map.h5,27.8252,10,288,757,78.284149:225.000000,1774,True,21,14,1758,0.999907,27.7664,0,0.0125391,1760 1760 1737 1736 1735 1758 1774 1756 1757 1775 1759 1776 1777 -1
GCP,adapt_p60-00000000000001_a22-5_267_map.h5,25.6668,10,152,1483,30.000000:22.500000,1298,True,44,13,1233,0.984622,25.5247,0,0.0130226,1171 1171 1170 1234 1298 1357 1297 1296 1233 1232 1169 1168 -1
GCP,adapt_p70-52877936550931_a191-25_255_map.h5,27.8433,10,295,724,19.471220:191.250000,1201,True,19,13,1135,0.999974,25.8494,0,0.0125206,1200 1200 1136 1070 1137 1202 1201 1135 1069 1068 1134 1199 -1
GCP,adapt_p48-18968510422141_a146-25_214_map.h5,27.8492,10,392,753,41.810314:146.250000,1488,True,12,12,1488,0.999999,22.9224,0,0.0125563,1487 1487 1538 1488 1539 1540 1490 1489 1436 1435 1434 -1
GCP,adapt_p48-18968510422141_a303-75_280_map.h5,27.8872,10,589,698,41.810314:303.750000,1510,True,9,9,1510,0.999999,15.3912,0,0.012626,1560 1560 1511 1459 1458 1510 1559 1509 -1
GCP,adapt_p48-18968510422141_a191-25_142_map.h5,26.6747,10,295,1113,41.810314:191.250000,1494,True,32,13,1441,0.996892,25.6154,0,0.0130986,1492 1492 1440 1384 1385 1386 1443 1442 1441 1494 1493 1543 -1
GCP,adapt_p60-00000000000001_a180-0_158_map.h5,27.8695,10,545,734,30.000000:180.000000,1324,True,12,12,1324,0.999999,23.7315,0,0.012327,1383 1383 1323 1261 1262 1324 1382 1384 1326 1325 1263 -1
GCP,adapt_p70-52877936550931_a191-25_90_map.h5,27.8422,10,340,776,19.471220:191.250000,1201,True,19,14,1136,0.999933,27.7242,0,0.0125654,1069 1069 1134 1200 1263 1264 1201 1135 1136 1070 1071 1137 1202 -1
GCP,adapt_p80-40593177313954_a90-0_421_map.h5,27.8764,10,557,677,9.594069:90.000000,1051,True,13,13,1050,0.999999,25.9375,0,0.0124085,1052 1052 983 984 1051 1118 1117 1116 1050 982 1049 1115 -1
GCP,adapt_p80-40593177313954_a45-0_77_map.h5,27.8792,10,598,742,9.594069:45.000000,1042,True,12,12,1109,0.999999,22.9618,0,0.0125952,1110 1110 1044 1043 1109 1176 1175 1174 1108 1042 1041 -1
GCP,adapt_p80-40593177313954_a224-99999999999997_166_map.h5,27.823,10,280,707,9.594069:225.000000,1076,True,22,13,1076,0.999702,25.3004,0,0.0127691,1143 1143 1077 1010 1009 1008 1076 1142 1141 1075 1140 1074 -1
GCP,adapt_p60-00000000000001_a157-5_533_map.h5,26.8368,10,494,1088,30.000000:157.500000,1320,True,17,13,1321,0.999927,25.8733,0,0.0129695,1257 1257 1258 1259 1321 1322 1380 1379 1320 1256 1318 1319 -1
GCP,adapt_p70-52877936550931_a281-24999999999994_398_map.h5,27.8853,10,612,741,19.471220:281.250000,1217,True,13,13,1217,0.999999,25.5927,0,0.0124456,1152 1152 1218 1281 1219 1154 1153 1217 1280 1279 1216 1151 -1
GCP,adapt_p70-52877936550931_a236-25_353_map.h5,26.8014,10,364,1197,19.471220:236.250000,1209,True,22,13,1209,0.999698,25.1961,0,0.0134597,1144 1144 1145 1211 1274 1273 1210 1209 1272 1271 1208 1143 -1
GCP,adapt_p23-556464309101234_a247-49999999999997_162_map.h5,27.8746,10,415,757,66.443535:247.500000,1708,True,12,12,1709,0.999999,22.6553,0,0.0132176,1676 1676 1677 1710 1737 1736 1735 1708 1709 1675 1674 -1
GCP,adapt_p48-18968510422141_a78-75_400_map.h5,27.777,10,216,803,41.810314:78.750000,1478,True,27,14,1476,0.999091,27.6553,0,0.0128409,1478 1478 1424 1423 1422 1477 1529 1576 1575 1528 1476 1475 1527 -1
GCP,adapt_p35-659087696138755_a224-99999999999997_89_map.h5,27.7208,10,279,751,54.340912:225.000000,1594,True,29,14,1550,0.997627,27.5211,0,0.0130325,1594 1594 1549 1499 1446 1447 1500 1550 1595 1596 1551 1501 1552 -1
GCP,adapt_p70-52877936550931_a213-75_40_map.h5,27.8261,10,234,765,19.471220:213.750000,1205,True,21,13,1139,0.999957,25.4825,0,0.0126764,1072 1072 1073 1139 1074 1075 1141 1140 1205 1204 1138 1137 -1
GCP,adapt_p70-52877936550931_a123-74999999999999_78_map.h5,25.7904,10,95,1581,19.471220:123.750000,1189,False,25,13,1195,0.999702,25.3826,0,0.012423,1259 1259 1258 1257 1194 1193 1128 1129 1195 1196 1130 1131 -1
GCP,adapt_p48-18968510422141_a303-75_387_map.h5,28.7541,10,161,407,41.810314:303.750000,1510,True,33,14,1559,0.998942,27.5104,0,0.012777,1511 1511 1510 1509 1558 1557 1601 1602 1644 1603 1559 1560 1604 -1
GCP,adapt_p23-556464309101234_a247-49999999999997_176_map.h5,22.6027,10,148,1759,66.443535:247.500000,1708,True,393,8,1268,0.288832,21.9072,0,0.0276352,1661 1735 1708 1550 1331 1330 1268 -1
GCP,adapt_p70-52877936550931_a213-75_161_map.h5,25.7441,10,219,1446,19.471220:213.750000,1205,False,33,12,1136,0.997085,23.3659,0,0.0127562,1134 1134 1201 1200 1135 1069 1070 1136 1071 1137 1202 -1
GCP,adapt_p48-18968510422141_a56-24999999999999_412_map.h5,26.8877,10,797,1115,41.810314:56.250000,1475,True,7,7,1475,1,10.7336,0,0.013117,1474 1474 1420 1421 1475 1526 -1
GCP,adapt_p35-659087696138755_a224-99999999999997_233_map.h5,27.8902,10,499,748,54.340912:225.000000,1594,True,10,10,1636,0.999999,17.7119,0,0.0125968,1637 1637 1674 1673 1636 1635 1593 1594 1595 -1
GCP,adapt_p80-40593177313954_a315-0_171_map.h5,27.8864,10,524,705,9.594069:315.000000,1093,True,11,11,1093,0.999998,21.4416,0,0.0123767,1092 1092 1026 1094 1160 1159 1093 1025 1158 1157 -1
GCP,adapt_p48-18968510422141_a168-74999999999997_518_map.h5,27.8556,10,432,732,41.810314:168.750000,1491,True,14,13,1437,0.999999,26.5443,0,0.0131939,1438 1491 1542 1541 1540 1489 1436 1379 1380 1437 1490 1438 -1
GCP,adapt_p80-40593177313954_a157-5_481_map.h5,26.8825,10,419,1218,9.594069:157.500000,1063,True,12,12,1130,0.999999,22.9169,0,0.0132333,1064 1064 1065 1131 1130 1196 1195 1129 1063 1128 1062 -1
GCP,adapt_p70-52877936550931_a348-74999999999994_453_map.h5,27.8832,10,391,754,19.471220:348.750000,1229,True,11,11,1229,0.999998,21.07,0,0.0125758,1292 1292 1167 1293 1230 1165 1229 1291 1228 1164 -1
GCP,adapt_p11-715852394892384_a135-0_336_map.h5,25.8871,10,713,1507,78.284149:135.000000,1770,True,8,8,1752,0.999998,12.8494,0,0.0127044,1771 1771 1753 1752 1751 1770 1785 -1
GCP,adapt_p70-52877936550931_a236-25_248_map.h5,28.7607,10,327,398,19.471220:236.250000,1209,True,27,14,1145,0.999182,28.4694,0,0.013091,1080 1080 1147 1212 1211 1146 1145 1079 1210 1209 1143 1144 1078 -1
GCP,adapt_p80-40593177313954_a45-0_288_map.h5,26.6698,10,222,1145,9.594069:45.000000,1042,True,46,13,1110,0.993752,25.7628,0,0.0130682,1041 1041 1042 1108 1043 1044 1110 1111 1177 1176 1109 1175 -1
GCP,adapt_p60-00000000000001_a224-99999999999997_594_map.h5,27.8973,10,638,780,30.000000:225.000000,1331,True,10,10,1269,0.999999,18.7175,0,0.0125003,1331 1331 1332 1271 1270 1207 1268 1330 1269 -1
GCP,adapt_p80-40593177313954_a270-0_194_map.h5,27.839,10,538,746,9.594069:270.000000,1084,True,15,13,1085,0.999997,25.22,0,0.0127741,1017 1017 1018 1086 1152 1151 1085 1084 1150 1149 1083 1016 -1
GCP,adapt_p80-40593177313954_a292-5_506_map.h5,27.8864,10,534,820,9.594069:292.500000,1088,True,9,9,1088,0.999999,15.5294,0,0.0123983,1153 1153 1087 1088 1154 1155 1089 1090 -1
GCP,adapt_p35-659087696138755_a14-999999999999998_541_map.h5,24.7463,10,277,1901,54.340912:15.000000,1568,True,31,12,1569,0.994083,22.6057,0,0.012537,1614 1614 1570 1523 1470 1522 1569 1613 1612 1568 1521 -1
GCP,adapt_p23-556464309101234_a157-5_94_map.h5,28.8629,10,387,350,66.443535:157.500000,1701,True,15,14,1701,0.999998,27.6905,0,0.0128296,1629 1629 1628 1667 1666 1665 1700 1701 1729 1730 1702 1668 1630 -1
GCP,adapt_p23-556464309101234_a202-5_468_map.h5,28.6891,10,99,384,66.443535:202.500000,1704,True,47,14,1732,0.994363,27.5339,0,0.012668,1774 1774 1755 1731 1730 1702 1703 1704 1705 1733 1732 1756 1757 -1
GCP,adapt_p70-52877936550931_a258-75_589_map.h5,26.8439,10,564,1105,19.471220:258.750000,1213,True,17,12,1213,0.999981,24.5059,0,0.0129228,1148 1149 1150 1215 1277 1214 1213 1276 1275 1212 1148 -1
GCP,adapt_p80-40593177313954_a247-49999999999997_369_map.h5,28.6161,10,182,382,9.594069:247.500000,1080,False,50,14,1270,0.985534,28.5763,0,0.0127154,1142 1142 1206 1269 1332 1270 1207 1271 1208 1143 1209 1272 1273 -1
GCP,adapt_p80-40593177313954_a315-0_31_map.h5,28.8259,10,174,406,9.594069:315.000000,1093,True,21,14,1158,0.999978,28.3102,0,0.0128767,1094 1094 1159 1158 1092 1025 1093 1160 1224 1223 1222 1157 1091 -1
GCP,adapt_p35-659087696138755_a165-0_537_map.h5,25.7514,10,149,1507,54.340912:165.000000,1587,True,30,13,1586,0.9974,24.9076,0,0.0124093,1630 1630 1629 1667 1666 1628 1585 1539 1540 1586 1587 1541 -1
GCP,adapt_p48-18968510422141_a303-75_11_map.h5,27.8863,10,534,755,41.810314:303.750000,1510,True,10,10,1459,0.999999,18.84,0,0.0124421,1511 1511 1460 1459 1458 1510 1560 1559 1457 -1
GCP,adapt_p23-556464309101234_a292-5_225_map.h5,28.8814,10,485,418,66.443535:292.500000,1712,True,9,9,1712,0.999999,15.5297,0,0.0123551,1679 1679 1711 1712 1680 1713 1739 1738 -1
GCP,adapt_p70-52877936550931_a146-25_410_map.h5,26.3997,10,213,1161,19.471220:146.250000,1193,False,78,12,1322,0.889271,24.8685,0,0.013092,1325 1323 1381 1322 1260 1259 1321 1258 1320 1379 1380 -1
GCP,adapt_p80-40593177313954_a202-49999999999997_527_map.h5,27.5941,10,186,813,9.594069:202.500000,1072,True,56,13,1136,0.99419,25.6597,0,0.0126985,1004 1004 1073 1139 1138 1072 1137 1071 1070 1136 1135 1069 -1
GCP,adapt_p35-659087696138755_a165-0_402_map.h5,27.8893,10,569,765,54.340912:165.000000,1587,True,10,10,1586,0.999999,17.7095,0,0.0135013,1587 1587 1541 1540 1586 1629 1628 1585 1539 -1
GCP,adapt_p60-00000000000001_a135-0_90_map.h5,28.7721,10,221,364,30.000000:135.000000,1316,True,29,14,1254,0.999493,27.6941,0,0.0127246,1190 1190 1191 1192 1255 1318 1317 1376 1375 1316 1254 1253 1315 -1
GCP,adapt_p60-00000000000001_a0-0_132_map.h5,24.1333,10,84,1133,30.000000:0.000000,1294,False,451,9,1181,0.829644,23.5013,0,0.0318755,1703 1246 1245 1182 1181 1115 1114 1180 -1
GCP,adapt_p80-40593177313954_a90-0_111_map.h5,25.8782,10,637,1569,9.594069:90.000000,1051,True,10,10,1049,0.999999,18.3806,0,0.0126377,1116 1116 1051 1117 1050 1049 1115 1114 1048 -1
GCP,adapt_p35-659087696138755_a224-99999999999997_137_map.h5,28.8621,10,314,338,54.340912:225.000000,1594,True,15,14,1594,0.999999,27.6039,0,0.0127037,1635 1635 1636 1594 1549 1548 1593 1592 1634 1672 1673 1637 1595 -1
GCP,adapt_p11-715852394892384_a135-0_439_map.h5,27.8913,10,608,686,78.284149:135.000000,1770,True,8,8,1752,0.999999,12.8853,0,0.0125115,1753 1753 1771 1770 1751 1752 1728 -1
GCP,adapt_p35-659087696138755_a315-0_267_map.h5,25.7769,10,253,1477,54.340912:315.000000,1605,True,27,13,1605,0.99909,25.1233,0,0.0129084,1682 1682 1647 1606 1562 1561 1605 1646 1681 1645 1604 1560 -1
GCP,adapt_p60-00000000000001_a224-99999999999997_259_map.h5,27.8704,10,588,712,30.000000:225.000000,1331,True,11,11,1331,0.999999,20.686,0,0.0123407,1390 1390 1332 1389 1388 1330 1268 1269 1331 1270 -1
GCP,adapt_p80-40593177313954_a157-5_278_map.h5,26.8803,10,619,1094,9.594069:157.500000,1063,True,11,11,1064,0.999999,20.4968,0,0.0125173,996 996 995 1063 1129 1130 1064 1131 1065 997 -1
GCP,adapt_p35-659087696138755_a14-999999999999998_249_map.h5,26.6801,10,145,1101,54.340912:15.000000,1568,True,43,13,1613,0.988535,26.4163,0,0.0127238,1567 1611 1612 1568 1569 1613 1652 1651 1688 1689 1653 1614 -1
GCP,adapt_p23-556464309101234_a202-5_442_map.h5,24.9606,10,67,1119,66.443535:202.500000,1704,False,305,10,1112,0.909717,24.3261,0,0.0220299,1612 1178 1179 1113 1046 1112 1111 1045 1044 -1
GCP,adapt_p48-18968510422141_a303-75_552_map.h5,25.8785,10,746,1514,41.810314:303.750000,1510,True,9,9,1459,0.999999,16.1049,0,0.0122948,1510 1510 1459 1511 1560 1559 1458 1457 -1
GCP,adapt_p60-00000000000001_a157-5_232_map.h5,26.8543,10,493,1101,30.000000:157.500000,1320,True,15,13,1320,0.999992,26.2937,0,0.0125682,1319 1319 1258 1257 1320 1378 1377 1436 1379 1380 1321 1259 -1
GCP,adapt_p35-659087696138755_a135-0_126_map.h5,25.7862,10,403,1467,54.340912:135.000000,1583,True,18,13,1583,0.999867,25.3212,0,0.012553,1537 1537 1582 1625 1626 1583 1538 1539 1585 1584 1627 1665 -1
GCP,adapt_p70-52877936550931_a348-74999999999994_305_map.h5,26.814,10,344,1175,19.471220:348.750000,1229,True,22,13,1229,0.999741,25.367,0,0.0127674,1230 1230 1166 1165 1164 1229 1292 1291 1228 1163 1162 1227 -1
GCP,adapt_p80-40593177313954_a270-0_411_map.h5,25.3948,10,112,1533,9.594069:270.000000,1084,False,85,12,1275,0.965511,25.32,0,0.0130342,1272 1274 1336 1337 1277 1214 1148 1213 1276 1275 1212 -1
GCP,adapt_p60-00000000000001_a112-49999999999999_374_map.h5,25.8764,10,561,1492,30.000000:112.500000,1313,True,11,11,1372,0.999998,20.4873,0,0.0124302,1371 1371 1370 1312 1249 1250 1313 1372 1373 1314 -1
GCP,adapt_p70-52877936550931_a78-75_486_map.h5,25.7289,10,410,1496,19.471220:78.750000,1181,True,26,13,1114,0.999074,25.3058,0,0.0128729,1179 1179 1113 1114 1180 1243 1181 1115 1116 1182 1245 1244 -1
GCP,adapt_p70-52877936550931_a78-75_54_map.h5,26.5309,10,157,1077,19.471220:78.750000,1181,False,64,12,1051,0.865283,24.2378,0,0.0128901,1114 1115 1116 1117 1183 1184 1118 1052 1051 1050 1049 -1
GCP,adapt_p35-659087696138755_a195-0_487_map.h5,26.8083,10,239,1184,54.340912:195.000000,1590,True,20,12,1633,0.999708,23.3801,0,0.0124553,1592 1592 1546 1591 1634 1633 1670 1632 1590 1545 1589 -1
GCP,adapt_p70-52877936550931_a11-25_574_map.h5,25.8121,10,225,1469,19.471220:11.250000,1169,True,23,12,1168,0.999832,23.9208,0,0.0126887,1232 1232 1167 1101 1166 1293 1231 1168 1102 1169 1103 -1
GCP,adapt_p60-00000000000001_a112-49999999999999_466_map.h5,26.7608,10,253,1136,30.000000:112.500000,1313,True,27,13,1311,0.998531,25.4051,0,0.0129395,1247 1247 1248 1249 1250 1313 1312 1370 1311 1310 1369 1368 -1
GCP,adapt_p80-40593177313954_a337-49999999999994_206_map.h5,27.7932,10,220,781,9.594069:337.500000,1097,True,25,13,1095,0.999467,25.4701,0,0.0125595,1029 1029 1028 1096 1097 1162 1161 1095 1027 1094 1160 1159 -1
GCP,adapt_p70-52877936550931_a303-75_377_map.h5,26.866,10,670,1071,19.471220:303.750000,1221,True,11,11,1221,0.999999,20.8053,0,0.0127745,1284 1284 1220 1283 1221 1156 1157 1222 1285 1223 -1
GCP,adapt_p80-40593177313954_a0-0_309_map.h5,25.7028,10,76,382,9.594069:0.000000,1034,False,531,8,1072,0.55581,24.101,0,0.0395219,1368 1071 1072 1005 1006 939 940 -1
GCP,adapt_p35-659087696138755_a285-0_433_map.h5,25.4538,10,118,1537,54.340912:285.000000,1601,True,75,11,1602,0.917553,24.3265,0,0.0129308,1407 1405 1603 1644 1602 1558 1557 1601 1642 1643 -1
GCP,adapt_p80-40593177313954_a180-0_548_map.h5,27.861,10,505,688,9.594069:180.000000,1067,True,15,13,1068,0.999983,25.2169,0,0.0128221,1001 1001 1002 1069 1068 1134 1133 1067 1000 999 1066 1132 -1
GCP,adapt_p23-556464309101234_a292-5_557_map.h5,27.8838,10,388,744,66.443535:292.500000,1712,True,11,11,1713,0.999999,20.6551,0,0.0129542,1739 1739 1714 1740 1713 1681 1680 1679 1712 1738 -1
GCP,adapt_p48-18968510422141_a78-75_183_map.h5,27.8652,10,414,719,41.810314:78.750000,1478,True,13,13,1424,0.999999,25.8444,0,0.0126314,1477 1477 1422 1476 1528 1529 1423 1424 1425 1479 1478 1530 -1
GCP,adapt_p60-00000000000001_a337-49999999999994_28_map.h5,27.8711,10,481,717,30.000000:337.500000,1350,True,12,12,1351,0.999999,23.0541,0,0.0127227,1290 1290 1289 1349 1407 1408 1350 1351 1291 1352 1409 -1
GCP,adapt_p48-18968510422141_a78-75_321_map.h5,25.7709,10,266,1430,41.810314:78.750000,1478,True,28,12,1478,0.996983,23.5665,0,0.0129181,1476 1476 1529 1530 1478 1479 1425 1424 1477 1422 1423 -1
GCP,adapt_p80-40593177313954_a315-0_362_map.h5,27.8661,10,545,818,9.594069:315.000000,1093,True,12,12,1093,0.999999,24.8118,0,0.0126603,1159 1160 1094 1026 1025 1091 1157 1158 1092 1093 1159 -1
GCP,adapt_p11-715852394892384_a45-0_251_map.h5,26.8803,10,582,1083,78.284149:45.000000,1766,True,11,11,1747,0.999998,21.2692,0,0.0124786,1748 1748 1721 1747 1746 1766 1767 1722 1749 1768 -1
GCP,adapt_p80-40593177313954_a270-0_187_map.h5,25.8614,10,711,1556,9.594069:270.000000,1084,True,10,10,1086,0.999998,18.3882,0,0.0123787,1151 1151 1084 1150 1085 1086 1152 1153 1087 -1
GCP,adapt_p70-52877936550931_a258-75_572_map.h5,27.8021,10,496,702,19.471220:258.750000,1213,True,17,14,1213,0.999998,27.553,0,0.0127483,1149 1149 1150 1215 1214 1277 1276 1213 1148 1147 1212 1146 1211 -1
GCP,adapt_p60-00000000000001_a112-49999999999999_573_map.h5,27.8553,10,397,719,30.000000:112.500000,1313,True,14,14,1373,0.999999,27.7798,0,0.0125064,1313 1313 1312 1371 1429 1372 1314 1373 1430 1431 1432 1374 1315 -1
GCP,adapt_p35-659087696138755_a195-0_578_map.h5,25.8803,10,805,1458,54.340912:195.000000,1590,True,7,7,1590,0.999999,10.7371,0,0.0134817,1633 1633 1632 1589 1590 1591 -1
GCP,adapt_p60-00000000000001_a45-0_289_map.h5,27.8771,10,411,755,30.000000:45.000000,1301,True,11,11,1301,0.999999,20.3285,0,0.0127222,1300 1300 1237 1238 1239 1302 1361 1301 1360 1359 -1
GCP,adapt_p35-659087696138755_a14-999999999999998_1_map.h5,25.8499,10,381,1550,54.340912:15.000000,1568,True,14,12,1568,0.999984,22.8814,0,0.0129168,1520 1520 1521 1569 1613 1612 1568 1567 1611 1610 1519 -1
GCP,adapt_p48-18968510422141_a281-24999999999994_131_map.h5,27.8583,10,375,724,41.810314:281.250000,1507,True,16,13,1507,0.999995,25.7847,0,0.0124693,1556 1556 1555 1600 1506 1454 1455 1507 1557 1508 1456 1509 -1
GCP,adapt_p80-40593177313954_a45-0_151_map.h5,28.8338,10,235,385,9.594069:45.000000,1042,True,19,14,1043,0.99998,27.9251,0,0.0129878,977 977 976 1043 975 974 1042 1109 1110 1044 1045 1111 1112 -1
GCP,adapt_p80-40593177313954_a247-49999999999997_169_map.h5,27.8633,10,494,766,9.594069:247.500000,1080,True,15,13,1080,0.999996,26.4392,0,0.0124439,1146 1146 1013 1012 1080 1081 1082 1147 1211 1145 1079 1078 -1
GCP,adapt_p70-52877936550931_a213-75_306_map.h5,28.8721,10,425,371,19.471220:213.750000,1205,True,13,13,1267,0.999999,25.2139,0,0.0127184,1204 1204 1203 1266 1267 1329 1330 1268 1205 1206 1269 1207 -1
GCP,adapt_p80-40593177313954_a180-0_251_map.h5,27.8565,10,478,797,9.594069:180.000000,1067,True,16,14,1068,0.999996,27.8486,0,0.0122833,1135 1135 1134 1133 1132 1066 999 1067 1000 1068 1001 1069 1070 -1
GCP,adapt_p11-715852394892384_a315-0_268_map.h5,27.8551,10,421,715,78.284149:315.000000,1778,True,17,14,1778,0.99999,27.573,0,0.0126953,1762 1762 1777 1776 1760 1761 1778 1763 1779 1791 1790 1789 1796 -1
GCP,adapt_p48-18968510422141_a258-75_268_map.h5,27.7364,10,101,345,41.810314:258.750000,1504,False,195,13,1336,0.955117,27.2375,0,0.0159652,1148 1276 1338 1337 1395 1451 1450 1393 1335 1394 1336 1275 -1
GCP,adapt_p60-00000000000001_a157-5_233_map.h5,27.8452,10,230,743,30.000000:157.500000,1320,True,18,13,1320,0.999969,26.0514,0,0.0126532,1379 1379 1322 1380 1321 1259 1258 1320 1378 1319 1257 1318 -1
GCP,adapt_p60-00000000000001_a180-0_327_map.h5,24.0569,10,191,1463,30.000000:180.000000,1324,False,310,8,1322,0.817141,24.0781,0,0.0217032,1565 1380 1321 1259 1322 1260 1261 -1
GCP,adapt_p70-52877936550931_a123-74999999999999_283_map.h5,26.876,10,457,1111,19.471220:123.750000,1189,True,12,12,1189,0.999998,23.7963,0,0.0128261,1188 1188 1187 1251 1123 1122 1189 1252 1253 1190 1124 -1
GCP,adapt_p23-556464309101234_a247-49999999999997_142_map.h5,26.8564,10,490,1124,66.443535:247.500000,1708,True,13,13,1736,0.999999,25.7102,0,0.0124245,1709 1709 1708 1734 1758 1735 1736 1710 1737 1759 1776 1760 -1
GCP,adapt_p80-40593177313954_a90-0_449_map.h5,27.8771,10,478,731,9.594069:90.000000,1051,True,14,13,1051,0.999998,25.2845,0,0.0126747,983 983 982 1050 1051 1117 1118 1052 984 985 1053 1119 -1
GCP,adapt_p23-556464309101234_a157-5_185_map.h5,27.8522,10,363,747,66.443535:157.500000,1701,True,16,14,1699,0.999997,27.4918,0,0.0126466,1664 1664 1627 1665 1700 1666 1667 1701 1729 1728 1727 1698 1699 -1
GCP,adapt_p60-00000000000001_a112-49999999999999_66_map.h5,27.8187,10,250,758,30.000000:112.500000,1313,True,22,13,1370,0.999958,26.4406,0,0.0130716,1372 1372 1428 1427 1369 1311 1370 1371 1429 1312 1313 1314 -1
GCP,adapt_p60-00000000000001_a157-5_419_map.h5,27.8875,10,542,727,30.000000:157.500000,1320,True,10,10,1320,0.999999,18.4031,0,0.0122954,1257 1257 1319 1320 1194 1195 1258 1259 1321 -1
GCP,adapt_p60-00000000000001_a45-0_399_map.h5,25.612,10,116,1543,30.000000:45.000000,1301,True,53,12,1302,0.977275,23.9054,0,0.0127931,1363 1304 1241 1240 1303 1362 1361 1360 1301 1302 1239 -1
GCP,adapt_p35-659087696138755_a255-00000000000003_9_map.h5,25.8805,10,659,1532,54.340912:255.000000,1598,True,9,9,1598,0.999999,15.4627,0,0.0123261,1597 1597 1639 1640 1641 1599 1598 1553 -1
GCP,adapt_p60-00000000000001_a90-0_415_map.h5,27.8652,10,426,709,30.000000:90.000000,1309,True,15,13,1368,0.999994,25.3453,0,0.0125437,1310 1310 1309 1308 1367 1425 1426 1368 1369 1311 1370 1427 -1
GCP,adapt_p80-40593177313954_a180-0_253_map.h5,25.7041,10,152,1495,9.594069:180.000000,1067,True,40,12,1001,0.990432,24.717,0,0.01267,1133 1134 1135 1070 1002 1069 1001 1068 1067 999 1000 -1
GCP,adapt_p70-52877936550931_a213-75_552_map.h5,28.824,10,225,385,19.471220:213.750000,1205,True,23,14,1140,0.999973,28.3501,0,0.0128517,1204 1204 1267 1268 1205 1139 1140 1206 1269 1141 1075 1142 1207 -1
GCP,adapt_p70-52877936550931_a303-75_78_map.h5,25.8091,10,263,1484,19.471220:303.750000,1221,True,24,12,1222,0.999513,24.7152,0,0.0126335,1284 1285 1286 1223 1158 1157 1222 1221 1156 1220 1284 -1
GCP,adapt_p80-40593177313954_a0-0_236_map.h5,28.8539,10,312,418,9.594069:0.000000,1034,True,17,14,1034,0.999998,28.8528,0,0.0128851,1101 1101 1036 1035 1102 1167 1166 1034 967 1033 1100 1165 1099 -1
GCP,adapt_p48-18968510422141_a236-25_518_map.h5,25.853,10,374,1410,41.810314:236.250000,1501,True,14,13,1501,0.999998,25.1024,0,0.0128022,1449 1449 1502 1552 1551 1501 1448 1500 1550 1549 1499 1447 -1
GCP,adapt_p23-556464309101234_a112-5_450_map.h5,26.8559,10,265,1110,66.443535:112.500000,1697,True,16,13,1726,0.999997,25.3462,0,0.0129004,1727 1727 1698 1697 1662 1696 1725 1724 1750 1726 1751 1752 -1
GCP,adapt_p60-00000000000001_a90-0_598_map.h5,25.7232,10,213,1493,30.000000:90.000000,1309,True,33,13,1310,0.996048,25.5796,0,0.0125599,1368 1368 1309 1246 1184 1185 1249 1311 1248 1247 1310 1369 -1
GCP,adapt_p70-52877936550931_a258-75_462_map.h5,27.8228,10,401,731,19.471220:258.750000,1213,True,19,13,1149,0.999885,25.9072,0,0.0130075,1148 1148 1212 1147 1213 1214 1215 1149 1083 1084 1150 1151 -1
GCP,adapt_p48-18968510422141_a258-75_337_map.h5,25.7536,10,309,1370,41.810314:258.750000,1504,True,30,13,1553,0.99656,25.031,0,0.0132214,1598 1598 1597 1552 1502 1450 1451 1503 1553 1554 1504 1452 -1
GCP,adapt_p11-715852394892384_a225-0_252_map.h5,25.8735,10,803,1425,78.284149:225.000000,1774,True,10,10,1774,0.999999,17.8736,0,0.0122312,1757 1757 1756 1758 1775 1774 1773 1787 1788 -1
GCP,adapt_p35-659087696138755_a315-0_342_map.h5,25.8868,10,719,1518,54.340912:315.000000,1605,True,9,9,1605,0.999999,15.3145,0,0.0129562,1646 1646 1645 1604 1560 1561 1605 1606 -1
GCP,adapt_p35-659087696138755_a75-0_57_map.h5,26.215,10,80,1144,54.340912:75.000000,1576,True,114,12,1620,0.964425,25.3984,0,0.0137596,1526 1575 1619 1658 1576 1620 1621 1578 1577 1530 1531 -1
GCP,adapt_p70-52877936550931_a56-24999999999999_565_map.h5,25.419,10,253,1507,19.471220:56.250000,1177,False,74,10,1102,0.969275,23.4803,0,0.0137593,1240 1036 1102 1035 1101 1034 1166 1100 1165 -1
GCP,adapt_p80-40593177313954_a135-0_541_map.h5,25.64,10,201,1440,9.594069:135.000000,1059,True,46,12,1124,0.97635,24.8799,0,0.0128237,990 1058 1123 1124 1190 1191 1126 1060 1125 1059 991 -1
GCP,adapt_p60-00000000000001_a224-99999999999997_435_map.h5,27.6993,10,323,799,30.000000:225.000000,1331,True,35,13,1331,0.982492,27.1666,0,0.0125532,1389 1331 1269 1268 1330 1270 1271 1333 1391 1332 1390 1389 -1
GCP,adapt_p48-18968510422141_a78-75_170_map.h5,27.8472,10,336,745,41.810314:78.750000,1478,True,14,14,1478,0.999999,27.7107,0,0.0125793,1529 1529 1528 1476 1422 1423 1424 1477 1478 1530 1479 1425 1426 -1
GCP,adapt_p11-715852394892384_a225-0_397_map.h5,25.8083,10,264,1491,78.284149:225.000000,1774,True,23,13,1773,0.999503,24.5291,0,0.0125331,1755 1755 1754 1772 1773 1786 1787 1788 1775 1774 1756 1757 -1
GCP,adapt_p60-00000000000001_a157-5_398_map.h5,27.8622,10,502,708,30.000000:157.500000,1320,True,14,13,1379,0.999998,25.7147,0,0.0126019,1380 1380 1379 1436 1437 1322 1321 1259 1258 1320 1378 1319 -1
GCP,adapt_p60-00000000000001_a224-99999999999997_584_map.h5,25.8714,10,727,1479,30.000000:225.000000,1331,True,12,12,1331,0.999999,22.9247,0,0.0123663,1269 1269 1268 1329 1388 1330 1331 1389 1390 1332 1270 -1
GCP,adapt_p23-556464309101234_a337-5_250_map.h5,27.8783,10,483,762,66.443535:337.500000,1716,True,11,11,1716,0.999999,21.0307,0,0.0125087,1742 1742 1715 1683 1741 1716 1684 1685 1717 1743 -1
GCP,adapt_p60-00000000000001_a247-49999999999997_74_map.h5,26.8734,10,655,1075,30.000000:247.500000,1335,True,13,13,1335,0.999998,25.4656,0,0.0123403,1394 1394 1393 1392 1334 1273 1274 1335 1336 1395 1337 1275 -1
GCP,adapt_p23-556464309101234_a292-5_287_map.h5,27.8626,10,356,778,66.443535:292.500000,1712,True,13,13,1680,0.999998,24.8714,0,0.0132292,1679 1679 1643 1644 1680 1712 1711 1738 1739 1713 1681 1645 -1
GCP,adapt_p70-52877936550931_a146-25_307_map.h5,27.8745,10,547,724,19.471220:146.250000,1193,True,13,13,1128,0.999999,25.773,0,0.0123155,1127 1127 1192 1256 1193 1062 1128 1194 1257 1258 1195 1129 -1
GCP,adapt_p48-18968510422141_a146-25_64_map.h5,27.8169,10,257,727,41.810314:146.250000,1488,True,22,13,1489,0.999889,25.383,0,0.0128759,1437 1437 1436 1488 1435 1434 1487 1538 1539 1540 1489 1490 -1
GCP,adapt_p70-52877936550931_a33-75_303_map.h5,27.753,10,226,797,19.471220:33.750000,1173,True,30,13,1107,0.993374,27.6482,0,0.0128632,1172 1173 1174 1109 1108 1042 1041 1107 1039 1040 1106 1172 -1
GCP,adapt_p80-40593177313954_a157-5_344_map.h5,27.7629,10,354,809,9.594069:157.500000,1063,True,30,14,1063,0.999126,27.656,0,0.0128934,1061 1061 1062 1128 1129 1063 996 1064 1130 1131 1065 1132 1066 -1
GCP,adapt_p70-52877936550931_a11-25_125_map.h5,27.8594,10,342,759,19.471220:11.250000,1169,True,15,13,1170,0.999998,26.6126,0,0.0124533,1233 1233 1103 1169 1104 1105 1171 1170 1234 1297 1235 1172 -1
GCP,adapt_p23-556464309101234_a202-5_163_map.h5,25.8191,10,80,1090,66.443535:202.500000,1704,False,176,10,1435,0.972809,24.4629,0,0.0154754,1759 1436 1379 1378 1377 1434 1435 1488 1489 -1
GCP,adapt_p80-40593177313954_a224-99999999999997_6_map.h5,28.7753,10,232,353,9.594069:225.000000,1076,True,28,14,1077,0.999382,28.3436,0,0.0125762,1075 1075 1076 1141 1140 1207 1142 1143 1077 1078 1144 1145 1079 -1
GCP,adapt_p48-18968510422141_a33-75_492_map.h5,26.8824,10,627,1087,41.810314:33.750000,1471,True,10,10,1472,0.999999,18.5741,0,0.0123628,1471 1471 1416 1417 1418 1473 1472 1523 1524 -1
GCP,adapt_p80-40593177313954_a202-49999999999997_27_map.h5,28.8304,10,233,346,9.594069:202.500000,1072,True,18,14,1072,0.999975,28.6193,0,0.0124017,1137 1137 1138 1136 1070 1071 1004 1005 1072 1139 1073 1006 1074 -1
GCP,adapt_p23-556464309101234_a247-49999999999997_456_map.h5,27.883,10,551,786,66.443535:247.500000,1708,True,10,10,1708,0.999998,17.9707,0,0.0128361,1735 1735 1707 1674 1675 1708 1736 1709 1676 -1
GCP,adapt_p60-00000000000001_a180-0_252_map.h5,26.7433,10,192,1062,30.000000:180.000000,1324,True,32,13,1324,0.995967,25.9504,0,0.012567,1439 1439 1383 1325 1326 1384 1440 1382 1381 1323 1324 1262 -1
GCP,adapt_p48-18968510422141_a123-74999999999999_316_map.h5,26.8665,10,500,1131,41.810314:123.750000,1484,True,12,12,1431,0.999998,23.3858,0,0.0132703,1430 1430 1483 1429 1373 1431 1432 1485 1536 1484 1535 -1
GCP,adapt_p23-556464309101234_a22-5_98_map.h5,27.8825,10,484,754,66.443535:22.500000,1689,True,10,10,1718,0.999999,17.8884,0,0.0122487,1719 1719 1689 1652 1651 1687 1688 1718 1743 -1
GCP,adapt_p60-00000000000001_a247-49999999999997_493_map.h5,27.8779,10,610,774,30.000000:247.500000,1335,True,10,10,1335,0.999998,18.4969,0,0.0129238,1273 1273 1334 1274 1275 1336 1394 1335 1393 -1
GCP,adapt_p70-52877936550931_a123-74999999999999_401_map.h5,27.7893,10,255,756,19.471220:123.750000,1189,True,28,13,1123,0.99588,25.8236,0,0.0124841,1190 1190 1252 1189 1124 1057 1123 1188 1187 1121 1122 1056 -1
GCP,adapt_p70-52877936550931_a303-75_565_map.h5,25.5635,10,174,1489,19.471220:303.750000,1221,False,56,12,1217,0.971921,24.6695,0,0.0133715,1087 1152 1151 1215 1216 1279 1280 1217 1153 1218 1281 -1
GCP,adapt_p80-40593177313954_a270-0_578_map.h5,27.8831,10,477,726,9.594069:270.000000,1084,True,13,12,1085,0.999998,23.7646,0,0.0126999,1017 1017 1086 1152 1019 1018 1085 1151 1150 1084 1016 -1
GCP,adapt_p48-18968510422141_a258-75_298_map.h5,25.8226,10,327,1440,41.810314:258.750000,1504,True,20,12,1504,0.999855,23.4253,0,0.0131888,1502 1502 1552 1503 1450 1451 1553 1554 1505 1504 1452 -1
GCP,adapt_p70-52877936550931_a56-24999999999999_583_map.h5,26.8584,10,487,1063,19.471220:56.250000,1177,True,15,13,1176,0.999999,26.3484,0,0.0124337,1177 1177 1241 1178 1110 1111 1176 1240 1239 1238 1175 1109 -1
GCP,adapt_p70-52877936550931_a213-75_284_map.h5,26.8641,10,423,1129,19.471220:213.750000,1205,True,14,13,1140,0.999998,25.8066,0,0.0126564,1139 1139 1204 1205 1073 1074 1140 1206 1207 1142 1141 1075 -1
GCP,adapt_p23-556464309101234_a22-5_200_map.h5,25.5883,10,96,762,66.443535:22.500000,1689,False,396,11,1721,0.617565,24.1606,0,0.0278942,1614 1690 1720 1721 1691 1576 1529 1477 1423 1478 -1
GCP,adapt_p48-18968510422141_a78-75_546_map.h5,26.3742,10,100,1140,41.810314:78.750000,1478,False,92,12,1473,0.93989,25.4902,0,0.0135429,1362 1419 1418 1472 1525 1473 1474 1420 1526 1475 1528 -1
GCP,adapt_p48-18968510422141_a33-75_581_map.h5,26.4632,10,73,1106,41.810314:33.750000,1471,True,78,12,1523,0.979404,24.8331,0,0.0136196,1616 1524 1472 1417 1471 1523 1571 1570 1569 1522 1470 -1
GCP,adapt_p70-52877936550931_a281-24999999999994_312_map.h5,25.7554,10,186,1477,19.471220:281.250000,1217,True,25,13,1217,0.999427,25.7241,0,0.0134583,1153 1153 1219 1281 1218 1280 1217 1152 1216 1279 1278 1215 -1
GCP,adapt_p48-18968510422141_a326-24999999999994_274_map.h5,27.8671,10,381,749,41.810314:326.250000,1514,True,13,13,1462,0.999998,25.5435,0,0.0126628,1514 1514 1515 1464 1463 1407 1462 1406 1405 1461 1513 1460 -1
GCP,adapt_p11-715852394892384_a135-0_369_map.h5,28.8874,10,486,375,78.284149:135.000000,1770,True,10,10,1770,0.999998,17.6977,0,0.0124186,1751 1751 1750 1769 1770 1752 1753 1771 1785 -1
GCP,adapt_p80-40593177313954_a157-5_253_map.h5,26.7732,10,134,1098,9.594069:157.500000,1063,True,24,13,995,0.999783,26.0361,0,0.0136031,1062 1062 993 926 927 994 1061 995 928 929 996 1063 -1
GCP,adapt_p23-556464309101234_a292-5_304_map.h5,26.7039,10,116,1122,66.443535:292.500000,1712,True,29,13,1712,0.999011,25.1822,0,0.0128974,1679 1679 1711 1712 1680 1713 1740 1739 1738 1737 1760 1761 -1
GCP,adapt_p35-659087696138755_a224-99999999999997_475_map.h5,26.7337,10,208,1184,54.340912:225.000000,1594,True,34,13,1548,0.997595,24.7995,0,0.013066,1636 1636 1594 1549 1499 1498 1548 1593 1635 1592 1547 1497 -1
GCP,adapt_p48-18968510422141_a56-24999999999999_558_map.h5,25.0837,10,146,1572,41.810314:56.250000,1475,False,134,8,1422,0.630359,24.0049,0,0.0140394,1242 1476 1422 1421 1228 1164 1099 -1
GCP,adapt_p48-18968510422141_a236-25_512_map.h5,27.8592,10,329,774,41.810314:236.250000,1501,False,16,14,1447,0.999998,27.7215,0,0.0125992,1446 1446 1389 1331 1332 1390 1447 1499 1500 1448 1391 1333 1392 -1
GCP,adapt_p11-715852394892384_a225-0_69_map.h5,26.8824,10,820,1159,78.284149:225.000000,1774,True,12,12,1788,0.999999,22.3356,0,0.0123757,1787 1787 1773 1795 1796 1788 1789 1776 1775 1774 1757 -1
GCP,adapt_p60-00000000000001_a180-0_261_map.h5,25.8322,10,410,1558,30.000000:180.000000,1324,True,15,13,1263,0.999988,25.6263,0,0.0125852,1325 1325 1262 1199 1261 1323 1324 1263 1200 1201 1264 1326 -1
GCP,adapt_p80-40593177313954_a0-0_15_map.h5,26.8634,10,480,1180,9.594069:0.000000,1034,True,11,11,1035,0.999999,20.582,0,0.012415,1101 1101 1102 1036 1035 967 1034 1166 1100 1033 -1
GCP,adapt_p70-52877936550931_a123-74999999999999_514_map.h5,25.7911,10,231,1487,19.471220:123.750000,1189,True,28,13,1189,0.999327,25.5327,0,0.0126912,1251 1251 1189 1123 1122 1188 1252 1314 1315 1253 1190 1124 -1
GCP,adapt_p48-18968510422141_a213-75_60_map.h5,27.8413,10,305,810,41.810314:213.750000,1497,True,16,14,1498,0.999991,27.6593,0,0.0124947,1547 1547 1548 1498 1549 1499 1446 1445 1497 1444 1443 1496 1546 -1
GCP,adapt_p35-659087696138755_a224-99999999999997_284_map.h5,28.854,10,362,379,54.340912:225.000000,1594,True,9,9,1594,0.999998,16.0696,0,0.0128287,1593 1593 1636 1637 1595 1594 1635 1592 -1
GCP,adapt_p48-18968510422141_a78-75_0_map.h5,27.8769,10,498,746,41.810314:78.750000,1478,True,14,13,1478,0.999996,25.193,0,0.0128941,1477 1477 1423 1424 1478 1425 1479 1480 1531 1530 1529 1576 -1
GCP,adapt_p70-52877936550931_a101-24999999999999_313_map.h5,26.7625,10,253,1145,19.471220:101.250000,1185,True,30,13,1118,0.997875,25.7015,0,0.0132807,1183 1183 1118 1052 1051 1117 1184 1247 1248 1249 1185 1119 -1
GCP,adapt_p70-52877936550931_a258-75_559_map.h5,25.8804,10,714,1549,19.471220:258.750000,1213,True,12,12,1213,0.999999,23.0085,0,0.0123623,1148 1148 1149 1215 1277 1214 1213 1276 1275 1212 1147 -1
GCP,adapt_p60-00000000000001_a270-0_413_map.h5,27.8531,10,450,710,30.000000:270.000000,1339,True,17,14,1339,0.999992,27.6333,0,0.0126949,1396 1396 1338 1277 1278 1339 1397 1340 1279 1341 1399 1398 1454 -1
GCP,adapt_p70-52877936550931_a213-75_6_map.h5,25.65,10,220,1485,19.471220:213.750000,1205,True,48,12,1141,0.986311,24.8142,0,0.0128447,1078 1077 1143 1076 1075 1141 1140 1205 1206 1142 1207 -1
GCP,adapt_p60-00000000000001_a157-5_291_map.h5,28.8884,10,456,337,30.000000:157.500000,1320,True,11,11,1379,0.999999,22.8288,0,0.0124277,1320 1379 1436 1435 1378 1380 1437 1322 1321 1320 -1
GCP,adapt_p60-00000000000001_a202-49999999999997_354_map.h5,27.7086,10,250,773,30.000000:202.500000,1328,False,37,14,1445,0.995083,27.6708,0,0.0131578,1549 1549 1548 1497 1444 1443 1386 1387 1388 1445 1498 1499 1446 -1
GCP,adapt_p48-18968510422141_a326-24999999999994_271_map.h5,27.757,10,206,714,41.810314:326.250000,1514,True,34,13,1515,0.997197,25.9422,0,0.0137777,1516 1516 1564 1607 1563 1562 1514 1462 1515 1464 1463 1407 -1
GCP,adapt_p48-18968510422141_a191-25_68_map.h5,27.8734,10,349,765,41.810314:191.250000,1494,True,14,13,1442,0.999999,26.0932,0,0.0124501,1441 1441 1385 1442 1493 1440 1494 1544 1545 1495 1496 1443 -1
GCP,adapt_p23-556464309101234_a22-5_125_map.h5,27.7133,10,119,769,66.443535:22.500000,1689,True,39,14,1719,0.995789,27.2991,0,0.0134821,1688 1688 1689 1690 1720 1719 1718 1744 1745 1766 1746 1747 1721 -1
GCP,adapt_p48-18968510422141_a191-25_111_map.h5,25.555,10,199,1455,41.810314:191.250000,1494,True,65,12,1495,0.978173,24.1326,0,0.0128004,1444 1443 1442 1441 1494 1545 1495 1496 1546 1591 1592 -1
GCP,adapt_p35-659087696138755_a315-0_26_map.h5,25.8842,10,710,1539,54.340912:315.000000,1605,True,8,8,1605,0.999998,12.8879,0,0.012558,1604 1604 1645 1646 1605 1561 1560 -1
GCP,adapt_p23-556464309101234_a292-5_44_map.h5,25.8053,10,261,1461,66.443535:292.500000,1712,True,22,13,1712,0.999091,25.3105,0,0.0124589,1643 1643 1680 1679 1642 1678 1710 1711 1712 1713 1739 1738 -1
GCP,adapt_p11-715852394892384_a315-0_357_map.h5,26.0502,10,119,1134,78.284149:315.000000,1778,True,151,11,1577,0.821833,25.1235,0,0.0145522,1778 1658 1659 1621 1620 1576 1577 1530 1531 1479 -1
GCP,adapt_p70-52877936550931_a123-74999999999999_207_map.h5,27.7891,10,184,799,19.471220:123.750000,1189,True,24,13,1316,0.999576,26.1959,0,0.0127314,1190 1190 1252 1189 1315 1316 1253 1254 1191 1255 1317 1318 -1
GCP,adapt_p80-40593177313954_a270-0_175_map.h5,27.8723,10,417,700,9.594069:270.000000,1084,True,11,11,1151,0.999998,20.5958,0,0.0124971,1150 1150 1149 1084 1085 1151 1086 1152 1153 1087 -1
GCP,adapt_p35-659087696138755_a135-0_136_map.h5,26.8428,10,398,1161,54.340912:135.000000,1583,True,17,13,1583,0.999992,25.2734,0,0.0130202,1536 1536 1537 1538 1584 1627 1626 1583 1582 1535 1581 1625 -1
GCP,adapt_p70-52877936550931_a213-75_594_map.h5,27.8616,10,374,768,19.471220:213.750000,1205,True,15,13,1205,0.999996,25.8487,0,0.0132314,1140 1140 1204 1267 1266 1203 1139 1205 1268 1269 1206 1141 -1
GCP,adapt_p48-18968510422141_a123-74999999999999_567_map.h5,28.8895,10,483,402,41.810314:123.750000,1484,True,9,9,1484,0.999999,15.4293,0,0.0122687,1431 1431 1430 1484 1535 1536 1485 1432 -1
GCP,adapt_p23-556464309101234_a337-5_219_map.h5,26.8428,10,505,1143,66.443535:337.500000,1716,True,14,13,1742,0.999994,25.2792,0,0.0129465,1684 1684 1717 1685 1716 1742 1743 1764 1763 1741 1715 1683 -1
GCP,adapt_p48-18968510422141_a123-74999999999999_377_map.h5,26.8484,10,498,1089,41.810314:123.750000,1484,False,16,13,1432,0.999995,25.6976,0,0.0124357,1433 1433 1485 1486 1432 1431 1373 1374 1315 1316 1375 1376 -1
GCP,adapt_p11-715852394892384_a225-0_370_map.h5,27.808,10,430,760,78.284149:225.000000,1774,True,13,13,1757,0.999998,25.0932,0,0.0128326,1775 1775 1774 1773 1787 1788 1758 1757 1733 1732 1756 1755 -1
GCP,adapt_p35-659087696138755_a195-0_118_map.h5,25.8372,10,315,1462,54.340912:195.000000,1590,True,18,13,1632,0.999996,25.6713,0,0.0126352,1590 1590 1631 1589 1588 1630 1668 1669 1670 1632 1633 1591 -1
GCP,adapt_p11-715852394892384_a225-0_579_map.h5,28.8252,10,255,377,78.284149:225.000000,1774,True,20,14,1756,0.999975,27.1901,0,0.0125721,1731 1731 1703 1704 1732 1755 1773 1774 1775 1758 1757 1756 1733 -1
GCP,adapt_p48-18968510422141_a78-75_573_map.h5,27.8762,10,530,800,41.810314:78.750000,1478,True,12,12,1423,0.999998,23.1339,0,0.0125821,1366 1366 1365 1422 1476 1477 1423 1424 1367 1425 1478 -1
GCP,adapt_p60-00000000000001_a247-49999999999997_375_map.h5,27.8429,10,360,717,30.000000:247.500000,1335,True,16,13,1393,0.999828,25.6878,0,0.012903,1392 1392 1335 1274 1273 1334 1393 1449 1450 1394 1336 1275 -1
GCP,adapt_p60-00000000000001_a67-5_226_map.h5,27.8664,10,414,678,30.000000:67.500000,1305,True,13,13,1305,0.999998,25.6393,0,0.0123284,1242 1242 1306 1243 1244 1307 1365 1305 1364 1363 1304 1241 -1
GCP,adapt_p11-715852394892384_a45-0_405_map.h5,26.8853,10,579,1084,78.284149:45.000000,1766,True,8,8,1747,0.999999,12.9671,0,0.012474,1746 1746 1745 1766 1767 1747 1748 -1
GCP,adapt_p60-00000000000001_a202-49999999999997_393_map.h5,27.8511,10,526,746,30.000000:202.500000,1328,True,15,13,1328,0.999997,25.1755,0,0.0126678,1266 1266 1265 1264 1326 1385 1327 1328 1386 1387 1329 1267 -1
GCP,adapt_p48-18968510422141_a101-24999999999999_455_map.h5,25.8415,10,116,1072,41.810314:101.250000,1481,True,190,8,1482,0.850091,20.0307,0,0.0160711,1468 1480 1427 1481 1533 1482 1428 -1
GCP,adapt_p23-556464309101234_a112-5_44_map.h5,27.8622,10,497,747,66.443535:112.500000,1697,True,13,13,1696,0.999999,25.3759,0,0.0126385,1726 1726 1727 1698 1725 1724 1695 1660 1661 1696 1697 1662 -1
GCP,adapt_p35-659087696138755_a75-0_259_map.h5,26.8492,10,551,1086,54.340912:75.000000,1576,True,14,13,1619,0.999997,25.4239,0,0.0125886,1658 1658 1693 1657 1618 1574 1575 1619 1659 1620 1576 1577 -1
GCP,adapt_p70-52877936550931_a348-74999999999994_500_map.h5,27.8882,10,593,737,19.471220:348.750000,1229,True,9,9,1229,0.999999,16.147,0,0.012567,1291 1291 1230 1293 1292 1229 1164 1228 -1
GCP,adapt_p60-00000000000001_a315-0_201_map.h5,25.8191,10,396,1534,30.000000:315.000000,1346,True,20,13,1348,0.999874,25.5617,0,0.0126692,1288 1288 1224 1287 1348 1349 1406 1405 1347 1286 1285 1346 -1
GCP,adapt_p80-40593177313954_a112-49999999999999_484_map.h5,27.8043,10,399,766,9.594069:112.500000,1055,True,14,13,1055,0.999996,25.914,0,0.0124531,1122 1122 1121 1123 1057 989 1056 988 1055 987 1054 1120 -1
GCP,adapt_p60-00000000000001_a224-99999999999997_32_map.h5,25.641,10,191,1512,30.000000:225.000000,1331,True,46,13,1331,0.992739,25.4855,0,0.0128109,1207 1207 1269 1268 1330 1329 1388 1389 1331 1270 1332 1390 -1
GCP,adapt_p70-52877936550931_a101-24999999999999_216_map.h5,26.8631,10,407,1111,19.471220:101.250000,1185,True,12,12,1185,0.999999,23.8419,0,0.0126578,1184 1184 1119 1118 1185 1120 1187 1186 1249 1248 1247 -1
GCP,adapt_p70-52877936550931_a168-74999999999997_566_map.h5,27.7656,10,279,772,19.471220:168.750000,1197,True,27,13,1133,0.997379,25.8188,0,0.0131971,1260 1260 1197 1131 1066 1067 1133 1134 1199 1132 1198 1261 -1
GCP,adapt_p70-52877936550931_a348-74999999999994_248_map.h5,26.8246,10,282,1103,19.471220:348.750000,1229,True,18,13,1229,0.999931,26.3301,0,0.0132004,1166 1166 1034 1100 1165 1167 1230 1164 1229 1292 1291 1228 -1
GCP,adapt_p80-40593177313954_a135-0_132_map.h5,23.5521,10,178,1485,9.594069:135.000000,1059,False,352,9,1109,0.600509,23.5062,0,0.0242682,1121 1110 1043 1109 1108 1039 1105 1038 -1
GCP,adapt_p80-40593177313954_a224-99999999999997_448_map.h5,27.7771,10,291,690,9.594069:225.000000,1076,True,26,13,1141,0.999377,25.609,0,0.0127457,1205 1205 1206 1207 1143 1077 1142 1076 1075 1141 1140 1074 -1
GCP,adapt_p48-18968510422141_a123-74999999999999_3_map.h5,28.8593,10,307,359,41.810314:123.750000,1484,True,13,13,1484,0.999999,25.86,0,0.0124878,1430 1430 1485 1536 1486 1432 1431 1484 1535 1534 1483 1429 -1
GCP,adapt_p23-556464309101234_a67-5_482_map.h5,25.7057,10,51,1087,66.443535:67.500000,1693,False,191,11,1192,0.811484,24.0077,0,0.0159358,1627 1318 1256 1193 1192 1126 1191 1254 1255 1317 -1
GCP,adapt_p23-556464309101234_a112-5_284_map.h5,27.8123,10,224,770,66.443535:112.500000,1697,True,23,13,1697,0.999857,25.4826,0,0.0124861,1698 1698 1663 1662 1661 1696 1724 1695 1725 1697 1726 1727 -1
GCP,adapt_p70-52877936550931_a258-75_39_map.h5,27.8862,10,584,726,19.471220:258.750000,1213,True,12,12,1213,0.999999,23.2463,0,0.0125611,1275 1275 1274 1276 1277 1214 1149 1148 1213 1212 1147 -1
GCP,adapt_p23-556464309101234_a202-5_408_map.h5,27.8671,10,314,784,66.443535:202.500000,1704,True,15,13,1705,0.999998,25.4097,0,0.0126985,1733 1733 1756 1731 1732 1704 1670 1671 1672 1705 1706 1734 -1
GCP,adapt_p48-18968510422141_a326-24999999999994_551_map.h5,28.8884,10,486,401,41.810314:326.250000,1514,True,8,8,1462,0.999999,13.1848,0,0.0124545,1514 1514 1562 1513 1461 1462 1463 -1
GCP,adapt_p48-18968510422141_a56-24999999999999_427_map.h5,27.8649,10,511,706,41.810314:56.250000,1475,True,11,11,1420,0.999998,20.2444,0,0.0128662,1362 1362 1363 1421 1475 1420 1474 1473 1419 1361 -1
GCP,adapt_p70-52877936550931_a236-25_355_map.h5,27.7191,10,238,764,19.471220:236.250000,1209,True,34,13,1273,0.986753,25.7603,0,0.0127459,1271 1271 1334 1272 1209 1210 1273 1211 1212 1275 1274 1335 -1
GCP,adapt_p60-00000000000001_a45-0_1_map.h5,26.8813,10,482,1139,30.000000:45.000000,1301,True,11,11,1302,0.999998,21.1717,0,0.0125054,1301 1301 1300 1360 1361 1302 1238 1239 1362 1303 -1
GCP,adapt_p60-00000000000001_a90-0_32_map.h5,26.3735,10,113,1087,30.000000:90.000000,1309,False,81,12,1311,0.796092,25.3017,0,0.0132555,1427 1310 1248 1311 1370 1371 1312 1249 1250 1313 1315 -1
GCP,adapt_p48-18968510422141_a78-75_289_map.h5,26.8123,10,344,1033,41.810314:78.750000,1478,True,22,13,1424,0.999752,25.7414,0,0.0124912,1367 1367 1424 1366 1365 1422 1476 1423 1477 1478 1425 1426 -1
GCP,adapt_p60-00000000000001_a337-49999999999994_551_map.h5,27.8502,10,389,761,30.000000:337.500000,1350,True,15,13,1350,0.999998,26.8004,0,0.0125724,1407 1349 1289 1350 1407 1408 1464 1409 1351 1290 1291 1352 -1
GCP,adapt_p60-00000000000001_a90-0_233_map.h5,28.8878,10,349,357,30.000000:90.000000,1309,True,11,11,1309,0.999999,20.7904,0,0.0129821,1247 1247 1311 1248 1310 1369 1368 1309 1246 1308 -1
GCP,adapt_p70-52877936550931_a236-25_464_map.h5,28.8402,10,201,421,19.471220:236.250000,1209,True,19,13,1209,0.999992,25.141,0,0.0125706,1271 1271 1272 1273 1274 1211 1210 1145 1144 1209 1208 1143 -1
GCP,adapt_p48-18968510422141_a101-24999999999999_289_map.h5,26.8304,10,396,1142,41.810314:101.250000,1481,True,14,13,1480,0.999999,25.2454,0,0.012395,1425 1425 1426 1480 1427 1481 1532 1531 1530 1479 1478 1424 -1
GCP,adapt_p80-40593177313954_a157-5_599_map.h5,25.758,10,190,1465,9.594069:157.500000,1063,True,29,12,1063,0.994946,23.1253,0,0.0128271,1128 1128 1063 1129 1130 1064 997 996 995 1062 1061 -1
GCP,adapt_p70-52877936550931_a168-74999999999997_318_map.h5,25.8624,10,515,1435,19.471220:168.750000,1197,True,13,13,1130,0.999999,25.3753,0,0.0134057,1129 1129 1128 1062 1063 1130 1064 1065 1131 1197 1196 1195 -1
GCP,adapt_p11-715852394892384_a45-0_86_map.h5,26.7503,10,194,1182,78.284149:45.000000,1766,False,35,14,1793,0.994212,24.514,0,0.0134357,1782 1782 1781 1792 1797 1796 1795 1794 1793 1783 1784 1785 1786 -1
GCP,adapt_p70-52877936550931_a146-25_583_map.h5,27.7904,10,315,808,19.471220:146.250000,1193,True,27,14,1193,0.999588,27.4696,0,0.0124342,1191 1191 1254 1255 1192 1193 1127 1128 1194 1257 1319 1256 1318 -1
GCP,adapt_p60-00000000000001_a247-49999999999997_7_map.h5,24.8734,10,128,1526,30.000000:247.500000,1335,False,170,11,1462,0.844697,23.389,0,0.0152893,1410 1406 1407 1463 1514 1462 1461 1405 1404 1346 -1
GCP,adapt_p60-00000000000001_a45-0_598_map.h5,27.8513,10,427,732,30.000000:45.000000,1301,True,14,13,1361,0.999985,25.2335,0,0.012464,1301 1301 1238 1239 1240 1303 1362 1420 1419 1361 1302 1360 -1
GCP,adapt_p35-659087696138755_a315-0_164_map.h5,26.3492,10,105,1084,54.340912:315.000000,1605,True,103,12,1512,0.939067,26.0008,0,0.0136192,1714 1561 1511 1460 1512 1513 1562 1605 1604 1560 1559 -1
GCP,adapt_p35-659087696138755_a75-0_23_map.h5,25.5691,10,200,1467,54.340912:75.000000,1576,False,56,12,1531,0.966895,24.2015,0,0.0127542,1427 1481 1532 1533 1579 1578 1531 1530 1479 1480 1426 -1
GCP,adapt_p35-659087696138755_a14-999999999999998_80_map.h5,26.8026,10,315,1102,54.340912:15.000000,1568,True,23,13,1522,0.99999,25.7632,0,0.0131681,1523 1523 1470 1471 1522 1570 1569 1568 1521 1469 1468 1520 -1
GCP,adapt_p70-52877936550931_a303-75_270_map.h5,26.8701,10,570,1114,19.471220:303.750000,1221,True,12,12,1221,0.999998,22.8924,0,0.0127086,1284 1284 1285 1223 1222 1157 1221 1156 1155 1220 1283 -1
GCP,adapt_p23-556464309101234_a247-49999999999997_513_map.h5,27.8873,10,599,683,66.443535:247.500000,1708,True,11,11,1709,0.999999,20.2288,0,0.0125223,1710 1710 1677 1676 1675 1708 1735 1709 1736 1737 -1
GCP,adapt_p80-40593177313954_a270-0_174_map.h5,25.7692,10,397,1532,9.594069:270.000000,1084,True,22,13,1085,0.999941,25.7045,0,0.0125825,1019 1019 1087 1086 1018 1017 1085 1151 1084 1016 1083 1149 -1
GCP,adapt_p35-659087696138755_a224-99999999999997_578_map.h5,26.8453,10,431,1133,54.340912:225.000000,1594,True,17,13,1636,0.999989,25.5029,0,0.0124526,1592 1592 1548 1593 1635 1634 1672 1673 1636 1594 1637 1595 -1
GCP,adapt_p23-556464309101234_a22-5_106_map.h5,28.8606,10,313,421,66.443535:22.500000,1689,True,18,14,1689,0.999992,28.1398,0,0.0131377,1687 1687 1652 1688 1651 1612 1613 1653 1690 1689 1719 1718 1743 -1
GCP,adapt_p60-00000000000001_a270-0_391_map.h5,27.8703,10,687,724,30.000000:270.000000,1339,True,11,11,1339,0.999999,21.1166,0,0.0124807,1338 1338 1278 1277 1339 1396 1397 1398 1340 1341 -1
GCP,adapt_p35-659087696138755_a344-99999999999994_303_map.h5,27.8874,10,536,751,54.340912:345.000000,1609,True,10,10,1609,0.999999,17.8618,0,0.0123478,1649 1649 1608 1564 1565 1609 1650 1610 1566 -1
GCP,adapt_p23-556464309101234_a112-5_136_map.h5,27.8808,10,421,705,66.443535:112.500000,1697,True,11,11,1696,0.999999,20.7364,0,0.0130146,1697 1697 1661 1662 1696 1660 1695 1724 1725 1726 -1
GCP,adapt_p70-52877936550931_a236-25_413_map.h5,27.8294,10,390,748,19.471220:236.250000,1209,True,16,13,1209,0.999998,26.113,0,0.0124146,1143 1143 1207 1271 1208 1144 1209 1272 1273 1210 1145 1211 -1
GCP,adapt_p60-00000000000001_a315-0_164_map.h5,27.8813,10,545,752,30.000000:315.000000,1346,True,10,10,1404,0.999999,18.4673,0,0.0125237,1347 1347 1285 1286 1346 1345 1403 1404 1405 -1
GCP,adapt_p60-00000000000001_a135-0_467_map.h5,27.8774,10,410,754,30.000000:135.000000,1316,True,11,11,1376,0.999999,20.7282,0,0.0123672,1317 1317 1318 1377 1434 1433 1432 1375 1376 1316 -1
GCP,adapt_p80-40593177313954_a67-5_540_map.h5,25.5664,10,176,1531,9.594069:67.500000,1047,False,56,12,1143,0.991126,24.5849,0,0.0133367,1271 1208 1209 1144 1078 1077 1143 1142 1076 1207 1141 -1
GCP,adapt_p23-556464309101234_a67-5_381_map.h5,26.7797,10,306,1124,66.443535:67.500000,1693,False,31,13,1724,0.99868,25.2855,0,0.0131298,1723 1723 1694 1695 1724 1749 1725 1696 1726 1751 1750 1769 -1
GCP,adapt_p60-00000000000001_a135-0_64_map.h5,27.8694,10,534,794,30.000000:135.000000,1316,True,14,13,1375,0.999998,25.5356,0,0.0133808,1376 1376 1318 1255 1317 1254 1253 1315 1316 1375 1374 1432 -1
GCP,adapt_p80-40593177313954_a45-0_12_map.h5,27.8392,10,266,732,9.594069:45.000000,1042,True,16,13,907,0.999998,26.238,0,0.012627,906 906 907 973 1041 1042 974 908 975 1043 976 909 -1
GCP,adapt_p70-52877936550931_a33-75_589_map.h5,27.8042,10,352,724,19.471220:33.750000,1173,True,19,14,1235,0.999973,27.6804,0,0.0126073,1172 1172 1106 1173 1237 1300 1299 1236 1235 1298 1297 1234 1171 -1
GCP,adapt_p80-40593177313954_a247-49999999999997_598_map.h5,24.8648,10,110,1531,9.594069:247.500000,1080,False,158,5,1011,0.682594,22.5192,0,0.0146307,1046 1078 1011 1079 -1
GCP,adapt_p70-52877936550931_a326-24999999999994_270_map.h5,27.8914,10,613,736,19.471220:326.250000,1225,True,9,9,1225,0.999999,15.6074,0,0.0124139,1226 1226 1227 1162 1161 1160 1225 1224 -1
GCP,adapt_p35-659087696138755_a14-999999999999998_390_map.h5,26.8883,10,732,1183,54.340912:15.000000,1568,True,7,7,1568,0.999999,10.7024,0,0.0124981,1613 1613 1569 1568 1612 1652 -1
GCP,adapt_p70-52877936550931_a11-25_157_map.h5,27.848,10,431,787,19.471220:11.250000,1169,True,15,13,1169,0.999991,25.4792,0,0.0128422,1103 1103 1104 1170 1169 1102 1101 1166 1167 1168 1231 1232 -1
GCP,adapt_p60-00000000000001_a45-0_276_map.h5,27.8805,10,591,711,30.000000:45.000000,1301,True,12,12,1301,0.999998,23.1626,0,0.0123099,1238 1238 1239 1303 1362 1361 1302 1301 1237 1300 1360 -1
GCP,adapt_p80-40593177313954_a224-99999999999997_440_map.h5,25.3466,10,198,1455,9.594069:225.000000,1076,True,88,12,1080,0.936531,24.9471,0,0.0131517,1076 1078 1079 1012 1013 1080 1146 1147 1081 1014 1082 -1
GCP,adapt_p60-00000000000001_a112-49999999999999_570_map.h5,28.8131,10,271,338,30.000000:112.500000,1313,True,22,14,1371,0.999947,27.8392,0,0.0127155,1428 1428 1427 1370 1311 1371 1312 1249 1250 1313 1372 1430 1429 -1
GCP,adapt_p35-659087696138755_a105-0_69_map.h5,27.8769,10,432,776,54.340912:105.000000,1579,True,13,13,1580,0.999998,25.5809,0,0.0128872,1622 1622 1532 1533 1579 1580 1534 1581 1624 1662 1661 1623 -1
GCP,adapt_p60-00000000000001_a0-0_270_map.h5,27.8662,10,393,725,30.000000:0.000000,1294,True,14,13,1354,0.999997,25.4584,0,0.0125389,1355 1355 1296 1232 1295 1294 1231 1293 1353 1411 1354 1413 -1
GCP,adapt_p48-18968510422141_a146-25_543_map.h5,27.8208,10,140,748,41.810314:146.250000,1488,True,21,14,1487,0.999867,27.7999,0,0.0129678,1538 1538 1539 1488 1435 1487 1434 1377 1376 1433 1432 1486 1537 -1
GCP,adapt_p70-52877936550931_a213-75_473_map.h5,25.2969,10,115,1007,19.471220:213.750000,1205,False,275,11,1328,0.761534,23.6778,0,0.0197712,1068 1327 1266 1328 1386 1387 1329 1267 1268 1330 -1
GCP,adapt_p80-40593177313954_a135-0_335_map.h5,26.8392,10,432,1074,9.594069:135.000000,1059,True,16,13,1059,0.999993,26.6598,0,0.0125651,991 1059 992 991 1058 1124 1125 1126 1060 993 1061 1127 -1
GCP,adapt_p23-556464309101234_a337-5_60_map.h5,27.8804,10,557,767,66.443535:337.500000,1716,True,11,11,1717,0.999999,20.7988,0,0.012385,1685 1685 1687 1686 1717 1743 1742 1741 1716 1684 -1
GCP,adapt_p35-659087696138755_a75-0_486_map.h5,24.8532,10,152,1523,54.340912:75.000000,1576,False,172,10,917,0.802026,23.7081,0,0.0164505,1306 1424 1478 1529 1477 983 916 917 984 -1
GCP,adapt_p48-18968510422141_a326-24999999999994_431_map.h5,25.1397,10,71,1564,41.810314:326.250000,1514,True,130,11,1461,0.724049,24.6405,0,0.0141299,1647 1461 1460 1513 1514 1462 1409 1410 1352 1353 -1
GCP,adapt_p35-659087696138755_a105-0_292_map.h5,25.7522,10,221,1470,54.340912:105.000000,1579,True,30,13,1623,0.998733,25.7581,0,0.012577,1578 1578 1533 1579 1622 1660 1623 1580 1581 1624 1662 1661 -1
GCP,adapt_p60-00000000000001_a270-0_141_map.h5,27.8651,10,583,702,30.000000:270.000000,1339,True,13,13,1339,0.999999,25.6099,0,0.0126592,1396 1396 1339 1278 1340 1398 1397 1338 1277 1276 1337 1395 -1
GCP,adapt_p80-40593177313954_a22-5_127_map.h5,24.9845,10,78,1126,9.594069:22.500000,1038,True,317,8,971,0.531599,24.8338,0,0.0220129,1596 1037 970 1038 971 972 905 -1
GCP,adapt_p60-00000000000001_a180-0_143_map.h5,27.7932,10,262,748,30.000000:180.000000,1324,True,24,13,1263,0.999195,25.0288,0,0.0126024,1383 1383 1384 1326 1264 1263 1325 1324 1262 1261 1323 1382 -1
GCP,adapt_p60-00000000000001_a157-5_592_map.h5,27.8914,10,563,767,30.000000:157.500000,1320,True,8,8,1320,0.999998,13.9379,0,0.0124423,1321 1321 1258 1257 1320 1259 1322 -1
GCP,adapt_p60-00000000000001_a90-0_251_map.h5,25.6456,10,141,1501,30.000000:90.000000,1309,True,41,12,1183,0.992844,24.5674,0,0.0132494,1245 1182 1247 1310 1309 1246 1183 1117 1118 1184 1185 -1
GCP,adapt_p80-40593177313954_a0-0_31_map.h5,28.8221,10,304,339,9.594069:0.000000,1034,True,22,14,1034,0.999853,28.5179,0,0.012663,1100 1100 1166 1167 1230 1165 1033 1034 1101 1035 1102 1168 1169 -1
GCP,adapt_p35-659087696138755_a255-00000000000003_295_map.h5,27.7161,10,255,776,54.340912:255.000000,1598,True,30,14,1598,0.998648,27.5826,0,0.0127491,1641 1641 1600 1599 1554 1553 1598 1640 1639 1597 1552 1596 1551 -1
GCP,adapt_p35-659087696138755_a315-0_241_map.h5,26.8591,10,293,1148,54.340912:315.000000,1605,True,15,13,1682,0.999994,26.5166,0,0.0127172,1681 1713 1714 1681 1644 1645 1604 1605 1646 1682 1683 1647 -1
GCP,adapt_p70-52877936550931_a303-75_266_map.h5,27.8671,10,551,731,19.471220:303.750000,1221,True,13,13,1220,0.999998,25.3371,0,0.0126909,1219 1219 1282 1283 1284 1285 1222 1221 1156 1220 1155 1154 -1
GCP,adapt_p48-18968510422141_a281-24999999999994_313_map.h5,25.3966,10,144,1576,41.810314:281.250000,1507,True,82,12,1458,0.909596,24.1078,0,0.0131922,1460 1459 1511 1510 1458 1457 1509 1456 1508 1507 1455 -1
GCP,adapt_p60-00000000000001_a180-0_309_map.h5,25.6581,10,231,1428,30.000000:180.000000,1324,True,44,13,1324,0.985645,25.3627,0,0.0126693,1326 1326 1263 1325 1383 1324 1262 1261 1323 1382 1381 1322 -1
GCP,adapt_p80-40593177313954_a135-0_158_map.h5,27.8039,10,330,792,9.594069:135.000000,1059,True,25,13,1125,0.999745,25.3586,0,0.0129315,1190 1190 1254 1191 1192 1127 1126 1060 1059 1125 1124 1058 -1
GCP,adapt_p80-40593177313954_a45-0_202_map.h5,27.8655,10,621,727,9.594069:45.000000,1042,True,11,11,1042,0.999999,20.4676,0,0.0123213,1108 1108 1107 1041 1042 975 1043 1109 1110 1044 -1
GCP,adapt_p48-18968510422141_a191-25_88_map.h5,27.8231,10,271,724,41.810314:191.250000,1494,True,19,13,1494,0.999981,25.8183,0,0.0126857,1545 1545 1493 1440 1441 1494 1544 1495 1442 1443 1496 1546 -1
GCP,adapt_p35-659087696138755_a45-0_205_map.h5,28.8682,10,299,395,54.340912:45.000000,1572,True,13,13,1573,0.999999,26.8052,0,0.0126205,1616 1572 1525 1524 1571 1573 1526 1527 1574 1618 1617 1616 -1
GCP,adapt_p60-00000000000001_a90-0_478_map.h5,27.8222,10,272,723,30.000000:90.000000,1309,True,20,14,1309,0.999614,27.825,0,0.0126183,1183 1183 1182 1245 1308 1368 1369 1310 1309 1246 1247 1184 1248 -1
GCP,adapt_p60-00000000000001_a67-5_53_map.h5,27.8733,10,426,827,30.000000:67.500000,1305,True,12,12,1305,0.999999,24.2364,0,0.0124789,1304 1363 1421 1422 1364 1305 1365 1306 1243 1242 1304 -1
GCP,adapt_p70-52877936550931_a33-75_393_map.h5,26.4399,10,118,1120,19.471220:33.750000,1173,False,71,12,1299,0.985556,24.6082,0,0.0129149,1297 1298 1235 1236 1299 1358 1300 1237 1301 1360 1359 -1
GCP,adapt_p70-52877936550931_a146-25_441_map.h5,25.6161,10,241,1452,19.471220:146.250000,1193,True,50,13,1435,0.9409,25.5122,0,0.0126853,1376 1376 1255 1192 1193 1256 1318 1377 1434 1488 1435 1378 -1
GCP,adapt_p48-18968510422141_a123-74999999999999_480_map.h5,26.4259,10,163,1090,41.810314:123.750000,1484,False,84,12,1313,0.79573,24.6243,0,0.0138794,1429 1372 1312 1313 1314 1373 1374 1431 1432 1433 1486 -1
GCP,adapt_p70-52877936550931_a78-75_167_map.h5,26.8706,10,519,1033,19.471220:78.750000,1181,True,12,12,1181,0.999998,22.7629,0,0.0121635,1244 1244 1243 1180 1114 1181 1115 1116 1182 1245 1246 -1
GCP,adapt_p60-00000000000001_a292-5_156_map.h5,26.7835,10,407,1183,30.000000:292.500000,1343,True,25,13,1281,0.998199,25.019,0,0.0132814,1399 1399 1341 1280 1279 1217 1218 1281 1342 1400 1401 1343 -1
GCP,adapt_p23-556464309101234_a157-5_208_map.h5,27.854,10,343,791,66.443535:157.500000,1701,True,16,13,1701,0.999989,25.3058,0,0.0128264,1729 1729 1728 1701 1667 1629 1628 1627 1665 1666 1700 1699 -1
GCP,adapt_p48-18968510422141_a326-24999999999994_58_map.h5,26.8603,10,500,1176,41.810314:326.250000,1514,True,14,13,1514,0.999998,25.0753,0,0.0124597,1513 1513 1461 1462 1514 1562 1606 1607 1563 1564 1515 1463 -1
GCP,adapt_p11-715852394892384_a315-0_92_map.h5,25.8914,10,784,1447,78.284149:315.000000,1778,True,7,7,1762,0.999999,10.4005,0,0.0123664,1763 1763 1779 1778 1762 1761 -1
GCP,adapt_p23-556464309101234_a202-5_141_map.h5,28.84,10,184,389,66.443535:202.500000,1704,True,20,14,1704,0.999987,28.5527,0,0.0127856,1703 1703 1732 1733 1705 1706 1672 1671 1704 1670 1669 1731 1702 -1
GCP,adapt_p60-00000000000001_a135-0_416_map.h5,28.89,10,571,378,30.000000:135.000000,1316,True,10,10,1317,0.999999,18.0183,0,0.012746,1254 1254 1253 1316 1375 1376 1317 1255 1318 -1
GCP,adapt_p48-18968510422141_a33-75_102_map.h5,25.5657,10,176,1565,41.810314:33.750000,1471,False,60,12,1237,0.9903,24.264,0,0.0130977,1108 1174 1238 1301 1300 1237 1173 1236 1299 1235 1172 -1
GCP,adapt_p35-659087696138755_a135-0_486_map.h5,24.4218,10,160,1482,54.340912:135.000000,1583,False,234,10,1701,0.573289,22.8495,0,0.0177382,1327 1667 1701 1729 1728 1700 1666 1665 1626 -1
GCP,adapt_p60-00000000000001_a202-49999999999997_80_map.h5,26.8411,10,312,1128,30.000000:202.500000,1328,True,17,13,1328,0.999994,26.0455,0,0.0126304,1386 1386 1326 1385 1327 1265 1266 1328 1387 1329 1267 1330 -1
GCP,adapt_p48-18968510422141_a258-75_305_map.h5,25.8774,10,728,1471,41.810314:258.750000,1504,True,9,9,1504,0.999998,15.7342,0,0.0123665,1452 1452 1505 1554 1553 1503 1504 1451 -1
GCP,adapt_p48-18968510422141_a168-74999999999997_49_map.h5,25.9368,10,85,1174,41.810314:168.750000,1491,True,152,12,1437,0.986706,24.0831,0,0.0146528,1258 1321 1322 1381 1438 1491 1490 1437 1380 1379 1436 -1
GCP,adapt_p48-18968510422141_a191-25_228_map.h5,26.9004,10,837,1130,41.810314:191.250000,1494,True,9,9,1494,0.999999,15.9747,0,0.0123726,1493 1493 1441 1440 1494 1544 1545 1495 -1
GCP,adapt_p23-556464309101234_a112-5_10_map.h5,27.8639,10,606,741,66.443535:112.500000,1697,True,11,11,1726,0.999998,19.8903,0,0.0129019,1697 1697 1662 1661 1696 1725 1750 1751 1726 1727 -1
GCP,adapt_p48-18968510422141_a78-75_195_map.h5,25.5622,10,108,1540,41.810314:78.750000,1478,True,60,12,1426,0.988043,24.325,0,0.0135606,1577 1531 1532 1480 1427 1426 1425 1479 1530 1478 1424 -1
GCP,adapt_p48-18968510422141_a281-24999999999994_115_map.h5,25.7943,10,275,1498,41.810314:281.250000,1507,True,23,13,1455,0.99966,25.1635,0,0.0125176,1557 1557 1556 1506 1453 1454 1398 1399 1455 1507 1508 1456 -1
GCP,adapt_p70-52877936550931_a303-75_513_map.h5,26.8684,10,639,1119,19.471220:303.750000,1221,True,11,11,1221,0.999999,20.3642,0,0.0123974,1222 1222 1157 1156 1155 1220 1283 1221 1284 1285 -1
GCP,adapt_p23-556464309101234_a292-5_317_map.h5,27.888,10,538,789,66.443535:292.500000,1712,True,12,12,1713,0.999999,22.7883,0,0.0127973,1681 1681 1682 1714 1740 1713 1680 1679 1712 1739 1738 -1
GCP,adapt_p35-659087696138755_a105-0_500_map.h5,28.85,10,328,391,54.340912:105.000000,1579,True,11,11,1579,0.999998,20.2671,0,0.0127391,1623 1623 1580 1534 1533 1579 1622 1578 1532 1481 -1
GCP,adapt_p80-40593177313954_a180-0_329_map.h5,27.8272,10,367,745,9.594069:180.000000,1067,True,20,14,1068,0.999956,27.6296,0,0.0126244,1133 1133 1067 1000 1001 1068 1134 1199 1200 1135 1069 1002 1070 -1
GCP,adapt_p80-40593177313954_a157-5_493_map.h5,27.8609,10,410,780,9.594069:157.500000,1063,True,13,13,1063,0.999998,25.2186,0,0.0128896,1128 1128 1127 1061 1062 995 996 1063 1129 1130 1064 1065 -1
GCP,adapt_p80-40593177313954_a112-49999999999999_358_map.h5,27.8734,10,562,773,9.594069:112.500000,1055,True,12,12,988,0.999999,23.6513,0,0.0123554,1055 1055 986 1054 987 988 989 1056 1122 1057 1123 -1
GCP,adapt_p80-40593177313954_a135-0_523_map.h5,27.8672,10,463,746,9.594069:135.000000,1059,True,12,12,1059,0.999999,23.6209,0,0.0125495,1060 1060 1061 993 992 1059 1125 1126 1058 991 990 -1
GCP,adapt_p35-659087696138755_a224-99999999999997_62_map.h5,27.6542,10,181,786,54.340912:225.000000,1594,True,47,13,1636,0.98342,27.3795,0,0.0125892,1638 1637 1595 1674 1706 1672 1671 1634 1635 1673 1636 1594 -1
GCP,adapt_p60-00000000000001_a337-49999999999994_211_map.h5,27.8361,10,401,760,30.000000:337.500000,1350,True,19,13,1352,0.999988,25.7795,0,0.0126437,1290 1290 1352 1353 1293 1292 1291 1351 1409 1408 1350 1289 -1
GCP,adapt_p80-40593177313954_a224-99999999999997_240_map.h5,27.8713,10,552,712,9.594069:225.000000,1076,True,13,13,1076,0.999999,25.7796,0,0.0124674,1077 1077 1010 1009 1008 1076 1143 1142 1141 1075 1140 1074 -1
GCP,adapt_p60-00000000000001_a67-5_432_map.h5,26.8716,10,444,1105,30.000000:67.500000,1305,True,14,13,1305,0.999998,25.6668,0,0.0132034,1364 1364 1306 1243 1307 1366 1365 1305 1242 1241 1304 1363 -1
GCP,adapt_p23-556464309101234_a247-49999999999997_42_map.h5,25.7351,10,276,1507,66.443535:247.500000,1708,False,37,12,1775,0.999057,23.4602,0,0.012652,1772 1773 1774 1757 1758 1759 1776 1775 1789 1788 1787 -1
GCP,adapt_p80-40593177313954_a337-49999999999994_507_map.h5,26.8366,10,600,1165,9.594069:337.500000,1097,True,16,13,1163,0.999994,25.3552,0,0.0131702,1097 1097 1098 1164 1229 1228 1163 1162 1227 1226 1161 1096 -1
GCP,adapt_p60-00000000000001_a67-5_484_map.h5,25.5597,10,188,1489,30.000000:67.500000,1305,True,61,12,1305,0.914004,24.45,0,0.0131423,1425 1424 1423 1364 1305 1242 1243 1306 1365 1307 1366 -1
GCP,adapt_p48-18968510422141_a326-24999999999994_435_map.h5,24.6184,10,114,1123,41.810314:326.250000,1514,False,375,10,1278,0.502779,23.7304,0,0.0260753,1547 1331 1332 1333 1277 1215 1278 1279 1216 -1
GCP,adapt_p35-659087696138755_a344-99999999999994_413_map.h5,27.8833,10,540,731,54.340912:345.000000,1609,True,12,12,1609,0.999997,23.2142,0,0.0124704,1608 1608 1650 1649 1609 1610 1566 1517 1516 1565 1564 -1
GCP,adapt_p48-18968510422141_a281-24999999999994_174_map.h5,27.8747,10,356,777,41.810314:281.250000,1507,True,14,13,1455,0.999998,25.3025,0,0.0131265,1507 1507 1454 1398 1399 1455 1456 1400 1457 1509 1508 1557 -1
GCP,adapt_p60-00000000000001_a180-0_440_map.h5,27.8733,10,554,738,30.000000:180.000000,1324,True,12,12,1324,0.999998,23.5283,0,0.0124726,1261 1261 1324 1325 1263 1262 1382 1381 1323 1322 1260 -1
GCP,adapt_p23-556464309101234_a247-49999999999997_471_map.h5,23.8378,10,119,1541,66.443535:247.500000,1708,False,337,8,1196,0.574435,23.7594,0,0.0238248,1606 1322 1260 1197 1259 1196 1130 -1
GCP,adapt_p60-00000000000001_a337-49999999999994_372_map.h5,25.8564,10,551,1458,30.000000:337.500000,1350,True,13,12,1350,0.999998,23.4669,0,0.0124304,1409 1409 1351 1350 1349 1407 1408 1410 1352 1291 1290 -1
GCP,adapt_p60-00000000000001_a67-5_591_map.h5,25.8662,10,548,1454,30.000000:67.500000,1305,True,13,13,1364,0.999999,25.6792,0,0.0125286,1363 1363 1305 1242 1241 1304 1364 1421 1422 1423 1365 1306 -1
GCP,adapt_p80-40593177313954_a90-0_379_map.h5,25.5901,10,192,1498,9.594069:90.000000,1051,True,52,12,1051,0.993536,24.1932,0,0.0127023,918 985 1053 1052 1118 1117 1051 984 983 1050 1116 -1
GCP,adapt_p70-52877936550931_a348-74999999999994_287_map.h5,26.8662,10,407,1129,19.471220:348.750000,1229,True,13,13,1229,0.999999,26.0015,0,0.0125773,1166 1166 1167 1101 1293 1230 1165 1164 1229 1292 1291 1228 -1
GCP,adapt_p60-00000000000001_a0-0_129_map.h5,27.8792,10,477,670,30.000000:0.000000,1294,True,12,12,1294,0.999999,23.8895,0,0.0125918,1411 1411 1410 1352 1354 1295 1294 1231 1293 1353 1292 -1
GCP,adapt_p70-52877936550931_a146-25_515_map.h5,27.8554,10,378,788,19.471220:146.250000,1193,True,14,13,1193,0.999997,25.1965,0,0.0123982,1256 1256 1255 1254 1191 1126 1192 1193 1127 1128 1194 1257 -1
GCP,adapt_p35-659087696138755_a224-99999999999997_527_map.h5,26.8931,10,809,1173,54.340912:225.000000,1594,True,6,6,1636,0.999999,8.19866,0,0.0126419,1594 1594 1593 1635 1636 -1
GCP,adapt_p80-40593177313954_a247-49999999999997_401_map.h5,26.8693,10,436,1134,9.594069:247.500000,1080,True,13,13,1080,0.999999,25.826,0,0.0124748,1012 1012 1081 1147 1082 1014 1013 1080 1146 1145 1079 1011 -1
GCP,adapt_p48-18968510422141_a146-25_82_map.h5,26.7629,10,353,1122,41.810314:146.250000,1488,True,30,13,1585,0.997867,25.8725,0,0.0129139,1584 1584 1539 1488 1489 1540 1587 1541 1586 1585 1627 1628 -1
GCP,adapt_p23-556464309101234_a292-5_263_map.h5,25.7871,10,218,1507,66.443535:292.500000,1712,True,27,13,1737,0.999149,25.1947,0,0.012697,1736 1736 1710 1711 1712 1713 1739 1738 1737 1759 1760 1761 -1
GCP,adapt_p48-18968510422141_a326-24999999999994_490_map.h5,26.8199,10,364,1190,41.810314:326.250000,1514,True,22,13,1462,0.999929,25.3247,0,0.0129155,1407 1407 1349 1348 1347 1405 1461 1513 1514 1462 1406 1463 -1
GCP,adapt_p60-00000000000001_a90-0_174_map.h5,27.8741,10,435,778,30.000000:90.000000,1309,True,11,11,1368,0.999999,20.3944,0,0.0126824,1369 1369 1311 1310 1309 1368 1426 1425 1367 1308 -1
GCP,adapt_p60-00000000000001_a90-0_46_map.h5,25.7431,10,228,1565,30.000000:90.000000,1309,True,32,13,1369,0.996847,25.4163,0,0.012679,1311 1311 1371 1370 1427 1369 1310 1309 1368 1367 1425 1426 -1
GCP,adapt_p80-40593177313954_a180-0_583_map.h5,27.8294,10,553,731,9.594069:180.000000,1067,True,15,13,1068,0.999997,25.8462,0,0.0123462,1135 1135 1134 1069 1070 1002 1001 1000 1068 1133 1067 999 -1
GCP,adapt_p35-659087696138755_a14-999999999999998_446_map.h5,25.8813,10,661,1509,54.340912:15.000000,1568,True,10,10,1568,0.999999,18.3021,0,0.0125395,1520 1520 1519 1567 1521 1568 1612 1613 1569 -1
GCP,adapt_p48-18968510422141_a56-24999999999999_327_map.h5,27.8824,10,529,768,41.810314:56.250000,1475,True,11,11,1475,0.999999,20.3559,0,0.0124219,1476 1476 1528 1527 1475 1422 1421 1420 1474 1526 -1
GCP,adapt_p80-40593177313954_a180-0_591_map.h5,27.8391,10,461,735,9.594069:180.000000,1067,True,16,12,1068,0.999898,23.7041,0,0.0127231,1000 1000 1069 1135 1002 1001 1068 1134 1133 1067 1066 -1
GCP,adapt_p11-715852394892384_a315-0_190_map.h5,27.8855,10,598,733,78.284149:315.000000,1778,True,10,10,1763,0.999998,17.564,0,0.0123047,1762 1762 1761 1778 1779 1780 1764 1763 1741 -1
GCP,adapt_p48-18968510422141_a101-24999999999999_420_map.h5,26.7792,10,276,1108,41.810314:101.250000,1481,True,29,13,1427,0.998935,25.2717,0,0.0126914,1368 1368 1425 1479 1480 1426 1369 1427 1481 1428 1370 1311 -1
GCP,adapt_p70-52877936550931_a281-24999999999994_342_map.h5,22.709,10,62,1077,19.471220:281.250000,1217,False,703,8,1132,0.479638,21.0653,0,0.0594622,1552 1197 1198 1132 1066 1133 1067 -1
GCP,adapt_p48-18968510422141_a191-25_140_map.h5,27.8842,10,668,738,41.810314:191.250000,1494,True,11,11,1441,0.999999,20.1567,0,0.0125571,1440 1440 1493 1543 1544 1494 1441 1442 1495 1545 -1
GCP,adapt_p70-52877936550931_a213-75_146_map.h5,27.8698,10,437,742,19.471220:213.750000,1205,True,13,13,1205,0.999999,25.2034,0,0.0129461,1268 1268 1269 1270 1207 1141 1206 1205 1140 1139 1204 1267 -1
GCP,adapt_p48-18968510422141_a78-75_347_map.h5,27.8664,10,391,804,41.810314:78.750000,1478,True,12,12,1529,0.999998,23.1647,0,0.0123978,1478 1478 1423 1424 1477 1476 1528 1575 1576 1529 1530 -1
GCP,adapt_p70-52877936550931_a236-25_401_map.h5,27.8787,10,526,658,19.471220:236.250000,1209,True,11,11,1209,0.999999,20.9673,0,0.0130589,1210 1210 1144 1145 1209 1143 1208 1271 1272 1273 -1
GCP,adapt_p60-00000000000001_a337-49999999999994_10_map.h5,27.858,10,489,748,30.000000:337.500000,1350,True,12,12,1350,0.999999,23.0545,0,0.0128065,1290 1290 1289 1349 1407 1408 1350 1351 1291 1352 1409 -1
GCP,adapt_p60-00000000000001_a112-49999999999999_178_map.h5,27.87,10,401,764,30.000000:112.500000,1313,True,15,14,1371,0.999999,27.5694,0,0.012836,1372 1372 1429 1430 1373 1314 1313 1250 1249 1312 1371 1370 1311 -1
GCP,adapt_p60-00000000000001_a45-0_424_map.h5,25.8799,10,701,1475,30.000000:45.000000,1301,True,8,8,1301,0.999999,13.8783,0,0.0129143,1361 1361 1301 1300 1360 1302 1362 -1
GCP,adapt_p60-00000000000001_a22-5_36_map.h5,27.8022,10,235,799,30.000000:22.500000,1298,True,17,13,1234,0.999993,25.8523,0,0.0126112,1233 1233 1169 1296 1297 1234 1298 1235 1172 1171 1170 1104 -1
GCP,adapt_p60-00000000000001_a270-0_374_map.h5,25.3541,10,69,1095,30.000000:270.000000,1339,False,250,12,1450,0.917201,24.7194,0,0.0183672,1274 1394 1393 1450 1449 1501 1502 1503 1451 1395 1337 -1
GCP,adapt_p80-40593177313954_a337-49999999999994_465_map.h5,27.8875,10,581,719,9.594069:337.500000,1097,True,9,9,1096,0.999999,15.6378,0,0.0122859,1161 1161 1095 1096 1162 1163 1097 1098 -1
GCP,adapt_p70-52877936550931_a213-75_371_map.h5,26.8543,10,516,1122,19.471220:213.750000,1205,True,15,13,1269,0.999997,26.1407,0,0.0125439,1268 1268 1204 1267 1330 1205 1140 1141 1206 1269 1270 1207 -1
GCP,adapt_p60-00000000000001_a247-49999999999997_97_map.h5,24.9046,10,149,1576,30.000000:247.500000,1335,False,167,11,1149,0.815378,24.0999,0,0.015024,1448 1276 1213 1147 1081 1082 1148 1214 1149 1150 -1
GCP,adapt_p60-00000000000001_a315-0_369_map.h5,25.5168,10,164,1536,30.000000:315.000000,1346,False,61,12,1509,0.980218,24.2809,0,0.0129489,1604 1560 1559 1511 1510 1458 1457 1456 1508 1509 1558 -1
GCP,adapt_p48-18968510422141_a348-74999999999994_487_map.h5,26.7408,10,266,1140,41.810314:348.750000,1517,True,26,13,1517,0.999146,26.4537,0,0.0129972,1518 1518 1412 1410 1465 1464 1516 1564 1565 1517 1466 1566 -1
GCP,adapt_p70-52877936550931_a101-24999999999999_479_map.h5,26.8803,10,585,1097,19.471220:101.250000,1185,True,11,11,1185,0.999999,20.559,0,0.0124857,1119 1119 1120 1186 1249 1248 1247 1184 1185 1118 -1
GCP,adapt_p35-659087696138755_a224-99999999999997_262_map.h5,27.8923,10,510,759,54.340912:225.000000,1594,True,11,11,1636,0.999999,20.3155,0,0.0124587,1594 1594 1593 1635 1672 1673 1674 1637 1636 1595 -1
GCP,adapt_p35-659087696138755_a165-0_76_map.h5,26.8206,10,253,1114,54.340912:165.000000,1587,True,21,13,1629,0.999941,26.2288,0,0.0132117,1666 1666 1630 1587 1629 1586 1585 1628 1701 1667 1668 1631 -1
GCP,adapt_p23-556464309101234_a202-5_4_map.h5,25.8775,10,719,1492,66.443535:202.500000,1704,True,10,10,1704,0.999998,18.1788,0,0.0122631,1732 1732 1703 1731 1704 1670 1671 1705 1733 -1
GCP,adapt_p11-715852394892384_a315-0_263_map.h5,25.644,10,268,1446,78.284149:315.000000,1778,False,42,13,1776,0.99115,25.0168,0,0.0128111,1734 1734 1757 1735 1758 1759 1760 1777 1776 1775 1789 1788 -1
GCP,adapt_p11-715852394892384_a45-0_593_map.h5,27.8805,10,519,827,78.284149:45.000000,1766,True,10,10,1766,0.999999,17.95,0,0.0122801,1747 1747 1768 1748 1767 1783 1782 1766 1746 -1
GCP,adapt_p70-52877936550931_a326-24999999999994_8_map.h5,27.6487,10,224,777,19.471220:326.250000,1225,True,49,13,1226,0.989716,26.9193,0,0.0131549,1291 1228 1290 1227 1289 1288 1287 1286 1224 1225 1226 1161 -1
GCP,adapt_p80-40593177313954_a180-0_459_map.h5,25.6061,10,93,1123,9.594069:180.000000,1067,False,218,11,1207,0.797705,25.4492,0,0.0164711,1599 1270 1207 1206 1205 1140 1141 1142 1143 1208 -1
GCP,adapt_p48-18968510422141_a146-25_344_map.h5,27.8711,10,507,742,41.810314:146.250000,1488,True,14,14,1487,0.999999,27.3828,0,0.012673,1538 1538 1539 1540 1489 1436 1435 1488 1487 1434 1433 1486 1537 -1
GCP,adapt_p23-556464309101234_a247-49999999999997_587_map.h5,28.1236,10,95,388,66.443535:247.500000,1708,True,131,13,1708,0.936823,26.9086,0,0.014193,1640 1676 1709 1710 1736 1759 1735 1707 1674 1708 1675 1638 -1
GCP,adapt_p35-659087696138755_a14-999999999999998_296_map.h5,25.6383,10,199,1469,54.340912:15.000000,1568,False,48,12,1611,0.968783,24.1792,0,0.0125414,1613 1612 1567 1610 1611 1650 1649 1685 1686 1651 1687 -1
GCP,adapt_p70-52877936550931_a191-25_374_map.h5,27.7711,10,216,755,19.471220:191.250000,1201,True,31,14,1264,0.999248,27.5575,0,0.0126583,1325 1325 1263 1200 1135 1136 1201 1264 1326 1265 1202 1137 1203 -1
GCP,adapt_p80-40593177313954_a337-49999999999994_373_map.h5,27.8871,10,649,770,9.594069:337.500000,1097,True,9,9,1097,0.999998,15.6849,0,0.0126562,1098 1098 1163 1162 1096 1029 1097 1030 -1
GCP,adapt_p80-40593177313954_a270-0_310_map.h5,27.7971,10,648,679,9.594069:270.000000,1084,True,12,12,1151,0.999999,23.4784,0,0.012689,1084 1084 1083 1149 1085 1086 1152 1216 1151 1150 1215 -1
GCP,adapt_p70-52877936550931_a281-24999999999994_340_map.h5,27.8561,10,584,714,19.471220:281.250000,1217,True,13,13,1217,0.999998,25.4111,0,0.0126764,1152 1152 1151 1150 1215 1278 1279 1216 1217 1153 1218 1280 -1
GCP,adapt_p60-00000000000001_a0-0_520_map.h5,27.8763,10,461,760,30.000000:0.000000,1294,True,12,12,1294,0.999999,23.8775,0,0.0125214,1231 1231 1296 1355 1354 1295 1232 1294 1293 1353 1411 -1
GCP,adapt_p23-556464309101234_a157-5_523_map.h5,27.8722,10,418,773,66.443535:157.500000,1701,True,13,13,1729,0.999998,25.686,0,0.0126072,1700 1700 1667 1666 1701 1702 1730 1754 1753 1752 1729 1728 -1
GCP,adapt_p80-40593177313954_a315-0_495_map.h5,25.3379,10,134,1451,9.594069:315.000000,1093,True,101,12,1223,0.964383,24.985,0,0.0138768,1283 1222 1285 1223 1158 1093 1159 1160 1224 1287 1286 -1
GCP,adapt_p48-18968510422141_a326-24999999999994_376_map.h5,28.8936,10,459,382,41.810314:326.250000,1514,True,9,9,1513,0.999999,15.3668,0,0.01223,1461 1461 1462 1514 1563 1562 1513 1512 -1
GCP,adapt_p60-00000000000001_a22-5_469_map.h5,27.7928,10,133,712,30.000000:22.500000,1298,True,25,13,1297,0.999156,25.7373,0,0.0130027,1357 1357 1298 1235 1171 1170 1232 1296 1233 1234 1297 1356 -1
GCP,adapt_p11-715852394892384_a45-0_121_map.h5,25.8775,10,704,1484,78.284149:45.000000,1766,True,7,7,1766,0.999999,10.4965,0,0.0122535,1747 1747 1748 1767 1766 1746 -1
GCP,adapt_p23-556464309101234_a202-5_110_map.h5,26.3072,10,121,1062,66.443535:202.500000,1704,False,105,12,1672,0.885893,23.8879,0,0.0136137,1707 1673 1636 1594 1593 1635 1672 1706 1705 1671 1634 -1
GCP,adapt_p70-52877936550931_a348-74999999999994_308_map.h5,27.8872,10,653,727,19.471220:348.750000,1229,True,10,10,1229,0.999998,18.1487,0,0.0125914,1228 1228 1164 1165 1230 1293 1292 1229 1291 -1
GCP,adapt_p70-52877936550931_a348-74999999999994_182_map.h5,27.8881,10,536,773,19.471220:348.750000,1229,True,10,10,1229,0.999999,18.5912,0,0.0126612,1292 1292 1293 1230 1291 1290 1227 1228 1229 -1
GCP,adapt_p80-40593177313954_a292-5_221_map.h5,27.8768,10,573,755,9.594069:292.500000,1088,True,12,12,1088,0.999999,23.6105,0,0.0130964,1154 1154 1218 1153 1219 1155 1090 1089 1021 1088 1087 -1
GCP,adapt_p35-659087696138755_a285-0_109_map.h5,26.8569,10,540,1112,54.340912:285.000000,1601,True,13,13,1642,0.999998,26.1892,0,0.0128404,1641 1641 1600 1601 1602 1643 1680 1679 1678 1642 1599 1677 -1
GCP,adapt_p70-52877936550931_a101-24999999999999_519_map.h5,28.8878,10,394,394,19.471220:101.250000,1185,True,12,12,1185,0.999999,23.0021,0,0.0129844,1120 1120 1187 1121 1186 1249 1248 1185 1119 1118 1184 -1
GCP,adapt_p48-18968510422141_a303-75_453_map.h5,27.8642,10,425,804,41.810314:303.750000,1510,True,15,14,1458,0.999999,27.5479,0,0.0125822,1509 1509 1559 1558 1508 1456 1457 1401 1402 1458 1510 1511 1459 -1
GCP,adapt_p80-40593177313954_a0-0_445_map.h5,25.4827,10,98,1138,9.594069:0.000000,1034,False,229,11,1078,0.700852,23.7276,0,0.016801,1329 1075 1076 1009 1077 1143 1078 1079 1080 1081 -1
GCP,adapt_p60-00000000000001_a337-49999999999994_124_map.h5,28.9023,10,567,380,30.000000:337.500000,1350,True,9,9,1351,0.999999,16.374,0,0.0124738,1350 1350 1409 1351 1289 1290 1291 1352 -1
GCP,adapt_p80-40593177313954_a135-0_75_map.h5,26.8561,10,461,1113,9.594069:135.000000,1059,True,16,13,1060,0.999998,25.4004,0,0.0126436,1126 1126 1127 1128 1062 1061 993 1060 992 1059 991 1058 -1
GCP,adapt_p70-52877936550931_a56-24999999999999_223_map.h5,25.7431,10,183,1487,19.471220:56.250000,1177,True,31,12,1175,0.994171,23.438,0,0.0127221,1109 1109 1174 1237 1238 1175 1110 1176 1239 1240 1177 -1
GCP,adapt_p48-18968510422141_a236-25_321_map.h5,27.8868,10,412,778,41.810314:236.250000,1501,True,11,11,1500,0.999999,20.4645,0,0.0129475,1448 1448 1449 1501 1551 1550 1500 1549 1499 1447 -1
GCP,adapt_p70-52877936550931_a258-75_20_map.h5,25.1238,10,132,1522,19.471220:258.750000,1213,False,125,10,1063,0.95077,24.8108,0,0.0139923,1698 1130 1065 997 1064 996 1063 995 1062 -1
GCP,adapt_p23-556464309101234_a202-5_166_map.h5,27.8714,10,512,709,66.443535:202.500000,1704,True,13,13,1705,0.999999,25.5351,0,0.0123348,1672 1672 1671 1634 1635 1706 1733 1732 1705 1704 1670 1633 -1
GCP,adapt_p70-52877936550931_a101-24999999999999_190_map.h5,26.8313,10,448,1154,19.471220:101.250000,1185,True,15,13,1186,0.999992,25.5453,0,0.0125081,1250 1250 1251 1312 1249 1248 1185 1119 1120 1186 1187 1121 -1
GCP,adapt_p60-00000000000001_a90-0_56_map.h5,25.8819,10,641,1568,30.000000:90.000000,1309,True,12,12,1309,0.999999,23.4482,0,0.012944,1368 1368 1308 1245 1307 1367 1309 1246 1247 1310 1369 -1
GCP,adapt_p80-40593177313954_a0-0_43_map.h5,27.8762,10,384,725,9.594069:0.000000,1034,True,15,13,1034,0.999997,26.9767,0,0.0126208,1033 1034 1166 1165 1100 1032 1033 967 968 1035 1101 1102 -1
GCP,adapt_p80-40593177313954_a202-49999999999997_32_map.h5,27.8524,10,411,768,9.594069:202.500000,1072,True,15,13,1071,0.999998,25.5119,0,0.0123914,1136 1136 1137 1138 1072 1004 1071 1070 1135 1069 1002 1003 -1
GCP,adapt_p60-00000000000001_a22-5_360_map.h5,26.7971,10,210,1170,30.000000:22.500000,1298,True,23,13,1235,0.999834,25.8132,0,0.0127027,1171 1171 1172 1234 1233 1297 1298 1235 1299 1236 1237 1300 -1
GCP,adapt_p70-52877936550931_a168-74999999999997_104_map.h5,27.8944,10,605,733,19.471220:168.750000,1197,True,9,9,1197,0.999998,16.1425,0,0.0123299,1260 1260 1259 1196 1261 1198 1197 1131 -1
GCP,adapt_p35-659087696138755_a344-99999999999994_408_map.h5,27.876,10,457,659,54.340912:345.000000,1609,True,14,13,1609,0.999999,25.64,0,0.0128154,1608 1608 1650 1609 1649 1685 1686 1611 1610 1566 1565 1564 -1
GCP,adapt_p11-715852394892384_a225-0_90_map.h5,26.8624,10,394,1154,78.284149:225.000000,1774,True,13,13,1775,0.999999,25.2156,0,0.0123626,1788 1788 1773 1787 1774 1756 1757 1758 1775 1789 1776 1759 -1
GCP,adapt_p70-52877936550931_a146-25_326_map.h5,26.8123,10,197,1206,19.471220:146.250000,1193,True,23,13,1192,0.999926,25.175,0,0.0125099,1254 1254 1191 1190 1125 1126 1192 1255 1256 1193 1127 1128 -1
GCP,adapt_p70-52877936550931_a56-24999999999999_513_map.h5,25.7243,10,191,1485,19.471220:56.250000,1177,True,36,13,1303,0.994605,25.1874,0,0.0125225,1305 1305 1242 1241 1178 1177 1240 1303 1302 1362 1363 1304 -1
GCP,adapt_p35-659087696138755_a105-0_19_map.h5,27.9043,10,653,725,54.340912:105.000000,1579,True,7,7,1579,1,11.1117,0,0.0124581,1622 1622 1580 1623 1579 1578 -1
GCP,adapt_p70-52877936550931_a123-74999999999999_138_map.h5,26.5765,10,138,1069,19.471220:123.750000,1189,False,54,11,1246,0.976064,25.1606,0,0.0132697,1373 1315 1309 1246 1183 1308 1307 1244 1245 1182 -1
GCP,adapt_p80-40593177313954_a224-99999999999997_182_map.h5,27.8151,10,361,747,9.594069:225.000000,1076,True,22,13,1075,0.999481,25.7819,0,0.0126843,1008 1008 1077 1009 1076 1075 1141 1140 1074 1007 1006 1073 -1
GCP,adapt_p60-00000000000001_a90-0_497_map.h5,28.4457,10,94,357,30.000000:90.000000,1309,False,86,13,1426,0.896532,27.479,0,0.0130464,1428 1427 1481 1311 1310 1369 1426 1368 1367 1425 1479 1480 -1
GCP,adapt_p48-18968510422141_a191-25_520_map.h5,27.8892,10,533,708,41.810314:191.250000,1494,True,9,9,1441,0.999998,15.9665,0,0.0125731,1442 1442 1384 1441 1495 1494 1493 1440 -1
GCP,adapt_p48-18968510422141_a326-24999999999994_141_map.h5,27.8915,10,615,725,41.810314:326.250000,1514,True,7,7,1462,0.999999,10.5991,0,0.0122655,1461 1461 1513 1514 1462 1463 -1
GCP,adapt_p35-659087696138755_a344-99999999999994_311_map.h5,25.8641,10,718,1457,54.340912:345.000000,1609,True,8,8,1609,0.999998,13.2212,0,0.0136717,1649 1649 1650 1610 1609 1565 1608 -1
GCP,adapt_p70-52877936550931_a146-25_120_map.h5,28.8644,10,315,327,19.471220:146.250000,1193,True,15,13,1193,0.999998,26.1506,0,0.0124082,1255 1255 1191 1254 1318 1319 1257 1194 1256 1193 1192 1127 -1
GCP,adapt_p48-18968510422141_a168-74999999999997_43_map.h5,26.8312,10,475,1091,41.810314:168.750000,1491,True,15,13,1490,0.999999,25.8439,0,0.0125291,1436 1436 1380 1437 1438 1490 1491 1542 1541 1540 1489 1435 -1
GCP,adapt_p35-659087696138755_a105-0_366_map.h5,28.8044,10,222,374,54.340912:105.000000,1579,True,26,14,1623,0.99976,27.6587,0,0.0124082,1624 1624 1662 1661 1660 1622 1579 1533 1534 1580 1623 1581 1535 -1
GCP,adapt_p48-18968510422141_a33-75_22_map.h5,27.874,10,384,771,41.810314:33.750000,1471,True,10,10,1417,0.999999,18.4102,0,0.0128204,1416 1416 1359 1358 1417 1418 1472 1471 1470 -1
GCP,adapt_p70-52877936550931_a348-74999999999994_585_map.h5,25.8794,10,725,1520,19.471220:348.750000,1229,True,9,9,1229,0.999999,15.6837,0,0.0123998,1165 1165 1166 1230 1229 1164 1228 1163 -1
GCP,adapt_p23-556464309101234_a202-5_138_map.h5,27.8593,10,474,770,66.443535:202.500000,1704,True,10,10,1704,0.999999,18.1887,0,0.0124841,1705 1705 1670 1671 1704 1703 1731 1732 1733 -1
GCP,adapt_p70-52877936550931_a281-24999999999994_117_map.h5,27.8575,10,388,780,19.471220:281.250000,1217,True,15,13,1216,0.999995,25.2725,0,0.0123399,1217 1217 1152 1151 1216 1279 1215 1150 1149 1214 1277 1278 -1
GCP,adapt_p60-00000000000001_a112-49999999999999_70_map.h5,26.6029,10,108,1134,30.000000:112.500000,1313,False,56,12,1186,0.992702,24.5067,0,0.0129442,1247 1184 1118 1119 1185 1248 1186 1120 1187 1250 1249 -1
GCP,adapt_p70-52877936550931_a258-75_365_map.h5,27.851,10,441,735,19.471220:258.750000,1213,True,17,13,1214,0.999964,25.2573,0,0.0127466,1215 1215 1216 1150 1149 1214 1277 1276 1213 1148 1147 1212 -1
GCP,adapt_p80-40593177313954_a22-5_557_map.h5,25.6684,10,142,1513,9.594069:22.500000,1038,False,46,12,1174,0.997389,24.6497,0,0.0133887,1236 1173 1107 1106 1172 1237 1238 1175 1109 1108 1174 -1
GCP,adapt_p80-40593177313954_a270-0_472_map.h5,23.5249,10,73,1569,9.594069:270.000000,1084,False,410,8,1599,0.625807,22.9732,0,0.0285787,1063 1598 1599 1600 1641 1642 1678 -1
GCP,adapt_p70-52877936550931_a213-75_562_map.h5,26.7349,10,299,1078,19.471220:213.750000,1205,True,33,13,1141,0.995065,26.1851,0,0.0128814,1207 1207 1206 1143 1077 1142 1076 1141 1075 1074 1140 1205 -1
GCP,adapt_p60-00000000000001_a45-0_306_map.h5,28.8934,10,553,373,30.000000:45.000000,1301,True,10,10,1302,0.999999,18.1963,0,0.0123559,1239 1239 1301 1238 1302 1361 1362 1303 1240 -1
GCP,adapt_p48-18968510422141_a56-24999999999999_157_map.h5,27.8715,10,513,737,41.810314:56.250000,1475,True,11,11,1420,0.999998,21.0387,0,0.0132306,1474 1474 1421 1363 1475 1420 1362 1361 1419 1473 -1
GCP,adapt_p80-40593177313954_a315-0_360_map.h5,25.822,10,284,1402,9.594069:315.000000,1093,True,22,13,1092,0.999977,25.5254,0,0.0127842,1159 1159 1223 1158 1093 1094 1026 1025 1092 1024 1091 1157 -1
GCP,adapt_p60-00000000000001_a22-5_49_map.h5,26.8425,10,370,1182,30.000000:22.500000,1298,True,15,13,1358,0.999998,25.7405,0,0.013347,1357 1357 1297 1298 1299 1358 1415 1416 1417 1359 1300 1360 -1
GCP,adapt_p48-18968510422141_a123-74999999999999_369_map.h5,27.8832,10,529,740,41.810314:123.750000,1484,True,11,11,1485,0.999999,20.8598,0,0.0126328,1431 1431 1430 1432 1486 1537 1536 1485 1484 1535 -1
GCP,adapt_p23-556464309101234_a202-5_63_map.h5,25.8738,10,723,1491,66.443535:202.500000,1704,True,12,12,1732,0.999998,22.8957,0,0.0129494,1705 1705 1670 1671 1704 1703 1731 1755 1756 1732 1733 -1
GCP,adapt_p35-659087696138755_a195-0_277_map.h5,27.8401,10,409,722,54.340912:195.000000,1590,True,14,14,1633,0.999999,27.3162,0,0.01269,1671 1671 1670 1669 1632 1590 1591 1633 1634 1592 1593 1635 1672 -1
GCP,adapt_p70-52877936550931_a326-24999999999994_596_map.h5,26.7059,10,299,1104,19.471220:326.250000,1225,True,39,13,1160,0.984291,25.7631,0,0.0128747,1093 1093 1158 1157 1223 1224 1159 1094 1160 1225 1161 1226 -1
GCP,adapt_p35-659087696138755_a255-00000000000003_394_map.h5,25.703,10,210,1556,54.340912:255.000000,1598,True,37,12,1598,0.98894,24.6457,0,0.0128103,1638 1639 1640 1600 1555 1554 1599 1598 1553 1552 1597 -1
GCP,adapt_p80-40593177313954_a180-0_306_map.h5,28.8011,10,247,406,9.594069:180.000000,1067,True,26,14,1134,0.999607,28.0613,0,0.0127276,1263 1263 1201 1264 1200 1262 1199 1133 1067 1068 1134 1135 1069 -1
GCP,adapt_p48-18968510422141_a33-75_115_map.h5,26.7388,10,279,1117,41.810314:33.750000,1471,True,35,13,1471,0.998818,25.807,0,0.0129499,1523 1523 1472 1418 1417 1471 1522 1469 1415 1470 1416 1358 -1
GCP,adapt_p35-659087696138755_a165-0_387_map.h5,26.8553,10,338,1190,54.340912:165.000000,1587,True,13,13,1587,0.999999,25.9489,0,0.012485,1630 1630 1542 1588 1631 1587 1541 1540 1586 1629 1628 1585 -1
GCP,adapt_p11-715852394892384_a225-0_81_map.h5,26.8687,10,493,1102,78.284149:225.000000,1774,True,11,11,1774,0.999999,20.3648,0,0.0131446,1775 1775 1758 1788 1787 1774 1773 1755 1756 1757 -1
GCP,adapt_p48-18968510422141_a78-75_505_map.h5,27.8675,10,520,746,41.810314:78.750000,1478,True,13,13,1478,0.999999,25.2406,0,0.0123167,1477 1477 1423 1424 1478 1425 1426 1480 1479 1531 1530 1529 -1
GCP,adapt_p70-52877936550931_a303-75_592_map.h5,27.8622,10,320,801,19.471220:303.750000,1221,True,13,13,1220,0.999999,25.7631,0,0.0126066,1219 1219 1155 1154 1220 1282 1283 1284 1221 1156 1157 1222 -1
GCP,adapt_p11-715852394892384_a45-0_54_map.h5,28.9034,10,540,371,78.284149:45.000000,1766,True,8,8,1746,0.999999,13.3115,0,0.01234,1766 1766 1747 1767 1746 1745 1765 -1
GCP,adapt_p35-659087696138755_a105-0_232_map.h5,27.435,10,124,714,54.340912:105.000000,1579,True,82,10,1623,0.972569,26.5542,0,0.0138303,1462 1662 1624 1581 1580 1623 1661 1622 1579 -1
GCP,adapt_p70-52877936550931_a258-75_536_map.h5,26.8198,10,382,1147,19.471220:258.750000,1213,True,21,12,1213,0.999802,22.6871,0,0.0130305,1277 1277 1214 1149 1148 1213 1276 1275 1274 1212 1147 -1
GCP,adapt_p60-00000000000001_a270-0_77_map.h5,25.5095,10,118,1535,30.000000:270.000000,1339,False,71,12,1332,0.986914,24.7054,0,0.0132867,1208 1332 1390 1331 1269 1270 1271 1333 1391 1392 1334 -1
GCP,adapt_p23-556464309101234_a22-5_209_map.h5,27.625,10,81,757,66.443535:22.500000,1689,True,62,13,1745,0.981845,26.9617,0,0.0137528,1652 1688 1719 1746 1720 1689 1718 1744 1745 1765 1766 1782 -1
GCP,adapt_p70-52877936550931_a101-24999999999999_513_map.h5,28.8271,10,182,388,19.471220:101.250000,1185,True,22,14,1187,0.999995,28.3489,0,0.0127291,1188 1188 1121 1122 1187 1251 1250 1186 1120 1119 1185 1248 1249 -1
GCP,adapt_p70-52877936550931_a123-74999999999999_533_map.h5,27.8368,10,356,765,19.471220:123.750000,1189,True,18,13,1189,0.999933,25.6129,0,0.0130078,1188 1188 1122 1123 1189 1124 1190 1191 1253 1315 1252 1251 -1
GCP,adapt_p70-52877936550931_a146-25_304_map.h5,25.1802,10,129,1504,19.471220:146.250000,1193,True,116,11,1193,0.892137,22.6537,0,0.0135757,1315 1191 1255 1192 1193 1127 1128 1194 1257 1256 -1
GCP,adapt_p23-556464309101234_a337-5_436_map.h5,27.7702,10,352,725,66.443535:337.500000,1716,True,28,13,1716,0.997929,25.3525,0,0.0126437,1683 1683 1716 1742 1717 1685 1684 1715 1741 1740 1714 1682 -1
GCP,adapt_p48-18968510422141_a123-74999999999999_156_map.h5,26.8512,10,470,1104,41.810314:123.750000,1484,True,16,13,1485,0.999999,25.4952,0,0.0126255,1536 1536 1537 1486 1487 1433 1432 1485 1535 1484 1431 1430 -1
GCP,adapt_p80-40593177313954_a337-49999999999994_168_map.h5,26.8231,10,317,1101,9.594069:337.500000,1097,True,20,13,1161,0.999895,25.9622,0,0.0127138,1225 1225 1226 1224 1159 1160 1094 1095 1161 1162 1096 1097 -1
GCP,adapt_p70-52877936550931_a213-75_400_map.h5,27.8089,10,378,742,19.471220:213.750000,1205,True,19,14,1205,0.999989,27.6243,0,0.0128927,1203 1203 1266 1267 1204 1138 1139 1205 1140 1141 1206 1269 1268 -1
GCP,adapt_p35-659087696138755_a315-0_359_map.h5,27.7142,10,185,679,54.340912:315.000000,1605,True,37,14,1559,0.995253,27.6668,0,0.01256,1644 1644 1645 1646 1605 1560 1604 1603 1559 1510 1457 1509 1558 -1
GCP,adapt_p11-715852394892384_a315-0_367_map.h5,26.8532,10,452,1181,78.284149:315.000000,1778,True,14,13,1762,0.999998,25.017,0,0.012573,1779 1779 1791 1778 1777 1760 1761 1762 1763 1740 1739 1738 -1
GCP,adapt_p60-00000000000001_a202-49999999999997_311_map.h5,25.5261,10,202,1478,30.000000:202.500000,1328,False,64,11,1200,0.977639,23.4696,0,0.0127004,1063 1133 1199 1134 1135 1200 1263 1264 1201 1136 -1
GCP,adapt_p80-40593177313954_a224-99999999999997_77_map.h5,25.674,10,253,1436,9.594069:225.000000,1076,True,41,12,1074,0.99826,25.0537,0,0.012844,1141 1075 1008 1009 1076 1007 1006 1074 1140 1073 1005 -1
GCP,adapt_p80-40593177313954_a337-49999999999994_349_map.h5,26.8543,10,475,1116,9.594069:337.500000,1097,True,14,13,1097,0.999999,26.3224,0,0.012486,1030 1030 1099 1031 1098 1164 1163 1097 1029 1096 1162 1095 -1
GCP,adapt_p60-00000000000001_a224-99999999999997_448_map.h5,27.5469,10,136,787,30.000000:225.000000,1331,True,64,13,1333,0.929794,27.0092,0,0.0129393,1330 1331 1270 1332 1390 1333 1271 1272 1334 1392 1391 1448 -1
GCP,adapt_p60-00000000000001_a157-5_226_map.h5,26.8365,10,360,1120,30.000000:157.500000,1320,True,17,13,1379,0.999989,25.6225,0,0.0133288,1322 1322 1259 1321 1380 1381 1437 1436 1379 1378 1320 1258 -1
GCP,adapt_p35-659087696138755_a45-0_383_map.h5,25.7581,10,270,1488,54.340912:45.000000,1572,True,32,13,1571,0.998396,25.1645,0,0.0127192,1472 1472 1523 1570 1614 1654 1615 1571 1524 1525 1572 1616 -1
GCP,adapt_p80-40593177313954_a0-0_175_map.h5,28.8671,10,497,378,9.594069:0.000000,1034,True,11,11,1099,0.999998,21.0418,0,0.0126352,1165 1165 1034 1166 1100 1032 1099 1164 1098 1031 -1
GCP,adapt_p70-52877936550931_a101-24999999999999_57_map.h5,25.8772,10,699,1472,19.471220:101.250000,1185,True,11,11,1185,0.999999,20.9547,0,0.0126148,1186 1186 1119 1120 1185 1249 1248 1247 1184 1118 -1
GCP,adapt_p60-00000000000001_a0-0_135_map.h5,27.8711,10,439,717,30.000000:0.000000,1294,True,11,11,1410,0.999999,21.0862,0,0.0127354,1352 1352 1409 1465 1466 1410 1411 1412 1353 1294 -1
GCP,adapt_p70-52877936550931_a326-24999999999994_474_map.h5,26.8335,10,440,1238,19.471220:326.250000,1225,True,18,13,1226,0.999973,25.4001,0,0.0132575,1227 1227 1290 1350 1289 1288 1349 1348 1287 1225 1226 1162 -1
GCP,adapt_p35-659087696138755_a14-999999999999998_457_map.h5,27.8764,10,449,725,54.340912:15.000000,1568,True,12,12,1568,0.999998,23.3441,0,0.0124153,1613 1613 1653 1614 1570 1569 1652 1612 1568 1521 1520 -1
GCP,adapt_p11-715852394892384_a315-0_494_map.h5,27.8812,10,459,680,78.284149:315.000000,1778,True,13,13,1778,0.999999,25.5771,0,0.0125504,1790 1790 1779 1778 1791 1780 1763 1762 1761 1760 1777 1789 -1
GCP,adapt_p70-52877936550931_a168-74999999999997_77_map.h5,26.6871,10,330,1094,19.471220:168.750000,1197,True,38,13,1259,0.986718,25.4505,0,0.012622,1257 1257 1194 1195 1259 1321 1320 1258 1196 1197 1260 1322 -1
GCP,adapt_p48-18968510422141_a236-25_4_map.h5,27.7971,10,282,740,41.810314:236.250000,1501,True,24,13,1500,0.99916,25.2953,0,0.012706,1499 1499 1549 1500 1550 1551 1552 1502 1501 1449 1448 1447 -1
GCP,adapt_p23-556464309101234_a22-5_371_map.h5,27.8801,10,466,735,66.443535:22.500000,1689,True,12,12,1689,0.999998,23.0935,0,0.0126583,1653 1653 1688 1652 1689 1719 1720 1690 1654 1691 1655 -1
GCP,adapt_p35-659087696138755_a285-0_188_map.h5,26.8985,10,795,1163,54.340912:285.000000,1601,True,7,7,1601,0.999998,11.1116,0,0.0122935,1642 1642 1602 1643 1601 1600 -1
GCP,adapt_p48-18968510422141_a258-75_504_map.h5,28.8421,10,296,376,41.810314:258.750000,1504,True,19,14,1504,0.999998,28.5437,0,0.0126921,1553 1553 1451 1450 1502 1552 1503 1452 1453 1505 1504 1554 1555 -1
GCP,adapt_p70-52877936550931_a146-25_597_map.h5,25.7863,10,327,1517,19.471220:146.250000,1193,True,24,13,1127,0.999525,25.6838,0,0.0125503,1062 1062 1061 1128 1129 1194 1193 1127 1060 1126 1192 1191 -1
GCP,adapt_p48-18968510422141_a348-74999999999994_170_map.h5,25.8211,10,568,1458,41.810314:348.750000,1517,True,19,13,1465,0.99996,25.7577,0,0.0126106,1410 1410 1352 1409 1465 1466 1517 1464 1408 1463 1515 1516 -1
GCP,adapt_p60-00000000000001_a22-5_354_map.h5,28.8833,10,529,376,30.000000:22.500000,1298,True,11,11,1357,0.999999,20.9006,0,0.0124516,1297 1297 1355 1296 1356 1414 1415 1357 1298 1358 -1
GCP,adapt_p35-659087696138755_a195-0_66_map.h5,27.886,10,555,745,54.340912:195.000000,1590,True,10,10,1591,0.999999,18.255,0,0.0127466,1633 1633 1592 1634 1591 1546 1545 1590 1632 -1
GCP,adapt_p60-00000000000001_a247-49999999999997_379_map.h5,28.8934,10,617,342,30.000000:247.500000,1335,True,10,10,1335,0.999999,18.3396,0,0.0124222,1274 1274 1334 1273 1335 1393 1394 1336 1275 -1
GCP,adapt_p23-556464309101234_a202-5_405_map.h5,26.7758,10,239,1147,66.443535:202.500000,1704,True,27,13,1703,0.999301,25.8635,0,0.0129551,1670 1670 1705 1732 1704 1730 1731 1703 1669 1668 1702 1701 -1
GCP,adapt_p48-18968510422141_a258-75_322_map.h5,27.8432,10,389,766,41.810314:258.750000,1504,True,18,13,1504,0.99999,25.4216,0,0.0125482,1453 1453 1396 1452 1505 1506 1555 1554 1504 1553 1503 1451 -1
GCP,adapt_p23-556464309101234_a112-5_420_map.h5,28.8422,10,234,375,66.443535:112.500000,1697,True,20,14,1726,0.999991,28.1626,0,0.012623,1696 1696 1697 1698 1728 1752 1727 1751 1726 1725 1695 1724 1750 -1
GCP,adapt_p48-18968510422141_a326-24999999999994_417_map.h5,25.7552,10,96,1114,41.810314:326.250000,1514,False,183,11,1460,0.855179,24.954,0,0.0154762,1567 1348 1406 1461 1405 1404 1460 1512 1511 1459 -1
GCP,adapt_p23-556464309101234_a202-5_78_map.h5,27.8532,10,419,759,66.443535:202.500000,1704,True,17,13,1705,0.99995,25.5655,0,0.0126172,1706 1706 1734 1733 1732 1704 1670 1671 1634 1672 1673 1705 -1
GCP,adapt_p23-556464309101234_a112-5_205_map.h5,25.7013,10,233,1464,66.443535:112.500000,1697,True,27,13,1725,0.999655,24.8074,0,0.0124593,1752 1752 1751 1770 1769 1750 1724 1725 1696 1697 1726 1727 -1
GCP,adapt_p23-556464309101234_a112-5_287_map.h5,26.8089,10,301,1100,66.443535:112.500000,1697,True,24,13,1697,0.999879,25.0591,0,0.0129363,1726 1726 1698 1663 1625 1624 1662 1697 1725 1696 1661 1623 -1
GCP,adapt_p48-18968510422141_a236-25_71_map.h5,27.7963,10,281,742,41.810314:236.250000,1501,True,21,13,1448,0.999961,25.8328,0,0.0124502,1393 1393 1448 1391 1333 1392 1449 1450 1502 1501 1500 1447 -1
GCP,adapt_p60-00000000000001_a90-0_470_map.h5,28.7761,10,266,352,30.000000:90.000000,1309,True,27,14,1309,0.999651,27.789,0,0.0127277,1246 1246 1310 1369 1370 1311 1248 1247 1309 1368 1367 1308 1245 -1
GCP,adapt_p80-40593177313954_a90-0_99_map.h5,27.8784,10,543,725,9.594069:90.000000,1051,True,12,12,1116,0.999999,23.7969,0,0.0124095,1050 1050 1051 1052 1119 1118 1183 1117 1049 1115 1116 -1
GCP,adapt_p48-18968510422141_a146-25_466_map.h5,25.698,10,207,1439,41.810314:146.250000,1488,True,37,13,1488,0.994415,24.9915,0,0.0127808,1486 1486 1433 1434 1435 1436 1489 1540 1539 1488 1487 1538 -1
GCP,adapt_p70-52877936550931_a213-75_307_map.h5,26.8403,10,365,1181,19.471220:213.750000,1205,True,17,13,1206,0.999989,25.7229,0,0.0124759,1205 1205 1139 1140 1141 1075 1142 1207 1270 1269 1268 1206 -1
GCP,adapt_p60-00000000000001_a157-5_346_map.h5,27.1869,10,82,766,30.000000:157.500000,1320,False,118,12,1430,0.814373,26.0931,0,0.0138851,1314 1372 1429 1483 1484 1431 1430 1373 1374 1319 1378 -1
GCP,adapt_p80-40593177313954_a247-49999999999997_78_map.h5,26.7735,10,300,1145,9.594069:247.500000,1080,True,24,13,1080,0.999496,26.3365,0,0.0133387,1012 1012 1081 1147 1082 1013 1080 1146 1211 1145 1079 1078 -1
GCP,adapt_p70-52877936550931_a11-25_147_map.h5,27.8367,10,248,771,19.471220:11.250000,1169,True,19,13,1102,0.999989,26.9461,0,0.0131276,1168 1168 1101 1035 1036 1037 1102 1167 1169 1103 1104 1170 -1
GCP,adapt_p80-40593177313954_a67-5_384_map.h5,27.8673,10,423,748,9.594069:67.500000,1047,True,14,13,1046,0.999999,25.4024,0,0.0124824,1045 1045 1111 1044 977 978 979 1046 1112 1113 1047 980 -1
GCP,adapt_p48-18968510422141_a33-75_144_map.h5,25.8742,10,722,1469,41.810314:33.750000,1471,True,9,9,1472,0.999999,15.7258,0,0.0125615,1471 1471 1523 1524 1472 1417 1418 1473 -1
GCP,adapt_p23-556464309101234_a292-5_10_map.h5,25.7864,10,211,1542,66.443535:292.500000,1712,True,25,13,1738,0.999354,25.0027,0,0.0124038,1761 1761 1760 1737 1710 1711 1738 1712 1680 1713 1739 1740 -1
GCP,adapt_p70-52877936550931_a303-75_311_map.h5,26.8069,10,216,1152,19.471220:303.750000,1221,True,23,13,1282,0.999776,25.4987,0,0.0128866,1220 1220 1155 1221 1283 1344 1401 1343 1282 1219 1281 1342 -1
GCP,adapt_p60-00000000000001_a202-49999999999997_110_map.h5,27.8293,10,340,763,30.000000:202.500000,1328,True,21,13,1328,0.99998,25.6984,0,0.0124992,1327 1327 1266 1265 1328 1267 1329 1387 1444 1443 1386 1385 -1
GCP,adapt_p70-52877936550931_a303-75_103_map.h5,26.7437,10,277,1134,19.471220:303.750000,1221,True,32,13,1284,0.997982,25.3909,0,0.013084,1222 1222 1221 1283 1343 1344 1402 1403 1345 1284 1285 1346 -1
GCP,adapt_p80-40593177313954_a224-99999999999997_371_map.h5,27.8774,10,417,694,9.594069:225.000000,1076,True,12,12,1140,0.999999,22.9104,0,0.0123809,1074 1074 1073 1139 1140 1205 1206 1141 1075 1142 1076 -1
GCP,adapt_p23-556464309101234_a337-5_351_map.h5,27.8846,10,525,800,66.443535:337.500000,1716,True,10,10,1716,0.999998,18.3533,0,0.0131882,1717 1717 1742 1716 1684 1649 1685 1687 1686 -1
GCP,adapt_p11-715852394892384_a225-0_516_map.h5,28.8811,10,411,379,78.284149:225.000000,1774,True,12,12,1774,0.999999,22.8631,0,0.0126595,1757 1757 1774 1775 1776 1758 1756 1755 1773 1787 1788 -1
GCP,adapt_p60-00000000000001_a292-5_302_map.h5,27.8592,10,538,702,30.000000:292.500000,1343,True,15,13,1343,0.999998,25.7303,0,0.0125906,1281 1281 1341 1280 1342 1400 1401 1343 1282 1219 1283 1344 -1
GCP,adapt_p23-556464309101234_a67-5_562_map.h5,27.8511,10,349,772,66.443535:67.500000,1693,True,16,14,1722,0.999999,27.8521,0,0.0127537,1694 1694 1724 1723 1693 1658 1657 1692 1722 1691 1721 1747 1748 -1
GCP,adapt_p48-18968510422141_a236-25_276_map.h5,27.8922,10,548,745,41.810314:236.250000,1501,True,10,10,1501,0.999999,18.4034,0,0.0126025,1502 1502 1448 1449 1501 1500 1550 1551 1552 -1
GCP,adapt_p35-659087696138755_a195-0_166_map.h5,27.8641,10,345,754,54.340912:195.000000,1590,True,11,11,1632,0.999999,20.8602,0,0.0126562,1590 1590 1631 1589 1632 1669 1670 1671 1633 1591 -1
GCP,adapt_p48-18968510422141_a281-24999999999994_149_map.h5,27.8874,10,522,766,41.810314:281.250000,1507,True,11,11,1508,0.999999,21.2542,0,0.0124329,1557 1557 1556 1454 1455 1507 1558 1509 1508 1456 -1
GCP,adapt_p80-40593177313954_a315-0_59_map.h5,24.6728,10,147,1567,9.594069:315.000000,1093,False,189,11,1097,0.529837,24.1523,0,0.0158534,1023 1026 1027 1096 1097 1098 1162 1161 1226 1225 -1
GCP,adapt_p23-556464309101234_a67-5_213_map.h5,27.8411,10,386,769,66.443535:67.500000,1693,True,17,14,1693,0.999994,27.4548,0,0.0126879,1723 1723 1724 1695 1659 1694 1693 1722 1692 1656 1657 1658 1619 -1
GCP,adapt_p80-40593177313954_a22-5_172_map.h5,28.8574,10,376,385,9.594069:22.500000,1038,True,13,13,1038,0.999999,25.9398,0,0.0124635,971 971 972 1039 1105 1037 1103 1104 1038 970 969 1036 -1
GCP,adapt_p80-40593177313954_a22-5_535_map.h5,27.8426,10,271,725,9.594069:22.500000,1038,True,18,13,1039,0.999989,25.4381,0,0.0131641,970 970 971 1038 1037 1103 1104 1105 1039 972 1040 1106 -1
GCP,adapt_p70-52877936550931_a213-75_403_map.h5,26.5973,10,80,1137,19.471220:213.750000,1205,True,58,12,1139,0.973533,24.8872,0,0.0134823,1203 1138 1072 1073 1139 1140 1074 1204 1205 1268 1206 -1
GCP,adapt_p48-18968510422141_a348-74999999999994_500_map.h5,28.8984,10,452,337,41.810314:348.750000,1517,True,8,8,1465,0.999999,14.0255,0,0.0123483,1516 1516 1465 1517 1464 1515 1565 -1
GCP,adapt_p23-556464309101234_a67-5_69_map.h5,27.6466,10,128,737,66.443535:67.500000,1693,True,48,13,1722,0.995356,26.6078,0,0.0131322,1768 1748 1723 1693 1722 1692 1691 1721 1747 1767 1746 1720 -1
GCP,adapt_p70-52877936550931_a33-75_284_map.h5,28.8935,10,516,355,19.471220:33.750000,1173,True,10,10,1237,0.999999,18.5522,0,0.012309,1236 1236 1172 1173 1174 1238 1237 1299 1300 -1
GCP,adapt_p80-40593177313954_a292-5_535_map.h5,25.6346,10,338,1419,9.594069:292.500000,1088,True,48,12,1214,0.873909,24.3543,0,0.0131982,1217 1217 1215 1214 1149 1150 1151 1153 1088 1021 1089 -1
GCP,adapt_p80-40593177313954_a315-0_540_map.h5,27.8334,10,406,798,9.594069:315.000000,1093,True,17,13,1093,0.99993,26.1194,0,0.0124262,1158 1158 1092 1091 1157 1025 1093 1094 1160 1159 1223 1224 -1
GCP,adapt_p23-556464309101234_a22-5_80_map.h5,26.8773,10,445,1165,66.443535:22.500000,1689,True,11,11,1689,0.999999,20.2027,0,0.0125241,1688 1688 1652 1653 1654 1690 1720 1689 1719 1718 -1
GCP,adapt_p60-00000000000001_a202-49999999999997_587_map.h5,25.6132,10,203,1444,30.000000:202.500000,1328,True,52,12,1328,0.995884,23.9906,0,0.0125753,1385 1327 1265 1266 1328 1386 1387 1329 1267 1268 1330 -1
GCP,adapt_p35-659087696138755_a45-0_548_map.h5,25.6868,10,199,1500,54.340912:45.000000,1572,True,45,13,1616,0.98285,25.2184,0,0.0130285,1525 1525 1571 1615 1655 1616 1572 1573 1617 1656 1657 1618 -1
GCP,adapt_p48-18968510422141_a281-24999999999994_335_map.h5,27.8447,10,430,754,41.810314:281.250000,1507,True,17,14,1506,0.999992,27.6057,0,0.0130783,1455 1455 1456 1508 1507 1556 1555 1554 1504 1505 1453 1506 1454 -1
GCP,adapt_p80-40593177313954_a45-0_55_map.h5,28.8081,10,239,369,9.594069:45.000000,1042,True,25,14,1042,0.999942,28.4435,0,0.0126947,1040 1040 972 974 906 973 1041 1107 1108 1042 975 1043 1109 -1
GCP,adapt_p11-715852394892384_a315-0_573_map.h5,27.8814,10,542,753,78.284149:315.000000,1778,True,11,11,1763,0.999997,20.8855,0,0.0123506,1779 1779 1762 1740 1741 1763 1778 1780 1764 1742 -1
GCP,adapt_p48-18968510422141_a78-75_115_map.h5,27.8802,10,482,788,41.810314:78.750000,1478,True,10,10,1424,0.999998,18.0062,0,0.0126149,1478 1478 1425 1367 1366 1424 1477 1423 1365 -1
GCP,adapt_p23-556464309101234_a67-5_288_map.h5,26.598,10,109,1133,66.443535:67.500000,1693,True,60,12,1722,0.960394,24.0321,0,0.0128088,1695 1724 1749 1768 1748 1747 1721 1692 1693 1722 1723 -1
GCP,adapt_p80-40593177313954_a67-5_427_map.h5,27.851,10,473,735,9.594069:67.500000,1047,True,14,13,979,0.999997,26.1387,0,0.012745,978 978 1045 1047 1113 1112 1046 979 911 912 980 1048 -1
GCP,adapt_p48-18968510422141_a326-24999999999994_311_map.h5,26.8033,10,330,1174,41.810314:326.250000,1514,True,20,13,1463,0.999923,25.6445,0,0.0124681,1516 1516 1465 1464 1463 1407 1462 1515 1564 1563 1514 1513 -1
GCP,adapt_p80-40593177313954_a202-49999999999997_373_map.h5,27.8372,10,353,761,9.594069:202.500000,1072,True,18,13,1070,0.999989,26.7507,0,0.0126275,1004 1071 1003 1004 1072 1138 1137 1136 1070 1002 1069 1001 -1
GCP,adapt_p48-18968510422141_a191-25_54_map.h5,26.8383,10,295,1107,41.810314:191.250000,1494,True,19,13,1543,0.999972,25.2522,0,0.0125455,1542 1542 1492 1493 1440 1441 1494 1545 1544 1543 1589 1588 -1
GCP,adapt_p80-40593177313954_a270-0_93_map.h5,27.797,10,478,766,9.594069:270.000000,1084,True,13,13,1084,0.999998,26.5917,0,0.0128319,1150 1150 1017 1016 1084 1085 1086 1151 1149 1083 1015 1082 -1
GCP,adapt_p80-40593177313954_a270-0_339_map.h5,25.8023,10,451,1487,9.594069:270.000000,1084,True,23,12,1085,0.999447,23.3623,0,0.0124954,1083 1083 1150 1149 1084 1016 1017 1085 1151 1152 1086 -1
GCP,adapt_p70-52877936550931_a348-74999999999994_395_map.h5,26.8342,10,249,1124,19.471220:348.750000,1229,True,21,13,1230,0.999992,25.8852,0,0.0126212,1293 1293 1166 1167 1230 1165 1164 1229 1292 1291 1228 1290 -1
GCP,adapt_p48-18968510422141_a236-25_34_map.h5,27.8241,10,257,714,41.810314:236.250000,1501,True,20,13,1550,0.99993,25.441,0,0.0127371,1501 1501 1447 1448 1500 1499 1549 1594 1595 1550 1551 1596 -1
GCP,adapt_p70-52877936550931_a101-24999999999999_193_map.h5,25.8382,10,262,1505,19.471220:101.250000,1185,True,16,13,1120,0.999984,25.2809,0,0.013591,1121 1121 1055 1054 1120 1053 1052 1118 1119 1185 1186 1187 -1
GCP,adapt_p35-659087696138755_a45-0_246_map.h5,26.8841,10,523,1073,54.340912:45.000000,1572,True,11,11,1572,0.999998,20.8773,0,0.0126551,1573 1573 1572 1525 1473 1474 1526 1616 1571 1524 -1
GCP,adapt_p35-659087696138755_a255-00000000000003_334_map.h5,26.8773,10,619,1077,54.340912:255.000000,1598,True,9,9,1597,0.999999,15.968,0,0.0124991,1639 1639 1596 1638 1597 1553 1598 1640 -1
GCP,adapt_p48-18968510422141_a146-25_349_map.h5,26.8865,10,542,1128,41.810314:146.250000,1488,True,10,10,1488,0.999998,18.0025,0,0.0123021,1434 1434 1433 1487 1538 1539 1488 1435 1489 -1
GCP,adapt_p80-40593177313954_a315-0_174_map.h5,25.8551,10,436,1492,9.594069:315.000000,1093,True,15,13,1093,0.999982,25.791,0,0.0126701,1025 1025 1024 1091 1157 1158 1092 1159 1160 1094 1093 1026 -1
GCP,adapt_p80-40593177313954_a315-0_389_map.h5,27.8859,10,559,760,9.594069:315.000000,1093,True,11,11,1158,1,20.5492,0,0.0129292,1159 1159 1094 1093 1092 1091 1157 1222 1158 1223 -1
GCP,adapt_p35-659087696138755_a135-0_124_map.h5,24.9784,10,147,1487,54.340912:135.000000,1583,True,152,12,1583,0.859829,24.6725,0,0.0153371,1630 1585 1628 1627 1584 1583 1537 1536 1582 1625 1626 -1
GCP,adapt_p60-00000000000001_a202-49999999999997_507_map.h5,26.8814,10,473,1134,30.000000:202.500000,1328,True,11,11,1266,0.999998,20.6947,0,0.0123596,1327 1327 1386 1387 1329 1267 1328 1266 1265 1203 -1
GCP,adapt_p80-40593177313954_a337-49999999999994_456_map.h5,27.8622,10,433,753,9.594069:337.500000,1097,True,14,13,1162,0.999997,25.3782,0,0.0126269,1095 1095 1160 1161 1226 1227 1162 1096 1097 1163 1164 1098 -1
GCP,adapt_p60-00000000000001_a180-0_247_map.h5,27.8815,10,451,735,30.000000:180.000000,1324,True,10,10,1323,0.999999,18.4226,0,0.0122944,1324 1324 1261 1262 1323 1382 1381 1322 1260 -1
GCP,adapt_p60-00000000000001_a135-0_259_map.h5,27.8757,10,373,718,30.000000:135.000000,1316,True,11,11,1316,0.999999,20.3745,0,0.0130952,1254 1254 1255 1317 1376 1375 1316 1374 1315 1253 -1
GCP,adapt_p35-659087696138755_a45-0_93_map.h5,27.9025,10,580,783,54.340912:45.000000,1572,True,8,8,1616,0.999999,13.6456,0,0.0123242,1572 1572 1573 1617 1571 1615 1616 -1
GCP,adapt_p80-40593177313954_a247-49999999999997_214_map.h5,25.989,10,142,1094,9.594069:247.500000,1080,False,154,12,1652,0.89779,25.5072,0,0.0147494,1648 1686 1651 1612 1613 1652 1687 1688 1653 1689 1719 -1
GCP,adapt_p80-40593177313954_a180-0_14_map.h5,27.8055,10,366,761,9.594069:180.000000,1067,True,24,13,1133,0.999508,25.5101,0,0.0133579,1134 1134 1068 1067 1132 1066 1133 1199 1262 1261 1198 1197 -1
GCP,adapt_p35-659087696138755_a165-0_178_map.h5,25.6993,10,222,1490,54.340912:165.000000,1587,True,36,13,1631,0.994227,24.946,0,0.0125214,1629 1629 1667 1668 1702 1703 1669 1632 1631 1630 1587 1588 -1
GCP,adapt_p80-40593177313954_a135-0_142_map.h5,24.9737,10,151,1519,9.594069:135.000000,1059,True,134,11,1126,0.864916,23.413,0,0.0140648,988 1059 1125 1192 1126 1060 993 1061 1127 1193 -1
GCP,adapt_p23-556464309101234_a22-5_496_map.h5,26.7322,10,206,1050,66.443535:22.500000,1689,False,37,13,1616,0.99577,25.4206,0,0.0125767,1573 1573 1618 1656 1617 1572 1616 1655 1691 1690 1654 1615 -1
GCP,adapt_p60-00000000000001_a247-49999999999997_262_map.h5,26.8269,10,373,1132,30.000000:247.500000,1335,True,17,13,1274,0.999985,25.7275,0,0.0138476,1273 1273 1211 1274 1334 1335 1393 1394 1336 1337 1275 1212 -1
GCP,adapt_p70-52877936550931_a326-24999999999994_288_map.h5,25.8732,10,711,1548,19.471220:326.250000,1225,True,11,11,1225,0.999998,20.4601,0,0.0125969,1287 1287 1224 1160 1225 1288 1289 1226 1161 1162 -1
GCP,adapt_p35-659087696138755_a255-00000000000003_562_map.h5,27.8772,10,570,685,54.340912:255.000000,1598,True,9,9,1598,0.999999,15.5913,0,0.0125492,1597 1597 1596 1638 1639 1598 1640 1676 -1
GCP,adapt_p48-18968510422141_a191-25_560_map.h5,26.8721,10,615,1062,41.810314:191.250000,1494,True,12,12,1494,0.999999,23.22,0,0.0126749,1442 1442 1496 1443 1495 1545 1544 1494 1441 1493 1440 -1
GCP,adapt_p60-00000000000001_a45-0_420_map.h5,26.5932,10,139,1116,30.000000:45.000000,1301,True,56,13,1301,0.991679,26.6003,0,0.0126659,1419 1361 1302 1239 1238 1301 1360 1418 1417 1359 1300 1358 -1
GCP,adapt_p80-40593177313954_a247-49999999999997_61_map.h5,27.613,10,252,738,9.594069:247.500000,1080,True,54,13,1146,0.993108,26.7134,0,0.0128081,1208 1271 1209 1144 1145 1079 1080 1081 1147 1212 1146 1211 -1
GCP,adapt_p35-659087696138755_a224-99999999999997_472_map.h5,27.8824,10,544,748,54.340912:225.000000,1594,True,7,7,1595,0.999999,11.0686,0,0.0124451,1637 1637 1594 1636 1595 1596 -1
GCP,adapt_p48-18968510422141_a281-24999999999994_36_map.h5,27.8828,10,527,786,41.810314:281.250000,1507,True,12,12,1507,0.999999,22.7003,0,0.0129994,1456 1456 1457 1509 1558 1508 1557 1556 1507 1455 1454 -1
GCP,adapt_p60-00000000000001_a292-5_181_map.h5,28.5759,10,285,389,30.000000:292.500000,1343,False,58,13,1400,0.970682,26.5623,0,0.0129107,1453 1454 1455 1456 1457 1401 1400 1399 1341 1340 1398 1397 -1
GCP,adapt_p70-52877936550931_a123-74999999999999_107_map.h5,27.8404,10,251,794,19.471220:123.750000,1189,True,19,14,1123,0.999879,27.6791,0,0.0133796,1122 1122 1056 1057 1123 1188 1189 1124 1190 1253 1254 1191 1125 -1
GCP,adapt_p48-18968510422141_a281-24999999999994_216_map.h5,27.8782,10,553,706,41.810314:281.250000,1507,True,13,13,1455,0.999999,26.0584,0,0.0126403,1506 1506 1453 1454 1505 1555 1556 1507 1455 1557 1508 1456 -1
GCP,adapt_p70-52877936550931_a78-75_203_map.h5,26.8584,10,434,1083,19.471220:78.750000,1181,True,13,13,1180,0.999999,25.3961,0,0.0124246,1114 1114 1115 1116 1182 1245 1244 1181 1180 1113 1179 1243 -1
GCP,adapt_p60-00000000000001_a224-99999999999997_592_map.h5,27.8632,10,413,745,30.000000:225.000000,1331,True,16,13,1389,0.999997,25.7303,0,0.0125934,1332 1332 1269 1270 1331 1330 1388 1389 1446 1447 1390 1391 -1
GCP,adapt_p70-52877936550931_a281-24999999999994_32_map.h5,27.8894,10,507,664,19.471220:281.250000,1217,True,11,11,1217,0.999999,20.2662,0,0.0123836,1152 1152 1151 1216 1279 1217 1280 1281 1218 1153 -1
GCP,adapt_p35-659087696138755_a285-0_67_map.h5,27.8812,10,508,765,54.340912:285.000000,1601,True,12,12,1602,0.999998,23.4252,0,0.0125822,1643 1643 1603 1644 1680 1679 1602 1558 1557 1601 1642 -1
GCP,adapt_p80-40593177313954_a315-0_74_map.h5,26.6189,10,164,1212,9.594069:315.000000,1093,False,48,13,1028,0.984217,25.5999,0,0.0128834,1092 1092 1025 1026 960 1027 961 1028 962 963 1029 1097 -1
GCP,adapt_p23-556464309101234_a337-5_133_map.h5,28.835,10,226,401,66.443535:337.500000,1716,True,18,14,1764,0.999954,28.0053,0,0.0128603,1779 1779 1762 1740 1741 1763 1780 1744 1764 1742 1716 1743 1717 -1
GCP,adapt_p80-40593177313954_a292-5_47_map.h5,27.8153,10,432,750,9.594069:292.500000,1088,True,19,13,1088,0.999631,26.0099,0,0.0125554,1087 1087 1021 1020 1088 1153 1154 1155 1089 1090 1023 1091 -1
GCP,adapt_p48-18968510422141_a213-75_490_map.h5,27.8868,10,565,677,41.810314:213.750000,1497,True,10,10,1445,0.999998,18.3002,0,0.0129979,1498 1498 1444 1497 1445 1388 1389 1446 1499 -1
GCP,adapt_p70-52877936550931_a146-25_233_map.h5,27.8771,10,511,737,19.471220:146.250000,1193,True,14,13,1128,0.999998,25.7581,0,0.0126952,1127 1127 1128 1062 1061 1192 1193 1256 1257 1194 1129 1195 -1
GCP,adapt_p70-52877936550931_a303-75_368_map.h5,26.874,10,420,1148,19.471220:303.750000,1221,True,12,12,1221,0.999998,23.0982,0,0.0127491,1156 1156 1222 1157 1221 1284 1283 1220 1155 1154 1219 -1
GCP,adapt_p11-715852394892384_a225-0_251_map.h5,26.8567,10,414,1186,78.284149:225.000000,1774,True,14,14,1773,0.999998,26.8411,0,0.0130982,1788 1788 1774 1775 1758 1757 1756 1755 1773 1787 1786 1772 1754 -1
GCP,adapt_p11-715852394892384_a135-0_102_map.h5,26.7319,10,285,1110,78.284149:135.000000,1770,True,39,13,1698,0.994866,24.9899,0,0.0128705,1770 1770 1751 1752 1727 1699 1664 1663 1698 1726 1697 1662 -1
GCP,adapt_p35-659087696138755_a14-999999999999998_57_map.h5,26.8924,10,739,1212,54.340912:15.000000,1568,True,8,8,1612,0.999999,13.1211,0,0.0124252,1613 1613 1612 1611 1567 1568 1569 -1
GCP,adapt_p23-556464309101234_a112-5_351_map.h5,25.8511,10,286,1403,66.443535:112.500000,1697,True,16,13,1726,0.999993,25.4301,0,0.0126495,1699 1699 1727 1728 1698 1663 1697 1696 1725 1726 1751 1752 -1
GCP,adapt_p60-00000000000001_a112-49999999999999_185_map.h5,27.8717,10,432,765,30.000000:112.500000,1313,True,15,13,1313,0.999998,26.1067,0,0.0130489,1312 1312 1251 1314 1373 1372 1313 1250 1311 1370 1371 1429 -1
GCP,adapt_p48-18968510422141_a123-74999999999999_14_map.h5,25.5627,10,162,1502,41.810314:123.750000,1484,True,60,12,1431,0.980556,25.1084,0,0.0130807,1314 1373 1372 1430 1374 1431 1483 1484 1485 1432 1375 -1
GCP,adapt_p11-715852394892384_a225-0_334_map.h5,27.8844,10,513,722,78.284149:225.000000,1774,True,12,12,1774,0.999999,22.4922,0,0.0123828,1787 1787 1775 1757 1756 1773 1774 1788 1789 1795 1796 -1
GCP,adapt_p35-659087696138755_a315-0_101_map.h5,27.8794,10,549,726,54.340912:315.000000,1605,True,12,12,1605,0.999999,23.4732,0,0.0123776,1606 1606 1561 1512 1562 1605 1560 1604 1645 1646 1647 -1
GCP,adapt_p80-40593177313954_a157-5_407_map.h5,27.8831,10,577,782,9.594069:157.500000,1063,True,11,11,1063,0.999999,20.5007,0,0.0126526,1130 1130 1129 1128 1062 995 1063 996 1064 1065 -1
GCP,adapt_p48-18968510422141_a168-74999999999997_310_map.h5,27.8203,10,348,802,41.810314:168.750000,1491,True,23,13,1437,0.999906,25.5862,0,0.0124696,1439 1439 1381 1438 1492 1491 1437 1380 1379 1436 1489 1490 -1
GCP,adapt_p48-18968510422141_a11-25_443_map.h5,27.8829,10,415,700,41.810314:11.250000,1468,True,12,12,1414,0.999999,23.3552,0,0.0128612,1468 1468 1467 1412 1354 1355 1413 1469 1415 1414 1356 -1
GCP,adapt_p48-18968510422141_a123-74999999999999_479_map.h5,27.843,10,261,718,41.810314:123.750000,1484,True,16,13,1431,0.999982,25.1288,0,0.0127544,1486 1486 1433 1432 1485 1536 1535 1484 1430 1431 1374 1373 -1
GCP,adapt_p48-18968510422141_a326-24999999999994_313_map.h5,25.5276,10,155,1532,41.810314:326.250000,1514,False,68,12,1293,0.911114,24.8485,0,0.0132204,1291 1292 1293 1294 1231 1232 1295 1411 1354 1355 1413 -1
GCP,adapt_p60-00000000000001_a202-49999999999997_72_map.h5,25.8334,10,405,1539,30.000000:202.500000,1328,True,19,13,1387,0.999993,25.7738,0,0.0124111,1328 1328 1327 1329 1330 1388 1445 1497 1444 1387 1386 1443 -1
GCP,adapt_p70-52877936550931_a236-25_201_map.h5,26.83,10,373,1126,19.471220:236.250000,1209,True,22,13,1209,0.999955,26.1111,0,0.0128302,1208 1208 1207 1271 1272 1273 1209 1143 1144 1145 1210 1211 -1
GCP,adapt_p60-00000000000001_a202-49999999999997_348_map.h5,28.7612,10,208,380,30.000000:202.500000,1328,True,29,14,1328,0.996978,27.7401,0,0.0126232,1326 1326 1327 1385 1442 1443 1444 1388 1329 1387 1386 1328 1266 -1
GCP,adapt_p11-715852394892384_a315-0_371_map.h5,28.6855,10,113,366,78.284149:315.000000,1778,False,51,15,1797,0.938679,28.011,0,0.0132904,1780 1780 1779 1781 1797 1792 1793 1784 1794 1795 1796 1791 1790 1789 -1
GCP,adapt_p70-52877936550931_a146-25_450_map.h5,27.8824,10,651,736,19.471220:146.250000,1193,True,12,12,1128,0.999999,23.8383,0,0.0123997,1126 1126 1193 1192 1127 1194 1129 1128 1062 1061 1060 -1
GCP,adapt_p23-556464309101234_a157-5_528_map.h5,27.8131,10,335,804,66.443535:157.500000,1701,True,24,13,1701,0.999861,25.8373,0,0.0126608,1702 1702 1731 1754 1730 1729 1728 1665 1666 1700 1701 1667 -1
GCP,adapt_p80-40593177313954_a180-0_132_map.h5,27.8624,10,412,720,9.594069:180.000000,1067,True,14,13,1067,0.999981,25.9911,0,0.0123608,1066 1066 1000 999 1067 1132 1133 1134 1068 1001 1069 1135 -1
GCP,adapt_p48-18968510422141_a191-25_270_map.h5,26.8904,10,840,1060,41.810314:191.250000,1494,True,10,10,1440,0.999999,17.9203,0,0.0123677,1441 1441 1440 1439 1492 1493 1494 1544 1543 -1
GCP,adapt_p23-556464309101234_a67-5_529_map.h5,28.8764,10,375,336,66.443535:67.500000,1693,True,11,11,1693,0.999999,20.2982,0,0.0124214,1694 1694 1724 1723 1722 1693 1692 1656 1657 1658 -1
GCP,adapt_p70-52877936550931_a213-75_151_map.h5,25.4397,10,219,1493,19.471220:213.750000,1205,True,77,12,1205,0.992874,24.0516,0,0.0130727,1331 1269 1206 1140 1205 1268 1267 1204 1139 1138 1203 -1
GCP,adapt_p60-00000000000001_a67-5_39_map.h5,28.876,10,504,396,30.000000:67.500000,1305,True,11,11,1305,0.999998,20.9118,0,0.0127912,1306 1306 1364 1365 1305 1304 1241 1178 1242 1243 -1
GCP,adapt_p35-659087696138755_a255-00000000000003_61_map.h5,28.8842,10,468,395,54.340912:255.000000,1598,True,10,10,1598,0.999999,17.9841,0,0.0125694,1639 1639 1597 1553 1554 1599 1598 1640 1641 -1
GCP,adapt_p23-556464309101234_a292-5_15_map.h5,25.8324,10,475,1455,66.443535:292.500000,1712,True,18,13,1712,0.999989,25.5297,0,0.0124502,1739 1739 1711 1738 1712 1679 1680 1681 1713 1740 1714 1682 -1
GCP,adapt_p35-659087696138755_a255-00000000000003_588_map.h5,27.8919,10,511,741,54.340912:255.000000,1598,True,12,12,1597,1,23.1253,0,0.0129246,1638 1638 1676 1675 1639 1640 1598 1553 1552 1597 1596 -1
GCP,adapt_p48-18968510422141_a123-74999999999999_308_map.h5,25.6478,10,240,1442,41.810314:123.750000,1484,False,49,12,1315,0.933596,24.6142,0,0.0129857,1376 1375 1315 1252 1314 1373 1374 1431 1432 1433 1486 -1
GCP,adapt_p23-556464309101234_a247-49999999999997_494_map.h5,26.7771,10,177,1078,66.443535:247.500000,1708,True,26,13,1707,0.998941,26.4461,0,0.0126762,1735 1734 1757 1733 1705 1706 1673 1674 1707 1735 1708 1675 -1
GCP,adapt_p70-52877936550931_a168-74999999999997_271_map.h5,27.7561,10,355,761,19.471220:168.750000,1197,True,29,14,1132,0.997865,27.6384,0,0.0126965,1259 1259 1196 1195 1130 1131 1197 1260 1261 1198 1132 1133 1199 -1
GCP,adapt_p35-659087696138755_a315-0_432_map.h5,26.8692,10,494,1098,54.340912:315.000000,1605,True,13,13,1606,0.999999,25.5668,0,0.0125673,1647 1647 1605 1561 1604 1645 1646 1606 1562 1563 1607 1648 -1
GCP,adapt_p60-00000000000001_a67-5_217_map.h5,25.3858,10,189,1523,30.000000:67.500000,1305,True,79,12,1366,0.983059,24.4679,0,0.012979,1308 1367 1307 1366 1424 1423 1364 1305 1365 1306 1243 -1
GCP,adapt_p80-40593177313954_a67-5_486_map.h5,26.8722,10,481,1086,9.594069:67.500000,1047,True,13,13,1112,0.999999,26.1336,0,0.0126388,1113 1113 1047 1048 1114 979 1046 1045 1111 1112 1179 1178 -1
GCP,adapt_p35-659087696138755_a344-99999999999994_407_map.h5,28.8423,10,278,353,54.340912:345.000000,1609,True,19,13,1609,0.999992,26.1877,0,0.0125281,1610 1610 1565 1566 1609 1567 1611 1650 1686 1685 1649 1608 -1
GCP,adapt_p35-659087696138755_a285-0_524_map.h5,26.8924,10,631,1032,54.340912:285.000000,1601,True,10,10,1643,0.999999,17.769,0,0.0124004,1601 1601 1602 1603 1644 1680 1679 1643 1642 -1
GCP,adapt_p11-715852394892384_a45-0_243_map.h5,25.8851,10,713,1516,78.284149:45.000000,1766,True,6,6,1766,0.999999,8.04136,0,0.012714,1746 1746 1766 1767 1747 -1
GCP,adapt_p23-556464309101234_a22-5_295_map.h5,26.8974,10,791,1191,66.443535:22.500000,1689,True,8,8,1719,0.999999,14.0319,0,0.0123904,1689 1689 1718 1688 1719 1720 1653 -1
GCP,adapt_p70-52877936550931_a78-75_571_map.h5,27.8612,10,478,707,19.471220:78.750000,1181,True,16,13,1181,0.999997,25.2779,0,0.0126481,1180 1180 1114 1115 1181 1244 1182 1116 1117 1183 1246 1245 -1
GCP,adapt_p60-00000000000001_a202-49999999999997_276_map.h5,27.8192,10,323,755,30.000000:202.500000,1328,True,19,13,1387,0.999903,25.936,0,0.0125521,1330 1330 1267 1329 1388 1387 1444 1443 1386 1328 1385 1327 -1
GCP,adapt_p80-40593177313954_a270-0_503_map.h5,28.7429,10,222,405,9.594069:270.000000,1084,True,34,14,1151,0.999003,27.6941,0,0.0129158,1083 1083 1084 1085 1086 1152 1217 1216 1151 1150 1215 1149 1214 -1
GCP,adapt_p23-556464309101234_a337-5_445_map.h5,28.867,10,449,396,66.443535:337.500000,1716,True,14,14,1716,0.999999,28.2977,0,0.0128435,1715 1715 1682 1714 1740 1683 1684 1685 1717 1716 1741 1742 1743 -1
GCP,adapt_p80-40593177313954_a315-0_208_map.h5,26.8242,10,316,1096,9.594069:315.000000,1093,True,20,13,1159,0.99993,25.5444,0,0.0125985,1158 1158 1159 1160 1161 1096 1095 1027 1094 1026 1093 1092 -1
GCP,adapt_p35-659087696138755_a315-0_586_map.h5,27.879,10,393,741,54.340912:315.000000,1605,True,12,12,1560,0.999999,23.1875,0,0.0128143,1511 1511 1512 1562 1606 1605 1561 1560 1510 1559 1604 -1
GCP,adapt_p60-00000000000001_a315-0_301_map.h5,26.8925,10,812,1177,30.000000:315.000000,1346,True,8,8,1346,0.999999,13.2425,0,0.0123389,1347 1347 1285 1346 1404 1403 1345 -1
GCP,adapt_p23-556464309101234_a157-5_410_map.h5,25.7498,10,260,1451,66.443535:157.500000,1701,True,27,13,1700,0.995928,25.0774,0,0.0129784,1702 1702 1701 1666 1665 1700 1699 1698 1727 1728 1729 1730 -1
GCP,adapt_p70-52877936550931_a33-75_353_map.h5,27.8352,10,329,770,19.471220:33.750000,1173,True,19,13,1107,0.999951,25.681,0,0.0126331,1174 1174 1107 1173 1172 1105 1039 1106 1040 1041 1108 1175 -1
GCP,adapt_p70-52877936550931_a146-25_219_map.h5,25.6309,10,169,1511,19.471220:146.250000,1193,True,52,12,1127,0.988989,24.4922,0,0.0128585,1254 1191 1192 1125 1126 1060 1061 1062 1128 1127 1193 -1
GCP,adapt_p70-52877936550931_a56-24999999999999_573_map.h5,28.8883,10,415,396,19.471220:56.250000,1177,True,8,8,1177,0.999998,13.6914,0,0.0125264,1111 1111 1112 1178 1110 1176 1177 -1
GCP,adapt_p11-715852394892384_a315-0_178_map.h5,26.7482,10,173,1087,78.284149:315.000000,1778,False,30,13,1712,0.996366,25.4269,0,0.0126181,1711 1711 1739 1738 1712 1679 1643 1644 1680 1681 1713 1714 -1
GCP,adapt_p60-00000000000001_a180-0_418_map.h5,25.0622,10,138,1065,30.000000:180.000000,1324,True,305,12,1384,0.759949,24.9974,0,0.021368,1380 1324 1325 1383 1440 1493 1494 1441 1384 1326 1385 -1
GCP,adapt_p80-40593177313954_a180-0_421_map.h5,27.8584,10,453,728,9.594069:180.000000,1067,True,15,13,1067,0.999997,25.5253,0,0.013478,1134 1134 1135 1069 1068 1133 1132 1066 999 1067 1000 1001 -1
GCP,adapt_p80-40593177313954_a135-0_473_map.h5,27.8664,10,365,833,9.594069:135.000000,1059,True,13,13,1059,0.999999,26.6669,0,0.0123885,992 1059 991 992 1060 1126 1125 1124 1058 990 1057 1123 -1
GCP,adapt_p70-52877936550931_a191-25_511_map.h5,26.8312,10,554,1146,19.471220:191.250000,1201,True,14,13,1201,0.999999,25.1772,0,0.013603,1265 1265 1266 1203 1202 1201 1264 1263 1200 1135 1136 1137 -1
GCP,adapt_p23-556464309101234_a67-5_410_map.h5,27.893,10,567,687,66.443535:67.500000,1693,True,11,11,1694,0.999999,20.6879,0,0.0128397,1723 1723 1695 1724 1694 1659 1658 1657 1693 1722 -1
GCP,adapt_p48-18968510422141_a56-24999999999999_332_map.h5,27.8724,10,478,744,41.810314:56.250000,1475,True,11,11,1475,0.999998,19.9695,0,0.0123783,1420 1420 1474 1526 1527 1475 1421 1422 1476 1528 -1
GCP,adapt_p80-40593177313954_a0-0_377_map.h5,27.8472,10,450,734,9.594069:0.000000,1034,True,12,12,1035,0.999998,23.5021,0,0.0125519,1101 1101 1102 1036 968 967 1035 1166 1100 1034 1033 -1
GCP,adapt_p35-659087696138755_a315-0_408_map.h5,28.8672,10,277,352,54.340912:315.000000,1605,True,16,14,1646,0.999996,27.3424,0,0.0126004,1647 1647 1683 1682 1646 1681 1645 1604 1560 1561 1605 1606 1562 -1
GCP,adapt_p11-715852394892384_a225-0_55_map.h5,26.7361,10,197,1074,78.284149:225.000000,1774,True,36,12,1755,0.995748,24.2186,0,0.0127303,1772 1773 1774 1787 1755 1756 1732 1731 1730 1754 1772 -1
GCP,adapt_p80-40593177313954_a67-5_445_map.h5,27.6024,10,48,386,9.594069:67.500000,1047,False,211,13,1098,0.795655,27.4123,0,0.017181,897 1032 1100 1034 1166 1165 1099 1098 1097 1030 1031 964 -1
GCP,adapt_p23-556464309101234_a337-5_374_map.h5,26.8042,10,255,1154,66.443535:337.500000,1716,True,21,13,1743,0.999509,25.5795,0,0.0126003,1764 1764 1718 1744 1743 1717 1687 1686 1685 1716 1742 1741 -1
GCP,adapt_p35-659087696138755_a45-0_248_map.h5,27.8646,10,510,742,54.340912:45.000000,1572,True,13,13,1616,0.999999,25.9521,0,0.0131924,1615 1615 1614 1654 1656 1655 1616 1571 1572 1573 1617 1618 -1
GCP,adapt_p60-00000000000001_a292-5_560_map.h5,26.8262,10,304,1123,30.000000:292.500000,1343,True,19,13,1281,0.999698,25.4065,0,0.0125635,1219 1219 1218 1280 1342 1281 1282 1343 1401 1344 1283 1220 -1
GCP,adapt_p60-00000000000001_a22-5_313_map.h5,27.7341,10,181,788,30.000000:22.500000,1298,True,34,13,1297,0.996967,25.3323,0,0.0126644,1299 1299 1235 1298 1357 1356 1297 1234 1233 1296 1232 1169 -1
GCP,adapt_p35-659087696138755_a224-99999999999997_590_map.h5,27.8784,10,463,772,54.340912:225.000000,1594,True,12,12,1594,0.999998,22.9102,0,0.0123697,1593 1593 1548 1549 1499 1550 1595 1637 1594 1636 1635 -1
GCP,adapt_p35-659087696138755_a14-999999999999998_590_map.h5,27.8914,10,449,699,54.340912:15.000000,1568,True,9,9,1568,0.999999,15.5457,0,0.0124234,1613 1613 1612 1567 1520 1521 1568 1569 -1
GCP,adapt_p60-00000000000001_a90-0_143_map.h5,26.8424,10,523,1049,30.000000:90.000000,1309,True,16,13,1309,0.999996,25.2575,0,0.0124346,1368 1368 1369 1311 1248 1247 1310 1309 1246 1245 1308 1367 -1
GCP,adapt_p70-52877936550931_a123-74999999999999_532_map.h5,27.8923,10,585,731,19.471220:123.750000,1189,True,9,9,1124,0.999998,16.0766,0,0.0124467,1123 1123 1190 1191 1125 1124 1189 1188 -1
GCP,adapt_p80-40593177313954_a112-49999999999999_132_map.h5,27.8633,10,456,764,9.594069:112.500000,1055,True,14,13,1054,0.999998,25.8269,0,0.0124838,987 987 1053 1119 1052 985 986 1054 1120 1121 1055 988 -1
GCP,adapt_p70-52877936550931_a348-74999999999994_424_map.h5,26.8593,10,461,1087,19.471220:348.750000,1229,True,15,13,1229,0.999998,26.7664,0,0.0125086,1291 1291 1227 1290 1352 1229 1228 1164 1165 1230 1292 1293 -1
GCP,adapt_p80-40593177313954_a180-0_5_map.h5,27.8283,10,303,758,9.594069:180.000000,1067,True,20,13,1000,0.999956,25.7584,0,0.0124724,934 934 933 932 998 1066 999 1067 1000 1001 1069 1068 -1
GCP,adapt_p60-00000000000001_a247-49999999999997_409_map.h5,25.8691,10,689,1492,30.000000:247.500000,1335,True,13,13,1335,0.999999,25.8229,0,0.0126697,1334 1334 1274 1275 1336 1394 1393 1335 1273 1272 1333 1392 -1
GCP,adapt_p23-556464309101234_a292-5_487_map.h5,28.7798,10,135,346,66.443535:292.500000,1712,True,29,14,1738,0.999371,28.0551,0,0.012961,1713 1713 1740 1739 1712 1679 1711 1737 1710 1738 1761 1760 1759 -1
GCP,adapt_p60-00000000000001_a247-49999999999997_260_map.h5,25.7742,10,260,1450,30.000000:247.500000,1335,True,26,12,1274,0.999069,22.7103,0,0.0125832,1212 1212 1275 1336 1335 1274 1211 1210 1273 1334 1272 -1
GCP,adapt_p60-00000000000001_a135-0_484_map.h5,27.8324,10,310,666,30.000000:135.000000,1316,True,20,13,1375,0.999957,25.466,0,0.012468,1374 1374 1315 1316 1375 1432 1376 1317 1318 1377 1434 1433 -1
GCP,adapt_p70-52877936550931_a191-25_226_map.h5,27.8754,10,386,805,19.471220:191.250000,1201,True,12,12,1201,0.999999,23.1845,0,0.0123814,1136 1136 1135 1200 1263 1264 1201 1137 1203 1202 1265 -1
GCP,adapt_p11-715852394892384_a135-0_507_map.h5,26.89,10,840,1194,78.284149:135.000000,1770,True,10,10,1752,0.999999,17.5718,0,0.0127608,1770 1770 1771 1753 1752 1751 1726 1727 1728 -1
GCP,adapt_p35-659087696138755_a75-0_96_map.h5,27.8941,10,676,687,54.340912:75.000000,1576,True,9,9,1576,0.999999,15.5543,0,0.0126678,1619 1619 1620 1577 1530 1529 1576 1575 -1
GCP,adapt_p80-40593177313954_a337-49999999999994_74_map.h5,27.8883,10,606,748,9.594069:337.500000,1097,True,10,10,1097,0.999998,19.0564,0,0.0124907,1163 1163 1030 1097 1096 1162 1098 1164 1099 -1
GCP,adapt_p35-659087696138755_a135-0_417_map.h5,26.1585,10,78,1143,54.340912:135.000000,1583,False,137,9,1627,0.894617,24.374,0,0.0141952,1561 1584 1585 1628 1627 1665 1664 1626 -1
GCP,adapt_p23-556464309101234_a67-5_328_map.h5,25.8365,10,489,1485,66.443535:67.500000,1693,True,18,13,1657,0.999984,25.106,0,0.0132861,1692 1692 1691 1655 1617 1656 1657 1618 1619 1658 1693 1694 -1
GCP,adapt_p70-52877936550931_a303-75_105_map.h5,25.8594,10,482,1475,19.471220:303.750000,1221,True,14,13,1283,0.999999,25.2711,0,0.0123755,1284 1284 1222 1157 1156 1221 1220 1155 1219 1282 1283 1344 -1
GCP,adapt_p70-52877936550931_a236-25_315_map.h5,25.8601,10,572,1465,19.471220:236.250000,1209,True,14,13,1144,0.999997,25.4166,0,0.0126595,1210 1210 1211 1273 1272 1209 1208 1143 1078 1144 1145 1079 -1
GCP,adapt_p48-18968510422141_a236-25_456_map.h5,26.8605,10,442,1157,41.810314:236.250000,1501,True,12,12,1449,0.999999,23.7944,0,0.0132675,1501 1501 1502 1450 1500 1447 1448 1391 1392 1449 1393 -1
GCP,adapt_p11-715852394892384_a225-0_374_map.h5,26.8972,10,787,1122,78.284149:225.000000,1774,True,7,7,1757,0.999999,10.457,0,0.0125912,1758 1758 1775 1774 1757 1756 -1
GCP,adapt_p70-52877936550931_a11-25_468_map.h5,27.896,10,624,725,19.471220:11.250000,1169,True,9,9,1169,0.999999,15.6916,0,0.0127524,1102 1102 1103 1170 1233 1232 1169 1168 -1
GCP,adapt_p35-659087696138755_a285-0_416_map.h5,27.769,10,161,731,54.340912:285.000000,1601,False,29,13,1643,0.998633,25.5336,0,0.012927,1641 1641 1677 1710 1711 1680 1644 1602 1643 1679 1678 1642 -1
GCP,adapt_p80-40593177313954_a22-5_238_map.h5,27.864,10,542,724,9.594069:22.500000,1038,True,12,12,1038,0.999999,23.4588,0,0.0127277,970 970 971 1039 1105 1104 1038 969 1036 1037 1103 -1
GCP,adapt_p60-00000000000001_a90-0_425_map.h5,26.8573,10,492,1125,30.000000:90.000000,1309,True,15,13,1309,0.999998,25.9029,0,0.0124756,1247 1247 1309 1246 1245 1307 1366 1367 1308 1368 1310 1248 -1
GCP,adapt_p48-18968510422141_a236-25_78_map.h5,27.87,10,330,787,41.810314:236.250000,1501,True,12,12,1500,0.999999,23.1387,0,0.0128008,1499 1499 1549 1550 1551 1501 1500 1446 1447 1448 1449 -1
GCP,adapt_p80-40593177313954_a135-0_526_map.h5,26.594,10,145,1087,9.594069:135.000000,1059,True,56,12,1125,0.985624,24.9818,0,0.0127804,1193 1192 1126 1060 1191 1254 1190 1189 1124 1125 1059 -1
GCP,adapt_p35-659087696138755_a135-0_362_map.h5,28.8463,10,209,413,54.340912:135.000000,1583,True,20,14,1584,0.999993,27.6578,0,0.0124921,1538 1538 1539 1585 1628 1665 1664 1626 1627 1584 1583 1537 1582 -1
GCP,adapt_p35-659087696138755_a14-999999999999998_38_map.h5,25.3142,10,155,1524,54.340912:15.000000,1568,True,90,12,1568,0.993238,25.0695,0,0.0135346,1524 1522 1569 1613 1612 1568 1521 1567 1520 1468 1467 -1
GCP,adapt_p48-18968510422141_a146-25_430_map.h5,27.8794,10,497,718,41.810314:146.250000,1488,True,10,10,1434,0.999999,18.2123,0,0.0124154,1487 1487 1433 1434 1435 1436 1489 1488 1538 -1
GCP,adapt_p48-18968510422141_a258-75_570_map.h5,26.5028,10,117,1042,41.810314:258.750000,1504,True,72,12,1451,0.98348,24.4676,0,0.0130178,1552 1450 1394 1336 1337 1395 1451 1503 1504 1452 1396 -1
GCP,adapt_p23-556464309101234_a202-5_517_map.h5,25.7561,10,238,1412,66.443535:202.500000,1704,True,32,12,1732,0.997404,22.6657,0,0.0127057,1773 1773 1754 1730 1731 1755 1756 1733 1732 1704 1705 -1
GCP,adapt_p70-52877936550931_a258-75_165_map.h5,28.8468,10,264,367,19.471220:258.750000,1213,True,18,14,1213,0.999982,27.638,0,0.0130034,1147 1147 1148 1083 1149 1150 1215 1214 1277 1276 1213 1212 1275 -1
GCP,adapt_p60-00000000000001_a90-0_374_map.h5,27.8562,10,441,743,30.000000:90.000000,1309,True,15,14,1369,0.999998,27.8102,0,0.0125677,1309 1309 1247 1310 1368 1367 1425 1426 1427 1369 1370 1311 1248 -1
GCP,adapt_p48-18968510422141_a236-25_257_map.h5,26.8554,10,479,1076,41.810314:236.250000,1501,True,15,13,1500,0.999998,25.0968,0,0.0123811,1551 1551 1596 1595 1550 1549 1499 1500 1501 1448 1449 1502 -1
GCP,adapt_p48-18968510422141_a168-74999999999997_396_map.h5,25.8535,10,425,1500,41.810314:168.750000,1491,True,13,13,1437,0.999999,25.4924,0,0.013253,1436 1436 1489 1540 1541 1490 1379 1380 1437 1438 1491 1542 -1
GCP,adapt_p80-40593177313954_a90-0_10_map.h5,26.8293,10,272,1140,9.594069:90.000000,1051,True,20,13,1049,0.999993,25.2237,0,0.0125591,982 982 981 1048 1114 1115 1049 1050 1116 1117 1051 983 -1
GCP,adapt_p35-659087696138755_a135-0_244_map.h5,28.7812,10,241,393,54.340912:135.000000,1583,True,25,14,1583,0.999297,27.8533,0,0.0126767,1582 1582 1537 1583 1626 1625 1664 1665 1627 1585 1584 1538 1487 -1
GCP,adapt_p70-52877936550931_a11-25_478_map.h5,25.7162,10,146,1518,19.471220:11.250000,1169,True,39,12,1232,0.99317,24.9875,0,0.0125682,1297 1296 1295 1354 1355 1233 1232 1169 1168 1231 1294 -1
GCP,adapt_p70-52877936550931_a348-74999999999994_548_map.h5,28.866,10,313,384,19.471220:348.750000,1229,True,14,14,1228,0.999998,27.7974,0,0.012749,1290 1290 1351 1352 1291 1229 1292 1230 1165 1164 1163 1228 1227 -1
GCP,adapt_p70-52877936550931_a78-75_487_map.h5,26.8573,10,260,1106,19.471220:78.750000,1181,True,13,13,1115,0.999999,25.6325,0,0.0124637,1180 1180 1115 1049 1116 1182 1181 1114 1048 1047 1113 1179 -1
GCP,adapt_p80-40593177313954_a224-99999999999997_78_map.h5,26.8429,10,364,1142,9.594069:225.000000,1076,True,16,13,1076,0.999986,26.0755,0,0.0128552,1141 1141 1142 1140 1074 1075 1008 1009 1076 1077 1143 1078 -1
GCP,adapt_p80-40593177313954_a337-49999999999994_402_map.h5,25.8724,10,404,1510,9.594069:337.500000,1097,True,13,12,1096,0.999999,23.9371,0,0.0123854,1161 1161 1160 1095 1162 1163 1096 1029 1097 1030 1098 -1
GCP,adapt_p23-556464309101234_a247-49999999999997_312_map.h5,28.8642,10,280,356,66.443535:247.500000,1708,True,16,14,1708,0.999998,28.0615,0,0.01265,1707 1707 1673 1674 1675 1708 1734 1735 1759 1736 1709 1676 1710 -1
GCP,adapt_p11-715852394892384_a225-0_199_map.h5,27.8932,10,584,733,78.284149:225.000000,1774,True,12,12,1757,0.999999,22.5965,0,0.0125739,1756 1756 1733 1757 1758 1775 1774 1755 1773 1787 1788 -1
GCP,adapt_p48-18968510422141_a258-75_271_map.h5,28.8571,10,459,384,41.810314:258.750000,1504,True,15,14,1451,0.999998,28.6557,0,0.0127003,1503 1503 1394 1451 1452 1395 1450 1502 1552 1553 1554 1504 1505 -1
GCP,adapt_p48-18968510422141_a78-75_79_map.h5,27.8423,10,372,735,41.810314:78.750000,1478,True,16,13,1424,0.99998,25.3725,0,0.0134471,1479 1479 1478 1424 1366 1367 1425 1530 1529 1477 1423 1365 -1
GCP,adapt_p60-00000000000001_a315-0_459_map.h5,26.1327,10,113,1092,30.000000:315.000000,1346,True,130,12,1286,0.907972,25.9064,0,0.0138726,1456 1284 1285 1346 1347 1348 1287 1225 1224 1286 1223 -1
GCP,adapt_p35-659087696138755_a315-0_135_map.h5,25.7801,10,202,1474,54.340912:315.000000,1605,True,26,13,1646,0.999266,24.9957,0,0.0127475,1647 1647 1606 1605 1561 1560 1604 1603 1645 1681 1682 1646 -1
GCP,adapt_p70-52877936550931_a56-24999999999999_422_map.h5,26.8788,10,572,1114,19.471220:56.250000,1177,True,12,12,1177,0.999999,23.3173,0,0.0130186,1241 1241 1240 1176 1110 1111 1177 1242 1179 1178 1112 -1
GCP,adapt_p80-40593177313954_a22-5_559_map.h5,25.788,10,139,1544,9.594069:22.500000,1038,False,18,13,902,0.999971,25.4823,0,0.0128515,901 901 900 968 1036 1037 969 902 970 903 904 971 -1
GCP,adapt_p23-556464309101234_a202-5_149_map.h5,26.8014,10,275,1095,66.443535:202.500000,1704,True,24,13,1703,0.99859,24.8978,0,0.0133727,1731 1731 1732 1704 1705 1671 1670 1633 1632 1669 1703 1702 -1
GCP,adapt_p35-659087696138755_a255-00000000000003_415_map.h5,28.8939,10,497,392,54.340912:255.000000,1598,True,10,10,1639,0.999999,17.779,0,0.012846,1598 1598 1597 1596 1638 1675 1676 1639 1640 -1
GCP,adapt_p60-00000000000001_a0-0_343_map.h5,27.8844,10,505,786,30.000000:0.000000,1294,True,10,10,1294,0.999998,18.56,0,0.0123314,1295 1295 1293 1231 1294 1353 1411 1354 1355 -1
GCP,adapt_p35-659087696138755_a344-99999999999994_520_map.h5,27.8413,10,298,828,54.340912:345.000000,1609,True,17,13,1609,0.999993,25.7044,0,0.0124772,1610 1610 1565 1566 1609 1608 1564 1607 1648 1649 1650 1611 -1
GCP,adapt_p48-18968510422141_a303-75_577_map.h5,27.8877,10,508,780,41.810314:303.750000,1510,True,10,10,1459,0.999999,18.1304,0,0.0130845,1403 1403 1460 1404 1459 1511 1510 1458 1402 -1
GCP,adapt_p70-52877936550931_a213-75_521_map.h5,27.8344,10,553,759,19.471220:213.750000,1205,True,12,12,1268,0.999998,23.762,0,0.0123487,1205 1205 1269 1207 1206 1140 1268 1330 1329 1267 1204 -1
GCP,adapt_p60-00000000000001_a224-99999999999997_485_map.h5,25.2994,10,229,1493,30.000000:225.000000,1331,True,92,12,1271,0.800366,24.965,0,0.0133392,1334 1333 1272 1208 1271 1391 1390 1332 1270 1269 1331 -1
GCP,adapt_p35-659087696138755_a195-0_586_map.h5,24.8487,10,169,1508,54.340912:195.000000,1590,False,164,11,1494,0.851641,23.04,0,0.0150276,1490 1543 1493 1494 1441 1544 1545 1495 1442 1443 -1
GCP,adapt_p60-00000000000001_a247-49999999999997_491_map.h5,28.8262,10,217,388,30.000000:247.500000,1335,True,23,14,1335,0.999963,28.1389,0,0.0135675,1394 1394 1393 1392 1333 1334 1273 1274 1335 1336 1395 1337 1275 -1
GCP,adapt_p80-40593177313954_a247-49999999999997_13_map.h5,27.8805,10,442,784,9.594069:247.500000,1080,True,11,11,1081,0.999999,21.2449,0,0.012291,1080 1080 1145 1079 1146 1013 1081 1147 1148 1082 -1
GCP,adapt_p35-659087696138755_a255-00000000000003_491_map.h5,27.8903,10,572,741,54.340912:255.000000,1598,True,9,9,1598,0.999999,15.4398,0,0.0124441,1599 1599 1554 1553 1598 1640 1639 1597 -1
GCP,adapt_p48-18968510422141_a326-24999999999994_462_map.h5,26.8163,10,496,1117,41.810314:326.250000,1514,False,22,13,1405,0.999938,25.3482,0,0.0125164,1348 1348 1347 1404 1459 1460 1512 1513 1461 1405 1406 1462 -1
GCP,adapt_p35-659087696138755_a135-0_286_map.h5,26.1883,10,82,1114,54.340912:135.000000,1583,False,118,11,1486,0.951051,25.7181,0,0.0145057,1477 1374 1431 1485 1432 1375 1433 1486 1487 1434 -1
GCP,adapt_p23-556464309101234_a202-5_35_map.h5,25.2104,10,196,1482,66.443535:202.500000,1704,False,118,12,1350,0.826966,24.2622,0,0.0144371,1353 1352 1351 1290 1289 1350 1408 1409 1465 1466 1412 -1
GCP,adapt_p48-18968510422141_a146-25_248_map.h5,24.3245,10,135,1773,41.810314:146.250000,1488,False,89,11,1329,0.931264,22.4031,0,0.0133375,1326 1328 1266 1267 1329 1387 1388 1389 1330 1268 -1
GCP,adapt_p35-659087696138755_a224-99999999999997_192_map.h5,27.8899,10,541,762,54.340912:225.000000,1594,True,9,9,1636,0.999999,15.3111,0,0.0128751,1637 1637 1595 1594 1593 1635 1636 1673 -1
GCP,adapt_p35-659087696138755_a344-99999999999994_510_map.h5,27.1452,10,77,760,54.340912:345.000000,1609,False,129,13,1520,0.877779,27.0984,0,0.0143446,1470 1521 1568 1520 1468 1467 1519 1610 1567 1611 1686 1685 -1
GCP,adapt_p35-659087696138755_a14-999999999999998_194_map.h5,25.841,10,401,1517,54.340912:15.000000,1568,True,17,12,1613,0.999986,23.3505,0,0.0127537,1614 1614 1569 1522 1570 1615 1653 1652 1613 1612 1568 -1
GCP,adapt_p35-659087696138755_a195-0_89_map.h5,26.8693,10,733,1180,54.340912:195.000000,1590,True,9,9,1590,0.999999,15.4947,0,0.0124963,1632 1632 1633 1591 1590 1589 1544 1545 -1
GCP,adapt_p60-00000000000001_a292-5_96_map.h5,27.8824,10,497,718,30.000000:292.500000,1343,True,11,11,1343,0.999999,20.6848,0,0.0123887,1401 1401 1344 1282 1343 1400 1342 1281 1280 1341 -1
GCP,adapt_p60-00000000000001_a315-0_383_map.h5,28.8981,10,541,381,30.000000:315.000000,1346,True,8,8,1404,0.999999,13.6564,0,0.0127094,1346 1346 1345 1403 1347 1405 1404 -1
GCP,adapt_p11-715852394892384_a225-0_512_map.h5,27.872,10,429,763,78.284149:225.000000,1774,True,16,13,1774,0.999998,25.048,0,0.0127884,1775 1775 1774 1787 1788 1758 1757 1756 1755 1773 1772 1754 -1
GCP,adapt_p60-00000000000001_a315-0_162_map.h5,28.8342,10,200,388,30.000000:315.000000,1346,True,20,14,1347,0.999937,27.5483,0,0.0125563,1405 1405 1406 1349 1288 1287 1348 1347 1286 1223 1285 1346 1404 -1
GCP,adapt_p60-00000000000001_a0-0_395_map.h5,27.8661,10,547,729,30.000000:0.000000,1294,True,15,13,1294,0.999998,26.0054,0,0.0126942,1354 1354 1355 1411 1410 1352 1353 1294 1293 1231 1295 1232 -1
GCP,adapt_p35-659087696138755_a135-0_427_map.h5,25.7099,10,85,1141,54.340912:135.000000,1583,False,207,10,1143,0.796684,24.1908,0,0.0166912,1588 1075 1141 1142 1076 1077 1143 1144 1209 -1
GCP,adapt_p48-18968510422141_a11-25_3_map.h5,27.8583,10,336,772,41.810314:11.250000,1468,True,16,13,1413,0.999996,25.3805,0,0.0125258,1468 1468 1467 1412 1413 1355 1354 1295 1296 1356 1414 1415 -1
GCP,adapt_p80-40593177313954_a292-5_162_map.h5,26.2642,10,139,1046,9.594069:292.500000,1088,False,114,12,1276,0.916565,24.783,0,0.0136135,1211 1275 1213 1276 1277 1214 1215 1150 1151 1216 1152 -1
GCP,adapt_p80-40593177313954_a22-5_290_map.h5,23.6304,10,121,1491,9.594069:22.500000,1038,False,351,10,1427,0.691646,21.8296,0,0.0240276,1536 1428 1427 1481 1480 1426 1307 1244 1243 -1
GCP,adapt_p11-715852394892384_a135-0_594_map.h5,27.8652,10,403,734,78.284149:135.000000,1770,True,11,11,1752,0.999999,21.1754,0,0.0125525,1753 1753 1728 1727 1726 1751 1770 1752 1729 1771 -1
GCP,adapt_p48-18968510422141_a258-75_306_map.h5,24.9692,10,114,1528,41.810314:258.750000,1504,False,168,9,1148,0.695529,24.1764,0,0.0154078,1794 1761 1760 1738 1737 1148 1082 1147 -1
GCP,adapt_p48-18968510422141_a191-25_317_map.h5,24.9622,10,217,1517,41.810314:191.250000,1494,False,145,11,1587,0.690121,23.5858,0,0.0145699,1578 1579 1580 1581 1624 1585 1586 1587 1588 1543 -1
GCP,adapt_p70-52877936550931_a258-75_286_map.h5,27.8783,10,526,730,19.471220:258.750000,1213,True,12,12,1213,0.999999,22.9614,0,0.012466,1276 1276 1277 1215 1149 1214 1213 1148 1147 1212 1275 -1
GCP,adapt_p23-556464309101234_a22-5_231_map.h5,27.8903,10,563,797,66.443535:22.500000,1689,True,9,9,1688,0.999999,15.3427,0,0.0124654,1719 1719 1689 1653 1652 1688 1718 1687 -1
GCP,adapt_p35-659087696138755_a224-99999999999997_572_map.h5,27.8561,10,358,744,54.340912:225.000000,1594,True,17,13,1594,0.999997,25.5154,0,0.0126882,1550 1550 1596 1638 1637 1595 1549 1594 1636 1673 1635 1593 -1
GCP,adapt_p48-18968510422141_a326-24999999999994_537_map.h5,25.7783,10,196,1514,41.810314:326.250000,1514,True,31,13,1461,0.998173,25.0697,0,0.0124552,1562 1562 1512 1460 1404 1405 1461 1513 1514 1462 1406 1348 -1
GCP,adapt_p60-00000000000001_a180-0_112_map.h5,25.7832,10,255,1555,30.000000:180.000000,1324,True,26,13,1382,0.99968,25.6131,0,0.0125472,1324 1324 1384 1441 1440 1383 1382 1439 1492 1438 1381 1323 -1
GCP,adapt_p70-52877936550931_a348-74999999999994_316_map.h5,25.8723,10,711,1466,19.471220:348.750000,1229,True,9,9,1229,0.999999,16.0506,0,0.012531,1165 1165 1230 1164 1229 1292 1291 1228 -1
GCP,adapt_p23-556464309101234_a22-5_178_map.h5,25.7743,10,151,1549,66.443535:22.500000,1689,True,27,13,1652,0.999299,25.2009,0,0.0125627,1651 1651 1612 1613 1652 1688 1653 1614 1615 1654 1690 1689 -1
GCP,adapt_p23-556464309101234_a157-5_578_map.h5,28.8373,10,228,423,66.443535:157.500000,1701,False,18,14,1699,0.99993,27.5971,0,0.012568,1664 1664 1665 1700 1729 1728 1699 1698 1663 1697 1726 1727 1752 -1
GCP,adapt_p23-556464309101234_a22-5_4_map.h5,26.8764,10,639,1112,66.443535:22.500000,1689,True,12,12,1719,0.999998,22.9211,0,0.0123805,1720 1720 1745 1746 1719 1718 1688 1652 1653 1689 1690 -1
GCP,adapt_p11-715852394892384_a225-0_270_map.h5,25.8757,10,509,1462,78.284149:225.000000,1774,True,11,11,1774,0.999999,20.3103,0,0.0131331,1757 1757 1774 1775 1758 1756 1755 1773 1787 1788 -1
GCP,adapt_p48-18968510422141_a258-75_582_map.h5,27.8353,10,350,771,41.810314:258.750000,1504,True,17,13,1451,0.999868,25.808,0,0.0124652,1502 1502 1503 1553 1552 1449 1450 1394 1395 1451 1504 1452 -1
GCP,adapt_p35-659087696138755_a75-0_539_map.h5,28.8606,10,305,362,54.340912:75.000000,1576,True,14,14,1576,0.999998,28.2207,0,0.0132008,1530 1530 1576 1529 1528 1574 1575 1619 1620 1621 1577 1531 1478 -1
GCP,adapt_p35-659087696138755_a224-99999999999997_401_map.h5,25.8541,10,450,1488,54.340912:225.000000,1594,True,14,13,1593,0.999997,24.8026,0,0.0127169,1549 1549 1499 1498 1548 1547 1592 1634 1635 1593 1594 1636 -1
GCP,adapt_p60-00000000000001_a45-0_561_map.h5,26.8973,10,744,1158,30.000000:45.000000,1301,True,9,9,1301,0.999999,17.3908,0,0.0125066,1360 1301 1238 1237 1300 1302 1361 1360 -1
GCP,adapt_p60-00000000000001_a22-5_285_map.h5,27.8854,10,545,724,30.000000:22.500000,1298,True,11,11,1298,0.999999,21.3756,0,0.0123458,1357 1357 1356 1233 1234 1297 1358 1299 1298 1235 -1
GCP,adapt_p48-18968510422141_a348-74999999999994_122_map.h5,25.8633,10,455,1457,41.810314:348.750000,1517,True,15,13,1518,0.999998,25.393,0,0.0125377,1517 1517 1465 1410 1411 1412 1466 1518 1566 1519 1467 1413 -1
GCP,adapt_p35-659087696138755_a14-999999999999998_486_map.h5,26.8433,10,446,1100,54.340912:15.000000,1568,True,18,13,1613,0.999988,25.6138,0,0.0125006,1651 1651 1688 1689 1653 1614 1569 1613 1652 1568 1612 1611 -1
GCP,adapt_p70-52877936550931_a168-74999999999997_236_map.h5,26.5739,10,180,1025,19.471220:168.750000,1197,True,60,12,1196,0.956561,24.5508,0,0.0128815,997 1065 1132 1198 1197 1131 1196 1195 1129 1130 1064 -1
GCP,adapt_p23-556464309101234_a337-5_37_map.h5,27.8644,10,382,734,66.443535:337.500000,1716,True,15,13,1684,0.999995,25.4198,0,0.012411,1683 1683 1715 1741 1742 1717 1685 1649 1716 1684 1648 1647 -1
GCP,adapt_p60-00000000000001_a202-49999999999997_282_map.h5,27.8943,10,600,771,30.000000:202.500000,1328,True,10,10,1327,0.999999,17.8531,0,0.0125245,1265 1265 1264 1326 1327 1385 1386 1328 1266 -1
GCP,adapt_p35-659087696138755_a135-0_309_map.h5,28.8253,10,279,332,54.340912:135.000000,1583,True,21,14,1581,0.999956,28.135,0,0.0124897,1535 1535 1580 1623 1662 1624 1581 1536 1582 1625 1663 1626 1583 -1
GCP,adapt_p80-40593177313954_a90-0_44_map.h5,26.8349,10,292,1109,9.594069:90.000000,1051,True,18,13,1051,0.999969,26.1507,0,0.0128782,1050 1050 984 983 1051 1116 1117 1118 1052 985 1053 1119 -1
GCP,adapt_p70-52877936550931_a258-75_526_map.h5,27.8303,10,354,808,19.471220:258.750000,1213,True,18,13,1214,0.999867,26.0461,0,0.0124762,1150 1150 1151 1216 1277 1276 1213 1212 1148 1149 1214 1215 -1
GCP,adapt_p48-18968510422141_a213-75_365_map.h5,25.2251,10,181,1469,41.810314:213.750000,1497,False,108,10,1445,0.958809,19.6972,0,0.0137322,1443 1387 1388 1444 1445 1498 1446 1389 1390 -1
GCP,adapt_p60-00000000000001_a45-0_15_map.h5,26.8714,10,416,1111,30.000000:45.000000,1301,True,12,12,1301,0.999999,23.6882,0,0.0123335,1302 1302 1362 1361 1238 1239 1301 1360 1359 1300 1237 -1
GCP,adapt_p60-00000000000001_a247-49999999999997_454_map.h5,27.8738,10,415,758,30.000000:247.500000,1335,True,12,12,1335,0.999999,23.2104,0,0.0129523,1273 1273 1333 1272 1334 1392 1393 1335 1274 1336 1394 -1
GCP,adapt_p60-00000000000001_a45-0_516_map.h5,26.853,10,360,1021,30.000000:45.000000,1301,True,14,13,1303,0.999999,25.0766,0,0.0127782,1362 1362 1361 1301 1238 1239 1302 1303 1240 1241 1304 1363 -1
GCP,adapt_p80-40593177313954_a90-0_161_map.h5,25.7243,10,294,1504,9.594069:90.000000,1051,True,33,12,1118,0.992746,23.3844,0,0.0124918,1053 1053 1120 1052 1051 1117 1183 1184 1118 1119 1185 -1
GCP,adapt_p80-40593177313954_a270-0_466_map.h5,27.8282,10,391,762,9.594069:270.000000,1084,True,21,13,1150,0.999934,25.4302,0,0.0125786,1084 1084 1083 1148 1214 1149 1150 1215 1216 1151 1085 1086 -1
GCP,adapt_p70-52877936550931_a123-74999999999999_204_map.h5,27.8231,10,377,775,19.471220:123.750000,1189,True,20,14,1253,0.999984,27.632,0,0.0126973,1124 1124 1123 1188 1251 1252 1189 1190 1253 1254 1191 1125 1126 -1
GCP,adapt_p70-52877936550931_a281-24999999999994_315_map.h5,28.8868,10,427,389,19.471220:281.250000,1217,True,11,11,1217,0.999999,20.3328,0,0.0129792,1218 1218 1153 1152 1151 1216 1279 1217 1280 1281 -1
GCP,adapt_p60-00000000000001_a270-0_343_map.h5,26.7242,10,299,1085,30.000000:270.000000,1339,True,33,12,1337,0.993807,24.3828,0,0.0125576,1395 1337 1338 1396 1397 1339 1277 1276 1275 1336 1395 -1
GCP,adapt_p35-659087696138755_a344-99999999999994_107_map.h5,26.8973,10,720,1185,54.340912:345.000000,1609,True,8,8,1608,0.999999,13.0483,0,0.0124529,1609 1609 1608 1607 1648 1649 1650 -1
GCP,adapt_p80-40593177313954_a292-5_212_map.h5,25.7428,10,260,1427,9.594069:292.500000,1088,True,31,13,1020,0.996014,25.2382,0,0.0129781,951 951 1018 1086 1087 1019 952 953 1020 1088 1021 954 -1
GCP,adapt_p48-18968510422141_a191-25_75_map.h5,26.1038,10,117,1167,41.810314:191.250000,1494,True,131,12,1441,0.70749,25.569,0,0.0139893,1075 1140 1205 1139 1204 1267 1385 1442 1494 1441 1440 -1
GCP,adapt_p48-18968510422141_a191-25_343_map.h5,24.4667,10,106,1796,41.810314:191.250000,1494,False,75,12,1630,0.963708,24.0085,0,0.0130539,1491 1542 1588 1631 1668 1702 1701 1667 1629 1630 1587 -1
GCP,adapt_p80-40593177313954_a67-5_36_map.h5,25.569,10,96,1576,9.594069:67.500000,1047,True,59,11,1113,0.923313,23.5086,0,0.0127727,1242 1180 1114 1179 1113 1047 1046 1112 1303 1302 -1
GCP,adapt_p48-18968510422141_a11-25_357_map.h5,25.0052,10,94,1153,41.810314:11.250000,1468,True,319,11,1467,0.457972,23.4579,0,0.0224023,1714 1608 1565 1609 1610 1519 1518 1467 1413 1468 -1
GCP,adapt_p80-40593177313954_a135-0_537_map.h5,22.6358,10,72,1848,9.594069:135.000000,1059,False,351,10,1062,0.774912,21.2882,0,0.0246993,1261 1258 1193 1127 1061 1128 1062 995 1063 -1
GCP,adapt_p48-18968510422141_a123-74999999999999_501_map.h5,27.88,10,413,780,41.810314:123.750000,1484,True,13,13,1484,0.999998,25.4816,0,0.0137474,1536 1536 1537 1486 1432 1485 1535 1534 1483 1484 1431 1430 -1
GCP,adapt_p70-52877936550931_a11-25_566_map.h5,27.8523,10,341,758,19.471220:11.250000,1169,True,18,13,1102,0.999991,25.8921,0,0.0125019,1103 1103 1169 1168 1102 1037 1036 1035 1101 1167 1166 1034 -1
GCP,adapt_p80-40593177313954_a45-0_312_map.h5,28.8419,10,281,412,9.594069:45.000000,1042,True,17,14,1043,0.999998,28.2468,0,0.0128681,976 976 1042 1108 1107 1041 974 975 1043 1109 1110 1044 977 -1
GCP,adapt_p35-659087696138755_a135-0_65_map.h5,28.8402,10,310,401,54.340912:135.000000,1583,True,18,14,1582,0.999993,27.922,0,0.0126189,1626 1626 1584 1583 1537 1536 1582 1535 1581 1624 1625 1664 1663 -1
GCP,adapt_p60-00000000000001_a315-0_78_map.h5,28.859,10,279,329,30.000000:315.000000,1346,True,16,14,1347,0.999998,27.6849,0,0.0127947,1348 1348 1287 1286 1223 1222 1284 1345 1285 1346 1404 1405 1347 -1
GCP,adapt_p80-40593177313954_a22-5_187_map.h5,25.4023,10,166,1489,9.594069:22.500000,1038,False,78,11,1172,0.969155,24.747,0,0.0135231,1528 1237 1236 1173 1107 1040 1039 1105 1106 1172 -1
GCP,adapt_p48-18968510422141_a348-74999999999994_552_map.h5,26.7744,10,186,1065,41.810314:348.750000,1517,True,28,13,1465,0.999298,25.2735,0,0.0133804,1463 1463 1407 1408 1464 1409 1410 1466 1465 1517 1516 1515 -1
GCP,adapt_p35-659087696138755_a135-0_307_map.h5,25.6652,10,178,1492,54.340912:135.000000,1583,True,45,12,1584,0.97767,24.0183,0,0.0125964,1485 1536 1582 1537 1583 1626 1627 1628 1585 1584 1538 -1
GCP,adapt_p23-556464309101234_a112-5_293_map.h5,26.8931,10,581,1070,66.443535:112.500000,1697,True,11,11,1697,0.999999,20.9979,0,0.0126936,1726 1726 1696 1661 1725 1697 1662 1663 1698 1727 -1
GCP,adapt_p35-659087696138755_a255-00000000000003_375_map.h5,26.8964,10,853,1099,54.340912:255.000000,1598,True,7,7,1640,0.999999,10.7876,0,0.0133627,1639 1639 1598 1640 1676 1677 -1
GCP,adapt_p48-18968510422141_a326-24999999999994_288_map.h5,27.6832,10,259,723,41.810314:326.250000,1514,False,40,14,1609,0.971652,27.645,0,0.012564,1513 1513 1561 1605 1606 1562 1563 1607 1608 1609 1565 1564 1515 -1
GCP,adapt_p70-52877936550931_a213-75_455_map.h5,24.6046,10,126,1509,19.471220:213.750000,1205,False,214,10,1332,0.810206,22.8184,0,0.0169723,1670 1391 1333 1390 1332 1270 1269 1331 1330 -1
GCP,adapt_p23-556464309101234_a22-5_128_map.h5,27.8781,10,419,772,66.443535:22.500000,1689,True,13,13,1690,0.999999,26.687,0,0.0126618,1719 1689 1653 1652 1688 1690 1654 1655 1691 1721 1720 1719 -1
GCP,adapt_p48-18968510422141_a326-24999999999994_356_map.h5,24.6833,10,191,1453,41.810314:326.250000,1514,True,198,11,1462,0.87034,24.3049,0,0.0160311,1156 1461 1406 1349 1407 1408 1464 1463 1462 1514 -1
GCP,adapt_p48-18968510422141_a101-24999999999999_249_map.h5,26.8238,10,335,1100,41.810314:101.250000,1481,True,20,13,1481,0.999901,25.4908,0,0.0130189,1426 1426 1479 1531 1532 1480 1427 1481 1533 1482 1428 1429 -1
GCP,adapt_p60-00000000000001_a112-49999999999999_31_map.h5,28.8393,10,192,400,30.000000:112.500000,1313,True,19,14,1312,0.999991,27.5543,0,0.0124848,1371 1371 1372 1313 1251 1250 1312 1249 1248 1311 1370 1369 1310 -1
GCP,adapt_p80-40593177313954_a180-0_384_map.h5,26.8472,10,444,1095,9.594069:180.000000,1067,True,14,13,1067,0.999998,25.6397,0,0.0125587,1068 1068 1001 1000 999 1067 1134 1133 1132 1066 998 1065 -1
GCP,adapt_p23-556464309101234_a22-5_95_map.h5,25.858,10,397,1514,66.443535:22.500000,1689,True,13,13,1689,0.999999,25.305,0,0.0128064,1690 1690 1654 1614 1653 1689 1720 1719 1688 1652 1613 1612 -1
GCP,adapt_p35-659087696138755_a315-0_483_map.h5,27.8212,10,261,785,54.340912:315.000000,1605,True,23,14,1646,0.999961,27.3325,0,0.0126077,1683 1683 1648 1607 1606 1647 1646 1605 1604 1645 1681 1682 1714 -1
GCP,adapt_p70-52877936550931_a146-25_505_map.h5,27.8724,10,533,759,19.471220:146.250000,1193,True,13,13,1193,0.999999,27.0245,0,0.0123207,1127 1193 1256 1255 1192 1194 1257 1258 1195 1129 1128 1127 -1
GCP,adapt_p80-40593177313954_a22-5_499_map.h5,27.8304,10,532,710,9.594069:22.500000,1038,True,11,11,971,0.999999,21.4816,0,0.0123875,1038 1038 969 1037 970 971 972 1039 1105 1040 -1
GCP,adapt_p23-556464309101234_a337-5_251_map.h5,27.8632,10,416,708,66.443535:337.500000,1716,True,13,13,1742,0.999999,25.0571,0,0.0126468,1717 1717 1685 1684 1683 1715 1741 1763 1764 1742 1716 1743 -1
GCP,adapt_p35-659087696138755_a255-00000000000003_328_map.h5,28.7958,10,234,360,54.340912:255.000000,1598,True,27,14,1598,0.999543,28.0002,0,0.0129614,1638 1638 1676 1675 1639 1640 1641 1599 1598 1553 1552 1597 1596 -1
GCP,adapt_p35-659087696138755_a105-0_560_map.h5,26.8221,10,253,1164,54.340912:105.000000,1579,True,19,13,1622,0.99985,25.9418,0,0.0127339,1621 1621 1579 1580 1623 1662 1661 1696 1695 1660 1622 1659 -1
GCP,adapt_p80-40593177313954_a247-49999999999997_566_map.h5,28.7478,10,220,359,9.594069:247.500000,1080,True,33,13,1080,0.994476,26.6935,0,0.0130384,1147 1147 1014 1013 1081 1012 945 1080 1146 1145 1079 1011 -1
GCP,adapt_p60-00000000000001_a337-49999999999994_331_map.h5,25.4527,10,125,1511,30.000000:337.500000,1350,True,73,12,1350,0.975503,24.8724,0,0.0130739,1161 1287 1348 1288 1349 1407 1408 1350 1289 1290 1351 -1
GCP,adapt_p80-40593177313954_a202-49999999999997_41_map.h5,27.863,10,438,746,9.594069:202.500000,1072,True,15,13,1138,0.999998,25.1929,0,0.0128481,1073 1073 1072 1071 1137 1203 1138 1139 1204 1205 1140 1074 -1
GCP,adapt_p80-40593177313954_a180-0_99_map.h5,26.8345,10,420,1110,9.594069:180.000000,1067,True,18,13,1000,0.999981,25.4045,0,0.013333,999 999 1066 1133 1067 1068 1000 933 934 1001 1069 1002 -1
GCP,adapt_p23-556464309101234_a202-5_432_map.h5,26.8422,10,328,1097,66.443535:202.500000,1704,True,16,13,1704,0.999989,25.0405,0,0.012615,1703 1703 1669 1670 1704 1671 1672 1706 1705 1733 1732 1731 -1
GCP,adapt_p80-40593177313954_a247-49999999999997_292_map.h5,27.76,10,338,762,9.594069:247.500000,1080,True,31,13,1080,0.998658,25.64,0,0.0127706,1078 1078 1143 1144 1079 1145 1146 1080 1013 1081 1147 1082 -1
GCP,adapt_p60-00000000000001_a292-5_127_map.h5,24.4182,10,129,1547,30.000000:292.500000,1343,False,230,9,1132,0.701211,22.5193,0,0.0173234,1755 1134 1199 1133 1198 1132 1131 1197 -1
GCP,adapt_p48-18968510422141_a168-74999999999997_371_map.h5,26.4124,10,222,1190,41.810314:168.750000,1491,True,81,12,1540,0.835307,24.5607,0,0.0134186,1590 1543 1492 1491 1542 1541 1540 1489 1488 1539 1585 -1
GCP,adapt_p48-18968510422141_a56-24999999999999_138_map.h5,26.7748,10,239,1138,41.810314:56.250000,1475,True,27,13,1475,0.99866,25.7151,0,0.0130311,1476 1476 1528 1527 1422 1421 1475 1526 1525 1473 1474 1420 -1
GCP,adapt_p23-556464309101234_a247-49999999999997_491_map.h5,27.8634,10,380,741,66.443535:247.500000,1708,True,14,14,1709,0.999998,27.6207,0,0.0123925,1675 1675 1639 1676 1677 1710 1737 1736 1709 1708 1674 1707 1735 -1
GCP,adapt_p35-659087696138755_a135-0_324_map.h5,27.8808,10,533,766,54.340912:135.000000,1583,True,10,10,1583,0.999998,17.9728,0,0.0130122,1626 1626 1625 1581 1582 1536 1537 1583 1584 -1
GCP,adapt_p80-40593177313954_a337-49999999999994_164_map.h5,26.8173,10,392,1117,9.594069:337.500000,1097,True,20,13,1097,0.999447,25.4093,0,0.0124452,1029 1029 1030 1098 1164 1163 1097 1096 1095 1161 1162 1227 -1
GCP,adapt_p80-40593177313954_a0-0_392_map.h5,28.8306,10,229,385,9.594069:0.000000,1034,True,21,14,1034,0.999983,28.383,0,0.013193,968 968 1036 1102 1035 1101 967 1033 1034 1166 1100 1032 1099 -1
GCP,adapt_p60-00000000000001_a247-49999999999997_345_map.h5,25.8494,10,664,1517,30.000000:247.500000,1335,True,13,13,1335,0.999998,25.6828,0,0.0124127,1334 1334 1391 1392 1333 1272 1273 1274 1335 1393 1394 1336 -1
GCP,adapt_p70-52877936550931_a348-74999999999994_181_map.h5,26.8732,10,537,1124,19.471220:348.750000,1229,True,13,13,1230,0.999999,25.9975,0,0.0126345,1166 1166 1167 1101 1293 1230 1165 1164 1229 1292 1291 1228 -1
GCP,adapt_p60-00000000000001_a224-99999999999997_562_map.h5,25.7039,10,307,1475,30.000000:225.000000,1331,True,41,13,1389,0.995701,25.0977,0,0.0129056,1498 1498 1499 1447 1390 1332 1331 1389 1446 1445 1388 1330 -1
GCP,adapt_p48-18968510422141_a146-25_236_map.h5,25.7654,10,161,1484,41.810314:146.250000,1488,True,26,13,1487,0.999097,25.2166,0,0.013343,1433 1433 1434 1488 1489 1539 1585 1584 1538 1487 1486 1537 -1
GCP,adapt_p60-00000000000001_a202-49999999999997_598_map.h5,27.8744,10,485,735,30.000000:202.500000,1328,True,12,12,1327,0.999999,22.7933,0,0.012326,1385 1385 1384 1326 1264 1265 1327 1266 1328 1386 1387 -1
GCP,adapt_p23-556464309101234_a112-5_105_map.h5,28.8659,10,335,387,66.443535:112.500000,1697,True,14,14,1696,0.999999,28.4997,0,0.0128366,1695 1695 1724 1750 1725 1660 1623 1661 1696 1726 1697 1662 1663 -1
GCP,adapt_p48-18968510422141_a281-24999999999994_237_map.h5,26.8815,10,465,1092,41.810314:281.250000,1507,True,10,10,1456,0.999999,18.5822,0,0.0122776,1455 1455 1508 1456 1457 1509 1557 1507 1454 -1
GCP,adapt_p11-715852394892384_a135-0_587_map.h5,25.66,10,214,1497,78.284149:135.000000,1770,True,48,12,1753,0.995052,23.8166,0,0.0127534,1700 1728 1727 1752 1751 1770 1771 1772 1754 1729 1753 -1
GCP,adapt_p35-659087696138755_a75-0_134_map.h5,27.7663,10,219,762,54.340912:75.000000,1576,True,31,14,1575,0.997613,27.5905,0,0.0125371,1530 1530 1529 1528 1574 1618 1657 1658 1619 1575 1576 1620 1577 -1
GCP,adapt_p60-00000000000001_a202-49999999999997_134_map.h5,28.8778,10,392,424,30.000000:202.500000,1328,True,13,13,1328,0.999999,25.1525,0,0.0129838,1266 1266 1265 1327 1328 1329 1267 1268 1330 1388 1387 1386 -1
GCP,adapt_p48-18968510422141_a123-74999999999999_418_map.h5,26.8591,10,475,1137,41.810314:123.750000,1484,True,12,12,1483,0.999999,23.1849,0,0.0126483,1430 1430 1431 1485 1536 1535 1484 1429 1482 1483 1534 -1
GCP,adapt_p35-659087696138755_a255-00000000000003_413_map.h5,27.8169,10,294,839,54.340912:255.000000,1598,True,19,13,1598,0.999961,25.7424,0,0.0128807,1599 1599 1554 1553 1552 1596 1597 1639 1676 1640 1598 1641 -1
GCP,adapt_p11-715852394892384_a135-0_231_map.h5,27.8795,10,485,713,78.284149:135.000000,1770,True,12,12,1770,0.999999,22.6405,0,0.0132632,1752 1752 1770 1771 1753 1751 1750 1769 1784 1785 1786 -1
GCP,adapt_p35-659087696138755_a105-0_77_map.h5,26.8762,10,524,1123,54.340912:105.000000,1579,True,10,10,1579,0.999998,18.3017,0,0.0126384,1533 1533 1578 1532 1579 1622 1623 1580 1534 -1
GCP,adapt_p48-18968510422141_a281-24999999999994_113_map.h5,25.8306,10,434,1510,41.810314:281.250000,1507,True,17,13,1507,0.99998,25.7189,0,0.0132039,1508 1508 1509 1456 1455 1507 1557 1556 1506 1454 1398 1453 -1
GCP,adapt_p70-52877936550931_a213-75_140_map.h5,26.2204,10,85,1120,19.471220:213.750000,1205,False,109,12,1549,0.96635,25.5819,0,0.0133945,1385 1498 1548 1593 1549 1499 1500 1550 1595 1594 1636 -1
GCP,adapt_p35-659087696138755_a75-0_273_map.h5,25.8271,10,172,1535,54.340912:75.000000,1576,True,21,13,1620,0.999983,25.6432,0,0.0146456,1621 1621 1658 1659 1620 1577 1530 1529 1576 1575 1619 1618 -1
GCP,adapt_p60-00000000000001_a22-5_300_map.h5,27.8744,10,587,709,30.000000:22.500000,1298,True,11,11,1298,0.999998,21.3757,0,0.0124262,1357 1357 1356 1233 1234 1297 1358 1299 1298 1235 -1
GCP,adapt_p35-659087696138755_a315-0_534_map.h5,26.8849,10,615,1091,54.340912:315.000000,1605,True,9,9,1605,0.999999,15.5751,0,0.012825,1606 1606 1605 1604 1645 1646 1682 1647 -1
GCP,adapt_p35-659087696138755_a315-0_51_map.h5,25.661,10,239,1478,54.340912:315.000000,1605,True,46,12,1605,0.962031,24.1268,0,0.0127524,1716 1715 1714 1683 1647 1606 1605 1646 1645 1604 1603 -1
GCP,adapt_p35-659087696138755_a135-0_154_map.h5,27.7922,10,213,765,54.340912:135.000000,1583,True,27,14,1583,0.99989,27.2827,0,0.0125605,1486 1486 1487 1538 1584 1627 1626 1583 1537 1536 1582 1625 1581 -1
GCP,adapt_p80-40593177313954_a67-5_103_map.h5,27.5541,10,147,715,9.594069:67.500000,1047,False,42,13,908,0.997253,26.9494,0,0.0126404,912 911 842 910 841 909 840 908 839 907 838 906 -1
GCP,adapt_p35-659087696138755_a165-0_515_map.h5,26.2893,10,142,1077,54.340912:165.000000,1587,False,99,12,1535,0.969007,26.1817,0,0.0134418,1586 1625 1582 1536 1485 1484 1483 1430 1535 1581 1534 -1
GCP,adapt_p48-18968510422141_a236-25_389_map.h5,26.7351,10,259,1112,41.810314:236.250000,1501,True,34,13,1500,0.993753,25.6947,0,0.0127004,1502 1502 1552 1551 1550 1500 1447 1446 1499 1549 1501 1448 -1
GCP,adapt_p80-40593177313954_a247-49999999999997_103_map.h5,27.8865,10,600,759,9.594069:247.500000,1080,True,11,11,1079,0.999999,21.127,0,0.0122702,1078 1078 1012 1011 1079 1144 1145 1146 1080 1013 -1
GCP,adapt_p80-40593177313954_a337-49999999999994_594_map.h5,27.8586,10,581,739,9.594069:337.500000,1097,True,13,13,1096,0.999999,25.8293,0,0.0132232,1097 1097 1098 1163 1096 1095 1160 1225 1226 1161 1162 1227 -1
GCP,adapt_p60-00000000000001_a45-0_195_map.h5,25.8342,10,170,1538,30.000000:45.000000,1301,True,20,13,1302,0.999972,25.7683,0,0.0126244,1240 1240 1304 1303 1362 1361 1302 1239 1301 1237 1238 1175 -1
GCP,adapt_p23-556464309101234_a292-5_279_map.h5,26.8723,10,352,1150,66.443535:292.500000,1712,True,12,12,1712,0.999998,23.5408,0,0.0124849,1739 1739 1711 1738 1712 1740 1714 1713 1681 1680 1679 -1
GCP,adapt_p60-00000000000001_a112-49999999999999_545_map.h5,27.889,10,508,818,30.000000:112.500000,1313,True,12,12,1313,0.999998,23.2085,0,0.0127644,1251 1251 1315 1252 1314 1373 1372 1313 1250 1312 1371 -1
GCP,adapt_p70-52877936550931_a146-25_144_map.h5,27.8389,10,570,707,19.471220:146.250000,1193,True,10,10,1193,0.999999,17.7889,0,0.0128613,1127 1127 1128 1194 1257 1256 1193 1192 1255 -1
GCP,adapt_p80-40593177313954_a224-99999999999997_506_map.h5,28.8307,10,376,328,9.594069:225.000000,1076,True,17,14,1078,0.999993,28.0599,0,0.0131618,1011 1011 1077 1143 1142 1076 1009 1010 1078 1144 1145 1079 1080 -1
GCP,adapt_p60-00000000000001_a337-49999999999994_459_map.h5,27.878,10,505,760,30.000000:337.500000,1350,True,12,12,1408,0.999998,23.6878,0,0.012801,1350 1350 1409 1465 1352 1351 1408 1464 1463 1407 1349 -1
GCP,adapt_p48-18968510422141_a191-25_86_map.h5,25.7144,10,181,1526,41.810314:191.250000,1494,True,38,13,1440,0.989948,25.1824,0,0.0133204,1544 1544 1543 1492 1438 1439 1382 1383 1440 1493 1494 1441 -1
GCP,adapt_p60-00000000000001_a135-0_73_map.h5,25.5209,10,154,1486,30.000000:135.000000,1316,True,60,12,1374,0.992868,24.1409,0,0.0128632,1191 1254 1253 1315 1374 1373 1431 1432 1375 1316 1317 -1
GCP,adapt_p60-00000000000001_a202-49999999999997_500_map.h5,26.8354,10,448,1146,30.000000:202.500000,1328,True,18,13,1328,0.999991,25.7948,0,0.0124472,1265 1265 1326 1385 1327 1203 1266 1328 1386 1387 1329 1267 -1
GCP,adapt_p60-00000000000001_a180-0_436_map.h5,25.2317,10,107,1578,30.000000:180.000000,1324,True,111,9,1382,0.827608,22.9167,0,0.0138864,1197 1323 1382 1324 1383 1143 1144 1272 -1
GCP,adapt_p80-40593177313954_a90-0_502_map.h5,26.8691,10,504,1106,9.594069:90.000000,1051,True,12,12,1118,0.999998,23.4698,0,0.0127078,1052 1052 1119 1053 1118 1051 1117 1183 1116 1050 1049 -1
GCP,adapt_p48-18968510422141_a281-24999999999994_22_map.h5,25.7912,10,259,1457,41.810314:281.250000,1507,True,22,13,1508,0.999792,25.4641,0,0.0125969,1558 1558 1510 1559 1509 1457 1456 1508 1557 1507 1455 1454 -1
GCP,adapt_p80-40593177313954_a90-0_328_map.h5,25.8612,10,688,1516,9.594069:90.000000,1051,True,12,12,1051,0.999999,24.8805,0,0.0125863,984 1051 1050 983 984 1117 1118 1052 985 1053 1119 -1
GCP,adapt_p80-40593177313954_a247-49999999999997_599_map.h5,27.8871,10,410,761,9.594069:247.500000,1080,True,13,13,1081,0.999999,25.2663,0,0.0127317,1014 1014 1015 1082 1081 1147 1146 1080 1013 1012 1079 1145 -1
GCP,adapt_p48-18968510422141_a348-74999999999994_529_map.h5,27.7632,10,217,796,41.810314:348.750000,1517,True,31,13,1517,0.994842,27.0774,0,0.0125737,1464 1516 1517 1465 1466 1566 1565 1609 1608 1564 1515 1464 -1
GCP,adapt_p35-659087696138755_a105-0_283_map.h5,28.8557,10,267,381,54.340912:105.000000,1579,True,13,13,1623,0.999999,25.3822,0,0.0131079,1662 1662 1625 1663 1624 1581 1580 1623 1661 1660 1622 1579 -1
GCP,adapt_p23-556464309101234_a337-5_82_map.h5,26.8503,10,496,1117,66.443535:337.500000,1716,True,17,13,1715,0.999993,25.4442,0,0.0124783,1683 1683 1648 1684 1647 1682 1714 1740 1741 1715 1716 1742 -1
GCP,adapt_p23-556464309101234_a22-5_429_map.h5,26.8964,10,784,1126,66.443535:22.500000,1689,True,9,9,1689,0.999998,15.2849,0,0.0123414,1688 1688 1652 1653 1654 1690 1689 1719 -1
GCP,adapt_p70-52877936550931_a146-25_69_map.h5,26.8844,10,837,1090,19.471220:146.250000,1193,True,11,11,1192,0.999999,20.4214,0,0.0123535,1193 1193 1127 1126 1125 1191 1254 1255 1192 1256 -1
GCP,adapt_p60-00000000000001_a202-49999999999997_155_map.h5,26.8483,10,311,1112,30.000000:202.500000,1328,True,13,13,1327,0.999999,25.7493,0,0.0124428,1385 1385 1325 1384 1326 1264 1265 1327 1266 1328 1386 1387 -1
GCP,adapt_p80-40593177313954_a224-99999999999997_430_map.h5,25.8483,10,348,1442,9.594069:225.000000,1076,True,18,12,1077,0.99996,23.2427,0,0.0125259,1010 1010 1078 1009 1008 1075 1141 1142 1076 1077 1143 -1
GCP,adapt_p48-18968510422141_a236-25_28_map.h5,28.8169,10,223,346,41.810314:236.250000,1501,True,20,14,1449,0.999934,28.0948,0,0.0128976,1450 1450 1392 1393 1449 1448 1391 1447 1500 1550 1551 1501 1502 -1
GCP,adapt_p60-00000000000001_a112-49999999999999_353_map.h5,27.8594,10,419,750,30.000000:112.500000,1313,True,15,13,1372,0.999998,26.8288,0,0.0124431,1371 1371 1430 1429 1373 1315 1314 1251 1313 1372 1312 1370 -1
GCP,adapt_p48-18968510422141_a191-25_16_map.h5,26.7683,10,373,1167,41.810314:191.250000,1494,False,21,13,1546,0.999807,26.3626,0,0.0125041,1547 1547 1593 1548 1496 1546 1592 1591 1590 1545 1495 1544 -1
GCP,adapt_p80-40593177313954_a22-5_519_map.h5,25.6991,10,255,1475,9.594069:22.500000,1038,True,41,12,1104,0.985234,24.7246,0,0.0126827,1235 1172 1106 1039 1105 1171 1170 1104 1038 1103 1037 -1
GCP,adapt_p48-18968510422141_a191-25_381_map.h5,27.8082,10,264,755,41.810314:191.250000,1494,True,25,13,1442,0.999026,25.6266,0,0.0126199,1386 1386 1443 1496 1545 1494 1493 1440 1441 1495 1442 1385 -1
GCP,adapt_p48-18968510422141_a11-25_117_map.h5,26.8253,10,321,1145,41.810314:11.250000,1468,True,18,13,1468,0.999929,25.6124,0,0.0125445,1413 1413 1468 1414 1467 1519 1520 1567 1568 1521 1469 1415 -1
GCP,adapt_p60-00000000000001_a337-49999999999994_315_map.h5,27.8373,10,278,840,30.000000:337.500000,1350,True,18,14,1350,0.999985,27.7831,0,0.0124651,1290 1290 1289 1288 1349 1407 1463 1408 1350 1351 1291 1352 1409 -1
GCP,adapt_p35-659087696138755_a255-00000000000003_283_map.h5,26.8883,10,633,1120,54.340912:255.000000,1598,True,9,9,1598,0.999999,15.5542,0,0.0125336,1639 1639 1640 1599 1554 1553 1598 1597 -1
GCP,adapt_p80-40593177313954_a270-0_447_map.h5,27.8143,10,264,705,9.594069:270.000000,1084,True,23,13,1085,0.999845,26.2556,0,0.0125069,1149 1149 1215 1150 1083 1084 1017 1085 1151 1018 1086 1152 -1
GCP,adapt_p48-18968510422141_a258-75_423_map.h5,27.7791,10,285,732,41.810314:258.750000,1504,True,25,13,1504,0.998711,25.8366,0,0.0126789,1552 1552 1503 1502 1553 1597 1598 1554 1555 1505 1504 1452 -1
GCP,adapt_p70-52877936550931_a258-75_396_map.h5,27.8644,10,480,734,19.471220:258.750000,1213,True,15,13,1148,0.999994,25.7208,0,0.0124398,1214 1214 1276 1277 1215 1149 1083 1082 1148 1213 1147 1212 -1
GCP,adapt_p23-556464309101234_a67-5_376_map.h5,25.5452,10,171,1522,66.443535:67.500000,1693,False,73,12,1747,0.958331,24.0845,0,0.0135143,1750 1749 1748 1767 1766 1765 1746 1720 1721 1747 1722 -1
GCP,adapt_p11-715852394892384_a225-0_204_map.h5,26.4264,10,83,1130,78.284149:225.000000,1774,False,87,14,1786,0.912908,26.3651,0,0.0134441,1781 1797 1796 1795 1794 1793 1785 1786 1772 1773 1787 1788 1789 -1
GCP,adapt_p60-00000000000001_a135-0_292_map.h5,26.8817,10,621,1130,30.000000:135.000000,1316,True,10,10,1255,0.999998,18.2852,0,0.0130978,1317 1317 1256 1318 1255 1192 1191 1254 1316 -1
GCP,adapt_p80-40593177313954_a0-0_101_map.h5,25.8494,10,91,1157,9.594069:0.000000,1034,True,172,12,1165,0.960156,24.4598,0,0.0152841,1102 1101 1167 1166 1034 1100 1165 1230 1229 1164 1099 -1
GCP,adapt_p80-40593177313954_a180-0_36_map.h5,27.4924,10,143,739,9.594069:180.000000,1067,False,75,13,1261,0.918566,27.3414,0,0.0134614,1132 1198 1197 1260 1261 1262 1199 1201 1136 1137 1202 1203 -1
GCP,adapt_p80-40593177313954_a22-5_46_map.h5,27.8903,10,528,784,9.594069:22.500000,1038,True,11,11,1038,0.999999,20.54,0,0.0124985,1037 1037 1103 1104 1038 970 971 1039 1105 1106 -1
GCP,adapt_p70-52877936550931_a191-25_559_map.h5,27.8703,10,315,804,19.471220:191.250000,1201,True,13,13,1202,0.999999,26.0178,0,0.0125281,1264 1264 1202 1137 1203 1266 1265 1136 1135 1201 1200 1263 -1
GCP,adapt_p60-00000000000001_a247-49999999999997_463_map.h5,27.8324,10,408,757,30.000000:247.500000,1335,True,16,13,1335,0.999996,25.7347,0,0.0124203,1274 1274 1334 1392 1333 1272 1273 1335 1393 1394 1336 1275 -1
GCP,adapt_p35-659087696138755_a165-0_375_map.h5,27.8466,10,375,736,54.340912:165.000000,1587,True,16,13,1629,0.999988,26.671,0,0.0131936,1667 1667 1631 1588 1587 1541 1630 1668 1666 1628 1629 1586 -1
GCP,adapt_p35-659087696138755_a135-0_55_map.h5,26.8283,10,382,1088,54.340912:135.000000,1583,True,20,13,1583,0.999935,24.9957,0,0.0124871,1537 1537 1536 1582 1581 1625 1663 1664 1626 1583 1584 1627 -1
GCP,adapt_p48-18968510422141_a326-24999999999994_163_map.h5,26.7009,10,298,1110,41.810314:326.250000,1514,True,35,13,1562,0.990069,25.2007,0,0.0129315,1560 1560 1512 1561 1605 1606 1562 1513 1514 1563 1515 1564 -1
GCP,adapt_p70-52877936550931_a101-24999999999999_590_map.h5,23.4304,10,121,1522,19.471220:101.250000,1185,False,400,9,1760,0.730166,23.0626,0,0.028047,1368 1777 1761 1738 1737 1760 1759 1736 -1
GCP,adapt_p35-659087696138755_a75-0_354_map.h5,27.8943,10,551,775,54.340912:75.000000,1576,True,9,9,1620,0.999999,15.4734,0,0.0124961,1576 1576 1575 1619 1658 1659 1620 1577 -1
GCP,adapt_p11-715852394892384_a315-0_105_map.h5,27.8723,10,505,795,78.284149:315.000000,1778,True,15,13,1763,0.999997,25.6422,0,0.0124872,1778 1778 1791 1790 1779 1761 1739 1762 1740 1741 1763 1764 -1
GCP,adapt_p23-556464309101234_a337-5_448_map.h5,25.8132,10,208,1476,66.443535:337.500000,1716,True,22,13,1716,0.999812,25.2032,0,0.0126355,1683 1683 1716 1684 1648 1649 1685 1717 1742 1741 1715 1714 -1
GCP,adapt_p80-40593177313954_a315-0_542_map.h5,28.8053,10,291,371,9.594069:315.000000,1093,True,22,14,1095,0.999874,28.7682,0,0.012523,1160 1160 1159 1093 1026 1027 1094 1161 1162 1095 1028 1096 1097 -1
GCP,adapt_p48-18968510422141_a258-75_129_map.h5,27.8834,10,576,762,41.810314:258.750000,1504,True,10,10,1452,0.999998,17.9096,0,0.0124278,1451 1451 1503 1553 1554 1504 1452 1505 1453 -1
GCP,adapt_p35-659087696138755_a285-0_380_map.h5,27.8651,10,462,718,54.340912:285.000000,1601,True,16,14,1602,0.999998,27.5163,0,0.0127383,1557 1557 1508 1558 1602 1601 1600 1642 1643 1679 1680 1644 1603 -1
GCP,adapt_p80-40593177313954_a0-0_172_map.h5,27.8676,10,541,760,9.594069:0.000000,1034,True,12,12,1034,0.999999,23.032,0,0.0132328,1033 1033 967 1035 1101 1034 1166 1100 1032 1099 1165 -1
GCP,adapt_p70-52877936550931_a281-24999999999994_592_map.h5,27.8428,10,258,737,19.471220:281.250000,1217,True,19,13,1217,0.999969,25.5743,0,0.0129333,1216 1216 1215 1151 1152 1217 1279 1280 1218 1153 1154 1219 -1
GCP,adapt_p60-00000000000001_a180-0_491_map.h5,27.8625,10,417,767,30.000000:180.000000,1324,True,14,13,1325,0.999999,26.6603,0,0.0132865,1383 1383 1326 1264 1263 1325 1385 1384 1441 1382 1324 1262 -1
GCP,adapt_p23-556464309101234_a292-5_39_map.h5,26.8915,10,856,1217,66.443535:292.500000,1712,True,9,9,1712,0.999999,15.4309,0,0.0133642,1680 1680 1679 1711 1712 1713 1739 1738 -1
GCP,adapt_p35-659087696138755_a315-0_28_map.h5,27.8795,10,465,716,54.340912:315.000000,1605,True,11,11,1605,0.999999,20.8882,0,0.0123187,1604 1604 1561 1560 1605 1562 1606 1647 1646 1645 -1
GCP,adapt_p70-52877936550931_a11-25_568_map.h5,25.8724,10,677,1501,19.471220:11.250000,1169,True,11,11,1233,0.999999,20.9351,0,0.0123836,1170 1170 1232 1169 1233 1296 1297 1234 1171 1235 -1
GCP,adapt_p60-00000000000001_a45-0_431_map.h5,25.8407,10,366,1534,30.000000:45.000000,1301,True,16,13,1361,0.999946,25.1766,0,0.0141268,1419 1419 1418 1359 1300 1301 1360 1361 1302 1303 1362 1420 -1
GCP,adapt_p48-18968510422141_a168-74999999999997_288_map.h5,26.851,10,634,1131,41.810314:168.750000,1491,True,13,13,1491,0.999999,25.6969,0,0.0127761,1490 1490 1436 1489 1540 1541 1437 1438 1439 1492 1491 1542 -1
GCP,adapt_p70-52877936550931_a11-25_362_map.h5,27.8753,10,447,795,19.471220:11.250000,1169,True,12,12,1169,0.999998,23.6277,0,0.0125739,1170 1170 1171 1234 1103 1102 1168 1231 1232 1169 1233 -1
GCP,adapt_p23-556464309101234_a247-49999999999997_418_map.h5,25.736,10,107,1588,66.443535:247.500000,1708,True,35,13,1707,0.997259,25.0219,0,0.0128066,1676 1676 1709 1675 1708 1735 1734 1733 1706 1707 1674 1673 -1
GCP,adapt_p23-556464309101234_a157-5_424_map.h5,26.8181,10,372,1116,66.443535:157.500000,1701,True,20,13,1665,0.998612,25.4691,0,0.0126892,1628 1628 1629 1666 1627 1665 1664 1699 1727 1728 1700 1701 -1
GCP,adapt_p48-18968510422141_a78-75_350_map.h5,27.8431,10,418,706,41.810314:78.750000,1478,True,12,12,1478,0.999998,23.0583,0,0.0127045,1424 1424 1423 1476 1528 1529 1477 1478 1425 1479 1530 -1
GCP,adapt_p48-18968510422141_a303-75_4_map.h5,27.8655,10,489,765,41.810314:303.750000,1510,False,11,11,1460,0.999998,20.7903,0,0.0132702,1404 1404 1461 1405 1460 1512 1511 1459 1403 1458 -1
GCP,adapt_p80-40593177313954_a135-0_100_map.h5,26.8622,10,524,1091,9.594069:135.000000,1059,True,15,13,1059,0.999998,25.9459,0,0.0126222,991 991 1060 1126 1061 993 992 1059 1125 1124 1058 990 -1
GCP,adapt_p60-00000000000001_a270-0_538_map.h5,25.1312,10,124,1547,30.000000:270.000000,1339,False,133,12,1210,0.774743,24.5432,0,0.0143163,1143 1209 1144 1210 1145 1146 1211 1212 1213 1214 1215 -1
GCP,adapt_p80-40593177313954_a292-5_78_map.h5,28.8586,10,333,390,9.594069:292.500000,1088,True,17,14,1089,0.999997,28.7506,0,0.0131951,1154 1154 1087 1153 1088 1155 1156 1091 1023 1090 1022 1089 1021 -1
GCP,adapt_p35-659087696138755_a285-0_261_map.h5,27.8854,10,383,773,54.340912:285.000000,1601,True,10,10,1643,0.999998,17.9865,0,0.0124213,1644 1644 1603 1602 1643 1680 1679 1642 1601 -1
GCP,adapt_p70-52877936550931_a348-74999999999994_543_map.h5,25.8774,10,691,1530,19.471220:348.750000,1229,True,11,11,1229,0.999999,21.0055,0,0.0123985,1291 1291 1292 1230 1165 1164 1229 1290 1227 1228 -1
GCP,adapt_p11-715852394892384_a45-0_342_map.h5,27.889,10,517,746,78.284149:45.000000,1766,True,11,11,1766,0.999999,19.842,0,0.0127529,1765 1765 1781 1782 1783 1767 1766 1747 1746 1745 -1
GCP,adapt_p35-659087696138755_a75-0_510_map.h5,27.8761,10,500,719,54.340912:75.000000,1576,True,11,11,1576,0.999999,21.0318,0,0.0126481,1619 1619 1576 1620 1577 1529 1575 1618 1657 1658 -1
GCP,adapt_p48-18968510422141_a281-24999999999994_120_map.h5,27.8663,10,446,749,41.810314:281.250000,1507,True,15,13,1454,0.999994,25.3716,0,0.0124939,1455 1455 1456 1508 1557 1507 1454 1453 1505 1506 1556 1555 -1
GCP,adapt_p70-52877936550931_a78-75_577_map.h5,26.8672,10,527,1064,19.471220:78.750000,1181,True,12,12,1115,0.999999,23.134,0,0.0125915,1116 1116 1181 1180 1114 1115 1182 1245 1246 1183 1117 -1
GCP,adapt_p23-556464309101234_a247-49999999999997_135_map.h5,27.8824,10,608,691,66.443535:247.500000,1708,True,11,11,1708,0.999999,20.8724,0,0.0124123,1735 1735 1707 1674 1675 1708 1709 1676 1736 1710 -1
GCP,adapt_p60-00000000000001_a292-5_74_map.h5,26.8565,10,513,1139,30.000000:292.500000,1343,True,13,13,1342,0.999998,24.9585,0,0.0123001,1280 1280 1281 1218 1219 1282 1343 1401 1400 1342 1341 1399 -1
GCP,adapt_p35-659087696138755_a344-99999999999994_151_map.h5,28.8704,10,376,355,54.340912:345.000000,1609,True,11,11,1650,0.999999,20.8515,0,0.0124343,1609 1609 1611 1610 1650 1686 1685 1684 1649 1608 -1
GCP,adapt_p80-40593177313954_a45-0_225_map.h5,27.8803,10,603,758,9.594069:45.000000,1042,True,12,12,1043,0.999998,23.5388,0,0.0125217,1044 1044 975 976 1043 1110 1109 1108 1042 974 1041 -1
GCP,adapt_p48-18968510422141_a123-74999999999999_347_map.h5,26.8716,10,559,1118,41.810314:123.750000,1484,True,13,13,1431,0.999998,25.8306,0,0.0131956,1432 1432 1486 1433 1374 1431 1430 1483 1535 1484 1485 1536 -1
GCP,adapt_p48-18968510422141_a191-25_284_map.h5,28.8985,10,532,369,41.810314:191.250000,1494,True,8,8,1441,0.999999,13.6444,0,0.0123322,1494 1494 1495 1442 1493 1440 1441 -1
GCP,adapt_p70-52877936550931_a236-25_8_map.h5,27.8811,10,481,767,19.471220:236.250000,1209,True,11,11,1208,0.999999,20.2606,0,0.0126665,1271 1271 1272 1209 1144 1143 1208 1142 1207 1270 -1
GCP,adapt_p11-715852394892384_a45-0_363_map.h5,27.8892,10,500,747,78.284149:45.000000,1766,True,11,11,1746,0.999999,20.4697,0,0.0126279,1766 1766 1767 1747 1748 1722 1721 1746 1745 1720 -1
GCP,adapt_p70-52877936550931_a56-24999999999999_146_map.h5,27.866,10,442,718,19.471220:56.250000,1177,True,13,13,1177,0.999999,25.4909,0,0.0127847,1110 1110 1111 1112 1179 1242 1178 1241 1240 1177 1176 1239 -1
GCP,adapt_p80-40593177313954_a157-5_89_map.h5,26.853,10,479,1127,9.594069:157.500000,1063,True,16,13,1063,0.999996,25.8934,0,0.0127822,1130 1130 1129 1128 1061 994 1062 995 996 1063 1064 1131 -1
GCP,adapt_p80-40593177313954_a45-0_394_map.h5,28.875,10,534,399,9.594069:45.000000,1042,True,12,12,1110,0.999998,23.2149,0,0.0128374,1043 1043 1108 1042 1109 1175 1176 1110 1044 1111 1177 -1
GCP,adapt_p70-52877936550931_a78-75_104_map.h5,27.8783,10,477,797,19.471220:78.750000,1181,True,12,12,1181,0.999998,22.9208,0,0.0124586,1244 1244 1243 1179 1180 1114 1181 1115 1116 1182 1245 -1
GCP,adapt_p70-52877936550931_a56-24999999999999_286_map.h5,25.8749,10,715,1494,19.471220:56.250000,1177,True,13,13,1177,0.999999,25.6453,0,0.0128722,1111 1111 1176 1239 1175 1109 1110 1177 1240 1241 1178 1112 -1
GCP,adapt_p80-40593177313954_a157-5_485_map.h5,27.8743,10,392,736,9.594069:157.500000,1063,True,13,13,1129,0.999999,25.0629,0,0.0124578,1064 1064 1065 1131 1130 1196 1195 1129 1063 1062 1128 1194 -1
GCP,adapt_p80-40593177313954_a22-5_525_map.h5,25.7204,10,207,1472,9.594069:22.500000,1038,True,37,12,1038,0.990651,24.887,0,0.0133899,1035 1036 1102 1103 1037 970 971 1038 1104 1039 972 -1
GCP,adapt_p80-40593177313954_a135-0_391_map.h5,28.8353,10,249,385,9.594069:135.000000,1059,True,17,13,990,0.999977,27.3488,0,0.0124879,1058 990 989 1056 1057 1058 923 924 991 1059 992 1060 -1
GCP,adapt_p80-40593177313954_a157-5_259_map.h5,27.8633,10,595,739,9.594069:157.500000,1063,True,14,13,1063,0.999998,26.0079,0,0.0125131,1129 1129 1128 1130 1131 1065 1064 996 1063 995 1062 1061 -1
GCP,adapt_p60-00000000000001_a45-0_241_map.h5,27.8803,10,528,765,30.000000:45.000000,1301,True,9,9,1301,0.999999,15.5989,0,0.012538,1302 1302 1239 1238 1237 1300 1301 1361 -1
GCP,adapt_p60-00000000000001_a337-49999999999994_588_map.h5,27.8911,10,559,745,30.000000:337.500000,1350,True,11,11,1350,0.999999,21.1317,0,0.0127156,1290 1290 1291 1289 1349 1407 1408 1350 1351 1409 -1
GCP,adapt_p70-52877936550931_a258-75_1_map.h5,27.8373,10,445,779,19.471220:258.750000,1213,True,19,13,1213,0.999988,25.5713,0,0.01349,1214 1214 1149 1150 1215 1277 1276 1213 1148 1275 1212 1147 -1
GCP,adapt_p48-18968510422141_a303-75_360_map.h5,27.8793,10,405,664,41.810314:303.750000,1510,True,11,11,1511,0.999999,20.9794,0,0.0124653,1512 1512 1459 1460 1511 1458 1510 1559 1560 1561 -1
GCP,adapt_p48-18968510422141_a348-74999999999994_337_map.h5,26.8729,10,495,1205,41.810314:348.750000,1517,True,10,10,1465,0.999999,18.3854,0,0.0128698,1517 1517 1410 1466 1465 1409 1408 1464 1516 -1
GCP,adapt_p80-40593177313954_a247-49999999999997_323_map.h5,25.6791,10,250,1430,9.594069:247.500000,1080,True,38,13,1147,0.994138,25.5258,0,0.0127064,1213 1213 1148 1083 1082 1014 1081 1147 1212 1146 1080 1145 -1
GCP,adapt_p35-659087696138755_a165-0_466_map.h5,27.8524,10,355,769,54.340912:165.000000,1587,True,15,13,1587,0.999997,25.1404,0,0.0124245,1630 1630 1588 1542 1491 1541 1587 1586 1629 1667 1666 1628 -1
GCP,adapt_p23-556464309101234_a22-5_161_map.h5,24.9688,10,226,1468,66.443535:22.500000,1689,False,157,11,1656,0.558039,23.5918,0,0.0149497,1723 1693 1658 1657 1656 1617 1616 1615 1744 1743 -1
GCP,adapt_p80-40593177313954_a157-5_474_map.h5,27.8778,10,480,681,9.594069:157.500000,1063,True,11,11,995,0.999999,20.8433,0,0.0130603,1062 1062 1128 1061 994 995 996 1063 1129 1064 -1
GCP,adapt_p70-52877936550931_a56-24999999999999_576_map.h5,25.8262,10,278,1488,19.471220:56.250000,1177,True,20,12,1177,0.999661,23.1786,0,0.0126181,1112 1112 1178 1177 1240 1176 1111 1045 1044 1110 1109 -1
GCP,adapt_p23-556464309101234_a157-5_170_map.h5,26.4813,10,98,1019,66.443535:157.500000,1701,False,75,12,1582,0.940779,25.4721,0,0.0134388,1661 1581 1534 1535 1484 1536 1582 1583 1625 1663 1624 -1
GCP,adapt_p48-18968510422141_a56-24999999999999_304_map.h5,27.8688,10,390,709,41.810314:56.250000,1475,True,14,14,1421,0.999999,27.7782,0,0.0129551,1422 1422 1476 1528 1527 1475 1421 1526 1474 1420 1362 1363 1364 -1
GCP,adapt_p11-715852394892384_a135-0_242_map.h5,28.8092,10,283,344,78.284149:135.000000,1770,True,18,14,1771,0.999995,27.295,0,0.0125415,1753 1753 1752 1770 1784 1785 1794 1786 1787 1773 1772 1771 1754 -1
GCP,adapt_p60-00000000000001_a315-0_273_map.h5,27.8915,10,538,775,30.000000:315.000000,1346,True,10,10,1403,0.999999,18.038,0,0.0132144,1404 1404 1347 1346 1345 1344 1402 1403 1459 -1
GCP,adapt_p11-715852394892384_a225-0_241_map.h5,25.7683,10,165,1503,78.284149:225.000000,1774,True,30,13,1758,0.99862,24.6917,0,0.0135623,1788 1788 1774 1756 1757 1734 1735 1758 1775 1776 1759 1736 -1
GCP,adapt_p48-18968510422141_a191-25_248_map.h5,27.8649,10,363,749,41.810314:191.250000,1494,True,15,13,1441,0.999998,25.0236,0,0.012861,1440 1440 1439 1492 1493 1543 1544 1494 1441 1442 1495 1545 -1
GCP,adapt_p70-52877936550931_a33-75_551_map.h5,27.8409,10,324,689,19.471220:33.750000,1173,True,19,13,1172,0.999995,25.817,0,0.0129174,1235 1235 1173 1236 1237 1174 1107 1106 1172 1171 1105 1104 -1
GCP,adapt_p35-659087696138755_a224-99999999999997_324_map.h5,24.7219,10,105,1534,54.340912:225.000000,1594,True,189,10,1446,0.447248,22.7284,0,0.0157151,1599 1635 1636 1594 1447 1446 1499 1498 1445 -1
GCP,adapt_p60-00000000000001_a224-99999999999997_528_map.h5,25.7744,10,220,1487,30.000000:225.000000,1331,True,26,12,1269,0.99846,23.5469,0,0.0134144,1268 1268 1206 1207 1270 1271 1333 1332 1269 1330 1331 -1
GCP,adapt_p80-40593177313954_a157-5_335_map.h5,27.8544,10,373,785,9.594069:157.500000,1063,True,15,13,1128,0.999996,25.0392,0,0.0124161,1063 1063 1064 1130 1129 1195 1194 1128 1062 1061 1127 1193 -1
GCP,adapt_p80-40593177313954_a67-5_306_map.h5,26.7859,10,296,1107,9.594069:67.500000,1047,True,24,13,1047,0.998858,25.9397,0,0.0128744,1049 1049 980 981 1048 1115 1114 1113 1047 979 1046 1112 -1
GCP,adapt_p48-18968510422141_a78-75_382_map.h5,27.1729,10,98,751,41.810314:78.750000,1478,False,117,11,1045,0.981122,25.8806,0,0.0139052,1532 1047 979 1046 978 1045 977 1044 976 1043 -1
GCP,adapt_p48-18968510422141_a303-75_108_map.h5,25.8791,10,752,1501,41.810314:303.750000,1510,True,9,9,1458,0.999998,15.3438,0,0.012703,1510 1510 1511 1459 1403 1402 1458 1457 -1
GCP,adapt_p80-40593177313954_a202-49999999999997_384_map.h5,26.8358,10,457,1145,9.594069:202.500000,1072,True,15,13,1072,0.999993,25.8911,0,0.0129838,1137 1137 1138 1136 1070 1003 1071 1004 1072 1005 1073 1139 -1
GCP,adapt_p80-40593177313954_a180-0_105_map.h5,26.8653,10,504,1120,9.594069:180.000000,1067,True,15,13,1068,0.999998,25.6621,0,0.0125016,1134 1134 1133 1132 1066 1067 1000 1001 1002 1069 1068 1135 -1
GCP,adapt_p60-00000000000001_a202-49999999999997_163_map.h5,28.8422,10,299,410,30.000000:202.500000,1328,True,16,13,1328,0.999981,27.5979,0,0.012546,1329 1387 1327 1265 1266 1267 1330 1329 1328 1386 1385 1326 -1
GCP,adapt_p35-659087696138755_a315-0_250_map.h5,27.8673,10,462,747,54.340912:315.000000,1605,True,11,11,1646,0.999999,20.2979,0,0.0125155,1645 1645 1604 1605 1606 1647 1683 1682 1646 1681 -1
GCP,adapt_p23-556464309101234_a337-5_418_map.h5,26.7612,10,285,1135,66.443535:337.500000,1716,True,31,13,1743,0.999112,24.8148,0,0.0126283,1719 1719 1689 1688 1718 1743 1742 1716 1684 1685 1717 1687 -1
GCP,adapt_p60-00000000000001_a112-49999999999999_393_map.h5,25.8853,10,685,1486,30.000000:112.500000,1313,True,10,10,1313,0.999999,18.4661,0,0.0124456,1314 1314 1250 1251 1313 1312 1371 1372 1373 -1
GCP,adapt_p70-52877936550931_a236-25_20_map.h5,25.8011,10,475,1515,19.471220:236.250000,1209,True,24,13,1210,0.999815,25.3411,0,0.0127439,1272 1272 1273 1274 1212 1211 1146 1145 1210 1209 1144 1143 -1
GCP,adapt_p80-40593177313954_a224-99999999999997_360_map.h5,27.828,10,376,752,9.594069:225.000000,1076,True,17,14,1076,0.999996,27.7903,0,0.0128101,1075 1075 1074 1007 1008 1009 1076 1142 1143 1077 1010 1078 1011 -1
GCP,adapt_p35-659087696138755_a165-0_326_map.h5,25.6826,10,199,1482,54.340912:165.000000,1587,True,42,13,1588,0.986564,25.2704,0,0.013198,1541 1541 1542 1543 1544 1589 1588 1631 1630 1587 1629 1667 -1
GCP,adapt_p48-18968510422141_a78-75_116_map.h5,26.7853,10,199,1058,41.810314:78.750000,1478,True,32,13,1479,0.998453,25.7259,0,0.0124735,1424 1424 1367 1425 1478 1479 1531 1480 1426 1368 1427 1369 -1
GCP,adapt_p11-715852394892384_a45-0_197_map.h5,26.8432,10,327,1073,78.284149:45.000000,1766,True,20,13,1766,0.999969,24.9923,0,0.0126023,1747 1747 1720 1746 1745 1765 1781 1782 1783 1766 1767 1748 -1
GCP,adapt_p70-52877936550931_a33-75_216_map.h5,27.8381,10,231,801,19.471220:33.750000,1173,True,18,13,1237,0.999986,26.6055,0,0.0126893,1174 1174 1236 1299 1300 1237 1172 1173 1107 1175 1238 1301 -1
GCP,adapt_p35-659087696138755_a285-0_401_map.h5,27.7962,10,297,717,54.340912:285.000000,1601,True,25,13,1642,0.999406,26.8211,0,0.0125848,1602 1601 1642 1643 1680 1679 1678 1641 1600 1556 1557 1602 -1
GCP,adapt_p23-556464309101234_a292-5_461_map.h5,27.8857,10,671,752,66.443535:292.500000,1712,True,12,12,1712,0.999999,23.5715,0,0.0131356,1739 1739 1714 1682 1740 1713 1681 1680 1679 1712 1738 -1
GCP,adapt_p35-659087696138755_a315-0_173_map.h5,27.8884,10,496,760,54.340912:315.000000,1605,True,11,11,1606,0.999998,20.2918,0,0.0123889,1647 1647 1648 1607 1606 1562 1561 1605 1646 1604 -1
GCP,adapt_p70-52877936550931_a303-75_481_map.h5,27.8667,10,450,730,19.471220:303.750000,1221,True,15,13,1221,0.999998,25.7876,0,0.0130718,1283 1283 1221 1220 1282 1344 1284 1345 1346 1285 1222 1223 -1
GCP,adapt_p48-18968510422141_a56-24999999999999_13_map.h5,25.5539,10,158,1506,41.810314:56.250000,1475,True,63,12,1420,0.943106,24.3888,0,0.0129135,1419 1475 1421 1363 1362 1420 1474 1526 1573 1572 1525 -1
GCP,adapt_p80-40593177313954_a224-99999999999997_383_map.h5,27.8372,10,421,717,9.594069:225.000000,1076,True,17,14,1142,0.999998,27.7778,0,0.0125864,1075 1075 1074 1140 1141 1076 1077 1143 1208 1142 1207 1206 1269 -1
GCP,adapt_p23-556464309101234_a247-49999999999997_79_map.h5,25.7749,10,222,1505,66.443535:247.500000,1708,True,28,13,1709,0.999132,25.558,0,0.0129387,1677 1677 1678 1676 1675 1708 1707 1735 1736 1709 1710 1737 -1
GCP,adapt_p48-18968510422141_a56-24999999999999_550_map.h5,25.9894,10,93,1087,41.810314:56.250000,1475,True,166,12,1476,0.95456,24.2201,0,0.0162858,1525 1526 1474 1420 1421 1422 1475 1527 1528 1476 1477 -1
GCP,adapt_p70-52877936550931_a11-25_55_map.h5,25.589,10,220,1440,19.471220:11.250000,1169,True,56,12,1168,0.969839,24.4368,0,0.0128169,1292 1230 1166 1167 1101 1168 1102 1103 1169 1232 1231 -1
GCP,adapt_p48-18968510422141_a33-75_437_map.h5,25.8833,10,715,1526,41.810314:33.750000,1471,True,9,9,1417,0.999999,15.59,0,0.012431,1472 1472 1471 1416 1358 1359 1417 1418 -1
GCP,adapt_p70-52877936550931_a258-75_392_map.h5,27.8764,10,637,712,19.471220:258.750000,1213,True,13,13,1213,0.999999,25.6732,0,0.0123378,1148 1148 1212 1147 1211 1274 1275 1213 1276 1277 1214 1149 -1
GCP,adapt_p70-52877936550931_a168-74999999999997_598_map.h5,27.7678,10,261,751,19.471220:168.750000,1197,True,31,13,1199,0.998888,25.6265,0,0.0129728,1134 1134 1200 1263 1262 1199 1133 1261 1198 1132 1131 1197 -1
GCP,adapt_p23-556464309101234_a292-5_474_map.h5,27.8878,10,545,746,66.443535:292.500000,1712,True,12,12,1681,0.999999,23.176,0,0.0129971,1714 1714 1739 1740 1713 1712 1680 1681 1645 1682 1646 -1
GCP,adapt_p70-52877936550931_a101-24999999999999_275_map.h5,27.8922,10,626,725,19.471220:101.250000,1185,True,10,10,1185,0.999999,17.6613,0,0.0126331,1120 1120 1186 1249 1248 1185 1119 1118 1184 -1
GCP,adapt_p48-18968510422141_a236-25_339_map.h5,27.8737,10,407,744,41.810314:236.250000,1501,True,14,13,1500,0.999998,25.7049,0,0.0130893,1499 1499 1446 1549 1550 1500 1501 1449 1448 1391 1447 1390 -1
GCP,adapt_p11-715852394892384_a315-0_247_map.h5,26.8464,10,436,1154,78.284149:315.000000,1778,False,19,13,1764,0.999996,25.4006,0,0.0124607,1742 1742 1764 1744 1718 1743 1741 1763 1762 1779 1780 1765 -1
GCP,adapt_p70-52877936550931_a303-75_87_map.h5,27.8197,10,336,754,19.471220:303.750000,1221,True,24,13,1220,0.999954,25.1648,0,0.0130764,1282 1282 1283 1284 1285 1222 1221 1156 1155 1220 1219 1154 -1
GCP,adapt_p70-52877936550931_a33-75_127_map.h5,25.6279,10,197,1446,19.471220:33.750000,1173,False,46,12,1299,0.98365,24.5281,0,0.0129545,1172 1235 1234 1297 1357 1298 1236 1299 1358 1359 1300 -1
GCP,adapt_p80-40593177313954_a337-49999999999994_563_map.h5,25.4948,10,165,1520,9.594069:337.500000,1097,True,69,12,1163,0.959236,24.758,0,0.0129402,1352 1291 1228 1162 1096 1097 1163 1098 1164 1229 1292 -1
GCP,adapt_p48-18968510422141_a326-24999999999994_403_map.h5,27.6581,10,134,705,41.810314:326.250000,1514,False,48,13,1565,0.987247,26.8985,0,0.0126869,1465 1517 1518 1519 1610 1566 1516 1565 1609 1608 1564 1515 -1
GCP,adapt_p48-18968510422141_a78-75_553_map.h5,26.8532,10,356,1168,41.810314:78.750000,1478,True,13,13,1478,0.999998,25.3979,0,0.0125498,1424 1424 1479 1425 1478 1530 1529 1477 1423 1422 1476 1528 -1
GCP,adapt_p80-40593177313954_a157-5_464_map.h5,25.6942,10,118,1521,9.594069:157.500000,1063,False,41,12,1197,0.990228,24.6356,0,0.0125588,1262 1261 1260 1259 1195 1130 1196 1197 1131 1132 1198 -1
GCP,adapt_p80-40593177313954_a0-0_506_map.h5,26.7879,10,347,1115,9.594069:0.000000,1034,True,22,13,1100,0.999061,26.3884,0,0.0128707,1166 1166 1035 1101 1034 1033 1100 1165 1098 1031 1099 1032 -1
GCP,adapt_p80-40593177313954_a247-49999999999997_64_map.h5,27.817,10,374,749,9.594069:247.500000,1080,True,20,13,1145,0.999987,25.6619,0,0.0127558,1144 1144 1077 1078 1011 1079 1145 1080 1081 1147 1146 1211 -1
GCP,adapt_p23-556464309101234_a157-5_422_map.h5,27.8703,10,403,773,66.443535:157.500000,1701,True,15,13,1729,0.999998,26.059,0,0.0125227,1701 1701 1728 1729 1730 1754 1753 1699 1700 1666 1667 1702 -1
GCP,adapt_p23-556464309101234_a247-49999999999997_592_map.h5,25.6036,10,180,1529,66.443535:247.500000,1708,False,43,12,1323,0.993668,24.4014,0,0.0132007,1262 1261 1260 1322 1381 1439 1440 1383 1382 1323 1324 -1
GCP,adapt_p70-52877936550931_a11-25_30_map.h5,25.3724,10,226,1448,19.471220:11.250000,1169,False,92,11,1167,0.871593,23.042,0,0.0133884,1350 1229 1230 1293 1167 1166 1101 1168 1231 1232 -1
GCP,adapt_p60-00000000000001_a224-99999999999997_583_map.h5,26.8793,10,597,1099,30.000000:225.000000,1331,True,12,12,1332,0.999999,23.1367,0,0.012452,1391 1391 1334 1392 1333 1271 1270 1332 1390 1389 1331 -1
GCP,adapt_p80-40593177313954_a315-0_11_map.h5,27.8782,10,371,791,9.594069:315.000000,1093,True,13,13,1093,0.999998,26.1173,0,0.0126024,1092 1092 1157 1091 1024 1158 1093 1025 1026 1094 1027 1095 -1
GCP,adapt_p60-00000000000001_a337-49999999999994_121_map.h5,27.8897,10,503,726,30.000000:337.500000,1350,True,10,10,1408,0.999998,18.5134,0,0.0130533,1407 1407 1464 1463 1408 1409 1351 1350 1349 -1
GCP,adapt_p60-00000000000001_a90-0_124_map.h5,28.8886,10,395,399,30.000000:90.000000,1309,True,10,10,1368,0.999998,18.4403,0,0.0132533,1367 1367 1426 1425 1368 1369 1310 1309 1308 -1
GCP,adapt_p70-52877936550931_a213-75_237_map.h5,25.6212,10,102,1570,19.471220:213.750000,1205,False,43,12,1031,0.995926,24.9223,0,0.0136306,963 1030 1097 1029 1098 1099 1031 964 965 1032 1100 -1
GCP,adapt_p35-659087696138755_a224-99999999999997_466_map.h5,27.8221,10,378,759,54.340912:225.000000,1594,True,21,13,1636,0.999981,25.2692,0,0.0126616,1672 1672 1636 1594 1593 1635 1673 1706 1707 1674 1637 1595 -1
GCP,adapt_p48-18968510422141_a191-25_227_map.h5,26.8481,10,491,1105,41.810314:191.250000,1494,True,15,13,1441,0.999997,25.6706,0,0.0126571,1442 1442 1495 1545 1544 1494 1385 1384 1441 1493 1440 1383 -1
GCP,adapt_p80-40593177313954_a90-0_247_map.h5,27.4023,10,127,732,9.594069:90.000000,1051,True,85,13,1050,0.992721,26.7453,0,0.0135059,1113 1114 1048 981 982 1049 1115 1116 1050 983 1051 984 -1
GCP,adapt_p60-00000000000001_a180-0_26_map.h5,27.8645,10,414,703,30.000000:180.000000,1324,True,14,13,1324,0.999995,25.8279,0,0.0132195,1325 1325 1384 1383 1263 1262 1261 1323 1324 1382 1381 1322 -1
GCP,adapt_p35-659087696138755_a135-0_264_map.h5,26.6191,10,240,1133,54.340912:135.000000,1583,True,32,13,1665,0.997335,25.4003,0,0.0127615,1625 1625 1583 1626 1663 1664 1665 1627 1628 1666 1700 1699 -1
GCP,adapt_p35-659087696138755_a285-0_494_map.h5,26.8762,10,489,1111,54.340912:285.000000,1601,True,11,11,1602,0.999999,20.2753,0,0.0126457,1558 1558 1559 1603 1644 1602 1643 1642 1601 1557 -1
GCP,adapt_p60-00000000000001_a180-0_154_map.h5,27.8352,10,209,765,30.000000:180.000000,1324,True,20,13,1262,0.999929,25.795,0,0.0126011,1323 1323 1262 1199 1261 1324 1382 1383 1325 1263 1264 1326 -1
GCP,adapt_p80-40593177313954_a224-99999999999997_388_map.h5,28.8524,10,341,372,9.594069:225.000000,1076,True,17,14,1076,0.999996,28.7783,0,0.0123928,1008 1008 1074 1140 1141 1075 1142 1143 1076 1009 1077 1010 1078 -1
GCP,adapt_p70-52877936550931_a123-74999999999999_566_map.h5,27.8401,10,456,686,19.471220:123.750000,1189,True,17,13,1189,0.999985,25.557,0,0.0126236,1253 1253 1191 1125 1124 1190 1189 1123 1188 1251 1314 1252 -1
GCP,adapt_p60-00000000000001_a270-0_404_map.h5,27.7482,10,216,777,30.000000:270.000000,1339,True,33,13,1452,0.992086,25.8065,0,0.0125487,1337 1337 1395 1451 1453 1505 1504 1452 1396 1339 1397 1398 -1
GCP,adapt_p70-52877936550931_a168-74999999999997_165_map.h5,27.8583,10,543,740,19.471220:168.750000,1197,True,15,13,1197,0.999998,27.6463,0,0.0125355,1259 1196 1130 1195 1131 1132 1198 1262 1261 1197 1260 1259 -1
GCP,adapt_p60-00000000000001_a292-5_549_map.h5,27.825,10,373,753,30.000000:292.500000,1343,True,20,13,1343,0.999969,26.1933,0,0.0128305,1342 1342 1399 1400 1402 1401 1343 1281 1282 1283 1344 1345 -1
GCP,adapt_p48-18968510422141_a303-75_237_map.h5,28.8321,10,353,373,41.810314:303.750000,1510,True,17,14,1511,0.999954,28.0569,0,0.0126445,1512 1512 1561 1605 1604 1560 1511 1460 1459 1510 1559 1509 1458 -1
GCP,adapt_p48-18968510422141_a123-74999999999999_288_map.h5,24.3769,10,131,1555,41.810314:123.750000,1484,False,240,10,1051,0.551589,23.0004,0,0.0185424,1183 1118 1051 1050 1052 1314 1373 1430 1431 -1
GCP,adapt_p23-556464309101234_a337-5_597_map.h5,26.8795,10,801,1177,66.443535:337.500000,1716,True,12,12,1716,0.999997,23.2289,0,0.0132621,1715 1715 1682 1714 1683 1684 1716 1741 1742 1717 1685 -1
GCP,adapt_p23-556464309101234_a202-5_508_map.h5,26.8995,10,831,1159,66.443535:202.500000,1704,True,8,8,1704,0.999999,13.5611,0,0.0122708,1705 1705 1732 1671 1670 1704 1703 -1
GCP,adapt_p70-52877936550931_a56-24999999999999_311_map.h5,27.8813,10,574,755,19.471220:56.250000,1177,True,10,10,1177,0.999999,17.7619,0,0.0124722,1176 1176 1110 1111 1177 1240 1241 1178 1112 -1
GCP,adapt_p35-659087696138755_a45-0_343_map.h5,27.8614,10,479,750,54.340912:45.000000,1572,True,14,13,1571,0.999999,25.5695,0,0.0123975,1615 1615 1572 1525 1573 1617 1616 1571 1524 1523 1570 1614 -1
GCP,adapt_p35-659087696138755_a344-99999999999994_414_map.h5,26.8781,10,503,1090,54.340912:345.000000,1609,True,10,10,1608,0.999999,18.3574,0,0.0126563,1609 1609 1564 1565 1608 1607 1648 1649 1650 -1
GCP,adapt_p35-659087696138755_a315-0_548_map.h5,27.8544,10,424,741,54.340912:315.000000,1605,True,14,13,1561,0.999996,25.2949,0,0.0123814,1511 1511 1512 1513 1562 1606 1605 1561 1560 1510 1559 1604 -1
GCP,adapt_p48-18968510422141_a213-75_158_map.h5,25.7874,10,473,1516,41.810314:213.750000,1497,True,26,13,1445,0.999691,25.1508,0,0.0124119,1329 1329 1330 1389 1446 1499 1498 1445 1388 1387 1444 1497 -1
GCP,adapt_p80-40593177313954_a247-49999999999997_67_map.h5,26.4924,10,86,1114,9.594069:247.500000,1080,False,77,12,1141,0.963801,24.8365,0,0.0133882,1267 1206 1140 1074 1075 1141 1142 1076 1009 1077 1143 -1
GCP,adapt_p80-40593177313954_a315-0_364_map.h5,27.8514,10,407,729,9.594069:315.000000,1093,True,15,13,1094,0.999998,26.4516,0,0.0124088,1160 1160 1027 1026 1094 1095 1161 1159 1093 1025 1092 1158 -1
GCP,adapt_p70-52877936550931_a78-75_597_map.h5,27.8844,10,577,779,19.471220:78.750000,1181,True,8,8,1114,0.999998,13.1711,0,0.0124126,1181 1181 1180 1179 1113 1114 1115 -1
GCP,adapt_p80-40593177313954_a157-5_71_map.h5,28.8458,10,348,377,9.594069:157.500000,1063,True,17,14,996,0.999998,28.5628,0,0.0130019,997 997 929 930 996 1065 1064 1130 1129 1063 995 1062 1128 -1
GCP,adapt_p80-40593177313954_a315-0_234_map.h5,26.8802,10,446,1132,9.594069:315.000000,1093,True,12,12,1093,0.999999,23.4312,0,0.0125972,1094 1094 1160 1095 1027 1026 1025 1093 1159 1092 1024 -1
GCP,adapt_p70-52877936550931_a123-74999999999999_10_map.h5,25.7989,10,290,1444,19.471220:123.750000,1189,True,25,12,1189,0.999698,23.1671,0,0.0128724,1253 1253 1191 1125 1124 1190 1252 1189 1123 1122 1188 -1
GCP,adapt_p70-52877936550931_a168-74999999999997_72_map.h5,28.8533,10,279,375,19.471220:168.750000,1197,True,19,14,1196,0.999988,28.8164,0,0.0125353,1260 1260 1198 1132 1131 1197 1261 1196 1130 1195 1258 1259 1321 -1
GCP,adapt_p48-18968510422141_a191-25_306_map.h5,27.8693,10,468,733,41.810314:191.250000,1494,True,13,13,1544,0.999999,25.8293,0,0.0124701,1545 1545 1495 1590 1589 1544 1543 1492 1440 1493 1494 1441 -1
GCP,adapt_p70-52877936550931_a33-75_416_map.h5,27.8652,10,357,778,19.471220:33.750000,1173,True,12,12,1173,0.999998,23.2825,0,0.0125818,1236 1236 1174 1237 1173 1107 1106 1172 1235 1171 1105 -1
GCP,adapt_p70-52877936550931_a168-74999999999997_60_map.h5,26.2684,10,137,1130,19.471220:168.750000,1197,True,104,12,1259,0.93771,24.995,0,0.0134166,1439 1322 1321 1320 1258 1195 1259 1196 1197 1260 1261 -1
GCP,adapt_p70-52877936550931_a33-75_20_map.h5,25.8322,10,700,1508,19.471220:33.750000,1173,True,16,12,1175,0.999905,23.7934,0,0.012598,1237 1237 1175 1109 1176 1238 1174 1108 1107 1173 1172 -1
GCP,adapt_p80-40593177313954_a247-49999999999997_486_map.h5,25.6719,10,262,1519,9.594069:247.500000,1080,True,39,12,1013,0.976642,23.7431,0,0.0129558,1081 1081 1012 945 1079 1080 1013 946 947 1014 1015 -1
GCP,adapt_p23-556464309101234_a292-5_562_map.h5,27.8352,10,302,705,66.443535:292.500000,1712,True,17,13,1740,0.999981,25.2665,0,0.0126556,1713 1713 1714 1682 1681 1712 1739 1761 1762 1740 1741 1715 -1
GCP,adapt_p80-40593177313954_a270-0_302_map.h5,26.6297,10,261,1148,9.594069:270.000000,1084,True,49,12,1085,0.986143,24.6467,0,0.0130914,1083 1084 1017 1018 1019 1086 1152 1216 1151 1150 1085 -1
GCP,adapt_p23-556464309101234_a67-5_262_map.h5,25.2618,10,137,1546,66.443535:67.500000,1693,False,102,12,1479,0.971819,24.1602,0,0.0138291,1577 1531 1480 1427 1426 1368 1367 1425 1479 1478 1424 -1
GCP,adapt_p48-18968510422141_a326-24999999999994_365_map.h5,27.8882,10,522,694,41.810314:326.250000,1514,True,10,10,1514,0.999999,18.3842,0,0.0126351,1515 1515 1462 1463 1514 1513 1562 1563 1564 -1
GCP,adapt_p60-00000000000001_a292-5_404_map.h5,25.724,10,426,1501,30.000000:292.500000,1343,True,33,13,1281,0.999408,25.6769,0,0.0127941,1220 1220 1219 1218 1280 1279 1341 1342 1281 1343 1282 1283 -1
GCP,adapt_p60-00000000000001_a180-0_527_map.h5,27.8763,10,495,734,30.000000:180.000000,1324,True,14,13,1261,0.999997,25.6422,0,0.0124809,1323 1323 1322 1259 1260 1197 1261 1198 1199 1262 1324 1263 -1
GCP,adapt_p70-52877936550931_a326-24999999999994_311_map.h5,27.7601,10,230,750,19.471220:326.250000,1225,True,29,13,1159,0.999012,25.7273,0,0.012746,1224 1224 1158 1092 1157 1222 1223 1159 1093 1094 1160 1225 -1
GCP,adapt_p48-18968510422141_a56-24999999999999_448_map.h5,25.7453,10,180,1460,41.810314:56.250000,1475,True,32,13,1420,0.996081,25.0738,0,0.0124562,1363 1363 1362 1361 1419 1473 1526 1474 1420 1421 1475 1527 -1
GCP,adapt_p60-00000000000001_a112-49999999999999_202_map.h5,26.8802,10,601,1066,30.000000:112.500000,1313,True,10,10,1372,0.999999,17.8618,0,0.0125699,1371 1371 1312 1313 1372 1429 1430 1373 1314 -1
GCP,adapt_p35-659087696138755_a14-999999999999998_447_map.h5,26.7352,10,236,1152,54.340912:15.000000,1568,True,32,13,1568,0.998599,25.7852,0,0.0125728,1520 1520 1567 1612 1568 1468 1521 1569 1570 1614 1613 1652 -1
GCP,adapt_p35-659087696138755_a165-0_78_map.h5,26.8593,10,370,1171,54.340912:165.000000,1587,True,15,13,1587,0.999997,25.7866,0,0.0125212,1541 1541 1491 1492 1543 1542 1586 1629 1630 1587 1588 1589 -1
GCP,adapt_p48-18968510422141_a168-74999999999997_306_map.h5,26.8855,10,768,1169,41.810314:168.750000,1491,True,10,10,1491,0.999998,18.6754,0,0.0123233,1541 1541 1540 1542 1492 1438 1491 1490 1437 -1
GCP,adapt_p80-40593177313954_a292-5_184_map.h5,27.8782,10,497,728,9.594069:292.500000,1088,True,11,11,1021,0.999999,21.1439,0,0.0125307,1088 1088 1087 1020 1021 1089 1154 1155 1022 1090 -1
GCP,adapt_p48-18968510422141_a33-75_385_map.h5,27.8586,10,440,766,41.810314:33.750000,1471,True,14,13,1417,0.999998,25.2658,0,0.0131381,1418 1418 1417 1359 1358 1416 1415 1470 1523 1471 1472 1524 -1
GCP,adapt_p23-556464309101234_a202-5_316_map.h5,27.8893,10,547,792,66.443535:202.500000,1704,True,11,11,1732,0.999999,21.2794,0,0.0124778,1731 1731 1756 1755 1733 1705 1732 1704 1703 1730 -1
GCP,adapt_p70-52877936550931_a213-75_38_map.h5,27.8771,10,446,740,19.471220:213.750000,1205,True,11,11,1205,0.999999,21.2056,0,0.0126536,1206 1206 1207 1140 1205 1269 1268 1267 1204 1139 -1
GCP,adapt_p23-556464309101234_a337-5_88_map.h5,25.7381,10,270,1437,66.443535:337.500000,1716,True,32,13,1648,0.997834,25.3922,0,0.0137286,1647 1647 1607 1648 1684 1683 1716 1742 1717 1685 1649 1608 -1
GCP,adapt_p60-00000000000001_a22-5_410_map.h5,25.7033,10,220,1489,30.000000:22.500000,1298,True,37,13,1299,0.998072,25.2073,0,0.0125408,1234 1234 1297 1357 1298 1235 1299 1236 1237 1300 1359 1358 -1
GCP,adapt_p80-40593177313954_a224-99999999999997_288_map.h5,26.8061,10,286,1133,9.594069:225.000000,1076,True,22,13,1143,0.999867,25.5803,0,0.0127305,1076 1076 1141 1075 1142 1143 1077 1078 1079 1145 1144 1209 -1
GCP,adapt_p23-556464309101234_a22-5_193_map.h5,26.8054,10,299,1132,66.443535:22.500000,1689,True,23,13,1653,0.999392,25.4746,0,0.0124369,1613 1613 1570 1571 1615 1654 1690 1689 1653 1614 1652 1688 -1
GCP,adapt_p48-18968510422141_a326-24999999999994_279_map.h5,26.8905,10,828,1119,41.810314:326.250000,1514,True,9,9,1462,0.999999,16.1434,0,0.0123225,1513 1513 1563 1562 1514 1463 1462 1461 -1
GCP,adapt_p35-659087696138755_a285-0_599_map.h5,27.8726,10,513,730,54.340912:285.000000,1601,True,11,11,1601,0.999998,20.4032,0,0.0132206,1602 1602 1558 1557 1601 1643 1642 1600 1556 1507 -1
GCP,adapt_p80-40593177313954_a90-0_486_map.h5,28.8493,10,248,337,9.594069:90.000000,1051,True,19,14,983,0.999997,27.845,0,0.0124491,984 984 917 985 1052 1051 1050 983 916 915 982 1049 981 -1
GCP,adapt_p60-00000000000001_a0-0_461_map.h5,27.8792,10,646,733,30.000000:0.000000,1294,True,9,9,1294,0.999999,16.1029,0,0.0126256,1353 1353 1410 1352 1411 1294 1354 1295 -1
GCP,adapt_p80-40593177313954_a45-0_486_map.h5,25.8423,10,440,1477,9.594069:45.000000,1042,True,15,12,975,0.999995,24.8228,0,0.0124551,908 909 976 1043 1042 973 906 907 974 975 908 -1
GCP,adapt_p48-18968510422141_a236-25_354_map.h5,27.8395,10,482,758,41.810314:236.250000,1501,True,16,13,1449,0.999983,25.9008,0,0.0123311,1450 1450 1392 1334 1393 1449 1448 1391 1447 1500 1501 1502 -1
GCP,adapt_p11-715852394892384_a225-0_79_map.h5,27.8548,10,379,736,78.284149:225.000000,1774,True,13,13,1758,0.999999,25.0618,0,0.0130166,1759 1759 1775 1774 1788 1789 1776 1758 1757 1734 1735 1736 -1
GCP,adapt_p35-659087696138755_a45-0_522_map.h5,27.8921,10,579,765,54.340912:45.000000,1572,True,10,10,1572,0.999999,17.58,0,0.0126736,1573 1573 1526 1525 1572 1616 1615 1571 1524 -1
GCP,adapt_p60-00000000000001_a0-0_119_map.h5,27.8735,10,589,697,30.000000:0.000000,1294,True,11,11,1295,0.999999,21.9283,0,0.0133399,1232 1233 1296 1355 1354 1294 1293 1231 1295 1232 -1
GCP,adapt_p80-40593177313954_a202-49999999999997_594_map.h5,26.8662,10,506,1081,9.594069:202.500000,1072,True,14,13,1071,0.999998,25.8993,0,0.0125786,1004 1004 1070 1136 1069 1002 1003 1071 1137 1138 1072 1005 -1
GCP,adapt_p35-659087696138755_a285-0_250_map.h5,27.8487,10,493,756,54.340912:285.000000,1601,True,15,14,1643,0.999998,27.4598,0,0.0131233,1601 1601 1643 1602 1603 1644 1680 1679 1712 1711 1678 1642 1641 -1
GCP,adapt_p48-18968510422141_a123-74999999999999_283_map.h5,27.8373,10,333,769,41.810314:123.750000,1484,True,19,13,1432,0.999982,25.2489,0,0.0125363,1430 1430 1484 1485 1486 1433 1376 1375 1432 1431 1374 1373 -1
GCP,adapt_p80-40593177313954_a224-99999999999997_387_map.h5,25.5084,10,104,1098,9.594069:225.000000,1076,True,226,10,1141,0.753482,24.929,0,0.0170693,1550 1639 1140 1074 1075 1141 1142 1076 1077 -1
GCP,adapt_p60-00000000000001_a0-0_179_map.h5,27.8823,10,423,784,30.000000:0.000000,1294,True,10,10,1294,0.999999,18.1416,0,0.0124914,1411 1411 1354 1355 1295 1294 1231 1293 1353 -1
GCP,adapt_p60-00000000000001_a337-49999999999994_312_map.h5,26.6441,10,90,1097,30.000000:337.500000,1350,False,53,12,1229,0.95702,24.7793,0,0.0126582,1162 1163 1228 1291 1352 1229 1164 1165 1230 1292 1353 -1
GCP,adapt_p80-40593177313954_a337-49999999999994_372_map.h5,27.878,10,584,741,9.594069:337.500000,1097,True,9,9,1097,0.999998,16.1688,0,0.0127547,1029 1029 1098 1030 1097 1096 1028 1095 -1
GCP,adapt_p35-659087696138755_a14-999999999999998_583_map.h5,27.3462,10,116,754,54.340912:15.000000,1568,True,91,13,1523,0.989399,26.3586,0,0.0135766,1414 1469 1521 1568 1569 1522 1470 1471 1523 1570 1571 1524 -1
GCP,adapt_p48-18968510422141_a303-75_212_map.h5,25.8212,10,245,1521,41.810314:303.750000,1510,True,18,13,1510,0.999847,24.9879,0,0.0126083,1559 1559 1558 1508 1456 1457 1509 1510 1458 1459 1511 1560 -1
GCP,adapt_p48-18968510422141_a168-74999999999997_370_map.h5,25.8603,10,443,1477,41.810314:168.750000,1491,True,13,13,1491,0.999998,25.3252,0,0.0124958,1438 1438 1439 1492 1491 1437 1436 1489 1540 1490 1541 1542 -1
GCP,adapt_p48-18968510422141_a236-25_186_map.h5,25.3124,10,201,1476,41.810314:236.250000,1501,False,93,12,1269,0.818096,25.2746,0,0.0133471,1551 1393 1392 1333 1271 1270 1207 1206 1269 1268 1205 -1
GCP,adapt_p48-18968510422141_a78-75_322_map.h5,27.8705,10,424,706,41.810314:78.750000,1478,True,13,13,1478,0.999999,25.679,0,0.0123239,1530 1530 1576 1529 1479 1425 1478 1424 1423 1477 1476 1528 -1
GCP,adapt_p35-659087696138755_a344-99999999999994_194_map.h5,26.8781,10,488,1153,54.340912:345.000000,1609,True,9,9,1609,0.999999,15.5544,0,0.0127109,1649 1649 1650 1610 1566 1565 1609 1608 -1
GCP,adapt_p70-52877936550931_a326-24999999999994_351_map.h5,26.8573,10,469,1166,19.471220:326.250000,1225,True,16,13,1224,0.999998,25.6385,0,0.0125104,1160 1160 1159 1223 1285 1286 1287 1224 1225 1161 1226 1288 -1
GCP,adapt_p80-40593177313954_a202-49999999999997_81_map.h5,27.8523,10,393,777,9.594069:202.500000,1072,True,15,13,1072,0.99998,26.0271,0,0.0125261,1073 1073 1004 1005 1072 1139 1138 1137 1071 1003 1070 1136 -1
GCP,adapt_p70-52877936550931_a348-74999999999994_113_map.h5,24.4786,10,82,1819,19.471220:348.750000,1229,False,71,12,1523,0.976116,23.9421,0,0.0131595,1469 1470 1416 1417 1471 1472 1524 1571 1570 1523 1522 -1
GCP,adapt_p48-18968510422141_a236-25_375_map.h5,26.867,10,577,1119,41.810314:236.250000,1501,True,13,13,1501,0.999999,26.0445,0,0.0128305,1500 1500 1550 1551 1552 1502 1450 1501 1447 1448 1449 1392 -1
GCP,adapt_p80-40593177313954_a224-99999999999997_232_map.h5,24.9988,10,106,1496,9.594069:225.000000,1076,False,146,11,1632,0.941818,23.5434,0,0.0150294,1441 1589 1588 1631 1590 1632 1668 1669 1670 1633 -1
GCP,adapt_p11-715852394892384_a45-0_224_map.h5,25.8463,10,451,1465,78.284149:45.000000,1766,True,19,13,1766,0.999988,24.9902,0,0.0125082,1767 1767 1783 1782 1781 1766 1765 1744 1745 1746 1720 1747 -1
GCP,adapt_p60-00000000000001_a315-0_52_map.h5,27.8613,10,377,775,30.000000:315.000000,1346,True,13,13,1346,0.999999,25.075,0,0.0125034,1404 1404 1405 1348 1287 1286 1347 1346 1285 1284 1345 1403 -1
GCP,adapt_p70-52877936550931_a258-75_598_map.h5,25.76,10,249,1523,19.471220:258.750000,1213,True,28,12,1275,0.998247,23.2255,0,0.0137796,1335 1335 1273 1336 1337 1276 1213 1212 1275 1274 1211 -1
GCP,adapt_p80-40593177313954_a315-0_407_map.h5,28.8915,10,547,362,9.594069:315.000000,1093,True,10,10,1093,0.999998,18.1142,0,0.0123257,1094 1094 1159 1093 1026 1025 1092 1158 1157 -1
GCP,adapt_p11-715852394892384_a225-0_71_map.h5,25.7741,10,184,1480,78.284149:225.000000,1774,False,30,12,1759,0.99642,22.7274,0,0.0127439,1775 1775 1776 1760 1737 1736 1759 1758 1735 1708 1734 -1
GCP,adapt_p60-00000000000001_a224-99999999999997_59_map.h5,27.8577,10,400,773,30.000000:225.000000,1331,True,15,13,1271,0.999998,25.3682,0,0.0131094,1333 1333 1391 1390 1332 1331 1269 1207 1270 1208 1271 1272 -1
GCP,adapt_p60-00000000000001_a270-0_48_map.h5,25.8521,10,431,1487,30.000000:270.000000,1339,True,17,12,1339,0.999976,23.8306,0,0.012654,1340 1340 1278 1215 1279 1339 1397 1338 1276 1277 1214 -1
GCP,adapt_p80-40593177313954_a22-5_111_map.h5,27.8714,10,525,803,9.594069:22.500000,1038,True,11,11,1038,0.999998,20.5414,0,0.012424,1037 1037 1104 1038 970 971 1039 1105 1106 1040 -1
GCP,adapt_p35-659087696138755_a105-0_213_map.h5,26.8932,10,781,1123,54.340912:105.000000,1579,True,7,7,1579,0.999999,10.8318,0,0.0125451,1580 1580 1533 1579 1623 1622 -1
GCP,adapt_p35-659087696138755_a135-0_406_map.h5,27.8584,10,381,724,54.340912:135.000000,1583,True,16,14,1583,0.999997,27.279,0,0.0124129,1627 1627 1665 1628 1585 1584 1538 1537 1583 1626 1625 1582 1536 -1
GCP,adapt_p35-659087696138755_a344-99999999999994_273_map.h5,25.708,10,253,1544,54.340912:345.000000,1609,True,37,13,1565,0.973359,25.1262,0,0.0127818,1566 1566 1517 1516 1464 1463 1515 1564 1608 1565 1609 1610 -1
GCP,adapt_p70-52877936550931_a326-24999999999994_319_map.h5,28.875,10,362,349,19.471220:326.250000,1225,True,14,13,1161,0.999997,26.0466,0,0.0127901,1160 1160 1224 1287 1288 1226 1289 1227 1162 1161 1225 1095 -1
GCP,adapt_p60-00000000000001_a112-49999999999999_599_map.h5,27.8577,10,499,682,30.000000:112.500000,1313,True,10,10,1313,0.999998,17.9914,0,0.0130757,1371 1371 1372 1373 1314 1251 1250 1313 1312 -1
GCP,adapt_p35-659087696138755_a315-0_522_map.h5,27.8825,10,536,737,54.340912:315.000000,1605,True,9,9,1605,0.999999,15.3138,0,0.0123161,1646 1646 1647 1606 1562 1561 1605 1604 -1
GCP,adapt_p80-40593177313954_a22-5_130_map.h5,26.8681,10,495,1081,9.594069:22.500000,1038,True,13,13,1038,0.999999,25.49,0,0.0127033,971 971 972 1039 1038 1104 1103 1037 970 969 1036 968 -1
GCP,adapt_p60-00000000000001_a270-0_190_map.h5,27.8865,10,536,741,30.000000:270.000000,1339,True,12,12,1339,0.999999,24.4732,0,0.0123393,1397 1398 1399 1341 1279 1340 1339 1278 1277 1338 1397 -1
GCP,adapt_p60-00000000000001_a135-0_197_map.h5,27.8864,10,599,749,30.000000:135.000000,1316,True,10,10,1317,0.999998,17.9086,0,0.0124022,1316 1316 1375 1376 1317 1318 1256 1255 1254 -1
GCP,adapt_p11-715852394892384_a315-0_18_map.h5,26.59,10,102,1143,78.284149:315.000000,1778,False,54,13,1646,0.979621,26.5118,0,0.0127498,1715 1683 1648 1607 1647 1606 1605 1604 1645 1646 1682 1714 -1
GCP,adapt_p80-40593177313954_a180-0_11_map.h5,26.8653,10,464,1137,9.594069:180.000000,1067,True,10,10,1132,0.999999,18.6559,0,0.0124762,1133 1133 1132 1131 1065 1066 1134 1068 1067 -1
GCP,adapt_p70-52877936550931_a146-25_468_map.h5,26.4855,10,110,1085,19.471220:146.250000,1193,False,73,12,1326,0.94591,25.6511,0,0.0132964,1493 1263 1325 1324 1383 1384 1326 1264 1265 1327 1266 -1
GCP,adapt_p70-52877936550931_a191-25_478_map.h5,27.8361,10,368,761,19.471220:191.250000,1201,True,19,13,1202,0.999921,25.2712,0,0.0126439,1137 1137 1136 1201 1263 1264 1326 1327 1265 1202 1203 1266 -1
GCP,adapt_p60-00000000000001_a157-5_304_map.h5,27.8664,10,401,713,30.000000:157.500000,1320,True,15,13,1321,0.999995,25.7159,0,0.0123447,1380 1380 1379 1436 1437 1322 1321 1259 1258 1320 1378 1319 -1
GCP,adapt_p70-52877936550931_a146-25_565_map.h5,26.8713,10,427,1189,19.471220:146.250000,1193,True,12,12,1193,0.999999,22.9512,0,0.0125188,1128 1128 1127 1192 1256 1193 1194 1257 1258 1195 1129 -1
GCP,adapt_p70-52877936550931_a191-25_130_map.h5,26.8248,10,393,1164,19.471220:191.250000,1201,True,18,13,1199,0.999997,25.0999,0,0.0130045,1134 1134 1133 1198 1261 1262 1199 1200 1263 1264 1201 1135 -1
GCP,adapt_p70-52877936550931_a258-75_306_map.h5,27.8632,10,500,730,19.471220:258.750000,1213,True,15,13,1213,0.999997,25.1091,0,0.012568,1149 1149 1150 1215 1214 1213 1148 1147 1212 1275 1276 1277 -1
GCP,adapt_p80-40593177313954_a247-49999999999997_413_map.h5,27.8183,10,219,813,9.594069:247.500000,1080,True,21,14,1080,0.99996,27.8084,0,0.0125153,1079 1079 1078 1011 1012 1013 1080 1146 1147 1081 1014 1082 1015 -1
GCP,adapt_p35-659087696138755_a75-0_150_map.h5,28.8653,10,298,411,54.340912:75.000000,1576,True,15,14,1576,0.999999,27.9938,0,0.0125005,1575 1575 1528 1529 1530 1577 1621 1659 1620 1576 1619 1658 1618 -1
GCP,adapt_p48-18968510422141_a101-24999999999999_16_map.h5,25.8631,10,384,1421,41.810314:101.250000,1481,True,15,13,1481,0.999998,25.6,0,0.0127079,1482 1482 1429 1483 1533 1532 1481 1480 1426 1427 1428 1370 -1
GCP,adapt_p48-18968510422141_a191-25_56_map.h5,25.8713,10,284,1498,41.810314:191.250000,1494,True,15,13,1493,0.999997,25.2767,0,0.0125135,1441 1441 1440 1439 1492 1493 1494 1442 1495 1545 1544 1543 -1
GCP,adapt_p80-40593177313954_a202-49999999999997_465_map.h5,27.8343,10,342,820,9.594069:202.500000,1072,True,18,14,1070,0.999996,27.6706,0,0.0124643,1069 1069 1068 1001 1002 1003 1070 1136 1137 1071 1004 1072 1138 -1
GCP,adapt_p23-556464309101234_a67-5_478_map.h5,25.6961,10,253,1523,66.443535:67.500000,1693,True,38,13,1693,0.993534,25.336,0,0.0127319,1620 1620 1619 1618 1657 1658 1659 1694 1693 1656 1692 1722 -1
GCP,adapt_p35-659087696138755_a285-0_352_map.h5,24.9546,10,115,1571,54.340912:285.000000,1601,False,166,12,1683,0.800908,24.7228,0,0.0151019,1712 1714 1741 1715 1683 1682 1646 1645 1681 1644 1603 -1
GCP,adapt_p35-659087696138755_a224-99999999999997_26_map.h5,25.7206,10,107,1099,54.340912:225.000000,1594,False,195,11,1593,0.80398,25.2577,0,0.0159935,939 1074 1073 1139 1138 1548 1593 1635 1634 1592 -1
GCP,adapt_p60-00000000000001_a315-0_83_map.h5,26.8222,10,377,1139,30.000000:315.000000,1346,True,20,13,1285,0.999956,25.6126,0,0.0125508,1284 1284 1345 1346 1286 1223 1222 1285 1347 1348 1287 1224 -1
GCP,adapt_p80-40593177313954_a135-0_497_map.h5,26.4706,10,88,1134,9.594069:135.000000,1059,False,77,12,1772,0.979582,24.5532,0,0.0131813,1789 1786 1785 1770 1771 1787 1773 1772 1754 1753 1752 -1
GCP,adapt_p23-556464309101234_a337-5_163_map.h5,25.7118,10,230,1453,66.443535:337.500000,1716,True,37,13,1682,0.991968,24.9195,0,0.012976,1742 1742 1741 1740 1714 1681 1645 1646 1682 1683 1715 1716 -1
GCP,adapt_p48-18968510422141_a101-24999999999999_404_map.h5,27.8883,10,486,730,41.810314:101.250000,1481,True,11,11,1427,0.999999,20.5688,0,0.0125271,1480 1480 1479 1426 1369 1427 1428 1482 1481 1532 -1
GCP,adapt_p48-18968510422141_a168-74999999999997_593_map.h5,26.7234,10,135,1101,41.810314:168.750000,1491,True,35,13,1438,0.997899,25.1207,0,0.0123685,1489 1489 1436 1437 1380 1381 1382 1439 1438 1491 1490 1540 -1
GCP,adapt_p60-00000000000001_a22-5_196_map.h5,28.8037,10,242,358,30.000000:22.500000,1298,True,23,14,1297,0.999896,28.2496,0,0.0131565,1236 1236 1172 1235 1299 1298 1357 1356 1297 1234 1171 1233 1296 -1
GCP,adapt_p35-659087696138755_a165-0_288_map.h5,27.8211,10,420,757,54.340912:165.000000,1587,True,14,13,1630,0.999998,25.1643,0,0.0126803,1668 1668 1631 1588 1587 1630 1629 1586 1628 1666 1667 1701 -1
GCP,adapt_p70-52877936550931_a33-75_185_map.h5,25.8029,10,272,1503,19.471220:33.750000,1173,True,21,13,1172,0.999417,25.2008,0,0.0129295,1106 1106 1105 1171 1172 1235 1298 1299 1236 1173 1237 1300 -1
GCP,adapt_p60-00000000000001_a315-0_583_map.h5,25.7932,10,338,1463,30.000000:315.000000,1346,True,23,13,1346,0.999442,25.5791,0,0.0126084,1286 1286 1348 1405 1347 1285 1346 1404 1460 1459 1403 1345 -1
GCP,adapt_p23-556464309101234_a292-5_373_map.h5,27.8913,10,468,685,66.443535:292.500000,1712,True,10,10,1712,0.999999,17.8799,0,0.0124567,1739 1739 1713 1680 1679 1712 1711 1738 1737 -1
GCP,adapt_p70-52877936550931_a191-25_29_map.h5,27.5958,10,213,795,19.471220:191.250000,1201,False,54,13,1134,0.960614,27.3459,0,0.0129457,1196 1197 1131 1132 1198 1133 1199 1134 1069 1136 1135 1200 -1
GCP,adapt_p48-18968510422141_a168-74999999999997_448_map.h5,27.8479,10,357,795,41.810314:168.750000,1491,True,17,14,1491,0.999997,27.8555,0,0.01286,1439 1439 1382 1381 1438 1492 1491 1542 1541 1490 1437 1380 1436 -1
GCP,adapt_p80-40593177313954_a0-0_376_map.h5,26.8176,10,366,1054,9.594069:0.000000,1034,True,20,13,1034,0.999946,25.9582,0,0.0131965,1166 1166 1099 1165 1100 1032 1033 1034 967 968 1035 1101 -1
GCP,adapt_p70-52877936550931_a213-75_574_map.h5,24.1736,10,111,1055,19.471220:213.750000,1205,False,424,8,1087,0.770026,22.297,0,0.0307067,1569 1088 1154 1153 1087 1152 1086 -1
GCP,adapt_p48-18968510422141_a348-74999999999994_84_map.h5,27.8078,10,245,830,41.810314:348.750000,1517,True,23,13,1517,0.999701,25.1633,0,0.0129321,1518 1518 1466 1465 1517 1566 1519 1610 1609 1565 1516 1464 -1
GCP,adapt_p60-00000000000001_a90-0_34_map.h5,26.8775,10,460,1091,30.000000:90.000000,1309,True,12,12,1246,0.999999,23.5909,0,0.0132467,1247 1247 1183 1182 1245 1308 1246 1309 1310 1184 1248 -1
GCP,adapt_p35-659087696138755_a195-0_506_map.h5,25.8607,10,647,1537,54.340912:195.000000,1590,True,14,13,1590,0.999998,25.7313,0,0.0130852,1589 1589 1545 1494 1544 1590 1591 1633 1632 1631 1588 1543 -1
GCP,adapt_p11-715852394892384_a315-0_397_map.h5,26.8371,10,459,1169,78.284149:315.000000,1778,True,22,13,1763,0.999962,25.0232,0,0.0126747,1781 1781 1791 1779 1778 1777 1790 1780 1764 1763 1762 1761 -1
GCP,adapt_p11-715852394892384_a315-0_133_map.h5,25.8424,10,301,1452,78.284149:315.000000,1778,True,15,13,1763,0.999986,25.6509,0,0.0124294,1740 1740 1739 1761 1778 1779 1780 1762 1741 1763 1764 1742 -1
GCP,adapt_p80-40593177313954_a247-49999999999997_306_map.h5,27.3104,10,103,739,9.594069:247.500000,1080,False,96,12,1139,0.95478,26.3442,0,0.0133759,1011 1207 1206 1141 1074 1073 1140 1205 1204 1139 1138 -1
GCP,adapt_p80-40593177313954_a157-5_83_map.h5,26.6689,10,249,1157,9.594069:157.500000,1063,True,41,12,1130,0.989665,24.628,0,0.0129378,1062 1063 1064 1065 1132 1197 1131 1130 1196 1195 1129 -1
GCP,adapt_p70-52877936550931_a33-75_559_map.h5,25.6972,10,250,1487,19.471220:33.750000,1173,False,36,13,1362,0.998034,25.2338,0,0.0125711,1421 1421 1363 1303 1362 1420 1361 1302 1301 1360 1418 1419 -1
GCP,adapt_p70-52877936550931_a56-24999999999999_370_map.h5,25.705,10,303,1379,19.471220:56.250000,1177,True,36,13,1110,0.997296,25.4383,0,0.0127798,1174 1174 1175 1239 1176 1177 1178 1112 1111 1110 1109 1108 -1
GCP,adapt_p60-00000000000001_a202-49999999999997_333_map.h5,27.877,10,632,699,30.000000:202.500000,1328,True,11,11,1328,0.999999,21.1716,0,0.0127601,1386 1386 1329 1267 1387 1328 1266 1265 1327 1385 -1
GCP,adapt_p60-00000000000001_a112-49999999999999_162_map.h5,25.6852,10,320,1444,30.000000:112.500000,1313,True,37,13,1313,0.990856,25.3616,0,0.0125982,1374 1374 1373 1372 1371 1370 1311 1312 1313 1251 1314 1315 -1
GCP,adapt_p70-52877936550931_a11-25_74_map.h5,26.8639,10,419,1165,19.471220:11.250000,1169,True,15,13,1102,0.999998,26.8416,0,0.0129055,1101 1101 1169 1103 1170 1232 1231 1168 1102 1167 1166 1230 -1
GCP,adapt_p80-40593177313954_a22-5_264_map.h5,25.8093,10,405,1513,9.594069:22.500000,1038,True,21,13,1039,0.999872,25.4008,0,0.0125285,1037 1037 1103 1104 1038 970 971 1039 1040 1106 1105 1171 -1
GCP,adapt_p23-556464309101234_a202-5_200_map.h5,25.8823,10,789,1470,66.443535:202.500000,1704,True,10,10,1704,0.999999,17.8688,0,0.0124875,1731 1731 1703 1670 1671 1705 1704 1732 1733 -1
GCP,adapt_p80-40593177313954_a45-0_297_map.h5,27.875,10,563,736,9.594069:45.000000,1042,True,12,12,1043,0.999999,25.889,0,0.0127808,975 1043 1041 974 975 976 1042 1108 1109 1044 1110 -1
GCP,adapt_p70-52877936550931_a191-25_249_map.h5,27.8775,10,395,767,19.471220:191.250000,1201,True,13,13,1201,0.999999,25.6378,0,0.0123341,1137 1137 1138 1203 1136 1135 1200 1263 1264 1201 1202 1265 -1
GCP,adapt_p60-00000000000001_a224-99999999999997_585_map.h5,26.8804,10,527,1149,30.000000:225.000000,1331,True,12,12,1390,0.999999,22.8689,0,0.0124039,1446 1446 1447 1391 1332 1390 1389 1331 1330 1388 1445 -1
GCP,adapt_p60-00000000000001_a224-99999999999997_104_map.h5,26.8503,10,464,1143,30.000000:225.000000,1331,True,15,13,1331,0.999995,25.1864,0,0.0124931,1332 1332 1270 1269 1268 1330 1388 1445 1446 1389 1331 1390 -1
GCP,adapt_p80-40593177313954_a45-0_35_map.h5,25.8661,10,406,1529,9.594069:45.000000,1042,True,13,11,1043,0.999997,20.5206,0,0.0126286,975 975 974 1042 1108 1109 1043 1110 1044 976 -1
GCP,adapt_p48-18968510422141_a191-25_426_map.h5,27.8842,10,448,759,41.810314:191.250000,1494,True,12,12,1440,0.999999,23.0165,0,0.0125904,1494 1494 1442 1441 1440 1439 1492 1543 1493 1544 1545 -1
GCP,adapt_p70-52877936550931_a191-25_336_map.h5,25.3555,10,88,1125,19.471220:191.250000,1201,False,250,10,1128,0.696275,24.9339,0,0.01798,1389 1136 1135 1129 1194 1128 1127 1193 1192 -1
GCP,adapt_p48-18968510422141_a33-75_318_map.h5,27.8666,10,425,742,41.810314:33.750000,1471,True,13,13,1417,0.999999,25.1554,0,0.0132321,1471 1471 1472 1418 1417 1416 1470 1523 1524 1525 1473 1419 -1
GCP,adapt_p60-00000000000001_a67-5_222_map.h5,27.7903,10,244,753,30.000000:67.500000,1305,True,26,13,1365,0.999731,27.1675,0,0.0125324,1423 1365 1306 1307 1366 1305 1304 1363 1421 1364 1422 1423 -1
GCP,adapt_p35-659087696138755_a14-999999999999998_121_map.h5,27.8921,10,584,762,54.340912:15.000000,1568,True,8,8,1569,0.999999,13.5835,0,0.0127715,1613 1613 1612 1568 1614 1570 1569 -1
GCP,adapt_p80-40593177313954_a22-5_300_map.h5,26.841,10,349,1073,9.594069:22.500000,1038,True,18,13,1038,0.99998,25.9086,0,0.0127495,1037 1037 1036 1103 1104 1038 970 971 972 1039 1105 1040 -1
GCP,adapt_p60-00000000000001_a112-49999999999999_110_map.h5,28.7972,10,243,381,30.000000:112.500000,1313,True,22,13,1313,0.998723,26.7226,0,0.012644,1314 1251 1313 1314 1252 1189 1188 1187 1250 1249 1312 1311 -1
GCP,adapt_p70-52877936550931_a236-25_189_map.h5,27.8433,10,372,751,19.471220:236.250000,1209,True,18,13,1208,0.999974,25.7258,0,0.0125252,1207 1207 1142 1143 1144 1209 1273 1210 1272 1271 1208 1270 -1
GCP,adapt_p60-00000000000001_a22-5_34_map.h5,27.8762,10,406,745,30.000000:22.500000,1298,True,12,12,1298,0.999999,23.1982,0,0.0125677,1357 1357 1358 1299 1236 1235 1298 1356 1296 1297 1234 -1
GCP,adapt_p35-659087696138755_a285-0_68_map.h5,27.2371,10,98,769,54.340912:285.000000,1601,False,114,12,1599,0.960931,26.7167,0,0.014489,1271 1553 1554 1555 1556 1600 1599 1598 1640 1641 1642 -1
GCP,adapt_p80-40593177313954_a315-0_173_map.h5,26.8451,10,528,1187,9.594069:315.000000,1093,True,17,13,1093,0.999971,26.4874,0,0.0126591,1158 1158 1025 1092 1091 1157 1093 1026 1094 1160 1159 1223 -1
GCP,adapt_p60-00000000000001_a90-0_528_map.h5,25.8339,10,388,1533,30.000000:90.000000,1309,True,19,13,1309,0.999993,25.4376,0,0.0129706,1246 1246 1245 1307 1367 1308 1309 1368 1426 1369 1310 1247 -1
GCP,adapt_p11-715852394892384_a45-0_116_map.h5,27.8802,10,405,776,78.284149:45.000000,1766,True,12,12,1766,0.999999,22.6201,0,0.0125778,1746 1746 1765 1745 1766 1782 1783 1768 1767 1747 1748 -1
GCP,adapt_p80-40593177313954_a157-5_386_map.h5,27.7973,10,301,756,9.594069:157.500000,1063,True,22,13,1063,0.999921,25.9723,0,0.0125571,994 994 1060 993 1061 1062 995 1063 996 1064 997 1065 -1
GCP,adapt_p70-52877936550931_a326-24999999999994_112_map.h5,27.8813,10,455,780,19.471220:326.250000,1225,True,13,13,1225,0.999999,25.7281,0,0.0125088,1224 1224 1288 1225 1160 1161 1226 1289 1349 1348 1287 1286 -1
GCP,adapt_p35-659087696138755_a224-99999999999997_251_map.h5,26.8564,10,612,1135,54.340912:225.000000,1594,True,11,11,1594,0.999999,20.8882,0,0.0123598,1593 1593 1549 1548 1594 1550 1595 1637 1636 1635 -1
GCP,adapt_p60-00000000000001_a67-5_593_map.h5,24.8235,10,106,1497,30.000000:67.500000,1305,False,169,11,1239,0.65064,22.9301,0,0.0151319,1362 1176 1175 1238 1239 1240 1241 1242 1243 1244 -1
GCP,adapt_p60-00000000000001_a67-5_203_map.h5,27.8821,10,469,727,30.000000:67.500000,1305,True,11,11,1306,0.999999,21.0582,0,0.0127561,1243 1243 1307 1366 1244 1306 1365 1364 1305 1242 -1
GCP,adapt_p70-52877936550931_a146-25_164_map.h5,27.8622,10,459,801,19.471220:146.250000,1193,True,14,13,1127,0.999998,25.1772,0,0.0126385,1061 1061 1062 1063 1129 1194 1128 1127 1193 1192 1126 1060 -1
GCP,adapt_p80-40593177313954_a292-5_358_map.h5,26.8213,10,431,1176,9.594069:292.500000,1088,True,21,12,1089,0.999407,25.1213,0,0.0124823,1022 1089 1088 1020 1021 1155 1156 1091 1023 1090 1022 -1
GCP,adapt_p60-00000000000001_a135-0_206_map.h5,26.8883,10,748,1162,30.000000:135.000000,1316,True,10,10,1317,0.999998,17.8217,0,0.0124614,1254 1254 1316 1375 1376 1317 1255 1256 1318 -1
GCP,adapt_p23-556464309101234_a247-49999999999997_96_map.h5,27.8884,10,576,712,66.443535:247.500000,1708,True,11,11,1708,0.999999,20.1892,0,0.0123523,1675 1675 1676 1709 1736 1708 1735 1734 1707 1674 -1
GCP,adapt_p80-40593177313954_a22-5_199_map.h5,27.873,10,486,719,9.594069:22.500000,1038,True,11,11,1039,0.999998,20.5877,0,0.0128093,1038 1038 1037 1104 1105 1106 1040 972 1039 971 -1
GCP,adapt_p35-659087696138755_a255-00000000000003_120_map.h5,25.2987,10,99,1558,54.340912:255.000000,1598,True,94,12,1552,0.981401,25.304,0,0.0141007,1673 1550 1595 1551 1501 1502 1552 1596 1597 1598 1553 -1
GCP,adapt_p23-556464309101234_a112-5_251_map.h5,27.8065,10,250,751,66.443535:112.500000,1697,True,25,13,1697,0.999623,25.1401,0,0.0133244,1724 1724 1750 1725 1695 1696 1697 1662 1663 1698 1727 1726 -1
GCP,adapt_p60-00000000000001_a157-5_362_map.h5,26.8042,10,329,1119,30.000000:157.500000,1320,True,23,12,1322,0.99995,22.9294,0,0.0126115,1379 1379 1320 1259 1321 1380 1381 1322 1260 1261 1323 -1
GCP,adapt_p60-00000000000001_a0-0_442_map.h5,27.8923,10,560,733,30.000000:0.000000,1294,True,12,12,1294,0.999998,23.8774,0,0.0124225,1231 1231 1296 1355 1354 1295 1232 1294 1293 1353 1411 -1
GCP,adapt_p48-18968510422141_a101-24999999999999_232_map.h5,27.6863,10,232,743,41.810314:101.250000,1481,False,43,13,1579,0.977918,27.6982,0,0.0134633,1663 1625 1662 1661 1623 1622 1579 1533 1580 1621 1578 1532 -1
GCP,adapt_p35-659087696138755_a135-0_464_map.h5,25.8844,10,767,1482,54.340912:135.000000,1583,True,8,8,1583,0.999999,13.6454,0,0.0123715,1626 1626 1625 1582 1627 1584 1583 -1
GCP,adapt_p80-40593177313954_a224-99999999999997_561_map.h5,25.6799,10,112,1539,9.594069:225.000000,1076,True,40,12,1079,0.993697,24.7914,0,0.0128738,1076 1009 1010 1077 1011 1078 1144 1145 1079 1012 1080 -1
GCP,adapt_p11-715852394892384_a45-0_322_map.h5,25.8524,10,94,1111,78.284149:45.000000,1766,False,175,11,1692,0.738537,25.1309,0,0.015327,1678 1680 1712 1713 1739 1740 1762 1722 1692 1693 -1
GCP,adapt_p60-00000000000001_a224-99999999999997_317_map.h5,27.8444,10,467,732,30.000000:225.000000,1331,True,16,13,1269,0.999984,25.1682,0,0.0133967,1271 1271 1208 1207 1206 1269 1268 1330 1331 1270 1332 1390 -1
GCP,adapt_p80-40593177313954_a0-0_327_map.h5,27.8922,10,595,720,9.594069:0.000000,1034,True,11,11,1034,0.999999,20.616,0,0.0126031,1035 1035 1102 1101 1034 967 1033 1100 1166 1165 -1
GCP,adapt_p70-52877936550931_a236-25_519_map.h5,26.5143,10,112,1136,19.471220:236.250000,1209,True,66,12,1143,0.881571,24.4147,0,0.0135677,1210 1209 1208 1207 1142 1143 1078 1144 1145 1079 1080 -1
GCP,adapt_p80-40593177313954_a270-0_557_map.h5,27.8403,10,467,751,9.594069:270.000000,1084,True,19,13,1085,0.999941,25.9128,0,0.0124673,1084 1084 1149 1083 1017 1085 1086 1152 1216 1151 1150 1215 -1
GCP,adapt_p11-715852394892384_a135-0_130_map.h5,27.8742,10,325,816,78.284149:135.000000,1770,True,14,14,1752,0.999999,27.6927,0,0.0126312,1727 1727 1699 1728 1753 1729 1754 1772 1771 1770 1751 1726 1752 -1
GCP,adapt_p80-40593177313954_a112-49999999999999_444_map.h5,25.5553,10,180,1489,9.594069:112.500000,1055,True,51,12,1053,0.965898,24.7059,0,0.0126064,1051 1052 985 1119 1053 986 987 1055 1054 1120 1186 -1
GCP,adapt_p70-52877936550931_a326-24999999999994_251_map.h5,27.8852,10,487,753,19.471220:326.250000,1225,True,12,12,1225,0.999999,23.1082,0,0.0125686,1160 1160 1159 1223 1286 1287 1224 1225 1161 1226 1288 -1
GCP,adapt_p48-18968510422141_a303-75_20_map.h5,27.8894,10,518,794,41.810314:303.750000,1510,True,11,11,1510,0.999999,20.4383,0,0.0124425,1458 1458 1459 1511 1560 1559 1558 1509 1510 1457 -1
GCP,adapt_p70-52877936550931_a168-74999999999997_303_map.h5,28.8519,10,377,368,19.471220:168.750000,1197,True,16,14,1197,0.999995,28.4422,0,0.0128765,1198 1198 1133 1199 1132 1131 1130 1195 1196 1259 1260 1197 1261 -1
GCP,adapt_p11-715852394892384_a315-0_375_map.h5,27.8784,10,533,744,78.284149:315.000000,1778,True,11,11,1763,0.999999,19.6054,0,0.0123732,1762 1762 1763 1764 1780 1779 1778 1790 1791 1781 -1
GCP,adapt_p60-00000000000001_a247-49999999999997_420_map.h5,25.8717,10,643,1534,30.000000:247.500000,1335,True,12,12,1335,0.999999,23.2777,0,0.0130589,1274 1274 1275 1337 1336 1394 1335 1273 1272 1334 1393 -1
GCP,adapt_p60-00000000000001_a247-49999999999997_229_map.h5,27.8493,10,374,765,30.000000:247.500000,1335,True,17,13,1335,0.999989,25.1145,0,0.0124281,1274 1274 1275 1337 1395 1394 1336 1335 1393 1392 1334 1273 -1
GCP,adapt_p23-556464309101234_a22-5_461_map.h5,25.8208,10,306,1412,66.443535:22.500000,1689,True,17,12,1689,0.99981,23.132,0,0.0129329,1719 1719 1690 1720 1689 1653 1613 1652 1651 1688 1718 -1
GCP,adapt_p11-715852394892384_a315-0_34_map.h5,27.8285,10,397,778,78.284149:315.000000,1778,True,23,14,1791,0.999923,27.6775,0,0.0132802,1796 1797 1792 1781 1765 1780 1791 1796 1789 1790 1778 1779 1763 -1
GCP,adapt_p80-40593177313954_a157-5_187_map.h5,27.8622,10,500,718,9.594069:157.500000,1063,True,13,13,1063,0.999999,26.0213,0,0.0126244,1062 1062 996 995 1063 1128 1129 1130 1064 997 1065 1131 -1
GCP,adapt_p70-52877936550931_a78-75_382_map.h5,27.8763,10,516,754,19.471220:78.750000,1181,True,12,12,1181,0.999998,22.7632,0,0.0124642,1244 1244 1243 1180 1114 1181 1115 1116 1182 1245 1246 -1
GCP,adapt_p35-659087696138755_a285-0_497_map.h5,27.8529,10,444,755,54.340912:285.000000,1601,True,14,13,1643,0.999998,25.578,0,0.0128589,1642 1642 1602 1643 1601 1557 1558 1603 1644 1680 1679 1678 -1
GCP,adapt_p35-659087696138755_a165-0_521_map.h5,27.8904,10,598,734,54.340912:165.000000,1587,True,10,10,1586,0.999998,18.029,0,0.012379,1541 1541 1542 1587 1630 1629 1586 1540 1585 -1
GCP,adapt_p80-40593177313954_a90-0_392_map.h5,27.8267,10,335,777,9.594069:90.000000,1051,True,20,13,983,0.999926,26.2191,0,0.0130988,1118 1118 1117 1119 1052 984 1051 983 1050 982 1049 981 -1
GCP,adapt_p35-659087696138755_a75-0_193_map.h5,27.8933,10,596,771,54.340912:75.000000,1576,True,9,9,1576,0.999999,15.5541,0,0.0124648,1619 1619 1620 1577 1530 1529 1576 1575 -1
GCP,adapt_p48-18968510422141_a56-24999999999999_303_map.h5,25.437,10,139,1495,41.810314:56.250000,1475,True,82,12,1526,0.901259,24.5524,0,0.0137916,1365 1422 1476 1528 1527 1573 1526 1525 1474 1475 1421 -1
GCP,adapt_p60-00000000000001_a90-0_573_map.h5,25.7651,10,276,1493,30.000000:90.000000,1309,True,26,13,1368,0.99894,25.6719,0,0.0126512,1245 1245 1309 1368 1369 1426 1425 1367 1308 1244 1307 1366 -1
GCP,adapt_p60-00000000000001_a270-0_502_map.h5,26.8741,10,672,1055,30.000000:270.000000,1339,True,11,11,1339,0.999998,21.1362,0,0.0126901,1397 1397 1338 1277 1278 1339 1340 1398 1279 1341 -1
GCP,adapt_p23-556464309101234_a292-5_347_map.h5,27.8232,10,223,741,66.443535:292.500000,1712,True,23,14,1712,0.999981,27.698,0,0.0126025,1740 1740 1761 1739 1738 1711 1712 1679 1680 1681 1713 1714 1682 -1
GCP,adapt_p48-18968510422141_a303-75_491_map.h5,27.8784,10,500,747,41.810314:303.750000,1510,True,11,11,1459,0.999998,22.3632,0,0.0123768,1458 1459 1511 1510 1559 1560 1512 1460 1403 1458 -1
GCP,adapt_p80-40593177313954_a292-5_302_map.h5,28.6937,10,123,353,9.594069:292.500000,1088,True,43,14,1154,0.990633,28.3616,0,0.0131038,1087 1087 1153 1217 1218 1281 1282 1219 1154 1088 1220 1155 1089 -1
GCP,adapt_p70-52877936550931_a56-24999999999999_214_map.h5,25.7442,10,188,1512,19.471220:56.250000,1177,False,33,12,1238,0.997816,23.0718,0,0.0125894,1240 1240 1302 1301 1300 1237 1174 1175 1238 1239 1176 -1
GCP,adapt_p70-52877936550931_a123-74999999999999_112_map.h5,27.8757,10,482,681,19.471220:123.750000,1189,True,12,12,1188,0.999999,23.017,0,0.0131073,1123 1123 1190 1124 1189 1252 1251 1188 1122 1121 1187 -1
GCP,adapt_p48-18968510422141_a146-25_446_map.h5,27.8864,10,606,721,41.810314:146.250000,1488,True,11,11,1434,0.999999,21.1241,0,0.0123298,1488 1488 1487 1436 1435 1378 1377 1434 1433 1376 -1
GCP,adapt_p80-40593177313954_a247-49999999999997_357_map.h5,26.752,10,248,1123,9.594069:247.500000,1080,True,30,13,1080,0.992635,26.6933,0,0.0128257,1147 1147 1014 1013 1081 1012 945 1080 1146 1145 1079 1011 -1
GCP,adapt_p60-00000000000001_a135-0_85_map.h5,27.8623,10,362,745,30.000000:135.000000,1316,True,15,13,1376,0.999989,25.6058,0,0.0124938,1316 1316 1255 1317 1376 1375 1374 1432 1433 1434 1377 1318 -1
GCP,adapt_p70-52877936550931_a101-24999999999999_379_map.h5,27.8739,10,552,725,19.471220:101.250000,1185,True,11,11,1247,0.999998,20.8613,0,0.0128642,1184 1184 1246 1183 1247 1310 1311 1248 1185 1249 -1
GCP,adapt_p48-18968510422141_a326-24999999999994_123_map.h5,28.8484,10,334,376,41.810314:326.250000,1514,True,15,13,1513,0.999995,25.4079,0,0.0123565,1561 1561 1512 1460 1461 1513 1562 1462 1463 1515 1514 1563 -1
GCP,adapt_p35-659087696138755_a75-0_406_map.h5,26.3123,10,186,1065,54.340912:75.000000,1576,False,92,12,1500,0.935259,24.1603,0,0.013454,1445 1446 1447 1448 1449 1501 1500 1550 1549 1499 1498 -1
GCP,adapt_p48-18968510422141_a213-75_474_map.h5,26.8794,10,807,1129,41.810314:213.750000,1497,True,11,11,1497,0.999999,20.624,0,0.0123553,1498 1498 1446 1445 1444 1443 1496 1497 1548 1547 -1
GCP,adapt_p48-18968510422141_a123-74999999999999_268_map.h5,27.8632,10,388,790,41.810314:123.750000,1484,True,13,13,1432,0.999998,25.7298,0,0.0125576,1485 1485 1535 1484 1431 1432 1433 1434 1487 1486 1536 1537 -1
GCP,adapt_p35-659087696138755_a255-00000000000003_131_map.h5,26.8541,10,470,1121,54.340912:255.000000,1598,False,14,13,1676,0.999997,25.5365,0,0.0126531,1708 1708 1674 1638 1675 1639 1640 1677 1676 1709 1710 1736 -1
GCP,adapt_p48-18968510422141_a191-25_72_map.h5,25.792,10,181,1525,41.810314:191.250000,1494,True,25,13,1493,0.998926,25.3235,0,0.0127608,1492 1492 1440 1493 1543 1542 1588 1589 1544 1494 1441 1442 -1
GCP,adapt_p11-715852394892384_a45-0_298_map.h5,27.883,10,485,659,78.284149:45.000000,1766,True,11,11,1766,0.999999,20.112,0,0.0127657,1747 1747 1748 1767 1746 1745 1765 1766 1782 1783 -1
GCP,adapt_p70-52877936550931_a56-24999999999999_74_map.h5,27.6898,10,215,758,19.471220:56.250000,1177,True,42,14,1177,0.99218,27.6928,0,0.012955,1303 1303 1239 1238 1175 1176 1110 1111 1177 1240 1241 1178 1112 -1
GCP,adapt_p70-52877936550931_a56-24999999999999_315_map.h5,27.7813,10,405,717,19.471220:56.250000,1177,True,29,13,1241,0.999239,26.7021,0,0.0125312,1303 1240 1241 1304 1305 1242 1179 1178 1177 1176 1239 1303 -1
GCP,adapt_p60-00000000000001_a157-5_293_map.h5,28.7341,10,180,399,30.000000:157.500000,1320,True,33,14,1259,0.994058,28.4094,0,0.01271,1260 1260 1196 1195 1259 1322 1321 1379 1320 1258 1194 1257 1319 -1
GCP,adapt_p35-659087696138755_a165-0_534_map.h5,25.5444,10,118,1530,54.340912:165.000000,1587,False,61,12,1431,0.991015,24.2166,0,0.0133653,1537 1536 1485 1432 1374 1431 1373 1430 1483 1484 1535 -1
GCP,adapt_p35-659087696138755_a135-0_39_map.h5,28.8744,10,511,397,54.340912:135.000000,1583,True,10,10,1537,0.999999,17.7513,0,0.0124224,1536 1536 1582 1583 1537 1538 1487 1486 1485 -1
GCP,adapt_p60-00000000000001_a157-5_222_map.h5,27.8875,10,572,767,30.000000:157.500000,1320,True,11,11,1321,0.999999,21.3366,0,0.012277,1379 1379 1322 1260 1380 1321 1259 1258 1320 1378 -1
GCP,adapt_p70-52877936550931_a258-75_460_map.h5,27.872,10,574,750,19.471220:258.750000,1213,True,12,12,1213,0.999997,23.0558,0,0.0127832,1276 1276 1214 1215 1277 1338 1337 1275 1212 1213 1148 -1
GCP,adapt_p60-00000000000001_a157-5_89_map.h5,26.8434,10,434,1141,30.000000:157.500000,1320,True,17,13,1320,0.999983,25.8637,0,0.0123734,1322 1322 1380 1381 1259 1321 1320 1258 1257 1319 1378 1379 -1
GCP,adapt_p60-00000000000001_a135-0_555_map.h5,25.6564,10,167,1501,30.000000:135.000000,1316,True,44,12,1255,0.985621,24.2926,0,0.0133786,1191 1254 1316 1375 1376 1377 1319 1256 1318 1317 1255 -1
GCP,adapt_p70-52877936550931_a101-24999999999999_308_map.h5,26.7575,10,210,1054,19.471220:101.250000,1185,True,29,13,1185,0.998648,25.4415,0,0.0133065,1183 1183 1247 1184 1248 1311 1249 1250 1187 1186 1185 1119 -1
GCP,adapt_p48-18968510422141_a123-74999999999999_352_map.h5,27.8754,10,407,739,41.810314:123.750000,1484,True,12,12,1431,0.999999,23.7909,0,0.0123679,1484 1484 1485 1432 1483 1429 1430 1372 1373 1431 1374 -1
GCP,adapt_p35-659087696138755_a315-0_105_map.h5,26.8283,10,386,1154,54.340912:315.000000,1605,True,19,13,1606,0.999935,25.6521,0,0.0124837,1646 1646 1683 1647 1607 1563 1606 1562 1513 1561 1605 1604 -1
GCP,adapt_p48-18968510422141_a168-74999999999997_214_map.h5,25.6977,10,202,1514,41.810314:168.750000,1491,False,38,13,1494,0.99633,25.5043,0,0.0130762,1444 1444 1496 1443 1442 1441 1495 1545 1544 1494 1493 1440 -1
GCP,adapt_p80-40593177313954_a90-0_397_map.h5,27.8861,10,654,730,9.594069:90.000000,1051,True,10,10,1050,0.999998,19.0073,0,0.0126546,983 983 1052 984 1051 982 1049 1050 1116 -1
GCP,adapt_p23-556464309101234_a67-5_74_map.h5,27.8106,10,264,764,66.443535:67.500000,1693,True,24,14,1723,0.99975,27.4192,0,0.0132118,1748 1748 1723 1722 1692 1657 1658 1693 1694 1695 1724 1749 1750 -1
GCP,adapt_p60-00000000000001_a337-49999999999994_207_map.h5,25.7172,10,202,1534,30.000000:337.500000,1350,True,36,13,1352,0.996755,25.7091,0,0.0125678,1410 1410 1409 1350 1289 1290 1351 1352 1353 1292 1291 1228 -1
GCP,adapt_p80-40593177313954_a224-99999999999997_161_map.h5,25.7489,10,170,1536,9.594069:225.000000,1076,True,32,13,1143,0.998585,25.3229,0,0.0129789,1078 1078 1144 1143 1077 1009 1076 1142 1208 1207 1141 1075 -1
GCP,adapt_p48-18968510422141_a78-75_129_map.h5,24.8256,10,176,1470,41.810314:78.750000,1478,False,178,10,1467,0.845294,24.1102,0,0.0160024,1529 1693 1722 1692 1519 1518 1467 1413 1412 -1
GCP,adapt_p35-659087696138755_a14-999999999999998_417_map.h5,28.8392,10,225,393,54.340912:15.000000,1568,True,19,14,1568,0.999996,27.7188,0,0.0126511,1569 1569 1521 1568 1613 1652 1651 1612 1611 1610 1567 1520 1519 -1
GCP,adapt_p23-556464309101234_a202-5_170_map.h5,25.8223,10,292,1445,66.443535:202.500000,1704,True,20,13,1733,0.999868,25.7209,0,0.0125276,1756 1756 1734 1757 1733 1705 1706 1672 1671 1704 1732 1755 -1
GCP,adapt_p48-18968510422141_a78-75_237_map.h5,27.8603,10,520,744,41.810314:78.750000,1478,True,15,13,1425,0.999999,25.6138,0,0.0125461,1478 1478 1423 1477 1424 1425 1479 1530 1531 1480 1426 1427 -1
GCP,adapt_p48-18968510422141_a326-24999999999994_416_map.h5,26.7842,10,233,1144,41.810314:326.250000,1514,False,26,13,1512,0.999667,24.8314,0,0.012604,1560 1560 1559 1510 1511 1459 1460 1512 1561 1562 1513 1461 -1
GCP,adapt_p11-715852394892384_a225-0_447_map.h5,27.8829,10,380,732,78.284149:225.000000,1774,True,14,14,1788,0.999999,26.7872,0,0.0128854,1775 1775 1776 1789 1796 1795 1787 1786 1772 1773 1788 1774 1757 -1
GCP,adapt_p60-00000000000001_a292-5_312_map.h5,27.8291,10,409,775,30.000000:292.500000,1343,True,19,14,1343,0.99999,27.3258,0,0.0126973,1281 1281 1282 1283 1344 1402 1401 1343 1342 1400 1399 1341 1280 -1
GCP,adapt_p60-00000000000001_a180-0_17_map.h5,26.8471,10,476,1112,30.000000:180.000000,1324,True,16,13,1440,0.999967,25.7305,0,0.0126612,1441 1441 1384 1383 1440 1439 1382 1324 1323 1381 1438 1493 -1
GCP,adapt_p70-52877936550931_a56-24999999999999_426_map.h5,27.8454,10,339,804,19.471220:56.250000,1177,True,19,13,1111,0.999982,25.4057,0,0.0123875,1110 1110 1044 1045 1046 1112 1178 1241 1240 1177 1111 1176 -1
GCP,adapt_p23-556464309101234_a157-5_179_map.h5,27.8632,10,318,670,66.443535:157.500000,1701,True,15,13,1700,0.999999,25.3661,0,0.0126371,1728 1728 1665 1664 1699 1700 1666 1667 1701 1729 1730 1702 -1
GCP,adapt_p23-556464309101234_a292-5_226_map.h5,26.8753,10,580,1156,66.443535:292.500000,1712,True,12,12,1712,0.999998,23.1348,0,0.0124303,1680 1680 1681 1714 1740 1739 1738 1713 1712 1711 1679 -1
GCP,adapt_p48-18968510422141_a168-74999999999997_148_map.h5,27.8783,10,542,729,41.810314:168.750000,1491,True,11,11,1437,0.999999,20.6295,0,0.0124837,1491 1491 1541 1540 1489 1436 1490 1437 1438 1380 -1
GCP,adapt_p60-00000000000001_a202-49999999999997_79_map.h5,27.8711,10,371,734,30.000000:202.500000,1328,True,13,13,1266,0.999999,25.5148,0,0.0126815,1329 1329 1386 1387 1328 1327 1265 1202 1203 1266 1267 1204 -1
GCP,adapt_p48-18968510422141_a11-25_197_map.h5,26.6285,10,73,1157,41.810314:11.250000,1468,True,50,12,1468,0.971423,24.2021,0,0.013288,1523 1522 1569 1568 1521 1469 1414 1413 1467 1468 1520 -1
GCP,adapt_p60-00000000000001_a22-5_435_map.h5,27.8586,10,386,780,30.000000:22.500000,1298,True,15,13,1298,0.999997,25.921,0,0.0131907,1297 1297 1357 1356 1298 1234 1235 1299 1300 1359 1358 1416 -1
GCP,adapt_p70-52877936550931_a56-24999999999999_308_map.h5,28.8884,10,582,336,19.471220:56.250000,1177,True,11,11,1177,0.999999,20.7948,0,0.0133711,1241 1241 1179 1242 1178 1112 1111 1177 1240 1176 -1
GCP,adapt_p70-52877936550931_a191-25_103_map.h5,27.8604,10,467,750,19.471220:191.250000,1201,True,15,13,1200,0.999998,25.6085,0,0.0133444,1199 1199 1134 1135 1136 1202 1201 1264 1325 1263 1200 1262 -1
GCP,adapt_p48-18968510422141_a281-24999999999994_296_map.h5,25.742,10,182,1496,41.810314:281.250000,1507,True,33,13,1456,0.996382,25.6977,0,0.0128092,1557 1557 1509 1457 1400 1456 1508 1507 1455 1399 1454 1398 -1
GCP,adapt_p80-40593177313954_a315-0_546_map.h5,28.8349,10,321,378,9.594069:315.000000,1093,True,16,14,1093,0.999948,28.698,0,0.0128101,1026 1026 1095 1027 1094 1160 1159 1093 1025 1024 1092 1158 1091 -1
GCP,adapt_p60-00000000000001_a45-0_147_map.h5,26.8711,10,507,1121,30.000000:45.000000,1301,True,13,13,1302,0.999999,25.0849,0,0.0126503,1361 1361 1360 1300 1237 1238 1301 1302 1239 1240 1303 1362 -1
GCP,adapt_p70-52877936550931_a56-24999999999999_255_map.h5,26.8683,10,410,1100,19.471220:56.250000,1177,True,14,13,1239,0.999998,25.567,0,0.0124773,1177 1177 1241 1178 1111 1110 1176 1175 1238 1302 1239 1240 -1
GCP,adapt_p80-40593177313954_a292-5_310_map.h5,26.8511,10,438,1098,9.594069:292.500000,1088,True,15,13,1089,0.999996,25.8405,0,0.0126743,1090 1090 1156 1091 1023 1022 1021 1089 1155 1088 1020 1087 -1
GCP,adapt_p48-18968510422141_a191-25_565_map.h5,27.7683,10,208,674,41.810314:191.250000,1494,True,29,13,1544,0.99884,25.0128,0,0.0125148,1543 1543 1589 1590 1545 1495 1442 1441 1494 1544 1493 1440 -1
GCP,adapt_p48-18968510422141_a191-25_394_map.h5,27.89,10,510,725,41.810314:191.250000,1494,True,11,11,1441,0.999999,21.0442,0,0.012811,1494 1494 1440 1383 1493 1441 1384 1385 1442 1495 -1
GCP,adapt_p80-40593177313954_a337-49999999999994_363_map.h5,28.8751,10,288,385,9.594069:337.500000,1097,True,12,12,1029,0.999999,23.0274,0,0.0126542,1097 1097 1098 1030 1029 1028 1096 1162 1161 1095 1027 -1
GCP,adapt_p48-18968510422141_a348-74999999999994_126_map.h5,25.6433,10,130,1542,41.810314:348.750000,1517,False,47,12,1409,0.990446,24.2792,0,0.0134794,1353 1352 1410 1465 1409 1351 1350 1408 1407 1463 1464 -1
GCP,adapt_p70-52877936550931_a348-74999999999994_301_map.h5,27.8835,10,493,703,19.471220:348.750000,1229,True,9,9,1164,0.999999,16.2041,0,0.0122693,1228 1228 1165 1230 1229 1164 1163 1227 -1
GCP,adapt_p35-659087696138755_a224-99999999999997_244_map.h5,25.8802,10,778,1399,54.340912:225.000000,1594,True,8,8,1594,0.999999,13.6456,0,0.012591,1636 1636 1635 1593 1637 1595 1594 -1
GCP,adapt_p23-556464309101234_a202-5_456_map.h5,26.8684,10,473,1074,66.443535:202.500000,1704,True,12,12,1704,0.999999,23.5793,0,0.0123997,1732 1732 1706 1672 1671 1705 1733 1731 1703 1704 1670 -1
GCP,adapt_p48-18968510422141_a191-25_196_map.h5,26.8861,10,437,1188,41.810314:191.250000,1494,True,10,10,1441,0.999999,18.0158,0,0.0137602,1494 1494 1495 1443 1442 1385 1384 1441 1440 -1
GCP,adapt_p48-18968510422141_a168-74999999999997_65_map.h5,25.8692,10,793,1405,41.810314:168.750000,1491,True,11,11,1438,0.999999,21.2689,0,0.0125771,1491 1491 1542 1541 1540 1490 1439 1438 1437 1436 -1
GCP,adapt_p70-52877936550931_a258-75_354_map.h5,27.8758,10,554,772,19.471220:258.750000,1213,True,12,12,1214,0.999999,23.6203,0,0.0129762,1213 1213 1149 1148 1214 1276 1277 1278 1215 1150 1216 -1
GCP,adapt_p35-659087696138755_a315-0_206_map.h5,26.8744,10,467,1073,54.340912:315.000000,1605,True,13,13,1646,0.999998,24.9824,0,0.0123429,1605 1605 1606 1607 1648 1683 1647 1646 1682 1681 1645 1604 -1
GCP,adapt_p11-715852394892384_a315-0_273_map.h5,27.8851,10,551,729,78.284149:315.000000,1778,True,11,11,1763,0.999999,20.4599,0,0.0126382,1779 1779 1778 1762 1761 1739 1740 1763 1764 1741 -1
GCP,adapt_p80-40593177313954_a202-49999999999997_102_map.h5,27.8806,10,556,801,9.594069:202.500000,1072,True,11,11,1072,0.999998,22.7684,0,0.0131624,1004 1072 1073 1005 1138 1137 1070 1003 1071 1004 -1
GCP,adapt_p60-00000000000001_a112-49999999999999_370_map.h5,26.0567,10,184,1063,30.000000:112.500000,1313,False,137,10,1320,0.648139,25.2117,0,0.0140719,1250 1310 1369 1311 1248 1257 1258 1320 1321 -1
GCP,adapt_p48-18968510422141_a281-24999999999994_539_map.h5,27.8651,10,398,787,41.810314:281.250000,1507,True,16,13,1454,0.999995,25.7977,0,0.0127327,1453 1453 1398 1454 1505 1506 1555 1556 1557 1508 1507 1455 -1
GCP,adapt_p35-659087696138755_a195-0_585_map.h5,26.8883,10,832,1139,54.340912:195.000000,1590,True,8,8,1633,0.999999,13.4556,0,0.0125159,1590 1590 1589 1632 1591 1633 1670 -1
GCP,adapt_p35-659087696138755_a135-0_423_map.h5,25.871,10,764,1483,54.340912:135.000000,1583,True,13,13,1583,0.999999,25.2549,0,0.0127928,1584 1584 1537 1536 1582 1625 1663 1664 1626 1583 1627 1665 -1
GCP,adapt_p35-659087696138755_a344-99999999999994_465_map.h5,25.3337,10,138,1510,54.340912:345.000000,1609,True,85,12,1609,0.936668,24.2854,0,0.0130555,1612 1611 1650 1609 1608 1565 1516 1465 1517 1566 1610 -1
GCP,adapt_p48-18968510422141_a101-24999999999999_559_map.h5,27.8881,10,513,767,41.810314:101.250000,1481,True,10,10,1481,0.999999,18.3879,0,0.012723,1480 1480 1427 1426 1481 1532 1533 1482 1428 -1
GCP,adapt_p60-00000000000001_a247-49999999999997_494_map.h5,26.7962,10,309,1110,30.000000:247.500000,1335,True,24,13,1274,0.999531,25.3747,0,0.0125655,1334 1334 1393 1335 1336 1275 1212 1211 1274 1273 1210 1272 -1
GCP,adapt_p35-659087696138755_a255-00000000000003_108_map.h5,26.8181,10,261,1138,54.340912:255.000000,1598,False,20,13,1638,0.999933,26.0096,0,0.0126512,1597 1597 1640 1676 1639 1551 1596 1638 1675 1674 1637 1595 -1
GCP,adapt_p23-556464309101234_a67-5_119_map.h5,26.8764,10,496,1160,66.443535:67.500000,1693,True,11,11,1693,0.999998,21.3278,0,0.0123844,1658 1658 1692 1656 1722 1723 1694 1693 1657 1619 -1
GCP,adapt_p60-00000000000001_a90-0_315_map.h5,26.8644,10,482,1090,30.000000:90.000000,1309,True,12,12,1309,0.999998,23.3298,0,0.0133887,1247 1247 1246 1308 1367 1368 1309 1248 1311 1310 1369 -1
GCP,adapt_p35-659087696138755_a165-0_323_map.h5,26.8314,10,363,1112,54.340912:165.000000,1587,True,17,13,1587,0.999901,25.7686,0,0.0123968,1542 1542 1490 1491 1541 1540 1585 1586 1629 1630 1587 1588 -1
GCP,adapt_p48-18968510422141_a168-74999999999997_272_map.h5,25.879,10,742,1473,41.810314:168.750000,1491,True,10,10,1491,0.999999,17.8726,0,0.0127123,1490 1490 1437 1438 1491 1541 1542 1492 1439 -1
GCP,adapt_p80-40593177313954_a90-0_446_map.h5,26.8651,10,395,1132,9.594069:90.000000,1051,True,14,13,1050,0.999998,25.4128,0,0.0126901,1116 1116 1117 1118 1052 984 1051 983 1050 982 1049 981 -1
GCP,adapt_p23-556464309101234_a202-5_34_map.h5,26.8943,10,814,1138,66.443535:202.500000,1704,True,9,9,1704,0.999999,15.5105,0,0.0125062,1732 1732 1731 1704 1670 1671 1705 1733 -1
GCP,adapt_p80-40593177313954_a0-0_23_map.h5,27.8894,10,451,731,9.594069:0.000000,1034,True,12,12,1100,0.999999,23.4891,0,0.012431,1032 1032 1031 1098 1164 1165 1099 1166 1100 1034 1033 -1
GCP,adapt_p70-52877936550931_a281-24999999999994_263_map.h5,28.801,10,265,376,19.471220:281.250000,1217,True,19,13,1218,0.999982,26.0662,0,0.0127386,1155 1155 1156 1220 1219 1089 1088 1154 1218 1153 1152 1217 -1
GCP,adapt_p35-659087696138755_a344-99999999999994_97_map.h5,27.8755,10,462,751,54.340912:345.000000,1609,True,10,10,1609,0.999999,17.8617,0,0.0122865,1649 1649 1608 1564 1565 1609 1650 1610 1566 -1
GCP,adapt_p80-40593177313954_a0-0_552_map.h5,25.8766,10,674,1534,9.594069:0.000000,1034,True,10,10,1034,0.999998,18.1623,0,0.0131623,1100 1100 1166 1034 1101 1102 1035 967 1033 -1
GCP,adapt_p23-556464309101234_a292-5_533_map.h5,26.8785,10,550,1122,66.443535:292.500000,1712,True,12,12,1712,0.999998,23.0842,0,0.0123466,1679 1679 1711 1678 1712 1680 1713 1739 1738 1737 1710 -1
GCP,adapt_p35-659087696138755_a75-0_7_map.h5,26.8783,10,651,1093,54.340912:75.000000,1576,True,9,9,1619,0.999999,17.4116,0,0.0125336,1575 1619 1620 1576 1658 1657 1618 1575 -1
GCP,adapt_p80-40593177313954_a315-0_324_map.h5,27.8893,10,629,779,9.594069:315.000000,1093,True,10,10,1158,0.999999,18.4701,0,0.0124537,1157 1157 1091 1092 1222 1223 1158 1159 1093 -1
GCP,adapt_p48-18968510422141_a56-24999999999999_461_map.h5,26.637,10,184,1094,41.810314:56.250000,1475,True,54,13,1475,0.992795,26.4708,0,0.0128412,1362 1420 1474 1526 1527 1528 1529 1477 1476 1422 1475 1421 -1
GCP,adapt_p35-659087696138755_a165-0_233_map.h5,26.8669,10,507,1117,54.340912:165.000000,1587,True,10,10,1629,0.999999,18.2667,0,0.0128404,1667 1667 1628 1666 1629 1586 1587 1630 1668 -1
GCP,adapt_p80-40593177313954_a315-0_258_map.h5,27.8021,10,383,730,9.594069:315.000000,1093,True,24,13,1158,0.999786,25.4076,0,0.0126631,1223 1223 1222 1157 1156 1091 1092 1158 1093 1159 1160 1094 -1
GCP,adapt_p60-00000000000001_a135-0_143_map.h5,27.8407,10,271,731,30.000000:135.000000,1316,True,16,14,1317,0.999996,27.5661,0,0.0131336,1318 1318 1256 1255 1317 1254 1316 1375 1432 1433 1376 1377 1434 -1
GCP,adapt_p70-52877936550931_a101-24999999999999_311_map.h5,25.8092,10,260,1509,19.471220:101.250000,1185,True,24,12,1248,0.999171,22.9781,0,0.0135595,1118 1118 1119 1186 1249 1311 1248 1185 1184 1247 1310 -1
GCP,adapt_p48-18968510422141_a56-24999999999999_595_map.h5,26.8637,10,432,1168,41.810314:56.250000,1475,True,13,13,1420,0.999999,25.6778,0,0.0131255,1474 1474 1419 1361 1362 1420 1473 1526 1527 1475 1421 1422 -1
GCP,adapt_p60-00000000000001_a67-5_459_map.h5,27.8701,10,355,755,30.000000:67.500000,1305,True,14,13,1243,0.999999,25.9064,0,0.0126749,1242 1242 1304 1241 1305 1365 1366 1307 1244 1306 1243 1179 -1
GCP,adapt_p60-00000000000001_a292-5_207_map.h5,28.8472,10,374,350,30.000000:292.500000,1343,True,17,14,1343,0.999998,27.7792,0,0.0135147,1344 1344 1283 1284 1345 1402 1401 1400 1343 1282 1281 1342 1341 -1
GCP,adapt_p60-00000000000001_a270-0_567_map.h5,26.7926,10,178,1194,30.000000:270.000000,1339,True,25,13,1398,0.999873,25.4604,0,0.0132561,1453 1453 1397 1339 1340 1398 1454 1399 1341 1400 1456 1455 -1
GCP,adapt_p48-18968510422141_a78-75_103_map.h5,28.8702,10,240,378,41.810314:78.750000,1478,True,14,14,1478,0.999998,27.9503,0,0.012656,1424 1424 1367 1425 1479 1426 1480 1531 1530 1478 1423 1477 1529 -1
GCP,adapt_p80-40593177313954_a270-0_364_map.h5,27.8756,10,404,712,9.594069:270.000000,1084,True,13,13,1085,0.999998,25.9473,0,0.013255,1150 1150 1151 1149 1083 1016 1084 1017 1085 1018 1086 1152 -1
GCP,adapt_p70-52877936550931_a281-24999999999994_546_map.h5,28.814,10,216,350,19.471220:281.250000,1217,True,23,14,1279,0.999694,27.4298,0,0.0127988,1340 1340 1341 1280 1281 1218 1217 1152 1151 1216 1279 1278 1215 -1
GCP,adapt_p60-00000000000001_a112-49999999999999_304_map.h5,27.6421,10,165,815,30.000000:112.500000,1313,True,39,13,1313,0.99211,25.2541,0,0.0126976,1315 1315 1314 1252 1251 1250 1313 1372 1371 1312 1249 1311 -1
GCP,adapt_p80-40593177313954_a22-5_390_map.h5,25.567,10,179,1471,9.594069:22.500000,1038,False,61,11,1174,0.966034,23.5726,0,0.0128422,1037 1173 1107 1042 1108 1174 1237 1238 1175 1109 -1
GCP,adapt_p60-00000000000001_a224-99999999999997_55_map.h5,27.8433,10,392,782,30.000000:225.000000,1331,True,17,14,1391,0.999978,27.5372,0,0.0125491,1331 1331 1389 1390 1332 1270 1271 1333 1391 1447 1448 1392 1334 -1
GCP,adapt_p70-52877936550931_a191-25_358_map.h5,27.868,10,453,742,19.471220:191.250000,1201,True,15,13,1201,0.999999,25.536,0,0.0127672,1263 1263 1199 1262 1200 1135 1136 1201 1264 1265 1202 1137 -1
GCP,adapt_p60-00000000000001_a247-49999999999997_205_map.h5,27.8202,10,279,827,30.000000:247.500000,1335,True,21,13,1336,0.999984,25.3936,0,0.0125816,1394 1394 1393 1334 1273 1274 1335 1336 1275 1276 1337 1395 -1
GCP,adapt_p23-556464309101234_a112-5_355_map.h5,25.8611,10,553,1418,66.443535:112.500000,1697,True,12,12,1727,0.999999,22.8118,0,0.012684,1726 1726 1697 1663 1664 1699 1698 1727 1751 1752 1728 -1
GCP,adapt_p23-556464309101234_a202-5_69_map.h5,26.8722,10,459,1150,66.443535:202.500000,1704,True,12,12,1704,0.999999,23.5795,0,0.0125879,1732 1732 1706 1672 1671 1705 1733 1731 1703 1704 1670 -1
GCP,adapt_p35-659087696138755_a224-99999999999997_15_map.h5,27.884,10,492,772,54.340912:225.000000,1594,True,9,9,1636,0.999999,15.311,0,0.0127544,1635 1635 1593 1594 1595 1637 1636 1673 -1
GCP,adapt_p70-52877936550931_a123-74999999999999_482_map.h5,27.8739,10,588,733,19.471220:123.750000,1189,True,12,12,1189,0.999997,22.9694,0,0.012955,1252 1252 1251 1187 1122 1188 1189 1123 1124 1190 1253 -1
GCP,adapt_p80-40593177313954_a224-99999999999997_331_map.h5,26.7854,10,315,1109,9.594069:225.000000,1076,True,24,13,1077,0.999597,25.8071,0,0.0133956,1143 1143 1142 1141 1074 1075 1008 1076 1077 1078 1010 1009 -1
GCP,adapt_p60-00000000000001_a337-49999999999994_472_map.h5,27.8663,10,372,763,30.000000:337.500000,1350,True,13,13,1351,0.999999,25.7249,0,0.0124897,1290 1290 1352 1410 1353 1292 1291 1351 1409 1408 1350 1289 -1
GCP,adapt_p60-00000000000001_a45-0_509_map.h5,26.8666,10,493,1162,30.000000:45.000000,1301,True,11,11,1361,0.999999,20.2914,0,0.0131359,1302 1302 1303 1362 1420 1361 1419 1418 1360 1301 -1
GCP,adapt_p70-52877936550931_a281-24999999999994_417_map.h5,26.8231,10,206,1040,19.471220:281.250000,1217,True,21,13,1216,0.999828,25.8516,0,0.0126759,1217 1217 1151 1085 1152 1216 1279 1278 1215 1150 1149 1214 -1
GCP,adapt_p70-52877936550931_a33-75_582_map.h5,28.8574,10,296,408,19.471220:33.750000,1173,True,16,14,1173,0.999998,28.0844,0,0.0123555,1237 1237 1175 1238 1174 1108 1107 1173 1236 1235 1172 1106 1105 -1
GCP,adapt_p70-52877936550931_a326-24999999999994_438_map.h5,28.8814,10,406,380,19.471220:326.250000,1225,True,10,10,1225,0.999998,17.9951,0,0.0123524,1287 1287 1288 1289 1226 1161 1160 1225 1224 -1
GCP,adapt_p60-00000000000001_a337-49999999999994_240_map.h5,26.8855,10,678,1078,30.000000:337.500000,1350,True,9,9,1350,0.999999,17.5098,0,0.0122494,1289 1350 1351 1290 1408 1407 1349 1289 -1
GCP,adapt_p60-00000000000001_a202-49999999999997_237_map.h5,27.8723,10,386,803,30.000000:202.500000,1328,True,12,12,1327,0.999999,23.2769,0,0.012489,1265 1265 1264 1326 1327 1328 1266 1267 1387 1386 1385 -1
GCP,adapt_p48-18968510422141_a123-74999999999999_47_map.h5,25.4511,10,176,1472,41.810314:123.750000,1484,True,75,12,1430,0.830306,24.2261,0,0.0136264,1314 1373 1431 1430 1429 1483 1484 1485 1486 1487 1434 -1
GCP,adapt_p60-00000000000001_a247-49999999999997_45_map.h5,27.8711,10,565,696,30.000000:247.500000,1335,True,12,12,1335,0.999999,22.6647,0,0.0127086,1393 1393 1392 1334 1335 1274 1275 1336 1394 1395 1337 -1
GCP,adapt_p80-40593177313954_a112-49999999999999_432_map.h5,27.865,10,479,761,9.594069:112.500000,1055,True,14,13,1054,0.999997,26.6629,0,0.0127405,1121 1121 987 1055 1122 1056 988 1054 1053 1119 1120 1187 -1
GCP,adapt_p70-52877936550931_a236-25_70_map.h5,27.8219,10,417,724,19.471220:236.250000,1209,True,21,13,1144,0.999762,25.6743,0,0.0138791,1209 1209 1208 1143 1210 1211 1146 1080 1079 1145 1144 1078 -1
GCP,adapt_p80-40593177313954_a202-49999999999997_383_map.h5,27.8804,10,508,727,9.594069:202.500000,1072,True,13,13,1071,0.999999,25.891,0,0.0124182,1137 1137 1138 1136 1070 1003 1071 1004 1072 1005 1073 1139 -1
GCP,adapt_p48-18968510422141_a78-75_362_map.h5,25.8877,10,678,1567,41.810314:78.750000,1478,True,9,9,1478,0.999998,15.9103,0,0.0130683,1424 1424 1479 1425 1478 1529 1477 1423 -1
GCP,adapt_p48-18968510422141_a281-24999999999994_139_map.h5,27.8508,10,427,776,41.810314:281.250000,1507,True,13,13,1507,0.999999,25.8194,0,0.0129347,1557 1557 1506 1454 1455 1507 1556 1508 1456 1457 1509 1558 -1
GCP,adapt_p48-18968510422141_a303-75_587_map.h5,25.8516,10,441,1468,41.810314:303.750000,1510,True,16,13,1510,0.999997,25.2451,0,0.0131503,1509 1509 1558 1559 1510 1457 1458 1459 1460 1512 1511 1560 -1
GCP,adapt_p48-18968510422141_a213-75_537_map.h5,25.8741,10,782,1423,41.810314:213.750000,1497,True,10,10,1444,0.999999,17.9315,0,0.0126613,1445 1445 1444 1443 1496 1547 1497 1498 1548 -1
GCP,adapt_p80-40593177313954_a22-5_561_map.h5,25.6694,10,260,1461,9.594069:22.500000,1038,False,45,12,1106,0.974882,25.3476,0,0.0133376,1235 1172 1106 1039 1105 1104 1171 1236 1237 1107 1173 -1
GCP,adapt_p70-52877936550931_a168-74999999999997_370_map.h5,28.8341,10,258,367,19.471220:168.750000,1197,True,20,14,1198,0.999982,28.1754,0,0.0126972,1131 1131 1196 1132 1133 1134 1200 1199 1262 1261 1198 1197 1260 -1
GCP,adapt_p48-18968510422141_a303-75_480_map.h5,28.8369,10,256,355,41.810314:303.750000,1510,True,21,14,1510,0.999992,28.1927,0,0.0129108,1558 1558 1603 1559 1508 1509 1457 1458 1510 1560 1511 1459 1460 -1
GCP,adapt_p48-18968510422141_a258-75_335_map.h5,27.8805,10,582,732,41.810314:258.750000,1504,True,10,10,1553,0.999999,18.5628,0,0.0123338,1554 1554 1505 1504 1598 1553 1552 1503 1451 -1
GCP,adapt_p80-40593177313954_a90-0_153_map.h5,25.8289,10,397,1526,9.594069:90.000000,1051,True,20,13,1049,0.999989,25.2241,0,0.0129032,982 982 981 1048 1114 1115 1049 1050 1116 1117 1051 983 -1
GCP,adapt_p70-52877936550931_a213-75_3_map.h5,27.8342,10,413,731,19.471220:213.750000,1205,True,17,13,1205,0.999922,25.1305,0,0.012624,1140 1140 1206 1269 1268 1205 1139 1204 1267 1266 1203 1138 -1
GCP,adapt_p11-715852394892384_a135-0_40_map.h5,25.8039,10,244,1458,78.284149:135.000000,1770,True,24,13,1752,0.999944,24.8625,0,0.0129079,1771 1771 1752 1753 1729 1728 1699 1727 1726 1751 1770 1769 -1
GCP,adapt_p60-00000000000001_a45-0_165_map.h5,25.8275,10,237,1444,30.000000:45.000000,1301,True,19,12,1302,0.999576,23.3628,0,0.0132708,1361 1361 1362 1303 1301 1302 1239 1175 1238 1237 1300 -1
GCP,adapt_p35-659087696138755_a135-0_174_map.h5,27.868,10,460,751,54.340912:135.000000,1583,True,13,13,1583,0.999999,25.3996,0,0.0127815,1537 1537 1583 1584 1538 1486 1485 1536 1535 1581 1582 1626 -1
GCP,adapt_p35-659087696138755_a75-0_2_map.h5,25.752,10,137,1610,54.340912:75.000000,1576,True,25,12,1620,0.999589,23.6303,0,0.0127825,1659 1659 1577 1621 1660 1620 1576 1575 1619 1658 1657 -1
GCP,adapt_p80-40593177313954_a270-0_100_map.h5,27.8711,10,596,726,9.594069:270.000000,1084,True,11,11,1016,0.999999,20.6151,0,0.0126584,1015 1015 1014 1082 1083 1016 1084 1017 1085 1018 -1
GCP,adapt_p70-52877936550931_a281-24999999999994_199_map.h5,25.5509,10,191,1533,19.471220:281.250000,1217,False,60,12,1150,0.993017,24.4059,0,0.0128678,1152 1216 1151 1084 1150 1215 1278 1277 1214 1149 1083 -1
GCP,adapt_p70-52877936550931_a168-74999999999997_143_map.h5,28.8122,10,188,394,19.471220:168.750000,1197,True,23,14,1197,0.999954,28.7421,0,0.0126098,1195 1195 1130 1196 1257 1258 1259 1197 1131 1132 1198 1261 1260 -1
GCP,adapt_p35-659087696138755_a135-0_228_map.h5,26.879,10,522,1072,54.340912:135.000000,1583,True,11,11,1537,0.999999,20.2669,0,0.0128132,1583 1583 1584 1538 1537 1486 1485 1536 1582 1535 -1
GCP,adapt_p80-40593177313954_a292-5_377_map.h5,27.858,10,496,740,9.594069:292.500000,1088,True,16,13,1153,0.999996,26.3606,0,0.0127835,1154 1154 1089 1155 1218 1217 1153 1088 1087 1086 1152 1151 -1
GCP,adapt_p80-40593177313954_a112-49999999999999_250_map.h5,25.0854,10,179,1460,9.594069:112.500000,1055,False,129,11,1248,0.86746,22.8887,0,0.0143541,1309 1185 1186 1250 1249 1311 1248 1247 1184 1118 -1
GCP,adapt_p80-40593177313954_a270-0_499_map.h5,25.823,10,313,1588,9.594069:270.000000,1084,False,19,12,1019,0.999943,23.5937,0,0.012815,952 952 951 953 1020 1087 1019 1086 1018 1085 1017 -1
GCP,adapt_p48-18968510422141_a191-25_66_map.h5,26.9023,10,832,1076,41.810314:191.250000,1494,True,8,8,1440,0.999999,13.0795,0,0.0124781,1441 1441 1440 1439 1492 1493 1494 -1
GCP,adapt_p80-40593177313954_a90-0_240_map.h5,25.2988,10,243,1469,9.594069:90.000000,1051,True,98,11,1121,0.878527,22.5142,0,0.0139185,1183 1051 1118 1052 1053 1120 1054 1055 1121 1122 -1
GCP,adapt_p23-556464309101234_a247-49999999999997_593_map.h5,28.8598,10,347,424,66.443535:247.500000,1708,True,15,14,1675,0.999998,27.6935,0,0.01293,1708 1708 1735 1736 1737 1710 1677 1676 1709 1639 1638 1675 1674 -1
GCP,adapt_p80-40593177313954_a270-0_268_map.h5,28.8893,10,543,368,9.594069:270.000000,1084,True,11,11,1083,0.999999,20.9223,0,0.0134756,1082 1082 1016 1015 1083 1149 1150 1084 1017 1085 -1
GCP,adapt_p48-18968510422141_a146-25_67_map.h5,26.8697,10,520,1100,41.810314:146.250000,1488,True,12,12,1488,0.999999,23.1372,0,0.0133367,1434 1434 1486 1433 1487 1538 1539 1488 1435 1489 1540 -1
GCP,adapt_p60-00000000000001_a45-0_318_map.h5,26.8684,10,435,1120,30.000000:45.000000,1301,True,13,13,1302,0.999999,25.3279,0,0.0134412,1238 1238 1239 1240 1303 1362 1361 1302 1301 1237 1300 1360 -1
GCP,adapt_p60-00000000000001_a67-5_142_map.h5,25.8874,10,527,1481,30.000000:67.500000,1305,True,9,9,1306,0.999998,15.6409,0,0.0123403,1244 1244 1243 1242 1305 1365 1306 1307 -1
GCP,adapt_p48-18968510422141_a236-25_235_map.h5,25.8603,10,705,1525,41.810314:236.250000,1501,True,11,11,1449,0.999999,21.4088,0,0.0125441,1392 1392 1447 1500 1501 1448 1391 1449 1393 1450 -1
GCP,adapt_p35-659087696138755_a315-0_392_map.h5,26.7804,10,271,1130,54.340912:315.000000,1605,True,26,13,1683,0.999043,25.173,0,0.013353,1715 1715 1714 1681 1645 1605 1646 1682 1683 1647 1648 1607 -1
GCP,adapt_p80-40593177313954_a0-0_401_map.h5,28.8525,10,359,387,9.594069:0.000000,1034,True,16,14,1102,0.999998,28.5104,0,0.0133174,1034 1034 1100 1166 967 1035 1101 1167 1168 1169 1103 1102 1036 -1
GCP,adapt_p80-40593177313954_a112-49999999999999_244_map.h5,25.6336,10,206,1482,9.594069:112.500000,1055,True,43,12,1056,0.951314,24.8182,0,0.0131223,1123 1122 1188 1057 989 1056 988 987 1055 1121 1187 -1
GCP,adapt_p23-556464309101234_a337-5_525_map.h5,24.4016,10,93,1141,66.443535:337.500000,1716,False,426,11,1309,0.479916,24.2731,0,0.0309081,1694 1427 1369 1311 1310 1247 1246 1309 1368 1426 -1
GCP,adapt_p48-18968510422141_a191-25_138_map.h5,25.3655,10,154,1503,41.810314:191.250000,1494,False,86,11,1192,0.829865,24.8103,0,0.0132179,1440 1383 1318 1255 1192 1191 1126 1127 1193 1256 -1
GCP,adapt_p48-18968510422141_a213-75_209_map.h5,26.8711,10,457,1173,41.810314:213.750000,1497,True,12,12,1498,0.999999,23.2885,0,0.0136649,1499 1499 1447 1446 1445 1444 1497 1547 1498 1549 1548 -1
GCP,adapt_p70-52877936550931_a168-74999999999997_106_map.h5,26.8482,10,523,1092,19.471220:168.750000,1197,True,13,13,1260,0.999999,25.948,0,0.0125665,1259 1259 1197 1196 1260 1198 1199 1262 1261 1323 1322 1321 -1
GCP,adapt_p70-52877936550931_a303-75_589_map.h5,28.6431,10,125,356,19.471220:303.750000,1221,True,51,14,1221,0.971463,28.2345,0,0.0126042,1159 1159 1158 1092 1157 1222 1284 1221 1156 1283 1282 1220 1155 -1
GCP,adapt_p70-52877936550931_a78-75_353_map.h5,26.6254,10,130,1126,19.471220:78.750000,1181,True,51,12,1244,0.946989,24.2675,0,0.0134022,1051 1050 1116 1049 1115 1181 1245 1244 1243 1180 1114 -1
GCP,adapt_p70-52877936550931_a258-75_208_map.h5,27.8683,10,530,781,19.471220:258.750000,1213,True,14,13,1275,0.999998,26.0779,0,0.0125371,1276 1276 1214 1213 1337 1336 1335 1274 1211 1275 1212 1147 -1
GCP,adapt_p48-18968510422141_a56-24999999999999_343_map.h5,26.5379,10,87,1128,41.810314:56.250000,1475,False,65,12,1576,0.960773,24.8322,0,0.0138598,1618 1619 1659 1620 1621 1577 1576 1529 1476 1528 1575 -1
GCP,adapt_p60-00000000000001_a22-5_201_map.h5,28.885,10,312,308,30.000000:22.500000,1298,True,11,11,1298,0.999999,20.8362,0,0.0127767,1357 1357 1299 1358 1298 1235 1234 1297 1356 1296 -1
GCP,adapt_p23-556464309101234_a67-5_436_map.h5,27.8543,10,632,700,66.443535:67.500000,1693,True,12,12,1693,0.999998,23.5965,0,0.0124838,1694 1694 1657 1658 1659 1695 1724 1693 1692 1722 1723 -1
GCP,adapt_p48-18968510422141_a168-74999999999997_71_map.h5,25.7451,10,212,1426,41.810314:168.750000,1491,True,31,13,1437,0.996149,25.5868,0,0.0126414,1380 1380 1436 1489 1540 1541 1490 1437 1438 1439 1491 1542 -1
GCP,adapt_p48-18968510422141_a56-24999999999999_222_map.h5,27.875,10,419,699,41.810314:56.250000,1475,True,11,11,1421,0.999999,20.1512,0,0.0127467,1420 1420 1421 1422 1476 1528 1527 1475 1474 1526 -1
GCP,adapt_p35-659087696138755_a255-00000000000003_132_map.h5,27.8866,10,607,710,54.340912:255.000000,1598,True,10,10,1640,0.999998,18.4759,0,0.0131909,1676 1676 1641 1677 1640 1598 1597 1639 1675 -1
GCP,adapt_p70-52877936550931_a213-75_519_map.h5,26.8505,10,502,1107,19.471220:213.750000,1205,True,17,13,1139,0.999989,25.548,0,0.0142479,1138 1138 1073 1139 1204 1203 1267 1268 1205 1140 1141 1206 -1
GCP,adapt_p70-52877936550931_a33-75_485_map.h5,26.2554,10,107,1052,19.471220:33.750000,1173,False,110,11,1410,0.888466,24.5654,0,0.0143683,1298 1353 1411 1465 1466 1410 1352 1351 1409 1408 -1
GCP,adapt_p23-556464309101234_a292-5_388_map.h5,28.883,10,406,389,66.443535:292.500000,1712,True,12,12,1712,0.999999,23.5411,0,0.0127601,1739 1739 1711 1738 1712 1740 1714 1713 1681 1680 1679 -1
GCP,adapt_p48-18968510422141_a191-25_406_map.h5,26.8118,10,285,1153,41.810314:191.250000,1494,True,22,13,1494,0.999854,25.1248,0,0.0129882,1544 1544 1543 1493 1440 1494 1441 1384 1385 1442 1495 1545 -1
GCP,adapt_p60-00000000000001_a315-0_307_map.h5,27.8615,10,346,774,30.000000:315.000000,1346,True,15,14,1346,0.999998,27.6126,0,0.0132388,1405 1405 1348 1287 1286 1347 1346 1285 1345 1403 1459 1460 1404 -1
GCP,adapt_p60-00000000000001_a157-5_532_map.h5,25.268,10,177,1499,30.000000:157.500000,1320,True,111,12,1320,0.897742,24.1603,0,0.0135599,1195 1258 1321 1380 1437 1436 1379 1320 1378 1319 1257 -1
GCP,adapt_p23-556464309101234_a112-5_474_map.h5,28.865,10,317,391,66.443535:112.500000,1697,True,13,13,1697,0.999999,25.0026,0,0.0127928,1696 1696 1661 1662 1697 1663 1664 1699 1698 1727 1726 1725 -1
GCP,adapt_p60-00000000000001_a90-0_311_map.h5,26.8403,10,456,1113,30.000000:90.000000,1309,True,14,13,1309,0.999999,25.7863,0,0.0125092,1246 1246 1245 1307 1367 1308 1309 1368 1369 1310 1247 1311 -1
GCP,adapt_p23-556464309101234_a157-5_327_map.h5,27.9012,10,674,730,66.443535:157.500000,1701,True,9,9,1701,0.999999,16.0046,0,0.0125621,1700 1700 1667 1666 1701 1730 1729 1728 -1
GCP,adapt_p48-18968510422141_a191-25_444_map.h5,25.0174,10,79,1083,41.810314:191.250000,1494,False,311,10,1472,0.788607,24.7592,0,0.0223104,1628 1525 1473 1419 1418 1417 1471 1472 1524 -1
GCP,adapt_p48-18968510422141_a303-75_581_map.h5,26.8682,10,624,1042,41.810314:303.750000,1510,True,12,12,1458,0.999998,24.2593,0,0.0125561,1459 1511 1560 1559 1558 1509 1457 1402 1458 1510 1459 -1
GCP,adapt_p80-40593177313954_a315-0_194_map.h5,27.8554,10,399,782,9.594069:315.000000,1093,True,15,13,1092,0.999991,26.4086,0,0.0133134,1159 1159 1223 1224 1158 1093 1094 1025 1092 1024 1091 1157 -1
GCP,adapt_p60-00000000000001_a0-0_233_map.h5,27.8839,10,509,746,30.000000:0.000000,1294,True,12,12,1294,0.999999,23.8778,0,0.0129277,1354 1354 1355 1296 1411 1353 1294 1293 1231 1295 1232 -1
GCP,adapt_p48-18968510422141_a258-75_51_map.h5,27.8794,10,661,695,41.810314:258.750000,1504,True,11,11,1504,0.999998,21.3147,0,0.0124389,1503 1503 1452 1453 1505 1504 1451 1553 1554 1555 -1
GCP,adapt_p11-715852394892384_a135-0_275_map.h5,26.6951,10,105,1143,78.284149:135.000000,1770,True,49,13,1785,0.960637,25.603,0,0.0126561,1750 1751 1752 1771 1770 1769 1785 1786 1787 1794 1793 1784 -1
GCP,adapt_p80-40593177313954_a90-0_519_map.h5,27.8322,10,324,696,9.594069:90.000000,1051,True,20,13,1052,0.999905,25.653,0,0.0126685,1053 1053 1120 1185 1119 1118 1052 985 984 1051 1117 1050 -1
GCP,adapt_p70-52877936550931_a213-75_548_map.h5,27.8564,10,330,805,19.471220:213.750000,1205,True,15,13,1268,0.999987,25.4273,0,0.012409,1206 1206 1270 1207 1269 1331 1330 1268 1205 1204 1267 1329 -1
GCP,adapt_p70-52877936550931_a258-75_391_map.h5,27.8914,10,547,726,19.471220:258.750000,1213,True,8,8,1147,0.999999,13.1717,0,0.0124086,1148 1148 1147 1146 1211 1212 1213 -1
GCP,adapt_p48-18968510422141_a56-24999999999999_384_map.h5,27.8494,10,343,807,41.810314:56.250000,1475,True,16,14,1420,0.999998,27.3804,0,0.0124082,1475 1475 1527 1526 1474 1525 1473 1419 1361 1362 1420 1421 1363 -1
GCP,adapt_p70-52877936550931_a123-74999999999999_350_map.h5,26.8401,10,306,1113,19.471220:123.750000,1189,True,19,13,1188,0.999947,25.677,0,0.0126743,1187 1187 1122 1188 1251 1250 1314 1315 1253 1252 1189 1123 -1
GCP,adapt_p80-40593177313954_a45-0_46_map.h5,26.8564,10,422,1134,9.594069:45.000000,1042,True,14,13,1043,0.999999,25.8726,0,0.0124197,976 976 1042 1108 1041 974 975 1043 1109 1110 1044 977 -1
GCP,adapt_p35-659087696138755_a135-0_97_map.h5,26.8718,10,529,1087,54.340912:135.000000,1583,True,11,11,1626,0.999999,20.3161,0,0.012962,1583 1583 1582 1625 1663 1664 1665 1627 1626 1584 -1
GCP,adapt_p48-18968510422141_a123-74999999999999_172_map.h5,27.8864,10,589,698,41.810314:123.750000,1484,True,11,11,1432,0.999999,20.7106,0,0.0124229,1485 1485 1535 1484 1536 1537 1486 1433 1432 1431 -1
GCP,adapt_p80-40593177313954_a22-5_335_map.h5,27.865,10,492,746,9.594069:22.500000,1038,True,15,13,1039,0.999997,25.8402,0,0.0128184,1037 1037 1103 1104 1038 970 971 972 1039 1105 1040 1106 -1
GCP,adapt_p70-52877936550931_a101-24999999999999_23_map.h5,26.8351,10,304,1107,19.471220:101.250000,1185,True,20,13,1184,0.999973,25.274,0,0.0126438,1119 1119 1118 1183 1246 1247 1184 1185 1248 1249 1186 1120 -1
GCP,adapt_p23-556464309101234_a292-5_77_map.h5,28.8511,10,314,401,66.443535:292.500000,1712,True,16,14,1739,0.999997,28.301,0,0.0126638,1711 1711 1678 1710 1737 1679 1680 1713 1712 1738 1761 1739 1740 -1
GCP,adapt_p80-40593177313954_a315-0_195_map.h5,26.8528,10,398,1144,9.594069:315.000000,1093,True,16,13,1092,0.999997,25.4093,0,0.0129514,1093 1093 1094 1159 1158 1092 1025 1024 1091 1157 1156 1090 -1
GCP,adapt_p35-659087696138755_a165-0_235_map.h5,26.8303,10,418,1195,54.340912:165.000000,1587,True,20,13,1588,0.99998,25.6449,0,0.0125247,1543 1543 1631 1632 1589 1588 1542 1541 1587 1630 1629 1586 -1
GCP,adapt_p35-659087696138755_a165-0_182_map.h5,26.8476,10,375,1058,54.340912:165.000000,1587,True,17,13,1630,0.999993,25.5315,0,0.0131615,1668 1668 1588 1589 1631 1630 1587 1586 1629 1667 1666 1628 -1
GCP,adapt_p11-715852394892384_a315-0_328_map.h5,28.8613,10,352,370,78.284149:315.000000,1778,True,16,14,1778,0.999992,27.7049,0,0.0125314,1790 1790 1776 1789 1777 1760 1761 1739 1762 1778 1791 1779 1763 -1
GCP,adapt_p80-40593177313954_a45-0_34_map.h5,25.3998,10,129,1568,9.594069:45.000000,1042,False,79,8,977,0.896645,24.1043,0,0.012941,1669 978 911 910 977 909 976 -1
GCP,adapt_p23-556464309101234_a247-49999999999997_391_map.h5,26.8976,10,822,1107,66.443535:247.500000,1708,True,6,6,1708,0.999999,8.15308,0,0.0122527,1709 1709 1708 1675 1676 -1
GCP,adapt_p48-18968510422141_a56-24999999999999_33_map.h5,27.35,10,96,750,41.810314:56.250000,1475,False,98,13,1573,0.811438,27.2416,0,0.0138052,1301 1419 1473 1525 1572 1617 1574 1527 1573 1526 1474 1420 -1
GCP,adapt_p60-00000000000001_a247-49999999999997_398_map.h5,23.7144,10,123,1091,30.000000:247.500000,1335,False,542,7,1147,0.343251,22.0194,0,0.0406454,1534 1211 1145 1146 1147 1212 -1
GCP,adapt_p60-00000000000001_a202-49999999999997_521_map.h5,27.8706,10,620,692,30.000000:202.500000,1328,True,12,12,1386,0.999998,23.2951,0,0.0131959,1327 1327 1326 1328 1329 1387 1444 1443 1386 1385 1442 -1
GCP,adapt_p48-18968510422141_a56-24999999999999_526_map.h5,26.7826,10,412,1111,41.810314:56.250000,1475,True,22,13,1420,0.999711,26.0847,0,0.013168,1363 1363 1422 1475 1421 1419 1420 1362 1303 1302 1361 1360 -1
GCP,adapt_p48-18968510422141_a303-75_62_map.h5,26.8816,10,830,1091,41.810314:303.750000,1510,True,11,11,1510,0.999999,20.9343,0,0.0131816,1511 1511 1459 1510 1559 1560 1458 1457 1509 1558 -1
GCP,adapt_p80-40593177313954_a247-49999999999997_295_map.h5,25.3361,10,169,1502,9.594069:247.500000,1080,False,82,8,1146,0.943079,23.1588,0,0.0136797,1697 1211 1145 1146 1212 1147 1148 -1
GCP,adapt_p60-00000000000001_a202-49999999999997_96_map.h5,28.8517,10,271,382,30.000000:202.500000,1328,True,16,14,1266,0.999991,27.6496,0,0.0131022,1267 1267 1329 1387 1386 1328 1266 1204 1203 1202 1265 1327 1326 -1
GCP,adapt_p80-40593177313954_a270-0_351_map.h5,28.8591,10,399,373,9.594069:270.000000,1084,True,17,13,1083,0.999997,28.0635,0,0.0127204,1015 1083 1081 1014 1015 1016 1082 1148 1149 1084 1017 1085 -1
GCP,adapt_p48-18968510422141_a191-25_402_map.h5,27.886,10,496,764,41.810314:191.250000,1494,True,13,13,1494,0.999998,25.0174,0,0.0127518,1440 1440 1439 1492 1493 1543 1544 1494 1441 1442 1495 1545 -1
GCP,adapt_p80-40593177313954_a22-5_245_map.h5,26.8525,10,382,1139,9.594069:22.500000,1038,True,14,13,1038,0.999999,25.8623,0,0.0132989,971 971 972 1040 1106 1105 1039 1104 1103 1037 1038 970 -1
GCP,adapt_p48-18968510422141_a101-24999999999999_206_map.h5,26.8083,10,261,1104,41.810314:101.250000,1481,True,24,13,1428,0.999557,25.2238,0,0.0125077,1533 1533 1482 1534 1483 1429 1371 1370 1428 1481 1427 1369 -1
GCP,adapt_p35-659087696138755_a255-00000000000003_245_map.h5,25.8,10,258,1516,54.340912:255.000000,1598,True,23,12,1639,0.999814,22.9738,0,0.0127639,1676 1676 1675 1638 1596 1597 1639 1640 1598 1553 1599 -1
GCP,adapt_p80-40593177313954_a315-0_305_map.h5,27.8213,10,453,743,9.594069:315.000000,1093,True,18,13,1091,0.999862,25.6233,0,0.0124642,1156 1156 1157 1158 1093 1025 1092 1024 1023 1091 1090 1155 -1
GCP,adapt_p23-556464309101234_a337-5_39_map.h5,25.7261,10,191,1510,66.443535:337.500000,1716,True,38,13,1684,0.993922,25.0444,0,0.0127157,1742 1742 1715 1683 1647 1648 1684 1716 1717 1685 1649 1608 -1
GCP,adapt_p80-40593177313954_a0-0_36_map.h5,24.0125,10,133,1547,9.594069:0.000000,1034,False,300,12,1780,0.662367,23.9556,0,0.0211575,1687 1744 1764 1763 1779 1780 1765 1766 1782 1781 1792 -1
GCP,adapt_p48-18968510422141_a101-24999999999999_149_map.h5,26.8789,10,459,1122,41.810314:101.250000,1481,True,11,11,1481,0.999999,20.4224,0,0.0128564,1428 1428 1429 1482 1533 1532 1481 1427 1480 1426 -1
GCP,adapt_p80-40593177313954_a337-49999999999994_43_map.h5,28.8592,10,308,381,9.594069:337.500000,1097,True,16,14,1097,0.999999,27.9483,0,0.0125633,1031 1031 1032 1099 1164 1098 1030 1029 1097 1163 1162 1096 1161 -1
GCP,adapt_p70-52877936550931_a191-25_88_map.h5,27.8321,10,366,755,19.471220:191.250000,1201,True,18,13,1136,0.999986,25.6017,0,0.0126824,1069 1069 1070 1136 1071 1137 1202 1201 1135 1068 1134 1200 -1
GCP,adapt_p80-40593177313954_a22-5_307_map.h5,28.7988,10,254,434,9.594069:22.500000,1038,True,23,14,1104,0.999816,27.8773,0,0.01301,1106 1106 1040 1039 1038 1105 1171 1104 1170 1169 1103 1037 1036 -1
GCP,adapt_p35-659087696138755_a255-00000000000003_502_map.h5,25.722,10,207,1525,54.340912:255.000000,1598,True,37,12,1598,0.995377,24.7424,0,0.0128379,1676 1675 1638 1640 1639 1597 1553 1598 1599 1554 1555 -1
GCP,adapt_p80-40593177313954_a337-49999999999994_131_map.h5,25.4023,10,176,1503,9.594069:337.500000,1097,False,87,10,1416,0.956297,23.2787,0,0.0144334,1414 1415 1416 1417 1358 1299 1298 1357 1163 -1
GCP,adapt_p80-40593177313954_a22-5_263_map.h5,27.8752,10,571,729,9.594069:22.500000,1038,True,13,13,1038,0.999998,26.3759,0,0.0125977,1104 1104 1036 969 1037 1103 1038 970 971 1039 1105 1106 -1
GCP,adapt_p23-556464309101234_a247-49999999999997_487_map.h5,28.856,10,301,386,66.443535:247.500000,1708,True,17,14,1708,0.999998,28.0318,0,0.0128148,1675 1675 1639 1676 1674 1707 1734 1735 1708 1709 1736 1710 1677 -1
GCP,adapt_p70-52877936550931_a326-24999999999994_334_map.h5,27.8236,10,334,804,19.471220:326.250000,1225,True,18,13,1161,0.999972,25.7813,0,0.0132287,1162 1162 1095 1096 1161 1226 1227 1289 1288 1225 1160 1094 -1
GCP,adapt_p23-556464309101234_a247-49999999999997_216_map.h5,26.883,10,535,1108,66.443535:247.500000,1708,True,11,11,1675,0.999999,20.149,0,0.0127614,1708 1708 1707 1674 1637 1638 1675 1639 1676 1709 -1
GCP,adapt_p60-00000000000001_a292-5_176_map.h5,27.8149,10,309,682,30.000000:292.500000,1343,False,21,13,1457,0.99993,25.5753,0,0.0128474,1402 1402 1459 1510 1458 1401 1457 1509 1558 1508 1456 1400 -1
GCP,adapt_p60-00000000000001_a247-49999999999997_377_map.h5,27.8693,10,516,787,30.000000:247.500000,1335,True,10,10,1275,0.999998,19.0152,0,0.0124391,1336 1336 1276 1337 1395 1275 1274 1335 1394 -1
GCP,adapt_p48-18968510422141_a303-75_246_map.h5,27.8911,10,553,772,41.810314:303.750000,1510,True,10,10,1459,0.999999,17.9083,0,0.0127302,1511 1511 1560 1559 1510 1458 1403 1459 1460 -1
GCP,adapt_p80-40593177313954_a270-0_54_map.h5,27.875,10,383,799,9.594069:270.000000,1084,True,14,13,1083,0.999999,25.2843,0,0.0128089,1150 1150 1151 1085 1084 1016 1015 1083 1149 1148 1082 1014 -1
GCP,adapt_p23-556464309101234_a112-5_301_map.h5,26.2284,10,87,746,66.443535:112.500000,1697,False,283,11,1622,0.949583,25.8057,0,0.0202841,1776 1624 1580 1623 1662 1661 1660 1622 1579 1578 -1
GCP,adapt_p48-18968510422141_a236-25_253_map.h5,28.8163,10,212,357,41.810314:236.250000,1501,True,23,13,1501,0.999726,27.2273,0,0.0124668,1550 1551 1552 1502 1448 1391 1392 1449 1501 1550 1500 1447 -1
GCP,adapt_p80-40593177313954_a22-5_540_map.h5,25.7783,10,437,1463,9.594069:22.500000,1038,True,25,12,1105,0.999402,22.9374,0,0.0135129,1037 1037 1103 1104 1038 1039 1040 1106 1172 1105 1171 -1
GCP,adapt_p35-659087696138755_a45-0_201_map.h5,26.8829,10,554,1103,54.340912:45.000000,1572,True,11,11,1616,0.999998,20.316,0,0.0129064,1572 1572 1571 1615 1654 1655 1656 1617 1616 1573 -1
GCP,adapt_p80-40593177313954_a112-49999999999999_172_map.h5,24.6091,10,80,1103,9.594069:112.500000,1055,False,367,7,1083,0.452772,23.916,0,0.0255806,1313 1214 1149 1083 1016 1084 -1
GCP,adapt_p80-40593177313954_a180-0_288_map.h5,28.8272,10,258,389,9.594069:180.000000,1067,True,21,14,1068,0.999981,28.1581,0,0.0136558,1002 1002 1003 1070 1069 1135 1134 1068 1001 1000 1067 1133 999 -1
GCP,adapt_p70-52877936550931_a56-24999999999999_402_map.h5,25.568,10,73,1110,19.471220:56.250000,1177,False,205,12,1292,0.842788,25.3008,0,0.0166395,1289 1352 1291 1229 1230 1292 1353 1293 1167 1168 1102 -1
GCP,adapt_p35-659087696138755_a165-0_542_map.h5,27.8692,10,366,763,54.340912:165.000000,1587,True,13,13,1587,0.999998,25.7688,0,0.0125799,1542 1542 1490 1491 1541 1540 1585 1586 1629 1630 1587 1588 -1
GCP,adapt_p48-18968510422141_a303-75_134_map.h5,27.8743,10,383,781,41.810314:303.750000,1510,True,12,12,1458,0.999999,22.9352,0,0.0125118,1510 1510 1511 1460 1459 1403 1458 1402 1401 1457 1509 -1
GCP,adapt_p60-00000000000001_a180-0_362_map.h5,25.885,10,762,1532,30.000000:180.000000,1324,True,9,9,1324,0.999999,15.4854,0,0.0127621,1382 1382 1381 1323 1261 1262 1324 1383 -1
GCP,adapt_p80-40593177313954_a315-0_391_map.h5,25.6741,10,198,1481,9.594069:315.000000,1093,True,36,12,1158,0.994754,25.1186,0,0.0127401,1221 1222 1223 1221 1157 1091 1092 1158 1159 1093 1094 -1
GCP,adapt_p60-00000000000001_a135-0_109_map.h5,27.8874,10,464,738,30.000000:135.000000,1316,True,12,12,1316,0.999999,23.3246,0,0.0124385,1253 1253 1252 1254 1255 1317 1376 1375 1316 1315 1374 -1
GCP,adapt_p70-52877936550931_a348-74999999999994_141_map.h5,26.881,10,449,1095,19.471220:348.750000,1229,True,11,11,1229,0.999999,21.4334,0,0.0127849,1165 1165 1166 1230 1164 1229 1293 1292 1291 1228 -1
GCP,adapt_p60-00000000000001_a270-0_494_map.h5,27.8439,10,394,785,30.000000:270.000000,1339,True,15,13,1337,0.999989,25.6966,0,0.0128869,1339 1339 1277 1338 1397 1396 1337 1276 1275 1336 1394 1395 -1
GCP,adapt_p80-40593177313954_a247-49999999999997_199_map.h5,27.8592,10,345,767,9.594069:247.500000,1080,True,17,13,1080,0.999997,25.794,0,0.0126539,1145 1145 1146 1079 1012 1080 1013 1081 1147 1212 1148 1082 -1
GCP,adapt_p60-00000000000001_a135-0_440_map.h5,26.1617,10,131,1116,30.000000:135.000000,1316,False,125,10,1478,0.889574,24.8171,0,0.0141449,1250 1253 1191 1254 1479 1425 1424 1478 1530 -1
GCP,adapt_p35-659087696138755_a285-0_559_map.h5,26.8911,10,842,1092,54.340912:285.000000,1601,True,10,10,1643,0.999999,17.7693,0,0.0127001,1601 1601 1602 1603 1644 1680 1679 1643 1642 -1
GCP,adapt_p70-52877936550931_a191-25_370_map.h5,25.6961,10,157,1531,19.471220:191.250000,1201,True,37,13,1200,0.990777,25.2055,0,0.0126585,1136 1136 1135 1134 1199 1262 1325 1263 1200 1201 1264 1326 -1
GCP,adapt_p48-18968510422141_a213-75_272_map.h5,25.8241,10,431,1476,41.810314:213.750000,1497,True,20,12,1445,0.999972,22.731,0,0.0127027,1499 1499 1446 1389 1388 1445 1498 1497 1444 1387 1443 -1
GCP,adapt_p35-659087696138755_a14-999999999999998_179_map.h5,26.6285,10,209,1162,54.340912:15.000000,1568,True,55,12,1567,0.92856,24.7772,0,0.0132898,1613 1612 1611 1610 1519 1467 1412 1518 1520 1567 1568 -1
GCP,adapt_p23-556464309101234_a292-5_285_map.h5,27.8072,10,286,759,66.443535:292.500000,1712,True,25,13,1681,0.999744,25.0314,0,0.0126121,1712 1712 1680 1644 1645 1681 1713 1714 1682 1646 1683 1647 -1
GCP,adapt_p35-659087696138755_a75-0_186_map.h5,25.7621,10,171,1520,54.340912:75.000000,1576,False,28,13,1488,0.998619,25.3948,0,0.0127184,1538 1538 1539 1540 1489 1436 1435 1488 1487 1434 1377 1433 -1
GCP,adapt_p70-52877936550931_a281-24999999999994_287_map.h5,25.8099,10,511,1444,19.471220:281.250000,1217,True,20,12,1219,0.999675,22.8953,0,0.0128669,1152 1152 1153 1154 1219 1220 1282 1281 1218 1217 1280 -1
GCP,adapt_p80-40593177313954_a22-5_585_map.h5,26.829,10,393,1130,9.594069:22.500000,1038,True,19,13,970,0.999972,25.9286,0,0.0137767,1037 1037 968 1036 969 902 903 970 1038 971 1039 972 -1
GCP,adapt_p60-00000000000001_a90-0_120_map.h5,25.879,10,693,1489,30.000000:90.000000,1309,True,8,8,1368,0.999999,13.7166,0,0.0127789,1309 1309 1308 1367 1310 1369 1368 -1
GCP,adapt_p60-00000000000001_a337-49999999999994_136_map.h5,27.8309,10,297,692,30.000000:337.500000,1350,True,21,14,1408,0.999977,27.6845,0,0.0129076,1351 1351 1352 1409 1464 1408 1350 1349 1407 1406 1462 1463 1515 -1
GCP,adapt_p60-00000000000001_a0-0_134_map.h5,24.8404,10,100,1556,30.000000:0.000000,1294,False,176,11,1356,0.76752,23.7976,0,0.0153152,1569 1357 1415 1356 1414 1413 1355 1295 1168 1167 -1
GCP,adapt_p48-18968510422141_a33-75_4_map.h5,25.4644,10,172,1514,41.810314:33.750000,1471,False,76,12,1414,0.922337,24.7494,0,0.0133373,1410 1294 1354 1413 1355 1356 1414 1468 1469 1415 1416 -1
GCP,adapt_p80-40593177313954_a67-5_21_map.h5,26.8112,10,279,1112,9.594069:67.500000,1047,True,20,13,1046,0.999879,25.7872,0,0.0126324,980 980 1048 1047 1113 1112 1046 979 978 1045 1111 977 -1
GCP,adapt_p35-659087696138755_a135-0_596_map.h5,26.7792,10,300,1136,54.340912:135.000000,1583,True,19,13,1626,0.999921,25.0423,0,0.0126391,1664 1664 1663 1625 1624 1581 1582 1626 1583 1584 1627 1665 -1
GCP,adapt_p60-00000000000001_a270-0_15_map.h5,25.3307,10,174,1487,30.000000:270.000000,1339,True,87,11,1278,0.935021,23.9942,0,0.0130472,1500 1337 1338 1277 1215 1216 1279 1340 1278 1339 -1
GCP,adapt_p60-00000000000001_a45-0_376_map.h5,25.2161,10,200,1466,30.000000:45.000000,1301,False,116,11,1235,0.874735,23.6608,0,0.0136762,1297 1234 1170 1171 1235 1172 1173 1236 1237 1363 -1
GCP,adapt_p35-659087696138755_a14-999999999999998_385_map.h5,28.8085,10,222,366,54.340912:15.000000,1568,True,25,14,1567,0.999953,27.7311,0,0.0132679,1520 1520 1519 1610 1650 1611 1567 1568 1521 1569 1613 1612 1651 -1
GCP,adapt_p80-40593177313954_a270-0_13_map.h5,27.8674,10,566,758,9.594069:270.000000,1084,True,15,13,1084,0.999996,27.4236,0,0.0124192,1017 1084 1016 1017 1018 1086 1085 1151 1149 1083 1015 1082 -1
GCP,adapt_p48-18968510422141_a258-75_516_map.h5,27.8545,10,455,726,41.810314:258.750000,1504,True,15,13,1504,0.999998,25.823,0,0.0122763,1505 1505 1452 1504 1506 1555 1554 1599 1598 1553 1503 1451 -1
GCP,adapt_p80-40593177313954_a202-49999999999997_106_map.h5,27.8265,10,337,791,9.594069:202.500000,1072,True,18,13,1137,0.999985,25.3596,0,0.0133231,1139 1139 1073 1138 1072 1071 1070 1136 1137 1202 1203 1204 -1
GCP,adapt_p70-52877936550931_a348-74999999999994_466_map.h5,27.5968,10,152,816,19.471220:348.750000,1229,True,55,13,1229,0.97487,27.2314,0,0.0129705,1352 1291 1229 1230 1292 1228 1227 1290 1351 1350 1289 1288 -1
GCP,adapt_p80-40593177313954_a224-99999999999997_447_map.h5,28.8204,10,188,387,9.594069:225.000000,1076,True,23,13,1076,0.999849,25.128,0,0.0124342,1008 1008 1009 1077 1143 1142 1076 1075 1141 1140 1074 1007 -1
GCP,adapt_p60-00000000000001_a337-49999999999994_291_map.h5,25.172,10,127,1535,30.000000:337.500000,1350,False,116,12,1698,0.874285,24.6649,0,0.0138693,1752 1727 1697 1663 1625 1582 1626 1664 1698 1699 1728 -1
GCP,adapt_p60-00000000000001_a224-99999999999997_480_map.h5,25.7609,10,245,1480,30.000000:225.000000,1331,False,26,13,1267,0.998925,25.5682,0,0.0128933,1266 1266 1204 1267 1329 1328 1387 1388 1330 1268 1205 1269 -1
GCP,adapt_p11-715852394892384_a135-0_101_map.h5,25.8754,10,520,1522,78.284149:135.000000,1770,True,10,10,1752,0.999999,17.7481,0,0.0123816,1727 1727 1728 1753 1771 1770 1752 1751 1726 -1
GCP,adapt_p70-52877936550931_a78-75_319_map.h5,26.864,10,441,1148,19.471220:78.750000,1181,True,12,12,1181,0.999999,23.5072,0,0.0127611,1115 1115 1180 1243 1179 1114 1181 1244 1245 1182 1116 -1
GCP,adapt_p60-00000000000001_a90-0_147_map.h5,24.3502,10,132,1795,30.000000:90.000000,1309,False,90,11,1307,0.895381,22.4835,0,0.0136102,1423 1306 1180 1181 1244 1307 1366 1367 1308 1245 -1
GCP,adapt_p80-40593177313954_a202-49999999999997_359_map.h5,26.6134,10,170,1117,9.594069:202.500000,1072,True,54,12,1072,0.977778,24.5514,0,0.0134293,1136 1070 1004 1071 1137 1138 1072 1005 1073 1139 1140 -1
GCP,adapt_p80-40593177313954_a45-0_334_map.h5,25.218,10,93,1549,9.594069:45.000000,1042,False,107,10,1113,0.969337,24.0722,0,0.0137927,1430 1114 1179 1178 1113 1047 1046 1112 1111 -1
GCP,adapt_p11-715852394892384_a225-0_101_map.h5,27.8841,10,498,785,78.284149:225.000000,1774,True,10,10,1774,0.999999,17.8741,0,0.0126636,1757 1757 1756 1758 1775 1774 1773 1787 1788 -1
GCP,adapt_p70-52877936550931_a146-25_202_map.h5,26.841,10,290,1141,19.471220:146.250000,1193,True,17,13,1193,0.999905,25.1296,0,0.0127663,1192 1192 1126 1127 1193 1256 1257 1194 1128 1062 1129 1195 -1
GCP,adapt_p60-00000000000001_a292-5_103_map.h5,25.6949,10,92,1585,30.000000:292.500000,1343,False,39,13,1459,0.9873,25.5624,0,0.0128547,1401 1401 1344 1402 1458 1457 1510 1511 1460 1459 1403 1345 -1
GCP,adapt_p70-52877936550931_a191-25_444_map.h5,26.8902,10,654,1110,19.471220:191.250000,1201,True,9,9,1201,0.999999,15.6826,0,0.0126103,1135 1135 1134 1200 1201 1136 1202 1137 -1
GCP,adapt_p70-52877936550931_a146-25_437_map.h5,28.8393,10,214,378,19.471220:146.250000,1193,True,20,14,1193,0.999993,27.8754,0,0.0125172,1256 1256 1255 1192 1193 1127 1128 1194 1257 1258 1195 1129 1196 -1
GCP,adapt_p48-18968510422141_a33-75_167_map.h5,28.8854,10,527,344,41.810314:33.750000,1471,True,10,10,1417,0.999999,18.3572,0,0.0123842,1472 1472 1418 1417 1524 1523 1471 1470 1416 -1
GCP,adapt_p35-659087696138755_a45-0_583_map.h5,25.2497,10,133,1581,54.340912:45.000000,1572,False,107,12,1470,0.929036,24.4019,0,0.0141858,1467 1521 1469 1415 1416 1470 1522 1569 1570 1523 1471 -1
GCP,adapt_p23-556464309101234_a337-5_330_map.h5,25.7689,10,184,1499,66.443535:337.500000,1716,True,30,13,1741,0.997309,25.5973,0,0.0129158,1764 1764 1743 1717 1684 1716 1742 1763 1741 1715 1740 1714 -1
