method,dataset,budget,slew_rate,n_src,n_bkg,source,source_tile,detected,sum_tiles,visited_tiles,zenith_tile,sum_prob,detection_cost,estimate_time,runtime,path
GCP,adapt_p80-40593177313954_a247-49999999999997_568_map.h5,27.7376,10,260,780,9.594069:247.500000,1080,True,29,13,1082,0.994516,25.4996,0,0.0131721,1084 1084 1016 1083 1015 1082 1014 1081 1013 1080 1012 1079 -1
GCP,adapt_p11-715852394892384_a315-0_229_map.h5,25.8586,10,442,1529,78.284149:315.000000,1778,True,16,13,1763,0.999996,25.0406,0,0.0132016,1761 1761 1778 1777 1762 1740 1741 1763 1764 1780 1779 1791 -1
GCP,adapt_p60-00000000000001_a270-0_585_map.h5,25.3713,10,93,1481,30.000000:270.000000,1339,False,91,12,1595,0.939589,24.4066,0,0.0134324,1548 1549 1550 1595 1596 1638 1639 1675 1637 1636 1594 -1
GCP,adapt_p80-40593177313954_a67-5_219_map.h5,28.7805,10,171,383,9.594069:67.500000,1047,True,28,14,1046,0.999316,27.7109,0,0.0132761,1048 1048 1114 1113 1047 979 978 1046 1112 1111 1045 977 1044 -1
GCP,adapt_p60-00000000000001_a337-49999999999994_15_map.h5,27.4751,10,80,352,30.000000:337.500000,1350,False,235,9,1288,0.785542,25.0066,0,0.0184018,1446 1224 1287 1225 1288 1289 1226 1227 -1
GCP,adapt_p11-715852394892384_a45-0_15_map.h5,26.8692,10,579,1123,78.284149:45.000000,1766,True,13,13,1746,0.999998,25.3557,0,0.0125688,1767 1767 1748 1783 1782 1766 1765 1745 1746 1720 1747 1721 -1
GCP,adapt_p80-40593177313954_a270-0_182_map.h5,26.7338,10,399,1169,9.594069:270.000000,1084,True,30,13,1085,0.998975,25.5751,0,0.0130069,1151 1151 1152 1087 1019 1086 1018 1085 1017 1084 1016 1083 -1
GCP,adapt_p80-40593177313954_a90-0_21_map.h5,26.8767,10,650,1105,9.594069:90.000000,1051,True,12,12,1051,0.999999,23.3373,0,0.0130694,1050 1050 1117 1116 1051 983 984 1052 1118 1119 1053 -1
GCP,adapt_p48-18968510422141_a11-25_434_map.h5,27.877,10,298,705,41.810314:11.250000,1468,True,13,13,1468,0.999999,25.3658,0,0.0127542,1521 1521 1469 1414 1468 1467 1413 1412 1518 1519 1520 1568 -1
GCP,adapt_p70-52877936550931_a326-24999999999994_525_map.h5,28.4484,10,104,360,19.471220:326.250000,1225,False,76,13,1158,0.938006,27.2573,0,0.0133954,1287 1224 1160 1094 1093 1159 1158 1092 1223 1222 1157 1091 -1
GCP,adapt_p35-659087696138755_a14-999999999999998_231_map.h5,26.6031,10,83,1205,54.340912:15.000000,1568,False,52,13,1685,0.990055,26.3823,0,0.0136757,1608 1649 1648 1684 1716 1717 1685 1686 1611 1610 1609 1650 -1
GCP,adapt_p80-40593177313954_a112-49999999999999_222_map.h5,26.8854,10,534,1143,9.594069:112.500000,1055,True,11,11,1120,0.999999,21.0966,0,0.0123773,1054 1054 1055 1056 1122 1187 1121 1053 1119 1120 -1
GCP,adapt_p11-715852394892384_a45-0_473_map.h5,26.8651,10,544,1174,78.284149:45.000000,1766,True,12,12,1766,0.999999,22.6203,0,0.0127081,1746 1746 1765 1745 1766 1782 1783 1768 1767 1747 1748 -1
GCP,adapt_p70-52877936550931_a348-74999999999994_314_map.h5,26.6499,10,205,1098,19.471220:348.750000,1229,True,45,13,1099,0.97722,25.8933,0,0.0128849,1033 1033 1100 1230 1165 1099 1032 1031 1098 1164 1229 1228 -1
GCP,adapt_p23-556464309101234_a202-5_295_map.h5,27.8242,10,254,724,66.443535:202.500000,1704,True,22,14,1704,0.999948,27.7372,0,0.012639,1671 1671 1670 1703 1704 1705 1672 1706 1733 1732 1755 1731 1730 -1
GCP,adapt_p48-18968510422141_a258-75_507_map.h5,26.8269,10,485,1168,41.810314:258.750000,1504,True,18,13,1451,0.999975,25.4094,0,0.0129114,1502 1502 1551 1552 1553 1554 1504 1452 1451 1503 1450 1449 -1
GCP,adapt_p80-40593177313954_a315-0_265_map.h5,25.7738,10,380,1443,9.594069:315.000000,1093,True,23,12,1093,0.99925,23.3929,0,0.0129572,1095 1095 1026 1094 1160 1159 1093 1025 1092 1158 1157 -1
GCP,adapt_p80-40593177313954_a202-49999999999997_38_map.h5,26.8562,10,426,1106,9.594069:202.500000,1072,True,14,13,1072,0.999999,25.3873,0,0.0125373,1073 1073 1139 1074 1006 1005 1004 1072 1138 1137 1071 1003 -1
GCP,adapt_p60-00000000000001_a0-0_368_map.h5,26.8491,10,422,1084,30.000000:0.000000,1294,True,15,12,1411,0.999944,25.4352,0,0.0126489,1353 1294 1293 1354 1295 1355 1412 1466 1410 1411 1353 -1
GCP,adapt_p48-18968510422141_a123-74999999999999_371_map.h5,26.8783,10,546,1172,41.810314:123.750000,1484,True,11,11,1484,0.999999,21.0529,0,0.0124724,1536 1536 1486 1432 1431 1430 1483 1484 1485 1535 -1
GCP,adapt_p60-00000000000001_a292-5_378_map.h5,26.7705,10,244,1098,30.000000:292.500000,1343,True,29,13,1402,0.999589,25.8988,0,0.0132595,1459 1459 1510 1457 1458 1403 1345 1402 1344 1343 1401 1400 -1
GCP,adapt_p80-40593177313954_a45-0_362_map.h5,26.8312,10,269,1115,9.594069:45.000000,1042,True,24,13,1042,0.999908,25.9495,0,0.0125774,1044 1044 975 976 1043 1110 1109 1108 1042 974 1041 1107 -1
GCP,adapt_p60-00000000000001_a0-0_104_map.h5,26.4503,10,138,1095,30.000000:0.000000,1294,False,78,12,1415,0.887434,24.882,0,0.013465,1234 1297 1356 1414 1521 1522 1470 1416 1469 1415 1357 -1
GCP,adapt_p35-659087696138755_a315-0_146_map.h5,28.8361,10,330,414,54.340912:315.000000,1605,True,19,14,1646,0.999994,27.2645,0,0.0127015,1682 1682 1683 1647 1606 1562 1561 1605 1646 1681 1645 1604 1560 -1
GCP,adapt_p35-659087696138755_a75-0_363_map.h5,26.6731,10,208,1168,54.340912:75.000000,1576,True,40,13,1578,0.99181,25.8192,0,0.012733,1661 1661 1621 1620 1619 1576 1577 1531 1578 1579 1622 1623 -1
GCP,adapt_p48-18968510422141_a123-74999999999999_190_map.h5,27.8934,10,735,721,41.810314:123.750000,1484,True,8,8,1484,0.999998,13.1611,0,0.0124253,1431 1431 1432 1485 1484 1483 1430 -1
GCP,adapt_p48-18968510422141_a123-74999999999999_498_map.h5,25.8382,10,381,1448,41.810314:123.750000,1484,True,17,12,1431,0.999978,22.9204,0,0.012608,1483 1483 1429 1372 1373 1374 1431 1430 1484 1485 1432 -1
GCP,adapt_p11-715852394892384_a45-0_415_map.h5,28.5051,10,102,386,78.284149:45.000000,1766,True,76,13,1765,0.903849,26.8738,0,0.0136445,1654 1692 1691 1721 1720 1719 1718 1744 1745 1746 1766 1765 -1
GCP,adapt_p11-715852394892384_a135-0_306_map.h5,28.7514,10,139,311,78.284149:135.000000,1770,True,40,14,1786,0.993663,26.9686,0,0.0134433,1787 1787 1773 1772 1754 1753 1752 1770 1771 1786 1794 1785 1784 -1
GCP,adapt_p48-18968510422141_a191-25_203_map.h5,27.862,10,504,711,41.810314:191.250000,1494,True,13,13,1441,0.999998,25.7007,0,0.0128347,1440 1440 1384 1441 1493 1494 1544 1545 1495 1442 1385 1443 -1
GCP,adapt_p60-00000000000001_a202-49999999999997_218_map.h5,27.8473,10,491,763,30.000000:202.500000,1328,True,11,11,1328,0.999998,20.9747,0,0.0124831,1327 1327 1266 1265 1328 1267 1329 1387 1386 1385 -1
GCP,adapt_p11-715852394892384_a135-0_384_map.h5,27.8943,10,654,735,78.284149:135.000000,1770,True,10,10,1770,0.999999,17.6978,0,0.0125055,1751 1751 1750 1769 1770 1752 1753 1771 1785 -1
GCP,adapt_p70-52877936550931_a56-24999999999999_432_map.h5,26.8632,10,397,1131,19.471220:56.250000,1177,True,13,13,1176,0.999999,25.7117,0,0.0125799,1239 1239 1177 1111 1178 1241 1240 1176 1110 1109 1175 1238 -1
GCP,adapt_p23-556464309101234_a292-5_573_map.h5,26.8586,10,439,1155,66.443535:292.500000,1712,True,16,13,1713,0.99999,25.397,0,0.0131615,1714 1714 1739 1740 1713 1712 1679 1680 1644 1645 1681 1682 -1
GCP,adapt_p60-00000000000001_a224-99999999999997_48_map.h5,26.7964,10,365,1212,30.000000:225.000000,1331,True,22,13,1389,0.999953,25.9281,0,0.013362,1446 1446 1388 1330 1329 1387 1445 1389 1331 1332 1390 1447 -1
GCP,adapt_p80-40593177313954_a45-0_413_map.h5,24.9812,10,74,1482,9.594069:45.000000,1042,False,148,11,1167,0.950768,22.4966,0,0.0154612,1233 1168 1102 1101 1166 1167 1293 1230 1165 1229 -1
GCP,adapt_p60-00000000000001_a67-5_192_map.h5,27.8365,10,339,793,30.000000:67.500000,1305,True,16,13,1242,0.999942,25.4505,0,0.0133918,1241 1241 1304 1364 1305 1242 1178 1179 1243 1306 1244 1307 -1
GCP,adapt_p23-556464309101234_a202-5_412_map.h5,26.8779,10,623,1116,66.443535:202.500000,1704,True,12,12,1704,0.999999,23.1266,0,0.0129286,1731 1731 1702 1730 1703 1670 1671 1705 1704 1732 1733 -1
GCP,adapt_p35-659087696138755_a105-0_384_map.h5,27.843,10,406,705,54.340912:105.000000,1579,True,16,13,1580,0.999984,25.7124,0,0.0127969,1533 1533 1532 1534 1581 1624 1662 1661 1623 1580 1579 1622 -1
GCP,adapt_p80-40593177313954_a270-0_381_map.h5,26.8641,10,617,1138,9.594069:270.000000,1084,True,13,13,1085,0.999998,26.1733,0,0.0126642,1086 1086 1017 1018 1085 1152 1151 1150 1084 1016 1083 1149 -1
GCP,adapt_p35-659087696138755_a255-00000000000003_33_map.h5,26.6973,10,175,1129,54.340912:255.000000,1598,True,38,13,1552,0.99675,25.0475,0,0.0134787,1554 1554 1553 1503 1502 1552 1597 1598 1639 1638 1596 1551 -1
GCP,adapt_p80-40593177313954_a337-49999999999994_530_map.h5,26.4142,10,146,1091,9.594069:337.500000,1097,True,81,12,1227,0.87081,24.7957,0,0.0135929,1097 1096 1028 1027 1095 1162 1227 1290 1289 1226 1161 -1
GCP,adapt_p48-18968510422141_a326-24999999999994_388_map.h5,27.8322,10,229,763,41.810314:326.250000,1514,True,19,13,1563,0.99999,24.9639,0,0.0125752,1514 1514 1513 1562 1606 1563 1607 1648 1649 1608 1564 1515 -1
GCP,adapt_p35-659087696138755_a255-00000000000003_282_map.h5,25.8162,10,301,1476,54.340912:255.000000,1598,True,22,12,1597,0.999857,22.9195,0,0.0125853,1552 1552 1551 1596 1637 1638 1597 1639 1640 1598 1553 -1
GCP,adapt_p35-659087696138755_a45-0_75_map.h5,28.7571,10,161,383,54.340912:45.000000,1572,True,30,14,1573,0.998918,28.2836,0,0.0136445,1571 1571 1525 1572 1615 1616 1655 1617 1574 1527 1573 1526 1474 -1
GCP,adapt_p35-659087696138755_a165-0_104_map.h5,28.5215,10,90,348,54.340912:165.000000,1587,True,72,13,1667,0.966769,26.5472,0,0.0132381,1729 1701 1667 1666 1629 1586 1541 1587 1630 1631 1668 1702 -1
GCP,adapt_p35-659087696138755_a105-0_382_map.h5,26.8784,10,582,1124,54.340912:105.000000,1579,True,10,10,1579,0.999999,17.8558,0,0.0124219,1623 1623 1580 1534 1533 1579 1622 1578 1532 -1
GCP,adapt_p60-00000000000001_a224-99999999999997_208_map.h5,27.8862,10,660,750,30.000000:225.000000,1331,True,10,10,1332,0.999999,18.3496,0,0.0126069,1331 1331 1270 1332 1389 1390 1391 1333 1271 -1
GCP,adapt_p70-52877936550931_a33-75_64_map.h5,26.8111,10,386,1176,19.471220:33.750000,1173,True,16,13,1106,0.99998,26.179,0,0.0136519,1236 1236 1174 1108 1237 1173 1107 1041 1040 1106 1172 1235 -1
GCP,adapt_p70-52877936550931_a11-25_556_map.h5,26.8606,10,554,1106,19.471220:11.250000,1169,True,15,13,1102,0.999997,25.8287,0,0.0132204,1035 1035 1036 1102 1101 1168 1103 1169 1232 1233 1170 1104 -1
GCP,adapt_p80-40593177313954_a135-0_514_map.h5,26.8756,10,644,1100,9.594069:135.000000,1059,True,9,9,992,0.999999,15.7171,0,0.0131281,1060 1060 1061 993 992 1059 991 1058 -1
GCP,adapt_p70-52877936550931_a11-25_529_map.h5,27.8462,10,235,760,19.471220:11.250000,1169,True,18,13,1170,0.999978,26.9305,0,0.0126474,1232 1233 1170 1169 1103 1104 1171 1235 1234 1297 1296 1232 -1
GCP,adapt_p60-00000000000001_a45-0_556_map.h5,26.8869,10,692,1048,30.000000:45.000000,1301,True,9,9,1301,0.999999,15.7689,0,0.0128626,1302 1302 1238 1301 1361 1360 1359 1300 -1
GCP,adapt_p23-556464309101234_a22-5_545_map.h5,25.8412,10,382,1423,66.443535:22.500000,1689,True,18,13,1720,0.99998,24.8405,0,0.012594,1746 1746 1747 1721 1691 1720 1690 1654 1653 1689 1719 1745 -1
GCP,adapt_p70-52877936550931_a168-74999999999997_45_map.h5,27.8813,10,654,748,19.471220:168.750000,1197,True,11,11,1196,0.999999,20.9338,0,0.0125171,1197 1197 1130 1131 1196 1195 1258 1259 1260 1261 -1
GCP,adapt_p60-00000000000001_a157-5_242_map.h5,27.7379,10,230,744,30.000000:157.500000,1320,True,34,13,1380,0.997065,25.6097,0,0.01289,1259 1259 1321 1322 1381 1380 1437 1436 1379 1320 1435 1378 -1
GCP,adapt_p60-00000000000001_a22-5_187_map.h5,26.8777,10,534,1126,30.000000:22.500000,1298,True,12,12,1298,0.999999,23.3569,0,0.0130511,1357 1357 1356 1296 1233 1234 1297 1358 1299 1298 1235 -1
GCP,adapt_p48-18968510422141_a191-25_118_map.h5,26.8771,10,692,1054,41.810314:191.250000,1494,True,8,8,1441,0.999999,13.6447,0,0.012653,1494 1494 1495 1442 1493 1440 1441 -1
GCP,adapt_p48-18968510422141_a11-25_146_map.h5,26.8832,10,504,1145,41.810314:11.250000,1468,True,9,9,1414,0.999998,15.7184,0,0.0125714,1415 1415 1356 1355 1413 1414 1469 1468 -1
GCP,adapt_p48-18968510422141_a101-24999999999999_87_map.h5,26.8681,10,444,1140,41.810314:101.250000,1481,True,11,11,1481,0.999999,20.5069,0,0.0127397,1482 1482 1429 1428 1427 1426 1480 1481 1533 1532 -1
GCP,adapt_p48-18968510422141_a258-75_457_map.h5,27.8513,10,316,708,41.810314:258.750000,1504,True,14,13,1504,0.999998,25.9835,0,0.0125206,1452 1452 1503 1553 1552 1502 1450 1451 1504 1453 1505 1554 -1
GCP,adapt_p60-00000000000001_a0-0_453_map.h5,26.8692,10,469,1065,30.000000:0.000000,1294,True,15,13,1294,0.999999,25.8165,0,0.0126066,1410 1410 1466 1409 1352 1353 1292 1293 1294 1411 1354 1295 -1
GCP,adapt_p60-00000000000001_a270-0_415_map.h5,27.7602,10,277,711,30.000000:270.000000,1339,True,29,13,1396,0.999395,25.3274,0,0.012614,1452 1452 1395 1337 1338 1396 1453 1397 1339 1340 1398 1341 -1
GCP,adapt_p48-18968510422141_a123-74999999999999_262_map.h5,27.7972,10,278,731,41.810314:123.750000,1484,True,16,13,1484,0.999986,25.851,0,0.0125755,1483 1483 1534 1535 1536 1484 1429 1430 1431 1432 1485 1486 -1
GCP,adapt_p80-40593177313954_a135-0_503_map.h5,25.6624,10,27,758,9.594069:135.000000,1059,False,357,12,1235,0.884042,25.3647,0,0.0252043,1356 1170 1169 1233 1234 1171 1235 1172 1173 1236 1237 -1
GCP,adapt_p80-40593177313954_a135-0_284_map.h5,26.8663,10,496,1053,9.594069:135.000000,1059,True,14,13,1126,0.999998,25.1669,0,0.0125013,1059 1059 1060 1061 1127 1192 1126 1125 1191 1190 1124 1058 -1
GCP,adapt_p23-556464309101234_a157-5_138_map.h5,26.8769,10,533,1118,66.443535:157.500000,1701,True,9,9,1701,0.999998,15.3848,0,0.0128662,1666 1666 1667 1701 1729 1728 1700 1665 -1
GCP,adapt_p70-52877936550931_a213-75_94_map.h5,26.4488,10,196,1152,19.471220:213.750000,1205,False,74,11,1128,0.988072,26.3582,0,0.0129515,1267 1130 1063 1062 1129 1195 1194 1128 1127 1193 -1
GCP,adapt_p80-40593177313954_a22-5_580_map.h5,28.8433,10,364,347,9.594069:22.500000,1038,True,17,14,1038,0.999986,27.8675,0,0.0125121,1039 1039 1106 1172 1171 1105 1104 1038 971 970 1037 1103 1036 -1
GCP,adapt_p35-659087696138755_a255-00000000000003_16_map.h5,27.8697,10,366,771,54.340912:255.000000,1598,True,14,13,1598,0.999998,26.4045,0,0.0131424,1640 1640 1554 1599 1553 1552 1597 1598 1639 1676 1638 1596 -1
GCP,adapt_p60-00000000000001_a292-5_479_map.h5,26.0311,10,147,1103,30.000000:292.500000,1343,False,148,12,1335,0.855396,24.6235,0,0.0146531,1391 1392 1393 1394 1337 1276 1275 1336 1274 1335 1334 -1
GCP,adapt_p60-00000000000001_a112-49999999999999_101_map.h5,27.7722,10,306,740,30.000000:112.500000,1313,True,29,13,1313,0.999226,25.7775,0,0.0126259,1370 1370 1311 1312 1371 1373 1372 1313 1251 1252 1314 1315 -1
GCP,adapt_p60-00000000000001_a112-49999999999999_209_map.h5,26.884,10,676,1076,30.000000:112.500000,1313,True,9,9,1313,0.999999,15.5126,0,0.0127443,1251 1251 1314 1313 1372 1371 1312 1250 -1
GCP,adapt_p23-556464309101234_a337-5_152_map.h5,26.8784,10,511,1084,66.443535:337.500000,1716,True,8,8,1742,0.999999,12.912,0,0.0123892,1716 1716 1715 1741 1742 1743 1717 -1
GCP,adapt_p60-00000000000001_a180-0_236_map.h5,27.8824,10,648,799,30.000000:180.000000,1324,True,11,11,1324,0.999999,21.0952,0,0.0123934,1323 1323 1381 1382 1324 1262 1261 1383 1325 1263 -1
GCP,adapt_p48-18968510422141_a303-75_93_map.h5,26.8755,10,656,1078,41.810314:303.750000,1510,True,10,10,1560,0.999997,17.7623,0,0.0132798,1559 1559 1603 1604 1560 1561 1512 1511 1510 -1
GCP,adapt_p48-18968510422141_a236-25_146_map.h5,26.8766,10,633,1098,41.810314:236.250000,1501,True,11,11,1448,0.999998,21.383,0,0.0131771,1501 1501 1500 1447 1502 1450 1449 1393 1392 1448 -1
GCP,adapt_p48-18968510422141_a326-24999999999994_493_map.h5,26.6647,10,236,1075,41.810314:326.250000,1514,True,44,13,1606,0.990795,25.553,0,0.0130752,1604 1604 1647 1646 1605 1561 1562 1513 1514 1563 1607 1606 -1
GCP,adapt_p80-40593177313954_a45-0_88_map.h5,25.8409,10,270,1648,9.594069:45.000000,1042,True,15,12,1043,0.999982,23.8062,0,0.0128984,1108 1108 974 1041 1042 975 976 1043 1109 1044 1110 -1
GCP,adapt_p60-00000000000001_a292-5_116_map.h5,26.871,10,628,1136,30.000000:292.500000,1343,True,12,12,1343,0.999999,22.9701,0,0.0128453,1400 1400 1401 1344 1282 1343 1342 1281 1280 1341 1399 -1
GCP,adapt_p80-40593177313954_a67-5_549_map.h5,26.7171,10,187,1097,9.594069:67.500000,1047,True,38,13,1047,0.988615,25.8159,0,0.0127129,1111 1111 1178 1112 1046 980 1047 1113 1114 1048 981 1049 -1
GCP,adapt_p35-659087696138755_a165-0_448_map.h5,26.8082,10,282,1080,54.340912:165.000000,1587,True,23,13,1586,0.999722,26.6383,0,0.0125734,1628 1585 1539 1489 1540 1586 1628 1629 1667 1630 1587 1541 -1
GCP,adapt_p70-52877936550931_a123-74999999999999_134_map.h5,27.7458,10,271,717,19.471220:123.750000,1189,True,31,13,1189,0.997122,25.7519,0,0.0130432,1124 1124 1191 1125 1190 1253 1252 1189 1123 1188 1251 1187 -1
GCP,adapt_p35-659087696138755_a315-0_588_map.h5,27.8547,10,253,722,54.340912:315.000000,1605,True,16,13,1606,0.999985,25.5995,0,0.0130333,1561 1561 1606 1647 1648 1607 1562 1605 1646 1645 1604 1560 -1
GCP,adapt_p80-40593177313954_a90-0_378_map.h5,26.8441,10,475,1078,9.594069:90.000000,1051,True,15,13,1050,0.999995,26.6716,0,0.0127388,1116 1115 1049 982 983 984 1052 1118 1117 1051 1050 1116 -1
GCP,adapt_p35-659087696138755_a105-0_417_map.h5,26.8888,10,547,1149,54.340912:105.000000,1579,True,10,10,1622,0.999999,18.3098,0,0.0129995,1579 1579 1621 1578 1622 1660 1661 1623 1580 -1
GCP,adapt_p48-18968510422141_a11-25_25_map.h5,26.8145,10,187,1092,41.810314:11.250000,1468,True,22,13,1468,0.999461,25.6488,0,0.0133169,1467 1467 1414 1413 1468 1520 1519 1567 1568 1521 1469 1415 -1
GCP,adapt_p80-40593177313954_a112-49999999999999_175_map.h5,26.8974,10,473,1097,9.594069:112.500000,1055,False,12,12,1122,0.999998,23.5252,0,0.0123818,1057 1057 1058 990 1124 1189 1123 1056 1122 1188 1187 -1
GCP,adapt_p70-52877936550931_a11-25_403_map.h5,27.8582,10,306,720,19.471220:11.250000,1169,True,16,13,1102,0.999997,26.531,0,0.0126736,1101 1101 1232 1231 1167 1168 1035 1036 1102 1103 1169 1170 -1
GCP,adapt_p23-556464309101234_a67-5_341_map.h5,26.7923,10,245,1107,66.443535:67.500000,1693,True,22,13,1693,0.999864,25.0787,0,0.0124745,1694 1694 1724 1749 1748 1723 1722 1693 1692 1656 1657 1658 -1
GCP,adapt_p48-18968510422141_a213-75_125_map.h5,26.8821,10,485,1123,41.810314:213.750000,1497,True,11,11,1497,0.999999,20.1685,0,0.0126538,1445 1445 1444 1443 1496 1546 1547 1497 1498 1548 -1
GCP,adapt_p35-659087696138755_a75-0_334_map.h5,27.8134,10,276,724,54.340912:75.000000,1576,True,21,14,1576,0.999675,27.6956,0,0.0124388,1478 1478 1477 1528 1575 1619 1620 1576 1529 1530 1479 1531 1577 -1
GCP,adapt_p35-659087696138755_a344-99999999999994_592_map.h5,27.897,10,644,755,54.340912:345.000000,1609,True,9,9,1609,0.999999,15.496,0,0.0127819,1650 1650 1649 1608 1609 1610 1566 1565 -1
GCP,adapt_p11-715852394892384_a315-0_228_map.h5,26.8881,10,754,1152,78.284149:315.000000,1778,True,10,10,1778,0.999998,17.8476,0,0.0126888,1779 1779 1790 1791 1778 1777 1761 1762 1763 -1
GCP,adapt_p11-715852394892384_a315-0_144_map.h5,28.8596,10,248,354,78.284149:315.000000,1778,True,16,14,1763,0.999998,28.0307,0,0.0132138,1779 1779 1778 1761 1739 1740 1714 1741 1742 1764 1763 1762 1780 -1
GCP,adapt_p60-00000000000001_a180-0_417_map.h5,27.8812,10,504,725,30.000000:180.000000,1324,True,12,12,1262,0.999999,22.5959,0,0.012632,1261 1261 1198 1199 1262 1324 1323 1382 1383 1325 1263 -1
GCP,adapt_p60-00000000000001_a247-49999999999997_76_map.h5,27.2295,10,87,716,30.000000:247.500000,1335,False,90,12,1272,0.954386,25.544,0,0.0132977,1205 1332 1270 1271 1209 1272 1333 1334 1273 1210 1211 -1
GCP,adapt_p80-40593177313954_a292-5_185_map.h5,26.8735,10,703,1038,9.594069:292.500000,1088,True,12,12,1088,0.999998,25.8376,0,0.0133223,1021 1088 1090 1022 1021 1020 1089 1155 1154 1087 1153 -1
GCP,adapt_p80-40593177313954_a67-5_424_map.h5,27.8603,10,266,745,9.594069:67.500000,1047,True,15,13,1048,0.999997,25.7803,0,0.0124483,980 980 979 1047 981 982 1050 1116 1115 1049 1048 1114 -1
GCP,adapt_p35-659087696138755_a255-00000000000003_23_map.h5,26.6671,10,124,1124,54.340912:255.000000,1598,False,43,12,1382,0.993607,24.365,0,0.0127455,1321 1322 1323 1324 1383 1440 1382 1439 1438 1381 1380 -1
GCP,adapt_p60-00000000000001_a292-5_481_map.h5,28.4779,10,118,375,30.000000:292.500000,1343,True,73,13,1401,0.927196,26.8736,0,0.0129453,1460 1459 1458 1457 1456 1400 1343 1401 1402 1345 1403 1404 -1
GCP,adapt_p48-18968510422141_a326-24999999999994_294_map.h5,26.8728,10,400,1121,41.810314:326.250000,1514,True,12,12,1513,0.999998,23.1122,0,0.0130185,1462 1462 1515 1463 1514 1563 1562 1513 1461 1512 1561 -1
GCP,adapt_p70-52877936550931_a33-75_304_map.h5,28.301,10,51,414,19.471220:33.750000,1173,False,111,13,1361,0.875554,27.0686,0,0.013855,1613 1570 1523 1471 1524 1472 1419 1361 1302 1301 1360 1418 -1
GCP,adapt_p80-40593177313954_a90-0_325_map.h5,26.7771,10,376,1134,9.594069:90.000000,1051,True,25,13,1052,0.999297,26.2192,0,0.012705,1116 1116 1049 1050 1183 1184 1118 1119 1053 1052 1117 1051 -1
GCP,adapt_p80-40593177313954_a0-0_194_map.h5,27.8263,10,255,733,9.594069:0.000000,1034,True,21,13,1034,0.999899,26.0637,0,0.0124993,1166 1166 1034 1033 1100 1167 1101 1102 1036 968 1035 967 -1
GCP,adapt_p35-659087696138755_a255-00000000000003_95_map.h5,26.8071,10,207,1087,54.340912:255.000000,1598,True,25,13,1598,0.999944,25.1338,0,0.0127109,1641 1641 1640 1639 1597 1552 1553 1598 1599 1554 1555 1600 -1
GCP,adapt_p60-00000000000001_a22-5_319_map.h5,28.8872,10,531,420,30.000000:22.500000,1298,True,9,9,1298,0.999999,16.0972,0,0.0126151,1297 1297 1357 1358 1299 1298 1356 1296 -1
GCP,adapt_p35-659087696138755_a255-00000000000003_517_map.h5,26.8632,10,496,1070,54.340912:255.000000,1598,True,14,13,1598,0.999999,25.0778,0,0.0126255,1597 1597 1552 1553 1598 1599 1640 1677 1676 1639 1638 1675 -1
GCP,adapt_p11-715852394892384_a135-0_389_map.h5,26.8861,10,721,1184,78.284149:135.000000,1770,True,10,10,1753,0.999998,17.9949,0,0.0126405,1752 1752 1770 1751 1771 1772 1754 1753 1729 -1
GCP,adapt_p80-40593177313954_a67-5_335_map.h5,27.8381,10,218,780,9.594069:67.500000,1047,True,17,13,1046,0.999982,25.5459,0,0.0126953,1045 1045 1044 977 978 1046 979 980 1047 1114 1048 981 -1
GCP,adapt_p60-00000000000001_a0-0_35_map.h5,26.8666,10,569,1165,30.000000:0.000000,1294,True,12,12,1295,0.999998,23.8781,0,0.0131604,1231 1231 1296 1355 1354 1295 1232 1294 1293 1353 1411 -1
GCP,adapt_p70-52877936550931_a101-24999999999999_99_map.h5,26.8652,10,545,1023,19.471220:101.250000,1185,True,13,13,1185,0.999999,25.9589,0,0.0126275,1184 1184 1119 1118 1185 1247 1248 1249 1186 1120 1121 1187 -1
GCP,adapt_p70-52877936550931_a168-74999999999997_269_map.h5,26.8624,10,631,1100,19.471220:168.750000,1197,True,12,12,1197,0.999998,24.9021,0,0.0124391,1131 1130 1196 1131 1132 1066 1197 1198 1133 1199 1134 -1
GCP,adapt_p70-52877936550931_a101-24999999999999_582_map.h5,26.8602,10,460,1128,19.471220:101.250000,1185,True,13,13,1185,0.999998,25.8566,0,0.0125663,1186 1186 1120 1121 1187 1119 1185 1249 1248 1247 1184 1118 -1
GCP,adapt_p35-659087696138755_a165-0_533_map.h5,27.558,10,171,802,54.340912:165.000000,1587,False,62,13,1486,0.910902,26.9421,0,0.0127913,1432 1537 1486 1487 1538 1584 1539 1585 1628 1666 1667 1629 -1
GCP,adapt_p35-659087696138755_a165-0_344_map.h5,26.838,10,556,1040,54.340912:165.000000,1587,True,12,12,1629,0.999998,22.6619,0,0.0127804,1587 1587 1629 1586 1585 1628 1666 1667 1668 1630 1631 -1
GCP,adapt_p80-40593177313954_a157-5_437_map.h5,26.884,10,623,1105,9.594069:157.500000,1063,True,12,12,1063,0.999999,23.4583,0,0.0127511,1128 1128 1062 994 1061 995 996 1063 1129 1064 1130 -1
GCP,adapt_p35-659087696138755_a105-0_223_map.h5,27.8335,10,414,767,54.340912:105.000000,1579,True,16,14,1623,0.999996,27.79,0,0.0133132,1660 1660 1578 1621 1622 1579 1580 1623 1661 1696 1697 1662 1624 -1
GCP,adapt_p23-556464309101234_a202-5_536_map.h5,25.939,10,128,1155,66.443535:202.500000,1704,False,160,9,1395,0.825969,25.4748,0,0.0154998,1129 1451 1395 1396 1337 1336 1394 1450 -1
GCP,adapt_p60-00000000000001_a270-0_213_map.h5,26.8692,10,450,1184,30.000000:270.000000,1339,True,13,13,1339,0.999998,25.9798,0,0.012584,1338 1338 1276 1277 1396 1397 1398 1340 1279 1339 1278 1215 -1
GCP,adapt_p35-659087696138755_a75-0_51_map.h5,26.8598,10,479,1187,54.340912:75.000000,1576,True,14,13,1619,0.999998,25.7257,0,0.0129788,1575 1575 1618 1574 1528 1576 1577 1621 1620 1619 1658 1659 -1
GCP,adapt_p35-659087696138755_a135-0_260_map.h5,27.8638,10,530,674,54.340912:135.000000,1583,True,10,10,1626,0.999999,18.295,0,0.0129346,1625 1625 1663 1664 1582 1583 1626 1627 1584 -1
GCP,adapt_p11-715852394892384_a135-0_93_map.h5,27.7709,10,247,750,78.284149:135.000000,1770,True,27,14,1751,0.999195,27.3808,0,0.0128358,1771 1771 1753 1752 1728 1727 1726 1751 1770 1769 1768 1750 1749 -1
GCP,adapt_p23-556464309101234_a292-5_332_map.h5,27.8733,10,317,738,66.443535:292.500000,1712,True,12,12,1712,0.999998,23.5408,0,0.0124383,1739 1739 1711 1738 1712 1740 1714 1713 1681 1680 1679 -1
GCP,adapt_p70-52877936550931_a213-75_123_map.h5,25.8253,10,454,1544,19.471220:213.750000,1205,True,18,13,1141,0.999988,25.339,0,0.0125248,1207 1207 1269 1206 1205 1139 1140 1074 1075 1141 1142 1076 -1
GCP,adapt_p48-18968510422141_a168-74999999999997_420_map.h5,27.8777,10,467,791,41.810314:168.750000,1491,True,13,13,1438,0.999999,25.2435,0,0.0130512,1490 1490 1436 1437 1380 1381 1438 1491 1541 1542 1492 1439 -1
GCP,adapt_p23-556464309101234_a202-5_61_map.h5,27.8794,10,497,779,66.443535:202.500000,1704,True,11,11,1704,0.999999,21.1058,0,0.0123805,1732 1732 1731 1705 1706 1733 1704 1670 1671 1672 -1
GCP,adapt_p35-659087696138755_a195-0_469_map.h5,26.8593,10,560,1177,54.340912:195.000000,1590,True,14,13,1590,0.999998,25.7813,0,0.0125335,1633 1633 1591 1545 1544 1543 1588 1589 1590 1632 1631 1670 -1
GCP,adapt_p60-00000000000001_a45-0_481_map.h5,27.8955,10,670,763,30.000000:45.000000,1301,True,10,10,1302,0.999999,18.1963,0,0.0123343,1239 1239 1301 1238 1302 1361 1362 1303 1240 -1
GCP,adapt_p60-00000000000001_a180-0_368_map.h5,27.7932,10,270,736,30.000000:180.000000,1324,True,23,14,1324,0.999759,27.4641,0,0.0125744,1323 1323 1381 1382 1324 1262 1263 1325 1383 1440 1441 1384 1326 -1
GCP,adapt_p48-18968510422141_a348-74999999999994_199_map.h5,26.7164,10,148,1132,41.810314:348.750000,1517,True,40,13,1518,0.992826,25.2587,0,0.0143536,1413 1413 1412 1466 1518 1467 1519 1610 1566 1517 1516 1565 -1
GCP,adapt_p70-52877936550931_a281-24999999999994_450_map.h5,28.8355,10,352,384,19.471220:281.250000,1217,True,19,14,1153,0.999985,28.5104,0,0.013323,1219 1219 1281 1280 1217 1216 1152 1087 1153 1218 1088 1154 1155 -1
GCP,adapt_p80-40593177313954_a0-0_369_map.h5,26.8432,10,425,1117,9.594069:0.000000,1034,True,16,13,1034,0.999974,25.9455,0,0.0125966,1166 1166 1099 1165 1100 1032 1033 1034 967 1035 1101 1102 -1
GCP,adapt_p60-00000000000001_a45-0_129_map.h5,26.8373,10,408,1114,30.000000:45.000000,1301,True,17,13,1300,0.999981,26.1409,0,0.0135082,1360 1360 1359 1299 1236 1174 1237 1300 1361 1302 1301 1238 -1
GCP,adapt_p80-40593177313954_a0-0_409_map.h5,26.8693,10,600,1135,9.594069:0.000000,1034,True,12,12,1034,0.999998,23.0559,0,0.0124847,1035 1035 1102 1101 1034 967 1033 1100 1166 1165 1099 -1
GCP,adapt_p60-00000000000001_a45-0_130_map.h5,26.8048,10,207,1119,30.000000:45.000000,1301,True,20,13,1301,0.999777,25.5155,0,0.0129443,1238 1238 1239 1302 1362 1419 1361 1301 1360 1359 1300 1237 -1
GCP,adapt_p60-00000000000001_a67-5_498_map.h5,25.8453,10,377,1558,30.000000:67.500000,1305,True,12,12,1242,0.999999,23.3174,0,0.0125269,1305 1305 1306 1243 1242 1241 1304 1303 1177 1178 1179 -1
GCP,adapt_p11-715852394892384_a45-0_573_map.h5,26.8793,10,456,1125,78.284149:45.000000,1766,True,11,11,1767,0.999999,20.1698,0,0.0124987,1766 1766 1783 1782 1767 1768 1749 1748 1747 1746 -1
GCP,adapt_p80-40593177313954_a112-49999999999999_541_map.h5,28.6662,10,135,374,9.594069:112.500000,1055,True,41,14,987,0.997083,27.9039,0,0.0126353,1120 1120 1054 1053 1052 985 986 987 1055 988 1056 989 1057 -1
GCP,adapt_p60-00000000000001_a224-99999999999997_588_map.h5,25.8182,10,246,1569,30.000000:225.000000,1331,True,20,12,1269,0.999803,22.6549,0,0.0125795,1330 1330 1268 1205 1206 1269 1331 1332 1271 1270 1207 -1
GCP,adapt_p80-40593177313954_a45-0_144_map.h5,27.4087,10,241,728,9.594069:45.000000,1042,True,76,12,1108,0.823333,26.641,0,0.0130687,1049 1115 1048 1114 1109 1108 1042 1041 1107 1106 1040 -1
GCP,adapt_p23-556464309101234_a202-5_562_map.h5,27.8286,10,259,749,66.443535:202.500000,1704,True,19,13,1705,0.999961,25.9562,0,0.0131918,1704 1704 1733 1734 1707 1706 1705 1732 1670 1671 1672 1673 -1
GCP,adapt_p80-40593177313954_a135-0_273_map.h5,25.8093,10,356,1519,9.594069:135.000000,1059,True,20,13,1124,0.99972,25.6761,0,0.0124954,1123 1123 1190 1124 1057 990 1058 991 1059 1125 1126 1060 -1
GCP,adapt_p60-00000000000001_a247-49999999999997_316_map.h5,26.0888,10,59,763,30.000000:247.500000,1335,False,276,7,1100,0.687485,25.5269,0,0.019855,1607 1099 1032 1100 1034 1397 -1
GCP,adapt_p70-52877936550931_a236-25_106_map.h5,27.7759,10,270,716,19.471220:236.250000,1209,False,25,13,1335,0.999192,25.3645,0,0.0129101,1449 1449 1392 1333 1334 1273 1274 1335 1393 1450 1394 1336 -1
GCP,adapt_p23-556464309101234_a157-5_345_map.h5,26.8333,10,269,1088,66.443535:157.500000,1701,True,18,13,1702,0.999928,25.6807,0,0.0125134,1669 1669 1630 1668 1702 1703 1730 1729 1700 1701 1667 1666 -1
GCP,adapt_p80-40593177313954_a270-0_127_map.h5,26.1989,10,157,1085,9.594069:270.000000,1084,True,113,10,1084,0.941074,25.2549,0,0.0139188,1003 1082 1015 1083 1016 1084 1017 1085 1018 -1
GCP,adapt_p60-00000000000001_a270-0_125_map.h5,26.8214,10,476,1142,30.000000:270.000000,1339,True,16,13,1339,0.999994,25.9742,0,0.0134043,1338 1338 1395 1337 1396 1397 1339 1277 1278 1340 1398 1341 -1
GCP,adapt_p80-40593177313954_a67-5_285_map.h5,27.6879,10,338,708,9.594069:67.500000,1047,True,38,13,1045,0.997784,25.3498,0,0.0128311,1110 1110 1044 977 978 1045 1111 1112 1046 979 1047 1048 -1
GCP,adapt_p70-52877936550931_a56-24999999999999_557_map.h5,26.8196,10,204,1144,19.471220:56.250000,1177,True,20,13,1176,0.999985,25.0233,0,0.0132153,1240 1240 1177 1111 1110 1176 1239 1238 1175 1109 1108 1174 -1
GCP,adapt_p11-715852394892384_a225-0_558_map.h5,26.8601,10,411,1148,78.284149:225.000000,1774,True,15,13,1775,0.999998,25.9913,0,0.0127259,1774 1756 1757 1758 1735 1759 1776 1775 1774 1787 1788 1789 -1
GCP,adapt_p70-52877936550931_a11-25_388_map.h5,26.868,10,514,1105,19.471220:11.250000,1169,True,12,12,1169,0.999999,23.0508,0,0.0127889,1168 1168 1167 1231 1232 1169 1102 1103 1170 1233 1234 -1
GCP,adapt_p35-659087696138755_a135-0_587_map.h5,26.8593,10,454,1143,54.340912:135.000000,1583,True,12,12,1583,0.999998,23.3706,0,0.0124841,1626 1626 1584 1627 1585 1538 1583 1537 1536 1582 1625 -1
GCP,adapt_p60-00000000000001_a224-99999999999997_28_map.h5,26.875,10,671,996,30.000000:225.000000,1331,True,10,10,1332,0.999999,18.6965,0,0.0127889,1390 1390 1333 1271 1270 1269 1331 1332 1389 -1
GCP,adapt_p80-40593177313954_a202-49999999999997_536_map.h5,26.7979,10,426,1093,9.594069:202.500000,1072,True,24,13,1072,0.999691,25.7241,0,0.0128958,1136 1136 1070 1004 1071 1137 1138 1072 1005 1073 1139 1074 -1
GCP,adapt_p35-659087696138755_a75-0_237_map.h5,26.8354,10,390,1130,54.340912:75.000000,1576,True,19,13,1576,0.999926,25.9843,0,0.0124397,1621 1621 1576 1529 1530 1577 1578 1620 1659 1658 1619 1575 -1
GCP,adapt_p48-18968510422141_a101-24999999999999_212_map.h5,25.2921,10,76,1164,41.810314:101.250000,1481,False,241,12,956,0.869864,25.0819,0,0.0184302,1088 955 887 956 1023 1024 957 958 1025 1026 1027 -1
GCP,adapt_p60-00000000000001_a224-99999999999997_51_map.h5,25.6528,10,253,1516,30.000000:225.000000,1331,True,47,12,1390,0.992334,24.3157,0,0.0129918,1446 1447 1448 1392 1391 1333 1271 1270 1332 1390 1331 -1
GCP,adapt_p80-40593177313954_a247-49999999999997_185_map.h5,26.8489,10,453,1128,9.594069:247.500000,1080,True,16,13,1079,0.999995,25.9429,0,0.0128921,1078 1078 1012 1011 1079 1144 1145 1146 1080 1013 1081 1147 -1
GCP,adapt_p70-52877936550931_a146-25_207_map.h5,25.8186,10,327,1477,19.471220:146.250000,1193,True,19,13,1061,0.999938,25.5986,0,0.0132168,1128 1128 1193 1127 1062 994 1061 993 992 1060 1126 1192 -1
GCP,adapt_p80-40593177313954_a22-5_380_map.h5,26.85,10,459,1068,9.594069:22.500000,1038,True,19,13,1039,0.999991,25.8963,0,0.0127628,1040 1040 971 972 1039 1106 1172 1171 1105 1104 1038 1037 -1
GCP,adapt_p60-00000000000001_a0-0_239_map.h5,22.6981,10,63,702,30.000000:0.000000,1294,False,890,7,1173,0.283233,21.9372,0,0.0882909,1258 1175 1108 1174 1173 1172 -1
GCP,adapt_p70-52877936550931_a146-25_555_map.h5,27.8876,10,683,725,19.471220:146.250000,1193,True,10,10,1193,0.999999,17.8255,0,0.0132324,1256 1256 1255 1192 1193 1127 1128 1194 1257 -1
GCP,adapt_p35-659087696138755_a195-0_179_map.h5,27.8812,10,473,708,54.340912:195.000000,1590,True,11,11,1590,0.999999,20.3689,0,0.012543,1633 1633 1670 1632 1589 1544 1545 1590 1591 1546 -1
GCP,adapt_p48-18968510422141_a56-24999999999999_164_map.h5,25.5647,10,267,1532,41.810314:56.250000,1475,False,57,12,1572,0.923705,24.1861,0,0.0130896,1478 1529 1576 1575 1528 1574 1527 1526 1573 1572 1525 -1
GCP,adapt_p48-18968510422141_a56-24999999999999_362_map.h5,26.8837,10,678,1057,41.810314:56.250000,1475,True,11,11,1475,0.999999,20.339,0,0.0131146,1474 1474 1420 1475 1421 1422 1476 1528 1527 1526 -1
GCP,adapt_p70-52877936550931_a213-75_201_map.h5,26.7269,10,275,1092,19.471220:213.750000,1205,False,33,13,1201,0.99418,25.3944,0,0.0128691,1137 1137 1203 1265 1202 1136 1201 1264 1263 1200 1135 1134 -1
GCP,adapt_p70-52877936550931_a258-75_66_map.h5,27.8841,10,616,824,19.471220:258.750000,1213,True,12,12,1213,0.999999,23.0251,0,0.0127035,1275 1275 1211 1274 1212 1147 1148 1213 1276 1277 1214 -1
GCP,adapt_p35-659087696138755_a135-0_365_map.h5,28.8799,10,410,423,54.340912:135.000000,1583,True,12,12,1626,0.999999,22.9068,0,0.0129213,1625 1625 1626 1583 1582 1581 1624 1663 1664 1627 1584 -1
GCP,adapt_p60-00000000000001_a224-99999999999997_471_map.h5,26.8782,10,509,1129,30.000000:225.000000,1331,True,10,10,1390,0.999999,18.6606,0,0.0125726,1332 1332 1391 1333 1447 1446 1390 1389 1331 -1
GCP,adapt_p60-00000000000001_a135-0_10_map.h5,26.8882,10,739,1160,30.000000:135.000000,1316,True,9,9,1375,0.999999,15.5499,0,0.0126132,1317 1317 1376 1433 1432 1375 1316 1374 -1
GCP,adapt_p48-18968510422141_a258-75_118_map.h5,26.8462,10,526,1071,41.810314:258.750000,1504,True,13,13,1451,0.999999,25.8494,0,0.0125362,1450 1450 1449 1502 1503 1553 1451 1394 1395 1452 1504 1505 -1
GCP,adapt_p80-40593177313954_a135-0_237_map.h5,26.8098,10,414,1153,9.594069:135.000000,1059,True,17,13,1059,0.999964,26.5848,0,0.012916,1125 1124 1058 991 992 993 1061 1127 1126 1060 1059 1125 -1
GCP,adapt_p70-52877936550931_a33-75_272_map.h5,25.7893,10,406,1455,19.471220:33.750000,1173,True,20,12,1173,0.999952,22.9623,0,0.012546,1174 1174 1107 1173 1237 1236 1235 1172 1106 1105 1171 -1
GCP,adapt_p70-52877936550931_a11-25_341_map.h5,27.8041,10,226,739,19.471220:11.250000,1169,True,19,13,1169,0.999977,25.9772,0,0.0126788,1168 1168 1169 1232 1231 1102 1103 1104 1170 1233 1234 1171 -1
GCP,adapt_p48-18968510422141_a101-24999999999999_225_map.h5,26.7088,10,191,1120,41.810314:101.250000,1481,True,35,13,1426,0.994327,25.2875,0,0.0129746,1368 1368 1369 1370 1428 1481 1427 1480 1426 1425 1479 1478 -1
GCP,adapt_p60-00000000000001_a292-5_297_map.h5,27.8878,10,642,781,30.000000:292.500000,1343,True,12,12,1401,0.999998,23.1018,0,0.0129781,1400 1400 1342 1281 1282 1343 1456 1457 1401 1402 1344 -1
GCP,adapt_p48-18968510422141_a168-74999999999997_124_map.h5,26.7586,10,126,1135,41.810314:168.750000,1491,True,32,13,1438,0.996938,25.0205,0,0.0132244,1382 1382 1439 1492 1543 1542 1541 1490 1437 1491 1438 1381 -1
GCP,adapt_p70-52877936550931_a348-74999999999994_545_map.h5,26.2004,10,127,1116,19.471220:348.750000,1229,False,118,11,1035,0.884012,23.4348,0,0.0138275,895 1100 1166 1034 967 1035 1101 1168 1102 1036 -1
GCP,adapt_p60-00000000000001_a67-5_96_map.h5,26.8683,10,493,1133,30.000000:67.500000,1305,True,12,12,1305,0.999998,22.9931,0,0.0124601,1242 1242 1241 1303 1363 1304 1305 1364 1365 1306 1243 -1
GCP,adapt_p48-18968510422141_a56-24999999999999_143_map.h5,26.8773,10,543,1097,41.810314:56.250000,1475,True,11,11,1420,0.999999,20.7618,0,0.0124795,1475 1475 1526 1525 1473 1419 1474 1420 1421 1362 -1
GCP,adapt_p60-00000000000001_a90-0_70_map.h5,27.8732,10,434,771,30.000000:90.000000,1309,True,12,12,1310,0.999999,22.9773,0,0.0135476,1247 1247 1246 1308 1309 1368 1310 1369 1370 1311 1248 -1
GCP,adapt_p70-52877936550931_a33-75_547_map.h5,26.8727,10,598,1112,19.471220:33.750000,1173,True,10,10,1107,0.999999,19.5073,0,0.0131055,1173 1172 1106 1040 1041 1108 1174 1107 1173 -1
GCP,adapt_p70-52877936550931_a303-75_379_map.h5,26.827,10,483,1184,19.471220:303.750000,1221,True,14,13,1284,0.999998,25.7267,0,0.0128194,1285 1285 1221 1156 1220 1283 1284 1222 1157 1158 1223 1286 -1
GCP,adapt_p70-52877936550931_a33-75_528_map.h5,26.8713,10,544,1126,19.471220:33.750000,1173,True,13,13,1173,0.999999,25.6074,0,0.0124988,1106 1106 1105 1171 1235 1172 1107 1173 1236 1237 1174 1108 -1
GCP,adapt_p60-00000000000001_a180-0_47_map.h5,26.8624,10,475,1134,30.000000:180.000000,1324,True,14,13,1382,0.999998,25.735,0,0.0124295,1323 1323 1383 1440 1439 1382 1324 1262 1261 1322 1381 1438 -1
GCP,adapt_p60-00000000000001_a0-0_242_map.h5,28.3183,10,100,363,30.000000:0.000000,1294,False,101,13,1229,0.972481,27.9463,0,0.0135338,1466 1291 1228 1229 1230 1165 1099 1164 1163 1162 1227 1226 -1
GCP,adapt_p35-659087696138755_a75-0_43_map.h5,27.8892,10,508,730,54.340912:75.000000,1576,True,10,10,1620,0.999999,18.3883,0,0.0126119,1619 1619 1659 1658 1620 1621 1577 1576 1575 -1
GCP,adapt_p23-556464309101234_a22-5_265_map.h5,26.7989,10,338,1163,66.443535:22.500000,1689,True,23,13,1719,0.99963,26.1105,0,0.0129213,1651 1651 1686 1652 1653 1689 1720 1719 1718 1743 1688 1687 -1
GCP,adapt_p60-00000000000001_a0-0_316_map.h5,26.8724,10,539,1084,30.000000:0.000000,1294,True,12,12,1294,0.999999,24.3708,0,0.012376,1411 1411 1293 1231 1294 1295 1355 1354 1353 1410 1412 -1
GCP,adapt_p35-659087696138755_a315-0_570_map.h5,26.8524,10,518,1127,54.340912:315.000000,1605,True,14,13,1561,0.999999,25.9999,0,0.0124593,1560 1560 1604 1646 1605 1511 1460 1512 1561 1606 1562 1513 -1
GCP,adapt_p48-18968510422141_a56-24999999999999_150_map.h5,26.8272,10,252,1119,41.810314:56.250000,1475,True,17,13,1476,0.999859,25.7034,0,0.0125428,1422 1422 1477 1528 1476 1421 1420 1474 1526 1475 1527 1574 -1
GCP,adapt_p23-556464309101234_a112-5_415_map.h5,26.899,10,798,1081,66.443535:112.500000,1697,True,8,8,1697,0.999999,13.636,0,0.0127536,1698 1698 1726 1663 1662 1697 1696 -1
GCP,adapt_p60-00000000000001_a224-99999999999997_6_map.h5,24.5842,10,80,1491,30.000000:225.000000,1331,False,211,7,1140,0.414871,24.515,0,0.0163752,1049 1140 1074 1075 1076 1077 -1
GCP,adapt_p35-659087696138755_a344-99999999999994_397_map.h5,26.8617,10,452,1171,54.340912:345.000000,1609,True,12,12,1609,0.999998,23.1431,0,0.0130923,1649 1649 1607 1648 1608 1564 1565 1609 1650 1610 1566 -1
GCP,adapt_p60-00000000000001_a90-0_130_map.h5,27.7803,10,189,794,30.000000:90.000000,1309,True,26,13,1309,0.998783,25.8746,0,0.0124817,1245 1245 1307 1367 1308 1183 1246 1309 1368 1369 1310 1247 -1
GCP,adapt_p60-00000000000001_a22-5_161_map.h5,27.8575,10,291,710,30.000000:22.500000,1298,True,15,13,1234,0.999998,25.7936,0,0.0123418,1298 1298 1235 1236 1299 1234 1297 1296 1233 1170 1171 1172 -1
GCP,adapt_p11-715852394892384_a45-0_249_map.h5,27.8594,10,285,750,78.284149:45.000000,1766,True,17,13,1746,0.999991,25.7349,0,0.0133786,1782 1782 1765 1745 1720 1721 1748 1747 1746 1766 1783 1767 -1
GCP,adapt_p80-40593177313954_a22-5_266_map.h5,27.8311,10,272,737,9.594069:22.500000,1038,True,17,13,1038,0.999991,26.3695,0,0.0137382,1037 1037 971 970 969 1038 1104 1105 1039 972 1040 1106 -1
GCP,adapt_p60-00000000000001_a157-5_548_map.h5,25.8031,10,429,1445,30.000000:157.500000,1320,True,20,12,1378,0.999265,22.8138,0,0.0126944,1258 1258 1259 1321 1380 1379 1320 1319 1378 1435 1377 -1
GCP,adapt_p70-52877936550931_a101-24999999999999_446_map.h5,28.8122,10,227,375,19.471220:101.250000,1185,True,24,14,1119,0.9998,28.5192,0,0.0125898,1249 1249 1187 1121 1120 1186 1119 1053 1185 1248 1184 1118 1052 -1
GCP,adapt_p70-52877936550931_a146-25_361_map.h5,26.8071,10,370,1154,19.471220:146.250000,1193,True,19,13,1193,0.999976,25.9043,0,0.0126655,1128 1128 1129 1127 1126 1191 1192 1255 1256 1193 1194 1257 -1
GCP,adapt_p23-556464309101234_a22-5_450_map.h5,27.8759,10,690,773,66.443535:22.500000,1689,True,9,9,1689,0.999999,15.4149,0,0.0128526,1652 1652 1653 1654 1690 1689 1719 1688 -1
GCP,adapt_p48-18968510422141_a348-74999999999994_470_map.h5,26.846,10,483,1136,41.810314:348.750000,1517,True,15,13,1466,0.999998,25.7169,0,0.0127737,1412 1412 1411 1466 1410 1409 1465 1517 1518 1565 1516 1464 -1
GCP,adapt_p80-40593177313954_a90-0_29_map.h5,26.8632,10,474,1104,9.594069:90.000000,1051,True,14,13,1051,0.999999,25.8329,0,0.0127068,984 984 1050 1116 1049 982 983 1051 1117 1118 1052 985 -1
GCP,adapt_p48-18968510422141_a33-75_9_map.h5,26.7603,10,189,1132,41.810314:33.750000,1471,True,29,13,1417,0.999275,26.0114,0,0.0124571,1358 1358 1300 1359 1417 1416 1471 1418 1360 1419 1473 1472 -1
GCP,adapt_p11-715852394892384_a315-0_61_map.h5,25.8621,10,388,1438,78.284149:315.000000,1778,True,14,13,1779,0.999999,24.7857,0,0.0127483,1791 1791 1781 1780 1764 1763 1779 1790 1777 1778 1762 1761 -1
GCP,adapt_p80-40593177313954_a112-49999999999999_542_map.h5,26.8664,10,516,1091,9.594069:112.500000,1055,True,15,13,1055,0.999999,25.8426,0,0.0124213,1056 1056 987 988 1055 1122 1188 1187 1121 1120 1054 1053 -1
GCP,adapt_p70-52877936550931_a348-74999999999994_101_map.h5,25.7893,10,281,1498,19.471220:348.750000,1229,True,23,12,1165,0.998408,23.4236,0,0.0134446,1034 1034 1167 1166 1100 1099 1165 1230 1292 1229 1164 -1
GCP,adapt_p60-00000000000001_a135-0_431_map.h5,26.8471,10,491,1160,30.000000:135.000000,1316,True,16,13,1375,0.999996,25.6466,0,0.0126793,1433 1433 1374 1432 1375 1316 1254 1255 1317 1376 1377 1318 -1
GCP,adapt_p80-40593177313954_a292-5_450_map.h5,26.8182,10,227,1080,9.594069:292.500000,1088,True,21,13,1089,0.999898,25.4114,0,0.0126119,1023 1023 1091 1090 1022 1021 1089 1155 1154 1088 1020 1019 -1
GCP,adapt_p35-659087696138755_a224-99999999999997_560_map.h5,26.8261,10,378,1197,54.340912:225.000000,1594,True,20,13,1594,0.999984,24.7018,0,0.0127536,1499 1499 1500 1550 1595 1637 1636 1594 1549 1548 1593 1635 -1
GCP,adapt_p48-18968510422141_a123-74999999999999_212_map.h5,25.7575,10,316,1454,41.810314:123.750000,1484,True,30,13,1484,0.996693,25.62,0,0.013249,1372 1372 1429 1430 1373 1431 1483 1534 1535 1484 1485 1536 -1
GCP,adapt_p70-52877936550931_a101-24999999999999_91_map.h5,28.5853,10,123,362,19.471220:101.250000,1185,True,57,13,1185,0.983933,26.563,0,0.0134584,1310 1309 1246 1183 1117 1118 1184 1247 1248 1185 1119 1186 -1
GCP,adapt_p70-52877936550931_a78-75_452_map.h5,27.8833,10,571,719,19.471220:78.750000,1181,True,11,11,1180,0.999999,20.7726,0,0.0124707,1181 1181 1245 1244 1243 1180 1115 1114 1113 1179 -1
GCP,adapt_p23-556464309101234_a202-5_140_map.h5,26.895,10,679,1028,66.443535:202.500000,1704,True,10,10,1704,0.999999,17.6482,0,0.012771,1671 1671 1670 1669 1703 1731 1732 1704 1705 -1
GCP,adapt_p23-556464309101234_a112-5_452_map.h5,26.8824,10,487,1090,66.443535:112.500000,1697,True,9,9,1662,0.999999,15.2998,0,0.0124244,1697 1697 1696 1661 1623 1624 1662 1663 -1
GCP,adapt_p60-00000000000001_a22-5_264_map.h5,26.8583,10,505,1172,30.000000:22.500000,1298,True,11,11,1298,0.999998,20.5292,0,0.0125337,1234 1234 1298 1235 1236 1299 1358 1357 1297 1233 -1
GCP,adapt_p70-52877936550931_a146-25_14_map.h5,27.6007,10,112,359,19.471220:146.250000,1193,False,211,11,1203,0.738916,27.605,0,0.0168244,1128 1255 1317 1318 1202 1137 1203 1266 1267 1204 -1
GCP,adapt_p11-715852394892384_a315-0_331_map.h5,27.7847,10,178,822,78.284149:315.000000,1778,True,28,13,1740,0.999246,25.1981,0,0.0130996,1714 1714 1739 1761 1762 1740 1741 1742 1763 1779 1778 1777 -1
GCP,adapt_p48-18968510422141_a11-25_552_map.h5,25.8413,10,303,1511,41.810314:11.250000,1468,True,17,12,1468,0.999976,23.2828,0,0.0125347,1467 1467 1413 1412 1519 1520 1468 1414 1469 1521 1568 -1
GCP,adapt_p48-18968510422141_a348-74999999999994_587_map.h5,27.8935,10,693,762,41.810314:348.750000,1517,True,9,9,1517,0.999999,15.5721,0,0.0123271,1565 1565 1516 1465 1466 1518 1517 1566 -1
GCP,adapt_p35-659087696138755_a14-999999999999998_464_map.h5,26.8509,10,310,1196,54.340912:15.000000,1568,True,15,13,1568,0.999983,26.7737,0,0.0128858,1521 1469 1468 1521 1569 1568 1612 1611 1610 1567 1520 1519 -1
GCP,adapt_p80-40593177313954_a180-0_93_map.h5,25.8284,10,301,1512,9.594069:180.000000,1067,True,16,13,1000,0.999969,25.8034,0,0.0133791,934 934 1069 1002 1001 1068 1067 1000 933 932 999 1066 -1
GCP,adapt_p60-00000000000001_a337-49999999999994_202_map.h5,27.8342,10,389,687,30.000000:337.500000,1350,True,18,14,1408,0.999991,27.8392,0,0.0126091,1463 1463 1464 1409 1351 1290 1289 1350 1408 1407 1462 1406 1349 -1
GCP,adapt_p80-40593177313954_a315-0_148_map.h5,26.8545,10,590,1171,9.594069:315.000000,1093,True,13,13,1158,0.999999,25.3466,0,0.0132962,1094 1094 1093 1092 1091 1157 1222 1158 1223 1224 1159 1160 -1
GCP,adapt_p70-52877936550931_a236-25_202_map.h5,26.3555,10,137,1157,19.471220:236.250000,1209,False,86,12,1082,0.78818,24.4216,0,0.0133124,1011 1079 1078 1144 1145 1080 1081 1147 1148 1082 1083 -1
GCP,adapt_p60-00000000000001_a67-5_405_map.h5,26.8684,10,577,1108,30.000000:67.500000,1305,True,12,12,1305,0.999998,22.9931,0,0.0124399,1242 1242 1241 1303 1363 1304 1305 1364 1365 1306 1243 -1
GCP,adapt_p48-18968510422141_a236-25_335_map.h5,28.7408,10,140,387,41.810314:236.250000,1501,False,34,14,1499,0.996293,28.6133,0,0.0130958,1548 1548 1499 1446 1549 1593 1636 1594 1595 1550 1500 1447 1448 -1
GCP,adapt_p70-52877936550931_a146-25_193_map.h5,26.865,10,429,1131,19.471220:146.250000,1193,True,12,12,1128,0.999999,22.8211,0,0.0128219,1194 1194 1195 1129 1063 1062 1128 1061 1127 1193 1192 -1
GCP,adapt_p48-18968510422141_a123-74999999999999_34_map.h5,28.8609,10,333,424,41.810314:123.750000,1484,True,14,14,1536,0.999999,27.9211,0,0.0129205,1582 1582 1581 1534 1483 1431 1484 1535 1536 1485 1486 1537 1583 -1
GCP,adapt_p70-52877936550931_a258-75_504_map.h5,28.761,10,124,336,19.471220:258.750000,1213,True,31,14,1213,0.999364,27.7767,0,0.0127405,1274 1274 1211 1147 1148 1213 1212 1275 1336 1337 1276 1277 1214 -1
GCP,adapt_p80-40593177313954_a22-5_501_map.h5,26.6527,10,215,1063,9.594069:22.500000,1038,True,45,13,1040,0.980717,25.9076,0,0.0130553,1171 1171 1105 1106 1038 971 1039 972 1040 973 1041 1107 -1
GCP,adapt_p23-556464309101234_a22-5_307_map.h5,28.639,10,110,365,66.443535:22.500000,1689,True,51,14,1690,0.990028,27.5302,0,0.0128039,1614 1614 1615 1655 1656 1691 1721 1720 1690 1654 1653 1689 1719 -1
GCP,adapt_p80-40593177313954_a22-5_158_map.h5,26.5431,10,117,697,9.594069:22.500000,1038,False,232,12,1173,0.810899,25.7981,0,0.0174457,1239 1237 1173 1107 1039 1105 1171 1106 1172 1235 1236 -1
GCP,adapt_p48-18968510422141_a258-75_450_map.h5,27.827,10,289,746,41.810314:258.750000,1504,True,19,13,1451,0.99983,25.7843,0,0.0128048,1395 1395 1452 1504 1553 1503 1451 1336 1394 1393 1450 1502 -1
GCP,adapt_p70-52877936550931_a146-25_518_map.h5,28.6052,10,168,361,19.471220:146.250000,1193,True,32,14,1128,0.997045,28.2797,0,0.0126142,1195 1195 1129 1063 1194 1128 1062 994 1061 1060 1127 1193 1192 -1
GCP,adapt_p60-00000000000001_a135-0_474_map.h5,26.834,10,429,1143,30.000000:135.000000,1316,True,13,13,1377,0.999999,25.177,0,0.0127924,1317 1317 1316 1375 1376 1377 1318 1319 1378 1435 1434 1433 -1
GCP,adapt_p60-00000000000001_a270-0_534_map.h5,27.8858,10,691,715,30.000000:270.000000,1339,True,10,10,1339,0.999999,18.45,0,0.0130149,1338 1338 1278 1277 1339 1340 1398 1397 1396 -1
GCP,adapt_p48-18968510422141_a258-75_79_map.h5,27.8424,10,318,785,41.810314:258.750000,1504,False,19,13,1394,0.999993,26.7044,0,0.0124271,1337 1395 1394 1336 1335 1393 1449 1450 1451 1452 1396 1337 -1
GCP,adapt_p23-556464309101234_a247-49999999999997_535_map.h5,25.1785,10,109,1525,66.443535:247.500000,1708,False,131,11,1734,0.722237,23.0927,0,0.0142637,1672 1706 1733 1756 1757 1734 1707 1550 1500 1447 -1
GCP,adapt_p80-40593177313954_a247-49999999999997_8_map.h5,26.8286,10,404,1158,9.594069:247.500000,1080,True,18,13,1145,0.999979,25.4563,0,0.0131365,1144 1144 1209 1210 1145 1078 1079 1080 1081 1147 1146 1211 -1
GCP,adapt_p60-00000000000001_a67-5_133_map.h5,27.7853,10,344,735,30.000000:67.500000,1305,True,12,12,1305,0.999998,23.6456,0,0.0125227,1304 1304 1303 1363 1364 1305 1242 1241 1365 1306 1243 -1
GCP,adapt_p60-00000000000001_a315-0_325_map.h5,26.8673,10,552,1174,30.000000:315.000000,1346,True,14,13,1404,0.999998,25.3453,0,0.0124655,1346 1346 1286 1347 1404 1403 1459 1460 1461 1405 1406 1348 -1
GCP,adapt_p60-00000000000001_a315-0_272_map.h5,26.8312,10,458,1168,30.000000:315.000000,1346,True,16,13,1345,0.99999,25.5644,0,0.0125864,1284 1284 1344 1402 1459 1403 1345 1285 1346 1404 1405 1347 -1
GCP,adapt_p48-18968510422141_a146-25_244_map.h5,26.8745,10,434,1087,41.810314:146.250000,1488,True,11,11,1434,0.999999,21.2318,0,0.012306,1487 1487 1435 1378 1488 1434 1377 1376 1433 1486 -1
GCP,adapt_p11-715852394892384_a315-0_272_map.h5,26.8802,10,431,1139,78.284149:315.000000,1778,True,11,11,1762,0.999998,20.4579,0,0.0125737,1779 1779 1778 1762 1761 1739 1740 1763 1764 1741 -1
GCP,adapt_p80-40593177313954_a270-0_303_map.h5,26.8623,10,675,1073,9.594069:270.000000,1084,True,13,12,1084,0.999996,23.8303,0,0.0124598,1017 1017 1083 1149 1015 1016 1084 1150 1151 1085 1018 -1
GCP,adapt_p60-00000000000001_a224-99999999999997_519_map.h5,26.8732,10,562,1190,30.000000:225.000000,1331,True,12,12,1390,0.999999,24.2224,0,0.0125533,1331 1389 1446 1447 1391 1333 1271 1270 1332 1390 1331 -1
GCP,adapt_p35-659087696138755_a165-0_102_map.h5,26.8014,10,313,1197,54.340912:165.000000,1587,True,23,13,1587,0.999906,26.1686,0,0.0124205,1542 1542 1588 1629 1630 1587 1491 1541 1540 1586 1585 1539 -1
GCP,adapt_p11-715852394892384_a315-0_557_map.h5,28.8782,10,354,379,78.284149:315.000000,1778,True,12,12,1763,0.999999,22.6943,0,0.0126054,1741 1741 1740 1739 1761 1762 1763 1742 1764 1779 1778 -1
GCP,adapt_p11-715852394892384_a315-0_220_map.h5,26.8886,10,506,1075,78.284149:315.000000,1778,True,10,10,1762,0.999999,18.0264,0,0.0132019,1740 1740 1761 1739 1762 1778 1779 1763 1741 -1
GCP,adapt_p11-715852394892384_a315-0_476_map.h5,26.8779,10,559,1136,78.284149:315.000000,1778,True,10,10,1762,0.999998,17.3849,0,0.0129102,1763 1763 1779 1791 1790 1777 1778 1762 1761 -1
GCP,adapt_p60-00000000000001_a22-5_455_map.h5,26.8764,10,530,1098,30.000000:22.500000,1298,True,10,10,1297,0.999999,18.5224,0,0.0123516,1298 1298 1356 1357 1297 1296 1233 1234 1235 -1
GCP,adapt_p60-00000000000001_a0-0_579_map.h5,26.6926,10,233,1047,30.000000:0.000000,1294,False,35,13,1357,0.997858,25.705,0,0.0131713,1295 1295 1355 1296 1297 1356 1414 1357 1298 1358 1416 1415 -1
GCP,adapt_p70-52877936550931_a213-75_2_map.h5,25.776,10,419,1487,19.471220:213.750000,1205,True,17,12,1204,0.999877,23.4743,0,0.0127733,1205 1205 1139 1204 1268 1267 1328 1266 1265 1203 1138 -1
GCP,adapt_p60-00000000000001_a337-49999999999994_511_map.h5,26.8715,10,529,1177,30.000000:337.500000,1350,True,12,12,1350,0.999998,23.2388,0,0.0133022,1408 1408 1349 1407 1350 1289 1290 1351 1409 1352 1291 -1
GCP,adapt_p23-556464309101234_a202-5_102_map.h5,26.8758,10,544,1164,66.443535:202.500000,1704,True,10,10,1705,0.999998,18.2891,0,0.0129515,1704 1704 1733 1732 1705 1706 1672 1671 1670 -1
GCP,adapt_p60-00000000000001_a135-0_271_map.h5,26.7968,10,436,1157,30.000000:135.000000,1316,False,23,13,1318,0.999418,25.6876,0,0.012994,1319 1319 1256 1193 1194 1257 1318 1377 1376 1375 1317 1255 -1
GCP,adapt_p48-18968510422141_a213-75_480_map.h5,26.2106,10,212,1147,41.810314:213.750000,1497,True,110,11,1335,0.837664,24.3467,0,0.0139794,1499 1497 1392 1334 1393 1335 1336 1394 1395 1451 -1
GCP,adapt_p35-659087696138755_a344-99999999999994_234_map.h5,27.8943,10,717,743,54.340912:345.000000,1609,True,7,7,1609,0.999999,10.6249,0,0.0124823,1608 1608 1649 1650 1609 1610 -1
GCP,adapt_p60-00000000000001_a292-5_76_map.h5,27.8289,10,383,750,30.000000:292.500000,1343,True,17,13,1343,0.999958,25.2044,0,0.012878,1344 1344 1345 1283 1282 1343 1401 1400 1342 1281 1280 1341 -1
GCP,adapt_p48-18968510422141_a101-24999999999999_320_map.h5,26.8873,10,714,1049,41.810314:101.250000,1481,True,8,8,1428,0.999999,13.5819,0,0.0124782,1481 1481 1533 1482 1427 1428 1429 -1
GCP,adapt_p23-556464309101234_a157-5_12_map.h5,26.8855,10,600,1087,66.443535:157.500000,1701,True,9,9,1701,0.999998,15.3842,0,0.0122965,1666 1666 1667 1701 1729 1728 1700 1665 -1
GCP,adapt_p11-715852394892384_a225-0_0_map.h5,28.7251,10,166,396,78.284149:225.000000,1774,True,36,14,1733,0.997743,27.7204,0,0.0127264,1774 1774 1758 1735 1734 1733 1757 1756 1755 1732 1704 1705 1706 -1
GCP,adapt_p60-00000000000001_a270-0_550_map.h5,26.8392,10,472,1130,30.000000:270.000000,1339,True,17,13,1339,0.999997,25.8513,0,0.0126441,1340 1340 1278 1215 1279 1339 1397 1396 1338 1277 1276 1337 -1
GCP,adapt_p11-715852394892384_a135-0_217_map.h5,26.8509,10,429,1133,78.284149:135.000000,1770,True,14,13,1751,0.999997,25.2875,0,0.012908,1771 1771 1753 1752 1785 1784 1769 1770 1751 1750 1726 1727 -1
GCP,adapt_p23-556464309101234_a67-5_206_map.h5,26.8612,10,516,1051,66.443535:67.500000,1693,True,11,11,1722,0.999998,20.5495,0,0.0126416,1692 1692 1723 1694 1693 1722 1748 1747 1721 1691 -1
GCP,adapt_p80-40593177313954_a247-49999999999997_469_map.h5,27.7712,10,210,758,9.594069:247.500000,1080,True,27,14,1081,0.999157,27.7248,0,0.0126282,1015 1015 1083 1082 1148 1147 1081 1014 1013 1012 1080 1146 1145 -1
GCP,adapt_p80-40593177313954_a45-0_368_map.h5,26.8671,10,635,1101,9.594069:45.000000,1042,True,12,12,1042,0.999999,23.5373,0,0.0126945,1043 1043 974 975 1042 1109 1108 1107 1041 973 1040 -1
GCP,adapt_p60-00000000000001_a22-5_535_map.h5,27.7491,10,183,788,30.000000:22.500000,1298,True,31,13,1297,0.997555,25.7173,0,0.0126496,1170 1170 1169 1232 1355 1296 1233 1234 1297 1356 1357 1298 -1
GCP,adapt_p80-40593177313954_a337-49999999999994_73_map.h5,27.8003,10,354,736,9.594069:337.500000,1097,True,23,13,1097,0.997453,26.3308,0,0.0125433,1227 1227 1097 1030 1098 1099 1163 1162 1096 1095 1161 1226 -1
GCP,adapt_p35-659087696138755_a224-99999999999997_417_map.h5,25.8711,10,504,1440,54.340912:225.000000,1594,True,11,11,1594,0.999999,20.8885,0,0.0126404,1593 1593 1549 1548 1594 1550 1595 1637 1636 1635 -1
GCP,adapt_p48-18968510422141_a326-24999999999994_44_map.h5,28.8304,10,392,318,41.810314:326.250000,1514,True,11,11,1514,1,20.1591,0,0.0133949,1463 1463 1462 1461 1513 1562 1563 1514 1515 1564 -1
GCP,adapt_p70-52877936550931_a11-25_13_map.h5,27.8935,10,705,744,19.471220:11.250000,1169,True,9,9,1169,0.999999,15.6912,0,0.0122893,1102 1102 1103 1170 1233 1232 1169 1168 -1
GCP,adapt_p80-40593177313954_a202-49999999999997_6_map.h5,21.4898,10,112,1440,9.594069:202.500000,1072,False,688,7,921,0.227636,18.9377,0,0.0586788,1636 1135 1069 1134 1068 1067 -1
GCP,adapt_p70-52877936550931_a303-75_380_map.h5,26.8649,10,613,1105,19.471220:303.750000,1221,True,13,13,1221,0.999999,25.377,0,0.0128855,1157 1157 1156 1155 1220 1283 1284 1221 1222 1158 1223 1285 -1
GCP,adapt_p48-18968510422141_a101-24999999999999_403_map.h5,26.895,10,799,1147,41.810314:101.250000,1481,True,8,8,1428,0.999999,13.6241,0,0.012841,1482 1482 1483 1429 1481 1427 1428 -1
GCP,adapt_p70-52877936550931_a326-24999999999994_588_map.h5,26.8821,10,586,1096,19.471220:326.250000,1225,True,11,11,1225,0.999999,21.2628,0,0.0127082,1161 1161 1162 1289 1226 1160 1225 1288 1287 1224 -1
GCP,adapt_p35-659087696138755_a14-999999999999998_182_map.h5,26.8571,10,662,1056,54.340912:15.000000,1568,True,10,10,1568,0.999999,17.9593,0,0.0126467,1612 1612 1652 1613 1569 1568 1567 1610 1611 -1
GCP,adapt_p48-18968510422141_a213-75_512_map.h5,27.8672,10,566,813,41.810314:213.750000,1497,True,13,13,1445,0.999999,25.253,0,0.0125818,1387 1387 1329 1330 1388 1445 1389 1446 1498 1497 1444 1443 -1
GCP,adapt_p23-556464309101234_a22-5_232_map.h5,26.8561,10,470,1108,66.443535:22.500000,1689,True,15,13,1689,0.999998,25.4112,0,0.0127398,1652 1652 1653 1690 1720 1689 1688 1651 1687 1718 1719 1745 -1
GCP,adapt_p48-18968510422141_a146-25_243_map.h5,26.2297,10,194,1071,41.810314:146.250000,1488,False,110,12,1493,0.980788,25.94,0,0.0138777,1539 1439 1492 1440 1493 1494 1544 1543 1542 1491 1438 -1
GCP,adapt_p48-18968510422141_a78-75_6_map.h5,26.876,10,546,1155,41.810314:78.750000,1478,True,11,11,1424,0.999999,21.0829,0,0.0127588,1478 1478 1423 1365 1477 1424 1366 1367 1425 1479 -1
GCP,adapt_p60-00000000000001_a112-49999999999999_288_map.h5,26.865,10,532,1109,30.000000:112.500000,1313,True,12,12,1313,0.999999,23.2086,0,0.0128252,1251 1251 1315 1252 1314 1373 1372 1313 1250 1312 1371 -1
GCP,adapt_p35-659087696138755_a135-0_199_map.h5,27.8942,10,685,804,54.340912:135.000000,1583,True,8,8,1626,0.999999,13.6459,0,0.0126263,1583 1583 1584 1627 1582 1625 1626 -1
GCP,adapt_p80-40593177313954_a270-0_128_map.h5,26.8652,10,547,1078,9.594069:270.000000,1084,True,13,13,1084,0.999999,26.6676,0,0.0125518,1150 1151 1085 1017 1016 1015 1082 1148 1149 1083 1084 1150 -1
GCP,adapt_p70-52877936550931_a146-25_545_map.h5,27.7863,10,309,714,19.471220:146.250000,1193,True,26,13,1129,0.998651,25.1139,0,0.0125392,1063 1063 1064 1130 1129 1195 1258 1257 1194 1193 1128 1062 -1
GCP,adapt_p80-40593177313954_a112-49999999999999_43_map.h5,27.5554,10,272,732,9.594069:112.500000,1055,False,60,13,1187,0.957738,27.3157,0,0.013395,1051 1117 1116 1118 1119 1185 1120 1186 1187 1121 1122 1188 -1
GCP,adapt_p11-715852394892384_a45-0_488_map.h5,26.8885,10,592,1081,78.284149:45.000000,1766,True,10,10,1766,0.999999,17.6927,0,0.0123162,1746 1746 1747 1767 1766 1745 1765 1782 1781 -1
GCP,adapt_p70-52877936550931_a326-24999999999994_254_map.h5,25.2334,10,99,1489,19.471220:326.250000,1225,False,115,12,1746,0.961393,24.3944,0,0.0142008,1692 1721 1748 1747 1720 1719 1745 1746 1766 1767 1768 -1
GCP,adapt_p48-18968510422141_a33-75_209_map.h5,28.8163,10,192,393,41.810314:33.750000,1471,True,20,14,1417,0.99989,27.951,0,0.0124402,1470 1470 1415 1358 1416 1417 1359 1360 1418 1472 1524 1471 1523 -1
GCP,adapt_p70-52877936550931_a11-25_517_map.h5,26.837,10,529,1142,19.471220:11.250000,1169,True,17,13,1167,0.999973,25.4309,0,0.0127914,1294 1294 1353 1292 1230 1293 1167 1101 1168 1231 1232 1169 -1
GCP,adapt_p48-18968510422141_a191-25_563_map.h5,28.87,10,323,377,41.810314:191.250000,1494,True,13,13,1441,0.999998,25.5359,0,0.012764,1442 1442 1385 1326 1325 1383 1440 1493 1384 1441 1494 1495 -1
GCP,adapt_p70-52877936550931_a258-75_424_map.h5,28.3428,10,103,354,19.471220:258.750000,1213,True,92,13,1213,0.944033,27.0114,0,0.0139843,1081 1148 1083 1149 1214 1277 1276 1213 1147 1212 1275 1274 -1
GCP,adapt_p60-00000000000001_a202-49999999999997_498_map.h5,25.7543,10,260,1525,30.000000:202.500000,1328,True,26,13,1386,0.999081,25.3946,0,0.0125189,1265 1265 1264 1326 1327 1266 1328 1329 1387 1443 1386 1385 -1
GCP,adapt_p23-556464309101234_a67-5_114_map.h5,26.841,10,465,1142,66.443535:67.500000,1693,True,17,13,1724,0.999989,25.865,0,0.0128151,1722 1722 1693 1694 1695 1724 1723 1692 1748 1749 1750 1725 -1
GCP,adapt_p80-40593177313954_a247-49999999999997_143_map.h5,27.8283,10,312,715,9.594069:247.500000,1080,True,20,13,1080,0.999935,25.6164,0,0.012464,1145 1145 1146 1147 1082 1014 1081 1013 1080 1012 1079 1078 -1
GCP,adapt_p70-52877936550931_a258-75_12_map.h5,26.8721,10,559,1106,19.471220:258.750000,1213,True,13,13,1213,0.999999,25.1092,0,0.0126936,1149 1149 1150 1215 1214 1213 1148 1147 1212 1275 1276 1277 -1
GCP,adapt_p35-659087696138755_a75-0_514_map.h5,26.8566,10,356,1188,54.340912:75.000000,1576,True,14,13,1576,0.999998,25.7873,0,0.0131827,1529 1529 1478 1479 1531 1530 1575 1619 1620 1576 1577 1578 -1
GCP,adapt_p48-18968510422141_a78-75_538_map.h5,24.848,10,27,406,41.810314:78.750000,1478,False,681,11,1474,0.443179,24.6637,0,0.0584009,1428 1368 1426 1425 1474 1420 1419 1473 1525 1524 -1
GCP,adapt_p35-659087696138755_a285-0_203_map.h5,27.7884,10,209,757,54.340912:285.000000,1601,True,24,13,1601,0.999473,25.2799,0,0.0133701,1643 1643 1642 1600 1599 1555 1506 1507 1556 1557 1601 1602 -1
GCP,adapt_p48-18968510422141_a258-75_132_map.h5,27.2298,10,83,387,41.810314:258.750000,1504,True,272,10,1452,0.734242,24.8906,0,0.0198496,1508 1453 1452 1396 1395 1451 1504 1505 1406 -1
GCP,adapt_p80-40593177313954_a157-5_515_map.h5,26.8711,10,547,1213,9.594069:157.500000,1063,True,14,13,1062,0.999998,26.3379,0,0.0127184,1128 1128 1127 1129 1064 996 1063 995 1062 994 1061 993 -1
GCP,adapt_p60-00000000000001_a0-0_174_map.h5,26.8632,10,381,1138,30.000000:0.000000,1294,True,15,13,1295,0.999998,25.9386,0,0.0127108,1232 1232 1295 1354 1355 1296 1233 1231 1293 1294 1411 1353 -1
GCP,adapt_p48-18968510422141_a303-75_333_map.h5,27.8286,10,358,781,41.810314:303.750000,1510,True,17,14,1560,0.999884,27.6879,0,0.0131859,1561 1561 1605 1604 1603 1558 1559 1510 1458 1459 1511 1560 1512 -1
GCP,adapt_p60-00000000000001_a22-5_184_map.h5,26.8705,10,515,1136,30.000000:22.500000,1298,True,13,13,1357,0.999999,26.0627,0,0.0132766,1297 1297 1296 1356 1358 1416 1415 1357 1298 1234 1235 1299 -1
GCP,adapt_p80-40593177313954_a112-49999999999999_200_map.h5,26.8548,10,439,1179,9.594069:112.500000,1055,True,14,13,988,0.999998,26.5817,0,0.0130212,1056 1056 990 1057 989 988 1122 1055 987 1054 986 1053 -1
GCP,adapt_p35-659087696138755_a344-99999999999994_500_map.h5,26.8441,10,415,1120,54.340912:345.000000,1609,True,17,13,1608,0.999993,25.3649,0,0.0126967,1648 1648 1607 1563 1564 1608 1649 1650 1609 1565 1610 1566 -1
GCP,adapt_p80-40593177313954_a135-0_435_map.h5,27.7747,10,326,725,9.594069:135.000000,1059,True,27,13,1059,0.999079,26.0544,0,0.0131195,1126 1126 1125 1060 1061 992 1059 991 1058 1124 1123 1057 -1
GCP,adapt_p35-659087696138755_a344-99999999999994_369_map.h5,27.887,10,504,746,54.340912:345.000000,1609,True,10,10,1608,0.999999,18.2554,0,0.0127616,1649 1649 1607 1648 1608 1564 1565 1609 1650 -1
GCP,adapt_p48-18968510422141_a236-25_47_map.h5,27.4379,10,207,790,41.810314:236.250000,1501,False,73,11,1562,0.840776,26.1838,0,0.0139099,1551 1550 1560 1511 1512 1561 1605 1606 1562 1563 -1
GCP,adapt_p35-659087696138755_a224-99999999999997_44_map.h5,26.4337,10,123,1132,54.340912:225.000000,1594,True,85,12,1550,0.96849,24.7544,0,0.0131276,1675 1551 1596 1595 1550 1500 1499 1549 1594 1593 1548 -1
GCP,adapt_p70-52877936550931_a191-25_463_map.h5,27.8008,10,351,767,19.471220:191.250000,1201,False,20,13,1137,0.999932,25.8842,0,0.0129663,1138 1138 1072 1137 1202 1203 1071 1070 1136 1135 1069 1068 -1
GCP,adapt_p60-00000000000001_a90-0_24_map.h5,25.8454,10,392,1420,30.000000:90.000000,1309,True,15,13,1368,0.999997,25.3648,0,0.0124704,1426 1426 1427 1370 1369 1310 1368 1309 1246 1308 1367 1425 -1
GCP,adapt_p70-52877936550931_a78-75_599_map.h5,28.5164,10,172,368,19.471220:78.750000,1181,True,66,13,1180,0.944688,27.7794,0,0.0134219,1311 1246 1182 1115 1181 1245 1244 1243 1180 1114 1113 1179 -1
GCP,adapt_p48-18968510422141_a33-75_369_map.h5,26.87,10,528,1134,41.810314:33.750000,1471,True,10,10,1417,0.999999,18.3576,0,0.0127924,1472 1472 1418 1417 1524 1523 1471 1470 1416 -1
GCP,adapt_p35-659087696138755_a165-0_394_map.h5,26.7743,10,134,1147,54.340912:165.000000,1587,False,26,13,1666,0.997801,25.0445,0,0.0124491,1700 1700 1665 1666 1628 1586 1629 1667 1701 1702 1668 1630 -1
GCP,adapt_p70-52877936550931_a33-75_7_map.h5,28.6083,10,106,394,19.471220:33.750000,1173,True,53,13,1172,0.993258,26.9287,0,0.0133909,1298 1235 1236 1237 1173 1106 1172 1105 1104 1170 1234 1171 -1
GCP,adapt_p11-715852394892384_a45-0_13_map.h5,26.8703,10,76,768,78.284149:45.000000,1766,False,173,11,1371,0.873066,26.4294,0,0.0153607,1315 1313 1372 1430 1429 1371 1312 1370 1428 1691 -1
GCP,adapt_p23-556464309101234_a337-5_134_map.h5,26.7639,10,216,1088,66.443535:337.500000,1716,True,31,13,1763,0.997542,25.6137,0,0.0128661,1740 1740 1741 1764 1716 1742 1743 1744 1780 1779 1763 1762 -1
GCP,adapt_p23-556464309101234_a67-5_142_map.h5,25.8319,10,297,1499,66.443535:67.500000,1693,True,19,12,1693,0.999931,23.6177,0,0.0128269,1694 1694 1722 1723 1659 1658 1693 1657 1656 1692 1691 -1
GCP,adapt_p48-18968510422141_a123-74999999999999_25_map.h5,28.3502,10,141,359,41.810314:123.750000,1484,False,90,13,1582,0.968368,26.3939,0,0.0135797,1533 1580 1623 1624 1625 1626 1583 1537 1536 1582 1581 1535 -1
GCP,adapt_p35-659087696138755_a195-0_370_map.h5,26.8868,10,841,1149,54.340912:195.000000,1590,True,9,9,1633,0.999999,17.3459,0,0.0129425,1670 1633 1591 1590 1632 1634 1671 1670 -1
GCP,adapt_p70-52877936550931_a101-24999999999999_428_map.h5,26.7458,10,226,1123,19.471220:101.250000,1185,True,31,13,1248,0.996319,25.0429,0,0.012994,1184 1184 1247 1310 1311 1248 1185 1249 1186 1120 1121 1187 -1
GCP,adapt_p60-00000000000001_a67-5_83_map.h5,26.851,10,468,1109,30.000000:67.500000,1305,True,15,13,1364,0.999994,25.5787,0,0.0128174,1365 1365 1366 1306 1305 1364 1423 1422 1421 1363 1304 1303 -1
GCP,adapt_p35-659087696138755_a14-999999999999998_527_map.h5,26.8792,10,504,1054,54.340912:15.000000,1568,True,12,12,1568,0.999999,22.6687,0,0.0125622,1567 1567 1520 1521 1568 1612 1611 1651 1652 1613 1569 -1
GCP,adapt_p60-00000000000001_a202-49999999999997_275_map.h5,26.4379,10,94,1224,30.000000:202.500000,1328,True,73,12,1201,0.972976,24.5816,0,0.0129142,1328 1327 1326 1263 1200 1135 1136 1201 1264 1202 1265 -1
GCP,adapt_p70-52877936550931_a326-24999999999994_566_map.h5,26.6699,10,191,1099,19.471220:326.250000,1225,True,44,12,1161,0.966291,24.4252,0,0.0128725,1092 1158 1093 1159 1094 1095 1096 1162 1161 1160 1225 -1
GCP,adapt_p80-40593177313954_a135-0_191_map.h5,26.2482,10,242,1046,9.594069:135.000000,1059,True,112,12,1061,0.849485,25.2348,0,0.0135695,928 1063 994 1062 1128 1127 1061 993 1060 992 1059 -1
GCP,adapt_p60-00000000000001_a202-49999999999997_228_map.h5,26.6546,10,184,1103,30.000000:202.500000,1328,False,46,13,1390,0.996609,26.6085,0,0.0131758,1444 1445 1446 1447 1391 1333 1332 1390 1389 1331 1330 1388 -1
GCP,adapt_p48-18968510422141_a191-25_169_map.h5,25.7937,10,423,1401,41.810314:191.250000,1494,True,21,13,1441,0.999441,25.7777,0,0.0130383,1492 1492 1440 1439 1493 1543 1544 1494 1441 1384 1442 1385 -1
GCP,adapt_p48-18968510422141_a258-75_20_map.h5,27.884,10,728,704,41.810314:258.750000,1504,True,9,9,1504,0.999999,15.6758,0,0.0128039,1452 1452 1505 1504 1553 1503 1451 1450 -1
GCP,adapt_p60-00000000000001_a315-0_442_map.h5,26.8165,10,462,1171,30.000000:315.000000,1346,True,22,13,1345,0.999943,25.9388,0,0.0132505,1347 1347 1285 1286 1346 1405 1404 1403 1345 1284 1283 1344 -1
GCP,adapt_p80-40593177313954_a315-0_34_map.h5,26.8279,10,400,1125,9.594069:315.000000,1093,True,18,13,1159,0.999943,25.8601,0,0.0129258,1158 1158 1093 1092 1157 1223 1159 1224 1225 1160 1094 1095 -1
GCP,adapt_p48-18968510422141_a146-25_484_map.h5,26.8111,10,311,1197,41.810314:146.250000,1488,True,22,13,1488,0.999894,25.3274,0,0.0126758,1489 1489 1436 1435 1488 1540 1539 1538 1487 1434 1433 1376 -1
GCP,adapt_p80-40593177313954_a45-0_303_map.h5,26.5674,10,69,723,9.594069:45.000000,1042,False,222,12,1428,0.935893,25.9981,0,0.017089,1724 1533 1482 1481 1427 1369 1370 1428 1429 1371 1312 -1
GCP,adapt_p48-18968510422141_a11-25_81_map.h5,26.8792,10,500,1148,41.810314:11.250000,1468,True,13,13,1412,0.999999,25.8002,0,0.0125897,1354 1354 1466 1410 1411 1412 1518 1467 1413 1355 1414 1468 -1
GCP,adapt_p60-00000000000001_a157-5_272_map.h5,26.8604,10,614,1047,30.000000:157.500000,1320,True,14,13,1379,0.999998,25.9314,0,0.0124164,1380 1380 1322 1260 1259 1321 1436 1437 1379 1378 1320 1258 -1
GCP,adapt_p35-659087696138755_a45-0_120_map.h5,26.8541,10,367,1162,54.340912:45.000000,1572,True,16,13,1616,0.999992,24.9946,0,0.0136357,1655 1655 1656 1617 1574 1573 1526 1525 1572 1616 1615 1571 -1
GCP,adapt_p35-659087696138755_a105-0_364_map.h5,26.8698,10,494,1122,54.340912:105.000000,1579,True,11,11,1580,0.999999,21.2759,0,0.0130146,1623 1623 1622 1532 1533 1579 1624 1581 1580 1534 -1
GCP,adapt_p70-52877936550931_a33-75_384_map.h5,25.9378,10,93,1171,19.471220:33.750000,1173,True,144,12,1106,0.899092,24.4365,0,0.0148689,1236 1172 1171 1105 1039 1040 1106 1173 1107 1041 1108 -1
GCP,adapt_p60-00000000000001_a180-0_299_map.h5,25.7693,10,363,1553,30.000000:180.000000,1324,True,27,13,1324,0.998393,25.4896,0,0.0125392,1323 1323 1261 1324 1383 1325 1262 1199 1200 1263 1264 1326 -1
GCP,adapt_p48-18968510422141_a123-74999999999999_504_map.h5,27.8791,10,297,717,41.810314:123.750000,1484,True,13,13,1485,0.999998,25.5313,0,0.0127065,1431 1431 1432 1433 1486 1537 1536 1485 1430 1483 1484 1535 -1
GCP,adapt_p80-40593177313954_a247-49999999999997_178_map.h5,27.8842,10,725,737,9.594069:247.500000,1080,True,11,11,1081,0.999999,20.7538,0,0.0125482,1147 1147 1082 1081 1146 1145 1079 1012 1080 1013 -1
GCP,adapt_p80-40593177313954_a157-5_446_map.h5,26.8371,10,383,1142,9.594069:157.500000,1063,True,18,13,1063,0.999977,26.2968,0,0.0126703,996 996 1062 1128 1061 995 1063 1129 1195 1130 1064 1065 -1
GCP,adapt_p70-52877936550931_a101-24999999999999_214_map.h5,26.8692,10,459,1149,19.471220:101.250000,1185,True,12,12,1185,0.999998,23.6467,0,0.0126198,1184 1184 1183 1247 1248 1185 1119 1118 1249 1186 1120 -1
GCP,adapt_p60-00000000000001_a270-0_3_map.h5,27.753,10,357,772,30.000000:270.000000,1339,True,26,13,1277,0.997832,25.2166,0,0.0127701,1215 1215 1278 1340 1339 1397 1396 1338 1277 1214 1276 1337 -1
GCP,adapt_p80-40593177313954_a337-49999999999994_384_map.h5,27.7753,10,306,710,9.594069:337.500000,1097,True,25,13,1095,0.998918,25.91,0,0.0125084,1160 1160 1093 1026 1094 1027 1028 1095 1161 1096 1029 1097 -1
GCP,adapt_p60-00000000000001_a337-49999999999994_26_map.h5,26.8521,10,451,1159,30.000000:337.500000,1350,True,16,13,1351,0.999998,25.3267,0,0.0126572,1290 1290 1289 1288 1349 1407 1408 1350 1351 1291 1352 1409 -1
GCP,adapt_p11-715852394892384_a315-0_232_map.h5,28.5637,10,95,386,78.284149:315.000000,1778,False,67,13,1679,0.956982,26.7216,0,0.0131194,1741 1740 1739 1713 1681 1712 1711 1678 1642 1643 1679 1680 -1
GCP,adapt_p23-556464309101234_a247-49999999999997_571_map.h5,26.8866,10,812,1133,66.443535:247.500000,1708,True,10,10,1708,0.999998,18.0666,0,0.0131565,1675 1675 1707 1674 1708 1735 1736 1709 1676 -1
GCP,adapt_p80-40593177313954_a157-5_163_map.h5,25.7812,10,78,719,9.594069:157.500000,1063,False,350,9,1474,0.65421,23.9752,0,0.0240964,1590 1525 1473 1419 1420 1474 1475 1421 -1
GCP,adapt_p11-715852394892384_a45-0_358_map.h5,27.8912,10,738,703,78.284149:45.000000,1766,True,7,7,1747,0.999999,10.4041,0,0.0126483,1746 1746 1766 1767 1747 1748 -1
GCP,adapt_p35-659087696138755_a165-0_289_map.h5,26.8432,10,575,1139,54.340912:165.000000,1587,True,15,13,1587,0.999997,25.1665,0,0.0126472,1630 1630 1587 1586 1629 1667 1668 1631 1588 1543 1542 1541 -1
GCP,adapt_p48-18968510422141_a213-75_339_map.h5,28.4676,10,139,337,41.810314:213.750000,1497,True,76,14,1448,0.813252,28.4508,0,0.0132014,1550 1550 1501 1502 1449 1391 1448 1500 1447 1446 1445 1497 1547 -1
GCP,adapt_p60-00000000000001_a292-5_196_map.h5,27.8843,10,711,764,30.000000:292.500000,1343,True,9,9,1400,0.999999,15.9254,0,0.0125104,1343 1343 1281 1342 1401 1400 1399 1341 -1
GCP,adapt_p48-18968510422141_a326-24999999999994_259_map.h5,25.8584,10,492,1476,41.810314:326.250000,1514,True,11,11,1462,0.999998,20.3231,0,0.0123729,1463 1463 1407 1406 1405 1461 1513 1462 1514 1515 -1
GCP,adapt_p80-40593177313954_a90-0_86_map.h5,28.8233,10,239,377,9.594069:90.000000,1051,True,22,14,1051,0.99979,28.4701,0,0.0135384,1117 1117 1116 1118 1119 1053 1052 984 1051 983 1050 982 1049 -1
GCP,adapt_p60-00000000000001_a180-0_103_map.h5,26.8794,10,475,1053,30.000000:180.000000,1324,True,11,11,1324,0.999999,20.9097,0,0.0123445,1325 1325 1384 1383 1382 1324 1263 1262 1323 1261 -1
GCP,adapt_p35-659087696138755_a344-99999999999994_29_map.h5,28.7448,10,133,356,54.340912:345.000000,1609,True,32,14,1608,0.996451,28.2335,0,0.0130578,1566 1566 1516 1565 1609 1650 1608 1564 1515 1563 1607 1648 1649 -1
GCP,adapt_p80-40593177313954_a247-49999999999997_225_map.h5,26.7251,10,192,1137,9.594069:247.500000,1080,True,38,13,1146,0.996991,25.448,0,0.0127419,1212 1212 1211 1145 1210 1209 1144 1079 1080 1146 1147 1081 -1
GCP,adapt_p70-52877936550931_a258-75_32_map.h5,26.817,10,420,1126,19.471220:258.750000,1213,True,19,13,1147,0.999929,25.4774,0,0.0128301,1213 1213 1149 1214 1148 1082 1081 1147 1212 1211 1146 1145 -1
GCP,adapt_p23-556464309101234_a67-5_82_map.h5,26.8755,10,390,1194,66.443535:67.500000,1693,True,10,10,1693,0.999999,17.7534,0,0.0123025,1722 1722 1723 1694 1693 1692 1656 1657 1658 -1
GCP,adapt_p35-659087696138755_a255-00000000000003_330_map.h5,27.8361,10,333,690,54.340912:255.000000,1598,True,18,13,1639,0.999962,25.9041,0,0.0127184,1676 1676 1641 1599 1598 1640 1677 1639 1597 1596 1638 1675 -1
GCP,adapt_p60-00000000000001_a90-0_346_map.h5,27.8925,10,710,726,30.000000:90.000000,1309,True,8,8,1309,0.999999,13.7163,0,0.0122753,1368 1368 1369 1310 1367 1308 1309 -1
GCP,adapt_p70-52877936550931_a281-24999999999994_337_map.h5,26.8855,10,778,1115,19.471220:281.250000,1217,True,9,9,1217,0.999999,15.7636,0,0.013324,1152 1152 1151 1216 1217 1153 1218 1280 -1
GCP,adapt_p35-659087696138755_a224-99999999999997_424_map.h5,26.8421,10,491,1204,54.340912:225.000000,1594,True,14,13,1636,0.999997,25.6933,0,0.0126768,1637 1637 1594 1595 1636 1593 1592 1634 1635 1672 1673 1674 -1
GCP,adapt_p60-00000000000001_a67-5_517_map.h5,25.7115,10,186,1426,30.000000:67.500000,1305,True,38,13,1364,0.994412,25.5623,0,0.0133073,1362 1362 1421 1363 1304 1364 1305 1306 1365 1366 1423 1422 -1
GCP,adapt_p60-00000000000001_a112-49999999999999_248_map.h5,26.8564,10,562,1126,30.000000:112.500000,1313,True,15,13,1372,0.999997,26.3181,0,0.0123947,1314 1314 1251 1252 1430 1429 1371 1312 1313 1372 1373 1315 -1
GCP,adapt_p35-659087696138755_a195-0_222_map.h5,25.073,10,99,1488,54.340912:195.000000,1590,True,137,8,1631,0.79375,23.4695,0,0.014702,1292 1669 1632 1590 1589 1631 1630 -1
GCP,adapt_p35-659087696138755_a344-99999999999994_337_map.h5,27.842,10,303,764,54.340912:345.000000,1609,True,18,13,1608,0.999992,25.6379,0,0.0128262,1650 1650 1685 1684 1648 1607 1564 1608 1649 1609 1565 1610 -1
GCP,adapt_p60-00000000000001_a337-49999999999994_228_map.h5,26.8793,10,569,1150,30.000000:337.500000,1350,True,10,10,1350,0.999999,17.9605,0,0.0124695,1407 1407 1408 1409 1351 1290 1289 1350 1349 -1
GCP,adapt_p70-52877936550931_a236-25_557_map.h5,27.7802,10,308,713,19.471220:236.250000,1209,True,28,13,1273,0.999193,25.9475,0,0.0126031,1334 1334 1274 1211 1275 1336 1335 1273 1210 1209 1272 1271 -1
GCP,adapt_p70-52877936550931_a11-25_398_map.h5,25.8958,10,72,1182,19.471220:11.250000,1169,False,152,10,1151,0.88721,24.4506,0,0.0149717,1029 1086 1152 1151 1085 1084 1150 1149 1083 -1
GCP,adapt_p35-659087696138755_a255-00000000000003_445_map.h5,26.8634,10,425,1087,54.340912:255.000000,1598,True,12,12,1640,0.999998,23.7006,0,0.0123967,1676 1676 1641 1599 1598 1640 1677 1675 1638 1639 1597 -1
GCP,adapt_p80-40593177313954_a112-49999999999999_412_map.h5,26.8675,10,564,1155,9.594069:112.500000,1055,True,12,12,1055,0.999998,23.2625,0,0.0133206,987 987 988 1056 1122 1121 1055 986 1053 1054 1120 -1
GCP,adapt_p48-18968510422141_a281-24999999999994_16_map.h5,27.8588,10,550,750,41.810314:281.250000,1507,True,14,13,1455,0.999999,25.9366,0,0.0130147,1506 1506 1557 1508 1456 1455 1507 1556 1505 1453 1454 1398 -1
GCP,adapt_p80-40593177313954_a112-49999999999999_41_map.h5,27.0955,10,79,727,9.594069:112.500000,1055,False,132,12,982,0.924421,25.433,0,0.0143071,1054 1052 1051 984 1050 983 916 915 982 1049 981 -1
GCP,adapt_p35-659087696138755_a14-999999999999998_525_map.h5,26.8782,10,406,1129,54.340912:15.000000,1568,True,12,12,1568,0.999999,23.1362,0,0.0125592,1613 1613 1570 1614 1569 1522 1521 1568 1612 1567 1520 -1
GCP,adapt_p35-659087696138755_a344-99999999999994_583_map.h5,26.8687,10,557,1146,54.340912:345.000000,1609,True,9,9,1609,0.999999,15.5486,0,0.0131206,1649 1649 1650 1611 1567 1610 1609 1608 -1
GCP,adapt_p11-715852394892384_a45-0_368_map.h5,25.8494,10,397,1486,78.284149:45.000000,1766,True,15,13,1767,0.999996,25.5385,0,0.0124091,1783 1783 1782 1765 1746 1747 1748 1749 1768 1767 1766 1784 -1
GCP,adapt_p60-00000000000001_a0-0_359_map.h5,26.8101,10,234,1083,30.000000:0.000000,1294,True,22,13,1294,0.999908,26.4437,0,0.012668,1354 1354 1231 1293 1292 1353 1294 1295 1412 1411 1410 1352 -1
GCP,adapt_p80-40593177313954_a157-5_429_map.h5,26.1839,10,176,1103,9.594069:157.500000,1063,False,114,10,1245,0.832467,21.2067,0,0.0135993,1122 1247 1246 1309 1308 1245 1244 1307 1306 -1
GCP,adapt_p80-40593177313954_a45-0_114_map.h5,25.7011,10,293,1502,9.594069:45.000000,1042,True,30,12,975,0.995559,23.4583,0,0.0126322,1044 1044 976 975 1043 974 1042 1108 1107 1041 1040 -1
GCP,adapt_p23-556464309101234_a292-5_598_map.h5,26.8653,10,465,1139,66.443535:292.500000,1712,True,11,11,1712,0.999998,20.6307,0,0.0123637,1679 1679 1711 1678 1712 1680 1681 1713 1739 1738 -1
GCP,adapt_p23-556464309101234_a247-49999999999997_76_map.h5,26.846,10,472,1116,66.443535:247.500000,1708,True,12,12,1709,0.999998,23.0397,0,0.0128176,1675 1675 1676 1710 1737 1736 1709 1708 1674 1707 1735 -1
GCP,adapt_p60-00000000000001_a180-0_334_map.h5,27.8892,10,682,719,30.000000:180.000000,1324,True,10,10,1324,0.999999,18.3564,0,0.0125488,1382 1382 1322 1381 1323 1261 1262 1324 1383 -1
GCP,adapt_p23-556464309101234_a292-5_386_map.h5,25.5207,10,159,1415,66.443535:292.500000,1712,True,72,12,1738,0.951872,24.4588,0,0.0130963,1680 1679 1712 1711 1710 1738 1739 1761 1760 1759 1737 -1
GCP,adapt_p48-18968510422141_a78-75_130_map.h5,26.8414,10,227,1098,41.810314:78.750000,1478,True,19,13,1478,0.999981,25.7393,0,0.0124404,1477 1477 1530 1529 1478 1479 1426 1425 1367 1366 1424 1423 -1
GCP,adapt_p35-659087696138755_a14-999999999999998_111_map.h5,26.8571,10,462,1136,54.340912:15.000000,1568,True,15,13,1568,0.999997,25.1499,0,0.0126865,1612 1612 1567 1611 1651 1652 1613 1614 1570 1569 1568 1521 -1
GCP,adapt_p60-00000000000001_a247-49999999999997_219_map.h5,26.8404,10,508,1155,30.000000:247.500000,1335,True,14,13,1336,0.999998,25.9423,0,0.0124023,1337 1337 1275 1276 1395 1336 1394 1393 1335 1274 1273 1334 -1
GCP,adapt_p23-556464309101234_a22-5_36_map.h5,26.8419,10,426,1143,66.443535:22.500000,1689,True,16,13,1689,0.999975,25.5068,0,0.0129241,1653 1653 1654 1691 1721 1746 1720 1690 1689 1652 1688 1719 -1
GCP,adapt_p80-40593177313954_a22-5_226_map.h5,26.8808,10,649,1113,9.594069:22.500000,1038,True,9,9,1038,0.999999,18.179,0,0.0129258,970 1037 969 1104 1039 971 1038 970 -1
GCP,adapt_p70-52877936550931_a56-24999999999999_466_map.h5,26.8028,10,352,1181,19.471220:56.250000,1177,True,19,13,1177,0.99995,26.4903,0,0.0129492,1176 1176 1175 1240 1303 1239 1177 1111 1178 1242 1241 1304 -1
GCP,adapt_p48-18968510422141_a11-25_356_map.h5,28.8794,10,349,358,41.810314:11.250000,1468,True,11,11,1468,0.999999,20.8303,0,0.0123352,1414 1414 1467 1412 1413 1468 1520 1521 1469 1415 -1
GCP,adapt_p60-00000000000001_a315-0_13_map.h5,26.8508,10,312,1205,30.000000:315.000000,1346,True,15,13,1346,0.999997,25.2515,0,0.0130438,1285 1285 1284 1344 1402 1403 1345 1346 1404 1405 1347 1286 -1
GCP,adapt_p48-18968510422141_a348-74999999999994_66_map.h5,27.9945,10,91,352,41.810314:348.750000,1517,True,145,13,1411,0.854335,27.3863,0,0.0150091,1414 1354 1294 1353 1411 1412 1518 1466 1410 1465 1517 1565 -1
GCP,adapt_p48-18968510422141_a78-75_20_map.h5,28.6609,10,64,417,41.810314:78.750000,1478,True,47,13,1479,0.9872,26.9738,0,0.0129308,1533 1532 1531 1530 1478 1424 1479 1480 1427 1426 1425 1367 -1
GCP,adapt_p70-52877936550931_a33-75_96_map.h5,26.8694,10,627,1099,19.471220:33.750000,1173,True,14,13,1174,0.999999,25.7438,0,0.0124391,1237 1237 1175 1109 1176 1239 1238 1174 1108 1107 1173 1236 -1
GCP,adapt_p60-00000000000001_a247-49999999999997_440_map.h5,24.6495,10,175,1090,30.000000:247.500000,1335,False,366,9,1578,0.758841,23.3381,0,0.0261665,1604 1621 1577 1531 1532 1578 1579 1533 -1
GCP,adapt_p70-52877936550931_a258-75_177_map.h5,27.8761,10,670,768,19.471220:258.750000,1213,True,9,9,1148,0.999999,16.2072,0,0.0126797,1147 1147 1213 1214 1149 1148 1212 1146 -1
GCP,adapt_p48-18968510422141_a168-74999999999997_419_map.h5,26.8944,10,873,1128,41.810314:168.750000,1491,True,6,6,1438,0.999999,8.22084,0,0.0134061,1437 1437 1438 1491 1490 -1
GCP,adapt_p70-52877936550931_a348-74999999999994_405_map.h5,27.8825,10,629,727,19.471220:348.750000,1229,True,10,10,1229,0.999998,18.6962,0,0.0123206,1292 1292 1229 1228 1291 1293 1230 1165 1164 -1
GCP,adapt_p35-659087696138755_a165-0_130_map.h5,25.8366,10,424,1469,54.340912:165.000000,1587,True,15,13,1586,0.999994,25.0741,0,0.0132388,1629 1629 1630 1588 1542 1541 1587 1586 1540 1539 1585 1628 -1
GCP,adapt_p60-00000000000001_a180-0_338_map.h5,27.8816,10,699,712,30.000000:180.000000,1324,True,11,11,1324,0.999999,20.4378,0,0.0121997,1382 1382 1323 1261 1324 1262 1263 1325 1383 1384 -1
GCP,adapt_p80-40593177313954_a292-5_86_map.h5,26.8121,10,457,1042,9.594069:292.500000,1088,True,22,13,1088,0.999943,25.9745,0,0.0126608,1152 1152 1087 1020 1088 1021 1089 1155 1154 1153 1086 1151 -1
GCP,adapt_p70-52877936550931_a78-75_89_map.h5,28.6521,10,210,358,19.471220:78.750000,1181,True,45,14,1181,0.986042,28.0374,0,0.0126558,1178 1178 1242 1179 1180 1114 1115 1181 1243 1244 1245 1182 1183 -1
GCP,adapt_p48-18968510422141_a11-25_332_map.h5,26.8873,10,603,1156,41.810314:11.250000,1468,True,10,10,1414,0.999999,19.0264,0,0.0125229,1469 1469 1414 1468 1413 1356 1415 1470 1521 -1
GCP,adapt_p48-18968510422141_a348-74999999999994_202_map.h5,26.8784,10,459,1125,41.810314:348.750000,1517,True,11,11,1465,0.999999,20.9991,0,0.0123502,1466 1466 1409 1410 1465 1464 1515 1516 1517 1518 -1
GCP,adapt_p70-52877936550931_a236-25_426_map.h5,25.679,10,272,1521,19.471220:236.250000,1209,True,38,13,1209,0.981233,25.6244,0,0.0127702,1210 1210 1209 1208 1143 1142 1207 1206 1270 1271 1272 1273 -1
GCP,adapt_p70-52877936550931_a348-74999999999994_399_map.h5,25.6696,10,330,1498,19.471220:348.750000,1229,True,36,12,1229,0.997658,23.3783,0,0.0132013,1292 1292 1165 1230 1229 1164 1163 1228 1291 1290 1227 -1
GCP,adapt_p80-40593177313954_a157-5_43_map.h5,25.8059,10,392,1439,9.594069:157.500000,1063,True,22,13,996,0.999848,25.8095,0,0.0129358,1062 1062 994 928 995 996 1063 1129 1064 997 1065 998 -1
GCP,adapt_p11-715852394892384_a225-0_518_map.h5,27.8794,10,426,745,78.284149:225.000000,1774,True,12,12,1774,0.999999,22.9346,0,0.0123976,1788 1788 1773 1774 1787 1789 1776 1775 1758 1757 1756 -1
GCP,adapt_p35-659087696138755_a75-0_160_map.h5,26.8596,10,530,1109,54.340912:75.000000,1576,True,12,12,1619,0.999999,23.0099,0,0.0132473,1620 1620 1577 1529 1576 1575 1619 1658 1657 1618 1574 -1
GCP,adapt_p70-52877936550931_a33-75_152_map.h5,28.69,10,163,350,19.471220:33.750000,1173,True,40,14,1236,0.989455,28.0409,0,0.0127782,1108 1108 1173 1236 1172 1235 1298 1299 1300 1237 1174 1175 1238 -1
GCP,adapt_p48-18968510422141_a123-74999999999999_483_map.h5,27.8805,10,644,754,41.810314:123.750000,1484,True,9,9,1430,0.999999,16.4894,0,0.0122898,1484 1484 1432 1485 1431 1483 1429 1430 -1
GCP,adapt_p23-556464309101234_a112-5_461_map.h5,27.8652,10,585,781,66.443535:112.500000,1697,True,10,10,1697,0.999999,18.1015,0,0.0125728,1696 1696 1662 1697 1725 1726 1727 1698 1663 -1
GCP,adapt_p70-52877936550931_a348-74999999999994_577_map.h5,27.8853,10,637,787,19.471220:348.750000,1229,True,12,12,1229,0.999999,23.4385,0,0.0125094,1165 1165 1229 1164 1230 1166 1167 1293 1292 1291 1228 -1
GCP,adapt_p35-659087696138755_a45-0_3_map.h5,27.8875,10,707,737,54.340912:45.000000,1572,True,10,10,1572,0.999999,18.2136,0,0.0122457,1573 1573 1525 1572 1617 1616 1615 1571 1524 -1
GCP,adapt_p80-40593177313954_a0-0_190_map.h5,28.6738,10,142,368,9.594069:0.000000,1034,True,42,14,1166,0.994342,28.4026,0,0.0129531,1033 1033 1099 1164 1165 1230 1167 1166 1100 1034 1101 1035 1102 -1
GCP,adapt_p60-00000000000001_a292-5_147_map.h5,25.6798,10,338,1494,30.000000:292.500000,1343,True,38,13,1342,0.996083,25.448,0,0.0130064,1218 1218 1217 1281 1282 1343 1401 1400 1342 1341 1280 1279 -1
GCP,adapt_p35-659087696138755_a135-0_493_map.h5,27.7929,10,188,801,54.340912:135.000000,1583,True,25,13,1626,0.999523,27.1054,0,0.0128767,1584 1583 1582 1625 1663 1699 1664 1626 1627 1665 1628 1584 -1
GCP,adapt_p48-18968510422141_a258-75_513_map.h5,26.8679,10,551,1203,41.810314:258.750000,1504,True,13,13,1452,0.999999,25.2039,0,0.0128541,1396 1396 1338 1337 1395 1394 1450 1503 1451 1504 1452 1453 -1
GCP,adapt_p48-18968510422141_a78-75_158_map.h5,27.8577,10,330,718,41.810314:78.750000,1478,True,16,13,1477,0.999996,25.3966,0,0.0130857,1424 1424 1479 1425 1478 1530 1529 1477 1423 1422 1476 1528 -1
GCP,adapt_p70-52877936550931_a11-25_469_map.h5,26.8651,10,424,1096,19.471220:11.250000,1169,True,13,13,1232,0.999999,25.9258,0,0.0126649,1168 1168 1233 1169 1170 1234 1297 1296 1295 1232 1231 1167 -1
GCP,adapt_p80-40593177313954_a22-5_224_map.h5,26.8563,10,409,1186,9.594069:22.500000,1038,True,14,13,1038,0.999998,26.3726,0,0.0125176,1036 1036 1103 1037 968 969 970 971 1038 1104 1039 1105 -1
GCP,adapt_p48-18968510422141_a191-25_544_map.h5,27.874,10,619,752,41.810314:191.250000,1494,True,12,12,1494,0.999998,23.196,0,0.0127997,1545 1545 1493 1544 1494 1441 1442 1495 1546 1496 1443 -1
GCP,adapt_p11-715852394892384_a135-0_420_map.h5,27.7852,10,314,700,78.284149:135.000000,1770,True,32,13,1769,0.998771,25.197,0,0.0125796,1751 1751 1771 1785 1784 1793 1783 1768 1769 1770 1750 1749 -1
GCP,adapt_p80-40593177313954_a224-99999999999997_319_map.h5,25.8088,10,185,1071,9.594069:225.000000,1076,False,172,11,1153,0.84769,24.7943,0,0.0158411,1084 1086 1087 1088 1154 1153 1218 1217 1152 1081 -1
GCP,adapt_p80-40593177313954_a224-99999999999997_557_map.h5,25.8332,10,533,1453,9.594069:225.000000,1076,True,15,12,1076,0.999995,23.822,0,0.0126135,1143 1143 1207 1142 1077 1078 1009 1076 1008 1075 1141 -1
GCP,adapt_p80-40593177313954_a22-5_357_map.h5,26.8521,10,595,1118,9.594069:22.500000,1038,True,15,13,1037,0.999998,25.5184,0,0.0126893,1103 1103 1170 1169 1102 1036 1037 1104 1038 1039 1105 1106 -1
GCP,adapt_p80-40593177313954_a224-99999999999997_457_map.h5,26.8482,10,583,1117,9.594069:225.000000,1076,True,13,13,1076,0.999999,26.2948,0,0.0125578,1142 1142 1009 1008 1076 1077 1143 1141 1075 1007 1074 1140 -1
GCP,adapt_p60-00000000000001_a337-49999999999994_311_map.h5,27.8253,10,383,705,30.000000:337.500000,1350,True,20,13,1408,0.999908,26.0607,0,0.0125493,1351 1351 1289 1349 1407 1463 1515 1464 1408 1350 1409 1465 -1
GCP,adapt_p48-18968510422141_a303-75_561_map.h5,26.8681,10,517,1113,41.810314:303.750000,1510,True,12,12,1459,0.999999,24.1237,0,0.0126549,1511 1511 1559 1560 1512 1460 1510 1457 1458 1459 1403 -1
GCP,adapt_p70-52877936550931_a213-75_438_map.h5,26.5696,10,173,1076,19.471220:213.750000,1205,False,59,12,1270,0.989822,24.6406,0,0.0131695,1391 1332 1331 1269 1268 1206 1207 1270 1208 1271 1333 -1
GCP,adapt_p48-18968510422141_a303-75_371_map.h5,27.8924,10,661,752,41.810314:303.750000,1510,True,9,9,1458,0.999999,15.3434,0,0.012372,1510 1510 1511 1459 1403 1402 1458 1457 -1
GCP,adapt_p48-18968510422141_a11-25_327_map.h5,27.8529,10,305,756,41.810314:11.250000,1468,True,15,13,1468,0.999997,26.1352,0,0.0128678,1467 1467 1412 1413 1518 1519 1520 1468 1414 1521 1469 1415 -1
GCP,adapt_p80-40593177313954_a22-5_218_map.h5,27.8632,10,349,750,9.594069:22.500000,1038,True,14,13,1104,0.999999,25.8573,0,0.0125553,1171 1171 1105 1106 1172 1104 1170 1169 1103 1037 1038 1039 -1
GCP,adapt_p48-18968510422141_a123-74999999999999_290_map.h5,26.8652,10,579,1146,41.810314:123.750000,1484,True,13,13,1432,0.999999,25.8934,0,0.0125969,1484 1484 1536 1535 1430 1431 1374 1375 1432 1485 1486 1433 -1
GCP,adapt_p35-659087696138755_a224-99999999999997_510_map.h5,25.528,10,119,1481,54.340912:225.000000,1594,True,65,12,1594,0.989767,24.7866,0,0.0128339,1638 1550 1595 1549 1594 1636 1635 1634 1592 1593 1548 -1
GCP,adapt_p23-556464309101234_a157-5_469_map.h5,27.3975,10,80,383,66.443535:157.500000,1701,True,255,11,1700,0.937596,26.927,0,0.0191456,1504 1702 1730 1729 1701 1667 1728 1699 1700 1666 -1
GCP,adapt_p70-52877936550931_a33-75_569_map.h5,26.872,10,389,1159,19.471220:33.750000,1173,True,12,12,1236,0.999998,24.6593,0,0.0127924,1300 1299 1298 1235 1172 1173 1236 1237 1174 1238 1300 -1
GCP,adapt_p70-52877936550931_a123-74999999999999_5_map.h5,26.8693,10,679,1052,19.471220:123.750000,1189,True,13,12,1188,0.999998,23.1887,0,0.0124209,1251 1251 1187 1122 1188 1123 1189 1190 1253 1252 1314 -1
GCP,adapt_p60-00000000000001_a180-0_558_map.h5,28.5408,10,99,359,30.000000:180.000000,1324,True,61,13,1324,0.977132,26.8924,0,0.0129605,1384 1325 1324 1323 1322 1260 1261 1198 1199 1262 1263 1326 -1
GCP,adapt_p70-52877936550931_a258-75_296_map.h5,27.8759,10,454,758,19.471220:258.750000,1213,True,11,11,1213,0.999999,20.5713,0,0.0128862,1148 1148 1147 1212 1275 1276 1277 1214 1213 1149 -1
GCP,adapt_p35-659087696138755_a135-0_571_map.h5,26.7299,10,228,1116,54.340912:135.000000,1583,False,31,13,1585,0.998894,25.5222,0,0.0158235,1584 1584 1539 1585 1627 1628 1629 1587 1541 1586 1540 1489 -1
GCP,adapt_p48-18968510422141_a123-74999999999999_507_map.h5,27.7811,10,287,729,41.810314:123.750000,1484,True,20,13,1534,0.999893,25.7925,0,0.0126975,1482 1482 1484 1430 1483 1534 1533 1580 1581 1535 1536 1485 -1
GCP,adapt_p80-40593177313954_a337-49999999999994_194_map.h5,26.8319,10,412,1096,9.594069:337.500000,1097,True,19,13,1097,0.999983,25.9239,0,0.0129346,1030 1030 1099 1031 1098 1164 1163 1097 1029 1096 1028 1095 -1
GCP,adapt_p35-659087696138755_a75-0_48_map.h5,26.8566,10,473,1037,54.340912:75.000000,1576,True,12,12,1619,0.999999,22.9253,0,0.0131572,1575 1575 1574 1617 1656 1657 1618 1619 1576 1620 1658 -1
GCP,adapt_p48-18968510422141_a78-75_3_map.h5,26.8835,10,428,1129,41.810314:78.750000,1478,True,11,11,1477,0.999999,21.1298,0,0.012325,1478 1478 1423 1422 1476 1477 1529 1530 1424 1425 -1
GCP,adapt_p80-40593177313954_a315-0_367_map.h5,27.9747,10,67,404,9.594069:315.000000,1093,False,154,12,957,0.708678,26.707,0,0.0148136,1226 1162 1163 1164 1098 1097 1025 958 957 1024 1023 -1
GCP,adapt_p60-00000000000001_a270-0_115_map.h5,26.8249,10,450,1132,30.000000:270.000000,1339,True,17,13,1277,0.999994,25.9947,0,0.0128476,1278 1278 1340 1215 1277 1214 1213 1276 1337 1338 1339 1397 -1
GCP,adapt_p70-52877936550931_a236-25_309_map.h5,27.8226,10,312,787,19.471220:236.250000,1209,False,22,13,1145,0.999899,26.2295,0,0.0132075,1147 1147 1082 1081 1211 1210 1146 1080 1079 1145 1144 1078 -1
GCP,adapt_p23-556464309101234_a292-5_105_map.h5,28.4297,10,76,385,66.443535:292.500000,1712,True,90,13,1739,0.893777,26.3288,0,0.0141101,1743 1764 1763 1741 1740 1762 1761 1739 1738 1711 1712 1679 -1
GCP,adapt_p80-40593177313954_a247-49999999999997_515_map.h5,26.8452,10,387,1142,9.594069:247.500000,1080,True,17,13,1079,0.999971,26.0663,0,0.0126096,1144 1144 1145 1143 1077 1078 1011 1012 1079 1080 1146 1081 -1
GCP,adapt_p70-52877936550931_a303-75_160_map.h5,26.8052,10,485,1135,19.471220:303.750000,1221,True,22,13,1221,0.999766,25.8249,0,0.0126505,1345 1345 1283 1220 1219 1282 1344 1284 1221 1222 1285 1346 -1
GCP,adapt_p70-52877936550931_a236-25_584_map.h5,28.5677,10,134,352,19.471220:236.250000,1209,True,58,13,1211,0.926136,26.6976,0,0.0130432,1332 1333 1272 1209 1145 1210 1273 1274 1211 1146 1147 1212 -1
GCP,adapt_p11-715852394892384_a225-0_310_map.h5,26.594,10,126,1131,78.284149:225.000000,1774,True,61,13,1773,0.985552,26.4607,0,0.0128543,1729 1754 1772 1787 1788 1775 1774 1773 1755 1731 1756 1757 -1
GCP,adapt_p70-52877936550931_a11-25_46_map.h5,27.8213,10,487,776,19.471220:11.250000,1169,True,14,13,1168,0.999997,25.8898,0,0.0124614,1231 1231 1230 1293 1167 1166 1101 1168 1102 1103 1169 1232 -1
GCP,adapt_p80-40593177313954_a157-5_505_map.h5,25.8297,10,388,1435,9.594069:157.500000,1063,True,17,13,1064,0.999962,25.6204,0,0.0132032,1065 1065 998 997 996 1064 1131 1130 1129 1063 995 1062 -1
GCP,adapt_p80-40593177313954_a224-99999999999997_412_map.h5,26.8582,10,508,1122,9.594069:225.000000,1076,True,15,13,1076,0.999998,26.0047,0,0.0125945,1077 1077 1142 1207 1143 1076 1009 1008 1075 1141 1140 1074 -1
GCP,adapt_p48-18968510422141_a101-24999999999999_166_map.h5,27.8763,10,438,809,41.810314:101.250000,1481,True,11,11,1481,0.999998,20.5602,0,0.0134732,1533 1533 1482 1483 1429 1428 1481 1532 1480 1427 -1
GCP,adapt_p23-556464309101234_a112-5_509_map.h5,27.8414,10,278,746,66.443535:112.500000,1697,True,18,14,1697,0.999982,27.2999,0,0.0124135,1725 1725 1695 1696 1661 1623 1624 1662 1697 1726 1727 1698 1663 -1
GCP,adapt_p70-52877936550931_a33-75_144_map.h5,26.5781,10,237,1119,19.471220:33.750000,1173,True,53,12,971,0.903025,24.9365,0,0.0127233,1105 1039 971 970 1038 972 1040 1106 1173 1107 1108 -1
GCP,adapt_p35-659087696138755_a45-0_143_map.h5,26.8619,10,429,1078,54.340912:45.000000,1572,True,14,13,1572,0.999998,25.9571,0,0.0129248,1571 1571 1615 1616 1617 1655 1572 1524 1525 1526 1573 1574 -1
GCP,adapt_p70-52877936550931_a191-25_223_map.h5,27.8549,10,479,787,19.471220:191.250000,1201,True,14,14,1201,0.999999,27.5953,0,0.0128611,1200 1200 1263 1264 1201 1135 1136 1202 1137 1138 1203 1266 1265 -1
GCP,adapt_p70-52877936550931_a281-24999999999994_297_map.h5,26.7408,10,229,1134,19.471220:281.250000,1217,True,32,13,1218,0.994224,26.1105,0,0.0130518,1278 1278 1216 1152 1153 1218 1219 1281 1280 1217 1279 1339 -1
GCP,adapt_p60-00000000000001_a45-0_284_map.h5,27.9104,10,788,666,30.000000:45.000000,1301,True,7,7,1361,0.999998,10.9418,0,0.012368,1360 1360 1419 1361 1301 1302 -1
GCP,adapt_p60-00000000000001_a67-5_345_map.h5,26.7446,10,152,1208,30.000000:67.500000,1305,True,31,13,1364,0.998348,25.4083,0,0.0132308,1306 1306 1305 1241 1304 1303 1363 1421 1422 1364 1365 1423 -1
GCP,adapt_p80-40593177313954_a45-0_9_map.h5,26.7149,10,180,1122,9.594069:45.000000,1042,False,34,13,1044,0.990133,25.5748,0,0.0129369,975 975 976 1043 1110 1044 977 1045 1111 1177 1112 1178 -1
GCP,adapt_p60-00000000000001_a315-0_495_map.h5,28.778,10,177,365,30.000000:315.000000,1346,True,30,14,1345,0.999922,27.3791,0,0.0138393,1402 1402 1344 1283 1284 1345 1403 1346 1285 1286 1347 1405 1404 -1
GCP,adapt_p60-00000000000001_a224-99999999999997_441_map.h5,27.8117,10,265,725,30.000000:225.000000,1331,True,22,13,1268,0.99994,25.4888,0,0.0131298,1206 1206 1269 1331 1330 1268 1205 1329 1328 1266 1267 1204 -1
GCP,adapt_p70-52877936550931_a123-74999999999999_420_map.h5,28.869,10,379,367,19.471220:123.750000,1189,True,14,14,1189,0.999999,27.389,0,0.0128381,1124 1124 1123 1122 1188 1251 1252 1189 1190 1253 1254 1191 1125 -1
GCP,adapt_p23-556464309101234_a112-5_368_map.h5,27.8381,10,261,781,66.443535:112.500000,1697,True,22,13,1725,0.999989,26.7197,0,0.0126442,1697 1696 1695 1724 1749 1769 1750 1725 1726 1751 1727 1697 -1
GCP,adapt_p48-18968510422141_a101-24999999999999_564_map.h5,26.7132,10,145,1096,41.810314:101.250000,1481,True,39,13,1428,0.994596,25.2117,0,0.012586,1483 1483 1482 1481 1427 1369 1370 1428 1429 1430 1372 1371 -1
GCP,adapt_p60-00000000000001_a270-0_571_map.h5,26.7649,10,155,1166,30.000000:270.000000,1339,True,26,12,1338,0.999252,22.9586,0,0.0128864,1277 1277 1339 1397 1338 1396 1452 1395 1337 1276 1275 -1
GCP,adapt_p80-40593177313954_a90-0_256_map.h5,26.7667,10,414,1191,9.594069:90.000000,1051,True,28,13,1119,0.999062,25.9192,0,0.0130368,1121 1121 1054 1053 1052 1051 1117 1118 1119 1185 1120 1187 -1
GCP,adapt_p60-00000000000001_a270-0_299_map.h5,27.7882,10,302,747,30.000000:270.000000,1339,True,27,14,1340,0.999861,27.6531,0,0.0126136,1280 1280 1279 1278 1277 1338 1396 1339 1397 1398 1340 1341 1399 -1
GCP,adapt_p80-40593177313954_a224-99999999999997_293_map.h5,26.8293,10,559,1122,9.594069:225.000000,1076,True,17,13,1076,0.999995,25.6105,0,0.0124418,1077 1077 1009 1008 1075 1141 1140 1206 1207 1142 1076 1143 -1
GCP,adapt_p80-40593177313954_a67-5_227_map.h5,26.7588,10,202,1120,9.594069:67.500000,1047,False,24,13,1111,0.999945,25.6691,0,0.012945,1177 1177 1112 1046 1113 1179 1178 1111 1045 1044 1110 1176 -1
GCP,adapt_p23-556464309101234_a337-5_203_map.h5,26.8844,10,650,1076,66.443535:337.500000,1716,True,8,8,1716,0.999999,13.0467,0,0.0123741,1684 1684 1685 1717 1742 1716 1715 -1
GCP,adapt_p70-52877936550931_a258-75_242_map.h5,26.875,10,560,1178,19.471220:258.750000,1213,True,13,13,1275,0.999999,26.1364,0,0.0138592,1212 1212 1211 1274 1148 1213 1275 1336 1337 1276 1277 1214 -1
GCP,adapt_p35-659087696138755_a255-00000000000003_357_map.h5,25.7889,10,243,1547,54.340912:255.000000,1598,True,23,13,1596,0.999162,24.9788,0,0.0128716,1598 1598 1553 1597 1552 1551 1501 1500 1550 1595 1596 1638 -1
GCP,adapt_p35-659087696138755_a344-99999999999994_352_map.h5,26.8251,10,440,1174,54.340912:345.000000,1609,True,17,13,1609,0.999982,25.8529,0,0.012743,1610 1610 1565 1566 1609 1608 1607 1647 1648 1649 1650 1611 -1
GCP,adapt_p80-40593177313954_a247-49999999999997_219_map.h5,26.8504,10,438,1110,9.594069:247.500000,1080,True,15,13,1080,0.999996,26.6221,0,0.0123331,1146 1147 1081 1013 1012 1011 1078 1144 1145 1079 1080 1146 -1
GCP,adapt_p60-00000000000001_a0-0_238_map.h5,27.8601,10,262,728,30.000000:0.000000,1294,True,14,13,1293,0.999998,27.5099,0,0.0127054,1230 1167 1231 1168 1232 1295 1294 1293 1353 1292 1166 1230 -1
GCP,adapt_p11-715852394892384_a225-0_438_map.h5,28.8073,10,122,386,78.284149:225.000000,1774,True,26,14,1774,0.999733,27.4928,0,0.0125105,1758 1758 1734 1733 1732 1756 1757 1775 1774 1755 1773 1787 1788 -1
GCP,adapt_p60-00000000000001_a90-0_562_map.h5,27.8563,10,396,771,30.000000:90.000000,1309,True,13,13,1367,0.999999,25.3656,0,0.0124944,1309 1309 1308 1307 1366 1424 1425 1367 1368 1310 1369 1426 -1
GCP,adapt_p60-00000000000001_a337-49999999999994_190_map.h5,27.803,10,231,757,30.000000:337.500000,1350,True,23,14,1351,0.999849,27.7639,0,0.012842,1352 1352 1409 1408 1407 1349 1288 1289 1350 1351 1291 1290 1227 -1
GCP,adapt_p48-18968510422141_a146-25_496_map.h5,27.6871,10,250,779,41.810314:146.250000,1488,True,39,13,1489,0.994746,25.3321,0,0.0126446,1434 1434 1435 1436 1490 1541 1540 1489 1539 1488 1487 1538 -1
GCP,adapt_p23-556464309101234_a337-5_439_map.h5,25.8371,10,340,1451,66.443535:337.500000,1716,True,16,12,1716,0.999854,23.0842,0,0.0126989,1742 1742 1743 1687 1686 1685 1649 1684 1717 1716 1715 -1
GCP,adapt_p70-52877936550931_a258-75_15_map.h5,27.7257,10,247,768,19.471220:258.750000,1213,True,34,13,1149,0.996269,25.7368,0,0.0130034,1085 1085 1084 1083 1148 1082 1147 1213 1214 1149 1150 1151 -1
GCP,adapt_p35-659087696138755_a105-0_345_map.h5,27.7342,10,195,820,54.340912:105.000000,1579,True,32,13,1623,0.999599,26.3782,0,0.0126281,1476 1476 1528 1621 1578 1622 1579 1580 1581 1624 1623 1661 -1
GCP,adapt_p70-52877936550931_a303-75_570_map.h5,26.6292,10,182,1089,19.471220:303.750000,1221,False,47,12,1277,0.995697,24.5187,0,0.0126423,1149 1214 1213 1276 1338 1277 1339 1278 1215 1279 1216 -1
GCP,adapt_p35-659087696138755_a165-0_195_map.h5,27.8846,10,693,733,54.340912:165.000000,1587,True,8,8,1587,0.999999,13.178,0,0.0131461,1629 1629 1586 1587 1588 1630 1667 -1
GCP,adapt_p23-556464309101234_a337-5_548_map.h5,26.867,10,545,1135,66.443535:337.500000,1716,True,12,12,1716,0.999999,23.1043,0,0.0128098,1742 1742 1743 1687 1686 1685 1717 1741 1715 1716 1684 -1
GCP,adapt_p48-18968510422141_a281-24999999999994_479_map.h5,27.8961,10,655,796,41.810314:281.250000,1507,True,8,8,1455,0.999999,13.1447,0,0.0126983,1456 1456 1508 1507 1454 1455 1399 -1
GCP,adapt_p11-715852394892384_a225-0_78_map.h5,25.8594,10,361,1435,78.284149:225.000000,1774,True,15,12,1757,0.999997,22.791,0,0.0123951,1734 1734 1735 1758 1775 1774 1756 1757 1732 1733 1706 -1
GCP,adapt_p70-52877936550931_a56-24999999999999_574_map.h5,28.8061,10,225,352,19.471220:56.250000,1177,True,18,14,1176,0.999993,28.3751,0,0.0136976,1177 1177 1110 1111 1176 1240 1239 1302 1238 1237 1174 1175 1109 -1
GCP,adapt_p11-715852394892384_a45-0_95_map.h5,26.827,10,162,1113,78.284149:45.000000,1766,True,23,13,1768,0.999748,24.4587,0,0.0128044,1749 1749 1750 1769 1768 1784 1783 1782 1766 1767 1748 1747 -1
GCP,adapt_p60-00000000000001_a112-49999999999999_474_map.h5,27.8953,10,633,724,30.000000:112.500000,1313,True,8,8,1372,0.999999,13.67,0,0.012536,1313 1313 1312 1371 1314 1373 1372 -1
GCP,adapt_p48-18968510422141_a146-25_403_map.h5,26.8866,10,500,1081,41.810314:146.250000,1488,True,9,9,1435,0.999999,16.2632,0,0.0131855,1377 1377 1435 1378 1436 1488 1434 1376 -1
GCP,adapt_p23-556464309101234_a337-5_311_map.h5,26.6278,10,175,1113,66.443535:337.500000,1716,True,46,13,1742,0.965638,26.2344,0,0.0129587,1740 1714 1715 1741 1763 1779 1764 1744 1743 1742 1716 1717 -1
GCP,adapt_p60-00000000000001_a0-0_519_map.h5,27.8322,10,229,776,30.000000:0.000000,1294,True,21,13,1353,0.999976,25.8189,0,0.0126112,1411 1411 1410 1352 1291 1292 1353 1354 1294 1231 1293 1230 -1
GCP,adapt_p48-18968510422141_a213-75_93_map.h5,26.3591,10,181,1086,41.810314:213.750000,1497,False,94,12,1495,0.954103,25.5927,0,0.0136388,1138 1386 1443 1496 1546 1545 1544 1494 1441 1495 1442 -1
GCP,adapt_p48-18968510422141_a101-24999999999999_297_map.h5,26.8351,10,499,1062,41.810314:101.250000,1481,True,15,13,1481,0.999999,25.6957,0,0.0126641,1531 1531 1532 1479 1425 1426 1480 1427 1481 1533 1482 1428 -1
GCP,adapt_p48-18968510422141_a303-75_216_map.h5,28.8393,10,377,384,41.810314:303.750000,1510,True,12,12,1459,0.999999,23.889,0,0.013469,1511 1560 1510 1458 1402 1403 1459 1511 1512 1460 1404 -1
GCP,adapt_p60-00000000000001_a337-49999999999994_533_map.h5,25.846,10,442,1460,30.000000:337.500000,1350,True,15,12,1351,0.999996,23.3403,0,0.012831,1291 1291 1227 1228 1290 1351 1352 1409 1408 1350 1289 -1
GCP,adapt_p70-52877936550931_a348-74999999999994_520_map.h5,26.8503,10,432,1096,19.471220:348.750000,1229,True,15,13,1229,0.999991,26.2963,0,0.0125243,1164 1164 1291 1290 1228 1163 1229 1292 1293 1230 1165 1166 -1
GCP,adapt_p11-715852394892384_a315-0_70_map.h5,27.8672,10,341,809,78.284149:315.000000,1778,True,16,14,1779,0.999997,27.8274,0,0.0125836,1780 1780 1791 1790 1781 1744 1764 1742 1741 1763 1779 1778 1762 -1
GCP,adapt_p35-659087696138755_a315-0_247_map.h5,26.1469,10,78,730,54.340912:315.000000,1605,True,294,12,1647,0.656142,25.5164,0,0.0213405,1641 1603 1645 1604 1605 1646 1682 1647 1683 1684 1648 -1
GCP,adapt_p48-18968510422141_a56-24999999999999_582_map.h5,26.8792,10,646,1112,41.810314:56.250000,1475,True,11,11,1475,0.999999,20.3385,0,0.0125431,1474 1474 1420 1475 1421 1422 1476 1528 1527 1526 -1
GCP,adapt_p35-659087696138755_a195-0_186_map.h5,26.8864,10,795,1071,54.340912:195.000000,1590,True,10,10,1591,0.999999,18.2546,0,0.0123629,1633 1633 1592 1634 1591 1546 1545 1590 1632 -1
GCP,adapt_p35-659087696138755_a255-00000000000003_182_map.h5,26.8613,10,481,1106,54.340912:255.000000,1598,True,13,13,1639,0.999998,26.6703,0,0.01252,1676 1676 1641 1599 1598 1553 1640 1677 1675 1638 1639 1597 -1
GCP,adapt_p35-659087696138755_a45-0_44_map.h5,26.8774,10,571,1164,54.340912:45.000000,1572,True,10,10,1572,0.999999,17.8051,0,0.0123831,1571 1571 1615 1654 1655 1616 1572 1617 1573 -1
GCP,adapt_p60-00000000000001_a45-0_401_map.h5,26.878,10,626,1036,30.000000:45.000000,1301,True,11,11,1301,0.999998,21.5977,0,0.0127673,1302 1302 1360 1361 1300 1237 1301 1238 1239 1303 -1
GCP,adapt_p60-00000000000001_a337-49999999999994_301_map.h5,27.8763,10,538,767,30.000000:337.500000,1350,True,11,11,1351,0.999999,21.3843,0,0.0124015,1408 1408 1352 1291 1409 1351 1290 1289 1350 1407 -1
GCP,adapt_p35-659087696138755_a195-0_425_map.h5,26.8795,10,501,1113,54.340912:195.000000,1590,True,10,10,1632,0.999999,18.3897,0,0.0132396,1633 1633 1669 1670 1632 1631 1589 1590 1591 -1
GCP,adapt_p80-40593177313954_a202-49999999999997_220_map.h5,26.312,10,111,1173,9.594069:202.500000,1072,True,95,12,1332,0.885587,25.9568,0,0.0137812,1206 1073 1072 1138 1139 1269 1331 1332 1390 1391 1333 -1
GCP,adapt_p48-18968510422141_a348-74999999999994_430_map.h5,27.84,10,285,704,41.810314:348.750000,1517,True,17,13,1517,0.999976,25.6787,0,0.0127907,1566 1566 1565 1516 1464 1409 1465 1517 1519 1518 1466 1412 -1
GCP,adapt_p70-52877936550931_a258-75_413_map.h5,26.8711,10,432,1133,19.471220:258.750000,1213,True,11,11,1213,0.999999,21.0151,0,0.012683,1214 1214 1148 1149 1213 1147 1212 1275 1276 1277 -1
GCP,adapt_p48-18968510422141_a123-74999999999999_256_map.h5,26.8753,10,515,1189,41.810314:123.750000,1484,True,9,9,1431,0.999999,15.5932,0,0.0124671,1484 1484 1485 1432 1431 1374 1373 1430 -1
GCP,adapt_p70-52877936550931_a78-75_52_map.h5,26.8373,10,451,1055,19.471220:78.750000,1181,True,18,13,1181,0.999952,25.7573,0,0.012488,1243 1243 1244 1307 1306 1179 1180 1114 1115 1181 1245 1182 -1
GCP,adapt_p48-18968510422141_a258-75_178_map.h5,27.8738,10,395,767,41.810314:258.750000,1504,True,11,11,1504,0.999999,20.7424,0,0.0130109,1554 1554 1598 1552 1553 1503 1451 1452 1504 1505 -1
GCP,adapt_p60-00000000000001_a247-49999999999997_529_map.h5,26.6492,10,214,1116,30.000000:247.500000,1335,True,36,13,1335,0.991939,25.6938,0,0.0126215,1393 1393 1394 1337 1275 1336 1335 1274 1273 1334 1272 1271 -1
GCP,adapt_p23-556464309101234_a22-5_554_map.h5,26.8838,10,660,1061,66.443535:22.500000,1689,True,10,10,1689,0.999998,17.6129,0,0.0129625,1719 1719 1720 1690 1654 1653 1689 1688 1652 -1
GCP,adapt_p80-40593177313954_a202-49999999999997_174_map.h5,26.8784,10,622,1128,9.594069:202.500000,1072,True,12,12,1072,0.999999,23.9405,0,0.0124079,1138 1138 1005 1004 1072 1073 1139 1137 1071 1003 1070 -1
GCP,adapt_p70-52877936550931_a11-25_376_map.h5,26.8595,10,602,1110,19.471220:11.250000,1169,True,13,13,1103,0.999998,25.9239,0,0.0132438,1170 1170 1103 1169 1104 1171 1234 1233 1232 1168 1102 1101 -1
GCP,adapt_p70-52877936550931_a78-75_108_map.h5,26.8533,10,434,1152,19.471220:78.750000,1181,True,14,13,1181,0.999999,26.0565,0,0.0124837,1180 1180 1113 1114 1115 1181 1179 1243 1244 1245 1182 1116 -1
GCP,adapt_p23-556464309101234_a157-5_101_map.h5,26.8544,10,628,1038,66.443535:157.500000,1701,True,15,13,1700,0.999998,26.3627,0,0.0134032,1666 1666 1699 1665 1627 1664 1700 1667 1701 1729 1728 1727 -1
GCP,adapt_p23-556464309101234_a67-5_431_map.h5,26.8491,10,411,1246,66.443535:67.500000,1693,True,16,13,1658,0.999997,25.1501,0,0.0126598,1657 1657 1693 1694 1695 1660 1621 1659 1620 1658 1619 1618 -1
GCP,adapt_p70-52877936550931_a236-25_97_map.h5,26.7428,10,188,1097,19.471220:236.250000,1209,True,34,13,1209,0.995527,25.9122,0,0.0129629,1270 1270 1333 1272 1273 1211 1210 1145 1144 1209 1271 1208 -1
GCP,adapt_p48-18968510422141_a281-24999999999994_573_map.h5,25.6132,10,115,1170,41.810314:281.250000,1507,False,209,9,1328,0.572505,25.2848,0,0.0164253,1506 1509 1508 1456 1329 1328 1386 1385 -1
GCP,adapt_p70-52877936550931_a236-25_127_map.h5,26.8343,10,506,1079,19.471220:236.250000,1209,True,16,13,1209,0.999923,25.5526,0,0.012483,1144 1144 1208 1271 1272 1209 1145 1210 1273 1274 1211 1146 -1
GCP,adapt_p48-18968510422141_a101-24999999999999_72_map.h5,28.7283,10,123,375,41.810314:101.250000,1481,True,33,14,1428,0.998032,28.1738,0,0.0125379,1369 1369 1426 1480 1481 1427 1370 1428 1482 1483 1429 1371 1430 -1
GCP,adapt_p80-40593177313954_a315-0_12_map.h5,27.8158,10,207,767,9.594069:315.000000,1093,True,21,13,1159,0.999979,25.8093,0,0.0129725,1160 1160 1159 1093 1026 1094 1224 1223 1222 1157 1158 1092 -1
GCP,adapt_p70-52877936550931_a258-75_580_map.h5,28.8894,10,498,398,19.471220:258.750000,1213,True,11,11,1213,0.999999,20.2264,0,0.0123917,1276 1276 1277 1214 1213 1148 1147 1212 1275 1274 -1
GCP,adapt_p48-18968510422141_a123-74999999999999_93_map.h5,28.763,10,159,353,41.810314:123.750000,1484,True,31,14,1483,0.998894,28.2964,0,0.0127666,1373 1373 1430 1429 1372 1374 1431 1485 1484 1535 1534 1483 1482 -1
GCP,adapt_p70-52877936550931_a213-75_490_map.h5,27.8824,10,761,688,19.471220:213.750000,1205,True,10,10,1205,0.999999,17.7263,0,0.0123428,1267 1267 1204 1139 1140 1205 1268 1269 1206 -1
GCP,adapt_p23-556464309101234_a112-5_535_map.h5,26.8709,10,467,1169,66.443535:112.500000,1697,True,11,11,1697,0.999998,20.9981,0,0.0128591,1726 1726 1696 1661 1725 1697 1662 1663 1698 1727 -1
GCP,adapt_p80-40593177313954_a22-5_205_map.h5,26.725,10,339,1192,9.594069:22.500000,1038,False,33,13,1040,0.9977,25.5236,0,0.0127561,975 975 1043 1042 974 1041 973 1040 972 1039 971 970 -1
GCP,adapt_p60-00000000000001_a67-5_429_map.h5,26.8739,10,538,1157,30.000000:67.500000,1305,True,13,13,1365,0.999998,25.4933,0,0.0128546,1306 1306 1365 1364 1363 1304 1305 1242 1243 1307 1366 1423 -1
GCP,adapt_p11-715852394892384_a45-0_261_map.h5,25.8465,10,345,1435,78.284149:45.000000,1766,True,16,13,1746,0.999997,25.3368,0,0.0133102,1745 1745 1720 1719 1746 1721 1747 1748 1768 1767 1766 1765 -1
GCP,adapt_p35-659087696138755_a45-0_34_map.h5,26.3406,10,148,1150,54.340912:45.000000,1572,True,79,13,1573,0.97299,26.2966,0,0.0132368,1471 1524 1571 1615 1616 1572 1525 1526 1573 1617 1618 1574 -1
GCP,adapt_p48-18968510422141_a101-24999999999999_172_map.h5,27.8867,10,618,726,41.810314:101.250000,1481,True,10,10,1427,0.999999,17.9264,0,0.013053,1428 1428 1482 1533 1532 1481 1427 1480 1426 -1
GCP,adapt_p23-556464309101234_a157-5_481_map.h5,26.89,10,796,1124,66.443535:157.500000,1701,True,9,9,1701,0.999999,15.5226,0,0.0127775,1729 1729 1730 1701 1667 1666 1700 1728 -1
GCP,adapt_p48-18968510422141_a146-25_473_map.h5,27.8702,10,658,757,41.810314:146.250000,1488,True,7,7,1434,0.999999,10.6217,0,0.0126005,1435 1435 1488 1487 1434 1433 -1
GCP,adapt_p70-52877936550931_a213-75_213_map.h5,26.8409,10,505,1117,19.471220:213.750000,1205,True,16,13,1205,0.999972,25.6947,0,0.0129328,1268 1268 1269 1207 1206 1205 1267 1204 1203 1138 1139 1140 -1
GCP,adapt_p60-00000000000001_a224-99999999999997_101_map.h5,26.824,10,448,1059,30.000000:225.000000,1331,True,18,13,1330,0.999947,26.0721,0,0.0127811,1331 1331 1390 1389 1387 1388 1330 1269 1268 1267 1329 1328 -1
GCP,adapt_p48-18968510422141_a11-25_290_map.h5,26.8883,10,505,1137,41.810314:11.250000,1468,True,9,9,1469,0.999999,17.4518,0,0.0124475,1415 1469 1468 1414 1521 1522 1470 1415 -1
GCP,adapt_p80-40593177313954_a247-49999999999997_254_map.h5,26.839,10,419,1097,9.594069:247.500000,1080,True,16,13,1146,0.999983,26.7851,0,0.0128257,1212 1211 1210 1145 1079 1080 1146 1147 1081 1082 1148 1212 -1
GCP,adapt_p48-18968510422141_a213-75_167_map.h5,25.8178,10,399,1532,41.810314:213.750000,1497,True,18,13,1498,0.999831,25.0956,0,0.0129844,1445 1445 1444 1496 1546 1547 1497 1498 1548 1549 1499 1446 -1
GCP,adapt_p35-659087696138755_a224-99999999999997_249_map.h5,25.8453,10,435,1440,54.340912:225.000000,1594,True,16,12,1636,0.999995,24.2014,0,0.0124557,1593 1594 1549 1595 1637 1674 1673 1636 1593 1635 1672 -1
GCP,adapt_p35-659087696138755_a14-999999999999998_578_map.h5,28.8402,10,164,364,54.340912:15.000000,1568,True,17,14,1614,0.999997,27.7507,0,0.0125702,1569 1569 1570 1571 1615 1654 1689 1653 1614 1613 1568 1612 1652 -1
GCP,adapt_p48-18968510422141_a326-24999999999994_316_map.h5,25.8227,10,328,1466,41.810314:326.250000,1514,True,16,13,1462,0.999815,24.977,0,0.0130468,1463 1463 1407 1406 1405 1461 1462 1514 1563 1562 1513 1512 -1
GCP,adapt_p70-52877936550931_a326-24999999999994_444_map.h5,27.7579,10,230,737,19.471220:326.250000,1225,True,30,13,1225,0.994173,25.3568,0,0.0128725,1094 1094 1159 1224 1287 1288 1225 1160 1161 1162 1226 1289 -1
GCP,adapt_p35-659087696138755_a315-0_597_map.h5,26.871,10,460,1137,54.340912:315.000000,1605,True,15,13,1604,0.999998,25.2281,0,0.0128359,1645 1645 1603 1644 1681 1682 1646 1647 1606 1605 1604 1560 -1
GCP,adapt_p60-00000000000001_a270-0_308_map.h5,26.6481,10,152,1100,30.000000:270.000000,1339,True,44,13,1338,0.996806,25.3046,0,0.0126829,1279 1279 1340 1278 1339 1397 1338 1277 1276 1337 1395 1396 -1
GCP,adapt_p60-00000000000001_a292-5_594_map.h5,25.5433,10,74,1470,30.000000:292.500000,1343,False,60,12,1217,0.984422,24.492,0,0.0134766,1278 1216 1152 1217 1279 1280 1281 1218 1153 1154 1219 -1
GCP,adapt_p80-40593177313954_a0-0_125_map.h5,26.7632,10,122,1124,9.594069:0.000000,1034,True,28,13,1035,0.998652,26.3779,0,0.0126392,1101 1101 1169 1103 1037 969 1036 1102 1034 967 1035 968 -1
GCP,adapt_p48-18968510422141_a326-24999999999994_486_map.h5,25.8643,10,362,1447,41.810314:326.250000,1514,True,13,13,1513,0.999999,25.5214,0,0.0124783,1461 1461 1514 1563 1515 1463 1462 1513 1562 1561 1512 1460 -1
GCP,adapt_p23-556464309101234_a337-5_246_map.h5,27.6238,10,213,794,66.443535:337.500000,1716,True,50,14,1649,0.96696,27.3993,0,0.012999,1565 1565 1609 1650 1685 1649 1608 1648 1684 1716 1742 1741 1715 -1
GCP,adapt_p23-556464309101234_a112-5_400_map.h5,27.8843,10,702,745,66.443535:112.500000,1697,True,11,11,1697,0.999999,20.2046,0,0.0124663,1698 1698 1663 1662 1661 1696 1725 1697 1726 1727 -1
GCP,adapt_p11-715852394892384_a315-0_170_map.h5,26.7238,10,160,1088,78.284149:315.000000,1778,False,38,13,1739,0.994255,25.3541,0,0.0129604,1711 1711 1737 1738 1712 1713 1714 1739 1761 1762 1740 1741 -1
GCP,adapt_p60-00000000000001_a67-5_140_map.h5,25.8536,10,397,1530,30.000000:67.500000,1305,True,15,12,1305,0.999993,24.0454,0,0.0132183,1306 1306 1242 1243 1305 1365 1366 1422 1364 1363 1304 -1
GCP,adapt_p35-659087696138755_a255-00000000000003_218_map.h5,27.8962,10,737,747,54.340912:255.000000,1598,True,8,8,1598,0.999999,13.2199,0,0.0125682,1597 1597 1552 1553 1554 1598 1639 -1
GCP,adapt_p23-556464309101234_a157-5_269_map.h5,27.8954,10,876,820,66.443535:157.500000,1701,True,9,9,1701,0.999999,15.3842,0,0.0123429,1666 1666 1667 1701 1729 1728 1700 1665 -1
GCP,adapt_p11-715852394892384_a135-0_434_map.h5,26.8873,10,550,1139,78.284149:135.000000,1770,True,11,11,1752,0.999998,20.906,0,0.0124868,1771 1771 1751 1770 1752 1772 1754 1753 1729 1728 -1
GCP,adapt_p48-18968510422141_a168-74999999999997_532_map.h5,26.8754,10,640,1115,41.810314:168.750000,1491,True,10,10,1491,0.999999,17.7818,0,0.0124172,1438 1438 1439 1492 1491 1542 1541 1490 1437 -1
GCP,adapt_p48-18968510422141_a101-24999999999999_459_map.h5,27.8285,10,252,722,41.810314:101.250000,1481,True,20,13,1427,0.999955,25.6359,0,0.013302,1532 1532 1482 1533 1481 1428 1427 1369 1368 1426 1480 1479 -1
GCP,adapt_p60-00000000000001_a337-49999999999994_254_map.h5,26.8502,10,530,1069,30.000000:337.500000,1350,True,12,12,1407,0.999999,23.3284,0,0.0125902,1349 1349 1348 1405 1461 1462 1406 1350 1408 1407 1463 -1
GCP,adapt_p60-00000000000001_a247-49999999999997_37_map.h5,26.8559,10,405,1133,30.000000:247.500000,1335,True,14,13,1335,0.999997,25.7353,0,0.0129583,1274 1274 1334 1392 1333 1272 1273 1335 1393 1394 1336 1275 -1
GCP,adapt_p60-00000000000001_a67-5_313_map.h5,26.6871,10,141,1139,30.000000:67.500000,1305,True,41,13,1305,0.99346,25.3861,0,0.0127183,1423 1423 1364 1363 1304 1241 1242 1305 1243 1306 1365 1366 -1
GCP,adapt_p80-40593177313954_a90-0_494_map.h5,27.4525,10,215,771,9.594069:90.000000,1051,True,76,12,1051,0.969168,26.7221,0,0.0133124,1373 1053 1119 1118 1052 984 1051 983 1050 982 1049 -1
GCP,adapt_p60-00000000000001_a270-0_492_map.h5,27.7707,10,240,763,30.000000:270.000000,1339,True,30,13,1278,0.997853,25.2888,0,0.0130169,1277 1277 1215 1278 1339 1397 1398 1340 1341 1279 1216 1217 -1
GCP,adapt_p23-556464309101234_a292-5_420_map.h5,26.78,10,215,1078,66.443535:292.500000,1712,True,23,13,1680,0.999588,24.9477,0,0.0128207,1643 1643 1644 1645 1681 1713 1739 1738 1711 1712 1680 1679 -1
GCP,adapt_p35-659087696138755_a315-0_349_map.h5,26.8784,10,595,1138,54.340912:315.000000,1605,True,10,10,1605,0.999999,18.7855,0,0.0123409,1606 1606 1646 1645 1604 1605 1647 1607 1562 -1
GCP,adapt_p35-659087696138755_a135-0_598_map.h5,27.8903,10,712,777,54.340912:135.000000,1583,True,6,6,1584,0.999998,8.21112,0,0.0124375,1583 1583 1584 1538 1537 -1
GCP,adapt_p23-556464309101234_a292-5_191_map.h5,28.7913,10,174,386,66.443535:292.500000,1712,True,25,14,1712,0.999239,27.9066,0,0.0134721,1678 1678 1710 1711 1679 1643 1644 1680 1712 1681 1713 1739 1738 -1
GCP,adapt_p48-18968510422141_a123-74999999999999_18_map.h5,27.6751,10,111,775,41.810314:123.750000,1484,True,41,13,1430,0.996178,26.7938,0,0.0126446,1433 1486 1432 1485 1431 1374 1373 1372 1430 1484 1483 1429 -1
GCP,adapt_p11-715852394892384_a225-0_209_map.h5,27.8894,10,699,728,78.284149:225.000000,1774,True,9,9,1774,0.999999,15.3164,0,0.0124099,1775 1775 1788 1787 1774 1757 1756 1773 -1
GCP,adapt_p48-18968510422141_a78-75_43_map.h5,28.8742,10,365,338,41.810314:78.750000,1478,True,13,13,1423,0.999999,25.3837,0,0.0125474,1478 1478 1425 1366 1424 1423 1365 1364 1422 1476 1477 1529 -1
GCP,adapt_p48-18968510422141_a303-75_233_map.h5,28.8462,10,370,372,41.810314:303.750000,1510,True,15,14,1458,0.999997,28.111,0,0.0125626,1511 1511 1559 1560 1510 1558 1509 1457 1401 1402 1458 1459 1403 -1
GCP,adapt_p80-40593177313954_a67-5_349_map.h5,25.8513,10,537,1386,9.594069:67.500000,1047,True,15,13,1047,0.999998,25.5577,0,0.0124806,1048 1048 1049 981 980 979 1047 1114 1113 1112 1046 1045 -1
GCP,adapt_p48-18968510422141_a258-75_387_map.h5,24.9318,10,105,1472,41.810314:258.750000,1504,False,153,9,1502,0.862102,23.5667,0,0.0149426,1226 1349 1451 1503 1552 1502 1450 1449 -1
GCP,adapt_p80-40593177313954_a112-49999999999999_211_map.h5,26.8362,10,417,1089,9.594069:112.500000,1055,True,17,13,1053,0.999994,25.7743,0,0.012581,1054 1054 1055 987 986 985 1053 1118 1052 984 1051 983 -1
GCP,adapt_p70-52877936550931_a191-25_37_map.h5,26.0737,10,113,1130,19.471220:191.250000,1201,True,136,11,1129,0.592341,24.2237,0,0.0140705,1127 1128 1129 1195 1130 1135 1136 1201 1264 1326 -1
GCP,adapt_p80-40593177313954_a315-0_273_map.h5,26.8603,10,609,1123,9.594069:315.000000,1093,True,14,13,1093,0.999998,26.0404,0,0.0124565,1094 1094 1159 1223 1224 1160 1093 1025 1092 1158 1157 1091 -1
GCP,adapt_p11-715852394892384_a225-0_130_map.h5,25.784,10,343,1525,78.284149:225.000000,1774,True,24,13,1757,0.999246,25.5309,0,0.0128214,1734 1734 1756 1732 1733 1757 1774 1788 1775 1758 1735 1759 -1
GCP,adapt_p48-18968510422141_a236-25_76_map.h5,27.8798,10,587,826,41.810314:236.250000,1501,True,9,9,1448,0.999998,15.6101,0,0.0129696,1500 1500 1501 1449 1448 1391 1447 1390 -1
GCP,adapt_p60-00000000000001_a224-99999999999997_102_map.h5,26.8784,10,527,1073,30.000000:225.000000,1331,True,12,12,1331,0.999999,23.3224,0,0.013334,1270 1270 1271 1269 1268 1330 1388 1389 1331 1332 1390 -1
GCP,adapt_p60-00000000000001_a90-0_599_map.h5,23.9123,10,82,1433,30.000000:90.000000,1309,False,308,11,1630,0.891063,23.6657,0,0.0213849,1325 1589 1588 1631 1668 1630 1587 1629 1667 1666 -1
GCP,adapt_p80-40593177313954_a157-5_309_map.h5,26.8111,10,481,1101,9.594069:157.500000,1063,True,18,13,1063,0.999966,26.6759,0,0.0126709,1129 1129 995 996 1063 1062 1061 1128 1130 1064 997 1065 -1
GCP,adapt_p60-00000000000001_a157-5_595_map.h5,26.8561,10,490,1125,30.000000:157.500000,1320,True,16,13,1379,0.999996,25.1875,0,0.0126913,1380 1380 1321 1320 1258 1257 1319 1378 1435 1436 1379 1437 -1
GCP,adapt_p23-556464309101234_a292-5_361_map.h5,27.8799,10,490,772,66.443535:292.500000,1712,True,11,11,1712,0.999999,20.4167,0,0.0129092,1713 1713 1740 1739 1738 1711 1679 1712 1680 1681 -1
GCP,adapt_p35-659087696138755_a135-0_345_map.h5,28.8914,10,530,393,54.340912:135.000000,1583,True,9,9,1584,0.999999,15.4742,0,0.0123798,1538 1538 1584 1627 1626 1583 1537 1582 -1
GCP,adapt_p35-659087696138755_a165-0_71_map.h5,26.4803,10,207,1095,54.340912:165.000000,1587,True,53,12,1586,0.993593,24.3685,0,0.0134563,1627 1628 1585 1539 1489 1540 1586 1541 1587 1629 1666 -1
GCP,adapt_p35-659087696138755_a344-99999999999994_402_map.h5,27.8935,10,763,706,54.340912:345.000000,1609,True,7,7,1609,0.999999,10.739,0,0.012325,1649 1649 1650 1610 1609 1608 -1
GCP,adapt_p48-18968510422141_a101-24999999999999_247_map.h5,27.8964,10,659,801,41.810314:101.250000,1481,True,9,9,1428,0.999999,15.5393,0,0.0123294,1370 1370 1371 1428 1482 1481 1427 1369 -1
GCP,adapt_p48-18968510422141_a168-74999999999997_344_map.h5,28.5393,10,128,344,41.810314:168.750000,1491,False,62,13,1543,0.992564,27.6252,0,0.0135299,1630 1544 1589 1588 1542 1543 1492 1493 1494 1545 1590 1632 -1
GCP,adapt_p11-715852394892384_a225-0_506_map.h5,26.8811,10,577,1094,78.284149:225.000000,1774,True,11,11,1774,0.999998,20.7033,0,0.0127226,1756 1756 1773 1774 1775 1758 1757 1755 1732 1733 -1
GCP,adapt_p60-00000000000001_a337-49999999999994_287_map.h5,27.8491,10,318,730,30.000000:337.500000,1350,True,16,13,1350,0.999983,25.471,0,0.012691,1351 1351 1409 1464 1408 1407 1350 1290 1289 1288 1349 1348 -1
GCP,adapt_p11-715852394892384_a45-0_457_map.h5,27.8622,10,427,719,78.284149:45.000000,1766,True,13,13,1766,0.999998,25.1485,0,0.0125821,1747 1747 1746 1745 1766 1767 1765 1781 1782 1783 1768 1748 -1
GCP,adapt_p11-715852394892384_a225-0_430_map.h5,27.8662,10,513,752,78.284149:225.000000,1774,True,12,12,1758,0.999998,23.0719,0,0.0125684,1775 1775 1756 1757 1774 1788 1776 1759 1758 1735 1734 -1
GCP,adapt_p80-40593177313954_a22-5_472_map.h5,26.7424,10,155,1128,9.594069:22.500000,1038,False,30,13,1110,0.998294,25.1776,0,0.0142707,1108 1108 1042 1109 1043 976 1044 1110 1176 1177 1111 1045 -1
GCP,adapt_p80-40593177313954_a90-0_577_map.h5,26.8303,10,354,1215,9.594069:90.000000,1051,True,16,13,1052,0.999972,25.9351,0,0.0134402,1053 1053 1120 1119 1118 1052 985 984 1051 1117 983 1050 -1
GCP,adapt_p48-18968510422141_a236-25_468_map.h5,26.8891,10,513,1151,41.810314:236.250000,1501,True,9,9,1448,0.999999,15.5915,0,0.0126949,1447 1447 1500 1501 1448 1391 1392 1449 -1
GCP,adapt_p60-00000000000001_a247-49999999999997_549_map.h5,27.8614,10,293,673,30.000000:247.500000,1335,True,15,13,1274,0.999996,26.159,0,0.0123576,1335 1335 1394 1393 1336 1273 1274 1211 1212 1275 1276 1337 -1
GCP,adapt_p35-659087696138755_a105-0_139_map.h5,27.8818,10,482,734,54.340912:105.000000,1579,True,10,10,1579,0.999999,18.4878,0,0.0130181,1622 1622 1579 1580 1623 1621 1578 1532 1533 -1
GCP,adapt_p60-00000000000001_a202-49999999999997_581_map.h5,26.5311,10,221,1041,30.000000:202.500000,1328,True,36,13,1330,0.995624,25.3879,0,0.0127049,1204 1204 1268 1269 1331 1330 1388 1387 1329 1267 1266 1328 -1
GCP,adapt_p35-659087696138755_a255-00000000000003_63_map.h5,25.8213,10,331,1582,54.340912:255.000000,1598,True,18,13,1639,0.999958,25.616,0,0.0125273,1638 1638 1676 1675 1639 1640 1599 1598 1553 1552 1597 1596 -1
GCP,adapt_p23-556464309101234_a292-5_432_map.h5,26.832,10,400,1123,66.443535:292.500000,1712,True,18,13,1712,0.999991,25.2047,0,0.0127475,1680 1680 1643 1679 1711 1678 1710 1737 1738 1739 1713 1712 -1
GCP,adapt_p48-18968510422141_a11-25_398_map.h5,26.8722,10,563,1154,41.810314:11.250000,1468,True,10,10,1468,0.999999,19.9343,0,0.0125844,1414 1468 1467 1412 1413 1520 1521 1469 1414 -1
GCP,adapt_p35-659087696138755_a195-0_374_map.h5,27.8069,10,212,764,54.340912:195.000000,1590,True,23,13,1591,0.999967,25.3664,0,0.0129234,1545 1545 1546 1547 1593 1635 1592 1634 1633 1591 1590 1632 -1
GCP,adapt_p70-52877936550931_a168-74999999999997_337_map.h5,27.8865,10,474,771,19.471220:168.750000,1197,True,10,10,1197,0.999999,18.4015,0,0.0133412,1198 1198 1133 1132 1131 1196 1197 1261 1260 -1
GCP,adapt_p60-00000000000001_a247-49999999999997_349_map.h5,27.8883,10,694,740,30.000000:247.500000,1335,True,8,8,1335,0.999999,13.6872,0,0.0124787,1336 1336 1337 1395 1335 1393 1394 -1
GCP,adapt_p80-40593177313954_a224-99999999999997_374_map.h5,24.6737,10,59,1191,9.594069:225.000000,1076,False,344,10,1016,0.476351,20.8085,0,0.0238678,1276 1015 948 949 1016 1083 1084 1017 1085 -1
GCP,adapt_p80-40593177313954_a0-0_320_map.h5,26.8775,10,606,1060,9.594069:0.000000,1034,True,12,12,1034,0.999999,23.5035,0,0.0132839,1101 1101 1100 1166 1034 1033 967 1035 1102 1036 968 -1
GCP,adapt_p80-40593177313954_a157-5_583_map.h5,26.864,10,637,1087,9.594069:157.500000,1063,True,14,13,1064,0.999998,25.7814,0,0.0128194,1129 1129 1195 1128 1062 1063 996 997 1064 1130 1065 1131 -1
GCP,adapt_p48-18968510422141_a146-25_269_map.h5,25.8461,10,459,1455,41.810314:146.250000,1488,True,16,12,1538,0.999982,23.4084,0,0.0127272,1537 1537 1487 1434 1486 1538 1584 1585 1539 1488 1489 -1
GCP,adapt_p48-18968510422141_a168-74999999999997_53_map.h5,26.7819,10,340,1207,41.810314:168.750000,1491,True,27,13,1491,0.999215,25.551,0,0.0128628,1440 1440 1439 1438 1492 1493 1543 1542 1491 1437 1490 1541 -1
GCP,adapt_p60-00000000000001_a90-0_65_map.h5,28.5658,10,152,382,30.000000:90.000000,1309,True,55,13,1426,0.949042,27.3989,0,0.0129931,1308 1309 1369 1427 1481 1579 1533 1532 1480 1426 1368 1425 -1
GCP,adapt_p80-40593177313954_a224-99999999999997_144_map.h5,26.6861,10,201,1145,9.594069:225.000000,1076,True,37,13,1143,0.996029,25.5991,0,0.0126436,1206 1206 1207 1208 1144 1078 1143 1077 1076 1142 1141 1075 -1
GCP,adapt_p60-00000000000001_a247-49999999999997_506_map.h5,26.866,10,559,1106,30.000000:247.500000,1335,True,12,12,1394,0.999999,23.2745,0,0.0128033,1335 1335 1275 1274 1336 1337 1395 1451 1450 1394 1393 -1
GCP,adapt_p48-18968510422141_a348-74999999999994_449_map.h5,26.8153,10,282,1058,41.810314:348.750000,1517,True,23,13,1466,0.999696,25.2886,0,0.0125739,1566 1566 1518 1466 1412 1411 1410 1409 1465 1517 1516 1464 -1
GCP,adapt_p48-18968510422141_a146-25_491_map.h5,26.8612,10,389,1164,41.810314:146.250000,1488,True,12,12,1487,0.999999,22.7507,0,0.0125419,1434 1434 1435 1488 1539 1538 1487 1537 1486 1433 1432 -1
GCP,adapt_p80-40593177313954_a0-0_538_map.h5,25.4233,10,154,1148,9.594069:0.000000,1034,False,236,9,1039,0.570426,25.1525,0,0.0178824,968 1038 1039 1040 1106 1100 1405 1461 -1
GCP,adapt_p48-18968510422141_a11-25_18_map.h5,25.2732,10,135,1489,41.810314:11.250000,1468,True,90,11,1468,0.970816,23.2626,0,0.0135524,1523 1521 1469 1520 1518 1412 1413 1467 1468 1414 -1
GCP,adapt_p80-40593177313954_a270-0_218_map.h5,26.7627,10,76,392,9.594069:270.000000,1084,False,351,12,1796,0.829854,26.6215,0,0.0248593,1459 1789 1788 1787 1795 1796 1797 1792 1790 1791 1781 -1
GCP,adapt_p80-40593177313954_a180-0_350_map.h5,26.873,10,551,1180,9.594069:180.000000,1067,True,12,12,1068,0.999999,23.4818,0,0.0128276,1135 1135 1070 1136 1069 1134 1133 1067 1000 1068 1001 -1
GCP,adapt_p48-18968510422141_a33-75_531_map.h5,26.8777,10,452,1065,41.810314:33.750000,1471,True,12,12,1471,0.999999,22.9958,0,0.0131216,1416 1416 1417 1472 1524 1523 1471 1470 1415 1469 1522 -1
GCP,adapt_p11-715852394892384_a225-0_261_map.h5,26.8688,10,593,1081,78.284149:225.000000,1774,True,12,12,1774,0.999999,22.5945,0,0.012944,1757 1757 1758 1776 1789 1788 1787 1773 1774 1775 1756 -1
GCP,adapt_p23-556464309101234_a157-5_434_map.h5,27.7281,10,215,754,66.443535:157.500000,1701,True,36,13,1699,0.998046,24.9998,0,0.0127555,1727 1727 1699 1698 1663 1664 1665 1666 1700 1728 1729 1701 -1
GCP,adapt_p70-52877936550931_a236-25_115_map.h5,26.845,10,550,1123,19.471220:236.250000,1209,True,13,13,1209,0.999999,25.8844,0,0.0128262,1208 1208 1144 1145 1210 1273 1272 1209 1143 1207 1270 1271 -1
GCP,adapt_p60-00000000000001_a247-49999999999997_514_map.h5,28.7771,10,206,376,30.000000:247.500000,1335,False,24,14,1211,0.999433,28.499,0,0.0125927,1213 1213 1275 1336 1276 1212 1147 1146 1211 1145 1210 1273 1274 -1
GCP,adapt_p80-40593177313954_a247-49999999999997_289_map.h5,27.7403,10,210,799,9.594069:247.500000,1080,True,29,13,1080,0.998752,25.801,0,0.0125364,1082 1082 1013 1014 1081 1147 1146 1080 1012 1079 1011 1078 -1
GCP,adapt_p11-715852394892384_a225-0_391_map.h5,25.8476,10,477,1449,78.284149:225.000000,1774,True,18,14,1787,0.999988,25.8416,0,0.0132491,1773 1773 1772 1786 1787 1793 1794 1795 1796 1789 1788 1774 1775 -1
GCP,adapt_p35-659087696138755_a315-0_288_map.h5,27.8971,10,772,726,54.340912:315.000000,1605,True,8,8,1605,0.999999,13.7376,0,0.0127118,1606 1606 1646 1604 1605 1562 1561 -1
GCP,adapt_p35-659087696138755_a344-99999999999994_41_map.h5,27.8152,10,235,733,54.340912:345.000000,1609,True,22,13,1517,0.999886,26.2635,0,0.0125227,1610 1610 1518 1466 1465 1517 1566 1519 1567 1609 1565 1516 -1
GCP,adapt_p35-659087696138755_a255-00000000000003_118_map.h5,25.7442,10,188,1434,54.340912:255.000000,1598,True,31,13,1638,0.999026,25.4922,0,0.0126112,1640 1640 1676 1675 1638 1637 1595 1596 1639 1598 1597 1552 -1
GCP,adapt_p35-659087696138755_a344-99999999999994_262_map.h5,26.8731,10,549,1098,54.340912:345.000000,1609,True,11,11,1649,0.999998,20.5889,0,0.0126277,1609 1609 1608 1607 1648 1684 1685 1649 1686 1650 -1
GCP,adapt_p80-40593177313954_a247-49999999999997_129_map.h5,26.8583,10,531,1037,9.594069:247.500000,1080,True,17,13,1144,0.999994,25.6286,0,0.0125293,1077 1077 1078 1143 1142 1208 1209 1144 1210 1145 1079 1080 -1
GCP,adapt_p35-659087696138755_a315-0_225_map.h5,26.8534,10,710,1045,54.340912:315.000000,1605,True,8,8,1605,0.999999,13.6455,0,0.0124534,1646 1646 1645 1604 1647 1606 1605 -1
GCP,adapt_p80-40593177313954_a247-49999999999997_120_map.h5,26.7832,10,294,1056,9.594069:247.500000,1080,True,18,13,1081,0.999989,25.9226,0,0.0125734,1146 1146 1147 1145 1079 1012 1080 1013 1081 1014 1082 1148 -1
GCP,adapt_p80-40593177313954_a180-0_478_map.h5,26.7761,10,346,1176,9.594069:180.000000,1067,True,25,13,1067,0.997285,25.8591,0,0.0127322,1134 1134 1067 999 998 1066 1132 1133 1068 1069 1001 1000 -1
GCP,adapt_p70-52877936550931_a168-74999999999997_413_map.h5,26.8794,10,650,1061,19.471220:168.750000,1197,True,10,10,1197,0.999998,18.2454,0,0.0124898,1196 1196 1131 1197 1259 1260 1261 1198 1132 -1
GCP,adapt_p23-556464309101234_a247-49999999999997_92_map.h5,26.8579,10,500,1151,66.443535:247.500000,1708,True,11,11,1675,0.999999,20.0613,0,0.0128524,1638 1638 1637 1674 1675 1708 1709 1676 1639 1640 -1
GCP,adapt_p60-00000000000001_a0-0_518_map.h5,26.8811,10,407,1100,30.000000:0.000000,1294,True,12,12,1411,0.999998,23.8586,0,0.0126472,1294 1294 1355 1413 1412 1354 1295 1411 1353 1410 1466 -1
GCP,adapt_p48-18968510422141_a11-25_405_map.h5,27.8309,10,285,684,41.810314:11.250000,1468,True,20,13,1468,0.999937,25.7124,0,0.0128922,1521 1521 1568 1567 1519 1520 1469 1414 1468 1467 1413 1412 -1
GCP,adapt_p48-18968510422141_a33-75_585_map.h5,26.7873,10,204,1125,41.810314:33.750000,1471,True,25,13,1523,0.999199,25.2282,0,0.0125013,1472 1472 1471 1416 1470 1469 1522 1569 1570 1523 1524 1571 -1
GCP,adapt_p60-00000000000001_a202-49999999999997_131_map.h5,27.8884,10,760,731,30.000000:202.500000,1328,True,10,10,1328,0.999999,18.493,0,0.012417,1327 1327 1266 1265 1328 1329 1387 1386 1385 -1
GCP,adapt_p60-00000000000001_a180-0_566_map.h5,27.8263,10,222,755,30.000000:180.000000,1324,True,17,13,1382,0.999968,25.2982,0,0.0125504,1322 1322 1380 1437 1438 1381 1323 1261 1324 1383 1382 1439 -1
GCP,adapt_p48-18968510422141_a11-25_526_map.h5,26.0404,10,99,1165,41.810314:11.250000,1468,False,137,10,1750,0.965939,24.6742,0,0.0143287,1295 1768 1769 1749 1724 1695 1725 1750 1751 -1
GCP,adapt_p60-00000000000001_a90-0_271_map.h5,26.8639,10,444,1160,30.000000:90.000000,1309,True,14,13,1369,0.999996,25.5805,0,0.0129193,1310 1310 1369 1426 1427 1370 1311 1247 1246 1309 1368 1367 -1
GCP,adapt_p35-659087696138755_a105-0_419_map.h5,26.8466,10,482,1117,54.340912:105.000000,1579,True,14,13,1579,0.999998,25.0453,0,0.0131823,1622 1622 1623 1661 1662 1624 1581 1580 1579 1578 1532 1533 -1
GCP,adapt_p60-00000000000001_a0-0_125_map.h5,27.8423,10,301,759,30.000000:0.000000,1294,True,17,13,1294,0.999996,25.8961,0,0.0124966,1354 1354 1231 1232 1296 1355 1295 1294 1293 1292 1353 1411 -1
GCP,adapt_p35-659087696138755_a105-0_192_map.h5,26.8437,10,340,1190,54.340912:105.000000,1579,True,19,13,1622,0.999993,25.4436,0,0.0131232,1580 1580 1624 1623 1579 1578 1577 1621 1622 1661 1660 1659 -1
GCP,adapt_p60-00000000000001_a247-49999999999997_191_map.h5,27.8955,10,716,693,30.000000:247.500000,1335,True,9,9,1335,0.999999,15.5771,0,0.0132552,1393 1393 1394 1336 1335 1334 1273 1274 -1
GCP,adapt_p70-52877936550931_a168-74999999999997_240_map.h5,26.858,10,468,1135,19.471220:168.750000,1197,True,14,13,1197,0.999998,25.4584,0,0.0127845,1260 1260 1259 1195 1129 1130 1196 1197 1131 1132 1198 1261 -1
GCP,adapt_p60-00000000000001_a0-0_106_map.h5,27.3859,10,85,751,30.000000:0.000000,1294,True,89,12,1294,0.950797,25.5037,0,0.0138352,1297 1295 1354 1411 1353 1352 1292 1294 1231 1293 1167 -1
GCP,adapt_p48-18968510422141_a78-75_21_map.h5,27.8692,10,696,744,41.810314:78.750000,1478,True,8,8,1478,0.999999,13.2369,0,0.0126329,1424 1424 1425 1478 1529 1477 1423 -1
GCP,adapt_p48-18968510422141_a56-24999999999999_133_map.h5,28.8673,10,401,337,41.810314:56.250000,1475,True,14,14,1419,0.999999,28.3778,0,0.0124965,1474 1474 1421 1475 1420 1362 1361 1419 1526 1525 1473 1472 1418 -1
GCP,adapt_p80-40593177313954_a292-5_30_map.h5,26.8583,10,548,1110,9.594069:292.500000,1088,True,13,13,1089,0.999999,26.2306,0,0.0125606,1090 1090 1021 1022 1089 1156 1155 1154 1088 1020 1087 1153 -1
GCP,adapt_p11-715852394892384_a225-0_116_map.h5,26.8828,10,491,1127,78.284149:225.000000,1774,True,11,11,1774,0.999999,19.7233,0,0.0129689,1787 1787 1788 1775 1758 1757 1756 1755 1773 1774 -1
GCP,adapt_p70-52877936550931_a281-24999999999994_566_map.h5,27.7611,10,233,759,19.471220:281.250000,1217,True,29,14,1218,0.998576,27.5441,0,0.0127117,1216 1216 1217 1152 1153 1218 1219 1281 1342 1341 1280 1279 1340 -1
GCP,adapt_p60-00000000000001_a112-49999999999999_296_map.h5,26.8713,10,465,1171,30.000000:112.500000,1313,True,12,12,1372,0.999999,23.3187,0,0.0124554,1371 1371 1430 1429 1372 1373 1314 1251 1250 1313 1312 -1
GCP,adapt_p23-556464309101234_a67-5_300_map.h5,26.8632,10,437,1105,66.443535:67.500000,1693,True,14,13,1693,0.999998,25.8647,0,0.0126311,1657 1657 1619 1658 1694 1693 1656 1692 1723 1722 1721 1691 -1
GCP,adapt_p60-00000000000001_a45-0_62_map.h5,28.8433,10,390,395,30.000000:45.000000,1301,True,18,14,1302,0.999993,28.6819,0,0.0124336,1303 1303 1361 1362 1302 1238 1301 1300 1237 1175 1176 1239 1240 -1
GCP,adapt_p60-00000000000001_a315-0_490_map.h5,26.885,10,838,1077,30.000000:315.000000,1346,True,8,8,1346,0.999999,12.9841,0,0.0127735,1347 1347 1405 1404 1346 1285 1286 -1
GCP,adapt_p48-18968510422141_a56-24999999999999_549_map.h5,26.8684,10,538,1131,41.810314:56.250000,1475,True,10,10,1420,0.999999,17.601,0,0.0123411,1419 1419 1361 1362 1420 1474 1475 1421 1363 -1
GCP,adapt_p35-659087696138755_a165-0_98_map.h5,26.7546,10,188,1105,54.340912:165.000000,1587,False,31,13,1666,0.999443,25.5164,0,0.013132,1699 1699 1664 1700 1701 1702 1667 1629 1628 1666 1665 1627 -1
GCP,adapt_p80-40593177313954_a292-5_420_map.h5,27.882,10,544,736,9.594069:292.500000,1088,True,10,10,1088,0.999999,19.4981,0,0.012818,1154 1155 1089 1021 1020 1087 1153 1088 1154 -1
GCP,adapt_p60-00000000000001_a157-5_349_map.h5,28.8656,10,289,408,30.000000:157.500000,1320,True,14,14,1258,0.999999,28.1048,0,0.0133061,1319 1319 1378 1379 1321 1259 1196 1195 1194 1257 1258 1320 1256 -1
GCP,adapt_p35-659087696138755_a105-0_351_map.h5,27.8809,10,369,712,54.340912:105.000000,1579,True,11,11,1623,0.999999,20.6929,0,0.0128333,1580 1580 1622 1578 1579 1623 1661 1662 1624 1581 -1
GCP,adapt_p70-52877936550931_a56-24999999999999_457_map.h5,26.8607,10,419,1095,19.471220:56.250000,1177,True,13,13,1110,0.999998,25.6864,0,0.0130849,1176 1176 1111 1045 1112 1178 1177 1110 1044 1043 1109 1175 -1
GCP,adapt_p60-00000000000001_a292-5_524_map.h5,28.7048,10,203,340,30.000000:292.500000,1343,True,38,14,1343,0.997431,27.6819,0,0.0129318,1345 1345 1283 1344 1402 1401 1343 1282 1219 1218 1280 1281 1342 -1
GCP,adapt_p70-52877936550931_a326-24999999999994_178_map.h5,26.8839,10,569,1178,19.471220:326.250000,1225,True,11,11,1160,0.999999,20.9715,0,0.0138612,1224 1224 1225 1287 1223 1158 1159 1094 1160 1161 -1
GCP,adapt_p70-52877936550931_a33-75_579_map.h5,26.8353,10,447,1104,19.471220:33.750000,1173,True,17,13,1237,0.999993,25.71,0,0.0125027,1175 1175 1108 1174 1238 1239 1301 1300 1237 1236 1173 1172 -1
GCP,adapt_p60-00000000000001_a180-0_392_map.h5,27.8873,10,733,705,30.000000:180.000000,1324,True,8,8,1383,0.999999,13.2285,0,0.0124663,1324 1324 1323 1382 1383 1325 1384 -1
GCP,adapt_p70-52877936550931_a236-25_403_map.h5,26.8624,10,462,1081,19.471220:236.250000,1209,True,15,13,1272,0.999998,25.9535,0,0.0124253,1210 1210 1272 1333 1271 1208 1209 1334 1335 1273 1274 1211 -1
GCP,adapt_p60-00000000000001_a202-49999999999997_398_map.h5,26.868,10,735,1004,30.000000:202.500000,1328,True,11,11,1328,0.999999,20.975,0,0.0127538,1327 1327 1266 1265 1328 1267 1329 1387 1386 1385 -1
GCP,adapt_p23-556464309101234_a247-49999999999997_496_map.h5,25.8341,10,402,1487,66.443535:247.500000,1708,True,17,13,1709,0.999943,24.8254,0,0.0126924,1675 1675 1676 1677 1678 1711 1710 1737 1736 1709 1708 1735 -1
GCP,adapt_p48-18968510422141_a56-24999999999999_137_map.h5,27.7869,10,269,785,41.810314:56.250000,1475,True,23,14,1476,0.99964,27.7282,0,0.01291,1477 1477 1529 1528 1476 1527 1526 1474 1420 1475 1421 1422 1423 -1
GCP,adapt_p35-659087696138755_a135-0_251_map.h5,25.7481,10,360,1470,54.340912:135.000000,1583,True,26,12,1625,0.998948,23.4804,0,0.0127155,1582 1582 1624 1662 1581 1625 1663 1698 1664 1626 1583 -1
GCP,adapt_p60-00000000000001_a337-49999999999994_11_map.h5,28.8552,10,200,358,30.000000:337.500000,1350,True,15,14,1408,0.999999,28.6423,0,0.0125945,1350 1350 1349 1407 1463 1290 1351 1408 1464 1465 1409 1410 1352 -1
GCP,adapt_p48-18968510422141_a281-24999999999994_523_map.h5,28.8607,10,344,382,41.810314:281.250000,1507,True,15,14,1455,0.999999,27.4755,0,0.0130868,1507 1507 1557 1508 1509 1457 1456 1400 1399 1455 1454 1398 1397 -1
GCP,adapt_p80-40593177313954_a0-0_262_map.h5,27.858,10,377,778,9.594069:0.000000,1034,True,15,13,1099,0.999997,26.8907,0,0.0127766,1031 1031 1097 1098 1032 1100 1033 967 1034 1166 1099 1165 -1
GCP,adapt_p23-556464309101234_a292-5_299_map.h5,26.8388,10,442,1148,66.443535:292.500000,1712,True,18,13,1739,0.999992,25.0291,0,0.0130095,1681 1681 1682 1714 1740 1713 1739 1738 1711 1712 1680 1679 -1
GCP,adapt_p80-40593177313954_a247-49999999999997_293_map.h5,27.5377,10,264,701,9.594069:247.500000,1080,True,54,13,1145,0.985298,27.1993,0,0.0130791,1077 1143 1144 1078 1209 1210 1211 1145 1079 1080 1146 1147 -1
GCP,adapt_p80-40593177313954_a224-99999999999997_454_map.h5,25.7321,10,294,1487,9.594069:225.000000,1076,True,33,13,1077,0.99499,25.3013,0,0.0126641,1078 1078 1077 1143 1142 1076 1075 1008 942 1009 1010 943 -1
GCP,adapt_p23-556464309101234_a337-5_582_map.h5,28.7944,10,184,351,66.443535:337.500000,1716,True,26,14,1764,0.999484,27.6456,0,0.0124649,1765 1765 1780 1779 1763 1741 1716 1717 1718 1743 1742 1764 1744 -1
GCP,adapt_p48-18968510422141_a101-24999999999999_73_map.h5,27.8954,10,666,728,41.810314:101.250000,1481,True,9,9,1427,0.999998,15.495,0,0.0134043,1481 1481 1482 1428 1370 1369 1427 1426 -1
GCP,adapt_p80-40593177313954_a135-0_321_map.h5,26.8477,10,640,1071,9.594069:135.000000,1059,True,13,13,1059,0.999999,25.8298,0,0.0131012,992 992 1058 1124 1057 990 991 1059 1125 1126 1060 993 -1
GCP,adapt_p48-18968510422141_a303-75_92_map.h5,26.5739,10,159,1150,41.810314:303.750000,1510,True,59,13,1509,0.981678,25.6122,0,0.0128698,1602 1602 1559 1510 1511 1458 1457 1509 1558 1557 1508 1507 -1
GCP,adapt_p60-00000000000001_a22-5_223_map.h5,28.2717,10,58,427,30.000000:22.500000,1298,False,96,13,1043,0.756135,26.7733,0,0.0140938,977 1044 976 975 1043 1109 1108 1042 974 1041 1107 1173 -1
GCP,adapt_p70-52877936550931_a33-75_34_map.h5,26.8775,10,500,1136,19.471220:33.750000,1173,True,10,10,1173,0.999998,18.5454,0,0.0123084,1172 1172 1107 1106 1173 1174 1237 1236 1235 -1
GCP,adapt_p70-52877936550931_a348-74999999999994_449_map.h5,27.6275,10,249,755,19.471220:348.750000,1229,True,53,13,1167,0.992181,26.9181,0,0.0132536,1292 1229 1228 1163 1164 1165 1230 1166 1167 1101 1168 1169 -1
GCP,adapt_p80-40593177313954_a224-99999999999997_83_map.h5,28.8444,10,356,393,9.594069:225.000000,1076,True,17,14,1075,0.999994,28.1995,0,0.0123784,1077 1077 1142 1141 1075 1008 1076 1143 1208 1207 1206 1140 1074 -1
GCP,adapt_p35-659087696138755_a195-0_146_map.h5,26.8506,10,405,1136,54.340912:195.000000,1590,True,15,13,1633,0.999993,25.3683,0,0.0131688,1634 1634 1591 1592 1635 1672 1671 1704 1670 1633 1632 1590 -1
GCP,adapt_p60-00000000000001_a270-0_280_map.h5,25.5008,10,136,1446,30.000000:270.000000,1339,False,63,12,1603,0.968685,25.0423,0,0.0130242,1512 1560 1604 1644 1601 1557 1558 1602 1603 1559 1510 -1
GCP,adapt_p48-18968510422141_a11-25_154_map.h5,26.8613,10,479,1074,41.810314:11.250000,1468,True,13,13,1414,0.999999,26.6383,0,0.0124764,1469 1469 1416 1415 1356 1357 1470 1521 1468 1414 1413 1355 -1
GCP,adapt_p60-00000000000001_a45-0_581_map.h5,26.8271,10,486,1124,30.000000:45.000000,1301,True,10,10,1238,0.999999,18.4891,0,0.0126825,1237 1237 1175 1174 1238 1239 1302 1301 1300 -1
GCP,adapt_p35-659087696138755_a315-0_109_map.h5,27.8884,10,584,737,54.340912:315.000000,1605,True,11,11,1605,0.999999,20.3301,0,0.0123912,1606 1606 1562 1561 1560 1604 1645 1646 1605 1647 -1
GCP,adapt_p35-659087696138755_a135-0_158_map.h5,26.8569,10,374,1186,54.340912:135.000000,1583,True,15,13,1584,0.999996,25.5671,0,0.0128916,1627 1627 1583 1537 1582 1625 1626 1584 1538 1539 1585 1628 -1
GCP,adapt_p70-52877936550931_a281-24999999999994_211_map.h5,26.7972,10,423,1137,19.471220:281.250000,1217,True,22,13,1217,0.999144,25.5456,0,0.0125414,1152 1152 1218 1217 1151 1216 1279 1278 1215 1150 1149 1214 -1
GCP,adapt_p70-52877936550931_a258-75_309_map.h5,26.8822,10,602,1051,19.471220:258.750000,1213,True,12,12,1214,0.999999,24.8744,0,0.012594,1277 1214 1149 1150 1215 1213 1148 1212 1275 1276 1277 -1
GCP,adapt_p80-40593177313954_a45-0_565_map.h5,26.4685,10,115,1117,9.594069:45.000000,1042,False,75,12,1235,0.945967,25.3032,0,0.0132803,1103 1105 1171 1234 1298 1299 1236 1173 1235 1172 1106 -1
GCP,adapt_p80-40593177313954_a22-5_196_map.h5,27.8409,10,483,755,9.594069:22.500000,1038,True,16,13,1039,0.999985,25.9213,0,0.012836,970 970 971 1038 1037 1104 1105 1039 972 1106 1040 973 -1
GCP,adapt_p48-18968510422141_a348-74999999999994_538_map.h5,27.8973,10,690,743,41.810314:348.750000,1517,True,8,8,1465,0.999999,13.597,0,0.0125091,1517 1517 1466 1465 1565 1516 1464 -1
GCP,adapt_p48-18968510422141_a191-25_39_map.h5,28.715,10,110,348,41.810314:191.250000,1494,False,39,14,1496,0.995237,27.5378,0,0.0128133,1592 1592 1591 1590 1545 1495 1443 1496 1546 1547 1497 1444 1445 -1
GCP,adapt_p60-00000000000001_a202-49999999999997_562_map.h5,26.8811,10,568,1093,30.000000:202.500000,1328,True,11,11,1327,0.999999,20.5708,0,0.0127409,1265 1265 1264 1326 1327 1266 1328 1387 1386 1385 -1
GCP,adapt_p70-52877936550931_a326-24999999999994_456_map.h5,25.5549,10,99,1493,19.471220:326.250000,1225,True,59,12,1348,0.960034,24.4689,0,0.0127986,1405 1347 1286 1348 1287 1225 1161 1226 1289 1288 1349 -1
GCP,adapt_p80-40593177313954_a157-5_113_map.h5,26.5439,10,192,1090,9.594069:157.500000,1063,True,62,12,1062,0.95023,24.2737,0,0.0129247,1195 1129 1063 996 995 1062 1061 1060 1126 1127 1128 -1
GCP,adapt_p80-40593177313954_a180-0_461_map.h5,27.7951,10,330,721,9.594069:180.000000,1067,True,25,13,1067,0.999862,25.7495,0,0.0126739,1135 1135 1069 1000 1068 1134 1133 1067 999 1066 1132 1065 -1
GCP,adapt_p48-18968510422141_a258-75_455_map.h5,26.876,10,535,1186,41.810314:258.750000,1504,True,11,11,1503,0.999999,20.3586,0,0.0128146,1451 1451 1452 1504 1554 1553 1503 1552 1502 1450 -1
GCP,adapt_p60-00000000000001_a270-0_109_map.h5,27.8531,10,670,749,30.000000:270.000000,1339,True,9,9,1339,0.999999,15.4433,0,0.0127273,1277 1277 1338 1396 1397 1339 1278 1340 -1
GCP,adapt_p48-18968510422141_a11-25_571_map.h5,26.8793,10,556,1147,41.810314:11.250000,1468,True,10,10,1414,0.999998,18.3303,0,0.0124715,1413 1413 1467 1520 1521 1469 1415 1468 1414 -1
GCP,adapt_p48-18968510422141_a11-25_535_map.h5,25.005,10,111,1438,41.810314:11.250000,1468,False,146,11,1417,0.972999,23.8354,0,0.0147555,1231 1358 1416 1470 1417 1359 1360 1418 1472 1471 -1
GCP,adapt_p23-556464309101234_a292-5_319_map.h5,27.865,10,338,744,66.443535:292.500000,1712,True,16,14,1713,0.999998,27.8333,0,0.0128738,1740 1740 1739 1712 1680 1644 1681 1645 1646 1682 1713 1714 1715 -1
GCP,adapt_p60-00000000000001_a224-99999999999997_299_map.h5,26.7742,10,197,1170,30.000000:225.000000,1331,True,24,13,1390,0.998773,25.2851,0,0.0125921,1330 1330 1331 1270 1332 1333 1391 1390 1447 1446 1389 1388 -1
GCP,adapt_p60-00000000000001_a135-0_54_map.h5,27.8973,10,736,711,30.000000:135.000000,1316,True,7,7,1375,0.999999,11.1504,0,0.0125154,1316 1316 1376 1317 1375 1374 -1
GCP,adapt_p35-659087696138755_a255-00000000000003_159_map.h5,27.8302,10,384,735,54.340912:255.000000,1598,True,18,13,1598,0.999993,25.383,0,0.0125862,1553 1553 1552 1596 1597 1639 1598 1640 1641 1600 1599 1554 -1
GCP,adapt_p80-40593177313954_a315-0_482_map.h5,26.9223,10,70,732,9.594069:315.000000,1093,False,147,11,842,0.81902,26.0952,0,0.0144284,1363 1237 1236 1172 1173 909 841 910 842 911 -1
GCP,adapt_p48-18968510422141_a191-25_120_map.h5,26.8831,10,769,1113,41.810314:191.250000,1494,True,10,10,1494,0.999999,18.0143,0,0.0126621,1493 1493 1544 1545 1495 1442 1494 1441 1440 -1
GCP,adapt_p80-40593177313954_a292-5_474_map.h5,26.8633,10,570,1095,9.594069:292.500000,1088,True,13,12,1088,0.999998,23.8941,0,0.012497,1021 1021 1087 1153 1019 1020 1088 1154 1155 1089 1090 -1
GCP,adapt_p80-40593177313954_a337-49999999999994_513_map.h5,26.7466,10,197,1123,9.594069:337.500000,1097,True,31,13,1097,0.997759,26.3776,0,0.0131614,1031 1031 1100 1099 1165 1164 1098 1030 1029 1097 1163 1096 -1
GCP,adapt_p60-00000000000001_a202-49999999999997_310_map.h5,25.7682,10,207,1561,30.000000:202.500000,1328,True,27,13,1204,0.998698,25.6012,0,0.0135634,1268 1268 1205 1139 1204 1267 1138 1203 1202 1265 1266 1328 -1
GCP,adapt_p48-18968510422141_a348-74999999999994_375_map.h5,25.6359,10,227,1595,41.810314:348.750000,1517,True,31,13,1410,0.998611,25.3286,0,0.0128761,1351 1351 1352 1353 1411 1354 1412 1466 1410 1409 1465 1517 -1
GCP,adapt_p23-556464309101234_a112-5_330_map.h5,26.8715,10,477,1048,66.443535:112.500000,1697,True,10,10,1726,0.999998,18.1612,0,0.0123017,1725 1725 1751 1750 1726 1727 1698 1697 1696 -1
GCP,adapt_p70-52877936550931_a11-25_270_map.h5,26.8933,10,632,1112,19.471220:11.250000,1169,True,10,10,1169,0.999999,19.5162,0,0.0125076,1103 1104 1170 1233 1232 1168 1102 1169 1103 -1
GCP,adapt_p48-18968510422141_a146-25_574_map.h5,26.8854,10,507,1191,41.810314:146.250000,1488,True,10,10,1487,0.999999,17.9672,0,0.0124176,1488 1488 1435 1434 1433 1486 1537 1487 1538 -1
GCP,adapt_p80-40593177313954_a224-99999999999997_259_map.h5,26.8814,10,604,1113,9.594069:225.000000,1076,True,11,11,1076,0.999999,21.1413,0,0.0124146,1075 1075 1009 1008 1076 1141 1142 1143 1077 1010 -1
GCP,adapt_p23-556464309101234_a247-49999999999997_99_map.h5,26.8252,10,421,1156,66.443535:247.500000,1708,True,20,13,1707,0.999929,25.4814,0,0.0125257,1735 1735 1734 1733 1706 1673 1674 1707 1736 1709 1708 1675 -1
GCP,adapt_p48-18968510422141_a168-74999999999997_66_map.h5,26.856,10,473,1081,41.810314:168.750000,1491,True,17,12,1438,0.999994,23.092,0,0.0128065,1437 1437 1438 1439 1493 1543 1492 1542 1491 1490 1541 -1
GCP,adapt_p70-52877936550931_a78-75_380_map.h5,26.7441,10,266,1112,19.471220:78.750000,1181,True,28,13,1180,0.999151,24.8867,0,0.0127293,1242 1242 1179 1113 1114 1180 1243 1244 1181 1115 1116 1182 -1
GCP,adapt_p23-556464309101234_a112-5_412_map.h5,26.868,10,569,1112,66.443535:112.500000,1697,True,12,12,1697,0.999999,22.6583,0,0.0128106,1696 1696 1661 1662 1697 1663 1698 1699 1727 1726 1725 -1
GCP,adapt_p70-52877936550931_a236-25_260_map.h5,26.8451,10,411,1103,19.471220:236.250000,1209,True,17,13,1271,0.999995,25.6528,0,0.0126432,1208 1208 1207 1270 1332 1333 1271 1272 1209 1144 1273 1210 -1
GCP,adapt_p60-00000000000001_a292-5_535_map.h5,26.6826,10,142,1122,30.000000:292.500000,1343,True,44,13,1220,0.98778,26.0328,0,0.0131422,1222 1222 1221 1156 1155 1220 1284 1283 1219 1281 1282 1343 -1
GCP,adapt_p70-52877936550931_a326-24999999999994_365_map.h5,27.7733,10,218,764,19.471220:326.250000,1225,True,27,13,1287,0.999747,25.3279,0,0.0135381,1288 1288 1349 1348 1287 1347 1346 1285 1286 1223 1224 1225 -1
GCP,adapt_p35-659087696138755_a105-0_472_map.h5,20.7466,10,98,1427,54.340912:105.000000,1579,False,861,5,1360,0.237312,19.4827,0,0.0845283,1270 1301 1360 1361 -1
GCP,adapt_p70-52877936550931_a78-75_336_map.h5,26.854,10,535,1183,19.471220:78.750000,1181,True,13,13,1181,0.999999,25.6811,0,0.012751,1244 1244 1182 1116 1183 1246 1245 1181 1115 1114 1180 1243 -1
GCP,adapt_p35-659087696138755_a14-999999999999998_275_map.h5,26.8853,10,610,1120,54.340912:15.000000,1568,True,8,8,1568,0.999999,13.1865,0,0.0124724,1613 1613 1569 1568 1567 1612 1652 -1
GCP,adapt_p35-659087696138755_a344-99999999999994_36_map.h5,26.8805,10,593,1119,54.340912:345.000000,1609,True,10,10,1608,0.999999,18.2549,0,0.0122809,1649 1649 1607 1648 1608 1564 1565 1609 1650 -1
GCP,adapt_p23-556464309101234_a292-5_131_map.h5,25.844,10,377,1532,66.443535:292.500000,1712,True,13,13,1712,0.999998,25.4925,0,0.0128051,1713 1713 1712 1711 1738 1739 1681 1680 1644 1643 1679 1678 -1
GCP,adapt_p35-659087696138755_a255-00000000000003_383_map.h5,28.8763,10,334,401,54.340912:255.000000,1598,True,13,13,1639,0.999999,25.6366,0,0.0124938,1640 1640 1676 1675 1638 1596 1552 1597 1639 1598 1553 1599 -1
GCP,adapt_p48-18968510422141_a281-24999999999994_483_map.h5,25.8299,10,433,1551,41.810314:281.250000,1507,True,16,12,1509,0.99992,24.3896,0,0.0129038,1456 1457 1458 1510 1559 1558 1509 1508 1557 1507 1456 -1
GCP,adapt_p35-659087696138755_a14-999999999999998_311_map.h5,25.751,10,259,1513,54.340912:15.000000,1568,True,28,13,1569,0.999649,25.0503,0,0.01277,1612 1612 1613 1614 1570 1523 1522 1569 1568 1567 1520 1521 -1
GCP,adapt_p23-556464309101234_a292-5_55_map.h5,27.8569,10,355,782,66.443535:292.500000,1712,True,13,13,1712,0.999999,25.9385,0,0.0128425,1711 1711 1680 1681 1713 1712 1679 1710 1737 1738 1739 1761 -1
GCP,adapt_p35-659087696138755_a224-99999999999997_224_map.h5,28.6034,10,124,363,54.340912:225.000000,1594,True,56,13,1595,0.983592,27.017,0,0.0134338,1635 1594 1549 1500 1550 1595 1636 1637 1674 1638 1596 1551 -1
GCP,adapt_p23-556464309101234_a337-5_228_map.h5,27.8863,10,690,727,66.443535:337.500000,1716,True,10,10,1716,0.999999,18.1827,0,0.0124664,1717 1717 1684 1685 1716 1715 1741 1742 1743 -1
GCP,adapt_p60-00000000000001_a180-0_187_map.h5,25.7981,10,330,1443,30.000000:180.000000,1324,True,23,13,1324,0.999741,25.1197,0,0.0127076,1381 1381 1322 1323 1261 1262 1324 1382 1383 1325 1263 1264 -1
GCP,adapt_p35-659087696138755_a344-99999999999994_484_map.h5,25.7981,10,245,1545,54.340912:345.000000,1609,True,24,13,1609,0.999831,25.0179,0,0.0126517,1566 1566 1610 1611 1650 1609 1565 1564 1608 1649 1648 1607 -1
GCP,adapt_p60-00000000000001_a224-99999999999997_432_map.h5,28.7711,10,153,361,30.000000:225.000000,1331,True,29,14,1269,0.999481,27.9019,0,0.0126496,1205 1205 1267 1329 1330 1268 1206 1269 1331 1332 1271 1270 1207 -1
GCP,adapt_p35-659087696138755_a105-0_187_map.h5,26.8634,10,491,1168,54.340912:105.000000,1579,True,10,10,1623,0.999999,17.7439,0,0.0124108,1661 1661 1662 1624 1581 1580 1623 1622 1579 -1
GCP,adapt_p35-659087696138755_a344-99999999999994_31_map.h5,27.8892,10,638,736,54.340912:345.000000,1609,True,10,10,1609,0.999999,18.3811,0,0.0126021,1610 1610 1565 1566 1609 1608 1649 1650 1611 -1
GCP,adapt_p70-52877936550931_a236-25_79_map.h5,26.8511,10,431,1158,19.471220:236.250000,1209,True,16,13,1209,0.999991,25.132,0,0.0126929,1271 1271 1208 1143 1144 1145 1210 1209 1272 1273 1334 1335 -1
GCP,adapt_p60-00000000000001_a0-0_338_map.h5,26.848,10,469,1147,30.000000:0.000000,1294,True,16,13,1294,0.999998,25.8744,0,0.0128098,1295 1295 1355 1354 1231 1293 1292 1353 1294 1411 1410 1352 -1
GCP,adapt_p48-18968510422141_a191-25_321_map.h5,25.823,10,362,1406,41.810314:191.250000,1494,True,20,13,1441,0.999962,25.2651,0,0.0128295,1385 1385 1326 1384 1441 1442 1494 1493 1492 1439 1440 1383 -1
GCP,adapt_p80-40593177313954_a0-0_477_map.h5,26.8742,10,648,1092,9.594069:0.000000,1034,True,12,12,1034,0.999998,23.0658,0,0.0125899,1100 1100 1032 1033 967 1035 1034 1166 1101 1102 1036 -1
GCP,adapt_p70-52877936550931_a11-25_387_map.h5,25.3947,10,84,1450,19.471220:11.250000,1169,True,82,12,1169,0.921033,24.9473,0,0.013185,1229 1166 1101 1102 1168 1167 1231 1232 1169 1233 1170 -1
GCP,adapt_p80-40593177313954_a90-0_293_map.h5,27.7337,10,213,760,9.594069:90.000000,1051,True,33,13,1051,0.998048,25.7328,0,0.0130823,985 985 1052 1118 1117 1051 984 983 1050 1116 982 1049 -1
GCP,adapt_p70-52877936550931_a258-75_528_map.h5,26.8743,10,742,1137,19.471220:258.750000,1213,True,10,10,1213,0.999999,17.668,0,0.0124663,1214 1214 1149 1148 1213 1276 1275 1212 1147 -1
GCP,adapt_p70-52877936550931_a168-74999999999997_34_map.h5,26.8164,10,677,1061,19.471220:168.750000,1197,True,12,12,1197,0.999999,23.2417,0,0.0124408,1132 1132 1131 1196 1259 1260 1197 1133 1199 1198 1261 -1
GCP,adapt_p48-18968510422141_a78-75_94_map.h5,26.8371,10,542,1172,41.810314:78.750000,1478,True,13,13,1478,0.999998,25.6793,0,0.0126927,1530 1530 1576 1529 1479 1425 1478 1424 1423 1477 1476 1528 -1
GCP,adapt_p60-00000000000001_a315-0_236_map.h5,26.8698,10,423,1100,30.000000:315.000000,1346,True,13,13,1347,0.999999,25.8846,0,0.0128777,1348 1348 1286 1287 1347 1346 1285 1345 1403 1404 1405 1406 -1
GCP,adapt_p70-52877936550931_a168-74999999999997_504_map.h5,26.8169,10,365,1202,19.471220:168.750000,1197,True,23,13,1132,0.999777,25.6139,0,0.0128715,1067 1067 1132 1066 1133 1199 1198 1261 1260 1197 1131 1196 -1
GCP,adapt_p11-715852394892384_a315-0_333_map.h5,24.3017,10,113,1482,78.284149:315.000000,1778,False,266,9,1696,0.419927,21.8946,0,0.0198566,1589 1670 1672 1669 1702 1696 1661 1660 -1
GCP,adapt_p60-00000000000001_a315-0_475_map.h5,26.8591,10,486,1126,30.000000:315.000000,1346,True,12,12,1346,0.999999,23.3084,0,0.0127101,1404 1404 1405 1348 1287 1286 1347 1403 1345 1346 1285 -1
GCP,adapt_p48-18968510422141_a101-24999999999999_439_map.h5,27.8994,10,613,791,41.810314:101.250000,1481,True,9,9,1481,0.999999,15.6757,0,0.0124055,1482 1482 1533 1532 1481 1428 1427 1480 -1
GCP,adapt_p23-556464309101234_a337-5_394_map.h5,27.8743,10,365,719,66.443535:337.500000,1716,True,12,12,1716,0.999999,23.9467,0,0.0124815,1742 1742 1715 1716 1685 1684 1741 1764 1743 1717 1687 -1
GCP,adapt_p80-40593177313954_a22-5_21_map.h5,24.6134,10,192,1408,9.594069:22.500000,1038,True,199,11,1104,0.954137,23.0064,0,0.0161558,1299 1171 1105 1039 1038 1037 1103 1169 1104 1170 -1
GCP,adapt_p60-00000000000001_a180-0_315_map.h5,26.8363,10,222,1102,30.000000:180.000000,1324,True,18,13,1325,0.999984,25.3043,0,0.0124973,1384 1384 1385 1327 1326 1264 1325 1263 1262 1324 1383 1382 -1
GCP,adapt_p48-18968510422141_a56-24999999999999_433_map.h5,26.8724,10,477,1045,41.810314:56.250000,1475,True,11,11,1420,0.999999,20.7682,0,0.0124649,1421 1421 1420 1474 1419 1473 1525 1526 1475 1422 -1
GCP,adapt_p48-18968510422141_a146-25_458_map.h5,25.8388,10,289,1525,41.810314:146.250000,1488,True,15,13,1538,0.999997,25.0696,0,0.0130291,1537 1537 1486 1433 1434 1487 1538 1488 1539 1585 1584 1583 -1
GCP,adapt_p70-52877936550931_a348-74999999999994_68_map.h5,27.8842,10,525,695,19.471220:348.750000,1229,True,9,9,1229,0.999999,15.6838,0,0.0125344,1165 1165 1166 1230 1229 1164 1228 1163 -1
GCP,adapt_p60-00000000000001_a180-0_319_map.h5,27.7929,10,223,741,30.000000:180.000000,1324,True,24,13,1325,0.999642,25.1724,0,0.0129164,1263 1263 1262 1324 1325 1326 1385 1384 1441 1440 1383 1382 -1
GCP,adapt_p23-556464309101234_a247-49999999999997_128_map.h5,27.8068,10,263,750,66.443535:247.500000,1708,True,22,14,1735,0.99989,27.3995,0,0.0130129,1733 1733 1757 1734 1706 1707 1735 1708 1709 1736 1759 1758 1775 -1
GCP,adapt_p35-659087696138755_a14-999999999999998_141_map.h5,25.0221,10,92,1441,54.340912:15.000000,1568,False,152,11,1642,0.855689,22.711,0,0.0145944,1739 1643 1679 1678 1677 1641 1642 1601 1600 1599 -1
GCP,adapt_p11-715852394892384_a315-0_255_map.h5,27.8513,10,426,785,78.284149:315.000000,1778,True,14,14,1762,0.999998,27.8549,0,0.012511,1763 1763 1778 1777 1790 1791 1779 1762 1761 1760 1739 1740 1741 -1
GCP,adapt_p60-00000000000001_a45-0_65_map.h5,27.807,10,244,757,30.000000:45.000000,1301,True,22,13,1302,0.999519,25.2493,0,0.012787,1360 1360 1301 1238 1239 1302 1361 1303 1304 1363 1362 1420 -1
GCP,adapt_p60-00000000000001_a90-0_547_map.h5,26.8842,10,443,1145,30.000000:90.000000,1309,True,12,12,1309,0.999999,23.4478,0,0.0125713,1368 1368 1308 1245 1307 1367 1309 1246 1247 1310 1369 -1
GCP,adapt_p70-52877936550931_a236-25_33_map.h5,26.7974,10,396,1161,19.471220:236.250000,1209,True,22,13,1209,0.998373,25.4988,0,0.012425,1142 1142 1208 1143 1077 1144 1209 1272 1273 1210 1145 1211 -1
GCP,adapt_p11-715852394892384_a225-0_74_map.h5,25.8022,10,301,1494,78.284149:225.000000,1774,True,25,13,1756,0.999754,25.3658,0,0.0126512,1705 1705 1732 1756 1757 1734 1733 1704 1731 1755 1773 1774 -1
GCP,adapt_p23-556464309101234_a247-49999999999997_268_map.h5,26.8643,10,516,1050,66.443535:247.500000,1708,True,12,12,1676,0.999999,22.7938,0,0.0124896,1639 1639 1638 1674 1708 1675 1676 1709 1710 1677 1640 -1
GCP,adapt_p35-659087696138755_a105-0_567_map.h5,27.8162,10,329,691,54.340912:105.000000,1579,True,19,14,1623,0.999958,27.8076,0,0.0125848,1662 1662 1625 1663 1624 1581 1580 1623 1661 1660 1622 1579 1578 -1
GCP,adapt_p35-659087696138755_a14-999999999999998_584_map.h5,26.8915,10,620,1138,54.340912:15.000000,1568,True,7,7,1568,0.999999,10.736,0,0.0123424,1613 1613 1612 1567 1568 1569 -1
GCP,adapt_p60-00000000000001_a135-0_12_map.h5,26.4007,10,113,685,30.000000:135.000000,1316,False,244,12,1371,0.741838,25.6158,0,0.0178719,1189 1313 1372 1373 1431 1430 1371 1312 1370 1428 1429 -1
GCP,adapt_p80-40593177313954_a135-0_591_map.h5,25.7953,10,93,1183,9.594069:135.000000,1059,True,181,11,862,0.710347,25.4306,0,0.0153641,1191 991 990 1058 1059 992 1060 861 862 863 -1
GCP,adapt_p60-00000000000001_a22-5_564_map.h5,27.8212,10,289,788,30.000000:22.500000,1298,True,18,13,1298,0.99996,25.5381,0,0.0125827,1296 1296 1233 1234 1297 1356 1298 1235 1236 1299 1358 1357 -1
GCP,adapt_p48-18968510422141_a101-24999999999999_78_map.h5,27.8914,10,602,726,41.810314:101.250000,1481,True,9,9,1481,0.999999,16.0052,0,0.0124211,1482 1482 1429 1483 1533 1481 1427 1428 -1
GCP,adapt_p48-18968510422141_a101-24999999999999_344_map.h5,26.8803,10,653,1097,41.810314:101.250000,1481,True,11,11,1427,0.999999,20.4975,0,0.0124831,1481 1481 1428 1429 1482 1533 1532 1480 1426 1427 -1
GCP,adapt_p23-556464309101234_a292-5_475_map.h5,26.669,10,155,1119,66.443535:292.500000,1712,True,46,13,1737,0.987219,26.6623,0,0.0137714,1761 1760 1739 1738 1712 1711 1678 1677 1710 1737 1736 1709 -1
GCP,adapt_p11-715852394892384_a45-0_324_map.h5,23.938,10,95,1499,78.284149:45.000000,1766,False,286,8,911,0.468975,21.0956,0,0.0206524,1413 1233 1232 1296 1297 911 912 -1
GCP,adapt_p70-52877936550931_a78-75_245_map.h5,27.7791,10,282,770,19.471220:78.750000,1181,True,23,13,1181,0.999791,25.5901,0,0.0126434,1115 1115 1180 1243 1179 1113 1114 1181 1244 1245 1182 1116 -1
GCP,adapt_p70-52877936550931_a101-24999999999999_393_map.h5,26.8741,10,627,1118,19.471220:101.250000,1185,True,10,10,1186,0.999999,18.5816,0,0.0126654,1250 1250 1249 1248 1185 1186 1251 1188 1187 -1
GCP,adapt_p48-18968510422141_a78-75_302_map.h5,27.8974,10,673,727,41.810314:78.750000,1478,True,10,10,1478,0.999999,17.8719,0,0.0124236,1425 1425 1424 1423 1477 1529 1530 1478 1479 -1
GCP,adapt_p70-52877936550931_a303-75_407_map.h5,26.8424,10,679,1082,19.471220:303.750000,1221,True,13,13,1221,0.999999,25.1255,0,0.0133719,1283 1283 1284 1222 1157 1156 1221 1220 1155 1154 1219 1282 -1
GCP,adapt_p35-659087696138755_a75-0_556_map.h5,26.845,10,460,1137,54.340912:75.000000,1576,True,12,12,1576,0.999997,23.2148,0,0.0127902,1529 1529 1577 1530 1576 1620 1619 1575 1528 1574 1527 -1
GCP,adapt_p60-00000000000001_a0-0_486_map.h5,26.8653,10,639,1085,30.000000:0.000000,1294,True,11,11,1411,0.999999,20.5581,0,0.0124761,1354 1354 1295 1231 1293 1294 1353 1410 1411 1412 -1
GCP,adapt_p48-18968510422141_a303-75_38_map.h5,25.8179,10,381,1528,41.810314:303.750000,1510,True,20,12,1459,0.999898,24.2079,0,0.0128652,1460 1512 1561 1560 1511 1460 1459 1403 1458 1510 1559 -1
GCP,adapt_p80-40593177313954_a112-49999999999999_276_map.h5,28.8673,10,396,374,9.594069:112.500000,1055,True,13,13,1055,0.999998,26.2356,0,0.0124722,988 988 1057 1123 1056 1122 1121 1120 1055 987 1054 1053 -1
GCP,adapt_p60-00000000000001_a45-0_83_map.h5,27.3467,10,70,401,30.000000:45.000000,1301,True,247,12,1301,0.870205,26.6244,0,0.0179113,1176 1238 1237 1300 1359 1360 1301 1361 1302 1180 1114 -1
GCP,adapt_p70-52877936550931_a236-25_254_map.h5,26.8272,10,570,1096,19.471220:236.250000,1209,True,18,13,1209,0.999927,26.1108,0,0.0125909,1208 1208 1207 1271 1272 1273 1209 1143 1144 1145 1210 1211 -1
GCP,adapt_p23-556464309101234_a292-5_209_map.h5,26.8738,10,521,1097,66.443535:292.500000,1712,True,12,12,1739,0.999999,23.0044,0,0.0129501,1712 1712 1713 1740 1762 1761 1760 1737 1738 1739 1711 -1
GCP,adapt_p60-00000000000001_a45-0_461_map.h5,28.3375,10,102,365,30.000000:45.000000,1301,True,97,11,1301,0.974701,26.5999,0,0.0132485,1783 1301 1238 1237 1300 1359 1360 1361 1302 1239 -1
GCP,adapt_p60-00000000000001_a0-0_303_map.h5,26.8859,10,596,1061,30.000000:0.000000,1294,True,12,12,1295,0.999999,23.4826,0,0.0129471,1354 1354 1353 1411 1294 1293 1231 1295 1355 1296 1232 -1
GCP,adapt_p48-18968510422141_a123-74999999999999_159_map.h5,26.8854,10,450,1092,41.810314:123.750000,1484,True,11,11,1485,0.999999,21.0262,0,0.0123871,1431 1431 1430 1432 1433 1486 1485 1536 1484 1535 -1
GCP,adapt_p23-556464309101234_a112-5_195_map.h5,26.8271,10,394,1169,66.443535:112.500000,1697,True,17,13,1662,0.999984,25.408,0,0.012663,1623 1623 1660 1622 1661 1696 1725 1726 1697 1662 1624 1663 -1
GCP,adapt_p35-659087696138755_a285-0_200_map.h5,25.8437,10,456,1471,54.340912:285.000000,1601,True,13,12,1601,0.999998,22.7494,0,0.0130819,1600 1600 1555 1506 1507 1556 1557 1601 1642 1643 1602 -1
GCP,adapt_p48-18968510422141_a213-75_404_map.h5,28.8081,10,352,380,41.810314:213.750000,1497,True,16,14,1446,0.999997,28.4441,0,0.0126665,1447 1447 1499 1549 1500 1446 1389 1445 1444 1497 1547 1498 1548 -1
GCP,adapt_p80-40593177313954_a135-0_531_map.h5,26.831,10,604,1157,9.594069:135.000000,1059,True,15,13,1059,0.999995,25.5058,0,0.0126911,1125 1125 1124 1123 1122 1056 1057 1058 1059 1126 1060 992 -1
GCP,adapt_p80-40593177313954_a337-49999999999994_392_map.h5,26.8601,10,565,1190,9.594069:337.500000,1097,True,13,13,1096,0.999998,26.6635,0,0.0127222,1029 1029 1027 1095 1161 1162 1096 1028 1030 1098 1097 1163 -1
GCP,adapt_p60-00000000000001_a22-5_67_map.h5,26.8723,10,522,1112,30.000000:22.500000,1298,True,12,12,1298,0.999999,23.3563,0,0.012444,1357 1357 1356 1296 1233 1234 1297 1358 1299 1298 1235 -1
GCP,adapt_p48-18968510422141_a78-75_208_map.h5,26.8057,10,252,1077,41.810314:78.750000,1478,True,25,13,1479,0.999914,25.4559,0,0.0130842,1426 1426 1480 1425 1424 1423 1477 1529 1530 1478 1479 1531 -1
GCP,adapt_p35-659087696138755_a224-99999999999997_20_map.h5,28.6151,10,110,380,54.340912:225.000000,1594,True,48,13,1636,0.997079,26.5145,0,0.0136308,1592 1593 1635 1672 1636 1594 1595 1637 1674 1707 1673 1706 -1
GCP,adapt_p80-40593177313954_a45-0_568_map.h5,26.8711,10,653,1061,9.594069:45.000000,1042,True,12,12,1042,0.999999,23.3659,0,0.0127302,1108 1108 1041 1107 1042 1043 1044 1110 1176 1109 1175 -1
GCP,adapt_p48-18968510422141_a191-25_333_map.h5,26.6972,10,195,1096,41.810314:191.250000,1494,True,42,12,1441,0.989904,24.3113,0,0.0135741,1544 1494 1442 1385 1441 1384 1326 1325 1383 1440 1493 -1
GCP,adapt_p23-556464309101234_a67-5_460_map.h5,28.4977,10,103,370,66.443535:67.500000,1693,True,78,13,1721,0.961379,26.1293,0,0.0140413,1749 1748 1747 1767 1766 1746 1720 1721 1722 1693 1692 1691 -1
GCP,adapt_p60-00000000000001_a67-5_70_map.h5,26.8237,10,548,1084,30.000000:67.500000,1305,True,10,10,1306,0.999999,17.8316,0,0.0130661,1305 1305 1364 1365 1306 1307 1244 1243 1242 -1
GCP,adapt_p80-40593177313954_a45-0_245_map.h5,25.8219,10,437,1493,9.594069:45.000000,1042,True,17,13,1043,0.999923,25.4052,0,0.0129514,1042 1042 1041 1108 1109 1043 1110 1044 1045 1111 1112 1046 -1
GCP,adapt_p48-18968510422141_a303-75_213_map.h5,27.8753,10,522,749,41.810314:303.750000,1510,True,12,12,1510,0.999998,23.1319,0,0.0124567,1459 1459 1403 1460 1511 1560 1559 1510 1458 1509 1457 -1
GCP,adapt_p60-00000000000001_a292-5_478_map.h5,26.8388,10,457,1049,30.000000:292.500000,1343,True,18,13,1401,0.999992,25.8106,0,0.0129946,1457 1457 1458 1402 1345 1344 1343 1342 1401 1400 1456 1399 -1
GCP,adapt_p70-52877936550931_a281-24999999999994_18_map.h5,26.7975,10,494,1109,19.471220:281.250000,1217,True,17,13,1153,0.999949,25.5739,0,0.0132317,1219 1219 1220 1155 1154 1218 1217 1216 1151 1152 1153 1088 -1
GCP,adapt_p80-40593177313954_a135-0_406_map.h5,26.3951,10,206,1066,9.594069:135.000000,1059,True,84,12,1060,0.850081,25.6886,0,0.0137634,1122 1059 992 1060 993 1061 994 1062 1063 1129 1130 -1
GCP,adapt_p60-00000000000001_a45-0_204_map.h5,26.8351,10,195,1077,30.000000:45.000000,1301,True,19,13,1301,0.999986,25.7208,0,0.0126723,1359 1359 1418 1419 1361 1302 1238 1301 1360 1300 1237 1299 -1
GCP,adapt_p60-00000000000001_a0-0_459_map.h5,26.745,10,150,1103,30.000000:0.000000,1294,True,35,13,1413,0.995434,25.87,0,0.0127536,1414 1414 1296 1355 1354 1295 1294 1411 1412 1413 1468 1467 -1
GCP,adapt_p60-00000000000001_a315-0_522_map.h5,26.8794,10,619,1125,30.000000:315.000000,1346,True,11,11,1346,0.999998,20.249,0,0.0124164,1285 1285 1284 1345 1403 1346 1404 1405 1347 1286 -1
GCP,adapt_p60-00000000000001_a157-5_515_map.h5,26.8222,10,554,1114,30.000000:157.500000,1320,True,12,12,1320,0.999999,22.975,0,0.0125623,1379 1379 1436 1380 1321 1320 1258 1257 1319 1378 1377 -1
GCP,adapt_p80-40593177313954_a157-5_23_map.h5,27.7959,10,315,738,9.594069:157.500000,1063,True,21,13,1129,0.99988,25.2501,0,0.0128677,1195 1195 1130 1064 996 995 1063 1129 1194 1128 1062 1061 -1
GCP,adapt_p70-52877936550931_a213-75_424_map.h5,27.8943,10,757,704,19.471220:213.750000,1205,True,11,11,1204,0.999999,20.3587,0,0.0125185,1139 1139 1140 1205 1268 1267 1204 1266 1203 1138 -1
GCP,adapt_p80-40593177313954_a224-99999999999997_347_map.h5,23.7151,10,52,753,9.594069:225.000000,1076,False,682,5,842,0.220454,21.4437,0,0.058224,1019 964 842 843 -1
GCP,adapt_p48-18968510422141_a33-75_2_map.h5,26.8819,10,515,1090,41.810314:33.750000,1471,True,12,12,1472,0.999999,22.7705,0,0.0128998,1471 1471 1523 1570 1571 1524 1472 1417 1418 1473 1525 -1
GCP,adapt_p60-00000000000001_a0-0_156_map.h5,25.8311,10,423,1493,30.000000:0.000000,1294,True,18,13,1294,0.999983,25.3964,0,0.0126361,1292 1292 1293 1231 1294 1353 1352 1410 1411 1354 1295 1232 -1
GCP,adapt_p80-40593177313954_a135-0_69_map.h5,25.8332,10,351,1477,9.594069:135.000000,1059,True,18,13,1058,0.999986,25.4389,0,0.0125666,1124 1124 1125 1126 1060 992 1059 1058 1057 989 990 991 -1
GCP,adapt_p48-18968510422141_a258-75_130_map.h5,27.8753,10,436,753,41.810314:258.750000,1504,True,10,10,1504,0.999999,17.9052,0,0.0125416,1451 1451 1503 1553 1554 1504 1452 1505 1453 -1
GCP,adapt_p35-659087696138755_a45-0_239_map.h5,27.8934,10,566,789,54.340912:45.000000,1572,True,8,8,1572,0.999999,12.887,0,0.0123433,1573 1573 1617 1616 1572 1525 1526 -1
GCP,adapt_p70-52877936550931_a78-75_335_map.h5,25.869,10,470,1491,19.471220:78.750000,1181,True,10,10,1115,0.999998,18.0318,0,0.0127783,1114 1114 1180 1181 1115 1048 1049 1116 1182 -1
GCP,adapt_p60-00000000000001_a315-0_17_map.h5,27.8883,10,643,755,30.000000:315.000000,1346,True,9,9,1346,0.999999,15.4361,0,0.0124581,1285 1285 1286 1347 1405 1404 1346 1345 -1
GCP,adapt_p80-40593177313954_a22-5_502_map.h5,26.7428,10,194,1098,9.594069:22.500000,1038,False,30,13,1036,0.998948,25.4851,0,0.0129908,967 967 968 1035 1034 1101 1102 1036 969 1037 1103 1104 -1
GCP,adapt_p60-00000000000001_a112-49999999999999_431_map.h5,26.8452,10,358,1159,30.000000:112.500000,1313,True,18,13,1313,0.999991,25.1887,0,0.0126344,1314 1314 1373 1372 1313 1251 1250 1312 1311 1370 1371 1429 -1
GCP,adapt_p60-00000000000001_a135-0_196_map.h5,28.3864,10,136,343,30.000000:135.000000,1316,False,76,13,1533,0.98335,26.4217,0,0.0133782,1623 1580 1534 1483 1429 1428 1482 1533 1579 1578 1532 1481 -1
GCP,adapt_p48-18968510422141_a258-75_220_map.h5,27.9109,10,90,400,41.810314:258.750000,1504,False,154,13,1344,0.91572,27.7969,0,0.0148155,1089 1282 1343 1400 1457 1401 1344 1283 1284 1345 1403 1402 -1
GCP,adapt_p48-18968510422141_a236-25_59_map.h5,27.7714,10,89,412,41.810314:236.250000,1501,True,198,8,1552,0.763228,26.2041,0,0.0161293,975 1552 1502 1501 1551 1550 1500 -1
GCP,adapt_p23-556464309101234_a157-5_30_map.h5,28.8794,10,417,411,66.443535:157.500000,1701,True,13,13,1700,0.999998,25.8448,0,0.0123839,1666 1666 1699 1664 1665 1627 1628 1700 1728 1729 1701 1667 -1
GCP,adapt_p48-18968510422141_a101-24999999999999_163_map.h5,27.8624,10,227,745,41.810314:101.250000,1481,True,13,13,1428,0.999999,26.6149,0,0.0124368,1482 1482 1371 1429 1370 1369 1427 1428 1533 1481 1480 1426 -1
GCP,adapt_p60-00000000000001_a45-0_515_map.h5,26.8692,10,532,1116,30.000000:45.000000,1301,True,10,10,1301,0.999999,18.467,0,0.0126247,1302 1302 1360 1361 1301 1300 1237 1238 1239 -1
GCP,adapt_p70-52877936550931_a348-74999999999994_14_map.h5,28.7321,10,119,369,19.471220:348.750000,1229,True,32,14,1292,0.998034,28.2951,0,0.0126841,1165 1165 1164 1229 1230 1167 1293 1353 1292 1228 1291 1352 1351 -1
GCP,adapt_p60-00000000000001_a315-0_574_map.h5,26.8831,10,534,1025,30.000000:315.000000,1346,True,10,10,1347,0.999998,18.2235,0,0.0126798,1286 1286 1348 1287 1347 1405 1404 1346 1285 -1
GCP,adapt_p70-52877936550931_a123-74999999999999_498_map.h5,26.8639,10,428,1150,19.471220:123.750000,1189,True,15,13,1123,0.999998,25.7286,0,0.0128626,1190 1190 1125 1191 1124 1123 1122 1188 1251 1252 1189 1253 -1
GCP,adapt_p23-556464309101234_a202-5_121_map.h5,27.8763,10,456,752,66.443535:202.500000,1704,True,13,13,1704,0.999999,25.7411,0,0.0124979,1705 1705 1672 1671 1733 1732 1731 1703 1669 1704 1670 1633 -1
GCP,adapt_p48-18968510422141_a348-74999999999994_428_map.h5,26.8863,10,513,1078,41.810314:348.750000,1517,True,11,11,1517,0.999999,20.9256,0,0.0124427,1565 1565 1566 1518 1466 1465 1517 1516 1464 1564 -1
GCP,adapt_p80-40593177313954_a292-5_58_map.h5,26.1787,10,183,1175,9.594069:292.500000,1088,True,86,11,1021,0.989196,25.096,0,0.0130075,1504 1086 1019 953 1020 1088 1021 954 955 1022 -1
GCP,adapt_p23-556464309101234_a292-5_471_map.h5,28.8082,10,171,390,66.443535:292.500000,1712,True,25,14,1739,0.999856,27.9539,0,0.0125647,1681 1681 1712 1680 1713 1739 1738 1761 1762 1740 1741 1714 1682 -1
GCP,adapt_p48-18968510422141_a191-25_375_map.h5,26.8893,10,662,1087,41.810314:191.250000,1494,True,10,10,1494,0.999999,18.0141,0,0.0124665,1493 1493 1544 1545 1495 1442 1494 1441 1440 -1
GCP,adapt_p70-52877936550931_a303-75_300_map.h5,28.7932,10,164,353,19.471220:303.750000,1221,True,25,14,1220,0.999629,27.8677,0,0.0125822,1155 1155 1154 1218 1281 1343 1282 1219 1220 1283 1284 1221 1156 -1
GCP,adapt_p70-52877936550931_a123-74999999999999_238_map.h5,26.8683,10,454,1121,19.471220:123.750000,1189,True,15,13,1190,0.999998,25.747,0,0.012459,1124 1124 1191 1254 1192 1126 1125 1190 1253 1252 1189 1123 -1
GCP,adapt_p70-52877936550931_a348-74999999999994_50_map.h5,26.7583,10,388,1175,19.471220:348.750000,1229,True,31,13,1229,0.996941,25.4512,0,0.0134598,1230 1230 1165 1164 1163 1228 1229 1291 1290 1227 1162 1226 -1
GCP,adapt_p80-40593177313954_a180-0_94_map.h5,26.8634,10,521,1088,9.594069:180.000000,1067,True,13,13,1067,0.999998,25.5074,0,0.012439,1133 1133 1132 1131 1065 998 1066 999 1067 1134 1068 1000 -1
GCP,adapt_p48-18968510422141_a281-24999999999994_40_map.h5,26.8804,10,667,1068,41.810314:281.250000,1507,True,9,9,1557,0.999998,15.6142,0,0.0124416,1508 1508 1509 1558 1557 1507 1556 1601 -1
GCP,adapt_p11-715852394892384_a315-0_465_map.h5,26.8613,10,393,1129,78.284149:315.000000,1778,True,17,13,1778,0.999998,26.4351,0,0.0125536,1761 1777 1790 1791 1780 1764 1763 1779 1778 1762 1740 1761 -1
GCP,adapt_p23-556464309101234_a157-5_426_map.h5,26.4006,10,83,1171,66.443535:157.500000,1701,False,79,12,1534,0.977389,24.9095,0,0.0132424,1626 1536 1582 1535 1484 1483 1534 1581 1580 1579 1533 -1
GCP,adapt_p70-52877936550931_a168-74999999999997_524_map.h5,27.6541,10,253,749,19.471220:168.750000,1197,True,44,14,1195,0.99302,27.6544,0,0.0126778,1260 1260 1197 1131 1130 1196 1259 1195 1129 1128 1194 1257 1258 -1
GCP,adapt_p11-715852394892384_a135-0_162_map.h5,27.8925,10,667,758,78.284149:135.000000,1770,True,7,7,1752,0.999999,10.4156,0,0.0122693,1771 1771 1770 1751 1752 1753 -1
GCP,adapt_p80-40593177313954_a90-0_9_map.h5,26.8623,10,508,1080,9.594069:90.000000,1051,True,12,12,1050,0.999999,23.5652,0,0.0124869,1117 1117 1116 1118 1052 984 1051 983 1050 982 1049 -1
GCP,adapt_p48-18968510422141_a258-75_472_map.h5,27.8774,10,570,749,41.810314:258.750000,1504,True,12,12,1450,0.999998,23.2928,0,0.012359,1451 1451 1394 1452 1504 1503 1553 1552 1502 1450 1449 -1
GCP,adapt_p60-00000000000001_a22-5_0_map.h5,28.4825,10,65,395,30.000000:22.500000,1298,False,74,13,1411,0.905671,27.3154,0,0.0132745,1357 1296 1355 1413 1354 1295 1294 1353 1411 1410 1466 1412 -1
GCP,adapt_p48-18968510422141_a303-75_40_map.h5,28.7242,10,162,368,41.810314:303.750000,1510,True,36,14,1403,0.994726,27.702,0,0.0125944,1510 1510 1509 1457 1401 1344 1402 1458 1459 1403 1345 1404 1346 -1
GCP,adapt_p80-40593177313954_a292-5_224_map.h5,27.8493,10,658,737,9.594069:292.500000,1088,True,13,13,1154,0.999999,25.6411,0,0.012544,1089 1089 1088 1087 1153 1218 1219 1154 1090 1156 1155 1220 -1
GCP,adapt_p60-00000000000001_a180-0_359_map.h5,26.8577,10,383,1130,30.000000:180.000000,1324,True,13,13,1382,0.999998,25.7819,0,0.0130974,1324 1324 1381 1438 1380 1322 1323 1382 1439 1440 1383 1325 -1
GCP,adapt_p35-659087696138755_a285-0_592_map.h5,26.8443,10,562,1050,54.340912:285.000000,1601,True,16,13,1600,0.999996,25.7408,0,0.0125391,1601 1601 1555 1556 1600 1599 1554 1598 1640 1641 1642 1643 -1
GCP,adapt_p80-40593177313954_a202-49999999999997_484_map.h5,26.8601,10,485,1089,9.594069:202.500000,1072,True,13,13,1072,0.999999,25.9094,0,0.0127171,1005 1005 1071 1137 1070 1003 1004 1072 1138 1139 1073 1006 -1
GCP,adapt_p11-715852394892384_a315-0_313_map.h5,28.7412,10,153,336,78.284149:315.000000,1778,True,40,14,1778,0.993768,26.5743,0,0.0136494,1797 1797 1791 1790 1789 1776 1777 1778 1779 1763 1762 1761 1760 -1
GCP,adapt_p80-40593177313954_a247-49999999999997_188_map.h5,27.804,10,319,762,9.594069:247.500000,1080,True,14,13,1081,0.999999,25.9228,0,0.012801,1146 1146 1147 1145 1079 1012 1080 1013 1081 1014 1082 1148 -1
GCP,adapt_p80-40593177313954_a67-5_254_map.h5,28.6427,10,72,416,9.594069:67.500000,1047,True,46,13,979,0.996423,26.7187,0,0.0131015,913 980 1048 1047 1046 979 912 911 978 1045 977 910 -1
GCP,adapt_p70-52877936550931_a326-24999999999994_567_map.h5,26.8614,10,437,1078,19.471220:326.250000,1225,True,14,13,1161,0.999999,25.4109,0,0.0124211,1096 1096 1097 1162 1161 1226 1225 1160 1095 1094 1159 1224 -1
GCP,adapt_p48-18968510422141_a56-24999999999999_26_map.h5,26.8759,10,559,1126,41.810314:56.250000,1475,True,11,11,1474,0.999999,20.4397,0,0.0129313,1420 1420 1419 1473 1525 1526 1527 1475 1474 1421 -1
GCP,adapt_p70-52877936550931_a281-24999999999994_217_map.h5,26.8613,10,524,1063,19.471220:281.250000,1217,True,14,13,1216,0.999998,25.9616,0,0.0125754,1217 1217 1151 1152 1216 1150 1215 1214 1277 1278 1279 1280 -1
GCP,adapt_p35-659087696138755_a195-0_459_map.h5,27.8888,10,758,705,54.340912:195.000000,1590,True,9,9,1633,0.999999,15.5238,0,0.0129869,1590 1590 1591 1634 1671 1670 1633 1632 -1
GCP,adapt_p70-52877936550931_a78-75_535_map.h5,27.8549,10,501,780,19.471220:78.750000,1181,True,14,13,1244,0.999998,25.9866,0,0.0128589,1243 1243 1305 1306 1307 1308 1244 1180 1181 1182 1245 1246 -1
GCP,adapt_p11-715852394892384_a315-0_252_map.h5,27.8316,10,328,670,78.284149:315.000000,1778,True,20,14,1779,0.99986,27.2682,0,0.0132517,1791 1791 1781 1780 1744 1764 1763 1779 1790 1778 1762 1761 1739 -1
GCP,adapt_p70-52877936550931_a168-74999999999997_407_map.h5,27.8679,10,371,725,19.471220:168.750000,1197,True,16,13,1260,0.999998,26.4475,0,0.0129173,1259 1259 1195 1196 1322 1323 1261 1262 1198 1260 1197 1131 -1
GCP,adapt_p35-659087696138755_a14-999999999999998_352_map.h5,26.8652,10,380,1171,54.340912:15.000000,1568,True,12,12,1568,0.999998,23.2516,0,0.0126288,1613 1613 1612 1567 1520 1521 1568 1614 1570 1569 1522 -1
GCP,adapt_p23-556464309101234_a247-49999999999997_357_map.h5,27.3836,10,96,382,66.443535:247.500000,1708,False,253,10,1596,0.702976,26.3953,0,0.0189708,1775 1638 1596 1551 1552 1597 1726 1725 1696 -1
GCP,adapt_p70-52877936550931_a348-74999999999994_283_map.h5,24.7452,10,122,1481,19.471220:348.750000,1229,False,183,11,1403,0.828923,22.434,0,0.0155244,1349 1347 1404 1346 1285 1345 1403 1459 1458 1402 -1
GCP,adapt_p48-18968510422141_a236-25_13_map.h5,26.8651,10,538,1160,41.810314:236.250000,1501,True,10,10,1448,0.999998,19.2617,0,0.0136348,1500 1500 1449 1502 1501 1448 1447 1550 1499 -1
GCP,adapt_p70-52877936550931_a348-74999999999994_538_map.h5,27.8871,10,697,781,19.471220:348.750000,1229,True,12,12,1229,0.999999,23.8654,0,0.0126813,1291 1291 1292 1229 1290 1227 1228 1163 1164 1230 1165 -1
GCP,adapt_p11-715852394892384_a315-0_541_map.h5,26.8764,10,572,1154,78.284149:315.000000,1778,True,12,12,1763,0.999999,23.1195,0,0.0123823,1779 1779 1762 1763 1764 1741 1740 1739 1761 1778 1791 -1
GCP,adapt_p70-52877936550931_a348-74999999999994_255_map.h5,26.8689,10,628,1087,19.471220:348.750000,1229,True,11,11,1229,0.999999,21.543,0,0.0129397,1228 1228 1165 1230 1291 1292 1229 1164 1163 1227 -1
GCP,adapt_p70-52877936550931_a78-75_442_map.h5,25.6102,10,142,1507,19.471220:78.750000,1181,False,51,12,1183,0.959354,24.5605,0,0.0125943,1249 1185 1118 1184 1248 1247 1246 1183 1117 1116 1182 -1
GCP,adapt_p80-40593177313954_a22-5_572_map.h5,25.8774,10,406,1526,9.594069:22.500000,1038,False,10,10,1106,0.999997,17.984,0,0.0133688,1105 1105 1171 1172 1106 1040 973 1041 1107 -1
GCP,adapt_p70-52877936550931_a123-74999999999999_334_map.h5,26.1398,10,27,416,19.471220:123.750000,1189,False,445,10,1291,0.387308,24.2368,0,0.0326461,1097 1227 1290 1291 1228 1229 1292 1689 1719 -1
GCP,adapt_p60-00000000000001_a292-5_398_map.h5,25.9935,10,131,1118,30.000000:292.500000,1343,False,140,12,1157,0.686082,25.5373,0,0.0142454,1287 1092 1158 1157 1091 1156 1155 1220 1283 1282 1219 -1
GCP,adapt_p11-715852394892384_a315-0_101_map.h5,27.8162,10,251,738,78.284149:315.000000,1778,True,23,14,1763,0.999914,27.5177,0,0.0125846,1780 1780 1744 1742 1764 1763 1741 1740 1762 1761 1778 1779 1791 -1
GCP,adapt_p80-40593177313954_a337-49999999999994_300_map.h5,26.7899,10,273,1089,9.594069:337.500000,1097,True,24,13,1098,0.999785,25.9562,0,0.012876,1096 1096 1161 1162 1163 1097 1029 1030 1098 1164 1031 1099 -1
GCP,adapt_p70-52877936550931_a191-25_252_map.h5,28.867,10,395,332,19.471220:191.250000,1201,True,12,12,1264,0.999998,23.8637,0,0.0128069,1265 1265 1201 1200 1263 1325 1264 1326 1327 1202 1266 -1
GCP,adapt_p70-52877936550931_a33-75_15_map.h5,26.7971,10,467,1208,19.471220:33.750000,1173,True,22,13,1237,0.99981,25.3332,0,0.0127314,1172 1172 1173 1174 1175 1238 1301 1237 1300 1299 1236 1235 -1
GCP,adapt_p80-40593177313954_a292-5_312_map.h5,26.7919,10,402,1124,9.594069:292.500000,1088,True,27,13,1088,0.998849,25.4324,0,0.0128379,1154 1154 1153 1152 1086 1019 1087 1020 1088 1021 1089 1090 -1
GCP,adapt_p11-715852394892384_a135-0_356_map.h5,28.8881,10,463,390,78.284149:135.000000,1770,True,11,11,1752,0.999998,20.6185,0,0.0126721,1771 1771 1751 1770 1752 1727 1728 1729 1753 1772 -1
GCP,adapt_p60-00000000000001_a224-99999999999997_399_map.h5,26.859,10,510,1139,30.000000:225.000000,1331,True,15,13,1389,0.999998,25.2685,0,0.0128122,1330 1330 1389 1331 1269 1270 1332 1390 1446 1445 1388 1387 -1
GCP,adapt_p70-52877936550931_a146-25_52_map.h5,26.6267,10,208,1072,19.471220:146.250000,1193,True,45,13,1194,0.968075,26.5053,0,0.0130876,1377 1318 1256 1193 1127 1128 1129 1195 1258 1194 1257 1319 -1
GCP,adapt_p70-52877936550931_a191-25_87_map.h5,26.8613,10,486,1077,19.471220:191.250000,1201,True,13,13,1201,0.999999,26.0438,0,0.0125215,1200 1200 1136 1137 1202 1265 1264 1201 1135 1199 1262 1263 -1
GCP,adapt_p48-18968510422141_a11-25_581_map.h5,28.7261,10,165,414,41.810314:11.250000,1468,True,37,13,1468,0.994468,25.6828,0,0.0126571,1415 1415 1414 1467 1413 1412 1518 1519 1520 1468 1469 1521 -1
GCP,adapt_p80-40593177313954_a247-49999999999997_485_map.h5,26.8769,10,482,1185,9.594069:247.500000,1080,True,13,13,1079,0.999998,26.0096,0,0.0129003,1145 1145 1012 1013 1080 1146 1079 1011 1078 1144 1143 1077 -1
GCP,adapt_p11-715852394892384_a315-0_406_map.h5,25.8316,10,399,1443,78.284149:315.000000,1778,True,20,13,1778,0.99995,24.8713,0,0.0132087,1789 1789 1790 1791 1777 1776 1760 1761 1762 1778 1779 1763 -1
GCP,adapt_p60-00000000000001_a0-0_384_map.h5,26.8383,10,393,1154,30.000000:0.000000,1294,True,16,13,1353,0.999991,26.3737,0,0.0125363,1411 1411 1410 1409 1352 1354 1295 1294 1231 1293 1353 1292 -1
GCP,adapt_p70-52877936550931_a33-75_208_map.h5,26.8633,10,378,1169,19.471220:33.750000,1173,True,13,13,1173,0.999999,25.6074,0,0.0124532,1106 1106 1105 1171 1235 1172 1107 1173 1236 1237 1174 1108 -1
GCP,adapt_p35-659087696138755_a14-999999999999998_509_map.h5,26.8835,10,574,1075,54.340912:15.000000,1568,True,10,10,1613,0.999999,18.2073,0,0.0132904,1569 1569 1612 1568 1613 1652 1653 1614 1570 -1
GCP,adapt_p60-00000000000001_a135-0_134_map.h5,27.8443,10,409,743,30.000000:135.000000,1316,True,17,13,1317,0.999992,25.3118,0,0.0125671,1375 1375 1376 1318 1256 1255 1317 1316 1315 1253 1254 1191 -1
GCP,adapt_p35-659087696138755_a165-0_319_map.h5,24.586,10,95,1500,54.340912:165.000000,1587,False,206,11,1667,0.861139,23.6163,0,0.0165973,1726 1702 1669 1668 1630 1629 1667 1701 1666 1628 -1
GCP,adapt_p60-00000000000001_a22-5_13_map.h5,26.8609,10,545,1127,30.000000:22.500000,1298,True,12,12,1298,0.999999,23.7111,0,0.0128325,1357 1357 1299 1236 1359 1358 1298 1235 1234 1297 1356 -1
GCP,adapt_p80-40593177313954_a337-49999999999994_516_map.h5,24.8948,10,112,1487,9.594069:337.500000,1097,False,152,11,1350,0.961313,24.6302,0,0.0149045,1509 1349 1407 1350 1289 1290 1351 1352 1409 1408 -1
GCP,adapt_p70-52877936550931_a213-75_180_map.h5,26.8412,10,490,1114,19.471220:213.750000,1205,True,18,13,1206,0.999992,25.7688,0,0.0125771,1141 1141 1205 1268 1204 1139 1140 1206 1269 1270 1207 1142 -1
GCP,adapt_p70-52877936550931_a33-75_234_map.h5,27.8492,10,313,731,19.471220:33.750000,1173,True,15,13,1173,0.999986,25.7679,0,0.0124934,1107 1107 1108 1174 1238 1237 1173 1236 1235 1172 1106 1171 -1
GCP,adapt_p48-18968510422141_a348-74999999999994_513_map.h5,26.8115,10,400,1152,41.810314:348.750000,1517,True,21,13,1466,0.999939,26.4401,0,0.0132634,1516 1516 1565 1466 1412 1411 1410 1465 1464 1517 1518 1566 -1
GCP,adapt_p80-40593177313954_a112-49999999999999_396_map.h5,26.7463,10,228,1118,9.594069:112.500000,1055,True,31,13,987,0.99845,25.4354,0,0.0124864,1056 1056 989 988 1055 987 1054 986 1053 985 1052 1118 -1
GCP,adapt_p48-18968510422141_a123-74999999999999_327_map.h5,27.8874,10,682,778,41.810314:123.750000,1484,True,9,9,1484,0.999999,15.4927,0,0.0124199,1431 1431 1485 1536 1535 1484 1430 1483 -1
GCP,adapt_p80-40593177313954_a337-49999999999994_414_map.h5,27.7352,10,241,751,9.594069:337.500000,1097,True,35,13,1162,0.994097,25.8129,0,0.0126404,1096 1096 1097 1163 1164 1228 1227 1162 1161 1226 1289 1225 -1
GCP,adapt_p11-715852394892384_a45-0_138_map.h5,26.7674,10,191,1145,78.284149:45.000000,1766,True,33,13,1766,0.999101,24.989,0,0.013375,1768 1768 1784 1769 1783 1782 1765 1745 1746 1766 1767 1747 -1
GCP,adapt_p60-00000000000001_a315-0_99_map.h5,25.7854,10,271,1543,30.000000:315.000000,1346,True,23,13,1347,0.999818,25.6509,0,0.0133731,1406 1406 1348 1347 1286 1285 1346 1405 1461 1404 1403 1345 -1
GCP,adapt_p35-659087696138755_a315-0_329_map.h5,26.8644,10,531,1165,54.340912:315.000000,1605,True,12,12,1605,0.999999,22.8912,0,0.0133779,1646 1646 1606 1647 1605 1561 1560 1604 1645 1644 1603 -1
GCP,adapt_p35-659087696138755_a135-0_89_map.h5,25.8564,10,480,1410,54.340912:135.000000,1583,True,14,13,1583,0.999998,25.349,0,0.0124034,1537 1537 1486 1487 1538 1583 1582 1626 1627 1584 1585 1539 -1
GCP,adapt_p70-52877936550931_a123-74999999999999_217_map.h5,27.7895,10,294,734,19.471220:123.750000,1189,True,24,14,1189,0.99967,27.4378,0,0.0132872,1253 1253 1190 1124 1123 1189 1252 1188 1122 1121 1187 1250 1251 -1
GCP,adapt_p23-556464309101234_a112-5_20_map.h5,26.8932,10,619,1127,66.443535:112.500000,1697,True,9,9,1726,0.999999,17.3748,0,0.0125596,1697 1726 1727 1698 1751 1750 1725 1697 -1
GCP,adapt_p70-52877936550931_a56-24999999999999_155_map.h5,26.7507,10,316,1184,19.471220:56.250000,1177,True,28,13,1239,0.99652,25.7379,0,0.0130564,1175 1175 1239 1238 1176 1110 1177 1111 1112 1178 1241 1240 -1
GCP,adapt_p48-18968510422141_a191-25_176_map.h5,27.8073,10,232,739,41.810314:191.250000,1494,True,23,13,1440,0.999788,25.5762,0,0.0125159,1544 1544 1543 1494 1442 1441 1384 1383 1440 1493 1492 1439 -1
GCP,adapt_p60-00000000000001_a180-0_414_map.h5,27.8523,10,663,750,30.000000:180.000000,1324,True,11,11,1324,0.999999,20.4381,0,0.0124963,1383 1383 1325 1263 1262 1324 1261 1323 1382 1381 -1
GCP,adapt_p11-715852394892384_a135-0_397_map.h5,26.7966,10,168,1158,78.284149:135.000000,1770,True,30,14,1769,0.998697,26.4857,0,0.0132369,1786 1786 1771 1770 1751 1750 1769 1768 1783 1784 1793 1794 1785 -1
GCP,adapt_p70-52877936550931_a258-75_499_map.h5,24.7326,10,175,1863,19.471220:258.750000,1213,True,33,12,1147,0.995935,24.6088,0,0.0133241,1082 1148 1147 1082 1081 1080 1146 1211 1212 1213 1149 -1
GCP,adapt_p11-715852394892384_a135-0_401_map.h5,26.7271,10,109,1126,78.284149:135.000000,1770,True,43,14,1772,0.997104,26.6952,0,0.0126621,1774 1774 1787 1786 1785 1770 1771 1772 1773 1755 1754 1753 1752 -1
GCP,adapt_p35-659087696138755_a255-00000000000003_495_map.h5,26.8804,10,640,1090,54.340912:255.000000,1598,True,10,10,1639,0.999999,18.8994,0,0.0124236,1676 1676 1675 1677 1599 1598 1640 1639 1597 -1
GCP,adapt_p70-52877936550931_a78-75_59_map.h5,26.708,10,110,1192,19.471220:78.750000,1181,True,38,13,1181,0.99534,25.0671,0,0.012768,1048 1048 1049 1116 1182 1245 1244 1181 1115 1114 1180 1243 -1
GCP,adapt_p70-52877936550931_a191-25_586_map.h5,26.876,10,552,1190,19.471220:191.250000,1201,True,13,13,1264,0.999999,25.3195,0,0.0127832,1202 1202 1266 1203 1265 1327 1326 1264 1201 1200 1263 1325 -1
GCP,adapt_p80-40593177313954_a315-0_531_map.h5,28.5021,10,112,386,9.594069:315.000000,1093,True,68,12,1020,0.856585,27.1997,0,0.0136791,1224 1094 1026 1093 1159 955 1021 954 953 1020 1019 -1
GCP,adapt_p60-00000000000001_a45-0_398_map.h5,26.8739,10,595,1122,30.000000:45.000000,1301,True,11,11,1301,0.999999,20.7588,0,0.0128824,1360 1360 1302 1361 1301 1238 1237 1300 1359 1299 -1
GCP,adapt_p35-659087696138755_a285-0_486_map.h5,26.8584,10,357,1171,54.340912:285.000000,1601,True,15,13,1678,0.999998,25.222,0,0.0124345,1679 1679 1680 1643 1601 1642 1641 1640 1677 1710 1711 1678 -1
GCP,adapt_p80-40593177313954_a337-49999999999994_435_map.h5,26.8693,10,429,1090,9.594069:337.500000,1097,True,12,12,1097,0.999999,23.0305,0,0.0125369,1098 1098 1099 1164 1163 1097 1030 1029 1096 1162 1161 -1
GCP,adapt_p48-18968510422141_a78-75_9_map.h5,26.8039,10,231,1104,41.810314:78.750000,1478,True,22,13,1424,0.999712,25.9344,0,0.012939,1529 1529 1479 1425 1367 1366 1424 1478 1528 1476 1477 1423 -1
GCP,adapt_p35-659087696138755_a75-0_251_map.h5,27.7729,10,193,822,54.340912:75.000000,1576,True,27,13,1619,0.999378,25.9618,0,0.0129071,1574 1574 1617 1657 1618 1528 1575 1619 1658 1659 1620 1576 -1
GCP,adapt_p80-40593177313954_a337-49999999999994_251_map.h5,26.8713,10,584,1156,9.594069:337.500000,1097,True,12,12,1097,0.999999,23.0445,0,0.0125095,1029 1029 1028 1096 1097 1163 1164 1098 1030 1031 1099 -1
GCP,adapt_p35-659087696138755_a285-0_334_map.h5,25.836,10,349,1579,54.340912:285.000000,1601,True,17,13,1643,0.999997,25.326,0,0.0127875,1642 1642 1641 1678 1679 1680 1643 1601 1602 1603 1644 1645 -1
GCP,adapt_p48-18968510422141_a123-74999999999999_121_map.h5,26.8441,10,445,1120,41.810314:123.750000,1484,True,16,13,1484,0.999999,25.4835,0,0.0126722,1535 1535 1536 1485 1432 1431 1484 1534 1483 1429 1430 1373 -1
GCP,adapt_p80-40593177313954_a202-49999999999997_209_map.h5,26.8344,10,536,1143,9.594069:202.500000,1072,True,16,13,1071,0.999992,25.891,0,0.0124307,1137 1137 1138 1136 1070 1003 1071 1004 1072 1005 1073 1139 -1
GCP,adapt_p80-40593177313954_a247-49999999999997_363_map.h5,26.8488,10,361,1162,9.594069:247.500000,1080,True,17,13,1079,0.999986,26.0656,0,0.0130715,1078 1078 1012 1011 1079 1144 1210 1145 1146 1080 1013 1081 -1
GCP,adapt_p35-659087696138755_a14-999999999999998_497_map.h5,25.8233,10,353,1509,54.340912:15.000000,1568,False,17,13,1689,0.999958,25.4927,0,0.0125146,1719 1719 1690 1720 1689 1653 1613 1612 1651 1652 1688 1718 -1
GCP,adapt_p23-556464309101234_a337-5_581_map.h5,26.7521,10,182,1145,66.443535:337.500000,1716,True,32,13,1685,0.998554,25.7855,0,0.0127104,1683 1683 1648 1684 1715 1716 1742 1717 1685 1649 1686 1650 -1
GCP,adapt_p80-40593177313954_a45-0_121_map.h5,28.8442,10,235,361,9.594069:45.000000,1042,True,19,14,1042,0.999985,28.4858,0,0.0125656,1041 1041 1108 1175 1174 1107 1042 974 975 1043 1109 1110 1044 -1
GCP,adapt_p70-52877936550931_a11-25_584_map.h5,25.8761,10,462,1502,19.471220:11.250000,1169,True,11,11,1169,0.999999,20.629,0,0.0126817,1233 1233 1234 1170 1103 1169 1168 1231 1232 1296 -1
GCP,adapt_p23-556464309101234_a67-5_369_map.h5,27.6968,10,127,689,66.443535:67.500000,1693,True,38,13,1691,0.987665,25.0782,0,0.0130023,1720 1720 1690 1655 1691 1721 1722 1693 1692 1656 1657 1658 -1
GCP,adapt_p70-52877936550931_a168-74999999999997_556_map.h5,28.8602,10,311,388,19.471220:168.750000,1197,True,17,14,1131,0.999998,28.498,0,0.0125639,1130 1130 1065 1064 1129 1195 1196 1131 1197 1260 1198 1132 1133 -1
GCP,adapt_p48-18968510422141_a33-75_315_map.h5,26.8854,10,751,1153,41.810314:33.750000,1471,True,8,8,1417,0.999998,13.6191,0,0.0123859,1471 1471 1470 1416 1472 1418 1417 -1
GCP,adapt_p60-00000000000001_a0-0_98_map.h5,27.7798,10,253,770,30.000000:0.000000,1294,True,25,13,1294,0.999659,25.3859,0,0.0129821,1295 1295 1232 1231 1293 1292 1353 1294 1354 1411 1410 1352 -1
GCP,adapt_p60-00000000000001_a337-49999999999994_383_map.h5,27.8884,10,499,785,30.000000:337.500000,1350,True,10,10,1351,0.999999,18.5557,0,0.0124216,1350 1350 1407 1408 1409 1352 1351 1289 1290 -1
GCP,adapt_p60-00000000000001_a90-0_187_map.h5,23.5265,10,73,1498,30.000000:90.000000,1309,False,373,11,1270,0.666908,22.8997,0,0.0260347,1335 1333 1271 1208 1143 1142 1207 1270 1332 1448 -1
GCP,adapt_p70-52877936550931_a56-24999999999999_450_map.h5,27.8733,10,587,823,19.471220:56.250000,1177,True,10,10,1112,0.999999,18.5045,0,0.0124156,1179 1179 1241 1242 1178 1177 1111 1112 1113 -1
GCP,adapt_p60-00000000000001_a315-0_324_map.h5,27.87,10,404,756,30.000000:315.000000,1346,True,11,11,1346,0.999999,21.1048,0,0.0127782,1404 1404 1345 1284 1403 1346 1285 1286 1347 1405 -1
GCP,adapt_p70-52877936550931_a326-24999999999994_84_map.h5,26.8694,10,542,1149,19.471220:326.250000,1225,True,12,12,1225,0.999998,23.356,0,0.0124707,1287 1287 1288 1289 1226 1161 1160 1225 1286 1223 1224 -1
GCP,adapt_p11-715852394892384_a135-0_342_map.h5,26.8742,10,590,1164,78.284149:135.000000,1770,True,11,11,1752,0.999999,20.4417,0,0.0126265,1751 1751 1771 1770 1752 1753 1729 1728 1727 1726 -1
GCP,adapt_p70-52877936550931_a146-25_121_map.h5,26.8312,10,491,1106,19.471220:146.250000,1193,True,21,12,1194,0.999987,22.8342,0,0.0125867,1129 1129 1128 1127 1192 1193 1256 1257 1194 1195 1258 -1
GCP,adapt_p48-18968510422141_a101-24999999999999_365_map.h5,28.2429,10,88,422,41.810314:101.250000,1481,False,110,13,1309,0.982732,26.9133,0,0.0138735,1366 1308 1245 1183 1246 1309 1368 1369 1310 1247 1248 1311 -1
GCP,adapt_p80-40593177313954_a315-0_255_map.h5,26.8673,10,501,1096,9.594069:315.000000,1093,True,14,12,1093,0.999997,24.5612,0,0.0124949,1159 1160 1094 1159 1223 1158 1093 1025 1092 1157 1091 -1
GCP,adapt_p70-52877936550931_a123-74999999999999_245_map.h5,27.8793,10,710,695,19.471220:123.750000,1189,True,12,12,1189,0.999998,23.2069,0,0.0124333,1253 1253 1189 1123 1124 1190 1252 1315 1314 1251 1188 -1
GCP,adapt_p70-52877936550931_a213-75_114_map.h5,26.8753,10,624,1098,19.471220:213.750000,1205,True,11,11,1205,0.999998,20.2722,0,0.0124743,1268 1268 1269 1206 1141 1140 1205 1139 1204 1267 -1
GCP,adapt_p35-659087696138755_a344-99999999999994_266_map.h5,27.8619,10,338,723,54.340912:345.000000,1609,True,16,13,1649,0.999998,25.637,0,0.0129253,1650 1650 1685 1684 1648 1607 1564 1608 1649 1609 1565 1610 -1
GCP,adapt_p60-00000000000001_a135-0_352_map.h5,27.8052,10,213,764,30.000000:135.000000,1316,True,23,13,1317,0.999653,25.6912,0,0.0125592,1318 1318 1255 1317 1377 1376 1433 1375 1316 1254 1253 1315 -1
GCP,adapt_p48-18968510422141_a101-24999999999999_174_map.h5,26.8852,10,574,1035,41.810314:101.250000,1481,True,10,10,1428,0.999998,18.4608,0,0.0125817,1481 1481 1533 1482 1427 1370 1428 1429 1371 -1
GCP,adapt_p23-556464309101234_a337-5_177_map.h5,26.8855,10,719,1133,66.443535:337.500000,1716,True,10,10,1716,0.999998,17.6617,0,0.0123016,1684 1684 1685 1717 1743 1742 1716 1715 1741 -1
GCP,adapt_p80-40593177313954_a337-49999999999994_241_map.h5,26.7892,10,494,1111,9.594069:337.500000,1097,True,21,13,1098,0.999165,26.4283,0,0.01261,1164 1164 1100 1099 1098 1163 1162 1095 1096 1029 1097 1030 -1
GCP,adapt_p48-18968510422141_a168-74999999999997_365_map.h5,26.8362,10,449,1105,41.810314:168.750000,1491,True,16,13,1491,0.999996,25.2791,0,0.0125642,1438 1438 1439 1440 1493 1492 1491 1437 1490 1541 1542 1543 -1
GCP,adapt_p60-00000000000001_a292-5_426_map.h5,27.8803,10,690,749,30.000000:292.500000,1343,True,11,11,1342,0.999999,20.8584,0,0.0124944,1400 1400 1341 1399 1342 1280 1281 1282 1343 1401 -1
GCP,adapt_p80-40593177313954_a180-0_101_map.h5,27.7692,10,266,729,9.594069:180.000000,1067,True,30,13,1001,0.999699,25.6343,0,0.0126187,999 999 1067 1000 1001 1068 1135 1069 1002 1070 1003 1071 -1
GCP,adapt_p23-556464309101234_a22-5_491_map.h5,25.837,10,332,1520,66.443535:22.500000,1689,True,18,13,1719,0.999986,25.1626,0,0.0128045,1745 1745 1746 1720 1690 1689 1719 1744 1743 1718 1688 1687 -1
GCP,adapt_p60-00000000000001_a0-0_244_map.h5,25.7601,10,340,1539,30.000000:0.000000,1294,False,28,12,1410,0.997164,23.3,0,0.0126953,1517 1517 1464 1465 1409 1410 1352 1353 1411 1412 1466 -1
GCP,adapt_p48-18968510422141_a303-75_14_map.h5,26.8485,10,391,1160,41.810314:303.750000,1510,True,14,13,1402,0.999995,24.8685,0,0.013286,1457 1457 1458 1510 1511 1459 1403 1345 1344 1402 1401 1343 -1
GCP,adapt_p70-52877936550931_a236-25_538_map.h5,27.8069,10,230,740,19.471220:236.250000,1209,True,23,13,1272,0.999775,27.5478,0,0.012886,1334 1272 1209 1144 1145 1210 1273 1271 1208 1332 1333 1334 -1
GCP,adapt_p60-00000000000001_a337-49999999999994_333_map.h5,27.8904,10,670,752,30.000000:337.500000,1350,True,8,8,1350,0.999999,13.6619,0,0.0123986,1408 1408 1409 1351 1407 1349 1350 -1
GCP,adapt_p35-659087696138755_a195-0_45_map.h5,27.8413,10,249,749,54.340912:195.000000,1590,True,18,14,1591,0.999998,27.8271,0,0.0125044,1590 1590 1494 1495 1545 1546 1496 1497 1547 1592 1634 1633 1591 -1
GCP,adapt_p80-40593177313954_a0-0_316_map.h5,26.8139,10,188,1117,9.594069:0.000000,1034,True,22,13,1034,0.999787,25.4973,0,0.0128714,1100 1100 1166 1034 1033 967 968 1035 1101 1102 1036 969 -1
GCP,adapt_p35-659087696138755_a105-0_350_map.h5,26.8794,10,446,1161,54.340912:105.000000,1579,True,10,10,1623,0.999999,17.769,0,0.0123471,1579 1579 1580 1581 1624 1662 1661 1623 1622 -1
GCP,adapt_p48-18968510422141_a191-25_262_map.h5,26.8841,10,592,1089,41.810314:191.250000,1494,True,10,10,1494,0.999999,19.5687,0,0.0127121,1545 1495 1442 1441 1493 1543 1544 1494 1545 -1
GCP,adapt_p70-52877936550931_a281-24999999999994_550_map.h5,25.7723,10,270,1522,19.471220:281.250000,1217,True,25,13,1217,0.999293,25.7447,0,0.0124282,1215 1215 1151 1150 1216 1278 1279 1280 1217 1152 1153 1218 -1
GCP,adapt_p80-40593177313954_a67-5_503_map.h5,25.7422,10,300,1477,9.594069:67.500000,1047,True,30,12,1046,0.996798,25.6793,0,0.0125985,978 1046 1044 977 978 979 1045 1112 1113 1047 1114 -1
GCP,adapt_p35-659087696138755_a105-0_425_map.h5,27.8784,10,450,734,54.340912:105.000000,1579,True,10,10,1622,0.999999,18.3889,0,0.0124207,1623 1623 1660 1661 1622 1621 1578 1579 1580 -1
GCP,adapt_p48-18968510422141_a101-24999999999999_70_map.h5,26.8658,10,98,371,41.810314:101.250000,1481,False,324,11,1354,0.603718,24.6126,0,0.0227862,1096 1294 1411 1412 1413 1354 1295 1296 1355 1356 -1
GCP,adapt_p48-18968510422141_a56-24999999999999_474_map.h5,27.8874,10,749,705,41.810314:56.250000,1475,True,8,8,1475,0.999999,12.8245,0,0.0123479,1421 1421 1475 1527 1526 1474 1420 -1
GCP,adapt_p48-18968510422141_a303-75_41_map.h5,25.8465,10,455,1439,41.810314:303.750000,1510,True,16,13,1458,0.999998,25.6712,0,0.0132477,1457 1457 1509 1559 1510 1511 1458 1401 1402 1403 1459 1460 -1
GCP,adapt_p35-659087696138755_a14-999999999999998_104_map.h5,25.8581,10,431,1491,54.340912:15.000000,1568,True,14,12,1521,0.999998,23.1878,0,0.0126717,1567 1567 1467 1519 1520 1468 1469 1521 1568 1569 1522 -1
GCP,adapt_p60-00000000000001_a180-0_339_map.h5,27.8165,10,299,725,30.000000:180.000000,1324,True,19,13,1384,0.999792,25.6522,0,0.0132644,1385 1385 1441 1384 1327 1326 1264 1263 1325 1324 1383 1440 -1
GCP,adapt_p35-659087696138755_a14-999999999999998_172_map.h5,27.8878,10,571,769,54.340912:15.000000,1568,True,9,9,1569,0.999999,15.9534,0,0.012984,1613 1613 1612 1568 1614 1570 1569 1522 -1
GCP,adapt_p80-40593177313954_a112-49999999999999_5_map.h5,27.8832,10,614,795,9.594069:112.500000,1055,True,12,12,1056,0.999999,23.5512,0,0.0125681,1122 1122 1121 1123 1057 989 1056 988 1055 987 1054 -1
GCP,adapt_p80-40593177313954_a22-5_217_map.h5,28.5427,10,134,391,9.594069:22.500000,1038,True,63,13,1171,0.878181,27.3034,0,0.0131695,1234 1171 1106 1040 1039 1038 1105 1104 1170 1103 1037 1036 -1
GCP,adapt_p70-52877936550931_a326-24999999999994_322_map.h5,27.7907,10,169,811,19.471220:326.250000,1225,True,26,13,1225,0.999764,25.2836,0,0.0131232,1227 1227 1289 1288 1287 1224 1159 1160 1225 1226 1161 1162 -1
GCP,adapt_p23-556464309101234_a202-5_67_map.h5,26.8759,10,552,1140,66.443535:202.500000,1704,True,12,12,1705,0.999999,23.589,0,0.0128802,1733 1733 1672 1706 1734 1705 1671 1670 1704 1732 1731 -1
GCP,adapt_p11-715852394892384_a315-0_82_map.h5,27.8974,10,708,715,78.284149:315.000000,1778,True,9,9,1762,0.999998,17.3341,0,0.0123404,1763 1762 1778 1779 1761 1739 1740 1763 -1
GCP,adapt_p80-40593177313954_a180-0_453_map.h5,26.8451,10,534,1131,9.594069:180.000000,1067,True,17,13,1067,0.99999,25.9983,0,0.0126538,1065 1065 999 998 1066 1131 1132 1133 1067 1000 1068 1134 -1
GCP,adapt_p80-40593177313954_a202-49999999999997_575_map.h5,26.1079,10,172,1069,9.594069:202.500000,1072,False,130,11,1338,0.948009,24.0697,0,0.0139017,1345 1340 1279 1278 1339 1338 1396 1337 1276 1277 -1
GCP,adapt_p60-00000000000001_a135-0_495_map.h5,26.8654,10,519,1104,30.000000:135.000000,1316,True,10,10,1375,0.999998,17.9126,0,0.0123729,1317 1317 1376 1433 1432 1375 1316 1374 1315 -1
GCP,adapt_p35-659087696138755_a344-99999999999994_361_map.h5,26.8631,10,427,1075,54.340912:345.000000,1609,True,14,13,1650,0.999999,26.1866,0,0.0126473,1610 1610 1565 1566 1609 1567 1611 1650 1686 1685 1649 1608 -1
GCP,adapt_p60-00000000000001_a202-49999999999997_141_map.h5,26.8481,10,506,1048,30.000000:202.500000,1328,True,16,13,1328,0.999994,25.1846,0,0.0127127,1388 1388 1387 1386 1385 1327 1328 1266 1267 1329 1330 1268 -1
GCP,adapt_p80-40593177313954_a135-0_364_map.h5,25.7633,10,236,1538,9.594069:135.000000,1059,True,28,12,1058,0.998092,23.2361,0,0.0125222,1060 1060 991 992 1059 1125 1124 1058 990 1057 1123 -1
GCP,adapt_p70-52877936550931_a123-74999999999999_577_map.h5,25.7453,10,240,1414,19.471220:123.750000,1189,True,30,13,1187,0.998783,25.4995,0,0.0134831,1122 1122 1189 1252 1251 1188 1121 1187 1250 1249 1186 1120 -1
GCP,adapt_p35-659087696138755_a45-0_229_map.h5,27.8726,10,285,767,54.340912:45.000000,1572,True,14,13,1572,0.999999,25.8442,0,0.0131609,1524 1524 1570 1615 1571 1473 1525 1572 1616 1617 1573 1526 -1
GCP,adapt_p48-18968510422141_a168-74999999999997_217_map.h5,27.8935,10,830,633,41.810314:168.750000,1491,True,7,7,1438,0.999999,10.5622,0,0.0123492,1439 1439 1492 1491 1438 1437 -1
GCP,adapt_p35-659087696138755_a165-0_95_map.h5,24.2918,10,85,1488,54.340912:165.000000,1587,True,251,9,1588,0.724403,22.57,0,0.0187596,1445 1391 1448 1449 1588 1542 1587 1630 -1
GCP,adapt_p60-00000000000001_a157-5_59_map.h5,26.7351,10,223,1072,30.000000:157.500000,1320,True,35,12,1320,0.993384,24.8432,0,0.0135922,1257 1258 1321 1379 1320 1319 1378 1435 1377 1318 1257 -1
GCP,adapt_p23-556464309101234_a67-5_6_map.h5,25.0995,10,116,1503,66.443535:67.500000,1693,False,125,11,1480,0.697853,24.165,0,0.0140456,1533 1480 1479 1532 1531 1618 1574 1573 1617 1656 -1
GCP,adapt_p48-18968510422141_a213-75_48_map.h5,28.7182,10,164,344,41.810314:213.750000,1497,True,36,14,1445,0.99728,28.2333,0,0.0126556,1390 1390 1389 1388 1445 1497 1496 1443 1387 1444 1498 1446 1447 -1
GCP,adapt_p11-715852394892384_a135-0_248_map.h5,26.872,10,440,1114,78.284149:135.000000,1770,True,15,13,1752,0.999998,25.0401,0,0.0127931,1770 1770 1785 1772 1771 1753 1729 1728 1727 1726 1751 1752 -1
GCP,adapt_p48-18968510422141_a348-74999999999994_282_map.h5,26.8249,10,576,1086,41.810314:348.750000,1517,True,19,13,1465,0.999983,25.2536,0,0.0129364,1464 1464 1515 1564 1565 1516 1517 1465 1409 1410 1466 1411 -1
GCP,adapt_p60-00000000000001_a270-0_156_map.h5,28.7543,10,219,362,30.000000:270.000000,1339,True,33,14,1339,0.997588,27.544,0,0.0125271,1398 1398 1340 1341 1279 1278 1339 1397 1396 1338 1277 1276 1337 -1
GCP,adapt_p70-52877936550931_a303-75_469_map.h5,26.8423,10,479,1125,19.471220:303.750000,1221,True,16,13,1221,0.999996,25.022,0,0.0124846,1220 1220 1155 1156 1221 1283 1344 1345 1284 1285 1222 1157 -1
GCP,adapt_p80-40593177313954_a315-0_299_map.h5,27.8621,10,406,787,9.594069:315.000000,1093,True,13,13,1159,0.999999,25.2295,0,0.0127087,1093 1093 1092 1157 1222 1223 1158 1159 1224 1225 1160 1094 -1
GCP,adapt_p48-18968510422141_a168-74999999999997_153_map.h5,28.7359,10,170,350,41.810314:168.750000,1491,True,35,13,1438,0.992554,26.8668,0,0.0129087,1490 1437 1380 1379 1436 1438 1381 1382 1439 1492 1491 1490 -1
GCP,adapt_p60-00000000000001_a112-49999999999999_72_map.h5,26.8642,10,485,1194,30.000000:112.500000,1313,True,11,11,1313,0.999999,20.8325,0,0.0126518,1250 1250 1314 1251 1313 1372 1371 1312 1249 1311 -1
GCP,adapt_p70-52877936550931_a11-25_280_map.h5,26.8441,10,488,1166,19.471220:11.250000,1169,True,14,13,1169,0.999999,25.7662,0,0.0126571,1103 1103 1102 1168 1232 1169 1104 1170 1233 1234 1171 1105 -1
GCP,adapt_p35-659087696138755_a315-0_380_map.h5,27.8152,10,260,729,54.340912:315.000000,1605,True,21,14,1605,0.999917,27.2083,0,0.0136319,1561 1561 1562 1563 1607 1606 1647 1683 1682 1646 1605 1604 1645 -1
GCP,adapt_p35-659087696138755_a165-0_321_map.h5,26.3323,10,169,1072,54.340912:165.000000,1587,False,98,12,1491,0.943942,26.1329,0,0.0134729,1583 1489 1437 1491 1542 1541 1490 1438 1439 1492 1493 -1
GCP,adapt_p60-00000000000001_a157-5_486_map.h5,26.7863,10,172,1117,30.000000:157.500000,1320,True,23,13,1320,0.999366,25.3438,0,0.0134597,1259 1259 1321 1258 1320 1379 1378 1319 1257 1194 1256 1318 -1
GCP,adapt_p60-00000000000001_a0-0_583_map.h5,26.8879,10,662,1100,30.000000:0.000000,1294,True,9,9,1353,0.999999,16.1214,0,0.012859,1411 1411 1352 1410 1353 1293 1294 1354 -1
GCP,adapt_p60-00000000000001_a224-99999999999997_465_map.h5,27.8431,10,552,766,30.000000:225.000000,1331,True,14,13,1270,0.999998,25.7142,0,0.0127249,1332 1332 1269 1206 1268 1330 1331 1270 1207 1208 1271 1333 -1
GCP,adapt_p60-00000000000001_a67-5_395_map.h5,24.3761,10,149,1480,30.000000:67.500000,1305,False,234,10,1181,0.551199,23.7164,0,0.017401,1433 1251 1314 1313 1182 1181 1244 1243 1180 -1
GCP,adapt_p70-52877936550931_a56-24999999999999_424_map.h5,26.8774,10,548,1091,19.471220:56.250000,1177,True,11,11,1177,0.999999,21.5996,0,0.0124091,1178 1178 1240 1241 1176 1110 1177 1111 1112 1179 -1
GCP,adapt_p60-00000000000001_a135-0_398_map.h5,26.7055,10,159,1161,30.000000:135.000000,1316,True,31,13,1316,0.99919,25.0599,0,0.013273,1374 1374 1315 1253 1254 1316 1375 1376 1317 1255 1256 1318 -1
GCP,adapt_p60-00000000000001_a90-0_196_map.h5,26.859,10,480,1158,30.000000:90.000000,1309,True,14,13,1309,0.999998,25.9772,0,0.0127878,1367 1367 1307 1366 1308 1246 1247 1310 1369 1309 1368 1425 -1
GCP,adapt_p60-00000000000001_a45-0_208_map.h5,25.142,10,99,1479,30.000000:45.000000,1301,False,121,10,1043,0.802588,23.286,0,0.0149129,1047 1110 1176 1109 1043 976 1044 914 915 -1
GCP,adapt_p60-00000000000001_a112-49999999999999_58_map.h5,27.8884,10,691,772,30.000000:112.500000,1313,True,10,10,1313,0.999999,18.44,0,0.0124848,1314 1314 1252 1251 1250 1312 1313 1373 1372 -1
GCP,adapt_p48-18968510422141_a123-74999999999999_417_map.h5,26.4327,10,138,1153,41.810314:123.750000,1484,False,80,13,1437,0.977161,26.3776,0,0.0130751,1628 1586 1540 1489 1436 1379 1380 1437 1490 1541 1491 1438 -1
GCP,adapt_p60-00000000000001_a180-0_546_map.h5,26.8682,10,599,1160,30.000000:180.000000,1324,True,12,12,1324,0.999999,23.6234,0,0.0125368,1323 1323 1381 1382 1324 1261 1262 1383 1384 1325 1263 -1
GCP,adapt_p70-52877936550931_a191-25_343_map.h5,27.701,10,322,796,19.471220:191.250000,1201,True,30,13,1202,0.999272,25.1667,0,0.0128082,1138 1138 1137 1136 1201 1200 1263 1264 1265 1202 1203 1266 -1
GCP,adapt_p70-52877936550931_a56-24999999999999_10_map.h5,25.7849,10,423,1491,19.471220:56.250000,1177,True,18,12,1111,0.9998,23.3998,0,0.0128573,1178 1178 1177 1176 1110 1044 1045 1111 1179 1113 1112 -1
GCP,adapt_p35-659087696138755_a105-0_4_map.h5,26.766,10,196,1129,54.340912:105.000000,1579,True,27,13,1622,0.998437,25.8117,0,0.0127868,1695 1695 1621 1578 1579 1622 1660 1696 1661 1662 1623 1580 -1
GCP,adapt_p70-52877936550931_a146-25_360_map.h5,26.7566,10,529,1108,19.471220:146.250000,1193,True,24,13,1193,0.98613,25.443,0,0.0131837,1255 1255 1191 1192 1127 1193 1256 1257 1194 1195 1129 1130 -1
GCP,adapt_p70-52877936550931_a146-25_47_map.h5,26.855,10,558,1073,19.471220:146.250000,1193,True,12,12,1193,0.999999,23.3219,0,0.0127368,1128 1128 1127 1192 1255 1256 1193 1129 1195 1194 1257 -1
GCP,adapt_p23-556464309101234_a247-49999999999997_156_map.h5,27.6842,10,243,729,66.443535:247.500000,1708,True,42,14,1708,0.989066,27.4541,0,0.0125748,1639 1639 1676 1675 1709 1710 1737 1736 1735 1708 1707 1674 1673 -1
GCP,adapt_p35-659087696138755_a105-0_55_map.h5,26.8793,10,579,1065,54.340912:105.000000,1579,True,11,11,1579,0.999999,20.8757,0,0.0124537,1623 1623 1660 1661 1622 1621 1578 1579 1533 1580 -1
GCP,adapt_p23-556464309101234_a292-5_140_map.h5,28.6838,10,104,349,66.443535:292.500000,1712,True,42,14,1680,0.997226,27.3541,0,0.0130074,1740 1740 1739 1712 1680 1679 1643 1644 1645 1681 1713 1714 1682 -1
GCP,adapt_p60-00000000000001_a67-5_436_map.h5,26.8715,10,620,1091,30.000000:67.500000,1305,True,11,11,1365,0.999999,20.4506,0,0.0133485,1306 1306 1307 1366 1365 1423 1422 1364 1305 1363 -1
GCP,adapt_p35-659087696138755_a135-0_219_map.h5,27.8893,10,545,755,54.340912:135.000000,1583,True,9,9,1626,0.999999,15.2856,0,0.0125288,1583 1583 1582 1625 1663 1664 1626 1627 -1
GCP,adapt_p80-40593177313954_a67-5_294_map.h5,25.8453,10,316,1527,9.594069:67.500000,1047,True,16,12,979,0.999987,23.3495,0,0.01255,980 980 1046 1047 979 912 911 978 1045 977 910 -1
GCP,adapt_p80-40593177313954_a112-49999999999999_128_map.h5,25.7103,10,250,1527,9.594069:112.500000,1055,True,31,13,1120,0.998142,25.5262,0,0.013459,1118 1118 1052 1053 1054 1055 1122 1187 1121 1120 1119 1185 -1
GCP,adapt_p80-40593177313954_a22-5_202_map.h5,26.8384,10,594,1079,9.594069:22.500000,1038,True,18,13,1037,0.999983,25.9241,0,0.0124237,1104 1104 1039 971 1038 970 969 1037 1103 1036 968 1035 -1
GCP,adapt_p80-40593177313954_a67-5_210_map.h5,26.8532,10,534,1120,9.594069:67.500000,1047,True,15,13,1047,0.999997,26.4146,0,0.0125669,1113 1113 1046 979 1047 980 1048 1115 1114 1112 1179 1180 -1
GCP,adapt_p48-18968510422141_a258-75_213_map.h5,27.8834,10,700,749,41.810314:258.750000,1504,True,10,10,1452,0.999999,18.382,0,0.0123915,1504 1504 1451 1503 1554 1505 1453 1452 1396 -1
GCP,adapt_p48-18968510422141_a281-24999999999994_434_map.h5,24.5748,10,122,1149,41.810314:281.250000,1507,False,355,6,1312,0.434981,23.4098,0,0.024718,1018 1313 1312 1249 1311 -1
GCP,adapt_p60-00000000000001_a337-49999999999994_371_map.h5,26.8814,10,546,1092,30.000000:337.500000,1350,True,11,11,1350,0.999999,20.3569,0,0.0124086,1289 1289 1288 1349 1407 1350 1408 1409 1351 1290 -1
GCP,adapt_p70-52877936550931_a146-25_406_map.h5,27.632,10,244,773,19.471220:146.250000,1193,True,49,13,1127,0.995298,27.2086,0,0.0128171,1061 1127 1128 1257 1256 1193 1126 1192 1255 1254 1191 1125 -1
GCP,adapt_p35-659087696138755_a224-99999999999997_72_map.h5,26.8693,10,588,1132,54.340912:225.000000,1594,True,11,11,1594,0.999999,20.8883,0,0.0124976,1593 1593 1549 1548 1594 1550 1595 1637 1636 1635 -1
GCP,adapt_p35-659087696138755_a165-0_94_map.h5,28.6577,10,115,359,54.340912:165.000000,1587,True,48,13,1628,0.989925,26.5099,0,0.0130267,1584 1585 1540 1586 1587 1630 1629 1667 1666 1628 1627 1665 -1
GCP,adapt_p35-659087696138755_a75-0_509_map.h5,26.8798,10,559,1055,54.340912:75.000000,1576,True,10,10,1619,0.999999,18.3483,0,0.0130081,1576 1576 1575 1618 1657 1658 1619 1659 1620 -1
GCP,adapt_p60-00000000000001_a135-0_60_map.h5,26.2445,10,109,1160,30.000000:135.000000,1316,False,110,12,1346,0.989682,24.0577,0,0.0140963,1220 1283 1344 1284 1345 1403 1404 1346 1285 1286 1347 -1
GCP,adapt_p70-52877936550931_a191-25_42_map.h5,27.8812,10,633,723,19.471220:191.250000,1201,True,11,11,1135,0.999998,20.4051,0,0.0126058,1136 1136 1202 1201 1264 1263 1200 1135 1134 1199 -1
GCP,adapt_p23-556464309101234_a22-5_530_map.h5,26.8639,10,425,1208,66.443535:22.500000,1689,True,13,13,1689,0.999999,24.8876,0,0.0128899,1719 1719 1718 1687 1651 1652 1688 1689 1653 1654 1690 1720 -1
GCP,adapt_p48-18968510422141_a33-75_507_map.h5,28.4968,10,81,379,41.810314:33.750000,1471,True,72,13,1418,0.973137,26.8473,0,0.0129943,1475 1420 1361 1419 1473 1418 1360 1359 1417 1471 1472 1524 -1
GCP,adapt_p23-556464309101234_a247-49999999999997_439_map.h5,26.8864,10,783,1156,66.443535:247.500000,1708,True,10,10,1736,0.999999,18.2026,0,0.0123662,1708 1708 1676 1675 1709 1710 1737 1736 1735 -1
GCP,adapt_p48-18968510422141_a78-75_436_map.h5,28.8223,10,182,351,41.810314:78.750000,1478,True,22,14,1478,0.999926,27.488,0,0.0125325,1529 1529 1530 1479 1425 1367 1424 1478 1477 1423 1422 1476 1528 -1
GCP,adapt_p60-00000000000001_a202-49999999999997_139_map.h5,26.8159,10,397,1104,30.000000:202.500000,1328,True,20,13,1328,0.999897,25.8532,0,0.0128694,1266 1266 1329 1267 1330 1388 1387 1328 1386 1385 1327 1265 -1
GCP,adapt_p23-556464309101234_a292-5_523_map.h5,25.8615,10,153,1143,66.443535:292.500000,1712,False,165,9,1519,0.631273,25.3837,0,0.0152042,1207 1646 1647 1648 1607 1519 1520 1467 -1
GCP,adapt_p60-00000000000001_a67-5_78_map.h5,27.8613,10,297,766,30.000000:67.500000,1305,True,14,14,1364,0.999999,27.6715,0,0.0124684,1306 1306 1305 1242 1243 1307 1366 1365 1423 1422 1364 1363 1304 -1
GCP,adapt_p70-52877936550931_a101-24999999999999_538_map.h5,26.8826,10,459,1150,19.471220:101.250000,1185,True,10,10,1118,0.999999,17.6674,0,0.0122197,1119 1119 1185 1248 1247 1184 1118 1117 1183 -1
GCP,adapt_p60-00000000000001_a90-0_549_map.h5,26.8066,10,183,1133,30.000000:90.000000,1309,True,22,13,1310,0.999956,25.5782,0,0.0131871,1368 1368 1427 1426 1369 1370 1311 1248 1247 1310 1309 1246 -1
GCP,adapt_p48-18968510422141_a168-74999999999997_236_map.h5,26.8683,10,534,1136,41.810314:168.750000,1491,True,13,13,1491,0.999999,25.0605,0,0.0124684,1437 1437 1438 1439 1492 1542 1491 1490 1541 1540 1489 1436 -1
GCP,adapt_p70-52877936550931_a146-25_184_map.h5,25.7551,10,350,1445,19.471220:146.250000,1193,True,29,12,1193,0.996582,23.1361,0,0.0127401,1256 1256 1255 1191 1192 1127 1193 1194 1128 1129 1195 -1
GCP,adapt_p70-52877936550931_a236-25_483_map.h5,26.8488,10,614,1085,19.471220:236.250000,1209,True,17,13,1209,0.999998,25.4791,0,0.0129493,1271 1271 1272 1210 1144 1209 1208 1143 1077 1142 1207 1270 -1
GCP,adapt_p11-715852394892384_a315-0_184_map.h5,28.7609,10,162,383,78.284149:315.000000,1778,True,34,15,1777,0.99931,28.5276,0,0.0129161,1796 1796 1797 1791 1790 1789 1776 1777 1778 1779 1763 1762 1761 1760 -1
GCP,adapt_p35-659087696138755_a255-00000000000003_404_map.h5,27.8634,10,738,695,54.340912:255.000000,1598,True,7,7,1598,0.999999,11.1093,0,0.0123722,1640 1640 1597 1639 1598 1599 -1
GCP,adapt_p48-18968510422141_a33-75_132_map.h5,26.8644,10,556,1125,41.810314:33.750000,1471,True,12,12,1418,0.999999,23.1281,0,0.0124428,1473 1473 1524 1525 1472 1471 1417 1359 1360 1418 1419 -1
GCP,adapt_p60-00000000000001_a292-5_135_map.h5,24.988,10,71,1522,30.000000:292.500000,1343,False,143,11,1221,0.791714,24.2771,0,0.0144688,1351 1288 1222 1284 1221 1220 1155 1219 1282 1283 -1
GCP,adapt_p80-40593177313954_a315-0_451_map.h5,27.4457,10,256,721,9.594069:315.000000,1093,False,76,13,1280,0.951356,27.1267,0,0.0130703,1396 1339 1278 1340 1341 1279 1216 1217 1280 1281 1218 1219 -1
GCP,adapt_p35-659087696138755_a165-0_588_map.h5,26.8549,10,397,1112,54.340912:165.000000,1587,True,15,13,1586,0.999996,26.4045,0,0.0128777,1630 1630 1542 1588 1541 1540 1586 1587 1629 1667 1628 1585 -1
GCP,adapt_p48-18968510422141_a258-75_146_map.h5,27.7625,10,266,716,41.810314:258.750000,1504,True,31,13,1504,0.997856,25.2107,0,0.0133104,1450 1450 1451 1452 1504 1505 1554 1598 1553 1503 1502 1552 -1
GCP,adapt_p35-659087696138755_a135-0_137_map.h5,25.8513,10,434,1514,54.340912:135.000000,1583,True,13,13,1537,0.999999,25.5055,0,0.0125301,1486 1486 1487 1539 1584 1538 1537 1583 1626 1582 1536 1485 -1
GCP,adapt_p70-52877936550931_a258-75_320_map.h5,27.6872,10,188,782,19.471220:258.750000,1213,False,38,13,1341,0.994617,25.1012,0,0.0126047,1278 1278 1340 1279 1280 1341 1399 1400 1401 1343 1342 1281 -1
GCP,adapt_p80-40593177313954_a270-0_430_map.h5,26.8029,10,439,1180,9.594069:270.000000,1084,True,22,13,1085,0.999528,25.4656,0,0.0129272,1083 1083 1149 1150 1215 1216 1152 1086 1151 1085 1017 1084 -1
GCP,adapt_p80-40593177313954_a247-49999999999997_520_map.h5,28.8297,10,411,346,9.594069:247.500000,1080,True,19,13,1080,0.99988,25.7027,0,0.0131099,1147 1147 1081 1080 1012 1079 1078 1145 1210 1211 1146 1212 -1
GCP,adapt_p35-659087696138755_a285-0_480_map.h5,28.7079,10,139,339,54.340912:285.000000,1601,True,39,14,1557,0.989275,28.2303,0,0.0128546,1455 1455 1506 1454 1453 1505 1556 1507 1508 1557 1601 1602 1558 -1
GCP,adapt_p48-18968510422141_a33-75_438_map.h5,26.8721,10,524,1149,41.810314:33.750000,1471,True,11,11,1471,0.999999,20.7708,0,0.0127112,1417 1417 1470 1416 1471 1523 1524 1472 1418 1473 -1
GCP,adapt_p70-52877936550931_a101-24999999999999_25_map.h5,27.8883,10,607,768,19.471220:101.250000,1185,True,11,11,1185,0.999998,20.56,0,0.0134617,1119 1119 1120 1186 1249 1248 1247 1184 1185 1118 -1
GCP,adapt_p48-18968510422141_a168-74999999999997_128_map.h5,26.595,10,96,1136,41.810314:168.750000,1491,False,51,12,1134,0.964645,24.2054,0,0.0128391,1262 1199 1200 1201 1135 1134 1068 1067 1133 1198 1132 -1
GCP,adapt_p35-659087696138755_a285-0_16_map.h5,27.8934,10,621,731,54.340912:285.000000,1601,True,8,8,1601,0.999999,13.0231,0,0.0123447,1602 1602 1643 1642 1601 1557 1556 -1
GCP,adapt_p60-00000000000001_a157-5_277_map.h5,27.8029,10,202,779,30.000000:157.500000,1320,True,25,13,1320,0.999792,25.2645,0,0.0128374,1259 1259 1258 1257 1319 1378 1379 1320 1321 1380 1322 1381 -1
GCP,adapt_p60-00000000000001_a90-0_538_map.h5,26.8643,10,647,1039,30.000000:90.000000,1309,True,11,11,1309,0.999999,20.9253,0,0.0124671,1310 1310 1246 1247 1309 1308 1367 1425 1368 1369 -1
GCP,adapt_p80-40593177313954_a90-0_260_map.h5,27.7935,10,339,744,9.594069:90.000000,1051,True,25,13,1050,0.999597,25.9137,0,0.0133327,1052 1052 1117 1183 1118 1051 984 983 1050 1116 1115 1049 -1
GCP,adapt_p70-52877936550931_a191-25_214_map.h5,26.8994,10,92,715,19.471220:191.250000,1201,False,151,12,1005,0.895861,26.8808,0,0.0143209,1065 1003 1071 1004 1072 1005 938 939 1006 940 1007 -1
GCP,adapt_p70-52877936550931_a101-24999999999999_301_map.h5,27.8473,10,303,762,19.471220:101.250000,1185,True,19,14,1184,0.999995,27.6947,0,0.0124887,1183 1183 1117 1182 1246 1247 1184 1118 1119 1185 1248 1249 1186 -1
GCP,adapt_p23-556464309101234_a112-5_14_map.h5,26.8413,10,829,1150,66.443535:112.500000,1697,True,10,10,1725,0.999998,18.1104,0,0.0125479,1696 1696 1724 1695 1725 1726 1697 1662 1661 -1
GCP,adapt_p70-52877936550931_a258-75_249_map.h5,26.4514,10,164,1127,19.471220:258.750000,1213,True,78,12,1213,0.827725,25.3622,0,0.0133529,1076 1077 1143 1078 1144 1147 1212 1213 1148 1149 1214 -1
GCP,adapt_p11-715852394892384_a45-0_305_map.h5,27.888,10,622,749,78.284149:45.000000,1766,True,10,10,1766,0.999999,17.5928,0,0.0127528,1767 1767 1748 1747 1746 1745 1765 1766 1782 -1
GCP,adapt_p35-659087696138755_a315-0_310_map.h5,27.8852,10,703,731,54.340912:315.000000,1605,True,9,9,1605,0.999999,15.8078,0,0.0125312,1561 1561 1560 1604 1605 1562 1606 1646 -1
GCP,adapt_p60-00000000000001_a247-49999999999997_484_map.h5,26.8554,10,509,1137,30.000000:247.500000,1335,True,14,12,1334,0.999998,23.4009,0,0.0124093,1393 1393 1392 1391 1333 1272 1273 1334 1335 1274 1394 -1
GCP,adapt_p70-52877936550931_a258-75_89_map.h5,26.3075,10,154,1115,19.471220:258.750000,1213,True,98,11,1276,0.90933,24.4107,0,0.0133668,1273 1213 1214 1277 1276 1337 1275 1212 1078 1077 -1
GCP,adapt_p35-659087696138755_a45-0_404_map.h5,26.877,10,526,1024,54.340912:45.000000,1572,True,11,11,1572,0.999999,20.3652,0,0.0128163,1525 1525 1526 1573 1617 1616 1615 1571 1572 1524 -1
GCP,adapt_p80-40593177313954_a67-5_266_map.h5,26.8369,10,410,1094,9.594069:67.500000,1047,True,18,13,1047,0.999991,25.8248,0,0.0128877,1046 1046 978 979 980 1047 1112 1113 1114 1048 981 1049 -1
GCP,adapt_p48-18968510422141_a123-74999999999999_27_map.h5,27.8775,10,560,718,41.810314:123.750000,1484,True,9,9,1431,0.999999,15.5875,0,0.0123053,1432 1432 1485 1484 1431 1374 1373 1430 -1
GCP,adapt_p48-18968510422141_a348-74999999999994_451_map.h5,27.8032,10,248,754,41.810314:348.750000,1517,False,22,13,1409,0.999862,25.2955,0,0.0126492,1411 1411 1412 1466 1410 1353 1352 1351 1409 1465 1464 1408 -1
GCP,adapt_p80-40593177313954_a247-49999999999997_436_map.h5,25.7393,10,331,1545,9.594069:247.500000,1080,True,27,12,1080,0.995073,23.4063,0,0.0125412,1144 1144 1143 1078 1145 1079 1012 1080 1013 1081 1014 -1
GCP,adapt_p60-00000000000001_a315-0_561_map.h5,26.8622,10,471,1096,30.000000:315.000000,1346,True,14,13,1347,0.999997,25.592,0,0.0125557,1346 1346 1404 1460 1461 1406 1348 1287 1405 1347 1286 1285 -1
GCP,adapt_p48-18968510422141_a191-25_221_map.h5,25.7181,10,231,1422,41.810314:191.250000,1494,True,38,13,1494,0.996402,25.3716,0,0.0126788,1440 1440 1441 1495 1442 1443 1496 1546 1545 1544 1494 1493 -1
GCP,adapt_p11-715852394892384_a135-0_2_map.h5,26.862,10,448,1058,78.284149:135.000000,1770,True,15,13,1752,0.999997,25.2605,0,0.0127807,1770 1770 1785 1751 1752 1727 1728 1729 1753 1771 1772 1754 -1
GCP,adapt_p35-659087696138755_a344-99999999999994_17_map.h5,25.8461,10,364,1522,54.340912:345.000000,1609,True,14,13,1649,0.999998,25.3229,0,0.0127448,1608 1608 1607 1648 1684 1649 1609 1610 1611 1650 1685 1686 -1
GCP,adapt_p23-556464309101234_a157-5_42_map.h5,28.8806,10,392,351,66.443535:157.500000,1701,True,12,12,1700,0.999998,22.9456,0,0.0131957,1665 1665 1699 1728 1729 1701 1667 1700 1666 1628 1627 -1
GCP,adapt_p48-18968510422141_a191-25_352_map.h5,26.8658,10,555,1099,41.810314:191.250000,1494,True,13,13,1494,0.999999,25.2772,0,0.0129831,1441 1441 1440 1439 1492 1493 1494 1442 1495 1545 1544 1543 -1
GCP,adapt_p80-40593177313954_a157-5_101_map.h5,27.8789,10,666,811,9.594069:157.500000,1063,True,12,12,1130,0.999999,22.9166,0,0.0129282,1064 1064 1065 1131 1130 1196 1195 1129 1063 1128 1062 -1
GCP,adapt_p48-18968510422141_a258-75_345_map.h5,27.894,10,690,733,41.810314:258.750000,1504,True,7,7,1504,0.999999,10.6414,0,0.0127327,1451 1451 1452 1504 1503 1553 -1
GCP,adapt_p35-659087696138755_a135-0_471_map.h5,26.3715,10,115,1118,54.340912:135.000000,1583,False,93,12,1697,0.923043,25.2404,0,0.0132672,1770 1750 1724 1725 1726 1696 1662 1697 1698 1663 1582 -1
GCP,adapt_p11-715852394892384_a225-0_363_map.h5,26.8683,10,524,1117,78.284149:225.000000,1774,True,15,13,1757,0.999998,24.7461,0,0.0124511,1775 1775 1788 1787 1773 1756 1774 1757 1758 1735 1734 1733 -1
GCP,adapt_p70-52877936550931_a168-74999999999997_285_map.h5,26.8801,10,717,1191,19.471220:168.750000,1197,True,12,12,1197,0.999999,24.2608,0,0.0127281,1198 1198 1131 1132 1196 1259 1260 1197 1199 1262 1261 -1
GCP,adapt_p48-18968510422141_a11-25_530_map.h5,26.841,10,436,1186,41.810314:11.250000,1468,True,18,13,1520,0.999981,26.074,0,0.0128311,1519 1519 1468 1414 1413 1467 1518 1520 1567 1568 1521 1469 -1
GCP,adapt_p23-556464309101234_a337-5_555_map.h5,27.823,10,260,792,66.443535:337.500000,1716,True,20,13,1741,0.999939,24.6666,0,0.0128445,1740 1740 1741 1763 1764 1742 1716 1684 1683 1715 1714 1682 -1
GCP,adapt_p48-18968510422141_a168-74999999999997_250_map.h5,27.8834,10,764,686,41.810314:168.750000,1491,True,10,10,1491,0.999999,17.7818,0,0.0124052,1438 1438 1439 1492 1491 1542 1541 1490 1437 -1
GCP,adapt_p48-18968510422141_a11-25_514_map.h5,25.7862,10,344,1518,41.810314:11.250000,1468,True,25,13,1468,0.99983,25.2953,0,0.012636,1520 1520 1521 1522 1470 1415 1469 1468 1414 1355 1413 1467 -1
GCP,adapt_p60-00000000000001_a180-0_131_map.h5,28.8422,10,289,420,30.000000:180.000000,1324,True,17,14,1382,0.999988,28.3166,0,0.012552,1323 1323 1262 1261 1324 1382 1381 1439 1440 1383 1384 1325 1263 -1
GCP,adapt_p70-52877936550931_a258-75_503_map.h5,26.7198,10,224,1092,19.471220:258.750000,1213,True,38,13,1147,0.993695,25.5558,0,0.0129948,1212 1212 1211 1145 1146 1147 1081 1082 1148 1213 1149 1083 -1
GCP,adapt_p23-556464309101234_a157-5_479_map.h5,26.9887,10,29,402,66.443535:157.500000,1701,False,313,9,1434,0.685212,26.443,0,0.0219056,1459 1487 1433 1376 1318 1377 1434 1435 -1
GCP,adapt_p48-18968510422141_a236-25_424_map.h5,26.8591,10,499,1097,41.810314:236.250000,1501,True,14,13,1448,0.999998,26.051,0,0.0127194,1500 1500 1550 1551 1552 1502 1450 1501 1447 1448 1449 1392 -1
GCP,adapt_p48-18968510422141_a258-75_36_map.h5,27.8383,10,295,752,41.810314:258.750000,1504,True,20,14,1504,0.999994,27.7314,0,0.0125154,1554 1554 1598 1553 1503 1552 1502 1450 1451 1395 1452 1504 1505 -1
GCP,adapt_p70-52877936550931_a168-74999999999997_339_map.h5,27.891,10,581,770,19.471220:168.750000,1197,True,11,11,1197,0.999999,21.1134,0,0.0127427,1131 1131 1130 1195 1259 1196 1132 1198 1197 1260 -1
GCP,adapt_p23-556464309101234_a67-5_247_map.h5,28.4538,10,65,396,66.443535:67.500000,1693,False,81,13,1369,0.95199,28.2663,0,0.0130436,1308 1309 1310 1311 1370 1369 1368 1426 1575 1619 1618 1574 -1
GCP,adapt_p23-556464309101234_a112-5_173_map.h5,26.8262,10,209,1129,66.443535:112.500000,1697,True,21,13,1697,0.999953,25.6187,0,0.0125744,1725 1725 1695 1726 1727 1698 1663 1662 1697 1696 1661 1623 -1
GCP,adapt_p70-52877936550931_a33-75_229_map.h5,26.8775,10,542,1133,19.471220:33.750000,1173,True,10,10,1173,0.999998,18.402,0,0.0123398,1236 1236 1174 1237 1173 1107 1106 1172 1235 -1
GCP,adapt_p60-00000000000001_a45-0_24_map.h5,25.8643,10,538,1462,30.000000:45.000000,1301,True,12,12,1301,0.999999,23.3226,0,0.0124764,1361 1361 1360 1300 1237 1238 1301 1362 1303 1302 1239 -1
GCP,adapt_p48-18968510422141_a258-75_189_map.h5,27.8714,10,634,773,41.810314:258.750000,1504,True,11,11,1553,0.999999,20.881,0,0.0124408,1504 1504 1451 1452 1503 1450 1502 1552 1553 1554 -1
GCP,adapt_p23-556464309101234_a202-5_88_map.h5,26.8673,10,452,1096,66.443535:202.500000,1704,True,12,12,1704,0.999999,23.6324,0,0.0124943,1703 1703 1732 1731 1704 1705 1671 1670 1702 1668 1669 -1
GCP,adapt_p23-556464309101234_a292-5_213_map.h5,28.7991,10,169,377,66.443535:292.500000,1712,True,23,14,1713,0.999674,27.9206,0,0.0126879,1714 1714 1682 1645 1644 1679 1680 1681 1713 1712 1738 1739 1740 -1
GCP,adapt_p80-40593177313954_a157-5_65_map.h5,28.8519,10,332,372,9.594069:157.500000,1063,True,14,14,1130,0.999999,28.1032,0,0.0128559,1064 1064 1063 1129 1062 1128 1194 1195 1196 1197 1131 1130 1065 -1
GCP,adapt_p80-40593177313954_a45-0_371_map.h5,24.2384,10,124,1142,9.594069:45.000000,1042,True,413,11,1042,0.464697,22.3538,0,0.0292886,1303 1176 1175 1109 1043 1042 1041 1107 1108 1174 -1
GCP,adapt_p60-00000000000001_a224-99999999999997_332_map.h5,26.8801,10,606,1119,30.000000:225.000000,1331,True,10,10,1390,0.999999,17.7912,0,0.012722,1391 1391 1333 1332 1390 1447 1446 1389 1331 -1
GCP,adapt_p60-00000000000001_a270-0_565_map.h5,26.7155,10,160,1123,30.000000:270.000000,1339,True,36,13,1338,0.998312,25.1438,0,0.0132732,1395 1395 1337 1396 1338 1277 1278 1339 1340 1398 1397 1453 -1
GCP,adapt_p48-18968510422141_a191-25_71_map.h5,26.853,10,197,1123,41.810314:191.250000,1494,True,17,13,1493,0.999988,26.1731,0,0.0137657,1492 1492 1440 1439 1493 1543 1542 1589 1544 1545 1494 1441 -1
GCP,adapt_p11-715852394892384_a315-0_446_map.h5,27.75,10,194,802,78.284149:315.000000,1778,True,43,14,1778,0.991844,26.6871,0,0.0127565,1780 1780 1781 1791 1790 1789 1777 1778 1779 1763 1762 1761 1739 -1
GCP,adapt_p60-00000000000001_a90-0_92_map.h5,26.7668,10,488,1118,30.000000:90.000000,1309,True,12,12,1309,0.999999,23.1201,0,0.012985,1308 1308 1307 1245 1246 1309 1367 1368 1369 1310 1247 -1
GCP,adapt_p23-556464309101234_a112-5_191_map.h5,27.8733,10,234,762,66.443535:112.500000,1697,True,14,14,1696,0.999999,27.758,0,0.0124667,1724 1724 1750 1749 1694 1695 1660 1661 1696 1725 1726 1697 1662 -1
GCP,adapt_p23-556464309101234_a202-5_111_map.h5,27.881,10,519,699,66.443535:202.500000,1704,True,11,11,1704,0.999999,21.1062,0,0.012749,1732 1732 1731 1705 1706 1733 1704 1670 1671 1672 -1
GCP,adapt_p23-556464309101234_a247-49999999999997_52_map.h5,26.8767,10,565,1177,66.443535:247.500000,1708,True,13,13,1707,0.999999,25.5628,0,0.0130791,1675 1675 1638 1637 1673 1706 1734 1707 1674 1708 1735 1709 -1
GCP,adapt_p60-00000000000001_a337-49999999999994_308_map.h5,28.7952,10,142,378,30.000000:337.500000,1350,True,25,14,1350,0.999284,28.0716,0,0.0125603,1289 1289 1288 1349 1406 1463 1407 1350 1408 1464 1409 1351 1290 -1
GCP,adapt_p80-40593177313954_a22-5_475_map.h5,27.8133,10,276,735,9.594069:22.500000,1038,True,20,13,1104,0.99985,25.9996,0,0.0125112,1171 1171 1170 1172 1106 1105 1039 1038 1104 1103 1037 1036 -1
GCP,adapt_p70-52877936550931_a146-25_483_map.h5,25.7208,10,320,1469,19.471220:146.250000,1193,False,19,13,1129,0.999977,25.0634,0,0.0130076,1064 1064 1065 1131 1130 1196 1195 1129 1063 1062 1128 1194 -1
GCP,adapt_p35-659087696138755_a315-0_449_map.h5,28.8974,10,502,369,54.340912:315.000000,1605,True,9,9,1605,0.999999,15.3139,0,0.012394,1646 1646 1645 1604 1560 1561 1605 1606 -1
GCP,adapt_p48-18968510422141_a258-75_439_map.h5,27.8781,10,542,795,41.810314:258.750000,1504,True,12,12,1451,0.999999,22.9513,0,0.0127208,1394 1394 1395 1452 1504 1503 1451 1450 1393 1449 1502 -1
GCP,adapt_p60-00000000000001_a292-5_220_map.h5,28.6679,10,108,377,30.000000:292.500000,1343,True,43,14,1343,0.993654,27.3702,0,0.0129752,1400 1400 1342 1281 1282 1343 1401 1344 1283 1284 1345 1403 1402 -1
GCP,adapt_p70-52877936550931_a213-75_470_map.h5,26.8814,10,688,1047,19.471220:213.750000,1205,True,10,10,1205,0.999998,18.2648,0,0.0123574,1206 1206 1140 1205 1269 1268 1267 1204 1139 -1
GCP,adapt_p80-40593177313954_a337-49999999999994_80_map.h5,26.6245,10,90,1149,9.594069:337.500000,1097,False,55,12,1411,0.954206,24.4063,0,0.013315,1229 1292 1353 1410 1411 1412 1354 1295 1294 1231 1293 -1
GCP,adapt_p35-659087696138755_a75-0_121_map.h5,27.4307,10,101,723,54.340912:75.000000,1576,True,81,13,1577,0.980249,27.1732,0,0.0131121,1580 1532 1578 1621 1620 1576 1529 1530 1577 1531 1479 1480 -1
GCP,adapt_p35-659087696138755_a165-0_334_map.h5,27.8791,10,542,831,54.340912:165.000000,1587,True,11,11,1587,0.999999,20.4023,0,0.0126438,1586 1586 1628 1666 1667 1629 1630 1588 1587 1541 -1
GCP,adapt_p80-40593177313954_a45-0_498_map.h5,26.8528,10,445,1142,9.594069:45.000000,1042,True,16,13,1108,0.999997,25.8713,0,0.0129714,1109 1109 1042 1043 1110 1175 1108 1174 1173 1107 1041 1040 -1
GCP,adapt_p80-40593177313954_a337-49999999999994_192_map.h5,26.8654,10,621,1144,9.594069:337.500000,1097,True,12,12,1096,0.999998,23.0256,0,0.0124374,1162 1162 1161 1095 1028 1096 1029 1097 1030 1098 1163 -1
GCP,adapt_p60-00000000000001_a247-49999999999997_552_map.h5,26.846,10,554,1103,30.000000:247.500000,1335,True,15,13,1394,0.999991,25.2051,0,0.0128017,1395 1395 1337 1275 1336 1394 1451 1450 1393 1335 1274 1273 -1
GCP,adapt_p48-18968510422141_a11-25_98_map.h5,27.8463,10,318,791,41.810314:11.250000,1468,True,18,13,1467,0.999991,26.1641,0,0.0124883,1520 1520 1469 1521 1414 1468 1467 1519 1518 1412 1413 1354 -1
GCP,adapt_p35-659087696138755_a285-0_108_map.h5,26.8794,10,748,1154,54.340912:285.000000,1601,True,8,8,1602,0.999999,13.65,0,0.0124213,1601 1601 1643 1557 1558 1602 1603 -1
GCP,adapt_p35-659087696138755_a105-0_596_map.h5,26.8852,10,533,1097,54.340912:105.000000,1579,True,10,10,1622,0.999999,18.3094,0,0.0126113,1579 1579 1621 1578 1622 1660 1661 1623 1580 -1
GCP,adapt_p80-40593177313954_a157-5_287_map.h5,26.7858,10,439,1115,9.594069:157.500000,1063,True,19,13,1064,0.999621,25.9438,0,0.013033,1065 1065 998 997 1064 1130 1131 996 1063 1129 1128 1062 -1
GCP,adapt_p11-715852394892384_a225-0_531_map.h5,25.8111,10,370,1498,78.284149:225.000000,1774,True,17,13,1756,0.999998,24.9307,0,0.012654,1732 1732 1733 1734 1758 1775 1774 1757 1756 1773 1755 1731 -1
GCP,adapt_p23-556464309101234_a22-5_400_map.h5,27.8399,10,286,787,66.443535:22.500000,1689,True,18,14,1689,0.999984,27.6819,0,0.0128384,1687 1687 1688 1743 1718 1719 1689 1653 1614 1613 1652 1651 1612 -1
GCP,adapt_p48-18968510422141_a258-75_140_map.h5,26.8622,10,526,1061,41.810314:258.750000,1504,True,13,13,1553,0.999998,25.5006,0,0.0125655,1552 1552 1597 1598 1553 1502 1450 1503 1451 1452 1504 1554 -1
GCP,adapt_p60-00000000000001_a112-49999999999999_215_map.h5,27.8232,10,293,708,30.000000:112.500000,1313,True,19,13,1371,0.999899,26.0148,0,0.0125822,1370 1370 1312 1311 1371 1428 1429 1430 1372 1313 1373 1314 -1
GCP,adapt_p35-659087696138755_a344-99999999999994_574_map.h5,27.8383,10,271,739,54.340912:345.000000,1609,True,18,13,1609,0.999994,26.7034,0,0.0125256,1650 1650 1610 1566 1516 1564 1565 1609 1611 1649 1608 1607 -1
GCP,adapt_p48-18968510422141_a213-75_154_map.h5,26.8552,10,538,1125,41.810314:213.750000,1497,True,14,13,1445,0.999994,25.7583,0,0.0125365,1497 1497 1548 1547 1498 1549 1499 1446 1389 1388 1445 1444 -1
GCP,adapt_p70-52877936550931_a11-25_502_map.h5,28.7776,10,180,373,19.471220:11.250000,1169,True,27,13,1169,0.999434,26.3356,0,0.0131872,1103 1103 1233 1234 1171 1170 1232 1169 1102 1168 1231 1167 -1
GCP,adapt_p80-40593177313954_a0-0_266_map.h5,26.8737,10,531,1090,9.594069:0.000000,1034,True,13,13,1034,0.999999,26.3918,0,0.0131716,1101 1101 967 1035 1036 1102 1034 1033 1100 1166 1165 1099 -1
GCP,adapt_p23-556464309101234_a292-5_479_map.h5,27.8782,10,451,780,66.443535:292.500000,1712,True,12,12,1712,0.999999,23.4952,0,0.0126184,1738 1738 1713 1739 1712 1737 1710 1711 1678 1679 1680 -1
GCP,adapt_p48-18968510422141_a303-75_555_map.h5,26.8485,10,433,1205,41.810314:303.750000,1510,True,14,13,1511,0.999999,25.0368,0,0.0133088,1459 1459 1458 1457 1509 1559 1510 1511 1560 1561 1512 1460 -1
GCP,adapt_p48-18968510422141_a101-24999999999999_28_map.h5,26.8803,10,599,1123,41.810314:101.250000,1481,True,8,8,1428,0.999999,13.5818,0,0.0124506,1481 1481 1533 1482 1427 1428 1429 -1
GCP,adapt_p60-00000000000001_a45-0_164_map.h5,26.8689,10,596,1066,30.000000:45.000000,1301,True,11,11,1301,0.999999,20.3705,0,0.012877,1302 1302 1361 1360 1359 1300 1237 1301 1238 1239 -1
GCP,adapt_p11-715852394892384_a135-0_122_map.h5,27.8844,10,705,691,78.284149:135.000000,1770,True,9,9,1752,0.999998,15.3907,0,0.0123743,1771 1771 1753 1752 1751 1769 1770 1785 -1
GCP,adapt_p70-52877936550931_a326-24999999999994_434_map.h5,26.4063,10,148,1102,19.471220:326.250000,1225,False,82,11,1568,0.854215,25.0031,0,0.0134802,1412 1292 1291 1352 1353 1567 1520 1521 1568 1569 -1
GCP,adapt_p60-00000000000001_a22-5_224_map.h5,25.827,10,344,1483,30.000000:22.500000,1298,True,17,13,1358,0.99999,25.3017,0,0.0127519,1298 1298 1299 1300 1359 1417 1416 1358 1357 1297 1356 1415 -1
GCP,adapt_p80-40593177313954_a202-49999999999997_213_map.h5,27.8309,10,325,741,9.594069:202.500000,1072,True,19,13,1071,0.99997,25.2173,0,0.0128749,1138 1138 1139 1073 1072 1004 1003 1071 1137 1136 1070 1069 -1
GCP,adapt_p60-00000000000001_a247-49999999999997_187_map.h5,27.7509,10,257,761,30.000000:247.500000,1335,True,29,14,1335,0.99911,27.7275,0,0.0128747,1272 1272 1333 1391 1392 1334 1273 1274 1336 1394 1335 1393 1449 -1
GCP,adapt_p48-18968510422141_a303-75_78_map.h5,27.878,10,684,758,41.810314:303.750000,1510,True,10,10,1458,0.999999,19.135,0,0.0127505,1510 1510 1558 1559 1511 1459 1509 1457 1458 -1
GCP,adapt_p70-52877936550931_a326-24999999999994_77_map.h5,27.7941,10,282,710,19.471220:326.250000,1225,True,24,13,1226,0.999794,25.8037,0,0.0136478,1162 1162 1163 1227 1226 1161 1160 1225 1289 1288 1287 1224 -1
GCP,adapt_p80-40593177313954_a202-49999999999997_368_map.h5,26.7281,10,419,1115,9.594069:202.500000,1072,True,29,13,1073,0.992655,25.983,0,0.0127234,1139 1139 1073 1006 1007 1074 1005 1004 1072 1137 1071 1070 -1
GCP,adapt_p60-00000000000001_a45-0_353_map.h5,25.8643,10,393,1453,30.000000:45.000000,1301,True,14,12,1301,0.999997,23.6883,0,0.0124481,1302 1302 1362 1361 1238 1239 1301 1360 1359 1300 1237 -1
GCP,adapt_p35-659087696138755_a255-00000000000003_467_map.h5,27.8663,10,403,727,54.340912:255.000000,1598,True,14,14,1598,0.999998,27.6381,0,0.0125029,1554 1554 1504 1553 1552 1597 1639 1640 1598 1599 1641 1600 1555 -1
GCP,adapt_p70-52877936550931_a236-25_40_map.h5,28.8393,10,377,342,19.471220:236.250000,1209,True,16,14,1273,0.999919,27.5595,0,0.0125127,1144 1144 1145 1210 1211 1274 1335 1334 1273 1272 1209 1208 1271 -1
GCP,adapt_p23-556464309101234_a337-5_293_map.h5,28.8533,10,321,380,66.443535:337.500000,1716,True,15,14,1717,0.999999,28.2947,0,0.0135295,1687 1687 1685 1717 1651 1686 1650 1649 1684 1716 1742 1743 1718 -1
GCP,adapt_p48-18968510422141_a123-74999999999999_258_map.h5,25.8328,10,441,1504,41.810314:123.750000,1484,True,16,13,1432,0.999982,25.3118,0,0.012966,1433 1433 1432 1375 1374 1431 1430 1484 1536 1485 1486 1537 -1
GCP,adapt_p80-40593177313954_a67-5_577_map.h5,26.8721,10,641,1089,9.594069:67.500000,1047,True,12,12,1047,0.999998,23.3376,0,0.0126254,979 979 980 1048 1114 1113 1047 978 1045 1046 1112 -1
GCP,adapt_p35-659087696138755_a315-0_554_map.h5,25.8411,10,366,1493,54.340912:315.000000,1605,True,17,13,1646,0.999993,24.9799,0,0.0127149,1682 1682 1683 1648 1607 1606 1647 1646 1605 1604 1645 1681 -1
GCP,adapt_p70-52877936550931_a146-25_318_map.h5,26.838,10,441,1119,19.471220:146.250000,1193,True,14,13,1192,0.999998,24.9977,0,0.012816,1255 1255 1254 1191 1192 1126 1127 1193 1256 1257 1194 1128 -1
GCP,adapt_p80-40593177313954_a67-5_32_map.h5,26.8934,10,595,1118,9.594069:67.500000,1047,True,10,10,1047,0.999999,19.0149,0,0.0124341,980 980 1046 979 1047 981 1049 1048 1114 -1
GCP,adapt_p70-52877936550931_a281-24999999999994_525_map.h5,28.8854,10,393,376,19.471220:281.250000,1217,True,11,11,1217,0.999999,20.7344,0,0.0133776,1279 1279 1217 1280 1281 1218 1153 1152 1216 1278 -1
GCP,adapt_p35-659087696138755_a165-0_426_map.h5,25.83,10,415,1460,54.340912:165.000000,1587,True,15,13,1629,0.999998,25.6388,0,0.0128663,1630 1630 1586 1587 1629 1628 1585 1627 1665 1666 1667 1668 -1
GCP,adapt_p80-40593177313954_a180-0_353_map.h5,26.7179,10,200,1097,9.594069:180.000000,1067,True,36,13,1134,0.998358,25.9424,0,0.0129401,1198 1198 1199 1132 1066 1133 1067 1068 1134 1069 1135 1200 -1
GCP,adapt_p80-40593177313954_a157-5_328_map.h5,26.8698,10,449,1087,9.594069:157.500000,1063,True,14,12,1063,0.999998,24.7939,0,0.013014,1062 995 996 1063 1062 1061 1128 1129 1130 1064 1131 -1
GCP,adapt_p80-40593177313954_a292-5_546_map.h5,26.8562,10,567,1197,9.594069:292.500000,1088,True,14,13,1089,0.999999,25.8573,0,0.0125636,1021 1021 1090 1156 1091 1023 1022 1089 1155 1154 1088 1020 -1
GCP,adapt_p70-52877936550931_a258-75_524_map.h5,25.823,10,424,1435,19.471220:258.750000,1213,True,17,13,1213,0.999973,25.115,0,0.0127855,1275 1275 1276 1214 1149 1148 1213 1212 1147 1146 1211 1274 -1
GCP,adapt_p35-659087696138755_a45-0_516_map.h5,26.8852,10,567,1123,54.340912:45.000000,1572,True,8,8,1572,0.999999,13.6457,0,0.0126287,1616 1616 1615 1571 1617 1573 1572 -1
GCP,adapt_p48-18968510422141_a348-74999999999994_490_map.h5,26.8704,10,545,1079,41.810314:348.750000,1517,True,11,11,1517,0.999998,20.9861,0,0.0124237,1566 1566 1517 1516 1565 1519 1518 1412 1466 1465 -1
GCP,adapt_p48-18968510422141_a348-74999999999994_124_map.h5,26.746,10,273,1051,41.810314:348.750000,1517,True,35,12,1465,0.995803,23.704,0,0.0127015,1352 1352 1408 1464 1516 1517 1518 1465 1409 1410 1466 -1
GCP,adapt_p80-40593177313954_a180-0_482_map.h5,25.7287,10,204,1565,9.594069:180.000000,1067,True,31,13,1070,0.994589,25.6515,0,0.0130576,1000 1000 1067 1068 1001 1002 1069 1136 1070 1003 1071 1004 -1
GCP,adapt_p48-18968510422141_a33-75_409_map.h5,26.8249,10,574,1151,41.810314:33.750000,1471,True,11,11,1471,0.999999,20.3263,0,0.0128241,1470 1470 1522 1523 1471 1524 1472 1418 1417 1416 -1
GCP,adapt_p35-659087696138755_a315-0_526_map.h5,28.3673,10,113,379,54.340912:315.000000,1605,True,96,13,1646,0.918452,26.6281,0,0.013504,1558 1603 1644 1645 1604 1646 1605 1606 1607 1648 1647 1683 -1
GCP,adapt_p80-40593177313954_a224-99999999999997_162_map.h5,27.78,10,312,704,9.594069:225.000000,1076,True,24,13,1075,0.999432,26.6585,0,0.0127874,1008 1075 1007 1008 1076 1142 1141 1140 1074 1006 1073 1139 -1
GCP,adapt_p11-715852394892384_a135-0_225_map.h5,25.8242,10,384,1522,78.284149:135.000000,1770,True,22,13,1752,0.999926,24.695,0,0.012615,1769 1769 1750 1751 1752 1728 1753 1754 1772 1771 1770 1785 -1
GCP,adapt_p80-40593177313954_a315-0_441_map.h5,27.8342,10,272,729,9.594069:315.000000,1093,True,19,13,1094,0.999992,25.5317,0,0.0125421,1093 1093 1025 1026 1027 1094 1159 1160 1161 1095 1028 1096 -1
GCP,adapt_p70-52877936550931_a326-24999999999994_332_map.h5,25.8032,10,248,1535,19.471220:326.250000,1225,False,20,13,1223,0.999565,25.6456,0,0.0126198,1159 1159 1224 1287 1347 1346 1284 1222 1285 1286 1223 1158 -1
GCP,adapt_p48-18968510422141_a191-25_354_map.h5,25.8553,10,522,1473,41.810314:191.250000,1494,True,14,12,1545,0.999997,23.0669,0,0.0135283,1495 1495 1546 1591 1590 1545 1544 1493 1494 1442 1441 -1
GCP,adapt_p23-556464309101234_a202-5_308_map.h5,26.8174,10,339,1168,66.443535:202.500000,1704,True,19,13,1670,0.999849,24.9779,0,0.0123846,1705 1705 1732 1704 1703 1669 1632 1633 1670 1671 1634 1635 -1
GCP,adapt_p23-556464309101234_a292-5_7_map.h5,25.828,10,338,1507,66.443535:292.500000,1712,True,17,13,1739,0.999968,25.4028,0,0.0127445,1740 1740 1713 1714 1739 1761 1760 1737 1738 1711 1712 1680 -1
GCP,adapt_p23-556464309101234_a157-5_443_map.h5,25.8283,10,295,1537,66.443535:157.500000,1701,True,17,12,1700,0.999957,23.5987,0,0.0124744,1729 1729 1699 1665 1666 1700 1728 1730 1702 1701 1667 -1
GCP,adapt_p60-00000000000001_a135-0_554_map.h5,27.7513,10,287,711,30.000000:135.000000,1316,True,29,13,1375,0.996914,26.023,0,0.0125227,1432 1432 1374 1433 1377 1318 1256 1255 1317 1376 1375 1316 -1
GCP,adapt_p35-659087696138755_a45-0_566_map.h5,26.8712,10,477,1120,54.340912:45.000000,1572,True,10,10,1572,0.999999,18.1078,0,0.0135482,1525 1525 1573 1526 1572 1616 1615 1571 1524 -1
GCP,adapt_p48-18968510422141_a281-24999999999994_143_map.h5,26.8473,10,480,1091,41.810314:281.250000,1507,True,16,13,1507,0.999995,26.5489,0,0.0124407,1506 1507 1455 1399 1398 1454 1453 1506 1556 1557 1508 1456 -1
GCP,adapt_p70-52877936550931_a56-24999999999999_385_map.h5,26.8793,10,610,1047,19.471220:56.250000,1177,True,11,11,1177,0.999999,21.2071,0,0.0124736,1240 1240 1178 1112 1241 1177 1111 1110 1176 1239 -1
GCP,adapt_p35-659087696138755_a165-0_597_map.h5,26.8625,10,541,1069,54.340912:165.000000,1587,True,12,12,1629,0.999999,23.0724,0,0.0132731,1587 1587 1541 1586 1585 1628 1666 1667 1629 1668 1630 -1
GCP,adapt_p80-40593177313954_a112-49999999999999_3_map.h5,26.1267,10,166,1115,9.594069:112.500000,1055,True,124,12,1054,0.785263,24.8649,0,0.0141173,982 1116 1117 1118 1052 1053 1120 1054 1055 1121 1122 -1
GCP,adapt_p35-659087696138755_a285-0_292_map.h5,26.7401,10,238,1135,54.340912:285.000000,1601,True,33,13,1601,0.996007,26.1,0,0.0136536,1678 1678 1600 1556 1507 1557 1601 1642 1641 1679 1643 1602 -1
GCP,adapt_p48-18968510422141_a123-74999999999999_84_map.h5,26.7813,10,156,1144,41.810314:123.750000,1484,True,26,13,1483,0.9998,25.149,0,0.0124782,1372 1372 1371 1429 1430 1431 1484 1535 1534 1483 1482 1428 -1
GCP,adapt_p23-556464309101234_a292-5_66_map.h5,26.7839,10,198,1118,66.443535:292.500000,1712,True,26,13,1739,0.999069,26.4684,0,0.0129344,1714 1713 1739 1740 1762 1761 1738 1711 1712 1680 1681 1714 -1
GCP,adapt_p48-18968510422141_a258-75_291_map.h5,26.8876,10,642,1067,41.810314:258.750000,1504,True,10,10,1451,0.999999,17.9648,0,0.0131324,1504 1504 1452 1451 1450 1502 1552 1503 1553 -1
GCP,adapt_p23-556464309101234_a247-49999999999997_130_map.h5,28.8664,10,358,345,66.443535:247.500000,1708,True,14,14,1708,0.999998,27.6576,0,0.0123961,1735 1735 1734 1673 1674 1707 1708 1675 1676 1709 1736 1737 1710 -1
GCP,adapt_p48-18968510422141_a33-75_289_map.h5,27.8429,10,295,770,41.810314:33.750000,1471,True,18,13,1417,0.999973,25.4878,0,0.0129195,1416 1416 1359 1358 1417 1418 1472 1524 1523 1471 1470 1522 -1
GCP,adapt_p48-18968510422141_a168-74999999999997_341_map.h5,26.3154,10,146,1127,41.810314:168.750000,1491,True,93,10,1541,0.948522,26.0653,0,0.0134435,1443 1542 1491 1490 1541 1586 1540 1122 1057 -1
GCP,adapt_p60-00000000000001_a180-0_519_map.h5,27.6196,10,253,734,30.000000:180.000000,1324,True,55,13,1381,0.951104,26.6914,0,0.0131811,1439 1438 1437 1380 1381 1322 1323 1261 1198 1262 1324 1382 -1
GCP,adapt_p35-659087696138755_a315-0_160_map.h5,27.7853,10,240,757,54.340912:315.000000,1605,True,25,14,1560,0.999662,27.4269,0,0.0125364,1606 1606 1562 1561 1512 1511 1560 1605 1646 1645 1604 1603 1559 -1
GCP,adapt_p80-40593177313954_a157-5_349_map.h5,25.7979,10,326,1479,9.594069:157.500000,1063,True,22,12,1128,0.998936,22.8989,0,0.0128505,1130 1130 1131 1064 1063 1129 1128 1062 1061 1127 1193 -1
GCP,adapt_p70-52877936550931_a281-24999999999994_29_map.h5,26.612,10,205,1081,19.471220:281.250000,1217,True,53,12,1215,0.984922,24.2442,0,0.01277,1339 1278 1277 1214 1149 1150 1215 1151 1216 1279 1217 -1
GCP,adapt_p11-715852394892384_a225-0_348_map.h5,26.8844,10,663,1091,78.284149:225.000000,1774,True,10,10,1774,0.999999,17.8738,0,0.0124248,1757 1757 1756 1758 1775 1774 1773 1787 1788 -1
GCP,adapt_p80-40593177313954_a270-0_280_map.h5,25.6403,10,149,1104,9.594069:270.000000,1084,False,205,8,1371,0.652719,24.28,0,0.0163202,1453 1428 1370 1371 1429 1372 1313 -1
GCP,adapt_p60-00000000000001_a67-5_510_map.h5,26.8639,10,494,1107,30.000000:67.500000,1305,True,15,13,1305,0.999998,25.6978,0,0.0128879,1306 1306 1366 1307 1243 1242 1305 1304 1363 1364 1422 1365 -1
GCP,adapt_p80-40593177313954_a202-49999999999997_515_map.h5,26.8987,10,456,1075,9.594069:202.500000,1072,False,10,10,1073,0.999998,18.6089,0,0.0130376,1074 1074 1140 1139 1204 1203 1138 1073 1007 -1
GCP,adapt_p80-40593177313954_a337-49999999999994_163_map.h5,26.8923,10,554,1129,9.594069:337.500000,1097,True,8,8,1097,0.999999,13.7028,0,0.01247,1163 1163 1164 1098 1162 1096 1097 -1
GCP,adapt_p70-52877936550931_a33-75_483_map.h5,25.8292,10,426,1531,19.471220:33.750000,1173,True,17,13,1106,0.999951,25.5907,0,0.0125744,1105 1105 1171 1106 1172 1235 1236 1173 1107 1041 1108 1174 -1
GCP,adapt_p70-52877936550931_a348-74999999999994_537_map.h5,27.8302,10,240,762,19.471220:348.750000,1229,True,18,13,1166,0.999951,25.4625,0,0.0126192,1230 1230 1229 1164 1165 1100 1166 1167 1168 1102 1101 1034 -1
GCP,adapt_p48-18968510422141_a101-24999999999999_258_map.h5,28.8538,10,250,347,41.810314:101.250000,1481,True,15,14,1427,0.999998,27.8093,0,0.012974,1370 1370 1369 1426 1480 1532 1481 1427 1428 1371 1429 1482 1533 -1
GCP,adapt_p80-40593177313954_a270-0_131_map.h5,25.7591,10,125,1122,9.594069:270.000000,1084,False,173,12,1019,0.914097,25.2632,0,0.0155431,1083 1018 1086 1087 1019 952 953 1020 1088 1021 954 -1
GCP,adapt_p80-40593177313954_a112-49999999999999_25_map.h5,27.2409,10,177,789,9.594069:112.500000,1055,False,107,12,1058,0.836157,25.6441,0,0.0137165,1312 1249 1248 1247 1184 1185 1186 1123 1057 1124 1058 -1
GCP,adapt_p80-40593177313954_a337-49999999999994_286_map.h5,26.7462,10,143,1090,9.594069:337.500000,1097,True,31,13,1161,0.998917,25.575,0,0.0126472,1163 1163 1227 1226 1162 1097 1096 1095 1161 1225 1160 1094 -1
GCP,adapt_p80-40593177313954_a157-5_296_map.h5,26.8743,10,578,1128,9.594069:157.500000,1063,True,13,13,1064,0.999999,26.3381,0,0.0125381,1129 1129 1062 995 996 1063 1128 1130 1064 997 1065 1131 -1
GCP,adapt_p60-00000000000001_a202-49999999999997_194_map.h5,25.8569,10,538,1485,30.000000:202.500000,1328,True,14,13,1327,0.999998,25.1752,0,0.0128886,1266 1266 1265 1264 1326 1385 1327 1328 1386 1387 1329 1267 -1
GCP,adapt_p80-40593177313954_a247-49999999999997_360_map.h5,26.8571,10,503,1179,9.594069:247.500000,1080,True,14,13,1080,0.999998,25.6141,0,0.0125902,1147 1147 1212 1211 1210 1145 1079 1080 1146 1013 1081 1082 -1
GCP,adapt_p23-556464309101234_a202-5_301_map.h5,27.738,10,234,794,66.443535:202.500000,1704,False,32,14,1669,0.997866,27.4197,0,0.0128203,1629 1629 1630 1588 1631 1632 1633 1670 1669 1703 1702 1668 1667 -1
GCP,adapt_p48-18968510422141_a236-25_212_map.h5,27.8373,10,220,781,41.810314:236.250000,1501,True,17,13,1501,0.999996,26.0988,0,0.0125215,1449 1449 1500 1550 1447 1448 1501 1551 1552 1502 1450 1503 -1
GCP,adapt_p70-52877936550931_a101-24999999999999_445_map.h5,28.568,10,133,387,19.471220:101.250000,1185,True,59,13,1187,0.97273,28.1899,0,0.0128148,1126 1189 1122 1188 1251 1187 1121 1120 1186 1185 1249 1250 -1
GCP,adapt_p35-659087696138755_a45-0_506_map.h5,28.8673,10,308,414,54.340912:45.000000,1572,True,12,12,1573,0.999999,22.7421,0,0.0124512,1617 1617 1618 1574 1527 1573 1526 1474 1525 1572 1616 -1
GCP,adapt_p80-40593177313954_a315-0_206_map.h5,26.731,10,213,1031,9.594069:315.000000,1093,True,36,13,1092,0.992651,25.3683,0,0.0127585,1155 1155 1156 1090 1023 1024 1091 1157 1158 1092 1025 1093 -1
GCP,adapt_p48-18968510422141_a236-25_573_map.h5,25.808,10,284,1522,41.810314:236.250000,1501,True,22,13,1500,0.999891,25.7975,0,0.0128375,1449 1449 1502 1500 1499 1549 1550 1551 1501 1448 1391 1447 -1
GCP,adapt_p23-556464309101234_a292-5_512_map.h5,26.8562,10,342,1194,66.443535:292.500000,1712,True,14,13,1712,0.999982,25.3486,0,0.0125675,1738 1738 1710 1737 1711 1712 1680 1681 1713 1739 1740 1714 -1
GCP,adapt_p60-00000000000001_a180-0_331_map.h5,26.3944,10,99,1157,30.000000:180.000000,1324,False,86,12,1321,0.906944,24.1032,0,0.0133983,1378 1320 1379 1321 1259 1196 1197 1260 1322 1381 1380 -1
GCP,adapt_p70-52877936550931_a281-24999999999994_93_map.h5,28.8731,10,329,394,19.471220:281.250000,1217,True,13,13,1153,0.999999,25.4279,0,0.0126708,1217 1217 1280 1281 1219 1218 1153 1152 1087 1088 1154 1155 -1
GCP,adapt_p11-715852394892384_a225-0_409_map.h5,26.6841,10,205,1082,78.284149:225.000000,1774,True,40,14,1789,0.967902,25.6862,0,0.0127017,1774 1774 1787 1794 1795 1796 1797 1790 1789 1788 1775 1776 1777 -1
GCP,adapt_p80-40593177313954_a270-0_221_map.h5,27.8661,10,635,779,9.594069:270.000000,1084,True,13,13,1085,0.999999,26.3499,0,0.0126954,1151 1151 1018 1017 1085 1086 1152 1150 1084 1016 1083 1149 -1
GCP,adapt_p80-40593177313954_a112-49999999999999_481_map.h5,27.7543,10,229,777,9.594069:112.500000,1055,True,30,12,1122,0.992243,22.4942,0,0.0125204,988 988 1055 1121 1187 1188 1122 1056 1057 1123 1189 -1
GCP,adapt_p60-00000000000001_a45-0_314_map.h5,25.7611,10,303,1470,30.000000:45.000000,1301,True,26,13,1360,0.996546,25.5022,0,0.0126691,1362 1362 1302 1361 1420 1419 1418 1360 1301 1300 1359 1299 -1
GCP,adapt_p23-556464309101234_a247-49999999999997_6_map.h5,27.896,10,681,698,66.443535:247.500000,1708,True,10,10,1708,0.999999,18.0663,0,0.0127813,1675 1675 1707 1674 1708 1735 1736 1709 1676 -1
GCP,adapt_p70-52877936550931_a168-74999999999997_455_map.h5,26.338,10,151,1091,19.471220:168.750000,1197,False,93,12,1257,0.94421,25.5627,0,0.0137609,1058 1193 1256 1318 1319 1320 1321 1259 1258 1257 1194 -1
GCP,adapt_p70-52877936550931_a281-24999999999994_247_map.h5,28.83,10,362,369,19.471220:281.250000,1217,True,20,14,1278,0.999984,28.4262,0,0.0128219,1339 1339 1279 1340 1217 1152 1151 1216 1278 1215 1214 1277 1338 -1
GCP,adapt_p60-00000000000001_a315-0_409_map.h5,26.8692,10,490,1072,30.000000:315.000000,1346,True,13,13,1347,0.999999,25.3039,0,0.0125207,1405 1405 1406 1349 1348 1287 1347 1286 1285 1346 1404 1403 -1
GCP,adapt_p70-52877936550931_a101-24999999999999_116_map.h5,27.7449,10,125,686,19.471220:101.250000,1185,True,33,14,1119,0.999245,27.6674,0,0.0128784,1051 1051 1052 1053 1054 1120 1186 1185 1119 1184 1118 1117 1183 -1
GCP,adapt_p80-40593177313954_a90-0_460_map.h5,26.3216,10,187,1138,9.594069:90.000000,1051,True,92,6,1050,0.734862,25.2587,0,0.0132003,1085 982 1050 983 1051 -1
GCP,adapt_p48-18968510422141_a146-25_91_map.h5,26.8318,10,586,1111,41.810314:146.250000,1488,True,17,13,1434,0.999997,25.1322,0,0.0129986,1433 1433 1376 1434 1435 1436 1489 1488 1539 1538 1487 1486 -1
GCP,adapt_p23-556464309101234_a22-5_351_map.h5,26.8773,10,540,1155,66.443535:22.500000,1689,True,12,12,1653,0.999999,22.9284,0,0.0124744,1652 1652 1614 1613 1653 1654 1690 1720 1719 1689 1688 -1
GCP,adapt_p48-18968510422141_a258-75_201_map.h5,28.7776,10,93,372,41.810314:258.750000,1504,True,29,14,1504,0.999674,28.3841,0,0.0132003,1451 1451 1396 1397 1453 1452 1504 1505 1506 1555 1554 1503 1553 -1
GCP,adapt_p48-18968510422141_a213-75_361_map.h5,26.8847,10,616,1125,41.810314:213.750000,1497,True,11,11,1497,0.999999,20.2299,0,0.0130803,1547 1547 1546 1496 1443 1444 1497 1445 1498 1548 -1
GCP,adapt_p70-52877936550931_a303-75_225_map.h5,26.8824,10,595,1134,19.471220:303.750000,1221,True,11,11,1221,0.999999,20.8971,0,0.0123394,1156 1156 1222 1157 1221 1284 1283 1220 1155 1219 -1
GCP,adapt_p60-00000000000001_a45-0_203_map.h5,26.8724,10,451,1120,30.000000:45.000000,1301,True,13,13,1301,0.999999,25.5762,0,0.0124282,1238 1238 1300 1359 1299 1236 1237 1301 1360 1361 1302 1239 -1
GCP,adapt_p48-18968510422141_a168-74999999999997_350_map.h5,26.8773,10,647,1109,41.810314:168.750000,1491,True,10,10,1438,0.999999,18.8909,0,0.0124542,1491 1491 1541 1490 1439 1492 1438 1437 1436 -1
GCP,adapt_p80-40593177313954_a337-49999999999994_368_map.h5,25.7655,10,334,1507,9.594069:337.500000,1097,True,25,12,1099,0.994903,24.9375,0,0.0132681,1097 1030 1031 1099 1165 1100 1166 1229 1164 1098 1097 -1
GCP,adapt_p80-40593177313954_a337-49999999999994_298_map.h5,26.8422,10,491,1093,9.594069:337.500000,1097,True,15,13,1096,0.999989,25.9163,0,0.012579,1161 1161 1094 1027 1095 1028 1029 1096 1162 1097 1030 1098 -1
GCP,adapt_p70-52877936550931_a258-75_175_map.h5,26.8268,10,389,1161,19.471220:258.750000,1213,True,20,13,1212,0.999965,26.0523,0,0.0130259,1148 1148 1081 1146 1210 1211 1274 1275 1212 1147 1213 1276 -1
GCP,adapt_p60-00000000000001_a180-0_105_map.h5,26.8804,10,696,1067,30.000000:180.000000,1324,True,11,11,1324,0.999998,20.4283,0,0.0123482,1263 1263 1262 1324 1325 1326 1384 1383 1382 1323 -1
GCP,adapt_p60-00000000000001_a112-49999999999999_324_map.h5,28.0256,10,61,387,30.000000:112.500000,1313,True,146,13,1250,0.963023,27.4664,0,0.0150942,1427 1311 1312 1371 1372 1313 1249 1186 1187 1250 1251 1314 -1
GCP,adapt_p48-18968510422141_a101-24999999999999_374_map.h5,25.8044,10,308,1492,41.810314:101.250000,1481,True,21,13,1481,0.999913,25.2497,0,0.0133971,1482 1482 1533 1532 1481 1428 1427 1369 1426 1480 1479 1425 -1
GCP,adapt_p60-00000000000001_a157-5_496_map.h5,27.6481,10,220,744,30.000000:157.500000,1320,False,51,13,1434,0.986114,26.7803,0,0.0126635,1318 1377 1376 1433 1432 1486 1487 1434 1488 1435 1378 1436 -1
GCP,adapt_p23-556464309101234_a202-5_416_map.h5,25.8561,10,399,1458,66.443535:202.500000,1704,True,14,13,1703,0.999999,25.1,0,0.0126407,1732 1732 1705 1671 1670 1704 1703 1669 1702 1730 1731 1755 -1
GCP,adapt_p60-00000000000001_a270-0_67_map.h5,26.8653,10,444,1064,30.000000:270.000000,1339,True,14,12,1338,0.999998,22.8193,0,0.0125234,1276 1276 1277 1278 1340 1339 1397 1396 1338 1337 1395 -1
GCP,adapt_p80-40593177313954_a45-0_516_map.h5,26.8804,10,666,1073,9.594069:45.000000,1042,True,10,10,1043,0.999999,18.5959,0,0.0123399,1042 1042 1043 1044 1110 1109 1041 1107 1108 -1
GCP,adapt_p60-00000000000001_a270-0_217_map.h5,26.8229,10,430,1151,30.000000:270.000000,1339,True,19,13,1277,0.999975,25.9025,0,0.0128654,1338 1338 1278 1215 1216 1279 1339 1277 1214 1213 1276 1337 -1
GCP,adapt_p35-659087696138755_a45-0_66_map.h5,26.8705,10,524,1170,54.340912:45.000000,1572,True,8,8,1572,0.999999,13.6453,0,0.0122621,1616 1616 1615 1571 1617 1573 1572 -1
GCP,adapt_p48-18968510422141_a78-75_594_map.h5,26.8729,10,537,1112,41.810314:78.750000,1478,True,11,11,1424,0.999998,20.877,0,0.0128755,1478 1478 1479 1530 1477 1423 1424 1367 1425 1426 -1
GCP,adapt_p35-659087696138755_a105-0_553_map.h5,27.8791,10,506,735,54.340912:105.000000,1579,True,11,11,1579,0.999998,20.3204,0,0.0126553,1623 1623 1622 1579 1578 1532 1533 1534 1580 1581 -1
GCP,adapt_p80-40593177313954_a315-0_561_map.h5,26.8548,10,465,1095,9.594069:315.000000,1093,True,15,13,1094,0.999997,25.7404,0,0.0130325,1093 1093 1160 1225 1161 1095 1094 1159 1224 1223 1158 1092 -1
GCP,adapt_p70-52877936550931_a168-74999999999997_71_map.h5,25.797,10,366,1449,19.471220:168.750000,1197,True,23,13,1197,0.999714,25.7375,0,0.0127397,1259 1259 1196 1131 1132 1198 1262 1199 1261 1197 1260 1322 -1
GCP,adapt_p80-40593177313954_a337-49999999999994_278_map.h5,25.9967,10,99,379,9.594069:337.500000,1097,True,465,10,1162,0.543057,25.0736,0,0.0343999,1680 1510 1509 1559 1560 1096 1162 1163 1097 -1
GCP,adapt_p60-00000000000001_a90-0_421_map.h5,25.5269,10,146,1496,30.000000:90.000000,1309,True,62,12,1308,0.958513,24.3742,0,0.0128839,1311 1310 1247 1246 1309 1368 1308 1245 1307 1366 1367 -1
GCP,adapt_p11-715852394892384_a135-0_448_map.h5,26.8742,10,453,1155,78.284149:135.000000,1770,True,14,13,1771,0.999999,25.9485,0,0.0126269,1772 1772 1752 1771 1770 1785 1784 1794 1786 1753 1754 1773 -1
GCP,adapt_p70-52877936550931_a33-75_382_map.h5,27.8141,10,323,748,19.471220:33.750000,1173,True,22,13,1173,0.999835,25.5927,0,0.0126669,1107 1107 1108 1174 1238 1300 1237 1173 1236 1235 1172 1106 -1
GCP,adapt_p23-556464309101234_a202-5_116_map.h5,25.7972,10,366,1510,66.443535:202.500000,1704,True,24,13,1703,0.999522,25.4136,0,0.0125868,1731 1731 1732 1671 1633 1670 1704 1703 1669 1668 1702 1730 -1
GCP,adapt_p48-18968510422141_a33-75_55_map.h5,26.849,10,412,1143,41.810314:33.750000,1471,True,16,13,1418,0.999996,25.6677,0,0.0127927,1473 1473 1418 1472 1471 1416 1358 1417 1359 1360 1419 1420 -1
GCP,adapt_p35-659087696138755_a135-0_518_map.h5,27.7572,10,260,735,54.340912:135.000000,1583,True,25,13,1627,0.999657,25.3166,0,0.0126229,1628 1628 1585 1584 1627 1665 1626 1583 1625 1663 1664 1699 -1
GCP,adapt_p60-00000000000001_a337-49999999999994_113_map.h5,27.8633,10,296,753,30.000000:337.500000,1350,True,13,13,1351,0.999999,25.1936,0,0.0124528,1408 1408 1407 1349 1288 1289 1350 1351 1290 1291 1352 1409 -1
GCP,adapt_p80-40593177313954_a337-49999999999994_457_map.h5,26.7481,10,137,1188,9.594069:337.500000,1097,True,31,13,1097,0.997176,25.989,0,0.01272,1095 1095 1029 1028 1096 1161 1162 1163 1097 1030 1098 1099 -1
GCP,adapt_p35-659087696138755_a105-0_173_map.h5,25.8643,10,549,1447,54.340912:105.000000,1579,True,14,13,1580,0.999999,25.6411,0,0.0124458,1623 1623 1662 1624 1581 1535 1534 1580 1661 1622 1579 1533 -1
GCP,adapt_p60-00000000000001_a22-5_188_map.h5,26.8481,10,370,1134,30.000000:22.500000,1298,True,15,13,1298,0.999998,25.5616,0,0.0127423,1358 1358 1300 1359 1299 1236 1235 1298 1357 1356 1297 1234 -1
GCP,adapt_p80-40593177313954_a45-0_599_map.h5,28.7643,10,172,364,9.594069:45.000000,1042,True,31,14,1042,0.997601,27.8769,0,0.0125338,976 976 975 974 973 1040 1041 1107 1174 1108 1042 1043 1109 -1
GCP,adapt_p23-556464309101234_a157-5_513_map.h5,26.8687,10,466,1140,66.443535:157.500000,1701,True,12,12,1729,0.999999,22.8589,0,0.0130565,1701 1701 1730 1702 1667 1666 1700 1699 1728 1729 1753 -1
GCP,adapt_p80-40593177313954_a22-5_470_map.h5,26.6646,10,189,1117,9.594069:22.500000,1038,True,41,13,971,0.981301,25.9644,0,0.0132357,903 903 904 970 969 1036 1037 1038 971 1039 972 1040 -1
GCP,adapt_p23-556464309101234_a157-5_423_map.h5,28.2788,10,87,413,66.443535:157.500000,1701,True,88,13,1701,0.909858,26.6665,0,0.0139353,1582 1626 1664 1627 1665 1666 1700 1701 1702 1668 1667 1629 -1
GCP,adapt_p23-556464309101234_a22-5_448_map.h5,25.8313,10,341,1436,66.443535:22.500000,1689,True,18,13,1688,0.999941,25.0135,0,0.0124493,1718 1718 1743 1687 1688 1651 1612 1613 1652 1653 1689 1719 -1
GCP,adapt_p23-556464309101234_a292-5_203_map.h5,25.564,10,203,1584,66.443535:292.500000,1712,True,58,12,1712,0.962102,24.504,0,0.0138233,1678 1679 1710 1737 1760 1738 1739 1713 1681 1680 1712 -1
GCP,adapt_p35-659087696138755_a195-0_346_map.h5,26.8802,10,527,1137,54.340912:195.000000,1590,True,11,11,1590,0.999998,21.2268,0,0.0125892,1632 1632 1633 1591 1631 1588 1589 1544 1590 1545 -1
GCP,adapt_p23-556464309101234_a112-5_166_map.h5,28.7879,10,125,407,66.443535:112.500000,1697,True,27,14,1725,0.99973,27.5962,0,0.012874,1695 1695 1725 1696 1697 1726 1751 1769 1768 1749 1750 1724 1723 -1
GCP,adapt_p60-00000000000001_a180-0_574_map.h5,26.8734,10,480,1153,30.000000:180.000000,1324,True,12,12,1382,0.999999,23.0438,0,0.0124063,1323 1323 1381 1322 1261 1262 1324 1325 1383 1382 1439 -1
GCP,adapt_p60-00000000000001_a202-49999999999997_130_map.h5,27.8209,10,258,740,30.000000:202.500000,1328,True,20,13,1385,0.999958,25.2143,0,0.0128415,1326 1326 1327 1328 1387 1386 1443 1442 1385 1384 1441 1440 -1
GCP,adapt_p35-659087696138755_a45-0_553_map.h5,26.8753,10,416,1117,54.340912:45.000000,1572,True,12,12,1617,0.999999,23.1563,0,0.0125408,1572 1572 1615 1571 1616 1655 1656 1617 1573 1618 1574 -1
GCP,adapt_p35-659087696138755_a105-0_65_map.h5,27.8692,10,489,764,54.340912:105.000000,1579,True,12,12,1580,0.999999,23.4252,0,0.0126046,1623 1623 1581 1624 1662 1661 1580 1534 1533 1579 1622 -1
GCP,adapt_p11-715852394892384_a45-0_26_map.h5,26.8676,10,590,1088,78.284149:45.000000,1766,True,14,13,1783,0.999998,24.4256,0,0.0132114,1766 1766 1781 1765 1782 1792 1793 1784 1783 1767 1768 1769 -1
GCP,adapt_p48-18968510422141_a348-74999999999994_292_map.h5,26.8714,10,618,1129,41.810314:348.750000,1517,True,13,13,1465,0.999998,25.8069,0,0.0124427,1516 1516 1464 1565 1566 1517 1518 1412 1466 1410 1465 1409 -1
GCP,adapt_p80-40593177313954_a247-49999999999997_431_map.h5,27.8828,10,712,733,9.594069:247.500000,1080,True,10,10,1080,0.999999,18.509,0,0.013055,1081 1081 1146 1147 1080 1013 1012 1079 1145 -1
GCP,adapt_p80-40593177313954_a315-0_69_map.h5,24.3967,10,146,1889,9.594069:315.000000,1093,False,80,11,1189,0.980565,22.5442,0,0.0140991,1192 1124 1190 1253 1189 1123 1122 1188 1251 1252 -1
GCP,adapt_p70-52877936550931_a213-75_303_map.h5,28.1878,10,97,401,19.471220:213.750000,1205,False,116,13,1335,0.979573,26.9894,0,0.013764,1209 1273 1274 1335 1336 1337 1395 1394 1393 1392 1334 1333 -1
GCP,adapt_p35-659087696138755_a255-00000000000003_558_map.h5,26.5386,10,84,1165,54.340912:255.000000,1598,True,67,12,1597,0.966379,24.2251,0,0.0131758,1675 1638 1596 1552 1597 1639 1640 1599 1598 1553 1504 -1
GCP,adapt_p70-52877936550931_a213-75_347_map.h5,27.8715,10,631,718,19.471220:213.750000,1205,True,12,12,1205,0.999999,22.625,0,0.0122794,1268 1268 1269 1206 1205 1140 1139 1204 1267 1266 1203 -1
GCP,adapt_p48-18968510422141_a123-74999999999999_65_map.h5,28.7627,10,133,409,41.810314:123.750000,1484,True,32,14,1430,0.999683,28.1328,0,0.0130665,1432 1432 1373 1314 1315 1374 1431 1430 1372 1429 1483 1484 1485 -1
GCP,adapt_p23-556464309101234_a112-5_438_map.h5,25.856,10,366,1499,66.443535:112.500000,1697,True,15,12,1725,0.999998,22.4808,0,0.0127569,1697 1697 1696 1695 1724 1749 1769 1750 1725 1726 1751 -1
GCP,adapt_p60-00000000000001_a112-49999999999999_369_map.h5,26.7514,10,208,1154,30.000000:112.500000,1313,True,30,13,1371,0.999439,25.257,0,0.013486,1373 1373 1431 1430 1372 1313 1371 1312 1311 1370 1428 1429 -1
GCP,adapt_p35-659087696138755_a285-0_305_map.h5,27.8795,10,630,751,54.340912:285.000000,1601,True,8,8,1643,0.999999,13.0779,0,0.0123467,1642 1642 1600 1601 1602 1643 1679 -1
GCP,adapt_p11-715852394892384_a315-0_523_map.h5,26.8592,10,573,1121,78.284149:315.000000,1778,True,14,13,1778,0.999998,25.3643,0,0.0126248,1791 1791 1781 1780 1789 1790 1777 1761 1762 1778 1779 1763 -1
GCP,adapt_p35-659087696138755_a195-0_251_map.h5,26.8881,10,788,1161,54.340912:195.000000,1590,True,8,8,1633,0.999998,12.996,0,0.0126951,1632 1632 1669 1670 1633 1591 1590 -1
GCP,adapt_p80-40593177313954_a247-49999999999997_475_map.h5,25.6552,10,353,1482,9.594069:247.500000,1080,True,44,12,1147,0.99386,25.3929,0,0.0126548,1149 1083 1213 1212 1211 1081 1080 1146 1147 1148 1082 -1
GCP,adapt_p70-52877936550931_a348-74999999999994_71_map.h5,24.4763,10,80,1163,19.471220:348.750000,1229,False,399,9,1190,0.54691,22.945,0,0.0282075,1587 1701 1729 1728 1189 1190 1124 1125 -1
GCP,adapt_p35-659087696138755_a135-0_279_map.h5,26.8684,10,516,1164,54.340912:135.000000,1583,True,11,11,1626,0.999999,20.2978,0,0.0124334,1625 1625 1582 1583 1584 1627 1665 1664 1626 1663 -1
GCP,adapt_p70-52877936550931_a146-25_438_map.h5,26.8562,10,456,1159,19.471220:146.250000,1193,True,14,13,1127,0.999998,25.3347,0,0.0125719,1192 1192 1256 1193 1194 1129 1128 1062 1061 1127 1126 1060 -1
GCP,adapt_p60-00000000000001_a180-0_141_map.h5,26.8343,10,555,1137,30.000000:180.000000,1324,True,12,12,1262,0.999998,23.5189,0,0.0124423,1261 1261 1322 1323 1324 1325 1263 1200 1262 1198 1199 -1
GCP,adapt_p23-556464309101234_a157-5_78_map.h5,26.3207,10,185,1081,66.443535:157.500000,1701,False,94,12,1588,0.964862,24.888,0,0.0140506,1703 1668 1588 1589 1631 1630 1587 1541 1542 1543 1492 -1
GCP,adapt_p23-556464309101234_a22-5_230_map.h5,27.0542,10,81,396,66.443535:22.500000,1689,True,314,12,1688,0.813411,24.7526,0,0.022366,1521 1567 1611 1612 1651 1652 1688 1718 1689 1719 1745 -1
GCP,adapt_p70-52877936550931_a101-24999999999999_238_map.h5,26.8431,10,578,1063,19.471220:101.250000,1185,True,17,13,1249,0.999991,25.076,0,0.0126267,1186 1186 1187 1250 1249 1312 1311 1248 1185 1184 1247 1310 -1
GCP,adapt_p80-40593177313954_a202-49999999999997_499_map.h5,27.85,10,343,769,9.594069:202.500000,1072,True,17,14,1137,0.999997,27.8588,0,0.0127457,1136 1136 1137 1138 1139 1073 1005 1072 1004 1071 1003 1070 1069 -1
GCP,adapt_p35-659087696138755_a344-99999999999994_43_map.h5,26.7341,10,229,1083,54.340912:345.000000,1609,True,36,13,1565,0.995174,25.0687,0,0.0127184,1566 1566 1517 1516 1464 1515 1564 1608 1649 1650 1609 1565 -1
GCP,adapt_p80-40593177313954_a315-0_97_map.h5,25.5637,10,148,1459,9.594069:315.000000,1093,False,46,12,962,0.999519,24.8681,0,0.0130824,1027 960 892 893 961 1029 962 894 963 895 964 -1
GCP,adapt_p11-715852394892384_a135-0_468_map.h5,26.7583,10,417,1149,78.284149:135.000000,1770,True,16,13,1771,0.999998,24.7404,0,0.0124808,1785 1785 1786 1784 1769 1770 1751 1752 1753 1754 1772 1771 -1
GCP,adapt_p60-00000000000001_a315-0_440_map.h5,26.8602,10,641,1102,30.000000:315.000000,1346,True,7,7,1346,0.999999,11.1456,0,0.0125514,1404 1404 1345 1403 1346 1347 -1
GCP,adapt_p80-40593177313954_a337-49999999999994_25_map.h5,25.7922,10,475,1514,9.594069:337.500000,1097,True,22,13,1162,0.999803,25.4907,0,0.0126174,1161 1161 1096 1097 1030 1098 1164 1163 1228 1227 1162 1226 -1
GCP,adapt_p35-659087696138755_a135-0_350_map.h5,28.8921,10,523,344,54.340912:135.000000,1583,True,9,9,1583,0.999999,16.3084,0,0.0126789,1626 1626 1625 1582 1627 1585 1584 1583 -1
GCP,adapt_p80-40593177313954_a90-0_231_map.h5,27.8112,10,281,758,9.594069:90.000000,1051,True,22,13,1052,0.999634,26.1325,0,0.0126065,985 985 986 1120 1119 1053 1118 1052 984 1051 983 1050 -1
GCP,adapt_p80-40593177313954_a0-0_229_map.h5,28.7532,10,160,387,9.594069:0.000000,1034,True,34,14,1034,0.998861,27.927,0,0.0126255,1167 1167 1230 1165 1099 1100 1166 1034 1033 967 1035 1101 1102 -1
GCP,adapt_p80-40593177313954_a202-49999999999997_240_map.h5,23.7134,10,109,1461,9.594069:202.500000,1072,True,335,10,1074,0.845944,22.7434,0,0.0231724,1260 1072 1139 1073 1006 1074 1140 1141 1075 -1
GCP,adapt_p60-00000000000001_a67-5_557_map.h5,26.8533,10,416,1104,30.000000:67.500000,1305,True,16,13,1305,0.999994,25.4971,0,0.0125449,1364 1364 1422 1363 1303 1304 1241 1242 1305 1243 1306 1365 -1
GCP,adapt_p80-40593177313954_a112-49999999999999_127_map.h5,27,10,214,779,9.594069:112.500000,1055,True,136,9,1055,0.560548,26.0628,0,0.0145502,1268 1056 988 1055 1121 987 1054 1120 -1
GCP,adapt_p48-18968510422141_a236-25_182_map.h5,26.8293,10,389,1159,41.810314:236.250000,1501,True,17,13,1550,0.999961,25.7202,0,0.0125275,1549 1549 1500 1499 1550 1594 1595 1596 1551 1501 1502 1552 -1
GCP,adapt_p70-52877936550931_a213-75_544_map.h5,25.7031,10,416,1458,19.471220:213.750000,1205,True,38,13,1267,0.987979,25.2664,0,0.0127097,1207 1207 1141 1206 1269 1268 1267 1266 1203 1204 1205 1140 -1
GCP,adapt_p60-00000000000001_a157-5_435_map.h5,26.8574,10,495,1101,30.000000:157.500000,1320,True,14,12,1379,0.999997,23.2381,0,0.0123878,1321 1321 1258 1320 1379 1380 1436 1435 1378 1319 1377 -1
GCP,adapt_p60-00000000000001_a67-5_291_map.h5,28.8069,10,208,337,30.000000:67.500000,1305,True,19,14,1305,0.999982,27.728,0,0.0129184,1242 1242 1306 1243 1244 1307 1366 1365 1305 1364 1363 1304 1241 -1
GCP,adapt_p48-18968510422141_a191-25_261_map.h5,26.8723,10,518,1160,41.810314:191.250000,1494,True,15,13,1441,0.999998,26.0935,0,0.0125629,1493 1493 1439 1440 1492 1543 1544 1494 1441 1545 1495 1442 -1
GCP,adapt_p60-00000000000001_a292-5_400_map.h5,27.8453,10,314,738,30.000000:292.500000,1343,True,18,14,1400,0.999997,27.3143,0,0.0125211,1343 1343 1342 1341 1399 1455 1456 1400 1401 1457 1458 1402 1344 -1
GCP,adapt_p23-556464309101234_a247-49999999999997_9_map.h5,26.8738,10,616,1072,66.443535:247.500000,1708,True,11,11,1708,0.999999,20.1645,0,0.0130296,1709 1709 1676 1675 1708 1674 1707 1734 1735 1736 -1
GCP,adapt_p70-52877936550931_a56-24999999999999_540_map.h5,24.2384,10,112,1487,19.471220:56.250000,1177,True,263,10,1111,0.948926,23.2606,0,0.0192955,1370 1112 1045 1044 1110 1176 1111 1177 1240 -1
GCP,adapt_p23-556464309101234_a337-5_492_map.h5,26.2198,10,130,1132,66.443535:337.500000,1716,False,111,10,1679,0.890904,25.3448,0,0.0139694,1488 1677 1641 1678 1642 1643 1679 1680 1712 -1
GCP,adapt_p11-715852394892384_a135-0_22_map.h5,26.8693,10,484,1178,78.284149:135.000000,1770,True,14,13,1752,0.999998,25.2095,0,0.013467,1771 1771 1786 1785 1752 1753 1728 1727 1726 1751 1770 1769 -1
GCP,adapt_p70-52877936550931_a11-25_32_map.h5,26.8845,10,632,1094,19.471220:11.250000,1169,True,8,8,1233,0.999999,13.6892,0,0.0123182,1170 1170 1171 1234 1169 1232 1233 -1
GCP,adapt_p70-52877936550931_a101-24999999999999_467_map.h5,27.8633,10,333,722,19.471220:101.250000,1185,True,12,12,1185,0.999999,23.0108,0,0.0124431,1119 1119 1118 1183 1247 1184 1185 1248 1249 1186 1120 -1
GCP,adapt_p80-40593177313954_a337-49999999999994_572_map.h5,26.86,10,483,1162,9.594069:337.500000,1097,True,12,12,1097,0.999999,23.5015,0,0.0128076,1030 1030 1099 1031 1098 1163 1097 1029 1096 1028 1095 -1
GCP,adapt_p48-18968510422141_a303-75_95_map.h5,28.5786,10,101,378,41.810314:303.750000,1510,False,59,13,1644,0.963545,26.4757,0,0.0131877,1558 1602 1643 1679 1680 1644 1645 1646 1605 1560 1604 1603 -1
GCP,adapt_p23-556464309101234_a247-49999999999997_390_map.h5,26.8794,10,784,1165,66.443535:247.500000,1708,True,10,10,1708,0.999999,18.0658,0,0.0123611,1675 1675 1707 1674 1708 1735 1736 1709 1676 -1
GCP,adapt_p35-659087696138755_a315-0_19_map.h5,26.639,10,154,1157,54.340912:315.000000,1605,True,46,13,1605,0.97931,26.4338,0,0.0128127,1644 1603 1604 1560 1561 1605 1645 1681 1682 1646 1647 1606 -1
GCP,adapt_p70-52877936550931_a168-74999999999997_437_map.h5,24.9995,10,120,1501,19.471220:168.750000,1197,True,141,11,1198,0.971996,23.4857,0,0.0152703,1071 1199 1133 1132 1198 1261 1197 1260 1259 1196 -1
GCP,adapt_p48-18968510422141_a303-75_167_map.h5,26.8863,10,799,1126,41.810314:303.750000,1510,True,10,10,1511,0.999999,17.7879,0,0.0124454,1510 1510 1559 1560 1511 1512 1460 1459 1458 -1
GCP,adapt_p48-18968510422141_a303-75_502_map.h5,27.831,10,288,716,41.810314:303.750000,1510,True,21,14,1458,0.999986,27.6622,0,0.012798,1559 1559 1558 1509 1457 1510 1458 1402 1403 1459 1460 1511 1560 -1
GCP,adapt_p60-00000000000001_a135-0_23_map.h5,26.8412,10,421,1130,30.000000:135.000000,1316,True,16,13,1317,0.999988,26.6195,0,0.0135671,1318 1318 1319 1255 1256 1317 1377 1376 1433 1375 1316 1254 -1
GCP,adapt_p23-556464309101234_a337-5_76_map.h5,26.8736,10,620,1131,66.443535:337.500000,1716,True,11,11,1742,0.999999,21.0834,0,0.0131375,1716 1716 1683 1715 1741 1763 1764 1742 1684 1717 -1
GCP,adapt_p35-659087696138755_a135-0_431_map.h5,26.8774,10,663,1078,54.340912:135.000000,1583,True,11,11,1626,0.999999,20.2989,0,0.0134722,1625 1625 1582 1583 1584 1627 1665 1664 1626 1663 -1
GCP,adapt_p48-18968510422141_a123-74999999999999_346_map.h5,28.8524,10,380,360,41.810314:123.750000,1484,True,16,14,1484,0.999998,28.2999,0,0.0123852,1431 1431 1373 1430 1483 1429 1534 1535 1484 1536 1485 1432 1486 -1
GCP,adapt_p70-52877936550931_a123-74999999999999_348_map.h5,26.8522,10,392,1141,19.471220:123.750000,1189,True,14,13,1188,0.999999,25.1688,0,0.0125873,1123 1123 1122 1121 1187 1251 1188 1189 1252 1253 1190 1124 -1
GCP,adapt_p35-659087696138755_a195-0_78_map.h5,26.8765,10,613,1118,54.340912:195.000000,1590,True,10,10,1632,0.999999,18.3888,0,0.0123215,1633 1633 1669 1670 1632 1631 1589 1590 1591 -1
GCP,adapt_p80-40593177313954_a180-0_199_map.h5,27.776,10,269,718,9.594069:180.000000,1067,False,28,13,1135,0.999495,25.8662,0,0.0127233,1201 1201 1134 1068 1133 1199 1200 1135 1069 1070 1136 1137 -1
GCP,adapt_p70-52877936550931_a101-24999999999999_555_map.h5,26.8721,10,604,1147,19.471220:101.250000,1185,True,12,12,1118,0.999998,24.1082,0,0.0127235,1184 1184 1246 1247 1248 1185 1117 1183 1118 1119 1120 -1
GCP,adapt_p70-52877936550931_a281-24999999999994_111_map.h5,27.8549,10,267,765,19.471220:281.250000,1217,True,18,13,1152,0.999997,25.8261,0,0.0129221,1151 1151 1086 1087 1153 1154 1219 1218 1152 1216 1217 1280 -1
GCP,adapt_p60-00000000000001_a224-99999999999997_109_map.h5,26.8832,10,568,1135,30.000000:225.000000,1331,True,9,9,1390,0.999999,15.5429,0,0.0125801,1331 1331 1389 1446 1447 1390 1332 1391 -1
GCP,adapt_p48-18968510422141_a33-75_453_map.h5,27.8225,10,257,722,41.810314:33.750000,1471,True,20,14,1471,0.999978,27.5071,0,0.0132958,1418 1418 1417 1359 1358 1416 1415 1470 1522 1523 1471 1472 1524 -1
GCP,adapt_p70-52877936550931_a168-74999999999997_158_map.h5,27.7964,10,276,746,19.471220:168.750000,1197,True,24,14,1260,0.999888,27.7799,0,0.0124508,1197 1197 1261 1323 1322 1260 1196 1259 1321 1380 1379 1320 1258 -1
GCP,adapt_p80-40593177313954_a270-0_178_map.h5,25.8052,10,363,1521,9.594069:270.000000,1084,True,22,13,1082,0.999513,25.6366,0,0.0125648,1015 1015 1084 1016 1083 1149 1148 1082 1081 1147 1146 1080 -1
GCP,adapt_p48-18968510422141_a236-25_24_map.h5,26.8935,10,729,1195,41.810314:236.250000,1501,True,8,8,1501,0.999999,14.5136,0,0.0123159,1448 1501 1449 1448 1447 1500 1550 -1
GCP,adapt_p35-659087696138755_a135-0_472_map.h5,26.8824,10,620,1130,54.340912:135.000000,1583,True,9,9,1626,0.999999,15.2872,0,0.0123805,1583 1583 1584 1627 1665 1664 1626 1625 -1
GCP,adapt_p80-40593177313954_a180-0_473_map.h5,26.5216,10,117,1133,9.594069:180.000000,1067,False,59,12,1003,0.894556,25.2428,0,0.0132596,1066 1000 934 1001 1002 1070 1071 1003 936 1004 1072 -1
GCP,adapt_p35-659087696138755_a255-00000000000003_460_map.h5,27.8082,10,298,764,54.340912:255.000000,1598,True,23,14,1640,0.999878,27.5904,0,0.0125595,1600 1600 1642 1678 1677 1676 1639 1597 1553 1598 1640 1641 1599 -1
GCP,adapt_p60-00000000000001_a292-5_158_map.h5,25.6097,10,137,1454,30.000000:292.500000,1343,True,54,12,1457,0.992996,24.7086,0,0.0130879,1455 1456 1508 1457 1401 1400 1343 1402 1458 1510 1509 -1
GCP,adapt_p80-40593177313954_a337-49999999999994_191_map.h5,26.5766,10,122,702,9.594069:337.500000,1097,False,210,12,1232,0.689017,25.4026,0,0.0166966,1100 1168 1231 1295 1296 1232 1169 1233 1234 1297 1298 -1
GCP,adapt_p23-556464309101234_a157-5_574_map.h5,26.8663,10,461,1041,66.443535:157.500000,1701,True,13,13,1701,0.999999,25.5459,0,0.0125445,1729 1729 1702 1668 1703 1731 1730 1701 1667 1666 1700 1728 -1
GCP,adapt_p23-556464309101234_a112-5_144_map.h5,27.8904,10,525,799,66.443535:112.500000,1697,True,10,10,1697,0.999999,18.0622,0,0.0124616,1662 1662 1698 1663 1697 1726 1725 1696 1661 -1
GCP,adapt_p60-00000000000001_a270-0_38_map.h5,25.812,10,308,1549,30.000000:270.000000,1339,True,19,12,1277,0.999854,24.6606,0,0.0127237,1215 1214 1276 1337 1338 1277 1278 1339 1340 1279 1215 -1
GCP,adapt_p80-40593177313954_a67-5_223_map.h5,26.8437,10,448,1109,9.594069:67.500000,1047,False,17,12,1045,0.999983,23.273,0,0.0130881,1046 1046 1111 1177 1178 1112 1045 978 977 1044 1110 -1
GCP,adapt_p70-52877936550931_a326-24999999999994_208_map.h5,27.8975,10,658,752,19.471220:326.250000,1225,True,8,8,1225,0.999998,13.2829,0,0.0123564,1287 1287 1286 1224 1225 1288 1226 -1
GCP,adapt_p48-18968510422141_a123-74999999999999_401_map.h5,26.8653,10,638,1090,41.810314:123.750000,1484,True,11,11,1484,0.999998,20.5849,0,0.0124856,1536 1536 1485 1431 1430 1429 1483 1534 1484 1535 -1
GCP,adapt_p48-18968510422141_a146-25_158_map.h5,26.8732,10,471,1030,41.810314:146.250000,1488,True,12,12,1434,0.999999,23.2665,0,0.0125848,1488 1488 1538 1539 1487 1433 1376 1377 1434 1435 1378 -1
GCP,adapt_p35-659087696138755_a224-99999999999997_194_map.h5,26.872,10,412,1183,54.340912:225.000000,1594,True,11,11,1636,0.999998,20.3158,0,0.0127314,1594 1594 1593 1635 1672 1673 1674 1637 1636 1595 -1
GCP,adapt_p80-40593177313954_a224-99999999999997_413_map.h5,27.7992,10,253,760,9.594069:225.000000,1076,True,24,13,1076,0.99971,25.1293,0,0.0126243,1074 1074 1140 1141 1075 1008 1009 1076 1142 1143 1077 1078 -1
GCP,adapt_p60-00000000000001_a270-0_227_map.h5,26.8329,10,502,1106,30.000000:270.000000,1339,True,16,13,1396,0.999995,25.9231,0,0.0128691,1395 1395 1338 1337 1396 1339 1340 1398 1397 1453 1452 1451 -1
GCP,adapt_p80-40593177313954_a315-0_342_map.h5,27.8138,10,272,802,9.594069:315.000000,1093,True,21,13,1158,0.999975,25.7166,0,0.0129336,1092 1092 1159 1224 1160 1094 1093 1158 1223 1222 1157 1091 -1
GCP,adapt_p35-659087696138755_a45-0_346_map.h5,26.873,10,501,1148,54.340912:45.000000,1572,True,11,11,1572,0.999998,20.2104,0,0.0127768,1616 1616 1615 1571 1524 1525 1572 1526 1573 1617 -1
GCP,adapt_p70-52877936550931_a56-24999999999999_342_map.h5,27.8702,10,508,730,19.471220:56.250000,1177,True,12,12,1177,0.999999,23.0656,0,0.0125958,1176 1176 1110 1111 1112 1179 1178 1241 1177 1240 1239 -1
GCP,adapt_p70-52877936550931_a168-74999999999997_35_map.h5,25.8072,10,406,1489,19.471220:168.750000,1197,True,20,12,1197,0.999681,23.6564,0,0.0125875,1198 1198 1131 1132 1197 1261 1260 1322 1259 1196 1195 -1
GCP,adapt_p70-52877936550931_a33-75_134_map.h5,26.7441,10,243,1091,19.471220:33.750000,1173,False,30,12,1170,0.994914,22.9114,0,0.0127152,1232 1232 1169 1103 1104 1170 1233 1234 1171 1235 1172 -1
GCP,adapt_p48-18968510422141_a56-24999999999999_442_map.h5,25.2984,10,71,1494,41.810314:56.250000,1475,False,95,12,1351,0.987285,24.8197,0,0.013356,1462 1348 1349 1289 1350 1408 1409 1351 1290 1291 1352 -1
GCP,adapt_p35-659087696138755_a135-0_20_map.h5,24.1482,10,97,1425,54.340912:135.000000,1583,False,283,11,1622,0.728982,23.0809,0,0.0211726,1753 1697 1661 1622 1623 1624 1662 1663 1625 1626 -1
GCP,adapt_p23-556464309101234_a337-5_210_map.h5,25.0147,10,105,1492,66.443535:337.500000,1716,False,148,11,1675,0.830857,22.6642,0,0.0150293,1551 1638 1674 1675 1708 1736 1737 1709 1676 1639 -1
GCP,adapt_p48-18968510422141_a236-25_238_map.h5,28.8292,10,332,384,41.810314:236.250000,1501,True,20,14,1448,0.999977,28.2141,0,0.0126326,1550 1550 1551 1549 1499 1500 1447 1391 1448 1449 1501 1502 1552 -1
GCP,adapt_p11-715852394892384_a135-0_506_map.h5,26.8743,10,424,1093,78.284149:135.000000,1770,True,13,13,1753,0.999998,25.0986,0,0.0124775,1770 1770 1771 1772 1786 1785 1751 1752 1728 1729 1753 1754 -1
GCP,adapt_p11-715852394892384_a225-0_267_map.h5,26.887,10,549,1097,78.284149:225.000000,1774,True,8,8,1757,0.999999,13.4317,0,0.0128096,1774 1774 1758 1775 1757 1756 1773 -1
GCP,adapt_p80-40593177313954_a270-0_241_map.h5,25.7919,10,437,1404,9.594069:270.000000,1084,True,23,13,1151,0.999732,25.3872,0,0.0128856,1217 1217 1216 1150 1215 1214 1149 1083 1084 1085 1151 1152 -1
GCP,adapt_p48-18968510422141_a348-74999999999994_1_map.h5,28.8692,10,337,383,41.810314:348.750000,1517,True,13,13,1465,0.999999,25.3675,0,0.0126242,1464 1464 1515 1463 1408 1409 1465 1466 1518 1517 1516 1565 -1
GCP,adapt_p70-52877936550931_a33-75_165_map.h5,25.4419,10,95,1148,19.471220:33.750000,1173,False,227,12,1221,0.844832,25.1274,0,0.0173385,1092 1222 1157 1156 1221 1284 1220 1155 1219 1282 1283 -1
GCP,adapt_p70-52877936550931_a33-75_300_map.h5,27.8938,10,736,725,19.471220:33.750000,1173,True,11,11,1173,0.999999,20.8588,0,0.0130288,1237 1237 1175 1238 1174 1108 1107 1173 1236 1172 -1
GCP,adapt_p23-556464309101234_a22-5_456_map.h5,28.8013,10,163,348,66.443535:22.500000,1689,True,24,14,1688,0.999938,27.7835,0,0.0125301,1651 1651 1652 1653 1689 1719 1745 1743 1718 1688 1687 1717 1686 -1
GCP,adapt_p48-18968510422141_a191-25_157_map.h5,27.8882,10,648,766,41.810314:191.250000,1494,True,8,8,1441,0.999999,13.3068,0,0.0136083,1494 1494 1440 1441 1442 1495 1545 -1
GCP,adapt_p80-40593177313954_a202-49999999999997_247_map.h5,26.7652,10,229,1088,9.594069:202.500000,1072,True,29,13,1072,0.99765,25.5662,0,0.0125469,1004 1004 1070 1003 1071 1137 1138 1072 1073 1139 1140 1074 -1
GCP,adapt_p60-00000000000001_a247-49999999999997_200_map.h5,26.8211,10,250,1055,30.000000:247.500000,1335,True,19,13,1335,0.999471,25.6356,0,0.0127269,1334 1334 1274 1273 1335 1393 1392 1449 1450 1394 1336 1275 -1
GCP,adapt_p70-52877936550931_a11-25_552_map.h5,27.8916,10,115,369,19.471220:11.250000,1169,False,169,12,1232,0.688058,25.4709,0,0.0150851,1165 1352 1292 1293 1294 1231 1232 1296 1295 1354 1411 -1
GCP,adapt_p48-18968510422141_a348-74999999999994_467_map.h5,26.7602,10,192,1129,41.810314:348.750000,1517,True,29,13,1517,0.998007,25.7264,0,0.0126223,1466 1466 1412 1467 1518 1465 1464 1516 1565 1517 1566 1519 -1
GCP,adapt_p48-18968510422141_a78-75_107_map.h5,27.8944,10,664,713,41.810314:78.750000,1478,True,10,10,1478,0.999999,17.9882,0,0.0123752,1479 1479 1426 1480 1531 1530 1478 1424 1425 -1
GCP,adapt_p48-18968510422141_a146-25_143_map.h5,28.7177,10,129,361,41.810314:146.250000,1488,True,33,14,1488,0.997586,27.587,0,0.0130336,1436 1436 1489 1540 1539 1488 1435 1377 1434 1487 1538 1486 1433 -1
GCP,adapt_p11-715852394892384_a45-0_83_map.h5,28.8588,10,289,408,78.284149:45.000000,1766,True,15,14,1766,0.999995,28.0789,0,0.0129872,1767 1767 1782 1781 1765 1766 1783 1748 1747 1720 1746 1745 1744 -1
GCP,adapt_p80-40593177313954_a90-0_514_map.h5,26.8679,10,492,1099,9.594069:90.000000,1051,True,15,12,1050,0.999994,23.3058,0,0.0128713,983 983 982 1049 1115 1116 1050 984 1052 1051 1117 -1
GCP,adapt_p60-00000000000001_a270-0_544_map.h5,26.8253,10,476,1110,30.000000:270.000000,1339,True,22,13,1396,0.999953,25.3299,0,0.0124955,1395 1395 1337 1338 1277 1339 1397 1454 1453 1505 1452 1396 -1
GCP,adapt_p70-52877936550931_a11-25_535_map.h5,26.8818,10,585,1152,19.471220:11.250000,1169,True,10,10,1169,0.999999,18.5523,0,0.0129843,1168 1168 1167 1101 1102 1103 1169 1232 1170 -1
GCP,adapt_p35-659087696138755_a75-0_349_map.h5,26.8997,10,832,1138,54.340912:75.000000,1576,True,9,9,1576,0.999999,15.4963,0,0.0130895,1620 1620 1619 1575 1576 1577 1530 1529 -1
GCP,adapt_p48-18968510422141_a168-74999999999997_237_map.h5,27.7855,10,256,787,41.810314:168.750000,1491,True,26,13,1490,0.999178,26.9905,0,0.0132914,1438 1437 1490 1491 1542 1587 1541 1540 1489 1436 1380 1438 -1
GCP,adapt_p35-659087696138755_a165-0_161_map.h5,26.8439,10,478,1119,54.340912:165.000000,1587,True,13,13,1587,0.999998,25.6592,0,0.0128594,1541 1541 1540 1585 1628 1667 1629 1586 1587 1542 1588 1630 -1
GCP,adapt_p60-00000000000001_a180-0_516_map.h5,27.8901,10,639,740,30.000000:180.000000,1324,True,10,10,1324,0.999999,18.0932,0,0.0127344,1325 1325 1383 1382 1323 1261 1324 1262 1263 -1
GCP,adapt_p80-40593177313954_a22-5_363_map.h5,28.649,10,169,376,9.594069:22.500000,1038,True,45,14,1039,0.987816,27.8338,0,0.0127973,1041 1041 1107 1106 1040 972 971 1039 1105 1104 1038 970 1037 -1
GCP,adapt_p48-18968510422141_a258-75_551_map.h5,26.8402,10,521,1093,41.810314:258.750000,1504,True,14,13,1504,0.999999,26.1007,0,0.0126266,1505 1505 1454 1506 1555 1554 1453 1452 1504 1553 1503 1451 -1
GCP,adapt_p48-18968510422141_a101-24999999999999_392_map.h5,26.853,10,399,1176,41.810314:101.250000,1481,True,14,13,1428,0.999998,25.6767,0,0.0127597,1427 1427 1482 1481 1428 1429 1372 1371 1312 1311 1370 1369 -1
GCP,adapt_p35-659087696138755_a165-0_433_map.h5,27.7522,10,228,753,54.340912:165.000000,1587,True,31,13,1587,0.993171,25.6287,0,0.0126277,1492 1492 1542 1588 1589 1543 1491 1490 1541 1587 1586 1540 -1
GCP,adapt_p80-40593177313954_a224-99999999999997_335_map.h5,28.5078,10,95,373,9.594069:225.000000,1076,True,68,13,1143,0.880895,27.2731,0,0.0129496,1206 1141 1140 1139 1074 1075 1076 1077 1142 1208 1143 1144 -1
GCP,adapt_p11-715852394892384_a45-0_279_map.h5,26.8733,10,650,1064,78.284149:45.000000,1766,True,12,12,1766,0.999999,22.3317,0,0.0124901,1767 1767 1748 1747 1746 1745 1765 1766 1783 1782 1781 -1
GCP,adapt_p70-52877936550931_a33-75_335_map.h5,26.853,10,538,1114,19.471220:33.750000,1173,True,15,13,1173,0.999998,25.8103,0,0.0128485,1172 1172 1235 1299 1300 1237 1238 1174 1236 1173 1107 1106 -1
GCP,adapt_p35-659087696138755_a75-0_209_map.h5,26.8863,10,578,1137,54.340912:75.000000,1576,True,10,10,1576,0.999999,18.381,0,0.0125216,1577 1577 1529 1530 1576 1575 1619 1620 1621 -1
GCP,adapt_p70-52877936550931_a101-24999999999999_575_map.h5,26.7991,10,166,1126,19.471220:101.250000,1185,True,24,13,1183,0.999821,25.0986,0,0.0126338,1247 1247 1246 1182 1116 1117 1183 1184 1118 1119 1185 1248 -1
GCP,adapt_p60-00000000000001_a270-0_167_map.h5,27.8903,10,686,697,30.000000:270.000000,1339,True,10,10,1339,0.999999,18.1425,0,0.0124447,1397 1397 1398 1340 1339 1277 1338 1396 1337 -1
GCP,adapt_p48-18968510422141_a168-74999999999997_61_map.h5,22.9237,10,59,1176,41.810314:168.750000,1491,False,657,10,1727,0.467246,21.6311,0,0.0535711,1760 1752 1751 1750 1725 1726 1727 1728 1699 -1
GCP,adapt_p60-00000000000001_a90-0_468_map.h5,27.8914,10,664,773,30.000000:90.000000,1309,True,10,10,1368,0.999999,17.8925,0,0.0123646,1425 1425 1426 1369 1310 1309 1368 1367 1308 -1
GCP,adapt_p48-18968510422141_a168-74999999999997_258_map.h5,26.8688,10,604,1149,41.810314:168.750000,1491,True,12,12,1491,0.999998,23.5597,0,0.0129495,1439 1439 1440 1493 1541 1490 1437 1438 1491 1542 1492 -1
GCP,adapt_p80-40593177313954_a45-0_432_map.h5,28.3832,10,62,369,9.594069:45.000000,1042,False,90,13,1394,0.940707,27.4708,0,0.0135576,1338 1395 1452 1504 1503 1451 1450 1394 1337 1336 1393 1335 -1
GCP,adapt_p35-659087696138755_a344-99999999999994_593_map.h5,27.848,10,301,689,54.340912:345.000000,1609,True,14,13,1649,0.999998,25.3229,0,0.0127344,1608 1608 1607 1648 1684 1649 1609 1610 1611 1650 1685 1686 -1
GCP,adapt_p60-00000000000001_a202-49999999999997_233_map.h5,27.7915,10,342,779,30.000000:202.500000,1328,True,23,13,1385,0.998753,25.9086,0,0.0133199,1442 1442 1384 1441 1385 1386 1387 1328 1327 1265 1326 1325 -1
GCP,adapt_p35-659087696138755_a344-99999999999994_479_map.h5,26.8561,10,610,1145,54.340912:345.000000,1609,True,10,10,1649,0.999999,17.7789,0,0.0126814,1609 1609 1608 1607 1648 1684 1685 1649 1650 -1
GCP,adapt_p48-18968510422141_a213-75_234_map.h5,26.1149,10,67,742,41.810314:213.750000,1497,False,293,11,1499,0.694627,24.3232,0,0.0206566,1440 1548 1549 1498 1446 1499 1500 1447 1448 1391 -1
GCP,adapt_p60-00000000000001_a180-0_303_map.h5,26.4367,10,192,1090,30.000000:180.000000,1324,False,82,12,1489,0.893133,24.0037,0,0.0130859,1381 1438 1491 1490 1437 1436 1435 1488 1539 1489 1540 -1
GCP,adapt_p48-18968510422141_a78-75_166_map.h5,27.8973,10,719,735,41.810314:78.750000,1478,True,8,8,1478,0.999999,13.2726,0,0.0125187,1529 1529 1530 1479 1478 1424 1477 -1
GCP,adapt_p60-00000000000001_a202-49999999999997_529_map.h5,26.8273,10,406,1138,30.000000:202.500000,1328,True,18,13,1385,0.999912,25.6185,0,0.0125305,1326 1326 1265 1327 1385 1384 1442 1443 1386 1387 1328 1266 -1
GCP,adapt_p23-556464309101234_a202-5_598_map.h5,26.8699,10,448,1185,66.443535:202.500000,1704,True,12,12,1704,0.999999,22.9313,0,0.0128608,1732 1732 1733 1672 1671 1705 1704 1670 1669 1703 1731 -1
GCP,adapt_p60-00000000000001_a315-0_426_map.h5,26.8468,10,384,1176,30.000000:315.000000,1346,True,12,12,1347,0.999999,23.1745,0,0.0130402,1348 1348 1286 1287 1347 1346 1404 1460 1461 1405 1406 -1
GCP,adapt_p80-40593177313954_a315-0_539_map.h5,26.8353,10,615,1069,9.594069:315.000000,1093,True,13,13,1093,0.999998,25.9378,0,0.0125335,1092 1092 1157 1158 1159 1093 1025 1026 1094 1160 1027 1095 -1
GCP,adapt_p60-00000000000001_a180-0_370_map.h5,27.6752,10,164,804,30.000000:180.000000,1324,False,37,13,1494,0.991606,24.9208,0,0.012613,1384 1384 1383 1440 1493 1544 1494 1441 1442 1495 1545 1590 -1
GCP,adapt_p60-00000000000001_a157-5_111_map.h5,27.7189,10,201,780,30.000000:157.500000,1320,True,28,13,1320,0.998362,25.2506,0,0.0128837,1257 1257 1258 1259 1321 1322 1381 1380 1379 1320 1319 1378 -1
GCP,adapt_p48-18968510422141_a33-75_514_map.h5,25.842,10,426,1477,41.810314:33.750000,1471,True,17,13,1417,0.999984,25.6666,0,0.0128449,1472 1472 1418 1359 1417 1524 1523 1471 1470 1416 1358 1357 -1
GCP,adapt_p80-40593177313954_a224-99999999999997_315_map.h5,26.6711,10,127,1133,9.594069:225.000000,1076,True,46,13,1076,0.969471,25.9135,0,0.0126817,1074 1074 1075 1008 1076 1077 1009 1142 1208 1143 1144 1078 -1
GCP,adapt_p80-40593177313954_a135-0_586_map.h5,26.8422,10,436,1071,9.594069:135.000000,1059,True,14,13,1059,0.999999,25.8293,0,0.0125791,992 992 1058 1124 1057 990 991 1059 1125 1126 1060 993 -1
GCP,adapt_p60-00000000000001_a67-5_93_map.h5,26.8684,10,514,1091,30.000000:67.500000,1305,True,13,13,1305,0.999999,24.8736,0,0.012472,1364 1364 1363 1304 1305 1242 1243 1306 1365 1366 1307 1244 -1
GCP,adapt_p70-52877936550931_a348-74999999999994_296_map.h5,28.8684,10,377,379,19.471220:348.750000,1229,True,14,14,1228,0.999998,28.2617,0,0.0133202,1290 1290 1352 1291 1228 1227 1163 1164 1229 1292 1293 1230 1165 -1
GCP,adapt_p11-715852394892384_a315-0_269_map.h5,26.858,10,498,1081,78.284149:315.000000,1778,True,15,13,1762,0.999998,24.9749,0,0.0127371,1779 1779 1790 1791 1778 1777 1761 1739 1740 1762 1763 1741 -1
GCP,adapt_p60-00000000000001_a45-0_81_map.h5,26.8453,10,357,1180,30.000000:45.000000,1301,True,16,13,1301,0.999974,26.0283,0,0.0125267,1361 1361 1303 1240 1239 1302 1360 1301 1238 1175 1237 1300 -1
GCP,adapt_p80-40593177313954_a135-0_35_map.h5,26.8606,10,513,1100,9.594069:135.000000,1059,True,13,13,1125,0.999999,24.9845,0,0.0131992,1060 1060 1061 1127 1126 1192 1191 1125 1059 1058 1124 1190 -1
GCP,adapt_p35-659087696138755_a135-0_502_map.h5,27.7041,10,208,800,54.340912:135.000000,1583,True,39,14,1626,0.992803,27.2779,0,0.0127241,1665 1665 1664 1663 1625 1582 1536 1485 1537 1583 1626 1627 1584 -1
GCP,adapt_p80-40593177313954_a90-0_556_map.h5,27.652,10,219,752,9.594069:90.000000,1051,True,48,13,1051,0.983021,25.6046,0,0.0138163,982 982 1049 1050 1116 1117 1051 983 984 1052 1118 1053 -1
GCP,adapt_p60-00000000000001_a247-49999999999997_368_map.h5,27.8486,10,638,758,30.000000:247.500000,1335,True,11,11,1336,0.999999,20.9149,0,0.0131939,1274 1274 1273 1275 1337 1395 1394 1336 1335 1393 -1
GCP,adapt_p48-18968510422141_a258-75_573_map.h5,26.8453,10,514,1029,41.810314:258.750000,1504,True,14,13,1504,0.999998,25.3549,0,0.0124652,1503 1503 1552 1502 1450 1451 1452 1453 1505 1504 1553 1554 -1
GCP,adapt_p60-00000000000001_a224-99999999999997_310_map.h5,26.8593,10,592,1086,30.000000:225.000000,1331,True,12,12,1332,0.999999,23.4412,0,0.0124804,1331 1331 1270 1269 1389 1390 1332 1391 1333 1271 1272 -1
GCP,adapt_p70-52877936550931_a146-25_484_map.h5,27.5676,10,82,746,19.471220:146.250000,1193,True,57,13,1192,0.97836,26.8289,0,0.0132325,1195 1129 1194 1128 1127 1193 1256 1192 1126 1191 1254 1255 -1
GCP,adapt_p11-715852394892384_a45-0_64_map.h5,27.8813,10,484,784,78.284149:45.000000,1766,True,13,13,1746,0.999999,25.3467,0,0.0125309,1765 1765 1744 1781 1782 1766 1767 1747 1720 1746 1745 1719 -1
GCP,adapt_p60-00000000000001_a224-99999999999997_258_map.h5,25.4064,10,182,1452,30.000000:225.000000,1331,False,80,12,1147,0.967087,25.3534,0,0.0133485,1271 1211 1146 1081 1147 1212 1275 1276 1213 1148 1214 -1
GCP,adapt_p48-18968510422141_a348-74999999999994_355_map.h5,27.4561,10,75,373,41.810314:348.750000,1517,True,231,10,1566,0.712149,26.5365,0,0.0199468,1590 1610 1519 1518 1517 1566 1609 1565 1516 -1
GCP,adapt_p35-659087696138755_a45-0_358_map.h5,25.8401,10,347,1507,54.340912:45.000000,1572,True,20,13,1572,0.999985,24.9828,0,0.0126924,1525 1525 1524 1571 1615 1614 1654 1655 1616 1572 1573 1617 -1
GCP,adapt_p48-18968510422141_a11-25_540_map.h5,27.8252,10,244,729,41.810314:11.250000,1468,True,21,13,1468,0.99996,26.4324,0,0.0126154,1467 1467 1521 1469 1470 1415 1414 1468 1520 1412 1413 1355 -1
GCP,adapt_p80-40593177313954_a135-0_499_map.h5,26.8673,10,519,1009,9.594069:135.000000,1059,True,13,13,1058,0.999999,25.9019,0,0.0125717,1125 1125 1124 1126 1060 992 1059 991 1058 990 1057 1123 -1
GCP,adapt_p80-40593177313954_a157-5_306_map.h5,26.7675,10,203,1091,9.594069:157.500000,1063,True,26,13,1128,0.999481,25.7329,0,0.0132999,1194 1194 1195 1130 1063 1129 1128 1062 1061 1127 1193 1126 -1
GCP,adapt_p48-18968510422141_a281-24999999999994_253_map.h5,27.8481,10,308,787,41.810314:281.250000,1507,True,15,13,1508,0.999987,25.4031,0,0.0127375,1455 1455 1506 1454 1507 1556 1557 1508 1456 1457 1509 1558 -1
GCP,adapt_p60-00000000000001_a202-49999999999997_126_map.h5,27.8969,10,701,740,30.000000:202.500000,1328,True,8,8,1328,0.999999,13.6693,0,0.0128906,1266 1266 1265 1327 1267 1329 1328 -1
GCP,adapt_p70-52877936550931_a213-75_101_map.h5,26.8543,10,595,1084,19.471220:213.750000,1205,True,13,13,1205,0.999998,25.899,0,0.0124884,1206 1206 1140 1141 1269 1268 1205 1267 1204 1139 1138 1203 -1
GCP,adapt_p35-659087696138755_a195-0_388_map.h5,27.6509,10,217,765,54.340912:195.000000,1590,True,50,13,1496,0.964066,26.9988,0,0.0129113,1547 1497 1445 1444 1443 1496 1546 1591 1495 1545 1590 1589 -1
GCP,adapt_p48-18968510422141_a303-75_67_map.h5,26.8789,10,504,1136,41.810314:303.750000,1510,True,11,11,1511,0.999999,20.8278,0,0.0128851,1560 1560 1512 1561 1511 1460 1459 1458 1510 1559 -1
GCP,adapt_p70-52877936550931_a78-75_345_map.h5,26.8332,10,356,1174,19.471220:78.750000,1181,True,18,12,1244,0.999945,24.956,0,0.0125472,1180 1243 1306 1244 1181 1115 1180 1307 1308 1245 1182 -1
GCP,adapt_p70-52877936550931_a56-24999999999999_200_map.h5,26.8672,10,454,1154,19.471220:56.250000,1177,True,12,12,1177,0.999999,23.6591,0,0.0125663,1240 1240 1178 1112 1242 1241 1177 1111 1110 1176 1239 -1
GCP,adapt_p80-40593177313954_a202-49999999999997_134_map.h5,28.6832,10,139,388,9.594069:202.500000,1072,True,41,13,1071,0.994291,27.6904,0,0.0136272,1002 1003 1069 1135 1070 1136 1137 1071 1004 1072 1138 1005 -1
GCP,adapt_p35-659087696138755_a224-99999999999997_80_map.h5,25.5966,10,251,1547,54.340912:225.000000,1594,True,52,12,1549,0.980313,24.521,0,0.0131803,1445 1498 1548 1593 1594 1549 1499 1446 1550 1500 1447 -1
GCP,adapt_p60-00000000000001_a202-49999999999997_343_map.h5,25.7371,10,282,1493,30.000000:202.500000,1328,True,30,13,1328,0.998908,25.732,0,0.012652,1267 1267 1330 1388 1387 1329 1266 1328 1386 1385 1327 1265 -1
GCP,adapt_p70-52877936550931_a168-74999999999997_406_map.h5,27.8358,10,243,734,19.471220:168.750000,1197,True,18,13,1196,0.999942,25.4775,0,0.0129932,1261 1261 1198 1197 1131 1130 1196 1260 1322 1259 1258 1195 -1
GCP,adapt_p48-18968510422141_a33-75_360_map.h5,25.5406,10,247,1547,41.810314:33.750000,1471,True,53,12,1471,0.992038,24.7886,0,0.013212,1414 1415 1470 1522 1416 1417 1418 1472 1524 1471 1523 -1
GCP,adapt_p11-715852394892384_a45-0_325_map.h5,27.8881,10,680,732,78.284149:45.000000,1766,True,9,9,1766,0.999999,15.1336,0,0.0126799,1747 1747 1767 1783 1782 1765 1766 1746 -1
GCP,adapt_p35-659087696138755_a45-0_41_map.h5,28.8713,10,405,366,54.340912:45.000000,1572,True,14,14,1572,0.999999,28.0873,0,0.0124929,1617 1617 1656 1655 1654 1615 1571 1572 1525 1526 1573 1616 1574 -1
GCP,adapt_p70-52877936550931_a281-24999999999994_368_map.h5,27.888,10,615,743,19.471220:281.250000,1217,True,11,11,1217,0.999999,20.7625,0,0.0127516,1279 1279 1215 1278 1216 1151 1152 1217 1280 1218 -1
GCP,adapt_p80-40593177313954_a90-0_361_map.h5,27.8146,10,291,737,9.594069:90.000000,1051,True,23,13,1051,0.999865,26.5885,0,0.0131424,1117 1117 983 984 1051 1050 982 1049 1116 1118 1052 985 -1
GCP,adapt_p60-00000000000001_a157-5_578_map.h5,27.8863,10,526,758,30.000000:157.500000,1320,True,10,10,1320,0.999999,18.4652,0,0.0124732,1319 1319 1379 1378 1320 1321 1259 1258 1257 -1
GCP,adapt_p80-40593177313954_a315-0_103_map.h5,26.864,10,488,1124,9.594069:315.000000,1093,True,13,13,1093,0.999999,25.7229,0,0.0127782,1092 1092 1159 1224 1160 1094 1093 1158 1223 1222 1157 1091 -1
GCP,adapt_p48-18968510422141_a303-75_411_map.h5,26.8803,10,664,1087,41.810314:303.750000,1510,True,10,10,1459,0.999998,18.5785,0,0.0124177,1510 1510 1559 1560 1511 1457 1458 1459 1460 -1
GCP,adapt_p80-40593177313954_a247-49999999999997_395_map.h5,25.8268,10,465,1461,9.594069:247.500000,1080,True,18,12,1079,0.999923,22.9899,0,0.0130032,1080 1080 1146 1145 1079 1011 1010 1078 1144 1077 1143 -1
GCP,adapt_p48-18968510422141_a236-25_326_map.h5,28.8463,10,304,396,41.810314:236.250000,1501,True,15,14,1449,0.999997,27.7869,0,0.0124769,1502 1502 1503 1450 1393 1392 1449 1448 1391 1447 1500 1501 1551 -1
GCP,adapt_p70-52877936550931_a213-75_218_map.h5,28.7982,10,214,357,19.471220:213.750000,1205,True,26,14,1207,0.999763,28.3602,0,0.01258,1142 1142 1143 1208 1141 1140 1205 1267 1268 1269 1206 1207 1270 -1
GCP,adapt_p48-18968510422141_a236-25_136_map.h5,28.871,10,494,405,41.810314:236.250000,1501,True,10,10,1501,0.999999,18.3961,0,0.0127722,1500 1500 1550 1447 1448 1449 1502 1501 1551 -1
GCP,adapt_p23-556464309101234_a22-5_111_map.h5,26.817,10,375,1143,66.443535:22.500000,1689,True,20,13,1690,0.999847,24.685,0,0.0127761,1655 1655 1654 1653 1689 1719 1745 1746 1720 1690 1691 1721 -1
GCP,adapt_p70-52877936550931_a191-25_513_map.h5,26.6371,10,166,1118,19.471220:191.250000,1201,True,39,13,1139,0.981401,25.3303,0,0.0137682,1135 1135 1136 1201 1202 1137 1138 1203 1204 1139 1140 1205 -1
GCP,adapt_p70-52877936550931_a258-75_18_map.h5,27.8589,10,281,718,19.471220:258.750000,1213,True,16,13,1214,0.999993,25.4521,0,0.0128746,1213 1213 1276 1277 1215 1214 1149 1148 1083 1084 1150 1151 -1
GCP,adapt_p23-556464309101234_a157-5_231_map.h5,26.8683,10,512,1139,66.443535:157.500000,1701,True,12,12,1701,0.999998,23.5986,0,0.0124626,1729 1729 1699 1665 1666 1700 1728 1730 1702 1701 1667 -1
GCP,adapt_p60-00000000000001_a315-0_356_map.h5,26.8695,10,627,1090,30.000000:315.000000,1346,True,11,11,1405,0.999999,20.3489,0,0.0132663,1404 1404 1346 1347 1405 1348 1406 1462 1461 1460 -1
GCP,adapt_p70-52877936550931_a281-24999999999994_306_map.h5,26.8244,10,417,1103,19.471220:281.250000,1217,True,18,13,1217,0.99979,25.3179,0,0.0124487,1280 1280 1218 1153 1152 1217 1216 1151 1215 1278 1279 1340 -1
GCP,adapt_p60-00000000000001_a45-0_474_map.h5,26.6217,10,141,1155,30.000000:45.000000,1301,True,52,12,1238,0.959803,24.3005,0,0.0130529,1106 1173 1174 1237 1300 1301 1361 1302 1239 1238 1175 -1
GCP,adapt_p11-715852394892384_a225-0_316_map.h5,28.8587,10,193,373,78.284149:225.000000,1774,True,15,14,1773,0.999991,27.3324,0,0.0130192,1755 1755 1774 1773 1756 1757 1775 1788 1787 1786 1771 1772 1754 -1
GCP,adapt_p23-556464309101234_a67-5_16_map.h5,23.0562,10,82,1531,66.443535:67.500000,1693,False,451,11,1302,0.621834,22.0663,0,0.0329332,1109 1239 1302 1301 1360 1418 1419 1361 1362 1303 -1
GCP,adapt_p60-00000000000001_a270-0_275_map.h5,26.842,10,517,1099,30.000000:270.000000,1339,True,15,13,1339,0.999997,25.5675,0,0.012825,1277 1277 1278 1279 1340 1398 1397 1339 1276 1337 1338 1396 -1
GCP,adapt_p48-18968510422141_a213-75_105_map.h5,26.8662,10,516,1055,41.810314:213.750000,1497,True,14,13,1445,0.999998,24.9585,0,0.0125885,1444 1444 1445 1388 1389 1446 1499 1549 1548 1498 1497 1547 -1
GCP,adapt_p80-40593177313954_a270-0_120_map.h5,26.819,10,522,1067,9.594069:270.000000,1084,True,22,13,1084,0.999983,25.2118,0,0.0127691,1086 1086 1152 1151 1085 1017 1016 1083 1149 1084 1150 1215 -1
GCP,adapt_p70-52877936550931_a33-75_456_map.h5,26.8593,10,483,1158,19.471220:33.750000,1173,True,13,13,1108,0.999998,26.3627,0,0.0125754,1109 1109 1110 1043 1175 1174 1173 1108 1042 1041 1107 1106 -1
GCP,adapt_p23-556464309101234_a202-5_353_map.h5,27.8754,10,611,741,66.443535:202.500000,1704,True,10,10,1704,0.999999,18.1886,0,0.0124022,1705 1705 1670 1671 1704 1703 1731 1732 1733 -1
GCP,adapt_p70-52877936550931_a326-24999999999994_404_map.h5,28.7978,10,551,367,19.471220:326.250000,1225,True,9,9,1225,0.999998,15.7964,0,0.012992,1160 1160 1161 1225 1287 1224 1159 1223 -1
GCP,adapt_p48-18968510422141_a258-75_584_map.h5,25.1625,10,125,1143,41.810314:258.750000,1504,False,271,10,1150,0.660946,23.4645,0,0.0191947,1446 1149 1150 1151 1085 1086 1087 1088 1089 -1
GCP,adapt_p48-18968510422141_a348-74999999999994_424_map.h5,26.7966,10,233,1103,41.810314:348.750000,1517,True,27,13,1517,0.999357,25.7274,0,0.0132201,1516 1516 1565 1465 1466 1412 1413 1467 1518 1517 1566 1519 -1
GCP,adapt_p35-659087696138755_a285-0_26_map.h5,26.6361,10,182,1131,54.340912:285.000000,1601,True,46,13,1602,0.993361,26.4955,0,0.0127173,1712 1679 1642 1601 1557 1558 1602 1643 1680 1644 1603 1559 -1
GCP,adapt_p11-715852394892384_a225-0_217_map.h5,26.8517,10,618,1085,78.284149:225.000000,1774,True,11,11,1774,0.999999,20.2382,0,0.0130814,1756 1756 1755 1757 1758 1775 1774 1773 1787 1788 -1
GCP,adapt_p35-659087696138755_a45-0_439_map.h5,28.5419,10,90,350,54.340912:45.000000,1572,True,61,13,1572,0.953487,26.9547,0,0.0128376,1569 1570 1615 1616 1573 1526 1473 1525 1572 1571 1524 1523 -1
GCP,adapt_p11-715852394892384_a315-0_143_map.h5,28.1175,10,102,386,78.284149:315.000000,1778,True,135,13,1762,0.962607,25.9677,0,0.0143221,1742 1741 1763 1779 1778 1777 1760 1761 1762 1740 1739 1738 -1
GCP,adapt_p70-52877936550931_a348-74999999999994_591_map.h5,25.7222,10,166,1482,19.471220:348.750000,1229,True,38,13,1228,0.997504,25.5331,0,0.0125849,1226 1226 1162 1163 1227 1290 1228 1291 1292 1229 1164 1165 -1
GCP,adapt_p70-52877936550931_a101-24999999999999_430_map.h5,25.7971,10,359,1477,19.471220:101.250000,1185,True,23,13,1185,0.999945,25.0204,0,0.0126809,1120 1120 1119 1118 1184 1247 1310 1311 1248 1185 1186 1249 -1
GCP,adapt_p48-18968510422141_a303-75_48_map.h5,28.6629,10,136,368,41.810314:303.750000,1510,True,42,14,1511,0.987603,27.9704,0,0.0129302,1457 1457 1509 1458 1459 1510 1559 1560 1511 1561 1512 1460 1461 -1
GCP,adapt_p80-40593177313954_a180-0_468_map.h5,26.8589,10,620,1130,9.594069:180.000000,1067,True,13,13,1133,0.999998,25.8517,0,0.0129307,1199 1199 1132 1066 1131 1197 1198 1133 1067 1068 1134 1135 -1
GCP,adapt_p48-18968510422141_a33-75_121_map.h5,25.7775,10,448,1460,41.810314:33.750000,1471,True,17,13,1417,0.999998,25.1403,0,0.0133041,1359 1359 1360 1361 1419 1418 1472 1417 1471 1470 1416 1358 -1
GCP,adapt_p35-659087696138755_a315-0_538_map.h5,25.8644,10,583,1449,54.340912:315.000000,1605,True,11,11,1646,0.999999,20.1868,0,0.0123873,1682 1682 1681 1645 1604 1646 1605 1606 1647 1683 -1
GCP,adapt_p70-52877936550931_a168-74999999999997_277_map.h5,27.146,10,78,721,19.471220:168.750000,1197,False,125,12,1211,0.72529,26.2443,0,0.014813,1080 1146 1147 1212 1274 1211 1273 1210 1145 1209 1268 -1
GCP,adapt_p60-00000000000001_a90-0_103_map.h5,23.2747,10,74,1503,30.000000:90.000000,1309,False,382,5,1188,0.467244,21.67,0,0.0276707,1089 1188 1122 1123 -1
GCP,adapt_p80-40593177313954_a112-49999999999999_514_map.h5,25.7819,10,383,1429,9.594069:112.500000,1055,True,25,13,1056,0.99875,25.6598,0,0.0129319,1120 1120 1187 1121 1054 1055 988 1056 1122 1188 1123 1057 -1
GCP,adapt_p60-00000000000001_a0-0_224_map.h5,25.7668,10,347,1556,30.000000:0.000000,1294,True,28,12,1294,0.997046,24.4048,0,0.0129692,1231 1294 1354 1295 1232 1231 1293 1353 1411 1410 1352 -1
GCP,adapt_p60-00000000000001_a292-5_429_map.h5,25.8212,10,364,1417,30.000000:292.500000,1343,True,20,13,1281,0.999983,25.6203,0,0.0125391,1219 1219 1218 1217 1280 1341 1342 1281 1220 1283 1282 1343 -1
GCP,adapt_p60-00000000000001_a292-5_67_map.h5,26.589,10,174,1139,30.000000:292.500000,1343,True,56,12,1342,0.974142,25.745,0,0.0128181,1402 1343 1282 1281 1342 1401 1400 1399 1341 1280 1277 -1
GCP,adapt_p70-52877936550931_a56-24999999999999_261_map.h5,26.8654,10,562,1065,19.471220:56.250000,1177,True,12,12,1177,0.999999,23.7068,0,0.012411,1178 1178 1242 1241 1111 1112 1177 1240 1239 1176 1110 -1
GCP,adapt_p23-556464309101234_a157-5_75_map.h5,27.8904,10,674,714,66.443535:157.500000,1701,True,7,7,1700,0.999999,12.4851,0,0.0123617,1728 1700 1701 1729 1699 1728 -1
GCP,adapt_p70-52877936550931_a236-25_148_map.h5,22.2819,10,110,1472,19.471220:236.250000,1209,False,553,7,1346,0.365531,22.2948,0,0.0454925,1598 1146 1145 1509 1346 1347 -1
GCP,adapt_p60-00000000000001_a90-0_45_map.h5,27.8532,10,296,732,30.000000:90.000000,1309,True,15,13,1367,0.999997,25.0866,0,0.0125386,1308 1308 1309 1310 1369 1426 1368 1367 1425 1424 1366 1307 -1
GCP,adapt_p70-52877936550931_a78-75_212_map.h5,25.8731,10,461,1505,19.471220:78.750000,1181,True,14,13,1181,0.999998,25.5161,0,0.0126849,1182 1182 1115 1181 1245 1246 1308 1307 1244 1243 1180 1114 -1
GCP,adapt_p70-52877936550931_a101-24999999999999_323_map.h5,26.8625,10,488,1122,19.471220:101.250000,1185,True,12,12,1185,0.999999,23.6473,0,0.0132637,1184 1184 1183 1247 1248 1185 1119 1118 1249 1186 1120 -1
GCP,adapt_p70-52877936550931_a213-75_37_map.h5,28.8724,10,409,366,19.471220:213.750000,1205,True,12,12,1205,0.999999,23.1863,0,0.0124236,1206 1206 1207 1141 1140 1205 1269 1268 1267 1204 1139 -1
GCP,adapt_p11-715852394892384_a135-0_203_map.h5,26.0682,10,127,1114,78.284149:135.000000,1770,False,140,12,1775,0.867733,23.7641,0,0.0146354,1736 1758 1759 1775 1774 1773 1787 1788 1789 1776 1777 -1
GCP,adapt_p80-40593177313954_a157-5_118_map.h5,28.0547,10,124,334,9.594069:157.500000,1063,True,141,12,1129,0.947984,25.1229,0,0.0150605,1376 1193 1194 1128 1062 1063 1064 1130 1129 1195 1258 -1
GCP,adapt_p35-659087696138755_a135-0_321_map.h5,25.4889,10,210,1389,54.340912:135.000000,1583,True,68,11,1582,0.954341,23.6779,0,0.0128622,1491 1486 1537 1583 1626 1625 1581 1582 1536 1485 -1
GCP,adapt_p48-18968510422141_a281-24999999999994_250_map.h5,26.8566,10,469,1178,41.810314:281.250000,1507,True,14,12,1507,0.999997,23.7074,0,0.0132595,1508 1508 1556 1507 1557 1601 1555 1506 1454 1455 1456 -1
GCP,adapt_p70-52877936550931_a56-24999999999999_20_map.h5,26.8672,10,475,1069,19.471220:56.250000,1177,True,13,13,1177,0.999999,24.9857,0,0.01259,1241 1241 1178 1112 1111 1177 1240 1239 1176 1110 1109 1175 -1
GCP,adapt_p35-659087696138755_a195-0_422_map.h5,26.8904,10,804,1127,54.340912:195.000000,1590,True,7,7,1590,0.999999,10.736,0,0.0123856,1633 1633 1632 1589 1590 1591 -1
GCP,adapt_p60-00000000000001_a22-5_558_map.h5,26.8569,10,519,1053,30.000000:22.500000,1298,True,11,11,1298,0.999998,20.946,0,0.0127933,1357 1357 1356 1355 1296 1297 1358 1299 1298 1235 -1
GCP,adapt_p23-556464309101234_a202-5_550_map.h5,26.8478,10,561,1068,66.443535:202.500000,1704,True,14,13,1732,0.999998,26.0052,0,0.0129491,1733 1733 1672 1671 1670 1704 1705 1706 1756 1732 1731 1703 -1
GCP,adapt_p48-18968510422141_a326-24999999999994_464_map.h5,26.876,10,603,1141,41.810314:326.250000,1514,True,10,10,1514,0.999999,18.1855,0,0.0127838,1462 1462 1515 1463 1514 1563 1562 1513 1461 -1
GCP,adapt_p11-715852394892384_a45-0_183_map.h5,26.8625,10,376,1167,78.284149:45.000000,1766,True,13,13,1767,0.999999,24.5703,0,0.0122687,1748 1748 1749 1768 1769 1784 1783 1782 1766 1767 1746 1747 -1
GCP,adapt_p80-40593177313954_a112-49999999999999_543_map.h5,26.8833,10,661,1078,9.594069:112.500000,1055,True,12,12,1054,0.999999,22.9825,0,0.0124856,1120 1120 1121 1122 1056 988 1055 1054 1053 986 987 -1
GCP,adapt_p35-659087696138755_a135-0_463_map.h5,26.8271,10,211,1149,54.340912:135.000000,1583,True,19,13,1584,0.999982,25.5963,0,0.0126844,1585 1585 1539 1538 1537 1583 1625 1582 1626 1584 1627 1628 -1
GCP,adapt_p80-40593177313954_a67-5_30_map.h5,26.8553,10,454,1181,9.594069:67.500000,1047,True,15,13,1046,0.999997,26.1326,0,0.0124776,1113 1113 1047 1048 1114 979 1046 1045 1111 1112 1179 1178 -1
GCP,adapt_p35-659087696138755_a75-0_580_map.h5,25.8392,10,373,1453,54.340912:75.000000,1576,True,15,13,1620,0.999995,25.2006,0,0.0125794,1621 1621 1660 1659 1658 1620 1577 1576 1575 1619 1618 1574 -1
GCP,adapt_p48-18968510422141_a11-25_209_map.h5,26.8772,10,604,1125,41.810314:11.250000,1468,True,11,11,1468,0.999998,20.4794,0,0.0125883,1469 1469 1415 1414 1413 1467 1520 1468 1521 1522 -1
GCP,adapt_p23-556464309101234_a157-5_194_map.h5,27.8041,10,288,687,66.443535:157.500000,1701,True,21,13,1729,0.99998,25.686,0,0.0126448,1700 1700 1667 1666 1701 1702 1730 1754 1753 1752 1729 1728 -1
GCP,adapt_p35-659087696138755_a135-0_114_map.h5,27.8782,10,661,789,54.340912:135.000000,1583,True,11,11,1626,0.999999,20.3156,0,0.0125488,1583 1583 1582 1625 1663 1664 1665 1627 1626 1584 -1
GCP,adapt_p70-52877936550931_a146-25_200_map.h5,27.8122,10,265,772,19.471220:146.250000,1193,True,22,13,1128,0.999797,25.5381,0,0.0125335,1061 1061 1062 1129 1194 1257 1256 1193 1128 1127 1126 1192 -1
GCP,adapt_p80-40593177313954_a22-5_267_map.h5,28.824,10,271,349,9.594069:22.500000,1038,True,21,14,1106,0.99996,28.3496,0,0.0127596,1040 1040 1107 1173 1172 1106 1105 1171 1039 1038 1104 1103 1037 -1
GCP,adapt_p60-00000000000001_a292-5_241_map.h5,24.5742,10,94,1491,30.000000:292.500000,1343,False,206,9,1702,0.592486,23.6676,0,0.0164213,1215 1398 1454 1703 1668 1702 1701 1667 -1
GCP,adapt_p80-40593177313954_a45-0_491_map.h5,25.8049,10,363,1506,9.594069:45.000000,1042,True,21,12,1043,0.999624,23.5277,0,0.0129741,1108 1108 1175 1109 1042 1041 975 1043 976 1044 1110 -1
GCP,adapt_p23-556464309101234_a157-5_432_map.h5,26.896,10,859,1136,66.443535:157.500000,1701,True,9,9,1701,0.999999,15.5226,0,0.0127687,1729 1729 1730 1701 1667 1666 1700 1728 -1
GCP,adapt_p70-52877936550931_a191-25_526_map.h5,28.582,10,94,392,19.471220:191.250000,1201,True,57,13,1202,0.982181,27.4946,0,0.0127509,1326 1264 1263 1135 1136 1201 1265 1202 1137 1071 1138 1203 -1
GCP,adapt_p60-00000000000001_a67-5_184_map.h5,25.8522,10,460,1383,30.000000:67.500000,1305,True,15,13,1305,0.999992,25.4458,0,0.0125675,1306 1306 1364 1305 1242 1241 1304 1363 1422 1423 1365 1366 -1
GCP,adapt_p35-659087696138755_a75-0_322_map.h5,27.8813,10,521,719,54.340912:75.000000,1576,True,12,12,1576,0.999999,23.9897,0,0.0124777,1530 1530 1478 1531 1577 1529 1576 1621 1620 1619 1575 -1
GCP,adapt_p11-715852394892384_a135-0_84_map.h5,26.8777,10,589,1078,78.284149:135.000000,1770,True,10,10,1771,0.999999,17.9602,0,0.0131152,1770 1770 1771 1753 1752 1751 1785 1786 1772 -1
GCP,adapt_p35-659087696138755_a195-0_327_map.h5,25.8123,10,404,1469,54.340912:195.000000,1590,True,14,13,1633,0.999992,25.6611,0,0.012482,1590 1590 1632 1670 1633 1545 1591 1592 1634 1635 1672 1671 -1
GCP,adapt_p60-00000000000001_a112-49999999999999_531_map.h5,26.7601,10,369,1191,30.000000:112.500000,1313,True,26,13,1311,0.99874,25.1118,0,0.0126724,1313 1313 1250 1249 1312 1371 1370 1311 1248 1184 1247 1310 -1
GCP,adapt_p48-18968510422141_a146-25_364_map.h5,26.85,10,583,1119,41.810314:146.250000,1488,True,16,13,1435,0.999996,25.4623,0,0.0128238,1489 1489 1437 1379 1436 1435 1378 1377 1434 1487 1488 1539 -1
GCP,adapt_p23-556464309101234_a157-5_195_map.h5,28.732,10,174,393,66.443535:157.500000,1701,True,34,14,1665,0.993481,27.8922,0,0.0128135,1626 1626 1665 1627 1664 1663 1698 1699 1728 1700 1701 1666 1628 -1
GCP,adapt_p48-18968510422141_a146-25_169_map.h5,26.8651,10,542,1131,41.810314:146.250000,1488,True,13,13,1488,0.999999,25.0999,0,0.0126714,1434 1434 1435 1436 1489 1539 1488 1487 1538 1537 1486 1433 -1
GCP,adapt_p70-52877936550931_a11-25_312_map.h5,26.8817,10,592,1116,19.471220:11.250000,1169,True,10,10,1102,0.999999,18.5629,0,0.0131072,1169 1169 1103 1102 1168 1232 1231 1101 1167 -1
GCP,adapt_p70-52877936550931_a236-25_386_map.h5,26.6198,10,175,1090,19.471220:236.250000,1209,True,47,12,1271,0.985543,24.7159,0,0.0129822,1206 1207 1208 1209 1273 1334 1272 1271 1333 1332 1270 -1
GCP,adapt_p60-00000000000001_a112-49999999999999_14_map.h5,26.8491,10,398,1151,30.000000:112.500000,1313,True,16,13,1314,0.999988,26.0029,0,0.0137157,1251 1251 1312 1371 1430 1372 1313 1314 1373 1374 1315 1252 -1
GCP,adapt_p60-00000000000001_a202-49999999999997_561_map.h5,27.8936,10,694,706,30.000000:202.500000,1328,True,8,8,1327,0.999999,13.5576,0,0.0132014,1328 1328 1386 1266 1265 1327 1326 -1
GCP,adapt_p35-659087696138755_a135-0_66_map.h5,28.7959,10,136,387,54.340912:135.000000,1583,True,25,13,1626,0.999926,26.7489,0,0.0128612,1663 1625 1582 1581 1624 1626 1583 1584 1627 1665 1664 1663 -1
GCP,adapt_p35-659087696138755_a224-99999999999997_54_map.h5,26.8523,10,600,1120,54.340912:225.000000,1594,True,11,11,1594,0.999999,21.2835,0,0.0125067,1637 1637 1594 1549 1593 1636 1595 1596 1638 1674 -1
GCP,adapt_p48-18968510422141_a281-24999999999994_305_map.h5,26.0766,10,77,701,41.810314:281.250000,1507,False,311,11,1457,0.884774,25.6901,0,0.0220287,1791 1509 1456 1400 1457 1401 1402 1458 1459 1403 -1
GCP,adapt_p23-556464309101234_a247-49999999999997_80_map.h5,27.4626,10,90,764,66.443535:247.500000,1708,False,74,13,1706,0.954777,26.3416,0,0.0131976,1703 1704 1732 1733 1705 1706 1672 1673 1674 1707 1734 1757 -1
GCP,adapt_p80-40593177313954_a45-0_267_map.h5,24.6308,10,108,1494,9.594069:45.000000,1042,True,191,9,1041,0.65345,23.5118,0,0.0158751,1352 1040 973 1041 974 1042 1043 913 -1
GCP,adapt_p80-40593177313954_a157-5_331_map.h5,26.7824,10,377,1124,9.594069:157.500000,1063,True,23,13,1129,0.999535,25.4265,0,0.0124354,1062 1062 1063 1130 1064 1065 1131 1196 1195 1129 1128 1194 -1
GCP,adapt_p80-40593177313954_a270-0_176_map.h5,26.8683,10,538,1161,9.594069:270.000000,1084,True,12,12,1149,0.999999,23.4869,0,0.0124779,1083 1083 1082 1148 1084 1085 1151 1150 1215 1149 1214 -1
GCP,adapt_p60-00000000000001_a270-0_84_map.h5,28.619,10,159,341,30.000000:270.000000,1339,True,55,13,1452,0.959839,26.9113,0,0.0127309,1394 1395 1337 1338 1339 1397 1453 1505 1504 1451 1396 1452 -1
GCP,adapt_p23-556464309101234_a112-5_577_map.h5,27.8943,10,745,723,66.443535:112.500000,1697,True,9,9,1725,0.999999,15.3669,0,0.0125011,1726 1726 1697 1662 1661 1696 1725 1695 -1
GCP,adapt_p60-00000000000001_a247-49999999999997_142_map.h5,27.8421,10,254,728,30.000000:247.500000,1335,True,17,13,1393,0.999994,26.0873,0,0.0127143,1335 1335 1336 1395 1451 1394 1450 1502 1393 1334 1392 1449 -1
GCP,adapt_p23-556464309101234_a292-5_345_map.h5,26.8174,10,142,1100,66.443535:292.500000,1712,True,22,13,1712,0.999902,25.6512,0,0.0133017,1739 1739 1711 1738 1712 1680 1679 1643 1644 1681 1713 1714 -1
GCP,adapt_p23-556464309101234_a157-5_587_map.h5,26.8566,10,589,1129,66.443535:157.500000,1701,True,12,12,1665,0.999999,23.0936,0,0.0132379,1666 1666 1701 1667 1628 1627 1665 1664 1698 1699 1700 -1
GCP,adapt_p48-18968510422141_a168-74999999999997_254_map.h5,28.8728,10,402,344,41.810314:168.750000,1491,True,13,13,1438,0.999999,25.7,0,0.0129635,1439 1439 1381 1438 1492 1491 1542 1541 1490 1437 1380 1436 -1
GCP,adapt_p11-715852394892384_a45-0_364_map.h5,26.8669,10,573,1110,78.284149:45.000000,1766,True,13,13,1766,0.999999,25.159,0,0.0128734,1746 1746 1765 1745 1766 1781 1782 1783 1768 1767 1747 1748 -1
GCP,adapt_p70-52877936550931_a101-24999999999999_435_map.h5,25.0425,10,75,742,19.471220:101.250000,1185,False,462,10,1044,0.48888,23.8718,0,0.0338472,904 1043 1044 1045 1116 1183 1117 1118 1184 -1
GCP,adapt_p60-00000000000001_a202-49999999999997_309_map.h5,28.6763,10,139,375,30.000000:202.500000,1328,True,43,13,1267,0.985868,27.0233,0,0.0134998,1138 1203 1265 1266 1328 1329 1330 1269 1268 1205 1267 1204 -1
GCP,adapt_p35-659087696138755_a105-0_299_map.h5,27.8982,10,711,662,54.340912:105.000000,1579,True,8,8,1580,0.999999,13.5834,0,0.0126548,1623 1623 1622 1579 1624 1581 1580 -1
GCP,adapt_p35-659087696138755_a255-00000000000003_214_map.h5,26.8524,10,406,1115,54.340912:255.000000,1598,True,14,13,1640,0.999998,25.6366,0,0.0134166,1639 1639 1677 1676 1640 1641 1600 1599 1554 1553 1598 1597 -1
GCP,adapt_p35-659087696138755_a344-99999999999994_554_map.h5,26.8783,10,521,1112,54.340912:345.000000,1609,True,13,13,1609,0.999999,25.6369,0,0.0124962,1649 1649 1686 1685 1650 1611 1567 1610 1566 1565 1609 1608 -1
GCP,adapt_p60-00000000000001_a112-49999999999999_439_map.h5,27.843,10,498,769,30.000000:112.500000,1313,True,17,13,1313,0.999994,25.727,0,0.0127652,1370 1370 1369 1311 1312 1371 1428 1429 1372 1313 1373 1314 -1
GCP,adapt_p70-52877936550931_a348-74999999999994_555_map.h5,27.8904,10,711,773,19.471220:348.750000,1229,True,10,10,1229,0.999998,19.0131,0,0.0124072,1291 1291 1230 1165 1164 1229 1292 1228 1290 -1
GCP,adapt_p70-52877936550931_a168-74999999999997_116_map.h5,26.8074,10,603,1090,19.471220:168.750000,1197,True,11,11,1260,0.999999,20.923,0,0.0123874,1261 1261 1322 1323 1260 1259 1196 1131 1197 1198 -1
GCP,adapt_p80-40593177313954_a180-0_418_map.h5,26.8051,10,509,1112,9.594069:180.000000,1067,True,23,13,1067,0.999788,25.1017,0,0.013721,1069 1069 1135 1134 1068 1000 999 1067 1133 1132 1066 1065 -1
GCP,adapt_p60-00000000000001_a67-5_413_map.h5,26.867,10,562,1077,30.000000:67.500000,1305,True,12,12,1305,0.999999,22.6941,0,0.0127732,1365 1365 1366 1306 1243 1242 1305 1364 1363 1304 1241 -1
GCP,adapt_p48-18968510422141_a56-24999999999999_353_map.h5,26.5811,10,208,1111,41.810314:56.250000,1475,False,58,13,1524,0.97188,26.5718,0,0.0127052,1420 1419 1418 1472 1471 1523 1524 1571 1572 1525 1473 1526 -1
GCP,adapt_p80-40593177313954_a337-49999999999994_93_map.h5,26.8783,10,489,1084,9.594069:337.500000,1097,True,11,11,1096,0.999998,20.6147,0,0.0124601,1097 1097 1098 1030 1029 1096 1028 1095 1027 1094 -1
GCP,adapt_p60-00000000000001_a337-49999999999994_316_map.h5,26.8631,10,482,1079,30.000000:337.500000,1350,True,14,13,1290,0.999998,25.2556,0,0.012661,1291 1291 1352 1351 1290 1228 1227 1289 1350 1408 1407 1349 -1
GCP,adapt_p70-52877936550931_a78-75_476_map.h5,26.8827,10,531,1153,19.471220:78.750000,1181,True,11,11,1182,0.999999,20.2572,0,0.0130949,1116 1116 1117 1183 1246 1182 1245 1244 1181 1115 -1
GCP,adapt_p48-18968510422141_a236-25_287_map.h5,26.8534,10,362,1179,41.810314:236.250000,1501,True,14,13,1501,0.999998,25.102,0,0.0123875,1449 1449 1502 1552 1551 1501 1448 1500 1550 1549 1499 1447 -1
GCP,adapt_p70-52877936550931_a281-24999999999994_253_map.h5,19.8958,10,63,1744,19.471220:281.250000,1217,False,816,7,1233,0.339865,19.5086,0,0.0777252,1482 1170 1233 1232 1169 1168 -1
GCP,adapt_p48-18968510422141_a258-75_28_map.h5,26.875,10,492,1069,41.810314:258.750000,1504,True,11,11,1504,0.999999,20.4189,0,0.0127358,1451 1451 1450 1503 1553 1554 1504 1452 1505 1453 -1
GCP,adapt_p80-40593177313954_a135-0_56_map.h5,26.4286,10,106,1186,9.594069:135.000000,1059,False,64,12,1256,0.969484,24.8681,0,0.013197,1258 1194 1257 1193 1192 1254 1316 1317 1255 1256 1318 -1
GCP,adapt_p80-40593177313954_a45-0_450_map.h5,25.7832,10,409,1546,9.594069:45.000000,1042,False,23,12,1040,0.999171,23.0555,0,0.0125772,971 971 972 1039 1038 1105 1106 1040 973 1041 974 -1
GCP,adapt_p80-40593177313954_a22-5_433_map.h5,26.5721,10,170,1088,9.594069:22.500000,1038,True,59,12,1102,0.973619,25.4749,0,0.0136856,1168 1102 1035 1101 1036 1103 1169 1037 1038 1104 1105 -1
GCP,adapt_p23-556464309101234_a247-49999999999997_121_map.h5,26.8858,10,654,1090,66.443535:247.500000,1708,True,10,10,1708,0.999999,18.0665,0,0.0130132,1675 1675 1707 1674 1708 1735 1736 1709 1676 -1
GCP,adapt_p70-52877936550931_a56-24999999999999_279_map.h5,26.8109,10,341,1183,19.471220:56.250000,1177,True,22,13,1176,0.999525,25.4871,0,0.0128567,1175 1175 1239 1302 1303 1240 1176 1109 1110 1111 1177 1241 -1
GCP,adapt_p35-659087696138755_a195-0_284_map.h5,27.8774,10,670,808,54.340912:195.000000,1590,True,10,10,1633,0.999997,18.7133,0,0.0123607,1670 1670 1634 1671 1633 1669 1631 1632 1590 -1
GCP,adapt_p70-52877936550931_a123-74999999999999_19_map.h5,28.7795,10,179,376,19.471220:123.750000,1189,True,25,14,1189,0.999504,27.8174,0,0.0133548,1190 1190 1123 1057 1058 1124 1189 1252 1251 1188 1122 1121 1187 -1
GCP,adapt_p80-40593177313954_a224-99999999999997_193_map.h5,26.8718,10,505,1190,9.594069:225.000000,1076,True,11,11,1142,0.999999,20.4044,0,0.0130127,1143 1143 1077 1142 1076 1075 1141 1206 1207 1208 -1
GCP,adapt_p48-18968510422141_a123-74999999999999_41_map.h5,27.8829,10,588,760,41.810314:123.750000,1484,True,10,10,1484,0.999999,18.682,0,0.0129283,1431 1431 1430 1432 1486 1485 1536 1484 1535 -1
GCP,adapt_p70-52877936550931_a303-75_326_map.h5,26.8425,10,436,1182,19.471220:303.750000,1221,True,14,13,1219,0.999997,25.1094,0,0.0132578,1282 1282 1283 1221 1156 1155 1220 1219 1154 1153 1218 1281 -1
GCP,adapt_p70-52877936550931_a326-24999999999994_377_map.h5,26.2259,10,222,1089,19.471220:326.250000,1225,True,112,12,1163,0.812848,26.0969,0,0.0139562,1405 1223 1285 1286 1287 1224 1225 1162 1227 1163 1164 -1
GCP,adapt_p35-659087696138755_a315-0_551_map.h5,26.8795,10,604,1095,54.340912:315.000000,1605,True,10,10,1605,0.999999,18.2133,0,0.0123008,1604 1604 1561 1605 1645 1646 1647 1606 1562 -1
GCP,adapt_p70-52877936550931_a146-25_385_map.h5,26.8065,10,392,1160,19.471220:146.250000,1193,True,21,13,1127,0.999875,25.1801,0,0.0133472,1061 1061 1060 1126 1191 1192 1255 1256 1193 1127 1128 1194 -1
GCP,adapt_p70-52877936550931_a258-75_315_map.h5,27.6447,10,205,796,19.471220:258.750000,1213,True,48,13,1213,0.997857,26.5979,0,0.0131036,1083 1149 1150 1215 1277 1214 1148 1213 1276 1275 1212 1147 -1
GCP,adapt_p60-00000000000001_a0-0_553_map.h5,25.8322,10,354,1448,30.000000:0.000000,1294,True,19,12,1294,0.999939,23.56,0,0.0126334,1410 1410 1411 1294 1293 1353 1352 1466 1412 1354 1295 -1
GCP,adapt_p60-00000000000001_a292-5_315_map.h5,27.8316,10,441,771,30.000000:292.500000,1343,True,17,13,1401,0.999995,25.957,0,0.0131588,1402 1402 1343 1344 1401 1342 1341 1399 1400 1456 1457 1458 -1
GCP,adapt_p70-52877936550931_a348-74999999999994_267_map.h5,26.8593,10,497,1015,19.471220:348.750000,1229,True,13,13,1230,0.999999,26.3819,0,0.0125405,1229 1229 1164 1165 1230 1293 1292 1291 1228 1166 1167 1101 -1
GCP,adapt_p80-40593177313954_a112-49999999999999_109_map.h5,25.787,10,341,1544,9.594069:112.500000,1055,True,19,13,1055,0.999895,25.3574,0,0.0128378,986 986 985 1053 1054 987 988 1055 1121 1122 1056 1057 -1
GCP,adapt_p70-52877936550931_a326-24999999999994_61_map.h5,26.8713,10,643,1037,19.471220:326.250000,1225,True,12,12,1225,0.999999,23.2263,0,0.0125013,1161 1161 1162 1227 1289 1226 1160 1225 1288 1287 1224 -1
GCP,adapt_p35-659087696138755_a75-0_266_map.h5,26.8631,10,400,1158,54.340912:75.000000,1576,True,14,13,1576,0.999999,25.7679,0,0.0126964,1575 1575 1618 1574 1529 1576 1577 1621 1620 1619 1658 1659 -1
GCP,adapt_p80-40593177313954_a90-0_262_map.h5,26.7895,10,365,1135,9.594069:90.000000,1051,True,23,13,1052,0.99899,26.1008,0,0.0133294,1119 1119 1118 1053 986 985 984 1052 1117 1051 983 1050 -1
GCP,adapt_p60-00000000000001_a67-5_101_map.h5,28.8784,10,363,363,30.000000:67.500000,1305,True,11,11,1305,0.999999,20.953,0,0.0124127,1306 1306 1366 1365 1364 1422 1363 1304 1305 1243 -1
GCP,adapt_p35-659087696138755_a285-0_98_map.h5,27.8731,10,494,795,54.340912:285.000000,1601,True,10,10,1643,0.999998,17.7703,0,0.0136485,1601 1601 1602 1603 1644 1680 1679 1643 1642 -1
GCP,adapt_p35-659087696138755_a195-0_106_map.h5,26.8634,10,586,1054,54.340912:195.000000,1590,True,13,13,1633,0.999999,25.8104,0,0.0124333,1632 1632 1589 1545 1590 1591 1633 1669 1670 1671 1634 1592 -1
GCP,adapt_p70-52877936550931_a101-24999999999999_329_map.h5,27.8452,10,367,668,19.471220:101.250000,1185,True,17,13,1183,0.999989,25.751,0,0.0125971,1185 1185 1118 1119 1184 1248 1247 1246 1183 1117 1116 1182 -1
GCP,adapt_p11-715852394892384_a225-0_298_map.h5,26.885,10,547,1130,78.284149:225.000000,1774,True,10,10,1774,0.999999,17.8741,0,0.0127279,1757 1757 1756 1758 1775 1774 1773 1787 1788 -1
GCP,adapt_p70-52877936550931_a78-75_433_map.h5,26.8592,10,443,1133,19.471220:78.750000,1181,True,13,13,1182,0.999999,25.4053,0,0.0126079,1115 1115 1116 1117 1183 1246 1245 1182 1181 1114 1180 1244 -1
GCP,adapt_p80-40593177313954_a67-5_387_map.h5,26.6837,10,235,1013,9.594069:67.500000,1047,True,37,12,1046,0.988822,24.8038,0,0.0131429,980 979 1048 1114 1047 1113 1112 1046 978 1045 1111 -1
GCP,adapt_p70-52877936550931_a11-25_498_map.h5,26.8514,10,545,1207,19.471220:11.250000,1169,True,13,13,1169,0.999998,25.9029,0,0.0123535,1171 1171 1104 1105 1170 1234 1233 1232 1169 1103 1102 1168 -1
GCP,adapt_p70-52877936550931_a258-75_323_map.h5,26.588,10,112,1171,19.471220:258.750000,1213,True,54,12,1214,0.990752,24.4778,0,0.0127433,1338 1277 1276 1275 1213 1148 1149 1214 1278 1215 1150 -1
GCP,adapt_p60-00000000000001_a270-0_476_map.h5,27.8074,10,293,740,30.000000:270.000000,1339,True,25,13,1339,0.999737,25.4264,0,0.0123937,1279 1279 1340 1398 1278 1339 1397 1396 1338 1277 1276 1337 -1
GCP,adapt_p80-40593177313954_a270-0_185_map.h5,26.8415,10,663,1074,9.594069:270.000000,1084,True,13,12,1084,0.999998,23.3417,0,0.0123371,1085 1085 1150 1151 1084 1017 1016 1083 1149 1148 1082 -1
GCP,adapt_p70-52877936550931_a78-75_47_map.h5,27.8078,10,273,781,19.471220:78.750000,1181,True,23,14,1245,0.999977,27.6595,0,0.0129881,1181 1181 1182 1183 1184 1247 1310 1309 1246 1308 1245 1244 1307 -1
GCP,adapt_p70-52877936550931_a101-24999999999999_33_map.h5,27.8332,10,320,715,19.471220:101.250000,1185,True,19,13,1185,0.999946,25.2807,0,0.0125518,1187 1187 1250 1249 1248 1247 1184 1185 1119 1120 1186 1121 -1
GCP,adapt_p48-18968510422141_a11-25_351_map.h5,27.8922,10,558,763,41.810314:11.250000,1468,True,8,8,1414,0.999999,13.6035,0,0.0125696,1468 1468 1413 1414 1521 1469 1415 -1
GCP,adapt_p70-52877936550931_a123-74999999999999_530_map.h5,26.7933,10,458,1119,19.471220:123.750000,1189,True,25,13,1189,0.999096,25.4603,0,0.0125512,1251 1251 1188 1189 1123 1124 1190 1252 1315 1253 1254 1316 -1
GCP,adapt_p60-00000000000001_a180-0_214_map.h5,26.593,10,193,1119,30.000000:180.000000,1324,True,58,12,1324,0.94687,24.8118,0,0.0127673,1266 1327 1385 1326 1384 1383 1382 1325 1263 1262 1324 -1
GCP,adapt_p60-00000000000001_a247-49999999999997_361_map.h5,27.8728,10,577,748,30.000000:247.500000,1335,True,11,11,1335,0.999999,20.6363,0,0.0130176,1394 1394 1393 1335 1273 1274 1336 1395 1337 1275 -1
GCP,adapt_p48-18968510422141_a281-24999999999994_344_map.h5,26.8753,10,553,1137,41.810314:281.250000,1507,True,11,11,1455,0.999998,21.133,0,0.0124831,1454 1454 1455 1508 1456 1557 1556 1507 1506 1453 -1
GCP,adapt_p80-40593177313954_a247-49999999999997_479_map.h5,26.8701,10,510,1095,9.594069:247.500000,1080,True,11,11,1146,0.999999,20.5362,0,0.0127395,1145 1145 1079 1080 1146 1210 1211 1212 1147 1081 -1
GCP,adapt_p48-18968510422141_a146-25_294_map.h5,26.8367,10,510,1164,41.810314:146.250000,1488,True,14,13,1378,0.999998,25.5884,0,0.0130602,1434 1434 1377 1319 1320 1379 1436 1489 1378 1435 1488 1487 -1
GCP,adapt_p70-52877936550931_a303-75_563_map.h5,28.6585,10,79,391,19.471220:303.750000,1221,False,42,14,1154,0.987726,27.9415,0,0.0133138,1217 1217 1152 1087 1153 1218 1219 1220 1154 1088 1089 1155 1156 -1
GCP,adapt_p35-659087696138755_a224-99999999999997_1_map.h5,27.855,10,291,700,54.340912:225.000000,1594,True,17,13,1635,0.999993,25.6943,0,0.0127654,1592 1592 1636 1673 1672 1634 1635 1593 1548 1549 1594 1595 -1
GCP,adapt_p48-18968510422141_a281-24999999999994_190_map.h5,28.8638,10,367,375,41.810314:281.250000,1507,True,14,14,1507,0.999998,28.256,0,0.0130143,1455 1455 1456 1509 1558 1601 1557 1508 1507 1454 1506 1556 1555 -1
GCP,adapt_p35-659087696138755_a14-999999999999998_402_map.h5,26.8639,10,561,1107,54.340912:15.000000,1568,True,11,11,1568,0.999998,20.472,0,0.0129712,1569 1569 1570 1614 1613 1568 1567 1611 1612 1652 -1
GCP,adapt_p23-556464309101234_a67-5_565_map.h5,27.8869,10,583,763,66.443535:67.500000,1693,True,10,10,1693,0.999998,18.3708,0,0.0128862,1692 1692 1693 1658 1657 1656 1722 1723 1694 -1
GCP,adapt_p80-40593177313954_a247-49999999999997_53_map.h5,26.8794,10,582,1129,9.594069:247.500000,1080,True,11,11,1080,0.999999,21.6562,0,0.0123669,1079 1079 1013 1081 1147 1146 1080 1012 1145 1078 -1
GCP,adapt_p70-52877936550931_a101-24999999999999_149_map.h5,27.8453,10,405,808,19.471220:101.250000,1185,True,18,14,1184,0.999997,27.7979,0,0.0125634,1247 1247 1185 1119 1120 1186 1249 1248 1184 1118 1117 1183 1246 -1
GCP,adapt_p60-00000000000001_a22-5_340_map.h5,26.8704,10,480,1102,30.000000:22.500000,1298,True,12,12,1297,0.999999,23.356,0,0.0123727,1357 1357 1356 1296 1233 1234 1297 1358 1299 1298 1235 -1
GCP,adapt_p80-40593177313954_a67-5_519_map.h5,26.6902,10,188,1091,9.594069:67.500000,1047,True,40,13,979,0.989793,25.5483,0,0.0126777,1112 1112 1046 1045 977 910 978 911 979 1047 980 912 -1
GCP,adapt_p80-40593177313954_a112-49999999999999_458_map.h5,26.8652,10,381,1134,9.594069:112.500000,1055,True,13,13,1055,0.999999,26.3676,0,0.0125877,1120 1120 1053 986 987 1054 1119 1121 1055 988 1056 1122 -1
GCP,adapt_p48-18968510422141_a258-75_69_map.h5,28.856,10,334,396,41.810314:258.750000,1504,True,13,13,1504,0.999999,25.636,0,0.0127833,1452 1452 1451 1503 1553 1504 1453 1454 1506 1505 1554 1555 -1
GCP,adapt_p35-659087696138755_a195-0_541_map.h5,25.4041,10,110,1479,54.340912:195.000000,1590,False,91,12,1441,0.787707,24.9139,0,0.0136975,1589 1544 1494 1442 1385 1327 1384 1441 1440 1492 1493 -1
GCP,adapt_p60-00000000000001_a247-49999999999997_75_map.h5,26.8849,10,611,1103,30.000000:247.500000,1335,True,10,10,1335,0.999999,19.4643,0,0.0129499,1393 1392 1334 1273 1274 1336 1394 1335 1393 -1
GCP,adapt_p60-00000000000001_a180-0_525_map.h5,27.8452,10,348,737,30.000000:180.000000,1324,True,16,13,1324,0.999977,25.3419,0,0.0126055,1326 1326 1385 1441 1384 1383 1382 1323 1324 1262 1263 1325 -1
GCP,adapt_p80-40593177313954_a90-0_594_map.h5,24.0342,10,171,1704,9.594069:90.000000,1051,False,132,11,1115,0.872837,23.3247,0,0.0146014,1119 1246 1245 1116 1050 1049 1115 1114 1048 1047 -1
GCP,adapt_p60-00000000000001_a224-99999999999997_311_map.h5,26.0464,10,121,1117,30.000000:225.000000,1331,False,143,12,1447,0.844236,25.0541,0,0.0142808,1387 1389 1446 1499 1549 1550 1500 1447 1390 1448 1391 -1
GCP,adapt_p11-715852394892384_a135-0_427_map.h5,28.0443,10,81,355,78.284149:135.000000,1770,True,132,13,1769,0.892531,26.0555,0,0.0142091,1766 1768 1750 1751 1770 1769 1784 1785 1786 1787 1794 1795 -1
GCP,adapt_p35-659087696138755_a135-0_24_map.h5,28.87,10,407,351,54.340912:135.000000,1583,True,15,14,1584,0.999999,27.5919,0,0.012839,1627 1627 1664 1665 1628 1585 1584 1538 1537 1583 1626 1625 1582 -1
GCP,adapt_p70-52877936550931_a101-24999999999999_241_map.h5,26.7218,10,123,1143,19.471220:101.250000,1185,True,35,12,1185,0.991319,24.3239,0,0.0129537,1247 1248 1311 1249 1186 1120 1119 1185 1247 1184 1118 -1
GCP,adapt_p60-00000000000001_a247-49999999999997_280_map.h5,26.7337,10,228,1115,30.000000:247.500000,1335,True,31,13,1335,0.995759,25.2726,0,0.0130431,1272 1272 1333 1334 1273 1274 1335 1393 1394 1336 1275 1337 -1
GCP,adapt_p70-52877936550931_a258-75_325_map.h5,26.8534,10,522,1125,19.471220:258.750000,1213,True,15,13,1149,0.999996,25.4992,0,0.0124117,1214 1214 1277 1213 1148 1149 1083 1084 1150 1215 1151 1216 -1
GCP,adapt_p80-40593177313954_a112-49999999999999_300_map.h5,26.84,10,373,1155,9.594069:112.500000,1055,True,13,13,1054,0.999998,26.6255,0,0.0127921,1120 1119 1053 986 987 988 1056 1122 1121 1055 1054 1120 -1
GCP,adapt_p23-556464309101234_a157-5_142_map.h5,27.8553,10,286,761,66.443535:157.500000,1701,True,16,13,1701,0.999988,26.1532,0,0.0125062,1667 1667 1700 1665 1666 1629 1668 1701 1729 1730 1702 1703 -1
GCP,adapt_p60-00000000000001_a270-0_459_map.h5,26.1596,10,121,1120,30.000000:270.000000,1339,True,122,11,1214,0.794114,23.5996,0,0.0139734,1086 1217 1218 1339 1338 1277 1214 1213 1276 1337 -1
GCP,adapt_p35-659087696138755_a285-0_596_map.h5,27.8532,10,448,707,54.340912:285.000000,1601,True,15,14,1602,0.999998,27.6376,0,0.0125124,1603 1603 1559 1558 1602 1557 1556 1600 1601 1642 1679 1643 1644 -1
GCP,adapt_p70-52877936550931_a348-74999999999994_386_map.h5,26.8702,10,636,1083,19.471220:348.750000,1229,True,12,12,1229,0.999999,23.8653,0,0.0126125,1291 1291 1292 1229 1290 1227 1228 1163 1164 1230 1165 -1
GCP,adapt_p70-52877936550931_a101-24999999999999_588_map.h5,25.7763,10,344,1452,19.471220:101.250000,1185,True,25,12,1120,0.997936,23.1397,0,0.0124824,1118 1118 1119 1185 1053 1120 1186 1249 1250 1187 1121 -1
GCP,adapt_p48-18968510422141_a33-75_423_map.h5,26.8562,10,416,1155,41.810314:33.750000,1471,True,13,13,1418,0.999998,25.0875,0,0.0125782,1472 1472 1471 1416 1358 1359 1417 1418 1360 1361 1419 1473 -1
GCP,adapt_p35-659087696138755_a195-0_313_map.h5,26.8635,10,566,1154,54.340912:195.000000,1590,True,9,9,1634,0.999999,15.3592,0,0.0122675,1635 1635 1593 1592 1634 1633 1591 1590 -1
GCP,adapt_p35-659087696138755_a344-99999999999994_148_map.h5,26.8722,10,510,1128,54.340912:345.000000,1609,True,11,11,1608,0.999998,21.4113,0,0.0126261,1565 1565 1608 1609 1650 1649 1607 1564 1516 1566 -1
GCP,adapt_p48-18968510422141_a168-74999999999997_586_map.h5,26.8448,10,483,1094,41.810314:168.750000,1491,True,15,13,1491,0.999996,25.3258,0,0.0130007,1438 1438 1439 1492 1491 1437 1436 1489 1540 1490 1541 1542 -1
GCP,adapt_p48-18968510422141_a281-24999999999994_263_map.h5,26.8563,10,411,1103,41.810314:281.250000,1507,True,14,13,1556,0.999999,25.6983,0,0.0125133,1507 1507 1508 1558 1602 1642 1601 1557 1556 1506 1555 1600 -1
GCP,adapt_p48-18968510422141_a101-24999999999999_484_map.h5,27.7913,10,242,786,41.810314:101.250000,1481,True,26,14,1531,0.999885,27.6638,0,0.0124487,1479 1479 1480 1427 1481 1532 1531 1530 1577 1578 1579 1533 1482 -1
GCP,adapt_p70-52877936550931_a101-24999999999999_84_map.h5,27.698,10,251,738,19.471220:101.250000,1185,True,41,14,1185,0.98535,27.3433,0,0.0127669,1368 1368 1369 1310 1247 1184 1185 1119 1120 1186 1249 1248 1311 -1
GCP,adapt_p48-18968510422141_a101-24999999999999_243_map.h5,26.8885,10,594,1113,41.810314:101.250000,1481,True,8,8,1428,0.999999,13.5826,0,0.0132549,1481 1481 1533 1482 1427 1428 1429 -1
GCP,adapt_p80-40593177313954_a0-0_55_map.h5,26.8316,10,468,1140,9.594069:0.000000,1034,True,16,13,1100,0.999982,26.4018,0,0.0132349,1032 1032 1098 1164 1165 1099 1031 1100 1033 1034 967 1035 -1
GCP,adapt_p60-00000000000001_a224-99999999999997_226_map.h5,27.8643,10,592,749,30.000000:225.000000,1331,True,12,12,1390,0.999999,22.8306,0,0.0135353,1331 1331 1269 1270 1332 1271 1333 1391 1447 1390 1389 -1
GCP,adapt_p11-715852394892384_a135-0_361_map.h5,25.7872,10,234,1550,78.284149:135.000000,1770,False,27,13,1773,0.999494,24.6494,0,0.0125662,1771 1771 1786 1787 1774 1756 1755 1773 1772 1754 1753 1752 -1
GCP,adapt_p11-715852394892384_a135-0_591_map.h5,26.8833,10,524,1094,78.284149:135.000000,1770,True,12,12,1752,0.999998,22.2418,0,0.0124214,1728 1728 1727 1752 1751 1770 1771 1772 1754 1753 1729 -1
GCP,adapt_p35-659087696138755_a135-0_54_map.h5,27.765,10,192,805,54.340912:135.000000,1583,True,27,13,1583,0.998339,25.3125,0,0.0127588,1538 1538 1585 1628 1627 1584 1537 1583 1626 1625 1582 1536 -1
GCP,adapt_p35-659087696138755_a135-0_327_map.h5,27.8814,10,645,783,54.340912:135.000000,1583,True,10,10,1583,0.999998,17.8113,0,0.0124586,1584 1584 1627 1665 1664 1626 1583 1625 1582 -1
GCP,adapt_p70-52877936550931_a213-75_599_map.h5,27.8444,10,398,705,19.471220:213.750000,1205,True,18,13,1205,0.999994,25.1303,0,0.0124196,1140 1140 1206 1269 1268 1205 1139 1204 1267 1266 1203 1138 -1
GCP,adapt_p23-556464309101234_a157-5_386_map.h5,27.8973,10,660,770,66.443535:157.500000,1701,True,7,7,1700,0.999999,11.0929,0,0.0124538,1666 1666 1701 1667 1700 1665 -1
GCP,adapt_p48-18968510422141_a236-25_313_map.h5,26.8653,10,540,1129,41.810314:236.250000,1501,True,12,12,1448,0.999999,24.8247,0,0.012474,1449 1393 1392 1449 1502 1448 1447 1500 1550 1501 1551 -1
GCP,adapt_p35-659087696138755_a344-99999999999994_252_map.h5,28.8732,10,442,369,54.340912:345.000000,1609,True,11,11,1609,0.999997,20.8544,0,0.0125754,1565 1565 1610 1566 1609 1650 1649 1608 1564 1607 -1
GCP,adapt_p70-52877936550931_a348-74999999999994_295_map.h5,27.8503,10,403,669,19.471220:348.750000,1229,True,13,13,1290,0.999999,26.3101,0,0.0124481,1289 1289 1227 1290 1226 1288 1350 1351 1291 1229 1228 1163 -1
GCP,adapt_p70-52877936550931_a191-25_497_map.h5,25.0106,10,99,1168,19.471220:191.250000,1201,False,286,8,1070,0.819962,24.1374,0,0.0210583,1688 1135 1069 1002 1070 1136 1071 -1
GCP,adapt_p23-556464309101234_a202-5_484_map.h5,26.8603,10,535,1096,66.443535:202.500000,1704,True,13,13,1704,0.999998,25.5504,0,0.012488,1703 1703 1668 1702 1669 1670 1633 1671 1672 1705 1704 1732 -1
GCP,adapt_p35-659087696138755_a165-0_81_map.h5,25.7984,10,362,1491,54.340912:165.000000,1587,True,23,13,1587,0.999838,25.26,0,0.0133372,1586 1586 1629 1630 1668 1631 1589 1588 1543 1542 1587 1541 -1
GCP,adapt_p35-659087696138755_a45-0_282_map.h5,27.884,10,508,747,54.340912:45.000000,1572,True,11,11,1572,0.999999,20.2104,0,0.0128123,1616 1616 1615 1571 1524 1525 1572 1526 1573 1617 -1
GCP,adapt_p23-556464309101234_a22-5_201_map.h5,26.8721,10,541,1141,66.443535:22.500000,1689,True,11,11,1688,0.999999,20.8137,0,0.0126705,1652 1652 1687 1651 1688 1718 1719 1720 1689 1653 -1
GCP,adapt_p35-659087696138755_a165-0_122_map.h5,25.7913,10,372,1513,54.340912:165.000000,1587,True,22,13,1629,0.999854,25.7211,0,0.0125271,1628 1628 1586 1585 1629 1666 1701 1667 1668 1630 1587 1541 -1
GCP,adapt_p70-52877936550931_a56-24999999999999_351_map.h5,26.8281,10,308,1211,19.471220:56.250000,1177,True,15,13,1112,0.999994,26.6908,0,0.012656,1177 1111 1112 1178 1179 1113 1047 1046 1045 1044 1110 1177 -1
GCP,adapt_p70-52877936550931_a33-75_492_map.h5,26.8775,10,579,1130,19.471220:33.750000,1173,True,9,9,1236,0.999998,16.1644,0,0.0122862,1172 1172 1236 1173 1237 1299 1235 1171 -1
GCP,adapt_p35-659087696138755_a75-0_356_map.h5,26.8895,10,817,1150,54.340912:75.000000,1576,True,6,6,1576,0.999999,8.24949,0,0.0123018,1619 1619 1620 1576 1575 -1
GCP,adapt_p60-00000000000001_a292-5_281_map.h5,25.8323,10,395,1448,30.000000:292.500000,1343,True,18,13,1343,0.999993,25.1407,0,0.0124557,1342 1342 1400 1401 1402 1344 1283 1220 1219 1282 1343 1281 -1
GCP,adapt_p35-659087696138755_a165-0_140_map.h5,27.8282,10,447,721,54.340912:165.000000,1587,True,15,14,1586,0.999994,27.6935,0,0.0134308,1587 1587 1542 1541 1540 1586 1629 1630 1667 1666 1628 1585 1627 -1
GCP,adapt_p70-52877936550931_a123-74999999999999_440_map.h5,26.225,10,142,1132,19.471220:123.750000,1189,False,107,12,1247,0.940176,25.1467,0,0.0138924,1121 1249 1311 1310 1247 1246 1183 1118 1184 1248 1185 -1
GCP,adapt_p80-40593177313954_a270-0_384_map.h5,26.6866,10,225,1147,9.594069:270.000000,1084,False,39,13,1082,0.997258,25.825,0,0.0132299,1145 1145 1078 1079 1012 1080 1013 1081 1014 1082 1015 1083 -1
GCP,adapt_p80-40593177313954_a90-0_425_map.h5,25.7693,10,300,1484,9.594069:90.000000,1051,True,26,13,984,0.999785,25.5636,0,0.0125858,982 982 981 1049 1050 983 984 1051 1118 1052 985 1053 -1
GCP,adapt_p80-40593177313954_a157-5_45_map.h5,26.8549,10,476,1057,9.594069:157.500000,1063,True,13,13,1129,0.999998,25.0633,0,0.0128576,1064 1064 1065 1131 1130 1196 1195 1129 1063 1062 1128 1194 -1
GCP,adapt_p80-40593177313954_a112-49999999999999_536_map.h5,25.8584,10,423,1480,9.594069:112.500000,1055,True,14,12,1055,0.999993,23.338,0,0.0123892,1122 1122 1121 1120 1053 1054 987 988 1055 1056 1123 -1
GCP,adapt_p48-18968510422141_a101-24999999999999_586_map.h5,26.8793,10,683,1070,41.810314:101.250000,1481,True,10,10,1427,0.999998,17.9259,0,0.0125223,1428 1428 1482 1533 1532 1481 1427 1480 1426 -1
GCP,adapt_p35-659087696138755_a45-0_507_map.h5,28.8934,10,414,410,54.340912:45.000000,1572,True,9,9,1617,0.999999,15.462,0,0.0124139,1573 1573 1617 1656 1655 1616 1572 1615 -1
GCP,adapt_p35-659087696138755_a165-0_5_map.h5,27.8502,10,291,876,54.340912:165.000000,1587,True,16,13,1630,0.999996,25.8376,0,0.0126047,1667 1667 1631 1668 1630 1587 1588 1542 1541 1586 1629 1666 -1
GCP,adapt_p70-52877936550931_a168-74999999999997_421_map.h5,26.8925,10,639,1067,19.471220:168.750000,1197,True,10,10,1197,0.999999,18.4401,0,0.0123273,1132 1132 1196 1131 1197 1260 1261 1198 1133 -1
GCP,adapt_p70-52877936550931_a281-24999999999994_166_map.h5,26.8702,10,590,1087,19.471220:281.250000,1217,True,13,13,1218,0.999999,25.946,0,0.0125802,1219 1219 1153 1154 1218 1217 1152 1216 1279 1280 1281 1282 -1
GCP,adapt_p70-52877936550931_a348-74999999999994_549_map.h5,26.876,10,527,1146,19.471220:348.750000,1229,True,10,10,1229,0.999998,18.1488,0,0.012759,1228 1228 1164 1165 1230 1293 1292 1229 1291 -1
GCP,adapt_p60-00000000000001_a67-5_505_map.h5,26.8672,10,440,1179,30.000000:67.500000,1305,True,12,12,1305,0.999999,23.6612,0,0.0125626,1306 1306 1366 1365 1242 1243 1305 1364 1363 1304 1241 -1
GCP,adapt_p60-00000000000001_a337-49999999999994_439_map.h5,26.8768,10,660,1104,30.000000:337.500000,1350,True,8,8,1350,0.999999,13.6625,0,0.0129636,1408 1408 1409 1351 1407 1349 1350 -1
GCP,adapt_p60-00000000000001_a337-49999999999994_547_map.h5,24.5627,10,95,1973,30.000000:337.500000,1350,False,57,12,1352,0.879519,24.3409,0,0.0131077,1295 1294 1293 1292 1353 1352 1351 1409 1408 1464 1463 -1
GCP,adapt_p70-52877936550931_a236-25_321_map.h5,26.8673,10,581,1107,19.471220:236.250000,1209,True,13,13,1143,0.999998,25.5604,0,0.0124672,1077 1077 1076 1142 1143 1208 1209 1144 1078 1210 1145 1079 -1
GCP,adapt_p60-00000000000001_a90-0_355_map.h5,26.8763,10,476,1169,30.000000:90.000000,1309,True,10,10,1309,0.999998,18.4484,0,0.0124705,1310 1310 1246 1247 1309 1308 1367 1368 1369 -1
GCP,adapt_p80-40593177313954_a135-0_225_map.h5,26.8063,10,445,1064,9.594069:135.000000,1059,True,22,13,1060,0.999889,25.2294,0,0.0125116,1125 1125 1124 1058 1059 992 993 1060 1126 1127 1061 1062 -1
GCP,adapt_p80-40593177313954_a22-5_425_map.h5,25.8539,10,373,1462,9.594069:22.500000,1038,True,13,12,1038,0.999999,23.4814,0,0.0128678,1037 1037 1036 969 970 971 1038 1104 1039 972 1040 -1
GCP,adapt_p48-18968510422141_a326-24999999999994_406_map.h5,27.551,10,124,660,41.810314:326.250000,1514,True,58,13,1563,0.977932,26.8903,0,0.0128695,1610 1566 1565 1516 1515 1564 1608 1563 1514 1562 1606 1607 -1
GCP,adapt_p80-40593177313954_a180-0_287_map.h5,25.5776,10,291,1500,9.594069:180.000000,1067,True,52,12,1068,0.965283,24.0993,0,0.0132182,999 1067 1066 1132 1133 1134 1068 1069 1135 1136 1070 -1
GCP,adapt_p80-40593177313954_a180-0_277_map.h5,27.8533,10,339,740,9.594069:180.000000,1067,True,16,13,1067,0.999991,27.8351,0,0.0125138,1000 1067 1069 1001 1000 999 1068 1134 1133 1132 1066 998 -1
GCP,adapt_p60-00000000000001_a112-49999999999999_247_map.h5,27.87,10,644,775,30.000000:112.500000,1313,True,11,11,1371,0.999998,20.4209,0,0.0127704,1370 1370 1311 1249 1250 1313 1312 1371 1372 1429 -1
GCP,adapt_p35-659087696138755_a224-99999999999997_43_map.h5,25.8203,10,376,1489,54.340912:225.000000,1594,True,19,12,1635,0.999941,22.7729,0,0.0124951,1636 1636 1594 1548 1593 1635 1592 1634 1671 1672 1673 -1
GCP,adapt_p35-659087696138755_a135-0_331_map.h5,26.8681,10,485,1171,54.340912:135.000000,1583,True,14,13,1584,0.999999,25.0588,0,0.0126565,1627 1627 1626 1664 1665 1628 1585 1584 1538 1537 1583 1582 -1
GCP,adapt_p48-18968510422141_a123-74999999999999_303_map.h5,26.7796,10,412,1126,41.810314:123.750000,1484,True,25,13,1484,0.999517,25.7001,0,0.0131827,1535 1535 1536 1485 1432 1431 1430 1429 1484 1483 1534 1482 -1
GCP,adapt_p60-00000000000001_a247-49999999999997_40_map.h5,27.8069,10,260,762,30.000000:247.500000,1335,True,24,13,1274,0.999897,25.4435,0,0.0128531,1335 1335 1273 1274 1211 1212 1213 1275 1336 1337 1276 1277 -1
GCP,adapt_p70-52877936550931_a213-75_458_map.h5,26.8714,10,667,1066,19.471220:213.750000,1205,True,11,11,1205,0.999999,21.2053,0,0.0124161,1206 1206 1207 1140 1205 1269 1268 1267 1204 1139 -1
GCP,adapt_p35-659087696138755_a135-0_218_map.h5,27.8432,10,431,782,54.340912:135.000000,1583,True,17,13,1626,0.999996,25.6797,0,0.0125667,1627 1627 1628 1665 1664 1663 1626 1584 1583 1582 1625 1624 -1
GCP,adapt_p48-18968510422141_a348-74999999999994_35_map.h5,26.8935,10,637,1090,41.810314:348.750000,1517,True,10,10,1465,0.999999,18.5464,0,0.0123474,1516 1516 1466 1517 1465 1409 1408 1464 1515 -1
GCP,adapt_p80-40593177313954_a180-0_464_map.h5,28.6153,10,195,372,9.594069:180.000000,1067,True,50,14,1067,0.961126,27.8766,0,0.0135121,1130 1130 1131 1065 1132 1066 1133 1067 1068 1134 1135 1069 1070 -1
GCP,adapt_p35-659087696138755_a45-0_240_map.h5,26.8744,10,536,1128,54.340912:45.000000,1572,True,11,11,1572,0.999999,20.2459,0,0.0123637,1616 1616 1615 1571 1572 1525 1526 1573 1617 1574 -1
GCP,adapt_p35-659087696138755_a75-0_543_map.h5,28.2248,10,95,364,54.340912:75.000000,1576,False,114,13,1621,0.9008,27.9771,0,0.0140469,1662 1661 1696 1695 1659 1620 1660 1622 1621 1578 1577 1425 -1
GCP,adapt_p48-18968510422141_a101-24999999999999_224_map.h5,26.8601,10,539,1153,41.810314:101.250000,1481,True,12,12,1481,0.999998,23.3651,0,0.0127418,1482 1482 1534 1483 1429 1428 1533 1532 1480 1481 1427 -1
GCP,adapt_p48-18968510422141_a146-25_283_map.h5,25.845,10,327,1487,41.810314:146.250000,1488,True,15,13,1488,0.999997,25.6922,0,0.0128102,1489 1489 1539 1540 1488 1538 1487 1434 1377 1378 1435 1436 -1
GCP,adapt_p11-715852394892384_a135-0_113_map.h5,27.8744,10,428,807,78.284149:135.000000,1770,True,11,11,1752,0.999999,20.4759,0,0.0123551,1727 1727 1753 1729 1728 1752 1771 1770 1751 1726 -1
GCP,adapt_p48-18968510422141_a146-25_58_map.h5,27.7172,10,226,778,41.810314:146.250000,1488,True,34,14,1488,0.99672,27.715,0,0.0126407,1378 1378 1434 1487 1538 1539 1488 1435 1436 1489 1540 1490 1437 -1
GCP,adapt_p23-556464309101234_a292-5_48_map.h5,26.8534,10,404,1113,66.443535:292.500000,1712,True,15,13,1712,0.999998,25.9085,0,0.0123996,1713 1713 1714 1740 1679 1680 1712 1711 1710 1737 1738 1739 -1
GCP,adapt_p35-659087696138755_a315-0_441_map.h5,26.8427,10,530,1165,54.340912:315.000000,1605,True,15,13,1605,0.999987,25.0744,0,0.0130645,1645 1645 1646 1682 1681 1644 1603 1604 1560 1561 1605 1606 -1
GCP,adapt_p80-40593177313954_a112-49999999999999_406_map.h5,26.6417,10,204,1101,9.594069:112.500000,1055,True,46,13,1056,0.981223,25.363,0,0.0130865,1054 1054 987 988 1055 1122 1056 989 1057 1123 1124 1058 -1
GCP,adapt_p80-40593177313954_a112-49999999999999_243_map.h5,26.8693,10,546,1181,9.594069:112.500000,1055,True,12,12,1056,0.999998,23.6085,0,0.0134997,1122 1122 1057 1123 1056 1121 1120 1054 987 1055 988 -1
GCP,adapt_p80-40593177313954_a135-0_494_map.h5,26.8373,10,414,1115,9.594069:135.000000,1059,True,19,13,1059,0.999987,26.0543,0,0.0125179,1060 1060 991 992 1059 1126 1125 1124 1058 990 1057 1056 -1
GCP,adapt_p80-40593177313954_a224-99999999999997_74_map.h5,26.853,10,483,1096,9.594069:225.000000,1076,True,16,13,1141,0.999986,26.0008,0,0.0128328,1076 1076 1077 1142 1207 1141 1075 1206 1205 1139 1140 1074 -1
GCP,adapt_p60-00000000000001_a247-49999999999997_367_map.h5,25.7966,10,273,1512,30.000000:247.500000,1335,True,24,13,1395,0.999487,25.6687,0,0.0131394,1393 1393 1335 1394 1336 1275 1337 1395 1450 1451 1452 1396 -1
GCP,adapt_p35-659087696138755_a255-00000000000003_56_map.h5,26.7603,10,159,1138,54.340912:255.000000,1598,True,29,13,1598,0.998106,25.6361,0,0.0125225,1552 1552 1553 1598 1599 1554 1555 1641 1640 1639 1597 1596 -1
GCP,adapt_p23-556464309101234_a247-49999999999997_284_map.h5,26.8709,10,547,1125,66.443535:247.500000,1708,True,12,12,1736,0.999999,22.8098,0,0.0128714,1737 1737 1710 1709 1676 1708 1735 1758 1736 1759 1760 -1
GCP,adapt_p60-00000000000001_a270-0_510_map.h5,26.8454,10,373,1140,30.000000:270.000000,1339,True,15,13,1339,0.999997,25.5417,0,0.0123759,1397 1397 1338 1396 1337 1276 1277 1339 1278 1279 1340 1398 -1
GCP,adapt_p48-18968510422141_a33-75_7_map.h5,26.8828,10,586,1093,41.810314:33.750000,1471,True,10,10,1416,0.999999,19.0573,0,0.0129726,1471 1471 1416 1470 1415 1358 1417 1472 1523 -1
GCP,adapt_p35-659087696138755_a255-00000000000003_122_map.h5,27.7914,10,257,781,54.340912:255.000000,1598,True,26,13,1597,0.99981,25.9755,0,0.01245,1676 1676 1638 1596 1551 1552 1597 1639 1675 1677 1640 1598 -1
GCP,adapt_p35-659087696138755_a45-0_489_map.h5,26.8381,10,475,1144,54.340912:45.000000,1572,True,14,13,1572,0.999998,25.5544,0,0.0126605,1570 1570 1523 1524 1472 1525 1572 1573 1616 1571 1615 1614 -1
GCP,adapt_p23-556464309101234_a22-5_78_map.h5,23.1426,10,93,1455,66.443535:22.500000,1689,False,446,9,1466,0.384559,22.2266,0,0.0325737,1228 1412 1466 1518 1519 1520 1521 1714 -1
GCP,adapt_p60-00000000000001_a224-99999999999997_72_map.h5,26.8508,10,531,1163,30.000000:225.000000,1331,True,12,12,1331,0.999998,23.7893,0,0.0129379,1269 1269 1268 1330 1270 1271 1391 1390 1332 1331 1389 -1
GCP,adapt_p11-715852394892384_a135-0_292_map.h5,25.7773,10,292,1561,78.284149:135.000000,1770,True,29,13,1770,0.999277,24.6385,0,0.0125194,1728 1728 1729 1753 1752 1751 1769 1770 1771 1772 1786 1785 -1
GCP,adapt_p35-659087696138755_a14-999999999999998_476_map.h5,26.8904,10,743,1130,54.340912:15.000000,1568,True,6,6,1568,0.999999,8.25189,0,0.012366,1613 1613 1612 1568 1569 -1
GCP,adapt_p48-18968510422141_a191-25_316_map.h5,26.7669,10,176,1169,41.810314:191.250000,1494,True,26,13,1441,0.999539,25.3117,0,0.0128489,1443 1443 1385 1384 1441 1442 1495 1545 1544 1494 1493 1440 -1
GCP,adapt_p48-18968510422141_a281-24999999999994_127_map.h5,26.8779,10,567,1109,41.810314:281.250000,1507,True,11,11,1455,0.999999,20.6374,0,0.0129028,1507 1507 1557 1509 1508 1456 1400 1399 1455 1454 -1
GCP,adapt_p35-659087696138755_a45-0_234_map.h5,26.8666,10,456,1126,54.340912:45.000000,1572,True,11,11,1572,0.999998,20.2468,0,0.0132331,1616 1616 1615 1571 1572 1525 1526 1573 1617 1574 -1
GCP,adapt_p70-52877936550931_a281-24999999999994_90_map.h5,26.8652,10,498,1198,19.471220:281.250000,1217,True,14,13,1216,0.999999,25.4241,0,0.0126102,1151 1151 1150 1149 1214 1277 1278 1215 1216 1152 1217 1279 -1
GCP,adapt_p60-00000000000001_a135-0_180_map.h5,26.8464,10,644,1117,30.000000:135.000000,1316,True,13,13,1317,0.999999,26.0425,0,0.0124191,1375 1375 1317 1255 1256 1318 1376 1254 1253 1316 1315 1374 -1
GCP,adapt_p60-00000000000001_a202-49999999999997_358_map.h5,26.8243,10,415,1088,30.000000:202.500000,1328,True,12,12,1327,0.999999,23.9574,0,0.0125196,1328 1328 1265 1266 1327 1386 1387 1442 1385 1384 1326 -1
GCP,adapt_p70-52877936550931_a303-75_395_map.h5,25.5769,10,135,1459,19.471220:303.750000,1221,True,53,12,1220,0.995385,24.2682,0,0.0129163,1153 1154 1219 1282 1220 1155 1156 1221 1222 1284 1283 -1
GCP,adapt_p60-00000000000001_a270-0_286_map.h5,26.8806,10,569,1131,30.000000:270.000000,1339,True,9,9,1339,0.999998,15.6968,0,0.0132207,1277 1277 1278 1279 1340 1397 1339 1338 -1
GCP,adapt_p70-52877936550931_a11-25_257_map.h5,26.8208,10,413,1131,19.471220:11.250000,1169,True,16,13,1103,0.999987,26.3519,0,0.0129963,1104 1104 1234 1171 1233 1232 1169 1170 1103 1036 1102 1168 -1
GCP,adapt_p35-659087696138755_a14-999999999999998_438_map.h5,25.8782,10,352,1465,54.340912:15.000000,1568,True,12,12,1612,0.999999,23.7335,0,0.0125043,1567 1567 1521 1520 1568 1569 1613 1612 1610 1611 1651 -1
GCP,adapt_p35-659087696138755_a75-0_120_map.h5,25.8363,10,405,1526,54.340912:75.000000,1576,True,18,13,1576,0.999991,25.5151,0,0.0124766,1528 1528 1576 1529 1477 1478 1530 1577 1620 1619 1575 1574 -1
GCP,adapt_p60-00000000000001_a157-5_359_map.h5,26.8341,10,447,1104,30.000000:157.500000,1320,True,18,13,1320,0.999951,25.2076,0,0.0127003,1321 1321 1259 1258 1320 1379 1378 1319 1257 1194 1256 1318 -1
GCP,adapt_p70-52877936550931_a33-75_77_map.h5,27.8844,10,443,817,19.471220:33.750000,1173,True,10,10,1107,0.999999,19.5066,0,0.0123624,1173 1172 1106 1040 1041 1108 1174 1107 1173 -1
GCP,adapt_p11-715852394892384_a45-0_371_map.h5,27.848,10,281,713,78.284149:45.000000,1766,True,19,14,1747,0.999997,27.2939,0,0.0127921,1766 1766 1783 1782 1767 1768 1749 1748 1722 1721 1747 1746 1720 -1
GCP,adapt_p70-52877936550931_a78-75_57_map.h5,28.1369,10,109,395,19.471220:78.750000,1181,True,125,13,1050,0.760523,27.3598,0,0.0146473,1112 1114 1048 981 982 983 1051 1050 1116 1049 1115 1181 -1
GCP,adapt_p60-00000000000001_a224-99999999999997_328_map.h5,25.8353,10,429,1521,30.000000:225.000000,1331,True,18,13,1390,0.999953,25.2901,0,0.01246,1391 1391 1333 1271 1270 1332 1390 1331 1269 1330 1388 1389 -1
GCP,adapt_p70-52877936550931_a146-25_228_map.h5,27.8711,10,493,754,19.471220:146.250000,1193,True,9,9,1193,0.999998,16.1397,0,0.0126708,1128 1128 1193 1192 1126 1127 1194 1129 -1
GCP,adapt_p60-00000000000001_a45-0_566_map.h5,28.6519,10,143,366,30.000000:45.000000,1301,True,49,14,1238,0.982223,28.269,0,0.0128846,1360 1360 1361 1303 1240 1176 1239 1302 1301 1238 1175 1237 1174 -1
GCP,adapt_p80-40593177313954_a22-5_575_map.h5,26.8805,10,493,1093,9.594069:22.500000,1038,True,12,12,1038,0.999999,23.5085,0,0.0123186,971 971 972 1039 970 1037 1103 1104 1038 1105 1106 -1
GCP,adapt_p60-00000000000001_a135-0_264_map.h5,26.8402,10,382,1161,30.000000:135.000000,1316,True,15,13,1376,0.999987,25.6059,0,0.0125847,1316 1316 1255 1317 1376 1375 1374 1432 1433 1434 1377 1318 -1
GCP,adapt_p80-40593177313954_a45-0_153_map.h5,28.807,10,189,341,9.594069:45.000000,1042,True,24,14,1108,0.999877,28.6704,0,0.0128061,1174 1174 1109 1108 1175 1110 1043 975 1042 974 1041 1107 1173 -1
GCP,adapt_p35-659087696138755_a75-0_256_map.h5,26.8752,10,583,1103,54.340912:75.000000,1576,True,11,11,1576,0.999999,20.8914,0,0.0125887,1619 1619 1620 1577 1530 1529 1576 1618 1574 1575 -1
GCP,adapt_p70-52877936550931_a213-75_568_map.h5,27.8748,10,463,697,19.471220:213.750000,1205,True,12,12,1204,0.999999,22.9429,0,0.0129621,1139 1139 1140 1206 1268 1205 1204 1267 1266 1203 1138 -1
GCP,adapt_p60-00000000000001_a67-5_401_map.h5,26.7788,10,190,1157,30.000000:67.500000,1305,False,26,13,1113,0.99899,25.3954,0,0.0129563,1242 1242 1178 1111 1112 1046 1047 1113 1179 1243 1180 1114 -1
GCP,adapt_p35-659087696138755_a14-999999999999998_315_map.h5,26.8825,10,481,1071,54.340912:15.000000,1568,True,11,11,1613,0.999999,20.4677,0,0.0123237,1569 1569 1570 1614 1653 1613 1568 1612 1652 1651 -1
GCP,adapt_p70-52877936550931_a168-74999999999997_424_map.h5,28.823,10,189,374,19.471220:168.750000,1197,True,21,14,1197,0.999869,28.5737,0,0.0128138,1198 1198 1131 1130 1195 1196 1259 1260 1197 1132 1199 1262 1261 -1
GCP,adapt_p60-00000000000001_a292-5_180_map.h5,26.7733,10,293,1079,30.000000:292.500000,1343,True,27,12,1342,0.999035,24.8258,0,0.0124607,1281 1342 1400 1401 1343 1341 1399 1340 1279 1280 1281 -1
GCP,adapt_p23-556464309101234_a157-5_348_map.h5,28.7992,10,173,354,66.443535:157.500000,1701,True,23,14,1700,0.999679,27.4197,0,0.0136596,1665 1665 1628 1666 1700 1699 1728 1729 1730 1702 1701 1667 1629 -1
GCP,adapt_p70-52877936550931_a303-75_104_map.h5,26.8149,10,487,1156,19.471220:303.750000,1221,True,14,13,1221,0.999997,26.3402,0,0.0128846,1220 1220 1282 1219 1156 1155 1221 1283 1284 1285 1222 1157 -1
GCP,adapt_p60-00000000000001_a0-0_496_map.h5,28.8457,10,317,389,30.000000:0.000000,1294,True,17,13,1294,0.999997,26.3263,0,0.0131345,1354 1354 1412 1410 1353 1292 1293 1231 1294 1411 1295 1355 -1
GCP,adapt_p35-659087696138755_a105-0_408_map.h5,26.8623,10,446,1069,54.340912:105.000000,1579,True,13,13,1623,0.999999,25.8105,0,0.0124979,1622 1622 1578 1533 1579 1580 1623 1660 1661 1662 1624 1581 -1
GCP,adapt_p48-18968510422141_a56-24999999999999_109_map.h5,28.3496,10,94,362,41.810314:56.250000,1475,False,97,10,1419,0.931949,26.3278,0,0.0141537,1125 1420 1362 1361 1419 1474 1473 1472 1418 -1
GCP,adapt_p48-18968510422141_a326-24999999999994_67_map.h5,25.8413,10,361,1410,41.810314:326.250000,1514,True,16,13,1462,0.999998,25.5501,0,0.0124979,1406 1406 1463 1515 1464 1408 1407 1462 1514 1513 1461 1405 -1
GCP,adapt_p11-715852394892384_a225-0_235_map.h5,26.8773,10,668,1078,78.284149:225.000000,1774,True,9,9,1758,0.999998,15.2317,0,0.0124588,1735 1735 1734 1757 1774 1775 1758 1759 -1
GCP,adapt_p80-40593177313954_a45-0_579_map.h5,26.8717,10,418,1154,9.594069:45.000000,1042,True,13,13,1042,0.999998,25.8306,0,0.0130901,974 974 973 1041 975 1042 1108 1109 1043 976 1044 1110 -1
GCP,adapt_p48-18968510422141_a168-74999999999997_354_map.h5,27.885,10,704,769,41.810314:168.750000,1491,True,10,10,1491,0.999999,17.7599,0,0.0127767,1437 1437 1438 1491 1490 1541 1540 1489 1436 -1
GCP,adapt_p70-52877936550931_a33-75_9_map.h5,25.6416,10,99,708,19.471220:33.750000,1173,True,380,10,1044,0.611698,24.8128,0,0.0267165,1482 1044 1043 1110 1109 1175 1108 1107 1173 -1
GCP,adapt_p60-00000000000001_a270-0_501_map.h5,27.1853,10,113,774,30.000000:270.000000,1339,True,115,12,1338,0.881995,26.3594,0,0.0141417,1340 1339 1397 1277 1338 1337 1396 1598 1553 1552 1597 -1
GCP,adapt_p80-40593177313954_a224-99999999999997_103_map.h5,25.7392,10,310,1460,9.594069:225.000000,1076,False,33,12,1073,0.995582,23.3236,0,0.0126184,1075 1075 1006 1007 1074 1140 1139 1073 1005 1072 1004 -1
GCP,adapt_p23-556464309101234_a292-5_33_map.h5,27.8939,10,695,747,66.443535:292.500000,1712,True,10,10,1712,0.999999,17.8938,0,0.0128465,1680 1680 1679 1711 1738 1739 1712 1713 1681 -1
GCP,adapt_p48-18968510422141_a123-74999999999999_107_map.h5,26.8222,10,171,1062,41.810314:123.750000,1484,True,19,13,1485,0.999808,25.533,0,0.0126099,1486 1486 1536 1535 1484 1485 1432 1433 1375 1374 1431 1430 -1
GCP,adapt_p60-00000000000001_a292-5_389_map.h5,26.84,10,500,1077,30.000000:292.500000,1343,True,18,13,1343,0.999991,25.8851,0,0.0127625,1344 1344 1282 1283 1343 1402 1401 1400 1342 1281 1280 1341 -1
GCP,adapt_p23-556464309101234_a67-5_575_map.h5,27.8866,10,546,754,66.443535:67.500000,1693,True,10,10,1657,0.999998,18.5063,0,0.0131879,1658 1658 1694 1693 1657 1619 1618 1692 1656 -1
GCP,adapt_p11-715852394892384_a315-0_11_map.h5,27.8813,10,718,778,78.284149:315.000000,1778,True,7,7,1763,0.999999,11.0896,0,0.0124471,1779 1779 1762 1763 1778 1791 -1
GCP,adapt_p60-00000000000001_a202-49999999999997_15_map.h5,27.8714,10,492,765,30.000000:202.500000,1328,True,12,12,1386,0.999998,23.3746,0,0.0124282,1327 1327 1328 1329 1387 1443 1386 1326 1384 1385 1442 -1
GCP,adapt_p70-52877936550931_a33-75_296_map.h5,26.8798,10,475,1154,19.471220:33.750000,1173,True,9,9,1237,0.999998,16.1291,0,0.0130078,1173 1173 1237 1238 1175 1174 1236 1172 -1
GCP,adapt_p80-40593177313954_a112-49999999999999_88_map.h5,27.7492,10,197,790,9.594069:112.500000,1055,True,32,13,987,0.998292,26.1557,0,0.0126409,1056 1056 1055 988 1054 1120 987 920 919 986 1053 1119 -1
GCP,adapt_p60-00000000000001_a157-5_381_map.h5,26.8323,10,541,1149,30.000000:157.500000,1320,True,18,13,1321,0.999987,25.9316,0,0.0124948,1379 1379 1322 1260 1259 1321 1380 1320 1258 1257 1319 1378 -1
GCP,adapt_p70-52877936550931_a258-75_36_map.h5,27.8934,10,684,782,19.471220:258.750000,1213,True,11,11,1213,0.999999,20.3932,0,0.012431,1212 1212 1275 1276 1277 1214 1149 1148 1213 1147 -1
GCP,adapt_p60-00000000000001_a292-5_195_map.h5,25.7869,10,348,1472,30.000000:292.500000,1343,True,23,13,1342,0.999321,25.53,0,0.0128881,1282 1282 1218 1219 1281 1280 1341 1399 1400 1342 1343 1401 -1
GCP,adapt_p70-52877936550931_a168-74999999999997_22_map.h5,27.8762,10,395,775,19.471220:168.750000,1197,True,15,13,1260,0.999997,25.9751,0,0.0126049,1198 1198 1132 1131 1196 1259 1322 1197 1260 1323 1261 1262 -1
GCP,adapt_p80-40593177313954_a135-0_161_map.h5,25.9801,10,84,390,9.594069:135.000000,1059,True,462,7,991,0.460562,24.381,0,0.0333809,1278 992 1059 991 1058 990 -1
GCP,adapt_p70-52877936550931_a236-25_424_map.h5,26.7198,10,176,1110,19.471220:236.250000,1209,True,32,13,1142,0.995154,25.5566,0,0.0130165,1075 1075 1141 1206 1207 1142 1076 1208 1209 1144 1143 1077 -1
GCP,adapt_p80-40593177313954_a67-5_454_map.h5,26.8739,10,554,1059,9.594069:67.500000,1047,True,12,12,1047,0.999998,23.0125,0,0.0128627,1114 1114 1113 1112 1046 979 1047 1048 1049 981 980 -1
GCP,adapt_p70-52877936550931_a281-24999999999994_268_map.h5,27.701,10,273,729,19.471220:281.250000,1217,True,39,14,1217,0.972021,27.7043,0,0.0127775,1154 1154 1218 1153 1152 1217 1280 1279 1216 1215 1278 1277 1276 -1
GCP,adapt_p23-556464309101234_a247-49999999999997_515_map.h5,27.8641,10,87,378,66.443535:247.500000,1708,False,174,13,1335,0.859141,27.8759,0,0.015597,1674 1550 1500 1449 1392 1334 1273 1274 1335 1393 1394 1336 -1
GCP,adapt_p60-00000000000001_a157-5_258_map.h5,27.8753,10,535,782,30.000000:157.500000,1320,True,11,11,1319,0.999999,20.9572,0,0.0124764,1320 1320 1257 1258 1319 1256 1318 1377 1378 1379 -1
GCP,adapt_p60-00000000000001_a292-5_552_map.h5,27.8892,10,600,753,30.000000:292.500000,1343,True,8,8,1343,0.999998,13.5568,0,0.0125444,1342 1342 1401 1400 1343 1282 1281 -1
GCP,adapt_p70-52877936550931_a213-75_586_map.h5,26.8483,10,402,1164,19.471220:213.750000,1205,True,14,13,1205,0.999999,26.1507,0,0.0124505,1204 1204 1266 1267 1205 1140 1139 1268 1330 1269 1206 1141 -1
GCP,adapt_p80-40593177313954_a315-0_527_map.h5,27.8215,10,264,715,9.594069:315.000000,1093,True,21,14,1159,0.999942,27.7992,0,0.0142628,1224 1224 1225 1161 1095 1027 1094 1160 1159 1093 1092 1158 1223 -1
GCP,adapt_p80-40593177313954_a67-5_120_map.h5,27.8909,10,664,767,9.594069:67.500000,1047,True,10,10,1046,0.999998,18.5442,0,0.0128542,1112 1112 978 1045 1046 979 1047 1113 1114 -1
GCP,adapt_p60-00000000000001_a224-99999999999997_323_map.h5,26.4339,10,258,1046,30.000000:225.000000,1331,True,67,12,1328,0.840338,24.372,0,0.0129572,1333 1332 1331 1269 1330 1268 1267 1329 1328 1386 1327 -1
GCP,adapt_p80-40593177313954_a67-5_107_map.h5,27.8649,10,264,715,9.594069:67.500000,1047,False,16,14,1112,0.999997,27.6296,0,0.0128995,1177 1177 1176 1110 1044 1045 1111 1112 1178 1241 1242 1179 1243 -1
GCP,adapt_p48-18968510422141_a326-24999999999994_81_map.h5,27.8979,10,737,728,41.810314:326.250000,1514,True,6,6,1562,0.999998,8.21967,0,0.0129011,1513 1513 1514 1563 1562 -1
GCP,adapt_p11-715852394892384_a45-0_466_map.h5,26.74,10,145,1168,78.284149:45.000000,1766,True,35,13,1746,0.996972,24.9023,0,0.0127869,1718 1718 1744 1765 1766 1745 1719 1720 1746 1747 1721 1691 -1
GCP,adapt_p70-52877936550931_a348-74999999999994_410_map.h5,26.8764,10,510,1140,19.471220:348.750000,1229,True,13,13,1229,0.999998,26.2658,0,0.012395,1292 1292 1165 1230 1293 1229 1164 1163 1228 1291 1290 1227 -1
GCP,adapt_p60-00000000000001_a315-0_150_map.h5,27.8072,10,218,783,30.000000:315.000000,1346,True,23,14,1346,0.999975,27.6628,0,0.0126291,1284 1284 1285 1222 1223 1286 1347 1348 1405 1404 1346 1345 1403 -1
GCP,adapt_p35-659087696138755_a105-0_587_map.h5,27.7904,10,184,814,54.340912:105.000000,1579,True,25,13,1622,0.999723,25.1438,0,0.0133735,1661 1661 1660 1621 1577 1578 1532 1533 1579 1622 1623 1580 -1
GCP,adapt_p35-659087696138755_a14-999999999999998_219_map.h5,27.8504,10,357,783,54.340912:15.000000,1568,True,16,13,1569,0.999994,25.4832,0,0.0123896,1614 1614 1571 1523 1570 1569 1522 1521 1568 1612 1613 1652 -1
GCP,adapt_p60-00000000000001_a90-0_583_map.h5,27.8638,10,74,364,30.000000:90.000000,1309,True,163,12,1246,0.943363,26.9788,0,0.0148361,1112 1309 1308 1245 1182 1183 1246 1310 1248 1247 1184 -1
GCP,adapt_p48-18968510422141_a236-25_107_map.h5,26.8904,10,805,1036,41.810314:236.250000,1501,True,8,8,1448,0.999999,13.3335,0,0.0124025,1500 1500 1447 1448 1449 1501 1550 -1
GCP,adapt_p70-52877936550931_a326-24999999999994_256_map.h5,27.7983,10,241,741,19.471220:326.250000,1225,True,23,13,1223,0.999455,25.7982,0,0.0125582,1222 1222 1158 1157 1223 1285 1286 1287 1224 1159 1160 1225 -1
GCP,adapt_p60-00000000000001_a337-49999999999994_78_map.h5,26.8592,10,455,1112,30.000000:337.500000,1350,True,13,13,1350,0.999999,25.6643,0,0.0125927,1351 1351 1409 1408 1407 1349 1288 1289 1350 1227 1290 1291 -1
GCP,adapt_p11-715852394892384_a45-0_495_map.h5,27.9004,10,727,732,78.284149:45.000000,1766,True,7,7,1747,0.999999,10.4038,0,0.012397,1746 1746 1766 1767 1747 1748 -1
GCP,adapt_p48-18968510422141_a281-24999999999994_406_map.h5,26.8606,10,581,1139,41.810314:281.250000,1507,True,12,12,1455,0.999998,23.1206,0,0.0132104,1456 1456 1508 1557 1556 1507 1506 1455 1398 1454 1453 -1
GCP,adapt_p35-659087696138755_a105-0_442_map.h5,28.727,10,121,418,54.340912:105.000000,1579,True,37,14,1662,0.999526,27.629,0,0.0128239,1579 1579 1622 1660 1696 1697 1663 1625 1624 1662 1661 1623 1580 -1
GCP,adapt_p48-18968510422141_a236-25_117_map.h5,26.8424,10,557,1107,41.810314:236.250000,1501,True,15,13,1502,0.999998,25.6997,0,0.0133715,1448 1448 1502 1552 1503 1450 1449 1501 1551 1550 1500 1447 -1
GCP,adapt_p11-715852394892384_a45-0_347_map.h5,26.2464,10,142,1106,78.284149:45.000000,1766,True,99,12,1747,0.974474,24.9038,0,0.0134015,1655 1748 1749 1768 1783 1767 1766 1746 1747 1721 1722 -1
GCP,adapt_p70-52877936550931_a258-75_449_map.h5,28.0021,10,97,368,19.471220:258.750000,1213,True,142,13,1212,0.947003,26.9553,0,0.0146397,1209 1273 1335 1336 1275 1276 1213 1148 1147 1212 1274 1211 -1
GCP,adapt_p48-18968510422141_a326-24999999999994_75_map.h5,26.813,10,174,1112,41.810314:326.250000,1514,True,22,13,1513,0.999797,25.5212,0,0.012748,1461 1461 1512 1561 1606 1562 1513 1462 1514 1563 1515 1463 -1
GCP,adapt_p70-52877936550931_a56-24999999999999_157_map.h5,27.8893,10,702,789,19.471220:56.250000,1177,True,9,9,1177,0.999999,17.53,0,0.0125075,1111 1177 1176 1110 1240 1241 1178 1111 -1
GCP,adapt_p23-556464309101234_a292-5_103_map.h5,28.5738,10,84,370,66.443535:292.500000,1712,True,61,13,1711,0.977488,26.7303,0,0.0129603,1735 1736 1737 1710 1677 1711 1738 1712 1679 1678 1642 1641 -1
GCP,adapt_p35-659087696138755_a315-0_477_map.h5,27.8632,10,377,725,54.340912:315.000000,1605,True,11,11,1646,0.999998,20.839,0,0.0136249,1647 1647 1605 1606 1646 1604 1645 1681 1682 1683 -1
GCP,adapt_p70-52877936550931_a348-74999999999994_587_map.h5,24.143,10,105,1428,19.471220:348.750000,1229,True,271,11,1228,0.771023,22.4023,0,0.0193915,1231 1230 1165 1229 1164 1163 1228 1291 1290 1227 -1
GCP,adapt_p60-00000000000001_a292-5_354_map.h5,26.852,10,531,1144,30.000000:292.500000,1343,True,12,12,1343,0.999998,22.9863,0,0.0127718,1282 1282 1283 1345 1402 1344 1343 1401 1400 1342 1281 -1
GCP,adapt_p23-556464309101234_a337-5_506_map.h5,26.8915,10,757,1185,66.443535:337.500000,1716,True,8,8,1716,0.999998,12.8987,0,0.0123317,1717 1717 1743 1742 1716 1684 1685 -1
GCP,adapt_p23-556464309101234_a202-5_297_map.h5,28.0425,10,83,402,66.443535:202.500000,1704,False,149,12,1668,0.51394,26.1277,0,0.0161864,1633 1669 1668 1702 1703 1707 1708 1674 1637 1638 1596 -1
GCP,adapt_p35-659087696138755_a344-99999999999994_165_map.h5,27.8672,10,368,739,54.340912:345.000000,1609,True,12,12,1609,0.999998,23.6027,0,0.0126012,1610 1610 1565 1609 1566 1567 1611 1650 1649 1608 1564 -1
GCP,adapt_p80-40593177313954_a157-5_297_map.h5,27.8478,10,341,698,9.594069:157.500000,1063,True,15,13,1063,0.999998,26.34,0,0.0129673,1128 1128 1061 994 995 1062 1127 1129 1063 996 1064 1130 -1
GCP,adapt_p23-556464309101234_a292-5_47_map.h5,25.8896,10,451,1445,66.443535:292.500000,1712,True,9,9,1712,0.999999,15.922,0,0.0132552,1738 1738 1713 1739 1712 1711 1679 1680 -1
GCP,adapt_p23-556464309101234_a112-5_243_map.h5,27.5636,10,204,782,66.443535:112.500000,1697,False,65,13,1691,0.987944,27.4111,0,0.0131921,1724 1749 1768 1722 1693 1656 1655 1691 1692 1721 1720 1690 -1
GCP,adapt_p11-715852394892384_a315-0_164_map.h5,26.8563,10,460,1137,78.284149:315.000000,1778,True,16,13,1763,0.999989,24.8506,0,0.0125018,1761 1761 1778 1762 1739 1740 1741 1763 1764 1780 1779 1791 -1
GCP,adapt_p48-18968510422141_a191-25_356_map.h5,26.7989,10,357,1166,41.810314:191.250000,1494,True,20,12,1442,0.999201,24.904,0,0.012849,1496 1443 1386 1385 1442 1495 1441 1493 1494 1545 1496 -1
GCP,adapt_p35-659087696138755_a255-00000000000003_312_map.h5,27.8884,10,612,760,54.340912:255.000000,1598,True,10,10,1598,0.999999,17.9349,0,0.0123972,1639 1639 1640 1599 1598 1553 1552 1597 1596 -1
GCP,adapt_p35-659087696138755_a344-99999999999994_511_map.h5,26.873,10,473,1103,54.340912:345.000000,1609,True,11,11,1608,0.999999,21.1734,0,0.0127855,1649 1649 1607 1563 1648 1608 1564 1565 1609 1650 -1
GCP,adapt_p60-00000000000001_a157-5_282_map.h5,25.4139,10,142,1477,30.000000:157.500000,1320,False,80,11,1318,0.958618,23.5684,0,0.0129146,1313 1375 1434 1433 1376 1317 1318 1377 1378 1319 -1
GCP,adapt_p70-52877936550931_a348-74999999999994_457_map.h5,26.8621,10,500,1167,19.471220:348.750000,1229,True,15,13,1229,0.999995,26.4163,0,0.0126396,1291 1291 1230 1165 1166 1167 1293 1292 1352 1229 1164 1228 -1
GCP,adapt_p70-52877936550931_a11-25_463_map.h5,27.794,10,331,722,19.471220:11.250000,1169,True,24,13,1167,0.999948,25.9272,0,0.0128046,1232 1232 1167 1101 1166 1230 1293 1231 1168 1102 1169 1103 -1
GCP,adapt_p48-18968510422141_a213-75_462_map.h5,26.8549,10,587,1128,41.810314:213.750000,1497,True,14,13,1445,0.999994,25.7587,0,0.0129339,1497 1497 1548 1547 1498 1549 1499 1446 1389 1388 1445 1444 -1
GCP,adapt_p80-40593177313954_a157-5_40_map.h5,27.8624,10,428,776,9.594069:157.500000,1063,True,15,13,1063,0.999998,26.7753,0,0.0123938,1062 1062 996 1064 1065 1130 1195 1129 1063 995 1128 1061 -1
GCP,adapt_p23-556464309101234_a247-49999999999997_59_map.h5,25.8174,10,418,1480,66.443535:247.500000,1708,True,22,13,1708,0.999969,25.6012,0,0.0134491,1676 1676 1638 1674 1707 1734 1758 1735 1708 1675 1709 1736 -1
GCP,adapt_p80-40593177313954_a22-5_231_map.h5,26.4029,10,146,1113,9.594069:22.500000,1038,True,78,12,1038,0.970931,26.2372,0,0.0129216,908 1040 1106 1038 1104 1171 1105 1039 971 970 1037 -1
GCP,adapt_p48-18968510422141_a101-24999999999999_500_map.h5,27.868,10,609,768,41.810314:101.250000,1481,True,11,11,1427,0.999999,20.4988,0,0.0137799,1481 1481 1428 1429 1482 1533 1532 1480 1426 1427 -1
GCP,adapt_p70-52877936550931_a168-74999999999997_551_map.h5,26.797,10,400,1107,19.471220:168.750000,1197,True,23,13,1321,0.999607,26.6096,0,0.0128153,1258 1259 1196 1197 1260 1322 1380 1321 1258 1320 1379 1378 -1
GCP,adapt_p48-18968510422141_a236-25_6_map.h5,25.8162,10,289,1503,41.810314:236.250000,1501,True,19,13,1500,0.99992,25.2196,0,0.0125053,1448 1448 1449 1501 1551 1500 1550 1595 1594 1549 1499 1447 -1
GCP,adapt_p80-40593177313954_a270-0_520_map.h5,27.8458,10,421,752,9.594069:270.000000,1084,True,18,13,1149,0.99999,25.2841,0,0.0129753,1148 1148 1082 1083 1149 1084 1085 1151 1150 1215 1214 1213 -1
GCP,adapt_p80-40593177313954_a337-49999999999994_585_map.h5,28.4097,10,124,345,9.594069:337.500000,1097,True,78,13,1099,0.9634,27.7727,0,0.0130686,1101 1166 1100 1031 1099 1165 1230 1164 1098 1030 1097 1163 -1
GCP,adapt_p60-00000000000001_a45-0_194_map.h5,26.8314,10,500,1103,30.000000:45.000000,1301,True,10,10,1301,0.999999,17.8683,0,0.0123538,1237 1237 1238 1239 1302 1361 1360 1301 1300 -1
GCP,adapt_p35-659087696138755_a135-0_30_map.h5,26.864,10,589,1103,54.340912:135.000000,1583,True,12,12,1584,0.999999,22.7949,0,0.0128029,1585 1585 1628 1665 1627 1584 1626 1583 1537 1538 1539 -1
GCP,adapt_p48-18968510422141_a348-74999999999994_426_map.h5,28.821,10,173,397,41.810314:348.750000,1517,True,23,13,1517,0.999935,25.7694,0,0.0127778,1412 1412 1518 1467 1519 1566 1466 1465 1517 1565 1516 1464 -1
GCP,adapt_p48-18968510422141_a123-74999999999999_4_map.h5,26.8822,10,640,1048,41.810314:123.750000,1484,True,8,8,1431,0.999999,13.1907,0,0.0125755,1430 1430 1483 1484 1431 1485 1432 -1
GCP,adapt_p60-00000000000001_a0-0_407_map.h5,26.7031,10,224,1154,30.000000:0.000000,1294,True,37,13,1294,0.988672,25.4261,0,0.0126484,1233 1233 1232 1231 1294 1353 1352 1410 1411 1354 1295 1296 -1
GCP,adapt_p70-52877936550931_a348-74999999999994_286_map.h5,25.7109,10,143,1505,19.471220:348.750000,1229,False,38,12,1167,0.993826,24.4636,0,0.0129252,1232 1168 1102 1101 1166 1165 1230 1292 1293 1231 1167 -1
GCP,adapt_p23-556464309101234_a157-5_390_map.h5,26.87,10,586,1137,66.443535:157.500000,1701,True,11,11,1700,0.999999,20.6201,0,0.0128068,1666 1666 1699 1664 1665 1700 1728 1729 1701 1667 -1
GCP,adapt_p70-52877936550931_a303-75_155_map.h5,26.8016,10,207,1174,19.471220:303.750000,1221,True,22,13,1223,0.999724,25.6839,0,0.0131814,1157 1157 1223 1224 1159 1093 1158 1222 1285 1284 1221 1156 -1
GCP,adapt_p35-659087696138755_a315-0_583_map.h5,27.8883,10,682,809,54.340912:315.000000,1605,True,9,9,1605,0.999998,15.9609,0,0.0124667,1606 1606 1561 1560 1604 1605 1647 1646 -1
GCP,adapt_p70-52877936550931_a191-25_68_map.h5,26.8441,10,564,1172,19.471220:191.250000,1201,True,19,13,1136,0.999987,25.7752,0,0.0127132,1137 1137 1203 1265 1202 1070 1136 1201 1264 1263 1200 1135 -1
GCP,adapt_p48-18968510422141_a258-75_72_map.h5,27.8859,10,701,721,41.810314:258.750000,1504,True,8,8,1452,0.999999,13.1088,0,0.0129172,1451 1451 1452 1453 1505 1504 1503 -1
GCP,adapt_p80-40593177313954_a45-0_484_map.h5,25.8647,10,458,1474,9.594069:45.000000,1042,True,12,12,1043,0.999998,22.919,0,0.0130295,1109 1109 1175 1108 1042 1043 976 1044 1110 1111 1045 -1
GCP,adapt_p48-18968510422141_a11-25_203_map.h5,26.8702,10,459,1156,41.810314:11.250000,1468,True,12,12,1413,0.999999,23.242,0,0.0126266,1355 1355 1354 1412 1467 1413 1356 1414 1468 1469 1415 -1
GCP,adapt_p70-52877936550931_a213-75_345_map.h5,26.8714,10,529,1067,19.471220:213.750000,1205,True,12,12,1205,0.999999,23.283,0,0.0123383,1139 1139 1074 1141 1206 1140 1205 1268 1267 1204 1138 -1
GCP,adapt_p11-715852394892384_a315-0_39_map.h5,27.8459,10,342,712,78.284149:315.000000,1778,True,17,14,1762,0.999996,27.0759,0,0.0129362,1761 1761 1777 1790 1791 1780 1764 1763 1779 1778 1762 1740 1739 -1
GCP,adapt_p48-18968510422141_a348-74999999999994_0_map.h5,27.8266,10,267,757,41.810314:348.750000,1517,True,21,13,1516,0.999793,25.7433,0,0.0131533,1566 1566 1565 1564 1515 1463 1464 1516 1517 1465 1466 1519 -1
GCP,adapt_p60-00000000000001_a292-5_92_map.h5,26.8755,10,600,1071,30.000000:292.500000,1343,True,11,11,1343,0.999999,21.0651,0,0.0123037,1401 1401 1342 1281 1400 1343 1282 1283 1344 1402 -1
GCP,adapt_p60-00000000000001_a292-5_320_map.h5,27.867,10,633,741,30.000000:292.500000,1343,True,9,9,1343,0.999998,16.0545,0,0.0128407,1282 1282 1283 1344 1281 1342 1343 1401 -1
GCP,adapt_p70-52877936550931_a33-75_67_map.h5,26.8491,10,566,1137,19.471220:33.750000,1173,True,15,13,1237,0.999993,26.5565,0,0.0126677,1173 1173 1172 1237 1300 1236 1174 1107 1108 1175 1238 1239 -1
GCP,adapt_p23-556464309101234_a202-5_379_map.h5,26.2992,10,129,1147,66.443535:202.500000,1704,False,104,12,1695,0.791527,25.1082,0,0.0135437,1656 1693 1692 1722 1723 1694 1724 1695 1696 1660 1578 -1
GCP,adapt_p48-18968510422141_a303-75_365_map.h5,26.8548,10,602,1145,41.810314:303.750000,1510,True,14,13,1511,0.999997,26.8245,0,0.0129531,1559 1558 1509 1559 1604 1560 1561 1512 1511 1459 1510 1458 -1
GCP,adapt_p80-40593177313954_a292-5_409_map.h5,26.8291,10,426,1149,9.594069:292.500000,1088,True,19,13,1089,0.999974,25.3371,0,0.012758,1090 1090 1156 1155 1220 1219 1154 1089 1021 1088 1153 1087 -1
GCP,adapt_p35-659087696138755_a344-99999999999994_298_map.h5,26.8848,10,600,1065,54.340912:345.000000,1609,True,10,10,1608,0.999999,18.2556,0,0.0130259,1649 1649 1607 1648 1608 1564 1565 1609 1650 -1
GCP,adapt_p60-00000000000001_a247-49999999999997_124_map.h5,27.7481,10,236,746,30.000000:247.500000,1335,True,32,14,1394,0.998058,27.5453,0,0.0126992,1452 1452 1504 1503 1450 1449 1393 1335 1336 1394 1451 1395 1337 -1
GCP,adapt_p60-00000000000001_a270-0_325_map.h5,26.8455,10,523,1111,30.000000:270.000000,1339,True,15,13,1339,0.999998,25.1637,0,0.0123267,1397 1397 1398 1399 1341 1279 1340 1339 1278 1277 1338 1396 -1
GCP,adapt_p70-52877936550931_a303-75_562_map.h5,25.8482,10,420,1520,19.471220:303.750000,1221,True,15,13,1221,0.999997,25.1247,0,0.0125714,1283 1283 1284 1222 1157 1156 1221 1220 1155 1154 1219 1282 -1
GCP,adapt_p80-40593177313954_a292-5_217_map.h5,26.8554,10,483,1148,9.594069:292.500000,1088,True,13,13,1088,0.999998,26.7238,0,0.012367,1154 1155 1089 1021 1020 1019 1086 1152 1153 1087 1088 1154 -1
GCP,adapt_p60-00000000000001_a292-5_245_map.h5,26.8342,10,480,1077,30.000000:292.500000,1343,True,16,13,1399,0.999994,25.3078,0,0.0125992,1343 1343 1401 1456 1400 1342 1399 1341 1340 1398 1454 1455 -1
GCP,adapt_p70-52877936550931_a348-74999999999994_236_map.h5,28.8692,10,323,382,19.471220:348.750000,1229,True,12,12,1229,0.999998,23.44,0,0.0125295,1292 1292 1293 1167 1166 1165 1230 1291 1228 1229 1164 -1
GCP,adapt_p48-18968510422141_a123-74999999999999_266_map.h5,26.8756,10,510,1143,41.810314:123.750000,1484,True,12,12,1430,0.999999,23.6087,0,0.0131517,1484 1484 1534 1483 1535 1485 1431 1373 1372 1430 1429 -1
GCP,adapt_p11-715852394892384_a135-0_80_map.h5,27.7963,10,240,773,78.284149:135.000000,1770,True,28,14,1771,0.998857,27.2949,0,0.0124646,1753 1753 1752 1770 1784 1785 1794 1786 1787 1773 1772 1771 1754 -1
GCP,adapt_p23-556464309101234_a112-5_551_map.h5,26.8787,10,463,1193,66.443535:112.500000,1697,True,11,11,1697,0.999999,19.9534,0,0.0131321,1727 1727 1698 1697 1662 1661 1696 1725 1726 1751 -1
GCP,adapt_p80-40593177313954_a157-5_460_map.h5,26.8312,10,511,1141,9.594069:157.500000,1063,True,15,13,1064,0.999995,26.1031,0,0.0125947,1065 1065 1132 1066 1131 1130 1064 996 1063 1129 995 1062 -1
GCP,adapt_p48-18968510422141_a236-25_234_map.h5,27.8722,10,423,757,41.810314:236.250000,1501,True,11,11,1550,0.999999,20.8338,0,0.0125361,1549 1549 1595 1594 1550 1551 1501 1448 1500 1499 -1
GCP,adapt_p23-556464309101234_a202-5_497_map.h5,27.8528,10,333,748,66.443535:202.500000,1704,True,16,13,1705,0.999995,25.3836,0,0.0129816,1704 1704 1733 1732 1705 1706 1673 1672 1635 1634 1671 1670 -1
GCP,adapt_p80-40593177313954_a202-49999999999997_94_map.h5,26.8569,10,411,1194,9.594069:202.500000,1072,True,15,12,1072,0.999996,23.6809,0,0.0128836,1073 1073 1004 1005 1072 1139 1138 1137 1071 1003 1070 -1
GCP,adapt_p80-40593177313954_a0-0_531_map.h5,26.649,10,206,1067,9.594069:0.000000,1034,True,44,12,1102,0.984908,24.4491,0,0.0127624,1230 1165 1100 1166 1034 1101 1035 1036 1102 1103 1037 -1
GCP,adapt_p35-659087696138755_a224-99999999999997_393_map.h5,28.7649,10,181,345,54.340912:225.000000,1594,True,28,14,1635,0.999869,27.3626,0,0.0138354,1633 1633 1590 1591 1592 1634 1671 1672 1635 1593 1594 1636 1637 -1
GCP,adapt_p80-40593177313954_a0-0_238_map.h5,27.821,10,205,770,9.594069:0.000000,1034,True,21,13,1034,0.999876,25.949,0,0.0127498,968 968 969 1036 1101 1035 967 1034 1033 1100 1032 1099 -1
GCP,adapt_p23-556464309101234_a112-5_147_map.h5,27.8598,10,291,804,66.443535:112.500000,1697,True,13,13,1696,0.999999,25.5645,0,0.0130035,1697 1697 1661 1662 1696 1660 1659 1694 1695 1724 1725 1726 -1
GCP,adapt_p70-52877936550931_a236-25_170_map.h5,27.8547,10,455,744,19.471220:236.250000,1209,True,15,13,1209,0.999996,26.3462,0,0.0130813,1208 1208 1144 1209 1272 1273 1210 1143 1207 1270 1271 1333 -1
GCP,adapt_p48-18968510422141_a146-25_133_map.h5,26.8548,10,487,1102,41.810314:146.250000,1488,True,14,13,1434,0.999998,26.0049,0,0.0129525,1435 1435 1489 1434 1488 1539 1538 1487 1537 1486 1433 1376 -1
GCP,adapt_p48-18968510422141_a303-75_200_map.h5,26.806,10,378,1194,41.810314:303.750000,1510,True,22,13,1459,0.999954,25.4018,0,0.0128568,1345 1345 1402 1458 1457 1510 1511 1459 1403 1346 1404 1460 -1
GCP,adapt_p80-40593177313954_a0-0_313_map.h5,25.7911,10,376,1508,9.594069:0.000000,1034,True,23,13,1100,0.999682,25.5082,0,0.012685,1035 1035 1101 1034 967 1033 1032 1100 1166 1165 1099 1098 -1
GCP,adapt_p11-715852394892384_a45-0_118_map.h5,26.8692,10,471,1094,78.284149:45.000000,1766,True,11,11,1746,0.999999,20.1066,0,0.0126104,1747 1747 1767 1766 1765 1745 1746 1721 1720 1719 -1
GCP,adapt_p60-00000000000001_a202-49999999999997_203_map.h5,27.8923,10,712,753,30.000000:202.500000,1328,True,10,10,1328,0.999999,17.7576,0,0.0125144,1267 1267 1329 1387 1386 1328 1266 1265 1327 -1
GCP,adapt_p35-659087696138755_a105-0_72_map.h5,26.8533,10,471,1126,54.340912:105.000000,1579,True,13,13,1623,0.999998,25.0585,0,0.0125166,1579 1579 1580 1581 1624 1662 1661 1623 1622 1660 1621 1578 -1
GCP,adapt_p80-40593177313954_a90-0_250_map.h5,26.8813,10,581,1134,9.594069:90.000000,1051,True,11,11,1050,0.999999,20.9214,0,0.0124878,983 983 1049 981 982 1050 1116 1117 1051 984 -1
GCP,adapt_p80-40593177313954_a0-0_35_map.h5,25.8503,10,426,1484,9.594069:0.000000,1034,True,17,12,1034,0.999984,23.9415,0,0.0124963,1035 1035 1166 1167 1102 1101 1034 1033 1100 1165 1099 -1
GCP,adapt_p35-659087696138755_a195-0_220_map.h5,26.8813,10,780,1119,54.340912:195.000000,1590,True,9,9,1632,0.999999,15.8255,0,0.0125259,1670 1670 1669 1633 1591 1590 1632 1631 -1
GCP,adapt_p70-52877936550931_a348-74999999999994_159_map.h5,26.8574,10,511,1118,19.471220:348.750000,1229,True,15,13,1229,0.999998,26.5126,0,0.012419,1228 1228 1165 1230 1167 1293 1292 1229 1164 1290 1291 1352 -1
GCP,adapt_p48-18968510422141_a123-74999999999999_330_map.h5,28.8472,10,266,324,41.810314:123.750000,1484,True,16,14,1485,0.999963,27.5652,0,0.0125797,1431 1431 1432 1486 1537 1536 1485 1484 1535 1581 1534 1483 1430 -1
GCP,adapt_p35-659087696138755_a255-00000000000003_242_map.h5,27.8602,10,402,734,54.340912:255.000000,1598,True,13,13,1598,0.999998,26.404,0,0.0126391,1640 1640 1554 1599 1553 1552 1597 1598 1639 1676 1638 1596 -1
GCP,adapt_p60-00000000000001_a247-49999999999997_291_map.h5,27.8676,10,582,771,30.000000:247.500000,1335,True,13,13,1394,0.999999,25.7172,0,0.0131561,1451 1451 1450 1395 1337 1336 1394 1335 1334 1392 1393 1449 -1
GCP,adapt_p70-52877936550931_a123-74999999999999_126_map.h5,25.8693,10,486,1452,19.471220:123.750000,1189,True,13,12,1124,0.999999,23.5919,0,0.0124729,1189 1189 1188 1123 1124 1190 1252 1253 1191 1125 1126 -1
GCP,adapt_p35-659087696138755_a285-0_474_map.h5,26.8824,10,643,1122,54.340912:285.000000,1601,True,7,7,1601,0.999999,10.8318,0,0.0124519,1602 1602 1557 1601 1643 1642 -1
GCP,adapt_p48-18968510422141_a168-74999999999997_134_map.h5,26.8643,10,510,1221,41.810314:168.750000,1491,True,13,13,1491,0.999999,25.0605,0,0.0124622,1437 1437 1438 1439 1492 1542 1491 1490 1541 1540 1489 1436 -1
GCP,adapt_p70-52877936550931_a101-24999999999999_279_map.h5,27.8171,10,265,747,19.471220:101.250000,1185,True,21,13,1119,0.999843,25.8189,0,0.0126837,1186 1186 1119 1053 1120 1185 1248 1184 1183 1117 1118 1052 -1
GCP,adapt_p60-00000000000001_a135-0_410_map.h5,27.8363,10,325,714,30.000000:135.000000,1316,True,18,13,1254,0.999993,25.689,0,0.0125299,1253 1253 1315 1375 1316 1254 1190 1191 1192 1255 1317 1318 -1
GCP,adapt_p11-715852394892384_a135-0_378_map.h5,26.8863,10,545,1147,78.284149:135.000000,1770,True,10,10,1771,0.999999,17.8786,0,0.0124972,1752 1752 1753 1751 1770 1771 1772 1786 1785 -1
GCP,adapt_p70-52877936550931_a213-75_167_map.h5,26.8731,10,667,1072,19.471220:213.750000,1205,True,13,13,1268,0.999999,25.4276,0,0.012735,1206 1206 1270 1207 1269 1331 1330 1268 1205 1204 1267 1329 -1
GCP,adapt_p70-52877936550931_a11-25_262_map.h5,28.6487,10,119,396,19.471220:11.250000,1169,False,52,14,1411,0.982259,28.2678,0,0.0131267,1292 1292 1353 1411 1410 1466 1412 1294 1293 1231 1295 1354 1355 -1
GCP,adapt_p70-52877936550931_a33-75_423_map.h5,26.8739,10,479,1070,19.471220:33.750000,1173,True,11,11,1172,0.999999,20.82,0,0.0128261,1106 1106 1105 1171 1235 1172 1107 1173 1236 1237 -1
GCP,adapt_p70-52877936550931_a303-75_558_map.h5,25.8331,10,367,1420,19.471220:303.750000,1221,True,18,13,1221,0.999993,25.1248,0,0.0127086,1283 1283 1284 1222 1157 1156 1221 1220 1155 1154 1219 1282 -1
GCP,adapt_p70-52877936550931_a11-25_301_map.h5,26.8756,10,557,1133,19.471220:11.250000,1169,True,12,12,1169,0.999999,23.4354,0,0.0132159,1233 1233 1232 1168 1102 1103 1169 1234 1171 1170 1104 -1
GCP,adapt_p80-40593177313954_a157-5_367_map.h5,24.1088,10,168,1888,9.594069:157.500000,1063,False,123,11,1384,0.947458,22.347,0,0.0140621,1200 1325 1383 1440 1384 1326 1385 1442 1441 1494 -1
GCP,adapt_p23-556464309101234_a202-5_397_map.h5,26.8662,10,450,1126,66.443535:202.500000,1704,True,16,13,1705,0.999998,25.4363,0,0.0126337,1672 1672 1673 1706 1705 1671 1634 1670 1703 1704 1732 1733 -1
GCP,adapt_p48-18968510422141_a101-24999999999999_34_map.h5,26.8694,10,438,1180,41.810314:101.250000,1481,True,12,12,1427,0.999999,23.2175,0,0.0124192,1369 1369 1311 1371 1370 1428 1482 1481 1427 1426 1480 -1
GCP,adapt_p60-00000000000001_a22-5_222_map.h5,26.8484,10,475,1148,30.000000:22.500000,1298,True,16,13,1298,0.999996,25.4938,0,0.013279,1233 1233 1232 1296 1297 1357 1298 1234 1171 1235 1236 1299 -1
GCP,adapt_p80-40593177313954_a202-49999999999997_289_map.h5,27.821,10,276,787,9.594069:202.500000,1072,True,21,13,1004,0.999839,25.3914,0,0.0128159,1070 1070 1002 1003 1071 1137 1072 1004 937 938 1005 1073 -1
GCP,adapt_p23-556464309101234_a337-5_459_map.h5,25.8167,10,319,1544,66.443535:337.500000,1716,True,19,13,1742,0.99993,25.3693,0,0.0131403,1741 1741 1763 1764 1744 1718 1743 1687 1685 1717 1742 1716 -1
GCP,adapt_p11-715852394892384_a135-0_273_map.h5,27.7892,10,310,692,78.284149:135.000000,1770,True,25,14,1752,0.998895,27.3194,0,0.0126238,1786 1786 1785 1772 1753 1752 1771 1770 1769 1750 1751 1726 1727 -1
GCP,adapt_p23-556464309101234_a22-5_506_map.h5,26.8663,10,547,1196,66.443535:22.500000,1689,True,12,12,1719,0.999998,24.0417,0,0.0125224,1720 1719 1745 1718 1688 1652 1653 1689 1720 1690 1654 -1
GCP,adapt_p80-40593177313954_a0-0_206_map.h5,26.8424,10,494,1084,9.594069:0.000000,1034,True,17,13,1100,0.999989,25.9439,0,0.0124197,1099 1099 1165 1100 1032 1033 1166 1034 967 1035 1101 1102 -1
GCP,adapt_p70-52877936550931_a236-25_517_map.h5,27.8132,10,328,682,19.471220:236.250000,1209,True,23,13,1209,0.999782,25.7886,0,0.012603,1208 1208 1144 1143 1209 1271 1272 1273 1210 1145 1146 1211 -1
GCP,adapt_p60-00000000000001_a270-0_264_map.h5,25.8103,10,318,1526,30.000000:270.000000,1339,True,22,13,1338,0.999926,25.0703,0,0.0124608,1276 1276 1277 1278 1279 1340 1339 1397 1396 1338 1337 1395 -1
GCP,adapt_p70-52877936550931_a236-25_226_map.h5,28.7602,10,179,367,19.471220:236.250000,1209,True,25,13,1144,0.998417,25.5995,0,0.0126135,1078 1078 1077 1142 1208 1271 1272 1209 1143 1144 1145 1210 -1
GCP,adapt_p23-556464309101234_a202-5_55_map.h5,28.7312,10,153,342,66.443535:202.500000,1704,False,40,14,1734,0.99749,27.2014,0,0.0126225,1775 1775 1774 1756 1732 1733 1757 1758 1735 1734 1707 1706 1705 -1
GCP,adapt_p70-52877936550931_a101-24999999999999_463_map.h5,27.5799,10,228,777,19.471220:101.250000,1185,False,58,13,1118,0.906424,27.2263,0,0.0129172,1051 1052 1118 1119 1053 1120 1121 1187 1251 1314 1373 1313 -1
GCP,adapt_p48-18968510422141_a33-75_253_map.h5,26.5921,10,148,1153,41.810314:33.750000,1471,True,49,13,1524,0.979741,26.391,0,0.0127046,1570 1571 1572 1573 1526 1525 1473 1472 1524 1523 1471 1470 -1
GCP,adapt_p70-52877936550931_a146-25_65_map.h5,26.8278,10,446,1130,19.471220:146.250000,1193,True,20,13,1128,0.999972,26.3056,0,0.0130324,1127 1127 1192 1193 1062 1063 1129 1130 1195 1128 1194 1257 -1
GCP,adapt_p70-52877936550931_a326-24999999999994_204_map.h5,26.8708,10,629,1095,19.471220:326.250000,1225,True,12,12,1225,0.999999,23.3566,0,0.0130105,1287 1287 1288 1289 1226 1161 1160 1225 1286 1223 1224 -1
GCP,adapt_p70-52877936550931_a348-74999999999994_581_map.h5,26.8672,10,504,1135,19.471220:348.750000,1229,True,13,13,1229,0.999999,26.266,0,0.0125821,1292 1292 1165 1230 1293 1229 1164 1163 1228 1291 1290 1227 -1
GCP,adapt_p23-556464309101234_a112-5_537_map.h5,26.8728,10,459,1130,66.443535:112.500000,1697,True,12,12,1697,0.999999,22.5845,0,0.013003,1662 1662 1661 1696 1725 1697 1726 1727 1698 1663 1664 -1
GCP,adapt_p23-556464309101234_a247-49999999999997_585_map.h5,27.8783,10,711,750,66.443535:247.500000,1708,True,11,11,1735,0.999999,20.015,0,0.0124908,1736 1736 1735 1734 1707 1674 1675 1708 1709 1676 -1
GCP,adapt_p80-40593177313954_a247-49999999999997_244_map.h5,28.7974,10,202,345,9.594069:247.500000,1080,True,26,14,1080,0.999965,28.4779,0,0.0124272,1079 1079 1013 1012 1080 1145 1146 1147 1081 1014 1082 1015 1083 -1
GCP,adapt_p60-00000000000001_a135-0_513_map.h5,27.8297,10,191,773,30.000000:135.000000,1316,True,19,13,1254,0.999801,25.6896,0,0.013074,1253 1253 1315 1375 1316 1254 1190 1191 1192 1255 1317 1318 -1
GCP,adapt_p11-715852394892384_a135-0_523_map.h5,27.7986,10,346,760,78.284149:135.000000,1770,True,27,14,1772,0.998907,27.4218,0,0.013168,1753 1753 1752 1770 1784 1785 1786 1787 1773 1755 1772 1771 1754 -1
GCP,adapt_p48-18968510422141_a78-75_416_map.h5,27.7411,10,220,805,41.810314:78.750000,1478,False,32,14,1367,0.999566,27.5425,0,0.0137061,1426 1426 1368 1309 1308 1367 1425 1366 1307 1306 1365 1423 1424 -1
GCP,adapt_p80-40593177313954_a180-0_64_map.h5,26.8713,10,634,1050,9.594069:180.000000,1067,True,11,11,1068,0.999999,20.8583,0,0.0125028,1000 1000 1066 999 1067 1068 1134 1135 1069 1001 -1
GCP,adapt_p70-52877936550931_a213-75_243_map.h5,27.8833,10,707,776,19.471220:213.750000,1205,True,11,11,1204,0.999998,20.2816,0,0.0125122,1267 1267 1268 1205 1140 1139 1204 1138 1203 1266 -1
GCP,adapt_p80-40593177313954_a180-0_322_map.h5,28.622,10,168,391,9.594069:180.000000,1067,True,52,13,1000,0.943267,27.1991,0,0.0127436,1132 1065 1064 997 998 1066 999 1067 1000 1068 1001 1002 -1
GCP,adapt_p23-556464309101234_a22-5_452_map.h5,27.8743,10,446,795,66.443535:22.500000,1689,True,13,13,1689,0.999999,25.3603,0,0.0124857,1654 1654 1689 1719 1688 1652 1653 1690 1720 1721 1691 1655 -1
GCP,adapt_p70-52877936550931_a326-24999999999994_24_map.h5,27.8938,10,723,722,19.471220:326.250000,1225,True,9,9,1225,0.999999,17.532,0,0.0130366,1160 1225 1226 1161 1288 1287 1224 1160 -1
GCP,adapt_p80-40593177313954_a157-5_41_map.h5,26.8272,10,359,1174,9.594069:157.500000,1063,True,18,13,1063,0.99996,26.2847,0,0.0126503,1195 1195 1196 1128 1062 995 996 1063 1129 1130 1064 1131 -1
GCP,adapt_p70-52877936550931_a191-25_224_map.h5,26.4446,10,80,734,19.471220:191.250000,1201,True,238,12,1137,0.871349,25.8239,0,0.0176723,932 1200 1135 1136 1201 1264 1265 1202 1137 1138 1203 -1
GCP,adapt_p48-18968510422141_a56-24999999999999_117_map.h5,26.8951,10,816,1111,41.810314:56.250000,1475,True,10,10,1474,0.999999,18.1575,0,0.0127181,1473 1473 1525 1526 1474 1419 1420 1475 1421 -1
GCP,adapt_p35-659087696138755_a344-99999999999994_304_map.h5,26.885,10,574,1095,54.340912:345.000000,1609,True,10,10,1608,0.999999,18.2554,0,0.0127722,1649 1649 1607 1648 1608 1564 1565 1609 1650 -1
GCP,adapt_p80-40593177313954_a90-0_348_map.h5,26.8734,10,587,1107,9.594069:90.000000,1051,True,12,12,1051,0.999998,23.5603,0,0.0133447,1052 1052 983 984 1051 1118 1117 1116 1050 982 1049 -1
GCP,adapt_p35-659087696138755_a105-0_35_map.h5,25.3636,10,136,1412,54.340912:105.000000,1579,True,94,12,1623,0.950008,25.1984,0,0.0132181,1724 1623 1580 1534 1581 1624 1662 1661 1660 1622 1579 -1
GCP,adapt_p35-659087696138755_a344-99999999999994_284_map.h5,27.8191,10,293,732,54.340912:345.000000,1609,True,21,13,1649,0.999958,25.7861,0,0.0126405,1685 1685 1686 1610 1609 1650 1649 1608 1607 1648 1684 1647 -1
GCP,adapt_p35-659087696138755_a165-0_164_map.h5,27.5317,10,73,751,54.340912:165.000000,1587,True,62,13,1589,0.980356,26.9083,0,0.0130841,1670 1632 1631 1630 1587 1542 1588 1589 1543 1544 1590 1633 -1
GCP,adapt_p80-40593177313954_a180-0_581_map.h5,27.7316,10,288,784,9.594069:180.000000,1067,True,33,13,1135,0.991607,25.8706,0,0.0131357,1133 1133 1068 1069 1070 1071 1137 1136 1135 1134 1067 1066 -1
GCP,adapt_p23-556464309101234_a292-5_2_map.h5,26.756,10,206,1190,66.443535:292.500000,1712,True,32,13,1712,0.990761,24.9123,0,0.0138123,1643 1643 1679 1680 1681 1713 1712 1711 1738 1739 1761 1762 -1
GCP,adapt_p35-659087696138755_a255-00000000000003_112_map.h5,26.867,10,503,1141,54.340912:255.000000,1598,True,12,12,1639,0.999999,24.1703,0,0.0128249,1597 1597 1640 1639 1675 1676 1598 1552 1596 1638 1637 -1
GCP,adapt_p60-00000000000001_a270-0_458_map.h5,26.4867,10,87,735,30.000000:270.000000,1339,False,228,12,1344,0.888154,25.5635,0,0.0185221,1340 1282 1343 1401 1344 1283 1284 1345 1346 1403 1402 -1
GCP,adapt_p70-52877936550931_a348-74999999999994_484_map.h5,25.7982,10,350,1481,19.471220:348.750000,1229,True,24,12,1229,0.999529,23.4666,0,0.0126769,1291 1291 1227 1163 1228 1164 1229 1292 1230 1165 1166 -1
GCP,adapt_p23-556464309101234_a112-5_387_map.h5,27.8399,10,301,694,66.443535:112.500000,1697,True,17,14,1697,0.999998,27.8064,0,0.0128633,1661 1661 1624 1623 1662 1663 1698 1727 1751 1726 1697 1696 1725 -1
GCP,adapt_p60-00000000000001_a315-0_327_map.h5,26.8689,10,481,1116,30.000000:315.000000,1346,True,12,12,1346,0.999999,22.9639,0,0.012897,1347 1347 1286 1285 1284 1345 1402 1403 1346 1404 1405 -1
GCP,adapt_p80-40593177313954_a224-99999999999997_517_map.h5,27.8042,10,251,753,9.594069:225.000000,1076,True,24,13,1076,0.99994,25.7163,0,0.0126117,1140 1140 1074 1008 1075 1141 1142 1076 1009 1077 1143 1078 -1
GCP,adapt_p70-52877936550931_a168-74999999999997_257_map.h5,28.5648,10,88,394,19.471220:168.750000,1197,True,59,13,1260,0.93098,26.9087,0,0.012961,1321 1259 1196 1197 1260 1261 1199 1200 1135 1136 1201 1202 -1
GCP,adapt_p80-40593177313954_a224-99999999999997_139_map.h5,27.8101,10,320,747,9.594069:225.000000,1076,True,22,13,1077,0.999826,25.817,0,0.0127223,1075 1075 1142 1141 1076 1008 1009 1077 1143 1078 1144 1209 -1
GCP,adapt_p80-40593177313954_a247-49999999999997_407_map.h5,26.8619,10,580,1114,9.594069:247.500000,1080,True,14,13,1146,0.999998,26.1386,0,0.0128999,1080 1080 1079 1144 1145 1081 1082 1148 1147 1212 1146 1211 -1
GCP,adapt_p60-00000000000001_a0-0_464_map.h5,27.1149,10,55,779,30.000000:0.000000,1294,False,126,11,1104,0.628711,26.3257,0,0.0148555,1167 1166 1101 1102 1103 1104 1105 1227 1226 1289 -1
GCP,adapt_p48-18968510422141_a33-75_449_map.h5,26.8733,10,474,1086,41.810314:33.750000,1471,True,13,13,1418,0.999999,25.7043,0,0.0125061,1471 1471 1524 1523 1416 1417 1359 1360 1418 1472 1473 1419 -1
GCP,adapt_p48-18968510422141_a348-74999999999994_207_map.h5,26.8639,10,366,1163,41.810314:348.750000,1517,True,14,13,1565,0.999998,26.2264,0,0.0129149,1564 1564 1609 1608 1565 1517 1566 1518 1465 1464 1516 1515 -1
GCP,adapt_p48-18968510422141_a146-25_31_map.h5,26.8314,10,499,1144,41.810314:146.250000,1488,True,16,13,1435,0.999996,25.6943,0,0.0124597,1489 1489 1539 1540 1488 1538 1487 1434 1377 1378 1435 1436 -1
GCP,adapt_p23-556464309101234_a202-5_588_map.h5,27.8611,10,362,701,66.443535:202.500000,1704,True,13,13,1704,0.999998,25.5275,0,0.0127453,1733 1733 1756 1755 1731 1703 1670 1704 1732 1705 1671 1706 -1
GCP,adapt_p48-18968510422141_a326-24999999999994_79_map.h5,26.8695,10,738,1192,41.810314:326.250000,1514,True,10,10,1514,0.999999,18.3849,0,0.0132934,1515 1515 1462 1463 1514 1513 1562 1563 1564 -1
GCP,adapt_p11-715852394892384_a225-0_533_map.h5,26.8875,10,839,1121,78.284149:225.000000,1774,True,7,7,1757,0.999998,10.4597,0,0.0153143,1758 1758 1775 1774 1757 1756 -1
GCP,adapt_p35-659087696138755_a45-0_161_map.h5,26.8511,10,435,1133,54.340912:45.000000,1572,True,14,13,1572,0.999998,26.5021,0,0.0127203,1616 1615 1614 1570 1523 1524 1571 1572 1525 1526 1573 1616 -1
GCP,adapt_p70-52877936550931_a348-74999999999994_377_map.h5,27.8888,10,70,379,19.471220:348.750000,1229,True,162,12,1038,0.739727,26.9326,0,0.0158626,1227 1229 1036 1103 1037 1038 1039 1105 1171 1104 1170 -1
GCP,adapt_p11-715852394892384_a315-0_461_map.h5,26.8864,10,801,1119,78.284149:315.000000,1778,True,8,8,1779,0.999999,12.6693,0,0.0124322,1778 1778 1790 1791 1779 1763 1762 -1
GCP,adapt_p80-40593177313954_a90-0_265_map.h5,26.8554,10,534,1098,9.594069:90.000000,1051,True,13,13,1050,0.999997,25.3673,0,0.0133576,984 984 1052 1051 983 982 1050 1116 1115 1049 981 1048 -1
GCP,adapt_p35-659087696138755_a285-0_475_map.h5,25.8654,10,393,1473,54.340912:285.000000,1601,True,11,11,1602,0.999999,21.2754,0,0.0124367,1643 1643 1642 1556 1557 1601 1644 1603 1602 1558 -1
GCP,adapt_p48-18968510422141_a56-24999999999999_41_map.h5,27.832,10,296,751,41.810314:56.250000,1475,True,23,14,1475,0.999988,27.6889,0,0.0128044,1474 1474 1420 1475 1421 1422 1423 1477 1476 1528 1574 1527 1526 -1
GCP,adapt_p80-40593177313954_a45-0_532_map.h5,27.8192,10,239,741,9.594069:45.000000,1042,True,23,13,1043,0.999925,25.3803,0,0.0126602,974 974 975 1042 1041 1107 1108 1109 1043 976 1044 1110 -1
GCP,adapt_p70-52877936550931_a11-25_295_map.h5,28.866,10,296,414,19.471220:11.250000,1169,True,14,14,1169,0.999999,28.2637,0,0.0127907,1231 1231 1101 1167 1168 1102 1103 1169 1232 1295 1296 1233 1170 -1
GCP,adapt_p70-52877936550931_a281-24999999999994_341_map.h5,28.7532,10,189,387,19.471220:281.250000,1217,True,33,14,1279,0.997353,27.8305,0,0.012619,1339 1339 1277 1278 1215 1216 1279 1340 1280 1217 1152 1153 1218 -1
GCP,adapt_p23-556464309101234_a292-5_236_map.h5,25.752,10,147,1474,66.443535:292.500000,1712,True,28,13,1679,0.998946,25.6932,0,0.0127577,1738 1738 1713 1739 1712 1680 1643 1642 1678 1679 1711 1710 -1
GCP,adapt_p70-52877936550931_a236-25_125_map.h5,27.8703,10,594,788,19.471220:236.250000,1209,True,13,13,1207,0.999999,25.7701,0,0.0125017,1143 1143 1207 1270 1206 1141 1142 1208 1271 1272 1209 1144 -1
GCP,adapt_p80-40593177313954_a270-0_362_map.h5,26.8809,10,644,1114,9.594069:270.000000,1084,True,7,7,1083,0.999999,11.1652,0,0.0128959,1149 1149 1082 1148 1083 1084 -1
GCP,adapt_p70-52877936550931_a33-75_277_map.h5,28.7582,10,158,391,19.471220:33.750000,1173,True,29,14,1236,0.998772,28.2606,0,0.0125738,1107 1107 1174 1237 1236 1173 1106 1172 1235 1234 1171 1105 1170 -1
GCP,adapt_p80-40593177313954_a0-0_164_map.h5,25.7311,10,219,1572,9.594069:0.000000,1034,True,33,12,1100,0.99464,23.485,0,0.0136025,1032 1032 1098 1164 1099 1165 1100 1166 1034 1101 1035 -1
GCP,adapt_p70-52877936550931_a146-25_51_map.h5,25.836,10,374,1499,19.471220:146.250000,1193,True,18,13,1193,0.999983,25.646,0,0.012792,1192 1192 1255 1127 1128 1194 1193 1256 1318 1319 1257 1258 -1
GCP,adapt_p48-18968510422141_a78-75_444_map.h5,27.8824,10,656,762,41.810314:78.750000,1478,True,10,10,1478,0.999999,18.4103,0,0.0124017,1477 1477 1530 1529 1478 1479 1425 1424 1423 -1
GCP,adapt_p23-556464309101234_a292-5_377_map.h5,25.8286,10,383,1414,66.443535:292.500000,1712,True,19,13,1712,0.999985,25.3503,0,0.0132337,1679 1679 1711 1712 1680 1681 1713 1738 1739 1740 1714 1682 -1
GCP,adapt_p48-18968510422141_a123-74999999999999_430_map.h5,27.6859,10,215,795,41.810314:123.750000,1484,True,40,13,1374,0.993628,27.2,0,0.0129132,1316 1375 1315 1314 1372 1430 1373 1374 1431 1432 1485 1484 -1
GCP,adapt_p23-556464309101234_a112-5_593_map.h5,26.8549,10,504,1110,66.443535:112.500000,1697,True,14,13,1726,0.999998,25.1072,0,0.0128885,1697 1697 1662 1661 1696 1726 1727 1751 1750 1725 1724 1695 -1
GCP,adapt_p70-52877936550931_a78-75_85_map.h5,28.3343,10,86,389,19.471220:78.750000,1181,False,100,12,1103,0.956948,27.6256,0,0.0134295,1044 1038 1104 1037 1036 1101 1167 1168 1102 1103 1169 -1
GCP,adapt_p70-52877936550931_a33-75_301_map.h5,26.6982,10,199,1138,19.471220:33.750000,1173,True,36,12,1106,0.998351,24.8503,0,0.0126304,1235 1235 1173 1107 1106 1172 1105 1171 1231 1294 1293 -1
GCP,adapt_p70-52877936550931_a326-24999999999994_330_map.h5,26.5961,10,200,1141,19.471220:326.250000,1225,True,52,12,1287,0.972325,24.6136,0,0.0127156,1289 1226 1225 1288 1348 1347 1287 1224 1223 1286 1285 -1
GCP,adapt_p60-00000000000001_a45-0_193_map.h5,27.8623,10,470,787,30.000000:45.000000,1301,True,12,12,1301,0.999998,23.1628,0,0.0125262,1238 1238 1239 1303 1362 1361 1302 1301 1237 1300 1360 -1
GCP,adapt_p80-40593177313954_a337-49999999999994_243_map.h5,28.6931,10,132,383,9.594069:337.500000,1097,True,41,14,1096,0.995013,27.8646,0,0.0127277,1160 1160 1094 1027 1095 1161 1162 1096 1028 1029 1097 1030 1098 -1
GCP,adapt_p80-40593177313954_a112-49999999999999_198_map.h5,26.8297,10,471,1132,9.594069:112.500000,1055,True,17,13,1056,0.999959,26.1622,0,0.0131205,1123 1123 1122 1121 1054 987 1055 988 1056 1124 1058 1057 -1
GCP,adapt_p70-52877936550931_a146-25_403_map.h5,26.8664,10,538,1168,19.471220:146.250000,1193,True,15,13,1127,0.999997,25.4683,0,0.0124437,1126 1126 1127 1061 1060 1125 1191 1192 1255 1256 1193 1128 -1
GCP,adapt_p60-00000000000001_a224-99999999999997_536_map.h5,25.6969,10,402,1492,30.000000:225.000000,1331,False,36,13,1449,0.979814,25.4619,0,0.0128544,1502 1502 1450 1393 1392 1333 1332 1390 1391 1448 1449 1501 -1
GCP,adapt_p60-00000000000001_a202-49999999999997_27_map.h5,26.8563,10,477,1148,30.000000:202.500000,1328,True,16,13,1386,0.999998,25.9034,0,0.012469,1329 1329 1266 1267 1328 1387 1388 1444 1443 1386 1385 1327 -1
GCP,adapt_p80-40593177313954_a292-5_599_map.h5,23.7687,10,225,1841,9.594069:292.500000,1088,True,162,9,1155,0.934849,23.2959,0,0.0149145,1468 1156 1089 1088 1154 1219 1155 1220 -1
GCP,adapt_p70-52877936550931_a303-75_284_map.h5,26.5871,10,176,1162,19.471220:303.750000,1221,True,52,12,1221,0.946565,24.5165,0,0.0126844,1158 1223 1285 1222 1221 1155 1220 1283 1282 1219 1218 -1
GCP,adapt_p23-556464309101234_a337-5_7_map.h5,26.3376,10,114,1156,66.443535:337.500000,1716,False,82,12,1301,0.892377,24.4133,0,0.0131947,1236 1300 1360 1361 1302 1239 1240 1176 1175 1238 1301 -1
GCP,adapt_p80-40593177313954_a135-0_275_map.h5,27.6933,10,211,781,9.594069:135.000000,1059,True,40,13,1060,0.992548,27.1185,0,0.012514,1058 991 992 1059 993 1060 1126 1127 1061 994 1062 1128 -1
GCP,adapt_p48-18968510422141_a213-75_325_map.h5,27.7603,10,287,692,41.810314:213.750000,1497,True,22,14,1497,0.999836,27.2348,0,0.0125501,1444 1444 1445 1446 1499 1549 1594 1593 1548 1498 1497 1547 1592 -1
GCP,adapt_p48-18968510422141_a101-24999999999999_393_map.h5,26.8802,10,574,1127,41.810314:101.250000,1481,True,10,10,1481,0.999999,18.5176,0,0.012588,1482 1482 1429 1428 1533 1532 1480 1481 1427 -1
GCP,adapt_p60-00000000000001_a135-0_250_map.h5,25.1741,10,118,1501,30.000000:135.000000,1316,False,112,11,1437,0.749087,23.9657,0,0.0137247,1539 1435 1489 1490 1437 1381 1380 1436 1379 1194 -1
GCP,adapt_p48-18968510422141_a11-25_278_map.h5,25.8002,10,316,1563,41.810314:11.250000,1468,True,20,12,1467,0.999749,23.4073,0,0.0125474,1520 1520 1521 1467 1519 1518 1466 1412 1413 1468 1414 -1
GCP,adapt_p70-52877936550931_a191-25_306_map.h5,27.7736,10,291,762,19.471220:191.250000,1201,True,28,14,1200,0.998238,27.5269,0,0.0132287,1325 1325 1324 1262 1199 1198 1133 1134 1135 1200 1263 1264 1201 -1
GCP,adapt_p60-00000000000001_a270-0_232_map.h5,26.8633,10,495,1100,30.000000:270.000000,1339,True,13,13,1339,0.999998,25.6097,0,0.0124357,1396 1396 1339 1278 1340 1398 1397 1338 1277 1276 1337 1395 -1
GCP,adapt_p35-659087696138755_a14-999999999999998_322_map.h5,26.8641,10,436,1154,54.340912:15.000000,1568,True,12,12,1613,0.999998,23.0127,0,0.0126819,1612 1612 1567 1568 1569 1613 1651 1652 1653 1614 1570 -1
GCP,adapt_p60-00000000000001_a90-0_162_map.h5,26.8907,10,567,1139,30.000000:90.000000,1309,True,7,7,1309,0.999999,10.5854,0,0.013101,1310 1310 1369 1368 1309 1308 -1
GCP,adapt_p80-40593177313954_a112-49999999999999_400_map.h5,27.8671,10,648,782,9.594069:112.500000,1055,True,12,12,1055,0.999999,23.2629,0,0.0137219,987 987 988 1056 1122 1121 1055 986 1053 1054 1120 -1
GCP,adapt_p60-00000000000001_a112-49999999999999_207_map.h5,26.8692,10,601,1098,30.000000:112.500000,1313,True,12,12,1313,0.999999,23.8538,0,0.0125326,1314 1314 1250 1313 1372 1371 1312 1251 1252 1315 1373 -1
GCP,adapt_p35-659087696138755_a285-0_133_map.h5,26.7226,10,204,1071,54.340912:285.000000,1601,True,34,13,1642,0.99373,25.0705,0,0.0132809,1557 1557 1556 1600 1641 1642 1601 1602 1643 1679 1678 1711 -1
GCP,adapt_p60-00000000000001_a90-0_176_map.h5,27.7942,10,261,777,30.000000:90.000000,1309,True,24,13,1426,0.999039,25.4719,0,0.0125813,1310 1310 1309 1367 1425 1478 1479 1480 1426 1368 1369 1427 -1
GCP,adapt_p48-18968510422141_a326-24999999999994_573_map.h5,22.819,10,71,1459,41.810314:326.250000,1514,False,482,10,1076,0.594484,20.3266,0,0.0364308,1269 1075 1141 1142 1076 1009 1077 1010 1078 -1
GCP,adapt_p48-18968510422141_a348-74999999999994_132_map.h5,26.8843,10,731,1028,41.810314:348.750000,1517,True,9,9,1517,0.999999,17.472,0,0.0124855,1465 1517 1518 1466 1566 1565 1516 1465 -1
GCP,adapt_p70-52877936550931_a101-24999999999999_411_map.h5,23.4352,10,75,717,19.471220:101.250000,1185,False,756,10,1585,0.572695,22.4395,0,0.0691518,1312 1584 1539 1585 1628 1666 1629 1586 1540 -1
GCP,adapt_p80-40593177313954_a292-5_182_map.h5,26.85,10,530,1110,9.594069:292.500000,1088,True,16,13,1089,0.999993,25.9961,0,0.012788,1090 1090 1155 1156 1089 1022 1021 1088 1154 1219 1153 1087 -1
GCP,adapt_p48-18968510422141_a56-24999999999999_235_map.h5,27.8521,10,407,775,41.810314:56.250000,1475,True,16,14,1475,0.999996,27.2603,0,0.0126739,1526 1526 1527 1528 1476 1422 1421 1475 1474 1420 1419 1473 1525 -1
GCP,adapt_p80-40593177313954_a112-49999999999999_434_map.h5,26.886,10,501,1110,9.594069:112.500000,1055,True,11,11,1056,0.999999,20.438,0,0.0128067,1055 1055 987 988 989 1056 1122 1123 1057 990 -1
GCP,adapt_p11-715852394892384_a315-0_540_map.h5,27.8603,10,323,776,78.284149:315.000000,1778,True,14,13,1778,0.999998,25.3343,0,0.0125163,1779 1779 1790 1789 1791 1778 1777 1776 1760 1761 1762 1763 -1
GCP,adapt_p60-00000000000001_a202-49999999999997_577_map.h5,27.891,10,728,715,30.000000:202.500000,1328,True,8,8,1328,0.999999,13.5234,0,0.0128351,1327 1327 1386 1328 1265 1266 1267 -1
GCP,adapt_p60-00000000000001_a22-5_330_map.h5,27.8342,10,279,772,30.000000:22.500000,1298,True,18,13,1297,0.999996,25.8607,0,0.0125544,1296 1296 1234 1233 1297 1298 1235 1299 1358 1357 1356 1355 -1
GCP,adapt_p35-659087696138755_a75-0_195_map.h5,25.8319,10,436,1435,54.340912:75.000000,1576,True,17,13,1576,0.999998,25.5124,0,0.0129055,1529 1529 1478 1530 1577 1620 1576 1528 1575 1619 1618 1574 -1
GCP,adapt_p70-52877936550931_a326-24999999999994_110_map.h5,27.1658,10,46,414,19.471220:326.250000,1225,False,294,11,1170,0.697263,26.663,0,0.0207601,1290 1288 1287 1102 1169 1103 1104 1170 1171 1234 -1
GCP,adapt_p48-18968510422141_a258-75_580_map.h5,26.7828,10,273,1034,41.810314:258.750000,1504,True,28,13,1451,0.999135,25.2779,0,0.0130495,1394 1394 1395 1396 1452 1505 1504 1554 1553 1503 1451 1450 -1
GCP,adapt_p48-18968510422141_a258-75_517_map.h5,24.6038,10,118,1938,41.810314:258.750000,1504,True,51,11,1600,0.933857,22.3036,0,0.0130006,1640 1641 1642 1601 1600 1555 1599 1553 1504 1554 -1
GCP,adapt_p60-00000000000001_a90-0_291_map.h5,28.7517,10,104,372,30.000000:90.000000,1309,False,34,14,1425,0.998796,27.9439,0,0.0130943,1365 1365 1307 1366 1423 1424 1478 1479 1425 1367 1368 1426 1369 -1
GCP,adapt_p23-556464309101234_a67-5_327_map.h5,25.3493,10,113,1130,66.443535:67.500000,1693,False,249,10,1358,0.711074,23.0758,0,0.0181817,1577 1359 1417 1416 1357 1358 1299 1236 1235 -1
GCP,adapt_p11-715852394892384_a135-0_531_map.h5,28.8652,10,381,364,78.284149:135.000000,1770,True,14,14,1752,0.999998,27.7526,0,0.0126472,1771 1771 1770 1751 1750 1726 1727 1728 1729 1753 1754 1772 1752 -1
GCP,adapt_p11-715852394892384_a45-0_529_map.h5,27.1349,10,166,708,78.284149:45.000000,1766,True,121,12,1781,0.928696,25.5192,0,0.013859,1648 1780 1765 1746 1747 1767 1766 1782 1781 1791 1779 -1
GCP,adapt_p80-40593177313954_a202-49999999999997_588_map.h5,25.7889,10,499,1495,9.594069:202.500000,1072,True,20,12,1071,0.999171,23.6607,0,0.0129035,1136 1136 1069 1135 1002 1070 1003 1071 1004 1072 1005 -1
GCP,adapt_p80-40593177313954_a292-5_462_map.h5,26.8467,10,537,1143,9.594069:292.500000,1088,True,16,13,1155,0.999996,25.3383,0,0.0131417,1090 1090 1156 1155 1220 1219 1154 1089 1021 1088 1153 1087 -1
GCP,adapt_p35-659087696138755_a135-0_217_map.h5,27.7238,10,220,768,54.340912:135.000000,1583,True,36,14,1583,0.996234,27.5781,0,0.0130068,1663 1663 1624 1581 1582 1625 1664 1626 1583 1584 1627 1628 1585 -1
GCP,adapt_p60-00000000000001_a270-0_87_map.h5,26.8375,10,404,1104,30.000000:270.000000,1339,True,15,13,1339,0.999994,25.0873,0,0.0123257,1398 1398 1399 1341 1340 1339 1397 1396 1338 1277 1278 1279 -1
GCP,adapt_p60-00000000000001_a0-0_79_map.h5,26.8793,10,532,1139,30.000000:0.000000,1294,True,12,12,1411,0.999999,23.8586,0,0.0125593,1294 1294 1355 1413 1412 1354 1295 1411 1353 1410 1466 -1
GCP,adapt_p80-40593177313954_a180-0_529_map.h5,26.8016,10,523,1115,9.594069:180.000000,1067,True,21,13,1068,0.9999,26.4353,0,0.0131268,1002 1002 1071 1070 1001 1068 1000 1067 1133 1134 1069 1135 -1
GCP,adapt_p48-18968510422141_a146-25_549_map.h5,27.8458,10,337,708,41.810314:146.250000,1488,True,17,14,1434,0.999997,27.7661,0,0.012942,1435 1435 1487 1434 1377 1376 1433 1486 1537 1538 1539 1488 1489 -1
GCP,adapt_p70-52877936550931_a33-75_11_map.h5,26.8361,10,422,1109,19.471220:33.750000,1173,True,16,13,1106,0.999998,25.4271,0,0.0127485,1107 1107 1040 1039 1105 1171 1235 1172 1106 1173 1236 1237 -1
GCP,adapt_p70-52877936550931_a11-25_205_map.h5,28.7122,10,157,361,19.471220:11.250000,1169,False,36,14,1171,0.995608,28.6716,0,0.013606,1106 1106 1236 1173 1172 1235 1105 1171 1234 1233 1170 1104 1103 -1
GCP,adapt_p35-659087696138755_a195-0_57_map.h5,27.8423,10,281,757,54.340912:195.000000,1590,True,18,13,1633,0.999986,25.6376,0,0.0124674,1632 1632 1670 1671 1634 1592 1546 1591 1633 1590 1545 1589 -1
GCP,adapt_p80-40593177313954_a270-0_498_map.h5,26.7851,10,436,1068,9.594069:270.000000,1084,True,25,13,1084,0.998973,25.9228,0,0.0126555,1149 1149 1215 1150 1083 1016 1084 1017 1085 1086 1151 1216 -1
GCP,adapt_p70-52877936550931_a326-24999999999994_585_map.h5,25.6258,10,178,1057,19.471220:326.250000,1225,True,209,10,1280,0.624305,23.8352,0,0.0164752,1165 1226 1225 1288 1287 1342 1281 1280 1341 -1
GCP,adapt_p70-52877936550931_a348-74999999999994_62_map.h5,26.8851,10,575,1108,19.471220:348.750000,1229,True,10,10,1229,0.999999,19.5095,0,0.0126774,1164 1163 1228 1291 1292 1230 1165 1229 1164 -1
GCP,adapt_p80-40593177313954_a247-49999999999997_139_map.h5,26.7932,10,334,1044,9.594069:247.500000,1080,True,21,13,1080,0.999238,25.4757,0,0.0125527,1081 1081 1082 1014 1013 1012 1080 1145 1079 1011 1078 1144 -1
GCP,adapt_p35-659087696138755_a14-999999999999998_178_map.h5,26.739,10,168,1172,54.340912:15.000000,1568,True,32,13,1568,0.99626,25.3707,0,0.0127651,1468 1468 1469 1522 1570 1569 1613 1612 1568 1521 1520 1567 -1
GCP,adapt_p80-40593177313954_a67-5_232_map.h5,26.8754,10,580,1088,9.594069:67.500000,1047,True,11,11,1046,0.999999,20.4176,0,0.0123293,1112 1112 1111 1045 1046 979 1047 1113 1114 1048 -1
GCP,adapt_p60-00000000000001_a224-99999999999997_184_map.h5,24.1709,10,130,1404,30.000000:225.000000,1331,True,271,9,1390,0.675286,22.0301,0,0.0207919,1018 1216 1390 1332 1270 1331 1389 1446 -1
GCP,adapt_p11-715852394892384_a225-0_242_map.h5,28.7949,10,186,342,78.284149:225.000000,1774,True,27,14,1774,0.99925,26.599,0,0.012849,1756 1756 1757 1758 1775 1774 1773 1772 1786 1787 1788 1789 1795 -1
GCP,adapt_p60-00000000000001_a90-0_394_map.h5,26.87,10,455,1078,30.000000:90.000000,1309,True,11,11,1309,0.999999,20.3232,0,0.0127425,1246 1246 1245 1308 1367 1309 1368 1369 1310 1247 -1
GCP,adapt_p70-52877936550931_a303-75_125_map.h5,27.7723,10,269,723,19.471220:303.750000,1221,True,29,14,1220,0.999586,27.4025,0,0.012544,1222 1222 1157 1156 1221 1284 1283 1220 1155 1154 1219 1282 1281 -1
GCP,adapt_p80-40593177313954_a135-0_518_map.h5,28.6847,10,45,398,9.594069:135.000000,1059,False,37,14,988,0.995058,27.623,0,0.0131336,1057 1057 990 989 922 921 988 1056 1055 987 920 919 986 -1
GCP,adapt_p48-18968510422141_a348-74999999999994_562_map.h5,26.6389,10,174,1103,41.810314:348.750000,1517,True,44,12,1517,0.98769,25.065,0,0.0128361,1514 1515 1564 1516 1464 1463 1565 1566 1517 1465 1466 -1
GCP,adapt_p35-659087696138755_a255-00000000000003_193_map.h5,27.8636,10,682,746,54.340912:255.000000,1598,True,10,10,1639,0.999999,17.7794,0,0.0131916,1598 1598 1597 1596 1638 1675 1676 1639 1640 -1
GCP,adapt_p48-18968510422141_a348-74999999999994_93_map.h5,28.2935,10,56,396,41.810314:348.750000,1517,False,96,12,1519,0.975056,27.5864,0,0.0132237,1656 1610 1566 1519 1567 1520 1468 1467 1518 1413 1412 -1
GCP,adapt_p70-52877936550931_a11-25_455_map.h5,26.8688,10,539,1064,19.471220:11.250000,1169,True,13,12,1103,0.999998,23.444,0,0.0130008,1169 1169 1102 1036 1037 1038 1103 1170 1104 1105 1171 -1
GCP,adapt_p48-18968510422141_a101-24999999999999_555_map.h5,26.8464,10,539,1124,41.810314:101.250000,1481,True,16,13,1428,0.999995,25.7071,0,0.0124377,1533 1533 1532 1482 1534 1483 1429 1371 1370 1428 1481 1427 -1
GCP,adapt_p48-18968510422141_a281-24999999999994_368_map.h5,28.7227,10,129,371,41.810314:281.250000,1507,True,36,14,1508,0.996806,27.4252,0,0.0130483,1558 1558 1509 1457 1456 1508 1557 1507 1455 1454 1506 1556 1555 -1
GCP,adapt_p60-00000000000001_a112-49999999999999_416_map.h5,26.8013,10,539,1080,30.000000:112.500000,1313,True,17,13,1372,0.999997,26.3539,0,0.0124559,1429 1429 1370 1428 1483 1430 1371 1312 1313 1372 1373 1314 -1
GCP,adapt_p35-659087696138755_a344-99999999999994_543_map.h5,26.8562,10,412,1125,54.340912:345.000000,1609,True,13,13,1608,0.999998,25.1854,0,0.0126235,1607 1607 1563 1564 1608 1565 1566 1610 1609 1650 1649 1648 -1
GCP,adapt_p60-00000000000001_a67-5_38_map.h5,26.6329,10,221,1140,30.000000:67.500000,1305,True,47,13,1242,0.993207,26.513,0,0.0128876,1113 1114 1180 1179 1178 1241 1242 1305 1306 1243 1244 1181 -1
GCP,adapt_p48-18968510422141_a326-24999999999994_263_map.h5,27.784,10,302,753,41.810314:326.250000,1514,True,25,13,1462,0.999337,25.0787,0,0.0127457,1406 1406 1407 1463 1464 1515 1564 1563 1514 1462 1461 1513 -1
GCP,adapt_p60-00000000000001_a247-49999999999997_585_map.h5,26.8714,10,575,1073,30.000000:247.500000,1335,True,11,11,1335,0.999998,20.9345,0,0.0124261,1273 1273 1272 1334 1274 1275 1336 1394 1335 1393 -1
GCP,adapt_p23-556464309101234_a247-49999999999997_222_map.h5,27.8722,10,489,683,66.443535:247.500000,1708,True,13,13,1709,0.999998,25.7703,0,0.012633,1676 1676 1677 1709 1736 1735 1708 1675 1639 1638 1707 1674 -1
GCP,adapt_p11-715852394892384_a45-0_585_map.h5,25.813,10,212,1565,78.284149:45.000000,1766,True,24,13,1766,0.999872,25.1201,0,0.0127289,1765 1765 1744 1745 1782 1783 1768 1767 1766 1746 1747 1748 -1
GCP,adapt_p60-00000000000001_a157-5_71_map.h5,28.8591,10,311,387,30.000000:157.500000,1320,True,13,13,1321,0.999999,25.1856,0,0.0126665,1258 1258 1259 1260 1322 1380 1321 1320 1379 1378 1319 1257 -1
GCP,adapt_p35-659087696138755_a45-0_394_map.h5,26.8715,10,404,1158,54.340912:45.000000,1572,True,12,12,1616,0.999998,22.9316,0,0.0133107,1615 1615 1570 1571 1572 1616 1654 1655 1656 1617 1573 -1
GCP,adapt_p70-52877936550931_a123-74999999999999_45_map.h5,26.53,10,212,1112,19.471220:123.750000,1189,False,63,12,1313,0.960445,24.217,0,0.0137134,1187 1250 1312 1311 1370 1428 1371 1372 1313 1251 1314 -1
GCP,adapt_p60-00000000000001_a135-0_306_map.h5,26.8389,10,504,1181,30.000000:135.000000,1316,True,13,13,1316,0.999998,26.1309,0,0.0128599,1253 1253 1191 1255 1318 1317 1376 1375 1316 1254 1315 1374 -1
GCP,adapt_p35-659087696138755_a315-0_584_map.h5,26.8778,10,553,1149,54.340912:315.000000,1605,True,11,11,1646,0.999999,20.6031,0,0.013046,1605 1605 1604 1646 1647 1682 1681 1645 1644 1603 -1
GCP,adapt_p23-556464309101234_a112-5_308_map.h5,26.8442,10,222,1079,66.443535:112.500000,1697,False,17,13,1751,0.999982,25.5144,0,0.012562,1769 1769 1751 1726 1725 1749 1750 1770 1771 1752 1727 1728 -1
GCP,adapt_p70-52877936550931_a191-25_72_map.h5,26.7698,10,432,1100,19.471220:191.250000,1201,True,19,13,1265,0.999962,25.5731,0,0.0129882,1203 1203 1266 1202 1136 1201 1265 1327 1326 1264 1263 1200 -1
GCP,adapt_p48-18968510422141_a191-25_380_map.h5,26.8379,10,485,1157,41.810314:191.250000,1494,True,17,13,1441,0.999991,25.376,0,0.0129503,1440 1440 1383 1384 1441 1493 1543 1544 1494 1442 1495 1545 -1
GCP,adapt_p70-52877936550931_a146-25_347_map.h5,26.8408,10,592,1095,19.471220:146.250000,1193,True,18,13,1255,0.999996,25.9451,0,0.0129621,1193 1193 1127 1192 1257 1256 1318 1317 1255 1254 1191 1190 -1
GCP,adapt_p80-40593177313954_a224-99999999999997_380_map.h5,26.8171,10,512,1113,9.594069:225.000000,1076,True,22,13,1008,0.999965,25.5856,0,0.0127077,1074 1074 1006 1007 1075 1141 1076 1008 1009 1077 1010 1078 -1
GCP,adapt_p70-52877936550931_a236-25_247_map.h5,27.8841,10,694,769,19.471220:236.250000,1209,True,11,11,1209,0.999999,21.1606,0,0.012763,1210 1210 1144 1143 1208 1209 1272 1273 1145 1211 -1
GCP,adapt_p80-40593177313954_a112-49999999999999_266_map.h5,25.8031,10,404,1480,9.594069:112.500000,1055,True,21,13,1053,0.999924,25.7245,0,0.0126614,985 985 1052 1053 1119 1120 1054 986 987 1121 1055 988 -1
GCP,adapt_p11-715852394892384_a315-0_113_map.h5,26.8623,10,432,1177,78.284149:315.000000,1778,True,14,13,1778,0.999999,24.5648,0,0.0124696,1761 1761 1760 1777 1776 1789 1790 1791 1779 1778 1763 1762 -1
GCP,adapt_p70-52877936550931_a146-25_481_map.h5,26.7449,10,141,1144,19.471220:146.250000,1193,True,33,13,1192,0.999051,25.8339,0,0.0128639,1125 1125 1190 1126 1127 1193 1256 1318 1255 1192 1191 1254 -1
GCP,adapt_p70-52877936550931_a258-75_454_map.h5,26.7392,10,288,1031,19.471220:258.750000,1213,True,29,13,1213,0.995888,25.9013,0,0.0125309,1147 1147 1211 1274 1275 1212 1148 1213 1276 1337 1277 1214 -1
GCP,adapt_p60-00000000000001_a67-5_114_map.h5,28.8806,10,553,369,30.000000:67.500000,1305,True,10,10,1305,0.999999,18.1706,0,0.0131705,1243 1243 1307 1244 1306 1365 1364 1305 1242 -1
GCP,adapt_p60-00000000000001_a90-0_30_map.h5,26.886,10,44,405,30.000000:90.000000,1309,False,330,11,917,0.84086,25.8003,0,0.0236046,1422 983 984 985 919 918 917 916 915 914 -1
GCP,adapt_p23-556464309101234_a292-5_234_map.h5,26.8796,10,486,1099,66.443535:292.500000,1712,True,12,12,1738,0.999999,22.9224,0,0.0131173,1711 1711 1710 1737 1760 1761 1739 1738 1713 1712 1679 -1
GCP,adapt_p80-40593177313954_a22-5_510_map.h5,26.878,10,469,1051,9.594069:22.500000,1038,True,12,12,1039,0.999997,23.4224,0,0.0128205,971 971 1037 970 1038 1104 1105 1039 972 1040 1106 -1
GCP,adapt_p80-40593177313954_a0-0_230_map.h5,26.8411,10,521,1140,9.594069:0.000000,1034,True,16,13,1035,0.999993,25.9523,0,0.0127117,1036 1036 967 1033 1100 1034 1166 1167 1101 1035 1102 1168 -1
GCP,adapt_p70-52877936550931_a191-25_156_map.h5,26.8353,10,468,1164,19.471220:191.250000,1201,True,18,13,1201,0.999973,26.3383,0,0.0125051,1263 1263 1135 1200 1199 1262 1201 1136 1202 1265 1264 1326 -1
GCP,adapt_p80-40593177313954_a270-0_278_map.h5,25.7054,10,223,1605,9.594069:270.000000,1084,True,39,13,1151,0.97617,24.9969,0,0.0133957,1087 1087 1153 1218 1217 1152 1086 1085 1084 1150 1151 1216 -1
GCP,adapt_p48-18968510422141_a56-24999999999999_438_map.h5,26.6452,10,161,1146,41.810314:56.250000,1475,False,45,12,1578,0.993414,24.3705,0,0.0126233,1661 1622 1579 1532 1531 1578 1577 1576 1620 1621 1660 -1
GCP,adapt_p35-659087696138755_a285-0_29_map.h5,26.8425,10,367,1139,54.340912:285.000000,1601,True,16,13,1601,0.999995,25.7418,0,0.0132963,1600 1600 1642 1641 1601 1556 1557 1602 1603 1644 1643 1679 -1
GCP,adapt_p60-00000000000001_a90-0_548_map.h5,26.8563,10,364,1162,30.000000:90.000000,1309,True,16,13,1309,0.999997,25.7683,0,0.0124822,1310 1310 1248 1311 1247 1246 1245 1308 1367 1309 1368 1369 -1
GCP,adapt_p35-659087696138755_a165-0_337_map.h5,24.3619,10,64,1505,54.340912:165.000000,1587,False,239,7,1413,0.583673,21.799,0,0.0196921,1444 1413 1412 1467 1468 1414 -1
GCP,adapt_p48-18968510422141_a11-25_22_map.h5,28.1942,10,107,378,41.810314:11.250000,1468,True,125,13,1470,0.915187,27.487,0,0.0146172,1614 1522 1521 1469 1468 1414 1357 1415 1470 1416 1358 1299 -1
GCP,adapt_p35-659087696138755_a14-999999999999998_477_map.h5,26.783,10,338,1170,54.340912:15.000000,1568,True,17,13,1613,0.999993,25.6289,0,0.0127948,1612 1612 1567 1611 1568 1569 1613 1652 1653 1614 1570 1615 -1
GCP,adapt_p35-659087696138755_a255-00000000000003_386_map.h5,25.786,10,341,1461,54.340912:255.000000,1598,True,25,13,1596,0.999955,25.2303,0,0.0137701,1551 1551 1595 1637 1638 1596 1552 1597 1639 1640 1598 1553 -1
GCP,adapt_p60-00000000000001_a315-0_526_map.h5,25.8493,10,366,1539,30.000000:315.000000,1346,True,15,13,1404,0.999998,25.7307,0,0.0125219,1405 1405 1348 1406 1347 1346 1345 1403 1459 1404 1460 1461 -1
GCP,adapt_p80-40593177313954_a22-5_204_map.h5,22.0066,10,68,693,9.594069:22.500000,1038,False,963,8,1278,0.426906,21.3974,0,0.10251,1540 1499 1500 1338 1277 1278 1339 -1
GCP,adapt_p23-556464309101234_a247-49999999999997_509_map.h5,25.844,10,313,1493,66.443535:247.500000,1708,True,16,13,1708,0.999937,25.2873,0,0.0127619,1709 1709 1736 1735 1734 1706 1707 1674 1638 1675 1708 1676 -1
GCP,adapt_p80-40593177313954_a224-99999999999997_42_map.h5,26.8484,10,551,1212,9.594069:225.000000,1076,True,13,13,1075,0.999999,26.0145,0,0.012389,1140 1140 1075 1008 1076 1009 1077 1143 1142 1141 1074 1139 -1
GCP,adapt_p48-18968510422141_a348-74999999999994_411_map.h5,27.8369,10,265,736,41.810314:348.750000,1517,True,19,13,1465,0.999971,27.0617,0,0.0129243,1464 1516 1565 1566 1518 1412 1466 1410 1409 1465 1517 1464 -1
GCP,adapt_p23-556464309101234_a112-5_125_map.h5,26.7236,10,151,1096,66.443535:112.500000,1697,True,37,13,1663,0.989946,25.6573,0,0.0133236,1662 1662 1696 1725 1726 1697 1625 1626 1664 1663 1698 1699 -1
GCP,adapt_p48-18968510422141_a123-74999999999999_5_map.h5,24.2607,10,90,1480,41.810314:123.750000,1484,False,264,10,1532,0.635421,23.4141,0,0.0189978,1568 1530 1577 1578 1531 1480 1481 1532 1533 -1
GCP,adapt_p48-18968510422141_a213-75_70_map.h5,26.782,10,350,1152,41.810314:213.750000,1497,True,26,13,1499,0.999245,25.2254,0,0.0128332,1447 1447 1446 1445 1444 1497 1547 1548 1498 1549 1499 1500 -1
GCP,adapt_p80-40593177313954_a0-0_532_map.h5,25.5998,10,206,1370,9.594069:0.000000,1034,True,54,12,1100,0.994267,25.3913,0,0.0129488,1169 1101 1035 967 1034 1033 1166 1100 1032 1099 1165 -1
GCP,adapt_p48-18968510422141_a213-75_544_map.h5,25.694,10,375,1431,41.810314:213.750000,1497,True,38,12,1497,0.986743,25.4071,0,0.0126886,1549 1548 1498 1445 1593 1547 1546 1496 1443 1497 1444 -1
GCP,adapt_p80-40593177313954_a135-0_509_map.h5,27.696,10,222,749,9.594069:135.000000,1059,True,40,13,1126,0.997016,27.5074,0,0.0128179,993 1060 1059 1125 1124 1058 992 1126 1127 1061 1062 1128 -1
GCP,adapt_p70-52877936550931_a191-25_558_map.h5,27.8304,10,253,713,19.471220:191.250000,1201,True,22,13,1202,0.999972,27.242,0,0.0124562,1265 1202 1137 1138 1203 1136 1135 1200 1263 1201 1264 1265 -1
GCP,adapt_p23-556464309101234_a67-5_469_map.h5,27.8623,10,403,749,66.443535:67.500000,1693,True,13,13,1693,0.999999,25.0784,0,0.0125378,1657 1657 1658 1659 1695 1724 1723 1694 1693 1722 1692 1656 -1
GCP,adapt_p80-40593177313954_a180-0_471_map.h5,26.8833,10,624,1053,9.594069:180.000000,1067,True,10,10,1133,0.999999,17.8539,0,0.0125305,1134 1134 1135 1069 1068 1067 1133 1132 1066 -1
GCP,adapt_p80-40593177313954_a247-49999999999997_422_map.h5,26.8362,10,469,1082,9.594069:247.500000,1080,True,17,13,1081,0.999981,25.8504,0,0.012655,1147 1147 1146 1080 1012 1013 1081 1148 1083 1015 1082 1014 -1
GCP,adapt_p48-18968510422141_a348-74999999999994_405_map.h5,27.8695,10,648,791,41.810314:348.750000,1517,True,8,8,1465,0.999999,13.8297,0,0.012279,1517 1517 1518 1466 1565 1516 1465 -1
GCP,adapt_p70-52877936550931_a146-25_459_map.h5,26.8632,10,610,1082,19.471220:146.250000,1193,True,13,13,1193,0.999999,25.1435,0,0.0125469,1126 1126 1191 1254 1255 1192 1127 1193 1256 1257 1194 1128 -1
GCP,adapt_p48-18968510422141_a303-75_582_map.h5,26.8765,10,561,1077,41.810314:303.750000,1510,True,9,9,1510,0.999999,15.3353,0,0.0123283,1559 1559 1560 1511 1459 1458 1510 1509 -1
GCP,adapt_p48-18968510422141_a56-24999999999999_169_map.h5,28.8771,10,396,376,41.810314:56.250000,1475,True,13,13,1422,0.999998,27.0721,0,0.0126295,1475 1421 1363 1364 1422 1420 1475 1527 1528 1476 1477 1423 -1
GCP,adapt_p35-659087696138755_a75-0_427_map.h5,26.8374,10,631,1093,54.340912:75.000000,1576,True,10,10,1619,0.999999,18.3226,0,0.0124176,1576 1576 1621 1577 1620 1659 1658 1619 1575 -1
GCP,adapt_p11-715852394892384_a45-0_117_map.h5,28.8773,10,336,381,78.284149:45.000000,1766,True,12,12,1747,0.999999,23.0058,0,0.0135272,1766 1766 1765 1745 1767 1748 1722 1721 1747 1746 1720 -1
GCP,adapt_p70-52877936550931_a258-75_60_map.h5,28.8888,10,500,352,19.471220:258.750000,1213,True,13,13,1213,0.999999,25.1138,0,0.0129654,1148 1148 1149 1214 1213 1212 1147 1146 1211 1274 1275 1276 -1
GCP,adapt_p11-715852394892384_a135-0_174_map.h5,25.7832,10,317,1472,78.284149:135.000000,1770,True,28,13,1770,0.998934,24.2521,0,0.0126397,1750 1750 1769 1784 1785 1786 1772 1771 1770 1751 1752 1753 -1
GCP,adapt_p48-18968510422141_a33-75_380_map.h5,26.8566,10,459,1075,41.810314:33.750000,1471,True,15,13,1418,0.999996,25.6004,0,0.0131209,1471 1471 1523 1524 1417 1359 1360 1418 1472 1525 1473 1419 -1
GCP,adapt_p48-18968510422141_a78-75_37_map.h5,27.8925,10,574,782,41.810314:78.750000,1478,True,9,9,1478,0.999999,15.5728,0,0.0123051,1424 1424 1425 1478 1530 1529 1477 1423 -1
GCP,adapt_p80-40593177313954_a22-5_78_map.h5,27.8004,10,293,737,9.594069:22.500000,1038,True,25,13,1105,0.999787,25.3922,0,0.0133679,1171 1171 1172 1106 1105 1039 1038 1104 1103 1037 969 1036 -1
GCP,adapt_p70-52877936550931_a33-75_286_map.h5,26.8519,10,471,1114,19.471220:33.750000,1173,True,15,13,1173,0.999985,25.5399,0,0.0129362,1172 1172 1171 1235 1236 1173 1106 1107 1174 1237 1238 1175 -1
GCP,adapt_p35-659087696138755_a195-0_551_map.h5,26.8532,10,543,1082,54.340912:195.000000,1590,True,14,13,1633,0.999998,25.8443,0,0.012648,1591 1591 1545 1589 1590 1632 1669 1670 1633 1592 1634 1671 -1
GCP,adapt_p35-659087696138755_a344-99999999999994_247_map.h5,27.8976,10,664,737,54.340912:345.000000,1609,True,7,7,1649,0.999999,11.1252,0,0.0131566,1608 1608 1650 1609 1649 1648 -1
GCP,adapt_p11-715852394892384_a315-0_390_map.h5,27.8403,10,309,705,78.284149:315.000000,1778,True,21,14,1778,0.999984,27.1584,0,0.0124508,1791 1791 1780 1764 1763 1779 1790 1789 1776 1777 1778 1762 1761 -1
GCP,adapt_p70-52877936550931_a303-75_456_map.h5,27.8924,10,727,734,19.471220:303.750000,1221,True,9,9,1221,0.999999,15.5755,0,0.0124025,1283 1283 1284 1222 1157 1156 1221 1220 -1
GCP,adapt_p80-40593177313954_a0-0_130_map.h5,26.3764,10,146,1102,9.594069:0.000000,1034,False,88,12,1166,0.968952,25.0753,0,0.0134264,1227 1229 1164 1099 1100 1165 1230 1166 1167 1101 1168 -1
GCP,adapt_p35-659087696138755_a224-99999999999997_267_map.h5,27.178,10,149,699,54.340912:225.000000,1594,False,125,13,1706,0.923908,27.0771,0,0.0147822,1773 1733 1734 1706 1705 1672 1673 1636 1637 1674 1707 1708 -1
GCP,adapt_p70-52877936550931_a78-75_66_map.h5,27.8944,10,707,760,19.471220:78.750000,1181,True,9,9,1181,0.999999,15.7901,0,0.0123396,1180 1180 1244 1181 1114 1115 1116 1182 -1
GCP,adapt_p80-40593177313954_a90-0_520_map.h5,25.7671,10,398,1501,9.594069:90.000000,1051,True,23,13,1051,0.998801,25.451,0,0.0127214,984 984 983 1050 982 1049 1116 1117 1051 1052 1118 1119 -1
GCP,adapt_p35-659087696138755_a75-0_371_map.h5,28.872,10,333,378,54.340912:75.000000,1576,True,14,14,1576,0.999999,27.576,0,0.0127706,1620 1620 1659 1658 1619 1657 1618 1574 1575 1576 1577 1530 1529 -1
GCP,adapt_p60-00000000000001_a45-0_163_map.h5,25.8438,10,380,1430,30.000000:45.000000,1301,True,16,13,1361,0.999992,25.6288,0,0.0129723,1362 1362 1302 1361 1420 1419 1418 1359 1300 1360 1301 1238 -1
GCP,adapt_p70-52877936550931_a146-25_338_map.h5,26.8763,10,596,1154,19.471220:146.250000,1193,True,11,11,1128,0.999999,20.9337,0,0.0124349,1194 1194 1195 1129 1193 1192 1126 1127 1128 1062 -1
GCP,adapt_p48-18968510422141_a11-25_222_map.h5,26.865,10,529,1121,41.810314:11.250000,1468,True,14,12,1468,0.999998,24.2392,0,0.0128075,1467 1467 1518 1414 1355 1413 1412 1468 1520 1521 1469 -1
GCP,adapt_p23-556464309101234_a157-5_559_map.h5,27.8102,10,269,746,66.443535:157.500000,1701,True,21,13,1729,0.999581,25.0354,0,0.0126196,1753 1753 1728 1699 1700 1666 1667 1701 1729 1754 1730 1702 -1
GCP,adapt_p35-659087696138755_a14-999999999999998_39_map.h5,25.8212,10,305,1470,54.340912:15.000000,1568,True,17,13,1614,0.999889,25.4508,0,0.012571,1653 1653 1615 1654 1614 1570 1523 1522 1569 1568 1613 1652 -1
GCP,adapt_p60-00000000000001_a247-49999999999997_314_map.h5,26.8272,10,383,1174,30.000000:247.500000,1335,True,18,13,1336,0.999991,25.4457,0,0.0125485,1394 1394 1393 1335 1273 1274 1336 1275 1276 1337 1395 1338 -1
GCP,adapt_p48-18968510422141_a146-25_478_map.h5,25.7462,10,286,1484,41.810314:146.250000,1488,True,30,12,1538,0.991472,23.1614,0,0.0135116,1435 1435 1489 1488 1539 1584 1538 1487 1434 1486 1537 -1
GCP,adapt_p70-52877936550931_a258-75_295_map.h5,26.8814,10,671,1034,19.471220:258.750000,1213,True,9,9,1213,0.999999,16.1761,0,0.0123561,1275 1275 1213 1214 1277 1276 1212 1274 -1
GCP,adapt_p48-18968510422141_a348-74999999999994_372_map.h5,26.841,10,446,1109,41.810314:348.750000,1517,True,15,13,1517,0.999994,25.5959,0,0.0128289,1565 1565 1564 1515 1463 1464 1465 1466 1518 1517 1516 1566 -1
GCP,adapt_p70-52877936550931_a281-24999999999994_22_map.h5,28.7872,10,152,384,19.471220:281.250000,1217,True,24,14,1218,0.999637,28.3059,0,0.0125991,1220 1220 1282 1343 1283 1219 1154 1218 1153 1152 1217 1280 1281 -1
GCP,adapt_p60-00000000000001_a67-5_35_map.h5,26.8644,10,504,1122,30.000000:67.500000,1305,True,11,11,1364,0.999999,20.3169,0,0.0124278,1365 1365 1306 1305 1364 1304 1363 1421 1422 1423 -1
GCP,adapt_p48-18968510422141_a303-75_178_map.h5,27.6946,10,239,732,41.810314:303.750000,1510,True,34,13,1458,0.99469,27.1026,0,0.0132005,1509 1510 1458 1457 1401 1402 1459 1511 1512 1560 1559 1509 -1
GCP,adapt_p48-18968510422141_a303-75_379_map.h5,26.5939,10,208,1134,41.810314:303.750000,1510,True,50,12,1461,0.908781,24.1655,0,0.012931,1508 1456 1457 1509 1510 1459 1511 1512 1460 1461 1405 -1
GCP,adapt_p80-40593177313954_a90-0_197_map.h5,27.8652,10,321,743,9.594069:90.000000,1051,True,14,13,1052,0.999999,26.014,0,0.0125996,1117 1117 1050 1116 983 984 1051 1118 1052 985 1053 1119 -1
GCP,adapt_p80-40593177313954_a67-5_15_map.h5,26.8342,10,492,1099,9.594069:67.500000,1047,True,18,13,1048,0.999981,26.1661,0,0.0125967,980 980 1046 1112 1113 1047 979 1048 1114 1115 1049 981 -1
GCP,adapt_p60-00000000000001_a224-99999999999997_522_map.h5,25.7181,10,349,1484,30.000000:225.000000,1331,True,34,13,1271,0.996999,25.6441,0,0.0137233,1392 1392 1391 1334 1272 1271 1333 1332 1270 1269 1331 1330 -1
GCP,adapt_p48-18968510422141_a101-24999999999999_419_map.h5,25.6316,10,86,750,41.810314:101.250000,1481,False,367,8,1504,0.783186,25.1514,0,0.026098,904 1453 1505 1452 1504 1503 1451 -1
GCP,adapt_p70-52877936550931_a348-74999999999994_56_map.h5,26.8689,10,450,1095,19.471220:348.750000,1229,True,14,13,1291,0.999998,26.6614,0,0.0129178,1292 1292 1165 1230 1164 1163 1228 1229 1291 1352 1290 1227 -1
GCP,adapt_p80-40593177313954_a292-5_431_map.h5,25.841,10,430,1454,9.594069:292.500000,1088,True,16,13,1088,0.999988,25.3976,0,0.0127317,1089 1089 1022 1021 1020 1088 1154 1153 1087 1019 1086 1018 -1
GCP,adapt_p60-00000000000001_a224-99999999999997_401_map.h5,27.8812,10,759,722,30.000000:225.000000,1331,True,10,10,1331,0.999999,17.8046,0,0.0126277,1330 1330 1268 1269 1331 1389 1390 1332 1270 -1
GCP,adapt_p70-52877936550931_a303-75_130_map.h5,26.7952,10,557,1115,19.471220:303.750000,1221,True,13,13,1221,0.999999,25.1247,0,0.0125808,1283 1283 1284 1222 1157 1156 1221 1220 1155 1154 1219 1282 -1
GCP,adapt_p60-00000000000001_a337-49999999999994_105_map.h5,28.4397,10,123,379,30.000000:337.500000,1350,False,79,13,1097,0.973779,27.3266,0,0.0130907,1160 1161 1095 1029 1096 1162 1163 1097 1030 1098 1164 1099 -1
GCP,adapt_p70-52877936550931_a56-24999999999999_80_map.h5,26.7858,10,413,1127,19.471220:56.250000,1177,True,22,13,1177,0.999177,26.0586,0,0.0130135,1109 1109 1110 1111 1178 1177 1240 1239 1176 1108 1174 1175 -1
GCP,adapt_p35-659087696138755_a135-0_367_map.h5,26.8305,10,437,1161,54.340912:135.000000,1583,True,18,12,1626,0.99991,23.0152,0,0.0132615,1665 1665 1628 1585 1584 1627 1664 1626 1583 1625 1582 -1
GCP,adapt_p70-52877936550931_a101-24999999999999_388_map.h5,27.8662,10,443,695,19.471220:101.250000,1185,True,12,12,1185,0.999999,22.6847,0,0.0125425,1248 1248 1247 1184 1118 1119 1185 1249 1186 1120 1121 -1
GCP,adapt_p35-659087696138755_a255-00000000000003_344_map.h5,27.8845,10,716,773,54.340912:255.000000,1598,True,7,7,1598,0.999999,10.739,0,0.0122781,1639 1639 1640 1599 1598 1597 -1
GCP,adapt_p60-00000000000001_a135-0_502_map.h5,26.8693,10,531,1063,30.000000:135.000000,1316,True,12,12,1316,0.999999,23.4392,0,0.0126018,1317 1317 1254 1255 1376 1375 1316 1374 1315 1253 1252 -1
GCP,adapt_p60-00000000000001_a0-0_503_map.h5,26.8592,10,483,1066,30.000000:0.000000,1294,True,13,13,1411,0.999998,26.3381,0,0.0125985,1294 1294 1410 1466 1412 1354 1411 1352 1292 1353 1293 1231 -1
GCP,adapt_p70-52877936550931_a123-74999999999999_158_map.h5,26.8679,10,486,1134,19.471220:123.750000,1189,True,13,13,1189,0.999999,25.4138,0,0.0128517,1252 1252 1251 1187 1122 1188 1189 1123 1124 1190 1253 1254 -1
GCP,adapt_p48-18968510422141_a213-75_595_map.h5,27.8803,10,330,731,41.810314:213.750000,1497,True,11,11,1498,0.999999,20.1533,0,0.012478,1446 1446 1445 1444 1497 1547 1548 1498 1499 1549 -1
GCP,adapt_p48-18968510422141_a326-24999999999994_278_map.h5,27.8303,10,358,742,41.810314:326.250000,1514,True,20,13,1562,0.999848,27.2121,0,0.0125295,1606 1607 1564 1515 1462 1514 1563 1606 1562 1561 1513 1461 -1
GCP,adapt_p60-00000000000001_a202-49999999999997_351_map.h5,26.8352,10,462,1102,30.000000:202.500000,1328,True,17,13,1328,0.99998,26.2722,0,0.0125712,1385 1385 1326 1327 1443 1444 1387 1388 1329 1386 1328 1266 -1
GCP,adapt_p48-18968510422141_a146-25_327_map.h5,25.837,10,395,1405,41.810314:146.250000,1488,True,19,13,1435,0.99996,25.484,0,0.0128266,1434 1434 1378 1377 1435 1436 1489 1540 1539 1488 1487 1538 -1
GCP,adapt_p48-18968510422141_a101-24999999999999_334_map.h5,26.8734,10,573,1084,41.810314:101.250000,1481,True,10,10,1481,0.999999,17.9211,0,0.0123785,1428 1428 1482 1533 1532 1481 1427 1480 1426 -1
GCP,adapt_p48-18968510422141_a78-75_397_map.h5,26.8292,10,355,1153,41.810314:78.750000,1478,True,19,13,1425,0.999943,26.1072,0,0.0126024,1478 1478 1477 1424 1367 1368 1426 1427 1425 1479 1480 1531 -1
GCP,adapt_p48-18968510422141_a236-25_91_map.h5,26.8677,10,458,1087,41.810314:236.250000,1501,True,13,13,1449,0.999999,25.6484,0,0.0130459,1502 1502 1450 1393 1392 1391 1448 1501 1551 1550 1500 1449 -1
GCP,adapt_p60-00000000000001_a135-0_16_map.h5,26.8716,10,518,1154,30.000000:135.000000,1316,True,11,11,1317,0.999999,20.353,0,0.0131928,1255 1255 1256 1318 1377 1376 1317 1375 1316 1254 -1
GCP,adapt_p70-52877936550931_a146-25_211_map.h5,28.5679,10,154,391,19.471220:146.250000,1193,True,59,13,1255,0.970523,26.7324,0,0.0128307,1257 1256 1255 1254 1253 1190 1125 1191 1192 1126 1127 1193 -1
GCP,adapt_p23-556464309101234_a292-5_553_map.h5,27.8548,10,279,752,66.443535:292.500000,1712,True,13,13,1712,0.999999,25.5302,0,0.0129851,1739 1739 1711 1738 1712 1679 1680 1681 1713 1740 1714 1682 -1
GCP,adapt_p80-40593177313954_a292-5_113_map.h5,26.8504,10,564,1098,9.594069:292.500000,1088,True,15,13,1089,0.999997,25.3902,0,0.0124129,1090 1090 1091 1156 1155 1089 1022 1021 1088 1154 1153 1087 -1
GCP,adapt_p23-556464309101234_a292-5_275_map.h5,26.8777,10,486,1136,66.443535:292.500000,1712,True,10,10,1712,0.999999,18.3682,0,0.013106,1713 1713 1712 1679 1680 1681 1739 1738 1711 -1
GCP,adapt_p23-556464309101234_a112-5_314_map.h5,26.817,10,195,1147,66.443535:112.500000,1697,False,21,13,1724,0.999965,24.8748,0,0.0128224,1694 1694 1659 1695 1696 1725 1726 1751 1750 1749 1724 1723 -1
GCP,adapt_p23-556464309101234_a112-5_545_map.h5,26.8568,10,378,1130,66.443535:112.500000,1697,True,15,13,1662,0.999997,26.7441,0,0.0129298,1696 1661 1623 1624 1662 1696 1697 1726 1698 1663 1625 1664 -1
GCP,adapt_p48-18968510422141_a123-74999999999999_129_map.h5,28.194,10,100,370,41.810314:123.750000,1484,True,117,13,1485,0.82664,28.1583,0,0.0138698,1627 1537 1486 1433 1536 1484 1483 1429 1430 1431 1485 1432 -1
GCP,adapt_p35-659087696138755_a224-99999999999997_6_map.h5,26.869,10,558,1129,54.340912:225.000000,1594,True,12,12,1595,0.999999,23.4068,0,0.0127861,1636 1636 1593 1637 1638 1596 1551 1550 1595 1594 1549 -1
GCP,adapt_p70-52877936550931_a146-25_397_map.h5,26.8318,10,489,1067,19.471220:146.250000,1193,True,17,13,1194,0.999998,25.5803,0,0.0130437,1195 1195 1130 1129 1128 1194 1258 1257 1256 1193 1127 1192 -1
GCP,adapt_p80-40593177313954_a180-0_336_map.h5,25.6389,10,138,1150,9.594069:180.000000,1067,False,191,9,1010,0.841796,25.2595,0,0.0157443,1198 1131 1130 1010 1078 1011 1079 1012 -1
GCP,adapt_p60-00000000000001_a180-0_543_map.h5,27.65,10,170,711,30.000000:180.000000,1324,True,45,13,1383,0.983613,27.15,0,0.0127569,1326 1325 1324 1382 1439 1384 1383 1440 1493 1494 1441 1442 -1
GCP,adapt_p48-18968510422141_a191-25_359_map.h5,26.8396,10,539,1124,41.810314:191.250000,1494,True,16,13,1494,0.999995,25.0261,0,0.0132029,1440 1440 1493 1543 1544 1494 1441 1442 1443 1496 1495 1545 -1
GCP,adapt_p80-40593177313954_a157-5_524_map.h5,26.4117,10,154,1157,9.594069:157.500000,1063,False,77,12,1326,0.958927,24.8771,0,0.013105,1386 1327 1265 1266 1385 1326 1264 1263 1325 1383 1384 -1
GCP,adapt_p23-556464309101234_a67-5_357_map.h5,27.7509,10,227,764,66.443535:67.500000,1693,True,33,13,1692,0.994492,26.7911,0,0.0128724,1655 1656 1692 1691 1720 1721 1722 1693 1657 1618 1617 1655 -1
GCP,adapt_p60-00000000000001_a90-0_378_map.h5,27.7171,10,196,784,30.000000:90.000000,1309,True,35,14,1368,0.999158,27.4519,0,0.0127978,1425 1425 1367 1308 1246 1309 1368 1426 1369 1310 1247 1248 1311 -1
GCP,adapt_p60-00000000000001_a45-0_410_map.h5,28.8921,10,510,376,30.000000:45.000000,1301,True,11,11,1301,0.999999,20.0755,0,0.0127291,1361 1361 1302 1239 1238 1301 1360 1359 1300 1237 -1
GCP,adapt_p70-52877936550931_a281-24999999999994_390_map.h5,26.67,10,140,1119,19.471220:281.250000,1217,False,43,13,1082,0.989022,26.6159,0,0.0127937,1212 1213 1214 1149 1083 1015 1014 1082 1148 1147 1081 1013 -1
GCP,adapt_p48-18968510422141_a326-24999999999994_135_map.h5,26.86,10,415,1092,41.810314:326.250000,1514,True,13,13,1462,0.999999,25.841,0,0.0127789,1513 1513 1563 1562 1514 1564 1515 1463 1407 1406 1462 1461 -1
GCP,adapt_p35-659087696138755_a105-0_99_map.h5,25.5926,10,204,1423,54.340912:105.000000,1579,True,55,12,1581,0.967777,23.9234,0,0.0131732,1695 1660 1622 1579 1580 1534 1535 1581 1624 1623 1661 -1
GCP,adapt_p35-659087696138755_a14-999999999999998_238_map.h5,26.8443,10,415,1085,54.340912:15.000000,1568,True,16,13,1569,0.999996,25.9282,0,0.0125311,1613 1613 1570 1523 1614 1569 1522 1470 1469 1521 1568 1612 -1
GCP,adapt_p80-40593177313954_a247-49999999999997_579_map.h5,28.4758,10,122,380,9.594069:247.500000,1080,True,73,13,1081,0.784474,27.5239,0,0.0129959,1150 1151 1086 1085 1083 1015 1082 1014 1081 1147 1146 1080 -1
GCP,adapt_p80-40593177313954_a202-49999999999997_264_map.h5,26.8176,10,506,1072,9.594069:202.500000,1072,True,21,13,1071,0.999972,25.7321,0,0.0131604,1069 1069 1134 1068 1135 1070 1136 1137 1071 1004 1072 1138 -1
GCP,adapt_p48-18968510422141_a236-25_62_map.h5,25.7846,10,284,1537,41.810314:236.250000,1501,True,28,13,1500,0.999773,25.4245,0,0.01317,1549 1549 1550 1501 1449 1448 1391 1390 1447 1500 1499 1446 -1
GCP,adapt_p60-00000000000001_a67-5_301_map.h5,27.7925,10,358,760,30.000000:67.500000,1305,True,22,13,1305,0.999416,26.8822,0,0.0132762,1365 1306 1243 1242 1305 1365 1422 1364 1363 1304 1241 1303 -1
GCP,adapt_p80-40593177313954_a247-49999999999997_48_map.h5,27.8674,10,368,747,9.594069:247.500000,1080,True,14,13,1147,0.999999,25.8946,0,0.0133862,1080 1080 1145 1079 1013 1081 1082 1148 1147 1212 1146 1211 -1
GCP,adapt_p48-18968510422141_a326-24999999999994_367_map.h5,26.8751,10,597,1152,41.810314:326.250000,1514,True,10,10,1513,0.999999,18.1674,0,0.0126315,1562 1562 1512 1561 1513 1461 1462 1514 1563 -1
GCP,adapt_p70-52877936550931_a236-25_289_map.h5,27.8774,10,710,775,19.471220:236.250000,1209,True,11,11,1209,0.999999,20.8537,0,0.0134246,1208 1208 1209 1272 1271 1207 1142 1143 1144 1210 -1
GCP,adapt_p70-52877936550931_a213-75_66_map.h5,26.8419,10,469,1147,19.471220:213.750000,1205,True,16,13,1269,0.999997,25.3373,0,0.012932,1267 1267 1204 1205 1140 1141 1206 1268 1330 1269 1270 1207 -1
GCP,adapt_p60-00000000000001_a0-0_140_map.h5,25.8591,10,519,1342,30.000000:0.000000,1294,True,13,12,1295,0.999997,23.4823,0,0.0126683,1354 1354 1353 1411 1294 1293 1231 1295 1355 1296 1232 -1
GCP,adapt_p11-715852394892384_a225-0_200_map.h5,26.872,10,536,1116,78.284149:225.000000,1774,True,11,11,1774,0.999999,20.3645,0,0.012797,1775 1775 1758 1788 1787 1774 1773 1755 1756 1757 -1
GCP,adapt_p48-18968510422141_a213-75_246_map.h5,25.8109,10,488,1442,41.810314:213.750000,1497,True,18,12,1498,0.999952,23.3697,0,0.0129068,1499 1499 1549 1498 1445 1446 1548 1547 1497 1444 1443 -1
GCP,adapt_p70-52877936550931_a101-24999999999999_389_map.h5,26.8853,10,471,1066,19.471220:101.250000,1185,True,12,12,1185,0.999999,23.0108,0,0.0124838,1119 1119 1118 1183 1247 1184 1185 1248 1249 1186 1120 -1
GCP,adapt_p23-556464309101234_a112-5_467_map.h5,28.8824,10,463,339,66.443535:112.500000,1697,True,12,12,1697,0.999999,22.584,0,0.0124255,1662 1662 1661 1696 1725 1697 1726 1727 1698 1663 1664 -1
GCP,adapt_p48-18968510422141_a191-25_580_map.h5,27.8523,10,331,765,41.810314:191.250000,1494,True,17,13,1494,0.999986,25.0763,0,0.0125053,1495 1495 1442 1441 1494 1545 1590 1589 1544 1543 1493 1440 -1
GCP,adapt_p80-40593177313954_a337-49999999999994_560_map.h5,27.8722,10,680,734,9.594069:337.500000,1097,True,13,13,1096,0.999998,26.3848,0,0.012557,1162 1162 1098 1030 1097 1163 1096 1029 1028 1027 1095 1161 -1
GCP,adapt_p48-18968510422141_a191-25_25_map.h5,26.666,10,98,1192,41.810314:191.250000,1494,False,41,13,1385,0.996346,25.6776,0,0.0128095,1264 1264 1326 1325 1383 1441 1384 1327 1385 1442 1443 1386 -1
GCP,adapt_p60-00000000000001_a180-0_223_map.h5,27.8713,10,483,793,30.000000:180.000000,1324,True,11,11,1324,0.999998,20.4589,0,0.0124409,1382 1382 1381 1323 1324 1325 1326 1384 1383 1440 -1
GCP,adapt_p48-18968510422141_a258-75_30_map.h5,28.7413,10,322,390,41.810314:258.750000,1504,False,32,14,1449,0.99629,28.0375,0,0.012539,1550 1550 1500 1551 1552 1503 1451 1394 1450 1502 1501 1448 1449 -1
GCP,adapt_p70-52877936550931_a191-25_455_map.h5,26.8732,10,485,1166,19.471220:191.250000,1201,True,13,13,1136,0.999998,26.0322,0,0.0126045,1202 1202 1203 1137 1071 1070 1136 1201 1264 1069 1135 1200 -1
GCP,adapt_p35-659087696138755_a344-99999999999994_71_map.h5,25.8352,10,342,1534,54.340912:345.000000,1609,True,17,13,1650,0.999976,25.2548,0,0.0126012,1649 1649 1608 1609 1566 1610 1567 1611 1650 1685 1686 1651 -1
GCP,adapt_p23-556464309101234_a202-5_185_map.h5,26.8652,10,490,1116,66.443535:202.500000,1704,True,15,13,1732,0.999997,25.526,0,0.0126048,1733 1733 1756 1755 1731 1703 1670 1704 1732 1705 1671 1706 -1
GCP,adapt_p48-18968510422141_a101-24999999999999_145_map.h5,26.8342,10,446,1212,41.810314:101.250000,1481,True,18,13,1427,0.999962,26.69,0,0.0126109,1482 1482 1532 1479 1480 1426 1427 1481 1533 1429 1428 1370 -1
GCP,adapt_p60-00000000000001_a22-5_424_map.h5,28.8754,10,343,394,30.000000:22.500000,1298,True,12,12,1297,0.999999,22.9437,0,0.0133537,1234 1234 1235 1298 1358 1357 1297 1356 1355 1296 1233 -1
GCP,adapt_p70-52877936550931_a258-75_502_map.h5,26.7761,10,187,1127,19.471220:258.750000,1213,True,26,13,1275,0.999211,25.6832,0,0.0127273,1274 1274 1336 1337 1275 1212 1211 1147 1148 1213 1276 1214 -1
GCP,adapt_p70-52877936550931_a78-75_356_map.h5,28.8856,10,449,424,19.471220:78.750000,1181,True,10,10,1114,0.999998,18.587,0,0.0131396,1181 1181 1114 1180 1179 1113 1048 1115 1116 -1
GCP,adapt_p70-52877936550931_a11-25_10_map.h5,28.6041,10,87,370,19.471220:11.250000,1169,False,54,13,1300,0.983021,26.5335,0,0.0127229,1239 1238 1301 1360 1359 1300 1237 1173 1172 1235 1236 1299 -1
GCP,adapt_p35-659087696138755_a224-99999999999997_312_map.h5,26.8662,10,688,1169,54.340912:225.000000,1594,True,12,12,1594,0.999998,23.7082,0,0.0125948,1595 1595 1549 1550 1594 1593 1636 1637 1596 1638 1674 -1
GCP,adapt_p11-715852394892384_a225-0_326_map.h5,26.8564,10,456,1155,78.284149:225.000000,1774,True,14,13,1774,0.999998,24.8298,0,0.0124136,1758 1758 1759 1776 1775 1788 1787 1773 1755 1774 1757 1756 -1
GCP,adapt_p48-18968510422141_a281-24999999999994_246_map.h5,25.8396,10,330,1462,41.810314:281.250000,1507,True,18,12,1507,0.999922,22.6663,0,0.013256,1557 1557 1508 1507 1455 1454 1506 1556 1555 1505 1453 -1
GCP,adapt_p80-40593177313954_a157-5_550_map.h5,26.8371,10,409,1097,9.594069:157.500000,1063,True,16,13,1063,0.999967,26.0777,0,0.0126841,1062 1062 1129 1195 1128 1063 995 996 1064 1130 1131 1065 -1
GCP,adapt_p80-40593177313954_a270-0_315_map.h5,25.8031,10,355,1488,9.594069:270.000000,1084,True,24,13,1149,0.999614,25.0001,0,0.0126681,1215 1215 1214 1277 1276 1213 1148 1082 1083 1149 1150 1084 -1
GCP,adapt_p80-40593177313954_a247-49999999999997_381_map.h5,26.8721,10,533,1092,9.594069:247.500000,1080,True,13,13,1080,0.999998,26.1094,0,0.0126491,1081 1081 1012 1013 1080 1147 1146 1145 1079 1011 1078 1144 -1
GCP,adapt_p23-556464309101234_a247-49999999999997_590_map.h5,27.8972,10,720,762,66.443535:247.500000,1708,True,8,8,1708,1,13.3967,0,0.0125788,1709 1709 1735 1736 1708 1675 1676 -1
GCP,adapt_p48-18968510422141_a326-24999999999994_11_map.h5,26.8877,10,669,1067,41.810314:326.250000,1514,True,10,10,1513,0.999999,17.7757,0,0.0130348,1462 1462 1461 1460 1512 1561 1562 1513 1514 -1
GCP,adapt_p23-556464309101234_a112-5_527_map.h5,26.5741,10,117,1194,66.443535:112.500000,1697,True,58,13,1697,0.994144,26.2392,0,0.0136775,1752 1727 1699 1698 1663 1625 1624 1662 1661 1696 1697 1726 -1
GCP,adapt_p60-00000000000001_a337-49999999999994_52_map.h5,27.7424,10,250,761,30.000000:337.500000,1350,True,32,14,1349,0.998963,27.5033,0,0.0124466,1226 1226 1225 1224 1287 1348 1406 1407 1349 1288 1289 1350 1408 -1
GCP,adapt_p70-52877936550931_a191-25_466_map.h5,26.8683,10,527,1145,19.471220:191.250000,1201,True,13,13,1136,0.999998,25.0725,0,0.0124942,1202 1202 1203 1138 1072 1071 1137 1136 1070 1069 1135 1201 -1
GCP,adapt_p60-00000000000001_a112-49999999999999_372_map.h5,26.8589,10,400,1122,30.000000:112.500000,1313,True,15,13,1312,0.999998,25.7182,0,0.012857,1311 1311 1248 1186 1187 1251 1313 1250 1249 1312 1371 1370 -1
GCP,adapt_p80-40593177313954_a247-49999999999997_235_map.h5,26.7771,10,454,1056,9.594069:247.500000,1080,True,26,13,1082,0.999505,25.8124,0,0.0137181,1083 1083 1015 1014 1082 1013 1081 1147 1146 1080 1012 1079 -1
GCP,adapt_p11-715852394892384_a225-0_557_map.h5,26.8673,10,611,1081,78.284149:225.000000,1774,True,13,13,1788,0.999999,24.4113,0,0.0125367,1789 1789 1796 1795 1787 1773 1774 1788 1775 1776 1758 1757 -1
GCP,adapt_p70-52877936550931_a146-25_107_map.h5,26.734,10,231,1085,19.471220:146.250000,1193,True,32,13,1126,0.997315,25.3092,0,0.0128098,1194 1194 1193 1192 1191 1125 1059 1126 1060 1061 1127 1128 -1
GCP,adapt_p35-659087696138755_a285-0_345_map.h5,28.2311,10,104,369,54.340912:285.000000,1601,True,112,13,1557,0.871789,26.5712,0,0.0137441,1506 1556 1557 1601 1643 1644 1645 1604 1603 1602 1558 1509 -1
GCP,adapt_p48-18968510422141_a78-75_520_map.h5,27.9037,10,677,731,41.810314:78.750000,1478,True,6,6,1425,0.999999,8.23899,0,0.013125,1424 1424 1425 1479 1478 -1
GCP,adapt_p60-00000000000001_a0-0_91_map.h5,25.845,10,498,1431,30.000000:0.000000,1294,True,14,13,1410,0.999998,25.847,0,0.0128177,1352 1352 1409 1465 1466 1410 1411 1412 1354 1353 1293 1294 -1
GCP,adapt_p80-40593177313954_a22-5_294_map.h5,28.7749,10,212,359,9.594069:22.500000,1038,True,28,14,1037,0.999272,27.8846,0,0.0129564,1105 1105 1039 971 1038 1104 1103 1037 970 969 1036 968 1035 -1
GCP,adapt_p60-00000000000001_a0-0_64_map.h5,26.8915,10,714,1046,30.000000:0.000000,1294,True,8,8,1293,0.999999,13.6694,0,0.0123199,1294 1294 1292 1353 1293 1231 1295 -1
GCP,adapt_p35-659087696138755_a255-00000000000003_560_map.h5,26.8583,10,348,1168,54.340912:255.000000,1598,True,15,13,1640,0.999998,25.1112,0,0.0125281,1641 1641 1678 1677 1640 1599 1598 1597 1639 1676 1675 1638 -1
GCP,adapt_p70-52877936550931_a213-75_431_map.h5,27.8197,10,284,756,19.471220:213.750000,1205,True,21,13,1140,0.999766,25.5411,0,0.0130629,1204 1204 1267 1268 1205 1139 1073 1074 1140 1269 1206 1141 -1
GCP,adapt_p80-40593177313954_a270-0_359_map.h5,25.8231,10,290,1489,9.594069:270.000000,1084,True,20,12,1083,0.999855,23.5631,0,0.0126834,1149 1149 1150 1148 1082 1015 1083 1016 1084 1017 1085 -1
GCP,adapt_p70-52877936550931_a33-75_168_map.h5,26.8603,10,484,1101,19.471220:33.750000,1173,True,13,12,1173,0.999997,23.411,0,0.0124857,1174 1174 1175 1238 1173 1172 1235 1299 1236 1237 1300 -1
GCP,adapt_p35-659087696138755_a135-0_101_map.h5,26.8626,10,439,1131,54.340912:135.000000,1583,True,13,13,1583,0.999999,25.5006,0,0.0131613,1627 1627 1628 1585 1626 1625 1582 1536 1537 1583 1584 1538 -1
GCP,adapt_p35-659087696138755_a344-99999999999994_491_map.h5,27.8965,10,737,718,54.340912:345.000000,1609,True,6,6,1609,0.999999,8.25006,0,0.0122882,1608 1608 1609 1650 1649 -1
GCP,adapt_p11-715852394892384_a135-0_91_map.h5,26.2708,10,126,1152,78.284149:135.000000,1770,False,113,9,1111,0.813431,24.4871,0,0.0138097,1729 1177 1112 1045 1111 1110 1176 1175 -1
GCP,adapt_p48-18968510422141_a101-24999999999999_77_map.h5,26.8403,10,468,1209,41.810314:101.250000,1481,True,16,13,1428,0.999993,25.5303,0,0.0125081,1427 1427 1480 1532 1533 1481 1428 1482 1534 1483 1429 1371 -1
GCP,adapt_p70-52877936550931_a11-25_83_map.h5,27.8719,10,671,744,19.471220:11.250000,1169,True,12,12,1169,0.999998,23.9148,0,0.0138464,1232 1232 1231 1168 1233 1170 1169 1103 1102 1167 1101 -1
GCP,adapt_p70-52877936550931_a348-74999999999994_5_map.h5,28.6962,10,207,343,19.471220:348.750000,1229,False,38,14,1096,0.982469,28.2944,0,0.0126239,1228 1228 1164 1098 1097 1096 1163 1162 1227 1226 1161 1095 1094 -1
GCP,adapt_p80-40593177313954_a67-5_184_map.h5,25.815,10,369,1415,9.594069:67.500000,1047,True,18,12,1047,0.999503,23.3214,0,0.0127648,1046 1046 980 979 1047 1113 1114 1048 981 1049 1115 -1
GCP,adapt_p48-18968510422141_a11-25_156_map.h5,26.8887,10,787,1075,41.810314:11.250000,1468,True,10,10,1468,0.999998,19.9348,0,0.0130641,1414 1468 1467 1412 1413 1520 1521 1469 1414 -1
GCP,adapt_p80-40593177313954_a247-49999999999997_47_map.h5,26.1648,10,191,1094,9.594069:247.500000,1080,False,116,10,1446,0.766899,25.0655,0,0.0137164,1078 1082 1083 1084 1149 1390 1389 1446 1445 -1
GCP,adapt_p23-556464309101234_a247-49999999999997_492_map.h5,26.6821,10,213,1167,66.443535:247.500000,1708,True,37,13,1676,0.994762,25.1353,0,0.0127427,1674 1674 1675 1708 1709 1710 1678 1641 1640 1677 1676 1639 -1
GCP,adapt_p48-18968510422141_a191-25_105_map.h5,26.8532,10,436,1094,41.810314:191.250000,1494,True,16,13,1441,0.999988,26.8574,0,0.0125494,1442 1495 1545 1544 1543 1492 1440 1493 1494 1441 1384 1442 -1
GCP,adapt_p23-556464309101234_a337-5_65_map.h5,27.8912,10,733,761,66.443535:337.500000,1716,True,10,10,1716,0.999999,18.1319,0,0.0125729,1742 1742 1715 1741 1716 1684 1685 1717 1743 -1
GCP,adapt_p80-40593177313954_a292-5_383_map.h5,26.8792,10,633,1090,9.594069:292.500000,1088,True,10,10,1088,0.999999,19.4988,0,0.0135201,1154 1155 1089 1021 1020 1087 1153 1088 1154 -1
GCP,adapt_p60-00000000000001_a337-49999999999994_48_map.h5,24.58,10,191,1857,30.000000:337.500000,1350,False,48,11,1293,0.942042,22.5053,0,0.0127868,1351 1352 1292 1229 1230 1353 1294 1231 1293 1167 -1
GCP,adapt_p60-00000000000001_a135-0_329_map.h5,26.8443,10,317,1194,30.000000:135.000000,1316,True,16,12,1316,0.999991,24.6196,0,0.0124867,1376 1317 1254 1316 1376 1375 1432 1374 1315 1253 1252 -1
GCP,adapt_p60-00000000000001_a337-49999999999994_361_map.h5,26.8752,10,468,1138,30.000000:337.500000,1350,True,12,12,1350,0.999999,23.2381,0,0.0125742,1408 1408 1349 1407 1350 1289 1290 1351 1409 1352 1291 -1
GCP,adapt_p23-556464309101234_a292-5_344_map.h5,28.748,10,147,362,66.443535:292.500000,1712,True,33,14,1643,0.998606,27.6723,0,0.0128552,1600 1600 1601 1602 1603 1644 1681 1680 1712 1679 1643 1642 1641 -1
GCP,adapt_p70-52877936550931_a326-24999999999994_14_map.h5,26.8399,10,445,1137,19.471220:326.250000,1225,True,13,13,1225,0.999998,26.2327,0,0.0128564,1224 1224 1286 1287 1160 1159 1225 1288 1289 1226 1161 1162 -1
GCP,adapt_p35-659087696138755_a135-0_514_map.h5,26.8593,10,484,1078,54.340912:135.000000,1583,True,13,13,1583,0.999998,25.4785,0,0.0124411,1537 1537 1584 1627 1585 1539 1538 1583 1626 1625 1582 1536 -1
GCP,adapt_p70-52877936550931_a213-75_418_map.h5,26.604,10,158,1093,19.471220:213.750000,1205,True,50,13,1328,0.97661,25.5031,0,0.0127719,1203 1203 1265 1327 1328 1266 1204 1267 1329 1268 1205 1206 -1
GCP,adapt_p80-40593177313954_a180-0_222_map.h5,28.7375,10,168,390,9.594069:180.000000,1067,True,31,14,1065,0.994864,27.7645,0,0.0133353,1067 1067 1000 932 999 998 1066 1132 1131 1065 997 1064 1130 -1
GCP,adapt_p11-715852394892384_a45-0_289_map.h5,26.789,10,193,1111,78.284149:45.000000,1766,True,26,13,1746,0.999424,25.6139,0,0.0128034,1719 1719 1718 1744 1765 1766 1767 1745 1746 1720 1747 1721 -1
GCP,adapt_p35-659087696138755_a315-0_107_map.h5,26.8497,10,486,1100,54.340912:315.000000,1605,True,15,13,1605,0.999998,25.6378,0,0.0130379,1645 1645 1646 1605 1561 1560 1604 1603 1681 1682 1647 1606 -1
GCP,adapt_p23-556464309101234_a337-5_30_map.h5,26.869,10,499,1099,66.443535:337.500000,1716,True,12,12,1742,0.999999,23.5228,0,0.0127344,1764 1764 1718 1687 1717 1743 1744 1763 1741 1742 1716 -1
GCP,adapt_p23-556464309101234_a202-5_291_map.h5,26.8739,10,441,1110,66.443535:202.500000,1704,True,13,13,1704,0.999999,24.9847,0,0.0128607,1731 1731 1732 1733 1706 1672 1705 1671 1670 1704 1703 1669 -1
GCP,adapt_p23-556464309101234_a67-5_358_map.h5,28.8048,10,141,377,66.443535:67.500000,1693,True,25,14,1692,0.999869,28.1475,0,0.0129942,1657 1657 1692 1691 1656 1693 1658 1694 1723 1722 1747 1721 1720 -1
GCP,adapt_p23-556464309101234_a67-5_248_map.h5,25.8653,10,330,1457,66.443535:67.500000,1693,True,14,13,1693,0.999998,25.8646,0,0.0124926,1657 1657 1619 1658 1694 1693 1656 1692 1723 1722 1721 1691 -1
GCP,adapt_p60-00000000000001_a202-49999999999997_171_map.h5,24.5547,10,16,439,30.000000:202.500000,1328,False,696,6,1124,0.441816,22.6136,0,0.0588799,1017 1190 1124 1058 1057 -1
GCP,adapt_p48-18968510422141_a258-75_148_map.h5,25.8189,10,302,1499,41.810314:258.750000,1504,True,20,13,1452,0.999965,25.7175,0,0.012948,1454 1454 1505 1506 1453 1397 1396 1452 1451 1504 1554 1555 -1
GCP,adapt_p48-18968510422141_a123-74999999999999_492_map.h5,28.7812,10,183,404,41.810314:123.750000,1484,True,24,14,1484,0.999868,28.5353,0,0.0126323,1485 1485 1536 1535 1534 1483 1482 1429 1484 1432 1431 1430 1373 -1
GCP,adapt_p70-52877936550931_a191-25_160_map.h5,27.806,10,280,738,19.471220:191.250000,1201,True,25,13,1136,0.999068,25.3993,0,0.0128605,1203 1203 1265 1264 1263 1200 1135 1136 1201 1202 1137 1071 -1
GCP,adapt_p70-52877936550931_a258-75_436_map.h5,25.7911,10,357,1459,19.471220:258.750000,1213,True,26,13,1149,0.999474,25.1751,0,0.0137045,1214 1214 1215 1150 1151 1085 1084 1149 1083 1082 1148 1213 -1
GCP,adapt_p60-00000000000001_a45-0_145_map.h5,24.9866,10,159,1416,30.000000:45.000000,1301,True,139,11,1361,0.980604,24.8437,0,0.0147964,1368 1362 1420 1419 1361 1360 1302 1238 1301 1300 -1
GCP,adapt_p35-659087696138755_a315-0_82_map.h5,27.8673,10,411,787,54.340912:315.000000,1605,True,12,12,1605,0.999998,22.8684,0,0.0124999,1646 1646 1645 1603 1604 1560 1561 1605 1562 1606 1647 -1
GCP,adapt_p48-18968510422141_a348-74999999999994_444_map.h5,24.2881,10,90,1463,41.810314:348.750000,1517,False,254,11,1256,0.824361,22.1719,0,0.0186145,1059 1191 1192 1255 1317 1318 1319 1257 1256 1193 -1
GCP,adapt_p70-52877936550931_a191-25_270_map.h5,26.8623,10,692,1061,19.471220:191.250000,1201,True,11,11,1201,0.999999,20.8282,0,0.0124887,1136 1136 1200 1135 1201 1264 1265 1202 1137 1203 -1
GCP,adapt_p60-00000000000001_a22-5_217_map.h5,26.6621,10,149,1138,30.000000:22.500000,1298,True,41,12,1356,0.99532,24.2353,0,0.0126978,1299 1298 1357 1415 1414 1355 1296 1233 1234 1297 1356 -1
GCP,adapt_p35-659087696138755_a165-0_307_map.h5,28.8239,10,338,409,54.340912:165.000000,1587,True,19,13,1629,0.999982,27.011,0,0.0129216,1667 1701 1668 1630 1667 1666 1629 1587 1586 1585 1628 1627 -1
GCP,adapt_p80-40593177313954_a292-5_442_map.h5,26.1973,10,114,1140,9.594069:292.500000,1088,False,101,12,1010,0.937579,24.7357,0,0.0134781,1081 1145 1079 1078 1011 944 943 1010 1077 1009 942 -1
GCP,adapt_p35-659087696138755_a75-0_67_map.h5,27.8869,10,566,734,54.340912:75.000000,1576,True,9,9,1576,0.999999,15.948,0,0.0128458,1619 1619 1620 1530 1529 1576 1575 1528 -1
GCP,adapt_p35-659087696138755_a75-0_215_map.h5,27.8593,10,452,669,54.340912:75.000000,1576,True,11,11,1576,0.999998,20.632,0,0.0124553,1529 1529 1528 1575 1618 1619 1576 1530 1577 1620 -1
GCP,adapt_p48-18968510422141_a191-25_232_map.h5,25.7799,10,304,1514,41.810314:191.250000,1494,True,29,13,1494,0.997947,25.4726,0,0.0128883,1492 1492 1544 1543 1493 1440 1441 1494 1545 1495 1442 1385 -1
GCP,adapt_p80-40593177313954_a180-0_431_map.h5,26.836,10,543,1121,9.594069:180.000000,1067,True,15,13,1067,0.999997,25.9915,0,0.0127696,1066 1066 1000 999 1067 1132 1133 1134 1068 1001 1069 1135 -1
GCP,adapt_p80-40593177313954_a22-5_208_map.h5,25.2545,10,65,1454,9.594069:22.500000,1038,False,105,9,1352,0.953799,24.2783,0,0.0141656,1180 1352 1409 1410 1411 1353 1292 1293 -1
GCP,adapt_p60-00000000000001_a67-5_65_map.h5,26.8667,10,568,1136,30.000000:67.500000,1305,True,14,13,1306,0.999999,25.3899,0,0.0130787,1244 1244 1180 1181 1245 1307 1366 1365 1306 1243 1242 1305 -1
GCP,adapt_p70-52877936550931_a78-75_86_map.h5,27.8468,10,269,807,19.471220:78.750000,1181,True,18,14,1244,0.999995,27.6284,0,0.0129983,1308 1308 1246 1182 1245 1244 1181 1180 1243 1306 1365 1366 1307 -1
GCP,adapt_p48-18968510422141_a236-25_125_map.h5,27.8978,10,749,685,41.810314:236.250000,1501,True,8,8,1500,0.999999,13.0715,0,0.0130251,1501 1501 1448 1447 1500 1550 1549 -1
GCP,adapt_p70-52877936550931_a348-74999999999994_355_map.h5,25.8423,10,468,1361,19.471220:348.750000,1229,True,14,12,1229,0.999988,23.0038,0,0.0124883,1164 1164 1165 1230 1229 1228 1291 1292 1293 1167 1166 -1
GCP,adapt_p48-18968510422141_a348-74999999999994_478_map.h5,26.4998,10,171,1085,41.810314:348.750000,1517,True,71,12,1516,0.970756,25.1754,0,0.0129921,1460 1563 1514 1515 1564 1565 1566 1517 1465 1516 1464 -1
GCP,adapt_p60-00000000000001_a247-49999999999997_84_map.h5,27.8063,10,258,723,30.000000:247.500000,1335,True,21,13,1335,0.999741,25.7584,0,0.0125297,1394 1394 1393 1334 1273 1211 1274 1335 1336 1395 1337 1275 -1
GCP,adapt_p60-00000000000001_a270-0_398_map.h5,26.5138,10,161,1177,30.000000:270.000000,1339,False,66,12,1274,0.943022,24.4059,0,0.0129276,1394 1335 1273 1210 1211 1274 1336 1275 1212 1213 1214 -1
GCP,adapt_p35-659087696138755_a165-0_29_map.h5,26.8703,10,530,1117,54.340912:165.000000,1587,True,11,11,1630,0.999998,20.4591,0,0.012437,1667 1667 1666 1629 1586 1587 1630 1588 1631 1668 -1
GCP,adapt_p70-52877936550931_a213-75_253_map.h5,28.489,10,141,383,19.471220:213.750000,1205,True,67,13,1205,0.860561,27.5932,0,0.0138098,1200 1136 1201 1202 1203 1204 1205 1268 1330 1206 1269 1331 -1
GCP,adapt_p70-52877936550931_a326-24999999999994_181_map.h5,26.3361,10,163,1084,19.471220:326.250000,1225,True,93,12,1227,0.816948,24.8773,0,0.013668,1292 1229 1230 1164 1228 1163 1162 1227 1289 1226 1225 -1
GCP,adapt_p60-00000000000001_a202-49999999999997_177_map.h5,27.8802,10,738,759,30.000000:202.500000,1328,True,11,11,1328,0.999999,21.1893,0,0.0125843,1387 1387 1330 1268 1388 1329 1267 1266 1328 1386 -1
GCP,adapt_p11-715852394892384_a225-0_53_map.h5,25.5516,10,68,733,78.284149:225.000000,1774,False,394,10,1488,0.410094,24.4173,0,0.0280471,1787 1705 1706 1672 1539 1488 1435 1489 1436 -1
GCP,adapt_p80-40593177313954_a112-49999999999999_337_map.h5,26.8162,10,472,1112,9.594069:112.500000,1055,True,18,13,1122,0.999931,25.4278,0,0.0126006,1054 1054 1055 1056 1123 1189 1188 1122 1187 1121 1120 1186 -1
GCP,adapt_p80-40593177313954_a315-0_499_map.h5,24.2885,10,181,1855,9.594069:315.000000,1093,True,98,11,1160,0.962828,21.9701,0,0.0132853,1162 1096 1095 1161 1225 1160 1094 1159 1093 1092 -1
GCP,adapt_p60-00000000000001_a45-0_226_map.h5,27.7447,10,234,756,30.000000:45.000000,1301,True,30,14,1301,0.999261,27.7168,0,0.0129985,1240 1240 1239 1175 1238 1237 1300 1359 1360 1301 1361 1302 1303 -1
GCP,adapt_p48-18968510422141_a146-25_39_map.h5,27.8954,10,709,769,41.810314:146.250000,1488,True,9,9,1488,0.999999,15.439,0,0.0123521,1434 1434 1487 1538 1539 1488 1435 1489 -1
GCP,adapt_p60-00000000000001_a224-99999999999997_251_map.h5,26.5699,10,184,1138,30.000000:225.000000,1331,False,59,13,1447,0.970759,26.5319,0,0.0129251,1594 1549 1499 1446 1447 1391 1392 1449 1448 1501 1500 1550 -1
GCP,adapt_p23-556464309101234_a202-5_356_map.h5,26.8674,10,471,1105,66.443535:202.500000,1704,True,11,11,1732,0.999999,20.1821,0,0.0123803,1733 1733 1705 1704 1703 1731 1755 1732 1756 1757 -1
GCP,adapt_p80-40593177313954_a157-5_381_map.h5,28.605,10,156,357,9.594069:157.500000,1063,True,55,14,997,0.990274,27.8379,0,0.012808,1066 1066 998 931 930 997 1065 1130 1064 996 1063 1129 1194 -1
GCP,adapt_p80-40593177313954_a180-0_427_map.h5,24.7739,10,97,1166,9.594069:180.000000,1067,False,333,8,1135,0.674105,23.8376,0,0.022679,915 1134 1200 1135 1136 1201 1264 -1
GCP,adapt_p60-00000000000001_a112-49999999999999_28_map.h5,26.8679,10,640,1108,30.000000:112.500000,1313,True,12,12,1312,0.999999,22.9448,0,0.0128864,1249 1249 1248 1310 1311 1370 1312 1371 1372 1313 1250 -1
GCP,adapt_p48-18968510422141_a78-75_255_map.h5,26.8618,10,482,1160,41.810314:78.750000,1478,True,14,13,1478,0.999997,24.9963,0,0.0130698,1479 1479 1425 1424 1478 1530 1531 1577 1576 1529 1477 1423 -1
GCP,adapt_p48-18968510422141_a213-75_208_map.h5,26.8673,10,528,1125,41.810314:213.750000,1497,False,12,12,1388,0.999999,23.3668,0,0.0124876,1444 1444 1498 1446 1389 1445 1388 1330 1329 1387 1443 -1
GCP,adapt_p60-00000000000001_a337-49999999999994_299_map.h5,26.8614,10,459,1182,30.000000:337.500000,1350,True,13,13,1350,0.999999,25.3235,0,0.0123913,1290 1290 1289 1288 1349 1407 1408 1350 1351 1291 1352 1409 -1
GCP,adapt_p35-659087696138755_a255-00000000000003_138_map.h5,27.8751,10,513,726,54.340912:255.000000,1598,True,12,12,1640,0.999999,22.8231,0,0.0127098,1598 1598 1597 1638 1675 1676 1639 1640 1677 1641 1599 -1
GCP,adapt_p35-659087696138755_a165-0_187_map.h5,26.477,10,107,1162,54.340912:165.000000,1587,True,77,10,1630,0.991257,24.2978,0,0.0138352,1142 1589 1588 1542 1587 1631 1630 1629 1586 -1
GCP,adapt_p35-659087696138755_a195-0_421_map.h5,25.6903,10,130,1473,54.340912:195.000000,1590,False,40,13,1592,0.990827,25.1226,0,0.012546,1671 1671 1633 1591 1634 1592 1593 1548 1549 1594 1636 1635 -1
GCP,adapt_p70-52877936550931_a33-75_0_map.h5,26.8283,10,471,1104,19.471220:33.750000,1173,True,17,13,1173,0.999994,25.9084,0,0.0135118,1172 1172 1107 1106 1173 1174 1108 1175 1238 1237 1236 1235 -1
GCP,adapt_p80-40593177313954_a292-5_176_map.h5,27.8361,10,277,745,9.594069:292.500000,1088,True,16,13,1088,0.999932,26.4056,0,0.0127201,1020 1020 1086 1152 1153 1087 1019 1021 1022 1089 1088 1154 -1
GCP,adapt_p80-40593177313954_a202-49999999999997_39_map.h5,26.8751,10,635,1124,9.594069:202.500000,1072,True,12,12,1071,0.999999,25.6297,0,0.0127281,1004 1071 1073 1005 1004 1003 1072 1138 1137 1070 1136 -1
GCP,adapt_p35-659087696138755_a344-99999999999994_92_map.h5,26.8444,10,446,1144,54.340912:345.000000,1609,True,14,13,1609,0.999997,25.5564,0,0.0124285,1650 1650 1649 1607 1564 1608 1609 1565 1516 1517 1566 1610 -1
GCP,adapt_p80-40593177313954_a135-0_259_map.h5,26.576,10,194,1075,9.594069:135.000000,1059,False,55,13,1253,0.99277,26.5042,0,0.0128,1123 1189 1188 1251 1314 1252 1315 1253 1190 1191 1254 1316 -1
GCP,adapt_p23-556464309101234_a22-5_394_map.h5,26.4819,10,142,1138,66.443535:22.500000,1689,True,70,13,1613,0.988717,26.3476,0,0.0129113,1719 1689 1653 1614 1613 1569 1568 1612 1611 1651 1652 1688 -1
GCP,adapt_p70-52877936550931_a168-74999999999997_67_map.h5,25.8225,10,393,1463,19.471220:168.750000,1197,True,18,13,1197,0.999977,25.4071,0,0.0132551,1131 1131 1130 1195 1259 1196 1197 1260 1261 1198 1132 1133 -1
GCP,adapt_p70-52877936550931_a258-75_577_map.h5,22.6601,10,74,1448,19.471220:258.750000,1213,False,393,10,1667,0.902693,21.7286,0,0.0273688,1324 1630 1668 1702 1730 1701 1667 1629 1666 -1
GCP,adapt_p48-18968510422141_a236-25_439_map.h5,26.845,10,531,1113,41.810314:236.250000,1501,True,16,13,1448,0.999996,25.7833,0,0.0128482,1447 1447 1500 1390 1332 1333 1391 1392 1393 1449 1448 1501 -1
GCP,adapt_p23-556464309101234_a112-5_183_map.h5,28.8868,10,364,337,66.443535:112.500000,1697,True,10,10,1697,0.999999,18.0626,0,0.0129388,1662 1662 1698 1663 1697 1726 1725 1696 1661 -1
GCP,adapt_p60-00000000000001_a180-0_185_map.h5,26.8299,10,369,1146,30.000000:180.000000,1324,True,18,13,1324,0.999962,25.3676,0,0.0128753,1263 1263 1264 1326 1384 1325 1262 1324 1383 1382 1323 1261 -1
GCP,adapt_p80-40593177313954_a0-0_162_map.h5,27.4084,10,136,691,9.594069:0.000000,1034,False,91,13,1169,0.907466,26.8954,0,0.0133726,1294 1231 1167 1101 1102 1168 1232 1169 1170 1234 1233 1296 -1
GCP,adapt_p80-40593177313954_a112-49999999999999_14_map.h5,26.8817,10,628,1095,9.594069:112.500000,1055,True,9,9,1055,0.999999,15.7189,0,0.0140506,1054 1054 1053 986 987 1055 988 1056 -1
GCP,adapt_p48-18968510422141_a146-25_382_map.h5,27.8603,10,433,698,41.810314:146.250000,1488,True,13,13,1487,0.999999,25.5423,0,0.0124455,1435 1435 1436 1489 1434 1433 1486 1537 1538 1487 1488 1539 -1
GCP,adapt_p70-52877936550931_a326-24999999999994_48_map.h5,28.8777,10,383,374,19.471220:326.250000,1225,True,13,13,1225,0.999999,25.7286,0,0.0130858,1224 1224 1288 1225 1160 1161 1226 1289 1349 1348 1287 1286 -1
GCP,adapt_p60-00000000000001_a157-5_158_map.h5,26.8757,10,677,1076,30.000000:157.500000,1320,True,11,11,1320,0.999999,20.9757,0,0.0130707,1321 1321 1258 1259 1320 1257 1319 1378 1379 1380 -1
GCP,adapt_p60-00000000000001_a112-49999999999999_46_map.h5,26.5287,10,207,1102,30.000000:112.500000,1313,True,62,12,1313,0.961386,26.2861,0,0.0131185,1486 1538 1584 1373 1314 1251 1250 1313 1372 1371 1312 -1
GCP,adapt_p35-659087696138755_a224-99999999999997_571_map.h5,26.871,10,785,1152,54.340912:225.000000,1594,True,10,10,1636,0.999999,17.7121,0,0.0127897,1637 1637 1674 1673 1636 1635 1593 1594 1595 -1
GCP,adapt_p60-00000000000001_a135-0_568_map.h5,26.8042,10,400,1109,30.000000:135.000000,1316,True,23,13,1374,0.999951,25.2668,0,0.012524,1431 1431 1373 1314 1315 1374 1316 1375 1376 1433 1486 1432 -1
GCP,adapt_p70-52877936550931_a168-74999999999997_351_map.h5,27.8628,10,610,736,19.471220:168.750000,1197,True,13,13,1198,0.999998,25.6751,0,0.0130297,1260 1260 1259 1196 1132 1133 1134 1199 1262 1261 1198 1197 -1
GCP,adapt_p60-00000000000001_a22-5_81_map.h5,26.8883,10,763,1139,30.000000:22.500000,1298,True,8,8,1297,0.999999,13.2021,0,0.0125111,1298 1298 1297 1296 1233 1234 1235 -1
GCP,adapt_p60-00000000000001_a224-99999999999997_241_map.h5,28.8334,10,251,355,30.000000:225.000000,1331,True,18,14,1390,0.99998,28.5917,0,0.012416,1391 1391 1332 1390 1333 1270 1331 1330 1388 1389 1446 1447 1448 -1
GCP,adapt_p35-659087696138755_a105-0_102_map.h5,27.7942,10,222,753,54.340912:105.000000,1579,True,22,14,1623,0.999795,27.5192,0,0.0126747,1696 1696 1661 1622 1579 1623 1580 1581 1624 1662 1697 1663 1625 -1
GCP,adapt_p48-18968510422141_a11-25_202_map.h5,26.8653,10,473,1134,41.810314:11.250000,1468,True,13,13,1414,0.999998,26.0908,0,0.0124403,1467 1467 1414 1356 1355 1413 1412 1468 1520 1521 1469 1415 -1
GCP,adapt_p35-659087696138755_a135-0_29_map.h5,26.8794,10,529,1165,54.340912:135.000000,1583,True,8,8,1583,0.999999,13.6465,0,0.0134305,1626 1626 1625 1582 1627 1584 1583 -1
GCP,adapt_p60-00000000000001_a90-0_330_map.h5,28.4956,10,75,372,30.000000:90.000000,1309,False,68,13,983,0.940372,27.1904,0,0.0131318,1048 1049 1050 982 915 916 983 1051 984 917 1052 985 -1
GCP,adapt_p60-00000000000001_a0-0_84_map.h5,26.7687,10,498,1154,30.000000:0.000000,1294,True,25,13,1352,0.999385,25.9127,0,0.0130442,1291 1291 1409 1408 1351 1352 1410 1411 1354 1294 1353 1292 -1
GCP,adapt_p60-00000000000001_a0-0_528_map.h5,26.7002,10,208,1103,30.000000:0.000000,1294,True,30,13,1231,0.996815,25.3874,0,0.0125592,1353 1353 1294 1293 1231 1232 1295 1296 1297 1234 1233 1170 -1
GCP,adapt_p35-659087696138755_a315-0_493_map.h5,27.8272,10,305,679,54.340912:315.000000,1605,True,19,14,1605,0.999972,27.4262,0,0.0126057,1606 1606 1562 1561 1512 1511 1560 1605 1646 1645 1604 1603 1559 -1
GCP,adapt_p70-52877936550931_a191-25_360_map.h5,25.8176,10,336,1493,19.471220:191.250000,1201,True,20,13,1201,0.999884,25.6975,0,0.0132536,1264 1264 1200 1263 1199 1134 1135 1201 1136 1137 1202 1265 -1
GCP,adapt_p70-52877936550931_a168-74999999999997_441_map.h5,26.8593,10,647,1097,19.471220:168.750000,1197,True,10,10,1197,0.999999,18.2463,0,0.0134279,1196 1196 1131 1197 1259 1260 1261 1198 1132 -1
GCP,adapt_p35-659087696138755_a195-0_490_map.h5,26.88,10,539,1096,54.340912:195.000000,1590,True,11,11,1591,0.999999,20.9886,0,0.0127951,1545 1545 1544 1546 1592 1634 1633 1591 1590 1632 -1
GCP,adapt_p23-556464309101234_a247-49999999999997_461_map.h5,25.3506,10,99,1467,66.443535:247.500000,1708,False,81,12,1678,0.905753,24.3278,0,0.0141764,1761 1738 1737 1710 1677 1711 1712 1679 1678 1642 1641 -1
GCP,adapt_p70-52877936550931_a326-24999999999994_516_map.h5,26.8042,10,560,1073,19.471220:326.250000,1225,True,18,13,1227,0.999495,25.3383,0,0.0135959,1161 1161 1160 1225 1226 1289 1290 1227 1162 1163 1228 1164 -1
GCP,adapt_p48-18968510422141_a303-75_300_map.h5,27.8887,10,731,716,41.810314:303.750000,1510,True,10,10,1510,0.999999,18.3813,0,0.0130735,1511 1511 1559 1560 1510 1509 1457 1458 1459 -1
GCP,adapt_p23-556464309101234_a157-5_210_map.h5,26.8671,10,474,1095,66.443535:157.500000,1701,True,13,13,1700,0.999999,25.3995,0,0.0127262,1728 1728 1753 1730 1729 1701 1667 1666 1665 1700 1699 1727 -1
GCP,adapt_p80-40593177313954_a315-0_361_map.h5,26.4167,10,261,1110,9.594069:315.000000,1093,False,83,11,1153,0.953213,24.2327,0,0.01314,1148 1152 1153 1087 1088 1154 1089 1155 1157 1158 -1
GCP,adapt_p35-659087696138755_a344-99999999999994_26_map.h5,27.7988,10,307,782,54.340912:345.000000,1609,True,20,13,1649,0.999928,25.452,0,0.013034,1684 1684 1647 1683 1648 1607 1608 1649 1685 1650 1609 1565 -1
GCP,adapt_p80-40593177313954_a90-0_315_map.h5,25.7703,10,426,1493,9.594069:90.000000,1051,True,25,12,1052,0.998753,23.1902,0,0.0124557,1053 1053 1119 1118 1052 984 1051 1117 983 1050 1116 -1
GCP,adapt_p48-18968510422141_a123-74999999999999_96_map.h5,27.8855,10,701,710,41.810314:123.750000,1484,True,10,10,1430,0.999998,18.6278,0,0.0132607,1484 1484 1485 1483 1429 1430 1372 1373 1431 -1
GCP,adapt_p70-52877936550931_a303-75_332_map.h5,26.854,10,669,1091,19.471220:303.750000,1221,True,15,13,1157,0.999997,26.0021,0,0.012761,1158 1158 1091 1156 1155 1220 1221 1157 1222 1285 1223 1159 -1
GCP,adapt_p60-00000000000001_a180-0_295_map.h5,26.8723,10,438,1093,30.000000:180.000000,1324,True,13,13,1383,0.999999,25.4549,0,0.012508,1439 1439 1438 1381 1323 1324 1325 1383 1382 1440 1441 1384 -1
GCP,adapt_p70-52877936550931_a146-25_116_map.h5,27.8721,10,508,744,19.471220:146.250000,1193,True,12,12,1193,0.999999,23.35,0,0.0127051,1194 1194 1258 1195 1129 1128 1127 1192 1193 1257 1256 -1
GCP,adapt_p60-00000000000001_a247-49999999999997_383_map.h5,27.8351,10,510,718,30.000000:247.500000,1335,True,16,14,1335,0.999995,27.6334,0,0.0127264,1274 1274 1273 1334 1392 1333 1391 1448 1449 1393 1335 1336 1394 -1
GCP,adapt_p70-52877936550931_a33-75_38_map.h5,26.858,10,528,1147,19.471220:33.750000,1173,True,15,13,1236,0.999997,25.8419,0,0.0127404,1235 1235 1171 1298 1299 1236 1300 1237 1174 1173 1172 1106 -1
GCP,adapt_p11-715852394892384_a225-0_257_map.h5,26.7109,10,185,1103,78.284149:225.000000,1774,True,42,13,1772,0.99658,25.7587,0,0.0128865,1756 1755 1754 1753 1752 1771 1772 1773 1774 1787 1786 1785 -1
GCP,adapt_p80-40593177313954_a292-5_218_map.h5,27.8262,10,292,788,9.594069:292.500000,1088,True,19,13,1089,0.999812,26.3337,0,0.0126399,1088 1088 1153 1154 1021 1022 1090 1091 1156 1089 1155 1220 -1
GCP,adapt_p70-52877936550931_a78-75_360_map.h5,27.7569,10,211,770,19.471220:78.750000,1181,True,28,13,1114,0.996807,26.0937,0,0.0129095,1047 1047 1048 1113 1112 1179 1180 1114 1115 1181 1244 1182 -1
GCP,adapt_p70-52877936550931_a236-25_75_map.h5,26.8821,10,643,1061,19.471220:236.250000,1209,True,10,10,1210,0.999998,17.7868,0,0.0127015,1273 1273 1274 1211 1210 1145 1144 1209 1272 -1
GCP,adapt_p11-715852394892384_a225-0_381_map.h5,26.8762,10,687,1076,78.284149:225.000000,1774,True,11,11,1774,0.999999,20.3999,0,0.012558,1775 1775 1758 1757 1789 1788 1787 1773 1774 1756 -1
GCP,adapt_p60-00000000000001_a22-5_229_map.h5,26.8683,10,547,1120,30.000000:22.500000,1298,True,13,13,1357,0.999998,25.9924,0,0.0124453,1297 1297 1296 1298 1299 1358 1417 1416 1415 1357 1356 1414 -1
GCP,adapt_p35-659087696138755_a285-0_191_map.h5,27.8511,10,415,759,54.340912:285.000000,1601,True,16,13,1509,0.999986,25.6038,0,0.0126977,1601 1601 1602 1559 1510 1457 1509 1558 1557 1556 1507 1508 -1
GCP,adapt_p80-40593177313954_a67-5_409_map.h5,26.8586,10,492,1164,9.594069:67.500000,1047,True,13,13,1047,0.999999,25.551,0,0.01316,1048 1048 1049 981 980 979 1047 1114 1113 1112 1046 978 -1
GCP,adapt_p35-659087696138755_a135-0_134_map.h5,27.8156,10,268,724,54.340912:135.000000,1583,True,17,14,1582,0.999914,27.4264,0,0.0132609,1583 1583 1537 1536 1485 1484 1535 1582 1625 1624 1581 1580 1534 -1
GCP,adapt_p70-52877936550931_a236-25_497_map.h5,27.8293,10,301,730,19.471220:236.250000,1209,True,20,14,1144,0.999963,27.6656,0,0.0125124,1078 1078 1077 1142 1208 1143 1144 1209 1272 1273 1210 1145 1079 -1
GCP,adapt_p35-659087696138755_a105-0_340_map.h5,26.8549,10,447,1128,54.340912:105.000000,1579,True,13,13,1579,0.999998,25.6882,0,0.0128416,1532 1532 1578 1622 1579 1481 1533 1534 1580 1581 1624 1623 -1
GCP,adapt_p35-659087696138755_a75-0_165_map.h5,26.8835,10,766,1157,54.340912:75.000000,1576,True,6,6,1576,0.999998,8.25716,0,0.0122917,1575 1575 1576 1529 1530 -1
GCP,adapt_p60-00000000000001_a202-49999999999997_510_map.h5,27.6979,10,276,757,30.000000:202.500000,1328,True,39,13,1386,0.990325,24.8917,0,0.012921,1444 1444 1387 1329 1267 1266 1328 1386 1443 1442 1385 1327 -1
GCP,adapt_p48-18968510422141_a146-25_578_map.h5,26.8842,10,651,1097,41.810314:146.250000,1488,True,10,10,1488,0.999999,17.9278,0,0.0126342,1434 1434 1435 1436 1489 1539 1488 1487 1538 -1
GCP,adapt_p70-52877936550931_a168-74999999999997_548_map.h5,27.893,10,782,693,19.471220:168.750000,1197,True,11,11,1197,0.999999,20.976,0,0.0128135,1261 1261 1199 1262 1198 1132 1131 1197 1260 1196 -1
GCP,adapt_p70-52877936550931_a11-25_69_map.h5,26.8213,10,597,1104,19.471220:11.250000,1169,True,13,13,1169,0.999999,25.977,0,0.0125042,1168 1168 1169 1232 1231 1102 1103 1104 1170 1233 1234 1171 -1
GCP,adapt_p48-18968510422141_a236-25_479_map.h5,28.4921,10,131,354,41.810314:236.250000,1501,True,67,13,1500,0.95956,27.1814,0,0.0136775,1552 1502 1450 1501 1550 1549 1499 1446 1447 1500 1448 1449 -1
GCP,adapt_p80-40593177313954_a337-49999999999994_143_map.h5,26.6352,10,157,1094,9.594069:337.500000,1097,True,47,12,1096,0.978971,24.4261,0,0.0125876,1164 1098 1163 1097 1096 1162 1226 1225 1160 1161 1095 -1
GCP,adapt_p48-18968510422141_a326-24999999999994_495_map.h5,26.8012,10,199,1091,41.810314:326.250000,1514,True,21,13,1513,0.999628,25.7908,0,0.0126001,1564 1564 1607 1563 1515 1462 1514 1562 1561 1512 1513 1461 -1
GCP,adapt_p35-659087696138755_a14-999999999999998_122_map.h5,25.7922,10,277,1500,54.340912:15.000000,1568,True,24,13,1569,0.999926,25.2115,0,0.0125541,1615 1615 1571 1523 1570 1614 1569 1522 1521 1568 1612 1613 -1
GCP,adapt_p80-40593177313954_a0-0_52_map.h5,26.852,10,437,1111,9.594069:0.000000,1034,True,15,13,1034,0.999997,25.4988,0,0.0128215,1033 1033 967 1035 968 1036 1102 1101 1166 1034 1100 1032 -1
GCP,adapt_p60-00000000000001_a224-99999999999997_470_map.h5,26.8573,10,595,1090,30.000000:225.000000,1331,True,13,13,1331,0.999998,25.2016,0,0.0124627,1389 1389 1388 1330 1331 1332 1390 1391 1333 1271 1270 1269 -1
GCP,adapt_p60-00000000000001_a90-0_7_map.h5,27.4469,10,24,434,30.000000:90.000000,1309,False,242,12,1167,0.752079,26.3634,0,0.0185441,1287 1164 1229 1292 1230 1165 1099 1100 1166 1167 1293 -1
GCP,adapt_p80-40593177313954_a315-0_226_map.h5,26.8601,10,551,1069,9.594069:315.000000,1093,True,14,13,1092,0.999998,25.4971,0,0.0127119,1157 1157 1158 1159 1093 1026 1025 1092 1091 1090 1023 1024 -1
GCP,adapt_p80-40593177313954_a112-49999999999999_585_map.h5,28.7629,10,195,321,9.594069:112.500000,1055,True,29,13,1056,0.999413,25.8927,0,0.0129315,1055 1055 989 922 988 1056 1122 1123 1057 990 1058 1124 -1
GCP,adapt_p48-18968510422141_a348-74999999999994_90_map.h5,25.8133,10,335,1476,41.810314:348.750000,1517,True,18,13,1465,0.999851,25.2733,0,0.0125301,1517 1517 1516 1464 1465 1409 1351 1352 1410 1466 1411 1353 -1
GCP,adapt_p70-52877936550931_a123-74999999999999_363_map.h5,27.8952,10,685,736,19.471220:123.750000,1189,True,10,10,1190,0.999999,18.2199,0,0.0125684,1124 1124 1191 1125 1190 1253 1252 1189 1123 -1
GCP,adapt_p60-00000000000001_a90-0_255_map.h5,27.9044,10,762,693,30.000000:90.000000,1309,True,8,8,1368,0.999998,13.7162,0,0.0124103,1309 1309 1308 1367 1310 1369 1368 -1
GCP,adapt_p35-659087696138755_a165-0_7_map.h5,26.8805,10,524,1119,54.340912:165.000000,1587,True,10,10,1587,0.999999,18.3027,0,0.0123352,1541 1541 1588 1542 1587 1630 1629 1586 1540 -1
GCP,adapt_p35-659087696138755_a135-0_538_map.h5,27.8656,10,482,780,54.340912:135.000000,1583,True,13,13,1583,0.999999,24.7826,0,0.0131637,1625 1625 1624 1581 1582 1536 1537 1583 1626 1627 1584 1538 -1
GCP,adapt_p11-715852394892384_a225-0_546_map.h5,27.8942,10,622,787,78.284149:225.000000,1774,True,10,10,1757,0.999999,17.5785,0,0.012556,1775 1775 1774 1756 1757 1758 1735 1734 1733 -1
GCP,adapt_p80-40593177313954_a67-5_39_map.h5,28.2094,10,79,383,9.594069:67.500000,1047,True,111,13,1045,0.944945,26.7425,0,0.0140277,910 977 1044 1110 1111 1045 978 1046 1112 1113 1047 1114 -1
GCP,adapt_p48-18968510422141_a258-75_152_map.h5,25.6721,10,241,1529,41.810314:258.750000,1504,True,39,13,1504,0.991735,25.2092,0,0.0126545,1505 1505 1554 1598 1553 1552 1502 1450 1451 1503 1504 1452 -1
GCP,adapt_p60-00000000000001_a315-0_315_map.h5,25.8223,10,384,1475,30.000000:315.000000,1346,True,18,13,1346,0.999979,25.3625,0,0.0125482,1403 1403 1344 1402 1345 1284 1285 1346 1404 1405 1347 1286 -1
GCP,adapt_p48-18968510422141_a213-75_4_map.h5,27.8033,10,206,779,41.810314:213.750000,1497,True,22,13,1445,0.999751,26.1005,0,0.0124945,1388 1388 1446 1499 1447 1389 1445 1498 1548 1497 1444 1387 -1
GCP,adapt_p70-52877936550931_a348-74999999999994_319_map.h5,27.8742,10,632,794,19.471220:348.750000,1229,True,11,11,1229,0.999999,20.5294,0,0.0125835,1228 1228 1163 1164 1165 1230 1293 1292 1229 1291 -1
GCP,adapt_p48-18968510422141_a101-24999999999999_405_map.h5,26.8733,10,671,1062,41.810314:101.250000,1481,True,10,10,1481,0.999999,18.3713,0,0.0124366,1428 1428 1483 1429 1482 1533 1532 1481 1427 -1
GCP,adapt_p60-00000000000001_a315-0_406_map.h5,28.762,10,179,373,30.000000:315.000000,1346,True,27,14,1347,0.998823,27.3907,0,0.0128072,1461 1461 1460 1404 1403 1345 1346 1285 1286 1347 1405 1406 1348 -1
GCP,adapt_p23-556464309101234_a67-5_197_map.h5,25.8544,10,359,1509,66.443535:67.500000,1693,True,15,13,1721,0.999999,25.1648,0,0.0124091,1692 1692 1691 1690 1720 1746 1747 1748 1721 1722 1723 1693 -1
GCP,adapt_p48-18968510422141_a191-25_252_map.h5,26.7922,10,214,1125,41.810314:191.250000,1494,True,26,13,1544,0.998693,25.5703,0,0.0125665,1440 1440 1494 1441 1493 1492 1543 1544 1589 1590 1545 1495 -1
GCP,adapt_p70-52877936550931_a101-24999999999999_79_map.h5,26.861,10,569,1121,19.471220:101.250000,1185,True,12,12,1185,0.999999,22.6849,0,0.0128018,1248 1248 1247 1184 1118 1119 1185 1249 1186 1120 1121 -1
GCP,adapt_p80-40593177313954_a45-0_152_map.h5,27.8493,10,276,796,9.594069:45.000000,1042,True,15,13,1044,0.999993,25.6328,0,0.0124996,1111 1111 1110 1109 1042 975 1043 976 977 1044 1045 1112 -1
GCP,adapt_p35-659087696138755_a344-99999999999994_586_map.h5,26.8591,10,445,1095,54.340912:345.000000,1609,True,12,12,1649,0.999998,22.6972,0,0.0127409,1608 1608 1607 1648 1684 1649 1685 1686 1650 1609 1610 -1
GCP,adapt_p35-659087696138755_a285-0_522_map.h5,26.8612,10,495,1187,54.340912:285.000000,1601,True,11,11,1643,0.999998,20.5588,0,0.0125694,1601 1601 1602 1603 1644 1680 1679 1643 1678 1642 -1
GCP,adapt_p70-52877936550931_a281-24999999999994_570_map.h5,26.8693,10,523,1115,19.471220:281.250000,1217,True,13,13,1217,0.999999,25.3984,0,0.0124615,1153 1153 1152 1151 1216 1279 1280 1217 1218 1154 1219 1281 -1
GCP,adapt_p35-659087696138755_a255-00000000000003_206_map.h5,25.7788,10,328,1541,54.340912:255.000000,1598,True,26,12,1640,0.99941,23.2571,0,0.0130336,1599 1599 1640 1598 1641 1678 1677 1676 1675 1639 1597 -1
GCP,adapt_p35-659087696138755_a165-0_557_map.h5,26.8754,10,472,1073,54.340912:165.000000,1587,True,11,11,1586,0.999999,20.8054,0,0.0123996,1587 1587 1540 1541 1586 1585 1628 1629 1667 1630 -1
GCP,adapt_p80-40593177313954_a45-0_584_map.h5,24.5545,10,62,1475,9.594069:45.000000,1042,False,206,7,1104,0.708854,24.3816,0,0.0161123,1546 1038 1104 1105 1039 973 -1
GCP,adapt_p70-52877936550931_a146-25_41_map.h5,26.8874,10,783,1127,19.471220:146.250000,1193,True,8,8,1192,0.999998,13.5437,0,0.0124245,1193 1193 1127 1256 1255 1192 1191 -1
GCP,adapt_p60-00000000000001_a67-5_84_map.h5,27.8319,10,261,737,30.000000:67.500000,1305,True,20,14,1305,0.999884,27.6974,0,0.01291,1243 1243 1242 1241 1304 1363 1422 1364 1305 1306 1365 1423 1366 -1
GCP,adapt_p80-40593177313954_a315-0_210_map.h5,26.8615,10,460,1112,9.594069:315.000000,1093,True,14,13,1092,0.999998,25.4096,0,0.0132282,1093 1093 1094 1159 1158 1092 1025 1024 1091 1157 1156 1090 -1
GCP,adapt_p60-00000000000001_a112-49999999999999_174_map.h5,28.7793,10,134,353,30.000000:112.500000,1313,False,30,14,1428,0.998957,27.738,0,0.0125039,1369 1369 1370 1371 1429 1482 1533 1532 1481 1428 1427 1426 1480 -1
GCP,adapt_p60-00000000000001_a45-0_548_map.h5,27.8532,10,384,772,30.000000:45.000000,1301,True,13,13,1360,0.999999,25.7351,0,0.0135386,1301 1301 1237 1300 1359 1417 1418 1360 1238 1302 1361 1419 -1
GCP,adapt_p23-556464309101234_a247-49999999999997_28_map.h5,28.7143,10,142,388,66.443535:247.500000,1708,True,40,14,1736,0.99433,27.7507,0,0.0124782,1758 1758 1759 1736 1709 1676 1675 1708 1735 1776 1760 1737 1710 -1
GCP,adapt_p80-40593177313954_a90-0_598_map.h5,26.8801,10,579,1142,9.594069:90.000000,1051,True,12,12,1051,0.999999,23.2956,0,0.0126748,983 983 984 1052 1118 1117 1051 982 1049 1050 1116 -1
GCP,adapt_p70-52877936550931_a101-24999999999999_594_map.h5,27.8471,10,300,724,19.471220:101.250000,1185,True,16,13,1311,0.999997,25.9089,0,0.0137057,1310 1310 1247 1185 1186 1249 1250 1312 1248 1311 1370 1369 -1
GCP,adapt_p60-00000000000001_a224-99999999999997_8_map.h5,26.9622,10,60,393,30.000000:225.000000,1331,False,312,11,1279,0.559898,26.1377,0,0.0214198,1207 1078 1215 1278 1216 1279 1217 1280 1341 1281 -1
GCP,adapt_p23-556464309101234_a22-5_282_map.h5,26.8493,10,441,1078,66.443535:22.500000,1689,True,16,13,1689,0.999989,25.4586,0,0.0124525,1652 1652 1614 1653 1689 1688 1719 1720 1690 1654 1691 1655 -1
GCP,adapt_p35-659087696138755_a45-0_494_map.h5,26.8883,10,777,1110,54.340912:45.000000,1572,True,8,8,1572,0.999999,13.6455,0,0.0124511,1616 1616 1615 1571 1617 1573 1572 -1
GCP,adapt_p60-00000000000001_a292-5_100_map.h5,26.8493,10,561,1088,30.000000:292.500000,1343,True,15,13,1281,0.99999,25.2107,0,0.0125002,1282 1282 1343 1401 1400 1342 1281 1341 1280 1217 1218 1219 -1
GCP,adapt_p70-52877936550931_a33-75_489_map.h5,26.7245,10,206,1090,19.471220:33.750000,1173,True,36,13,1107,0.992476,25.5456,0,0.0133677,1105 1105 1172 1236 1173 1106 1039 1040 1041 1107 1108 1174 -1
GCP,adapt_p70-52877936550931_a11-25_520_map.h5,25.8113,10,402,1451,19.471220:11.250000,1169,True,24,13,1233,0.999793,25.4155,0,0.0124942,1103 1103 1104 1170 1169 1168 1231 1232 1296 1233 1234 1171 -1
GCP,adapt_p70-52877936550931_a11-25_449_map.h5,26.803,10,471,1057,19.471220:11.250000,1169,True,24,13,1169,0.999778,25.4534,0,0.0127695,1104 1104 1037 1103 1102 1168 1167 1231 1232 1169 1170 1233 -1
GCP,adapt_p35-659087696138755_a315-0_302_map.h5,26.8484,10,495,1099,54.340912:315.000000,1605,True,15,13,1605,0.999998,26.6351,0,0.012417,1561 1561 1606 1605 1560 1512 1562 1646 1645 1604 1603 1559 -1
GCP,adapt_p60-00000000000001_a22-5_153_map.h5,26.8332,10,554,1122,30.000000:22.500000,1298,True,14,13,1298,0.999998,26.3505,0,0.0125514,1299 1299 1359 1300 1235 1236 1298 1358 1357 1356 1297 1234 -1
GCP,adapt_p80-40593177313954_a45-0_170_map.h5,28.7673,10,172,371,9.594069:45.000000,1042,True,26,13,974,0.998451,25.4211,0,0.0125528,1040 1040 973 906 907 974 1041 1108 1042 975 1043 976 -1
GCP,adapt_p48-18968510422141_a168-74999999999997_276_map.h5,26.8542,10,431,1100,41.810314:168.750000,1491,True,16,13,1491,0.999992,26.1077,0,0.0125485,1490 1490 1540 1587 1541 1437 1438 1439 1492 1491 1542 1543 -1
GCP,adapt_p60-00000000000001_a45-0_519_map.h5,28.7023,10,189,366,30.000000:45.000000,1301,True,38,14,1300,0.994552,27.6002,0,0.012564,1236 1236 1237 1238 1301 1361 1419 1418 1360 1359 1300 1299 1358 -1
GCP,adapt_p60-00000000000001_a202-49999999999997_292_map.h5,25.7381,10,425,1444,30.000000:202.500000,1328,True,33,13,1326,0.998638,25.5126,0,0.0126909,1266 1266 1328 1386 1265 1327 1385 1384 1326 1264 1263 1325 -1
GCP,adapt_p48-18968510422141_a33-75_163_map.h5,26.8885,10,626,1053,41.810314:33.750000,1471,True,9,9,1471,0.999999,15.5742,0,0.0123304,1416 1416 1417 1418 1472 1471 1523 1470 -1
GCP,adapt_p48-18968510422141_a123-74999999999999_482_map.h5,27.8851,10,639,766,41.810314:123.750000,1484,True,11,11,1484,0.999999,20.728,0,0.0127164,1430 1430 1483 1534 1535 1484 1431 1536 1485 1432 -1
GCP,adapt_p48-18968510422141_a11-25_137_map.h5,25.7058,10,161,1472,41.810314:11.250000,1468,False,42,12,1416,0.988049,24.1027,0,0.0130331,1298 1299 1359 1417 1471 1470 1416 1358 1357 1415 1469 -1
GCP,adapt_p48-18968510422141_a303-75_485_map.h5,26.8222,10,255,1097,41.810314:303.750000,1510,True,21,13,1458,0.999852,25.4191,0,0.0126151,1511 1511 1559 1560 1510 1509 1457 1401 1402 1458 1459 1403 -1
GCP,adapt_p48-18968510422141_a281-24999999999994_194_map.h5,26.7573,10,193,1169,41.810314:281.250000,1507,True,27,13,1455,0.999516,25.0316,0,0.0125441,1457 1457 1401 1400 1456 1508 1455 1399 1398 1454 1506 1507 -1
GCP,adapt_p60-00000000000001_a45-0_451_map.h5,27.8964,10,691,780,30.000000:45.000000,1301,True,7,7,1301,0.999999,10.7014,0,0.0124367,1302 1302 1239 1238 1301 1361 -1
GCP,adapt_p23-556464309101234_a67-5_380_map.h5,26.874,10,472,1049,66.443535:67.500000,1693,True,11,11,1722,0.999998,20.5496,0,0.0127465,1692 1692 1723 1694 1693 1722 1748 1747 1721 1691 -1
GCP,adapt_p60-00000000000001_a224-99999999999997_442_map.h5,26.8453,10,521,1182,30.000000:225.000000,1331,True,14,13,1332,0.999998,25.9799,0,0.0125402,1270 1270 1333 1391 1271 1332 1390 1447 1446 1389 1331 1269 -1
GCP,adapt_p80-40593177313954_a135-0_462_map.h5,26.8743,10,567,1092,9.594069:135.000000,1059,True,11,11,1059,0.999999,20.6944,0,0.0125047,1125 1125 1126 1060 993 992 1059 1124 1058 991 -1
GCP,adapt_p60-00000000000001_a180-0_113_map.h5,26.1094,10,94,1175,30.000000:180.000000,1324,True,124,12,1324,0.852127,25.9284,0,0.0141467,1438 1324 1325 1385 1441 1384 1383 1382 1323 1261 1322 -1
GCP,adapt_p80-40593177313954_a45-0_441_map.h5,26.8557,10,423,1105,9.594069:45.000000,1042,True,15,13,1042,0.999995,26.5501,0,0.0130595,1109 1109 975 1043 1110 1044 976 1042 974 1041 1108 1175 -1
GCP,adapt_p80-40593177313954_a67-5_154_map.h5,26.2228,10,151,1111,9.594069:67.500000,1047,True,107,9,1112,0.895205,25.934,0,0.0138562,1492 1114 1047 1113 1178 1111 1112 1046 -1
GCP,adapt_p60-00000000000001_a157-5_451_map.h5,26.8553,10,443,1070,30.000000:157.500000,1320,True,16,13,1378,0.999988,25.6552,0,0.0124489,1321 1321 1258 1320 1379 1380 1436 1435 1378 1377 1319 1257 -1
GCP,adapt_p80-40593177313954_a224-99999999999997_170_map.h5,28.8505,10,404,399,9.594069:225.000000,1076,True,16,14,1077,0.999994,28.6077,0,0.01333,1010 1010 1079 1011 1078 1009 1008 1075 1141 1142 1076 1077 1143 -1
GCP,adapt_p60-00000000000001_a315-0_140_map.h5,25.8173,10,340,1434,30.000000:315.000000,1346,True,21,13,1403,0.999893,25.3468,0,0.0124952,1458 1458 1459 1404 1347 1346 1285 1284 1345 1403 1402 1344 -1
GCP,adapt_p70-52877936550931_a56-24999999999999_336_map.h5,27.8793,10,573,733,19.471220:56.250000,1177,True,10,10,1241,0.999998,18.5212,0,0.0124726,1177 1177 1112 1111 1178 1179 1242 1241 1240 -1
GCP,adapt_p80-40593177313954_a67-5_198_map.h5,27.8595,10,473,779,9.594069:67.500000,1047,True,15,13,1046,0.999997,25.5426,0,0.0132399,1047 1047 980 979 978 1046 1113 1112 1111 1045 977 1044 -1
GCP,adapt_p70-52877936550931_a191-25_408_map.h5,27.8757,10,452,735,19.471220:191.250000,1201,True,12,12,1201,0.999999,22.6919,0,0.0130702,1264 1264 1265 1202 1201 1136 1135 1200 1263 1262 1199 -1
GCP,adapt_p11-715852394892384_a135-0_440_map.h5,26.8764,10,628,1122,78.284149:135.000000,1770,True,13,13,1753,0.999998,25.0986,0,0.0124118,1770 1770 1771 1772 1786 1785 1751 1752 1728 1729 1753 1754 -1
GCP,adapt_p48-18968510422141_a78-75_202_map.h5,27.8682,10,503,729,41.810314:78.750000,1478,True,11,11,1478,0.999999,20.1598,0,0.0125615,1425 1425 1479 1531 1530 1478 1424 1423 1477 1529 -1
GCP,adapt_p60-00000000000001_a90-0_395_map.h5,26.7433,10,72,742,30.000000:90.000000,1309,False,181,12,1425,0.911485,24.5307,0,0.0161625,1247 1368 1426 1479 1478 1424 1366 1307 1308 1367 1425 -1
GCP,adapt_p60-00000000000001_a22-5_502_map.h5,26.8629,10,380,1137,30.000000:22.500000,1298,True,14,13,1234,0.999998,25.7942,0,0.0129008,1298 1298 1235 1236 1299 1234 1297 1296 1233 1170 1171 1172 -1
GCP,adapt_p35-659087696138755_a105-0_296_map.h5,27.8824,10,599,751,54.340912:105.000000,1579,True,10,10,1580,0.999999,18.6132,0,0.0123718,1579 1579 1534 1580 1622 1661 1623 1624 1581 -1
GCP,adapt_p35-659087696138755_a14-999999999999998_485_map.h5,26.8582,10,456,1081,54.340912:15.000000,1568,True,14,13,1568,0.999998,25.0447,0,0.0125693,1612 1612 1613 1652 1653 1614 1570 1569 1568 1567 1520 1521 -1
GCP,adapt_p80-40593177313954_a315-0_114_map.h5,27.8794,10,658,745,9.594069:315.000000,1093,True,10,10,1093,0.999999,18.6566,0,0.012412,1092 1092 1024 1025 1093 1158 1159 1026 1094 -1
GCP,adapt_p80-40593177313954_a67-5_44_map.h5,28.6792,10,164,387,9.594069:67.500000,1047,False,36,14,1044,0.994025,28.1568,0,0.0125927,1042 1042 1108 1109 1043 977 1044 1110 1111 1045 978 1046 1112 -1
GCP,adapt_p23-556464309101234_a157-5_90_map.h5,25.8262,10,323,1537,66.443535:157.500000,1701,True,18,12,1665,0.999303,22.5135,0,0.0126418,1701 1701 1700 1699 1664 1665 1627 1628 1666 1667 1629 -1
GCP,adapt_p48-18968510422141_a303-75_117_map.h5,27.9033,10,728,712,41.810314:303.750000,1510,True,7,7,1458,0.999999,10.5624,0,0.0124431,1459 1459 1511 1510 1458 1457 -1
GCP,adapt_p35-659087696138755_a135-0_51_map.h5,27.8945,10,690,789,54.340912:135.000000,1583,True,7,7,1583,0.999999,10.5526,0,0.0123102,1582 1582 1536 1537 1583 1584 -1
GCP,adapt_p11-715852394892384_a225-0_424_map.h5,26.8643,10,517,1128,78.284149:225.000000,1774,True,13,13,1774,0.999999,24.7385,0,0.0124984,1788 1788 1787 1789 1776 1775 1758 1757 1756 1755 1773 1774 -1
GCP,adapt_p60-00000000000001_a180-0_29_map.h5,26.8784,10,586,1089,30.000000:180.000000,1324,True,10,10,1324,0.999999,18.0928,0,0.0123776,1325 1325 1383 1382 1323 1261 1324 1262 1263 -1
GCP,adapt_p60-00000000000001_a22-5_482_map.h5,27.8849,10,647,761,30.000000:22.500000,1298,True,8,8,1357,0.999999,13.5681,0,0.0139271,1298 1298 1356 1297 1357 1358 1416 -1
GCP,adapt_p60-00000000000001_a45-0_152_map.h5,28.7371,10,129,342,30.000000:45.000000,1301,True,35,14,1301,0.998941,27.4772,0,0.0127486,1362 1362 1303 1302 1239 1238 1301 1361 1419 1418 1360 1359 1300 -1
GCP,adapt_p48-18968510422141_a56-24999999999999_28_map.h5,26.8574,10,540,1150,41.810314:56.250000,1475,True,9,9,1475,0.999999,15.4255,0,0.0123931,1420 1420 1421 1422 1476 1475 1474 1526 -1
GCP,adapt_p35-659087696138755_a75-0_100_map.h5,27.824,10,247,771,54.340912:75.000000,1576,True,21,13,1619,0.999938,25.4518,0,0.0128318,1657 1657 1617 1656 1618 1574 1575 1619 1658 1620 1576 1529 -1
GCP,adapt_p80-40593177313954_a45-0_494_map.h5,26.4995,10,254,1117,9.594069:45.000000,1042,True,67,12,1042,0.984508,24.4112,0,0.0133397,1039 1106 1107 1041 974 975 1042 1108 1109 1043 976 -1
GCP,adapt_p70-52877936550931_a146-25_185_map.h5,25.7077,10,225,1571,19.471220:146.250000,1193,True,37,12,1127,0.995484,24.5631,0,0.0130865,1255 1192 1191 1126 1061 1127 1193 1194 1129 1128 1062 -1
GCP,adapt_p35-659087696138755_a14-999999999999998_37_map.h5,26.2093,10,142,1164,54.340912:15.000000,1568,True,115,10,1521,0.916839,25.1432,0,0.0143277,1676 1521 1469 1414 1468 1520 1568 1569 1522 -1
GCP,adapt_p80-40593177313954_a22-5_96_map.h5,26.8644,10,459,1088,9.594069:22.500000,1038,True,15,13,1038,0.999998,26.3071,0,0.0124503,1039 1039 970 1037 1103 1104 1038 971 1040 1106 1105 1171 -1
GCP,adapt_p80-40593177313954_a90-0_0_map.h5,26.8703,10,489,1164,9.594069:90.000000,1051,True,13,13,1116,0.999998,25.6321,0,0.0125149,1051 1051 1052 1118 1050 1049 1115 1181 1182 1116 1117 1183 -1
GCP,adapt_p23-556464309101234_a67-5_244_map.h5,26.8864,10,561,1160,66.443535:67.500000,1693,True,9,9,1693,0.999998,15.5262,0,0.0123981,1658 1658 1694 1693 1657 1692 1722 1723 -1
GCP,adapt_p35-659087696138755_a165-0_587_map.h5,26.8453,10,444,1099,54.340912:165.000000,1587,True,15,13,1630,0.999994,25.6134,0,0.0125107,1668 1668 1667 1701 1702 1631 1630 1587 1586 1629 1666 1628 -1
GCP,adapt_p70-52877936550931_a281-24999999999994_407_map.h5,25.8,10,294,1493,19.471220:281.250000,1217,True,23,13,1216,0.999916,25.5224,0,0.0128071,1214 1214 1150 1215 1277 1278 1216 1151 1152 1217 1280 1279 -1
GCP,adapt_p80-40593177313954_a270-0_524_map.h5,25.2907,10,106,1478,9.594069:270.000000,1084,False,82,12,944,0.98444,24.7793,0,0.0130973,942 943 875 944 1011 1079 1080 1012 945 876 946 -1
GCP,adapt_p23-556464309101234_a202-5_568_map.h5,27.8503,10,272,722,66.443535:202.500000,1704,False,14,13,1730,0.999995,25.5152,0,0.0125806,1731 1731 1702 1703 1730 1701 1700 1728 1729 1753 1754 1755 -1
GCP,adapt_p11-715852394892384_a315-0_317_map.h5,25.77,10,265,1507,78.284149:315.000000,1778,True,29,13,1765,0.99823,24.8014,0,0.012872,1778 1778 1791 1781 1782 1766 1765 1744 1780 1779 1762 1763 -1
GCP,adapt_p35-659087696138755_a285-0_519_map.h5,27.7532,10,301,704,54.340912:285.000000,1601,True,30,13,1601,0.997484,26.0181,0,0.0125778,1600 1600 1643 1679 1641 1642 1601 1557 1558 1602 1603 1559 -1
GCP,adapt_p23-556464309101234_a22-5_127_map.h5,26.866,10,413,1099,66.443535:22.500000,1689,True,13,13,1689,0.999999,26.3907,0,0.0127614,1720 1719 1718 1688 1652 1653 1689 1690 1654 1655 1691 1720 -1
GCP,adapt_p70-52877936550931_a258-75_292_map.h5,27.8352,10,249,760,19.471220:258.750000,1213,True,20,14,1213,0.999953,27.7666,0,0.0126245,1212 1212 1275 1276 1277 1215 1214 1149 1083 1082 1148 1213 1147 -1
GCP,adapt_p48-18968510422141_a101-24999999999999_540_map.h5,24.7969,10,104,1439,41.810314:101.250000,1481,False,169,10,1581,0.932552,23.747,0,0.0155632,1777 1582 1625 1581 1535 1534 1580 1623 1624 -1
GCP,adapt_p60-00000000000001_a135-0_370_map.h5,25.6702,10,254,1517,30.000000:135.000000,1316,True,45,13,1434,0.997912,25.083,0,0.0126155,1432 1432 1375 1316 1317 1376 1433 1434 1435 1378 1377 1318 -1
GCP,adapt_p48-18968510422141_a101-24999999999999_356_map.h5,26.8764,10,777,1092,41.810314:101.250000,1481,True,9,9,1427,0.999999,16.4745,0,0.0124223,1481 1481 1533 1482 1426 1427 1428 1429 -1
GCP,adapt_p48-18968510422141_a191-25_476_map.h5,25.851,10,356,1507,41.810314:191.250000,1494,True,13,12,1494,0.999998,22.7154,0,0.0127818,1495 1495 1442 1441 1494 1545 1590 1544 1543 1493 1440 -1
GCP,adapt_p60-00000000000001_a0-0_107_map.h5,26.8369,10,499,1161,30.000000:0.000000,1294,True,13,13,1294,0.999999,25.4401,0,0.0129504,1231 1231 1293 1353 1411 1294 1354 1295 1232 1296 1355 1356 -1
GCP,adapt_p23-556464309101234_a22-5_388_map.h5,26.6778,10,132,1143,66.443535:22.500000,1689,True,46,13,1688,0.979946,25.3953,0,0.0130258,1745 1745 1744 1743 1687 1652 1651 1688 1718 1719 1689 1653 -1
GCP,adapt_p70-52877936550931_a191-25_404_map.h5,28.8614,10,309,401,19.471220:191.250000,1201,True,13,13,1200,0.999999,25.094,0,0.0123998,1136 1136 1202 1265 1264 1201 1135 1200 1263 1262 1199 1134 -1
GCP,adapt_p60-00000000000001_a315-0_336_map.h5,26.8547,10,490,1085,30.000000:315.000000,1346,True,12,12,1346,0.999999,22.8978,0,0.0131123,1285 1285 1284 1345 1402 1403 1346 1404 1405 1347 1286 -1
GCP,adapt_p11-715852394892384_a135-0_419_map.h5,25.1547,10,127,1459,78.284149:135.000000,1770,False,133,11,1486,0.840785,24.3342,0,0.014108,1317 1433 1486 1537 1536 1484 1485 1432 1187 1121 -1
GCP,adapt_p23-556464309101234_a22-5_228_map.h5,26.8783,10,557,1118,66.443535:22.500000,1689,True,12,12,1719,0.999999,22.9213,0,0.01251,1720 1720 1745 1746 1719 1718 1688 1652 1653 1689 1690 -1
GCP,adapt_p48-18968510422141_a258-75_333_map.h5,25.8048,10,340,1465,41.810314:258.750000,1504,True,24,13,1504,0.999908,25.6298,0,0.0130173,1553 1553 1503 1554 1555 1506 1505 1453 1452 1504 1451 1450 -1
GCP,adapt_p60-00000000000001_a337-49999999999994_110_map.h5,28.8312,10,338,365,30.000000:337.500000,1350,True,13,13,1350,0.999999,25.7851,0,0.0125158,1407 1407 1464 1463 1408 1409 1352 1351 1290 1289 1350 1349 -1
GCP,adapt_p80-40593177313954_a112-49999999999999_310_map.h5,28.7198,10,120,402,9.594069:112.500000,1055,True,39,13,989,0.994371,25.5236,0,0.013013,1058 1058 1057 1123 1122 1055 1056 988 989 922 990 923 -1
GCP,adapt_p60-00000000000001_a202-49999999999997_185_map.h5,27.8783,10,471,825,30.000000:202.500000,1328,True,10,10,1327,0.999999,18.4607,0,0.0134552,1328 1328 1385 1386 1327 1326 1264 1265 1266 -1
GCP,adapt_p60-00000000000001_a135-0_438_map.h5,28.4706,10,138,355,30.000000:135.000000,1316,True,73,13,1316,0.853918,27.01,0,0.0132297,1189 1252 1315 1253 1191 1192 1255 1318 1317 1254 1316 1375 -1
GCP,adapt_p60-00000000000001_a157-5_576_map.h5,26.8442,10,394,1116,30.000000:157.500000,1320,True,16,12,1258,0.999992,24.5694,0,0.0126,1195 1258 1257 1194 1256 1318 1319 1320 1321 1259 1195 -1
GCP,adapt_p23-556464309101234_a157-5_141_map.h5,26.8815,10,475,1145,66.443535:157.500000,1701,True,10,10,1729,0.999998,18.1978,0,0.0122463,1730 1730 1753 1754 1729 1728 1700 1701 1702 -1
GCP,adapt_p70-52877936550931_a281-24999999999994_128_map.h5,27.7151,10,267,759,19.471220:281.250000,1217,True,39,13,1216,0.974321,26.831,0,0.0127512,1151 1216 1151 1215 1278 1279 1217 1152 1153 1218 1154 1219 -1
GCP,adapt_p48-18968510422141_a11-25_152_map.h5,26.5019,10,198,1184,41.810314:11.250000,1468,True,65,12,1414,0.874823,25.2252,0,0.0128905,1232 1355 1413 1468 1414 1356 1469 1521 1522 1470 1415 -1
GCP,adapt_p48-18968510422141_a303-75_218_map.h5,26.8752,10,540,1181,41.810314:303.750000,1510,True,10,10,1510,0.999999,18.5183,0,0.0126441,1459 1459 1458 1457 1509 1510 1460 1512 1511 -1
GCP,adapt_p48-18968510422141_a258-75_299_map.h5,26.6852,10,159,1153,41.810314:258.750000,1504,True,40,13,1394,0.990588,25.9651,0,0.012636,1449 1449 1450 1504 1452 1396 1451 1395 1337 1336 1394 1393 -1
GCP,adapt_p80-40593177313954_a67-5_132_map.h5,26.822,10,425,1171,9.594069:67.500000,1047,True,19,13,1047,0.999889,25.5525,0,0.0128734,1049 1049 1116 1115 1114 1048 980 1047 1113 1046 979 978 -1
GCP,adapt_p11-715852394892384_a45-0_412_map.h5,25.8543,10,333,1489,78.284149:45.000000,1766,True,17,13,1766,0.999993,25.5132,0,0.0125031,1782 1782 1781 1765 1783 1767 1766 1747 1720 1746 1745 1744 -1
GCP,adapt_p70-52877936550931_a191-25_48_map.h5,27.7751,10,230,762,19.471220:191.250000,1201,True,30,14,1201,0.999179,27.7189,0,0.0126412,1137 1137 1136 1070 1135 1200 1199 1262 1263 1264 1201 1202 1265 -1
GCP,adapt_p23-556464309101234_a337-5_274_map.h5,25.8349,10,616,1394,66.443535:337.500000,1716,True,14,13,1716,0.999998,24.8904,0,0.0129067,1685 1685 1684 1683 1715 1741 1742 1716 1717 1743 1687 1686 -1
GCP,adapt_p60-00000000000001_a157-5_599_map.h5,27.7461,10,211,756,30.000000:157.500000,1320,True,33,14,1321,0.999334,27.7331,0,0.0126608,1319 1319 1256 1257 1258 1320 1378 1379 1380 1321 1259 1260 1322 -1
GCP,adapt_p70-52877936550931_a11-25_429_map.h5,26.8754,10,550,1066,19.471220:11.250000,1169,True,10,10,1169,0.999999,18.5326,0,0.0123787,1170 1170 1104 1103 1169 1233 1232 1102 1168 -1
GCP,adapt_p70-52877936550931_a78-75_141_map.h5,26.6351,10,251,1121,19.471220:78.750000,1181,False,46,13,1365,0.900348,25.362,0,0.0126499,1178 1178 1112 1113 1179 1243 1306 1364 1365 1366 1307 1244 -1
GCP,adapt_p60-00000000000001_a157-5_205_map.h5,26.8332,10,523,1130,30.000000:157.500000,1320,True,17,13,1321,0.999971,25.8627,0,0.0125108,1322 1322 1380 1381 1259 1321 1320 1258 1257 1319 1378 1379 -1
GCP,adapt_p35-659087696138755_a224-99999999999997_168_map.h5,26.8789,10,545,1096,54.340912:225.000000,1594,True,10,10,1594,0.999999,17.9825,0,0.0129224,1550 1550 1549 1593 1635 1636 1594 1595 1637 -1
GCP,adapt_p11-715852394892384_a225-0_118_map.h5,28.864,10,328,376,78.284149:225.000000,1774,True,15,14,1775,0.999999,27.3367,0,0.0128096,1759 1759 1735 1758 1757 1756 1774 1775 1776 1760 1777 1789 1788 -1
GCP,adapt_p11-715852394892384_a45-0_537_map.h5,27.8633,10,381,755,78.284149:45.000000,1766,True,13,13,1767,0.999999,24.8385,0,0.0124412,1783 1783 1768 1767 1782 1781 1765 1766 1745 1746 1747 1748 -1
GCP,adapt_p60-00000000000001_a157-5_87_map.h5,26.6458,10,131,1155,30.000000:157.500000,1320,False,46,13,1195,0.987682,26.6131,0,0.0129935,1062 1128 1127 1193 1257 1194 1129 1195 1258 1259 1196 1130 -1
GCP,adapt_p80-40593177313954_a337-49999999999994_333_map.h5,26.8793,10,540,1181,9.594069:337.500000,1097,True,10,10,1097,0.999999,18.7394,0,0.0124609,1162 1162 1161 1096 1227 1163 1097 1098 1164 -1
GCP,adapt_p48-18968510422141_a123-74999999999999_515_map.h5,26.8801,10,462,1165,41.810314:123.750000,1484,True,10,10,1484,0.999999,18.3279,0,0.0127026,1431 1431 1483 1430 1484 1535 1536 1485 1432 -1
GCP,adapt_p35-659087696138755_a285-0_571_map.h5,25.7471,10,110,1235,54.340912:285.000000,1601,False,182,10,1225,0.75496,23.963,0,0.0155098,1739 1289 1226 1288 1225 1224 1159 1158 1223 -1
GCP,adapt_p60-00000000000001_a157-5_94_map.h5,25.9782,10,97,1143,30.000000:157.500000,1320,False,148,12,1187,0.776173,25.8037,0,0.0144734,1428 1315 1252 1189 1188 1251 1187 1121 1120 1186 1185 -1
GCP,adapt_p60-00000000000001_a270-0_298_map.h5,26.8693,10,508,1084,30.000000:270.000000,1339,True,12,12,1339,0.999999,22.9647,0,0.0125576,1278 1278 1279 1341 1398 1340 1339 1397 1396 1338 1277 -1
GCP,adapt_p80-40593177313954_a224-99999999999997_410_map.h5,28.7139,10,143,374,9.594069:225.000000,1076,True,36,14,1077,0.995548,28.3516,0,0.0129345,1009 1009 1008 1075 1141 1142 1076 1143 1144 1077 1010 1078 1079 -1
GCP,adapt_p70-52877936550931_a78-75_188_map.h5,27.6751,10,221,758,19.471220:78.750000,1181,True,44,13,1245,0.994194,26.5475,0,0.0137267,1116 1182 1183 1246 1308 1245 1181 1244 1307 1306 1243 1180 -1
GCP,adapt_p70-52877936550931_a11-25_29_map.h5,22.8544,10,112,1154,19.471220:11.250000,1169,False,632,7,1409,0.220287,21.6284,0,0.0510698,1543 1465 1409 1352 1410 1294 -1
GCP,adapt_p80-40593177313954_a22-5_590_map.h5,27.8282,10,391,703,9.594069:22.500000,1038,True,19,13,970,0.999856,25.9792,0,0.0135827,1038 1038 1103 1104 1037 970 971 903 902 969 1036 968 -1
GCP,adapt_p70-52877936550931_a281-24999999999994_1_map.h5,26.8252,10,431,1081,19.471220:281.250000,1217,True,19,13,1217,0.999946,25.574,0,0.0125898,1216 1216 1215 1151 1152 1217 1279 1280 1218 1153 1154 1219 -1
GCP,adapt_p60-00000000000001_a180-0_332_map.h5,27.893,10,671,761,30.000000:180.000000,1324,True,11,11,1324,0.999999,21.4621,0,0.0128,1323 1323 1381 1322 1262 1261 1324 1382 1383 1325 -1
GCP,adapt_p80-40593177313954_a0-0_37_map.h5,27.544,10,238,763,9.594069:0.000000,1034,False,63,12,1101,0.934986,27.4279,0,0.0128668,1097 1095 1094 1229 1230 1165 1166 1167 1101 1102 1168 -1
GCP,adapt_p70-52877936550931_a213-75_377_map.h5,27.8803,10,703,767,19.471220:213.750000,1205,True,9,9,1140,0.999998,15.4433,0,0.0124641,1205 1205 1206 1141 1075 1074 1140 1139 -1
GCP,adapt_p48-18968510422141_a33-75_319_map.h5,26.8624,10,584,1120,41.810314:33.750000,1471,True,11,11,1471,0.999999,21.1199,0,0.0123699,1523 1523 1472 1418 1524 1471 1417 1416 1470 1522 -1
GCP,adapt_p70-52877936550931_a78-75_527_map.h5,28.8692,10,345,412,19.471220:78.750000,1181,True,12,12,1182,0.999999,23.5877,0,0.0125595,1181 1181 1180 1244 1245 1182 1116 1115 1246 1183 1117 -1
GCP,adapt_p80-40593177313954_a45-0_191_map.h5,27.8221,10,297,747,9.594069:45.000000,1042,True,21,14,1110,0.999961,27.789,0,0.0127402,1111 1111 1045 1044 1110 1043 1042 1108 1109 1175 1239 1176 1177 -1
GCP,adapt_p60-00000000000001_a112-49999999999999_537_map.h5,26.863,10,491,1111,30.000000:112.500000,1313,True,13,13,1250,0.999998,25.8345,0,0.0127972,1313 1313 1371 1312 1251 1188 1187 1250 1186 1249 1248 1311 -1
GCP,adapt_p70-52877936550931_a303-75_66_map.h5,26.8543,10,615,1120,19.471220:303.750000,1221,True,13,13,1220,0.999998,25.7641,0,0.0135394,1219 1219 1155 1154 1220 1282 1283 1284 1221 1156 1157 1222 -1
GCP,adapt_p48-18968510422141_a258-75_536_map.h5,27.8647,10,545,744,41.810314:258.750000,1504,True,12,12,1451,0.999999,23.3696,0,0.0131172,1503 1503 1552 1502 1450 1451 1553 1554 1505 1504 1452 -1
GCP,adapt_p80-40593177313954_a0-0_157_map.h5,26.8483,10,581,1054,9.594069:0.000000,1034,True,15,13,1034,0.999997,25.5067,0,0.0125067,967 967 1033 1100 1032 1099 1165 1166 1101 1034 1035 968 -1
GCP,adapt_p48-18968510422141_a258-75_494_map.h5,27.8932,10,709,712,41.810314:258.750000,1504,True,9,9,1504,0.999999,15.8041,0,0.0126006,1503 1503 1450 1451 1452 1505 1504 1553 -1
GCP,adapt_p48-18968510422141_a33-75_403_map.h5,27.8218,10,329,705,41.810314:33.750000,1471,True,20,13,1417,0.999854,24.9074,0,0.012936,1358 1358 1359 1360 1418 1472 1524 1523 1471 1417 1416 1470 -1
GCP,adapt_p48-18968510422141_a348-74999999999994_235_map.h5,26.8302,10,439,1167,41.810314:348.750000,1517,True,17,12,1518,0.999522,23.3302,0,0.0126473,1412 1412 1413 1467 1566 1519 1518 1466 1465 1517 1516 -1
GCP,adapt_p48-18968510422141_a168-74999999999997_135_map.h5,26.1134,10,93,1150,41.810314:168.750000,1491,False,127,12,1496,0.799594,24.5588,0,0.014396,1387 1443 1495 1494 1544 1545 1546 1496 1444 1497 1498 -1
GCP,adapt_p80-40593177313954_a157-5_110_map.h5,26.8682,10,556,1147,9.594069:157.500000,1063,True,12,12,1064,0.999999,23.6712,0,0.0125542,1063 1063 997 1065 1131 1130 1064 996 1062 1128 1129 -1
GCP,adapt_p80-40593177313954_a180-0_515_map.h5,26.7704,10,213,1070,9.594069:180.000000,1067,True,28,13,1133,0.9994,25.0677,0,0.0153702,1198 1198 1197 1131 1065 1066 1132 1133 1067 1068 1134 1199 -1
GCP,adapt_p70-52877936550931_a33-75_200_map.h5,26.8339,10,422,1109,19.471220:33.750000,1173,True,15,13,1171,0.999997,25.2903,0,0.012867,1235 1235 1236 1173 1107 1106 1172 1171 1105 1104 1170 1234 -1
GCP,adapt_p48-18968510422141_a326-24999999999994_257_map.h5,26.1585,10,140,1099,41.810314:326.250000,1514,False,120,12,1346,0.875797,25.1753,0,0.0142871,1224 1348 1405 1347 1404 1459 1403 1402 1345 1346 1285 -1
GCP,adapt_p80-40593177313954_a224-99999999999997_236_map.h5,26.8761,10,506,1097,9.594069:225.000000,1076,True,12,12,1076,0.999999,24.5924,0,0.0127348,1142 1143 1077 1009 1008 1074 1140 1141 1075 1076 1142 -1
GCP,adapt_p70-52877936550931_a168-74999999999997_13_map.h5,27.536,10,141,728,19.471220:168.750000,1197,True,59,13,1196,0.98626,26.8477,0,0.012801,1323 1261 1198 1131 1197 1260 1259 1196 1130 1129 1195 1194 -1
GCP,adapt_p23-556464309101234_a112-5_548_map.h5,26.8042,10,331,1181,66.443535:112.500000,1697,True,22,13,1726,0.999766,24.9529,0,0.0126186,1751 1751 1727 1726 1697 1662 1661 1696 1725 1750 1724 1695 -1
GCP,adapt_p70-52877936550931_a33-75_125_map.h5,25.8461,10,400,1477,19.471220:33.750000,1173,True,17,12,1237,0.999993,23.4697,0,0.0126483,1172 1172 1236 1299 1235 1173 1107 1174 1238 1237 1300 -1
GCP,adapt_p35-659087696138755_a195-0_581_map.h5,25.818,10,333,1496,54.340912:195.000000,1590,True,21,13,1589,0.999954,25.3552,0,0.0127269,1632 1632 1633 1590 1544 1543 1542 1588 1589 1631 1630 1587 -1
GCP,adapt_p35-659087696138755_a285-0_256_map.h5,27.8031,10,447,719,54.340912:285.000000,1601,True,20,13,1601,0.999679,25.2243,0,0.0126531,1506 1506 1505 1555 1600 1556 1507 1557 1601 1642 1643 1602 -1
GCP,adapt_p48-18968510422141_a258-75_478_map.h5,27.7778,10,182,800,41.810314:258.750000,1504,True,29,14,1553,0.99915,27.5969,0,0.0130164,1452 1452 1451 1503 1504 1505 1555 1554 1599 1598 1553 1552 1502 -1
GCP,adapt_p35-659087696138755_a14-999999999999998_200_map.h5,27.7895,10,228,816,54.340912:15.000000,1568,True,22,14,1568,0.999921,27.7424,0,0.0132467,1613 1613 1612 1611 1610 1519 1467 1468 1520 1567 1568 1521 1569 -1
GCP,adapt_p23-556464309101234_a22-5_442_map.h5,25.8272,10,458,1481,66.443535:22.500000,1689,True,17,12,1689,0.999949,24.1152,0,0.012609,1653 1689 1688 1652 1651 1687 1718 1719 1720 1690 1653 -1
GCP,adapt_p35-659087696138755_a255-00000000000003_358_map.h5,26.8653,10,631,1049,54.340912:255.000000,1598,True,13,13,1639,0.999999,25.8571,0,0.0135286,1597 1597 1553 1599 1598 1640 1677 1676 1639 1596 1638 1675 -1
GCP,adapt_p80-40593177313954_a180-0_25_map.h5,28.3912,10,100,418,9.594069:180.000000,1067,True,84,13,1197,0.979963,27.1187,0,0.0135368,1129 1195 1130 1196 1259 1197 1131 1066 1067 1133 1132 1198 -1
GCP,adapt_p48-18968510422141_a11-25_2_map.h5,28.45,10,89,379,41.810314:11.250000,1468,True,80,12,1289,0.915267,27.3227,0,0.0137683,1468 1469 1470 1416 1415 1351 1290 1350 1289 1288 1349 -1
GCP,adapt_p80-40593177313954_a157-5_292_map.h5,27.8062,10,462,732,9.594069:157.500000,1063,False,21,13,1066,0.999588,25.7474,0,0.0125974,1064 1064 1131 1130 1065 997 998 1066 1132 1133 1067 1068 -1
GCP,adapt_p48-18968510422141_a146-25_485_map.h5,26.8824,10,542,1130,41.810314:146.250000,1488,True,10,10,1488,0.999999,17.9275,0,0.0123308,1434 1434 1435 1436 1489 1539 1488 1487 1538 -1
GCP,adapt_p11-715852394892384_a45-0_300_map.h5,26.8617,10,551,1150,78.284149:45.000000,1766,True,14,13,1766,0.999998,24.5682,0,0.0130662,1783 1783 1784 1768 1767 1782 1781 1765 1766 1746 1747 1748 -1
GCP,adapt_p70-52877936550931_a213-75_537_map.h5,22.9402,10,95,1148,19.471220:213.750000,1205,False,616,7,1074,0.411464,21.1722,0,0.0499366,1691 1206 1141 1075 1140 1074 -1
GCP,adapt_p60-00000000000001_a22-5_271_map.h5,26.6405,10,65,401,30.000000:22.500000,1298,False,358,9,1412,0.526974,24.4417,0,0.0248675,1214 1518 1466 1411 1354 1355 1413 1412 -1
GCP,adapt_p35-659087696138755_a105-0_107_map.h5,25.8716,10,471,1339,54.340912:105.000000,1579,True,12,12,1622,0.999999,22.9115,0,0.013154,1623 1623 1580 1533 1532 1578 1579 1622 1661 1660 1621 -1
GCP,adapt_p70-52877936550931_a348-74999999999994_461_map.h5,27.7677,10,232,759,19.471220:348.750000,1229,True,28,13,1166,0.998432,25.4617,0,0.0130502,1168 1168 1102 1101 1167 1166 1165 1230 1292 1229 1164 1228 -1
GCP,adapt_p23-556464309101234_a247-49999999999997_64_map.h5,25.5927,10,122,1493,66.443535:247.500000,1708,True,56,12,1708,0.977044,24.0121,0,0.0130884,1758 1735 1708 1709 1676 1675 1638 1674 1707 1706 1734 -1
GCP,adapt_p60-00000000000001_a157-5_365_map.h5,26.8622,10,527,1154,30.000000:157.500000,1320,True,13,13,1320,0.999999,25.1638,0,0.0125364,1258 1258 1259 1321 1320 1319 1257 1256 1318 1377 1378 1379 -1
GCP,adapt_p11-715852394892384_a45-0_262_map.h5,26.6422,10,177,1095,78.284149:45.000000,1766,True,50,13,1767,0.987468,26.6369,0,0.0126349,1784 1783 1769 1750 1768 1767 1766 1747 1748 1749 1724 1723 -1
GCP,adapt_p23-556464309101234_a247-49999999999997_419_map.h5,25.82,10,77,1198,66.443535:247.500000,1708,False,178,12,1709,0.637081,24.932,0,0.0155713,1744 1781 1791 1797 1790 1789 1777 1736 1709 1676 1677 -1
GCP,adapt_p80-40593177313954_a135-0_475_map.h5,25.5577,10,149,1473,9.594069:135.000000,1059,False,57,12,1127,0.913482,24.4431,0,0.013097,1062 1128 1194 1257 1318 1256 1193 1127 1061 1126 1192 -1
GCP,adapt_p48-18968510422141_a213-75_415_map.h5,26.871,10,537,1128,41.810314:213.750000,1497,True,13,13,1444,0.999999,25.5478,0,0.0128448,1443 1443 1387 1444 1496 1495 1546 1547 1497 1548 1498 1445 -1
GCP,adapt_p70-52877936550931_a168-74999999999997_298_map.h5,27.864,10,571,715,19.471220:168.750000,1197,True,12,12,1197,0.999999,22.9547,0,0.012787,1131 1131 1130 1195 1259 1196 1197 1260 1261 1198 1132 -1
GCP,adapt_p60-00000000000001_a315-0_496_map.h5,26.8821,10,604,1147,30.000000:315.000000,1346,True,9,9,1346,0.999999,15.7555,0,0.012724,1347 1347 1404 1346 1286 1285 1284 1345 -1
GCP,adapt_p70-52877936550931_a146-25_512_map.h5,26.8413,10,451,1144,19.471220:146.250000,1193,True,15,13,1128,0.999998,25.3364,0,0.0134369,1193 1193 1194 1195 1130 1064 1063 1129 1062 1128 1127 1061 -1
GCP,adapt_p35-659087696138755_a255-00000000000003_78_map.h5,24.9106,10,71,744,54.340912:255.000000,1598,False,492,10,1754,0.507351,22.9314,0,0.0357775,1440 1443 1703 1731 1702 1730 1754 1753 1729 -1
GCP,adapt_p35-659087696138755_a195-0_329_map.h5,26.8722,10,579,1144,54.340912:195.000000,1590,True,11,11,1633,0.999999,20.1948,0,0.0135849,1632 1632 1589 1590 1591 1633 1670 1671 1634 1592 -1
GCP,adapt_p60-00000000000001_a224-99999999999997_545_map.h5,25.3593,10,125,1471,30.000000:225.000000,1331,True,87,11,1389,0.920823,23.6665,0,0.013507,1137 1330 1388 1445 1446 1390 1332 1389 1331 1269 -1
GCP,adapt_p80-40593177313954_a67-5_546_map.h5,26.8714,10,634,1091,9.594069:67.500000,1047,True,12,12,1047,0.999999,23.5771,0,0.0123732,1113 1113 1112 1114 1048 980 1047 979 1046 978 1045 -1
GCP,adapt_p70-52877936550931_a326-24999999999994_252_map.h5,26.8733,10,693,1057,19.471220:326.250000,1225,True,10,10,1225,0.999999,18.5499,0,0.0125,1226 1226 1160 1161 1225 1224 1287 1288 1289 -1
GCP,adapt_p80-40593177313954_a337-49999999999994_449_map.h5,27.5893,10,91,366,9.594069:337.500000,1097,True,211,13,1099,0.846395,27.5205,0,0.0172341,1293 1165 1100 1032 1031 1099 1164 1098 1030 1097 1163 1162 -1
GCP,adapt_p60-00000000000001_a112-49999999999999_557_map.h5,28.632,10,152,376,30.000000:112.500000,1313,True,48,13,1251,0.981567,26.708,0,0.0127857,1370 1311 1249 1312 1250 1187 1188 1251 1252 1315 1314 1313 -1
GCP,adapt_p80-40593177313954_a247-49999999999997_415_map.h5,27.79,10,260,727,9.594069:247.500000,1080,True,22,14,1147,0.999941,27.636,0,0.0128286,1213 1213 1148 1147 1212 1275 1274 1211 1146 1081 1080 1145 1210 -1
GCP,adapt_p80-40593177313954_a202-49999999999997_253_map.h5,25.7739,10,354,1584,9.594069:202.500000,1072,True,25,13,1004,0.999212,25.6008,0,0.0128826,1002 1002 1069 1070 1003 1071 1137 1072 1004 1005 1073 1006 -1
GCP,adapt_p23-556464309101234_a202-5_454_map.h5,25.7993,10,327,1542,66.443535:202.500000,1704,True,23,13,1733,0.99991,25.7191,0,0.0124605,1757 1757 1756 1734 1707 1733 1732 1704 1705 1706 1673 1672 -1
GCP,adapt_p23-556464309101234_a292-5_566_map.h5,26.8722,10,456,1132,66.443535:292.500000,1712,True,12,12,1712,0.999999,22.6936,0,0.0125419,1713 1713 1712 1679 1680 1681 1714 1740 1739 1738 1711 -1
GCP,adapt_p70-52877936550931_a56-24999999999999_235_map.h5,25.8403,10,394,1506,19.471220:56.250000,1177,True,17,12,1110,0.999888,23.0902,0,0.0124853,1109 1109 1110 1111 1178 1241 1177 1240 1239 1176 1175 -1
GCP,adapt_p80-40593177313954_a224-99999999999997_505_map.h5,26.8698,10,398,1118,9.594069:225.000000,1076,True,14,13,1075,0.999998,25.3784,0,0.0130519,1076 1076 1142 1077 1009 1008 1007 1075 1141 1140 1074 1006 -1
GCP,adapt_p48-18968510422141_a168-74999999999997_412_map.h5,27.7897,10,282,702,41.810314:168.750000,1491,True,23,13,1437,0.999548,25.5849,0,0.0130671,1381 1381 1439 1492 1491 1438 1380 1437 1490 1541 1489 1436 -1
GCP,adapt_p11-715852394892384_a225-0_254_map.h5,27.886,10,695,739,78.284149:225.000000,1774,True,9,9,1774,0.999998,15.5057,0,0.012756,1787 1787 1773 1788 1775 1774 1756 1757 -1
GCP,adapt_p60-00000000000001_a247-49999999999997_94_map.h5,27.8855,10,510,780,30.000000:247.500000,1335,True,10,10,1394,0.999999,17.9656,0,0.0122589,1395 1395 1394 1393 1335 1274 1275 1336 1337 -1
GCP,adapt_p70-52877936550931_a303-75_374_map.h5,28.7081,10,147,353,19.471220:303.750000,1221,True,39,14,1283,0.994015,27.5699,0,0.012706,1156 1156 1221 1284 1345 1402 1344 1343 1282 1219 1155 1220 1283 -1
GCP,adapt_p11-715852394892384_a45-0_136_map.h5,25.8253,10,356,1490,78.284149:45.000000,1766,True,20,12,1766,0.99969,22.2287,0,0.0125431,1747 1747 1767 1782 1781 1780 1765 1766 1746 1745 1744 -1
GCP,adapt_p48-18968510422141_a191-25_344_map.h5,25.8531,10,356,1484,41.810314:191.250000,1494,True,15,13,1544,0.999996,25.8295,0,0.0126763,1545 1545 1495 1590 1589 1544 1543 1492 1440 1493 1494 1441 -1
GCP,adapt_p23-556464309101234_a247-49999999999997_24_map.h5,26.8734,10,544,1147,66.443535:247.500000,1708,True,11,11,1709,0.999999,20.9005,0,0.012476,1675 1675 1674 1676 1710 1737 1736 1709 1708 1735 -1
GCP,adapt_p35-659087696138755_a344-99999999999994_224_map.h5,27.8933,10,709,721,54.340912:345.000000,1609,True,6,6,1609,0.999999,8.24961,0,0.0124274,1649 1649 1650 1609 1608 -1
GCP,adapt_p48-18968510422141_a168-74999999999997_281_map.h5,25.7664,10,279,1550,41.810314:168.750000,1491,True,28,13,1382,0.999513,25.2045,0,0.013388,1324 1324 1323 1381 1438 1437 1491 1492 1439 1382 1383 1440 -1
GCP,adapt_p80-40593177313954_a315-0_354_map.h5,27.7308,10,302,733,9.594069:315.000000,1093,True,29,13,1094,0.997902,25.8506,0,0.0129465,1157 1157 1092 1158 1159 1093 1026 1094 1160 1027 1095 1161 -1
GCP,adapt_p35-659087696138755_a75-0_353_map.h5,26.8562,10,544,1117,54.340912:75.000000,1576,True,14,13,1575,0.999999,25.7346,0,0.0125738,1576 1576 1528 1529 1575 1574 1617 1618 1657 1658 1619 1620 -1
GCP,adapt_p60-00000000000001_a112-49999999999999_553_map.h5,26.8576,10,521,1113,30.000000:112.500000,1313,True,14,13,1313,0.999998,25.6265,0,0.0131719,1314 1314 1252 1251 1250 1313 1373 1372 1371 1312 1249 1311 -1
GCP,adapt_p60-00000000000001_a90-0_294_map.h5,26.8784,10,578,1186,30.000000:90.000000,1309,True,8,8,1368,0.999999,13.7162,0,0.0124071,1309 1309 1308 1367 1310 1369 1368 -1
GCP,adapt_p80-40593177313954_a292-5_324_map.h5,25.7828,10,235,1568,9.594069:292.500000,1088,True,27,12,1089,0.999297,23.2745,0,0.0129564,1156 1156 1090 1021 1089 1155 1154 1088 1020 1087 1153 -1
GCP,adapt_p48-18968510422141_a123-74999999999999_388_map.h5,26.7481,10,198,1140,41.810314:123.750000,1484,True,29,13,1431,0.996868,25.7687,0,0.0126515,1373 1373 1430 1483 1535 1484 1431 1374 1375 1432 1485 1433 -1
GCP,adapt_p48-18968510422141_a258-75_43_map.h5,26.8541,10,564,1115,41.810314:258.750000,1504,True,13,13,1502,0.999999,26.0833,0,0.0127478,1451 1451 1502 1552 1551 1449 1450 1503 1553 1554 1504 1452 -1
GCP,adapt_p48-18968510422141_a348-74999999999994_559_map.h5,27.8493,10,283,739,41.810314:348.750000,1517,True,12,12,1566,0.999999,23.6988,0,0.0124671,1610 1610 1518 1519 1567 1566 1517 1516 1565 1609 1608 -1
GCP,adapt_p80-40593177313954_a292-5_498_map.h5,26.8641,10,613,1088,9.594069:292.500000,1088,True,14,13,1089,0.999998,26.2876,0,0.0126641,1154 1154 1021 1088 1153 1087 1020 1089 1090 1156 1155 1220 -1
GCP,adapt_p11-715852394892384_a135-0_236_map.h5,26.8791,10,535,1079,78.284149:135.000000,1770,True,13,13,1753,0.999999,25.0988,0,0.0126953,1770 1770 1771 1772 1786 1785 1751 1752 1728 1729 1753 1754 -1
GCP,adapt_p60-00000000000001_a270-0_389_map.h5,26.8463,10,466,1087,30.000000:270.000000,1339,True,11,11,1339,0.999998,20.7872,0,0.0125495,1278 1278 1338 1277 1339 1397 1398 1340 1279 1341 -1
GCP,adapt_p80-40593177313954_a0-0_136_map.h5,27.6781,10,230,764,9.594069:0.000000,1034,True,41,13,1100,0.997762,27.3193,0,0.0127098,1035 1101 1167 1166 1034 1033 1100 1032 1099 1165 1230 1164 -1
GCP,adapt_p48-18968510422141_a56-24999999999999_382_map.h5,25.8332,10,335,1462,41.810314:56.250000,1475,True,17,13,1475,0.999904,25.4367,0,0.0125923,1421 1421 1422 1476 1475 1527 1526 1474 1420 1525 1473 1419 -1
GCP,adapt_p23-556464309101234_a202-5_115_map.h5,24.22,10,108,1489,66.443535:202.500000,1704,False,269,10,1335,0.860457,22.8081,0,0.0196248,1545 1334 1273 1274 1335 1393 1394 1336 1337 -1
GCP,adapt_p48-18968510422141_a236-25_445_map.h5,26.7546,10,446,1141,41.810314:236.250000,1501,False,27,13,1447,0.998568,25.5414,0,0.013255,1331 1331 1330 1388 1445 1499 1446 1389 1390 1447 1448 1391 -1
GCP,adapt_p11-715852394892384_a45-0_107_map.h5,27.8974,10,658,722,78.284149:45.000000,1766,True,8,8,1766,0.999999,12.7529,0,0.0123692,1746 1746 1747 1767 1766 1765 1745 -1
GCP,adapt_p35-659087696138755_a75-0_83_map.h5,25.8311,10,342,1555,54.340912:75.000000,1576,True,17,13,1576,0.999995,25.6819,0,0.0126631,1577 1577 1620 1619 1575 1528 1477 1529 1576 1530 1478 1531 -1
GCP,adapt_p35-659087696138755_a75-0_388_map.h5,26.8233,10,405,1114,54.340912:75.000000,1576,True,18,13,1621,0.999835,25.6806,0,0.0124865,1658 1658 1619 1694 1659 1660 1622 1621 1620 1576 1577 1578 -1
GCP,adapt_p70-52877936550931_a168-74999999999997_140_map.h5,26.8449,10,469,1123,19.471220:168.750000,1197,True,14,13,1198,0.999999,25.4883,0,0.0128356,1262 1262 1263 1200 1134 1133 1132 1198 1199 1261 1260 1197 -1
GCP,adapt_p70-52877936550931_a78-75_213_map.h5,25.8326,10,330,1482,19.471220:78.750000,1181,True,17,13,1244,0.999987,25.6612,0,0.0131868,1179 1179 1243 1180 1181 1182 1245 1244 1307 1306 1242 1178 -1
GCP,adapt_p70-52877936550931_a258-75_420_map.h5,27.8027,10,224,752,19.471220:258.750000,1213,False,20,13,1337,0.999938,25.3008,0,0.013093,1336 1336 1274 1212 1275 1276 1337 1395 1396 1338 1277 1339 -1
GCP,adapt_p80-40593177313954_a112-49999999999999_137_map.h5,27.6139,10,223,750,9.594069:112.500000,1055,True,51,13,1054,0.982201,25.357,0,0.0128233,1056 1056 1122 1055 987 1054 986 1053 1119 1120 1121 1187 -1
GCP,adapt_p60-00000000000001_a180-0_598_map.h5,27.8919,10,724,761,30.000000:180.000000,1324,True,8,8,1382,0.999999,13.224,0,0.012917,1324 1324 1325 1383 1382 1323 1381 -1
GCP,adapt_p48-18968510422141_a168-74999999999997_91_map.h5,28.257,10,57,373,41.810314:168.750000,1491,True,107,13,1541,0.9797,27.1176,0,0.0135739,1380 1490 1541 1540 1489 1539 1585 1586 1587 1588 1542 1491 -1
GCP,adapt_p70-52877936550931_a348-74999999999994_150_map.h5,26.8552,10,390,1111,19.471220:348.750000,1229,True,16,13,1229,0.999997,25.4929,0,0.0125838,1228 1228 1164 1165 1230 1166 1167 1293 1292 1229 1291 1290 -1
GCP,adapt_p23-556464309101234_a157-5_263_map.h5,25.8275,10,297,1499,66.443535:157.500000,1701,True,20,12,1728,0.999933,24.1462,0,0.0133402,1701 1700 1728 1729 1753 1752 1727 1699 1665 1666 1701 -1
GCP,adapt_p48-18968510422141_a303-75_345_map.h5,27.8603,10,372,813,41.810314:303.750000,1510,True,12,12,1458,0.999998,22.9352,0,0.0125531,1510 1510 1511 1460 1459 1403 1458 1402 1401 1457 1509 -1
GCP,adapt_p70-52877936550931_a191-25_417_map.h5,26.8028,10,374,993,19.471220:191.250000,1201,True,25,13,1201,0.999883,25.3874,0,0.0129903,1136 1136 1202 1265 1264 1201 1263 1200 1135 1134 1199 1133 -1
GCP,adapt_p80-40593177313954_a135-0_270_map.h5,26.8813,10,572,1151,9.594069:135.000000,1059,True,11,11,1060,0.999999,20.8668,0,0.0125272,992 992 1058 991 1059 1060 1126 1127 1061 993 -1
GCP,adapt_p35-659087696138755_a165-0_486_map.h5,26.8509,10,459,1074,54.340912:165.000000,1587,True,14,13,1587,0.999997,25.0575,0,0.0129152,1630 1630 1629 1667 1666 1628 1585 1586 1587 1588 1542 1541 -1
GCP,adapt_p70-52877936550931_a123-74999999999999_36_map.h5,26.8581,10,662,1051,19.471220:123.750000,1189,True,15,13,1188,0.999996,26.1833,0,0.0127087,1189 1189 1253 1252 1250 1251 1188 1123 1122 1121 1187 1186 -1
GCP,adapt_p80-40593177313954_a337-49999999999994_445_map.h5,27.8212,10,387,721,9.594069:337.500000,1097,True,19,13,1097,0.99988,25.9026,0,0.0126007,1162 1162 1161 1095 1096 1029 1097 1163 1164 1098 1030 1099 -1
GCP,adapt_p70-52877936550931_a303-75_197_map.h5,28.0394,10,113,395,19.471220:303.750000,1221,True,138,13,1157,0.948442,27.1246,0,0.0143844,1347 1223 1158 1092 1091 1090 1155 1220 1221 1156 1157 1222 -1
GCP,adapt_p80-40593177313954_a180-0_158_map.h5,25.6519,10,107,1440,9.594069:180.000000,1067,False,47,12,1707,0.982573,23.8573,0,0.0129228,1675 1674 1637 1636 1673 1706 1733 1734 1735 1708 1707 -1
GCP,adapt_p35-659087696138755_a135-0_191_map.h5,26.6881,10,166,1164,54.340912:135.000000,1583,True,41,13,1582,0.993145,26.5466,0,0.0127008,1487 1486 1536 1535 1581 1582 1625 1626 1583 1537 1538 1584 -1
GCP,adapt_p23-556464309101234_a202-5_206_map.h5,26.8603,10,482,1144,66.443535:202.500000,1704,True,11,11,1732,0.999998,20.1823,0,0.0125008,1733 1733 1705 1704 1703 1731 1755 1732 1756 1757 -1
GCP,adapt_p48-18968510422141_a123-74999999999999_476_map.h5,26.8671,10,460,1156,41.810314:123.750000,1484,True,12,12,1430,0.999999,23.8239,0,0.0127102,1373 1373 1432 1485 1484 1431 1374 1430 1372 1429 1483 -1
GCP,adapt_p70-52877936550931_a101-24999999999999_570_map.h5,26.837,10,434,1208,19.471220:101.250000,1185,True,15,13,1185,0.999983,25.3692,0,0.0127961,1184 1184 1183 1247 1248 1185 1249 1186 1120 1119 1118 1052 -1
GCP,adapt_p80-40593177313954_a67-5_322_map.h5,25.6396,10,85,737,9.594069:67.500000,1047,False,355,5,1671,0.2477,23.4916,0,0.0250921,1355 1359 1705 1671 -1
GCP,adapt_p48-18968510422141_a56-24999999999999_399_map.h5,26.7161,10,195,1105,41.810314:56.250000,1475,False,36,13,1575,0.993988,26.1563,0,0.0127053,1529 1529 1476 1527 1574 1618 1658 1619 1575 1528 1576 1620 -1
GCP,adapt_p48-18968510422141_a326-24999999999994_401_map.h5,26.8383,10,551,1059,41.810314:326.250000,1514,True,15,13,1462,0.999997,25.7106,0,0.0124827,1514 1514 1562 1513 1461 1405 1406 1462 1563 1515 1463 1407 -1
GCP,adapt_p60-00000000000001_a22-5_453_map.h5,26.8722,10,579,1173,30.000000:22.500000,1298,True,12,12,1357,0.999999,22.9346,0,0.0125661,1356 1356 1296 1355 1414 1415 1357 1358 1299 1298 1297 -1
GCP,adapt_p35-659087696138755_a344-99999999999994_100_map.h5,27.8143,10,62,399,54.340912:345.000000,1609,True,173,13,1566,0.796305,27.7205,0,0.0152395,1288 1350 1351 1291 1352 1466 1518 1517 1566 1610 1609 1650 -1
GCP,adapt_p60-00000000000001_a292-5_24_map.h5,28.6611,10,99,357,30.000000:292.500000,1343,False,48,14,1459,0.995624,28.6028,0,0.0127377,1560 1511 1512 1460 1404 1403 1459 1458 1402 1401 1457 1509 1510 -1
GCP,adapt_p35-659087696138755_a75-0_554_map.h5,26.8586,10,459,1128,54.340912:75.000000,1576,True,13,13,1619,0.999998,25.3233,0,0.0131698,1575 1575 1574 1618 1657 1619 1576 1577 1621 1620 1658 1659 -1
GCP,adapt_p80-40593177313954_a135-0_50_map.h5,26.8531,10,495,1130,9.594069:135.000000,1059,True,14,13,992,0.999998,25.791,0,0.0126861,1060 1060 994 1061 993 992 925 924 991 1059 1058 990 -1
GCP,adapt_p35-659087696138755_a105-0_332_map.h5,25.0172,10,28,764,54.340912:105.000000,1579,False,492,11,1625,0.524254,23.4679,0,0.0362222,1784 1664 1626 1583 1582 1536 1535 1581 1624 1625 -1
GCP,adapt_p60-00000000000001_a90-0_389_map.h5,26.8469,10,433,1176,30.000000:90.000000,1309,True,15,13,1309,0.999997,25.5158,0,0.0128487,1367 1367 1308 1307 1245 1246 1309 1368 1369 1310 1247 1311 -1
GCP,adapt_p80-40593177313954_a45-0_62_map.h5,27.8207,10,239,747,9.594069:45.000000,1042,True,22,13,975,0.999934,25.8791,0,0.0131363,1044 1044 977 976 1043 1042 975 908 974 1041 973 1040 -1
GCP,adapt_p48-18968510422141_a78-75_200_map.h5,26.8659,10,417,1145,41.810314:78.750000,1478,True,13,13,1478,0.999999,25.0032,0,0.0128613,1530 1530 1529 1477 1423 1424 1478 1479 1425 1426 1480 1531 -1
GCP,adapt_p35-659087696138755_a105-0_41_map.h5,24.2712,10,102,1489,54.340912:105.000000,1579,True,270,10,1535,0.602803,23.0497,0,0.0194398,1725 1770 1771 1772 1579 1580 1534 1581 1535 -1
GCP,adapt_p35-659087696138755_a45-0_82_map.h5,26.8914,10,659,1061,54.340912:45.000000,1572,True,7,7,1571,0.999999,10.5409,0,0.0123843,1572 1572 1616 1615 1571 1570 -1
GCP,adapt_p23-556464309101234_a112-5_405_map.h5,26.8763,10,495,1213,66.443535:112.500000,1697,True,11,11,1696,0.999999,20.7558,0,0.0124882,1662 1662 1698 1663 1697 1726 1725 1696 1661 1695 -1
GCP,adapt_p70-52877936550931_a213-75_117_map.h5,27.8151,10,292,727,19.471220:213.750000,1205,True,22,13,1269,0.99899,26.0615,0,0.0126285,1204 1204 1268 1330 1267 1205 1140 1206 1207 1270 1269 1331 -1
GCP,adapt_p48-18968510422141_a326-24999999999994_370_map.h5,26.8583,10,427,1162,41.810314:326.250000,1514,True,16,13,1514,0.999985,26.1584,0,0.0125055,1563 1563 1513 1461 1512 1561 1562 1514 1462 1463 1515 1607 -1
GCP,adapt_p11-715852394892384_a225-0_321_map.h5,27.8231,10,278,710,78.284149:225.000000,1774,True,19,13,1758,0.999986,25.4765,0,0.0127385,1775 1775 1756 1774 1757 1733 1734 1735 1758 1776 1759 1736 -1
GCP,adapt_p35-659087696138755_a195-0_155_map.h5,26.5514,10,139,1111,54.340912:195.000000,1590,False,64,12,1443,0.98127,24.8253,0,0.0134396,1441 1442 1385 1495 1443 1386 1387 1444 1445 1497 1496 -1
GCP,adapt_p80-40593177313954_a135-0_326_map.h5,26.8722,10,577,1172,9.594069:135.000000,1059,True,11,11,1058,0.999999,20.9625,0,0.0126032,1057 1057 1058 1059 1125 1124 1056 1122 1123 1189 -1
GCP,adapt_p70-52877936550931_a191-25_579_map.h5,27.7981,10,461,706,19.471220:191.250000,1201,True,19,13,1201,0.999976,25.6555,0,0.0127568,1202 1202 1203 1137 1201 1264 1263 1200 1134 1135 1136 1070 -1
GCP,adapt_p11-715852394892384_a315-0_520_map.h5,26.75,10,190,1152,78.284149:315.000000,1778,True,30,13,1761,0.998398,25.1154,0,0.0127935,1777 1777 1778 1762 1763 1740 1739 1738 1761 1760 1737 1759 -1
GCP,adapt_p48-18968510422141_a123-74999999999999_533_map.h5,27.8435,10,325,709,41.810314:123.750000,1484,True,19,14,1431,0.999988,27.7659,0,0.0132952,1484 1484 1430 1373 1315 1374 1431 1432 1375 1433 1486 1485 1536 -1
GCP,adapt_p48-18968510422141_a11-25_58_map.h5,26.63,10,120,1160,41.810314:11.250000,1468,True,50,13,1413,0.974945,25.8382,0,0.0127941,1520 1520 1469 1414 1468 1413 1412 1466 1517 1518 1519 1467 -1
GCP,adapt_p23-556464309101234_a247-49999999999997_22_map.h5,27.8807,10,622,727,66.443535:247.500000,1708,True,10,10,1708,0.999999,17.9709,0,0.0130456,1735 1735 1707 1674 1675 1708 1736 1709 1676 -1
GCP,adapt_p48-18968510422141_a56-24999999999999_481_map.h5,26.8708,10,440,1093,41.810314:56.250000,1475,True,11,11,1421,0.999999,22.3321,0,0.0128479,1475 1474 1420 1362 1363 1421 1422 1476 1526 1475 -1
GCP,adapt_p80-40593177313954_a0-0_503_map.h5,26.788,10,301,1077,9.594069:0.000000,1034,True,26,13,1034,0.998784,25.5086,0,0.0128066,967 967 1033 1034 1035 1102 1101 1166 1100 1032 1099 1165 -1
GCP,adapt_p80-40593177313954_a22-5_420_map.h5,26.855,10,632,1045,9.594069:22.500000,1038,True,12,12,1038,0.999999,23.0882,0,0.0127819,970 970 971 1039 1038 1104 1037 969 968 1036 1103 -1
GCP,adapt_p48-18968510422141_a213-75_197_map.h5,25.8162,10,345,1446,41.810314:213.750000,1497,True,17,13,1445,0.999794,25.3645,0,0.0125877,1446 1446 1388 1387 1444 1445 1498 1548 1547 1497 1496 1443 -1
GCP,adapt_p48-18968510422141_a191-25_148_map.h5,27.8847,10,651,773,41.810314:191.250000,1494,True,8,8,1441,0.999999,13.6452,0,0.013098,1494 1494 1495 1442 1493 1440 1441 -1
GCP,adapt_p60-00000000000001_a0-0_171_map.h5,26.8463,10,405,1125,30.000000:0.000000,1294,True,15,13,1294,0.999997,26.402,0,0.0125349,1293 1293 1411 1292 1353 1294 1231 1232 1295 1354 1355 1296 -1
GCP,adapt_p48-18968510422141_a146-25_6_map.h5,26.8774,10,542,1102,41.810314:146.250000,1488,True,12,12,1487,0.999999,22.9072,0,0.0124322,1538 1538 1539 1489 1435 1488 1487 1434 1433 1486 1537 -1
GCP,adapt_p80-40593177313954_a315-0_477_map.h5,26.8194,10,435,1141,9.594069:315.000000,1093,True,18,13,1092,0.999961,26.6693,0,0.0133474,1093 1093 1094 1025 1092 1159 1158 1157 1091 1221 1156 1090 -1
GCP,adapt_p70-52877936550931_a101-24999999999999_387_map.h5,27.3691,10,58,713,19.471220:101.250000,1185,False,76,12,1371,0.981416,25.0944,0,0.0136762,1531 1369 1427 1428 1429 1372 1313 1312 1371 1370 1311 -1
GCP,adapt_p70-52877936550931_a281-24999999999994_562_map.h5,26.7272,10,157,1149,19.471220:281.250000,1217,True,32,13,1217,0.99722,25.2033,0,0.0126007,1154 1154 1219 1281 1218 1153 1217 1152 1151 1216 1279 1280 -1
GCP,adapt_p80-40593177313954_a224-99999999999997_493_map.h5,25.8129,10,475,1484,9.594069:225.000000,1076,True,19,13,1076,0.999954,25.6936,0,0.0128929,1008 1008 1077 1078 1010 1009 1076 1142 1141 1075 1074 1140 -1
GCP,adapt_p23-556464309101234_a337-5_243_map.h5,26.8572,10,476,1158,66.443535:337.500000,1716,True,14,13,1687,0.999998,25.1134,0,0.0125956,1685 1685 1686 1651 1688 1718 1743 1687 1717 1742 1716 1684 -1
GCP,adapt_p80-40593177313954_a292-5_327_map.h5,23.0479,10,117,1919,9.594069:292.500000,1088,False,261,7,1069,0.391603,23.0154,0,0.0187812,1155 1070 1069 1132 1131 1197 -1
GCP,adapt_p80-40593177313954_a337-49999999999994_196_map.h5,24.1651,10,66,1469,9.594069:337.500000,1097,False,253,11,901,0.914226,23.6538,0,0.01931,1038 902 901 900 899 967 968 969 1036 1167 -1
GCP,adapt_p60-00000000000001_a202-49999999999997_569_map.h5,28.8563,10,380,347,30.000000:202.500000,1328,True,13,13,1328,0.999999,25.1366,0,0.0124724,1265 1265 1264 1326 1327 1328 1266 1267 1329 1387 1386 1385 -1
GCP,adapt_p48-18968510422141_a303-75_562_map.h5,26.7322,10,167,1138,41.810314:303.750000,1510,True,33,13,1459,0.99594,24.9676,0,0.0135869,1512 1512 1460 1404 1403 1459 1511 1510 1458 1402 1457 1401 -1
GCP,adapt_p80-40593177313954_a112-49999999999999_354_map.h5,26.867,10,555,1130,9.594069:112.500000,1055,True,14,13,1054,0.999998,25.568,0,0.0127884,1055 1055 988 987 986 1054 1121 1120 1119 1053 985 1052 -1
GCP,adapt_p70-52877936550931_a11-25_299_map.h5,26.79,10,225,1085,19.471220:11.250000,1169,True,24,13,1169,0.999843,25.8778,0,0.0128099,1102 1102 1232 1168 1169 1103 1104 1170 1233 1234 1171 1235 -1
GCP,adapt_p48-18968510422141_a168-74999999999997_384_map.h5,26.8664,10,636,1100,41.810314:168.750000,1491,True,11,11,1491,0.999998,20.634,0,0.0123805,1490 1490 1491 1438 1437 1489 1540 1541 1542 1492 -1
GCP,adapt_p60-00000000000001_a292-5_69_map.h5,25.6581,10,88,1174,30.000000:292.500000,1343,False,197,11,1135,0.83517,23.1603,0,0.0182752,1073 1137 1070 1069 1136 1201 1200 1135 1134 1199 -1
GCP,adapt_p80-40593177313954_a315-0_39_map.h5,27.8421,10,441,673,9.594069:315.000000,1093,True,17,13,1092,0.999997,26.277,0,0.0126135,1093 1093 1024 1025 1092 1159 1158 1157 1091 1023 1090 1156 -1
GCP,adapt_p48-18968510422141_a213-75_331_map.h5,26.827,10,450,1141,41.810314:213.750000,1497,True,17,13,1546,0.999958,25.8904,0,0.012853,1592 1592 1548 1498 1444 1497 1547 1591 1546 1496 1495 1545 -1
GCP,adapt_p23-556464309101234_a22-5_596_map.h5,26.8543,10,411,1154,66.443535:22.500000,1689,True,15,13,1689,0.999996,25.1929,0,0.0134991,1653 1653 1613 1652 1651 1687 1718 1688 1719 1689 1690 1720 -1
GCP,adapt_p60-00000000000001_a224-99999999999997_392_map.h5,28.5419,10,124,325,30.000000:225.000000,1331,True,66,13,1331,0.978796,26.4343,0,0.0128725,1445 1388 1330 1331 1389 1446 1447 1390 1332 1333 1391 1448 -1
GCP,adapt_p35-659087696138755_a344-99999999999994_596_map.h5,26.8787,10,580,1137,54.340912:345.000000,1609,True,11,11,1609,0.999999,20.3233,0,0.0131052,1649 1649 1650 1609 1610 1566 1565 1564 1608 1607 -1
GCP,adapt_p60-00000000000001_a247-49999999999997_362_map.h5,26.8424,10,605,1085,30.000000:247.500000,1335,True,11,11,1336,0.999999,21.2777,0,0.0123482,1394 1394 1337 1276 1395 1336 1275 1274 1335 1393 -1
GCP,adapt_p48-18968510422141_a326-24999999999994_539_map.h5,26.8891,10,817,1131,41.810314:326.250000,1514,True,7,7,1462,0.999999,10.9471,0,0.0126632,1514 1514 1562 1513 1462 1461 -1
GCP,adapt_p23-556464309101234_a202-5_127_map.h5,27.8204,10,260,770,66.443535:202.500000,1704,True,20,14,1731,0.999943,27.4272,0,0.0133102,1703 1703 1670 1671 1705 1704 1732 1733 1756 1755 1731 1730 1754 -1
GCP,adapt_p60-00000000000001_a67-5_224_map.h5,26.8822,10,485,1044,30.000000:67.500000,1305,True,10,10,1306,0.999999,18.4457,0,0.0126163,1305 1305 1243 1242 1306 1307 1366 1365 1364 -1
GCP,adapt_p60-00000000000001_a292-5_547_map.h5,26.1628,10,176,1112,30.000000:292.500000,1343,False,123,11,1217,0.91814,24.9004,0,0.013988,1143 1274 1336 1337 1216 1152 1217 1218 1153 1154 -1
GCP,adapt_p80-40593177313954_a22-5_285_map.h5,27.8293,10,262,765,9.594069:22.500000,1038,True,19,13,970,0.999945,26.0784,0,0.0125274,969 969 968 1036 1038 1104 1103 1037 970 903 971 1039 -1
GCP,adapt_p35-659087696138755_a165-0_266_map.h5,26.8823,10,610,1100,54.340912:165.000000,1587,True,10,10,1586,0.999999,18.2551,0,0.0124534,1629 1629 1585 1628 1586 1540 1541 1587 1630 -1
GCP,adapt_p60-00000000000001_a45-0_94_map.h5,26.8641,10,487,1088,30.000000:45.000000,1301,True,14,13,1301,0.999997,25.5733,0,0.0127106,1302 1302 1362 1420 1419 1361 1238 1301 1360 1359 1300 1237 -1
GCP,adapt_p80-40593177313954_a337-49999999999994_86_map.h5,26.8402,10,414,1155,9.594069:337.500000,1097,True,16,13,1096,0.99997,26.2917,0,0.0126041,1161 1161 1227 1162 1097 1163 1228 1164 1098 1029 1096 1095 -1
GCP,adapt_p60-00000000000001_a292-5_577_map.h5,26.6331,10,161,1097,30.000000:292.500000,1343,True,47,13,1343,0.989818,25.6336,0,0.0126436,1345 1345 1402 1344 1283 1282 1343 1281 1342 1341 1400 1401 -1
GCP,adapt_p48-18968510422141_a56-24999999999999_381_map.h5,26.8781,10,552,1152,41.810314:56.250000,1475,True,13,13,1421,0.999999,25.2789,0,0.0127,1475 1475 1476 1528 1527 1474 1420 1421 1363 1364 1422 1423 -1
GCP,adapt_p70-52877936550931_a281-24999999999994_210_map.h5,26.881,10,622,1089,19.471220:281.250000,1217,True,11,11,1217,0.999998,20.7625,0,0.0127317,1279 1279 1215 1278 1216 1151 1152 1217 1280 1218 -1
GCP,adapt_p60-00000000000001_a157-5_133_map.h5,25.6159,10,144,1395,30.000000:157.500000,1320,False,51,12,1322,0.967011,24.2556,0,0.0129001,1262 1324 1382 1323 1261 1322 1381 1438 1437 1380 1321 -1
GCP,adapt_p60-00000000000001_a292-5_79_map.h5,27.8512,10,380,724,30.000000:292.500000,1343,True,13,13,1343,0.999999,25.0575,0,0.0126209,1283 1283 1284 1345 1344 1343 1282 1281 1342 1400 1401 1402 -1
GCP,adapt_p70-52877936550931_a56-24999999999999_234_map.h5,26.8821,10,427,1119,19.471220:56.250000,1177,True,13,13,1177,0.999999,25.6452,0,0.0127112,1111 1111 1176 1239 1175 1109 1110 1177 1240 1241 1178 1112 -1
GCP,adapt_p60-00000000000001_a247-49999999999997_557_map.h5,26.7349,10,198,1126,30.000000:247.500000,1335,True,36,13,1335,0.996759,25.4704,0,0.0128544,1392 1392 1334 1335 1274 1275 1336 1393 1450 1394 1395 1337 -1
GCP,adapt_p48-18968510422141_a303-75_273_map.h5,27.8903,10,667,734,41.810314:303.750000,1510,True,8,8,1511,0.999999,12.9213,0,0.01247,1510 1510 1559 1560 1511 1459 1458 -1
GCP,adapt_p35-659087696138755_a105-0_97_map.h5,25.8519,10,483,1468,54.340912:105.000000,1579,True,13,13,1580,0.999999,25.0497,0,0.0129317,1581 1581 1535 1534 1580 1624 1662 1661 1623 1622 1579 1533 -1
GCP,adapt_p48-18968510422141_a78-75_380_map.h5,27.8502,10,262,793,41.810314:78.750000,1478,True,16,13,1425,0.999988,25.8405,0,0.0126115,1368 1368 1308 1309 1367 1366 1423 1424 1478 1479 1425 1426 -1
GCP,adapt_p60-00000000000001_a202-49999999999997_305_map.h5,25.6022,10,132,1122,30.000000:202.500000,1328,False,203,11,1496,0.814727,23.3184,0,0.0164255,1324 1442 1495 1443 1444 1497 1548 1547 1496 1546 -1
GCP,adapt_p80-40593177313954_a22-5_160_map.h5,26.8309,10,461,1161,9.594069:22.500000,1038,True,17,13,1038,0.999984,25.899,0,0.0129079,1103 1103 1170 1104 1036 1037 970 1038 971 1039 1105 1171 -1
GCP,adapt_p48-18968510422141_a213-75_148_map.h5,26.6331,10,202,1122,41.810314:213.750000,1497,True,50,12,1443,0.968511,24.3797,0,0.0127227,1495 1546 1496 1442 1385 1386 1443 1444 1497 1547 1548 -1
GCP,adapt_p70-52877936550931_a303-75_94_map.h5,25.9217,10,82,702,19.471220:303.750000,1221,True,323,11,1344,0.644922,24.4628,0,0.0227863,1290 1345 1284 1221 1283 1344 1401 1343 1282 1220 -1
GCP,adapt_p35-659087696138755_a224-99999999999997_470_map.h5,26.5417,10,106,1132,54.340912:225.000000,1594,False,65,12,1500,0.904944,24.4488,0,0.0130966,1595 1596 1597 1598 1552 1502 1501 1551 1550 1500 1499 -1
GCP,adapt_p23-556464309101234_a112-5_292_map.h5,24.994,10,105,1471,66.443535:112.500000,1697,False,149,10,1695,0.973621,23.5635,0,0.0147164,1646 1723 1724 1725 1696 1660 1695 1694 1693 -1
GCP,adapt_p60-00000000000001_a337-49999999999994_179_map.h5,25.8103,10,302,1464,30.000000:337.500000,1350,True,21,13,1349,0.999953,25.6946,0,0.0125633,1287 1287 1286 1347 1348 1406 1349 1288 1350 1290 1289 1226 -1
GCP,adapt_p48-18968510422141_a281-24999999999994_12_map.h5,26.8292,10,448,1121,41.810314:281.250000,1507,True,18,13,1455,0.999993,25.3664,0,0.0126072,1456 1456 1509 1558 1557 1508 1455 1507 1556 1506 1454 1398 -1
GCP,adapt_p48-18968510422141_a11-25_54_map.h5,28.8701,10,436,392,41.810314:11.250000,1468,True,14,14,1468,0.999999,28.8332,0,0.0126763,1521 1521 1467 1413 1356 1414 1468 1520 1469 1415 1416 1470 1522 -1
GCP,adapt_p11-715852394892384_a315-0_479_map.h5,26.8392,10,541,1085,78.284149:315.000000,1778,True,16,13,1778,0.999989,24.7873,0,0.0125973,1791 1791 1781 1780 1764 1763 1779 1790 1777 1778 1762 1761 -1
GCP,adapt_p80-40593177313954_a224-99999999999997_257_map.h5,27.7031,10,218,757,9.594069:225.000000,1076,True,38,13,1009,0.99184,26.0002,0,0.0136559,944 944 943 1011 1078 1077 1010 942 1009 1076 1008 1075 -1
GCP,adapt_p48-18968510422141_a78-75_236_map.h5,27.8643,10,367,728,41.810314:78.750000,1478,True,11,11,1478,0.999998,20.3732,0,0.012472,1477 1477 1423 1424 1425 1479 1478 1529 1530 1531 -1
GCP,adapt_p48-18968510422141_a146-25_202_map.h5,26.7711,10,312,1080,41.810314:146.250000,1488,True,24,13,1435,0.998882,25.4175,0,0.0126716,1487 1487 1538 1488 1539 1540 1490 1489 1436 1378 1435 1434 -1
GCP,adapt_p48-18968510422141_a213-75_355_map.h5,26.8749,10,459,1104,41.810314:213.750000,1497,True,11,11,1498,0.999999,20.3189,0,0.0128557,1445 1445 1444 1497 1547 1548 1498 1549 1499 1446 -1
GCP,adapt_p11-715852394892384_a135-0_160_map.h5,26.7338,10,34,428,78.284149:135.000000,1770,False,375,9,1772,0.463022,25.4839,0,0.0268425,1290 1659 1694 1695 1771 1772 1754 1753 -1
GCP,adapt_p48-18968510422141_a33-75_257_map.h5,28.652,10,161,367,41.810314:33.750000,1471,False,46,14,1362,0.990385,27.8642,0,0.0128273,1364 1364 1363 1304 1303 1362 1420 1361 1302 1360 1418 1419 1473 -1
GCP,adapt_p60-00000000000001_a337-49999999999994_69_map.h5,25.84,10,299,1494,30.000000:337.500000,1350,True,16,12,1291,0.99998,23.5342,0,0.012774,1350 1350 1290 1289 1351 1408 1409 1352 1292 1291 1228 -1
GCP,adapt_p80-40593177313954_a247-49999999999997_74_map.h5,25.8187,10,414,1448,9.594069:247.500000,1080,True,20,12,1080,0.999886,23.9561,0,0.013095,1146 1146 1013 1012 1080 1081 1147 1145 1079 1011 1078 -1
GCP,adapt_p80-40593177313954_a157-5_374_map.h5,26.8585,10,396,1122,9.594069:157.500000,1063,True,14,13,1063,0.999998,25.9022,0,0.0132081,995 995 1064 1130 1065 997 996 1063 1129 1128 1062 994 -1
GCP,adapt_p60-00000000000001_a180-0_35_map.h5,25.8445,10,349,1474,30.000000:180.000000,1324,True,16,13,1382,0.999993,25.6279,0,0.0133389,1325 1325 1262 1324 1382 1323 1322 1381 1439 1440 1383 1384 -1
GCP,adapt_p23-556464309101234_a67-5_240_map.h5,26.8663,10,496,1149,66.443535:67.500000,1693,True,13,13,1656,0.999999,25.4256,0,0.0124168,1618 1618 1617 1616 1655 1691 1692 1656 1693 1658 1619 1657 -1
GCP,adapt_p80-40593177313954_a202-49999999999997_479_map.h5,26.5708,10,258,1112,9.594069:202.500000,1072,False,61,12,1136,0.933532,24.6609,0,0.0130371,1262 1263 1135 1136 1201 1264 1265 1202 1137 1138 1203 -1
GCP,adapt_p80-40593177313954_a270-0_369_map.h5,28.8651,10,402,334,9.594069:270.000000,1084,True,14,13,1084,0.999997,26.9777,0,0.0126685,1085 1017 1016 1084 1085 1086 1151 1150 1149 1083 1015 1082 -1
GCP,adapt_p35-659087696138755_a195-0_263_map.h5,25.8302,10,512,1461,54.340912:195.000000,1590,True,17,13,1590,0.999983,25.3277,0,0.0126064,1589 1589 1544 1545 1590 1632 1591 1633 1670 1671 1634 1592 -1
GCP,adapt_p48-18968510422141_a326-24999999999994_275_map.h5,26.546,10,270,1243,41.810314:326.250000,1514,False,52,12,1605,0.913804,25.6766,0,0.0128251,1606 1605 1646 1645 1604 1461 1462 1406 1348 1407 1349 -1
GCP,adapt_p11-715852394892384_a315-0_180_map.h5,27.899,10,725,746,78.284149:315.000000,1778,True,6,6,1779,0.999999,8.03819,0,0.012797,1763 1763 1779 1778 1762 -1
GCP,adapt_p35-659087696138755_a195-0_446_map.h5,27.7831,10,219,760,54.340912:195.000000,1590,True,27,13,1592,0.999323,25.1788,0,0.0126768,1633 1633 1590 1591 1546 1547 1592 1634 1635 1593 1636 1594 -1
GCP,adapt_p60-00000000000001_a180-0_595_map.h5,28.8869,10,373,360,30.000000:180.000000,1324,True,10,10,1324,0.999999,18.0933,0,0.0128854,1325 1325 1383 1382 1323 1261 1324 1262 1263 -1
GCP,adapt_p48-18968510422141_a146-25_588_map.h5,27.6045,10,232,754,41.810314:146.250000,1488,True,49,13,1488,0.990783,27.1473,0,0.0132585,1541 1490 1489 1436 1540 1539 1538 1488 1435 1434 1487 1486 -1
GCP,adapt_p60-00000000000001_a22-5_442_map.h5,26.8774,10,578,1121,30.000000:22.500000,1298,True,9,9,1234,0.999999,15.5859,0,0.0123814,1297 1297 1296 1233 1234 1235 1298 1299 -1
GCP,adapt_p23-556464309101234_a292-5_404_map.h5,26.8703,10,409,1098,66.443535:292.500000,1712,True,12,12,1680,0.999999,22.6197,0,0.0125142,1681 1681 1645 1644 1643 1679 1680 1712 1739 1713 1714 -1
GCP,adapt_p35-659087696138755_a45-0_295_map.h5,26.824,10,443,1138,54.340912:45.000000,1572,True,16,13,1572,0.999997,25.7855,0,0.0127364,1571 1571 1617 1656 1655 1615 1616 1572 1525 1526 1573 1574 -1
GCP,adapt_p80-40593177313954_a0-0_81_map.h5,28.7604,10,132,429,9.594069:0.000000,1034,True,27,13,1100,0.998125,25.9578,0,0.0134287,1033 1033 1035 1102 1101 1034 1166 1100 1032 1099 1165 1164 -1
GCP,adapt_p60-00000000000001_a202-49999999999997_255_map.h5,28.7052,10,143,366,30.000000:202.500000,1328,True,37,14,1328,0.997701,27.84,0,0.0125696,1387 1387 1386 1385 1326 1327 1265 1266 1328 1329 1267 1204 1268 -1
GCP,adapt_p35-659087696138755_a315-0_465_map.h5,26.7509,10,348,1160,54.340912:315.000000,1605,True,26,12,1645,0.994415,22.9228,0,0.0129406,1681 1681 1646 1605 1604 1645 1603 1644 1643 1679 1678 -1
GCP,adapt_p70-52877936550931_a168-74999999999997_398_map.h5,28.3104,10,90,384,19.471220:168.750000,1197,False,101,13,1384,0.803728,26.8722,0,0.0138446,1495 1442 1441 1385 1326 1384 1383 1325 1324 1262 1261 1260 -1
GCP,adapt_p70-52877936550931_a258-75_301_map.h5,27.8882,10,759,688,19.471220:258.750000,1213,True,11,11,1213,0.999998,20.7606,0,0.0125366,1276 1276 1212 1275 1213 1148 1149 1214 1277 1215 -1
GCP,adapt_p23-556464309101234_a247-49999999999997_380_map.h5,25.8322,10,368,1452,66.443535:247.500000,1708,False,18,12,1677,0.999901,22.8562,0,0.012604,1640 1640 1639 1675 1676 1709 1677 1710 1711 1678 1641 -1
GCP,adapt_p80-40593177313954_a202-49999999999997_435_map.h5,26.0878,10,121,1143,9.594069:202.500000,1072,False,127,12,1203,0.773084,24.8362,0,0.014774,1388 1268 1267 1204 1203 1137 1202 1201 1136 1135 1200 -1
GCP,adapt_p60-00000000000001_a67-5_286_map.h5,27.8219,10,296,757,30.000000:67.500000,1305,True,22,13,1304,0.999962,25.8357,0,0.012941,1364 1364 1363 1303 1240 1177 1241 1304 1365 1306 1305 1242 -1
GCP,adapt_p48-18968510422141_a33-75_282_map.h5,27.8212,10,282,739,41.810314:33.750000,1471,True,18,14,1416,0.999966,27.5153,0,0.0125946,1469 1469 1414 1356 1357 1415 1416 1358 1359 1417 1471 1470 1522 -1
GCP,adapt_p80-40593177313954_a202-49999999999997_540_map.h5,26.8914,10,57,379,9.594069:202.500000,1072,False,332,12,1120,0.914856,26.621,0,0.0231132,1426 1053 1119 1120 1054 987 1055 1121 1187 1122 1056 -1
GCP,adapt_p48-18968510422141_a281-24999999999994_366_map.h5,26.8703,10,575,1065,41.810314:281.250000,1507,True,11,11,1454,0.999999,20.7384,0,0.0125148,1506 1506 1455 1507 1454 1398 1397 1453 1505 1452 -1
GCP,adapt_p60-00000000000001_a202-49999999999997_487_map.h5,26.1841,10,106,1128,30.000000:202.500000,1328,False,115,12,1325,0.930268,25.7064,0,0.0136928,1329 1385 1264 1326 1384 1383 1325 1263 1262 1324 1261 -1
GCP,adapt_p80-40593177313954_a337-49999999999994_469_map.h5,27.8767,10,512,806,9.594069:337.500000,1097,True,11,11,1096,0.999999,20.5863,0,0.0131018,1162 1162 1161 1095 1096 1029 1097 1030 1098 1163 -1
GCP,adapt_p80-40593177313954_a292-5_52_map.h5,26.8732,10,499,1197,9.594069:292.500000,1088,True,14,13,1088,0.999998,25.5494,0,0.012618,1087 1087 1086 1019 1020 1021 1088 1153 1154 1155 1089 1022 -1
GCP,adapt_p60-00000000000001_a135-0_147_map.h5,26.8463,10,683,1080,30.000000:135.000000,1316,True,11,11,1316,0.999999,21.1724,0,0.0124414,1375 1375 1254 1255 1317 1376 1316 1253 1315 1374 -1
GCP,adapt_p80-40593177313954_a45-0_412_map.h5,26.569,10,133,1110,9.594069:45.000000,1042,True,55,12,1043,0.964645,24.8154,0,0.0128311,973 1041 975 1042 1108 1109 1043 976 1044 1110 1111 -1
GCP,adapt_p35-659087696138755_a285-0_446_map.h5,26.5175,10,153,1139,54.340912:285.000000,1601,True,68,13,1558,0.914093,26.3652,0,0.0133317,1400 1456 1508 1507 1557 1601 1602 1558 1559 1510 1509 1457 -1
GCP,adapt_p48-18968510422141_a33-75_249_map.h5,27.8783,10,449,788,41.810314:33.750000,1471,True,10,10,1472,0.999998,18.1643,0,0.0134425,1524 1524 1473 1525 1472 1418 1417 1471 1523 -1
GCP,adapt_p23-556464309101234_a157-5_315_map.h5,26.859,10,550,1127,66.443535:157.500000,1701,True,12,12,1729,0.999998,23.2327,0,0.0127878,1700 1700 1665 1666 1667 1701 1699 1728 1753 1729 1730 -1
GCP,adapt_p48-18968510422141_a168-74999999999997_80_map.h5,27.0243,10,84,355,41.810314:168.750000,1491,False,305,12,1260,0.816359,26.8733,0,0.0212562,1537 1585 1540 1586 1587 1541 1259 1196 1197 1260 1261 -1
GCP,adapt_p80-40593177313954_a157-5_291_map.h5,27.8844,10,673,751,9.594069:157.500000,1063,True,10,10,1063,0.999999,18.1476,0,0.0133697,1064 1064 996 995 1062 1128 1129 1063 1130 -1
GCP,adapt_p35-659087696138755_a255-00000000000003_452_map.h5,26.8865,10,738,1125,54.340912:255.000000,1598,True,8,8,1598,0.999999,13.1771,0,0.012241,1639 1639 1597 1598 1599 1640 1676 -1
GCP,adapt_p11-715852394892384_a315-0_368_map.h5,26.8413,10,486,1144,78.284149:315.000000,1778,True,17,13,1778,0.99999,25.3577,0,0.0125232,1761 1761 1778 1777 1760 1739 1762 1763 1764 1779 1791 1790 -1
GCP,adapt_p35-659087696138755_a255-00000000000003_21_map.h5,26.8894,10,514,1201,54.340912:255.000000,1598,True,7,7,1640,0.999999,11.1515,0,0.012405,1598 1598 1639 1597 1640 1599 -1
GCP,adapt_p11-715852394892384_a135-0_82_map.h5,26.8453,10,439,1116,78.284149:135.000000,1770,True,17,13,1771,0.99998,24.7454,0,0.0124848,1786 1786 1785 1787 1773 1772 1754 1753 1752 1751 1770 1771 -1
GCP,adapt_p23-556464309101234_a337-5_590_map.h5,28.8793,10,313,402,66.443535:337.500000,1716,True,11,11,1685,0.999999,20.6368,0,0.0124727,1716 1716 1683 1715 1684 1648 1649 1685 1717 1686 -1
GCP,adapt_p23-556464309101234_a247-49999999999997_295_map.h5,27.8553,10,292,734,66.443535:247.500000,1708,True,15,14,1708,0.999998,27.7079,0,0.0125387,1736 1736 1710 1737 1759 1735 1734 1707 1674 1675 1708 1709 1676 -1
GCP,adapt_p80-40593177313954_a337-49999999999994_32_map.h5,26.6275,10,326,1175,9.594069:337.500000,1097,True,45,12,1097,0.978488,24.4253,0,0.0133273,1166 1165 1164 1098 1163 1097 1029 1096 1162 1161 1095 -1
GCP,adapt_p80-40593177313954_a135-0_42_map.h5,25.3888,10,186,1423,9.594069:135.000000,1059,False,76,12,1126,0.961137,24.6482,0,0.0129848,1129 1128 1061 1060 1127 1193 1192 1126 1125 1191 1190 -1
GCP,adapt_p23-556464309101234_a247-49999999999997_62_map.h5,26.8763,10,485,1047,66.443535:247.500000,1708,True,11,11,1709,0.999999,20.4152,0,0.0124306,1675 1675 1674 1708 1735 1736 1709 1676 1710 1677 -1
GCP,adapt_p48-18968510422141_a213-75_473_map.h5,27.8894,10,594,781,41.810314:213.750000,1497,True,10,10,1498,0.999999,17.8127,0,0.0123978,1548 1548 1547 1497 1444 1445 1498 1499 1446 -1
GCP,adapt_p60-00000000000001_a315-0_4_map.h5,27.8954,10,670,725,30.000000:315.000000,1346,True,10,10,1347,0.999999,18.2232,0,0.0124075,1286 1286 1348 1287 1347 1405 1404 1346 1285 -1
GCP,adapt_p48-18968510422141_a11-25_475_map.h5,27.8403,10,290,714,41.810314:11.250000,1468,True,17,13,1413,0.999943,25.7073,0,0.0124821,1412 1412 1354 1413 1355 1356 1414 1467 1520 1468 1469 1415 -1
GCP,adapt_p70-52877936550931_a236-25_453_map.h5,26.7481,10,593,1099,19.471220:236.250000,1209,True,28,13,1209,0.997266,25.5658,0,0.0136985,1272 1272 1273 1210 1209 1271 1208 1207 1141 1142 1143 1144 -1
GCP,adapt_p80-40593177313954_a135-0_305_map.h5,26.861,10,665,1072,9.594069:135.000000,1059,True,12,12,1059,0.999999,23.2376,0,0.0128046,992 992 991 1058 1124 1125 1059 993 1061 1060 1126 -1
GCP,adapt_p80-40593177313954_a292-5_511_map.h5,25.8557,10,448,1434,9.594069:292.500000,1088,True,13,13,1088,0.999999,25.8328,0,0.0130785,1089 1089 1022 1021 1020 1088 1155 1154 1153 1087 1019 1086 -1
GCP,adapt_p35-659087696138755_a14-999999999999998_454_map.h5,26.6671,10,208,1200,54.340912:15.000000,1568,True,43,13,1568,0.986627,26.6459,0,0.0126114,1468 1469 1470 1522 1570 1569 1613 1612 1568 1521 1520 1567 -1
GCP,adapt_p60-00000000000001_a292-5_393_map.h5,26.865,10,489,1114,30.000000:292.500000,1343,True,12,12,1343,0.999999,22.9605,0,0.0127604,1281 1281 1341 1280 1342 1400 1401 1343 1282 1283 1344 -1
GCP,adapt_p80-40593177313954_a315-0_235_map.h5,26.8613,10,494,1132,9.594069:315.000000,1093,True,13,13,1092,0.999999,26.3771,0,0.0124545,1157 1157 1093 1159 1223 1158 1091 1092 1025 1026 1094 1160 -1
GCP,adapt_p23-556464309101234_a157-5_109_map.h5,26.8632,10,471,1148,66.443535:157.500000,1701,True,12,12,1700,0.999999,23.6413,0,0.0125219,1666 1666 1699 1664 1665 1628 1700 1728 1729 1701 1667 -1
GCP,adapt_p35-659087696138755_a255-00000000000003_99_map.h5,26.8513,10,420,1092,54.340912:255.000000,1598,True,14,13,1597,0.999998,25.0671,0,0.0125557,1596 1596 1551 1552 1597 1638 1675 1676 1639 1640 1598 1553 -1
GCP,adapt_p70-52877936550931_a191-25_561_map.h5,27.8868,10,592,741,19.471220:191.250000,1201,True,10,10,1201,0.999998,18.1481,0,0.013005,1202 1202 1136 1135 1200 1263 1201 1264 1265 -1
GCP,adapt_p48-18968510422141_a78-75_599_map.h5,27.8399,10,242,789,41.810314:78.750000,1478,True,18,13,1426,0.999972,25.6682,0,0.0128716,1368 1368 1367 1424 1478 1425 1426 1369 1427 1480 1479 1531 -1
GCP,adapt_p35-659087696138755_a344-99999999999994_49_map.h5,26.8631,10,375,1158,54.340912:345.000000,1609,True,15,13,1648,0.999998,25.7932,0,0.0127529,1608 1608 1648 1684 1683 1647 1607 1564 1609 1650 1649 1685 -1
GCP,adapt_p23-556464309101234_a247-49999999999997_171_map.h5,26.8433,10,356,1192,66.443535:247.500000,1708,True,16,13,1709,0.999994,25.3175,0,0.012487,1676 1676 1677 1710 1737 1759 1758 1735 1708 1736 1709 1675 -1
GCP,adapt_p60-00000000000001_a0-0_291_map.h5,26.8733,10,571,1108,30.000000:0.000000,1294,True,11,11,1294,0.999999,20.5746,0,0.0124658,1231 1231 1293 1353 1411 1294 1354 1295 1232 1296 -1
GCP,adapt_p70-52877936550931_a56-24999999999999_228_map.h5,28.7856,10,202,386,19.471220:56.250000,1177,True,25,14,1239,0.999772,27.7061,0,0.0131481,1302 1302 1301 1238 1175 1239 1176 1110 1111 1177 1240 1303 1241 -1
GCP,adapt_p60-00000000000001_a112-49999999999999_479_map.h5,26.8742,10,556,1097,30.000000:112.500000,1313,True,12,12,1313,0.999999,23.2488,0,0.0126098,1371 1371 1372 1314 1251 1250 1313 1312 1370 1311 1249 -1
GCP,adapt_p70-52877936550931_a78-75_332_map.h5,26.8519,10,421,1141,19.471220:78.750000,1181,True,15,13,1181,0.999994,25.5142,0,0.0129384,1114 1114 1115 1116 1183 1246 1182 1245 1244 1181 1180 1243 -1
GCP,adapt_p80-40593177313954_a135-0_119_map.h5,27.6758,10,236,733,9.594069:135.000000,1059,True,43,13,1125,0.979831,27.1813,0,0.0130133,1193 1127 1126 1060 1192 1255 1191 1190 1124 1058 1125 1059 -1
GCP,adapt_p70-52877936550931_a56-24999999999999_12_map.h5,26.8753,10,463,1144,19.471220:56.250000,1177,True,12,12,1240,0.999999,23.97,0,0.0124549,1241 1241 1303 1302 1239 1176 1240 1304 1177 1178 1242 -1
GCP,adapt_p35-659087696138755_a135-0_295_map.h5,27.8834,10,419,747,54.340912:135.000000,1583,True,12,12,1583,0.999999,22.8903,0,0.0124281,1626 1626 1584 1627 1583 1537 1536 1582 1625 1624 1581 -1
GCP,adapt_p48-18968510422141_a191-25_330_map.h5,28.8693,10,339,364,41.810314:191.250000,1494,True,12,12,1494,0.999999,23.3767,0,0.0125289,1493 1493 1545 1495 1442 1441 1494 1544 1543 1492 1440 -1
GCP,adapt_p35-659087696138755_a135-0_255_map.h5,26.8683,10,540,1182,54.340912:135.000000,1583,True,13,13,1626,0.999998,25.2274,0,0.0124747,1582 1582 1583 1584 1627 1665 1664 1626 1625 1581 1624 1663 -1
GCP,adapt_p23-556464309101234_a157-5_374_map.h5,26.8693,10,443,1117,66.443535:157.500000,1701,True,12,12,1700,0.999999,22.9669,0,0.0135254,1699 1699 1664 1665 1666 1700 1727 1728 1729 1701 1667 -1
GCP,adapt_p48-18968510422141_a303-75_366_map.h5,26.8457,10,496,1169,41.810314:303.750000,1510,True,14,13,1459,0.999997,25.0333,0,0.0130428,1510 1510 1559 1560 1511 1561 1512 1460 1404 1403 1459 1458 -1
GCP,adapt_p70-52877936550931_a146-25_444_map.h5,27.7867,10,216,759,19.471220:146.250000,1193,True,27,14,1194,0.999878,27.5609,0,0.0130983,1258 1258 1195 1129 1128 1194 1257 1256 1193 1127 1061 1126 1192 -1
GCP,adapt_p80-40593177313954_a292-5_154_map.h5,27.8938,10,638,808,9.594069:292.500000,1088,True,8,8,1089,0.999999,13.7801,0,0.0129984,1155 1155 1088 1153 1154 1089 1090 -1
GCP,adapt_p60-00000000000001_a180-0_344_map.h5,26.8484,10,484,1148,30.000000:180.000000,1324,True,12,12,1263,0.999998,23.5309,0,0.0124031,1324 1324 1323 1322 1260 1261 1325 1326 1264 1263 1262 -1
GCP,adapt_p48-18968510422141_a146-25_444_map.h5,27.8894,10,514,787,41.810314:146.250000,1488,True,10,10,1487,0.999999,17.7523,0,0.0124183,1434 1434 1435 1488 1487 1538 1537 1486 1433 -1
GCP,adapt_p80-40593177313954_a247-49999999999997_334_map.h5,26.8292,10,580,1115,9.594069:247.500000,1080,True,13,13,1080,0.999998,26.0642,0,0.0126302,1145 1145 1146 1144 1078 1079 1012 1013 1080 1081 1147 1082 -1
GCP,adapt_p48-18968510422141_a146-25_167_map.h5,26.84,10,447,1119,41.810314:146.250000,1488,True,16,13,1538,0.999986,25.0694,0,0.0127988,1537 1537 1486 1433 1434 1487 1538 1488 1539 1585 1584 1583 -1
GCP,adapt_p60-00000000000001_a67-5_293_map.h5,26.6911,10,211,1089,30.000000:67.500000,1305,True,38,13,1365,0.988919,25.4434,0,0.0126732,1243 1243 1305 1364 1423 1365 1306 1307 1366 1424 1367 1308 -1
GCP,adapt_p35-659087696138755_a224-99999999999997_423_map.h5,24.1047,10,86,1796,54.340912:225.000000,1594,False,125,11,1333,0.898633,22.8747,0,0.0141156,1274 1272 1334 1392 1447 1390 1332 1391 1333 1271 -1
GCP,adapt_p80-40593177313954_a270-0_513_map.h5,26.8422,10,388,1162,9.594069:270.000000,1084,True,17,13,1085,0.999995,25.3785,0,0.0126557,1016 1016 1083 1084 1150 1151 1085 1017 1018 1086 1152 1087 -1
GCP,adapt_p60-00000000000001_a112-49999999999999_451_map.h5,25.8043,10,471,1448,30.000000:112.500000,1313,True,17,13,1313,0.999991,25.6212,0,0.0125174,1251 1251 1315 1252 1314 1373 1372 1313 1250 1312 1371 1429 -1
GCP,adapt_p70-52877936550931_a303-75_52_map.h5,26.8452,10,404,1117,19.471220:303.750000,1221,True,17,13,1222,0.999998,25.6583,0,0.0126054,1285 1285 1286 1159 1158 1223 1222 1157 1156 1221 1284 1283 -1
GCP,adapt_p35-659087696138755_a315-0_149_map.h5,28.6713,10,116,360,54.340912:315.000000,1605,True,49,14,1646,0.998556,27.6494,0,0.0134998,1714 1714 1683 1647 1606 1605 1646 1682 1681 1645 1604 1644 1603 -1
GCP,adapt_p60-00000000000001_a270-0_236_map.h5,26.8589,10,486,1129,30.000000:270.000000,1339,True,12,12,1339,0.999999,23.0963,0,0.0128376,1338 1338 1277 1278 1279 1341 1340 1398 1397 1339 1396 -1
GCP,adapt_p23-556464309101234_a112-5_523_map.h5,26.6756,10,131,1139,66.443535:112.500000,1697,True,43,13,1697,0.989748,26.4455,0,0.0132525,1751 1726 1725 1724 1695 1696 1661 1662 1697 1727 1698 1663 -1
GCP,adapt_p48-18968510422141_a348-74999999999994_349_map.h5,27.859,10,283,749,41.810314:348.750000,1517,True,13,13,1517,0.999998,25.7866,0,0.0127973,1565 1565 1566 1564 1515 1516 1464 1465 1517 1518 1466 1412 -1
GCP,adapt_p48-18968510422141_a123-74999999999999_364_map.h5,28.658,10,147,329,41.810314:123.750000,1484,True,46,14,1483,0.993008,28.2659,0,0.0127393,1481 1481 1533 1534 1535 1581 1483 1484 1431 1430 1429 1482 1428 -1
GCP,adapt_p35-659087696138755_a195-0_398_map.h5,26.8754,10,590,1082,54.340912:195.000000,1590,True,10,10,1590,0.999998,18.4224,0,0.0124119,1591 1591 1632 1633 1590 1589 1544 1545 1546 -1
GCP,adapt_p70-52877936550931_a236-25_486_map.h5,27.787,10,276,728,19.471220:236.250000,1209,True,28,14,1208,0.99982,27.4644,0,0.0127571,1270 1270 1207 1142 1143 1208 1271 1209 1144 1145 1210 1273 1272 -1
GCP,adapt_p48-18968510422141_a213-75_97_map.h5,27.8739,10,749,747,41.810314:213.750000,1497,True,11,11,1548,0.999998,20.7416,0,0.0129491,1497 1497 1546 1496 1547 1593 1548 1498 1499 1549 -1
GCP,adapt_p60-00000000000001_a90-0_57_map.h5,26.853,10,604,1102,30.000000:90.000000,1309,True,12,12,1368,0.999999,23.7715,0,0.0127866,1309 1309 1369 1310 1426 1425 1368 1308 1367 1366 1307 -1
GCP,adapt_p48-18968510422141_a78-75_14_map.h5,26.8544,10,457,1101,41.810314:78.750000,1478,True,15,13,1424,0.999997,25.1586,0,0.0124361,1479 1479 1531 1530 1478 1425 1367 1366 1424 1423 1477 1529 -1
GCP,adapt_p80-40593177313954_a337-49999999999994_467_map.h5,25.3343,10,63,1180,9.594069:337.500000,1097,False,261,10,1237,0.796069,24.3149,0,0.0193388,1608 1173 1236 1237 1174 1238 1239 1175 1109 -1
GCP,adapt_p35-659087696138755_a315-0_326_map.h5,26.8266,10,225,1112,54.340912:315.000000,1605,True,20,13,1646,0.999967,26.748,0,0.0132582,1683 1647 1606 1607 1648 1646 1605 1604 1645 1681 1682 1683 -1
GCP,adapt_p48-18968510422141_a236-25_288_map.h5,28.4787,10,132,351,41.810314:236.250000,1501,True,75,13,1448,0.923594,26.6599,0,0.013124,1551 1501 1500 1499 1446 1447 1448 1391 1392 1393 1449 1450 -1
GCP,adapt_p70-52877936550931_a101-24999999999999_74_map.h5,27.6568,10,111,780,19.471220:101.250000,1185,False,45,13,1578,0.992708,27.075,0,0.0129988,1534 1580 1532 1481 1482 1533 1579 1622 1621 1578 1577 1531 -1
GCP,adapt_p80-40593177313954_a90-0_430_map.h5,26.868,10,566,1098,9.594069:90.000000,1051,True,12,12,1051,0.999998,23.5503,0,0.0127669,1052 1052 1118 1119 1053 1117 1051 984 983 1050 1116 -1
GCP,adapt_p23-556464309101234_a202-5_436_map.h5,26.8369,10,396,1131,66.443535:202.500000,1704,True,16,13,1705,0.999996,25.9499,0,0.0128593,1732 1732 1706 1673 1672 1671 1705 1733 1731 1703 1704 1670 -1
GCP,adapt_p70-52877936550931_a213-75_534_map.h5,25.7822,10,361,1485,19.471220:213.750000,1205,True,24,12,1268,0.999702,23.1816,0,0.012614,1204 1204 1267 1329 1268 1205 1330 1331 1269 1206 1207 -1
GCP,adapt_p80-40593177313954_a315-0_280_map.h5,28.8402,10,344,355,9.594069:315.000000,1093,True,16,14,1092,0.999991,28.6767,0,0.0125582,1025 1025 1094 1026 1093 1159 1158 1092 1024 1023 1091 1157 1090 -1
GCP,adapt_p11-715852394892384_a45-0_565_map.h5,26.8804,10,601,1077,78.284149:45.000000,1766,True,10,10,1766,0.999999,17.5924,0,0.0123422,1767 1767 1748 1747 1746 1745 1765 1766 1782 -1
GCP,adapt_p60-00000000000001_a315-0_585_map.h5,27.8852,10,592,761,30.000000:315.000000,1346,True,11,11,1404,0.999999,20.7886,0,0.0135399,1347 1347 1406 1348 1405 1461 1460 1404 1346 1403 -1
GCP,adapt_p23-556464309101234_a337-5_64_map.h5,27.8235,10,318,735,66.443535:337.500000,1716,True,20,13,1685,0.99989,27.1844,0,0.0132045,1716 1684 1648 1649 1650 1651 1686 1685 1717 1687 1743 1716 -1
GCP,adapt_p80-40593177313954_a180-0_295_map.h5,26.8079,10,446,1174,9.594069:180.000000,1067,True,22,13,1067,0.999858,26.1075,0,0.0129144,1068 1068 1135 1069 1134 1133 1067 999 1066 1132 998 1065 -1
GCP,adapt_p48-18968510422141_a258-75_324_map.h5,27.8911,10,618,818,41.810314:258.750000,1504,True,9,9,1452,0.999999,16.0138,0,0.0126913,1505 1505 1554 1504 1453 1396 1452 1451 -1
GCP,adapt_p48-18968510422141_a146-25_567_map.h5,27.877,10,571,711,41.810314:146.250000,1488,True,10,10,1435,0.999999,18.244,0,0.0128059,1488 1488 1436 1489 1435 1378 1377 1434 1487 -1
GCP,adapt_p80-40593177313954_a135-0_594_map.h5,26.8491,10,496,1093,9.594069:135.000000,1059,True,16,13,993,0.999994,25.3199,0,0.0126723,994 994 1062 1061 1127 1126 1060 993 992 1059 991 1058 -1
GCP,adapt_p48-18968510422141_a146-25_591_map.h5,21.2476,10,84,1456,41.810314:146.250000,1488,False,737,9,1052,0.541956,20.1465,0,0.064794,1484 1053 1119 1118 1052 984 1051 983 -1
GCP,adapt_p23-556464309101234_a247-49999999999997_384_map.h5,27.8232,10,288,727,66.443535:247.500000,1708,True,19,14,1735,0.999972,27.74,0,0.0126376,1734 1734 1757 1758 1736 1735 1707 1674 1708 1675 1676 1709 1710 -1
GCP,adapt_p60-00000000000001_a0-0_53_map.h5,23.6934,10,64,1505,30.000000:0.000000,1294,False,340,11,1038,0.76401,22.9858,0,0.0242101,967 1037 970 1038 971 1039 1105 1106 1040 1107 -1
GCP,adapt_p70-52877936550931_a33-75_410_map.h5,27.8526,10,432,696,19.471220:33.750000,1173,True,15,13,1173,0.999995,25.7492,0,0.0132034,1172 1172 1235 1299 1300 1238 1174 1237 1236 1173 1107 1106 -1
GCP,adapt_p80-40593177313954_a337-49999999999994_416_map.h5,25.1684,10,114,1460,9.594069:337.500000,1097,True,116,7,1336,0.672155,24.5134,0,0.0143902,1225 1161 1162 1097 1096 1336 -1
GCP,adapt_p80-40593177313954_a315-0_445_map.h5,26.8613,10,551,1094,9.594069:315.000000,1093,True,14,12,1093,0.999998,23.6943,0,0.0124789,1092 1092 1157 1091 1093 1158 1223 1159 1160 1094 1095 -1
GCP,adapt_p23-556464309101234_a157-5_584_map.h5,28.3386,10,87,369,66.443535:157.500000,1701,False,93,13,1391,0.974049,27.7775,0,0.0141766,1444 1389 1446 1499 1448 1449 1392 1333 1391 1447 1390 1332 -1
GCP,adapt_p48-18968510422141_a33-75_295_map.h5,28.8351,10,162,379,41.810314:33.750000,1471,True,20,13,1418,0.999984,26.9328,0,0.0127233,1471 1417 1359 1358 1416 1418 1360 1361 1419 1473 1472 1471 -1
GCP,adapt_p48-18968510422141_a303-75_85_map.h5,26.8149,10,368,1189,41.810314:303.750000,1510,True,15,13,1510,0.999998,24.9881,0,0.0128547,1559 1559 1558 1508 1456 1457 1509 1510 1458 1459 1511 1560 -1
GCP,adapt_p70-52877936550931_a348-74999999999994_576_map.h5,27.8975,10,634,761,19.471220:348.750000,1229,True,8,8,1292,0.999999,13.6807,0,0.0123323,1229 1229 1291 1292 1165 1230 1293 -1
GCP,adapt_p60-00000000000001_a22-5_21_map.h5,26.8787,10,737,1021,30.000000:22.500000,1298,True,9,9,1357,0.999998,16.0374,0,0.013118,1298 1298 1356 1297 1357 1416 1358 1299 -1
GCP,adapt_p80-40593177313954_a247-49999999999997_287_map.h5,26.6521,10,333,1211,9.594069:247.500000,1080,True,43,13,1147,0.984854,26.647,0,0.0126974,1214 1149 1148 1213 1212 1211 1145 1079 1080 1146 1147 1081 -1
GCP,adapt_p48-18968510422141_a281-24999999999994_441_map.h5,26.6921,10,198,1125,41.810314:281.250000,1507,False,24,13,1341,0.998131,26.1147,0,0.0127061,1400 1400 1341 1280 1342 1399 1456 1455 1454 1398 1340 1397 -1
GCP,adapt_p48-18968510422141_a168-74999999999997_530_map.h5,27.8851,10,619,768,41.810314:168.750000,1491,True,11,11,1437,0.999999,20.5267,0,0.0126545,1491 1491 1542 1541 1490 1438 1437 1436 1489 1540 -1
GCP,adapt_p80-40593177313954_a157-5_470_map.h5,25.0009,10,99,1151,9.594069:157.500000,1063,True,296,11,1129,0.537245,22.6823,0,0.0206962,926 1061 994 1062 1128 1195 1196 1130 1129 1063 -1
GCP,adapt_p70-52877936550931_a146-25_314_map.h5,25.8713,10,560,1456,19.471220:146.250000,1193,True,12,12,1256,0.999999,23.2034,0,0.0124879,1193 1193 1194 1258 1320 1319 1257 1256 1192 1255 1318 -1
GCP,adapt_p60-00000000000001_a22-5_470_map.h5,25.7782,10,424,1437,30.000000:22.500000,1298,True,25,13,1298,0.999664,25.3011,0,0.0125761,1234 1234 1233 1297 1357 1298 1235 1236 1299 1300 1359 1358 -1
GCP,adapt_p70-52877936550931_a348-74999999999994_65_map.h5,28.8876,10,564,347,19.471220:348.750000,1229,True,8,8,1229,0.999999,13.7034,0,0.0131366,1228 1228 1292 1230 1229 1291 1290 -1
GCP,adapt_p70-52877936550931_a123-74999999999999_393_map.h5,26.862,10,344,1169,19.471220:123.750000,1189,True,14,13,1252,0.999999,25.6655,0,0.0127982,1190 1190 1252 1314 1251 1188 1189 1253 1315 1316 1254 1191 -1
GCP,adapt_p11-715852394892384_a315-0_175_map.h5,26.6742,10,177,1175,78.284149:315.000000,1778,False,48,13,1789,0.961429,24.5276,0,0.0135886,1776 1775 1774 1787 1788 1789 1795 1794 1792 1797 1796 1790 -1
GCP,adapt_p60-00000000000001_a67-5_173_map.h5,27.8042,10,213,789,30.000000:67.500000,1305,True,23,14,1306,0.999834,27.6574,0,0.0125769,1241 1241 1178 1179 1180 1243 1244 1307 1366 1365 1306 1242 1305 -1
GCP,adapt_p48-18968510422141_a258-75_275_map.h5,27.8713,10,692,767,41.810314:258.750000,1504,True,12,12,1503,0.999999,23.3049,0,0.0124594,1450 1450 1449 1451 1452 1504 1554 1553 1503 1502 1552 -1
GCP,adapt_p11-715852394892384_a315-0_416_map.h5,26.8558,10,349,1169,78.284149:315.000000,1778,True,14,13,1763,0.999998,25.4732,0,0.0129778,1741 1741 1740 1739 1761 1762 1763 1742 1764 1778 1779 1780 -1
GCP,adapt_p23-556464309101234_a247-49999999999997_519_map.h5,26.84,10,485,1074,66.443535:247.500000,1708,True,18,13,1709,0.999989,25.2334,0,0.0128111,1710 1710 1678 1677 1676 1709 1737 1736 1735 1708 1675 1674 -1
GCP,adapt_p80-40593177313954_a67-5_538_map.h5,26.8822,10,584,1093,9.594069:67.500000,1047,True,10,10,1046,0.999999,18.4865,0,0.0125093,979 979 1045 978 1046 1112 1113 1047 980 -1
GCP,adapt_p48-18968510422141_a168-74999999999997_329_map.h5,28.7129,10,137,385,41.810314:168.750000,1491,False,38,14,1489,0.993635,27.7204,0,0.0129529,1487 1487 1434 1435 1436 1489 1490 1541 1587 1586 1540 1488 1539 -1
GCP,adapt_p11-715852394892384_a225-0_462_map.h5,25.7908,10,242,1531,78.284149:225.000000,1774,True,25,13,1759,0.998942,25.2542,0,0.012943,1735 1735 1757 1774 1775 1776 1777 1760 1759 1758 1736 1737 -1
GCP,adapt_p70-52877936550931_a11-25_596_map.h5,26.8433,10,567,1138,19.471220:11.250000,1169,True,15,13,1102,0.999993,25.4399,0,0.0125256,1168 1168 1101 1167 1231 1232 1169 1170 1104 1103 1102 1036 -1
GCP,adapt_p70-52877936550931_a123-74999999999999_181_map.h5,26.8713,10,560,1114,19.471220:123.750000,1189,True,12,12,1124,0.999999,22.6062,0,0.012449,1123 1123 1122 1188 1189 1252 1253 1190 1124 1125 1191 -1
GCP,adapt_p60-00000000000001_a292-5_139_map.h5,26.8557,10,596,1027,30.000000:292.500000,1343,True,16,13,1343,0.999994,25.0991,0,0.013078,1344 1344 1283 1282 1219 1218 1280 1281 1342 1400 1401 1343 -1
GCP,adapt_p70-52877936550931_a123-74999999999999_80_map.h5,25.9268,10,150,1116,19.471220:123.750000,1189,False,155,10,1125,0.832954,24.2125,0,0.0149903,1201 1069 1126 1125 1191 1254 1253 1190 1124 -1
GCP,adapt_p35-659087696138755_a75-0_548_map.h5,28.8811,10,397,376,54.340912:75.000000,1576,True,10,10,1576,0.999998,18.303,0,0.012678,1529 1529 1577 1530 1576 1620 1619 1575 1528 -1
GCP,adapt_p80-40593177313954_a224-99999999999997_28_map.h5,26.8666,10,462,1118,9.594069:225.000000,1076,True,14,12,1075,0.999997,23.2997,0,0.0131544,1076 1076 1141 1142 1075 1008 1007 1074 1140 1139 1073 -1
GCP,adapt_p48-18968510422141_a78-75_384_map.h5,25.8569,10,399,1383,41.810314:78.750000,1478,True,16,13,1424,0.999998,25.069,0,0.0128902,1478 1478 1479 1426 1368 1367 1425 1424 1366 1365 1423 1477 -1
GCP,adapt_p60-00000000000001_a157-5_164_map.h5,26.8562,10,392,1124,30.000000:157.500000,1320,True,17,13,1380,0.999996,25.2409,0,0.0125542,1320 1320 1321 1259 1260 1322 1323 1381 1380 1437 1379 1436 -1
GCP,adapt_p48-18968510422141_a146-25_88_map.h5,26.879,10,594,1097,41.810314:146.250000,1488,True,10,10,1435,0.999999,17.9326,0,0.0127385,1434 1434 1435 1436 1489 1539 1488 1487 1538 -1
GCP,adapt_p60-00000000000001_a157-5_218_map.h5,27.8423,10,282,721,30.000000:157.500000,1320,True,19,13,1320,0.999987,27.099,0,0.0124796,1257 1319 1318 1256 1257 1378 1379 1320 1258 1195 1259 1321 -1
GCP,adapt_p60-00000000000001_a337-49999999999994_567_map.h5,25.7358,10,131,1150,30.000000:337.500000,1350,False,187,8,1427,0.613247,22.7877,0,0.0158836,1351 1426 1369 1370 1428 1427 1481 -1
GCP,adapt_p70-52877936550931_a348-74999999999994_179_map.h5,28.8133,10,184,392,19.471220:348.750000,1229,True,23,14,1230,0.999974,28.8001,0,0.0125173,1164 1164 1230 1293 1231 1168 1101 1167 1166 1165 1292 1229 1228 -1
GCP,adapt_p60-00000000000001_a337-49999999999994_380_map.h5,27.807,10,249,725,30.000000:337.500000,1350,True,23,13,1290,0.999787,25.3776,0,0.0128269,1228 1228 1227 1289 1290 1291 1352 1351 1409 1408 1350 1349 -1
GCP,adapt_p23-556464309101234_a67-5_256_map.h5,26.8724,10,457,1134,66.443535:67.500000,1693,True,12,12,1693,0.999998,23.5268,0,0.0124209,1722 1722 1694 1723 1693 1721 1691 1692 1656 1657 1658 -1
GCP,adapt_p80-40593177313954_a247-49999999999997_319_map.h5,25.8221,10,355,1437,9.594069:247.500000,1080,True,17,13,1080,0.999945,25.3602,0,0.0126979,1011 1011 1010 1078 1079 1145 1146 1080 1012 1013 1081 1082 -1
GCP,adapt_p80-40593177313954_a247-49999999999997_172_map.h5,26.8463,10,391,1135,9.594069:247.500000,1080,True,15,13,1080,0.999997,25.8261,0,0.0125106,1012 1012 1081 1147 1082 1014 1013 1080 1146 1145 1079 1011 -1
GCP,adapt_p23-556464309101234_a22-5_302_map.h5,27.8732,10,481,781,66.443535:22.500000,1689,True,12,12,1719,0.999998,22.9213,0,0.0125701,1720 1720 1745 1746 1719 1718 1688 1652 1653 1689 1690 -1
GCP,adapt_p11-715852394892384_a45-0_331_map.h5,26.8814,10,572,1133,78.284149:45.000000,1766,True,11,11,1766,0.999999,20.2617,0,0.0124311,1746 1746 1765 1745 1766 1782 1783 1767 1747 1748 -1
GCP,adapt_p48-18968510422141_a168-74999999999997_305_map.h5,26.8121,10,440,1087,41.810314:168.750000,1491,True,20,13,1541,0.999813,25.4405,0,0.0127101,1540 1540 1587 1541 1542 1492 1491 1438 1437 1490 1489 1436 -1
GCP,adapt_p70-52877936550931_a78-75_68_map.h5,26.8521,10,294,1050,19.471220:78.750000,1181,True,15,13,1182,0.999997,25.4053,0,0.012658,1115 1115 1116 1117 1183 1246 1245 1182 1181 1114 1180 1244 -1
GCP,adapt_p80-40593177313954_a67-5_276_map.h5,26.8422,10,404,1097,9.594069:67.500000,1047,True,15,13,1047,0.999996,26.2056,0,0.0126311,1046 1046 980 979 1047 1112 1113 1114 1048 981 1049 1115 -1
GCP,adapt_p35-659087696138755_a105-0_467_map.h5,27.3078,10,39,395,54.340912:105.000000,1579,False,263,12,1483,0.80973,27.0117,0,0.0199215,1701 1581 1535 1484 1534 1533 1483 1429 1482 1481 1532 -1
GCP,adapt_p23-556464309101234_a112-5_40_map.h5,26.8713,10,574,1082,66.443535:112.500000,1697,True,11,11,1726,0.999998,20.012,0,0.012472,1725 1725 1726 1727 1698 1663 1662 1697 1696 1661 -1
GCP,adapt_p80-40593177313954_a224-99999999999997_476_map.h5,27.8191,10,216,761,9.594069:225.000000,1076,True,20,13,1076,0.999852,25.7047,0,0.0127409,1009 1009 1008 1075 1141 1207 1142 1076 1010 1078 1077 1143 -1
GCP,adapt_p23-556464309101234_a337-5_14_map.h5,28.7598,10,117,398,66.443535:337.500000,1716,True,29,14,1717,0.997723,27.3732,0,0.0129968,1743 1743 1717 1687 1686 1650 1685 1649 1648 1684 1716 1742 1741 -1
GCP,adapt_p60-00000000000001_a247-49999999999997_185_map.h5,26.8542,10,615,1048,30.000000:247.500000,1335,True,10,10,1394,0.999999,17.9411,0,0.0136418,1335 1335 1336 1337 1395 1451 1450 1394 1393 -1
GCP,adapt_p48-18968510422141_a56-24999999999999_319_map.h5,25.7623,10,341,1471,41.810314:56.250000,1475,True,20,13,1526,0.999911,24.9873,0,0.0124943,1525 1525 1473 1419 1420 1474 1526 1475 1527 1574 1573 1572 -1
GCP,adapt_p80-40593177313954_a0-0_427_map.h5,27.8289,10,302,750,9.594069:0.000000,1034,True,21,13,1166,0.999949,25.9254,0,0.012848,1099 1099 1164 1230 1165 1100 1032 1033 1034 1166 1101 1035 -1
GCP,adapt_p70-52877936550931_a123-74999999999999_333_map.h5,26.8778,10,581,1083,19.471220:123.750000,1189,True,12,12,1190,0.999999,22.9764,0,0.0129607,1253 1253 1252 1188 1123 1189 1190 1124 1125 1191 1254 -1
GCP,adapt_p60-00000000000001_a224-99999999999997_345_map.h5,24.437,10,144,1430,30.000000:225.000000,1331,True,232,9,1268,0.501362,23.6086,0,0.0185404,1782 1331 1269 1330 1268 1205 1140 1204 -1
GCP,adapt_p70-52877936550931_a258-75_44_map.h5,26.8692,10,640,1086,19.471220:258.750000,1213,True,12,12,1213,0.999999,22.9616,0,0.012637,1276 1276 1277 1215 1149 1214 1213 1148 1147 1212 1275 -1
GCP,adapt_p60-00000000000001_a202-49999999999997_152_map.h5,27.7127,10,266,753,30.000000:202.500000,1328,True,28,13,1267,0.999362,25.508,0,0.0131118,1205 1205 1204 1203 1265 1327 1386 1328 1266 1267 1329 1268 -1
GCP,adapt_p70-52877936550931_a326-24999999999994_421_map.h5,25.7452,10,321,1485,19.471220:326.250000,1225,True,32,12,1159,0.993512,23.2667,0,0.0125618,1225 1225 1160 1094 1159 1224 1093 1092 1158 1223 1286 -1
GCP,adapt_p48-18968510422141_a236-25_86_map.h5,26.8101,10,436,1152,41.810314:236.250000,1501,True,21,13,1449,0.999959,25.7681,0,0.0127258,1450 1450 1392 1393 1449 1448 1391 1390 1447 1500 1501 1502 -1
GCP,adapt_p80-40593177313954_a202-49999999999997_178_map.h5,28.7213,10,125,343,9.594069:202.500000,1072,True,37,14,1070,0.994445,28.4326,0,0.0125466,1001 1001 1067 1068 1069 1002 1070 1003 1071 1004 1072 1005 1073 -1
GCP,adapt_p60-00000000000001_a157-5_506_map.h5,26.7588,10,175,1130,30.000000:157.500000,1320,True,29,13,1380,0.999257,25.2002,0,0.0129831,1438 1438 1381 1322 1259 1321 1380 1437 1436 1379 1320 1378 -1
GCP,adapt_p80-40593177313954_a180-0_231_map.h5,25.7608,10,351,1516,9.594069:180.000000,1067,True,27,12,1133,0.99891,24.993,0,0.0129631,1199 1133 1067 1068 1134 1132 1066 1131 1197 1198 1199 -1
GCP,adapt_p48-18968510422141_a236-25_151_map.h5,28.794,10,162,347,41.810314:236.250000,1501,True,25,14,1392,0.999712,27.7152,0,0.0127872,1447 1447 1500 1501 1448 1391 1333 1334 1392 1449 1393 1335 1394 -1
GCP,adapt_p60-00000000000001_a180-0_591_map.h5,26.8355,10,419,1115,30.000000:180.000000,1324,True,17,13,1324,0.999937,25.1172,0,0.0132734,1262 1262 1261 1323 1324 1325 1383 1440 1439 1382 1381 1322 -1
GCP,adapt_p80-40593177313954_a180-0_106_map.h5,26.7481,10,231,1105,9.594069:180.000000,1067,True,31,12,1066,0.996262,23.8694,0,0.012709,999 999 1065 1131 1064 998 1066 1132 1133 1067 1068 -1
GCP,adapt_p11-715852394892384_a45-0_394_map.h5,26.8481,10,414,1103,78.284149:45.000000,1766,True,17,13,1766,0.999984,24.4433,0,0.0126439,1745 1745 1744 1765 1781 1782 1783 1767 1766 1746 1747 1748 -1
GCP,adapt_p70-52877936550931_a281-24999999999994_57_map.h5,26.8589,10,555,1141,19.471220:281.250000,1217,True,14,13,1217,0.999997,25.4466,0,0.0128335,1151 1151 1150 1215 1216 1152 1153 1218 1281 1280 1217 1279 -1
GCP,adapt_p48-18968510422141_a101-24999999999999_360_map.h5,25.8042,10,250,1383,41.810314:101.250000,1481,True,24,12,1428,0.999198,22.9907,0,0.0126311,1533 1533 1482 1429 1371 1370 1428 1481 1532 1480 1427 -1
GCP,adapt_p60-00000000000001_a67-5_193_map.h5,22.0475,10,80,1463,30.000000:67.500000,1305,False,613,9,1491,0.513076,21.6269,0,0.0496025,1312 1438 1437 1490 1541 1542 1491 1492 -1
GCP,adapt_p23-556464309101234_a247-49999999999997_572_map.h5,27.8993,10,692,743,66.443535:247.500000,1708,True,8,8,1709,0.999998,12.8297,0,0.0124302,1708 1708 1735 1736 1709 1676 1675 -1
GCP,adapt_p48-18968510422141_a236-25_104_map.h5,26.8633,10,532,1166,41.810314:236.250000,1501,True,13,13,1500,0.999999,25.0745,0,0.0125346,1448 1448 1449 1502 1552 1551 1501 1500 1550 1549 1499 1447 -1
GCP,adapt_p80-40593177313954_a22-5_371_map.h5,28.7962,10,166,403,9.594069:22.500000,1038,True,24,14,971,0.999762,28.344,0,0.0126016,1037 1037 969 970 903 904 971 1038 1039 972 905 1040 973 -1
GCP,adapt_p70-52877936550931_a303-75_547_map.h5,21.9836,10,124,1471,19.471220:303.750000,1221,False,608,7,1209,0.595145,21.9404,0,0.0486666,1429 1273 1210 1272 1209 1144 -1
GCP,adapt_p35-659087696138755_a344-99999999999994_364_map.h5,27.8317,10,259,731,54.340912:345.000000,1609,True,20,13,1608,0.999953,25.8706,0,0.0130355,1649 1649 1650 1607 1563 1514 1515 1564 1608 1565 1609 1610 -1
GCP,adapt_p70-52877936550931_a56-24999999999999_471_map.h5,26.8791,10,577,1103,19.471220:56.250000,1177,True,13,13,1177,0.999999,25.3736,0,0.0127327,1110 1110 1111 1112 1178 1241 1240 1177 1176 1109 1175 1239 -1
GCP,adapt_p48-18968510422141_a258-75_192_map.h5,26.8103,10,787,1149,41.810314:258.750000,1504,True,9,9,1451,0.999999,15.5765,0,0.0124732,1504 1504 1554 1553 1503 1450 1451 1452 -1
GCP,adapt_p60-00000000000001_a180-0_52_map.h5,26.1226,10,135,1112,30.000000:180.000000,1324,False,124,12,1326,0.957457,24.1442,0,0.0142173,1442 1385 1384 1440 1383 1325 1263 1264 1326 1327 1265 -1
GCP,adapt_p23-556464309101234_a337-5_138_map.h5,27.6599,10,256,771,66.443535:337.500000,1716,True,44,13,1743,0.994779,26.6916,0,0.0129772,1651 1686 1685 1717 1687 1718 1743 1716 1742 1764 1744 1780 -1
GCP,adapt_p60-00000000000001_a135-0_86_map.h5,27.6068,10,189,797,30.000000:135.000000,1316,True,55,13,1255,0.946613,26.508,0,0.0129766,1257 1256 1193 1192 1255 1318 1317 1376 1375 1316 1254 1191 -1
GCP,adapt_p60-00000000000001_a180-0_75_map.h5,26.8572,10,383,1122,30.000000:180.000000,1324,True,15,13,1325,0.999998,25.2544,0,0.0125507,1384 1384 1326 1264 1263 1325 1324 1262 1323 1382 1383 1440 -1
GCP,adapt_p35-659087696138755_a195-0_427_map.h5,27.749,10,129,708,54.340912:195.000000,1590,True,32,14,1632,0.999564,27.557,0,0.0128021,1588 1588 1589 1543 1544 1545 1590 1632 1631 1669 1670 1633 1591 -1
GCP,adapt_p70-52877936550931_a56-24999999999999_287_map.h5,26.8229,10,549,1112,19.471220:56.250000,1177,True,18,13,1176,0.999923,25.1621,0,0.0129061,1111 1111 1110 1176 1175 1239 1302 1303 1240 1177 1178 1241 -1
GCP,adapt_p35-659087696138755_a344-99999999999994_400_map.h5,26.8672,10,459,1089,54.340912:345.000000,1609,True,13,13,1609,0.999999,25.949,0,0.0126386,1650 1650 1566 1610 1611 1609 1565 1564 1608 1649 1648 1607 -1
GCP,adapt_p60-00000000000001_a90-0_227_map.h5,26.894,10,764,1127,30.000000:90.000000,1309,True,8,8,1309,0.999999,13.6794,0,0.0128434,1368 1368 1310 1309 1367 1308 1246 -1
GCP,adapt_p60-00000000000001_a224-99999999999997_174_map.h5,28.8702,10,347,363,30.000000:225.000000,1331,True,15,14,1332,0.999999,27.974,0,0.012555,1270 1270 1208 1207 1269 1331 1332 1390 1391 1333 1271 1272 1334 -1
GCP,adapt_p60-00000000000001_a224-99999999999997_119_map.h5,26.8583,10,411,1125,30.000000:225.000000,1331,True,13,13,1270,0.999998,25.0752,0,0.0124897,1331 1331 1269 1270 1207 1208 1271 1272 1333 1391 1390 1332 -1
GCP,adapt_p35-659087696138755_a105-0_321_map.h5,26.8556,10,533,1118,54.340912:105.000000,1579,True,11,11,1580,0.999999,21.2761,0,0.0131625,1623 1623 1622 1532 1533 1579 1624 1581 1580 1534 -1
GCP,adapt_p60-00000000000001_a180-0_191_map.h5,27.8681,10,431,814,30.000000:180.000000,1324,True,12,12,1382,0.999999,23.6249,0,0.0127272,1323 1323 1383 1440 1325 1324 1382 1439 1438 1381 1322 -1
GCP,adapt_p35-659087696138755_a224-99999999999997_504_map.h5,26.8336,10,56,405,54.340912:225.000000,1594,False,283,10,931,0.707791,25.2922,0,0.0216999,1447 932 863 931 862 930 929 860 928 -1
GCP,adapt_p35-659087696138755_a14-999999999999998_250_map.h5,27.8692,10,549,734,54.340912:15.000000,1568,True,11,11,1613,0.999999,20.2534,0,0.0125856,1568 1568 1521 1569 1570 1614 1653 1652 1613 1612 -1
GCP,adapt_p23-556464309101234_a67-5_525_map.h5,28.8639,10,369,366,66.443535:67.500000,1693,True,13,13,1693,0.999999,25.5702,0,0.0128774,1694 1694 1657 1656 1692 1722 1693 1658 1659 1695 1724 1723 -1
GCP,adapt_p80-40593177313954_a90-0_372_map.h5,27.8853,10,738,720,9.594069:90.000000,1051,True,9,9,1050,0.999998,16.1685,0,0.0124434,983 983 1052 984 1051 1050 982 1049 -1
GCP,adapt_p70-52877936550931_a213-75_206_map.h5,26.8693,10,492,1106,19.471220:213.750000,1205,True,11,11,1205,0.999999,20.365,0,0.012468,1206 1206 1141 1140 1205 1139 1204 1267 1268 1269 -1
GCP,adapt_p70-52877936550931_a281-24999999999994_203_map.h5,26.8193,10,463,1145,19.471220:281.250000,1217,True,21,13,1151,0.999883,25.6589,0,0.0124865,1150 1150 1214 1149 1215 1278 1279 1216 1151 1152 1217 1153 -1
GCP,adapt_p70-52877936550931_a146-25_195_map.h5,27.8781,10,656,763,19.471220:146.250000,1193,True,11,11,1127,0.999998,20.5093,0,0.0126261,1128 1128 1127 1126 1191 1192 1255 1256 1193 1194 -1
GCP,adapt_p80-40593177313954_a112-49999999999999_516_map.h5,26.1078,10,91,1153,9.594069:112.500000,1055,True,128,10,1123,0.766919,23.7507,0,0.014747,983 1048 1055 1122 1056 1057 1123 1124 1058 -1
GCP,adapt_p70-52877936550931_a146-25_15_map.h5,27.8925,10,622,690,19.471220:146.250000,1193,True,8,8,1193,0.999999,13.6868,0,0.0133447,1127 1127 1126 1192 1128 1194 1193 -1
GCP,adapt_p60-00000000000001_a315-0_441_map.h5,24.5471,10,86,1793,30.000000:315.000000,1346,True,60,12,1347,0.972296,24.3122,0,0.0126843,1461 1405 1348 1287 1288 1225 1224 1286 1347 1404 1346 -1
GCP,adapt_p23-556464309101234_a202-5_274_map.h5,27.792,10,238,742,66.443535:202.500000,1704,True,24,13,1670,0.999512,25.3253,0,0.0127655,1703 1703 1702 1669 1632 1633 1670 1704 1705 1671 1634 1672 -1
GCP,adapt_p70-52877936550931_a326-24999999999994_448_map.h5,26.8317,10,416,1103,19.471220:326.250000,1225,True,19,13,1225,0.999911,25.8745,0,0.0130757,1287 1287 1225 1288 1289 1227 1226 1161 1160 1224 1286 1348 -1
GCP,adapt_p70-52877936550931_a191-25_597_map.h5,26.8425,10,474,1152,19.471220:191.250000,1201,True,18,13,1202,0.999989,25.6228,0,0.0132405,1136 1136 1137 1138 1203 1266 1265 1202 1135 1200 1201 1264 -1
GCP,adapt_p60-00000000000001_a0-0_430_map.h5,26.8814,10,558,1136,30.000000:0.000000,1294,True,12,12,1294,0.999999,23.8894,0,0.0124198,1411 1411 1410 1352 1354 1295 1294 1231 1293 1353 1292 -1
GCP,adapt_p70-52877936550931_a236-25_331_map.h5,27.6883,10,216,768,19.471220:236.250000,1209,True,40,13,1209,0.96924,27.2385,0,0.0135054,1272 1273 1211 1210 1209 1271 1208 1207 1141 1142 1143 1144 -1
GCP,adapt_p60-00000000000001_a157-5_340_map.h5,26.8587,10,498,1176,30.000000:157.500000,1320,True,14,13,1320,0.999999,25.739,0,0.0130322,1319 1319 1257 1258 1259 1321 1379 1436 1435 1378 1320 1377 -1
GCP,adapt_p60-00000000000001_a180-0_587_map.h5,26.8658,10,546,1078,30.000000:180.000000,1324,True,13,13,1262,0.999999,26.2677,0,0.012985,1261 1261 1322 1323 1199 1200 1263 1264 1326 1325 1262 1324 -1
GCP,adapt_p48-18968510422141_a56-24999999999999_407_map.h5,28.7872,10,173,327,41.810314:56.250000,1475,True,26,14,1476,0.999856,27.5109,0,0.0135724,1527 1527 1475 1421 1422 1476 1528 1574 1575 1529 1477 1423 1424 -1
GCP,adapt_p80-40593177313954_a292-5_489_map.h5,26.8359,10,424,1151,9.594069:292.500000,1088,True,16,13,1089,0.999995,25.4289,0,0.0129249,1155 1155 1154 1153 1087 1020 1088 1021 1089 1022 1090 1023 -1
GCP,adapt_p23-556464309101234_a202-5_125_map.h5,26.8793,10,638,1044,66.443535:202.500000,1704,True,10,10,1704,0.999999,18.7926,0,0.0125389,1732 1732 1731 1733 1672 1671 1705 1704 1670 -1
GCP,adapt_p23-556464309101234_a157-5_582_map.h5,27.7791,10,205,764,66.443535:157.500000,1701,True,25,13,1667,0.999182,25.6367,0,0.012714,1668 1668 1631 1587 1630 1629 1628 1666 1667 1702 1701 1700 -1
GCP,adapt_p60-00000000000001_a45-0_390_map.h5,26.7404,10,227,1053,30.000000:45.000000,1301,True,33,13,1303,0.995549,25.5464,0,0.0134248,1301 1301 1238 1302 1362 1303 1239 1176 1177 1240 1241 1304 -1
GCP,adapt_p48-18968510422141_a78-75_396_map.h5,25.1303,10,125,1486,41.810314:78.750000,1478,True,119,12,1475,0.874824,24.7074,0,0.0144989,1478 1477 1422 1421 1476 1528 1527 1475 1420 1474 1526 -1
GCP,adapt_p35-659087696138755_a315-0_510_map.h5,26.8724,10,436,1173,54.340912:315.000000,1605,True,11,11,1605,0.999998,20.2099,0,0.0123481,1646 1646 1645 1604 1560 1561 1605 1562 1606 1647 -1
GCP,adapt_p23-556464309101234_a67-5_475_map.h5,27.8823,10,765,726,66.443535:67.500000,1693,True,10,10,1693,0.999999,18.2773,0,0.0124939,1694 1694 1695 1724 1723 1722 1657 1658 1693 -1
GCP,adapt_p35-659087696138755_a224-99999999999997_360_map.h5,28.8744,10,488,385,54.340912:225.000000,1594,True,9,9,1636,0.999998,15.3105,0,0.012335,1637 1637 1595 1594 1593 1635 1636 1673 -1
GCP,adapt_p70-52877936550931_a146-25_399_map.h5,27.8549,10,400,863,19.471220:146.250000,1193,True,15,13,1128,0.999995,25.3449,0,0.0128702,1192 1192 1193 1194 1195 1129 1063 1062 1128 1061 1127 1126 -1
GCP,adapt_p35-659087696138755_a255-00000000000003_453_map.h5,26.3273,10,146,1121,54.340912:255.000000,1598,False,104,12,1709,0.978248,24.5453,0,0.0143492,1760 1709 1676 1639 1675 1708 1735 1736 1737 1710 1677 -1
GCP,adapt_p80-40593177313954_a247-49999999999997_226_map.h5,27.8186,10,270,712,9.594069:247.500000,1080,True,22,12,1081,0.99939,22.8064,0,0.0132053,1014 1014 1015 1082 1148 1147 1081 1013 1080 1146 1145 -1
GCP,adapt_p70-52877936550931_a101-24999999999999_127_map.h5,26.8818,10,582,1152,19.471220:101.250000,1185,True,10,10,1118,0.999998,17.8906,0,0.0129805,1119 1119 1185 1184 1247 1183 1117 1118 1052 -1
GCP,adapt_p23-556464309101234_a202-5_240_map.h5,26.8561,10,423,1130,66.443535:202.500000,1704,True,11,11,1733,0.999998,20.392,0,0.0127433,1705 1705 1706 1734 1757 1756 1733 1732 1704 1731 -1
GCP,adapt_p60-00000000000001_a45-0_243_map.h5,26.8815,10,486,1167,30.000000:45.000000,1301,True,10,10,1301,0.999998,18.2227,0,0.0132443,1238 1238 1300 1237 1301 1360 1361 1302 1239 -1
GCP,adapt_p35-659087696138755_a224-99999999999997_264_map.h5,25.734,10,266,1562,54.340912:225.000000,1594,True,33,13,1636,0.998197,25.2582,0,0.0127728,1594 1594 1593 1635 1672 1706 1707 1674 1637 1673 1636 1595 -1
GCP,adapt_p48-18968510422141_a326-24999999999994_225_map.h5,27.8353,10,291,755,41.810314:326.250000,1514,True,17,14,1513,0.999996,27.7444,0,0.0125272,1561 1561 1562 1513 1514 1462 1405 1461 1512 1460 1459 1511 1560 -1
GCP,adapt_p80-40593177313954_a270-0_565_map.h5,26.3777,10,161,1104,9.594069:270.000000,1084,False,86,12,1081,0.848903,25.4907,0,0.0131228,1016 948 947 1013 1080 1081 1147 1213 1148 1014 1082 -1
GCP,adapt_p60-00000000000001_a202-49999999999997_83_map.h5,26.8332,10,480,1098,30.000000:202.500000,1328,True,18,13,1385,0.999996,25.7335,0,0.0126184,1328 1328 1387 1443 1386 1265 1327 1385 1442 1441 1384 1326 -1
GCP,adapt_p80-40593177313954_a45-0_5_map.h5,28.876,10,398,357,9.594069:45.000000,1042,True,13,13,1042,0.999999,26.2819,0,0.0127889,1041 1041 975 974 1042 1107 1108 1109 1043 976 1044 1110 -1
GCP,adapt_p60-00000000000001_a45-0_49_map.h5,26.88,10,594,1144,30.000000:45.000000,1301,True,10,10,1301,0.999999,17.9332,0,0.0128193,1361 1361 1360 1300 1237 1238 1301 1302 1239 -1
GCP,adapt_p35-659087696138755_a224-99999999999997_306_map.h5,28.809,10,181,405,54.340912:225.000000,1594,True,25,14,1549,0.999949,28.0942,0,0.0128389,1593 1593 1594 1549 1499 1498 1548 1636 1595 1596 1551 1550 1500 -1
GCP,adapt_p80-40593177313954_a0-0_525_map.h5,28.8492,10,326,381,9.594069:0.000000,1034,True,15,14,1034,0.999998,28.3891,0,0.0125959,1033 1033 967 1035 1101 1034 1166 1100 1032 1165 1099 1031 1098 -1
GCP,adapt_p23-556464309101234_a247-49999999999997_67_map.h5,28.2005,10,151,373,66.443535:247.500000,1708,False,120,13,1598,0.967062,26.5385,0,0.0140367,1505 1554 1599 1640 1598 1553 1552 1597 1596 1638 1639 1676 -1
GCP,adapt_p60-00000000000001_a135-0_106_map.h5,26.7882,10,251,1096,30.000000:135.000000,1316,False,26,13,1192,0.999624,25.5487,0,0.0125389,1254 1254 1191 1192 1256 1318 1317 1255 1193 1194 1257 1319 -1
GCP,adapt_p70-52877936550931_a56-24999999999999_299_map.h5,26.862,10,433,1171,19.471220:56.250000,1177,True,13,13,1177,0.999998,25.7303,0,0.0127966,1112 1112 1045 1113 1179 1178 1241 1240 1177 1111 1110 1176 -1
GCP,adapt_p70-52877936550931_a258-75_63_map.h5,28.7551,10,178,398,19.471220:258.750000,1213,True,21,14,1213,0.999937,28.455,0,0.0126773,1212 1212 1148 1147 1213 1275 1276 1277 1214 1149 1083 1150 1215 -1
GCP,adapt_p11-715852394892384_a315-0_599_map.h5,26.8418,10,571,1078,78.284149:315.000000,1778,True,13,13,1779,0.999999,24.7424,0,0.0129724,1780 1780 1765 1781 1779 1763 1762 1778 1777 1790 1791 1797 -1
GCP,adapt_p60-00000000000001_a135-0_72_map.h5,26.6221,10,206,1066,30.000000:135.000000,1316,True,49,13,1253,0.949743,25.9705,0,0.0127079,1377 1377 1376 1317 1434 1433 1375 1316 1254 1190 1253 1315 -1
GCP,adapt_p70-52877936550931_a101-24999999999999_562_map.h5,27.8809,10,650,761,19.471220:101.250000,1185,True,8,8,1185,0.999998,13.6742,0,0.0129645,1248 1248 1247 1184 1249 1186 1185 -1
GCP,adapt_p48-18968510422141_a236-25_550_map.h5,26.8288,10,366,1155,41.810314:236.250000,1501,True,18,13,1501,0.99997,25.6411,0,0.0130131,1449 1449 1503 1450 1502 1552 1551 1501 1448 1500 1550 1549 -1
GCP,adapt_p60-00000000000001_a157-5_287_map.h5,26.867,10,518,1086,30.000000:157.500000,1320,True,14,13,1321,0.999998,24.9775,0,0.0128038,1320 1320 1258 1259 1321 1322 1381 1438 1437 1380 1379 1436 -1
GCP,adapt_p48-18968510422141_a56-24999999999999_559_map.h5,25.87,10,400,1484,41.810314:56.250000,1475,True,12,12,1475,0.999999,23.2809,0,0.0127851,1420 1420 1474 1473 1419 1362 1421 1422 1476 1475 1526 -1
GCP,adapt_p60-00000000000001_a45-0_436_map.h5,28.623,10,167,363,30.000000:45.000000,1301,True,46,14,1239,0.977992,28.2268,0,0.0127196,1174 1174 1175 1176 1240 1177 1241 1303 1239 1302 1301 1238 1237 -1
GCP,adapt_p48-18968510422141_a168-74999999999997_146_map.h5,26.874,10,581,1158,41.810314:168.750000,1491,True,13,13,1439,0.999999,26.1098,0,0.0128202,1492 1492 1440 1493 1542 1439 1382 1381 1438 1491 1490 1437 -1
GCP,adapt_p70-52877936550931_a168-74999999999997_342_map.h5,26.8692,10,369,1180,19.471220:168.750000,1197,True,14,13,1196,0.999999,25.0988,0,0.0126434,1130 1130 1195 1258 1259 1196 1131 1197 1260 1261 1198 1132 -1
GCP,adapt_p60-00000000000001_a315-0_56_map.h5,24.9776,10,96,1500,30.000000:315.000000,1346,False,135,10,1348,0.930761,23.6603,0,0.0141824,1214 1347 1286 1287 1348 1406 1407 1349 1288 -1
GCP,adapt_p48-18968510422141_a303-75_66_map.h5,26.2612,10,165,1085,41.810314:303.750000,1510,False,105,11,1284,0.974757,25.9008,0,0.0135807,1274 1344 1283 1220 1156 1221 1222 1285 1284 1345 -1
GCP,adapt_p60-00000000000001_a202-49999999999997_208_map.h5,27.3401,10,70,424,30.000000:202.500000,1328,False,255,11,1447,0.709714,25.5623,0,0.0186276,1145 1212 1213 1390 1447 1446 1389 1331 1388 1330 -1
GCP,adapt_p48-18968510422141_a56-24999999999999_159_map.h5,25.8493,10,371,1435,41.810314:56.250000,1475,True,16,13,1526,0.999998,25.4716,0,0.0125341,1474 1474 1527 1574 1528 1476 1475 1526 1573 1572 1525 1473 -1
GCP,adapt_p35-659087696138755_a14-999999999999998_79_map.h5,26.882,10,664,1085,54.340912:15.000000,1568,True,8,8,1568,0.999998,13.5442,0,0.0128434,1612 1612 1569 1613 1568 1567 1611 -1
GCP,adapt_p11-715852394892384_a315-0_150_map.h5,27.8859,10,702,792,78.284149:315.000000,1778,True,10,10,1778,0.999999,17.8478,0,0.0128806,1779 1779 1790 1791 1778 1777 1761 1762 1763 -1
GCP,adapt_p11-715852394892384_a135-0_537_map.h5,27.8093,10,256,739,78.284149:135.000000,1770,True,25,14,1771,0.999818,27.4933,0,0.012564,1772 1772 1754 1771 1786 1785 1770 1769 1751 1752 1753 1729 1728 -1
GCP,adapt_p35-659087696138755_a105-0_314_map.h5,26.8735,10,454,1129,54.340912:105.000000,1579,True,10,10,1579,0.999999,18.3013,0,0.0122727,1533 1533 1578 1532 1579 1622 1623 1580 1534 -1
GCP,adapt_p80-40593177313954_a270-0_561_map.h5,26.8283,10,460,1082,9.594069:270.000000,1084,True,19,13,1085,0.999937,25.5765,0,0.0125453,1150 1150 1215 1216 1151 1084 1016 1017 1085 1018 1086 1152 -1
GCP,adapt_p48-18968510422141_a348-74999999999994_111_map.h5,27.8758,10,400,846,41.810314:348.750000,1517,True,12,12,1517,0.999998,24.3001,0,0.0130491,1566 1566 1466 1465 1519 1518 1517 1516 1564 1565 1609 -1
GCP,adapt_p60-00000000000001_a45-0_440_map.h5,25.8673,10,378,1464,30.000000:45.000000,1301,True,12,12,1301,0.999999,23.0139,0,0.0124327,1238 1238 1300 1237 1301 1360 1361 1302 1239 1240 1303 -1
GCP,adapt_p60-00000000000001_a90-0_238_map.h5,25.7869,10,415,1519,30.000000:90.000000,1309,True,25,13,1309,0.99956,25.2126,0,0.012916,1308 1308 1245 1246 1309 1247 1310 1311 1370 1369 1368 1367 -1
GCP,adapt_p11-715852394892384_a45-0_2_map.h5,26.5349,10,145,1117,78.284149:45.000000,1766,False,69,12,1713,0.990434,24.4251,0,0.0129835,1642 1679 1680 1712 1681 1713 1739 1762 1740 1714 1682 -1
GCP,adapt_p23-556464309101234_a67-5_44_map.h5,26.8581,10,549,1104,66.443535:67.500000,1693,True,14,13,1693,0.999998,25.4909,0,0.0126884,1692 1692 1722 1723 1694 1693 1656 1618 1657 1658 1619 1620 -1
GCP,adapt_p35-659087696138755_a135-0_341_map.h5,25.5468,10,152,1464,54.340912:135.000000,1583,True,54,13,1626,0.988044,25.356,0,0.0129682,1581 1581 1582 1625 1663 1664 1626 1627 1583 1538 1584 1585 -1
GCP,adapt_p60-00000000000001_a224-99999999999997_265_map.h5,26.6334,10,144,1141,30.000000:225.000000,1331,True,51,13,1269,0.962094,26.5968,0,0.0133706,1204 1205 1206 1269 1270 1331 1389 1388 1330 1268 1267 1329 -1
GCP,adapt_p70-52877936550931_a326-24999999999994_86_map.h5,27.8133,10,237,772,19.471220:326.250000,1225,True,23,13,1224,0.999801,25.3889,0,0.012471,1286 1286 1287 1225 1161 1095 1094 1160 1159 1224 1223 1158 -1
GCP,adapt_p80-40593177313954_a247-49999999999997_210_map.h5,26.6236,10,404,1114,9.594069:247.500000,1080,False,50,13,1073,0.898617,26.1185,0,0.0131836,1145 1145 1143 1077 1076 1141 1075 1140 1074 1073 1139 1138 -1
GCP,adapt_p48-18968510422141_a168-74999999999997_166_map.h5,26.6019,10,121,1142,41.810314:168.750000,1491,True,57,12,1541,0.972338,24.2267,0,0.0128893,1488 1539 1489 1540 1586 1587 1541 1490 1437 1491 1542 -1
GCP,adapt_p70-52877936550931_a78-75_240_map.h5,26.8709,10,457,1153,19.471220:78.750000,1181,True,14,13,1181,0.999998,25.5163,0,0.0128737,1182 1182 1115 1181 1245 1246 1308 1307 1244 1243 1180 1114 -1
GCP,adapt_p35-659087696138755_a255-00000000000003_524_map.h5,26.653,10,189,1165,54.340912:255.000000,1598,True,33,13,1553,0.995534,25.3037,0,0.0127344,1597 1597 1552 1503 1553 1598 1599 1555 1554 1504 1452 1505 -1
GCP,adapt_p35-659087696138755_a285-0_434_map.h5,26.7471,10,225,1130,54.340912:285.000000,1601,True,31,13,1643,0.997458,26.0431,0,0.012659,1558 1558 1601 1679 1643 1602 1559 1603 1644 1680 1681 1645 -1
GCP,adapt_p70-52877936550931_a281-24999999999994_394_map.h5,25.8289,10,335,1534,19.471220:281.250000,1217,True,20,13,1153,0.999894,25.356,0,0.0128923,1279 1279 1280 1218 1217 1216 1151 1152 1086 1087 1153 1154 -1
GCP,adapt_p70-52877936550931_a56-24999999999999_431_map.h5,27.783,10,243,731,19.471220:56.250000,1177,True,30,14,1176,0.999698,27.6872,0,0.0127861,1241 1241 1178 1111 1177 1240 1239 1176 1110 1109 1175 1108 1174 -1
GCP,adapt_p60-00000000000001_a22-5_242_map.h5,26.868,10,552,1138,30.000000:22.500000,1298,True,13,13,1358,0.999999,25.8462,0,0.012818,1299 1299 1359 1300 1298 1235 1234 1297 1356 1357 1358 1416 -1
GCP,adapt_p70-52877936550931_a303-75_227_map.h5,26.8835,10,526,1065,19.471220:303.750000,1221,True,10,10,1284,0.999999,18.2759,0,0.0123105,1221 1221 1285 1222 1284 1345 1344 1283 1220 -1
GCP,adapt_p80-40593177313954_a202-49999999999997_523_map.h5,28.4534,10,132,333,9.594069:202.500000,1072,True,76,13,1138,0.92412,27.7169,0,0.0134043,1007 1074 1141 1140 1073 1139 1203 1202 1136 1137 1138 1072 -1
GCP,adapt_p48-18968510422141_a146-25_35_map.h5,27.8354,10,366,728,41.810314:146.250000,1488,True,13,13,1488,0.999999,25.2934,0,0.0124282,1539 1539 1540 1490 1436 1489 1488 1435 1434 1487 1538 1537 -1
GCP,adapt_p60-00000000000001_a135-0_163_map.h5,27.1479,10,79,736,30.000000:135.000000,1316,False,124,11,1376,0.666365,24.9849,0,0.0139605,1326 1320 1378 1319 1318 1377 1433 1375 1376 1317 -1
GCP,adapt_p60-00000000000001_a247-49999999999997_542_map.h5,26.8812,10,752,1159,30.000000:247.500000,1335,True,8,8,1335,0.999999,13.1851,0,0.0125548,1336 1336 1275 1274 1335 1273 1334 -1
GCP,adapt_p23-556464309101234_a202-5_217_map.h5,26.8822,10,813,1196,66.443535:202.500000,1704,True,9,9,1704,0.999999,15.4209,0,0.0125695,1731 1731 1732 1705 1671 1670 1704 1703 -1
GCP,adapt_p23-556464309101234_a337-5_5_map.h5,26.8489,10,501,1106,66.443535:337.500000,1716,True,11,11,1716,0.999998,21.0311,0,0.0128667,1742 1742 1715 1683 1741 1716 1684 1685 1717 1743 -1
GCP,adapt_p70-52877936550931_a303-75_123_map.h5,28.6805,10,126,390,19.471220:303.750000,1221,True,44,14,1220,0.968788,27.791,0,0.0133072,1401 1401 1400 1342 1343 1281 1219 1282 1283 1220 1155 1156 1221 -1
GCP,adapt_p70-52877936550931_a213-75_89_map.h5,26.8574,10,497,1096,19.471220:213.750000,1205,True,15,13,1205,0.999995,25.6206,0,0.0123766,1139 1139 1140 1141 1206 1269 1268 1205 1138 1203 1204 1267 -1
GCP,adapt_p23-556464309101234_a292-5_258_map.h5,26.8774,10,611,1122,66.443535:292.500000,1712,True,12,12,1712,0.999998,23.124,0,0.0124083,1713 1713 1712 1679 1643 1644 1680 1681 1739 1738 1711 -1
GCP,adapt_p80-40593177313954_a202-49999999999997_129_map.h5,27.7976,10,271,728,9.594069:202.500000,1072,True,24,14,1071,0.999889,27.6508,0,0.0132082,1073 1073 1139 1138 1072 1004 1003 1071 1137 1136 1070 1135 1069 -1
GCP,adapt_p35-659087696138755_a165-0_415_map.h5,27.8172,10,309,764,54.340912:165.000000,1587,True,16,13,1629,0.999983,25.9039,0,0.0125683,1667 1667 1631 1588 1587 1630 1668 1629 1586 1585 1628 1666 -1
GCP,adapt_p35-659087696138755_a224-99999999999997_456_map.h5,26.6574,10,149,1131,54.340912:225.000000,1594,True,46,13,1594,0.997272,26.2824,0,0.0133998,1673 1636 1635 1593 1548 1498 1499 1549 1594 1637 1595 1550 -1
GCP,adapt_p60-00000000000001_a67-5_90_map.h5,26.8885,10,558,1069,30.000000:67.500000,1305,True,9,9,1365,0.999999,15.6389,0,0.0132577,1305 1305 1306 1307 1366 1423 1365 1364 -1
GCP,adapt_p60-00000000000001_a292-5_184_map.h5,26.8704,10,489,1116,30.000000:292.500000,1343,True,12,12,1401,0.999998,23.1308,0,0.0123419,1400 1400 1399 1342 1343 1401 1456 1457 1458 1402 1344 -1
GCP,adapt_p48-18968510422141_a348-74999999999994_431_map.h5,28.8874,10,586,370,41.810314:348.750000,1517,True,10,10,1517,0.999999,18.4868,0,0.0123163,1516 1516 1565 1464 1465 1466 1518 1517 1566 -1
GCP,adapt_p23-556464309101234_a157-5_157_map.h5,26.8289,10,259,1052,66.443535:157.500000,1701,True,15,13,1666,0.999958,25.3393,0,0.0129299,1628 1628 1629 1667 1701 1729 1700 1699 1664 1665 1666 1627 -1
GCP,adapt_p48-18968510422141_a236-25_35_map.h5,27.8004,10,274,733,41.810314:236.250000,1501,True,23,14,1501,0.999746,27.5527,0,0.0124205,1448 1448 1449 1502 1552 1596 1551 1501 1500 1550 1549 1499 1447 -1
GCP,adapt_p70-52877936550931_a33-75_411_map.h5,28.8641,10,379,401,19.471220:33.750000,1173,True,15,14,1173,0.999996,27.8687,0,0.0127014,1174 1174 1238 1175 1108 1107 1173 1172 1235 1299 1236 1237 1300 -1
GCP,adapt_p60-00000000000001_a67-5_341_map.h5,26.8837,10,521,1085,30.000000:67.500000,1305,True,11,11,1306,0.999999,20.8627,0,0.0130379,1365 1365 1307 1366 1306 1244 1243 1242 1305 1364 -1
GCP,adapt_p70-52877936550931_a236-25_593_map.h5,27.8392,10,362,748,19.471220:236.250000,1209,True,16,14,1210,0.999986,27.3995,0,0.0126328,1144 1144 1145 1146 1211 1274 1273 1210 1209 1272 1271 1208 1143 -1
GCP,adapt_p70-52877936550931_a56-24999999999999_546_map.h5,27.8991,10,735,728,19.471220:56.250000,1177,True,8,8,1177,0.999999,13.6916,0,0.0127136,1111 1111 1112 1178 1110 1176 1177 -1
GCP,adapt_p70-52877936550931_a123-74999999999999_273_map.h5,27.8961,10,772,719,19.471220:123.750000,1189,True,8,8,1189,0.999999,13.1024,0,0.0127055,1188 1188 1123 1189 1252 1253 1190 -1
GCP,adapt_p80-40593177313954_a292-5_447_map.h5,28.6771,10,174,400,9.594069:292.500000,1088,True,40,14,1151,0.987495,28.057,0,0.012685,1216 1216 1217 1153 1154 1088 1087 1086 1152 1151 1085 1150 1149 -1
GCP,adapt_p23-556464309101234_a22-5_559_map.h5,28.8382,10,178,342,66.443535:22.500000,1689,True,18,14,1689,0.999973,27.6668,0,0.0126349,1719 1719 1718 1687 1651 1613 1652 1688 1689 1653 1654 1690 1720 -1
GCP,adapt_p48-18968510422141_a258-75_83_map.h5,26.2729,10,183,1106,41.810314:258.750000,1504,True,104,11,1504,0.811003,25.9622,0,0.0139582,1598 1553 1504 1453 1452 1451 1503 1552 1328 1327 -1
GCP,adapt_p60-00000000000001_a315-0_502_map.h5,26.8692,10,573,1060,30.000000:315.000000,1346,True,11,11,1347,0.999999,20.8559,0,0.0125952,1286 1286 1348 1287 1347 1405 1404 1346 1285 1345 -1
GCP,adapt_p48-18968510422141_a326-24999999999994_208_map.h5,26.824,10,268,1045,41.810314:326.250000,1514,True,18,13,1513,0.99998,25.7498,0,0.0128016,1461 1461 1514 1563 1462 1513 1562 1606 1605 1561 1512 1460 -1
GCP,adapt_p80-40593177313954_a224-99999999999997_483_map.h5,26.8604,10,469,1084,9.594069:225.000000,1076,True,14,12,1076,0.999988,23.2409,0,0.0123887,1009 1009 1008 1075 1141 1142 1076 1010 1078 1077 1143 -1
GCP,adapt_p35-659087696138755_a344-99999999999994_190_map.h5,27.8335,10,295,728,54.340912:345.000000,1609,True,19,13,1649,0.999989,25.819,0,0.0132245,1684 1684 1648 1607 1608 1649 1685 1686 1651 1650 1609 1611 -1
GCP,adapt_p60-00000000000001_a22-5_96_map.h5,26.8631,10,447,1135,30.000000:22.500000,1298,True,12,12,1298,0.999998,23.5629,0,0.0126995,1297 1297 1233 1234 1235 1298 1296 1356 1357 1358 1299 -1
GCP,adapt_p60-00000000000001_a202-49999999999997_115_map.h5,27.8468,10,240,774,30.000000:202.500000,1328,True,15,13,1328,0.999996,25.1525,0,0.0129787,1266 1266 1265 1327 1328 1329 1267 1268 1330 1388 1387 1386 -1
GCP,adapt_p70-52877936550931_a258-75_176_map.h5,26.8282,10,420,1089,19.471220:258.750000,1213,True,21,13,1213,0.999972,26.7764,0,0.0126145,1147 1148 1149 1214 1277 1276 1213 1212 1275 1274 1211 1147 -1
GCP,adapt_p23-556464309101234_a247-49999999999997_17_map.h5,27.8943,10,597,745,66.443535:247.500000,1708,True,9,9,1709,0.999999,15.2281,0,0.0124631,1736 1736 1735 1708 1675 1676 1709 1710 -1
GCP,adapt_p35-659087696138755_a315-0_39_map.h5,26.6575,10,224,1091,54.340912:315.000000,1605,True,32,13,1605,0.990301,25.1295,0,0.0133272,1512 1512 1562 1606 1647 1682 1646 1605 1561 1560 1604 1645 -1
GCP,adapt_p70-52877936550931_a101-24999999999999_117_map.h5,27.7467,10,234,771,19.471220:101.250000,1185,True,31,13,1185,0.99794,25.3911,0,0.0131259,1118 1118 1184 1247 1248 1185 1119 1249 1186 1120 1121 1187 -1
GCP,adapt_p70-52877936550931_a78-75_533_map.h5,25.8473,10,354,1468,19.471220:78.750000,1181,True,16,13,1182,0.999997,25.7478,0,0.0124733,1183 1183 1116 1117 1182 1246 1245 1244 1181 1115 1114 1180 -1
GCP,adapt_p80-40593177313954_a337-49999999999994_377_map.h5,26.8339,10,428,1147,9.594069:337.500000,1097,True,17,12,1164,0.999962,23.0119,0,0.0128567,1165 1165 1166 1100 1099 1164 1098 1097 1163 1162 1096 -1
GCP,adapt_p35-659087696138755_a224-99999999999997_59_map.h5,25.8611,10,456,1513,54.340912:225.000000,1594,True,12,12,1636,0.999999,23.114,0,0.0127068,1595 1595 1594 1635 1672 1673 1636 1637 1596 1638 1674 -1
GCP,adapt_p60-00000000000001_a247-49999999999997_224_map.h5,26.8682,10,535,1149,30.000000:247.500000,1335,True,12,12,1335,0.999999,23.2643,0,0.0126111,1394 1394 1393 1334 1273 1274 1335 1336 1395 1337 1275 -1
GCP,adapt_p23-556464309101234_a22-5_277_map.h5,26.8824,10,564,1125,66.443535:22.500000,1689,True,11,11,1689,0.999999,20.1398,0,0.0124077,1652 1652 1613 1653 1654 1690 1720 1719 1689 1688 -1
GCP,adapt_p48-18968510422141_a146-25_230_map.h5,28.8263,10,229,332,41.810314:146.250000,1488,True,18,14,1435,0.99997,28.0159,0,0.0125205,1436 1436 1378 1435 1489 1488 1539 1538 1487 1434 1377 1433 1376 -1
GCP,adapt_p23-556464309101234_a22-5_532_map.h5,26.8622,10,510,1089,66.443535:22.500000,1689,True,13,13,1689,0.999998,24.8967,0,0.0125629,1652 1652 1653 1654 1690 1720 1719 1689 1688 1718 1687 1651 -1
GCP,adapt_p60-00000000000001_a157-5_384_map.h5,26.8624,10,528,1041,30.000000:157.500000,1320,True,12,12,1320,0.999999,23.255,0,0.0124262,1379 1379 1322 1380 1321 1259 1258 1320 1378 1319 1257 -1
GCP,adapt_p48-18968510422141_a191-25_591_map.h5,26.8462,10,488,1088,41.810314:191.250000,1494,True,15,13,1441,0.999996,25.1826,0,0.0125589,1440 1440 1493 1441 1384 1385 1442 1495 1545 1494 1544 1543 -1
GCP,adapt_p70-52877936550931_a281-24999999999994_137_map.h5,26.8224,10,479,1142,19.471220:281.250000,1217,True,20,13,1152,0.999983,25.7515,0,0.013404,1215 1215 1151 1150 1216 1278 1279 1280 1217 1152 1153 1218 -1
GCP,adapt_p11-715852394892384_a45-0_377_map.h5,28.6349,10,147,391,78.284149:45.000000,1766,True,42,14,1744,0.995963,27.1592,0,0.012845,1720 1720 1746 1747 1766 1765 1780 1764 1744 1745 1719 1718 1743 -1
GCP,adapt_p48-18968510422141_a348-74999999999994_488_map.h5,26.8749,10,628,1117,41.810314:348.750000,1517,True,9,9,1465,0.999998,15.5846,0,0.012879,1466 1466 1465 1464 1516 1565 1517 1518 -1
GCP,adapt_p35-659087696138755_a14-999999999999998_598_map.h5,27.8158,10,643,764,54.340912:15.000000,1568,True,7,7,1569,0.999999,10.8054,0,0.0130362,1568 1568 1569 1614 1613 1612 -1
GCP,adapt_p35-659087696138755_a105-0_108_map.h5,28.8854,10,526,389,54.340912:105.000000,1579,True,9,9,1622,0.999998,15.5082,0,0.0123509,1661 1661 1623 1622 1579 1578 1621 1660 -1
GCP,adapt_p70-52877936550931_a146-25_533_map.h5,27.8879,10,677,754,19.471220:146.250000,1193,True,10,10,1193,0.999999,17.8252,0,0.0129463,1256 1256 1255 1192 1193 1127 1128 1194 1257 -1
GCP,adapt_p48-18968510422141_a213-75_26_map.h5,25.8486,10,442,1456,41.810314:213.750000,1497,True,16,13,1498,0.999996,24.9502,0,0.0132091,1547 1547 1546 1496 1497 1444 1445 1498 1548 1549 1499 1446 -1
GCP,adapt_p80-40593177313954_a202-49999999999997_273_map.h5,28.8494,10,363,343,9.594069:202.500000,1072,True,14,14,1072,0.999999,28.0162,0,0.0123836,1005 1005 1071 1137 1136 1070 1003 1004 1072 1138 1139 1073 1006 -1
GCP,adapt_p35-659087696138755_a45-0_154_map.h5,26.825,10,399,1102,54.340912:45.000000,1572,True,17,13,1526,0.999994,25.5735,0,0.012815,1572 1572 1573 1574 1527 1475 1474 1526 1571 1524 1525 1473 -1
GCP,adapt_p60-00000000000001_a202-49999999999997_40_map.h5,26.8756,10,597,1168,30.000000:202.500000,1328,True,11,11,1327,0.999999,21.1682,0,0.0131926,1385 1385 1328 1266 1386 1327 1265 1264 1326 1384 -1
GCP,adapt_p35-659087696138755_a224-99999999999997_464_map.h5,28.6439,10,121,347,54.340912:225.000000,1594,True,45,14,1592,0.992091,27.8988,0,0.0129025,1594 1594 1548 1593 1635 1592 1547 1497 1546 1591 1633 1634 1671 -1
GCP,adapt_p35-659087696138755_a165-0_186_map.h5,26.8565,10,423,1099,54.340912:165.000000,1587,True,15,13,1587,0.999998,25.1077,0,0.0132251,1630 1630 1668 1667 1629 1628 1585 1586 1587 1588 1542 1541 -1
GCP,adapt_p48-18968510422141_a33-75_259_map.h5,28.7573,10,182,370,41.810314:33.750000,1471,True,32,14,1416,0.992755,27.8492,0,0.0124895,1298 1298 1357 1415 1358 1416 1470 1523 1524 1472 1471 1417 1359 -1
GCP,adapt_p80-40593177313954_a202-49999999999997_423_map.h5,26.874,10,510,1074,9.594069:202.500000,1072,True,12,12,1072,0.999998,23.2244,0,0.0127488,1005 1005 1004 1071 1137 1138 1072 1006 1074 1073 1139 -1
GCP,adapt_p48-18968510422141_a11-25_34_map.h5,26.8059,10,252,1121,41.810314:11.250000,1468,True,21,13,1468,0.999876,25.9134,0,0.0129004,1467 1467 1521 1469 1470 1415 1356 1414 1413 1468 1520 1519 -1
GCP,adapt_p60-00000000000001_a67-5_284_map.h5,26.8626,10,423,1117,30.000000:67.500000,1305,True,15,13,1364,0.999998,26.0015,0,0.0131858,1304 1304 1303 1363 1421 1422 1364 1305 1242 1423 1365 1306 -1
GCP,adapt_p48-18968510422141_a123-74999999999999_339_map.h5,27.8078,10,309,772,41.810314:123.750000,1484,True,19,13,1484,0.999926,26.1538,0,0.0130157,1536 1536 1486 1432 1431 1430 1429 1483 1534 1484 1485 1535 -1
GCP,adapt_p48-18968510422141_a33-75_465_map.h5,26.8602,10,414,1118,41.810314:33.750000,1471,True,15,13,1417,0.999996,25.7487,0,0.0125729,1472 1472 1524 1523 1471 1419 1418 1360 1359 1417 1416 1358 -1
GCP,adapt_p70-52877936550931_a101-24999999999999_528_map.h5,28.7659,10,228,339,19.471220:101.250000,1185,True,25,14,1186,0.999917,27.7762,0,0.0128592,1119 1119 1184 1247 1248 1185 1120 1186 1249 1250 1187 1121 1122 -1
GCP,adapt_p70-52877936550931_a303-75_510_map.h5,26.6133,10,88,1162,19.471220:303.750000,1221,False,53,12,1285,0.951351,24.8687,0,0.0135294,1345 1222 1285 1286 1223 1224 1159 1160 1161 1095 1096 -1
GCP,adapt_p70-52877936550931_a191-25_517_map.h5,27.8018,10,280,710,19.471220:191.250000,1201,True,27,13,1201,0.99934,25.3407,0,0.0130076,1263 1263 1200 1135 1136 1201 1264 1202 1137 1203 1266 1265 -1
GCP,adapt_p70-52877936550931_a213-75_439_map.h5,26.1462,10,130,1104,19.471220:213.750000,1205,True,125,12,1204,0.948071,25.4231,0,0.0142856,1134 1137 1072 1138 1203 1266 1267 1204 1205 1139 1073 -1
GCP,adapt_p80-40593177313954_a202-49999999999997_61_map.h5,26.8374,10,504,1034,9.594069:202.500000,1072,True,17,13,1072,0.999986,25.8461,0,0.0124332,1004 1004 1073 1139 1074 1006 1005 1072 1138 1137 1071 1070 -1
GCP,adapt_p70-52877936550931_a191-25_581_map.h5,26.8484,10,517,1115,19.471220:191.250000,1201,True,15,13,1202,0.999999,25.1051,0,0.0125049,1136 1136 1137 1203 1266 1265 1202 1201 1264 1263 1200 1135 -1
GCP,adapt_p48-18968510422141_a123-74999999999999_317_map.h5,27.7887,10,284,767,41.810314:123.750000,1484,True,18,13,1484,0.99999,26.1973,0,0.0130431,1535 1535 1430 1429 1483 1534 1484 1431 1432 1485 1536 1486 -1
GCP,adapt_p23-556464309101234_a157-5_564_map.h5,27.8707,10,470,747,66.443535:157.500000,1701,True,13,13,1701,0.999999,25.4166,0,0.01305,1730 1730 1753 1754 1729 1728 1700 1665 1666 1667 1701 1702 -1
GCP,adapt_p60-00000000000001_a112-49999999999999_63_map.h5,25.8407,10,424,1490,30.000000:112.500000,1313,True,16,12,1312,0.999958,23.4959,0,0.0131127,1311 1311 1249 1248 1312 1370 1371 1372 1313 1250 1251 -1
GCP,adapt_p48-18968510422141_a213-75_405_map.h5,25.7744,10,257,1523,41.810314:213.750000,1497,False,27,12,1328,0.998976,22.7402,0,0.012464,1444 1444 1443 1386 1327 1328 1266 1267 1329 1387 1388 -1
GCP,adapt_p70-52877936550931_a146-25_544_map.h5,27.8151,10,371,754,19.471220:146.250000,1193,True,19,14,1255,0.9999,27.8152,0,0.0126902,1193 1193 1194 1257 1319 1256 1318 1376 1317 1255 1192 1254 1191 -1
GCP,adapt_p70-52877936550931_a258-75_210_map.h5,26.6689,10,169,1181,19.471220:258.750000,1213,False,40,12,1149,0.990691,25.0023,0,0.0129363,1215 1214 1151 1085 1150 1084 1083 1149 1148 1082 1081 -1
GCP,adapt_p60-00000000000001_a157-5_185_map.h5,27.8483,10,689,714,30.000000:157.500000,1320,True,9,9,1321,0.999999,15.9033,0,0.0124466,1379 1379 1380 1320 1258 1259 1321 1322 -1
GCP,adapt_p48-18968510422141_a348-74999999999994_256_map.h5,26.8834,10,478,1131,41.810314:348.750000,1517,True,12,12,1518,0.999999,23.736,0,0.0124194,1566 1566 1565 1516 1519 1467 1518 1412 1466 1517 1465 -1
GCP,adapt_p70-52877936550931_a191-25_557_map.h5,26.8736,10,507,1108,19.471220:191.250000,1201,True,13,13,1136,0.999999,25.6022,0,0.0131521,1069 1069 1070 1136 1071 1137 1202 1201 1135 1068 1134 1200 -1
GCP,adapt_p70-52877936550931_a11-25_93_map.h5,26.8591,10,451,1137,19.471220:11.250000,1169,True,13,13,1169,0.999999,26.8459,0,0.0127282,1232 1232 1102 1103 1169 1170 1171 1234 1233 1168 1231 1296 -1
GCP,adapt_p60-00000000000001_a0-0_460_map.h5,28.3957,10,70,422,30.000000:0.000000,1294,False,76,13,1409,0.942525,26.7675,0,0.013091,1166 1230 1292 1353 1410 1352 1291 1351 1409 1465 1464 1408 -1
GCP,adapt_p48-18968510422141_a303-75_28_map.h5,25.6644,10,121,1462,41.810314:303.750000,1510,False,44,12,1551,0.99392,24.6039,0,0.0133324,1553 1552 1597 1551 1502 1501 1500 1550 1595 1637 1596 -1
GCP,adapt_p48-18968510422141_a56-24999999999999_16_map.h5,26.8649,10,491,1154,41.810314:56.250000,1475,True,11,11,1420,0.999999,20.3409,0,0.0128838,1475 1475 1527 1526 1474 1525 1473 1419 1420 1421 -1
GCP,adapt_p35-659087696138755_a195-0_178_map.h5,26.6724,10,71,785,54.340912:195.000000,1590,False,204,10,1570,0.781113,26.0138,0,0.0172315,1636 1716 1717 1570 1571 1523 1470 1522 1569 -1
GCP,adapt_p70-52877936550931_a101-24999999999999_310_map.h5,27.8721,10,559,764,19.471220:101.250000,1185,True,11,11,1119,0.999998,21.0013,0,0.0127323,1185 1185 1186 1187 1121 1120 1184 1118 1119 1053 -1
GCP,adapt_p60-00000000000001_a247-49999999999997_358_map.h5,26.8651,10,604,1137,30.000000:247.500000,1335,True,13,13,1336,0.999999,25.3893,0,0.012666,1275 1275 1276 1338 1337 1395 1336 1394 1393 1335 1274 1273 -1
GCP,adapt_p23-556464309101234_a67-5_147_map.h5,26.8751,10,550,1120,66.443535:67.500000,1693,True,10,10,1722,0.999998,17.754,0,0.0126405,1747 1747 1748 1723 1693 1692 1722 1721 1691 -1
GCP,adapt_p70-52877936550931_a101-24999999999999_53_map.h5,26.8855,10,796,1105,19.471220:101.250000,1185,True,10,10,1185,0.999999,18.3042,0,0.0122832,1119 1119 1118 1183 1247 1184 1185 1248 1249 -1
GCP,adapt_p80-40593177313954_a292-5_169_map.h5,27.0605,10,61,713,9.594069:292.500000,1088,False,138,12,1153,0.583653,25.2559,0,0.0142329,1150 1216 1217 1152 1153 1155 1090 1156 1157 1091 1092 -1
GCP,adapt_p60-00000000000001_a45-0_119_map.h5,25.3568,10,142,1130,30.000000:45.000000,1301,True,244,9,1361,0.56944,24.8495,0,0.0175908,1320 1362 1302 1361 1419 1418 1360 1301 -1
GCP,adapt_p48-18968510422141_a56-24999999999999_516_map.h5,28.7812,10,131,350,41.810314:56.250000,1475,True,31,14,1421,0.999546,28.0895,0,0.0125781,1364 1364 1304 1363 1421 1422 1475 1474 1419 1361 1420 1362 1303 -1
GCP,adapt_p11-715852394892384_a225-0_181_map.h5,26.8768,10,593,1167,78.284149:225.000000,1774,True,11,11,1774,0.999999,20.4277,0,0.0129573,1757 1757 1756 1758 1776 1775 1774 1773 1787 1788 -1
GCP,adapt_p80-40593177313954_a247-49999999999997_187_map.h5,26.8281,10,482,1131,9.594069:247.500000,1080,True,18,13,1081,0.99998,25.34,0,0.0127438,1012 1012 1079 1080 1146 1147 1081 1013 1014 1082 1015 1083 -1
GCP,adapt_p60-00000000000001_a337-49999999999994_319_map.h5,26.5402,10,158,1076,30.000000:337.500000,1350,True,60,12,1350,0.978386,24.3427,0,0.0136083,1226 1289 1290 1351 1409 1408 1350 1407 1349 1288 1348 -1
GCP,adapt_p80-40593177313954_a45-0_447_map.h5,27.748,10,235,745,9.594069:45.000000,1042,True,20,13,974,0.999935,25.4445,0,0.0127862,1040 1040 972 973 974 1041 1107 1108 1042 975 1043 976 -1
GCP,adapt_p11-715852394892384_a45-0_318_map.h5,28.8527,10,212,380,78.284149:45.000000,1766,True,15,14,1766,0.999998,27.9346,0,0.0131364,1746 1746 1765 1745 1766 1782 1783 1747 1767 1768 1749 1748 1722 -1
GCP,adapt_p70-52877936550931_a33-75_170_map.h5,28.7878,10,149,402,19.471220:33.750000,1173,True,28,14,1173,0.999175,27.6731,0,0.0129842,1040 1040 1039 1105 1171 1235 1172 1106 1107 1173 1236 1237 1174 -1
GCP,adapt_p60-00000000000001_a247-49999999999997_27_map.h5,27.8492,10,292,780,30.000000:247.500000,1335,True,16,13,1393,0.999994,25.1876,0,0.0126556,1394 1394 1336 1335 1393 1450 1449 1392 1391 1333 1334 1273 -1
GCP,adapt_p48-18968510422141_a146-25_529_map.h5,26.8828,10,799,1097,41.810314:146.250000,1488,True,10,10,1434,0.999999,17.746,0,0.0130039,1435 1435 1436 1489 1488 1539 1538 1487 1434 -1
GCP,adapt_p48-18968510422141_a168-74999999999997_157_map.h5,26.8616,10,578,1056,41.810314:168.750000,1491,True,10,10,1491,0.999999,18.3505,0,0.0132172,1492 1492 1542 1541 1490 1437 1491 1439 1438 -1
GCP,adapt_p48-18968510422141_a123-74999999999999_58_map.h5,27.8421,10,264,782,41.810314:123.750000,1484,True,16,14,1484,0.999997,27.6184,0,0.0126633,1432 1432 1433 1486 1537 1536 1485 1484 1535 1483 1430 1431 1374 -1
GCP,adapt_p35-659087696138755_a195-0_144_map.h5,27.8014,10,277,754,54.340912:195.000000,1590,True,21,14,1633,0.999847,27.7866,0,0.0124514,1634 1634 1671 1670 1669 1632 1589 1590 1545 1546 1591 1633 1592 -1
GCP,adapt_p70-52877936550931_a191-25_354_map.h5,26.8631,10,448,1099,19.471220:191.250000,1201,True,13,13,1264,0.999999,25.4811,0,0.0126445,1202 1202 1264 1326 1327 1265 1201 1136 1135 1200 1263 1325 -1
GCP,adapt_p35-659087696138755_a14-999999999999998_561_map.h5,26.8659,10,474,1036,54.340912:15.000000,1568,True,13,13,1568,0.999998,25.7785,0,0.0129558,1520 1520 1469 1468 1521 1522 1570 1569 1613 1612 1568 1567 -1
GCP,adapt_p23-556464309101234_a202-5_294_map.h5,27.8247,10,210,782,66.443535:202.500000,1704,True,21,13,1704,0.999917,25.3452,0,0.0131032,1669 1669 1704 1732 1705 1671 1670 1703 1731 1730 1702 1668 -1
GCP,adapt_p35-659087696138755_a224-99999999999997_144_map.h5,26.8864,10,654,1081,54.340912:225.000000,1594,True,9,9,1594,0.999999,15.8668,0,0.0124166,1593 1593 1549 1594 1635 1636 1637 1595 -1
GCP,adapt_p48-18968510422141_a56-24999999999999_413_map.h5,26.8007,10,230,1078,41.810314:56.250000,1475,True,24,13,1421,0.999408,24.8486,0,0.0130706,1362 1362 1363 1364 1422 1476 1528 1527 1475 1421 1420 1474 -1
GCP,adapt_p60-00000000000001_a337-49999999999994_569_map.h5,27.7529,10,73,413,30.000000:337.500000,1350,True,188,12,1289,0.89035,27.6087,0,0.0157671,969 1228 1291 1227 1226 1289 1288 1349 1350 1290 1351 -1
GCP,adapt_p35-659087696138755_a135-0_397_map.h5,26.8719,10,511,1167,54.340912:135.000000,1583,True,11,11,1583,0.999998,20.8887,0,0.0128546,1582 1582 1537 1536 1583 1538 1584 1627 1626 1625 -1
GCP,adapt_p70-52877936550931_a11-25_470_map.h5,26.8786,10,526,1116,19.471220:11.250000,1169,True,12,12,1169,0.999999,23.3588,0,0.0131443,1103 1103 1102 1168 1232 1169 1104 1170 1233 1234 1171 -1
GCP,adapt_p60-00000000000001_a270-0_313_map.h5,26.8763,10,700,1056,30.000000:270.000000,1339,True,12,12,1339,0.999999,23.3194,0,0.0125126,1277 1277 1278 1340 1398 1397 1339 1276 1337 1338 1396 -1
GCP,adapt_p70-52877936550931_a56-24999999999999_86_map.h5,26.7923,10,377,1159,19.471220:56.250000,1177,True,22,13,1110,0.999768,25.0916,0,0.0125445,1176 1176 1175 1109 1110 1044 1045 1111 1177 1178 1112 1046 -1
GCP,adapt_p48-18968510422141_a348-74999999999994_171_map.h5,25.8749,10,488,1408,41.810314:348.750000,1517,True,12,12,1465,0.999999,23.3329,0,0.0128806,1517 1517 1518 1412 1411 1410 1466 1516 1464 1465 1409 -1
GCP,adapt_p60-00000000000001_a292-5_330_map.h5,26.848,10,509,1135,30.000000:292.500000,1343,True,14,13,1342,0.999998,25.739,0,0.0127732,1341 1341 1399 1456 1400 1401 1342 1280 1281 1282 1343 1344 -1
GCP,adapt_p35-659087696138755_a165-0_87_map.h5,26.7808,10,169,1167,54.340912:165.000000,1587,False,26,13,1493,0.999476,25.3464,0,0.0130015,1441 1441 1494 1440 1439 1492 1493 1543 1544 1589 1590 1545 -1
GCP,adapt_p80-40593177313954_a90-0_45_map.h5,28.7819,10,248,339,9.594069:90.000000,1051,True,27,14,1050,0.999039,28.706,0,0.0128761,983 983 1052 1118 1051 1117 1116 1115 1050 982 1049 981 1048 -1
GCP,adapt_p60-00000000000001_a337-49999999999994_473_map.h5,26.8322,10,462,1042,30.000000:337.500000,1350,True,14,13,1350,0.999998,25.1907,0,0.012561,1408 1408 1407 1349 1288 1289 1350 1351 1290 1291 1352 1409 -1
GCP,adapt_p70-52877936550931_a11-25_207_map.h5,28.8905,10,553,385,19.471220:11.250000,1169,True,8,8,1169,0.999999,13.7021,0,0.0123299,1103 1103 1104 1170 1102 1168 1169 -1
GCP,adapt_p23-556464309101234_a247-49999999999997_150_map.h5,26.8582,10,528,1151,66.443535:247.500000,1708,True,13,13,1675,0.999998,25.048,0,0.0125607,1676 1676 1709 1736 1735 1708 1675 1707 1674 1637 1638 1639 -1
GCP,adapt_p80-40593177313954_a135-0_181_map.h5,26.8651,10,572,1159,9.594069:135.000000,1059,True,13,13,1126,0.999999,25.1206,0,0.0126549,1191 1191 1192 1127 1061 1060 1126 1125 1059 1058 1124 1190 -1
GCP,adapt_p48-18968510422141_a146-25_566_map.h5,27.8959,10,754,727,41.810314:146.250000,1488,True,10,10,1488,0.999999,17.928,0,0.012849,1434 1434 1435 1436 1489 1539 1488 1487 1538 -1
GCP,adapt_p23-556464309101234_a247-49999999999997_184_map.h5,27.9304,10,51,421,66.443535:247.500000,1708,False,166,11,1595,0.729617,26.6278,0,0.0150632,1695 1726 1751 1637 1594 1549 1500 1550 1595 1596 -1
GCP,adapt_p48-18968510422141_a236-25_428_map.h5,26.8435,10,570,1152,41.810314:236.250000,1501,True,14,13,1448,0.999998,25.8075,0,0.0132402,1449 1449 1448 1391 1392 1502 1501 1551 1550 1500 1447 1499 -1
GCP,adapt_p80-40593177313954_a112-49999999999999_566_map.h5,26.8423,10,389,1137,9.594069:112.500000,1055,True,18,13,1122,0.999972,25.4041,0,0.0124902,1054 1054 1120 1121 1187 1188 1122 1055 988 1056 1123 1057 -1
GCP,adapt_p48-18968510422141_a213-75_330_map.h5,26.8843,10,544,1167,41.810314:213.750000,1497,True,9,9,1445,0.999999,15.6202,0,0.0125115,1446 1446 1445 1444 1497 1548 1498 1499 -1
GCP,adapt_p60-00000000000001_a180-0_36_map.h5,26.6809,10,226,1089,30.000000:180.000000,1324,True,41,13,1382,0.988291,26.4803,0,0.0129009,1380 1322 1381 1438 1439 1382 1323 1261 1262 1324 1383 1325 -1
GCP,adapt_p80-40593177313954_a337-49999999999994_125_map.h5,26.8609,10,471,1141,9.594069:337.500000,1097,True,16,13,1163,0.999998,25.4536,0,0.0129158,1164 1164 1099 1098 1097 1096 1162 1161 1226 1227 1163 1228 -1
GCP,adapt_p23-556464309101234_a22-5_19_map.h5,28.886,10,377,368,66.443535:22.500000,1689,True,11,11,1689,0.999999,20.1758,0,0.012825,1690 1690 1654 1653 1689 1652 1688 1718 1719 1720 -1
GCP,adapt_p60-00000000000001_a45-0_176_map.h5,27.8293,10,307,749,30.000000:45.000000,1301,True,17,13,1237,0.999848,25.7289,0,0.012517,1236 1236 1237 1174 1173 1172 1299 1300 1301 1238 1239 1302 -1
GCP,adapt_p70-52877936550931_a33-75_113_map.h5,26.8146,10,341,1177,19.471220:33.750000,1173,True,21,13,1236,0.999941,26.568,0,0.0132106,1174 1174 1238 1106 1107 1173 1237 1300 1236 1235 1172 1171 -1
GCP,adapt_p70-52877936550931_a213-75_152_map.h5,26.877,10,434,1140,19.471220:213.750000,1205,True,12,12,1205,0.999999,22.944,0,0.012771,1140 1140 1141 1207 1269 1206 1205 1268 1267 1204 1139 -1
GCP,adapt_p60-00000000000001_a45-0_563_map.h5,26.8382,10,268,1233,30.000000:45.000000,1301,True,15,13,1360,0.999998,25.9611,0,0.0125809,1359 1359 1299 1300 1301 1360 1358 1417 1418 1419 1361 1302 -1
GCP,adapt_p48-18968510422141_a281-24999999999994_424_map.h5,27.7664,10,189,785,41.810314:281.250000,1507,False,26,14,1342,0.99937,27.7554,0,0.0134202,1401 1401 1342 1281 1280 1341 1399 1400 1343 1282 1283 1344 1402 -1
GCP,adapt_p23-556464309101234_a157-5_305_map.h5,26.8882,10,591,1137,66.443535:157.500000,1701,True,10,10,1701,0.999999,18.1845,0,0.0126188,1729 1729 1702 1730 1701 1667 1666 1700 1728 -1
GCP,adapt_p80-40593177313954_a22-5_581_map.h5,26.8291,10,464,1139,9.594069:22.500000,1038,True,18,13,1038,0.99994,25.9945,0,0.0127125,1037 1037 1105 1171 1170 1103 1104 1038 970 971 1039 1106 -1
GCP,adapt_p60-00000000000001_a157-5_276_map.h5,27.8877,10,627,754,30.000000:157.500000,1320,True,9,9,1320,0.999999,15.6023,0,0.0130709,1319 1319 1257 1258 1320 1378 1379 1321 -1
GCP,adapt_p70-52877936550931_a348-74999999999994_407_map.h5,25.6557,10,210,1403,19.471220:348.750000,1229,True,46,12,1230,0.995711,24.4979,0,0.0130758,1292 1230 1167 1293 1231 1168 1102 1101 1166 1165 1229 -1
GCP,adapt_p70-52877936550931_a146-25_308_map.h5,26.4895,10,204,1137,19.471220:146.250000,1193,False,68,11,1370,0.997711,23.8858,0,0.0133265,1192 1313 1371 1312 1311 1370 1428 1427 1369 1310 -1
GCP,adapt_p60-00000000000001_a337-49999999999994_198_map.h5,26.8383,10,465,1123,30.000000:337.500000,1350,True,17,13,1409,0.999969,25.8346,0,0.0124735,1352 1352 1290 1291 1351 1350 1407 1408 1464 1465 1409 1410 -1
GCP,adapt_p60-00000000000001_a67-5_214_map.h5,26.8613,10,473,1113,30.000000:67.500000,1305,True,13,13,1305,0.999998,25.1168,0,0.0125373,1243 1243 1242 1241 1304 1364 1305 1306 1365 1366 1307 1244 -1
GCP,adapt_p35-659087696138755_a45-0_35_map.h5,26.7543,10,107,1188,54.340912:45.000000,1572,False,30,13,1656,0.997481,25.0914,0,0.0124692,1616 1616 1655 1691 1721 1722 1693 1692 1656 1617 1657 1618 -1
GCP,adapt_p60-00000000000001_a157-5_313_map.h5,26.7065,10,65,365,30.000000:157.500000,1320,True,361,9,1258,0.568616,26.6779,0,0.0250944,1016 1196 1259 1320 1319 1257 1258 1195 -1
GCP,adapt_p35-659087696138755_a224-99999999999997_98_map.h5,26.8463,10,357,1178,54.340912:225.000000,1594,True,15,13,1636,0.999992,25.8927,0,0.0125146,1593 1593 1592 1635 1672 1637 1674 1673 1636 1594 1549 1595 -1
GCP,adapt_p60-00000000000001_a337-49999999999994_32_map.h5,27.8811,10,749,722,30.000000:337.500000,1350,True,11,11,1351,0.999999,21.3846,0,0.0126893,1408 1408 1352 1291 1409 1351 1290 1289 1350 1407 -1
GCP,adapt_p70-52877936550931_a213-75_408_map.h5,27.8017,10,256,759,19.471220:213.750000,1205,True,23,13,1268,0.999873,25.9422,0,0.0130778,1206 1206 1140 1205 1267 1204 1266 1329 1330 1268 1269 1331 -1
GCP,adapt_p70-52877936550931_a281-24999999999994_255_map.h5,26.8666,10,563,1087,19.471220:281.250000,1217,True,14,13,1217,0.999998,25.597,0,0.0132486,1216 1216 1278 1215 1151 1152 1217 1218 1281 1280 1341 1279 -1
GCP,adapt_p80-40593177313954_a135-0_340_map.h5,25.7981,10,304,1522,9.594069:135.000000,1059,False,20,12,1126,0.999771,25.117,0,0.0127291,1061 1127 1126 1125 1191 1255 1192 1193 1128 1060 1061 -1
GCP,adapt_p48-18968510422141_a348-74999999999994_537_map.h5,28.8078,10,180,354,41.810314:348.750000,1517,False,24,14,1411,0.999925,28.782,0,0.013018,1465 1465 1352 1409 1410 1466 1518 1411 1353 1294 1354 1412 1413 -1
GCP,adapt_p48-18968510422141_a326-24999999999994_410_map.h5,26.8753,10,592,1120,41.810314:326.250000,1514,True,11,11,1461,0.999999,20.7227,0,0.0125086,1513 1513 1460 1512 1461 1405 1406 1462 1514 1463 -1
GCP,adapt_p35-659087696138755_a165-0_8_map.h5,26.8662,10,590,1082,54.340912:165.000000,1587,True,12,12,1587,0.999999,22.7106,0,0.012573,1630 1630 1587 1586 1629 1667 1668 1631 1588 1542 1541 -1
GCP,adapt_p48-18968510422141_a281-24999999999994_204_map.h5,26.8702,10,464,1124,41.810314:281.250000,1507,True,13,13,1455,0.999998,25.8115,0,0.012546,1454 1454 1506 1507 1455 1399 1398 1556 1557 1508 1456 1400 -1
GCP,adapt_p80-40593177313954_a315-0_297_map.h5,26.8834,10,597,1104,9.594069:315.000000,1093,True,8,8,1092,0.999999,13.7504,0,0.0133888,1091 1091 1158 1093 1092 1157 1156 -1
GCP,adapt_p23-556464309101234_a292-5_18_map.h5,26.7627,10,37,770,66.443535:292.500000,1712,True,165,13,1714,0.829968,26.3909,0,0.0149378,1711 1712 1713 1714 1715 1683 1647 1605 1646 1682 1681 1645 -1
GCP,adapt_p48-18968510422141_a123-74999999999999_366_map.h5,26.8783,10,738,1195,41.810314:123.750000,1484,True,10,10,1485,0.999999,18.6797,0,0.0124993,1431 1431 1430 1432 1486 1485 1536 1484 1535 -1
GCP,adapt_p80-40593177313954_a22-5_516_map.h5,28.6701,10,102,361,9.594069:22.500000,1038,False,45,14,1102,0.991261,27.8975,0,0.012709,1165 1165 1230 1167 1166 1101 1035 1036 1037 1103 1169 1102 1168 -1
GCP,adapt_p60-00000000000001_a202-49999999999997_221_map.h5,27.8844,10,662,759,30.000000:202.500000,1328,True,9,9,1328,0.999999,16.0646,0,0.0123807,1327 1327 1266 1328 1385 1386 1387 1329 -1
GCP,adapt_p35-659087696138755_a315-0_75_map.h5,26.8734,10,590,1136,54.340912:315.000000,1605,True,10,10,1605,0.999999,18.3388,0,0.0123566,1604 1604 1561 1560 1605 1606 1647 1646 1645 -1
GCP,adapt_p80-40593177313954_a270-0_35_map.h5,26.8258,10,643,1062,9.594069:270.000000,1084,True,13,13,1084,0.999999,26.1601,0,0.0129549,1085 1085 1016 1017 1084 1151 1150 1149 1083 1015 1082 1148 -1
GCP,adapt_p60-00000000000001_a67-5_523_map.h5,27.8543,10,371,782,30.000000:67.500000,1305,True,16,14,1364,0.999993,27.5458,0,0.0124997,1363 1363 1364 1422 1423 1366 1365 1306 1243 1242 1305 1304 1241 -1
GCP,adapt_p60-00000000000001_a135-0_412_map.h5,27.8842,10,720,745,30.000000:135.000000,1316,True,10,10,1317,0.999999,18.4183,0,0.0125949,1375 1375 1316 1376 1318 1317 1255 1254 1253 -1
GCP,adapt_p11-715852394892384_a135-0_208_map.h5,28.7721,10,186,364,78.284149:135.000000,1770,True,31,14,1751,0.999051,27.627,0,0.0127304,1769 1769 1785 1786 1771 1770 1752 1753 1728 1727 1726 1750 1751 -1
GCP,adapt_p80-40593177313954_a337-49999999999994_240_map.h5,26.8332,10,341,1175,9.594069:337.500000,1097,True,15,13,1162,0.999998,25.8013,0,0.0125746,1096 1096 1163 1228 1164 1098 1097 1162 1227 1226 1161 1095 -1
GCP,adapt_p35-659087696138755_a14-999999999999998_537_map.h5,28.681,10,162,386,54.340912:15.000000,1568,True,40,14,1569,0.997338,27.5555,0,0.0128555,1524 1524 1523 1522 1521 1568 1612 1613 1569 1614 1570 1571 1615 -1
GCP,adapt_p60-00000000000001_a90-0_412_map.h5,26.8842,10,614,1113,30.000000:90.000000,1309,True,10,10,1309,0.999999,18.4485,0,0.0125835,1310 1310 1246 1247 1309 1308 1367 1368 1369 -1
GCP,adapt_p70-52877936550931_a213-75_364_map.h5,27.8233,10,317,723,19.471220:213.750000,1205,True,20,13,1268,0.999988,25.8553,0,0.0125581,1267 1267 1204 1205 1329 1330 1268 1206 1207 1270 1269 1331 -1
GCP,adapt_p48-18968510422141_a258-75_563_map.h5,26.8315,10,482,1112,41.810314:258.750000,1504,True,19,13,1451,0.999996,25.3607,0,0.0133073,1452 1452 1395 1451 1504 1554 1553 1503 1552 1502 1450 1394 -1
GCP,adapt_p80-40593177313954_a112-49999999999999_113_map.h5,26.7831,10,245,1104,9.594069:112.500000,1055,True,26,13,1054,0.999134,25.3432,0,0.0137076,985 985 1052 1053 1119 1120 1054 986 987 1055 988 1056 -1
GCP,adapt_p23-556464309101234_a112-5_57_map.h5,28.8972,10,609,352,66.443535:112.500000,1697,True,8,8,1697,0.999999,13.3948,0,0.0125988,1696 1696 1726 1725 1697 1662 1661 -1
GCP,adapt_p80-40593177313954_a90-0_563_map.h5,25.8739,10,473,1455,9.594069:90.000000,1051,True,12,12,1051,0.999999,23.5642,0,0.0128946,1117 1117 1116 1118 1052 984 1051 983 1050 982 1049 -1
GCP,adapt_p60-00000000000001_a0-0_213_map.h5,28.581,10,91,380,30.000000:0.000000,1294,False,56,13,1234,0.987899,26.7867,0,0.0128109,1296 1297 1298 1235 1172 1171 1234 1233 1170 1169 1232 1231 -1
GCP,adapt_p70-52877936550931_a33-75_330_map.h5,26.6021,10,177,1068,19.471220:33.750000,1173,True,57,12,1236,0.972188,24.2337,0,0.0136539,1108 1174 1173 1236 1172 1235 1298 1299 1300 1237 1238 -1
GCP,adapt_p60-00000000000001_a224-99999999999997_267_map.h5,26.128,10,143,1138,30.000000:225.000000,1331,False,129,12,1392,0.854989,25.9051,0,0.0138451,1208 1269 1333 1392 1334 1335 1393 1450 1449 1448 1391 -1
GCP,adapt_p48-18968510422141_a281-24999999999994_534_map.h5,25.8457,10,439,1486,41.810314:281.250000,1507,True,15,13,1507,0.999998,25.405,0,0.0130483,1455 1455 1506 1454 1507 1556 1557 1508 1456 1457 1509 1558 -1
GCP,adapt_p60-00000000000001_a180-0_115_map.h5,26.8443,10,494,1089,30.000000:180.000000,1324,True,18,13,1324,0.999986,25.5985,0,0.0125152,1381 1381 1322 1323 1261 1262 1324 1382 1325 1384 1383 1440 -1
GCP,adapt_p48-18968510422141_a258-75_421_map.h5,26.8714,10,489,1138,41.810314:258.750000,1504,True,10,10,1504,0.999999,17.9351,0,0.012429,1505 1505 1453 1452 1451 1503 1553 1504 1554 -1
GCP,adapt_p80-40593177313954_a112-49999999999999_7_map.h5,27.806,10,311,707,9.594069:112.500000,1055,True,23,13,1055,0.999889,26.1737,0,0.0128076,1053 1053 987 986 1054 1120 1121 1055 988 1122 1056 989 -1
GCP,adapt_p48-18968510422141_a33-75_432_map.h5,28.8701,10,395,339,41.810314:33.750000,1471,True,13,13,1471,0.999999,25.3413,0,0.0126368,1524 1524 1473 1525 1472 1418 1417 1471 1523 1522 1470 1416 -1
GCP,adapt_p35-659087696138755_a75-0_47_map.h5,27.613,10,196,794,54.340912:75.000000,1576,True,44,13,1576,0.997473,27.5698,0,0.0127108,1528 1529 1577 1620 1621 1578 1531 1478 1530 1576 1575 1619 -1
GCP,adapt_p70-52877936550931_a303-75_366_map.h5,26.8665,10,622,1137,19.471220:303.750000,1221,True,13,13,1221,0.999999,25.2052,0,0.012315,1157 1157 1222 1284 1221 1156 1220 1155 1154 1219 1282 1283 -1
GCP,adapt_p11-715852394892384_a225-0_380_map.h5,26.8272,10,535,1113,78.284149:225.000000,1774,True,18,13,1774,0.999728,26.3892,0,0.0126369,1773 1787 1786 1788 1789 1776 1758 1775 1757 1756 1774 1773 -1
GCP,adapt_p60-00000000000001_a315-0_584_map.h5,26.5659,10,163,1090,30.000000:315.000000,1346,True,53,13,1405,0.994313,26.4874,0,0.0128383,1511 1459 1403 1346 1404 1460 1461 1405 1347 1348 1406 1349 -1
GCP,adapt_p23-556464309101234_a247-49999999999997_525_map.h5,28.7427,10,133,372,66.443535:247.500000,1708,False,32,14,1710,0.998312,27.6297,0,0.0130929,1712 1712 1711 1678 1677 1710 1738 1760 1737 1736 1709 1676 1675 -1
GCP,adapt_p23-556464309101234_a67-5_184_map.h5,26.8933,10,855,1146,66.443535:67.500000,1693,True,8,8,1722,0.999999,14.5054,0,0.012525,1693 1692 1657 1693 1723 1722 1721 -1
GCP,adapt_p35-659087696138755_a344-99999999999994_139_map.h5,25.8433,10,407,1521,54.340912:345.000000,1609,True,12,12,1609,0.999998,23.2142,0,0.0124772,1608 1608 1650 1649 1609 1610 1566 1517 1516 1565 1564 -1
GCP,adapt_p48-18968510422141_a168-74999999999997_411_map.h5,26.8794,10,691,1010,41.810314:168.750000,1491,True,10,10,1437,0.999999,18.0251,0,0.0123772,1491 1491 1490 1436 1437 1380 1381 1438 1439 -1
GCP,adapt_p80-40593177313954_a270-0_88_map.h5,25.7252,10,157,1400,9.594069:270.000000,1084,False,34,12,1152,0.993041,24.5658,0,0.0136056,1020 1087 1086 1019 1020 1088 1153 1217 1152 1151 1216 -1
GCP,adapt_p60-00000000000001_a112-49999999999999_26_map.h5,27.8133,10,270,723,30.000000:112.500000,1313,True,20,13,1372,0.999825,25.9092,0,0.0124827,1373 1373 1429 1430 1372 1314 1251 1250 1313 1312 1371 1370 -1
GCP,adapt_p60-00000000000001_a22-5_345_map.h5,26.8629,10,546,1119,30.000000:22.500000,1298,True,13,13,1358,0.999999,26.3528,0,0.0129184,1299 1299 1235 1297 1357 1415 1416 1358 1298 1300 1359 1417 -1
GCP,adapt_p60-00000000000001_a67-5_386_map.h5,26.8463,10,478,1142,30.000000:67.500000,1305,True,16,13,1305,0.999991,25.0194,0,0.0134534,1303 1303 1240 1177 1178 1241 1304 1364 1305 1242 1243 1306 -1
GCP,adapt_p23-556464309101234_a112-5_261_map.h5,27.8685,10,362,706,66.443535:112.500000,1697,True,15,14,1697,0.999999,27.2112,0,0.0132527,1727 1727 1699 1664 1663 1698 1697 1662 1661 1696 1725 1726 1751 -1
GCP,adapt_p80-40593177313954_a270-0_25_map.h5,25.7256,10,280,1519,9.594069:270.000000,1084,True,31,12,1086,0.995433,23.3803,0,0.0131993,1084 1084 1018 1085 1151 1152 1086 1019 1087 1153 1088 -1
GCP,adapt_p35-659087696138755_a344-99999999999994_455_map.h5,26.4245,10,189,1116,54.340912:345.000000,1609,False,82,12,1462,0.960277,24.9993,0,0.0133229,1511 1462 1406 1407 1463 1515 1514 1563 1562 1513 1461 -1
GCP,adapt_p60-00000000000001_a270-0_353_map.h5,27.8304,10,535,785,30.000000:270.000000,1339,True,20,13,1339,0.999985,25.8666,0,0.0123818,1398 1398 1341 1279 1340 1278 1277 1338 1396 1339 1397 1454 -1
GCP,adapt_p23-556464309101234_a67-5_126_map.h5,26.8629,10,469,1070,66.443535:67.500000,1693,True,12,12,1693,0.999999,23.5968,0,0.0128647,1694 1694 1657 1658 1659 1695 1724 1693 1692 1722 1723 -1
GCP,adapt_p80-40593177313954_a292-5_94_map.h5,26.7643,10,263,1104,9.594069:292.500000,1088,True,27,13,1155,0.999047,25.2804,0,0.0124638,1091 1091 1157 1156 1090 1155 1089 1021 1088 1154 1153 1087 -1
GCP,adapt_p48-18968510422141_a78-75_448_map.h5,27.8882,10,628,782,41.810314:78.750000,1478,True,10,10,1424,0.999998,18.0395,0,0.0126143,1478 1478 1425 1424 1423 1422 1476 1477 1529 -1
GCP,adapt_p11-715852394892384_a135-0_558_map.h5,27.8241,10,335,745,78.284149:135.000000,1770,True,21,14,1751,0.999962,27.2495,0,0.0127107,1750 1750 1749 1768 1769 1770 1771 1753 1752 1751 1725 1726 1727 -1
GCP,adapt_p35-659087696138755_a45-0_291_map.h5,26.8373,10,498,1134,54.340912:45.000000,1572,True,16,13,1572,0.999997,25.0108,0,0.0125254,1616 1616 1615 1570 1571 1524 1472 1473 1525 1572 1573 1526 -1
GCP,adapt_p11-715852394892384_a45-0_505_map.h5,26.8862,10,796,1104,78.284149:45.000000,1766,True,7,7,1766,0.999999,10.9195,0,0.0125504,1767 1767 1746 1747 1766 1782 -1
GCP,adapt_p35-659087696138755_a315-0_572_map.h5,27.7682,10,223,783,54.340912:315.000000,1605,True,21,14,1605,0.999762,27.7423,0,0.0126421,1561 1561 1560 1559 1603 1645 1604 1605 1646 1647 1606 1562 1607 -1
GCP,adapt_p48-18968510422141_a236-25_48_map.h5,28.8643,10,313,393,41.810314:236.250000,1501,True,15,14,1501,0.999998,27.5537,0,0.0134687,1448 1448 1449 1502 1552 1596 1551 1501 1500 1550 1549 1499 1447 -1
GCP,adapt_p60-00000000000001_a135-0_158_map.h5,26.8883,10,571,1039,30.000000:135.000000,1316,True,10,10,1316,0.999998,17.9078,0,0.0124735,1315 1315 1374 1375 1316 1317 1255 1254 1253 -1
GCP,adapt_p23-556464309101234_a337-5_593_map.h5,26.8559,10,400,1135,66.443535:337.500000,1716,True,14,13,1717,0.999998,25.1359,0,0.0128946,1687 1687 1651 1686 1685 1649 1684 1716 1742 1717 1743 1718 -1
GCP,adapt_p23-556464309101234_a202-5_362_map.h5,27.7982,10,240,739,66.443535:202.500000,1704,True,30,14,1731,0.999691,27.6187,0,0.0125644,1733 1733 1704 1670 1671 1705 1732 1756 1755 1754 1730 1731 1703 -1
GCP,adapt_p23-556464309101234_a337-5_180_map.h5,27.8534,10,442,765,66.443535:337.500000,1716,True,16,14,1716,0.999998,27.4025,0,0.0124097,1717 1717 1716 1742 1741 1714 1715 1683 1647 1648 1684 1685 1649 -1
GCP,adapt_p60-00000000000001_a45-0_21_map.h5,27.888,10,722,748,30.000000:45.000000,1301,True,10,10,1301,0.999999,17.9332,0,0.0128184,1361 1361 1360 1300 1237 1238 1301 1302 1239 -1
GCP,adapt_p80-40593177313954_a67-5_597_map.h5,23.7549,10,65,1583,9.594069:67.500000,1047,False,326,11,1512,0.629423,23.5511,0,0.0228005,1287 1462 1461 1513 1512 1561 1460 1511 1560 1603 -1
GCP,adapt_p70-52877936550931_a33-75_86_map.h5,25.5535,10,148,1465,19.471220:33.750000,1173,False,56,12,1103,0.967093,24.4197,0,0.0132435,1234 1171 1104 1170 1169 1103 1037 1036 1102 1101 1035 -1
GCP,adapt_p80-40593177313954_a0-0_583_map.h5,25.9183,10,176,1060,9.594069:0.000000,1034,False,160,10,1457,0.502593,25.7778,0,0.0154039,1459 1510 1509 1457 1283 1284 1166 1100 1032 -1
GCP,adapt_p60-00000000000001_a90-0_437_map.h5,26.7874,10,202,1100,30.000000:90.000000,1309,True,24,13,1309,0.999565,25.3089,0,0.0134211,1308 1308 1309 1310 1311 1248 1185 1184 1247 1183 1246 1245 -1
GCP,adapt_p35-659087696138755_a105-0_270_map.h5,26.8071,10,203,1126,54.340912:105.000000,1579,True,23,12,1580,0.999655,22.6411,0,0.0126945,1662 1662 1661 1622 1579 1533 1534 1580 1623 1624 1581 -1
GCP,adapt_p70-52877936550931_a191-25_402_map.h5,27.7191,10,250,757,19.471220:191.250000,1201,True,36,14,1199,0.992016,27.5311,0,0.012734,1324 1324 1323 1261 1198 1133 1134 1199 1262 1263 1200 1135 1201 -1
GCP,adapt_p80-40593177313954_a180-0_183_map.h5,27.8776,10,668,753,9.594069:180.000000,1067,True,10,10,1067,0.999999,18.651,0,0.013268,1068 1068 1067 1066 1132 1133 1069 1135 1134 -1
GCP,adapt_p35-659087696138755_a135-0_328_map.h5,26.8774,10,405,1116,54.340912:135.000000,1583,True,12,12,1584,0.999999,22.6205,0,0.0123567,1583 1583 1537 1538 1584 1626 1664 1665 1627 1628 1585 -1
GCP,adapt_p11-715852394892384_a315-0_302_map.h5,26.8287,10,254,1075,78.284149:315.000000,1778,True,22,13,1778,0.999778,24.819,0,0.0130327,1790 1790 1791 1780 1779 1763 1740 1739 1761 1762 1778 1777 -1
GCP,adapt_p48-18968510422141_a56-24999999999999_7_map.h5,26.8139,10,432,1120,41.810314:56.250000,1475,True,14,13,1420,0.999997,26.3562,0,0.012842,1421 1421 1476 1422 1527 1526 1475 1420 1474 1525 1473 1419 -1
GCP,adapt_p48-18968510422141_a191-25_404_map.h5,26.8852,10,427,1090,41.810314:191.250000,1494,True,13,13,1440,0.999999,25.2783,0,0.0125897,1494 1494 1544 1495 1442 1441 1384 1383 1440 1493 1492 1439 -1
GCP,adapt_p80-40593177313954_a157-5_237_map.h5,26.7943,10,249,1106,9.594069:157.500000,1063,True,23,13,1064,0.999872,26.013,0,0.0125046,1063 1063 997 996 1064 1129 1130 1131 1065 998 1066 1132 -1
GCP,adapt_p80-40593177313954_a135-0_76_map.h5,26.8476,10,576,1151,9.594069:135.000000,1059,True,13,13,990,0.999999,26.6052,0,0.0132474,1058 1058 992 1060 1059 991 990 1124 1057 989 1056 988 -1
GCP,adapt_p48-18968510422141_a326-24999999999994_498_map.h5,25.812,10,443,1414,41.810314:326.250000,1514,True,20,13,1463,0.999901,25.6738,0,0.01276,1515 1515 1514 1513 1462 1406 1407 1463 1464 1408 1350 1409 -1
GCP,adapt_p60-00000000000001_a0-0_320_map.h5,26.871,10,418,1115,30.000000:0.000000,1294,True,11,11,1294,0.999999,20.9775,0,0.0127469,1231 1231 1293 1353 1411 1294 1232 1295 1354 1355 -1
GCP,adapt_p80-40593177313954_a0-0_544_map.h5,27.8487,10,292,729,9.594069:0.000000,1034,True,16,13,1035,0.99999,25.5092,0,0.0130865,968 968 969 1036 1102 1035 1101 1034 967 1033 1100 1032 -1
GCP,adapt_p70-52877936550931_a281-24999999999994_215_map.h5,26.8102,10,430,1142,19.471220:281.250000,1217,True,21,12,1217,0.999923,24.3956,0,0.0126076,1151 1216 1217 1152 1153 1218 1280 1279 1278 1215 1151 -1
GCP,adapt_p35-659087696138755_a135-0_565_map.h5,27.8939,10,752,744,54.340912:135.000000,1583,True,7,7,1626,0.999999,11.0637,0,0.0128434,1583 1583 1627 1584 1626 1625 -1
GCP,adapt_p60-00000000000001_a67-5_76_map.h5,26.8783,10,580,1104,30.000000:67.500000,1305,True,11,11,1305,0.999999,21.0261,0,0.0125696,1304 1304 1242 1241 1305 1306 1365 1364 1363 1303 -1
GCP,adapt_p60-00000000000001_a45-0_527_map.h5,27.8915,10,750,681,30.000000:45.000000,1301,True,8,8,1301,0.999999,13.3817,0,0.0123095,1361 1361 1360 1300 1301 1238 1302 -1
GCP,adapt_p70-52877936550931_a146-25_159_map.h5,26.864,10,579,1115,19.471220:146.250000,1193,True,13,13,1127,0.999998,25.6363,0,0.0128197,1126 1126 1125 1191 1127 1128 1194 1257 1256 1193 1192 1255 -1
GCP,adapt_p11-715852394892384_a225-0_414_map.h5,26.8389,10,507,1103,78.284149:225.000000,1774,True,14,13,1758,0.999998,25.1252,0,0.0128544,1735 1735 1734 1757 1756 1774 1775 1776 1758 1736 1759 1760 -1
GCP,adapt_p48-18968510422141_a348-74999999999994_115_map.h5,27.8944,10,734,735,41.810314:348.750000,1517,True,7,7,1517,0.999998,11.1886,0,0.0124412,1465 1465 1518 1466 1517 1516 -1
GCP,adapt_p60-00000000000001_a90-0_457_map.h5,26.8694,10,504,1134,30.000000:90.000000,1309,True,12,12,1367,0.999998,22.9626,0,0.0123845,1308 1308 1309 1369 1426 1368 1367 1425 1424 1366 1307 -1
GCP,adapt_p70-52877936550931_a123-74999999999999_290_map.h5,27.8804,10,600,717,19.471220:123.750000,1189,True,12,12,1189,0.999998,22.9795,0,0.0123702,1253 1253 1252 1188 1123 1189 1190 1124 1125 1191 1254 -1
GCP,adapt_p23-556464309101234_a67-5_352_map.h5,27.8838,10,607,763,66.443535:67.500000,1693,True,12,12,1692,0.999999,23.5702,0,0.0129543,1722 1722 1691 1655 1721 1692 1656 1657 1658 1693 1723 -1
GCP,adapt_p48-18968510422141_a213-75_575_map.h5,26.8654,10,462,1063,41.810314:213.750000,1497,True,12,12,1444,0.999999,23.1406,0,0.0124396,1497 1497 1443 1496 1444 1387 1388 1445 1498 1446 1389 -1
GCP,adapt_p48-18968510422141_a123-74999999999999_540_map.h5,26.8865,10,773,1074,41.810314:123.750000,1484,True,9,9,1484,0.999999,15.4303,0,0.0133417,1431 1431 1430 1484 1535 1536 1485 1432 -1
GCP,adapt_p48-18968510422141_a101-24999999999999_285_map.h5,26.8361,10,430,1075,41.810314:101.250000,1481,True,16,13,1481,0.999912,25.6921,0,0.0127147,1428 1428 1483 1429 1482 1533 1579 1578 1532 1481 1427 1480 -1
GCP,adapt_p48-18968510422141_a258-75_159_map.h5,26.8717,10,507,1162,41.810314:258.750000,1504,True,12,12,1504,0.999999,22.863,0,0.0131417,1451 1451 1452 1505 1554 1504 1503 1553 1552 1502 1450 -1
GCP,adapt_p23-556464309101234_a112-5_262_map.h5,27.8742,10,481,738,66.443535:112.500000,1697,True,12,12,1726,0.999998,23.1857,0,0.0125751,1697 1697 1727 1698 1663 1662 1726 1751 1750 1725 1696 -1
GCP,adapt_p48-18968510422141_a56-24999999999999_92_map.h5,26.8956,10,811,1133,41.810314:56.250000,1475,True,8,8,1475,0.999998,13.6816,0,0.0131968,1421 1421 1422 1476 1420 1474 1475 -1
GCP,adapt_p60-00000000000001_a112-49999999999999_584_map.h5,26.825,10,209,1083,30.000000:112.500000,1313,True,20,13,1312,0.999966,25.2671,0,0.0128432,1371 1371 1372 1313 1251 1187 1250 1312 1249 1248 1311 1370 -1
GCP,adapt_p23-556464309101234_a157-5_84_map.h5,27.8866,10,568,762,66.443535:157.500000,1701,True,12,12,1700,0.999998,22.7454,0,0.013228,1665 1665 1628 1629 1667 1666 1700 1699 1728 1729 1701 -1
GCP,adapt_p35-659087696138755_a344-99999999999994_216_map.h5,27.8874,10,651,774,54.340912:345.000000,1609,True,6,6,1609,0.999999,8.24955,0,0.0123631,1649 1649 1650 1609 1608 -1
GCP,adapt_p35-659087696138755_a45-0_321_map.h5,25.7632,10,285,1524,54.340912:45.000000,1572,True,30,13,1616,0.99927,24.7521,0,0.0125886,1690 1690 1654 1615 1571 1572 1616 1655 1691 1656 1617 1573 -1
GCP,adapt_p48-18968510422141_a191-25_374_map.h5,26.8813,10,596,1141,41.810314:191.250000,1494,True,11,11,1441,0.999999,20.718,0,0.0124992,1494 1494 1440 1493 1441 1384 1385 1442 1495 1443 -1
GCP,adapt_p35-659087696138755_a315-0_3_map.h5,26.7663,10,185,1174,54.340912:315.000000,1605,True,28,13,1605,0.99863,24.7015,0,0.012444,1512 1512 1513 1562 1606 1647 1646 1605 1561 1560 1604 1645 -1
GCP,adapt_p48-18968510422141_a213-75_67_map.h5,26.7675,10,387,1164,41.810314:213.750000,1497,False,27,13,1445,0.998278,25.6718,0,0.0133084,1387 1387 1330 1388 1444 1445 1498 1499 1447 1446 1389 1331 -1
GCP,adapt_p23-556464309101234_a337-5_568_map.h5,27.8925,10,642,746,66.443535:337.500000,1716,True,9,9,1716,0.999999,15.411,0,0.0123526,1685 1685 1684 1683 1715 1716 1742 1717 -1
GCP,adapt_p70-52877936550931_a326-24999999999994_137_map.h5,26.8752,10,610,1087,19.471220:326.250000,1225,True,12,12,1287,0.999999,23.5171,0,0.0126215,1225 1225 1160 1159 1224 1223 1286 1287 1161 1226 1288 -1
GCP,adapt_p35-659087696138755_a344-99999999999994_534_map.h5,27.8362,10,308,722,54.340912:345.000000,1609,True,19,14,1609,0.999984,27.5694,0,0.0125963,1610 1610 1566 1565 1609 1650 1611 1686 1685 1649 1608 1648 1607 -1
GCP,adapt_p48-18968510422141_a146-25_76_map.h5,25.8286,10,95,1149,41.810314:146.250000,1488,False,169,11,1198,0.912758,25.615,0,0.0151607,1483 1381 1322 1260 1197 1198 1199 1262 1261 1323 -1
GCP,adapt_p70-52877936550931_a11-25_192_map.h5,27.8824,10,680,759,19.471220:11.250000,1169,True,12,12,1169,0.999999,23.4485,0,0.0124292,1102 1102 1167 1101 1168 1231 1232 1169 1103 1170 1233 -1
GCP,adapt_p35-659087696138755_a315-0_444_map.h5,27.8753,10,406,778,54.340912:315.000000,1605,True,12,12,1606,0.999999,23.1736,0,0.0125513,1647 1647 1648 1607 1563 1562 1606 1683 1646 1605 1561 -1
GCP,adapt_p23-556464309101234_a247-49999999999997_1_map.h5,26.8417,10,508,1081,66.443535:247.500000,1708,True,16,13,1709,0.999995,25.3939,0,0.0130489,1710 1710 1678 1677 1676 1639 1675 1708 1735 1736 1737 1709 -1
GCP,adapt_p23-556464309101234_a202-5_132_map.h5,26.8697,10,473,1193,66.443535:202.500000,1704,True,10,10,1704,0.999999,18.1177,0,0.0130389,1670 1670 1705 1671 1704 1732 1731 1703 1669 -1
GCP,adapt_p60-00000000000001_a22-5_344_map.h5,27.8037,10,214,777,30.000000:22.500000,1298,True,25,14,1357,0.999869,27.8148,0,0.0131173,1234 1234 1235 1298 1358 1416 1415 1357 1297 1233 1296 1356 1414 -1
GCP,adapt_p48-18968510422141_a281-24999999999994_372_map.h5,27.8521,10,272,714,41.810314:281.250000,1507,True,16,14,1508,0.999992,27.6345,0,0.0126758,1557 1557 1558 1509 1457 1456 1508 1507 1455 1399 1454 1506 1556 -1
GCP,adapt_p11-715852394892384_a135-0_116_map.h5,26.8925,10,820,1091,78.284149:135.000000,1770,True,10,10,1752,0.999999,18.1314,0,0.0122693,1728 1728 1727 1729 1753 1752 1751 1770 1771 -1
GCP,adapt_p48-18968510422141_a123-74999999999999_407_map.h5,27.4992,10,5,426,41.810314:123.750000,1484,False,224,11,1220,0.894976,25.6714,0,0.0169207,946 1153 1088 1089 1155 1156 1221 1220 1154 1219 -1
GCP,adapt_p48-18968510422141_a123-74999999999999_26_map.h5,26.8482,10,681,1054,41.810314:123.750000,1484,True,11,11,1431,0.999998,20.9568,0,0.0125956,1430 1430 1432 1374 1431 1485 1536 1535 1484 1483 -1
GCP,adapt_p70-52877936550931_a78-75_506_map.h5,27.8848,10,615,761,19.471220:78.750000,1181,True,10,10,1181,0.999999,18.4868,0,0.0129472,1182 1182 1244 1245 1181 1180 1114 1115 1116 -1
GCP,adapt_p35-659087696138755_a224-99999999999997_458_map.h5,27.8238,10,280,765,54.340912:225.000000,1594,True,20,13,1594,0.99998,26.4708,0,0.0129706,1549 1499 1550 1595 1637 1673 1636 1594 1549 1548 1593 1635 -1
GCP,adapt_p80-40593177313954_a157-5_63_map.h5,26.8508,10,339,1189,9.594069:157.500000,1063,True,15,13,1128,0.999996,25.032,0,0.0130082,1195 1195 1258 1257 1194 1193 1127 1128 1062 1063 1129 1130 -1
GCP,adapt_p23-556464309101234_a292-5_355_map.h5,26.8703,10,488,1182,66.443535:292.500000,1712,True,10,10,1712,0.999998,18.3678,0,0.0127422,1713 1713 1712 1679 1680 1681 1739 1738 1711 -1
GCP,adapt_p70-52877936550931_a56-24999999999999_503_map.h5,26.8593,10,510,1153,19.471220:56.250000,1177,True,14,13,1176,0.999998,25.0714,0,0.012489,1177 1177 1111 1110 1176 1175 1238 1239 1302 1303 1240 1241 -1
GCP,adapt_p80-40593177313954_a0-0_326_map.h5,26.8852,10,630,1040,9.594069:0.000000,1034,True,10,10,1034,0.999999,18.143,0,0.0125914,1033 1033 1032 1100 1166 1034 1101 1035 967 -1
GCP,adapt_p35-659087696138755_a255-00000000000003_246_map.h5,28.7793,10,185,359,54.340912:255.000000,1598,True,28,14,1553,0.999559,27.8809,0,0.0134935,1502 1502 1503 1504 1554 1599 1640 1598 1553 1552 1597 1639 1596 -1
GCP,adapt_p80-40593177313954_a202-49999999999997_258_map.h5,27.6593,10,132,673,9.594069:202.500000,1072,True,42,14,1071,0.994105,27.5757,0,0.0125255,1202 1202 1136 1070 1003 1004 1071 1137 1138 1072 1005 1073 1139 -1
GCP,adapt_p70-52877936550931_a348-74999999999994_383_map.h5,27.8882,10,625,761,19.471220:348.750000,1229,True,10,10,1229,0.999999,18.6965,0,0.0126063,1292 1292 1229 1228 1291 1293 1230 1165 1164 -1
GCP,adapt_p70-52877936550931_a56-24999999999999_373_map.h5,26.8625,10,422,1104,19.471220:56.250000,1177,True,14,13,1178,0.999998,25.7689,0,0.0123491,1179 1179 1112 1113 1178 1242 1241 1240 1177 1111 1110 1176 -1
GCP,adapt_p70-52877936550931_a11-25_233_map.h5,26.8163,10,242,1072,19.471220:11.250000,1169,True,19,12,1233,0.999678,24.057,0,0.0125543,1170 1170 1102 1168 1231 1232 1169 1103 1234 1233 1296 -1
GCP,adapt_p35-659087696138755_a14-999999999999998_302_map.h5,26.8513,10,415,1140,54.340912:15.000000,1568,True,16,13,1569,0.999997,25.3527,0,0.0124571,1612 1612 1569 1522 1521 1568 1613 1652 1653 1614 1570 1523 -1
GCP,adapt_p11-715852394892384_a45-0_472_map.h5,25.8619,10,427,1507,78.284149:45.000000,1766,True,14,13,1767,0.999998,24.6414,0,0.0129035,1768 1768 1749 1723 1722 1748 1747 1746 1766 1767 1783 1782 -1
GCP,adapt_p35-659087696138755_a315-0_284_map.h5,27.9015,10,715,705,54.340912:315.000000,1605,True,6,6,1605,0.999999,8.19727,0,0.0123223,1646 1646 1647 1606 1605 -1
GCP,adapt_p70-52877936550931_a348-74999999999994_406_map.h5,27.8911,10,715,753,19.471220:348.750000,1229,True,9,9,1229,0.999999,16.0508,0,0.0127125,1165 1165 1230 1164 1229 1292 1291 1228 -1
GCP,adapt_p80-40593177313954_a157-5_375_map.h5,27.8473,10,282,684,9.594069:157.500000,1063,True,19,13,997,0.999982,25.7447,0,0.0125043,998 998 999 1066 1065 997 930 996 1064 1130 1063 995 -1
GCP,adapt_p70-52877936550931_a101-24999999999999_124_map.h5,26.8615,10,421,1105,19.471220:101.250000,1185,True,14,13,1119,0.999998,25.3294,0,0.0133204,1184 1184 1118 1117 1183 1247 1248 1185 1186 1120 1119 1052 -1
GCP,adapt_p70-52877936550931_a348-74999999999994_568_map.h5,28.8712,10,321,392,19.471220:348.750000,1229,True,12,12,1229,0.999999,23.4309,0,0.0135398,1291 1291 1227 1290 1228 1229 1164 1165 1230 1292 1293 -1
GCP,adapt_p48-18968510422141_a101-24999999999999_480_map.h5,27.8914,10,676,803,41.810314:101.250000,1481,True,8,8,1427,0.999998,13.6192,0,0.0134598,1481 1481 1482 1428 1480 1426 1427 -1
GCP,adapt_p60-00000000000001_a90-0_189_map.h5,25.6581,10,360,1424,30.000000:90.000000,1309,False,45,12,1370,0.986747,24.0039,0,0.012742,1483 1429 1371 1370 1311 1248 1247 1310 1369 1427 1428 -1
GCP,adapt_p60-00000000000001_a202-49999999999997_73_map.h5,27.6366,10,187,778,30.000000:202.500000,1328,False,47,13,1384,0.986314,26.9049,0,0.0131892,1262 1263 1264 1327 1385 1442 1441 1384 1326 1325 1383 1324 -1
GCP,adapt_p60-00000000000001_a45-0_221_map.h5,28.8137,10,220,363,30.000000:45.000000,1301,False,21,14,1362,0.999994,27.7592,0,0.0131484,1304 1304 1362 1420 1419 1361 1302 1303 1363 1421 1422 1364 1305 -1
GCP,adapt_p60-00000000000001_a135-0_303_map.h5,25.8214,10,396,1436,30.000000:135.000000,1316,True,18,12,1316,0.999963,23.3246,0,0.0124386,1253 1253 1252 1254 1255 1317 1376 1375 1316 1315 1374 -1
GCP,adapt_p70-52877936550931_a303-75_106_map.h5,25.7831,10,152,1094,19.471220:303.750000,1221,True,172,11,1559,0.800122,25.4588,0,0.0155849,1217 1283 1156 1221 1220 1282 1509 1558 1510 1559 -1
GCP,adapt_p35-659087696138755_a165-0_46_map.h5,27.8241,10,453,716,54.340912:165.000000,1587,True,18,13,1585,0.999993,25.8309,0,0.0126941,1627 1627 1584 1539 1540 1586 1541 1587 1629 1585 1628 1665 -1
GCP,adapt_p60-00000000000001_a270-0_319_map.h5,26.8822,10,656,1068,30.000000:270.000000,1339,True,11,11,1339,0.999999,20.3493,0,0.0125472,1277 1277 1278 1339 1397 1338 1396 1395 1337 1276 -1
GCP,adapt_p23-556464309101234_a337-5_147_map.h5,26.8734,10,594,1135,66.443535:337.500000,1716,True,12,12,1716,0.999998,22.9307,0,0.0124015,1685 1685 1648 1649 1684 1683 1715 1741 1742 1716 1717 -1
GCP,adapt_p23-556464309101234_a292-5_436_map.h5,27.8568,10,482,753,66.443535:292.500000,1712,True,13,13,1712,0.999998,25.4859,0,0.0130341,1680 1680 1679 1711 1710 1737 1738 1739 1740 1712 1713 1681 -1
GCP,adapt_p11-715852394892384_a225-0_110_map.h5,27.8564,10,355,743,78.284149:225.000000,1774,True,15,13,1774,0.999997,25.5999,0,0.0123518,1775 1775 1756 1755 1772 1773 1774 1757 1758 1788 1787 1786 -1
GCP,adapt_p35-659087696138755_a224-99999999999997_278_map.h5,26.8573,10,497,1124,54.340912:225.000000,1594,True,13,13,1594,0.999999,25.3915,0,0.0124929,1550 1550 1499 1500 1549 1548 1593 1635 1636 1594 1595 1637 -1
GCP,adapt_p48-18968510422141_a168-74999999999997_170_map.h5,26.8804,10,426,1130,41.810314:168.750000,1491,True,13,13,1491,0.999999,25.2789,0,0.0123643,1438 1438 1439 1440 1493 1492 1491 1437 1490 1541 1542 1543 -1
GCP,adapt_p70-52877936550931_a213-75_468_map.h5,26.8576,10,451,1070,19.471220:213.750000,1205,True,14,13,1205,0.999997,26.5514,0,0.0131296,1204 1204 1140 1141 1207 1206 1269 1268 1205 1139 1267 1203 -1
GCP,adapt_p80-40593177313954_a247-49999999999997_523_map.h5,26.095,10,143,1106,9.594069:247.500000,1080,False,128,11,1086,0.752722,25.6866,0,0.013824,1147 1017 1085 1086 1018 951 1019 1087 1157 1222 -1
GCP,adapt_p60-00000000000001_a224-99999999999997_348_map.h5,26.8656,10,505,1107,30.000000:225.000000,1331,True,13,13,1331,0.999999,26.0353,0,0.0131484,1390 1390 1391 1270 1271 1332 1331 1269 1330 1388 1389 1446 -1
GCP,adapt_p60-00000000000001_a247-49999999999997_320_map.h5,26.8505,10,541,1146,30.000000:247.500000,1335,True,13,13,1335,0.999999,25.4656,0,0.0123426,1394 1394 1393 1392 1334 1273 1274 1335 1336 1395 1337 1275 -1
GCP,adapt_p35-659087696138755_a105-0_147_map.h5,25.8144,10,320,1516,54.340912:105.000000,1579,True,21,13,1622,0.999895,25.0868,0,0.0133797,1579 1579 1578 1621 1659 1660 1695 1696 1661 1622 1623 1580 -1
GCP,adapt_p23-556464309101234_a112-5_360_map.h5,27.8741,10,428,714,66.443535:112.500000,1697,True,13,13,1726,0.999998,25.2756,0,0.0126965,1696 1696 1697 1698 1727 1751 1726 1725 1695 1724 1750 1749 -1
GCP,adapt_p35-659087696138755_a255-00000000000003_8_map.h5,26.878,10,473,1137,54.340912:255.000000,1598,True,11,11,1597,0.999999,20.3038,0,0.0128011,1596 1596 1551 1552 1597 1553 1598 1640 1639 1638 -1
GCP,adapt_p35-659087696138755_a75-0_236_map.h5,26.6331,10,111,1129,54.340912:75.000000,1576,False,54,13,1657,0.976752,26.361,0,0.0126323,1617 1656 1655 1691 1692 1722 1693 1694 1658 1619 1618 1657 -1
GCP,adapt_p70-52877936550931_a326-24999999999994_93_map.h5,27.7365,10,281,685,19.471220:326.250000,1225,True,34,13,1225,0.996704,26.0873,0,0.0133075,1288 1288 1224 1159 1158 1223 1287 1225 1160 1161 1226 1227 -1
GCP,adapt_p70-52877936550931_a191-25_527_map.h5,26.8499,10,581,1173,19.471220:191.250000,1201,True,16,12,1135,0.999995,23.8481,0,0.0128406,1200 1200 1133 1199 1134 1201 1202 1137 1136 1135 1069 -1
GCP,adapt_p11-715852394892384_a225-0_45_map.h5,26.8636,10,563,1015,78.284149:225.000000,1774,True,12,12,1757,0.999998,22.7735,0,0.0132132,1774 1774 1775 1758 1735 1734 1733 1732 1756 1757 1773 -1
GCP,adapt_p35-659087696138755_a285-0_589_map.h5,27.8414,10,287,757,54.340912:285.000000,1601,True,18,13,1643,0.999995,25.4665,0,0.0124141,1680 1680 1643 1602 1603 1644 1679 1712 1711 1678 1642 1601 -1
GCP,adapt_p48-18968510422141_a191-25_153_map.h5,25.8239,10,405,1466,41.810314:191.250000,1494,True,18,13,1441,0.999947,25.4855,0,0.0129133,1495 1495 1443 1385 1442 1441 1384 1383 1440 1493 1494 1545 -1
GCP,adapt_p60-00000000000001_a270-0_94_map.h5,26.8538,10,502,1138,30.000000:270.000000,1339,True,14,13,1339,0.999998,25.523,0,0.0129408,1398 1398 1340 1341 1279 1278 1339 1397 1396 1338 1277 1337 -1
GCP,adapt_p60-00000000000001_a202-49999999999997_189_map.h5,25.8045,10,328,1603,30.000000:202.500000,1328,True,21,13,1328,0.999974,25.1734,0,0.0133065,1330 1330 1269 1268 1267 1329 1387 1386 1328 1266 1265 1327 -1
GCP,adapt_p80-40593177313954_a157-5_221_map.h5,26.8594,10,441,1194,9.594069:157.500000,1063,True,14,12,1063,0.999997,23.222,0,0.0123705,996 996 995 1062 1128 1129 1063 997 1065 1064 1130 -1
GCP,adapt_p80-40593177313954_a292-5_75_map.h5,25.0431,10,13,421,9.594069:292.500000,1088,False,653,10,1380,0.575379,23.4612,0,0.0541168,1756 1380 1379 1436 1437 1438 1381 1322 1323 -1
GCP,adapt_p48-18968510422141_a236-25_425_map.h5,26.8459,10,424,1119,41.810314:236.250000,1501,True,16,13,1449,0.99999,26.3029,0,0.0129072,1551 1551 1502 1450 1503 1552 1449 1448 1447 1500 1501 1550 -1
GCP,adapt_p35-659087696138755_a45-0_131_map.h5,27.8959,10,732,758,54.340912:45.000000,1572,True,8,8,1572,0.999999,12.8882,0,0.0129345,1571 1571 1615 1616 1572 1525 1524 -1
GCP,adapt_p48-18968510422141_a11-25_349_map.h5,26.8806,10,567,1106,41.810314:11.250000,1468,True,10,10,1468,0.999999,17.9773,0,0.0132047,1521 1521 1520 1467 1413 1414 1468 1469 1415 -1
GCP,adapt_p35-659087696138755_a45-0_420_map.h5,26.8581,10,437,1135,54.340912:45.000000,1572,True,14,13,1572,0.999999,24.782,0,0.0126987,1573 1573 1572 1616 1615 1571 1524 1472 1473 1525 1526 1474 -1
GCP,adapt_p11-715852394892384_a135-0_244_map.h5,27.7805,10,233,736,78.284149:135.000000,1770,True,31,14,1771,0.998772,26.3623,0,0.0132927,1784 1784 1785 1793 1794 1795 1787 1786 1772 1771 1770 1753 1752 -1
GCP,adapt_p48-18968510422141_a56-24999999999999_243_map.h5,26.8697,10,462,1107,41.810314:56.250000,1475,True,11,11,1420,0.999999,20.9126,0,0.0130436,1419 1419 1362 1361 1420 1421 1475 1526 1474 1473 -1
GCP,adapt_p48-18968510422141_a123-74999999999999_305_map.h5,26.7542,10,203,1097,41.810314:123.750000,1484,True,32,13,1430,0.997367,25.8237,0,0.0136691,1374 1374 1430 1372 1373 1431 1432 1485 1484 1535 1483 1429 -1
GCP,adapt_p80-40593177313954_a67-5_242_map.h5,27.592,10,244,736,9.594069:67.500000,1047,True,53,13,1047,0.863938,26.3187,0,0.0137217,977 977 1043 1110 1044 1045 1046 1047 979 913 980 1048 -1
GCP,adapt_p23-556464309101234_a22-5_49_map.h5,27.8935,10,751,739,66.443535:22.500000,1689,True,8,8,1719,0.999999,12.9085,0,0.012314,1689 1689 1690 1720 1719 1718 1688 -1
GCP,adapt_p11-715852394892384_a45-0_530_map.h5,24.5897,10,142,1420,78.284149:45.000000,1766,False,213,8,1102,0.612936,22.7754,0,0.0178476,1039 1168 1102 1036 1103 1169 1782 -1
GCP,adapt_p80-40593177313954_a157-5_149_map.h5,26.8783,10,624,1113,9.594069:157.500000,1063,True,10,10,1063,0.999998,19.4894,0,0.0124771,1129 1128 1062 995 996 1064 1130 1063 1129 -1
GCP,adapt_p35-659087696138755_a14-999999999999998_26_map.h5,26.8649,10,443,1129,54.340912:15.000000,1568,True,14,13,1613,0.999999,25.4003,0,0.0129663,1570 1570 1613 1569 1522 1521 1568 1612 1652 1653 1614 1615 -1
GCP,adapt_p60-00000000000001_a315-0_543_map.h5,27.76,10,312,734,30.000000:315.000000,1346,False,29,13,1402,0.997648,25.7111,0,0.0127658,1400 1400 1343 1401 1456 1457 1402 1344 1345 1403 1459 1458 -1
GCP,adapt_p11-715852394892384_a135-0_62_map.h5,25.6982,10,161,1401,78.284149:135.000000,1770,False,42,13,1727,0.990613,24.994,0,0.0125987,1772 1772 1753 1729 1728 1699 1698 1727 1726 1751 1752 1771 -1
GCP,adapt_p48-18968510422141_a348-74999999999994_365_map.h5,26.8875,10,563,1188,41.810314:348.750000,1517,True,10,10,1517,0.999999,18.3723,0,0.0132655,1465 1465 1518 1466 1517 1566 1565 1516 1464 -1
GCP,adapt_p70-52877936550931_a168-74999999999997_552_map.h5,27.8664,10,379,752,19.471220:168.750000,1197,True,14,14,1196,0.999999,27.8649,0,0.0124525,1259 1259 1258 1195 1196 1130 1131 1197 1260 1261 1262 1198 1132 -1
GCP,adapt_p80-40593177313954_a0-0_391_map.h5,26.871,10,567,1091,9.594069:0.000000,1034,True,14,13,1035,0.999998,26.3999,0,0.0128192,1036 1036 967 1034 1033 1100 1166 1101 1035 968 1102 1103 -1
GCP,adapt_p80-40593177313954_a157-5_511_map.h5,28.1639,10,102,365,9.594069:157.500000,1063,True,116,13,1129,0.945,27.6651,0,0.0159325,1378 1194 1195 1258 1257 1193 1127 1128 1062 1063 1129 1130 -1
GCP,adapt_p48-18968510422141_a101-24999999999999_90_map.h5,25.8109,10,370,1496,41.810314:101.250000,1481,True,21,13,1428,0.99994,25.79,0,0.0129135,1429 1429 1370 1428 1371 1312 1311 1369 1427 1481 1482 1483 -1
GCP,adapt_p80-40593177313954_a45-0_356_map.h5,24.9745,10,79,1539,9.594069:45.000000,1042,False,145,10,1120,0.903259,23.0274,0,0.0160173,1112 1185 1119 1054 1055 1121 1187 1120 1186 -1
GCP,adapt_p35-659087696138755_a45-0_576_map.h5,27.8918,10,638,787,54.340912:45.000000,1572,True,10,10,1572,0.999999,17.6618,0,0.0129342,1616 1616 1615 1571 1572 1525 1526 1573 1617 -1
GCP,adapt_p80-40593177313954_a315-0_215_map.h5,25.2952,10,163,1430,9.594069:315.000000,1093,False,105,12,1714,0.828313,25.0499,0,0.0136169,1403 1510 1511 1560 1645 1681 1713 1740 1714 1682 1646 -1
GCP,adapt_p70-52877936550931_a303-75_46_map.h5,26.8572,10,625,1122,19.471220:303.750000,1221,True,13,13,1156,0.999998,26.0207,0,0.0125499,1222 1222 1158 1157 1156 1221 1223 1285 1284 1283 1220 1155 -1
GCP,adapt_p60-00000000000001_a202-49999999999997_366_map.h5,26.8674,10,612,1118,30.000000:202.500000,1328,True,11,11,1328,0.999999,20.1688,0,0.0124115,1387 1387 1329 1267 1266 1328 1386 1385 1327 1265 -1
GCP,adapt_p48-18968510422141_a11-25_476_map.h5,25.8534,10,349,1499,41.810314:11.250000,1468,True,14,12,1469,0.999987,22.9269,0,0.0134037,1414 1414 1415 1470 1522 1521 1469 1468 1413 1467 1520 -1
GCP,adapt_p11-715852394892384_a315-0_98_map.h5,26.8592,10,482,1080,78.284149:315.000000,1778,True,13,13,1778,0.999999,25.295,0,0.0126192,1790 1790 1789 1777 1761 1762 1778 1791 1797 1780 1779 1763 -1
GCP,adapt_p80-40593177313954_a292-5_292_map.h5,26.8533,10,568,1083,9.594069:292.500000,1088,True,15,13,1155,0.999998,25.8539,0,0.0125267,1156 1156 1091 1090 1220 1155 1089 1021 1020 1088 1154 1153 -1
GCP,adapt_p80-40593177313954_a247-49999999999997_314_map.h5,26.8442,10,487,1078,9.594069:247.500000,1080,True,17,13,1146,0.999994,25.2222,0,0.0125893,1079 1079 1144 1209 1210 1145 1080 1146 1211 1212 1147 1081 -1
GCP,adapt_p70-52877936550931_a33-75_181_map.h5,27.8644,10,303,729,19.471220:33.750000,1173,True,14,14,1236,0.999999,27.7552,0,0.0133254,1173 1173 1106 1172 1236 1237 1300 1299 1298 1235 1234 1171 1105 -1
GCP,adapt_p70-52877936550931_a281-24999999999994_454_map.h5,26.8046,10,375,1141,19.471220:281.250000,1217,True,23,13,1281,0.999915,25.2826,0,0.0131465,1344 1344 1343 1342 1341 1280 1217 1218 1281 1219 1282 1283 -1
GCP,adapt_p70-52877936550931_a191-25_534_map.h5,26.8621,10,487,1120,19.471220:191.250000,1201,True,13,13,1201,0.999999,25.8011,0,0.0126529,1265 1265 1203 1137 1202 1136 1135 1200 1201 1263 1264 1326 -1
GCP,adapt_p80-40593177313954_a22-5_435_map.h5,26.8694,10,527,1171,9.594069:22.500000,1038,True,12,12,1038,0.999998,23.4224,0,0.0124299,971 971 1037 970 1038 1104 1105 1039 972 1040 1106 -1
GCP,adapt_p35-659087696138755_a75-0_230_map.h5,26.8673,10,504,1100,54.340912:75.000000,1576,True,10,10,1576,0.999998,18.4831,0,0.0124756,1620 1620 1576 1575 1619 1621 1577 1530 1529 -1
GCP,adapt_p80-40593177313954_a224-99999999999997_368_map.h5,25.7849,10,315,1500,9.594069:225.000000,1076,True,24,13,1141,0.999618,25.706,0,0.0129404,1077 1077 1076 1075 1074 1139 1205 1140 1206 1141 1142 1143 -1
GCP,adapt_p70-52877936550931_a303-75_329_map.h5,26.8649,10,472,1075,19.471220:303.750000,1221,True,13,13,1221,0.999998,25.3488,0,0.0128784,1156 1156 1155 1219 1282 1283 1220 1221 1284 1285 1222 1157 -1
GCP,adapt_p70-52877936550931_a146-25_402_map.h5,26.8587,10,450,1174,19.471220:146.250000,1193,True,15,13,1128,0.999998,25.5549,0,0.0130476,1062 1062 1061 1127 1126 1192 1193 1194 1195 1129 1128 1063 -1
GCP,adapt_p48-18968510422141_a101-24999999999999_570_map.h5,27.8751,10,622,759,41.810314:101.250000,1481,True,10,10,1481,0.999999,17.9214,0,0.0126899,1428 1428 1482 1533 1532 1481 1427 1480 1426 -1
GCP,adapt_p60-00000000000001_a180-0_66_map.h5,26.8748,10,653,1097,30.000000:180.000000,1324,True,11,11,1383,0.999999,20.6996,0,0.0130225,1325 1325 1384 1326 1263 1262 1324 1323 1382 1383 -1
GCP,adapt_p23-556464309101234_a67-5_38_map.h5,26.8397,10,470,1112,66.443535:67.500000,1693,True,16,13,1693,0.999986,24.9696,0,0.0130935,1722 1722 1693 1692 1656 1657 1658 1659 1694 1723 1724 1695 -1
GCP,adapt_p70-52877936550931_a236-25_336_map.h5,26.8494,10,529,1064,19.471220:236.250000,1209,True,15,13,1209,0.999998,25.71,0,0.0123946,1144 1144 1143 1208 1271 1334 1273 1272 1209 1210 1145 1211 -1
GCP,adapt_p60-00000000000001_a315-0_189_map.h5,26.889,10,764,1152,30.000000:315.000000,1346,True,7,7,1347,0.999999,10.8716,0,0.0127849,1404 1404 1405 1348 1347 1346 -1
GCP,adapt_p80-40593177313954_a270-0_543_map.h5,26.8398,10,456,1166,9.594069:270.000000,1084,True,17,13,1085,0.999987,26.0357,0,0.0130317,1149 1149 1215 1214 1150 1151 1086 1018 1085 1017 1084 1083 -1
GCP,adapt_p23-556464309101234_a157-5_227_map.h5,27.8626,10,529,757,66.443535:157.500000,1701,True,9,9,1729,0.999998,15.9626,0,0.013122,1700 1700 1727 1699 1728 1753 1729 1701 -1
GCP,adapt_p80-40593177313954_a45-0_181_map.h5,26.6702,10,207,1077,9.594069:45.000000,1042,True,42,13,974,0.991912,25.8364,0,0.0125789,906 906 907 973 1040 1041 974 1042 975 908 909 976 -1
GCP,adapt_p48-18968510422141_a326-24999999999994_131_map.h5,26.843,10,421,1102,41.810314:326.250000,1514,True,16,13,1561,0.999991,25.9053,0,0.0128031,1560 1560 1512 1460 1511 1561 1604 1605 1606 1562 1513 1514 -1
GCP,adapt_p23-556464309101234_a292-5_453_map.h5,27.8566,10,398,786,66.443535:292.500000,1712,True,16,14,1712,0.999998,27.8547,0,0.0132506,1710 1710 1736 1737 1738 1739 1713 1712 1711 1677 1678 1679 1680 -1
GCP,adapt_p11-715852394892384_a45-0_575_map.h5,26.8594,10,343,1162,78.284149:45.000000,1766,True,13,13,1746,0.999999,24.9819,0,0.012389,1720 1720 1721 1746 1747 1748 1767 1766 1765 1744 1745 1719 -1
GCP,adapt_p80-40593177313954_a135-0_271_map.h5,28.6851,10,117,386,9.594069:135.000000,1059,True,44,13,1126,0.984651,27.6698,0,0.0126972,1123 1189 1058 1059 1124 1190 1125 1191 1192 1127 1126 1060 -1
GCP,adapt_p11-715852394892384_a45-0_467_map.h5,27.8857,10,666,722,78.284149:45.000000,1766,True,10,10,1767,0.999998,17.9473,0,0.0130774,1747 1747 1768 1748 1767 1783 1782 1766 1746 -1
GCP,adapt_p60-00000000000001_a247-49999999999997_519_map.h5,26.8373,10,339,1177,30.000000:247.500000,1335,True,16,13,1336,0.99999,25.9424,0,0.0125006,1337 1337 1275 1276 1395 1336 1394 1393 1335 1274 1273 1334 -1
GCP,adapt_p80-40593177313954_a247-49999999999997_488_map.h5,26.8793,10,597,1150,9.594069:247.500000,1080,True,11,11,1080,0.999999,21.1301,0,0.0124748,1079 1079 1013 1012 1080 1145 1146 1147 1081 1082 -1
GCP,adapt_p35-659087696138755_a165-0_23_map.h5,25.8274,10,297,1526,54.340912:165.000000,1587,True,17,12,1629,0.999988,23.0825,0,0.0134013,1586 1586 1628 1666 1629 1587 1588 1631 1630 1667 1668 -1
GCP,adapt_p80-40593177313954_a315-0_562_map.h5,27.5561,10,84,387,9.594069:315.000000,1093,True,198,12,1096,0.762246,27.5393,0,0.0162093,1279 1092 1093 1159 1160 1094 1095 1028 1096 1029 1097 -1
GCP,adapt_p80-40593177313954_a90-0_78_map.h5,25.6051,10,165,1120,9.594069:90.000000,1051,False,179,12,1261,0.846952,24.8912,0,0.015346,1441 1324 1262 1199 1133 1132 1198 1261 1323 1260 1197 -1
GCP,adapt_p60-00000000000001_a157-5_464_map.h5,26.8338,10,488,1084,30.000000:157.500000,1320,True,17,13,1319,0.999982,25.7694,0,0.0129926,1258 1258 1321 1379 1320 1194 1257 1319 1378 1377 1318 1256 -1
GCP,adapt_p48-18968510422141_a326-24999999999994_60_map.h5,25.8644,10,423,1465,41.810314:326.250000,1514,True,13,13,1513,0.999999,25.5591,0,0.0123991,1562 1562 1512 1460 1511 1560 1561 1513 1461 1462 1514 1563 -1
GCP,adapt_p48-18968510422141_a11-25_243_map.h5,27.8641,10,382,684,41.810314:11.250000,1468,True,11,11,1414,0.999999,20.4126,0,0.0126391,1413 1413 1355 1356 1357 1415 1469 1414 1468 1467 -1
GCP,adapt_p35-659087696138755_a75-0_130_map.h5,27.7966,10,295,809,54.340912:75.000000,1576,True,22,13,1621,0.999862,25.2979,0,0.013199,1660 1660 1622 1621 1659 1658 1619 1576 1620 1577 1578 1531 -1
GCP,adapt_p35-659087696138755_a75-0_158_map.h5,27.878,10,526,755,54.340912:75.000000,1576,True,10,10,1619,0.999999,17.779,0,0.0128421,1576 1576 1575 1574 1618 1657 1658 1619 1620 -1
GCP,adapt_p35-659087696138755_a165-0_286_map.h5,26.8914,10,594,1151,54.340912:165.000000,1587,True,8,8,1586,0.999999,13.5832,0,0.0123726,1629 1629 1630 1587 1628 1585 1586 -1
GCP,adapt_p70-52877936550931_a101-24999999999999_138_map.h5,26.8704,10,513,1153,19.471220:101.250000,1185,True,13,13,1184,0.999999,25.1474,0,0.0123621,1119 1119 1118 1117 1183 1247 1184 1185 1248 1249 1186 1120 -1
GCP,adapt_p70-52877936550931_a303-75_153_map.h5,26.8421,10,505,1088,19.471220:303.750000,1221,True,18,13,1221,0.999992,25.7432,0,0.0126115,1155 1155 1219 1220 1283 1284 1222 1158 1157 1221 1156 1090 -1
GCP,adapt_p80-40593177313954_a157-5_555_map.h5,26.8229,10,475,1095,9.594069:157.500000,1063,True,21,13,1064,0.999981,25.7657,0,0.0129392,1065 1065 1066 1131 1130 1064 996 1063 1129 1195 1128 1062 -1
GCP,adapt_p70-52877936550931_a258-75_483_map.h5,28.6467,10,77,354,19.471220:258.750000,1213,True,47,13,1148,0.994477,26.6069,0,0.0130489,1274 1275 1213 1214 1149 1083 1082 1148 1147 1212 1211 1146 -1
GCP,adapt_p70-52877936550931_a258-75_370_map.h5,26.4687,10,128,1184,19.471220:258.750000,1213,True,69,12,1213,0.98019,24.2211,0,0.0130682,1210 1145 1146 1211 1212 1147 1213 1214 1149 1148 1082 -1
GCP,adapt_p60-00000000000001_a202-49999999999997_375_map.h5,28.8623,10,323,390,30.000000:202.500000,1328,True,16,14,1265,0.999998,28.4591,0,0.012493,1267 1267 1327 1385 1386 1328 1329 1266 1203 1202 1265 1264 1326 -1
GCP,adapt_p80-40593177313954_a270-0_103_map.h5,27.9043,10,695,729,9.594069:270.000000,1084,True,10,10,1084,0.999999,19.481,0,0.0124923,1150 1151 1085 1017 1016 1083 1149 1084 1150 -1
GCP,adapt_p11-715852394892384_a135-0_69_map.h5,26.854,10,375,1168,78.284149:135.000000,1770,True,13,13,1751,0.999999,25.3037,0,0.0127623,1771 1771 1785 1752 1753 1728 1727 1726 1751 1770 1769 1750 -1
GCP,adapt_p35-659087696138755_a45-0_78_map.h5,27.8622,10,355,681,54.340912:45.000000,1572,True,15,14,1615,0.999999,27.4333,0,0.0126355,1572 1572 1525 1524 1571 1615 1616 1617 1655 1654 1653 1614 1570 -1
GCP,adapt_p48-18968510422141_a33-75_61_map.h5,26.8443,10,450,1165,41.810314:33.750000,1471,True,16,13,1472,0.999932,25.2935,0,0.0125025,1523 1523 1570 1522 1471 1417 1418 1472 1524 1525 1473 1419 -1
GCP,adapt_p48-18968510422141_a281-24999999999994_255_map.h5,27.8531,10,213,751,41.810314:281.250000,1507,True,15,13,1508,0.999997,25.403,0,0.0126478,1455 1455 1506 1454 1507 1556 1557 1508 1456 1457 1509 1558 -1
GCP,adapt_p48-18968510422141_a11-25_13_map.h5,26.8892,10,485,1099,41.810314:11.250000,1468,True,11,11,1468,0.999999,20.9237,0,0.0125655,1413 1413 1520 1521 1469 1414 1468 1467 1518 1412 -1
GCP,adapt_p35-659087696138755_a255-00000000000003_144_map.h5,26.8272,10,412,1172,54.340912:255.000000,1598,True,20,13,1641,0.999986,25.1133,0,0.0126416,1639 1639 1597 1598 1640 1677 1678 1642 1601 1600 1599 1641 -1
GCP,adapt_p70-52877936550931_a123-74999999999999_287_map.h5,27.3964,10,41,400,19.471220:123.750000,1189,False,243,12,1178,0.36666,26.3387,0,0.0181413,1239 1177 1178 1112 1114 1179 1242 1243 1308 1309 1246 -1
GCP,adapt_p60-00000000000001_a135-0_224_map.h5,26.8734,10,516,1136,30.000000:135.000000,1316,True,10,10,1317,0.999998,18.7463,0,0.0134049,1316 1316 1376 1317 1318 1377 1433 1375 1374 -1
GCP,adapt_p35-659087696138755_a14-999999999999998_277_map.h5,27.6704,10,110,720,54.340912:15.000000,1568,True,44,13,1568,0.984164,26.8511,0,0.0133372,1614 1569 1522 1469 1521 1568 1613 1612 1567 1520 1468 1467 -1
GCP,adapt_p70-52877936550931_a236-25_164_map.h5,26.8864,10,783,1087,19.471220:236.250000,1209,True,9,9,1209,0.999999,15.9638,0,0.0123616,1210 1210 1272 1209 1145 1144 1143 1208 -1
GCP,adapt_p60-00000000000001_a202-49999999999997_331_map.h5,26.8819,10,540,1112,30.000000:202.500000,1328,True,12,12,1328,0.999999,22.991,0,0.0128636,1266 1266 1265 1326 1385 1327 1328 1386 1387 1329 1267 -1
GCP,adapt_p60-00000000000001_a247-49999999999997_131_map.h5,27.7939,10,199,787,30.000000:247.500000,1335,True,24,13,1335,0.999505,25.8734,0,0.0129069,1333 1333 1335 1393 1392 1334 1272 1273 1211 1274 1275 1336 -1
GCP,adapt_p60-00000000000001_a315-0_359_map.h5,26.8727,10,581,1084,30.000000:315.000000,1346,True,11,11,1404,0.999999,20.7387,0,0.0130923,1405 1405 1348 1347 1346 1404 1461 1460 1459 1403 -1
GCP,adapt_p70-52877936550931_a303-75_207_map.h5,26.5978,10,146,1099,19.471220:303.750000,1221,True,51,12,1221,0.965392,24.1881,0,0.0130813,1153 1218 1219 1154 1155 1156 1157 1222 1221 1220 1283 -1
GCP,adapt_p70-52877936550931_a123-74999999999999_447_map.h5,26.8421,10,504,1103,19.471220:123.750000,1189,True,15,13,1189,0.999992,24.9412,0,0.012664,1251 1251 1250 1187 1188 1122 1123 1189 1252 1253 1190 1124 -1
GCP,adapt_p48-18968510422141_a78-75_258_map.h5,26.6449,10,175,1147,41.810314:78.750000,1478,True,34,13,1478,0.996951,25.8288,0,0.0128806,1480 1480 1530 1531 1479 1426 1425 1478 1424 1423 1477 1529 -1
GCP,adapt_p70-52877936550931_a146-25_588_map.h5,28.4517,10,126,388,19.471220:146.250000,1193,False,76,12,1060,0.97402,26.4314,0,0.0131023,1262 1324 1323 1128 1062 1061 1127 1060 1126 1125 1059 -1
GCP,adapt_p60-00000000000001_a337-49999999999994_217_map.h5,27.8524,10,273,783,30.000000:337.500000,1350,True,14,14,1291,0.999999,27.8016,0,0.0124083,1227 1227 1163 1228 1290 1289 1350 1351 1352 1291 1292 1229 1164 -1
GCP,adapt_p35-659087696138755_a14-999999999999998_346_map.h5,26.7088,10,233,1106,54.340912:15.000000,1568,True,36,13,1569,0.995252,25.2907,0,0.0130401,1469 1469 1470 1523 1570 1522 1569 1613 1612 1568 1521 1520 -1
GCP,adapt_p70-52877936550931_a281-24999999999994_311_map.h5,26.831,10,393,1123,19.471220:281.250000,1217,True,19,13,1217,0.999964,25.3105,0,0.0127827,1219 1219 1154 1153 1218 1281 1217 1152 1151 1216 1279 1280 -1
GCP,adapt_p23-556464309101234_a22-5_28_map.h5,26.8874,10,636,1083,66.443535:22.500000,1689,True,10,10,1689,0.999999,18.2248,0,0.0123563,1690 1690 1719 1720 1689 1688 1652 1653 1654 -1
GCP,adapt_p23-556464309101234_a202-5_396_map.h5,27.8924,10,724,756,66.443535:202.500000,1704,True,9,9,1671,0.999998,15.3779,0,0.0123782,1704 1704 1705 1672 1635 1634 1671 1670 -1
GCP,adapt_p60-00000000000001_a67-5_366_map.h5,26.5128,10,115,729,30.000000:67.500000,1305,False,213,12,979,0.965149,25.4366,0,0.0167783,1181 981 913 980 912 979 911 978 977 910 909 -1
GCP,adapt_p35-659087696138755_a75-0_513_map.h5,26.8543,10,389,1219,54.340912:75.000000,1576,True,13,13,1576,0.999999,25.2098,0,0.0124277,1577 1577 1530 1529 1576 1620 1621 1659 1658 1619 1575 1618 -1
GCP,adapt_p23-556464309101234_a112-5_414_map.h5,26.8845,10,562,1136,66.443535:112.500000,1697,True,10,10,1696,0.999998,17.6403,0,0.013317,1697 1697 1726 1725 1696 1695 1660 1661 1662 -1
GCP,adapt_p48-18968510422141_a146-25_318_map.h5,27.8804,10,610,754,41.810314:146.250000,1488,True,12,12,1487,0.999999,22.9071,0,0.0123233,1538 1538 1539 1489 1435 1488 1487 1434 1433 1486 1537 -1
GCP,adapt_p35-659087696138755_a165-0_280_map.h5,25.8269,10,426,1452,54.340912:165.000000,1587,True,17,13,1630,0.999996,25.1115,0,0.0128562,1631 1631 1669 1668 1630 1588 1587 1586 1629 1667 1666 1628 -1
GCP,adapt_p70-52877936550931_a78-75_387_map.h5,25.8173,10,124,1121,19.471220:78.750000,1181,True,177,12,1245,0.817785,25.4481,0,0.0153458,1424 1307 1243 1306 1180 1181 1244 1245 1308 1246 1309 -1
GCP,adapt_p23-556464309101234_a157-5_371_map.h5,27.7624,10,207,792,66.443535:157.500000,1701,True,29,13,1730,0.998903,24.8033,0,0.0133992,1703 1703 1702 1701 1729 1728 1752 1753 1754 1730 1731 1755 -1
GCP,adapt_p70-52877936550931_a101-24999999999999_253_map.h5,27.8483,10,576,774,19.471220:101.250000,1185,True,15,13,1247,0.999988,25.2087,0,0.0125412,1185 1185 1119 1118 1184 1248 1311 1310 1247 1309 1246 1183 -1
GCP,adapt_p60-00000000000001_a112-49999999999999_405_map.h5,26.8792,10,626,1110,30.000000:112.500000,1313,True,10,10,1312,0.999999,18.2956,0,0.0125341,1371 1371 1311 1370 1312 1249 1250 1313 1372 -1
GCP,adapt_p60-00000000000001_a112-49999999999999_325_map.h5,26.8644,10,500,1088,30.000000:112.500000,1313,True,13,13,1313,0.999999,26.5614,0,0.0124077,1372 1373 1314 1251 1250 1249 1311 1370 1371 1312 1313 1372 -1
GCP,adapt_p35-659087696138755_a195-0_359_map.h5,27.8493,10,327,759,54.340912:195.000000,1590,True,15,13,1590,0.999994,25.6269,0,0.0125381,1633 1633 1669 1670 1632 1631 1588 1589 1544 1545 1590 1591 -1
GCP,adapt_p35-659087696138755_a75-0_439_map.h5,27.8895,10,777,721,54.340912:75.000000,1576,True,8,8,1575,0.999998,13.0481,0,0.0123212,1576 1576 1575 1574 1618 1619 1620 -1
GCP,adapt_p35-659087696138755_a285-0_35_map.h5,26.859,10,439,1071,54.340912:285.000000,1601,True,16,13,1601,0.999998,25.5303,0,0.0128767,1600 1600 1556 1557 1601 1642 1602 1558 1603 1644 1643 1679 -1
GCP,adapt_p70-52877936550931_a191-25_247_map.h5,27.8382,10,289,719,19.471220:191.250000,1201,True,18,14,1202,0.999994,27.5631,0,0.0125656,1265 1265 1266 1203 1202 1137 1136 1201 1264 1263 1200 1135 1134 -1
GCP,adapt_p11-715852394892384_a45-0_111_map.h5,26.9007,10,789,1074,78.284149:45.000000,1766,True,8,8,1766,0.999999,12.7537,0,0.0131372,1746 1746 1747 1767 1766 1765 1745 -1
GCP,adapt_p23-556464309101234_a22-5_585_map.h5,27.8361,10,271,754,66.443535:22.500000,1689,True,20,14,1688,0.999967,27.7778,0,0.0127068,1719 1719 1745 1720 1689 1653 1652 1651 1686 1687 1688 1718 1743 -1
GCP,adapt_p48-18968510422141_a236-25_380_map.h5,27.823,10,314,686,41.810314:236.250000,1501,True,20,13,1500,0.999764,26.3136,0,0.0128418,1499 1499 1550 1551 1501 1448 1449 1391 1390 1447 1500 1446 -1
GCP,adapt_p60-00000000000001_a337-49999999999994_470_map.h5,28.4718,10,101,371,30.000000:337.500000,1350,True,77,13,1228,0.974702,26.8681,0,0.0140044,1353 1292 1230 1229 1164 1228 1291 1351 1350 1289 1290 1227 -1
GCP,adapt_p35-659087696138755_a105-0_574_map.h5,26.8717,10,545,1050,54.340912:105.000000,1579,True,8,8,1579,0.999999,13.0787,0,0.0130953,1622 1622 1578 1579 1580 1623 1661 -1
GCP,adapt_p80-40593177313954_a112-49999999999999_573_map.h5,27.8228,10,83,389,9.594069:112.500000,1055,False,173,10,1630,0.770357,27.2102,0,0.0158368,915 1666 1701 1667 1629 1630 1587 1631 1588 -1
GCP,adapt_p80-40593177313954_a67-5_576_map.h5,26.8802,10,630,1116,9.594069:67.500000,1047,True,10,10,1046,0.999998,18.4866,0,0.0125902,979 979 1045 978 1046 1112 1113 1047 980 -1
GCP,adapt_p70-52877936550931_a101-24999999999999_234_map.h5,26.859,10,651,1056,19.471220:101.250000,1185,True,12,12,1185,0.999998,23.6351,0,0.0128287,1186 1186 1250 1249 1119 1120 1185 1248 1247 1184 1118 -1
GCP,adapt_p60-00000000000001_a157-5_177_map.h5,26.8732,10,530,1081,30.000000:157.500000,1320,True,12,12,1320,0.999998,23.2552,0,0.0125886,1379 1379 1322 1380 1321 1259 1258 1320 1378 1319 1257 -1
GCP,adapt_p60-00000000000001_a90-0_404_map.h5,26.8871,10,419,1140,30.000000:90.000000,1309,True,11,11,1309,0.999999,21.0837,0,0.0126989,1310 1310 1246 1247 1309 1308 1367 1368 1369 1311 -1
GCP,adapt_p35-659087696138755_a285-0_455_map.h5,25.8097,10,276,1539,54.340912:285.000000,1601,True,17,13,1643,0.999966,25.4059,0,0.0131088,1602 1602 1642 1601 1643 1679 1678 1711 1712 1680 1644 1603 -1
GCP,adapt_p48-18968510422141_a326-24999999999994_242_map.h5,25.7981,10,351,1477,41.810314:326.250000,1514,True,22,13,1462,0.999872,25.6507,0,0.0127438,1406 1406 1405 1460 1512 1562 1513 1461 1462 1407 1463 1514 -1
GCP,adapt_p48-18968510422141_a258-75_277_map.h5,26.848,10,390,1151,41.810314:258.750000,1504,True,16,13,1504,0.999985,25.3754,0,0.0127611,1505 1505 1452 1504 1554 1555 1599 1598 1553 1552 1503 1451 -1
GCP,adapt_p48-18968510422141_a281-24999999999994_486_map.h5,26.2926,10,153,1112,41.810314:281.250000,1507,True,101,12,1456,0.846037,26.1119,0,0.0139732,1557 1509 1457 1508 1456 1400 1399 1455 1507 1451 1450 -1
GCP,adapt_p23-556464309101234_a22-5_102_map.h5,26.8718,10,444,1139,66.443535:22.500000,1689,True,12,12,1719,0.999999,23.0954,0,0.0129744,1688 1688 1653 1652 1689 1690 1720 1719 1745 1718 1687 -1
GCP,adapt_p60-00000000000001_a180-0_526_map.h5,26.8592,10,535,1130,30.000000:180.000000,1324,True,13,13,1323,0.999998,25.6143,0,0.0125873,1262 1262 1198 1199 1263 1325 1324 1382 1323 1261 1260 1322 -1
GCP,adapt_p60-00000000000001_a224-99999999999997_166_map.h5,27.7672,10,174,799,30.000000:225.000000,1331,True,23,13,1391,0.999357,25.7359,0,0.0125359,1392 1392 1447 1390 1332 1331 1270 1271 1333 1391 1448 1449 -1
GCP,adapt_p80-40593177313954_a180-0_503_map.h5,26.7659,10,203,1097,9.594069:180.000000,1067,True,21,13,1134,0.999913,25.5294,0,0.0129168,1199 1199 1132 1066 1067 1133 1134 1068 1069 1135 1200 1201 -1
GCP,adapt_p80-40593177313954_a337-49999999999994_570_map.h5,26.8338,10,530,1204,9.594069:337.500000,1097,True,15,13,1097,0.999997,25.5063,0,0.0129684,1164 1164 1099 1098 1030 1029 1096 1097 1163 1227 1162 1161 -1
GCP,adapt_p48-18968510422141_a56-24999999999999_455_map.h5,27.8856,10,428,813,41.810314:56.250000,1475,True,10,10,1420,0.999999,17.9977,0,0.0131812,1421 1421 1422 1475 1527 1526 1474 1420 1419 -1
GCP,adapt_p60-00000000000001_a45-0_569_map.h5,26.5297,10,179,1066,30.000000:45.000000,1301,False,68,12,1170,0.946279,24.4556,0,0.0131385,1359 1300 1236 1235 1171 1234 1233 1170 1104 1103 1169 -1
GCP,adapt_p48-18968510422141_a236-25_542_map.h5,26.8592,10,532,1060,41.810314:236.250000,1501,True,15,13,1448,0.999998,25.1193,0,0.0125876,1447 1447 1500 1550 1551 1501 1448 1391 1392 1449 1502 1552 -1
GCP,adapt_p80-40593177313954_a224-99999999999997_325_map.h5,26.7836,10,376,1125,9.594069:225.000000,1076,True,25,13,1076,0.999403,25.1369,0,0.0131917,1009 1009 1008 1075 1141 1142 1076 1077 1143 1144 1078 1010 -1
GCP,adapt_p60-00000000000001_a157-5_53_map.h5,28.8432,10,215,348,30.000000:157.500000,1320,True,17,14,1321,0.99999,28.2402,0,0.0125939,1322 1322 1259 1260 1321 1258 1320 1378 1379 1436 1437 1380 1381 -1
GCP,adapt_p11-715852394892384_a225-0_422_map.h5,26.7078,10,185,1107,78.284149:225.000000,1774,True,44,13,1772,0.976081,26.179,0,0.0130528,1733 1757 1774 1787 1786 1772 1771 1753 1754 1755 1773 1756 -1
GCP,adapt_p23-556464309101234_a112-5_312_map.h5,27.8703,10,349,772,66.443535:112.500000,1697,True,12,12,1696,0.999999,23.2432,0,0.012516,1697 1697 1661 1662 1696 1660 1695 1724 1750 1725 1726 -1
GCP,adapt_p60-00000000000001_a112-49999999999999_523_map.h5,26.8523,10,425,1185,30.000000:112.500000,1313,True,16,13,1313,0.999998,26.4175,0,0.0124839,1314 1314 1250 1249 1311 1312 1371 1372 1313 1251 1373 1315 -1
GCP,adapt_p60-00000000000001_a0-0_185_map.h5,25.804,10,420,1540,30.000000:0.000000,1294,True,15,12,1294,0.999995,23.8897,0,0.0127882,1411 1411 1410 1352 1354 1295 1294 1231 1293 1353 1292 -1
GCP,adapt_p80-40593177313954_a90-0_322_map.h5,28.7102,10,217,375,9.594069:90.000000,1051,True,39,14,1051,0.992144,27.6405,0,0.0126425,1053 1053 1119 1118 1052 984 983 1051 1117 1116 1050 982 1049 -1
GCP,adapt_p35-659087696138755_a135-0_556_map.h5,25.7291,10,280,1535,54.340912:135.000000,1583,False,30,13,1483,0.998472,25.2259,0,0.0126445,1429 1429 1482 1481 1533 1534 1483 1430 1484 1535 1581 1582 -1
GCP,adapt_p70-52877936550931_a191-25_14_map.h5,25.4045,10,117,1682,19.471220:191.250000,1201,False,76,11,1434,0.977225,24.9427,0,0.0133242,1317 1376 1375 1433 1487 1434 1377 1435 1133 1134 -1
GCP,adapt_p35-659087696138755_a315-0_335_map.h5,27.8322,10,247,768,54.340912:315.000000,1605,True,17,13,1606,0.999958,26.0439,0,0.0125939,1647 1647 1605 1561 1604 1646 1606 1562 1513 1563 1607 1648 -1
GCP,adapt_p60-00000000000001_a67-5_314_map.h5,27.8159,10,236,763,30.000000:67.500000,1305,True,19,13,1363,0.999935,25.2207,0,0.012831,1305 1305 1242 1241 1304 1303 1362 1361 1420 1421 1363 1364 -1
GCP,adapt_p80-40593177313954_a315-0_465_map.h5,25.1469,10,237,1563,9.594069:315.000000,1093,True,103,11,1161,0.971219,23.2047,0,0.0137208,1407 1226 1225 1159 1093 1094 1160 1161 1162 1227 -1
GCP,adapt_p70-52877936550931_a326-24999999999994_108_map.h5,25.6728,10,277,1518,19.471220:326.250000,1225,True,42,13,1286,0.988477,25.374,0,0.0129485,1346 1346 1285 1222 1223 1286 1347 1348 1287 1224 1159 1225 -1
GCP,adapt_p80-40593177313954_a22-5_277_map.h5,25.8308,10,387,1514,9.594069:22.500000,1038,True,17,12,1038,0.999966,22.9766,0,0.0129538,1105 1105 1106 1040 1039 971 1038 1104 1103 1037 970 -1
GCP,adapt_p48-18968510422141_a213-75_212_map.h5,28.8702,10,349,381,41.810314:213.750000,1497,True,14,14,1498,0.999999,28.0823,0,0.0125899,1446 1446 1388 1389 1445 1444 1496 1497 1547 1548 1498 1499 1549 -1
GCP,adapt_p70-52877936550931_a281-24999999999994_189_map.h5,28.4642,10,139,400,19.471220:281.250000,1217,False,78,10,1730,0.90699,27.8087,0,0.0135482,1216 1151 1731 1755 1754 1730 1702 1729 1701 -1
GCP,adapt_p80-40593177313954_a247-49999999999997_494_map.h5,24.9025,10,104,1519,9.594069:247.500000,1080,False,157,10,1082,0.833174,23.8373,0,0.0152069,1392 1500 1499 1081 1013 1014 1082 1015 1083 -1
GCP,adapt_p80-40593177313954_a202-49999999999997_300_map.h5,25.4537,10,66,1509,9.594069:202.500000,1072,False,72,12,1318,0.9341,24.3768,0,0.0130953,1433 1376 1317 1256 1318 1377 1378 1319 1257 1258 1320 -1
GCP,adapt_p48-18968510422141_a123-74999999999999_455_map.h5,27.8725,10,460,768,41.810314:123.750000,1484,True,11,11,1431,0.999999,21.5649,0,0.0122868,1485 1485 1430 1373 1374 1431 1484 1486 1432 1375 -1
GCP,adapt_p80-40593177313954_a45-0_68_map.h5,25.9333,10,72,759,9.594069:45.000000,1042,False,310,8,990,0.718024,24.3382,0,0.0219465,1552 992 991 1058 990 923 989 -1
GCP,adapt_p35-659087696138755_a195-0_38_map.h5,26.3604,10,129,1133,54.340912:195.000000,1590,False,91,12,1199,0.873622,24.9114,0,0.013365,1322 1198 1261 1262 1199 1200 1263 1201 1264 1265 1266 -1
GCP,adapt_p48-18968510422141_a213-75_407_map.h5,26.6652,10,180,1120,41.810314:213.750000,1497,True,44,13,1445,0.984653,24.9758,0,0.0126723,1331 1331 1389 1446 1498 1548 1547 1497 1444 1445 1388 1330 -1
GCP,adapt_p23-556464309101234_a292-5_334_map.h5,27.898,10,707,758,66.443535:292.500000,1712,True,9,9,1712,0.999999,16.0506,0,0.0127853,1680 1680 1681 1679 1712 1739 1713 1714 -1
GCP,adapt_p70-52877936550931_a236-25_232_map.h5,26.7912,10,411,1098,19.471220:236.250000,1209,True,19,12,1273,0.999928,23.6291,0,0.012583,1272 1272 1335 1334 1273 1209 1210 1211 1274 1275 1212 -1
GCP,adapt_p80-40593177313954_a337-49999999999994_71_map.h5,25.392,10,107,1165,9.594069:337.500000,1097,True,234,11,1232,0.663334,24.7722,0,0.0175241,1105 1296 1233 1232 1295 1231 1164 1099 1098 1097 -1
GCP,adapt_p70-52877936550931_a146-25_398_map.h5,26.8164,10,595,1140,19.471220:146.250000,1193,True,19,13,1255,0.999969,25.7207,0,0.0133806,1191 1191 1254 1192 1127 1193 1255 1317 1318 1256 1257 1194 -1
GCP,adapt_p60-00000000000001_a45-0_10_map.h5,27.8962,10,697,761,30.000000:45.000000,1301,True,10,10,1302,0.999999,18.2114,0,0.0125658,1361 1361 1303 1362 1302 1239 1238 1301 1360 -1
GCP,adapt_p70-52877936550931_a303-75_394_map.h5,25.8151,10,377,1466,19.471220:303.750000,1221,True,21,13,1221,0.999947,25.347,0,0.0127201,1220 1220 1221 1156 1157 1222 1223 1285 1345 1284 1283 1344 -1
GCP,adapt_p70-52877936550931_a236-25_35_map.h5,27.8123,10,274,772,19.471220:236.250000,1209,True,25,14,1144,0.99988,27.3102,0,0.0125268,1271 1271 1272 1273 1210 1145 1079 1078 1144 1209 1208 1143 1077 -1
GCP,adapt_p35-659087696138755_a165-0_554_map.h5,26.8901,10,834,1113,54.340912:165.000000,1587,True,6,6,1587,0.999999,8.25042,0,0.0126531,1586 1586 1587 1630 1629 -1
GCP,adapt_p80-40593177313954_a315-0_359_map.h5,26.8093,10,396,1108,9.594069:315.000000,1093,True,22,13,1094,0.999786,25.4654,0,0.0124803,1161 1161 1096 1095 1027 1026 1094 1160 1159 1093 1158 1092 -1
GCP,adapt_p70-52877936550931_a146-25_128_map.h5,27.8732,10,530,726,19.471220:146.250000,1193,True,11,11,1193,0.999998,20.5444,0,0.0125284,1256 1256 1255 1191 1192 1193 1127 1128 1194 1257 -1
GCP,adapt_p23-556464309101234_a67-5_474_map.h5,26.8771,10,477,1125,66.443535:67.500000,1693,True,10,10,1722,0.999999,18.2919,0,0.0127509,1748 1748 1721 1747 1722 1692 1693 1723 1749 -1
GCP,adapt_p60-00000000000001_a247-49999999999997_336_map.h5,26.837,10,403,1125,30.000000:247.500000,1335,True,15,13,1335,0.999999,25.4661,0,0.0128443,1394 1394 1393 1392 1334 1273 1274 1335 1336 1395 1337 1275 -1
GCP,adapt_p70-52877936550931_a33-75_368_map.h5,27.775,10,234,742,19.471220:33.750000,1173,True,29,13,1237,0.996239,25.6376,0,0.0127361,1172 1172 1106 1107 1173 1236 1174 1108 1175 1238 1237 1300 -1
GCP,adapt_p60-00000000000001_a67-5_354_map.h5,27.8971,10,724,741,30.000000:67.500000,1305,True,8,8,1365,0.999998,13.7918,0,0.0127102,1364 1364 1423 1366 1365 1305 1306 -1
GCP,adapt_p60-00000000000001_a247-49999999999997_410_map.h5,26.8103,10,413,1099,30.000000:247.500000,1335,True,20,13,1392,0.999967,25.1951,0,0.0125131,1333 1333 1391 1448 1392 1334 1393 1335 1336 1394 1450 1449 -1
GCP,adapt_p48-18968510422141_a78-75_332_map.h5,26.7663,10,179,1082,41.810314:78.750000,1478,True,27,13,1366,0.999538,25.2193,0,0.0125628,1478 1478 1423 1365 1306 1244 1307 1366 1424 1425 1367 1308 -1
GCP,adapt_p23-556464309101234_a157-5_509_map.h5,26.8363,10,432,1104,66.443535:157.500000,1701,True,12,12,1700,0.999999,23.5965,0,0.014545,1728 1728 1665 1699 1727 1700 1666 1667 1701 1729 1730 -1
GCP,adapt_p48-18968510422141_a213-75_521_map.h5,26.6981,10,157,1145,41.810314:213.750000,1497,True,40,13,1497,0.99152,25.5356,0,0.0127473,1593 1593 1546 1496 1443 1444 1497 1547 1548 1498 1445 1446 -1
GCP,adapt_p23-556464309101234_a292-5_232_map.h5,27.891,10,653,736,66.443535:292.500000,1712,True,9,9,1712,0.999999,15.4303,0,0.0127619,1680 1680 1679 1711 1712 1713 1739 1738 -1
GCP,adapt_p70-52877936550931_a281-24999999999994_176_map.h5,26.3523,10,142,1135,19.471220:281.250000,1217,True,89,8,1151,0.93175,25.2086,0,0.0134411,1108 1217 1152 1216 1151 1150 1215 -1
GCP,adapt_p70-52877936550931_a281-24999999999994_3_map.h5,26.8294,10,423,1112,19.471220:281.250000,1217,True,18,13,1217,0.999983,25.7525,0,0.0124333,1152 1152 1151 1215 1278 1340 1279 1216 1217 1153 1218 1280 -1
GCP,adapt_p48-18968510422141_a191-25_530_map.h5,26.8721,10,573,1112,41.810314:191.250000,1494,True,10,10,1441,0.999999,17.905,0,0.0126784,1442 1442 1495 1545 1544 1494 1441 1493 1440 -1
GCP,adapt_p80-40593177313954_a112-49999999999999_119_map.h5,26.8406,10,488,1080,9.594069:112.500000,1055,True,17,13,1055,0.999991,26.2363,0,0.0131676,988 988 1057 1123 1056 1122 1121 1120 1055 987 1054 1053 -1
GCP,adapt_p80-40593177313954_a67-5_277_map.h5,26.5094,10,87,1195,9.594069:67.500000,1047,True,69,12,1047,0.967797,25.7191,0,0.0133996,1110 978 979 1046 980 1047 1113 1114 1048 981 1049 -1
GCP,adapt_p48-18968510422141_a168-74999999999997_67_map.h5,27.8924,10,670,760,41.810314:168.750000,1491,True,9,9,1491,0.999998,15.3787,0,0.0123725,1542 1542 1541 1490 1437 1438 1491 1492 -1
GCP,adapt_p23-556464309101234_a67-5_577_map.h5,26.8902,10,595,1094,66.443535:67.500000,1693,True,9,9,1693,0.999999,15.4246,0,0.0125828,1657 1657 1658 1694 1693 1692 1722 1723 -1
GCP,adapt_p70-52877936550931_a236-25_256_map.h5,26.805,10,463,1118,19.471220:236.250000,1209,True,16,13,1271,0.999994,26.016,0,0.012758,1272 1272 1332 1270 1207 1208 1271 1333 1273 1210 1209 1144 -1
GCP,adapt_p60-00000000000001_a247-49999999999997_58_map.h5,26.8763,10,602,1147,30.000000:247.500000,1335,True,9,9,1335,0.999999,16.3764,0,0.0124944,1394 1394 1393 1334 1335 1395 1337 1336 -1
GCP,adapt_p80-40593177313954_a45-0_344_map.h5,25.7762,10,391,1460,9.594069:45.000000,1042,False,27,13,1044,0.999497,25.2943,0,0.0135961,975 975 1043 1109 1110 1044 976 977 1045 1111 1112 1046 -1
GCP,adapt_p23-556464309101234_a22-5_377_map.h5,25.7207,10,112,1496,66.443535:22.500000,1689,False,35,13,1534,0.990207,25.311,0,0.0130553,1430 1430 1429 1483 1535 1534 1580 1579 1533 1532 1481 1482 -1
GCP,adapt_p60-00000000000001_a315-0_472_map.h5,28.7753,10,165,358,30.000000:315.000000,1346,True,29,14,1404,0.999577,28.0862,0,0.0125499,1461 1461 1404 1346 1347 1405 1460 1512 1511 1459 1458 1403 1345 -1
GCP,adapt_p70-52877936550931_a168-74999999999997_583_map.h5,27.7429,10,212,801,19.471220:168.750000,1197,True,32,13,1196,0.997697,25.084,0,0.0129304,1258 1258 1259 1321 1322 1260 1197 1131 1130 1196 1195 1129 -1
GCP,adapt_p35-659087696138755_a195-0_297_map.h5,27.8741,10,418,734,54.340912:195.000000,1590,True,11,11,1591,0.999999,20.3026,0,0.0126817,1590 1590 1545 1546 1547 1592 1634 1591 1633 1632 -1
GCP,adapt_p48-18968510422141_a303-75_27_map.h5,27.8612,10,383,752,41.810314:303.750000,1510,True,13,13,1510,0.999999,25.5893,0,0.0126277,1459 1459 1458 1457 1509 1558 1559 1510 1460 1512 1511 1560 -1
GCP,adapt_p60-00000000000001_a157-5_191_map.h5,26.8851,10,625,1123,30.000000:157.500000,1320,True,11,11,1258,0.999998,21.1872,0,0.0126578,1320 1320 1257 1321 1322 1260 1196 1259 1258 1195 -1
GCP,adapt_p60-00000000000001_a224-99999999999997_333_map.h5,27.8171,10,324,748,30.000000:225.000000,1331,True,21,14,1391,0.999988,27.6543,0,0.0126626,1392 1392 1449 1448 1391 1333 1332 1390 1331 1389 1446 1447 1500 -1
GCP,adapt_p80-40593177313954_a180-0_414_map.h5,26.8519,10,466,1049,9.594069:180.000000,1067,True,14,13,1000,0.999998,26.102,0,0.0128574,1067 1067 998 999 932 933 934 1000 1068 1001 1069 1002 -1
GCP,adapt_p23-556464309101234_a337-5_400_map.h5,25.7995,10,438,1473,66.443535:337.500000,1716,True,23,13,1683,0.99987,25.1785,0,0.0133026,1716 1716 1683 1647 1648 1684 1715 1741 1740 1714 1682 1646 -1
GCP,adapt_p70-52877936550931_a213-75_181_map.h5,25.6711,10,363,1418,19.471220:213.750000,1205,True,33,13,1268,0.997704,25.5806,0,0.0126512,1331 1331 1330 1329 1266 1203 1204 1267 1205 1268 1269 1206 -1
GCP,adapt_p80-40593177313954_a135-0_54_map.h5,26.8669,10,552,1069,9.594069:135.000000,1059,True,14,13,1058,0.999999,26.0685,0,0.0129455,1057 1057 991 990 1058 1123 1124 1125 1059 992 1060 1126 -1
GCP,adapt_p60-00000000000001_a67-5_265_map.h5,26.8501,10,447,1163,30.000000:67.500000,1305,True,13,13,1365,0.999999,25.1222,0,0.0126567,1305 1305 1306 1307 1366 1423 1365 1364 1422 1421 1363 1304 -1
GCP,adapt_p60-00000000000001_a180-0_541_map.h5,26.8597,10,569,1151,30.000000:180.000000,1324,True,10,10,1324,0.999998,18.4338,0,0.013108,1323 1323 1262 1261 1324 1382 1383 1325 1263 -1
GCP,adapt_p23-556464309101234_a337-5_329_map.h5,26.8515,10,391,1122,66.443535:337.500000,1716,True,15,13,1742,0.999998,25.3617,0,0.0132733,1741 1741 1764 1763 1742 1743 1687 1717 1685 1684 1716 1715 -1
GCP,adapt_p70-52877936550931_a56-24999999999999_172_map.h5,27.8783,10,573,749,19.471220:56.250000,1177,True,10,10,1177,0.999999,18.507,0,0.012449,1178 1178 1240 1241 1177 1176 1110 1111 1112 -1
GCP,adapt_p70-52877936550931_a281-24999999999994_385_map.h5,27.8218,10,320,764,19.471220:281.250000,1217,True,19,13,1217,0.999965,25.4204,0,0.0129258,1218 1218 1154 1153 1152 1151 1216 1217 1280 1279 1278 1215 -1
GCP,adapt_p60-00000000000001_a157-5_559_map.h5,27.0417,10,52,387,30.000000:157.500000,1320,False,286,8,945,0.653063,25.5001,0,0.020021,1122 943 944 1011 1012 945 946 -1
GCP,adapt_p60-00000000000001_a22-5_122_map.h5,27.8854,10,652,799,30.000000:22.500000,1298,True,10,10,1298,0.999999,18.4983,0,0.0123565,1297 1297 1235 1234 1298 1299 1358 1357 1356 -1
GCP,adapt_p80-40593177313954_a135-0_292_map.h5,27.8013,10,263,732,9.594069:135.000000,1059,True,23,13,1059,0.999749,25.7771,0,0.0134566,1061 1061 992 993 1060 1126 1125 1059 991 1058 990 1057 -1
GCP,adapt_p70-52877936550931_a303-75_19_map.h5,25.3636,10,141,1104,19.471220:303.750000,1221,False,226,11,1223,0.82362,22.6439,0,0.0176839,1407 1287 1224 1223 1222 1157 1158 1159 1160 1225 -1
GCP,adapt_p11-715852394892384_a225-0_54_map.h5,27.8362,10,384,743,78.284149:225.000000,1774,True,16,14,1774,0.999999,27.5279,0,0.0125646,1758 1758 1776 1789 1788 1787 1773 1774 1775 1757 1756 1755 1733 -1
GCP,adapt_p48-18968510422141_a11-25_205_map.h5,26.7083,10,272,1122,41.810314:11.250000,1468,False,32,13,1409,0.996077,25.3096,0,0.0134836,1350 1350 1351 1352 1410 1411 1412 1466 1465 1409 1408 1464 -1
GCP,adapt_p35-659087696138755_a45-0_400_map.h5,25.8543,10,375,1460,54.340912:45.000000,1572,True,14,13,1572,0.999999,25.0074,0,0.0124592,1571 1571 1615 1654 1655 1616 1572 1617 1573 1526 1525 1524 -1
GCP,adapt_p60-00000000000001_a180-0_165_map.h5,27.7131,10,243,779,30.000000:180.000000,1324,False,34,13,1326,0.996906,25.5841,0,0.0127017,1263 1263 1326 1264 1325 1383 1384 1441 1442 1385 1327 1386 -1
GCP,adapt_p70-52877936550931_a123-74999999999999_286_map.h5,26.6538,10,146,1099,19.471220:123.750000,1189,False,43,12,1315,0.99454,24.2799,0,0.0129814,1313 1314 1251 1252 1253 1315 1374 1375 1316 1254 1317 -1
GCP,adapt_p23-556464309101234_a157-5_81_map.h5,28.8687,10,388,378,66.443535:157.500000,1701,True,13,13,1701,0.999999,25.4697,0,0.0131249,1666 1666 1667 1702 1730 1753 1728 1729 1701 1700 1699 1665 -1
GCP,adapt_p80-40593177313954_a202-49999999999997_524_map.h5,27.611,10,199,781,9.594069:202.500000,1072,True,44,13,934,0.97447,26.9375,0,0.0127639,1137 1071 1072 1004 936 1003 1070 1069 1002 935 934 933 -1
GCP,adapt_p70-52877936550931_a56-24999999999999_537_map.h5,25.8147,10,287,1483,19.471220:56.250000,1177,False,20,12,1239,0.999788,23.1545,0,0.0130074,1175 1175 1237 1174 1238 1301 1302 1239 1176 1240 1303 -1
GCP,adapt_p35-659087696138755_a75-0_563_map.h5,27.8792,10,478,738,54.340912:75.000000,1576,True,11,11,1619,0.999999,20.2315,0,0.0125927,1575 1575 1574 1618 1619 1658 1659 1620 1576 1577 -1
GCP,adapt_p70-52877936550931_a11-25_284_map.h5,27.8814,10,655,754,19.471220:11.250000,1169,True,10,10,1169,0.999998,18.1416,0,0.0123582,1103 1103 1102 1101 1168 1169 1170 1233 1232 -1
GCP,adapt_p35-659087696138755_a224-99999999999997_328_map.h5,28.0565,10,94,402,54.340912:225.000000,1594,True,145,9,1636,0.894919,28.031,0,0.0152083,977 1673 1636 1637 1594 1550 1595 1596 -1
GCP,adapt_p35-659087696138755_a224-99999999999997_473_map.h5,28.7983,10,191,363,54.340912:225.000000,1594,True,24,14,1594,0.999856,28.013,0,0.012488,1550 1550 1596 1638 1674 1637 1595 1549 1594 1636 1673 1635 1593 -1
GCP,adapt_p48-18968510422141_a191-25_483_map.h5,27.8335,10,327,762,41.810314:191.250000,1494,True,18,13,1494,0.999958,27.4448,0,0.0132715,1442 1441 1493 1543 1544 1494 1495 1545 1590 1546 1496 1442 -1
GCP,adapt_p60-00000000000001_a135-0_535_map.h5,28.8463,10,434,344,30.000000:135.000000,1316,True,13,13,1316,0.999998,25.7645,0,0.0125009,1317 1317 1376 1254 1253 1315 1316 1375 1432 1374 1373 1314 -1
GCP,adapt_p70-52877936550931_a213-75_432_map.h5,26.8463,10,404,1164,19.471220:213.750000,1205,True,16,13,1139,0.999997,25.6815,0,0.0135181,1206 1206 1268 1205 1141 1140 1074 1073 1072 1138 1139 1204 -1
GCP,adapt_p23-556464309101234_a112-5_211_map.h5,26.8621,10,498,1115,66.443535:112.500000,1697,True,12,12,1696,0.999998,22.9589,0,0.0127365,1726 1726 1698 1663 1662 1697 1725 1695 1696 1661 1623 -1
GCP,adapt_p35-659087696138755_a105-0_104_map.h5,26.6058,10,100,1139,54.340912:105.000000,1579,True,55,12,1579,0.979545,24.6749,0,0.0139122,1481 1533 1534 1580 1623 1622 1621 1579 1532 1578 1577 -1
GCP,adapt_p48-18968510422141_a348-74999999999994_517_map.h5,25.8713,10,457,1471,41.810314:348.750000,1517,True,11,11,1517,0.999999,20.8612,0,0.0124734,1466 1466 1412 1518 1465 1464 1516 1565 1517 1566 -1
GCP,adapt_p23-556464309101234_a22-5_382_map.h5,26.8231,10,259,1048,66.443535:22.500000,1689,True,20,13,1689,0.999941,26.1079,0,0.0127091,1690 1690 1688 1718 1719 1720 1689 1654 1653 1613 1652 1651 -1
GCP,adapt_p48-18968510422141_a56-24999999999999_590_map.h5,25.0655,10,63,753,41.810314:56.250000,1475,False,433,9,1220,0.895685,24.7501,0,0.0319856,1472 1282 1219 1154 1155 1220 1283 1221 -1
GCP,adapt_p11-715852394892384_a135-0_399_map.h5,27.8732,10,373,787,78.284149:135.000000,1770,True,11,11,1752,0.999999,20.907,0,0.0135264,1771 1771 1751 1770 1752 1772 1754 1753 1729 1728 -1
GCP,adapt_p35-659087696138755_a195-0_565_map.h5,27.8438,10,265,825,54.340912:195.000000,1590,False,17,13,1669,0.999996,26.2644,0,0.0129379,1668 1668 1670 1633 1632 1669 1631 1630 1702 1703 1704 1671 -1
GCP,adapt_p11-715852394892384_a225-0_477_map.h5,26.8158,10,190,1093,78.284149:225.000000,1774,True,25,14,1775,0.999797,26.8028,0,0.0130175,1787 1787 1795 1796 1789 1788 1774 1757 1758 1775 1776 1777 1759 -1
GCP,adapt_p70-52877936550931_a258-75_562_map.h5,26.8663,10,539,1097,19.471220:258.750000,1213,True,12,12,1275,0.999999,23.1702,0,0.0124501,1212 1212 1274 1211 1147 1148 1213 1214 1277 1276 1275 -1
GCP,adapt_p60-00000000000001_a247-49999999999997_567_map.h5,26.8323,10,429,1121,30.000000:247.500000,1335,True,13,13,1335,0.999999,25.7348,0,0.0125271,1274 1274 1334 1392 1333 1272 1273 1335 1393 1394 1336 1275 -1
GCP,adapt_p60-00000000000001_a0-0_23_map.h5,26.8892,10,579,1139,30.000000:0.000000,1294,True,9,9,1294,0.999999,15.6629,0,0.0125899,1353 1353 1292 1293 1231 1295 1294 1411 -1
GCP,adapt_p70-52877936550931_a56-24999999999999_267_map.h5,27.7985,10,193,781,19.471220:56.250000,1177,True,26,13,1110,0.997525,25.35,0,0.0133161,1175 1175 1109 1043 1044 1110 1176 1111 1177 1240 1241 1178 -1
GCP,adapt_p80-40593177313954_a90-0_498_map.h5,26.8724,10,499,1160,9.594069:90.000000,1051,True,15,13,1050,0.999997,25.553,0,0.0124003,1051 1051 984 983 982 1050 1117 1116 1115 1049 981 1048 -1
GCP,adapt_p70-52877936550931_a33-75_145_map.h5,28.7387,10,151,342,19.471220:33.750000,1173,True,33,14,1107,0.998632,28.5099,0,0.0130884,1237 1237 1175 1238 1174 1108 1041 1040 1106 1172 1107 1173 1236 -1
GCP,adapt_p35-659087696138755_a255-00000000000003_462_map.h5,26.7323,10,200,1085,54.340912:255.000000,1598,False,28,13,1638,0.999403,24.9629,0,0.0125275,1674 1674 1675 1639 1597 1596 1638 1637 1595 1594 1636 1673 -1
GCP,adapt_p80-40593177313954_a315-0_107_map.h5,26.853,10,472,1162,9.594069:315.000000,1093,True,14,13,1158,0.999997,25.706,0,0.0127874,1093 1093 1092 1091 1157 1222 1223 1158 1094 1160 1159 1224 -1
GCP,adapt_p80-40593177313954_a135-0_332_map.h5,27.8028,10,344,718,9.594069:135.000000,1059,True,24,13,1060,0.99895,25.6758,0,0.0129541,1125 1125 1059 991 1058 992 993 1060 1126 1127 1061 994 -1
GCP,adapt_p80-40593177313954_a45-0_224_map.h5,26.8641,10,530,1066,9.594069:45.000000,1042,True,14,13,1042,0.999999,26.4295,0,0.0127169,1108 1108 974 975 1042 1041 1107 1109 1043 976 1044 1110 -1
GCP,adapt_p35-659087696138755_a255-00000000000003_305_map.h5,28.8894,10,532,391,54.340912:255.000000,1598,True,7,7,1598,0.999999,10.7391,0,0.0124041,1639 1639 1640 1599 1598 1597 -1
GCP,adapt_p35-659087696138755_a195-0_531_map.h5,27.8883,10,676,759,54.340912:195.000000,1590,True,9,9,1633,0.999999,15.4765,0,0.0124902,1632 1632 1589 1590 1591 1633 1670 1671 -1
GCP,adapt_p70-52877936550931_a11-25_587_map.h5,25.8322,10,414,1488,19.471220:11.250000,1169,True,16,13,1169,0.999975,25.8365,0,0.0126308,1102 1102 1167 1168 1231 1232 1169 1103 1104 1170 1233 1234 -1
GCP,adapt_p48-18968510422141_a303-75_576_map.h5,25.7444,10,308,1511,41.810314:303.750000,1510,True,29,12,1510,0.99789,23.3152,0,0.0134371,1560 1560 1511 1459 1510 1559 1458 1402 1457 1509 1558 -1
GCP,adapt_p60-00000000000001_a202-49999999999997_264_map.h5,26.2444,10,111,1188,30.000000:202.500000,1328,False,100,12,1201,0.959554,25.1772,0,0.0134171,1324 1201 1136 1135 1200 1263 1264 1326 1265 1202 1137 -1
GCP,adapt_p80-40593177313954_a292-5_252_map.h5,25.3441,10,86,1492,9.594069:292.500000,1088,False,84,12,1080,0.882511,25.0925,0,0.0137262,1010 1145 1079 1012 1080 1146 1081 1147 1212 1213 1214 -1
GCP,adapt_p80-40593177313954_a315-0_547_map.h5,28.4457,10,19,448,9.594069:315.000000,1093,False,79,13,1514,0.886687,26.7975,0,0.0130392,1465 1464 1515 1563 1562 1513 1461 1462 1514 1463 1407 1408 -1
GCP,adapt_p70-52877936550931_a168-74999999999997_445_map.h5,27.8432,10,322,718,19.471220:168.750000,1197,True,18,13,1197,0.999985,25.4648,0,0.0125858,1261 1261 1199 1198 1132 1131 1197 1260 1259 1196 1130 1195 -1
GCP,adapt_p70-52877936550931_a191-25_525_map.h5,26.857,10,384,1151,19.471220:191.250000,1201,True,14,13,1201,0.999999,25.1377,0,0.0127892,1264 1264 1265 1202 1201 1136 1135 1200 1263 1262 1199 1134 -1
GCP,adapt_p80-40593177313954_a67-5_110_map.h5,28.8657,10,430,324,9.594069:67.500000,1047,True,13,13,1047,0.999999,28.0492,0,0.0131009,980 1047 1049 981 980 979 1048 1114 1113 1046 978 1045 -1
GCP,adapt_p70-52877936550931_a101-24999999999999_258_map.h5,28.824,10,238,377,19.471220:101.250000,1185,True,23,14,1249,0.999907,27.5967,0,0.0127242,1120 1120 1119 1118 1184 1248 1185 1186 1249 1312 1250 1187 1121 -1
GCP,adapt_p23-556464309101234_a67-5_546_map.h5,27.8887,10,668,782,66.443535:67.500000,1693,True,10,10,1722,0.999998,17.8865,0,0.013148,1721 1721 1691 1656 1657 1693 1692 1722 1723 -1
GCP,adapt_p23-556464309101234_a22-5_219_map.h5,26.8653,10,434,1141,66.443535:22.500000,1689,True,13,13,1688,0.999999,26.039,0,0.0125248,1718 1718 1689 1653 1720 1719 1688 1652 1651 1686 1687 1743 -1
GCP,adapt_p48-18968510422141_a281-24999999999994_310_map.h5,26.8864,10,802,1138,41.810314:281.250000,1507,True,9,9,1507,0.999999,15.5352,0,0.0123338,1454 1454 1506 1556 1507 1455 1508 1456 -1
GCP,adapt_p60-00000000000001_a337-49999999999994_161_map.h5,25.7496,10,272,1575,30.000000:337.500000,1350,True,29,12,1289,0.997905,22.8592,0,0.0132402,1226 1226 1227 1228 1290 1351 1350 1289 1288 1349 1348 -1
GCP,adapt_p80-40593177313954_a90-0_98_map.h5,26.2495,10,171,1154,9.594069:90.000000,1051,False,103,11,1118,0.967529,23.691,0,0.013295,1253 1185 1119 1118 1184 1247 1246 1183 1117 1116 -1
GCP,adapt_p35-659087696138755_a344-99999999999994_371_map.h5,26.7961,10,441,1128,54.340912:345.000000,1609,True,15,13,1609,0.999995,25.5485,0,0.0126742,1649 1649 1607 1648 1608 1564 1565 1609 1650 1610 1566 1517 -1
GCP,adapt_p60-00000000000001_a270-0_499_map.h5,26.7301,10,410,1147,30.000000:270.000000,1339,True,29,13,1339,0.997999,25.9014,0,0.0126923,1340 1340 1278 1339 1398 1397 1396 1395 1394 1337 1338 1277 -1
GCP,adapt_p80-40593177313954_a112-49999999999999_593_map.h5,23.1403,10,73,733,9.594069:112.500000,1055,False,761,8,1375,0.521524,19.5214,0,0.0691538,981 1374 1316 1375 1432 1433 1376 -1
GCP,adapt_p60-00000000000001_a67-5_443_map.h5,27.868,10,416,799,30.000000:67.500000,1305,True,11,11,1305,0.999998,20.9091,0,0.0138049,1306 1306 1242 1305 1365 1364 1363 1304 1241 1303 -1
GCP,adapt_p80-40593177313954_a90-0_440_map.h5,26.8399,10,413,1143,9.594069:90.000000,1051,True,18,13,1119,0.999992,25.501,0,0.0129229,1053 1053 1120 1186 1185 1119 1052 1118 1184 1117 1051 1050 -1
GCP,adapt_p70-52877936550931_a56-24999999999999_366_map.h5,26.8823,10,659,1035,19.471220:56.250000,1177,True,11,11,1177,0.999998,21.2071,0,0.0124749,1240 1240 1178 1112 1241 1177 1111 1110 1176 1239 -1
GCP,adapt_p60-00000000000001_a337-49999999999994_250_map.h5,27.8108,10,282,756,30.000000:337.500000,1350,True,26,14,1350,0.999876,27.7607,0,0.0130414,1352 1352 1409 1408 1407 1349 1288 1289 1350 1351 1291 1290 1227 -1
GCP,adapt_p70-52877936550931_a191-25_241_map.h5,25.8099,10,313,1522,19.471220:191.250000,1201,True,22,12,1201,0.999967,23.2686,0,0.0128833,1137 1137 1203 1136 1135 1200 1263 1264 1201 1202 1265 -1
GCP,adapt_p23-556464309101234_a202-5_216_map.h5,26.8475,10,380,1134,66.443535:202.500000,1704,True,16,13,1704,0.999997,25.5633,0,0.0132271,1732 1732 1733 1672 1671 1705 1704 1670 1669 1703 1731 1702 -1
GCP,adapt_p80-40593177313954_a180-0_527_map.h5,25.7893,10,332,1537,9.594069:180.000000,1067,True,25,12,1069,0.99972,23.2194,0,0.0125294,1002 1002 1070 1001 1000 1067 1133 1134 1068 1069 1135 -1
GCP,adapt_p23-556464309101234_a247-49999999999997_289_map.h5,28.2148,10,76,400,66.443535:247.500000,1708,True,108,13,1674,0.945942,27.9005,0,0.0137967,1777 1708 1675 1638 1637 1636 1674 1673 1706 1707 1734 1735 -1
GCP,adapt_p80-40593177313954_a337-49999999999994_318_map.h5,27.8091,10,291,800,9.594069:337.500000,1097,True,20,13,1096,0.999918,25.3934,0,0.0127595,1098 1098 1164 1163 1097 1029 1096 1095 1161 1226 1162 1227 -1
GCP,adapt_p11-715852394892384_a135-0_71_map.h5,27.8452,10,423,733,78.284149:135.000000,1770,True,17,14,1771,0.999997,27.1581,0,0.0125874,1785 1785 1784 1769 1751 1770 1771 1786 1772 1754 1753 1752 1728 -1
GCP,adapt_p70-52877936550931_a236-25_214_map.h5,27.4489,10,177,808,19.471220:236.250000,1209,False,74,13,1213,0.973617,26.779,0,0.0128871,1082 1148 1149 1150 1215 1214 1276 1213 1147 1212 1275 1274 -1
GCP,adapt_p80-40593177313954_a45-0_122_map.h5,25.7963,10,287,1492,9.594069:45.000000,1042,True,22,12,973,0.999794,23.0635,0,0.0125045,975 975 1043 1042 1041 974 906 973 1040 972 1039 -1
GCP,adapt_p70-52877936550931_a56-24999999999999_25_map.h5,27.8252,10,288,744,19.471220:56.250000,1177,True,21,13,1176,0.999952,25.3065,0,0.0125723,1241 1241 1178 1111 1177 1240 1239 1176 1110 1109 1175 1108 -1
GCP,adapt_p60-00000000000001_a247-49999999999997_90_map.h5,24.0904,10,139,1459,30.000000:247.500000,1335,False,283,10,1271,0.903652,22.3318,0,0.0202872,1385 1270 1208 1209 1273 1334 1272 1271 1333 -1
GCP,adapt_p60-00000000000001_a22-5_370_map.h5,26.6312,10,270,1134,30.000000:22.500000,1298,False,37,13,1296,0.993727,25.7819,0,0.0126067,1294 1294 1295 1232 1233 1296 1354 1355 1356 1297 1357 1415 -1
GCP,adapt_p35-659087696138755_a135-0_363_map.h5,27.8906,10,732,731,54.340912:135.000000,1583,True,8,8,1583,0.999998,12.8879,0,0.0132355,1584 1584 1627 1626 1583 1537 1538 -1
GCP,adapt_p48-18968510422141_a123-74999999999999_141_map.h5,26.8043,10,511,1089,41.810314:123.750000,1484,True,12,12,1430,0.999999,23.8976,0,0.0125125,1431 1431 1372 1373 1430 1429 1483 1534 1484 1485 1535 -1
GCP,adapt_p11-715852394892384_a135-0_245_map.h5,26.8652,10,405,1133,78.284149:135.000000,1770,True,12,12,1770,0.999999,22.6398,0,0.0125783,1752 1752 1770 1771 1753 1751 1750 1769 1784 1785 1786 -1
GCP,adapt_p70-52877936550931_a213-75_445_map.h5,25.6809,10,285,1510,19.471220:213.750000,1205,True,36,13,1205,0.997923,25.3938,0,0.0128834,1142 1142 1207 1141 1206 1269 1205 1140 1139 1204 1267 1268 -1
GCP,adapt_p70-52877936550931_a281-24999999999994_10_map.h5,26.8366,10,475,1091,19.471220:281.250000,1217,True,16,13,1217,0.999993,25.291,0,0.0131732,1218 1218 1153 1152 1217 1280 1216 1151 1150 1215 1278 1279 -1
GCP,adapt_p48-18968510422141_a123-74999999999999_297_map.h5,26.8851,10,475,1154,41.810314:123.750000,1484,True,10,10,1485,0.999999,19.4575,0,0.0126356,1536 1535 1484 1431 1432 1486 1537 1485 1536 -1
GCP,adapt_p70-52877936550931_a168-74999999999997_183_map.h5,26.8673,10,508,1209,19.471220:168.750000,1197,True,14,13,1197,0.999998,25.8184,0,0.0124903,1259 1259 1195 1130 1196 1131 1132 1198 1197 1261 1260 1322 -1
GCP,adapt_p70-52877936550931_a326-24999999999994_554_map.h5,27.883,10,633,779,19.471220:326.250000,1225,True,10,10,1225,0.999999,18.2398,0,0.0127663,1224 1224 1223 1159 1160 1161 1226 1225 1287 -1
GCP,adapt_p11-715852394892384_a315-0_448_map.h5,26.8634,10,446,1098,78.284149:315.000000,1778,True,11,11,1778,0.999999,20.1752,0,0.0123876,1779 1779 1790 1791 1778 1777 1760 1761 1762 1763 -1
GCP,adapt_p80-40593177313954_a67-5_414_map.h5,28.535,10,135,354,9.594069:67.500000,1047,False,62,13,1045,0.957946,26.9404,0,0.0127508,909 976 975 1042 1043 1110 1111 1045 1046 978 977 1044 -1
GCP,adapt_p60-00000000000001_a202-49999999999997_304_map.h5,26.8803,10,583,1097,30.000000:202.500000,1328,True,9,9,1328,0.999999,15.4952,0,0.0124338,1266 1266 1267 1329 1387 1386 1328 1327 -1
GCP,adapt_p23-556464309101234_a112-5_109_map.h5,27.8876,10,658,683,66.443535:112.500000,1697,True,11,11,1697,0.999999,20.1717,0,0.0132088,1696 1696 1661 1662 1697 1663 1698 1727 1726 1725 -1
GCP,adapt_p80-40593177313954_a270-0_217_map.h5,26.8277,10,467,1103,9.594069:270.000000,1084,True,17,12,1084,0.999891,23.0897,0,0.0130991,1016 1016 1083 1084 1017 1085 1151 1086 1018 1019 1087 -1
GCP,adapt_p70-52877936550931_a236-25_439_map.h5,26.8477,10,564,1091,19.471220:236.250000,1209,True,14,13,1209,0.999997,25.2083,0,0.0130562,1144 1144 1210 1273 1272 1209 1143 1208 1271 1270 1207 1142 -1
GCP,adapt_p70-52877936550931_a348-74999999999994_496_map.h5,26.8683,10,569,1062,19.471220:348.750000,1229,True,12,12,1229,0.999998,23.4399,0,0.0124269,1292 1292 1293 1167 1166 1165 1230 1291 1228 1229 1164 -1
GCP,adapt_p70-52877936550931_a33-75_466_map.h5,26.6976,10,134,1116,19.471220:33.750000,1173,True,40,13,1236,0.995221,25.2677,0,0.0132151,1108 1108 1107 1106 1172 1235 1299 1236 1173 1174 1237 1300 -1
GCP,adapt_p70-52877936550931_a213-75_383_map.h5,27.7552,10,121,373,19.471220:213.750000,1205,False,177,10,1269,0.638893,25.8466,0,0.0154919,1251 1326 1265 1266 1267 1268 1330 1269 1331 -1
GCP,adapt_p48-18968510422141_a303-75_102_map.h5,26.868,10,530,1163,41.810314:303.750000,1510,True,14,12,1459,0.999998,23.4612,0,0.0127872,1510 1510 1457 1402 1458 1459 1460 1512 1511 1559 1560 -1
GCP,adapt_p35-659087696138755_a14-999999999999998_224_map.h5,25.5651,10,218,1554,54.340912:15.000000,1568,True,45,12,1613,0.990815,24.5987,0,0.0126665,1650 1611 1567 1568 1612 1686 1651 1652 1613 1653 1614 -1
GCP,adapt_p48-18968510422141_a56-24999999999999_576_map.h5,25.8047,10,225,1553,41.810314:56.250000,1475,False,21,13,1419,0.999556,25.3253,0,0.0130671,1417 1417 1359 1360 1418 1472 1419 1361 1420 1474 1473 1525 -1
GCP,adapt_p11-715852394892384_a225-0_502_map.h5,27.8163,10,288,757,78.284149:225.000000,1774,True,21,14,1758,0.999907,27.7663,0,0.0125145,1760 1760 1737 1736 1735 1758 1774 1756 1757 1775 1759 1776 1777 -1
GCP,adapt_p60-00000000000001_a22-5_267_map.h5,25.6268,10,152,1483,30.000000:22.500000,1298,True,44,13,1233,0.984622,25.5247,0,0.0129439,1171 1171 1170 1234 1298 1357 1297 1296 1233 1232 1169 1168 -1
GCP,adapt_p70-52877936550931_a191-25_255_map.h5,27.8421,10,295,724,19.471220:191.250000,1201,True,19,13,1135,0.999974,25.8496,0,0.0127381,1200 1200 1136 1070 1137 1202 1201 1135 1069 1068 1134 1199 -1
GCP,adapt_p48-18968510422141_a146-25_214_map.h5,26.8593,10,477,1074,41.810314:146.250000,1488,True,14,13,1435,0.999998,25.6944,0,0.0125478,1489 1489 1539 1540 1488 1538 1487 1434 1377 1378 1435 1436 -1
GCP,adapt_p48-18968510422141_a303-75_280_map.h5,27.8856,10,589,698,41.810314:303.750000,1510,True,9,9,1510,0.999999,15.3917,0,0.0131925,1560 1560 1511 1459 1458 1510 1559 1509 -1
GCP,adapt_p48-18968510422141_a191-25_142_map.h5,26.7482,10,295,1113,41.810314:191.250000,1494,True,32,13,1441,0.996892,25.6149,0,0.0126157,1492 1492 1440 1384 1385 1386 1443 1442 1441 1494 1493 1543 -1
GCP,adapt_p60-00000000000001_a180-0_158_map.h5,26.848,10,545,1127,30.000000:180.000000,1324,True,14,13,1383,0.999998,26.6295,0,0.0128158,1325 1325 1382 1324 1262 1323 1439 1440 1383 1384 1326 1263 -1
GCP,adapt_p70-52877936550931_a191-25_90_map.h5,26.8296,10,492,1149,19.471220:191.250000,1201,True,20,13,1136,0.999953,25.4571,0,0.0131955,1202 1202 1265 1264 1263 1200 1135 1069 1070 1136 1201 1137 -1
GCP,adapt_p80-40593177313954_a90-0_421_map.h5,26.8158,10,557,1024,9.594069:90.000000,1051,True,14,13,1050,0.999999,25.938,0,0.0129322,1052 1052 983 984 1051 1118 1117 1116 1050 982 1049 1115 -1
GCP,adapt_p80-40593177313954_a45-0_77_map.h5,26.8657,10,598,1115,9.594069:45.000000,1042,True,13,13,1109,1,25.7116,0,0.0130984,1042 1042 1043 1044 1110 1176 1175 1109 1041 1107 1108 1174 -1
GCP,adapt_p80-40593177313954_a224-99999999999997_166_map.h5,27.813,10,280,707,9.594069:225.000000,1076,True,22,13,1076,0.999702,25.3004,0,0.0127722,1143 1143 1077 1010 1009 1008 1076 1142 1141 1075 1140 1074 -1
GCP,adapt_p60-00000000000001_a157-5_533_map.h5,26.8362,10,494,1088,30.000000:157.500000,1320,True,17,13,1321,0.999927,25.8728,0,0.0124771,1257 1257 1258 1259 1321 1322 1380 1379 1320 1256 1318 1319 -1
GCP,adapt_p70-52877936550931_a281-24999999999994_398_map.h5,27.8874,10,612,741,19.471220:281.250000,1217,True,13,13,1217,0.999999,25.5927,0,0.0123839,1152 1152 1218 1281 1219 1154 1153 1217 1280 1279 1216 1151 -1
GCP,adapt_p70-52877936550931_a236-25_353_map.h5,26.7995,10,364,1197,19.471220:236.250000,1209,True,22,13,1209,0.999698,25.1959,0,0.013313,1144 1144 1145 1211 1274 1273 1210 1209 1272 1271 1208 1143 -1
GCP,adapt_p23-556464309101234_a247-49999999999997_162_map.h5,26.8864,10,591,1158,66.443535:247.500000,1708,True,10,10,1709,0.999999,17.6351,0,0.0123729,1708 1708 1735 1736 1709 1710 1677 1676 1675 -1
GCP,adapt_p48-18968510422141_a78-75_400_map.h5,27.7771,10,216,803,41.810314:78.750000,1478,True,27,14,1476,0.999091,27.656,0,0.01356,1478 1478 1424 1423 1422 1477 1529 1576 1575 1528 1476 1475 1527 -1
GCP,adapt_p35-659087696138755_a224-99999999999997_89_map.h5,27.7418,10,279,751,54.340912:225.000000,1594,True,29,14,1550,0.997627,27.521,0,0.0129724,1594 1594 1549 1499 1446 1447 1500 1550 1595 1596 1551 1501 1552 -1
GCP,adapt_p70-52877936550931_a213-75_40_map.h5,27.8191,10,234,765,19.471220:213.750000,1205,True,21,13,1139,0.999957,25.4825,0,0.0126974,1072 1072 1073 1139 1074 1075 1141 1140 1205 1204 1138 1137 -1
GCP,adapt_p70-52877936550931_a123-74999999999999_78_map.h5,28.0173,10,95,365,19.471220:123.750000,1189,False,144,13,1258,0.903287,27.8644,0,0.0144508,1262 1197 1131 1130 1196 1260 1259 1195 1129 1194 1257 1258 -1
GCP,adapt_p48-18968510422141_a303-75_387_map.h5,27.7773,10,223,789,41.810314:303.750000,1510,True,24,14,1509,0.998779,27.3316,0,0.0124365,1457 1457 1458 1510 1511 1560 1559 1603 1602 1558 1509 1508 1557 -1
GCP,adapt_p23-556464309101234_a247-49999999999997_176_map.h5,23.6956,10,148,1394,66.443535:247.500000,1708,False,373,9,1380,0.592538,23.5488,0,0.0258619,1711 1666 1628 1629 1380 1321 1381 1322 -1
GCP,adapt_p70-52877936550931_a213-75_161_map.h5,26.6719,10,219,1087,19.471220:213.750000,1205,False,37,13,1136,0.997772,25.7366,0,0.0138651,1134 1134 1135 1200 1201 1136 1070 1202 1203 1138 1137 1071 -1
GCP,adapt_p48-18968510422141_a56-24999999999999_412_map.h5,27.8924,10,664,722,41.810314:56.250000,1475,True,8,8,1475,0.999999,12.8246,0,0.012437,1421 1421 1475 1527 1526 1474 1420 -1
GCP,adapt_p35-659087696138755_a224-99999999999997_233_map.h5,26.8704,10,616,1134,54.340912:225.000000,1594,True,10,10,1636,0.999999,18.2944,0,0.0123593,1635 1635 1672 1673 1593 1594 1636 1637 1595 -1
GCP,adapt_p80-40593177313954_a315-0_171_map.h5,26.8855,10,573,1079,9.594069:315.000000,1093,True,10,10,1093,0.999999,19.5313,0,0.0132755,1159 1160 1094 1026 1025 1092 1158 1093 1159 -1
GCP,adapt_p48-18968510422141_a168-74999999999997_518_map.h5,26.8451,10,435,1110,41.810314:168.750000,1491,True,16,13,1490,0.99999,25.3689,0,0.0127141,1542 1542 1490 1437 1438 1491 1541 1587 1586 1540 1489 1436 -1
GCP,adapt_p80-40593177313954_a157-5_481_map.h5,26.8825,10,419,1218,9.594069:157.500000,1063,True,12,12,1130,0.999999,22.9161,0,0.0123801,1064 1064 1065 1131 1130 1196 1195 1129 1063 1128 1062 -1
GCP,adapt_p70-52877936550931_a348-74999999999994_453_map.h5,26.8706,10,391,1122,19.471220:348.750000,1229,True,12,12,1229,0.999998,23.4406,0,0.0131676,1292 1292 1293 1167 1166 1165 1230 1291 1228 1229 1164 -1
GCP,adapt_p11-715852394892384_a135-0_336_map.h5,27.8303,10,636,751,78.284149:135.000000,1770,True,10,10,1752,0.999998,17.5651,0,0.0125008,1771 1771 1770 1751 1752 1753 1729 1728 1727 -1
GCP,adapt_p70-52877936550931_a236-25_248_map.h5,28.7541,10,327,398,19.471220:236.250000,1209,True,27,14,1145,0.999182,28.469,0,0.0126523,1080 1080 1147 1212 1211 1146 1145 1079 1210 1209 1143 1144 1078 -1
GCP,adapt_p80-40593177313954_a45-0_288_map.h5,26.6491,10,222,1145,9.594069:45.000000,1042,True,46,13,1110,0.993752,25.7624,0,0.0127071,1041 1041 1042 1108 1043 1044 1110 1111 1177 1176 1109 1175 -1
GCP,adapt_p60-00000000000001_a224-99999999999997_594_map.h5,27.8883,10,638,780,30.000000:225.000000,1331,True,10,10,1269,0.999999,18.7175,0,0.0125134,1331 1331 1332 1271 1270 1207 1268 1330 1269 -1
GCP,adapt_p80-40593177313954_a270-0_194_map.h5,26.8556,10,553,1133,9.594069:270.000000,1084,True,13,13,1085,0.999998,26.1738,0,0.0131663,1086 1086 1017 1018 1085 1152 1151 1150 1084 1016 1083 1149 -1
GCP,adapt_p80-40593177313954_a292-5_506_map.h5,26.8701,10,534,1206,9.594069:292.500000,1088,True,10,10,1088,0.999999,17.9746,0,0.0127074,1154 1154 1155 1089 1088 1087 1153 1152 1086 -1
GCP,adapt_p35-659087696138755_a14-999999999999998_541_map.h5,26.8069,10,267,1089,54.340912:15.000000,1568,True,25,13,1613,0.999809,24.9868,0,0.0129526,1570 1570 1569 1522 1521 1568 1612 1651 1652 1613 1614 1653 -1
GCP,adapt_p23-556464309101234_a157-5_94_map.h5,28.8569,10,387,350,66.443535:157.500000,1701,True,15,14,1701,0.999998,27.6906,0,0.0129229,1629 1629 1628 1667 1666 1665 1700 1701 1729 1730 1702 1668 1630 -1
GCP,adapt_p23-556464309101234_a202-5_468_map.h5,28.6818,10,99,384,66.443535:202.500000,1704,True,47,14,1732,0.994363,27.5342,0,0.0129761,1774 1774 1755 1731 1730 1702 1703 1704 1705 1733 1732 1756 1757 -1
GCP,adapt_p70-52877936550931_a258-75_589_map.h5,26.8383,10,564,1105,19.471220:258.750000,1213,True,17,12,1213,0.999981,24.5055,0,0.0124821,1148 1149 1150 1215 1277 1214 1213 1276 1275 1212 1148 -1
GCP,adapt_p80-40593177313954_a247-49999999999997_369_map.h5,27.6842,10,242,738,9.594069:247.500000,1080,True,40,13,1145,0.968394,27.2316,0,0.0136314,1211 1273 1210 1146 1080 1079 1145 1209 1208 1143 1144 1078 -1
GCP,adapt_p80-40593177313954_a315-0_31_map.h5,28.8231,10,174,406,9.594069:315.000000,1093,True,21,14,1158,0.999978,28.31,0,0.0127177,1094 1094 1159 1158 1092 1025 1093 1160 1224 1223 1222 1157 1091 -1
GCP,adapt_p35-659087696138755_a165-0_537_map.h5,25.7529,10,149,1507,54.340912:165.000000,1587,True,30,13,1586,0.9974,24.9081,0,0.0128607,1630 1630 1629 1667 1666 1628 1585 1539 1540 1586 1587 1541 -1
GCP,adapt_p48-18968510422141_a303-75_11_map.h5,26.8685,10,585,1142,41.810314:303.750000,1510,True,13,13,1459,0.999998,25.4469,0,0.0132763,1511 1511 1460 1459 1403 1402 1458 1510 1560 1559 1509 1457 -1
GCP,adapt_p23-556464309101234_a292-5_225_map.h5,28.883,10,485,418,66.443535:292.500000,1712,True,9,9,1712,0.999999,15.5302,0,0.0128146,1679 1679 1711 1712 1680 1713 1739 1738 -1
GCP,adapt_p70-52877936550931_a146-25_410_map.h5,27.9962,10,37,449,19.471220:146.250000,1193,False,147,12,1132,0.92283,26.3732,0,0.0145546,1203 1133 1067 1066 1131 1197 1132 1198 1261 1262 1199 -1
GCP,adapt_p80-40593177313954_a202-49999999999997_527_map.h5,27.576,10,186,813,9.594069:202.500000,1072,True,56,13,1136,0.99419,25.6598,0,0.012797,1004 1004 1073 1139 1138 1072 1137 1071 1070 1136 1135 1069 -1
GCP,adapt_p35-659087696138755_a165-0_402_map.h5,27.8875,10,569,765,54.340912:165.000000,1587,True,10,10,1586,0.999999,17.7083,0,0.0122908,1587 1587 1541 1540 1586 1629 1628 1585 1539 -1
GCP,adapt_p60-00000000000001_a135-0_90_map.h5,27.8312,10,325,716,30.000000:135.000000,1316,True,20,13,1316,0.999924,26.1307,0,0.0126112,1253 1253 1191 1255 1318 1317 1376 1375 1316 1254 1315 1374 -1
GCP,adapt_p60-00000000000001_a0-0_132_map.h5,25.3901,10,100,1525,30.000000:0.000000,1294,False,86,12,1115,0.973339,24.2893,0,0.0137208,980 1048 1114 1180 1244 1245 1182 1116 1181 1115 1049 -1
GCP,adapt_p80-40593177313954_a90-0_111_map.h5,27.8713,10,637,791,9.594069:90.000000,1051,True,12,12,1116,0.999999,22.788,0,0.0124607,1049 1049 1050 1051 1052 1118 1184 1183 1117 1116 1115 -1
GCP,adapt_p35-659087696138755_a224-99999999999997_137_map.h5,27.8663,10,353,711,54.340912:225.000000,1594,True,15,14,1594,0.999999,27.3424,0,0.0124725,1635 1635 1672 1636 1673 1674 1637 1595 1550 1549 1594 1593 1548 -1
GCP,adapt_p11-715852394892384_a135-0_439_map.h5,26.8844,10,608,1062,78.284149:135.000000,1770,True,8,8,1752,0.999999,13.3916,0,0.0123922,1771 1771 1751 1770 1752 1753 1728 -1
GCP,adapt_p35-659087696138755_a315-0_267_map.h5,26.7464,10,187,1122,54.340912:315.000000,1605,True,31,13,1605,0.995627,25.4446,0,0.0133962,1607 1607 1562 1606 1647 1683 1682 1645 1604 1646 1605 1561 -1
GCP,adapt_p60-00000000000001_a224-99999999999997_259_map.h5,26.8714,10,588,1057,30.000000:225.000000,1331,True,12,12,1331,0.999999,22.9398,0,0.0125069,1389 1389 1388 1329 1268 1330 1331 1269 1270 1332 1390 -1
GCP,adapt_p80-40593177313954_a157-5_278_map.h5,26.877,10,619,1094,9.594069:157.500000,1063,True,11,11,1064,0.999999,20.4971,0,0.0128166,996 996 995 1063 1129 1130 1064 1131 1065 997 -1
GCP,adapt_p35-659087696138755_a14-999999999999998_249_map.h5,26.6678,10,145,1101,54.340912:15.000000,1568,True,43,13,1613,0.988535,26.4166,0,0.0130361,1567 1611 1612 1568 1569 1613 1652 1651 1688 1689 1653 1614 -1
GCP,adapt_p23-556464309101234_a202-5_442_map.h5,22.8876,10,92,1469,66.443535:202.500000,1704,False,464,10,1112,0.448287,20.3338,0,0.0337456,1175 1044 1045 1111 1178 1179 1113 1112 1046 -1
GCP,adapt_p48-18968510422141_a303-75_552_map.h5,26.8732,10,746,1115,41.810314:303.750000,1510,True,9,9,1510,0.999999,15.349,0,0.0135399,1458 1458 1459 1511 1560 1559 1510 1509 -1
GCP,adapt_p60-00000000000001_a157-5_232_map.h5,26.8509,10,493,1101,30.000000:157.500000,1320,True,15,13,1320,0.999992,26.294,0,0.01287,1319 1319 1258 1257 1320 1378 1377 1436 1379 1380 1321 1259 -1
GCP,adapt_p35-659087696138755_a135-0_126_map.h5,25.8252,10,403,1467,54.340912:135.000000,1583,True,18,13,1583,0.999867,25.3212,0,0.0126268,1537 1537 1582 1625 1626 1583 1538 1539 1585 1584 1627 1665 -1
GCP,adapt_p70-52877936550931_a348-74999999999994_305_map.h5,26.8099,10,344,1175,19.471220:348.750000,1229,True,22,13,1229,0.999741,25.3671,0,0.0128526,1230 1230 1166 1165 1164 1229 1292 1291 1228 1163 1162 1227 -1
GCP,adapt_p80-40593177313954_a270-0_411_map.h5,27.9176,10,93,393,9.594069:270.000000,1084,False,162,9,1276,0.909331,25.9343,0,0.0150844,1129 1275 1213 1149 1214 1277 1276 1337 -1
GCP,adapt_p60-00000000000001_a112-49999999999999_374_map.h5,25.874,10,561,1492,30.000000:112.500000,1313,True,11,11,1372,0.999998,20.4876,0,0.012766,1371 1371 1370 1312 1249 1250 1313 1372 1373 1314 -1
GCP,adapt_p70-52877936550931_a78-75_486_map.h5,25.7645,10,410,1496,19.471220:78.750000,1181,True,26,13,1114,0.999074,25.3063,0,0.013282,1179 1179 1113 1114 1180 1243 1181 1115 1116 1182 1245 1244 -1
GCP,adapt_p70-52877936550931_a78-75_54_map.h5,26.5127,10,157,1077,19.471220:78.750000,1181,False,64,12,1051,0.865283,24.238,0,0.0130676,1114 1115 1116 1117 1183 1184 1118 1052 1051 1050 1049 -1
GCP,adapt_p35-659087696138755_a195-0_487_map.h5,25.8402,10,322,1562,54.340912:195.000000,1590,True,17,13,1591,0.999997,25.3575,0,0.0125843,1634 1634 1592 1547 1546 1591 1633 1632 1590 1545 1589 1544 -1
GCP,adapt_p70-52877936550931_a11-25_574_map.h5,26.8175,10,225,1106,19.471220:11.250000,1169,True,21,13,1168,0.999958,25.4346,0,0.0132494,1101 1101 1166 1230 1293 1167 1231 1168 1102 1103 1169 1232 -1
GCP,adapt_p60-00000000000001_a112-49999999999999_466_map.h5,25.7682,10,275,1496,30.000000:112.500000,1313,False,26,13,1311,0.999349,25.301,0,0.0126028,1247 1247 1309 1310 1369 1427 1370 1311 1248 1249 1312 1250 -1
GCP,adapt_p80-40593177313954_a337-49999999999994_206_map.h5,27.7883,10,220,781,9.594069:337.500000,1097,True,25,13,1095,0.999467,25.4701,0,0.0125027,1029 1029 1028 1096 1097 1162 1161 1095 1027 1094 1160 1159 -1
GCP,adapt_p70-52877936550931_a303-75_377_map.h5,26.8783,10,670,1071,19.471220:303.750000,1221,True,11,11,1221,0.999999,20.805,0,0.0125192,1284 1284 1220 1283 1221 1156 1157 1222 1285 1223 -1
GCP,adapt_p80-40593177313954_a0-0_309_map.h5,25.6118,10,76,382,9.594069:0.000000,1034,False,531,8,1072,0.55581,24.1009,0,0.0394858,1368 1071 1072 1005 1006 939 940 -1
GCP,adapt_p35-659087696138755_a285-0_433_map.h5,26.4316,10,111,1142,54.340912:285.000000,1601,True,79,12,1602,0.912587,26.0311,0,0.0131974,1645 1644 1643 1601 1557 1602 1558 1603 1559 1405 1406 -1
GCP,adapt_p80-40593177313954_a180-0_548_map.h5,26.8463,10,554,1080,9.594069:180.000000,1067,True,15,13,1068,0.999988,25.996,0,0.0125324,1069 1069 1000 1001 1068 1135 1134 1133 1067 999 1066 1132 -1
GCP,adapt_p23-556464309101234_a292-5_557_map.h5,26.8792,10,522,1141,66.443535:292.500000,1712,True,11,11,1712,0.999999,20.8215,0,0.0126163,1739 1739 1711 1738 1712 1679 1680 1681 1713 1740 -1
GCP,adapt_p48-18968510422141_a78-75_183_map.h5,27.8619,10,414,719,41.810314:78.750000,1478,True,13,13,1424,0.999999,25.8447,0,0.01292,1477 1477 1422 1476 1528 1529 1423 1424 1425 1479 1478 1530 -1
GCP,adapt_p60-00000000000001_a337-49999999999994_28_map.h5,26.8557,10,481,1047,30.000000:337.500000,1350,True,13,13,1350,0.999999,25.6783,0,0.0131338,1289 1289 1351 1409 1352 1291 1290 1350 1408 1407 1349 1288 -1
GCP,adapt_p48-18968510422141_a78-75_321_map.h5,26.3881,10,186,1068,41.810314:78.750000,1478,True,97,12,1478,0.880792,26.3132,0,0.0136877,1476 1477 1423 1424 1425 1479 1478 1530 1691 1721 1722 -1
GCP,adapt_p80-40593177313954_a315-0_362_map.h5,26.857,10,545,1215,9.594069:315.000000,1093,True,14,13,1093,0.999998,25.938,0,0.012798,1092 1092 1157 1158 1159 1093 1025 1026 1094 1160 1027 1095 -1
GCP,adapt_p11-715852394892384_a45-0_251_map.h5,26.8813,10,582,1083,78.284149:45.000000,1766,True,11,11,1747,0.999998,21.2692,0,0.0124582,1748 1748 1721 1747 1746 1766 1767 1722 1749 1768 -1
GCP,adapt_p80-40593177313954_a270-0_187_map.h5,27.8897,10,711,779,9.594069:270.000000,1084,False,7,7,1085,0.999999,10.9105,0,0.0131011,1086 1086 1085 1150 1151 1152 -1
GCP,adapt_p70-52877936550931_a258-75_572_map.h5,26.8357,10,496,1075,19.471220:258.750000,1213,True,17,13,1147,0.999991,25.3273,0,0.0131037,1149 1149 1214 1148 1213 1212 1211 1146 1147 1081 1082 1083 -1
GCP,adapt_p60-00000000000001_a112-49999999999999_573_map.h5,26.8243,10,599,1094,30.000000:112.500000,1313,True,11,11,1372,0.999999,20.3655,0,0.0125057,1313 1313 1312 1371 1372 1430 1431 1373 1314 1315 -1
GCP,adapt_p35-659087696138755_a195-0_578_map.h5,26.8285,10,805,1088,54.340912:195.000000,1590,True,6,6,1590,0.999999,8.25245,0,0.0123346,1591 1591 1590 1632 1633 -1
GCP,adapt_p60-00000000000001_a45-0_289_map.h5,26.8803,10,566,1098,30.000000:45.000000,1301,True,10,10,1301,0.999999,18.4669,0,0.0124886,1302 1302 1360 1361 1301 1300 1237 1238 1239 -1
GCP,adapt_p35-659087696138755_a14-999999999999998_1_map.h5,25.8477,10,381,1550,54.340912:15.000000,1568,True,14,12,1568,0.999984,22.8816,0,0.0130664,1520 1520 1521 1569 1613 1612 1568 1567 1611 1610 1519 -1
GCP,adapt_p48-18968510422141_a281-24999999999994_131_map.h5,28.8687,10,375,392,41.810314:281.250000,1507,True,13,13,1455,0.999999,25.2298,0,0.0131067,1508 1508 1456 1400 1399 1455 1454 1507 1506 1555 1556 1557 -1
GCP,adapt_p80-40593177313954_a45-0_151_map.h5,27.8152,10,235,743,9.594069:45.000000,1042,True,24,13,1043,0.99981,26.2668,0,0.0125728,1110 1110 1109 1044 977 976 975 1043 1108 1042 974 1041 -1
GCP,adapt_p80-40593177313954_a247-49999999999997_169_map.h5,26.8303,10,494,1111,9.594069:247.500000,1080,True,18,13,1147,0.999994,25.2874,0,0.0125494,1145 1145 1079 1080 1146 1081 1082 1148 1147 1212 1211 1210 -1
GCP,adapt_p70-52877936550931_a213-75_306_map.h5,27.8845,10,695,766,19.471220:213.750000,1205,True,8,8,1268,0.999999,13.1529,0,0.0123255,1267 1267 1268 1269 1206 1205 1204 -1
GCP,adapt_p80-40593177313954_a180-0_251_map.h5,26.8341,10,528,1187,9.594069:180.000000,1067,True,16,13,1068,0.999917,26.1496,0,0.0126951,1134 1134 1135 1070 1069 1068 1133 1066 999 1067 1000 1001 -1
GCP,adapt_p11-715852394892384_a315-0_268_map.h5,26.8762,10,606,1093,78.284149:315.000000,1778,True,10,10,1762,0.999998,17.3846,0,0.0126172,1763 1763 1779 1791 1790 1777 1778 1762 1761 -1
GCP,adapt_p48-18968510422141_a258-75_268_map.h5,27.7107,10,101,345,41.810314:258.750000,1504,False,195,13,1336,0.955117,27.2373,0,0.0158438,1148 1276 1338 1337 1395 1451 1450 1393 1335 1394 1336 1275 -1
GCP,adapt_p60-00000000000001_a157-5_233_map.h5,27.8402,10,230,743,30.000000:157.500000,1320,True,18,13,1320,0.999969,26.0513,0,0.0126081,1379 1379 1322 1380 1321 1259 1258 1320 1378 1319 1257 1318 -1
GCP,adapt_p60-00000000000001_a180-0_327_map.h5,24.3623,10,191,1854,30.000000:180.000000,1324,True,81,12,1322,0.981243,24.1929,0,0.0134091,1198 1261 1262 1324 1323 1260 1322 1381 1380 1321 1259 -1
GCP,adapt_p70-52877936550931_a123-74999999999999_283_map.h5,26.8697,10,457,1111,19.471220:123.750000,1189,True,12,12,1189,0.999998,23.7965,0,0.0130545,1188 1188 1187 1251 1123 1122 1189 1252 1253 1190 1124 -1
GCP,adapt_p23-556464309101234_a247-49999999999997_142_map.h5,26.8522,10,490,1124,66.443535:247.500000,1708,True,13,13,1736,0.999999,25.7103,0,0.0125404,1709 1709 1708 1734 1758 1735 1736 1710 1737 1759 1776 1760 -1
GCP,adapt_p80-40593177313954_a90-0_449_map.h5,26.8464,10,478,1132,9.594069:90.000000,1051,True,15,13,1051,0.999989,25.1977,0,0.012416,984 984 983 1050 1116 1117 1051 1052 1118 1119 1053 985 -1
GCP,adapt_p23-556464309101234_a157-5_185_map.h5,27.8459,10,363,747,66.443535:157.500000,1701,True,16,14,1699,0.999997,27.4921,0,0.0129186,1664 1664 1627 1665 1700 1666 1667 1701 1729 1728 1727 1698 1699 -1
GCP,adapt_p60-00000000000001_a112-49999999999999_66_map.h5,27.8192,10,250,758,30.000000:112.500000,1313,True,22,13,1370,0.999958,26.4401,0,0.0125614,1372 1372 1428 1427 1369 1311 1370 1371 1429 1312 1313 1314 -1
GCP,adapt_p60-00000000000001_a157-5_419_map.h5,26.886,10,642,1082,30.000000:157.500000,1320,True,8,8,1258,0.999999,13.668,0,0.0128528,1320 1320 1319 1257 1321 1259 1258 -1
GCP,adapt_p60-00000000000001_a45-0_399_map.h5,26.5978,10,107,1150,30.000000:45.000000,1301,True,55,13,1303,0.975513,25.6032,0,0.0129441,1242 1242 1241 1240 1304 1363 1421 1362 1303 1302 1361 1301 -1
GCP,adapt_p35-659087696138755_a255-00000000000003_9_map.h5,27.8893,10,659,773,54.340912:255.000000,1598,True,8,8,1598,0.999998,13.0832,0,0.0124756,1597 1597 1639 1640 1599 1598 1553 -1
GCP,adapt_p60-00000000000001_a90-0_415_map.h5,26.8343,10,426,1086,30.000000:90.000000,1309,True,16,13,1309,0.999926,25.8668,0,0.0135143,1311 1311 1368 1426 1427 1370 1369 1310 1247 1246 1309 1308 -1
GCP,adapt_p80-40593177313954_a180-0_253_map.h5,26.7384,10,152,1109,9.594069:180.000000,1067,True,32,13,1132,0.993127,25.5242,0,0.0134027,1197 1197 1198 1131 1065 1066 1132 1133 1067 1000 1068 1134 -1
GCP,adapt_p70-52877936550931_a213-75_552_map.h5,27.8391,10,361,732,19.471220:213.750000,1205,True,19,13,1205,0.999958,26.0292,0,0.0126871,1206 1206 1207 1141 1140 1205 1269 1268 1267 1204 1139 1203 -1
GCP,adapt_p70-52877936550931_a303-75_78_map.h5,26.7282,10,205,1112,19.471220:303.750000,1221,True,37,13,1223,0.995907,25.2606,0,0.0125988,1287 1287 1224 1286 1223 1158 1222 1157 1156 1221 1284 1285 -1
GCP,adapt_p80-40593177313954_a0-0_236_map.h5,27.876,10,655,807,9.594069:0.000000,1034,True,10,10,1100,0.999998,18.1488,0,0.0127617,1165 1165 1166 1034 1033 1100 1032 1099 1098 -1
GCP,adapt_p48-18968510422141_a236-25_518_map.h5,25.8482,10,374,1410,41.810314:236.250000,1501,True,14,13,1501,0.999998,25.1022,0,0.0126251,1449 1449 1502 1552 1551 1501 1448 1500 1550 1549 1499 1447 -1
GCP,adapt_p23-556464309101234_a112-5_450_map.h5,26.8601,10,265,1110,66.443535:112.500000,1697,True,16,13,1726,0.999997,25.3461,0,0.012756,1727 1727 1698 1697 1662 1696 1725 1724 1750 1726 1751 1752 -1
GCP,adapt_p60-00000000000001_a90-0_598_map.h5,26.975,10,63,421,30.000000:90.000000,1309,False,303,12,1311,0.833461,25.3041,0,0.0215176,1122 1312 1249 1185 1248 1311 1370 1427 1369 1310 1247 -1
GCP,adapt_p70-52877936550931_a258-75_462_map.h5,26.8152,10,428,1149,19.471220:258.750000,1213,True,17,13,1214,0.999712,25.7319,0,0.0126309,1149 1149 1150 1216 1278 1215 1214 1277 1276 1213 1148 1212 -1
GCP,adapt_p48-18968510422141_a258-75_337_map.h5,26.7678,10,293,1011,41.810314:258.750000,1504,True,28,13,1553,0.997748,25.6487,0,0.0130014,1502 1502 1552 1597 1554 1599 1598 1553 1503 1451 1504 1505 -1
GCP,adapt_p11-715852394892384_a225-0_252_map.h5,27.8754,10,678,737,78.284149:225.000000,1774,True,10,10,1774,0.999999,17.4011,0,0.0123472,1756 1756 1755 1773 1787 1788 1775 1774 1757 -1
GCP,adapt_p35-659087696138755_a315-0_342_map.h5,27.8923,10,656,760,54.340912:315.000000,1605,True,9,9,1605,0.999999,15.314,0,0.0125328,1646 1646 1645 1604 1560 1561 1605 1606 -1
GCP,adapt_p35-659087696138755_a75-0_57_map.h5,25.695,10,117,1480,54.340912:75.000000,1576,True,40,12,1577,0.997905,24.6923,0,0.0128033,1478 1530 1531 1578 1577 1529 1576 1619 1620 1621 1622 -1
GCP,adapt_p70-52877936550931_a56-24999999999999_565_map.h5,26.4787,10,197,1148,19.471220:56.250000,1177,False,69,11,1101,0.982306,26.0391,0,0.0130659,1304 1103 1102 1036 1035 1101 1034 1166 1100 1165 -1
GCP,adapt_p80-40593177313954_a135-0_541_map.h5,26.4308,10,201,1069,9.594069:135.000000,1059,True,79,11,1125,0.962321,24.0357,0,0.0129782,1185 1123 1058 1059 1124 1190 1191 1125 1126 1192 -1
GCP,adapt_p60-00000000000001_a224-99999999999997_435_map.h5,26.7671,10,323,1205,30.000000:225.000000,1331,True,27,13,1390,0.998638,25.1588,0,0.0127015,1271 1271 1270 1331 1389 1446 1447 1390 1332 1333 1391 1448 -1
GCP,adapt_p48-18968510422141_a78-75_170_map.h5,27.8481,10,336,745,41.810314:78.750000,1478,True,14,14,1478,0.999999,27.7109,0,0.0127438,1529 1529 1528 1476 1422 1423 1424 1477 1478 1530 1479 1425 1426 -1
GCP,adapt_p11-715852394892384_a225-0_397_map.h5,26.735,10,184,1111,78.284149:225.000000,1774,True,39,13,1774,0.990267,24.7874,0,0.0127482,1756 1756 1757 1774 1775 1788 1787 1786 1773 1772 1755 1754 -1
GCP,adapt_p60-00000000000001_a157-5_398_map.h5,26.8567,10,575,1081,30.000000:157.500000,1320,True,12,12,1379,0.999999,22.9952,0,0.0130352,1380 1380 1322 1321 1320 1379 1437 1436 1435 1378 1319 -1
GCP,adapt_p60-00000000000001_a224-99999999999997_584_map.h5,26.881,10,727,1110,30.000000:225.000000,1331,True,11,11,1331,0.999999,20.3693,0,0.0127942,1330 1330 1268 1269 1331 1270 1332 1390 1389 1388 -1
GCP,adapt_p23-556464309101234_a337-5_250_map.h5,27.8758,10,483,762,66.443535:337.500000,1716,True,11,11,1716,0.999999,21.0312,0,0.0130404,1742 1742 1715 1683 1741 1716 1684 1685 1717 1743 -1
GCP,adapt_p60-00000000000001_a247-49999999999997_74_map.h5,26.8623,10,655,1075,30.000000:247.500000,1335,True,13,13,1335,0.999998,25.4659,0,0.0125636,1394 1394 1393 1392 1334 1273 1274 1335 1336 1395 1337 1275 -1
GCP,adapt_p23-556464309101234_a292-5_287_map.h5,26.8489,10,356,1166,66.443535:292.500000,1712,True,14,13,1680,0.999995,25.4538,0,0.0138584,1679 1679 1642 1643 1644 1680 1712 1711 1739 1713 1681 1645 -1
GCP,adapt_p70-52877936550931_a146-25_307_map.h5,26.8506,10,555,1081,19.471220:146.250000,1193,True,15,13,1193,0.999998,25.5373,0,0.0132439,1194 1194 1258 1195 1129 1128 1127 1193 1257 1256 1255 1192 -1
GCP,adapt_p48-18968510422141_a146-25_64_map.h5,27.8101,10,257,727,41.810314:146.250000,1488,True,22,13,1489,0.999889,25.3827,0,0.0125966,1437 1437 1436 1488 1435 1434 1487 1538 1539 1540 1489 1490 -1
GCP,adapt_p70-52877936550931_a33-75_303_map.h5,27.7518,10,226,797,19.471220:33.750000,1173,True,30,13,1107,0.993374,27.6483,0,0.0130156,1172 1173 1174 1109 1108 1042 1041 1107 1039 1040 1106 1172 -1
GCP,adapt_p80-40593177313954_a157-5_344_map.h5,27.7572,10,354,809,9.594069:157.500000,1063,True,30,14,1063,0.999126,27.6557,0,0.0126604,1061 1061 1062 1128 1129 1063 996 1064 1130 1131 1065 1132 1066 -1
GCP,adapt_p70-52877936550931_a11-25_125_map.h5,26.8594,10,555,1119,19.471220:11.250000,1169,True,12,12,1169,0.999999,23.4355,0,0.0133608,1233 1233 1232 1168 1102 1103 1169 1234 1171 1170 1104 -1
GCP,adapt_p23-556464309101234_a202-5_163_map.h5,23.8404,10,80,1439,66.443535:202.500000,1704,False,339,11,1750,0.639612,22.3767,0,0.0268492,1793 1769 1749 1724 1725 1750 1751 1726 1752 1727 -1
GCP,adapt_p80-40593177313954_a224-99999999999997_6_map.h5,27.755,10,232,732,9.594069:225.000000,1076,False,30,13,1079,0.998407,26.1877,0,0.0128433,1146 1146 1013 1081 1080 1012 1011 1079 1145 1078 1010 1077 -1
GCP,adapt_p48-18968510422141_a33-75_492_map.h5,26.8783,10,627,1087,41.810314:33.750000,1471,True,10,10,1472,0.999999,18.5752,0,0.0134635,1471 1471 1416 1417 1418 1473 1472 1523 1524 -1
GCP,adapt_p80-40593177313954_a202-49999999999997_27_map.h5,27.8403,10,303,741,9.594069:202.500000,1072,True,17,13,1072,0.99994,25.9092,0,0.0125129,1005 1005 1071 1137 1070 1003 1004 1072 1138 1139 1073 1006 -1
GCP,adapt_p23-556464309101234_a247-49999999999997_456_map.h5,27.8881,10,551,786,66.443535:247.500000,1708,True,10,10,1708,0.999998,17.9706,0,0.0127313,1735 1735 1707 1674 1675 1708 1736 1709 1676 -1
GCP,adapt_p60-00000000000001_a180-0_252_map.h5,26.7029,10,192,1062,30.000000:180.000000,1324,True,32,13,1324,0.995967,25.9507,0,0.0128523,1439 1439 1383 1325 1326 1384 1440 1382 1381 1323 1324 1262 -1
GCP,adapt_p48-18968510422141_a123-74999999999999_316_map.h5,26.8692,10,500,1131,41.810314:123.750000,1484,True,12,12,1431,0.999998,23.3851,0,0.0125713,1430 1430 1483 1429 1373 1431 1432 1485 1536 1484 1535 -1
GCP,adapt_p23-556464309101234_a22-5_98_map.h5,27.8759,10,484,754,66.443535:22.500000,1689,True,10,10,1718,0.999999,17.889,0,0.0128713,1719 1719 1689 1652 1651 1687 1688 1718 1743 -1
GCP,adapt_p60-00000000000001_a247-49999999999997_493_map.h5,27.8773,10,610,774,30.000000:247.500000,1335,True,10,10,1335,0.999998,18.4965,0,0.0125063,1273 1273 1334 1274 1275 1336 1394 1335 1393 -1
GCP,adapt_p70-52877936550931_a123-74999999999999_401_map.h5,27.7857,10,255,756,19.471220:123.750000,1189,True,28,13,1123,0.99588,25.8242,0,0.0130831,1190 1190 1252 1189 1124 1057 1123 1188 1187 1121 1122 1056 -1
GCP,adapt_p70-52877936550931_a303-75_565_map.h5,28.7392,10,174,365,19.471220:303.750000,1221,True,32,14,1220,0.996482,27.6974,0,0.01263,1153 1153 1154 1155 1156 1221 1284 1283 1220 1282 1219 1218 1281 -1
GCP,adapt_p80-40593177313954_a270-0_578_map.h5,26.8723,10,477,1077,9.594069:270.000000,1084,True,15,13,1085,0.999998,26.1883,0,0.012487,1151 1151 1018 1019 1086 1152 1085 1017 1016 1084 1150 1149 -1
GCP,adapt_p48-18968510422141_a258-75_298_map.h5,25.7966,10,327,1440,41.810314:258.750000,1504,True,20,12,1504,0.999855,23.4253,0,0.0132089,1502 1502 1552 1503 1450 1451 1553 1554 1505 1504 1452 -1
GCP,adapt_p70-52877936550931_a56-24999999999999_583_map.h5,26.8571,10,487,1063,19.471220:56.250000,1177,True,15,13,1176,0.999999,26.3486,0,0.012701,1177 1177 1241 1178 1110 1111 1176 1240 1239 1238 1175 1109 -1
GCP,adapt_p70-52877936550931_a213-75_284_map.h5,26.8542,10,423,1129,19.471220:213.750000,1205,True,14,13,1140,0.999998,25.8065,0,0.0125857,1139 1139 1204 1205 1073 1074 1140 1206 1207 1142 1141 1075 -1
GCP,adapt_p23-556464309101234_a22-5_200_map.h5,28.3289,10,94,404,66.443535:22.500000,1689,False,99,13,1691,0.976488,27.2993,0,0.0137597,1576 1656 1692 1722 1747 1746 1720 1690 1654 1655 1691 1721 -1
GCP,adapt_p48-18968510422141_a78-75_546_map.h5,28.6239,10,100,367,41.810314:78.750000,1478,True,49,14,1474,0.940058,28.2829,0,0.0129948,1575 1575 1529 1530 1478 1476 1528 1527 1475 1526 1474 1473 1525 -1
GCP,adapt_p48-18968510422141_a33-75_581_map.h5,26.8049,10,36,758,41.810314:33.750000,1471,True,178,12,1570,0.93623,26.0734,0,0.0158051,1294 1470 1522 1569 1614 1615 1571 1524 1471 1523 1570 -1
GCP,adapt_p70-52877936550931_a281-24999999999994_312_map.h5,28.4344,10,111,374,19.471220:281.250000,1217,True,87,12,1218,0.976157,27.1297,0,0.0134333,1553 1216 1152 1217 1279 1280 1281 1218 1153 1154 1219 -1
GCP,adapt_p48-18968510422141_a326-24999999999994_274_map.h5,26.8811,10,659,1100,41.810314:326.250000,1514,True,10,10,1462,0.999999,17.6929,0,0.0126183,1463 1463 1407 1406 1462 1514 1513 1461 1405 -1
GCP,adapt_p11-715852394892384_a135-0_369_map.h5,28.8844,10,486,375,78.284149:135.000000,1770,True,10,10,1770,0.999998,17.6977,0,0.0123657,1751 1751 1750 1769 1770 1752 1753 1771 1785 -1
GCP,adapt_p80-40593177313954_a157-5_253_map.h5,26.7679,10,134,1098,9.594069:157.500000,1063,True,24,13,995,0.999783,26.0355,0,0.0129508,1062 1062 993 926 927 994 1061 995 928 929 996 1063 -1
GCP,adapt_p23-556464309101234_a292-5_304_map.h5,26.7719,10,116,1122,66.443535:292.500000,1712,True,29,13,1712,0.999011,25.1822,0,0.0129296,1679 1679 1711 1712 1680 1713 1740 1739 1738 1737 1760 1761 -1
GCP,adapt_p35-659087696138755_a224-99999999999997_475_map.h5,26.6632,10,208,1184,54.340912:225.000000,1594,True,34,13,1548,0.997595,24.799,0,0.0126071,1636 1636 1594 1549 1499 1498 1548 1593 1635 1592 1547 1497 -1
GCP,adapt_p48-18968510422141_a56-24999999999999_558_map.h5,26.4698,10,141,1188,41.810314:56.250000,1475,True,70,12,1422,0.958857,24.3885,0,0.013009,1240 1304 1363 1421 1475 1476 1423 1365 1305 1364 1422 -1
GCP,adapt_p48-18968510422141_a236-25_512_map.h5,26.8233,10,329,1179,41.810314:236.250000,1501,False,20,13,1447,0.999977,25.1943,0,0.0124383,1499 1499 1500 1448 1392 1391 1333 1332 1390 1447 1446 1389 -1
GCP,adapt_p11-715852394892384_a225-0_69_map.h5,26.874,10,820,1159,78.284149:225.000000,1774,True,12,12,1788,0.999999,22.336,0,0.0127519,1787 1787 1773 1795 1796 1788 1789 1776 1775 1774 1757 -1
GCP,adapt_p60-00000000000001_a180-0_261_map.h5,25.8339,10,410,1558,30.000000:180.000000,1324,True,15,13,1263,0.999988,25.6266,0,0.012874,1325 1325 1262 1199 1261 1323 1324 1263 1200 1201 1264 1326 -1
GCP,adapt_p80-40593177313954_a0-0_15_map.h5,26.8552,10,480,1180,9.594069:0.000000,1034,True,11,11,1035,0.999999,20.5822,0,0.0126388,1101 1101 1102 1036 1035 967 1034 1166 1100 1033 -1
GCP,adapt_p70-52877936550931_a123-74999999999999_514_map.h5,26.6905,10,186,1096,19.471220:123.750000,1189,True,40,13,1188,0.988468,25.2387,0,0.0132498,1124 1124 1190 1123 1189 1252 1314 1251 1188 1122 1121 1187 -1
GCP,adapt_p48-18968510422141_a213-75_60_map.h5,26.8661,10,521,1171,41.810314:213.750000,1497,True,13,13,1497,0.999998,25.1195,0,0.0126651,1498 1498 1499 1549 1548 1547 1497 1445 1444 1443 1496 1546 -1
GCP,adapt_p35-659087696138755_a224-99999999999997_284_map.h5,28.8674,10,362,379,54.340912:225.000000,1594,True,9,9,1594,0.999998,16.0701,0,0.013383,1593 1593 1636 1637 1595 1594 1635 1592 -1
GCP,adapt_p48-18968510422141_a78-75_0_map.h5,26.8572,10,498,1141,41.810314:78.750000,1478,True,14,13,1478,0.999997,25.773,0,0.0125609,1530 1530 1480 1531 1479 1425 1424 1478 1529 1477 1423 1476 -1
GCP,adapt_p70-52877936550931_a101-24999999999999_313_map.h5,25.7892,10,308,1532,19.471220:101.250000,1185,True,25,13,1118,0.999319,25.5891,0,0.0126248,1248 1248 1310 1185 1119 1118 1184 1247 1246 1183 1117 1051 -1
GCP,adapt_p70-52877936550931_a258-75_559_map.h5,27.8602,10,714,762,19.471220:258.750000,1213,True,11,11,1213,0.999999,20.571,0,0.0126166,1148 1148 1147 1212 1275 1276 1277 1214 1213 1149 -1
GCP,adapt_p60-00000000000001_a270-0_413_map.h5,26.8279,10,450,1117,30.000000:270.000000,1339,True,20,13,1339,0.999962,25.3865,0,0.012913,1277 1277 1278 1279 1340 1341 1398 1454 1397 1339 1338 1396 -1
GCP,adapt_p70-52877936550931_a213-75_6_map.h5,26.6644,10,181,1119,19.471220:213.750000,1205,True,44,12,1141,0.984883,24.5339,0,0.0133754,1204 1139 1205 1140 1074 1075 1076 1141 1207 1142 1143 -1
GCP,adapt_p60-00000000000001_a157-5_291_map.h5,26.8854,10,700,1056,30.000000:157.500000,1320,True,9,9,1379,0.999999,16.2007,0,0.0123352,1321 1321 1320 1378 1379 1322 1381 1380 -1
GCP,adapt_p60-00000000000001_a202-49999999999997_354_map.h5,27.7098,10,250,773,30.000000:202.500000,1328,False,37,14,1445,0.995083,27.6707,0,0.0130775,1549 1549 1548 1497 1444 1443 1386 1387 1388 1445 1498 1499 1446 -1
GCP,adapt_p48-18968510422141_a326-24999999999994_271_map.h5,28.7929,10,206,346,41.810314:326.250000,1514,True,28,14,1514,0.999267,27.8643,0,0.0128909,1562 1562 1514 1513 1462 1406 1407 1463 1464 1515 1564 1563 1607 -1
GCP,adapt_p48-18968510422141_a191-25_68_map.h5,28.882,10,349,365,41.810314:191.250000,1494,True,13,13,1494,0.999999,24.9653,0,0.0127785,1441 1441 1440 1493 1494 1544 1545 1495 1442 1443 1496 1546 -1
GCP,adapt_p23-556464309101234_a22-5_125_map.h5,26.5618,10,132,1113,66.443535:22.500000,1689,True,67,13,1720,0.967314,26.5303,0,0.0129643,1614 1653 1689 1719 1718 1745 1746 1721 1691 1720 1690 1654 -1
GCP,adapt_p48-18968510422141_a191-25_111_map.h5,28.6917,10,139,333,41.810314:191.250000,1494,True,45,14,1495,0.993768,27.8286,0,0.0130681,1547 1547 1592 1591 1590 1545 1495 1442 1441 1494 1546 1496 1443 -1
GCP,adapt_p35-659087696138755_a315-0_26_map.h5,27.8892,10,710,760,54.340912:315.000000,1605,True,7,7,1605,0.999999,11.0741,0,0.0135809,1646 1646 1604 1645 1605 1606 -1
GCP,adapt_p23-556464309101234_a292-5_44_map.h5,26.7529,10,202,1072,66.443535:292.500000,1712,True,30,13,1711,0.996024,25.4371,0,0.0128362,1643 1643 1679 1680 1712 1678 1642 1641 1677 1710 1711 1738 -1
GCP,adapt_p11-715852394892384_a315-0_357_map.h5,28.5199,10,99,395,78.284149:315.000000,1778,False,74,13,1740,0.957797,26.4351,0,0.0139256,1711 1712 1739 1740 1762 1763 1742 1741 1715 1714 1713 1681 -1
GCP,adapt_p70-52877936550931_a123-74999999999999_207_map.h5,27.7791,10,184,799,19.471220:123.750000,1189,True,24,13,1316,0.999576,26.1958,0,0.0126773,1190 1190 1252 1189 1315 1316 1253 1254 1191 1255 1317 1318 -1
GCP,adapt_p80-40593177313954_a270-0_175_map.h5,26.8724,10,517,1073,9.594069:270.000000,1084,True,11,11,1085,0.999999,20.4708,0,0.0124062,1086 1086 1087 1152 1151 1085 1084 1150 1149 1083 -1
GCP,adapt_p35-659087696138755_a135-0_136_map.h5,26.8362,10,398,1161,54.340912:135.000000,1583,True,17,13,1583,0.999992,25.273,0,0.012589,1536 1536 1537 1538 1584 1627 1626 1583 1582 1535 1581 1625 -1
GCP,adapt_p70-52877936550931_a213-75_594_map.h5,26.8659,10,475,1107,19.471220:213.750000,1205,True,13,13,1205,0.999999,25.4054,0,0.0128564,1141 1141 1207 1269 1206 1140 1205 1268 1267 1204 1139 1138 -1
GCP,adapt_p48-18968510422141_a123-74999999999999_567_map.h5,26.8774,10,629,1110,41.810314:123.750000,1484,True,10,10,1484,0.999998,18.3286,0,0.0133747,1431 1431 1483 1430 1484 1535 1536 1485 1432 -1
GCP,adapt_p23-556464309101234_a337-5_219_map.h5,26.8375,10,505,1143,66.443535:337.500000,1716,True,14,13,1742,0.999994,25.2786,0,0.0123076,1684 1684 1717 1685 1716 1742 1743 1764 1763 1741 1715 1683 -1
GCP,adapt_p48-18968510422141_a123-74999999999999_377_map.h5,26.8489,10,498,1089,41.810314:123.750000,1484,False,16,13,1432,0.999995,25.698,0,0.0128848,1433 1433 1485 1486 1432 1431 1373 1374 1315 1316 1375 1376 -1
GCP,adapt_p11-715852394892384_a225-0_370_map.h5,26.8795,10,526,1124,78.284149:225.000000,1774,True,10,10,1774,0.999999,17.9634,0,0.0122785,1775 1775 1774 1756 1757 1758 1788 1787 1773 -1
GCP,adapt_p35-659087696138755_a195-0_118_map.h5,25.8294,10,315,1462,54.340912:195.000000,1590,True,18,13,1632,0.999996,25.6711,0,0.0124586,1590 1590 1631 1589 1588 1630 1668 1669 1670 1632 1633 1591 -1
GCP,adapt_p11-715852394892384_a225-0_579_map.h5,27.8136,10,255,789,78.284149:225.000000,1774,True,22,14,1756,0.999966,27.1387,0,0.0131807,1758 1758 1735 1734 1757 1733 1756 1732 1731 1755 1773 1774 1775 -1
GCP,adapt_p48-18968510422141_a78-75_573_map.h5,26.8673,10,530,1166,41.810314:78.750000,1478,True,11,11,1423,0.999998,20.6299,0,0.0125238,1365 1365 1422 1476 1477 1423 1366 1424 1478 1425 -1
GCP,adapt_p60-00000000000001_a247-49999999999997_375_map.h5,27.8431,10,360,717,30.000000:247.500000,1335,True,16,13,1393,0.999828,25.6876,0,0.0126834,1392 1392 1335 1274 1273 1334 1393 1449 1450 1394 1336 1275 -1
GCP,adapt_p60-00000000000001_a67-5_226_map.h5,27.866,10,414,678,30.000000:67.500000,1305,True,13,13,1305,0.999998,25.6397,0,0.0127322,1242 1242 1306 1243 1244 1307 1365 1305 1364 1363 1304 1241 -1
GCP,adapt_p11-715852394892384_a45-0_405_map.h5,26.8831,10,579,1084,78.284149:45.000000,1766,True,8,8,1747,0.999999,12.9673,0,0.012684,1746 1746 1745 1766 1767 1747 1748 -1
GCP,adapt_p60-00000000000001_a202-49999999999997_393_map.h5,26.8196,10,527,1117,30.000000:202.500000,1328,True,16,12,1328,0.999566,24.4448,0,0.0131329,1329 1267 1330 1329 1387 1386 1328 1266 1265 1327 1326 -1
GCP,adapt_p48-18968510422141_a101-24999999999999_455_map.h5,25.6685,10,126,1452,41.810314:101.250000,1481,True,47,12,1482,0.990019,24.3424,0,0.0132511,1430 1429 1482 1428 1481 1533 1580 1534 1483 1484 1535 -1
GCP,adapt_p23-556464309101234_a112-5_44_map.h5,27.8598,10,497,747,66.443535:112.500000,1697,True,13,13,1696,0.999999,25.3762,0,0.0129424,1726 1726 1727 1698 1725 1724 1695 1660 1661 1696 1697 1662 -1
GCP,adapt_p35-659087696138755_a75-0_259_map.h5,26.8453,10,551,1086,54.340912:75.000000,1576,True,14,13,1619,0.999997,25.4238,0,0.0124589,1658 1658 1693 1657 1618 1574 1575 1619 1659 1620 1576 1577 -1
GCP,adapt_p70-52877936550931_a348-74999999999994_500_map.h5,26.8694,10,593,1126,19.471220:348.750000,1229,True,10,10,1229,0.999999,18.6963,0,0.0123696,1292 1292 1229 1228 1291 1293 1230 1165 1164 -1
GCP,adapt_p60-00000000000001_a315-0_201_map.h5,27.7122,10,185,796,30.000000:315.000000,1346,False,34,14,1349,0.998031,27.4638,0,0.0125708,1406 1406 1407 1408 1350 1289 1288 1349 1348 1287 1286 1347 1405 -1
GCP,adapt_p80-40593177313954_a112-49999999999999_484_map.h5,26.8201,10,399,1107,9.594069:112.500000,1055,True,20,12,1055,0.999887,25.5427,0,0.0126715,988 1055 1057 989 988 987 1056 1122 1121 1054 1120 -1
GCP,adapt_p60-00000000000001_a224-99999999999997_32_map.h5,26.7402,10,187,1158,30.000000:225.000000,1331,True,30,13,1331,0.998483,25.5414,0,0.0126137,1333 1333 1271 1270 1207 1269 1330 1331 1389 1390 1332 1391 -1
GCP,adapt_p70-52877936550931_a101-24999999999999_216_map.h5,26.8512,10,407,1111,19.471220:101.250000,1185,True,12,12,1185,0.999999,23.8418,0,0.0125354,1184 1184 1119 1118 1185 1120 1187 1186 1249 1248 1247 -1
GCP,adapt_p70-52877936550931_a168-74999999999997_566_map.h5,27.749,10,279,772,19.471220:168.750000,1197,True,27,13,1133,0.997379,25.8184,0,0.0128477,1260 1260 1197 1131 1066 1067 1133 1134 1199 1132 1198 1261 -1
GCP,adapt_p70-52877936550931_a348-74999999999994_248_map.h5,25.8209,10,360,1472,19.471220:348.750000,1229,True,16,12,1230,0.999991,23.004,0,0.0128372,1164 1164 1165 1230 1229 1228 1291 1292 1293 1167 1166 -1
GCP,adapt_p80-40593177313954_a135-0_132_map.h5,28.6278,10,178,367,9.594069:135.000000,1059,False,49,13,1062,0.972863,26.757,0,0.0129476,1191 1126 1060 993 1061 1127 1193 1128 1062 994 995 1063 -1
GCP,adapt_p80-40593177313954_a224-99999999999997_448_map.h5,27.7352,10,291,690,9.594069:225.000000,1076,True,26,13,1141,0.999377,25.6088,0,0.0125763,1205 1205 1206 1207 1143 1077 1142 1076 1075 1141 1140 1074 -1
GCP,adapt_p48-18968510422141_a123-74999999999999_3_map.h5,27.8287,10,307,707,41.810314:123.750000,1484,True,18,13,1485,0.999974,25.5929,0,0.0131345,1486 1486 1537 1536 1535 1484 1485 1433 1432 1374 1431 1430 -1
GCP,adapt_p23-556464309101234_a67-5_482_map.h5,23.9696,10,61,1451,66.443535:67.500000,1693,True,291,9,1724,0.558149,22.4599,0,0.0210353,1190 1256 1318 1725 1724 1695 1694 1693 -1
GCP,adapt_p23-556464309101234_a112-5_284_map.h5,27.8022,10,224,770,66.443535:112.500000,1697,True,23,13,1697,0.999857,25.4827,0,0.0126249,1698 1698 1663 1662 1661 1696 1724 1695 1725 1697 1726 1727 -1
GCP,adapt_p70-52877936550931_a258-75_39_map.h5,26.8751,10,584,1083,19.471220:258.750000,1213,True,11,11,1213,0.999999,21.0151,0,0.0127178,1214 1214 1148 1149 1213 1147 1212 1275 1276 1277 -1
GCP,adapt_p23-556464309101234_a202-5_408_map.h5,27.8607,10,314,784,66.443535:202.500000,1704,True,15,13,1705,0.999998,25.4101,0,0.0131112,1733 1733 1756 1731 1732 1704 1670 1671 1672 1705 1706 1734 -1
GCP,adapt_p48-18968510422141_a326-24999999999994_551_map.h5,27.8896,10,730,766,41.810314:326.250000,1514,True,8,8,1462,0.999999,13.1846,0,0.0122179,1514 1514 1562 1513 1461 1462 1463 -1
GCP,adapt_p48-18968510422141_a56-24999999999999_427_map.h5,26.8223,10,511,1051,41.810314:56.250000,1475,True,13,13,1420,0.999998,25.5677,0,0.0135916,1419 1419 1361 1362 1303 1363 1421 1422 1475 1420 1474 1473 -1
GCP,adapt_p70-52877936550931_a236-25_355_map.h5,27.7192,10,238,764,19.471220:236.250000,1209,True,34,13,1273,0.986753,25.7602,0,0.0126371,1271 1271 1334 1272 1209 1210 1273 1211 1212 1275 1274 1335 -1
GCP,adapt_p60-00000000000001_a45-0_1_map.h5,26.8774,10,482,1139,30.000000:45.000000,1301,True,11,11,1302,0.999998,21.1716,0,0.0123661,1301 1301 1300 1360 1361 1302 1238 1239 1362 1303 -1
GCP,adapt_p60-00000000000001_a90-0_32_map.h5,27.5084,10,112,706,30.000000:90.000000,1309,False,71,13,1311,0.850473,26.603,0,0.0133635,1247 1248 1249 1311 1370 1371 1312 1313 1372 1373 1314 1315 -1
GCP,adapt_p48-18968510422141_a78-75_289_map.h5,25.8493,10,437,1400,41.810314:78.750000,1478,True,14,13,1423,0.999999,25.2919,0,0.0134811,1478 1478 1425 1367 1366 1424 1423 1365 1422 1476 1477 1529 -1
GCP,adapt_p60-00000000000001_a337-49999999999994_551_map.h5,26.8264,10,396,1149,30.000000:337.500000,1350,True,19,13,1350,0.99999,25.4165,0,0.0123715,1290 1290 1289 1349 1407 1408 1350 1351 1409 1352 1291 1292 -1
GCP,adapt_p60-00000000000001_a90-0_233_map.h5,28.8822,10,349,357,30.000000:90.000000,1309,True,11,11,1309,0.999999,20.7901,0,0.0126098,1247 1247 1311 1248 1310 1369 1368 1309 1246 1308 -1
GCP,adapt_p70-52877936550931_a236-25_464_map.h5,27.8022,10,201,809,19.471220:236.250000,1209,True,22,13,1273,0.999758,25.415,0,0.0125947,1209 1209 1210 1273 1211 1212 1275 1274 1335 1334 1272 1271 -1
GCP,adapt_p48-18968510422141_a101-24999999999999_289_map.h5,26.8564,10,396,1142,41.810314:101.250000,1481,True,14,13,1480,0.999999,25.2463,0,0.0133371,1425 1425 1426 1480 1427 1481 1532 1531 1530 1479 1478 1424 -1
GCP,adapt_p80-40593177313954_a157-5_599_map.h5,26.7643,10,166,1116,9.594069:157.500000,1063,True,29,13,1063,0.997983,26.1545,0,0.0125441,1062 1062 996 995 1063 1129 1130 1064 997 1131 1065 998 -1
GCP,adapt_p70-52877936550931_a168-74999999999997_318_map.h5,25.8592,10,515,1435,19.471220:168.750000,1197,True,13,13,1130,0.999999,25.3746,0,0.0126524,1129 1129 1128 1062 1063 1130 1064 1065 1131 1197 1196 1195 -1
GCP,adapt_p11-715852394892384_a45-0_86_map.h5,26.7374,10,194,1182,78.284149:45.000000,1766,False,35,14,1793,0.994212,24.5139,0,0.0134011,1782 1782 1781 1792 1797 1796 1795 1794 1793 1783 1784 1785 1786 -1
GCP,adapt_p70-52877936550931_a146-25_583_map.h5,27.7844,10,315,808,19.471220:146.250000,1193,True,27,14,1193,0.999588,27.4696,0,0.0123925,1191 1191 1254 1255 1192 1193 1127 1128 1194 1257 1319 1256 1318 -1
GCP,adapt_p60-00000000000001_a247-49999999999997_7_map.h5,26.1038,10,128,1153,30.000000:247.500000,1335,False,124,10,1450,0.824828,25.4685,0,0.0139955,1347 1461 1462 1463 1514 1504 1503 1451 1450 -1
GCP,adapt_p60-00000000000001_a45-0_598_map.h5,26.7842,10,427,1120,30.000000:45.000000,1301,True,16,12,1361,0.999932,23.5473,0,0.0125635,1420 1420 1363 1303 1362 1419 1360 1301 1361 1302 1239 -1
GCP,adapt_p35-659087696138755_a315-0_164_map.h5,27.4337,10,104,708,54.340912:315.000000,1605,True,82,13,1561,0.965573,26.7633,0,0.0130467,1644 1645 1646 1606 1562 1513 1461 1512 1561 1605 1560 1604 -1
GCP,adapt_p35-659087696138755_a75-0_23_map.h5,28.0519,10,86,386,54.340912:75.000000,1576,True,141,13,1576,0.831613,27.7185,0,0.0148715,1525 1574 1575 1619 1620 1576 1529 1577 1531 1530 1478 1479 -1
GCP,adapt_p35-659087696138755_a14-999999999999998_80_map.h5,25.8163,10,393,1454,54.340912:15.000000,1568,True,17,13,1521,0.99995,25.4572,0,0.0124674,1522 1522 1570 1523 1470 1469 1521 1468 1520 1567 1568 1569 -1
GCP,adapt_p70-52877936550931_a303-75_270_map.h5,26.8592,10,570,1114,19.471220:303.750000,1221,True,12,12,1221,0.999998,22.8923,0,0.0126099,1284 1284 1285 1223 1222 1157 1221 1156 1155 1220 1283 -1
GCP,adapt_p23-556464309101234_a247-49999999999997_513_map.h5,26.8778,10,599,1094,66.443535:247.500000,1708,True,11,11,1709,0.999999,20.1944,0,0.0129783,1676 1676 1675 1708 1735 1709 1736 1737 1710 1677 -1
GCP,adapt_p80-40593177313954_a270-0_174_map.h5,27.5718,10,195,778,9.594069:270.000000,1084,True,57,13,1084,0.938105,26.77,0,0.0129556,1277 1214 1215 1150 1084 1085 1017 1016 1083 1149 1213 1148 -1
GCP,adapt_p35-659087696138755_a224-99999999999997_578_map.h5,26.8423,10,431,1133,54.340912:225.000000,1594,True,17,13,1636,0.999989,25.5029,0,0.0125214,1592 1592 1548 1593 1635 1634 1672 1673 1636 1594 1637 1595 -1
GCP,adapt_p23-556464309101234_a22-5_106_map.h5,27.8891,10,600,824,66.443535:22.500000,1689,True,9,9,1689,0.999999,15.4148,0,0.0127252,1652 1652 1653 1654 1690 1689 1719 1688 -1
GCP,adapt_p60-00000000000001_a270-0_391_map.h5,27.8682,10,687,724,30.000000:270.000000,1339,True,11,11,1339,0.999999,21.1167,0,0.0126554,1338 1338 1278 1277 1339 1396 1397 1398 1340 1341 -1
GCP,adapt_p35-659087696138755_a344-99999999999994_303_map.h5,26.8815,10,604,1118,54.340912:345.000000,1609,True,8,8,1609,0.999999,13.7246,0,0.0123205,1608 1608 1565 1609 1648 1649 1650 -1
GCP,adapt_p23-556464309101234_a112-5_136_map.h5,28.8848,10,421,354,66.443535:112.500000,1697,True,11,11,1696,0.999999,20.7569,0,0.013031,1725 1725 1697 1726 1696 1662 1661 1660 1695 1724 -1
GCP,adapt_p70-52877936550931_a236-25_413_map.h5,26.8518,10,401,1129,19.471220:236.250000,1209,True,16,13,1209,0.999998,25.2558,0,0.013029,1210 1210 1145 1144 1209 1272 1208 1143 1142 1207 1270 1271 -1
GCP,adapt_p60-00000000000001_a315-0_164_map.h5,26.8774,10,550,1098,30.000000:315.000000,1346,True,11,11,1346,0.999999,20.9355,0,0.0123733,1345 1345 1285 1284 1346 1403 1404 1405 1347 1286 -1
GCP,adapt_p60-00000000000001_a135-0_467_map.h5,26.8672,10,422,1125,30.000000:135.000000,1316,True,11,11,1376,0.999999,20.42,0,0.0125757,1433 1433 1375 1316 1317 1376 1318 1377 1434 1435 -1
GCP,adapt_p80-40593177313954_a67-5_540_map.h5,26.6513,10,176,1158,9.594069:67.500000,1047,False,48,12,1142,0.989975,24.2975,0,0.0144898,1205 1206 1207 1208 1143 1077 1142 1076 1075 1141 1140 -1
GCP,adapt_p23-556464309101234_a67-5_381_map.h5,25.7207,10,306,1527,66.443535:67.500000,1693,False,37,13,1724,0.994675,25.447,0,0.0131615,1723 1723 1750 1749 1724 1694 1659 1660 1695 1696 1725 1726 -1
GCP,adapt_p60-00000000000001_a135-0_64_map.h5,26.8009,10,572,1164,30.000000:135.000000,1316,True,11,11,1375,0.999999,21.1056,0,0.012911,1316 1316 1374 1315 1432 1433 1375 1376 1317 1318 -1
GCP,adapt_p80-40593177313954_a45-0_12_map.h5,27.8288,10,266,732,9.594069:45.000000,1042,True,16,13,907,0.999998,26.2384,0,0.0130675,906 906 907 973 1041 1042 974 908 975 1043 976 909 -1
GCP,adapt_p70-52877936550931_a33-75_589_map.h5,27.8152,10,352,724,19.471220:33.750000,1173,True,19,14,1235,0.999973,27.6804,0,0.012657,1172 1172 1106 1173 1237 1300 1299 1236 1235 1298 1297 1234 1171 -1
GCP,adapt_p80-40593177313954_a247-49999999999997_598_map.h5,26.3576,10,110,1168,9.594069:247.500000,1080,False,77,12,1011,0.994983,25.2966,0,0.0131848,941 1076 1077 1009 1078 1010 943 944 1011 1079 1012 -1
GCP,adapt_p70-52877936550931_a326-24999999999994_270_map.h5,27.8884,10,613,736,19.471220:326.250000,1225,True,9,9,1225,0.999999,15.6074,0,0.0124229,1226 1226 1227 1162 1161 1160 1225 1224 -1
GCP,adapt_p35-659087696138755_a14-999999999999998_390_map.h5,26.8839,10,732,1183,54.340912:15.000000,1568,True,7,7,1568,0.999999,10.7027,0,0.0128163,1613 1613 1569 1568 1612 1652 -1
GCP,adapt_p70-52877936550931_a11-25_157_map.h5,27.8466,10,431,787,19.471220:11.250000,1169,True,15,13,1169,0.999991,25.4795,0,0.0131973,1103 1103 1104 1170 1169 1102 1101 1166 1167 1168 1231 1232 -1
GCP,adapt_p60-00000000000001_a45-0_276_map.h5,27.8765,10,591,711,30.000000:45.000000,1301,True,12,12,1301,0.999998,23.1625,0,0.0122504,1238 1238 1239 1303 1362 1361 1302 1301 1237 1300 1360 -1
GCP,adapt_p80-40593177313954_a224-99999999999997_440_map.h5,25.7852,10,154,1100,9.594069:225.000000,1076,False,167,12,1085,0.654728,24.9633,0,0.0154221,1216 1086 1085 1084 1149 1083 1082 1148 1147 1081 1080 -1
GCP,adapt_p60-00000000000001_a112-49999999999999_570_map.h5,28.8176,10,271,338,30.000000:112.500000,1313,True,22,14,1371,0.999947,27.8398,0,0.0132656,1428 1428 1427 1370 1311 1371 1312 1249 1250 1313 1372 1430 1429 -1
GCP,adapt_p35-659087696138755_a105-0_69_map.h5,27.8711,10,432,776,54.340912:105.000000,1579,True,13,13,1580,0.999998,25.5807,0,0.0127528,1622 1622 1532 1533 1579 1580 1534 1581 1624 1662 1661 1623 -1
GCP,adapt_p60-00000000000001_a0-0_270_map.h5,26.8592,10,447,1094,30.000000:0.000000,1294,True,13,13,1294,0.999999,25.8485,0,0.0125781,1295 1295 1231 1293 1292 1353 1411 1294 1412 1413 1355 1354 -1
GCP,adapt_p48-18968510422141_a146-25_543_map.h5,28.7994,10,133,379,41.810314:146.250000,1488,True,25,13,1487,0.999567,26.0005,0,0.0133341,1435 1435 1489 1434 1488 1539 1538 1487 1537 1486 1433 1376 -1
GCP,adapt_p70-52877936550931_a213-75_473_map.h5,27.4359,10,115,648,19.471220:213.750000,1205,True,78,13,1268,0.932483,27.0368,0,0.0128336,1385 1327 1328 1266 1329 1330 1268 1269 1206 1205 1267 1204 -1
GCP,adapt_p80-40593177313954_a135-0_335_map.h5,26.8355,10,432,1074,9.594069:135.000000,1059,True,16,13,1059,0.999993,26.6605,0,0.0132577,991 1059 992 991 1058 1124 1125 1126 1060 993 1061 1127 -1
GCP,adapt_p23-556464309101234_a337-5_60_map.h5,26.8664,10,557,1160,66.443535:337.500000,1716,True,11,11,1717,0.999999,20.2978,0,0.0123991,1685 1685 1686 1687 1718 1743 1742 1717 1716 1684 -1
GCP,adapt_p35-659087696138755_a75-0_486_map.h5,28.6499,10,100,363,54.340912:75.000000,1576,True,49,13,1529,0.994401,26.5706,0,0.0128694,1480 1479 1531 1578 1577 1530 1478 1477 1529 1576 1575 1528 -1
GCP,adapt_p48-18968510422141_a326-24999999999994_431_map.h5,26.5117,10,71,1192,41.810314:326.250000,1514,True,72,12,1513,0.954995,24.6737,0,0.0131526,1404 1460 1461 1405 1512 1513 1562 1514 1462 1463 1407 -1
GCP,adapt_p35-659087696138755_a105-0_292_map.h5,28.7802,10,170,359,54.340912:105.000000,1579,True,28,14,1579,0.999598,27.6301,0,0.0126249,1535 1535 1534 1533 1532 1579 1578 1621 1622 1623 1580 1581 1624 -1
GCP,adapt_p60-00000000000001_a270-0_141_map.h5,26.8744,10,705,1056,30.000000:270.000000,1339,True,11,11,1339,0.999999,20.884,0,0.012377,1338 1338 1395 1337 1396 1397 1398 1340 1339 1277 -1
GCP,adapt_p80-40593177313954_a22-5_127_map.h5,24.0398,10,100,1487,9.594069:22.500000,1038,False,290,11,1148,0.737846,23.1465,0,0.0218479,1279 1213 1148 1082 1147 1212 1275 1274 1336 1337 -1
GCP,adapt_p60-00000000000001_a180-0_143_map.h5,27.7914,10,262,748,30.000000:180.000000,1324,True,24,13,1263,0.999195,25.0286,0,0.0124301,1383 1383 1384 1326 1264 1263 1325 1324 1262 1261 1323 1382 -1
GCP,adapt_p60-00000000000001_a157-5_592_map.h5,26.8852,10,563,1154,30.000000:157.500000,1320,True,11,11,1258,0.999999,20.7467,0,0.0125609,1321 1321 1260 1322 1259 1196 1195 1258 1320 1257 -1
GCP,adapt_p60-00000000000001_a90-0_251_map.h5,28.6712,10,138,360,30.000000:90.000000,1309,True,47,13,1427,0.977776,26.4865,0,0.0125838,1425 1426 1480 1481 1428 1427 1369 1310 1309 1368 1367 1308 -1
GCP,adapt_p80-40593177313954_a0-0_31_map.h5,27.783,10,304,737,9.594069:0.000000,1034,True,27,13,1101,0.999036,25.4723,0,0.0127665,1231 1231 1232 1169 1102 1168 1101 1035 1034 1166 1167 1230 -1
GCP,adapt_p35-659087696138755_a255-00000000000003_295_map.h5,27.7064,10,255,776,54.340912:255.000000,1598,True,30,14,1598,0.998648,27.5822,0,0.01238,1641 1641 1600 1599 1554 1553 1598 1640 1639 1597 1552 1596 1551 -1
GCP,adapt_p35-659087696138755_a315-0_241_map.h5,25.8525,10,332,1535,54.340912:315.000000,1605,True,15,13,1682,0.999996,25.4924,0,0.0133519,1681 1681 1646 1605 1604 1645 1682 1647 1683 1715 1714 1713 -1
GCP,adapt_p70-52877936550931_a303-75_266_map.h5,26.8433,10,551,1099,19.471220:303.750000,1221,True,17,13,1220,0.999985,26.1238,0,0.0124409,1155 1155 1221 1284 1222 1156 1220 1283 1344 1282 1219 1154 -1
GCP,adapt_p48-18968510422141_a281-24999999999994_313_map.h5,26.5668,10,144,1184,41.810314:281.250000,1507,True,54,13,1456,0.980221,26.4591,0,0.013038,1398 1454 1455 1507 1557 1508 1509 1510 1458 1457 1456 1400 -1
GCP,adapt_p60-00000000000001_a180-0_309_map.h5,26.5759,10,158,1075,30.000000:180.000000,1324,True,56,12,1261,0.962443,24.1784,0,0.0139055,1200 1263 1325 1262 1324 1382 1323 1322 1260 1261 1198 -1
GCP,adapt_p80-40593177313954_a135-0_158_map.h5,26.8184,10,462,1139,9.594069:135.000000,1059,True,19,13,1125,0.999917,25.8288,0,0.0124515,1126 1126 1191 1125 1060 1059 991 1058 1124 1190 1123 1057 -1
GCP,adapt_p80-40593177313954_a45-0_202_map.h5,26.8649,10,651,1084,9.594069:45.000000,1042,True,13,13,1042,0.999999,26.0044,0,0.0129392,1109 1109 1108 1110 1044 976 1043 975 1042 974 1041 1107 -1
GCP,adapt_p48-18968510422141_a191-25_88_map.h5,27.8143,10,271,724,41.810314:191.250000,1494,True,19,13,1494,0.999981,25.8181,0,0.012474,1545 1545 1493 1440 1441 1494 1544 1495 1442 1443 1496 1546 -1
GCP,adapt_p35-659087696138755_a45-0_205_map.h5,27.8413,10,299,762,54.340912:45.000000,1572,True,18,13,1573,0.999992,25.2058,0,0.0125437,1616 1616 1571 1572 1525 1474 1526 1573 1617 1618 1574 1527 -1
GCP,adapt_p60-00000000000001_a90-0_478_map.h5,27.8183,10,272,723,30.000000:90.000000,1309,True,20,14,1309,0.999614,27.8248,0,0.0124844,1183 1183 1182 1245 1308 1368 1369 1310 1309 1246 1247 1184 1248 -1
GCP,adapt_p60-00000000000001_a67-5_53_map.h5,26.8686,10,463,1205,30.000000:67.500000,1305,True,12,12,1305,0.999999,23.4908,0,0.0131708,1306 1306 1242 1243 1305 1365 1422 1364 1363 1304 1241 -1
GCP,adapt_p70-52877936550931_a33-75_393_map.h5,26.434,10,118,1120,19.471220:33.750000,1173,False,71,12,1299,0.985556,24.6081,0,0.0128493,1297 1298 1235 1236 1299 1358 1300 1237 1301 1360 1359 -1
GCP,adapt_p70-52877936550931_a146-25_441_map.h5,26.6861,10,241,1092,19.471220:146.250000,1193,True,40,13,1256,0.979863,26.4823,0,0.0127139,1434 1377 1318 1255 1192 1127 1193 1256 1257 1319 1378 1435 -1
GCP,adapt_p48-18968510422141_a123-74999999999999_480_map.h5,26.4029,10,163,1090,41.810314:123.750000,1484,False,84,12,1313,0.79573,24.6243,0,0.0138992,1429 1372 1312 1313 1314 1373 1374 1431 1432 1433 1486 -1
GCP,adapt_p70-52877936550931_a78-75_167_map.h5,26.867,10,519,1033,19.471220:78.750000,1181,True,12,12,1181,0.999998,22.7636,0,0.0128802,1244 1244 1243 1180 1114 1181 1115 1116 1182 1245 1246 -1
GCP,adapt_p60-00000000000001_a292-5_156_map.h5,26.7774,10,407,1183,30.000000:292.500000,1343,True,25,13,1281,0.998199,25.0181,0,0.0124146,1399 1399 1341 1280 1279 1217 1218 1281 1342 1400 1401 1343 -1
GCP,adapt_p23-556464309101234_a157-5_208_map.h5,26.8534,10,393,1172,66.443535:157.500000,1701,True,15,13,1666,0.999975,25.0352,0,0.0134115,1701 1701 1667 1629 1628 1627 1665 1666 1700 1729 1728 1699 -1
GCP,adapt_p48-18968510422141_a326-24999999999994_58_map.h5,26.8604,10,500,1176,41.810314:326.250000,1514,True,14,13,1514,0.999998,25.0753,0,0.0124349,1513 1513 1461 1462 1514 1562 1606 1607 1563 1564 1515 1463 -1
GCP,adapt_p11-715852394892384_a315-0_92_map.h5,27.9014,10,784,713,78.284149:315.000000,1778,True,7,7,1762,0.999999,10.4006,0,0.0124569,1763 1763 1779 1778 1762 1761 -1
GCP,adapt_p23-556464309101234_a202-5_141_map.h5,28.8354,10,184,389,66.443535:202.500000,1704,True,20,14,1704,0.999987,28.5523,0,0.0124553,1703 1703 1732 1733 1705 1706 1672 1671 1704 1670 1669 1731 1702 -1
GCP,adapt_p60-00000000000001_a135-0_416_map.h5,26.876,10,625,1101,30.000000:135.000000,1316,True,11,11,1316,0.999999,21.1727,0,0.012741,1375 1375 1254 1255 1317 1376 1316 1253 1315 1374 -1
GCP,adapt_p48-18968510422141_a33-75_102_map.h5,26.6381,10,176,1172,41.810314:33.750000,1471,False,48,12,1300,0.987288,24.825,0,0.0127028,1473 1360 1418 1417 1358 1298 1299 1236 1237 1300 1359 -1
GCP,adapt_p35-659087696138755_a135-0_486_map.h5,28.7175,10,130,375,54.340912:135.000000,1583,True,38,14,1583,0.995116,27.0227,0,0.0163043,1486 1486 1537 1583 1582 1625 1626 1664 1665 1627 1584 1538 1487 -1
GCP,adapt_p60-00000000000001_a202-49999999999997_80_map.h5,25.8433,10,419,1461,30.000000:202.500000,1328,True,14,12,1328,0.999997,23.1285,0,0.0125044,1386 1386 1387 1329 1267 1266 1328 1385 1326 1327 1265 -1
GCP,adapt_p48-18968510422141_a258-75_305_map.h5,27.8894,10,672,704,41.810314:258.750000,1504,True,9,9,1504,0.999999,15.6815,0,0.012412,1503 1503 1553 1554 1504 1451 1452 1505 -1
GCP,adapt_p48-18968510422141_a168-74999999999997_49_map.h5,28.733,10,85,397,41.810314:168.750000,1491,True,36,14,1438,0.99866,27.5563,0,0.0127925,1382 1382 1381 1380 1379 1436 1489 1490 1437 1491 1438 1439 1492 -1
GCP,adapt_p48-18968510422141_a191-25_228_map.h5,26.8975,10,837,1130,41.810314:191.250000,1494,True,9,9,1494,0.999999,15.9757,0,0.0132966,1493 1493 1441 1440 1494 1544 1545 1495 -1
GCP,adapt_p23-556464309101234_a112-5_10_map.h5,26.8774,10,606,1135,66.443535:112.500000,1697,True,11,11,1725,0.999998,20.7616,0,0.0123555,1696 1696 1726 1751 1750 1725 1697 1662 1661 1695 -1
GCP,adapt_p48-18968510422141_a78-75_195_map.h5,26.7139,10,108,1128,41.810314:78.750000,1478,True,36,13,1479,0.990961,25.7013,0,0.0128577,1532 1532 1531 1478 1530 1529 1477 1424 1425 1479 1480 1426 -1
GCP,adapt_p48-18968510422141_a281-24999999999994_115_map.h5,25.7933,10,275,1498,41.810314:281.250000,1507,True,23,13,1455,0.99966,25.1635,0,0.0124784,1557 1557 1556 1506 1453 1454 1398 1399 1455 1507 1508 1456 -1
GCP,adapt_p70-52877936550931_a303-75_513_map.h5,26.8702,10,639,1119,19.471220:303.750000,1221,True,11,11,1221,0.999999,20.3644,0,0.012577,1222 1222 1157 1156 1155 1220 1283 1221 1284 1285 -1
GCP,adapt_p23-556464309101234_a292-5_317_map.h5,27.8841,10,538,789,66.443535:292.500000,1712,True,12,12,1713,0.999999,22.7882,0,0.0126496,1681 1681 1682 1714 1740 1713 1680 1679 1712 1739 1738 -1
GCP,adapt_p35-659087696138755_a105-0_500_map.h5,28.8565,10,328,391,54.340912:105.000000,1579,True,11,11,1579,0.999998,20.2667,0,0.0123232,1623 1623 1580 1534 1533 1579 1622 1578 1532 1481 -1
GCP,adapt_p80-40593177313954_a180-0_329_map.h5,27.8253,10,367,745,9.594069:180.000000,1067,True,20,14,1068,0.999956,27.6295,0,0.0124499,1133 1133 1067 1000 1001 1068 1134 1199 1200 1135 1069 1002 1070 -1
GCP,adapt_p80-40593177313954_a157-5_493_map.h5,26.8212,10,410,1137,9.594069:157.500000,1063,True,18,13,1129,0.99993,25.1479,0,0.0126341,1130 1130 1064 1063 1062 1061 1127 1193 1194 1128 1129 1195 -1
GCP,adapt_p80-40593177313954_a112-49999999999999_358_map.h5,26.8701,10,562,1152,9.594069:112.500000,1055,True,12,12,1056,0.999999,23.2548,0,0.0126663,988 988 989 1057 1123 1122 1056 987 1054 1055 1121 -1
GCP,adapt_p80-40593177313954_a135-0_523_map.h5,26.8398,10,463,1121,9.594069:135.000000,1059,True,15,13,1059,0.999993,26.0583,0,0.0129532,1058 1058 992 991 1059 1124 1125 1126 1060 993 1061 1127 -1
GCP,adapt_p35-659087696138755_a224-99999999999997_62_map.h5,27.643,10,181,786,54.340912:225.000000,1594,True,47,13,1636,0.98342,27.3797,0,0.0128014,1638 1637 1595 1674 1706 1672 1671 1634 1635 1673 1636 1594 -1
GCP,adapt_p60-00000000000001_a337-49999999999994_211_map.h5,26.7843,10,417,1132,30.000000:337.500000,1350,True,17,13,1351,0.999977,25.5329,0,0.0124903,1290 1290 1289 1350 1407 1408 1351 1291 1292 1353 1352 1409 -1
GCP,adapt_p80-40593177313954_a224-99999999999997_240_map.h5,26.8561,10,552,1088,9.594069:225.000000,1076,True,13,13,1075,0.999998,25.8683,0,0.0127225,1140 1140 1141 1074 1007 1008 1075 1142 1076 1009 1077 1143 -1
GCP,adapt_p60-00000000000001_a67-5_432_map.h5,26.8633,10,444,1105,30.000000:67.500000,1305,True,14,13,1305,0.999998,25.6662,0,0.0125456,1364 1364 1306 1243 1307 1366 1365 1305 1242 1241 1304 1363 -1
GCP,adapt_p23-556464309101234_a247-49999999999997_42_map.h5,25.7248,10,276,1507,66.443535:247.500000,1708,False,37,12,1775,0.999057,23.4605,0,0.0129993,1772 1773 1774 1757 1758 1759 1776 1775 1789 1788 1787 -1
GCP,adapt_p80-40593177313954_a337-49999999999994_507_map.h5,26.8332,10,600,1165,9.594069:337.500000,1097,True,16,13,1163,0.999994,25.3547,0,0.0125991,1097 1097 1098 1164 1229 1228 1163 1162 1227 1226 1161 1096 -1
GCP,adapt_p60-00000000000001_a67-5_484_map.h5,26.574,10,188,1121,30.000000:67.500000,1305,True,58,12,1305,0.936428,24.3109,0,0.0128025,1303 1304 1241 1242 1305 1365 1306 1243 1307 1366 1424 -1
GCP,adapt_p48-18968510422141_a326-24999999999994_435_map.h5,24.4872,10,114,1123,41.810314:326.250000,1514,False,375,10,1278,0.502779,23.7308,0,0.0264118,1547 1331 1332 1333 1277 1215 1278 1279 1216 -1
GCP,adapt_p35-659087696138755_a344-99999999999994_413_map.h5,26.8359,10,540,1117,54.340912:345.000000,1609,True,10,10,1609,0.999997,18.3032,0,0.0128338,1565 1565 1610 1566 1609 1650 1649 1608 1564 -1
GCP,adapt_p48-18968510422141_a281-24999999999994_174_map.h5,26.8245,10,356,1167,41.810314:281.250000,1507,True,16,13,1455,0.999997,25.635,0,0.0132998,1557 1557 1509 1558 1508 1456 1399 1398 1454 1455 1507 1556 -1
GCP,adapt_p60-00000000000001_a180-0_440_map.h5,26.8614,10,554,1110,30.000000:180.000000,1324,True,13,13,1262,0.999998,25.8989,0,0.0124199,1323 1323 1260 1322 1382 1324 1325 1263 1262 1199 1261 1198 -1
GCP,adapt_p23-556464309101234_a247-49999999999997_471_map.h5,25.5848,10,116,1170,66.443535:247.500000,1708,False,211,10,1734,0.921486,22.8799,0,0.0167469,1765 1757 1758 1735 1734 1733 1706 1547 1546 -1
GCP,adapt_p60-00000000000001_a337-49999999999994_372_map.h5,25.8592,10,551,1458,30.000000:337.500000,1350,True,13,12,1350,0.999998,23.4671,0,0.0125631,1409 1409 1351 1350 1349 1407 1408 1410 1352 1291 1290 -1
GCP,adapt_p60-00000000000001_a67-5_591_map.h5,25.8665,10,548,1454,30.000000:67.500000,1305,True,13,13,1364,0.999999,25.679,0,0.0122918,1363 1363 1305 1242 1241 1304 1364 1421 1422 1423 1365 1306 -1
GCP,adapt_p80-40593177313954_a90-0_379_map.h5,24.6822,10,211,1871,9.594069:90.000000,1051,True,35,11,984,0.989485,22.4879,0,0.0126579,917 984 983 982 1050 1117 1051 985 1053 1052 -1
GCP,adapt_p70-52877936550931_a348-74999999999994_287_map.h5,26.8614,10,407,1129,19.471220:348.750000,1229,True,13,13,1229,0.999999,26.0013,0,0.0124589,1166 1166 1167 1101 1293 1230 1165 1164 1229 1292 1291 1228 -1
GCP,adapt_p60-00000000000001_a0-0_129_map.h5,26.8642,10,477,1078,30.000000:0.000000,1294,True,12,12,1294,0.999999,23.6072,0,0.0126139,1353 1353 1410 1352 1292 1231 1293 1294 1411 1354 1295 -1
GCP,adapt_p70-52877936550931_a146-25_515_map.h5,26.8354,10,445,1155,19.471220:146.250000,1193,True,14,13,1193,0.999998,25.8257,0,0.012397,1255 1255 1191 1126 1192 1127 1128 1194 1193 1257 1256 1318 -1
GCP,adapt_p35-659087696138755_a224-99999999999997_527_map.h5,27.8879,10,581,803,54.340912:225.000000,1594,True,9,9,1594,0.999999,15.3144,0,0.0128807,1636 1636 1635 1593 1548 1549 1594 1595 -1
GCP,adapt_p80-40593177313954_a247-49999999999997_401_map.h5,26.866,10,436,1134,9.594069:247.500000,1080,True,13,13,1080,0.999999,25.8263,0,0.0127798,1012 1012 1081 1147 1082 1014 1013 1080 1146 1145 1079 1011 -1
GCP,adapt_p48-18968510422141_a146-25_82_map.h5,25.7969,10,405,1458,41.810314:146.250000,1488,True,22,12,1489,0.999478,22.4553,0,0.012886,1435 1435 1436 1489 1540 1586 1585 1539 1488 1487 1538 -1
GCP,adapt_p23-556464309101234_a292-5_263_map.h5,26.7519,10,169,1140,66.443535:292.500000,1712,True,34,13,1737,0.997403,24.9614,0,0.012846,1761 1761 1739 1738 1712 1679 1711 1710 1737 1760 1759 1736 -1
GCP,adapt_p48-18968510422141_a326-24999999999994_490_map.h5,26.8192,10,364,1190,41.810314:326.250000,1514,True,22,13,1462,0.999929,25.3244,0,0.0126398,1407 1407 1349 1348 1347 1405 1461 1513 1514 1462 1406 1463 -1
GCP,adapt_p60-00000000000001_a90-0_174_map.h5,26.8044,10,435,1139,30.000000:90.000000,1309,True,12,12,1368,0.999999,23.6487,0,0.0123952,1367 1367 1424 1425 1309 1308 1368 1426 1427 1369 1310 -1
GCP,adapt_p60-00000000000001_a90-0_46_map.h5,25.6887,10,228,1565,30.000000:90.000000,1309,True,32,13,1369,0.996847,25.4167,0,0.0130811,1311 1311 1371 1370 1427 1369 1310 1309 1368 1367 1425 1426 -1
GCP,adapt_p80-40593177313954_a180-0_583_map.h5,26.8349,10,553,1136,9.594069:180.000000,1067,True,16,13,1068,0.99999,25.9445,0,0.0138755,1134 1134 1135 1070 1002 1069 1001 1000 999 1067 1068 1133 -1
GCP,adapt_p35-659087696138755_a14-999999999999998_446_map.h5,27.8911,10,661,749,54.340912:15.000000,1568,True,9,9,1568,0.999999,15.5722,0,0.0127243,1520 1520 1521 1569 1613 1612 1568 1567 -1
GCP,adapt_p48-18968510422141_a56-24999999999999_327_map.h5,26.8694,10,529,1149,41.810314:56.250000,1475,True,12,12,1475,0.999998,23.3196,0,0.0124106,1421 1421 1420 1474 1526 1574 1528 1476 1527 1475 1422 -1
GCP,adapt_p80-40593177313954_a180-0_591_map.h5,26.8238,10,461,1113,9.594069:180.000000,1067,True,17,13,1068,0.999963,25.5248,0,0.0129896,1134 1134 1135 1069 1068 1133 1132 1066 999 1067 1000 1001 -1
GCP,adapt_p11-715852394892384_a315-0_190_map.h5,26.8656,10,598,1097,78.284149:315.000000,1778,True,12,12,1763,0.999998,22.6334,0,0.0121741,1762 1762 1761 1778 1763 1764 1780 1779 1790 1791 1781 -1
GCP,adapt_p48-18968510422141_a101-24999999999999_420_map.h5,28.6288,10,92,375,41.810314:101.250000,1481,False,53,14,1369,0.978992,28.056,0,0.0129399,1367 1367 1309 1247 1310 1368 1426 1427 1369 1370 1311 1248 1249 -1
GCP,adapt_p70-52877936550931_a281-24999999999994_342_map.h5,24.6432,10,47,715,19.471220:281.250000,1217,False,526,11,1559,0.465431,22.9308,0,0.0388209,1605 1559 1510 1458 1509 1558 1601 1643 1602 1603 -1
GCP,adapt_p48-18968510422141_a191-25_140_map.h5,27.882,10,668,738,41.810314:191.250000,1494,True,11,11,1441,0.999999,20.157,0,0.012842,1440 1440 1493 1543 1544 1494 1441 1442 1495 1545 -1
GCP,adapt_p70-52877936550931_a213-75_146_map.h5,26.8783,10,650,1096,19.471220:213.750000,1205,True,12,12,1205,0.999999,23.0101,0,0.0124398,1268 1268 1269 1207 1141 1206 1205 1140 1139 1204 1267 -1
GCP,adapt_p48-18968510422141_a78-75_347_map.h5,26.8658,10,424,1132,41.810314:78.750000,1478,True,13,13,1477,0.999999,25.4879,0,0.0129833,1528 1528 1576 1575 1529 1530 1478 1424 1423 1477 1476 1422 -1
GCP,adapt_p70-52877936550931_a236-25_401_map.h5,26.8645,10,534,1051,19.471220:236.250000,1209,True,11,11,1209,0.999998,20.9666,0,0.0123344,1210 1210 1144 1145 1209 1143 1208 1271 1272 1273 -1
GCP,adapt_p60-00000000000001_a337-49999999999994_10_map.h5,26.8731,10,489,1102,30.000000:337.500000,1350,True,12,12,1350,0.999999,23.0544,0,0.0127013,1290 1290 1289 1349 1407 1408 1350 1351 1291 1352 1409 -1
GCP,adapt_p60-00000000000001_a112-49999999999999_178_map.h5,26.8541,10,432,1158,30.000000:112.500000,1313,True,15,13,1372,0.999998,25.1098,0,0.0127186,1373 1373 1430 1429 1428 1370 1311 1312 1371 1372 1313 1314 -1
GCP,adapt_p60-00000000000001_a45-0_424_map.h5,27.8882,10,701,742,30.000000:45.000000,1301,True,7,7,1301,0.999998,10.6373,0,0.0125561,1302 1302 1361 1360 1301 1300 -1
GCP,adapt_p60-00000000000001_a22-5_36_map.h5,27.8406,10,235,799,30.000000:22.500000,1298,True,17,13,1234,0.999993,25.853,0,0.0132617,1233 1233 1169 1296 1297 1234 1298 1235 1172 1171 1170 1104 -1
GCP,adapt_p60-00000000000001_a270-0_374_map.h5,22.9727,10,87,1430,30.000000:270.000000,1339,False,449,5,1234,0.259481,20.8654,0,0.0354934,1265 1234 1106 1039 -1
GCP,adapt_p80-40593177313954_a337-49999999999994_465_map.h5,26.8778,10,581,1074,9.594069:337.500000,1097,True,11,11,1096,0.999999,21.4971,0,0.0129821,1162 1162 1029 1096 1095 1161 1097 1163 1098 1164 -1
GCP,adapt_p70-52877936550931_a213-75_371_map.h5,26.8523,10,516,1122,19.471220:213.750000,1205,True,15,13,1269,0.999997,26.1406,0,0.0124423,1268 1268 1204 1267 1330 1205 1140 1141 1206 1269 1270 1207 -1
GCP,adapt_p60-00000000000001_a247-49999999999997_97_map.h5,25.9143,10,112,1190,30.000000:247.500000,1335,False,175,10,1775,0.817395,25.4814,0,0.0153334,1073 1758 1774 1788 1789 1775 1776 1759 1736 -1
GCP,adapt_p60-00000000000001_a315-0_369_map.h5,28.5686,10,164,361,30.000000:315.000000,1346,False,58,12,1406,0.938275,27.3309,0,0.0131671,1403 1509 1456 1457 1405 1461 1462 1406 1348 1407 1349 -1
GCP,adapt_p48-18968510422141_a348-74999999999994_487_map.h5,25.7732,10,355,1513,41.810314:348.750000,1517,True,26,13,1465,0.997217,25.2654,0,0.0135913,1464 1464 1465 1409 1410 1411 1412 1466 1518 1517 1516 1565 -1
GCP,adapt_p70-52877936550931_a101-24999999999999_479_map.h5,26.8762,10,585,1097,19.471220:101.250000,1185,True,11,11,1185,0.999999,20.5592,0,0.0126212,1119 1119 1120 1186 1249 1248 1247 1184 1185 1118 -1
GCP,adapt_p35-659087696138755_a224-99999999999997_262_map.h5,27.8569,10,510,759,54.340912:225.000000,1594,True,11,11,1636,0.999999,20.316,0,0.0129334,1594 1594 1593 1635 1672 1673 1674 1637 1636 1595 -1
GCP,adapt_p35-659087696138755_a165-0_76_map.h5,25.8149,10,288,1501,54.340912:165.000000,1587,True,21,13,1629,0.999963,25.2474,0,0.0129123,1586 1586 1585 1628 1629 1666 1701 1667 1668 1631 1630 1587 -1
GCP,adapt_p23-556464309101234_a202-5_4_map.h5,27.8863,10,719,775,66.443535:202.500000,1704,True,9,9,1704,0.999998,15.3948,0,0.0124533,1671 1671 1670 1704 1732 1733 1705 1672 -1
GCP,adapt_p11-715852394892384_a315-0_263_map.h5,26.7392,10,213,1091,78.284149:315.000000,1778,False,40,14,1789,0.989599,26.2324,0,0.0126121,1758 1758 1759 1760 1777 1776 1775 1788 1795 1796 1797 1789 1790 -1
GCP,adapt_p11-715852394892384_a45-0_593_map.h5,26.8661,10,519,1186,78.284149:45.000000,1766,True,11,11,1766,0.999999,20.416,0,0.012648,1747 1747 1768 1748 1767 1783 1782 1765 1766 1746 -1
GCP,adapt_p70-52877936550931_a326-24999999999994_8_map.h5,27.6308,10,224,777,19.471220:326.250000,1225,True,49,13,1226,0.989716,26.9191,0,0.0129839,1291 1228 1290 1227 1289 1288 1287 1286 1224 1225 1226 1161 -1
GCP,adapt_p80-40593177313954_a180-0_459_map.h5,26.5533,10,56,774,9.594069:180.000000,1067,False,231,11,1207,0.636315,22.8818,0,0.018329,1203 1206 1141 1142 1207 1270 1271 1208 1143 1209 -1
GCP,adapt_p48-18968510422141_a146-25_344_map.h5,26.8619,10,507,1117,41.810314:146.250000,1488,True,14,13,1487,0.999998,25.0914,0,0.0128992,1434 1434 1435 1489 1540 1539 1488 1487 1538 1537 1486 1433 -1
GCP,adapt_p23-556464309101234_a247-49999999999997_587_map.h5,28.0925,10,95,388,66.443535:247.500000,1708,True,131,13,1708,0.936823,26.9087,0,0.0142883,1640 1676 1709 1710 1736 1759 1735 1707 1674 1708 1675 1638 -1
GCP,adapt_p35-659087696138755_a14-999999999999998_296_map.h5,26.68,10,199,1071,54.340912:15.000000,1568,True,40,13,1611,0.984756,26.5839,0,0.0127616,1717 1685 1650 1611 1686 1687 1651 1652 1613 1612 1568 1567 -1
GCP,adapt_p70-52877936550931_a191-25_374_map.h5,27.7551,10,216,755,19.471220:191.250000,1201,True,31,14,1264,0.999248,27.5575,0,0.0126419,1325 1325 1263 1200 1135 1136 1201 1264 1326 1265 1202 1137 1203 -1
GCP,adapt_p80-40593177313954_a337-49999999999994_373_map.h5,27.8869,10,649,770,9.594069:337.500000,1097,True,9,9,1097,0.999998,15.6851,0,0.0128563,1098 1098 1163 1162 1096 1029 1097 1030 -1
GCP,adapt_p80-40593177313954_a270-0_310_map.h5,26.8681,10,648,1087,9.594069:270.000000,1084,True,13,13,1151,0.999999,25.631,0,0.0126694,1084 1084 1083 1149 1085 1086 1152 1217 1216 1151 1150 1215 -1
GCP,adapt_p70-52877936550931_a281-24999999999994_340_map.h5,27.8634,10,584,714,19.471220:281.250000,1217,True,13,13,1217,0.999998,25.4108,0,0.0123909,1152 1152 1151 1150 1215 1278 1279 1216 1217 1153 1218 1280 -1
GCP,adapt_p60-00000000000001_a0-0_520_map.h5,26.8873,10,575,1153,30.000000:0.000000,1294,True,9,9,1294,0.999999,16.1034,0,0.0124445,1231 1231 1293 1294 1295 1354 1353 1411 -1
GCP,adapt_p23-556464309101234_a157-5_523_map.h5,26.8728,10,517,1065,66.443535:157.500000,1701,True,13,13,1729,0.999999,25.4696,0,0.0129704,1728 1728 1665 1666 1700 1701 1667 1702 1730 1754 1753 1729 -1
GCP,adapt_p80-40593177313954_a315-0_495_map.h5,25.2718,10,134,1451,9.594069:315.000000,1093,True,101,12,1223,0.964383,24.9849,0,0.0137258,1283 1222 1285 1223 1158 1093 1159 1160 1224 1287 1286 -1
GCP,adapt_p48-18968510422141_a326-24999999999994_376_map.h5,27.888,10,694,760,41.810314:326.250000,1514,True,8,8,1513,0.999999,13.5273,0,0.012767,1514 1514 1461 1462 1513 1562 1563 -1
GCP,adapt_p60-00000000000001_a22-5_469_map.h5,27.7819,10,133,712,30.000000:22.500000,1298,True,25,13,1297,0.999156,25.7372,0,0.0128876,1357 1357 1298 1235 1171 1170 1232 1296 1233 1234 1297 1356 -1
GCP,adapt_p11-715852394892384_a45-0_121_map.h5,27.8934,10,704,740,78.284149:45.000000,1766,True,7,7,1766,0.999999,10.7278,0,0.0123873,1767 1767 1748 1747 1766 1746 -1
GCP,adapt_p23-556464309101234_a202-5_110_map.h5,24.9817,10,128,1424,66.443535:202.500000,1704,False,157,11,1594,0.765985,22.8373,0,0.0149527,1327 1445 1498 1548 1593 1635 1673 1636 1594 1549 -1
GCP,adapt_p70-52877936550931_a348-74999999999994_308_map.h5,27.86,10,653,727,19.471220:348.750000,1229,True,10,10,1229,0.999998,18.1489,0,0.0128162,1228 1228 1164 1165 1230 1293 1292 1229 1291 -1
GCP,adapt_p70-52877936550931_a348-74999999999994_182_map.h5,26.8644,10,536,1116,19.471220:348.750000,1229,True,12,12,1229,0.999998,23.0647,0,0.0133448,1230 1230 1167 1293 1292 1229 1165 1164 1228 1291 1290 -1
GCP,adapt_p80-40593177313954_a292-5_221_map.h5,26.8722,10,573,1129,9.594069:292.500000,1088,True,13,13,1088,0.999999,25.6914,0,0.0126466,1153 1153 1218 1219 1154 1087 1020 1021 1088 1089 1155 1090 -1
GCP,adapt_p35-659087696138755_a285-0_109_map.h5,26.8483,10,540,1112,54.340912:285.000000,1601,True,13,13,1642,0.999998,26.1888,0,0.0124543,1641 1641 1600 1601 1602 1643 1680 1679 1678 1642 1599 1677 -1
GCP,adapt_p70-52877936550931_a101-24999999999999_519_map.h5,26.8146,10,585,1129,19.471220:101.250000,1185,True,10,10,1185,0.999999,18.6242,0,0.0131962,1120 1120 1119 1118 1184 1185 1121 1187 1186 -1
GCP,adapt_p48-18968510422141_a303-75_453_map.h5,27.8593,10,425,804,41.810314:303.750000,1510,True,15,14,1458,0.999999,27.5478,0,0.0124863,1509 1509 1559 1558 1508 1456 1457 1401 1402 1458 1510 1511 1459 -1
GCP,adapt_p80-40593177313954_a0-0_445_map.h5,25.4314,10,98,1138,9.594069:0.000000,1034,False,229,11,1078,0.700852,23.7279,0,0.0171084,1329 1075 1076 1009 1077 1143 1078 1079 1080 1081 -1
GCP,adapt_p60-00000000000001_a337-49999999999994_124_map.h5,27.899,10,652,744,30.000000:337.500000,1350,True,10,10,1351,0.999999,18.3815,0,0.0128054,1290 1290 1352 1291 1351 1409 1408 1350 1289 -1
GCP,adapt_p80-40593177313954_a135-0_75_map.h5,26.8495,10,461,1113,9.594069:135.000000,1059,True,16,13,1060,0.999998,25.4001,0,0.0123227,1126 1126 1127 1128 1062 1061 993 1060 992 1059 991 1058 -1
GCP,adapt_p70-52877936550931_a56-24999999999999_223_map.h5,28.7693,10,110,344,19.471220:56.250000,1177,True,30,13,1177,0.997718,26.9694,0,0.0124836,1110 1111 1112 1178 1241 1240 1177 1176 1239 1238 1175 1110 -1
GCP,adapt_p48-18968510422141_a236-25_321_map.h5,26.8718,10,412,1149,41.810314:236.250000,1501,True,13,13,1500,0.999999,25.6617,0,0.0129358,1447 1447 1501 1551 1502 1449 1448 1500 1550 1549 1499 1446 -1
GCP,adapt_p70-52877936550931_a258-75_20_map.h5,27.0195,10,132,372,19.471220:258.750000,1213,False,317,13,1753,0.559015,26.5219,0,0.0221208,1756 1753 1729 1730 1754 1772 1771 1786 1793 1792 1797 1781 -1
GCP,adapt_p23-556464309101234_a202-5_166_map.h5,27.8684,10,512,709,66.443535:202.500000,1704,True,13,13,1705,0.999999,25.5352,0,0.0123959,1672 1672 1671 1634 1635 1706 1733 1732 1705 1704 1670 1633 -1
GCP,adapt_p70-52877936550931_a101-24999999999999_190_map.h5,26.8502,10,448,1154,19.471220:101.250000,1185,True,15,13,1186,0.999992,25.5454,0,0.0125501,1250 1250 1251 1312 1249 1248 1185 1119 1120 1186 1187 1121 -1
GCP,adapt_p60-00000000000001_a90-0_56_map.h5,27.8868,10,641,777,30.000000:90.000000,1309,True,10,10,1309,0.999999,18.2046,0,0.0130017,1308 1308 1246 1309 1367 1368 1369 1310 1247 -1
GCP,adapt_p80-40593177313954_a0-0_43_map.h5,26.8714,10,435,1095,9.594069:0.000000,1034,True,11,11,1034,0.999999,21.2121,0,0.0133921,967 967 1033 1100 1032 1166 1101 1034 1035 968 -1
GCP,adapt_p80-40593177313954_a202-49999999999997_32_map.h5,26.8273,10,453,1141,9.594069:202.500000,1072,True,18,13,1071,0.999954,25.2095,0,0.0125427,1138 1138 1139 1073 1072 1004 1003 1071 1137 1136 1070 1002 -1
GCP,adapt_p60-00000000000001_a22-5_360_map.h5,25.7981,10,278,1556,30.000000:22.500000,1298,True,22,13,1298,0.999929,25.1794,0,0.012678,1297 1297 1233 1234 1235 1298 1357 1358 1299 1236 1237 1300 -1
GCP,adapt_p70-52877936550931_a168-74999999999997_104_map.h5,27.8939,10,605,733,19.471220:168.750000,1197,True,9,9,1197,0.999998,16.1431,0,0.012928,1260 1260 1259 1196 1261 1198 1197 1131 -1
GCP,adapt_p35-659087696138755_a344-99999999999994_408_map.h5,28.8766,10,457,321,54.340912:345.000000,1609,True,11,11,1609,0.999999,20.361,0,0.0131906,1650 1650 1649 1608 1564 1565 1566 1609 1610 1611 -1
GCP,adapt_p11-715852394892384_a225-0_90_map.h5,26.8584,10,394,1154,78.284149:225.000000,1774,True,13,13,1775,0.999999,25.2176,0,0.014322,1788 1788 1773 1787 1774 1756 1757 1758 1775 1789 1776 1759 -1
GCP,adapt_p70-52877936550931_a146-25_326_map.h5,25.6549,10,253,1605,19.471220:146.250000,1193,True,43,13,1192,0.997112,25.2058,0,0.0128216,1194 1194 1128 1193 1127 1126 1192 1255 1254 1191 1125 1190 -1
GCP,adapt_p70-52877936550931_a56-24999999999999_513_map.h5,26.7143,10,191,1107,19.471220:56.250000,1177,True,33,13,1241,0.995295,25.282,0,0.0134888,1176 1176 1177 1178 1112 1179 1242 1241 1304 1303 1240 1239 -1
GCP,adapt_p35-659087696138755_a105-0_19_map.h5,27.9014,10,653,725,54.340912:105.000000,1579,True,7,7,1579,1,11.1116,0,0.0123371,1622 1622 1580 1623 1579 1578 -1
GCP,adapt_p70-52877936550931_a123-74999999999999_138_map.h5,25.3998,10,167,1432,19.471220:123.750000,1189,True,77,11,1253,0.861382,24.9833,0,0.0130185,1115 1182 1246 1183 1189 1252 1315 1253 1254 1316 -1
GCP,adapt_p80-40593177313954_a224-99999999999997_182_map.h5,26.8543,10,587,1113,9.594069:225.000000,1076,True,14,13,1075,0.999996,26.041,0,0.012495,1008 1008 1077 1143 1142 1076 1009 1075 1141 1140 1074 1007 -1
GCP,adapt_p60-00000000000001_a90-0_497_map.h5,28.3695,10,94,357,30.000000:90.000000,1309,False,86,13,1426,0.896532,27.4792,0,0.013274,1428 1427 1481 1311 1310 1369 1426 1368 1367 1425 1479 1480 -1
GCP,adapt_p48-18968510422141_a191-25_520_map.h5,26.8871,10,636,1121,41.810314:191.250000,1494,True,10,10,1441,0.999999,17.9051,0,0.012725,1442 1442 1495 1545 1544 1494 1441 1493 1440 -1
GCP,adapt_p48-18968510422141_a326-24999999999994_141_map.h5,26.8755,10,615,1080,41.810314:326.250000,1514,True,9,9,1462,0.999998,15.3859,0,0.0123047,1514 1514 1513 1461 1405 1406 1462 1463 -1
GCP,adapt_p35-659087696138755_a344-99999999999994_311_map.h5,27.8864,10,627,761,54.340912:345.000000,1609,True,7,7,1609,0.999999,11.2525,0,0.0123995,1649 1649 1609 1650 1608 1648 -1
GCP,adapt_p70-52877936550931_a146-25_120_map.h5,27.8509,10,315,688,19.471220:146.250000,1193,True,17,13,1256,0.999998,26.3238,0,0.0128925,1257 1257 1193 1127 1194 1258 1319 1318 1256 1255 1192 1191 -1
GCP,adapt_p48-18968510422141_a168-74999999999997_43_map.h5,26.8462,10,475,1091,41.810314:168.750000,1491,True,15,13,1490,0.999999,25.844,0,0.0126083,1436 1436 1380 1437 1438 1490 1491 1542 1541 1540 1489 1435 -1
GCP,adapt_p35-659087696138755_a105-0_366_map.h5,28.7953,10,222,374,54.340912:105.000000,1579,True,26,14,1623,0.99976,27.6588,0,0.01255,1624 1624 1662 1661 1660 1622 1579 1533 1534 1580 1623 1581 1535 -1
GCP,adapt_p48-18968510422141_a33-75_22_map.h5,27.87,10,384,771,41.810314:33.750000,1471,True,10,10,1417,0.999999,18.4102,0,0.0127754,1416 1416 1359 1358 1417 1418 1472 1471 1470 -1
GCP,adapt_p70-52877936550931_a348-74999999999994_585_map.h5,27.8925,10,662,792,19.471220:348.750000,1229,True,8,8,1165,0.999999,13.758,0,0.0123147,1229 1229 1166 1230 1165 1164 1228 -1
GCP,adapt_p23-556464309101234_a202-5_138_map.h5,27.8731,10,474,770,66.443535:202.500000,1704,True,10,10,1704,0.999999,18.1889,0,0.0126576,1705 1705 1670 1671 1704 1703 1731 1732 1733 -1
GCP,adapt_p70-52877936550931_a281-24999999999994_117_map.h5,26.8394,10,388,1160,19.471220:281.250000,1217,True,16,13,1215,0.999998,25.0903,0,0.0133754,1278 1278 1279 1217 1152 1151 1216 1215 1150 1149 1214 1277 -1
GCP,adapt_p60-00000000000001_a112-49999999999999_70_map.h5,26.5801,10,108,1134,30.000000:112.500000,1313,False,56,12,1186,0.992702,24.5075,0,0.013748,1247 1184 1118 1119 1185 1248 1186 1120 1187 1250 1249 -1
GCP,adapt_p70-52877936550931_a258-75_365_map.h5,26.8225,10,441,1132,19.471220:258.750000,1213,True,18,13,1214,0.999927,25.977,0,0.0132792,1215 1215 1149 1150 1214 1278 1277 1276 1213 1148 1147 1212 -1
GCP,adapt_p80-40593177313954_a22-5_557_map.h5,28.6611,10,142,391,9.594069:22.500000,1038,False,45,14,1174,0.99548,27.8274,0,0.0126543,1039 1039 1106 1173 1107 1040 1041 1108 1174 1237 1238 1175 1109 -1
GCP,adapt_p80-40593177313954_a270-0_472_map.h5,23.5572,10,68,1169,9.594069:270.000000,1084,False,551,9,1599,0.295043,22.8178,0,0.0417813,1585 1553 1598 1554 1555 1599 1600 1642 -1
GCP,adapt_p70-52877936550931_a213-75_562_map.h5,25.7301,10,373,1446,19.471220:213.750000,1205,True,30,13,1205,0.999074,24.9336,0,0.0126334,1267 1267 1204 1139 1140 1205 1268 1269 1206 1141 1142 1207 -1
GCP,adapt_p60-00000000000001_a45-0_306_map.h5,28.8902,10,553,373,30.000000:45.000000,1301,True,10,10,1302,0.999999,18.1965,0,0.0125723,1239 1239 1301 1238 1302 1361 1362 1303 1240 -1
GCP,adapt_p48-18968510422141_a56-24999999999999_157_map.h5,26.8534,10,622,1122,41.810314:56.250000,1475,True,10,10,1421,0.999999,18.7985,0,0.0123919,1475 1475 1422 1363 1421 1526 1474 1420 1419 -1
GCP,adapt_p80-40593177313954_a315-0_360_map.h5,26.814,10,227,1054,9.594069:315.000000,1093,True,22,12,1093,0.999832,22.979,0,0.0127601,1024 1024 1091 1092 1158 1159 1093 1025 1026 1094 1027 -1
GCP,adapt_p60-00000000000001_a22-5_49_map.h5,26.8383,10,370,1182,30.000000:22.500000,1298,True,15,13,1358,0.999998,25.7397,0,0.0125073,1357 1357 1297 1298 1299 1358 1415 1416 1417 1359 1300 1360 -1
GCP,adapt_p48-18968510422141_a123-74999999999999_369_map.h5,27.8772,10,529,740,41.810314:123.750000,1484,True,11,11,1485,0.999999,20.8597,0,0.012579,1431 1431 1430 1432 1486 1537 1536 1485 1484 1535 -1
GCP,adapt_p23-556464309101234_a202-5_63_map.h5,27.8832,10,723,764,66.443535:202.500000,1704,True,10,10,1732,0.999999,17.9526,0,0.01257,1705 1705 1733 1756 1732 1731 1704 1670 1671 -1
GCP,adapt_p35-659087696138755_a195-0_277_map.h5,26.8743,10,625,1082,54.340912:195.000000,1590,True,10,10,1633,0.999998,17.7701,0,0.0134748,1590 1590 1591 1592 1634 1671 1670 1633 1632 -1
GCP,adapt_p70-52877936550931_a326-24999999999994_596_map.h5,25.754,10,396,1498,19.471220:326.250000,1225,True,30,13,1160,0.998994,25.5081,0,0.0127699,1223 1223 1159 1224 1225 1226 1162 1096 1095 1161 1160 1094 -1
GCP,adapt_p35-659087696138755_a255-00000000000003_394_map.h5,25.6969,10,210,1556,54.340912:255.000000,1598,True,37,12,1598,0.98894,24.6459,0,0.0129487,1638 1639 1640 1600 1555 1554 1599 1598 1553 1552 1597 -1
GCP,adapt_p80-40593177313954_a180-0_306_map.h5,27.7812,10,247,781,9.594069:180.000000,1067,True,26,14,1199,0.999621,27.7175,0,0.0126349,1263 1263 1200 1135 1068 1067 1133 1134 1199 1262 1261 1198 1132 -1
GCP,adapt_p48-18968510422141_a33-75_115_map.h5,25.7735,10,353,1481,41.810314:33.750000,1471,True,22,13,1416,0.999842,25.7738,0,0.0132695,1415 1415 1358 1357 1416 1417 1359 1418 1472 1471 1470 1469 -1
GCP,adapt_p35-659087696138755_a165-0_387_map.h5,26.8521,10,338,1190,54.340912:165.000000,1587,True,13,13,1587,0.999999,25.949,0,0.0126704,1630 1630 1542 1588 1631 1587 1541 1540 1586 1629 1628 1585 -1
GCP,adapt_p11-715852394892384_a225-0_81_map.h5,26.7702,10,493,1102,78.284149:225.000000,1774,True,11,11,1774,0.999999,20.3642,0,0.012582,1775 1775 1758 1788 1787 1774 1773 1755 1756 1757 -1
GCP,adapt_p48-18968510422141_a78-75_505_map.h5,27.8623,10,520,746,41.810314:78.750000,1478,True,13,13,1478,0.999999,25.2408,0,0.0125069,1477 1477 1423 1424 1478 1425 1426 1480 1479 1531 1530 1529 -1
GCP,adapt_p70-52877936550931_a303-75_592_map.h5,26.8804,10,552,1151,19.471220:303.750000,1221,True,12,12,1220,0.999999,23.6954,0,0.0123611,1155 1155 1221 1284 1157 1156 1220 1283 1282 1219 1154 -1
GCP,adapt_p11-715852394892384_a45-0_54_map.h5,27.901,10,713,759,78.284149:45.000000,1766,True,8,8,1746,0.999999,13.3119,0,0.012778,1766 1766 1747 1767 1746 1745 1765 -1
GCP,adapt_p35-659087696138755_a105-0_232_map.h5,27.3914,10,124,714,54.340912:105.000000,1579,True,82,10,1623,0.972569,26.5538,0,0.0133783,1462 1662 1624 1581 1580 1623 1661 1622 1579 -1
GCP,adapt_p70-52877936550931_a258-75_536_map.h5,26.8122,10,382,1147,19.471220:258.750000,1213,True,21,12,1213,0.999802,22.6867,0,0.012595,1277 1277 1214 1149 1148 1213 1276 1275 1274 1212 1147 -1
GCP,adapt_p60-00000000000001_a270-0_77_map.h5,28.4697,10,98,364,30.000000:270.000000,1339,False,76,13,1395,0.909158,26.5819,0,0.0130471,1504 1452 1396 1338 1337 1395 1451 1450 1394 1336 1393 1335 -1
GCP,adapt_p23-556464309101234_a22-5_209_map.h5,27.6048,10,81,757,66.443535:22.500000,1689,True,62,13,1745,0.981845,26.961,0,0.0130219,1652 1688 1719 1746 1720 1689 1718 1744 1745 1765 1766 1782 -1
GCP,adapt_p70-52877936550931_a101-24999999999999_513_map.h5,28.8225,10,182,388,19.471220:101.250000,1185,True,22,14,1187,0.999995,28.3485,0,0.012335,1188 1188 1121 1122 1187 1251 1250 1186 1120 1119 1185 1248 1249 -1
GCP,adapt_p70-52877936550931_a123-74999999999999_533_map.h5,27.8341,10,356,765,19.471220:123.750000,1189,True,18,13,1189,0.999933,25.6126,0,0.0126961,1188 1188 1122 1123 1189 1124 1190 1191 1253 1315 1252 1251 -1
GCP,adapt_p70-52877936550931_a146-25_304_map.h5,26.51,10,129,1128,19.471220:146.250000,1193,True,67,12,1255,0.971703,24.9203,0,0.0128623,1253 1191 1254 1192 1193 1257 1319 1318 1256 1255 1317 -1
GCP,adapt_p23-556464309101234_a337-5_436_map.h5,27.747,10,352,725,66.443535:337.500000,1716,True,28,13,1716,0.997929,25.3527,0,0.0128303,1683 1683 1716 1742 1717 1685 1684 1715 1741 1740 1714 1682 -1
GCP,adapt_p48-18968510422141_a123-74999999999999_156_map.h5,26.8513,10,470,1104,41.810314:123.750000,1484,True,16,13,1485,0.999999,25.496,0,0.0134326,1536 1536 1537 1486 1487 1433 1432 1485 1535 1484 1431 1430 -1
GCP,adapt_p80-40593177313954_a337-49999999999994_168_map.h5,25.832,10,417,1442,9.594069:337.500000,1097,True,18,12,1096,0.999964,23.0383,0,0.012822,1162 1162 1161 1160 1094 1027 1095 1096 1097 1029 1028 -1
GCP,adapt_p70-52877936550931_a213-75_400_map.h5,26.8478,10,574,1072,19.471220:213.750000,1205,True,14,13,1205,0.999999,26.1053,0,0.0130206,1204 1204 1266 1203 1138 1139 1268 1267 1205 1140 1141 1206 -1
GCP,adapt_p35-659087696138755_a315-0_359_map.h5,28.7743,10,165,353,54.340912:315.000000,1605,False,25,13,1510,0.999022,25.8464,0,0.0125074,1457 1457 1508 1602 1558 1509 1458 1510 1559 1603 1604 1560 -1
GCP,adapt_p11-715852394892384_a315-0_367_map.h5,26.847,10,452,1181,78.284149:315.000000,1778,True,14,13,1762,0.999998,25.0173,0,0.0128278,1779 1779 1791 1778 1777 1760 1761 1762 1763 1740 1739 1738 -1
GCP,adapt_p60-00000000000001_a202-49999999999997_311_map.h5,28.3485,10,69,409,30.000000:202.500000,1328,False,92,13,1269,0.967035,27.4746,0,0.0133153,1386 1329 1388 1330 1268 1206 1207 1269 1331 1332 1270 1271 -1
GCP,adapt_p80-40593177313954_a224-99999999999997_77_map.h5,26.6982,10,241,1084,9.594069:225.000000,1076,True,35,13,1075,0.999183,25.7754,0,0.0126378,1073 1073 1007 1006 1074 1140 1141 1075 1008 1076 1009 1077 -1
GCP,adapt_p80-40593177313954_a337-49999999999994_349_map.h5,26.8527,10,475,1116,9.594069:337.500000,1097,True,14,13,1097,0.999999,26.3229,0,0.0130265,1030 1030 1099 1031 1098 1164 1163 1097 1029 1096 1162 1095 -1
GCP,adapt_p60-00000000000001_a224-99999999999997_448_map.h5,28.7759,10,136,367,30.000000:225.000000,1331,True,29,14,1333,0.999009,27.8152,0,0.0128422,1272 1272 1271 1332 1270 1331 1390 1447 1448 1391 1333 1334 1392 -1
GCP,adapt_p60-00000000000001_a157-5_226_map.h5,25.8557,10,387,1469,30.000000:157.500000,1320,True,16,13,1379,0.999997,25.0785,0,0.0130554,1378 1378 1319 1320 1258 1259 1321 1322 1380 1437 1436 1379 -1
GCP,adapt_p35-659087696138755_a45-0_383_map.h5,26.5219,10,210,1112,54.340912:45.000000,1572,True,66,12,1571,0.990344,24.6077,0,0.0129075,1473 1525 1572 1573 1616 1654 1614 1570 1615 1571 1524 -1
GCP,adapt_p80-40593177313954_a0-0_175_map.h5,27.8737,10,684,754,9.594069:0.000000,1034,True,9,9,1100,0.999998,15.6789,0,0.0130321,1099 1099 1165 1100 1166 1034 1101 1035 -1
GCP,adapt_p70-52877936550931_a101-24999999999999_57_map.h5,27.8976,10,699,731,19.471220:101.250000,1185,True,9,9,1185,0.999999,15.7217,0,0.0131657,1186 1186 1120 1119 1185 1249 1248 1184 -1
GCP,adapt_p60-00000000000001_a0-0_135_map.h5,27.8688,10,439,717,30.000000:0.000000,1294,True,11,11,1410,0.999999,21.0865,0,0.0129731,1352 1352 1409 1465 1466 1410 1411 1412 1353 1294 -1
GCP,adapt_p70-52877936550931_a326-24999999999994_474_map.h5,26.8306,10,440,1238,19.471220:326.250000,1225,True,18,13,1226,0.999973,25.4001,0,0.0132299,1227 1227 1290 1350 1289 1288 1349 1348 1287 1225 1226 1162 -1
GCP,adapt_p35-659087696138755_a14-999999999999998_457_map.h5,26.8732,10,494,1134,54.340912:15.000000,1568,True,12,12,1568,0.999999,22.6296,0,0.0125589,1569 1569 1570 1614 1653 1652 1613 1612 1567 1568 1521 -1
GCP,adapt_p11-715852394892384_a315-0_494_map.h5,26.873,10,502,1036,78.284149:315.000000,1778,True,12,12,1778,0.999999,22.1021,0,0.0127746,1791 1791 1781 1780 1779 1763 1762 1778 1790 1789 1777 -1
GCP,adapt_p70-52877936550931_a168-74999999999997_77_map.h5,25.7131,10,376,1486,19.471220:168.750000,1197,True,34,13,1260,0.99647,25.4027,0,0.0126905,1323 1323 1322 1321 1258 1195 1259 1196 1197 1260 1261 1198 -1
GCP,adapt_p48-18968510422141_a236-25_4_map.h5,27.7919,10,282,740,41.810314:236.250000,1501,True,24,13,1500,0.99916,25.2955,0,0.0128452,1499 1499 1549 1500 1550 1551 1552 1502 1501 1449 1448 1447 -1
GCP,adapt_p23-556464309101234_a22-5_371_map.h5,26.8804,10,512,1131,66.443535:22.500000,1689,True,12,12,1689,0.999999,23.2786,0,0.0124324,1720 1720 1719 1691 1655 1654 1690 1653 1689 1688 1652 -1
GCP,adapt_p35-659087696138755_a285-0_188_map.h5,27.8982,10,715,775,54.340912:285.000000,1601,True,9,9,1601,0.999999,15.4948,0,0.0126188,1642 1642 1643 1602 1601 1600 1556 1557 -1
GCP,adapt_p48-18968510422141_a258-75_504_map.h5,27.7992,10,296,764,41.810314:258.750000,1504,True,23,14,1451,0.999891,27.659,0,0.012571,1554 1554 1505 1453 1452 1504 1553 1552 1502 1450 1503 1451 1395 -1
GCP,adapt_p70-52877936550931_a146-25_597_map.h5,25.7852,10,327,1517,19.471220:146.250000,1193,True,24,13,1127,0.999525,25.6838,0,0.0125512,1062 1062 1061 1128 1129 1194 1193 1127 1060 1126 1192 1191 -1
GCP,adapt_p48-18968510422141_a348-74999999999994_170_map.h5,25.8252,10,568,1458,41.810314:348.750000,1517,True,19,13,1465,0.99996,25.7577,0,0.0126286,1410 1410 1352 1409 1465 1466 1517 1464 1408 1463 1515 1516 -1
GCP,adapt_p60-00000000000001_a22-5_354_map.h5,27.8863,10,694,738,30.000000:22.500000,1298,True,8,8,1298,0.999998,13.2876,0,0.0125018,1357 1357 1358 1298 1297 1356 1296 -1
GCP,adapt_p35-659087696138755_a195-0_66_map.h5,27.8821,10,555,745,54.340912:195.000000,1590,True,10,10,1591,0.999999,18.2549,0,0.0126477,1633 1633 1592 1634 1591 1546 1545 1590 1632 -1
GCP,adapt_p60-00000000000001_a247-49999999999997_379_map.h5,26.8723,10,625,1120,30.000000:247.500000,1335,True,11,11,1274,0.999999,20.7466,0,0.0124528,1273 1273 1272 1334 1335 1274 1211 1275 1336 1337 -1
GCP,adapt_p23-556464309101234_a202-5_405_map.h5,25.7972,10,328,1545,66.443535:202.500000,1704,True,23,13,1703,0.999835,25.4559,0,0.01264,1705 1705 1671 1670 1669 1703 1730 1702 1731 1704 1732 1733 -1
GCP,adapt_p48-18968510422141_a258-75_322_map.h5,26.8132,10,516,1119,41.810314:258.750000,1504,True,24,13,1452,0.99979,25.5512,0,0.0135743,1506 1506 1555 1554 1504 1451 1452 1396 1397 1453 1505 1454 -1
GCP,adapt_p23-556464309101234_a112-5_420_map.h5,27.7969,10,234,738,66.443535:112.500000,1697,True,25,14,1726,0.999893,27.589,0,0.0128935,1696 1696 1697 1727 1698 1699 1728 1753 1752 1751 1726 1725 1750 -1
GCP,adapt_p48-18968510422141_a326-24999999999994_417_map.h5,24.241,10,100,1473,41.810314:326.250000,1514,False,251,11,1445,0.806176,23.1605,0,0.0183795,1593 1388 1387 1444 1445 1446 1447 1390 1389 1331 -1
GCP,adapt_p23-556464309101234_a202-5_78_map.h5,26.7961,10,419,1112,66.443535:202.500000,1704,True,18,13,1733,0.999992,25.1245,0,0.0126818,1706 1706 1734 1733 1705 1672 1671 1704 1732 1756 1757 1758 -1
GCP,adapt_p23-556464309101234_a112-5_205_map.h5,26.7441,10,198,1110,66.443535:112.500000,1697,True,34,13,1725,0.998317,25.2078,0,0.0126298,1727 1727 1750 1769 1770 1751 1726 1697 1696 1725 1724 1695 -1
GCP,adapt_p23-556464309101234_a112-5_287_map.h5,25.8102,10,372,1444,66.443535:112.500000,1697,True,23,13,1697,0.999903,25.2119,0,0.0126078,1726 1726 1698 1664 1663 1625 1624 1662 1697 1725 1696 1661 -1
GCP,adapt_p48-18968510422141_a236-25_71_map.h5,27.8221,10,281,742,41.810314:236.250000,1501,True,21,13,1448,0.999961,25.8331,0,0.0127677,1393 1393 1448 1391 1333 1392 1449 1450 1502 1501 1500 1447 -1
GCP,adapt_p60-00000000000001_a90-0_470_map.h5,27.7407,10,266,757,30.000000:90.000000,1309,True,35,14,1368,0.997626,27.3728,0,0.0130766,1424 1424 1366 1307 1308 1367 1425 1368 1309 1310 1369 1427 1426 -1
GCP,adapt_p80-40593177313954_a90-0_99_map.h5,26.8744,10,543,1095,9.594069:90.000000,1051,True,12,12,1116,0.999998,23.1242,0,0.0124857,1117 1117 1050 1049 1115 1116 1182 1183 1118 1052 1051 -1
GCP,adapt_p48-18968510422141_a146-25_466_map.h5,28.6487,10,95,366,41.810314:146.250000,1488,True,45,14,1488,0.995558,27.9023,0,0.0130908,1437 1437 1490 1489 1436 1540 1539 1538 1487 1434 1488 1435 1378 -1
GCP,adapt_p70-52877936550931_a213-75_307_map.h5,26.832,10,365,1181,19.471220:213.750000,1205,True,17,13,1206,0.999989,25.7232,0,0.0127662,1205 1205 1139 1140 1141 1075 1142 1207 1270 1269 1268 1206 -1
GCP,adapt_p60-00000000000001_a157-5_346_map.h5,28.3885,10,82,379,30.000000:157.500000,1320,True,88,12,1320,0.907823,26.4916,0,0.0132715,1430 1318 1257 1319 1377 1378 1435 1436 1379 1320 1321 -1
GCP,adapt_p80-40593177313954_a247-49999999999997_78_map.h5,25.7142,10,308,1501,9.594069:247.500000,1080,True,31,12,1080,0.997571,23.8293,0,0.0126066,1012 1012 1081 1147 1082 1013 1080 1146 1145 1079 1011 -1
GCP,adapt_p70-52877936550931_a11-25_147_map.h5,27.8341,10,248,771,19.471220:11.250000,1169,True,19,13,1102,0.999989,26.9457,0,0.0126722,1168 1168 1101 1035 1036 1037 1102 1167 1169 1103 1104 1170 -1
GCP,adapt_p80-40593177313954_a67-5_384_map.h5,26.874,10,541,1126,9.594069:67.500000,1047,True,12,12,1046,0.999999,23.9382,0,0.0128319,978 978 1044 977 1045 979 980 1047 1113 1046 1112 -1
GCP,adapt_p48-18968510422141_a33-75_144_map.h5,27.8924,10,722,732,41.810314:33.750000,1471,True,8,8,1472,0.999999,13.5276,0,0.0123978,1471 1471 1418 1417 1472 1524 1523 -1
GCP,adapt_p23-556464309101234_a292-5_10_map.h5,26.8003,10,211,1153,66.443535:292.500000,1712,True,22,13,1712,0.999196,25.4088,0,0.0125352,1761 1761 1737 1711 1712 1738 1739 1740 1714 1713 1681 1680 -1
GCP,adapt_p70-52877936550931_a303-75_311_map.h5,25.7764,10,280,1518,19.471220:303.750000,1221,True,26,13,1282,0.999467,25.1717,0,0.0133488,1281 1281 1342 1343 1344 1283 1221 1156 1155 1220 1282 1219 -1
GCP,adapt_p60-00000000000001_a202-49999999999997_110_map.h5,26.8717,10,537,1142,30.000000:202.500000,1328,True,13,13,1328,0.999999,25.1763,0,0.0131163,1267 1267 1266 1265 1327 1386 1328 1329 1387 1388 1330 1268 -1
GCP,adapt_p70-52877936550931_a303-75_103_map.h5,25.7327,10,289,1523,19.471220:303.750000,1221,True,34,13,1284,0.998207,25.2537,0,0.0131107,1223 1223 1285 1222 1221 1220 1282 1343 1344 1283 1284 1345 -1
GCP,adapt_p80-40593177313954_a224-99999999999997_371_map.h5,27.8669,10,417,694,9.594069:225.000000,1076,True,12,12,1140,0.999999,22.911,0,0.0129463,1074 1074 1073 1139 1140 1205 1206 1141 1075 1142 1076 -1
GCP,adapt_p23-556464309101234_a337-5_351_map.h5,26.8674,10,525,1159,66.443535:337.500000,1716,True,13,13,1716,0.999998,25.1759,0,0.0124246,1684 1684 1649 1685 1686 1687 1743 1717 1742 1716 1715 1741 -1
GCP,adapt_p11-715852394892384_a225-0_516_map.h5,28.8764,10,411,379,78.284149:225.000000,1774,True,12,12,1774,0.999999,22.8629,0,0.012399,1757 1757 1774 1775 1776 1758 1756 1755 1773 1787 1788 -1
GCP,adapt_p60-00000000000001_a292-5_302_map.h5,26.8482,10,538,1081,30.000000:292.500000,1343,True,17,13,1343,0.999996,25.5031,0,0.0125564,1283 1283 1344 1219 1282 1343 1401 1400 1342 1281 1280 1341 -1
GCP,adapt_p23-556464309101234_a67-5_562_map.h5,26.8348,10,349,1168,66.443535:67.500000,1693,True,19,13,1722,0.999991,25.5183,0,0.0129352,1747 1747 1746 1748 1723 1724 1694 1693 1692 1722 1721 1691 -1
GCP,adapt_p48-18968510422141_a236-25_276_map.h5,26.8867,10,612,1120,41.810314:236.250000,1501,True,10,10,1501,0.999999,17.8206,0,0.0130832,1449 1449 1448 1500 1550 1551 1501 1502 1552 -1
GCP,adapt_p35-659087696138755_a195-0_166_map.h5,27.8654,10,345,754,54.340912:195.000000,1590,True,11,11,1632,0.999999,20.8599,0,0.0123732,1590 1590 1631 1589 1632 1669 1670 1671 1633 1591 -1
GCP,adapt_p48-18968510422141_a281-24999999999994_149_map.h5,27.8812,10,522,766,41.810314:281.250000,1507,True,11,11,1508,0.999999,21.2543,0,0.0125364,1557 1557 1556 1454 1455 1507 1558 1509 1508 1456 -1
GCP,adapt_p80-40593177313954_a315-0_59_map.h5,28.3937,10,109,416,9.594069:315.000000,1093,False,87,13,1090,0.894707,27.8107,0,0.0130645,1280 1152 1153 1088 1022 1089 1155 1156 1090 1023 1091 1157 -1
GCP,adapt_p23-556464309101234_a67-5_213_map.h5,26.826,10,386,1183,66.443535:67.500000,1693,True,19,13,1693,0.999965,26.0145,0,0.0128056,1723 1723 1692 1722 1693 1724 1695 1694 1659 1658 1619 1657 -1
GCP,adapt_p80-40593177313954_a22-5_172_map.h5,27.876,10,652,752,9.594069:22.500000,1038,True,12,12,1038,0.999998,23.4227,0,0.0127862,971 971 1037 970 1038 1104 1105 1039 972 1040 1106 -1
GCP,adapt_p80-40593177313954_a22-5_535_map.h5,27.8399,10,271,725,9.594069:22.500000,1038,True,18,13,1039,0.999989,25.4378,0,0.0129286,970 970 971 1038 1037 1103 1104 1105 1039 972 1040 1106 -1
GCP,adapt_p70-52877936550931_a213-75_403_map.h5,25.6038,10,80,1516,19.471220:213.750000,1205,True,52,12,1140,0.972932,24.7203,0,0.0129709,1267 1268 1206 1141 1074 1140 1205 1204 1139 1073 1138 -1
GCP,adapt_p48-18968510422141_a348-74999999999994_500_map.h5,26.8799,10,703,1048,41.810314:348.750000,1517,True,10,10,1465,0.999999,18.4397,0,0.0128384,1517 1517 1466 1465 1565 1564 1515 1516 1464 -1
GCP,adapt_p23-556464309101234_a67-5_69_map.h5,28.4423,10,101,387,66.443535:67.500000,1693,False,78,13,1238,0.977572,27.7454,0,0.0134807,1235 1173 1237 1300 1174 1108 1175 1176 1239 1302 1238 1301 -1
GCP,adapt_p70-52877936550931_a33-75_284_map.h5,26.8849,10,692,1045,19.471220:33.750000,1173,True,10,10,1173,0.999998,20.0846,0,0.0128915,1236 1173 1107 1106 1172 1174 1238 1237 1236 -1
GCP,adapt_p80-40593177313954_a292-5_535_map.h5,26.7401,10,320,1032,9.594069:292.500000,1088,True,33,13,1089,0.997921,25.6907,0,0.0126513,1090 1090 1021 1022 1089 1155 1154 1088 1020 1087 1153 1218 -1
GCP,adapt_p80-40593177313954_a315-0_540_map.h5,26.8361,10,406,1204,9.594069:315.000000,1093,True,19,13,1093,0.999969,26.3323,0,0.012711,1158 1158 1091 1157 1092 1159 1160 1095 1094 1026 1093 1025 -1
GCP,adapt_p23-556464309101234_a22-5_80_map.h5,26.8734,10,445,1165,66.443535:22.500000,1689,True,11,11,1689,0.999999,20.2026,0,0.0123838,1688 1688 1652 1653 1654 1690 1720 1689 1719 1718 -1
GCP,adapt_p60-00000000000001_a202-49999999999997_587_map.h5,26.7671,10,203,1074,30.000000:202.500000,1328,True,27,13,1328,0.998548,25.1209,0,0.0127118,1330 1330 1268 1267 1329 1387 1386 1328 1266 1203 1265 1327 -1
GCP,adapt_p35-659087696138755_a45-0_548_map.h5,26.4651,10,160,1135,54.340912:45.000000,1572,True,68,12,1657,0.835914,24.8926,0,0.0136904,1660 1658 1657 1618 1656 1617 1572 1616 1615 1571 1570 -1
GCP,adapt_p48-18968510422141_a281-24999999999994_335_map.h5,26.8161,10,430,1160,41.810314:281.250000,1507,True,20,13,1505,0.999797,25.4315,0,0.0126806,1504 1504 1452 1505 1554 1555 1506 1453 1454 1455 1507 1556 -1
GCP,adapt_p80-40593177313954_a45-0_55_map.h5,27.761,10,239,734,9.594069:45.000000,1042,True,30,13,973,0.997496,25.4755,0,0.0137626,1108 1108 1042 1043 975 974 1041 973 1040 972 1039 971 -1
GCP,adapt_p11-715852394892384_a315-0_573_map.h5,27.8831,10,542,753,78.284149:315.000000,1778,True,11,11,1763,0.999997,20.8858,0,0.0127057,1779 1779 1762 1740 1741 1763 1778 1780 1764 1742 -1
GCP,adapt_p48-18968510422141_a78-75_115_map.h5,27.8789,10,482,788,41.810314:78.750000,1478,True,10,10,1424,0.999998,18.0064,0,0.0128229,1478 1478 1425 1367 1366 1424 1477 1423 1365 -1
GCP,adapt_p23-556464309101234_a67-5_288_map.h5,26.5735,10,109,1133,66.443535:67.500000,1693,True,60,12,1722,0.960394,24.0325,0,0.013278,1695 1724 1749 1768 1748 1747 1721 1692 1693 1722 1723 -1
GCP,adapt_p80-40593177313954_a67-5_427_map.h5,26.8451,10,473,1106,9.594069:67.500000,1047,True,16,13,979,0.999989,25.8532,0,0.0126713,1047 1047 1048 980 913 912 979 1046 1113 1112 978 911 -1
GCP,adapt_p48-18968510422141_a326-24999999999994_311_map.h5,26.8166,10,330,1174,41.810314:326.250000,1514,True,20,13,1463,0.999923,25.6452,0,0.0132023,1516 1516 1465 1464 1463 1407 1462 1515 1564 1563 1514 1513 -1
GCP,adapt_p80-40593177313954_a202-49999999999997_373_map.h5,26.8797,10,573,1089,9.594069:202.500000,1072,True,12,12,1071,0.999998,23.9413,0,0.0130658,1137 1137 1004 1003 1071 1072 1138 1136 1070 1002 1069 -1
GCP,adapt_p48-18968510422141_a191-25_54_map.h5,25.8366,10,353,1443,41.810314:191.250000,1494,True,18,13,1543,0.999989,25.0751,0,0.0131765,1542 1542 1588 1589 1543 1492 1439 1440 1493 1544 1494 1441 -1
GCP,adapt_p80-40593177313954_a270-0_93_map.h5,26.8392,10,478,1144,9.594069:270.000000,1084,True,18,13,1084,0.999988,25.6178,0,0.0125247,1149 1149 1150 1151 1086 1085 1017 1084 1083 1082 1015 1016 -1
GCP,adapt_p80-40593177313954_a270-0_339_map.h5,27.4404,10,195,794,9.594069:270.000000,1084,False,70,13,1151,0.864046,26.8251,0,0.013408,1276 1275 1274 1212 1213 1148 1149 1150 1215 1216 1151 1152 -1
GCP,adapt_p70-52877936550931_a348-74999999999994_395_map.h5,25.8221,10,270,1506,19.471220:348.750000,1229,True,20,12,1229,0.999766,23.4603,0,0.01267,1165 1165 1292 1293 1230 1229 1164 1228 1290 1291 1352 -1
GCP,adapt_p48-18968510422141_a236-25_34_map.h5,27.8223,10,257,714,41.810314:236.250000,1501,True,20,13,1550,0.99993,25.4408,0,0.012526,1501 1501 1447 1448 1500 1499 1549 1594 1595 1550 1551 1596 -1
GCP,adapt_p70-52877936550931_a101-24999999999999_193_map.h5,25.827,10,262,1505,19.471220:101.250000,1185,True,16,13,1120,0.999984,25.2801,0,0.0127879,1121 1121 1055 1054 1120 1053 1052 1118 1119 1185 1186 1187 -1
GCP,adapt_p35-659087696138755_a45-0_246_map.h5,26.88,10,523,1073,54.340912:45.000000,1572,True,11,11,1572,0.999998,20.8773,0,0.0127396,1573 1573 1572 1525 1473 1474 1526 1616 1571 1524 -1
GCP,adapt_p35-659087696138755_a255-00000000000003_334_map.h5,26.8694,10,619,1077,54.340912:255.000000,1598,True,9,9,1597,0.999999,15.9679,0,0.0123678,1639 1639 1596 1638 1597 1553 1598 1640 -1
GCP,adapt_p48-18968510422141_a146-25_349_map.h5,26.8821,10,542,1128,41.810314:146.250000,1488,True,10,10,1488,0.999998,18.0029,0,0.0127368,1434 1434 1433 1487 1538 1539 1488 1435 1489 -1
GCP,adapt_p80-40593177313954_a315-0_174_map.h5,25.8432,10,436,1492,9.594069:315.000000,1093,True,15,13,1093,0.999982,25.7909,0,0.0125731,1025 1025 1024 1091 1157 1158 1092 1159 1160 1094 1093 1026 -1
GCP,adapt_p80-40593177313954_a315-0_389_map.h5,26.8803,10,559,1147,9.594069:315.000000,1093,True,11,11,1093,0.999999,21.4887,0,0.0125075,1158 1158 1091 1157 1222 1092 1093 1094 1159 1223 -1
GCP,adapt_p35-659087696138755_a135-0_124_map.h5,28.7051,10,147,400,54.340912:135.000000,1583,True,41,14,1626,0.996511,27.5549,0,0.0126978,1536 1536 1581 1624 1663 1625 1582 1583 1626 1664 1665 1627 1584 -1
GCP,adapt_p60-00000000000001_a202-49999999999997_507_map.h5,26.8751,10,473,1134,30.000000:202.500000,1328,True,11,11,1266,0.999998,20.695,0,0.0127097,1327 1327 1386 1387 1329 1267 1328 1266 1265 1203 -1
GCP,adapt_p80-40593177313954_a337-49999999999994_456_map.h5,26.8683,10,548,1111,9.594069:337.500000,1097,True,14,13,1161,0.999999,25.3883,0,0.0124726,1095 1095 1160 1161 1226 1227 1162 1096 1097 1163 1164 1098 -1
GCP,adapt_p60-00000000000001_a180-0_247_map.h5,26.8573,10,544,1120,30.000000:180.000000,1324,True,11,11,1323,0.999999,21.1951,0,0.0124717,1382 1382 1322 1260 1381 1323 1261 1262 1324 1383 -1
GCP,adapt_p60-00000000000001_a135-0_259_map.h5,27.8694,10,373,718,30.000000:135.000000,1316,True,11,11,1316,0.999999,20.3738,0,0.0124227,1254 1254 1255 1317 1376 1375 1316 1374 1315 1253 -1
GCP,adapt_p35-659087696138755_a45-0_93_map.h5,27.8993,10,580,783,54.340912:45.000000,1572,True,8,8,1616,0.999999,13.6457,0,0.0124815,1572 1572 1573 1617 1571 1615 1616 -1
GCP,adapt_p80-40593177313954_a247-49999999999997_214_map.h5,26.5893,10,105,358,9.594069:247.500000,1080,False,378,10,1354,0.529129,26.1847,0,0.0271999,1458 1354 1295 1231 1293 1294 1411 1412 1614 -1
GCP,adapt_p80-40593177313954_a180-0_14_map.h5,28.8393,10,366,360,9.594069:180.000000,1067,True,17,14,1068,0.999991,28.0088,0,0.0125672,1001 1001 1067 1133 1132 1066 999 1000 1068 1134 1135 1069 1002 -1
GCP,adapt_p35-659087696138755_a165-0_178_map.h5,26.5767,10,150,1145,54.340912:165.000000,1587,False,53,13,1703,0.993981,26.2442,0,0.0130787,1632 1631 1668 1702 1730 1731 1703 1669 1670 1704 1732 1705 -1
GCP,adapt_p80-40593177313954_a135-0_142_map.h5,28.5177,10,151,375,9.594069:135.000000,1059,True,66,13,1060,0.914517,27.8471,0,0.0130772,1189 1058 1124 1060 992 1059 1125 1191 1192 1126 1127 1061 -1
GCP,adapt_p23-556464309101234_a22-5_496_map.h5,26.6997,10,206,1050,66.443535:22.500000,1689,False,37,13,1616,0.99577,25.4211,0,0.0130711,1573 1573 1618 1656 1617 1572 1616 1655 1691 1690 1654 1615 -1
GCP,adapt_p60-00000000000001_a247-49999999999997_262_map.h5,26.8392,10,373,1132,30.000000:247.500000,1335,True,17,13,1274,0.999985,25.7262,0,0.0125143,1273 1273 1211 1274 1334 1335 1393 1394 1336 1337 1275 1212 -1
GCP,adapt_p70-52877936550931_a326-24999999999994_288_map.h5,27.8602,10,710,738,19.471220:326.250000,1225,True,12,12,1225,0.999999,23.6234,0,0.0126045,1226 1226 1162 1161 1160 1225 1227 1289 1288 1287 1224 -1
GCP,adapt_p35-659087696138755_a255-00000000000003_562_map.h5,26.8674,10,570,1045,54.340912:255.000000,1598,True,11,11,1639,0.999999,20.7047,0,0.0124273,1597 1597 1640 1599 1598 1639 1676 1675 1638 1596 -1
GCP,adapt_p48-18968510422141_a191-25_560_map.h5,26.8697,10,615,1062,41.810314:191.250000,1494,True,12,12,1494,0.999999,23.2204,0,0.0130748,1442 1442 1496 1443 1495 1545 1544 1494 1441 1493 1440 -1
GCP,adapt_p60-00000000000001_a45-0_420_map.h5,26.5892,10,139,1116,30.000000:45.000000,1301,True,56,13,1301,0.991679,26.6003,0,0.0126245,1419 1361 1302 1239 1238 1301 1360 1418 1417 1359 1300 1358 -1
GCP,adapt_p80-40593177313954_a247-49999999999997_61_map.h5,27.6058,10,252,738,9.594069:247.500000,1080,True,54,13,1146,0.993108,26.7136,0,0.0129854,1208 1271 1209 1144 1145 1079 1080 1081 1147 1212 1146 1211 -1
GCP,adapt_p35-659087696138755_a224-99999999999997_472_map.h5,27.8935,10,544,748,54.340912:225.000000,1594,True,7,7,1595,0.999999,11.0685,0,0.0123472,1637 1637 1594 1636 1595 1596 -1
GCP,adapt_p48-18968510422141_a281-24999999999994_36_map.h5,27.8786,10,527,786,41.810314:281.250000,1507,True,12,12,1507,0.999999,22.7005,0,0.0131933,1456 1456 1457 1509 1558 1508 1557 1556 1507 1455 1454 -1
GCP,adapt_p60-00000000000001_a292-5_181_map.h5,27.3667,10,285,755,30.000000:292.500000,1343,False,88,11,1401,0.967701,24.8799,0,0.0131364,1273 1399 1455 1456 1400 1457 1401 1402 1458 1459 -1
GCP,adapt_p70-52877936550931_a123-74999999999999_107_map.h5,27.8369,10,251,794,19.471220:123.750000,1189,True,19,14,1123,0.999879,27.6786,0,0.0129026,1122 1122 1056 1057 1123 1188 1189 1124 1190 1253 1254 1191 1125 -1
GCP,adapt_p48-18968510422141_a281-24999999999994_216_map.h5,26.8511,10,553,1043,41.810314:281.250000,1507,True,15,13,1455,0.999996,26.0585,0,0.0127198,1506 1506 1453 1454 1505 1555 1556 1507 1455 1557 1508 1456 -1
GCP,adapt_p70-52877936550931_a78-75_203_map.h5,26.8542,10,434,1083,19.471220:78.750000,1181,True,13,13,1180,0.999999,25.3963,0,0.0125691,1114 1114 1115 1116 1182 1245 1244 1181 1180 1113 1179 1243 -1
GCP,adapt_p60-00000000000001_a224-99999999999997_592_map.h5,26.8722,10,619,1121,30.000000:225.000000,1331,True,10,10,1331,0.999998,17.8075,0,0.0126276,1390 1390 1332 1270 1269 1331 1389 1388 1330 -1
GCP,adapt_p70-52877936550931_a281-24999999999994_32_map.h5,26.8453,10,507,1036,19.471220:281.250000,1217,True,12,12,1217,0.999999,22.9209,0,0.0124552,1280 1280 1281 1219 1218 1153 1217 1152 1151 1216 1279 -1
GCP,adapt_p35-659087696138755_a285-0_67_map.h5,26.8751,10,508,1141,54.340912:285.000000,1601,True,10,10,1602,0.999999,18.255,0,0.0127142,1643 1643 1603 1644 1602 1558 1557 1601 1642 -1
GCP,adapt_p80-40593177313954_a315-0_74_map.h5,26.6115,10,164,1212,9.594069:315.000000,1093,False,48,13,1028,0.984217,25.6003,0,0.0132887,1092 1092 1025 1026 960 1027 961 1028 962 963 1029 1097 -1
GCP,adapt_p23-556464309101234_a337-5_133_map.h5,27.865,10,301,792,66.443535:337.500000,1716,True,14,14,1742,0.999999,27.7139,0,0.0127223,1717 1717 1685 1716 1715 1741 1763 1764 1744 1742 1743 1718 1687 -1
GCP,adapt_p80-40593177313954_a292-5_47_map.h5,26.7692,10,432,1128,9.594069:292.500000,1088,True,27,13,1090,0.998307,25.3507,0,0.0125788,1153 1153 1087 1088 1154 1089 1155 1156 1090 1023 1091 1092 -1
GCP,adapt_p48-18968510422141_a213-75_490_map.h5,26.8774,10,572,1055,41.810314:213.750000,1497,True,10,10,1445,0.999999,18.2995,0,0.0123791,1498 1498 1444 1497 1445 1388 1389 1446 1499 -1
GCP,adapt_p70-52877936550931_a146-25_233_map.h5,26.8612,10,511,1075,19.471220:146.250000,1193,True,14,13,1193,0.999998,25.7152,0,0.012551,1194 1194 1129 1128 1127 1061 1126 1192 1255 1256 1257 1193 -1
GCP,adapt_p70-52877936550931_a303-75_368_map.h5,26.8719,10,420,1148,19.471220:303.750000,1221,True,12,12,1221,0.999998,23.0983,0,0.0128398,1156 1156 1222 1157 1221 1284 1283 1220 1155 1154 1219 -1
GCP,adapt_p11-715852394892384_a225-0_251_map.h5,26.7733,10,414,1186,78.284149:225.000000,1774,True,14,13,1773,0.999998,24.9582,0,0.0125087,1788 1788 1786 1787 1772 1773 1755 1756 1757 1758 1775 1774 -1
GCP,adapt_p11-715852394892384_a135-0_102_map.h5,25.7702,10,339,1495,78.284149:135.000000,1770,True,31,13,1752,0.998528,25.5451,0,0.0125705,1728 1728 1698 1697 1726 1727 1752 1753 1771 1751 1770 1785 -1
GCP,adapt_p35-659087696138755_a14-999999999999998_57_map.h5,26.8885,10,739,1212,54.340912:15.000000,1568,True,8,8,1612,0.999999,13.122,0,0.0133137,1613 1613 1612 1611 1567 1568 1569 -1
GCP,adapt_p23-556464309101234_a112-5_351_map.h5,26.8305,10,236,1031,66.443535:112.500000,1697,True,19,13,1727,0.999899,25.6274,0,0.0132868,1726 1726 1752 1728 1727 1699 1700 1665 1664 1663 1697 1698 -1
GCP,adapt_p60-00000000000001_a112-49999999999999_185_map.h5,26.8665,10,552,1141,30.000000:112.500000,1313,True,13,13,1313,0.999999,26.2047,0,0.0132353,1312 1312 1370 1371 1311 1249 1250 1313 1372 1251 1314 1373 -1
GCP,adapt_p48-18968510422141_a123-74999999999999_14_map.h5,26.7014,10,162,1140,41.810314:123.750000,1484,True,39,13,1431,0.994782,25.4787,0,0.0133727,1429 1429 1372 1314 1315 1374 1431 1373 1430 1484 1485 1432 -1
GCP,adapt_p11-715852394892384_a225-0_334_map.h5,27.8795,10,513,722,78.284149:225.000000,1774,True,12,12,1774,0.999999,22.493,0,0.0132181,1787 1787 1775 1757 1756 1773 1774 1788 1789 1795 1796 -1
GCP,adapt_p35-659087696138755_a315-0_101_map.h5,27.8742,10,549,726,54.340912:315.000000,1605,True,12,12,1605,0.999999,23.4734,0,0.0125802,1606 1606 1561 1512 1562 1605 1560 1604 1645 1646 1647 -1
GCP,adapt_p80-40593177313954_a157-5_407_map.h5,26.8763,10,577,1114,9.594069:157.500000,1063,True,13,13,1064,0.999999,26.3381,0,0.0125435,1129 1129 1062 995 996 1063 1128 1130 1064 997 1065 1131 -1
GCP,adapt_p48-18968510422141_a168-74999999999997_310_map.h5,27.8133,10,348,802,41.810314:168.750000,1491,True,23,13,1437,0.999906,25.5863,0,0.0125401,1439 1439 1381 1438 1492 1491 1437 1380 1379 1436 1489 1490 -1
GCP,adapt_p48-18968510422141_a11-25_443_map.h5,27.8809,10,415,700,41.810314:11.250000,1468,True,12,12,1414,0.999999,23.3552,0,0.0128896,1468 1468 1467 1412 1354 1355 1413 1469 1415 1414 1356 -1
GCP,adapt_p48-18968510422141_a123-74999999999999_479_map.h5,27.8442,10,261,718,41.810314:123.750000,1484,True,16,13,1431,0.999982,25.1286,0,0.0125386,1486 1486 1433 1432 1485 1536 1535 1484 1430 1431 1374 1373 -1
GCP,adapt_p48-18968510422141_a326-24999999999994_313_map.h5,28.4924,10,155,395,41.810314:326.250000,1514,True,72,13,1513,0.918032,26.7597,0,0.0143396,1566 1565 1609 1608 1564 1515 1514 1513 1512 1562 1563 1607 -1
GCP,adapt_p60-00000000000001_a202-49999999999997_72_map.h5,27.6328,10,211,777,30.000000:202.500000,1328,True,48,13,1388,0.982734,26.5995,0,0.0129743,1266 1328 1267 1329 1387 1444 1497 1445 1446 1389 1388 1330 -1
GCP,adapt_p70-52877936550931_a236-25_201_map.h5,26.8221,10,373,1126,19.471220:236.250000,1209,True,22,13,1209,0.999955,26.1109,0,0.0126785,1208 1208 1207 1271 1272 1273 1209 1143 1144 1145 1210 1211 -1
GCP,adapt_p60-00000000000001_a202-49999999999997_348_map.h5,27.6077,10,211,767,30.000000:202.500000,1328,True,52,14,1326,0.978085,27.3979,0,0.0131159,1267 1267 1329 1328 1266 1265 1327 1385 1384 1326 1264 1263 1325 -1
GCP,adapt_p11-715852394892384_a315-0_371_map.h5,28.6869,10,113,366,78.284149:315.000000,1778,False,51,15,1797,0.938679,28.0106,0,0.0128809,1780 1780 1779 1781 1797 1792 1793 1784 1794 1795 1796 1791 1790 1789 -1
GCP,adapt_p70-52877936550931_a146-25_450_map.h5,27.8773,10,651,736,19.471220:146.250000,1193,True,12,12,1128,0.999999,23.8383,0,0.0124211,1126 1126 1193 1192 1127 1194 1129 1128 1062 1061 1060 -1
GCP,adapt_p23-556464309101234_a157-5_528_map.h5,28.8502,10,335,412,66.443535:157.500000,1701,True,18,14,1700,0.999996,28.324,0,0.0125942,1666 1666 1699 1664 1665 1700 1728 1701 1667 1702 1730 1729 1753 -1
GCP,adapt_p80-40593177313954_a180-0_132_map.h5,26.8784,10,588,1117,9.594069:180.000000,1067,True,12,12,1067,0.999999,23.667,0,0.0124437,1068 1068 999 1066 1132 1133 1067 1000 1069 1135 1134 -1
GCP,adapt_p48-18968510422141_a191-25_270_map.h5,27.8909,10,721,698,41.810314:191.250000,1494,True,9,9,1494,0.999999,15.8951,0,0.0128792,1440 1440 1492 1493 1441 1494 1544 1545 -1
GCP,adapt_p23-556464309101234_a67-5_529_map.h5,28.8745,10,375,336,66.443535:67.500000,1693,True,11,11,1693,0.999999,20.2981,0,0.012327,1694 1694 1724 1723 1722 1693 1692 1656 1657 1658 -1
GCP,adapt_p70-52877936550931_a213-75_151_map.h5,26.6168,10,216,1130,19.471220:213.750000,1205,True,45,12,1204,0.996322,24.5402,0,0.0129378,1072 1138 1203 1266 1267 1268 1205 1206 1140 1204 1139 -1
GCP,adapt_p60-00000000000001_a67-5_39_map.h5,27.8594,10,691,796,30.000000:67.500000,1305,True,8,8,1305,0.999999,13.5568,0,0.0133719,1306 1306 1364 1365 1305 1242 1243 -1
GCP,adapt_p35-659087696138755_a255-00000000000003_61_map.h5,28.8803,10,468,395,54.340912:255.000000,1598,True,10,10,1598,0.999999,17.984,0,0.0125158,1639 1639 1597 1553 1554 1599 1598 1640 1641 -1
GCP,adapt_p23-556464309101234_a292-5_15_map.h5,25.8265,10,475,1455,66.443535:292.500000,1712,True,18,13,1712,0.999989,25.5305,0,0.0132378,1739 1739 1711 1738 1712 1679 1680 1681 1713 1740 1714 1682 -1
GCP,adapt_p35-659087696138755_a255-00000000000003_588_map.h5,26.8788,10,511,1102,54.340912:255.000000,1598,True,9,9,1597,0.999999,17.3623,0,0.0129923,1639 1597 1552 1553 1598 1596 1638 1639 -1
GCP,adapt_p48-18968510422141_a123-74999999999999_308_map.h5,26.7021,10,240,1070,41.810314:123.750000,1484,False,37,13,1433,0.992025,25.2917,0,0.0126508,1376 1376 1434 1487 1486 1433 1375 1432 1485 1431 1374 1315 -1
GCP,adapt_p23-556464309101234_a247-49999999999997_494_map.h5,26.7766,10,177,1078,66.443535:247.500000,1708,True,26,13,1707,0.998941,26.4466,0,0.013197,1735 1734 1757 1733 1705 1706 1673 1674 1707 1735 1708 1675 -1
GCP,adapt_p70-52877936550931_a168-74999999999997_271_map.h5,26.8533,10,578,1111,19.471220:168.750000,1197,True,14,13,1197,0.999998,25.9018,0,0.0124867,1198 1198 1133 1199 1132 1131 1130 1196 1259 1260 1197 1261 -1
GCP,adapt_p35-659087696138755_a315-0_432_map.h5,26.8613,10,494,1098,54.340912:315.000000,1605,True,13,13,1606,0.999999,25.5667,0,0.0124924,1647 1647 1605 1561 1604 1645 1646 1606 1562 1563 1607 1648 -1
GCP,adapt_p60-00000000000001_a67-5_217_map.h5,28.7582,10,176,375,30.000000:67.500000,1305,True,31,14,1365,0.997083,27.6406,0,0.0126124,1424 1424 1366 1307 1243 1306 1365 1423 1364 1305 1242 1241 1304 -1
GCP,adapt_p80-40593177313954_a67-5_486_map.h5,26.8693,10,481,1086,9.594069:67.500000,1047,True,13,13,1112,0.999999,26.1334,0,0.012502,1113 1113 1047 1048 1114 979 1046 1045 1111 1112 1179 1178 -1
GCP,adapt_p35-659087696138755_a344-99999999999994_407_map.h5,27.8389,10,278,766,54.340912:345.000000,1609,True,17,13,1609,0.999982,26.7148,0,0.0128615,1565 1609 1610 1566 1519 1567 1611 1686 1650 1649 1608 1565 -1
GCP,adapt_p35-659087696138755_a285-0_524_map.h5,26.8895,10,631,1032,54.340912:285.000000,1601,True,10,10,1643,0.999999,17.7689,0,0.0123113,1601 1601 1602 1603 1644 1680 1679 1643 1642 -1
GCP,adapt_p11-715852394892384_a45-0_243_map.h5,27.8934,10,612,755,78.284149:45.000000,1766,True,7,7,1766,0.999999,10.7278,0,0.0123848,1767 1767 1748 1747 1766 1746 -1
GCP,adapt_p23-556464309101234_a22-5_295_map.h5,26.8944,10,791,1191,66.443535:22.500000,1689,True,8,8,1719,0.999999,14.032,0,0.0124186,1689 1689 1718 1688 1719 1720 1653 -1
GCP,adapt_p70-52877936550931_a78-75_571_map.h5,26.8549,10,489,1090,19.471220:78.750000,1181,True,18,13,1181,0.999994,25.5727,0,0.0129093,1114 1114 1179 1180 1115 1181 1244 1245 1182 1116 1117 1183 -1
GCP,adapt_p60-00000000000001_a202-49999999999997_276_map.h5,27.8201,10,323,755,30.000000:202.500000,1328,True,19,13,1387,0.999903,25.9361,0,0.0126607,1330 1330 1267 1329 1388 1387 1444 1443 1386 1328 1385 1327 -1
GCP,adapt_p80-40593177313954_a270-0_503_map.h5,27.624,10,222,797,9.594069:270.000000,1084,True,51,13,1085,0.969588,26.4005,0,0.0127773,1273 1273 1274 1335 1336 1275 1149 1084 1150 1151 1085 1086 -1
GCP,adapt_p23-556464309101234_a337-5_445_map.h5,28.8628,10,449,396,66.443535:337.500000,1716,True,14,14,1716,0.999999,28.2979,0,0.013042,1715 1715 1682 1714 1740 1683 1684 1685 1717 1716 1741 1742 1743 -1
GCP,adapt_p80-40593177313954_a315-0_208_map.h5,25.7862,10,346,1478,9.594069:315.000000,1093,True,20,13,1159,0.999821,25.6336,0,0.0126403,1161 1161 1225 1224 1160 1095 1094 1093 1159 1223 1158 1092 -1
GCP,adapt_p35-659087696138755_a315-0_586_map.h5,26.8693,10,393,1125,54.340912:315.000000,1605,True,13,13,1561,0.999999,25.4947,0,0.0125312,1512 1512 1560 1604 1559 1510 1511 1561 1605 1606 1562 1513 -1
GCP,adapt_p60-00000000000001_a315-0_301_map.h5,26.8915,10,812,1177,30.000000:315.000000,1346,True,8,8,1346,0.999999,13.2425,0,0.0123263,1347 1347 1285 1346 1404 1403 1345 -1
GCP,adapt_p23-556464309101234_a157-5_410_map.h5,26.7809,10,248,1071,66.443535:157.500000,1701,True,29,13,1700,0.999081,25.9857,0,0.0128461,1665 1665 1666 1701 1667 1729 1728 1727 1698 1699 1700 1664 -1
GCP,adapt_p70-52877936550931_a33-75_353_map.h5,27.8262,10,329,770,19.471220:33.750000,1173,True,19,13,1107,0.999951,25.681,0,0.0126229,1174 1174 1107 1173 1172 1105 1039 1106 1040 1041 1108 1175 -1
GCP,adapt_p70-52877936550931_a146-25_219_map.h5,26.6544,10,169,1121,19.471220:146.250000,1193,True,47,12,1127,0.991574,24.6145,0,0.0133623,1189 1124 1125 1191 1126 1060 1061 1127 1192 1193 1128 -1
GCP,adapt_p70-52877936550931_a56-24999999999999_573_map.h5,27.8941,10,730,762,19.471220:56.250000,1177,True,8,8,1177,0.999999,13.2556,0,0.0126236,1176 1176 1110 1111 1178 1177 1240 -1
GCP,adapt_p11-715852394892384_a315-0_178_map.h5,26.7494,10,173,1087,78.284149:315.000000,1778,False,30,13,1712,0.996366,25.4277,0,0.0134014,1711 1711 1739 1738 1712 1679 1643 1644 1680 1681 1713 1714 -1
GCP,adapt_p60-00000000000001_a180-0_418_map.h5,25.8672,10,85,722,30.000000:180.000000,1324,False,331,10,1233,0.815954,23.8995,0,0.0232718,1692 1297 1296 1234 1170 1233 1232 1169 1168 -1
GCP,adapt_p80-40593177313954_a180-0_421_map.h5,27.8573,10,453,728,9.594069:180.000000,1067,True,15,13,1067,0.999997,25.5243,0,0.0124966,1134 1134 1135 1069 1068 1133 1132 1066 999 1067 1000 1001 -1
GCP,adapt_p80-40593177313954_a135-0_473_map.h5,26.8633,10,538,1187,9.594069:135.000000,1059,True,13,13,1059,0.999999,26.0354,0,0.0124529,992 992 1061 1127 1126 1060 993 1059 1125 1124 1058 991 -1
GCP,adapt_p70-52877936550931_a191-25_511_map.h5,26.8502,10,554,1146,19.471220:191.250000,1201,True,14,13,1201,0.999999,25.1761,0,0.0124643,1265 1265 1266 1203 1202 1201 1264 1263 1200 1135 1136 1137 -1
GCP,adapt_p23-556464309101234_a67-5_410_map.h5,26.8843,10,567,1040,66.443535:67.500000,1693,True,11,11,1694,0.999999,20.6875,0,0.0124568,1723 1723 1695 1724 1694 1659 1658 1657 1693 1722 -1
GCP,adapt_p48-18968510422141_a56-24999999999999_332_map.h5,27.8745,10,478,744,41.810314:56.250000,1475,True,11,11,1475,0.999998,19.9705,0,0.0133745,1420 1420 1474 1526 1527 1475 1421 1422 1476 1528 -1
GCP,adapt_p80-40593177313954_a0-0_377_map.h5,26.8841,10,605,1072,9.594069:0.000000,1034,True,12,12,1035,0.999998,23.5023,0,0.012706,1101 1101 1102 1036 968 967 1035 1166 1100 1034 1033 -1
GCP,adapt_p35-659087696138755_a315-0_408_map.h5,27.8749,10,379,706,54.340912:315.000000,1605,True,12,12,1646,0.999998,22.9312,0,0.0129175,1645 1645 1603 1604 1605 1646 1681 1682 1683 1647 1606 -1
GCP,adapt_p11-715852394892384_a225-0_55_map.h5,28.8262,10,197,328,78.284149:225.000000,1774,True,23,14,1756,0.999982,26.8854,0,0.0126066,1731 1731 1755 1773 1787 1788 1774 1775 1758 1757 1756 1732 1733 -1
GCP,adapt_p80-40593177313954_a67-5_445_map.h5,27.5666,10,48,386,9.594069:67.500000,1047,False,211,13,1098,0.795655,27.4121,0,0.0169381,897 1032 1100 1034 1166 1165 1099 1098 1097 1030 1031 964 -1
GCP,adapt_p23-556464309101234_a337-5_374_map.h5,25.8362,10,318,1539,66.443535:337.500000,1716,True,16,12,1742,0.999774,23.5227,0,0.0126803,1764 1764 1718 1687 1717 1743 1744 1763 1741 1742 1716 -1
GCP,adapt_p35-659087696138755_a45-0_248_map.h5,27.865,10,510,742,54.340912:45.000000,1572,True,13,13,1616,0.999999,25.9517,0,0.0128078,1615 1615 1614 1654 1656 1655 1616 1571 1572 1573 1617 1618 -1
GCP,adapt_p60-00000000000001_a292-5_560_map.h5,25.8329,10,417,1463,30.000000:292.500000,1343,True,16,13,1343,0.999955,25.0989,0,0.0128895,1344 1344 1283 1282 1219 1218 1280 1281 1342 1400 1401 1343 -1
GCP,adapt_p60-00000000000001_a22-5_313_map.h5,27.6902,10,181,788,30.000000:22.500000,1298,True,34,13,1297,0.996967,25.3323,0,0.0125785,1299 1299 1235 1298 1357 1356 1297 1234 1233 1296 1232 1169 -1
GCP,adapt_p35-659087696138755_a224-99999999999997_590_map.h5,26.866,10,522,1175,54.340912:225.000000,1594,True,12,12,1594,0.999998,23.5855,0,0.0127894,1593 1593 1592 1635 1549 1548 1594 1636 1637 1595 1550 -1
GCP,adapt_p35-659087696138755_a14-999999999999998_590_map.h5,26.8713,10,478,1090,54.340912:15.000000,1568,True,10,10,1568,0.999998,18.3015,0,0.0125007,1521 1521 1567 1520 1568 1612 1613 1569 1522 -1
GCP,adapt_p60-00000000000001_a90-0_143_map.h5,26.8333,10,523,1049,30.000000:90.000000,1309,True,16,13,1309,0.999996,25.2575,0,0.012477,1368 1368 1369 1311 1248 1247 1310 1309 1246 1245 1308 1367 -1
GCP,adapt_p70-52877936550931_a123-74999999999999_532_map.h5,26.8756,10,585,1086,19.471220:123.750000,1189,True,10,10,1124,0.999999,17.9115,0,0.0132357,1123 1123 1122 1188 1189 1190 1124 1125 1191 -1
GCP,adapt_p80-40593177313954_a112-49999999999999_132_map.h5,26.8583,10,456,1173,9.594069:112.500000,1055,True,13,13,987,0.999999,25.8108,0,0.0134288,986 986 1052 985 1053 1054 1120 1121 1055 987 988 1056 -1
GCP,adapt_p70-52877936550931_a348-74999999999994_424_map.h5,26.8307,10,461,1087,19.471220:348.750000,1229,True,15,13,1229,0.999998,26.767,0,0.0130745,1291 1291 1227 1290 1352 1229 1228 1164 1165 1230 1292 1293 -1
GCP,adapt_p80-40593177313954_a180-0_5_map.h5,27.8172,10,303,758,9.594069:180.000000,1067,True,20,13,1000,0.999956,25.7585,0,0.0125637,934 934 933 932 998 1066 999 1067 1000 1001 1069 1068 -1
GCP,adapt_p60-00000000000001_a247-49999999999997_409_map.h5,27.8851,10,689,745,30.000000:247.500000,1335,True,8,8,1335,0.999999,13.6803,0,0.0126843,1274 1274 1275 1336 1273 1334 1335 -1
GCP,adapt_p23-556464309101234_a292-5_487_map.h5,28.7748,10,135,346,66.443535:292.500000,1712,True,29,14,1738,0.999371,28.0551,0,0.0129744,1713 1713 1740 1739 1712 1679 1711 1737 1710 1738 1761 1760 1759 -1
GCP,adapt_p60-00000000000001_a247-49999999999997_260_map.h5,26.733,10,226,1095,30.000000:247.500000,1335,True,33,13,1273,0.995482,25.6658,0,0.0137736,1334 1334 1333 1272 1335 1336 1275 1212 1211 1274 1273 1210 -1
GCP,adapt_p60-00000000000001_a135-0_484_map.h5,27.825,10,310,666,30.000000:135.000000,1316,True,20,13,1375,0.999957,25.4663,0,0.0128004,1374 1374 1315 1316 1375 1432 1376 1317 1318 1377 1434 1433 -1
GCP,adapt_p70-52877936550931_a191-25_226_map.h5,26.8631,10,394,1159,19.471220:191.250000,1201,True,14,12,1202,0.999995,24.9704,0,0.0126642,1137 1202 1265 1266 1203 1201 1264 1200 1135 1136 1137 -1
GCP,adapt_p11-715852394892384_a135-0_507_map.h5,27.8934,10,840,801,78.284149:135.000000,1770,True,9,9,1752,0.999998,15.693,0,0.0123529,1753 1753 1727 1728 1752 1751 1770 1771 -1
GCP,adapt_p35-659087696138755_a75-0_96_map.h5,27.8921,10,676,687,54.340912:75.000000,1576,True,9,9,1576,0.999999,15.5543,0,0.0126329,1619 1619 1620 1577 1530 1529 1576 1575 -1
GCP,adapt_p80-40593177313954_a337-49999999999994_74_map.h5,26.8684,10,606,1116,9.594069:337.500000,1097,True,9,9,1097,0.999998,16.1257,0,0.0123914,1163 1163 1096 1162 1097 1098 1164 1099 -1
GCP,adapt_p35-659087696138755_a135-0_417_map.h5,24.7244,10,90,1527,54.340912:135.000000,1583,False,200,11,1735,0.845851,23.372,0,0.0161736,1762 1708 1675 1674 1707 1706 1734 1735 1758 1757 -1
GCP,adapt_p23-556464309101234_a67-5_328_map.h5,25.8383,10,489,1485,66.443535:67.500000,1693,True,18,13,1657,0.999984,25.1051,0,0.0124633,1692 1692 1691 1655 1617 1656 1657 1618 1619 1658 1693 1694 -1
GCP,adapt_p70-52877936550931_a303-75_105_map.h5,25.8551,10,482,1475,19.471220:303.750000,1221,True,14,13,1283,0.999999,25.2714,0,0.0127005,1284 1284 1222 1157 1156 1221 1220 1155 1219 1282 1283 1344 -1
GCP,adapt_p70-52877936550931_a236-25_315_map.h5,25.8532,10,572,1465,19.471220:236.250000,1209,True,14,13,1144,0.999997,25.4165,0,0.0125855,1210 1210 1211 1273 1272 1209 1208 1143 1078 1144 1145 1079 -1
GCP,adapt_p48-18968510422141_a236-25_456_map.h5,26.7923,10,442,1157,41.810314:236.250000,1501,True,12,12,1449,0.999999,23.7935,0,0.0124597,1501 1501 1502 1450 1500 1447 1448 1391 1392 1449 1393 -1
GCP,adapt_p11-715852394892384_a225-0_374_map.h5,27.8934,10,658,742,78.284149:225.000000,1774,True,7,7,1757,0.999999,10.4568,0,0.0124003,1758 1758 1775 1774 1757 1756 -1
GCP,adapt_p70-52877936550931_a11-25_468_map.h5,26.8884,10,624,1101,19.471220:11.250000,1169,True,9,9,1169,0.999998,15.6121,0,0.0123994,1102 1102 1168 1169 1103 1104 1170 1233 -1
GCP,adapt_p35-659087696138755_a285-0_416_map.h5,28.7922,10,161,348,54.340912:285.000000,1601,False,26,14,1679,0.999432,27.4891,0,0.0126122,1644 1644 1602 1643 1679 1680 1712 1711 1710 1677 1678 1642 1641 -1
GCP,adapt_p80-40593177313954_a22-5_238_map.h5,26.8498,10,542,1068,9.594069:22.500000,1038,True,14,13,1038,0.999995,25.53,0,0.0130286,1039 1039 972 971 970 1038 1105 1104 1103 1037 969 1036 -1
GCP,adapt_p60-00000000000001_a90-0_425_map.h5,26.8513,10,492,1125,30.000000:90.000000,1309,True,15,13,1309,0.999998,25.9029,0,0.0124844,1247 1247 1309 1246 1245 1307 1366 1367 1308 1368 1310 1248 -1
GCP,adapt_p48-18968510422141_a236-25_78_map.h5,26.8734,10,405,1160,41.810314:236.250000,1501,True,12,12,1500,0.999999,23.6068,0,0.0124239,1448 1448 1499 1549 1446 1447 1500 1550 1551 1501 1449 -1
GCP,adapt_p80-40593177313954_a135-0_526_map.h5,26.59,10,145,1087,9.594069:135.000000,1059,True,56,12,1125,0.985624,24.9817,0,0.0127689,1193 1192 1126 1060 1191 1254 1190 1189 1124 1125 1059 -1
GCP,adapt_p35-659087696138755_a135-0_362_map.h5,27.8263,10,245,775,54.340912:135.000000,1583,True,19,14,1584,0.999975,27.6126,0,0.0125108,1538 1538 1537 1582 1625 1626 1583 1584 1627 1665 1628 1585 1539 -1
GCP,adapt_p35-659087696138755_a14-999999999999998_38_map.h5,28.7566,10,155,361,54.340912:15.000000,1568,True,28,14,1522,0.999788,28.3159,0,0.0131512,1524 1524 1471 1472 1523 1571 1570 1522 1470 1469 1521 1568 1569 -1
GCP,adapt_p48-18968510422141_a146-25_430_map.h5,26.8845,10,681,1043,41.810314:146.250000,1488,True,9,9,1434,0.999998,15.4778,0,0.0123211,1435 1435 1436 1489 1488 1487 1434 1433 -1
GCP,adapt_p48-18968510422141_a258-75_570_map.h5,25.5819,10,138,1427,41.810314:258.750000,1504,False,53,12,1394,0.97427,24.0919,0,0.0129349,1273 1335 1393 1450 1394 1336 1337 1395 1396 1452 1451 -1
GCP,adapt_p23-556464309101234_a202-5_517_map.h5,26.7746,10,233,1056,66.443535:202.500000,1704,True,25,13,1732,0.999582,25.2556,0,0.0131807,1704 1704 1731 1732 1705 1706 1733 1756 1773 1755 1754 1730 -1
GCP,adapt_p70-52877936550931_a258-75_165_map.h5,27.8062,10,286,726,19.471220:258.750000,1213,True,25,14,1147,0.999924,27.6365,0,0.0125734,1146 1146 1147 1082 1148 1149 1214 1213 1276 1275 1212 1211 1274 -1
GCP,adapt_p60-00000000000001_a90-0_374_map.h5,26.8386,10,441,1098,30.000000:90.000000,1309,True,16,13,1369,0.999982,25.3385,0,0.013146,1309 1309 1369 1310 1247 1248 1311 1370 1427 1426 1368 1367 -1
GCP,adapt_p48-18968510422141_a236-25_257_map.h5,26.8471,10,479,1076,41.810314:236.250000,1501,True,15,13,1500,0.999998,25.0972,0,0.0127475,1551 1551 1596 1595 1550 1549 1499 1500 1501 1448 1449 1502 -1
GCP,adapt_p48-18968510422141_a168-74999999999997_396_map.h5,25.8502,10,425,1500,41.810314:168.750000,1491,True,13,13,1437,0.999999,25.4916,0,0.0125439,1436 1436 1489 1540 1541 1490 1379 1380 1437 1438 1491 1542 -1
GCP,adapt_p80-40593177313954_a90-0_10_map.h5,25.8117,10,275,1523,9.594069:90.000000,1051,True,21,13,1049,0.999967,25.2243,0,0.0131233,982 982 981 1048 1114 1115 1049 1050 1116 1117 1051 983 -1
GCP,adapt_p35-659087696138755_a135-0_244_map.h5,27.7934,10,241,777,54.340912:135.000000,1583,True,23,13,1583,0.999346,25.4511,0,0.0133958,1538 1538 1585 1627 1584 1537 1583 1626 1664 1663 1625 1582 -1
GCP,adapt_p70-52877936550931_a11-25_478_map.h5,26.4546,10,107,1136,19.471220:11.250000,1169,False,74,12,1295,0.988287,24.4486,0,0.0131527,1412 1354 1355 1356 1296 1233 1232 1168 1231 1295 1294 -1
GCP,adapt_p70-52877936550931_a348-74999999999994_548_map.h5,28.8601,10,313,384,19.471220:348.750000,1229,True,14,14,1228,0.999998,27.7972,0,0.0126338,1290 1290 1351 1352 1291 1229 1292 1230 1165 1164 1163 1228 1227 -1
GCP,adapt_p70-52877936550931_a78-75_487_map.h5,25.8579,10,318,1504,19.471220:78.750000,1181,True,13,13,1115,0.999999,25.6329,0,0.012881,1180 1180 1115 1049 1116 1182 1181 1114 1048 1047 1113 1179 -1
GCP,adapt_p80-40593177313954_a224-99999999999997_78_map.h5,26.8413,10,364,1142,9.594069:225.000000,1076,True,16,13,1076,0.999986,26.0752,0,0.0125532,1141 1141 1142 1140 1074 1075 1008 1009 1076 1077 1143 1078 -1
GCP,adapt_p80-40593177313954_a337-49999999999994_402_map.h5,25.8622,10,404,1510,9.594069:337.500000,1097,True,13,12,1096,0.999999,23.9383,0,0.0135539,1161 1161 1160 1095 1162 1163 1096 1029 1097 1030 1098 -1
GCP,adapt_p23-556464309101234_a247-49999999999997_312_map.h5,27.8033,10,293,770,66.443535:247.500000,1708,True,17,14,1708,0.999993,27.4579,0,0.0124784,1675 1675 1676 1710 1737 1736 1709 1708 1735 1734 1707 1674 1673 -1
GCP,adapt_p11-715852394892384_a225-0_199_map.h5,26.8823,10,584,1101,78.284149:225.000000,1774,True,12,12,1757,0.999998,23.2757,0,0.012471,1774 1774 1758 1775 1757 1773 1755 1756 1732 1733 1734 -1
GCP,adapt_p48-18968510422141_a258-75_271_map.h5,27.8788,10,757,712,41.810314:258.750000,1504,True,11,11,1504,0.999998,21.0757,0,0.0130047,1503 1503 1450 1552 1553 1554 1505 1504 1451 1452 -1
GCP,adapt_p48-18968510422141_a78-75_79_map.h5,27.8425,10,372,735,41.810314:78.750000,1478,True,16,13,1424,0.99998,25.3724,0,0.0132777,1479 1479 1478 1424 1366 1367 1425 1530 1529 1477 1423 1365 -1
GCP,adapt_p60-00000000000001_a315-0_459_map.h5,27.0717,10,95,732,30.000000:315.000000,1346,True,132,12,1286,0.951449,25.5895,0,0.0141145,1156 1345 1284 1346 1285 1223 1224 1287 1348 1286 1347 -1
GCP,adapt_p35-659087696138755_a315-0_135_map.h5,26.583,10,66,396,54.340912:315.000000,1605,True,375,8,1561,0.540715,25.8486,0,0.0266162,1126 1560 1604 1605 1606 1561 1512 -1
GCP,adapt_p70-52877936550931_a56-24999999999999_422_map.h5,26.8801,10,572,1114,19.471220:56.250000,1177,True,12,12,1177,0.999999,23.317,0,0.0127278,1241 1241 1240 1176 1110 1111 1177 1242 1179 1178 1112 -1
GCP,adapt_p80-40593177313954_a22-5_559_map.h5,28.7702,10,86,407,9.594069:22.500000,1038,False,24,14,903,0.999944,28.0025,0,0.0135805,972 972 973 905 904 971 903 970 969 902 901 968 900 -1
GCP,adapt_p23-556464309101234_a202-5_149_map.h5,26.2718,10,52,420,66.443535:202.500000,1704,True,417,12,1730,0.771621,25.6647,0,0.0327586,1662 1729 1701 1702 1730 1753 1754 1755 1731 1703 1704 -1
GCP,adapt_p35-659087696138755_a255-00000000000003_415_map.h5,27.8912,10,721,766,54.340912:255.000000,1598,True,7,7,1639,0.999999,10.6471,0,0.0126236,1598 1598 1640 1676 1639 1597 -1
GCP,adapt_p60-00000000000001_a0-0_343_map.h5,26.8645,10,512,1173,30.000000:0.000000,1294,True,11,11,1294,0.999998,21.4519,0,0.0132724,1354 1354 1355 1296 1411 1353 1294 1293 1231 1295 -1
GCP,adapt_p35-659087696138755_a344-99999999999994_520_map.h5,27.8374,10,298,828,54.340912:345.000000,1609,True,17,13,1609,0.999993,25.7044,0,0.0123994,1610 1610 1565 1566 1609 1608 1564 1607 1648 1649 1650 1611 -1
GCP,adapt_p48-18968510422141_a303-75_577_map.h5,27.8853,10,508,780,41.810314:303.750000,1510,True,10,10,1459,0.999999,18.1298,0,0.0124872,1403 1403 1460 1404 1459 1511 1510 1458 1402 -1
GCP,adapt_p70-52877936550931_a213-75_521_map.h5,26.849,10,553,1118,19.471220:213.750000,1205,True,15,13,1269,0.999985,25.9602,0,0.0128303,1205 1205 1267 1329 1330 1268 1269 1206 1140 1141 1270 1207 -1
GCP,adapt_p60-00000000000001_a224-99999999999997_485_map.h5,26.5109,10,200,1119,30.000000:225.000000,1331,True,52,12,1271,0.982986,24.2547,0,0.0128818,1330 1331 1390 1332 1270 1207 1208 1209 1272 1271 1333 -1
GCP,adapt_p35-659087696138755_a195-0_586_map.h5,28.574,10,95,367,54.340912:195.000000,1590,False,62,13,1490,0.976282,27.0205,0,0.012816,1379 1437 1436 1489 1540 1587 1541 1490 1491 1542 1543 1544 -1
GCP,adapt_p60-00000000000001_a247-49999999999997_491_map.h5,28.8042,10,217,388,30.000000:247.500000,1335,True,23,14,1335,0.999963,28.1379,0,0.0125831,1394 1394 1393 1392 1333 1334 1273 1274 1335 1336 1395 1337 1275 -1
GCP,adapt_p80-40593177313954_a247-49999999999997_13_map.h5,26.8614,10,442,1156,9.594069:247.500000,1080,True,14,13,1081,0.999999,25.9224,0,0.0123329,1146 1146 1147 1145 1079 1012 1080 1013 1081 1014 1082 1148 -1
GCP,adapt_p35-659087696138755_a255-00000000000003_491_map.h5,27.8904,10,572,741,54.340912:255.000000,1598,True,9,9,1598,0.999999,15.4398,0,0.0124055,1599 1599 1554 1553 1598 1640 1639 1597 -1
GCP,adapt_p48-18968510422141_a326-24999999999994_462_map.h5,26.796,10,496,1117,41.810314:326.250000,1514,False,22,13,1405,0.999938,25.3485,0,0.0128284,1348 1348 1347 1404 1459 1460 1512 1513 1461 1405 1406 1462 -1
GCP,adapt_p35-659087696138755_a135-0_286_map.h5,26.793,10,43,765,54.340912:135.000000,1583,False,172,12,1373,0.86907,26.4004,0,0.0156903,1479 1368 1372 1313 1314 1373 1315 1374 1431 1432 1375 -1
GCP,adapt_p23-556464309101234_a202-5_35_map.h5,28.4503,10,196,355,66.443535:202.500000,1704,True,84,13,1731,0.847614,28.2711,0,0.0135002,1777 1778 1763 1764 1780 1779 1791 1790 1732 1704 1731 1703 -1
GCP,adapt_p48-18968510422141_a146-25_248_map.h5,25.4643,10,129,1395,41.810314:146.250000,1488,False,72,12,1330,0.966776,24.1959,0,0.0135268,1204 1267 1329 1328 1387 1444 1445 1389 1388 1330 1268 -1
GCP,adapt_p35-659087696138755_a224-99999999999997_192_map.h5,26.8842,10,541,1099,54.340912:225.000000,1594,True,9,9,1636,0.999999,15.3107,0,0.0125475,1637 1637 1595 1594 1593 1635 1636 1673 -1
GCP,adapt_p35-659087696138755_a344-99999999999994_510_map.h5,28.1272,10,25,405,54.340912:345.000000,1609,False,130,12,1467,0.978731,26.8191,0,0.0146361,1229 1412 1413 1468 1520 1521 1567 1467 1518 1519 1566 -1
GCP,adapt_p35-659087696138755_a14-999999999999998_194_map.h5,25.829,10,401,1517,54.340912:15.000000,1568,True,17,12,1613,0.999986,23.3505,0,0.0127944,1614 1614 1569 1522 1570 1615 1653 1652 1613 1612 1568 -1
GCP,adapt_p35-659087696138755_a195-0_89_map.h5,26.8931,10,733,1180,54.340912:195.000000,1590,True,9,9,1590,0.999999,15.4948,0,0.0126298,1632 1632 1633 1591 1590 1589 1544 1545 -1
GCP,adapt_p60-00000000000001_a292-5_96_map.h5,26.8664,10,497,1143,30.000000:292.500000,1343,True,11,11,1342,0.999999,20.8192,0,0.01238,1281 1281 1341 1280 1342 1400 1401 1343 1282 1344 -1
GCP,adapt_p60-00000000000001_a315-0_383_map.h5,28.8991,10,541,381,30.000000:315.000000,1346,True,8,8,1404,0.999999,13.6564,0,0.0127303,1346 1346 1345 1403 1347 1405 1404 -1
GCP,adapt_p11-715852394892384_a225-0_512_map.h5,26.8594,10,429,1120,78.284149:225.000000,1774,True,15,13,1757,0.999994,25.1454,0,0.0134273,1775 1775 1758 1788 1787 1774 1773 1755 1756 1757 1734 1733 -1
GCP,adapt_p60-00000000000001_a315-0_162_map.h5,28.8251,10,200,388,30.000000:315.000000,1346,True,20,14,1347,0.999937,27.5485,0,0.0127408,1405 1405 1406 1349 1288 1287 1348 1347 1286 1223 1285 1346 1404 -1
GCP,adapt_p60-00000000000001_a0-0_395_map.h5,26.8607,10,547,1094,30.000000:0.000000,1294,True,13,13,1294,0.999998,26.2908,0,0.0130791,1293 1293 1352 1410 1411 1353 1292 1294 1231 1232 1295 1354 -1
GCP,adapt_p35-659087696138755_a135-0_427_map.h5,24.8314,10,112,1517,54.340912:135.000000,1583,False,165,12,1586,0.896188,24.6196,0,0.0153277,1589 1542 1587 1541 1540 1539 1538 1584 1585 1586 1629 -1
GCP,adapt_p48-18968510422141_a11-25_3_map.h5,26.8782,10,541,1128,41.810314:11.250000,1468,True,12,12,1413,0.999998,23.7252,0,0.0125711,1468 1468 1355 1356 1414 1415 1469 1520 1467 1413 1412 -1
GCP,adapt_p80-40593177313954_a292-5_162_map.h5,27.294,10,118,694,9.594069:292.500000,1088,True,99,12,1150,0.919644,25.3337,0,0.0139199,1088 1085 1151 1150 1084 1149 1214 1213 1276 1275 1212 -1
GCP,adapt_p80-40593177313954_a22-5_290_map.h5,23.5502,10,121,1491,9.594069:22.500000,1038,False,351,10,1427,0.691646,21.8298,0,0.0242828,1536 1428 1427 1481 1480 1426 1307 1244 1243 -1
GCP,adapt_p11-715852394892384_a135-0_594_map.h5,26.8533,10,403,1109,78.284149:135.000000,1770,True,14,13,1752,0.999998,24.7276,0,0.0124663,1751 1751 1726 1727 1728 1729 1753 1752 1770 1771 1772 1754 -1
GCP,adapt_p48-18968510422141_a258-75_306_map.h5,28.5835,10,114,387,41.810314:258.750000,1504,True,60,13,1505,0.983727,26.9309,0,0.0132673,1640 1599 1555 1506 1453 1505 1554 1598 1553 1504 1452 1451 -1
GCP,adapt_p48-18968510422141_a191-25_317_map.h5,26.326,10,164,1166,41.810314:191.250000,1494,False,91,12,1540,0.970341,24.0611,0,0.0136949,1628 1585 1539 1489 1540 1586 1587 1541 1490 1491 1542 -1
GCP,adapt_p70-52877936550931_a258-75_286_map.h5,26.8693,10,526,1094,19.471220:258.750000,1213,True,12,12,1213,0.999998,23.6448,0,0.0125192,1214 1214 1215 1277 1276 1213 1148 1149 1275 1212 1147 -1
GCP,adapt_p23-556464309101234_a22-5_231_map.h5,27.8857,10,563,797,66.443535:22.500000,1689,True,9,9,1688,0.999999,15.3433,0,0.0130249,1719 1719 1689 1653 1652 1688 1718 1687 -1
GCP,adapt_p35-659087696138755_a224-99999999999997_572_map.h5,28.8723,10,358,393,54.340912:225.000000,1594,True,11,11,1594,0.999998,20.246,0,0.0124861,1636 1636 1635 1593 1594 1549 1550 1595 1637 1596 -1
GCP,adapt_p48-18968510422141_a326-24999999999994_537_map.h5,28.8181,10,196,355,41.810314:326.250000,1514,True,23,14,1461,0.999927,27.6549,0,0.0136627,1406 1406 1405 1404 1460 1459 1512 1561 1562 1513 1461 1462 1514 -1
GCP,adapt_p60-00000000000001_a180-0_112_map.h5,25.7786,10,255,1555,30.000000:180.000000,1324,True,26,13,1382,0.99968,25.6138,0,0.0132058,1324 1324 1384 1441 1440 1383 1382 1439 1492 1438 1381 1323 -1
GCP,adapt_p70-52877936550931_a348-74999999999994_316_map.h5,27.9015,10,711,721,19.471220:348.750000,1229,True,9,9,1229,0.999999,16.0504,0,0.0123261,1165 1165 1230 1164 1229 1292 1291 1228 -1
GCP,adapt_p23-556464309101234_a22-5_178_map.h5,28.7481,10,151,380,66.443535:22.500000,1689,True,34,14,1688,0.998129,27.9589,0,0.0136408,1718 1718 1717 1686 1687 1651 1611 1612 1613 1652 1688 1689 1653 -1
GCP,adapt_p23-556464309101234_a157-5_578_map.h5,27.743,10,228,773,66.443535:157.500000,1701,False,33,14,1727,0.9976,27.7438,0,0.0129608,1729 1729 1753 1728 1700 1699 1727 1752 1726 1697 1698 1663 1664 -1
GCP,adapt_p23-556464309101234_a22-5_4_map.h5,26.8752,10,639,1112,66.443535:22.500000,1689,True,12,12,1719,0.999998,22.9214,0,0.0126276,1720 1720 1745 1746 1719 1718 1688 1652 1653 1689 1690 -1
GCP,adapt_p11-715852394892384_a225-0_270_map.h5,25.8564,10,509,1462,78.284149:225.000000,1774,True,11,11,1774,0.999999,20.3095,0,0.0124054,1757 1757 1774 1775 1758 1756 1755 1773 1787 1788 -1
GCP,adapt_p48-18968510422141_a258-75_582_map.h5,27.8321,10,350,771,41.810314:258.750000,1504,True,17,13,1451,0.999868,25.8082,0,0.0127234,1502 1502 1503 1553 1552 1449 1450 1394 1395 1451 1504 1452 -1
GCP,adapt_p35-659087696138755_a75-0_539_map.h5,27.8426,10,305,710,54.340912:75.000000,1576,True,17,13,1576,0.999993,25.9577,0,0.0131847,1577 1577 1531 1478 1530 1529 1576 1621 1620 1619 1575 1528 -1
GCP,adapt_p35-659087696138755_a224-99999999999997_401_map.h5,25.8254,10,450,1488,54.340912:225.000000,1594,True,14,13,1593,0.999997,24.8023,0,0.0124219,1549 1549 1499 1498 1548 1547 1592 1634 1635 1593 1594 1636 -1
GCP,adapt_p60-00000000000001_a45-0_561_map.h5,26.8953,10,744,1158,30.000000:45.000000,1301,True,9,9,1301,0.999999,17.3908,0,0.0125068,1360 1301 1238 1237 1300 1302 1361 1360 -1
GCP,adapt_p60-00000000000001_a22-5_285_map.h5,26.8683,10,600,1087,30.000000:22.500000,1298,True,11,11,1298,0.999999,20.8817,0,0.0125173,1297 1297 1233 1234 1235 1298 1356 1357 1358 1299 -1
GCP,adapt_p48-18968510422141_a348-74999999999994_122_map.h5,25.8632,10,455,1457,41.810314:348.750000,1517,True,15,13,1518,0.999998,25.394,0,0.0135448,1517 1517 1465 1410 1411 1412 1466 1518 1566 1519 1467 1413 -1
GCP,adapt_p35-659087696138755_a14-999999999999998_486_map.h5,26.8214,10,446,1100,54.340912:15.000000,1568,True,18,13,1613,0.999988,25.6137,0,0.0124237,1651 1651 1688 1689 1653 1614 1569 1613 1652 1568 1612 1611 -1
GCP,adapt_p70-52877936550931_a168-74999999999997_236_map.h5,27.4222,10,130,694,19.471220:168.750000,1197,True,85,13,1197,0.892294,26.5104,0,0.0136437,1258 1195 1129 1130 1196 1197 1131 1132 1198 1261 1262 1199 -1
GCP,adapt_p23-556464309101234_a337-5_37_map.h5,26.8881,10,591,1124,66.443535:337.500000,1716,True,10,10,1716,0.999998,17.6312,0,0.0126768,1685 1685 1684 1683 1715 1741 1742 1716 1717 -1
GCP,adapt_p60-00000000000001_a202-49999999999997_282_map.h5,27.8784,10,600,771,30.000000:202.500000,1328,True,10,10,1327,0.999999,17.8529,0,0.012331,1265 1265 1264 1326 1327 1385 1386 1328 1266 -1
GCP,adapt_p35-659087696138755_a135-0_309_map.h5,27.7812,10,279,709,54.340912:135.000000,1583,True,26,13,1625,0.998755,25.2716,0,0.0126108,1664 1664 1699 1698 1663 1626 1583 1536 1582 1625 1624 1581 -1
GCP,adapt_p80-40593177313954_a90-0_44_map.h5,25.8496,10,374,1513,9.594069:90.000000,1051,True,16,12,1051,0.99999,23.5645,0,0.013137,1117 1117 1116 1118 1052 984 1051 983 1050 982 1049 -1
GCP,adapt_p70-52877936550931_a258-75_526_map.h5,27.8253,10,354,808,19.471220:258.750000,1213,True,18,13,1214,0.999867,26.0461,0,0.0124895,1150 1150 1151 1216 1277 1276 1213 1212 1148 1149 1214 1215 -1
GCP,adapt_p48-18968510422141_a213-75_365_map.h5,27.455,10,55,405,41.810314:213.750000,1497,False,234,12,1389,0.725378,25.4883,0,0.0175254,1135 1327 1328 1329 1267 1268 1330 1388 1389 1331 1390 -1
GCP,adapt_p60-00000000000001_a45-0_15_map.h5,26.8651,10,416,1111,30.000000:45.000000,1301,True,12,12,1301,0.999999,23.6886,0,0.0127273,1302 1302 1362 1361 1238 1239 1301 1360 1359 1300 1237 -1
GCP,adapt_p60-00000000000001_a247-49999999999997_454_map.h5,26.8681,10,506,1145,30.000000:247.500000,1335,True,12,12,1335,0.999999,23.2102,0,0.0127541,1273 1273 1333 1272 1334 1392 1393 1335 1274 1336 1394 -1
GCP,adapt_p60-00000000000001_a45-0_516_map.h5,25.8484,10,427,1383,30.000000:45.000000,1301,True,15,13,1303,0.999997,25.3437,0,0.0123823,1239 1239 1240 1241 1304 1363 1362 1303 1302 1238 1301 1361 -1
GCP,adapt_p80-40593177313954_a90-0_161_map.h5,25.6985,10,294,1504,9.594069:90.000000,1051,True,33,12,1118,0.992746,23.3851,0,0.0132464,1053 1053 1120 1052 1051 1117 1183 1184 1118 1119 1185 -1
GCP,adapt_p80-40593177313954_a270-0_466_map.h5,26.8011,10,621,1132,9.594069:270.000000,1084,False,22,13,1087,0.999426,25.4068,0,0.0126992,1217 1217 1216 1215 1150 1085 1151 1086 1152 1153 1087 1088 -1
GCP,adapt_p70-52877936550931_a123-74999999999999_204_map.h5,26.8684,10,597,1150,19.471220:123.750000,1189,True,13,13,1189,0.999999,25.1355,0,0.0124025,1252 1252 1251 1188 1189 1190 1253 1254 1191 1125 1124 1123 -1
GCP,adapt_p70-52877936550931_a281-24999999999994_315_map.h5,27.898,10,704,740,19.471220:281.250000,1217,True,9,9,1217,0.999999,15.469,0,0.0127319,1152 1152 1153 1218 1281 1280 1217 1216 -1
GCP,adapt_p60-00000000000001_a270-0_343_map.h5,25.7143,10,319,1457,30.000000:270.000000,1339,True,33,13,1337,0.993902,25.3605,0,0.0124832,1395 1395 1396 1397 1339 1340 1278 1277 1338 1337 1276 1275 -1
GCP,adapt_p35-659087696138755_a344-99999999999994_107_map.h5,27.8964,10,618,754,54.340912:345.000000,1609,True,8,8,1609,0.999999,13.5873,0,0.012375,1608 1608 1607 1648 1609 1650 1649 -1
GCP,adapt_p80-40593177313954_a292-5_212_map.h5,26.7471,10,205,1064,9.594069:292.500000,1088,True,31,13,1020,0.998841,25.2379,0,0.0127186,951 951 1018 1086 1087 1019 952 953 1020 1088 1021 954 -1
GCP,adapt_p48-18968510422141_a191-25_75_map.h5,26.119,10,117,1167,41.810314:191.250000,1494,True,131,12,1441,0.70749,25.5697,0,0.0146128,1075 1140 1205 1139 1204 1267 1385 1442 1494 1441 1440 -1
GCP,adapt_p48-18968510422141_a191-25_343_map.h5,25.3487,10,102,1447,41.810314:191.250000,1494,False,89,12,1630,0.961221,24.1275,0,0.0131235,1492 1542 1587 1588 1631 1630 1668 1702 1701 1667 1629 -1
GCP,adapt_p80-40593177313954_a67-5_36_map.h5,26.5789,10,80,1164,9.594069:67.500000,1047,True,52,12,1180,0.98484,24.5415,0,0.0128694,1182 1181 1115 1114 1180 1244 1243 1179 1112 1113 1047 -1
GCP,adapt_p48-18968510422141_a11-25_357_map.h5,24.9462,10,94,1153,41.810314:11.250000,1468,True,319,11,1467,0.457972,23.4578,0,0.0223687,1714 1608 1565 1609 1610 1519 1518 1467 1413 1468 -1
GCP,adapt_p80-40593177313954_a135-0_537_map.h5,21.7253,10,72,1451,9.594069:135.000000,1059,False,666,5,1062,0.328625,20.1515,0,0.0552016,1283 1127 1061 1062 -1
GCP,adapt_p48-18968510422141_a123-74999999999999_501_map.h5,27.8772,10,413,780,41.810314:123.750000,1484,True,13,13,1484,0.999998,25.4805,0,0.0126062,1536 1536 1537 1486 1432 1485 1535 1534 1483 1484 1431 1430 -1
GCP,adapt_p70-52877936550931_a11-25_566_map.h5,26.8441,10,569,1124,19.471220:11.250000,1169,True,8,8,1102,0.999998,13.2158,0,0.01271,1169 1169 1103 1102 1168 1101 1167 -1
GCP,adapt_p80-40593177313954_a45-0_312_map.h5,27.8429,10,333,730,9.594069:45.000000,1042,True,18,13,1043,0.999996,26.5583,0,0.0128401,1109 1109 975 976 1043 1042 974 1041 1108 1110 1044 977 -1
GCP,adapt_p35-659087696138755_a135-0_65_map.h5,28.8347,10,310,401,54.340912:135.000000,1583,True,18,14,1582,0.999993,27.9225,0,0.0131021,1626 1626 1584 1583 1537 1536 1582 1535 1581 1624 1625 1664 1663 -1
GCP,adapt_p60-00000000000001_a315-0_78_map.h5,27.8577,10,306,721,30.000000:315.000000,1346,True,15,14,1347,0.999999,27.5938,0,0.013096,1285 1285 1223 1222 1284 1345 1346 1404 1405 1347 1286 1287 1348 -1
GCP,adapt_p80-40593177313954_a22-5_187_map.h5,28.675,10,166,312,9.594069:22.500000,1038,True,45,13,1038,0.972233,26.8434,0,0.0127377,1104 1105 1171 1172 1106 1040 1039 971 1038 1037 969 970 -1
GCP,adapt_p48-18968510422141_a348-74999999999994_552_map.h5,26.7741,10,186,1065,41.810314:348.750000,1517,True,28,13,1465,0.999298,25.2738,0,0.0136693,1463 1463 1407 1408 1464 1409 1410 1466 1465 1517 1516 1515 -1
GCP,adapt_p35-659087696138755_a135-0_307_map.h5,26.7237,10,178,1113,54.340912:135.000000,1583,True,32,13,1626,0.998012,25.02,0,0.014386,1628 1628 1585 1584 1627 1665 1626 1583 1582 1625 1663 1664 -1
GCP,adapt_p23-556464309101234_a112-5_293_map.h5,26.8909,10,581,1070,66.443535:112.500000,1697,True,11,11,1697,0.999999,20.998,0,0.0128285,1726 1726 1696 1661 1725 1697 1662 1663 1698 1727 -1
GCP,adapt_p35-659087696138755_a255-00000000000003_375_map.h5,26.8935,10,853,1099,54.340912:255.000000,1598,True,7,7,1640,0.999999,10.7866,0,0.0123306,1639 1639 1598 1640 1676 1677 -1
GCP,adapt_p48-18968510422141_a326-24999999999994_288_map.h5,27.6748,10,259,723,41.810314:326.250000,1514,False,40,14,1609,0.971652,27.6454,0,0.0129945,1513 1513 1561 1605 1606 1562 1563 1607 1608 1609 1565 1564 1515 -1
GCP,adapt_p70-52877936550931_a213-75_455_map.h5,25.1861,10,126,1124,19.471220:213.750000,1205,True,281,11,1331,0.711758,24.3596,0,0.0195736,1009 1331 1330 1268 1204 1205 1269 1270 1332 1333 -1
GCP,adapt_p23-556464309101234_a22-5_128_map.h5,26.8819,10,605,1158,66.443535:22.500000,1689,True,10,10,1689,0.999999,18.2253,0,0.0128716,1690 1690 1719 1720 1689 1688 1652 1653 1654 -1
GCP,adapt_p48-18968510422141_a326-24999999999994_356_map.h5,28.7697,10,191,370,41.810314:326.250000,1514,True,27,14,1513,0.999339,27.7441,0,0.0130605,1561 1561 1513 1461 1460 1512 1562 1606 1607 1563 1514 1462 1463 -1
GCP,adapt_p48-18968510422141_a101-24999999999999_249_map.h5,25.8453,10,416,1467,41.810314:101.250000,1481,True,16,13,1428,0.999998,25.7819,0,0.0124843,1429 1429 1370 1371 1428 1427 1369 1426 1480 1481 1482 1483 -1
GCP,adapt_p60-00000000000001_a112-49999999999999_31_map.h5,27.8187,10,211,769,30.000000:112.500000,1313,True,22,13,1312,0.999898,25.3699,0,0.0130678,1371 1371 1372 1314 1251 1250 1313 1312 1249 1248 1311 1370 -1
GCP,adapt_p80-40593177313954_a180-0_384_map.h5,26.8424,10,444,1095,9.594069:180.000000,1067,True,14,13,1067,0.999998,25.6405,0,0.0133422,1068 1068 1001 1000 999 1067 1134 1133 1132 1066 998 1065 -1
GCP,adapt_p23-556464309101234_a22-5_95_map.h5,25.8601,10,397,1514,66.443535:22.500000,1689,True,13,13,1689,0.999999,25.3048,0,0.0126542,1690 1690 1654 1614 1653 1689 1720 1719 1688 1652 1613 1612 -1
GCP,adapt_p35-659087696138755_a315-0_483_map.h5,27.8223,10,261,785,54.340912:315.000000,1605,True,23,14,1646,0.999961,27.3323,0,0.0124694,1683 1683 1648 1607 1606 1647 1646 1605 1604 1645 1681 1682 1714 -1
GCP,adapt_p70-52877936550931_a146-25_505_map.h5,26.8701,10,630,1117,19.471220:146.250000,1193,True,12,12,1193,0.999999,23.9008,0,0.012743,1194 1194 1127 1193 1256 1255 1192 1128 1129 1195 1257 -1
GCP,adapt_p80-40593177313954_a22-5_499_map.h5,26.8487,10,532,1061,9.594069:22.500000,1038,True,15,13,970,0.999997,25.4924,0,0.0130464,1039 1039 1038 970 1037 1036 969 902 903 904 971 972 -1
GCP,adapt_p23-556464309101234_a337-5_251_map.h5,26.8455,10,451,1059,66.443535:337.500000,1716,True,15,13,1716,0.999996,25.6856,0,0.0132706,1685 1685 1648 1649 1684 1683 1715 1741 1742 1716 1743 1717 -1
GCP,adapt_p35-659087696138755_a255-00000000000003_328_map.h5,27.8493,10,377,718,54.340912:255.000000,1598,True,17,14,1598,0.999995,27.5335,0,0.0125207,1639 1639 1676 1640 1599 1554 1504 1503 1553 1598 1597 1552 1502 -1
GCP,adapt_p35-659087696138755_a105-0_560_map.h5,25.8038,10,294,1551,54.340912:105.000000,1579,True,22,13,1660,0.999461,25.3697,0,0.0129485,1659 1659 1621 1622 1579 1623 1662 1661 1696 1660 1695 1694 -1
GCP,adapt_p80-40593177313954_a247-49999999999997_566_map.h5,28.7457,10,220,359,9.594069:247.500000,1080,True,33,13,1080,0.994476,26.6936,0,0.013041,1147 1147 1014 1013 1081 1012 945 1080 1146 1145 1079 1011 -1
GCP,adapt_p60-00000000000001_a337-49999999999994_331_map.h5,28.7039,10,125,347,30.000000:337.500000,1350,True,39,14,1350,0.998354,27.9612,0,0.0128546,1348 1348 1288 1349 1406 1407 1350 1289 1290 1351 1352 1409 1408 -1
GCP,adapt_p80-40593177313954_a202-49999999999997_41_map.h5,26.845,10,513,1069,9.594069:202.500000,1072,True,16,13,1072,0.999995,25.9396,0,0.0128077,1071 1071 1003 1004 1072 1138 1137 1005 1073 1139 1140 1074 -1
GCP,adapt_p80-40593177313954_a180-0_99_map.h5,26.8304,10,420,1110,9.594069:180.000000,1067,True,18,13,1000,0.999981,25.4036,0,0.0124577,999 999 1066 1133 1067 1068 1000 933 934 1001 1069 1002 -1
GCP,adapt_p23-556464309101234_a202-5_432_map.h5,25.8296,10,384,1467,66.443535:202.500000,1704,True,18,13,1704,0.999923,25.218,0,0.0131239,1671 1671 1633 1670 1704 1705 1732 1731 1703 1669 1702 1668 -1
GCP,adapt_p80-40593177313954_a247-49999999999997_292_map.h5,27.7517,10,338,762,9.594069:247.500000,1080,True,31,13,1080,0.998658,25.6403,0,0.0130877,1078 1078 1143 1144 1079 1145 1146 1080 1013 1081 1147 1082 -1
GCP,adapt_p60-00000000000001_a292-5_127_map.h5,28.5483,10,129,358,30.000000:292.500000,1343,True,59,13,1281,0.930318,26.6536,0,0.0135482,1399 1341 1280 1279 1217 1218 1281 1282 1283 1344 1343 1342 -1
GCP,adapt_p48-18968510422141_a168-74999999999997_371_map.h5,25.5662,10,271,1578,41.810314:168.750000,1491,False,51,12,1494,0.954097,24.7639,0,0.0125816,1496 1545 1495 1544 1543 1492 1439 1440 1493 1494 1441 -1
GCP,adapt_p48-18968510422141_a56-24999999999999_138_map.h5,25.7429,10,290,1517,41.810314:56.250000,1475,True,30,13,1420,0.997745,25.5865,0,0.012939,1422 1422 1363 1421 1475 1526 1525 1474 1420 1419 1473 1472 -1
GCP,adapt_p23-556464309101234_a247-49999999999997_491_map.h5,26.8622,10,494,1129,66.443535:247.500000,1708,True,13,13,1709,0.999998,26.5123,0,0.0125568,1675 1675 1707 1674 1735 1736 1708 1639 1676 1709 1710 1677 -1
GCP,adapt_p35-659087696138755_a135-0_324_map.h5,26.8743,10,553,1140,54.340912:135.000000,1583,True,10,10,1583,0.999999,18.0198,0,0.0124253,1536 1536 1537 1583 1584 1626 1625 1582 1581 -1
GCP,adapt_p80-40593177313954_a337-49999999999994_164_map.h5,26.8083,10,392,1117,9.594069:337.500000,1097,True,20,13,1097,0.999447,25.4104,0,0.0135249,1029 1029 1030 1098 1164 1163 1097 1096 1095 1161 1162 1227 -1
GCP,adapt_p80-40593177313954_a0-0_392_map.h5,27.8098,10,229,761,9.594069:0.000000,1034,True,22,13,1034,0.999773,26.0939,0,0.0129929,1035 1035 1102 1036 968 1101 1034 967 1033 1100 1032 1099 -1
GCP,adapt_p60-00000000000001_a247-49999999999997_345_map.h5,27.8725,10,664,783,30.000000:247.500000,1335,True,12,12,1335,0.999998,22.9111,0,0.0123485,1394 1394 1393 1392 1334 1333 1272 1273 1274 1335 1336 -1
GCP,adapt_p70-52877936550931_a348-74999999999994_181_map.h5,26.8638,10,537,1124,19.471220:348.750000,1229,True,13,13,1230,0.999999,25.9978,0,0.0129509,1166 1166 1167 1101 1293 1230 1165 1164 1229 1292 1291 1228 -1
GCP,adapt_p60-00000000000001_a224-99999999999997_562_map.h5,25.6933,10,307,1475,30.000000:225.000000,1331,True,41,13,1389,0.995701,25.0973,0,0.0125295,1498 1498 1499 1447 1390 1332 1331 1389 1446 1445 1388 1330 -1
GCP,adapt_p48-18968510422141_a146-25_236_map.h5,28.6287,10,161,353,41.810314:146.250000,1488,True,49,14,1538,0.97763,27.7827,0,0.0130832,1490 1490 1491 1541 1540 1489 1488 1539 1487 1486 1537 1538 1584 -1
GCP,adapt_p60-00000000000001_a202-49999999999997_598_map.h5,27.8731,10,485,735,30.000000:202.500000,1328,True,12,12,1327,0.999999,22.7936,0,0.0126424,1385 1385 1384 1326 1264 1265 1327 1266 1328 1386 1387 -1
GCP,adapt_p23-556464309101234_a112-5_105_map.h5,28.8592,10,335,387,66.443535:112.500000,1697,True,14,14,1696,0.999999,28.4994,0,0.0125935,1695 1695 1724 1750 1725 1660 1623 1661 1696 1726 1697 1662 1663 -1
GCP,adapt_p48-18968510422141_a281-24999999999994_237_map.h5,26.8792,10,465,1092,41.810314:281.250000,1507,True,10,10,1456,0.999999,18.5825,0,0.0125893,1455 1455 1508 1456 1457 1509 1557 1507 1454 -1
GCP,adapt_p11-715852394892384_a135-0_587_map.h5,26.5483,10,181,1127,78.284149:135.000000,1770,True,65,13,1753,0.980866,26.3833,0,0.0135692,1795 1785 1786 1771 1770 1752 1728 1729 1753 1754 1772 1773 -1
GCP,adapt_p35-659087696138755_a75-0_134_map.h5,27.7604,10,219,762,54.340912:75.000000,1576,True,31,14,1575,0.997613,27.5904,0,0.0124618,1530 1530 1529 1528 1574 1618 1657 1658 1619 1575 1576 1620 1577 -1
GCP,adapt_p60-00000000000001_a202-49999999999997_134_map.h5,28.8792,10,392,424,30.000000:202.500000,1328,True,13,13,1328,0.999999,25.1521,0,0.0126478,1266 1266 1265 1327 1328 1329 1267 1268 1330 1388 1387 1386 -1
GCP,adapt_p48-18968510422141_a123-74999999999999_418_map.h5,26.8604,10,475,1137,41.810314:123.750000,1484,True,12,12,1483,0.999999,23.1847,0,0.0124483,1430 1430 1431 1485 1536 1535 1484 1429 1482 1483 1534 -1
GCP,adapt_p35-659087696138755_a255-00000000000003_413_map.h5,26.8212,10,294,1216,54.340912:255.000000,1598,True,18,13,1598,0.999825,25.7382,0,0.012669,1599 1599 1640 1641 1598 1554 1553 1597 1596 1638 1639 1676 -1
GCP,adapt_p11-715852394892384_a135-0_231_map.h5,27.8804,10,485,713,78.284149:135.000000,1770,True,12,12,1770,0.999999,22.6396,0,0.0123502,1752 1752 1770 1771 1753 1751 1750 1769 1784 1785 1786 -1
GCP,adapt_p35-659087696138755_a105-0_77_map.h5,26.8711,10,524,1123,54.340912:105.000000,1579,True,10,10,1579,0.999998,18.3017,0,0.0126351,1533 1533 1578 1532 1579 1622 1623 1580 1534 -1
GCP,adapt_p48-18968510422141_a281-24999999999994_113_map.h5,25.7694,10,434,1510,41.810314:281.250000,1507,True,17,13,1507,0.99998,25.7181,0,0.012435,1508 1508 1509 1456 1455 1507 1557 1556 1506 1454 1398 1453 -1
GCP,adapt_p70-52877936550931_a213-75_140_map.h5,25.3908,10,85,1520,19.471220:213.750000,1205,False,82,12,1447,0.941014,24.9356,0,0.0139911,1333 1390 1447 1389 1445 1446 1499 1549 1550 1500 1448 -1
GCP,adapt_p35-659087696138755_a75-0_273_map.h5,26.8311,10,153,1140,54.340912:75.000000,1576,True,17,13,1620,0.999977,25.6359,0,0.0127588,1619 1619 1659 1658 1620 1621 1578 1577 1530 1529 1576 1575 -1
GCP,adapt_p60-00000000000001_a22-5_300_map.h5,26.8722,10,625,1072,30.000000:22.500000,1298,True,12,12,1298,0.999998,23.6992,0,0.0125588,1235 1235 1297 1356 1233 1234 1298 1357 1358 1299 1236 -1
GCP,adapt_p35-659087696138755_a315-0_534_map.h5,26.8805,10,615,1091,54.340912:315.000000,1605,True,9,9,1605,0.999999,15.5746,0,0.0123298,1606 1606 1605 1604 1645 1646 1682 1647 -1
GCP,adapt_p35-659087696138755_a315-0_51_map.h5,26.6299,10,189,1126,54.340912:315.000000,1605,True,50,13,1604,0.966638,25.4656,0,0.0128877,1647 1647 1605 1646 1682 1714 1681 1644 1603 1645 1604 1560 -1
GCP,adapt_p35-659087696138755_a135-0_154_map.h5,27.7863,10,213,765,54.340912:135.000000,1583,True,27,14,1583,0.99989,27.2827,0,0.0125123,1486 1486 1487 1538 1584 1627 1626 1583 1537 1536 1582 1625 1581 -1
GCP,adapt_p80-40593177313954_a67-5_103_map.h5,28.555,10,142,341,9.594069:67.500000,1047,False,56,13,907,0.990706,28.5626,0,0.0128007,1117 1117 1116 1050 1049 909 975 908 839 907 838 906 -1
GCP,adapt_p35-659087696138755_a165-0_515_map.h5,25.1929,10,142,1452,54.340912:165.000000,1587,False,109,12,1337,0.969323,24.7051,0,0.0136301,1450 1394 1336 1275 1276 1338 1277 1339 1396 1337 1395 -1
GCP,adapt_p48-18968510422141_a236-25_389_map.h5,25.7777,10,343,1517,41.810314:236.250000,1501,True,25,12,1500,0.998789,22.6802,0,0.0130971,1446 1446 1390 1447 1448 1501 1551 1550 1500 1499 1549 -1
GCP,adapt_p80-40593177313954_a247-49999999999997_103_map.h5,26.8455,10,600,1122,9.594069:247.500000,1080,True,11,11,1079,0.999998,20.9651,0,0.0123275,1078 1078 1077 1143 1079 1080 1146 1145 1144 1209 -1
GCP,adapt_p80-40593177313954_a337-49999999999994_594_map.h5,26.8491,10,581,1128,9.594069:337.500000,1097,True,15,13,1096,0.999997,25.9005,0,0.0126917,1097 1097 1098 1163 1162 1096 1029 1095 1161 1225 1160 1094 -1
GCP,adapt_p60-00000000000001_a45-0_195_map.h5,26.8273,10,146,1147,30.000000:45.000000,1301,True,20,12,1239,0.999898,24.3085,0,0.0124698,1240 1239 1302 1303 1362 1361 1301 1238 1175 1176 1240 -1
GCP,adapt_p23-556464309101234_a292-5_279_map.h5,26.8692,10,352,1150,66.443535:292.500000,1712,True,12,12,1712,0.999998,23.5409,0,0.0125856,1739 1739 1711 1738 1712 1740 1714 1713 1681 1680 1679 -1
GCP,adapt_p60-00000000000001_a112-49999999999999_545_map.h5,26.8631,10,508,1161,30.000000:112.500000,1313,True,13,13,1313,0.999998,25.7221,0,0.0126864,1250 1250 1314 1373 1315 1252 1251 1313 1372 1371 1312 1249 -1
GCP,adapt_p70-52877936550931_a146-25_144_map.h5,26.8911,10,602,1060,19.471220:146.250000,1193,True,11,11,1193,0.999999,20.3367,0,0.0127282,1127 1127 1126 1192 1255 1256 1193 1257 1194 1128 -1
GCP,adapt_p80-40593177313954_a224-99999999999997_506_map.h5,27.8527,10,669,735,9.594069:225.000000,1076,True,13,13,1143,0.999998,25.1532,0,0.013028,1207 1207 1141 1075 1076 1142 1208 1143 1077 1078 1144 1209 -1
GCP,adapt_p60-00000000000001_a337-49999999999994_459_map.h5,27.8723,10,505,760,30.000000:337.500000,1350,True,12,12,1408,0.999998,23.6875,0,0.0124662,1350 1350 1409 1465 1352 1351 1408 1464 1463 1407 1349 -1
GCP,adapt_p48-18968510422141_a191-25_86_map.h5,26.786,10,181,1155,41.810314:191.250000,1494,True,27,13,1440,0.999584,25.0077,0,0.012813,1384 1384 1383 1382 1381 1438 1439 1492 1493 1440 1441 1494 -1
GCP,adapt_p60-00000000000001_a135-0_73_map.h5,24.7507,10,163,1913,30.000000:135.000000,1316,True,32,12,1316,0.99787,22.988,0,0.0130863,1255 1255 1317 1254 1316 1375 1374 1315 1253 1190 1252 -1
GCP,adapt_p60-00000000000001_a202-49999999999997_500_map.h5,26.8344,10,448,1146,30.000000:202.500000,1328,True,18,13,1328,0.999991,25.7948,0,0.0123863,1265 1265 1326 1385 1327 1203 1266 1328 1386 1387 1329 1267 -1
GCP,adapt_p60-00000000000001_a180-0_436_map.h5,28.5428,10,107,385,30.000000:180.000000,1324,True,62,13,1323,0.992826,26.738,0,0.0129716,1438 1380 1381 1382 1383 1325 1324 1262 1261 1323 1322 1260 -1
GCP,adapt_p80-40593177313954_a90-0_502_map.h5,26.8637,10,504,1106,9.594069:90.000000,1051,True,12,12,1118,0.999998,23.4701,0,0.0130617,1052 1052 1119 1053 1118 1051 1117 1183 1116 1050 1049 -1
GCP,adapt_p48-18968510422141_a281-24999999999994_22_map.h5,26.7568,10,192,1126,41.810314:281.250000,1507,True,29,13,1508,0.998806,25.7769,0,0.0129939,1559 1559 1602 1601 1557 1508 1456 1455 1507 1558 1509 1457 -1
GCP,adapt_p80-40593177313954_a90-0_328_map.h5,27.8885,10,688,772,9.594069:90.000000,1051,True,10,10,1051,0.999999,19.0015,0,0.0123261,984 984 1050 983 1051 985 1053 1052 1118 -1
GCP,adapt_p80-40593177313954_a247-49999999999997_599_map.h5,26.8576,10,410,1148,9.594069:247.500000,1080,True,14,13,1080,0.999998,25.8342,0,0.0132051,1012 1012 1081 1147 1082 1014 1013 1080 1146 1145 1079 1078 -1
GCP,adapt_p48-18968510422141_a348-74999999999994_529_map.h5,27.6824,10,217,796,41.810314:348.750000,1517,True,31,13,1517,0.994842,27.0773,0,0.01244,1464 1516 1517 1465 1466 1566 1565 1609 1608 1564 1515 1464 -1
GCP,adapt_p35-659087696138755_a105-0_283_map.h5,27.8532,10,267,737,54.340912:105.000000,1579,True,15,13,1623,0.999988,24.9961,0,0.0136003,1624 1624 1581 1580 1623 1662 1697 1696 1661 1660 1622 1579 -1
GCP,adapt_p23-556464309101234_a337-5_82_map.h5,26.8454,10,496,1117,66.443535:337.500000,1716,True,17,13,1715,0.999993,25.4441,0,0.0123685,1683 1683 1648 1684 1647 1682 1714 1740 1741 1715 1716 1742 -1
GCP,adapt_p23-556464309101234_a22-5_429_map.h5,26.8942,10,784,1126,66.443535:22.500000,1689,True,9,9,1689,0.999998,15.2851,0,0.0126057,1688 1688 1652 1653 1654 1690 1689 1719 -1
GCP,adapt_p70-52877936550931_a146-25_69_map.h5,26.8809,10,837,1090,19.471220:146.250000,1193,True,11,11,1192,0.999999,20.4219,0,0.0128658,1193 1193 1127 1126 1125 1191 1254 1255 1192 1256 -1
GCP,adapt_p60-00000000000001_a202-49999999999997_155_map.h5,25.8415,10,359,1443,30.000000:202.500000,1328,True,16,12,1327,0.999983,22.6642,0,0.0132926,1326 1326 1384 1385 1327 1265 1266 1328 1386 1387 1329 -1
GCP,adapt_p80-40593177313954_a224-99999999999997_430_map.h5,25.8384,10,348,1442,9.594069:225.000000,1076,True,18,12,1077,0.99996,23.2426,0,0.0124249,1010 1010 1078 1009 1008 1075 1141 1142 1076 1077 1143 -1
GCP,adapt_p48-18968510422141_a236-25_28_map.h5,27.8421,10,302,733,41.810314:236.250000,1501,True,18,13,1448,0.999989,26.8192,0,0.0126428,1550 1551 1501 1448 1449 1392 1391 1447 1499 1549 1500 1550 -1
GCP,adapt_p60-00000000000001_a112-49999999999999_353_map.h5,26.8571,10,474,1164,30.000000:112.500000,1313,True,14,13,1372,0.999998,25.8747,0,0.0136968,1314 1314 1374 1315 1373 1430 1429 1371 1312 1372 1313 1251 -1
GCP,adapt_p48-18968510422141_a191-25_16_map.h5,26.7982,10,373,1167,41.810314:191.250000,1494,False,21,13,1546,0.999807,26.3627,0,0.0125664,1547 1547 1593 1548 1496 1546 1592 1591 1590 1545 1495 1544 -1
GCP,adapt_p80-40593177313954_a22-5_519_map.h5,26.7331,10,228,1059,9.594069:22.500000,1038,True,36,12,1038,0.99203,24.8647,0,0.0126799,1171 1105 1038 1104 1103 1037 970 971 1039 1106 1171 -1
GCP,adapt_p48-18968510422141_a191-25_381_map.h5,27.7531,10,264,755,41.810314:191.250000,1494,True,25,13,1442,0.999026,25.6277,0,0.0136573,1386 1386 1443 1496 1545 1494 1493 1440 1441 1495 1442 1385 -1
GCP,adapt_p48-18968510422141_a11-25_117_map.h5,25.8475,10,376,1522,41.810314:11.250000,1468,True,17,13,1468,0.999993,25.8168,0,0.0133214,1520 1520 1519 1521 1469 1468 1414 1356 1355 1413 1467 1412 -1
GCP,adapt_p60-00000000000001_a337-49999999999994_315_map.h5,26.8629,10,464,1196,30.000000:337.500000,1350,True,14,13,1350,0.999999,25.7392,0,0.0128494,1351 1351 1290 1289 1288 1349 1406 1407 1463 1350 1408 1409 -1
GCP,adapt_p35-659087696138755_a255-00000000000003_283_map.h5,26.8847,10,633,1120,54.340912:255.000000,1598,True,9,9,1598,0.999999,15.5547,0,0.0130663,1639 1639 1640 1599 1554 1553 1598 1597 -1
GCP,adapt_p80-40593177313954_a270-0_447_map.h5,27.8072,10,264,705,9.594069:270.000000,1084,True,23,13,1085,0.999845,26.2557,0,0.0125567,1149 1149 1215 1150 1083 1084 1017 1085 1151 1018 1086 1152 -1
GCP,adapt_p48-18968510422141_a258-75_423_map.h5,27.7909,10,285,732,41.810314:258.750000,1504,True,25,13,1504,0.998711,25.8368,0,0.0128839,1552 1552 1503 1502 1553 1597 1598 1554 1555 1505 1504 1452 -1
GCP,adapt_p70-52877936550931_a258-75_396_map.h5,26.863,10,480,1096,19.471220:258.750000,1213,True,15,13,1148,0.999993,25.7212,0,0.0127975,1214 1214 1276 1277 1215 1149 1083 1082 1148 1213 1147 1212 -1
GCP,adapt_p23-556464309101234_a67-5_376_map.h5,26.664,10,171,1138,66.443535:67.500000,1693,False,50,12,1747,0.986628,23.9961,0,0.0129047,1765 1766 1767 1748 1722 1692 1691 1721 1747 1720 1746 -1
GCP,adapt_p11-715852394892384_a225-0_204_map.h5,25.3894,10,109,1495,78.284149:225.000000,1774,True,81,13,1787,0.926668,24.6548,0,0.0134235,1791 1796 1795 1794 1793 1786 1787 1788 1789 1776 1775 1774 -1
GCP,adapt_p60-00000000000001_a135-0_292_map.h5,26.8797,10,621,1130,30.000000:135.000000,1316,True,10,10,1255,0.999998,18.2852,0,0.0131376,1317 1317 1256 1318 1255 1192 1191 1254 1316 -1
GCP,adapt_p80-40593177313954_a0-0_101_map.h5,25.7978,10,91,1157,9.594069:0.000000,1034,True,172,12,1165,0.960156,24.46,0,0.0155549,1102 1101 1167 1166 1034 1100 1165 1230 1229 1164 1099 -1
GCP,adapt_p80-40593177313954_a180-0_36_map.h5,27.4859,10,66,369,9.594069:180.000000,1067,False,227,13,1137,0.746368,27.4998,0,0.0176879,1324 1199 1135 1069 1070 1136 1201 1202 1203 1138 1137 1071 -1
GCP,adapt_p80-40593177313954_a22-5_46_map.h5,26.8723,10,536,1188,9.594069:22.500000,1038,True,13,13,1038,0.999999,25.8922,0,0.012454,1105 1105 1106 1040 1039 971 1038 1104 1103 1037 970 1036 -1
GCP,adapt_p70-52877936550931_a191-25_559_map.h5,28.8693,10,315,398,19.471220:191.250000,1201,True,14,14,1201,0.999999,27.9339,0,0.0125449,1136 1136 1200 1263 1262 1199 1134 1135 1201 1264 1265 1202 1137 -1
GCP,adapt_p60-00000000000001_a247-49999999999997_463_map.h5,26.8325,10,440,1132,30.000000:247.500000,1335,True,16,12,1334,0.999924,22.9047,0,0.0123473,1393 1393 1392 1391 1333 1272 1334 1273 1274 1335 1336 -1
GCP,adapt_p35-659087696138755_a165-0_375_map.h5,26.8703,10,610,1124,54.340912:165.000000,1587,True,10,10,1587,0.999999,18.1271,0,0.0124464,1586 1586 1541 1542 1588 1587 1629 1630 1631 -1
GCP,adapt_p35-659087696138755_a135-0_55_map.h5,25.7764,10,458,1435,54.340912:135.000000,1583,True,19,13,1583,0.999835,25.7749,0,0.0134048,1584 1584 1625 1663 1664 1627 1626 1583 1537 1536 1582 1581 -1
GCP,adapt_p48-18968510422141_a326-24999999999994_163_map.h5,25.7035,10,339,1461,41.810314:326.250000,1514,True,32,13,1514,0.993995,25.4031,0,0.0132254,1512 1512 1561 1513 1562 1563 1564 1515 1464 1463 1514 1462 -1
GCP,adapt_p70-52877936550931_a101-24999999999999_590_map.h5,26.2632,10,121,1179,19.471220:101.250000,1185,False,102,12,1135,0.945388,25.3575,0,0.0136138,999 1133 1199 1134 1069 1070 1135 1200 1201 1136 1137 -1
GCP,adapt_p35-659087696138755_a75-0_354_map.h5,27.8904,10,551,775,54.340912:75.000000,1576,True,9,9,1620,0.999999,15.4733,0,0.0123822,1576 1576 1575 1619 1658 1659 1620 1577 -1
GCP,adapt_p11-715852394892384_a315-0_105_map.h5,26.8517,10,505,1179,78.284149:315.000000,1778,True,14,13,1763,0.999997,26.1252,0,0.0130642,1778 1762 1763 1764 1742 1741 1740 1739 1761 1778 1779 1780 -1
GCP,adapt_p23-556464309101234_a337-5_448_map.h5,28.5988,10,130,378,66.443535:337.500000,1716,True,51,13,1716,0.980101,26.5662,0,0.0130314,1740 1714 1682 1647 1683 1715 1741 1742 1716 1684 1717 1685 -1
GCP,adapt_p80-40593177313954_a315-0_542_map.h5,27.7933,10,313,744,9.594069:315.000000,1093,True,24,13,1094,0.999464,25.4382,0,0.0124711,1028 1028 1096 1095 1027 1026 1094 1160 1159 1093 1158 1092 -1
GCP,adapt_p48-18968510422141_a258-75_129_map.h5,26.8743,10,576,1128,41.810314:258.750000,1504,True,10,10,1452,0.999999,17.9097,0,0.0124874,1451 1451 1503 1553 1554 1504 1452 1505 1453 -1
GCP,adapt_p35-659087696138755_a285-0_380_map.h5,26.8512,10,462,1069,54.340912:285.000000,1601,True,15,12,1602,0.999986,24.34,0,0.0125328,1603 1644 1680 1679 1642 1601 1557 1558 1602 1643 1603 -1
GCP,adapt_p80-40593177313954_a0-0_172_map.h5,26.8593,10,541,1133,9.594069:0.000000,1034,True,12,12,1100,0.999998,23.4953,0,0.0125158,1166 1166 1099 1165 1100 1032 1033 1034 1101 1035 967 -1
GCP,adapt_p70-52877936550931_a281-24999999999994_592_map.h5,27.8382,10,258,737,19.471220:281.250000,1217,True,19,13,1217,0.999969,25.5739,0,0.012532,1216 1216 1215 1151 1152 1217 1279 1280 1218 1153 1154 1219 -1
GCP,adapt_p60-00000000000001_a180-0_491_map.h5,26.8613,10,512,1143,30.000000:180.000000,1324,True,12,12,1325,0.999999,23.0199,0,0.0125105,1263 1263 1264 1326 1384 1325 1262 1324 1383 1382 1323 -1
GCP,adapt_p23-556464309101234_a292-5_39_map.h5,28.8905,10,805,391,66.443535:292.500000,1712,True,9,9,1712,0.999999,15.9211,0,0.0123178,1738 1738 1713 1739 1712 1711 1679 1680 -1
GCP,adapt_p35-659087696138755_a315-0_28_map.h5,26.8673,10,465,1062,54.340912:315.000000,1605,True,12,12,1605,0.999999,22.4059,0,0.0124663,1645 1645 1681 1682 1646 1647 1606 1562 1561 1605 1604 -1
GCP,adapt_p70-52877936550931_a11-25_568_map.h5,27.8824,10,677,755,19.471220:11.250000,1169,True,9,9,1233,0.999999,15.6586,0,0.0123666,1170 1170 1171 1234 1233 1232 1169 1168 -1
GCP,adapt_p60-00000000000001_a45-0_431_map.h5,25.8315,10,366,1534,30.000000:45.000000,1301,True,16,13,1361,0.999946,25.1758,0,0.0133099,1419 1419 1418 1359 1300 1301 1360 1361 1302 1303 1362 1420 -1
GCP,adapt_p48-18968510422141_a168-74999999999997_288_map.h5,26.8452,10,634,1131,41.810314:168.750000,1491,True,13,13,1491,0.999999,25.6967,0,0.0126145,1490 1490 1436 1489 1540 1541 1437 1438 1439 1492 1491 1542 -1
GCP,adapt_p70-52877936550931_a11-25_362_map.h5,26.8545,10,447,1201,19.471220:11.250000,1169,True,16,13,1169,0.999996,25.4747,0,0.0132607,1168 1168 1167 1231 1232 1169 1102 1103 1170 1233 1234 1171 -1
GCP,adapt_p23-556464309101234_a247-49999999999997_418_map.h5,26.5954,10,81,1196,66.443535:247.500000,1708,True,56,12,1675,0.96685,23.7978,0,0.0133881,1709 1708 1707 1674 1637 1595 1596 1638 1675 1676 1639 -1
GCP,adapt_p23-556464309101234_a157-5_424_map.h5,25.7992,10,400,1475,66.443535:157.500000,1701,True,22,13,1700,0.998864,25.1493,0,0.012543,1701 1701 1667 1666 1628 1665 1664 1699 1700 1729 1728 1727 -1
GCP,adapt_p48-18968510422141_a78-75_350_map.h5,26.8733,10,598,1115,41.810314:78.750000,1478,True,10,10,1478,0.999999,18.4103,0,0.0124222,1477 1477 1530 1529 1478 1479 1425 1424 1423 -1
GCP,adapt_p48-18968510422141_a303-75_4_map.h5,27.8642,10,489,765,41.810314:303.750000,1510,False,11,11,1460,0.999998,20.7896,0,0.0125674,1404 1404 1461 1405 1460 1512 1511 1459 1403 1458 -1
GCP,adapt_p80-40593177313954_a135-0_100_map.h5,26.8103,10,524,1091,9.594069:135.000000,1059,True,15,13,1059,0.999998,25.9458,0,0.0125507,991 991 1060 1126 1061 993 992 1059 1125 1124 1058 990 -1
GCP,adapt_p60-00000000000001_a270-0_538_map.h5,28.1322,10,69,395,30.000000:270.000000,1339,False,122,13,1210,0.977918,27.0923,0,0.0146597,1215 1213 1212 1147 1146 1211 1274 1273 1272 1209 1210 1145 -1
GCP,adapt_p80-40593177313954_a292-5_78_map.h5,28.8551,10,333,390,9.594069:292.500000,1088,True,17,14,1089,0.999997,28.7501,0,0.0127205,1154 1154 1087 1153 1088 1155 1156 1091 1023 1090 1022 1089 1021 -1
GCP,adapt_p35-659087696138755_a285-0_261_map.h5,27.8801,10,383,773,54.340912:285.000000,1601,True,10,10,1643,0.999998,17.9868,0,0.0127083,1644 1644 1603 1602 1643 1680 1679 1642 1601 -1
GCP,adapt_p70-52877936550931_a348-74999999999994_543_map.h5,27.8826,10,691,759,19.471220:348.750000,1229,True,11,11,1229,0.999999,20.5517,0,0.01317,1230 1230 1292 1291 1290 1227 1228 1229 1164 1165 -1
GCP,adapt_p11-715852394892384_a45-0_342_map.h5,27.8854,10,517,746,78.284149:45.000000,1766,True,11,11,1766,0.999999,19.8426,0,0.0134075,1765 1765 1781 1782 1783 1767 1766 1747 1746 1745 -1
GCP,adapt_p35-659087696138755_a75-0_510_map.h5,26.8724,10,500,1100,54.340912:75.000000,1576,True,15,13,1576,0.999999,25.0011,0,0.0124025,1620 1620 1659 1658 1657 1618 1619 1575 1528 1529 1576 1577 -1
GCP,adapt_p48-18968510422141_a281-24999999999994_120_map.h5,26.852,10,446,1177,41.810314:281.250000,1507,True,17,13,1454,0.999959,25.7979,0,0.0128521,1453 1453 1398 1454 1505 1506 1555 1556 1557 1508 1507 1455 -1
GCP,adapt_p70-52877936550931_a78-75_577_map.h5,26.8663,10,527,1064,19.471220:78.750000,1181,True,12,12,1115,0.999999,23.1339,0,0.012492,1116 1116 1181 1180 1114 1115 1182 1245 1246 1183 1117 -1
GCP,adapt_p23-556464309101234_a247-49999999999997_135_map.h5,27.8782,10,608,691,66.443535:247.500000,1708,True,11,11,1708,0.999999,20.8726,0,0.0126161,1735 1735 1707 1674 1675 1708 1709 1676 1736 1710 -1
GCP,adapt_p60-00000000000001_a292-5_74_map.h5,26.8614,10,513,1139,30.000000:292.500000,1343,True,13,13,1342,0.999998,24.9586,0,0.0123737,1280 1280 1281 1218 1219 1282 1343 1401 1400 1342 1341 1399 -1
GCP,adapt_p35-659087696138755_a344-99999999999994_151_map.h5,28.8692,10,376,355,54.340912:345.000000,1609,True,11,11,1650,0.999999,20.8516,0,0.0125893,1609 1609 1611 1610 1650 1686 1685 1684 1649 1608 -1
GCP,adapt_p80-40593177313954_a45-0_225_map.h5,26.8783,10,603,1127,9.594069:45.000000,1042,True,12,12,1043,0.999999,23.78,0,0.0124393,1110 1110 1045 1111 1044 1109 1108 1042 975 1043 976 -1
GCP,adapt_p48-18968510422141_a123-74999999999999_347_map.h5,26.8664,10,559,1118,41.810314:123.750000,1484,True,13,13,1431,0.999998,25.8298,0,0.0123987,1432 1432 1486 1433 1374 1431 1430 1483 1535 1484 1485 1536 -1
GCP,adapt_p48-18968510422141_a191-25_284_map.h5,26.8849,10,632,1103,41.810314:191.250000,1494,True,9,9,1441,0.999999,15.4671,0,0.0128754,1385 1385 1442 1495 1494 1441 1384 1440 -1
GCP,adapt_p70-52877936550931_a236-25_8_map.h5,27.8744,10,481,767,19.471220:236.250000,1209,True,11,11,1208,0.999999,20.2603,0,0.0123787,1271 1271 1272 1209 1144 1143 1208 1142 1207 1270 -1
GCP,adapt_p11-715852394892384_a45-0_363_map.h5,26.8813,10,500,1100,78.284149:45.000000,1766,True,12,12,1746,0.999998,23.5043,0,0.0125003,1766 1766 1747 1748 1721 1720 1746 1745 1765 1767 1782 -1
GCP,adapt_p70-52877936550931_a56-24999999999999_146_map.h5,27.8653,10,442,718,19.471220:56.250000,1177,True,13,13,1177,0.999999,25.4906,0,0.012492,1110 1110 1111 1112 1179 1242 1178 1241 1240 1177 1176 1239 -1
GCP,adapt_p80-40593177313954_a157-5_89_map.h5,26.8482,10,479,1127,9.594069:157.500000,1063,True,16,13,1063,0.999996,25.8943,0,0.0136475,1130 1130 1129 1128 1061 994 1062 995 996 1063 1064 1131 -1
GCP,adapt_p80-40593177313954_a45-0_394_map.h5,26.858,10,618,1117,9.594069:45.000000,1042,True,16,13,1109,0.999999,26.1869,0,0.012771,1108 1108 1041 1107 1175 1176 1109 1042 1043 1044 1110 1111 -1
GCP,adapt_p70-52877936550931_a78-75_104_map.h5,27.8765,10,477,797,19.471220:78.750000,1181,True,12,12,1181,0.999998,22.9217,0,0.013275,1244 1244 1243 1179 1180 1114 1181 1115 1116 1182 1245 -1
GCP,adapt_p70-52877936550931_a56-24999999999999_286_map.h5,27.8857,10,638,765,19.471220:56.250000,1177,True,10,10,1177,0.999999,18.3155,0,0.0140614,1110 1110 1175 1109 1176 1239 1240 1177 1111 -1
GCP,adapt_p80-40593177313954_a157-5_485_map.h5,27.8743,10,392,736,9.594069:157.500000,1063,True,13,13,1129,0.999999,25.063,0,0.0125356,1064 1064 1065 1131 1130 1196 1195 1129 1063 1062 1128 1194 -1
GCP,adapt_p80-40593177313954_a22-5_525_map.h5,26.7239,10,191,1104,9.594069:22.500000,1038,True,35,13,971,0.993933,25.4682,0,0.0129563,1103 1103 1037 1036 969 970 903 904 971 1038 1039 972 -1
GCP,adapt_p80-40593177313954_a135-0_391_map.h5,28.8261,10,249,385,9.594069:135.000000,1059,True,17,13,990,0.999977,27.3491,0,0.0127573,1058 990 989 1056 1057 1058 923 924 991 1059 992 1060 -1
GCP,adapt_p80-40593177313954_a157-5_259_map.h5,26.849,10,595,1087,9.594069:157.500000,1063,True,15,13,1063,0.999995,26.2975,0,0.0127288,1129 1129 1128 1130 1131 1064 996 1063 995 1062 994 1061 -1
GCP,adapt_p60-00000000000001_a45-0_241_map.h5,26.8688,10,528,1137,30.000000:45.000000,1301,True,8,8,1301,0.999998,13.6753,0,0.0129886,1238 1238 1239 1302 1237 1300 1301 -1
GCP,adapt_p60-00000000000001_a337-49999999999994_588_map.h5,26.8693,10,575,1127,30.000000:337.500000,1350,True,12,12,1350,0.999998,23.0769,0,0.0125219,1289 1289 1288 1348 1406 1407 1349 1350 1290 1351 1408 -1
GCP,adapt_p70-52877936550931_a258-75_1_map.h5,27.8339,10,445,779,19.471220:258.750000,1213,True,19,13,1213,0.999988,25.5708,0,0.0129327,1214 1214 1149 1150 1215 1277 1276 1213 1148 1275 1212 1147 -1
GCP,adapt_p48-18968510422141_a303-75_360_map.h5,27.8764,10,405,664,41.810314:303.750000,1510,True,11,11,1511,0.999999,20.9793,0,0.0124309,1512 1512 1459 1460 1511 1458 1510 1559 1560 1561 -1
GCP,adapt_p48-18968510422141_a348-74999999999994_337_map.h5,26.8761,10,495,1205,41.810314:348.750000,1517,True,10,10,1465,0.999999,18.3852,0,0.012655,1517 1517 1410 1466 1465 1409 1408 1464 1516 -1
GCP,adapt_p80-40593177313954_a247-49999999999997_323_map.h5,26.7808,10,250,1066,9.594069:247.500000,1080,True,27,13,1081,0.998346,26.0841,0,0.0129787,1212 1212 1148 1082 1014 1013 1081 1147 1146 1211 1080 1145 -1
GCP,adapt_p35-659087696138755_a165-0_466_map.h5,26.8472,10,402,1152,54.340912:165.000000,1587,True,14,13,1587,0.999998,25.2015,0,0.0126054,1588 1588 1542 1541 1587 1630 1631 1668 1667 1666 1629 1586 -1
GCP,adapt_p23-556464309101234_a22-5_161_map.h5,28.5575,10,78,393,66.443535:22.500000,1689,False,67,13,1656,0.93593,26.8009,0,0.0132303,1719 1720 1721 1692 1656 1617 1691 1655 1616 1615 1654 1690 -1
GCP,adapt_p80-40593177313954_a157-5_474_map.h5,26.8592,10,480,1053,9.594069:157.500000,1063,True,15,13,996,0.999996,25.6858,0,0.012574,1062 1062 1061 994 1063 1064 997 930 929 996 995 928 -1
GCP,adapt_p70-52877936550931_a56-24999999999999_576_map.h5,25.8192,10,278,1488,19.471220:56.250000,1177,True,20,12,1177,0.999661,23.1786,0,0.0125867,1112 1112 1178 1177 1240 1176 1111 1045 1044 1110 1109 -1
GCP,adapt_p23-556464309101234_a157-5_170_map.h5,24.4025,10,108,1741,66.443535:157.500000,1701,False,83,11,1535,0.963153,23.2071,0,0.0133555,1700 1583 1626 1625 1582 1581 1536 1484 1535 1534 -1
GCP,adapt_p48-18968510422141_a56-24999999999999_304_map.h5,26.8844,10,535,1102,41.810314:56.250000,1475,True,11,11,1421,0.999998,22.3316,0,0.0123885,1475 1474 1420 1362 1363 1421 1422 1476 1526 1475 -1
GCP,adapt_p11-715852394892384_a135-0_242_map.h5,27.8485,10,325,689,78.284149:135.000000,1770,True,19,14,1771,0.999973,26.9632,0,0.0132895,1770 1770 1784 1785 1771 1752 1753 1754 1772 1773 1787 1786 1794 -1
GCP,adapt_p60-00000000000001_a315-0_273_map.h5,26.8844,10,552,1115,30.000000:315.000000,1346,True,9,9,1403,0.999999,15.4156,0,0.0123973,1404 1404 1346 1345 1344 1402 1403 1459 -1
GCP,adapt_p11-715852394892384_a225-0_241_map.h5,28.8115,10,165,382,78.284149:225.000000,1774,True,23,14,1758,0.999963,27.3226,0,0.0133086,1776 1776 1788 1775 1774 1756 1757 1733 1734 1735 1758 1759 1736 -1
GCP,adapt_p48-18968510422141_a191-25_248_map.h5,26.8788,10,628,1129,41.810314:191.250000,1494,True,11,11,1494,0.999999,20.232,0,0.0129615,1441 1441 1440 1493 1494 1544 1545 1495 1442 1443 -1
GCP,adapt_p70-52877936550931_a33-75_551_map.h5,27.8388,10,324,689,19.471220:33.750000,1173,True,19,13,1172,0.999995,25.8171,0,0.0129869,1235 1235 1173 1236 1237 1174 1107 1106 1172 1171 1105 1104 -1
GCP,adapt_p35-659087696138755_a224-99999999999997_324_map.h5,28.4658,10,103,366,54.340912:225.000000,1594,True,77,13,1594,0.955121,27.0127,0,0.0129503,1634 1636 1593 1548 1498 1445 1446 1499 1549 1594 1595 1550 -1
GCP,adapt_p60-00000000000001_a224-99999999999997_528_map.h5,26.7582,10,205,1120,30.000000:225.000000,1331,True,30,13,1270,0.99818,25.7607,0,0.0136026,1391 1391 1333 1390 1389 1331 1330 1269 1207 1270 1332 1271 -1
GCP,adapt_p80-40593177313954_a157-5_335_map.h5,26.8497,10,528,1153,9.594069:157.500000,1063,True,14,13,1129,0.999998,25.5016,0,0.0130427,1063 1063 1064 1131 1196 1130 1129 1195 1194 1128 1062 1061 -1
GCP,adapt_p80-40593177313954_a67-5_306_map.h5,25.8272,10,310,1499,9.594069:67.500000,1047,False,17,12,1112,0.999981,24.6847,0,0.0125811,1044 1044 1111 1045 1112 1179 1178 1177 1110 1237 1173 -1
GCP,adapt_p48-18968510422141_a78-75_382_map.h5,28.3871,10,98,359,41.810314:78.750000,1478,False,91,13,1662,0.839124,26.4643,0,0.0136231,1481 1532 1531 1577 1578 1579 1622 1623 1661 1696 1697 1662 -1
GCP,adapt_p48-18968510422141_a303-75_108_map.h5,27.8948,10,752,743,41.810314:303.750000,1510,True,7,7,1458,0.999999,10.563,0,0.0130446,1459 1459 1511 1510 1458 1457 -1
GCP,adapt_p80-40593177313954_a202-49999999999997_384_map.h5,26.8373,10,457,1145,9.594069:202.500000,1072,True,15,13,1072,0.999993,25.8906,0,0.0124657,1137 1137 1138 1136 1070 1003 1071 1004 1072 1005 1073 1139 -1
GCP,adapt_p80-40593177313954_a180-0_105_map.h5,26.861,10,504,1120,9.594069:180.000000,1067,True,15,13,1068,0.999998,25.6624,0,0.0127816,1134 1134 1133 1132 1066 1067 1000 1001 1002 1069 1068 1135 -1
GCP,adapt_p60-00000000000001_a202-49999999999997_163_map.h5,28.8423,10,299,410,30.000000:202.500000,1328,True,16,13,1328,0.999981,27.5978,0,0.0125274,1329 1387 1327 1265 1266 1267 1330 1329 1328 1386 1385 1326 -1
GCP,adapt_p35-659087696138755_a315-0_250_map.h5,26.8683,10,462,1108,54.340912:315.000000,1605,True,13,13,1646,0.999998,25.2274,0,0.0125013,1604 1604 1605 1606 1647 1683 1682 1646 1645 1603 1644 1681 -1
GCP,adapt_p23-556464309101234_a337-5_418_map.h5,25.7743,10,292,1524,66.443535:337.500000,1716,True,25,13,1716,0.9991,25.211,0,0.0124591,1684 1684 1683 1716 1717 1687 1718 1743 1742 1741 1715 1714 -1
GCP,adapt_p60-00000000000001_a112-49999999999999_393_map.h5,27.8992,10,685,751,30.000000:112.500000,1313,True,8,8,1313,0.999998,13.6702,0,0.0125626,1372 1372 1373 1314 1371 1312 1313 -1
GCP,adapt_p70-52877936550931_a236-25_20_map.h5,25.72,10,475,1515,19.471220:236.250000,1209,True,24,13,1210,0.999815,25.3411,0,0.0127407,1272 1272 1273 1274 1212 1211 1146 1145 1210 1209 1144 1143 -1
GCP,adapt_p80-40593177313954_a224-99999999999997_360_map.h5,26.8631,10,453,1159,9.594069:225.000000,1076,True,16,13,1076,0.999958,25.7116,0,0.0126691,1077 1077 1010 1009 1008 1076 1143 1142 1141 1075 1007 1074 -1
GCP,adapt_p35-659087696138755_a165-0_326_map.h5,26.7019,10,199,1121,54.340912:165.000000,1587,True,38,12,1588,0.986868,25.2072,0,0.0129194,1492 1543 1542 1587 1541 1629 1630 1631 1589 1544 1588 -1
GCP,adapt_p48-18968510422141_a78-75_116_map.h5,28.8372,10,189,346,41.810314:78.750000,1478,True,21,13,1425,0.99997,26.5466,0,0.0126325,1480 1479 1425 1367 1368 1426 1427 1480 1531 1530 1478 1424 -1
GCP,adapt_p11-715852394892384_a45-0_197_map.h5,25.8443,10,345,1437,78.284149:45.000000,1766,True,18,13,1766,0.999983,25.0498,0,0.0125107,1765 1765 1782 1783 1768 1767 1766 1745 1746 1720 1747 1748 -1
GCP,adapt_p70-52877936550931_a33-75_216_map.h5,27.8381,10,231,801,19.471220:33.750000,1173,True,18,13,1237,0.999986,26.6065,0,0.0136737,1174 1174 1236 1299 1300 1237 1172 1173 1107 1175 1238 1301 -1
GCP,adapt_p35-659087696138755_a285-0_401_map.h5,27.7944,10,297,717,54.340912:285.000000,1601,True,25,13,1642,0.999406,26.8209,0,0.0124006,1602 1601 1642 1643 1680 1679 1678 1641 1600 1556 1557 1602 -1
GCP,adapt_p23-556464309101234_a292-5_461_map.h5,27.8826,10,671,752,66.443535:292.500000,1712,True,12,12,1712,0.999999,23.5716,0,0.013228,1739 1739 1714 1682 1740 1713 1681 1680 1679 1712 1738 -1
GCP,adapt_p35-659087696138755_a315-0_173_map.h5,26.8715,10,496,1126,54.340912:315.000000,1605,True,11,11,1606,0.999998,20.2917,0,0.0123398,1647 1647 1648 1607 1606 1562 1561 1605 1646 1604 -1
GCP,adapt_p70-52877936550931_a303-75_481_map.h5,26.8627,10,573,1058,19.471220:303.750000,1221,True,12,12,1221,0.999999,24.4148,0,0.0131523,1284 1284 1220 1221 1157 1156 1283 1345 1285 1222 1223 -1
GCP,adapt_p48-18968510422141_a56-24999999999999_13_map.h5,28.7764,10,158,402,41.810314:56.250000,1475,True,30,14,1526,0.996551,27.8384,0,0.0124227,1473 1473 1420 1362 1421 1475 1527 1574 1573 1526 1474 1525 1572 -1
GCP,adapt_p80-40593177313954_a224-99999999999997_383_map.h5,26.837,10,456,1113,9.594069:225.000000,1076,True,16,13,1142,0.999994,25.5912,0,0.0128397,1076 1076 1077 1143 1208 1270 1269 1206 1141 1207 1142 1075 -1
GCP,adapt_p23-556464309101234_a247-49999999999997_79_map.h5,26.6756,10,155,1137,66.443535:247.500000,1708,True,39,13,1708,0.990511,24.9625,0,0.0131439,1734 1734 1707 1674 1675 1708 1735 1736 1709 1676 1710 1677 -1
GCP,adapt_p48-18968510422141_a56-24999999999999_550_map.h5,25.5761,10,121,1485,41.810314:56.250000,1475,True,55,12,1475,0.982129,24.7022,0,0.0127543,1241 1363 1364 1421 1422 1476 1528 1527 1475 1474 1420 -1
GCP,adapt_p70-52877936550931_a11-25_55_map.h5,26.7419,10,220,1075,19.471220:11.250000,1169,True,32,13,1232,0.995578,26.2895,0,0.0128957,1170 1170 1232 1295 1233 1169 1103 1102 1168 1231 1167 1101 -1
GCP,adapt_p48-18968510422141_a33-75_437_map.h5,27.8885,10,664,740,41.810314:33.750000,1471,True,7,7,1417,0.999999,10.5927,0,0.0122629,1418 1418 1472 1471 1417 1416 -1
GCP,adapt_p70-52877936550931_a258-75_392_map.h5,27.8761,10,637,712,19.471220:258.750000,1213,True,13,13,1213,0.999999,25.6735,0,0.0126339,1148 1148 1212 1147 1211 1274 1275 1213 1276 1277 1214 1149 -1
GCP,adapt_p70-52877936550931_a168-74999999999997_598_map.h5,27.7673,10,261,751,19.471220:168.750000,1197,True,31,13,1199,0.998888,25.6261,0,0.0125667,1134 1134 1200 1263 1262 1199 1133 1261 1198 1132 1131 1197 -1
GCP,adapt_p23-556464309101234_a292-5_474_map.h5,26.8742,10,545,1081,66.443535:292.500000,1712,True,12,12,1713,0.999999,22.6315,0,0.0125651,1712 1712 1679 1680 1681 1682 1714 1740 1713 1739 1738 -1
GCP,adapt_p70-52877936550931_a101-24999999999999_275_map.h5,26.8815,10,626,1072,19.471220:101.250000,1185,True,10,10,1185,0.999999,17.661,0,0.0123276,1120 1120 1186 1249 1248 1185 1119 1118 1184 -1
GCP,adapt_p48-18968510422141_a236-25_339_map.h5,26.8544,10,407,1102,41.810314:236.250000,1501,True,15,13,1500,0.999998,25.6621,0,0.0133871,1447 1447 1501 1551 1502 1449 1448 1500 1550 1549 1499 1446 -1
GCP,adapt_p11-715852394892384_a315-0_247_map.h5,26.8415,10,436,1154,78.284149:315.000000,1778,False,19,13,1764,0.999996,25.4014,0,0.0132781,1742 1742 1764 1744 1718 1743 1741 1763 1762 1779 1780 1765 -1
GCP,adapt_p70-52877936550931_a303-75_87_map.h5,27.8085,10,336,754,19.471220:303.750000,1221,True,24,13,1220,0.999954,25.1651,0,0.013377,1282 1282 1283 1284 1285 1222 1221 1156 1155 1220 1219 1154 -1
GCP,adapt_p70-52877936550931_a33-75_127_map.h5,28.7691,10,197,365,19.471220:33.750000,1173,True,28,14,1235,0.998221,27.9785,0,0.0127364,1358 1358 1359 1300 1237 1173 1236 1299 1298 1235 1172 1234 1297 -1
GCP,adapt_p80-40593177313954_a337-49999999999994_563_map.h5,24.5387,10,189,1893,9.594069:337.500000,1097,True,58,12,1163,0.959301,24.4916,0,0.0129473,1100 1099 1165 1230 1229 1228 1164 1098 1097 1163 1162 -1
GCP,adapt_p48-18968510422141_a326-24999999999994_403_map.h5,28.5098,10,78,361,41.810314:326.250000,1514,True,70,13,1515,0.954589,26.6574,0,0.0129933,1409 1465 1464 1516 1565 1564 1563 1515 1463 1462 1514 1513 -1
GCP,adapt_p48-18968510422141_a78-75_553_map.h5,26.8522,10,356,1168,41.810314:78.750000,1478,True,13,13,1478,0.999998,25.398,0,0.0125795,1424 1424 1479 1425 1478 1530 1529 1477 1423 1422 1476 1528 -1
GCP,adapt_p80-40593177313954_a157-5_464_map.h5,28.7973,10,118,377,9.594069:157.500000,1063,True,25,14,1196,0.999649,27.9541,0,0.0124999,1064 1064 1063 1129 1195 1259 1260 1197 1196 1130 1131 1065 1132 -1
GCP,adapt_p80-40593177313954_a0-0_506_map.h5,25.8067,10,410,1453,9.594069:0.000000,1034,True,20,12,1034,0.997842,23.5079,0,0.0130377,1101 1101 1102 1035 1166 1165 1099 1032 1100 1034 1033 -1
GCP,adapt_p80-40593177313954_a247-49999999999997_64_map.h5,27.8344,10,374,749,9.594069:247.500000,1080,True,20,13,1145,0.999987,25.6616,0,0.0124643,1144 1144 1077 1078 1011 1079 1145 1080 1081 1147 1146 1211 -1
GCP,adapt_p23-556464309101234_a157-5_422_map.h5,26.8749,10,482,1174,66.443535:157.500000,1701,True,12,12,1729,0.999999,23.0728,0,0.0129219,1700 1700 1701 1730 1754 1753 1752 1727 1728 1729 1699 -1
GCP,adapt_p23-556464309101234_a247-49999999999997_592_map.h5,28.5957,10,50,415,66.443535:247.500000,1708,True,58,13,1674,0.941726,27.1456,0,0.0131376,1639 1638 1596 1637 1675 1708 1707 1734 1706 1673 1674 1636 -1
GCP,adapt_p70-52877936550931_a11-25_30_map.h5,28.0158,10,92,379,19.471220:11.250000,1169,True,141,10,1102,0.852803,27.2638,0,0.0149684,1676 1233 1170 1103 1169 1168 1102 1101 1035 -1
GCP,adapt_p60-00000000000001_a224-99999999999997_583_map.h5,26.8761,10,597,1099,30.000000:225.000000,1331,True,12,12,1332,0.999999,23.137,0,0.0126824,1391 1391 1334 1392 1333 1271 1270 1332 1390 1389 1331 -1
GCP,adapt_p80-40593177313954_a315-0_11_map.h5,26.8203,10,427,1140,9.594069:315.000000,1093,True,13,13,1093,0.999998,25.8615,0,0.0124784,1025 1025 1024 1091 1157 1158 1092 1026 1027 1094 1093 1159 -1
GCP,adapt_p60-00000000000001_a337-49999999999994_121_map.h5,26.885,10,503,1108,30.000000:337.500000,1350,True,10,10,1408,0.999999,18.3464,0,0.0127569,1350 1350 1409 1351 1408 1464 1463 1407 1349 -1
GCP,adapt_p60-00000000000001_a90-0_124_map.h5,27.8997,10,719,754,30.000000:90.000000,1309,True,8,8,1309,0.999998,13.717,0,0.0130355,1368 1368 1369 1310 1367 1308 1309 -1
GCP,adapt_p70-52877936550931_a213-75_237_map.h5,28.2871,10,102,395,19.471220:213.750000,1205,False,103,13,1037,0.928502,26.9396,0,0.0137088,967 968 1036 969 970 1037 1104 1038 971 1039 1105 1106 -1
GCP,adapt_p35-659087696138755_a224-99999999999997_466_map.h5,27.8291,10,378,759,54.340912:225.000000,1594,True,21,13,1636,0.999981,25.2693,0,0.0127388,1672 1672 1636 1594 1593 1635 1673 1706 1707 1674 1637 1595 -1
GCP,adapt_p48-18968510422141_a191-25_227_map.h5,26.8454,10,491,1105,41.810314:191.250000,1494,True,15,13,1441,0.999997,25.6703,0,0.0124258,1442 1442 1495 1545 1544 1494 1385 1384 1441 1493 1440 1383 -1
GCP,adapt_p80-40593177313954_a90-0_247_map.h5,28.6861,10,110,351,9.594069:90.000000,1051,True,41,14,982,0.997593,27.9517,0,0.0126963,1047 1047 980 1048 981 1049 982 1050 983 1051 984 1052 985 -1
GCP,adapt_p60-00000000000001_a180-0_26_map.h5,27.8598,10,414,703,30.000000:180.000000,1324,True,14,13,1324,0.999995,25.8277,0,0.0129704,1325 1325 1384 1383 1263 1262 1261 1323 1324 1382 1381 1322 -1
GCP,adapt_p35-659087696138755_a135-0_264_map.h5,25.2582,10,240,1538,54.340912:135.000000,1583,False,93,11,1116,0.713039,21.8854,0,0.0136211,1186 1185 1119 1118 1184 1117 1183 1182 1116 1115 -1
GCP,adapt_p35-659087696138755_a285-0_494_map.h5,26.8745,10,489,1111,54.340912:285.000000,1601,True,11,11,1602,0.999999,20.275,0,0.012345,1558 1558 1559 1603 1644 1602 1643 1642 1601 1557 -1
GCP,adapt_p60-00000000000001_a180-0_154_map.h5,27.8313,10,209,765,30.000000:180.000000,1324,True,20,13,1262,0.999929,25.7949,0,0.0125129,1323 1323 1262 1199 1261 1324 1382 1383 1325 1263 1264 1326 -1
GCP,adapt_p80-40593177313954_a224-99999999999997_388_map.h5,28.8474,10,341,372,9.594069:225.000000,1076,True,17,14,1076,0.999996,28.7783,0,0.0124163,1008 1008 1074 1140 1141 1075 1142 1143 1076 1009 1077 1010 1078 -1
GCP,adapt_p70-52877936550931_a123-74999999999999_566_map.h5,26.864,10,629,1058,19.471220:123.750000,1189,True,12,12,1189,0.999999,23.2751,0,0.0128023,1124 1124 1125 1123 1122 1188 1251 1252 1189 1190 1253 -1
GCP,adapt_p60-00000000000001_a270-0_404_map.h5,27.7343,10,216,777,30.000000:270.000000,1339,True,33,13,1452,0.992086,25.8074,0,0.0134385,1337 1337 1395 1451 1453 1505 1504 1452 1396 1339 1397 1398 -1
GCP,adapt_p70-52877936550931_a168-74999999999997_165_map.h5,27.8563,10,543,740,19.471220:168.750000,1197,True,15,13,1197,0.999998,27.6463,0,0.0125461,1259 1196 1130 1195 1131 1132 1198 1262 1261 1197 1260 1259 -1
GCP,adapt_p60-00000000000001_a292-5_549_map.h5,26.7996,10,385,1146,30.000000:292.500000,1343,True,24,13,1343,0.999926,25.7455,0,0.0132366,1342 1342 1282 1281 1343 1400 1401 1402 1344 1283 1284 1345 -1
GCP,adapt_p48-18968510422141_a303-75_237_map.h5,27.8779,10,629,775,41.810314:303.750000,1510,True,11,11,1459,0.999998,20.5799,0,0.0129627,1458 1458 1510 1559 1560 1511 1459 1561 1512 1460 -1
GCP,adapt_p48-18968510422141_a123-74999999999999_288_map.h5,26.5021,10,131,1185,41.810314:123.750000,1484,False,61,12,1076,0.988852,24.9576,0,0.0127577,1072 1006 1074 1007 1075 1008 1076 1009 1077 1010 1078 -1
GCP,adapt_p23-556464309101234_a337-5_597_map.h5,27.8726,10,688,767,66.443535:337.500000,1716,True,14,13,1716,0.999998,25.9653,0,0.0131341,1684 1684 1647 1683 1717 1685 1716 1742 1741 1715 1714 1682 -1
GCP,adapt_p23-556464309101234_a202-5_508_map.h5,26.8965,10,831,1159,66.443535:202.500000,1704,True,8,8,1704,0.999999,13.5612,0,0.0123118,1705 1705 1732 1671 1670 1704 1703 -1
GCP,adapt_p70-52877936550931_a56-24999999999999_311_map.h5,26.8814,10,574,1128,19.471220:56.250000,1177,True,10,10,1177,0.999999,17.7618,0,0.0124384,1176 1176 1110 1111 1177 1240 1241 1178 1112 -1
GCP,adapt_p35-659087696138755_a45-0_343_map.h5,26.8603,10,479,1138,54.340912:45.000000,1572,True,14,13,1571,0.999998,25.2738,0,0.0124852,1525 1525 1571 1524 1472 1471 1523 1570 1615 1616 1572 1573 -1
GCP,adapt_p35-659087696138755_a344-99999999999994_414_map.h5,26.8763,10,503,1090,54.340912:345.000000,1609,True,10,10,1608,0.999999,18.3573,0,0.0124817,1609 1609 1564 1565 1608 1607 1648 1649 1650 -1
GCP,adapt_p35-659087696138755_a315-0_548_map.h5,26.8483,10,426,1099,54.340912:315.000000,1605,True,16,13,1512,0.999993,25.1815,0,0.0124505,1513 1513 1460 1512 1561 1562 1606 1605 1604 1560 1511 1510 -1
GCP,adapt_p48-18968510422141_a213-75_158_map.h5,27.6771,10,211,756,41.810314:213.750000,1497,False,42,14,1446,0.987078,27.586,0,0.0128307,1391 1391 1447 1390 1332 1331 1389 1330 1388 1445 1498 1499 1446 -1
GCP,adapt_p80-40593177313954_a247-49999999999997_67_map.h5,25.3747,10,102,1488,9.594069:247.500000,1080,False,66,12,1141,0.944032,24.952,0,0.0130877,1010 1077 1143 1076 1142 1206 1205 1140 1074 1141 1075 -1
GCP,adapt_p80-40593177313954_a315-0_364_map.h5,26.8015,10,407,1104,9.594069:315.000000,1093,True,22,13,1094,0.99989,26.278,0,0.0132389,1027 1027 1096 1095 1161 1160 1094 1026 1025 1093 1159 1092 -1
GCP,adapt_p70-52877936550931_a78-75_597_map.h5,27.8837,10,577,779,19.471220:78.750000,1181,True,8,8,1114,0.999998,13.1718,0,0.0131257,1181 1181 1180 1179 1113 1114 1115 -1
GCP,adapt_p80-40593177313954_a157-5_71_map.h5,28.8413,10,348,377,9.594069:157.500000,1063,True,17,14,996,0.999998,28.5623,0,0.0125072,997 997 929 930 996 1065 1064 1130 1129 1063 995 1062 1128 -1
GCP,adapt_p80-40593177313954_a315-0_234_map.h5,26.8758,10,446,1132,9.594069:315.000000,1093,True,12,12,1093,0.999999,23.4315,0,0.0129681,1094 1094 1160 1095 1027 1026 1025 1093 1159 1092 1024 -1
GCP,adapt_p70-52877936550931_a123-74999999999999_10_map.h5,26.6971,10,220,1076,19.471220:123.750000,1189,True,39,13,1189,0.995131,24.9614,0,0.0127468,1187 1187 1188 1122 1123 1189 1252 1253 1190 1124 1125 1191 -1
GCP,adapt_p70-52877936550931_a168-74999999999997_72_map.h5,27.8373,10,279,743,19.471220:168.750000,1197,True,14,13,1197,0.999997,25.8413,0,0.0124232,1132 1132 1133 1131 1130 1195 1196 1259 1260 1197 1198 1261 -1
GCP,adapt_p48-18968510422141_a191-25_306_map.h5,26.8567,10,475,1089,41.810314:191.250000,1494,True,14,13,1544,0.999999,25.809,0,0.0130555,1543 1543 1494 1441 1440 1492 1493 1544 1589 1590 1545 1495 -1
GCP,adapt_p70-52877936550931_a33-75_416_map.h5,26.813,10,357,1157,19.471220:33.750000,1173,True,19,13,1106,0.9989,26.1107,0,0.0127253,1236 1236 1171 1105 1106 1172 1235 1173 1107 1108 1174 1237 -1
GCP,adapt_p70-52877936550931_a168-74999999999997_60_map.h5,28.4133,10,137,392,19.471220:168.750000,1197,True,84,13,1260,0.950474,27.4264,0,0.013523,1128 1195 1258 1130 1131 1197 1196 1259 1321 1322 1260 1261 -1
GCP,adapt_p70-52877936550931_a33-75_20_map.h5,27.8682,10,700,731,19.471220:33.750000,1173,True,12,12,1173,0.999998,23.8797,0,0.0126307,1237 1237 1172 1106 1107 1173 1236 1238 1175 1174 1108 -1
GCP,adapt_p80-40593177313954_a247-49999999999997_486_map.h5,25.666,10,262,1519,9.594069:247.500000,1080,True,39,12,1013,0.976642,23.743,0,0.0128305,1081 1081 1012 945 1079 1080 1013 946 947 1014 1015 -1
GCP,adapt_p23-556464309101234_a292-5_562_map.h5,27.8304,10,302,705,66.443535:292.500000,1712,True,17,13,1740,0.999981,25.2663,0,0.0124674,1713 1713 1714 1682 1681 1712 1739 1761 1762 1740 1741 1715 -1
GCP,adapt_p80-40593177313954_a270-0_302_map.h5,25.7241,10,311,1562,9.594069:270.000000,1084,True,31,12,1085,0.991694,23.8332,0,0.0126962,1152 1152 1019 1018 1086 1017 1085 1151 1150 1084 1016 -1
GCP,adapt_p23-556464309101234_a67-5_262_map.h5,26.1642,10,56,429,66.443535:67.500000,1693,False,449,11,1726,0.619745,24.8658,0,0.0322153,1420 1724 1749 1750 1725 1726 1751 1727 1698 1699 -1
GCP,adapt_p48-18968510422141_a326-24999999999994_365_map.h5,26.8841,10,662,1065,41.810314:326.250000,1514,True,11,11,1462,0.999999,20.1662,0,0.0137044,1463 1463 1462 1461 1513 1562 1563 1514 1515 1564 -1
GCP,adapt_p60-00000000000001_a292-5_404_map.h5,25.7118,10,426,1501,30.000000:292.500000,1343,True,33,13,1281,0.999408,25.6771,0,0.0129984,1220 1220 1219 1218 1280 1279 1341 1342 1281 1343 1282 1283 -1
GCP,adapt_p60-00000000000001_a180-0_527_map.h5,26.8492,10,495,1098,30.000000:180.000000,1324,True,15,13,1261,0.999997,25.9393,0,0.0126081,1323 1323 1383 1325 1263 1262 1324 1382 1322 1260 1261 1198 -1
GCP,adapt_p70-52877936550931_a326-24999999999994_311_map.h5,27.7549,10,230,750,19.471220:326.250000,1225,True,29,13,1159,0.999012,25.7274,0,0.0128964,1224 1224 1158 1092 1157 1222 1223 1159 1093 1094 1160 1225 -1
GCP,adapt_p48-18968510422141_a56-24999999999999_448_map.h5,26.7862,10,180,1136,41.810314:56.250000,1475,True,26,13,1420,0.998845,24.967,0,0.0126363,1419 1419 1361 1362 1420 1474 1526 1527 1475 1421 1363 1422 -1
GCP,adapt_p60-00000000000001_a112-49999999999999_202_map.h5,26.8797,10,601,1066,30.000000:112.500000,1313,True,10,10,1372,0.999999,17.8622,0,0.0129907,1371 1371 1312 1313 1372 1429 1430 1373 1314 -1
GCP,adapt_p35-659087696138755_a14-999999999999998_447_map.h5,26.7306,10,236,1152,54.340912:15.000000,1568,True,32,13,1568,0.998599,25.7858,0,0.0132083,1520 1520 1567 1612 1568 1468 1521 1569 1570 1614 1613 1652 -1
GCP,adapt_p35-659087696138755_a165-0_78_map.h5,26.8562,10,370,1171,54.340912:165.000000,1587,True,15,13,1587,0.999997,25.7867,0,0.0125711,1541 1541 1491 1492 1543 1542 1586 1629 1630 1587 1588 1589 -1
GCP,adapt_p48-18968510422141_a168-74999999999997_306_map.h5,26.8808,10,768,1169,41.810314:168.750000,1491,True,10,10,1491,0.999998,18.6761,0,0.0130083,1541 1541 1540 1542 1492 1438 1491 1490 1437 -1
GCP,adapt_p80-40593177313954_a292-5_184_map.h5,26.872,10,497,1118,9.594069:292.500000,1088,True,12,12,1088,0.999999,23.3833,0,0.0128209,1089 1089 1022 1021 1020 1088 1155 1154 1153 1087 1019 -1
GCP,adapt_p48-18968510422141_a33-75_385_map.h5,26.8463,10,457,1129,41.810314:33.750000,1471,True,16,13,1417,0.99999,25.8102,0,0.0125376,1418 1418 1472 1524 1471 1470 1522 1523 1417 1358 1416 1415 -1
GCP,adapt_p23-556464309101234_a202-5_316_map.h5,27.8863,10,547,792,66.443535:202.500000,1704,True,11,11,1732,0.999999,21.2794,0,0.0125163,1731 1731 1756 1755 1733 1705 1732 1704 1703 1730 -1
GCP,adapt_p70-52877936550931_a213-75_38_map.h5,26.8471,10,446,1144,19.471220:213.750000,1205,True,15,12,1205,0.999991,23.0572,0,0.0126953,1267 1267 1203 1266 1204 1139 1140 1205 1268 1269 1206 -1
GCP,adapt_p23-556464309101234_a337-5_88_map.h5,26.7739,10,269,1095,66.443535:337.500000,1716,True,30,13,1648,0.996589,24.8839,0,0.0128823,1608 1608 1649 1685 1717 1742 1716 1715 1683 1684 1648 1607 -1
GCP,adapt_p60-00000000000001_a22-5_410_map.h5,26.6211,10,172,1144,30.000000:22.500000,1298,True,42,12,1298,0.995149,25.1587,0,0.0127423,1415 1299 1300 1359 1358 1357 1356 1296 1297 1298 1235 -1
GCP,adapt_p80-40593177313954_a224-99999999999997_288_map.h5,25.8042,10,296,1502,9.594069:225.000000,1076,True,24,12,1143,0.999116,23.3196,0,0.0126176,1075 1075 1142 1141 1076 1008 1009 1077 1143 1144 1078 -1
GCP,adapt_p23-556464309101234_a22-5_193_map.h5,25.8013,10,333,1544,66.443535:22.500000,1689,True,23,13,1654,0.999673,25.7033,0,0.0124625,1652 1652 1614 1613 1653 1615 1616 1655 1654 1690 1689 1688 -1
GCP,adapt_p48-18968510422141_a326-24999999999994_279_map.h5,26.887,10,828,1119,41.810314:326.250000,1514,True,9,9,1462,0.999999,16.1438,0,0.0127477,1513 1513 1563 1562 1514 1463 1462 1461 -1
GCP,adapt_p35-659087696138755_a285-0_599_map.h5,27.8717,10,513,730,54.340912:285.000000,1601,True,11,11,1601,0.999998,20.4031,0,0.0131244,1602 1602 1558 1557 1601 1643 1642 1600 1556 1507 -1
GCP,adapt_p80-40593177313954_a90-0_486_map.h5,28.8449,10,248,337,9.594069:90.000000,1051,True,19,14,983,0.999997,27.8455,0,0.0129001,984 984 917 985 1052 1051 1050 983 916 915 982 1049 981 -1
GCP,adapt_p60-00000000000001_a0-0_461_map.h5,27.8781,10,646,733,30.000000:0.000000,1294,True,9,9,1294,0.999999,16.103,0,0.0127222,1353 1353 1410 1352 1411 1294 1354 1295 -1
GCP,adapt_p80-40593177313954_a45-0_486_map.h5,27.7121,10,202,789,9.594069:45.000000,1042,True,29,13,907,0.99969,25.9028,0,0.0126476,909 909 1044 1043 976 908 975 1042 974 907 906 973 -1
GCP,adapt_p48-18968510422141_a236-25_354_map.h5,26.8148,10,482,1127,41.810314:236.250000,1501,True,19,13,1449,0.999884,25.8154,0,0.012945,1391 1391 1447 1500 1501 1449 1450 1393 1448 1392 1334 1333 -1
GCP,adapt_p11-715852394892384_a225-0_79_map.h5,28.8814,10,379,359,78.284149:225.000000,1774,True,12,12,1758,0.999999,23.9064,0,0.0133606,1757 1757 1735 1758 1759 1776 1734 1756 1774 1775 1788 -1
GCP,adapt_p35-659087696138755_a45-0_522_map.h5,26.8859,10,579,1175,54.340912:45.000000,1572,True,9,9,1572,0.999998,15.4764,0,0.0129281,1524 1524 1571 1615 1616 1572 1525 1573 -1
GCP,adapt_p60-00000000000001_a0-0_119_map.h5,26.8663,10,615,1067,30.000000:0.000000,1294,True,11,11,1295,0.999999,21.1445,0,0.0135369,1231 1231 1293 1354 1411 1294 1295 1232 1296 1355 -1
GCP,adapt_p80-40593177313954_a202-49999999999997_594_map.h5,26.8623,10,506,1081,9.594069:202.500000,1072,True,14,13,1071,0.999998,25.8992,0,0.0124675,1004 1004 1070 1136 1069 1002 1003 1071 1137 1138 1072 1005 -1
GCP,adapt_p35-659087696138755_a285-0_250_map.h5,26.8622,10,582,1122,54.340912:285.000000,1601,True,14,13,1643,0.999998,25.1297,0,0.0126226,1678 1678 1677 1641 1642 1601 1602 1643 1679 1711 1712 1680 -1
GCP,adapt_p48-18968510422141_a123-74999999999999_283_map.h5,27.8323,10,333,769,41.810314:123.750000,1484,True,19,13,1432,0.999982,25.2489,0,0.0124878,1430 1430 1484 1485 1486 1433 1376 1375 1432 1431 1374 1373 -1
GCP,adapt_p80-40593177313954_a224-99999999999997_387_map.h5,24.0669,10,122,1474,9.594069:225.000000,1076,True,284,9,1141,0.80961,21.9811,0,0.0207596,1629 1206 1207 1142 1076 1075 1141 1140 -1
GCP,adapt_p60-00000000000001_a0-0_179_map.h5,26.8648,10,423,1170,30.000000:0.000000,1294,True,15,13,1294,0.999998,26.0343,0,0.0129964,1353 1353 1352 1410 1411 1231 1293 1294 1295 1355 1354 1412 -1
GCP,adapt_p60-00000000000001_a337-49999999999994_312_map.h5,27.4499,10,66,740,30.000000:337.500000,1350,False,76,13,1229,0.932612,26.8957,0,0.0138695,1409 1351 1352 1292 1230 1165 1164 1229 1291 1228 1163 1227 -1
GCP,adapt_p80-40593177313954_a337-49999999999994_372_map.h5,26.873,10,626,1128,9.594069:337.500000,1097,True,9,9,1097,0.999998,15.7186,0,0.0137853,1096 1096 1095 1028 1029 1097 1030 1098 -1
GCP,adapt_p35-659087696138755_a14-999999999999998_583_map.h5,26.1837,10,127,1108,54.340912:15.000000,1568,False,121,12,1523,0.94029,25.3494,0,0.0140902,1654 1524 1471 1523 1522 1570 1571 1572 1616 1617 1618 -1
GCP,adapt_p48-18968510422141_a303-75_212_map.h5,25.8184,10,245,1521,41.810314:303.750000,1510,True,18,13,1510,0.999847,24.9887,0,0.0133859,1559 1559 1558 1508 1456 1457 1509 1510 1458 1459 1511 1560 -1
GCP,adapt_p48-18968510422141_a168-74999999999997_370_map.h5,25.8564,10,443,1477,41.810314:168.750000,1491,True,13,13,1491,0.999998,25.3252,0,0.0124329,1438 1438 1439 1492 1491 1437 1436 1489 1540 1490 1541 1542 -1
GCP,adapt_p48-18968510422141_a236-25_186_map.h5,26.549,10,187,1109,41.810314:236.250000,1501,False,58,12,1392,0.966422,24.288,0,0.0128683,1270 1271 1272 1273 1335 1393 1450 1449 1392 1334 1333 -1
GCP,adapt_p48-18968510422141_a78-75_322_map.h5,26.8702,10,526,1111,41.810314:78.750000,1478,True,12,12,1529,0.999998,23.734,0,0.0125819,1477 1477 1530 1478 1424 1425 1479 1529 1528 1476 1423 -1
GCP,adapt_p35-659087696138755_a344-99999999999994_194_map.h5,26.8562,10,488,1153,54.340912:345.000000,1609,True,9,9,1609,0.999999,15.5543,0,0.0126059,1649 1649 1650 1610 1566 1565 1609 1608 -1
GCP,adapt_p70-52877936550931_a326-24999999999994_351_map.h5,26.8526,10,469,1166,19.471220:326.250000,1225,True,16,13,1224,0.999998,25.6392,0,0.0131404,1160 1160 1159 1223 1285 1286 1287 1224 1225 1161 1226 1288 -1
GCP,adapt_p80-40593177313954_a202-49999999999997_81_map.h5,26.8034,10,393,1148,9.594069:202.500000,1072,True,21,13,1072,0.99986,25.9431,0,0.0134104,1139 1139 1138 1073 1074 1005 1072 1004 1071 1137 1136 1070 -1
GCP,adapt_p70-52877936550931_a348-74999999999994_113_map.h5,25.1288,10,82,1433,19.471220:348.750000,1229,True,121,11,1471,0.92899,25.0458,0,0.0140246,1229 1416 1470 1417 1471 1523 1570 1571 1524 1472 -1
GCP,adapt_p48-18968510422141_a236-25_375_map.h5,26.8635,10,577,1119,41.810314:236.250000,1501,True,13,13,1501,0.999999,26.0439,0,0.0122673,1500 1500 1550 1551 1552 1502 1450 1501 1447 1448 1449 1392 -1
GCP,adapt_p80-40593177313954_a224-99999999999997_232_map.h5,24.9546,10,106,1496,9.594069:225.000000,1076,False,146,11,1632,0.941818,23.5434,0,0.0150103,1441 1589 1588 1631 1590 1632 1668 1669 1670 1633 -1
GCP,adapt_p11-715852394892384_a45-0_224_map.h5,27.7763,10,245,731,78.284149:45.000000,1766,True,33,14,1766,0.997542,26.9207,0,0.0125407,1783 1783 1782 1781 1780 1765 1766 1767 1747 1720 1746 1745 1744 -1
GCP,adapt_p60-00000000000001_a315-0_52_map.h5,26.8212,10,377,1127,30.000000:315.000000,1346,True,18,13,1346,0.999998,25.3387,0,0.0125704,1404 1404 1405 1348 1347 1286 1346 1285 1222 1284 1345 1403 -1
GCP,adapt_p70-52877936550931_a258-75_598_map.h5,25.758,10,249,1523,19.471220:258.750000,1213,True,28,12,1275,0.998247,23.2246,0,0.0128115,1335 1335 1273 1336 1337 1276 1213 1212 1275 1274 1211 -1
GCP,adapt_p80-40593177313954_a315-0_407_map.h5,27.8823,10,696,724,9.594069:315.000000,1093,True,9,9,1093,0.999999,15.6376,0,0.0134829,1159 1159 1160 1094 1093 1092 1158 1157 -1
GCP,adapt_p11-715852394892384_a225-0_71_map.h5,26.7473,10,163,1120,78.284149:225.000000,1774,False,35,13,1758,0.995328,24.9904,0,0.0125509,1706 1706 1733 1757 1775 1776 1759 1736 1735 1758 1734 1707 -1
GCP,adapt_p60-00000000000001_a224-99999999999997_59_map.h5,27.8569,10,400,773,30.000000:225.000000,1331,True,15,13,1271,0.999998,25.368,0,0.0129225,1333 1333 1391 1390 1332 1331 1269 1207 1270 1208 1271 1272 -1
GCP,adapt_p60-00000000000001_a270-0_48_map.h5,25.844,10,431,1487,30.000000:270.000000,1339,True,17,12,1339,0.999976,23.8307,0,0.0127667,1340 1340 1278 1215 1279 1339 1397 1338 1276 1277 1214 -1
GCP,adapt_p80-40593177313954_a22-5_111_map.h5,26.8761,10,573,1167,9.594069:22.500000,1038,True,10,10,1038,0.999998,18.5928,0,0.0126527,1039 1039 1104 1105 1038 971 970 1037 1103 -1
GCP,adapt_p35-659087696138755_a105-0_213_map.h5,26.8916,10,781,1123,54.340912:105.000000,1579,True,7,7,1579,0.999999,10.8315,0,0.0122286,1580 1580 1533 1579 1623 1622 -1
GCP,adapt_p35-659087696138755_a135-0_406_map.h5,27.8549,10,381,724,54.340912:135.000000,1583,True,16,14,1583,0.999997,27.2795,0,0.0128631,1627 1627 1665 1628 1585 1584 1538 1537 1583 1626 1625 1582 1536 -1
GCP,adapt_p35-659087696138755_a344-99999999999994_273_map.h5,25.6995,10,253,1544,54.340912:345.000000,1609,True,37,13,1565,0.973359,25.1267,0,0.0132995,1566 1566 1517 1516 1464 1463 1515 1564 1608 1565 1609 1610 -1
GCP,adapt_p70-52877936550931_a326-24999999999994_319_map.h5,27.8948,10,662,718,19.471220:326.250000,1225,True,8,8,1160,0.999999,13.686,0,0.0130284,1225 1225 1226 1161 1224 1159 1160 -1
GCP,adapt_p60-00000000000001_a112-49999999999999_599_map.h5,26.8732,10,499,1028,30.000000:112.500000,1313,True,12,12,1313,0.999999,24.5762,0,0.0126518,1372 1373 1314 1251 1250 1311 1370 1371 1312 1313 1372 -1
GCP,adapt_p35-659087696138755_a315-0_522_map.h5,26.8803,10,536,1106,54.340912:315.000000,1605,True,13,13,1646,0.999999,25.3161,0,0.0125293,1605 1605 1561 1562 1606 1646 1645 1682 1683 1647 1648 1607 -1
GCP,adapt_p80-40593177313954_a22-5_130_map.h5,26.8656,10,495,1081,9.594069:22.500000,1038,True,13,13,1038,0.999999,25.4905,0,0.0131627,971 971 972 1039 1038 1104 1103 1037 970 969 1036 968 -1
GCP,adapt_p60-00000000000001_a270-0_190_map.h5,26.8694,10,536,1141,30.000000:270.000000,1339,True,13,13,1339,0.999999,25.0874,0,0.0123811,1398 1398 1399 1341 1340 1339 1397 1396 1338 1277 1278 1279 -1
GCP,adapt_p60-00000000000001_a135-0_197_map.h5,26.8774,10,599,1114,30.000000:135.000000,1316,True,11,11,1317,0.999999,21.1223,0,0.0124129,1316 1316 1253 1254 1317 1375 1376 1255 1256 1318 -1
GCP,adapt_p11-715852394892384_a315-0_18_map.h5,28.6952,10,97,362,78.284149:315.000000,1778,False,41,14,1740,0.993272,27.4266,0,0.0125724,1683 1683 1682 1681 1713 1739 1762 1740 1714 1715 1741 1763 1742 -1
GCP,adapt_p80-40593177313954_a180-0_11_map.h5,26.8731,10,464,1137,9.594069:180.000000,1067,True,10,10,1132,0.999999,18.6561,0,0.0127337,1133 1133 1132 1131 1065 1066 1134 1068 1067 -1
GCP,adapt_p70-52877936550931_a146-25_468_map.h5,25.3655,10,120,1441,19.471220:146.250000,1193,False,89,11,1325,0.937713,24.2994,0,0.013312,1489 1263 1325 1324 1383 1384 1326 1264 1265 1327 -1
GCP,adapt_p70-52877936550931_a191-25_478_map.h5,26.8293,10,497,1143,19.471220:191.250000,1201,True,15,13,1265,0.999997,25.5628,0,0.0125234,1201 1201 1265 1327 1266 1203 1202 1264 1326 1325 1263 1200 -1
GCP,adapt_p60-00000000000001_a157-5_304_map.h5,26.8609,10,489,1079,30.000000:157.500000,1320,True,15,13,1321,0.999998,26.0238,0,0.0128478,1322 1322 1259 1260 1321 1258 1320 1378 1379 1437 1380 1381 -1
GCP,adapt_p70-52877936550931_a146-25_565_map.h5,26.8723,10,427,1189,19.471220:146.250000,1193,True,12,12,1193,0.999999,22.9511,0,0.012456,1128 1128 1127 1192 1256 1193 1194 1257 1258 1195 1129 -1
GCP,adapt_p70-52877936550931_a191-25_130_map.h5,26.8333,10,393,1164,19.471220:191.250000,1201,True,18,13,1199,0.999997,25.0994,0,0.0125074,1134 1134 1133 1198 1261 1262 1199 1200 1263 1264 1201 1135 -1
GCP,adapt_p70-52877936550931_a258-75_306_map.h5,26.858,10,500,1088,19.471220:258.750000,1213,True,14,13,1213,0.999997,25.1093,0,0.0128133,1149 1149 1150 1215 1214 1213 1148 1147 1212 1275 1276 1277 -1
GCP,adapt_p80-40593177313954_a247-49999999999997_413_map.h5,27.813,10,219,813,9.594069:247.500000,1080,True,21,14,1080,0.99996,27.8088,0,0.012845,1079 1079 1078 1011 1012 1013 1080 1146 1147 1081 1014 1082 1015 -1
GCP,adapt_p35-659087696138755_a75-0_150_map.h5,28.8602,10,298,411,54.340912:75.000000,1576,True,15,14,1576,0.999999,27.9939,0,0.0125909,1575 1575 1528 1529 1530 1577 1621 1659 1620 1576 1619 1658 1618 -1
GCP,adapt_p48-18968510422141_a101-24999999999999_16_map.h5,25.8607,10,384,1421,41.810314:101.250000,1481,True,15,13,1481,0.999998,25.6004,0,0.0131848,1482 1482 1429 1483 1533 1532 1481 1480 1426 1427 1428 1370 -1
GCP,adapt_p48-18968510422141_a191-25_56_map.h5,25.8632,10,284,1498,41.810314:191.250000,1494,True,15,13,1493,0.999997,25.2778,0,0.0136281,1441 1441 1440 1439 1492 1493 1494 1442 1495 1545 1544 1543 -1
GCP,adapt_p80-40593177313954_a202-49999999999997_465_map.h5,27.8068,10,342,820,9.594069:202.500000,1072,True,18,14,1070,0.999996,27.6711,0,0.0130043,1069 1069 1068 1001 1002 1003 1070 1136 1137 1071 1004 1072 1138 -1
GCP,adapt_p23-556464309101234_a67-5_478_map.h5,25.6931,10,253,1523,66.443535:67.500000,1693,True,38,13,1693,0.993534,25.3359,0,0.0126517,1620 1620 1619 1618 1657 1658 1659 1694 1693 1656 1692 1722 -1
GCP,adapt_p35-659087696138755_a285-0_352_map.h5,28.5247,10,115,369,54.340912:285.000000,1601,True,71,13,1643,0.943654,26.407,0,0.0130683,1709 1710 1711 1712 1680 1679 1643 1602 1601 1642 1678 1677 -1
GCP,adapt_p35-659087696138755_a224-99999999999997_26_map.h5,27.578,10,107,723,54.340912:225.000000,1594,True,62,13,1635,0.975225,27.5088,0,0.0127993,1704 1634 1592 1593 1635 1671 1672 1706 1673 1674 1636 1594 -1
GCP,adapt_p60-00000000000001_a315-0_83_map.h5,26.8172,10,377,1139,30.000000:315.000000,1346,True,20,13,1285,0.999956,25.6126,0,0.0125829,1284 1284 1345 1346 1286 1223 1222 1285 1347 1348 1287 1224 -1
GCP,adapt_p80-40593177313954_a135-0_497_map.h5,25.1201,10,79,726,9.594069:135.000000,1059,False,442,9,1213,0.742782,24.2709,0,0.0314995,1292 1214 1149 1083 1015 1082 1148 1213 -1
GCP,adapt_p23-556464309101234_a337-5_163_map.h5,26.4866,10,215,1072,66.443535:337.500000,1716,True,74,12,1715,0.95508,24.3129,0,0.0131873,1762 1763 1741 1742 1716 1715 1714 1683 1682 1646 1681 -1
GCP,adapt_p48-18968510422141_a101-24999999999999_404_map.h5,27.8208,10,486,730,41.810314:101.250000,1481,True,11,11,1427,0.999999,20.5693,0,0.0129769,1480 1480 1479 1426 1369 1427 1428 1482 1481 1532 -1
GCP,adapt_p48-18968510422141_a168-74999999999997_593_map.h5,28.8091,10,135,351,41.810314:168.750000,1491,True,24,14,1437,0.999822,27.82,0,0.0126815,1436 1436 1489 1540 1541 1490 1491 1437 1379 1380 1381 1438 1439 -1
GCP,adapt_p60-00000000000001_a22-5_196_map.h5,27.7952,10,242,747,30.000000:22.500000,1298,True,23,13,1234,0.999847,25.8945,0,0.0125505,1298 1298 1297 1296 1234 1235 1236 1172 1171 1170 1233 1232 -1
GCP,adapt_p35-659087696138755_a165-0_288_map.h5,26.8731,10,558,1163,54.340912:165.000000,1587,True,11,11,1629,0.999999,20.7074,0,0.0126654,1667 1667 1628 1666 1629 1586 1587 1630 1668 1631 -1
GCP,adapt_p70-52877936550931_a33-75_185_map.h5,25.7962,10,272,1503,19.471220:33.750000,1173,True,21,13,1172,0.999417,25.2004,0,0.0125601,1106 1106 1105 1171 1172 1235 1298 1299 1236 1173 1237 1300 -1
GCP,adapt_p60-00000000000001_a315-0_583_map.h5,25.7911,10,338,1463,30.000000:315.000000,1346,True,23,13,1346,0.999442,25.5792,0,0.0126812,1286 1286 1348 1405 1347 1285 1346 1404 1460 1459 1403 1345 -1
GCP,adapt_p23-556464309101234_a292-5_373_map.h5,26.8664,10,468,1044,66.443535:292.500000,1712,True,11,11,1738,0.999999,21.3488,0,0.0124055,1739 1739 1680 1679 1711 1712 1713 1761 1738 1737 -1
GCP,adapt_p70-52877936550931_a191-25_29_map.h5,27.5924,10,213,795,19.471220:191.250000,1201,False,54,13,1134,0.960614,27.3464,0,0.0133766,1196 1197 1131 1132 1198 1133 1199 1134 1069 1136 1135 1200 -1
GCP,adapt_p48-18968510422141_a168-74999999999997_448_map.h5,26.8453,10,434,1148,41.810314:168.750000,1491,True,15,13,1438,0.999997,25.7712,0,0.0125233,1491 1491 1541 1490 1492 1439 1382 1381 1438 1380 1437 1436 -1
GCP,adapt_p80-40593177313954_a0-0_376_map.h5,25.8124,10,417,1427,9.594069:0.000000,1034,True,20,13,1034,0.999904,25.489,0,0.0124242,1165 1165 1230 1166 1100 1099 1032 1033 1034 967 1035 1101 -1
GCP,adapt_p70-52877936550931_a213-75_574_map.h5,24.318,10,137,1387,19.471220:213.750000,1205,False,245,11,1339,0.821828,22.2128,0,0.0184125,1084 1215 1216 1279 1340 1339 1278 1277 1338 1337 -1
GCP,adapt_p48-18968510422141_a348-74999999999994_84_map.h5,27.8107,10,245,830,41.810314:348.750000,1517,True,23,13,1517,0.999701,25.1635,0,0.0131452,1518 1518 1466 1465 1517 1566 1519 1610 1609 1565 1516 1464 -1
GCP,adapt_p60-00000000000001_a90-0_34_map.h5,26.8753,10,460,1091,30.000000:90.000000,1309,True,12,12,1246,0.999999,23.5912,0,0.0135101,1247 1247 1183 1182 1245 1308 1246 1309 1310 1184 1248 -1
GCP,adapt_p35-659087696138755_a195-0_506_map.h5,27.8785,10,647,772,54.340912:195.000000,1590,True,10,10,1590,0.999998,17.9899,0,0.0132719,1633 1633 1591 1545 1544 1589 1590 1632 1631 -1
GCP,adapt_p11-715852394892384_a315-0_397_map.h5,26.8294,10,459,1169,78.284149:315.000000,1778,True,22,13,1763,0.999962,25.0239,0,0.0133304,1781 1781 1791 1779 1778 1777 1790 1780 1764 1763 1762 1761 -1
GCP,adapt_p11-715852394892384_a315-0_133_map.h5,26.8232,10,230,1095,78.284149:315.000000,1778,True,23,13,1763,0.999965,25.0507,0,0.0126406,1780 1780 1744 1742 1764 1763 1741 1740 1762 1778 1779 1791 -1
GCP,adapt_p80-40593177313954_a247-49999999999997_306_map.h5,28.0565,10,59,384,9.594069:247.500000,1080,False,144,13,1077,0.694784,27.6205,0,0.015064,1268 1140 1075 1076 1009 1010 1078 1144 1077 1143 1208 1207 -1
GCP,adapt_p80-40593177313954_a157-5_83_map.h5,25.7757,10,321,1522,9.594069:157.500000,1063,False,28,13,1131,0.998275,25.545,0,0.0130915,1195 1195 1196 1130 1064 1065 1066 1132 1198 1131 1197 1260 -1
GCP,adapt_p70-52877936550931_a33-75_559_map.h5,26.2181,10,250,1077,19.471220:33.750000,1173,False,115,11,1361,0.868216,26.2214,0,0.0137182,1771 1784 1769 1421 1420 1362 1361 1419 1418 1360 -1
GCP,adapt_p70-52877936550931_a56-24999999999999_370_map.h5,26.6736,10,245,1055,19.471220:56.250000,1177,True,45,12,1110,0.989321,24.6433,0,0.0132246,1107 1108 1175 1176 1109 1043 1044 1110 1177 1111 1112 -1
GCP,adapt_p60-00000000000001_a202-49999999999997_333_map.h5,26.8745,10,632,1108,30.000000:202.500000,1328,True,11,11,1328,0.999999,20.6844,0,0.0123154,1266 1266 1267 1329 1387 1386 1385 1327 1328 1265 -1
GCP,adapt_p60-00000000000001_a112-49999999999999_162_map.h5,26.6838,10,258,1049,30.000000:112.500000,1313,True,38,13,1372,0.991273,25.9961,0,0.0130125,1429 1429 1373 1314 1315 1374 1430 1372 1313 1312 1371 1370 -1
GCP,adapt_p70-52877936550931_a11-25_74_map.h5,26.856,10,419,1165,19.471220:11.250000,1169,True,15,13,1102,0.999998,26.8415,0,0.0127968,1101 1101 1169 1103 1170 1232 1231 1168 1102 1167 1166 1230 -1
GCP,adapt_p80-40593177313954_a22-5_264_map.h5,27.6772,10,194,772,9.594069:22.500000,1038,True,39,13,1038,0.992733,25.4589,0,0.0136232,969 969 1036 1037 970 971 1038 1104 1105 1039 1106 1040 -1
GCP,adapt_p23-556464309101234_a202-5_200_map.h5,26.8862,10,789,1084,66.443535:202.500000,1704,True,10,10,1704,0.999999,18.1888,0,0.0126044,1705 1705 1670 1671 1704 1703 1731 1732 1733 -1
GCP,adapt_p80-40593177313954_a45-0_297_map.h5,26.8703,10,675,1068,9.594069:45.000000,1042,True,12,12,1042,0.999999,23.5939,0,0.0124685,1109 1109 1108 1110 1044 976 1043 975 1042 974 1041 -1
GCP,adapt_p70-52877936550931_a191-25_249_map.h5,26.8839,10,630,1108,19.471220:191.250000,1201,True,11,11,1202,0.999999,20.325,0,0.0128749,1137 1137 1138 1203 1202 1265 1264 1201 1136 1135 -1
GCP,adapt_p60-00000000000001_a224-99999999999997_585_map.h5,26.8737,10,527,1149,30.000000:225.000000,1331,True,12,12,1390,0.999999,22.8696,0,0.0131017,1446 1446 1447 1391 1332 1390 1389 1331 1330 1388 1445 -1
GCP,adapt_p60-00000000000001_a224-99999999999997_104_map.h5,26.8452,10,464,1143,30.000000:225.000000,1331,True,15,13,1331,0.999995,25.1865,0,0.0125371,1332 1332 1270 1269 1268 1330 1388 1445 1446 1389 1331 1390 -1
GCP,adapt_p80-40593177313954_a45-0_35_map.h5,27.8342,10,232,776,9.594069:45.000000,1042,True,17,13,1043,0.999979,25.5358,0,0.0125928,1044 1044 977 976 975 1043 1110 1109 1108 1042 974 1041 -1
GCP,adapt_p48-18968510422141_a191-25_426_map.h5,26.8732,10,448,1136,41.810314:191.250000,1494,True,13,13,1493,0.999999,25.2768,0,0.0126153,1441 1441 1440 1439 1492 1493 1494 1442 1495 1545 1544 1543 -1
GCP,adapt_p70-52877936550931_a191-25_336_map.h5,25.0632,10,68,757,19.471220:191.250000,1201,False,466,7,1562,0.605182,22.7433,0,0.0340381,1127 1606 1562 1513 1512 1561 -1
GCP,adapt_p48-18968510422141_a33-75_318_map.h5,26.8629,10,509,1113,41.810314:33.750000,1471,True,14,13,1417,0.999998,25.2354,0,0.0129138,1471 1471 1416 1358 1359 1417 1418 1360 1419 1473 1472 1524 -1
GCP,adapt_p60-00000000000001_a67-5_222_map.h5,27.7839,10,244,753,30.000000:67.500000,1305,True,26,13,1365,0.999731,27.1679,0,0.0128905,1423 1365 1306 1307 1366 1305 1304 1363 1421 1364 1422 1423 -1
GCP,adapt_p35-659087696138755_a14-999999999999998_121_map.h5,27.8893,10,584,762,54.340912:15.000000,1568,True,8,8,1569,0.999999,13.5832,0,0.0124916,1613 1613 1612 1568 1614 1570 1569 -1
GCP,adapt_p80-40593177313954_a22-5_300_map.h5,25.8611,10,450,1422,9.594069:22.500000,1038,True,15,12,1038,0.999997,23.0499,0,0.0137335,1105 1105 1106 1039 972 971 1038 1104 1103 1037 970 -1
GCP,adapt_p60-00000000000001_a112-49999999999999_110_map.h5,27.7522,10,243,766,30.000000:112.500000,1313,True,27,14,1314,0.99916,27.6705,0,0.0125611,1372 1372 1373 1314 1315 1253 1190 1189 1252 1188 1251 1313 1250 -1
GCP,adapt_p70-52877936550931_a236-25_189_map.h5,26.8439,10,446,1117,19.471220:236.250000,1209,True,16,13,1143,0.999988,25.8084,0,0.0129204,1207 1207 1143 1142 1208 1270 1271 1272 1209 1144 1145 1210 -1
GCP,adapt_p60-00000000000001_a22-5_34_map.h5,26.8861,10,509,1138,30.000000:22.500000,1298,True,10,10,1298,0.999999,18.3594,0,0.0127278,1357 1357 1299 1358 1298 1235 1234 1297 1356 -1
GCP,adapt_p35-659087696138755_a285-0_68_map.h5,28.5049,10,98,377,54.340912:285.000000,1601,True,60,14,1600,0.979327,28.0688,0,0.0128618,1508 1508 1507 1555 1554 1599 1600 1556 1557 1601 1642 1678 1641 -1
GCP,adapt_p80-40593177313954_a315-0_173_map.h5,26.84,10,528,1187,9.594069:315.000000,1093,True,17,13,1093,0.999971,26.4876,0,0.0128187,1158 1158 1025 1092 1091 1157 1093 1026 1094 1160 1159 1223 -1
GCP,adapt_p60-00000000000001_a90-0_528_map.h5,27.6713,10,176,800,30.000000:90.000000,1309,False,44,13,1112,0.993779,27.0029,0,0.0135022,1307 1307 1367 1368 1308 1114 1113 1047 1046 1112 1111 1045 -1
GCP,adapt_p11-715852394892384_a45-0_116_map.h5,26.8734,10,437,1132,78.284149:45.000000,1766,True,12,12,1766,0.999999,22.6199,0,0.0123679,1746 1746 1765 1745 1766 1782 1783 1768 1767 1747 1748 -1
GCP,adapt_p80-40593177313954_a157-5_386_map.h5,27.8062,10,301,756,9.594069:157.500000,1063,True,22,13,1063,0.999921,25.9723,0,0.0125692,994 994 1060 993 1061 1062 995 1063 996 1064 997 1065 -1
GCP,adapt_p70-52877936550931_a326-24999999999994_112_map.h5,26.8733,10,455,1153,19.471220:326.250000,1225,True,13,13,1225,0.999999,25.728,0,0.0124403,1224 1224 1288 1225 1160 1161 1226 1289 1349 1348 1287 1286 -1
GCP,adapt_p35-659087696138755_a224-99999999999997_251_map.h5,26.8793,10,612,1135,54.340912:225.000000,1594,True,11,11,1594,0.999999,20.8883,0,0.012445,1593 1593 1549 1548 1594 1550 1595 1637 1636 1635 -1
GCP,adapt_p60-00000000000001_a67-5_593_map.h5,24.7686,10,106,1497,30.000000:67.500000,1305,False,169,11,1239,0.65064,22.9301,0,0.0151085,1362 1176 1175 1238 1239 1240 1241 1242 1243 1244 -1
GCP,adapt_p60-00000000000001_a67-5_203_map.h5,26.8805,10,630,1111,30.000000:67.500000,1305,True,10,10,1306,0.999999,18.1661,0,0.013276,1243 1243 1307 1244 1306 1365 1364 1305 1242 -1
GCP,adapt_p70-52877936550931_a146-25_164_map.h5,27.8613,10,459,801,19.471220:146.250000,1193,True,14,13,1127,0.999998,25.1771,0,0.0124639,1061 1061 1062 1063 1129 1194 1128 1127 1193 1192 1126 1060 -1
GCP,adapt_p80-40593177313954_a292-5_358_map.h5,26.7878,10,431,1176,9.594069:292.500000,1088,True,21,12,1089,0.999407,25.1218,0,0.0129517,1022 1089 1088 1020 1021 1155 1156 1091 1023 1090 1022 -1
GCP,adapt_p60-00000000000001_a135-0_206_map.h5,26.8895,10,748,1162,30.000000:135.000000,1316,True,10,10,1317,0.999998,17.8215,0,0.0122587,1254 1254 1316 1375 1376 1317 1255 1256 1318 -1
GCP,adapt_p23-556464309101234_a247-49999999999997_96_map.h5,26.8815,10,576,1087,66.443535:247.500000,1708,True,11,11,1708,0.999999,20.1901,0,0.0132659,1675 1675 1676 1709 1736 1708 1735 1734 1707 1674 -1
GCP,adapt_p80-40593177313954_a22-5_199_map.h5,26.8674,10,526,1115,9.594069:22.500000,1038,True,12,12,1039,0.999998,23.4723,0,0.0124257,1038 1038 1037 1104 1105 1039 971 972 1106 1040 973 -1
GCP,adapt_p35-659087696138755_a255-00000000000003_120_map.h5,25.3649,10,83,1200,54.340912:255.000000,1598,True,240,8,1552,0.720164,23.6585,0,0.0185322,1235 1553 1598 1597 1552 1596 1551 -1
GCP,adapt_p23-556464309101234_a112-5_251_map.h5,27.8022,10,250,751,66.443535:112.500000,1697,True,25,13,1697,0.999623,25.1404,0,0.0136051,1724 1724 1750 1725 1695 1696 1697 1662 1663 1698 1727 1726 -1
GCP,adapt_p60-00000000000001_a157-5_362_map.h5,25.8397,10,423,1472,30.000000:157.500000,1320,True,17,13,1380,0.999991,25.0494,0,0.0131508,1379 1379 1320 1321 1259 1260 1322 1323 1381 1438 1437 1380 -1
GCP,adapt_p60-00000000000001_a0-0_442_map.h5,26.8804,10,560,1109,30.000000:0.000000,1294,True,11,11,1295,0.999999,21.9016,0,0.0124256,1294 1294 1353 1354 1295 1293 1231 1232 1355 1296 -1
GCP,adapt_p48-18968510422141_a101-24999999999999_232_map.h5,27.6749,10,232,743,41.810314:101.250000,1481,False,43,13,1579,0.976958,26.05,0,0.0128574,1663 1663 1662 1661 1623 1622 1579 1533 1580 1621 1578 1532 -1
GCP,adapt_p35-659087696138755_a135-0_464_map.h5,27.8937,10,767,702,54.340912:135.000000,1583,True,8,8,1583,0.999999,13.6461,0,0.0130762,1626 1626 1625 1582 1627 1584 1583 -1
GCP,adapt_p80-40593177313954_a224-99999999999997_561_map.h5,26.3887,10,82,1157,9.594069:225.000000,1076,True,86,12,1079,0.932721,25.0134,0,0.0141082,1076 1010 1011 1078 1145 1079 1012 1080 1146 1147 1081 -1
GCP,adapt_p11-715852394892384_a45-0_322_map.h5,25.3914,10,104,1486,78.284149:45.000000,1766,False,88,11,1692,0.987939,23.3737,0,0.0133269,1764 1691 1721 1722 1723 1693 1692 1656 1657 1658 -1
GCP,adapt_p60-00000000000001_a224-99999999999997_317_map.h5,26.8379,10,479,1093,30.000000:225.000000,1331,True,18,13,1270,0.99995,25.6612,0,0.0128636,1271 1271 1333 1390 1332 1270 1208 1207 1206 1269 1331 1330 -1
GCP,adapt_p80-40593177313954_a0-0_327_map.h5,26.8823,10,595,1110,9.594069:0.000000,1034,True,12,12,1034,0.999999,23.4854,0,0.012416,1035 1035 1101 1034 967 1033 1166 1100 1032 1099 1165 -1
GCP,adapt_p70-52877936550931_a236-25_519_map.h5,28.743,10,112,366,19.471220:236.250000,1209,True,35,14,1209,0.998671,27.7625,0,0.012787,1207 1207 1142 1143 1208 1271 1209 1144 1078 1145 1210 1273 1272 -1
GCP,adapt_p80-40593177313954_a270-0_557_map.h5,26.849,10,564,1109,9.594069:270.000000,1084,True,15,13,1085,0.999981,25.9301,0,0.012742,1084 1084 1149 1150 1151 1085 1017 1018 1086 1152 1019 1087 -1
GCP,adapt_p11-715852394892384_a135-0_130_map.h5,26.8653,10,458,1218,78.284149:135.000000,1770,True,14,13,1752,0.999998,25.2603,0,0.0125358,1770 1770 1785 1751 1752 1727 1728 1729 1753 1771 1772 1754 -1
GCP,adapt_p80-40593177313954_a112-49999999999999_444_map.h5,26.634,10,180,1082,9.594069:112.500000,1055,True,48,13,1053,0.983092,26.6414,0,0.0127758,988 987 986 985 1052 1053 1119 1120 1054 1055 1121 1187 -1
GCP,adapt_p70-52877936550931_a326-24999999999994_251_map.h5,27.8833,10,487,753,19.471220:326.250000,1225,True,12,12,1225,0.999999,23.1081,0,0.0124864,1160 1160 1159 1223 1286 1287 1224 1225 1161 1226 1288 -1
GCP,adapt_p48-18968510422141_a303-75_20_map.h5,26.8753,10,518,1194,41.810314:303.750000,1510,True,13,13,1510,0.999999,25.2786,0,0.0124697,1457 1457 1458 1459 1511 1560 1559 1510 1509 1456 1508 1558 -1
GCP,adapt_p70-52877936550931_a168-74999999999997_303_map.h5,27.8854,10,704,760,19.471220:168.750000,1197,True,10,10,1197,0.999999,18.4907,0,0.0124462,1198 1198 1131 1132 1197 1196 1259 1260 1261 -1
GCP,adapt_p11-715852394892384_a315-0_375_map.h5,26.8654,10,533,1112,78.284149:315.000000,1778,True,13,13,1779,0.999999,24.9385,0,0.0124153,1778 1778 1761 1762 1763 1764 1780 1779 1791 1790 1781 1797 -1
GCP,adapt_p60-00000000000001_a247-49999999999997_420_map.h5,27.8843,10,624,788,30.000000:247.500000,1335,True,11,11,1336,0.999998,20.9142,0,0.0124448,1274 1274 1273 1275 1337 1395 1394 1336 1335 1393 -1
GCP,adapt_p60-00000000000001_a247-49999999999997_229_map.h5,26.8472,10,486,1153,30.000000:247.500000,1335,True,15,13,1335,0.999994,25.3232,0,0.0126012,1336 1336 1394 1393 1335 1273 1334 1272 1210 1211 1274 1275 -1
GCP,adapt_p23-556464309101234_a22-5_461_map.h5,26.83,10,277,1065,66.443535:22.500000,1689,True,19,13,1689,0.999984,25.3234,0,0.0127678,1653 1653 1654 1690 1720 1689 1652 1651 1687 1688 1719 1718 -1
GCP,adapt_p11-715852394892384_a315-0_34_map.h5,27.8302,10,397,778,78.284149:315.000000,1778,True,23,14,1791,0.999923,27.6768,0,0.0126546,1796 1797 1792 1781 1765 1780 1791 1796 1789 1790 1778 1779 1763 -1
GCP,adapt_p80-40593177313954_a157-5_187_map.h5,26.858,10,526,1048,9.594069:157.500000,1063,True,14,13,1064,0.999998,25.6201,0,0.0128837,1065 1065 998 997 996 1064 1131 1130 1129 1063 995 1062 -1
GCP,adapt_p70-52877936550931_a78-75_382_map.h5,26.863,10,516,1118,19.471220:78.750000,1181,True,13,13,1181,0.999999,25.3947,0,0.0127834,1114 1114 1115 1116 1182 1245 1244 1181 1180 1113 1179 1243 -1
GCP,adapt_p35-659087696138755_a285-0_497_map.h5,27.8673,10,444,755,54.340912:285.000000,1601,True,14,13,1643,0.999998,25.5777,0,0.0124915,1642 1642 1602 1643 1601 1557 1558 1603 1644 1680 1679 1678 -1
GCP,adapt_p35-659087696138755_a165-0_521_map.h5,26.8815,10,598,1111,54.340912:165.000000,1587,True,10,10,1586,0.999999,18.2549,0,0.0123091,1629 1629 1585 1628 1586 1540 1541 1587 1630 -1
GCP,adapt_p80-40593177313954_a90-0_392_map.h5,26.8088,10,335,1179,9.594069:90.000000,1051,True,22,13,983,0.999854,25.5557,0,0.0129499,1052 1052 1119 1118 1117 1051 984 983 1050 982 1049 981 -1
GCP,adapt_p35-659087696138755_a75-0_193_map.h5,27.8892,10,596,771,54.340912:75.000000,1576,True,9,9,1576,0.999999,15.5543,0,0.0126166,1619 1619 1620 1577 1530 1529 1576 1575 -1
GCP,adapt_p48-18968510422141_a56-24999999999999_303_map.h5,26.4145,10,121,1115,41.810314:56.250000,1475,False,83,12,1305,0.901219,25.908,0,0.0133503,1366 1306 1243 1365 1305 1304 1364 1422 1363 1421 1526 -1
GCP,adapt_p60-00000000000001_a90-0_573_map.h5,25.7419,10,276,1493,30.000000:90.000000,1309,True,26,13,1368,0.99894,25.6721,0,0.0128576,1245 1245 1309 1368 1369 1426 1425 1367 1308 1244 1307 1366 -1
GCP,adapt_p60-00000000000001_a270-0_502_map.h5,26.8717,10,672,1055,30.000000:270.000000,1339,True,11,11,1339,0.999998,21.1366,0,0.0131215,1397 1397 1338 1277 1278 1339 1340 1398 1279 1341 -1
GCP,adapt_p23-556464309101234_a292-5_347_map.h5,27.8179,10,223,741,66.443535:292.500000,1712,True,23,14,1712,0.999981,27.6982,0,0.0128773,1740 1740 1761 1739 1738 1711 1712 1679 1680 1681 1713 1714 1682 -1
GCP,adapt_p48-18968510422141_a303-75_491_map.h5,26.8633,10,500,1132,41.810314:303.750000,1510,True,14,13,1458,0.999998,25.4434,0,0.012517,1511 1511 1460 1459 1403 1402 1458 1510 1560 1559 1509 1457 -1
GCP,adapt_p80-40593177313954_a292-5_302_map.h5,28.6832,10,123,353,9.594069:292.500000,1088,True,43,14,1154,0.990633,28.3612,0,0.0126749,1087 1087 1153 1217 1218 1281 1282 1219 1154 1088 1220 1155 1089 -1
GCP,adapt_p70-52877936550931_a56-24999999999999_214_map.h5,26.7312,10,165,1123,19.471220:56.250000,1177,False,32,13,1238,0.997927,25.6007,0,0.0126085,1240 1240 1303 1302 1238 1175 1176 1239 1301 1300 1237 1174 -1
GCP,adapt_p70-52877936550931_a123-74999999999999_112_map.h5,26.8652,10,515,1110,19.471220:123.750000,1189,True,13,13,1188,0.999999,25.6818,0,0.0126117,1189 1189 1124 1190 1252 1251 1188 1187 1121 1122 1056 1123 -1
GCP,adapt_p48-18968510422141_a146-25_446_map.h5,26.8648,10,606,1102,41.810314:146.250000,1488,True,12,12,1435,0.999998,23.3296,0,0.013025,1488 1488 1487 1433 1376 1377 1434 1489 1436 1435 1378 -1
GCP,adapt_p80-40593177313954_a247-49999999999997_357_map.h5,25.8116,10,342,1522,9.594069:247.500000,1080,True,22,13,1080,0.999979,25.5696,0,0.0132375,1079 1079 1011 1012 1013 1080 1145 1146 1147 1081 1014 1082 -1
GCP,adapt_p60-00000000000001_a135-0_85_map.h5,27.8534,10,362,745,30.000000:135.000000,1316,True,15,13,1376,0.999989,25.6057,0,0.0123771,1316 1316 1255 1317 1376 1375 1374 1432 1433 1434 1377 1318 -1
GCP,adapt_p70-52877936550931_a101-24999999999999_379_map.h5,26.8768,10,552,1094,19.471220:101.250000,1185,True,13,13,1248,0.999999,25.5153,0,0.0129488,1184 1184 1246 1183 1247 1310 1311 1248 1185 1186 1249 1312 -1
GCP,adapt_p48-18968510422141_a326-24999999999994_123_map.h5,28.8425,10,334,376,41.810314:326.250000,1514,True,15,13,1513,0.999995,25.4079,0,0.0123606,1561 1561 1512 1460 1461 1513 1562 1462 1463 1515 1514 1563 -1
GCP,adapt_p35-659087696138755_a75-0_406_map.h5,26.3411,10,186,1065,54.340912:75.000000,1576,False,92,12,1500,0.935259,24.1605,0,0.0136783,1445 1446 1447 1448 1449 1501 1500 1550 1549 1499 1498 -1
GCP,adapt_p48-18968510422141_a213-75_474_map.h5,26.8764,10,807,1129,41.810314:213.750000,1497,True,11,11,1497,0.999999,20.6241,0,0.0123671,1498 1498 1446 1445 1444 1443 1496 1497 1548 1547 -1
GCP,adapt_p48-18968510422141_a123-74999999999999_268_map.h5,27.8632,10,388,790,41.810314:123.750000,1484,True,13,13,1432,0.999998,25.7298,0,0.0125846,1485 1485 1535 1484 1431 1432 1433 1434 1487 1486 1536 1537 -1
GCP,adapt_p35-659087696138755_a255-00000000000003_131_map.h5,26.8489,10,470,1121,54.340912:255.000000,1598,False,14,13,1676,0.999997,25.5368,0,0.0128975,1708 1708 1674 1638 1675 1639 1640 1677 1676 1709 1710 1736 -1
GCP,adapt_p48-18968510422141_a191-25_72_map.h5,28.1675,10,66,409,41.810314:191.250000,1494,False,133,13,1672,0.902724,27.7286,0,0.0151028,1543 1670 1671 1672 1635 1673 1706 1705 1704 1732 1733 1734 -1
GCP,adapt_p11-715852394892384_a45-0_298_map.h5,26.8567,10,485,1035,78.284149:45.000000,1766,True,17,13,1766,0.999993,25.0868,0,0.0130731,1782 1782 1781 1765 1766 1767 1768 1784 1783 1746 1747 1748 -1
GCP,adapt_p70-52877936550931_a56-24999999999999_74_map.h5,27.6717,10,215,758,19.471220:56.250000,1177,True,42,13,1177,0.987726,26.849,0,0.0131642,1303 1240 1241 1178 1112 1111 1177 1239 1238 1175 1176 1110 -1
GCP,adapt_p70-52877936550931_a56-24999999999999_315_map.h5,26.7613,10,405,1108,19.471220:56.250000,1177,True,27,13,1241,0.997658,25.6681,0,0.0134574,1178 1178 1242 1243 1305 1304 1241 1177 1240 1303 1239 1176 -1
GCP,adapt_p60-00000000000001_a157-5_293_map.h5,27.8001,10,286,797,30.000000:157.500000,1320,True,23,14,1321,0.999509,27.5422,0,0.0126664,1196 1196 1197 1260 1322 1381 1380 1321 1259 1195 1258 1320 1379 -1
GCP,adapt_p35-659087696138755_a165-0_534_map.h5,28.6951,10,118,405,54.340912:165.000000,1587,False,39,14,1535,0.996107,27.8998,0,0.0126392,1486 1486 1432 1431 1430 1485 1536 1582 1581 1535 1484 1483 1534 -1
GCP,adapt_p35-659087696138755_a135-0_39_map.h5,28.874,10,511,397,54.340912:135.000000,1583,True,10,10,1537,0.999999,17.7517,0,0.0127705,1536 1536 1582 1583 1537 1538 1487 1486 1485 -1
GCP,adapt_p60-00000000000001_a157-5_222_map.h5,27.8844,10,572,767,30.000000:157.500000,1320,True,11,11,1321,0.999999,21.3367,0,0.0123542,1379 1379 1322 1260 1380 1321 1259 1258 1320 1378 -1
GCP,adapt_p70-52877936550931_a258-75_460_map.h5,27.8683,10,574,750,19.471220:258.750000,1213,True,12,12,1213,0.999997,23.0556,0,0.0125314,1276 1276 1214 1215 1277 1338 1337 1275 1212 1213 1148 -1
GCP,adapt_p60-00000000000001_a157-5_89_map.h5,26.8403,10,434,1141,30.000000:157.500000,1320,True,17,13,1320,0.999983,25.8637,0,0.0124598,1322 1322 1380 1381 1259 1321 1320 1258 1257 1319 1378 1379 -1
GCP,adapt_p60-00000000000001_a135-0_555_map.h5,26.6657,10,140,1124,30.000000:135.000000,1316,False,43,13,1318,0.994508,25.1311,0,0.0130766,1191 1191 1254 1255 1317 1376 1318 1256 1257 1319 1378 1377 -1
GCP,adapt_p70-52877936550931_a101-24999999999999_308_map.h5,28.7814,10,161,364,19.471220:101.250000,1185,True,27,14,1185,0.99969,28.0145,0,0.0124425,1183 1183 1247 1184 1118 1119 1186 1120 1185 1248 1249 1250 1187 -1
GCP,adapt_p48-18968510422141_a123-74999999999999_352_map.h5,26.8843,10,659,1106,41.810314:123.750000,1484,True,9,9,1431,0.999998,16.1083,0,0.012494,1484 1484 1483 1430 1431 1485 1432 1373 -1
GCP,adapt_p35-659087696138755_a315-0_105_map.h5,26.823,10,386,1154,54.340912:315.000000,1605,True,19,13,1606,0.999935,25.6524,0,0.0127548,1646 1646 1683 1647 1607 1563 1606 1562 1513 1561 1605 1604 -1
GCP,adapt_p48-18968510422141_a168-74999999999997_214_map.h5,28.6714,10,111,370,41.810314:168.750000,1491,True,44,14,1493,0.986377,27.7159,0,0.0133315,1541 1541 1542 1491 1492 1439 1440 1493 1441 1494 1545 1544 1543 -1
GCP,adapt_p80-40593177313954_a90-0_397_map.h5,27.8944,10,654,730,9.594069:90.000000,1051,True,10,10,1050,0.999998,19.007,0,0.012349,983 983 1052 984 1051 982 1049 1050 1116 -1
GCP,adapt_p23-556464309101234_a67-5_74_map.h5,27.8091,10,264,764,66.443535:67.500000,1693,True,24,14,1723,0.99975,27.4197,0,0.0137133,1748 1748 1723 1722 1692 1657 1658 1693 1694 1695 1724 1749 1750 -1
GCP,adapt_p60-00000000000001_a337-49999999999994_207_map.h5,26.7763,10,198,1165,30.000000:337.500000,1350,True,21,13,1352,0.999334,25.4248,0,0.0124567,1290 1290 1350 1351 1409 1410 1352 1291 1292 1353 1293 1294 -1
GCP,adapt_p80-40593177313954_a224-99999999999997_161_map.h5,25.9795,10,114,1171,9.594069:225.000000,1076,True,133,12,1143,0.915951,24.1923,0,0.0142514,1331 1270 1207 1208 1209 1144 1143 1077 1076 1142 1141 -1
GCP,adapt_p48-18968510422141_a78-75_129_map.h5,28.4396,10,87,369,41.810314:78.750000,1478,True,76,13,1478,0.989655,27.0366,0,0.0131886,1366 1424 1425 1479 1530 1478 1423 1476 1528 1477 1529 1576 -1
GCP,adapt_p35-659087696138755_a14-999999999999998_417_map.h5,27.8112,10,225,746,54.340912:15.000000,1568,True,22,13,1568,0.999843,25.53,0,0.0125736,1567 1567 1520 1521 1568 1612 1569 1522 1570 1614 1613 1652 -1
GCP,adapt_p23-556464309101234_a202-5_170_map.h5,26.7374,10,227,1048,66.443535:202.500000,1704,True,30,13,1705,0.999035,25.4353,0,0.0134097,1734 1734 1756 1757 1733 1706 1672 1671 1705 1704 1732 1731 -1
GCP,adapt_p48-18968510422141_a78-75_237_map.h5,26.8569,10,520,1119,41.810314:78.750000,1478,True,12,12,1425,0.999998,22.9873,0,0.0128629,1478 1478 1423 1477 1424 1366 1367 1425 1479 1480 1426 -1
GCP,adapt_p48-18968510422141_a326-24999999999994_416_map.h5,26.78,10,233,1144,41.810314:326.250000,1514,False,26,13,1512,0.999667,24.8317,0,0.012843,1560 1560 1559 1510 1511 1459 1460 1512 1561 1562 1513 1461 -1
GCP,adapt_p11-715852394892384_a225-0_447_map.h5,26.863,10,453,1068,78.284149:225.000000,1774,True,16,14,1788,0.999997,26.7628,0,0.0128094,1789 1789 1796 1795 1787 1786 1772 1773 1774 1757 1775 1788 1776 -1
GCP,adapt_p60-00000000000001_a292-5_312_map.h5,26.7909,10,409,1178,30.000000:292.500000,1343,True,21,13,1343,0.999976,25.6825,0,0.0128378,1341 1341 1280 1281 1282 1343 1402 1344 1401 1400 1342 1399 -1
GCP,adapt_p60-00000000000001_a180-0_17_map.h5,26.8482,10,476,1112,30.000000:180.000000,1324,True,16,13,1440,0.999967,25.7304,0,0.0126366,1441 1441 1384 1383 1440 1439 1382 1324 1323 1381 1438 1493 -1
GCP,adapt_p70-52877936550931_a56-24999999999999_426_map.h5,26.856,10,434,1202,19.471220:56.250000,1177,True,16,13,1111,0.999995,25.4061,0,0.0127653,1110 1110 1044 1045 1046 1112 1178 1241 1240 1177 1111 1176 -1
GCP,adapt_p23-556464309101234_a157-5_179_map.h5,27.8593,10,318,670,66.443535:157.500000,1701,True,15,13,1700,0.999999,25.366,0,0.0124896,1728 1728 1665 1664 1699 1700 1666 1667 1701 1729 1730 1702 -1
GCP,adapt_p23-556464309101234_a292-5_226_map.h5,26.8732,10,580,1156,66.443535:292.500000,1712,True,12,12,1712,0.999998,23.135,0,0.0126208,1680 1680 1681 1714 1740 1739 1738 1713 1712 1711 1679 -1
GCP,adapt_p48-18968510422141_a168-74999999999997_148_map.h5,26.8615,10,542,1072,41.810314:168.750000,1491,True,14,13,1437,0.999999,26.6136,0,0.0133143,1490 1541 1491 1490 1489 1436 1379 1437 1380 1381 1438 1439 -1
GCP,adapt_p60-00000000000001_a202-49999999999997_79_map.h5,28.8703,10,371,346,30.000000:202.500000,1328,True,13,13,1328,0.999999,25.6746,0,0.0125127,1267 1267 1203 1204 1266 1265 1327 1385 1386 1328 1329 1387 -1
GCP,adapt_p48-18968510422141_a11-25_197_map.h5,25.6111,10,92,1515,41.810314:11.250000,1468,True,53,13,1521,0.957656,25.5609,0,0.0127305,1614 1614 1570 1569 1522 1521 1470 1415 1469 1468 1414 1413 -1
GCP,adapt_p60-00000000000001_a22-5_435_map.h5,26.8673,10,428,1124,30.000000:22.500000,1298,True,12,12,1298,0.999999,23.3382,0,0.0124889,1358 1358 1357 1297 1234 1235 1298 1359 1300 1299 1236 -1
GCP,adapt_p70-52877936550931_a56-24999999999999_308_map.h5,27.8916,10,739,705,19.471220:56.250000,1177,True,11,11,1177,0.999999,20.7946,0,0.0131653,1241 1241 1179 1242 1178 1112 1111 1177 1240 1176 -1
GCP,adapt_p70-52877936550931_a191-25_103_map.h5,26.8401,10,467,1115,19.471220:191.250000,1201,True,15,13,1263,0.999995,25.8908,0,0.0126984,1201 1201 1265 1202 1264 1326 1325 1263 1200 1324 1262 1199 -1
GCP,adapt_p48-18968510422141_a281-24999999999994_296_map.h5,26.7116,10,163,1131,41.810314:281.250000,1507,True,39,13,1456,0.993595,25.0429,0,0.0131867,1557 1557 1558 1509 1457 1400 1456 1508 1507 1455 1399 1398 -1
GCP,adapt_p80-40593177313954_a315-0_546_map.h5,28.8292,10,321,378,9.594069:315.000000,1093,True,16,14,1093,0.999948,28.6977,0,0.0125624,1026 1026 1095 1027 1094 1160 1159 1093 1025 1024 1092 1158 1091 -1
GCP,adapt_p60-00000000000001_a45-0_147_map.h5,26.8663,10,507,1121,30.000000:45.000000,1301,True,13,13,1302,0.999999,25.0858,0,0.0135522,1361 1361 1360 1300 1237 1238 1301 1302 1239 1240 1303 1362 -1
GCP,adapt_p70-52877936550931_a56-24999999999999_255_map.h5,26.8623,10,410,1100,19.471220:56.250000,1177,True,14,13,1239,0.999998,25.567,0,0.0124781,1177 1177 1241 1178 1111 1110 1176 1175 1238 1302 1239 1240 -1
GCP,adapt_p80-40593177313954_a292-5_310_map.h5,26.8509,10,438,1098,9.594069:292.500000,1088,True,15,13,1089,0.999996,25.8406,0,0.0128249,1090 1090 1156 1091 1023 1022 1021 1089 1155 1088 1020 1087 -1
GCP,adapt_p48-18968510422141_a191-25_565_map.h5,28.7895,10,173,331,41.810314:191.250000,1494,True,27,14,1544,0.999575,28.0962,0,0.0133211,1441 1441 1440 1493 1543 1589 1544 1494 1590 1591 1545 1495 1442 -1
GCP,adapt_p48-18968510422141_a191-25_394_map.h5,26.8784,10,510,1088,41.810314:191.250000,1494,True,11,11,1441,0.999998,20.2345,0,0.012383,1384 1384 1383 1440 1493 1441 1494 1495 1442 1385 -1
GCP,adapt_p80-40593177313954_a337-49999999999994_363_map.h5,27.847,10,288,775,9.594069:337.500000,1097,True,15,13,1096,0.999998,25.9021,0,0.0128276,1028 1028 1094 1027 1095 1161 1162 1096 1029 1097 1030 1098 -1
GCP,adapt_p48-18968510422141_a348-74999999999994_126_map.h5,26.1799,10,106,1171,41.810314:348.750000,1517,False,121,10,1408,0.77348,25.0841,0,0.0139514,1291 1352 1351 1408 1463 1464 1409 1041 1042 -1
GCP,adapt_p70-52877936550931_a348-74999999999994_301_map.h5,26.8684,10,493,1100,19.471220:348.750000,1229,True,10,10,1164,0.999999,18.6141,0,0.0123562,1163 1163 1162 1227 1164 1165 1230 1229 1228 -1
GCP,adapt_p35-659087696138755_a224-99999999999997_244_map.h5,27.8931,10,778,708,54.340912:225.000000,1594,True,8,8,1594,0.999999,13.6457,0,0.0127056,1636 1636 1635 1593 1637 1595 1594 -1
GCP,adapt_p23-556464309101234_a202-5_456_map.h5,26.8643,10,473,1074,66.443535:202.500000,1704,True,12,12,1704,0.999999,23.5794,0,0.0125147,1732 1732 1706 1672 1671 1705 1733 1731 1703 1704 1670 -1
GCP,adapt_p48-18968510422141_a191-25_196_map.h5,26.8821,10,437,1188,41.810314:191.250000,1494,True,10,10,1441,0.999999,18.0147,0,0.0126392,1494 1494 1495 1443 1442 1385 1384 1441 1440 -1
GCP,adapt_p48-18968510422141_a168-74999999999997_65_map.h5,26.8734,10,793,1052,41.810314:168.750000,1491,True,10,10,1491,0.999999,18.6103,0,0.0123422,1437 1437 1436 1540 1541 1490 1438 1491 1542 -1
GCP,adapt_p70-52877936550931_a258-75_354_map.h5,27.8778,10,554,772,19.471220:258.750000,1213,True,12,12,1214,0.999999,23.6204,0,0.0130347,1213 1213 1149 1148 1214 1276 1277 1278 1215 1150 1216 -1
GCP,adapt_p35-659087696138755_a315-0_206_map.h5,26.8724,10,467,1073,54.340912:315.000000,1605,True,13,13,1646,0.999998,24.9825,0,0.0124833,1605 1605 1606 1607 1648 1683 1647 1646 1682 1681 1645 1604 -1
GCP,adapt_p11-715852394892384_a315-0_273_map.h5,27.8812,10,551,729,78.284149:315.000000,1778,True,11,11,1763,0.999999,20.4599,0,0.012566,1779 1779 1778 1762 1761 1739 1740 1763 1764 1741 -1
GCP,adapt_p80-40593177313954_a202-49999999999997_102_map.h5,26.8706,10,556,1179,9.594069:202.500000,1072,True,11,11,1071,0.999999,22.7259,0,0.0131926,1004 1071 1070 1003 1137 1138 1073 1005 1072 1004 -1
GCP,adapt_p60-00000000000001_a112-49999999999999_370_map.h5,26.0766,10,184,1063,30.000000:112.500000,1313,False,137,10,1320,0.648139,25.2118,0,0.0141961,1250 1310 1369 1311 1248 1257 1258 1320 1321 -1
GCP,adapt_p48-18968510422141_a281-24999999999994_539_map.h5,26.867,10,441,1099,41.810314:281.250000,1507,True,14,13,1454,0.999996,25.2103,0,0.0127861,1506 1506 1453 1505 1555 1556 1507 1508 1456 1455 1454 1398 -1
GCP,adapt_p35-659087696138755_a195-0_585_map.h5,26.8836,10,832,1139,54.340912:195.000000,1590,True,8,8,1633,0.999999,13.4562,0,0.0131972,1590 1590 1589 1632 1591 1633 1670 -1
GCP,adapt_p35-659087696138755_a135-0_423_map.h5,27.8895,10,764,716,54.340912:135.000000,1583,True,7,7,1583,0.999999,11.072,0,0.0123047,1626 1626 1584 1627 1583 1582 -1
GCP,adapt_p35-659087696138755_a344-99999999999994_465_map.h5,28.5145,10,98,371,54.340912:345.000000,1609,True,74,13,1609,0.956704,27.3857,0,0.0132905,1514 1515 1463 1564 1608 1650 1611 1610 1609 1565 1516 1464 -1
GCP,adapt_p48-18968510422141_a101-24999999999999_559_map.h5,26.8854,10,513,1128,41.810314:101.250000,1481,True,12,12,1481,0.999999,23.25,0,0.0124318,1532 1532 1479 1531 1480 1426 1427 1481 1533 1482 1428 -1
GCP,adapt_p60-00000000000001_a247-49999999999997_494_map.h5,25.7999,10,360,1454,30.000000:247.500000,1335,True,24,12,1274,0.999257,23.1863,0,0.0129099,1393 1393 1273 1334 1335 1274 1211 1212 1275 1336 1394 -1
GCP,adapt_p35-659087696138755_a255-00000000000003_108_map.h5,25.8143,10,315,1505,54.340912:255.000000,1598,True,19,13,1638,0.999955,25.4517,0,0.0125433,1596 1596 1639 1676 1640 1598 1597 1638 1675 1674 1637 1595 -1
GCP,adapt_p23-556464309101234_a67-5_119_map.h5,26.8755,10,496,1160,66.443535:67.500000,1693,True,11,11,1693,0.999998,21.3286,0,0.0132586,1658 1658 1692 1656 1722 1723 1694 1693 1657 1619 -1
GCP,adapt_p60-00000000000001_a90-0_315_map.h5,26.8673,10,482,1090,30.000000:90.000000,1309,True,12,12,1309,0.999998,23.3299,0,0.0134957,1247 1247 1246 1308 1367 1368 1309 1248 1311 1310 1369 -1
GCP,adapt_p35-659087696138755_a165-0_323_map.h5,25.8299,10,378,1502,54.340912:165.000000,1587,True,19,12,1541,0.999972,23.2761,0,0.0128977,1540 1540 1489 1490 1541 1585 1586 1587 1588 1542 1491 -1
GCP,adapt_p48-18968510422141_a168-74999999999997_272_map.h5,27.8901,10,742,736,41.810314:168.750000,1491,True,7,7,1491,0.999999,10.6377,0,0.0126909,1490 1490 1437 1438 1491 1541 -1
GCP,adapt_p80-40593177313954_a90-0_446_map.h5,26.8583,10,395,1132,9.594069:90.000000,1051,True,14,13,1050,0.999998,25.4125,0,0.0124433,1116 1116 1117 1118 1052 984 1051 983 1050 982 1049 981 -1
GCP,adapt_p23-556464309101234_a202-5_34_map.h5,27.8844,10,609,765,66.443535:202.500000,1704,True,10,10,1704,0.999999,18.1885,0,0.0123313,1705 1705 1670 1671 1704 1703 1731 1732 1733 -1
GCP,adapt_p80-40593177313954_a0-0_23_map.h5,26.826,10,461,1070,9.594069:0.000000,1034,True,12,12,1100,0.999998,23.4895,0,0.0127924,1032 1032 1031 1098 1164 1165 1099 1166 1100 1034 1033 -1
GCP,adapt_p70-52877936550931_a281-24999999999994_263_map.h5,27.8311,10,314,737,19.471220:281.250000,1217,True,21,13,1217,0.999965,25.2135,0,0.0127245,1154 1154 1155 1219 1218 1153 1152 1217 1280 1279 1216 1151 -1
GCP,adapt_p35-659087696138755_a344-99999999999994_97_map.h5,26.8563,10,472,1144,54.340912:345.000000,1609,True,13,13,1609,0.999998,25.2615,0,0.0125142,1650 1650 1649 1648 1607 1564 1608 1609 1565 1517 1566 1610 -1
GCP,adapt_p80-40593177313954_a0-0_552_map.h5,27.8862,10,615,782,9.594069:0.000000,1034,True,10,10,1034,0.999998,18.1491,0,0.0126502,1035 1035 1101 1034 967 1033 1100 1166 1165 -1
GCP,adapt_p23-556464309101234_a292-5_533_map.h5,26.8753,10,550,1122,66.443535:292.500000,1712,True,12,12,1712,0.999998,23.0854,0,0.0134502,1679 1679 1711 1678 1712 1680 1713 1739 1738 1737 1710 -1
GCP,adapt_p35-659087696138755_a75-0_7_map.h5,26.8784,10,651,1093,54.340912:75.000000,1576,True,9,9,1619,0.999999,17.4114,0,0.0123718,1575 1619 1620 1576 1658 1657 1618 1575 -1
GCP,adapt_p80-40593177313954_a315-0_324_map.h5,27.8833,10,629,779,9.594069:315.000000,1093,True,10,10,1158,0.999999,18.4702,0,0.0124997,1157 1157 1091 1092 1222 1223 1158 1159 1093 -1
GCP,adapt_p48-18968510422141_a56-24999999999999_461_map.h5,28.6719,10,142,347,41.810314:56.250000,1475,True,47,14,1475,0.994382,27.3491,0,0.0128945,1363 1363 1420 1474 1526 1573 1574 1527 1475 1421 1422 1476 1528 -1
GCP,adapt_p35-659087696138755_a165-0_233_map.h5,26.8671,10,507,1117,54.340912:165.000000,1587,True,10,10,1629,0.999999,18.2665,0,0.0126242,1667 1667 1628 1666 1629 1586 1587 1630 1668 -1
GCP,adapt_p80-40593177313954_a315-0_258_map.h5,27.7942,10,383,730,9.594069:315.000000,1093,True,24,13,1158,0.999786,25.4075,0,0.0126174,1223 1223 1222 1157 1156 1091 1092 1158 1093 1159 1160 1094 -1
GCP,adapt_p60-00000000000001_a135-0_143_map.h5,27.835,10,271,731,30.000000:135.000000,1316,True,16,14,1317,0.999996,27.5658,0,0.0128055,1318 1318 1256 1255 1317 1254 1316 1375 1432 1433 1376 1377 1434 -1
GCP,adapt_p70-52877936550931_a101-24999999999999_311_map.h5,25.8003,10,260,1509,19.471220:101.250000,1185,True,24,12,1248,0.999171,22.977,0,0.0124789,1118 1118 1119 1186 1249 1311 1248 1185 1184 1247 1310 -1
GCP,adapt_p48-18968510422141_a56-24999999999999_595_map.h5,26.8632,10,432,1168,41.810314:56.250000,1475,True,13,13,1420,0.999999,25.6772,0,0.0125519,1474 1474 1419 1361 1362 1420 1473 1526 1527 1475 1421 1422 -1
GCP,adapt_p60-00000000000001_a67-5_459_map.h5,28.8644,10,355,372,30.000000:67.500000,1305,True,13,13,1306,0.999999,25.059,0,0.0124088,1242 1242 1241 1304 1305 1306 1243 1244 1307 1366 1365 1364 -1
GCP,adapt_p60-00000000000001_a292-5_207_map.h5,27.8702,10,677,726,30.000000:292.500000,1343,True,10,10,1343,0.999999,18.4455,0,0.0125445,1342 1342 1401 1400 1343 1344 1283 1282 1281 -1
GCP,adapt_p60-00000000000001_a270-0_567_map.h5,25.7883,10,237,1575,30.000000:270.000000,1339,True,26,13,1454,0.999639,24.9079,0,0.0125353,1399 1399 1398 1340 1339 1397 1453 1505 1506 1454 1455 1507 -1
GCP,adapt_p48-18968510422141_a78-75_103_map.h5,27.862,10,240,747,41.810314:78.750000,1478,True,13,13,1479,0.999999,25.3736,0,0.0127579,1424 1424 1423 1477 1529 1478 1425 1426 1480 1479 1530 1531 -1
GCP,adapt_p80-40593177313954_a270-0_364_map.h5,26.845,10,415,1085,9.594069:270.000000,1084,True,16,13,1085,0.99998,25.7019,0,0.0127746,1150 1150 1151 1152 1087 1019 1086 1018 1017 1085 1084 1149 -1
GCP,adapt_p70-52877936550931_a281-24999999999994_546_map.h5,28.8163,10,216,350,19.471220:281.250000,1217,True,23,14,1279,0.999694,27.4296,0,0.0125117,1340 1340 1341 1280 1281 1218 1217 1152 1151 1216 1279 1278 1215 -1
GCP,adapt_p60-00000000000001_a112-49999999999999_304_map.h5,27.6752,10,165,815,30.000000:112.500000,1313,True,39,14,1313,0.995087,27.6723,0,0.0125792,1315 1315 1253 1252 1314 1251 1250 1313 1372 1371 1312 1249 1311 -1
GCP,adapt_p80-40593177313954_a22-5_390_map.h5,26.4538,10,147,1125,9.594069:22.500000,1038,False,72,11,1108,0.832978,24.0565,0,0.0130138,1044 1043 1109 1042 1041 1108 1174 1107 969 1036 -1
GCP,adapt_p60-00000000000001_a224-99999999999997_55_map.h5,26.8599,10,568,1148,30.000000:225.000000,1331,True,15,13,1333,0.999998,25.3382,0,0.0128523,1390 1390 1447 1391 1392 1334 1272 1271 1333 1332 1270 1331 -1
GCP,adapt_p70-52877936550931_a191-25_358_map.h5,26.8589,10,471,1127,19.471220:191.250000,1201,True,14,13,1201,0.999999,25.9236,0,0.012915,1200 1200 1136 1137 1202 1265 1264 1201 1135 1134 1199 1263 -1
GCP,adapt_p60-00000000000001_a247-49999999999997_205_map.h5,27.8171,10,279,827,30.000000:247.500000,1335,True,21,13,1336,0.999984,25.3937,0,0.0127152,1394 1394 1393 1334 1273 1274 1335 1336 1275 1276 1337 1395 -1
GCP,adapt_p23-556464309101234_a112-5_355_map.h5,25.8741,10,553,1418,66.443535:112.500000,1697,True,12,12,1727,0.999999,22.8118,0,0.0126876,1726 1726 1697 1663 1664 1699 1698 1727 1751 1752 1728 -1
GCP,adapt_p23-556464309101234_a202-5_69_map.h5,26.8725,10,459,1150,66.443535:202.500000,1704,True,12,12,1704,0.999999,23.5792,0,0.0122815,1732 1732 1706 1672 1671 1705 1733 1731 1703 1704 1670 -1
GCP,adapt_p35-659087696138755_a224-99999999999997_15_map.h5,27.8793,10,492,772,54.340912:225.000000,1594,True,9,9,1636,0.999999,15.3106,0,0.0124409,1635 1635 1593 1594 1595 1637 1636 1673 -1
GCP,adapt_p70-52877936550931_a123-74999999999999_482_map.h5,26.8673,10,588,1130,19.471220:123.750000,1189,True,12,12,1189,0.999999,23.796,0,0.0125066,1188 1188 1187 1251 1123 1122 1189 1252 1253 1190 1124 -1
GCP,adapt_p80-40593177313954_a224-99999999999997_331_map.h5,25.7556,10,368,1456,9.594069:225.000000,1076,True,30,13,1076,0.998825,25.1299,0,0.0131716,1074 1074 1140 1141 1075 1008 1009 1076 1142 1143 1077 1078 -1
GCP,adapt_p60-00000000000001_a337-49999999999994_472_map.h5,26.8729,10,594,1113,30.000000:337.500000,1350,True,11,11,1351,0.999999,20.8985,0,0.0128436,1350 1350 1407 1408 1409 1351 1289 1290 1291 1352 -1
GCP,adapt_p60-00000000000001_a45-0_509_map.h5,26.8651,10,493,1162,30.000000:45.000000,1301,True,11,11,1361,0.999999,20.291,0,0.0127248,1302 1302 1303 1362 1420 1361 1419 1418 1360 1301 -1
GCP,adapt_p70-52877936550931_a281-24999999999994_417_map.h5,28.808,10,206,329,19.471220:281.250000,1217,True,22,14,1217,0.999967,28.0913,0,0.0127681,1218 1218 1152 1153 1217 1216 1151 1150 1215 1278 1279 1280 1281 -1
GCP,adapt_p70-52877936550931_a33-75_582_map.h5,27.8931,10,633,758,19.471220:33.750000,1173,True,8,8,1173,0.999998,13.2908,0,0.0126907,1237 1237 1238 1174 1173 1236 1172 -1
GCP,adapt_p70-52877936550931_a326-24999999999994_438_map.h5,27.8884,10,694,757,19.471220:326.250000,1225,True,9,9,1225,0.999999,15.5727,0,0.0123951,1287 1287 1224 1225 1160 1161 1226 1288 -1
GCP,adapt_p60-00000000000001_a337-49999999999994_240_map.h5,26.8863,10,678,1078,30.000000:337.500000,1350,True,9,9,1350,0.999999,17.51,0,0.0124348,1289 1350 1351 1290 1408 1407 1349 1289 -1
GCP,adapt_p60-00000000000001_a202-49999999999997_237_map.h5,26.8645,10,386,1150,30.000000:202.500000,1328,True,13,13,1327,0.999999,25.1756,0,0.0133182,1266 1266 1265 1264 1326 1385 1327 1328 1386 1387 1329 1267 -1
GCP,adapt_p48-18968510422141_a123-74999999999999_47_map.h5,28.5885,10,151,386,41.810314:123.750000,1484,True,48,13,1430,0.974204,27.1035,0,0.0132952,1487 1486 1485 1536 1431 1373 1372 1430 1429 1483 1484 1535 -1
GCP,adapt_p60-00000000000001_a247-49999999999997_45_map.h5,26.8643,10,565,1047,30.000000:247.500000,1335,True,14,13,1394,0.999996,25.3895,0,0.0124816,1393 1393 1334 1392 1449 1450 1394 1395 1337 1275 1336 1335 -1
GCP,adapt_p80-40593177313954_a112-49999999999999_432_map.h5,26.8771,10,613,1132,9.594069:112.500000,1055,True,9,9,1120,0.999999,16.1979,0,0.0127171,1121 1121 1054 1053 1119 1120 1055 1122 -1
GCP,adapt_p70-52877936550931_a236-25_70_map.h5,27.8142,10,417,724,19.471220:236.250000,1209,True,21,13,1144,0.999762,25.673,0,0.0126163,1209 1209 1208 1143 1210 1211 1146 1080 1079 1145 1144 1078 -1
GCP,adapt_p80-40593177313954_a202-49999999999997_383_map.h5,26.8627,10,508,1085,9.594069:202.500000,1072,True,13,13,1072,0.999999,26.6484,0,0.0131032,1005 1072 1004 1005 1073 1139 1138 1137 1071 1003 1070 1136 -1
GCP,adapt_p48-18968510422141_a78-75_362_map.h5,27.8994,10,678,744,41.810314:78.750000,1478,True,10,10,1478,0.999999,18.4102,0,0.0123582,1477 1477 1530 1529 1478 1479 1425 1424 1423 -1
GCP,adapt_p48-18968510422141_a281-24999999999994_139_map.h5,26.8343,10,427,1179,41.810314:281.250000,1507,True,17,13,1507,0.999996,25.819,0,0.012495,1557 1557 1506 1454 1455 1507 1556 1508 1456 1457 1509 1558 -1
GCP,adapt_p48-18968510422141_a303-75_587_map.h5,27.7863,10,220,756,41.810314:303.750000,1510,True,28,14,1510,0.999702,27.5909,0,0.0124961,1559 1559 1558 1508 1456 1401 1457 1509 1510 1458 1459 1511 1560 -1
GCP,adapt_p48-18968510422141_a213-75_537_map.h5,27.8835,10,782,710,41.810314:213.750000,1497,True,7,7,1445,0.999999,10.8079,0,0.0132586,1497 1497 1498 1446 1445 1444 -1
GCP,adapt_p80-40593177313954_a22-5_561_map.h5,26.6913,10,260,1094,9.594069:22.500000,1038,True,40,13,1105,0.986425,25.823,0,0.0125226,971 971 1037 1103 1104 1038 1105 1171 1172 1106 1040 1039 -1
GCP,adapt_p70-52877936550931_a168-74999999999997_370_map.h5,27.7659,10,258,707,19.471220:168.750000,1197,True,28,13,1198,0.997562,25.6717,0,0.0128563,1132 1132 1196 1131 1197 1260 1261 1198 1133 1199 1262 1263 -1
GCP,adapt_p48-18968510422141_a303-75_480_map.h5,27.8573,10,307,775,41.810314:303.750000,1510,True,13,13,1510,0.999999,25.2916,0,0.0124842,1459 1459 1512 1460 1511 1560 1559 1510 1458 1457 1509 1558 -1
GCP,adapt_p48-18968510422141_a258-75_335_map.h5,27.835,10,582,732,41.810314:258.750000,1504,True,10,10,1553,0.999999,18.5633,0,0.0128081,1554 1554 1505 1504 1598 1553 1552 1503 1451 -1
GCP,adapt_p80-40593177313954_a90-0_153_map.h5,25.8247,10,397,1526,9.594069:90.000000,1051,True,20,13,1049,0.999989,25.2243,0,0.0130823,982 982 981 1048 1114 1115 1049 1050 1116 1117 1051 983 -1
GCP,adapt_p70-52877936550931_a213-75_3_map.h5,26.8497,10,629,1101,19.471220:213.750000,1205,True,12,12,1204,0.999999,23.0285,0,0.0130947,1267 1267 1268 1206 1140 1205 1204 1139 1138 1203 1266 -1
GCP,adapt_p11-715852394892384_a135-0_40_map.h5,26.6878,10,172,1084,78.284149:135.000000,1770,True,45,13,1752,0.971752,25.0342,0,0.0129263,1785 1785 1771 1753 1752 1728 1727 1751 1770 1769 1784 1768 -1
GCP,adapt_p60-00000000000001_a45-0_165_map.h5,26.8258,10,233,1089,30.000000:45.000000,1301,True,18,13,1238,0.999806,25.5112,0,0.0129335,1175 1175 1176 1239 1303 1240 1302 1361 1360 1301 1238 1237 -1
GCP,adapt_p35-659087696138755_a135-0_174_map.h5,27.8613,10,460,751,54.340912:135.000000,1583,True,13,13,1583,0.999999,25.3993,0,0.0125054,1537 1537 1583 1584 1538 1486 1485 1536 1535 1581 1582 1626 -1
GCP,adapt_p35-659087696138755_a75-0_2_map.h5,28.666,10,85,388,54.340912:75.000000,1576,True,46,14,1657,0.996384,28.0699,0,0.012771,1655 1655 1692 1657 1658 1620 1576 1619 1575 1574 1618 1656 1617 -1
GCP,adapt_p80-40593177313954_a270-0_100_map.h5,26.8592,10,608,1092,9.594069:270.000000,1084,True,11,11,1084,0.999998,20.6177,0,0.0125645,1017 1017 1018 1085 1084 1016 1083 1015 1082 1014 -1
GCP,adapt_p70-52877936550931_a281-24999999999994_199_map.h5,26.5312,10,175,1124,19.471220:281.250000,1217,False,64,12,1150,0.971098,24.5515,0,0.0136324,1148 1149 1215 1216 1151 1085 1150 1084 1016 1083 1015 -1
GCP,adapt_p70-52877936550931_a168-74999999999997_143_map.h5,27.856,10,289,774,19.471220:168.750000,1197,True,14,14,1197,0.999999,27.6073,0,0.0127901,1260 1260 1259 1258 1195 1129 1130 1196 1197 1131 1132 1198 1261 -1
GCP,adapt_p35-659087696138755_a135-0_228_map.h5,26.8752,10,522,1072,54.340912:135.000000,1583,True,11,11,1537,0.999999,20.2667,0,0.0125915,1583 1583 1584 1538 1537 1486 1485 1536 1582 1535 -1
GCP,adapt_p80-40593177313954_a292-5_377_map.h5,26.8528,10,496,1092,9.594069:292.500000,1088,True,15,13,1153,0.999997,26.2567,0,0.0129562,1088 1088 1089 1087 1152 1086 1151 1217 1218 1153 1154 1219 -1
GCP,adapt_p80-40593177313954_a112-49999999999999_250_map.h5,26.0836,10,179,1092,9.594069:112.500000,1055,True,128,12,1187,0.83671,25.6105,0,0.0141739,1055 1250 1188 1187 1120 1186 1249 1248 1185 1119 1118 -1
GCP,adapt_p80-40593177313954_a270-0_499_map.h5,27.7766,10,220,784,9.594069:270.000000,1084,True,26,14,1085,0.999894,27.7601,0,0.0132422,1087 1087 1020 1019 1018 1086 1152 1151 1085 1017 1084 1150 1149 -1
GCP,adapt_p48-18968510422141_a191-25_66_map.h5,26.8995,10,832,1076,41.810314:191.250000,1494,True,8,8,1440,0.999999,13.0793,0,0.0122416,1441 1441 1440 1439 1492 1493 1494 -1
GCP,adapt_p80-40593177313954_a90-0_240_map.h5,26.2264,10,212,1106,9.594069:90.000000,1051,False,111,12,1120,0.899073,25.574,0,0.0142799,1049 1118 1119 1185 1186 1187 1120 1054 1055 1121 1122 -1
GCP,adapt_p23-556464309101234_a247-49999999999997_593_map.h5,28.8496,10,347,424,66.443535:247.500000,1708,True,15,14,1675,0.999998,27.6938,0,0.0131633,1708 1708 1735 1736 1737 1710 1677 1676 1709 1639 1638 1675 1674 -1
GCP,adapt_p80-40593177313954_a270-0_268_map.h5,26.891,10,683,1063,9.594069:270.000000,1084,True,10,10,1083,0.999999,19.0033,0,0.0127825,1016 1016 1085 1017 1084 1015 1082 1083 1149 -1
GCP,adapt_p48-18968510422141_a146-25_67_map.h5,26.867,10,520,1100,41.810314:146.250000,1488,True,12,12,1488,0.999999,23.1366,0,0.0127472,1434 1434 1486 1433 1487 1538 1539 1488 1435 1489 1540 -1
GCP,adapt_p60-00000000000001_a45-0_318_map.h5,26.8673,10,435,1120,30.000000:45.000000,1301,True,13,13,1302,0.999999,25.327,0,0.0125117,1238 1238 1239 1240 1303 1362 1361 1302 1301 1237 1300 1360 -1
GCP,adapt_p60-00000000000001_a67-5_142_map.h5,25.8872,10,527,1481,30.000000:67.500000,1305,True,9,9,1306,0.999998,15.6411,0,0.0125826,1244 1244 1243 1242 1305 1365 1306 1307 -1
GCP,adapt_p48-18968510422141_a236-25_235_map.h5,27.8751,10,666,740,41.810314:236.250000,1501,True,10,10,1448,0.999999,18.0361,0,0.0136841,1447 1447 1500 1501 1448 1449 1393 1392 1391 -1
GCP,adapt_p35-659087696138755_a315-0_392_map.h5,25.8164,10,382,1500,54.340912:315.000000,1605,True,19,13,1646,0.999974,25.187,0,0.01239,1681 1681 1646 1605 1604 1645 1682 1714 1715 1683 1647 1606 -1
GCP,adapt_p80-40593177313954_a0-0_401_map.h5,28.856,10,359,387,9.594069:0.000000,1034,True,16,14,1102,0.999998,28.5099,0,0.0128228,1034 1034 1100 1166 967 1035 1101 1167 1168 1169 1103 1102 1036 -1
GCP,adapt_p80-40593177313954_a112-49999999999999_244_map.h5,26.604,10,198,1102,9.594069:112.500000,1055,True,49,13,1121,0.973535,25.1513,0,0.0138174,1188 1188 1187 1186 1120 1054 987 988 1056 1122 1121 1055 -1
GCP,adapt_p23-556464309101234_a337-5_525_map.h5,24.3283,10,93,1141,66.443535:337.500000,1716,False,426,11,1309,0.479916,24.2734,0,0.0312063,1694 1427 1369 1311 1310 1247 1246 1309 1368 1426 -1
GCP,adapt_p48-18968510422141_a191-25_138_map.h5,26.5868,10,132,1120,41.810314:191.250000,1494,False,57,12,1126,0.986098,24.4226,0,0.0160013,1128 1127 1193 1256 1192 1126 1060 1125 1191 1254 1255 -1
GCP,adapt_p48-18968510422141_a213-75_209_map.h5,26.8668,10,457,1173,41.810314:213.750000,1497,True,12,12,1498,0.999999,23.2888,0,0.0139716,1499 1499 1447 1446 1445 1444 1497 1547 1498 1549 1548 -1
GCP,adapt_p70-52877936550931_a168-74999999999997_106_map.h5,26.8603,10,523,1092,19.471220:168.750000,1197,True,13,13,1260,0.999999,25.948,0,0.0125518,1259 1259 1197 1196 1260 1198 1199 1262 1261 1323 1322 1321 -1
GCP,adapt_p70-52877936550931_a303-75_589_map.h5,28.6295,10,125,356,19.471220:303.750000,1221,True,51,14,1221,0.971463,28.2353,0,0.0133438,1159 1159 1158 1092 1157 1222 1284 1221 1156 1283 1282 1220 1155 -1
GCP,adapt_p70-52877936550931_a78-75_353_map.h5,28.5348,10,96,357,19.471220:78.750000,1181,True,67,13,1244,0.939521,27.0373,0,0.0129784,1425 1366 1307 1244 1181 1115 1050 1116 1182 1246 1245 1308 -1
GCP,adapt_p70-52877936550931_a258-75_208_map.h5,26.8452,10,540,1148,19.471220:258.750000,1213,True,17,13,1275,0.999996,25.6829,0,0.0125885,1336 1336 1337 1276 1213 1147 1212 1275 1335 1273 1274 1211 -1
GCP,adapt_p48-18968510422141_a56-24999999999999_343_map.h5,27.5769,10,76,752,41.810314:56.250000,1475,False,65,13,1576,0.961361,27.5733,0,0.0128848,1578 1530 1477 1529 1576 1577 1620 1619 1575 1528 1476 1421 -1
GCP,adapt_p60-00000000000001_a22-5_201_map.h5,27.8663,10,312,703,30.000000:22.500000,1298,True,12,12,1298,0.999999,23.3564,0,0.0125059,1357 1357 1356 1296 1233 1234 1297 1358 1299 1298 1235 -1
GCP,adapt_p23-556464309101234_a67-5_436_map.h5,26.8702,10,632,1057,66.443535:67.500000,1693,True,13,13,1693,0.999998,24.932,0,0.0126297,1657 1657 1658 1694 1659 1660 1695 1724 1723 1722 1692 1693 -1
GCP,adapt_p48-18968510422141_a168-74999999999997_71_map.h5,26.7646,10,188,1073,41.810314:168.750000,1491,True,27,13,1490,0.999631,25.818,0,0.0132204,1438 1438 1380 1437 1491 1541 1490 1436 1435 1489 1540 1539 -1
GCP,adapt_p48-18968510422141_a56-24999999999999_222_map.h5,26.8673,10,419,1084,41.810314:56.250000,1475,True,11,11,1475,0.999999,20.424,0,0.0125499,1421 1421 1420 1474 1526 1527 1528 1476 1475 1422 -1
GCP,adapt_p35-659087696138755_a255-00000000000003_132_map.h5,27.8644,10,607,710,54.340912:255.000000,1598,True,10,10,1640,0.999998,18.475,0,0.0123644,1676 1676 1641 1677 1640 1598 1597 1639 1675 -1
GCP,adapt_p70-52877936550931_a213-75_519_map.h5,26.8476,10,502,1107,19.471220:213.750000,1205,True,17,13,1139,0.999989,25.5469,0,0.0132032,1138 1138 1073 1139 1204 1203 1267 1268 1205 1140 1141 1206 -1
GCP,adapt_p70-52877936550931_a33-75_485_map.h5,25.2568,10,118,1460,19.471220:33.750000,1173,True,105,10,1237,0.898808,23.5009,0,0.0136805,1167 1352 1235 1172 1236 1173 1174 1237 1238 -1
GCP,adapt_p23-556464309101234_a292-5_388_map.h5,28.8803,10,406,389,66.443535:292.500000,1712,True,12,12,1712,0.999999,23.5408,0,0.0124477,1739 1739 1711 1738 1712 1740 1714 1713 1681 1680 1679 -1
GCP,adapt_p48-18968510422141_a191-25_406_map.h5,25.7983,10,330,1496,41.810314:191.250000,1494,True,24,13,1494,0.999795,25.1652,0,0.0125167,1495 1495 1442 1385 1384 1441 1494 1440 1493 1543 1544 1545 -1
GCP,adapt_p60-00000000000001_a315-0_307_map.h5,26.8773,10,584,1117,30.000000:315.000000,1346,True,12,12,1346,0.999999,23.3082,0,0.0125092,1404 1404 1405 1348 1287 1286 1347 1403 1345 1346 1285 -1
GCP,adapt_p60-00000000000001_a157-5_532_map.h5,26.6769,10,167,1103,30.000000:157.500000,1320,True,43,13,1319,0.990935,26.24,0,0.0129225,1377 1318 1256 1193 1194 1257 1319 1378 1379 1320 1258 1195 -1
GCP,adapt_p23-556464309101234_a112-5_474_map.h5,27.8897,10,671,739,66.443535:112.500000,1697,True,9,9,1697,0.999999,15.7867,0,0.013081,1696 1696 1662 1663 1698 1697 1725 1726 -1
GCP,adapt_p60-00000000000001_a90-0_311_map.h5,26.8486,10,456,1113,30.000000:90.000000,1309,True,14,13,1309,0.999999,25.7871,0,0.0132225,1246 1246 1245 1307 1367 1308 1309 1368 1369 1310 1247 1311 -1
GCP,adapt_p23-556464309101234_a157-5_327_map.h5,27.8955,10,674,730,66.443535:157.500000,1701,True,9,9,1701,0.999999,16.0043,0,0.0123219,1700 1700 1667 1666 1701 1730 1729 1728 -1
GCP,adapt_p48-18968510422141_a191-25_444_map.h5,23.1458,10,79,1461,41.810314:191.250000,1494,False,423,6,1472,0.411721,21.2236,0,0.0325016,1475 1472 1418 1435 1377 -1
GCP,adapt_p48-18968510422141_a303-75_581_map.h5,26.8588,10,624,1042,41.810314:303.750000,1510,True,12,12,1458,0.999998,24.2607,0,0.0139738,1459 1511 1560 1559 1558 1509 1457 1402 1458 1510 1459 -1
GCP,adapt_p80-40593177313954_a315-0_194_map.h5,26.833,10,399,1150,9.594069:315.000000,1093,True,18,13,1092,0.999955,26.1314,0,0.0127596,1091 1091 1158 1223 1157 1092 1024 1025 1093 1159 1160 1094 -1
GCP,adapt_p60-00000000000001_a0-0_233_map.h5,26.7521,10,509,1132,30.000000:0.000000,1294,True,13,13,1294,0.999998,25.4689,0,0.0128459,1296 1296 1232 1231 1293 1294 1353 1411 1354 1295 1355 1356 -1
GCP,adapt_p48-18968510422141_a258-75_51_map.h5,26.8562,10,661,1071,41.810314:258.750000,1504,True,12,12,1504,0.999999,23.6454,0,0.012569,1452 1452 1554 1555 1505 1453 1504 1553 1503 1451 1450 -1
GCP,adapt_p11-715852394892384_a135-0_275_map.h5,26.6751,10,105,1143,78.284149:135.000000,1770,True,49,13,1785,0.960637,25.6031,0,0.0126721,1750 1751 1752 1771 1770 1769 1785 1786 1787 1794 1793 1784 -1
GCP,adapt_p80-40593177313954_a90-0_519_map.h5,27.825,10,324,696,9.594069:90.000000,1051,True,20,13,1052,0.999905,25.6531,0,0.0128162,1053 1053 1120 1185 1119 1118 1052 985 984 1051 1117 1050 -1
GCP,adapt_p70-52877936550931_a213-75_548_map.h5,26.8621,10,400,1185,19.471220:213.750000,1205,True,15,13,1206,0.999998,25.2034,0,0.0127061,1268 1268 1269 1270 1207 1141 1206 1205 1140 1139 1204 1267 -1
GCP,adapt_p70-52877936550931_a258-75_391_map.h5,26.8863,10,547,1121,19.471220:258.750000,1213,True,9,9,1212,0.999999,15.891,0,0.0124477,1213 1213 1275 1212 1148 1147 1146 1211 -1
GCP,adapt_p48-18968510422141_a56-24999999999999_384_map.h5,26.8754,10,535,1137,41.810314:56.250000,1475,True,10,10,1420,0.999999,18.3526,0,0.0123811,1421 1421 1362 1420 1475 1526 1474 1473 1419 -1
GCP,adapt_p70-52877936550931_a123-74999999999999_350_map.h5,25.8433,10,391,1462,19.471220:123.750000,1189,True,16,13,1188,0.999994,25.5455,0,0.0125223,1252 1252 1253 1314 1251 1250 1187 1121 1122 1188 1189 1123 -1
GCP,adapt_p80-40593177313954_a45-0_46_map.h5,26.8513,10,422,1134,9.594069:45.000000,1042,True,14,13,1043,0.999999,25.8726,0,0.0124885,976 976 1042 1108 1041 974 975 1043 1109 1110 1044 977 -1
GCP,adapt_p35-659087696138755_a135-0_97_map.h5,26.8673,10,529,1087,54.340912:135.000000,1583,True,11,11,1626,0.999999,20.3156,0,0.0124973,1583 1583 1582 1625 1663 1664 1665 1627 1626 1584 -1
GCP,adapt_p48-18968510422141_a123-74999999999999_172_map.h5,26.8779,10,589,1078,41.810314:123.750000,1484,True,12,12,1432,0.999999,23.7218,0,0.012892,1485 1485 1374 1375 1432 1433 1486 1536 1484 1431 1430 -1
GCP,adapt_p80-40593177313954_a22-5_335_map.h5,26.8559,10,492,1093,9.594069:22.500000,1038,True,14,13,1039,0.999998,25.5307,0,0.0128722,1040 1040 973 972 971 1039 1106 1105 1104 1038 970 1037 -1
GCP,adapt_p70-52877936550931_a101-24999999999999_23_map.h5,25.8403,10,399,1492,19.471220:101.250000,1185,True,16,13,1185,0.999998,25.3491,0,0.0124527,1249 1249 1250 1186 1120 1119 1185 1248 1247 1184 1118 1183 -1
GCP,adapt_p23-556464309101234_a292-5_77_map.h5,28.8569,10,314,401,66.443535:292.500000,1712,True,16,14,1739,0.999997,28.3013,0,0.0129219,1711 1711 1678 1710 1737 1679 1680 1713 1712 1738 1761 1739 1740 -1
GCP,adapt_p80-40593177313954_a315-0_195_map.h5,26.8481,10,398,1144,9.594069:315.000000,1093,True,16,13,1092,0.999997,25.4091,0,0.0126999,1093 1093 1094 1159 1158 1092 1025 1024 1091 1157 1156 1090 -1
GCP,adapt_p35-659087696138755_a165-0_235_map.h5,26.8238,10,418,1195,54.340912:165.000000,1587,True,20,13,1588,0.99998,25.6454,0,0.0130129,1543 1543 1631 1632 1589 1588 1542 1541 1587 1630 1629 1586 -1
GCP,adapt_p35-659087696138755_a165-0_182_map.h5,25.8364,10,449,1436,54.340912:165.000000,1587,True,17,13,1630,0.999992,25.1373,0,0.0124222,1667 1667 1668 1631 1589 1588 1542 1541 1587 1630 1629 1586 -1
GCP,adapt_p11-715852394892384_a315-0_328_map.h5,28.8571,10,352,370,78.284149:315.000000,1778,True,16,14,1778,0.999992,27.705,0,0.0126993,1790 1790 1776 1789 1777 1760 1761 1739 1762 1778 1791 1779 1763 -1
GCP,adapt_p80-40593177313954_a45-0_34_map.h5,26.2385,10,116,1148,9.594069:45.000000,1042,False,99,12,910,0.961668,24.5084,0,0.0132361,1179 1112 1046 979 911 978 1045 977 910 909 976 -1
GCP,adapt_p23-556464309101234_a247-49999999999997_391_map.h5,26.8923,10,822,1107,66.443535:247.500000,1708,True,6,6,1708,0.999999,8.15323,0,0.0124028,1709 1709 1708 1675 1676 -1
GCP,adapt_p48-18968510422141_a56-24999999999999_33_map.h5,27.3418,10,96,750,41.810314:56.250000,1475,False,98,13,1573,0.811438,27.2419,0,0.0140897,1301 1419 1473 1525 1572 1617 1574 1527 1573 1526 1474 1420 -1
GCP,adapt_p60-00000000000001_a247-49999999999997_398_map.h5,23.5677,10,131,1458,30.000000:247.500000,1335,False,390,11,1269,0.476404,23.1313,0,0.0299775,946 1145 1209 1272 1271 1208 1207 1270 1269 1268 -1
GCP,adapt_p60-00000000000001_a202-49999999999997_521_map.h5,26.8752,10,715,1045,30.000000:202.500000,1328,True,11,11,1386,0.999999,20.3677,0,0.0125626,1387 1387 1329 1328 1386 1327 1385 1442 1443 1444 -1
GCP,adapt_p48-18968510422141_a56-24999999999999_526_map.h5,26.7901,10,412,1111,41.810314:56.250000,1475,True,22,13,1420,0.999711,26.0842,0,0.0126755,1363 1363 1422 1475 1421 1419 1420 1362 1303 1302 1361 1360 -1
GCP,adapt_p48-18968510422141_a303-75_62_map.h5,27.8835,10,664,737,41.810314:303.750000,1510,True,11,11,1510,0.999999,20.4391,0,0.0132543,1458 1458 1459 1511 1560 1559 1558 1509 1510 1457 -1
GCP,adapt_p80-40593177313954_a247-49999999999997_295_map.h5,26.7299,10,106,378,9.594069:247.500000,1080,False,336,11,1008,0.54431,25.4753,0,0.0232918,1215 1078 1009 1008 1007 1074 1006 1073 1005 1072 -1
GCP,adapt_p60-00000000000001_a202-49999999999997_96_map.h5,27.8342,10,271,761,30.000000:202.500000,1328,True,20,14,1328,0.999984,27.4872,0,0.012589,1387 1387 1386 1385 1326 1327 1265 1202 1203 1266 1328 1329 1267 -1
GCP,adapt_p80-40593177313954_a270-0_351_map.h5,27.8788,10,700,752,9.594069:270.000000,1084,True,11,11,1083,0.999999,20.646,0,0.0129723,1082 1082 1014 1015 1083 1149 1084 1016 1017 1085 -1
GCP,adapt_p48-18968510422141_a191-25_402_map.h5,27.8839,10,496,764,41.810314:191.250000,1494,True,13,13,1494,0.999998,25.0176,0,0.0129051,1440 1440 1439 1492 1493 1543 1544 1494 1441 1442 1495 1545 -1
GCP,adapt_p80-40593177313954_a22-5_245_map.h5,26.8503,10,382,1139,9.594069:22.500000,1038,True,14,13,1038,0.999999,25.8615,0,0.0125175,971 971 972 1040 1106 1105 1039 1104 1103 1037 1038 970 -1
GCP,adapt_p48-18968510422141_a101-24999999999999_206_map.h5,26.8059,10,261,1104,41.810314:101.250000,1481,True,24,13,1428,0.999557,25.2242,0,0.0129643,1533 1533 1482 1534 1483 1429 1371 1370 1428 1481 1427 1369 -1
GCP,adapt_p35-659087696138755_a255-00000000000003_245_map.h5,25.7943,10,258,1516,54.340912:255.000000,1598,True,23,12,1639,0.999814,22.9735,0,0.0125361,1676 1676 1675 1638 1596 1597 1639 1640 1598 1553 1599 -1
GCP,adapt_p80-40593177313954_a315-0_305_map.h5,26.8051,10,453,1114,9.594069:315.000000,1093,False,23,13,1155,0.999966,25.564,0,0.0126648,1154 1154 1219 1220 1221 1155 1089 1090 1156 1157 1091 1092 -1
GCP,adapt_p23-556464309101234_a337-5_39_map.h5,26.7168,10,167,1160,66.443535:337.500000,1716,True,37,13,1685,0.993607,26.3587,0,0.012953,1742 1716 1684 1648 1607 1608 1649 1650 1686 1685 1717 1742 -1
GCP,adapt_p80-40593177313954_a0-0_36_map.h5,25.5776,10,133,1155,9.594069:0.000000,1034,False,227,12,1751,0.673363,24.5367,0,0.0176501,1700 1752 1751 1726 1725 1750 1769 1770 1771 1784 1783 -1
GCP,adapt_p48-18968510422141_a101-24999999999999_149_map.h5,26.8782,10,459,1122,41.810314:101.250000,1481,True,11,11,1481,0.999999,20.4222,0,0.0126339,1428 1428 1429 1482 1533 1532 1481 1427 1480 1426 -1
GCP,adapt_p80-40593177313954_a337-49999999999994_43_map.h5,27.8073,10,362,728,9.594069:337.500000,1097,True,20,13,1098,0.999974,26.3877,0,0.0124642,1163 1163 1099 1031 1098 1164 1097 1030 1029 1096 1162 1161 -1
GCP,adapt_p70-52877936550931_a191-25_88_map.h5,26.8592,10,582,1131,19.471220:191.250000,1201,True,14,13,1135,0.999993,26.8117,0,0.0125959,1200 1135 1201 1200 1134 1068 1069 1070 1136 1071 1137 1202 -1
GCP,adapt_p80-40593177313954_a22-5_307_map.h5,27.7562,10,254,824,9.594069:22.500000,1038,True,28,13,1104,0.998312,26.6629,0,0.0125504,1170 1170 1037 1036 1103 1169 1104 1038 1039 1105 1171 1106 -1
GCP,adapt_p35-659087696138755_a255-00000000000003_502_map.h5,26.743,10,207,1132,54.340912:255.000000,1598,True,34,12,1598,0.996622,23.2676,0,0.0127357,1638 1638 1640 1639 1597 1552 1553 1598 1599 1554 1555 -1
GCP,adapt_p80-40593177313954_a337-49999999999994_131_map.h5,25.574,10,138,1151,9.594069:337.500000,1097,True,209,10,1299,0.64887,24.5071,0,0.0183838,1297 1235 1236 1299 1358 1098 1030 1097 1162 -1
GCP,adapt_p80-40593177313954_a22-5_263_map.h5,26.8631,10,571,1178,9.594069:22.500000,1038,True,12,12,1037,0.999999,23.4388,0,0.0126958,1036 1036 1103 1037 969 970 971 1038 1104 1039 1105 -1
GCP,adapt_p23-556464309101234_a247-49999999999997_487_map.h5,27.8439,10,307,772,66.443535:247.500000,1708,True,17,13,1708,0.999932,25.3365,0,0.0128672,1676 1676 1710 1737 1736 1709 1675 1708 1735 1758 1734 1707 -1
GCP,adapt_p70-52877936550931_a326-24999999999994_334_map.h5,26.8301,10,343,1171,19.471220:326.250000,1225,True,18,13,1161,0.999951,25.3888,0,0.0127125,1227 1227 1289 1226 1161 1225 1160 1094 1095 1096 1162 1163 -1
GCP,adapt_p23-556464309101234_a247-49999999999997_216_map.h5,26.8791,10,535,1108,66.443535:247.500000,1708,True,11,11,1675,0.999999,20.149,0,0.0126938,1708 1708 1707 1674 1637 1638 1675 1639 1676 1709 -1
GCP,adapt_p60-00000000000001_a292-5_176_map.h5,27.8077,10,309,682,30.000000:292.500000,1343,False,21,13,1457,0.99993,25.5755,0,0.0130755,1402 1402 1459 1510 1458 1401 1457 1509 1558 1508 1456 1400 -1
GCP,adapt_p60-00000000000001_a247-49999999999997_377_map.h5,26.8643,10,516,1157,30.000000:247.500000,1335,True,11,11,1275,0.999999,20.8378,0,0.0124821,1336 1336 1395 1394 1335 1274 1275 1276 1337 1338 -1
GCP,adapt_p48-18968510422141_a303-75_246_map.h5,27.8893,10,553,772,41.810314:303.750000,1510,True,10,10,1459,0.999999,17.908,0,0.0124453,1511 1511 1560 1559 1510 1458 1403 1459 1460 -1
GCP,adapt_p80-40593177313954_a270-0_54_map.h5,26.8753,10,500,1211,9.594069:270.000000,1084,True,12,12,1083,0.999999,23.415,0,0.0124605,1149 1149 1148 1082 1014 1015 1083 1150 1085 1084 1016 -1
GCP,adapt_p23-556464309101234_a112-5_301_map.h5,26.2014,10,87,746,66.443535:112.500000,1697,False,283,11,1622,0.949583,25.8057,0,0.0202175,1776 1624 1580 1623 1662 1661 1660 1622 1579 1578 -1
GCP,adapt_p48-18968510422141_a236-25_253_map.h5,27.834,10,316,689,41.810314:236.250000,1501,True,18,13,1448,0.999972,26.244,0,0.0127852,1447 1447 1392 1391 1390 1448 1449 1502 1551 1501 1500 1550 -1
GCP,adapt_p80-40593177313954_a22-5_540_map.h5,25.7763,10,437,1463,9.594069:22.500000,1038,True,25,12,1105,0.999402,22.9363,0,0.0124591,1037 1037 1103 1104 1038 1039 1040 1106 1172 1105 1171 -1
GCP,adapt_p35-659087696138755_a45-0_201_map.h5,26.8803,10,554,1103,54.340912:45.000000,1572,True,11,11,1616,0.999998,20.3155,0,0.0124557,1572 1572 1571 1615 1654 1655 1656 1617 1616 1573 -1
GCP,adapt_p80-40593177313954_a112-49999999999999_172_map.h5,24.4263,10,80,1496,9.594069:112.500000,1055,False,221,11,1052,0.945822,23.6803,0,0.0172809,1370 1118 1053 985 1052 984 1051 1117 1116 1050 -1
GCP,adapt_p80-40593177313954_a180-0_288_map.h5,27.8213,10,258,736,9.594069:180.000000,1067,True,20,13,1068,0.999641,25.8731,0,0.0125574,1001 1001 1067 1133 1066 999 1000 1068 1134 1135 1069 1002 -1
GCP,adapt_p70-52877936550931_a56-24999999999999_402_map.h5,22.9335,10,102,1483,19.471220:56.250000,1177,False,486,9,1628,0.295406,21.9665,0,0.0370906,988 1626 1665 1627 1585 1628 1629 1586 -1
GCP,adapt_p35-659087696138755_a165-0_542_map.h5,26.8659,10,369,1134,54.340912:165.000000,1587,True,13,13,1587,0.999999,25.769,0,0.012822,1542 1542 1490 1491 1541 1540 1585 1586 1629 1630 1587 1588 -1
GCP,adapt_p48-18968510422141_a303-75_134_map.h5,26.8567,10,413,1109,41.810314:303.750000,1510,True,13,13,1458,0.999998,26.1605,0,0.0130682,1457 1457 1456 1509 1511 1510 1458 1401 1402 1403 1459 1460 -1
GCP,adapt_p60-00000000000001_a180-0_362_map.h5,27.8952,10,726,767,30.000000:180.000000,1324,True,8,8,1324,0.999998,13.6901,0,0.0125745,1382 1382 1325 1383 1324 1323 1381 -1
GCP,adapt_p80-40593177313954_a315-0_391_map.h5,26.6682,10,198,1129,9.594069:315.000000,1093,True,39,13,1093,0.994081,25.5438,0,0.0126167,1222 1222 1223 1159 1094 1026 1093 1025 1092 1158 1157 1091 -1
GCP,adapt_p60-00000000000001_a135-0_109_map.h5,27.8833,10,464,738,30.000000:135.000000,1316,True,12,12,1316,0.999999,23.3246,0,0.0124989,1253 1253 1252 1254 1255 1317 1376 1375 1316 1315 1374 -1
GCP,adapt_p70-52877936550931_a348-74999999999994_141_map.h5,26.8783,10,449,1095,19.471220:348.750000,1229,True,11,11,1229,0.999999,21.4331,0,0.0124959,1165 1165 1166 1230 1164 1229 1293 1292 1291 1228 -1
GCP,adapt_p60-00000000000001_a270-0_494_map.h5,26.8164,10,426,1167,30.000000:270.000000,1339,True,15,13,1337,0.999992,25.9127,0,0.0124786,1339 1339 1277 1278 1338 1397 1396 1395 1337 1276 1275 1336 -1
GCP,adapt_p80-40593177313954_a247-49999999999997_199_map.h5,26.8818,10,576,1126,9.594069:247.500000,1080,True,12,12,1081,0.999999,22.9843,0,0.012969,1147 1147 1146 1145 1079 1012 1080 1081 1082 1014 1013 -1
GCP,adapt_p60-00000000000001_a135-0_440_map.h5,28.647,10,121,371,30.000000:135.000000,1316,True,48,14,1254,0.982769,27.8779,0,0.0126953,1318 1318 1255 1317 1376 1316 1254 1191 1190 1253 1315 1374 1375 -1
GCP,adapt_p35-659087696138755_a285-0_559_map.h5,26.8854,10,842,1092,54.340912:285.000000,1601,True,10,10,1643,0.999999,17.769,0,0.0124018,1601 1601 1602 1603 1644 1680 1679 1643 1642 -1
GCP,adapt_p70-52877936550931_a191-25_370_map.h5,26.7385,10,148,1089,19.471220:191.250000,1201,True,33,13,1201,0.99824,25.8675,0,0.0132423,1137 1137 1203 1136 1135 1200 1263 1326 1264 1201 1202 1265 -1
GCP,adapt_p48-18968510422141_a213-75_272_map.h5,25.8024,10,431,1476,41.810314:213.750000,1497,True,20,12,1445,0.999972,22.7317,0,0.0133583,1499 1499 1446 1389 1388 1445 1498 1497 1444 1387 1443 -1
GCP,adapt_p35-659087696138755_a14-999999999999998_179_map.h5,25.7542,10,308,1524,54.340912:15.000000,1568,True,29,12,1467,0.998636,22.962,0,0.0125689,1567 1567 1568 1520 1468 1413 1412 1466 1518 1467 1519 -1
GCP,adapt_p23-556464309101234_a292-5_285_map.h5,27.8017,10,286,759,66.443535:292.500000,1712,True,25,13,1681,0.999744,25.0319,0,0.0131418,1712 1712 1680 1644 1645 1681 1713 1714 1682 1646 1683 1647 -1
GCP,adapt_p35-659087696138755_a75-0_186_map.h5,26.6514,10,148,1166,54.340912:75.000000,1576,False,47,12,1488,0.986281,24.5169,0,0.0134717,1584 1538 1486 1487 1434 1435 1436 1489 1540 1488 1539 -1
GCP,adapt_p70-52877936550931_a281-24999999999994_287_map.h5,25.8003,10,511,1444,19.471220:281.250000,1217,True,20,12,1219,0.999675,22.895,0,0.0125288,1152 1152 1153 1154 1219 1220 1282 1281 1218 1217 1280 -1
GCP,adapt_p80-40593177313954_a22-5_585_map.h5,26.8241,10,393,1130,9.594069:22.500000,1038,True,19,13,970,0.999972,25.9276,0,0.0126963,1037 1037 968 1036 969 902 903 970 1038 971 1039 972 -1
GCP,adapt_p60-00000000000001_a90-0_120_map.h5,27.8902,10,693,752,30.000000:90.000000,1309,True,8,8,1368,0.999998,13.7163,0,0.0125386,1309 1309 1308 1367 1310 1369 1368 -1
GCP,adapt_p60-00000000000001_a337-49999999999994_136_map.h5,27.8144,10,297,692,30.000000:337.500000,1350,True,21,14,1408,0.999977,27.684,0,0.0124201,1351 1351 1352 1409 1464 1408 1350 1349 1407 1406 1462 1463 1515 -1
GCP,adapt_p60-00000000000001_a0-0_134_map.h5,25.4613,10,81,1198,30.000000:0.000000,1294,False,236,11,1674,0.570005,24.0783,0,0.0181502,1772 1637 1674 1673 1706 1707 1734 1735 1708 1675 -1
GCP,adapt_p48-18968510422141_a33-75_4_map.h5,27.0053,10,91,403,41.810314:33.750000,1471,True,321,10,1470,0.838932,25.9793,0,0.0232946,1487 1523 1471 1417 1416 1415 1469 1470 1522 -1
GCP,adapt_p80-40593177313954_a67-5_21_map.h5,25.8442,10,347,1447,9.594069:67.500000,1047,True,14,13,1047,0.999996,25.8485,0,0.012619,980 980 1046 1112 1045 978 979 1047 1113 1114 1048 981 -1
GCP,adapt_p35-659087696138755_a135-0_596_map.h5,25.7933,10,334,1527,54.340912:135.000000,1583,True,20,12,1625,0.999794,24.3279,0,0.0125037,1583 1626 1625 1582 1581 1624 1662 1663 1664 1627 1583 -1
GCP,adapt_p60-00000000000001_a270-0_15_map.h5,26.536,10,170,1114,30.000000:270.000000,1339,True,58,12,1279,0.992927,24.6609,0,0.0128138,1398 1340 1280 1217 1216 1279 1278 1215 1277 1339 1338 -1
GCP,adapt_p60-00000000000001_a45-0_376_map.h5,26.587,10,160,1081,30.000000:45.000000,1301,False,55,12,1171,0.979599,24.4031,0,0.0128058,1296 1233 1234 1235 1236 1172 1171 1105 1104 1170 1169 -1
GCP,adapt_p35-659087696138755_a14-999999999999998_385_map.h5,28.8049,10,222,366,54.340912:15.000000,1568,True,25,14,1567,0.999953,27.7307,0,0.0128682,1520 1520 1519 1610 1650 1611 1567 1568 1521 1569 1613 1612 1651 -1
GCP,adapt_p80-40593177313954_a270-0_13_map.h5,26.8644,10,566,1135,9.594069:270.000000,1084,True,14,12,1084,0.99999,25.5105,0,0.0123751,1016 1084 1082 1015 1083 1149 1016 1017 1085 1151 1086 -1
GCP,adapt_p48-18968510422141_a258-75_516_map.h5,28.8713,10,443,371,41.810314:258.750000,1504,True,12,12,1504,0.999998,23.2474,0,0.0135344,1554 1554 1506 1555 1505 1453 1452 1504 1553 1503 1451 -1
GCP,adapt_p80-40593177313954_a202-49999999999997_106_map.h5,26.8164,10,541,1192,9.594069:202.500000,1072,True,13,13,1072,0.999999,25.8905,0,0.0124152,1137 1137 1138 1136 1070 1003 1071 1004 1072 1005 1073 1139 -1
GCP,adapt_p70-52877936550931_a348-74999999999994_466_map.h5,27.5918,10,152,816,19.471220:348.750000,1229,True,55,13,1229,0.97487,27.2314,0,0.0129694,1352 1291 1229 1230 1292 1228 1227 1290 1351 1350 1289 1288 -1
GCP,adapt_p80-40593177313954_a224-99999999999997_447_map.h5,28.8142,10,188,387,9.594069:225.000000,1076,True,23,13,1076,0.999849,25.1281,0,0.0125593,1008 1008 1009 1077 1143 1142 1076 1075 1141 1140 1074 1007 -1
GCP,adapt_p60-00000000000001_a337-49999999999994_291_map.h5,26.6991,10,104,1169,30.000000:337.500000,1350,True,34,13,1408,0.994262,25.6345,0,0.0127262,1290 1290 1350 1349 1407 1463 1516 1464 1408 1351 1409 1465 -1
GCP,adapt_p60-00000000000001_a224-99999999999997_480_map.h5,26.7451,10,206,1120,30.000000:225.000000,1331,True,31,13,1330,0.997929,25.9461,0,0.0136982,1387 1387 1328 1388 1389 1390 1331 1269 1268 1330 1329 1267 -1
GCP,adapt_p11-715852394892384_a135-0_101_map.h5,25.8738,10,520,1522,78.284149:135.000000,1770,True,10,10,1752,0.999999,17.7486,0,0.0129267,1727 1727 1728 1753 1771 1770 1752 1751 1726 -1
GCP,adapt_p70-52877936550931_a78-75_319_map.h5,26.8513,10,441,1148,19.471220:78.750000,1181,True,12,12,1181,0.999999,23.507,0,0.0125118,1115 1115 1180 1243 1179 1114 1181 1244 1245 1182 1116 -1
GCP,adapt_p60-00000000000001_a90-0_147_map.h5,25.4507,10,123,1442,30.000000:90.000000,1309,False,74,12,1307,0.907861,24.4667,0,0.0130988,1182 1245 1308 1367 1425 1424 1366 1307 1306 1180 1244 -1
GCP,adapt_p80-40593177313954_a202-49999999999997_359_map.h5,28.7332,10,154,368,9.594069:202.500000,1072,True,35,14,1137,0.99622,28.3451,0,0.0126306,1004 1004 1073 1139 1203 1138 1072 1071 1137 1202 1136 1070 1003 -1
GCP,adapt_p80-40593177313954_a45-0_334_map.h5,28.3916,10,43,421,9.594069:45.000000,1042,False,87,11,980,0.982401,26.7556,0,0.0131642,1374 1049 1048 981 1047 980 913 912 979 1046 -1
GCP,adapt_p11-715852394892384_a225-0_101_map.h5,27.8874,10,498,785,78.284149:225.000000,1774,True,10,10,1774,0.999999,17.8738,0,0.0124079,1757 1757 1756 1758 1775 1774 1773 1787 1788 -1
GCP,adapt_p70-52877936550931_a146-25_202_map.h5,25.8341,10,345,1521,19.471220:146.250000,1193,True,18,13,1193,0.999977,25.2512,0,0.0126881,1256 1256 1255 1192 1126 1193 1127 1061 1062 1128 1194 1257 -1
GCP,adapt_p60-00000000000001_a292-5_103_map.h5,28.6128,10,92,370,30.000000:292.500000,1343,True,57,14,1344,0.964909,28.2265,0,0.0130249,1400 1400 1281 1219 1282 1343 1401 1402 1344 1283 1220 1284 1345 -1
GCP,adapt_p70-52877936550931_a191-25_444_map.h5,26.8866,10,654,1110,19.471220:191.250000,1201,True,9,9,1201,0.999999,15.6832,0,0.0132143,1135 1135 1134 1200 1201 1136 1202 1137 -1
GCP,adapt_p70-52877936550931_a146-25_437_map.h5,27.8041,10,214,762,19.471220:146.250000,1193,True,21,13,1193,0.999928,27.0249,0,0.0126787,1127 1193 1256 1255 1192 1194 1257 1258 1195 1129 1128 1127 -1
GCP,adapt_p48-18968510422141_a33-75_167_map.h5,26.839,10,609,1138,41.810314:33.750000,1471,True,8,8,1417,0.999999,13.6195,0,0.0127544,1471 1471 1470 1416 1472 1418 1417 -1
GCP,adapt_p35-659087696138755_a45-0_583_map.h5,25.9078,10,128,1198,54.340912:45.000000,1572,False,159,12,1570,0.786172,24.8144,0,0.0148844,1298 1415 1414 1468 1469 1470 1522 1569 1570 1523 1571 -1
GCP,adapt_p23-556464309101234_a337-5_330_map.h5,28.7914,10,168,364,66.443535:337.500000,1716,True,23,14,1716,0.99962,27.617,0,0.0133312,1741 1741 1714 1740 1715 1683 1684 1716 1742 1743 1717 1685 1649 -1
