
$ /home/daisy/GRB-Search-Pipeline/search-planning/build/sp_train /home/daisy/GRB-Search-Pipeline/results/training/maps/longlow/adapt_p11-715852394892384_a135-0_0_map.h5 /home/daisy/GRB-Search-Pipeline/search-planning/tilings/tiling_files/2.5x2.5_tiling.csv 6695 10.0 10.0 5.0 0 /home/daisy/GRB-Search-Pipeline/results/training/longlow_searching_2.5x2.5_tiling.csv
Input Parameters:
  file        = /home/daisy/GRB-Search-Pipeline/results/training/maps/longlow/adapt_p11-715852394892384_a135-0_0_map.h5
  source_tile = 6695
  slew_rate   = 10
  dwell_time  = 5
  output      = /home/daisy/GRB-Search-Pipeline/results/training/longlow_searching_2.5x2.5_tiling.csv

source = [78.2841, 135], n_src_events = 130, n_bkg_events = 634
Loaded 1138 entries (unique=1138, duplicates=0, missing=48014, out_of_bounds=0, non-finite=0)
Sum(prob) over finite entries = 0.999994
init sum: 0.999994
num pixels: 49152
tile num: 6781
total tile prob: 0.999994
tiles with prob > 0: 202
total tile prob after trim: 0.999994
num tiles after trim: 202
init_pos: 6625
*********running GCP*********
total time (wallclock): 0.0391814 seconds

$ /home/daisy/GRB-Search-Pipeline/search-planning/build/sp_train /home/daisy/GRB-Search-Pipeline/results/training/maps/longlow/adapt_p11-715852394892384_a135-0_100_map.h5 /home/daisy/GRB-Search-Pipeline/search-planning/tilings/tiling_files/2.5x2.5_tiling.csv 6695 10.0 10.0 5.0 0 /home/daisy/GRB-Search-Pipeline/results/training/longlow_searching_2.5x2.5_tiling.csv
Input Parameters:
  file        = /home/daisy/GRB-Search-Pipeline/results/training/maps/longlow/adapt_p11-715852394892384_a135-0_100_map.h5
  source_tile = 6695
  slew_rate   = 10
  dwell_time  = 5
  output      = /home/daisy/GRB-Search-Pipeline/results/training/longlow_searching_2.5x2.5_tiling.csv

source = [78.2841, 135], n_src_events = 305, n_bkg_events = 714
Loaded 255 entries (unique=255, duplicates=0, missing=48897, out_of_bounds=0, non-finite=0)
Sum(prob) over finite entries = 0.999998
init sum: 0.999998
num pixels: 49152
tile num: 6781
total tile prob: 0.999998
tiles with prob > 0: 46
total tile prob after trim: 0.999998
num tiles after trim: 46
init_pos: 6620
*********running GCP*********
total time (wallclock): 0.0470385 seconds

$ /home/daisy/GRB-Search-Pipeline/search-planning/build/sp_train /home/daisy/GRB-Search-Pipeline/results/training/maps/longlow/adapt_p11-715852394892384_a135-0_101_map.h5 /home/daisy/GRB-Search-Pipeline/search-planning/tilings/tiling_files/2.5x2.5_tiling.csv 6695 10.0 10.0 5.0 0 /home/daisy/GRB-Search-Pipeline/results/training/longlow_searching_2.5x2.5_tiling.csv
Input Parameters:
  file        = /home/daisy/GRB-Search-Pipeline/results/training/maps/longlow/adapt_p11-715852394892384_a135-0_101_map.h5
  source_tile = 6695
  slew_rate   = 10
  dwell_time  = 5
  output      = /home/daisy/GRB-Search-Pipeline/results/training/longlow_searching_2.5x2.5_tiling.csv

source = [78.2841, 135], n_src_events = 522, n_bkg_events = 248
Loaded 110 entries (unique=110, duplicates=0, missing=49042, out_of_bounds=0, non-finite=0)
Sum(prob) over finite entries = 0.999999
init sum: 0.999999
num pixels: 49152
tile num: 6781
total tile prob: 0.999999
tiles with prob > 0: 25
total tile prob after trim: 0.999999
num tiles after trim: 25
init_pos: 6660
*********running GCP*********
total time (wallclock): 0.0337289 seconds

$ /home/daisy/GRB-Search-Pipeline/search-planning/build/sp_train /home/daisy/GRB-Search-Pipeline/results/training/maps/longlow/adapt_p11-715852394892384_a135-0_102_map.h5 /home/daisy/GRB-Search-Pipeline/search-planning/tilings/tiling_files/2.5x2.5_tiling.csv 6695 10.0 10.0 5.0 0 /home/daisy/GRB-Search-Pipeline/results/training/longlow_searching_2.5x2.5_tiling.csv
Input Parameters:
  file        = /home/daisy/GRB-Search-Pipeline/results/training/maps/longlow/adapt_p11-715852394892384_a135-0_102_map.h5
  source_tile = 6695
  slew_rate   = 10
  dwell_time  = 5
  output      = /home/daisy/GRB-Search-Pipeline/results/training/longlow_searching_2.5x2.5_tiling.csv

source = [78.2841, 135], n_src_events = 302, n_bkg_events = 1097
Loaded 238 entries (unique=238, duplicates=0, missing=48914, out_of_bounds=0, non-finite=0)
Sum(prob) over finite entries = 0.999999
init sum: 0.999999
num pixels: 49152
tile num: 6781
total tile prob: 0.999999
tiles with prob > 0: 46
total tile prob after trim: 0.999999
num tiles after trim: 46
init_pos: 6516
*********running GCP*********
total time (wallclock): 0.0531135 seconds

$ /home/daisy/GRB-Search-Pipeline/search-planning/build/sp_train /home/daisy/GRB-Search-Pipeline/results/training/maps/longlow/adapt_p11-715852394892384_a135-0_103_map.h5 /home/daisy/GRB-Search-Pipeline/search-planning/tilings/tiling_files/2.5x2.5_tiling.csv 6695 10.0 10.0 5.0 0 /home/daisy/GRB-Search-Pipeline/results/training/longlow_searching_2.5x2.5_tiling.csv
Input Parameters:
  file        = /home/daisy/GRB-Search-Pipeline/results/training/maps/longlow/adapt_p11-715852394892384_a135-0_103_map.h5
  source_tile = 6695
  slew_rate   = 10
  dwell_time  = 5
  output      = /home/daisy/GRB-Search-Pipeline/results/training/longlow_searching_2.5x2.5_tiling.csv

source = [78.2841, 135], n_src_events = 176, n_bkg_events = 371
Loaded 755 entries (unique=755, duplicates=0, missing=48397, out_of_bounds=0, non-finite=0)
Sum(prob) over finite entries = 0.999998
init sum: 0.999998
num pixels: 49152
tile num: 6781
total tile prob: 0.999998
tiles with prob > 0: 139
total tile prob after trim: 0.999998
num tiles after trim: 139
init_pos: 6571
*********running GCP*********
total time (wallclock): 0.0430106 seconds

$ /home/daisy/GRB-Search-Pipeline/search-planning/build/sp_train /home/daisy/GRB-Search-Pipeline/results/training/maps/longlow/adapt_p11-715852394892384_a135-0_104_map.h5 /home/daisy/GRB-Search-Pipeline/search-planning/tilings/tiling_files/2.5x2.5_tiling.csv 6695 10.0 10.0 5.0 0 /home/daisy/GRB-Search-Pipeline/results/training/longlow_searching_2.5x2.5_tiling.csv
Input Parameters:
  file        = /home/daisy/GRB-Search-Pipeline/results/training/maps/longlow/adapt_p11-715852394892384_a135-0_104_map.h5
  source_tile = 6695
  slew_rate   = 10
  dwell_time  = 5
  output      = /home/daisy/GRB-Search-Pipeline/results/training/longlow_searching_2.5x2.5_tiling.csv

source = [78.2841, 135], n_src_events = 331, n_bkg_events = 388
Loaded 227 entries (unique=227, duplicates=0, missing=48925, out_of_bounds=0, non-finite=0)
Sum(prob) over finite entries = 0.999997
init sum: 0.999997
num pixels: 49152
tile num: 6781
total tile prob: 0.999997
tiles with prob > 0: 45
total tile prob after trim: 0.999997
num tiles after trim: 45
init_pos: 6574
*********running GCP*********
total time (wallclock): 0.0338349 seconds

$ /home/daisy/GRB-Search-Pipeline/search-planning/build/sp_train /home/daisy/GRB-Search-Pipeline/results/training/maps/longlow/adapt_p11-715852394892384_a135-0_105_map.h5 /home/daisy/GRB-Search-Pipeline/search-planning/tilings/tiling_files/2.5x2.5_tiling.csv 6695 10.0 10.0 5.0 0 /home/daisy/GRB-Search-Pipeline/results/training/longlow_searching_2.5x2.5_tiling.csv
Input Parameters:
  file        = /home/daisy/GRB-Search-Pipeline/results/training/maps/longlow/adapt_p11-715852394892384_a135-0_105_map.h5
  source_tile = 6695
  slew_rate   = 10
  dwell_time  = 5
  output      = /home/daisy/GRB-Search-Pipeline/results/training/longlow_searching_2.5x2.5_tiling.csv

source = [78.2841, 135], n_src_events = 463, n_bkg_events = 866
Loaded 156 entries (unique=156, duplicates=0, missing=48996, out_of_bounds=0, non-finite=0)
Sum(prob) over finite entries = 0.999999
init sum: 0.999999
num pixels: 49152
tile num: 6781
total tile prob: 0.999999
tiles with prob > 0: 33
total tile prob after trim: 0.999999
num tiles after trim: 33
init_pos: 6747
*********running GCP*********
total time (wallclock): 0.0336699 seconds

$ /home/daisy/GRB-Search-Pipeline/search-planning/build/sp_train /home/daisy/GRB-Search-Pipeline/results/training/maps/longlow/adapt_p11-715852394892384_a135-0_106_map.h5 /home/daisy/GRB-Search-Pipeline/search-planning/tilings/tiling_files/2.5x2.5_tiling.csv 6695 10.0 10.0 5.0 0 /home/daisy/GRB-Search-Pipeline/results/training/longlow_searching_2.5x2.5_tiling.csv
Input Parameters:
  file        = /home/daisy/GRB-Search-Pipeline/results/training/maps/longlow/adapt_p11-715852394892384_a135-0_106_map.h5
  source_tile = 6695
  slew_rate   = 10
  dwell_time  = 5
  output      = /home/daisy/GRB-Search-Pipeline/results/training/longlow_searching_2.5x2.5_tiling.csv

source = [78.2841, 135], n_src_events = 372, n_bkg_events = 719
Loaded 145 entries (unique=145, duplicates=0, missing=49007, out_of_bounds=0, non-finite=0)
Sum(prob) over finite entries = 0.999999
init sum: 0.999999
num pixels: 49152
tile num: 6781
total tile prob: 0.999999
tiles with prob > 0: 28
total tile prob after trim: 0.999999
num tiles after trim: 28
init_pos: 6621
*********running GCP*********
total time (wallclock): 0.0342114 seconds

$ /home/daisy/GRB-Search-Pipeline/search-planning/build/sp_train /home/daisy/GRB-Search-Pipeline/results/training/maps/longlow/adapt_p11-715852394892384_a135-0_107_map.h5 /home/daisy/GRB-Search-Pipeline/search-planning/tilings/tiling_files/2.5x2.5_tiling.csv 6695 10.0 10.0 5.0 0 /home/daisy/GRB-Search-Pipeline/results/training/longlow_searching_2.5x2.5_tiling.csv
Input Parameters:
  file        = /home/daisy/GRB-Search-Pipeline/results/training/maps/longlow/adapt_p11-715852394892384_a135-0_107_map.h5
  source_tile = 6695
  slew_rate   = 10
  dwell_time  = 5
  output      = /home/daisy/GRB-Search-Pipeline/results/training/longlow_searching_2.5x2.5_tiling.csv

source = [78.2841, 135], n_src_events = 141, n_bkg_events = 217
Loaded 411 entries (unique=411, duplicates=0, missing=48741, out_of_bounds=0, non-finite=0)
Sum(prob) over finite entries = 0.999998
init sum: 0.999998
num pixels: 49152
tile num: 6781
total tile prob: 0.999998
tiles with prob > 0: 70
total tile prob after trim: 0.999998
num tiles after trim: 70
init_pos: 6662
*********running GCP*********
total time (wallclock): 0.0624617 seconds

$ /home/daisy/GRB-Search-Pipeline/search-planning/build/sp_train /home/daisy/GRB-Search-Pipeline/results/training/maps/longlow/adapt_p11-715852394892384_a135-0_108_map.h5 /home/daisy/GRB-Search-Pipeline/search-planning/tilings/tiling_files/2.5x2.5_tiling.csv 6695 10.0 10.0 5.0 0 /home/daisy/GRB-Search-Pipeline/results/training/longlow_searching_2.5x2.5_tiling.csv
Input Parameters:
  file        = /home/daisy/GRB-Search-Pipeline/results/training/maps/longlow/adapt_p11-715852394892384_a135-0_108_map.h5
  source_tile = 6695
  slew_rate   = 10
  dwell_time  = 5
  output      = /home/daisy/GRB-Search-Pipeline/results/training/longlow_searching_2.5x2.5_tiling.csv

source = [78.2841, 135], n_src_events = 768, n_bkg_events = 683
Loaded 52 entries (unique=52, duplicates=0, missing=49100, out_of_bounds=0, non-finite=0)
Sum(prob) over finite entries = 0.999999
init sum: 0.999999
num pixels: 49152
tile num: 6781
total tile prob: 0.999999
tiles with prob > 0: 13
total tile prob after trim: 0.999999
num tiles after trim: 13
init_pos: 6660
*********running GCP*********
total time (wallclock): 0.0314032 seconds

$ /home/daisy/GRB-Search-Pipeline/search-planning/build/sp_train /home/daisy/GRB-Search-Pipeline/results/training/maps/longlow/adapt_p11-715852394892384_a135-0_109_map.h5 /home/daisy/GRB-Search-Pipeline/search-planning/tilings/tiling_files/2.5x2.5_tiling.csv 6695 10.0 10.0 5.0 0 /home/daisy/GRB-Search-Pipeline/results/training/longlow_searching_2.5x2.5_tiling.csv
Input Parameters:
  file        = /home/daisy/GRB-Search-Pipeline/results/training/maps/longlow/adapt_p11-715852394892384_a135-0_109_map.h5
  source_tile = 6695
  slew_rate   = 10
  dwell_time  = 5
  output      = /home/daisy/GRB-Search-Pipeline/results/training/longlow_searching_2.5x2.5_tiling.csv

source = [78.2841, 135], n_src_events = 550, n_bkg_events = 637
Loaded 73 entries (unique=73, duplicates=0, missing=49079, out_of_bounds=0, non-finite=0)
Sum(prob) over finite entries = 0.999999
init sum: 0.999999
num pixels: 49152
tile num: 6781
total tile prob: 0.999999
tiles with prob > 0: 15
total tile prob after trim: 0.999999
num tiles after trim: 15
init_pos: 6620
*********running GCP*********
total time (wallclock): 0.0355443 seconds

$ /home/daisy/GRB-Search-Pipeline/search-planning/build/sp_train /home/daisy/GRB-Search-Pipeline/results/training/maps/longlow/adapt_p11-715852394892384_a135-0_10_map.h5 /home/daisy/GRB-Search-Pipeline/search-planning/tilings/tiling_files/2.5x2.5_tiling.csv 6695 10.0 10.0 5.0 0 /home/daisy/GRB-Search-Pipeline/results/training/longlow_searching_2.5x2.5_tiling.csv
Input Parameters:
  file        = /home/daisy/GRB-Search-Pipeline/results/training/maps/longlow/adapt_p11-715852394892384_a135-0_10_map.h5
  source_tile = 6695
  slew_rate   = 10
  dwell_time  = 5
  output      = /home/daisy/GRB-Search-Pipeline/results/training/longlow_searching_2.5x2.5_tiling.csv

source = [78.2841, 135], n_src_events = 655, n_bkg_events = 607
Loaded 77 entries (unique=77, duplicates=0, missing=49075, out_of_bounds=0, non-finite=0)
Sum(prob) over finite entries = 0.999998
init sum: 0.999998
num pixels: 49152
tile num: 6781
total tile prob: 0.999998
tiles with prob > 0: 18
total tile prob after trim: 0.999998
num tiles after trim: 18
init_pos: 6660
*********running GCP*********
total time (wallclock): 0.0338582 seconds

$ /home/daisy/GRB-Search-Pipeline/search-planning/build/sp_train /home/daisy/GRB-Search-Pipeline/results/training/maps/longlow/adapt_p11-715852394892384_a135-0_110_map.h5 /home/daisy/GRB-Search-Pipeline/search-planning/tilings/tiling_files/2.5x2.5_tiling.csv 6695 10.0 10.0 5.0 0 /home/daisy/GRB-Search-Pipeline/results/training/longlow_searching_2.5x2.5_tiling.csv
Input Parameters:
  file        = /home/daisy/GRB-Search-Pipeline/results/training/maps/longlow/adapt_p11-715852394892384_a135-0_110_map.h5
  source_tile = 6695
  slew_rate   = 10
  dwell_time  = 5
  output      = /home/daisy/GRB-Search-Pipeline/results/training/longlow_searching_2.5x2.5_tiling.csv

source = [78.2841, 135], n_src_events = 554, n_bkg_events = 454
Loaded 71 entries (unique=71, duplicates=0, missing=49081, out_of_bounds=0, non-finite=0)
Sum(prob) over finite entries = 0.999999
init sum: 0.999999
num pixels: 49152
tile num: 6781
total tile prob: 0.999999
tiles with prob > 0: 16
total tile prob after trim: 0.999999
num tiles after trim: 16
init_pos: 6658
*********running GCP*********
total time (wallclock): 0.0332551 seconds

$ /home/daisy/GRB-Search-Pipeline/search-planning/build/sp_train /home/daisy/GRB-Search-Pipeline/results/training/maps/longlow/adapt_p11-715852394892384_a135-0_111_map.h5 /home/daisy/GRB-Search-Pipeline/search-planning/tilings/tiling_files/2.5x2.5_tiling.csv 6695 10.0 10.0 5.0 0 /home/daisy/GRB-Search-Pipeline/results/training/longlow_searching_2.5x2.5_tiling.csv
Input Parameters:
  file        = /home/daisy/GRB-Search-Pipeline/results/training/maps/longlow/adapt_p11-715852394892384_a135-0_111_map.h5
  source_tile = 6695
  slew_rate   = 10
  dwell_time  = 5
  output      = /home/daisy/GRB-Search-Pipeline/results/training/longlow_searching_2.5x2.5_tiling.csv

source = [78.2841, 135], n_src_events = 121, n_bkg_events = 1023
Loaded 2189 entries (unique=2189, duplicates=0, missing=46963, out_of_bounds=0, non-finite=0)
Sum(prob) over finite entries = 0.999993
init sum: 0.999993
num pixels: 49152
tile num: 6781
total tile prob: 0.999993
tiles with prob > 0: 353
total tile prob after trim: 0.999993
num tiles after trim: 353
init_pos: 6455
*********running GCP*********
total time (wallclock): 0.807296 seconds

$ /home/daisy/GRB-Search-Pipeline/search-planning/build/sp_train /home/daisy/GRB-Search-Pipeline/results/training/maps/longlow/adapt_p11-715852394892384_a135-0_112_map.h5 /home/daisy/GRB-Search-Pipeline/search-planning/tilings/tiling_files/2.5x2.5_tiling.csv 6695 10.0 10.0 5.0 0 /home/daisy/GRB-Search-Pipeline/results/training/longlow_searching_2.5x2.5_tiling.csv
Input Parameters:
  file        = /home/daisy/GRB-Search-Pipeline/results/training/maps/longlow/adapt_p11-715852394892384_a135-0_112_map.h5
  source_tile = 6695
  slew_rate   = 10
  dwell_time  = 5
  output      = /home/daisy/GRB-Search-Pipeline/results/training/longlow_searching_2.5x2.5_tiling.csv

source = [78.2841, 135], n_src_events = 408, n_bkg_events = 574
Loaded 125 entries (unique=125, duplicates=0, missing=49027, out_of_bounds=0, non-finite=0)
Sum(prob) over finite entries = 0.999999
init sum: 0.999999
num pixels: 49152
tile num: 6781
total tile prob: 0.999999
tiles with prob > 0: 26
total tile prob after trim: 0.999999
num tiles after trim: 26
init_pos: 6725
*********running GCP*********
total time (wallclock): 0.0318369 seconds

$ /home/daisy/GRB-Search-Pipeline/search-planning/build/sp_train /home/daisy/GRB-Search-Pipeline/results/training/maps/longlow/adapt_p11-715852394892384_a135-0_113_map.h5 /home/daisy/GRB-Search-Pipeline/search-planning/tilings/tiling_files/2.5x2.5_tiling.csv 6695 10.0 10.0 5.0 0 /home/daisy/GRB-Search-Pipeline/results/training/longlow_searching_2.5x2.5_tiling.csv
Input Parameters:
  file        = /home/daisy/GRB-Search-Pipeline/results/training/maps/longlow/adapt_p11-715852394892384_a135-0_113_map.h5
  source_tile = 6695
  slew_rate   = 10
  dwell_time  = 5
  output      = /home/daisy/GRB-Search-Pipeline/results/training/longlow_searching_2.5x2.5_tiling.csv

source = [78.2841, 135], n_src_events = 785, n_bkg_events = 899
Loaded 53 entries (unique=53, duplicates=0, missing=49099, out_of_bounds=0, non-finite=0)
Sum(prob) over finite entries = 0.999999
init sum: 0.999999
num pixels: 49152
tile num: 6781
total tile prob: 0.999999
tiles with prob > 0: 14
total tile prob after trim: 0.999999
num tiles after trim: 14
init_pos: 6696
*********running GCP*********
total time (wallclock): 0.0323832 seconds

$ /home/daisy/GRB-Search-Pipeline/search-planning/build/sp_train /home/daisy/GRB-Search-Pipeline/results/training/maps/longlow/adapt_p11-715852394892384_a135-0_114_map.h5 /home/daisy/GRB-Search-Pipeline/search-planning/tilings/tiling_files/2.5x2.5_tiling.csv 6695 10.0 10.0 5.0 0 /home/daisy/GRB-Search-Pipeline/results/training/longlow_searching_2.5x2.5_tiling.csv
Input Parameters:
  file        = /home/daisy/GRB-Search-Pipeline/results/training/maps/longlow/adapt_p11-715852394892384_a135-0_114_map.h5
  source_tile = 6695
  slew_rate   = 10
  dwell_time  = 5
  output      = /home/daisy/GRB-Search-Pipeline/results/training/longlow_searching_2.5x2.5_tiling.csv

source = [78.2841, 135], n_src_events = 364, n_bkg_events = 640
Loaded 211 entries (unique=211, duplicates=0, missing=48941, out_of_bounds=0, non-finite=0)
Sum(prob) over finite entries = 0.999999
init sum: 0.999999
num pixels: 49152
tile num: 6781
total tile prob: 0.999999
tiles with prob > 0: 43
total tile prob after trim: 0.999999
num tiles after trim: 43
init_pos: 6616
*********running GCP*********
total time (wallclock): 0.0343244 seconds

$ /home/daisy/GRB-Search-Pipeline/search-planning/build/sp_train /home/daisy/GRB-Search-Pipeline/results/training/maps/longlow/adapt_p11-715852394892384_a135-0_115_map.h5 /home/daisy/GRB-Search-Pipeline/search-planning/tilings/tiling_files/2.5x2.5_tiling.csv 6695 10.0 10.0 5.0 0 /home/daisy/GRB-Search-Pipeline/results/training/longlow_searching_2.5x2.5_tiling.csv
Input Parameters:
  file        = /home/daisy/GRB-Search-Pipeline/results/training/maps/longlow/adapt_p11-715852394892384_a135-0_115_map.h5
  source_tile = 6695
  slew_rate   = 10
  dwell_time  = 5
  output      = /home/daisy/GRB-Search-Pipeline/results/training/longlow_searching_2.5x2.5_tiling.csv

source = [78.2841, 135], n_src_events = 344, n_bkg_events = 1003
Loaded 262 entries (unique=262, duplicates=0, missing=48890, out_of_bounds=0, non-finite=0)
Sum(prob) over finite entries = 0.999998
init sum: 0.999998
num pixels: 49152
tile num: 6781
total tile prob: 0.999998
tiles with prob > 0: 51
total tile prob after trim: 0.999998
num tiles after trim: 51
init_pos: 6694
*********running GCP*********
total time (wallclock): 0.032769 seconds

$ /home/daisy/GRB-Search-Pipeline/search-planning/build/sp_train /home/daisy/GRB-Search-Pipeline/results/training/maps/longlow/adapt_p11-715852394892384_a135-0_116_map.h5 /home/daisy/GRB-Search-Pipeline/search-planning/tilings/tiling_files/2.5x2.5_tiling.csv 6695 10.0 10.0 5.0 0 /home/daisy/GRB-Search-Pipeline/results/training/longlow_searching_2.5x2.5_tiling.csv
Input Parameters:
  file        = /home/daisy/GRB-Search-Pipeline/results/training/maps/longlow/adapt_p11-715852394892384_a135-0_116_map.h5
  source_tile = 6695
  slew_rate   = 10
  dwell_time  = 5
  output      = /home/daisy/GRB-Search-Pipeline/results/training/longlow_searching_2.5x2.5_tiling.csv

source = [78.2841, 135], n_src_events = 516, n_bkg_events = 492
Loaded 76 entries (unique=76, duplicates=0, missing=49076, out_of_bounds=0, non-finite=0)
Sum(prob) over finite entries = 0.999997
init sum: 0.999997
num pixels: 49152
tile num: 6781
total tile prob: 0.999997
tiles with prob > 0: 18
total tile prob after trim: 0.999997
num tiles after trim: 18
init_pos: 6662
*********running GCP*********
total time (wallclock): 0.0331015 seconds

$ /home/daisy/GRB-Search-Pipeline/search-planning/build/sp_train /home/daisy/GRB-Search-Pipeline/results/training/maps/longlow/adapt_p11-715852394892384_a135-0_117_map.h5 /home/daisy/GRB-Search-Pipeline/search-planning/tilings/tiling_files/2.5x2.5_tiling.csv 6695 10.0 10.0 5.0 0 /home/daisy/GRB-Search-Pipeline/results/training/longlow_searching_2.5x2.5_tiling.csv
Input Parameters:
  file        = /home/daisy/GRB-Search-Pipeline/results/training/maps/longlow/adapt_p11-715852394892384_a135-0_117_map.h5
  source_tile = 6695
  slew_rate   = 10
  dwell_time  = 5
  output      = /home/daisy/GRB-Search-Pipeline/results/training/longlow_searching_2.5x2.5_tiling.csv

source = [78.2841, 135], n_src_events = 227, n_bkg_events = 371
Loaded 281 entries (unique=281, duplicates=0, missing=48871, out_of_bounds=0, non-finite=0)
Sum(prob) over finite entries = 0.999998
init sum: 0.999998
num pixels: 49152
tile num: 6781
total tile prob: 0.999998
tiles with prob > 0: 52
total tile prob after trim: 0.999998
num tiles after trim: 52
init_pos: 6573
*********running GCP*********
total time (wallclock): 0.0350052 seconds

$ /home/daisy/GRB-Search-Pipeline/search-planning/build/sp_train /home/daisy/GRB-Search-Pipeline/results/training/maps/longlow/adapt_p11-715852394892384_a135-0_118_map.h5 /home/daisy/GRB-Search-Pipeline/search-planning/tilings/tiling_files/2.5x2.5_tiling.csv 6695 10.0 10.0 5.0 0 /home/daisy/GRB-Search-Pipeline/results/training/longlow_searching_2.5x2.5_tiling.csv
Input Parameters:
  file        = /home/daisy/GRB-Search-Pipeline/results/training/maps/longlow/adapt_p11-715852394892384_a135-0_118_map.h5
  source_tile = 6695
  slew_rate   = 10
  dwell_time  = 5
  output      = /home/daisy/GRB-Search-Pipeline/results/training/longlow_searching_2.5x2.5_tiling.csv

source = [78.2841, 135], n_src_events = 313, n_bkg_events = 1020
Loaded 272 entries (unique=272, duplicates=0, missing=48880, out_of_bounds=0, non-finite=0)
Sum(prob) over finite entries = 0.999998
init sum: 0.999998
num pixels: 49152
tile num: 6781
total tile prob: 0.999998
tiles with prob > 0: 52
total tile prob after trim: 0.999998
num tiles after trim: 52
init_pos: 6571
*********running GCP*********
total time (wallclock): 0.0350108 seconds

$ /home/daisy/GRB-Search-Pipeline/search-planning/build/sp_train /home/daisy/GRB-Search-Pipeline/results/training/maps/longlow/adapt_p11-715852394892384_a135-0_119_map.h5 /home/daisy/GRB-Search-Pipeline/search-planning/tilings/tiling_files/2.5x2.5_tiling.csv 6695 10.0 10.0 5.0 0 /home/daisy/GRB-Search-Pipeline/results/training/longlow_searching_2.5x2.5_tiling.csv
Input Parameters:
  file        = /home/daisy/GRB-Search-Pipeline/results/training/maps/longlow/adapt_p11-715852394892384_a135-0_119_map.h5
  source_tile = 6695
  slew_rate   = 10
  dwell_time  = 5
  output      = /home/daisy/GRB-Search-Pipeline/results/training/longlow_searching_2.5x2.5_tiling.csv

source = [78.2841, 135], n_src_events = 338, n_bkg_events = 741
Loaded 190 entries (unique=190, duplicates=0, missing=48962, out_of_bounds=0, non-finite=0)
Sum(prob) over finite entries = 0.999998
init sum: 0.999998
num pixels: 49152
tile num: 6781
total tile prob: 0.999998
tiles with prob > 0: 36
total tile prob after trim: 0.999998
num tiles after trim: 36
init_pos: 6659
*********running GCP*********
total time (wallclock): 0.0345767 seconds

$ /home/daisy/GRB-Search-Pipeline/search-planning/build/sp_train /home/daisy/GRB-Search-Pipeline/results/training/maps/longlow/adapt_p11-715852394892384_a135-0_11_map.h5 /home/daisy/GRB-Search-Pipeline/search-planning/tilings/tiling_files/2.5x2.5_tiling.csv 6695 10.0 10.0 5.0 0 /home/daisy/GRB-Search-Pipeline/results/training/longlow_searching_2.5x2.5_tiling.csv
Input Parameters:
  file        = /home/daisy/GRB-Search-Pipeline/results/training/maps/longlow/adapt_p11-715852394892384_a135-0_11_map.h5
  source_tile = 6695
  slew_rate   = 10
  dwell_time  = 5
  output      = /home/daisy/GRB-Search-Pipeline/results/training/longlow_searching_2.5x2.5_tiling.csv

source = [78.2841, 135], n_src_events = 739, n_bkg_events = 977
Loaded 58 entries (unique=58, duplicates=0, missing=49094, out_of_bounds=0, non-finite=0)
Sum(prob) over finite entries = 0.999999
init sum: 0.999999
num pixels: 49152
tile num: 6781
total tile prob: 0.999999
tiles with prob > 0: 15
total tile prob after trim: 0.999999
num tiles after trim: 15
init_pos: 6617
*********running GCP*********
total time (wallclock): 0.0346954 seconds

$ /home/daisy/GRB-Search-Pipeline/search-planning/build/sp_train /home/daisy/GRB-Search-Pipeline/results/training/maps/longlow/adapt_p11-715852394892384_a135-0_120_map.h5 /home/daisy/GRB-Search-Pipeline/search-planning/tilings/tiling_files/2.5x2.5_tiling.csv 6695 10.0 10.0 5.0 0 /home/daisy/GRB-Search-Pipeline/results/training/longlow_searching_2.5x2.5_tiling.csv
Input Parameters:
  file        = /home/daisy/GRB-Search-Pipeline/results/training/maps/longlow/adapt_p11-715852394892384_a135-0_120_map.h5
  source_tile = 6695
  slew_rate   = 10
  dwell_time  = 5
  output      = /home/daisy/GRB-Search-Pipeline/results/training/longlow_searching_2.5x2.5_tiling.csv

source = [78.2841, 135], n_src_events = 816, n_bkg_events = 328
Loaded 50 entries (unique=50, duplicates=0, missing=49102, out_of_bounds=0, non-finite=0)
Sum(prob) over finite entries = 0.999999
init sum: 0.999999
num pixels: 49152
tile num: 6781
total tile prob: 0.999999
tiles with prob > 0: 14
total tile prob after trim: 0.999999
num tiles after trim: 14
init_pos: 6659
*********running GCP*********
total time (wallclock): 0.0313543 seconds

$ /home/daisy/GRB-Search-Pipeline/search-planning/build/sp_train /home/daisy/GRB-Search-Pipeline/results/training/maps/longlow/adapt_p11-715852394892384_a135-0_121_map.h5 /home/daisy/GRB-Search-Pipeline/search-planning/tilings/tiling_files/2.5x2.5_tiling.csv 6695 10.0 10.0 5.0 0 /home/daisy/GRB-Search-Pipeline/results/training/longlow_searching_2.5x2.5_tiling.csv
Input Parameters:
  file        = /home/daisy/GRB-Search-Pipeline/results/training/maps/longlow/adapt_p11-715852394892384_a135-0_121_map.h5
  source_tile = 6695
  slew_rate   = 10
  dwell_time  = 5
  output      = /home/daisy/GRB-Search-Pipeline/results/training/longlow_searching_2.5x2.5_tiling.csv

source = [78.2841, 135], n_src_events = 675, n_bkg_events = 397
Loaded 48 entries (unique=48, duplicates=0, missing=49104, out_of_bounds=0, non-finite=0)
Sum(prob) over finite entries = 0.999999
init sum: 0.999999
num pixels: 49152
tile num: 6781
total tile prob: 0.999999
tiles with prob > 0: 11
total tile prob after trim: 0.999999
num tiles after trim: 11
init_pos: 6662
*********running GCP*********
total time (wallclock): 0.0331167 seconds

$ /home/daisy/GRB-Search-Pipeline/search-planning/build/sp_train /home/daisy/GRB-Search-Pipeline/results/training/maps/longlow/adapt_p11-715852394892384_a135-0_122_map.h5 /home/daisy/GRB-Search-Pipeline/search-planning/tilings/tiling_files/2.5x2.5_tiling.csv 6695 10.0 10.0 5.0 0 /home/daisy/GRB-Search-Pipeline/results/training/longlow_searching_2.5x2.5_tiling.csv
Input Parameters:
  file        = /home/daisy/GRB-Search-Pipeline/results/training/maps/longlow/adapt_p11-715852394892384_a135-0_122_map.h5
  source_tile = 6695
  slew_rate   = 10
  dwell_time  = 5
  output      = /home/daisy/GRB-Search-Pipeline/results/training/longlow_searching_2.5x2.5_tiling.csv

source = [78.2841, 135], n_src_events = 532, n_bkg_events = 601
Loaded 82 entries (unique=82, duplicates=0, missing=49070, out_of_bounds=0, non-finite=0)
Sum(prob) over finite entries = 0.999999
init sum: 0.999999
num pixels: 49152
tile num: 6781
total tile prob: 0.999999
tiles with prob > 0: 20
total tile prob after trim: 0.999999
num tiles after trim: 20
init_pos: 6725
*********running GCP*********
total time (wallclock): 0.0314004 seconds

$ /home/daisy/GRB-Search-Pipeline/search-planning/build/sp_train /home/daisy/GRB-Search-Pipeline/results/training/maps/longlow/adapt_p11-715852394892384_a135-0_123_map.h5 /home/daisy/GRB-Search-Pipeline/search-planning/tilings/tiling_files/2.5x2.5_tiling.csv 6695 10.0 10.0 5.0 0 /home/daisy/GRB-Search-Pipeline/results/training/longlow_searching_2.5x2.5_tiling.csv
Input Parameters:
  file        = /home/daisy/GRB-Search-Pipeline/results/training/maps/longlow/adapt_p11-715852394892384_a135-0_123_map.h5
  source_tile = 6695
  slew_rate   = 10
  dwell_time  = 5
  output      = /home/daisy/GRB-Search-Pipeline/results/training/longlow_searching_2.5x2.5_tiling.csv

source = [78.2841, 135], n_src_events = 671, n_bkg_events = 776
Loaded 65 entries (unique=65, duplicates=0, missing=49087, out_of_bounds=0, non-finite=0)
Sum(prob) over finite entries = 0.999999
init sum: 0.999999
num pixels: 49152
tile num: 6781
total tile prob: 0.999999
tiles with prob > 0: 16
total tile prob after trim: 0.999999
num tiles after trim: 16
init_pos: 6619
*********running GCP*********
total time (wallclock): 0.0338784 seconds

$ /home/daisy/GRB-Search-Pipeline/search-planning/build/sp_train /home/daisy/GRB-Search-Pipeline/results/training/maps/longlow/adapt_p11-715852394892384_a135-0_124_map.h5 /home/daisy/GRB-Search-Pipeline/search-planning/tilings/tiling_files/2.5x2.5_tiling.csv 6695 10.0 10.0 5.0 0 /home/daisy/GRB-Search-Pipeline/results/training/longlow_searching_2.5x2.5_tiling.csv
Input Parameters:
  file        = /home/daisy/GRB-Search-Pipeline/results/training/maps/longlow/adapt_p11-715852394892384_a135-0_124_map.h5
  source_tile = 6695
  slew_rate   = 10
  dwell_time  = 5
  output      = /home/daisy/GRB-Search-Pipeline/results/training/longlow_searching_2.5x2.5_tiling.csv

source = [78.2841, 135], n_src_events = 671, n_bkg_events = 845
Loaded 85 entries (unique=85, duplicates=0, missing=49067, out_of_bounds=0, non-finite=0)
Sum(prob) over finite entries = 0.999999
init sum: 0.999999
num pixels: 49152
tile num: 6781
total tile prob: 0.999999
tiles with prob > 0: 18
total tile prob after trim: 0.999999
num tiles after trim: 18
init_pos: 6617
*********running GCP*********
total time (wallclock): 0.0320966 seconds

$ /home/daisy/GRB-Search-Pipeline/search-planning/build/sp_train /home/daisy/GRB-Search-Pipeline/results/training/maps/longlow/adapt_p11-715852394892384_a135-0_125_map.h5 /home/daisy/GRB-Search-Pipeline/search-planning/tilings/tiling_files/2.5x2.5_tiling.csv 6695 10.0 10.0 5.0 0 /home/daisy/GRB-Search-Pipeline/results/training/longlow_searching_2.5x2.5_tiling.csv
Input Parameters:
  file        = /home/daisy/GRB-Search-Pipeline/results/training/maps/longlow/adapt_p11-715852394892384_a135-0_125_map.h5
  source_tile = 6695
  slew_rate   = 10
  dwell_time  = 5
  output      = /home/daisy/GRB-Search-Pipeline/results/training/longlow_searching_2.5x2.5_tiling.csv

source = [78.2841, 135], n_src_events = 675, n_bkg_events = 325
Loaded 79 entries (unique=79, duplicates=0, missing=49073, out_of_bounds=0, non-finite=0)
Sum(prob) over finite entries = 0.999999
init sum: 0.999999
num pixels: 49152
tile num: 6781
total tile prob: 0.999999
tiles with prob > 0: 18
total tile prob after trim: 0.999999
num tiles after trim: 18
init_pos: 6696
*********running GCP*********
total time (wallclock): 0.0314193 seconds

$ /home/daisy/GRB-Search-Pipeline/search-planning/build/sp_train /home/daisy/GRB-Search-Pipeline/results/training/maps/longlow/adapt_p11-715852394892384_a135-0_126_map.h5 /home/daisy/GRB-Search-Pipeline/search-planning/tilings/tiling_files/2.5x2.5_tiling.csv 6695 10.0 10.0 5.0 0 /home/daisy/GRB-Search-Pipeline/results/training/longlow_searching_2.5x2.5_tiling.csv
Input Parameters:
  file        = /home/daisy/GRB-Search-Pipeline/results/training/maps/longlow/adapt_p11-715852394892384_a135-0_126_map.h5
  source_tile = 6695
  slew_rate   = 10
  dwell_time  = 5
  output      = /home/daisy/GRB-Search-Pipeline/results/training/longlow_searching_2.5x2.5_tiling.csv

source = [78.2841, 135], n_src_events = 97, n_bkg_events = 257
Loaded 716 entries (unique=716, duplicates=0, missing=48436, out_of_bounds=0, non-finite=0)
Sum(prob) over finite entries = 0.999998
init sum: 0.999998
num pixels: 49152
tile num: 6781
total tile prob: 0.999998
tiles with prob > 0: 128
total tile prob after trim: 0.999998
num tiles after trim: 128
init_pos: 6620
*********running GCP*********
total time (wallclock): 0.0346528 seconds

$ /home/daisy/GRB-Search-Pipeline/search-planning/build/sp_train /home/daisy/GRB-Search-Pipeline/results/training/maps/longlow/adapt_p11-715852394892384_a135-0_127_map.h5 /home/daisy/GRB-Search-Pipeline/search-planning/tilings/tiling_files/2.5x2.5_tiling.csv 6695 10.0 10.0 5.0 0 /home/daisy/GRB-Search-Pipeline/results/training/longlow_searching_2.5x2.5_tiling.csv
Input Parameters:
  file        = /home/daisy/GRB-Search-Pipeline/results/training/maps/longlow/adapt_p11-715852394892384_a135-0_127_map.h5
  source_tile = 6695
  slew_rate   = 10
  dwell_time  = 5
  output      = /home/daisy/GRB-Search-Pipeline/results/training/longlow_searching_2.5x2.5_tiling.csv

source = [78.2841, 135], n_src_events = 318, n_bkg_events = 869
Loaded 342 entries (unique=342, duplicates=0, missing=48810, out_of_bounds=0, non-finite=0)
Sum(prob) over finite entries = 0.999998
init sum: 0.999998
num pixels: 49152
tile num: 6781
total tile prob: 0.999998
tiles with prob > 0: 61
total tile prob after trim: 0.999998
num tiles after trim: 61
init_pos: 6622
*********running GCP*********
total time (wallclock): 0.0666545 seconds

$ /home/daisy/GRB-Search-Pipeline/search-planning/build/sp_train /home/daisy/GRB-Search-Pipeline/results/training/maps/longlow/adapt_p11-715852394892384_a135-0_128_map.h5 /home/daisy/GRB-Search-Pipeline/search-planning/tilings/tiling_files/2.5x2.5_tiling.csv 6695 10.0 10.0 5.0 0 /home/daisy/GRB-Search-Pipeline/results/training/longlow_searching_2.5x2.5_tiling.csv
Input Parameters:
  file        = /home/daisy/GRB-Search-Pipeline/results/training/maps/longlow/adapt_p11-715852394892384_a135-0_128_map.h5
  source_tile = 6695
  slew_rate   = 10
  dwell_time  = 5
  output      = /home/daisy/GRB-Search-Pipeline/results/training/longlow_searching_2.5x2.5_tiling.csv

source = [78.2841, 135], n_src_events = 698, n_bkg_events = 386
Loaded 67 entries (unique=67, duplicates=0, missing=49085, out_of_bounds=0, non-finite=0)
Sum(prob) over finite entries = 0.999999
init sum: 0.999999
num pixels: 49152
tile num: 6781
total tile prob: 0.999999
tiles with prob > 0: 17
total tile prob after trim: 0.999999
num tiles after trim: 17
init_pos: 6617
*********running GCP*********
total time (wallclock): 0.0323806 seconds

$ /home/daisy/GRB-Search-Pipeline/search-planning/build/sp_train /home/daisy/GRB-Search-Pipeline/results/training/maps/longlow/adapt_p11-715852394892384_a135-0_129_map.h5 /home/daisy/GRB-Search-Pipeline/search-planning/tilings/tiling_files/2.5x2.5_tiling.csv 6695 10.0 10.0 5.0 0 /home/daisy/GRB-Search-Pipeline/results/training/longlow_searching_2.5x2.5_tiling.csv
Input Parameters:
  file        = /home/daisy/GRB-Search-Pipeline/results/training/maps/longlow/adapt_p11-715852394892384_a135-0_129_map.h5
  source_tile = 6695
  slew_rate   = 10
  dwell_time  = 5
  output      = /home/daisy/GRB-Search-Pipeline/results/training/longlow_searching_2.5x2.5_tiling.csv

source = [78.2841, 135], n_src_events = 737, n_bkg_events = 1070
Loaded 92 entries (unique=92, duplicates=0, missing=49060, out_of_bounds=0, non-finite=0)
Sum(prob) over finite entries = 0.999999
init sum: 0.999999
num pixels: 49152
tile num: 6781
total tile prob: 0.999999
tiles with prob > 0: 21
total tile prob after trim: 0.999999
num tiles after trim: 21
init_pos: 6726
*********running GCP*********
total time (wallclock): 0.0319784 seconds

$ /home/daisy/GRB-Search-Pipeline/search-planning/build/sp_train /home/daisy/GRB-Search-Pipeline/results/training/maps/longlow/adapt_p11-715852394892384_a135-0_12_map.h5 /home/daisy/GRB-Search-Pipeline/search-planning/tilings/tiling_files/2.5x2.5_tiling.csv 6695 10.0 10.0 5.0 0 /home/daisy/GRB-Search-Pipeline/results/training/longlow_searching_2.5x2.5_tiling.csv
Input Parameters:
  file        = /home/daisy/GRB-Search-Pipeline/results/training/maps/longlow/adapt_p11-715852394892384_a135-0_12_map.h5
  source_tile = 6695
  slew_rate   = 10
  dwell_time  = 5
  output      = /home/daisy/GRB-Search-Pipeline/results/training/longlow_searching_2.5x2.5_tiling.csv

source = [78.2841, 135], n_src_events = 435, n_bkg_events = 1036
Loaded 139 entries (unique=139, duplicates=0, missing=49013, out_of_bounds=0, non-finite=0)
Sum(prob) over finite entries = 0.999999
init sum: 0.999999
num pixels: 49152
tile num: 6781
total tile prob: 0.999999
tiles with prob > 0: 26
total tile prob after trim: 0.999999
num tiles after trim: 26
init_pos: 6695
*********running GCP*********
total time (wallclock): 0.0306771 seconds

$ /home/daisy/GRB-Search-Pipeline/search-planning/build/sp_train /home/daisy/GRB-Search-Pipeline/results/training/maps/longlow/adapt_p11-715852394892384_a135-0_130_map.h5 /home/daisy/GRB-Search-Pipeline/search-planning/tilings/tiling_files/2.5x2.5_tiling.csv 6695 10.0 10.0 5.0 0 /home/daisy/GRB-Search-Pipeline/results/training/longlow_searching_2.5x2.5_tiling.csv
Input Parameters:
  file        = /home/daisy/GRB-Search-Pipeline/results/training/maps/longlow/adapt_p11-715852394892384_a135-0_130_map.h5
  source_tile = 6695
  slew_rate   = 10
  dwell_time  = 5
  output      = /home/daisy/GRB-Search-Pipeline/results/training/longlow_searching_2.5x2.5_tiling.csv

source = [78.2841, 135], n_src_events = 807, n_bkg_events = 394
Loaded 52 entries (unique=52, duplicates=0, missing=49100, out_of_bounds=0, non-finite=0)
Sum(prob) over finite entries = 0.999999
init sum: 0.999999
num pixels: 49152
tile num: 6781
total tile prob: 0.999999
tiles with prob > 0: 14
total tile prob after trim: 0.999999
num tiles after trim: 14
init_pos: 6662
*********running GCP*********
total time (wallclock): 0.0320762 seconds

$ /home/daisy/GRB-Search-Pipeline/search-planning/build/sp_train /home/daisy/GRB-Search-Pipeline/results/training/maps/longlow/adapt_p11-715852394892384_a135-0_131_map.h5 /home/daisy/GRB-Search-Pipeline/search-planning/tilings/tiling_files/2.5x2.5_tiling.csv 6695 10.0 10.0 5.0 0 /home/daisy/GRB-Search-Pipeline/results/training/longlow_searching_2.5x2.5_tiling.csv
Input Parameters:
  file        = /home/daisy/GRB-Search-Pipeline/results/training/maps/longlow/adapt_p11-715852394892384_a135-0_131_map.h5
  source_tile = 6695
  slew_rate   = 10
  dwell_time  = 5
  output      = /home/daisy/GRB-Search-Pipeline/results/training/longlow_searching_2.5x2.5_tiling.csv

source = [78.2841, 135], n_src_events = 704, n_bkg_events = 319
Loaded 44 entries (unique=44, duplicates=0, missing=49108, out_of_bounds=0, non-finite=0)
Sum(prob) over finite entries = 0.999999
init sum: 0.999999
num pixels: 49152
tile num: 6781
total tile prob: 0.999999
tiles with prob > 0: 10
total tile prob after trim: 0.999999
num tiles after trim: 10
init_pos: 6619
*********running GCP*********
total time (wallclock): 0.0330064 seconds

$ /home/daisy/GRB-Search-Pipeline/search-planning/build/sp_train /home/daisy/GRB-Search-Pipeline/results/training/maps/longlow/adapt_p11-715852394892384_a135-0_132_map.h5 /home/daisy/GRB-Search-Pipeline/search-planning/tilings/tiling_files/2.5x2.5_tiling.csv 6695 10.0 10.0 5.0 0 /home/daisy/GRB-Search-Pipeline/results/training/longlow_searching_2.5x2.5_tiling.csv
Input Parameters:
  file        = /home/daisy/GRB-Search-Pipeline/results/training/maps/longlow/adapt_p11-715852394892384_a135-0_132_map.h5
  source_tile = 6695
  slew_rate   = 10
  dwell_time  = 5
  output      = /home/daisy/GRB-Search-Pipeline/results/training/longlow_searching_2.5x2.5_tiling.csv

source = [78.2841, 135], n_src_events = 148, n_bkg_events = 505
Loaded 2869 entries (unique=2869, duplicates=0, missing=46283, out_of_bounds=0, non-finite=0)
Sum(prob) over finite entries = 0.999995
init sum: 0.999995
num pixels: 49152
tile num: 6781
total tile prob: 0.999995
tiles with prob > 0: 465
total tile prob after trim: 0.999995
num tiles after trim: 465
init_pos: 6472
*********running GCP*********
total time (wallclock): 0.143456 seconds

$ /home/daisy/GRB-Search-Pipeline/search-planning/build/sp_train /home/daisy/GRB-Search-Pipeline/results/training/maps/longlow/adapt_p11-715852394892384_a135-0_133_map.h5 /home/daisy/GRB-Search-Pipeline/search-planning/tilings/tiling_files/2.5x2.5_tiling.csv 6695 10.0 10.0 5.0 0 /home/daisy/GRB-Search-Pipeline/results/training/longlow_searching_2.5x2.5_tiling.csv
Input Parameters:
  file        = /home/daisy/GRB-Search-Pipeline/results/training/maps/longlow/adapt_p11-715852394892384_a135-0_133_map.h5
  source_tile = 6695
  slew_rate   = 10
  dwell_time  = 5
  output      = /home/daisy/GRB-Search-Pipeline/results/training/longlow_searching_2.5x2.5_tiling.csv

source = [78.2841, 135], n_src_events = 406, n_bkg_events = 993
Loaded 153 entries (unique=153, duplicates=0, missing=48999, out_of_bounds=0, non-finite=0)
Sum(prob) over finite entries = 0.999999
init sum: 0.999999
num pixels: 49152
tile num: 6781
total tile prob: 0.999999
tiles with prob > 0: 31
total tile prob after trim: 0.999999
num tiles after trim: 31
init_pos: 6659
*********running GCP*********
total time (wallclock): 0.0340614 seconds

$ /home/daisy/GRB-Search-Pipeline/search-planning/build/sp_train /home/daisy/GRB-Search-Pipeline/results/training/maps/longlow/adapt_p11-715852394892384_a135-0_134_map.h5 /home/daisy/GRB-Search-Pipeline/search-planning/tilings/tiling_files/2.5x2.5_tiling.csv 6695 10.0 10.0 5.0 0 /home/daisy/GRB-Search-Pipeline/results/training/longlow_searching_2.5x2.5_tiling.csv
Input Parameters:
  file        = /home/daisy/GRB-Search-Pipeline/results/training/maps/longlow/adapt_p11-715852394892384_a135-0_134_map.h5
  source_tile = 6695
  slew_rate   = 10
  dwell_time  = 5
  output      = /home/daisy/GRB-Search-Pipeline/results/training/longlow_searching_2.5x2.5_tiling.csv

source = [78.2841, 135], n_src_events = 387, n_bkg_events = 813
Loaded 145 entries (unique=145, duplicates=0, missing=49007, out_of_bounds=0, non-finite=0)
Sum(prob) over finite entries = 0.999999
init sum: 0.999999
num pixels: 49152
tile num: 6781
total tile prob: 0.999999
tiles with prob > 0: 29
total tile prob after trim: 0.999999
num tiles after trim: 29
init_pos: 6617
*********running GCP*********
total time (wallclock): 0.0333117 seconds

$ /home/daisy/GRB-Search-Pipeline/search-planning/build/sp_train /home/daisy/GRB-Search-Pipeline/results/training/maps/longlow/adapt_p11-715852394892384_a135-0_135_map.h5 /home/daisy/GRB-Search-Pipeline/search-planning/tilings/tiling_files/2.5x2.5_tiling.csv 6695 10.0 10.0 5.0 0 /home/daisy/GRB-Search-Pipeline/results/training/longlow_searching_2.5x2.5_tiling.csv
Input Parameters:
  file        = /home/daisy/GRB-Search-Pipeline/results/training/maps/longlow/adapt_p11-715852394892384_a135-0_135_map.h5
  source_tile = 6695
  slew_rate   = 10
  dwell_time  = 5
  output      = /home/daisy/GRB-Search-Pipeline/results/training/longlow_searching_2.5x2.5_tiling.csv

source = [78.2841, 135], n_src_events = 723, n_bkg_events = 352
Loaded 53 entries (unique=53, duplicates=0, missing=49099, out_of_bounds=0, non-finite=0)
Sum(prob) over finite entries = 1
init sum: 1
num pixels: 49152
tile num: 6781
total tile prob: 1
tiles with prob > 0: 13
total tile prob after trim: 1
num tiles after trim: 13
init_pos: 6659
*********running GCP*********
total time (wallclock): 0.0325386 seconds

$ /home/daisy/GRB-Search-Pipeline/search-planning/build/sp_train /home/daisy/GRB-Search-Pipeline/results/training/maps/longlow/adapt_p11-715852394892384_a135-0_136_map.h5 /home/daisy/GRB-Search-Pipeline/search-planning/tilings/tiling_files/2.5x2.5_tiling.csv 6695 10.0 10.0 5.0 0 /home/daisy/GRB-Search-Pipeline/results/training/longlow_searching_2.5x2.5_tiling.csv
Input Parameters:
  file        = /home/daisy/GRB-Search-Pipeline/results/training/maps/longlow/adapt_p11-715852394892384_a135-0_136_map.h5
  source_tile = 6695
  slew_rate   = 10
  dwell_time  = 5
  output      = /home/daisy/GRB-Search-Pipeline/results/training/longlow_searching_2.5x2.5_tiling.csv

source = [78.2841, 135], n_src_events = 211, n_bkg_events = 1064
Loaded 781 entries (unique=781, duplicates=0, missing=48371, out_of_bounds=0, non-finite=0)
Sum(prob) over finite entries = 0.999998
init sum: 0.999998
num pixels: 49152
tile num: 6781
total tile prob: 0.999998
tiles with prob > 0: 142
total tile prob after trim: 0.999998
num tiles after trim: 142
init_pos: 6655
*********running GCP*********
total time (wallclock): 0.0337676 seconds

$ /home/daisy/GRB-Search-Pipeline/search-planning/build/sp_train /home/daisy/GRB-Search-Pipeline/results/training/maps/longlow/adapt_p11-715852394892384_a135-0_137_map.h5 /home/daisy/GRB-Search-Pipeline/search-planning/tilings/tiling_files/2.5x2.5_tiling.csv 6695 10.0 10.0 5.0 0 /home/daisy/GRB-Search-Pipeline/results/training/longlow_searching_2.5x2.5_tiling.csv
Input Parameters:
  file        = /home/daisy/GRB-Search-Pipeline/results/training/maps/longlow/adapt_p11-715852394892384_a135-0_137_map.h5
  source_tile = 6695
  slew_rate   = 10
  dwell_time  = 5
  output      = /home/daisy/GRB-Search-Pipeline/results/training/longlow_searching_2.5x2.5_tiling.csv

source = [78.2841, 135], n_src_events = 157, n_bkg_events = 406
Loaded 298 entries (unique=298, duplicates=0, missing=48854, out_of_bounds=0, non-finite=0)
Sum(prob) over finite entries = 0.999999
init sum: 0.999999
num pixels: 49152
tile num: 6781
total tile prob: 0.999999
tiles with prob > 0: 54
total tile prob after trim: 0.999999
num tiles after trim: 54
init_pos: 6617
*********running GCP*********
total time (wallclock): 0.0853007 seconds

$ /home/daisy/GRB-Search-Pipeline/search-planning/build/sp_train /home/daisy/GRB-Search-Pipeline/results/training/maps/longlow/adapt_p11-715852394892384_a135-0_138_map.h5 /home/daisy/GRB-Search-Pipeline/search-planning/tilings/tiling_files/2.5x2.5_tiling.csv 6695 10.0 10.0 5.0 0 /home/daisy/GRB-Search-Pipeline/results/training/longlow_searching_2.5x2.5_tiling.csv
Input Parameters:
  file        = /home/daisy/GRB-Search-Pipeline/results/training/maps/longlow/adapt_p11-715852394892384_a135-0_138_map.h5
  source_tile = 6695
  slew_rate   = 10
  dwell_time  = 5
  output      = /home/daisy/GRB-Search-Pipeline/results/training/longlow_searching_2.5x2.5_tiling.csv

source = [78.2841, 135], n_src_events = 739, n_bkg_events = 958
Loaded 82 entries (unique=82, duplicates=0, missing=49070, out_of_bounds=0, non-finite=0)
Sum(prob) over finite entries = 0.999999
init sum: 0.999999
num pixels: 49152
tile num: 6781
total tile prob: 0.999999
tiles with prob > 0: 19
total tile prob after trim: 0.999999
num tiles after trim: 19
init_pos: 6662
*********running GCP*********
total time (wallclock): 0.0334816 seconds

$ /home/daisy/GRB-Search-Pipeline/search-planning/build/sp_train /home/daisy/GRB-Search-Pipeline/results/training/maps/longlow/adapt_p11-715852394892384_a135-0_139_map.h5 /home/daisy/GRB-Search-Pipeline/search-planning/tilings/tiling_files/2.5x2.5_tiling.csv 6695 10.0 10.0 5.0 0 /home/daisy/GRB-Search-Pipeline/results/training/longlow_searching_2.5x2.5_tiling.csv
Input Parameters:
  file        = /home/daisy/GRB-Search-Pipeline/results/training/maps/longlow/adapt_p11-715852394892384_a135-0_139_map.h5
  source_tile = 6695
  slew_rate   = 10
  dwell_time  = 5
  output      = /home/daisy/GRB-Search-Pipeline/results/training/longlow_searching_2.5x2.5_tiling.csv

source = [78.2841, 135], n_src_events = 411, n_bkg_events = 367
Loaded 89 entries (unique=89, duplicates=0, missing=49063, out_of_bounds=0, non-finite=0)
Sum(prob) over finite entries = 0.999999
init sum: 0.999999
num pixels: 49152
tile num: 6781
total tile prob: 0.999999
tiles with prob > 0: 17
total tile prob after trim: 0.999999
num tiles after trim: 17
init_pos: 6617
*********running GCP*********
total time (wallclock): 0.0341337 seconds

$ /home/daisy/GRB-Search-Pipeline/search-planning/build/sp_train /home/daisy/GRB-Search-Pipeline/results/training/maps/longlow/adapt_p11-715852394892384_a135-0_13_map.h5 /home/daisy/GRB-Search-Pipeline/search-planning/tilings/tiling_files/2.5x2.5_tiling.csv 6695 10.0 10.0 5.0 0 /home/daisy/GRB-Search-Pipeline/results/training/longlow_searching_2.5x2.5_tiling.csv
Input Parameters:
  file        = /home/daisy/GRB-Search-Pipeline/results/training/maps/longlow/adapt_p11-715852394892384_a135-0_13_map.h5
  source_tile = 6695
  slew_rate   = 10
  dwell_time  = 5
  output      = /home/daisy/GRB-Search-Pipeline/results/training/longlow_searching_2.5x2.5_tiling.csv

source = [78.2841, 135], n_src_events = 188, n_bkg_events = 410
Loaded 445 entries (unique=445, duplicates=0, missing=48707, out_of_bounds=0, non-finite=0)
Sum(prob) over finite entries = 0.999998
init sum: 0.999998
num pixels: 49152
tile num: 6781
total tile prob: 0.999998
tiles with prob > 0: 82
total tile prob after trim: 0.999998
num tiles after trim: 82
init_pos: 6516
*********running GCP*********
total time (wallclock): 0.0686477 seconds

$ /home/daisy/GRB-Search-Pipeline/search-planning/build/sp_train /home/daisy/GRB-Search-Pipeline/results/training/maps/longlow/adapt_p11-715852394892384_a135-0_140_map.h5 /home/daisy/GRB-Search-Pipeline/search-planning/tilings/tiling_files/2.5x2.5_tiling.csv 6695 10.0 10.0 5.0 0 /home/daisy/GRB-Search-Pipeline/results/training/longlow_searching_2.5x2.5_tiling.csv
Input Parameters:
  file        = /home/daisy/GRB-Search-Pipeline/results/training/maps/longlow/adapt_p11-715852394892384_a135-0_140_map.h5
  source_tile = 6695
  slew_rate   = 10
  dwell_time  = 5
  output      = /home/daisy/GRB-Search-Pipeline/results/training/longlow_searching_2.5x2.5_tiling.csv

source = [78.2841, 135], n_src_events = 202, n_bkg_events = 406
Loaded 415 entries (unique=415, duplicates=0, missing=48737, out_of_bounds=0, non-finite=0)
Sum(prob) over finite entries = 0.999998
init sum: 0.999998
num pixels: 49152
tile num: 6781
total tile prob: 0.999998
tiles with prob > 0: 84
total tile prob after trim: 0.999998
num tiles after trim: 84
init_pos: 6769
*********running GCP*********
total time (wallclock): 0.0416009 seconds

$ /home/daisy/GRB-Search-Pipeline/search-planning/build/sp_train /home/daisy/GRB-Search-Pipeline/results/training/maps/longlow/adapt_p11-715852394892384_a135-0_141_map.h5 /home/daisy/GRB-Search-Pipeline/search-planning/tilings/tiling_files/2.5x2.5_tiling.csv 6695 10.0 10.0 5.0 0 /home/daisy/GRB-Search-Pipeline/results/training/longlow_searching_2.5x2.5_tiling.csv
Input Parameters:
  file        = /home/daisy/GRB-Search-Pipeline/results/training/maps/longlow/adapt_p11-715852394892384_a135-0_141_map.h5
  source_tile = 6695
  slew_rate   = 10
  dwell_time  = 5
  output      = /home/daisy/GRB-Search-Pipeline/results/training/longlow_searching_2.5x2.5_tiling.csv

source = [78.2841, 135], n_src_events = 731, n_bkg_events = 930
Loaded 74 entries (unique=74, duplicates=0, missing=49078, out_of_bounds=0, non-finite=0)
Sum(prob) over finite entries = 0.999998
init sum: 0.999998
num pixels: 49152
tile num: 6781
total tile prob: 0.999998
tiles with prob > 0: 16
total tile prob after trim: 0.999998
num tiles after trim: 16
init_pos: 6661
*********running GCP*********
total time (wallclock): 0.0333461 seconds

$ /home/daisy/GRB-Search-Pipeline/search-planning/build/sp_train /home/daisy/GRB-Search-Pipeline/results/training/maps/longlow/adapt_p11-715852394892384_a135-0_142_map.h5 /home/daisy/GRB-Search-Pipeline/search-planning/tilings/tiling_files/2.5x2.5_tiling.csv 6695 10.0 10.0 5.0 0 /home/daisy/GRB-Search-Pipeline/results/training/longlow_searching_2.5x2.5_tiling.csv
Input Parameters:
  file        = /home/daisy/GRB-Search-Pipeline/results/training/maps/longlow/adapt_p11-715852394892384_a135-0_142_map.h5
  source_tile = 6695
  slew_rate   = 10
  dwell_time  = 5
  output      = /home/daisy/GRB-Search-Pipeline/results/training/longlow_searching_2.5x2.5_tiling.csv

source = [78.2841, 135], n_src_events = 778, n_bkg_events = 260
Loaded 45 entries (unique=45, duplicates=0, missing=49107, out_of_bounds=0, non-finite=0)
Sum(prob) over finite entries = 0.999999
init sum: 0.999999
num pixels: 49152
tile num: 6781
total tile prob: 0.999999
tiles with prob > 0: 11
total tile prob after trim: 0.999999
num tiles after trim: 11
init_pos: 6695
*********running GCP*********
total time (wallclock): 0.030788 seconds

$ /home/daisy/GRB-Search-Pipeline/search-planning/build/sp_train /home/daisy/GRB-Search-Pipeline/results/training/maps/longlow/adapt_p11-715852394892384_a135-0_143_map.h5 /home/daisy/GRB-Search-Pipeline/search-planning/tilings/tiling_files/2.5x2.5_tiling.csv 6695 10.0 10.0 5.0 0 /home/daisy/GRB-Search-Pipeline/results/training/longlow_searching_2.5x2.5_tiling.csv
Input Parameters:
  file        = /home/daisy/GRB-Search-Pipeline/results/training/maps/longlow/adapt_p11-715852394892384_a135-0_143_map.h5
  source_tile = 6695
  slew_rate   = 10
  dwell_time  = 5
  output      = /home/daisy/GRB-Search-Pipeline/results/training/longlow_searching_2.5x2.5_tiling.csv

source = [78.2841, 135], n_src_events = 212, n_bkg_events = 800
Loaded 460 entries (unique=460, duplicates=0, missing=48692, out_of_bounds=0, non-finite=0)
Sum(prob) over finite entries = 0.999998
init sum: 0.999998
num pixels: 49152
tile num: 6781
total tile prob: 0.999998
tiles with prob > 0: 81
total tile prob after trim: 0.999998
num tiles after trim: 81
init_pos: 6619
*********running GCP*********
total time (wallclock): 0.0326796 seconds

$ /home/daisy/GRB-Search-Pipeline/search-planning/build/sp_train /home/daisy/GRB-Search-Pipeline/results/training/maps/longlow/adapt_p11-715852394892384_a135-0_144_map.h5 /home/daisy/GRB-Search-Pipeline/search-planning/tilings/tiling_files/2.5x2.5_tiling.csv 6695 10.0 10.0 5.0 0 /home/daisy/GRB-Search-Pipeline/results/training/longlow_searching_2.5x2.5_tiling.csv
Input Parameters:
  file        = /home/daisy/GRB-Search-Pipeline/results/training/maps/longlow/adapt_p11-715852394892384_a135-0_144_map.h5
  source_tile = 6695
  slew_rate   = 10
  dwell_time  = 5
  output      = /home/daisy/GRB-Search-Pipeline/results/training/longlow_searching_2.5x2.5_tiling.csv

source = [78.2841, 135], n_src_events = 440, n_bkg_events = 810
Loaded 164 entries (unique=164, duplicates=0, missing=48988, out_of_bounds=0, non-finite=0)
Sum(prob) over finite entries = 0.999999
init sum: 0.999999
num pixels: 49152
tile num: 6781
total tile prob: 0.999999
tiles with prob > 0: 34
total tile prob after trim: 0.999999
num tiles after trim: 34
init_pos: 6659
*********running GCP*********
total time (wallclock): 0.0384026 seconds

$ /home/daisy/GRB-Search-Pipeline/search-planning/build/sp_train /home/daisy/GRB-Search-Pipeline/results/training/maps/longlow/adapt_p11-715852394892384_a135-0_145_map.h5 /home/daisy/GRB-Search-Pipeline/search-planning/tilings/tiling_files/2.5x2.5_tiling.csv 6695 10.0 10.0 5.0 0 /home/daisy/GRB-Search-Pipeline/results/training/longlow_searching_2.5x2.5_tiling.csv
Input Parameters:
  file        = /home/daisy/GRB-Search-Pipeline/results/training/maps/longlow/adapt_p11-715852394892384_a135-0_145_map.h5
  source_tile = 6695
  slew_rate   = 10
  dwell_time  = 5
  output      = /home/daisy/GRB-Search-Pipeline/results/training/longlow_searching_2.5x2.5_tiling.csv

source = [78.2841, 135], n_src_events = 759, n_bkg_events = 945
Loaded 98 entries (unique=98, duplicates=0, missing=49054, out_of_bounds=0, non-finite=0)
Sum(prob) over finite entries = 0.999999
init sum: 0.999999
num pixels: 49152
tile num: 6781
total tile prob: 0.999999
tiles with prob > 0: 20
total tile prob after trim: 0.999999
num tiles after trim: 20
init_pos: 6725
*********running GCP*********
total time (wallclock): 0.032495 seconds

$ /home/daisy/GRB-Search-Pipeline/search-planning/build/sp_train /home/daisy/GRB-Search-Pipeline/results/training/maps/longlow/adapt_p11-715852394892384_a135-0_146_map.h5 /home/daisy/GRB-Search-Pipeline/search-planning/tilings/tiling_files/2.5x2.5_tiling.csv 6695 10.0 10.0 5.0 0 /home/daisy/GRB-Search-Pipeline/results/training/longlow_searching_2.5x2.5_tiling.csv
Input Parameters:
  file        = /home/daisy/GRB-Search-Pipeline/results/training/maps/longlow/adapt_p11-715852394892384_a135-0_146_map.h5
  source_tile = 6695
  slew_rate   = 10
  dwell_time  = 5
  output      = /home/daisy/GRB-Search-Pipeline/results/training/longlow_searching_2.5x2.5_tiling.csv

source = [78.2841, 135], n_src_events = 279, n_bkg_events = 529
Loaded 318 entries (unique=318, duplicates=0, missing=48834, out_of_bounds=0, non-finite=0)
Sum(prob) over finite entries = 0.999999
init sum: 0.999999
num pixels: 49152
tile num: 6781
total tile prob: 0.999999
tiles with prob > 0: 58
total tile prob after trim: 0.999999
num tiles after trim: 58
init_pos: 6728
*********running GCP*********
total time (wallclock): 0.031835 seconds

$ /home/daisy/GRB-Search-Pipeline/search-planning/build/sp_train /home/daisy/GRB-Search-Pipeline/results/training/maps/longlow/adapt_p11-715852394892384_a135-0_147_map.h5 /home/daisy/GRB-Search-Pipeline/search-planning/tilings/tiling_files/2.5x2.5_tiling.csv 6695 10.0 10.0 5.0 0 /home/daisy/GRB-Search-Pipeline/results/training/longlow_searching_2.5x2.5_tiling.csv
Input Parameters:
  file        = /home/daisy/GRB-Search-Pipeline/results/training/maps/longlow/adapt_p11-715852394892384_a135-0_147_map.h5
  source_tile = 6695
  slew_rate   = 10
  dwell_time  = 5
  output      = /home/daisy/GRB-Search-Pipeline/results/training/longlow_searching_2.5x2.5_tiling.csv

source = [78.2841, 135], n_src_events = 533, n_bkg_events = 377
Loaded 74 entries (unique=74, duplicates=0, missing=49078, out_of_bounds=0, non-finite=0)
Sum(prob) over finite entries = 0.999999
init sum: 0.999999
num pixels: 49152
tile num: 6781
total tile prob: 0.999999
tiles with prob > 0: 19
total tile prob after trim: 0.999999
num tiles after trim: 19
init_pos: 6661
*********running GCP*********
total time (wallclock): 0.0333968 seconds

$ /home/daisy/GRB-Search-Pipeline/search-planning/build/sp_train /home/daisy/GRB-Search-Pipeline/results/training/maps/longlow/adapt_p11-715852394892384_a135-0_148_map.h5 /home/daisy/GRB-Search-Pipeline/search-planning/tilings/tiling_files/2.5x2.5_tiling.csv 6695 10.0 10.0 5.0 0 /home/daisy/GRB-Search-Pipeline/results/training/longlow_searching_2.5x2.5_tiling.csv
Input Parameters:
  file        = /home/daisy/GRB-Search-Pipeline/results/training/maps/longlow/adapt_p11-715852394892384_a135-0_148_map.h5
  source_tile = 6695
  slew_rate   = 10
  dwell_time  = 5
  output      = /home/daisy/GRB-Search-Pipeline/results/training/longlow_searching_2.5x2.5_tiling.csv

source = [78.2841, 135], n_src_events = 170, n_bkg_events = 410
Loaded 443 entries (unique=443, duplicates=0, missing=48709, out_of_bounds=0, non-finite=0)
Sum(prob) over finite entries = 0.999998
init sum: 0.999998
num pixels: 49152
tile num: 6781
total tile prob: 0.999998
tiles with prob > 0: 79
total tile prob after trim: 0.999998
num tiles after trim: 79
init_pos: 6456
*********running GCP*********
total time (wallclock): 0.059245 seconds

$ /home/daisy/GRB-Search-Pipeline/search-planning/build/sp_train /home/daisy/GRB-Search-Pipeline/results/training/maps/longlow/adapt_p11-715852394892384_a135-0_149_map.h5 /home/daisy/GRB-Search-Pipeline/search-planning/tilings/tiling_files/2.5x2.5_tiling.csv 6695 10.0 10.0 5.0 0 /home/daisy/GRB-Search-Pipeline/results/training/longlow_searching_2.5x2.5_tiling.csv
Input Parameters:
  file        = /home/daisy/GRB-Search-Pipeline/results/training/maps/longlow/adapt_p11-715852394892384_a135-0_149_map.h5
  source_tile = 6695
  slew_rate   = 10
  dwell_time  = 5
  output      = /home/daisy/GRB-Search-Pipeline/results/training/longlow_searching_2.5x2.5_tiling.csv

source = [78.2841, 135], n_src_events = 338, n_bkg_events = 657
Loaded 308 entries (unique=308, duplicates=0, missing=48844, out_of_bounds=0, non-finite=0)
Sum(prob) over finite entries = 0.999998
init sum: 0.999998
num pixels: 49152
tile num: 6781
total tile prob: 0.999998
tiles with prob > 0: 62
total tile prob after trim: 0.999998
num tiles after trim: 62
init_pos: 6694
*********running GCP*********
total time (wallclock): 0.0343659 seconds

$ /home/daisy/GRB-Search-Pipeline/search-planning/build/sp_train /home/daisy/GRB-Search-Pipeline/results/training/maps/longlow/adapt_p11-715852394892384_a135-0_14_map.h5 /home/daisy/GRB-Search-Pipeline/search-planning/tilings/tiling_files/2.5x2.5_tiling.csv 6695 10.0 10.0 5.0 0 /home/daisy/GRB-Search-Pipeline/results/training/longlow_searching_2.5x2.5_tiling.csv
Input Parameters:
  file        = /home/daisy/GRB-Search-Pipeline/results/training/maps/longlow/adapt_p11-715852394892384_a135-0_14_map.h5
  source_tile = 6695
  slew_rate   = 10
  dwell_time  = 5
  output      = /home/daisy/GRB-Search-Pipeline/results/training/longlow_searching_2.5x2.5_tiling.csv

source = [78.2841, 135], n_src_events = 850, n_bkg_events = 882
Loaded 55 entries (unique=55, duplicates=0, missing=49097, out_of_bounds=0, non-finite=0)
Sum(prob) over finite entries = 0.999999
init sum: 0.999999
num pixels: 49152
tile num: 6781
total tile prob: 0.999999
tiles with prob > 0: 14
total tile prob after trim: 0.999999
num tiles after trim: 14
init_pos: 6662
*********running GCP*********
total time (wallclock): 0.0334423 seconds

$ /home/daisy/GRB-Search-Pipeline/search-planning/build/sp_train /home/daisy/GRB-Search-Pipeline/results/training/maps/longlow/adapt_p11-715852394892384_a135-0_150_map.h5 /home/daisy/GRB-Search-Pipeline/search-planning/tilings/tiling_files/2.5x2.5_tiling.csv 6695 10.0 10.0 5.0 0 /home/daisy/GRB-Search-Pipeline/results/training/longlow_searching_2.5x2.5_tiling.csv
Input Parameters:
  file        = /home/daisy/GRB-Search-Pipeline/results/training/maps/longlow/adapt_p11-715852394892384_a135-0_150_map.h5
  source_tile = 6695
  slew_rate   = 10
  dwell_time  = 5
  output      = /home/daisy/GRB-Search-Pipeline/results/training/longlow_searching_2.5x2.5_tiling.csv

source = [78.2841, 135], n_src_events = 164, n_bkg_events = 763
Loaded 725 entries (unique=725, duplicates=0, missing=48427, out_of_bounds=0, non-finite=0)
Sum(prob) over finite entries = 0.999999
init sum: 0.999999
num pixels: 49152
tile num: 6781
total tile prob: 0.999999
tiles with prob > 0: 124
total tile prob after trim: 0.999999
num tiles after trim: 124
init_pos: 6700
*********running GCP*********
total time (wallclock): 0.0594336 seconds

$ /home/daisy/GRB-Search-Pipeline/search-planning/build/sp_train /home/daisy/GRB-Search-Pipeline/results/training/maps/longlow/adapt_p11-715852394892384_a135-0_151_map.h5 /home/daisy/GRB-Search-Pipeline/search-planning/tilings/tiling_files/2.5x2.5_tiling.csv 6695 10.0 10.0 5.0 0 /home/daisy/GRB-Search-Pipeline/results/training/longlow_searching_2.5x2.5_tiling.csv
Input Parameters:
  file        = /home/daisy/GRB-Search-Pipeline/results/training/maps/longlow/adapt_p11-715852394892384_a135-0_151_map.h5
  source_tile = 6695
  slew_rate   = 10
  dwell_time  = 5
  output      = /home/daisy/GRB-Search-Pipeline/results/training/longlow_searching_2.5x2.5_tiling.csv

source = [78.2841, 135], n_src_events = 297, n_bkg_events = 722
Loaded 277 entries (unique=277, duplicates=0, missing=48875, out_of_bounds=0, non-finite=0)
Sum(prob) over finite entries = 0.999999
init sum: 0.999999
num pixels: 49152
tile num: 6781
total tile prob: 0.999999
tiles with prob > 0: 58
total tile prob after trim: 0.999999
num tiles after trim: 58
init_pos: 6724
*********running GCP*********
total time (wallclock): 0.0346304 seconds

$ /home/daisy/GRB-Search-Pipeline/search-planning/build/sp_train /home/daisy/GRB-Search-Pipeline/results/training/maps/longlow/adapt_p11-715852394892384_a135-0_152_map.h5 /home/daisy/GRB-Search-Pipeline/search-planning/tilings/tiling_files/2.5x2.5_tiling.csv 6695 10.0 10.0 5.0 0 /home/daisy/GRB-Search-Pipeline/results/training/longlow_searching_2.5x2.5_tiling.csv
Input Parameters:
  file        = /home/daisy/GRB-Search-Pipeline/results/training/maps/longlow/adapt_p11-715852394892384_a135-0_152_map.h5
  source_tile = 6695
  slew_rate   = 10
  dwell_time  = 5
  output      = /home/daisy/GRB-Search-Pipeline/results/training/longlow_searching_2.5x2.5_tiling.csv

source = [78.2841, 135], n_src_events = 173, n_bkg_events = 272
Loaded 302 entries (unique=302, duplicates=0, missing=48850, out_of_bounds=0, non-finite=0)
Sum(prob) over finite entries = 0.999999
init sum: 0.999999
num pixels: 49152
tile num: 6781
total tile prob: 0.999999
tiles with prob > 0: 57
total tile prob after trim: 0.999999
num tiles after trim: 57
init_pos: 6517
*********running GCP*********
total time (wallclock): 0.0508548 seconds

$ /home/daisy/GRB-Search-Pipeline/search-planning/build/sp_train /home/daisy/GRB-Search-Pipeline/results/training/maps/longlow/adapt_p11-715852394892384_a135-0_153_map.h5 /home/daisy/GRB-Search-Pipeline/search-planning/tilings/tiling_files/2.5x2.5_tiling.csv 6695 10.0 10.0 5.0 0 /home/daisy/GRB-Search-Pipeline/results/training/longlow_searching_2.5x2.5_tiling.csv
Input Parameters:
  file        = /home/daisy/GRB-Search-Pipeline/results/training/maps/longlow/adapt_p11-715852394892384_a135-0_153_map.h5
  source_tile = 6695
  slew_rate   = 10
  dwell_time  = 5
  output      = /home/daisy/GRB-Search-Pipeline/results/training/longlow_searching_2.5x2.5_tiling.csv

source = [78.2841, 135], n_src_events = 762, n_bkg_events = 559
Loaded 50 entries (unique=50, duplicates=0, missing=49102, out_of_bounds=0, non-finite=0)
Sum(prob) over finite entries = 0.999999
init sum: 0.999999
num pixels: 49152
tile num: 6781
total tile prob: 0.999999
tiles with prob > 0: 11
total tile prob after trim: 0.999999
num tiles after trim: 11
init_pos: 6617
*********running GCP*********
total time (wallclock): 0.0331507 seconds

$ /home/daisy/GRB-Search-Pipeline/search-planning/build/sp_train /home/daisy/GRB-Search-Pipeline/results/training/maps/longlow/adapt_p11-715852394892384_a135-0_154_map.h5 /home/daisy/GRB-Search-Pipeline/search-planning/tilings/tiling_files/2.5x2.5_tiling.csv 6695 10.0 10.0 5.0 0 /home/daisy/GRB-Search-Pipeline/results/training/longlow_searching_2.5x2.5_tiling.csv
Input Parameters:
  file        = /home/daisy/GRB-Search-Pipeline/results/training/maps/longlow/adapt_p11-715852394892384_a135-0_154_map.h5
  source_tile = 6695
  slew_rate   = 10
  dwell_time  = 5
  output      = /home/daisy/GRB-Search-Pipeline/results/training/longlow_searching_2.5x2.5_tiling.csv

source = [78.2841, 135], n_src_events = 502, n_bkg_events = 235
Loaded 156 entries (unique=156, duplicates=0, missing=48996, out_of_bounds=0, non-finite=0)
Sum(prob) over finite entries = 0.999998
init sum: 0.999998
num pixels: 49152
tile num: 6781
total tile prob: 0.999998
tiles with prob > 0: 33
total tile prob after trim: 0.999998
num tiles after trim: 33
init_pos: 6621
*********running GCP*********
total time (wallclock): 0.0338792 seconds

$ /home/daisy/GRB-Search-Pipeline/search-planning/build/sp_train /home/daisy/GRB-Search-Pipeline/results/training/maps/longlow/adapt_p11-715852394892384_a135-0_155_map.h5 /home/daisy/GRB-Search-Pipeline/search-planning/tilings/tiling_files/2.5x2.5_tiling.csv 6695 10.0 10.0 5.0 0 /home/daisy/GRB-Search-Pipeline/results/training/longlow_searching_2.5x2.5_tiling.csv
Input Parameters:
  file        = /home/daisy/GRB-Search-Pipeline/results/training/maps/longlow/adapt_p11-715852394892384_a135-0_155_map.h5
  source_tile = 6695
  slew_rate   = 10
  dwell_time  = 5
  output      = /home/daisy/GRB-Search-Pipeline/results/training/longlow_searching_2.5x2.5_tiling.csv

source = [78.2841, 135], n_src_events = 112, n_bkg_events = 261
Loaded 560 entries (unique=560, duplicates=0, missing=48592, out_of_bounds=0, non-finite=0)
Sum(prob) over finite entries = 0.999998
init sum: 0.999998
num pixels: 49152
tile num: 6781
total tile prob: 0.999998
tiles with prob > 0: 107
total tile prob after trim: 0.999998
num tiles after trim: 107
init_pos: 6624
*********running GCP*********
total time (wallclock): 0.0654792 seconds

$ /home/daisy/GRB-Search-Pipeline/search-planning/build/sp_train /home/daisy/GRB-Search-Pipeline/results/training/maps/longlow/adapt_p11-715852394892384_a135-0_156_map.h5 /home/daisy/GRB-Search-Pipeline/search-planning/tilings/tiling_files/2.5x2.5_tiling.csv 6695 10.0 10.0 5.0 0 /home/daisy/GRB-Search-Pipeline/results/training/longlow_searching_2.5x2.5_tiling.csv
Input Parameters:
  file        = /home/daisy/GRB-Search-Pipeline/results/training/maps/longlow/adapt_p11-715852394892384_a135-0_156_map.h5
  source_tile = 6695
  slew_rate   = 10
  dwell_time  = 5
  output      = /home/daisy/GRB-Search-Pipeline/results/training/longlow_searching_2.5x2.5_tiling.csv

source = [78.2841, 135], n_src_events = 671, n_bkg_events = 713
Loaded 55 entries (unique=55, duplicates=0, missing=49097, out_of_bounds=0, non-finite=0)
Sum(prob) over finite entries = 0.999999
init sum: 0.999999
num pixels: 49152
tile num: 6781
total tile prob: 0.999999
tiles with prob > 0: 14
total tile prob after trim: 0.999999
num tiles after trim: 14
init_pos: 6569
*********running GCP*********
total time (wallclock): 0.0339951 seconds

$ /home/daisy/GRB-Search-Pipeline/search-planning/build/sp_train /home/daisy/GRB-Search-Pipeline/results/training/maps/longlow/adapt_p11-715852394892384_a135-0_157_map.h5 /home/daisy/GRB-Search-Pipeline/search-planning/tilings/tiling_files/2.5x2.5_tiling.csv 6695 10.0 10.0 5.0 0 /home/daisy/GRB-Search-Pipeline/results/training/longlow_searching_2.5x2.5_tiling.csv
Input Parameters:
  file        = /home/daisy/GRB-Search-Pipeline/results/training/maps/longlow/adapt_p11-715852394892384_a135-0_157_map.h5
  source_tile = 6695
  slew_rate   = 10
  dwell_time  = 5
  output      = /home/daisy/GRB-Search-Pipeline/results/training/longlow_searching_2.5x2.5_tiling.csv

source = [78.2841, 135], n_src_events = 712, n_bkg_events = 571
Loaded 51 entries (unique=51, duplicates=0, missing=49101, out_of_bounds=0, non-finite=0)
Sum(prob) over finite entries = 0.999999
init sum: 0.999999
num pixels: 49152
tile num: 6781
total tile prob: 0.999999
tiles with prob > 0: 11
total tile prob after trim: 0.999999
num tiles after trim: 11
init_pos: 6662
*********running GCP*********
total time (wallclock): 0.0332459 seconds

$ /home/daisy/GRB-Search-Pipeline/search-planning/build/sp_train /home/daisy/GRB-Search-Pipeline/results/training/maps/longlow/adapt_p11-715852394892384_a135-0_158_map.h5 /home/daisy/GRB-Search-Pipeline/search-planning/tilings/tiling_files/2.5x2.5_tiling.csv 6695 10.0 10.0 5.0 0 /home/daisy/GRB-Search-Pipeline/results/training/longlow_searching_2.5x2.5_tiling.csv
Input Parameters:
  file        = /home/daisy/GRB-Search-Pipeline/results/training/maps/longlow/adapt_p11-715852394892384_a135-0_158_map.h5
  source_tile = 6695
  slew_rate   = 10
  dwell_time  = 5
  output      = /home/daisy/GRB-Search-Pipeline/results/training/longlow_searching_2.5x2.5_tiling.csv

source = [78.2841, 135], n_src_events = 413, n_bkg_events = 296
Loaded 135 entries (unique=135, duplicates=0, missing=49017, out_of_bounds=0, non-finite=0)
Sum(prob) over finite entries = 0.999998
init sum: 0.999998
num pixels: 49152
tile num: 6781
total tile prob: 0.999998
tiles with prob > 0: 27
total tile prob after trim: 0.999998
num tiles after trim: 27
init_pos: 6619
*********running GCP*********
total time (wallclock): 0.0337712 seconds

$ /home/daisy/GRB-Search-Pipeline/search-planning/build/sp_train /home/daisy/GRB-Search-Pipeline/results/training/maps/longlow/adapt_p11-715852394892384_a135-0_159_map.h5 /home/daisy/GRB-Search-Pipeline/search-planning/tilings/tiling_files/2.5x2.5_tiling.csv 6695 10.0 10.0 5.0 0 /home/daisy/GRB-Search-Pipeline/results/training/longlow_searching_2.5x2.5_tiling.csv
Input Parameters:
  file        = /home/daisy/GRB-Search-Pipeline/results/training/maps/longlow/adapt_p11-715852394892384_a135-0_159_map.h5
  source_tile = 6695
  slew_rate   = 10
  dwell_time  = 5
  output      = /home/daisy/GRB-Search-Pipeline/results/training/longlow_searching_2.5x2.5_tiling.csv

source = [78.2841, 135], n_src_events = 737, n_bkg_events = 846
Loaded 53 entries (unique=53, duplicates=0, missing=49099, out_of_bounds=0, non-finite=0)
Sum(prob) over finite entries = 0.999998
init sum: 0.999998
num pixels: 49152
tile num: 6781
total tile prob: 0.999998
tiles with prob > 0: 14
total tile prob after trim: 0.999998
num tiles after trim: 14
init_pos: 6617
*********running GCP*********
total time (wallclock): 0.0332949 seconds

$ /home/daisy/GRB-Search-Pipeline/search-planning/build/sp_train /home/daisy/GRB-Search-Pipeline/results/training/maps/longlow/adapt_p11-715852394892384_a135-0_15_map.h5 /home/daisy/GRB-Search-Pipeline/search-planning/tilings/tiling_files/2.5x2.5_tiling.csv 6695 10.0 10.0 5.0 0 /home/daisy/GRB-Search-Pipeline/results/training/longlow_searching_2.5x2.5_tiling.csv
Input Parameters:
  file        = /home/daisy/GRB-Search-Pipeline/results/training/maps/longlow/adapt_p11-715852394892384_a135-0_15_map.h5
  source_tile = 6695
  slew_rate   = 10
  dwell_time  = 5
  output      = /home/daisy/GRB-Search-Pipeline/results/training/longlow_searching_2.5x2.5_tiling.csv

source = [78.2841, 135], n_src_events = 619, n_bkg_events = 280
Loaded 54 entries (unique=54, duplicates=0, missing=49098, out_of_bounds=0, non-finite=0)
Sum(prob) over finite entries = 1
init sum: 1
num pixels: 49152
tile num: 6781
total tile prob: 1
tiles with prob > 0: 14
total tile prob after trim: 1
num tiles after trim: 14
init_pos: 6659
*********running GCP*********
total time (wallclock): 0.0313122 seconds

$ /home/daisy/GRB-Search-Pipeline/search-planning/build/sp_train /home/daisy/GRB-Search-Pipeline/results/training/maps/longlow/adapt_p11-715852394892384_a135-0_160_map.h5 /home/daisy/GRB-Search-Pipeline/search-planning/tilings/tiling_files/2.5x2.5_tiling.csv 6695 10.0 10.0 5.0 0 /home/daisy/GRB-Search-Pipeline/results/training/longlow_searching_2.5x2.5_tiling.csv
Input Parameters:
  file        = /home/daisy/GRB-Search-Pipeline/results/training/maps/longlow/adapt_p11-715852394892384_a135-0_160_map.h5
  source_tile = 6695
  slew_rate   = 10
  dwell_time  = 5
  output      = /home/daisy/GRB-Search-Pipeline/results/training/longlow_searching_2.5x2.5_tiling.csv

source = [78.2841, 135], n_src_events = 357, n_bkg_events = 249
Loaded 112 entries (unique=112, duplicates=0, missing=49040, out_of_bounds=0, non-finite=0)
Sum(prob) over finite entries = 0.999999
init sum: 0.999999
num pixels: 49152
tile num: 6781
total tile prob: 0.999999
tiles with prob > 0: 21
total tile prob after trim: 0.999999
num tiles after trim: 21
init_pos: 6658
*********running GCP*********
total time (wallclock): 0.0313034 seconds

$ /home/daisy/GRB-Search-Pipeline/search-planning/build/sp_train /home/daisy/GRB-Search-Pipeline/results/training/maps/longlow/adapt_p11-715852394892384_a135-0_161_map.h5 /home/daisy/GRB-Search-Pipeline/search-planning/tilings/tiling_files/2.5x2.5_tiling.csv 6695 10.0 10.0 5.0 0 /home/daisy/GRB-Search-Pipeline/results/training/longlow_searching_2.5x2.5_tiling.csv
Input Parameters:
  file        = /home/daisy/GRB-Search-Pipeline/results/training/maps/longlow/adapt_p11-715852394892384_a135-0_161_map.h5
  source_tile = 6695
  slew_rate   = 10
  dwell_time  = 5
  output      = /home/daisy/GRB-Search-Pipeline/results/training/longlow_searching_2.5x2.5_tiling.csv

source = [78.2841, 135], n_src_events = 485, n_bkg_events = 420
Loaded 106 entries (unique=106, duplicates=0, missing=49046, out_of_bounds=0, non-finite=0)
Sum(prob) over finite entries = 0.999998
init sum: 0.999998
num pixels: 49152
tile num: 6781
total tile prob: 0.999998
tiles with prob > 0: 23
total tile prob after trim: 0.999998
num tiles after trim: 23
init_pos: 6618
*********running GCP*********
total time (wallclock): 0.0336365 seconds

$ /home/daisy/GRB-Search-Pipeline/search-planning/build/sp_train /home/daisy/GRB-Search-Pipeline/results/training/maps/longlow/adapt_p11-715852394892384_a135-0_162_map.h5 /home/daisy/GRB-Search-Pipeline/search-planning/tilings/tiling_files/2.5x2.5_tiling.csv 6695 10.0 10.0 5.0 0 /home/daisy/GRB-Search-Pipeline/results/training/longlow_searching_2.5x2.5_tiling.csv
Input Parameters:
  file        = /home/daisy/GRB-Search-Pipeline/results/training/maps/longlow/adapt_p11-715852394892384_a135-0_162_map.h5
  source_tile = 6695
  slew_rate   = 10
  dwell_time  = 5
  output      = /home/daisy/GRB-Search-Pipeline/results/training/longlow_searching_2.5x2.5_tiling.csv

source = [78.2841, 135], n_src_events = 810, n_bkg_events = 671
Loaded 58 entries (unique=58, duplicates=0, missing=49094, out_of_bounds=0, non-finite=0)
Sum(prob) over finite entries = 0.999999
init sum: 0.999999
num pixels: 49152
tile num: 6781
total tile prob: 0.999999
tiles with prob > 0: 16
total tile prob after trim: 0.999999
num tiles after trim: 16
init_pos: 6659
*********running GCP*********
total time (wallclock): 0.0317784 seconds

$ /home/daisy/GRB-Search-Pipeline/search-planning/build/sp_train /home/daisy/GRB-Search-Pipeline/results/training/maps/longlow/adapt_p11-715852394892384_a135-0_163_map.h5 /home/daisy/GRB-Search-Pipeline/search-planning/tilings/tiling_files/2.5x2.5_tiling.csv 6695 10.0 10.0 5.0 0 /home/daisy/GRB-Search-Pipeline/results/training/longlow_searching_2.5x2.5_tiling.csv
Input Parameters:
  file        = /home/daisy/GRB-Search-Pipeline/results/training/maps/longlow/adapt_p11-715852394892384_a135-0_163_map.h5
  source_tile = 6695
  slew_rate   = 10
  dwell_time  = 5
  output      = /home/daisy/GRB-Search-Pipeline/results/training/longlow_searching_2.5x2.5_tiling.csv

source = [78.2841, 135], n_src_events = 447, n_bkg_events = 1179
Loaded 188 entries (unique=188, duplicates=0, missing=48964, out_of_bounds=0, non-finite=0)
Sum(prob) over finite entries = 0.999997
init sum: 0.999997
num pixels: 49152
tile num: 6781
total tile prob: 0.999997
tiles with prob > 0: 41
total tile prob after trim: 0.999997
num tiles after trim: 41
init_pos: 6727
*********running GCP*********
total time (wallclock): 0.0326088 seconds

$ /home/daisy/GRB-Search-Pipeline/search-planning/build/sp_train /home/daisy/GRB-Search-Pipeline/results/training/maps/longlow/adapt_p11-715852394892384_a135-0_164_map.h5 /home/daisy/GRB-Search-Pipeline/search-planning/tilings/tiling_files/2.5x2.5_tiling.csv 6695 10.0 10.0 5.0 0 /home/daisy/GRB-Search-Pipeline/results/training/longlow_searching_2.5x2.5_tiling.csv
Input Parameters:
  file        = /home/daisy/GRB-Search-Pipeline/results/training/maps/longlow/adapt_p11-715852394892384_a135-0_164_map.h5
  source_tile = 6695
  slew_rate   = 10
  dwell_time  = 5
  output      = /home/daisy/GRB-Search-Pipeline/results/training/longlow_searching_2.5x2.5_tiling.csv

source = [78.2841, 135], n_src_events = 847, n_bkg_events = 342
Loaded 42 entries (unique=42, duplicates=0, missing=49110, out_of_bounds=0, non-finite=0)
Sum(prob) over finite entries = 0.999999
init sum: 0.999999
num pixels: 49152
tile num: 6781
total tile prob: 0.999999
tiles with prob > 0: 10
total tile prob after trim: 0.999999
num tiles after trim: 10
init_pos: 6617
*********running GCP*********
total time (wallclock): 0.0336044 seconds

$ /home/daisy/GRB-Search-Pipeline/search-planning/build/sp_train /home/daisy/GRB-Search-Pipeline/results/training/maps/longlow/adapt_p11-715852394892384_a135-0_165_map.h5 /home/daisy/GRB-Search-Pipeline/search-planning/tilings/tiling_files/2.5x2.5_tiling.csv 6695 10.0 10.0 5.0 0 /home/daisy/GRB-Search-Pipeline/results/training/longlow_searching_2.5x2.5_tiling.csv
Input Parameters:
  file        = /home/daisy/GRB-Search-Pipeline/results/training/maps/longlow/adapt_p11-715852394892384_a135-0_165_map.h5
  source_tile = 6695
  slew_rate   = 10
  dwell_time  = 5
  output      = /home/daisy/GRB-Search-Pipeline/results/training/longlow_searching_2.5x2.5_tiling.csv

source = [78.2841, 135], n_src_events = 163, n_bkg_events = 576
Loaded 546 entries (unique=546, duplicates=0, missing=48606, out_of_bounds=0, non-finite=0)
Sum(prob) over finite entries = 0.999998
init sum: 0.999998
num pixels: 49152
tile num: 6781
total tile prob: 0.999998
tiles with prob > 0: 97
total tile prob after trim: 0.999998
num tiles after trim: 97
init_pos: 6459
*********running GCP*********
total time (wallclock): 0.101696 seconds

$ /home/daisy/GRB-Search-Pipeline/search-planning/build/sp_train /home/daisy/GRB-Search-Pipeline/results/training/maps/longlow/adapt_p11-715852394892384_a135-0_166_map.h5 /home/daisy/GRB-Search-Pipeline/search-planning/tilings/tiling_files/2.5x2.5_tiling.csv 6695 10.0 10.0 5.0 0 /home/daisy/GRB-Search-Pipeline/results/training/longlow_searching_2.5x2.5_tiling.csv
Input Parameters:
  file        = /home/daisy/GRB-Search-Pipeline/results/training/maps/longlow/adapt_p11-715852394892384_a135-0_166_map.h5
  source_tile = 6695
  slew_rate   = 10
  dwell_time  = 5
  output      = /home/daisy/GRB-Search-Pipeline/results/training/longlow_searching_2.5x2.5_tiling.csv

source = [78.2841, 135], n_src_events = 539, n_bkg_events = 751
Loaded 83 entries (unique=83, duplicates=0, missing=49069, out_of_bounds=0, non-finite=0)
Sum(prob) over finite entries = 0.999999
init sum: 0.999999
num pixels: 49152
tile num: 6781
total tile prob: 0.999999
tiles with prob > 0: 18
total tile prob after trim: 0.999999
num tiles after trim: 18
init_pos: 6572
*********running GCP*********
total time (wallclock): 0.0362726 seconds

$ /home/daisy/GRB-Search-Pipeline/search-planning/build/sp_train /home/daisy/GRB-Search-Pipeline/results/training/maps/longlow/adapt_p11-715852394892384_a135-0_167_map.h5 /home/daisy/GRB-Search-Pipeline/search-planning/tilings/tiling_files/2.5x2.5_tiling.csv 6695 10.0 10.0 5.0 0 /home/daisy/GRB-Search-Pipeline/results/training/longlow_searching_2.5x2.5_tiling.csv
Input Parameters:
  file        = /home/daisy/GRB-Search-Pipeline/results/training/maps/longlow/adapt_p11-715852394892384_a135-0_167_map.h5
  source_tile = 6695
  slew_rate   = 10
  dwell_time  = 5
  output      = /home/daisy/GRB-Search-Pipeline/results/training/longlow_searching_2.5x2.5_tiling.csv

source = [78.2841, 135], n_src_events = 456, n_bkg_events = 304
Loaded 66 entries (unique=66, duplicates=0, missing=49086, out_of_bounds=0, non-finite=0)
Sum(prob) over finite entries = 0.999999
init sum: 0.999999
num pixels: 49152
tile num: 6781
total tile prob: 0.999999
tiles with prob > 0: 15
total tile prob after trim: 0.999999
num tiles after trim: 15
init_pos: 6660
*********running GCP*********
total time (wallclock): 0.0340147 seconds

$ /home/daisy/GRB-Search-Pipeline/search-planning/build/sp_train /home/daisy/GRB-Search-Pipeline/results/training/maps/longlow/adapt_p11-715852394892384_a135-0_168_map.h5 /home/daisy/GRB-Search-Pipeline/search-planning/tilings/tiling_files/2.5x2.5_tiling.csv 6695 10.0 10.0 5.0 0 /home/daisy/GRB-Search-Pipeline/results/training/longlow_searching_2.5x2.5_tiling.csv
Input Parameters:
  file        = /home/daisy/GRB-Search-Pipeline/results/training/maps/longlow/adapt_p11-715852394892384_a135-0_168_map.h5
  source_tile = 6695
  slew_rate   = 10
  dwell_time  = 5
  output      = /home/daisy/GRB-Search-Pipeline/results/training/longlow_searching_2.5x2.5_tiling.csv

source = [78.2841, 135], n_src_events = 380, n_bkg_events = 836
Loaded 176 entries (unique=176, duplicates=0, missing=48976, out_of_bounds=0, non-finite=0)
Sum(prob) over finite entries = 0.999998
init sum: 0.999998
num pixels: 49152
tile num: 6781
total tile prob: 0.999998
tiles with prob > 0: 34
total tile prob after trim: 0.999998
num tiles after trim: 34
init_pos: 6662
*********running GCP*********
total time (wallclock): 0.0381497 seconds

$ /home/daisy/GRB-Search-Pipeline/search-planning/build/sp_train /home/daisy/GRB-Search-Pipeline/results/training/maps/longlow/adapt_p11-715852394892384_a135-0_169_map.h5 /home/daisy/GRB-Search-Pipeline/search-planning/tilings/tiling_files/2.5x2.5_tiling.csv 6695 10.0 10.0 5.0 0 /home/daisy/GRB-Search-Pipeline/results/training/longlow_searching_2.5x2.5_tiling.csv
Input Parameters:
  file        = /home/daisy/GRB-Search-Pipeline/results/training/maps/longlow/adapt_p11-715852394892384_a135-0_169_map.h5
  source_tile = 6695
  slew_rate   = 10
  dwell_time  = 5
  output      = /home/daisy/GRB-Search-Pipeline/results/training/longlow_searching_2.5x2.5_tiling.csv

source = [78.2841, 135], n_src_events = 530, n_bkg_events = 672
Loaded 110 entries (unique=110, duplicates=0, missing=49042, out_of_bounds=0, non-finite=0)
Sum(prob) over finite entries = 0.999998
init sum: 0.999998
num pixels: 49152
tile num: 6781
total tile prob: 0.999998
tiles with prob > 0: 23
total tile prob after trim: 0.999998
num tiles after trim: 23
init_pos: 6693
*********running GCP*********
total time (wallclock): 0.0323847 seconds

$ /home/daisy/GRB-Search-Pipeline/search-planning/build/sp_train /home/daisy/GRB-Search-Pipeline/results/training/maps/longlow/adapt_p11-715852394892384_a135-0_16_map.h5 /home/daisy/GRB-Search-Pipeline/search-planning/tilings/tiling_files/2.5x2.5_tiling.csv 6695 10.0 10.0 5.0 0 /home/daisy/GRB-Search-Pipeline/results/training/longlow_searching_2.5x2.5_tiling.csv
Input Parameters:
  file        = /home/daisy/GRB-Search-Pipeline/results/training/maps/longlow/adapt_p11-715852394892384_a135-0_16_map.h5
  source_tile = 6695
  slew_rate   = 10
  dwell_time  = 5
  output      = /home/daisy/GRB-Search-Pipeline/results/training/longlow_searching_2.5x2.5_tiling.csv

source = [78.2841, 135], n_src_events = 321, n_bkg_events = 301
Loaded 214 entries (unique=214, duplicates=0, missing=48938, out_of_bounds=0, non-finite=0)
Sum(prob) over finite entries = 0.999999
init sum: 0.999999
num pixels: 49152
tile num: 6781
total tile prob: 0.999999
tiles with prob > 0: 45
total tile prob after trim: 0.999999
num tiles after trim: 45
init_pos: 6660
*********running GCP*********
total time (wallclock): 0.033804 seconds

$ /home/daisy/GRB-Search-Pipeline/search-planning/build/sp_train /home/daisy/GRB-Search-Pipeline/results/training/maps/longlow/adapt_p11-715852394892384_a135-0_170_map.h5 /home/daisy/GRB-Search-Pipeline/search-planning/tilings/tiling_files/2.5x2.5_tiling.csv 6695 10.0 10.0 5.0 0 /home/daisy/GRB-Search-Pipeline/results/training/longlow_searching_2.5x2.5_tiling.csv
Input Parameters:
  file        = /home/daisy/GRB-Search-Pipeline/results/training/maps/longlow/adapt_p11-715852394892384_a135-0_170_map.h5
  source_tile = 6695
  slew_rate   = 10
  dwell_time  = 5
  output      = /home/daisy/GRB-Search-Pipeline/results/training/longlow_searching_2.5x2.5_tiling.csv

source = [78.2841, 135], n_src_events = 166, n_bkg_events = 725
Loaded 444 entries (unique=444, duplicates=0, missing=48708, out_of_bounds=0, non-finite=0)
Sum(prob) over finite entries = 0.999998
init sum: 0.999998
num pixels: 49152
tile num: 6781
total tile prob: 0.999998
tiles with prob > 0: 76
total tile prob after trim: 0.999998
num tiles after trim: 76
init_pos: 6521
*********running GCP*********
total time (wallclock): 0.0659322 seconds

$ /home/daisy/GRB-Search-Pipeline/search-planning/build/sp_train /home/daisy/GRB-Search-Pipeline/results/training/maps/longlow/adapt_p11-715852394892384_a135-0_171_map.h5 /home/daisy/GRB-Search-Pipeline/search-planning/tilings/tiling_files/2.5x2.5_tiling.csv 6695 10.0 10.0 5.0 0 /home/daisy/GRB-Search-Pipeline/results/training/longlow_searching_2.5x2.5_tiling.csv
Input Parameters:
  file        = /home/daisy/GRB-Search-Pipeline/results/training/maps/longlow/adapt_p11-715852394892384_a135-0_171_map.h5
  source_tile = 6695
  slew_rate   = 10
  dwell_time  = 5
  output      = /home/daisy/GRB-Search-Pipeline/results/training/longlow_searching_2.5x2.5_tiling.csv

source = [78.2841, 135], n_src_events = 96, n_bkg_events = 755
Loaded 1214 entries (unique=1214, duplicates=0, missing=47938, out_of_bounds=0, non-finite=0)
Sum(prob) over finite entries = 0.999996
init sum: 0.999996
num pixels: 49152
tile num: 6781
total tile prob: 0.999996
tiles with prob > 0: 206
total tile prob after trim: 0.999996
num tiles after trim: 206
init_pos: 6575
*********running GCP*********
total time (wallclock): 0.0372573 seconds

$ /home/daisy/GRB-Search-Pipeline/search-planning/build/sp_train /home/daisy/GRB-Search-Pipeline/results/training/maps/longlow/adapt_p11-715852394892384_a135-0_172_map.h5 /home/daisy/GRB-Search-Pipeline/search-planning/tilings/tiling_files/2.5x2.5_tiling.csv 6695 10.0 10.0 5.0 0 /home/daisy/GRB-Search-Pipeline/results/training/longlow_searching_2.5x2.5_tiling.csv
Input Parameters:
  file        = /home/daisy/GRB-Search-Pipeline/results/training/maps/longlow/adapt_p11-715852394892384_a135-0_172_map.h5
  source_tile = 6695
  slew_rate   = 10
  dwell_time  = 5
  output      = /home/daisy/GRB-Search-Pipeline/results/training/longlow_searching_2.5x2.5_tiling.csv

source = [78.2841, 135], n_src_events = 658, n_bkg_events = 1116
Loaded 65 entries (unique=65, duplicates=0, missing=49087, out_of_bounds=0, non-finite=0)
Sum(prob) over finite entries = 0.999999
init sum: 0.999999
num pixels: 49152
tile num: 6781
total tile prob: 0.999999
tiles with prob > 0: 14
total tile prob after trim: 0.999999
num tiles after trim: 14
init_pos: 6662
*********running GCP*********
total time (wallclock): 0.0357867 seconds

$ /home/daisy/GRB-Search-Pipeline/search-planning/build/sp_train /home/daisy/GRB-Search-Pipeline/results/training/maps/longlow/adapt_p11-715852394892384_a135-0_173_map.h5 /home/daisy/GRB-Search-Pipeline/search-planning/tilings/tiling_files/2.5x2.5_tiling.csv 6695 10.0 10.0 5.0 0 /home/daisy/GRB-Search-Pipeline/results/training/longlow_searching_2.5x2.5_tiling.csv
Input Parameters:
  file        = /home/daisy/GRB-Search-Pipeline/results/training/maps/longlow/adapt_p11-715852394892384_a135-0_173_map.h5
  source_tile = 6695
  slew_rate   = 10
  dwell_time  = 5
  output      = /home/daisy/GRB-Search-Pipeline/results/training/longlow_searching_2.5x2.5_tiling.csv

source = [78.2841, 135], n_src_events = 208, n_bkg_events = 831
Loaded 413 entries (unique=413, duplicates=0, missing=48739, out_of_bounds=0, non-finite=0)
Sum(prob) over finite entries = 0.999998
init sum: 0.999998
num pixels: 49152
tile num: 6781
total tile prob: 0.999998
tiles with prob > 0: 74
total tile prob after trim: 0.999998
num tiles after trim: 74
init_pos: 6698
*********running GCP*********
total time (wallclock): 0.0391578 seconds

$ /home/daisy/GRB-Search-Pipeline/search-planning/build/sp_train /home/daisy/GRB-Search-Pipeline/results/training/maps/longlow/adapt_p11-715852394892384_a135-0_174_map.h5 /home/daisy/GRB-Search-Pipeline/search-planning/tilings/tiling_files/2.5x2.5_tiling.csv 6695 10.0 10.0 5.0 0 /home/daisy/GRB-Search-Pipeline/results/training/longlow_searching_2.5x2.5_tiling.csv
Input Parameters:
  file        = /home/daisy/GRB-Search-Pipeline/results/training/maps/longlow/adapt_p11-715852394892384_a135-0_174_map.h5
  source_tile = 6695
  slew_rate   = 10
  dwell_time  = 5
  output      = /home/daisy/GRB-Search-Pipeline/results/training/longlow_searching_2.5x2.5_tiling.csv

source = [78.2841, 135], n_src_events = 735, n_bkg_events = 429
Loaded 64 entries (unique=64, duplicates=0, missing=49088, out_of_bounds=0, non-finite=0)
Sum(prob) over finite entries = 0.999998
init sum: 0.999998
num pixels: 49152
tile num: 6781
total tile prob: 0.999998
tiles with prob > 0: 16
total tile prob after trim: 0.999998
num tiles after trim: 16
init_pos: 6659
*********running GCP*********
total time (wallclock): 0.0311476 seconds

$ /home/daisy/GRB-Search-Pipeline/search-planning/build/sp_train /home/daisy/GRB-Search-Pipeline/results/training/maps/longlow/adapt_p11-715852394892384_a135-0_175_map.h5 /home/daisy/GRB-Search-Pipeline/search-planning/tilings/tiling_files/2.5x2.5_tiling.csv 6695 10.0 10.0 5.0 0 /home/daisy/GRB-Search-Pipeline/results/training/longlow_searching_2.5x2.5_tiling.csv
Input Parameters:
  file        = /home/daisy/GRB-Search-Pipeline/results/training/maps/longlow/adapt_p11-715852394892384_a135-0_175_map.h5
  source_tile = 6695
  slew_rate   = 10
  dwell_time  = 5
  output      = /home/daisy/GRB-Search-Pipeline/results/training/longlow_searching_2.5x2.5_tiling.csv

source = [78.2841, 135], n_src_events = 425, n_bkg_events = 508
Loaded 206 entries (unique=206, duplicates=0, missing=48946, out_of_bounds=0, non-finite=0)
Sum(prob) over finite entries = 0.999999
init sum: 0.999999
num pixels: 49152
tile num: 6781
total tile prob: 0.999999
tiles with prob > 0: 39
total tile prob after trim: 0.999999
num tiles after trim: 39
init_pos: 6728
*********running GCP*********
total time (wallclock): 0.0325491 seconds

$ /home/daisy/GRB-Search-Pipeline/search-planning/build/sp_train /home/daisy/GRB-Search-Pipeline/results/training/maps/longlow/adapt_p11-715852394892384_a135-0_176_map.h5 /home/daisy/GRB-Search-Pipeline/search-planning/tilings/tiling_files/2.5x2.5_tiling.csv 6695 10.0 10.0 5.0 0 /home/daisy/GRB-Search-Pipeline/results/training/longlow_searching_2.5x2.5_tiling.csv
Input Parameters:
  file        = /home/daisy/GRB-Search-Pipeline/results/training/maps/longlow/adapt_p11-715852394892384_a135-0_176_map.h5
  source_tile = 6695
  slew_rate   = 10
  dwell_time  = 5
  output      = /home/daisy/GRB-Search-Pipeline/results/training/longlow_searching_2.5x2.5_tiling.csv

source = [78.2841, 135], n_src_events = 769, n_bkg_events = 522
Loaded 54 entries (unique=54, duplicates=0, missing=49098, out_of_bounds=0, non-finite=0)
Sum(prob) over finite entries = 0.999999
init sum: 0.999999
num pixels: 49152
tile num: 6781
total tile prob: 0.999999
tiles with prob > 0: 13
total tile prob after trim: 0.999999
num tiles after trim: 13
init_pos: 6696
*********running GCP*********
total time (wallclock): 0.0319439 seconds

$ /home/daisy/GRB-Search-Pipeline/search-planning/build/sp_train /home/daisy/GRB-Search-Pipeline/results/training/maps/longlow/adapt_p11-715852394892384_a135-0_177_map.h5 /home/daisy/GRB-Search-Pipeline/search-planning/tilings/tiling_files/2.5x2.5_tiling.csv 6695 10.0 10.0 5.0 0 /home/daisy/GRB-Search-Pipeline/results/training/longlow_searching_2.5x2.5_tiling.csv
Input Parameters:
  file        = /home/daisy/GRB-Search-Pipeline/results/training/maps/longlow/adapt_p11-715852394892384_a135-0_177_map.h5
  source_tile = 6695
  slew_rate   = 10
  dwell_time  = 5
  output      = /home/daisy/GRB-Search-Pipeline/results/training/longlow_searching_2.5x2.5_tiling.csv

source = [78.2841, 135], n_src_events = 786, n_bkg_events = 685
Loaded 104 entries (unique=104, duplicates=0, missing=49048, out_of_bounds=0, non-finite=0)
Sum(prob) over finite entries = 0.999999
init sum: 0.999999
num pixels: 49152
tile num: 6781
total tile prob: 0.999999
tiles with prob > 0: 21
total tile prob after trim: 0.999999
num tiles after trim: 21
init_pos: 6661
*********running GCP*********
total time (wallclock): 0.0336425 seconds

$ /home/daisy/GRB-Search-Pipeline/search-planning/build/sp_train /home/daisy/GRB-Search-Pipeline/results/training/maps/longlow/adapt_p11-715852394892384_a135-0_178_map.h5 /home/daisy/GRB-Search-Pipeline/search-planning/tilings/tiling_files/2.5x2.5_tiling.csv 6695 10.0 10.0 5.0 0 /home/daisy/GRB-Search-Pipeline/results/training/longlow_searching_2.5x2.5_tiling.csv
Input Parameters:
  file        = /home/daisy/GRB-Search-Pipeline/results/training/maps/longlow/adapt_p11-715852394892384_a135-0_178_map.h5
  source_tile = 6695
  slew_rate   = 10
  dwell_time  = 5
  output      = /home/daisy/GRB-Search-Pipeline/results/training/longlow_searching_2.5x2.5_tiling.csv

source = [78.2841, 135], n_src_events = 92, n_bkg_events = 886
Loaded 1226 entries (unique=1226, duplicates=0, missing=47926, out_of_bounds=0, non-finite=0)
Sum(prob) over finite entries = 0.999995
init sum: 0.999995
num pixels: 49152
tile num: 6781
total tile prob: 0.999995
tiles with prob > 0: 219
total tile prob after trim: 0.999995
num tiles after trim: 219
init_pos: 6605
*********running GCP*********
total time (wallclock): 0.530142 seconds

$ /home/daisy/GRB-Search-Pipeline/search-planning/build/sp_train /home/daisy/GRB-Search-Pipeline/results/training/maps/longlow/adapt_p11-715852394892384_a135-0_179_map.h5 /home/daisy/GRB-Search-Pipeline/search-planning/tilings/tiling_files/2.5x2.5_tiling.csv 6695 10.0 10.0 5.0 0 /home/daisy/GRB-Search-Pipeline/results/training/longlow_searching_2.5x2.5_tiling.csv
Input Parameters:
  file        = /home/daisy/GRB-Search-Pipeline/results/training/maps/longlow/adapt_p11-715852394892384_a135-0_179_map.h5
  source_tile = 6695
  slew_rate   = 10
  dwell_time  = 5
  output      = /home/daisy/GRB-Search-Pipeline/results/training/longlow_searching_2.5x2.5_tiling.csv

source = [78.2841, 135], n_src_events = 142, n_bkg_events = 586
Loaded 1802 entries (unique=1802, duplicates=0, missing=47350, out_of_bounds=0, non-finite=0)
Sum(prob) over finite entries = 0.999993
init sum: 0.999993
num pixels: 49152
tile num: 6781
total tile prob: 0.999993
tiles with prob > 0: 317
total tile prob after trim: 0.999993
num tiles after trim: 317
init_pos: 6515
*********running GCP*********
total time (wallclock): 0.0633238 seconds

$ /home/daisy/GRB-Search-Pipeline/search-planning/build/sp_train /home/daisy/GRB-Search-Pipeline/results/training/maps/longlow/adapt_p11-715852394892384_a135-0_17_map.h5 /home/daisy/GRB-Search-Pipeline/search-planning/tilings/tiling_files/2.5x2.5_tiling.csv 6695 10.0 10.0 5.0 0 /home/daisy/GRB-Search-Pipeline/results/training/longlow_searching_2.5x2.5_tiling.csv
Input Parameters:
  file        = /home/daisy/GRB-Search-Pipeline/results/training/maps/longlow/adapt_p11-715852394892384_a135-0_17_map.h5
  source_tile = 6695
  slew_rate   = 10
  dwell_time  = 5
  output      = /home/daisy/GRB-Search-Pipeline/results/training/longlow_searching_2.5x2.5_tiling.csv

source = [78.2841, 135], n_src_events = 88, n_bkg_events = 478
Loaded 1262 entries (unique=1262, duplicates=0, missing=47890, out_of_bounds=0, non-finite=0)
Sum(prob) over finite entries = 0.999995
init sum: 0.999995
num pixels: 49152
tile num: 6781
total tile prob: 0.999995
tiles with prob > 0: 200
total tile prob after trim: 0.999995
num tiles after trim: 200
init_pos: 6285
*********running GCP*********
total time (wallclock): 0.34087 seconds

$ /home/daisy/GRB-Search-Pipeline/search-planning/build/sp_train /home/daisy/GRB-Search-Pipeline/results/training/maps/longlow/adapt_p11-715852394892384_a135-0_180_map.h5 /home/daisy/GRB-Search-Pipeline/search-planning/tilings/tiling_files/2.5x2.5_tiling.csv 6695 10.0 10.0 5.0 0 /home/daisy/GRB-Search-Pipeline/results/training/longlow_searching_2.5x2.5_tiling.csv
Input Parameters:
  file        = /home/daisy/GRB-Search-Pipeline/results/training/maps/longlow/adapt_p11-715852394892384_a135-0_180_map.h5
  source_tile = 6695
  slew_rate   = 10
  dwell_time  = 5
  output      = /home/daisy/GRB-Search-Pipeline/results/training/longlow_searching_2.5x2.5_tiling.csv

source = [78.2841, 135], n_src_events = 111, n_bkg_events = 383
Loaded 536 entries (unique=536, duplicates=0, missing=48616, out_of_bounds=0, non-finite=0)
Sum(prob) over finite entries = 0.999998
init sum: 0.999998
num pixels: 49152
tile num: 6781
total tile prob: 0.999998
tiles with prob > 0: 97
total tile prob after trim: 0.999998
num tiles after trim: 97
init_pos: 6657
*********running GCP*********
total time (wallclock): 0.0330343 seconds

$ /home/daisy/GRB-Search-Pipeline/search-planning/build/sp_train /home/daisy/GRB-Search-Pipeline/results/training/maps/longlow/adapt_p11-715852394892384_a135-0_181_map.h5 /home/daisy/GRB-Search-Pipeline/search-planning/tilings/tiling_files/2.5x2.5_tiling.csv 6695 10.0 10.0 5.0 0 /home/daisy/GRB-Search-Pipeline/results/training/longlow_searching_2.5x2.5_tiling.csv
Input Parameters:
  file        = /home/daisy/GRB-Search-Pipeline/results/training/maps/longlow/adapt_p11-715852394892384_a135-0_181_map.h5
  source_tile = 6695
  slew_rate   = 10
  dwell_time  = 5
  output      = /home/daisy/GRB-Search-Pipeline/results/training/longlow_searching_2.5x2.5_tiling.csv

source = [78.2841, 135], n_src_events = 781, n_bkg_events = 1179
Loaded 71 entries (unique=71, duplicates=0, missing=49081, out_of_bounds=0, non-finite=0)
Sum(prob) over finite entries = 0.999999
init sum: 0.999999
num pixels: 49152
tile num: 6781
total tile prob: 0.999999
tiles with prob > 0: 17
total tile prob after trim: 0.999999
num tiles after trim: 17
init_pos: 6696
*********running GCP*********
total time (wallclock): 0.0319176 seconds

$ /home/daisy/GRB-Search-Pipeline/search-planning/build/sp_train /home/daisy/GRB-Search-Pipeline/results/training/maps/longlow/adapt_p11-715852394892384_a135-0_182_map.h5 /home/daisy/GRB-Search-Pipeline/search-planning/tilings/tiling_files/2.5x2.5_tiling.csv 6695 10.0 10.0 5.0 0 /home/daisy/GRB-Search-Pipeline/results/training/longlow_searching_2.5x2.5_tiling.csv
Input Parameters:
  file        = /home/daisy/GRB-Search-Pipeline/results/training/maps/longlow/adapt_p11-715852394892384_a135-0_182_map.h5
  source_tile = 6695
  slew_rate   = 10
  dwell_time  = 5
  output      = /home/daisy/GRB-Search-Pipeline/results/training/longlow_searching_2.5x2.5_tiling.csv

source = [78.2841, 135], n_src_events = 421, n_bkg_events = 318
Loaded 135 entries (unique=135, duplicates=0, missing=49017, out_of_bounds=0, non-finite=0)
Sum(prob) over finite entries = 0.999998
init sum: 0.999998
num pixels: 49152
tile num: 6781
total tile prob: 0.999998
tiles with prob > 0: 32
total tile prob after trim: 0.999998
num tiles after trim: 32
init_pos: 6726
*********running GCP*********
total time (wallclock): 0.0323407 seconds

$ /home/daisy/GRB-Search-Pipeline/search-planning/build/sp_train /home/daisy/GRB-Search-Pipeline/results/training/maps/longlow/adapt_p11-715852394892384_a135-0_183_map.h5 /home/daisy/GRB-Search-Pipeline/search-planning/tilings/tiling_files/2.5x2.5_tiling.csv 6695 10.0 10.0 5.0 0 /home/daisy/GRB-Search-Pipeline/results/training/longlow_searching_2.5x2.5_tiling.csv
Input Parameters:
  file        = /home/daisy/GRB-Search-Pipeline/results/training/maps/longlow/adapt_p11-715852394892384_a135-0_183_map.h5
  source_tile = 6695
  slew_rate   = 10
  dwell_time  = 5
  output      = /home/daisy/GRB-Search-Pipeline/results/training/longlow_searching_2.5x2.5_tiling.csv

source = [78.2841, 135], n_src_events = 232, n_bkg_events = 602
Loaded 316 entries (unique=316, duplicates=0, missing=48836, out_of_bounds=0, non-finite=0)
Sum(prob) over finite entries = 0.999999
init sum: 0.999999
num pixels: 49152
tile num: 6781
total tile prob: 0.999999
tiles with prob > 0: 57
total tile prob after trim: 0.999999
num tiles after trim: 57
init_pos: 6456
*********running GCP*********
total time (wallclock): 0.0513946 seconds

$ /home/daisy/GRB-Search-Pipeline/search-planning/build/sp_train /home/daisy/GRB-Search-Pipeline/results/training/maps/longlow/adapt_p11-715852394892384_a135-0_184_map.h5 /home/daisy/GRB-Search-Pipeline/search-planning/tilings/tiling_files/2.5x2.5_tiling.csv 6695 10.0 10.0 5.0 0 /home/daisy/GRB-Search-Pipeline/results/training/longlow_searching_2.5x2.5_tiling.csv
Input Parameters:
  file        = /home/daisy/GRB-Search-Pipeline/results/training/maps/longlow/adapt_p11-715852394892384_a135-0_184_map.h5
  source_tile = 6695
  slew_rate   = 10
  dwell_time  = 5
  output      = /home/daisy/GRB-Search-Pipeline/results/training/longlow_searching_2.5x2.5_tiling.csv

source = [78.2841, 135], n_src_events = 474, n_bkg_events = 329
Loaded 86 entries (unique=86, duplicates=0, missing=49066, out_of_bounds=0, non-finite=0)
Sum(prob) over finite entries = 0.999999
init sum: 0.999999
num pixels: 49152
tile num: 6781
total tile prob: 0.999999
tiles with prob > 0: 21
total tile prob after trim: 0.999999
num tiles after trim: 21
init_pos: 6726
*********running GCP*********
total time (wallclock): 0.0345494 seconds

$ /home/daisy/GRB-Search-Pipeline/search-planning/build/sp_train /home/daisy/GRB-Search-Pipeline/results/training/maps/longlow/adapt_p11-715852394892384_a135-0_185_map.h5 /home/daisy/GRB-Search-Pipeline/search-planning/tilings/tiling_files/2.5x2.5_tiling.csv 6695 10.0 10.0 5.0 0 /home/daisy/GRB-Search-Pipeline/results/training/longlow_searching_2.5x2.5_tiling.csv
Input Parameters:
  file        = /home/daisy/GRB-Search-Pipeline/results/training/maps/longlow/adapt_p11-715852394892384_a135-0_185_map.h5
  source_tile = 6695
  slew_rate   = 10
  dwell_time  = 5
  output      = /home/daisy/GRB-Search-Pipeline/results/training/longlow_searching_2.5x2.5_tiling.csv

source = [78.2841, 135], n_src_events = 259, n_bkg_events = 677
Loaded 269 entries (unique=269, duplicates=0, missing=48883, out_of_bounds=0, non-finite=0)
Sum(prob) over finite entries = 0.999999
init sum: 0.999999
num pixels: 49152
tile num: 6781
total tile prob: 0.999999
tiles with prob > 0: 52
total tile prob after trim: 0.999999
num tiles after trim: 52
init_pos: 6656
*********running GCP*********
total time (wallclock): 0.0322607 seconds

$ /home/daisy/GRB-Search-Pipeline/search-planning/build/sp_train /home/daisy/GRB-Search-Pipeline/results/training/maps/longlow/adapt_p11-715852394892384_a135-0_186_map.h5 /home/daisy/GRB-Search-Pipeline/search-planning/tilings/tiling_files/2.5x2.5_tiling.csv 6695 10.0 10.0 5.0 0 /home/daisy/GRB-Search-Pipeline/results/training/longlow_searching_2.5x2.5_tiling.csv
Input Parameters:
  file        = /home/daisy/GRB-Search-Pipeline/results/training/maps/longlow/adapt_p11-715852394892384_a135-0_186_map.h5
  source_tile = 6695
  slew_rate   = 10
  dwell_time  = 5
  output      = /home/daisy/GRB-Search-Pipeline/results/training/longlow_searching_2.5x2.5_tiling.csv

source = [78.2841, 135], n_src_events = 658, n_bkg_events = 451
Loaded 68 entries (unique=68, duplicates=0, missing=49084, out_of_bounds=0, non-finite=0)
Sum(prob) over finite entries = 0.999999
init sum: 0.999999
num pixels: 49152
tile num: 6781
total tile prob: 0.999999
tiles with prob > 0: 16
total tile prob after trim: 0.999999
num tiles after trim: 16
init_pos: 6727
*********running GCP*********
total time (wallclock): 0.0317294 seconds

$ /home/daisy/GRB-Search-Pipeline/search-planning/build/sp_train /home/daisy/GRB-Search-Pipeline/results/training/maps/longlow/adapt_p11-715852394892384_a135-0_187_map.h5 /home/daisy/GRB-Search-Pipeline/search-planning/tilings/tiling_files/2.5x2.5_tiling.csv 6695 10.0 10.0 5.0 0 /home/daisy/GRB-Search-Pipeline/results/training/longlow_searching_2.5x2.5_tiling.csv
Input Parameters:
  file        = /home/daisy/GRB-Search-Pipeline/results/training/maps/longlow/adapt_p11-715852394892384_a135-0_187_map.h5
  source_tile = 6695
  slew_rate   = 10
  dwell_time  = 5
  output      = /home/daisy/GRB-Search-Pipeline/results/training/longlow_searching_2.5x2.5_tiling.csv

source = [78.2841, 135], n_src_events = 535, n_bkg_events = 991
Loaded 114 entries (unique=114, duplicates=0, missing=49038, out_of_bounds=0, non-finite=0)
Sum(prob) over finite entries = 0.999999
init sum: 0.999999
num pixels: 49152
tile num: 6781
total tile prob: 0.999999
tiles with prob > 0: 25
total tile prob after trim: 0.999999
num tiles after trim: 25
init_pos: 6661
*********running GCP*********
total time (wallclock): 0.0332249 seconds

$ /home/daisy/GRB-Search-Pipeline/search-planning/build/sp_train /home/daisy/GRB-Search-Pipeline/results/training/maps/longlow/adapt_p11-715852394892384_a135-0_188_map.h5 /home/daisy/GRB-Search-Pipeline/search-planning/tilings/tiling_files/2.5x2.5_tiling.csv 6695 10.0 10.0 5.0 0 /home/daisy/GRB-Search-Pipeline/results/training/longlow_searching_2.5x2.5_tiling.csv
Input Parameters:
  file        = /home/daisy/GRB-Search-Pipeline/results/training/maps/longlow/adapt_p11-715852394892384_a135-0_188_map.h5
  source_tile = 6695
  slew_rate   = 10
  dwell_time  = 5
  output      = /home/daisy/GRB-Search-Pipeline/results/training/longlow_searching_2.5x2.5_tiling.csv

source = [78.2841, 135], n_src_events = 351, n_bkg_events = 881
Loaded 185 entries (unique=185, duplicates=0, missing=48967, out_of_bounds=0, non-finite=0)
Sum(prob) over finite entries = 0.999999
init sum: 0.999999
num pixels: 49152
tile num: 6781
total tile prob: 0.999999
tiles with prob > 0: 36
total tile prob after trim: 0.999999
num tiles after trim: 36
init_pos: 6695
*********running GCP*********
total time (wallclock): 0.0314473 seconds

$ /home/daisy/GRB-Search-Pipeline/search-planning/build/sp_train /home/daisy/GRB-Search-Pipeline/results/training/maps/longlow/adapt_p11-715852394892384_a135-0_189_map.h5 /home/daisy/GRB-Search-Pipeline/search-planning/tilings/tiling_files/2.5x2.5_tiling.csv 6695 10.0 10.0 5.0 0 /home/daisy/GRB-Search-Pipeline/results/training/longlow_searching_2.5x2.5_tiling.csv
Input Parameters:
  file        = /home/daisy/GRB-Search-Pipeline/results/training/maps/longlow/adapt_p11-715852394892384_a135-0_189_map.h5
  source_tile = 6695
  slew_rate   = 10
  dwell_time  = 5
  output      = /home/daisy/GRB-Search-Pipeline/results/training/longlow_searching_2.5x2.5_tiling.csv

source = [78.2841, 135], n_src_events = 287, n_bkg_events = 740
Loaded 254 entries (unique=254, duplicates=0, missing=48898, out_of_bounds=0, non-finite=0)
Sum(prob) over finite entries = 0.999998
init sum: 0.999998
num pixels: 49152
tile num: 6781
total tile prob: 0.999998
tiles with prob > 0: 45
total tile prob after trim: 0.999998
num tiles after trim: 45
init_pos: 6664
*********running GCP*********
total time (wallclock): 0.0495225 seconds

$ /home/daisy/GRB-Search-Pipeline/search-planning/build/sp_train /home/daisy/GRB-Search-Pipeline/results/training/maps/longlow/adapt_p11-715852394892384_a135-0_18_map.h5 /home/daisy/GRB-Search-Pipeline/search-planning/tilings/tiling_files/2.5x2.5_tiling.csv 6695 10.0 10.0 5.0 0 /home/daisy/GRB-Search-Pipeline/results/training/longlow_searching_2.5x2.5_tiling.csv
Input Parameters:
  file        = /home/daisy/GRB-Search-Pipeline/results/training/maps/longlow/adapt_p11-715852394892384_a135-0_18_map.h5
  source_tile = 6695
  slew_rate   = 10
  dwell_time  = 5
  output      = /home/daisy/GRB-Search-Pipeline/results/training/longlow_searching_2.5x2.5_tiling.csv

source = [78.2841, 135], n_src_events = 844, n_bkg_events = 691
Loaded 55 entries (unique=55, duplicates=0, missing=49097, out_of_bounds=0, non-finite=0)
Sum(prob) over finite entries = 0.999999
init sum: 0.999999
num pixels: 49152
tile num: 6781
total tile prob: 0.999999
tiles with prob > 0: 13
total tile prob after trim: 0.999999
num tiles after trim: 13
init_pos: 6660
*********running GCP*********
total time (wallclock): 0.0311545 seconds

$ /home/daisy/GRB-Search-Pipeline/search-planning/build/sp_train /home/daisy/GRB-Search-Pipeline/results/training/maps/longlow/adapt_p11-715852394892384_a135-0_190_map.h5 /home/daisy/GRB-Search-Pipeline/search-planning/tilings/tiling_files/2.5x2.5_tiling.csv 6695 10.0 10.0 5.0 0 /home/daisy/GRB-Search-Pipeline/results/training/longlow_searching_2.5x2.5_tiling.csv
Input Parameters:
  file        = /home/daisy/GRB-Search-Pipeline/results/training/maps/longlow/adapt_p11-715852394892384_a135-0_190_map.h5
  source_tile = 6695
  slew_rate   = 10
  dwell_time  = 5
  output      = /home/daisy/GRB-Search-Pipeline/results/training/longlow_searching_2.5x2.5_tiling.csv

source = [78.2841, 135], n_src_events = 497, n_bkg_events = 707
Loaded 116 entries (unique=116, duplicates=0, missing=49036, out_of_bounds=0, non-finite=0)
Sum(prob) over finite entries = 0.999999
init sum: 0.999999
num pixels: 49152
tile num: 6781
total tile prob: 0.999999
tiles with prob > 0: 24
total tile prob after trim: 0.999999
num tiles after trim: 24
init_pos: 6695
*********running GCP*********
total time (wallclock): 0.0312997 seconds

$ /home/daisy/GRB-Search-Pipeline/search-planning/build/sp_train /home/daisy/GRB-Search-Pipeline/results/training/maps/longlow/adapt_p11-715852394892384_a135-0_191_map.h5 /home/daisy/GRB-Search-Pipeline/search-planning/tilings/tiling_files/2.5x2.5_tiling.csv 6695 10.0 10.0 5.0 0 /home/daisy/GRB-Search-Pipeline/results/training/longlow_searching_2.5x2.5_tiling.csv
Input Parameters:
  file        = /home/daisy/GRB-Search-Pipeline/results/training/maps/longlow/adapt_p11-715852394892384_a135-0_191_map.h5
  source_tile = 6695
  slew_rate   = 10
  dwell_time  = 5
  output      = /home/daisy/GRB-Search-Pipeline/results/training/longlow_searching_2.5x2.5_tiling.csv

source = [78.2841, 135], n_src_events = 499, n_bkg_events = 964
Loaded 212 entries (unique=212, duplicates=0, missing=48940, out_of_bounds=0, non-finite=0)
Sum(prob) over finite entries = 0.999998
init sum: 0.999998
num pixels: 49152
tile num: 6781
total tile prob: 0.999998
tiles with prob > 0: 44
total tile prob after trim: 0.999998
num tiles after trim: 44
init_pos: 6693
*********running GCP*********
total time (wallclock): 0.0341153 seconds

$ /home/daisy/GRB-Search-Pipeline/search-planning/build/sp_train /home/daisy/GRB-Search-Pipeline/results/training/maps/longlow/adapt_p11-715852394892384_a135-0_192_map.h5 /home/daisy/GRB-Search-Pipeline/search-planning/tilings/tiling_files/2.5x2.5_tiling.csv 6695 10.0 10.0 5.0 0 /home/daisy/GRB-Search-Pipeline/results/training/longlow_searching_2.5x2.5_tiling.csv
Input Parameters:
  file        = /home/daisy/GRB-Search-Pipeline/results/training/maps/longlow/adapt_p11-715852394892384_a135-0_192_map.h5
  source_tile = 6695
  slew_rate   = 10
  dwell_time  = 5
  output      = /home/daisy/GRB-Search-Pipeline/results/training/longlow_searching_2.5x2.5_tiling.csv

source = [78.2841, 135], n_src_events = 375, n_bkg_events = 812
Loaded 208 entries (unique=208, duplicates=0, missing=48944, out_of_bounds=0, non-finite=0)
Sum(prob) over finite entries = 0.999999
init sum: 0.999999
num pixels: 49152
tile num: 6781
total tile prob: 0.999999
tiles with prob > 0: 38
total tile prob after trim: 0.999999
num tiles after trim: 38
init_pos: 6619
*********running GCP*********
total time (wallclock): 0.039349 seconds

$ /home/daisy/GRB-Search-Pipeline/search-planning/build/sp_train /home/daisy/GRB-Search-Pipeline/results/training/maps/longlow/adapt_p11-715852394892384_a135-0_193_map.h5 /home/daisy/GRB-Search-Pipeline/search-planning/tilings/tiling_files/2.5x2.5_tiling.csv 6695 10.0 10.0 5.0 0 /home/daisy/GRB-Search-Pipeline/results/training/longlow_searching_2.5x2.5_tiling.csv
Input Parameters:
  file        = /home/daisy/GRB-Search-Pipeline/results/training/maps/longlow/adapt_p11-715852394892384_a135-0_193_map.h5
  source_tile = 6695
  slew_rate   = 10
  dwell_time  = 5
  output      = /home/daisy/GRB-Search-Pipeline/results/training/longlow_searching_2.5x2.5_tiling.csv

source = [78.2841, 135], n_src_events = 711, n_bkg_events = 379
Loaded 55 entries (unique=55, duplicates=0, missing=49097, out_of_bounds=0, non-finite=0)
Sum(prob) over finite entries = 0.999999
init sum: 0.999999
num pixels: 49152
tile num: 6781
total tile prob: 0.999999
tiles with prob > 0: 13
total tile prob after trim: 0.999999
num tiles after trim: 13
init_pos: 6696
*********running GCP*********
total time (wallclock): 0.0336661 seconds

$ /home/daisy/GRB-Search-Pipeline/search-planning/build/sp_train /home/daisy/GRB-Search-Pipeline/results/training/maps/longlow/adapt_p11-715852394892384_a135-0_194_map.h5 /home/daisy/GRB-Search-Pipeline/search-planning/tilings/tiling_files/2.5x2.5_tiling.csv 6695 10.0 10.0 5.0 0 /home/daisy/GRB-Search-Pipeline/results/training/longlow_searching_2.5x2.5_tiling.csv
Input Parameters:
  file        = /home/daisy/GRB-Search-Pipeline/results/training/maps/longlow/adapt_p11-715852394892384_a135-0_194_map.h5
  source_tile = 6695
  slew_rate   = 10
  dwell_time  = 5
  output      = /home/daisy/GRB-Search-Pipeline/results/training/longlow_searching_2.5x2.5_tiling.csv

source = [78.2841, 135], n_src_events = 320, n_bkg_events = 445
Loaded 133 entries (unique=133, duplicates=0, missing=49019, out_of_bounds=0, non-finite=0)
Sum(prob) over finite entries = 0.999999
init sum: 0.999999
num pixels: 49152
tile num: 6781
total tile prob: 0.999999
tiles with prob > 0: 28
total tile prob after trim: 0.999999
num tiles after trim: 28
init_pos: 6728
*********running GCP*********
total time (wallclock): 0.0322035 seconds

$ /home/daisy/GRB-Search-Pipeline/search-planning/build/sp_train /home/daisy/GRB-Search-Pipeline/results/training/maps/longlow/adapt_p11-715852394892384_a135-0_195_map.h5 /home/daisy/GRB-Search-Pipeline/search-planning/tilings/tiling_files/2.5x2.5_tiling.csv 6695 10.0 10.0 5.0 0 /home/daisy/GRB-Search-Pipeline/results/training/longlow_searching_2.5x2.5_tiling.csv
Input Parameters:
  file        = /home/daisy/GRB-Search-Pipeline/results/training/maps/longlow/adapt_p11-715852394892384_a135-0_195_map.h5
  source_tile = 6695
  slew_rate   = 10
  dwell_time  = 5
  output      = /home/daisy/GRB-Search-Pipeline/results/training/longlow_searching_2.5x2.5_tiling.csv

source = [78.2841, 135], n_src_events = 505, n_bkg_events = 223
Loaded 101 entries (unique=101, duplicates=0, missing=49051, out_of_bounds=0, non-finite=0)
Sum(prob) over finite entries = 0.999998
init sum: 0.999998
num pixels: 49152
tile num: 6781
total tile prob: 0.999998
tiles with prob > 0: 23
total tile prob after trim: 0.999998
num tiles after trim: 23
init_pos: 6696
*********running GCP*********
total time (wallclock): 0.0337727 seconds

$ /home/daisy/GRB-Search-Pipeline/search-planning/build/sp_train /home/daisy/GRB-Search-Pipeline/results/training/maps/longlow/adapt_p11-715852394892384_a135-0_196_map.h5 /home/daisy/GRB-Search-Pipeline/search-planning/tilings/tiling_files/2.5x2.5_tiling.csv 6695 10.0 10.0 5.0 0 /home/daisy/GRB-Search-Pipeline/results/training/longlow_searching_2.5x2.5_tiling.csv
Input Parameters:
  file        = /home/daisy/GRB-Search-Pipeline/results/training/maps/longlow/adapt_p11-715852394892384_a135-0_196_map.h5
  source_tile = 6695
  slew_rate   = 10
  dwell_time  = 5
  output      = /home/daisy/GRB-Search-Pipeline/results/training/longlow_searching_2.5x2.5_tiling.csv

source = [78.2841, 135], n_src_events = 816, n_bkg_events = 489
Loaded 73 entries (unique=73, duplicates=0, missing=49079, out_of_bounds=0, non-finite=0)
Sum(prob) over finite entries = 0.999998
init sum: 0.999998
num pixels: 49152
tile num: 6781
total tile prob: 0.999998
tiles with prob > 0: 18
total tile prob after trim: 0.999998
num tiles after trim: 18
init_pos: 6621
*********running GCP*********
total time (wallclock): 0.0338375 seconds

$ /home/daisy/GRB-Search-Pipeline/search-planning/build/sp_train /home/daisy/GRB-Search-Pipeline/results/training/maps/longlow/adapt_p11-715852394892384_a135-0_197_map.h5 /home/daisy/GRB-Search-Pipeline/search-planning/tilings/tiling_files/2.5x2.5_tiling.csv 6695 10.0 10.0 5.0 0 /home/daisy/GRB-Search-Pipeline/results/training/longlow_searching_2.5x2.5_tiling.csv
Input Parameters:
  file        = /home/daisy/GRB-Search-Pipeline/results/training/maps/longlow/adapt_p11-715852394892384_a135-0_197_map.h5
  source_tile = 6695
  slew_rate   = 10
  dwell_time  = 5
  output      = /home/daisy/GRB-Search-Pipeline/results/training/longlow_searching_2.5x2.5_tiling.csv

source = [78.2841, 135], n_src_events = 521, n_bkg_events = 274
Loaded 75 entries (unique=75, duplicates=0, missing=49077, out_of_bounds=0, non-finite=0)
Sum(prob) over finite entries = 0.999998
init sum: 0.999998
num pixels: 49152
tile num: 6781
total tile prob: 0.999998
tiles with prob > 0: 18
total tile prob after trim: 0.999998
num tiles after trim: 18
init_pos: 6617
*********running GCP*********
total time (wallclock): 0.0315525 seconds

$ /home/daisy/GRB-Search-Pipeline/search-planning/build/sp_train /home/daisy/GRB-Search-Pipeline/results/training/maps/longlow/adapt_p11-715852394892384_a135-0_198_map.h5 /home/daisy/GRB-Search-Pipeline/search-planning/tilings/tiling_files/2.5x2.5_tiling.csv 6695 10.0 10.0 5.0 0 /home/daisy/GRB-Search-Pipeline/results/training/longlow_searching_2.5x2.5_tiling.csv
Input Parameters:
  file        = /home/daisy/GRB-Search-Pipeline/results/training/maps/longlow/adapt_p11-715852394892384_a135-0_198_map.h5
  source_tile = 6695
  slew_rate   = 10
  dwell_time  = 5
  output      = /home/daisy/GRB-Search-Pipeline/results/training/longlow_searching_2.5x2.5_tiling.csv

source = [78.2841, 135], n_src_events = 612, n_bkg_events = 994
Loaded 94 entries (unique=94, duplicates=0, missing=49058, out_of_bounds=0, non-finite=0)
Sum(prob) over finite entries = 0.999999
init sum: 0.999999
num pixels: 49152
tile num: 6781
total tile prob: 0.999999
tiles with prob > 0: 23
total tile prob after trim: 0.999999
num tiles after trim: 23
init_pos: 6725
*********running GCP*********
total time (wallclock): 0.0317543 seconds

$ /home/daisy/GRB-Search-Pipeline/search-planning/build/sp_train /home/daisy/GRB-Search-Pipeline/results/training/maps/longlow/adapt_p11-715852394892384_a135-0_199_map.h5 /home/daisy/GRB-Search-Pipeline/search-planning/tilings/tiling_files/2.5x2.5_tiling.csv 6695 10.0 10.0 5.0 0 /home/daisy/GRB-Search-Pipeline/results/training/longlow_searching_2.5x2.5_tiling.csv
Input Parameters:
  file        = /home/daisy/GRB-Search-Pipeline/results/training/maps/longlow/adapt_p11-715852394892384_a135-0_199_map.h5
  source_tile = 6695
  slew_rate   = 10
  dwell_time  = 5
  output      = /home/daisy/GRB-Search-Pipeline/results/training/longlow_searching_2.5x2.5_tiling.csv

source = [78.2841, 135], n_src_events = 120, n_bkg_events = 758
Loaded 1944 entries (unique=1944, duplicates=0, missing=47208, out_of_bounds=0, non-finite=0)
Sum(prob) over finite entries = 0.999983
init sum: 0.999983
num pixels: 49152
tile num: 6781
total tile prob: 0.999983
tiles with prob > 0: 323
total tile prob after trim: 0.999983
num tiles after trim: 323
init_pos: 6723
*********running GCP*********
total time (wallclock): 0.0802127 seconds

$ /home/daisy/GRB-Search-Pipeline/search-planning/build/sp_train /home/daisy/GRB-Search-Pipeline/results/training/maps/longlow/adapt_p11-715852394892384_a135-0_19_map.h5 /home/daisy/GRB-Search-Pipeline/search-planning/tilings/tiling_files/2.5x2.5_tiling.csv 6695 10.0 10.0 5.0 0 /home/daisy/GRB-Search-Pipeline/results/training/longlow_searching_2.5x2.5_tiling.csv
Input Parameters:
  file        = /home/daisy/GRB-Search-Pipeline/results/training/maps/longlow/adapt_p11-715852394892384_a135-0_19_map.h5
  source_tile = 6695
  slew_rate   = 10
  dwell_time  = 5
  output      = /home/daisy/GRB-Search-Pipeline/results/training/longlow_searching_2.5x2.5_tiling.csv

source = [78.2841, 135], n_src_events = 807, n_bkg_events = 211
Loaded 68 entries (unique=68, duplicates=0, missing=49084, out_of_bounds=0, non-finite=0)
Sum(prob) over finite entries = 0.999998
init sum: 0.999998
num pixels: 49152
tile num: 6781
total tile prob: 0.999998
tiles with prob > 0: 15
total tile prob after trim: 0.999998
num tiles after trim: 15
init_pos: 6619
*********running GCP*********
total time (wallclock): 0.0332766 seconds

$ /home/daisy/GRB-Search-Pipeline/search-planning/build/sp_train /home/daisy/GRB-Search-Pipeline/results/training/maps/longlow/adapt_p11-715852394892384_a135-0_1_map.h5 /home/daisy/GRB-Search-Pipeline/search-planning/tilings/tiling_files/2.5x2.5_tiling.csv 6695 10.0 10.0 5.0 0 /home/daisy/GRB-Search-Pipeline/results/training/longlow_searching_2.5x2.5_tiling.csv
Input Parameters:
  file        = /home/daisy/GRB-Search-Pipeline/results/training/maps/longlow/adapt_p11-715852394892384_a135-0_1_map.h5
  source_tile = 6695
  slew_rate   = 10
  dwell_time  = 5
  output      = /home/daisy/GRB-Search-Pipeline/results/training/longlow_searching_2.5x2.5_tiling.csv

source = [78.2841, 135], n_src_events = 563, n_bkg_events = 381
Loaded 90 entries (unique=90, duplicates=0, missing=49062, out_of_bounds=0, non-finite=0)
Sum(prob) over finite entries = 0.999999
init sum: 0.999999
num pixels: 49152
tile num: 6781
total tile prob: 0.999999
tiles with prob > 0: 20
total tile prob after trim: 0.999999
num tiles after trim: 20
init_pos: 6660
*********running GCP*********
total time (wallclock): 0.0327333 seconds

$ /home/daisy/GRB-Search-Pipeline/search-planning/build/sp_train /home/daisy/GRB-Search-Pipeline/results/training/maps/longlow/adapt_p11-715852394892384_a135-0_200_map.h5 /home/daisy/GRB-Search-Pipeline/search-planning/tilings/tiling_files/2.5x2.5_tiling.csv 6695 10.0 10.0 5.0 0 /home/daisy/GRB-Search-Pipeline/results/training/longlow_searching_2.5x2.5_tiling.csv
Input Parameters:
  file        = /home/daisy/GRB-Search-Pipeline/results/training/maps/longlow/adapt_p11-715852394892384_a135-0_200_map.h5
  source_tile = 6695
  slew_rate   = 10
  dwell_time  = 5
  output      = /home/daisy/GRB-Search-Pipeline/results/training/longlow_searching_2.5x2.5_tiling.csv

source = [78.2841, 135], n_src_events = 355, n_bkg_events = 350
Loaded 155 entries (unique=155, duplicates=0, missing=48997, out_of_bounds=0, non-finite=0)
Sum(prob) over finite entries = 0.999999
init sum: 0.999999
num pixels: 49152
tile num: 6781
total tile prob: 0.999999
tiles with prob > 0: 32
total tile prob after trim: 0.999999
num tiles after trim: 32
init_pos: 6726
*********running GCP*********
total time (wallclock): 0.031513 seconds

$ /home/daisy/GRB-Search-Pipeline/search-planning/build/sp_train /home/daisy/GRB-Search-Pipeline/results/training/maps/longlow/adapt_p11-715852394892384_a135-0_201_map.h5 /home/daisy/GRB-Search-Pipeline/search-planning/tilings/tiling_files/2.5x2.5_tiling.csv 6695 10.0 10.0 5.0 0 /home/daisy/GRB-Search-Pipeline/results/training/longlow_searching_2.5x2.5_tiling.csv
Input Parameters:
  file        = /home/daisy/GRB-Search-Pipeline/results/training/maps/longlow/adapt_p11-715852394892384_a135-0_201_map.h5
  source_tile = 6695
  slew_rate   = 10
  dwell_time  = 5
  output      = /home/daisy/GRB-Search-Pipeline/results/training/longlow_searching_2.5x2.5_tiling.csv

source = [78.2841, 135], n_src_events = 858, n_bkg_events = 688
Loaded 46 entries (unique=46, duplicates=0, missing=49106, out_of_bounds=0, non-finite=0)
Sum(prob) over finite entries = 0.999998
init sum: 0.999998
num pixels: 49152
tile num: 6781
total tile prob: 0.999998
tiles with prob > 0: 11
total tile prob after trim: 0.999998
num tiles after trim: 11
init_pos: 6662
*********running GCP*********
total time (wallclock): 0.0333906 seconds

$ /home/daisy/GRB-Search-Pipeline/search-planning/build/sp_train /home/daisy/GRB-Search-Pipeline/results/training/maps/longlow/adapt_p11-715852394892384_a135-0_202_map.h5 /home/daisy/GRB-Search-Pipeline/search-planning/tilings/tiling_files/2.5x2.5_tiling.csv 6695 10.0 10.0 5.0 0 /home/daisy/GRB-Search-Pipeline/results/training/longlow_searching_2.5x2.5_tiling.csv
Input Parameters:
  file        = /home/daisy/GRB-Search-Pipeline/results/training/maps/longlow/adapt_p11-715852394892384_a135-0_202_map.h5
  source_tile = 6695
  slew_rate   = 10
  dwell_time  = 5
  output      = /home/daisy/GRB-Search-Pipeline/results/training/longlow_searching_2.5x2.5_tiling.csv

source = [78.2841, 135], n_src_events = 473, n_bkg_events = 369
Loaded 101 entries (unique=101, duplicates=0, missing=49051, out_of_bounds=0, non-finite=0)
Sum(prob) over finite entries = 0.999999
init sum: 0.999999
num pixels: 49152
tile num: 6781
total tile prob: 0.999999
tiles with prob > 0: 20
total tile prob after trim: 0.999999
num tiles after trim: 20
init_pos: 6696
*********running GCP*********
total time (wallclock): 0.0334922 seconds

$ /home/daisy/GRB-Search-Pipeline/search-planning/build/sp_train /home/daisy/GRB-Search-Pipeline/results/training/maps/longlow/adapt_p11-715852394892384_a135-0_203_map.h5 /home/daisy/GRB-Search-Pipeline/search-planning/tilings/tiling_files/2.5x2.5_tiling.csv 6695 10.0 10.0 5.0 0 /home/daisy/GRB-Search-Pipeline/results/training/longlow_searching_2.5x2.5_tiling.csv
Input Parameters:
  file        = /home/daisy/GRB-Search-Pipeline/results/training/maps/longlow/adapt_p11-715852394892384_a135-0_203_map.h5
  source_tile = 6695
  slew_rate   = 10
  dwell_time  = 5
  output      = /home/daisy/GRB-Search-Pipeline/results/training/longlow_searching_2.5x2.5_tiling.csv

source = [78.2841, 135], n_src_events = 622, n_bkg_events = 940
Loaded 123 entries (unique=123, duplicates=0, missing=49029, out_of_bounds=0, non-finite=0)
Sum(prob) over finite entries = 0.999999
init sum: 0.999999
num pixels: 49152
tile num: 6781
total tile prob: 0.999999
tiles with prob > 0: 26
total tile prob after trim: 0.999999
num tiles after trim: 26
init_pos: 6724
*********running GCP*********
total time (wallclock): 0.0326074 seconds

$ /home/daisy/GRB-Search-Pipeline/search-planning/build/sp_train /home/daisy/GRB-Search-Pipeline/results/training/maps/longlow/adapt_p11-715852394892384_a135-0_204_map.h5 /home/daisy/GRB-Search-Pipeline/search-planning/tilings/tiling_files/2.5x2.5_tiling.csv 6695 10.0 10.0 5.0 0 /home/daisy/GRB-Search-Pipeline/results/training/longlow_searching_2.5x2.5_tiling.csv
Input Parameters:
  file        = /home/daisy/GRB-Search-Pipeline/results/training/maps/longlow/adapt_p11-715852394892384_a135-0_204_map.h5
  source_tile = 6695
  slew_rate   = 10
  dwell_time  = 5
  output      = /home/daisy/GRB-Search-Pipeline/results/training/longlow_searching_2.5x2.5_tiling.csv

source = [78.2841, 135], n_src_events = 101, n_bkg_events = 841
Loaded 2752 entries (unique=2752, duplicates=0, missing=46400, out_of_bounds=0, non-finite=0)
Sum(prob) over finite entries = 0.999995
init sum: 0.999995
num pixels: 49152
tile num: 6781
total tile prob: 0.999995
tiles with prob > 0: 430
total tile prob after trim: 0.999995
num tiles after trim: 430
init_pos: 5591
*********running GCP*********
total time (wallclock): 1.2572 seconds

$ /home/daisy/GRB-Search-Pipeline/search-planning/build/sp_train /home/daisy/GRB-Search-Pipeline/results/training/maps/longlow/adapt_p11-715852394892384_a135-0_205_map.h5 /home/daisy/GRB-Search-Pipeline/search-planning/tilings/tiling_files/2.5x2.5_tiling.csv 6695 10.0 10.0 5.0 0 /home/daisy/GRB-Search-Pipeline/results/training/longlow_searching_2.5x2.5_tiling.csv
Input Parameters:
  file        = /home/daisy/GRB-Search-Pipeline/results/training/maps/longlow/adapt_p11-715852394892384_a135-0_205_map.h5
  source_tile = 6695
  slew_rate   = 10
  dwell_time  = 5
  output      = /home/daisy/GRB-Search-Pipeline/results/training/longlow_searching_2.5x2.5_tiling.csv

source = [78.2841, 135], n_src_events = 526, n_bkg_events = 658
Loaded 116 entries (unique=116, duplicates=0, missing=49036, out_of_bounds=0, non-finite=0)
Sum(prob) over finite entries = 0.999998
init sum: 0.999998
num pixels: 49152
tile num: 6781
total tile prob: 0.999998
tiles with prob > 0: 23
total tile prob after trim: 0.999998
num tiles after trim: 23
init_pos: 6618
*********running GCP*********
total time (wallclock): 0.0343407 seconds

$ /home/daisy/GRB-Search-Pipeline/search-planning/build/sp_train /home/daisy/GRB-Search-Pipeline/results/training/maps/longlow/adapt_p11-715852394892384_a135-0_206_map.h5 /home/daisy/GRB-Search-Pipeline/search-planning/tilings/tiling_files/2.5x2.5_tiling.csv 6695 10.0 10.0 5.0 0 /home/daisy/GRB-Search-Pipeline/results/training/longlow_searching_2.5x2.5_tiling.csv
Input Parameters:
  file        = /home/daisy/GRB-Search-Pipeline/results/training/maps/longlow/adapt_p11-715852394892384_a135-0_206_map.h5
  source_tile = 6695
  slew_rate   = 10
  dwell_time  = 5
  output      = /home/daisy/GRB-Search-Pipeline/results/training/longlow_searching_2.5x2.5_tiling.csv

source = [78.2841, 135], n_src_events = 481, n_bkg_events = 460
Loaded 87 entries (unique=87, duplicates=0, missing=49065, out_of_bounds=0, non-finite=0)
Sum(prob) over finite entries = 0.999999
init sum: 0.999999
num pixels: 49152
tile num: 6781
total tile prob: 0.999999
tiles with prob > 0: 19
total tile prob after trim: 0.999999
num tiles after trim: 19
init_pos: 6572
*********running GCP*********
total time (wallclock): 0.0370117 seconds

$ /home/daisy/GRB-Search-Pipeline/search-planning/build/sp_train /home/daisy/GRB-Search-Pipeline/results/training/maps/longlow/adapt_p11-715852394892384_a135-0_207_map.h5 /home/daisy/GRB-Search-Pipeline/search-planning/tilings/tiling_files/2.5x2.5_tiling.csv 6695 10.0 10.0 5.0 0 /home/daisy/GRB-Search-Pipeline/results/training/longlow_searching_2.5x2.5_tiling.csv
Input Parameters:
  file        = /home/daisy/GRB-Search-Pipeline/results/training/maps/longlow/adapt_p11-715852394892384_a135-0_207_map.h5
  source_tile = 6695
  slew_rate   = 10
  dwell_time  = 5
  output      = /home/daisy/GRB-Search-Pipeline/results/training/longlow_searching_2.5x2.5_tiling.csv

source = [78.2841, 135], n_src_events = 829, n_bkg_events = 256
Loaded 48 entries (unique=48, duplicates=0, missing=49104, out_of_bounds=0, non-finite=0)
Sum(prob) over finite entries = 0.999999
init sum: 0.999999
num pixels: 49152
tile num: 6781
total tile prob: 0.999999
tiles with prob > 0: 11
total tile prob after trim: 0.999999
num tiles after trim: 11
init_pos: 6661
*********running GCP*********
total time (wallclock): 0.0321913 seconds

$ /home/daisy/GRB-Search-Pipeline/search-planning/build/sp_train /home/daisy/GRB-Search-Pipeline/results/training/maps/longlow/adapt_p11-715852394892384_a135-0_208_map.h5 /home/daisy/GRB-Search-Pipeline/search-planning/tilings/tiling_files/2.5x2.5_tiling.csv 6695 10.0 10.0 5.0 0 /home/daisy/GRB-Search-Pipeline/results/training/longlow_searching_2.5x2.5_tiling.csv
Input Parameters:
  file        = /home/daisy/GRB-Search-Pipeline/results/training/maps/longlow/adapt_p11-715852394892384_a135-0_208_map.h5
  source_tile = 6695
  slew_rate   = 10
  dwell_time  = 5
  output      = /home/daisy/GRB-Search-Pipeline/results/training/longlow_searching_2.5x2.5_tiling.csv

source = [78.2841, 135], n_src_events = 766, n_bkg_events = 939
Loaded 65 entries (unique=65, duplicates=0, missing=49087, out_of_bounds=0, non-finite=0)
Sum(prob) over finite entries = 0.999999
init sum: 0.999999
num pixels: 49152
tile num: 6781
total tile prob: 0.999999
tiles with prob > 0: 16
total tile prob after trim: 0.999999
num tiles after trim: 16
init_pos: 6659
*********running GCP*********
total time (wallclock): 0.0319405 seconds

$ /home/daisy/GRB-Search-Pipeline/search-planning/build/sp_train /home/daisy/GRB-Search-Pipeline/results/training/maps/longlow/adapt_p11-715852394892384_a135-0_209_map.h5 /home/daisy/GRB-Search-Pipeline/search-planning/tilings/tiling_files/2.5x2.5_tiling.csv 6695 10.0 10.0 5.0 0 /home/daisy/GRB-Search-Pipeline/results/training/longlow_searching_2.5x2.5_tiling.csv
Input Parameters:
  file        = /home/daisy/GRB-Search-Pipeline/results/training/maps/longlow/adapt_p11-715852394892384_a135-0_209_map.h5
  source_tile = 6695
  slew_rate   = 10
  dwell_time  = 5
  output      = /home/daisy/GRB-Search-Pipeline/results/training/longlow_searching_2.5x2.5_tiling.csv

source = [78.2841, 135], n_src_events = 583, n_bkg_events = 455
Loaded 68 entries (unique=68, duplicates=0, missing=49084, out_of_bounds=0, non-finite=0)
Sum(prob) over finite entries = 0.999998
init sum: 0.999998
num pixels: 49152
tile num: 6781
total tile prob: 0.999998
tiles with prob > 0: 15
total tile prob after trim: 0.999998
num tiles after trim: 15
init_pos: 6618
*********running GCP*********
total time (wallclock): 0.0338921 seconds

$ /home/daisy/GRB-Search-Pipeline/search-planning/build/sp_train /home/daisy/GRB-Search-Pipeline/results/training/maps/longlow/adapt_p11-715852394892384_a135-0_20_map.h5 /home/daisy/GRB-Search-Pipeline/search-planning/tilings/tiling_files/2.5x2.5_tiling.csv 6695 10.0 10.0 5.0 0 /home/daisy/GRB-Search-Pipeline/results/training/longlow_searching_2.5x2.5_tiling.csv
Input Parameters:
  file        = /home/daisy/GRB-Search-Pipeline/results/training/maps/longlow/adapt_p11-715852394892384_a135-0_20_map.h5
  source_tile = 6695
  slew_rate   = 10
  dwell_time  = 5
  output      = /home/daisy/GRB-Search-Pipeline/results/training/longlow_searching_2.5x2.5_tiling.csv

source = [78.2841, 135], n_src_events = 252, n_bkg_events = 924
Loaded 755 entries (unique=755, duplicates=0, missing=48397, out_of_bounds=0, non-finite=0)
Sum(prob) over finite entries = 0.999998
init sum: 0.999998
num pixels: 49152
tile num: 6781
total tile prob: 0.999998
tiles with prob > 0: 140
total tile prob after trim: 0.999998
num tiles after trim: 140
init_pos: 6518
*********running GCP*********
total time (wallclock): 0.0431603 seconds

$ /home/daisy/GRB-Search-Pipeline/search-planning/build/sp_train /home/daisy/GRB-Search-Pipeline/results/training/maps/longlow/adapt_p11-715852394892384_a135-0_210_map.h5 /home/daisy/GRB-Search-Pipeline/search-planning/tilings/tiling_files/2.5x2.5_tiling.csv 6695 10.0 10.0 5.0 0 /home/daisy/GRB-Search-Pipeline/results/training/longlow_searching_2.5x2.5_tiling.csv
Input Parameters:
  file        = /home/daisy/GRB-Search-Pipeline/results/training/maps/longlow/adapt_p11-715852394892384_a135-0_210_map.h5
  source_tile = 6695
  slew_rate   = 10
  dwell_time  = 5
  output      = /home/daisy/GRB-Search-Pipeline/results/training/longlow_searching_2.5x2.5_tiling.csv

source = [78.2841, 135], n_src_events = 703, n_bkg_events = 798
Loaded 63 entries (unique=63, duplicates=0, missing=49089, out_of_bounds=0, non-finite=0)
Sum(prob) over finite entries = 0.999999
init sum: 0.999999
num pixels: 49152
tile num: 6781
total tile prob: 0.999999
tiles with prob > 0: 15
total tile prob after trim: 0.999999
num tiles after trim: 15
init_pos: 6694
*********running GCP*********
total time (wallclock): 0.031265 seconds

$ /home/daisy/GRB-Search-Pipeline/search-planning/build/sp_train /home/daisy/GRB-Search-Pipeline/results/training/maps/longlow/adapt_p11-715852394892384_a135-0_211_map.h5 /home/daisy/GRB-Search-Pipeline/search-planning/tilings/tiling_files/2.5x2.5_tiling.csv 6695 10.0 10.0 5.0 0 /home/daisy/GRB-Search-Pipeline/results/training/longlow_searching_2.5x2.5_tiling.csv
Input Parameters:
  file        = /home/daisy/GRB-Search-Pipeline/results/training/maps/longlow/adapt_p11-715852394892384_a135-0_211_map.h5
  source_tile = 6695
  slew_rate   = 10
  dwell_time  = 5
  output      = /home/daisy/GRB-Search-Pipeline/results/training/longlow_searching_2.5x2.5_tiling.csv

source = [78.2841, 135], n_src_events = 101, n_bkg_events = 668
Loaded 1034 entries (unique=1034, duplicates=0, missing=48118, out_of_bounds=0, non-finite=0)
Sum(prob) over finite entries = 0.999992
init sum: 0.999992
num pixels: 49152
tile num: 6781
total tile prob: 0.999992
tiles with prob > 0: 190
total tile prob after trim: 0.999992
num tiles after trim: 190
init_pos: 6702
*********running GCP*********
total time (wallclock): 0.0438611 seconds

$ /home/daisy/GRB-Search-Pipeline/search-planning/build/sp_train /home/daisy/GRB-Search-Pipeline/results/training/maps/longlow/adapt_p11-715852394892384_a135-0_212_map.h5 /home/daisy/GRB-Search-Pipeline/search-planning/tilings/tiling_files/2.5x2.5_tiling.csv 6695 10.0 10.0 5.0 0 /home/daisy/GRB-Search-Pipeline/results/training/longlow_searching_2.5x2.5_tiling.csv
Input Parameters:
  file        = /home/daisy/GRB-Search-Pipeline/results/training/maps/longlow/adapt_p11-715852394892384_a135-0_212_map.h5
  source_tile = 6695
  slew_rate   = 10
  dwell_time  = 5
  output      = /home/daisy/GRB-Search-Pipeline/results/training/longlow_searching_2.5x2.5_tiling.csv

source = [78.2841, 135], n_src_events = 155, n_bkg_events = 610
Loaded 890 entries (unique=890, duplicates=0, missing=48262, out_of_bounds=0, non-finite=0)
Sum(prob) over finite entries = 0.999996
init sum: 0.999996
num pixels: 49152
tile num: 6781
total tile prob: 0.999996
tiles with prob > 0: 152
total tile prob after trim: 0.999996
num tiles after trim: 152
init_pos: 6580
*********running GCP*********
total time (wallclock): 0.563357 seconds

$ /home/daisy/GRB-Search-Pipeline/search-planning/build/sp_train /home/daisy/GRB-Search-Pipeline/results/training/maps/longlow/adapt_p11-715852394892384_a135-0_213_map.h5 /home/daisy/GRB-Search-Pipeline/search-planning/tilings/tiling_files/2.5x2.5_tiling.csv 6695 10.0 10.0 5.0 0 /home/daisy/GRB-Search-Pipeline/results/training/longlow_searching_2.5x2.5_tiling.csv
Input Parameters:
  file        = /home/daisy/GRB-Search-Pipeline/results/training/maps/longlow/adapt_p11-715852394892384_a135-0_213_map.h5
  source_tile = 6695
  slew_rate   = 10
  dwell_time  = 5
  output      = /home/daisy/GRB-Search-Pipeline/results/training/longlow_searching_2.5x2.5_tiling.csv

source = [78.2841, 135], n_src_events = 701, n_bkg_events = 920
Loaded 83 entries (unique=83, duplicates=0, missing=49069, out_of_bounds=0, non-finite=0)
Sum(prob) over finite entries = 0.999999
init sum: 0.999999
num pixels: 49152
tile num: 6781
total tile prob: 0.999999
tiles with prob > 0: 18
total tile prob after trim: 0.999999
num tiles after trim: 18
init_pos: 6661
*********running GCP*********
total time (wallclock): 0.0331607 seconds

$ /home/daisy/GRB-Search-Pipeline/search-planning/build/sp_train /home/daisy/GRB-Search-Pipeline/results/training/maps/longlow/adapt_p11-715852394892384_a135-0_214_map.h5 /home/daisy/GRB-Search-Pipeline/search-planning/tilings/tiling_files/2.5x2.5_tiling.csv 6695 10.0 10.0 5.0 0 /home/daisy/GRB-Search-Pipeline/results/training/longlow_searching_2.5x2.5_tiling.csv
Input Parameters:
  file        = /home/daisy/GRB-Search-Pipeline/results/training/maps/longlow/adapt_p11-715852394892384_a135-0_214_map.h5
  source_tile = 6695
  slew_rate   = 10
  dwell_time  = 5
  output      = /home/daisy/GRB-Search-Pipeline/results/training/longlow_searching_2.5x2.5_tiling.csv

source = [78.2841, 135], n_src_events = 151, n_bkg_events = 803
Loaded 466 entries (unique=466, duplicates=0, missing=48686, out_of_bounds=0, non-finite=0)
Sum(prob) over finite entries = 0.999999
init sum: 0.999999
num pixels: 49152
tile num: 6781
total tile prob: 0.999999
tiles with prob > 0: 83
total tile prob after trim: 0.999999
num tiles after trim: 83
init_pos: 6570
*********running GCP*********
total time (wallclock): 0.0354198 seconds

$ /home/daisy/GRB-Search-Pipeline/search-planning/build/sp_train /home/daisy/GRB-Search-Pipeline/results/training/maps/longlow/adapt_p11-715852394892384_a135-0_215_map.h5 /home/daisy/GRB-Search-Pipeline/search-planning/tilings/tiling_files/2.5x2.5_tiling.csv 6695 10.0 10.0 5.0 0 /home/daisy/GRB-Search-Pipeline/results/training/longlow_searching_2.5x2.5_tiling.csv
Input Parameters:
  file        = /home/daisy/GRB-Search-Pipeline/results/training/maps/longlow/adapt_p11-715852394892384_a135-0_215_map.h5
  source_tile = 6695
  slew_rate   = 10
  dwell_time  = 5
  output      = /home/daisy/GRB-Search-Pipeline/results/training/longlow_searching_2.5x2.5_tiling.csv

source = [78.2841, 135], n_src_events = 588, n_bkg_events = 547
Loaded 120 entries (unique=120, duplicates=0, missing=49032, out_of_bounds=0, non-finite=0)
Sum(prob) over finite entries = 0.999999
init sum: 0.999999
num pixels: 49152
tile num: 6781
total tile prob: 0.999999
tiles with prob > 0: 26
total tile prob after trim: 0.999999
num tiles after trim: 26
init_pos: 6728
*********running GCP*********
total time (wallclock): 0.0339667 seconds

$ /home/daisy/GRB-Search-Pipeline/search-planning/build/sp_train /home/daisy/GRB-Search-Pipeline/results/training/maps/longlow/adapt_p11-715852394892384_a135-0_216_map.h5 /home/daisy/GRB-Search-Pipeline/search-planning/tilings/tiling_files/2.5x2.5_tiling.csv 6695 10.0 10.0 5.0 0 /home/daisy/GRB-Search-Pipeline/results/training/longlow_searching_2.5x2.5_tiling.csv
Input Parameters:
  file        = /home/daisy/GRB-Search-Pipeline/results/training/maps/longlow/adapt_p11-715852394892384_a135-0_216_map.h5
  source_tile = 6695
  slew_rate   = 10
  dwell_time  = 5
  output      = /home/daisy/GRB-Search-Pipeline/results/training/longlow_searching_2.5x2.5_tiling.csv

source = [78.2841, 135], n_src_events = 638, n_bkg_events = 1038
Loaded 58 entries (unique=58, duplicates=0, missing=49094, out_of_bounds=0, non-finite=0)
Sum(prob) over finite entries = 0.999998
init sum: 0.999998
num pixels: 49152
tile num: 6781
total tile prob: 0.999998
tiles with prob > 0: 13
total tile prob after trim: 0.999998
num tiles after trim: 13
init_pos: 6618
*********running GCP*********
total time (wallclock): 0.0338423 seconds

$ /home/daisy/GRB-Search-Pipeline/search-planning/build/sp_train /home/daisy/GRB-Search-Pipeline/results/training/maps/longlow/adapt_p11-715852394892384_a135-0_217_map.h5 /home/daisy/GRB-Search-Pipeline/search-planning/tilings/tiling_files/2.5x2.5_tiling.csv 6695 10.0 10.0 5.0 0 /home/daisy/GRB-Search-Pipeline/results/training/longlow_searching_2.5x2.5_tiling.csv
Input Parameters:
  file        = /home/daisy/GRB-Search-Pipeline/results/training/maps/longlow/adapt_p11-715852394892384_a135-0_217_map.h5
  source_tile = 6695
  slew_rate   = 10
  dwell_time  = 5
  output      = /home/daisy/GRB-Search-Pipeline/results/training/longlow_searching_2.5x2.5_tiling.csv

source = [78.2841, 135], n_src_events = 241, n_bkg_events = 1025
Loaded 435 entries (unique=435, duplicates=0, missing=48717, out_of_bounds=0, non-finite=0)
Sum(prob) over finite entries = 0.999999
init sum: 0.999999
num pixels: 49152
tile num: 6781
total tile prob: 0.999999
tiles with prob > 0: 79
total tile prob after trim: 0.999999
num tiles after trim: 79
init_pos: 6697
*********running GCP*********
total time (wallclock): 0.0339526 seconds

$ /home/daisy/GRB-Search-Pipeline/search-planning/build/sp_train /home/daisy/GRB-Search-Pipeline/results/training/maps/longlow/adapt_p11-715852394892384_a135-0_218_map.h5 /home/daisy/GRB-Search-Pipeline/search-planning/tilings/tiling_files/2.5x2.5_tiling.csv 6695 10.0 10.0 5.0 0 /home/daisy/GRB-Search-Pipeline/results/training/longlow_searching_2.5x2.5_tiling.csv
Input Parameters:
  file        = /home/daisy/GRB-Search-Pipeline/results/training/maps/longlow/adapt_p11-715852394892384_a135-0_218_map.h5
  source_tile = 6695
  slew_rate   = 10
  dwell_time  = 5
  output      = /home/daisy/GRB-Search-Pipeline/results/training/longlow_searching_2.5x2.5_tiling.csv

source = [78.2841, 135], n_src_events = 812, n_bkg_events = 448
Loaded 51 entries (unique=51, duplicates=0, missing=49101, out_of_bounds=0, non-finite=0)
Sum(prob) over finite entries = 0.999999
init sum: 0.999999
num pixels: 49152
tile num: 6781
total tile prob: 0.999999
tiles with prob > 0: 11
total tile prob after trim: 0.999999
num tiles after trim: 11
init_pos: 6617
*********running GCP*********
total time (wallclock): 0.0331824 seconds

$ /home/daisy/GRB-Search-Pipeline/search-planning/build/sp_train /home/daisy/GRB-Search-Pipeline/results/training/maps/longlow/adapt_p11-715852394892384_a135-0_219_map.h5 /home/daisy/GRB-Search-Pipeline/search-planning/tilings/tiling_files/2.5x2.5_tiling.csv 6695 10.0 10.0 5.0 0 /home/daisy/GRB-Search-Pipeline/results/training/longlow_searching_2.5x2.5_tiling.csv
Input Parameters:
  file        = /home/daisy/GRB-Search-Pipeline/results/training/maps/longlow/adapt_p11-715852394892384_a135-0_219_map.h5
  source_tile = 6695
  slew_rate   = 10
  dwell_time  = 5
  output      = /home/daisy/GRB-Search-Pipeline/results/training/longlow_searching_2.5x2.5_tiling.csv

source = [78.2841, 135], n_src_events = 88, n_bkg_events = 962
Loaded 1433 entries (unique=1433, duplicates=0, missing=47719, out_of_bounds=0, non-finite=0)
Sum(prob) over finite entries = 0.999996
init sum: 0.999996
num pixels: 49152
tile num: 6781
total tile prob: 0.999996
tiles with prob > 0: 247
total tile prob after trim: 0.999996
num tiles after trim: 247
init_pos: 6773
*********running GCP*********
total time (wallclock): 0.154069 seconds

$ /home/daisy/GRB-Search-Pipeline/search-planning/build/sp_train /home/daisy/GRB-Search-Pipeline/results/training/maps/longlow/adapt_p11-715852394892384_a135-0_21_map.h5 /home/daisy/GRB-Search-Pipeline/search-planning/tilings/tiling_files/2.5x2.5_tiling.csv 6695 10.0 10.0 5.0 0 /home/daisy/GRB-Search-Pipeline/results/training/longlow_searching_2.5x2.5_tiling.csv
Input Parameters:
  file        = /home/daisy/GRB-Search-Pipeline/results/training/maps/longlow/adapt_p11-715852394892384_a135-0_21_map.h5
  source_tile = 6695
  slew_rate   = 10
  dwell_time  = 5
  output      = /home/daisy/GRB-Search-Pipeline/results/training/longlow_searching_2.5x2.5_tiling.csv

source = [78.2841, 135], n_src_events = 855, n_bkg_events = 1034
Loaded 59 entries (unique=59, duplicates=0, missing=49093, out_of_bounds=0, non-finite=0)
Sum(prob) over finite entries = 0.999999
init sum: 0.999999
num pixels: 49152
tile num: 6781
total tile prob: 0.999999
tiles with prob > 0: 14
total tile prob after trim: 0.999999
num tiles after trim: 14
init_pos: 6696
*********running GCP*********
total time (wallclock): 0.0324547 seconds

$ /home/daisy/GRB-Search-Pipeline/search-planning/build/sp_train /home/daisy/GRB-Search-Pipeline/results/training/maps/longlow/adapt_p11-715852394892384_a135-0_220_map.h5 /home/daisy/GRB-Search-Pipeline/search-planning/tilings/tiling_files/2.5x2.5_tiling.csv 6695 10.0 10.0 5.0 0 /home/daisy/GRB-Search-Pipeline/results/training/longlow_searching_2.5x2.5_tiling.csv
Input Parameters:
  file        = /home/daisy/GRB-Search-Pipeline/results/training/maps/longlow/adapt_p11-715852394892384_a135-0_220_map.h5
  source_tile = 6695
  slew_rate   = 10
  dwell_time  = 5
  output      = /home/daisy/GRB-Search-Pipeline/results/training/longlow_searching_2.5x2.5_tiling.csv

source = [78.2841, 135], n_src_events = 132, n_bkg_events = 851
Loaded 1443 entries (unique=1443, duplicates=0, missing=47709, out_of_bounds=0, non-finite=0)
Sum(prob) over finite entries = 0.999997
init sum: 0.999997
num pixels: 49152
tile num: 6781
total tile prob: 0.999997
tiles with prob > 0: 251
total tile prob after trim: 0.999997
num tiles after trim: 251
init_pos: 6751
*********running GCP*********
total time (wallclock): 0.0415283 seconds

$ /home/daisy/GRB-Search-Pipeline/search-planning/build/sp_train /home/daisy/GRB-Search-Pipeline/results/training/maps/longlow/adapt_p11-715852394892384_a135-0_221_map.h5 /home/daisy/GRB-Search-Pipeline/search-planning/tilings/tiling_files/2.5x2.5_tiling.csv 6695 10.0 10.0 5.0 0 /home/daisy/GRB-Search-Pipeline/results/training/longlow_searching_2.5x2.5_tiling.csv
Input Parameters:
  file        = /home/daisy/GRB-Search-Pipeline/results/training/maps/longlow/adapt_p11-715852394892384_a135-0_221_map.h5
  source_tile = 6695
  slew_rate   = 10
  dwell_time  = 5
  output      = /home/daisy/GRB-Search-Pipeline/results/training/longlow_searching_2.5x2.5_tiling.csv

source = [78.2841, 135], n_src_events = 709, n_bkg_events = 242
Loaded 61 entries (unique=61, duplicates=0, missing=49091, out_of_bounds=0, non-finite=0)
Sum(prob) over finite entries = 0.999999
init sum: 0.999999
num pixels: 49152
tile num: 6781
total tile prob: 0.999999
tiles with prob > 0: 14
total tile prob after trim: 0.999999
num tiles after trim: 14
init_pos: 6660
*********running GCP*********
total time (wallclock): 0.0321115 seconds

$ /home/daisy/GRB-Search-Pipeline/search-planning/build/sp_train /home/daisy/GRB-Search-Pipeline/results/training/maps/longlow/adapt_p11-715852394892384_a135-0_222_map.h5 /home/daisy/GRB-Search-Pipeline/search-planning/tilings/tiling_files/2.5x2.5_tiling.csv 6695 10.0 10.0 5.0 0 /home/daisy/GRB-Search-Pipeline/results/training/longlow_searching_2.5x2.5_tiling.csv
Input Parameters:
  file        = /home/daisy/GRB-Search-Pipeline/results/training/maps/longlow/adapt_p11-715852394892384_a135-0_222_map.h5
  source_tile = 6695
  slew_rate   = 10
  dwell_time  = 5
  output      = /home/daisy/GRB-Search-Pipeline/results/training/longlow_searching_2.5x2.5_tiling.csv

source = [78.2841, 135], n_src_events = 668, n_bkg_events = 803
Loaded 54 entries (unique=54, duplicates=0, missing=49098, out_of_bounds=0, non-finite=0)
Sum(prob) over finite entries = 0.999999
init sum: 0.999999
num pixels: 49152
tile num: 6781
total tile prob: 0.999999
tiles with prob > 0: 13
total tile prob after trim: 0.999999
num tiles after trim: 13
init_pos: 6618
*********running GCP*********
total time (wallclock): 0.033634 seconds

$ /home/daisy/GRB-Search-Pipeline/search-planning/build/sp_train /home/daisy/GRB-Search-Pipeline/results/training/maps/longlow/adapt_p11-715852394892384_a135-0_223_map.h5 /home/daisy/GRB-Search-Pipeline/search-planning/tilings/tiling_files/2.5x2.5_tiling.csv 6695 10.0 10.0 5.0 0 /home/daisy/GRB-Search-Pipeline/results/training/longlow_searching_2.5x2.5_tiling.csv
Input Parameters:
  file        = /home/daisy/GRB-Search-Pipeline/results/training/maps/longlow/adapt_p11-715852394892384_a135-0_223_map.h5
  source_tile = 6695
  slew_rate   = 10
  dwell_time  = 5
  output      = /home/daisy/GRB-Search-Pipeline/results/training/longlow_searching_2.5x2.5_tiling.csv

source = [78.2841, 135], n_src_events = 220, n_bkg_events = 811
Loaded 547 entries (unique=547, duplicates=0, missing=48605, out_of_bounds=0, non-finite=0)
Sum(prob) over finite entries = 0.999998
init sum: 0.999998
num pixels: 49152
tile num: 6781
total tile prob: 0.999998
tiles with prob > 0: 104
total tile prob after trim: 0.999998
num tiles after trim: 104
init_pos: 6728
*********running GCP*********
total time (wallclock): 0.0326216 seconds

$ /home/daisy/GRB-Search-Pipeline/search-planning/build/sp_train /home/daisy/GRB-Search-Pipeline/results/training/maps/longlow/adapt_p11-715852394892384_a135-0_224_map.h5 /home/daisy/GRB-Search-Pipeline/search-planning/tilings/tiling_files/2.5x2.5_tiling.csv 6695 10.0 10.0 5.0 0 /home/daisy/GRB-Search-Pipeline/results/training/longlow_searching_2.5x2.5_tiling.csv
Input Parameters:
  file        = /home/daisy/GRB-Search-Pipeline/results/training/maps/longlow/adapt_p11-715852394892384_a135-0_224_map.h5
  source_tile = 6695
  slew_rate   = 10
  dwell_time  = 5
  output      = /home/daisy/GRB-Search-Pipeline/results/training/longlow_searching_2.5x2.5_tiling.csv

source = [78.2841, 135], n_src_events = 118, n_bkg_events = 907
Loaded 1615 entries (unique=1615, duplicates=0, missing=47537, out_of_bounds=0, non-finite=0)
Sum(prob) over finite entries = 0.999991
init sum: 0.999991
num pixels: 49152
tile num: 6781
total tile prob: 0.999991
tiles with prob > 0: 279
total tile prob after trim: 0.999991
num tiles after trim: 279
init_pos: 6730
*********running GCP*********
total time (wallclock): 0.0565428 seconds

$ /home/daisy/GRB-Search-Pipeline/search-planning/build/sp_train /home/daisy/GRB-Search-Pipeline/results/training/maps/longlow/adapt_p11-715852394892384_a135-0_225_map.h5 /home/daisy/GRB-Search-Pipeline/search-planning/tilings/tiling_files/2.5x2.5_tiling.csv 6695 10.0 10.0 5.0 0 /home/daisy/GRB-Search-Pipeline/results/training/longlow_searching_2.5x2.5_tiling.csv
Input Parameters:
  file        = /home/daisy/GRB-Search-Pipeline/results/training/maps/longlow/adapt_p11-715852394892384_a135-0_225_map.h5
  source_tile = 6695
  slew_rate   = 10
  dwell_time  = 5
  output      = /home/daisy/GRB-Search-Pipeline/results/training/longlow_searching_2.5x2.5_tiling.csv

source = [78.2841, 135], n_src_events = 290, n_bkg_events = 308
Loaded 292 entries (unique=292, duplicates=0, missing=48860, out_of_bounds=0, non-finite=0)
Sum(prob) over finite entries = 0.999999
init sum: 0.999999
num pixels: 49152
tile num: 6781
total tile prob: 0.999999
tiles with prob > 0: 55
total tile prob after trim: 0.999999
num tiles after trim: 55
init_pos: 6574
*********running GCP*********
total time (wallclock): 0.0500929 seconds

$ /home/daisy/GRB-Search-Pipeline/search-planning/build/sp_train /home/daisy/GRB-Search-Pipeline/results/training/maps/longlow/adapt_p11-715852394892384_a135-0_226_map.h5 /home/daisy/GRB-Search-Pipeline/search-planning/tilings/tiling_files/2.5x2.5_tiling.csv 6695 10.0 10.0 5.0 0 /home/daisy/GRB-Search-Pipeline/results/training/longlow_searching_2.5x2.5_tiling.csv
Input Parameters:
  file        = /home/daisy/GRB-Search-Pipeline/results/training/maps/longlow/adapt_p11-715852394892384_a135-0_226_map.h5
  source_tile = 6695
  slew_rate   = 10
  dwell_time  = 5
  output      = /home/daisy/GRB-Search-Pipeline/results/training/longlow_searching_2.5x2.5_tiling.csv

source = [78.2841, 135], n_src_events = 595, n_bkg_events = 579
Loaded 80 entries (unique=80, duplicates=0, missing=49072, out_of_bounds=0, non-finite=0)
Sum(prob) over finite entries = 0.999999
init sum: 0.999999
num pixels: 49152
tile num: 6781
total tile prob: 0.999999
tiles with prob > 0: 19
total tile prob after trim: 0.999999
num tiles after trim: 19
init_pos: 6726
*********running GCP*********
total time (wallclock): 0.0325108 seconds

$ /home/daisy/GRB-Search-Pipeline/search-planning/build/sp_train /home/daisy/GRB-Search-Pipeline/results/training/maps/longlow/adapt_p11-715852394892384_a135-0_227_map.h5 /home/daisy/GRB-Search-Pipeline/search-planning/tilings/tiling_files/2.5x2.5_tiling.csv 6695 10.0 10.0 5.0 0 /home/daisy/GRB-Search-Pipeline/results/training/longlow_searching_2.5x2.5_tiling.csv
Input Parameters:
  file        = /home/daisy/GRB-Search-Pipeline/results/training/maps/longlow/adapt_p11-715852394892384_a135-0_227_map.h5
  source_tile = 6695
  slew_rate   = 10
  dwell_time  = 5
  output      = /home/daisy/GRB-Search-Pipeline/results/training/longlow_searching_2.5x2.5_tiling.csv

source = [78.2841, 135], n_src_events = 624, n_bkg_events = 662
Loaded 82 entries (unique=82, duplicates=0, missing=49070, out_of_bounds=0, non-finite=0)
Sum(prob) over finite entries = 0.999998
init sum: 0.999998
num pixels: 49152
tile num: 6781
total tile prob: 0.999998
tiles with prob > 0: 20
total tile prob after trim: 0.999998
num tiles after trim: 20
init_pos: 6726
*********running GCP*********
total time (wallclock): 0.0320967 seconds

$ /home/daisy/GRB-Search-Pipeline/search-planning/build/sp_train /home/daisy/GRB-Search-Pipeline/results/training/maps/longlow/adapt_p11-715852394892384_a135-0_228_map.h5 /home/daisy/GRB-Search-Pipeline/search-planning/tilings/tiling_files/2.5x2.5_tiling.csv 6695 10.0 10.0 5.0 0 /home/daisy/GRB-Search-Pipeline/results/training/longlow_searching_2.5x2.5_tiling.csv
Input Parameters:
  file        = /home/daisy/GRB-Search-Pipeline/results/training/maps/longlow/adapt_p11-715852394892384_a135-0_228_map.h5
  source_tile = 6695
  slew_rate   = 10
  dwell_time  = 5
  output      = /home/daisy/GRB-Search-Pipeline/results/training/longlow_searching_2.5x2.5_tiling.csv

source = [78.2841, 135], n_src_events = 568, n_bkg_events = 924
Loaded 144 entries (unique=144, duplicates=0, missing=49008, out_of_bounds=0, non-finite=0)
Sum(prob) over finite entries = 0.999999
init sum: 0.999999
num pixels: 49152
tile num: 6781
total tile prob: 0.999999
tiles with prob > 0: 29
total tile prob after trim: 0.999999
num tiles after trim: 29
init_pos: 6573
*********running GCP*********
total time (wallclock): 0.0450763 seconds

$ /home/daisy/GRB-Search-Pipeline/search-planning/build/sp_train /home/daisy/GRB-Search-Pipeline/results/training/maps/longlow/adapt_p11-715852394892384_a135-0_229_map.h5 /home/daisy/GRB-Search-Pipeline/search-planning/tilings/tiling_files/2.5x2.5_tiling.csv 6695 10.0 10.0 5.0 0 /home/daisy/GRB-Search-Pipeline/results/training/longlow_searching_2.5x2.5_tiling.csv
Input Parameters:
  file        = /home/daisy/GRB-Search-Pipeline/results/training/maps/longlow/adapt_p11-715852394892384_a135-0_229_map.h5
  source_tile = 6695
  slew_rate   = 10
  dwell_time  = 5
  output      = /home/daisy/GRB-Search-Pipeline/results/training/longlow_searching_2.5x2.5_tiling.csv

source = [78.2841, 135], n_src_events = 157, n_bkg_events = 672
Loaded 900 entries (unique=900, duplicates=0, missing=48252, out_of_bounds=0, non-finite=0)
Sum(prob) over finite entries = 0.999999
init sum: 0.999999
num pixels: 49152
tile num: 6781
total tile prob: 0.999999
tiles with prob > 0: 154
total tile prob after trim: 0.999999
num tiles after trim: 154
init_pos: 6694
*********running GCP*********
total time (wallclock): 0.0687718 seconds

$ /home/daisy/GRB-Search-Pipeline/search-planning/build/sp_train /home/daisy/GRB-Search-Pipeline/results/training/maps/longlow/adapt_p11-715852394892384_a135-0_22_map.h5 /home/daisy/GRB-Search-Pipeline/search-planning/tilings/tiling_files/2.5x2.5_tiling.csv 6695 10.0 10.0 5.0 0 /home/daisy/GRB-Search-Pipeline/results/training/longlow_searching_2.5x2.5_tiling.csv
Input Parameters:
  file        = /home/daisy/GRB-Search-Pipeline/results/training/maps/longlow/adapt_p11-715852394892384_a135-0_22_map.h5
  source_tile = 6695
  slew_rate   = 10
  dwell_time  = 5
  output      = /home/daisy/GRB-Search-Pipeline/results/training/longlow_searching_2.5x2.5_tiling.csv

source = [78.2841, 135], n_src_events = 496, n_bkg_events = 315
Loaded 66 entries (unique=66, duplicates=0, missing=49086, out_of_bounds=0, non-finite=0)
Sum(prob) over finite entries = 0.999998
init sum: 0.999998
num pixels: 49152
tile num: 6781
total tile prob: 0.999998
tiles with prob > 0: 17
total tile prob after trim: 0.999998
num tiles after trim: 17
init_pos: 6662
*********running GCP*********
total time (wallclock): 0.0347011 seconds

$ /home/daisy/GRB-Search-Pipeline/search-planning/build/sp_train /home/daisy/GRB-Search-Pipeline/results/training/maps/longlow/adapt_p11-715852394892384_a135-0_230_map.h5 /home/daisy/GRB-Search-Pipeline/search-planning/tilings/tiling_files/2.5x2.5_tiling.csv 6695 10.0 10.0 5.0 0 /home/daisy/GRB-Search-Pipeline/results/training/longlow_searching_2.5x2.5_tiling.csv
Input Parameters:
  file        = /home/daisy/GRB-Search-Pipeline/results/training/maps/longlow/adapt_p11-715852394892384_a135-0_230_map.h5
  source_tile = 6695
  slew_rate   = 10
  dwell_time  = 5
  output      = /home/daisy/GRB-Search-Pipeline/results/training/longlow_searching_2.5x2.5_tiling.csv

source = [78.2841, 135], n_src_events = 109, n_bkg_events = 418
Loaded 805 entries (unique=805, duplicates=0, missing=48347, out_of_bounds=0, non-finite=0)
Sum(prob) over finite entries = 0.999999
init sum: 0.999999
num pixels: 49152
tile num: 6781
total tile prob: 0.999999
tiles with prob > 0: 144
total tile prob after trim: 0.999999
num tiles after trim: 144
init_pos: 6691
*********running GCP*********
total time (wallclock): 0.037903 seconds

$ /home/daisy/GRB-Search-Pipeline/search-planning/build/sp_train /home/daisy/GRB-Search-Pipeline/results/training/maps/longlow/adapt_p11-715852394892384_a135-0_231_map.h5 /home/daisy/GRB-Search-Pipeline/search-planning/tilings/tiling_files/2.5x2.5_tiling.csv 6695 10.0 10.0 5.0 0 /home/daisy/GRB-Search-Pipeline/results/training/longlow_searching_2.5x2.5_tiling.csv
Input Parameters:
  file        = /home/daisy/GRB-Search-Pipeline/results/training/maps/longlow/adapt_p11-715852394892384_a135-0_231_map.h5
  source_tile = 6695
  slew_rate   = 10
  dwell_time  = 5
  output      = /home/daisy/GRB-Search-Pipeline/results/training/longlow_searching_2.5x2.5_tiling.csv

source = [78.2841, 135], n_src_events = 700, n_bkg_events = 447
Loaded 53 entries (unique=53, duplicates=0, missing=49099, out_of_bounds=0, non-finite=0)
Sum(prob) over finite entries = 0.999999
init sum: 0.999999
num pixels: 49152
tile num: 6781
total tile prob: 0.999999
tiles with prob > 0: 14
total tile prob after trim: 0.999999
num tiles after trim: 14
init_pos: 6696
*********running GCP*********
total time (wallclock): 0.0310947 seconds

$ /home/daisy/GRB-Search-Pipeline/search-planning/build/sp_train /home/daisy/GRB-Search-Pipeline/results/training/maps/longlow/adapt_p11-715852394892384_a135-0_232_map.h5 /home/daisy/GRB-Search-Pipeline/search-planning/tilings/tiling_files/2.5x2.5_tiling.csv 6695 10.0 10.0 5.0 0 /home/daisy/GRB-Search-Pipeline/results/training/longlow_searching_2.5x2.5_tiling.csv
Input Parameters:
  file        = /home/daisy/GRB-Search-Pipeline/results/training/maps/longlow/adapt_p11-715852394892384_a135-0_232_map.h5
  source_tile = 6695
  slew_rate   = 10
  dwell_time  = 5
  output      = /home/daisy/GRB-Search-Pipeline/results/training/longlow_searching_2.5x2.5_tiling.csv

source = [78.2841, 135], n_src_events = 628, n_bkg_events = 894
Loaded 99 entries (unique=99, duplicates=0, missing=49053, out_of_bounds=0, non-finite=0)
Sum(prob) over finite entries = 0.999999
init sum: 0.999999
num pixels: 49152
tile num: 6781
total tile prob: 0.999999
tiles with prob > 0: 25
total tile prob after trim: 0.999999
num tiles after trim: 25
init_pos: 6694
*********running GCP*********
total time (wallclock): 0.0313631 seconds

$ /home/daisy/GRB-Search-Pipeline/search-planning/build/sp_train /home/daisy/GRB-Search-Pipeline/results/training/maps/longlow/adapt_p11-715852394892384_a135-0_233_map.h5 /home/daisy/GRB-Search-Pipeline/search-planning/tilings/tiling_files/2.5x2.5_tiling.csv 6695 10.0 10.0 5.0 0 /home/daisy/GRB-Search-Pipeline/results/training/longlow_searching_2.5x2.5_tiling.csv
Input Parameters:
  file        = /home/daisy/GRB-Search-Pipeline/results/training/maps/longlow/adapt_p11-715852394892384_a135-0_233_map.h5
  source_tile = 6695
  slew_rate   = 10
  dwell_time  = 5
  output      = /home/daisy/GRB-Search-Pipeline/results/training/longlow_searching_2.5x2.5_tiling.csv

source = [78.2841, 135], n_src_events = 558, n_bkg_events = 326
Loaded 79 entries (unique=79, duplicates=0, missing=49073, out_of_bounds=0, non-finite=0)
Sum(prob) over finite entries = 0.999999
init sum: 0.999999
num pixels: 49152
tile num: 6781
total tile prob: 0.999999
tiles with prob > 0: 17
total tile prob after trim: 0.999999
num tiles after trim: 17
init_pos: 6617
*********running GCP*********
total time (wallclock): 0.0320917 seconds

$ /home/daisy/GRB-Search-Pipeline/search-planning/build/sp_train /home/daisy/GRB-Search-Pipeline/results/training/maps/longlow/adapt_p11-715852394892384_a135-0_234_map.h5 /home/daisy/GRB-Search-Pipeline/search-planning/tilings/tiling_files/2.5x2.5_tiling.csv 6695 10.0 10.0 5.0 0 /home/daisy/GRB-Search-Pipeline/results/training/longlow_searching_2.5x2.5_tiling.csv
Input Parameters:
  file        = /home/daisy/GRB-Search-Pipeline/results/training/maps/longlow/adapt_p11-715852394892384_a135-0_234_map.h5
  source_tile = 6695
  slew_rate   = 10
  dwell_time  = 5
  output      = /home/daisy/GRB-Search-Pipeline/results/training/longlow_searching_2.5x2.5_tiling.csv

source = [78.2841, 135], n_src_events = 397, n_bkg_events = 289
Loaded 105 entries (unique=105, duplicates=0, missing=49047, out_of_bounds=0, non-finite=0)
Sum(prob) over finite entries = 0.999999
init sum: 0.999999
num pixels: 49152
tile num: 6781
total tile prob: 0.999999
tiles with prob > 0: 20
total tile prob after trim: 0.999999
num tiles after trim: 20
init_pos: 6618
*********running GCP*********
total time (wallclock): 0.0325272 seconds

$ /home/daisy/GRB-Search-Pipeline/search-planning/build/sp_train /home/daisy/GRB-Search-Pipeline/results/training/maps/longlow/adapt_p11-715852394892384_a135-0_235_map.h5 /home/daisy/GRB-Search-Pipeline/search-planning/tilings/tiling_files/2.5x2.5_tiling.csv 6695 10.0 10.0 5.0 0 /home/daisy/GRB-Search-Pipeline/results/training/longlow_searching_2.5x2.5_tiling.csv
Input Parameters:
  file        = /home/daisy/GRB-Search-Pipeline/results/training/maps/longlow/adapt_p11-715852394892384_a135-0_235_map.h5
  source_tile = 6695
  slew_rate   = 10
  dwell_time  = 5
  output      = /home/daisy/GRB-Search-Pipeline/results/training/longlow_searching_2.5x2.5_tiling.csv

source = [78.2841, 135], n_src_events = 559, n_bkg_events = 1032
Loaded 111 entries (unique=111, duplicates=0, missing=49041, out_of_bounds=0, non-finite=0)
Sum(prob) over finite entries = 0.999998
init sum: 0.999998
num pixels: 49152
tile num: 6781
total tile prob: 0.999998
tiles with prob > 0: 25
total tile prob after trim: 0.999998
num tiles after trim: 25
init_pos: 6662
*********running GCP*********
total time (wallclock): 0.0316878 seconds

$ /home/daisy/GRB-Search-Pipeline/search-planning/build/sp_train /home/daisy/GRB-Search-Pipeline/results/training/maps/longlow/adapt_p11-715852394892384_a135-0_236_map.h5 /home/daisy/GRB-Search-Pipeline/search-planning/tilings/tiling_files/2.5x2.5_tiling.csv 6695 10.0 10.0 5.0 0 /home/daisy/GRB-Search-Pipeline/results/training/longlow_searching_2.5x2.5_tiling.csv
Input Parameters:
  file        = /home/daisy/GRB-Search-Pipeline/results/training/maps/longlow/adapt_p11-715852394892384_a135-0_236_map.h5
  source_tile = 6695
  slew_rate   = 10
  dwell_time  = 5
  output      = /home/daisy/GRB-Search-Pipeline/results/training/longlow_searching_2.5x2.5_tiling.csv

source = [78.2841, 135], n_src_events = 688, n_bkg_events = 1100
Loaded 66 entries (unique=66, duplicates=0, missing=49086, out_of_bounds=0, non-finite=0)
Sum(prob) over finite entries = 0.999999
init sum: 0.999999
num pixels: 49152
tile num: 6781
total tile prob: 0.999999
tiles with prob > 0: 14
total tile prob after trim: 0.999999
num tiles after trim: 14
init_pos: 6618
*********running GCP*********
total time (wallclock): 0.0342408 seconds

$ /home/daisy/GRB-Search-Pipeline/search-planning/build/sp_train /home/daisy/GRB-Search-Pipeline/results/training/maps/longlow/adapt_p11-715852394892384_a135-0_237_map.h5 /home/daisy/GRB-Search-Pipeline/search-planning/tilings/tiling_files/2.5x2.5_tiling.csv 6695 10.0 10.0 5.0 0 /home/daisy/GRB-Search-Pipeline/results/training/longlow_searching_2.5x2.5_tiling.csv
Input Parameters:
  file        = /home/daisy/GRB-Search-Pipeline/results/training/maps/longlow/adapt_p11-715852394892384_a135-0_237_map.h5
  source_tile = 6695
  slew_rate   = 10
  dwell_time  = 5
  output      = /home/daisy/GRB-Search-Pipeline/results/training/longlow_searching_2.5x2.5_tiling.csv

source = [78.2841, 135], n_src_events = 587, n_bkg_events = 389
Loaded 116 entries (unique=116, duplicates=0, missing=49036, out_of_bounds=0, non-finite=0)
Sum(prob) over finite entries = 0.999999
init sum: 0.999999
num pixels: 49152
tile num: 6781
total tile prob: 0.999999
tiles with prob > 0: 22
total tile prob after trim: 0.999999
num tiles after trim: 22
init_pos: 6697
*********running GCP*********
total time (wallclock): 0.0389169 seconds

$ /home/daisy/GRB-Search-Pipeline/search-planning/build/sp_train /home/daisy/GRB-Search-Pipeline/results/training/maps/longlow/adapt_p11-715852394892384_a135-0_238_map.h5 /home/daisy/GRB-Search-Pipeline/search-planning/tilings/tiling_files/2.5x2.5_tiling.csv 6695 10.0 10.0 5.0 0 /home/daisy/GRB-Search-Pipeline/results/training/longlow_searching_2.5x2.5_tiling.csv
Input Parameters:
  file        = /home/daisy/GRB-Search-Pipeline/results/training/maps/longlow/adapt_p11-715852394892384_a135-0_238_map.h5
  source_tile = 6695
  slew_rate   = 10
  dwell_time  = 5
  output      = /home/daisy/GRB-Search-Pipeline/results/training/longlow_searching_2.5x2.5_tiling.csv

source = [78.2841, 135], n_src_events = 160, n_bkg_events = 1024
Loaded 1136 entries (unique=1136, duplicates=0, missing=48016, out_of_bounds=0, non-finite=0)
Sum(prob) over finite entries = 0.999997
init sum: 0.999997
num pixels: 49152
tile num: 6781
total tile prob: 0.999997
tiles with prob > 0: 190
total tile prob after trim: 0.999997
num tiles after trim: 190
init_pos: 6457
*********running GCP*********
total time (wallclock): 0.0454262 seconds

$ /home/daisy/GRB-Search-Pipeline/search-planning/build/sp_train /home/daisy/GRB-Search-Pipeline/results/training/maps/longlow/adapt_p11-715852394892384_a135-0_239_map.h5 /home/daisy/GRB-Search-Pipeline/search-planning/tilings/tiling_files/2.5x2.5_tiling.csv 6695 10.0 10.0 5.0 0 /home/daisy/GRB-Search-Pipeline/results/training/longlow_searching_2.5x2.5_tiling.csv
Input Parameters:
  file        = /home/daisy/GRB-Search-Pipeline/results/training/maps/longlow/adapt_p11-715852394892384_a135-0_239_map.h5
  source_tile = 6695
  slew_rate   = 10
  dwell_time  = 5
  output      = /home/daisy/GRB-Search-Pipeline/results/training/longlow_searching_2.5x2.5_tiling.csv

source = [78.2841, 135], n_src_events = 845, n_bkg_events = 441
Loaded 40 entries (unique=40, duplicates=0, missing=49112, out_of_bounds=0, non-finite=0)
Sum(prob) over finite entries = 0.999998
init sum: 0.999998
num pixels: 49152
tile num: 6781
total tile prob: 0.999998
tiles with prob > 0: 11
total tile prob after trim: 0.999998
num tiles after trim: 11
init_pos: 6662
*********running GCP*********
total time (wallclock): 0.0326387 seconds

$ /home/daisy/GRB-Search-Pipeline/search-planning/build/sp_train /home/daisy/GRB-Search-Pipeline/results/training/maps/longlow/adapt_p11-715852394892384_a135-0_23_map.h5 /home/daisy/GRB-Search-Pipeline/search-planning/tilings/tiling_files/2.5x2.5_tiling.csv 6695 10.0 10.0 5.0 0 /home/daisy/GRB-Search-Pipeline/results/training/longlow_searching_2.5x2.5_tiling.csv
Input Parameters:
  file        = /home/daisy/GRB-Search-Pipeline/results/training/maps/longlow/adapt_p11-715852394892384_a135-0_23_map.h5
  source_tile = 6695
  slew_rate   = 10
  dwell_time  = 5
  output      = /home/daisy/GRB-Search-Pipeline/results/training/longlow_searching_2.5x2.5_tiling.csv

source = [78.2841, 135], n_src_events = 738, n_bkg_events = 538
Loaded 51 entries (unique=51, duplicates=0, missing=49101, out_of_bounds=0, non-finite=0)
Sum(prob) over finite entries = 0.999999
init sum: 0.999999
num pixels: 49152
tile num: 6781
total tile prob: 0.999999
tiles with prob > 0: 14
total tile prob after trim: 0.999999
num tiles after trim: 14
init_pos: 6662
*********running GCP*********
total time (wallclock): 0.0323188 seconds

$ /home/daisy/GRB-Search-Pipeline/search-planning/build/sp_train /home/daisy/GRB-Search-Pipeline/results/training/maps/longlow/adapt_p11-715852394892384_a135-0_240_map.h5 /home/daisy/GRB-Search-Pipeline/search-planning/tilings/tiling_files/2.5x2.5_tiling.csv 6695 10.0 10.0 5.0 0 /home/daisy/GRB-Search-Pipeline/results/training/longlow_searching_2.5x2.5_tiling.csv
Input Parameters:
  file        = /home/daisy/GRB-Search-Pipeline/results/training/maps/longlow/adapt_p11-715852394892384_a135-0_240_map.h5
  source_tile = 6695
  slew_rate   = 10
  dwell_time  = 5
  output      = /home/daisy/GRB-Search-Pipeline/results/training/longlow_searching_2.5x2.5_tiling.csv

source = [78.2841, 135], n_src_events = 383, n_bkg_events = 256
Loaded 101 entries (unique=101, duplicates=0, missing=49051, out_of_bounds=0, non-finite=0)
Sum(prob) over finite entries = 0.999999
init sum: 0.999999
num pixels: 49152
tile num: 6781
total tile prob: 0.999999
tiles with prob > 0: 22
total tile prob after trim: 0.999999
num tiles after trim: 22
init_pos: 6616
*********running GCP*********
total time (wallclock): 0.0328126 seconds

$ /home/daisy/GRB-Search-Pipeline/search-planning/build/sp_train /home/daisy/GRB-Search-Pipeline/results/training/maps/longlow/adapt_p11-715852394892384_a135-0_241_map.h5 /home/daisy/GRB-Search-Pipeline/search-planning/tilings/tiling_files/2.5x2.5_tiling.csv 6695 10.0 10.0 5.0 0 /home/daisy/GRB-Search-Pipeline/results/training/longlow_searching_2.5x2.5_tiling.csv
Input Parameters:
  file        = /home/daisy/GRB-Search-Pipeline/results/training/maps/longlow/adapt_p11-715852394892384_a135-0_241_map.h5
  source_tile = 6695
  slew_rate   = 10
  dwell_time  = 5
  output      = /home/daisy/GRB-Search-Pipeline/results/training/longlow_searching_2.5x2.5_tiling.csv

source = [78.2841, 135], n_src_events = 420, n_bkg_events = 667
Loaded 115 entries (unique=115, duplicates=0, missing=49037, out_of_bounds=0, non-finite=0)
Sum(prob) over finite entries = 0.999999
init sum: 0.999999
num pixels: 49152
tile num: 6781
total tile prob: 0.999999
tiles with prob > 0: 24
total tile prob after trim: 0.999999
num tiles after trim: 24
init_pos: 6697
*********running GCP*********
total time (wallclock): 0.0319063 seconds

$ /home/daisy/GRB-Search-Pipeline/search-planning/build/sp_train /home/daisy/GRB-Search-Pipeline/results/training/maps/longlow/adapt_p11-715852394892384_a135-0_242_map.h5 /home/daisy/GRB-Search-Pipeline/search-planning/tilings/tiling_files/2.5x2.5_tiling.csv 6695 10.0 10.0 5.0 0 /home/daisy/GRB-Search-Pipeline/results/training/longlow_searching_2.5x2.5_tiling.csv
Input Parameters:
  file        = /home/daisy/GRB-Search-Pipeline/results/training/maps/longlow/adapt_p11-715852394892384_a135-0_242_map.h5
  source_tile = 6695
  slew_rate   = 10
  dwell_time  = 5
  output      = /home/daisy/GRB-Search-Pipeline/results/training/longlow_searching_2.5x2.5_tiling.csv

source = [78.2841, 135], n_src_events = 259, n_bkg_events = 409
Loaded 181 entries (unique=181, duplicates=0, missing=48971, out_of_bounds=0, non-finite=0)
Sum(prob) over finite entries = 0.999999
init sum: 0.999999
num pixels: 49152
tile num: 6781
total tile prob: 0.999999
tiles with prob > 0: 36
total tile prob after trim: 0.999999
num tiles after trim: 36
init_pos: 6573
*********running GCP*********
total time (wallclock): 0.0387303 seconds

$ /home/daisy/GRB-Search-Pipeline/search-planning/build/sp_train /home/daisy/GRB-Search-Pipeline/results/training/maps/longlow/adapt_p11-715852394892384_a135-0_243_map.h5 /home/daisy/GRB-Search-Pipeline/search-planning/tilings/tiling_files/2.5x2.5_tiling.csv 6695 10.0 10.0 5.0 0 /home/daisy/GRB-Search-Pipeline/results/training/longlow_searching_2.5x2.5_tiling.csv
Input Parameters:
  file        = /home/daisy/GRB-Search-Pipeline/results/training/maps/longlow/adapt_p11-715852394892384_a135-0_243_map.h5
  source_tile = 6695
  slew_rate   = 10
  dwell_time  = 5
  output      = /home/daisy/GRB-Search-Pipeline/results/training/longlow_searching_2.5x2.5_tiling.csv

source = [78.2841, 135], n_src_events = 310, n_bkg_events = 538
Loaded 210 entries (unique=210, duplicates=0, missing=48942, out_of_bounds=0, non-finite=0)
Sum(prob) over finite entries = 0.999998
init sum: 0.999998
num pixels: 49152
tile num: 6781
total tile prob: 0.999998
tiles with prob > 0: 39
total tile prob after trim: 0.999998
num tiles after trim: 39
init_pos: 6570
*********running GCP*********
total time (wallclock): 0.0378172 seconds

$ /home/daisy/GRB-Search-Pipeline/search-planning/build/sp_train /home/daisy/GRB-Search-Pipeline/results/training/maps/longlow/adapt_p11-715852394892384_a135-0_244_map.h5 /home/daisy/GRB-Search-Pipeline/search-planning/tilings/tiling_files/2.5x2.5_tiling.csv 6695 10.0 10.0 5.0 0 /home/daisy/GRB-Search-Pipeline/results/training/longlow_searching_2.5x2.5_tiling.csv
Input Parameters:
  file        = /home/daisy/GRB-Search-Pipeline/results/training/maps/longlow/adapt_p11-715852394892384_a135-0_244_map.h5
  source_tile = 6695
  slew_rate   = 10
  dwell_time  = 5
  output      = /home/daisy/GRB-Search-Pipeline/results/training/longlow_searching_2.5x2.5_tiling.csv

source = [78.2841, 135], n_src_events = 608, n_bkg_events = 1066
Loaded 116 entries (unique=116, duplicates=0, missing=49036, out_of_bounds=0, non-finite=0)
Sum(prob) over finite entries = 0.999998
init sum: 0.999998
num pixels: 49152
tile num: 6781
total tile prob: 0.999998
tiles with prob > 0: 26
total tile prob after trim: 0.999998
num tiles after trim: 26
init_pos: 6658
*********running GCP*********
total time (wallclock): 0.0323811 seconds

$ /home/daisy/GRB-Search-Pipeline/search-planning/build/sp_train /home/daisy/GRB-Search-Pipeline/results/training/maps/longlow/adapt_p11-715852394892384_a135-0_245_map.h5 /home/daisy/GRB-Search-Pipeline/search-planning/tilings/tiling_files/2.5x2.5_tiling.csv 6695 10.0 10.0 5.0 0 /home/daisy/GRB-Search-Pipeline/results/training/longlow_searching_2.5x2.5_tiling.csv
Input Parameters:
  file        = /home/daisy/GRB-Search-Pipeline/results/training/maps/longlow/adapt_p11-715852394892384_a135-0_245_map.h5
  source_tile = 6695
  slew_rate   = 10
  dwell_time  = 5
  output      = /home/daisy/GRB-Search-Pipeline/results/training/longlow_searching_2.5x2.5_tiling.csv

source = [78.2841, 135], n_src_events = 791, n_bkg_events = 1054
Loaded 62 entries (unique=62, duplicates=0, missing=49090, out_of_bounds=0, non-finite=0)
Sum(prob) over finite entries = 0.999999
init sum: 0.999999
num pixels: 49152
tile num: 6781
total tile prob: 0.999999
tiles with prob > 0: 15
total tile prob after trim: 0.999999
num tiles after trim: 15
init_pos: 6619
*********running GCP*********
total time (wallclock): 0.0323739 seconds

$ /home/daisy/GRB-Search-Pipeline/search-planning/build/sp_train /home/daisy/GRB-Search-Pipeline/results/training/maps/longlow/adapt_p11-715852394892384_a135-0_246_map.h5 /home/daisy/GRB-Search-Pipeline/search-planning/tilings/tiling_files/2.5x2.5_tiling.csv 6695 10.0 10.0 5.0 0 /home/daisy/GRB-Search-Pipeline/results/training/longlow_searching_2.5x2.5_tiling.csv
Input Parameters:
  file        = /home/daisy/GRB-Search-Pipeline/results/training/maps/longlow/adapt_p11-715852394892384_a135-0_246_map.h5
  source_tile = 6695
  slew_rate   = 10
  dwell_time  = 5
  output      = /home/daisy/GRB-Search-Pipeline/results/training/longlow_searching_2.5x2.5_tiling.csv

source = [78.2841, 135], n_src_events = 193, n_bkg_events = 789
Loaded 1490 entries (unique=1490, duplicates=0, missing=47662, out_of_bounds=0, non-finite=0)
Sum(prob) over finite entries = 0.999996
init sum: 0.999996
num pixels: 49152
tile num: 6781
total tile prob: 0.999996
tiles with prob > 0: 251
total tile prob after trim: 0.999996
num tiles after trim: 251
init_pos: 6557
*********running GCP*********
total time (wallclock): 0.0649721 seconds

$ /home/daisy/GRB-Search-Pipeline/search-planning/build/sp_train /home/daisy/GRB-Search-Pipeline/results/training/maps/longlow/adapt_p11-715852394892384_a135-0_247_map.h5 /home/daisy/GRB-Search-Pipeline/search-planning/tilings/tiling_files/2.5x2.5_tiling.csv 6695 10.0 10.0 5.0 0 /home/daisy/GRB-Search-Pipeline/results/training/longlow_searching_2.5x2.5_tiling.csv
Input Parameters:
  file        = /home/daisy/GRB-Search-Pipeline/results/training/maps/longlow/adapt_p11-715852394892384_a135-0_247_map.h5
  source_tile = 6695
  slew_rate   = 10
  dwell_time  = 5
  output      = /home/daisy/GRB-Search-Pipeline/results/training/longlow_searching_2.5x2.5_tiling.csv

source = [78.2841, 135], n_src_events = 684, n_bkg_events = 412
Loaded 52 entries (unique=52, duplicates=0, missing=49100, out_of_bounds=0, non-finite=0)
Sum(prob) over finite entries = 0.999999
init sum: 0.999999
num pixels: 49152
tile num: 6781
total tile prob: 0.999999
tiles with prob > 0: 14
total tile prob after trim: 0.999999
num tiles after trim: 14
init_pos: 6660
*********running GCP*********
total time (wallclock): 0.0355577 seconds

$ /home/daisy/GRB-Search-Pipeline/search-planning/build/sp_train /home/daisy/GRB-Search-Pipeline/results/training/maps/longlow/adapt_p11-715852394892384_a135-0_248_map.h5 /home/daisy/GRB-Search-Pipeline/search-planning/tilings/tiling_files/2.5x2.5_tiling.csv 6695 10.0 10.0 5.0 0 /home/daisy/GRB-Search-Pipeline/results/training/longlow_searching_2.5x2.5_tiling.csv
Input Parameters:
  file        = /home/daisy/GRB-Search-Pipeline/results/training/maps/longlow/adapt_p11-715852394892384_a135-0_248_map.h5
  source_tile = 6695
  slew_rate   = 10
  dwell_time  = 5
  output      = /home/daisy/GRB-Search-Pipeline/results/training/longlow_searching_2.5x2.5_tiling.csv

source = [78.2841, 135], n_src_events = 585, n_bkg_events = 1082
Loaded 84 entries (unique=84, duplicates=0, missing=49068, out_of_bounds=0, non-finite=0)
Sum(prob) over finite entries = 0.999999
init sum: 0.999999
num pixels: 49152
tile num: 6781
total tile prob: 0.999999
tiles with prob > 0: 19
total tile prob after trim: 0.999999
num tiles after trim: 19
init_pos: 6661
*********running GCP*********
total time (wallclock): 0.0337142 seconds

$ /home/daisy/GRB-Search-Pipeline/search-planning/build/sp_train /home/daisy/GRB-Search-Pipeline/results/training/maps/longlow/adapt_p11-715852394892384_a135-0_249_map.h5 /home/daisy/GRB-Search-Pipeline/search-planning/tilings/tiling_files/2.5x2.5_tiling.csv 6695 10.0 10.0 5.0 0 /home/daisy/GRB-Search-Pipeline/results/training/longlow_searching_2.5x2.5_tiling.csv
Input Parameters:
  file        = /home/daisy/GRB-Search-Pipeline/results/training/maps/longlow/adapt_p11-715852394892384_a135-0_249_map.h5
  source_tile = 6695
  slew_rate   = 10
  dwell_time  = 5
  output      = /home/daisy/GRB-Search-Pipeline/results/training/longlow_searching_2.5x2.5_tiling.csv

source = [78.2841, 135], n_src_events = 751, n_bkg_events = 199
Loaded 50 entries (unique=50, duplicates=0, missing=49102, out_of_bounds=0, non-finite=0)
Sum(prob) over finite entries = 0.999998
init sum: 0.999998
num pixels: 49152
tile num: 6781
total tile prob: 0.999998
tiles with prob > 0: 14
total tile prob after trim: 0.999998
num tiles after trim: 14
init_pos: 6696
*********running GCP*********
total time (wallclock): 0.0331063 seconds

$ /home/daisy/GRB-Search-Pipeline/search-planning/build/sp_train /home/daisy/GRB-Search-Pipeline/results/training/maps/longlow/adapt_p11-715852394892384_a135-0_24_map.h5 /home/daisy/GRB-Search-Pipeline/search-planning/tilings/tiling_files/2.5x2.5_tiling.csv 6695 10.0 10.0 5.0 0 /home/daisy/GRB-Search-Pipeline/results/training/longlow_searching_2.5x2.5_tiling.csv
Input Parameters:
  file        = /home/daisy/GRB-Search-Pipeline/results/training/maps/longlow/adapt_p11-715852394892384_a135-0_24_map.h5
  source_tile = 6695
  slew_rate   = 10
  dwell_time  = 5
  output      = /home/daisy/GRB-Search-Pipeline/results/training/longlow_searching_2.5x2.5_tiling.csv

source = [78.2841, 135], n_src_events = 759, n_bkg_events = 545
Loaded 50 entries (unique=50, duplicates=0, missing=49102, out_of_bounds=0, non-finite=0)
Sum(prob) over finite entries = 0.999998
init sum: 0.999998
num pixels: 49152
tile num: 6781
total tile prob: 0.999998
tiles with prob > 0: 14
total tile prob after trim: 0.999998
num tiles after trim: 14
init_pos: 6696
*********running GCP*********
total time (wallclock): 0.0324043 seconds

$ /home/daisy/GRB-Search-Pipeline/search-planning/build/sp_train /home/daisy/GRB-Search-Pipeline/results/training/maps/longlow/adapt_p11-715852394892384_a135-0_250_map.h5 /home/daisy/GRB-Search-Pipeline/search-planning/tilings/tiling_files/2.5x2.5_tiling.csv 6695 10.0 10.0 5.0 0 /home/daisy/GRB-Search-Pipeline/results/training/longlow_searching_2.5x2.5_tiling.csv
Input Parameters:
  file        = /home/daisy/GRB-Search-Pipeline/results/training/maps/longlow/adapt_p11-715852394892384_a135-0_250_map.h5
  source_tile = 6695
  slew_rate   = 10
  dwell_time  = 5
  output      = /home/daisy/GRB-Search-Pipeline/results/training/longlow_searching_2.5x2.5_tiling.csv

source = [78.2841, 135], n_src_events = 786, n_bkg_events = 822
Loaded 62 entries (unique=62, duplicates=0, missing=49090, out_of_bounds=0, non-finite=0)
Sum(prob) over finite entries = 0.999999
init sum: 0.999999
num pixels: 49152
tile num: 6781
total tile prob: 0.999999
tiles with prob > 0: 17
total tile prob after trim: 0.999999
num tiles after trim: 17
init_pos: 6696
*********running GCP*********
total time (wallclock): 0.031766 seconds

$ /home/daisy/GRB-Search-Pipeline/search-planning/build/sp_train /home/daisy/GRB-Search-Pipeline/results/training/maps/longlow/adapt_p11-715852394892384_a135-0_251_map.h5 /home/daisy/GRB-Search-Pipeline/search-planning/tilings/tiling_files/2.5x2.5_tiling.csv 6695 10.0 10.0 5.0 0 /home/daisy/GRB-Search-Pipeline/results/training/longlow_searching_2.5x2.5_tiling.csv
Input Parameters:
  file        = /home/daisy/GRB-Search-Pipeline/results/training/maps/longlow/adapt_p11-715852394892384_a135-0_251_map.h5
  source_tile = 6695
  slew_rate   = 10
  dwell_time  = 5
  output      = /home/daisy/GRB-Search-Pipeline/results/training/longlow_searching_2.5x2.5_tiling.csv

source = [78.2841, 135], n_src_events = 618, n_bkg_events = 301
Loaded 61 entries (unique=61, duplicates=0, missing=49091, out_of_bounds=0, non-finite=0)
Sum(prob) over finite entries = 0.999999
init sum: 0.999999
num pixels: 49152
tile num: 6781
total tile prob: 0.999999
tiles with prob > 0: 13
total tile prob after trim: 0.999999
num tiles after trim: 13
init_pos: 6695
*********running GCP*********
total time (wallclock): 0.031666 seconds

$ /home/daisy/GRB-Search-Pipeline/search-planning/build/sp_train /home/daisy/GRB-Search-Pipeline/results/training/maps/longlow/adapt_p11-715852394892384_a135-0_252_map.h5 /home/daisy/GRB-Search-Pipeline/search-planning/tilings/tiling_files/2.5x2.5_tiling.csv 6695 10.0 10.0 5.0 0 /home/daisy/GRB-Search-Pipeline/results/training/longlow_searching_2.5x2.5_tiling.csv
Input Parameters:
  file        = /home/daisy/GRB-Search-Pipeline/results/training/maps/longlow/adapt_p11-715852394892384_a135-0_252_map.h5
  source_tile = 6695
  slew_rate   = 10
  dwell_time  = 5
  output      = /home/daisy/GRB-Search-Pipeline/results/training/longlow_searching_2.5x2.5_tiling.csv

source = [78.2841, 135], n_src_events = 795, n_bkg_events = 1026
Loaded 68 entries (unique=68, duplicates=0, missing=49084, out_of_bounds=0, non-finite=0)
Sum(prob) over finite entries = 0.999999
init sum: 0.999999
num pixels: 49152
tile num: 6781
total tile prob: 0.999999
tiles with prob > 0: 16
total tile prob after trim: 0.999999
num tiles after trim: 16
init_pos: 6617
*********running GCP*********
total time (wallclock): 0.0336709 seconds

$ /home/daisy/GRB-Search-Pipeline/search-planning/build/sp_train /home/daisy/GRB-Search-Pipeline/results/training/maps/longlow/adapt_p11-715852394892384_a135-0_253_map.h5 /home/daisy/GRB-Search-Pipeline/search-planning/tilings/tiling_files/2.5x2.5_tiling.csv 6695 10.0 10.0 5.0 0 /home/daisy/GRB-Search-Pipeline/results/training/longlow_searching_2.5x2.5_tiling.csv
Input Parameters:
  file        = /home/daisy/GRB-Search-Pipeline/results/training/maps/longlow/adapt_p11-715852394892384_a135-0_253_map.h5
  source_tile = 6695
  slew_rate   = 10
  dwell_time  = 5
  output      = /home/daisy/GRB-Search-Pipeline/results/training/longlow_searching_2.5x2.5_tiling.csv

source = [78.2841, 135], n_src_events = 478, n_bkg_events = 504
Loaded 128 entries (unique=128, duplicates=0, missing=49024, out_of_bounds=0, non-finite=0)
Sum(prob) over finite entries = 0.999999
init sum: 0.999999
num pixels: 49152
tile num: 6781
total tile prob: 0.999999
tiles with prob > 0: 27
total tile prob after trim: 0.999999
num tiles after trim: 27
init_pos: 6663
*********running GCP*********
total time (wallclock): 0.0376686 seconds

$ /home/daisy/GRB-Search-Pipeline/search-planning/build/sp_train /home/daisy/GRB-Search-Pipeline/results/training/maps/longlow/adapt_p11-715852394892384_a135-0_254_map.h5 /home/daisy/GRB-Search-Pipeline/search-planning/tilings/tiling_files/2.5x2.5_tiling.csv 6695 10.0 10.0 5.0 0 /home/daisy/GRB-Search-Pipeline/results/training/longlow_searching_2.5x2.5_tiling.csv
Input Parameters:
  file        = /home/daisy/GRB-Search-Pipeline/results/training/maps/longlow/adapt_p11-715852394892384_a135-0_254_map.h5
  source_tile = 6695
  slew_rate   = 10
  dwell_time  = 5
  output      = /home/daisy/GRB-Search-Pipeline/results/training/longlow_searching_2.5x2.5_tiling.csv

source = [78.2841, 135], n_src_events = 615, n_bkg_events = 967
Loaded 61 entries (unique=61, duplicates=0, missing=49091, out_of_bounds=0, non-finite=0)
Sum(prob) over finite entries = 0.999998
init sum: 0.999998
num pixels: 49152
tile num: 6781
total tile prob: 0.999998
tiles with prob > 0: 15
total tile prob after trim: 0.999998
num tiles after trim: 15
init_pos: 6619
*********running GCP*********
total time (wallclock): 0.0323597 seconds

$ /home/daisy/GRB-Search-Pipeline/search-planning/build/sp_train /home/daisy/GRB-Search-Pipeline/results/training/maps/longlow/adapt_p11-715852394892384_a135-0_255_map.h5 /home/daisy/GRB-Search-Pipeline/search-planning/tilings/tiling_files/2.5x2.5_tiling.csv 6695 10.0 10.0 5.0 0 /home/daisy/GRB-Search-Pipeline/results/training/longlow_searching_2.5x2.5_tiling.csv
Input Parameters:
  file        = /home/daisy/GRB-Search-Pipeline/results/training/maps/longlow/adapt_p11-715852394892384_a135-0_255_map.h5
  source_tile = 6695
  slew_rate   = 10
  dwell_time  = 5
  output      = /home/daisy/GRB-Search-Pipeline/results/training/longlow_searching_2.5x2.5_tiling.csv

source = [78.2841, 135], n_src_events = 427, n_bkg_events = 888
Loaded 194 entries (unique=194, duplicates=0, missing=48958, out_of_bounds=0, non-finite=0)
Sum(prob) over finite entries = 0.999998
init sum: 0.999998
num pixels: 49152
tile num: 6781
total tile prob: 0.999998
tiles with prob > 0: 38
total tile prob after trim: 0.999998
num tiles after trim: 38
init_pos: 6620
*********running GCP*********
total time (wallclock): 0.0337909 seconds

$ /home/daisy/GRB-Search-Pipeline/search-planning/build/sp_train /home/daisy/GRB-Search-Pipeline/results/training/maps/longlow/adapt_p11-715852394892384_a135-0_256_map.h5 /home/daisy/GRB-Search-Pipeline/search-planning/tilings/tiling_files/2.5x2.5_tiling.csv 6695 10.0 10.0 5.0 0 /home/daisy/GRB-Search-Pipeline/results/training/longlow_searching_2.5x2.5_tiling.csv
Input Parameters:
  file        = /home/daisy/GRB-Search-Pipeline/results/training/maps/longlow/adapt_p11-715852394892384_a135-0_256_map.h5
  source_tile = 6695
  slew_rate   = 10
  dwell_time  = 5
  output      = /home/daisy/GRB-Search-Pipeline/results/training/longlow_searching_2.5x2.5_tiling.csv

source = [78.2841, 135], n_src_events = 396, n_bkg_events = 841
Loaded 170 entries (unique=170, duplicates=0, missing=48982, out_of_bounds=0, non-finite=0)
Sum(prob) over finite entries = 0.999998
init sum: 0.999998
num pixels: 49152
tile num: 6781
total tile prob: 0.999998
tiles with prob > 0: 33
total tile prob after trim: 0.999998
num tiles after trim: 33
init_pos: 6663
*********running GCP*********
total time (wallclock): 0.0333967 seconds

$ /home/daisy/GRB-Search-Pipeline/search-planning/build/sp_train /home/daisy/GRB-Search-Pipeline/results/training/maps/longlow/adapt_p11-715852394892384_a135-0_257_map.h5 /home/daisy/GRB-Search-Pipeline/search-planning/tilings/tiling_files/2.5x2.5_tiling.csv 6695 10.0 10.0 5.0 0 /home/daisy/GRB-Search-Pipeline/results/training/longlow_searching_2.5x2.5_tiling.csv
Input Parameters:
  file        = /home/daisy/GRB-Search-Pipeline/results/training/maps/longlow/adapt_p11-715852394892384_a135-0_257_map.h5
  source_tile = 6695
  slew_rate   = 10
  dwell_time  = 5
  output      = /home/daisy/GRB-Search-Pipeline/results/training/longlow_searching_2.5x2.5_tiling.csv

source = [78.2841, 135], n_src_events = 412, n_bkg_events = 379
Loaded 180 entries (unique=180, duplicates=0, missing=48972, out_of_bounds=0, non-finite=0)
Sum(prob) over finite entries = 0.999999
init sum: 0.999999
num pixels: 49152
tile num: 6781
total tile prob: 0.999999
tiles with prob > 0: 37
total tile prob after trim: 0.999999
num tiles after trim: 37
init_pos: 6620
*********running GCP*********
total time (wallclock): 0.0329071 seconds

$ /home/daisy/GRB-Search-Pipeline/search-planning/build/sp_train /home/daisy/GRB-Search-Pipeline/results/training/maps/longlow/adapt_p11-715852394892384_a135-0_258_map.h5 /home/daisy/GRB-Search-Pipeline/search-planning/tilings/tiling_files/2.5x2.5_tiling.csv 6695 10.0 10.0 5.0 0 /home/daisy/GRB-Search-Pipeline/results/training/longlow_searching_2.5x2.5_tiling.csv
Input Parameters:
  file        = /home/daisy/GRB-Search-Pipeline/results/training/maps/longlow/adapt_p11-715852394892384_a135-0_258_map.h5
  source_tile = 6695
  slew_rate   = 10
  dwell_time  = 5
  output      = /home/daisy/GRB-Search-Pipeline/results/training/longlow_searching_2.5x2.5_tiling.csv

source = [78.2841, 135], n_src_events = 628, n_bkg_events = 395
Loaded 101 entries (unique=101, duplicates=0, missing=49051, out_of_bounds=0, non-finite=0)
Sum(prob) over finite entries = 0.999999
init sum: 0.999999
num pixels: 49152
tile num: 6781
total tile prob: 0.999999
tiles with prob > 0: 24
total tile prob after trim: 0.999999
num tiles after trim: 24
init_pos: 6697
*********running GCP*********
total time (wallclock): 0.0325023 seconds

$ /home/daisy/GRB-Search-Pipeline/search-planning/build/sp_train /home/daisy/GRB-Search-Pipeline/results/training/maps/longlow/adapt_p11-715852394892384_a135-0_259_map.h5 /home/daisy/GRB-Search-Pipeline/search-planning/tilings/tiling_files/2.5x2.5_tiling.csv 6695 10.0 10.0 5.0 0 /home/daisy/GRB-Search-Pipeline/results/training/longlow_searching_2.5x2.5_tiling.csv
Input Parameters:
  file        = /home/daisy/GRB-Search-Pipeline/results/training/maps/longlow/adapt_p11-715852394892384_a135-0_259_map.h5
  source_tile = 6695
  slew_rate   = 10
  dwell_time  = 5
  output      = /home/daisy/GRB-Search-Pipeline/results/training/longlow_searching_2.5x2.5_tiling.csv

source = [78.2841, 135], n_src_events = 437, n_bkg_events = 1054
Loaded 98 entries (unique=98, duplicates=0, missing=49054, out_of_bounds=0, non-finite=0)
Sum(prob) over finite entries = 0.999999
init sum: 0.999999
num pixels: 49152
tile num: 6781
total tile prob: 0.999999
tiles with prob > 0: 22
total tile prob after trim: 0.999999
num tiles after trim: 22
init_pos: 6619
*********running GCP*********
total time (wallclock): 0.0317553 seconds

$ /home/daisy/GRB-Search-Pipeline/search-planning/build/sp_train /home/daisy/GRB-Search-Pipeline/results/training/maps/longlow/adapt_p11-715852394892384_a135-0_25_map.h5 /home/daisy/GRB-Search-Pipeline/search-planning/tilings/tiling_files/2.5x2.5_tiling.csv 6695 10.0 10.0 5.0 0 /home/daisy/GRB-Search-Pipeline/results/training/longlow_searching_2.5x2.5_tiling.csv
Input Parameters:
  file        = /home/daisy/GRB-Search-Pipeline/results/training/maps/longlow/adapt_p11-715852394892384_a135-0_25_map.h5
  source_tile = 6695
  slew_rate   = 10
  dwell_time  = 5
  output      = /home/daisy/GRB-Search-Pipeline/results/training/longlow_searching_2.5x2.5_tiling.csv

source = [78.2841, 135], n_src_events = 199, n_bkg_events = 936
Loaded 1117 entries (unique=1117, duplicates=0, missing=48035, out_of_bounds=0, non-finite=0)
Sum(prob) over finite entries = 0.999996
init sum: 0.999996
num pixels: 49152
tile num: 6781
total tile prob: 0.999996
tiles with prob > 0: 198
total tile prob after trim: 0.999996
num tiles after trim: 198
init_pos: 6517
*********running GCP*********
total time (wallclock): 0.0453318 seconds

$ /home/daisy/GRB-Search-Pipeline/search-planning/build/sp_train /home/daisy/GRB-Search-Pipeline/results/training/maps/longlow/adapt_p11-715852394892384_a135-0_260_map.h5 /home/daisy/GRB-Search-Pipeline/search-planning/tilings/tiling_files/2.5x2.5_tiling.csv 6695 10.0 10.0 5.0 0 /home/daisy/GRB-Search-Pipeline/results/training/longlow_searching_2.5x2.5_tiling.csv
Input Parameters:
  file        = /home/daisy/GRB-Search-Pipeline/results/training/maps/longlow/adapt_p11-715852394892384_a135-0_260_map.h5
  source_tile = 6695
  slew_rate   = 10
  dwell_time  = 5
  output      = /home/daisy/GRB-Search-Pipeline/results/training/longlow_searching_2.5x2.5_tiling.csv

source = [78.2841, 135], n_src_events = 483, n_bkg_events = 248
Loaded 84 entries (unique=84, duplicates=0, missing=49068, out_of_bounds=0, non-finite=0)
Sum(prob) over finite entries = 0.999999
init sum: 0.999999
num pixels: 49152
tile num: 6781
total tile prob: 0.999999
tiles with prob > 0: 18
total tile prob after trim: 0.999999
num tiles after trim: 18
init_pos: 6695
*********running GCP*********
total time (wallclock): 0.0308652 seconds

$ /home/daisy/GRB-Search-Pipeline/search-planning/build/sp_train /home/daisy/GRB-Search-Pipeline/results/training/maps/longlow/adapt_p11-715852394892384_a135-0_261_map.h5 /home/daisy/GRB-Search-Pipeline/search-planning/tilings/tiling_files/2.5x2.5_tiling.csv 6695 10.0 10.0 5.0 0 /home/daisy/GRB-Search-Pipeline/results/training/longlow_searching_2.5x2.5_tiling.csv
Input Parameters:
  file        = /home/daisy/GRB-Search-Pipeline/results/training/maps/longlow/adapt_p11-715852394892384_a135-0_261_map.h5
  source_tile = 6695
  slew_rate   = 10
  dwell_time  = 5
  output      = /home/daisy/GRB-Search-Pipeline/results/training/longlow_searching_2.5x2.5_tiling.csv

source = [78.2841, 135], n_src_events = 175, n_bkg_events = 593
Loaded 734 entries (unique=734, duplicates=0, missing=48418, out_of_bounds=0, non-finite=0)
Sum(prob) over finite entries = 0.999998
init sum: 0.999998
num pixels: 49152
tile num: 6781
total tile prob: 0.999998
tiles with prob > 0: 137
total tile prob after trim: 0.999998
num tiles after trim: 137
init_pos: 6522
*********running GCP*********
total time (wallclock): 0.0655973 seconds

$ /home/daisy/GRB-Search-Pipeline/search-planning/build/sp_train /home/daisy/GRB-Search-Pipeline/results/training/maps/longlow/adapt_p11-715852394892384_a135-0_262_map.h5 /home/daisy/GRB-Search-Pipeline/search-planning/tilings/tiling_files/2.5x2.5_tiling.csv 6695 10.0 10.0 5.0 0 /home/daisy/GRB-Search-Pipeline/results/training/longlow_searching_2.5x2.5_tiling.csv
Input Parameters:
  file        = /home/daisy/GRB-Search-Pipeline/results/training/maps/longlow/adapt_p11-715852394892384_a135-0_262_map.h5
  source_tile = 6695
  slew_rate   = 10
  dwell_time  = 5
  output      = /home/daisy/GRB-Search-Pipeline/results/training/longlow_searching_2.5x2.5_tiling.csv

source = [78.2841, 135], n_src_events = 443, n_bkg_events = 1067
Loaded 152 entries (unique=152, duplicates=0, missing=49000, out_of_bounds=0, non-finite=0)
Sum(prob) over finite entries = 0.999999
init sum: 0.999999
num pixels: 49152
tile num: 6781
total tile prob: 0.999999
tiles with prob > 0: 32
total tile prob after trim: 0.999999
num tiles after trim: 32
init_pos: 6618
*********running GCP*********
total time (wallclock): 0.0325796 seconds

$ /home/daisy/GRB-Search-Pipeline/search-planning/build/sp_train /home/daisy/GRB-Search-Pipeline/results/training/maps/longlow/adapt_p11-715852394892384_a135-0_263_map.h5 /home/daisy/GRB-Search-Pipeline/search-planning/tilings/tiling_files/2.5x2.5_tiling.csv 6695 10.0 10.0 5.0 0 /home/daisy/GRB-Search-Pipeline/results/training/longlow_searching_2.5x2.5_tiling.csv
Input Parameters:
  file        = /home/daisy/GRB-Search-Pipeline/results/training/maps/longlow/adapt_p11-715852394892384_a135-0_263_map.h5
  source_tile = 6695
  slew_rate   = 10
  dwell_time  = 5
  output      = /home/daisy/GRB-Search-Pipeline/results/training/longlow_searching_2.5x2.5_tiling.csv

source = [78.2841, 135], n_src_events = 764, n_bkg_events = 284
Loaded 59 entries (unique=59, duplicates=0, missing=49093, out_of_bounds=0, non-finite=0)
Sum(prob) over finite entries = 0.999999
init sum: 0.999999
num pixels: 49152
tile num: 6781
total tile prob: 0.999999
tiles with prob > 0: 15
total tile prob after trim: 0.999999
num tiles after trim: 15
init_pos: 6662
*********running GCP*********
total time (wallclock): 0.0325234 seconds

$ /home/daisy/GRB-Search-Pipeline/search-planning/build/sp_train /home/daisy/GRB-Search-Pipeline/results/training/maps/longlow/adapt_p11-715852394892384_a135-0_264_map.h5 /home/daisy/GRB-Search-Pipeline/search-planning/tilings/tiling_files/2.5x2.5_tiling.csv 6695 10.0 10.0 5.0 0 /home/daisy/GRB-Search-Pipeline/results/training/longlow_searching_2.5x2.5_tiling.csv
Input Parameters:
  file        = /home/daisy/GRB-Search-Pipeline/results/training/maps/longlow/adapt_p11-715852394892384_a135-0_264_map.h5
  source_tile = 6695
  slew_rate   = 10
  dwell_time  = 5
  output      = /home/daisy/GRB-Search-Pipeline/results/training/longlow_searching_2.5x2.5_tiling.csv

source = [78.2841, 135], n_src_events = 151, n_bkg_events = 396
Loaded 367 entries (unique=367, duplicates=0, missing=48785, out_of_bounds=0, non-finite=0)
Sum(prob) over finite entries = 0.999998
init sum: 0.999998
num pixels: 49152
tile num: 6781
total tile prob: 0.999998
tiles with prob > 0: 66
total tile prob after trim: 0.999998
num tiles after trim: 66
init_pos: 6697
*********running GCP*********
total time (wallclock): 0.039968 seconds

$ /home/daisy/GRB-Search-Pipeline/search-planning/build/sp_train /home/daisy/GRB-Search-Pipeline/results/training/maps/longlow/adapt_p11-715852394892384_a135-0_265_map.h5 /home/daisy/GRB-Search-Pipeline/search-planning/tilings/tiling_files/2.5x2.5_tiling.csv 6695 10.0 10.0 5.0 0 /home/daisy/GRB-Search-Pipeline/results/training/longlow_searching_2.5x2.5_tiling.csv
Input Parameters:
  file        = /home/daisy/GRB-Search-Pipeline/results/training/maps/longlow/adapt_p11-715852394892384_a135-0_265_map.h5
  source_tile = 6695
  slew_rate   = 10
  dwell_time  = 5
  output      = /home/daisy/GRB-Search-Pipeline/results/training/longlow_searching_2.5x2.5_tiling.csv

source = [78.2841, 135], n_src_events = 147, n_bkg_events = 909
Loaded 1886 entries (unique=1886, duplicates=0, missing=47266, out_of_bounds=0, non-finite=0)
Sum(prob) over finite entries = 0.999996
init sum: 0.999996
num pixels: 49152
tile num: 6781
total tile prob: 0.999996
tiles with prob > 0: 324
total tile prob after trim: 0.999996
num tiles after trim: 324
init_pos: 6768
*********running GCP*********
total time (wallclock): 0.0652914 seconds

$ /home/daisy/GRB-Search-Pipeline/search-planning/build/sp_train /home/daisy/GRB-Search-Pipeline/results/training/maps/longlow/adapt_p11-715852394892384_a135-0_266_map.h5 /home/daisy/GRB-Search-Pipeline/search-planning/tilings/tiling_files/2.5x2.5_tiling.csv 6695 10.0 10.0 5.0 0 /home/daisy/GRB-Search-Pipeline/results/training/longlow_searching_2.5x2.5_tiling.csv
Input Parameters:
  file        = /home/daisy/GRB-Search-Pipeline/results/training/maps/longlow/adapt_p11-715852394892384_a135-0_266_map.h5
  source_tile = 6695
  slew_rate   = 10
  dwell_time  = 5
  output      = /home/daisy/GRB-Search-Pipeline/results/training/longlow_searching_2.5x2.5_tiling.csv

source = [78.2841, 135], n_src_events = 824, n_bkg_events = 391
Loaded 41 entries (unique=41, duplicates=0, missing=49111, out_of_bounds=0, non-finite=0)
Sum(prob) over finite entries = 0.999999
init sum: 0.999999
num pixels: 49152
tile num: 6781
total tile prob: 0.999999
tiles with prob > 0: 10
total tile prob after trim: 0.999999
num tiles after trim: 10
init_pos: 6697
*********running GCP*********
total time (wallclock): 0.0320615 seconds

$ /home/daisy/GRB-Search-Pipeline/search-planning/build/sp_train /home/daisy/GRB-Search-Pipeline/results/training/maps/longlow/adapt_p11-715852394892384_a135-0_267_map.h5 /home/daisy/GRB-Search-Pipeline/search-planning/tilings/tiling_files/2.5x2.5_tiling.csv 6695 10.0 10.0 5.0 0 /home/daisy/GRB-Search-Pipeline/results/training/longlow_searching_2.5x2.5_tiling.csv
Input Parameters:
  file        = /home/daisy/GRB-Search-Pipeline/results/training/maps/longlow/adapt_p11-715852394892384_a135-0_267_map.h5
  source_tile = 6695
  slew_rate   = 10
  dwell_time  = 5
  output      = /home/daisy/GRB-Search-Pipeline/results/training/longlow_searching_2.5x2.5_tiling.csv

source = [78.2841, 135], n_src_events = 400, n_bkg_events = 1028
Loaded 155 entries (unique=155, duplicates=0, missing=48997, out_of_bounds=0, non-finite=0)
Sum(prob) over finite entries = 0.999998
init sum: 0.999998
num pixels: 49152
tile num: 6781
total tile prob: 0.999998
tiles with prob > 0: 33
total tile prob after trim: 0.999998
num tiles after trim: 33
init_pos: 6697
*********running GCP*********
total time (wallclock): 0.0340009 seconds

$ /home/daisy/GRB-Search-Pipeline/search-planning/build/sp_train /home/daisy/GRB-Search-Pipeline/results/training/maps/longlow/adapt_p11-715852394892384_a135-0_268_map.h5 /home/daisy/GRB-Search-Pipeline/search-planning/tilings/tiling_files/2.5x2.5_tiling.csv 6695 10.0 10.0 5.0 0 /home/daisy/GRB-Search-Pipeline/results/training/longlow_searching_2.5x2.5_tiling.csv
Input Parameters:
  file        = /home/daisy/GRB-Search-Pipeline/results/training/maps/longlow/adapt_p11-715852394892384_a135-0_268_map.h5
  source_tile = 6695
  slew_rate   = 10
  dwell_time  = 5
  output      = /home/daisy/GRB-Search-Pipeline/results/training/longlow_searching_2.5x2.5_tiling.csv

source = [78.2841, 135], n_src_events = 691, n_bkg_events = 740
Loaded 65 entries (unique=65, duplicates=0, missing=49087, out_of_bounds=0, non-finite=0)
Sum(prob) over finite entries = 0.999998
init sum: 0.999998
num pixels: 49152
tile num: 6781
total tile prob: 0.999998
tiles with prob > 0: 15
total tile prob after trim: 0.999998
num tiles after trim: 15
init_pos: 6617
*********running GCP*********
total time (wallclock): 0.0320504 seconds

$ /home/daisy/GRB-Search-Pipeline/search-planning/build/sp_train /home/daisy/GRB-Search-Pipeline/results/training/maps/longlow/adapt_p11-715852394892384_a135-0_269_map.h5 /home/daisy/GRB-Search-Pipeline/search-planning/tilings/tiling_files/2.5x2.5_tiling.csv 6695 10.0 10.0 5.0 0 /home/daisy/GRB-Search-Pipeline/results/training/longlow_searching_2.5x2.5_tiling.csv
Input Parameters:
  file        = /home/daisy/GRB-Search-Pipeline/results/training/maps/longlow/adapt_p11-715852394892384_a135-0_269_map.h5
  source_tile = 6695
  slew_rate   = 10
  dwell_time  = 5
  output      = /home/daisy/GRB-Search-Pipeline/results/training/longlow_searching_2.5x2.5_tiling.csv

source = [78.2841, 135], n_src_events = 532, n_bkg_events = 314
Loaded 76 entries (unique=76, duplicates=0, missing=49076, out_of_bounds=0, non-finite=0)
Sum(prob) over finite entries = 0.999999
init sum: 0.999999
num pixels: 49152
tile num: 6781
total tile prob: 0.999999
tiles with prob > 0: 18
total tile prob after trim: 0.999999
num tiles after trim: 18
init_pos: 6697
*********running GCP*********
total time (wallclock): 0.0323261 seconds

$ /home/daisy/GRB-Search-Pipeline/search-planning/build/sp_train /home/daisy/GRB-Search-Pipeline/results/training/maps/longlow/adapt_p11-715852394892384_a135-0_26_map.h5 /home/daisy/GRB-Search-Pipeline/search-planning/tilings/tiling_files/2.5x2.5_tiling.csv 6695 10.0 10.0 5.0 0 /home/daisy/GRB-Search-Pipeline/results/training/longlow_searching_2.5x2.5_tiling.csv
Input Parameters:
  file        = /home/daisy/GRB-Search-Pipeline/results/training/maps/longlow/adapt_p11-715852394892384_a135-0_26_map.h5
  source_tile = 6695
  slew_rate   = 10
  dwell_time  = 5
  output      = /home/daisy/GRB-Search-Pipeline/results/training/longlow_searching_2.5x2.5_tiling.csv

source = [78.2841, 135], n_src_events = 579, n_bkg_events = 663
Loaded 101 entries (unique=101, duplicates=0, missing=49051, out_of_bounds=0, non-finite=0)
Sum(prob) over finite entries = 0.999997
init sum: 0.999997
num pixels: 49152
tile num: 6781
total tile prob: 0.999997
tiles with prob > 0: 20
total tile prob after trim: 0.999997
num tiles after trim: 20
init_pos: 6619
*********running GCP*********
total time (wallclock): 0.0341042 seconds

$ /home/daisy/GRB-Search-Pipeline/search-planning/build/sp_train /home/daisy/GRB-Search-Pipeline/results/training/maps/longlow/adapt_p11-715852394892384_a135-0_270_map.h5 /home/daisy/GRB-Search-Pipeline/search-planning/tilings/tiling_files/2.5x2.5_tiling.csv 6695 10.0 10.0 5.0 0 /home/daisy/GRB-Search-Pipeline/results/training/longlow_searching_2.5x2.5_tiling.csv
Input Parameters:
  file        = /home/daisy/GRB-Search-Pipeline/results/training/maps/longlow/adapt_p11-715852394892384_a135-0_270_map.h5
  source_tile = 6695
  slew_rate   = 10
  dwell_time  = 5
  output      = /home/daisy/GRB-Search-Pipeline/results/training/longlow_searching_2.5x2.5_tiling.csv

source = [78.2841, 135], n_src_events = 531, n_bkg_events = 925
Loaded 136 entries (unique=136, duplicates=0, missing=49016, out_of_bounds=0, non-finite=0)
Sum(prob) over finite entries = 0.999999
init sum: 0.999999
num pixels: 49152
tile num: 6781
total tile prob: 0.999999
tiles with prob > 0: 30
total tile prob after trim: 0.999999
num tiles after trim: 30
init_pos: 6727
*********running GCP*********
total time (wallclock): 0.0326663 seconds

$ /home/daisy/GRB-Search-Pipeline/search-planning/build/sp_train /home/daisy/GRB-Search-Pipeline/results/training/maps/longlow/adapt_p11-715852394892384_a135-0_271_map.h5 /home/daisy/GRB-Search-Pipeline/search-planning/tilings/tiling_files/2.5x2.5_tiling.csv 6695 10.0 10.0 5.0 0 /home/daisy/GRB-Search-Pipeline/results/training/longlow_searching_2.5x2.5_tiling.csv
Input Parameters:
  file        = /home/daisy/GRB-Search-Pipeline/results/training/maps/longlow/adapt_p11-715852394892384_a135-0_271_map.h5
  source_tile = 6695
  slew_rate   = 10
  dwell_time  = 5
  output      = /home/daisy/GRB-Search-Pipeline/results/training/longlow_searching_2.5x2.5_tiling.csv

source = [78.2841, 135], n_src_events = 743, n_bkg_events = 599
Loaded 70 entries (unique=70, duplicates=0, missing=49082, out_of_bounds=0, non-finite=0)
Sum(prob) over finite entries = 0.999998
init sum: 0.999998
num pixels: 49152
tile num: 6781
total tile prob: 0.999998
tiles with prob > 0: 18
total tile prob after trim: 0.999998
num tiles after trim: 18
init_pos: 6696
*********running GCP*********
total time (wallclock): 0.0336305 seconds

$ /home/daisy/GRB-Search-Pipeline/search-planning/build/sp_train /home/daisy/GRB-Search-Pipeline/results/training/maps/longlow/adapt_p11-715852394892384_a135-0_272_map.h5 /home/daisy/GRB-Search-Pipeline/search-planning/tilings/tiling_files/2.5x2.5_tiling.csv 6695 10.0 10.0 5.0 0 /home/daisy/GRB-Search-Pipeline/results/training/longlow_searching_2.5x2.5_tiling.csv
Input Parameters:
  file        = /home/daisy/GRB-Search-Pipeline/results/training/maps/longlow/adapt_p11-715852394892384_a135-0_272_map.h5
  source_tile = 6695
  slew_rate   = 10
  dwell_time  = 5
  output      = /home/daisy/GRB-Search-Pipeline/results/training/longlow_searching_2.5x2.5_tiling.csv

source = [78.2841, 135], n_src_events = 252, n_bkg_events = 862
Loaded 387 entries (unique=387, duplicates=0, missing=48765, out_of_bounds=0, non-finite=0)
Sum(prob) over finite entries = 0.999998
init sum: 0.999998
num pixels: 49152
tile num: 6781
total tile prob: 0.999998
tiles with prob > 0: 76
total tile prob after trim: 0.999998
num tiles after trim: 76
init_pos: 6571
*********running GCP*********
total time (wallclock): 0.0352016 seconds

$ /home/daisy/GRB-Search-Pipeline/search-planning/build/sp_train /home/daisy/GRB-Search-Pipeline/results/training/maps/longlow/adapt_p11-715852394892384_a135-0_273_map.h5 /home/daisy/GRB-Search-Pipeline/search-planning/tilings/tiling_files/2.5x2.5_tiling.csv 6695 10.0 10.0 5.0 0 /home/daisy/GRB-Search-Pipeline/results/training/longlow_searching_2.5x2.5_tiling.csv
Input Parameters:
  file        = /home/daisy/GRB-Search-Pipeline/results/training/maps/longlow/adapt_p11-715852394892384_a135-0_273_map.h5
  source_tile = 6695
  slew_rate   = 10
  dwell_time  = 5
  output      = /home/daisy/GRB-Search-Pipeline/results/training/longlow_searching_2.5x2.5_tiling.csv

source = [78.2841, 135], n_src_events = 823, n_bkg_events = 275
Loaded 41 entries (unique=41, duplicates=0, missing=49111, out_of_bounds=0, non-finite=0)
Sum(prob) over finite entries = 0.999999
init sum: 0.999999
num pixels: 49152
tile num: 6781
total tile prob: 0.999999
tiles with prob > 0: 10
total tile prob after trim: 0.999999
num tiles after trim: 10
init_pos: 6695
*********running GCP*********
total time (wallclock): 0.0314653 seconds

$ /home/daisy/GRB-Search-Pipeline/search-planning/build/sp_train /home/daisy/GRB-Search-Pipeline/results/training/maps/longlow/adapt_p11-715852394892384_a135-0_274_map.h5 /home/daisy/GRB-Search-Pipeline/search-planning/tilings/tiling_files/2.5x2.5_tiling.csv 6695 10.0 10.0 5.0 0 /home/daisy/GRB-Search-Pipeline/results/training/longlow_searching_2.5x2.5_tiling.csv
Input Parameters:
  file        = /home/daisy/GRB-Search-Pipeline/results/training/maps/longlow/adapt_p11-715852394892384_a135-0_274_map.h5
  source_tile = 6695
  slew_rate   = 10
  dwell_time  = 5
  output      = /home/daisy/GRB-Search-Pipeline/results/training/longlow_searching_2.5x2.5_tiling.csv

source = [78.2841, 135], n_src_events = 87, n_bkg_events = 384
Loaded 1862 entries (unique=1862, duplicates=0, missing=47290, out_of_bounds=0, non-finite=0)
Sum(prob) over finite entries = 0.999996
init sum: 0.999996
num pixels: 49152
tile num: 6781
total tile prob: 0.999996
tiles with prob > 0: 295
total tile prob after trim: 0.999996
num tiles after trim: 295
init_pos: 6334
*********running GCP*********
total time (wallclock): 0.416867 seconds

$ /home/daisy/GRB-Search-Pipeline/search-planning/build/sp_train /home/daisy/GRB-Search-Pipeline/results/training/maps/longlow/adapt_p11-715852394892384_a135-0_275_map.h5 /home/daisy/GRB-Search-Pipeline/search-planning/tilings/tiling_files/2.5x2.5_tiling.csv 6695 10.0 10.0 5.0 0 /home/daisy/GRB-Search-Pipeline/results/training/longlow_searching_2.5x2.5_tiling.csv
Input Parameters:
  file        = /home/daisy/GRB-Search-Pipeline/results/training/maps/longlow/adapt_p11-715852394892384_a135-0_275_map.h5
  source_tile = 6695
  slew_rate   = 10
  dwell_time  = 5
  output      = /home/daisy/GRB-Search-Pipeline/results/training/longlow_searching_2.5x2.5_tiling.csv

source = [78.2841, 135], n_src_events = 622, n_bkg_events = 809
Loaded 78 entries (unique=78, duplicates=0, missing=49074, out_of_bounds=0, non-finite=0)
Sum(prob) over finite entries = 0.999998
init sum: 0.999998
num pixels: 49152
tile num: 6781
total tile prob: 0.999998
tiles with prob > 0: 18
total tile prob after trim: 0.999998
num tiles after trim: 18
init_pos: 6696
*********running GCP*********
total time (wallclock): 0.0326646 seconds

$ /home/daisy/GRB-Search-Pipeline/search-planning/build/sp_train /home/daisy/GRB-Search-Pipeline/results/training/maps/longlow/adapt_p11-715852394892384_a135-0_276_map.h5 /home/daisy/GRB-Search-Pipeline/search-planning/tilings/tiling_files/2.5x2.5_tiling.csv 6695 10.0 10.0 5.0 0 /home/daisy/GRB-Search-Pipeline/results/training/longlow_searching_2.5x2.5_tiling.csv
Input Parameters:
  file        = /home/daisy/GRB-Search-Pipeline/results/training/maps/longlow/adapt_p11-715852394892384_a135-0_276_map.h5
  source_tile = 6695
  slew_rate   = 10
  dwell_time  = 5
  output      = /home/daisy/GRB-Search-Pipeline/results/training/longlow_searching_2.5x2.5_tiling.csv

source = [78.2841, 135], n_src_events = 663, n_bkg_events = 323
Loaded 64 entries (unique=64, duplicates=0, missing=49088, out_of_bounds=0, non-finite=0)
Sum(prob) over finite entries = 0.999998
init sum: 0.999998
num pixels: 49152
tile num: 6781
total tile prob: 0.999998
tiles with prob > 0: 13
total tile prob after trim: 0.999998
num tiles after trim: 13
init_pos: 6616
*********running GCP*********
total time (wallclock): 0.0339739 seconds

$ /home/daisy/GRB-Search-Pipeline/search-planning/build/sp_train /home/daisy/GRB-Search-Pipeline/results/training/maps/longlow/adapt_p11-715852394892384_a135-0_277_map.h5 /home/daisy/GRB-Search-Pipeline/search-planning/tilings/tiling_files/2.5x2.5_tiling.csv 6695 10.0 10.0 5.0 0 /home/daisy/GRB-Search-Pipeline/results/training/longlow_searching_2.5x2.5_tiling.csv
Input Parameters:
  file        = /home/daisy/GRB-Search-Pipeline/results/training/maps/longlow/adapt_p11-715852394892384_a135-0_277_map.h5
  source_tile = 6695
  slew_rate   = 10
  dwell_time  = 5
  output      = /home/daisy/GRB-Search-Pipeline/results/training/longlow_searching_2.5x2.5_tiling.csv

source = [78.2841, 135], n_src_events = 336, n_bkg_events = 1045
Loaded 218 entries (unique=218, duplicates=0, missing=48934, out_of_bounds=0, non-finite=0)
Sum(prob) over finite entries = 0.999998
init sum: 0.999998
num pixels: 49152
tile num: 6781
total tile prob: 0.999998
tiles with prob > 0: 39
total tile prob after trim: 0.999998
num tiles after trim: 39
init_pos: 6658
*********running GCP*********
total time (wallclock): 0.0339106 seconds

$ /home/daisy/GRB-Search-Pipeline/search-planning/build/sp_train /home/daisy/GRB-Search-Pipeline/results/training/maps/longlow/adapt_p11-715852394892384_a135-0_278_map.h5 /home/daisy/GRB-Search-Pipeline/search-planning/tilings/tiling_files/2.5x2.5_tiling.csv 6695 10.0 10.0 5.0 0 /home/daisy/GRB-Search-Pipeline/results/training/longlow_searching_2.5x2.5_tiling.csv
Input Parameters:
  file        = /home/daisy/GRB-Search-Pipeline/results/training/maps/longlow/adapt_p11-715852394892384_a135-0_278_map.h5
  source_tile = 6695
  slew_rate   = 10
  dwell_time  = 5
  output      = /home/daisy/GRB-Search-Pipeline/results/training/longlow_searching_2.5x2.5_tiling.csv

source = [78.2841, 135], n_src_events = 308, n_bkg_events = 850
Loaded 246 entries (unique=246, duplicates=0, missing=48906, out_of_bounds=0, non-finite=0)
Sum(prob) over finite entries = 0.999998
init sum: 0.999998
num pixels: 49152
tile num: 6781
total tile prob: 0.999998
tiles with prob > 0: 46
total tile prob after trim: 0.999998
num tiles after trim: 46
init_pos: 6666
*********running GCP*********
total time (wallclock): 0.0573081 seconds

$ /home/daisy/GRB-Search-Pipeline/search-planning/build/sp_train /home/daisy/GRB-Search-Pipeline/results/training/maps/longlow/adapt_p11-715852394892384_a135-0_279_map.h5 /home/daisy/GRB-Search-Pipeline/search-planning/tilings/tiling_files/2.5x2.5_tiling.csv 6695 10.0 10.0 5.0 0 /home/daisy/GRB-Search-Pipeline/results/training/longlow_searching_2.5x2.5_tiling.csv
Input Parameters:
  file        = /home/daisy/GRB-Search-Pipeline/results/training/maps/longlow/adapt_p11-715852394892384_a135-0_279_map.h5
  source_tile = 6695
  slew_rate   = 10
  dwell_time  = 5
  output      = /home/daisy/GRB-Search-Pipeline/results/training/longlow_searching_2.5x2.5_tiling.csv

source = [78.2841, 135], n_src_events = 381, n_bkg_events = 313
Loaded 118 entries (unique=118, duplicates=0, missing=49034, out_of_bounds=0, non-finite=0)
Sum(prob) over finite entries = 0.999999
init sum: 0.999999
num pixels: 49152
tile num: 6781
total tile prob: 0.999999
tiles with prob > 0: 25
total tile prob after trim: 0.999999
num tiles after trim: 25
init_pos: 6660
*********running GCP*********
total time (wallclock): 0.0338759 seconds

$ /home/daisy/GRB-Search-Pipeline/search-planning/build/sp_train /home/daisy/GRB-Search-Pipeline/results/training/maps/longlow/adapt_p11-715852394892384_a135-0_27_map.h5 /home/daisy/GRB-Search-Pipeline/search-planning/tilings/tiling_files/2.5x2.5_tiling.csv 6695 10.0 10.0 5.0 0 /home/daisy/GRB-Search-Pipeline/results/training/longlow_searching_2.5x2.5_tiling.csv
Input Parameters:
  file        = /home/daisy/GRB-Search-Pipeline/results/training/maps/longlow/adapt_p11-715852394892384_a135-0_27_map.h5
  source_tile = 6695
  slew_rate   = 10
  dwell_time  = 5
  output      = /home/daisy/GRB-Search-Pipeline/results/training/longlow_searching_2.5x2.5_tiling.csv

source = [78.2841, 135], n_src_events = 420, n_bkg_events = 1062
Loaded 204 entries (unique=204, duplicates=0, missing=48948, out_of_bounds=0, non-finite=0)
Sum(prob) over finite entries = 0.999999
init sum: 0.999999
num pixels: 49152
tile num: 6781
total tile prob: 0.999999
tiles with prob > 0: 38
total tile prob after trim: 0.999999
num tiles after trim: 38
init_pos: 6655
*********running GCP*********
total time (wallclock): 0.041774 seconds

$ /home/daisy/GRB-Search-Pipeline/search-planning/build/sp_train /home/daisy/GRB-Search-Pipeline/results/training/maps/longlow/adapt_p11-715852394892384_a135-0_280_map.h5 /home/daisy/GRB-Search-Pipeline/search-planning/tilings/tiling_files/2.5x2.5_tiling.csv 6695 10.0 10.0 5.0 0 /home/daisy/GRB-Search-Pipeline/results/training/longlow_searching_2.5x2.5_tiling.csv
Input Parameters:
  file        = /home/daisy/GRB-Search-Pipeline/results/training/maps/longlow/adapt_p11-715852394892384_a135-0_280_map.h5
  source_tile = 6695
  slew_rate   = 10
  dwell_time  = 5
  output      = /home/daisy/GRB-Search-Pipeline/results/training/longlow_searching_2.5x2.5_tiling.csv

source = [78.2841, 135], n_src_events = 159, n_bkg_events = 1073
Loaded 739 entries (unique=739, duplicates=0, missing=48413, out_of_bounds=0, non-finite=0)
Sum(prob) over finite entries = 0.999998
init sum: 0.999998
num pixels: 49152
tile num: 6781
total tile prob: 0.999998
tiles with prob > 0: 132
total tile prob after trim: 0.999998
num tiles after trim: 132
init_pos: 6569
*********running GCP*********
total time (wallclock): 0.0340686 seconds

$ /home/daisy/GRB-Search-Pipeline/search-planning/build/sp_train /home/daisy/GRB-Search-Pipeline/results/training/maps/longlow/adapt_p11-715852394892384_a135-0_281_map.h5 /home/daisy/GRB-Search-Pipeline/search-planning/tilings/tiling_files/2.5x2.5_tiling.csv 6695 10.0 10.0 5.0 0 /home/daisy/GRB-Search-Pipeline/results/training/longlow_searching_2.5x2.5_tiling.csv
Input Parameters:
  file        = /home/daisy/GRB-Search-Pipeline/results/training/maps/longlow/adapt_p11-715852394892384_a135-0_281_map.h5
  source_tile = 6695
  slew_rate   = 10
  dwell_time  = 5
  output      = /home/daisy/GRB-Search-Pipeline/results/training/longlow_searching_2.5x2.5_tiling.csv

source = [78.2841, 135], n_src_events = 301, n_bkg_events = 580
Loaded 217 entries (unique=217, duplicates=0, missing=48935, out_of_bounds=0, non-finite=0)
Sum(prob) over finite entries = 0.999998
init sum: 0.999998
num pixels: 49152
tile num: 6781
total tile prob: 0.999998
tiles with prob > 0: 42
total tile prob after trim: 0.999998
num tiles after trim: 42
init_pos: 6661
*********running GCP*********
total time (wallclock): 0.0520847 seconds

$ /home/daisy/GRB-Search-Pipeline/search-planning/build/sp_train /home/daisy/GRB-Search-Pipeline/results/training/maps/longlow/adapt_p11-715852394892384_a135-0_282_map.h5 /home/daisy/GRB-Search-Pipeline/search-planning/tilings/tiling_files/2.5x2.5_tiling.csv 6695 10.0 10.0 5.0 0 /home/daisy/GRB-Search-Pipeline/results/training/longlow_searching_2.5x2.5_tiling.csv
Input Parameters:
  file        = /home/daisy/GRB-Search-Pipeline/results/training/maps/longlow/adapt_p11-715852394892384_a135-0_282_map.h5
  source_tile = 6695
  slew_rate   = 10
  dwell_time  = 5
  output      = /home/daisy/GRB-Search-Pipeline/results/training/longlow_searching_2.5x2.5_tiling.csv

source = [78.2841, 135], n_src_events = 177, n_bkg_events = 554
Loaded 281 entries (unique=281, duplicates=0, missing=48871, out_of_bounds=0, non-finite=0)
Sum(prob) over finite entries = 0.999998
init sum: 0.999998
num pixels: 49152
tile num: 6781
total tile prob: 0.999998
tiles with prob > 0: 54
total tile prob after trim: 0.999998
num tiles after trim: 54
init_pos: 6619
*********running GCP*********
total time (wallclock): 0.0317703 seconds

$ /home/daisy/GRB-Search-Pipeline/search-planning/build/sp_train /home/daisy/GRB-Search-Pipeline/results/training/maps/longlow/adapt_p11-715852394892384_a135-0_283_map.h5 /home/daisy/GRB-Search-Pipeline/search-planning/tilings/tiling_files/2.5x2.5_tiling.csv 6695 10.0 10.0 5.0 0 /home/daisy/GRB-Search-Pipeline/results/training/longlow_searching_2.5x2.5_tiling.csv
Input Parameters:
  file        = /home/daisy/GRB-Search-Pipeline/results/training/maps/longlow/adapt_p11-715852394892384_a135-0_283_map.h5
  source_tile = 6695
  slew_rate   = 10
  dwell_time  = 5
  output      = /home/daisy/GRB-Search-Pipeline/results/training/longlow_searching_2.5x2.5_tiling.csv

source = [78.2841, 135], n_src_events = 476, n_bkg_events = 1063
Loaded 117 entries (unique=117, duplicates=0, missing=49035, out_of_bounds=0, non-finite=0)
Sum(prob) over finite entries = 0.999999
init sum: 0.999999
num pixels: 49152
tile num: 6781
total tile prob: 0.999999
tiles with prob > 0: 26
total tile prob after trim: 0.999999
num tiles after trim: 26
init_pos: 6569
*********running GCP*********
total time (wallclock): 0.0375383 seconds

$ /home/daisy/GRB-Search-Pipeline/search-planning/build/sp_train /home/daisy/GRB-Search-Pipeline/results/training/maps/longlow/adapt_p11-715852394892384_a135-0_284_map.h5 /home/daisy/GRB-Search-Pipeline/search-planning/tilings/tiling_files/2.5x2.5_tiling.csv 6695 10.0 10.0 5.0 0 /home/daisy/GRB-Search-Pipeline/results/training/longlow_searching_2.5x2.5_tiling.csv
Input Parameters:
  file        = /home/daisy/GRB-Search-Pipeline/results/training/maps/longlow/adapt_p11-715852394892384_a135-0_284_map.h5
  source_tile = 6695
  slew_rate   = 10
  dwell_time  = 5
  output      = /home/daisy/GRB-Search-Pipeline/results/training/longlow_searching_2.5x2.5_tiling.csv

source = [78.2841, 135], n_src_events = 757, n_bkg_events = 1154
Loaded 64 entries (unique=64, duplicates=0, missing=49088, out_of_bounds=0, non-finite=0)
Sum(prob) over finite entries = 0.999999
init sum: 0.999999
num pixels: 49152
tile num: 6781
total tile prob: 0.999999
tiles with prob > 0: 13
total tile prob after trim: 0.999999
num tiles after trim: 13
init_pos: 6617
*********running GCP*********
total time (wallclock): 0.0322952 seconds

$ /home/daisy/GRB-Search-Pipeline/search-planning/build/sp_train /home/daisy/GRB-Search-Pipeline/results/training/maps/longlow/adapt_p11-715852394892384_a135-0_285_map.h5 /home/daisy/GRB-Search-Pipeline/search-planning/tilings/tiling_files/2.5x2.5_tiling.csv 6695 10.0 10.0 5.0 0 /home/daisy/GRB-Search-Pipeline/results/training/longlow_searching_2.5x2.5_tiling.csv
Input Parameters:
  file        = /home/daisy/GRB-Search-Pipeline/results/training/maps/longlow/adapt_p11-715852394892384_a135-0_285_map.h5
  source_tile = 6695
  slew_rate   = 10
  dwell_time  = 5
  output      = /home/daisy/GRB-Search-Pipeline/results/training/longlow_searching_2.5x2.5_tiling.csv

source = [78.2841, 135], n_src_events = 564, n_bkg_events = 964
Loaded 104 entries (unique=104, duplicates=0, missing=49048, out_of_bounds=0, non-finite=0)
Sum(prob) over finite entries = 0.999998
init sum: 0.999998
num pixels: 49152
tile num: 6781
total tile prob: 0.999998
tiles with prob > 0: 20
total tile prob after trim: 0.999998
num tiles after trim: 20
init_pos: 6618
*********running GCP*********
total time (wallclock): 0.0344007 seconds

$ /home/daisy/GRB-Search-Pipeline/search-planning/build/sp_train /home/daisy/GRB-Search-Pipeline/results/training/maps/longlow/adapt_p11-715852394892384_a135-0_286_map.h5 /home/daisy/GRB-Search-Pipeline/search-planning/tilings/tiling_files/2.5x2.5_tiling.csv 6695 10.0 10.0 5.0 0 /home/daisy/GRB-Search-Pipeline/results/training/longlow_searching_2.5x2.5_tiling.csv
Input Parameters:
  file        = /home/daisy/GRB-Search-Pipeline/results/training/maps/longlow/adapt_p11-715852394892384_a135-0_286_map.h5
  source_tile = 6695
  slew_rate   = 10
  dwell_time  = 5
  output      = /home/daisy/GRB-Search-Pipeline/results/training/longlow_searching_2.5x2.5_tiling.csv

source = [78.2841, 135], n_src_events = 231, n_bkg_events = 566
Loaded 271 entries (unique=271, duplicates=0, missing=48881, out_of_bounds=0, non-finite=0)
Sum(prob) over finite entries = 0.999998
init sum: 0.999998
num pixels: 49152
tile num: 6781
total tile prob: 0.999998
tiles with prob > 0: 58
total tile prob after trim: 0.999998
num tiles after trim: 58
init_pos: 6697
*********running GCP*********
total time (wallclock): 0.0516398 seconds

$ /home/daisy/GRB-Search-Pipeline/search-planning/build/sp_train /home/daisy/GRB-Search-Pipeline/results/training/maps/longlow/adapt_p11-715852394892384_a135-0_287_map.h5 /home/daisy/GRB-Search-Pipeline/search-planning/tilings/tiling_files/2.5x2.5_tiling.csv 6695 10.0 10.0 5.0 0 /home/daisy/GRB-Search-Pipeline/results/training/longlow_searching_2.5x2.5_tiling.csv
Input Parameters:
  file        = /home/daisy/GRB-Search-Pipeline/results/training/maps/longlow/adapt_p11-715852394892384_a135-0_287_map.h5
  source_tile = 6695
  slew_rate   = 10
  dwell_time  = 5
  output      = /home/daisy/GRB-Search-Pipeline/results/training/longlow_searching_2.5x2.5_tiling.csv

source = [78.2841, 135], n_src_events = 533, n_bkg_events = 479
Loaded 93 entries (unique=93, duplicates=0, missing=49059, out_of_bounds=0, non-finite=0)
Sum(prob) over finite entries = 0.999998
init sum: 0.999998
num pixels: 49152
tile num: 6781
total tile prob: 0.999998
tiles with prob > 0: 20
total tile prob after trim: 0.999998
num tiles after trim: 20
init_pos: 6620
*********running GCP*********
total time (wallclock): 0.0360509 seconds

$ /home/daisy/GRB-Search-Pipeline/search-planning/build/sp_train /home/daisy/GRB-Search-Pipeline/results/training/maps/longlow/adapt_p11-715852394892384_a135-0_288_map.h5 /home/daisy/GRB-Search-Pipeline/search-planning/tilings/tiling_files/2.5x2.5_tiling.csv 6695 10.0 10.0 5.0 0 /home/daisy/GRB-Search-Pipeline/results/training/longlow_searching_2.5x2.5_tiling.csv
Input Parameters:
  file        = /home/daisy/GRB-Search-Pipeline/results/training/maps/longlow/adapt_p11-715852394892384_a135-0_288_map.h5
  source_tile = 6695
  slew_rate   = 10
  dwell_time  = 5
  output      = /home/daisy/GRB-Search-Pipeline/results/training/longlow_searching_2.5x2.5_tiling.csv

source = [78.2841, 135], n_src_events = 619, n_bkg_events = 963
Loaded 79 entries (unique=79, duplicates=0, missing=49073, out_of_bounds=0, non-finite=0)
Sum(prob) over finite entries = 0.999999
init sum: 0.999999
num pixels: 49152
tile num: 6781
total tile prob: 0.999999
tiles with prob > 0: 18
total tile prob after trim: 0.999999
num tiles after trim: 18
init_pos: 6619
*********running GCP*********
total time (wallclock): 0.0324264 seconds

$ /home/daisy/GRB-Search-Pipeline/search-planning/build/sp_train /home/daisy/GRB-Search-Pipeline/results/training/maps/longlow/adapt_p11-715852394892384_a135-0_289_map.h5 /home/daisy/GRB-Search-Pipeline/search-planning/tilings/tiling_files/2.5x2.5_tiling.csv 6695 10.0 10.0 5.0 0 /home/daisy/GRB-Search-Pipeline/results/training/longlow_searching_2.5x2.5_tiling.csv
Input Parameters:
  file        = /home/daisy/GRB-Search-Pipeline/results/training/maps/longlow/adapt_p11-715852394892384_a135-0_289_map.h5
  source_tile = 6695
  slew_rate   = 10
  dwell_time  = 5
  output      = /home/daisy/GRB-Search-Pipeline/results/training/longlow_searching_2.5x2.5_tiling.csv

source = [78.2841, 135], n_src_events = 706, n_bkg_events = 1105
Loaded 64 entries (unique=64, duplicates=0, missing=49088, out_of_bounds=0, non-finite=0)
Sum(prob) over finite entries = 0.999999
init sum: 0.999999
num pixels: 49152
tile num: 6781
total tile prob: 0.999999
tiles with prob > 0: 15
total tile prob after trim: 0.999999
num tiles after trim: 15
init_pos: 6616
*********running GCP*********
total time (wallclock): 0.032391 seconds

$ /home/daisy/GRB-Search-Pipeline/search-planning/build/sp_train /home/daisy/GRB-Search-Pipeline/results/training/maps/longlow/adapt_p11-715852394892384_a135-0_28_map.h5 /home/daisy/GRB-Search-Pipeline/search-planning/tilings/tiling_files/2.5x2.5_tiling.csv 6695 10.0 10.0 5.0 0 /home/daisy/GRB-Search-Pipeline/results/training/longlow_searching_2.5x2.5_tiling.csv
Input Parameters:
  file        = /home/daisy/GRB-Search-Pipeline/results/training/maps/longlow/adapt_p11-715852394892384_a135-0_28_map.h5
  source_tile = 6695
  slew_rate   = 10
  dwell_time  = 5
  output      = /home/daisy/GRB-Search-Pipeline/results/training/longlow_searching_2.5x2.5_tiling.csv

source = [78.2841, 135], n_src_events = 258, n_bkg_events = 304
Loaded 196 entries (unique=196, duplicates=0, missing=48956, out_of_bounds=0, non-finite=0)
Sum(prob) over finite entries = 0.999999
init sum: 0.999999
num pixels: 49152
tile num: 6781
total tile prob: 0.999999
tiles with prob > 0: 41
total tile prob after trim: 0.999999
num tiles after trim: 41
init_pos: 6693
*********running GCP*********
total time (wallclock): 0.0318259 seconds

$ /home/daisy/GRB-Search-Pipeline/search-planning/build/sp_train /home/daisy/GRB-Search-Pipeline/results/training/maps/longlow/adapt_p11-715852394892384_a135-0_290_map.h5 /home/daisy/GRB-Search-Pipeline/search-planning/tilings/tiling_files/2.5x2.5_tiling.csv 6695 10.0 10.0 5.0 0 /home/daisy/GRB-Search-Pipeline/results/training/longlow_searching_2.5x2.5_tiling.csv
Input Parameters:
  file        = /home/daisy/GRB-Search-Pipeline/results/training/maps/longlow/adapt_p11-715852394892384_a135-0_290_map.h5
  source_tile = 6695
  slew_rate   = 10
  dwell_time  = 5
  output      = /home/daisy/GRB-Search-Pipeline/results/training/longlow_searching_2.5x2.5_tiling.csv

source = [78.2841, 135], n_src_events = 716, n_bkg_events = 885
Loaded 98 entries (unique=98, duplicates=0, missing=49054, out_of_bounds=0, non-finite=0)
Sum(prob) over finite entries = 0.999999
init sum: 0.999999
num pixels: 49152
tile num: 6781
total tile prob: 0.999999
tiles with prob > 0: 22
total tile prob after trim: 0.999999
num tiles after trim: 22
init_pos: 6725
*********running GCP*********
total time (wallclock): 0.0312472 seconds

$ /home/daisy/GRB-Search-Pipeline/search-planning/build/sp_train /home/daisy/GRB-Search-Pipeline/results/training/maps/longlow/adapt_p11-715852394892384_a135-0_291_map.h5 /home/daisy/GRB-Search-Pipeline/search-planning/tilings/tiling_files/2.5x2.5_tiling.csv 6695 10.0 10.0 5.0 0 /home/daisy/GRB-Search-Pipeline/results/training/longlow_searching_2.5x2.5_tiling.csv
Input Parameters:
  file        = /home/daisy/GRB-Search-Pipeline/results/training/maps/longlow/adapt_p11-715852394892384_a135-0_291_map.h5
  source_tile = 6695
  slew_rate   = 10
  dwell_time  = 5
  output      = /home/daisy/GRB-Search-Pipeline/results/training/longlow_searching_2.5x2.5_tiling.csv

source = [78.2841, 135], n_src_events = 528, n_bkg_events = 804
Loaded 113 entries (unique=113, duplicates=0, missing=49039, out_of_bounds=0, non-finite=0)
Sum(prob) over finite entries = 0.999998
init sum: 0.999998
num pixels: 49152
tile num: 6781
total tile prob: 0.999998
tiles with prob > 0: 25
total tile prob after trim: 0.999998
num tiles after trim: 25
init_pos: 6620
*********running GCP*********
total time (wallclock): 0.0338366 seconds

$ /home/daisy/GRB-Search-Pipeline/search-planning/build/sp_train /home/daisy/GRB-Search-Pipeline/results/training/maps/longlow/adapt_p11-715852394892384_a135-0_292_map.h5 /home/daisy/GRB-Search-Pipeline/search-planning/tilings/tiling_files/2.5x2.5_tiling.csv 6695 10.0 10.0 5.0 0 /home/daisy/GRB-Search-Pipeline/results/training/longlow_searching_2.5x2.5_tiling.csv
Input Parameters:
  file        = /home/daisy/GRB-Search-Pipeline/results/training/maps/longlow/adapt_p11-715852394892384_a135-0_292_map.h5
  source_tile = 6695
  slew_rate   = 10
  dwell_time  = 5
  output      = /home/daisy/GRB-Search-Pipeline/results/training/longlow_searching_2.5x2.5_tiling.csv

source = [78.2841, 135], n_src_events = 346, n_bkg_events = 851
Loaded 333 entries (unique=333, duplicates=0, missing=48819, out_of_bounds=0, non-finite=0)
Sum(prob) over finite entries = 0.999998
init sum: 0.999998
num pixels: 49152
tile num: 6781
total tile prob: 0.999998
tiles with prob > 0: 61
total tile prob after trim: 0.999998
num tiles after trim: 61
init_pos: 6517
*********running GCP*********
total time (wallclock): 0.0349123 seconds

$ /home/daisy/GRB-Search-Pipeline/search-planning/build/sp_train /home/daisy/GRB-Search-Pipeline/results/training/maps/longlow/adapt_p11-715852394892384_a135-0_293_map.h5 /home/daisy/GRB-Search-Pipeline/search-planning/tilings/tiling_files/2.5x2.5_tiling.csv 6695 10.0 10.0 5.0 0 /home/daisy/GRB-Search-Pipeline/results/training/longlow_searching_2.5x2.5_tiling.csv
Input Parameters:
  file        = /home/daisy/GRB-Search-Pipeline/results/training/maps/longlow/adapt_p11-715852394892384_a135-0_293_map.h5
  source_tile = 6695
  slew_rate   = 10
  dwell_time  = 5
  output      = /home/daisy/GRB-Search-Pipeline/results/training/longlow_searching_2.5x2.5_tiling.csv

source = [78.2841, 135], n_src_events = 503, n_bkg_events = 979
Loaded 95 entries (unique=95, duplicates=0, missing=49057, out_of_bounds=0, non-finite=0)
Sum(prob) over finite entries = 0.999999
init sum: 0.999999
num pixels: 49152
tile num: 6781
total tile prob: 0.999999
tiles with prob > 0: 20
total tile prob after trim: 0.999999
num tiles after trim: 20
init_pos: 6620
*********running GCP*********
total time (wallclock): 0.0342833 seconds

$ /home/daisy/GRB-Search-Pipeline/search-planning/build/sp_train /home/daisy/GRB-Search-Pipeline/results/training/maps/longlow/adapt_p11-715852394892384_a135-0_294_map.h5 /home/daisy/GRB-Search-Pipeline/search-planning/tilings/tiling_files/2.5x2.5_tiling.csv 6695 10.0 10.0 5.0 0 /home/daisy/GRB-Search-Pipeline/results/training/longlow_searching_2.5x2.5_tiling.csv
Input Parameters:
  file        = /home/daisy/GRB-Search-Pipeline/results/training/maps/longlow/adapt_p11-715852394892384_a135-0_294_map.h5
  source_tile = 6695
  slew_rate   = 10
  dwell_time  = 5
  output      = /home/daisy/GRB-Search-Pipeline/results/training/longlow_searching_2.5x2.5_tiling.csv

source = [78.2841, 135], n_src_events = 394, n_bkg_events = 792
Loaded 131 entries (unique=131, duplicates=0, missing=49021, out_of_bounds=0, non-finite=0)
Sum(prob) over finite entries = 0.999999
init sum: 0.999999
num pixels: 49152
tile num: 6781
total tile prob: 0.999999
tiles with prob > 0: 26
total tile prob after trim: 0.999999
num tiles after trim: 26
init_pos: 6571
*********running GCP*********
total time (wallclock): 0.0377309 seconds

$ /home/daisy/GRB-Search-Pipeline/search-planning/build/sp_train /home/daisy/GRB-Search-Pipeline/results/training/maps/longlow/adapt_p11-715852394892384_a135-0_295_map.h5 /home/daisy/GRB-Search-Pipeline/search-planning/tilings/tiling_files/2.5x2.5_tiling.csv 6695 10.0 10.0 5.0 0 /home/daisy/GRB-Search-Pipeline/results/training/longlow_searching_2.5x2.5_tiling.csv
Input Parameters:
  file        = /home/daisy/GRB-Search-Pipeline/results/training/maps/longlow/adapt_p11-715852394892384_a135-0_295_map.h5
  source_tile = 6695
  slew_rate   = 10
  dwell_time  = 5
  output      = /home/daisy/GRB-Search-Pipeline/results/training/longlow_searching_2.5x2.5_tiling.csv

source = [78.2841, 135], n_src_events = 599, n_bkg_events = 488
Loaded 80 entries (unique=80, duplicates=0, missing=49072, out_of_bounds=0, non-finite=0)
Sum(prob) over finite entries = 0.999999
init sum: 0.999999
num pixels: 49152
tile num: 6781
total tile prob: 0.999999
tiles with prob > 0: 17
total tile prob after trim: 0.999999
num tiles after trim: 17
init_pos: 6659
*********running GCP*********
total time (wallclock): 0.0323669 seconds

$ /home/daisy/GRB-Search-Pipeline/search-planning/build/sp_train /home/daisy/GRB-Search-Pipeline/results/training/maps/longlow/adapt_p11-715852394892384_a135-0_296_map.h5 /home/daisy/GRB-Search-Pipeline/search-planning/tilings/tiling_files/2.5x2.5_tiling.csv 6695 10.0 10.0 5.0 0 /home/daisy/GRB-Search-Pipeline/results/training/longlow_searching_2.5x2.5_tiling.csv
Input Parameters:
  file        = /home/daisy/GRB-Search-Pipeline/results/training/maps/longlow/adapt_p11-715852394892384_a135-0_296_map.h5
  source_tile = 6695
  slew_rate   = 10
  dwell_time  = 5
  output      = /home/daisy/GRB-Search-Pipeline/results/training/longlow_searching_2.5x2.5_tiling.csv

source = [78.2841, 135], n_src_events = 594, n_bkg_events = 929
Loaded 90 entries (unique=90, duplicates=0, missing=49062, out_of_bounds=0, non-finite=0)
Sum(prob) over finite entries = 0.999998
init sum: 0.999998
num pixels: 49152
tile num: 6781
total tile prob: 0.999998
tiles with prob > 0: 20
total tile prob after trim: 0.999998
num tiles after trim: 20
init_pos: 6616
*********running GCP*********
total time (wallclock): 0.0337136 seconds

$ /home/daisy/GRB-Search-Pipeline/search-planning/build/sp_train /home/daisy/GRB-Search-Pipeline/results/training/maps/longlow/adapt_p11-715852394892384_a135-0_297_map.h5 /home/daisy/GRB-Search-Pipeline/search-planning/tilings/tiling_files/2.5x2.5_tiling.csv 6695 10.0 10.0 5.0 0 /home/daisy/GRB-Search-Pipeline/results/training/longlow_searching_2.5x2.5_tiling.csv
Input Parameters:
  file        = /home/daisy/GRB-Search-Pipeline/results/training/maps/longlow/adapt_p11-715852394892384_a135-0_297_map.h5
  source_tile = 6695
  slew_rate   = 10
  dwell_time  = 5
  output      = /home/daisy/GRB-Search-Pipeline/results/training/longlow_searching_2.5x2.5_tiling.csv

source = [78.2841, 135], n_src_events = 491, n_bkg_events = 872
Loaded 126 entries (unique=126, duplicates=0, missing=49026, out_of_bounds=0, non-finite=0)
Sum(prob) over finite entries = 0.999999
init sum: 0.999999
num pixels: 49152
tile num: 6781
total tile prob: 0.999999
tiles with prob > 0: 26
total tile prob after trim: 0.999999
num tiles after trim: 26
init_pos: 6662
*********running GCP*********
total time (wallclock): 0.0324843 seconds

$ /home/daisy/GRB-Search-Pipeline/search-planning/build/sp_train /home/daisy/GRB-Search-Pipeline/results/training/maps/longlow/adapt_p11-715852394892384_a135-0_298_map.h5 /home/daisy/GRB-Search-Pipeline/search-planning/tilings/tiling_files/2.5x2.5_tiling.csv 6695 10.0 10.0 5.0 0 /home/daisy/GRB-Search-Pipeline/results/training/longlow_searching_2.5x2.5_tiling.csv
Input Parameters:
  file        = /home/daisy/GRB-Search-Pipeline/results/training/maps/longlow/adapt_p11-715852394892384_a135-0_298_map.h5
  source_tile = 6695
  slew_rate   = 10
  dwell_time  = 5
  output      = /home/daisy/GRB-Search-Pipeline/results/training/longlow_searching_2.5x2.5_tiling.csv

source = [78.2841, 135], n_src_events = 758, n_bkg_events = 785
Loaded 75 entries (unique=75, duplicates=0, missing=49077, out_of_bounds=0, non-finite=0)
Sum(prob) over finite entries = 0.999999
init sum: 0.999999
num pixels: 49152
tile num: 6781
total tile prob: 0.999999
tiles with prob > 0: 18
total tile prob after trim: 0.999999
num tiles after trim: 18
init_pos: 6619
*********running GCP*********
total time (wallclock): 0.0335629 seconds

$ /home/daisy/GRB-Search-Pipeline/search-planning/build/sp_train /home/daisy/GRB-Search-Pipeline/results/training/maps/longlow/adapt_p11-715852394892384_a135-0_299_map.h5 /home/daisy/GRB-Search-Pipeline/search-planning/tilings/tiling_files/2.5x2.5_tiling.csv 6695 10.0 10.0 5.0 0 /home/daisy/GRB-Search-Pipeline/results/training/longlow_searching_2.5x2.5_tiling.csv
Input Parameters:
  file        = /home/daisy/GRB-Search-Pipeline/results/training/maps/longlow/adapt_p11-715852394892384_a135-0_299_map.h5
  source_tile = 6695
  slew_rate   = 10
  dwell_time  = 5
  output      = /home/daisy/GRB-Search-Pipeline/results/training/longlow_searching_2.5x2.5_tiling.csv

source = [78.2841, 135], n_src_events = 693, n_bkg_events = 659
Loaded 58 entries (unique=58, duplicates=0, missing=49094, out_of_bounds=0, non-finite=0)
Sum(prob) over finite entries = 0.999999
init sum: 0.999999
num pixels: 49152
tile num: 6781
total tile prob: 0.999999
tiles with prob > 0: 15
total tile prob after trim: 0.999999
num tiles after trim: 15
init_pos: 6696
*********running GCP*********
total time (wallclock): 0.0324824 seconds

$ /home/daisy/GRB-Search-Pipeline/search-planning/build/sp_train /home/daisy/GRB-Search-Pipeline/results/training/maps/longlow/adapt_p11-715852394892384_a135-0_29_map.h5 /home/daisy/GRB-Search-Pipeline/search-planning/tilings/tiling_files/2.5x2.5_tiling.csv 6695 10.0 10.0 5.0 0 /home/daisy/GRB-Search-Pipeline/results/training/longlow_searching_2.5x2.5_tiling.csv
Input Parameters:
  file        = /home/daisy/GRB-Search-Pipeline/results/training/maps/longlow/adapt_p11-715852394892384_a135-0_29_map.h5
  source_tile = 6695
  slew_rate   = 10
  dwell_time  = 5
  output      = /home/daisy/GRB-Search-Pipeline/results/training/longlow_searching_2.5x2.5_tiling.csv

source = [78.2841, 135], n_src_events = 456, n_bkg_events = 1142
Loaded 125 entries (unique=125, duplicates=0, missing=49027, out_of_bounds=0, non-finite=0)
Sum(prob) over finite entries = 0.999998
init sum: 0.999998
num pixels: 49152
tile num: 6781
total tile prob: 0.999998
tiles with prob > 0: 24
total tile prob after trim: 0.999998
num tiles after trim: 24
init_pos: 6695
*********running GCP*********
total time (wallclock): 0.0308625 seconds

$ /home/daisy/GRB-Search-Pipeline/search-planning/build/sp_train /home/daisy/GRB-Search-Pipeline/results/training/maps/longlow/adapt_p11-715852394892384_a135-0_2_map.h5 /home/daisy/GRB-Search-Pipeline/search-planning/tilings/tiling_files/2.5x2.5_tiling.csv 6695 10.0 10.0 5.0 0 /home/daisy/GRB-Search-Pipeline/results/training/longlow_searching_2.5x2.5_tiling.csv
Input Parameters:
  file        = /home/daisy/GRB-Search-Pipeline/results/training/maps/longlow/adapt_p11-715852394892384_a135-0_2_map.h5
  source_tile = 6695
  slew_rate   = 10
  dwell_time  = 5
  output      = /home/daisy/GRB-Search-Pipeline/results/training/longlow_searching_2.5x2.5_tiling.csv

source = [78.2841, 135], n_src_events = 418, n_bkg_events = 609
Loaded 163 entries (unique=163, duplicates=0, missing=48989, out_of_bounds=0, non-finite=0)
Sum(prob) over finite entries = 0.999999
init sum: 0.999999
num pixels: 49152
tile num: 6781
total tile prob: 0.999999
tiles with prob > 0: 34
total tile prob after trim: 0.999999
num tiles after trim: 34
init_pos: 6616
*********running GCP*********
total time (wallclock): 0.0334636 seconds

$ /home/daisy/GRB-Search-Pipeline/search-planning/build/sp_train /home/daisy/GRB-Search-Pipeline/results/training/maps/longlow/adapt_p11-715852394892384_a135-0_300_map.h5 /home/daisy/GRB-Search-Pipeline/search-planning/tilings/tiling_files/2.5x2.5_tiling.csv 6695 10.0 10.0 5.0 0 /home/daisy/GRB-Search-Pipeline/results/training/longlow_searching_2.5x2.5_tiling.csv
Input Parameters:
  file        = /home/daisy/GRB-Search-Pipeline/results/training/maps/longlow/adapt_p11-715852394892384_a135-0_300_map.h5
  source_tile = 6695
  slew_rate   = 10
  dwell_time  = 5
  output      = /home/daisy/GRB-Search-Pipeline/results/training/longlow_searching_2.5x2.5_tiling.csv

source = [78.2841, 135], n_src_events = 311, n_bkg_events = 556
Loaded 337 entries (unique=337, duplicates=0, missing=48815, out_of_bounds=0, non-finite=0)
Sum(prob) over finite entries = 0.999997
init sum: 0.999997
num pixels: 49152
tile num: 6781
total tile prob: 0.999997
tiles with prob > 0: 63
total tile prob after trim: 0.999997
num tiles after trim: 63
init_pos: 6664
*********running GCP*********
total time (wallclock): 0.0386271 seconds

$ /home/daisy/GRB-Search-Pipeline/search-planning/build/sp_train /home/daisy/GRB-Search-Pipeline/results/training/maps/longlow/adapt_p11-715852394892384_a135-0_301_map.h5 /home/daisy/GRB-Search-Pipeline/search-planning/tilings/tiling_files/2.5x2.5_tiling.csv 6695 10.0 10.0 5.0 0 /home/daisy/GRB-Search-Pipeline/results/training/longlow_searching_2.5x2.5_tiling.csv
Input Parameters:
  file        = /home/daisy/GRB-Search-Pipeline/results/training/maps/longlow/adapt_p11-715852394892384_a135-0_301_map.h5
  source_tile = 6695
  slew_rate   = 10
  dwell_time  = 5
  output      = /home/daisy/GRB-Search-Pipeline/results/training/longlow_searching_2.5x2.5_tiling.csv

source = [78.2841, 135], n_src_events = 744, n_bkg_events = 319
Loaded 62 entries (unique=62, duplicates=0, missing=49090, out_of_bounds=0, non-finite=0)
Sum(prob) over finite entries = 0.999999
init sum: 0.999999
num pixels: 49152
tile num: 6781
total tile prob: 0.999999
tiles with prob > 0: 14
total tile prob after trim: 0.999999
num tiles after trim: 14
init_pos: 6696
*********running GCP*********
total time (wallclock): 0.0332483 seconds

$ /home/daisy/GRB-Search-Pipeline/search-planning/build/sp_train /home/daisy/GRB-Search-Pipeline/results/training/maps/longlow/adapt_p11-715852394892384_a135-0_302_map.h5 /home/daisy/GRB-Search-Pipeline/search-planning/tilings/tiling_files/2.5x2.5_tiling.csv 6695 10.0 10.0 5.0 0 /home/daisy/GRB-Search-Pipeline/results/training/longlow_searching_2.5x2.5_tiling.csv
Input Parameters:
  file        = /home/daisy/GRB-Search-Pipeline/results/training/maps/longlow/adapt_p11-715852394892384_a135-0_302_map.h5
  source_tile = 6695
  slew_rate   = 10
  dwell_time  = 5
  output      = /home/daisy/GRB-Search-Pipeline/results/training/longlow_searching_2.5x2.5_tiling.csv

source = [78.2841, 135], n_src_events = 604, n_bkg_events = 619
Loaded 65 entries (unique=65, duplicates=0, missing=49087, out_of_bounds=0, non-finite=0)
Sum(prob) over finite entries = 0.999999
init sum: 0.999999
num pixels: 49152
tile num: 6781
total tile prob: 0.999999
tiles with prob > 0: 15
total tile prob after trim: 0.999999
num tiles after trim: 15
init_pos: 6662
*********running GCP*********
total time (wallclock): 0.0323447 seconds

$ /home/daisy/GRB-Search-Pipeline/search-planning/build/sp_train /home/daisy/GRB-Search-Pipeline/results/training/maps/longlow/adapt_p11-715852394892384_a135-0_303_map.h5 /home/daisy/GRB-Search-Pipeline/search-planning/tilings/tiling_files/2.5x2.5_tiling.csv 6695 10.0 10.0 5.0 0 /home/daisy/GRB-Search-Pipeline/results/training/longlow_searching_2.5x2.5_tiling.csv
Input Parameters:
  file        = /home/daisy/GRB-Search-Pipeline/results/training/maps/longlow/adapt_p11-715852394892384_a135-0_303_map.h5
  source_tile = 6695
  slew_rate   = 10
  dwell_time  = 5
  output      = /home/daisy/GRB-Search-Pipeline/results/training/longlow_searching_2.5x2.5_tiling.csv

source = [78.2841, 135], n_src_events = 186, n_bkg_events = 829
Loaded 490 entries (unique=490, duplicates=0, missing=48662, out_of_bounds=0, non-finite=0)
Sum(prob) over finite entries = 0.999998
init sum: 0.999998
num pixels: 49152
tile num: 6781
total tile prob: 0.999998
tiles with prob > 0: 85
total tile prob after trim: 0.999998
num tiles after trim: 85
init_pos: 6565
*********running GCP*********
total time (wallclock): 0.0353078 seconds

$ /home/daisy/GRB-Search-Pipeline/search-planning/build/sp_train /home/daisy/GRB-Search-Pipeline/results/training/maps/longlow/adapt_p11-715852394892384_a135-0_304_map.h5 /home/daisy/GRB-Search-Pipeline/search-planning/tilings/tiling_files/2.5x2.5_tiling.csv 6695 10.0 10.0 5.0 0 /home/daisy/GRB-Search-Pipeline/results/training/longlow_searching_2.5x2.5_tiling.csv
Input Parameters:
  file        = /home/daisy/GRB-Search-Pipeline/results/training/maps/longlow/adapt_p11-715852394892384_a135-0_304_map.h5
  source_tile = 6695
  slew_rate   = 10
  dwell_time  = 5
  output      = /home/daisy/GRB-Search-Pipeline/results/training/longlow_searching_2.5x2.5_tiling.csv

source = [78.2841, 135], n_src_events = 834, n_bkg_events = 913
Loaded 60 entries (unique=60, duplicates=0, missing=49092, out_of_bounds=0, non-finite=0)
Sum(prob) over finite entries = 0.999999
init sum: 0.999999
num pixels: 49152
tile num: 6781
total tile prob: 0.999999
tiles with prob > 0: 15
total tile prob after trim: 0.999999
num tiles after trim: 15
init_pos: 6617
*********running GCP*********
total time (wallclock): 0.0324802 seconds

$ /home/daisy/GRB-Search-Pipeline/search-planning/build/sp_train /home/daisy/GRB-Search-Pipeline/results/training/maps/longlow/adapt_p11-715852394892384_a135-0_305_map.h5 /home/daisy/GRB-Search-Pipeline/search-planning/tilings/tiling_files/2.5x2.5_tiling.csv 6695 10.0 10.0 5.0 0 /home/daisy/GRB-Search-Pipeline/results/training/longlow_searching_2.5x2.5_tiling.csv
Input Parameters:
  file        = /home/daisy/GRB-Search-Pipeline/results/training/maps/longlow/adapt_p11-715852394892384_a135-0_305_map.h5
  source_tile = 6695
  slew_rate   = 10
  dwell_time  = 5
  output      = /home/daisy/GRB-Search-Pipeline/results/training/longlow_searching_2.5x2.5_tiling.csv

source = [78.2841, 135], n_src_events = 435, n_bkg_events = 562
Loaded 140 entries (unique=140, duplicates=0, missing=49012, out_of_bounds=0, non-finite=0)
Sum(prob) over finite entries = 0.999998
init sum: 0.999998
num pixels: 49152
tile num: 6781
total tile prob: 0.999998
tiles with prob > 0: 26
total tile prob after trim: 0.999998
num tiles after trim: 26
init_pos: 6659
*********running GCP*********
total time (wallclock): 0.0340916 seconds

$ /home/daisy/GRB-Search-Pipeline/search-planning/build/sp_train /home/daisy/GRB-Search-Pipeline/results/training/maps/longlow/adapt_p11-715852394892384_a135-0_306_map.h5 /home/daisy/GRB-Search-Pipeline/search-planning/tilings/tiling_files/2.5x2.5_tiling.csv 6695 10.0 10.0 5.0 0 /home/daisy/GRB-Search-Pipeline/results/training/longlow_searching_2.5x2.5_tiling.csv
Input Parameters:
  file        = /home/daisy/GRB-Search-Pipeline/results/training/maps/longlow/adapt_p11-715852394892384_a135-0_306_map.h5
  source_tile = 6695
  slew_rate   = 10
  dwell_time  = 5
  output      = /home/daisy/GRB-Search-Pipeline/results/training/longlow_searching_2.5x2.5_tiling.csv

source = [78.2841, 135], n_src_events = 713, n_bkg_events = 775
Loaded 109 entries (unique=109, duplicates=0, missing=49043, out_of_bounds=0, non-finite=0)
Sum(prob) over finite entries = 0.999999
init sum: 0.999999
num pixels: 49152
tile num: 6781
total tile prob: 0.999999
tiles with prob > 0: 26
total tile prob after trim: 0.999999
num tiles after trim: 26
init_pos: 6724
*********running GCP*********
total time (wallclock): 0.031392 seconds

$ /home/daisy/GRB-Search-Pipeline/search-planning/build/sp_train /home/daisy/GRB-Search-Pipeline/results/training/maps/longlow/adapt_p11-715852394892384_a135-0_307_map.h5 /home/daisy/GRB-Search-Pipeline/search-planning/tilings/tiling_files/2.5x2.5_tiling.csv 6695 10.0 10.0 5.0 0 /home/daisy/GRB-Search-Pipeline/results/training/longlow_searching_2.5x2.5_tiling.csv
Input Parameters:
  file        = /home/daisy/GRB-Search-Pipeline/results/training/maps/longlow/adapt_p11-715852394892384_a135-0_307_map.h5
  source_tile = 6695
  slew_rate   = 10
  dwell_time  = 5
  output      = /home/daisy/GRB-Search-Pipeline/results/training/longlow_searching_2.5x2.5_tiling.csv

source = [78.2841, 135], n_src_events = 460, n_bkg_events = 382
Loaded 96 entries (unique=96, duplicates=0, missing=49056, out_of_bounds=0, non-finite=0)
Sum(prob) over finite entries = 0.999998
init sum: 0.999998
num pixels: 49152
tile num: 6781
total tile prob: 0.999998
tiles with prob > 0: 20
total tile prob after trim: 0.999998
num tiles after trim: 20
init_pos: 6658
*********running GCP*********
total time (wallclock): 0.0340356 seconds

$ /home/daisy/GRB-Search-Pipeline/search-planning/build/sp_train /home/daisy/GRB-Search-Pipeline/results/training/maps/longlow/adapt_p11-715852394892384_a135-0_308_map.h5 /home/daisy/GRB-Search-Pipeline/search-planning/tilings/tiling_files/2.5x2.5_tiling.csv 6695 10.0 10.0 5.0 0 /home/daisy/GRB-Search-Pipeline/results/training/longlow_searching_2.5x2.5_tiling.csv
Input Parameters:
  file        = /home/daisy/GRB-Search-Pipeline/results/training/maps/longlow/adapt_p11-715852394892384_a135-0_308_map.h5
  source_tile = 6695
  slew_rate   = 10
  dwell_time  = 5
  output      = /home/daisy/GRB-Search-Pipeline/results/training/longlow_searching_2.5x2.5_tiling.csv

source = [78.2841, 135], n_src_events = 208, n_bkg_events = 657
Loaded 794 entries (unique=794, duplicates=0, missing=48358, out_of_bounds=0, non-finite=0)
Sum(prob) over finite entries = 0.999999
init sum: 0.999999
num pixels: 49152
tile num: 6781
total tile prob: 0.999999
tiles with prob > 0: 141
total tile prob after trim: 0.999999
num tiles after trim: 141
init_pos: 6614
*********running GCP*********
total time (wallclock): 0.0414465 seconds

$ /home/daisy/GRB-Search-Pipeline/search-planning/build/sp_train /home/daisy/GRB-Search-Pipeline/results/training/maps/longlow/adapt_p11-715852394892384_a135-0_309_map.h5 /home/daisy/GRB-Search-Pipeline/search-planning/tilings/tiling_files/2.5x2.5_tiling.csv 6695 10.0 10.0 5.0 0 /home/daisy/GRB-Search-Pipeline/results/training/longlow_searching_2.5x2.5_tiling.csv
Input Parameters:
  file        = /home/daisy/GRB-Search-Pipeline/results/training/maps/longlow/adapt_p11-715852394892384_a135-0_309_map.h5
  source_tile = 6695
  slew_rate   = 10
  dwell_time  = 5
  output      = /home/daisy/GRB-Search-Pipeline/results/training/longlow_searching_2.5x2.5_tiling.csv

source = [78.2841, 135], n_src_events = 440, n_bkg_events = 641
Loaded 154 entries (unique=154, duplicates=0, missing=48998, out_of_bounds=0, non-finite=0)
Sum(prob) over finite entries = 0.999999
init sum: 0.999999
num pixels: 49152
tile num: 6781
total tile prob: 0.999999
tiles with prob > 0: 34
total tile prob after trim: 0.999999
num tiles after trim: 34
init_pos: 6728
*********running GCP*********
total time (wallclock): 0.0318883 seconds

$ /home/daisy/GRB-Search-Pipeline/search-planning/build/sp_train /home/daisy/GRB-Search-Pipeline/results/training/maps/longlow/adapt_p11-715852394892384_a135-0_30_map.h5 /home/daisy/GRB-Search-Pipeline/search-planning/tilings/tiling_files/2.5x2.5_tiling.csv 6695 10.0 10.0 5.0 0 /home/daisy/GRB-Search-Pipeline/results/training/longlow_searching_2.5x2.5_tiling.csv
Input Parameters:
  file        = /home/daisy/GRB-Search-Pipeline/results/training/maps/longlow/adapt_p11-715852394892384_a135-0_30_map.h5
  source_tile = 6695
  slew_rate   = 10
  dwell_time  = 5
  output      = /home/daisy/GRB-Search-Pipeline/results/training/longlow_searching_2.5x2.5_tiling.csv

source = [78.2841, 135], n_src_events = 646, n_bkg_events = 241
Loaded 61 entries (unique=61, duplicates=0, missing=49091, out_of_bounds=0, non-finite=0)
Sum(prob) over finite entries = 0.999999
init sum: 0.999999
num pixels: 49152
tile num: 6781
total tile prob: 0.999999
tiles with prob > 0: 16
total tile prob after trim: 0.999999
num tiles after trim: 16
init_pos: 6659
*********running GCP*********
total time (wallclock): 0.0322237 seconds

$ /home/daisy/GRB-Search-Pipeline/search-planning/build/sp_train /home/daisy/GRB-Search-Pipeline/results/training/maps/longlow/adapt_p11-715852394892384_a135-0_310_map.h5 /home/daisy/GRB-Search-Pipeline/search-planning/tilings/tiling_files/2.5x2.5_tiling.csv 6695 10.0 10.0 5.0 0 /home/daisy/GRB-Search-Pipeline/results/training/longlow_searching_2.5x2.5_tiling.csv
Input Parameters:
  file        = /home/daisy/GRB-Search-Pipeline/results/training/maps/longlow/adapt_p11-715852394892384_a135-0_310_map.h5
  source_tile = 6695
  slew_rate   = 10
  dwell_time  = 5
  output      = /home/daisy/GRB-Search-Pipeline/results/training/longlow_searching_2.5x2.5_tiling.csv

source = [78.2841, 135], n_src_events = 315, n_bkg_events = 360
Loaded 271 entries (unique=271, duplicates=0, missing=48881, out_of_bounds=0, non-finite=0)
Sum(prob) over finite entries = 0.999998
init sum: 0.999998
num pixels: 49152
tile num: 6781
total tile prob: 0.999998
tiles with prob > 0: 52
total tile prob after trim: 0.999998
num tiles after trim: 52
init_pos: 6728
*********running GCP*********
total time (wallclock): 0.0322842 seconds

$ /home/daisy/GRB-Search-Pipeline/search-planning/build/sp_train /home/daisy/GRB-Search-Pipeline/results/training/maps/longlow/adapt_p11-715852394892384_a135-0_311_map.h5 /home/daisy/GRB-Search-Pipeline/search-planning/tilings/tiling_files/2.5x2.5_tiling.csv 6695 10.0 10.0 5.0 0 /home/daisy/GRB-Search-Pipeline/results/training/longlow_searching_2.5x2.5_tiling.csv
Input Parameters:
  file        = /home/daisy/GRB-Search-Pipeline/results/training/maps/longlow/adapt_p11-715852394892384_a135-0_311_map.h5
  source_tile = 6695
  slew_rate   = 10
  dwell_time  = 5
  output      = /home/daisy/GRB-Search-Pipeline/results/training/longlow_searching_2.5x2.5_tiling.csv

source = [78.2841, 135], n_src_events = 261, n_bkg_events = 586
Loaded 272 entries (unique=272, duplicates=0, missing=48880, out_of_bounds=0, non-finite=0)
Sum(prob) over finite entries = 0.999999
init sum: 0.999999
num pixels: 49152
tile num: 6781
total tile prob: 0.999999
tiles with prob > 0: 51
total tile prob after trim: 0.999999
num tiles after trim: 51
init_pos: 6659
*********running GCP*********
total time (wallclock): 0.0322317 seconds

$ /home/daisy/GRB-Search-Pipeline/search-planning/build/sp_train /home/daisy/GRB-Search-Pipeline/results/training/maps/longlow/adapt_p11-715852394892384_a135-0_312_map.h5 /home/daisy/GRB-Search-Pipeline/search-planning/tilings/tiling_files/2.5x2.5_tiling.csv 6695 10.0 10.0 5.0 0 /home/daisy/GRB-Search-Pipeline/results/training/longlow_searching_2.5x2.5_tiling.csv
Input Parameters:
  file        = /home/daisy/GRB-Search-Pipeline/results/training/maps/longlow/adapt_p11-715852394892384_a135-0_312_map.h5
  source_tile = 6695
  slew_rate   = 10
  dwell_time  = 5
  output      = /home/daisy/GRB-Search-Pipeline/results/training/longlow_searching_2.5x2.5_tiling.csv

source = [78.2841, 135], n_src_events = 577, n_bkg_events = 221
Loaded 80 entries (unique=80, duplicates=0, missing=49072, out_of_bounds=0, non-finite=0)
Sum(prob) over finite entries = 0.999999
init sum: 0.999999
num pixels: 49152
tile num: 6781
total tile prob: 0.999999
tiles with prob > 0: 19
total tile prob after trim: 0.999999
num tiles after trim: 19
init_pos: 6726
*********running GCP*********
total time (wallclock): 0.0321693 seconds

$ /home/daisy/GRB-Search-Pipeline/search-planning/build/sp_train /home/daisy/GRB-Search-Pipeline/results/training/maps/longlow/adapt_p11-715852394892384_a135-0_313_map.h5 /home/daisy/GRB-Search-Pipeline/search-planning/tilings/tiling_files/2.5x2.5_tiling.csv 6695 10.0 10.0 5.0 0 /home/daisy/GRB-Search-Pipeline/results/training/longlow_searching_2.5x2.5_tiling.csv
Input Parameters:
  file        = /home/daisy/GRB-Search-Pipeline/results/training/maps/longlow/adapt_p11-715852394892384_a135-0_313_map.h5
  source_tile = 6695
  slew_rate   = 10
  dwell_time  = 5
  output      = /home/daisy/GRB-Search-Pipeline/results/training/longlow_searching_2.5x2.5_tiling.csv

source = [78.2841, 135], n_src_events = 593, n_bkg_events = 1145
Loaded 129 entries (unique=129, duplicates=0, missing=49023, out_of_bounds=0, non-finite=0)
Sum(prob) over finite entries = 0.999998
init sum: 0.999998
num pixels: 49152
tile num: 6781
total tile prob: 0.999998
tiles with prob > 0: 30
total tile prob after trim: 0.999998
num tiles after trim: 30
init_pos: 6726
*********running GCP*********
total time (wallclock): 0.0322545 seconds

$ /home/daisy/GRB-Search-Pipeline/search-planning/build/sp_train /home/daisy/GRB-Search-Pipeline/results/training/maps/longlow/adapt_p11-715852394892384_a135-0_314_map.h5 /home/daisy/GRB-Search-Pipeline/search-planning/tilings/tiling_files/2.5x2.5_tiling.csv 6695 10.0 10.0 5.0 0 /home/daisy/GRB-Search-Pipeline/results/training/longlow_searching_2.5x2.5_tiling.csv
Input Parameters:
  file        = /home/daisy/GRB-Search-Pipeline/results/training/maps/longlow/adapt_p11-715852394892384_a135-0_314_map.h5
  source_tile = 6695
  slew_rate   = 10
  dwell_time  = 5
  output      = /home/daisy/GRB-Search-Pipeline/results/training/longlow_searching_2.5x2.5_tiling.csv

source = [78.2841, 135], n_src_events = 704, n_bkg_events = 673
Loaded 62 entries (unique=62, duplicates=0, missing=49090, out_of_bounds=0, non-finite=0)
Sum(prob) over finite entries = 0.999998
init sum: 0.999998
num pixels: 49152
tile num: 6781
total tile prob: 0.999998
tiles with prob > 0: 14
total tile prob after trim: 0.999998
num tiles after trim: 14
init_pos: 6696
*********running GCP*********
total time (wallclock): 0.0355379 seconds

$ /home/daisy/GRB-Search-Pipeline/search-planning/build/sp_train /home/daisy/GRB-Search-Pipeline/results/training/maps/longlow/adapt_p11-715852394892384_a135-0_315_map.h5 /home/daisy/GRB-Search-Pipeline/search-planning/tilings/tiling_files/2.5x2.5_tiling.csv 6695 10.0 10.0 5.0 0 /home/daisy/GRB-Search-Pipeline/results/training/longlow_searching_2.5x2.5_tiling.csv
Input Parameters:
  file        = /home/daisy/GRB-Search-Pipeline/results/training/maps/longlow/adapt_p11-715852394892384_a135-0_315_map.h5
  source_tile = 6695
  slew_rate   = 10
  dwell_time  = 5
  output      = /home/daisy/GRB-Search-Pipeline/results/training/longlow_searching_2.5x2.5_tiling.csv

source = [78.2841, 135], n_src_events = 457, n_bkg_events = 570
Loaded 85 entries (unique=85, duplicates=0, missing=49067, out_of_bounds=0, non-finite=0)
Sum(prob) over finite entries = 0.999999
init sum: 0.999999
num pixels: 49152
tile num: 6781
total tile prob: 0.999999
tiles with prob > 0: 20
total tile prob after trim: 0.999999
num tiles after trim: 20
init_pos: 6694
*********running GCP*********
total time (wallclock): 0.0311472 seconds

$ /home/daisy/GRB-Search-Pipeline/search-planning/build/sp_train /home/daisy/GRB-Search-Pipeline/results/training/maps/longlow/adapt_p11-715852394892384_a135-0_316_map.h5 /home/daisy/GRB-Search-Pipeline/search-planning/tilings/tiling_files/2.5x2.5_tiling.csv 6695 10.0 10.0 5.0 0 /home/daisy/GRB-Search-Pipeline/results/training/longlow_searching_2.5x2.5_tiling.csv
Input Parameters:
  file        = /home/daisy/GRB-Search-Pipeline/results/training/maps/longlow/adapt_p11-715852394892384_a135-0_316_map.h5
  source_tile = 6695
  slew_rate   = 10
  dwell_time  = 5
  output      = /home/daisy/GRB-Search-Pipeline/results/training/longlow_searching_2.5x2.5_tiling.csv

source = [78.2841, 135], n_src_events = 472, n_bkg_events = 246
Loaded 103 entries (unique=103, duplicates=0, missing=49049, out_of_bounds=0, non-finite=0)
Sum(prob) over finite entries = 0.999999
init sum: 0.999999
num pixels: 49152
tile num: 6781
total tile prob: 0.999999
tiles with prob > 0: 20
total tile prob after trim: 0.999999
num tiles after trim: 20
init_pos: 6618
*********running GCP*********
total time (wallclock): 0.0324563 seconds

$ /home/daisy/GRB-Search-Pipeline/search-planning/build/sp_train /home/daisy/GRB-Search-Pipeline/results/training/maps/longlow/adapt_p11-715852394892384_a135-0_317_map.h5 /home/daisy/GRB-Search-Pipeline/search-planning/tilings/tiling_files/2.5x2.5_tiling.csv 6695 10.0 10.0 5.0 0 /home/daisy/GRB-Search-Pipeline/results/training/longlow_searching_2.5x2.5_tiling.csv
Input Parameters:
  file        = /home/daisy/GRB-Search-Pipeline/results/training/maps/longlow/adapt_p11-715852394892384_a135-0_317_map.h5
  source_tile = 6695
  slew_rate   = 10
  dwell_time  = 5
  output      = /home/daisy/GRB-Search-Pipeline/results/training/longlow_searching_2.5x2.5_tiling.csv

source = [78.2841, 135], n_src_events = 165, n_bkg_events = 996
Loaded 597 entries (unique=597, duplicates=0, missing=48555, out_of_bounds=0, non-finite=0)
Sum(prob) over finite entries = 0.999997
init sum: 0.999997
num pixels: 49152
tile num: 6781
total tile prob: 0.999997
tiles with prob > 0: 108
total tile prob after trim: 0.999997
num tiles after trim: 108
init_pos: 6571
*********running GCP*********
total time (wallclock): 0.0347715 seconds

$ /home/daisy/GRB-Search-Pipeline/search-planning/build/sp_train /home/daisy/GRB-Search-Pipeline/results/training/maps/longlow/adapt_p11-715852394892384_a135-0_318_map.h5 /home/daisy/GRB-Search-Pipeline/search-planning/tilings/tiling_files/2.5x2.5_tiling.csv 6695 10.0 10.0 5.0 0 /home/daisy/GRB-Search-Pipeline/results/training/longlow_searching_2.5x2.5_tiling.csv
Input Parameters:
  file        = /home/daisy/GRB-Search-Pipeline/results/training/maps/longlow/adapt_p11-715852394892384_a135-0_318_map.h5
  source_tile = 6695
  slew_rate   = 10
  dwell_time  = 5
  output      = /home/daisy/GRB-Search-Pipeline/results/training/longlow_searching_2.5x2.5_tiling.csv

source = [78.2841, 135], n_src_events = 368, n_bkg_events = 684
Loaded 179 entries (unique=179, duplicates=0, missing=48973, out_of_bounds=0, non-finite=0)
Sum(prob) over finite entries = 0.999999
init sum: 0.999999
num pixels: 49152
tile num: 6781
total tile prob: 0.999999
tiles with prob > 0: 37
total tile prob after trim: 0.999999
num tiles after trim: 37
init_pos: 6697
*********running GCP*********
total time (wallclock): 0.0318444 seconds

$ /home/daisy/GRB-Search-Pipeline/search-planning/build/sp_train /home/daisy/GRB-Search-Pipeline/results/training/maps/longlow/adapt_p11-715852394892384_a135-0_319_map.h5 /home/daisy/GRB-Search-Pipeline/search-planning/tilings/tiling_files/2.5x2.5_tiling.csv 6695 10.0 10.0 5.0 0 /home/daisy/GRB-Search-Pipeline/results/training/longlow_searching_2.5x2.5_tiling.csv
Input Parameters:
  file        = /home/daisy/GRB-Search-Pipeline/results/training/maps/longlow/adapt_p11-715852394892384_a135-0_319_map.h5
  source_tile = 6695
  slew_rate   = 10
  dwell_time  = 5
  output      = /home/daisy/GRB-Search-Pipeline/results/training/longlow_searching_2.5x2.5_tiling.csv

source = [78.2841, 135], n_src_events = 497, n_bkg_events = 216
Loaded 90 entries (unique=90, duplicates=0, missing=49062, out_of_bounds=0, non-finite=0)
Sum(prob) over finite entries = 0.999999
init sum: 0.999999
num pixels: 49152
tile num: 6781
total tile prob: 0.999999
tiles with prob > 0: 20
total tile prob after trim: 0.999999
num tiles after trim: 20
init_pos: 6659
*********running GCP*********
total time (wallclock): 0.0323588 seconds

$ /home/daisy/GRB-Search-Pipeline/search-planning/build/sp_train /home/daisy/GRB-Search-Pipeline/results/training/maps/longlow/adapt_p11-715852394892384_a135-0_31_map.h5 /home/daisy/GRB-Search-Pipeline/search-planning/tilings/tiling_files/2.5x2.5_tiling.csv 6695 10.0 10.0 5.0 0 /home/daisy/GRB-Search-Pipeline/results/training/longlow_searching_2.5x2.5_tiling.csv
Input Parameters:
  file        = /home/daisy/GRB-Search-Pipeline/results/training/maps/longlow/adapt_p11-715852394892384_a135-0_31_map.h5
  source_tile = 6695
  slew_rate   = 10
  dwell_time  = 5
  output      = /home/daisy/GRB-Search-Pipeline/results/training/longlow_searching_2.5x2.5_tiling.csv

source = [78.2841, 135], n_src_events = 321, n_bkg_events = 1061
Loaded 298 entries (unique=298, duplicates=0, missing=48854, out_of_bounds=0, non-finite=0)
Sum(prob) over finite entries = 0.999998
init sum: 0.999998
num pixels: 49152
tile num: 6781
total tile prob: 0.999998
tiles with prob > 0: 56
total tile prob after trim: 0.999998
num tiles after trim: 56
init_pos: 6728
*********running GCP*********
total time (wallclock): 0.0523753 seconds

$ /home/daisy/GRB-Search-Pipeline/search-planning/build/sp_train /home/daisy/GRB-Search-Pipeline/results/training/maps/longlow/adapt_p11-715852394892384_a135-0_320_map.h5 /home/daisy/GRB-Search-Pipeline/search-planning/tilings/tiling_files/2.5x2.5_tiling.csv 6695 10.0 10.0 5.0 0 /home/daisy/GRB-Search-Pipeline/results/training/longlow_searching_2.5x2.5_tiling.csv
Input Parameters:
  file        = /home/daisy/GRB-Search-Pipeline/results/training/maps/longlow/adapt_p11-715852394892384_a135-0_320_map.h5
  source_tile = 6695
  slew_rate   = 10
  dwell_time  = 5
  output      = /home/daisy/GRB-Search-Pipeline/results/training/longlow_searching_2.5x2.5_tiling.csv

source = [78.2841, 135], n_src_events = 658, n_bkg_events = 914
Loaded 76 entries (unique=76, duplicates=0, missing=49076, out_of_bounds=0, non-finite=0)
Sum(prob) over finite entries = 0.999998
init sum: 0.999998
num pixels: 49152
tile num: 6781
total tile prob: 0.999998
tiles with prob > 0: 15
total tile prob after trim: 0.999998
num tiles after trim: 15
init_pos: 6620
*********running GCP*********
total time (wallclock): 0.0344145 seconds

$ /home/daisy/GRB-Search-Pipeline/search-planning/build/sp_train /home/daisy/GRB-Search-Pipeline/results/training/maps/longlow/adapt_p11-715852394892384_a135-0_321_map.h5 /home/daisy/GRB-Search-Pipeline/search-planning/tilings/tiling_files/2.5x2.5_tiling.csv 6695 10.0 10.0 5.0 0 /home/daisy/GRB-Search-Pipeline/results/training/longlow_searching_2.5x2.5_tiling.csv
Input Parameters:
  file        = /home/daisy/GRB-Search-Pipeline/results/training/maps/longlow/adapt_p11-715852394892384_a135-0_321_map.h5
  source_tile = 6695
  slew_rate   = 10
  dwell_time  = 5
  output      = /home/daisy/GRB-Search-Pipeline/results/training/longlow_searching_2.5x2.5_tiling.csv

source = [78.2841, 135], n_src_events = 524, n_bkg_events = 197
Loaded 83 entries (unique=83, duplicates=0, missing=49069, out_of_bounds=0, non-finite=0)
Sum(prob) over finite entries = 0.999998
init sum: 0.999998
num pixels: 49152
tile num: 6781
total tile prob: 0.999998
tiles with prob > 0: 19
total tile prob after trim: 0.999998
num tiles after trim: 19
init_pos: 6618
*********running GCP*********
total time (wallclock): 0.0340758 seconds

$ /home/daisy/GRB-Search-Pipeline/search-planning/build/sp_train /home/daisy/GRB-Search-Pipeline/results/training/maps/longlow/adapt_p11-715852394892384_a135-0_322_map.h5 /home/daisy/GRB-Search-Pipeline/search-planning/tilings/tiling_files/2.5x2.5_tiling.csv 6695 10.0 10.0 5.0 0 /home/daisy/GRB-Search-Pipeline/results/training/longlow_searching_2.5x2.5_tiling.csv
Input Parameters:
  file        = /home/daisy/GRB-Search-Pipeline/results/training/maps/longlow/adapt_p11-715852394892384_a135-0_322_map.h5
  source_tile = 6695
  slew_rate   = 10
  dwell_time  = 5
  output      = /home/daisy/GRB-Search-Pipeline/results/training/longlow_searching_2.5x2.5_tiling.csv

source = [78.2841, 135], n_src_events = 639, n_bkg_events = 482
Loaded 95 entries (unique=95, duplicates=0, missing=49057, out_of_bounds=0, non-finite=0)
Sum(prob) over finite entries = 0.999999
init sum: 0.999999
num pixels: 49152
tile num: 6781
total tile prob: 0.999999
tiles with prob > 0: 20
total tile prob after trim: 0.999999
num tiles after trim: 20
init_pos: 6725
*********running GCP*********
total time (wallclock): 0.0310048 seconds

$ /home/daisy/GRB-Search-Pipeline/search-planning/build/sp_train /home/daisy/GRB-Search-Pipeline/results/training/maps/longlow/adapt_p11-715852394892384_a135-0_323_map.h5 /home/daisy/GRB-Search-Pipeline/search-planning/tilings/tiling_files/2.5x2.5_tiling.csv 6695 10.0 10.0 5.0 0 /home/daisy/GRB-Search-Pipeline/results/training/longlow_searching_2.5x2.5_tiling.csv
Input Parameters:
  file        = /home/daisy/GRB-Search-Pipeline/results/training/maps/longlow/adapt_p11-715852394892384_a135-0_323_map.h5
  source_tile = 6695
  slew_rate   = 10
  dwell_time  = 5
  output      = /home/daisy/GRB-Search-Pipeline/results/training/longlow_searching_2.5x2.5_tiling.csv

source = [78.2841, 135], n_src_events = 361, n_bkg_events = 834
Loaded 171 entries (unique=171, duplicates=0, missing=48981, out_of_bounds=0, non-finite=0)
Sum(prob) over finite entries = 0.999999
init sum: 0.999999
num pixels: 49152
tile num: 6781
total tile prob: 0.999999
tiles with prob > 0: 35
total tile prob after trim: 0.999999
num tiles after trim: 35
init_pos: 6697
*********running GCP*********
total time (wallclock): 0.0325164 seconds

$ /home/daisy/GRB-Search-Pipeline/search-planning/build/sp_train /home/daisy/GRB-Search-Pipeline/results/training/maps/longlow/adapt_p11-715852394892384_a135-0_324_map.h5 /home/daisy/GRB-Search-Pipeline/search-planning/tilings/tiling_files/2.5x2.5_tiling.csv 6695 10.0 10.0 5.0 0 /home/daisy/GRB-Search-Pipeline/results/training/longlow_searching_2.5x2.5_tiling.csv
Input Parameters:
  file        = /home/daisy/GRB-Search-Pipeline/results/training/maps/longlow/adapt_p11-715852394892384_a135-0_324_map.h5
  source_tile = 6695
  slew_rate   = 10
  dwell_time  = 5
  output      = /home/daisy/GRB-Search-Pipeline/results/training/longlow_searching_2.5x2.5_tiling.csv

source = [78.2841, 135], n_src_events = 133, n_bkg_events = 216
Loaded 479 entries (unique=479, duplicates=0, missing=48673, out_of_bounds=0, non-finite=0)
Sum(prob) over finite entries = 0.999999
init sum: 0.999999
num pixels: 49152
tile num: 6781
total tile prob: 0.999999
tiles with prob > 0: 86
total tile prob after trim: 0.999999
num tiles after trim: 86
init_pos: 6694
*********running GCP*********
total time (wallclock): 0.0600939 seconds

$ /home/daisy/GRB-Search-Pipeline/search-planning/build/sp_train /home/daisy/GRB-Search-Pipeline/results/training/maps/longlow/adapt_p11-715852394892384_a135-0_325_map.h5 /home/daisy/GRB-Search-Pipeline/search-planning/tilings/tiling_files/2.5x2.5_tiling.csv 6695 10.0 10.0 5.0 0 /home/daisy/GRB-Search-Pipeline/results/training/longlow_searching_2.5x2.5_tiling.csv
Input Parameters:
  file        = /home/daisy/GRB-Search-Pipeline/results/training/maps/longlow/adapt_p11-715852394892384_a135-0_325_map.h5
  source_tile = 6695
  slew_rate   = 10
  dwell_time  = 5
  output      = /home/daisy/GRB-Search-Pipeline/results/training/longlow_searching_2.5x2.5_tiling.csv

source = [78.2841, 135], n_src_events = 523, n_bkg_events = 797
Loaded 94 entries (unique=94, duplicates=0, missing=49058, out_of_bounds=0, non-finite=0)
Sum(prob) over finite entries = 0.999999
init sum: 0.999999
num pixels: 49152
tile num: 6781
total tile prob: 0.999999
tiles with prob > 0: 21
total tile prob after trim: 0.999999
num tiles after trim: 21
init_pos: 6660
*********running GCP*********
total time (wallclock): 0.0386032 seconds

$ /home/daisy/GRB-Search-Pipeline/search-planning/build/sp_train /home/daisy/GRB-Search-Pipeline/results/training/maps/longlow/adapt_p11-715852394892384_a135-0_326_map.h5 /home/daisy/GRB-Search-Pipeline/search-planning/tilings/tiling_files/2.5x2.5_tiling.csv 6695 10.0 10.0 5.0 0 /home/daisy/GRB-Search-Pipeline/results/training/longlow_searching_2.5x2.5_tiling.csv
Input Parameters:
  file        = /home/daisy/GRB-Search-Pipeline/results/training/maps/longlow/adapt_p11-715852394892384_a135-0_326_map.h5
  source_tile = 6695
  slew_rate   = 10
  dwell_time  = 5
  output      = /home/daisy/GRB-Search-Pipeline/results/training/longlow_searching_2.5x2.5_tiling.csv

source = [78.2841, 135], n_src_events = 444, n_bkg_events = 654
Loaded 196 entries (unique=196, duplicates=0, missing=48956, out_of_bounds=0, non-finite=0)
Sum(prob) over finite entries = 0.999999
init sum: 0.999999
num pixels: 49152
tile num: 6781
total tile prob: 0.999999
tiles with prob > 0: 37
total tile prob after trim: 0.999999
num tiles after trim: 37
init_pos: 6623
*********running GCP*********
total time (wallclock): 0.0400882 seconds

$ /home/daisy/GRB-Search-Pipeline/search-planning/build/sp_train /home/daisy/GRB-Search-Pipeline/results/training/maps/longlow/adapt_p11-715852394892384_a135-0_327_map.h5 /home/daisy/GRB-Search-Pipeline/search-planning/tilings/tiling_files/2.5x2.5_tiling.csv 6695 10.0 10.0 5.0 0 /home/daisy/GRB-Search-Pipeline/results/training/longlow_searching_2.5x2.5_tiling.csv
Input Parameters:
  file        = /home/daisy/GRB-Search-Pipeline/results/training/maps/longlow/adapt_p11-715852394892384_a135-0_327_map.h5
  source_tile = 6695
  slew_rate   = 10
  dwell_time  = 5
  output      = /home/daisy/GRB-Search-Pipeline/results/training/longlow_searching_2.5x2.5_tiling.csv

source = [78.2841, 135], n_src_events = 639, n_bkg_events = 252
Loaded 68 entries (unique=68, duplicates=0, missing=49084, out_of_bounds=0, non-finite=0)
Sum(prob) over finite entries = 0.999999
init sum: 0.999999
num pixels: 49152
tile num: 6781
total tile prob: 0.999999
tiles with prob > 0: 17
total tile prob after trim: 0.999999
num tiles after trim: 17
init_pos: 6696
*********running GCP*********
total time (wallclock): 0.0314814 seconds

$ /home/daisy/GRB-Search-Pipeline/search-planning/build/sp_train /home/daisy/GRB-Search-Pipeline/results/training/maps/longlow/adapt_p11-715852394892384_a135-0_328_map.h5 /home/daisy/GRB-Search-Pipeline/search-planning/tilings/tiling_files/2.5x2.5_tiling.csv 6695 10.0 10.0 5.0 0 /home/daisy/GRB-Search-Pipeline/results/training/longlow_searching_2.5x2.5_tiling.csv
Input Parameters:
  file        = /home/daisy/GRB-Search-Pipeline/results/training/maps/longlow/adapt_p11-715852394892384_a135-0_328_map.h5
  source_tile = 6695
  slew_rate   = 10
  dwell_time  = 5
  output      = /home/daisy/GRB-Search-Pipeline/results/training/longlow_searching_2.5x2.5_tiling.csv

source = [78.2841, 135], n_src_events = 578, n_bkg_events = 595
Loaded 105 entries (unique=105, duplicates=0, missing=49047, out_of_bounds=0, non-finite=0)
Sum(prob) over finite entries = 0.999999
init sum: 0.999999
num pixels: 49152
tile num: 6781
total tile prob: 0.999999
tiles with prob > 0: 22
total tile prob after trim: 0.999999
num tiles after trim: 22
init_pos: 6660
*********running GCP*********
total time (wallclock): 0.038431 seconds

$ /home/daisy/GRB-Search-Pipeline/search-planning/build/sp_train /home/daisy/GRB-Search-Pipeline/results/training/maps/longlow/adapt_p11-715852394892384_a135-0_329_map.h5 /home/daisy/GRB-Search-Pipeline/search-planning/tilings/tiling_files/2.5x2.5_tiling.csv 6695 10.0 10.0 5.0 0 /home/daisy/GRB-Search-Pipeline/results/training/longlow_searching_2.5x2.5_tiling.csv
Input Parameters:
  file        = /home/daisy/GRB-Search-Pipeline/results/training/maps/longlow/adapt_p11-715852394892384_a135-0_329_map.h5
  source_tile = 6695
  slew_rate   = 10
  dwell_time  = 5
  output      = /home/daisy/GRB-Search-Pipeline/results/training/longlow_searching_2.5x2.5_tiling.csv

source = [78.2841, 135], n_src_events = 765, n_bkg_events = 1111
Loaded 53 entries (unique=53, duplicates=0, missing=49099, out_of_bounds=0, non-finite=0)
Sum(prob) over finite entries = 0.999999
init sum: 0.999999
num pixels: 49152
tile num: 6781
total tile prob: 0.999999
tiles with prob > 0: 11
total tile prob after trim: 0.999999
num tiles after trim: 11
init_pos: 6659
*********running GCP*********
total time (wallclock): 0.0328959 seconds

$ /home/daisy/GRB-Search-Pipeline/search-planning/build/sp_train /home/daisy/GRB-Search-Pipeline/results/training/maps/longlow/adapt_p11-715852394892384_a135-0_32_map.h5 /home/daisy/GRB-Search-Pipeline/search-planning/tilings/tiling_files/2.5x2.5_tiling.csv 6695 10.0 10.0 5.0 0 /home/daisy/GRB-Search-Pipeline/results/training/longlow_searching_2.5x2.5_tiling.csv
Input Parameters:
  file        = /home/daisy/GRB-Search-Pipeline/results/training/maps/longlow/adapt_p11-715852394892384_a135-0_32_map.h5
  source_tile = 6695
  slew_rate   = 10
  dwell_time  = 5
  output      = /home/daisy/GRB-Search-Pipeline/results/training/longlow_searching_2.5x2.5_tiling.csv

source = [78.2841, 135], n_src_events = 133, n_bkg_events = 346
Loaded 545 entries (unique=545, duplicates=0, missing=48607, out_of_bounds=0, non-finite=0)
Sum(prob) over finite entries = 0.999999
init sum: 0.999999
num pixels: 49152
tile num: 6781
total tile prob: 0.999999
tiles with prob > 0: 94
total tile prob after trim: 0.999999
num tiles after trim: 94
init_pos: 6571
*********running GCP*********
total time (wallclock): 0.0349114 seconds

$ /home/daisy/GRB-Search-Pipeline/search-planning/build/sp_train /home/daisy/GRB-Search-Pipeline/results/training/maps/longlow/adapt_p11-715852394892384_a135-0_330_map.h5 /home/daisy/GRB-Search-Pipeline/search-planning/tilings/tiling_files/2.5x2.5_tiling.csv 6695 10.0 10.0 5.0 0 /home/daisy/GRB-Search-Pipeline/results/training/longlow_searching_2.5x2.5_tiling.csv
Input Parameters:
  file        = /home/daisy/GRB-Search-Pipeline/results/training/maps/longlow/adapt_p11-715852394892384_a135-0_330_map.h5
  source_tile = 6695
  slew_rate   = 10
  dwell_time  = 5
  output      = /home/daisy/GRB-Search-Pipeline/results/training/longlow_searching_2.5x2.5_tiling.csv

source = [78.2841, 135], n_src_events = 391, n_bkg_events = 324
Loaded 140 entries (unique=140, duplicates=0, missing=49012, out_of_bounds=0, non-finite=0)
Sum(prob) over finite entries = 0.999999
init sum: 0.999999
num pixels: 49152
tile num: 6781
total tile prob: 0.999999
tiles with prob > 0: 31
total tile prob after trim: 0.999999
num tiles after trim: 31
init_pos: 6726
*********running GCP*********
total time (wallclock): 0.0324074 seconds

$ /home/daisy/GRB-Search-Pipeline/search-planning/build/sp_train /home/daisy/GRB-Search-Pipeline/results/training/maps/longlow/adapt_p11-715852394892384_a135-0_331_map.h5 /home/daisy/GRB-Search-Pipeline/search-planning/tilings/tiling_files/2.5x2.5_tiling.csv 6695 10.0 10.0 5.0 0 /home/daisy/GRB-Search-Pipeline/results/training/longlow_searching_2.5x2.5_tiling.csv
Input Parameters:
  file        = /home/daisy/GRB-Search-Pipeline/results/training/maps/longlow/adapt_p11-715852394892384_a135-0_331_map.h5
  source_tile = 6695
  slew_rate   = 10
  dwell_time  = 5
  output      = /home/daisy/GRB-Search-Pipeline/results/training/longlow_searching_2.5x2.5_tiling.csv

source = [78.2841, 135], n_src_events = 416, n_bkg_events = 567
Loaded 185 entries (unique=185, duplicates=0, missing=48967, out_of_bounds=0, non-finite=0)
Sum(prob) over finite entries = 0.999998
init sum: 0.999998
num pixels: 49152
tile num: 6781
total tile prob: 0.999998
tiles with prob > 0: 34
total tile prob after trim: 0.999998
num tiles after trim: 34
init_pos: 6620
*********running GCP*********
total time (wallclock): 0.0377987 seconds

$ /home/daisy/GRB-Search-Pipeline/search-planning/build/sp_train /home/daisy/GRB-Search-Pipeline/results/training/maps/longlow/adapt_p11-715852394892384_a135-0_332_map.h5 /home/daisy/GRB-Search-Pipeline/search-planning/tilings/tiling_files/2.5x2.5_tiling.csv 6695 10.0 10.0 5.0 0 /home/daisy/GRB-Search-Pipeline/results/training/longlow_searching_2.5x2.5_tiling.csv
Input Parameters:
  file        = /home/daisy/GRB-Search-Pipeline/results/training/maps/longlow/adapt_p11-715852394892384_a135-0_332_map.h5
  source_tile = 6695
  slew_rate   = 10
  dwell_time  = 5
  output      = /home/daisy/GRB-Search-Pipeline/results/training/longlow_searching_2.5x2.5_tiling.csv

source = [78.2841, 135], n_src_events = 761, n_bkg_events = 576
Loaded 54 entries (unique=54, duplicates=0, missing=49098, out_of_bounds=0, non-finite=0)
Sum(prob) over finite entries = 0.999999
init sum: 0.999999
num pixels: 49152
tile num: 6781
total tile prob: 0.999999
tiles with prob > 0: 14
total tile prob after trim: 0.999999
num tiles after trim: 14
init_pos: 6621
*********running GCP*********
total time (wallclock): 0.0325272 seconds

$ /home/daisy/GRB-Search-Pipeline/search-planning/build/sp_train /home/daisy/GRB-Search-Pipeline/results/training/maps/longlow/adapt_p11-715852394892384_a135-0_333_map.h5 /home/daisy/GRB-Search-Pipeline/search-planning/tilings/tiling_files/2.5x2.5_tiling.csv 6695 10.0 10.0 5.0 0 /home/daisy/GRB-Search-Pipeline/results/training/longlow_searching_2.5x2.5_tiling.csv
Input Parameters:
  file        = /home/daisy/GRB-Search-Pipeline/results/training/maps/longlow/adapt_p11-715852394892384_a135-0_333_map.h5
  source_tile = 6695
  slew_rate   = 10
  dwell_time  = 5
  output      = /home/daisy/GRB-Search-Pipeline/results/training/longlow_searching_2.5x2.5_tiling.csv

source = [78.2841, 135], n_src_events = 514, n_bkg_events = 661
Loaded 124 entries (unique=124, duplicates=0, missing=49028, out_of_bounds=0, non-finite=0)
Sum(prob) over finite entries = 0.999999
init sum: 0.999999
num pixels: 49152
tile num: 6781
total tile prob: 0.999999
tiles with prob > 0: 26
total tile prob after trim: 0.999999
num tiles after trim: 26
init_pos: 6620
*********running GCP*********
total time (wallclock): 0.0359519 seconds

$ /home/daisy/GRB-Search-Pipeline/search-planning/build/sp_train /home/daisy/GRB-Search-Pipeline/results/training/maps/longlow/adapt_p11-715852394892384_a135-0_334_map.h5 /home/daisy/GRB-Search-Pipeline/search-planning/tilings/tiling_files/2.5x2.5_tiling.csv 6695 10.0 10.0 5.0 0 /home/daisy/GRB-Search-Pipeline/results/training/longlow_searching_2.5x2.5_tiling.csv
Input Parameters:
  file        = /home/daisy/GRB-Search-Pipeline/results/training/maps/longlow/adapt_p11-715852394892384_a135-0_334_map.h5
  source_tile = 6695
  slew_rate   = 10
  dwell_time  = 5
  output      = /home/daisy/GRB-Search-Pipeline/results/training/longlow_searching_2.5x2.5_tiling.csv

source = [78.2841, 135], n_src_events = 197, n_bkg_events = 947
Loaded 886 entries (unique=886, duplicates=0, missing=48266, out_of_bounds=0, non-finite=0)
Sum(prob) over finite entries = 0.999996
init sum: 0.999996
num pixels: 49152
tile num: 6781
total tile prob: 0.999996
tiles with prob > 0: 160
total tile prob after trim: 0.999996
num tiles after trim: 160
init_pos: 6567
*********running GCP*********
total time (wallclock): 0.0356683 seconds

$ /home/daisy/GRB-Search-Pipeline/search-planning/build/sp_train /home/daisy/GRB-Search-Pipeline/results/training/maps/longlow/adapt_p11-715852394892384_a135-0_335_map.h5 /home/daisy/GRB-Search-Pipeline/search-planning/tilings/tiling_files/2.5x2.5_tiling.csv 6695 10.0 10.0 5.0 0 /home/daisy/GRB-Search-Pipeline/results/training/longlow_searching_2.5x2.5_tiling.csv
Input Parameters:
  file        = /home/daisy/GRB-Search-Pipeline/results/training/maps/longlow/adapt_p11-715852394892384_a135-0_335_map.h5
  source_tile = 6695
  slew_rate   = 10
  dwell_time  = 5
  output      = /home/daisy/GRB-Search-Pipeline/results/training/longlow_searching_2.5x2.5_tiling.csv

source = [78.2841, 135], n_src_events = 328, n_bkg_events = 1028
Loaded 211 entries (unique=211, duplicates=0, missing=48941, out_of_bounds=0, non-finite=0)
Sum(prob) over finite entries = 0.999999
init sum: 0.999999
num pixels: 49152
tile num: 6781
total tile prob: 0.999999
tiles with prob > 0: 42
total tile prob after trim: 0.999999
num tiles after trim: 42
init_pos: 6658
*********running GCP*********
total time (wallclock): 0.0313371 seconds

$ /home/daisy/GRB-Search-Pipeline/search-planning/build/sp_train /home/daisy/GRB-Search-Pipeline/results/training/maps/longlow/adapt_p11-715852394892384_a135-0_336_map.h5 /home/daisy/GRB-Search-Pipeline/search-planning/tilings/tiling_files/2.5x2.5_tiling.csv 6695 10.0 10.0 5.0 0 /home/daisy/GRB-Search-Pipeline/results/training/longlow_searching_2.5x2.5_tiling.csv
Input Parameters:
  file        = /home/daisy/GRB-Search-Pipeline/results/training/maps/longlow/adapt_p11-715852394892384_a135-0_336_map.h5
  source_tile = 6695
  slew_rate   = 10
  dwell_time  = 5
  output      = /home/daisy/GRB-Search-Pipeline/results/training/longlow_searching_2.5x2.5_tiling.csv

source = [78.2841, 135], n_src_events = 538, n_bkg_events = 921
Loaded 122 entries (unique=122, duplicates=0, missing=49030, out_of_bounds=0, non-finite=0)
Sum(prob) over finite entries = 0.999998
init sum: 0.999998
num pixels: 49152
tile num: 6781
total tile prob: 0.999998
tiles with prob > 0: 24
total tile prob after trim: 0.999998
num tiles after trim: 24
init_pos: 6620
*********running GCP*********
total time (wallclock): 0.0334256 seconds

$ /home/daisy/GRB-Search-Pipeline/search-planning/build/sp_train /home/daisy/GRB-Search-Pipeline/results/training/maps/longlow/adapt_p11-715852394892384_a135-0_337_map.h5 /home/daisy/GRB-Search-Pipeline/search-planning/tilings/tiling_files/2.5x2.5_tiling.csv 6695 10.0 10.0 5.0 0 /home/daisy/GRB-Search-Pipeline/results/training/longlow_searching_2.5x2.5_tiling.csv
Input Parameters:
  file        = /home/daisy/GRB-Search-Pipeline/results/training/maps/longlow/adapt_p11-715852394892384_a135-0_337_map.h5
  source_tile = 6695
  slew_rate   = 10
  dwell_time  = 5
  output      = /home/daisy/GRB-Search-Pipeline/results/training/longlow_searching_2.5x2.5_tiling.csv

source = [78.2841, 135], n_src_events = 401, n_bkg_events = 443
Loaded 115 entries (unique=115, duplicates=0, missing=49037, out_of_bounds=0, non-finite=0)
Sum(prob) over finite entries = 0.999999
init sum: 0.999999
num pixels: 49152
tile num: 6781
total tile prob: 0.999999
tiles with prob > 0: 23
total tile prob after trim: 0.999999
num tiles after trim: 23
init_pos: 6661
*********running GCP*********
total time (wallclock): 0.032384 seconds

$ /home/daisy/GRB-Search-Pipeline/search-planning/build/sp_train /home/daisy/GRB-Search-Pipeline/results/training/maps/longlow/adapt_p11-715852394892384_a135-0_338_map.h5 /home/daisy/GRB-Search-Pipeline/search-planning/tilings/tiling_files/2.5x2.5_tiling.csv 6695 10.0 10.0 5.0 0 /home/daisy/GRB-Search-Pipeline/results/training/longlow_searching_2.5x2.5_tiling.csv
Input Parameters:
  file        = /home/daisy/GRB-Search-Pipeline/results/training/maps/longlow/adapt_p11-715852394892384_a135-0_338_map.h5
  source_tile = 6695
  slew_rate   = 10
  dwell_time  = 5
  output      = /home/daisy/GRB-Search-Pipeline/results/training/longlow_searching_2.5x2.5_tiling.csv

source = [78.2841, 135], n_src_events = 164, n_bkg_events = 360
Loaded 754 entries (unique=754, duplicates=0, missing=48398, out_of_bounds=0, non-finite=0)
Sum(prob) over finite entries = 0.999997
init sum: 0.999997
num pixels: 49152
tile num: 6781
total tile prob: 0.999997
tiles with prob > 0: 139
total tile prob after trim: 0.999997
num tiles after trim: 139
init_pos: 6766
*********running GCP*********
total time (wallclock): 0.0661872 seconds

$ /home/daisy/GRB-Search-Pipeline/search-planning/build/sp_train /home/daisy/GRB-Search-Pipeline/results/training/maps/longlow/adapt_p11-715852394892384_a135-0_339_map.h5 /home/daisy/GRB-Search-Pipeline/search-planning/tilings/tiling_files/2.5x2.5_tiling.csv 6695 10.0 10.0 5.0 0 /home/daisy/GRB-Search-Pipeline/results/training/longlow_searching_2.5x2.5_tiling.csv
Input Parameters:
  file        = /home/daisy/GRB-Search-Pipeline/results/training/maps/longlow/adapt_p11-715852394892384_a135-0_339_map.h5
  source_tile = 6695
  slew_rate   = 10
  dwell_time  = 5
  output      = /home/daisy/GRB-Search-Pipeline/results/training/longlow_searching_2.5x2.5_tiling.csv

source = [78.2841, 135], n_src_events = 821, n_bkg_events = 324
Loaded 47 entries (unique=47, duplicates=0, missing=49105, out_of_bounds=0, non-finite=0)
Sum(prob) over finite entries = 0.999999
init sum: 0.999999
num pixels: 49152
tile num: 6781
total tile prob: 0.999999
tiles with prob > 0: 9
total tile prob after trim: 0.999999
num tiles after trim: 9
init_pos: 6616
*********running GCP*********
total time (wallclock): 0.0319375 seconds

$ /home/daisy/GRB-Search-Pipeline/search-planning/build/sp_train /home/daisy/GRB-Search-Pipeline/results/training/maps/longlow/adapt_p11-715852394892384_a135-0_33_map.h5 /home/daisy/GRB-Search-Pipeline/search-planning/tilings/tiling_files/2.5x2.5_tiling.csv 6695 10.0 10.0 5.0 0 /home/daisy/GRB-Search-Pipeline/results/training/longlow_searching_2.5x2.5_tiling.csv
Input Parameters:
  file        = /home/daisy/GRB-Search-Pipeline/results/training/maps/longlow/adapt_p11-715852394892384_a135-0_33_map.h5
  source_tile = 6695
  slew_rate   = 10
  dwell_time  = 5
  output      = /home/daisy/GRB-Search-Pipeline/results/training/longlow_searching_2.5x2.5_tiling.csv

source = [78.2841, 135], n_src_events = 66, n_bkg_events = 610
Loaded 1995 entries (unique=1995, duplicates=0, missing=47157, out_of_bounds=0, non-finite=0)
Sum(prob) over finite entries = 0.999997
init sum: 0.999997
num pixels: 49152
tile num: 6781
total tile prob: 0.999997
tiles with prob > 0: 316
total tile prob after trim: 0.999997
num tiles after trim: 316
init_pos: 6402
*********running GCP*********
total time (wallclock): 0.80693 seconds

$ /home/daisy/GRB-Search-Pipeline/search-planning/build/sp_train /home/daisy/GRB-Search-Pipeline/results/training/maps/longlow/adapt_p11-715852394892384_a135-0_340_map.h5 /home/daisy/GRB-Search-Pipeline/search-planning/tilings/tiling_files/2.5x2.5_tiling.csv 6695 10.0 10.0 5.0 0 /home/daisy/GRB-Search-Pipeline/results/training/longlow_searching_2.5x2.5_tiling.csv
Input Parameters:
  file        = /home/daisy/GRB-Search-Pipeline/results/training/maps/longlow/adapt_p11-715852394892384_a135-0_340_map.h5
  source_tile = 6695
  slew_rate   = 10
  dwell_time  = 5
  output      = /home/daisy/GRB-Search-Pipeline/results/training/longlow_searching_2.5x2.5_tiling.csv

source = [78.2841, 135], n_src_events = 592, n_bkg_events = 630
Loaded 100 entries (unique=100, duplicates=0, missing=49052, out_of_bounds=0, non-finite=0)
Sum(prob) over finite entries = 0.999999
init sum: 0.999999
num pixels: 49152
tile num: 6781
total tile prob: 0.999999
tiles with prob > 0: 24
total tile prob after trim: 0.999999
num tiles after trim: 24
init_pos: 6727
*********running GCP*********
total time (wallclock): 0.0325828 seconds

$ /home/daisy/GRB-Search-Pipeline/search-planning/build/sp_train /home/daisy/GRB-Search-Pipeline/results/training/maps/longlow/adapt_p11-715852394892384_a135-0_341_map.h5 /home/daisy/GRB-Search-Pipeline/search-planning/tilings/tiling_files/2.5x2.5_tiling.csv 6695 10.0 10.0 5.0 0 /home/daisy/GRB-Search-Pipeline/results/training/longlow_searching_2.5x2.5_tiling.csv
Input Parameters:
  file        = /home/daisy/GRB-Search-Pipeline/results/training/maps/longlow/adapt_p11-715852394892384_a135-0_341_map.h5
  source_tile = 6695
  slew_rate   = 10
  dwell_time  = 5
  output      = /home/daisy/GRB-Search-Pipeline/results/training/longlow_searching_2.5x2.5_tiling.csv

source = [78.2841, 135], n_src_events = 535, n_bkg_events = 427
Loaded 124 entries (unique=124, duplicates=0, missing=49028, out_of_bounds=0, non-finite=0)
Sum(prob) over finite entries = 0.999999
init sum: 0.999999
num pixels: 49152
tile num: 6781
total tile prob: 0.999999
tiles with prob > 0: 27
total tile prob after trim: 0.999999
num tiles after trim: 27
init_pos: 6695
*********running GCP*********
total time (wallclock): 0.0313107 seconds

$ /home/daisy/GRB-Search-Pipeline/search-planning/build/sp_train /home/daisy/GRB-Search-Pipeline/results/training/maps/longlow/adapt_p11-715852394892384_a135-0_342_map.h5 /home/daisy/GRB-Search-Pipeline/search-planning/tilings/tiling_files/2.5x2.5_tiling.csv 6695 10.0 10.0 5.0 0 /home/daisy/GRB-Search-Pipeline/results/training/longlow_searching_2.5x2.5_tiling.csv
Input Parameters:
  file        = /home/daisy/GRB-Search-Pipeline/results/training/maps/longlow/adapt_p11-715852394892384_a135-0_342_map.h5
  source_tile = 6695
  slew_rate   = 10
  dwell_time  = 5
  output      = /home/daisy/GRB-Search-Pipeline/results/training/longlow_searching_2.5x2.5_tiling.csv

source = [78.2841, 135], n_src_events = 330, n_bkg_events = 235
Loaded 124 entries (unique=124, duplicates=0, missing=49028, out_of_bounds=0, non-finite=0)
Sum(prob) over finite entries = 0.999999
init sum: 0.999999
num pixels: 49152
tile num: 6781
total tile prob: 0.999999
tiles with prob > 0: 26
total tile prob after trim: 0.999999
num tiles after trim: 26
init_pos: 6567
*********running GCP*********
total time (wallclock): 0.0401588 seconds

$ /home/daisy/GRB-Search-Pipeline/search-planning/build/sp_train /home/daisy/GRB-Search-Pipeline/results/training/maps/longlow/adapt_p11-715852394892384_a135-0_343_map.h5 /home/daisy/GRB-Search-Pipeline/search-planning/tilings/tiling_files/2.5x2.5_tiling.csv 6695 10.0 10.0 5.0 0 /home/daisy/GRB-Search-Pipeline/results/training/longlow_searching_2.5x2.5_tiling.csv
Input Parameters:
  file        = /home/daisy/GRB-Search-Pipeline/results/training/maps/longlow/adapt_p11-715852394892384_a135-0_343_map.h5
  source_tile = 6695
  slew_rate   = 10
  dwell_time  = 5
  output      = /home/daisy/GRB-Search-Pipeline/results/training/longlow_searching_2.5x2.5_tiling.csv

source = [78.2841, 135], n_src_events = 112, n_bkg_events = 1021
Loaded 740 entries (unique=740, duplicates=0, missing=48412, out_of_bounds=0, non-finite=0)
Sum(prob) over finite entries = 0.999998
init sum: 0.999998
num pixels: 49152
tile num: 6781
total tile prob: 0.999998
tiles with prob > 0: 125
total tile prob after trim: 0.999998
num tiles after trim: 125
init_pos: 6658
*********running GCP*********
total time (wallclock): 0.0442555 seconds

$ /home/daisy/GRB-Search-Pipeline/search-planning/build/sp_train /home/daisy/GRB-Search-Pipeline/results/training/maps/longlow/adapt_p11-715852394892384_a135-0_344_map.h5 /home/daisy/GRB-Search-Pipeline/search-planning/tilings/tiling_files/2.5x2.5_tiling.csv 6695 10.0 10.0 5.0 0 /home/daisy/GRB-Search-Pipeline/results/training/longlow_searching_2.5x2.5_tiling.csv
Input Parameters:
  file        = /home/daisy/GRB-Search-Pipeline/results/training/maps/longlow/adapt_p11-715852394892384_a135-0_344_map.h5
  source_tile = 6695
  slew_rate   = 10
  dwell_time  = 5
  output      = /home/daisy/GRB-Search-Pipeline/results/training/longlow_searching_2.5x2.5_tiling.csv

source = [78.2841, 135], n_src_events = 562, n_bkg_events = 1014
Loaded 93 entries (unique=93, duplicates=0, missing=49059, out_of_bounds=0, non-finite=0)
Sum(prob) over finite entries = 0.999999
init sum: 0.999999
num pixels: 49152
tile num: 6781
total tile prob: 0.999999
tiles with prob > 0: 20
total tile prob after trim: 0.999999
num tiles after trim: 20
init_pos: 6618
*********running GCP*********
total time (wallclock): 0.0349278 seconds

$ /home/daisy/GRB-Search-Pipeline/search-planning/build/sp_train /home/daisy/GRB-Search-Pipeline/results/training/maps/longlow/adapt_p11-715852394892384_a135-0_345_map.h5 /home/daisy/GRB-Search-Pipeline/search-planning/tilings/tiling_files/2.5x2.5_tiling.csv 6695 10.0 10.0 5.0 0 /home/daisy/GRB-Search-Pipeline/results/training/longlow_searching_2.5x2.5_tiling.csv
Input Parameters:
  file        = /home/daisy/GRB-Search-Pipeline/results/training/maps/longlow/adapt_p11-715852394892384_a135-0_345_map.h5
  source_tile = 6695
  slew_rate   = 10
  dwell_time  = 5
  output      = /home/daisy/GRB-Search-Pipeline/results/training/longlow_searching_2.5x2.5_tiling.csv

source = [78.2841, 135], n_src_events = 417, n_bkg_events = 377
Loaded 101 entries (unique=101, duplicates=0, missing=49051, out_of_bounds=0, non-finite=0)
Sum(prob) over finite entries = 0.999999
init sum: 0.999999
num pixels: 49152
tile num: 6781
total tile prob: 0.999999
tiles with prob > 0: 19
total tile prob after trim: 0.999999
num tiles after trim: 19
init_pos: 6620
*********running GCP*********
total time (wallclock): 0.0341054 seconds

$ /home/daisy/GRB-Search-Pipeline/search-planning/build/sp_train /home/daisy/GRB-Search-Pipeline/results/training/maps/longlow/adapt_p11-715852394892384_a135-0_346_map.h5 /home/daisy/GRB-Search-Pipeline/search-planning/tilings/tiling_files/2.5x2.5_tiling.csv 6695 10.0 10.0 5.0 0 /home/daisy/GRB-Search-Pipeline/results/training/longlow_searching_2.5x2.5_tiling.csv
Input Parameters:
  file        = /home/daisy/GRB-Search-Pipeline/results/training/maps/longlow/adapt_p11-715852394892384_a135-0_346_map.h5
  source_tile = 6695
  slew_rate   = 10
  dwell_time  = 5
  output      = /home/daisy/GRB-Search-Pipeline/results/training/longlow_searching_2.5x2.5_tiling.csv

source = [78.2841, 135], n_src_events = 584, n_bkg_events = 662
Loaded 86 entries (unique=86, duplicates=0, missing=49066, out_of_bounds=0, non-finite=0)
Sum(prob) over finite entries = 0.999999
init sum: 0.999999
num pixels: 49152
tile num: 6781
total tile prob: 0.999999
tiles with prob > 0: 20
total tile prob after trim: 0.999999
num tiles after trim: 20
init_pos: 6696
*********running GCP*********
total time (wallclock): 0.0334893 seconds

$ /home/daisy/GRB-Search-Pipeline/search-planning/build/sp_train /home/daisy/GRB-Search-Pipeline/results/training/maps/longlow/adapt_p11-715852394892384_a135-0_347_map.h5 /home/daisy/GRB-Search-Pipeline/search-planning/tilings/tiling_files/2.5x2.5_tiling.csv 6695 10.0 10.0 5.0 0 /home/daisy/GRB-Search-Pipeline/results/training/longlow_searching_2.5x2.5_tiling.csv
Input Parameters:
  file        = /home/daisy/GRB-Search-Pipeline/results/training/maps/longlow/adapt_p11-715852394892384_a135-0_347_map.h5
  source_tile = 6695
  slew_rate   = 10
  dwell_time  = 5
  output      = /home/daisy/GRB-Search-Pipeline/results/training/longlow_searching_2.5x2.5_tiling.csv

source = [78.2841, 135], n_src_events = 346, n_bkg_events = 1056
Loaded 205 entries (unique=205, duplicates=0, missing=48947, out_of_bounds=0, non-finite=0)
Sum(prob) over finite entries = 0.999999
init sum: 0.999999
num pixels: 49152
tile num: 6781
total tile prob: 0.999999
tiles with prob > 0: 42
total tile prob after trim: 0.999999
num tiles after trim: 42
init_pos: 6749
*********running GCP*********
total time (wallclock): 0.0316704 seconds

$ /home/daisy/GRB-Search-Pipeline/search-planning/build/sp_train /home/daisy/GRB-Search-Pipeline/results/training/maps/longlow/adapt_p11-715852394892384_a135-0_348_map.h5 /home/daisy/GRB-Search-Pipeline/search-planning/tilings/tiling_files/2.5x2.5_tiling.csv 6695 10.0 10.0 5.0 0 /home/daisy/GRB-Search-Pipeline/results/training/longlow_searching_2.5x2.5_tiling.csv
Input Parameters:
  file        = /home/daisy/GRB-Search-Pipeline/results/training/maps/longlow/adapt_p11-715852394892384_a135-0_348_map.h5
  source_tile = 6695
  slew_rate   = 10
  dwell_time  = 5
  output      = /home/daisy/GRB-Search-Pipeline/results/training/longlow_searching_2.5x2.5_tiling.csv

source = [78.2841, 135], n_src_events = 261, n_bkg_events = 1038
Loaded 383 entries (unique=383, duplicates=0, missing=48769, out_of_bounds=0, non-finite=0)
Sum(prob) over finite entries = 0.999999
init sum: 0.999999
num pixels: 49152
tile num: 6781
total tile prob: 0.999999
tiles with prob > 0: 75
total tile prob after trim: 0.999999
num tiles after trim: 75
init_pos: 6693
*********running GCP*********
total time (wallclock): 0.0334083 seconds

$ /home/daisy/GRB-Search-Pipeline/search-planning/build/sp_train /home/daisy/GRB-Search-Pipeline/results/training/maps/longlow/adapt_p11-715852394892384_a135-0_349_map.h5 /home/daisy/GRB-Search-Pipeline/search-planning/tilings/tiling_files/2.5x2.5_tiling.csv 6695 10.0 10.0 5.0 0 /home/daisy/GRB-Search-Pipeline/results/training/longlow_searching_2.5x2.5_tiling.csv
Input Parameters:
  file        = /home/daisy/GRB-Search-Pipeline/results/training/maps/longlow/adapt_p11-715852394892384_a135-0_349_map.h5
  source_tile = 6695
  slew_rate   = 10
  dwell_time  = 5
  output      = /home/daisy/GRB-Search-Pipeline/results/training/longlow_searching_2.5x2.5_tiling.csv

source = [78.2841, 135], n_src_events = 647, n_bkg_events = 439
Loaded 89 entries (unique=89, duplicates=0, missing=49063, out_of_bounds=0, non-finite=0)
Sum(prob) over finite entries = 0.999999
init sum: 0.999999
num pixels: 49152
tile num: 6781
total tile prob: 0.999999
tiles with prob > 0: 19
total tile prob after trim: 0.999999
num tiles after trim: 19
init_pos: 6617
*********running GCP*********
total time (wallclock): 0.0322969 seconds

$ /home/daisy/GRB-Search-Pipeline/search-planning/build/sp_train /home/daisy/GRB-Search-Pipeline/results/training/maps/longlow/adapt_p11-715852394892384_a135-0_34_map.h5 /home/daisy/GRB-Search-Pipeline/search-planning/tilings/tiling_files/2.5x2.5_tiling.csv 6695 10.0 10.0 5.0 0 /home/daisy/GRB-Search-Pipeline/results/training/longlow_searching_2.5x2.5_tiling.csv
Input Parameters:
  file        = /home/daisy/GRB-Search-Pipeline/results/training/maps/longlow/adapt_p11-715852394892384_a135-0_34_map.h5
  source_tile = 6695
  slew_rate   = 10
  dwell_time  = 5
  output      = /home/daisy/GRB-Search-Pipeline/results/training/longlow_searching_2.5x2.5_tiling.csv

source = [78.2841, 135], n_src_events = 615, n_bkg_events = 363
Loaded 52 entries (unique=52, duplicates=0, missing=49100, out_of_bounds=0, non-finite=0)
Sum(prob) over finite entries = 0.999999
init sum: 0.999999
num pixels: 49152
tile num: 6781
total tile prob: 0.999999
tiles with prob > 0: 11
total tile prob after trim: 0.999999
num tiles after trim: 11
init_pos: 6695
*********running GCP*********
total time (wallclock): 0.0309762 seconds

$ /home/daisy/GRB-Search-Pipeline/search-planning/build/sp_train /home/daisy/GRB-Search-Pipeline/results/training/maps/longlow/adapt_p11-715852394892384_a135-0_350_map.h5 /home/daisy/GRB-Search-Pipeline/search-planning/tilings/tiling_files/2.5x2.5_tiling.csv 6695 10.0 10.0 5.0 0 /home/daisy/GRB-Search-Pipeline/results/training/longlow_searching_2.5x2.5_tiling.csv
Input Parameters:
  file        = /home/daisy/GRB-Search-Pipeline/results/training/maps/longlow/adapt_p11-715852394892384_a135-0_350_map.h5
  source_tile = 6695
  slew_rate   = 10
  dwell_time  = 5
  output      = /home/daisy/GRB-Search-Pipeline/results/training/longlow_searching_2.5x2.5_tiling.csv

source = [78.2841, 135], n_src_events = 688, n_bkg_events = 819
Loaded 76 entries (unique=76, duplicates=0, missing=49076, out_of_bounds=0, non-finite=0)
Sum(prob) over finite entries = 0.999999
init sum: 0.999999
num pixels: 49152
tile num: 6781
total tile prob: 0.999999
tiles with prob > 0: 16
total tile prob after trim: 0.999999
num tiles after trim: 16
init_pos: 6662
*********running GCP*********
total time (wallclock): 0.0333896 seconds

$ /home/daisy/GRB-Search-Pipeline/search-planning/build/sp_train /home/daisy/GRB-Search-Pipeline/results/training/maps/longlow/adapt_p11-715852394892384_a135-0_351_map.h5 /home/daisy/GRB-Search-Pipeline/search-planning/tilings/tiling_files/2.5x2.5_tiling.csv 6695 10.0 10.0 5.0 0 /home/daisy/GRB-Search-Pipeline/results/training/longlow_searching_2.5x2.5_tiling.csv
Input Parameters:
  file        = /home/daisy/GRB-Search-Pipeline/results/training/maps/longlow/adapt_p11-715852394892384_a135-0_351_map.h5
  source_tile = 6695
  slew_rate   = 10
  dwell_time  = 5
  output      = /home/daisy/GRB-Search-Pipeline/results/training/longlow_searching_2.5x2.5_tiling.csv

source = [78.2841, 135], n_src_events = 230, n_bkg_events = 1136
Loaded 390 entries (unique=390, duplicates=0, missing=48762, out_of_bounds=0, non-finite=0)
Sum(prob) over finite entries = 0.999998
init sum: 0.999998
num pixels: 49152
tile num: 6781
total tile prob: 0.999998
tiles with prob > 0: 72
total tile prob after trim: 0.999998
num tiles after trim: 72
init_pos: 6659
*********running GCP*********
total time (wallclock): 0.0541955 seconds

$ /home/daisy/GRB-Search-Pipeline/search-planning/build/sp_train /home/daisy/GRB-Search-Pipeline/results/training/maps/longlow/adapt_p11-715852394892384_a135-0_352_map.h5 /home/daisy/GRB-Search-Pipeline/search-planning/tilings/tiling_files/2.5x2.5_tiling.csv 6695 10.0 10.0 5.0 0 /home/daisy/GRB-Search-Pipeline/results/training/longlow_searching_2.5x2.5_tiling.csv
Input Parameters:
  file        = /home/daisy/GRB-Search-Pipeline/results/training/maps/longlow/adapt_p11-715852394892384_a135-0_352_map.h5
  source_tile = 6695
  slew_rate   = 10
  dwell_time  = 5
  output      = /home/daisy/GRB-Search-Pipeline/results/training/longlow_searching_2.5x2.5_tiling.csv

source = [78.2841, 135], n_src_events = 246, n_bkg_events = 972
Loaded 315 entries (unique=315, duplicates=0, missing=48837, out_of_bounds=0, non-finite=0)
Sum(prob) over finite entries = 0.999998
init sum: 0.999998
num pixels: 49152
tile num: 6781
total tile prob: 0.999998
tiles with prob > 0: 59
total tile prob after trim: 0.999998
num tiles after trim: 59
init_pos: 6571
*********running GCP*********
total time (wallclock): 0.0331527 seconds

$ /home/daisy/GRB-Search-Pipeline/search-planning/build/sp_train /home/daisy/GRB-Search-Pipeline/results/training/maps/longlow/adapt_p11-715852394892384_a135-0_353_map.h5 /home/daisy/GRB-Search-Pipeline/search-planning/tilings/tiling_files/2.5x2.5_tiling.csv 6695 10.0 10.0 5.0 0 /home/daisy/GRB-Search-Pipeline/results/training/longlow_searching_2.5x2.5_tiling.csv
Input Parameters:
  file        = /home/daisy/GRB-Search-Pipeline/results/training/maps/longlow/adapt_p11-715852394892384_a135-0_353_map.h5
  source_tile = 6695
  slew_rate   = 10
  dwell_time  = 5
  output      = /home/daisy/GRB-Search-Pipeline/results/training/longlow_searching_2.5x2.5_tiling.csv

source = [78.2841, 135], n_src_events = 791, n_bkg_events = 375
Loaded 45 entries (unique=45, duplicates=0, missing=49107, out_of_bounds=0, non-finite=0)
Sum(prob) over finite entries = 0.999999
init sum: 0.999999
num pixels: 49152
tile num: 6781
total tile prob: 0.999999
tiles with prob > 0: 12
total tile prob after trim: 0.999999
num tiles after trim: 12
init_pos: 6661
*********running GCP*********
total time (wallclock): 0.0316638 seconds

$ /home/daisy/GRB-Search-Pipeline/search-planning/build/sp_train /home/daisy/GRB-Search-Pipeline/results/training/maps/longlow/adapt_p11-715852394892384_a135-0_354_map.h5 /home/daisy/GRB-Search-Pipeline/search-planning/tilings/tiling_files/2.5x2.5_tiling.csv 6695 10.0 10.0 5.0 0 /home/daisy/GRB-Search-Pipeline/results/training/longlow_searching_2.5x2.5_tiling.csv
Input Parameters:
  file        = /home/daisy/GRB-Search-Pipeline/results/training/maps/longlow/adapt_p11-715852394892384_a135-0_354_map.h5
  source_tile = 6695
  slew_rate   = 10
  dwell_time  = 5
  output      = /home/daisy/GRB-Search-Pipeline/results/training/longlow_searching_2.5x2.5_tiling.csv

source = [78.2841, 135], n_src_events = 377, n_bkg_events = 930
Loaded 165 entries (unique=165, duplicates=0, missing=48987, out_of_bounds=0, non-finite=0)
Sum(prob) over finite entries = 0.999999
init sum: 0.999999
num pixels: 49152
tile num: 6781
total tile prob: 0.999999
tiles with prob > 0: 33
total tile prob after trim: 0.999999
num tiles after trim: 33
init_pos: 6727
*********running GCP*********
total time (wallclock): 0.033861 seconds

$ /home/daisy/GRB-Search-Pipeline/search-planning/build/sp_train /home/daisy/GRB-Search-Pipeline/results/training/maps/longlow/adapt_p11-715852394892384_a135-0_355_map.h5 /home/daisy/GRB-Search-Pipeline/search-planning/tilings/tiling_files/2.5x2.5_tiling.csv 6695 10.0 10.0 5.0 0 /home/daisy/GRB-Search-Pipeline/results/training/longlow_searching_2.5x2.5_tiling.csv
Input Parameters:
  file        = /home/daisy/GRB-Search-Pipeline/results/training/maps/longlow/adapt_p11-715852394892384_a135-0_355_map.h5
  source_tile = 6695
  slew_rate   = 10
  dwell_time  = 5
  output      = /home/daisy/GRB-Search-Pipeline/results/training/longlow_searching_2.5x2.5_tiling.csv

source = [78.2841, 135], n_src_events = 141, n_bkg_events = 261
Loaded 844 entries (unique=844, duplicates=0, missing=48308, out_of_bounds=0, non-finite=0)
Sum(prob) over finite entries = 0.999999
init sum: 0.999999
num pixels: 49152
tile num: 6781
total tile prob: 0.999999
tiles with prob > 0: 148
total tile prob after trim: 0.999999
num tiles after trim: 148
init_pos: 6750
*********running GCP*********
total time (wallclock): 0.034266 seconds

$ /home/daisy/GRB-Search-Pipeline/search-planning/build/sp_train /home/daisy/GRB-Search-Pipeline/results/training/maps/longlow/adapt_p11-715852394892384_a135-0_356_map.h5 /home/daisy/GRB-Search-Pipeline/search-planning/tilings/tiling_files/2.5x2.5_tiling.csv 6695 10.0 10.0 5.0 0 /home/daisy/GRB-Search-Pipeline/results/training/longlow_searching_2.5x2.5_tiling.csv
Input Parameters:
  file        = /home/daisy/GRB-Search-Pipeline/results/training/maps/longlow/adapt_p11-715852394892384_a135-0_356_map.h5
  source_tile = 6695
  slew_rate   = 10
  dwell_time  = 5
  output      = /home/daisy/GRB-Search-Pipeline/results/training/longlow_searching_2.5x2.5_tiling.csv

source = [78.2841, 135], n_src_events = 298, n_bkg_events = 854
Loaded 272 entries (unique=272, duplicates=0, missing=48880, out_of_bounds=0, non-finite=0)
Sum(prob) over finite entries = 0.999998
init sum: 0.999998
num pixels: 49152
tile num: 6781
total tile prob: 0.999998
tiles with prob > 0: 51
total tile prob after trim: 0.999998
num tiles after trim: 51
init_pos: 6620
*********running GCP*********
total time (wallclock): 0.0321783 seconds

$ /home/daisy/GRB-Search-Pipeline/search-planning/build/sp_train /home/daisy/GRB-Search-Pipeline/results/training/maps/longlow/adapt_p11-715852394892384_a135-0_357_map.h5 /home/daisy/GRB-Search-Pipeline/search-planning/tilings/tiling_files/2.5x2.5_tiling.csv 6695 10.0 10.0 5.0 0 /home/daisy/GRB-Search-Pipeline/results/training/longlow_searching_2.5x2.5_tiling.csv
Input Parameters:
  file        = /home/daisy/GRB-Search-Pipeline/results/training/maps/longlow/adapt_p11-715852394892384_a135-0_357_map.h5
  source_tile = 6695
  slew_rate   = 10
  dwell_time  = 5
  output      = /home/daisy/GRB-Search-Pipeline/results/training/longlow_searching_2.5x2.5_tiling.csv

source = [78.2841, 135], n_src_events = 802, n_bkg_events = 933
Loaded 54 entries (unique=54, duplicates=0, missing=49098, out_of_bounds=0, non-finite=0)
Sum(prob) over finite entries = 0.999999
init sum: 0.999999
num pixels: 49152
tile num: 6781
total tile prob: 0.999999
tiles with prob > 0: 15
total tile prob after trim: 0.999999
num tiles after trim: 15
init_pos: 6696
*********running GCP*********
total time (wallclock): 0.0315233 seconds

$ /home/daisy/GRB-Search-Pipeline/search-planning/build/sp_train /home/daisy/GRB-Search-Pipeline/results/training/maps/longlow/adapt_p11-715852394892384_a135-0_358_map.h5 /home/daisy/GRB-Search-Pipeline/search-planning/tilings/tiling_files/2.5x2.5_tiling.csv 6695 10.0 10.0 5.0 0 /home/daisy/GRB-Search-Pipeline/results/training/longlow_searching_2.5x2.5_tiling.csv
Input Parameters:
  file        = /home/daisy/GRB-Search-Pipeline/results/training/maps/longlow/adapt_p11-715852394892384_a135-0_358_map.h5
  source_tile = 6695
  slew_rate   = 10
  dwell_time  = 5
  output      = /home/daisy/GRB-Search-Pipeline/results/training/longlow_searching_2.5x2.5_tiling.csv

source = [78.2841, 135], n_src_events = 458, n_bkg_events = 970
Loaded 127 entries (unique=127, duplicates=0, missing=49025, out_of_bounds=0, non-finite=0)
Sum(prob) over finite entries = 0.999998
init sum: 0.999998
num pixels: 49152
tile num: 6781
total tile prob: 0.999998
tiles with prob > 0: 27
total tile prob after trim: 0.999998
num tiles after trim: 27
init_pos: 6571
*********running GCP*********
total time (wallclock): 0.0369235 seconds

$ /home/daisy/GRB-Search-Pipeline/search-planning/build/sp_train /home/daisy/GRB-Search-Pipeline/results/training/maps/longlow/adapt_p11-715852394892384_a135-0_359_map.h5 /home/daisy/GRB-Search-Pipeline/search-planning/tilings/tiling_files/2.5x2.5_tiling.csv 6695 10.0 10.0 5.0 0 /home/daisy/GRB-Search-Pipeline/results/training/longlow_searching_2.5x2.5_tiling.csv
Input Parameters:
  file        = /home/daisy/GRB-Search-Pipeline/results/training/maps/longlow/adapt_p11-715852394892384_a135-0_359_map.h5
  source_tile = 6695
  slew_rate   = 10
  dwell_time  = 5
  output      = /home/daisy/GRB-Search-Pipeline/results/training/longlow_searching_2.5x2.5_tiling.csv

source = [78.2841, 135], n_src_events = 382, n_bkg_events = 199
Loaded 120 entries (unique=120, duplicates=0, missing=49032, out_of_bounds=0, non-finite=0)
Sum(prob) over finite entries = 0.999998
init sum: 0.999998
num pixels: 49152
tile num: 6781
total tile prob: 0.999998
tiles with prob > 0: 27
total tile prob after trim: 0.999998
num tiles after trim: 27
init_pos: 6662
*********running GCP*********
total time (wallclock): 0.0324766 seconds

$ /home/daisy/GRB-Search-Pipeline/search-planning/build/sp_train /home/daisy/GRB-Search-Pipeline/results/training/maps/longlow/adapt_p11-715852394892384_a135-0_35_map.h5 /home/daisy/GRB-Search-Pipeline/search-planning/tilings/tiling_files/2.5x2.5_tiling.csv 6695 10.0 10.0 5.0 0 /home/daisy/GRB-Search-Pipeline/results/training/longlow_searching_2.5x2.5_tiling.csv
Input Parameters:
  file        = /home/daisy/GRB-Search-Pipeline/results/training/maps/longlow/adapt_p11-715852394892384_a135-0_35_map.h5
  source_tile = 6695
  slew_rate   = 10
  dwell_time  = 5
  output      = /home/daisy/GRB-Search-Pipeline/results/training/longlow_searching_2.5x2.5_tiling.csv

source = [78.2841, 135], n_src_events = 746, n_bkg_events = 641
Loaded 62 entries (unique=62, duplicates=0, missing=49090, out_of_bounds=0, non-finite=0)
Sum(prob) over finite entries = 0.999999
init sum: 0.999999
num pixels: 49152
tile num: 6781
total tile prob: 0.999999
tiles with prob > 0: 15
total tile prob after trim: 0.999999
num tiles after trim: 15
init_pos: 6659
*********running GCP*********
total time (wallclock): 0.0328425 seconds

$ /home/daisy/GRB-Search-Pipeline/search-planning/build/sp_train /home/daisy/GRB-Search-Pipeline/results/training/maps/longlow/adapt_p11-715852394892384_a135-0_360_map.h5 /home/daisy/GRB-Search-Pipeline/search-planning/tilings/tiling_files/2.5x2.5_tiling.csv 6695 10.0 10.0 5.0 0 /home/daisy/GRB-Search-Pipeline/results/training/longlow_searching_2.5x2.5_tiling.csv
Input Parameters:
  file        = /home/daisy/GRB-Search-Pipeline/results/training/maps/longlow/adapt_p11-715852394892384_a135-0_360_map.h5
  source_tile = 6695
  slew_rate   = 10
  dwell_time  = 5
  output      = /home/daisy/GRB-Search-Pipeline/results/training/longlow_searching_2.5x2.5_tiling.csv

source = [78.2841, 135], n_src_events = 402, n_bkg_events = 497
Loaded 115 entries (unique=115, duplicates=0, missing=49037, out_of_bounds=0, non-finite=0)
Sum(prob) over finite entries = 0.999999
init sum: 0.999999
num pixels: 49152
tile num: 6781
total tile prob: 0.999999
tiles with prob > 0: 25
total tile prob after trim: 0.999999
num tiles after trim: 25
init_pos: 6659
*********running GCP*********
total time (wallclock): 0.0379928 seconds

$ /home/daisy/GRB-Search-Pipeline/search-planning/build/sp_train /home/daisy/GRB-Search-Pipeline/results/training/maps/longlow/adapt_p11-715852394892384_a135-0_361_map.h5 /home/daisy/GRB-Search-Pipeline/search-planning/tilings/tiling_files/2.5x2.5_tiling.csv 6695 10.0 10.0 5.0 0 /home/daisy/GRB-Search-Pipeline/results/training/longlow_searching_2.5x2.5_tiling.csv
Input Parameters:
  file        = /home/daisy/GRB-Search-Pipeline/results/training/maps/longlow/adapt_p11-715852394892384_a135-0_361_map.h5
  source_tile = 6695
  slew_rate   = 10
  dwell_time  = 5
  output      = /home/daisy/GRB-Search-Pipeline/results/training/longlow_searching_2.5x2.5_tiling.csv

source = [78.2841, 135], n_src_events = 690, n_bkg_events = 794
Loaded 59 entries (unique=59, duplicates=0, missing=49093, out_of_bounds=0, non-finite=0)
Sum(prob) over finite entries = 0.999999
init sum: 0.999999
num pixels: 49152
tile num: 6781
total tile prob: 0.999999
tiles with prob > 0: 13
total tile prob after trim: 0.999999
num tiles after trim: 13
init_pos: 6660
*********running GCP*********
total time (wallclock): 0.0332631 seconds

$ /home/daisy/GRB-Search-Pipeline/search-planning/build/sp_train /home/daisy/GRB-Search-Pipeline/results/training/maps/longlow/adapt_p11-715852394892384_a135-0_362_map.h5 /home/daisy/GRB-Search-Pipeline/search-planning/tilings/tiling_files/2.5x2.5_tiling.csv 6695 10.0 10.0 5.0 0 /home/daisy/GRB-Search-Pipeline/results/training/longlow_searching_2.5x2.5_tiling.csv
Input Parameters:
  file        = /home/daisy/GRB-Search-Pipeline/results/training/maps/longlow/adapt_p11-715852394892384_a135-0_362_map.h5
  source_tile = 6695
  slew_rate   = 10
  dwell_time  = 5
  output      = /home/daisy/GRB-Search-Pipeline/results/training/longlow_searching_2.5x2.5_tiling.csv

source = [78.2841, 135], n_src_events = 205, n_bkg_events = 705
Loaded 300 entries (unique=300, duplicates=0, missing=48852, out_of_bounds=0, non-finite=0)
Sum(prob) over finite entries = 0.999998
init sum: 0.999998
num pixels: 49152
tile num: 6781
total tile prob: 0.999998
tiles with prob > 0: 54
total tile prob after trim: 0.999998
num tiles after trim: 54
init_pos: 6621
*********running GCP*********
total time (wallclock): 0.0340438 seconds

$ /home/daisy/GRB-Search-Pipeline/search-planning/build/sp_train /home/daisy/GRB-Search-Pipeline/results/training/maps/longlow/adapt_p11-715852394892384_a135-0_363_map.h5 /home/daisy/GRB-Search-Pipeline/search-planning/tilings/tiling_files/2.5x2.5_tiling.csv 6695 10.0 10.0 5.0 0 /home/daisy/GRB-Search-Pipeline/results/training/longlow_searching_2.5x2.5_tiling.csv
Input Parameters:
  file        = /home/daisy/GRB-Search-Pipeline/results/training/maps/longlow/adapt_p11-715852394892384_a135-0_363_map.h5
  source_tile = 6695
  slew_rate   = 10
  dwell_time  = 5
  output      = /home/daisy/GRB-Search-Pipeline/results/training/longlow_searching_2.5x2.5_tiling.csv

source = [78.2841, 135], n_src_events = 695, n_bkg_events = 528
Loaded 61 entries (unique=61, duplicates=0, missing=49091, out_of_bounds=0, non-finite=0)
Sum(prob) over finite entries = 0.999999
init sum: 0.999999
num pixels: 49152
tile num: 6781
total tile prob: 0.999999
tiles with prob > 0: 13
total tile prob after trim: 0.999999
num tiles after trim: 13
init_pos: 6695
*********running GCP*********
total time (wallclock): 0.030876 seconds

$ /home/daisy/GRB-Search-Pipeline/search-planning/build/sp_train /home/daisy/GRB-Search-Pipeline/results/training/maps/longlow/adapt_p11-715852394892384_a135-0_364_map.h5 /home/daisy/GRB-Search-Pipeline/search-planning/tilings/tiling_files/2.5x2.5_tiling.csv 6695 10.0 10.0 5.0 0 /home/daisy/GRB-Search-Pipeline/results/training/longlow_searching_2.5x2.5_tiling.csv
Input Parameters:
  file        = /home/daisy/GRB-Search-Pipeline/results/training/maps/longlow/adapt_p11-715852394892384_a135-0_364_map.h5
  source_tile = 6695
  slew_rate   = 10
  dwell_time  = 5
  output      = /home/daisy/GRB-Search-Pipeline/results/training/longlow_searching_2.5x2.5_tiling.csv

source = [78.2841, 135], n_src_events = 753, n_bkg_events = 816
Loaded 50 entries (unique=50, duplicates=0, missing=49102, out_of_bounds=0, non-finite=0)
Sum(prob) over finite entries = 0.999998
init sum: 0.999998
num pixels: 49152
tile num: 6781
total tile prob: 0.999998
tiles with prob > 0: 11
total tile prob after trim: 0.999998
num tiles after trim: 11
init_pos: 6695
*********running GCP*********
total time (wallclock): 0.0311123 seconds

$ /home/daisy/GRB-Search-Pipeline/search-planning/build/sp_train /home/daisy/GRB-Search-Pipeline/results/training/maps/longlow/adapt_p11-715852394892384_a135-0_365_map.h5 /home/daisy/GRB-Search-Pipeline/search-planning/tilings/tiling_files/2.5x2.5_tiling.csv 6695 10.0 10.0 5.0 0 /home/daisy/GRB-Search-Pipeline/results/training/longlow_searching_2.5x2.5_tiling.csv
Input Parameters:
  file        = /home/daisy/GRB-Search-Pipeline/results/training/maps/longlow/adapt_p11-715852394892384_a135-0_365_map.h5
  source_tile = 6695
  slew_rate   = 10
  dwell_time  = 5
  output      = /home/daisy/GRB-Search-Pipeline/results/training/longlow_searching_2.5x2.5_tiling.csv

source = [78.2841, 135], n_src_events = 267, n_bkg_events = 845
Loaded 418 entries (unique=418, duplicates=0, missing=48734, out_of_bounds=0, non-finite=0)
Sum(prob) over finite entries = 0.999998
init sum: 0.999998
num pixels: 49152
tile num: 6781
total tile prob: 0.999998
tiles with prob > 0: 74
total tile prob after trim: 0.999998
num tiles after trim: 74
init_pos: 6622
*********running GCP*********
total time (wallclock): 0.0334223 seconds

$ /home/daisy/GRB-Search-Pipeline/search-planning/build/sp_train /home/daisy/GRB-Search-Pipeline/results/training/maps/longlow/adapt_p11-715852394892384_a135-0_366_map.h5 /home/daisy/GRB-Search-Pipeline/search-planning/tilings/tiling_files/2.5x2.5_tiling.csv 6695 10.0 10.0 5.0 0 /home/daisy/GRB-Search-Pipeline/results/training/longlow_searching_2.5x2.5_tiling.csv
Input Parameters:
  file        = /home/daisy/GRB-Search-Pipeline/results/training/maps/longlow/adapt_p11-715852394892384_a135-0_366_map.h5
  source_tile = 6695
  slew_rate   = 10
  dwell_time  = 5
  output      = /home/daisy/GRB-Search-Pipeline/results/training/longlow_searching_2.5x2.5_tiling.csv

source = [78.2841, 135], n_src_events = 355, n_bkg_events = 1000
Loaded 291 entries (unique=291, duplicates=0, missing=48861, out_of_bounds=0, non-finite=0)
Sum(prob) over finite entries = 0.999999
init sum: 0.999999
num pixels: 49152
tile num: 6781
total tile prob: 0.999999
tiles with prob > 0: 54
total tile prob after trim: 0.999999
num tiles after trim: 54
init_pos: 6619
*********running GCP*********
total time (wallclock): 0.0556307 seconds

$ /home/daisy/GRB-Search-Pipeline/search-planning/build/sp_train /home/daisy/GRB-Search-Pipeline/results/training/maps/longlow/adapt_p11-715852394892384_a135-0_367_map.h5 /home/daisy/GRB-Search-Pipeline/search-planning/tilings/tiling_files/2.5x2.5_tiling.csv 6695 10.0 10.0 5.0 0 /home/daisy/GRB-Search-Pipeline/results/training/longlow_searching_2.5x2.5_tiling.csv
Input Parameters:
  file        = /home/daisy/GRB-Search-Pipeline/results/training/maps/longlow/adapt_p11-715852394892384_a135-0_367_map.h5
  source_tile = 6695
  slew_rate   = 10
  dwell_time  = 5
  output      = /home/daisy/GRB-Search-Pipeline/results/training/longlow_searching_2.5x2.5_tiling.csv

source = [78.2841, 135], n_src_events = 405, n_bkg_events = 1056
Loaded 203 entries (unique=203, duplicates=0, missing=48949, out_of_bounds=0, non-finite=0)
Sum(prob) over finite entries = 0.999998
init sum: 0.999998
num pixels: 49152
tile num: 6781
total tile prob: 0.999998
tiles with prob > 0: 41
total tile prob after trim: 0.999998
num tiles after trim: 41
init_pos: 6618
*********running GCP*********
total time (wallclock): 0.0532984 seconds

$ /home/daisy/GRB-Search-Pipeline/search-planning/build/sp_train /home/daisy/GRB-Search-Pipeline/results/training/maps/longlow/adapt_p11-715852394892384_a135-0_368_map.h5 /home/daisy/GRB-Search-Pipeline/search-planning/tilings/tiling_files/2.5x2.5_tiling.csv 6695 10.0 10.0 5.0 0 /home/daisy/GRB-Search-Pipeline/results/training/longlow_searching_2.5x2.5_tiling.csv
Input Parameters:
  file        = /home/daisy/GRB-Search-Pipeline/results/training/maps/longlow/adapt_p11-715852394892384_a135-0_368_map.h5
  source_tile = 6695
  slew_rate   = 10
  dwell_time  = 5
  output      = /home/daisy/GRB-Search-Pipeline/results/training/longlow_searching_2.5x2.5_tiling.csv

source = [78.2841, 135], n_src_events = 207, n_bkg_events = 728
Loaded 293 entries (unique=293, duplicates=0, missing=48859, out_of_bounds=0, non-finite=0)
Sum(prob) over finite entries = 0.999999
init sum: 0.999999
num pixels: 49152
tile num: 6781
total tile prob: 0.999999
tiles with prob > 0: 55
total tile prob after trim: 0.999999
num tiles after trim: 55
init_pos: 6662
*********running GCP*********
total time (wallclock): 0.031519 seconds

$ /home/daisy/GRB-Search-Pipeline/search-planning/build/sp_train /home/daisy/GRB-Search-Pipeline/results/training/maps/longlow/adapt_p11-715852394892384_a135-0_369_map.h5 /home/daisy/GRB-Search-Pipeline/search-planning/tilings/tiling_files/2.5x2.5_tiling.csv 6695 10.0 10.0 5.0 0 /home/daisy/GRB-Search-Pipeline/results/training/longlow_searching_2.5x2.5_tiling.csv
Input Parameters:
  file        = /home/daisy/GRB-Search-Pipeline/results/training/maps/longlow/adapt_p11-715852394892384_a135-0_369_map.h5
  source_tile = 6695
  slew_rate   = 10
  dwell_time  = 5
  output      = /home/daisy/GRB-Search-Pipeline/results/training/longlow_searching_2.5x2.5_tiling.csv

source = [78.2841, 135], n_src_events = 237, n_bkg_events = 872
Loaded 389 entries (unique=389, duplicates=0, missing=48763, out_of_bounds=0, non-finite=0)
Sum(prob) over finite entries = 0.999998
init sum: 0.999998
num pixels: 49152
tile num: 6781
total tile prob: 0.999998
tiles with prob > 0: 69
total tile prob after trim: 0.999998
num tiles after trim: 69
init_pos: 6620
*********running GCP*********
total time (wallclock): 0.0394645 seconds

$ /home/daisy/GRB-Search-Pipeline/search-planning/build/sp_train /home/daisy/GRB-Search-Pipeline/results/training/maps/longlow/adapt_p11-715852394892384_a135-0_36_map.h5 /home/daisy/GRB-Search-Pipeline/search-planning/tilings/tiling_files/2.5x2.5_tiling.csv 6695 10.0 10.0 5.0 0 /home/daisy/GRB-Search-Pipeline/results/training/longlow_searching_2.5x2.5_tiling.csv
Input Parameters:
  file        = /home/daisy/GRB-Search-Pipeline/results/training/maps/longlow/adapt_p11-715852394892384_a135-0_36_map.h5
  source_tile = 6695
  slew_rate   = 10
  dwell_time  = 5
  output      = /home/daisy/GRB-Search-Pipeline/results/training/longlow_searching_2.5x2.5_tiling.csv

source = [78.2841, 135], n_src_events = 781, n_bkg_events = 625
Loaded 84 entries (unique=84, duplicates=0, missing=49068, out_of_bounds=0, non-finite=0)
Sum(prob) over finite entries = 0.999998
init sum: 0.999998
num pixels: 49152
tile num: 6781
total tile prob: 0.999998
tiles with prob > 0: 19
total tile prob after trim: 0.999998
num tiles after trim: 19
init_pos: 6726
*********running GCP*********
total time (wallclock): 0.0323783 seconds

$ /home/daisy/GRB-Search-Pipeline/search-planning/build/sp_train /home/daisy/GRB-Search-Pipeline/results/training/maps/longlow/adapt_p11-715852394892384_a135-0_370_map.h5 /home/daisy/GRB-Search-Pipeline/search-planning/tilings/tiling_files/2.5x2.5_tiling.csv 6695 10.0 10.0 5.0 0 /home/daisy/GRB-Search-Pipeline/results/training/longlow_searching_2.5x2.5_tiling.csv
Input Parameters:
  file        = /home/daisy/GRB-Search-Pipeline/results/training/maps/longlow/adapt_p11-715852394892384_a135-0_370_map.h5
  source_tile = 6695
  slew_rate   = 10
  dwell_time  = 5
  output      = /home/daisy/GRB-Search-Pipeline/results/training/longlow_searching_2.5x2.5_tiling.csv

source = [78.2841, 135], n_src_events = 328, n_bkg_events = 626
Loaded 172 entries (unique=172, duplicates=0, missing=48980, out_of_bounds=0, non-finite=0)
Sum(prob) over finite entries = 0.999999
init sum: 0.999999
num pixels: 49152
tile num: 6781
total tile prob: 0.999999
tiles with prob > 0: 33
total tile prob after trim: 0.999999
num tiles after trim: 33
init_pos: 6694
*********running GCP*********
total time (wallclock): 0.0345711 seconds

$ /home/daisy/GRB-Search-Pipeline/search-planning/build/sp_train /home/daisy/GRB-Search-Pipeline/results/training/maps/longlow/adapt_p11-715852394892384_a135-0_371_map.h5 /home/daisy/GRB-Search-Pipeline/search-planning/tilings/tiling_files/2.5x2.5_tiling.csv 6695 10.0 10.0 5.0 0 /home/daisy/GRB-Search-Pipeline/results/training/longlow_searching_2.5x2.5_tiling.csv
Input Parameters:
  file        = /home/daisy/GRB-Search-Pipeline/results/training/maps/longlow/adapt_p11-715852394892384_a135-0_371_map.h5
  source_tile = 6695
  slew_rate   = 10
  dwell_time  = 5
  output      = /home/daisy/GRB-Search-Pipeline/results/training/longlow_searching_2.5x2.5_tiling.csv

source = [78.2841, 135], n_src_events = 764, n_bkg_events = 643
Loaded 57 entries (unique=57, duplicates=0, missing=49095, out_of_bounds=0, non-finite=0)
Sum(prob) over finite entries = 0.999998
init sum: 0.999998
num pixels: 49152
tile num: 6781
total tile prob: 0.999998
tiles with prob > 0: 12
total tile prob after trim: 0.999998
num tiles after trim: 12
init_pos: 6617
*********running GCP*********
total time (wallclock): 0.0325211 seconds

$ /home/daisy/GRB-Search-Pipeline/search-planning/build/sp_train /home/daisy/GRB-Search-Pipeline/results/training/maps/longlow/adapt_p11-715852394892384_a135-0_372_map.h5 /home/daisy/GRB-Search-Pipeline/search-planning/tilings/tiling_files/2.5x2.5_tiling.csv 6695 10.0 10.0 5.0 0 /home/daisy/GRB-Search-Pipeline/results/training/longlow_searching_2.5x2.5_tiling.csv
Input Parameters:
  file        = /home/daisy/GRB-Search-Pipeline/results/training/maps/longlow/adapt_p11-715852394892384_a135-0_372_map.h5
  source_tile = 6695
  slew_rate   = 10
  dwell_time  = 5
  output      = /home/daisy/GRB-Search-Pipeline/results/training/longlow_searching_2.5x2.5_tiling.csv

source = [78.2841, 135], n_src_events = 117, n_bkg_events = 707
Loaded 1090 entries (unique=1090, duplicates=0, missing=48062, out_of_bounds=0, non-finite=0)
Sum(prob) over finite entries = 0.999999
init sum: 0.999999
num pixels: 49152
tile num: 6781
total tile prob: 0.999999
tiles with prob > 0: 189
total tile prob after trim: 0.999999
num tiles after trim: 189
init_pos: 6519
*********running GCP*********
total time (wallclock): 0.0621238 seconds

$ /home/daisy/GRB-Search-Pipeline/search-planning/build/sp_train /home/daisy/GRB-Search-Pipeline/results/training/maps/longlow/adapt_p11-715852394892384_a135-0_373_map.h5 /home/daisy/GRB-Search-Pipeline/search-planning/tilings/tiling_files/2.5x2.5_tiling.csv 6695 10.0 10.0 5.0 0 /home/daisy/GRB-Search-Pipeline/results/training/longlow_searching_2.5x2.5_tiling.csv
Input Parameters:
  file        = /home/daisy/GRB-Search-Pipeline/results/training/maps/longlow/adapt_p11-715852394892384_a135-0_373_map.h5
  source_tile = 6695
  slew_rate   = 10
  dwell_time  = 5
  output      = /home/daisy/GRB-Search-Pipeline/results/training/longlow_searching_2.5x2.5_tiling.csv

source = [78.2841, 135], n_src_events = 250, n_bkg_events = 322
Loaded 189 entries (unique=189, duplicates=0, missing=48963, out_of_bounds=0, non-finite=0)
Sum(prob) over finite entries = 0.999998
init sum: 0.999998
num pixels: 49152
tile num: 6781
total tile prob: 0.999998
tiles with prob > 0: 33
total tile prob after trim: 0.999998
num tiles after trim: 33
init_pos: 6569
*********running GCP*********
total time (wallclock): 0.0339839 seconds

$ /home/daisy/GRB-Search-Pipeline/search-planning/build/sp_train /home/daisy/GRB-Search-Pipeline/results/training/maps/longlow/adapt_p11-715852394892384_a135-0_374_map.h5 /home/daisy/GRB-Search-Pipeline/search-planning/tilings/tiling_files/2.5x2.5_tiling.csv 6695 10.0 10.0 5.0 0 /home/daisy/GRB-Search-Pipeline/results/training/longlow_searching_2.5x2.5_tiling.csv
Input Parameters:
  file        = /home/daisy/GRB-Search-Pipeline/results/training/maps/longlow/adapt_p11-715852394892384_a135-0_374_map.h5
  source_tile = 6695
  slew_rate   = 10
  dwell_time  = 5
  output      = /home/daisy/GRB-Search-Pipeline/results/training/longlow_searching_2.5x2.5_tiling.csv

source = [78.2841, 135], n_src_events = 93, n_bkg_events = 791
Loaded 2751 entries (unique=2751, duplicates=0, missing=46401, out_of_bounds=0, non-finite=0)
Sum(prob) over finite entries = 0.999991
init sum: 0.999991
num pixels: 49152
tile num: 6781
total tile prob: 0.999991
tiles with prob > 0: 448
total tile prob after trim: 0.999991
num tiles after trim: 448
init_pos: 6512
*********running GCP*********
total time (wallclock): 1.47663 seconds

$ /home/daisy/GRB-Search-Pipeline/search-planning/build/sp_train /home/daisy/GRB-Search-Pipeline/results/training/maps/longlow/adapt_p11-715852394892384_a135-0_375_map.h5 /home/daisy/GRB-Search-Pipeline/search-planning/tilings/tiling_files/2.5x2.5_tiling.csv 6695 10.0 10.0 5.0 0 /home/daisy/GRB-Search-Pipeline/results/training/longlow_searching_2.5x2.5_tiling.csv
Input Parameters:
  file        = /home/daisy/GRB-Search-Pipeline/results/training/maps/longlow/adapt_p11-715852394892384_a135-0_375_map.h5
  source_tile = 6695
  slew_rate   = 10
  dwell_time  = 5
  output      = /home/daisy/GRB-Search-Pipeline/results/training/longlow_searching_2.5x2.5_tiling.csv

source = [78.2841, 135], n_src_events = 88, n_bkg_events = 620
Loaded 2274 entries (unique=2274, duplicates=0, missing=46878, out_of_bounds=0, non-finite=0)
Sum(prob) over finite entries = 0.999996
init sum: 0.999996
num pixels: 49152
tile num: 6781
total tile prob: 0.999996
tiles with prob > 0: 366
total tile prob after trim: 0.999996
num tiles after trim: 366
init_pos: 6190
*********running GCP*********
total time (wallclock): 0.0605292 seconds

$ /home/daisy/GRB-Search-Pipeline/search-planning/build/sp_train /home/daisy/GRB-Search-Pipeline/results/training/maps/longlow/adapt_p11-715852394892384_a135-0_376_map.h5 /home/daisy/GRB-Search-Pipeline/search-planning/tilings/tiling_files/2.5x2.5_tiling.csv 6695 10.0 10.0 5.0 0 /home/daisy/GRB-Search-Pipeline/results/training/longlow_searching_2.5x2.5_tiling.csv
Input Parameters:
  file        = /home/daisy/GRB-Search-Pipeline/results/training/maps/longlow/adapt_p11-715852394892384_a135-0_376_map.h5
  source_tile = 6695
  slew_rate   = 10
  dwell_time  = 5
  output      = /home/daisy/GRB-Search-Pipeline/results/training/longlow_searching_2.5x2.5_tiling.csv

source = [78.2841, 135], n_src_events = 572, n_bkg_events = 847
Loaded 155 entries (unique=155, duplicates=0, missing=48997, out_of_bounds=0, non-finite=0)
Sum(prob) over finite entries = 0.999998
init sum: 0.999998
num pixels: 49152
tile num: 6781
total tile prob: 0.999998
tiles with prob > 0: 33
total tile prob after trim: 0.999998
num tiles after trim: 33
init_pos: 6696
*********running GCP*********
total time (wallclock): 0.0345053 seconds

$ /home/daisy/GRB-Search-Pipeline/search-planning/build/sp_train /home/daisy/GRB-Search-Pipeline/results/training/maps/longlow/adapt_p11-715852394892384_a135-0_377_map.h5 /home/daisy/GRB-Search-Pipeline/search-planning/tilings/tiling_files/2.5x2.5_tiling.csv 6695 10.0 10.0 5.0 0 /home/daisy/GRB-Search-Pipeline/results/training/longlow_searching_2.5x2.5_tiling.csv
Input Parameters:
  file        = /home/daisy/GRB-Search-Pipeline/results/training/maps/longlow/adapt_p11-715852394892384_a135-0_377_map.h5
  source_tile = 6695
  slew_rate   = 10
  dwell_time  = 5
  output      = /home/daisy/GRB-Search-Pipeline/results/training/longlow_searching_2.5x2.5_tiling.csv

source = [78.2841, 135], n_src_events = 726, n_bkg_events = 305
Loaded 50 entries (unique=50, duplicates=0, missing=49102, out_of_bounds=0, non-finite=0)
Sum(prob) over finite entries = 0.999999
init sum: 0.999999
num pixels: 49152
tile num: 6781
total tile prob: 0.999999
tiles with prob > 0: 12
total tile prob after trim: 0.999999
num tiles after trim: 12
init_pos: 6659
*********running GCP*********
total time (wallclock): 0.0336867 seconds

$ /home/daisy/GRB-Search-Pipeline/search-planning/build/sp_train /home/daisy/GRB-Search-Pipeline/results/training/maps/longlow/adapt_p11-715852394892384_a135-0_378_map.h5 /home/daisy/GRB-Search-Pipeline/search-planning/tilings/tiling_files/2.5x2.5_tiling.csv 6695 10.0 10.0 5.0 0 /home/daisy/GRB-Search-Pipeline/results/training/longlow_searching_2.5x2.5_tiling.csv
Input Parameters:
  file        = /home/daisy/GRB-Search-Pipeline/results/training/maps/longlow/adapt_p11-715852394892384_a135-0_378_map.h5
  source_tile = 6695
  slew_rate   = 10
  dwell_time  = 5
  output      = /home/daisy/GRB-Search-Pipeline/results/training/longlow_searching_2.5x2.5_tiling.csv

source = [78.2841, 135], n_src_events = 191, n_bkg_events = 449
Loaded 207 entries (unique=207, duplicates=0, missing=48945, out_of_bounds=0, non-finite=0)
Sum(prob) over finite entries = 0.999999
init sum: 0.999999
num pixels: 49152
tile num: 6781
total tile prob: 0.999999
tiles with prob > 0: 39
total tile prob after trim: 0.999999
num tiles after trim: 39
init_pos: 6662
*********running GCP*********
total time (wallclock): 0.0314171 seconds

$ /home/daisy/GRB-Search-Pipeline/search-planning/build/sp_train /home/daisy/GRB-Search-Pipeline/results/training/maps/longlow/adapt_p11-715852394892384_a135-0_379_map.h5 /home/daisy/GRB-Search-Pipeline/search-planning/tilings/tiling_files/2.5x2.5_tiling.csv 6695 10.0 10.0 5.0 0 /home/daisy/GRB-Search-Pipeline/results/training/longlow_searching_2.5x2.5_tiling.csv
Input Parameters:
  file        = /home/daisy/GRB-Search-Pipeline/results/training/maps/longlow/adapt_p11-715852394892384_a135-0_379_map.h5
  source_tile = 6695
  slew_rate   = 10
  dwell_time  = 5
  output      = /home/daisy/GRB-Search-Pipeline/results/training/longlow_searching_2.5x2.5_tiling.csv

source = [78.2841, 135], n_src_events = 665, n_bkg_events = 313
Loaded 83 entries (unique=83, duplicates=0, missing=49069, out_of_bounds=0, non-finite=0)
Sum(prob) over finite entries = 0.999999
init sum: 0.999999
num pixels: 49152
tile num: 6781
total tile prob: 0.999999
tiles with prob > 0: 22
total tile prob after trim: 0.999999
num tiles after trim: 22
init_pos: 6659
*********running GCP*********
total time (wallclock): 0.031093 seconds

$ /home/daisy/GRB-Search-Pipeline/search-planning/build/sp_train /home/daisy/GRB-Search-Pipeline/results/training/maps/longlow/adapt_p11-715852394892384_a135-0_37_map.h5 /home/daisy/GRB-Search-Pipeline/search-planning/tilings/tiling_files/2.5x2.5_tiling.csv 6695 10.0 10.0 5.0 0 /home/daisy/GRB-Search-Pipeline/results/training/longlow_searching_2.5x2.5_tiling.csv
Input Parameters:
  file        = /home/daisy/GRB-Search-Pipeline/results/training/maps/longlow/adapt_p11-715852394892384_a135-0_37_map.h5
  source_tile = 6695
  slew_rate   = 10
  dwell_time  = 5
  output      = /home/daisy/GRB-Search-Pipeline/results/training/longlow_searching_2.5x2.5_tiling.csv

source = [78.2841, 135], n_src_events = 263, n_bkg_events = 968
Loaded 298 entries (unique=298, duplicates=0, missing=48854, out_of_bounds=0, non-finite=0)
Sum(prob) over finite entries = 0.999999
init sum: 0.999999
num pixels: 49152
tile num: 6781
total tile prob: 0.999999
tiles with prob > 0: 55
total tile prob after trim: 0.999999
num tiles after trim: 55
init_pos: 6693
*********running GCP*********
total time (wallclock): 0.0385306 seconds

$ /home/daisy/GRB-Search-Pipeline/search-planning/build/sp_train /home/daisy/GRB-Search-Pipeline/results/training/maps/longlow/adapt_p11-715852394892384_a135-0_380_map.h5 /home/daisy/GRB-Search-Pipeline/search-planning/tilings/tiling_files/2.5x2.5_tiling.csv 6695 10.0 10.0 5.0 0 /home/daisy/GRB-Search-Pipeline/results/training/longlow_searching_2.5x2.5_tiling.csv
Input Parameters:
  file        = /home/daisy/GRB-Search-Pipeline/results/training/maps/longlow/adapt_p11-715852394892384_a135-0_380_map.h5
  source_tile = 6695
  slew_rate   = 10
  dwell_time  = 5
  output      = /home/daisy/GRB-Search-Pipeline/results/training/longlow_searching_2.5x2.5_tiling.csv

source = [78.2841, 135], n_src_events = 186, n_bkg_events = 855
Loaded 344 entries (unique=344, duplicates=0, missing=48808, out_of_bounds=0, non-finite=0)
Sum(prob) over finite entries = 0.999999
init sum: 0.999999
num pixels: 49152
tile num: 6781
total tile prob: 0.999999
tiles with prob > 0: 64
total tile prob after trim: 0.999999
num tiles after trim: 64
init_pos: 6622
*********running GCP*********
total time (wallclock): 0.0405252 seconds

$ /home/daisy/GRB-Search-Pipeline/search-planning/build/sp_train /home/daisy/GRB-Search-Pipeline/results/training/maps/longlow/adapt_p11-715852394892384_a135-0_381_map.h5 /home/daisy/GRB-Search-Pipeline/search-planning/tilings/tiling_files/2.5x2.5_tiling.csv 6695 10.0 10.0 5.0 0 /home/daisy/GRB-Search-Pipeline/results/training/longlow_searching_2.5x2.5_tiling.csv
Input Parameters:
  file        = /home/daisy/GRB-Search-Pipeline/results/training/maps/longlow/adapt_p11-715852394892384_a135-0_381_map.h5
  source_tile = 6695
  slew_rate   = 10
  dwell_time  = 5
  output      = /home/daisy/GRB-Search-Pipeline/results/training/longlow_searching_2.5x2.5_tiling.csv

source = [78.2841, 135], n_src_events = 119, n_bkg_events = 1016
Loaded 2209 entries (unique=2209, duplicates=0, missing=46943, out_of_bounds=0, non-finite=0)
Sum(prob) over finite entries = 0.999994
init sum: 0.999994
num pixels: 49152
tile num: 6781
total tile prob: 0.999994
tiles with prob > 0: 366
total tile prob after trim: 0.999994
num tiles after trim: 366
init_pos: 6401
*********running GCP*********
total time (wallclock): 0.100084 seconds

$ /home/daisy/GRB-Search-Pipeline/search-planning/build/sp_train /home/daisy/GRB-Search-Pipeline/results/training/maps/longlow/adapt_p11-715852394892384_a135-0_382_map.h5 /home/daisy/GRB-Search-Pipeline/search-planning/tilings/tiling_files/2.5x2.5_tiling.csv 6695 10.0 10.0 5.0 0 /home/daisy/GRB-Search-Pipeline/results/training/longlow_searching_2.5x2.5_tiling.csv
Input Parameters:
  file        = /home/daisy/GRB-Search-Pipeline/results/training/maps/longlow/adapt_p11-715852394892384_a135-0_382_map.h5
  source_tile = 6695
  slew_rate   = 10
  dwell_time  = 5
  output      = /home/daisy/GRB-Search-Pipeline/results/training/longlow_searching_2.5x2.5_tiling.csv

source = [78.2841, 135], n_src_events = 478, n_bkg_events = 826
Loaded 167 entries (unique=167, duplicates=0, missing=48985, out_of_bounds=0, non-finite=0)
Sum(prob) over finite entries = 0.999998
init sum: 0.999998
num pixels: 49152
tile num: 6781
total tile prob: 0.999998
tiles with prob > 0: 31
total tile prob after trim: 0.999998
num tiles after trim: 31
init_pos: 6659
*********running GCP*********
total time (wallclock): 0.0379161 seconds

$ /home/daisy/GRB-Search-Pipeline/search-planning/build/sp_train /home/daisy/GRB-Search-Pipeline/results/training/maps/longlow/adapt_p11-715852394892384_a135-0_383_map.h5 /home/daisy/GRB-Search-Pipeline/search-planning/tilings/tiling_files/2.5x2.5_tiling.csv 6695 10.0 10.0 5.0 0 /home/daisy/GRB-Search-Pipeline/results/training/longlow_searching_2.5x2.5_tiling.csv
Input Parameters:
  file        = /home/daisy/GRB-Search-Pipeline/results/training/maps/longlow/adapt_p11-715852394892384_a135-0_383_map.h5
  source_tile = 6695
  slew_rate   = 10
  dwell_time  = 5
  output      = /home/daisy/GRB-Search-Pipeline/results/training/longlow_searching_2.5x2.5_tiling.csv

source = [78.2841, 135], n_src_events = 411, n_bkg_events = 616
Loaded 107 entries (unique=107, duplicates=0, missing=49045, out_of_bounds=0, non-finite=0)
Sum(prob) over finite entries = 0.999999
init sum: 0.999999
num pixels: 49152
tile num: 6781
total tile prob: 0.999999
tiles with prob > 0: 21
total tile prob after trim: 0.999999
num tiles after trim: 21
init_pos: 6617
*********running GCP*********
total time (wallclock): 0.0319524 seconds

$ /home/daisy/GRB-Search-Pipeline/search-planning/build/sp_train /home/daisy/GRB-Search-Pipeline/results/training/maps/longlow/adapt_p11-715852394892384_a135-0_384_map.h5 /home/daisy/GRB-Search-Pipeline/search-planning/tilings/tiling_files/2.5x2.5_tiling.csv 6695 10.0 10.0 5.0 0 /home/daisy/GRB-Search-Pipeline/results/training/longlow_searching_2.5x2.5_tiling.csv
Input Parameters:
  file        = /home/daisy/GRB-Search-Pipeline/results/training/maps/longlow/adapt_p11-715852394892384_a135-0_384_map.h5
  source_tile = 6695
  slew_rate   = 10
  dwell_time  = 5
  output      = /home/daisy/GRB-Search-Pipeline/results/training/longlow_searching_2.5x2.5_tiling.csv

source = [78.2841, 135], n_src_events = 197, n_bkg_events = 221
Loaded 240 entries (unique=240, duplicates=0, missing=48912, out_of_bounds=0, non-finite=0)
Sum(prob) over finite entries = 0.999999
init sum: 0.999999
num pixels: 49152
tile num: 6781
total tile prob: 0.999999
tiles with prob > 0: 48
total tile prob after trim: 0.999999
num tiles after trim: 48
init_pos: 6663
*********running GCP*********
total time (wallclock): 0.0349101 seconds

$ /home/daisy/GRB-Search-Pipeline/search-planning/build/sp_train /home/daisy/GRB-Search-Pipeline/results/training/maps/longlow/adapt_p11-715852394892384_a135-0_385_map.h5 /home/daisy/GRB-Search-Pipeline/search-planning/tilings/tiling_files/2.5x2.5_tiling.csv 6695 10.0 10.0 5.0 0 /home/daisy/GRB-Search-Pipeline/results/training/longlow_searching_2.5x2.5_tiling.csv
Input Parameters:
  file        = /home/daisy/GRB-Search-Pipeline/results/training/maps/longlow/adapt_p11-715852394892384_a135-0_385_map.h5
  source_tile = 6695
  slew_rate   = 10
  dwell_time  = 5
  output      = /home/daisy/GRB-Search-Pipeline/results/training/longlow_searching_2.5x2.5_tiling.csv

source = [78.2841, 135], n_src_events = 380, n_bkg_events = 896
Loaded 143 entries (unique=143, duplicates=0, missing=49009, out_of_bounds=0, non-finite=0)
Sum(prob) over finite entries = 0.999998
init sum: 0.999998
num pixels: 49152
tile num: 6781
total tile prob: 0.999998
tiles with prob > 0: 30
total tile prob after trim: 0.999998
num tiles after trim: 30
init_pos: 6694
*********running GCP*********
total time (wallclock): 0.032845 seconds

$ /home/daisy/GRB-Search-Pipeline/search-planning/build/sp_train /home/daisy/GRB-Search-Pipeline/results/training/maps/longlow/adapt_p11-715852394892384_a135-0_386_map.h5 /home/daisy/GRB-Search-Pipeline/search-planning/tilings/tiling_files/2.5x2.5_tiling.csv 6695 10.0 10.0 5.0 0 /home/daisy/GRB-Search-Pipeline/results/training/longlow_searching_2.5x2.5_tiling.csv
Input Parameters:
  file        = /home/daisy/GRB-Search-Pipeline/results/training/maps/longlow/adapt_p11-715852394892384_a135-0_386_map.h5
  source_tile = 6695
  slew_rate   = 10
  dwell_time  = 5
  output      = /home/daisy/GRB-Search-Pipeline/results/training/longlow_searching_2.5x2.5_tiling.csv

source = [78.2841, 135], n_src_events = 326, n_bkg_events = 624
Loaded 252 entries (unique=252, duplicates=0, missing=48900, out_of_bounds=0, non-finite=0)
Sum(prob) over finite entries = 0.999998
init sum: 0.999998
num pixels: 49152
tile num: 6781
total tile prob: 0.999998
tiles with prob > 0: 46
total tile prob after trim: 0.999998
num tiles after trim: 46
init_pos: 6519
*********running GCP*********
total time (wallclock): 0.0326044 seconds

$ /home/daisy/GRB-Search-Pipeline/search-planning/build/sp_train /home/daisy/GRB-Search-Pipeline/results/training/maps/longlow/adapt_p11-715852394892384_a135-0_387_map.h5 /home/daisy/GRB-Search-Pipeline/search-planning/tilings/tiling_files/2.5x2.5_tiling.csv 6695 10.0 10.0 5.0 0 /home/daisy/GRB-Search-Pipeline/results/training/longlow_searching_2.5x2.5_tiling.csv
Input Parameters:
  file        = /home/daisy/GRB-Search-Pipeline/results/training/maps/longlow/adapt_p11-715852394892384_a135-0_387_map.h5
  source_tile = 6695
  slew_rate   = 10
  dwell_time  = 5
  output      = /home/daisy/GRB-Search-Pipeline/results/training/longlow_searching_2.5x2.5_tiling.csv

source = [78.2841, 135], n_src_events = 306, n_bkg_events = 508
Loaded 258 entries (unique=258, duplicates=0, missing=48894, out_of_bounds=0, non-finite=0)
Sum(prob) over finite entries = 0.999999
init sum: 0.999999
num pixels: 49152
tile num: 6781
total tile prob: 0.999999
tiles with prob > 0: 47
total tile prob after trim: 0.999999
num tiles after trim: 47
init_pos: 6517
*********running GCP*********
total time (wallclock): 0.0398092 seconds

$ /home/daisy/GRB-Search-Pipeline/search-planning/build/sp_train /home/daisy/GRB-Search-Pipeline/results/training/maps/longlow/adapt_p11-715852394892384_a135-0_388_map.h5 /home/daisy/GRB-Search-Pipeline/search-planning/tilings/tiling_files/2.5x2.5_tiling.csv 6695 10.0 10.0 5.0 0 /home/daisy/GRB-Search-Pipeline/results/training/longlow_searching_2.5x2.5_tiling.csv
Input Parameters:
  file        = /home/daisy/GRB-Search-Pipeline/results/training/maps/longlow/adapt_p11-715852394892384_a135-0_388_map.h5
  source_tile = 6695
  slew_rate   = 10
  dwell_time  = 5
  output      = /home/daisy/GRB-Search-Pipeline/results/training/longlow_searching_2.5x2.5_tiling.csv

source = [78.2841, 135], n_src_events = 109, n_bkg_events = 643
Loaded 597 entries (unique=597, duplicates=0, missing=48555, out_of_bounds=0, non-finite=0)
Sum(prob) over finite entries = 0.999999
init sum: 0.999999
num pixels: 49152
tile num: 6781
total tile prob: 0.999999
tiles with prob > 0: 112
total tile prob after trim: 0.999999
num tiles after trim: 112
init_pos: 6764
*********running GCP*********
total time (wallclock): 0.0336337 seconds

$ /home/daisy/GRB-Search-Pipeline/search-planning/build/sp_train /home/daisy/GRB-Search-Pipeline/results/training/maps/longlow/adapt_p11-715852394892384_a135-0_389_map.h5 /home/daisy/GRB-Search-Pipeline/search-planning/tilings/tiling_files/2.5x2.5_tiling.csv 6695 10.0 10.0 5.0 0 /home/daisy/GRB-Search-Pipeline/results/training/longlow_searching_2.5x2.5_tiling.csv
Input Parameters:
  file        = /home/daisy/GRB-Search-Pipeline/results/training/maps/longlow/adapt_p11-715852394892384_a135-0_389_map.h5
  source_tile = 6695
  slew_rate   = 10
  dwell_time  = 5
  output      = /home/daisy/GRB-Search-Pipeline/results/training/longlow_searching_2.5x2.5_tiling.csv

source = [78.2841, 135], n_src_events = 206, n_bkg_events = 729
Loaded 550 entries (unique=550, duplicates=0, missing=48602, out_of_bounds=0, non-finite=0)
Sum(prob) over finite entries = 0.999997
init sum: 0.999997
num pixels: 49152
tile num: 6781
total tile prob: 0.999997
tiles with prob > 0: 96
total tile prob after trim: 0.999997
num tiles after trim: 96
init_pos: 6514
*********running GCP*********
total time (wallclock): 0.0413948 seconds

$ /home/daisy/GRB-Search-Pipeline/search-planning/build/sp_train /home/daisy/GRB-Search-Pipeline/results/training/maps/longlow/adapt_p11-715852394892384_a135-0_38_map.h5 /home/daisy/GRB-Search-Pipeline/search-planning/tilings/tiling_files/2.5x2.5_tiling.csv 6695 10.0 10.0 5.0 0 /home/daisy/GRB-Search-Pipeline/results/training/longlow_searching_2.5x2.5_tiling.csv
Input Parameters:
  file        = /home/daisy/GRB-Search-Pipeline/results/training/maps/longlow/adapt_p11-715852394892384_a135-0_38_map.h5
  source_tile = 6695
  slew_rate   = 10
  dwell_time  = 5
  output      = /home/daisy/GRB-Search-Pipeline/results/training/longlow_searching_2.5x2.5_tiling.csv

source = [78.2841, 135], n_src_events = 737, n_bkg_events = 214
Loaded 46 entries (unique=46, duplicates=0, missing=49106, out_of_bounds=0, non-finite=0)
Sum(prob) over finite entries = 0.999998
init sum: 0.999998
num pixels: 49152
tile num: 6781
total tile prob: 0.999998
tiles with prob > 0: 11
total tile prob after trim: 0.999998
num tiles after trim: 11
init_pos: 6661
*********running GCP*********
total time (wallclock): 0.0323888 seconds

$ /home/daisy/GRB-Search-Pipeline/search-planning/build/sp_train /home/daisy/GRB-Search-Pipeline/results/training/maps/longlow/adapt_p11-715852394892384_a135-0_390_map.h5 /home/daisy/GRB-Search-Pipeline/search-planning/tilings/tiling_files/2.5x2.5_tiling.csv 6695 10.0 10.0 5.0 0 /home/daisy/GRB-Search-Pipeline/results/training/longlow_searching_2.5x2.5_tiling.csv
Input Parameters:
  file        = /home/daisy/GRB-Search-Pipeline/results/training/maps/longlow/adapt_p11-715852394892384_a135-0_390_map.h5
  source_tile = 6695
  slew_rate   = 10
  dwell_time  = 5
  output      = /home/daisy/GRB-Search-Pipeline/results/training/longlow_searching_2.5x2.5_tiling.csv

source = [78.2841, 135], n_src_events = 83, n_bkg_events = 671
Loaded 3023 entries (unique=3023, duplicates=0, missing=46129, out_of_bounds=0, non-finite=0)
Sum(prob) over finite entries = 0.99999
init sum: 0.99999
num pixels: 49152
tile num: 6781
total tile prob: 0.99999
tiles with prob > 0: 485
total tile prob after trim: 0.99999
num tiles after trim: 485
init_pos: 6071
*********running GCP*********
total time (wallclock): 0.0712861 seconds

$ /home/daisy/GRB-Search-Pipeline/search-planning/build/sp_train /home/daisy/GRB-Search-Pipeline/results/training/maps/longlow/adapt_p11-715852394892384_a135-0_391_map.h5 /home/daisy/GRB-Search-Pipeline/search-planning/tilings/tiling_files/2.5x2.5_tiling.csv 6695 10.0 10.0 5.0 0 /home/daisy/GRB-Search-Pipeline/results/training/longlow_searching_2.5x2.5_tiling.csv
Input Parameters:
  file        = /home/daisy/GRB-Search-Pipeline/results/training/maps/longlow/adapt_p11-715852394892384_a135-0_391_map.h5
  source_tile = 6695
  slew_rate   = 10
  dwell_time  = 5
  output      = /home/daisy/GRB-Search-Pipeline/results/training/longlow_searching_2.5x2.5_tiling.csv

source = [78.2841, 135], n_src_events = 595, n_bkg_events = 246
Loaded 67 entries (unique=67, duplicates=0, missing=49085, out_of_bounds=0, non-finite=0)
Sum(prob) over finite entries = 0.999999
init sum: 0.999999
num pixels: 49152
tile num: 6781
total tile prob: 0.999999
tiles with prob > 0: 17
total tile prob after trim: 0.999999
num tiles after trim: 17
init_pos: 6694
*********running GCP*********
total time (wallclock): 0.0318703 seconds

$ /home/daisy/GRB-Search-Pipeline/search-planning/build/sp_train /home/daisy/GRB-Search-Pipeline/results/training/maps/longlow/adapt_p11-715852394892384_a135-0_392_map.h5 /home/daisy/GRB-Search-Pipeline/search-planning/tilings/tiling_files/2.5x2.5_tiling.csv 6695 10.0 10.0 5.0 0 /home/daisy/GRB-Search-Pipeline/results/training/longlow_searching_2.5x2.5_tiling.csv
Input Parameters:
  file        = /home/daisy/GRB-Search-Pipeline/results/training/maps/longlow/adapt_p11-715852394892384_a135-0_392_map.h5
  source_tile = 6695
  slew_rate   = 10
  dwell_time  = 5
  output      = /home/daisy/GRB-Search-Pipeline/results/training/longlow_searching_2.5x2.5_tiling.csv

source = [78.2841, 135], n_src_events = 387, n_bkg_events = 583
Loaded 204 entries (unique=204, duplicates=0, missing=48948, out_of_bounds=0, non-finite=0)
Sum(prob) over finite entries = 0.999997
init sum: 0.999997
num pixels: 49152
tile num: 6781
total tile prob: 0.999997
tiles with prob > 0: 44
total tile prob after trim: 0.999997
num tiles after trim: 44
init_pos: 6698
*********running GCP*********
total time (wallclock): 0.0380569 seconds

$ /home/daisy/GRB-Search-Pipeline/search-planning/build/sp_train /home/daisy/GRB-Search-Pipeline/results/training/maps/longlow/adapt_p11-715852394892384_a135-0_393_map.h5 /home/daisy/GRB-Search-Pipeline/search-planning/tilings/tiling_files/2.5x2.5_tiling.csv 6695 10.0 10.0 5.0 0 /home/daisy/GRB-Search-Pipeline/results/training/longlow_searching_2.5x2.5_tiling.csv
Input Parameters:
  file        = /home/daisy/GRB-Search-Pipeline/results/training/maps/longlow/adapt_p11-715852394892384_a135-0_393_map.h5
  source_tile = 6695
  slew_rate   = 10
  dwell_time  = 5
  output      = /home/daisy/GRB-Search-Pipeline/results/training/longlow_searching_2.5x2.5_tiling.csv

source = [78.2841, 135], n_src_events = 735, n_bkg_events = 312
Loaded 47 entries (unique=47, duplicates=0, missing=49105, out_of_bounds=0, non-finite=0)
Sum(prob) over finite entries = 0.999999
init sum: 0.999999
num pixels: 49152
tile num: 6781
total tile prob: 0.999999
tiles with prob > 0: 11
total tile prob after trim: 0.999999
num tiles after trim: 11
init_pos: 6619
*********running GCP*********
total time (wallclock): 0.0330771 seconds

$ /home/daisy/GRB-Search-Pipeline/search-planning/build/sp_train /home/daisy/GRB-Search-Pipeline/results/training/maps/longlow/adapt_p11-715852394892384_a135-0_394_map.h5 /home/daisy/GRB-Search-Pipeline/search-planning/tilings/tiling_files/2.5x2.5_tiling.csv 6695 10.0 10.0 5.0 0 /home/daisy/GRB-Search-Pipeline/results/training/longlow_searching_2.5x2.5_tiling.csv
Input Parameters:
  file        = /home/daisy/GRB-Search-Pipeline/results/training/maps/longlow/adapt_p11-715852394892384_a135-0_394_map.h5
  source_tile = 6695
  slew_rate   = 10
  dwell_time  = 5
  output      = /home/daisy/GRB-Search-Pipeline/results/training/longlow_searching_2.5x2.5_tiling.csv

source = [78.2841, 135], n_src_events = 173, n_bkg_events = 642
Loaded 787 entries (unique=787, duplicates=0, missing=48365, out_of_bounds=0, non-finite=0)
Sum(prob) over finite entries = 0.999998
init sum: 0.999998
num pixels: 49152
tile num: 6781
total tile prob: 0.999998
tiles with prob > 0: 133
total tile prob after trim: 0.999998
num tiles after trim: 133
init_pos: 6614
*********running GCP*********
total time (wallclock): 0.0337949 seconds

$ /home/daisy/GRB-Search-Pipeline/search-planning/build/sp_train /home/daisy/GRB-Search-Pipeline/results/training/maps/longlow/adapt_p11-715852394892384_a135-0_395_map.h5 /home/daisy/GRB-Search-Pipeline/search-planning/tilings/tiling_files/2.5x2.5_tiling.csv 6695 10.0 10.0 5.0 0 /home/daisy/GRB-Search-Pipeline/results/training/longlow_searching_2.5x2.5_tiling.csv
Input Parameters:
  file        = /home/daisy/GRB-Search-Pipeline/results/training/maps/longlow/adapt_p11-715852394892384_a135-0_395_map.h5
  source_tile = 6695
  slew_rate   = 10
  dwell_time  = 5
  output      = /home/daisy/GRB-Search-Pipeline/results/training/longlow_searching_2.5x2.5_tiling.csv

source = [78.2841, 135], n_src_events = 194, n_bkg_events = 325
Loaded 279 entries (unique=279, duplicates=0, missing=48873, out_of_bounds=0, non-finite=0)
Sum(prob) over finite entries = 0.999999
init sum: 0.999999
num pixels: 49152
tile num: 6781
total tile prob: 0.999999
tiles with prob > 0: 51
total tile prob after trim: 0.999999
num tiles after trim: 51
init_pos: 6616
*********running GCP*********
total time (wallclock): 0.0345602 seconds

$ /home/daisy/GRB-Search-Pipeline/search-planning/build/sp_train /home/daisy/GRB-Search-Pipeline/results/training/maps/longlow/adapt_p11-715852394892384_a135-0_396_map.h5 /home/daisy/GRB-Search-Pipeline/search-planning/tilings/tiling_files/2.5x2.5_tiling.csv 6695 10.0 10.0 5.0 0 /home/daisy/GRB-Search-Pipeline/results/training/longlow_searching_2.5x2.5_tiling.csv
Input Parameters:
  file        = /home/daisy/GRB-Search-Pipeline/results/training/maps/longlow/adapt_p11-715852394892384_a135-0_396_map.h5
  source_tile = 6695
  slew_rate   = 10
  dwell_time  = 5
  output      = /home/daisy/GRB-Search-Pipeline/results/training/longlow_searching_2.5x2.5_tiling.csv

source = [78.2841, 135], n_src_events = 788, n_bkg_events = 593
Loaded 45 entries (unique=45, duplicates=0, missing=49107, out_of_bounds=0, non-finite=0)
Sum(prob) over finite entries = 0.999999
init sum: 0.999999
num pixels: 49152
tile num: 6781
total tile prob: 0.999999
tiles with prob > 0: 13
total tile prob after trim: 0.999999
num tiles after trim: 13
init_pos: 6619
*********running GCP*********
total time (wallclock): 0.0326018 seconds

$ /home/daisy/GRB-Search-Pipeline/search-planning/build/sp_train /home/daisy/GRB-Search-Pipeline/results/training/maps/longlow/adapt_p11-715852394892384_a135-0_397_map.h5 /home/daisy/GRB-Search-Pipeline/search-planning/tilings/tiling_files/2.5x2.5_tiling.csv 6695 10.0 10.0 5.0 0 /home/daisy/GRB-Search-Pipeline/results/training/longlow_searching_2.5x2.5_tiling.csv
Input Parameters:
  file        = /home/daisy/GRB-Search-Pipeline/results/training/maps/longlow/adapt_p11-715852394892384_a135-0_397_map.h5
  source_tile = 6695
  slew_rate   = 10
  dwell_time  = 5
  output      = /home/daisy/GRB-Search-Pipeline/results/training/longlow_searching_2.5x2.5_tiling.csv

source = [78.2841, 135], n_src_events = 402, n_bkg_events = 596
Loaded 127 entries (unique=127, duplicates=0, missing=49025, out_of_bounds=0, non-finite=0)
Sum(prob) over finite entries = 0.999999
init sum: 0.999999
num pixels: 49152
tile num: 6781
total tile prob: 0.999999
tiles with prob > 0: 26
total tile prob after trim: 0.999999
num tiles after trim: 26
init_pos: 6694
*********running GCP*********
total time (wallclock): 0.0334896 seconds

$ /home/daisy/GRB-Search-Pipeline/search-planning/build/sp_train /home/daisy/GRB-Search-Pipeline/results/training/maps/longlow/adapt_p11-715852394892384_a135-0_398_map.h5 /home/daisy/GRB-Search-Pipeline/search-planning/tilings/tiling_files/2.5x2.5_tiling.csv 6695 10.0 10.0 5.0 0 /home/daisy/GRB-Search-Pipeline/results/training/longlow_searching_2.5x2.5_tiling.csv
Input Parameters:
  file        = /home/daisy/GRB-Search-Pipeline/results/training/maps/longlow/adapt_p11-715852394892384_a135-0_398_map.h5
  source_tile = 6695
  slew_rate   = 10
  dwell_time  = 5
  output      = /home/daisy/GRB-Search-Pipeline/results/training/longlow_searching_2.5x2.5_tiling.csv

source = [78.2841, 135], n_src_events = 349, n_bkg_events = 914
Loaded 230 entries (unique=230, duplicates=0, missing=48922, out_of_bounds=0, non-finite=0)
Sum(prob) over finite entries = 0.999998
init sum: 0.999998
num pixels: 49152
tile num: 6781
total tile prob: 0.999998
tiles with prob > 0: 43
total tile prob after trim: 0.999998
num tiles after trim: 43
init_pos: 6622
*********running GCP*********
total time (wallclock): 0.0506403 seconds

$ /home/daisy/GRB-Search-Pipeline/search-planning/build/sp_train /home/daisy/GRB-Search-Pipeline/results/training/maps/longlow/adapt_p11-715852394892384_a135-0_399_map.h5 /home/daisy/GRB-Search-Pipeline/search-planning/tilings/tiling_files/2.5x2.5_tiling.csv 6695 10.0 10.0 5.0 0 /home/daisy/GRB-Search-Pipeline/results/training/longlow_searching_2.5x2.5_tiling.csv
Input Parameters:
  file        = /home/daisy/GRB-Search-Pipeline/results/training/maps/longlow/adapt_p11-715852394892384_a135-0_399_map.h5
  source_tile = 6695
  slew_rate   = 10
  dwell_time  = 5
  output      = /home/daisy/GRB-Search-Pipeline/results/training/longlow_searching_2.5x2.5_tiling.csv

source = [78.2841, 135], n_src_events = 89, n_bkg_events = 735
Loaded 1570 entries (unique=1570, duplicates=0, missing=47582, out_of_bounds=0, non-finite=0)
Sum(prob) over finite entries = 0.999997
init sum: 0.999997
num pixels: 49152
tile num: 6781
total tile prob: 0.999997
tiles with prob > 0: 253
total tile prob after trim: 0.999997
num tiles after trim: 253
init_pos: 6248
*********running GCP*********
total time (wallclock): 0.123666 seconds

$ /home/daisy/GRB-Search-Pipeline/search-planning/build/sp_train /home/daisy/GRB-Search-Pipeline/results/training/maps/longlow/adapt_p11-715852394892384_a135-0_39_map.h5 /home/daisy/GRB-Search-Pipeline/search-planning/tilings/tiling_files/2.5x2.5_tiling.csv 6695 10.0 10.0 5.0 0 /home/daisy/GRB-Search-Pipeline/results/training/longlow_searching_2.5x2.5_tiling.csv
Input Parameters:
  file        = /home/daisy/GRB-Search-Pipeline/results/training/maps/longlow/adapt_p11-715852394892384_a135-0_39_map.h5
  source_tile = 6695
  slew_rate   = 10
  dwell_time  = 5
  output      = /home/daisy/GRB-Search-Pipeline/results/training/longlow_searching_2.5x2.5_tiling.csv

source = [78.2841, 135], n_src_events = 758, n_bkg_events = 573
Loaded 61 entries (unique=61, duplicates=0, missing=49091, out_of_bounds=0, non-finite=0)
Sum(prob) over finite entries = 0.999999
init sum: 0.999999
num pixels: 49152
tile num: 6781
total tile prob: 0.999999
tiles with prob > 0: 15
total tile prob after trim: 0.999999
num tiles after trim: 15
init_pos: 6695
*********running GCP*********
total time (wallclock): 0.0311266 seconds

$ /home/daisy/GRB-Search-Pipeline/search-planning/build/sp_train /home/daisy/GRB-Search-Pipeline/results/training/maps/longlow/adapt_p11-715852394892384_a135-0_3_map.h5 /home/daisy/GRB-Search-Pipeline/search-planning/tilings/tiling_files/2.5x2.5_tiling.csv 6695 10.0 10.0 5.0 0 /home/daisy/GRB-Search-Pipeline/results/training/longlow_searching_2.5x2.5_tiling.csv
Input Parameters:
  file        = /home/daisy/GRB-Search-Pipeline/results/training/maps/longlow/adapt_p11-715852394892384_a135-0_3_map.h5
  source_tile = 6695
  slew_rate   = 10
  dwell_time  = 5
  output      = /home/daisy/GRB-Search-Pipeline/results/training/longlow_searching_2.5x2.5_tiling.csv

source = [78.2841, 135], n_src_events = 731, n_bkg_events = 731
Loaded 54 entries (unique=54, duplicates=0, missing=49098, out_of_bounds=0, non-finite=0)
Sum(prob) over finite entries = 0.999999
init sum: 0.999999
num pixels: 49152
tile num: 6781
total tile prob: 0.999999
tiles with prob > 0: 12
total tile prob after trim: 0.999999
num tiles after trim: 12
init_pos: 6619
*********running GCP*********
total time (wallclock): 0.0322773 seconds

$ /home/daisy/GRB-Search-Pipeline/search-planning/build/sp_train /home/daisy/GRB-Search-Pipeline/results/training/maps/longlow/adapt_p11-715852394892384_a135-0_400_map.h5 /home/daisy/GRB-Search-Pipeline/search-planning/tilings/tiling_files/2.5x2.5_tiling.csv 6695 10.0 10.0 5.0 0 /home/daisy/GRB-Search-Pipeline/results/training/longlow_searching_2.5x2.5_tiling.csv
Input Parameters:
  file        = /home/daisy/GRB-Search-Pipeline/results/training/maps/longlow/adapt_p11-715852394892384_a135-0_400_map.h5
  source_tile = 6695
  slew_rate   = 10
  dwell_time  = 5
  output      = /home/daisy/GRB-Search-Pipeline/results/training/longlow_searching_2.5x2.5_tiling.csv

source = [78.2841, 135], n_src_events = 599, n_bkg_events = 631
Loaded 63 entries (unique=63, duplicates=0, missing=49089, out_of_bounds=0, non-finite=0)
Sum(prob) over finite entries = 0.999998
init sum: 0.999998
num pixels: 49152
tile num: 6781
total tile prob: 0.999998
tiles with prob > 0: 14
total tile prob after trim: 0.999998
num tiles after trim: 14
init_pos: 6617
*********running GCP*********
total time (wallclock): 0.0341636 seconds

$ /home/daisy/GRB-Search-Pipeline/search-planning/build/sp_train /home/daisy/GRB-Search-Pipeline/results/training/maps/longlow/adapt_p11-715852394892384_a135-0_401_map.h5 /home/daisy/GRB-Search-Pipeline/search-planning/tilings/tiling_files/2.5x2.5_tiling.csv 6695 10.0 10.0 5.0 0 /home/daisy/GRB-Search-Pipeline/results/training/longlow_searching_2.5x2.5_tiling.csv
Input Parameters:
  file        = /home/daisy/GRB-Search-Pipeline/results/training/maps/longlow/adapt_p11-715852394892384_a135-0_401_map.h5
  source_tile = 6695
  slew_rate   = 10
  dwell_time  = 5
  output      = /home/daisy/GRB-Search-Pipeline/results/training/longlow_searching_2.5x2.5_tiling.csv

source = [78.2841, 135], n_src_events = 799, n_bkg_events = 601
Loaded 47 entries (unique=47, duplicates=0, missing=49105, out_of_bounds=0, non-finite=0)
Sum(prob) over finite entries = 0.999998
init sum: 0.999998
num pixels: 49152
tile num: 6781
total tile prob: 0.999998
tiles with prob > 0: 12
total tile prob after trim: 0.999998
num tiles after trim: 12
init_pos: 6619
*********running GCP*********
total time (wallclock): 0.0335128 seconds

$ /home/daisy/GRB-Search-Pipeline/search-planning/build/sp_train /home/daisy/GRB-Search-Pipeline/results/training/maps/longlow/adapt_p11-715852394892384_a135-0_402_map.h5 /home/daisy/GRB-Search-Pipeline/search-planning/tilings/tiling_files/2.5x2.5_tiling.csv 6695 10.0 10.0 5.0 0 /home/daisy/GRB-Search-Pipeline/results/training/longlow_searching_2.5x2.5_tiling.csv
Input Parameters:
  file        = /home/daisy/GRB-Search-Pipeline/results/training/maps/longlow/adapt_p11-715852394892384_a135-0_402_map.h5
  source_tile = 6695
  slew_rate   = 10
  dwell_time  = 5
  output      = /home/daisy/GRB-Search-Pipeline/results/training/longlow_searching_2.5x2.5_tiling.csv

source = [78.2841, 135], n_src_events = 580, n_bkg_events = 1033
Loaded 118 entries (unique=118, duplicates=0, missing=49034, out_of_bounds=0, non-finite=0)
Sum(prob) over finite entries = 0.999999
init sum: 0.999999
num pixels: 49152
tile num: 6781
total tile prob: 0.999999
tiles with prob > 0: 27
total tile prob after trim: 0.999999
num tiles after trim: 27
init_pos: 6662
*********running GCP*********
total time (wallclock): 0.0323874 seconds

$ /home/daisy/GRB-Search-Pipeline/search-planning/build/sp_train /home/daisy/GRB-Search-Pipeline/results/training/maps/longlow/adapt_p11-715852394892384_a135-0_403_map.h5 /home/daisy/GRB-Search-Pipeline/search-planning/tilings/tiling_files/2.5x2.5_tiling.csv 6695 10.0 10.0 5.0 0 /home/daisy/GRB-Search-Pipeline/results/training/longlow_searching_2.5x2.5_tiling.csv
Input Parameters:
  file        = /home/daisy/GRB-Search-Pipeline/results/training/maps/longlow/adapt_p11-715852394892384_a135-0_403_map.h5
  source_tile = 6695
  slew_rate   = 10
  dwell_time  = 5
  output      = /home/daisy/GRB-Search-Pipeline/results/training/longlow_searching_2.5x2.5_tiling.csv

source = [78.2841, 135], n_src_events = 840, n_bkg_events = 944
Loaded 52 entries (unique=52, duplicates=0, missing=49100, out_of_bounds=0, non-finite=0)
Sum(prob) over finite entries = 0.999999
init sum: 0.999999
num pixels: 49152
tile num: 6781
total tile prob: 0.999999
tiles with prob > 0: 13
total tile prob after trim: 0.999999
num tiles after trim: 13
init_pos: 6620
*********running GCP*********
total time (wallclock): 0.0335195 seconds

$ /home/daisy/GRB-Search-Pipeline/search-planning/build/sp_train /home/daisy/GRB-Search-Pipeline/results/training/maps/longlow/adapt_p11-715852394892384_a135-0_404_map.h5 /home/daisy/GRB-Search-Pipeline/search-planning/tilings/tiling_files/2.5x2.5_tiling.csv 6695 10.0 10.0 5.0 0 /home/daisy/GRB-Search-Pipeline/results/training/longlow_searching_2.5x2.5_tiling.csv
Input Parameters:
  file        = /home/daisy/GRB-Search-Pipeline/results/training/maps/longlow/adapt_p11-715852394892384_a135-0_404_map.h5
  source_tile = 6695
  slew_rate   = 10
  dwell_time  = 5
  output      = /home/daisy/GRB-Search-Pipeline/results/training/longlow_searching_2.5x2.5_tiling.csv

source = [78.2841, 135], n_src_events = 407, n_bkg_events = 512
Loaded 104 entries (unique=104, duplicates=0, missing=49048, out_of_bounds=0, non-finite=0)
Sum(prob) over finite entries = 0.999999
init sum: 0.999999
num pixels: 49152
tile num: 6781
total tile prob: 0.999999
tiles with prob > 0: 22
total tile prob after trim: 0.999999
num tiles after trim: 22
init_pos: 6658
*********running GCP*********
total time (wallclock): 0.0344487 seconds

$ /home/daisy/GRB-Search-Pipeline/search-planning/build/sp_train /home/daisy/GRB-Search-Pipeline/results/training/maps/longlow/adapt_p11-715852394892384_a135-0_405_map.h5 /home/daisy/GRB-Search-Pipeline/search-planning/tilings/tiling_files/2.5x2.5_tiling.csv 6695 10.0 10.0 5.0 0 /home/daisy/GRB-Search-Pipeline/results/training/longlow_searching_2.5x2.5_tiling.csv
Input Parameters:
  file        = /home/daisy/GRB-Search-Pipeline/results/training/maps/longlow/adapt_p11-715852394892384_a135-0_405_map.h5
  source_tile = 6695
  slew_rate   = 10
  dwell_time  = 5
  output      = /home/daisy/GRB-Search-Pipeline/results/training/longlow_searching_2.5x2.5_tiling.csv

source = [78.2841, 135], n_src_events = 619, n_bkg_events = 965
Loaded 89 entries (unique=89, duplicates=0, missing=49063, out_of_bounds=0, non-finite=0)
Sum(prob) over finite entries = 0.999999
init sum: 0.999999
num pixels: 49152
tile num: 6781
total tile prob: 0.999999
tiles with prob > 0: 19
total tile prob after trim: 0.999999
num tiles after trim: 19
init_pos: 6618
*********running GCP*********
total time (wallclock): 0.0324822 seconds

$ /home/daisy/GRB-Search-Pipeline/search-planning/build/sp_train /home/daisy/GRB-Search-Pipeline/results/training/maps/longlow/adapt_p11-715852394892384_a135-0_406_map.h5 /home/daisy/GRB-Search-Pipeline/search-planning/tilings/tiling_files/2.5x2.5_tiling.csv 6695 10.0 10.0 5.0 0 /home/daisy/GRB-Search-Pipeline/results/training/longlow_searching_2.5x2.5_tiling.csv
Input Parameters:
  file        = /home/daisy/GRB-Search-Pipeline/results/training/maps/longlow/adapt_p11-715852394892384_a135-0_406_map.h5
  source_tile = 6695
  slew_rate   = 10
  dwell_time  = 5
  output      = /home/daisy/GRB-Search-Pipeline/results/training/longlow_searching_2.5x2.5_tiling.csv

source = [78.2841, 135], n_src_events = 304, n_bkg_events = 976
Loaded 229 entries (unique=229, duplicates=0, missing=48923, out_of_bounds=0, non-finite=0)
Sum(prob) over finite entries = 0.999999
init sum: 0.999999
num pixels: 49152
tile num: 6781
total tile prob: 0.999999
tiles with prob > 0: 44
total tile prob after trim: 0.999999
num tiles after trim: 44
init_pos: 6659
*********running GCP*********
total time (wallclock): 0.0324603 seconds

$ /home/daisy/GRB-Search-Pipeline/search-planning/build/sp_train /home/daisy/GRB-Search-Pipeline/results/training/maps/longlow/adapt_p11-715852394892384_a135-0_407_map.h5 /home/daisy/GRB-Search-Pipeline/search-planning/tilings/tiling_files/2.5x2.5_tiling.csv 6695 10.0 10.0 5.0 0 /home/daisy/GRB-Search-Pipeline/results/training/longlow_searching_2.5x2.5_tiling.csv
Input Parameters:
  file        = /home/daisy/GRB-Search-Pipeline/results/training/maps/longlow/adapt_p11-715852394892384_a135-0_407_map.h5
  source_tile = 6695
  slew_rate   = 10
  dwell_time  = 5
  output      = /home/daisy/GRB-Search-Pipeline/results/training/longlow_searching_2.5x2.5_tiling.csv

source = [78.2841, 135], n_src_events = 688, n_bkg_events = 813
Loaded 64 entries (unique=64, duplicates=0, missing=49088, out_of_bounds=0, non-finite=0)
Sum(prob) over finite entries = 0.999998
init sum: 0.999998
num pixels: 49152
tile num: 6781
total tile prob: 0.999998
tiles with prob > 0: 14
total tile prob after trim: 0.999998
num tiles after trim: 14
init_pos: 6662
*********running GCP*********
total time (wallclock): 0.0336857 seconds

$ /home/daisy/GRB-Search-Pipeline/search-planning/build/sp_train /home/daisy/GRB-Search-Pipeline/results/training/maps/longlow/adapt_p11-715852394892384_a135-0_408_map.h5 /home/daisy/GRB-Search-Pipeline/search-planning/tilings/tiling_files/2.5x2.5_tiling.csv 6695 10.0 10.0 5.0 0 /home/daisy/GRB-Search-Pipeline/results/training/longlow_searching_2.5x2.5_tiling.csv
Input Parameters:
  file        = /home/daisy/GRB-Search-Pipeline/results/training/maps/longlow/adapt_p11-715852394892384_a135-0_408_map.h5
  source_tile = 6695
  slew_rate   = 10
  dwell_time  = 5
  output      = /home/daisy/GRB-Search-Pipeline/results/training/longlow_searching_2.5x2.5_tiling.csv

source = [78.2841, 135], n_src_events = 246, n_bkg_events = 257
Loaded 180 entries (unique=180, duplicates=0, missing=48972, out_of_bounds=0, non-finite=0)
Sum(prob) over finite entries = 0.999999
init sum: 0.999999
num pixels: 49152
tile num: 6781
total tile prob: 0.999999
tiles with prob > 0: 35
total tile prob after trim: 0.999999
num tiles after trim: 35
init_pos: 6617
*********running GCP*********
total time (wallclock): 0.0321192 seconds

$ /home/daisy/GRB-Search-Pipeline/search-planning/build/sp_train /home/daisy/GRB-Search-Pipeline/results/training/maps/longlow/adapt_p11-715852394892384_a135-0_409_map.h5 /home/daisy/GRB-Search-Pipeline/search-planning/tilings/tiling_files/2.5x2.5_tiling.csv 6695 10.0 10.0 5.0 0 /home/daisy/GRB-Search-Pipeline/results/training/longlow_searching_2.5x2.5_tiling.csv
Input Parameters:
  file        = /home/daisy/GRB-Search-Pipeline/results/training/maps/longlow/adapt_p11-715852394892384_a135-0_409_map.h5
  source_tile = 6695
  slew_rate   = 10
  dwell_time  = 5
  output      = /home/daisy/GRB-Search-Pipeline/results/training/longlow_searching_2.5x2.5_tiling.csv

source = [78.2841, 135], n_src_events = 567, n_bkg_events = 656
Loaded 88 entries (unique=88, duplicates=0, missing=49064, out_of_bounds=0, non-finite=0)
Sum(prob) over finite entries = 0.999998
init sum: 0.999998
num pixels: 49152
tile num: 6781
total tile prob: 0.999998
tiles with prob > 0: 19
total tile prob after trim: 0.999998
num tiles after trim: 19
init_pos: 6662
*********running GCP*********
total time (wallclock): 0.0326667 seconds

$ /home/daisy/GRB-Search-Pipeline/search-planning/build/sp_train /home/daisy/GRB-Search-Pipeline/results/training/maps/longlow/adapt_p11-715852394892384_a135-0_40_map.h5 /home/daisy/GRB-Search-Pipeline/search-planning/tilings/tiling_files/2.5x2.5_tiling.csv 6695 10.0 10.0 5.0 0 /home/daisy/GRB-Search-Pipeline/results/training/longlow_searching_2.5x2.5_tiling.csv
Input Parameters:
  file        = /home/daisy/GRB-Search-Pipeline/results/training/maps/longlow/adapt_p11-715852394892384_a135-0_40_map.h5
  source_tile = 6695
  slew_rate   = 10
  dwell_time  = 5
  output      = /home/daisy/GRB-Search-Pipeline/results/training/longlow_searching_2.5x2.5_tiling.csv

source = [78.2841, 135], n_src_events = 367, n_bkg_events = 525
Loaded 118 entries (unique=118, duplicates=0, missing=49034, out_of_bounds=0, non-finite=0)
Sum(prob) over finite entries = 0.999999
init sum: 0.999999
num pixels: 49152
tile num: 6781
total tile prob: 0.999999
tiles with prob > 0: 23
total tile prob after trim: 0.999999
num tiles after trim: 23
init_pos: 6658
*********running GCP*********
total time (wallclock): 0.0321525 seconds

$ /home/daisy/GRB-Search-Pipeline/search-planning/build/sp_train /home/daisy/GRB-Search-Pipeline/results/training/maps/longlow/adapt_p11-715852394892384_a135-0_410_map.h5 /home/daisy/GRB-Search-Pipeline/search-planning/tilings/tiling_files/2.5x2.5_tiling.csv 6695 10.0 10.0 5.0 0 /home/daisy/GRB-Search-Pipeline/results/training/longlow_searching_2.5x2.5_tiling.csv
Input Parameters:
  file        = /home/daisy/GRB-Search-Pipeline/results/training/maps/longlow/adapt_p11-715852394892384_a135-0_410_map.h5
  source_tile = 6695
  slew_rate   = 10
  dwell_time  = 5
  output      = /home/daisy/GRB-Search-Pipeline/results/training/longlow_searching_2.5x2.5_tiling.csv

source = [78.2841, 135], n_src_events = 348, n_bkg_events = 685
Loaded 162 entries (unique=162, duplicates=0, missing=48990, out_of_bounds=0, non-finite=0)
Sum(prob) over finite entries = 0.999999
init sum: 0.999999
num pixels: 49152
tile num: 6781
total tile prob: 0.999999
tiles with prob > 0: 31
total tile prob after trim: 0.999999
num tiles after trim: 31
init_pos: 6617
*********running GCP*********
total time (wallclock): 0.0318821 seconds

$ /home/daisy/GRB-Search-Pipeline/search-planning/build/sp_train /home/daisy/GRB-Search-Pipeline/results/training/maps/longlow/adapt_p11-715852394892384_a135-0_411_map.h5 /home/daisy/GRB-Search-Pipeline/search-planning/tilings/tiling_files/2.5x2.5_tiling.csv 6695 10.0 10.0 5.0 0 /home/daisy/GRB-Search-Pipeline/results/training/longlow_searching_2.5x2.5_tiling.csv
Input Parameters:
  file        = /home/daisy/GRB-Search-Pipeline/results/training/maps/longlow/adapt_p11-715852394892384_a135-0_411_map.h5
  source_tile = 6695
  slew_rate   = 10
  dwell_time  = 5
  output      = /home/daisy/GRB-Search-Pipeline/results/training/longlow_searching_2.5x2.5_tiling.csv

source = [78.2841, 135], n_src_events = 650, n_bkg_events = 794
Loaded 68 entries (unique=68, duplicates=0, missing=49084, out_of_bounds=0, non-finite=0)
Sum(prob) over finite entries = 0.999998
init sum: 0.999998
num pixels: 49152
tile num: 6781
total tile prob: 0.999998
tiles with prob > 0: 17
total tile prob after trim: 0.999998
num tiles after trim: 17
init_pos: 6619
*********running GCP*********
total time (wallclock): 0.033266 seconds

$ /home/daisy/GRB-Search-Pipeline/search-planning/build/sp_train /home/daisy/GRB-Search-Pipeline/results/training/maps/longlow/adapt_p11-715852394892384_a135-0_412_map.h5 /home/daisy/GRB-Search-Pipeline/search-planning/tilings/tiling_files/2.5x2.5_tiling.csv 6695 10.0 10.0 5.0 0 /home/daisy/GRB-Search-Pipeline/results/training/longlow_searching_2.5x2.5_tiling.csv
Input Parameters:
  file        = /home/daisy/GRB-Search-Pipeline/results/training/maps/longlow/adapt_p11-715852394892384_a135-0_412_map.h5
  source_tile = 6695
  slew_rate   = 10
  dwell_time  = 5
  output      = /home/daisy/GRB-Search-Pipeline/results/training/longlow_searching_2.5x2.5_tiling.csv

source = [78.2841, 135], n_src_events = 799, n_bkg_events = 325
Loaded 50 entries (unique=50, duplicates=0, missing=49102, out_of_bounds=0, non-finite=0)
Sum(prob) over finite entries = 0.999999
init sum: 0.999999
num pixels: 49152
tile num: 6781
total tile prob: 0.999999
tiles with prob > 0: 12
total tile prob after trim: 0.999999
num tiles after trim: 12
init_pos: 6695
*********running GCP*********
total time (wallclock): 0.0315229 seconds

$ /home/daisy/GRB-Search-Pipeline/search-planning/build/sp_train /home/daisy/GRB-Search-Pipeline/results/training/maps/longlow/adapt_p11-715852394892384_a135-0_413_map.h5 /home/daisy/GRB-Search-Pipeline/search-planning/tilings/tiling_files/2.5x2.5_tiling.csv 6695 10.0 10.0 5.0 0 /home/daisy/GRB-Search-Pipeline/results/training/longlow_searching_2.5x2.5_tiling.csv
Input Parameters:
  file        = /home/daisy/GRB-Search-Pipeline/results/training/maps/longlow/adapt_p11-715852394892384_a135-0_413_map.h5
  source_tile = 6695
  slew_rate   = 10
  dwell_time  = 5
  output      = /home/daisy/GRB-Search-Pipeline/results/training/longlow_searching_2.5x2.5_tiling.csv

source = [78.2841, 135], n_src_events = 240, n_bkg_events = 830
Loaded 307 entries (unique=307, duplicates=0, missing=48845, out_of_bounds=0, non-finite=0)
Sum(prob) over finite entries = 0.999998
init sum: 0.999998
num pixels: 49152
tile num: 6781
total tile prob: 0.999998
tiles with prob > 0: 59
total tile prob after trim: 0.999998
num tiles after trim: 59
init_pos: 6694
*********running GCP*********
total time (wallclock): 0.0344259 seconds

$ /home/daisy/GRB-Search-Pipeline/search-planning/build/sp_train /home/daisy/GRB-Search-Pipeline/results/training/maps/longlow/adapt_p11-715852394892384_a135-0_414_map.h5 /home/daisy/GRB-Search-Pipeline/search-planning/tilings/tiling_files/2.5x2.5_tiling.csv 6695 10.0 10.0 5.0 0 /home/daisy/GRB-Search-Pipeline/results/training/longlow_searching_2.5x2.5_tiling.csv
Input Parameters:
  file        = /home/daisy/GRB-Search-Pipeline/results/training/maps/longlow/adapt_p11-715852394892384_a135-0_414_map.h5
  source_tile = 6695
  slew_rate   = 10
  dwell_time  = 5
  output      = /home/daisy/GRB-Search-Pipeline/results/training/longlow_searching_2.5x2.5_tiling.csv

source = [78.2841, 135], n_src_events = 823, n_bkg_events = 708
Loaded 43 entries (unique=43, duplicates=0, missing=49109, out_of_bounds=0, non-finite=0)
Sum(prob) over finite entries = 0.999999
init sum: 0.999999
num pixels: 49152
tile num: 6781
total tile prob: 0.999999
tiles with prob > 0: 11
total tile prob after trim: 0.999999
num tiles after trim: 11
init_pos: 6662
*********running GCP*********
total time (wallclock): 0.0332027 seconds

$ /home/daisy/GRB-Search-Pipeline/search-planning/build/sp_train /home/daisy/GRB-Search-Pipeline/results/training/maps/longlow/adapt_p11-715852394892384_a135-0_415_map.h5 /home/daisy/GRB-Search-Pipeline/search-planning/tilings/tiling_files/2.5x2.5_tiling.csv 6695 10.0 10.0 5.0 0 /home/daisy/GRB-Search-Pipeline/results/training/longlow_searching_2.5x2.5_tiling.csv
Input Parameters:
  file        = /home/daisy/GRB-Search-Pipeline/results/training/maps/longlow/adapt_p11-715852394892384_a135-0_415_map.h5
  source_tile = 6695
  slew_rate   = 10
  dwell_time  = 5
  output      = /home/daisy/GRB-Search-Pipeline/results/training/longlow_searching_2.5x2.5_tiling.csv

source = [78.2841, 135], n_src_events = 356, n_bkg_events = 798
Loaded 233 entries (unique=233, duplicates=0, missing=48919, out_of_bounds=0, non-finite=0)
Sum(prob) over finite entries = 0.999999
init sum: 0.999999
num pixels: 49152
tile num: 6781
total tile prob: 0.999999
tiles with prob > 0: 47
total tile prob after trim: 0.999999
num tiles after trim: 47
init_pos: 6693
*********running GCP*********
total time (wallclock): 0.0317999 seconds

$ /home/daisy/GRB-Search-Pipeline/search-planning/build/sp_train /home/daisy/GRB-Search-Pipeline/results/training/maps/longlow/adapt_p11-715852394892384_a135-0_416_map.h5 /home/daisy/GRB-Search-Pipeline/search-planning/tilings/tiling_files/2.5x2.5_tiling.csv 6695 10.0 10.0 5.0 0 /home/daisy/GRB-Search-Pipeline/results/training/longlow_searching_2.5x2.5_tiling.csv
Input Parameters:
  file        = /home/daisy/GRB-Search-Pipeline/results/training/maps/longlow/adapt_p11-715852394892384_a135-0_416_map.h5
  source_tile = 6695
  slew_rate   = 10
  dwell_time  = 5
  output      = /home/daisy/GRB-Search-Pipeline/results/training/longlow_searching_2.5x2.5_tiling.csv

source = [78.2841, 135], n_src_events = 529, n_bkg_events = 653
Loaded 93 entries (unique=93, duplicates=0, missing=49059, out_of_bounds=0, non-finite=0)
Sum(prob) over finite entries = 0.999998
init sum: 0.999998
num pixels: 49152
tile num: 6781
total tile prob: 0.999998
tiles with prob > 0: 22
total tile prob after trim: 0.999998
num tiles after trim: 22
init_pos: 6618
*********running GCP*********
total time (wallclock): 0.0324977 seconds

$ /home/daisy/GRB-Search-Pipeline/search-planning/build/sp_train /home/daisy/GRB-Search-Pipeline/results/training/maps/longlow/adapt_p11-715852394892384_a135-0_417_map.h5 /home/daisy/GRB-Search-Pipeline/search-planning/tilings/tiling_files/2.5x2.5_tiling.csv 6695 10.0 10.0 5.0 0 /home/daisy/GRB-Search-Pipeline/results/training/longlow_searching_2.5x2.5_tiling.csv
Input Parameters:
  file        = /home/daisy/GRB-Search-Pipeline/results/training/maps/longlow/adapt_p11-715852394892384_a135-0_417_map.h5
  source_tile = 6695
  slew_rate   = 10
  dwell_time  = 5
  output      = /home/daisy/GRB-Search-Pipeline/results/training/longlow_searching_2.5x2.5_tiling.csv

source = [78.2841, 135], n_src_events = 728, n_bkg_events = 624
Loaded 82 entries (unique=82, duplicates=0, missing=49070, out_of_bounds=0, non-finite=0)
Sum(prob) over finite entries = 0.999998
init sum: 0.999998
num pixels: 49152
tile num: 6781
total tile prob: 0.999998
tiles with prob > 0: 19
total tile prob after trim: 0.999998
num tiles after trim: 19
init_pos: 6616
*********running GCP*********
total time (wallclock): 0.0334585 seconds

$ /home/daisy/GRB-Search-Pipeline/search-planning/build/sp_train /home/daisy/GRB-Search-Pipeline/results/training/maps/longlow/adapt_p11-715852394892384_a135-0_418_map.h5 /home/daisy/GRB-Search-Pipeline/search-planning/tilings/tiling_files/2.5x2.5_tiling.csv 6695 10.0 10.0 5.0 0 /home/daisy/GRB-Search-Pipeline/results/training/longlow_searching_2.5x2.5_tiling.csv
Input Parameters:
  file        = /home/daisy/GRB-Search-Pipeline/results/training/maps/longlow/adapt_p11-715852394892384_a135-0_418_map.h5
  source_tile = 6695
  slew_rate   = 10
  dwell_time  = 5
  output      = /home/daisy/GRB-Search-Pipeline/results/training/longlow_searching_2.5x2.5_tiling.csv

source = [78.2841, 135], n_src_events = 837, n_bkg_events = 677
Loaded 55 entries (unique=55, duplicates=0, missing=49097, out_of_bounds=0, non-finite=0)
Sum(prob) over finite entries = 0.999999
init sum: 0.999999
num pixels: 49152
tile num: 6781
total tile prob: 0.999999
tiles with prob > 0: 12
total tile prob after trim: 0.999999
num tiles after trim: 12
init_pos: 6662
*********running GCP*********
total time (wallclock): 0.0324732 seconds

$ /home/daisy/GRB-Search-Pipeline/search-planning/build/sp_train /home/daisy/GRB-Search-Pipeline/results/training/maps/longlow/adapt_p11-715852394892384_a135-0_419_map.h5 /home/daisy/GRB-Search-Pipeline/search-planning/tilings/tiling_files/2.5x2.5_tiling.csv 6695 10.0 10.0 5.0 0 /home/daisy/GRB-Search-Pipeline/results/training/longlow_searching_2.5x2.5_tiling.csv
Input Parameters:
  file        = /home/daisy/GRB-Search-Pipeline/results/training/maps/longlow/adapt_p11-715852394892384_a135-0_419_map.h5
  source_tile = 6695
  slew_rate   = 10
  dwell_time  = 5
  output      = /home/daisy/GRB-Search-Pipeline/results/training/longlow_searching_2.5x2.5_tiling.csv

source = [78.2841, 135], n_src_events = 526, n_bkg_events = 247
Loaded 95 entries (unique=95, duplicates=0, missing=49057, out_of_bounds=0, non-finite=0)
Sum(prob) over finite entries = 0.999999
init sum: 0.999999
num pixels: 49152
tile num: 6781
total tile prob: 0.999999
tiles with prob > 0: 23
total tile prob after trim: 0.999999
num tiles after trim: 23
init_pos: 6694
*********running GCP*********
total time (wallclock): 0.0314108 seconds

$ /home/daisy/GRB-Search-Pipeline/search-planning/build/sp_train /home/daisy/GRB-Search-Pipeline/results/training/maps/longlow/adapt_p11-715852394892384_a135-0_41_map.h5 /home/daisy/GRB-Search-Pipeline/search-planning/tilings/tiling_files/2.5x2.5_tiling.csv 6695 10.0 10.0 5.0 0 /home/daisy/GRB-Search-Pipeline/results/training/longlow_searching_2.5x2.5_tiling.csv
Input Parameters:
  file        = /home/daisy/GRB-Search-Pipeline/results/training/maps/longlow/adapt_p11-715852394892384_a135-0_41_map.h5
  source_tile = 6695
  slew_rate   = 10
  dwell_time  = 5
  output      = /home/daisy/GRB-Search-Pipeline/results/training/longlow_searching_2.5x2.5_tiling.csv

source = [78.2841, 135], n_src_events = 826, n_bkg_events = 919
Loaded 54 entries (unique=54, duplicates=0, missing=49098, out_of_bounds=0, non-finite=0)
Sum(prob) over finite entries = 0.999999
init sum: 0.999999
num pixels: 49152
tile num: 6781
total tile prob: 0.999999
tiles with prob > 0: 14
total tile prob after trim: 0.999999
num tiles after trim: 14
init_pos: 6659
*********running GCP*********
total time (wallclock): 0.0322148 seconds

$ /home/daisy/GRB-Search-Pipeline/search-planning/build/sp_train /home/daisy/GRB-Search-Pipeline/results/training/maps/longlow/adapt_p11-715852394892384_a135-0_420_map.h5 /home/daisy/GRB-Search-Pipeline/search-planning/tilings/tiling_files/2.5x2.5_tiling.csv 6695 10.0 10.0 5.0 0 /home/daisy/GRB-Search-Pipeline/results/training/longlow_searching_2.5x2.5_tiling.csv
Input Parameters:
  file        = /home/daisy/GRB-Search-Pipeline/results/training/maps/longlow/adapt_p11-715852394892384_a135-0_420_map.h5
  source_tile = 6695
  slew_rate   = 10
  dwell_time  = 5
  output      = /home/daisy/GRB-Search-Pipeline/results/training/longlow_searching_2.5x2.5_tiling.csv

source = [78.2841, 135], n_src_events = 657, n_bkg_events = 448
Loaded 68 entries (unique=68, duplicates=0, missing=49084, out_of_bounds=0, non-finite=0)
Sum(prob) over finite entries = 0.999999
init sum: 0.999999
num pixels: 49152
tile num: 6781
total tile prob: 0.999999
tiles with prob > 0: 18
total tile prob after trim: 0.999999
num tiles after trim: 18
init_pos: 6694
*********running GCP*********
total time (wallclock): 0.0317392 seconds

$ /home/daisy/GRB-Search-Pipeline/search-planning/build/sp_train /home/daisy/GRB-Search-Pipeline/results/training/maps/longlow/adapt_p11-715852394892384_a135-0_421_map.h5 /home/daisy/GRB-Search-Pipeline/search-planning/tilings/tiling_files/2.5x2.5_tiling.csv 6695 10.0 10.0 5.0 0 /home/daisy/GRB-Search-Pipeline/results/training/longlow_searching_2.5x2.5_tiling.csv
Input Parameters:
  file        = /home/daisy/GRB-Search-Pipeline/results/training/maps/longlow/adapt_p11-715852394892384_a135-0_421_map.h5
  source_tile = 6695
  slew_rate   = 10
  dwell_time  = 5
  output      = /home/daisy/GRB-Search-Pipeline/results/training/longlow_searching_2.5x2.5_tiling.csv

source = [78.2841, 135], n_src_events = 852, n_bkg_events = 972
Loaded 65 entries (unique=65, duplicates=0, missing=49087, out_of_bounds=0, non-finite=0)
Sum(prob) over finite entries = 0.999999
init sum: 0.999999
num pixels: 49152
tile num: 6781
total tile prob: 0.999999
tiles with prob > 0: 15
total tile prob after trim: 0.999999
num tiles after trim: 15
init_pos: 6618
*********running GCP*********
total time (wallclock): 0.0335905 seconds

$ /home/daisy/GRB-Search-Pipeline/search-planning/build/sp_train /home/daisy/GRB-Search-Pipeline/results/training/maps/longlow/adapt_p11-715852394892384_a135-0_422_map.h5 /home/daisy/GRB-Search-Pipeline/search-planning/tilings/tiling_files/2.5x2.5_tiling.csv 6695 10.0 10.0 5.0 0 /home/daisy/GRB-Search-Pipeline/results/training/longlow_searching_2.5x2.5_tiling.csv
Input Parameters:
  file        = /home/daisy/GRB-Search-Pipeline/results/training/maps/longlow/adapt_p11-715852394892384_a135-0_422_map.h5
  source_tile = 6695
  slew_rate   = 10
  dwell_time  = 5
  output      = /home/daisy/GRB-Search-Pipeline/results/training/longlow_searching_2.5x2.5_tiling.csv

source = [78.2841, 135], n_src_events = 364, n_bkg_events = 776
Loaded 199 entries (unique=199, duplicates=0, missing=48953, out_of_bounds=0, non-finite=0)
Sum(prob) over finite entries = 0.999999
init sum: 0.999999
num pixels: 49152
tile num: 6781
total tile prob: 0.999999
tiles with prob > 0: 35
total tile prob after trim: 0.999999
num tiles after trim: 35
init_pos: 6615
*********running GCP*********
total time (wallclock): 0.034658 seconds

$ /home/daisy/GRB-Search-Pipeline/search-planning/build/sp_train /home/daisy/GRB-Search-Pipeline/results/training/maps/longlow/adapt_p11-715852394892384_a135-0_423_map.h5 /home/daisy/GRB-Search-Pipeline/search-planning/tilings/tiling_files/2.5x2.5_tiling.csv 6695 10.0 10.0 5.0 0 /home/daisy/GRB-Search-Pipeline/results/training/longlow_searching_2.5x2.5_tiling.csv
Input Parameters:
  file        = /home/daisy/GRB-Search-Pipeline/results/training/maps/longlow/adapt_p11-715852394892384_a135-0_423_map.h5
  source_tile = 6695
  slew_rate   = 10
  dwell_time  = 5
  output      = /home/daisy/GRB-Search-Pipeline/results/training/longlow_searching_2.5x2.5_tiling.csv

source = [78.2841, 135], n_src_events = 487, n_bkg_events = 1002
Loaded 128 entries (unique=128, duplicates=0, missing=49024, out_of_bounds=0, non-finite=0)
Sum(prob) over finite entries = 0.999998
init sum: 0.999998
num pixels: 49152
tile num: 6781
total tile prob: 0.999998
tiles with prob > 0: 26
total tile prob after trim: 0.999998
num tiles after trim: 26
init_pos: 6697
*********running GCP*********
total time (wallclock): 0.0339713 seconds

$ /home/daisy/GRB-Search-Pipeline/search-planning/build/sp_train /home/daisy/GRB-Search-Pipeline/results/training/maps/longlow/adapt_p11-715852394892384_a135-0_424_map.h5 /home/daisy/GRB-Search-Pipeline/search-planning/tilings/tiling_files/2.5x2.5_tiling.csv 6695 10.0 10.0 5.0 0 /home/daisy/GRB-Search-Pipeline/results/training/longlow_searching_2.5x2.5_tiling.csv
Input Parameters:
  file        = /home/daisy/GRB-Search-Pipeline/results/training/maps/longlow/adapt_p11-715852394892384_a135-0_424_map.h5
  source_tile = 6695
  slew_rate   = 10
  dwell_time  = 5
  output      = /home/daisy/GRB-Search-Pipeline/results/training/longlow_searching_2.5x2.5_tiling.csv

source = [78.2841, 135], n_src_events = 88, n_bkg_events = 549
Loaded 1333 entries (unique=1333, duplicates=0, missing=47819, out_of_bounds=0, non-finite=0)
Sum(prob) over finite entries = 0.999993
init sum: 0.999993
num pixels: 49152
tile num: 6781
total tile prob: 0.999993
tiles with prob > 0: 236
total tile prob after trim: 0.999993
num tiles after trim: 236
init_pos: 6458
*********running GCP*********
total time (wallclock): 0.0405215 seconds

$ /home/daisy/GRB-Search-Pipeline/search-planning/build/sp_train /home/daisy/GRB-Search-Pipeline/results/training/maps/longlow/adapt_p11-715852394892384_a135-0_425_map.h5 /home/daisy/GRB-Search-Pipeline/search-planning/tilings/tiling_files/2.5x2.5_tiling.csv 6695 10.0 10.0 5.0 0 /home/daisy/GRB-Search-Pipeline/results/training/longlow_searching_2.5x2.5_tiling.csv
Input Parameters:
  file        = /home/daisy/GRB-Search-Pipeline/results/training/maps/longlow/adapt_p11-715852394892384_a135-0_425_map.h5
  source_tile = 6695
  slew_rate   = 10
  dwell_time  = 5
  output      = /home/daisy/GRB-Search-Pipeline/results/training/longlow_searching_2.5x2.5_tiling.csv

source = [78.2841, 135], n_src_events = 434, n_bkg_events = 1076
Loaded 185 entries (unique=185, duplicates=0, missing=48967, out_of_bounds=0, non-finite=0)
Sum(prob) over finite entries = 0.999999
init sum: 0.999999
num pixels: 49152
tile num: 6781
total tile prob: 0.999999
tiles with prob > 0: 37
total tile prob after trim: 0.999999
num tiles after trim: 37
init_pos: 6617
*********running GCP*********
total time (wallclock): 0.0339382 seconds

$ /home/daisy/GRB-Search-Pipeline/search-planning/build/sp_train /home/daisy/GRB-Search-Pipeline/results/training/maps/longlow/adapt_p11-715852394892384_a135-0_426_map.h5 /home/daisy/GRB-Search-Pipeline/search-planning/tilings/tiling_files/2.5x2.5_tiling.csv 6695 10.0 10.0 5.0 0 /home/daisy/GRB-Search-Pipeline/results/training/longlow_searching_2.5x2.5_tiling.csv
Input Parameters:
  file        = /home/daisy/GRB-Search-Pipeline/results/training/maps/longlow/adapt_p11-715852394892384_a135-0_426_map.h5
  source_tile = 6695
  slew_rate   = 10
  dwell_time  = 5
  output      = /home/daisy/GRB-Search-Pipeline/results/training/longlow_searching_2.5x2.5_tiling.csv

source = [78.2841, 135], n_src_events = 344, n_bkg_events = 561
Loaded 157 entries (unique=157, duplicates=0, missing=48995, out_of_bounds=0, non-finite=0)
Sum(prob) over finite entries = 0.999999
init sum: 0.999999
num pixels: 49152
tile num: 6781
total tile prob: 0.999999
tiles with prob > 0: 32
total tile prob after trim: 0.999999
num tiles after trim: 32
init_pos: 6698
*********running GCP*********
total time (wallclock): 0.0342963 seconds

$ /home/daisy/GRB-Search-Pipeline/search-planning/build/sp_train /home/daisy/GRB-Search-Pipeline/results/training/maps/longlow/adapt_p11-715852394892384_a135-0_427_map.h5 /home/daisy/GRB-Search-Pipeline/search-planning/tilings/tiling_files/2.5x2.5_tiling.csv 6695 10.0 10.0 5.0 0 /home/daisy/GRB-Search-Pipeline/results/training/longlow_searching_2.5x2.5_tiling.csv
Input Parameters:
  file        = /home/daisy/GRB-Search-Pipeline/results/training/maps/longlow/adapt_p11-715852394892384_a135-0_427_map.h5
  source_tile = 6695
  slew_rate   = 10
  dwell_time  = 5
  output      = /home/daisy/GRB-Search-Pipeline/results/training/longlow_searching_2.5x2.5_tiling.csv

source = [78.2841, 135], n_src_events = 275, n_bkg_events = 377
Loaded 208 entries (unique=208, duplicates=0, missing=48944, out_of_bounds=0, non-finite=0)
Sum(prob) over finite entries = 0.999999
init sum: 0.999999
num pixels: 49152
tile num: 6781
total tile prob: 0.999999
tiles with prob > 0: 40
total tile prob after trim: 0.999999
num tiles after trim: 40
init_pos: 6618
*********running GCP*********
total time (wallclock): 0.0339057 seconds

$ /home/daisy/GRB-Search-Pipeline/search-planning/build/sp_train /home/daisy/GRB-Search-Pipeline/results/training/maps/longlow/adapt_p11-715852394892384_a135-0_428_map.h5 /home/daisy/GRB-Search-Pipeline/search-planning/tilings/tiling_files/2.5x2.5_tiling.csv 6695 10.0 10.0 5.0 0 /home/daisy/GRB-Search-Pipeline/results/training/longlow_searching_2.5x2.5_tiling.csv
Input Parameters:
  file        = /home/daisy/GRB-Search-Pipeline/results/training/maps/longlow/adapt_p11-715852394892384_a135-0_428_map.h5
  source_tile = 6695
  slew_rate   = 10
  dwell_time  = 5
  output      = /home/daisy/GRB-Search-Pipeline/results/training/longlow_searching_2.5x2.5_tiling.csv

source = [78.2841, 135], n_src_events = 569, n_bkg_events = 401
Loaded 65 entries (unique=65, duplicates=0, missing=49087, out_of_bounds=0, non-finite=0)
Sum(prob) over finite entries = 0.999999
init sum: 0.999999
num pixels: 49152
tile num: 6781
total tile prob: 0.999999
tiles with prob > 0: 14
total tile prob after trim: 0.999999
num tiles after trim: 14
init_pos: 6659
*********running GCP*********
total time (wallclock): 0.032202 seconds

$ /home/daisy/GRB-Search-Pipeline/search-planning/build/sp_train /home/daisy/GRB-Search-Pipeline/results/training/maps/longlow/adapt_p11-715852394892384_a135-0_429_map.h5 /home/daisy/GRB-Search-Pipeline/search-planning/tilings/tiling_files/2.5x2.5_tiling.csv 6695 10.0 10.0 5.0 0 /home/daisy/GRB-Search-Pipeline/results/training/longlow_searching_2.5x2.5_tiling.csv
Input Parameters:
  file        = /home/daisy/GRB-Search-Pipeline/results/training/maps/longlow/adapt_p11-715852394892384_a135-0_429_map.h5
  source_tile = 6695
  slew_rate   = 10
  dwell_time  = 5
  output      = /home/daisy/GRB-Search-Pipeline/results/training/longlow_searching_2.5x2.5_tiling.csv

source = [78.2841, 135], n_src_events = 848, n_bkg_events = 668
Loaded 46 entries (unique=46, duplicates=0, missing=49106, out_of_bounds=0, non-finite=0)
Sum(prob) over finite entries = 0.999999
init sum: 0.999999
num pixels: 49152
tile num: 6781
total tile prob: 0.999999
tiles with prob > 0: 12
total tile prob after trim: 0.999999
num tiles after trim: 12
init_pos: 6661
*********running GCP*********
total time (wallclock): 0.0314448 seconds

$ /home/daisy/GRB-Search-Pipeline/search-planning/build/sp_train /home/daisy/GRB-Search-Pipeline/results/training/maps/longlow/adapt_p11-715852394892384_a135-0_42_map.h5 /home/daisy/GRB-Search-Pipeline/search-planning/tilings/tiling_files/2.5x2.5_tiling.csv 6695 10.0 10.0 5.0 0 /home/daisy/GRB-Search-Pipeline/results/training/longlow_searching_2.5x2.5_tiling.csv
Input Parameters:
  file        = /home/daisy/GRB-Search-Pipeline/results/training/maps/longlow/adapt_p11-715852394892384_a135-0_42_map.h5
  source_tile = 6695
  slew_rate   = 10
  dwell_time  = 5
  output      = /home/daisy/GRB-Search-Pipeline/results/training/longlow_searching_2.5x2.5_tiling.csv

source = [78.2841, 135], n_src_events = 806, n_bkg_events = 1030
Loaded 78 entries (unique=78, duplicates=0, missing=49074, out_of_bounds=0, non-finite=0)
Sum(prob) over finite entries = 0.999999
init sum: 0.999999
num pixels: 49152
tile num: 6781
total tile prob: 0.999999
tiles with prob > 0: 19
total tile prob after trim: 0.999999
num tiles after trim: 19
init_pos: 6659
*********running GCP*********
total time (wallclock): 0.0329002 seconds

$ /home/daisy/GRB-Search-Pipeline/search-planning/build/sp_train /home/daisy/GRB-Search-Pipeline/results/training/maps/longlow/adapt_p11-715852394892384_a135-0_430_map.h5 /home/daisy/GRB-Search-Pipeline/search-planning/tilings/tiling_files/2.5x2.5_tiling.csv 6695 10.0 10.0 5.0 0 /home/daisy/GRB-Search-Pipeline/results/training/longlow_searching_2.5x2.5_tiling.csv
Input Parameters:
  file        = /home/daisy/GRB-Search-Pipeline/results/training/maps/longlow/adapt_p11-715852394892384_a135-0_430_map.h5
  source_tile = 6695
  slew_rate   = 10
  dwell_time  = 5
  output      = /home/daisy/GRB-Search-Pipeline/results/training/longlow_searching_2.5x2.5_tiling.csv

source = [78.2841, 135], n_src_events = 521, n_bkg_events = 1104
Loaded 113 entries (unique=113, duplicates=0, missing=49039, out_of_bounds=0, non-finite=0)
Sum(prob) over finite entries = 0.999999
init sum: 0.999999
num pixels: 49152
tile num: 6781
total tile prob: 0.999999
tiles with prob > 0: 25
total tile prob after trim: 0.999999
num tiles after trim: 25
init_pos: 6616
*********running GCP*********
total time (wallclock): 0.0323035 seconds

$ /home/daisy/GRB-Search-Pipeline/search-planning/build/sp_train /home/daisy/GRB-Search-Pipeline/results/training/maps/longlow/adapt_p11-715852394892384_a135-0_431_map.h5 /home/daisy/GRB-Search-Pipeline/search-planning/tilings/tiling_files/2.5x2.5_tiling.csv 6695 10.0 10.0 5.0 0 /home/daisy/GRB-Search-Pipeline/results/training/longlow_searching_2.5x2.5_tiling.csv
Input Parameters:
  file        = /home/daisy/GRB-Search-Pipeline/results/training/maps/longlow/adapt_p11-715852394892384_a135-0_431_map.h5
  source_tile = 6695
  slew_rate   = 10
  dwell_time  = 5
  output      = /home/daisy/GRB-Search-Pipeline/results/training/longlow_searching_2.5x2.5_tiling.csv

source = [78.2841, 135], n_src_events = 117, n_bkg_events = 254
Loaded 661 entries (unique=661, duplicates=0, missing=48491, out_of_bounds=0, non-finite=0)
Sum(prob) over finite entries = 0.999997
init sum: 0.999997
num pixels: 49152
tile num: 6781
total tile prob: 0.999997
tiles with prob > 0: 118
total tile prob after trim: 0.999997
num tiles after trim: 118
init_pos: 6749
*********running GCP*********
total time (wallclock): 0.035874 seconds

$ /home/daisy/GRB-Search-Pipeline/search-planning/build/sp_train /home/daisy/GRB-Search-Pipeline/results/training/maps/longlow/adapt_p11-715852394892384_a135-0_432_map.h5 /home/daisy/GRB-Search-Pipeline/search-planning/tilings/tiling_files/2.5x2.5_tiling.csv 6695 10.0 10.0 5.0 0 /home/daisy/GRB-Search-Pipeline/results/training/longlow_searching_2.5x2.5_tiling.csv
Input Parameters:
  file        = /home/daisy/GRB-Search-Pipeline/results/training/maps/longlow/adapt_p11-715852394892384_a135-0_432_map.h5
  source_tile = 6695
  slew_rate   = 10
  dwell_time  = 5
  output      = /home/daisy/GRB-Search-Pipeline/results/training/longlow_searching_2.5x2.5_tiling.csv

source = [78.2841, 135], n_src_events = 141, n_bkg_events = 751
Loaded 1388 entries (unique=1388, duplicates=0, missing=47764, out_of_bounds=0, non-finite=0)
Sum(prob) over finite entries = 0.999997
init sum: 0.999997
num pixels: 49152
tile num: 6781
total tile prob: 0.999997
tiles with prob > 0: 241
total tile prob after trim: 0.999997
num tiles after trim: 241
init_pos: 6628
*********running GCP*********
total time (wallclock): 0.158533 seconds

$ /home/daisy/GRB-Search-Pipeline/search-planning/build/sp_train /home/daisy/GRB-Search-Pipeline/results/training/maps/longlow/adapt_p11-715852394892384_a135-0_433_map.h5 /home/daisy/GRB-Search-Pipeline/search-planning/tilings/tiling_files/2.5x2.5_tiling.csv 6695 10.0 10.0 5.0 0 /home/daisy/GRB-Search-Pipeline/results/training/longlow_searching_2.5x2.5_tiling.csv
Input Parameters:
  file        = /home/daisy/GRB-Search-Pipeline/results/training/maps/longlow/adapt_p11-715852394892384_a135-0_433_map.h5
  source_tile = 6695
  slew_rate   = 10
  dwell_time  = 5
  output      = /home/daisy/GRB-Search-Pipeline/results/training/longlow_searching_2.5x2.5_tiling.csv

source = [78.2841, 135], n_src_events = 561, n_bkg_events = 317
Loaded 82 entries (unique=82, duplicates=0, missing=49070, out_of_bounds=0, non-finite=0)
Sum(prob) over finite entries = 0.999999
init sum: 0.999999
num pixels: 49152
tile num: 6781
total tile prob: 0.999999
tiles with prob > 0: 19
total tile prob after trim: 0.999999
num tiles after trim: 19
init_pos: 6661
*********running GCP*********
total time (wallclock): 0.0342071 seconds

$ /home/daisy/GRB-Search-Pipeline/search-planning/build/sp_train /home/daisy/GRB-Search-Pipeline/results/training/maps/longlow/adapt_p11-715852394892384_a135-0_434_map.h5 /home/daisy/GRB-Search-Pipeline/search-planning/tilings/tiling_files/2.5x2.5_tiling.csv 6695 10.0 10.0 5.0 0 /home/daisy/GRB-Search-Pipeline/results/training/longlow_searching_2.5x2.5_tiling.csv
Input Parameters:
  file        = /home/daisy/GRB-Search-Pipeline/results/training/maps/longlow/adapt_p11-715852394892384_a135-0_434_map.h5
  source_tile = 6695
  slew_rate   = 10
  dwell_time  = 5
  output      = /home/daisy/GRB-Search-Pipeline/results/training/longlow_searching_2.5x2.5_tiling.csv

source = [78.2841, 135], n_src_events = 491, n_bkg_events = 512
Loaded 78 entries (unique=78, duplicates=0, missing=49074, out_of_bounds=0, non-finite=0)
Sum(prob) over finite entries = 0.999999
init sum: 0.999999
num pixels: 49152
tile num: 6781
total tile prob: 0.999999
tiles with prob > 0: 18
total tile prob after trim: 0.999999
num tiles after trim: 18
init_pos: 6618
*********running GCP*********
total time (wallclock): 0.0328598 seconds

$ /home/daisy/GRB-Search-Pipeline/search-planning/build/sp_train /home/daisy/GRB-Search-Pipeline/results/training/maps/longlow/adapt_p11-715852394892384_a135-0_435_map.h5 /home/daisy/GRB-Search-Pipeline/search-planning/tilings/tiling_files/2.5x2.5_tiling.csv 6695 10.0 10.0 5.0 0 /home/daisy/GRB-Search-Pipeline/results/training/longlow_searching_2.5x2.5_tiling.csv
Input Parameters:
  file        = /home/daisy/GRB-Search-Pipeline/results/training/maps/longlow/adapt_p11-715852394892384_a135-0_435_map.h5
  source_tile = 6695
  slew_rate   = 10
  dwell_time  = 5
  output      = /home/daisy/GRB-Search-Pipeline/results/training/longlow_searching_2.5x2.5_tiling.csv

source = [78.2841, 135], n_src_events = 451, n_bkg_events = 415
Loaded 100 entries (unique=100, duplicates=0, missing=49052, out_of_bounds=0, non-finite=0)
Sum(prob) over finite entries = 0.999999
init sum: 0.999999
num pixels: 49152
tile num: 6781
total tile prob: 0.999999
tiles with prob > 0: 23
total tile prob after trim: 0.999999
num tiles after trim: 23
init_pos: 6697
*********running GCP*********
total time (wallclock): 0.0325788 seconds

$ /home/daisy/GRB-Search-Pipeline/search-planning/build/sp_train /home/daisy/GRB-Search-Pipeline/results/training/maps/longlow/adapt_p11-715852394892384_a135-0_436_map.h5 /home/daisy/GRB-Search-Pipeline/search-planning/tilings/tiling_files/2.5x2.5_tiling.csv 6695 10.0 10.0 5.0 0 /home/daisy/GRB-Search-Pipeline/results/training/longlow_searching_2.5x2.5_tiling.csv
Input Parameters:
  file        = /home/daisy/GRB-Search-Pipeline/results/training/maps/longlow/adapt_p11-715852394892384_a135-0_436_map.h5
  source_tile = 6695
  slew_rate   = 10
  dwell_time  = 5
  output      = /home/daisy/GRB-Search-Pipeline/results/training/longlow_searching_2.5x2.5_tiling.csv

source = [78.2841, 135], n_src_events = 614, n_bkg_events = 671
Loaded 70 entries (unique=70, duplicates=0, missing=49082, out_of_bounds=0, non-finite=0)
Sum(prob) over finite entries = 0.999999
init sum: 0.999999
num pixels: 49152
tile num: 6781
total tile prob: 0.999999
tiles with prob > 0: 17
total tile prob after trim: 0.999999
num tiles after trim: 17
init_pos: 6617
*********running GCP*********
total time (wallclock): 0.0324429 seconds

$ /home/daisy/GRB-Search-Pipeline/search-planning/build/sp_train /home/daisy/GRB-Search-Pipeline/results/training/maps/longlow/adapt_p11-715852394892384_a135-0_437_map.h5 /home/daisy/GRB-Search-Pipeline/search-planning/tilings/tiling_files/2.5x2.5_tiling.csv 6695 10.0 10.0 5.0 0 /home/daisy/GRB-Search-Pipeline/results/training/longlow_searching_2.5x2.5_tiling.csv
Input Parameters:
  file        = /home/daisy/GRB-Search-Pipeline/results/training/maps/longlow/adapt_p11-715852394892384_a135-0_437_map.h5
  source_tile = 6695
  slew_rate   = 10
  dwell_time  = 5
  output      = /home/daisy/GRB-Search-Pipeline/results/training/longlow_searching_2.5x2.5_tiling.csv

source = [78.2841, 135], n_src_events = 725, n_bkg_events = 769
Loaded 55 entries (unique=55, duplicates=0, missing=49097, out_of_bounds=0, non-finite=0)
Sum(prob) over finite entries = 0.999999
init sum: 0.999999
num pixels: 49152
tile num: 6781
total tile prob: 0.999999
tiles with prob > 0: 14
total tile prob after trim: 0.999999
num tiles after trim: 14
init_pos: 6695
*********running GCP*********
total time (wallclock): 0.0301218 seconds

$ /home/daisy/GRB-Search-Pipeline/search-planning/build/sp_train /home/daisy/GRB-Search-Pipeline/results/training/maps/longlow/adapt_p11-715852394892384_a135-0_438_map.h5 /home/daisy/GRB-Search-Pipeline/search-planning/tilings/tiling_files/2.5x2.5_tiling.csv 6695 10.0 10.0 5.0 0 /home/daisy/GRB-Search-Pipeline/results/training/longlow_searching_2.5x2.5_tiling.csv
Input Parameters:
  file        = /home/daisy/GRB-Search-Pipeline/results/training/maps/longlow/adapt_p11-715852394892384_a135-0_438_map.h5
  source_tile = 6695
  slew_rate   = 10
  dwell_time  = 5
  output      = /home/daisy/GRB-Search-Pipeline/results/training/longlow_searching_2.5x2.5_tiling.csv

source = [78.2841, 135], n_src_events = 745, n_bkg_events = 234
Loaded 64 entries (unique=64, duplicates=0, missing=49088, out_of_bounds=0, non-finite=0)
Sum(prob) over finite entries = 0.999999
init sum: 0.999999
num pixels: 49152
tile num: 6781
total tile prob: 0.999999
tiles with prob > 0: 13
total tile prob after trim: 0.999999
num tiles after trim: 13
init_pos: 6660
*********running GCP*********
total time (wallclock): 0.0312583 seconds

$ /home/daisy/GRB-Search-Pipeline/search-planning/build/sp_train /home/daisy/GRB-Search-Pipeline/results/training/maps/longlow/adapt_p11-715852394892384_a135-0_439_map.h5 /home/daisy/GRB-Search-Pipeline/search-planning/tilings/tiling_files/2.5x2.5_tiling.csv 6695 10.0 10.0 5.0 0 /home/daisy/GRB-Search-Pipeline/results/training/longlow_searching_2.5x2.5_tiling.csv
Input Parameters:
  file        = /home/daisy/GRB-Search-Pipeline/results/training/maps/longlow/adapt_p11-715852394892384_a135-0_439_map.h5
  source_tile = 6695
  slew_rate   = 10
  dwell_time  = 5
  output      = /home/daisy/GRB-Search-Pipeline/results/training/longlow_searching_2.5x2.5_tiling.csv

source = [78.2841, 135], n_src_events = 125, n_bkg_events = 971
Loaded 417 entries (unique=417, duplicates=0, missing=48735, out_of_bounds=0, non-finite=0)
Sum(prob) over finite entries = 0.999999
init sum: 0.999999
num pixels: 49152
tile num: 6781
total tile prob: 0.999999
tiles with prob > 0: 74
total tile prob after trim: 0.999999
num tiles after trim: 74
init_pos: 6662
*********running GCP*********
total time (wallclock): 0.0388036 seconds

$ /home/daisy/GRB-Search-Pipeline/search-planning/build/sp_train /home/daisy/GRB-Search-Pipeline/results/training/maps/longlow/adapt_p11-715852394892384_a135-0_43_map.h5 /home/daisy/GRB-Search-Pipeline/search-planning/tilings/tiling_files/2.5x2.5_tiling.csv 6695 10.0 10.0 5.0 0 /home/daisy/GRB-Search-Pipeline/results/training/longlow_searching_2.5x2.5_tiling.csv
Input Parameters:
  file        = /home/daisy/GRB-Search-Pipeline/results/training/maps/longlow/adapt_p11-715852394892384_a135-0_43_map.h5
  source_tile = 6695
  slew_rate   = 10
  dwell_time  = 5
  output      = /home/daisy/GRB-Search-Pipeline/results/training/longlow_searching_2.5x2.5_tiling.csv

source = [78.2841, 135], n_src_events = 234, n_bkg_events = 508
Loaded 204 entries (unique=204, duplicates=0, missing=48948, out_of_bounds=0, non-finite=0)
Sum(prob) over finite entries = 0.999999
init sum: 0.999999
num pixels: 49152
tile num: 6781
total tile prob: 0.999999
tiles with prob > 0: 40
total tile prob after trim: 0.999999
num tiles after trim: 40
init_pos: 6576
*********running GCP*********
total time (wallclock): 0.0399889 seconds

$ /home/daisy/GRB-Search-Pipeline/search-planning/build/sp_train /home/daisy/GRB-Search-Pipeline/results/training/maps/longlow/adapt_p11-715852394892384_a135-0_440_map.h5 /home/daisy/GRB-Search-Pipeline/search-planning/tilings/tiling_files/2.5x2.5_tiling.csv 6695 10.0 10.0 5.0 0 /home/daisy/GRB-Search-Pipeline/results/training/longlow_searching_2.5x2.5_tiling.csv
Input Parameters:
  file        = /home/daisy/GRB-Search-Pipeline/results/training/maps/longlow/adapt_p11-715852394892384_a135-0_440_map.h5
  source_tile = 6695
  slew_rate   = 10
  dwell_time  = 5
  output      = /home/daisy/GRB-Search-Pipeline/results/training/longlow_searching_2.5x2.5_tiling.csv

source = [78.2841, 135], n_src_events = 753, n_bkg_events = 908
Loaded 58 entries (unique=58, duplicates=0, missing=49094, out_of_bounds=0, non-finite=0)
Sum(prob) over finite entries = 0.999998
init sum: 0.999998
num pixels: 49152
tile num: 6781
total tile prob: 0.999998
tiles with prob > 0: 13
total tile prob after trim: 0.999998
num tiles after trim: 13
init_pos: 6662
*********running GCP*********
total time (wallclock): 0.0332964 seconds

$ /home/daisy/GRB-Search-Pipeline/search-planning/build/sp_train /home/daisy/GRB-Search-Pipeline/results/training/maps/longlow/adapt_p11-715852394892384_a135-0_441_map.h5 /home/daisy/GRB-Search-Pipeline/search-planning/tilings/tiling_files/2.5x2.5_tiling.csv 6695 10.0 10.0 5.0 0 /home/daisy/GRB-Search-Pipeline/results/training/longlow_searching_2.5x2.5_tiling.csv
Input Parameters:
  file        = /home/daisy/GRB-Search-Pipeline/results/training/maps/longlow/adapt_p11-715852394892384_a135-0_441_map.h5
  source_tile = 6695
  slew_rate   = 10
  dwell_time  = 5
  output      = /home/daisy/GRB-Search-Pipeline/results/training/longlow_searching_2.5x2.5_tiling.csv

source = [78.2841, 135], n_src_events = 222, n_bkg_events = 967
Loaded 710 entries (unique=710, duplicates=0, missing=48442, out_of_bounds=0, non-finite=0)
Sum(prob) over finite entries = 0.999998
init sum: 0.999998
num pixels: 49152
tile num: 6781
total tile prob: 0.999998
tiles with prob > 0: 127
total tile prob after trim: 0.999998
num tiles after trim: 127
init_pos: 6694
*********running GCP*********
total time (wallclock): 0.036703 seconds

$ /home/daisy/GRB-Search-Pipeline/search-planning/build/sp_train /home/daisy/GRB-Search-Pipeline/results/training/maps/longlow/adapt_p11-715852394892384_a135-0_442_map.h5 /home/daisy/GRB-Search-Pipeline/search-planning/tilings/tiling_files/2.5x2.5_tiling.csv 6695 10.0 10.0 5.0 0 /home/daisy/GRB-Search-Pipeline/results/training/longlow_searching_2.5x2.5_tiling.csv
Input Parameters:
  file        = /home/daisy/GRB-Search-Pipeline/results/training/maps/longlow/adapt_p11-715852394892384_a135-0_442_map.h5
  source_tile = 6695
  slew_rate   = 10
  dwell_time  = 5
  output      = /home/daisy/GRB-Search-Pipeline/results/training/longlow_searching_2.5x2.5_tiling.csv

source = [78.2841, 135], n_src_events = 172, n_bkg_events = 361
Loaded 383 entries (unique=383, duplicates=0, missing=48769, out_of_bounds=0, non-finite=0)
Sum(prob) over finite entries = 0.999999
init sum: 0.999999
num pixels: 49152
tile num: 6781
total tile prob: 0.999999
tiles with prob > 0: 70
total tile prob after trim: 0.999999
num tiles after trim: 70
init_pos: 6658
*********running GCP*********
total time (wallclock): 0.0334317 seconds

$ /home/daisy/GRB-Search-Pipeline/search-planning/build/sp_train /home/daisy/GRB-Search-Pipeline/results/training/maps/longlow/adapt_p11-715852394892384_a135-0_443_map.h5 /home/daisy/GRB-Search-Pipeline/search-planning/tilings/tiling_files/2.5x2.5_tiling.csv 6695 10.0 10.0 5.0 0 /home/daisy/GRB-Search-Pipeline/results/training/longlow_searching_2.5x2.5_tiling.csv
Input Parameters:
  file        = /home/daisy/GRB-Search-Pipeline/results/training/maps/longlow/adapt_p11-715852394892384_a135-0_443_map.h5
  source_tile = 6695
  slew_rate   = 10
  dwell_time  = 5
  output      = /home/daisy/GRB-Search-Pipeline/results/training/longlow_searching_2.5x2.5_tiling.csv

source = [78.2841, 135], n_src_events = 795, n_bkg_events = 1203
Loaded 52 entries (unique=52, duplicates=0, missing=49100, out_of_bounds=0, non-finite=0)
Sum(prob) over finite entries = 0.999999
init sum: 0.999999
num pixels: 49152
tile num: 6781
total tile prob: 0.999999
tiles with prob > 0: 12
total tile prob after trim: 0.999999
num tiles after trim: 12
init_pos: 6695
*********running GCP*********
total time (wallclock): 0.0312404 seconds

$ /home/daisy/GRB-Search-Pipeline/search-planning/build/sp_train /home/daisy/GRB-Search-Pipeline/results/training/maps/longlow/adapt_p11-715852394892384_a135-0_444_map.h5 /home/daisy/GRB-Search-Pipeline/search-planning/tilings/tiling_files/2.5x2.5_tiling.csv 6695 10.0 10.0 5.0 0 /home/daisy/GRB-Search-Pipeline/results/training/longlow_searching_2.5x2.5_tiling.csv
Input Parameters:
  file        = /home/daisy/GRB-Search-Pipeline/results/training/maps/longlow/adapt_p11-715852394892384_a135-0_444_map.h5
  source_tile = 6695
  slew_rate   = 10
  dwell_time  = 5
  output      = /home/daisy/GRB-Search-Pipeline/results/training/longlow_searching_2.5x2.5_tiling.csv

source = [78.2841, 135], n_src_events = 541, n_bkg_events = 510
Loaded 102 entries (unique=102, duplicates=0, missing=49050, out_of_bounds=0, non-finite=0)
Sum(prob) over finite entries = 0.999998
init sum: 0.999998
num pixels: 49152
tile num: 6781
total tile prob: 0.999998
tiles with prob > 0: 23
total tile prob after trim: 0.999998
num tiles after trim: 23
init_pos: 6620
*********running GCP*********
total time (wallclock): 0.0342131 seconds

$ /home/daisy/GRB-Search-Pipeline/search-planning/build/sp_train /home/daisy/GRB-Search-Pipeline/results/training/maps/longlow/adapt_p11-715852394892384_a135-0_445_map.h5 /home/daisy/GRB-Search-Pipeline/search-planning/tilings/tiling_files/2.5x2.5_tiling.csv 6695 10.0 10.0 5.0 0 /home/daisy/GRB-Search-Pipeline/results/training/longlow_searching_2.5x2.5_tiling.csv
Input Parameters:
  file        = /home/daisy/GRB-Search-Pipeline/results/training/maps/longlow/adapt_p11-715852394892384_a135-0_445_map.h5
  source_tile = 6695
  slew_rate   = 10
  dwell_time  = 5
  output      = /home/daisy/GRB-Search-Pipeline/results/training/longlow_searching_2.5x2.5_tiling.csv

source = [78.2841, 135], n_src_events = 503, n_bkg_events = 804
Loaded 77 entries (unique=77, duplicates=0, missing=49075, out_of_bounds=0, non-finite=0)
Sum(prob) over finite entries = 0.999999
init sum: 0.999999
num pixels: 49152
tile num: 6781
total tile prob: 0.999999
tiles with prob > 0: 17
total tile prob after trim: 0.999999
num tiles after trim: 17
init_pos: 6659
*********running GCP*********
total time (wallclock): 0.0325916 seconds

$ /home/daisy/GRB-Search-Pipeline/search-planning/build/sp_train /home/daisy/GRB-Search-Pipeline/results/training/maps/longlow/adapt_p11-715852394892384_a135-0_446_map.h5 /home/daisy/GRB-Search-Pipeline/search-planning/tilings/tiling_files/2.5x2.5_tiling.csv 6695 10.0 10.0 5.0 0 /home/daisy/GRB-Search-Pipeline/results/training/longlow_searching_2.5x2.5_tiling.csv
Input Parameters:
  file        = /home/daisy/GRB-Search-Pipeline/results/training/maps/longlow/adapt_p11-715852394892384_a135-0_446_map.h5
  source_tile = 6695
  slew_rate   = 10
  dwell_time  = 5
  output      = /home/daisy/GRB-Search-Pipeline/results/training/longlow_searching_2.5x2.5_tiling.csv

source = [78.2841, 135], n_src_events = 195, n_bkg_events = 1066
Loaded 638 entries (unique=638, duplicates=0, missing=48514, out_of_bounds=0, non-finite=0)
Sum(prob) over finite entries = 0.999997
init sum: 0.999997
num pixels: 49152
tile num: 6781
total tile prob: 0.999997
tiles with prob > 0: 122
total tile prob after trim: 0.999997
num tiles after trim: 122
init_pos: 6719
*********running GCP*********
total time (wallclock): 0.0573837 seconds

$ /home/daisy/GRB-Search-Pipeline/search-planning/build/sp_train /home/daisy/GRB-Search-Pipeline/results/training/maps/longlow/adapt_p11-715852394892384_a135-0_447_map.h5 /home/daisy/GRB-Search-Pipeline/search-planning/tilings/tiling_files/2.5x2.5_tiling.csv 6695 10.0 10.0 5.0 0 /home/daisy/GRB-Search-Pipeline/results/training/longlow_searching_2.5x2.5_tiling.csv
Input Parameters:
  file        = /home/daisy/GRB-Search-Pipeline/results/training/maps/longlow/adapt_p11-715852394892384_a135-0_447_map.h5
  source_tile = 6695
  slew_rate   = 10
  dwell_time  = 5
  output      = /home/daisy/GRB-Search-Pipeline/results/training/longlow_searching_2.5x2.5_tiling.csv

source = [78.2841, 135], n_src_events = 446, n_bkg_events = 193
Loaded 106 entries (unique=106, duplicates=0, missing=49046, out_of_bounds=0, non-finite=0)
Sum(prob) over finite entries = 0.999999
init sum: 0.999999
num pixels: 49152
tile num: 6781
total tile prob: 0.999999
tiles with prob > 0: 24
total tile prob after trim: 0.999999
num tiles after trim: 24
init_pos: 6694
*********running GCP*********
total time (wallclock): 0.0313815 seconds

$ /home/daisy/GRB-Search-Pipeline/search-planning/build/sp_train /home/daisy/GRB-Search-Pipeline/results/training/maps/longlow/adapt_p11-715852394892384_a135-0_448_map.h5 /home/daisy/GRB-Search-Pipeline/search-planning/tilings/tiling_files/2.5x2.5_tiling.csv 6695 10.0 10.0 5.0 0 /home/daisy/GRB-Search-Pipeline/results/training/longlow_searching_2.5x2.5_tiling.csv
Input Parameters:
  file        = /home/daisy/GRB-Search-Pipeline/results/training/maps/longlow/adapt_p11-715852394892384_a135-0_448_map.h5
  source_tile = 6695
  slew_rate   = 10
  dwell_time  = 5
  output      = /home/daisy/GRB-Search-Pipeline/results/training/longlow_searching_2.5x2.5_tiling.csv

source = [78.2841, 135], n_src_events = 764, n_bkg_events = 222
Loaded 49 entries (unique=49, duplicates=0, missing=49103, out_of_bounds=0, non-finite=0)
Sum(prob) over finite entries = 0.999999
init sum: 0.999999
num pixels: 49152
tile num: 6781
total tile prob: 0.999999
tiles with prob > 0: 12
total tile prob after trim: 0.999999
num tiles after trim: 12
init_pos: 6726
*********running GCP*********
total time (wallclock): 0.0311811 seconds

$ /home/daisy/GRB-Search-Pipeline/search-planning/build/sp_train /home/daisy/GRB-Search-Pipeline/results/training/maps/longlow/adapt_p11-715852394892384_a135-0_449_map.h5 /home/daisy/GRB-Search-Pipeline/search-planning/tilings/tiling_files/2.5x2.5_tiling.csv 6695 10.0 10.0 5.0 0 /home/daisy/GRB-Search-Pipeline/results/training/longlow_searching_2.5x2.5_tiling.csv
Input Parameters:
  file        = /home/daisy/GRB-Search-Pipeline/results/training/maps/longlow/adapt_p11-715852394892384_a135-0_449_map.h5
  source_tile = 6695
  slew_rate   = 10
  dwell_time  = 5
  output      = /home/daisy/GRB-Search-Pipeline/results/training/longlow_searching_2.5x2.5_tiling.csv

source = [78.2841, 135], n_src_events = 480, n_bkg_events = 386
Loaded 142 entries (unique=142, duplicates=0, missing=49010, out_of_bounds=0, non-finite=0)
Sum(prob) over finite entries = 0.999999
init sum: 0.999999
num pixels: 49152
tile num: 6781
total tile prob: 0.999999
tiles with prob > 0: 31
total tile prob after trim: 0.999999
num tiles after trim: 31
init_pos: 6662
*********running GCP*********
total time (wallclock): 0.0311897 seconds

$ /home/daisy/GRB-Search-Pipeline/search-planning/build/sp_train /home/daisy/GRB-Search-Pipeline/results/training/maps/longlow/adapt_p11-715852394892384_a135-0_44_map.h5 /home/daisy/GRB-Search-Pipeline/search-planning/tilings/tiling_files/2.5x2.5_tiling.csv 6695 10.0 10.0 5.0 0 /home/daisy/GRB-Search-Pipeline/results/training/longlow_searching_2.5x2.5_tiling.csv
Input Parameters:
  file        = /home/daisy/GRB-Search-Pipeline/results/training/maps/longlow/adapt_p11-715852394892384_a135-0_44_map.h5
  source_tile = 6695
  slew_rate   = 10
  dwell_time  = 5
  output      = /home/daisy/GRB-Search-Pipeline/results/training/longlow_searching_2.5x2.5_tiling.csv

source = [78.2841, 135], n_src_events = 286, n_bkg_events = 1023
Loaded 285 entries (unique=285, duplicates=0, missing=48867, out_of_bounds=0, non-finite=0)
Sum(prob) over finite entries = 0.999999
init sum: 0.999999
num pixels: 49152
tile num: 6781
total tile prob: 0.999999
tiles with prob > 0: 54
total tile prob after trim: 0.999999
num tiles after trim: 54
init_pos: 6568
*********running GCP*********
total time (wallclock): 0.0401155 seconds

$ /home/daisy/GRB-Search-Pipeline/search-planning/build/sp_train /home/daisy/GRB-Search-Pipeline/results/training/maps/longlow/adapt_p11-715852394892384_a135-0_450_map.h5 /home/daisy/GRB-Search-Pipeline/search-planning/tilings/tiling_files/2.5x2.5_tiling.csv 6695 10.0 10.0 5.0 0 /home/daisy/GRB-Search-Pipeline/results/training/longlow_searching_2.5x2.5_tiling.csv
Input Parameters:
  file        = /home/daisy/GRB-Search-Pipeline/results/training/maps/longlow/adapt_p11-715852394892384_a135-0_450_map.h5
  source_tile = 6695
  slew_rate   = 10
  dwell_time  = 5
  output      = /home/daisy/GRB-Search-Pipeline/results/training/longlow_searching_2.5x2.5_tiling.csv

source = [78.2841, 135], n_src_events = 505, n_bkg_events = 777
Loaded 136 entries (unique=136, duplicates=0, missing=49016, out_of_bounds=0, non-finite=0)
Sum(prob) over finite entries = 0.999998
init sum: 0.999998
num pixels: 49152
tile num: 6781
total tile prob: 0.999998
tiles with prob > 0: 29
total tile prob after trim: 0.999998
num tiles after trim: 29
init_pos: 6695
*********running GCP*********
total time (wallclock): 0.0315976 seconds

$ /home/daisy/GRB-Search-Pipeline/search-planning/build/sp_train /home/daisy/GRB-Search-Pipeline/results/training/maps/longlow/adapt_p11-715852394892384_a135-0_451_map.h5 /home/daisy/GRB-Search-Pipeline/search-planning/tilings/tiling_files/2.5x2.5_tiling.csv 6695 10.0 10.0 5.0 0 /home/daisy/GRB-Search-Pipeline/results/training/longlow_searching_2.5x2.5_tiling.csv
Input Parameters:
  file        = /home/daisy/GRB-Search-Pipeline/results/training/maps/longlow/adapt_p11-715852394892384_a135-0_451_map.h5
  source_tile = 6695
  slew_rate   = 10
  dwell_time  = 5
  output      = /home/daisy/GRB-Search-Pipeline/results/training/longlow_searching_2.5x2.5_tiling.csv

source = [78.2841, 135], n_src_events = 91, n_bkg_events = 600
Loaded 478 entries (unique=478, duplicates=0, missing=48674, out_of_bounds=0, non-finite=0)
Sum(prob) over finite entries = 0.999998
init sum: 0.999998
num pixels: 49152
tile num: 6781
total tile prob: 0.999998
tiles with prob > 0: 84
total tile prob after trim: 0.999998
num tiles after trim: 84
init_pos: 6566
*********running GCP*********
total time (wallclock): 0.0395322 seconds

$ /home/daisy/GRB-Search-Pipeline/search-planning/build/sp_train /home/daisy/GRB-Search-Pipeline/results/training/maps/longlow/adapt_p11-715852394892384_a135-0_452_map.h5 /home/daisy/GRB-Search-Pipeline/search-planning/tilings/tiling_files/2.5x2.5_tiling.csv 6695 10.0 10.0 5.0 0 /home/daisy/GRB-Search-Pipeline/results/training/longlow_searching_2.5x2.5_tiling.csv
Input Parameters:
  file        = /home/daisy/GRB-Search-Pipeline/results/training/maps/longlow/adapt_p11-715852394892384_a135-0_452_map.h5
  source_tile = 6695
  slew_rate   = 10
  dwell_time  = 5
  output      = /home/daisy/GRB-Search-Pipeline/results/training/longlow_searching_2.5x2.5_tiling.csv

source = [78.2841, 135], n_src_events = 103, n_bkg_events = 1098
Loaded 516 entries (unique=516, duplicates=0, missing=48636, out_of_bounds=0, non-finite=0)
Sum(prob) over finite entries = 0.999998
init sum: 0.999998
num pixels: 49152
tile num: 6781
total tile prob: 0.999998
tiles with prob > 0: 100
total tile prob after trim: 0.999998
num tiles after trim: 100
init_pos: 6700
*********running GCP*********
total time (wallclock): 0.0342173 seconds

$ /home/daisy/GRB-Search-Pipeline/search-planning/build/sp_train /home/daisy/GRB-Search-Pipeline/results/training/maps/longlow/adapt_p11-715852394892384_a135-0_453_map.h5 /home/daisy/GRB-Search-Pipeline/search-planning/tilings/tiling_files/2.5x2.5_tiling.csv 6695 10.0 10.0 5.0 0 /home/daisy/GRB-Search-Pipeline/results/training/longlow_searching_2.5x2.5_tiling.csv
Input Parameters:
  file        = /home/daisy/GRB-Search-Pipeline/results/training/maps/longlow/adapt_p11-715852394892384_a135-0_453_map.h5
  source_tile = 6695
  slew_rate   = 10
  dwell_time  = 5
  output      = /home/daisy/GRB-Search-Pipeline/results/training/longlow_searching_2.5x2.5_tiling.csv

source = [78.2841, 135], n_src_events = 254, n_bkg_events = 223
Loaded 367 entries (unique=367, duplicates=0, missing=48785, out_of_bounds=0, non-finite=0)
Sum(prob) over finite entries = 0.999998
init sum: 0.999998
num pixels: 49152
tile num: 6781
total tile prob: 0.999998
tiles with prob > 0: 69
total tile prob after trim: 0.999998
num tiles after trim: 69
init_pos: 6519
*********running GCP*********
total time (wallclock): 0.0975322 seconds

$ /home/daisy/GRB-Search-Pipeline/search-planning/build/sp_train /home/daisy/GRB-Search-Pipeline/results/training/maps/longlow/adapt_p11-715852394892384_a135-0_454_map.h5 /home/daisy/GRB-Search-Pipeline/search-planning/tilings/tiling_files/2.5x2.5_tiling.csv 6695 10.0 10.0 5.0 0 /home/daisy/GRB-Search-Pipeline/results/training/longlow_searching_2.5x2.5_tiling.csv
Input Parameters:
  file        = /home/daisy/GRB-Search-Pipeline/results/training/maps/longlow/adapt_p11-715852394892384_a135-0_454_map.h5
  source_tile = 6695
  slew_rate   = 10
  dwell_time  = 5
  output      = /home/daisy/GRB-Search-Pipeline/results/training/longlow_searching_2.5x2.5_tiling.csv

source = [78.2841, 135], n_src_events = 174, n_bkg_events = 690
Loaded 379 entries (unique=379, duplicates=0, missing=48773, out_of_bounds=0, non-finite=0)
Sum(prob) over finite entries = 0.999998
init sum: 0.999998
num pixels: 49152
tile num: 6781
total tile prob: 0.999998
tiles with prob > 0: 71
total tile prob after trim: 0.999998
num tiles after trim: 71
init_pos: 6521
*********running GCP*********
total time (wallclock): 0.0534986 seconds

$ /home/daisy/GRB-Search-Pipeline/search-planning/build/sp_train /home/daisy/GRB-Search-Pipeline/results/training/maps/longlow/adapt_p11-715852394892384_a135-0_455_map.h5 /home/daisy/GRB-Search-Pipeline/search-planning/tilings/tiling_files/2.5x2.5_tiling.csv 6695 10.0 10.0 5.0 0 /home/daisy/GRB-Search-Pipeline/results/training/longlow_searching_2.5x2.5_tiling.csv
Input Parameters:
  file        = /home/daisy/GRB-Search-Pipeline/results/training/maps/longlow/adapt_p11-715852394892384_a135-0_455_map.h5
  source_tile = 6695
  slew_rate   = 10
  dwell_time  = 5
  output      = /home/daisy/GRB-Search-Pipeline/results/training/longlow_searching_2.5x2.5_tiling.csv

source = [78.2841, 135], n_src_events = 423, n_bkg_events = 615
Loaded 123 entries (unique=123, duplicates=0, missing=49029, out_of_bounds=0, non-finite=0)
Sum(prob) over finite entries = 0.999998
init sum: 0.999998
num pixels: 49152
tile num: 6781
total tile prob: 0.999998
tiles with prob > 0: 24
total tile prob after trim: 0.999998
num tiles after trim: 24
init_pos: 6617
*********running GCP*********
total time (wallclock): 0.0328427 seconds

$ /home/daisy/GRB-Search-Pipeline/search-planning/build/sp_train /home/daisy/GRB-Search-Pipeline/results/training/maps/longlow/adapt_p11-715852394892384_a135-0_456_map.h5 /home/daisy/GRB-Search-Pipeline/search-planning/tilings/tiling_files/2.5x2.5_tiling.csv 6695 10.0 10.0 5.0 0 /home/daisy/GRB-Search-Pipeline/results/training/longlow_searching_2.5x2.5_tiling.csv
Input Parameters:
  file        = /home/daisy/GRB-Search-Pipeline/results/training/maps/longlow/adapt_p11-715852394892384_a135-0_456_map.h5
  source_tile = 6695
  slew_rate   = 10
  dwell_time  = 5
  output      = /home/daisy/GRB-Search-Pipeline/results/training/longlow_searching_2.5x2.5_tiling.csv

source = [78.2841, 135], n_src_events = 525, n_bkg_events = 612
Loaded 130 entries (unique=130, duplicates=0, missing=49022, out_of_bounds=0, non-finite=0)
Sum(prob) over finite entries = 0.999998
init sum: 0.999998
num pixels: 49152
tile num: 6781
total tile prob: 0.999998
tiles with prob > 0: 28
total tile prob after trim: 0.999998
num tiles after trim: 28
init_pos: 6620
*********running GCP*********
total time (wallclock): 0.0337425 seconds

$ /home/daisy/GRB-Search-Pipeline/search-planning/build/sp_train /home/daisy/GRB-Search-Pipeline/results/training/maps/longlow/adapt_p11-715852394892384_a135-0_457_map.h5 /home/daisy/GRB-Search-Pipeline/search-planning/tilings/tiling_files/2.5x2.5_tiling.csv 6695 10.0 10.0 5.0 0 /home/daisy/GRB-Search-Pipeline/results/training/longlow_searching_2.5x2.5_tiling.csv
Input Parameters:
  file        = /home/daisy/GRB-Search-Pipeline/results/training/maps/longlow/adapt_p11-715852394892384_a135-0_457_map.h5
  source_tile = 6695
  slew_rate   = 10
  dwell_time  = 5
  output      = /home/daisy/GRB-Search-Pipeline/results/training/longlow_searching_2.5x2.5_tiling.csv

source = [78.2841, 135], n_src_events = 181, n_bkg_events = 593
Loaded 602 entries (unique=602, duplicates=0, missing=48550, out_of_bounds=0, non-finite=0)
Sum(prob) over finite entries = 0.999998
init sum: 0.999998
num pixels: 49152
tile num: 6781
total tile prob: 0.999998
tiles with prob > 0: 99
total tile prob after trim: 0.999998
num tiles after trim: 99
init_pos: 6517
*********running GCP*********
total time (wallclock): 0.134859 seconds

$ /home/daisy/GRB-Search-Pipeline/search-planning/build/sp_train /home/daisy/GRB-Search-Pipeline/results/training/maps/longlow/adapt_p11-715852394892384_a135-0_458_map.h5 /home/daisy/GRB-Search-Pipeline/search-planning/tilings/tiling_files/2.5x2.5_tiling.csv 6695 10.0 10.0 5.0 0 /home/daisy/GRB-Search-Pipeline/results/training/longlow_searching_2.5x2.5_tiling.csv
Input Parameters:
  file        = /home/daisy/GRB-Search-Pipeline/results/training/maps/longlow/adapt_p11-715852394892384_a135-0_458_map.h5
  source_tile = 6695
  slew_rate   = 10
  dwell_time  = 5
  output      = /home/daisy/GRB-Search-Pipeline/results/training/longlow_searching_2.5x2.5_tiling.csv

source = [78.2841, 135], n_src_events = 207, n_bkg_events = 336
Loaded 331 entries (unique=331, duplicates=0, missing=48821, out_of_bounds=0, non-finite=0)
Sum(prob) over finite entries = 0.999999
init sum: 0.999999
num pixels: 49152
tile num: 6781
total tile prob: 0.999999
tiles with prob > 0: 60
total tile prob after trim: 0.999999
num tiles after trim: 60
init_pos: 6519
*********running GCP*********
total time (wallclock): 0.0533388 seconds

$ /home/daisy/GRB-Search-Pipeline/search-planning/build/sp_train /home/daisy/GRB-Search-Pipeline/results/training/maps/longlow/adapt_p11-715852394892384_a135-0_459_map.h5 /home/daisy/GRB-Search-Pipeline/search-planning/tilings/tiling_files/2.5x2.5_tiling.csv 6695 10.0 10.0 5.0 0 /home/daisy/GRB-Search-Pipeline/results/training/longlow_searching_2.5x2.5_tiling.csv
Input Parameters:
  file        = /home/daisy/GRB-Search-Pipeline/results/training/maps/longlow/adapt_p11-715852394892384_a135-0_459_map.h5
  source_tile = 6695
  slew_rate   = 10
  dwell_time  = 5
  output      = /home/daisy/GRB-Search-Pipeline/results/training/longlow_searching_2.5x2.5_tiling.csv

source = [78.2841, 135], n_src_events = 706, n_bkg_events = 483
Loaded 60 entries (unique=60, duplicates=0, missing=49092, out_of_bounds=0, non-finite=0)
Sum(prob) over finite entries = 0.999999
init sum: 0.999999
num pixels: 49152
tile num: 6781
total tile prob: 0.999999
tiles with prob > 0: 16
total tile prob after trim: 0.999999
num tiles after trim: 16
init_pos: 6696
*********running GCP*********
total time (wallclock): 0.0319533 seconds

$ /home/daisy/GRB-Search-Pipeline/search-planning/build/sp_train /home/daisy/GRB-Search-Pipeline/results/training/maps/longlow/adapt_p11-715852394892384_a135-0_45_map.h5 /home/daisy/GRB-Search-Pipeline/search-planning/tilings/tiling_files/2.5x2.5_tiling.csv 6695 10.0 10.0 5.0 0 /home/daisy/GRB-Search-Pipeline/results/training/longlow_searching_2.5x2.5_tiling.csv
Input Parameters:
  file        = /home/daisy/GRB-Search-Pipeline/results/training/maps/longlow/adapt_p11-715852394892384_a135-0_45_map.h5
  source_tile = 6695
  slew_rate   = 10
  dwell_time  = 5
  output      = /home/daisy/GRB-Search-Pipeline/results/training/longlow_searching_2.5x2.5_tiling.csv

source = [78.2841, 135], n_src_events = 495, n_bkg_events = 443
Loaded 170 entries (unique=170, duplicates=0, missing=48982, out_of_bounds=0, non-finite=0)
Sum(prob) over finite entries = 0.999999
init sum: 0.999999
num pixels: 49152
tile num: 6781
total tile prob: 0.999999
tiles with prob > 0: 37
total tile prob after trim: 0.999999
num tiles after trim: 37
init_pos: 6750
*********running GCP*********
total time (wallclock): 0.0375095 seconds

$ /home/daisy/GRB-Search-Pipeline/search-planning/build/sp_train /home/daisy/GRB-Search-Pipeline/results/training/maps/longlow/adapt_p11-715852394892384_a135-0_460_map.h5 /home/daisy/GRB-Search-Pipeline/search-planning/tilings/tiling_files/2.5x2.5_tiling.csv 6695 10.0 10.0 5.0 0 /home/daisy/GRB-Search-Pipeline/results/training/longlow_searching_2.5x2.5_tiling.csv
Input Parameters:
  file        = /home/daisy/GRB-Search-Pipeline/results/training/maps/longlow/adapt_p11-715852394892384_a135-0_460_map.h5
  source_tile = 6695
  slew_rate   = 10
  dwell_time  = 5
  output      = /home/daisy/GRB-Search-Pipeline/results/training/longlow_searching_2.5x2.5_tiling.csv

source = [78.2841, 135], n_src_events = 400, n_bkg_events = 677
Loaded 265 entries (unique=265, duplicates=0, missing=48887, out_of_bounds=0, non-finite=0)
Sum(prob) over finite entries = 0.999998
init sum: 0.999998
num pixels: 49152
tile num: 6781
total tile prob: 0.999998
tiles with prob > 0: 52
total tile prob after trim: 0.999998
num tiles after trim: 52
init_pos: 6523
*********running GCP*********
total time (wallclock): 0.0522914 seconds

$ /home/daisy/GRB-Search-Pipeline/search-planning/build/sp_train /home/daisy/GRB-Search-Pipeline/results/training/maps/longlow/adapt_p11-715852394892384_a135-0_461_map.h5 /home/daisy/GRB-Search-Pipeline/search-planning/tilings/tiling_files/2.5x2.5_tiling.csv 6695 10.0 10.0 5.0 0 /home/daisy/GRB-Search-Pipeline/results/training/longlow_searching_2.5x2.5_tiling.csv
Input Parameters:
  file        = /home/daisy/GRB-Search-Pipeline/results/training/maps/longlow/adapt_p11-715852394892384_a135-0_461_map.h5
  source_tile = 6695
  slew_rate   = 10
  dwell_time  = 5
  output      = /home/daisy/GRB-Search-Pipeline/results/training/longlow_searching_2.5x2.5_tiling.csv

source = [78.2841, 135], n_src_events = 648, n_bkg_events = 742
Loaded 64 entries (unique=64, duplicates=0, missing=49088, out_of_bounds=0, non-finite=0)
Sum(prob) over finite entries = 0.999999
init sum: 0.999999
num pixels: 49152
tile num: 6781
total tile prob: 0.999999
tiles with prob > 0: 13
total tile prob after trim: 0.999999
num tiles after trim: 13
init_pos: 6696
*********running GCP*********
total time (wallclock): 0.0326773 seconds

$ /home/daisy/GRB-Search-Pipeline/search-planning/build/sp_train /home/daisy/GRB-Search-Pipeline/results/training/maps/longlow/adapt_p11-715852394892384_a135-0_462_map.h5 /home/daisy/GRB-Search-Pipeline/search-planning/tilings/tiling_files/2.5x2.5_tiling.csv 6695 10.0 10.0 5.0 0 /home/daisy/GRB-Search-Pipeline/results/training/longlow_searching_2.5x2.5_tiling.csv
Input Parameters:
  file        = /home/daisy/GRB-Search-Pipeline/results/training/maps/longlow/adapt_p11-715852394892384_a135-0_462_map.h5
  source_tile = 6695
  slew_rate   = 10
  dwell_time  = 5
  output      = /home/daisy/GRB-Search-Pipeline/results/training/longlow_searching_2.5x2.5_tiling.csv

source = [78.2841, 135], n_src_events = 300, n_bkg_events = 687
Loaded 243 entries (unique=243, duplicates=0, missing=48909, out_of_bounds=0, non-finite=0)
Sum(prob) over finite entries = 0.999999
init sum: 0.999999
num pixels: 49152
tile num: 6781
total tile prob: 0.999999
tiles with prob > 0: 45
total tile prob after trim: 0.999999
num tiles after trim: 45
init_pos: 6695
*********running GCP*********
total time (wallclock): 0.0310757 seconds

$ /home/daisy/GRB-Search-Pipeline/search-planning/build/sp_train /home/daisy/GRB-Search-Pipeline/results/training/maps/longlow/adapt_p11-715852394892384_a135-0_463_map.h5 /home/daisy/GRB-Search-Pipeline/search-planning/tilings/tiling_files/2.5x2.5_tiling.csv 6695 10.0 10.0 5.0 0 /home/daisy/GRB-Search-Pipeline/results/training/longlow_searching_2.5x2.5_tiling.csv
Input Parameters:
  file        = /home/daisy/GRB-Search-Pipeline/results/training/maps/longlow/adapt_p11-715852394892384_a135-0_463_map.h5
  source_tile = 6695
  slew_rate   = 10
  dwell_time  = 5
  output      = /home/daisy/GRB-Search-Pipeline/results/training/longlow_searching_2.5x2.5_tiling.csv

source = [78.2841, 135], n_src_events = 349, n_bkg_events = 812
Loaded 168 entries (unique=168, duplicates=0, missing=48984, out_of_bounds=0, non-finite=0)
Sum(prob) over finite entries = 0.999999
init sum: 0.999999
num pixels: 49152
tile num: 6781
total tile prob: 0.999999
tiles with prob > 0: 32
total tile prob after trim: 0.999999
num tiles after trim: 32
init_pos: 6621
*********running GCP*********
total time (wallclock): 0.0378376 seconds

$ /home/daisy/GRB-Search-Pipeline/search-planning/build/sp_train /home/daisy/GRB-Search-Pipeline/results/training/maps/longlow/adapt_p11-715852394892384_a135-0_464_map.h5 /home/daisy/GRB-Search-Pipeline/search-planning/tilings/tiling_files/2.5x2.5_tiling.csv 6695 10.0 10.0 5.0 0 /home/daisy/GRB-Search-Pipeline/results/training/longlow_searching_2.5x2.5_tiling.csv
Input Parameters:
  file        = /home/daisy/GRB-Search-Pipeline/results/training/maps/longlow/adapt_p11-715852394892384_a135-0_464_map.h5
  source_tile = 6695
  slew_rate   = 10
  dwell_time  = 5
  output      = /home/daisy/GRB-Search-Pipeline/results/training/longlow_searching_2.5x2.5_tiling.csv

source = [78.2841, 135], n_src_events = 501, n_bkg_events = 812
Loaded 129 entries (unique=129, duplicates=0, missing=49023, out_of_bounds=0, non-finite=0)
Sum(prob) over finite entries = 0.999999
init sum: 0.999999
num pixels: 49152
tile num: 6781
total tile prob: 0.999999
tiles with prob > 0: 28
total tile prob after trim: 0.999999
num tiles after trim: 28
init_pos: 6724
*********running GCP*********
total time (wallclock): 0.0313508 seconds

$ /home/daisy/GRB-Search-Pipeline/search-planning/build/sp_train /home/daisy/GRB-Search-Pipeline/results/training/maps/longlow/adapt_p11-715852394892384_a135-0_465_map.h5 /home/daisy/GRB-Search-Pipeline/search-planning/tilings/tiling_files/2.5x2.5_tiling.csv 6695 10.0 10.0 5.0 0 /home/daisy/GRB-Search-Pipeline/results/training/longlow_searching_2.5x2.5_tiling.csv
Input Parameters:
  file        = /home/daisy/GRB-Search-Pipeline/results/training/maps/longlow/adapt_p11-715852394892384_a135-0_465_map.h5
  source_tile = 6695
  slew_rate   = 10
  dwell_time  = 5
  output      = /home/daisy/GRB-Search-Pipeline/results/training/longlow_searching_2.5x2.5_tiling.csv

source = [78.2841, 135], n_src_events = 656, n_bkg_events = 1067
Loaded 110 entries (unique=110, duplicates=0, missing=49042, out_of_bounds=0, non-finite=0)
Sum(prob) over finite entries = 0.999998
init sum: 0.999998
num pixels: 49152
tile num: 6781
total tile prob: 0.999998
tiles with prob > 0: 25
total tile prob after trim: 0.999998
num tiles after trim: 25
init_pos: 6661
*********running GCP*********
total time (wallclock): 0.0320148 seconds

$ /home/daisy/GRB-Search-Pipeline/search-planning/build/sp_train /home/daisy/GRB-Search-Pipeline/results/training/maps/longlow/adapt_p11-715852394892384_a135-0_466_map.h5 /home/daisy/GRB-Search-Pipeline/search-planning/tilings/tiling_files/2.5x2.5_tiling.csv 6695 10.0 10.0 5.0 0 /home/daisy/GRB-Search-Pipeline/results/training/longlow_searching_2.5x2.5_tiling.csv
Input Parameters:
  file        = /home/daisy/GRB-Search-Pipeline/results/training/maps/longlow/adapt_p11-715852394892384_a135-0_466_map.h5
  source_tile = 6695
  slew_rate   = 10
  dwell_time  = 5
  output      = /home/daisy/GRB-Search-Pipeline/results/training/longlow_searching_2.5x2.5_tiling.csv

source = [78.2841, 135], n_src_events = 788, n_bkg_events = 854
Loaded 52 entries (unique=52, duplicates=0, missing=49100, out_of_bounds=0, non-finite=0)
Sum(prob) over finite entries = 0.999999
init sum: 0.999999
num pixels: 49152
tile num: 6781
total tile prob: 0.999999
tiles with prob > 0: 13
total tile prob after trim: 0.999999
num tiles after trim: 13
init_pos: 6617
*********running GCP*********
total time (wallclock): 0.0334313 seconds

$ /home/daisy/GRB-Search-Pipeline/search-planning/build/sp_train /home/daisy/GRB-Search-Pipeline/results/training/maps/longlow/adapt_p11-715852394892384_a135-0_467_map.h5 /home/daisy/GRB-Search-Pipeline/search-planning/tilings/tiling_files/2.5x2.5_tiling.csv 6695 10.0 10.0 5.0 0 /home/daisy/GRB-Search-Pipeline/results/training/longlow_searching_2.5x2.5_tiling.csv
Input Parameters:
  file        = /home/daisy/GRB-Search-Pipeline/results/training/maps/longlow/adapt_p11-715852394892384_a135-0_467_map.h5
  source_tile = 6695
  slew_rate   = 10
  dwell_time  = 5
  output      = /home/daisy/GRB-Search-Pipeline/results/training/longlow_searching_2.5x2.5_tiling.csv

source = [78.2841, 135], n_src_events = 705, n_bkg_events = 917
Loaded 69 entries (unique=69, duplicates=0, missing=49083, out_of_bounds=0, non-finite=0)
Sum(prob) over finite entries = 0.999998
init sum: 0.999998
num pixels: 49152
tile num: 6781
total tile prob: 0.999998
tiles with prob > 0: 16
total tile prob after trim: 0.999998
num tiles after trim: 16
init_pos: 6617
*********running GCP*********
total time (wallclock): 0.0359228 seconds

$ /home/daisy/GRB-Search-Pipeline/search-planning/build/sp_train /home/daisy/GRB-Search-Pipeline/results/training/maps/longlow/adapt_p11-715852394892384_a135-0_468_map.h5 /home/daisy/GRB-Search-Pipeline/search-planning/tilings/tiling_files/2.5x2.5_tiling.csv 6695 10.0 10.0 5.0 0 /home/daisy/GRB-Search-Pipeline/results/training/longlow_searching_2.5x2.5_tiling.csv
Input Parameters:
  file        = /home/daisy/GRB-Search-Pipeline/results/training/maps/longlow/adapt_p11-715852394892384_a135-0_468_map.h5
  source_tile = 6695
  slew_rate   = 10
  dwell_time  = 5
  output      = /home/daisy/GRB-Search-Pipeline/results/training/longlow_searching_2.5x2.5_tiling.csv

source = [78.2841, 135], n_src_events = 124, n_bkg_events = 265
Loaded 380 entries (unique=380, duplicates=0, missing=48772, out_of_bounds=0, non-finite=0)
Sum(prob) over finite entries = 0.999998
init sum: 0.999998
num pixels: 49152
tile num: 6781
total tile prob: 0.999998
tiles with prob > 0: 76
total tile prob after trim: 0.999998
num tiles after trim: 76
init_pos: 6747
*********running GCP*********
total time (wallclock): 0.0353171 seconds

$ /home/daisy/GRB-Search-Pipeline/search-planning/build/sp_train /home/daisy/GRB-Search-Pipeline/results/training/maps/longlow/adapt_p11-715852394892384_a135-0_469_map.h5 /home/daisy/GRB-Search-Pipeline/search-planning/tilings/tiling_files/2.5x2.5_tiling.csv 6695 10.0 10.0 5.0 0 /home/daisy/GRB-Search-Pipeline/results/training/longlow_searching_2.5x2.5_tiling.csv
Input Parameters:
  file        = /home/daisy/GRB-Search-Pipeline/results/training/maps/longlow/adapt_p11-715852394892384_a135-0_469_map.h5
  source_tile = 6695
  slew_rate   = 10
  dwell_time  = 5
  output      = /home/daisy/GRB-Search-Pipeline/results/training/longlow_searching_2.5x2.5_tiling.csv

source = [78.2841, 135], n_src_events = 684, n_bkg_events = 1022
Loaded 75 entries (unique=75, duplicates=0, missing=49077, out_of_bounds=0, non-finite=0)
Sum(prob) over finite entries = 0.999999
init sum: 0.999999
num pixels: 49152
tile num: 6781
total tile prob: 0.999999
tiles with prob > 0: 17
total tile prob after trim: 0.999999
num tiles after trim: 17
init_pos: 6695
*********running GCP*********
total time (wallclock): 0.0304918 seconds

$ /home/daisy/GRB-Search-Pipeline/search-planning/build/sp_train /home/daisy/GRB-Search-Pipeline/results/training/maps/longlow/adapt_p11-715852394892384_a135-0_46_map.h5 /home/daisy/GRB-Search-Pipeline/search-planning/tilings/tiling_files/2.5x2.5_tiling.csv 6695 10.0 10.0 5.0 0 /home/daisy/GRB-Search-Pipeline/results/training/longlow_searching_2.5x2.5_tiling.csv
Input Parameters:
  file        = /home/daisy/GRB-Search-Pipeline/results/training/maps/longlow/adapt_p11-715852394892384_a135-0_46_map.h5
  source_tile = 6695
  slew_rate   = 10
  dwell_time  = 5
  output      = /home/daisy/GRB-Search-Pipeline/results/training/longlow_searching_2.5x2.5_tiling.csv

source = [78.2841, 135], n_src_events = 453, n_bkg_events = 1037
Loaded 190 entries (unique=190, duplicates=0, missing=48962, out_of_bounds=0, non-finite=0)
Sum(prob) over finite entries = 0.999998
init sum: 0.999998
num pixels: 49152
tile num: 6781
total tile prob: 0.999998
tiles with prob > 0: 39
total tile prob after trim: 0.999998
num tiles after trim: 39
init_pos: 6662
*********running GCP*********
total time (wallclock): 0.0501789 seconds

$ /home/daisy/GRB-Search-Pipeline/search-planning/build/sp_train /home/daisy/GRB-Search-Pipeline/results/training/maps/longlow/adapt_p11-715852394892384_a135-0_470_map.h5 /home/daisy/GRB-Search-Pipeline/search-planning/tilings/tiling_files/2.5x2.5_tiling.csv 6695 10.0 10.0 5.0 0 /home/daisy/GRB-Search-Pipeline/results/training/longlow_searching_2.5x2.5_tiling.csv
Input Parameters:
  file        = /home/daisy/GRB-Search-Pipeline/results/training/maps/longlow/adapt_p11-715852394892384_a135-0_470_map.h5
  source_tile = 6695
  slew_rate   = 10
  dwell_time  = 5
  output      = /home/daisy/GRB-Search-Pipeline/results/training/longlow_searching_2.5x2.5_tiling.csv

source = [78.2841, 135], n_src_events = 744, n_bkg_events = 208
Loaded 46 entries (unique=46, duplicates=0, missing=49106, out_of_bounds=0, non-finite=0)
Sum(prob) over finite entries = 0.999999
init sum: 0.999999
num pixels: 49152
tile num: 6781
total tile prob: 0.999999
tiles with prob > 0: 14
total tile prob after trim: 0.999999
num tiles after trim: 14
init_pos: 6659
*********running GCP*********
total time (wallclock): 0.0326828 seconds

$ /home/daisy/GRB-Search-Pipeline/search-planning/build/sp_train /home/daisy/GRB-Search-Pipeline/results/training/maps/longlow/adapt_p11-715852394892384_a135-0_471_map.h5 /home/daisy/GRB-Search-Pipeline/search-planning/tilings/tiling_files/2.5x2.5_tiling.csv 6695 10.0 10.0 5.0 0 /home/daisy/GRB-Search-Pipeline/results/training/longlow_searching_2.5x2.5_tiling.csv
Input Parameters:
  file        = /home/daisy/GRB-Search-Pipeline/results/training/maps/longlow/adapt_p11-715852394892384_a135-0_471_map.h5
  source_tile = 6695
  slew_rate   = 10
  dwell_time  = 5
  output      = /home/daisy/GRB-Search-Pipeline/results/training/longlow_searching_2.5x2.5_tiling.csv

source = [78.2841, 135], n_src_events = 439, n_bkg_events = 286
Loaded 90 entries (unique=90, duplicates=0, missing=49062, out_of_bounds=0, non-finite=0)
Sum(prob) over finite entries = 0.999999
init sum: 0.999999
num pixels: 49152
tile num: 6781
total tile prob: 0.999999
tiles with prob > 0: 20
total tile prob after trim: 0.999999
num tiles after trim: 20
init_pos: 6696
*********running GCP*********
total time (wallclock): 0.033833 seconds

$ /home/daisy/GRB-Search-Pipeline/search-planning/build/sp_train /home/daisy/GRB-Search-Pipeline/results/training/maps/longlow/adapt_p11-715852394892384_a135-0_472_map.h5 /home/daisy/GRB-Search-Pipeline/search-planning/tilings/tiling_files/2.5x2.5_tiling.csv 6695 10.0 10.0 5.0 0 /home/daisy/GRB-Search-Pipeline/results/training/longlow_searching_2.5x2.5_tiling.csv
Input Parameters:
  file        = /home/daisy/GRB-Search-Pipeline/results/training/maps/longlow/adapt_p11-715852394892384_a135-0_472_map.h5
  source_tile = 6695
  slew_rate   = 10
  dwell_time  = 5
  output      = /home/daisy/GRB-Search-Pipeline/results/training/longlow_searching_2.5x2.5_tiling.csv

source = [78.2841, 135], n_src_events = 511, n_bkg_events = 738
Loaded 105 entries (unique=105, duplicates=0, missing=49047, out_of_bounds=0, non-finite=0)
Sum(prob) over finite entries = 0.999999
init sum: 0.999999
num pixels: 49152
tile num: 6781
total tile prob: 0.999999
tiles with prob > 0: 24
total tile prob after trim: 0.999999
num tiles after trim: 24
init_pos: 6726
*********running GCP*********
total time (wallclock): 0.0320637 seconds

$ /home/daisy/GRB-Search-Pipeline/search-planning/build/sp_train /home/daisy/GRB-Search-Pipeline/results/training/maps/longlow/adapt_p11-715852394892384_a135-0_473_map.h5 /home/daisy/GRB-Search-Pipeline/search-planning/tilings/tiling_files/2.5x2.5_tiling.csv 6695 10.0 10.0 5.0 0 /home/daisy/GRB-Search-Pipeline/results/training/longlow_searching_2.5x2.5_tiling.csv
Input Parameters:
  file        = /home/daisy/GRB-Search-Pipeline/results/training/maps/longlow/adapt_p11-715852394892384_a135-0_473_map.h5
  source_tile = 6695
  slew_rate   = 10
  dwell_time  = 5
  output      = /home/daisy/GRB-Search-Pipeline/results/training/longlow_searching_2.5x2.5_tiling.csv

source = [78.2841, 135], n_src_events = 613, n_bkg_events = 537
Loaded 83 entries (unique=83, duplicates=0, missing=49069, out_of_bounds=0, non-finite=0)
Sum(prob) over finite entries = 0.999999
init sum: 0.999999
num pixels: 49152
tile num: 6781
total tile prob: 0.999999
tiles with prob > 0: 18
total tile prob after trim: 0.999999
num tiles after trim: 18
init_pos: 6574
*********running GCP*********
total time (wallclock): 0.0364015 seconds

$ /home/daisy/GRB-Search-Pipeline/search-planning/build/sp_train /home/daisy/GRB-Search-Pipeline/results/training/maps/longlow/adapt_p11-715852394892384_a135-0_474_map.h5 /home/daisy/GRB-Search-Pipeline/search-planning/tilings/tiling_files/2.5x2.5_tiling.csv 6695 10.0 10.0 5.0 0 /home/daisy/GRB-Search-Pipeline/results/training/longlow_searching_2.5x2.5_tiling.csv
Input Parameters:
  file        = /home/daisy/GRB-Search-Pipeline/results/training/maps/longlow/adapt_p11-715852394892384_a135-0_474_map.h5
  source_tile = 6695
  slew_rate   = 10
  dwell_time  = 5
  output      = /home/daisy/GRB-Search-Pipeline/results/training/longlow_searching_2.5x2.5_tiling.csv

source = [78.2841, 135], n_src_events = 729, n_bkg_events = 296
Loaded 54 entries (unique=54, duplicates=0, missing=49098, out_of_bounds=0, non-finite=0)
Sum(prob) over finite entries = 0.999998
init sum: 0.999998
num pixels: 49152
tile num: 6781
total tile prob: 0.999998
tiles with prob > 0: 13
total tile prob after trim: 0.999998
num tiles after trim: 13
init_pos: 6619
*********running GCP*********
total time (wallclock): 0.0325427 seconds

$ /home/daisy/GRB-Search-Pipeline/search-planning/build/sp_train /home/daisy/GRB-Search-Pipeline/results/training/maps/longlow/adapt_p11-715852394892384_a135-0_475_map.h5 /home/daisy/GRB-Search-Pipeline/search-planning/tilings/tiling_files/2.5x2.5_tiling.csv 6695 10.0 10.0 5.0 0 /home/daisy/GRB-Search-Pipeline/results/training/longlow_searching_2.5x2.5_tiling.csv
Input Parameters:
  file        = /home/daisy/GRB-Search-Pipeline/results/training/maps/longlow/adapt_p11-715852394892384_a135-0_475_map.h5
  source_tile = 6695
  slew_rate   = 10
  dwell_time  = 5
  output      = /home/daisy/GRB-Search-Pipeline/results/training/longlow_searching_2.5x2.5_tiling.csv

source = [78.2841, 135], n_src_events = 194, n_bkg_events = 966
Loaded 349 entries (unique=349, duplicates=0, missing=48803, out_of_bounds=0, non-finite=0)
Sum(prob) over finite entries = 0.999998
init sum: 0.999998
num pixels: 49152
tile num: 6781
total tile prob: 0.999998
tiles with prob > 0: 62
total tile prob after trim: 0.999998
num tiles after trim: 62
init_pos: 6696
*********running GCP*********
total time (wallclock): 0.0398046 seconds

$ /home/daisy/GRB-Search-Pipeline/search-planning/build/sp_train /home/daisy/GRB-Search-Pipeline/results/training/maps/longlow/adapt_p11-715852394892384_a135-0_476_map.h5 /home/daisy/GRB-Search-Pipeline/search-planning/tilings/tiling_files/2.5x2.5_tiling.csv 6695 10.0 10.0 5.0 0 /home/daisy/GRB-Search-Pipeline/results/training/longlow_searching_2.5x2.5_tiling.csv
Input Parameters:
  file        = /home/daisy/GRB-Search-Pipeline/results/training/maps/longlow/adapt_p11-715852394892384_a135-0_476_map.h5
  source_tile = 6695
  slew_rate   = 10
  dwell_time  = 5
  output      = /home/daisy/GRB-Search-Pipeline/results/training/longlow_searching_2.5x2.5_tiling.csv

source = [78.2841, 135], n_src_events = 103, n_bkg_events = 777
Loaded 1128 entries (unique=1128, duplicates=0, missing=48024, out_of_bounds=0, non-finite=0)
Sum(prob) over finite entries = 0.999994
init sum: 0.999994
num pixels: 49152
tile num: 6781
total tile prob: 0.999994
tiles with prob > 0: 196
total tile prob after trim: 0.999994
num tiles after trim: 196
init_pos: 6579
*********running GCP*********
total time (wallclock): 0.0462158 seconds

$ /home/daisy/GRB-Search-Pipeline/search-planning/build/sp_train /home/daisy/GRB-Search-Pipeline/results/training/maps/longlow/adapt_p11-715852394892384_a135-0_477_map.h5 /home/daisy/GRB-Search-Pipeline/search-planning/tilings/tiling_files/2.5x2.5_tiling.csv 6695 10.0 10.0 5.0 0 /home/daisy/GRB-Search-Pipeline/results/training/longlow_searching_2.5x2.5_tiling.csv
Input Parameters:
  file        = /home/daisy/GRB-Search-Pipeline/results/training/maps/longlow/adapt_p11-715852394892384_a135-0_477_map.h5
  source_tile = 6695
  slew_rate   = 10
  dwell_time  = 5
  output      = /home/daisy/GRB-Search-Pipeline/results/training/longlow_searching_2.5x2.5_tiling.csv

source = [78.2841, 135], n_src_events = 158, n_bkg_events = 1119
Loaded 983 entries (unique=983, duplicates=0, missing=48169, out_of_bounds=0, non-finite=0)
Sum(prob) over finite entries = 0.999995
init sum: 0.999995
num pixels: 49152
tile num: 6781
total tile prob: 0.999995
tiles with prob > 0: 165
total tile prob after trim: 0.999995
num tiles after trim: 165
init_pos: 6242
*********running GCP*********
total time (wallclock): 0.199675 seconds

$ /home/daisy/GRB-Search-Pipeline/search-planning/build/sp_train /home/daisy/GRB-Search-Pipeline/results/training/maps/longlow/adapt_p11-715852394892384_a135-0_478_map.h5 /home/daisy/GRB-Search-Pipeline/search-planning/tilings/tiling_files/2.5x2.5_tiling.csv 6695 10.0 10.0 5.0 0 /home/daisy/GRB-Search-Pipeline/results/training/longlow_searching_2.5x2.5_tiling.csv
Input Parameters:
  file        = /home/daisy/GRB-Search-Pipeline/results/training/maps/longlow/adapt_p11-715852394892384_a135-0_478_map.h5
  source_tile = 6695
  slew_rate   = 10
  dwell_time  = 5
  output      = /home/daisy/GRB-Search-Pipeline/results/training/longlow_searching_2.5x2.5_tiling.csv

source = [78.2841, 135], n_src_events = 673, n_bkg_events = 307
Loaded 53 entries (unique=53, duplicates=0, missing=49099, out_of_bounds=0, non-finite=0)
Sum(prob) over finite entries = 0.999998
init sum: 0.999998
num pixels: 49152
tile num: 6781
total tile prob: 0.999998
tiles with prob > 0: 12
total tile prob after trim: 0.999998
num tiles after trim: 12
init_pos: 6659
*********running GCP*********
total time (wallclock): 0.0332718 seconds

$ /home/daisy/GRB-Search-Pipeline/search-planning/build/sp_train /home/daisy/GRB-Search-Pipeline/results/training/maps/longlow/adapt_p11-715852394892384_a135-0_479_map.h5 /home/daisy/GRB-Search-Pipeline/search-planning/tilings/tiling_files/2.5x2.5_tiling.csv 6695 10.0 10.0 5.0 0 /home/daisy/GRB-Search-Pipeline/results/training/longlow_searching_2.5x2.5_tiling.csv
Input Parameters:
  file        = /home/daisy/GRB-Search-Pipeline/results/training/maps/longlow/adapt_p11-715852394892384_a135-0_479_map.h5
  source_tile = 6695
  slew_rate   = 10
  dwell_time  = 5
  output      = /home/daisy/GRB-Search-Pipeline/results/training/longlow_searching_2.5x2.5_tiling.csv

source = [78.2841, 135], n_src_events = 658, n_bkg_events = 1091
Loaded 101 entries (unique=101, duplicates=0, missing=49051, out_of_bounds=0, non-finite=0)
Sum(prob) over finite entries = 0.999999
init sum: 0.999999
num pixels: 49152
tile num: 6781
total tile prob: 0.999999
tiles with prob > 0: 24
total tile prob after trim: 0.999999
num tiles after trim: 24
init_pos: 6724
*********running GCP*********
total time (wallclock): 0.0317873 seconds

$ /home/daisy/GRB-Search-Pipeline/search-planning/build/sp_train /home/daisy/GRB-Search-Pipeline/results/training/maps/longlow/adapt_p11-715852394892384_a135-0_47_map.h5 /home/daisy/GRB-Search-Pipeline/search-planning/tilings/tiling_files/2.5x2.5_tiling.csv 6695 10.0 10.0 5.0 0 /home/daisy/GRB-Search-Pipeline/results/training/longlow_searching_2.5x2.5_tiling.csv
Input Parameters:
  file        = /home/daisy/GRB-Search-Pipeline/results/training/maps/longlow/adapt_p11-715852394892384_a135-0_47_map.h5
  source_tile = 6695
  slew_rate   = 10
  dwell_time  = 5
  output      = /home/daisy/GRB-Search-Pipeline/results/training/longlow_searching_2.5x2.5_tiling.csv

source = [78.2841, 135], n_src_events = 388, n_bkg_events = 501
Loaded 181 entries (unique=181, duplicates=0, missing=48971, out_of_bounds=0, non-finite=0)
Sum(prob) over finite entries = 0.999999
init sum: 0.999999
num pixels: 49152
tile num: 6781
total tile prob: 0.999999
tiles with prob > 0: 37
total tile prob after trim: 0.999999
num tiles after trim: 37
init_pos: 6658
*********running GCP*********
total time (wallclock): 0.0313926 seconds

$ /home/daisy/GRB-Search-Pipeline/search-planning/build/sp_train /home/daisy/GRB-Search-Pipeline/results/training/maps/longlow/adapt_p11-715852394892384_a135-0_480_map.h5 /home/daisy/GRB-Search-Pipeline/search-planning/tilings/tiling_files/2.5x2.5_tiling.csv 6695 10.0 10.0 5.0 0 /home/daisy/GRB-Search-Pipeline/results/training/longlow_searching_2.5x2.5_tiling.csv
Input Parameters:
  file        = /home/daisy/GRB-Search-Pipeline/results/training/maps/longlow/adapt_p11-715852394892384_a135-0_480_map.h5
  source_tile = 6695
  slew_rate   = 10
  dwell_time  = 5
  output      = /home/daisy/GRB-Search-Pipeline/results/training/longlow_searching_2.5x2.5_tiling.csv

source = [78.2841, 135], n_src_events = 465, n_bkg_events = 1098
Loaded 127 entries (unique=127, duplicates=0, missing=49025, out_of_bounds=0, non-finite=0)
Sum(prob) over finite entries = 0.999999
init sum: 0.999999
num pixels: 49152
tile num: 6781
total tile prob: 0.999999
tiles with prob > 0: 24
total tile prob after trim: 0.999999
num tiles after trim: 24
init_pos: 6661
*********running GCP*********
total time (wallclock): 0.0375826 seconds

$ /home/daisy/GRB-Search-Pipeline/search-planning/build/sp_train /home/daisy/GRB-Search-Pipeline/results/training/maps/longlow/adapt_p11-715852394892384_a135-0_481_map.h5 /home/daisy/GRB-Search-Pipeline/search-planning/tilings/tiling_files/2.5x2.5_tiling.csv 6695 10.0 10.0 5.0 0 /home/daisy/GRB-Search-Pipeline/results/training/longlow_searching_2.5x2.5_tiling.csv
Input Parameters:
  file        = /home/daisy/GRB-Search-Pipeline/results/training/maps/longlow/adapt_p11-715852394892384_a135-0_481_map.h5
  source_tile = 6695
  slew_rate   = 10
  dwell_time  = 5
  output      = /home/daisy/GRB-Search-Pipeline/results/training/longlow_searching_2.5x2.5_tiling.csv

source = [78.2841, 135], n_src_events = 393, n_bkg_events = 842
Loaded 202 entries (unique=202, duplicates=0, missing=48950, out_of_bounds=0, non-finite=0)
Sum(prob) over finite entries = 0.999998
init sum: 0.999998
num pixels: 49152
tile num: 6781
total tile prob: 0.999998
tiles with prob > 0: 40
total tile prob after trim: 0.999998
num tiles after trim: 40
init_pos: 6693
*********running GCP*********
total time (wallclock): 0.0321604 seconds

$ /home/daisy/GRB-Search-Pipeline/search-planning/build/sp_train /home/daisy/GRB-Search-Pipeline/results/training/maps/longlow/adapt_p11-715852394892384_a135-0_482_map.h5 /home/daisy/GRB-Search-Pipeline/search-planning/tilings/tiling_files/2.5x2.5_tiling.csv 6695 10.0 10.0 5.0 0 /home/daisy/GRB-Search-Pipeline/results/training/longlow_searching_2.5x2.5_tiling.csv
Input Parameters:
  file        = /home/daisy/GRB-Search-Pipeline/results/training/maps/longlow/adapt_p11-715852394892384_a135-0_482_map.h5
  source_tile = 6695
  slew_rate   = 10
  dwell_time  = 5
  output      = /home/daisy/GRB-Search-Pipeline/results/training/longlow_searching_2.5x2.5_tiling.csv

source = [78.2841, 135], n_src_events = 269, n_bkg_events = 798
Loaded 353 entries (unique=353, duplicates=0, missing=48799, out_of_bounds=0, non-finite=0)
Sum(prob) over finite entries = 0.999999
init sum: 0.999999
num pixels: 49152
tile num: 6781
total tile prob: 0.999999
tiles with prob > 0: 65
total tile prob after trim: 0.999999
num tiles after trim: 65
init_pos: 6568
*********running GCP*********
total time (wallclock): 0.0551833 seconds

$ /home/daisy/GRB-Search-Pipeline/search-planning/build/sp_train /home/daisy/GRB-Search-Pipeline/results/training/maps/longlow/adapt_p11-715852394892384_a135-0_483_map.h5 /home/daisy/GRB-Search-Pipeline/search-planning/tilings/tiling_files/2.5x2.5_tiling.csv 6695 10.0 10.0 5.0 0 /home/daisy/GRB-Search-Pipeline/results/training/longlow_searching_2.5x2.5_tiling.csv
Input Parameters:
  file        = /home/daisy/GRB-Search-Pipeline/results/training/maps/longlow/adapt_p11-715852394892384_a135-0_483_map.h5
  source_tile = 6695
  slew_rate   = 10
  dwell_time  = 5
  output      = /home/daisy/GRB-Search-Pipeline/results/training/longlow_searching_2.5x2.5_tiling.csv

source = [78.2841, 135], n_src_events = 507, n_bkg_events = 335
Loaded 71 entries (unique=71, duplicates=0, missing=49081, out_of_bounds=0, non-finite=0)
Sum(prob) over finite entries = 0.999998
init sum: 0.999998
num pixels: 49152
tile num: 6781
total tile prob: 0.999998
tiles with prob > 0: 16
total tile prob after trim: 0.999998
num tiles after trim: 16
init_pos: 6617
*********running GCP*********
total time (wallclock): 0.0336229 seconds

$ /home/daisy/GRB-Search-Pipeline/search-planning/build/sp_train /home/daisy/GRB-Search-Pipeline/results/training/maps/longlow/adapt_p11-715852394892384_a135-0_484_map.h5 /home/daisy/GRB-Search-Pipeline/search-planning/tilings/tiling_files/2.5x2.5_tiling.csv 6695 10.0 10.0 5.0 0 /home/daisy/GRB-Search-Pipeline/results/training/longlow_searching_2.5x2.5_tiling.csv
Input Parameters:
  file        = /home/daisy/GRB-Search-Pipeline/results/training/maps/longlow/adapt_p11-715852394892384_a135-0_484_map.h5
  source_tile = 6695
  slew_rate   = 10
  dwell_time  = 5
  output      = /home/daisy/GRB-Search-Pipeline/results/training/longlow_searching_2.5x2.5_tiling.csv

source = [78.2841, 135], n_src_events = 338, n_bkg_events = 874
Loaded 231 entries (unique=231, duplicates=0, missing=48921, out_of_bounds=0, non-finite=0)
Sum(prob) over finite entries = 0.999999
init sum: 0.999999
num pixels: 49152
tile num: 6781
total tile prob: 0.999999
tiles with prob > 0: 42
total tile prob after trim: 0.999999
num tiles after trim: 42
init_pos: 6569
*********running GCP*********
total time (wallclock): 0.0504318 seconds

$ /home/daisy/GRB-Search-Pipeline/search-planning/build/sp_train /home/daisy/GRB-Search-Pipeline/results/training/maps/longlow/adapt_p11-715852394892384_a135-0_485_map.h5 /home/daisy/GRB-Search-Pipeline/search-planning/tilings/tiling_files/2.5x2.5_tiling.csv 6695 10.0 10.0 5.0 0 /home/daisy/GRB-Search-Pipeline/results/training/longlow_searching_2.5x2.5_tiling.csv
Input Parameters:
  file        = /home/daisy/GRB-Search-Pipeline/results/training/maps/longlow/adapt_p11-715852394892384_a135-0_485_map.h5
  source_tile = 6695
  slew_rate   = 10
  dwell_time  = 5
  output      = /home/daisy/GRB-Search-Pipeline/results/training/longlow_searching_2.5x2.5_tiling.csv

source = [78.2841, 135], n_src_events = 137, n_bkg_events = 1043
Loaded 595 entries (unique=595, duplicates=0, missing=48557, out_of_bounds=0, non-finite=0)
Sum(prob) over finite entries = 0.999998
init sum: 0.999998
num pixels: 49152
tile num: 6781
total tile prob: 0.999998
tiles with prob > 0: 110
total tile prob after trim: 0.999998
num tiles after trim: 110
init_pos: 6575
*********running GCP*********
total time (wallclock): 0.0424312 seconds

$ /home/daisy/GRB-Search-Pipeline/search-planning/build/sp_train /home/daisy/GRB-Search-Pipeline/results/training/maps/longlow/adapt_p11-715852394892384_a135-0_486_map.h5 /home/daisy/GRB-Search-Pipeline/search-planning/tilings/tiling_files/2.5x2.5_tiling.csv 6695 10.0 10.0 5.0 0 /home/daisy/GRB-Search-Pipeline/results/training/longlow_searching_2.5x2.5_tiling.csv
Input Parameters:
  file        = /home/daisy/GRB-Search-Pipeline/results/training/maps/longlow/adapt_p11-715852394892384_a135-0_486_map.h5
  source_tile = 6695
  slew_rate   = 10
  dwell_time  = 5
  output      = /home/daisy/GRB-Search-Pipeline/results/training/longlow_searching_2.5x2.5_tiling.csv

source = [78.2841, 135], n_src_events = 161, n_bkg_events = 622
Loaded 249 entries (unique=249, duplicates=0, missing=48903, out_of_bounds=0, non-finite=0)
Sum(prob) over finite entries = 0.999998
init sum: 0.999998
num pixels: 49152
tile num: 6781
total tile prob: 0.999998
tiles with prob > 0: 44
total tile prob after trim: 0.999998
num tiles after trim: 44
init_pos: 6458
*********running GCP*********
total time (wallclock): 0.058201 seconds

$ /home/daisy/GRB-Search-Pipeline/search-planning/build/sp_train /home/daisy/GRB-Search-Pipeline/results/training/maps/longlow/adapt_p11-715852394892384_a135-0_487_map.h5 /home/daisy/GRB-Search-Pipeline/search-planning/tilings/tiling_files/2.5x2.5_tiling.csv 6695 10.0 10.0 5.0 0 /home/daisy/GRB-Search-Pipeline/results/training/longlow_searching_2.5x2.5_tiling.csv
Input Parameters:
  file        = /home/daisy/GRB-Search-Pipeline/results/training/maps/longlow/adapt_p11-715852394892384_a135-0_487_map.h5
  source_tile = 6695
  slew_rate   = 10
  dwell_time  = 5
  output      = /home/daisy/GRB-Search-Pipeline/results/training/longlow_searching_2.5x2.5_tiling.csv

source = [78.2841, 135], n_src_events = 672, n_bkg_events = 612
Loaded 63 entries (unique=63, duplicates=0, missing=49089, out_of_bounds=0, non-finite=0)
Sum(prob) over finite entries = 0.999998
init sum: 0.999998
num pixels: 49152
tile num: 6781
total tile prob: 0.999998
tiles with prob > 0: 14
total tile prob after trim: 0.999998
num tiles after trim: 14
init_pos: 6696
*********running GCP*********
total time (wallclock): 0.0335168 seconds

$ /home/daisy/GRB-Search-Pipeline/search-planning/build/sp_train /home/daisy/GRB-Search-Pipeline/results/training/maps/longlow/adapt_p11-715852394892384_a135-0_488_map.h5 /home/daisy/GRB-Search-Pipeline/search-planning/tilings/tiling_files/2.5x2.5_tiling.csv 6695 10.0 10.0 5.0 0 /home/daisy/GRB-Search-Pipeline/results/training/longlow_searching_2.5x2.5_tiling.csv
Input Parameters:
  file        = /home/daisy/GRB-Search-Pipeline/results/training/maps/longlow/adapt_p11-715852394892384_a135-0_488_map.h5
  source_tile = 6695
  slew_rate   = 10
  dwell_time  = 5
  output      = /home/daisy/GRB-Search-Pipeline/results/training/longlow_searching_2.5x2.5_tiling.csv

source = [78.2841, 135], n_src_events = 612, n_bkg_events = 573
Loaded 91 entries (unique=91, duplicates=0, missing=49061, out_of_bounds=0, non-finite=0)
Sum(prob) over finite entries = 0.999999
init sum: 0.999999
num pixels: 49152
tile num: 6781
total tile prob: 0.999999
tiles with prob > 0: 21
total tile prob after trim: 0.999999
num tiles after trim: 21
init_pos: 6661
*********running GCP*********
total time (wallclock): 0.0313776 seconds

$ /home/daisy/GRB-Search-Pipeline/search-planning/build/sp_train /home/daisy/GRB-Search-Pipeline/results/training/maps/longlow/adapt_p11-715852394892384_a135-0_489_map.h5 /home/daisy/GRB-Search-Pipeline/search-planning/tilings/tiling_files/2.5x2.5_tiling.csv 6695 10.0 10.0 5.0 0 /home/daisy/GRB-Search-Pipeline/results/training/longlow_searching_2.5x2.5_tiling.csv
Input Parameters:
  file        = /home/daisy/GRB-Search-Pipeline/results/training/maps/longlow/adapt_p11-715852394892384_a135-0_489_map.h5
  source_tile = 6695
  slew_rate   = 10
  dwell_time  = 5
  output      = /home/daisy/GRB-Search-Pipeline/results/training/longlow_searching_2.5x2.5_tiling.csv

source = [78.2841, 135], n_src_events = 520, n_bkg_events = 386
Loaded 108 entries (unique=108, duplicates=0, missing=49044, out_of_bounds=0, non-finite=0)
Sum(prob) over finite entries = 0.999999
init sum: 0.999999
num pixels: 49152
tile num: 6781
total tile prob: 0.999999
tiles with prob > 0: 22
total tile prob after trim: 0.999999
num tiles after trim: 22
init_pos: 6572
*********running GCP*********
total time (wallclock): 0.0364834 seconds

$ /home/daisy/GRB-Search-Pipeline/search-planning/build/sp_train /home/daisy/GRB-Search-Pipeline/results/training/maps/longlow/adapt_p11-715852394892384_a135-0_48_map.h5 /home/daisy/GRB-Search-Pipeline/search-planning/tilings/tiling_files/2.5x2.5_tiling.csv 6695 10.0 10.0 5.0 0 /home/daisy/GRB-Search-Pipeline/results/training/longlow_searching_2.5x2.5_tiling.csv
Input Parameters:
  file        = /home/daisy/GRB-Search-Pipeline/results/training/maps/longlow/adapt_p11-715852394892384_a135-0_48_map.h5
  source_tile = 6695
  slew_rate   = 10
  dwell_time  = 5
  output      = /home/daisy/GRB-Search-Pipeline/results/training/longlow_searching_2.5x2.5_tiling.csv

source = [78.2841, 135], n_src_events = 661, n_bkg_events = 936
Loaded 106 entries (unique=106, duplicates=0, missing=49046, out_of_bounds=0, non-finite=0)
Sum(prob) over finite entries = 0.999999
init sum: 0.999999
num pixels: 49152
tile num: 6781
total tile prob: 0.999999
tiles with prob > 0: 22
total tile prob after trim: 0.999999
num tiles after trim: 22
init_pos: 6661
*********running GCP*********
total time (wallclock): 0.0384775 seconds

$ /home/daisy/GRB-Search-Pipeline/search-planning/build/sp_train /home/daisy/GRB-Search-Pipeline/results/training/maps/longlow/adapt_p11-715852394892384_a135-0_490_map.h5 /home/daisy/GRB-Search-Pipeline/search-planning/tilings/tiling_files/2.5x2.5_tiling.csv 6695 10.0 10.0 5.0 0 /home/daisy/GRB-Search-Pipeline/results/training/longlow_searching_2.5x2.5_tiling.csv
Input Parameters:
  file        = /home/daisy/GRB-Search-Pipeline/results/training/maps/longlow/adapt_p11-715852394892384_a135-0_490_map.h5
  source_tile = 6695
  slew_rate   = 10
  dwell_time  = 5
  output      = /home/daisy/GRB-Search-Pipeline/results/training/longlow_searching_2.5x2.5_tiling.csv

source = [78.2841, 135], n_src_events = 813, n_bkg_events = 484
Loaded 45 entries (unique=45, duplicates=0, missing=49107, out_of_bounds=0, non-finite=0)
Sum(prob) over finite entries = 0.999999
init sum: 0.999999
num pixels: 49152
tile num: 6781
total tile prob: 0.999999
tiles with prob > 0: 11
total tile prob after trim: 0.999999
num tiles after trim: 11
init_pos: 6695
*********running GCP*********
total time (wallclock): 0.0306926 seconds

$ /home/daisy/GRB-Search-Pipeline/search-planning/build/sp_train /home/daisy/GRB-Search-Pipeline/results/training/maps/longlow/adapt_p11-715852394892384_a135-0_491_map.h5 /home/daisy/GRB-Search-Pipeline/search-planning/tilings/tiling_files/2.5x2.5_tiling.csv 6695 10.0 10.0 5.0 0 /home/daisy/GRB-Search-Pipeline/results/training/longlow_searching_2.5x2.5_tiling.csv
Input Parameters:
  file        = /home/daisy/GRB-Search-Pipeline/results/training/maps/longlow/adapt_p11-715852394892384_a135-0_491_map.h5
  source_tile = 6695
  slew_rate   = 10
  dwell_time  = 5
  output      = /home/daisy/GRB-Search-Pipeline/results/training/longlow_searching_2.5x2.5_tiling.csv

source = [78.2841, 135], n_src_events = 489, n_bkg_events = 1063
Loaded 146 entries (unique=146, duplicates=0, missing=49006, out_of_bounds=0, non-finite=0)
Sum(prob) over finite entries = 0.999997
init sum: 0.999997
num pixels: 49152
tile num: 6781
total tile prob: 0.999997
tiles with prob > 0: 28
total tile prob after trim: 0.999997
num tiles after trim: 28
init_pos: 6696
*********running GCP*********
total time (wallclock): 0.0344286 seconds

$ /home/daisy/GRB-Search-Pipeline/search-planning/build/sp_train /home/daisy/GRB-Search-Pipeline/results/training/maps/longlow/adapt_p11-715852394892384_a135-0_492_map.h5 /home/daisy/GRB-Search-Pipeline/search-planning/tilings/tiling_files/2.5x2.5_tiling.csv 6695 10.0 10.0 5.0 0 /home/daisy/GRB-Search-Pipeline/results/training/longlow_searching_2.5x2.5_tiling.csv
Input Parameters:
  file        = /home/daisy/GRB-Search-Pipeline/results/training/maps/longlow/adapt_p11-715852394892384_a135-0_492_map.h5
  source_tile = 6695
  slew_rate   = 10
  dwell_time  = 5
  output      = /home/daisy/GRB-Search-Pipeline/results/training/longlow_searching_2.5x2.5_tiling.csv

source = [78.2841, 135], n_src_events = 643, n_bkg_events = 585
Loaded 73 entries (unique=73, duplicates=0, missing=49079, out_of_bounds=0, non-finite=0)
Sum(prob) over finite entries = 0.999999
init sum: 0.999999
num pixels: 49152
tile num: 6781
total tile prob: 0.999999
tiles with prob > 0: 16
total tile prob after trim: 0.999999
num tiles after trim: 16
init_pos: 6619
*********running GCP*********
total time (wallclock): 0.0332518 seconds

$ /home/daisy/GRB-Search-Pipeline/search-planning/build/sp_train /home/daisy/GRB-Search-Pipeline/results/training/maps/longlow/adapt_p11-715852394892384_a135-0_493_map.h5 /home/daisy/GRB-Search-Pipeline/search-planning/tilings/tiling_files/2.5x2.5_tiling.csv 6695 10.0 10.0 5.0 0 /home/daisy/GRB-Search-Pipeline/results/training/longlow_searching_2.5x2.5_tiling.csv
Input Parameters:
  file        = /home/daisy/GRB-Search-Pipeline/results/training/maps/longlow/adapt_p11-715852394892384_a135-0_493_map.h5
  source_tile = 6695
  slew_rate   = 10
  dwell_time  = 5
  output      = /home/daisy/GRB-Search-Pipeline/results/training/longlow_searching_2.5x2.5_tiling.csv

source = [78.2841, 135], n_src_events = 162, n_bkg_events = 415
Loaded 674 entries (unique=674, duplicates=0, missing=48478, out_of_bounds=0, non-finite=0)
Sum(prob) over finite entries = 0.999999
init sum: 0.999999
num pixels: 49152
tile num: 6781
total tile prob: 0.999999
tiles with prob > 0: 121
total tile prob after trim: 0.999999
num tiles after trim: 121
init_pos: 6751
*********running GCP*********
total time (wallclock): 0.0349075 seconds

$ /home/daisy/GRB-Search-Pipeline/search-planning/build/sp_train /home/daisy/GRB-Search-Pipeline/results/training/maps/longlow/adapt_p11-715852394892384_a135-0_494_map.h5 /home/daisy/GRB-Search-Pipeline/search-planning/tilings/tiling_files/2.5x2.5_tiling.csv 6695 10.0 10.0 5.0 0 /home/daisy/GRB-Search-Pipeline/results/training/longlow_searching_2.5x2.5_tiling.csv
Input Parameters:
  file        = /home/daisy/GRB-Search-Pipeline/results/training/maps/longlow/adapt_p11-715852394892384_a135-0_494_map.h5
  source_tile = 6695
  slew_rate   = 10
  dwell_time  = 5
  output      = /home/daisy/GRB-Search-Pipeline/results/training/longlow_searching_2.5x2.5_tiling.csv

source = [78.2841, 135], n_src_events = 219, n_bkg_events = 501
Loaded 353 entries (unique=353, duplicates=0, missing=48799, out_of_bounds=0, non-finite=0)
Sum(prob) over finite entries = 0.999998
init sum: 0.999998
num pixels: 49152
tile num: 6781
total tile prob: 0.999998
tiles with prob > 0: 63
total tile prob after trim: 0.999998
num tiles after trim: 63
init_pos: 6663
*********running GCP*********
total time (wallclock): 0.0402656 seconds

$ /home/daisy/GRB-Search-Pipeline/search-planning/build/sp_train /home/daisy/GRB-Search-Pipeline/results/training/maps/longlow/adapt_p11-715852394892384_a135-0_495_map.h5 /home/daisy/GRB-Search-Pipeline/search-planning/tilings/tiling_files/2.5x2.5_tiling.csv 6695 10.0 10.0 5.0 0 /home/daisy/GRB-Search-Pipeline/results/training/longlow_searching_2.5x2.5_tiling.csv
Input Parameters:
  file        = /home/daisy/GRB-Search-Pipeline/results/training/maps/longlow/adapt_p11-715852394892384_a135-0_495_map.h5
  source_tile = 6695
  slew_rate   = 10
  dwell_time  = 5
  output      = /home/daisy/GRB-Search-Pipeline/results/training/longlow_searching_2.5x2.5_tiling.csv

source = [78.2841, 135], n_src_events = 325, n_bkg_events = 755
Loaded 226 entries (unique=226, duplicates=0, missing=48926, out_of_bounds=0, non-finite=0)
Sum(prob) over finite entries = 0.999998
init sum: 0.999998
num pixels: 49152
tile num: 6781
total tile prob: 0.999998
tiles with prob > 0: 44
total tile prob after trim: 0.999998
num tiles after trim: 44
init_pos: 6697
*********running GCP*********
total time (wallclock): 0.0393433 seconds

$ /home/daisy/GRB-Search-Pipeline/search-planning/build/sp_train /home/daisy/GRB-Search-Pipeline/results/training/maps/longlow/adapt_p11-715852394892384_a135-0_496_map.h5 /home/daisy/GRB-Search-Pipeline/search-planning/tilings/tiling_files/2.5x2.5_tiling.csv 6695 10.0 10.0 5.0 0 /home/daisy/GRB-Search-Pipeline/results/training/longlow_searching_2.5x2.5_tiling.csv
Input Parameters:
  file        = /home/daisy/GRB-Search-Pipeline/results/training/maps/longlow/adapt_p11-715852394892384_a135-0_496_map.h5
  source_tile = 6695
  slew_rate   = 10
  dwell_time  = 5
  output      = /home/daisy/GRB-Search-Pipeline/results/training/longlow_searching_2.5x2.5_tiling.csv

source = [78.2841, 135], n_src_events = 432, n_bkg_events = 951
Loaded 121 entries (unique=121, duplicates=0, missing=49031, out_of_bounds=0, non-finite=0)
Sum(prob) over finite entries = 0.999999
init sum: 0.999999
num pixels: 49152
tile num: 6781
total tile prob: 0.999999
tiles with prob > 0: 25
total tile prob after trim: 0.999999
num tiles after trim: 25
init_pos: 6662
*********running GCP*********
total time (wallclock): 0.0316693 seconds

$ /home/daisy/GRB-Search-Pipeline/search-planning/build/sp_train /home/daisy/GRB-Search-Pipeline/results/training/maps/longlow/adapt_p11-715852394892384_a135-0_497_map.h5 /home/daisy/GRB-Search-Pipeline/search-planning/tilings/tiling_files/2.5x2.5_tiling.csv 6695 10.0 10.0 5.0 0 /home/daisy/GRB-Search-Pipeline/results/training/longlow_searching_2.5x2.5_tiling.csv
Input Parameters:
  file        = /home/daisy/GRB-Search-Pipeline/results/training/maps/longlow/adapt_p11-715852394892384_a135-0_497_map.h5
  source_tile = 6695
  slew_rate   = 10
  dwell_time  = 5
  output      = /home/daisy/GRB-Search-Pipeline/results/training/longlow_searching_2.5x2.5_tiling.csv

source = [78.2841, 135], n_src_events = 913, n_bkg_events = 321
Loaded 45 entries (unique=45, duplicates=0, missing=49107, out_of_bounds=0, non-finite=0)
Sum(prob) over finite entries = 0.999998
init sum: 0.999998
num pixels: 49152
tile num: 6781
total tile prob: 0.999998
tiles with prob > 0: 13
total tile prob after trim: 0.999998
num tiles after trim: 13
init_pos: 6661
*********running GCP*********
total time (wallclock): 0.0329088 seconds

$ /home/daisy/GRB-Search-Pipeline/search-planning/build/sp_train /home/daisy/GRB-Search-Pipeline/results/training/maps/longlow/adapt_p11-715852394892384_a135-0_498_map.h5 /home/daisy/GRB-Search-Pipeline/search-planning/tilings/tiling_files/2.5x2.5_tiling.csv 6695 10.0 10.0 5.0 0 /home/daisy/GRB-Search-Pipeline/results/training/longlow_searching_2.5x2.5_tiling.csv
Input Parameters:
  file        = /home/daisy/GRB-Search-Pipeline/results/training/maps/longlow/adapt_p11-715852394892384_a135-0_498_map.h5
  source_tile = 6695
  slew_rate   = 10
  dwell_time  = 5
  output      = /home/daisy/GRB-Search-Pipeline/results/training/longlow_searching_2.5x2.5_tiling.csv

source = [78.2841, 135], n_src_events = 332, n_bkg_events = 400
Loaded 190 entries (unique=190, duplicates=0, missing=48962, out_of_bounds=0, non-finite=0)
Sum(prob) over finite entries = 0.999998
init sum: 0.999998
num pixels: 49152
tile num: 6781
total tile prob: 0.999998
tiles with prob > 0: 37
total tile prob after trim: 0.999998
num tiles after trim: 37
init_pos: 6696
*********running GCP*********
total time (wallclock): 0.0347773 seconds

$ /home/daisy/GRB-Search-Pipeline/search-planning/build/sp_train /home/daisy/GRB-Search-Pipeline/results/training/maps/longlow/adapt_p11-715852394892384_a135-0_499_map.h5 /home/daisy/GRB-Search-Pipeline/search-planning/tilings/tiling_files/2.5x2.5_tiling.csv 6695 10.0 10.0 5.0 0 /home/daisy/GRB-Search-Pipeline/results/training/longlow_searching_2.5x2.5_tiling.csv
Input Parameters:
  file        = /home/daisy/GRB-Search-Pipeline/results/training/maps/longlow/adapt_p11-715852394892384_a135-0_499_map.h5
  source_tile = 6695
  slew_rate   = 10
  dwell_time  = 5
  output      = /home/daisy/GRB-Search-Pipeline/results/training/longlow_searching_2.5x2.5_tiling.csv

source = [78.2841, 135], n_src_events = 512, n_bkg_events = 795
Loaded 109 entries (unique=109, duplicates=0, missing=49043, out_of_bounds=0, non-finite=0)
Sum(prob) over finite entries = 0.999998
init sum: 0.999998
num pixels: 49152
tile num: 6781
total tile prob: 0.999998
tiles with prob > 0: 26
total tile prob after trim: 0.999998
num tiles after trim: 26
init_pos: 6616
*********running GCP*********
total time (wallclock): 0.033824 seconds

$ /home/daisy/GRB-Search-Pipeline/search-planning/build/sp_train /home/daisy/GRB-Search-Pipeline/results/training/maps/longlow/adapt_p11-715852394892384_a135-0_49_map.h5 /home/daisy/GRB-Search-Pipeline/search-planning/tilings/tiling_files/2.5x2.5_tiling.csv 6695 10.0 10.0 5.0 0 /home/daisy/GRB-Search-Pipeline/results/training/longlow_searching_2.5x2.5_tiling.csv
Input Parameters:
  file        = /home/daisy/GRB-Search-Pipeline/results/training/maps/longlow/adapt_p11-715852394892384_a135-0_49_map.h5
  source_tile = 6695
  slew_rate   = 10
  dwell_time  = 5
  output      = /home/daisy/GRB-Search-Pipeline/results/training/longlow_searching_2.5x2.5_tiling.csv

source = [78.2841, 135], n_src_events = 551, n_bkg_events = 870
Loaded 122 entries (unique=122, duplicates=0, missing=49030, out_of_bounds=0, non-finite=0)
Sum(prob) over finite entries = 0.999998
init sum: 0.999998
num pixels: 49152
tile num: 6781
total tile prob: 0.999998
tiles with prob > 0: 25
total tile prob after trim: 0.999998
num tiles after trim: 25
init_pos: 6661
*********running GCP*********
total time (wallclock): 0.0324577 seconds

$ /home/daisy/GRB-Search-Pipeline/search-planning/build/sp_train /home/daisy/GRB-Search-Pipeline/results/training/maps/longlow/adapt_p11-715852394892384_a135-0_4_map.h5 /home/daisy/GRB-Search-Pipeline/search-planning/tilings/tiling_files/2.5x2.5_tiling.csv 6695 10.0 10.0 5.0 0 /home/daisy/GRB-Search-Pipeline/results/training/longlow_searching_2.5x2.5_tiling.csv
Input Parameters:
  file        = /home/daisy/GRB-Search-Pipeline/results/training/maps/longlow/adapt_p11-715852394892384_a135-0_4_map.h5
  source_tile = 6695
  slew_rate   = 10
  dwell_time  = 5
  output      = /home/daisy/GRB-Search-Pipeline/results/training/longlow_searching_2.5x2.5_tiling.csv

source = [78.2841, 135], n_src_events = 682, n_bkg_events = 386
Loaded 60 entries (unique=60, duplicates=0, missing=49092, out_of_bounds=0, non-finite=0)
Sum(prob) over finite entries = 0.999999
init sum: 0.999999
num pixels: 49152
tile num: 6781
total tile prob: 0.999999
tiles with prob > 0: 14
total tile prob after trim: 0.999999
num tiles after trim: 14
init_pos: 6660
*********running GCP*********
total time (wallclock): 0.0333329 seconds

$ /home/daisy/GRB-Search-Pipeline/search-planning/build/sp_train /home/daisy/GRB-Search-Pipeline/results/training/maps/longlow/adapt_p11-715852394892384_a135-0_500_map.h5 /home/daisy/GRB-Search-Pipeline/search-planning/tilings/tiling_files/2.5x2.5_tiling.csv 6695 10.0 10.0 5.0 0 /home/daisy/GRB-Search-Pipeline/results/training/longlow_searching_2.5x2.5_tiling.csv
Input Parameters:
  file        = /home/daisy/GRB-Search-Pipeline/results/training/maps/longlow/adapt_p11-715852394892384_a135-0_500_map.h5
  source_tile = 6695
  slew_rate   = 10
  dwell_time  = 5
  output      = /home/daisy/GRB-Search-Pipeline/results/training/longlow_searching_2.5x2.5_tiling.csv

source = [78.2841, 135], n_src_events = 393, n_bkg_events = 484
Loaded 146 entries (unique=146, duplicates=0, missing=49006, out_of_bounds=0, non-finite=0)
Sum(prob) over finite entries = 0.999998
init sum: 0.999998
num pixels: 49152
tile num: 6781
total tile prob: 0.999998
tiles with prob > 0: 34
total tile prob after trim: 0.999998
num tiles after trim: 34
init_pos: 6620
*********running GCP*********
total time (wallclock): 0.0327221 seconds

$ /home/daisy/GRB-Search-Pipeline/search-planning/build/sp_train /home/daisy/GRB-Search-Pipeline/results/training/maps/longlow/adapt_p11-715852394892384_a135-0_501_map.h5 /home/daisy/GRB-Search-Pipeline/search-planning/tilings/tiling_files/2.5x2.5_tiling.csv 6695 10.0 10.0 5.0 0 /home/daisy/GRB-Search-Pipeline/results/training/longlow_searching_2.5x2.5_tiling.csv
Input Parameters:
  file        = /home/daisy/GRB-Search-Pipeline/results/training/maps/longlow/adapt_p11-715852394892384_a135-0_501_map.h5
  source_tile = 6695
  slew_rate   = 10
  dwell_time  = 5
  output      = /home/daisy/GRB-Search-Pipeline/results/training/longlow_searching_2.5x2.5_tiling.csv

source = [78.2841, 135], n_src_events = 172, n_bkg_events = 208
Loaded 503 entries (unique=503, duplicates=0, missing=48649, out_of_bounds=0, non-finite=0)
Sum(prob) over finite entries = 0.999998
init sum: 0.999998
num pixels: 49152
tile num: 6781
total tile prob: 0.999998
tiles with prob > 0: 89
total tile prob after trim: 0.999998
num tiles after trim: 89
init_pos: 6520
*********running GCP*********
total time (wallclock): 0.0412955 seconds

$ /home/daisy/GRB-Search-Pipeline/search-planning/build/sp_train /home/daisy/GRB-Search-Pipeline/results/training/maps/longlow/adapt_p11-715852394892384_a135-0_502_map.h5 /home/daisy/GRB-Search-Pipeline/search-planning/tilings/tiling_files/2.5x2.5_tiling.csv 6695 10.0 10.0 5.0 0 /home/daisy/GRB-Search-Pipeline/results/training/longlow_searching_2.5x2.5_tiling.csv
Input Parameters:
  file        = /home/daisy/GRB-Search-Pipeline/results/training/maps/longlow/adapt_p11-715852394892384_a135-0_502_map.h5
  source_tile = 6695
  slew_rate   = 10
  dwell_time  = 5
  output      = /home/daisy/GRB-Search-Pipeline/results/training/longlow_searching_2.5x2.5_tiling.csv

source = [78.2841, 135], n_src_events = 649, n_bkg_events = 795
Loaded 77 entries (unique=77, duplicates=0, missing=49075, out_of_bounds=0, non-finite=0)
Sum(prob) over finite entries = 0.999999
init sum: 0.999999
num pixels: 49152
tile num: 6781
total tile prob: 0.999999
tiles with prob > 0: 17
total tile prob after trim: 0.999999
num tiles after trim: 17
init_pos: 6658
*********running GCP*********
total time (wallclock): 0.0320682 seconds

$ /home/daisy/GRB-Search-Pipeline/search-planning/build/sp_train /home/daisy/GRB-Search-Pipeline/results/training/maps/longlow/adapt_p11-715852394892384_a135-0_503_map.h5 /home/daisy/GRB-Search-Pipeline/search-planning/tilings/tiling_files/2.5x2.5_tiling.csv 6695 10.0 10.0 5.0 0 /home/daisy/GRB-Search-Pipeline/results/training/longlow_searching_2.5x2.5_tiling.csv
Input Parameters:
  file        = /home/daisy/GRB-Search-Pipeline/results/training/maps/longlow/adapt_p11-715852394892384_a135-0_503_map.h5
  source_tile = 6695
  slew_rate   = 10
  dwell_time  = 5
  output      = /home/daisy/GRB-Search-Pipeline/results/training/longlow_searching_2.5x2.5_tiling.csv

source = [78.2841, 135], n_src_events = 738, n_bkg_events = 972
Loaded 59 entries (unique=59, duplicates=0, missing=49093, out_of_bounds=0, non-finite=0)
Sum(prob) over finite entries = 0.999999
init sum: 0.999999
num pixels: 49152
tile num: 6781
total tile prob: 0.999999
tiles with prob > 0: 14
total tile prob after trim: 0.999999
num tiles after trim: 14
init_pos: 6618
*********running GCP*********
total time (wallclock): 0.0322525 seconds

$ /home/daisy/GRB-Search-Pipeline/search-planning/build/sp_train /home/daisy/GRB-Search-Pipeline/results/training/maps/longlow/adapt_p11-715852394892384_a135-0_504_map.h5 /home/daisy/GRB-Search-Pipeline/search-planning/tilings/tiling_files/2.5x2.5_tiling.csv 6695 10.0 10.0 5.0 0 /home/daisy/GRB-Search-Pipeline/results/training/longlow_searching_2.5x2.5_tiling.csv
Input Parameters:
  file        = /home/daisy/GRB-Search-Pipeline/results/training/maps/longlow/adapt_p11-715852394892384_a135-0_504_map.h5
  source_tile = 6695
  slew_rate   = 10
  dwell_time  = 5
  output      = /home/daisy/GRB-Search-Pipeline/results/training/longlow_searching_2.5x2.5_tiling.csv

source = [78.2841, 135], n_src_events = 715, n_bkg_events = 948
Loaded 60 entries (unique=60, duplicates=0, missing=49092, out_of_bounds=0, non-finite=0)
Sum(prob) over finite entries = 0.999999
init sum: 0.999999
num pixels: 49152
tile num: 6781
total tile prob: 0.999999
tiles with prob > 0: 15
total tile prob after trim: 0.999999
num tiles after trim: 15
init_pos: 6662
*********running GCP*********
total time (wallclock): 0.0358536 seconds

$ /home/daisy/GRB-Search-Pipeline/search-planning/build/sp_train /home/daisy/GRB-Search-Pipeline/results/training/maps/longlow/adapt_p11-715852394892384_a135-0_505_map.h5 /home/daisy/GRB-Search-Pipeline/search-planning/tilings/tiling_files/2.5x2.5_tiling.csv 6695 10.0 10.0 5.0 0 /home/daisy/GRB-Search-Pipeline/results/training/longlow_searching_2.5x2.5_tiling.csv
Input Parameters:
  file        = /home/daisy/GRB-Search-Pipeline/results/training/maps/longlow/adapt_p11-715852394892384_a135-0_505_map.h5
  source_tile = 6695
  slew_rate   = 10
  dwell_time  = 5
  output      = /home/daisy/GRB-Search-Pipeline/results/training/longlow_searching_2.5x2.5_tiling.csv

source = [78.2841, 135], n_src_events = 559, n_bkg_events = 556
Loaded 72 entries (unique=72, duplicates=0, missing=49080, out_of_bounds=0, non-finite=0)
Sum(prob) over finite entries = 0.999999
init sum: 0.999999
num pixels: 49152
tile num: 6781
total tile prob: 0.999999
tiles with prob > 0: 16
total tile prob after trim: 0.999999
num tiles after trim: 16
init_pos: 6661
*********running GCP*********
total time (wallclock): 0.0362274 seconds

$ /home/daisy/GRB-Search-Pipeline/search-planning/build/sp_train /home/daisy/GRB-Search-Pipeline/results/training/maps/longlow/adapt_p11-715852394892384_a135-0_506_map.h5 /home/daisy/GRB-Search-Pipeline/search-planning/tilings/tiling_files/2.5x2.5_tiling.csv 6695 10.0 10.0 5.0 0 /home/daisy/GRB-Search-Pipeline/results/training/longlow_searching_2.5x2.5_tiling.csv
Input Parameters:
  file        = /home/daisy/GRB-Search-Pipeline/results/training/maps/longlow/adapt_p11-715852394892384_a135-0_506_map.h5
  source_tile = 6695
  slew_rate   = 10
  dwell_time  = 5
  output      = /home/daisy/GRB-Search-Pipeline/results/training/longlow_searching_2.5x2.5_tiling.csv

source = [78.2841, 135], n_src_events = 396, n_bkg_events = 466
Loaded 203 entries (unique=203, duplicates=0, missing=48949, out_of_bounds=0, non-finite=0)
Sum(prob) over finite entries = 0.999998
init sum: 0.999998
num pixels: 49152
tile num: 6781
total tile prob: 0.999998
tiles with prob > 0: 40
total tile prob after trim: 0.999998
num tiles after trim: 40
init_pos: 6656
*********running GCP*********
total time (wallclock): 0.031896 seconds

$ /home/daisy/GRB-Search-Pipeline/search-planning/build/sp_train /home/daisy/GRB-Search-Pipeline/results/training/maps/longlow/adapt_p11-715852394892384_a135-0_507_map.h5 /home/daisy/GRB-Search-Pipeline/search-planning/tilings/tiling_files/2.5x2.5_tiling.csv 6695 10.0 10.0 5.0 0 /home/daisy/GRB-Search-Pipeline/results/training/longlow_searching_2.5x2.5_tiling.csv
Input Parameters:
  file        = /home/daisy/GRB-Search-Pipeline/results/training/maps/longlow/adapt_p11-715852394892384_a135-0_507_map.h5
  source_tile = 6695
  slew_rate   = 10
  dwell_time  = 5
  output      = /home/daisy/GRB-Search-Pipeline/results/training/longlow_searching_2.5x2.5_tiling.csv

source = [78.2841, 135], n_src_events = 135, n_bkg_events = 268
Loaded 630 entries (unique=630, duplicates=0, missing=48522, out_of_bounds=0, non-finite=0)
Sum(prob) over finite entries = 0.999999
init sum: 0.999999
num pixels: 49152
tile num: 6781
total tile prob: 0.999999
tiles with prob > 0: 116
total tile prob after trim: 0.999999
num tiles after trim: 116
init_pos: 6747
*********running GCP*********
total time (wallclock): 0.0336106 seconds

$ /home/daisy/GRB-Search-Pipeline/search-planning/build/sp_train /home/daisy/GRB-Search-Pipeline/results/training/maps/longlow/adapt_p11-715852394892384_a135-0_508_map.h5 /home/daisy/GRB-Search-Pipeline/search-planning/tilings/tiling_files/2.5x2.5_tiling.csv 6695 10.0 10.0 5.0 0 /home/daisy/GRB-Search-Pipeline/results/training/longlow_searching_2.5x2.5_tiling.csv
Input Parameters:
  file        = /home/daisy/GRB-Search-Pipeline/results/training/maps/longlow/adapt_p11-715852394892384_a135-0_508_map.h5
  source_tile = 6695
  slew_rate   = 10
  dwell_time  = 5
  output      = /home/daisy/GRB-Search-Pipeline/results/training/longlow_searching_2.5x2.5_tiling.csv

source = [78.2841, 135], n_src_events = 457, n_bkg_events = 940
Loaded 237 entries (unique=237, duplicates=0, missing=48915, out_of_bounds=0, non-finite=0)
Sum(prob) over finite entries = 0.999999
init sum: 0.999999
num pixels: 49152
tile num: 6781
total tile prob: 0.999999
tiles with prob > 0: 48
total tile prob after trim: 0.999999
num tiles after trim: 48
init_pos: 6662
*********running GCP*********
total time (wallclock): 0.0348782 seconds

$ /home/daisy/GRB-Search-Pipeline/search-planning/build/sp_train /home/daisy/GRB-Search-Pipeline/results/training/maps/longlow/adapt_p11-715852394892384_a135-0_509_map.h5 /home/daisy/GRB-Search-Pipeline/search-planning/tilings/tiling_files/2.5x2.5_tiling.csv 6695 10.0 10.0 5.0 0 /home/daisy/GRB-Search-Pipeline/results/training/longlow_searching_2.5x2.5_tiling.csv
Input Parameters:
  file        = /home/daisy/GRB-Search-Pipeline/results/training/maps/longlow/adapt_p11-715852394892384_a135-0_509_map.h5
  source_tile = 6695
  slew_rate   = 10
  dwell_time  = 5
  output      = /home/daisy/GRB-Search-Pipeline/results/training/longlow_searching_2.5x2.5_tiling.csv

source = [78.2841, 135], n_src_events = 691, n_bkg_events = 528
Loaded 59 entries (unique=59, duplicates=0, missing=49093, out_of_bounds=0, non-finite=0)
Sum(prob) over finite entries = 0.999999
init sum: 0.999999
num pixels: 49152
tile num: 6781
total tile prob: 0.999999
tiles with prob > 0: 13
total tile prob after trim: 0.999999
num tiles after trim: 13
init_pos: 6661
*********running GCP*********
total time (wallclock): 0.0324673 seconds

$ /home/daisy/GRB-Search-Pipeline/search-planning/build/sp_train /home/daisy/GRB-Search-Pipeline/results/training/maps/longlow/adapt_p11-715852394892384_a135-0_50_map.h5 /home/daisy/GRB-Search-Pipeline/search-planning/tilings/tiling_files/2.5x2.5_tiling.csv 6695 10.0 10.0 5.0 0 /home/daisy/GRB-Search-Pipeline/results/training/longlow_searching_2.5x2.5_tiling.csv
Input Parameters:
  file        = /home/daisy/GRB-Search-Pipeline/results/training/maps/longlow/adapt_p11-715852394892384_a135-0_50_map.h5
  source_tile = 6695
  slew_rate   = 10
  dwell_time  = 5
  output      = /home/daisy/GRB-Search-Pipeline/results/training/longlow_searching_2.5x2.5_tiling.csv

source = [78.2841, 135], n_src_events = 688, n_bkg_events = 468
Loaded 102 entries (unique=102, duplicates=0, missing=49050, out_of_bounds=0, non-finite=0)
Sum(prob) over finite entries = 0.999999
init sum: 0.999999
num pixels: 49152
tile num: 6781
total tile prob: 0.999999
tiles with prob > 0: 22
total tile prob after trim: 0.999999
num tiles after trim: 22
init_pos: 6617
*********running GCP*********
total time (wallclock): 0.0384535 seconds

$ /home/daisy/GRB-Search-Pipeline/search-planning/build/sp_train /home/daisy/GRB-Search-Pipeline/results/training/maps/longlow/adapt_p11-715852394892384_a135-0_510_map.h5 /home/daisy/GRB-Search-Pipeline/search-planning/tilings/tiling_files/2.5x2.5_tiling.csv 6695 10.0 10.0 5.0 0 /home/daisy/GRB-Search-Pipeline/results/training/longlow_searching_2.5x2.5_tiling.csv
Input Parameters:
  file        = /home/daisy/GRB-Search-Pipeline/results/training/maps/longlow/adapt_p11-715852394892384_a135-0_510_map.h5
  source_tile = 6695
  slew_rate   = 10
  dwell_time  = 5
  output      = /home/daisy/GRB-Search-Pipeline/results/training/longlow_searching_2.5x2.5_tiling.csv

source = [78.2841, 135], n_src_events = 176, n_bkg_events = 1073
Loaded 826 entries (unique=826, duplicates=0, missing=48326, out_of_bounds=0, non-finite=0)
Sum(prob) over finite entries = 0.999998
init sum: 0.999998
num pixels: 49152
tile num: 6781
total tile prob: 0.999998
tiles with prob > 0: 144
total tile prob after trim: 0.999998
num tiles after trim: 144
init_pos: 6565
*********running GCP*********
total time (wallclock): 0.0595359 seconds

$ /home/daisy/GRB-Search-Pipeline/search-planning/build/sp_train /home/daisy/GRB-Search-Pipeline/results/training/maps/longlow/adapt_p11-715852394892384_a135-0_511_map.h5 /home/daisy/GRB-Search-Pipeline/search-planning/tilings/tiling_files/2.5x2.5_tiling.csv 6695 10.0 10.0 5.0 0 /home/daisy/GRB-Search-Pipeline/results/training/longlow_searching_2.5x2.5_tiling.csv
Input Parameters:
  file        = /home/daisy/GRB-Search-Pipeline/results/training/maps/longlow/adapt_p11-715852394892384_a135-0_511_map.h5
  source_tile = 6695
  slew_rate   = 10
  dwell_time  = 5
  output      = /home/daisy/GRB-Search-Pipeline/results/training/longlow_searching_2.5x2.5_tiling.csv

source = [78.2841, 135], n_src_events = 165, n_bkg_events = 741
Loaded 358 entries (unique=358, duplicates=0, missing=48794, out_of_bounds=0, non-finite=0)
Sum(prob) over finite entries = 0.999998
init sum: 0.999998
num pixels: 49152
tile num: 6781
total tile prob: 0.999998
tiles with prob > 0: 64
total tile prob after trim: 0.999998
num tiles after trim: 64
init_pos: 6574
*********running GCP*********
total time (wallclock): 0.0403103 seconds

$ /home/daisy/GRB-Search-Pipeline/search-planning/build/sp_train /home/daisy/GRB-Search-Pipeline/results/training/maps/longlow/adapt_p11-715852394892384_a135-0_512_map.h5 /home/daisy/GRB-Search-Pipeline/search-planning/tilings/tiling_files/2.5x2.5_tiling.csv 6695 10.0 10.0 5.0 0 /home/daisy/GRB-Search-Pipeline/results/training/longlow_searching_2.5x2.5_tiling.csv
Input Parameters:
  file        = /home/daisy/GRB-Search-Pipeline/results/training/maps/longlow/adapt_p11-715852394892384_a135-0_512_map.h5
  source_tile = 6695
  slew_rate   = 10
  dwell_time  = 5
  output      = /home/daisy/GRB-Search-Pipeline/results/training/longlow_searching_2.5x2.5_tiling.csv

source = [78.2841, 135], n_src_events = 215, n_bkg_events = 674
Loaded 370 entries (unique=370, duplicates=0, missing=48782, out_of_bounds=0, non-finite=0)
Sum(prob) over finite entries = 0.999999
init sum: 0.999999
num pixels: 49152
tile num: 6781
total tile prob: 0.999999
tiles with prob > 0: 68
total tile prob after trim: 0.999999
num tiles after trim: 68
init_pos: 6619
*********running GCP*********
total time (wallclock): 0.0323696 seconds

$ /home/daisy/GRB-Search-Pipeline/search-planning/build/sp_train /home/daisy/GRB-Search-Pipeline/results/training/maps/longlow/adapt_p11-715852394892384_a135-0_513_map.h5 /home/daisy/GRB-Search-Pipeline/search-planning/tilings/tiling_files/2.5x2.5_tiling.csv 6695 10.0 10.0 5.0 0 /home/daisy/GRB-Search-Pipeline/results/training/longlow_searching_2.5x2.5_tiling.csv
Input Parameters:
  file        = /home/daisy/GRB-Search-Pipeline/results/training/maps/longlow/adapt_p11-715852394892384_a135-0_513_map.h5
  source_tile = 6695
  slew_rate   = 10
  dwell_time  = 5
  output      = /home/daisy/GRB-Search-Pipeline/results/training/longlow_searching_2.5x2.5_tiling.csv

source = [78.2841, 135], n_src_events = 233, n_bkg_events = 1092
Loaded 375 entries (unique=375, duplicates=0, missing=48777, out_of_bounds=0, non-finite=0)
Sum(prob) over finite entries = 0.999999
init sum: 0.999999
num pixels: 49152
tile num: 6781
total tile prob: 0.999999
tiles with prob > 0: 72
total tile prob after trim: 0.999999
num tiles after trim: 72
init_pos: 6693
*********running GCP*********
total time (wallclock): 0.0324488 seconds

$ /home/daisy/GRB-Search-Pipeline/search-planning/build/sp_train /home/daisy/GRB-Search-Pipeline/results/training/maps/longlow/adapt_p11-715852394892384_a135-0_514_map.h5 /home/daisy/GRB-Search-Pipeline/search-planning/tilings/tiling_files/2.5x2.5_tiling.csv 6695 10.0 10.0 5.0 0 /home/daisy/GRB-Search-Pipeline/results/training/longlow_searching_2.5x2.5_tiling.csv
Input Parameters:
  file        = /home/daisy/GRB-Search-Pipeline/results/training/maps/longlow/adapt_p11-715852394892384_a135-0_514_map.h5
  source_tile = 6695
  slew_rate   = 10
  dwell_time  = 5
  output      = /home/daisy/GRB-Search-Pipeline/results/training/longlow_searching_2.5x2.5_tiling.csv

source = [78.2841, 135], n_src_events = 434, n_bkg_events = 521
Loaded 137 entries (unique=137, duplicates=0, missing=49015, out_of_bounds=0, non-finite=0)
Sum(prob) over finite entries = 0.999997
init sum: 0.999997
num pixels: 49152
tile num: 6781
total tile prob: 0.999997
tiles with prob > 0: 28
total tile prob after trim: 0.999997
num tiles after trim: 28
init_pos: 6657
*********running GCP*********
total time (wallclock): 0.0343279 seconds

$ /home/daisy/GRB-Search-Pipeline/search-planning/build/sp_train /home/daisy/GRB-Search-Pipeline/results/training/maps/longlow/adapt_p11-715852394892384_a135-0_515_map.h5 /home/daisy/GRB-Search-Pipeline/search-planning/tilings/tiling_files/2.5x2.5_tiling.csv 6695 10.0 10.0 5.0 0 /home/daisy/GRB-Search-Pipeline/results/training/longlow_searching_2.5x2.5_tiling.csv
Input Parameters:
  file        = /home/daisy/GRB-Search-Pipeline/results/training/maps/longlow/adapt_p11-715852394892384_a135-0_515_map.h5
  source_tile = 6695
  slew_rate   = 10
  dwell_time  = 5
  output      = /home/daisy/GRB-Search-Pipeline/results/training/longlow_searching_2.5x2.5_tiling.csv

source = [78.2841, 135], n_src_events = 655, n_bkg_events = 464
Loaded 78 entries (unique=78, duplicates=0, missing=49074, out_of_bounds=0, non-finite=0)
Sum(prob) over finite entries = 0.999999
init sum: 0.999999
num pixels: 49152
tile num: 6781
total tile prob: 0.999999
tiles with prob > 0: 17
total tile prob after trim: 0.999999
num tiles after trim: 17
init_pos: 6727
*********running GCP*********
total time (wallclock): 0.0327305 seconds

$ /home/daisy/GRB-Search-Pipeline/search-planning/build/sp_train /home/daisy/GRB-Search-Pipeline/results/training/maps/longlow/adapt_p11-715852394892384_a135-0_516_map.h5 /home/daisy/GRB-Search-Pipeline/search-planning/tilings/tiling_files/2.5x2.5_tiling.csv 6695 10.0 10.0 5.0 0 /home/daisy/GRB-Search-Pipeline/results/training/longlow_searching_2.5x2.5_tiling.csv
Input Parameters:
  file        = /home/daisy/GRB-Search-Pipeline/results/training/maps/longlow/adapt_p11-715852394892384_a135-0_516_map.h5
  source_tile = 6695
  slew_rate   = 10
  dwell_time  = 5
  output      = /home/daisy/GRB-Search-Pipeline/results/training/longlow_searching_2.5x2.5_tiling.csv

source = [78.2841, 135], n_src_events = 171, n_bkg_events = 729
Loaded 906 entries (unique=906, duplicates=0, missing=48246, out_of_bounds=0, non-finite=0)
Sum(prob) over finite entries = 0.999999
init sum: 0.999999
num pixels: 49152
tile num: 6781
total tile prob: 0.999999
tiles with prob > 0: 158
total tile prob after trim: 0.999999
num tiles after trim: 158
init_pos: 6647
*********running GCP*********
total time (wallclock): 0.224141 seconds

$ /home/daisy/GRB-Search-Pipeline/search-planning/build/sp_train /home/daisy/GRB-Search-Pipeline/results/training/maps/longlow/adapt_p11-715852394892384_a135-0_517_map.h5 /home/daisy/GRB-Search-Pipeline/search-planning/tilings/tiling_files/2.5x2.5_tiling.csv 6695 10.0 10.0 5.0 0 /home/daisy/GRB-Search-Pipeline/results/training/longlow_searching_2.5x2.5_tiling.csv
Input Parameters:
  file        = /home/daisy/GRB-Search-Pipeline/results/training/maps/longlow/adapt_p11-715852394892384_a135-0_517_map.h5
  source_tile = 6695
  slew_rate   = 10
  dwell_time  = 5
  output      = /home/daisy/GRB-Search-Pipeline/results/training/longlow_searching_2.5x2.5_tiling.csv

source = [78.2841, 135], n_src_events = 354, n_bkg_events = 969
Loaded 416 entries (unique=416, duplicates=0, missing=48736, out_of_bounds=0, non-finite=0)
Sum(prob) over finite entries = 0.999998
init sum: 0.999998
num pixels: 49152
tile num: 6781
total tile prob: 0.999998
tiles with prob > 0: 76
total tile prob after trim: 0.999998
num tiles after trim: 76
init_pos: 6617
*********running GCP*********
total time (wallclock): 0.0353806 seconds

$ /home/daisy/GRB-Search-Pipeline/search-planning/build/sp_train /home/daisy/GRB-Search-Pipeline/results/training/maps/longlow/adapt_p11-715852394892384_a135-0_518_map.h5 /home/daisy/GRB-Search-Pipeline/search-planning/tilings/tiling_files/2.5x2.5_tiling.csv 6695 10.0 10.0 5.0 0 /home/daisy/GRB-Search-Pipeline/results/training/longlow_searching_2.5x2.5_tiling.csv
Input Parameters:
  file        = /home/daisy/GRB-Search-Pipeline/results/training/maps/longlow/adapt_p11-715852394892384_a135-0_518_map.h5
  source_tile = 6695
  slew_rate   = 10
  dwell_time  = 5
  output      = /home/daisy/GRB-Search-Pipeline/results/training/longlow_searching_2.5x2.5_tiling.csv

source = [78.2841, 135], n_src_events = 773, n_bkg_events = 608
Loaded 76 entries (unique=76, duplicates=0, missing=49076, out_of_bounds=0, non-finite=0)
Sum(prob) over finite entries = 0.999999
init sum: 0.999999
num pixels: 49152
tile num: 6781
total tile prob: 0.999999
tiles with prob > 0: 16
total tile prob after trim: 0.999999
num tiles after trim: 16
init_pos: 6661
*********running GCP*********
total time (wallclock): 0.0362627 seconds

$ /home/daisy/GRB-Search-Pipeline/search-planning/build/sp_train /home/daisy/GRB-Search-Pipeline/results/training/maps/longlow/adapt_p11-715852394892384_a135-0_519_map.h5 /home/daisy/GRB-Search-Pipeline/search-planning/tilings/tiling_files/2.5x2.5_tiling.csv 6695 10.0 10.0 5.0 0 /home/daisy/GRB-Search-Pipeline/results/training/longlow_searching_2.5x2.5_tiling.csv
Input Parameters:
  file        = /home/daisy/GRB-Search-Pipeline/results/training/maps/longlow/adapt_p11-715852394892384_a135-0_519_map.h5
  source_tile = 6695
  slew_rate   = 10
  dwell_time  = 5
  output      = /home/daisy/GRB-Search-Pipeline/results/training/longlow_searching_2.5x2.5_tiling.csv

source = [78.2841, 135], n_src_events = 385, n_bkg_events = 716
Loaded 167 entries (unique=167, duplicates=0, missing=48985, out_of_bounds=0, non-finite=0)
Sum(prob) over finite entries = 0.999998
init sum: 0.999998
num pixels: 49152
tile num: 6781
total tile prob: 0.999998
tiles with prob > 0: 32
total tile prob after trim: 0.999998
num tiles after trim: 32
init_pos: 6659
*********running GCP*********
total time (wallclock): 0.0338937 seconds

$ /home/daisy/GRB-Search-Pipeline/search-planning/build/sp_train /home/daisy/GRB-Search-Pipeline/results/training/maps/longlow/adapt_p11-715852394892384_a135-0_51_map.h5 /home/daisy/GRB-Search-Pipeline/search-planning/tilings/tiling_files/2.5x2.5_tiling.csv 6695 10.0 10.0 5.0 0 /home/daisy/GRB-Search-Pipeline/results/training/longlow_searching_2.5x2.5_tiling.csv
Input Parameters:
  file        = /home/daisy/GRB-Search-Pipeline/results/training/maps/longlow/adapt_p11-715852394892384_a135-0_51_map.h5
  source_tile = 6695
  slew_rate   = 10
  dwell_time  = 5
  output      = /home/daisy/GRB-Search-Pipeline/results/training/longlow_searching_2.5x2.5_tiling.csv

source = [78.2841, 135], n_src_events = 137, n_bkg_events = 1079
Loaded 956 entries (unique=956, duplicates=0, missing=48196, out_of_bounds=0, non-finite=0)
Sum(prob) over finite entries = 0.999998
init sum: 0.999998
num pixels: 49152
tile num: 6781
total tile prob: 0.999998
tiles with prob > 0: 169
total tile prob after trim: 0.999998
num tiles after trim: 169
init_pos: 6517
*********running GCP*********
total time (wallclock): 0.035335 seconds

$ /home/daisy/GRB-Search-Pipeline/search-planning/build/sp_train /home/daisy/GRB-Search-Pipeline/results/training/maps/longlow/adapt_p11-715852394892384_a135-0_520_map.h5 /home/daisy/GRB-Search-Pipeline/search-planning/tilings/tiling_files/2.5x2.5_tiling.csv 6695 10.0 10.0 5.0 0 /home/daisy/GRB-Search-Pipeline/results/training/longlow_searching_2.5x2.5_tiling.csv
Input Parameters:
  file        = /home/daisy/GRB-Search-Pipeline/results/training/maps/longlow/adapt_p11-715852394892384_a135-0_520_map.h5
  source_tile = 6695
  slew_rate   = 10
  dwell_time  = 5
  output      = /home/daisy/GRB-Search-Pipeline/results/training/longlow_searching_2.5x2.5_tiling.csv

source = [78.2841, 135], n_src_events = 845, n_bkg_events = 282
Loaded 43 entries (unique=43, duplicates=0, missing=49109, out_of_bounds=0, non-finite=0)
Sum(prob) over finite entries = 0.999999
init sum: 0.999999
num pixels: 49152
tile num: 6781
total tile prob: 0.999999
tiles with prob > 0: 10
total tile prob after trim: 0.999999
num tiles after trim: 10
init_pos: 6660
*********running GCP*********
total time (wallclock): 0.0330832 seconds

$ /home/daisy/GRB-Search-Pipeline/search-planning/build/sp_train /home/daisy/GRB-Search-Pipeline/results/training/maps/longlow/adapt_p11-715852394892384_a135-0_521_map.h5 /home/daisy/GRB-Search-Pipeline/search-planning/tilings/tiling_files/2.5x2.5_tiling.csv 6695 10.0 10.0 5.0 0 /home/daisy/GRB-Search-Pipeline/results/training/longlow_searching_2.5x2.5_tiling.csv
Input Parameters:
  file        = /home/daisy/GRB-Search-Pipeline/results/training/maps/longlow/adapt_p11-715852394892384_a135-0_521_map.h5
  source_tile = 6695
  slew_rate   = 10
  dwell_time  = 5
  output      = /home/daisy/GRB-Search-Pipeline/results/training/longlow_searching_2.5x2.5_tiling.csv

source = [78.2841, 135], n_src_events = 69, n_bkg_events = 621
Loaded 19725 entries (unique=19725, duplicates=0, missing=29427, out_of_bounds=0, non-finite=0)
Sum(prob) over finite entries = 0.999984
init sum: 0.999984
num pixels: 49152
tile num: 6781
total tile prob: 0.999984
tiles with prob > 0: 2827
total tile prob after trim: 0.999984
num tiles after trim: 2827
init_pos: 5078
*********running GCP*********
total time (wallclock): 81.3067 seconds

$ /home/daisy/GRB-Search-Pipeline/search-planning/build/sp_train /home/daisy/GRB-Search-Pipeline/results/training/maps/longlow/adapt_p11-715852394892384_a135-0_522_map.h5 /home/daisy/GRB-Search-Pipeline/search-planning/tilings/tiling_files/2.5x2.5_tiling.csv 6695 10.0 10.0 5.0 0 /home/daisy/GRB-Search-Pipeline/results/training/longlow_searching_2.5x2.5_tiling.csv
Input Parameters:
  file        = /home/daisy/GRB-Search-Pipeline/results/training/maps/longlow/adapt_p11-715852394892384_a135-0_522_map.h5
  source_tile = 6695
  slew_rate   = 10
  dwell_time  = 5
  output      = /home/daisy/GRB-Search-Pipeline/results/training/longlow_searching_2.5x2.5_tiling.csv

source = [78.2841, 135], n_src_events = 601, n_bkg_events = 195
Loaded 64 entries (unique=64, duplicates=0, missing=49088, out_of_bounds=0, non-finite=0)
Sum(prob) over finite entries = 0.999999
init sum: 0.999999
num pixels: 49152
tile num: 6781
total tile prob: 0.999999
tiles with prob > 0: 16
total tile prob after trim: 0.999999
num tiles after trim: 16
init_pos: 6696
*********running GCP*********
total time (wallclock): 0.0327213 seconds

$ /home/daisy/GRB-Search-Pipeline/search-planning/build/sp_train /home/daisy/GRB-Search-Pipeline/results/training/maps/longlow/adapt_p11-715852394892384_a135-0_523_map.h5 /home/daisy/GRB-Search-Pipeline/search-planning/tilings/tiling_files/2.5x2.5_tiling.csv 6695 10.0 10.0 5.0 0 /home/daisy/GRB-Search-Pipeline/results/training/longlow_searching_2.5x2.5_tiling.csv
Input Parameters:
  file        = /home/daisy/GRB-Search-Pipeline/results/training/maps/longlow/adapt_p11-715852394892384_a135-0_523_map.h5
  source_tile = 6695
  slew_rate   = 10
  dwell_time  = 5
  output      = /home/daisy/GRB-Search-Pipeline/results/training/longlow_searching_2.5x2.5_tiling.csv

source = [78.2841, 135], n_src_events = 630, n_bkg_events = 650
Loaded 98 entries (unique=98, duplicates=0, missing=49054, out_of_bounds=0, non-finite=0)
Sum(prob) over finite entries = 0.999999
init sum: 0.999999
num pixels: 49152
tile num: 6781
total tile prob: 0.999999
tiles with prob > 0: 22
total tile prob after trim: 0.999999
num tiles after trim: 22
init_pos: 6697
*********running GCP*********
total time (wallclock): 0.032427 seconds

$ /home/daisy/GRB-Search-Pipeline/search-planning/build/sp_train /home/daisy/GRB-Search-Pipeline/results/training/maps/longlow/adapt_p11-715852394892384_a135-0_524_map.h5 /home/daisy/GRB-Search-Pipeline/search-planning/tilings/tiling_files/2.5x2.5_tiling.csv 6695 10.0 10.0 5.0 0 /home/daisy/GRB-Search-Pipeline/results/training/longlow_searching_2.5x2.5_tiling.csv
Input Parameters:
  file        = /home/daisy/GRB-Search-Pipeline/results/training/maps/longlow/adapt_p11-715852394892384_a135-0_524_map.h5
  source_tile = 6695
  slew_rate   = 10
  dwell_time  = 5
  output      = /home/daisy/GRB-Search-Pipeline/results/training/longlow_searching_2.5x2.5_tiling.csv

source = [78.2841, 135], n_src_events = 288, n_bkg_events = 164
Loaded 224 entries (unique=224, duplicates=0, missing=48928, out_of_bounds=0, non-finite=0)
Sum(prob) over finite entries = 0.999999
init sum: 0.999999
num pixels: 49152
tile num: 6781
total tile prob: 0.999999
tiles with prob > 0: 43
total tile prob after trim: 0.999999
num tiles after trim: 43
init_pos: 6726
*********running GCP*********
total time (wallclock): 0.0319984 seconds

$ /home/daisy/GRB-Search-Pipeline/search-planning/build/sp_train /home/daisy/GRB-Search-Pipeline/results/training/maps/longlow/adapt_p11-715852394892384_a135-0_525_map.h5 /home/daisy/GRB-Search-Pipeline/search-planning/tilings/tiling_files/2.5x2.5_tiling.csv 6695 10.0 10.0 5.0 0 /home/daisy/GRB-Search-Pipeline/results/training/longlow_searching_2.5x2.5_tiling.csv
Input Parameters:
  file        = /home/daisy/GRB-Search-Pipeline/results/training/maps/longlow/adapt_p11-715852394892384_a135-0_525_map.h5
  source_tile = 6695
  slew_rate   = 10
  dwell_time  = 5
  output      = /home/daisy/GRB-Search-Pipeline/results/training/longlow_searching_2.5x2.5_tiling.csv

source = [78.2841, 135], n_src_events = 198, n_bkg_events = 805
Loaded 449 entries (unique=449, duplicates=0, missing=48703, out_of_bounds=0, non-finite=0)
Sum(prob) over finite entries = 0.999998
init sum: 0.999998
num pixels: 49152
tile num: 6781
total tile prob: 0.999998
tiles with prob > 0: 87
total tile prob after trim: 0.999998
num tiles after trim: 87
init_pos: 6662
*********running GCP*********
total time (wallclock): 0.0334848 seconds

$ /home/daisy/GRB-Search-Pipeline/search-planning/build/sp_train /home/daisy/GRB-Search-Pipeline/results/training/maps/longlow/adapt_p11-715852394892384_a135-0_526_map.h5 /home/daisy/GRB-Search-Pipeline/search-planning/tilings/tiling_files/2.5x2.5_tiling.csv 6695 10.0 10.0 5.0 0 /home/daisy/GRB-Search-Pipeline/results/training/longlow_searching_2.5x2.5_tiling.csv
Input Parameters:
  file        = /home/daisy/GRB-Search-Pipeline/results/training/maps/longlow/adapt_p11-715852394892384_a135-0_526_map.h5
  source_tile = 6695
  slew_rate   = 10
  dwell_time  = 5
  output      = /home/daisy/GRB-Search-Pipeline/results/training/longlow_searching_2.5x2.5_tiling.csv

source = [78.2841, 135], n_src_events = 184, n_bkg_events = 428
Loaded 224 entries (unique=224, duplicates=0, missing=48928, out_of_bounds=0, non-finite=0)
Sum(prob) over finite entries = 0.999999
init sum: 0.999999
num pixels: 49152
tile num: 6781
total tile prob: 0.999999
tiles with prob > 0: 47
total tile prob after trim: 0.999999
num tiles after trim: 47
init_pos: 6659
*********running GCP*********
total time (wallclock): 0.0326311 seconds

$ /home/daisy/GRB-Search-Pipeline/search-planning/build/sp_train /home/daisy/GRB-Search-Pipeline/results/training/maps/longlow/adapt_p11-715852394892384_a135-0_527_map.h5 /home/daisy/GRB-Search-Pipeline/search-planning/tilings/tiling_files/2.5x2.5_tiling.csv 6695 10.0 10.0 5.0 0 /home/daisy/GRB-Search-Pipeline/results/training/longlow_searching_2.5x2.5_tiling.csv
Input Parameters:
  file        = /home/daisy/GRB-Search-Pipeline/results/training/maps/longlow/adapt_p11-715852394892384_a135-0_527_map.h5
  source_tile = 6695
  slew_rate   = 10
  dwell_time  = 5
  output      = /home/daisy/GRB-Search-Pipeline/results/training/longlow_searching_2.5x2.5_tiling.csv

source = [78.2841, 135], n_src_events = 540, n_bkg_events = 221
Loaded 74 entries (unique=74, duplicates=0, missing=49078, out_of_bounds=0, non-finite=0)
Sum(prob) over finite entries = 0.999998
init sum: 0.999998
num pixels: 49152
tile num: 6781
total tile prob: 0.999998
tiles with prob > 0: 18
total tile prob after trim: 0.999998
num tiles after trim: 18
init_pos: 6662
*********running GCP*********
total time (wallclock): 0.0360645 seconds

$ /home/daisy/GRB-Search-Pipeline/search-planning/build/sp_train /home/daisy/GRB-Search-Pipeline/results/training/maps/longlow/adapt_p11-715852394892384_a135-0_528_map.h5 /home/daisy/GRB-Search-Pipeline/search-planning/tilings/tiling_files/2.5x2.5_tiling.csv 6695 10.0 10.0 5.0 0 /home/daisy/GRB-Search-Pipeline/results/training/longlow_searching_2.5x2.5_tiling.csv
Input Parameters:
  file        = /home/daisy/GRB-Search-Pipeline/results/training/maps/longlow/adapt_p11-715852394892384_a135-0_528_map.h5
  source_tile = 6695
  slew_rate   = 10
  dwell_time  = 5
  output      = /home/daisy/GRB-Search-Pipeline/results/training/longlow_searching_2.5x2.5_tiling.csv

source = [78.2841, 135], n_src_events = 318, n_bkg_events = 263
Loaded 223 entries (unique=223, duplicates=0, missing=48929, out_of_bounds=0, non-finite=0)
Sum(prob) over finite entries = 0.999999
init sum: 0.999999
num pixels: 49152
tile num: 6781
total tile prob: 0.999999
tiles with prob > 0: 44
total tile prob after trim: 0.999999
num tiles after trim: 44
init_pos: 6698
*********running GCP*********
total time (wallclock): 0.0328241 seconds

$ /home/daisy/GRB-Search-Pipeline/search-planning/build/sp_train /home/daisy/GRB-Search-Pipeline/results/training/maps/longlow/adapt_p11-715852394892384_a135-0_529_map.h5 /home/daisy/GRB-Search-Pipeline/search-planning/tilings/tiling_files/2.5x2.5_tiling.csv 6695 10.0 10.0 5.0 0 /home/daisy/GRB-Search-Pipeline/results/training/longlow_searching_2.5x2.5_tiling.csv
Input Parameters:
  file        = /home/daisy/GRB-Search-Pipeline/results/training/maps/longlow/adapt_p11-715852394892384_a135-0_529_map.h5
  source_tile = 6695
  slew_rate   = 10
  dwell_time  = 5
  output      = /home/daisy/GRB-Search-Pipeline/results/training/longlow_searching_2.5x2.5_tiling.csv

source = [78.2841, 135], n_src_events = 131, n_bkg_events = 361
Loaded 417 entries (unique=417, duplicates=0, missing=48735, out_of_bounds=0, non-finite=0)
Sum(prob) over finite entries = 0.999998
init sum: 0.999998
num pixels: 49152
tile num: 6781
total tile prob: 0.999998
tiles with prob > 0: 75
total tile prob after trim: 0.999998
num tiles after trim: 75
init_pos: 6701
*********running GCP*********
total time (wallclock): 0.0556295 seconds

$ /home/daisy/GRB-Search-Pipeline/search-planning/build/sp_train /home/daisy/GRB-Search-Pipeline/results/training/maps/longlow/adapt_p11-715852394892384_a135-0_52_map.h5 /home/daisy/GRB-Search-Pipeline/search-planning/tilings/tiling_files/2.5x2.5_tiling.csv 6695 10.0 10.0 5.0 0 /home/daisy/GRB-Search-Pipeline/results/training/longlow_searching_2.5x2.5_tiling.csv
Input Parameters:
  file        = /home/daisy/GRB-Search-Pipeline/results/training/maps/longlow/adapt_p11-715852394892384_a135-0_52_map.h5
  source_tile = 6695
  slew_rate   = 10
  dwell_time  = 5
  output      = /home/daisy/GRB-Search-Pipeline/results/training/longlow_searching_2.5x2.5_tiling.csv

source = [78.2841, 135], n_src_events = 606, n_bkg_events = 834
Loaded 131 entries (unique=131, duplicates=0, missing=49021, out_of_bounds=0, non-finite=0)
Sum(prob) over finite entries = 0.999998
init sum: 0.999998
num pixels: 49152
tile num: 6781
total tile prob: 0.999998
tiles with prob > 0: 25
total tile prob after trim: 0.999998
num tiles after trim: 25
init_pos: 6696
*********running GCP*********
total time (wallclock): 0.0345413 seconds

$ /home/daisy/GRB-Search-Pipeline/search-planning/build/sp_train /home/daisy/GRB-Search-Pipeline/results/training/maps/longlow/adapt_p11-715852394892384_a135-0_530_map.h5 /home/daisy/GRB-Search-Pipeline/search-planning/tilings/tiling_files/2.5x2.5_tiling.csv 6695 10.0 10.0 5.0 0 /home/daisy/GRB-Search-Pipeline/results/training/longlow_searching_2.5x2.5_tiling.csv
Input Parameters:
  file        = /home/daisy/GRB-Search-Pipeline/results/training/maps/longlow/adapt_p11-715852394892384_a135-0_530_map.h5
  source_tile = 6695
  slew_rate   = 10
  dwell_time  = 5
  output      = /home/daisy/GRB-Search-Pipeline/results/training/longlow_searching_2.5x2.5_tiling.csv

source = [78.2841, 135], n_src_events = 464, n_bkg_events = 966
Loaded 94 entries (unique=94, duplicates=0, missing=49058, out_of_bounds=0, non-finite=0)
Sum(prob) over finite entries = 0.999999
init sum: 0.999999
num pixels: 49152
tile num: 6781
total tile prob: 0.999999
tiles with prob > 0: 21
total tile prob after trim: 0.999999
num tiles after trim: 21
init_pos: 6659
*********running GCP*********
total time (wallclock): 0.0335934 seconds

$ /home/daisy/GRB-Search-Pipeline/search-planning/build/sp_train /home/daisy/GRB-Search-Pipeline/results/training/maps/longlow/adapt_p11-715852394892384_a135-0_531_map.h5 /home/daisy/GRB-Search-Pipeline/search-planning/tilings/tiling_files/2.5x2.5_tiling.csv 6695 10.0 10.0 5.0 0 /home/daisy/GRB-Search-Pipeline/results/training/longlow_searching_2.5x2.5_tiling.csv
Input Parameters:
  file        = /home/daisy/GRB-Search-Pipeline/results/training/maps/longlow/adapt_p11-715852394892384_a135-0_531_map.h5
  source_tile = 6695
  slew_rate   = 10
  dwell_time  = 5
  output      = /home/daisy/GRB-Search-Pipeline/results/training/longlow_searching_2.5x2.5_tiling.csv

source = [78.2841, 135], n_src_events = 423, n_bkg_events = 389
Loaded 101 entries (unique=101, duplicates=0, missing=49051, out_of_bounds=0, non-finite=0)
Sum(prob) over finite entries = 0.999999
init sum: 0.999999
num pixels: 49152
tile num: 6781
total tile prob: 0.999999
tiles with prob > 0: 19
total tile prob after trim: 0.999999
num tiles after trim: 19
init_pos: 6694
*********running GCP*********
total time (wallclock): 0.0315764 seconds

$ /home/daisy/GRB-Search-Pipeline/search-planning/build/sp_train /home/daisy/GRB-Search-Pipeline/results/training/maps/longlow/adapt_p11-715852394892384_a135-0_532_map.h5 /home/daisy/GRB-Search-Pipeline/search-planning/tilings/tiling_files/2.5x2.5_tiling.csv 6695 10.0 10.0 5.0 0 /home/daisy/GRB-Search-Pipeline/results/training/longlow_searching_2.5x2.5_tiling.csv
Input Parameters:
  file        = /home/daisy/GRB-Search-Pipeline/results/training/maps/longlow/adapt_p11-715852394892384_a135-0_532_map.h5
  source_tile = 6695
  slew_rate   = 10
  dwell_time  = 5
  output      = /home/daisy/GRB-Search-Pipeline/results/training/longlow_searching_2.5x2.5_tiling.csv

source = [78.2841, 135], n_src_events = 164, n_bkg_events = 862
Loaded 755 entries (unique=755, duplicates=0, missing=48397, out_of_bounds=0, non-finite=0)
Sum(prob) over finite entries = 0.999998
init sum: 0.999998
num pixels: 49152
tile num: 6781
total tile prob: 0.999998
tiles with prob > 0: 133
total tile prob after trim: 0.999998
num tiles after trim: 133
init_pos: 6620
*********running GCP*********
total time (wallclock): 0.0446151 seconds

$ /home/daisy/GRB-Search-Pipeline/search-planning/build/sp_train /home/daisy/GRB-Search-Pipeline/results/training/maps/longlow/adapt_p11-715852394892384_a135-0_533_map.h5 /home/daisy/GRB-Search-Pipeline/search-planning/tilings/tiling_files/2.5x2.5_tiling.csv 6695 10.0 10.0 5.0 0 /home/daisy/GRB-Search-Pipeline/results/training/longlow_searching_2.5x2.5_tiling.csv
Input Parameters:
  file        = /home/daisy/GRB-Search-Pipeline/results/training/maps/longlow/adapt_p11-715852394892384_a135-0_533_map.h5
  source_tile = 6695
  slew_rate   = 10
  dwell_time  = 5
  output      = /home/daisy/GRB-Search-Pipeline/results/training/longlow_searching_2.5x2.5_tiling.csv

source = [78.2841, 135], n_src_events = 144, n_bkg_events = 858
Loaded 640 entries (unique=640, duplicates=0, missing=48512, out_of_bounds=0, non-finite=0)
Sum(prob) over finite entries = 0.999998
init sum: 0.999998
num pixels: 49152
tile num: 6781
total tile prob: 0.999998
tiles with prob > 0: 111
total tile prob after trim: 0.999998
num tiles after trim: 111
init_pos: 6623
*********running GCP*********
total time (wallclock): 0.0677488 seconds

$ /home/daisy/GRB-Search-Pipeline/search-planning/build/sp_train /home/daisy/GRB-Search-Pipeline/results/training/maps/longlow/adapt_p11-715852394892384_a135-0_534_map.h5 /home/daisy/GRB-Search-Pipeline/search-planning/tilings/tiling_files/2.5x2.5_tiling.csv 6695 10.0 10.0 5.0 0 /home/daisy/GRB-Search-Pipeline/results/training/longlow_searching_2.5x2.5_tiling.csv
Input Parameters:
  file        = /home/daisy/GRB-Search-Pipeline/results/training/maps/longlow/adapt_p11-715852394892384_a135-0_534_map.h5
  source_tile = 6695
  slew_rate   = 10
  dwell_time  = 5
  output      = /home/daisy/GRB-Search-Pipeline/results/training/longlow_searching_2.5x2.5_tiling.csv

source = [78.2841, 135], n_src_events = 143, n_bkg_events = 1013
Loaded 1075 entries (unique=1075, duplicates=0, missing=48077, out_of_bounds=0, non-finite=0)
Sum(prob) over finite entries = 0.999998
init sum: 0.999998
num pixels: 49152
tile num: 6781
total tile prob: 0.999998
tiles with prob > 0: 186
total tile prob after trim: 0.999998
num tiles after trim: 186
init_pos: 6413
*********running GCP*********
total time (wallclock): 0.288605 seconds

$ /home/daisy/GRB-Search-Pipeline/search-planning/build/sp_train /home/daisy/GRB-Search-Pipeline/results/training/maps/longlow/adapt_p11-715852394892384_a135-0_535_map.h5 /home/daisy/GRB-Search-Pipeline/search-planning/tilings/tiling_files/2.5x2.5_tiling.csv 6695 10.0 10.0 5.0 0 /home/daisy/GRB-Search-Pipeline/results/training/longlow_searching_2.5x2.5_tiling.csv
Input Parameters:
  file        = /home/daisy/GRB-Search-Pipeline/results/training/maps/longlow/adapt_p11-715852394892384_a135-0_535_map.h5
  source_tile = 6695
  slew_rate   = 10
  dwell_time  = 5
  output      = /home/daisy/GRB-Search-Pipeline/results/training/longlow_searching_2.5x2.5_tiling.csv

source = [78.2841, 135], n_src_events = 347, n_bkg_events = 676
Loaded 195 entries (unique=195, duplicates=0, missing=48957, out_of_bounds=0, non-finite=0)
Sum(prob) over finite entries = 0.999998
init sum: 0.999998
num pixels: 49152
tile num: 6781
total tile prob: 0.999998
tiles with prob > 0: 36
total tile prob after trim: 0.999998
num tiles after trim: 36
init_pos: 6516
*********running GCP*********
total time (wallclock): 0.0390819 seconds

$ /home/daisy/GRB-Search-Pipeline/search-planning/build/sp_train /home/daisy/GRB-Search-Pipeline/results/training/maps/longlow/adapt_p11-715852394892384_a135-0_536_map.h5 /home/daisy/GRB-Search-Pipeline/search-planning/tilings/tiling_files/2.5x2.5_tiling.csv 6695 10.0 10.0 5.0 0 /home/daisy/GRB-Search-Pipeline/results/training/longlow_searching_2.5x2.5_tiling.csv
Input Parameters:
  file        = /home/daisy/GRB-Search-Pipeline/results/training/maps/longlow/adapt_p11-715852394892384_a135-0_536_map.h5
  source_tile = 6695
  slew_rate   = 10
  dwell_time  = 5
  output      = /home/daisy/GRB-Search-Pipeline/results/training/longlow_searching_2.5x2.5_tiling.csv

source = [78.2841, 135], n_src_events = 755, n_bkg_events = 434
Loaded 83 entries (unique=83, duplicates=0, missing=49069, out_of_bounds=0, non-finite=0)
Sum(prob) over finite entries = 0.999999
init sum: 0.999999
num pixels: 49152
tile num: 6781
total tile prob: 0.999999
tiles with prob > 0: 19
total tile prob after trim: 0.999999
num tiles after trim: 19
init_pos: 6725
*********running GCP*********
total time (wallclock): 0.031665 seconds

$ /home/daisy/GRB-Search-Pipeline/search-planning/build/sp_train /home/daisy/GRB-Search-Pipeline/results/training/maps/longlow/adapt_p11-715852394892384_a135-0_537_map.h5 /home/daisy/GRB-Search-Pipeline/search-planning/tilings/tiling_files/2.5x2.5_tiling.csv 6695 10.0 10.0 5.0 0 /home/daisy/GRB-Search-Pipeline/results/training/longlow_searching_2.5x2.5_tiling.csv
Input Parameters:
  file        = /home/daisy/GRB-Search-Pipeline/results/training/maps/longlow/adapt_p11-715852394892384_a135-0_537_map.h5
  source_tile = 6695
  slew_rate   = 10
  dwell_time  = 5
  output      = /home/daisy/GRB-Search-Pipeline/results/training/longlow_searching_2.5x2.5_tiling.csv

source = [78.2841, 135], n_src_events = 747, n_bkg_events = 997
Loaded 76 entries (unique=76, duplicates=0, missing=49076, out_of_bounds=0, non-finite=0)
Sum(prob) over finite entries = 0.999998
init sum: 0.999998
num pixels: 49152
tile num: 6781
total tile prob: 0.999998
tiles with prob > 0: 17
total tile prob after trim: 0.999998
num tiles after trim: 17
init_pos: 6694
*********running GCP*********
total time (wallclock): 0.0317414 seconds

$ /home/daisy/GRB-Search-Pipeline/search-planning/build/sp_train /home/daisy/GRB-Search-Pipeline/results/training/maps/longlow/adapt_p11-715852394892384_a135-0_538_map.h5 /home/daisy/GRB-Search-Pipeline/search-planning/tilings/tiling_files/2.5x2.5_tiling.csv 6695 10.0 10.0 5.0 0 /home/daisy/GRB-Search-Pipeline/results/training/longlow_searching_2.5x2.5_tiling.csv
Input Parameters:
  file        = /home/daisy/GRB-Search-Pipeline/results/training/maps/longlow/adapt_p11-715852394892384_a135-0_538_map.h5
  source_tile = 6695
  slew_rate   = 10
  dwell_time  = 5
  output      = /home/daisy/GRB-Search-Pipeline/results/training/longlow_searching_2.5x2.5_tiling.csv

source = [78.2841, 135], n_src_events = 424, n_bkg_events = 378
Loaded 130 entries (unique=130, duplicates=0, missing=49022, out_of_bounds=0, non-finite=0)
Sum(prob) over finite entries = 0.999998
init sum: 0.999998
num pixels: 49152
tile num: 6781
total tile prob: 0.999998
tiles with prob > 0: 28
total tile prob after trim: 0.999998
num tiles after trim: 28
init_pos: 6658
*********running GCP*********
total time (wallclock): 0.0329437 seconds

$ /home/daisy/GRB-Search-Pipeline/search-planning/build/sp_train /home/daisy/GRB-Search-Pipeline/results/training/maps/longlow/adapt_p11-715852394892384_a135-0_539_map.h5 /home/daisy/GRB-Search-Pipeline/search-planning/tilings/tiling_files/2.5x2.5_tiling.csv 6695 10.0 10.0 5.0 0 /home/daisy/GRB-Search-Pipeline/results/training/longlow_searching_2.5x2.5_tiling.csv
Input Parameters:
  file        = /home/daisy/GRB-Search-Pipeline/results/training/maps/longlow/adapt_p11-715852394892384_a135-0_539_map.h5
  source_tile = 6695
  slew_rate   = 10
  dwell_time  = 5
  output      = /home/daisy/GRB-Search-Pipeline/results/training/longlow_searching_2.5x2.5_tiling.csv

source = [78.2841, 135], n_src_events = 277, n_bkg_events = 572
Loaded 256 entries (unique=256, duplicates=0, missing=48896, out_of_bounds=0, non-finite=0)
Sum(prob) over finite entries = 0.999999
init sum: 0.999999
num pixels: 49152
tile num: 6781
total tile prob: 0.999999
tiles with prob > 0: 48
total tile prob after trim: 0.999999
num tiles after trim: 48
init_pos: 6615
*********running GCP*********
total time (wallclock): 0.0330241 seconds

$ /home/daisy/GRB-Search-Pipeline/search-planning/build/sp_train /home/daisy/GRB-Search-Pipeline/results/training/maps/longlow/adapt_p11-715852394892384_a135-0_53_map.h5 /home/daisy/GRB-Search-Pipeline/search-planning/tilings/tiling_files/2.5x2.5_tiling.csv 6695 10.0 10.0 5.0 0 /home/daisy/GRB-Search-Pipeline/results/training/longlow_searching_2.5x2.5_tiling.csv
Input Parameters:
  file        = /home/daisy/GRB-Search-Pipeline/results/training/maps/longlow/adapt_p11-715852394892384_a135-0_53_map.h5
  source_tile = 6695
  slew_rate   = 10
  dwell_time  = 5
  output      = /home/daisy/GRB-Search-Pipeline/results/training/longlow_searching_2.5x2.5_tiling.csv

source = [78.2841, 135], n_src_events = 140, n_bkg_events = 204
Loaded 469 entries (unique=469, duplicates=0, missing=48683, out_of_bounds=0, non-finite=0)
Sum(prob) over finite entries = 0.999999
init sum: 0.999999
num pixels: 49152
tile num: 6781
total tile prob: 0.999999
tiles with prob > 0: 82
total tile prob after trim: 0.999999
num tiles after trim: 82
init_pos: 6726
*********running GCP*********
total time (wallclock): 0.0405509 seconds

$ /home/daisy/GRB-Search-Pipeline/search-planning/build/sp_train /home/daisy/GRB-Search-Pipeline/results/training/maps/longlow/adapt_p11-715852394892384_a135-0_540_map.h5 /home/daisy/GRB-Search-Pipeline/search-planning/tilings/tiling_files/2.5x2.5_tiling.csv 6695 10.0 10.0 5.0 0 /home/daisy/GRB-Search-Pipeline/results/training/longlow_searching_2.5x2.5_tiling.csv
Input Parameters:
  file        = /home/daisy/GRB-Search-Pipeline/results/training/maps/longlow/adapt_p11-715852394892384_a135-0_540_map.h5
  source_tile = 6695
  slew_rate   = 10
  dwell_time  = 5
  output      = /home/daisy/GRB-Search-Pipeline/results/training/longlow_searching_2.5x2.5_tiling.csv

source = [78.2841, 135], n_src_events = 381, n_bkg_events = 852
Loaded 203 entries (unique=203, duplicates=0, missing=48949, out_of_bounds=0, non-finite=0)
Sum(prob) over finite entries = 0.999998
init sum: 0.999998
num pixels: 49152
tile num: 6781
total tile prob: 0.999998
tiles with prob > 0: 40
total tile prob after trim: 0.999998
num tiles after trim: 40
init_pos: 6697
*********running GCP*********
total time (wallclock): 0.0344561 seconds

$ /home/daisy/GRB-Search-Pipeline/search-planning/build/sp_train /home/daisy/GRB-Search-Pipeline/results/training/maps/longlow/adapt_p11-715852394892384_a135-0_541_map.h5 /home/daisy/GRB-Search-Pipeline/search-planning/tilings/tiling_files/2.5x2.5_tiling.csv 6695 10.0 10.0 5.0 0 /home/daisy/GRB-Search-Pipeline/results/training/longlow_searching_2.5x2.5_tiling.csv
Input Parameters:
  file        = /home/daisy/GRB-Search-Pipeline/results/training/maps/longlow/adapt_p11-715852394892384_a135-0_541_map.h5
  source_tile = 6695
  slew_rate   = 10
  dwell_time  = 5
  output      = /home/daisy/GRB-Search-Pipeline/results/training/longlow_searching_2.5x2.5_tiling.csv

source = [78.2841, 135], n_src_events = 325, n_bkg_events = 503
Loaded 143 entries (unique=143, duplicates=0, missing=49009, out_of_bounds=0, non-finite=0)
Sum(prob) over finite entries = 0.999999
init sum: 0.999999
num pixels: 49152
tile num: 6781
total tile prob: 0.999999
tiles with prob > 0: 28
total tile prob after trim: 0.999999
num tiles after trim: 28
init_pos: 6658
*********running GCP*********
total time (wallclock): 0.0315953 seconds

$ /home/daisy/GRB-Search-Pipeline/search-planning/build/sp_train /home/daisy/GRB-Search-Pipeline/results/training/maps/longlow/adapt_p11-715852394892384_a135-0_542_map.h5 /home/daisy/GRB-Search-Pipeline/search-planning/tilings/tiling_files/2.5x2.5_tiling.csv 6695 10.0 10.0 5.0 0 /home/daisy/GRB-Search-Pipeline/results/training/longlow_searching_2.5x2.5_tiling.csv
Input Parameters:
  file        = /home/daisy/GRB-Search-Pipeline/results/training/maps/longlow/adapt_p11-715852394892384_a135-0_542_map.h5
  source_tile = 6695
  slew_rate   = 10
  dwell_time  = 5
  output      = /home/daisy/GRB-Search-Pipeline/results/training/longlow_searching_2.5x2.5_tiling.csv

source = [78.2841, 135], n_src_events = 678, n_bkg_events = 1106
Loaded 89 entries (unique=89, duplicates=0, missing=49063, out_of_bounds=0, non-finite=0)
Sum(prob) over finite entries = 0.999998
init sum: 0.999998
num pixels: 49152
tile num: 6781
total tile prob: 0.999998
tiles with prob > 0: 20
total tile prob after trim: 0.999998
num tiles after trim: 20
init_pos: 6617
*********running GCP*********
total time (wallclock): 0.0323794 seconds

$ /home/daisy/GRB-Search-Pipeline/search-planning/build/sp_train /home/daisy/GRB-Search-Pipeline/results/training/maps/longlow/adapt_p11-715852394892384_a135-0_543_map.h5 /home/daisy/GRB-Search-Pipeline/search-planning/tilings/tiling_files/2.5x2.5_tiling.csv 6695 10.0 10.0 5.0 0 /home/daisy/GRB-Search-Pipeline/results/training/longlow_searching_2.5x2.5_tiling.csv
Input Parameters:
  file        = /home/daisy/GRB-Search-Pipeline/results/training/maps/longlow/adapt_p11-715852394892384_a135-0_543_map.h5
  source_tile = 6695
  slew_rate   = 10
  dwell_time  = 5
  output      = /home/daisy/GRB-Search-Pipeline/results/training/longlow_searching_2.5x2.5_tiling.csv

source = [78.2841, 135], n_src_events = 597, n_bkg_events = 762
Loaded 95 entries (unique=95, duplicates=0, missing=49057, out_of_bounds=0, non-finite=0)
Sum(prob) over finite entries = 0.999999
init sum: 0.999999
num pixels: 49152
tile num: 6781
total tile prob: 0.999999
tiles with prob > 0: 19
total tile prob after trim: 0.999999
num tiles after trim: 19
init_pos: 6619
*********running GCP*********
total time (wallclock): 0.0318757 seconds

$ /home/daisy/GRB-Search-Pipeline/search-planning/build/sp_train /home/daisy/GRB-Search-Pipeline/results/training/maps/longlow/adapt_p11-715852394892384_a135-0_544_map.h5 /home/daisy/GRB-Search-Pipeline/search-planning/tilings/tiling_files/2.5x2.5_tiling.csv 6695 10.0 10.0 5.0 0 /home/daisy/GRB-Search-Pipeline/results/training/longlow_searching_2.5x2.5_tiling.csv
Input Parameters:
  file        = /home/daisy/GRB-Search-Pipeline/results/training/maps/longlow/adapt_p11-715852394892384_a135-0_544_map.h5
  source_tile = 6695
  slew_rate   = 10
  dwell_time  = 5
  output      = /home/daisy/GRB-Search-Pipeline/results/training/longlow_searching_2.5x2.5_tiling.csv

source = [78.2841, 135], n_src_events = 217, n_bkg_events = 968
Loaded 599 entries (unique=599, duplicates=0, missing=48553, out_of_bounds=0, non-finite=0)
Sum(prob) over finite entries = 0.999998
init sum: 0.999998
num pixels: 49152
tile num: 6781
total tile prob: 0.999998
tiles with prob > 0: 100
total tile prob after trim: 0.999998
num tiles after trim: 100
init_pos: 6397
*********running GCP*********
total time (wallclock): 0.139011 seconds

$ /home/daisy/GRB-Search-Pipeline/search-planning/build/sp_train /home/daisy/GRB-Search-Pipeline/results/training/maps/longlow/adapt_p11-715852394892384_a135-0_545_map.h5 /home/daisy/GRB-Search-Pipeline/search-planning/tilings/tiling_files/2.5x2.5_tiling.csv 6695 10.0 10.0 5.0 0 /home/daisy/GRB-Search-Pipeline/results/training/longlow_searching_2.5x2.5_tiling.csv
Input Parameters:
  file        = /home/daisy/GRB-Search-Pipeline/results/training/maps/longlow/adapt_p11-715852394892384_a135-0_545_map.h5
  source_tile = 6695
  slew_rate   = 10
  dwell_time  = 5
  output      = /home/daisy/GRB-Search-Pipeline/results/training/longlow_searching_2.5x2.5_tiling.csv

source = [78.2841, 135], n_src_events = 557, n_bkg_events = 457
Loaded 78 entries (unique=78, duplicates=0, missing=49074, out_of_bounds=0, non-finite=0)
Sum(prob) over finite entries = 0.999999
init sum: 0.999999
num pixels: 49152
tile num: 6781
total tile prob: 0.999999
tiles with prob > 0: 16
total tile prob after trim: 0.999999
num tiles after trim: 16
init_pos: 6619
*********running GCP*********
total time (wallclock): 0.0329943 seconds

$ /home/daisy/GRB-Search-Pipeline/search-planning/build/sp_train /home/daisy/GRB-Search-Pipeline/results/training/maps/longlow/adapt_p11-715852394892384_a135-0_546_map.h5 /home/daisy/GRB-Search-Pipeline/search-planning/tilings/tiling_files/2.5x2.5_tiling.csv 6695 10.0 10.0 5.0 0 /home/daisy/GRB-Search-Pipeline/results/training/longlow_searching_2.5x2.5_tiling.csv
Input Parameters:
  file        = /home/daisy/GRB-Search-Pipeline/results/training/maps/longlow/adapt_p11-715852394892384_a135-0_546_map.h5
  source_tile = 6695
  slew_rate   = 10
  dwell_time  = 5
  output      = /home/daisy/GRB-Search-Pipeline/results/training/longlow_searching_2.5x2.5_tiling.csv

source = [78.2841, 135], n_src_events = 81, n_bkg_events = 948
Loaded 6502 entries (unique=6502, duplicates=0, missing=42650, out_of_bounds=0, non-finite=0)
Sum(prob) over finite entries = 0.99999
init sum: 0.99999
num pixels: 49152
tile num: 6781
total tile prob: 0.99999
tiles with prob > 0: 979
total tile prob after trim: 0.99999
num tiles after trim: 979
init_pos: 6238
*********running GCP*********
total time (wallclock): 0.908982 seconds

$ /home/daisy/GRB-Search-Pipeline/search-planning/build/sp_train /home/daisy/GRB-Search-Pipeline/results/training/maps/longlow/adapt_p11-715852394892384_a135-0_547_map.h5 /home/daisy/GRB-Search-Pipeline/search-planning/tilings/tiling_files/2.5x2.5_tiling.csv 6695 10.0 10.0 5.0 0 /home/daisy/GRB-Search-Pipeline/results/training/longlow_searching_2.5x2.5_tiling.csv
Input Parameters:
  file        = /home/daisy/GRB-Search-Pipeline/results/training/maps/longlow/adapt_p11-715852394892384_a135-0_547_map.h5
  source_tile = 6695
  slew_rate   = 10
  dwell_time  = 5
  output      = /home/daisy/GRB-Search-Pipeline/results/training/longlow_searching_2.5x2.5_tiling.csv

source = [78.2841, 135], n_src_events = 173, n_bkg_events = 875
Loaded 739 entries (unique=739, duplicates=0, missing=48413, out_of_bounds=0, non-finite=0)
Sum(prob) over finite entries = 0.999998
init sum: 0.999998
num pixels: 49152
tile num: 6781
total tile prob: 0.999998
tiles with prob > 0: 134
total tile prob after trim: 0.999998
num tiles after trim: 134
init_pos: 6570
*********running GCP*********
total time (wallclock): 0.0438779 seconds

$ /home/daisy/GRB-Search-Pipeline/search-planning/build/sp_train /home/daisy/GRB-Search-Pipeline/results/training/maps/longlow/adapt_p11-715852394892384_a135-0_548_map.h5 /home/daisy/GRB-Search-Pipeline/search-planning/tilings/tiling_files/2.5x2.5_tiling.csv 6695 10.0 10.0 5.0 0 /home/daisy/GRB-Search-Pipeline/results/training/longlow_searching_2.5x2.5_tiling.csv
Input Parameters:
  file        = /home/daisy/GRB-Search-Pipeline/results/training/maps/longlow/adapt_p11-715852394892384_a135-0_548_map.h5
  source_tile = 6695
  slew_rate   = 10
  dwell_time  = 5
  output      = /home/daisy/GRB-Search-Pipeline/results/training/longlow_searching_2.5x2.5_tiling.csv

source = [78.2841, 135], n_src_events = 725, n_bkg_events = 799
Loaded 56 entries (unique=56, duplicates=0, missing=49096, out_of_bounds=0, non-finite=0)
Sum(prob) over finite entries = 0.999999
init sum: 0.999999
num pixels: 49152
tile num: 6781
total tile prob: 0.999999
tiles with prob > 0: 14
total tile prob after trim: 0.999999
num tiles after trim: 14
init_pos: 6617
*********running GCP*********
total time (wallclock): 0.0323827 seconds

$ /home/daisy/GRB-Search-Pipeline/search-planning/build/sp_train /home/daisy/GRB-Search-Pipeline/results/training/maps/longlow/adapt_p11-715852394892384_a135-0_549_map.h5 /home/daisy/GRB-Search-Pipeline/search-planning/tilings/tiling_files/2.5x2.5_tiling.csv 6695 10.0 10.0 5.0 0 /home/daisy/GRB-Search-Pipeline/results/training/longlow_searching_2.5x2.5_tiling.csv
Input Parameters:
  file        = /home/daisy/GRB-Search-Pipeline/results/training/maps/longlow/adapt_p11-715852394892384_a135-0_549_map.h5
  source_tile = 6695
  slew_rate   = 10
  dwell_time  = 5
  output      = /home/daisy/GRB-Search-Pipeline/results/training/longlow_searching_2.5x2.5_tiling.csv

source = [78.2841, 135], n_src_events = 360, n_bkg_events = 181
Loaded 134 entries (unique=134, duplicates=0, missing=49018, out_of_bounds=0, non-finite=0)
Sum(prob) over finite entries = 0.999999
init sum: 0.999999
num pixels: 49152
tile num: 6781
total tile prob: 0.999999
tiles with prob > 0: 25
total tile prob after trim: 0.999999
num tiles after trim: 25
init_pos: 6695
*********running GCP*********
total time (wallclock): 0.0308957 seconds

$ /home/daisy/GRB-Search-Pipeline/search-planning/build/sp_train /home/daisy/GRB-Search-Pipeline/results/training/maps/longlow/adapt_p11-715852394892384_a135-0_54_map.h5 /home/daisy/GRB-Search-Pipeline/search-planning/tilings/tiling_files/2.5x2.5_tiling.csv 6695 10.0 10.0 5.0 0 /home/daisy/GRB-Search-Pipeline/results/training/longlow_searching_2.5x2.5_tiling.csv
Input Parameters:
  file        = /home/daisy/GRB-Search-Pipeline/results/training/maps/longlow/adapt_p11-715852394892384_a135-0_54_map.h5
  source_tile = 6695
  slew_rate   = 10
  dwell_time  = 5
  output      = /home/daisy/GRB-Search-Pipeline/results/training/longlow_searching_2.5x2.5_tiling.csv

source = [78.2841, 135], n_src_events = 604, n_bkg_events = 278
Loaded 65 entries (unique=65, duplicates=0, missing=49087, out_of_bounds=0, non-finite=0)
Sum(prob) over finite entries = 0.999999
init sum: 0.999999
num pixels: 49152
tile num: 6781
total tile prob: 0.999999
tiles with prob > 0: 15
total tile prob after trim: 0.999999
num tiles after trim: 15
init_pos: 6617
*********running GCP*********
total time (wallclock): 0.0325516 seconds

$ /home/daisy/GRB-Search-Pipeline/search-planning/build/sp_train /home/daisy/GRB-Search-Pipeline/results/training/maps/longlow/adapt_p11-715852394892384_a135-0_550_map.h5 /home/daisy/GRB-Search-Pipeline/search-planning/tilings/tiling_files/2.5x2.5_tiling.csv 6695 10.0 10.0 5.0 0 /home/daisy/GRB-Search-Pipeline/results/training/longlow_searching_2.5x2.5_tiling.csv
Input Parameters:
  file        = /home/daisy/GRB-Search-Pipeline/results/training/maps/longlow/adapt_p11-715852394892384_a135-0_550_map.h5
  source_tile = 6695
  slew_rate   = 10
  dwell_time  = 5
  output      = /home/daisy/GRB-Search-Pipeline/results/training/longlow_searching_2.5x2.5_tiling.csv

source = [78.2841, 135], n_src_events = 353, n_bkg_events = 496
Loaded 180 entries (unique=180, duplicates=0, missing=48972, out_of_bounds=0, non-finite=0)
Sum(prob) over finite entries = 0.999999
init sum: 0.999999
num pixels: 49152
tile num: 6781
total tile prob: 0.999999
tiles with prob > 0: 36
total tile prob after trim: 0.999999
num tiles after trim: 36
init_pos: 6660
*********running GCP*********
total time (wallclock): 0.0339113 seconds

$ /home/daisy/GRB-Search-Pipeline/search-planning/build/sp_train /home/daisy/GRB-Search-Pipeline/results/training/maps/longlow/adapt_p11-715852394892384_a135-0_551_map.h5 /home/daisy/GRB-Search-Pipeline/search-planning/tilings/tiling_files/2.5x2.5_tiling.csv 6695 10.0 10.0 5.0 0 /home/daisy/GRB-Search-Pipeline/results/training/longlow_searching_2.5x2.5_tiling.csv
Input Parameters:
  file        = /home/daisy/GRB-Search-Pipeline/results/training/maps/longlow/adapt_p11-715852394892384_a135-0_551_map.h5
  source_tile = 6695
  slew_rate   = 10
  dwell_time  = 5
  output      = /home/daisy/GRB-Search-Pipeline/results/training/longlow_searching_2.5x2.5_tiling.csv

source = [78.2841, 135], n_src_events = 346, n_bkg_events = 383
Loaded 119 entries (unique=119, duplicates=0, missing=49033, out_of_bounds=0, non-finite=0)
Sum(prob) over finite entries = 0.999998
init sum: 0.999998
num pixels: 49152
tile num: 6781
total tile prob: 0.999998
tiles with prob > 0: 25
total tile prob after trim: 0.999998
num tiles after trim: 25
init_pos: 6662
*********running GCP*********
total time (wallclock): 0.0325878 seconds

$ /home/daisy/GRB-Search-Pipeline/search-planning/build/sp_train /home/daisy/GRB-Search-Pipeline/results/training/maps/longlow/adapt_p11-715852394892384_a135-0_552_map.h5 /home/daisy/GRB-Search-Pipeline/search-planning/tilings/tiling_files/2.5x2.5_tiling.csv 6695 10.0 10.0 5.0 0 /home/daisy/GRB-Search-Pipeline/results/training/longlow_searching_2.5x2.5_tiling.csv
Input Parameters:
  file        = /home/daisy/GRB-Search-Pipeline/results/training/maps/longlow/adapt_p11-715852394892384_a135-0_552_map.h5
  source_tile = 6695
  slew_rate   = 10
  dwell_time  = 5
  output      = /home/daisy/GRB-Search-Pipeline/results/training/longlow_searching_2.5x2.5_tiling.csv

source = [78.2841, 135], n_src_events = 656, n_bkg_events = 665
Loaded 58 entries (unique=58, duplicates=0, missing=49094, out_of_bounds=0, non-finite=0)
Sum(prob) over finite entries = 0.999999
init sum: 0.999999
num pixels: 49152
tile num: 6781
total tile prob: 0.999999
tiles with prob > 0: 13
total tile prob after trim: 0.999999
num tiles after trim: 13
init_pos: 6617
*********running GCP*********
total time (wallclock): 0.0321869 seconds

$ /home/daisy/GRB-Search-Pipeline/search-planning/build/sp_train /home/daisy/GRB-Search-Pipeline/results/training/maps/longlow/adapt_p11-715852394892384_a135-0_553_map.h5 /home/daisy/GRB-Search-Pipeline/search-planning/tilings/tiling_files/2.5x2.5_tiling.csv 6695 10.0 10.0 5.0 0 /home/daisy/GRB-Search-Pipeline/results/training/longlow_searching_2.5x2.5_tiling.csv
Input Parameters:
  file        = /home/daisy/GRB-Search-Pipeline/results/training/maps/longlow/adapt_p11-715852394892384_a135-0_553_map.h5
  source_tile = 6695
  slew_rate   = 10
  dwell_time  = 5
  output      = /home/daisy/GRB-Search-Pipeline/results/training/longlow_searching_2.5x2.5_tiling.csv

source = [78.2841, 135], n_src_events = 774, n_bkg_events = 412
Loaded 59 entries (unique=59, duplicates=0, missing=49093, out_of_bounds=0, non-finite=0)
Sum(prob) over finite entries = 0.999999
init sum: 0.999999
num pixels: 49152
tile num: 6781
total tile prob: 0.999999
tiles with prob > 0: 14
total tile prob after trim: 0.999999
num tiles after trim: 14
init_pos: 6662
*********running GCP*********
total time (wallclock): 0.032261 seconds

$ /home/daisy/GRB-Search-Pipeline/search-planning/build/sp_train /home/daisy/GRB-Search-Pipeline/results/training/maps/longlow/adapt_p11-715852394892384_a135-0_554_map.h5 /home/daisy/GRB-Search-Pipeline/search-planning/tilings/tiling_files/2.5x2.5_tiling.csv 6695 10.0 10.0 5.0 0 /home/daisy/GRB-Search-Pipeline/results/training/longlow_searching_2.5x2.5_tiling.csv
Input Parameters:
  file        = /home/daisy/GRB-Search-Pipeline/results/training/maps/longlow/adapt_p11-715852394892384_a135-0_554_map.h5
  source_tile = 6695
  slew_rate   = 10
  dwell_time  = 5
  output      = /home/daisy/GRB-Search-Pipeline/results/training/longlow_searching_2.5x2.5_tiling.csv

source = [78.2841, 135], n_src_events = 537, n_bkg_events = 1034
Loaded 114 entries (unique=114, duplicates=0, missing=49038, out_of_bounds=0, non-finite=0)
Sum(prob) over finite entries = 0.999999
init sum: 0.999999
num pixels: 49152
tile num: 6781
total tile prob: 0.999999
tiles with prob > 0: 25
total tile prob after trim: 0.999999
num tiles after trim: 25
init_pos: 6662
*********running GCP*********
total time (wallclock): 0.0326677 seconds

$ /home/daisy/GRB-Search-Pipeline/search-planning/build/sp_train /home/daisy/GRB-Search-Pipeline/results/training/maps/longlow/adapt_p11-715852394892384_a135-0_555_map.h5 /home/daisy/GRB-Search-Pipeline/search-planning/tilings/tiling_files/2.5x2.5_tiling.csv 6695 10.0 10.0 5.0 0 /home/daisy/GRB-Search-Pipeline/results/training/longlow_searching_2.5x2.5_tiling.csv
Input Parameters:
  file        = /home/daisy/GRB-Search-Pipeline/results/training/maps/longlow/adapt_p11-715852394892384_a135-0_555_map.h5
  source_tile = 6695
  slew_rate   = 10
  dwell_time  = 5
  output      = /home/daisy/GRB-Search-Pipeline/results/training/longlow_searching_2.5x2.5_tiling.csv

source = [78.2841, 135], n_src_events = 661, n_bkg_events = 997
Loaded 66 entries (unique=66, duplicates=0, missing=49086, out_of_bounds=0, non-finite=0)
Sum(prob) over finite entries = 0.999998
init sum: 0.999998
num pixels: 49152
tile num: 6781
total tile prob: 0.999998
tiles with prob > 0: 17
total tile prob after trim: 0.999998
num tiles after trim: 17
init_pos: 6619
*********running GCP*********
total time (wallclock): 0.0335555 seconds

$ /home/daisy/GRB-Search-Pipeline/search-planning/build/sp_train /home/daisy/GRB-Search-Pipeline/results/training/maps/longlow/adapt_p11-715852394892384_a135-0_556_map.h5 /home/daisy/GRB-Search-Pipeline/search-planning/tilings/tiling_files/2.5x2.5_tiling.csv 6695 10.0 10.0 5.0 0 /home/daisy/GRB-Search-Pipeline/results/training/longlow_searching_2.5x2.5_tiling.csv
Input Parameters:
  file        = /home/daisy/GRB-Search-Pipeline/results/training/maps/longlow/adapt_p11-715852394892384_a135-0_556_map.h5
  source_tile = 6695
  slew_rate   = 10
  dwell_time  = 5
  output      = /home/daisy/GRB-Search-Pipeline/results/training/longlow_searching_2.5x2.5_tiling.csv

source = [78.2841, 135], n_src_events = 162, n_bkg_events = 366
Loaded 396 entries (unique=396, duplicates=0, missing=48756, out_of_bounds=0, non-finite=0)
Sum(prob) over finite entries = 0.999998
init sum: 0.999998
num pixels: 49152
tile num: 6781
total tile prob: 0.999998
tiles with prob > 0: 71
total tile prob after trim: 0.999998
num tiles after trim: 71
init_pos: 6664
*********running GCP*********
total time (wallclock): 0.053929 seconds

$ /home/daisy/GRB-Search-Pipeline/search-planning/build/sp_train /home/daisy/GRB-Search-Pipeline/results/training/maps/longlow/adapt_p11-715852394892384_a135-0_557_map.h5 /home/daisy/GRB-Search-Pipeline/search-planning/tilings/tiling_files/2.5x2.5_tiling.csv 6695 10.0 10.0 5.0 0 /home/daisy/GRB-Search-Pipeline/results/training/longlow_searching_2.5x2.5_tiling.csv
Input Parameters:
  file        = /home/daisy/GRB-Search-Pipeline/results/training/maps/longlow/adapt_p11-715852394892384_a135-0_557_map.h5
  source_tile = 6695
  slew_rate   = 10
  dwell_time  = 5
  output      = /home/daisy/GRB-Search-Pipeline/results/training/longlow_searching_2.5x2.5_tiling.csv

source = [78.2841, 135], n_src_events = 515, n_bkg_events = 1173
Loaded 135 entries (unique=135, duplicates=0, missing=49017, out_of_bounds=0, non-finite=0)
Sum(prob) over finite entries = 0.999999
init sum: 0.999999
num pixels: 49152
tile num: 6781
total tile prob: 0.999999
tiles with prob > 0: 29
total tile prob after trim: 0.999999
num tiles after trim: 29
init_pos: 6697
*********running GCP*********
total time (wallclock): 0.0326073 seconds

$ /home/daisy/GRB-Search-Pipeline/search-planning/build/sp_train /home/daisy/GRB-Search-Pipeline/results/training/maps/longlow/adapt_p11-715852394892384_a135-0_558_map.h5 /home/daisy/GRB-Search-Pipeline/search-planning/tilings/tiling_files/2.5x2.5_tiling.csv 6695 10.0 10.0 5.0 0 /home/daisy/GRB-Search-Pipeline/results/training/longlow_searching_2.5x2.5_tiling.csv
Input Parameters:
  file        = /home/daisy/GRB-Search-Pipeline/results/training/maps/longlow/adapt_p11-715852394892384_a135-0_558_map.h5
  source_tile = 6695
  slew_rate   = 10
  dwell_time  = 5
  output      = /home/daisy/GRB-Search-Pipeline/results/training/longlow_searching_2.5x2.5_tiling.csv

source = [78.2841, 135], n_src_events = 119, n_bkg_events = 626
Loaded 1214 entries (unique=1214, duplicates=0, missing=47938, out_of_bounds=0, non-finite=0)
Sum(prob) over finite entries = 0.999998
init sum: 0.999998
num pixels: 49152
tile num: 6781
total tile prob: 0.999998
tiles with prob > 0: 202
total tile prob after trim: 0.999998
num tiles after trim: 202
init_pos: 6527
*********running GCP*********
total time (wallclock): 0.492418 seconds

$ /home/daisy/GRB-Search-Pipeline/search-planning/build/sp_train /home/daisy/GRB-Search-Pipeline/results/training/maps/longlow/adapt_p11-715852394892384_a135-0_559_map.h5 /home/daisy/GRB-Search-Pipeline/search-planning/tilings/tiling_files/2.5x2.5_tiling.csv 6695 10.0 10.0 5.0 0 /home/daisy/GRB-Search-Pipeline/results/training/longlow_searching_2.5x2.5_tiling.csv
Input Parameters:
  file        = /home/daisy/GRB-Search-Pipeline/results/training/maps/longlow/adapt_p11-715852394892384_a135-0_559_map.h5
  source_tile = 6695
  slew_rate   = 10
  dwell_time  = 5
  output      = /home/daisy/GRB-Search-Pipeline/results/training/longlow_searching_2.5x2.5_tiling.csv

source = [78.2841, 135], n_src_events = 166, n_bkg_events = 1119
Loaded 769 entries (unique=769, duplicates=0, missing=48383, out_of_bounds=0, non-finite=0)
Sum(prob) over finite entries = 0.999999
init sum: 0.999999
num pixels: 49152
tile num: 6781
total tile prob: 0.999999
tiles with prob > 0: 138
total tile prob after trim: 0.999999
num tiles after trim: 138
init_pos: 6752
*********running GCP*********
total time (wallclock): 0.0582583 seconds

$ /home/daisy/GRB-Search-Pipeline/search-planning/build/sp_train /home/daisy/GRB-Search-Pipeline/results/training/maps/longlow/adapt_p11-715852394892384_a135-0_55_map.h5 /home/daisy/GRB-Search-Pipeline/search-planning/tilings/tiling_files/2.5x2.5_tiling.csv 6695 10.0 10.0 5.0 0 /home/daisy/GRB-Search-Pipeline/results/training/longlow_searching_2.5x2.5_tiling.csv
Input Parameters:
  file        = /home/daisy/GRB-Search-Pipeline/results/training/maps/longlow/adapt_p11-715852394892384_a135-0_55_map.h5
  source_tile = 6695
  slew_rate   = 10
  dwell_time  = 5
  output      = /home/daisy/GRB-Search-Pipeline/results/training/longlow_searching_2.5x2.5_tiling.csv

source = [78.2841, 135], n_src_events = 728, n_bkg_events = 733
Loaded 69 entries (unique=69, duplicates=0, missing=49083, out_of_bounds=0, non-finite=0)
Sum(prob) over finite entries = 0.999998
init sum: 0.999998
num pixels: 49152
tile num: 6781
total tile prob: 0.999998
tiles with prob > 0: 16
total tile prob after trim: 0.999998
num tiles after trim: 16
init_pos: 6659
*********running GCP*********
total time (wallclock): 0.0327451 seconds

$ /home/daisy/GRB-Search-Pipeline/search-planning/build/sp_train /home/daisy/GRB-Search-Pipeline/results/training/maps/longlow/adapt_p11-715852394892384_a135-0_560_map.h5 /home/daisy/GRB-Search-Pipeline/search-planning/tilings/tiling_files/2.5x2.5_tiling.csv 6695 10.0 10.0 5.0 0 /home/daisy/GRB-Search-Pipeline/results/training/longlow_searching_2.5x2.5_tiling.csv
Input Parameters:
  file        = /home/daisy/GRB-Search-Pipeline/results/training/maps/longlow/adapt_p11-715852394892384_a135-0_560_map.h5
  source_tile = 6695
  slew_rate   = 10
  dwell_time  = 5
  output      = /home/daisy/GRB-Search-Pipeline/results/training/longlow_searching_2.5x2.5_tiling.csv

source = [78.2841, 135], n_src_events = 402, n_bkg_events = 899
Loaded 121 entries (unique=121, duplicates=0, missing=49031, out_of_bounds=0, non-finite=0)
Sum(prob) over finite entries = 0.999998
init sum: 0.999998
num pixels: 49152
tile num: 6781
total tile prob: 0.999998
tiles with prob > 0: 26
total tile prob after trim: 0.999998
num tiles after trim: 26
init_pos: 6616
*********running GCP*********
total time (wallclock): 0.0330269 seconds

$ /home/daisy/GRB-Search-Pipeline/search-planning/build/sp_train /home/daisy/GRB-Search-Pipeline/results/training/maps/longlow/adapt_p11-715852394892384_a135-0_561_map.h5 /home/daisy/GRB-Search-Pipeline/search-planning/tilings/tiling_files/2.5x2.5_tiling.csv 6695 10.0 10.0 5.0 0 /home/daisy/GRB-Search-Pipeline/results/training/longlow_searching_2.5x2.5_tiling.csv
Input Parameters:
  file        = /home/daisy/GRB-Search-Pipeline/results/training/maps/longlow/adapt_p11-715852394892384_a135-0_561_map.h5
  source_tile = 6695
  slew_rate   = 10
  dwell_time  = 5
  output      = /home/daisy/GRB-Search-Pipeline/results/training/longlow_searching_2.5x2.5_tiling.csv

source = [78.2841, 135], n_src_events = 149, n_bkg_events = 1005
Loaded 449 entries (unique=449, duplicates=0, missing=48703, out_of_bounds=0, non-finite=0)
Sum(prob) over finite entries = 0.999997
init sum: 0.999997
num pixels: 49152
tile num: 6781
total tile prob: 0.999997
tiles with prob > 0: 83
total tile prob after trim: 0.999997
num tiles after trim: 83
init_pos: 6517
*********running GCP*********
total time (wallclock): 0.0361666 seconds

$ /home/daisy/GRB-Search-Pipeline/search-planning/build/sp_train /home/daisy/GRB-Search-Pipeline/results/training/maps/longlow/adapt_p11-715852394892384_a135-0_562_map.h5 /home/daisy/GRB-Search-Pipeline/search-planning/tilings/tiling_files/2.5x2.5_tiling.csv 6695 10.0 10.0 5.0 0 /home/daisy/GRB-Search-Pipeline/results/training/longlow_searching_2.5x2.5_tiling.csv
Input Parameters:
  file        = /home/daisy/GRB-Search-Pipeline/results/training/maps/longlow/adapt_p11-715852394892384_a135-0_562_map.h5
  source_tile = 6695
  slew_rate   = 10
  dwell_time  = 5
  output      = /home/daisy/GRB-Search-Pipeline/results/training/longlow_searching_2.5x2.5_tiling.csv

source = [78.2841, 135], n_src_events = 446, n_bkg_events = 985
Loaded 118 entries (unique=118, duplicates=0, missing=49034, out_of_bounds=0, non-finite=0)
Sum(prob) over finite entries = 0.999999
init sum: 0.999999
num pixels: 49152
tile num: 6781
total tile prob: 0.999999
tiles with prob > 0: 24
total tile prob after trim: 0.999999
num tiles after trim: 24
init_pos: 6696
*********running GCP*********
total time (wallclock): 0.0327666 seconds

$ /home/daisy/GRB-Search-Pipeline/search-planning/build/sp_train /home/daisy/GRB-Search-Pipeline/results/training/maps/longlow/adapt_p11-715852394892384_a135-0_563_map.h5 /home/daisy/GRB-Search-Pipeline/search-planning/tilings/tiling_files/2.5x2.5_tiling.csv 6695 10.0 10.0 5.0 0 /home/daisy/GRB-Search-Pipeline/results/training/longlow_searching_2.5x2.5_tiling.csv
Input Parameters:
  file        = /home/daisy/GRB-Search-Pipeline/results/training/maps/longlow/adapt_p11-715852394892384_a135-0_563_map.h5
  source_tile = 6695
  slew_rate   = 10
  dwell_time  = 5
  output      = /home/daisy/GRB-Search-Pipeline/results/training/longlow_searching_2.5x2.5_tiling.csv

source = [78.2841, 135], n_src_events = 432, n_bkg_events = 882
Loaded 206 entries (unique=206, duplicates=0, missing=48946, out_of_bounds=0, non-finite=0)
Sum(prob) over finite entries = 0.999999
init sum: 0.999999
num pixels: 49152
tile num: 6781
total tile prob: 0.999999
tiles with prob > 0: 43
total tile prob after trim: 0.999999
num tiles after trim: 43
init_pos: 6698
*********running GCP*********
total time (wallclock): 0.0333947 seconds

$ /home/daisy/GRB-Search-Pipeline/search-planning/build/sp_train /home/daisy/GRB-Search-Pipeline/results/training/maps/longlow/adapt_p11-715852394892384_a135-0_564_map.h5 /home/daisy/GRB-Search-Pipeline/search-planning/tilings/tiling_files/2.5x2.5_tiling.csv 6695 10.0 10.0 5.0 0 /home/daisy/GRB-Search-Pipeline/results/training/longlow_searching_2.5x2.5_tiling.csv
Input Parameters:
  file        = /home/daisy/GRB-Search-Pipeline/results/training/maps/longlow/adapt_p11-715852394892384_a135-0_564_map.h5
  source_tile = 6695
  slew_rate   = 10
  dwell_time  = 5
  output      = /home/daisy/GRB-Search-Pipeline/results/training/longlow_searching_2.5x2.5_tiling.csv

source = [78.2841, 135], n_src_events = 702, n_bkg_events = 527
Loaded 52 entries (unique=52, duplicates=0, missing=49100, out_of_bounds=0, non-finite=0)
Sum(prob) over finite entries = 0.999999
init sum: 0.999999
num pixels: 49152
tile num: 6781
total tile prob: 0.999999
tiles with prob > 0: 11
total tile prob after trim: 0.999999
num tiles after trim: 11
init_pos: 6618
*********running GCP*********
total time (wallclock): 0.0339832 seconds

$ /home/daisy/GRB-Search-Pipeline/search-planning/build/sp_train /home/daisy/GRB-Search-Pipeline/results/training/maps/longlow/adapt_p11-715852394892384_a135-0_565_map.h5 /home/daisy/GRB-Search-Pipeline/search-planning/tilings/tiling_files/2.5x2.5_tiling.csv 6695 10.0 10.0 5.0 0 /home/daisy/GRB-Search-Pipeline/results/training/longlow_searching_2.5x2.5_tiling.csv
Input Parameters:
  file        = /home/daisy/GRB-Search-Pipeline/results/training/maps/longlow/adapt_p11-715852394892384_a135-0_565_map.h5
  source_tile = 6695
  slew_rate   = 10
  dwell_time  = 5
  output      = /home/daisy/GRB-Search-Pipeline/results/training/longlow_searching_2.5x2.5_tiling.csv

source = [78.2841, 135], n_src_events = 648, n_bkg_events = 1147
Loaded 88 entries (unique=88, duplicates=0, missing=49064, out_of_bounds=0, non-finite=0)
Sum(prob) over finite entries = 0.999998
init sum: 0.999998
num pixels: 49152
tile num: 6781
total tile prob: 0.999998
tiles with prob > 0: 21
total tile prob after trim: 0.999998
num tiles after trim: 21
init_pos: 6573
*********running GCP*********
total time (wallclock): 0.0343683 seconds

$ /home/daisy/GRB-Search-Pipeline/search-planning/build/sp_train /home/daisy/GRB-Search-Pipeline/results/training/maps/longlow/adapt_p11-715852394892384_a135-0_566_map.h5 /home/daisy/GRB-Search-Pipeline/search-planning/tilings/tiling_files/2.5x2.5_tiling.csv 6695 10.0 10.0 5.0 0 /home/daisy/GRB-Search-Pipeline/results/training/longlow_searching_2.5x2.5_tiling.csv
Input Parameters:
  file        = /home/daisy/GRB-Search-Pipeline/results/training/maps/longlow/adapt_p11-715852394892384_a135-0_566_map.h5
  source_tile = 6695
  slew_rate   = 10
  dwell_time  = 5
  output      = /home/daisy/GRB-Search-Pipeline/results/training/longlow_searching_2.5x2.5_tiling.csv

source = [78.2841, 135], n_src_events = 737, n_bkg_events = 756
Loaded 81 entries (unique=81, duplicates=0, missing=49071, out_of_bounds=0, non-finite=0)
Sum(prob) over finite entries = 0.999999
init sum: 0.999999
num pixels: 49152
tile num: 6781
total tile prob: 0.999999
tiles with prob > 0: 18
total tile prob after trim: 0.999999
num tiles after trim: 18
init_pos: 6750
*********running GCP*********
total time (wallclock): 0.0360377 seconds

$ /home/daisy/GRB-Search-Pipeline/search-planning/build/sp_train /home/daisy/GRB-Search-Pipeline/results/training/maps/longlow/adapt_p11-715852394892384_a135-0_567_map.h5 /home/daisy/GRB-Search-Pipeline/search-planning/tilings/tiling_files/2.5x2.5_tiling.csv 6695 10.0 10.0 5.0 0 /home/daisy/GRB-Search-Pipeline/results/training/longlow_searching_2.5x2.5_tiling.csv
Input Parameters:
  file        = /home/daisy/GRB-Search-Pipeline/results/training/maps/longlow/adapt_p11-715852394892384_a135-0_567_map.h5
  source_tile = 6695
  slew_rate   = 10
  dwell_time  = 5
  output      = /home/daisy/GRB-Search-Pipeline/results/training/longlow_searching_2.5x2.5_tiling.csv

source = [78.2841, 135], n_src_events = 738, n_bkg_events = 332
Loaded 49 entries (unique=49, duplicates=0, missing=49103, out_of_bounds=0, non-finite=0)
Sum(prob) over finite entries = 0.999999
init sum: 0.999999
num pixels: 49152
tile num: 6781
total tile prob: 0.999999
tiles with prob > 0: 11
total tile prob after trim: 0.999999
num tiles after trim: 11
init_pos: 6662
*********running GCP*********
total time (wallclock): 0.0333354 seconds

$ /home/daisy/GRB-Search-Pipeline/search-planning/build/sp_train /home/daisy/GRB-Search-Pipeline/results/training/maps/longlow/adapt_p11-715852394892384_a135-0_568_map.h5 /home/daisy/GRB-Search-Pipeline/search-planning/tilings/tiling_files/2.5x2.5_tiling.csv 6695 10.0 10.0 5.0 0 /home/daisy/GRB-Search-Pipeline/results/training/longlow_searching_2.5x2.5_tiling.csv
Input Parameters:
  file        = /home/daisy/GRB-Search-Pipeline/results/training/maps/longlow/adapt_p11-715852394892384_a135-0_568_map.h5
  source_tile = 6695
  slew_rate   = 10
  dwell_time  = 5
  output      = /home/daisy/GRB-Search-Pipeline/results/training/longlow_searching_2.5x2.5_tiling.csv

source = [78.2841, 135], n_src_events = 413, n_bkg_events = 718
Loaded 151 entries (unique=151, duplicates=0, missing=49001, out_of_bounds=0, non-finite=0)
Sum(prob) over finite entries = 0.999999
init sum: 0.999999
num pixels: 49152
tile num: 6781
total tile prob: 0.999999
tiles with prob > 0: 31
total tile prob after trim: 0.999999
num tiles after trim: 31
init_pos: 6660
*********running GCP*********
total time (wallclock): 0.0392284 seconds

$ /home/daisy/GRB-Search-Pipeline/search-planning/build/sp_train /home/daisy/GRB-Search-Pipeline/results/training/maps/longlow/adapt_p11-715852394892384_a135-0_569_map.h5 /home/daisy/GRB-Search-Pipeline/search-planning/tilings/tiling_files/2.5x2.5_tiling.csv 6695 10.0 10.0 5.0 0 /home/daisy/GRB-Search-Pipeline/results/training/longlow_searching_2.5x2.5_tiling.csv
Input Parameters:
  file        = /home/daisy/GRB-Search-Pipeline/results/training/maps/longlow/adapt_p11-715852394892384_a135-0_569_map.h5
  source_tile = 6695
  slew_rate   = 10
  dwell_time  = 5
  output      = /home/daisy/GRB-Search-Pipeline/results/training/longlow_searching_2.5x2.5_tiling.csv

source = [78.2841, 135], n_src_events = 831, n_bkg_events = 225
Loaded 37 entries (unique=37, duplicates=0, missing=49115, out_of_bounds=0, non-finite=0)
Sum(prob) over finite entries = 0.999999
init sum: 0.999999
num pixels: 49152
tile num: 6781
total tile prob: 0.999999
tiles with prob > 0: 9
total tile prob after trim: 0.999999
num tiles after trim: 9
init_pos: 6695
*********running GCP*********
total time (wallclock): 0.0308291 seconds

$ /home/daisy/GRB-Search-Pipeline/search-planning/build/sp_train /home/daisy/GRB-Search-Pipeline/results/training/maps/longlow/adapt_p11-715852394892384_a135-0_56_map.h5 /home/daisy/GRB-Search-Pipeline/search-planning/tilings/tiling_files/2.5x2.5_tiling.csv 6695 10.0 10.0 5.0 0 /home/daisy/GRB-Search-Pipeline/results/training/longlow_searching_2.5x2.5_tiling.csv
Input Parameters:
  file        = /home/daisy/GRB-Search-Pipeline/results/training/maps/longlow/adapt_p11-715852394892384_a135-0_56_map.h5
  source_tile = 6695
  slew_rate   = 10
  dwell_time  = 5
  output      = /home/daisy/GRB-Search-Pipeline/results/training/longlow_searching_2.5x2.5_tiling.csv

source = [78.2841, 135], n_src_events = 372, n_bkg_events = 745
Loaded 183 entries (unique=183, duplicates=0, missing=48969, out_of_bounds=0, non-finite=0)
Sum(prob) over finite entries = 0.999998
init sum: 0.999998
num pixels: 49152
tile num: 6781
total tile prob: 0.999998
tiles with prob > 0: 33
total tile prob after trim: 0.999998
num tiles after trim: 33
init_pos: 6573
*********running GCP*********
total time (wallclock): 0.0386223 seconds

$ /home/daisy/GRB-Search-Pipeline/search-planning/build/sp_train /home/daisy/GRB-Search-Pipeline/results/training/maps/longlow/adapt_p11-715852394892384_a135-0_570_map.h5 /home/daisy/GRB-Search-Pipeline/search-planning/tilings/tiling_files/2.5x2.5_tiling.csv 6695 10.0 10.0 5.0 0 /home/daisy/GRB-Search-Pipeline/results/training/longlow_searching_2.5x2.5_tiling.csv
Input Parameters:
  file        = /home/daisy/GRB-Search-Pipeline/results/training/maps/longlow/adapt_p11-715852394892384_a135-0_570_map.h5
  source_tile = 6695
  slew_rate   = 10
  dwell_time  = 5
  output      = /home/daisy/GRB-Search-Pipeline/results/training/longlow_searching_2.5x2.5_tiling.csv

source = [78.2841, 135], n_src_events = 455, n_bkg_events = 559
Loaded 120 entries (unique=120, duplicates=0, missing=49032, out_of_bounds=0, non-finite=0)
Sum(prob) over finite entries = 0.999999
init sum: 0.999999
num pixels: 49152
tile num: 6781
total tile prob: 0.999999
tiles with prob > 0: 27
total tile prob after trim: 0.999999
num tiles after trim: 27
init_pos: 6723
*********running GCP*********
total time (wallclock): 0.0314543 seconds

$ /home/daisy/GRB-Search-Pipeline/search-planning/build/sp_train /home/daisy/GRB-Search-Pipeline/results/training/maps/longlow/adapt_p11-715852394892384_a135-0_571_map.h5 /home/daisy/GRB-Search-Pipeline/search-planning/tilings/tiling_files/2.5x2.5_tiling.csv 6695 10.0 10.0 5.0 0 /home/daisy/GRB-Search-Pipeline/results/training/longlow_searching_2.5x2.5_tiling.csv
Input Parameters:
  file        = /home/daisy/GRB-Search-Pipeline/results/training/maps/longlow/adapt_p11-715852394892384_a135-0_571_map.h5
  source_tile = 6695
  slew_rate   = 10
  dwell_time  = 5
  output      = /home/daisy/GRB-Search-Pipeline/results/training/longlow_searching_2.5x2.5_tiling.csv

source = [78.2841, 135], n_src_events = 452, n_bkg_events = 698
Loaded 142 entries (unique=142, duplicates=0, missing=49010, out_of_bounds=0, non-finite=0)
Sum(prob) over finite entries = 0.999998
init sum: 0.999998
num pixels: 49152
tile num: 6781
total tile prob: 0.999998
tiles with prob > 0: 29
total tile prob after trim: 0.999998
num tiles after trim: 29
init_pos: 6617
*********running GCP*********
total time (wallclock): 0.0388097 seconds

$ /home/daisy/GRB-Search-Pipeline/search-planning/build/sp_train /home/daisy/GRB-Search-Pipeline/results/training/maps/longlow/adapt_p11-715852394892384_a135-0_572_map.h5 /home/daisy/GRB-Search-Pipeline/search-planning/tilings/tiling_files/2.5x2.5_tiling.csv 6695 10.0 10.0 5.0 0 /home/daisy/GRB-Search-Pipeline/results/training/longlow_searching_2.5x2.5_tiling.csv
Input Parameters:
  file        = /home/daisy/GRB-Search-Pipeline/results/training/maps/longlow/adapt_p11-715852394892384_a135-0_572_map.h5
  source_tile = 6695
  slew_rate   = 10
  dwell_time  = 5
  output      = /home/daisy/GRB-Search-Pipeline/results/training/longlow_searching_2.5x2.5_tiling.csv

source = [78.2841, 135], n_src_events = 505, n_bkg_events = 297
Loaded 94 entries (unique=94, duplicates=0, missing=49058, out_of_bounds=0, non-finite=0)
Sum(prob) over finite entries = 0.999998
init sum: 0.999998
num pixels: 49152
tile num: 6781
total tile prob: 0.999998
tiles with prob > 0: 23
total tile prob after trim: 0.999998
num tiles after trim: 23
init_pos: 6728
*********running GCP*********
total time (wallclock): 0.034724 seconds

$ /home/daisy/GRB-Search-Pipeline/search-planning/build/sp_train /home/daisy/GRB-Search-Pipeline/results/training/maps/longlow/adapt_p11-715852394892384_a135-0_573_map.h5 /home/daisy/GRB-Search-Pipeline/search-planning/tilings/tiling_files/2.5x2.5_tiling.csv 6695 10.0 10.0 5.0 0 /home/daisy/GRB-Search-Pipeline/results/training/longlow_searching_2.5x2.5_tiling.csv
Input Parameters:
  file        = /home/daisy/GRB-Search-Pipeline/results/training/maps/longlow/adapt_p11-715852394892384_a135-0_573_map.h5
  source_tile = 6695
  slew_rate   = 10
  dwell_time  = 5
  output      = /home/daisy/GRB-Search-Pipeline/results/training/longlow_searching_2.5x2.5_tiling.csv

source = [78.2841, 135], n_src_events = 129, n_bkg_events = 480
Loaded 575 entries (unique=575, duplicates=0, missing=48577, out_of_bounds=0, non-finite=0)
Sum(prob) over finite entries = 0.999998
init sum: 0.999998
num pixels: 49152
tile num: 6781
total tile prob: 0.999998
tiles with prob > 0: 108
total tile prob after trim: 0.999998
num tiles after trim: 108
init_pos: 6575
*********running GCP*********
total time (wallclock): 0.0563475 seconds

$ /home/daisy/GRB-Search-Pipeline/search-planning/build/sp_train /home/daisy/GRB-Search-Pipeline/results/training/maps/longlow/adapt_p11-715852394892384_a135-0_574_map.h5 /home/daisy/GRB-Search-Pipeline/search-planning/tilings/tiling_files/2.5x2.5_tiling.csv 6695 10.0 10.0 5.0 0 /home/daisy/GRB-Search-Pipeline/results/training/longlow_searching_2.5x2.5_tiling.csv
Input Parameters:
  file        = /home/daisy/GRB-Search-Pipeline/results/training/maps/longlow/adapt_p11-715852394892384_a135-0_574_map.h5
  source_tile = 6695
  slew_rate   = 10
  dwell_time  = 5
  output      = /home/daisy/GRB-Search-Pipeline/results/training/longlow_searching_2.5x2.5_tiling.csv

source = [78.2841, 135], n_src_events = 396, n_bkg_events = 201
Loaded 133 entries (unique=133, duplicates=0, missing=49019, out_of_bounds=0, non-finite=0)
Sum(prob) over finite entries = 0.999998
init sum: 0.999998
num pixels: 49152
tile num: 6781
total tile prob: 0.999998
tiles with prob > 0: 27
total tile prob after trim: 0.999998
num tiles after trim: 27
init_pos: 6665
*********running GCP*********
total time (wallclock): 0.0377238 seconds

$ /home/daisy/GRB-Search-Pipeline/search-planning/build/sp_train /home/daisy/GRB-Search-Pipeline/results/training/maps/longlow/adapt_p11-715852394892384_a135-0_575_map.h5 /home/daisy/GRB-Search-Pipeline/search-planning/tilings/tiling_files/2.5x2.5_tiling.csv 6695 10.0 10.0 5.0 0 /home/daisy/GRB-Search-Pipeline/results/training/longlow_searching_2.5x2.5_tiling.csv
Input Parameters:
  file        = /home/daisy/GRB-Search-Pipeline/results/training/maps/longlow/adapt_p11-715852394892384_a135-0_575_map.h5
  source_tile = 6695
  slew_rate   = 10
  dwell_time  = 5
  output      = /home/daisy/GRB-Search-Pipeline/results/training/longlow_searching_2.5x2.5_tiling.csv

source = [78.2841, 135], n_src_events = 789, n_bkg_events = 319
Loaded 61 entries (unique=61, duplicates=0, missing=49091, out_of_bounds=0, non-finite=0)
Sum(prob) over finite entries = 0.999998
init sum: 0.999998
num pixels: 49152
tile num: 6781
total tile prob: 0.999998
tiles with prob > 0: 12
total tile prob after trim: 0.999998
num tiles after trim: 12
init_pos: 6619
*********running GCP*********
total time (wallclock): 0.0324632 seconds

$ /home/daisy/GRB-Search-Pipeline/search-planning/build/sp_train /home/daisy/GRB-Search-Pipeline/results/training/maps/longlow/adapt_p11-715852394892384_a135-0_576_map.h5 /home/daisy/GRB-Search-Pipeline/search-planning/tilings/tiling_files/2.5x2.5_tiling.csv 6695 10.0 10.0 5.0 0 /home/daisy/GRB-Search-Pipeline/results/training/longlow_searching_2.5x2.5_tiling.csv
Input Parameters:
  file        = /home/daisy/GRB-Search-Pipeline/results/training/maps/longlow/adapt_p11-715852394892384_a135-0_576_map.h5
  source_tile = 6695
  slew_rate   = 10
  dwell_time  = 5
  output      = /home/daisy/GRB-Search-Pipeline/results/training/longlow_searching_2.5x2.5_tiling.csv

source = [78.2841, 135], n_src_events = 624, n_bkg_events = 720
Loaded 120 entries (unique=120, duplicates=0, missing=49032, out_of_bounds=0, non-finite=0)
Sum(prob) over finite entries = 0.999999
init sum: 0.999999
num pixels: 49152
tile num: 6781
total tile prob: 0.999999
tiles with prob > 0: 28
total tile prob after trim: 0.999999
num tiles after trim: 28
init_pos: 6662
*********running GCP*********
total time (wallclock): 0.0316542 seconds

$ /home/daisy/GRB-Search-Pipeline/search-planning/build/sp_train /home/daisy/GRB-Search-Pipeline/results/training/maps/longlow/adapt_p11-715852394892384_a135-0_577_map.h5 /home/daisy/GRB-Search-Pipeline/search-planning/tilings/tiling_files/2.5x2.5_tiling.csv 6695 10.0 10.0 5.0 0 /home/daisy/GRB-Search-Pipeline/results/training/longlow_searching_2.5x2.5_tiling.csv
Input Parameters:
  file        = /home/daisy/GRB-Search-Pipeline/results/training/maps/longlow/adapt_p11-715852394892384_a135-0_577_map.h5
  source_tile = 6695
  slew_rate   = 10
  dwell_time  = 5
  output      = /home/daisy/GRB-Search-Pipeline/results/training/longlow_searching_2.5x2.5_tiling.csv

source = [78.2841, 135], n_src_events = 226, n_bkg_events = 616
Loaded 492 entries (unique=492, duplicates=0, missing=48660, out_of_bounds=0, non-finite=0)
Sum(prob) over finite entries = 0.999997
init sum: 0.999997
num pixels: 49152
tile num: 6781
total tile prob: 0.999997
tiles with prob > 0: 95
total tile prob after trim: 0.999997
num tiles after trim: 95
init_pos: 6660
*********running GCP*********
total time (wallclock): 0.0550648 seconds

$ /home/daisy/GRB-Search-Pipeline/search-planning/build/sp_train /home/daisy/GRB-Search-Pipeline/results/training/maps/longlow/adapt_p11-715852394892384_a135-0_578_map.h5 /home/daisy/GRB-Search-Pipeline/search-planning/tilings/tiling_files/2.5x2.5_tiling.csv 6695 10.0 10.0 5.0 0 /home/daisy/GRB-Search-Pipeline/results/training/longlow_searching_2.5x2.5_tiling.csv
Input Parameters:
  file        = /home/daisy/GRB-Search-Pipeline/results/training/maps/longlow/adapt_p11-715852394892384_a135-0_578_map.h5
  source_tile = 6695
  slew_rate   = 10
  dwell_time  = 5
  output      = /home/daisy/GRB-Search-Pipeline/results/training/longlow_searching_2.5x2.5_tiling.csv

source = [78.2841, 135], n_src_events = 702, n_bkg_events = 314
Loaded 44 entries (unique=44, duplicates=0, missing=49108, out_of_bounds=0, non-finite=0)
Sum(prob) over finite entries = 0.999999
init sum: 0.999999
num pixels: 49152
tile num: 6781
total tile prob: 0.999999
tiles with prob > 0: 11
total tile prob after trim: 0.999999
num tiles after trim: 11
init_pos: 6618
*********running GCP*********
total time (wallclock): 0.033456 seconds

$ /home/daisy/GRB-Search-Pipeline/search-planning/build/sp_train /home/daisy/GRB-Search-Pipeline/results/training/maps/longlow/adapt_p11-715852394892384_a135-0_579_map.h5 /home/daisy/GRB-Search-Pipeline/search-planning/tilings/tiling_files/2.5x2.5_tiling.csv 6695 10.0 10.0 5.0 0 /home/daisy/GRB-Search-Pipeline/results/training/longlow_searching_2.5x2.5_tiling.csv
Input Parameters:
  file        = /home/daisy/GRB-Search-Pipeline/results/training/maps/longlow/adapt_p11-715852394892384_a135-0_579_map.h5
  source_tile = 6695
  slew_rate   = 10
  dwell_time  = 5
  output      = /home/daisy/GRB-Search-Pipeline/results/training/longlow_searching_2.5x2.5_tiling.csv

source = [78.2841, 135], n_src_events = 245, n_bkg_events = 888
Loaded 271 entries (unique=271, duplicates=0, missing=48881, out_of_bounds=0, non-finite=0)
Sum(prob) over finite entries = 0.999999
init sum: 0.999999
num pixels: 49152
tile num: 6781
total tile prob: 0.999999
tiles with prob > 0: 53
total tile prob after trim: 0.999999
num tiles after trim: 53
init_pos: 6662
*********running GCP*********
total time (wallclock): 0.0334409 seconds

$ /home/daisy/GRB-Search-Pipeline/search-planning/build/sp_train /home/daisy/GRB-Search-Pipeline/results/training/maps/longlow/adapt_p11-715852394892384_a135-0_57_map.h5 /home/daisy/GRB-Search-Pipeline/search-planning/tilings/tiling_files/2.5x2.5_tiling.csv 6695 10.0 10.0 5.0 0 /home/daisy/GRB-Search-Pipeline/results/training/longlow_searching_2.5x2.5_tiling.csv
Input Parameters:
  file        = /home/daisy/GRB-Search-Pipeline/results/training/maps/longlow/adapt_p11-715852394892384_a135-0_57_map.h5
  source_tile = 6695
  slew_rate   = 10
  dwell_time  = 5
  output      = /home/daisy/GRB-Search-Pipeline/results/training/longlow_searching_2.5x2.5_tiling.csv

source = [78.2841, 135], n_src_events = 459, n_bkg_events = 437
Loaded 104 entries (unique=104, duplicates=0, missing=49048, out_of_bounds=0, non-finite=0)
Sum(prob) over finite entries = 0.999999
init sum: 0.999999
num pixels: 49152
tile num: 6781
total tile prob: 0.999999
tiles with prob > 0: 23
total tile prob after trim: 0.999999
num tiles after trim: 23
init_pos: 6658
*********running GCP*********
total time (wallclock): 0.032193 seconds

$ /home/daisy/GRB-Search-Pipeline/search-planning/build/sp_train /home/daisy/GRB-Search-Pipeline/results/training/maps/longlow/adapt_p11-715852394892384_a135-0_580_map.h5 /home/daisy/GRB-Search-Pipeline/search-planning/tilings/tiling_files/2.5x2.5_tiling.csv 6695 10.0 10.0 5.0 0 /home/daisy/GRB-Search-Pipeline/results/training/longlow_searching_2.5x2.5_tiling.csv
Input Parameters:
  file        = /home/daisy/GRB-Search-Pipeline/results/training/maps/longlow/adapt_p11-715852394892384_a135-0_580_map.h5
  source_tile = 6695
  slew_rate   = 10
  dwell_time  = 5
  output      = /home/daisy/GRB-Search-Pipeline/results/training/longlow_searching_2.5x2.5_tiling.csv

source = [78.2841, 135], n_src_events = 743, n_bkg_events = 1020
Loaded 84 entries (unique=84, duplicates=0, missing=49068, out_of_bounds=0, non-finite=0)
Sum(prob) over finite entries = 0.999999
init sum: 0.999999
num pixels: 49152
tile num: 6781
total tile prob: 0.999999
tiles with prob > 0: 21
total tile prob after trim: 0.999999
num tiles after trim: 21
init_pos: 6726
*********running GCP*********
total time (wallclock): 0.03137 seconds

$ /home/daisy/GRB-Search-Pipeline/search-planning/build/sp_train /home/daisy/GRB-Search-Pipeline/results/training/maps/longlow/adapt_p11-715852394892384_a135-0_581_map.h5 /home/daisy/GRB-Search-Pipeline/search-planning/tilings/tiling_files/2.5x2.5_tiling.csv 6695 10.0 10.0 5.0 0 /home/daisy/GRB-Search-Pipeline/results/training/longlow_searching_2.5x2.5_tiling.csv
Input Parameters:
  file        = /home/daisy/GRB-Search-Pipeline/results/training/maps/longlow/adapt_p11-715852394892384_a135-0_581_map.h5
  source_tile = 6695
  slew_rate   = 10
  dwell_time  = 5
  output      = /home/daisy/GRB-Search-Pipeline/results/training/longlow_searching_2.5x2.5_tiling.csv

source = [78.2841, 135], n_src_events = 757, n_bkg_events = 327
Loaded 49 entries (unique=49, duplicates=0, missing=49103, out_of_bounds=0, non-finite=0)
Sum(prob) over finite entries = 0.999999
init sum: 0.999999
num pixels: 49152
tile num: 6781
total tile prob: 0.999999
tiles with prob > 0: 11
total tile prob after trim: 0.999999
num tiles after trim: 11
init_pos: 6659
*********running GCP*********
total time (wallclock): 0.0330961 seconds

$ /home/daisy/GRB-Search-Pipeline/search-planning/build/sp_train /home/daisy/GRB-Search-Pipeline/results/training/maps/longlow/adapt_p11-715852394892384_a135-0_582_map.h5 /home/daisy/GRB-Search-Pipeline/search-planning/tilings/tiling_files/2.5x2.5_tiling.csv 6695 10.0 10.0 5.0 0 /home/daisy/GRB-Search-Pipeline/results/training/longlow_searching_2.5x2.5_tiling.csv
Input Parameters:
  file        = /home/daisy/GRB-Search-Pipeline/results/training/maps/longlow/adapt_p11-715852394892384_a135-0_582_map.h5
  source_tile = 6695
  slew_rate   = 10
  dwell_time  = 5
  output      = /home/daisy/GRB-Search-Pipeline/results/training/longlow_searching_2.5x2.5_tiling.csv

source = [78.2841, 135], n_src_events = 245, n_bkg_events = 834
Loaded 497 entries (unique=497, duplicates=0, missing=48655, out_of_bounds=0, non-finite=0)
Sum(prob) over finite entries = 0.999999
init sum: 0.999999
num pixels: 49152
tile num: 6781
total tile prob: 0.999999
tiles with prob > 0: 83
total tile prob after trim: 0.999999
num tiles after trim: 83
init_pos: 6695
*********running GCP*********
total time (wallclock): 0.0312349 seconds

$ /home/daisy/GRB-Search-Pipeline/search-planning/build/sp_train /home/daisy/GRB-Search-Pipeline/results/training/maps/longlow/adapt_p11-715852394892384_a135-0_583_map.h5 /home/daisy/GRB-Search-Pipeline/search-planning/tilings/tiling_files/2.5x2.5_tiling.csv 6695 10.0 10.0 5.0 0 /home/daisy/GRB-Search-Pipeline/results/training/longlow_searching_2.5x2.5_tiling.csv
Input Parameters:
  file        = /home/daisy/GRB-Search-Pipeline/results/training/maps/longlow/adapt_p11-715852394892384_a135-0_583_map.h5
  source_tile = 6695
  slew_rate   = 10
  dwell_time  = 5
  output      = /home/daisy/GRB-Search-Pipeline/results/training/longlow_searching_2.5x2.5_tiling.csv

source = [78.2841, 135], n_src_events = 834, n_bkg_events = 989
Loaded 81 entries (unique=81, duplicates=0, missing=49071, out_of_bounds=0, non-finite=0)
Sum(prob) over finite entries = 0.999999
init sum: 0.999999
num pixels: 49152
tile num: 6781
total tile prob: 0.999999
tiles with prob > 0: 17
total tile prob after trim: 0.999999
num tiles after trim: 17
init_pos: 6661
*********running GCP*********
total time (wallclock): 0.0328033 seconds

$ /home/daisy/GRB-Search-Pipeline/search-planning/build/sp_train /home/daisy/GRB-Search-Pipeline/results/training/maps/longlow/adapt_p11-715852394892384_a135-0_584_map.h5 /home/daisy/GRB-Search-Pipeline/search-planning/tilings/tiling_files/2.5x2.5_tiling.csv 6695 10.0 10.0 5.0 0 /home/daisy/GRB-Search-Pipeline/results/training/longlow_searching_2.5x2.5_tiling.csv
Input Parameters:
  file        = /home/daisy/GRB-Search-Pipeline/results/training/maps/longlow/adapt_p11-715852394892384_a135-0_584_map.h5
  source_tile = 6695
  slew_rate   = 10
  dwell_time  = 5
  output      = /home/daisy/GRB-Search-Pipeline/results/training/longlow_searching_2.5x2.5_tiling.csv

source = [78.2841, 135], n_src_events = 440, n_bkg_events = 451
Loaded 88 entries (unique=88, duplicates=0, missing=49064, out_of_bounds=0, non-finite=0)
Sum(prob) over finite entries = 0.999998
init sum: 0.999998
num pixels: 49152
tile num: 6781
total tile prob: 0.999998
tiles with prob > 0: 20
total tile prob after trim: 0.999998
num tiles after trim: 20
init_pos: 6619
*********running GCP*********
total time (wallclock): 0.0334568 seconds

$ /home/daisy/GRB-Search-Pipeline/search-planning/build/sp_train /home/daisy/GRB-Search-Pipeline/results/training/maps/longlow/adapt_p11-715852394892384_a135-0_585_map.h5 /home/daisy/GRB-Search-Pipeline/search-planning/tilings/tiling_files/2.5x2.5_tiling.csv 6695 10.0 10.0 5.0 0 /home/daisy/GRB-Search-Pipeline/results/training/longlow_searching_2.5x2.5_tiling.csv
Input Parameters:
  file        = /home/daisy/GRB-Search-Pipeline/results/training/maps/longlow/adapt_p11-715852394892384_a135-0_585_map.h5
  source_tile = 6695
  slew_rate   = 10
  dwell_time  = 5
  output      = /home/daisy/GRB-Search-Pipeline/results/training/longlow_searching_2.5x2.5_tiling.csv

source = [78.2841, 135], n_src_events = 104, n_bkg_events = 758
Loaded 1991 entries (unique=1991, duplicates=0, missing=47161, out_of_bounds=0, non-finite=0)
Sum(prob) over finite entries = 0.999994
init sum: 0.999994
num pixels: 49152
tile num: 6781
total tile prob: 0.999994
tiles with prob > 0: 322
total tile prob after trim: 0.999994
num tiles after trim: 322
init_pos: 6724
*********running GCP*********
total time (wallclock): 0.155336 seconds

$ /home/daisy/GRB-Search-Pipeline/search-planning/build/sp_train /home/daisy/GRB-Search-Pipeline/results/training/maps/longlow/adapt_p11-715852394892384_a135-0_586_map.h5 /home/daisy/GRB-Search-Pipeline/search-planning/tilings/tiling_files/2.5x2.5_tiling.csv 6695 10.0 10.0 5.0 0 /home/daisy/GRB-Search-Pipeline/results/training/longlow_searching_2.5x2.5_tiling.csv
Input Parameters:
  file        = /home/daisy/GRB-Search-Pipeline/results/training/maps/longlow/adapt_p11-715852394892384_a135-0_586_map.h5
  source_tile = 6695
  slew_rate   = 10
  dwell_time  = 5
  output      = /home/daisy/GRB-Search-Pipeline/results/training/longlow_searching_2.5x2.5_tiling.csv

source = [78.2841, 135], n_src_events = 190, n_bkg_events = 196
Loaded 421 entries (unique=421, duplicates=0, missing=48731, out_of_bounds=0, non-finite=0)
Sum(prob) over finite entries = 0.999998
init sum: 0.999998
num pixels: 49152
tile num: 6781
total tile prob: 0.999998
tiles with prob > 0: 79
total tile prob after trim: 0.999998
num tiles after trim: 79
init_pos: 6690
*********running GCP*********
total time (wallclock): 0.0345022 seconds

$ /home/daisy/GRB-Search-Pipeline/search-planning/build/sp_train /home/daisy/GRB-Search-Pipeline/results/training/maps/longlow/adapt_p11-715852394892384_a135-0_587_map.h5 /home/daisy/GRB-Search-Pipeline/search-planning/tilings/tiling_files/2.5x2.5_tiling.csv 6695 10.0 10.0 5.0 0 /home/daisy/GRB-Search-Pipeline/results/training/longlow_searching_2.5x2.5_tiling.csv
Input Parameters:
  file        = /home/daisy/GRB-Search-Pipeline/results/training/maps/longlow/adapt_p11-715852394892384_a135-0_587_map.h5
  source_tile = 6695
  slew_rate   = 10
  dwell_time  = 5
  output      = /home/daisy/GRB-Search-Pipeline/results/training/longlow_searching_2.5x2.5_tiling.csv

source = [78.2841, 135], n_src_events = 315, n_bkg_events = 357
Loaded 135 entries (unique=135, duplicates=0, missing=49017, out_of_bounds=0, non-finite=0)
Sum(prob) over finite entries = 0.999998
init sum: 0.999998
num pixels: 49152
tile num: 6781
total tile prob: 0.999998
tiles with prob > 0: 26
total tile prob after trim: 0.999998
num tiles after trim: 26
init_pos: 6696
*********running GCP*********
total time (wallclock): 0.034493 seconds

$ /home/daisy/GRB-Search-Pipeline/search-planning/build/sp_train /home/daisy/GRB-Search-Pipeline/results/training/maps/longlow/adapt_p11-715852394892384_a135-0_588_map.h5 /home/daisy/GRB-Search-Pipeline/search-planning/tilings/tiling_files/2.5x2.5_tiling.csv 6695 10.0 10.0 5.0 0 /home/daisy/GRB-Search-Pipeline/results/training/longlow_searching_2.5x2.5_tiling.csv
Input Parameters:
  file        = /home/daisy/GRB-Search-Pipeline/results/training/maps/longlow/adapt_p11-715852394892384_a135-0_588_map.h5
  source_tile = 6695
  slew_rate   = 10
  dwell_time  = 5
  output      = /home/daisy/GRB-Search-Pipeline/results/training/longlow_searching_2.5x2.5_tiling.csv

source = [78.2841, 135], n_src_events = 193, n_bkg_events = 340
Loaded 446 entries (unique=446, duplicates=0, missing=48706, out_of_bounds=0, non-finite=0)
Sum(prob) over finite entries = 0.999999
init sum: 0.999999
num pixels: 49152
tile num: 6781
total tile prob: 0.999999
tiles with prob > 0: 80
total tile prob after trim: 0.999999
num tiles after trim: 80
init_pos: 6458
*********running GCP*********
total time (wallclock): 0.038792 seconds

$ /home/daisy/GRB-Search-Pipeline/search-planning/build/sp_train /home/daisy/GRB-Search-Pipeline/results/training/maps/longlow/adapt_p11-715852394892384_a135-0_589_map.h5 /home/daisy/GRB-Search-Pipeline/search-planning/tilings/tiling_files/2.5x2.5_tiling.csv 6695 10.0 10.0 5.0 0 /home/daisy/GRB-Search-Pipeline/results/training/longlow_searching_2.5x2.5_tiling.csv
Input Parameters:
  file        = /home/daisy/GRB-Search-Pipeline/results/training/maps/longlow/adapt_p11-715852394892384_a135-0_589_map.h5
  source_tile = 6695
  slew_rate   = 10
  dwell_time  = 5
  output      = /home/daisy/GRB-Search-Pipeline/results/training/longlow_searching_2.5x2.5_tiling.csv

source = [78.2841, 135], n_src_events = 417, n_bkg_events = 898
Loaded 168 entries (unique=168, duplicates=0, missing=48984, out_of_bounds=0, non-finite=0)
Sum(prob) over finite entries = 0.999998
init sum: 0.999998
num pixels: 49152
tile num: 6781
total tile prob: 0.999998
tiles with prob > 0: 35
total tile prob after trim: 0.999998
num tiles after trim: 35
init_pos: 6620
*********running GCP*********
total time (wallclock): 0.0329888 seconds

$ /home/daisy/GRB-Search-Pipeline/search-planning/build/sp_train /home/daisy/GRB-Search-Pipeline/results/training/maps/longlow/adapt_p11-715852394892384_a135-0_58_map.h5 /home/daisy/GRB-Search-Pipeline/search-planning/tilings/tiling_files/2.5x2.5_tiling.csv 6695 10.0 10.0 5.0 0 /home/daisy/GRB-Search-Pipeline/results/training/longlow_searching_2.5x2.5_tiling.csv
Input Parameters:
  file        = /home/daisy/GRB-Search-Pipeline/results/training/maps/longlow/adapt_p11-715852394892384_a135-0_58_map.h5
  source_tile = 6695
  slew_rate   = 10
  dwell_time  = 5
  output      = /home/daisy/GRB-Search-Pipeline/results/training/longlow_searching_2.5x2.5_tiling.csv

source = [78.2841, 135], n_src_events = 249, n_bkg_events = 227
Loaded 200 entries (unique=200, duplicates=0, missing=48952, out_of_bounds=0, non-finite=0)
Sum(prob) over finite entries = 0.999999
init sum: 0.999999
num pixels: 49152
tile num: 6781
total tile prob: 0.999999
tiles with prob > 0: 38
total tile prob after trim: 0.999999
num tiles after trim: 38
init_pos: 6572
*********running GCP*********
total time (wallclock): 0.0382401 seconds

$ /home/daisy/GRB-Search-Pipeline/search-planning/build/sp_train /home/daisy/GRB-Search-Pipeline/results/training/maps/longlow/adapt_p11-715852394892384_a135-0_590_map.h5 /home/daisy/GRB-Search-Pipeline/search-planning/tilings/tiling_files/2.5x2.5_tiling.csv 6695 10.0 10.0 5.0 0 /home/daisy/GRB-Search-Pipeline/results/training/longlow_searching_2.5x2.5_tiling.csv
Input Parameters:
  file        = /home/daisy/GRB-Search-Pipeline/results/training/maps/longlow/adapt_p11-715852394892384_a135-0_590_map.h5
  source_tile = 6695
  slew_rate   = 10
  dwell_time  = 5
  output      = /home/daisy/GRB-Search-Pipeline/results/training/longlow_searching_2.5x2.5_tiling.csv

source = [78.2841, 135], n_src_events = 553, n_bkg_events = 781
Loaded 93 entries (unique=93, duplicates=0, missing=49059, out_of_bounds=0, non-finite=0)
Sum(prob) over finite entries = 0.999998
init sum: 0.999998
num pixels: 49152
tile num: 6781
total tile prob: 0.999998
tiles with prob > 0: 20
total tile prob after trim: 0.999998
num tiles after trim: 20
init_pos: 6661
*********running GCP*********
total time (wallclock): 0.0326621 seconds

$ /home/daisy/GRB-Search-Pipeline/search-planning/build/sp_train /home/daisy/GRB-Search-Pipeline/results/training/maps/longlow/adapt_p11-715852394892384_a135-0_591_map.h5 /home/daisy/GRB-Search-Pipeline/search-planning/tilings/tiling_files/2.5x2.5_tiling.csv 6695 10.0 10.0 5.0 0 /home/daisy/GRB-Search-Pipeline/results/training/longlow_searching_2.5x2.5_tiling.csv
Input Parameters:
  file        = /home/daisy/GRB-Search-Pipeline/results/training/maps/longlow/adapt_p11-715852394892384_a135-0_591_map.h5
  source_tile = 6695
  slew_rate   = 10
  dwell_time  = 5
  output      = /home/daisy/GRB-Search-Pipeline/results/training/longlow_searching_2.5x2.5_tiling.csv

source = [78.2841, 135], n_src_events = 393, n_bkg_events = 293
Loaded 99 entries (unique=99, duplicates=0, missing=49053, out_of_bounds=0, non-finite=0)
Sum(prob) over finite entries = 0.999999
init sum: 0.999999
num pixels: 49152
tile num: 6781
total tile prob: 0.999999
tiles with prob > 0: 24
total tile prob after trim: 0.999999
num tiles after trim: 24
init_pos: 6696
*********running GCP*********
total time (wallclock): 0.0322047 seconds

$ /home/daisy/GRB-Search-Pipeline/search-planning/build/sp_train /home/daisy/GRB-Search-Pipeline/results/training/maps/longlow/adapt_p11-715852394892384_a135-0_592_map.h5 /home/daisy/GRB-Search-Pipeline/search-planning/tilings/tiling_files/2.5x2.5_tiling.csv 6695 10.0 10.0 5.0 0 /home/daisy/GRB-Search-Pipeline/results/training/longlow_searching_2.5x2.5_tiling.csv
Input Parameters:
  file        = /home/daisy/GRB-Search-Pipeline/results/training/maps/longlow/adapt_p11-715852394892384_a135-0_592_map.h5
  source_tile = 6695
  slew_rate   = 10
  dwell_time  = 5
  output      = /home/daisy/GRB-Search-Pipeline/results/training/longlow_searching_2.5x2.5_tiling.csv

source = [78.2841, 135], n_src_events = 517, n_bkg_events = 490
Loaded 93 entries (unique=93, duplicates=0, missing=49059, out_of_bounds=0, non-finite=0)
Sum(prob) over finite entries = 0.999999
init sum: 0.999999
num pixels: 49152
tile num: 6781
total tile prob: 0.999999
tiles with prob > 0: 21
total tile prob after trim: 0.999999
num tiles after trim: 21
init_pos: 6618
*********running GCP*********
total time (wallclock): 0.0368479 seconds

$ /home/daisy/GRB-Search-Pipeline/search-planning/build/sp_train /home/daisy/GRB-Search-Pipeline/results/training/maps/longlow/adapt_p11-715852394892384_a135-0_593_map.h5 /home/daisy/GRB-Search-Pipeline/search-planning/tilings/tiling_files/2.5x2.5_tiling.csv 6695 10.0 10.0 5.0 0 /home/daisy/GRB-Search-Pipeline/results/training/longlow_searching_2.5x2.5_tiling.csv
Input Parameters:
  file        = /home/daisy/GRB-Search-Pipeline/results/training/maps/longlow/adapt_p11-715852394892384_a135-0_593_map.h5
  source_tile = 6695
  slew_rate   = 10
  dwell_time  = 5
  output      = /home/daisy/GRB-Search-Pipeline/results/training/longlow_searching_2.5x2.5_tiling.csv

source = [78.2841, 135], n_src_events = 557, n_bkg_events = 277
Loaded 72 entries (unique=72, duplicates=0, missing=49080, out_of_bounds=0, non-finite=0)
Sum(prob) over finite entries = 0.999997
init sum: 0.999997
num pixels: 49152
tile num: 6781
total tile prob: 0.999997
tiles with prob > 0: 16
total tile prob after trim: 0.999997
num tiles after trim: 16
init_pos: 6658
*********running GCP*********
total time (wallclock): 0.033859 seconds

$ /home/daisy/GRB-Search-Pipeline/search-planning/build/sp_train /home/daisy/GRB-Search-Pipeline/results/training/maps/longlow/adapt_p11-715852394892384_a135-0_594_map.h5 /home/daisy/GRB-Search-Pipeline/search-planning/tilings/tiling_files/2.5x2.5_tiling.csv 6695 10.0 10.0 5.0 0 /home/daisy/GRB-Search-Pipeline/results/training/longlow_searching_2.5x2.5_tiling.csv
Input Parameters:
  file        = /home/daisy/GRB-Search-Pipeline/results/training/maps/longlow/adapt_p11-715852394892384_a135-0_594_map.h5
  source_tile = 6695
  slew_rate   = 10
  dwell_time  = 5
  output      = /home/daisy/GRB-Search-Pipeline/results/training/longlow_searching_2.5x2.5_tiling.csv

source = [78.2841, 135], n_src_events = 455, n_bkg_events = 1054
Loaded 129 entries (unique=129, duplicates=0, missing=49023, out_of_bounds=0, non-finite=0)
Sum(prob) over finite entries = 0.999999
init sum: 0.999999
num pixels: 49152
tile num: 6781
total tile prob: 0.999999
tiles with prob > 0: 27
total tile prob after trim: 0.999999
num tiles after trim: 27
init_pos: 6617
*********running GCP*********
total time (wallclock): 0.0341711 seconds

$ /home/daisy/GRB-Search-Pipeline/search-planning/build/sp_train /home/daisy/GRB-Search-Pipeline/results/training/maps/longlow/adapt_p11-715852394892384_a135-0_595_map.h5 /home/daisy/GRB-Search-Pipeline/search-planning/tilings/tiling_files/2.5x2.5_tiling.csv 6695 10.0 10.0 5.0 0 /home/daisy/GRB-Search-Pipeline/results/training/longlow_searching_2.5x2.5_tiling.csv
Input Parameters:
  file        = /home/daisy/GRB-Search-Pipeline/results/training/maps/longlow/adapt_p11-715852394892384_a135-0_595_map.h5
  source_tile = 6695
  slew_rate   = 10
  dwell_time  = 5
  output      = /home/daisy/GRB-Search-Pipeline/results/training/longlow_searching_2.5x2.5_tiling.csv

source = [78.2841, 135], n_src_events = 233, n_bkg_events = 695
Loaded 247 entries (unique=247, duplicates=0, missing=48905, out_of_bounds=0, non-finite=0)
Sum(prob) over finite entries = 0.999999
init sum: 0.999999
num pixels: 49152
tile num: 6781
total tile prob: 0.999999
tiles with prob > 0: 48
total tile prob after trim: 0.999999
num tiles after trim: 48
init_pos: 6573
*********running GCP*********
total time (wallclock): 0.0340109 seconds

$ /home/daisy/GRB-Search-Pipeline/search-planning/build/sp_train /home/daisy/GRB-Search-Pipeline/results/training/maps/longlow/adapt_p11-715852394892384_a135-0_596_map.h5 /home/daisy/GRB-Search-Pipeline/search-planning/tilings/tiling_files/2.5x2.5_tiling.csv 6695 10.0 10.0 5.0 0 /home/daisy/GRB-Search-Pipeline/results/training/longlow_searching_2.5x2.5_tiling.csv
Input Parameters:
  file        = /home/daisy/GRB-Search-Pipeline/results/training/maps/longlow/adapt_p11-715852394892384_a135-0_596_map.h5
  source_tile = 6695
  slew_rate   = 10
  dwell_time  = 5
  output      = /home/daisy/GRB-Search-Pipeline/results/training/longlow_searching_2.5x2.5_tiling.csv

source = [78.2841, 135], n_src_events = 772, n_bkg_events = 803
Loaded 58 entries (unique=58, duplicates=0, missing=49094, out_of_bounds=0, non-finite=0)
Sum(prob) over finite entries = 0.999999
init sum: 0.999999
num pixels: 49152
tile num: 6781
total tile prob: 0.999999
tiles with prob > 0: 13
total tile prob after trim: 0.999999
num tiles after trim: 13
init_pos: 6695
*********running GCP*********
total time (wallclock): 0.0313404 seconds

$ /home/daisy/GRB-Search-Pipeline/search-planning/build/sp_train /home/daisy/GRB-Search-Pipeline/results/training/maps/longlow/adapt_p11-715852394892384_a135-0_597_map.h5 /home/daisy/GRB-Search-Pipeline/search-planning/tilings/tiling_files/2.5x2.5_tiling.csv 6695 10.0 10.0 5.0 0 /home/daisy/GRB-Search-Pipeline/results/training/longlow_searching_2.5x2.5_tiling.csv
Input Parameters:
  file        = /home/daisy/GRB-Search-Pipeline/results/training/maps/longlow/adapt_p11-715852394892384_a135-0_597_map.h5
  source_tile = 6695
  slew_rate   = 10
  dwell_time  = 5
  output      = /home/daisy/GRB-Search-Pipeline/results/training/longlow_searching_2.5x2.5_tiling.csv

source = [78.2841, 135], n_src_events = 309, n_bkg_events = 580
Loaded 181 entries (unique=181, duplicates=0, missing=48971, out_of_bounds=0, non-finite=0)
Sum(prob) over finite entries = 0.999999
init sum: 0.999999
num pixels: 49152
tile num: 6781
total tile prob: 0.999999
tiles with prob > 0: 36
total tile prob after trim: 0.999999
num tiles after trim: 36
init_pos: 6619
*********running GCP*********
total time (wallclock): 0.0330399 seconds

$ /home/daisy/GRB-Search-Pipeline/search-planning/build/sp_train /home/daisy/GRB-Search-Pipeline/results/training/maps/longlow/adapt_p11-715852394892384_a135-0_598_map.h5 /home/daisy/GRB-Search-Pipeline/search-planning/tilings/tiling_files/2.5x2.5_tiling.csv 6695 10.0 10.0 5.0 0 /home/daisy/GRB-Search-Pipeline/results/training/longlow_searching_2.5x2.5_tiling.csv
Input Parameters:
  file        = /home/daisy/GRB-Search-Pipeline/results/training/maps/longlow/adapt_p11-715852394892384_a135-0_598_map.h5
  source_tile = 6695
  slew_rate   = 10
  dwell_time  = 5
  output      = /home/daisy/GRB-Search-Pipeline/results/training/longlow_searching_2.5x2.5_tiling.csv

source = [78.2841, 135], n_src_events = 214, n_bkg_events = 830
Loaded 405 entries (unique=405, duplicates=0, missing=48747, out_of_bounds=0, non-finite=0)
Sum(prob) over finite entries = 0.999998
init sum: 0.999998
num pixels: 49152
tile num: 6781
total tile prob: 0.999998
tiles with prob > 0: 80
total tile prob after trim: 0.999998
num tiles after trim: 80
init_pos: 6764
*********running GCP*********
total time (wallclock): 0.0390866 seconds

$ /home/daisy/GRB-Search-Pipeline/search-planning/build/sp_train /home/daisy/GRB-Search-Pipeline/results/training/maps/longlow/adapt_p11-715852394892384_a135-0_599_map.h5 /home/daisy/GRB-Search-Pipeline/search-planning/tilings/tiling_files/2.5x2.5_tiling.csv 6695 10.0 10.0 5.0 0 /home/daisy/GRB-Search-Pipeline/results/training/longlow_searching_2.5x2.5_tiling.csv
Input Parameters:
  file        = /home/daisy/GRB-Search-Pipeline/results/training/maps/longlow/adapt_p11-715852394892384_a135-0_599_map.h5
  source_tile = 6695
  slew_rate   = 10
  dwell_time  = 5
  output      = /home/daisy/GRB-Search-Pipeline/results/training/longlow_searching_2.5x2.5_tiling.csv

source = [78.2841, 135], n_src_events = 760, n_bkg_events = 754
Loaded 63 entries (unique=63, duplicates=0, missing=49089, out_of_bounds=0, non-finite=0)
Sum(prob) over finite entries = 0.999999
init sum: 0.999999
num pixels: 49152
tile num: 6781
total tile prob: 0.999999
tiles with prob > 0: 16
total tile prob after trim: 0.999999
num tiles after trim: 16
init_pos: 6696
*********running GCP*********
total time (wallclock): 0.0324517 seconds
