
$ /home/daisy/GRB-Search-Pipeline/search-planning/build/sp_train /home/daisy/GRB-Search-Pipeline/results/training/maps/longlow/adapt_p11-715852394892384_a135-0_0_map.h5 /home/daisy/GRB-Search-Pipeline/search-planning/tilings/tiling_files/5.36x4.5_tiling.csv 1770 10.0 10.0 5.0 0 /home/daisy/GRB-Search-Pipeline/results/training/longlow_searching_5.36x4.5_tiling.csv
Input Parameters:
  file        = /home/daisy/GRB-Search-Pipeline/results/training/maps/longlow/adapt_p11-715852394892384_a135-0_0_map.h5
  source_tile = 1770
  slew_rate   = 10
  dwell_time  = 5
  output      = /home/daisy/GRB-Search-Pipeline/results/training/longlow_searching_5.36x4.5_tiling.csv

source = [78.2841, 135], n_src_events = 130, n_bkg_events = 634
Loaded 1138 entries (unique=1138, duplicates=0, missing=48014, out_of_bounds=0, non-finite=0)
Sum(prob) over finite entries = 0.999994
init sum: 0.999994
num pixels: 49152
tile num: 1798
total tile prob: 0.999994
tiles with prob > 0: 70
total tile prob after trim: 0.999994
num tiles after trim: 70
init_pos: 1730
*********running GCP*********
total time (wallclock): 0.0240805 seconds

$ /home/daisy/GRB-Search-Pipeline/search-planning/build/sp_train /home/daisy/GRB-Search-Pipeline/results/training/maps/longlow/adapt_p11-715852394892384_a135-0_100_map.h5 /home/daisy/GRB-Search-Pipeline/search-planning/tilings/tiling_files/5.36x4.5_tiling.csv 1770 10.0 10.0 5.0 0 /home/daisy/GRB-Search-Pipeline/results/training/longlow_searching_5.36x4.5_tiling.csv
Input Parameters:
  file        = /home/daisy/GRB-Search-Pipeline/results/training/maps/longlow/adapt_p11-715852394892384_a135-0_100_map.h5
  source_tile = 1770
  slew_rate   = 10
  dwell_time  = 5
  output      = /home/daisy/GRB-Search-Pipeline/results/training/longlow_searching_5.36x4.5_tiling.csv

source = [78.2841, 135], n_src_events = 305, n_bkg_events = 714
Loaded 255 entries (unique=255, duplicates=0, missing=48897, out_of_bounds=0, non-finite=0)
Sum(prob) over finite entries = 0.999998
init sum: 0.999998
num pixels: 49152
tile num: 1798
total tile prob: 0.999998
tiles with prob > 0: 16
total tile prob after trim: 0.999998
num tiles after trim: 16
init_pos: 1730
*********running GCP*********
total time (wallclock): 0.024427 seconds

$ /home/daisy/GRB-Search-Pipeline/search-planning/build/sp_train /home/daisy/GRB-Search-Pipeline/results/training/maps/longlow/adapt_p11-715852394892384_a135-0_101_map.h5 /home/daisy/GRB-Search-Pipeline/search-planning/tilings/tiling_files/5.36x4.5_tiling.csv 1770 10.0 10.0 5.0 0 /home/daisy/GRB-Search-Pipeline/results/training/longlow_searching_5.36x4.5_tiling.csv
Input Parameters:
  file        = /home/daisy/GRB-Search-Pipeline/results/training/maps/longlow/adapt_p11-715852394892384_a135-0_101_map.h5
  source_tile = 1770
  slew_rate   = 10
  dwell_time  = 5
  output      = /home/daisy/GRB-Search-Pipeline/results/training/longlow_searching_5.36x4.5_tiling.csv

source = [78.2841, 135], n_src_events = 522, n_bkg_events = 248
Loaded 110 entries (unique=110, duplicates=0, missing=49042, out_of_bounds=0, non-finite=0)
Sum(prob) over finite entries = 0.999999
init sum: 0.999999
num pixels: 49152
tile num: 1798
total tile prob: 0.999999
tiles with prob > 0: 9
total tile prob after trim: 0.999999
num tiles after trim: 9
init_pos: 1785
*********running GCP*********
total time (wallclock): 0.0226873 seconds

$ /home/daisy/GRB-Search-Pipeline/search-planning/build/sp_train /home/daisy/GRB-Search-Pipeline/results/training/maps/longlow/adapt_p11-715852394892384_a135-0_102_map.h5 /home/daisy/GRB-Search-Pipeline/search-planning/tilings/tiling_files/5.36x4.5_tiling.csv 1770 10.0 10.0 5.0 0 /home/daisy/GRB-Search-Pipeline/results/training/longlow_searching_5.36x4.5_tiling.csv
Input Parameters:
  file        = /home/daisy/GRB-Search-Pipeline/results/training/maps/longlow/adapt_p11-715852394892384_a135-0_102_map.h5
  source_tile = 1770
  slew_rate   = 10
  dwell_time  = 5
  output      = /home/daisy/GRB-Search-Pipeline/results/training/longlow_searching_5.36x4.5_tiling.csv

source = [78.2841, 135], n_src_events = 302, n_bkg_events = 1097
Loaded 238 entries (unique=238, duplicates=0, missing=48914, out_of_bounds=0, non-finite=0)
Sum(prob) over finite entries = 0.999999
init sum: 0.999999
num pixels: 49152
tile num: 1798
total tile prob: 0.999999
tiles with prob > 0: 14
total tile prob after trim: 0.999999
num tiles after trim: 14
init_pos: 1751
*********running GCP*********
total time (wallclock): 0.0250525 seconds

$ /home/daisy/GRB-Search-Pipeline/search-planning/build/sp_train /home/daisy/GRB-Search-Pipeline/results/training/maps/longlow/adapt_p11-715852394892384_a135-0_103_map.h5 /home/daisy/GRB-Search-Pipeline/search-planning/tilings/tiling_files/5.36x4.5_tiling.csv 1770 10.0 10.0 5.0 0 /home/daisy/GRB-Search-Pipeline/results/training/longlow_searching_5.36x4.5_tiling.csv
Input Parameters:
  file        = /home/daisy/GRB-Search-Pipeline/results/training/maps/longlow/adapt_p11-715852394892384_a135-0_103_map.h5
  source_tile = 1770
  slew_rate   = 10
  dwell_time  = 5
  output      = /home/daisy/GRB-Search-Pipeline/results/training/longlow_searching_5.36x4.5_tiling.csv

source = [78.2841, 135], n_src_events = 176, n_bkg_events = 371
Loaded 755 entries (unique=755, duplicates=0, missing=48397, out_of_bounds=0, non-finite=0)
Sum(prob) over finite entries = 0.999998
init sum: 0.999998
num pixels: 49152
tile num: 1798
total tile prob: 0.999998
tiles with prob > 0: 49
total tile prob after trim: 0.999998
num tiles after trim: 49
init_pos: 1772
*********running GCP*********
total time (wallclock): 0.0255993 seconds

$ /home/daisy/GRB-Search-Pipeline/search-planning/build/sp_train /home/daisy/GRB-Search-Pipeline/results/training/maps/longlow/adapt_p11-715852394892384_a135-0_104_map.h5 /home/daisy/GRB-Search-Pipeline/search-planning/tilings/tiling_files/5.36x4.5_tiling.csv 1770 10.0 10.0 5.0 0 /home/daisy/GRB-Search-Pipeline/results/training/longlow_searching_5.36x4.5_tiling.csv
Input Parameters:
  file        = /home/daisy/GRB-Search-Pipeline/results/training/maps/longlow/adapt_p11-715852394892384_a135-0_104_map.h5
  source_tile = 1770
  slew_rate   = 10
  dwell_time  = 5
  output      = /home/daisy/GRB-Search-Pipeline/results/training/longlow_searching_5.36x4.5_tiling.csv

source = [78.2841, 135], n_src_events = 331, n_bkg_events = 388
Loaded 227 entries (unique=227, duplicates=0, missing=48925, out_of_bounds=0, non-finite=0)
Sum(prob) over finite entries = 0.999997
init sum: 0.999997
num pixels: 49152
tile num: 1798
total tile prob: 0.999997
tiles with prob > 0: 16
total tile prob after trim: 0.999997
num tiles after trim: 16
init_pos: 1751
*********running GCP*********
total time (wallclock): 0.023707 seconds

$ /home/daisy/GRB-Search-Pipeline/search-planning/build/sp_train /home/daisy/GRB-Search-Pipeline/results/training/maps/longlow/adapt_p11-715852394892384_a135-0_105_map.h5 /home/daisy/GRB-Search-Pipeline/search-planning/tilings/tiling_files/5.36x4.5_tiling.csv 1770 10.0 10.0 5.0 0 /home/daisy/GRB-Search-Pipeline/results/training/longlow_searching_5.36x4.5_tiling.csv
Input Parameters:
  file        = /home/daisy/GRB-Search-Pipeline/results/training/maps/longlow/adapt_p11-715852394892384_a135-0_105_map.h5
  source_tile = 1770
  slew_rate   = 10
  dwell_time  = 5
  output      = /home/daisy/GRB-Search-Pipeline/results/training/longlow_searching_5.36x4.5_tiling.csv

source = [78.2841, 135], n_src_events = 463, n_bkg_events = 866
Loaded 156 entries (unique=156, duplicates=0, missing=48996, out_of_bounds=0, non-finite=0)
Sum(prob) over finite entries = 0.999999
init sum: 0.999999
num pixels: 49152
tile num: 1798
total tile prob: 0.999999
tiles with prob > 0: 14
total tile prob after trim: 0.999999
num tiles after trim: 14
init_pos: 1784
*********running GCP*********
total time (wallclock): 0.0228983 seconds

$ /home/daisy/GRB-Search-Pipeline/search-planning/build/sp_train /home/daisy/GRB-Search-Pipeline/results/training/maps/longlow/adapt_p11-715852394892384_a135-0_106_map.h5 /home/daisy/GRB-Search-Pipeline/search-planning/tilings/tiling_files/5.36x4.5_tiling.csv 1770 10.0 10.0 5.0 0 /home/daisy/GRB-Search-Pipeline/results/training/longlow_searching_5.36x4.5_tiling.csv
Input Parameters:
  file        = /home/daisy/GRB-Search-Pipeline/results/training/maps/longlow/adapt_p11-715852394892384_a135-0_106_map.h5
  source_tile = 1770
  slew_rate   = 10
  dwell_time  = 5
  output      = /home/daisy/GRB-Search-Pipeline/results/training/longlow_searching_5.36x4.5_tiling.csv

source = [78.2841, 135], n_src_events = 372, n_bkg_events = 719
Loaded 145 entries (unique=145, duplicates=0, missing=49007, out_of_bounds=0, non-finite=0)
Sum(prob) over finite entries = 0.999999
init sum: 0.999999
num pixels: 49152
tile num: 1798
total tile prob: 0.999999
tiles with prob > 0: 12
total tile prob after trim: 0.999999
num tiles after trim: 12
init_pos: 1770
*********running GCP*********
total time (wallclock): 0.0221004 seconds

$ /home/daisy/GRB-Search-Pipeline/search-planning/build/sp_train /home/daisy/GRB-Search-Pipeline/results/training/maps/longlow/adapt_p11-715852394892384_a135-0_107_map.h5 /home/daisy/GRB-Search-Pipeline/search-planning/tilings/tiling_files/5.36x4.5_tiling.csv 1770 10.0 10.0 5.0 0 /home/daisy/GRB-Search-Pipeline/results/training/longlow_searching_5.36x4.5_tiling.csv
Input Parameters:
  file        = /home/daisy/GRB-Search-Pipeline/results/training/maps/longlow/adapt_p11-715852394892384_a135-0_107_map.h5
  source_tile = 1770
  slew_rate   = 10
  dwell_time  = 5
  output      = /home/daisy/GRB-Search-Pipeline/results/training/longlow_searching_5.36x4.5_tiling.csv

source = [78.2841, 135], n_src_events = 141, n_bkg_events = 217
Loaded 411 entries (unique=411, duplicates=0, missing=48741, out_of_bounds=0, non-finite=0)
Sum(prob) over finite entries = 0.999998
init sum: 0.999998
num pixels: 49152
tile num: 1798
total tile prob: 0.999998
tiles with prob > 0: 25
total tile prob after trim: 0.999998
num tiles after trim: 25
init_pos: 1699
*********running GCP*********
total time (wallclock): 0.0286624 seconds

$ /home/daisy/GRB-Search-Pipeline/search-planning/build/sp_train /home/daisy/GRB-Search-Pipeline/results/training/maps/longlow/adapt_p11-715852394892384_a135-0_108_map.h5 /home/daisy/GRB-Search-Pipeline/search-planning/tilings/tiling_files/5.36x4.5_tiling.csv 1770 10.0 10.0 5.0 0 /home/daisy/GRB-Search-Pipeline/results/training/longlow_searching_5.36x4.5_tiling.csv
Input Parameters:
  file        = /home/daisy/GRB-Search-Pipeline/results/training/maps/longlow/adapt_p11-715852394892384_a135-0_108_map.h5
  source_tile = 1770
  slew_rate   = 10
  dwell_time  = 5
  output      = /home/daisy/GRB-Search-Pipeline/results/training/longlow_searching_5.36x4.5_tiling.csv

source = [78.2841, 135], n_src_events = 768, n_bkg_events = 683
Loaded 52 entries (unique=52, duplicates=0, missing=49100, out_of_bounds=0, non-finite=0)
Sum(prob) over finite entries = 0.999999
init sum: 0.999999
num pixels: 49152
tile num: 1798
total tile prob: 0.999999
tiles with prob > 0: 5
total tile prob after trim: 0.999999
num tiles after trim: 5
init_pos: 1770
*********running GCP*********
total time (wallclock): 0.021994 seconds

$ /home/daisy/GRB-Search-Pipeline/search-planning/build/sp_train /home/daisy/GRB-Search-Pipeline/results/training/maps/longlow/adapt_p11-715852394892384_a135-0_109_map.h5 /home/daisy/GRB-Search-Pipeline/search-planning/tilings/tiling_files/5.36x4.5_tiling.csv 1770 10.0 10.0 5.0 0 /home/daisy/GRB-Search-Pipeline/results/training/longlow_searching_5.36x4.5_tiling.csv
Input Parameters:
  file        = /home/daisy/GRB-Search-Pipeline/results/training/maps/longlow/adapt_p11-715852394892384_a135-0_109_map.h5
  source_tile = 1770
  slew_rate   = 10
  dwell_time  = 5
  output      = /home/daisy/GRB-Search-Pipeline/results/training/longlow_searching_5.36x4.5_tiling.csv

source = [78.2841, 135], n_src_events = 550, n_bkg_events = 637
Loaded 73 entries (unique=73, duplicates=0, missing=49079, out_of_bounds=0, non-finite=0)
Sum(prob) over finite entries = 0.999999
init sum: 0.999999
num pixels: 49152
tile num: 1798
total tile prob: 0.999999
tiles with prob > 0: 8
total tile prob after trim: 0.999999
num tiles after trim: 8
init_pos: 1728
*********running GCP*********
total time (wallclock): 0.0238609 seconds

$ /home/daisy/GRB-Search-Pipeline/search-planning/build/sp_train /home/daisy/GRB-Search-Pipeline/results/training/maps/longlow/adapt_p11-715852394892384_a135-0_10_map.h5 /home/daisy/GRB-Search-Pipeline/search-planning/tilings/tiling_files/5.36x4.5_tiling.csv 1770 10.0 10.0 5.0 0 /home/daisy/GRB-Search-Pipeline/results/training/longlow_searching_5.36x4.5_tiling.csv
Input Parameters:
  file        = /home/daisy/GRB-Search-Pipeline/results/training/maps/longlow/adapt_p11-715852394892384_a135-0_10_map.h5
  source_tile = 1770
  slew_rate   = 10
  dwell_time  = 5
  output      = /home/daisy/GRB-Search-Pipeline/results/training/longlow_searching_5.36x4.5_tiling.csv

source = [78.2841, 135], n_src_events = 655, n_bkg_events = 607
Loaded 77 entries (unique=77, duplicates=0, missing=49075, out_of_bounds=0, non-finite=0)
Sum(prob) over finite entries = 0.999998
init sum: 0.999998
num pixels: 49152
tile num: 1798
total tile prob: 0.999998
tiles with prob > 0: 9
total tile prob after trim: 0.999998
num tiles after trim: 9
init_pos: 1771
*********running GCP*********
total time (wallclock): 0.0232005 seconds

$ /home/daisy/GRB-Search-Pipeline/search-planning/build/sp_train /home/daisy/GRB-Search-Pipeline/results/training/maps/longlow/adapt_p11-715852394892384_a135-0_110_map.h5 /home/daisy/GRB-Search-Pipeline/search-planning/tilings/tiling_files/5.36x4.5_tiling.csv 1770 10.0 10.0 5.0 0 /home/daisy/GRB-Search-Pipeline/results/training/longlow_searching_5.36x4.5_tiling.csv
Input Parameters:
  file        = /home/daisy/GRB-Search-Pipeline/results/training/maps/longlow/adapt_p11-715852394892384_a135-0_110_map.h5
  source_tile = 1770
  slew_rate   = 10
  dwell_time  = 5
  output      = /home/daisy/GRB-Search-Pipeline/results/training/longlow_searching_5.36x4.5_tiling.csv

source = [78.2841, 135], n_src_events = 554, n_bkg_events = 454
Loaded 71 entries (unique=71, duplicates=0, missing=49081, out_of_bounds=0, non-finite=0)
Sum(prob) over finite entries = 0.999999
init sum: 0.999999
num pixels: 49152
tile num: 1798
total tile prob: 0.999999
tiles with prob > 0: 8
total tile prob after trim: 0.999999
num tiles after trim: 8
init_pos: 1752
*********running GCP*********
total time (wallclock): 0.0229763 seconds

$ /home/daisy/GRB-Search-Pipeline/search-planning/build/sp_train /home/daisy/GRB-Search-Pipeline/results/training/maps/longlow/adapt_p11-715852394892384_a135-0_111_map.h5 /home/daisy/GRB-Search-Pipeline/search-planning/tilings/tiling_files/5.36x4.5_tiling.csv 1770 10.0 10.0 5.0 0 /home/daisy/GRB-Search-Pipeline/results/training/longlow_searching_5.36x4.5_tiling.csv
Input Parameters:
  file        = /home/daisy/GRB-Search-Pipeline/results/training/maps/longlow/adapt_p11-715852394892384_a135-0_111_map.h5
  source_tile = 1770
  slew_rate   = 10
  dwell_time  = 5
  output      = /home/daisy/GRB-Search-Pipeline/results/training/longlow_searching_5.36x4.5_tiling.csv

source = [78.2841, 135], n_src_events = 121, n_bkg_events = 1023
Loaded 2189 entries (unique=2189, duplicates=0, missing=46963, out_of_bounds=0, non-finite=0)
Sum(prob) over finite entries = 0.999993
init sum: 0.999993
num pixels: 49152
tile num: 1798
total tile prob: 0.999993
tiles with prob > 0: 117
total tile prob after trim: 0.999993
num tiles after trim: 117
init_pos: 1642
*********running GCP*********
total time (wallclock): 0.0931453 seconds

$ /home/daisy/GRB-Search-Pipeline/search-planning/build/sp_train /home/daisy/GRB-Search-Pipeline/results/training/maps/longlow/adapt_p11-715852394892384_a135-0_112_map.h5 /home/daisy/GRB-Search-Pipeline/search-planning/tilings/tiling_files/5.36x4.5_tiling.csv 1770 10.0 10.0 5.0 0 /home/daisy/GRB-Search-Pipeline/results/training/longlow_searching_5.36x4.5_tiling.csv
Input Parameters:
  file        = /home/daisy/GRB-Search-Pipeline/results/training/maps/longlow/adapt_p11-715852394892384_a135-0_112_map.h5
  source_tile = 1770
  slew_rate   = 10
  dwell_time  = 5
  output      = /home/daisy/GRB-Search-Pipeline/results/training/longlow_searching_5.36x4.5_tiling.csv

source = [78.2841, 135], n_src_events = 408, n_bkg_events = 574
Loaded 125 entries (unique=125, duplicates=0, missing=49027, out_of_bounds=0, non-finite=0)
Sum(prob) over finite entries = 0.999999
init sum: 0.999999
num pixels: 49152
tile num: 1798
total tile prob: 0.999999
tiles with prob > 0: 10
total tile prob after trim: 0.999999
num tiles after trim: 10
init_pos: 1752
*********running GCP*********
total time (wallclock): 0.0228414 seconds

$ /home/daisy/GRB-Search-Pipeline/search-planning/build/sp_train /home/daisy/GRB-Search-Pipeline/results/training/maps/longlow/adapt_p11-715852394892384_a135-0_113_map.h5 /home/daisy/GRB-Search-Pipeline/search-planning/tilings/tiling_files/5.36x4.5_tiling.csv 1770 10.0 10.0 5.0 0 /home/daisy/GRB-Search-Pipeline/results/training/longlow_searching_5.36x4.5_tiling.csv
Input Parameters:
  file        = /home/daisy/GRB-Search-Pipeline/results/training/maps/longlow/adapt_p11-715852394892384_a135-0_113_map.h5
  source_tile = 1770
  slew_rate   = 10
  dwell_time  = 5
  output      = /home/daisy/GRB-Search-Pipeline/results/training/longlow_searching_5.36x4.5_tiling.csv

source = [78.2841, 135], n_src_events = 785, n_bkg_events = 899
Loaded 53 entries (unique=53, duplicates=0, missing=49099, out_of_bounds=0, non-finite=0)
Sum(prob) over finite entries = 0.999999
init sum: 0.999999
num pixels: 49152
tile num: 1798
total tile prob: 0.999999
tiles with prob > 0: 5
total tile prob after trim: 0.999999
num tiles after trim: 5
init_pos: 1752
*********running GCP*********
total time (wallclock): 0.0225875 seconds

$ /home/daisy/GRB-Search-Pipeline/search-planning/build/sp_train /home/daisy/GRB-Search-Pipeline/results/training/maps/longlow/adapt_p11-715852394892384_a135-0_114_map.h5 /home/daisy/GRB-Search-Pipeline/search-planning/tilings/tiling_files/5.36x4.5_tiling.csv 1770 10.0 10.0 5.0 0 /home/daisy/GRB-Search-Pipeline/results/training/longlow_searching_5.36x4.5_tiling.csv
Input Parameters:
  file        = /home/daisy/GRB-Search-Pipeline/results/training/maps/longlow/adapt_p11-715852394892384_a135-0_114_map.h5
  source_tile = 1770
  slew_rate   = 10
  dwell_time  = 5
  output      = /home/daisy/GRB-Search-Pipeline/results/training/longlow_searching_5.36x4.5_tiling.csv

source = [78.2841, 135], n_src_events = 364, n_bkg_events = 640
Loaded 211 entries (unique=211, duplicates=0, missing=48941, out_of_bounds=0, non-finite=0)
Sum(prob) over finite entries = 0.999999
init sum: 0.999999
num pixels: 49152
tile num: 1798
total tile prob: 0.999999
tiles with prob > 0: 15
total tile prob after trim: 0.999999
num tiles after trim: 15
init_pos: 1771
*********running GCP*********
total time (wallclock): 0.0241054 seconds

$ /home/daisy/GRB-Search-Pipeline/search-planning/build/sp_train /home/daisy/GRB-Search-Pipeline/results/training/maps/longlow/adapt_p11-715852394892384_a135-0_115_map.h5 /home/daisy/GRB-Search-Pipeline/search-planning/tilings/tiling_files/5.36x4.5_tiling.csv 1770 10.0 10.0 5.0 0 /home/daisy/GRB-Search-Pipeline/results/training/longlow_searching_5.36x4.5_tiling.csv
Input Parameters:
  file        = /home/daisy/GRB-Search-Pipeline/results/training/maps/longlow/adapt_p11-715852394892384_a135-0_115_map.h5
  source_tile = 1770
  slew_rate   = 10
  dwell_time  = 5
  output      = /home/daisy/GRB-Search-Pipeline/results/training/longlow_searching_5.36x4.5_tiling.csv

source = [78.2841, 135], n_src_events = 344, n_bkg_events = 1003
Loaded 262 entries (unique=262, duplicates=0, missing=48890, out_of_bounds=0, non-finite=0)
Sum(prob) over finite entries = 0.999998
init sum: 0.999998
num pixels: 49152
tile num: 1798
total tile prob: 0.999998
tiles with prob > 0: 18
total tile prob after trim: 0.999998
num tiles after trim: 18
init_pos: 1753
*********running GCP*********
total time (wallclock): 0.0237248 seconds

$ /home/daisy/GRB-Search-Pipeline/search-planning/build/sp_train /home/daisy/GRB-Search-Pipeline/results/training/maps/longlow/adapt_p11-715852394892384_a135-0_116_map.h5 /home/daisy/GRB-Search-Pipeline/search-planning/tilings/tiling_files/5.36x4.5_tiling.csv 1770 10.0 10.0 5.0 0 /home/daisy/GRB-Search-Pipeline/results/training/longlow_searching_5.36x4.5_tiling.csv
Input Parameters:
  file        = /home/daisy/GRB-Search-Pipeline/results/training/maps/longlow/adapt_p11-715852394892384_a135-0_116_map.h5
  source_tile = 1770
  slew_rate   = 10
  dwell_time  = 5
  output      = /home/daisy/GRB-Search-Pipeline/results/training/longlow_searching_5.36x4.5_tiling.csv

source = [78.2841, 135], n_src_events = 516, n_bkg_events = 492
Loaded 76 entries (unique=76, duplicates=0, missing=49076, out_of_bounds=0, non-finite=0)
Sum(prob) over finite entries = 0.999997
init sum: 0.999997
num pixels: 49152
tile num: 1798
total tile prob: 0.999997
tiles with prob > 0: 6
total tile prob after trim: 0.999997
num tiles after trim: 6
init_pos: 1771
*********running GCP*********
total time (wallclock): 0.0233854 seconds

$ /home/daisy/GRB-Search-Pipeline/search-planning/build/sp_train /home/daisy/GRB-Search-Pipeline/results/training/maps/longlow/adapt_p11-715852394892384_a135-0_117_map.h5 /home/daisy/GRB-Search-Pipeline/search-planning/tilings/tiling_files/5.36x4.5_tiling.csv 1770 10.0 10.0 5.0 0 /home/daisy/GRB-Search-Pipeline/results/training/longlow_searching_5.36x4.5_tiling.csv
Input Parameters:
  file        = /home/daisy/GRB-Search-Pipeline/results/training/maps/longlow/adapt_p11-715852394892384_a135-0_117_map.h5
  source_tile = 1770
  slew_rate   = 10
  dwell_time  = 5
  output      = /home/daisy/GRB-Search-Pipeline/results/training/longlow_searching_5.36x4.5_tiling.csv

source = [78.2841, 135], n_src_events = 227, n_bkg_events = 371
Loaded 281 entries (unique=281, duplicates=0, missing=48871, out_of_bounds=0, non-finite=0)
Sum(prob) over finite entries = 0.999998
init sum: 0.999998
num pixels: 49152
tile num: 1798
total tile prob: 0.999998
tiles with prob > 0: 22
total tile prob after trim: 0.999998
num tiles after trim: 22
init_pos: 1751
*********running GCP*********
total time (wallclock): 0.0238183 seconds

$ /home/daisy/GRB-Search-Pipeline/search-planning/build/sp_train /home/daisy/GRB-Search-Pipeline/results/training/maps/longlow/adapt_p11-715852394892384_a135-0_118_map.h5 /home/daisy/GRB-Search-Pipeline/search-planning/tilings/tiling_files/5.36x4.5_tiling.csv 1770 10.0 10.0 5.0 0 /home/daisy/GRB-Search-Pipeline/results/training/longlow_searching_5.36x4.5_tiling.csv
Input Parameters:
  file        = /home/daisy/GRB-Search-Pipeline/results/training/maps/longlow/adapt_p11-715852394892384_a135-0_118_map.h5
  source_tile = 1770
  slew_rate   = 10
  dwell_time  = 5
  output      = /home/daisy/GRB-Search-Pipeline/results/training/longlow_searching_5.36x4.5_tiling.csv

source = [78.2841, 135], n_src_events = 313, n_bkg_events = 1020
Loaded 272 entries (unique=272, duplicates=0, missing=48880, out_of_bounds=0, non-finite=0)
Sum(prob) over finite entries = 0.999998
init sum: 0.999998
num pixels: 49152
tile num: 1798
total tile prob: 0.999998
tiles with prob > 0: 19
total tile prob after trim: 0.999998
num tiles after trim: 19
init_pos: 1751
*********running GCP*********
total time (wallclock): 0.0240665 seconds

$ /home/daisy/GRB-Search-Pipeline/search-planning/build/sp_train /home/daisy/GRB-Search-Pipeline/results/training/maps/longlow/adapt_p11-715852394892384_a135-0_119_map.h5 /home/daisy/GRB-Search-Pipeline/search-planning/tilings/tiling_files/5.36x4.5_tiling.csv 1770 10.0 10.0 5.0 0 /home/daisy/GRB-Search-Pipeline/results/training/longlow_searching_5.36x4.5_tiling.csv
Input Parameters:
  file        = /home/daisy/GRB-Search-Pipeline/results/training/maps/longlow/adapt_p11-715852394892384_a135-0_119_map.h5
  source_tile = 1770
  slew_rate   = 10
  dwell_time  = 5
  output      = /home/daisy/GRB-Search-Pipeline/results/training/longlow_searching_5.36x4.5_tiling.csv

source = [78.2841, 135], n_src_events = 338, n_bkg_events = 741
Loaded 190 entries (unique=190, duplicates=0, missing=48962, out_of_bounds=0, non-finite=0)
Sum(prob) over finite entries = 0.999998
init sum: 0.999998
num pixels: 49152
tile num: 1798
total tile prob: 0.999998
tiles with prob > 0: 13
total tile prob after trim: 0.999998
num tiles after trim: 13
init_pos: 1770
*********running GCP*********
total time (wallclock): 0.0219276 seconds

$ /home/daisy/GRB-Search-Pipeline/search-planning/build/sp_train /home/daisy/GRB-Search-Pipeline/results/training/maps/longlow/adapt_p11-715852394892384_a135-0_11_map.h5 /home/daisy/GRB-Search-Pipeline/search-planning/tilings/tiling_files/5.36x4.5_tiling.csv 1770 10.0 10.0 5.0 0 /home/daisy/GRB-Search-Pipeline/results/training/longlow_searching_5.36x4.5_tiling.csv
Input Parameters:
  file        = /home/daisy/GRB-Search-Pipeline/results/training/maps/longlow/adapt_p11-715852394892384_a135-0_11_map.h5
  source_tile = 1770
  slew_rate   = 10
  dwell_time  = 5
  output      = /home/daisy/GRB-Search-Pipeline/results/training/longlow_searching_5.36x4.5_tiling.csv

source = [78.2841, 135], n_src_events = 739, n_bkg_events = 977
Loaded 58 entries (unique=58, duplicates=0, missing=49094, out_of_bounds=0, non-finite=0)
Sum(prob) over finite entries = 0.999999
init sum: 0.999999
num pixels: 49152
tile num: 1798
total tile prob: 0.999999
tiles with prob > 0: 6
total tile prob after trim: 0.999999
num tiles after trim: 6
init_pos: 1753
*********running GCP*********
total time (wallclock): 0.0230695 seconds

$ /home/daisy/GRB-Search-Pipeline/search-planning/build/sp_train /home/daisy/GRB-Search-Pipeline/results/training/maps/longlow/adapt_p11-715852394892384_a135-0_120_map.h5 /home/daisy/GRB-Search-Pipeline/search-planning/tilings/tiling_files/5.36x4.5_tiling.csv 1770 10.0 10.0 5.0 0 /home/daisy/GRB-Search-Pipeline/results/training/longlow_searching_5.36x4.5_tiling.csv
Input Parameters:
  file        = /home/daisy/GRB-Search-Pipeline/results/training/maps/longlow/adapt_p11-715852394892384_a135-0_120_map.h5
  source_tile = 1770
  slew_rate   = 10
  dwell_time  = 5
  output      = /home/daisy/GRB-Search-Pipeline/results/training/longlow_searching_5.36x4.5_tiling.csv

source = [78.2841, 135], n_src_events = 816, n_bkg_events = 328
Loaded 50 entries (unique=50, duplicates=0, missing=49102, out_of_bounds=0, non-finite=0)
Sum(prob) over finite entries = 0.999999
init sum: 0.999999
num pixels: 49152
tile num: 1798
total tile prob: 0.999999
tiles with prob > 0: 6
total tile prob after trim: 0.999999
num tiles after trim: 6
init_pos: 1771
*********running GCP*********
total time (wallclock): 0.0223041 seconds

$ /home/daisy/GRB-Search-Pipeline/search-planning/build/sp_train /home/daisy/GRB-Search-Pipeline/results/training/maps/longlow/adapt_p11-715852394892384_a135-0_121_map.h5 /home/daisy/GRB-Search-Pipeline/search-planning/tilings/tiling_files/5.36x4.5_tiling.csv 1770 10.0 10.0 5.0 0 /home/daisy/GRB-Search-Pipeline/results/training/longlow_searching_5.36x4.5_tiling.csv
Input Parameters:
  file        = /home/daisy/GRB-Search-Pipeline/results/training/maps/longlow/adapt_p11-715852394892384_a135-0_121_map.h5
  source_tile = 1770
  slew_rate   = 10
  dwell_time  = 5
  output      = /home/daisy/GRB-Search-Pipeline/results/training/longlow_searching_5.36x4.5_tiling.csv

source = [78.2841, 135], n_src_events = 675, n_bkg_events = 397
Loaded 48 entries (unique=48, duplicates=0, missing=49104, out_of_bounds=0, non-finite=0)
Sum(prob) over finite entries = 0.999999
init sum: 0.999999
num pixels: 49152
tile num: 1798
total tile prob: 0.999999
tiles with prob > 0: 5
total tile prob after trim: 0.999999
num tiles after trim: 5
init_pos: 1771
*********running GCP*********
total time (wallclock): 0.0228649 seconds

$ /home/daisy/GRB-Search-Pipeline/search-planning/build/sp_train /home/daisy/GRB-Search-Pipeline/results/training/maps/longlow/adapt_p11-715852394892384_a135-0_122_map.h5 /home/daisy/GRB-Search-Pipeline/search-planning/tilings/tiling_files/5.36x4.5_tiling.csv 1770 10.0 10.0 5.0 0 /home/daisy/GRB-Search-Pipeline/results/training/longlow_searching_5.36x4.5_tiling.csv
Input Parameters:
  file        = /home/daisy/GRB-Search-Pipeline/results/training/maps/longlow/adapt_p11-715852394892384_a135-0_122_map.h5
  source_tile = 1770
  slew_rate   = 10
  dwell_time  = 5
  output      = /home/daisy/GRB-Search-Pipeline/results/training/longlow_searching_5.36x4.5_tiling.csv

source = [78.2841, 135], n_src_events = 532, n_bkg_events = 601
Loaded 82 entries (unique=82, duplicates=0, missing=49070, out_of_bounds=0, non-finite=0)
Sum(prob) over finite entries = 0.999999
init sum: 0.999999
num pixels: 49152
tile num: 1798
total tile prob: 0.999999
tiles with prob > 0: 8
total tile prob after trim: 0.999999
num tiles after trim: 8
init_pos: 1752
*********running GCP*********
total time (wallclock): 0.0226328 seconds

$ /home/daisy/GRB-Search-Pipeline/search-planning/build/sp_train /home/daisy/GRB-Search-Pipeline/results/training/maps/longlow/adapt_p11-715852394892384_a135-0_123_map.h5 /home/daisy/GRB-Search-Pipeline/search-planning/tilings/tiling_files/5.36x4.5_tiling.csv 1770 10.0 10.0 5.0 0 /home/daisy/GRB-Search-Pipeline/results/training/longlow_searching_5.36x4.5_tiling.csv
Input Parameters:
  file        = /home/daisy/GRB-Search-Pipeline/results/training/maps/longlow/adapt_p11-715852394892384_a135-0_123_map.h5
  source_tile = 1770
  slew_rate   = 10
  dwell_time  = 5
  output      = /home/daisy/GRB-Search-Pipeline/results/training/longlow_searching_5.36x4.5_tiling.csv

source = [78.2841, 135], n_src_events = 671, n_bkg_events = 776
Loaded 65 entries (unique=65, duplicates=0, missing=49087, out_of_bounds=0, non-finite=0)
Sum(prob) over finite entries = 0.999999
init sum: 0.999999
num pixels: 49152
tile num: 1798
total tile prob: 0.999999
tiles with prob > 0: 6
total tile prob after trim: 0.999999
num tiles after trim: 6
init_pos: 1752
*********running GCP*********
total time (wallclock): 0.02303 seconds

$ /home/daisy/GRB-Search-Pipeline/search-planning/build/sp_train /home/daisy/GRB-Search-Pipeline/results/training/maps/longlow/adapt_p11-715852394892384_a135-0_124_map.h5 /home/daisy/GRB-Search-Pipeline/search-planning/tilings/tiling_files/5.36x4.5_tiling.csv 1770 10.0 10.0 5.0 0 /home/daisy/GRB-Search-Pipeline/results/training/longlow_searching_5.36x4.5_tiling.csv
Input Parameters:
  file        = /home/daisy/GRB-Search-Pipeline/results/training/maps/longlow/adapt_p11-715852394892384_a135-0_124_map.h5
  source_tile = 1770
  slew_rate   = 10
  dwell_time  = 5
  output      = /home/daisy/GRB-Search-Pipeline/results/training/longlow_searching_5.36x4.5_tiling.csv

source = [78.2841, 135], n_src_events = 671, n_bkg_events = 845
Loaded 85 entries (unique=85, duplicates=0, missing=49067, out_of_bounds=0, non-finite=0)
Sum(prob) over finite entries = 0.999999
init sum: 0.999999
num pixels: 49152
tile num: 1798
total tile prob: 0.999999
tiles with prob > 0: 7
total tile prob after trim: 0.999999
num tiles after trim: 7
init_pos: 1771
*********running GCP*********
total time (wallclock): 0.0229781 seconds

$ /home/daisy/GRB-Search-Pipeline/search-planning/build/sp_train /home/daisy/GRB-Search-Pipeline/results/training/maps/longlow/adapt_p11-715852394892384_a135-0_125_map.h5 /home/daisy/GRB-Search-Pipeline/search-planning/tilings/tiling_files/5.36x4.5_tiling.csv 1770 10.0 10.0 5.0 0 /home/daisy/GRB-Search-Pipeline/results/training/longlow_searching_5.36x4.5_tiling.csv
Input Parameters:
  file        = /home/daisy/GRB-Search-Pipeline/results/training/maps/longlow/adapt_p11-715852394892384_a135-0_125_map.h5
  source_tile = 1770
  slew_rate   = 10
  dwell_time  = 5
  output      = /home/daisy/GRB-Search-Pipeline/results/training/longlow_searching_5.36x4.5_tiling.csv

source = [78.2841, 135], n_src_events = 675, n_bkg_events = 325
Loaded 79 entries (unique=79, duplicates=0, missing=49073, out_of_bounds=0, non-finite=0)
Sum(prob) over finite entries = 0.999999
init sum: 0.999999
num pixels: 49152
tile num: 1798
total tile prob: 0.999999
tiles with prob > 0: 9
total tile prob after trim: 0.999999
num tiles after trim: 9
init_pos: 1752
*********running GCP*********
total time (wallclock): 0.0228802 seconds

$ /home/daisy/GRB-Search-Pipeline/search-planning/build/sp_train /home/daisy/GRB-Search-Pipeline/results/training/maps/longlow/adapt_p11-715852394892384_a135-0_126_map.h5 /home/daisy/GRB-Search-Pipeline/search-planning/tilings/tiling_files/5.36x4.5_tiling.csv 1770 10.0 10.0 5.0 0 /home/daisy/GRB-Search-Pipeline/results/training/longlow_searching_5.36x4.5_tiling.csv
Input Parameters:
  file        = /home/daisy/GRB-Search-Pipeline/results/training/maps/longlow/adapt_p11-715852394892384_a135-0_126_map.h5
  source_tile = 1770
  slew_rate   = 10
  dwell_time  = 5
  output      = /home/daisy/GRB-Search-Pipeline/results/training/longlow_searching_5.36x4.5_tiling.csv

source = [78.2841, 135], n_src_events = 97, n_bkg_events = 257
Loaded 716 entries (unique=716, duplicates=0, missing=48436, out_of_bounds=0, non-finite=0)
Sum(prob) over finite entries = 0.999998
init sum: 0.999998
num pixels: 49152
tile num: 1798
total tile prob: 0.999998
tiles with prob > 0: 42
total tile prob after trim: 0.999998
num tiles after trim: 42
init_pos: 1787
*********running GCP*********
total time (wallclock): 0.0234956 seconds

$ /home/daisy/GRB-Search-Pipeline/search-planning/build/sp_train /home/daisy/GRB-Search-Pipeline/results/training/maps/longlow/adapt_p11-715852394892384_a135-0_127_map.h5 /home/daisy/GRB-Search-Pipeline/search-planning/tilings/tiling_files/5.36x4.5_tiling.csv 1770 10.0 10.0 5.0 0 /home/daisy/GRB-Search-Pipeline/results/training/longlow_searching_5.36x4.5_tiling.csv
Input Parameters:
  file        = /home/daisy/GRB-Search-Pipeline/results/training/maps/longlow/adapt_p11-715852394892384_a135-0_127_map.h5
  source_tile = 1770
  slew_rate   = 10
  dwell_time  = 5
  output      = /home/daisy/GRB-Search-Pipeline/results/training/longlow_searching_5.36x4.5_tiling.csv

source = [78.2841, 135], n_src_events = 318, n_bkg_events = 869
Loaded 342 entries (unique=342, duplicates=0, missing=48810, out_of_bounds=0, non-finite=0)
Sum(prob) over finite entries = 0.999998
init sum: 0.999998
num pixels: 49152
tile num: 1798
total tile prob: 0.999998
tiles with prob > 0: 23
total tile prob after trim: 0.999998
num tiles after trim: 23
init_pos: 1771
*********running GCP*********
total time (wallclock): 0.0278851 seconds

$ /home/daisy/GRB-Search-Pipeline/search-planning/build/sp_train /home/daisy/GRB-Search-Pipeline/results/training/maps/longlow/adapt_p11-715852394892384_a135-0_128_map.h5 /home/daisy/GRB-Search-Pipeline/search-planning/tilings/tiling_files/5.36x4.5_tiling.csv 1770 10.0 10.0 5.0 0 /home/daisy/GRB-Search-Pipeline/results/training/longlow_searching_5.36x4.5_tiling.csv
Input Parameters:
  file        = /home/daisy/GRB-Search-Pipeline/results/training/maps/longlow/adapt_p11-715852394892384_a135-0_128_map.h5
  source_tile = 1770
  slew_rate   = 10
  dwell_time  = 5
  output      = /home/daisy/GRB-Search-Pipeline/results/training/longlow_searching_5.36x4.5_tiling.csv

source = [78.2841, 135], n_src_events = 698, n_bkg_events = 386
Loaded 67 entries (unique=67, duplicates=0, missing=49085, out_of_bounds=0, non-finite=0)
Sum(prob) over finite entries = 0.999999
init sum: 0.999999
num pixels: 49152
tile num: 1798
total tile prob: 0.999999
tiles with prob > 0: 6
total tile prob after trim: 0.999999
num tiles after trim: 6
init_pos: 1752
*********running GCP*********
total time (wallclock): 0.0225996 seconds

$ /home/daisy/GRB-Search-Pipeline/search-planning/build/sp_train /home/daisy/GRB-Search-Pipeline/results/training/maps/longlow/adapt_p11-715852394892384_a135-0_129_map.h5 /home/daisy/GRB-Search-Pipeline/search-planning/tilings/tiling_files/5.36x4.5_tiling.csv 1770 10.0 10.0 5.0 0 /home/daisy/GRB-Search-Pipeline/results/training/longlow_searching_5.36x4.5_tiling.csv
Input Parameters:
  file        = /home/daisy/GRB-Search-Pipeline/results/training/maps/longlow/adapt_p11-715852394892384_a135-0_129_map.h5
  source_tile = 1770
  slew_rate   = 10
  dwell_time  = 5
  output      = /home/daisy/GRB-Search-Pipeline/results/training/longlow_searching_5.36x4.5_tiling.csv

source = [78.2841, 135], n_src_events = 737, n_bkg_events = 1070
Loaded 92 entries (unique=92, duplicates=0, missing=49060, out_of_bounds=0, non-finite=0)
Sum(prob) over finite entries = 0.999999
init sum: 0.999999
num pixels: 49152
tile num: 1798
total tile prob: 0.999999
tiles with prob > 0: 8
total tile prob after trim: 0.999999
num tiles after trim: 8
init_pos: 1770
*********running GCP*********
total time (wallclock): 0.0217563 seconds

$ /home/daisy/GRB-Search-Pipeline/search-planning/build/sp_train /home/daisy/GRB-Search-Pipeline/results/training/maps/longlow/adapt_p11-715852394892384_a135-0_12_map.h5 /home/daisy/GRB-Search-Pipeline/search-planning/tilings/tiling_files/5.36x4.5_tiling.csv 1770 10.0 10.0 5.0 0 /home/daisy/GRB-Search-Pipeline/results/training/longlow_searching_5.36x4.5_tiling.csv
Input Parameters:
  file        = /home/daisy/GRB-Search-Pipeline/results/training/maps/longlow/adapt_p11-715852394892384_a135-0_12_map.h5
  source_tile = 1770
  slew_rate   = 10
  dwell_time  = 5
  output      = /home/daisy/GRB-Search-Pipeline/results/training/longlow_searching_5.36x4.5_tiling.csv

source = [78.2841, 135], n_src_events = 435, n_bkg_events = 1036
Loaded 139 entries (unique=139, duplicates=0, missing=49013, out_of_bounds=0, non-finite=0)
Sum(prob) over finite entries = 0.999999
init sum: 0.999999
num pixels: 49152
tile num: 1798
total tile prob: 0.999999
tiles with prob > 0: 11
total tile prob after trim: 0.999999
num tiles after trim: 11
init_pos: 1771
*********running GCP*********
total time (wallclock): 0.0234232 seconds

$ /home/daisy/GRB-Search-Pipeline/search-planning/build/sp_train /home/daisy/GRB-Search-Pipeline/results/training/maps/longlow/adapt_p11-715852394892384_a135-0_130_map.h5 /home/daisy/GRB-Search-Pipeline/search-planning/tilings/tiling_files/5.36x4.5_tiling.csv 1770 10.0 10.0 5.0 0 /home/daisy/GRB-Search-Pipeline/results/training/longlow_searching_5.36x4.5_tiling.csv
Input Parameters:
  file        = /home/daisy/GRB-Search-Pipeline/results/training/maps/longlow/adapt_p11-715852394892384_a135-0_130_map.h5
  source_tile = 1770
  slew_rate   = 10
  dwell_time  = 5
  output      = /home/daisy/GRB-Search-Pipeline/results/training/longlow_searching_5.36x4.5_tiling.csv

source = [78.2841, 135], n_src_events = 807, n_bkg_events = 394
Loaded 52 entries (unique=52, duplicates=0, missing=49100, out_of_bounds=0, non-finite=0)
Sum(prob) over finite entries = 0.999999
init sum: 0.999999
num pixels: 49152
tile num: 1798
total tile prob: 0.999999
tiles with prob > 0: 6
total tile prob after trim: 0.999999
num tiles after trim: 6
init_pos: 1752
*********running GCP*********
total time (wallclock): 0.0231427 seconds

$ /home/daisy/GRB-Search-Pipeline/search-planning/build/sp_train /home/daisy/GRB-Search-Pipeline/results/training/maps/longlow/adapt_p11-715852394892384_a135-0_131_map.h5 /home/daisy/GRB-Search-Pipeline/search-planning/tilings/tiling_files/5.36x4.5_tiling.csv 1770 10.0 10.0 5.0 0 /home/daisy/GRB-Search-Pipeline/results/training/longlow_searching_5.36x4.5_tiling.csv
Input Parameters:
  file        = /home/daisy/GRB-Search-Pipeline/results/training/maps/longlow/adapt_p11-715852394892384_a135-0_131_map.h5
  source_tile = 1770
  slew_rate   = 10
  dwell_time  = 5
  output      = /home/daisy/GRB-Search-Pipeline/results/training/longlow_searching_5.36x4.5_tiling.csv

source = [78.2841, 135], n_src_events = 704, n_bkg_events = 319
Loaded 44 entries (unique=44, duplicates=0, missing=49108, out_of_bounds=0, non-finite=0)
Sum(prob) over finite entries = 0.999999
init sum: 0.999999
num pixels: 49152
tile num: 1798
total tile prob: 0.999999
tiles with prob > 0: 5
total tile prob after trim: 0.999999
num tiles after trim: 5
init_pos: 1771
*********running GCP*********
total time (wallclock): 0.023204 seconds

$ /home/daisy/GRB-Search-Pipeline/search-planning/build/sp_train /home/daisy/GRB-Search-Pipeline/results/training/maps/longlow/adapt_p11-715852394892384_a135-0_132_map.h5 /home/daisy/GRB-Search-Pipeline/search-planning/tilings/tiling_files/5.36x4.5_tiling.csv 1770 10.0 10.0 5.0 0 /home/daisy/GRB-Search-Pipeline/results/training/longlow_searching_5.36x4.5_tiling.csv
Input Parameters:
  file        = /home/daisy/GRB-Search-Pipeline/results/training/maps/longlow/adapt_p11-715852394892384_a135-0_132_map.h5
  source_tile = 1770
  slew_rate   = 10
  dwell_time  = 5
  output      = /home/daisy/GRB-Search-Pipeline/results/training/longlow_searching_5.36x4.5_tiling.csv

source = [78.2841, 135], n_src_events = 148, n_bkg_events = 505
Loaded 2869 entries (unique=2869, duplicates=0, missing=46283, out_of_bounds=0, non-finite=0)
Sum(prob) over finite entries = 0.999995
init sum: 0.999995
num pixels: 49152
tile num: 1798
total tile prob: 0.999995
tiles with prob > 0: 144
total tile prob after trim: 0.999995
num tiles after trim: 144
init_pos: 1637
*********running GCP*********
total time (wallclock): 0.0334453 seconds

$ /home/daisy/GRB-Search-Pipeline/search-planning/build/sp_train /home/daisy/GRB-Search-Pipeline/results/training/maps/longlow/adapt_p11-715852394892384_a135-0_133_map.h5 /home/daisy/GRB-Search-Pipeline/search-planning/tilings/tiling_files/5.36x4.5_tiling.csv 1770 10.0 10.0 5.0 0 /home/daisy/GRB-Search-Pipeline/results/training/longlow_searching_5.36x4.5_tiling.csv
Input Parameters:
  file        = /home/daisy/GRB-Search-Pipeline/results/training/maps/longlow/adapt_p11-715852394892384_a135-0_133_map.h5
  source_tile = 1770
  slew_rate   = 10
  dwell_time  = 5
  output      = /home/daisy/GRB-Search-Pipeline/results/training/longlow_searching_5.36x4.5_tiling.csv

source = [78.2841, 135], n_src_events = 406, n_bkg_events = 993
Loaded 153 entries (unique=153, duplicates=0, missing=48999, out_of_bounds=0, non-finite=0)
Sum(prob) over finite entries = 0.999999
init sum: 0.999999
num pixels: 49152
tile num: 1798
total tile prob: 0.999999
tiles with prob > 0: 11
total tile prob after trim: 0.999999
num tiles after trim: 11
init_pos: 1770
*********running GCP*********
total time (wallclock): 0.0222846 seconds

$ /home/daisy/GRB-Search-Pipeline/search-planning/build/sp_train /home/daisy/GRB-Search-Pipeline/results/training/maps/longlow/adapt_p11-715852394892384_a135-0_134_map.h5 /home/daisy/GRB-Search-Pipeline/search-planning/tilings/tiling_files/5.36x4.5_tiling.csv 1770 10.0 10.0 5.0 0 /home/daisy/GRB-Search-Pipeline/results/training/longlow_searching_5.36x4.5_tiling.csv
Input Parameters:
  file        = /home/daisy/GRB-Search-Pipeline/results/training/maps/longlow/adapt_p11-715852394892384_a135-0_134_map.h5
  source_tile = 1770
  slew_rate   = 10
  dwell_time  = 5
  output      = /home/daisy/GRB-Search-Pipeline/results/training/longlow_searching_5.36x4.5_tiling.csv

source = [78.2841, 135], n_src_events = 387, n_bkg_events = 813
Loaded 145 entries (unique=145, duplicates=0, missing=49007, out_of_bounds=0, non-finite=0)
Sum(prob) over finite entries = 0.999999
init sum: 0.999999
num pixels: 49152
tile num: 1798
total tile prob: 0.999999
tiles with prob > 0: 12
total tile prob after trim: 0.999999
num tiles after trim: 12
init_pos: 1753
*********running GCP*********
total time (wallclock): 0.0234616 seconds

$ /home/daisy/GRB-Search-Pipeline/search-planning/build/sp_train /home/daisy/GRB-Search-Pipeline/results/training/maps/longlow/adapt_p11-715852394892384_a135-0_135_map.h5 /home/daisy/GRB-Search-Pipeline/search-planning/tilings/tiling_files/5.36x4.5_tiling.csv 1770 10.0 10.0 5.0 0 /home/daisy/GRB-Search-Pipeline/results/training/longlow_searching_5.36x4.5_tiling.csv
Input Parameters:
  file        = /home/daisy/GRB-Search-Pipeline/results/training/maps/longlow/adapt_p11-715852394892384_a135-0_135_map.h5
  source_tile = 1770
  slew_rate   = 10
  dwell_time  = 5
  output      = /home/daisy/GRB-Search-Pipeline/results/training/longlow_searching_5.36x4.5_tiling.csv

source = [78.2841, 135], n_src_events = 723, n_bkg_events = 352
Loaded 53 entries (unique=53, duplicates=0, missing=49099, out_of_bounds=0, non-finite=0)
Sum(prob) over finite entries = 1
init sum: 1
num pixels: 49152
tile num: 1798
total tile prob: 1
tiles with prob > 0: 5
total tile prob after trim: 1
num tiles after trim: 5
init_pos: 1770
*********running GCP*********
total time (wallclock): 0.0219618 seconds

$ /home/daisy/GRB-Search-Pipeline/search-planning/build/sp_train /home/daisy/GRB-Search-Pipeline/results/training/maps/longlow/adapt_p11-715852394892384_a135-0_136_map.h5 /home/daisy/GRB-Search-Pipeline/search-planning/tilings/tiling_files/5.36x4.5_tiling.csv 1770 10.0 10.0 5.0 0 /home/daisy/GRB-Search-Pipeline/results/training/longlow_searching_5.36x4.5_tiling.csv
Input Parameters:
  file        = /home/daisy/GRB-Search-Pipeline/results/training/maps/longlow/adapt_p11-715852394892384_a135-0_136_map.h5
  source_tile = 1770
  slew_rate   = 10
  dwell_time  = 5
  output      = /home/daisy/GRB-Search-Pipeline/results/training/longlow_searching_5.36x4.5_tiling.csv

source = [78.2841, 135], n_src_events = 211, n_bkg_events = 1064
Loaded 781 entries (unique=781, duplicates=0, missing=48371, out_of_bounds=0, non-finite=0)
Sum(prob) over finite entries = 0.999998
init sum: 0.999998
num pixels: 49152
tile num: 1798
total tile prob: 0.999998
tiles with prob > 0: 48
total tile prob after trim: 0.999998
num tiles after trim: 48
init_pos: 1794
*********running GCP*********
total time (wallclock): 0.0230967 seconds

$ /home/daisy/GRB-Search-Pipeline/search-planning/build/sp_train /home/daisy/GRB-Search-Pipeline/results/training/maps/longlow/adapt_p11-715852394892384_a135-0_137_map.h5 /home/daisy/GRB-Search-Pipeline/search-planning/tilings/tiling_files/5.36x4.5_tiling.csv 1770 10.0 10.0 5.0 0 /home/daisy/GRB-Search-Pipeline/results/training/longlow_searching_5.36x4.5_tiling.csv
Input Parameters:
  file        = /home/daisy/GRB-Search-Pipeline/results/training/maps/longlow/adapt_p11-715852394892384_a135-0_137_map.h5
  source_tile = 1770
  slew_rate   = 10
  dwell_time  = 5
  output      = /home/daisy/GRB-Search-Pipeline/results/training/longlow_searching_5.36x4.5_tiling.csv

source = [78.2841, 135], n_src_events = 157, n_bkg_events = 406
Loaded 298 entries (unique=298, duplicates=0, missing=48854, out_of_bounds=0, non-finite=0)
Sum(prob) over finite entries = 0.999999
init sum: 0.999999
num pixels: 49152
tile num: 1798
total tile prob: 0.999999
tiles with prob > 0: 19
total tile prob after trim: 0.999999
num tiles after trim: 19
init_pos: 1699
*********running GCP*********
total time (wallclock): 0.0281364 seconds

$ /home/daisy/GRB-Search-Pipeline/search-planning/build/sp_train /home/daisy/GRB-Search-Pipeline/results/training/maps/longlow/adapt_p11-715852394892384_a135-0_138_map.h5 /home/daisy/GRB-Search-Pipeline/search-planning/tilings/tiling_files/5.36x4.5_tiling.csv 1770 10.0 10.0 5.0 0 /home/daisy/GRB-Search-Pipeline/results/training/longlow_searching_5.36x4.5_tiling.csv
Input Parameters:
  file        = /home/daisy/GRB-Search-Pipeline/results/training/maps/longlow/adapt_p11-715852394892384_a135-0_138_map.h5
  source_tile = 1770
  slew_rate   = 10
  dwell_time  = 5
  output      = /home/daisy/GRB-Search-Pipeline/results/training/longlow_searching_5.36x4.5_tiling.csv

source = [78.2841, 135], n_src_events = 739, n_bkg_events = 958
Loaded 82 entries (unique=82, duplicates=0, missing=49070, out_of_bounds=0, non-finite=0)
Sum(prob) over finite entries = 0.999999
init sum: 0.999999
num pixels: 49152
tile num: 1798
total tile prob: 0.999999
tiles with prob > 0: 7
total tile prob after trim: 0.999999
num tiles after trim: 7
init_pos: 1770
*********running GCP*********
total time (wallclock): 0.0222144 seconds

$ /home/daisy/GRB-Search-Pipeline/search-planning/build/sp_train /home/daisy/GRB-Search-Pipeline/results/training/maps/longlow/adapt_p11-715852394892384_a135-0_139_map.h5 /home/daisy/GRB-Search-Pipeline/search-planning/tilings/tiling_files/5.36x4.5_tiling.csv 1770 10.0 10.0 5.0 0 /home/daisy/GRB-Search-Pipeline/results/training/longlow_searching_5.36x4.5_tiling.csv
Input Parameters:
  file        = /home/daisy/GRB-Search-Pipeline/results/training/maps/longlow/adapt_p11-715852394892384_a135-0_139_map.h5
  source_tile = 1770
  slew_rate   = 10
  dwell_time  = 5
  output      = /home/daisy/GRB-Search-Pipeline/results/training/longlow_searching_5.36x4.5_tiling.csv

source = [78.2841, 135], n_src_events = 411, n_bkg_events = 367
Loaded 89 entries (unique=89, duplicates=0, missing=49063, out_of_bounds=0, non-finite=0)
Sum(prob) over finite entries = 0.999999
init sum: 0.999999
num pixels: 49152
tile num: 1798
total tile prob: 0.999999
tiles with prob > 0: 8
total tile prob after trim: 0.999999
num tiles after trim: 8
init_pos: 1753
*********running GCP*********
total time (wallclock): 0.0236263 seconds

$ /home/daisy/GRB-Search-Pipeline/search-planning/build/sp_train /home/daisy/GRB-Search-Pipeline/results/training/maps/longlow/adapt_p11-715852394892384_a135-0_13_map.h5 /home/daisy/GRB-Search-Pipeline/search-planning/tilings/tiling_files/5.36x4.5_tiling.csv 1770 10.0 10.0 5.0 0 /home/daisy/GRB-Search-Pipeline/results/training/longlow_searching_5.36x4.5_tiling.csv
Input Parameters:
  file        = /home/daisy/GRB-Search-Pipeline/results/training/maps/longlow/adapt_p11-715852394892384_a135-0_13_map.h5
  source_tile = 1770
  slew_rate   = 10
  dwell_time  = 5
  output      = /home/daisy/GRB-Search-Pipeline/results/training/longlow_searching_5.36x4.5_tiling.csv

source = [78.2841, 135], n_src_events = 188, n_bkg_events = 410
Loaded 445 entries (unique=445, duplicates=0, missing=48707, out_of_bounds=0, non-finite=0)
Sum(prob) over finite entries = 0.999998
init sum: 0.999998
num pixels: 49152
tile num: 1798
total tile prob: 0.999998
tiles with prob > 0: 29
total tile prob after trim: 0.999998
num tiles after trim: 29
init_pos: 1770
*********running GCP*********
total time (wallclock): 0.0223716 seconds

$ /home/daisy/GRB-Search-Pipeline/search-planning/build/sp_train /home/daisy/GRB-Search-Pipeline/results/training/maps/longlow/adapt_p11-715852394892384_a135-0_140_map.h5 /home/daisy/GRB-Search-Pipeline/search-planning/tilings/tiling_files/5.36x4.5_tiling.csv 1770 10.0 10.0 5.0 0 /home/daisy/GRB-Search-Pipeline/results/training/longlow_searching_5.36x4.5_tiling.csv
Input Parameters:
  file        = /home/daisy/GRB-Search-Pipeline/results/training/maps/longlow/adapt_p11-715852394892384_a135-0_140_map.h5
  source_tile = 1770
  slew_rate   = 10
  dwell_time  = 5
  output      = /home/daisy/GRB-Search-Pipeline/results/training/longlow_searching_5.36x4.5_tiling.csv

source = [78.2841, 135], n_src_events = 202, n_bkg_events = 406
Loaded 415 entries (unique=415, duplicates=0, missing=48737, out_of_bounds=0, non-finite=0)
Sum(prob) over finite entries = 0.999998
init sum: 0.999998
num pixels: 49152
tile num: 1798
total tile prob: 0.999998
tiles with prob > 0: 28
total tile prob after trim: 0.999998
num tiles after trim: 28
init_pos: 1770
*********running GCP*********
total time (wallclock): 0.0221235 seconds

$ /home/daisy/GRB-Search-Pipeline/search-planning/build/sp_train /home/daisy/GRB-Search-Pipeline/results/training/maps/longlow/adapt_p11-715852394892384_a135-0_141_map.h5 /home/daisy/GRB-Search-Pipeline/search-planning/tilings/tiling_files/5.36x4.5_tiling.csv 1770 10.0 10.0 5.0 0 /home/daisy/GRB-Search-Pipeline/results/training/longlow_searching_5.36x4.5_tiling.csv
Input Parameters:
  file        = /home/daisy/GRB-Search-Pipeline/results/training/maps/longlow/adapt_p11-715852394892384_a135-0_141_map.h5
  source_tile = 1770
  slew_rate   = 10
  dwell_time  = 5
  output      = /home/daisy/GRB-Search-Pipeline/results/training/longlow_searching_5.36x4.5_tiling.csv

source = [78.2841, 135], n_src_events = 731, n_bkg_events = 930
Loaded 74 entries (unique=74, duplicates=0, missing=49078, out_of_bounds=0, non-finite=0)
Sum(prob) over finite entries = 0.999998
init sum: 0.999998
num pixels: 49152
tile num: 1798
total tile prob: 0.999998
tiles with prob > 0: 7
total tile prob after trim: 0.999998
num tiles after trim: 7
init_pos: 1770
*********running GCP*********
total time (wallclock): 0.0220896 seconds

$ /home/daisy/GRB-Search-Pipeline/search-planning/build/sp_train /home/daisy/GRB-Search-Pipeline/results/training/maps/longlow/adapt_p11-715852394892384_a135-0_142_map.h5 /home/daisy/GRB-Search-Pipeline/search-planning/tilings/tiling_files/5.36x4.5_tiling.csv 1770 10.0 10.0 5.0 0 /home/daisy/GRB-Search-Pipeline/results/training/longlow_searching_5.36x4.5_tiling.csv
Input Parameters:
  file        = /home/daisy/GRB-Search-Pipeline/results/training/maps/longlow/adapt_p11-715852394892384_a135-0_142_map.h5
  source_tile = 1770
  slew_rate   = 10
  dwell_time  = 5
  output      = /home/daisy/GRB-Search-Pipeline/results/training/longlow_searching_5.36x4.5_tiling.csv

source = [78.2841, 135], n_src_events = 778, n_bkg_events = 260
Loaded 45 entries (unique=45, duplicates=0, missing=49107, out_of_bounds=0, non-finite=0)
Sum(prob) over finite entries = 0.999999
init sum: 0.999999
num pixels: 49152
tile num: 1798
total tile prob: 0.999999
tiles with prob > 0: 5
total tile prob after trim: 0.999999
num tiles after trim: 5
init_pos: 1770
*********running GCP*********
total time (wallclock): 0.0220665 seconds

$ /home/daisy/GRB-Search-Pipeline/search-planning/build/sp_train /home/daisy/GRB-Search-Pipeline/results/training/maps/longlow/adapt_p11-715852394892384_a135-0_143_map.h5 /home/daisy/GRB-Search-Pipeline/search-planning/tilings/tiling_files/5.36x4.5_tiling.csv 1770 10.0 10.0 5.0 0 /home/daisy/GRB-Search-Pipeline/results/training/longlow_searching_5.36x4.5_tiling.csv
Input Parameters:
  file        = /home/daisy/GRB-Search-Pipeline/results/training/maps/longlow/adapt_p11-715852394892384_a135-0_143_map.h5
  source_tile = 1770
  slew_rate   = 10
  dwell_time  = 5
  output      = /home/daisy/GRB-Search-Pipeline/results/training/longlow_searching_5.36x4.5_tiling.csv

source = [78.2841, 135], n_src_events = 212, n_bkg_events = 800
Loaded 460 entries (unique=460, duplicates=0, missing=48692, out_of_bounds=0, non-finite=0)
Sum(prob) over finite entries = 0.999998
init sum: 0.999998
num pixels: 49152
tile num: 1798
total tile prob: 0.999998
tiles with prob > 0: 31
total tile prob after trim: 0.999998
num tiles after trim: 31
init_pos: 1768
*********running GCP*********
total time (wallclock): 0.0236742 seconds

$ /home/daisy/GRB-Search-Pipeline/search-planning/build/sp_train /home/daisy/GRB-Search-Pipeline/results/training/maps/longlow/adapt_p11-715852394892384_a135-0_144_map.h5 /home/daisy/GRB-Search-Pipeline/search-planning/tilings/tiling_files/5.36x4.5_tiling.csv 1770 10.0 10.0 5.0 0 /home/daisy/GRB-Search-Pipeline/results/training/longlow_searching_5.36x4.5_tiling.csv
Input Parameters:
  file        = /home/daisy/GRB-Search-Pipeline/results/training/maps/longlow/adapt_p11-715852394892384_a135-0_144_map.h5
  source_tile = 1770
  slew_rate   = 10
  dwell_time  = 5
  output      = /home/daisy/GRB-Search-Pipeline/results/training/longlow_searching_5.36x4.5_tiling.csv

source = [78.2841, 135], n_src_events = 440, n_bkg_events = 810
Loaded 164 entries (unique=164, duplicates=0, missing=48988, out_of_bounds=0, non-finite=0)
Sum(prob) over finite entries = 0.999999
init sum: 0.999999
num pixels: 49152
tile num: 1798
total tile prob: 0.999999
tiles with prob > 0: 11
total tile prob after trim: 0.999999
num tiles after trim: 11
init_pos: 1726
*********running GCP*********
total time (wallclock): 0.0242238 seconds

$ /home/daisy/GRB-Search-Pipeline/search-planning/build/sp_train /home/daisy/GRB-Search-Pipeline/results/training/maps/longlow/adapt_p11-715852394892384_a135-0_145_map.h5 /home/daisy/GRB-Search-Pipeline/search-planning/tilings/tiling_files/5.36x4.5_tiling.csv 1770 10.0 10.0 5.0 0 /home/daisy/GRB-Search-Pipeline/results/training/longlow_searching_5.36x4.5_tiling.csv
Input Parameters:
  file        = /home/daisy/GRB-Search-Pipeline/results/training/maps/longlow/adapt_p11-715852394892384_a135-0_145_map.h5
  source_tile = 1770
  slew_rate   = 10
  dwell_time  = 5
  output      = /home/daisy/GRB-Search-Pipeline/results/training/longlow_searching_5.36x4.5_tiling.csv

source = [78.2841, 135], n_src_events = 759, n_bkg_events = 945
Loaded 98 entries (unique=98, duplicates=0, missing=49054, out_of_bounds=0, non-finite=0)
Sum(prob) over finite entries = 0.999999
init sum: 0.999999
num pixels: 49152
tile num: 1798
total tile prob: 0.999999
tiles with prob > 0: 8
total tile prob after trim: 0.999999
num tiles after trim: 8
init_pos: 1751
*********running GCP*********
total time (wallclock): 0.0223259 seconds

$ /home/daisy/GRB-Search-Pipeline/search-planning/build/sp_train /home/daisy/GRB-Search-Pipeline/results/training/maps/longlow/adapt_p11-715852394892384_a135-0_146_map.h5 /home/daisy/GRB-Search-Pipeline/search-planning/tilings/tiling_files/5.36x4.5_tiling.csv 1770 10.0 10.0 5.0 0 /home/daisy/GRB-Search-Pipeline/results/training/longlow_searching_5.36x4.5_tiling.csv
Input Parameters:
  file        = /home/daisy/GRB-Search-Pipeline/results/training/maps/longlow/adapt_p11-715852394892384_a135-0_146_map.h5
  source_tile = 1770
  slew_rate   = 10
  dwell_time  = 5
  output      = /home/daisy/GRB-Search-Pipeline/results/training/longlow_searching_5.36x4.5_tiling.csv

source = [78.2841, 135], n_src_events = 279, n_bkg_events = 529
Loaded 318 entries (unique=318, duplicates=0, missing=48834, out_of_bounds=0, non-finite=0)
Sum(prob) over finite entries = 0.999999
init sum: 0.999999
num pixels: 49152
tile num: 1798
total tile prob: 0.999999
tiles with prob > 0: 22
total tile prob after trim: 0.999999
num tiles after trim: 22
init_pos: 1784
*********running GCP*********
total time (wallclock): 0.0225276 seconds

$ /home/daisy/GRB-Search-Pipeline/search-planning/build/sp_train /home/daisy/GRB-Search-Pipeline/results/training/maps/longlow/adapt_p11-715852394892384_a135-0_147_map.h5 /home/daisy/GRB-Search-Pipeline/search-planning/tilings/tiling_files/5.36x4.5_tiling.csv 1770 10.0 10.0 5.0 0 /home/daisy/GRB-Search-Pipeline/results/training/longlow_searching_5.36x4.5_tiling.csv
Input Parameters:
  file        = /home/daisy/GRB-Search-Pipeline/results/training/maps/longlow/adapt_p11-715852394892384_a135-0_147_map.h5
  source_tile = 1770
  slew_rate   = 10
  dwell_time  = 5
  output      = /home/daisy/GRB-Search-Pipeline/results/training/longlow_searching_5.36x4.5_tiling.csv

source = [78.2841, 135], n_src_events = 533, n_bkg_events = 377
Loaded 74 entries (unique=74, duplicates=0, missing=49078, out_of_bounds=0, non-finite=0)
Sum(prob) over finite entries = 0.999999
init sum: 0.999999
num pixels: 49152
tile num: 1798
total tile prob: 0.999999
tiles with prob > 0: 7
total tile prob after trim: 0.999999
num tiles after trim: 7
init_pos: 1770
*********running GCP*********
total time (wallclock): 0.0219399 seconds

$ /home/daisy/GRB-Search-Pipeline/search-planning/build/sp_train /home/daisy/GRB-Search-Pipeline/results/training/maps/longlow/adapt_p11-715852394892384_a135-0_148_map.h5 /home/daisy/GRB-Search-Pipeline/search-planning/tilings/tiling_files/5.36x4.5_tiling.csv 1770 10.0 10.0 5.0 0 /home/daisy/GRB-Search-Pipeline/results/training/longlow_searching_5.36x4.5_tiling.csv
Input Parameters:
  file        = /home/daisy/GRB-Search-Pipeline/results/training/maps/longlow/adapt_p11-715852394892384_a135-0_148_map.h5
  source_tile = 1770
  slew_rate   = 10
  dwell_time  = 5
  output      = /home/daisy/GRB-Search-Pipeline/results/training/longlow_searching_5.36x4.5_tiling.csv

source = [78.2841, 135], n_src_events = 170, n_bkg_events = 410
Loaded 443 entries (unique=443, duplicates=0, missing=48709, out_of_bounds=0, non-finite=0)
Sum(prob) over finite entries = 0.999998
init sum: 0.999998
num pixels: 49152
tile num: 1798
total tile prob: 0.999998
tiles with prob > 0: 26
total tile prob after trim: 0.999998
num tiles after trim: 26
init_pos: 1728
*********running GCP*********
total time (wallclock): 0.0275049 seconds

$ /home/daisy/GRB-Search-Pipeline/search-planning/build/sp_train /home/daisy/GRB-Search-Pipeline/results/training/maps/longlow/adapt_p11-715852394892384_a135-0_149_map.h5 /home/daisy/GRB-Search-Pipeline/search-planning/tilings/tiling_files/5.36x4.5_tiling.csv 1770 10.0 10.0 5.0 0 /home/daisy/GRB-Search-Pipeline/results/training/longlow_searching_5.36x4.5_tiling.csv
Input Parameters:
  file        = /home/daisy/GRB-Search-Pipeline/results/training/maps/longlow/adapt_p11-715852394892384_a135-0_149_map.h5
  source_tile = 1770
  slew_rate   = 10
  dwell_time  = 5
  output      = /home/daisy/GRB-Search-Pipeline/results/training/longlow_searching_5.36x4.5_tiling.csv

source = [78.2841, 135], n_src_events = 338, n_bkg_events = 657
Loaded 308 entries (unique=308, duplicates=0, missing=48844, out_of_bounds=0, non-finite=0)
Sum(prob) over finite entries = 0.999998
init sum: 0.999998
num pixels: 49152
tile num: 1798
total tile prob: 0.999998
tiles with prob > 0: 23
total tile prob after trim: 0.999998
num tiles after trim: 23
init_pos: 1727
*********running GCP*********
total time (wallclock): 0.0236671 seconds

$ /home/daisy/GRB-Search-Pipeline/search-planning/build/sp_train /home/daisy/GRB-Search-Pipeline/results/training/maps/longlow/adapt_p11-715852394892384_a135-0_14_map.h5 /home/daisy/GRB-Search-Pipeline/search-planning/tilings/tiling_files/5.36x4.5_tiling.csv 1770 10.0 10.0 5.0 0 /home/daisy/GRB-Search-Pipeline/results/training/longlow_searching_5.36x4.5_tiling.csv
Input Parameters:
  file        = /home/daisy/GRB-Search-Pipeline/results/training/maps/longlow/adapt_p11-715852394892384_a135-0_14_map.h5
  source_tile = 1770
  slew_rate   = 10
  dwell_time  = 5
  output      = /home/daisy/GRB-Search-Pipeline/results/training/longlow_searching_5.36x4.5_tiling.csv

source = [78.2841, 135], n_src_events = 850, n_bkg_events = 882
Loaded 55 entries (unique=55, duplicates=0, missing=49097, out_of_bounds=0, non-finite=0)
Sum(prob) over finite entries = 0.999999
init sum: 0.999999
num pixels: 49152
tile num: 1798
total tile prob: 0.999999
tiles with prob > 0: 6
total tile prob after trim: 0.999999
num tiles after trim: 6
init_pos: 1753
*********running GCP*********
total time (wallclock): 0.0233393 seconds

$ /home/daisy/GRB-Search-Pipeline/search-planning/build/sp_train /home/daisy/GRB-Search-Pipeline/results/training/maps/longlow/adapt_p11-715852394892384_a135-0_150_map.h5 /home/daisy/GRB-Search-Pipeline/search-planning/tilings/tiling_files/5.36x4.5_tiling.csv 1770 10.0 10.0 5.0 0 /home/daisy/GRB-Search-Pipeline/results/training/longlow_searching_5.36x4.5_tiling.csv
Input Parameters:
  file        = /home/daisy/GRB-Search-Pipeline/results/training/maps/longlow/adapt_p11-715852394892384_a135-0_150_map.h5
  source_tile = 1770
  slew_rate   = 10
  dwell_time  = 5
  output      = /home/daisy/GRB-Search-Pipeline/results/training/longlow_searching_5.36x4.5_tiling.csv

source = [78.2841, 135], n_src_events = 164, n_bkg_events = 763
Loaded 725 entries (unique=725, duplicates=0, missing=48427, out_of_bounds=0, non-finite=0)
Sum(prob) over finite entries = 0.999999
init sum: 0.999999
num pixels: 49152
tile num: 1798
total tile prob: 0.999999
tiles with prob > 0: 43
total tile prob after trim: 0.999999
num tiles after trim: 43
init_pos: 1773
*********running GCP*********
total time (wallclock): 0.0280292 seconds

$ /home/daisy/GRB-Search-Pipeline/search-planning/build/sp_train /home/daisy/GRB-Search-Pipeline/results/training/maps/longlow/adapt_p11-715852394892384_a135-0_151_map.h5 /home/daisy/GRB-Search-Pipeline/search-planning/tilings/tiling_files/5.36x4.5_tiling.csv 1770 10.0 10.0 5.0 0 /home/daisy/GRB-Search-Pipeline/results/training/longlow_searching_5.36x4.5_tiling.csv
Input Parameters:
  file        = /home/daisy/GRB-Search-Pipeline/results/training/maps/longlow/adapt_p11-715852394892384_a135-0_151_map.h5
  source_tile = 1770
  slew_rate   = 10
  dwell_time  = 5
  output      = /home/daisy/GRB-Search-Pipeline/results/training/longlow_searching_5.36x4.5_tiling.csv

source = [78.2841, 135], n_src_events = 297, n_bkg_events = 722
Loaded 277 entries (unique=277, duplicates=0, missing=48875, out_of_bounds=0, non-finite=0)
Sum(prob) over finite entries = 0.999999
init sum: 0.999999
num pixels: 49152
tile num: 1798
total tile prob: 0.999999
tiles with prob > 0: 21
total tile prob after trim: 0.999999
num tiles after trim: 21
init_pos: 1794
*********running GCP*********
total time (wallclock): 0.0237488 seconds

$ /home/daisy/GRB-Search-Pipeline/search-planning/build/sp_train /home/daisy/GRB-Search-Pipeline/results/training/maps/longlow/adapt_p11-715852394892384_a135-0_152_map.h5 /home/daisy/GRB-Search-Pipeline/search-planning/tilings/tiling_files/5.36x4.5_tiling.csv 1770 10.0 10.0 5.0 0 /home/daisy/GRB-Search-Pipeline/results/training/longlow_searching_5.36x4.5_tiling.csv
Input Parameters:
  file        = /home/daisy/GRB-Search-Pipeline/results/training/maps/longlow/adapt_p11-715852394892384_a135-0_152_map.h5
  source_tile = 1770
  slew_rate   = 10
  dwell_time  = 5
  output      = /home/daisy/GRB-Search-Pipeline/results/training/longlow_searching_5.36x4.5_tiling.csv

source = [78.2841, 135], n_src_events = 173, n_bkg_events = 272
Loaded 302 entries (unique=302, duplicates=0, missing=48850, out_of_bounds=0, non-finite=0)
Sum(prob) over finite entries = 0.999999
init sum: 0.999999
num pixels: 49152
tile num: 1798
total tile prob: 0.999999
tiles with prob > 0: 18
total tile prob after trim: 0.999999
num tiles after trim: 18
init_pos: 1753
*********running GCP*********
total time (wallclock): 0.0244347 seconds

$ /home/daisy/GRB-Search-Pipeline/search-planning/build/sp_train /home/daisy/GRB-Search-Pipeline/results/training/maps/longlow/adapt_p11-715852394892384_a135-0_153_map.h5 /home/daisy/GRB-Search-Pipeline/search-planning/tilings/tiling_files/5.36x4.5_tiling.csv 1770 10.0 10.0 5.0 0 /home/daisy/GRB-Search-Pipeline/results/training/longlow_searching_5.36x4.5_tiling.csv
Input Parameters:
  file        = /home/daisy/GRB-Search-Pipeline/results/training/maps/longlow/adapt_p11-715852394892384_a135-0_153_map.h5
  source_tile = 1770
  slew_rate   = 10
  dwell_time  = 5
  output      = /home/daisy/GRB-Search-Pipeline/results/training/longlow_searching_5.36x4.5_tiling.csv

source = [78.2841, 135], n_src_events = 762, n_bkg_events = 559
Loaded 50 entries (unique=50, duplicates=0, missing=49102, out_of_bounds=0, non-finite=0)
Sum(prob) over finite entries = 0.999999
init sum: 0.999999
num pixels: 49152
tile num: 1798
total tile prob: 0.999999
tiles with prob > 0: 5
total tile prob after trim: 0.999999
num tiles after trim: 5
init_pos: 1751
*********running GCP*********
total time (wallclock): 0.0229945 seconds

$ /home/daisy/GRB-Search-Pipeline/search-planning/build/sp_train /home/daisy/GRB-Search-Pipeline/results/training/maps/longlow/adapt_p11-715852394892384_a135-0_154_map.h5 /home/daisy/GRB-Search-Pipeline/search-planning/tilings/tiling_files/5.36x4.5_tiling.csv 1770 10.0 10.0 5.0 0 /home/daisy/GRB-Search-Pipeline/results/training/longlow_searching_5.36x4.5_tiling.csv
Input Parameters:
  file        = /home/daisy/GRB-Search-Pipeline/results/training/maps/longlow/adapt_p11-715852394892384_a135-0_154_map.h5
  source_tile = 1770
  slew_rate   = 10
  dwell_time  = 5
  output      = /home/daisy/GRB-Search-Pipeline/results/training/longlow_searching_5.36x4.5_tiling.csv

source = [78.2841, 135], n_src_events = 502, n_bkg_events = 235
Loaded 156 entries (unique=156, duplicates=0, missing=48996, out_of_bounds=0, non-finite=0)
Sum(prob) over finite entries = 0.999998
init sum: 0.999998
num pixels: 49152
tile num: 1798
total tile prob: 0.999998
tiles with prob > 0: 11
total tile prob after trim: 0.999998
num tiles after trim: 11
init_pos: 1770
*********running GCP*********
total time (wallclock): 0.0221814 seconds

$ /home/daisy/GRB-Search-Pipeline/search-planning/build/sp_train /home/daisy/GRB-Search-Pipeline/results/training/maps/longlow/adapt_p11-715852394892384_a135-0_155_map.h5 /home/daisy/GRB-Search-Pipeline/search-planning/tilings/tiling_files/5.36x4.5_tiling.csv 1770 10.0 10.0 5.0 0 /home/daisy/GRB-Search-Pipeline/results/training/longlow_searching_5.36x4.5_tiling.csv
Input Parameters:
  file        = /home/daisy/GRB-Search-Pipeline/results/training/maps/longlow/adapt_p11-715852394892384_a135-0_155_map.h5
  source_tile = 1770
  slew_rate   = 10
  dwell_time  = 5
  output      = /home/daisy/GRB-Search-Pipeline/results/training/longlow_searching_5.36x4.5_tiling.csv

source = [78.2841, 135], n_src_events = 112, n_bkg_events = 261
Loaded 560 entries (unique=560, duplicates=0, missing=48592, out_of_bounds=0, non-finite=0)
Sum(prob) over finite entries = 0.999998
init sum: 0.999998
num pixels: 49152
tile num: 1798
total tile prob: 0.999998
tiles with prob > 0: 36
total tile prob after trim: 0.999998
num tiles after trim: 36
init_pos: 1795
*********running GCP*********
total time (wallclock): 0.029717 seconds

$ /home/daisy/GRB-Search-Pipeline/search-planning/build/sp_train /home/daisy/GRB-Search-Pipeline/results/training/maps/longlow/adapt_p11-715852394892384_a135-0_156_map.h5 /home/daisy/GRB-Search-Pipeline/search-planning/tilings/tiling_files/5.36x4.5_tiling.csv 1770 10.0 10.0 5.0 0 /home/daisy/GRB-Search-Pipeline/results/training/longlow_searching_5.36x4.5_tiling.csv
Input Parameters:
  file        = /home/daisy/GRB-Search-Pipeline/results/training/maps/longlow/adapt_p11-715852394892384_a135-0_156_map.h5
  source_tile = 1770
  slew_rate   = 10
  dwell_time  = 5
  output      = /home/daisy/GRB-Search-Pipeline/results/training/longlow_searching_5.36x4.5_tiling.csv

source = [78.2841, 135], n_src_events = 671, n_bkg_events = 713
Loaded 55 entries (unique=55, duplicates=0, missing=49097, out_of_bounds=0, non-finite=0)
Sum(prob) over finite entries = 0.999999
init sum: 0.999999
num pixels: 49152
tile num: 1798
total tile prob: 0.999999
tiles with prob > 0: 7
total tile prob after trim: 0.999999
num tiles after trim: 7
init_pos: 1770
*********running GCP*********
total time (wallclock): 0.0221338 seconds

$ /home/daisy/GRB-Search-Pipeline/search-planning/build/sp_train /home/daisy/GRB-Search-Pipeline/results/training/maps/longlow/adapt_p11-715852394892384_a135-0_157_map.h5 /home/daisy/GRB-Search-Pipeline/search-planning/tilings/tiling_files/5.36x4.5_tiling.csv 1770 10.0 10.0 5.0 0 /home/daisy/GRB-Search-Pipeline/results/training/longlow_searching_5.36x4.5_tiling.csv
Input Parameters:
  file        = /home/daisy/GRB-Search-Pipeline/results/training/maps/longlow/adapt_p11-715852394892384_a135-0_157_map.h5
  source_tile = 1770
  slew_rate   = 10
  dwell_time  = 5
  output      = /home/daisy/GRB-Search-Pipeline/results/training/longlow_searching_5.36x4.5_tiling.csv

source = [78.2841, 135], n_src_events = 712, n_bkg_events = 571
Loaded 51 entries (unique=51, duplicates=0, missing=49101, out_of_bounds=0, non-finite=0)
Sum(prob) over finite entries = 0.999999
init sum: 0.999999
num pixels: 49152
tile num: 1798
total tile prob: 0.999999
tiles with prob > 0: 5
total tile prob after trim: 0.999999
num tiles after trim: 5
init_pos: 1771
*********running GCP*********
total time (wallclock): 0.0235564 seconds

$ /home/daisy/GRB-Search-Pipeline/search-planning/build/sp_train /home/daisy/GRB-Search-Pipeline/results/training/maps/longlow/adapt_p11-715852394892384_a135-0_158_map.h5 /home/daisy/GRB-Search-Pipeline/search-planning/tilings/tiling_files/5.36x4.5_tiling.csv 1770 10.0 10.0 5.0 0 /home/daisy/GRB-Search-Pipeline/results/training/longlow_searching_5.36x4.5_tiling.csv
Input Parameters:
  file        = /home/daisy/GRB-Search-Pipeline/results/training/maps/longlow/adapt_p11-715852394892384_a135-0_158_map.h5
  source_tile = 1770
  slew_rate   = 10
  dwell_time  = 5
  output      = /home/daisy/GRB-Search-Pipeline/results/training/longlow_searching_5.36x4.5_tiling.csv

source = [78.2841, 135], n_src_events = 413, n_bkg_events = 296
Loaded 135 entries (unique=135, duplicates=0, missing=49017, out_of_bounds=0, non-finite=0)
Sum(prob) over finite entries = 0.999998
init sum: 0.999998
num pixels: 49152
tile num: 1798
total tile prob: 0.999998
tiles with prob > 0: 11
total tile prob after trim: 0.999998
num tiles after trim: 11
init_pos: 1771
*********running GCP*********
total time (wallclock): 0.0234229 seconds

$ /home/daisy/GRB-Search-Pipeline/search-planning/build/sp_train /home/daisy/GRB-Search-Pipeline/results/training/maps/longlow/adapt_p11-715852394892384_a135-0_159_map.h5 /home/daisy/GRB-Search-Pipeline/search-planning/tilings/tiling_files/5.36x4.5_tiling.csv 1770 10.0 10.0 5.0 0 /home/daisy/GRB-Search-Pipeline/results/training/longlow_searching_5.36x4.5_tiling.csv
Input Parameters:
  file        = /home/daisy/GRB-Search-Pipeline/results/training/maps/longlow/adapt_p11-715852394892384_a135-0_159_map.h5
  source_tile = 1770
  slew_rate   = 10
  dwell_time  = 5
  output      = /home/daisy/GRB-Search-Pipeline/results/training/longlow_searching_5.36x4.5_tiling.csv

source = [78.2841, 135], n_src_events = 737, n_bkg_events = 846
Loaded 53 entries (unique=53, duplicates=0, missing=49099, out_of_bounds=0, non-finite=0)
Sum(prob) over finite entries = 0.999998
init sum: 0.999998
num pixels: 49152
tile num: 1798
total tile prob: 0.999998
tiles with prob > 0: 6
total tile prob after trim: 0.999998
num tiles after trim: 6
init_pos: 1771
*********running GCP*********
total time (wallclock): 0.0229383 seconds

$ /home/daisy/GRB-Search-Pipeline/search-planning/build/sp_train /home/daisy/GRB-Search-Pipeline/results/training/maps/longlow/adapt_p11-715852394892384_a135-0_15_map.h5 /home/daisy/GRB-Search-Pipeline/search-planning/tilings/tiling_files/5.36x4.5_tiling.csv 1770 10.0 10.0 5.0 0 /home/daisy/GRB-Search-Pipeline/results/training/longlow_searching_5.36x4.5_tiling.csv
Input Parameters:
  file        = /home/daisy/GRB-Search-Pipeline/results/training/maps/longlow/adapt_p11-715852394892384_a135-0_15_map.h5
  source_tile = 1770
  slew_rate   = 10
  dwell_time  = 5
  output      = /home/daisy/GRB-Search-Pipeline/results/training/longlow_searching_5.36x4.5_tiling.csv

source = [78.2841, 135], n_src_events = 619, n_bkg_events = 280
Loaded 54 entries (unique=54, duplicates=0, missing=49098, out_of_bounds=0, non-finite=0)
Sum(prob) over finite entries = 1
init sum: 1
num pixels: 49152
tile num: 1798
total tile prob: 1
tiles with prob > 0: 6
total tile prob after trim: 1
num tiles after trim: 6
init_pos: 1771
*********running GCP*********
total time (wallclock): 0.0223068 seconds

$ /home/daisy/GRB-Search-Pipeline/search-planning/build/sp_train /home/daisy/GRB-Search-Pipeline/results/training/maps/longlow/adapt_p11-715852394892384_a135-0_160_map.h5 /home/daisy/GRB-Search-Pipeline/search-planning/tilings/tiling_files/5.36x4.5_tiling.csv 1770 10.0 10.0 5.0 0 /home/daisy/GRB-Search-Pipeline/results/training/longlow_searching_5.36x4.5_tiling.csv
Input Parameters:
  file        = /home/daisy/GRB-Search-Pipeline/results/training/maps/longlow/adapt_p11-715852394892384_a135-0_160_map.h5
  source_tile = 1770
  slew_rate   = 10
  dwell_time  = 5
  output      = /home/daisy/GRB-Search-Pipeline/results/training/longlow_searching_5.36x4.5_tiling.csv

source = [78.2841, 135], n_src_events = 357, n_bkg_events = 249
Loaded 112 entries (unique=112, duplicates=0, missing=49040, out_of_bounds=0, non-finite=0)
Sum(prob) over finite entries = 0.999999
init sum: 0.999999
num pixels: 49152
tile num: 1798
total tile prob: 0.999999
tiles with prob > 0: 9
total tile prob after trim: 0.999999
num tiles after trim: 9
init_pos: 1751
*********running GCP*********
total time (wallclock): 0.0226031 seconds

$ /home/daisy/GRB-Search-Pipeline/search-planning/build/sp_train /home/daisy/GRB-Search-Pipeline/results/training/maps/longlow/adapt_p11-715852394892384_a135-0_161_map.h5 /home/daisy/GRB-Search-Pipeline/search-planning/tilings/tiling_files/5.36x4.5_tiling.csv 1770 10.0 10.0 5.0 0 /home/daisy/GRB-Search-Pipeline/results/training/longlow_searching_5.36x4.5_tiling.csv
Input Parameters:
  file        = /home/daisy/GRB-Search-Pipeline/results/training/maps/longlow/adapt_p11-715852394892384_a135-0_161_map.h5
  source_tile = 1770
  slew_rate   = 10
  dwell_time  = 5
  output      = /home/daisy/GRB-Search-Pipeline/results/training/longlow_searching_5.36x4.5_tiling.csv

source = [78.2841, 135], n_src_events = 485, n_bkg_events = 420
Loaded 106 entries (unique=106, duplicates=0, missing=49046, out_of_bounds=0, non-finite=0)
Sum(prob) over finite entries = 0.999998
init sum: 0.999998
num pixels: 49152
tile num: 1798
total tile prob: 0.999998
tiles with prob > 0: 10
total tile prob after trim: 0.999998
num tiles after trim: 10
init_pos: 1770
*********running GCP*********
total time (wallclock): 0.0221953 seconds

$ /home/daisy/GRB-Search-Pipeline/search-planning/build/sp_train /home/daisy/GRB-Search-Pipeline/results/training/maps/longlow/adapt_p11-715852394892384_a135-0_162_map.h5 /home/daisy/GRB-Search-Pipeline/search-planning/tilings/tiling_files/5.36x4.5_tiling.csv 1770 10.0 10.0 5.0 0 /home/daisy/GRB-Search-Pipeline/results/training/longlow_searching_5.36x4.5_tiling.csv
Input Parameters:
  file        = /home/daisy/GRB-Search-Pipeline/results/training/maps/longlow/adapt_p11-715852394892384_a135-0_162_map.h5
  source_tile = 1770
  slew_rate   = 10
  dwell_time  = 5
  output      = /home/daisy/GRB-Search-Pipeline/results/training/longlow_searching_5.36x4.5_tiling.csv

source = [78.2841, 135], n_src_events = 810, n_bkg_events = 671
Loaded 58 entries (unique=58, duplicates=0, missing=49094, out_of_bounds=0, non-finite=0)
Sum(prob) over finite entries = 0.999999
init sum: 0.999999
num pixels: 49152
tile num: 1798
total tile prob: 0.999999
tiles with prob > 0: 6
total tile prob after trim: 0.999999
num tiles after trim: 6
init_pos: 1770
*********running GCP*********
total time (wallclock): 0.0220123 seconds

$ /home/daisy/GRB-Search-Pipeline/search-planning/build/sp_train /home/daisy/GRB-Search-Pipeline/results/training/maps/longlow/adapt_p11-715852394892384_a135-0_163_map.h5 /home/daisy/GRB-Search-Pipeline/search-planning/tilings/tiling_files/5.36x4.5_tiling.csv 1770 10.0 10.0 5.0 0 /home/daisy/GRB-Search-Pipeline/results/training/longlow_searching_5.36x4.5_tiling.csv
Input Parameters:
  file        = /home/daisy/GRB-Search-Pipeline/results/training/maps/longlow/adapt_p11-715852394892384_a135-0_163_map.h5
  source_tile = 1770
  slew_rate   = 10
  dwell_time  = 5
  output      = /home/daisy/GRB-Search-Pipeline/results/training/longlow_searching_5.36x4.5_tiling.csv

source = [78.2841, 135], n_src_events = 447, n_bkg_events = 1179
Loaded 188 entries (unique=188, duplicates=0, missing=48964, out_of_bounds=0, non-finite=0)
Sum(prob) over finite entries = 0.999997
init sum: 0.999997
num pixels: 49152
tile num: 1798
total tile prob: 0.999997
tiles with prob > 0: 14
total tile prob after trim: 0.999997
num tiles after trim: 14
init_pos: 1753
*********running GCP*********
total time (wallclock): 0.0232877 seconds

$ /home/daisy/GRB-Search-Pipeline/search-planning/build/sp_train /home/daisy/GRB-Search-Pipeline/results/training/maps/longlow/adapt_p11-715852394892384_a135-0_164_map.h5 /home/daisy/GRB-Search-Pipeline/search-planning/tilings/tiling_files/5.36x4.5_tiling.csv 1770 10.0 10.0 5.0 0 /home/daisy/GRB-Search-Pipeline/results/training/longlow_searching_5.36x4.5_tiling.csv
Input Parameters:
  file        = /home/daisy/GRB-Search-Pipeline/results/training/maps/longlow/adapt_p11-715852394892384_a135-0_164_map.h5
  source_tile = 1770
  slew_rate   = 10
  dwell_time  = 5
  output      = /home/daisy/GRB-Search-Pipeline/results/training/longlow_searching_5.36x4.5_tiling.csv

source = [78.2841, 135], n_src_events = 847, n_bkg_events = 342
Loaded 42 entries (unique=42, duplicates=0, missing=49110, out_of_bounds=0, non-finite=0)
Sum(prob) over finite entries = 0.999999
init sum: 0.999999
num pixels: 49152
tile num: 1798
total tile prob: 0.999999
tiles with prob > 0: 4
total tile prob after trim: 0.999999
num tiles after trim: 4
init_pos: 1752
*********running GCP*********
total time (wallclock): 0.0229534 seconds

$ /home/daisy/GRB-Search-Pipeline/search-planning/build/sp_train /home/daisy/GRB-Search-Pipeline/results/training/maps/longlow/adapt_p11-715852394892384_a135-0_165_map.h5 /home/daisy/GRB-Search-Pipeline/search-planning/tilings/tiling_files/5.36x4.5_tiling.csv 1770 10.0 10.0 5.0 0 /home/daisy/GRB-Search-Pipeline/results/training/longlow_searching_5.36x4.5_tiling.csv
Input Parameters:
  file        = /home/daisy/GRB-Search-Pipeline/results/training/maps/longlow/adapt_p11-715852394892384_a135-0_165_map.h5
  source_tile = 1770
  slew_rate   = 10
  dwell_time  = 5
  output      = /home/daisy/GRB-Search-Pipeline/results/training/longlow_searching_5.36x4.5_tiling.csv

source = [78.2841, 135], n_src_events = 163, n_bkg_events = 576
Loaded 546 entries (unique=546, duplicates=0, missing=48606, out_of_bounds=0, non-finite=0)
Sum(prob) over finite entries = 0.999998
init sum: 0.999998
num pixels: 49152
tile num: 1798
total tile prob: 0.999998
tiles with prob > 0: 33
total tile prob after trim: 0.999998
num tiles after trim: 33
init_pos: 1786
*********running GCP*********
total time (wallclock): 0.0297489 seconds

$ /home/daisy/GRB-Search-Pipeline/search-planning/build/sp_train /home/daisy/GRB-Search-Pipeline/results/training/maps/longlow/adapt_p11-715852394892384_a135-0_166_map.h5 /home/daisy/GRB-Search-Pipeline/search-planning/tilings/tiling_files/5.36x4.5_tiling.csv 1770 10.0 10.0 5.0 0 /home/daisy/GRB-Search-Pipeline/results/training/longlow_searching_5.36x4.5_tiling.csv
Input Parameters:
  file        = /home/daisy/GRB-Search-Pipeline/results/training/maps/longlow/adapt_p11-715852394892384_a135-0_166_map.h5
  source_tile = 1770
  slew_rate   = 10
  dwell_time  = 5
  output      = /home/daisy/GRB-Search-Pipeline/results/training/longlow_searching_5.36x4.5_tiling.csv

source = [78.2841, 135], n_src_events = 539, n_bkg_events = 751
Loaded 83 entries (unique=83, duplicates=0, missing=49069, out_of_bounds=0, non-finite=0)
Sum(prob) over finite entries = 0.999999
init sum: 0.999999
num pixels: 49152
tile num: 1798
total tile prob: 0.999999
tiles with prob > 0: 8
total tile prob after trim: 0.999999
num tiles after trim: 8
init_pos: 1753
*********running GCP*********
total time (wallclock): 0.0237601 seconds

$ /home/daisy/GRB-Search-Pipeline/search-planning/build/sp_train /home/daisy/GRB-Search-Pipeline/results/training/maps/longlow/adapt_p11-715852394892384_a135-0_167_map.h5 /home/daisy/GRB-Search-Pipeline/search-planning/tilings/tiling_files/5.36x4.5_tiling.csv 1770 10.0 10.0 5.0 0 /home/daisy/GRB-Search-Pipeline/results/training/longlow_searching_5.36x4.5_tiling.csv
Input Parameters:
  file        = /home/daisy/GRB-Search-Pipeline/results/training/maps/longlow/adapt_p11-715852394892384_a135-0_167_map.h5
  source_tile = 1770
  slew_rate   = 10
  dwell_time  = 5
  output      = /home/daisy/GRB-Search-Pipeline/results/training/longlow_searching_5.36x4.5_tiling.csv

source = [78.2841, 135], n_src_events = 456, n_bkg_events = 304
Loaded 66 entries (unique=66, duplicates=0, missing=49086, out_of_bounds=0, non-finite=0)
Sum(prob) over finite entries = 0.999999
init sum: 0.999999
num pixels: 49152
tile num: 1798
total tile prob: 0.999999
tiles with prob > 0: 8
total tile prob after trim: 0.999999
num tiles after trim: 8
init_pos: 1770
*********running GCP*********
total time (wallclock): 0.0219368 seconds

$ /home/daisy/GRB-Search-Pipeline/search-planning/build/sp_train /home/daisy/GRB-Search-Pipeline/results/training/maps/longlow/adapt_p11-715852394892384_a135-0_168_map.h5 /home/daisy/GRB-Search-Pipeline/search-planning/tilings/tiling_files/5.36x4.5_tiling.csv 1770 10.0 10.0 5.0 0 /home/daisy/GRB-Search-Pipeline/results/training/longlow_searching_5.36x4.5_tiling.csv
Input Parameters:
  file        = /home/daisy/GRB-Search-Pipeline/results/training/maps/longlow/adapt_p11-715852394892384_a135-0_168_map.h5
  source_tile = 1770
  slew_rate   = 10
  dwell_time  = 5
  output      = /home/daisy/GRB-Search-Pipeline/results/training/longlow_searching_5.36x4.5_tiling.csv

source = [78.2841, 135], n_src_events = 380, n_bkg_events = 836
Loaded 176 entries (unique=176, duplicates=0, missing=48976, out_of_bounds=0, non-finite=0)
Sum(prob) over finite entries = 0.999998
init sum: 0.999998
num pixels: 49152
tile num: 1798
total tile prob: 0.999998
tiles with prob > 0: 12
total tile prob after trim: 0.999998
num tiles after trim: 12
init_pos: 1751
*********running GCP*********
total time (wallclock): 0.0240565 seconds

$ /home/daisy/GRB-Search-Pipeline/search-planning/build/sp_train /home/daisy/GRB-Search-Pipeline/results/training/maps/longlow/adapt_p11-715852394892384_a135-0_169_map.h5 /home/daisy/GRB-Search-Pipeline/search-planning/tilings/tiling_files/5.36x4.5_tiling.csv 1770 10.0 10.0 5.0 0 /home/daisy/GRB-Search-Pipeline/results/training/longlow_searching_5.36x4.5_tiling.csv
Input Parameters:
  file        = /home/daisy/GRB-Search-Pipeline/results/training/maps/longlow/adapt_p11-715852394892384_a135-0_169_map.h5
  source_tile = 1770
  slew_rate   = 10
  dwell_time  = 5
  output      = /home/daisy/GRB-Search-Pipeline/results/training/longlow_searching_5.36x4.5_tiling.csv

source = [78.2841, 135], n_src_events = 530, n_bkg_events = 672
Loaded 110 entries (unique=110, duplicates=0, missing=49042, out_of_bounds=0, non-finite=0)
Sum(prob) over finite entries = 0.999998
init sum: 0.999998
num pixels: 49152
tile num: 1798
total tile prob: 0.999998
tiles with prob > 0: 11
total tile prob after trim: 0.999998
num tiles after trim: 11
init_pos: 1752
*********running GCP*********
total time (wallclock): 0.0230212 seconds

$ /home/daisy/GRB-Search-Pipeline/search-planning/build/sp_train /home/daisy/GRB-Search-Pipeline/results/training/maps/longlow/adapt_p11-715852394892384_a135-0_16_map.h5 /home/daisy/GRB-Search-Pipeline/search-planning/tilings/tiling_files/5.36x4.5_tiling.csv 1770 10.0 10.0 5.0 0 /home/daisy/GRB-Search-Pipeline/results/training/longlow_searching_5.36x4.5_tiling.csv
Input Parameters:
  file        = /home/daisy/GRB-Search-Pipeline/results/training/maps/longlow/adapt_p11-715852394892384_a135-0_16_map.h5
  source_tile = 1770
  slew_rate   = 10
  dwell_time  = 5
  output      = /home/daisy/GRB-Search-Pipeline/results/training/longlow_searching_5.36x4.5_tiling.csv

source = [78.2841, 135], n_src_events = 321, n_bkg_events = 301
Loaded 214 entries (unique=214, duplicates=0, missing=48938, out_of_bounds=0, non-finite=0)
Sum(prob) over finite entries = 0.999999
init sum: 0.999999
num pixels: 49152
tile num: 1798
total tile prob: 0.999999
tiles with prob > 0: 16
total tile prob after trim: 0.999999
num tiles after trim: 16
init_pos: 1772
*********running GCP*********
total time (wallclock): 0.0239935 seconds

$ /home/daisy/GRB-Search-Pipeline/search-planning/build/sp_train /home/daisy/GRB-Search-Pipeline/results/training/maps/longlow/adapt_p11-715852394892384_a135-0_170_map.h5 /home/daisy/GRB-Search-Pipeline/search-planning/tilings/tiling_files/5.36x4.5_tiling.csv 1770 10.0 10.0 5.0 0 /home/daisy/GRB-Search-Pipeline/results/training/longlow_searching_5.36x4.5_tiling.csv
Input Parameters:
  file        = /home/daisy/GRB-Search-Pipeline/results/training/maps/longlow/adapt_p11-715852394892384_a135-0_170_map.h5
  source_tile = 1770
  slew_rate   = 10
  dwell_time  = 5
  output      = /home/daisy/GRB-Search-Pipeline/results/training/longlow_searching_5.36x4.5_tiling.csv

source = [78.2841, 135], n_src_events = 166, n_bkg_events = 725
Loaded 444 entries (unique=444, duplicates=0, missing=48708, out_of_bounds=0, non-finite=0)
Sum(prob) over finite entries = 0.999998
init sum: 0.999998
num pixels: 49152
tile num: 1798
total tile prob: 0.999998
tiles with prob > 0: 27
total tile prob after trim: 0.999998
num tiles after trim: 27
init_pos: 1751
*********running GCP*********
total time (wallclock): 0.0296515 seconds

$ /home/daisy/GRB-Search-Pipeline/search-planning/build/sp_train /home/daisy/GRB-Search-Pipeline/results/training/maps/longlow/adapt_p11-715852394892384_a135-0_171_map.h5 /home/daisy/GRB-Search-Pipeline/search-planning/tilings/tiling_files/5.36x4.5_tiling.csv 1770 10.0 10.0 5.0 0 /home/daisy/GRB-Search-Pipeline/results/training/longlow_searching_5.36x4.5_tiling.csv
Input Parameters:
  file        = /home/daisy/GRB-Search-Pipeline/results/training/maps/longlow/adapt_p11-715852394892384_a135-0_171_map.h5
  source_tile = 1770
  slew_rate   = 10
  dwell_time  = 5
  output      = /home/daisy/GRB-Search-Pipeline/results/training/longlow_searching_5.36x4.5_tiling.csv

source = [78.2841, 135], n_src_events = 96, n_bkg_events = 755
Loaded 1214 entries (unique=1214, duplicates=0, missing=47938, out_of_bounds=0, non-finite=0)
Sum(prob) over finite entries = 0.999996
init sum: 0.999996
num pixels: 49152
tile num: 1798
total tile prob: 0.999996
tiles with prob > 0: 69
total tile prob after trim: 0.999996
num tiles after trim: 69
init_pos: 1749
*********running GCP*********
total time (wallclock): 0.0239179 seconds

$ /home/daisy/GRB-Search-Pipeline/search-planning/build/sp_train /home/daisy/GRB-Search-Pipeline/results/training/maps/longlow/adapt_p11-715852394892384_a135-0_172_map.h5 /home/daisy/GRB-Search-Pipeline/search-planning/tilings/tiling_files/5.36x4.5_tiling.csv 1770 10.0 10.0 5.0 0 /home/daisy/GRB-Search-Pipeline/results/training/longlow_searching_5.36x4.5_tiling.csv
Input Parameters:
  file        = /home/daisy/GRB-Search-Pipeline/results/training/maps/longlow/adapt_p11-715852394892384_a135-0_172_map.h5
  source_tile = 1770
  slew_rate   = 10
  dwell_time  = 5
  output      = /home/daisy/GRB-Search-Pipeline/results/training/longlow_searching_5.36x4.5_tiling.csv

source = [78.2841, 135], n_src_events = 658, n_bkg_events = 1116
Loaded 65 entries (unique=65, duplicates=0, missing=49087, out_of_bounds=0, non-finite=0)
Sum(prob) over finite entries = 0.999999
init sum: 0.999999
num pixels: 49152
tile num: 1798
total tile prob: 0.999999
tiles with prob > 0: 7
total tile prob after trim: 0.999999
num tiles after trim: 7
init_pos: 1728
*********running GCP*********
total time (wallclock): 0.0238483 seconds

$ /home/daisy/GRB-Search-Pipeline/search-planning/build/sp_train /home/daisy/GRB-Search-Pipeline/results/training/maps/longlow/adapt_p11-715852394892384_a135-0_173_map.h5 /home/daisy/GRB-Search-Pipeline/search-planning/tilings/tiling_files/5.36x4.5_tiling.csv 1770 10.0 10.0 5.0 0 /home/daisy/GRB-Search-Pipeline/results/training/longlow_searching_5.36x4.5_tiling.csv
Input Parameters:
  file        = /home/daisy/GRB-Search-Pipeline/results/training/maps/longlow/adapt_p11-715852394892384_a135-0_173_map.h5
  source_tile = 1770
  slew_rate   = 10
  dwell_time  = 5
  output      = /home/daisy/GRB-Search-Pipeline/results/training/longlow_searching_5.36x4.5_tiling.csv

source = [78.2841, 135], n_src_events = 208, n_bkg_events = 831
Loaded 413 entries (unique=413, duplicates=0, missing=48739, out_of_bounds=0, non-finite=0)
Sum(prob) over finite entries = 0.999998
init sum: 0.999998
num pixels: 49152
tile num: 1798
total tile prob: 0.999998
tiles with prob > 0: 27
total tile prob after trim: 0.999998
num tiles after trim: 27
init_pos: 1754
*********running GCP*********
total time (wallclock): 0.0245481 seconds

$ /home/daisy/GRB-Search-Pipeline/search-planning/build/sp_train /home/daisy/GRB-Search-Pipeline/results/training/maps/longlow/adapt_p11-715852394892384_a135-0_174_map.h5 /home/daisy/GRB-Search-Pipeline/search-planning/tilings/tiling_files/5.36x4.5_tiling.csv 1770 10.0 10.0 5.0 0 /home/daisy/GRB-Search-Pipeline/results/training/longlow_searching_5.36x4.5_tiling.csv
Input Parameters:
  file        = /home/daisy/GRB-Search-Pipeline/results/training/maps/longlow/adapt_p11-715852394892384_a135-0_174_map.h5
  source_tile = 1770
  slew_rate   = 10
  dwell_time  = 5
  output      = /home/daisy/GRB-Search-Pipeline/results/training/longlow_searching_5.36x4.5_tiling.csv

source = [78.2841, 135], n_src_events = 735, n_bkg_events = 429
Loaded 64 entries (unique=64, duplicates=0, missing=49088, out_of_bounds=0, non-finite=0)
Sum(prob) over finite entries = 0.999998
init sum: 0.999998
num pixels: 49152
tile num: 1798
total tile prob: 0.999998
tiles with prob > 0: 7
total tile prob after trim: 0.999998
num tiles after trim: 7
init_pos: 1771
*********running GCP*********
total time (wallclock): 0.0223401 seconds

$ /home/daisy/GRB-Search-Pipeline/search-planning/build/sp_train /home/daisy/GRB-Search-Pipeline/results/training/maps/longlow/adapt_p11-715852394892384_a135-0_175_map.h5 /home/daisy/GRB-Search-Pipeline/search-planning/tilings/tiling_files/5.36x4.5_tiling.csv 1770 10.0 10.0 5.0 0 /home/daisy/GRB-Search-Pipeline/results/training/longlow_searching_5.36x4.5_tiling.csv
Input Parameters:
  file        = /home/daisy/GRB-Search-Pipeline/results/training/maps/longlow/adapt_p11-715852394892384_a135-0_175_map.h5
  source_tile = 1770
  slew_rate   = 10
  dwell_time  = 5
  output      = /home/daisy/GRB-Search-Pipeline/results/training/longlow_searching_5.36x4.5_tiling.csv

source = [78.2841, 135], n_src_events = 425, n_bkg_events = 508
Loaded 206 entries (unique=206, duplicates=0, missing=48946, out_of_bounds=0, non-finite=0)
Sum(prob) over finite entries = 0.999999
init sum: 0.999999
num pixels: 49152
tile num: 1798
total tile prob: 0.999999
tiles with prob > 0: 16
total tile prob after trim: 0.999999
num tiles after trim: 16
init_pos: 1784
*********running GCP*********
total time (wallclock): 0.0228854 seconds

$ /home/daisy/GRB-Search-Pipeline/search-planning/build/sp_train /home/daisy/GRB-Search-Pipeline/results/training/maps/longlow/adapt_p11-715852394892384_a135-0_176_map.h5 /home/daisy/GRB-Search-Pipeline/search-planning/tilings/tiling_files/5.36x4.5_tiling.csv 1770 10.0 10.0 5.0 0 /home/daisy/GRB-Search-Pipeline/results/training/longlow_searching_5.36x4.5_tiling.csv
Input Parameters:
  file        = /home/daisy/GRB-Search-Pipeline/results/training/maps/longlow/adapt_p11-715852394892384_a135-0_176_map.h5
  source_tile = 1770
  slew_rate   = 10
  dwell_time  = 5
  output      = /home/daisy/GRB-Search-Pipeline/results/training/longlow_searching_5.36x4.5_tiling.csv

source = [78.2841, 135], n_src_events = 769, n_bkg_events = 522
Loaded 54 entries (unique=54, duplicates=0, missing=49098, out_of_bounds=0, non-finite=0)
Sum(prob) over finite entries = 0.999999
init sum: 0.999999
num pixels: 49152
tile num: 1798
total tile prob: 0.999999
tiles with prob > 0: 5
total tile prob after trim: 0.999999
num tiles after trim: 5
init_pos: 1752
*********running GCP*********
total time (wallclock): 0.0222842 seconds

$ /home/daisy/GRB-Search-Pipeline/search-planning/build/sp_train /home/daisy/GRB-Search-Pipeline/results/training/maps/longlow/adapt_p11-715852394892384_a135-0_177_map.h5 /home/daisy/GRB-Search-Pipeline/search-planning/tilings/tiling_files/5.36x4.5_tiling.csv 1770 10.0 10.0 5.0 0 /home/daisy/GRB-Search-Pipeline/results/training/longlow_searching_5.36x4.5_tiling.csv
Input Parameters:
  file        = /home/daisy/GRB-Search-Pipeline/results/training/maps/longlow/adapt_p11-715852394892384_a135-0_177_map.h5
  source_tile = 1770
  slew_rate   = 10
  dwell_time  = 5
  output      = /home/daisy/GRB-Search-Pipeline/results/training/longlow_searching_5.36x4.5_tiling.csv

source = [78.2841, 135], n_src_events = 786, n_bkg_events = 685
Loaded 104 entries (unique=104, duplicates=0, missing=49048, out_of_bounds=0, non-finite=0)
Sum(prob) over finite entries = 0.999999
init sum: 0.999999
num pixels: 49152
tile num: 1798
total tile prob: 0.999999
tiles with prob > 0: 9
total tile prob after trim: 0.999999
num tiles after trim: 9
init_pos: 1753
*********running GCP*********
total time (wallclock): 0.0244339 seconds

$ /home/daisy/GRB-Search-Pipeline/search-planning/build/sp_train /home/daisy/GRB-Search-Pipeline/results/training/maps/longlow/adapt_p11-715852394892384_a135-0_178_map.h5 /home/daisy/GRB-Search-Pipeline/search-planning/tilings/tiling_files/5.36x4.5_tiling.csv 1770 10.0 10.0 5.0 0 /home/daisy/GRB-Search-Pipeline/results/training/longlow_searching_5.36x4.5_tiling.csv
Input Parameters:
  file        = /home/daisy/GRB-Search-Pipeline/results/training/maps/longlow/adapt_p11-715852394892384_a135-0_178_map.h5
  source_tile = 1770
  slew_rate   = 10
  dwell_time  = 5
  output      = /home/daisy/GRB-Search-Pipeline/results/training/longlow_searching_5.36x4.5_tiling.csv

source = [78.2841, 135], n_src_events = 92, n_bkg_events = 886
Loaded 1226 entries (unique=1226, duplicates=0, missing=47926, out_of_bounds=0, non-finite=0)
Sum(prob) over finite entries = 0.999995
init sum: 0.999995
num pixels: 49152
tile num: 1798
total tile prob: 0.999995
tiles with prob > 0: 74
total tile prob after trim: 0.999995
num tiles after trim: 74
init_pos: 1749
*********running GCP*********
total time (wallclock): 0.0432942 seconds

$ /home/daisy/GRB-Search-Pipeline/search-planning/build/sp_train /home/daisy/GRB-Search-Pipeline/results/training/maps/longlow/adapt_p11-715852394892384_a135-0_179_map.h5 /home/daisy/GRB-Search-Pipeline/search-planning/tilings/tiling_files/5.36x4.5_tiling.csv 1770 10.0 10.0 5.0 0 /home/daisy/GRB-Search-Pipeline/results/training/longlow_searching_5.36x4.5_tiling.csv
Input Parameters:
  file        = /home/daisy/GRB-Search-Pipeline/results/training/maps/longlow/adapt_p11-715852394892384_a135-0_179_map.h5
  source_tile = 1770
  slew_rate   = 10
  dwell_time  = 5
  output      = /home/daisy/GRB-Search-Pipeline/results/training/longlow_searching_5.36x4.5_tiling.csv

source = [78.2841, 135], n_src_events = 142, n_bkg_events = 586
Loaded 1802 entries (unique=1802, duplicates=0, missing=47350, out_of_bounds=0, non-finite=0)
Sum(prob) over finite entries = 0.999993
init sum: 0.999993
num pixels: 49152
tile num: 1798
total tile prob: 0.999993
tiles with prob > 0: 103
total tile prob after trim: 0.999993
num tiles after trim: 103
init_pos: 1702
*********running GCP*********
total time (wallclock): 0.0265508 seconds

$ /home/daisy/GRB-Search-Pipeline/search-planning/build/sp_train /home/daisy/GRB-Search-Pipeline/results/training/maps/longlow/adapt_p11-715852394892384_a135-0_17_map.h5 /home/daisy/GRB-Search-Pipeline/search-planning/tilings/tiling_files/5.36x4.5_tiling.csv 1770 10.0 10.0 5.0 0 /home/daisy/GRB-Search-Pipeline/results/training/longlow_searching_5.36x4.5_tiling.csv
Input Parameters:
  file        = /home/daisy/GRB-Search-Pipeline/results/training/maps/longlow/adapt_p11-715852394892384_a135-0_17_map.h5
  source_tile = 1770
  slew_rate   = 10
  dwell_time  = 5
  output      = /home/daisy/GRB-Search-Pipeline/results/training/longlow_searching_5.36x4.5_tiling.csv

source = [78.2841, 135], n_src_events = 88, n_bkg_events = 478
Loaded 1262 entries (unique=1262, duplicates=0, missing=47890, out_of_bounds=0, non-finite=0)
Sum(prob) over finite entries = 0.999995
init sum: 0.999995
num pixels: 49152
tile num: 1798
total tile prob: 0.999995
tiles with prob > 0: 63
total tile prob after trim: 0.999995
num tiles after trim: 63
init_pos: 1559
*********running GCP*********
total time (wallclock): 0.0412895 seconds

$ /home/daisy/GRB-Search-Pipeline/search-planning/build/sp_train /home/daisy/GRB-Search-Pipeline/results/training/maps/longlow/adapt_p11-715852394892384_a135-0_180_map.h5 /home/daisy/GRB-Search-Pipeline/search-planning/tilings/tiling_files/5.36x4.5_tiling.csv 1770 10.0 10.0 5.0 0 /home/daisy/GRB-Search-Pipeline/results/training/longlow_searching_5.36x4.5_tiling.csv
Input Parameters:
  file        = /home/daisy/GRB-Search-Pipeline/results/training/maps/longlow/adapt_p11-715852394892384_a135-0_180_map.h5
  source_tile = 1770
  slew_rate   = 10
  dwell_time  = 5
  output      = /home/daisy/GRB-Search-Pipeline/results/training/longlow_searching_5.36x4.5_tiling.csv

source = [78.2841, 135], n_src_events = 111, n_bkg_events = 383
Loaded 536 entries (unique=536, duplicates=0, missing=48616, out_of_bounds=0, non-finite=0)
Sum(prob) over finite entries = 0.999998
init sum: 0.999998
num pixels: 49152
tile num: 1798
total tile prob: 0.999998
tiles with prob > 0: 34
total tile prob after trim: 0.999998
num tiles after trim: 34
init_pos: 1786
*********running GCP*********
total time (wallclock): 0.0226597 seconds

$ /home/daisy/GRB-Search-Pipeline/search-planning/build/sp_train /home/daisy/GRB-Search-Pipeline/results/training/maps/longlow/adapt_p11-715852394892384_a135-0_181_map.h5 /home/daisy/GRB-Search-Pipeline/search-planning/tilings/tiling_files/5.36x4.5_tiling.csv 1770 10.0 10.0 5.0 0 /home/daisy/GRB-Search-Pipeline/results/training/longlow_searching_5.36x4.5_tiling.csv
Input Parameters:
  file        = /home/daisy/GRB-Search-Pipeline/results/training/maps/longlow/adapt_p11-715852394892384_a135-0_181_map.h5
  source_tile = 1770
  slew_rate   = 10
  dwell_time  = 5
  output      = /home/daisy/GRB-Search-Pipeline/results/training/longlow_searching_5.36x4.5_tiling.csv

source = [78.2841, 135], n_src_events = 781, n_bkg_events = 1179
Loaded 71 entries (unique=71, duplicates=0, missing=49081, out_of_bounds=0, non-finite=0)
Sum(prob) over finite entries = 0.999999
init sum: 0.999999
num pixels: 49152
tile num: 1798
total tile prob: 0.999999
tiles with prob > 0: 6
total tile prob after trim: 0.999999
num tiles after trim: 6
init_pos: 1752
*********running GCP*********
total time (wallclock): 0.0227262 seconds

$ /home/daisy/GRB-Search-Pipeline/search-planning/build/sp_train /home/daisy/GRB-Search-Pipeline/results/training/maps/longlow/adapt_p11-715852394892384_a135-0_182_map.h5 /home/daisy/GRB-Search-Pipeline/search-planning/tilings/tiling_files/5.36x4.5_tiling.csv 1770 10.0 10.0 5.0 0 /home/daisy/GRB-Search-Pipeline/results/training/longlow_searching_5.36x4.5_tiling.csv
Input Parameters:
  file        = /home/daisy/GRB-Search-Pipeline/results/training/maps/longlow/adapt_p11-715852394892384_a135-0_182_map.h5
  source_tile = 1770
  slew_rate   = 10
  dwell_time  = 5
  output      = /home/daisy/GRB-Search-Pipeline/results/training/longlow_searching_5.36x4.5_tiling.csv

source = [78.2841, 135], n_src_events = 421, n_bkg_events = 318
Loaded 135 entries (unique=135, duplicates=0, missing=49017, out_of_bounds=0, non-finite=0)
Sum(prob) over finite entries = 0.999998
init sum: 0.999998
num pixels: 49152
tile num: 1798
total tile prob: 0.999998
tiles with prob > 0: 11
total tile prob after trim: 0.999998
num tiles after trim: 11
init_pos: 1751
*********running GCP*********
total time (wallclock): 0.0224445 seconds

$ /home/daisy/GRB-Search-Pipeline/search-planning/build/sp_train /home/daisy/GRB-Search-Pipeline/results/training/maps/longlow/adapt_p11-715852394892384_a135-0_183_map.h5 /home/daisy/GRB-Search-Pipeline/search-planning/tilings/tiling_files/5.36x4.5_tiling.csv 1770 10.0 10.0 5.0 0 /home/daisy/GRB-Search-Pipeline/results/training/longlow_searching_5.36x4.5_tiling.csv
Input Parameters:
  file        = /home/daisy/GRB-Search-Pipeline/results/training/maps/longlow/adapt_p11-715852394892384_a135-0_183_map.h5
  source_tile = 1770
  slew_rate   = 10
  dwell_time  = 5
  output      = /home/daisy/GRB-Search-Pipeline/results/training/longlow_searching_5.36x4.5_tiling.csv

source = [78.2841, 135], n_src_events = 232, n_bkg_events = 602
Loaded 316 entries (unique=316, duplicates=0, missing=48836, out_of_bounds=0, non-finite=0)
Sum(prob) over finite entries = 0.999999
init sum: 0.999999
num pixels: 49152
tile num: 1798
total tile prob: 0.999999
tiles with prob > 0: 20
total tile prob after trim: 0.999999
num tiles after trim: 20
init_pos: 1750
*********running GCP*********
total time (wallclock): 0.0247913 seconds

$ /home/daisy/GRB-Search-Pipeline/search-planning/build/sp_train /home/daisy/GRB-Search-Pipeline/results/training/maps/longlow/adapt_p11-715852394892384_a135-0_184_map.h5 /home/daisy/GRB-Search-Pipeline/search-planning/tilings/tiling_files/5.36x4.5_tiling.csv 1770 10.0 10.0 5.0 0 /home/daisy/GRB-Search-Pipeline/results/training/longlow_searching_5.36x4.5_tiling.csv
Input Parameters:
  file        = /home/daisy/GRB-Search-Pipeline/results/training/maps/longlow/adapt_p11-715852394892384_a135-0_184_map.h5
  source_tile = 1770
  slew_rate   = 10
  dwell_time  = 5
  output      = /home/daisy/GRB-Search-Pipeline/results/training/longlow_searching_5.36x4.5_tiling.csv

source = [78.2841, 135], n_src_events = 474, n_bkg_events = 329
Loaded 86 entries (unique=86, duplicates=0, missing=49066, out_of_bounds=0, non-finite=0)
Sum(prob) over finite entries = 0.999999
init sum: 0.999999
num pixels: 49152
tile num: 1798
total tile prob: 0.999999
tiles with prob > 0: 8
total tile prob after trim: 0.999999
num tiles after trim: 8
init_pos: 1786
*********running GCP*********
total time (wallclock): 0.0237507 seconds

$ /home/daisy/GRB-Search-Pipeline/search-planning/build/sp_train /home/daisy/GRB-Search-Pipeline/results/training/maps/longlow/adapt_p11-715852394892384_a135-0_185_map.h5 /home/daisy/GRB-Search-Pipeline/search-planning/tilings/tiling_files/5.36x4.5_tiling.csv 1770 10.0 10.0 5.0 0 /home/daisy/GRB-Search-Pipeline/results/training/longlow_searching_5.36x4.5_tiling.csv
Input Parameters:
  file        = /home/daisy/GRB-Search-Pipeline/results/training/maps/longlow/adapt_p11-715852394892384_a135-0_185_map.h5
  source_tile = 1770
  slew_rate   = 10
  dwell_time  = 5
  output      = /home/daisy/GRB-Search-Pipeline/results/training/longlow_searching_5.36x4.5_tiling.csv

source = [78.2841, 135], n_src_events = 259, n_bkg_events = 677
Loaded 269 entries (unique=269, duplicates=0, missing=48883, out_of_bounds=0, non-finite=0)
Sum(prob) over finite entries = 0.999999
init sum: 0.999999
num pixels: 49152
tile num: 1798
total tile prob: 0.999999
tiles with prob > 0: 18
total tile prob after trim: 0.999999
num tiles after trim: 18
init_pos: 1771
*********running GCP*********
total time (wallclock): 0.0228307 seconds

$ /home/daisy/GRB-Search-Pipeline/search-planning/build/sp_train /home/daisy/GRB-Search-Pipeline/results/training/maps/longlow/adapt_p11-715852394892384_a135-0_186_map.h5 /home/daisy/GRB-Search-Pipeline/search-planning/tilings/tiling_files/5.36x4.5_tiling.csv 1770 10.0 10.0 5.0 0 /home/daisy/GRB-Search-Pipeline/results/training/longlow_searching_5.36x4.5_tiling.csv
Input Parameters:
  file        = /home/daisy/GRB-Search-Pipeline/results/training/maps/longlow/adapt_p11-715852394892384_a135-0_186_map.h5
  source_tile = 1770
  slew_rate   = 10
  dwell_time  = 5
  output      = /home/daisy/GRB-Search-Pipeline/results/training/longlow_searching_5.36x4.5_tiling.csv

source = [78.2841, 135], n_src_events = 658, n_bkg_events = 451
Loaded 68 entries (unique=68, duplicates=0, missing=49084, out_of_bounds=0, non-finite=0)
Sum(prob) over finite entries = 0.999999
init sum: 0.999999
num pixels: 49152
tile num: 1798
total tile prob: 0.999999
tiles with prob > 0: 7
total tile prob after trim: 0.999999
num tiles after trim: 7
init_pos: 1785
*********running GCP*********
total time (wallclock): 0.0225726 seconds

$ /home/daisy/GRB-Search-Pipeline/search-planning/build/sp_train /home/daisy/GRB-Search-Pipeline/results/training/maps/longlow/adapt_p11-715852394892384_a135-0_187_map.h5 /home/daisy/GRB-Search-Pipeline/search-planning/tilings/tiling_files/5.36x4.5_tiling.csv 1770 10.0 10.0 5.0 0 /home/daisy/GRB-Search-Pipeline/results/training/longlow_searching_5.36x4.5_tiling.csv
Input Parameters:
  file        = /home/daisy/GRB-Search-Pipeline/results/training/maps/longlow/adapt_p11-715852394892384_a135-0_187_map.h5
  source_tile = 1770
  slew_rate   = 10
  dwell_time  = 5
  output      = /home/daisy/GRB-Search-Pipeline/results/training/longlow_searching_5.36x4.5_tiling.csv

source = [78.2841, 135], n_src_events = 535, n_bkg_events = 991
Loaded 114 entries (unique=114, duplicates=0, missing=49038, out_of_bounds=0, non-finite=0)
Sum(prob) over finite entries = 0.999999
init sum: 0.999999
num pixels: 49152
tile num: 1798
total tile prob: 0.999999
tiles with prob > 0: 8
total tile prob after trim: 0.999999
num tiles after trim: 8
init_pos: 1752
*********running GCP*********
total time (wallclock): 0.0235658 seconds

$ /home/daisy/GRB-Search-Pipeline/search-planning/build/sp_train /home/daisy/GRB-Search-Pipeline/results/training/maps/longlow/adapt_p11-715852394892384_a135-0_188_map.h5 /home/daisy/GRB-Search-Pipeline/search-planning/tilings/tiling_files/5.36x4.5_tiling.csv 1770 10.0 10.0 5.0 0 /home/daisy/GRB-Search-Pipeline/results/training/longlow_searching_5.36x4.5_tiling.csv
Input Parameters:
  file        = /home/daisy/GRB-Search-Pipeline/results/training/maps/longlow/adapt_p11-715852394892384_a135-0_188_map.h5
  source_tile = 1770
  slew_rate   = 10
  dwell_time  = 5
  output      = /home/daisy/GRB-Search-Pipeline/results/training/longlow_searching_5.36x4.5_tiling.csv

source = [78.2841, 135], n_src_events = 351, n_bkg_events = 881
Loaded 185 entries (unique=185, duplicates=0, missing=48967, out_of_bounds=0, non-finite=0)
Sum(prob) over finite entries = 0.999999
init sum: 0.999999
num pixels: 49152
tile num: 1798
total tile prob: 0.999999
tiles with prob > 0: 12
total tile prob after trim: 0.999999
num tiles after trim: 12
init_pos: 1726
*********running GCP*********
total time (wallclock): 0.0231983 seconds

$ /home/daisy/GRB-Search-Pipeline/search-planning/build/sp_train /home/daisy/GRB-Search-Pipeline/results/training/maps/longlow/adapt_p11-715852394892384_a135-0_189_map.h5 /home/daisy/GRB-Search-Pipeline/search-planning/tilings/tiling_files/5.36x4.5_tiling.csv 1770 10.0 10.0 5.0 0 /home/daisy/GRB-Search-Pipeline/results/training/longlow_searching_5.36x4.5_tiling.csv
Input Parameters:
  file        = /home/daisy/GRB-Search-Pipeline/results/training/maps/longlow/adapt_p11-715852394892384_a135-0_189_map.h5
  source_tile = 1770
  slew_rate   = 10
  dwell_time  = 5
  output      = /home/daisy/GRB-Search-Pipeline/results/training/longlow_searching_5.36x4.5_tiling.csv

source = [78.2841, 135], n_src_events = 287, n_bkg_events = 740
Loaded 254 entries (unique=254, duplicates=0, missing=48898, out_of_bounds=0, non-finite=0)
Sum(prob) over finite entries = 0.999998
init sum: 0.999998
num pixels: 49152
tile num: 1798
total tile prob: 0.999998
tiles with prob > 0: 18
total tile prob after trim: 0.999998
num tiles after trim: 18
init_pos: 1751
*********running GCP*********
total time (wallclock): 0.0252929 seconds

$ /home/daisy/GRB-Search-Pipeline/search-planning/build/sp_train /home/daisy/GRB-Search-Pipeline/results/training/maps/longlow/adapt_p11-715852394892384_a135-0_18_map.h5 /home/daisy/GRB-Search-Pipeline/search-planning/tilings/tiling_files/5.36x4.5_tiling.csv 1770 10.0 10.0 5.0 0 /home/daisy/GRB-Search-Pipeline/results/training/longlow_searching_5.36x4.5_tiling.csv
Input Parameters:
  file        = /home/daisy/GRB-Search-Pipeline/results/training/maps/longlow/adapt_p11-715852394892384_a135-0_18_map.h5
  source_tile = 1770
  slew_rate   = 10
  dwell_time  = 5
  output      = /home/daisy/GRB-Search-Pipeline/results/training/longlow_searching_5.36x4.5_tiling.csv

source = [78.2841, 135], n_src_events = 844, n_bkg_events = 691
Loaded 55 entries (unique=55, duplicates=0, missing=49097, out_of_bounds=0, non-finite=0)
Sum(prob) over finite entries = 0.999999
init sum: 0.999999
num pixels: 49152
tile num: 1798
total tile prob: 0.999999
tiles with prob > 0: 6
total tile prob after trim: 0.999999
num tiles after trim: 6
init_pos: 1771
*********running GCP*********
total time (wallclock): 0.022637 seconds

$ /home/daisy/GRB-Search-Pipeline/search-planning/build/sp_train /home/daisy/GRB-Search-Pipeline/results/training/maps/longlow/adapt_p11-715852394892384_a135-0_190_map.h5 /home/daisy/GRB-Search-Pipeline/search-planning/tilings/tiling_files/5.36x4.5_tiling.csv 1770 10.0 10.0 5.0 0 /home/daisy/GRB-Search-Pipeline/results/training/longlow_searching_5.36x4.5_tiling.csv
Input Parameters:
  file        = /home/daisy/GRB-Search-Pipeline/results/training/maps/longlow/adapt_p11-715852394892384_a135-0_190_map.h5
  source_tile = 1770
  slew_rate   = 10
  dwell_time  = 5
  output      = /home/daisy/GRB-Search-Pipeline/results/training/longlow_searching_5.36x4.5_tiling.csv

source = [78.2841, 135], n_src_events = 497, n_bkg_events = 707
Loaded 116 entries (unique=116, duplicates=0, missing=49036, out_of_bounds=0, non-finite=0)
Sum(prob) over finite entries = 0.999999
init sum: 0.999999
num pixels: 49152
tile num: 1798
total tile prob: 0.999999
tiles with prob > 0: 9
total tile prob after trim: 0.999999
num tiles after trim: 9
init_pos: 1771
*********running GCP*********
total time (wallclock): 0.0239407 seconds

$ /home/daisy/GRB-Search-Pipeline/search-planning/build/sp_train /home/daisy/GRB-Search-Pipeline/results/training/maps/longlow/adapt_p11-715852394892384_a135-0_191_map.h5 /home/daisy/GRB-Search-Pipeline/search-planning/tilings/tiling_files/5.36x4.5_tiling.csv 1770 10.0 10.0 5.0 0 /home/daisy/GRB-Search-Pipeline/results/training/longlow_searching_5.36x4.5_tiling.csv
Input Parameters:
  file        = /home/daisy/GRB-Search-Pipeline/results/training/maps/longlow/adapt_p11-715852394892384_a135-0_191_map.h5
  source_tile = 1770
  slew_rate   = 10
  dwell_time  = 5
  output      = /home/daisy/GRB-Search-Pipeline/results/training/longlow_searching_5.36x4.5_tiling.csv

source = [78.2841, 135], n_src_events = 499, n_bkg_events = 964
Loaded 212 entries (unique=212, duplicates=0, missing=48940, out_of_bounds=0, non-finite=0)
Sum(prob) over finite entries = 0.999998
init sum: 0.999998
num pixels: 49152
tile num: 1798
total tile prob: 0.999998
tiles with prob > 0: 17
total tile prob after trim: 0.999998
num tiles after trim: 17
init_pos: 1769
*********running GCP*********
total time (wallclock): 0.0237041 seconds

$ /home/daisy/GRB-Search-Pipeline/search-planning/build/sp_train /home/daisy/GRB-Search-Pipeline/results/training/maps/longlow/adapt_p11-715852394892384_a135-0_192_map.h5 /home/daisy/GRB-Search-Pipeline/search-planning/tilings/tiling_files/5.36x4.5_tiling.csv 1770 10.0 10.0 5.0 0 /home/daisy/GRB-Search-Pipeline/results/training/longlow_searching_5.36x4.5_tiling.csv
Input Parameters:
  file        = /home/daisy/GRB-Search-Pipeline/results/training/maps/longlow/adapt_p11-715852394892384_a135-0_192_map.h5
  source_tile = 1770
  slew_rate   = 10
  dwell_time  = 5
  output      = /home/daisy/GRB-Search-Pipeline/results/training/longlow_searching_5.36x4.5_tiling.csv

source = [78.2841, 135], n_src_events = 375, n_bkg_events = 812
Loaded 208 entries (unique=208, duplicates=0, missing=48944, out_of_bounds=0, non-finite=0)
Sum(prob) over finite entries = 0.999999
init sum: 0.999999
num pixels: 49152
tile num: 1798
total tile prob: 0.999999
tiles with prob > 0: 14
total tile prob after trim: 0.999999
num tiles after trim: 14
init_pos: 1770
*********running GCP*********
total time (wallclock): 0.0230356 seconds

$ /home/daisy/GRB-Search-Pipeline/search-planning/build/sp_train /home/daisy/GRB-Search-Pipeline/results/training/maps/longlow/adapt_p11-715852394892384_a135-0_193_map.h5 /home/daisy/GRB-Search-Pipeline/search-planning/tilings/tiling_files/5.36x4.5_tiling.csv 1770 10.0 10.0 5.0 0 /home/daisy/GRB-Search-Pipeline/results/training/longlow_searching_5.36x4.5_tiling.csv
Input Parameters:
  file        = /home/daisy/GRB-Search-Pipeline/results/training/maps/longlow/adapt_p11-715852394892384_a135-0_193_map.h5
  source_tile = 1770
  slew_rate   = 10
  dwell_time  = 5
  output      = /home/daisy/GRB-Search-Pipeline/results/training/longlow_searching_5.36x4.5_tiling.csv

source = [78.2841, 135], n_src_events = 711, n_bkg_events = 379
Loaded 55 entries (unique=55, duplicates=0, missing=49097, out_of_bounds=0, non-finite=0)
Sum(prob) over finite entries = 0.999999
init sum: 0.999999
num pixels: 49152
tile num: 1798
total tile prob: 0.999999
tiles with prob > 0: 5
total tile prob after trim: 0.999999
num tiles after trim: 5
init_pos: 1771
*********running GCP*********
total time (wallclock): 0.0233661 seconds

$ /home/daisy/GRB-Search-Pipeline/search-planning/build/sp_train /home/daisy/GRB-Search-Pipeline/results/training/maps/longlow/adapt_p11-715852394892384_a135-0_194_map.h5 /home/daisy/GRB-Search-Pipeline/search-planning/tilings/tiling_files/5.36x4.5_tiling.csv 1770 10.0 10.0 5.0 0 /home/daisy/GRB-Search-Pipeline/results/training/longlow_searching_5.36x4.5_tiling.csv
Input Parameters:
  file        = /home/daisy/GRB-Search-Pipeline/results/training/maps/longlow/adapt_p11-715852394892384_a135-0_194_map.h5
  source_tile = 1770
  slew_rate   = 10
  dwell_time  = 5
  output      = /home/daisy/GRB-Search-Pipeline/results/training/longlow_searching_5.36x4.5_tiling.csv

source = [78.2841, 135], n_src_events = 320, n_bkg_events = 445
Loaded 133 entries (unique=133, duplicates=0, missing=49019, out_of_bounds=0, non-finite=0)
Sum(prob) over finite entries = 0.999999
init sum: 0.999999
num pixels: 49152
tile num: 1798
total tile prob: 0.999999
tiles with prob > 0: 11
total tile prob after trim: 0.999999
num tiles after trim: 11
init_pos: 1786
*********running GCP*********
total time (wallclock): 0.0236501 seconds

$ /home/daisy/GRB-Search-Pipeline/search-planning/build/sp_train /home/daisy/GRB-Search-Pipeline/results/training/maps/longlow/adapt_p11-715852394892384_a135-0_195_map.h5 /home/daisy/GRB-Search-Pipeline/search-planning/tilings/tiling_files/5.36x4.5_tiling.csv 1770 10.0 10.0 5.0 0 /home/daisy/GRB-Search-Pipeline/results/training/longlow_searching_5.36x4.5_tiling.csv
Input Parameters:
  file        = /home/daisy/GRB-Search-Pipeline/results/training/maps/longlow/adapt_p11-715852394892384_a135-0_195_map.h5
  source_tile = 1770
  slew_rate   = 10
  dwell_time  = 5
  output      = /home/daisy/GRB-Search-Pipeline/results/training/longlow_searching_5.36x4.5_tiling.csv

source = [78.2841, 135], n_src_events = 505, n_bkg_events = 223
Loaded 101 entries (unique=101, duplicates=0, missing=49051, out_of_bounds=0, non-finite=0)
Sum(prob) over finite entries = 0.999998
init sum: 0.999998
num pixels: 49152
tile num: 1798
total tile prob: 0.999998
tiles with prob > 0: 10
total tile prob after trim: 0.999998
num tiles after trim: 10
init_pos: 1771
*********running GCP*********
total time (wallclock): 0.0234768 seconds

$ /home/daisy/GRB-Search-Pipeline/search-planning/build/sp_train /home/daisy/GRB-Search-Pipeline/results/training/maps/longlow/adapt_p11-715852394892384_a135-0_196_map.h5 /home/daisy/GRB-Search-Pipeline/search-planning/tilings/tiling_files/5.36x4.5_tiling.csv 1770 10.0 10.0 5.0 0 /home/daisy/GRB-Search-Pipeline/results/training/longlow_searching_5.36x4.5_tiling.csv
Input Parameters:
  file        = /home/daisy/GRB-Search-Pipeline/results/training/maps/longlow/adapt_p11-715852394892384_a135-0_196_map.h5
  source_tile = 1770
  slew_rate   = 10
  dwell_time  = 5
  output      = /home/daisy/GRB-Search-Pipeline/results/training/longlow_searching_5.36x4.5_tiling.csv

source = [78.2841, 135], n_src_events = 816, n_bkg_events = 489
Loaded 73 entries (unique=73, duplicates=0, missing=49079, out_of_bounds=0, non-finite=0)
Sum(prob) over finite entries = 0.999998
init sum: 0.999998
num pixels: 49152
tile num: 1798
total tile prob: 0.999998
tiles with prob > 0: 6
total tile prob after trim: 0.999998
num tiles after trim: 6
init_pos: 1752
*********running GCP*********
total time (wallclock): 0.0238308 seconds

$ /home/daisy/GRB-Search-Pipeline/search-planning/build/sp_train /home/daisy/GRB-Search-Pipeline/results/training/maps/longlow/adapt_p11-715852394892384_a135-0_197_map.h5 /home/daisy/GRB-Search-Pipeline/search-planning/tilings/tiling_files/5.36x4.5_tiling.csv 1770 10.0 10.0 5.0 0 /home/daisy/GRB-Search-Pipeline/results/training/longlow_searching_5.36x4.5_tiling.csv
Input Parameters:
  file        = /home/daisy/GRB-Search-Pipeline/results/training/maps/longlow/adapt_p11-715852394892384_a135-0_197_map.h5
  source_tile = 1770
  slew_rate   = 10
  dwell_time  = 5
  output      = /home/daisy/GRB-Search-Pipeline/results/training/longlow_searching_5.36x4.5_tiling.csv

source = [78.2841, 135], n_src_events = 521, n_bkg_events = 274
Loaded 75 entries (unique=75, duplicates=0, missing=49077, out_of_bounds=0, non-finite=0)
Sum(prob) over finite entries = 0.999998
init sum: 0.999998
num pixels: 49152
tile num: 1798
total tile prob: 0.999998
tiles with prob > 0: 7
total tile prob after trim: 0.999998
num tiles after trim: 7
init_pos: 1771
*********running GCP*********
total time (wallclock): 0.0223338 seconds

$ /home/daisy/GRB-Search-Pipeline/search-planning/build/sp_train /home/daisy/GRB-Search-Pipeline/results/training/maps/longlow/adapt_p11-715852394892384_a135-0_198_map.h5 /home/daisy/GRB-Search-Pipeline/search-planning/tilings/tiling_files/5.36x4.5_tiling.csv 1770 10.0 10.0 5.0 0 /home/daisy/GRB-Search-Pipeline/results/training/longlow_searching_5.36x4.5_tiling.csv
Input Parameters:
  file        = /home/daisy/GRB-Search-Pipeline/results/training/maps/longlow/adapt_p11-715852394892384_a135-0_198_map.h5
  source_tile = 1770
  slew_rate   = 10
  dwell_time  = 5
  output      = /home/daisy/GRB-Search-Pipeline/results/training/longlow_searching_5.36x4.5_tiling.csv

source = [78.2841, 135], n_src_events = 612, n_bkg_events = 994
Loaded 94 entries (unique=94, duplicates=0, missing=49058, out_of_bounds=0, non-finite=0)
Sum(prob) over finite entries = 0.999999
init sum: 0.999999
num pixels: 49152
tile num: 1798
total tile prob: 0.999999
tiles with prob > 0: 9
total tile prob after trim: 0.999999
num tiles after trim: 9
init_pos: 1785
*********running GCP*********
total time (wallclock): 0.0232818 seconds

$ /home/daisy/GRB-Search-Pipeline/search-planning/build/sp_train /home/daisy/GRB-Search-Pipeline/results/training/maps/longlow/adapt_p11-715852394892384_a135-0_199_map.h5 /home/daisy/GRB-Search-Pipeline/search-planning/tilings/tiling_files/5.36x4.5_tiling.csv 1770 10.0 10.0 5.0 0 /home/daisy/GRB-Search-Pipeline/results/training/longlow_searching_5.36x4.5_tiling.csv
Input Parameters:
  file        = /home/daisy/GRB-Search-Pipeline/results/training/maps/longlow/adapt_p11-715852394892384_a135-0_199_map.h5
  source_tile = 1770
  slew_rate   = 10
  dwell_time  = 5
  output      = /home/daisy/GRB-Search-Pipeline/results/training/longlow_searching_5.36x4.5_tiling.csv

source = [78.2841, 135], n_src_events = 120, n_bkg_events = 758
Loaded 1944 entries (unique=1944, duplicates=0, missing=47208, out_of_bounds=0, non-finite=0)
Sum(prob) over finite entries = 0.999983
init sum: 0.999983
num pixels: 49152
tile num: 1798
total tile prob: 0.999983
tiles with prob > 0: 101
total tile prob after trim: 0.999983
num tiles after trim: 101
init_pos: 1730
*********running GCP*********
total time (wallclock): 0.0266491 seconds

$ /home/daisy/GRB-Search-Pipeline/search-planning/build/sp_train /home/daisy/GRB-Search-Pipeline/results/training/maps/longlow/adapt_p11-715852394892384_a135-0_19_map.h5 /home/daisy/GRB-Search-Pipeline/search-planning/tilings/tiling_files/5.36x4.5_tiling.csv 1770 10.0 10.0 5.0 0 /home/daisy/GRB-Search-Pipeline/results/training/longlow_searching_5.36x4.5_tiling.csv
Input Parameters:
  file        = /home/daisy/GRB-Search-Pipeline/results/training/maps/longlow/adapt_p11-715852394892384_a135-0_19_map.h5
  source_tile = 1770
  slew_rate   = 10
  dwell_time  = 5
  output      = /home/daisy/GRB-Search-Pipeline/results/training/longlow_searching_5.36x4.5_tiling.csv

source = [78.2841, 135], n_src_events = 807, n_bkg_events = 211
Loaded 68 entries (unique=68, duplicates=0, missing=49084, out_of_bounds=0, non-finite=0)
Sum(prob) over finite entries = 0.999998
init sum: 0.999998
num pixels: 49152
tile num: 1798
total tile prob: 0.999998
tiles with prob > 0: 6
total tile prob after trim: 0.999998
num tiles after trim: 6
init_pos: 1752
*********running GCP*********
total time (wallclock): 0.0232907 seconds

$ /home/daisy/GRB-Search-Pipeline/search-planning/build/sp_train /home/daisy/GRB-Search-Pipeline/results/training/maps/longlow/adapt_p11-715852394892384_a135-0_1_map.h5 /home/daisy/GRB-Search-Pipeline/search-planning/tilings/tiling_files/5.36x4.5_tiling.csv 1770 10.0 10.0 5.0 0 /home/daisy/GRB-Search-Pipeline/results/training/longlow_searching_5.36x4.5_tiling.csv
Input Parameters:
  file        = /home/daisy/GRB-Search-Pipeline/results/training/maps/longlow/adapt_p11-715852394892384_a135-0_1_map.h5
  source_tile = 1770
  slew_rate   = 10
  dwell_time  = 5
  output      = /home/daisy/GRB-Search-Pipeline/results/training/longlow_searching_5.36x4.5_tiling.csv

source = [78.2841, 135], n_src_events = 563, n_bkg_events = 381
Loaded 90 entries (unique=90, duplicates=0, missing=49062, out_of_bounds=0, non-finite=0)
Sum(prob) over finite entries = 0.999999
init sum: 0.999999
num pixels: 49152
tile num: 1798
total tile prob: 0.999999
tiles with prob > 0: 9
total tile prob after trim: 0.999999
num tiles after trim: 9
init_pos: 1753
*********running GCP*********
total time (wallclock): 0.0233291 seconds

$ /home/daisy/GRB-Search-Pipeline/search-planning/build/sp_train /home/daisy/GRB-Search-Pipeline/results/training/maps/longlow/adapt_p11-715852394892384_a135-0_200_map.h5 /home/daisy/GRB-Search-Pipeline/search-planning/tilings/tiling_files/5.36x4.5_tiling.csv 1770 10.0 10.0 5.0 0 /home/daisy/GRB-Search-Pipeline/results/training/longlow_searching_5.36x4.5_tiling.csv
Input Parameters:
  file        = /home/daisy/GRB-Search-Pipeline/results/training/maps/longlow/adapt_p11-715852394892384_a135-0_200_map.h5
  source_tile = 1770
  slew_rate   = 10
  dwell_time  = 5
  output      = /home/daisy/GRB-Search-Pipeline/results/training/longlow_searching_5.36x4.5_tiling.csv

source = [78.2841, 135], n_src_events = 355, n_bkg_events = 350
Loaded 155 entries (unique=155, duplicates=0, missing=48997, out_of_bounds=0, non-finite=0)
Sum(prob) over finite entries = 0.999999
init sum: 0.999999
num pixels: 49152
tile num: 1798
total tile prob: 0.999999
tiles with prob > 0: 12
total tile prob after trim: 0.999999
num tiles after trim: 12
init_pos: 1771
*********running GCP*********
total time (wallclock): 0.0227355 seconds

$ /home/daisy/GRB-Search-Pipeline/search-planning/build/sp_train /home/daisy/GRB-Search-Pipeline/results/training/maps/longlow/adapt_p11-715852394892384_a135-0_201_map.h5 /home/daisy/GRB-Search-Pipeline/search-planning/tilings/tiling_files/5.36x4.5_tiling.csv 1770 10.0 10.0 5.0 0 /home/daisy/GRB-Search-Pipeline/results/training/longlow_searching_5.36x4.5_tiling.csv
Input Parameters:
  file        = /home/daisy/GRB-Search-Pipeline/results/training/maps/longlow/adapt_p11-715852394892384_a135-0_201_map.h5
  source_tile = 1770
  slew_rate   = 10
  dwell_time  = 5
  output      = /home/daisy/GRB-Search-Pipeline/results/training/longlow_searching_5.36x4.5_tiling.csv

source = [78.2841, 135], n_src_events = 858, n_bkg_events = 688
Loaded 46 entries (unique=46, duplicates=0, missing=49106, out_of_bounds=0, non-finite=0)
Sum(prob) over finite entries = 0.999998
init sum: 0.999998
num pixels: 49152
tile num: 1798
total tile prob: 0.999998
tiles with prob > 0: 5
total tile prob after trim: 0.999998
num tiles after trim: 5
init_pos: 1753
*********running GCP*********
total time (wallclock): 0.0232861 seconds

$ /home/daisy/GRB-Search-Pipeline/search-planning/build/sp_train /home/daisy/GRB-Search-Pipeline/results/training/maps/longlow/adapt_p11-715852394892384_a135-0_202_map.h5 /home/daisy/GRB-Search-Pipeline/search-planning/tilings/tiling_files/5.36x4.5_tiling.csv 1770 10.0 10.0 5.0 0 /home/daisy/GRB-Search-Pipeline/results/training/longlow_searching_5.36x4.5_tiling.csv
Input Parameters:
  file        = /home/daisy/GRB-Search-Pipeline/results/training/maps/longlow/adapt_p11-715852394892384_a135-0_202_map.h5
  source_tile = 1770
  slew_rate   = 10
  dwell_time  = 5
  output      = /home/daisy/GRB-Search-Pipeline/results/training/longlow_searching_5.36x4.5_tiling.csv

source = [78.2841, 135], n_src_events = 473, n_bkg_events = 369
Loaded 101 entries (unique=101, duplicates=0, missing=49051, out_of_bounds=0, non-finite=0)
Sum(prob) over finite entries = 0.999999
init sum: 0.999999
num pixels: 49152
tile num: 1798
total tile prob: 0.999999
tiles with prob > 0: 9
total tile prob after trim: 0.999999
num tiles after trim: 9
init_pos: 1771
*********running GCP*********
total time (wallclock): 0.0234972 seconds

$ /home/daisy/GRB-Search-Pipeline/search-planning/build/sp_train /home/daisy/GRB-Search-Pipeline/results/training/maps/longlow/adapt_p11-715852394892384_a135-0_203_map.h5 /home/daisy/GRB-Search-Pipeline/search-planning/tilings/tiling_files/5.36x4.5_tiling.csv 1770 10.0 10.0 5.0 0 /home/daisy/GRB-Search-Pipeline/results/training/longlow_searching_5.36x4.5_tiling.csv
Input Parameters:
  file        = /home/daisy/GRB-Search-Pipeline/results/training/maps/longlow/adapt_p11-715852394892384_a135-0_203_map.h5
  source_tile = 1770
  slew_rate   = 10
  dwell_time  = 5
  output      = /home/daisy/GRB-Search-Pipeline/results/training/longlow_searching_5.36x4.5_tiling.csv

source = [78.2841, 135], n_src_events = 622, n_bkg_events = 940
Loaded 123 entries (unique=123, duplicates=0, missing=49029, out_of_bounds=0, non-finite=0)
Sum(prob) over finite entries = 0.999999
init sum: 0.999999
num pixels: 49152
tile num: 1798
total tile prob: 0.999999
tiles with prob > 0: 11
total tile prob after trim: 0.999999
num tiles after trim: 11
init_pos: 1769
*********running GCP*********
total time (wallclock): 0.0228821 seconds

$ /home/daisy/GRB-Search-Pipeline/search-planning/build/sp_train /home/daisy/GRB-Search-Pipeline/results/training/maps/longlow/adapt_p11-715852394892384_a135-0_204_map.h5 /home/daisy/GRB-Search-Pipeline/search-planning/tilings/tiling_files/5.36x4.5_tiling.csv 1770 10.0 10.0 5.0 0 /home/daisy/GRB-Search-Pipeline/results/training/longlow_searching_5.36x4.5_tiling.csv
Input Parameters:
  file        = /home/daisy/GRB-Search-Pipeline/results/training/maps/longlow/adapt_p11-715852394892384_a135-0_204_map.h5
  source_tile = 1770
  slew_rate   = 10
  dwell_time  = 5
  output      = /home/daisy/GRB-Search-Pipeline/results/training/longlow_searching_5.36x4.5_tiling.csv

source = [78.2841, 135], n_src_events = 101, n_bkg_events = 841
Loaded 2752 entries (unique=2752, duplicates=0, missing=46400, out_of_bounds=0, non-finite=0)
Sum(prob) over finite entries = 0.999995
init sum: 0.999995
num pixels: 49152
tile num: 1798
total tile prob: 0.999995
tiles with prob > 0: 136
total tile prob after trim: 0.999995
num tiles after trim: 136
init_pos: 1699
*********running GCP*********
total time (wallclock): 0.153212 seconds

$ /home/daisy/GRB-Search-Pipeline/search-planning/build/sp_train /home/daisy/GRB-Search-Pipeline/results/training/maps/longlow/adapt_p11-715852394892384_a135-0_205_map.h5 /home/daisy/GRB-Search-Pipeline/search-planning/tilings/tiling_files/5.36x4.5_tiling.csv 1770 10.0 10.0 5.0 0 /home/daisy/GRB-Search-Pipeline/results/training/longlow_searching_5.36x4.5_tiling.csv
Input Parameters:
  file        = /home/daisy/GRB-Search-Pipeline/results/training/maps/longlow/adapt_p11-715852394892384_a135-0_205_map.h5
  source_tile = 1770
  slew_rate   = 10
  dwell_time  = 5
  output      = /home/daisy/GRB-Search-Pipeline/results/training/longlow_searching_5.36x4.5_tiling.csv

source = [78.2841, 135], n_src_events = 526, n_bkg_events = 658
Loaded 116 entries (unique=116, duplicates=0, missing=49036, out_of_bounds=0, non-finite=0)
Sum(prob) over finite entries = 0.999998
init sum: 0.999998
num pixels: 49152
tile num: 1798
total tile prob: 0.999998
tiles with prob > 0: 10
total tile prob after trim: 0.999998
num tiles after trim: 10
init_pos: 1770
*********running GCP*********
total time (wallclock): 0.022286 seconds

$ /home/daisy/GRB-Search-Pipeline/search-planning/build/sp_train /home/daisy/GRB-Search-Pipeline/results/training/maps/longlow/adapt_p11-715852394892384_a135-0_206_map.h5 /home/daisy/GRB-Search-Pipeline/search-planning/tilings/tiling_files/5.36x4.5_tiling.csv 1770 10.0 10.0 5.0 0 /home/daisy/GRB-Search-Pipeline/results/training/longlow_searching_5.36x4.5_tiling.csv
Input Parameters:
  file        = /home/daisy/GRB-Search-Pipeline/results/training/maps/longlow/adapt_p11-715852394892384_a135-0_206_map.h5
  source_tile = 1770
  slew_rate   = 10
  dwell_time  = 5
  output      = /home/daisy/GRB-Search-Pipeline/results/training/longlow_searching_5.36x4.5_tiling.csv

source = [78.2841, 135], n_src_events = 481, n_bkg_events = 460
Loaded 87 entries (unique=87, duplicates=0, missing=49065, out_of_bounds=0, non-finite=0)
Sum(prob) over finite entries = 0.999999
init sum: 0.999999
num pixels: 49152
tile num: 1798
total tile prob: 0.999999
tiles with prob > 0: 8
total tile prob after trim: 0.999999
num tiles after trim: 8
init_pos: 1751
*********running GCP*********
total time (wallclock): 0.0243362 seconds

$ /home/daisy/GRB-Search-Pipeline/search-planning/build/sp_train /home/daisy/GRB-Search-Pipeline/results/training/maps/longlow/adapt_p11-715852394892384_a135-0_207_map.h5 /home/daisy/GRB-Search-Pipeline/search-planning/tilings/tiling_files/5.36x4.5_tiling.csv 1770 10.0 10.0 5.0 0 /home/daisy/GRB-Search-Pipeline/results/training/longlow_searching_5.36x4.5_tiling.csv
Input Parameters:
  file        = /home/daisy/GRB-Search-Pipeline/results/training/maps/longlow/adapt_p11-715852394892384_a135-0_207_map.h5
  source_tile = 1770
  slew_rate   = 10
  dwell_time  = 5
  output      = /home/daisy/GRB-Search-Pipeline/results/training/longlow_searching_5.36x4.5_tiling.csv

source = [78.2841, 135], n_src_events = 829, n_bkg_events = 256
Loaded 48 entries (unique=48, duplicates=0, missing=49104, out_of_bounds=0, non-finite=0)
Sum(prob) over finite entries = 0.999999
init sum: 0.999999
num pixels: 49152
tile num: 1798
total tile prob: 0.999999
tiles with prob > 0: 5
total tile prob after trim: 0.999999
num tiles after trim: 5
init_pos: 1752
*********running GCP*********
total time (wallclock): 0.0223932 seconds

$ /home/daisy/GRB-Search-Pipeline/search-planning/build/sp_train /home/daisy/GRB-Search-Pipeline/results/training/maps/longlow/adapt_p11-715852394892384_a135-0_208_map.h5 /home/daisy/GRB-Search-Pipeline/search-planning/tilings/tiling_files/5.36x4.5_tiling.csv 1770 10.0 10.0 5.0 0 /home/daisy/GRB-Search-Pipeline/results/training/longlow_searching_5.36x4.5_tiling.csv
Input Parameters:
  file        = /home/daisy/GRB-Search-Pipeline/results/training/maps/longlow/adapt_p11-715852394892384_a135-0_208_map.h5
  source_tile = 1770
  slew_rate   = 10
  dwell_time  = 5
  output      = /home/daisy/GRB-Search-Pipeline/results/training/longlow_searching_5.36x4.5_tiling.csv

source = [78.2841, 135], n_src_events = 766, n_bkg_events = 939
Loaded 65 entries (unique=65, duplicates=0, missing=49087, out_of_bounds=0, non-finite=0)
Sum(prob) over finite entries = 0.999999
init sum: 0.999999
num pixels: 49152
tile num: 1798
total tile prob: 0.999999
tiles with prob > 0: 6
total tile prob after trim: 0.999999
num tiles after trim: 6
init_pos: 1771
*********running GCP*********
total time (wallclock): 0.0227103 seconds

$ /home/daisy/GRB-Search-Pipeline/search-planning/build/sp_train /home/daisy/GRB-Search-Pipeline/results/training/maps/longlow/adapt_p11-715852394892384_a135-0_209_map.h5 /home/daisy/GRB-Search-Pipeline/search-planning/tilings/tiling_files/5.36x4.5_tiling.csv 1770 10.0 10.0 5.0 0 /home/daisy/GRB-Search-Pipeline/results/training/longlow_searching_5.36x4.5_tiling.csv
Input Parameters:
  file        = /home/daisy/GRB-Search-Pipeline/results/training/maps/longlow/adapt_p11-715852394892384_a135-0_209_map.h5
  source_tile = 1770
  slew_rate   = 10
  dwell_time  = 5
  output      = /home/daisy/GRB-Search-Pipeline/results/training/longlow_searching_5.36x4.5_tiling.csv

source = [78.2841, 135], n_src_events = 583, n_bkg_events = 455
Loaded 68 entries (unique=68, duplicates=0, missing=49084, out_of_bounds=0, non-finite=0)
Sum(prob) over finite entries = 0.999998
init sum: 0.999998
num pixels: 49152
tile num: 1798
total tile prob: 0.999998
tiles with prob > 0: 6
total tile prob after trim: 0.999998
num tiles after trim: 6
init_pos: 1753
*********running GCP*********
total time (wallclock): 0.0231121 seconds

$ /home/daisy/GRB-Search-Pipeline/search-planning/build/sp_train /home/daisy/GRB-Search-Pipeline/results/training/maps/longlow/adapt_p11-715852394892384_a135-0_20_map.h5 /home/daisy/GRB-Search-Pipeline/search-planning/tilings/tiling_files/5.36x4.5_tiling.csv 1770 10.0 10.0 5.0 0 /home/daisy/GRB-Search-Pipeline/results/training/longlow_searching_5.36x4.5_tiling.csv
Input Parameters:
  file        = /home/daisy/GRB-Search-Pipeline/results/training/maps/longlow/adapt_p11-715852394892384_a135-0_20_map.h5
  source_tile = 1770
  slew_rate   = 10
  dwell_time  = 5
  output      = /home/daisy/GRB-Search-Pipeline/results/training/longlow_searching_5.36x4.5_tiling.csv

source = [78.2841, 135], n_src_events = 252, n_bkg_events = 924
Loaded 755 entries (unique=755, duplicates=0, missing=48397, out_of_bounds=0, non-finite=0)
Sum(prob) over finite entries = 0.999998
init sum: 0.999998
num pixels: 49152
tile num: 1798
total tile prob: 0.999998
tiles with prob > 0: 45
total tile prob after trim: 0.999998
num tiles after trim: 45
init_pos: 1751
*********running GCP*********
total time (wallclock): 0.0252017 seconds

$ /home/daisy/GRB-Search-Pipeline/search-planning/build/sp_train /home/daisy/GRB-Search-Pipeline/results/training/maps/longlow/adapt_p11-715852394892384_a135-0_210_map.h5 /home/daisy/GRB-Search-Pipeline/search-planning/tilings/tiling_files/5.36x4.5_tiling.csv 1770 10.0 10.0 5.0 0 /home/daisy/GRB-Search-Pipeline/results/training/longlow_searching_5.36x4.5_tiling.csv
Input Parameters:
  file        = /home/daisy/GRB-Search-Pipeline/results/training/maps/longlow/adapt_p11-715852394892384_a135-0_210_map.h5
  source_tile = 1770
  slew_rate   = 10
  dwell_time  = 5
  output      = /home/daisy/GRB-Search-Pipeline/results/training/longlow_searching_5.36x4.5_tiling.csv

source = [78.2841, 135], n_src_events = 703, n_bkg_events = 798
Loaded 63 entries (unique=63, duplicates=0, missing=49089, out_of_bounds=0, non-finite=0)
Sum(prob) over finite entries = 0.999999
init sum: 0.999999
num pixels: 49152
tile num: 1798
total tile prob: 0.999999
tiles with prob > 0: 8
total tile prob after trim: 0.999999
num tiles after trim: 8
init_pos: 1785
*********running GCP*********
total time (wallclock): 0.0223366 seconds

$ /home/daisy/GRB-Search-Pipeline/search-planning/build/sp_train /home/daisy/GRB-Search-Pipeline/results/training/maps/longlow/adapt_p11-715852394892384_a135-0_211_map.h5 /home/daisy/GRB-Search-Pipeline/search-planning/tilings/tiling_files/5.36x4.5_tiling.csv 1770 10.0 10.0 5.0 0 /home/daisy/GRB-Search-Pipeline/results/training/longlow_searching_5.36x4.5_tiling.csv
Input Parameters:
  file        = /home/daisy/GRB-Search-Pipeline/results/training/maps/longlow/adapt_p11-715852394892384_a135-0_211_map.h5
  source_tile = 1770
  slew_rate   = 10
  dwell_time  = 5
  output      = /home/daisy/GRB-Search-Pipeline/results/training/longlow_searching_5.36x4.5_tiling.csv

source = [78.2841, 135], n_src_events = 101, n_bkg_events = 668
Loaded 1034 entries (unique=1034, duplicates=0, missing=48118, out_of_bounds=0, non-finite=0)
Sum(prob) over finite entries = 0.999992
init sum: 0.999992
num pixels: 49152
tile num: 1798
total tile prob: 0.999992
tiles with prob > 0: 63
total tile prob after trim: 0.999992
num tiles after trim: 63
init_pos: 1774
*********running GCP*********
total time (wallclock): 0.0251812 seconds

$ /home/daisy/GRB-Search-Pipeline/search-planning/build/sp_train /home/daisy/GRB-Search-Pipeline/results/training/maps/longlow/adapt_p11-715852394892384_a135-0_212_map.h5 /home/daisy/GRB-Search-Pipeline/search-planning/tilings/tiling_files/5.36x4.5_tiling.csv 1770 10.0 10.0 5.0 0 /home/daisy/GRB-Search-Pipeline/results/training/longlow_searching_5.36x4.5_tiling.csv
Input Parameters:
  file        = /home/daisy/GRB-Search-Pipeline/results/training/maps/longlow/adapt_p11-715852394892384_a135-0_212_map.h5
  source_tile = 1770
  slew_rate   = 10
  dwell_time  = 5
  output      = /home/daisy/GRB-Search-Pipeline/results/training/longlow_searching_5.36x4.5_tiling.csv

source = [78.2841, 135], n_src_events = 155, n_bkg_events = 610
Loaded 890 entries (unique=890, duplicates=0, missing=48262, out_of_bounds=0, non-finite=0)
Sum(prob) over finite entries = 0.999996
init sum: 0.999996
num pixels: 49152
tile num: 1798
total tile prob: 0.999996
tiles with prob > 0: 51
total tile prob after trim: 0.999996
num tiles after trim: 51
init_pos: 1671
*********running GCP*********
total time (wallclock): 0.0497571 seconds

$ /home/daisy/GRB-Search-Pipeline/search-planning/build/sp_train /home/daisy/GRB-Search-Pipeline/results/training/maps/longlow/adapt_p11-715852394892384_a135-0_213_map.h5 /home/daisy/GRB-Search-Pipeline/search-planning/tilings/tiling_files/5.36x4.5_tiling.csv 1770 10.0 10.0 5.0 0 /home/daisy/GRB-Search-Pipeline/results/training/longlow_searching_5.36x4.5_tiling.csv
Input Parameters:
  file        = /home/daisy/GRB-Search-Pipeline/results/training/maps/longlow/adapt_p11-715852394892384_a135-0_213_map.h5
  source_tile = 1770
  slew_rate   = 10
  dwell_time  = 5
  output      = /home/daisy/GRB-Search-Pipeline/results/training/longlow_searching_5.36x4.5_tiling.csv

source = [78.2841, 135], n_src_events = 701, n_bkg_events = 920
Loaded 83 entries (unique=83, duplicates=0, missing=49069, out_of_bounds=0, non-finite=0)
Sum(prob) over finite entries = 0.999999
init sum: 0.999999
num pixels: 49152
tile num: 1798
total tile prob: 0.999999
tiles with prob > 0: 8
total tile prob after trim: 0.999999
num tiles after trim: 8
init_pos: 1753
*********running GCP*********
total time (wallclock): 0.0242573 seconds

$ /home/daisy/GRB-Search-Pipeline/search-planning/build/sp_train /home/daisy/GRB-Search-Pipeline/results/training/maps/longlow/adapt_p11-715852394892384_a135-0_214_map.h5 /home/daisy/GRB-Search-Pipeline/search-planning/tilings/tiling_files/5.36x4.5_tiling.csv 1770 10.0 10.0 5.0 0 /home/daisy/GRB-Search-Pipeline/results/training/longlow_searching_5.36x4.5_tiling.csv
Input Parameters:
  file        = /home/daisy/GRB-Search-Pipeline/results/training/maps/longlow/adapt_p11-715852394892384_a135-0_214_map.h5
  source_tile = 1770
  slew_rate   = 10
  dwell_time  = 5
  output      = /home/daisy/GRB-Search-Pipeline/results/training/longlow_searching_5.36x4.5_tiling.csv

source = [78.2841, 135], n_src_events = 151, n_bkg_events = 803
Loaded 466 entries (unique=466, duplicates=0, missing=48686, out_of_bounds=0, non-finite=0)
Sum(prob) over finite entries = 0.999999
init sum: 0.999999
num pixels: 49152
tile num: 1798
total tile prob: 0.999999
tiles with prob > 0: 29
total tile prob after trim: 0.999999
num tiles after trim: 29
init_pos: 1786
*********running GCP*********
total time (wallclock): 0.0246531 seconds

$ /home/daisy/GRB-Search-Pipeline/search-planning/build/sp_train /home/daisy/GRB-Search-Pipeline/results/training/maps/longlow/adapt_p11-715852394892384_a135-0_215_map.h5 /home/daisy/GRB-Search-Pipeline/search-planning/tilings/tiling_files/5.36x4.5_tiling.csv 1770 10.0 10.0 5.0 0 /home/daisy/GRB-Search-Pipeline/results/training/longlow_searching_5.36x4.5_tiling.csv
Input Parameters:
  file        = /home/daisy/GRB-Search-Pipeline/results/training/maps/longlow/adapt_p11-715852394892384_a135-0_215_map.h5
  source_tile = 1770
  slew_rate   = 10
  dwell_time  = 5
  output      = /home/daisy/GRB-Search-Pipeline/results/training/longlow_searching_5.36x4.5_tiling.csv

source = [78.2841, 135], n_src_events = 588, n_bkg_events = 547
Loaded 120 entries (unique=120, duplicates=0, missing=49032, out_of_bounds=0, non-finite=0)
Sum(prob) over finite entries = 0.999999
init sum: 0.999999
num pixels: 49152
tile num: 1798
total tile prob: 0.999999
tiles with prob > 0: 9
total tile prob after trim: 0.999999
num tiles after trim: 9
init_pos: 1753
*********running GCP*********
total time (wallclock): 0.0236402 seconds

$ /home/daisy/GRB-Search-Pipeline/search-planning/build/sp_train /home/daisy/GRB-Search-Pipeline/results/training/maps/longlow/adapt_p11-715852394892384_a135-0_216_map.h5 /home/daisy/GRB-Search-Pipeline/search-planning/tilings/tiling_files/5.36x4.5_tiling.csv 1770 10.0 10.0 5.0 0 /home/daisy/GRB-Search-Pipeline/results/training/longlow_searching_5.36x4.5_tiling.csv
Input Parameters:
  file        = /home/daisy/GRB-Search-Pipeline/results/training/maps/longlow/adapt_p11-715852394892384_a135-0_216_map.h5
  source_tile = 1770
  slew_rate   = 10
  dwell_time  = 5
  output      = /home/daisy/GRB-Search-Pipeline/results/training/longlow_searching_5.36x4.5_tiling.csv

source = [78.2841, 135], n_src_events = 638, n_bkg_events = 1038
Loaded 58 entries (unique=58, duplicates=0, missing=49094, out_of_bounds=0, non-finite=0)
Sum(prob) over finite entries = 0.999998
init sum: 0.999998
num pixels: 49152
tile num: 1798
total tile prob: 0.999998
tiles with prob > 0: 5
total tile prob after trim: 0.999998
num tiles after trim: 5
init_pos: 1751
*********running GCP*********
total time (wallclock): 0.0233024 seconds

$ /home/daisy/GRB-Search-Pipeline/search-planning/build/sp_train /home/daisy/GRB-Search-Pipeline/results/training/maps/longlow/adapt_p11-715852394892384_a135-0_217_map.h5 /home/daisy/GRB-Search-Pipeline/search-planning/tilings/tiling_files/5.36x4.5_tiling.csv 1770 10.0 10.0 5.0 0 /home/daisy/GRB-Search-Pipeline/results/training/longlow_searching_5.36x4.5_tiling.csv
Input Parameters:
  file        = /home/daisy/GRB-Search-Pipeline/results/training/maps/longlow/adapt_p11-715852394892384_a135-0_217_map.h5
  source_tile = 1770
  slew_rate   = 10
  dwell_time  = 5
  output      = /home/daisy/GRB-Search-Pipeline/results/training/longlow_searching_5.36x4.5_tiling.csv

source = [78.2841, 135], n_src_events = 241, n_bkg_events = 1025
Loaded 435 entries (unique=435, duplicates=0, missing=48717, out_of_bounds=0, non-finite=0)
Sum(prob) over finite entries = 0.999999
init sum: 0.999999
num pixels: 49152
tile num: 1798
total tile prob: 0.999999
tiles with prob > 0: 28
total tile prob after trim: 0.999999
num tiles after trim: 28
init_pos: 1785
*********running GCP*********
total time (wallclock): 0.0229032 seconds

$ /home/daisy/GRB-Search-Pipeline/search-planning/build/sp_train /home/daisy/GRB-Search-Pipeline/results/training/maps/longlow/adapt_p11-715852394892384_a135-0_218_map.h5 /home/daisy/GRB-Search-Pipeline/search-planning/tilings/tiling_files/5.36x4.5_tiling.csv 1770 10.0 10.0 5.0 0 /home/daisy/GRB-Search-Pipeline/results/training/longlow_searching_5.36x4.5_tiling.csv
Input Parameters:
  file        = /home/daisy/GRB-Search-Pipeline/results/training/maps/longlow/adapt_p11-715852394892384_a135-0_218_map.h5
  source_tile = 1770
  slew_rate   = 10
  dwell_time  = 5
  output      = /home/daisy/GRB-Search-Pipeline/results/training/longlow_searching_5.36x4.5_tiling.csv

source = [78.2841, 135], n_src_events = 812, n_bkg_events = 448
Loaded 51 entries (unique=51, duplicates=0, missing=49101, out_of_bounds=0, non-finite=0)
Sum(prob) over finite entries = 0.999999
init sum: 0.999999
num pixels: 49152
tile num: 1798
total tile prob: 0.999999
tiles with prob > 0: 5
total tile prob after trim: 0.999999
num tiles after trim: 5
init_pos: 1751
*********running GCP*********
total time (wallclock): 0.0234211 seconds

$ /home/daisy/GRB-Search-Pipeline/search-planning/build/sp_train /home/daisy/GRB-Search-Pipeline/results/training/maps/longlow/adapt_p11-715852394892384_a135-0_219_map.h5 /home/daisy/GRB-Search-Pipeline/search-planning/tilings/tiling_files/5.36x4.5_tiling.csv 1770 10.0 10.0 5.0 0 /home/daisy/GRB-Search-Pipeline/results/training/longlow_searching_5.36x4.5_tiling.csv
Input Parameters:
  file        = /home/daisy/GRB-Search-Pipeline/results/training/maps/longlow/adapt_p11-715852394892384_a135-0_219_map.h5
  source_tile = 1770
  slew_rate   = 10
  dwell_time  = 5
  output      = /home/daisy/GRB-Search-Pipeline/results/training/longlow_searching_5.36x4.5_tiling.csv

source = [78.2841, 135], n_src_events = 88, n_bkg_events = 962
Loaded 1433 entries (unique=1433, duplicates=0, missing=47719, out_of_bounds=0, non-finite=0)
Sum(prob) over finite entries = 0.999996
init sum: 0.999996
num pixels: 49152
tile num: 1798
total tile prob: 0.999996
tiles with prob > 0: 80
total tile prob after trim: 0.999996
num tiles after trim: 80
init_pos: 1774
*********running GCP*********
total time (wallclock): 0.0460589 seconds

$ /home/daisy/GRB-Search-Pipeline/search-planning/build/sp_train /home/daisy/GRB-Search-Pipeline/results/training/maps/longlow/adapt_p11-715852394892384_a135-0_21_map.h5 /home/daisy/GRB-Search-Pipeline/search-planning/tilings/tiling_files/5.36x4.5_tiling.csv 1770 10.0 10.0 5.0 0 /home/daisy/GRB-Search-Pipeline/results/training/longlow_searching_5.36x4.5_tiling.csv
Input Parameters:
  file        = /home/daisy/GRB-Search-Pipeline/results/training/maps/longlow/adapt_p11-715852394892384_a135-0_21_map.h5
  source_tile = 1770
  slew_rate   = 10
  dwell_time  = 5
  output      = /home/daisy/GRB-Search-Pipeline/results/training/longlow_searching_5.36x4.5_tiling.csv

source = [78.2841, 135], n_src_events = 855, n_bkg_events = 1034
Loaded 59 entries (unique=59, duplicates=0, missing=49093, out_of_bounds=0, non-finite=0)
Sum(prob) over finite entries = 0.999999
init sum: 0.999999
num pixels: 49152
tile num: 1798
total tile prob: 0.999999
tiles with prob > 0: 6
total tile prob after trim: 0.999999
num tiles after trim: 6
init_pos: 1752
*********running GCP*********
total time (wallclock): 0.0230085 seconds

$ /home/daisy/GRB-Search-Pipeline/search-planning/build/sp_train /home/daisy/GRB-Search-Pipeline/results/training/maps/longlow/adapt_p11-715852394892384_a135-0_220_map.h5 /home/daisy/GRB-Search-Pipeline/search-planning/tilings/tiling_files/5.36x4.5_tiling.csv 1770 10.0 10.0 5.0 0 /home/daisy/GRB-Search-Pipeline/results/training/longlow_searching_5.36x4.5_tiling.csv
Input Parameters:
  file        = /home/daisy/GRB-Search-Pipeline/results/training/maps/longlow/adapt_p11-715852394892384_a135-0_220_map.h5
  source_tile = 1770
  slew_rate   = 10
  dwell_time  = 5
  output      = /home/daisy/GRB-Search-Pipeline/results/training/longlow_searching_5.36x4.5_tiling.csv

source = [78.2841, 135], n_src_events = 132, n_bkg_events = 851
Loaded 1443 entries (unique=1443, duplicates=0, missing=47709, out_of_bounds=0, non-finite=0)
Sum(prob) over finite entries = 0.999997
init sum: 0.999997
num pixels: 49152
tile num: 1798
total tile prob: 0.999997
tiles with prob > 0: 84
total tile prob after trim: 0.999997
num tiles after trim: 84
init_pos: 1767
*********running GCP*********
total time (wallclock): 0.0245558 seconds

$ /home/daisy/GRB-Search-Pipeline/search-planning/build/sp_train /home/daisy/GRB-Search-Pipeline/results/training/maps/longlow/adapt_p11-715852394892384_a135-0_221_map.h5 /home/daisy/GRB-Search-Pipeline/search-planning/tilings/tiling_files/5.36x4.5_tiling.csv 1770 10.0 10.0 5.0 0 /home/daisy/GRB-Search-Pipeline/results/training/longlow_searching_5.36x4.5_tiling.csv
Input Parameters:
  file        = /home/daisy/GRB-Search-Pipeline/results/training/maps/longlow/adapt_p11-715852394892384_a135-0_221_map.h5
  source_tile = 1770
  slew_rate   = 10
  dwell_time  = 5
  output      = /home/daisy/GRB-Search-Pipeline/results/training/longlow_searching_5.36x4.5_tiling.csv

source = [78.2841, 135], n_src_events = 709, n_bkg_events = 242
Loaded 61 entries (unique=61, duplicates=0, missing=49091, out_of_bounds=0, non-finite=0)
Sum(prob) over finite entries = 0.999999
init sum: 0.999999
num pixels: 49152
tile num: 1798
total tile prob: 0.999999
tiles with prob > 0: 8
total tile prob after trim: 0.999999
num tiles after trim: 8
init_pos: 1752
*********running GCP*********
total time (wallclock): 0.0228369 seconds

$ /home/daisy/GRB-Search-Pipeline/search-planning/build/sp_train /home/daisy/GRB-Search-Pipeline/results/training/maps/longlow/adapt_p11-715852394892384_a135-0_222_map.h5 /home/daisy/GRB-Search-Pipeline/search-planning/tilings/tiling_files/5.36x4.5_tiling.csv 1770 10.0 10.0 5.0 0 /home/daisy/GRB-Search-Pipeline/results/training/longlow_searching_5.36x4.5_tiling.csv
Input Parameters:
  file        = /home/daisy/GRB-Search-Pipeline/results/training/maps/longlow/adapt_p11-715852394892384_a135-0_222_map.h5
  source_tile = 1770
  slew_rate   = 10
  dwell_time  = 5
  output      = /home/daisy/GRB-Search-Pipeline/results/training/longlow_searching_5.36x4.5_tiling.csv

source = [78.2841, 135], n_src_events = 668, n_bkg_events = 803
Loaded 54 entries (unique=54, duplicates=0, missing=49098, out_of_bounds=0, non-finite=0)
Sum(prob) over finite entries = 0.999999
init sum: 0.999999
num pixels: 49152
tile num: 1798
total tile prob: 0.999999
tiles with prob > 0: 6
total tile prob after trim: 0.999999
num tiles after trim: 6
init_pos: 1753
*********running GCP*********
total time (wallclock): 0.0230939 seconds

$ /home/daisy/GRB-Search-Pipeline/search-planning/build/sp_train /home/daisy/GRB-Search-Pipeline/results/training/maps/longlow/adapt_p11-715852394892384_a135-0_223_map.h5 /home/daisy/GRB-Search-Pipeline/search-planning/tilings/tiling_files/5.36x4.5_tiling.csv 1770 10.0 10.0 5.0 0 /home/daisy/GRB-Search-Pipeline/results/training/longlow_searching_5.36x4.5_tiling.csv
Input Parameters:
  file        = /home/daisy/GRB-Search-Pipeline/results/training/maps/longlow/adapt_p11-715852394892384_a135-0_223_map.h5
  source_tile = 1770
  slew_rate   = 10
  dwell_time  = 5
  output      = /home/daisy/GRB-Search-Pipeline/results/training/longlow_searching_5.36x4.5_tiling.csv

source = [78.2841, 135], n_src_events = 220, n_bkg_events = 811
Loaded 547 entries (unique=547, duplicates=0, missing=48605, out_of_bounds=0, non-finite=0)
Sum(prob) over finite entries = 0.999998
init sum: 0.999998
num pixels: 49152
tile num: 1798
total tile prob: 0.999998
tiles with prob > 0: 35
total tile prob after trim: 0.999998
num tiles after trim: 35
init_pos: 1794
*********running GCP*********
total time (wallclock): 0.0223172 seconds

$ /home/daisy/GRB-Search-Pipeline/search-planning/build/sp_train /home/daisy/GRB-Search-Pipeline/results/training/maps/longlow/adapt_p11-715852394892384_a135-0_224_map.h5 /home/daisy/GRB-Search-Pipeline/search-planning/tilings/tiling_files/5.36x4.5_tiling.csv 1770 10.0 10.0 5.0 0 /home/daisy/GRB-Search-Pipeline/results/training/longlow_searching_5.36x4.5_tiling.csv
Input Parameters:
  file        = /home/daisy/GRB-Search-Pipeline/results/training/maps/longlow/adapt_p11-715852394892384_a135-0_224_map.h5
  source_tile = 1770
  slew_rate   = 10
  dwell_time  = 5
  output      = /home/daisy/GRB-Search-Pipeline/results/training/longlow_searching_5.36x4.5_tiling.csv

source = [78.2841, 135], n_src_events = 118, n_bkg_events = 907
Loaded 1615 entries (unique=1615, duplicates=0, missing=47537, out_of_bounds=0, non-finite=0)
Sum(prob) over finite entries = 0.999991
init sum: 0.999991
num pixels: 49152
tile num: 1798
total tile prob: 0.999991
tiles with prob > 0: 90
total tile prob after trim: 0.999991
num tiles after trim: 90
init_pos: 1754
*********running GCP*********
total time (wallclock): 0.0249436 seconds

$ /home/daisy/GRB-Search-Pipeline/search-planning/build/sp_train /home/daisy/GRB-Search-Pipeline/results/training/maps/longlow/adapt_p11-715852394892384_a135-0_225_map.h5 /home/daisy/GRB-Search-Pipeline/search-planning/tilings/tiling_files/5.36x4.5_tiling.csv 1770 10.0 10.0 5.0 0 /home/daisy/GRB-Search-Pipeline/results/training/longlow_searching_5.36x4.5_tiling.csv
Input Parameters:
  file        = /home/daisy/GRB-Search-Pipeline/results/training/maps/longlow/adapt_p11-715852394892384_a135-0_225_map.h5
  source_tile = 1770
  slew_rate   = 10
  dwell_time  = 5
  output      = /home/daisy/GRB-Search-Pipeline/results/training/longlow_searching_5.36x4.5_tiling.csv

source = [78.2841, 135], n_src_events = 290, n_bkg_events = 308
Loaded 292 entries (unique=292, duplicates=0, missing=48860, out_of_bounds=0, non-finite=0)
Sum(prob) over finite entries = 0.999999
init sum: 0.999999
num pixels: 49152
tile num: 1798
total tile prob: 0.999999
tiles with prob > 0: 17
total tile prob after trim: 0.999999
num tiles after trim: 17
init_pos: 1751
*********running GCP*********
total time (wallclock): 0.0256791 seconds

$ /home/daisy/GRB-Search-Pipeline/search-planning/build/sp_train /home/daisy/GRB-Search-Pipeline/results/training/maps/longlow/adapt_p11-715852394892384_a135-0_226_map.h5 /home/daisy/GRB-Search-Pipeline/search-planning/tilings/tiling_files/5.36x4.5_tiling.csv 1770 10.0 10.0 5.0 0 /home/daisy/GRB-Search-Pipeline/results/training/longlow_searching_5.36x4.5_tiling.csv
Input Parameters:
  file        = /home/daisy/GRB-Search-Pipeline/results/training/maps/longlow/adapt_p11-715852394892384_a135-0_226_map.h5
  source_tile = 1770
  slew_rate   = 10
  dwell_time  = 5
  output      = /home/daisy/GRB-Search-Pipeline/results/training/longlow_searching_5.36x4.5_tiling.csv

source = [78.2841, 135], n_src_events = 595, n_bkg_events = 579
Loaded 80 entries (unique=80, duplicates=0, missing=49072, out_of_bounds=0, non-finite=0)
Sum(prob) over finite entries = 0.999999
init sum: 0.999999
num pixels: 49152
tile num: 1798
total tile prob: 0.999999
tiles with prob > 0: 8
total tile prob after trim: 0.999999
num tiles after trim: 8
init_pos: 1770
*********running GCP*********
total time (wallclock): 0.0223857 seconds

$ /home/daisy/GRB-Search-Pipeline/search-planning/build/sp_train /home/daisy/GRB-Search-Pipeline/results/training/maps/longlow/adapt_p11-715852394892384_a135-0_227_map.h5 /home/daisy/GRB-Search-Pipeline/search-planning/tilings/tiling_files/5.36x4.5_tiling.csv 1770 10.0 10.0 5.0 0 /home/daisy/GRB-Search-Pipeline/results/training/longlow_searching_5.36x4.5_tiling.csv
Input Parameters:
  file        = /home/daisy/GRB-Search-Pipeline/results/training/maps/longlow/adapt_p11-715852394892384_a135-0_227_map.h5
  source_tile = 1770
  slew_rate   = 10
  dwell_time  = 5
  output      = /home/daisy/GRB-Search-Pipeline/results/training/longlow_searching_5.36x4.5_tiling.csv

source = [78.2841, 135], n_src_events = 624, n_bkg_events = 662
Loaded 82 entries (unique=82, duplicates=0, missing=49070, out_of_bounds=0, non-finite=0)
Sum(prob) over finite entries = 0.999998
init sum: 0.999998
num pixels: 49152
tile num: 1798
total tile prob: 0.999998
tiles with prob > 0: 8
total tile prob after trim: 0.999998
num tiles after trim: 8
init_pos: 1752
*********running GCP*********
total time (wallclock): 0.0233742 seconds

$ /home/daisy/GRB-Search-Pipeline/search-planning/build/sp_train /home/daisy/GRB-Search-Pipeline/results/training/maps/longlow/adapt_p11-715852394892384_a135-0_228_map.h5 /home/daisy/GRB-Search-Pipeline/search-planning/tilings/tiling_files/5.36x4.5_tiling.csv 1770 10.0 10.0 5.0 0 /home/daisy/GRB-Search-Pipeline/results/training/longlow_searching_5.36x4.5_tiling.csv
Input Parameters:
  file        = /home/daisy/GRB-Search-Pipeline/results/training/maps/longlow/adapt_p11-715852394892384_a135-0_228_map.h5
  source_tile = 1770
  slew_rate   = 10
  dwell_time  = 5
  output      = /home/daisy/GRB-Search-Pipeline/results/training/longlow_searching_5.36x4.5_tiling.csv

source = [78.2841, 135], n_src_events = 568, n_bkg_events = 924
Loaded 144 entries (unique=144, duplicates=0, missing=49008, out_of_bounds=0, non-finite=0)
Sum(prob) over finite entries = 0.999999
init sum: 0.999999
num pixels: 49152
tile num: 1798
total tile prob: 0.999999
tiles with prob > 0: 11
total tile prob after trim: 0.999999
num tiles after trim: 11
init_pos: 1727
*********running GCP*********
total time (wallclock): 0.0248585 seconds

$ /home/daisy/GRB-Search-Pipeline/search-planning/build/sp_train /home/daisy/GRB-Search-Pipeline/results/training/maps/longlow/adapt_p11-715852394892384_a135-0_229_map.h5 /home/daisy/GRB-Search-Pipeline/search-planning/tilings/tiling_files/5.36x4.5_tiling.csv 1770 10.0 10.0 5.0 0 /home/daisy/GRB-Search-Pipeline/results/training/longlow_searching_5.36x4.5_tiling.csv
Input Parameters:
  file        = /home/daisy/GRB-Search-Pipeline/results/training/maps/longlow/adapt_p11-715852394892384_a135-0_229_map.h5
  source_tile = 1770
  slew_rate   = 10
  dwell_time  = 5
  output      = /home/daisy/GRB-Search-Pipeline/results/training/longlow_searching_5.36x4.5_tiling.csv

source = [78.2841, 135], n_src_events = 157, n_bkg_events = 672
Loaded 900 entries (unique=900, duplicates=0, missing=48252, out_of_bounds=0, non-finite=0)
Sum(prob) over finite entries = 0.999999
init sum: 0.999999
num pixels: 49152
tile num: 1798
total tile prob: 0.999999
tiles with prob > 0: 50
total tile prob after trim: 0.999999
num tiles after trim: 50
init_pos: 1667
*********running GCP*********
total time (wallclock): 0.0287008 seconds

$ /home/daisy/GRB-Search-Pipeline/search-planning/build/sp_train /home/daisy/GRB-Search-Pipeline/results/training/maps/longlow/adapt_p11-715852394892384_a135-0_22_map.h5 /home/daisy/GRB-Search-Pipeline/search-planning/tilings/tiling_files/5.36x4.5_tiling.csv 1770 10.0 10.0 5.0 0 /home/daisy/GRB-Search-Pipeline/results/training/longlow_searching_5.36x4.5_tiling.csv
Input Parameters:
  file        = /home/daisy/GRB-Search-Pipeline/results/training/maps/longlow/adapt_p11-715852394892384_a135-0_22_map.h5
  source_tile = 1770
  slew_rate   = 10
  dwell_time  = 5
  output      = /home/daisy/GRB-Search-Pipeline/results/training/longlow_searching_5.36x4.5_tiling.csv

source = [78.2841, 135], n_src_events = 496, n_bkg_events = 315
Loaded 66 entries (unique=66, duplicates=0, missing=49086, out_of_bounds=0, non-finite=0)
Sum(prob) over finite entries = 0.999998
init sum: 0.999998
num pixels: 49152
tile num: 1798
total tile prob: 0.999998
tiles with prob > 0: 6
total tile prob after trim: 0.999998
num tiles after trim: 6
init_pos: 1753
*********running GCP*********
total time (wallclock): 0.0232502 seconds

$ /home/daisy/GRB-Search-Pipeline/search-planning/build/sp_train /home/daisy/GRB-Search-Pipeline/results/training/maps/longlow/adapt_p11-715852394892384_a135-0_230_map.h5 /home/daisy/GRB-Search-Pipeline/search-planning/tilings/tiling_files/5.36x4.5_tiling.csv 1770 10.0 10.0 5.0 0 /home/daisy/GRB-Search-Pipeline/results/training/longlow_searching_5.36x4.5_tiling.csv
Input Parameters:
  file        = /home/daisy/GRB-Search-Pipeline/results/training/maps/longlow/adapt_p11-715852394892384_a135-0_230_map.h5
  source_tile = 1770
  slew_rate   = 10
  dwell_time  = 5
  output      = /home/daisy/GRB-Search-Pipeline/results/training/longlow_searching_5.36x4.5_tiling.csv

source = [78.2841, 135], n_src_events = 109, n_bkg_events = 418
Loaded 805 entries (unique=805, duplicates=0, missing=48347, out_of_bounds=0, non-finite=0)
Sum(prob) over finite entries = 0.999999
init sum: 0.999999
num pixels: 49152
tile num: 1798
total tile prob: 0.999999
tiles with prob > 0: 48
total tile prob after trim: 0.999999
num tiles after trim: 48
init_pos: 1754
*********running GCP*********
total time (wallclock): 0.0239636 seconds

$ /home/daisy/GRB-Search-Pipeline/search-planning/build/sp_train /home/daisy/GRB-Search-Pipeline/results/training/maps/longlow/adapt_p11-715852394892384_a135-0_231_map.h5 /home/daisy/GRB-Search-Pipeline/search-planning/tilings/tiling_files/5.36x4.5_tiling.csv 1770 10.0 10.0 5.0 0 /home/daisy/GRB-Search-Pipeline/results/training/longlow_searching_5.36x4.5_tiling.csv
Input Parameters:
  file        = /home/daisy/GRB-Search-Pipeline/results/training/maps/longlow/adapt_p11-715852394892384_a135-0_231_map.h5
  source_tile = 1770
  slew_rate   = 10
  dwell_time  = 5
  output      = /home/daisy/GRB-Search-Pipeline/results/training/longlow_searching_5.36x4.5_tiling.csv

source = [78.2841, 135], n_src_events = 700, n_bkg_events = 447
Loaded 53 entries (unique=53, duplicates=0, missing=49099, out_of_bounds=0, non-finite=0)
Sum(prob) over finite entries = 0.999999
init sum: 0.999999
num pixels: 49152
tile num: 1798
total tile prob: 0.999999
tiles with prob > 0: 5
total tile prob after trim: 0.999999
num tiles after trim: 5
init_pos: 1771
*********running GCP*********
total time (wallclock): 0.0226384 seconds

$ /home/daisy/GRB-Search-Pipeline/search-planning/build/sp_train /home/daisy/GRB-Search-Pipeline/results/training/maps/longlow/adapt_p11-715852394892384_a135-0_232_map.h5 /home/daisy/GRB-Search-Pipeline/search-planning/tilings/tiling_files/5.36x4.5_tiling.csv 1770 10.0 10.0 5.0 0 /home/daisy/GRB-Search-Pipeline/results/training/longlow_searching_5.36x4.5_tiling.csv
Input Parameters:
  file        = /home/daisy/GRB-Search-Pipeline/results/training/maps/longlow/adapt_p11-715852394892384_a135-0_232_map.h5
  source_tile = 1770
  slew_rate   = 10
  dwell_time  = 5
  output      = /home/daisy/GRB-Search-Pipeline/results/training/longlow_searching_5.36x4.5_tiling.csv

source = [78.2841, 135], n_src_events = 628, n_bkg_events = 894
Loaded 99 entries (unique=99, duplicates=0, missing=49053, out_of_bounds=0, non-finite=0)
Sum(prob) over finite entries = 0.999999
init sum: 0.999999
num pixels: 49152
tile num: 1798
total tile prob: 0.999999
tiles with prob > 0: 10
total tile prob after trim: 0.999999
num tiles after trim: 10
init_pos: 1752
*********running GCP*********
total time (wallclock): 0.0225167 seconds

$ /home/daisy/GRB-Search-Pipeline/search-planning/build/sp_train /home/daisy/GRB-Search-Pipeline/results/training/maps/longlow/adapt_p11-715852394892384_a135-0_233_map.h5 /home/daisy/GRB-Search-Pipeline/search-planning/tilings/tiling_files/5.36x4.5_tiling.csv 1770 10.0 10.0 5.0 0 /home/daisy/GRB-Search-Pipeline/results/training/longlow_searching_5.36x4.5_tiling.csv
Input Parameters:
  file        = /home/daisy/GRB-Search-Pipeline/results/training/maps/longlow/adapt_p11-715852394892384_a135-0_233_map.h5
  source_tile = 1770
  slew_rate   = 10
  dwell_time  = 5
  output      = /home/daisy/GRB-Search-Pipeline/results/training/longlow_searching_5.36x4.5_tiling.csv

source = [78.2841, 135], n_src_events = 558, n_bkg_events = 326
Loaded 79 entries (unique=79, duplicates=0, missing=49073, out_of_bounds=0, non-finite=0)
Sum(prob) over finite entries = 0.999999
init sum: 0.999999
num pixels: 49152
tile num: 1798
total tile prob: 0.999999
tiles with prob > 0: 8
total tile prob after trim: 0.999999
num tiles after trim: 8
init_pos: 1751
*********running GCP*********
total time (wallclock): 0.0228859 seconds

$ /home/daisy/GRB-Search-Pipeline/search-planning/build/sp_train /home/daisy/GRB-Search-Pipeline/results/training/maps/longlow/adapt_p11-715852394892384_a135-0_234_map.h5 /home/daisy/GRB-Search-Pipeline/search-planning/tilings/tiling_files/5.36x4.5_tiling.csv 1770 10.0 10.0 5.0 0 /home/daisy/GRB-Search-Pipeline/results/training/longlow_searching_5.36x4.5_tiling.csv
Input Parameters:
  file        = /home/daisy/GRB-Search-Pipeline/results/training/maps/longlow/adapt_p11-715852394892384_a135-0_234_map.h5
  source_tile = 1770
  slew_rate   = 10
  dwell_time  = 5
  output      = /home/daisy/GRB-Search-Pipeline/results/training/longlow_searching_5.36x4.5_tiling.csv

source = [78.2841, 135], n_src_events = 397, n_bkg_events = 289
Loaded 105 entries (unique=105, duplicates=0, missing=49047, out_of_bounds=0, non-finite=0)
Sum(prob) over finite entries = 0.999999
init sum: 0.999999
num pixels: 49152
tile num: 1798
total tile prob: 0.999999
tiles with prob > 0: 9
total tile prob after trim: 0.999999
num tiles after trim: 9
init_pos: 1751
*********running GCP*********
total time (wallclock): 0.0228513 seconds

$ /home/daisy/GRB-Search-Pipeline/search-planning/build/sp_train /home/daisy/GRB-Search-Pipeline/results/training/maps/longlow/adapt_p11-715852394892384_a135-0_235_map.h5 /home/daisy/GRB-Search-Pipeline/search-planning/tilings/tiling_files/5.36x4.5_tiling.csv 1770 10.0 10.0 5.0 0 /home/daisy/GRB-Search-Pipeline/results/training/longlow_searching_5.36x4.5_tiling.csv
Input Parameters:
  file        = /home/daisy/GRB-Search-Pipeline/results/training/maps/longlow/adapt_p11-715852394892384_a135-0_235_map.h5
  source_tile = 1770
  slew_rate   = 10
  dwell_time  = 5
  output      = /home/daisy/GRB-Search-Pipeline/results/training/longlow_searching_5.36x4.5_tiling.csv

source = [78.2841, 135], n_src_events = 559, n_bkg_events = 1032
Loaded 111 entries (unique=111, duplicates=0, missing=49041, out_of_bounds=0, non-finite=0)
Sum(prob) over finite entries = 0.999998
init sum: 0.999998
num pixels: 49152
tile num: 1798
total tile prob: 0.999998
tiles with prob > 0: 10
total tile prob after trim: 0.999998
num tiles after trim: 10
init_pos: 1785
*********running GCP*********
total time (wallclock): 0.0234133 seconds

$ /home/daisy/GRB-Search-Pipeline/search-planning/build/sp_train /home/daisy/GRB-Search-Pipeline/results/training/maps/longlow/adapt_p11-715852394892384_a135-0_236_map.h5 /home/daisy/GRB-Search-Pipeline/search-planning/tilings/tiling_files/5.36x4.5_tiling.csv 1770 10.0 10.0 5.0 0 /home/daisy/GRB-Search-Pipeline/results/training/longlow_searching_5.36x4.5_tiling.csv
Input Parameters:
  file        = /home/daisy/GRB-Search-Pipeline/results/training/maps/longlow/adapt_p11-715852394892384_a135-0_236_map.h5
  source_tile = 1770
  slew_rate   = 10
  dwell_time  = 5
  output      = /home/daisy/GRB-Search-Pipeline/results/training/longlow_searching_5.36x4.5_tiling.csv

source = [78.2841, 135], n_src_events = 688, n_bkg_events = 1100
Loaded 66 entries (unique=66, duplicates=0, missing=49086, out_of_bounds=0, non-finite=0)
Sum(prob) over finite entries = 0.999999
init sum: 0.999999
num pixels: 49152
tile num: 1798
total tile prob: 0.999999
tiles with prob > 0: 5
total tile prob after trim: 0.999999
num tiles after trim: 5
init_pos: 1771
*********running GCP*********
total time (wallclock): 0.0233048 seconds

$ /home/daisy/GRB-Search-Pipeline/search-planning/build/sp_train /home/daisy/GRB-Search-Pipeline/results/training/maps/longlow/adapt_p11-715852394892384_a135-0_237_map.h5 /home/daisy/GRB-Search-Pipeline/search-planning/tilings/tiling_files/5.36x4.5_tiling.csv 1770 10.0 10.0 5.0 0 /home/daisy/GRB-Search-Pipeline/results/training/longlow_searching_5.36x4.5_tiling.csv
Input Parameters:
  file        = /home/daisy/GRB-Search-Pipeline/results/training/maps/longlow/adapt_p11-715852394892384_a135-0_237_map.h5
  source_tile = 1770
  slew_rate   = 10
  dwell_time  = 5
  output      = /home/daisy/GRB-Search-Pipeline/results/training/longlow_searching_5.36x4.5_tiling.csv

source = [78.2841, 135], n_src_events = 587, n_bkg_events = 389
Loaded 116 entries (unique=116, duplicates=0, missing=49036, out_of_bounds=0, non-finite=0)
Sum(prob) over finite entries = 0.999999
init sum: 0.999999
num pixels: 49152
tile num: 1798
total tile prob: 0.999999
tiles with prob > 0: 11
total tile prob after trim: 0.999999
num tiles after trim: 11
init_pos: 1771
*********running GCP*********
total time (wallclock): 0.0246562 seconds

$ /home/daisy/GRB-Search-Pipeline/search-planning/build/sp_train /home/daisy/GRB-Search-Pipeline/results/training/maps/longlow/adapt_p11-715852394892384_a135-0_238_map.h5 /home/daisy/GRB-Search-Pipeline/search-planning/tilings/tiling_files/5.36x4.5_tiling.csv 1770 10.0 10.0 5.0 0 /home/daisy/GRB-Search-Pipeline/results/training/longlow_searching_5.36x4.5_tiling.csv
Input Parameters:
  file        = /home/daisy/GRB-Search-Pipeline/results/training/maps/longlow/adapt_p11-715852394892384_a135-0_238_map.h5
  source_tile = 1770
  slew_rate   = 10
  dwell_time  = 5
  output      = /home/daisy/GRB-Search-Pipeline/results/training/longlow_searching_5.36x4.5_tiling.csv

source = [78.2841, 135], n_src_events = 160, n_bkg_events = 1024
Loaded 1136 entries (unique=1136, duplicates=0, missing=48016, out_of_bounds=0, non-finite=0)
Sum(prob) over finite entries = 0.999997
init sum: 0.999997
num pixels: 49152
tile num: 1798
total tile prob: 0.999997
tiles with prob > 0: 63
total tile prob after trim: 0.999997
num tiles after trim: 63
init_pos: 1784
*********running GCP*********
total time (wallclock): 0.0253455 seconds

$ /home/daisy/GRB-Search-Pipeline/search-planning/build/sp_train /home/daisy/GRB-Search-Pipeline/results/training/maps/longlow/adapt_p11-715852394892384_a135-0_239_map.h5 /home/daisy/GRB-Search-Pipeline/search-planning/tilings/tiling_files/5.36x4.5_tiling.csv 1770 10.0 10.0 5.0 0 /home/daisy/GRB-Search-Pipeline/results/training/longlow_searching_5.36x4.5_tiling.csv
Input Parameters:
  file        = /home/daisy/GRB-Search-Pipeline/results/training/maps/longlow/adapt_p11-715852394892384_a135-0_239_map.h5
  source_tile = 1770
  slew_rate   = 10
  dwell_time  = 5
  output      = /home/daisy/GRB-Search-Pipeline/results/training/longlow_searching_5.36x4.5_tiling.csv

source = [78.2841, 135], n_src_events = 845, n_bkg_events = 441
Loaded 40 entries (unique=40, duplicates=0, missing=49112, out_of_bounds=0, non-finite=0)
Sum(prob) over finite entries = 0.999998
init sum: 0.999998
num pixels: 49152
tile num: 1798
total tile prob: 0.999998
tiles with prob > 0: 5
total tile prob after trim: 0.999998
num tiles after trim: 5
init_pos: 1771
*********running GCP*********
total time (wallclock): 0.0227961 seconds

$ /home/daisy/GRB-Search-Pipeline/search-planning/build/sp_train /home/daisy/GRB-Search-Pipeline/results/training/maps/longlow/adapt_p11-715852394892384_a135-0_23_map.h5 /home/daisy/GRB-Search-Pipeline/search-planning/tilings/tiling_files/5.36x4.5_tiling.csv 1770 10.0 10.0 5.0 0 /home/daisy/GRB-Search-Pipeline/results/training/longlow_searching_5.36x4.5_tiling.csv
Input Parameters:
  file        = /home/daisy/GRB-Search-Pipeline/results/training/maps/longlow/adapt_p11-715852394892384_a135-0_23_map.h5
  source_tile = 1770
  slew_rate   = 10
  dwell_time  = 5
  output      = /home/daisy/GRB-Search-Pipeline/results/training/longlow_searching_5.36x4.5_tiling.csv

source = [78.2841, 135], n_src_events = 738, n_bkg_events = 538
Loaded 51 entries (unique=51, duplicates=0, missing=49101, out_of_bounds=0, non-finite=0)
Sum(prob) over finite entries = 0.999999
init sum: 0.999999
num pixels: 49152
tile num: 1798
total tile prob: 0.999999
tiles with prob > 0: 5
total tile prob after trim: 0.999999
num tiles after trim: 5
init_pos: 1770
*********running GCP*********
total time (wallclock): 0.0217136 seconds

$ /home/daisy/GRB-Search-Pipeline/search-planning/build/sp_train /home/daisy/GRB-Search-Pipeline/results/training/maps/longlow/adapt_p11-715852394892384_a135-0_240_map.h5 /home/daisy/GRB-Search-Pipeline/search-planning/tilings/tiling_files/5.36x4.5_tiling.csv 1770 10.0 10.0 5.0 0 /home/daisy/GRB-Search-Pipeline/results/training/longlow_searching_5.36x4.5_tiling.csv
Input Parameters:
  file        = /home/daisy/GRB-Search-Pipeline/results/training/maps/longlow/adapt_p11-715852394892384_a135-0_240_map.h5
  source_tile = 1770
  slew_rate   = 10
  dwell_time  = 5
  output      = /home/daisy/GRB-Search-Pipeline/results/training/longlow_searching_5.36x4.5_tiling.csv

source = [78.2841, 135], n_src_events = 383, n_bkg_events = 256
Loaded 101 entries (unique=101, duplicates=0, missing=49051, out_of_bounds=0, non-finite=0)
Sum(prob) over finite entries = 0.999999
init sum: 0.999999
num pixels: 49152
tile num: 1798
total tile prob: 0.999999
tiles with prob > 0: 8
total tile prob after trim: 0.999999
num tiles after trim: 8
init_pos: 1752
*********running GCP*********
total time (wallclock): 0.022207 seconds

$ /home/daisy/GRB-Search-Pipeline/search-planning/build/sp_train /home/daisy/GRB-Search-Pipeline/results/training/maps/longlow/adapt_p11-715852394892384_a135-0_241_map.h5 /home/daisy/GRB-Search-Pipeline/search-planning/tilings/tiling_files/5.36x4.5_tiling.csv 1770 10.0 10.0 5.0 0 /home/daisy/GRB-Search-Pipeline/results/training/longlow_searching_5.36x4.5_tiling.csv
Input Parameters:
  file        = /home/daisy/GRB-Search-Pipeline/results/training/maps/longlow/adapt_p11-715852394892384_a135-0_241_map.h5
  source_tile = 1770
  slew_rate   = 10
  dwell_time  = 5
  output      = /home/daisy/GRB-Search-Pipeline/results/training/longlow_searching_5.36x4.5_tiling.csv

source = [78.2841, 135], n_src_events = 420, n_bkg_events = 667
Loaded 115 entries (unique=115, duplicates=0, missing=49037, out_of_bounds=0, non-finite=0)
Sum(prob) over finite entries = 0.999999
init sum: 0.999999
num pixels: 49152
tile num: 1798
total tile prob: 0.999999
tiles with prob > 0: 10
total tile prob after trim: 0.999999
num tiles after trim: 10
init_pos: 1785
*********running GCP*********
total time (wallclock): 0.0223472 seconds

$ /home/daisy/GRB-Search-Pipeline/search-planning/build/sp_train /home/daisy/GRB-Search-Pipeline/results/training/maps/longlow/adapt_p11-715852394892384_a135-0_242_map.h5 /home/daisy/GRB-Search-Pipeline/search-planning/tilings/tiling_files/5.36x4.5_tiling.csv 1770 10.0 10.0 5.0 0 /home/daisy/GRB-Search-Pipeline/results/training/longlow_searching_5.36x4.5_tiling.csv
Input Parameters:
  file        = /home/daisy/GRB-Search-Pipeline/results/training/maps/longlow/adapt_p11-715852394892384_a135-0_242_map.h5
  source_tile = 1770
  slew_rate   = 10
  dwell_time  = 5
  output      = /home/daisy/GRB-Search-Pipeline/results/training/longlow_searching_5.36x4.5_tiling.csv

source = [78.2841, 135], n_src_events = 259, n_bkg_events = 409
Loaded 181 entries (unique=181, duplicates=0, missing=48971, out_of_bounds=0, non-finite=0)
Sum(prob) over finite entries = 0.999999
init sum: 0.999999
num pixels: 49152
tile num: 1798
total tile prob: 0.999999
tiles with prob > 0: 12
total tile prob after trim: 0.999999
num tiles after trim: 12
init_pos: 1772
*********running GCP*********
total time (wallclock): 0.0240333 seconds

$ /home/daisy/GRB-Search-Pipeline/search-planning/build/sp_train /home/daisy/GRB-Search-Pipeline/results/training/maps/longlow/adapt_p11-715852394892384_a135-0_243_map.h5 /home/daisy/GRB-Search-Pipeline/search-planning/tilings/tiling_files/5.36x4.5_tiling.csv 1770 10.0 10.0 5.0 0 /home/daisy/GRB-Search-Pipeline/results/training/longlow_searching_5.36x4.5_tiling.csv
Input Parameters:
  file        = /home/daisy/GRB-Search-Pipeline/results/training/maps/longlow/adapt_p11-715852394892384_a135-0_243_map.h5
  source_tile = 1770
  slew_rate   = 10
  dwell_time  = 5
  output      = /home/daisy/GRB-Search-Pipeline/results/training/longlow_searching_5.36x4.5_tiling.csv

source = [78.2841, 135], n_src_events = 310, n_bkg_events = 538
Loaded 210 entries (unique=210, duplicates=0, missing=48942, out_of_bounds=0, non-finite=0)
Sum(prob) over finite entries = 0.999998
init sum: 0.999998
num pixels: 49152
tile num: 1798
total tile prob: 0.999998
tiles with prob > 0: 11
total tile prob after trim: 0.999998
num tiles after trim: 11
init_pos: 1771
*********running GCP*********
total time (wallclock): 0.0243048 seconds

$ /home/daisy/GRB-Search-Pipeline/search-planning/build/sp_train /home/daisy/GRB-Search-Pipeline/results/training/maps/longlow/adapt_p11-715852394892384_a135-0_244_map.h5 /home/daisy/GRB-Search-Pipeline/search-planning/tilings/tiling_files/5.36x4.5_tiling.csv 1770 10.0 10.0 5.0 0 /home/daisy/GRB-Search-Pipeline/results/training/longlow_searching_5.36x4.5_tiling.csv
Input Parameters:
  file        = /home/daisy/GRB-Search-Pipeline/results/training/maps/longlow/adapt_p11-715852394892384_a135-0_244_map.h5
  source_tile = 1770
  slew_rate   = 10
  dwell_time  = 5
  output      = /home/daisy/GRB-Search-Pipeline/results/training/longlow_searching_5.36x4.5_tiling.csv

source = [78.2841, 135], n_src_events = 608, n_bkg_events = 1066
Loaded 116 entries (unique=116, duplicates=0, missing=49036, out_of_bounds=0, non-finite=0)
Sum(prob) over finite entries = 0.999998
init sum: 0.999998
num pixels: 49152
tile num: 1798
total tile prob: 0.999998
tiles with prob > 0: 9
total tile prob after trim: 0.999998
num tiles after trim: 9
init_pos: 1752
*********running GCP*********
total time (wallclock): 0.0230825 seconds

$ /home/daisy/GRB-Search-Pipeline/search-planning/build/sp_train /home/daisy/GRB-Search-Pipeline/results/training/maps/longlow/adapt_p11-715852394892384_a135-0_245_map.h5 /home/daisy/GRB-Search-Pipeline/search-planning/tilings/tiling_files/5.36x4.5_tiling.csv 1770 10.0 10.0 5.0 0 /home/daisy/GRB-Search-Pipeline/results/training/longlow_searching_5.36x4.5_tiling.csv
Input Parameters:
  file        = /home/daisy/GRB-Search-Pipeline/results/training/maps/longlow/adapt_p11-715852394892384_a135-0_245_map.h5
  source_tile = 1770
  slew_rate   = 10
  dwell_time  = 5
  output      = /home/daisy/GRB-Search-Pipeline/results/training/longlow_searching_5.36x4.5_tiling.csv

source = [78.2841, 135], n_src_events = 791, n_bkg_events = 1054
Loaded 62 entries (unique=62, duplicates=0, missing=49090, out_of_bounds=0, non-finite=0)
Sum(prob) over finite entries = 0.999999
init sum: 0.999999
num pixels: 49152
tile num: 1798
total tile prob: 0.999999
tiles with prob > 0: 6
total tile prob after trim: 0.999999
num tiles after trim: 6
init_pos: 1771
*********running GCP*********
total time (wallclock): 0.0229775 seconds

$ /home/daisy/GRB-Search-Pipeline/search-planning/build/sp_train /home/daisy/GRB-Search-Pipeline/results/training/maps/longlow/adapt_p11-715852394892384_a135-0_246_map.h5 /home/daisy/GRB-Search-Pipeline/search-planning/tilings/tiling_files/5.36x4.5_tiling.csv 1770 10.0 10.0 5.0 0 /home/daisy/GRB-Search-Pipeline/results/training/longlow_searching_5.36x4.5_tiling.csv
Input Parameters:
  file        = /home/daisy/GRB-Search-Pipeline/results/training/maps/longlow/adapt_p11-715852394892384_a135-0_246_map.h5
  source_tile = 1770
  slew_rate   = 10
  dwell_time  = 5
  output      = /home/daisy/GRB-Search-Pipeline/results/training/longlow_searching_5.36x4.5_tiling.csv

source = [78.2841, 135], n_src_events = 193, n_bkg_events = 789
Loaded 1490 entries (unique=1490, duplicates=0, missing=47662, out_of_bounds=0, non-finite=0)
Sum(prob) over finite entries = 0.999996
init sum: 0.999996
num pixels: 49152
tile num: 1798
total tile prob: 0.999996
tiles with prob > 0: 85
total tile prob after trim: 0.999996
num tiles after trim: 85
init_pos: 1719
*********running GCP*********
total time (wallclock): 0.0279513 seconds

$ /home/daisy/GRB-Search-Pipeline/search-planning/build/sp_train /home/daisy/GRB-Search-Pipeline/results/training/maps/longlow/adapt_p11-715852394892384_a135-0_247_map.h5 /home/daisy/GRB-Search-Pipeline/search-planning/tilings/tiling_files/5.36x4.5_tiling.csv 1770 10.0 10.0 5.0 0 /home/daisy/GRB-Search-Pipeline/results/training/longlow_searching_5.36x4.5_tiling.csv
Input Parameters:
  file        = /home/daisy/GRB-Search-Pipeline/results/training/maps/longlow/adapt_p11-715852394892384_a135-0_247_map.h5
  source_tile = 1770
  slew_rate   = 10
  dwell_time  = 5
  output      = /home/daisy/GRB-Search-Pipeline/results/training/longlow_searching_5.36x4.5_tiling.csv

source = [78.2841, 135], n_src_events = 684, n_bkg_events = 412
Loaded 52 entries (unique=52, duplicates=0, missing=49100, out_of_bounds=0, non-finite=0)
Sum(prob) over finite entries = 0.999999
init sum: 0.999999
num pixels: 49152
tile num: 1798
total tile prob: 0.999999
tiles with prob > 0: 6
total tile prob after trim: 0.999999
num tiles after trim: 6
init_pos: 1753
*********running GCP*********
total time (wallclock): 0.023054 seconds

$ /home/daisy/GRB-Search-Pipeline/search-planning/build/sp_train /home/daisy/GRB-Search-Pipeline/results/training/maps/longlow/adapt_p11-715852394892384_a135-0_248_map.h5 /home/daisy/GRB-Search-Pipeline/search-planning/tilings/tiling_files/5.36x4.5_tiling.csv 1770 10.0 10.0 5.0 0 /home/daisy/GRB-Search-Pipeline/results/training/longlow_searching_5.36x4.5_tiling.csv
Input Parameters:
  file        = /home/daisy/GRB-Search-Pipeline/results/training/maps/longlow/adapt_p11-715852394892384_a135-0_248_map.h5
  source_tile = 1770
  slew_rate   = 10
  dwell_time  = 5
  output      = /home/daisy/GRB-Search-Pipeline/results/training/longlow_searching_5.36x4.5_tiling.csv

source = [78.2841, 135], n_src_events = 585, n_bkg_events = 1082
Loaded 84 entries (unique=84, duplicates=0, missing=49068, out_of_bounds=0, non-finite=0)
Sum(prob) over finite entries = 0.999999
init sum: 0.999999
num pixels: 49152
tile num: 1798
total tile prob: 0.999999
tiles with prob > 0: 8
total tile prob after trim: 0.999999
num tiles after trim: 8
init_pos: 1770
*********running GCP*********
total time (wallclock): 0.0216955 seconds

$ /home/daisy/GRB-Search-Pipeline/search-planning/build/sp_train /home/daisy/GRB-Search-Pipeline/results/training/maps/longlow/adapt_p11-715852394892384_a135-0_249_map.h5 /home/daisy/GRB-Search-Pipeline/search-planning/tilings/tiling_files/5.36x4.5_tiling.csv 1770 10.0 10.0 5.0 0 /home/daisy/GRB-Search-Pipeline/results/training/longlow_searching_5.36x4.5_tiling.csv
Input Parameters:
  file        = /home/daisy/GRB-Search-Pipeline/results/training/maps/longlow/adapt_p11-715852394892384_a135-0_249_map.h5
  source_tile = 1770
  slew_rate   = 10
  dwell_time  = 5
  output      = /home/daisy/GRB-Search-Pipeline/results/training/longlow_searching_5.36x4.5_tiling.csv

source = [78.2841, 135], n_src_events = 751, n_bkg_events = 199
Loaded 50 entries (unique=50, duplicates=0, missing=49102, out_of_bounds=0, non-finite=0)
Sum(prob) over finite entries = 0.999998
init sum: 0.999998
num pixels: 49152
tile num: 1798
total tile prob: 0.999998
tiles with prob > 0: 5
total tile prob after trim: 0.999998
num tiles after trim: 5
init_pos: 1771
*********running GCP*********
total time (wallclock): 0.0229162 seconds

$ /home/daisy/GRB-Search-Pipeline/search-planning/build/sp_train /home/daisy/GRB-Search-Pipeline/results/training/maps/longlow/adapt_p11-715852394892384_a135-0_24_map.h5 /home/daisy/GRB-Search-Pipeline/search-planning/tilings/tiling_files/5.36x4.5_tiling.csv 1770 10.0 10.0 5.0 0 /home/daisy/GRB-Search-Pipeline/results/training/longlow_searching_5.36x4.5_tiling.csv
Input Parameters:
  file        = /home/daisy/GRB-Search-Pipeline/results/training/maps/longlow/adapt_p11-715852394892384_a135-0_24_map.h5
  source_tile = 1770
  slew_rate   = 10
  dwell_time  = 5
  output      = /home/daisy/GRB-Search-Pipeline/results/training/longlow_searching_5.36x4.5_tiling.csv

source = [78.2841, 135], n_src_events = 759, n_bkg_events = 545
Loaded 50 entries (unique=50, duplicates=0, missing=49102, out_of_bounds=0, non-finite=0)
Sum(prob) over finite entries = 0.999998
init sum: 0.999998
num pixels: 49152
tile num: 1798
total tile prob: 0.999998
tiles with prob > 0: 5
total tile prob after trim: 0.999998
num tiles after trim: 5
init_pos: 1752
*********running GCP*********
total time (wallclock): 0.0222471 seconds

$ /home/daisy/GRB-Search-Pipeline/search-planning/build/sp_train /home/daisy/GRB-Search-Pipeline/results/training/maps/longlow/adapt_p11-715852394892384_a135-0_250_map.h5 /home/daisy/GRB-Search-Pipeline/search-planning/tilings/tiling_files/5.36x4.5_tiling.csv 1770 10.0 10.0 5.0 0 /home/daisy/GRB-Search-Pipeline/results/training/longlow_searching_5.36x4.5_tiling.csv
Input Parameters:
  file        = /home/daisy/GRB-Search-Pipeline/results/training/maps/longlow/adapt_p11-715852394892384_a135-0_250_map.h5
  source_tile = 1770
  slew_rate   = 10
  dwell_time  = 5
  output      = /home/daisy/GRB-Search-Pipeline/results/training/longlow_searching_5.36x4.5_tiling.csv

source = [78.2841, 135], n_src_events = 786, n_bkg_events = 822
Loaded 62 entries (unique=62, duplicates=0, missing=49090, out_of_bounds=0, non-finite=0)
Sum(prob) over finite entries = 0.999999
init sum: 0.999999
num pixels: 49152
tile num: 1798
total tile prob: 0.999999
tiles with prob > 0: 7
total tile prob after trim: 0.999999
num tiles after trim: 7
init_pos: 1752
*********running GCP*********
total time (wallclock): 0.0221741 seconds

$ /home/daisy/GRB-Search-Pipeline/search-planning/build/sp_train /home/daisy/GRB-Search-Pipeline/results/training/maps/longlow/adapt_p11-715852394892384_a135-0_251_map.h5 /home/daisy/GRB-Search-Pipeline/search-planning/tilings/tiling_files/5.36x4.5_tiling.csv 1770 10.0 10.0 5.0 0 /home/daisy/GRB-Search-Pipeline/results/training/longlow_searching_5.36x4.5_tiling.csv
Input Parameters:
  file        = /home/daisy/GRB-Search-Pipeline/results/training/maps/longlow/adapt_p11-715852394892384_a135-0_251_map.h5
  source_tile = 1770
  slew_rate   = 10
  dwell_time  = 5
  output      = /home/daisy/GRB-Search-Pipeline/results/training/longlow_searching_5.36x4.5_tiling.csv

source = [78.2841, 135], n_src_events = 618, n_bkg_events = 301
Loaded 61 entries (unique=61, duplicates=0, missing=49091, out_of_bounds=0, non-finite=0)
Sum(prob) over finite entries = 0.999999
init sum: 0.999999
num pixels: 49152
tile num: 1798
total tile prob: 0.999999
tiles with prob > 0: 5
total tile prob after trim: 0.999999
num tiles after trim: 5
init_pos: 1771
*********running GCP*********
total time (wallclock): 0.022875 seconds

$ /home/daisy/GRB-Search-Pipeline/search-planning/build/sp_train /home/daisy/GRB-Search-Pipeline/results/training/maps/longlow/adapt_p11-715852394892384_a135-0_252_map.h5 /home/daisy/GRB-Search-Pipeline/search-planning/tilings/tiling_files/5.36x4.5_tiling.csv 1770 10.0 10.0 5.0 0 /home/daisy/GRB-Search-Pipeline/results/training/longlow_searching_5.36x4.5_tiling.csv
Input Parameters:
  file        = /home/daisy/GRB-Search-Pipeline/results/training/maps/longlow/adapt_p11-715852394892384_a135-0_252_map.h5
  source_tile = 1770
  slew_rate   = 10
  dwell_time  = 5
  output      = /home/daisy/GRB-Search-Pipeline/results/training/longlow_searching_5.36x4.5_tiling.csv

source = [78.2841, 135], n_src_events = 795, n_bkg_events = 1026
Loaded 68 entries (unique=68, duplicates=0, missing=49084, out_of_bounds=0, non-finite=0)
Sum(prob) over finite entries = 0.999999
init sum: 0.999999
num pixels: 49152
tile num: 1798
total tile prob: 0.999999
tiles with prob > 0: 6
total tile prob after trim: 0.999999
num tiles after trim: 6
init_pos: 1752
*********running GCP*********
total time (wallclock): 0.0222699 seconds

$ /home/daisy/GRB-Search-Pipeline/search-planning/build/sp_train /home/daisy/GRB-Search-Pipeline/results/training/maps/longlow/adapt_p11-715852394892384_a135-0_253_map.h5 /home/daisy/GRB-Search-Pipeline/search-planning/tilings/tiling_files/5.36x4.5_tiling.csv 1770 10.0 10.0 5.0 0 /home/daisy/GRB-Search-Pipeline/results/training/longlow_searching_5.36x4.5_tiling.csv
Input Parameters:
  file        = /home/daisy/GRB-Search-Pipeline/results/training/maps/longlow/adapt_p11-715852394892384_a135-0_253_map.h5
  source_tile = 1770
  slew_rate   = 10
  dwell_time  = 5
  output      = /home/daisy/GRB-Search-Pipeline/results/training/longlow_searching_5.36x4.5_tiling.csv

source = [78.2841, 135], n_src_events = 478, n_bkg_events = 504
Loaded 128 entries (unique=128, duplicates=0, missing=49024, out_of_bounds=0, non-finite=0)
Sum(prob) over finite entries = 0.999999
init sum: 0.999999
num pixels: 49152
tile num: 1798
total tile prob: 0.999999
tiles with prob > 0: 12
total tile prob after trim: 0.999999
num tiles after trim: 12
init_pos: 1752
*********running GCP*********
total time (wallclock): 0.0242456 seconds

$ /home/daisy/GRB-Search-Pipeline/search-planning/build/sp_train /home/daisy/GRB-Search-Pipeline/results/training/maps/longlow/adapt_p11-715852394892384_a135-0_254_map.h5 /home/daisy/GRB-Search-Pipeline/search-planning/tilings/tiling_files/5.36x4.5_tiling.csv 1770 10.0 10.0 5.0 0 /home/daisy/GRB-Search-Pipeline/results/training/longlow_searching_5.36x4.5_tiling.csv
Input Parameters:
  file        = /home/daisy/GRB-Search-Pipeline/results/training/maps/longlow/adapt_p11-715852394892384_a135-0_254_map.h5
  source_tile = 1770
  slew_rate   = 10
  dwell_time  = 5
  output      = /home/daisy/GRB-Search-Pipeline/results/training/longlow_searching_5.36x4.5_tiling.csv

source = [78.2841, 135], n_src_events = 615, n_bkg_events = 967
Loaded 61 entries (unique=61, duplicates=0, missing=49091, out_of_bounds=0, non-finite=0)
Sum(prob) over finite entries = 0.999998
init sum: 0.999998
num pixels: 49152
tile num: 1798
total tile prob: 0.999998
tiles with prob > 0: 5
total tile prob after trim: 0.999998
num tiles after trim: 5
init_pos: 1770
*********running GCP*********
total time (wallclock): 0.0217881 seconds

$ /home/daisy/GRB-Search-Pipeline/search-planning/build/sp_train /home/daisy/GRB-Search-Pipeline/results/training/maps/longlow/adapt_p11-715852394892384_a135-0_255_map.h5 /home/daisy/GRB-Search-Pipeline/search-planning/tilings/tiling_files/5.36x4.5_tiling.csv 1770 10.0 10.0 5.0 0 /home/daisy/GRB-Search-Pipeline/results/training/longlow_searching_5.36x4.5_tiling.csv
Input Parameters:
  file        = /home/daisy/GRB-Search-Pipeline/results/training/maps/longlow/adapt_p11-715852394892384_a135-0_255_map.h5
  source_tile = 1770
  slew_rate   = 10
  dwell_time  = 5
  output      = /home/daisy/GRB-Search-Pipeline/results/training/longlow_searching_5.36x4.5_tiling.csv

source = [78.2841, 135], n_src_events = 427, n_bkg_events = 888
Loaded 194 entries (unique=194, duplicates=0, missing=48958, out_of_bounds=0, non-finite=0)
Sum(prob) over finite entries = 0.999998
init sum: 0.999998
num pixels: 49152
tile num: 1798
total tile prob: 0.999998
tiles with prob > 0: 14
total tile prob after trim: 0.999998
num tiles after trim: 14
init_pos: 1753
*********running GCP*********
total time (wallclock): 0.0234776 seconds

$ /home/daisy/GRB-Search-Pipeline/search-planning/build/sp_train /home/daisy/GRB-Search-Pipeline/results/training/maps/longlow/adapt_p11-715852394892384_a135-0_256_map.h5 /home/daisy/GRB-Search-Pipeline/search-planning/tilings/tiling_files/5.36x4.5_tiling.csv 1770 10.0 10.0 5.0 0 /home/daisy/GRB-Search-Pipeline/results/training/longlow_searching_5.36x4.5_tiling.csv
Input Parameters:
  file        = /home/daisy/GRB-Search-Pipeline/results/training/maps/longlow/adapt_p11-715852394892384_a135-0_256_map.h5
  source_tile = 1770
  slew_rate   = 10
  dwell_time  = 5
  output      = /home/daisy/GRB-Search-Pipeline/results/training/longlow_searching_5.36x4.5_tiling.csv

source = [78.2841, 135], n_src_events = 396, n_bkg_events = 841
Loaded 170 entries (unique=170, duplicates=0, missing=48982, out_of_bounds=0, non-finite=0)
Sum(prob) over finite entries = 0.999998
init sum: 0.999998
num pixels: 49152
tile num: 1798
total tile prob: 0.999998
tiles with prob > 0: 12
total tile prob after trim: 0.999998
num tiles after trim: 12
init_pos: 1770
*********running GCP*********
total time (wallclock): 0.0220041 seconds

$ /home/daisy/GRB-Search-Pipeline/search-planning/build/sp_train /home/daisy/GRB-Search-Pipeline/results/training/maps/longlow/adapt_p11-715852394892384_a135-0_257_map.h5 /home/daisy/GRB-Search-Pipeline/search-planning/tilings/tiling_files/5.36x4.5_tiling.csv 1770 10.0 10.0 5.0 0 /home/daisy/GRB-Search-Pipeline/results/training/longlow_searching_5.36x4.5_tiling.csv
Input Parameters:
  file        = /home/daisy/GRB-Search-Pipeline/results/training/maps/longlow/adapt_p11-715852394892384_a135-0_257_map.h5
  source_tile = 1770
  slew_rate   = 10
  dwell_time  = 5
  output      = /home/daisy/GRB-Search-Pipeline/results/training/longlow_searching_5.36x4.5_tiling.csv

source = [78.2841, 135], n_src_events = 412, n_bkg_events = 379
Loaded 180 entries (unique=180, duplicates=0, missing=48972, out_of_bounds=0, non-finite=0)
Sum(prob) over finite entries = 0.999999
init sum: 0.999999
num pixels: 49152
tile num: 1798
total tile prob: 0.999999
tiles with prob > 0: 13
total tile prob after trim: 0.999999
num tiles after trim: 13
init_pos: 1753
*********running GCP*********
total time (wallclock): 0.0233187 seconds

$ /home/daisy/GRB-Search-Pipeline/search-planning/build/sp_train /home/daisy/GRB-Search-Pipeline/results/training/maps/longlow/adapt_p11-715852394892384_a135-0_258_map.h5 /home/daisy/GRB-Search-Pipeline/search-planning/tilings/tiling_files/5.36x4.5_tiling.csv 1770 10.0 10.0 5.0 0 /home/daisy/GRB-Search-Pipeline/results/training/longlow_searching_5.36x4.5_tiling.csv
Input Parameters:
  file        = /home/daisy/GRB-Search-Pipeline/results/training/maps/longlow/adapt_p11-715852394892384_a135-0_258_map.h5
  source_tile = 1770
  slew_rate   = 10
  dwell_time  = 5
  output      = /home/daisy/GRB-Search-Pipeline/results/training/longlow_searching_5.36x4.5_tiling.csv

source = [78.2841, 135], n_src_events = 628, n_bkg_events = 395
Loaded 101 entries (unique=101, duplicates=0, missing=49051, out_of_bounds=0, non-finite=0)
Sum(prob) over finite entries = 0.999999
init sum: 0.999999
num pixels: 49152
tile num: 1798
total tile prob: 0.999999
tiles with prob > 0: 10
total tile prob after trim: 0.999999
num tiles after trim: 10
init_pos: 1752
*********running GCP*********
total time (wallclock): 0.0227044 seconds

$ /home/daisy/GRB-Search-Pipeline/search-planning/build/sp_train /home/daisy/GRB-Search-Pipeline/results/training/maps/longlow/adapt_p11-715852394892384_a135-0_259_map.h5 /home/daisy/GRB-Search-Pipeline/search-planning/tilings/tiling_files/5.36x4.5_tiling.csv 1770 10.0 10.0 5.0 0 /home/daisy/GRB-Search-Pipeline/results/training/longlow_searching_5.36x4.5_tiling.csv
Input Parameters:
  file        = /home/daisy/GRB-Search-Pipeline/results/training/maps/longlow/adapt_p11-715852394892384_a135-0_259_map.h5
  source_tile = 1770
  slew_rate   = 10
  dwell_time  = 5
  output      = /home/daisy/GRB-Search-Pipeline/results/training/longlow_searching_5.36x4.5_tiling.csv

source = [78.2841, 135], n_src_events = 437, n_bkg_events = 1054
Loaded 98 entries (unique=98, duplicates=0, missing=49054, out_of_bounds=0, non-finite=0)
Sum(prob) over finite entries = 0.999999
init sum: 0.999999
num pixels: 49152
tile num: 1798
total tile prob: 0.999999
tiles with prob > 0: 8
total tile prob after trim: 0.999999
num tiles after trim: 8
init_pos: 1752
*********running GCP*********
total time (wallclock): 0.0226193 seconds

$ /home/daisy/GRB-Search-Pipeline/search-planning/build/sp_train /home/daisy/GRB-Search-Pipeline/results/training/maps/longlow/adapt_p11-715852394892384_a135-0_25_map.h5 /home/daisy/GRB-Search-Pipeline/search-planning/tilings/tiling_files/5.36x4.5_tiling.csv 1770 10.0 10.0 5.0 0 /home/daisy/GRB-Search-Pipeline/results/training/longlow_searching_5.36x4.5_tiling.csv
Input Parameters:
  file        = /home/daisy/GRB-Search-Pipeline/results/training/maps/longlow/adapt_p11-715852394892384_a135-0_25_map.h5
  source_tile = 1770
  slew_rate   = 10
  dwell_time  = 5
  output      = /home/daisy/GRB-Search-Pipeline/results/training/longlow_searching_5.36x4.5_tiling.csv

source = [78.2841, 135], n_src_events = 199, n_bkg_events = 936
Loaded 1117 entries (unique=1117, duplicates=0, missing=48035, out_of_bounds=0, non-finite=0)
Sum(prob) over finite entries = 0.999996
init sum: 0.999996
num pixels: 49152
tile num: 1798
total tile prob: 0.999996
tiles with prob > 0: 64
total tile prob after trim: 0.999996
num tiles after trim: 64
init_pos: 1753
*********running GCP*********
total time (wallclock): 0.0245528 seconds

$ /home/daisy/GRB-Search-Pipeline/search-planning/build/sp_train /home/daisy/GRB-Search-Pipeline/results/training/maps/longlow/adapt_p11-715852394892384_a135-0_260_map.h5 /home/daisy/GRB-Search-Pipeline/search-planning/tilings/tiling_files/5.36x4.5_tiling.csv 1770 10.0 10.0 5.0 0 /home/daisy/GRB-Search-Pipeline/results/training/longlow_searching_5.36x4.5_tiling.csv
Input Parameters:
  file        = /home/daisy/GRB-Search-Pipeline/results/training/maps/longlow/adapt_p11-715852394892384_a135-0_260_map.h5
  source_tile = 1770
  slew_rate   = 10
  dwell_time  = 5
  output      = /home/daisy/GRB-Search-Pipeline/results/training/longlow_searching_5.36x4.5_tiling.csv

source = [78.2841, 135], n_src_events = 483, n_bkg_events = 248
Loaded 84 entries (unique=84, duplicates=0, missing=49068, out_of_bounds=0, non-finite=0)
Sum(prob) over finite entries = 0.999999
init sum: 0.999999
num pixels: 49152
tile num: 1798
total tile prob: 0.999999
tiles with prob > 0: 7
total tile prob after trim: 0.999999
num tiles after trim: 7
init_pos: 1786
*********running GCP*********
total time (wallclock): 0.0237661 seconds

$ /home/daisy/GRB-Search-Pipeline/search-planning/build/sp_train /home/daisy/GRB-Search-Pipeline/results/training/maps/longlow/adapt_p11-715852394892384_a135-0_261_map.h5 /home/daisy/GRB-Search-Pipeline/search-planning/tilings/tiling_files/5.36x4.5_tiling.csv 1770 10.0 10.0 5.0 0 /home/daisy/GRB-Search-Pipeline/results/training/longlow_searching_5.36x4.5_tiling.csv
Input Parameters:
  file        = /home/daisy/GRB-Search-Pipeline/results/training/maps/longlow/adapt_p11-715852394892384_a135-0_261_map.h5
  source_tile = 1770
  slew_rate   = 10
  dwell_time  = 5
  output      = /home/daisy/GRB-Search-Pipeline/results/training/longlow_searching_5.36x4.5_tiling.csv

source = [78.2841, 135], n_src_events = 175, n_bkg_events = 593
Loaded 734 entries (unique=734, duplicates=0, missing=48418, out_of_bounds=0, non-finite=0)
Sum(prob) over finite entries = 0.999998
init sum: 0.999998
num pixels: 49152
tile num: 1798
total tile prob: 0.999998
tiles with prob > 0: 42
total tile prob after trim: 0.999998
num tiles after trim: 42
init_pos: 1731
*********running GCP*********
total time (wallclock): 0.0307051 seconds

$ /home/daisy/GRB-Search-Pipeline/search-planning/build/sp_train /home/daisy/GRB-Search-Pipeline/results/training/maps/longlow/adapt_p11-715852394892384_a135-0_262_map.h5 /home/daisy/GRB-Search-Pipeline/search-planning/tilings/tiling_files/5.36x4.5_tiling.csv 1770 10.0 10.0 5.0 0 /home/daisy/GRB-Search-Pipeline/results/training/longlow_searching_5.36x4.5_tiling.csv
Input Parameters:
  file        = /home/daisy/GRB-Search-Pipeline/results/training/maps/longlow/adapt_p11-715852394892384_a135-0_262_map.h5
  source_tile = 1770
  slew_rate   = 10
  dwell_time  = 5
  output      = /home/daisy/GRB-Search-Pipeline/results/training/longlow_searching_5.36x4.5_tiling.csv

source = [78.2841, 135], n_src_events = 443, n_bkg_events = 1067
Loaded 152 entries (unique=152, duplicates=0, missing=49000, out_of_bounds=0, non-finite=0)
Sum(prob) over finite entries = 0.999999
init sum: 0.999999
num pixels: 49152
tile num: 1798
total tile prob: 0.999999
tiles with prob > 0: 12
total tile prob after trim: 0.999999
num tiles after trim: 12
init_pos: 1753
*********running GCP*********
total time (wallclock): 0.0234069 seconds

$ /home/daisy/GRB-Search-Pipeline/search-planning/build/sp_train /home/daisy/GRB-Search-Pipeline/results/training/maps/longlow/adapt_p11-715852394892384_a135-0_263_map.h5 /home/daisy/GRB-Search-Pipeline/search-planning/tilings/tiling_files/5.36x4.5_tiling.csv 1770 10.0 10.0 5.0 0 /home/daisy/GRB-Search-Pipeline/results/training/longlow_searching_5.36x4.5_tiling.csv
Input Parameters:
  file        = /home/daisy/GRB-Search-Pipeline/results/training/maps/longlow/adapt_p11-715852394892384_a135-0_263_map.h5
  source_tile = 1770
  slew_rate   = 10
  dwell_time  = 5
  output      = /home/daisy/GRB-Search-Pipeline/results/training/longlow_searching_5.36x4.5_tiling.csv

source = [78.2841, 135], n_src_events = 764, n_bkg_events = 284
Loaded 59 entries (unique=59, duplicates=0, missing=49093, out_of_bounds=0, non-finite=0)
Sum(prob) over finite entries = 0.999999
init sum: 0.999999
num pixels: 49152
tile num: 1798
total tile prob: 0.999999
tiles with prob > 0: 6
total tile prob after trim: 0.999999
num tiles after trim: 6
init_pos: 1752
*********running GCP*********
total time (wallclock): 0.0233256 seconds

$ /home/daisy/GRB-Search-Pipeline/search-planning/build/sp_train /home/daisy/GRB-Search-Pipeline/results/training/maps/longlow/adapt_p11-715852394892384_a135-0_264_map.h5 /home/daisy/GRB-Search-Pipeline/search-planning/tilings/tiling_files/5.36x4.5_tiling.csv 1770 10.0 10.0 5.0 0 /home/daisy/GRB-Search-Pipeline/results/training/longlow_searching_5.36x4.5_tiling.csv
Input Parameters:
  file        = /home/daisy/GRB-Search-Pipeline/results/training/maps/longlow/adapt_p11-715852394892384_a135-0_264_map.h5
  source_tile = 1770
  slew_rate   = 10
  dwell_time  = 5
  output      = /home/daisy/GRB-Search-Pipeline/results/training/longlow_searching_5.36x4.5_tiling.csv

source = [78.2841, 135], n_src_events = 151, n_bkg_events = 396
Loaded 367 entries (unique=367, duplicates=0, missing=48785, out_of_bounds=0, non-finite=0)
Sum(prob) over finite entries = 0.999998
init sum: 0.999998
num pixels: 49152
tile num: 1798
total tile prob: 0.999998
tiles with prob > 0: 24
total tile prob after trim: 0.999998
num tiles after trim: 24
init_pos: 1770
*********running GCP*********
total time (wallclock): 0.0222444 seconds

$ /home/daisy/GRB-Search-Pipeline/search-planning/build/sp_train /home/daisy/GRB-Search-Pipeline/results/training/maps/longlow/adapt_p11-715852394892384_a135-0_265_map.h5 /home/daisy/GRB-Search-Pipeline/search-planning/tilings/tiling_files/5.36x4.5_tiling.csv 1770 10.0 10.0 5.0 0 /home/daisy/GRB-Search-Pipeline/results/training/longlow_searching_5.36x4.5_tiling.csv
Input Parameters:
  file        = /home/daisy/GRB-Search-Pipeline/results/training/maps/longlow/adapt_p11-715852394892384_a135-0_265_map.h5
  source_tile = 1770
  slew_rate   = 10
  dwell_time  = 5
  output      = /home/daisy/GRB-Search-Pipeline/results/training/longlow_searching_5.36x4.5_tiling.csv

source = [78.2841, 135], n_src_events = 147, n_bkg_events = 909
Loaded 1886 entries (unique=1886, duplicates=0, missing=47266, out_of_bounds=0, non-finite=0)
Sum(prob) over finite entries = 0.999996
init sum: 0.999996
num pixels: 49152
tile num: 1798
total tile prob: 0.999996
tiles with prob > 0: 105
total tile prob after trim: 0.999996
num tiles after trim: 105
init_pos: 1725
*********running GCP*********
total time (wallclock): 0.0269537 seconds

$ /home/daisy/GRB-Search-Pipeline/search-planning/build/sp_train /home/daisy/GRB-Search-Pipeline/results/training/maps/longlow/adapt_p11-715852394892384_a135-0_266_map.h5 /home/daisy/GRB-Search-Pipeline/search-planning/tilings/tiling_files/5.36x4.5_tiling.csv 1770 10.0 10.0 5.0 0 /home/daisy/GRB-Search-Pipeline/results/training/longlow_searching_5.36x4.5_tiling.csv
Input Parameters:
  file        = /home/daisy/GRB-Search-Pipeline/results/training/maps/longlow/adapt_p11-715852394892384_a135-0_266_map.h5
  source_tile = 1770
  slew_rate   = 10
  dwell_time  = 5
  output      = /home/daisy/GRB-Search-Pipeline/results/training/longlow_searching_5.36x4.5_tiling.csv

source = [78.2841, 135], n_src_events = 824, n_bkg_events = 391
Loaded 41 entries (unique=41, duplicates=0, missing=49111, out_of_bounds=0, non-finite=0)
Sum(prob) over finite entries = 0.999999
init sum: 0.999999
num pixels: 49152
tile num: 1798
total tile prob: 0.999999
tiles with prob > 0: 5
total tile prob after trim: 0.999999
num tiles after trim: 5
init_pos: 1770
*********running GCP*********
total time (wallclock): 0.022381 seconds

$ /home/daisy/GRB-Search-Pipeline/search-planning/build/sp_train /home/daisy/GRB-Search-Pipeline/results/training/maps/longlow/adapt_p11-715852394892384_a135-0_267_map.h5 /home/daisy/GRB-Search-Pipeline/search-planning/tilings/tiling_files/5.36x4.5_tiling.csv 1770 10.0 10.0 5.0 0 /home/daisy/GRB-Search-Pipeline/results/training/longlow_searching_5.36x4.5_tiling.csv
Input Parameters:
  file        = /home/daisy/GRB-Search-Pipeline/results/training/maps/longlow/adapt_p11-715852394892384_a135-0_267_map.h5
  source_tile = 1770
  slew_rate   = 10
  dwell_time  = 5
  output      = /home/daisy/GRB-Search-Pipeline/results/training/longlow_searching_5.36x4.5_tiling.csv

source = [78.2841, 135], n_src_events = 400, n_bkg_events = 1028
Loaded 155 entries (unique=155, duplicates=0, missing=48997, out_of_bounds=0, non-finite=0)
Sum(prob) over finite entries = 0.999998
init sum: 0.999998
num pixels: 49152
tile num: 1798
total tile prob: 0.999998
tiles with prob > 0: 11
total tile prob after trim: 0.999998
num tiles after trim: 11
init_pos: 1770
*********running GCP*********
total time (wallclock): 0.0222678 seconds

$ /home/daisy/GRB-Search-Pipeline/search-planning/build/sp_train /home/daisy/GRB-Search-Pipeline/results/training/maps/longlow/adapt_p11-715852394892384_a135-0_268_map.h5 /home/daisy/GRB-Search-Pipeline/search-planning/tilings/tiling_files/5.36x4.5_tiling.csv 1770 10.0 10.0 5.0 0 /home/daisy/GRB-Search-Pipeline/results/training/longlow_searching_5.36x4.5_tiling.csv
Input Parameters:
  file        = /home/daisy/GRB-Search-Pipeline/results/training/maps/longlow/adapt_p11-715852394892384_a135-0_268_map.h5
  source_tile = 1770
  slew_rate   = 10
  dwell_time  = 5
  output      = /home/daisy/GRB-Search-Pipeline/results/training/longlow_searching_5.36x4.5_tiling.csv

source = [78.2841, 135], n_src_events = 691, n_bkg_events = 740
Loaded 65 entries (unique=65, duplicates=0, missing=49087, out_of_bounds=0, non-finite=0)
Sum(prob) over finite entries = 0.999998
init sum: 0.999998
num pixels: 49152
tile num: 1798
total tile prob: 0.999998
tiles with prob > 0: 6
total tile prob after trim: 0.999998
num tiles after trim: 6
init_pos: 1752
*********running GCP*********
total time (wallclock): 0.0223741 seconds

$ /home/daisy/GRB-Search-Pipeline/search-planning/build/sp_train /home/daisy/GRB-Search-Pipeline/results/training/maps/longlow/adapt_p11-715852394892384_a135-0_269_map.h5 /home/daisy/GRB-Search-Pipeline/search-planning/tilings/tiling_files/5.36x4.5_tiling.csv 1770 10.0 10.0 5.0 0 /home/daisy/GRB-Search-Pipeline/results/training/longlow_searching_5.36x4.5_tiling.csv
Input Parameters:
  file        = /home/daisy/GRB-Search-Pipeline/results/training/maps/longlow/adapt_p11-715852394892384_a135-0_269_map.h5
  source_tile = 1770
  slew_rate   = 10
  dwell_time  = 5
  output      = /home/daisy/GRB-Search-Pipeline/results/training/longlow_searching_5.36x4.5_tiling.csv

source = [78.2841, 135], n_src_events = 532, n_bkg_events = 314
Loaded 76 entries (unique=76, duplicates=0, missing=49076, out_of_bounds=0, non-finite=0)
Sum(prob) over finite entries = 0.999999
init sum: 0.999999
num pixels: 49152
tile num: 1798
total tile prob: 0.999999
tiles with prob > 0: 8
total tile prob after trim: 0.999999
num tiles after trim: 8
init_pos: 1770
*********running GCP*********
total time (wallclock): 0.0219678 seconds

$ /home/daisy/GRB-Search-Pipeline/search-planning/build/sp_train /home/daisy/GRB-Search-Pipeline/results/training/maps/longlow/adapt_p11-715852394892384_a135-0_26_map.h5 /home/daisy/GRB-Search-Pipeline/search-planning/tilings/tiling_files/5.36x4.5_tiling.csv 1770 10.0 10.0 5.0 0 /home/daisy/GRB-Search-Pipeline/results/training/longlow_searching_5.36x4.5_tiling.csv
Input Parameters:
  file        = /home/daisy/GRB-Search-Pipeline/results/training/maps/longlow/adapt_p11-715852394892384_a135-0_26_map.h5
  source_tile = 1770
  slew_rate   = 10
  dwell_time  = 5
  output      = /home/daisy/GRB-Search-Pipeline/results/training/longlow_searching_5.36x4.5_tiling.csv

source = [78.2841, 135], n_src_events = 579, n_bkg_events = 663
Loaded 101 entries (unique=101, duplicates=0, missing=49051, out_of_bounds=0, non-finite=0)
Sum(prob) over finite entries = 0.999997
init sum: 0.999997
num pixels: 49152
tile num: 1798
total tile prob: 0.999997
tiles with prob > 0: 9
total tile prob after trim: 0.999997
num tiles after trim: 9
init_pos: 1753
*********running GCP*********
total time (wallclock): 0.0234013 seconds

$ /home/daisy/GRB-Search-Pipeline/search-planning/build/sp_train /home/daisy/GRB-Search-Pipeline/results/training/maps/longlow/adapt_p11-715852394892384_a135-0_270_map.h5 /home/daisy/GRB-Search-Pipeline/search-planning/tilings/tiling_files/5.36x4.5_tiling.csv 1770 10.0 10.0 5.0 0 /home/daisy/GRB-Search-Pipeline/results/training/longlow_searching_5.36x4.5_tiling.csv
Input Parameters:
  file        = /home/daisy/GRB-Search-Pipeline/results/training/maps/longlow/adapt_p11-715852394892384_a135-0_270_map.h5
  source_tile = 1770
  slew_rate   = 10
  dwell_time  = 5
  output      = /home/daisy/GRB-Search-Pipeline/results/training/longlow_searching_5.36x4.5_tiling.csv

source = [78.2841, 135], n_src_events = 531, n_bkg_events = 925
Loaded 136 entries (unique=136, duplicates=0, missing=49016, out_of_bounds=0, non-finite=0)
Sum(prob) over finite entries = 0.999999
init sum: 0.999999
num pixels: 49152
tile num: 1798
total tile prob: 0.999999
tiles with prob > 0: 13
total tile prob after trim: 0.999999
num tiles after trim: 13
init_pos: 1771
*********running GCP*********
total time (wallclock): 0.0227633 seconds

$ /home/daisy/GRB-Search-Pipeline/search-planning/build/sp_train /home/daisy/GRB-Search-Pipeline/results/training/maps/longlow/adapt_p11-715852394892384_a135-0_271_map.h5 /home/daisy/GRB-Search-Pipeline/search-planning/tilings/tiling_files/5.36x4.5_tiling.csv 1770 10.0 10.0 5.0 0 /home/daisy/GRB-Search-Pipeline/results/training/longlow_searching_5.36x4.5_tiling.csv
Input Parameters:
  file        = /home/daisy/GRB-Search-Pipeline/results/training/maps/longlow/adapt_p11-715852394892384_a135-0_271_map.h5
  source_tile = 1770
  slew_rate   = 10
  dwell_time  = 5
  output      = /home/daisy/GRB-Search-Pipeline/results/training/longlow_searching_5.36x4.5_tiling.csv

source = [78.2841, 135], n_src_events = 743, n_bkg_events = 599
Loaded 70 entries (unique=70, duplicates=0, missing=49082, out_of_bounds=0, non-finite=0)
Sum(prob) over finite entries = 0.999998
init sum: 0.999998
num pixels: 49152
tile num: 1798
total tile prob: 0.999998
tiles with prob > 0: 8
total tile prob after trim: 0.999998
num tiles after trim: 8
init_pos: 1771
*********running GCP*********
total time (wallclock): 0.0235785 seconds

$ /home/daisy/GRB-Search-Pipeline/search-planning/build/sp_train /home/daisy/GRB-Search-Pipeline/results/training/maps/longlow/adapt_p11-715852394892384_a135-0_272_map.h5 /home/daisy/GRB-Search-Pipeline/search-planning/tilings/tiling_files/5.36x4.5_tiling.csv 1770 10.0 10.0 5.0 0 /home/daisy/GRB-Search-Pipeline/results/training/longlow_searching_5.36x4.5_tiling.csv
Input Parameters:
  file        = /home/daisy/GRB-Search-Pipeline/results/training/maps/longlow/adapt_p11-715852394892384_a135-0_272_map.h5
  source_tile = 1770
  slew_rate   = 10
  dwell_time  = 5
  output      = /home/daisy/GRB-Search-Pipeline/results/training/longlow_searching_5.36x4.5_tiling.csv

source = [78.2841, 135], n_src_events = 252, n_bkg_events = 862
Loaded 387 entries (unique=387, duplicates=0, missing=48765, out_of_bounds=0, non-finite=0)
Sum(prob) over finite entries = 0.999998
init sum: 0.999998
num pixels: 49152
tile num: 1798
total tile prob: 0.999998
tiles with prob > 0: 28
total tile prob after trim: 0.999998
num tiles after trim: 28
init_pos: 1771
*********running GCP*********
total time (wallclock): 0.0234138 seconds

$ /home/daisy/GRB-Search-Pipeline/search-planning/build/sp_train /home/daisy/GRB-Search-Pipeline/results/training/maps/longlow/adapt_p11-715852394892384_a135-0_273_map.h5 /home/daisy/GRB-Search-Pipeline/search-planning/tilings/tiling_files/5.36x4.5_tiling.csv 1770 10.0 10.0 5.0 0 /home/daisy/GRB-Search-Pipeline/results/training/longlow_searching_5.36x4.5_tiling.csv
Input Parameters:
  file        = /home/daisy/GRB-Search-Pipeline/results/training/maps/longlow/adapt_p11-715852394892384_a135-0_273_map.h5
  source_tile = 1770
  slew_rate   = 10
  dwell_time  = 5
  output      = /home/daisy/GRB-Search-Pipeline/results/training/longlow_searching_5.36x4.5_tiling.csv

source = [78.2841, 135], n_src_events = 823, n_bkg_events = 275
Loaded 41 entries (unique=41, duplicates=0, missing=49111, out_of_bounds=0, non-finite=0)
Sum(prob) over finite entries = 0.999999
init sum: 0.999999
num pixels: 49152
tile num: 1798
total tile prob: 0.999999
tiles with prob > 0: 5
total tile prob after trim: 0.999999
num tiles after trim: 5
init_pos: 1770
*********running GCP*********
total time (wallclock): 0.0218344 seconds

$ /home/daisy/GRB-Search-Pipeline/search-planning/build/sp_train /home/daisy/GRB-Search-Pipeline/results/training/maps/longlow/adapt_p11-715852394892384_a135-0_274_map.h5 /home/daisy/GRB-Search-Pipeline/search-planning/tilings/tiling_files/5.36x4.5_tiling.csv 1770 10.0 10.0 5.0 0 /home/daisy/GRB-Search-Pipeline/results/training/longlow_searching_5.36x4.5_tiling.csv
Input Parameters:
  file        = /home/daisy/GRB-Search-Pipeline/results/training/maps/longlow/adapt_p11-715852394892384_a135-0_274_map.h5
  source_tile = 1770
  slew_rate   = 10
  dwell_time  = 5
  output      = /home/daisy/GRB-Search-Pipeline/results/training/longlow_searching_5.36x4.5_tiling.csv

source = [78.2841, 135], n_src_events = 87, n_bkg_events = 384
Loaded 1862 entries (unique=1862, duplicates=0, missing=47290, out_of_bounds=0, non-finite=0)
Sum(prob) over finite entries = 0.999996
init sum: 0.999996
num pixels: 49152
tile num: 1798
total tile prob: 0.999996
tiles with prob > 0: 92
total tile prob after trim: 0.999996
num tiles after trim: 92
init_pos: 1704
*********running GCP*********
total time (wallclock): 0.0532279 seconds

$ /home/daisy/GRB-Search-Pipeline/search-planning/build/sp_train /home/daisy/GRB-Search-Pipeline/results/training/maps/longlow/adapt_p11-715852394892384_a135-0_275_map.h5 /home/daisy/GRB-Search-Pipeline/search-planning/tilings/tiling_files/5.36x4.5_tiling.csv 1770 10.0 10.0 5.0 0 /home/daisy/GRB-Search-Pipeline/results/training/longlow_searching_5.36x4.5_tiling.csv
Input Parameters:
  file        = /home/daisy/GRB-Search-Pipeline/results/training/maps/longlow/adapt_p11-715852394892384_a135-0_275_map.h5
  source_tile = 1770
  slew_rate   = 10
  dwell_time  = 5
  output      = /home/daisy/GRB-Search-Pipeline/results/training/longlow_searching_5.36x4.5_tiling.csv

source = [78.2841, 135], n_src_events = 622, n_bkg_events = 809
Loaded 78 entries (unique=78, duplicates=0, missing=49074, out_of_bounds=0, non-finite=0)
Sum(prob) over finite entries = 0.999998
init sum: 0.999998
num pixels: 49152
tile num: 1798
total tile prob: 0.999998
tiles with prob > 0: 7
total tile prob after trim: 0.999998
num tiles after trim: 7
init_pos: 1751
*********running GCP*********
total time (wallclock): 0.0225916 seconds

$ /home/daisy/GRB-Search-Pipeline/search-planning/build/sp_train /home/daisy/GRB-Search-Pipeline/results/training/maps/longlow/adapt_p11-715852394892384_a135-0_276_map.h5 /home/daisy/GRB-Search-Pipeline/search-planning/tilings/tiling_files/5.36x4.5_tiling.csv 1770 10.0 10.0 5.0 0 /home/daisy/GRB-Search-Pipeline/results/training/longlow_searching_5.36x4.5_tiling.csv
Input Parameters:
  file        = /home/daisy/GRB-Search-Pipeline/results/training/maps/longlow/adapt_p11-715852394892384_a135-0_276_map.h5
  source_tile = 1770
  slew_rate   = 10
  dwell_time  = 5
  output      = /home/daisy/GRB-Search-Pipeline/results/training/longlow_searching_5.36x4.5_tiling.csv

source = [78.2841, 135], n_src_events = 663, n_bkg_events = 323
Loaded 64 entries (unique=64, duplicates=0, missing=49088, out_of_bounds=0, non-finite=0)
Sum(prob) over finite entries = 0.999998
init sum: 0.999998
num pixels: 49152
tile num: 1798
total tile prob: 0.999998
tiles with prob > 0: 8
total tile prob after trim: 0.999998
num tiles after trim: 8
init_pos: 1770
*********running GCP*********
total time (wallclock): 0.0223724 seconds

$ /home/daisy/GRB-Search-Pipeline/search-planning/build/sp_train /home/daisy/GRB-Search-Pipeline/results/training/maps/longlow/adapt_p11-715852394892384_a135-0_277_map.h5 /home/daisy/GRB-Search-Pipeline/search-planning/tilings/tiling_files/5.36x4.5_tiling.csv 1770 10.0 10.0 5.0 0 /home/daisy/GRB-Search-Pipeline/results/training/longlow_searching_5.36x4.5_tiling.csv
Input Parameters:
  file        = /home/daisy/GRB-Search-Pipeline/results/training/maps/longlow/adapt_p11-715852394892384_a135-0_277_map.h5
  source_tile = 1770
  slew_rate   = 10
  dwell_time  = 5
  output      = /home/daisy/GRB-Search-Pipeline/results/training/longlow_searching_5.36x4.5_tiling.csv

source = [78.2841, 135], n_src_events = 336, n_bkg_events = 1045
Loaded 218 entries (unique=218, duplicates=0, missing=48934, out_of_bounds=0, non-finite=0)
Sum(prob) over finite entries = 0.999998
init sum: 0.999998
num pixels: 49152
tile num: 1798
total tile prob: 0.999998
tiles with prob > 0: 16
total tile prob after trim: 0.999998
num tiles after trim: 16
init_pos: 1753
*********running GCP*********
total time (wallclock): 0.0235182 seconds

$ /home/daisy/GRB-Search-Pipeline/search-planning/build/sp_train /home/daisy/GRB-Search-Pipeline/results/training/maps/longlow/adapt_p11-715852394892384_a135-0_278_map.h5 /home/daisy/GRB-Search-Pipeline/search-planning/tilings/tiling_files/5.36x4.5_tiling.csv 1770 10.0 10.0 5.0 0 /home/daisy/GRB-Search-Pipeline/results/training/longlow_searching_5.36x4.5_tiling.csv
Input Parameters:
  file        = /home/daisy/GRB-Search-Pipeline/results/training/maps/longlow/adapt_p11-715852394892384_a135-0_278_map.h5
  source_tile = 1770
  slew_rate   = 10
  dwell_time  = 5
  output      = /home/daisy/GRB-Search-Pipeline/results/training/longlow_searching_5.36x4.5_tiling.csv

source = [78.2841, 135], n_src_events = 308, n_bkg_events = 850
Loaded 246 entries (unique=246, duplicates=0, missing=48906, out_of_bounds=0, non-finite=0)
Sum(prob) over finite entries = 0.999998
init sum: 0.999998
num pixels: 49152
tile num: 1798
total tile prob: 0.999998
tiles with prob > 0: 19
total tile prob after trim: 0.999998
num tiles after trim: 19
init_pos: 1771
*********running GCP*********
total time (wallclock): 0.0277778 seconds

$ /home/daisy/GRB-Search-Pipeline/search-planning/build/sp_train /home/daisy/GRB-Search-Pipeline/results/training/maps/longlow/adapt_p11-715852394892384_a135-0_279_map.h5 /home/daisy/GRB-Search-Pipeline/search-planning/tilings/tiling_files/5.36x4.5_tiling.csv 1770 10.0 10.0 5.0 0 /home/daisy/GRB-Search-Pipeline/results/training/longlow_searching_5.36x4.5_tiling.csv
Input Parameters:
  file        = /home/daisy/GRB-Search-Pipeline/results/training/maps/longlow/adapt_p11-715852394892384_a135-0_279_map.h5
  source_tile = 1770
  slew_rate   = 10
  dwell_time  = 5
  output      = /home/daisy/GRB-Search-Pipeline/results/training/longlow_searching_5.36x4.5_tiling.csv

source = [78.2841, 135], n_src_events = 381, n_bkg_events = 313
Loaded 118 entries (unique=118, duplicates=0, missing=49034, out_of_bounds=0, non-finite=0)
Sum(prob) over finite entries = 0.999999
init sum: 0.999999
num pixels: 49152
tile num: 1798
total tile prob: 0.999999
tiles with prob > 0: 9
total tile prob after trim: 0.999999
num tiles after trim: 9
init_pos: 1752
*********running GCP*********
total time (wallclock): 0.0234008 seconds

$ /home/daisy/GRB-Search-Pipeline/search-planning/build/sp_train /home/daisy/GRB-Search-Pipeline/results/training/maps/longlow/adapt_p11-715852394892384_a135-0_27_map.h5 /home/daisy/GRB-Search-Pipeline/search-planning/tilings/tiling_files/5.36x4.5_tiling.csv 1770 10.0 10.0 5.0 0 /home/daisy/GRB-Search-Pipeline/results/training/longlow_searching_5.36x4.5_tiling.csv
Input Parameters:
  file        = /home/daisy/GRB-Search-Pipeline/results/training/maps/longlow/adapt_p11-715852394892384_a135-0_27_map.h5
  source_tile = 1770
  slew_rate   = 10
  dwell_time  = 5
  output      = /home/daisy/GRB-Search-Pipeline/results/training/longlow_searching_5.36x4.5_tiling.csv

source = [78.2841, 135], n_src_events = 420, n_bkg_events = 1062
Loaded 204 entries (unique=204, duplicates=0, missing=48948, out_of_bounds=0, non-finite=0)
Sum(prob) over finite entries = 0.999999
init sum: 0.999999
num pixels: 49152
tile num: 1798
total tile prob: 0.999999
tiles with prob > 0: 14
total tile prob after trim: 0.999999
num tiles after trim: 14
init_pos: 1726
*********running GCP*********
total time (wallclock): 0.0247978 seconds

$ /home/daisy/GRB-Search-Pipeline/search-planning/build/sp_train /home/daisy/GRB-Search-Pipeline/results/training/maps/longlow/adapt_p11-715852394892384_a135-0_280_map.h5 /home/daisy/GRB-Search-Pipeline/search-planning/tilings/tiling_files/5.36x4.5_tiling.csv 1770 10.0 10.0 5.0 0 /home/daisy/GRB-Search-Pipeline/results/training/longlow_searching_5.36x4.5_tiling.csv
Input Parameters:
  file        = /home/daisy/GRB-Search-Pipeline/results/training/maps/longlow/adapt_p11-715852394892384_a135-0_280_map.h5
  source_tile = 1770
  slew_rate   = 10
  dwell_time  = 5
  output      = /home/daisy/GRB-Search-Pipeline/results/training/longlow_searching_5.36x4.5_tiling.csv

source = [78.2841, 135], n_src_events = 159, n_bkg_events = 1073
Loaded 739 entries (unique=739, duplicates=0, missing=48413, out_of_bounds=0, non-finite=0)
Sum(prob) over finite entries = 0.999998
init sum: 0.999998
num pixels: 49152
tile num: 1798
total tile prob: 0.999998
tiles with prob > 0: 45
total tile prob after trim: 0.999998
num tiles after trim: 45
init_pos: 1754
*********running GCP*********
total time (wallclock): 0.0229142 seconds

$ /home/daisy/GRB-Search-Pipeline/search-planning/build/sp_train /home/daisy/GRB-Search-Pipeline/results/training/maps/longlow/adapt_p11-715852394892384_a135-0_281_map.h5 /home/daisy/GRB-Search-Pipeline/search-planning/tilings/tiling_files/5.36x4.5_tiling.csv 1770 10.0 10.0 5.0 0 /home/daisy/GRB-Search-Pipeline/results/training/longlow_searching_5.36x4.5_tiling.csv
Input Parameters:
  file        = /home/daisy/GRB-Search-Pipeline/results/training/maps/longlow/adapt_p11-715852394892384_a135-0_281_map.h5
  source_tile = 1770
  slew_rate   = 10
  dwell_time  = 5
  output      = /home/daisy/GRB-Search-Pipeline/results/training/longlow_searching_5.36x4.5_tiling.csv

source = [78.2841, 135], n_src_events = 301, n_bkg_events = 580
Loaded 217 entries (unique=217, duplicates=0, missing=48935, out_of_bounds=0, non-finite=0)
Sum(prob) over finite entries = 0.999998
init sum: 0.999998
num pixels: 49152
tile num: 1798
total tile prob: 0.999998
tiles with prob > 0: 15
total tile prob after trim: 0.999998
num tiles after trim: 15
init_pos: 1751
*********running GCP*********
total time (wallclock): 0.0269646 seconds

$ /home/daisy/GRB-Search-Pipeline/search-planning/build/sp_train /home/daisy/GRB-Search-Pipeline/results/training/maps/longlow/adapt_p11-715852394892384_a135-0_282_map.h5 /home/daisy/GRB-Search-Pipeline/search-planning/tilings/tiling_files/5.36x4.5_tiling.csv 1770 10.0 10.0 5.0 0 /home/daisy/GRB-Search-Pipeline/results/training/longlow_searching_5.36x4.5_tiling.csv
Input Parameters:
  file        = /home/daisy/GRB-Search-Pipeline/results/training/maps/longlow/adapt_p11-715852394892384_a135-0_282_map.h5
  source_tile = 1770
  slew_rate   = 10
  dwell_time  = 5
  output      = /home/daisy/GRB-Search-Pipeline/results/training/longlow_searching_5.36x4.5_tiling.csv

source = [78.2841, 135], n_src_events = 177, n_bkg_events = 554
Loaded 281 entries (unique=281, duplicates=0, missing=48871, out_of_bounds=0, non-finite=0)
Sum(prob) over finite entries = 0.999998
init sum: 0.999998
num pixels: 49152
tile num: 1798
total tile prob: 0.999998
tiles with prob > 0: 21
total tile prob after trim: 0.999998
num tiles after trim: 21
init_pos: 1784
*********running GCP*********
total time (wallclock): 0.0228724 seconds

$ /home/daisy/GRB-Search-Pipeline/search-planning/build/sp_train /home/daisy/GRB-Search-Pipeline/results/training/maps/longlow/adapt_p11-715852394892384_a135-0_283_map.h5 /home/daisy/GRB-Search-Pipeline/search-planning/tilings/tiling_files/5.36x4.5_tiling.csv 1770 10.0 10.0 5.0 0 /home/daisy/GRB-Search-Pipeline/results/training/longlow_searching_5.36x4.5_tiling.csv
Input Parameters:
  file        = /home/daisy/GRB-Search-Pipeline/results/training/maps/longlow/adapt_p11-715852394892384_a135-0_283_map.h5
  source_tile = 1770
  slew_rate   = 10
  dwell_time  = 5
  output      = /home/daisy/GRB-Search-Pipeline/results/training/longlow_searching_5.36x4.5_tiling.csv

source = [78.2841, 135], n_src_events = 476, n_bkg_events = 1063
Loaded 117 entries (unique=117, duplicates=0, missing=49035, out_of_bounds=0, non-finite=0)
Sum(prob) over finite entries = 0.999999
init sum: 0.999999
num pixels: 49152
tile num: 1798
total tile prob: 0.999999
tiles with prob > 0: 10
total tile prob after trim: 0.999999
num tiles after trim: 10
init_pos: 1727
*********running GCP*********
total time (wallclock): 0.0236919 seconds

$ /home/daisy/GRB-Search-Pipeline/search-planning/build/sp_train /home/daisy/GRB-Search-Pipeline/results/training/maps/longlow/adapt_p11-715852394892384_a135-0_284_map.h5 /home/daisy/GRB-Search-Pipeline/search-planning/tilings/tiling_files/5.36x4.5_tiling.csv 1770 10.0 10.0 5.0 0 /home/daisy/GRB-Search-Pipeline/results/training/longlow_searching_5.36x4.5_tiling.csv
Input Parameters:
  file        = /home/daisy/GRB-Search-Pipeline/results/training/maps/longlow/adapt_p11-715852394892384_a135-0_284_map.h5
  source_tile = 1770
  slew_rate   = 10
  dwell_time  = 5
  output      = /home/daisy/GRB-Search-Pipeline/results/training/longlow_searching_5.36x4.5_tiling.csv

source = [78.2841, 135], n_src_events = 757, n_bkg_events = 1154
Loaded 64 entries (unique=64, duplicates=0, missing=49088, out_of_bounds=0, non-finite=0)
Sum(prob) over finite entries = 0.999999
init sum: 0.999999
num pixels: 49152
tile num: 1798
total tile prob: 0.999999
tiles with prob > 0: 5
total tile prob after trim: 0.999999
num tiles after trim: 5
init_pos: 1751
*********running GCP*********
total time (wallclock): 0.0230609 seconds

$ /home/daisy/GRB-Search-Pipeline/search-planning/build/sp_train /home/daisy/GRB-Search-Pipeline/results/training/maps/longlow/adapt_p11-715852394892384_a135-0_285_map.h5 /home/daisy/GRB-Search-Pipeline/search-planning/tilings/tiling_files/5.36x4.5_tiling.csv 1770 10.0 10.0 5.0 0 /home/daisy/GRB-Search-Pipeline/results/training/longlow_searching_5.36x4.5_tiling.csv
Input Parameters:
  file        = /home/daisy/GRB-Search-Pipeline/results/training/maps/longlow/adapt_p11-715852394892384_a135-0_285_map.h5
  source_tile = 1770
  slew_rate   = 10
  dwell_time  = 5
  output      = /home/daisy/GRB-Search-Pipeline/results/training/longlow_searching_5.36x4.5_tiling.csv

source = [78.2841, 135], n_src_events = 564, n_bkg_events = 964
Loaded 104 entries (unique=104, duplicates=0, missing=49048, out_of_bounds=0, non-finite=0)
Sum(prob) over finite entries = 0.999998
init sum: 0.999998
num pixels: 49152
tile num: 1798
total tile prob: 0.999998
tiles with prob > 0: 9
total tile prob after trim: 0.999998
num tiles after trim: 9
init_pos: 1770
*********running GCP*********
total time (wallclock): 0.0219846 seconds

$ /home/daisy/GRB-Search-Pipeline/search-planning/build/sp_train /home/daisy/GRB-Search-Pipeline/results/training/maps/longlow/adapt_p11-715852394892384_a135-0_286_map.h5 /home/daisy/GRB-Search-Pipeline/search-planning/tilings/tiling_files/5.36x4.5_tiling.csv 1770 10.0 10.0 5.0 0 /home/daisy/GRB-Search-Pipeline/results/training/longlow_searching_5.36x4.5_tiling.csv
Input Parameters:
  file        = /home/daisy/GRB-Search-Pipeline/results/training/maps/longlow/adapt_p11-715852394892384_a135-0_286_map.h5
  source_tile = 1770
  slew_rate   = 10
  dwell_time  = 5
  output      = /home/daisy/GRB-Search-Pipeline/results/training/longlow_searching_5.36x4.5_tiling.csv

source = [78.2841, 135], n_src_events = 231, n_bkg_events = 566
Loaded 271 entries (unique=271, duplicates=0, missing=48881, out_of_bounds=0, non-finite=0)
Sum(prob) over finite entries = 0.999998
init sum: 0.999998
num pixels: 49152
tile num: 1798
total tile prob: 0.999998
tiles with prob > 0: 23
total tile prob after trim: 0.999998
num tiles after trim: 23
init_pos: 1771
*********running GCP*********
total time (wallclock): 0.0252607 seconds

$ /home/daisy/GRB-Search-Pipeline/search-planning/build/sp_train /home/daisy/GRB-Search-Pipeline/results/training/maps/longlow/adapt_p11-715852394892384_a135-0_287_map.h5 /home/daisy/GRB-Search-Pipeline/search-planning/tilings/tiling_files/5.36x4.5_tiling.csv 1770 10.0 10.0 5.0 0 /home/daisy/GRB-Search-Pipeline/results/training/longlow_searching_5.36x4.5_tiling.csv
Input Parameters:
  file        = /home/daisy/GRB-Search-Pipeline/results/training/maps/longlow/adapt_p11-715852394892384_a135-0_287_map.h5
  source_tile = 1770
  slew_rate   = 10
  dwell_time  = 5
  output      = /home/daisy/GRB-Search-Pipeline/results/training/longlow_searching_5.36x4.5_tiling.csv

source = [78.2841, 135], n_src_events = 533, n_bkg_events = 479
Loaded 93 entries (unique=93, duplicates=0, missing=49059, out_of_bounds=0, non-finite=0)
Sum(prob) over finite entries = 0.999998
init sum: 0.999998
num pixels: 49152
tile num: 1798
total tile prob: 0.999998
tiles with prob > 0: 8
total tile prob after trim: 0.999998
num tiles after trim: 8
init_pos: 1771
*********running GCP*********
total time (wallclock): 0.02326 seconds

$ /home/daisy/GRB-Search-Pipeline/search-planning/build/sp_train /home/daisy/GRB-Search-Pipeline/results/training/maps/longlow/adapt_p11-715852394892384_a135-0_288_map.h5 /home/daisy/GRB-Search-Pipeline/search-planning/tilings/tiling_files/5.36x4.5_tiling.csv 1770 10.0 10.0 5.0 0 /home/daisy/GRB-Search-Pipeline/results/training/longlow_searching_5.36x4.5_tiling.csv
Input Parameters:
  file        = /home/daisy/GRB-Search-Pipeline/results/training/maps/longlow/adapt_p11-715852394892384_a135-0_288_map.h5
  source_tile = 1770
  slew_rate   = 10
  dwell_time  = 5
  output      = /home/daisy/GRB-Search-Pipeline/results/training/longlow_searching_5.36x4.5_tiling.csv

source = [78.2841, 135], n_src_events = 619, n_bkg_events = 963
Loaded 79 entries (unique=79, duplicates=0, missing=49073, out_of_bounds=0, non-finite=0)
Sum(prob) over finite entries = 0.999999
init sum: 0.999999
num pixels: 49152
tile num: 1798
total tile prob: 0.999999
tiles with prob > 0: 6
total tile prob after trim: 0.999999
num tiles after trim: 6
init_pos: 1771
*********running GCP*********
total time (wallclock): 0.0229739 seconds

$ /home/daisy/GRB-Search-Pipeline/search-planning/build/sp_train /home/daisy/GRB-Search-Pipeline/results/training/maps/longlow/adapt_p11-715852394892384_a135-0_289_map.h5 /home/daisy/GRB-Search-Pipeline/search-planning/tilings/tiling_files/5.36x4.5_tiling.csv 1770 10.0 10.0 5.0 0 /home/daisy/GRB-Search-Pipeline/results/training/longlow_searching_5.36x4.5_tiling.csv
Input Parameters:
  file        = /home/daisy/GRB-Search-Pipeline/results/training/maps/longlow/adapt_p11-715852394892384_a135-0_289_map.h5
  source_tile = 1770
  slew_rate   = 10
  dwell_time  = 5
  output      = /home/daisy/GRB-Search-Pipeline/results/training/longlow_searching_5.36x4.5_tiling.csv

source = [78.2841, 135], n_src_events = 706, n_bkg_events = 1105
Loaded 64 entries (unique=64, duplicates=0, missing=49088, out_of_bounds=0, non-finite=0)
Sum(prob) over finite entries = 0.999999
init sum: 0.999999
num pixels: 49152
tile num: 1798
total tile prob: 0.999999
tiles with prob > 0: 6
total tile prob after trim: 0.999999
num tiles after trim: 6
init_pos: 1770
*********running GCP*********
total time (wallclock): 0.0218062 seconds

$ /home/daisy/GRB-Search-Pipeline/search-planning/build/sp_train /home/daisy/GRB-Search-Pipeline/results/training/maps/longlow/adapt_p11-715852394892384_a135-0_28_map.h5 /home/daisy/GRB-Search-Pipeline/search-planning/tilings/tiling_files/5.36x4.5_tiling.csv 1770 10.0 10.0 5.0 0 /home/daisy/GRB-Search-Pipeline/results/training/longlow_searching_5.36x4.5_tiling.csv
Input Parameters:
  file        = /home/daisy/GRB-Search-Pipeline/results/training/maps/longlow/adapt_p11-715852394892384_a135-0_28_map.h5
  source_tile = 1770
  slew_rate   = 10
  dwell_time  = 5
  output      = /home/daisy/GRB-Search-Pipeline/results/training/longlow_searching_5.36x4.5_tiling.csv

source = [78.2841, 135], n_src_events = 258, n_bkg_events = 304
Loaded 196 entries (unique=196, duplicates=0, missing=48956, out_of_bounds=0, non-finite=0)
Sum(prob) over finite entries = 0.999999
init sum: 0.999999
num pixels: 49152
tile num: 1798
total tile prob: 0.999999
tiles with prob > 0: 15
total tile prob after trim: 0.999999
num tiles after trim: 15
init_pos: 1769
*********running GCP*********
total time (wallclock): 0.0229357 seconds

$ /home/daisy/GRB-Search-Pipeline/search-planning/build/sp_train /home/daisy/GRB-Search-Pipeline/results/training/maps/longlow/adapt_p11-715852394892384_a135-0_290_map.h5 /home/daisy/GRB-Search-Pipeline/search-planning/tilings/tiling_files/5.36x4.5_tiling.csv 1770 10.0 10.0 5.0 0 /home/daisy/GRB-Search-Pipeline/results/training/longlow_searching_5.36x4.5_tiling.csv
Input Parameters:
  file        = /home/daisy/GRB-Search-Pipeline/results/training/maps/longlow/adapt_p11-715852394892384_a135-0_290_map.h5
  source_tile = 1770
  slew_rate   = 10
  dwell_time  = 5
  output      = /home/daisy/GRB-Search-Pipeline/results/training/longlow_searching_5.36x4.5_tiling.csv

source = [78.2841, 135], n_src_events = 716, n_bkg_events = 885
Loaded 98 entries (unique=98, duplicates=0, missing=49054, out_of_bounds=0, non-finite=0)
Sum(prob) over finite entries = 0.999999
init sum: 0.999999
num pixels: 49152
tile num: 1798
total tile prob: 0.999999
tiles with prob > 0: 11
total tile prob after trim: 0.999999
num tiles after trim: 11
init_pos: 1751
*********running GCP*********
total time (wallclock): 0.021975 seconds

$ /home/daisy/GRB-Search-Pipeline/search-planning/build/sp_train /home/daisy/GRB-Search-Pipeline/results/training/maps/longlow/adapt_p11-715852394892384_a135-0_291_map.h5 /home/daisy/GRB-Search-Pipeline/search-planning/tilings/tiling_files/5.36x4.5_tiling.csv 1770 10.0 10.0 5.0 0 /home/daisy/GRB-Search-Pipeline/results/training/longlow_searching_5.36x4.5_tiling.csv
Input Parameters:
  file        = /home/daisy/GRB-Search-Pipeline/results/training/maps/longlow/adapt_p11-715852394892384_a135-0_291_map.h5
  source_tile = 1770
  slew_rate   = 10
  dwell_time  = 5
  output      = /home/daisy/GRB-Search-Pipeline/results/training/longlow_searching_5.36x4.5_tiling.csv

source = [78.2841, 135], n_src_events = 528, n_bkg_events = 804
Loaded 113 entries (unique=113, duplicates=0, missing=49039, out_of_bounds=0, non-finite=0)
Sum(prob) over finite entries = 0.999998
init sum: 0.999998
num pixels: 49152
tile num: 1798
total tile prob: 0.999998
tiles with prob > 0: 9
total tile prob after trim: 0.999998
num tiles after trim: 9
init_pos: 1770
*********running GCP*********
total time (wallclock): 0.0217264 seconds

$ /home/daisy/GRB-Search-Pipeline/search-planning/build/sp_train /home/daisy/GRB-Search-Pipeline/results/training/maps/longlow/adapt_p11-715852394892384_a135-0_292_map.h5 /home/daisy/GRB-Search-Pipeline/search-planning/tilings/tiling_files/5.36x4.5_tiling.csv 1770 10.0 10.0 5.0 0 /home/daisy/GRB-Search-Pipeline/results/training/longlow_searching_5.36x4.5_tiling.csv
Input Parameters:
  file        = /home/daisy/GRB-Search-Pipeline/results/training/maps/longlow/adapt_p11-715852394892384_a135-0_292_map.h5
  source_tile = 1770
  slew_rate   = 10
  dwell_time  = 5
  output      = /home/daisy/GRB-Search-Pipeline/results/training/longlow_searching_5.36x4.5_tiling.csv

source = [78.2841, 135], n_src_events = 346, n_bkg_events = 851
Loaded 333 entries (unique=333, duplicates=0, missing=48819, out_of_bounds=0, non-finite=0)
Sum(prob) over finite entries = 0.999998
init sum: 0.999998
num pixels: 49152
tile num: 1798
total tile prob: 0.999998
tiles with prob > 0: 22
total tile prob after trim: 0.999998
num tiles after trim: 22
init_pos: 1726
*********running GCP*********
total time (wallclock): 0.0240671 seconds

$ /home/daisy/GRB-Search-Pipeline/search-planning/build/sp_train /home/daisy/GRB-Search-Pipeline/results/training/maps/longlow/adapt_p11-715852394892384_a135-0_293_map.h5 /home/daisy/GRB-Search-Pipeline/search-planning/tilings/tiling_files/5.36x4.5_tiling.csv 1770 10.0 10.0 5.0 0 /home/daisy/GRB-Search-Pipeline/results/training/longlow_searching_5.36x4.5_tiling.csv
Input Parameters:
  file        = /home/daisy/GRB-Search-Pipeline/results/training/maps/longlow/adapt_p11-715852394892384_a135-0_293_map.h5
  source_tile = 1770
  slew_rate   = 10
  dwell_time  = 5
  output      = /home/daisy/GRB-Search-Pipeline/results/training/longlow_searching_5.36x4.5_tiling.csv

source = [78.2841, 135], n_src_events = 503, n_bkg_events = 979
Loaded 95 entries (unique=95, duplicates=0, missing=49057, out_of_bounds=0, non-finite=0)
Sum(prob) over finite entries = 0.999999
init sum: 0.999999
num pixels: 49152
tile num: 1798
total tile prob: 0.999999
tiles with prob > 0: 9
total tile prob after trim: 0.999999
num tiles after trim: 9
init_pos: 1751
*********running GCP*********
total time (wallclock): 0.0236381 seconds

$ /home/daisy/GRB-Search-Pipeline/search-planning/build/sp_train /home/daisy/GRB-Search-Pipeline/results/training/maps/longlow/adapt_p11-715852394892384_a135-0_294_map.h5 /home/daisy/GRB-Search-Pipeline/search-planning/tilings/tiling_files/5.36x4.5_tiling.csv 1770 10.0 10.0 5.0 0 /home/daisy/GRB-Search-Pipeline/results/training/longlow_searching_5.36x4.5_tiling.csv
Input Parameters:
  file        = /home/daisy/GRB-Search-Pipeline/results/training/maps/longlow/adapt_p11-715852394892384_a135-0_294_map.h5
  source_tile = 1770
  slew_rate   = 10
  dwell_time  = 5
  output      = /home/daisy/GRB-Search-Pipeline/results/training/longlow_searching_5.36x4.5_tiling.csv

source = [78.2841, 135], n_src_events = 394, n_bkg_events = 792
Loaded 131 entries (unique=131, duplicates=0, missing=49021, out_of_bounds=0, non-finite=0)
Sum(prob) over finite entries = 0.999999
init sum: 0.999999
num pixels: 49152
tile num: 1798
total tile prob: 0.999999
tiles with prob > 0: 9
total tile prob after trim: 0.999999
num tiles after trim: 9
init_pos: 1728
*********running GCP*********
total time (wallclock): 0.0244755 seconds

$ /home/daisy/GRB-Search-Pipeline/search-planning/build/sp_train /home/daisy/GRB-Search-Pipeline/results/training/maps/longlow/adapt_p11-715852394892384_a135-0_295_map.h5 /home/daisy/GRB-Search-Pipeline/search-planning/tilings/tiling_files/5.36x4.5_tiling.csv 1770 10.0 10.0 5.0 0 /home/daisy/GRB-Search-Pipeline/results/training/longlow_searching_5.36x4.5_tiling.csv
Input Parameters:
  file        = /home/daisy/GRB-Search-Pipeline/results/training/maps/longlow/adapt_p11-715852394892384_a135-0_295_map.h5
  source_tile = 1770
  slew_rate   = 10
  dwell_time  = 5
  output      = /home/daisy/GRB-Search-Pipeline/results/training/longlow_searching_5.36x4.5_tiling.csv

source = [78.2841, 135], n_src_events = 599, n_bkg_events = 488
Loaded 80 entries (unique=80, duplicates=0, missing=49072, out_of_bounds=0, non-finite=0)
Sum(prob) over finite entries = 0.999999
init sum: 0.999999
num pixels: 49152
tile num: 1798
total tile prob: 0.999999
tiles with prob > 0: 6
total tile prob after trim: 0.999999
num tiles after trim: 6
init_pos: 1771
*********running GCP*********
total time (wallclock): 0.0226003 seconds

$ /home/daisy/GRB-Search-Pipeline/search-planning/build/sp_train /home/daisy/GRB-Search-Pipeline/results/training/maps/longlow/adapt_p11-715852394892384_a135-0_296_map.h5 /home/daisy/GRB-Search-Pipeline/search-planning/tilings/tiling_files/5.36x4.5_tiling.csv 1770 10.0 10.0 5.0 0 /home/daisy/GRB-Search-Pipeline/results/training/longlow_searching_5.36x4.5_tiling.csv
Input Parameters:
  file        = /home/daisy/GRB-Search-Pipeline/results/training/maps/longlow/adapt_p11-715852394892384_a135-0_296_map.h5
  source_tile = 1770
  slew_rate   = 10
  dwell_time  = 5
  output      = /home/daisy/GRB-Search-Pipeline/results/training/longlow_searching_5.36x4.5_tiling.csv

source = [78.2841, 135], n_src_events = 594, n_bkg_events = 929
Loaded 90 entries (unique=90, duplicates=0, missing=49062, out_of_bounds=0, non-finite=0)
Sum(prob) over finite entries = 0.999998
init sum: 0.999998
num pixels: 49152
tile num: 1798
total tile prob: 0.999998
tiles with prob > 0: 8
total tile prob after trim: 0.999998
num tiles after trim: 8
init_pos: 1770
*********running GCP*********
total time (wallclock): 0.0219444 seconds

$ /home/daisy/GRB-Search-Pipeline/search-planning/build/sp_train /home/daisy/GRB-Search-Pipeline/results/training/maps/longlow/adapt_p11-715852394892384_a135-0_297_map.h5 /home/daisy/GRB-Search-Pipeline/search-planning/tilings/tiling_files/5.36x4.5_tiling.csv 1770 10.0 10.0 5.0 0 /home/daisy/GRB-Search-Pipeline/results/training/longlow_searching_5.36x4.5_tiling.csv
Input Parameters:
  file        = /home/daisy/GRB-Search-Pipeline/results/training/maps/longlow/adapt_p11-715852394892384_a135-0_297_map.h5
  source_tile = 1770
  slew_rate   = 10
  dwell_time  = 5
  output      = /home/daisy/GRB-Search-Pipeline/results/training/longlow_searching_5.36x4.5_tiling.csv

source = [78.2841, 135], n_src_events = 491, n_bkg_events = 872
Loaded 126 entries (unique=126, duplicates=0, missing=49026, out_of_bounds=0, non-finite=0)
Sum(prob) over finite entries = 0.999999
init sum: 0.999999
num pixels: 49152
tile num: 1798
total tile prob: 0.999999
tiles with prob > 0: 10
total tile prob after trim: 0.999999
num tiles after trim: 10
init_pos: 1771
*********running GCP*********
total time (wallclock): 0.0225446 seconds

$ /home/daisy/GRB-Search-Pipeline/search-planning/build/sp_train /home/daisy/GRB-Search-Pipeline/results/training/maps/longlow/adapt_p11-715852394892384_a135-0_298_map.h5 /home/daisy/GRB-Search-Pipeline/search-planning/tilings/tiling_files/5.36x4.5_tiling.csv 1770 10.0 10.0 5.0 0 /home/daisy/GRB-Search-Pipeline/results/training/longlow_searching_5.36x4.5_tiling.csv
Input Parameters:
  file        = /home/daisy/GRB-Search-Pipeline/results/training/maps/longlow/adapt_p11-715852394892384_a135-0_298_map.h5
  source_tile = 1770
  slew_rate   = 10
  dwell_time  = 5
  output      = /home/daisy/GRB-Search-Pipeline/results/training/longlow_searching_5.36x4.5_tiling.csv

source = [78.2841, 135], n_src_events = 758, n_bkg_events = 785
Loaded 75 entries (unique=75, duplicates=0, missing=49077, out_of_bounds=0, non-finite=0)
Sum(prob) over finite entries = 0.999999
init sum: 0.999999
num pixels: 49152
tile num: 1798
total tile prob: 0.999999
tiles with prob > 0: 8
total tile prob after trim: 0.999999
num tiles after trim: 8
init_pos: 1753
*********running GCP*********
total time (wallclock): 0.0236114 seconds

$ /home/daisy/GRB-Search-Pipeline/search-planning/build/sp_train /home/daisy/GRB-Search-Pipeline/results/training/maps/longlow/adapt_p11-715852394892384_a135-0_299_map.h5 /home/daisy/GRB-Search-Pipeline/search-planning/tilings/tiling_files/5.36x4.5_tiling.csv 1770 10.0 10.0 5.0 0 /home/daisy/GRB-Search-Pipeline/results/training/longlow_searching_5.36x4.5_tiling.csv
Input Parameters:
  file        = /home/daisy/GRB-Search-Pipeline/results/training/maps/longlow/adapt_p11-715852394892384_a135-0_299_map.h5
  source_tile = 1770
  slew_rate   = 10
  dwell_time  = 5
  output      = /home/daisy/GRB-Search-Pipeline/results/training/longlow_searching_5.36x4.5_tiling.csv

source = [78.2841, 135], n_src_events = 693, n_bkg_events = 659
Loaded 58 entries (unique=58, duplicates=0, missing=49094, out_of_bounds=0, non-finite=0)
Sum(prob) over finite entries = 0.999999
init sum: 0.999999
num pixels: 49152
tile num: 1798
total tile prob: 0.999999
tiles with prob > 0: 5
total tile prob after trim: 0.999999
num tiles after trim: 5
init_pos: 1771
*********running GCP*********
total time (wallclock): 0.023206 seconds

$ /home/daisy/GRB-Search-Pipeline/search-planning/build/sp_train /home/daisy/GRB-Search-Pipeline/results/training/maps/longlow/adapt_p11-715852394892384_a135-0_29_map.h5 /home/daisy/GRB-Search-Pipeline/search-planning/tilings/tiling_files/5.36x4.5_tiling.csv 1770 10.0 10.0 5.0 0 /home/daisy/GRB-Search-Pipeline/results/training/longlow_searching_5.36x4.5_tiling.csv
Input Parameters:
  file        = /home/daisy/GRB-Search-Pipeline/results/training/maps/longlow/adapt_p11-715852394892384_a135-0_29_map.h5
  source_tile = 1770
  slew_rate   = 10
  dwell_time  = 5
  output      = /home/daisy/GRB-Search-Pipeline/results/training/longlow_searching_5.36x4.5_tiling.csv

source = [78.2841, 135], n_src_events = 456, n_bkg_events = 1142
Loaded 125 entries (unique=125, duplicates=0, missing=49027, out_of_bounds=0, non-finite=0)
Sum(prob) over finite entries = 0.999998
init sum: 0.999998
num pixels: 49152
tile num: 1798
total tile prob: 0.999998
tiles with prob > 0: 10
total tile prob after trim: 0.999998
num tiles after trim: 10
init_pos: 1771
*********running GCP*********
total time (wallclock): 0.0231193 seconds

$ /home/daisy/GRB-Search-Pipeline/search-planning/build/sp_train /home/daisy/GRB-Search-Pipeline/results/training/maps/longlow/adapt_p11-715852394892384_a135-0_2_map.h5 /home/daisy/GRB-Search-Pipeline/search-planning/tilings/tiling_files/5.36x4.5_tiling.csv 1770 10.0 10.0 5.0 0 /home/daisy/GRB-Search-Pipeline/results/training/longlow_searching_5.36x4.5_tiling.csv
Input Parameters:
  file        = /home/daisy/GRB-Search-Pipeline/results/training/maps/longlow/adapt_p11-715852394892384_a135-0_2_map.h5
  source_tile = 1770
  slew_rate   = 10
  dwell_time  = 5
  output      = /home/daisy/GRB-Search-Pipeline/results/training/longlow_searching_5.36x4.5_tiling.csv

source = [78.2841, 135], n_src_events = 418, n_bkg_events = 609
Loaded 163 entries (unique=163, duplicates=0, missing=48989, out_of_bounds=0, non-finite=0)
Sum(prob) over finite entries = 0.999999
init sum: 0.999999
num pixels: 49152
tile num: 1798
total tile prob: 0.999999
tiles with prob > 0: 14
total tile prob after trim: 0.999999
num tiles after trim: 14
init_pos: 1753
*********running GCP*********
total time (wallclock): 0.0232845 seconds

$ /home/daisy/GRB-Search-Pipeline/search-planning/build/sp_train /home/daisy/GRB-Search-Pipeline/results/training/maps/longlow/adapt_p11-715852394892384_a135-0_300_map.h5 /home/daisy/GRB-Search-Pipeline/search-planning/tilings/tiling_files/5.36x4.5_tiling.csv 1770 10.0 10.0 5.0 0 /home/daisy/GRB-Search-Pipeline/results/training/longlow_searching_5.36x4.5_tiling.csv
Input Parameters:
  file        = /home/daisy/GRB-Search-Pipeline/results/training/maps/longlow/adapt_p11-715852394892384_a135-0_300_map.h5
  source_tile = 1770
  slew_rate   = 10
  dwell_time  = 5
  output      = /home/daisy/GRB-Search-Pipeline/results/training/longlow_searching_5.36x4.5_tiling.csv

source = [78.2841, 135], n_src_events = 311, n_bkg_events = 556
Loaded 337 entries (unique=337, duplicates=0, missing=48815, out_of_bounds=0, non-finite=0)
Sum(prob) over finite entries = 0.999997
init sum: 0.999997
num pixels: 49152
tile num: 1798
total tile prob: 0.999997
tiles with prob > 0: 25
total tile prob after trim: 0.999997
num tiles after trim: 25
init_pos: 1729
*********running GCP*********
total time (wallclock): 0.0238609 seconds

$ /home/daisy/GRB-Search-Pipeline/search-planning/build/sp_train /home/daisy/GRB-Search-Pipeline/results/training/maps/longlow/adapt_p11-715852394892384_a135-0_301_map.h5 /home/daisy/GRB-Search-Pipeline/search-planning/tilings/tiling_files/5.36x4.5_tiling.csv 1770 10.0 10.0 5.0 0 /home/daisy/GRB-Search-Pipeline/results/training/longlow_searching_5.36x4.5_tiling.csv
Input Parameters:
  file        = /home/daisy/GRB-Search-Pipeline/results/training/maps/longlow/adapt_p11-715852394892384_a135-0_301_map.h5
  source_tile = 1770
  slew_rate   = 10
  dwell_time  = 5
  output      = /home/daisy/GRB-Search-Pipeline/results/training/longlow_searching_5.36x4.5_tiling.csv

source = [78.2841, 135], n_src_events = 744, n_bkg_events = 319
Loaded 62 entries (unique=62, duplicates=0, missing=49090, out_of_bounds=0, non-finite=0)
Sum(prob) over finite entries = 0.999999
init sum: 0.999999
num pixels: 49152
tile num: 1798
total tile prob: 0.999999
tiles with prob > 0: 5
total tile prob after trim: 0.999999
num tiles after trim: 5
init_pos: 1771
*********running GCP*********
total time (wallclock): 0.0234759 seconds

$ /home/daisy/GRB-Search-Pipeline/search-planning/build/sp_train /home/daisy/GRB-Search-Pipeline/results/training/maps/longlow/adapt_p11-715852394892384_a135-0_302_map.h5 /home/daisy/GRB-Search-Pipeline/search-planning/tilings/tiling_files/5.36x4.5_tiling.csv 1770 10.0 10.0 5.0 0 /home/daisy/GRB-Search-Pipeline/results/training/longlow_searching_5.36x4.5_tiling.csv
Input Parameters:
  file        = /home/daisy/GRB-Search-Pipeline/results/training/maps/longlow/adapt_p11-715852394892384_a135-0_302_map.h5
  source_tile = 1770
  slew_rate   = 10
  dwell_time  = 5
  output      = /home/daisy/GRB-Search-Pipeline/results/training/longlow_searching_5.36x4.5_tiling.csv

source = [78.2841, 135], n_src_events = 604, n_bkg_events = 619
Loaded 65 entries (unique=65, duplicates=0, missing=49087, out_of_bounds=0, non-finite=0)
Sum(prob) over finite entries = 0.999999
init sum: 0.999999
num pixels: 49152
tile num: 1798
total tile prob: 0.999999
tiles with prob > 0: 6
total tile prob after trim: 0.999999
num tiles after trim: 6
init_pos: 1770
*********running GCP*********
total time (wallclock): 0.0218991 seconds

$ /home/daisy/GRB-Search-Pipeline/search-planning/build/sp_train /home/daisy/GRB-Search-Pipeline/results/training/maps/longlow/adapt_p11-715852394892384_a135-0_303_map.h5 /home/daisy/GRB-Search-Pipeline/search-planning/tilings/tiling_files/5.36x4.5_tiling.csv 1770 10.0 10.0 5.0 0 /home/daisy/GRB-Search-Pipeline/results/training/longlow_searching_5.36x4.5_tiling.csv
Input Parameters:
  file        = /home/daisy/GRB-Search-Pipeline/results/training/maps/longlow/adapt_p11-715852394892384_a135-0_303_map.h5
  source_tile = 1770
  slew_rate   = 10
  dwell_time  = 5
  output      = /home/daisy/GRB-Search-Pipeline/results/training/longlow_searching_5.36x4.5_tiling.csv

source = [78.2841, 135], n_src_events = 186, n_bkg_events = 829
Loaded 490 entries (unique=490, duplicates=0, missing=48662, out_of_bounds=0, non-finite=0)
Sum(prob) over finite entries = 0.999998
init sum: 0.999998
num pixels: 49152
tile num: 1798
total tile prob: 0.999998
tiles with prob > 0: 30
total tile prob after trim: 0.999998
num tiles after trim: 30
init_pos: 1784
*********running GCP*********
total time (wallclock): 0.0230532 seconds

$ /home/daisy/GRB-Search-Pipeline/search-planning/build/sp_train /home/daisy/GRB-Search-Pipeline/results/training/maps/longlow/adapt_p11-715852394892384_a135-0_304_map.h5 /home/daisy/GRB-Search-Pipeline/search-planning/tilings/tiling_files/5.36x4.5_tiling.csv 1770 10.0 10.0 5.0 0 /home/daisy/GRB-Search-Pipeline/results/training/longlow_searching_5.36x4.5_tiling.csv
Input Parameters:
  file        = /home/daisy/GRB-Search-Pipeline/results/training/maps/longlow/adapt_p11-715852394892384_a135-0_304_map.h5
  source_tile = 1770
  slew_rate   = 10
  dwell_time  = 5
  output      = /home/daisy/GRB-Search-Pipeline/results/training/longlow_searching_5.36x4.5_tiling.csv

source = [78.2841, 135], n_src_events = 834, n_bkg_events = 913
Loaded 60 entries (unique=60, duplicates=0, missing=49092, out_of_bounds=0, non-finite=0)
Sum(prob) over finite entries = 0.999999
init sum: 0.999999
num pixels: 49152
tile num: 1798
total tile prob: 0.999999
tiles with prob > 0: 5
total tile prob after trim: 0.999999
num tiles after trim: 5
init_pos: 1770
*********running GCP*********
total time (wallclock): 0.0216533 seconds

$ /home/daisy/GRB-Search-Pipeline/search-planning/build/sp_train /home/daisy/GRB-Search-Pipeline/results/training/maps/longlow/adapt_p11-715852394892384_a135-0_305_map.h5 /home/daisy/GRB-Search-Pipeline/search-planning/tilings/tiling_files/5.36x4.5_tiling.csv 1770 10.0 10.0 5.0 0 /home/daisy/GRB-Search-Pipeline/results/training/longlow_searching_5.36x4.5_tiling.csv
Input Parameters:
  file        = /home/daisy/GRB-Search-Pipeline/results/training/maps/longlow/adapt_p11-715852394892384_a135-0_305_map.h5
  source_tile = 1770
  slew_rate   = 10
  dwell_time  = 5
  output      = /home/daisy/GRB-Search-Pipeline/results/training/longlow_searching_5.36x4.5_tiling.csv

source = [78.2841, 135], n_src_events = 435, n_bkg_events = 562
Loaded 140 entries (unique=140, duplicates=0, missing=49012, out_of_bounds=0, non-finite=0)
Sum(prob) over finite entries = 0.999998
init sum: 0.999998
num pixels: 49152
tile num: 1798
total tile prob: 0.999998
tiles with prob > 0: 12
total tile prob after trim: 0.999998
num tiles after trim: 12
init_pos: 1770
*********running GCP*********
total time (wallclock): 0.0217733 seconds

$ /home/daisy/GRB-Search-Pipeline/search-planning/build/sp_train /home/daisy/GRB-Search-Pipeline/results/training/maps/longlow/adapt_p11-715852394892384_a135-0_306_map.h5 /home/daisy/GRB-Search-Pipeline/search-planning/tilings/tiling_files/5.36x4.5_tiling.csv 1770 10.0 10.0 5.0 0 /home/daisy/GRB-Search-Pipeline/results/training/longlow_searching_5.36x4.5_tiling.csv
Input Parameters:
  file        = /home/daisy/GRB-Search-Pipeline/results/training/maps/longlow/adapt_p11-715852394892384_a135-0_306_map.h5
  source_tile = 1770
  slew_rate   = 10
  dwell_time  = 5
  output      = /home/daisy/GRB-Search-Pipeline/results/training/longlow_searching_5.36x4.5_tiling.csv

source = [78.2841, 135], n_src_events = 713, n_bkg_events = 775
Loaded 109 entries (unique=109, duplicates=0, missing=49043, out_of_bounds=0, non-finite=0)
Sum(prob) over finite entries = 0.999999
init sum: 0.999999
num pixels: 49152
tile num: 1798
total tile prob: 0.999999
tiles with prob > 0: 9
total tile prob after trim: 0.999999
num tiles after trim: 9
init_pos: 1752
*********running GCP*********
total time (wallclock): 0.0220956 seconds

$ /home/daisy/GRB-Search-Pipeline/search-planning/build/sp_train /home/daisy/GRB-Search-Pipeline/results/training/maps/longlow/adapt_p11-715852394892384_a135-0_307_map.h5 /home/daisy/GRB-Search-Pipeline/search-planning/tilings/tiling_files/5.36x4.5_tiling.csv 1770 10.0 10.0 5.0 0 /home/daisy/GRB-Search-Pipeline/results/training/longlow_searching_5.36x4.5_tiling.csv
Input Parameters:
  file        = /home/daisy/GRB-Search-Pipeline/results/training/maps/longlow/adapt_p11-715852394892384_a135-0_307_map.h5
  source_tile = 1770
  slew_rate   = 10
  dwell_time  = 5
  output      = /home/daisy/GRB-Search-Pipeline/results/training/longlow_searching_5.36x4.5_tiling.csv

source = [78.2841, 135], n_src_events = 460, n_bkg_events = 382
Loaded 96 entries (unique=96, duplicates=0, missing=49056, out_of_bounds=0, non-finite=0)
Sum(prob) over finite entries = 0.999998
init sum: 0.999998
num pixels: 49152
tile num: 1798
total tile prob: 0.999998
tiles with prob > 0: 9
total tile prob after trim: 0.999998
num tiles after trim: 9
init_pos: 1770
*********running GCP*********
total time (wallclock): 0.0216966 seconds

$ /home/daisy/GRB-Search-Pipeline/search-planning/build/sp_train /home/daisy/GRB-Search-Pipeline/results/training/maps/longlow/adapt_p11-715852394892384_a135-0_308_map.h5 /home/daisy/GRB-Search-Pipeline/search-planning/tilings/tiling_files/5.36x4.5_tiling.csv 1770 10.0 10.0 5.0 0 /home/daisy/GRB-Search-Pipeline/results/training/longlow_searching_5.36x4.5_tiling.csv
Input Parameters:
  file        = /home/daisy/GRB-Search-Pipeline/results/training/maps/longlow/adapt_p11-715852394892384_a135-0_308_map.h5
  source_tile = 1770
  slew_rate   = 10
  dwell_time  = 5
  output      = /home/daisy/GRB-Search-Pipeline/results/training/longlow_searching_5.36x4.5_tiling.csv

source = [78.2841, 135], n_src_events = 208, n_bkg_events = 657
Loaded 794 entries (unique=794, duplicates=0, missing=48358, out_of_bounds=0, non-finite=0)
Sum(prob) over finite entries = 0.999999
init sum: 0.999999
num pixels: 49152
tile num: 1798
total tile prob: 0.999999
tiles with prob > 0: 48
total tile prob after trim: 0.999999
num tiles after trim: 48
init_pos: 1787
*********running GCP*********
total time (wallclock): 0.0251453 seconds

$ /home/daisy/GRB-Search-Pipeline/search-planning/build/sp_train /home/daisy/GRB-Search-Pipeline/results/training/maps/longlow/adapt_p11-715852394892384_a135-0_309_map.h5 /home/daisy/GRB-Search-Pipeline/search-planning/tilings/tiling_files/5.36x4.5_tiling.csv 1770 10.0 10.0 5.0 0 /home/daisy/GRB-Search-Pipeline/results/training/longlow_searching_5.36x4.5_tiling.csv
Input Parameters:
  file        = /home/daisy/GRB-Search-Pipeline/results/training/maps/longlow/adapt_p11-715852394892384_a135-0_309_map.h5
  source_tile = 1770
  slew_rate   = 10
  dwell_time  = 5
  output      = /home/daisy/GRB-Search-Pipeline/results/training/longlow_searching_5.36x4.5_tiling.csv

source = [78.2841, 135], n_src_events = 440, n_bkg_events = 641
Loaded 154 entries (unique=154, duplicates=0, missing=48998, out_of_bounds=0, non-finite=0)
Sum(prob) over finite entries = 0.999999
init sum: 0.999999
num pixels: 49152
tile num: 1798
total tile prob: 0.999999
tiles with prob > 0: 11
total tile prob after trim: 0.999999
num tiles after trim: 11
init_pos: 1752
*********running GCP*********
total time (wallclock): 0.0226357 seconds

$ /home/daisy/GRB-Search-Pipeline/search-planning/build/sp_train /home/daisy/GRB-Search-Pipeline/results/training/maps/longlow/adapt_p11-715852394892384_a135-0_30_map.h5 /home/daisy/GRB-Search-Pipeline/search-planning/tilings/tiling_files/5.36x4.5_tiling.csv 1770 10.0 10.0 5.0 0 /home/daisy/GRB-Search-Pipeline/results/training/longlow_searching_5.36x4.5_tiling.csv
Input Parameters:
  file        = /home/daisy/GRB-Search-Pipeline/results/training/maps/longlow/adapt_p11-715852394892384_a135-0_30_map.h5
  source_tile = 1770
  slew_rate   = 10
  dwell_time  = 5
  output      = /home/daisy/GRB-Search-Pipeline/results/training/longlow_searching_5.36x4.5_tiling.csv

source = [78.2841, 135], n_src_events = 646, n_bkg_events = 241
Loaded 61 entries (unique=61, duplicates=0, missing=49091, out_of_bounds=0, non-finite=0)
Sum(prob) over finite entries = 0.999999
init sum: 0.999999
num pixels: 49152
tile num: 1798
total tile prob: 0.999999
tiles with prob > 0: 6
total tile prob after trim: 0.999999
num tiles after trim: 6
init_pos: 1771
*********running GCP*********
total time (wallclock): 0.0228787 seconds

$ /home/daisy/GRB-Search-Pipeline/search-planning/build/sp_train /home/daisy/GRB-Search-Pipeline/results/training/maps/longlow/adapt_p11-715852394892384_a135-0_310_map.h5 /home/daisy/GRB-Search-Pipeline/search-planning/tilings/tiling_files/5.36x4.5_tiling.csv 1770 10.0 10.0 5.0 0 /home/daisy/GRB-Search-Pipeline/results/training/longlow_searching_5.36x4.5_tiling.csv
Input Parameters:
  file        = /home/daisy/GRB-Search-Pipeline/results/training/maps/longlow/adapt_p11-715852394892384_a135-0_310_map.h5
  source_tile = 1770
  slew_rate   = 10
  dwell_time  = 5
  output      = /home/daisy/GRB-Search-Pipeline/results/training/longlow_searching_5.36x4.5_tiling.csv

source = [78.2841, 135], n_src_events = 315, n_bkg_events = 360
Loaded 271 entries (unique=271, duplicates=0, missing=48881, out_of_bounds=0, non-finite=0)
Sum(prob) over finite entries = 0.999998
init sum: 0.999998
num pixels: 49152
tile num: 1798
total tile prob: 0.999998
tiles with prob > 0: 21
total tile prob after trim: 0.999998
num tiles after trim: 21
init_pos: 1786
*********running GCP*********
total time (wallclock): 0.0239531 seconds

$ /home/daisy/GRB-Search-Pipeline/search-planning/build/sp_train /home/daisy/GRB-Search-Pipeline/results/training/maps/longlow/adapt_p11-715852394892384_a135-0_311_map.h5 /home/daisy/GRB-Search-Pipeline/search-planning/tilings/tiling_files/5.36x4.5_tiling.csv 1770 10.0 10.0 5.0 0 /home/daisy/GRB-Search-Pipeline/results/training/longlow_searching_5.36x4.5_tiling.csv
Input Parameters:
  file        = /home/daisy/GRB-Search-Pipeline/results/training/maps/longlow/adapt_p11-715852394892384_a135-0_311_map.h5
  source_tile = 1770
  slew_rate   = 10
  dwell_time  = 5
  output      = /home/daisy/GRB-Search-Pipeline/results/training/longlow_searching_5.36x4.5_tiling.csv

source = [78.2841, 135], n_src_events = 261, n_bkg_events = 586
Loaded 272 entries (unique=272, duplicates=0, missing=48880, out_of_bounds=0, non-finite=0)
Sum(prob) over finite entries = 0.999999
init sum: 0.999999
num pixels: 49152
tile num: 1798
total tile prob: 0.999999
tiles with prob > 0: 20
total tile prob after trim: 0.999999
num tiles after trim: 20
init_pos: 1786
*********running GCP*********
total time (wallclock): 0.0231751 seconds

$ /home/daisy/GRB-Search-Pipeline/search-planning/build/sp_train /home/daisy/GRB-Search-Pipeline/results/training/maps/longlow/adapt_p11-715852394892384_a135-0_312_map.h5 /home/daisy/GRB-Search-Pipeline/search-planning/tilings/tiling_files/5.36x4.5_tiling.csv 1770 10.0 10.0 5.0 0 /home/daisy/GRB-Search-Pipeline/results/training/longlow_searching_5.36x4.5_tiling.csv
Input Parameters:
  file        = /home/daisy/GRB-Search-Pipeline/results/training/maps/longlow/adapt_p11-715852394892384_a135-0_312_map.h5
  source_tile = 1770
  slew_rate   = 10
  dwell_time  = 5
  output      = /home/daisy/GRB-Search-Pipeline/results/training/longlow_searching_5.36x4.5_tiling.csv

source = [78.2841, 135], n_src_events = 577, n_bkg_events = 221
Loaded 80 entries (unique=80, duplicates=0, missing=49072, out_of_bounds=0, non-finite=0)
Sum(prob) over finite entries = 0.999999
init sum: 0.999999
num pixels: 49152
tile num: 1798
total tile prob: 0.999999
tiles with prob > 0: 7
total tile prob after trim: 0.999999
num tiles after trim: 7
init_pos: 1752
*********running GCP*********
total time (wallclock): 0.0230631 seconds

$ /home/daisy/GRB-Search-Pipeline/search-planning/build/sp_train /home/daisy/GRB-Search-Pipeline/results/training/maps/longlow/adapt_p11-715852394892384_a135-0_313_map.h5 /home/daisy/GRB-Search-Pipeline/search-planning/tilings/tiling_files/5.36x4.5_tiling.csv 1770 10.0 10.0 5.0 0 /home/daisy/GRB-Search-Pipeline/results/training/longlow_searching_5.36x4.5_tiling.csv
Input Parameters:
  file        = /home/daisy/GRB-Search-Pipeline/results/training/maps/longlow/adapt_p11-715852394892384_a135-0_313_map.h5
  source_tile = 1770
  slew_rate   = 10
  dwell_time  = 5
  output      = /home/daisy/GRB-Search-Pipeline/results/training/longlow_searching_5.36x4.5_tiling.csv

source = [78.2841, 135], n_src_events = 593, n_bkg_events = 1145
Loaded 129 entries (unique=129, duplicates=0, missing=49023, out_of_bounds=0, non-finite=0)
Sum(prob) over finite entries = 0.999998
init sum: 0.999998
num pixels: 49152
tile num: 1798
total tile prob: 0.999998
tiles with prob > 0: 11
total tile prob after trim: 0.999998
num tiles after trim: 11
init_pos: 1751
*********running GCP*********
total time (wallclock): 0.022856 seconds

$ /home/daisy/GRB-Search-Pipeline/search-planning/build/sp_train /home/daisy/GRB-Search-Pipeline/results/training/maps/longlow/adapt_p11-715852394892384_a135-0_314_map.h5 /home/daisy/GRB-Search-Pipeline/search-planning/tilings/tiling_files/5.36x4.5_tiling.csv 1770 10.0 10.0 5.0 0 /home/daisy/GRB-Search-Pipeline/results/training/longlow_searching_5.36x4.5_tiling.csv
Input Parameters:
  file        = /home/daisy/GRB-Search-Pipeline/results/training/maps/longlow/adapt_p11-715852394892384_a135-0_314_map.h5
  source_tile = 1770
  slew_rate   = 10
  dwell_time  = 5
  output      = /home/daisy/GRB-Search-Pipeline/results/training/longlow_searching_5.36x4.5_tiling.csv

source = [78.2841, 135], n_src_events = 704, n_bkg_events = 673
Loaded 62 entries (unique=62, duplicates=0, missing=49090, out_of_bounds=0, non-finite=0)
Sum(prob) over finite entries = 0.999998
init sum: 0.999998
num pixels: 49152
tile num: 1798
total tile prob: 0.999998
tiles with prob > 0: 8
total tile prob after trim: 0.999998
num tiles after trim: 8
init_pos: 1771
*********running GCP*********
total time (wallclock): 0.0234966 seconds

$ /home/daisy/GRB-Search-Pipeline/search-planning/build/sp_train /home/daisy/GRB-Search-Pipeline/results/training/maps/longlow/adapt_p11-715852394892384_a135-0_315_map.h5 /home/daisy/GRB-Search-Pipeline/search-planning/tilings/tiling_files/5.36x4.5_tiling.csv 1770 10.0 10.0 5.0 0 /home/daisy/GRB-Search-Pipeline/results/training/longlow_searching_5.36x4.5_tiling.csv
Input Parameters:
  file        = /home/daisy/GRB-Search-Pipeline/results/training/maps/longlow/adapt_p11-715852394892384_a135-0_315_map.h5
  source_tile = 1770
  slew_rate   = 10
  dwell_time  = 5
  output      = /home/daisy/GRB-Search-Pipeline/results/training/longlow_searching_5.36x4.5_tiling.csv

source = [78.2841, 135], n_src_events = 457, n_bkg_events = 570
Loaded 85 entries (unique=85, duplicates=0, missing=49067, out_of_bounds=0, non-finite=0)
Sum(prob) over finite entries = 0.999999
init sum: 0.999999
num pixels: 49152
tile num: 1798
total tile prob: 0.999999
tiles with prob > 0: 7
total tile prob after trim: 0.999999
num tiles after trim: 7
init_pos: 1751
*********running GCP*********
total time (wallclock): 0.0224575 seconds

$ /home/daisy/GRB-Search-Pipeline/search-planning/build/sp_train /home/daisy/GRB-Search-Pipeline/results/training/maps/longlow/adapt_p11-715852394892384_a135-0_316_map.h5 /home/daisy/GRB-Search-Pipeline/search-planning/tilings/tiling_files/5.36x4.5_tiling.csv 1770 10.0 10.0 5.0 0 /home/daisy/GRB-Search-Pipeline/results/training/longlow_searching_5.36x4.5_tiling.csv
Input Parameters:
  file        = /home/daisy/GRB-Search-Pipeline/results/training/maps/longlow/adapt_p11-715852394892384_a135-0_316_map.h5
  source_tile = 1770
  slew_rate   = 10
  dwell_time  = 5
  output      = /home/daisy/GRB-Search-Pipeline/results/training/longlow_searching_5.36x4.5_tiling.csv

source = [78.2841, 135], n_src_events = 472, n_bkg_events = 246
Loaded 103 entries (unique=103, duplicates=0, missing=49049, out_of_bounds=0, non-finite=0)
Sum(prob) over finite entries = 0.999999
init sum: 0.999999
num pixels: 49152
tile num: 1798
total tile prob: 0.999999
tiles with prob > 0: 10
total tile prob after trim: 0.999999
num tiles after trim: 10
init_pos: 1770
*********running GCP*********
total time (wallclock): 0.0222748 seconds

$ /home/daisy/GRB-Search-Pipeline/search-planning/build/sp_train /home/daisy/GRB-Search-Pipeline/results/training/maps/longlow/adapt_p11-715852394892384_a135-0_317_map.h5 /home/daisy/GRB-Search-Pipeline/search-planning/tilings/tiling_files/5.36x4.5_tiling.csv 1770 10.0 10.0 5.0 0 /home/daisy/GRB-Search-Pipeline/results/training/longlow_searching_5.36x4.5_tiling.csv
Input Parameters:
  file        = /home/daisy/GRB-Search-Pipeline/results/training/maps/longlow/adapt_p11-715852394892384_a135-0_317_map.h5
  source_tile = 1770
  slew_rate   = 10
  dwell_time  = 5
  output      = /home/daisy/GRB-Search-Pipeline/results/training/longlow_searching_5.36x4.5_tiling.csv

source = [78.2841, 135], n_src_events = 165, n_bkg_events = 996
Loaded 597 entries (unique=597, duplicates=0, missing=48555, out_of_bounds=0, non-finite=0)
Sum(prob) over finite entries = 0.999997
init sum: 0.999997
num pixels: 49152
tile num: 1798
total tile prob: 0.999997
tiles with prob > 0: 37
total tile prob after trim: 0.999997
num tiles after trim: 37
init_pos: 1769
*********running GCP*********
total time (wallclock): 0.02343 seconds

$ /home/daisy/GRB-Search-Pipeline/search-planning/build/sp_train /home/daisy/GRB-Search-Pipeline/results/training/maps/longlow/adapt_p11-715852394892384_a135-0_318_map.h5 /home/daisy/GRB-Search-Pipeline/search-planning/tilings/tiling_files/5.36x4.5_tiling.csv 1770 10.0 10.0 5.0 0 /home/daisy/GRB-Search-Pipeline/results/training/longlow_searching_5.36x4.5_tiling.csv
Input Parameters:
  file        = /home/daisy/GRB-Search-Pipeline/results/training/maps/longlow/adapt_p11-715852394892384_a135-0_318_map.h5
  source_tile = 1770
  slew_rate   = 10
  dwell_time  = 5
  output      = /home/daisy/GRB-Search-Pipeline/results/training/longlow_searching_5.36x4.5_tiling.csv

source = [78.2841, 135], n_src_events = 368, n_bkg_events = 684
Loaded 179 entries (unique=179, duplicates=0, missing=48973, out_of_bounds=0, non-finite=0)
Sum(prob) over finite entries = 0.999999
init sum: 0.999999
num pixels: 49152
tile num: 1798
total tile prob: 0.999999
tiles with prob > 0: 14
total tile prob after trim: 0.999999
num tiles after trim: 14
init_pos: 1751
*********running GCP*********
total time (wallclock): 0.0223321 seconds

$ /home/daisy/GRB-Search-Pipeline/search-planning/build/sp_train /home/daisy/GRB-Search-Pipeline/results/training/maps/longlow/adapt_p11-715852394892384_a135-0_319_map.h5 /home/daisy/GRB-Search-Pipeline/search-planning/tilings/tiling_files/5.36x4.5_tiling.csv 1770 10.0 10.0 5.0 0 /home/daisy/GRB-Search-Pipeline/results/training/longlow_searching_5.36x4.5_tiling.csv
Input Parameters:
  file        = /home/daisy/GRB-Search-Pipeline/results/training/maps/longlow/adapt_p11-715852394892384_a135-0_319_map.h5
  source_tile = 1770
  slew_rate   = 10
  dwell_time  = 5
  output      = /home/daisy/GRB-Search-Pipeline/results/training/longlow_searching_5.36x4.5_tiling.csv

source = [78.2841, 135], n_src_events = 497, n_bkg_events = 216
Loaded 90 entries (unique=90, duplicates=0, missing=49062, out_of_bounds=0, non-finite=0)
Sum(prob) over finite entries = 0.999999
init sum: 0.999999
num pixels: 49152
tile num: 1798
total tile prob: 0.999999
tiles with prob > 0: 8
total tile prob after trim: 0.999999
num tiles after trim: 8
init_pos: 1752
*********running GCP*********
total time (wallclock): 0.0226642 seconds

$ /home/daisy/GRB-Search-Pipeline/search-planning/build/sp_train /home/daisy/GRB-Search-Pipeline/results/training/maps/longlow/adapt_p11-715852394892384_a135-0_31_map.h5 /home/daisy/GRB-Search-Pipeline/search-planning/tilings/tiling_files/5.36x4.5_tiling.csv 1770 10.0 10.0 5.0 0 /home/daisy/GRB-Search-Pipeline/results/training/longlow_searching_5.36x4.5_tiling.csv
Input Parameters:
  file        = /home/daisy/GRB-Search-Pipeline/results/training/maps/longlow/adapt_p11-715852394892384_a135-0_31_map.h5
  source_tile = 1770
  slew_rate   = 10
  dwell_time  = 5
  output      = /home/daisy/GRB-Search-Pipeline/results/training/longlow_searching_5.36x4.5_tiling.csv

source = [78.2841, 135], n_src_events = 321, n_bkg_events = 1061
Loaded 298 entries (unique=298, duplicates=0, missing=48854, out_of_bounds=0, non-finite=0)
Sum(prob) over finite entries = 0.999998
init sum: 0.999998
num pixels: 49152
tile num: 1798
total tile prob: 0.999998
tiles with prob > 0: 19
total tile prob after trim: 0.999998
num tiles after trim: 19
init_pos: 1753
*********running GCP*********
total time (wallclock): 0.0245774 seconds

$ /home/daisy/GRB-Search-Pipeline/search-planning/build/sp_train /home/daisy/GRB-Search-Pipeline/results/training/maps/longlow/adapt_p11-715852394892384_a135-0_320_map.h5 /home/daisy/GRB-Search-Pipeline/search-planning/tilings/tiling_files/5.36x4.5_tiling.csv 1770 10.0 10.0 5.0 0 /home/daisy/GRB-Search-Pipeline/results/training/longlow_searching_5.36x4.5_tiling.csv
Input Parameters:
  file        = /home/daisy/GRB-Search-Pipeline/results/training/maps/longlow/adapt_p11-715852394892384_a135-0_320_map.h5
  source_tile = 1770
  slew_rate   = 10
  dwell_time  = 5
  output      = /home/daisy/GRB-Search-Pipeline/results/training/longlow_searching_5.36x4.5_tiling.csv

source = [78.2841, 135], n_src_events = 658, n_bkg_events = 914
Loaded 76 entries (unique=76, duplicates=0, missing=49076, out_of_bounds=0, non-finite=0)
Sum(prob) over finite entries = 0.999998
init sum: 0.999998
num pixels: 49152
tile num: 1798
total tile prob: 0.999998
tiles with prob > 0: 7
total tile prob after trim: 0.999998
num tiles after trim: 7
init_pos: 1771
*********running GCP*********
total time (wallclock): 0.0234293 seconds

$ /home/daisy/GRB-Search-Pipeline/search-planning/build/sp_train /home/daisy/GRB-Search-Pipeline/results/training/maps/longlow/adapt_p11-715852394892384_a135-0_321_map.h5 /home/daisy/GRB-Search-Pipeline/search-planning/tilings/tiling_files/5.36x4.5_tiling.csv 1770 10.0 10.0 5.0 0 /home/daisy/GRB-Search-Pipeline/results/training/longlow_searching_5.36x4.5_tiling.csv
Input Parameters:
  file        = /home/daisy/GRB-Search-Pipeline/results/training/maps/longlow/adapt_p11-715852394892384_a135-0_321_map.h5
  source_tile = 1770
  slew_rate   = 10
  dwell_time  = 5
  output      = /home/daisy/GRB-Search-Pipeline/results/training/longlow_searching_5.36x4.5_tiling.csv

source = [78.2841, 135], n_src_events = 524, n_bkg_events = 197
Loaded 83 entries (unique=83, duplicates=0, missing=49069, out_of_bounds=0, non-finite=0)
Sum(prob) over finite entries = 0.999998
init sum: 0.999998
num pixels: 49152
tile num: 1798
total tile prob: 0.999998
tiles with prob > 0: 8
total tile prob after trim: 0.999998
num tiles after trim: 8
init_pos: 1770
*********running GCP*********
total time (wallclock): 0.021898 seconds

$ /home/daisy/GRB-Search-Pipeline/search-planning/build/sp_train /home/daisy/GRB-Search-Pipeline/results/training/maps/longlow/adapt_p11-715852394892384_a135-0_322_map.h5 /home/daisy/GRB-Search-Pipeline/search-planning/tilings/tiling_files/5.36x4.5_tiling.csv 1770 10.0 10.0 5.0 0 /home/daisy/GRB-Search-Pipeline/results/training/longlow_searching_5.36x4.5_tiling.csv
Input Parameters:
  file        = /home/daisy/GRB-Search-Pipeline/results/training/maps/longlow/adapt_p11-715852394892384_a135-0_322_map.h5
  source_tile = 1770
  slew_rate   = 10
  dwell_time  = 5
  output      = /home/daisy/GRB-Search-Pipeline/results/training/longlow_searching_5.36x4.5_tiling.csv

source = [78.2841, 135], n_src_events = 639, n_bkg_events = 482
Loaded 95 entries (unique=95, duplicates=0, missing=49057, out_of_bounds=0, non-finite=0)
Sum(prob) over finite entries = 0.999999
init sum: 0.999999
num pixels: 49152
tile num: 1798
total tile prob: 0.999999
tiles with prob > 0: 8
total tile prob after trim: 0.999999
num tiles after trim: 8
init_pos: 1751
*********running GCP*********
total time (wallclock): 0.0224766 seconds

$ /home/daisy/GRB-Search-Pipeline/search-planning/build/sp_train /home/daisy/GRB-Search-Pipeline/results/training/maps/longlow/adapt_p11-715852394892384_a135-0_323_map.h5 /home/daisy/GRB-Search-Pipeline/search-planning/tilings/tiling_files/5.36x4.5_tiling.csv 1770 10.0 10.0 5.0 0 /home/daisy/GRB-Search-Pipeline/results/training/longlow_searching_5.36x4.5_tiling.csv
Input Parameters:
  file        = /home/daisy/GRB-Search-Pipeline/results/training/maps/longlow/adapt_p11-715852394892384_a135-0_323_map.h5
  source_tile = 1770
  slew_rate   = 10
  dwell_time  = 5
  output      = /home/daisy/GRB-Search-Pipeline/results/training/longlow_searching_5.36x4.5_tiling.csv

source = [78.2841, 135], n_src_events = 361, n_bkg_events = 834
Loaded 171 entries (unique=171, duplicates=0, missing=48981, out_of_bounds=0, non-finite=0)
Sum(prob) over finite entries = 0.999999
init sum: 0.999999
num pixels: 49152
tile num: 1798
total tile prob: 0.999999
tiles with prob > 0: 14
total tile prob after trim: 0.999999
num tiles after trim: 14
init_pos: 1753
*********running GCP*********
total time (wallclock): 0.0226503 seconds

$ /home/daisy/GRB-Search-Pipeline/search-planning/build/sp_train /home/daisy/GRB-Search-Pipeline/results/training/maps/longlow/adapt_p11-715852394892384_a135-0_324_map.h5 /home/daisy/GRB-Search-Pipeline/search-planning/tilings/tiling_files/5.36x4.5_tiling.csv 1770 10.0 10.0 5.0 0 /home/daisy/GRB-Search-Pipeline/results/training/longlow_searching_5.36x4.5_tiling.csv
Input Parameters:
  file        = /home/daisy/GRB-Search-Pipeline/results/training/maps/longlow/adapt_p11-715852394892384_a135-0_324_map.h5
  source_tile = 1770
  slew_rate   = 10
  dwell_time  = 5
  output      = /home/daisy/GRB-Search-Pipeline/results/training/longlow_searching_5.36x4.5_tiling.csv

source = [78.2841, 135], n_src_events = 133, n_bkg_events = 216
Loaded 479 entries (unique=479, duplicates=0, missing=48673, out_of_bounds=0, non-finite=0)
Sum(prob) over finite entries = 0.999999
init sum: 0.999999
num pixels: 49152
tile num: 1798
total tile prob: 0.999999
tiles with prob > 0: 28
total tile prob after trim: 0.999999
num tiles after trim: 28
init_pos: 1770
*********running GCP*********
total time (wallclock): 0.0218767 seconds

$ /home/daisy/GRB-Search-Pipeline/search-planning/build/sp_train /home/daisy/GRB-Search-Pipeline/results/training/maps/longlow/adapt_p11-715852394892384_a135-0_325_map.h5 /home/daisy/GRB-Search-Pipeline/search-planning/tilings/tiling_files/5.36x4.5_tiling.csv 1770 10.0 10.0 5.0 0 /home/daisy/GRB-Search-Pipeline/results/training/longlow_searching_5.36x4.5_tiling.csv
Input Parameters:
  file        = /home/daisy/GRB-Search-Pipeline/results/training/maps/longlow/adapt_p11-715852394892384_a135-0_325_map.h5
  source_tile = 1770
  slew_rate   = 10
  dwell_time  = 5
  output      = /home/daisy/GRB-Search-Pipeline/results/training/longlow_searching_5.36x4.5_tiling.csv

source = [78.2841, 135], n_src_events = 523, n_bkg_events = 797
Loaded 94 entries (unique=94, duplicates=0, missing=49058, out_of_bounds=0, non-finite=0)
Sum(prob) over finite entries = 0.999999
init sum: 0.999999
num pixels: 49152
tile num: 1798
total tile prob: 0.999999
tiles with prob > 0: 8
total tile prob after trim: 0.999999
num tiles after trim: 8
init_pos: 1728
*********running GCP*********
total time (wallclock): 0.0242869 seconds

$ /home/daisy/GRB-Search-Pipeline/search-planning/build/sp_train /home/daisy/GRB-Search-Pipeline/results/training/maps/longlow/adapt_p11-715852394892384_a135-0_326_map.h5 /home/daisy/GRB-Search-Pipeline/search-planning/tilings/tiling_files/5.36x4.5_tiling.csv 1770 10.0 10.0 5.0 0 /home/daisy/GRB-Search-Pipeline/results/training/longlow_searching_5.36x4.5_tiling.csv
Input Parameters:
  file        = /home/daisy/GRB-Search-Pipeline/results/training/maps/longlow/adapt_p11-715852394892384_a135-0_326_map.h5
  source_tile = 1770
  slew_rate   = 10
  dwell_time  = 5
  output      = /home/daisy/GRB-Search-Pipeline/results/training/longlow_searching_5.36x4.5_tiling.csv

source = [78.2841, 135], n_src_events = 444, n_bkg_events = 654
Loaded 196 entries (unique=196, duplicates=0, missing=48956, out_of_bounds=0, non-finite=0)
Sum(prob) over finite entries = 0.999999
init sum: 0.999999
num pixels: 49152
tile num: 1798
total tile prob: 0.999999
tiles with prob > 0: 15
total tile prob after trim: 0.999999
num tiles after trim: 15
init_pos: 1772
*********running GCP*********
total time (wallclock): 0.0251312 seconds

$ /home/daisy/GRB-Search-Pipeline/search-planning/build/sp_train /home/daisy/GRB-Search-Pipeline/results/training/maps/longlow/adapt_p11-715852394892384_a135-0_327_map.h5 /home/daisy/GRB-Search-Pipeline/search-planning/tilings/tiling_files/5.36x4.5_tiling.csv 1770 10.0 10.0 5.0 0 /home/daisy/GRB-Search-Pipeline/results/training/longlow_searching_5.36x4.5_tiling.csv
Input Parameters:
  file        = /home/daisy/GRB-Search-Pipeline/results/training/maps/longlow/adapt_p11-715852394892384_a135-0_327_map.h5
  source_tile = 1770
  slew_rate   = 10
  dwell_time  = 5
  output      = /home/daisy/GRB-Search-Pipeline/results/training/longlow_searching_5.36x4.5_tiling.csv

source = [78.2841, 135], n_src_events = 639, n_bkg_events = 252
Loaded 68 entries (unique=68, duplicates=0, missing=49084, out_of_bounds=0, non-finite=0)
Sum(prob) over finite entries = 0.999999
init sum: 0.999999
num pixels: 49152
tile num: 1798
total tile prob: 0.999999
tiles with prob > 0: 6
total tile prob after trim: 0.999999
num tiles after trim: 6
init_pos: 1771
*********running GCP*********
total time (wallclock): 0.0229 seconds

$ /home/daisy/GRB-Search-Pipeline/search-planning/build/sp_train /home/daisy/GRB-Search-Pipeline/results/training/maps/longlow/adapt_p11-715852394892384_a135-0_328_map.h5 /home/daisy/GRB-Search-Pipeline/search-planning/tilings/tiling_files/5.36x4.5_tiling.csv 1770 10.0 10.0 5.0 0 /home/daisy/GRB-Search-Pipeline/results/training/longlow_searching_5.36x4.5_tiling.csv
Input Parameters:
  file        = /home/daisy/GRB-Search-Pipeline/results/training/maps/longlow/adapt_p11-715852394892384_a135-0_328_map.h5
  source_tile = 1770
  slew_rate   = 10
  dwell_time  = 5
  output      = /home/daisy/GRB-Search-Pipeline/results/training/longlow_searching_5.36x4.5_tiling.csv

source = [78.2841, 135], n_src_events = 578, n_bkg_events = 595
Loaded 105 entries (unique=105, duplicates=0, missing=49047, out_of_bounds=0, non-finite=0)
Sum(prob) over finite entries = 0.999999
init sum: 0.999999
num pixels: 49152
tile num: 1798
total tile prob: 0.999999
tiles with prob > 0: 8
total tile prob after trim: 0.999999
num tiles after trim: 8
init_pos: 1728
*********running GCP*********
total time (wallclock): 0.0241459 seconds

$ /home/daisy/GRB-Search-Pipeline/search-planning/build/sp_train /home/daisy/GRB-Search-Pipeline/results/training/maps/longlow/adapt_p11-715852394892384_a135-0_329_map.h5 /home/daisy/GRB-Search-Pipeline/search-planning/tilings/tiling_files/5.36x4.5_tiling.csv 1770 10.0 10.0 5.0 0 /home/daisy/GRB-Search-Pipeline/results/training/longlow_searching_5.36x4.5_tiling.csv
Input Parameters:
  file        = /home/daisy/GRB-Search-Pipeline/results/training/maps/longlow/adapt_p11-715852394892384_a135-0_329_map.h5
  source_tile = 1770
  slew_rate   = 10
  dwell_time  = 5
  output      = /home/daisy/GRB-Search-Pipeline/results/training/longlow_searching_5.36x4.5_tiling.csv

source = [78.2841, 135], n_src_events = 765, n_bkg_events = 1111
Loaded 53 entries (unique=53, duplicates=0, missing=49099, out_of_bounds=0, non-finite=0)
Sum(prob) over finite entries = 0.999999
init sum: 0.999999
num pixels: 49152
tile num: 1798
total tile prob: 0.999999
tiles with prob > 0: 5
total tile prob after trim: 0.999999
num tiles after trim: 5
init_pos: 1771
*********running GCP*********
total time (wallclock): 0.0230201 seconds

$ /home/daisy/GRB-Search-Pipeline/search-planning/build/sp_train /home/daisy/GRB-Search-Pipeline/results/training/maps/longlow/adapt_p11-715852394892384_a135-0_32_map.h5 /home/daisy/GRB-Search-Pipeline/search-planning/tilings/tiling_files/5.36x4.5_tiling.csv 1770 10.0 10.0 5.0 0 /home/daisy/GRB-Search-Pipeline/results/training/longlow_searching_5.36x4.5_tiling.csv
Input Parameters:
  file        = /home/daisy/GRB-Search-Pipeline/results/training/maps/longlow/adapt_p11-715852394892384_a135-0_32_map.h5
  source_tile = 1770
  slew_rate   = 10
  dwell_time  = 5
  output      = /home/daisy/GRB-Search-Pipeline/results/training/longlow_searching_5.36x4.5_tiling.csv

source = [78.2841, 135], n_src_events = 133, n_bkg_events = 346
Loaded 545 entries (unique=545, duplicates=0, missing=48607, out_of_bounds=0, non-finite=0)
Sum(prob) over finite entries = 0.999999
init sum: 0.999999
num pixels: 49152
tile num: 1798
total tile prob: 0.999999
tiles with prob > 0: 32
total tile prob after trim: 0.999999
num tiles after trim: 32
init_pos: 1785
*********running GCP*********
total time (wallclock): 0.0228574 seconds

$ /home/daisy/GRB-Search-Pipeline/search-planning/build/sp_train /home/daisy/GRB-Search-Pipeline/results/training/maps/longlow/adapt_p11-715852394892384_a135-0_330_map.h5 /home/daisy/GRB-Search-Pipeline/search-planning/tilings/tiling_files/5.36x4.5_tiling.csv 1770 10.0 10.0 5.0 0 /home/daisy/GRB-Search-Pipeline/results/training/longlow_searching_5.36x4.5_tiling.csv
Input Parameters:
  file        = /home/daisy/GRB-Search-Pipeline/results/training/maps/longlow/adapt_p11-715852394892384_a135-0_330_map.h5
  source_tile = 1770
  slew_rate   = 10
  dwell_time  = 5
  output      = /home/daisy/GRB-Search-Pipeline/results/training/longlow_searching_5.36x4.5_tiling.csv

source = [78.2841, 135], n_src_events = 391, n_bkg_events = 324
Loaded 140 entries (unique=140, duplicates=0, missing=49012, out_of_bounds=0, non-finite=0)
Sum(prob) over finite entries = 0.999999
init sum: 0.999999
num pixels: 49152
tile num: 1798
total tile prob: 0.999999
tiles with prob > 0: 13
total tile prob after trim: 0.999999
num tiles after trim: 13
init_pos: 1770
*********running GCP*********
total time (wallclock): 0.0219729 seconds

$ /home/daisy/GRB-Search-Pipeline/search-planning/build/sp_train /home/daisy/GRB-Search-Pipeline/results/training/maps/longlow/adapt_p11-715852394892384_a135-0_331_map.h5 /home/daisy/GRB-Search-Pipeline/search-planning/tilings/tiling_files/5.36x4.5_tiling.csv 1770 10.0 10.0 5.0 0 /home/daisy/GRB-Search-Pipeline/results/training/longlow_searching_5.36x4.5_tiling.csv
Input Parameters:
  file        = /home/daisy/GRB-Search-Pipeline/results/training/maps/longlow/adapt_p11-715852394892384_a135-0_331_map.h5
  source_tile = 1770
  slew_rate   = 10
  dwell_time  = 5
  output      = /home/daisy/GRB-Search-Pipeline/results/training/longlow_searching_5.36x4.5_tiling.csv

source = [78.2841, 135], n_src_events = 416, n_bkg_events = 567
Loaded 185 entries (unique=185, duplicates=0, missing=48967, out_of_bounds=0, non-finite=0)
Sum(prob) over finite entries = 0.999998
init sum: 0.999998
num pixels: 49152
tile num: 1798
total tile prob: 0.999998
tiles with prob > 0: 12
total tile prob after trim: 0.999998
num tiles after trim: 12
init_pos: 1726
*********running GCP*********
total time (wallclock): 0.023043 seconds

$ /home/daisy/GRB-Search-Pipeline/search-planning/build/sp_train /home/daisy/GRB-Search-Pipeline/results/training/maps/longlow/adapt_p11-715852394892384_a135-0_332_map.h5 /home/daisy/GRB-Search-Pipeline/search-planning/tilings/tiling_files/5.36x4.5_tiling.csv 1770 10.0 10.0 5.0 0 /home/daisy/GRB-Search-Pipeline/results/training/longlow_searching_5.36x4.5_tiling.csv
Input Parameters:
  file        = /home/daisy/GRB-Search-Pipeline/results/training/maps/longlow/adapt_p11-715852394892384_a135-0_332_map.h5
  source_tile = 1770
  slew_rate   = 10
  dwell_time  = 5
  output      = /home/daisy/GRB-Search-Pipeline/results/training/longlow_searching_5.36x4.5_tiling.csv

source = [78.2841, 135], n_src_events = 761, n_bkg_events = 576
Loaded 54 entries (unique=54, duplicates=0, missing=49098, out_of_bounds=0, non-finite=0)
Sum(prob) over finite entries = 0.999999
init sum: 0.999999
num pixels: 49152
tile num: 1798
total tile prob: 0.999999
tiles with prob > 0: 7
total tile prob after trim: 0.999999
num tiles after trim: 7
init_pos: 1771
*********running GCP*********
total time (wallclock): 0.0228939 seconds

$ /home/daisy/GRB-Search-Pipeline/search-planning/build/sp_train /home/daisy/GRB-Search-Pipeline/results/training/maps/longlow/adapt_p11-715852394892384_a135-0_333_map.h5 /home/daisy/GRB-Search-Pipeline/search-planning/tilings/tiling_files/5.36x4.5_tiling.csv 1770 10.0 10.0 5.0 0 /home/daisy/GRB-Search-Pipeline/results/training/longlow_searching_5.36x4.5_tiling.csv
Input Parameters:
  file        = /home/daisy/GRB-Search-Pipeline/results/training/maps/longlow/adapt_p11-715852394892384_a135-0_333_map.h5
  source_tile = 1770
  slew_rate   = 10
  dwell_time  = 5
  output      = /home/daisy/GRB-Search-Pipeline/results/training/longlow_searching_5.36x4.5_tiling.csv

source = [78.2841, 135], n_src_events = 514, n_bkg_events = 661
Loaded 124 entries (unique=124, duplicates=0, missing=49028, out_of_bounds=0, non-finite=0)
Sum(prob) over finite entries = 0.999999
init sum: 0.999999
num pixels: 49152
tile num: 1798
total tile prob: 0.999999
tiles with prob > 0: 11
total tile prob after trim: 0.999999
num tiles after trim: 11
init_pos: 1753
*********running GCP*********
total time (wallclock): 0.0248303 seconds

$ /home/daisy/GRB-Search-Pipeline/search-planning/build/sp_train /home/daisy/GRB-Search-Pipeline/results/training/maps/longlow/adapt_p11-715852394892384_a135-0_334_map.h5 /home/daisy/GRB-Search-Pipeline/search-planning/tilings/tiling_files/5.36x4.5_tiling.csv 1770 10.0 10.0 5.0 0 /home/daisy/GRB-Search-Pipeline/results/training/longlow_searching_5.36x4.5_tiling.csv
Input Parameters:
  file        = /home/daisy/GRB-Search-Pipeline/results/training/maps/longlow/adapt_p11-715852394892384_a135-0_334_map.h5
  source_tile = 1770
  slew_rate   = 10
  dwell_time  = 5
  output      = /home/daisy/GRB-Search-Pipeline/results/training/longlow_searching_5.36x4.5_tiling.csv

source = [78.2841, 135], n_src_events = 197, n_bkg_events = 947
Loaded 886 entries (unique=886, duplicates=0, missing=48266, out_of_bounds=0, non-finite=0)
Sum(prob) over finite entries = 0.999996
init sum: 0.999996
num pixels: 49152
tile num: 1798
total tile prob: 0.999996
tiles with prob > 0: 53
total tile prob after trim: 0.999996
num tiles after trim: 53
init_pos: 1754
*********running GCP*********
total time (wallclock): 0.0236919 seconds

$ /home/daisy/GRB-Search-Pipeline/search-planning/build/sp_train /home/daisy/GRB-Search-Pipeline/results/training/maps/longlow/adapt_p11-715852394892384_a135-0_335_map.h5 /home/daisy/GRB-Search-Pipeline/search-planning/tilings/tiling_files/5.36x4.5_tiling.csv 1770 10.0 10.0 5.0 0 /home/daisy/GRB-Search-Pipeline/results/training/longlow_searching_5.36x4.5_tiling.csv
Input Parameters:
  file        = /home/daisy/GRB-Search-Pipeline/results/training/maps/longlow/adapt_p11-715852394892384_a135-0_335_map.h5
  source_tile = 1770
  slew_rate   = 10
  dwell_time  = 5
  output      = /home/daisy/GRB-Search-Pipeline/results/training/longlow_searching_5.36x4.5_tiling.csv

source = [78.2841, 135], n_src_events = 328, n_bkg_events = 1028
Loaded 211 entries (unique=211, duplicates=0, missing=48941, out_of_bounds=0, non-finite=0)
Sum(prob) over finite entries = 0.999999
init sum: 0.999999
num pixels: 49152
tile num: 1798
total tile prob: 0.999999
tiles with prob > 0: 15
total tile prob after trim: 0.999999
num tiles after trim: 15
init_pos: 1784
*********running GCP*********
total time (wallclock): 0.022926 seconds

$ /home/daisy/GRB-Search-Pipeline/search-planning/build/sp_train /home/daisy/GRB-Search-Pipeline/results/training/maps/longlow/adapt_p11-715852394892384_a135-0_336_map.h5 /home/daisy/GRB-Search-Pipeline/search-planning/tilings/tiling_files/5.36x4.5_tiling.csv 1770 10.0 10.0 5.0 0 /home/daisy/GRB-Search-Pipeline/results/training/longlow_searching_5.36x4.5_tiling.csv
Input Parameters:
  file        = /home/daisy/GRB-Search-Pipeline/results/training/maps/longlow/adapt_p11-715852394892384_a135-0_336_map.h5
  source_tile = 1770
  slew_rate   = 10
  dwell_time  = 5
  output      = /home/daisy/GRB-Search-Pipeline/results/training/longlow_searching_5.36x4.5_tiling.csv

source = [78.2841, 135], n_src_events = 538, n_bkg_events = 921
Loaded 122 entries (unique=122, duplicates=0, missing=49030, out_of_bounds=0, non-finite=0)
Sum(prob) over finite entries = 0.999998
init sum: 0.999998
num pixels: 49152
tile num: 1798
total tile prob: 0.999998
tiles with prob > 0: 11
total tile prob after trim: 0.999998
num tiles after trim: 11
init_pos: 1770
*********running GCP*********
total time (wallclock): 0.0220452 seconds

$ /home/daisy/GRB-Search-Pipeline/search-planning/build/sp_train /home/daisy/GRB-Search-Pipeline/results/training/maps/longlow/adapt_p11-715852394892384_a135-0_337_map.h5 /home/daisy/GRB-Search-Pipeline/search-planning/tilings/tiling_files/5.36x4.5_tiling.csv 1770 10.0 10.0 5.0 0 /home/daisy/GRB-Search-Pipeline/results/training/longlow_searching_5.36x4.5_tiling.csv
Input Parameters:
  file        = /home/daisy/GRB-Search-Pipeline/results/training/maps/longlow/adapt_p11-715852394892384_a135-0_337_map.h5
  source_tile = 1770
  slew_rate   = 10
  dwell_time  = 5
  output      = /home/daisy/GRB-Search-Pipeline/results/training/longlow_searching_5.36x4.5_tiling.csv

source = [78.2841, 135], n_src_events = 401, n_bkg_events = 443
Loaded 115 entries (unique=115, duplicates=0, missing=49037, out_of_bounds=0, non-finite=0)
Sum(prob) over finite entries = 0.999999
init sum: 0.999999
num pixels: 49152
tile num: 1798
total tile prob: 0.999999
tiles with prob > 0: 10
total tile prob after trim: 0.999999
num tiles after trim: 10
init_pos: 1770
*********running GCP*********
total time (wallclock): 0.0218619 seconds

$ /home/daisy/GRB-Search-Pipeline/search-planning/build/sp_train /home/daisy/GRB-Search-Pipeline/results/training/maps/longlow/adapt_p11-715852394892384_a135-0_338_map.h5 /home/daisy/GRB-Search-Pipeline/search-planning/tilings/tiling_files/5.36x4.5_tiling.csv 1770 10.0 10.0 5.0 0 /home/daisy/GRB-Search-Pipeline/results/training/longlow_searching_5.36x4.5_tiling.csv
Input Parameters:
  file        = /home/daisy/GRB-Search-Pipeline/results/training/maps/longlow/adapt_p11-715852394892384_a135-0_338_map.h5
  source_tile = 1770
  slew_rate   = 10
  dwell_time  = 5
  output      = /home/daisy/GRB-Search-Pipeline/results/training/longlow_searching_5.36x4.5_tiling.csv

source = [78.2841, 135], n_src_events = 164, n_bkg_events = 360
Loaded 754 entries (unique=754, duplicates=0, missing=48398, out_of_bounds=0, non-finite=0)
Sum(prob) over finite entries = 0.999997
init sum: 0.999997
num pixels: 49152
tile num: 1798
total tile prob: 0.999997
tiles with prob > 0: 46
total tile prob after trim: 0.999997
num tiles after trim: 46
init_pos: 1729
*********running GCP*********
total time (wallclock): 0.0292319 seconds

$ /home/daisy/GRB-Search-Pipeline/search-planning/build/sp_train /home/daisy/GRB-Search-Pipeline/results/training/maps/longlow/adapt_p11-715852394892384_a135-0_339_map.h5 /home/daisy/GRB-Search-Pipeline/search-planning/tilings/tiling_files/5.36x4.5_tiling.csv 1770 10.0 10.0 5.0 0 /home/daisy/GRB-Search-Pipeline/results/training/longlow_searching_5.36x4.5_tiling.csv
Input Parameters:
  file        = /home/daisy/GRB-Search-Pipeline/results/training/maps/longlow/adapt_p11-715852394892384_a135-0_339_map.h5
  source_tile = 1770
  slew_rate   = 10
  dwell_time  = 5
  output      = /home/daisy/GRB-Search-Pipeline/results/training/longlow_searching_5.36x4.5_tiling.csv

source = [78.2841, 135], n_src_events = 821, n_bkg_events = 324
Loaded 47 entries (unique=47, duplicates=0, missing=49105, out_of_bounds=0, non-finite=0)
Sum(prob) over finite entries = 0.999999
init sum: 0.999999
num pixels: 49152
tile num: 1798
total tile prob: 0.999999
tiles with prob > 0: 6
total tile prob after trim: 0.999999
num tiles after trim: 6
init_pos: 1752
*********running GCP*********
total time (wallclock): 0.0234157 seconds

$ /home/daisy/GRB-Search-Pipeline/search-planning/build/sp_train /home/daisy/GRB-Search-Pipeline/results/training/maps/longlow/adapt_p11-715852394892384_a135-0_33_map.h5 /home/daisy/GRB-Search-Pipeline/search-planning/tilings/tiling_files/5.36x4.5_tiling.csv 1770 10.0 10.0 5.0 0 /home/daisy/GRB-Search-Pipeline/results/training/longlow_searching_5.36x4.5_tiling.csv
Input Parameters:
  file        = /home/daisy/GRB-Search-Pipeline/results/training/maps/longlow/adapt_p11-715852394892384_a135-0_33_map.h5
  source_tile = 1770
  slew_rate   = 10
  dwell_time  = 5
  output      = /home/daisy/GRB-Search-Pipeline/results/training/longlow_searching_5.36x4.5_tiling.csv

source = [78.2841, 135], n_src_events = 66, n_bkg_events = 610
Loaded 1995 entries (unique=1995, duplicates=0, missing=47157, out_of_bounds=0, non-finite=0)
Sum(prob) over finite entries = 0.999997
init sum: 0.999997
num pixels: 49152
tile num: 1798
total tile prob: 0.999997
tiles with prob > 0: 101
total tile prob after trim: 0.999997
num tiles after trim: 101
init_pos: 1491
*********running GCP*********
total time (wallclock): 0.0906321 seconds

$ /home/daisy/GRB-Search-Pipeline/search-planning/build/sp_train /home/daisy/GRB-Search-Pipeline/results/training/maps/longlow/adapt_p11-715852394892384_a135-0_340_map.h5 /home/daisy/GRB-Search-Pipeline/search-planning/tilings/tiling_files/5.36x4.5_tiling.csv 1770 10.0 10.0 5.0 0 /home/daisy/GRB-Search-Pipeline/results/training/longlow_searching_5.36x4.5_tiling.csv
Input Parameters:
  file        = /home/daisy/GRB-Search-Pipeline/results/training/maps/longlow/adapt_p11-715852394892384_a135-0_340_map.h5
  source_tile = 1770
  slew_rate   = 10
  dwell_time  = 5
  output      = /home/daisy/GRB-Search-Pipeline/results/training/longlow_searching_5.36x4.5_tiling.csv

source = [78.2841, 135], n_src_events = 592, n_bkg_events = 630
Loaded 100 entries (unique=100, duplicates=0, missing=49052, out_of_bounds=0, non-finite=0)
Sum(prob) over finite entries = 0.999999
init sum: 0.999999
num pixels: 49152
tile num: 1798
total tile prob: 0.999999
tiles with prob > 0: 10
total tile prob after trim: 0.999999
num tiles after trim: 10
init_pos: 1752
*********running GCP*********
total time (wallclock): 0.0228544 seconds

$ /home/daisy/GRB-Search-Pipeline/search-planning/build/sp_train /home/daisy/GRB-Search-Pipeline/results/training/maps/longlow/adapt_p11-715852394892384_a135-0_341_map.h5 /home/daisy/GRB-Search-Pipeline/search-planning/tilings/tiling_files/5.36x4.5_tiling.csv 1770 10.0 10.0 5.0 0 /home/daisy/GRB-Search-Pipeline/results/training/longlow_searching_5.36x4.5_tiling.csv
Input Parameters:
  file        = /home/daisy/GRB-Search-Pipeline/results/training/maps/longlow/adapt_p11-715852394892384_a135-0_341_map.h5
  source_tile = 1770
  slew_rate   = 10
  dwell_time  = 5
  output      = /home/daisy/GRB-Search-Pipeline/results/training/longlow_searching_5.36x4.5_tiling.csv

source = [78.2841, 135], n_src_events = 535, n_bkg_events = 427
Loaded 124 entries (unique=124, duplicates=0, missing=49028, out_of_bounds=0, non-finite=0)
Sum(prob) over finite entries = 0.999999
init sum: 0.999999
num pixels: 49152
tile num: 1798
total tile prob: 0.999999
tiles with prob > 0: 12
total tile prob after trim: 0.999999
num tiles after trim: 12
init_pos: 1770
*********running GCP*********
total time (wallclock): 0.021989 seconds

$ /home/daisy/GRB-Search-Pipeline/search-planning/build/sp_train /home/daisy/GRB-Search-Pipeline/results/training/maps/longlow/adapt_p11-715852394892384_a135-0_342_map.h5 /home/daisy/GRB-Search-Pipeline/search-planning/tilings/tiling_files/5.36x4.5_tiling.csv 1770 10.0 10.0 5.0 0 /home/daisy/GRB-Search-Pipeline/results/training/longlow_searching_5.36x4.5_tiling.csv
Input Parameters:
  file        = /home/daisy/GRB-Search-Pipeline/results/training/maps/longlow/adapt_p11-715852394892384_a135-0_342_map.h5
  source_tile = 1770
  slew_rate   = 10
  dwell_time  = 5
  output      = /home/daisy/GRB-Search-Pipeline/results/training/longlow_searching_5.36x4.5_tiling.csv

source = [78.2841, 135], n_src_events = 330, n_bkg_events = 235
Loaded 124 entries (unique=124, duplicates=0, missing=49028, out_of_bounds=0, non-finite=0)
Sum(prob) over finite entries = 0.999999
init sum: 0.999999
num pixels: 49152
tile num: 1798
total tile prob: 0.999999
tiles with prob > 0: 10
total tile prob after trim: 0.999999
num tiles after trim: 10
init_pos: 1727
*********running GCP*********
total time (wallclock): 0.0247098 seconds

$ /home/daisy/GRB-Search-Pipeline/search-planning/build/sp_train /home/daisy/GRB-Search-Pipeline/results/training/maps/longlow/adapt_p11-715852394892384_a135-0_343_map.h5 /home/daisy/GRB-Search-Pipeline/search-planning/tilings/tiling_files/5.36x4.5_tiling.csv 1770 10.0 10.0 5.0 0 /home/daisy/GRB-Search-Pipeline/results/training/longlow_searching_5.36x4.5_tiling.csv
Input Parameters:
  file        = /home/daisy/GRB-Search-Pipeline/results/training/maps/longlow/adapt_p11-715852394892384_a135-0_343_map.h5
  source_tile = 1770
  slew_rate   = 10
  dwell_time  = 5
  output      = /home/daisy/GRB-Search-Pipeline/results/training/longlow_searching_5.36x4.5_tiling.csv

source = [78.2841, 135], n_src_events = 112, n_bkg_events = 1021
Loaded 740 entries (unique=740, duplicates=0, missing=48412, out_of_bounds=0, non-finite=0)
Sum(prob) over finite entries = 0.999998
init sum: 0.999998
num pixels: 49152
tile num: 1798
total tile prob: 0.999998
tiles with prob > 0: 43
total tile prob after trim: 0.999998
num tiles after trim: 43
init_pos: 1786
*********running GCP*********
total time (wallclock): 0.0261161 seconds

$ /home/daisy/GRB-Search-Pipeline/search-planning/build/sp_train /home/daisy/GRB-Search-Pipeline/results/training/maps/longlow/adapt_p11-715852394892384_a135-0_344_map.h5 /home/daisy/GRB-Search-Pipeline/search-planning/tilings/tiling_files/5.36x4.5_tiling.csv 1770 10.0 10.0 5.0 0 /home/daisy/GRB-Search-Pipeline/results/training/longlow_searching_5.36x4.5_tiling.csv
Input Parameters:
  file        = /home/daisy/GRB-Search-Pipeline/results/training/maps/longlow/adapt_p11-715852394892384_a135-0_344_map.h5
  source_tile = 1770
  slew_rate   = 10
  dwell_time  = 5
  output      = /home/daisy/GRB-Search-Pipeline/results/training/longlow_searching_5.36x4.5_tiling.csv

source = [78.2841, 135], n_src_events = 562, n_bkg_events = 1014
Loaded 93 entries (unique=93, duplicates=0, missing=49059, out_of_bounds=0, non-finite=0)
Sum(prob) over finite entries = 0.999999
init sum: 0.999999
num pixels: 49152
tile num: 1798
total tile prob: 0.999999
tiles with prob > 0: 8
total tile prob after trim: 0.999999
num tiles after trim: 8
init_pos: 1771
*********running GCP*********
total time (wallclock): 0.0236758 seconds

$ /home/daisy/GRB-Search-Pipeline/search-planning/build/sp_train /home/daisy/GRB-Search-Pipeline/results/training/maps/longlow/adapt_p11-715852394892384_a135-0_345_map.h5 /home/daisy/GRB-Search-Pipeline/search-planning/tilings/tiling_files/5.36x4.5_tiling.csv 1770 10.0 10.0 5.0 0 /home/daisy/GRB-Search-Pipeline/results/training/longlow_searching_5.36x4.5_tiling.csv
Input Parameters:
  file        = /home/daisy/GRB-Search-Pipeline/results/training/maps/longlow/adapt_p11-715852394892384_a135-0_345_map.h5
  source_tile = 1770
  slew_rate   = 10
  dwell_time  = 5
  output      = /home/daisy/GRB-Search-Pipeline/results/training/longlow_searching_5.36x4.5_tiling.csv

source = [78.2841, 135], n_src_events = 417, n_bkg_events = 377
Loaded 101 entries (unique=101, duplicates=0, missing=49051, out_of_bounds=0, non-finite=0)
Sum(prob) over finite entries = 0.999999
init sum: 0.999999
num pixels: 49152
tile num: 1798
total tile prob: 0.999999
tiles with prob > 0: 9
total tile prob after trim: 0.999999
num tiles after trim: 9
init_pos: 1753
*********running GCP*********
total time (wallclock): 0.0234601 seconds

$ /home/daisy/GRB-Search-Pipeline/search-planning/build/sp_train /home/daisy/GRB-Search-Pipeline/results/training/maps/longlow/adapt_p11-715852394892384_a135-0_346_map.h5 /home/daisy/GRB-Search-Pipeline/search-planning/tilings/tiling_files/5.36x4.5_tiling.csv 1770 10.0 10.0 5.0 0 /home/daisy/GRB-Search-Pipeline/results/training/longlow_searching_5.36x4.5_tiling.csv
Input Parameters:
  file        = /home/daisy/GRB-Search-Pipeline/results/training/maps/longlow/adapt_p11-715852394892384_a135-0_346_map.h5
  source_tile = 1770
  slew_rate   = 10
  dwell_time  = 5
  output      = /home/daisy/GRB-Search-Pipeline/results/training/longlow_searching_5.36x4.5_tiling.csv

source = [78.2841, 135], n_src_events = 584, n_bkg_events = 662
Loaded 86 entries (unique=86, duplicates=0, missing=49066, out_of_bounds=0, non-finite=0)
Sum(prob) over finite entries = 0.999999
init sum: 0.999999
num pixels: 49152
tile num: 1798
total tile prob: 0.999999
tiles with prob > 0: 5
total tile prob after trim: 0.999999
num tiles after trim: 5
init_pos: 1771
*********running GCP*********
total time (wallclock): 0.0231016 seconds

$ /home/daisy/GRB-Search-Pipeline/search-planning/build/sp_train /home/daisy/GRB-Search-Pipeline/results/training/maps/longlow/adapt_p11-715852394892384_a135-0_347_map.h5 /home/daisy/GRB-Search-Pipeline/search-planning/tilings/tiling_files/5.36x4.5_tiling.csv 1770 10.0 10.0 5.0 0 /home/daisy/GRB-Search-Pipeline/results/training/longlow_searching_5.36x4.5_tiling.csv
Input Parameters:
  file        = /home/daisy/GRB-Search-Pipeline/results/training/maps/longlow/adapt_p11-715852394892384_a135-0_347_map.h5
  source_tile = 1770
  slew_rate   = 10
  dwell_time  = 5
  output      = /home/daisy/GRB-Search-Pipeline/results/training/longlow_searching_5.36x4.5_tiling.csv

source = [78.2841, 135], n_src_events = 346, n_bkg_events = 1056
Loaded 205 entries (unique=205, duplicates=0, missing=48947, out_of_bounds=0, non-finite=0)
Sum(prob) over finite entries = 0.999999
init sum: 0.999999
num pixels: 49152
tile num: 1798
total tile prob: 0.999999
tiles with prob > 0: 15
total tile prob after trim: 0.999999
num tiles after trim: 15
init_pos: 1786
*********running GCP*********
total time (wallclock): 0.0235603 seconds

$ /home/daisy/GRB-Search-Pipeline/search-planning/build/sp_train /home/daisy/GRB-Search-Pipeline/results/training/maps/longlow/adapt_p11-715852394892384_a135-0_348_map.h5 /home/daisy/GRB-Search-Pipeline/search-planning/tilings/tiling_files/5.36x4.5_tiling.csv 1770 10.0 10.0 5.0 0 /home/daisy/GRB-Search-Pipeline/results/training/longlow_searching_5.36x4.5_tiling.csv
Input Parameters:
  file        = /home/daisy/GRB-Search-Pipeline/results/training/maps/longlow/adapt_p11-715852394892384_a135-0_348_map.h5
  source_tile = 1770
  slew_rate   = 10
  dwell_time  = 5
  output      = /home/daisy/GRB-Search-Pipeline/results/training/longlow_searching_5.36x4.5_tiling.csv

source = [78.2841, 135], n_src_events = 261, n_bkg_events = 1038
Loaded 383 entries (unique=383, duplicates=0, missing=48769, out_of_bounds=0, non-finite=0)
Sum(prob) over finite entries = 0.999999
init sum: 0.999999
num pixels: 49152
tile num: 1798
total tile prob: 0.999999
tiles with prob > 0: 26
total tile prob after trim: 0.999999
num tiles after trim: 26
init_pos: 1769
*********running GCP*********
total time (wallclock): 0.0224983 seconds

$ /home/daisy/GRB-Search-Pipeline/search-planning/build/sp_train /home/daisy/GRB-Search-Pipeline/results/training/maps/longlow/adapt_p11-715852394892384_a135-0_349_map.h5 /home/daisy/GRB-Search-Pipeline/search-planning/tilings/tiling_files/5.36x4.5_tiling.csv 1770 10.0 10.0 5.0 0 /home/daisy/GRB-Search-Pipeline/results/training/longlow_searching_5.36x4.5_tiling.csv
Input Parameters:
  file        = /home/daisy/GRB-Search-Pipeline/results/training/maps/longlow/adapt_p11-715852394892384_a135-0_349_map.h5
  source_tile = 1770
  slew_rate   = 10
  dwell_time  = 5
  output      = /home/daisy/GRB-Search-Pipeline/results/training/longlow_searching_5.36x4.5_tiling.csv

source = [78.2841, 135], n_src_events = 647, n_bkg_events = 439
Loaded 89 entries (unique=89, duplicates=0, missing=49063, out_of_bounds=0, non-finite=0)
Sum(prob) over finite entries = 0.999999
init sum: 0.999999
num pixels: 49152
tile num: 1798
total tile prob: 0.999999
tiles with prob > 0: 9
total tile prob after trim: 0.999999
num tiles after trim: 9
init_pos: 1752
*********running GCP*********
total time (wallclock): 0.0229443 seconds

$ /home/daisy/GRB-Search-Pipeline/search-planning/build/sp_train /home/daisy/GRB-Search-Pipeline/results/training/maps/longlow/adapt_p11-715852394892384_a135-0_34_map.h5 /home/daisy/GRB-Search-Pipeline/search-planning/tilings/tiling_files/5.36x4.5_tiling.csv 1770 10.0 10.0 5.0 0 /home/daisy/GRB-Search-Pipeline/results/training/longlow_searching_5.36x4.5_tiling.csv
Input Parameters:
  file        = /home/daisy/GRB-Search-Pipeline/results/training/maps/longlow/adapt_p11-715852394892384_a135-0_34_map.h5
  source_tile = 1770
  slew_rate   = 10
  dwell_time  = 5
  output      = /home/daisy/GRB-Search-Pipeline/results/training/longlow_searching_5.36x4.5_tiling.csv

source = [78.2841, 135], n_src_events = 615, n_bkg_events = 363
Loaded 52 entries (unique=52, duplicates=0, missing=49100, out_of_bounds=0, non-finite=0)
Sum(prob) over finite entries = 0.999999
init sum: 0.999999
num pixels: 49152
tile num: 1798
total tile prob: 0.999999
tiles with prob > 0: 5
total tile prob after trim: 0.999999
num tiles after trim: 5
init_pos: 1771
*********running GCP*********
total time (wallclock): 0.0232261 seconds

$ /home/daisy/GRB-Search-Pipeline/search-planning/build/sp_train /home/daisy/GRB-Search-Pipeline/results/training/maps/longlow/adapt_p11-715852394892384_a135-0_350_map.h5 /home/daisy/GRB-Search-Pipeline/search-planning/tilings/tiling_files/5.36x4.5_tiling.csv 1770 10.0 10.0 5.0 0 /home/daisy/GRB-Search-Pipeline/results/training/longlow_searching_5.36x4.5_tiling.csv
Input Parameters:
  file        = /home/daisy/GRB-Search-Pipeline/results/training/maps/longlow/adapt_p11-715852394892384_a135-0_350_map.h5
  source_tile = 1770
  slew_rate   = 10
  dwell_time  = 5
  output      = /home/daisy/GRB-Search-Pipeline/results/training/longlow_searching_5.36x4.5_tiling.csv

source = [78.2841, 135], n_src_events = 688, n_bkg_events = 819
Loaded 76 entries (unique=76, duplicates=0, missing=49076, out_of_bounds=0, non-finite=0)
Sum(prob) over finite entries = 0.999999
init sum: 0.999999
num pixels: 49152
tile num: 1798
total tile prob: 0.999999
tiles with prob > 0: 7
total tile prob after trim: 0.999999
num tiles after trim: 7
init_pos: 1771
*********running GCP*********
total time (wallclock): 0.0239947 seconds

$ /home/daisy/GRB-Search-Pipeline/search-planning/build/sp_train /home/daisy/GRB-Search-Pipeline/results/training/maps/longlow/adapt_p11-715852394892384_a135-0_351_map.h5 /home/daisy/GRB-Search-Pipeline/search-planning/tilings/tiling_files/5.36x4.5_tiling.csv 1770 10.0 10.0 5.0 0 /home/daisy/GRB-Search-Pipeline/results/training/longlow_searching_5.36x4.5_tiling.csv
Input Parameters:
  file        = /home/daisy/GRB-Search-Pipeline/results/training/maps/longlow/adapt_p11-715852394892384_a135-0_351_map.h5
  source_tile = 1770
  slew_rate   = 10
  dwell_time  = 5
  output      = /home/daisy/GRB-Search-Pipeline/results/training/longlow_searching_5.36x4.5_tiling.csv

source = [78.2841, 135], n_src_events = 230, n_bkg_events = 1136
Loaded 390 entries (unique=390, duplicates=0, missing=48762, out_of_bounds=0, non-finite=0)
Sum(prob) over finite entries = 0.999998
init sum: 0.999998
num pixels: 49152
tile num: 1798
total tile prob: 0.999998
tiles with prob > 0: 27
total tile prob after trim: 0.999998
num tiles after trim: 27
init_pos: 1751
*********running GCP*********
total time (wallclock): 0.0247714 seconds

$ /home/daisy/GRB-Search-Pipeline/search-planning/build/sp_train /home/daisy/GRB-Search-Pipeline/results/training/maps/longlow/adapt_p11-715852394892384_a135-0_352_map.h5 /home/daisy/GRB-Search-Pipeline/search-planning/tilings/tiling_files/5.36x4.5_tiling.csv 1770 10.0 10.0 5.0 0 /home/daisy/GRB-Search-Pipeline/results/training/longlow_searching_5.36x4.5_tiling.csv
Input Parameters:
  file        = /home/daisy/GRB-Search-Pipeline/results/training/maps/longlow/adapt_p11-715852394892384_a135-0_352_map.h5
  source_tile = 1770
  slew_rate   = 10
  dwell_time  = 5
  output      = /home/daisy/GRB-Search-Pipeline/results/training/longlow_searching_5.36x4.5_tiling.csv

source = [78.2841, 135], n_src_events = 246, n_bkg_events = 972
Loaded 315 entries (unique=315, duplicates=0, missing=48837, out_of_bounds=0, non-finite=0)
Sum(prob) over finite entries = 0.999998
init sum: 0.999998
num pixels: 49152
tile num: 1798
total tile prob: 0.999998
tiles with prob > 0: 20
total tile prob after trim: 0.999998
num tiles after trim: 20
init_pos: 1772
*********running GCP*********
total time (wallclock): 0.0234134 seconds

$ /home/daisy/GRB-Search-Pipeline/search-planning/build/sp_train /home/daisy/GRB-Search-Pipeline/results/training/maps/longlow/adapt_p11-715852394892384_a135-0_353_map.h5 /home/daisy/GRB-Search-Pipeline/search-planning/tilings/tiling_files/5.36x4.5_tiling.csv 1770 10.0 10.0 5.0 0 /home/daisy/GRB-Search-Pipeline/results/training/longlow_searching_5.36x4.5_tiling.csv
Input Parameters:
  file        = /home/daisy/GRB-Search-Pipeline/results/training/maps/longlow/adapt_p11-715852394892384_a135-0_353_map.h5
  source_tile = 1770
  slew_rate   = 10
  dwell_time  = 5
  output      = /home/daisy/GRB-Search-Pipeline/results/training/longlow_searching_5.36x4.5_tiling.csv

source = [78.2841, 135], n_src_events = 791, n_bkg_events = 375
Loaded 45 entries (unique=45, duplicates=0, missing=49107, out_of_bounds=0, non-finite=0)
Sum(prob) over finite entries = 0.999999
init sum: 0.999999
num pixels: 49152
tile num: 1798
total tile prob: 0.999999
tiles with prob > 0: 4
total tile prob after trim: 0.999999
num tiles after trim: 4
init_pos: 1752
*********running GCP*********
total time (wallclock): 0.0223467 seconds

$ /home/daisy/GRB-Search-Pipeline/search-planning/build/sp_train /home/daisy/GRB-Search-Pipeline/results/training/maps/longlow/adapt_p11-715852394892384_a135-0_354_map.h5 /home/daisy/GRB-Search-Pipeline/search-planning/tilings/tiling_files/5.36x4.5_tiling.csv 1770 10.0 10.0 5.0 0 /home/daisy/GRB-Search-Pipeline/results/training/longlow_searching_5.36x4.5_tiling.csv
Input Parameters:
  file        = /home/daisy/GRB-Search-Pipeline/results/training/maps/longlow/adapt_p11-715852394892384_a135-0_354_map.h5
  source_tile = 1770
  slew_rate   = 10
  dwell_time  = 5
  output      = /home/daisy/GRB-Search-Pipeline/results/training/longlow_searching_5.36x4.5_tiling.csv

source = [78.2841, 135], n_src_events = 377, n_bkg_events = 930
Loaded 165 entries (unique=165, duplicates=0, missing=48987, out_of_bounds=0, non-finite=0)
Sum(prob) over finite entries = 0.999999
init sum: 0.999999
num pixels: 49152
tile num: 1798
total tile prob: 0.999999
tiles with prob > 0: 11
total tile prob after trim: 0.999999
num tiles after trim: 11
init_pos: 1770
*********running GCP*********
total time (wallclock): 0.0215853 seconds

$ /home/daisy/GRB-Search-Pipeline/search-planning/build/sp_train /home/daisy/GRB-Search-Pipeline/results/training/maps/longlow/adapt_p11-715852394892384_a135-0_355_map.h5 /home/daisy/GRB-Search-Pipeline/search-planning/tilings/tiling_files/5.36x4.5_tiling.csv 1770 10.0 10.0 5.0 0 /home/daisy/GRB-Search-Pipeline/results/training/longlow_searching_5.36x4.5_tiling.csv
Input Parameters:
  file        = /home/daisy/GRB-Search-Pipeline/results/training/maps/longlow/adapt_p11-715852394892384_a135-0_355_map.h5
  source_tile = 1770
  slew_rate   = 10
  dwell_time  = 5
  output      = /home/daisy/GRB-Search-Pipeline/results/training/longlow_searching_5.36x4.5_tiling.csv

source = [78.2841, 135], n_src_events = 141, n_bkg_events = 261
Loaded 844 entries (unique=844, duplicates=0, missing=48308, out_of_bounds=0, non-finite=0)
Sum(prob) over finite entries = 0.999999
init sum: 0.999999
num pixels: 49152
tile num: 1798
total tile prob: 0.999999
tiles with prob > 0: 48
total tile prob after trim: 0.999999
num tiles after trim: 48
init_pos: 1784
*********running GCP*********
total time (wallclock): 0.0231704 seconds

$ /home/daisy/GRB-Search-Pipeline/search-planning/build/sp_train /home/daisy/GRB-Search-Pipeline/results/training/maps/longlow/adapt_p11-715852394892384_a135-0_356_map.h5 /home/daisy/GRB-Search-Pipeline/search-planning/tilings/tiling_files/5.36x4.5_tiling.csv 1770 10.0 10.0 5.0 0 /home/daisy/GRB-Search-Pipeline/results/training/longlow_searching_5.36x4.5_tiling.csv
Input Parameters:
  file        = /home/daisy/GRB-Search-Pipeline/results/training/maps/longlow/adapt_p11-715852394892384_a135-0_356_map.h5
  source_tile = 1770
  slew_rate   = 10
  dwell_time  = 5
  output      = /home/daisy/GRB-Search-Pipeline/results/training/longlow_searching_5.36x4.5_tiling.csv

source = [78.2841, 135], n_src_events = 298, n_bkg_events = 854
Loaded 272 entries (unique=272, duplicates=0, missing=48880, out_of_bounds=0, non-finite=0)
Sum(prob) over finite entries = 0.999998
init sum: 0.999998
num pixels: 49152
tile num: 1798
total tile prob: 0.999998
tiles with prob > 0: 19
total tile prob after trim: 0.999998
num tiles after trim: 19
init_pos: 1785
*********running GCP*********
total time (wallclock): 0.0226972 seconds

$ /home/daisy/GRB-Search-Pipeline/search-planning/build/sp_train /home/daisy/GRB-Search-Pipeline/results/training/maps/longlow/adapt_p11-715852394892384_a135-0_357_map.h5 /home/daisy/GRB-Search-Pipeline/search-planning/tilings/tiling_files/5.36x4.5_tiling.csv 1770 10.0 10.0 5.0 0 /home/daisy/GRB-Search-Pipeline/results/training/longlow_searching_5.36x4.5_tiling.csv
Input Parameters:
  file        = /home/daisy/GRB-Search-Pipeline/results/training/maps/longlow/adapt_p11-715852394892384_a135-0_357_map.h5
  source_tile = 1770
  slew_rate   = 10
  dwell_time  = 5
  output      = /home/daisy/GRB-Search-Pipeline/results/training/longlow_searching_5.36x4.5_tiling.csv

source = [78.2841, 135], n_src_events = 802, n_bkg_events = 933
Loaded 54 entries (unique=54, duplicates=0, missing=49098, out_of_bounds=0, non-finite=0)
Sum(prob) over finite entries = 0.999999
init sum: 0.999999
num pixels: 49152
tile num: 1798
total tile prob: 0.999999
tiles with prob > 0: 5
total tile prob after trim: 0.999999
num tiles after trim: 5
init_pos: 1752
*********running GCP*********
total time (wallclock): 0.0223146 seconds

$ /home/daisy/GRB-Search-Pipeline/search-planning/build/sp_train /home/daisy/GRB-Search-Pipeline/results/training/maps/longlow/adapt_p11-715852394892384_a135-0_358_map.h5 /home/daisy/GRB-Search-Pipeline/search-planning/tilings/tiling_files/5.36x4.5_tiling.csv 1770 10.0 10.0 5.0 0 /home/daisy/GRB-Search-Pipeline/results/training/longlow_searching_5.36x4.5_tiling.csv
Input Parameters:
  file        = /home/daisy/GRB-Search-Pipeline/results/training/maps/longlow/adapt_p11-715852394892384_a135-0_358_map.h5
  source_tile = 1770
  slew_rate   = 10
  dwell_time  = 5
  output      = /home/daisy/GRB-Search-Pipeline/results/training/longlow_searching_5.36x4.5_tiling.csv

source = [78.2841, 135], n_src_events = 458, n_bkg_events = 970
Loaded 127 entries (unique=127, duplicates=0, missing=49025, out_of_bounds=0, non-finite=0)
Sum(prob) over finite entries = 0.999998
init sum: 0.999998
num pixels: 49152
tile num: 1798
total tile prob: 0.999998
tiles with prob > 0: 10
total tile prob after trim: 0.999998
num tiles after trim: 10
init_pos: 1751
*********running GCP*********
total time (wallclock): 0.0235247 seconds

$ /home/daisy/GRB-Search-Pipeline/search-planning/build/sp_train /home/daisy/GRB-Search-Pipeline/results/training/maps/longlow/adapt_p11-715852394892384_a135-0_359_map.h5 /home/daisy/GRB-Search-Pipeline/search-planning/tilings/tiling_files/5.36x4.5_tiling.csv 1770 10.0 10.0 5.0 0 /home/daisy/GRB-Search-Pipeline/results/training/longlow_searching_5.36x4.5_tiling.csv
Input Parameters:
  file        = /home/daisy/GRB-Search-Pipeline/results/training/maps/longlow/adapt_p11-715852394892384_a135-0_359_map.h5
  source_tile = 1770
  slew_rate   = 10
  dwell_time  = 5
  output      = /home/daisy/GRB-Search-Pipeline/results/training/longlow_searching_5.36x4.5_tiling.csv

source = [78.2841, 135], n_src_events = 382, n_bkg_events = 199
Loaded 120 entries (unique=120, duplicates=0, missing=49032, out_of_bounds=0, non-finite=0)
Sum(prob) over finite entries = 0.999998
init sum: 0.999998
num pixels: 49152
tile num: 1798
total tile prob: 0.999998
tiles with prob > 0: 10
total tile prob after trim: 0.999998
num tiles after trim: 10
init_pos: 1771
*********running GCP*********
total time (wallclock): 0.0228548 seconds

$ /home/daisy/GRB-Search-Pipeline/search-planning/build/sp_train /home/daisy/GRB-Search-Pipeline/results/training/maps/longlow/adapt_p11-715852394892384_a135-0_35_map.h5 /home/daisy/GRB-Search-Pipeline/search-planning/tilings/tiling_files/5.36x4.5_tiling.csv 1770 10.0 10.0 5.0 0 /home/daisy/GRB-Search-Pipeline/results/training/longlow_searching_5.36x4.5_tiling.csv
Input Parameters:
  file        = /home/daisy/GRB-Search-Pipeline/results/training/maps/longlow/adapt_p11-715852394892384_a135-0_35_map.h5
  source_tile = 1770
  slew_rate   = 10
  dwell_time  = 5
  output      = /home/daisy/GRB-Search-Pipeline/results/training/longlow_searching_5.36x4.5_tiling.csv

source = [78.2841, 135], n_src_events = 746, n_bkg_events = 641
Loaded 62 entries (unique=62, duplicates=0, missing=49090, out_of_bounds=0, non-finite=0)
Sum(prob) over finite entries = 0.999999
init sum: 0.999999
num pixels: 49152
tile num: 1798
total tile prob: 0.999999
tiles with prob > 0: 6
total tile prob after trim: 0.999999
num tiles after trim: 6
init_pos: 1771
*********running GCP*********
total time (wallclock): 0.0235477 seconds

$ /home/daisy/GRB-Search-Pipeline/search-planning/build/sp_train /home/daisy/GRB-Search-Pipeline/results/training/maps/longlow/adapt_p11-715852394892384_a135-0_360_map.h5 /home/daisy/GRB-Search-Pipeline/search-planning/tilings/tiling_files/5.36x4.5_tiling.csv 1770 10.0 10.0 5.0 0 /home/daisy/GRB-Search-Pipeline/results/training/longlow_searching_5.36x4.5_tiling.csv
Input Parameters:
  file        = /home/daisy/GRB-Search-Pipeline/results/training/maps/longlow/adapt_p11-715852394892384_a135-0_360_map.h5
  source_tile = 1770
  slew_rate   = 10
  dwell_time  = 5
  output      = /home/daisy/GRB-Search-Pipeline/results/training/longlow_searching_5.36x4.5_tiling.csv

source = [78.2841, 135], n_src_events = 402, n_bkg_events = 497
Loaded 115 entries (unique=115, duplicates=0, missing=49037, out_of_bounds=0, non-finite=0)
Sum(prob) over finite entries = 0.999999
init sum: 0.999999
num pixels: 49152
tile num: 1798
total tile prob: 0.999999
tiles with prob > 0: 8
total tile prob after trim: 0.999999
num tiles after trim: 8
init_pos: 1727
*********running GCP*********
total time (wallclock): 0.0239298 seconds

$ /home/daisy/GRB-Search-Pipeline/search-planning/build/sp_train /home/daisy/GRB-Search-Pipeline/results/training/maps/longlow/adapt_p11-715852394892384_a135-0_361_map.h5 /home/daisy/GRB-Search-Pipeline/search-planning/tilings/tiling_files/5.36x4.5_tiling.csv 1770 10.0 10.0 5.0 0 /home/daisy/GRB-Search-Pipeline/results/training/longlow_searching_5.36x4.5_tiling.csv
Input Parameters:
  file        = /home/daisy/GRB-Search-Pipeline/results/training/maps/longlow/adapt_p11-715852394892384_a135-0_361_map.h5
  source_tile = 1770
  slew_rate   = 10
  dwell_time  = 5
  output      = /home/daisy/GRB-Search-Pipeline/results/training/longlow_searching_5.36x4.5_tiling.csv

source = [78.2841, 135], n_src_events = 690, n_bkg_events = 794
Loaded 59 entries (unique=59, duplicates=0, missing=49093, out_of_bounds=0, non-finite=0)
Sum(prob) over finite entries = 0.999999
init sum: 0.999999
num pixels: 49152
tile num: 1798
total tile prob: 0.999999
tiles with prob > 0: 5
total tile prob after trim: 0.999999
num tiles after trim: 5
init_pos: 1771
*********running GCP*********
total time (wallclock): 0.0234684 seconds

$ /home/daisy/GRB-Search-Pipeline/search-planning/build/sp_train /home/daisy/GRB-Search-Pipeline/results/training/maps/longlow/adapt_p11-715852394892384_a135-0_362_map.h5 /home/daisy/GRB-Search-Pipeline/search-planning/tilings/tiling_files/5.36x4.5_tiling.csv 1770 10.0 10.0 5.0 0 /home/daisy/GRB-Search-Pipeline/results/training/longlow_searching_5.36x4.5_tiling.csv
Input Parameters:
  file        = /home/daisy/GRB-Search-Pipeline/results/training/maps/longlow/adapt_p11-715852394892384_a135-0_362_map.h5
  source_tile = 1770
  slew_rate   = 10
  dwell_time  = 5
  output      = /home/daisy/GRB-Search-Pipeline/results/training/longlow_searching_5.36x4.5_tiling.csv

source = [78.2841, 135], n_src_events = 205, n_bkg_events = 705
Loaded 300 entries (unique=300, duplicates=0, missing=48852, out_of_bounds=0, non-finite=0)
Sum(prob) over finite entries = 0.999998
init sum: 0.999998
num pixels: 49152
tile num: 1798
total tile prob: 0.999998
tiles with prob > 0: 17
total tile prob after trim: 0.999998
num tiles after trim: 17
init_pos: 1751
*********running GCP*********
total time (wallclock): 0.023667 seconds

$ /home/daisy/GRB-Search-Pipeline/search-planning/build/sp_train /home/daisy/GRB-Search-Pipeline/results/training/maps/longlow/adapt_p11-715852394892384_a135-0_363_map.h5 /home/daisy/GRB-Search-Pipeline/search-planning/tilings/tiling_files/5.36x4.5_tiling.csv 1770 10.0 10.0 5.0 0 /home/daisy/GRB-Search-Pipeline/results/training/longlow_searching_5.36x4.5_tiling.csv
Input Parameters:
  file        = /home/daisy/GRB-Search-Pipeline/results/training/maps/longlow/adapt_p11-715852394892384_a135-0_363_map.h5
  source_tile = 1770
  slew_rate   = 10
  dwell_time  = 5
  output      = /home/daisy/GRB-Search-Pipeline/results/training/longlow_searching_5.36x4.5_tiling.csv

source = [78.2841, 135], n_src_events = 695, n_bkg_events = 528
Loaded 61 entries (unique=61, duplicates=0, missing=49091, out_of_bounds=0, non-finite=0)
Sum(prob) over finite entries = 0.999999
init sum: 0.999999
num pixels: 49152
tile num: 1798
total tile prob: 0.999999
tiles with prob > 0: 5
total tile prob after trim: 0.999999
num tiles after trim: 5
init_pos: 1771
*********running GCP*********
total time (wallclock): 0.0228127 seconds

$ /home/daisy/GRB-Search-Pipeline/search-planning/build/sp_train /home/daisy/GRB-Search-Pipeline/results/training/maps/longlow/adapt_p11-715852394892384_a135-0_364_map.h5 /home/daisy/GRB-Search-Pipeline/search-planning/tilings/tiling_files/5.36x4.5_tiling.csv 1770 10.0 10.0 5.0 0 /home/daisy/GRB-Search-Pipeline/results/training/longlow_searching_5.36x4.5_tiling.csv
Input Parameters:
  file        = /home/daisy/GRB-Search-Pipeline/results/training/maps/longlow/adapt_p11-715852394892384_a135-0_364_map.h5
  source_tile = 1770
  slew_rate   = 10
  dwell_time  = 5
  output      = /home/daisy/GRB-Search-Pipeline/results/training/longlow_searching_5.36x4.5_tiling.csv

source = [78.2841, 135], n_src_events = 753, n_bkg_events = 816
Loaded 50 entries (unique=50, duplicates=0, missing=49102, out_of_bounds=0, non-finite=0)
Sum(prob) over finite entries = 0.999998
init sum: 0.999998
num pixels: 49152
tile num: 1798
total tile prob: 0.999998
tiles with prob > 0: 5
total tile prob after trim: 0.999998
num tiles after trim: 5
init_pos: 1752
*********running GCP*********
total time (wallclock): 0.0231374 seconds

$ /home/daisy/GRB-Search-Pipeline/search-planning/build/sp_train /home/daisy/GRB-Search-Pipeline/results/training/maps/longlow/adapt_p11-715852394892384_a135-0_365_map.h5 /home/daisy/GRB-Search-Pipeline/search-planning/tilings/tiling_files/5.36x4.5_tiling.csv 1770 10.0 10.0 5.0 0 /home/daisy/GRB-Search-Pipeline/results/training/longlow_searching_5.36x4.5_tiling.csv
Input Parameters:
  file        = /home/daisy/GRB-Search-Pipeline/results/training/maps/longlow/adapt_p11-715852394892384_a135-0_365_map.h5
  source_tile = 1770
  slew_rate   = 10
  dwell_time  = 5
  output      = /home/daisy/GRB-Search-Pipeline/results/training/longlow_searching_5.36x4.5_tiling.csv

source = [78.2841, 135], n_src_events = 267, n_bkg_events = 845
Loaded 418 entries (unique=418, duplicates=0, missing=48734, out_of_bounds=0, non-finite=0)
Sum(prob) over finite entries = 0.999998
init sum: 0.999998
num pixels: 49152
tile num: 1798
total tile prob: 0.999998
tiles with prob > 0: 25
total tile prob after trim: 0.999998
num tiles after trim: 25
init_pos: 1769
*********running GCP*********
total time (wallclock): 0.0230926 seconds

$ /home/daisy/GRB-Search-Pipeline/search-planning/build/sp_train /home/daisy/GRB-Search-Pipeline/results/training/maps/longlow/adapt_p11-715852394892384_a135-0_366_map.h5 /home/daisy/GRB-Search-Pipeline/search-planning/tilings/tiling_files/5.36x4.5_tiling.csv 1770 10.0 10.0 5.0 0 /home/daisy/GRB-Search-Pipeline/results/training/longlow_searching_5.36x4.5_tiling.csv
Input Parameters:
  file        = /home/daisy/GRB-Search-Pipeline/results/training/maps/longlow/adapt_p11-715852394892384_a135-0_366_map.h5
  source_tile = 1770
  slew_rate   = 10
  dwell_time  = 5
  output      = /home/daisy/GRB-Search-Pipeline/results/training/longlow_searching_5.36x4.5_tiling.csv

source = [78.2841, 135], n_src_events = 355, n_bkg_events = 1000
Loaded 291 entries (unique=291, duplicates=0, missing=48861, out_of_bounds=0, non-finite=0)
Sum(prob) over finite entries = 0.999999
init sum: 0.999999
num pixels: 49152
tile num: 1798
total tile prob: 0.999999
tiles with prob > 0: 19
total tile prob after trim: 0.999999
num tiles after trim: 19
init_pos: 1697
*********running GCP*********
total time (wallclock): 0.0248444 seconds

$ /home/daisy/GRB-Search-Pipeline/search-planning/build/sp_train /home/daisy/GRB-Search-Pipeline/results/training/maps/longlow/adapt_p11-715852394892384_a135-0_367_map.h5 /home/daisy/GRB-Search-Pipeline/search-planning/tilings/tiling_files/5.36x4.5_tiling.csv 1770 10.0 10.0 5.0 0 /home/daisy/GRB-Search-Pipeline/results/training/longlow_searching_5.36x4.5_tiling.csv
Input Parameters:
  file        = /home/daisy/GRB-Search-Pipeline/results/training/maps/longlow/adapt_p11-715852394892384_a135-0_367_map.h5
  source_tile = 1770
  slew_rate   = 10
  dwell_time  = 5
  output      = /home/daisy/GRB-Search-Pipeline/results/training/longlow_searching_5.36x4.5_tiling.csv

source = [78.2841, 135], n_src_events = 405, n_bkg_events = 1056
Loaded 203 entries (unique=203, duplicates=0, missing=48949, out_of_bounds=0, non-finite=0)
Sum(prob) over finite entries = 0.999998
init sum: 0.999998
num pixels: 49152
tile num: 1798
total tile prob: 0.999998
tiles with prob > 0: 15
total tile prob after trim: 0.999998
num tiles after trim: 15
init_pos: 1727
*********running GCP*********
total time (wallclock): 0.0273047 seconds

$ /home/daisy/GRB-Search-Pipeline/search-planning/build/sp_train /home/daisy/GRB-Search-Pipeline/results/training/maps/longlow/adapt_p11-715852394892384_a135-0_368_map.h5 /home/daisy/GRB-Search-Pipeline/search-planning/tilings/tiling_files/5.36x4.5_tiling.csv 1770 10.0 10.0 5.0 0 /home/daisy/GRB-Search-Pipeline/results/training/longlow_searching_5.36x4.5_tiling.csv
Input Parameters:
  file        = /home/daisy/GRB-Search-Pipeline/results/training/maps/longlow/adapt_p11-715852394892384_a135-0_368_map.h5
  source_tile = 1770
  slew_rate   = 10
  dwell_time  = 5
  output      = /home/daisy/GRB-Search-Pipeline/results/training/longlow_searching_5.36x4.5_tiling.csv

source = [78.2841, 135], n_src_events = 207, n_bkg_events = 728
Loaded 293 entries (unique=293, duplicates=0, missing=48859, out_of_bounds=0, non-finite=0)
Sum(prob) over finite entries = 0.999999
init sum: 0.999999
num pixels: 49152
tile num: 1798
total tile prob: 0.999999
tiles with prob > 0: 20
total tile prob after trim: 0.999999
num tiles after trim: 20
init_pos: 1769
*********running GCP*********
total time (wallclock): 0.022632 seconds

$ /home/daisy/GRB-Search-Pipeline/search-planning/build/sp_train /home/daisy/GRB-Search-Pipeline/results/training/maps/longlow/adapt_p11-715852394892384_a135-0_369_map.h5 /home/daisy/GRB-Search-Pipeline/search-planning/tilings/tiling_files/5.36x4.5_tiling.csv 1770 10.0 10.0 5.0 0 /home/daisy/GRB-Search-Pipeline/results/training/longlow_searching_5.36x4.5_tiling.csv
Input Parameters:
  file        = /home/daisy/GRB-Search-Pipeline/results/training/maps/longlow/adapt_p11-715852394892384_a135-0_369_map.h5
  source_tile = 1770
  slew_rate   = 10
  dwell_time  = 5
  output      = /home/daisy/GRB-Search-Pipeline/results/training/longlow_searching_5.36x4.5_tiling.csv

source = [78.2841, 135], n_src_events = 237, n_bkg_events = 872
Loaded 389 entries (unique=389, duplicates=0, missing=48763, out_of_bounds=0, non-finite=0)
Sum(prob) over finite entries = 0.999998
init sum: 0.999998
num pixels: 49152
tile num: 1798
total tile prob: 0.999998
tiles with prob > 0: 24
total tile prob after trim: 0.999998
num tiles after trim: 24
init_pos: 1728
*********running GCP*********
total time (wallclock): 0.0236315 seconds

$ /home/daisy/GRB-Search-Pipeline/search-planning/build/sp_train /home/daisy/GRB-Search-Pipeline/results/training/maps/longlow/adapt_p11-715852394892384_a135-0_36_map.h5 /home/daisy/GRB-Search-Pipeline/search-planning/tilings/tiling_files/5.36x4.5_tiling.csv 1770 10.0 10.0 5.0 0 /home/daisy/GRB-Search-Pipeline/results/training/longlow_searching_5.36x4.5_tiling.csv
Input Parameters:
  file        = /home/daisy/GRB-Search-Pipeline/results/training/maps/longlow/adapt_p11-715852394892384_a135-0_36_map.h5
  source_tile = 1770
  slew_rate   = 10
  dwell_time  = 5
  output      = /home/daisy/GRB-Search-Pipeline/results/training/longlow_searching_5.36x4.5_tiling.csv

source = [78.2841, 135], n_src_events = 781, n_bkg_events = 625
Loaded 84 entries (unique=84, duplicates=0, missing=49068, out_of_bounds=0, non-finite=0)
Sum(prob) over finite entries = 0.999998
init sum: 0.999998
num pixels: 49152
tile num: 1798
total tile prob: 0.999998
tiles with prob > 0: 8
total tile prob after trim: 0.999998
num tiles after trim: 8
init_pos: 1770
*********running GCP*********
total time (wallclock): 0.0218034 seconds

$ /home/daisy/GRB-Search-Pipeline/search-planning/build/sp_train /home/daisy/GRB-Search-Pipeline/results/training/maps/longlow/adapt_p11-715852394892384_a135-0_370_map.h5 /home/daisy/GRB-Search-Pipeline/search-planning/tilings/tiling_files/5.36x4.5_tiling.csv 1770 10.0 10.0 5.0 0 /home/daisy/GRB-Search-Pipeline/results/training/longlow_searching_5.36x4.5_tiling.csv
Input Parameters:
  file        = /home/daisy/GRB-Search-Pipeline/results/training/maps/longlow/adapt_p11-715852394892384_a135-0_370_map.h5
  source_tile = 1770
  slew_rate   = 10
  dwell_time  = 5
  output      = /home/daisy/GRB-Search-Pipeline/results/training/longlow_searching_5.36x4.5_tiling.csv

source = [78.2841, 135], n_src_events = 328, n_bkg_events = 626
Loaded 172 entries (unique=172, duplicates=0, missing=48980, out_of_bounds=0, non-finite=0)
Sum(prob) over finite entries = 0.999999
init sum: 0.999999
num pixels: 49152
tile num: 1798
total tile prob: 0.999999
tiles with prob > 0: 12
total tile prob after trim: 0.999999
num tiles after trim: 12
init_pos: 1771
*********running GCP*********
total time (wallclock): 0.0233493 seconds

$ /home/daisy/GRB-Search-Pipeline/search-planning/build/sp_train /home/daisy/GRB-Search-Pipeline/results/training/maps/longlow/adapt_p11-715852394892384_a135-0_371_map.h5 /home/daisy/GRB-Search-Pipeline/search-planning/tilings/tiling_files/5.36x4.5_tiling.csv 1770 10.0 10.0 5.0 0 /home/daisy/GRB-Search-Pipeline/results/training/longlow_searching_5.36x4.5_tiling.csv
Input Parameters:
  file        = /home/daisy/GRB-Search-Pipeline/results/training/maps/longlow/adapt_p11-715852394892384_a135-0_371_map.h5
  source_tile = 1770
  slew_rate   = 10
  dwell_time  = 5
  output      = /home/daisy/GRB-Search-Pipeline/results/training/longlow_searching_5.36x4.5_tiling.csv

source = [78.2841, 135], n_src_events = 764, n_bkg_events = 643
Loaded 57 entries (unique=57, duplicates=0, missing=49095, out_of_bounds=0, non-finite=0)
Sum(prob) over finite entries = 0.999998
init sum: 0.999998
num pixels: 49152
tile num: 1798
total tile prob: 0.999998
tiles with prob > 0: 5
total tile prob after trim: 0.999998
num tiles after trim: 5
init_pos: 1751
*********running GCP*********
total time (wallclock): 0.0229561 seconds

$ /home/daisy/GRB-Search-Pipeline/search-planning/build/sp_train /home/daisy/GRB-Search-Pipeline/results/training/maps/longlow/adapt_p11-715852394892384_a135-0_372_map.h5 /home/daisy/GRB-Search-Pipeline/search-planning/tilings/tiling_files/5.36x4.5_tiling.csv 1770 10.0 10.0 5.0 0 /home/daisy/GRB-Search-Pipeline/results/training/longlow_searching_5.36x4.5_tiling.csv
Input Parameters:
  file        = /home/daisy/GRB-Search-Pipeline/results/training/maps/longlow/adapt_p11-715852394892384_a135-0_372_map.h5
  source_tile = 1770
  slew_rate   = 10
  dwell_time  = 5
  output      = /home/daisy/GRB-Search-Pipeline/results/training/longlow_searching_5.36x4.5_tiling.csv

source = [78.2841, 135], n_src_events = 117, n_bkg_events = 707
Loaded 1090 entries (unique=1090, duplicates=0, missing=48062, out_of_bounds=0, non-finite=0)
Sum(prob) over finite entries = 0.999999
init sum: 0.999999
num pixels: 49152
tile num: 1798
total tile prob: 0.999999
tiles with prob > 0: 60
total tile prob after trim: 0.999999
num tiles after trim: 60
init_pos: 1794
*********running GCP*********
total time (wallclock): 0.0287677 seconds

$ /home/daisy/GRB-Search-Pipeline/search-planning/build/sp_train /home/daisy/GRB-Search-Pipeline/results/training/maps/longlow/adapt_p11-715852394892384_a135-0_373_map.h5 /home/daisy/GRB-Search-Pipeline/search-planning/tilings/tiling_files/5.36x4.5_tiling.csv 1770 10.0 10.0 5.0 0 /home/daisy/GRB-Search-Pipeline/results/training/longlow_searching_5.36x4.5_tiling.csv
Input Parameters:
  file        = /home/daisy/GRB-Search-Pipeline/results/training/maps/longlow/adapt_p11-715852394892384_a135-0_373_map.h5
  source_tile = 1770
  slew_rate   = 10
  dwell_time  = 5
  output      = /home/daisy/GRB-Search-Pipeline/results/training/longlow_searching_5.36x4.5_tiling.csv

source = [78.2841, 135], n_src_events = 250, n_bkg_events = 322
Loaded 189 entries (unique=189, duplicates=0, missing=48963, out_of_bounds=0, non-finite=0)
Sum(prob) over finite entries = 0.999998
init sum: 0.999998
num pixels: 49152
tile num: 1798
total tile prob: 0.999998
tiles with prob > 0: 13
total tile prob after trim: 0.999998
num tiles after trim: 13
init_pos: 1771
*********running GCP*********
total time (wallclock): 0.0234385 seconds

$ /home/daisy/GRB-Search-Pipeline/search-planning/build/sp_train /home/daisy/GRB-Search-Pipeline/results/training/maps/longlow/adapt_p11-715852394892384_a135-0_374_map.h5 /home/daisy/GRB-Search-Pipeline/search-planning/tilings/tiling_files/5.36x4.5_tiling.csv 1770 10.0 10.0 5.0 0 /home/daisy/GRB-Search-Pipeline/results/training/longlow_searching_5.36x4.5_tiling.csv
Input Parameters:
  file        = /home/daisy/GRB-Search-Pipeline/results/training/maps/longlow/adapt_p11-715852394892384_a135-0_374_map.h5
  source_tile = 1770
  slew_rate   = 10
  dwell_time  = 5
  output      = /home/daisy/GRB-Search-Pipeline/results/training/longlow_searching_5.36x4.5_tiling.csv

source = [78.2841, 135], n_src_events = 93, n_bkg_events = 791
Loaded 2751 entries (unique=2751, duplicates=0, missing=46401, out_of_bounds=0, non-finite=0)
Sum(prob) over finite entries = 0.999991
init sum: 0.999991
num pixels: 49152
tile num: 1798
total tile prob: 0.999991
tiles with prob > 0: 144
total tile prob after trim: 0.999991
num tiles after trim: 144
init_pos: 1753
*********running GCP*********
total time (wallclock): 0.11625 seconds

$ /home/daisy/GRB-Search-Pipeline/search-planning/build/sp_train /home/daisy/GRB-Search-Pipeline/results/training/maps/longlow/adapt_p11-715852394892384_a135-0_375_map.h5 /home/daisy/GRB-Search-Pipeline/search-planning/tilings/tiling_files/5.36x4.5_tiling.csv 1770 10.0 10.0 5.0 0 /home/daisy/GRB-Search-Pipeline/results/training/longlow_searching_5.36x4.5_tiling.csv
Input Parameters:
  file        = /home/daisy/GRB-Search-Pipeline/results/training/maps/longlow/adapt_p11-715852394892384_a135-0_375_map.h5
  source_tile = 1770
  slew_rate   = 10
  dwell_time  = 5
  output      = /home/daisy/GRB-Search-Pipeline/results/training/longlow_searching_5.36x4.5_tiling.csv

source = [78.2841, 135], n_src_events = 88, n_bkg_events = 620
Loaded 2274 entries (unique=2274, duplicates=0, missing=46878, out_of_bounds=0, non-finite=0)
Sum(prob) over finite entries = 0.999996
init sum: 0.999996
num pixels: 49152
tile num: 1798
total tile prob: 0.999996
tiles with prob > 0: 113
total tile prob after trim: 0.999996
num tiles after trim: 113
init_pos: 1637
*********running GCP*********
total time (wallclock): 0.0254463 seconds

$ /home/daisy/GRB-Search-Pipeline/search-planning/build/sp_train /home/daisy/GRB-Search-Pipeline/results/training/maps/longlow/adapt_p11-715852394892384_a135-0_376_map.h5 /home/daisy/GRB-Search-Pipeline/search-planning/tilings/tiling_files/5.36x4.5_tiling.csv 1770 10.0 10.0 5.0 0 /home/daisy/GRB-Search-Pipeline/results/training/longlow_searching_5.36x4.5_tiling.csv
Input Parameters:
  file        = /home/daisy/GRB-Search-Pipeline/results/training/maps/longlow/adapt_p11-715852394892384_a135-0_376_map.h5
  source_tile = 1770
  slew_rate   = 10
  dwell_time  = 5
  output      = /home/daisy/GRB-Search-Pipeline/results/training/longlow_searching_5.36x4.5_tiling.csv

source = [78.2841, 135], n_src_events = 572, n_bkg_events = 847
Loaded 155 entries (unique=155, duplicates=0, missing=48997, out_of_bounds=0, non-finite=0)
Sum(prob) over finite entries = 0.999998
init sum: 0.999998
num pixels: 49152
tile num: 1798
total tile prob: 0.999998
tiles with prob > 0: 13
total tile prob after trim: 0.999998
num tiles after trim: 13
init_pos: 1771
*********running GCP*********
total time (wallclock): 0.0239444 seconds

$ /home/daisy/GRB-Search-Pipeline/search-planning/build/sp_train /home/daisy/GRB-Search-Pipeline/results/training/maps/longlow/adapt_p11-715852394892384_a135-0_377_map.h5 /home/daisy/GRB-Search-Pipeline/search-planning/tilings/tiling_files/5.36x4.5_tiling.csv 1770 10.0 10.0 5.0 0 /home/daisy/GRB-Search-Pipeline/results/training/longlow_searching_5.36x4.5_tiling.csv
Input Parameters:
  file        = /home/daisy/GRB-Search-Pipeline/results/training/maps/longlow/adapt_p11-715852394892384_a135-0_377_map.h5
  source_tile = 1770
  slew_rate   = 10
  dwell_time  = 5
  output      = /home/daisy/GRB-Search-Pipeline/results/training/longlow_searching_5.36x4.5_tiling.csv

source = [78.2841, 135], n_src_events = 726, n_bkg_events = 305
Loaded 50 entries (unique=50, duplicates=0, missing=49102, out_of_bounds=0, non-finite=0)
Sum(prob) over finite entries = 0.999999
init sum: 0.999999
num pixels: 49152
tile num: 1798
total tile prob: 0.999999
tiles with prob > 0: 5
total tile prob after trim: 0.999999
num tiles after trim: 5
init_pos: 1771
*********running GCP*********
total time (wallclock): 0.0232675 seconds

$ /home/daisy/GRB-Search-Pipeline/search-planning/build/sp_train /home/daisy/GRB-Search-Pipeline/results/training/maps/longlow/adapt_p11-715852394892384_a135-0_378_map.h5 /home/daisy/GRB-Search-Pipeline/search-planning/tilings/tiling_files/5.36x4.5_tiling.csv 1770 10.0 10.0 5.0 0 /home/daisy/GRB-Search-Pipeline/results/training/longlow_searching_5.36x4.5_tiling.csv
Input Parameters:
  file        = /home/daisy/GRB-Search-Pipeline/results/training/maps/longlow/adapt_p11-715852394892384_a135-0_378_map.h5
  source_tile = 1770
  slew_rate   = 10
  dwell_time  = 5
  output      = /home/daisy/GRB-Search-Pipeline/results/training/longlow_searching_5.36x4.5_tiling.csv

source = [78.2841, 135], n_src_events = 191, n_bkg_events = 449
Loaded 207 entries (unique=207, duplicates=0, missing=48945, out_of_bounds=0, non-finite=0)
Sum(prob) over finite entries = 0.999999
init sum: 0.999999
num pixels: 49152
tile num: 1798
total tile prob: 0.999999
tiles with prob > 0: 17
total tile prob after trim: 0.999999
num tiles after trim: 17
init_pos: 1753
*********running GCP*********
total time (wallclock): 0.0225785 seconds

$ /home/daisy/GRB-Search-Pipeline/search-planning/build/sp_train /home/daisy/GRB-Search-Pipeline/results/training/maps/longlow/adapt_p11-715852394892384_a135-0_379_map.h5 /home/daisy/GRB-Search-Pipeline/search-planning/tilings/tiling_files/5.36x4.5_tiling.csv 1770 10.0 10.0 5.0 0 /home/daisy/GRB-Search-Pipeline/results/training/longlow_searching_5.36x4.5_tiling.csv
Input Parameters:
  file        = /home/daisy/GRB-Search-Pipeline/results/training/maps/longlow/adapt_p11-715852394892384_a135-0_379_map.h5
  source_tile = 1770
  slew_rate   = 10
  dwell_time  = 5
  output      = /home/daisy/GRB-Search-Pipeline/results/training/longlow_searching_5.36x4.5_tiling.csv

source = [78.2841, 135], n_src_events = 665, n_bkg_events = 313
Loaded 83 entries (unique=83, duplicates=0, missing=49069, out_of_bounds=0, non-finite=0)
Sum(prob) over finite entries = 0.999999
init sum: 0.999999
num pixels: 49152
tile num: 1798
total tile prob: 0.999999
tiles with prob > 0: 9
total tile prob after trim: 0.999999
num tiles after trim: 9
init_pos: 1785
*********running GCP*********
total time (wallclock): 0.0227664 seconds

$ /home/daisy/GRB-Search-Pipeline/search-planning/build/sp_train /home/daisy/GRB-Search-Pipeline/results/training/maps/longlow/adapt_p11-715852394892384_a135-0_37_map.h5 /home/daisy/GRB-Search-Pipeline/search-planning/tilings/tiling_files/5.36x4.5_tiling.csv 1770 10.0 10.0 5.0 0 /home/daisy/GRB-Search-Pipeline/results/training/longlow_searching_5.36x4.5_tiling.csv
Input Parameters:
  file        = /home/daisy/GRB-Search-Pipeline/results/training/maps/longlow/adapt_p11-715852394892384_a135-0_37_map.h5
  source_tile = 1770
  slew_rate   = 10
  dwell_time  = 5
  output      = /home/daisy/GRB-Search-Pipeline/results/training/longlow_searching_5.36x4.5_tiling.csv

source = [78.2841, 135], n_src_events = 263, n_bkg_events = 968
Loaded 298 entries (unique=298, duplicates=0, missing=48854, out_of_bounds=0, non-finite=0)
Sum(prob) over finite entries = 0.999999
init sum: 0.999999
num pixels: 49152
tile num: 1798
total tile prob: 0.999999
tiles with prob > 0: 17
total tile prob after trim: 0.999999
num tiles after trim: 17
init_pos: 1726
*********running GCP*********
total time (wallclock): 0.0237503 seconds

$ /home/daisy/GRB-Search-Pipeline/search-planning/build/sp_train /home/daisy/GRB-Search-Pipeline/results/training/maps/longlow/adapt_p11-715852394892384_a135-0_380_map.h5 /home/daisy/GRB-Search-Pipeline/search-planning/tilings/tiling_files/5.36x4.5_tiling.csv 1770 10.0 10.0 5.0 0 /home/daisy/GRB-Search-Pipeline/results/training/longlow_searching_5.36x4.5_tiling.csv
Input Parameters:
  file        = /home/daisy/GRB-Search-Pipeline/results/training/maps/longlow/adapt_p11-715852394892384_a135-0_380_map.h5
  source_tile = 1770
  slew_rate   = 10
  dwell_time  = 5
  output      = /home/daisy/GRB-Search-Pipeline/results/training/longlow_searching_5.36x4.5_tiling.csv

source = [78.2841, 135], n_src_events = 186, n_bkg_events = 855
Loaded 344 entries (unique=344, duplicates=0, missing=48808, out_of_bounds=0, non-finite=0)
Sum(prob) over finite entries = 0.999999
init sum: 0.999999
num pixels: 49152
tile num: 1798
total tile prob: 0.999999
tiles with prob > 0: 24
total tile prob after trim: 0.999999
num tiles after trim: 24
init_pos: 1729
*********running GCP*********
total time (wallclock): 0.0245395 seconds

$ /home/daisy/GRB-Search-Pipeline/search-planning/build/sp_train /home/daisy/GRB-Search-Pipeline/results/training/maps/longlow/adapt_p11-715852394892384_a135-0_381_map.h5 /home/daisy/GRB-Search-Pipeline/search-planning/tilings/tiling_files/5.36x4.5_tiling.csv 1770 10.0 10.0 5.0 0 /home/daisy/GRB-Search-Pipeline/results/training/longlow_searching_5.36x4.5_tiling.csv
Input Parameters:
  file        = /home/daisy/GRB-Search-Pipeline/results/training/maps/longlow/adapt_p11-715852394892384_a135-0_381_map.h5
  source_tile = 1770
  slew_rate   = 10
  dwell_time  = 5
  output      = /home/daisy/GRB-Search-Pipeline/results/training/longlow_searching_5.36x4.5_tiling.csv

source = [78.2841, 135], n_src_events = 119, n_bkg_events = 1016
Loaded 2209 entries (unique=2209, duplicates=0, missing=46943, out_of_bounds=0, non-finite=0)
Sum(prob) over finite entries = 0.999994
init sum: 0.999994
num pixels: 49152
tile num: 1798
total tile prob: 0.999994
tiles with prob > 0: 113
total tile prob after trim: 0.999994
num tiles after trim: 113
init_pos: 1788
*********running GCP*********
total time (wallclock): 0.030725 seconds

$ /home/daisy/GRB-Search-Pipeline/search-planning/build/sp_train /home/daisy/GRB-Search-Pipeline/results/training/maps/longlow/adapt_p11-715852394892384_a135-0_382_map.h5 /home/daisy/GRB-Search-Pipeline/search-planning/tilings/tiling_files/5.36x4.5_tiling.csv 1770 10.0 10.0 5.0 0 /home/daisy/GRB-Search-Pipeline/results/training/longlow_searching_5.36x4.5_tiling.csv
Input Parameters:
  file        = /home/daisy/GRB-Search-Pipeline/results/training/maps/longlow/adapt_p11-715852394892384_a135-0_382_map.h5
  source_tile = 1770
  slew_rate   = 10
  dwell_time  = 5
  output      = /home/daisy/GRB-Search-Pipeline/results/training/longlow_searching_5.36x4.5_tiling.csv

source = [78.2841, 135], n_src_events = 478, n_bkg_events = 826
Loaded 167 entries (unique=167, duplicates=0, missing=48985, out_of_bounds=0, non-finite=0)
Sum(prob) over finite entries = 0.999998
init sum: 0.999998
num pixels: 49152
tile num: 1798
total tile prob: 0.999998
tiles with prob > 0: 11
total tile prob after trim: 0.999998
num tiles after trim: 11
init_pos: 1728
*********running GCP*********
total time (wallclock): 0.0246372 seconds

$ /home/daisy/GRB-Search-Pipeline/search-planning/build/sp_train /home/daisy/GRB-Search-Pipeline/results/training/maps/longlow/adapt_p11-715852394892384_a135-0_383_map.h5 /home/daisy/GRB-Search-Pipeline/search-planning/tilings/tiling_files/5.36x4.5_tiling.csv 1770 10.0 10.0 5.0 0 /home/daisy/GRB-Search-Pipeline/results/training/longlow_searching_5.36x4.5_tiling.csv
Input Parameters:
  file        = /home/daisy/GRB-Search-Pipeline/results/training/maps/longlow/adapt_p11-715852394892384_a135-0_383_map.h5
  source_tile = 1770
  slew_rate   = 10
  dwell_time  = 5
  output      = /home/daisy/GRB-Search-Pipeline/results/training/longlow_searching_5.36x4.5_tiling.csv

source = [78.2841, 135], n_src_events = 411, n_bkg_events = 616
Loaded 107 entries (unique=107, duplicates=0, missing=49045, out_of_bounds=0, non-finite=0)
Sum(prob) over finite entries = 0.999999
init sum: 0.999999
num pixels: 49152
tile num: 1798
total tile prob: 0.999999
tiles with prob > 0: 10
total tile prob after trim: 0.999999
num tiles after trim: 10
init_pos: 1751
*********running GCP*********
total time (wallclock): 0.0226349 seconds

$ /home/daisy/GRB-Search-Pipeline/search-planning/build/sp_train /home/daisy/GRB-Search-Pipeline/results/training/maps/longlow/adapt_p11-715852394892384_a135-0_384_map.h5 /home/daisy/GRB-Search-Pipeline/search-planning/tilings/tiling_files/5.36x4.5_tiling.csv 1770 10.0 10.0 5.0 0 /home/daisy/GRB-Search-Pipeline/results/training/longlow_searching_5.36x4.5_tiling.csv
Input Parameters:
  file        = /home/daisy/GRB-Search-Pipeline/results/training/maps/longlow/adapt_p11-715852394892384_a135-0_384_map.h5
  source_tile = 1770
  slew_rate   = 10
  dwell_time  = 5
  output      = /home/daisy/GRB-Search-Pipeline/results/training/longlow_searching_5.36x4.5_tiling.csv

source = [78.2841, 135], n_src_events = 197, n_bkg_events = 221
Loaded 240 entries (unique=240, duplicates=0, missing=48912, out_of_bounds=0, non-finite=0)
Sum(prob) over finite entries = 0.999999
init sum: 0.999999
num pixels: 49152
tile num: 1798
total tile prob: 0.999999
tiles with prob > 0: 16
total tile prob after trim: 0.999999
num tiles after trim: 16
init_pos: 1751
*********running GCP*********
total time (wallclock): 0.0242285 seconds

$ /home/daisy/GRB-Search-Pipeline/search-planning/build/sp_train /home/daisy/GRB-Search-Pipeline/results/training/maps/longlow/adapt_p11-715852394892384_a135-0_385_map.h5 /home/daisy/GRB-Search-Pipeline/search-planning/tilings/tiling_files/5.36x4.5_tiling.csv 1770 10.0 10.0 5.0 0 /home/daisy/GRB-Search-Pipeline/results/training/longlow_searching_5.36x4.5_tiling.csv
Input Parameters:
  file        = /home/daisy/GRB-Search-Pipeline/results/training/maps/longlow/adapt_p11-715852394892384_a135-0_385_map.h5
  source_tile = 1770
  slew_rate   = 10
  dwell_time  = 5
  output      = /home/daisy/GRB-Search-Pipeline/results/training/longlow_searching_5.36x4.5_tiling.csv

source = [78.2841, 135], n_src_events = 380, n_bkg_events = 896
Loaded 143 entries (unique=143, duplicates=0, missing=49009, out_of_bounds=0, non-finite=0)
Sum(prob) over finite entries = 0.999998
init sum: 0.999998
num pixels: 49152
tile num: 1798
total tile prob: 0.999998
tiles with prob > 0: 13
total tile prob after trim: 0.999998
num tiles after trim: 13
init_pos: 1771
*********running GCP*********
total time (wallclock): 0.0230282 seconds

$ /home/daisy/GRB-Search-Pipeline/search-planning/build/sp_train /home/daisy/GRB-Search-Pipeline/results/training/maps/longlow/adapt_p11-715852394892384_a135-0_386_map.h5 /home/daisy/GRB-Search-Pipeline/search-planning/tilings/tiling_files/5.36x4.5_tiling.csv 1770 10.0 10.0 5.0 0 /home/daisy/GRB-Search-Pipeline/results/training/longlow_searching_5.36x4.5_tiling.csv
Input Parameters:
  file        = /home/daisy/GRB-Search-Pipeline/results/training/maps/longlow/adapt_p11-715852394892384_a135-0_386_map.h5
  source_tile = 1770
  slew_rate   = 10
  dwell_time  = 5
  output      = /home/daisy/GRB-Search-Pipeline/results/training/longlow_searching_5.36x4.5_tiling.csv

source = [78.2841, 135], n_src_events = 326, n_bkg_events = 624
Loaded 252 entries (unique=252, duplicates=0, missing=48900, out_of_bounds=0, non-finite=0)
Sum(prob) over finite entries = 0.999998
init sum: 0.999998
num pixels: 49152
tile num: 1798
total tile prob: 0.999998
tiles with prob > 0: 19
total tile prob after trim: 0.999998
num tiles after trim: 19
init_pos: 1728
*********running GCP*********
total time (wallclock): 0.0232715 seconds

$ /home/daisy/GRB-Search-Pipeline/search-planning/build/sp_train /home/daisy/GRB-Search-Pipeline/results/training/maps/longlow/adapt_p11-715852394892384_a135-0_387_map.h5 /home/daisy/GRB-Search-Pipeline/search-planning/tilings/tiling_files/5.36x4.5_tiling.csv 1770 10.0 10.0 5.0 0 /home/daisy/GRB-Search-Pipeline/results/training/longlow_searching_5.36x4.5_tiling.csv
Input Parameters:
  file        = /home/daisy/GRB-Search-Pipeline/results/training/maps/longlow/adapt_p11-715852394892384_a135-0_387_map.h5
  source_tile = 1770
  slew_rate   = 10
  dwell_time  = 5
  output      = /home/daisy/GRB-Search-Pipeline/results/training/longlow_searching_5.36x4.5_tiling.csv

source = [78.2841, 135], n_src_events = 306, n_bkg_events = 508
Loaded 258 entries (unique=258, duplicates=0, missing=48894, out_of_bounds=0, non-finite=0)
Sum(prob) over finite entries = 0.999999
init sum: 0.999999
num pixels: 49152
tile num: 1798
total tile prob: 0.999999
tiles with prob > 0: 17
total tile prob after trim: 0.999999
num tiles after trim: 17
init_pos: 1726
*********running GCP*********
total time (wallclock): 0.0245806 seconds

$ /home/daisy/GRB-Search-Pipeline/search-planning/build/sp_train /home/daisy/GRB-Search-Pipeline/results/training/maps/longlow/adapt_p11-715852394892384_a135-0_388_map.h5 /home/daisy/GRB-Search-Pipeline/search-planning/tilings/tiling_files/5.36x4.5_tiling.csv 1770 10.0 10.0 5.0 0 /home/daisy/GRB-Search-Pipeline/results/training/longlow_searching_5.36x4.5_tiling.csv
Input Parameters:
  file        = /home/daisy/GRB-Search-Pipeline/results/training/maps/longlow/adapt_p11-715852394892384_a135-0_388_map.h5
  source_tile = 1770
  slew_rate   = 10
  dwell_time  = 5
  output      = /home/daisy/GRB-Search-Pipeline/results/training/longlow_searching_5.36x4.5_tiling.csv

source = [78.2841, 135], n_src_events = 109, n_bkg_events = 643
Loaded 597 entries (unique=597, duplicates=0, missing=48555, out_of_bounds=0, non-finite=0)
Sum(prob) over finite entries = 0.999999
init sum: 0.999999
num pixels: 49152
tile num: 1798
total tile prob: 0.999999
tiles with prob > 0: 39
total tile prob after trim: 0.999999
num tiles after trim: 39
init_pos: 1772
*********running GCP*********
total time (wallclock): 0.0231078 seconds

$ /home/daisy/GRB-Search-Pipeline/search-planning/build/sp_train /home/daisy/GRB-Search-Pipeline/results/training/maps/longlow/adapt_p11-715852394892384_a135-0_389_map.h5 /home/daisy/GRB-Search-Pipeline/search-planning/tilings/tiling_files/5.36x4.5_tiling.csv 1770 10.0 10.0 5.0 0 /home/daisy/GRB-Search-Pipeline/results/training/longlow_searching_5.36x4.5_tiling.csv
Input Parameters:
  file        = /home/daisy/GRB-Search-Pipeline/results/training/maps/longlow/adapt_p11-715852394892384_a135-0_389_map.h5
  source_tile = 1770
  slew_rate   = 10
  dwell_time  = 5
  output      = /home/daisy/GRB-Search-Pipeline/results/training/longlow_searching_5.36x4.5_tiling.csv

source = [78.2841, 135], n_src_events = 206, n_bkg_events = 729
Loaded 550 entries (unique=550, duplicates=0, missing=48602, out_of_bounds=0, non-finite=0)
Sum(prob) over finite entries = 0.999997
init sum: 0.999997
num pixels: 49152
tile num: 1798
total tile prob: 0.999997
tiles with prob > 0: 33
total tile prob after trim: 0.999997
num tiles after trim: 33
init_pos: 1699
*********running GCP*********
total time (wallclock): 0.0244939 seconds

$ /home/daisy/GRB-Search-Pipeline/search-planning/build/sp_train /home/daisy/GRB-Search-Pipeline/results/training/maps/longlow/adapt_p11-715852394892384_a135-0_38_map.h5 /home/daisy/GRB-Search-Pipeline/search-planning/tilings/tiling_files/5.36x4.5_tiling.csv 1770 10.0 10.0 5.0 0 /home/daisy/GRB-Search-Pipeline/results/training/longlow_searching_5.36x4.5_tiling.csv
Input Parameters:
  file        = /home/daisy/GRB-Search-Pipeline/results/training/maps/longlow/adapt_p11-715852394892384_a135-0_38_map.h5
  source_tile = 1770
  slew_rate   = 10
  dwell_time  = 5
  output      = /home/daisy/GRB-Search-Pipeline/results/training/longlow_searching_5.36x4.5_tiling.csv

source = [78.2841, 135], n_src_events = 737, n_bkg_events = 214
Loaded 46 entries (unique=46, duplicates=0, missing=49106, out_of_bounds=0, non-finite=0)
Sum(prob) over finite entries = 0.999998
init sum: 0.999998
num pixels: 49152
tile num: 1798
total tile prob: 0.999998
tiles with prob > 0: 4
total tile prob after trim: 0.999998
num tiles after trim: 4
init_pos: 1751
*********running GCP*********
total time (wallclock): 0.022491 seconds

$ /home/daisy/GRB-Search-Pipeline/search-planning/build/sp_train /home/daisy/GRB-Search-Pipeline/results/training/maps/longlow/adapt_p11-715852394892384_a135-0_390_map.h5 /home/daisy/GRB-Search-Pipeline/search-planning/tilings/tiling_files/5.36x4.5_tiling.csv 1770 10.0 10.0 5.0 0 /home/daisy/GRB-Search-Pipeline/results/training/longlow_searching_5.36x4.5_tiling.csv
Input Parameters:
  file        = /home/daisy/GRB-Search-Pipeline/results/training/maps/longlow/adapt_p11-715852394892384_a135-0_390_map.h5
  source_tile = 1770
  slew_rate   = 10
  dwell_time  = 5
  output      = /home/daisy/GRB-Search-Pipeline/results/training/longlow_searching_5.36x4.5_tiling.csv

source = [78.2841, 135], n_src_events = 83, n_bkg_events = 671
Loaded 3023 entries (unique=3023, duplicates=0, missing=46129, out_of_bounds=0, non-finite=0)
Sum(prob) over finite entries = 0.99999
init sum: 0.99999
num pixels: 49152
tile num: 1798
total tile prob: 0.99999
tiles with prob > 0: 151
total tile prob after trim: 0.99999
num tiles after trim: 151
init_pos: 1722
*********running GCP*********
total time (wallclock): 0.0252835 seconds

$ /home/daisy/GRB-Search-Pipeline/search-planning/build/sp_train /home/daisy/GRB-Search-Pipeline/results/training/maps/longlow/adapt_p11-715852394892384_a135-0_391_map.h5 /home/daisy/GRB-Search-Pipeline/search-planning/tilings/tiling_files/5.36x4.5_tiling.csv 1770 10.0 10.0 5.0 0 /home/daisy/GRB-Search-Pipeline/results/training/longlow_searching_5.36x4.5_tiling.csv
Input Parameters:
  file        = /home/daisy/GRB-Search-Pipeline/results/training/maps/longlow/adapt_p11-715852394892384_a135-0_391_map.h5
  source_tile = 1770
  slew_rate   = 10
  dwell_time  = 5
  output      = /home/daisy/GRB-Search-Pipeline/results/training/longlow_searching_5.36x4.5_tiling.csv

source = [78.2841, 135], n_src_events = 595, n_bkg_events = 246
Loaded 67 entries (unique=67, duplicates=0, missing=49085, out_of_bounds=0, non-finite=0)
Sum(prob) over finite entries = 0.999999
init sum: 0.999999
num pixels: 49152
tile num: 1798
total tile prob: 0.999999
tiles with prob > 0: 8
total tile prob after trim: 0.999999
num tiles after trim: 8
init_pos: 1771
*********running GCP*********
total time (wallclock): 0.0224278 seconds

$ /home/daisy/GRB-Search-Pipeline/search-planning/build/sp_train /home/daisy/GRB-Search-Pipeline/results/training/maps/longlow/adapt_p11-715852394892384_a135-0_392_map.h5 /home/daisy/GRB-Search-Pipeline/search-planning/tilings/tiling_files/5.36x4.5_tiling.csv 1770 10.0 10.0 5.0 0 /home/daisy/GRB-Search-Pipeline/results/training/longlow_searching_5.36x4.5_tiling.csv
Input Parameters:
  file        = /home/daisy/GRB-Search-Pipeline/results/training/maps/longlow/adapt_p11-715852394892384_a135-0_392_map.h5
  source_tile = 1770
  slew_rate   = 10
  dwell_time  = 5
  output      = /home/daisy/GRB-Search-Pipeline/results/training/longlow_searching_5.36x4.5_tiling.csv

source = [78.2841, 135], n_src_events = 387, n_bkg_events = 583
Loaded 204 entries (unique=204, duplicates=0, missing=48948, out_of_bounds=0, non-finite=0)
Sum(prob) over finite entries = 0.999997
init sum: 0.999997
num pixels: 49152
tile num: 1798
total tile prob: 0.999997
tiles with prob > 0: 18
total tile prob after trim: 0.999997
num tiles after trim: 18
init_pos: 1770
*********running GCP*********
total time (wallclock): 0.0221506 seconds

$ /home/daisy/GRB-Search-Pipeline/search-planning/build/sp_train /home/daisy/GRB-Search-Pipeline/results/training/maps/longlow/adapt_p11-715852394892384_a135-0_393_map.h5 /home/daisy/GRB-Search-Pipeline/search-planning/tilings/tiling_files/5.36x4.5_tiling.csv 1770 10.0 10.0 5.0 0 /home/daisy/GRB-Search-Pipeline/results/training/longlow_searching_5.36x4.5_tiling.csv
Input Parameters:
  file        = /home/daisy/GRB-Search-Pipeline/results/training/maps/longlow/adapt_p11-715852394892384_a135-0_393_map.h5
  source_tile = 1770
  slew_rate   = 10
  dwell_time  = 5
  output      = /home/daisy/GRB-Search-Pipeline/results/training/longlow_searching_5.36x4.5_tiling.csv

source = [78.2841, 135], n_src_events = 735, n_bkg_events = 312
Loaded 47 entries (unique=47, duplicates=0, missing=49105, out_of_bounds=0, non-finite=0)
Sum(prob) over finite entries = 0.999999
init sum: 0.999999
num pixels: 49152
tile num: 1798
total tile prob: 0.999999
tiles with prob > 0: 5
total tile prob after trim: 0.999999
num tiles after trim: 5
init_pos: 1771
*********running GCP*********
total time (wallclock): 0.0231321 seconds

$ /home/daisy/GRB-Search-Pipeline/search-planning/build/sp_train /home/daisy/GRB-Search-Pipeline/results/training/maps/longlow/adapt_p11-715852394892384_a135-0_394_map.h5 /home/daisy/GRB-Search-Pipeline/search-planning/tilings/tiling_files/5.36x4.5_tiling.csv 1770 10.0 10.0 5.0 0 /home/daisy/GRB-Search-Pipeline/results/training/longlow_searching_5.36x4.5_tiling.csv
Input Parameters:
  file        = /home/daisy/GRB-Search-Pipeline/results/training/maps/longlow/adapt_p11-715852394892384_a135-0_394_map.h5
  source_tile = 1770
  slew_rate   = 10
  dwell_time  = 5
  output      = /home/daisy/GRB-Search-Pipeline/results/training/longlow_searching_5.36x4.5_tiling.csv

source = [78.2841, 135], n_src_events = 173, n_bkg_events = 642
Loaded 787 entries (unique=787, duplicates=0, missing=48365, out_of_bounds=0, non-finite=0)
Sum(prob) over finite entries = 0.999998
init sum: 0.999998
num pixels: 49152
tile num: 1798
total tile prob: 0.999998
tiles with prob > 0: 48
total tile prob after trim: 0.999998
num tiles after trim: 48
init_pos: 1755
*********running GCP*********
total time (wallclock): 0.0234036 seconds

$ /home/daisy/GRB-Search-Pipeline/search-planning/build/sp_train /home/daisy/GRB-Search-Pipeline/results/training/maps/longlow/adapt_p11-715852394892384_a135-0_395_map.h5 /home/daisy/GRB-Search-Pipeline/search-planning/tilings/tiling_files/5.36x4.5_tiling.csv 1770 10.0 10.0 5.0 0 /home/daisy/GRB-Search-Pipeline/results/training/longlow_searching_5.36x4.5_tiling.csv
Input Parameters:
  file        = /home/daisy/GRB-Search-Pipeline/results/training/maps/longlow/adapt_p11-715852394892384_a135-0_395_map.h5
  source_tile = 1770
  slew_rate   = 10
  dwell_time  = 5
  output      = /home/daisy/GRB-Search-Pipeline/results/training/longlow_searching_5.36x4.5_tiling.csv

source = [78.2841, 135], n_src_events = 194, n_bkg_events = 325
Loaded 279 entries (unique=279, duplicates=0, missing=48873, out_of_bounds=0, non-finite=0)
Sum(prob) over finite entries = 0.999999
init sum: 0.999999
num pixels: 49152
tile num: 1798
total tile prob: 0.999999
tiles with prob > 0: 18
total tile prob after trim: 0.999999
num tiles after trim: 18
init_pos: 1728
*********running GCP*********
total time (wallclock): 0.0237611 seconds

$ /home/daisy/GRB-Search-Pipeline/search-planning/build/sp_train /home/daisy/GRB-Search-Pipeline/results/training/maps/longlow/adapt_p11-715852394892384_a135-0_396_map.h5 /home/daisy/GRB-Search-Pipeline/search-planning/tilings/tiling_files/5.36x4.5_tiling.csv 1770 10.0 10.0 5.0 0 /home/daisy/GRB-Search-Pipeline/results/training/longlow_searching_5.36x4.5_tiling.csv
Input Parameters:
  file        = /home/daisy/GRB-Search-Pipeline/results/training/maps/longlow/adapt_p11-715852394892384_a135-0_396_map.h5
  source_tile = 1770
  slew_rate   = 10
  dwell_time  = 5
  output      = /home/daisy/GRB-Search-Pipeline/results/training/longlow_searching_5.36x4.5_tiling.csv

source = [78.2841, 135], n_src_events = 788, n_bkg_events = 593
Loaded 45 entries (unique=45, duplicates=0, missing=49107, out_of_bounds=0, non-finite=0)
Sum(prob) over finite entries = 0.999999
init sum: 0.999999
num pixels: 49152
tile num: 1798
total tile prob: 0.999999
tiles with prob > 0: 5
total tile prob after trim: 0.999999
num tiles after trim: 5
init_pos: 1752
*********running GCP*********
total time (wallclock): 0.0225089 seconds

$ /home/daisy/GRB-Search-Pipeline/search-planning/build/sp_train /home/daisy/GRB-Search-Pipeline/results/training/maps/longlow/adapt_p11-715852394892384_a135-0_397_map.h5 /home/daisy/GRB-Search-Pipeline/search-planning/tilings/tiling_files/5.36x4.5_tiling.csv 1770 10.0 10.0 5.0 0 /home/daisy/GRB-Search-Pipeline/results/training/longlow_searching_5.36x4.5_tiling.csv
Input Parameters:
  file        = /home/daisy/GRB-Search-Pipeline/results/training/maps/longlow/adapt_p11-715852394892384_a135-0_397_map.h5
  source_tile = 1770
  slew_rate   = 10
  dwell_time  = 5
  output      = /home/daisy/GRB-Search-Pipeline/results/training/longlow_searching_5.36x4.5_tiling.csv

source = [78.2841, 135], n_src_events = 402, n_bkg_events = 596
Loaded 127 entries (unique=127, duplicates=0, missing=49025, out_of_bounds=0, non-finite=0)
Sum(prob) over finite entries = 0.999999
init sum: 0.999999
num pixels: 49152
tile num: 1798
total tile prob: 0.999999
tiles with prob > 0: 11
total tile prob after trim: 0.999999
num tiles after trim: 11
init_pos: 1750
*********running GCP*********
total time (wallclock): 0.0227845 seconds

$ /home/daisy/GRB-Search-Pipeline/search-planning/build/sp_train /home/daisy/GRB-Search-Pipeline/results/training/maps/longlow/adapt_p11-715852394892384_a135-0_398_map.h5 /home/daisy/GRB-Search-Pipeline/search-planning/tilings/tiling_files/5.36x4.5_tiling.csv 1770 10.0 10.0 5.0 0 /home/daisy/GRB-Search-Pipeline/results/training/longlow_searching_5.36x4.5_tiling.csv
Input Parameters:
  file        = /home/daisy/GRB-Search-Pipeline/results/training/maps/longlow/adapt_p11-715852394892384_a135-0_398_map.h5
  source_tile = 1770
  slew_rate   = 10
  dwell_time  = 5
  output      = /home/daisy/GRB-Search-Pipeline/results/training/longlow_searching_5.36x4.5_tiling.csv

source = [78.2841, 135], n_src_events = 349, n_bkg_events = 914
Loaded 230 entries (unique=230, duplicates=0, missing=48922, out_of_bounds=0, non-finite=0)
Sum(prob) over finite entries = 0.999998
init sum: 0.999998
num pixels: 49152
tile num: 1798
total tile prob: 0.999998
tiles with prob > 0: 16
total tile prob after trim: 0.999998
num tiles after trim: 16
init_pos: 1771
*********running GCP*********
total time (wallclock): 0.0246626 seconds

$ /home/daisy/GRB-Search-Pipeline/search-planning/build/sp_train /home/daisy/GRB-Search-Pipeline/results/training/maps/longlow/adapt_p11-715852394892384_a135-0_399_map.h5 /home/daisy/GRB-Search-Pipeline/search-planning/tilings/tiling_files/5.36x4.5_tiling.csv 1770 10.0 10.0 5.0 0 /home/daisy/GRB-Search-Pipeline/results/training/longlow_searching_5.36x4.5_tiling.csv
Input Parameters:
  file        = /home/daisy/GRB-Search-Pipeline/results/training/maps/longlow/adapt_p11-715852394892384_a135-0_399_map.h5
  source_tile = 1770
  slew_rate   = 10
  dwell_time  = 5
  output      = /home/daisy/GRB-Search-Pipeline/results/training/longlow_searching_5.36x4.5_tiling.csv

source = [78.2841, 135], n_src_events = 89, n_bkg_events = 735
Loaded 1570 entries (unique=1570, duplicates=0, missing=47582, out_of_bounds=0, non-finite=0)
Sum(prob) over finite entries = 0.999997
init sum: 0.999997
num pixels: 49152
tile num: 1798
total tile prob: 0.999997
tiles with prob > 0: 79
total tile prob after trim: 0.999997
num tiles after trim: 79
init_pos: 1664
*********running GCP*********
total time (wallclock): 0.0316368 seconds

$ /home/daisy/GRB-Search-Pipeline/search-planning/build/sp_train /home/daisy/GRB-Search-Pipeline/results/training/maps/longlow/adapt_p11-715852394892384_a135-0_39_map.h5 /home/daisy/GRB-Search-Pipeline/search-planning/tilings/tiling_files/5.36x4.5_tiling.csv 1770 10.0 10.0 5.0 0 /home/daisy/GRB-Search-Pipeline/results/training/longlow_searching_5.36x4.5_tiling.csv
Input Parameters:
  file        = /home/daisy/GRB-Search-Pipeline/results/training/maps/longlow/adapt_p11-715852394892384_a135-0_39_map.h5
  source_tile = 1770
  slew_rate   = 10
  dwell_time  = 5
  output      = /home/daisy/GRB-Search-Pipeline/results/training/longlow_searching_5.36x4.5_tiling.csv

source = [78.2841, 135], n_src_events = 758, n_bkg_events = 573
Loaded 61 entries (unique=61, duplicates=0, missing=49091, out_of_bounds=0, non-finite=0)
Sum(prob) over finite entries = 0.999999
init sum: 0.999999
num pixels: 49152
tile num: 1798
total tile prob: 0.999999
tiles with prob > 0: 6
total tile prob after trim: 0.999999
num tiles after trim: 6
init_pos: 1752
*********running GCP*********
total time (wallclock): 0.0230186 seconds

$ /home/daisy/GRB-Search-Pipeline/search-planning/build/sp_train /home/daisy/GRB-Search-Pipeline/results/training/maps/longlow/adapt_p11-715852394892384_a135-0_3_map.h5 /home/daisy/GRB-Search-Pipeline/search-planning/tilings/tiling_files/5.36x4.5_tiling.csv 1770 10.0 10.0 5.0 0 /home/daisy/GRB-Search-Pipeline/results/training/longlow_searching_5.36x4.5_tiling.csv
Input Parameters:
  file        = /home/daisy/GRB-Search-Pipeline/results/training/maps/longlow/adapt_p11-715852394892384_a135-0_3_map.h5
  source_tile = 1770
  slew_rate   = 10
  dwell_time  = 5
  output      = /home/daisy/GRB-Search-Pipeline/results/training/longlow_searching_5.36x4.5_tiling.csv

source = [78.2841, 135], n_src_events = 731, n_bkg_events = 731
Loaded 54 entries (unique=54, duplicates=0, missing=49098, out_of_bounds=0, non-finite=0)
Sum(prob) over finite entries = 0.999999
init sum: 0.999999
num pixels: 49152
tile num: 1798
total tile prob: 0.999999
tiles with prob > 0: 5
total tile prob after trim: 0.999999
num tiles after trim: 5
init_pos: 1771
*********running GCP*********
total time (wallclock): 0.0236104 seconds

$ /home/daisy/GRB-Search-Pipeline/search-planning/build/sp_train /home/daisy/GRB-Search-Pipeline/results/training/maps/longlow/adapt_p11-715852394892384_a135-0_400_map.h5 /home/daisy/GRB-Search-Pipeline/search-planning/tilings/tiling_files/5.36x4.5_tiling.csv 1770 10.0 10.0 5.0 0 /home/daisy/GRB-Search-Pipeline/results/training/longlow_searching_5.36x4.5_tiling.csv
Input Parameters:
  file        = /home/daisy/GRB-Search-Pipeline/results/training/maps/longlow/adapt_p11-715852394892384_a135-0_400_map.h5
  source_tile = 1770
  slew_rate   = 10
  dwell_time  = 5
  output      = /home/daisy/GRB-Search-Pipeline/results/training/longlow_searching_5.36x4.5_tiling.csv

source = [78.2841, 135], n_src_events = 599, n_bkg_events = 631
Loaded 63 entries (unique=63, duplicates=0, missing=49089, out_of_bounds=0, non-finite=0)
Sum(prob) over finite entries = 0.999998
init sum: 0.999998
num pixels: 49152
tile num: 1798
total tile prob: 0.999998
tiles with prob > 0: 7
total tile prob after trim: 0.999998
num tiles after trim: 7
init_pos: 1771
*********running GCP*********
total time (wallclock): 0.0236257 seconds

$ /home/daisy/GRB-Search-Pipeline/search-planning/build/sp_train /home/daisy/GRB-Search-Pipeline/results/training/maps/longlow/adapt_p11-715852394892384_a135-0_401_map.h5 /home/daisy/GRB-Search-Pipeline/search-planning/tilings/tiling_files/5.36x4.5_tiling.csv 1770 10.0 10.0 5.0 0 /home/daisy/GRB-Search-Pipeline/results/training/longlow_searching_5.36x4.5_tiling.csv
Input Parameters:
  file        = /home/daisy/GRB-Search-Pipeline/results/training/maps/longlow/adapt_p11-715852394892384_a135-0_401_map.h5
  source_tile = 1770
  slew_rate   = 10
  dwell_time  = 5
  output      = /home/daisy/GRB-Search-Pipeline/results/training/longlow_searching_5.36x4.5_tiling.csv

source = [78.2841, 135], n_src_events = 799, n_bkg_events = 601
Loaded 47 entries (unique=47, duplicates=0, missing=49105, out_of_bounds=0, non-finite=0)
Sum(prob) over finite entries = 0.999998
init sum: 0.999998
num pixels: 49152
tile num: 1798
total tile prob: 0.999998
tiles with prob > 0: 5
total tile prob after trim: 0.999998
num tiles after trim: 5
init_pos: 1753
*********running GCP*********
total time (wallclock): 0.0230849 seconds

$ /home/daisy/GRB-Search-Pipeline/search-planning/build/sp_train /home/daisy/GRB-Search-Pipeline/results/training/maps/longlow/adapt_p11-715852394892384_a135-0_402_map.h5 /home/daisy/GRB-Search-Pipeline/search-planning/tilings/tiling_files/5.36x4.5_tiling.csv 1770 10.0 10.0 5.0 0 /home/daisy/GRB-Search-Pipeline/results/training/longlow_searching_5.36x4.5_tiling.csv
Input Parameters:
  file        = /home/daisy/GRB-Search-Pipeline/results/training/maps/longlow/adapt_p11-715852394892384_a135-0_402_map.h5
  source_tile = 1770
  slew_rate   = 10
  dwell_time  = 5
  output      = /home/daisy/GRB-Search-Pipeline/results/training/longlow_searching_5.36x4.5_tiling.csv

source = [78.2841, 135], n_src_events = 580, n_bkg_events = 1033
Loaded 118 entries (unique=118, duplicates=0, missing=49034, out_of_bounds=0, non-finite=0)
Sum(prob) over finite entries = 0.999999
init sum: 0.999999
num pixels: 49152
tile num: 1798
total tile prob: 0.999999
tiles with prob > 0: 10
total tile prob after trim: 0.999999
num tiles after trim: 10
init_pos: 1752
*********running GCP*********
total time (wallclock): 0.023011 seconds

$ /home/daisy/GRB-Search-Pipeline/search-planning/build/sp_train /home/daisy/GRB-Search-Pipeline/results/training/maps/longlow/adapt_p11-715852394892384_a135-0_403_map.h5 /home/daisy/GRB-Search-Pipeline/search-planning/tilings/tiling_files/5.36x4.5_tiling.csv 1770 10.0 10.0 5.0 0 /home/daisy/GRB-Search-Pipeline/results/training/longlow_searching_5.36x4.5_tiling.csv
Input Parameters:
  file        = /home/daisy/GRB-Search-Pipeline/results/training/maps/longlow/adapt_p11-715852394892384_a135-0_403_map.h5
  source_tile = 1770
  slew_rate   = 10
  dwell_time  = 5
  output      = /home/daisy/GRB-Search-Pipeline/results/training/longlow_searching_5.36x4.5_tiling.csv

source = [78.2841, 135], n_src_events = 840, n_bkg_events = 944
Loaded 52 entries (unique=52, duplicates=0, missing=49100, out_of_bounds=0, non-finite=0)
Sum(prob) over finite entries = 0.999999
init sum: 0.999999
num pixels: 49152
tile num: 1798
total tile prob: 0.999999
tiles with prob > 0: 5
total tile prob after trim: 0.999999
num tiles after trim: 5
init_pos: 1771
*********running GCP*********
total time (wallclock): 0.0231215 seconds

$ /home/daisy/GRB-Search-Pipeline/search-planning/build/sp_train /home/daisy/GRB-Search-Pipeline/results/training/maps/longlow/adapt_p11-715852394892384_a135-0_404_map.h5 /home/daisy/GRB-Search-Pipeline/search-planning/tilings/tiling_files/5.36x4.5_tiling.csv 1770 10.0 10.0 5.0 0 /home/daisy/GRB-Search-Pipeline/results/training/longlow_searching_5.36x4.5_tiling.csv
Input Parameters:
  file        = /home/daisy/GRB-Search-Pipeline/results/training/maps/longlow/adapt_p11-715852394892384_a135-0_404_map.h5
  source_tile = 1770
  slew_rate   = 10
  dwell_time  = 5
  output      = /home/daisy/GRB-Search-Pipeline/results/training/longlow_searching_5.36x4.5_tiling.csv

source = [78.2841, 135], n_src_events = 407, n_bkg_events = 512
Loaded 104 entries (unique=104, duplicates=0, missing=49048, out_of_bounds=0, non-finite=0)
Sum(prob) over finite entries = 0.999999
init sum: 0.999999
num pixels: 49152
tile num: 1798
total tile prob: 0.999999
tiles with prob > 0: 10
total tile prob after trim: 0.999999
num tiles after trim: 10
init_pos: 1770
*********running GCP*********
total time (wallclock): 0.0216779 seconds

$ /home/daisy/GRB-Search-Pipeline/search-planning/build/sp_train /home/daisy/GRB-Search-Pipeline/results/training/maps/longlow/adapt_p11-715852394892384_a135-0_405_map.h5 /home/daisy/GRB-Search-Pipeline/search-planning/tilings/tiling_files/5.36x4.5_tiling.csv 1770 10.0 10.0 5.0 0 /home/daisy/GRB-Search-Pipeline/results/training/longlow_searching_5.36x4.5_tiling.csv
Input Parameters:
  file        = /home/daisy/GRB-Search-Pipeline/results/training/maps/longlow/adapt_p11-715852394892384_a135-0_405_map.h5
  source_tile = 1770
  slew_rate   = 10
  dwell_time  = 5
  output      = /home/daisy/GRB-Search-Pipeline/results/training/longlow_searching_5.36x4.5_tiling.csv

source = [78.2841, 135], n_src_events = 619, n_bkg_events = 965
Loaded 89 entries (unique=89, duplicates=0, missing=49063, out_of_bounds=0, non-finite=0)
Sum(prob) over finite entries = 0.999999
init sum: 0.999999
num pixels: 49152
tile num: 1798
total tile prob: 0.999999
tiles with prob > 0: 8
total tile prob after trim: 0.999999
num tiles after trim: 8
init_pos: 1751
*********running GCP*********
total time (wallclock): 0.0228955 seconds

$ /home/daisy/GRB-Search-Pipeline/search-planning/build/sp_train /home/daisy/GRB-Search-Pipeline/results/training/maps/longlow/adapt_p11-715852394892384_a135-0_406_map.h5 /home/daisy/GRB-Search-Pipeline/search-planning/tilings/tiling_files/5.36x4.5_tiling.csv 1770 10.0 10.0 5.0 0 /home/daisy/GRB-Search-Pipeline/results/training/longlow_searching_5.36x4.5_tiling.csv
Input Parameters:
  file        = /home/daisy/GRB-Search-Pipeline/results/training/maps/longlow/adapt_p11-715852394892384_a135-0_406_map.h5
  source_tile = 1770
  slew_rate   = 10
  dwell_time  = 5
  output      = /home/daisy/GRB-Search-Pipeline/results/training/longlow_searching_5.36x4.5_tiling.csv

source = [78.2841, 135], n_src_events = 304, n_bkg_events = 976
Loaded 229 entries (unique=229, duplicates=0, missing=48923, out_of_bounds=0, non-finite=0)
Sum(prob) over finite entries = 0.999999
init sum: 0.999999
num pixels: 49152
tile num: 1798
total tile prob: 0.999999
tiles with prob > 0: 17
total tile prob after trim: 0.999999
num tiles after trim: 17
init_pos: 1752
*********running GCP*********
total time (wallclock): 0.0225808 seconds

$ /home/daisy/GRB-Search-Pipeline/search-planning/build/sp_train /home/daisy/GRB-Search-Pipeline/results/training/maps/longlow/adapt_p11-715852394892384_a135-0_407_map.h5 /home/daisy/GRB-Search-Pipeline/search-planning/tilings/tiling_files/5.36x4.5_tiling.csv 1770 10.0 10.0 5.0 0 /home/daisy/GRB-Search-Pipeline/results/training/longlow_searching_5.36x4.5_tiling.csv
Input Parameters:
  file        = /home/daisy/GRB-Search-Pipeline/results/training/maps/longlow/adapt_p11-715852394892384_a135-0_407_map.h5
  source_tile = 1770
  slew_rate   = 10
  dwell_time  = 5
  output      = /home/daisy/GRB-Search-Pipeline/results/training/longlow_searching_5.36x4.5_tiling.csv

source = [78.2841, 135], n_src_events = 688, n_bkg_events = 813
Loaded 64 entries (unique=64, duplicates=0, missing=49088, out_of_bounds=0, non-finite=0)
Sum(prob) over finite entries = 0.999998
init sum: 0.999998
num pixels: 49152
tile num: 1798
total tile prob: 0.999998
tiles with prob > 0: 7
total tile prob after trim: 0.999998
num tiles after trim: 7
init_pos: 1770
*********running GCP*********
total time (wallclock): 0.0219934 seconds

$ /home/daisy/GRB-Search-Pipeline/search-planning/build/sp_train /home/daisy/GRB-Search-Pipeline/results/training/maps/longlow/adapt_p11-715852394892384_a135-0_408_map.h5 /home/daisy/GRB-Search-Pipeline/search-planning/tilings/tiling_files/5.36x4.5_tiling.csv 1770 10.0 10.0 5.0 0 /home/daisy/GRB-Search-Pipeline/results/training/longlow_searching_5.36x4.5_tiling.csv
Input Parameters:
  file        = /home/daisy/GRB-Search-Pipeline/results/training/maps/longlow/adapt_p11-715852394892384_a135-0_408_map.h5
  source_tile = 1770
  slew_rate   = 10
  dwell_time  = 5
  output      = /home/daisy/GRB-Search-Pipeline/results/training/longlow_searching_5.36x4.5_tiling.csv

source = [78.2841, 135], n_src_events = 246, n_bkg_events = 257
Loaded 180 entries (unique=180, duplicates=0, missing=48972, out_of_bounds=0, non-finite=0)
Sum(prob) over finite entries = 0.999999
init sum: 0.999999
num pixels: 49152
tile num: 1798
total tile prob: 0.999999
tiles with prob > 0: 15
total tile prob after trim: 0.999999
num tiles after trim: 15
init_pos: 1752
*********running GCP*********
total time (wallclock): 0.0227972 seconds

$ /home/daisy/GRB-Search-Pipeline/search-planning/build/sp_train /home/daisy/GRB-Search-Pipeline/results/training/maps/longlow/adapt_p11-715852394892384_a135-0_409_map.h5 /home/daisy/GRB-Search-Pipeline/search-planning/tilings/tiling_files/5.36x4.5_tiling.csv 1770 10.0 10.0 5.0 0 /home/daisy/GRB-Search-Pipeline/results/training/longlow_searching_5.36x4.5_tiling.csv
Input Parameters:
  file        = /home/daisy/GRB-Search-Pipeline/results/training/maps/longlow/adapt_p11-715852394892384_a135-0_409_map.h5
  source_tile = 1770
  slew_rate   = 10
  dwell_time  = 5
  output      = /home/daisy/GRB-Search-Pipeline/results/training/longlow_searching_5.36x4.5_tiling.csv

source = [78.2841, 135], n_src_events = 567, n_bkg_events = 656
Loaded 88 entries (unique=88, duplicates=0, missing=49064, out_of_bounds=0, non-finite=0)
Sum(prob) over finite entries = 0.999998
init sum: 0.999998
num pixels: 49152
tile num: 1798
total tile prob: 0.999998
tiles with prob > 0: 8
total tile prob after trim: 0.999998
num tiles after trim: 8
init_pos: 1770
*********running GCP*********
total time (wallclock): 0.0219645 seconds

$ /home/daisy/GRB-Search-Pipeline/search-planning/build/sp_train /home/daisy/GRB-Search-Pipeline/results/training/maps/longlow/adapt_p11-715852394892384_a135-0_40_map.h5 /home/daisy/GRB-Search-Pipeline/search-planning/tilings/tiling_files/5.36x4.5_tiling.csv 1770 10.0 10.0 5.0 0 /home/daisy/GRB-Search-Pipeline/results/training/longlow_searching_5.36x4.5_tiling.csv
Input Parameters:
  file        = /home/daisy/GRB-Search-Pipeline/results/training/maps/longlow/adapt_p11-715852394892384_a135-0_40_map.h5
  source_tile = 1770
  slew_rate   = 10
  dwell_time  = 5
  output      = /home/daisy/GRB-Search-Pipeline/results/training/longlow_searching_5.36x4.5_tiling.csv

source = [78.2841, 135], n_src_events = 367, n_bkg_events = 525
Loaded 118 entries (unique=118, duplicates=0, missing=49034, out_of_bounds=0, non-finite=0)
Sum(prob) over finite entries = 0.999999
init sum: 0.999999
num pixels: 49152
tile num: 1798
total tile prob: 0.999999
tiles with prob > 0: 10
total tile prob after trim: 0.999999
num tiles after trim: 10
init_pos: 1752
*********running GCP*********
total time (wallclock): 0.0225123 seconds

$ /home/daisy/GRB-Search-Pipeline/search-planning/build/sp_train /home/daisy/GRB-Search-Pipeline/results/training/maps/longlow/adapt_p11-715852394892384_a135-0_410_map.h5 /home/daisy/GRB-Search-Pipeline/search-planning/tilings/tiling_files/5.36x4.5_tiling.csv 1770 10.0 10.0 5.0 0 /home/daisy/GRB-Search-Pipeline/results/training/longlow_searching_5.36x4.5_tiling.csv
Input Parameters:
  file        = /home/daisy/GRB-Search-Pipeline/results/training/maps/longlow/adapt_p11-715852394892384_a135-0_410_map.h5
  source_tile = 1770
  slew_rate   = 10
  dwell_time  = 5
  output      = /home/daisy/GRB-Search-Pipeline/results/training/longlow_searching_5.36x4.5_tiling.csv

source = [78.2841, 135], n_src_events = 348, n_bkg_events = 685
Loaded 162 entries (unique=162, duplicates=0, missing=48990, out_of_bounds=0, non-finite=0)
Sum(prob) over finite entries = 0.999999
init sum: 0.999999
num pixels: 49152
tile num: 1798
total tile prob: 0.999999
tiles with prob > 0: 11
total tile prob after trim: 0.999999
num tiles after trim: 11
init_pos: 1751
*********running GCP*********
total time (wallclock): 0.0225372 seconds

$ /home/daisy/GRB-Search-Pipeline/search-planning/build/sp_train /home/daisy/GRB-Search-Pipeline/results/training/maps/longlow/adapt_p11-715852394892384_a135-0_411_map.h5 /home/daisy/GRB-Search-Pipeline/search-planning/tilings/tiling_files/5.36x4.5_tiling.csv 1770 10.0 10.0 5.0 0 /home/daisy/GRB-Search-Pipeline/results/training/longlow_searching_5.36x4.5_tiling.csv
Input Parameters:
  file        = /home/daisy/GRB-Search-Pipeline/results/training/maps/longlow/adapt_p11-715852394892384_a135-0_411_map.h5
  source_tile = 1770
  slew_rate   = 10
  dwell_time  = 5
  output      = /home/daisy/GRB-Search-Pipeline/results/training/longlow_searching_5.36x4.5_tiling.csv

source = [78.2841, 135], n_src_events = 650, n_bkg_events = 794
Loaded 68 entries (unique=68, duplicates=0, missing=49084, out_of_bounds=0, non-finite=0)
Sum(prob) over finite entries = 0.999998
init sum: 0.999998
num pixels: 49152
tile num: 1798
total tile prob: 0.999998
tiles with prob > 0: 6
total tile prob after trim: 0.999998
num tiles after trim: 6
init_pos: 1770
*********running GCP*********
total time (wallclock): 0.0218749 seconds

$ /home/daisy/GRB-Search-Pipeline/search-planning/build/sp_train /home/daisy/GRB-Search-Pipeline/results/training/maps/longlow/adapt_p11-715852394892384_a135-0_412_map.h5 /home/daisy/GRB-Search-Pipeline/search-planning/tilings/tiling_files/5.36x4.5_tiling.csv 1770 10.0 10.0 5.0 0 /home/daisy/GRB-Search-Pipeline/results/training/longlow_searching_5.36x4.5_tiling.csv
Input Parameters:
  file        = /home/daisy/GRB-Search-Pipeline/results/training/maps/longlow/adapt_p11-715852394892384_a135-0_412_map.h5
  source_tile = 1770
  slew_rate   = 10
  dwell_time  = 5
  output      = /home/daisy/GRB-Search-Pipeline/results/training/longlow_searching_5.36x4.5_tiling.csv

source = [78.2841, 135], n_src_events = 799, n_bkg_events = 325
Loaded 50 entries (unique=50, duplicates=0, missing=49102, out_of_bounds=0, non-finite=0)
Sum(prob) over finite entries = 0.999999
init sum: 0.999999
num pixels: 49152
tile num: 1798
total tile prob: 0.999999
tiles with prob > 0: 5
total tile prob after trim: 0.999999
num tiles after trim: 5
init_pos: 1771
*********running GCP*********
total time (wallclock): 0.0231153 seconds

$ /home/daisy/GRB-Search-Pipeline/search-planning/build/sp_train /home/daisy/GRB-Search-Pipeline/results/training/maps/longlow/adapt_p11-715852394892384_a135-0_413_map.h5 /home/daisy/GRB-Search-Pipeline/search-planning/tilings/tiling_files/5.36x4.5_tiling.csv 1770 10.0 10.0 5.0 0 /home/daisy/GRB-Search-Pipeline/results/training/longlow_searching_5.36x4.5_tiling.csv
Input Parameters:
  file        = /home/daisy/GRB-Search-Pipeline/results/training/maps/longlow/adapt_p11-715852394892384_a135-0_413_map.h5
  source_tile = 1770
  slew_rate   = 10
  dwell_time  = 5
  output      = /home/daisy/GRB-Search-Pipeline/results/training/longlow_searching_5.36x4.5_tiling.csv

source = [78.2841, 135], n_src_events = 240, n_bkg_events = 830
Loaded 307 entries (unique=307, duplicates=0, missing=48845, out_of_bounds=0, non-finite=0)
Sum(prob) over finite entries = 0.999998
init sum: 0.999998
num pixels: 49152
tile num: 1798
total tile prob: 0.999998
tiles with prob > 0: 19
total tile prob after trim: 0.999998
num tiles after trim: 19
init_pos: 1728
*********running GCP*********
total time (wallclock): 0.0240829 seconds

$ /home/daisy/GRB-Search-Pipeline/search-planning/build/sp_train /home/daisy/GRB-Search-Pipeline/results/training/maps/longlow/adapt_p11-715852394892384_a135-0_414_map.h5 /home/daisy/GRB-Search-Pipeline/search-planning/tilings/tiling_files/5.36x4.5_tiling.csv 1770 10.0 10.0 5.0 0 /home/daisy/GRB-Search-Pipeline/results/training/longlow_searching_5.36x4.5_tiling.csv
Input Parameters:
  file        = /home/daisy/GRB-Search-Pipeline/results/training/maps/longlow/adapt_p11-715852394892384_a135-0_414_map.h5
  source_tile = 1770
  slew_rate   = 10
  dwell_time  = 5
  output      = /home/daisy/GRB-Search-Pipeline/results/training/longlow_searching_5.36x4.5_tiling.csv

source = [78.2841, 135], n_src_events = 823, n_bkg_events = 708
Loaded 43 entries (unique=43, duplicates=0, missing=49109, out_of_bounds=0, non-finite=0)
Sum(prob) over finite entries = 0.999999
init sum: 0.999999
num pixels: 49152
tile num: 1798
total tile prob: 0.999999
tiles with prob > 0: 5
total tile prob after trim: 0.999999
num tiles after trim: 5
init_pos: 1771
*********running GCP*********
total time (wallclock): 0.0231133 seconds

$ /home/daisy/GRB-Search-Pipeline/search-planning/build/sp_train /home/daisy/GRB-Search-Pipeline/results/training/maps/longlow/adapt_p11-715852394892384_a135-0_415_map.h5 /home/daisy/GRB-Search-Pipeline/search-planning/tilings/tiling_files/5.36x4.5_tiling.csv 1770 10.0 10.0 5.0 0 /home/daisy/GRB-Search-Pipeline/results/training/longlow_searching_5.36x4.5_tiling.csv
Input Parameters:
  file        = /home/daisy/GRB-Search-Pipeline/results/training/maps/longlow/adapt_p11-715852394892384_a135-0_415_map.h5
  source_tile = 1770
  slew_rate   = 10
  dwell_time  = 5
  output      = /home/daisy/GRB-Search-Pipeline/results/training/longlow_searching_5.36x4.5_tiling.csv

source = [78.2841, 135], n_src_events = 356, n_bkg_events = 798
Loaded 233 entries (unique=233, duplicates=0, missing=48919, out_of_bounds=0, non-finite=0)
Sum(prob) over finite entries = 0.999999
init sum: 0.999999
num pixels: 49152
tile num: 1798
total tile prob: 0.999999
tiles with prob > 0: 17
total tile prob after trim: 0.999999
num tiles after trim: 17
init_pos: 1752
*********running GCP*********
total time (wallclock): 0.0225717 seconds

$ /home/daisy/GRB-Search-Pipeline/search-planning/build/sp_train /home/daisy/GRB-Search-Pipeline/results/training/maps/longlow/adapt_p11-715852394892384_a135-0_416_map.h5 /home/daisy/GRB-Search-Pipeline/search-planning/tilings/tiling_files/5.36x4.5_tiling.csv 1770 10.0 10.0 5.0 0 /home/daisy/GRB-Search-Pipeline/results/training/longlow_searching_5.36x4.5_tiling.csv
Input Parameters:
  file        = /home/daisy/GRB-Search-Pipeline/results/training/maps/longlow/adapt_p11-715852394892384_a135-0_416_map.h5
  source_tile = 1770
  slew_rate   = 10
  dwell_time  = 5
  output      = /home/daisy/GRB-Search-Pipeline/results/training/longlow_searching_5.36x4.5_tiling.csv

source = [78.2841, 135], n_src_events = 529, n_bkg_events = 653
Loaded 93 entries (unique=93, duplicates=0, missing=49059, out_of_bounds=0, non-finite=0)
Sum(prob) over finite entries = 0.999998
init sum: 0.999998
num pixels: 49152
tile num: 1798
total tile prob: 0.999998
tiles with prob > 0: 9
total tile prob after trim: 0.999998
num tiles after trim: 9
init_pos: 1771
*********running GCP*********
total time (wallclock): 0.02424 seconds

$ /home/daisy/GRB-Search-Pipeline/search-planning/build/sp_train /home/daisy/GRB-Search-Pipeline/results/training/maps/longlow/adapt_p11-715852394892384_a135-0_417_map.h5 /home/daisy/GRB-Search-Pipeline/search-planning/tilings/tiling_files/5.36x4.5_tiling.csv 1770 10.0 10.0 5.0 0 /home/daisy/GRB-Search-Pipeline/results/training/longlow_searching_5.36x4.5_tiling.csv
Input Parameters:
  file        = /home/daisy/GRB-Search-Pipeline/results/training/maps/longlow/adapt_p11-715852394892384_a135-0_417_map.h5
  source_tile = 1770
  slew_rate   = 10
  dwell_time  = 5
  output      = /home/daisy/GRB-Search-Pipeline/results/training/longlow_searching_5.36x4.5_tiling.csv

source = [78.2841, 135], n_src_events = 728, n_bkg_events = 624
Loaded 82 entries (unique=82, duplicates=0, missing=49070, out_of_bounds=0, non-finite=0)
Sum(prob) over finite entries = 0.999998
init sum: 0.999998
num pixels: 49152
tile num: 1798
total tile prob: 0.999998
tiles with prob > 0: 8
total tile prob after trim: 0.999998
num tiles after trim: 8
init_pos: 1770
*********running GCP*********
total time (wallclock): 0.0219737 seconds

$ /home/daisy/GRB-Search-Pipeline/search-planning/build/sp_train /home/daisy/GRB-Search-Pipeline/results/training/maps/longlow/adapt_p11-715852394892384_a135-0_418_map.h5 /home/daisy/GRB-Search-Pipeline/search-planning/tilings/tiling_files/5.36x4.5_tiling.csv 1770 10.0 10.0 5.0 0 /home/daisy/GRB-Search-Pipeline/results/training/longlow_searching_5.36x4.5_tiling.csv
Input Parameters:
  file        = /home/daisy/GRB-Search-Pipeline/results/training/maps/longlow/adapt_p11-715852394892384_a135-0_418_map.h5
  source_tile = 1770
  slew_rate   = 10
  dwell_time  = 5
  output      = /home/daisy/GRB-Search-Pipeline/results/training/longlow_searching_5.36x4.5_tiling.csv

source = [78.2841, 135], n_src_events = 837, n_bkg_events = 677
Loaded 55 entries (unique=55, duplicates=0, missing=49097, out_of_bounds=0, non-finite=0)
Sum(prob) over finite entries = 0.999999
init sum: 0.999999
num pixels: 49152
tile num: 1798
total tile prob: 0.999999
tiles with prob > 0: 5
total tile prob after trim: 0.999999
num tiles after trim: 5
init_pos: 1771
*********running GCP*********
total time (wallclock): 0.0231639 seconds

$ /home/daisy/GRB-Search-Pipeline/search-planning/build/sp_train /home/daisy/GRB-Search-Pipeline/results/training/maps/longlow/adapt_p11-715852394892384_a135-0_419_map.h5 /home/daisy/GRB-Search-Pipeline/search-planning/tilings/tiling_files/5.36x4.5_tiling.csv 1770 10.0 10.0 5.0 0 /home/daisy/GRB-Search-Pipeline/results/training/longlow_searching_5.36x4.5_tiling.csv
Input Parameters:
  file        = /home/daisy/GRB-Search-Pipeline/results/training/maps/longlow/adapt_p11-715852394892384_a135-0_419_map.h5
  source_tile = 1770
  slew_rate   = 10
  dwell_time  = 5
  output      = /home/daisy/GRB-Search-Pipeline/results/training/longlow_searching_5.36x4.5_tiling.csv

source = [78.2841, 135], n_src_events = 526, n_bkg_events = 247
Loaded 95 entries (unique=95, duplicates=0, missing=49057, out_of_bounds=0, non-finite=0)
Sum(prob) over finite entries = 0.999999
init sum: 0.999999
num pixels: 49152
tile num: 1798
total tile prob: 0.999999
tiles with prob > 0: 9
total tile prob after trim: 0.999999
num tiles after trim: 9
init_pos: 1785
*********running GCP*********
total time (wallclock): 0.0225718 seconds

$ /home/daisy/GRB-Search-Pipeline/search-planning/build/sp_train /home/daisy/GRB-Search-Pipeline/results/training/maps/longlow/adapt_p11-715852394892384_a135-0_41_map.h5 /home/daisy/GRB-Search-Pipeline/search-planning/tilings/tiling_files/5.36x4.5_tiling.csv 1770 10.0 10.0 5.0 0 /home/daisy/GRB-Search-Pipeline/results/training/longlow_searching_5.36x4.5_tiling.csv
Input Parameters:
  file        = /home/daisy/GRB-Search-Pipeline/results/training/maps/longlow/adapt_p11-715852394892384_a135-0_41_map.h5
  source_tile = 1770
  slew_rate   = 10
  dwell_time  = 5
  output      = /home/daisy/GRB-Search-Pipeline/results/training/longlow_searching_5.36x4.5_tiling.csv

source = [78.2841, 135], n_src_events = 826, n_bkg_events = 919
Loaded 54 entries (unique=54, duplicates=0, missing=49098, out_of_bounds=0, non-finite=0)
Sum(prob) over finite entries = 0.999999
init sum: 0.999999
num pixels: 49152
tile num: 1798
total tile prob: 0.999999
tiles with prob > 0: 6
total tile prob after trim: 0.999999
num tiles after trim: 6
init_pos: 1771
*********running GCP*********
total time (wallclock): 0.0224027 seconds

$ /home/daisy/GRB-Search-Pipeline/search-planning/build/sp_train /home/daisy/GRB-Search-Pipeline/results/training/maps/longlow/adapt_p11-715852394892384_a135-0_420_map.h5 /home/daisy/GRB-Search-Pipeline/search-planning/tilings/tiling_files/5.36x4.5_tiling.csv 1770 10.0 10.0 5.0 0 /home/daisy/GRB-Search-Pipeline/results/training/longlow_searching_5.36x4.5_tiling.csv
Input Parameters:
  file        = /home/daisy/GRB-Search-Pipeline/results/training/maps/longlow/adapt_p11-715852394892384_a135-0_420_map.h5
  source_tile = 1770
  slew_rate   = 10
  dwell_time  = 5
  output      = /home/daisy/GRB-Search-Pipeline/results/training/longlow_searching_5.36x4.5_tiling.csv

source = [78.2841, 135], n_src_events = 657, n_bkg_events = 448
Loaded 68 entries (unique=68, duplicates=0, missing=49084, out_of_bounds=0, non-finite=0)
Sum(prob) over finite entries = 0.999999
init sum: 0.999999
num pixels: 49152
tile num: 1798
total tile prob: 0.999999
tiles with prob > 0: 7
total tile prob after trim: 0.999999
num tiles after trim: 7
init_pos: 1771
*********running GCP*********
total time (wallclock): 0.0225726 seconds

$ /home/daisy/GRB-Search-Pipeline/search-planning/build/sp_train /home/daisy/GRB-Search-Pipeline/results/training/maps/longlow/adapt_p11-715852394892384_a135-0_421_map.h5 /home/daisy/GRB-Search-Pipeline/search-planning/tilings/tiling_files/5.36x4.5_tiling.csv 1770 10.0 10.0 5.0 0 /home/daisy/GRB-Search-Pipeline/results/training/longlow_searching_5.36x4.5_tiling.csv
Input Parameters:
  file        = /home/daisy/GRB-Search-Pipeline/results/training/maps/longlow/adapt_p11-715852394892384_a135-0_421_map.h5
  source_tile = 1770
  slew_rate   = 10
  dwell_time  = 5
  output      = /home/daisy/GRB-Search-Pipeline/results/training/longlow_searching_5.36x4.5_tiling.csv

source = [78.2841, 135], n_src_events = 852, n_bkg_events = 972
Loaded 65 entries (unique=65, duplicates=0, missing=49087, out_of_bounds=0, non-finite=0)
Sum(prob) over finite entries = 0.999999
init sum: 0.999999
num pixels: 49152
tile num: 1798
total tile prob: 0.999999
tiles with prob > 0: 8
total tile prob after trim: 0.999999
num tiles after trim: 8
init_pos: 1770
*********running GCP*********
total time (wallclock): 0.021823 seconds

$ /home/daisy/GRB-Search-Pipeline/search-planning/build/sp_train /home/daisy/GRB-Search-Pipeline/results/training/maps/longlow/adapt_p11-715852394892384_a135-0_422_map.h5 /home/daisy/GRB-Search-Pipeline/search-planning/tilings/tiling_files/5.36x4.5_tiling.csv 1770 10.0 10.0 5.0 0 /home/daisy/GRB-Search-Pipeline/results/training/longlow_searching_5.36x4.5_tiling.csv
Input Parameters:
  file        = /home/daisy/GRB-Search-Pipeline/results/training/maps/longlow/adapt_p11-715852394892384_a135-0_422_map.h5
  source_tile = 1770
  slew_rate   = 10
  dwell_time  = 5
  output      = /home/daisy/GRB-Search-Pipeline/results/training/longlow_searching_5.36x4.5_tiling.csv

source = [78.2841, 135], n_src_events = 364, n_bkg_events = 776
Loaded 199 entries (unique=199, duplicates=0, missing=48953, out_of_bounds=0, non-finite=0)
Sum(prob) over finite entries = 0.999999
init sum: 0.999999
num pixels: 49152
tile num: 1798
total tile prob: 0.999999
tiles with prob > 0: 14
total tile prob after trim: 0.999999
num tiles after trim: 14
init_pos: 1750
*********running GCP*********
total time (wallclock): 0.0227937 seconds

$ /home/daisy/GRB-Search-Pipeline/search-planning/build/sp_train /home/daisy/GRB-Search-Pipeline/results/training/maps/longlow/adapt_p11-715852394892384_a135-0_423_map.h5 /home/daisy/GRB-Search-Pipeline/search-planning/tilings/tiling_files/5.36x4.5_tiling.csv 1770 10.0 10.0 5.0 0 /home/daisy/GRB-Search-Pipeline/results/training/longlow_searching_5.36x4.5_tiling.csv
Input Parameters:
  file        = /home/daisy/GRB-Search-Pipeline/results/training/maps/longlow/adapt_p11-715852394892384_a135-0_423_map.h5
  source_tile = 1770
  slew_rate   = 10
  dwell_time  = 5
  output      = /home/daisy/GRB-Search-Pipeline/results/training/longlow_searching_5.36x4.5_tiling.csv

source = [78.2841, 135], n_src_events = 487, n_bkg_events = 1002
Loaded 128 entries (unique=128, duplicates=0, missing=49024, out_of_bounds=0, non-finite=0)
Sum(prob) over finite entries = 0.999998
init sum: 0.999998
num pixels: 49152
tile num: 1798
total tile prob: 0.999998
tiles with prob > 0: 11
total tile prob after trim: 0.999998
num tiles after trim: 11
init_pos: 1770
*********running GCP*********
total time (wallclock): 0.0219915 seconds

$ /home/daisy/GRB-Search-Pipeline/search-planning/build/sp_train /home/daisy/GRB-Search-Pipeline/results/training/maps/longlow/adapt_p11-715852394892384_a135-0_424_map.h5 /home/daisy/GRB-Search-Pipeline/search-planning/tilings/tiling_files/5.36x4.5_tiling.csv 1770 10.0 10.0 5.0 0 /home/daisy/GRB-Search-Pipeline/results/training/longlow_searching_5.36x4.5_tiling.csv
Input Parameters:
  file        = /home/daisy/GRB-Search-Pipeline/results/training/maps/longlow/adapt_p11-715852394892384_a135-0_424_map.h5
  source_tile = 1770
  slew_rate   = 10
  dwell_time  = 5
  output      = /home/daisy/GRB-Search-Pipeline/results/training/longlow_searching_5.36x4.5_tiling.csv

source = [78.2841, 135], n_src_events = 88, n_bkg_events = 549
Loaded 1333 entries (unique=1333, duplicates=0, missing=47819, out_of_bounds=0, non-finite=0)
Sum(prob) over finite entries = 0.999993
init sum: 0.999993
num pixels: 49152
tile num: 1798
total tile prob: 0.999993
tiles with prob > 0: 80
total tile prob after trim: 0.999993
num tiles after trim: 80
init_pos: 1797
*********running GCP*********
total time (wallclock): 0.0244897 seconds

$ /home/daisy/GRB-Search-Pipeline/search-planning/build/sp_train /home/daisy/GRB-Search-Pipeline/results/training/maps/longlow/adapt_p11-715852394892384_a135-0_425_map.h5 /home/daisy/GRB-Search-Pipeline/search-planning/tilings/tiling_files/5.36x4.5_tiling.csv 1770 10.0 10.0 5.0 0 /home/daisy/GRB-Search-Pipeline/results/training/longlow_searching_5.36x4.5_tiling.csv
Input Parameters:
  file        = /home/daisy/GRB-Search-Pipeline/results/training/maps/longlow/adapt_p11-715852394892384_a135-0_425_map.h5
  source_tile = 1770
  slew_rate   = 10
  dwell_time  = 5
  output      = /home/daisy/GRB-Search-Pipeline/results/training/longlow_searching_5.36x4.5_tiling.csv

source = [78.2841, 135], n_src_events = 434, n_bkg_events = 1076
Loaded 185 entries (unique=185, duplicates=0, missing=48967, out_of_bounds=0, non-finite=0)
Sum(prob) over finite entries = 0.999999
init sum: 0.999999
num pixels: 49152
tile num: 1798
total tile prob: 0.999999
tiles with prob > 0: 14
total tile prob after trim: 0.999999
num tiles after trim: 14
init_pos: 1751
*********running GCP*********
total time (wallclock): 0.0231738 seconds

$ /home/daisy/GRB-Search-Pipeline/search-planning/build/sp_train /home/daisy/GRB-Search-Pipeline/results/training/maps/longlow/adapt_p11-715852394892384_a135-0_426_map.h5 /home/daisy/GRB-Search-Pipeline/search-planning/tilings/tiling_files/5.36x4.5_tiling.csv 1770 10.0 10.0 5.0 0 /home/daisy/GRB-Search-Pipeline/results/training/longlow_searching_5.36x4.5_tiling.csv
Input Parameters:
  file        = /home/daisy/GRB-Search-Pipeline/results/training/maps/longlow/adapt_p11-715852394892384_a135-0_426_map.h5
  source_tile = 1770
  slew_rate   = 10
  dwell_time  = 5
  output      = /home/daisy/GRB-Search-Pipeline/results/training/longlow_searching_5.36x4.5_tiling.csv

source = [78.2841, 135], n_src_events = 344, n_bkg_events = 561
Loaded 157 entries (unique=157, duplicates=0, missing=48995, out_of_bounds=0, non-finite=0)
Sum(prob) over finite entries = 0.999999
init sum: 0.999999
num pixels: 49152
tile num: 1798
total tile prob: 0.999999
tiles with prob > 0: 12
total tile prob after trim: 0.999999
num tiles after trim: 12
init_pos: 1770
*********running GCP*********
total time (wallclock): 0.0223619 seconds

$ /home/daisy/GRB-Search-Pipeline/search-planning/build/sp_train /home/daisy/GRB-Search-Pipeline/results/training/maps/longlow/adapt_p11-715852394892384_a135-0_427_map.h5 /home/daisy/GRB-Search-Pipeline/search-planning/tilings/tiling_files/5.36x4.5_tiling.csv 1770 10.0 10.0 5.0 0 /home/daisy/GRB-Search-Pipeline/results/training/longlow_searching_5.36x4.5_tiling.csv
Input Parameters:
  file        = /home/daisy/GRB-Search-Pipeline/results/training/maps/longlow/adapt_p11-715852394892384_a135-0_427_map.h5
  source_tile = 1770
  slew_rate   = 10
  dwell_time  = 5
  output      = /home/daisy/GRB-Search-Pipeline/results/training/longlow_searching_5.36x4.5_tiling.csv

source = [78.2841, 135], n_src_events = 275, n_bkg_events = 377
Loaded 208 entries (unique=208, duplicates=0, missing=48944, out_of_bounds=0, non-finite=0)
Sum(prob) over finite entries = 0.999999
init sum: 0.999999
num pixels: 49152
tile num: 1798
total tile prob: 0.999999
tiles with prob > 0: 15
total tile prob after trim: 0.999999
num tiles after trim: 15
init_pos: 1770
*********running GCP*********
total time (wallclock): 0.0225516 seconds

$ /home/daisy/GRB-Search-Pipeline/search-planning/build/sp_train /home/daisy/GRB-Search-Pipeline/results/training/maps/longlow/adapt_p11-715852394892384_a135-0_428_map.h5 /home/daisy/GRB-Search-Pipeline/search-planning/tilings/tiling_files/5.36x4.5_tiling.csv 1770 10.0 10.0 5.0 0 /home/daisy/GRB-Search-Pipeline/results/training/longlow_searching_5.36x4.5_tiling.csv
Input Parameters:
  file        = /home/daisy/GRB-Search-Pipeline/results/training/maps/longlow/adapt_p11-715852394892384_a135-0_428_map.h5
  source_tile = 1770
  slew_rate   = 10
  dwell_time  = 5
  output      = /home/daisy/GRB-Search-Pipeline/results/training/longlow_searching_5.36x4.5_tiling.csv

source = [78.2841, 135], n_src_events = 569, n_bkg_events = 401
Loaded 65 entries (unique=65, duplicates=0, missing=49087, out_of_bounds=0, non-finite=0)
Sum(prob) over finite entries = 0.999999
init sum: 0.999999
num pixels: 49152
tile num: 1798
total tile prob: 0.999999
tiles with prob > 0: 5
total tile prob after trim: 0.999999
num tiles after trim: 5
init_pos: 1771
*********running GCP*********
total time (wallclock): 0.0229435 seconds

$ /home/daisy/GRB-Search-Pipeline/search-planning/build/sp_train /home/daisy/GRB-Search-Pipeline/results/training/maps/longlow/adapt_p11-715852394892384_a135-0_429_map.h5 /home/daisy/GRB-Search-Pipeline/search-planning/tilings/tiling_files/5.36x4.5_tiling.csv 1770 10.0 10.0 5.0 0 /home/daisy/GRB-Search-Pipeline/results/training/longlow_searching_5.36x4.5_tiling.csv
Input Parameters:
  file        = /home/daisy/GRB-Search-Pipeline/results/training/maps/longlow/adapt_p11-715852394892384_a135-0_429_map.h5
  source_tile = 1770
  slew_rate   = 10
  dwell_time  = 5
  output      = /home/daisy/GRB-Search-Pipeline/results/training/longlow_searching_5.36x4.5_tiling.csv

source = [78.2841, 135], n_src_events = 848, n_bkg_events = 668
Loaded 46 entries (unique=46, duplicates=0, missing=49106, out_of_bounds=0, non-finite=0)
Sum(prob) over finite entries = 0.999999
init sum: 0.999999
num pixels: 49152
tile num: 1798
total tile prob: 0.999999
tiles with prob > 0: 4
total tile prob after trim: 0.999999
num tiles after trim: 4
init_pos: 1752
*********running GCP*********
total time (wallclock): 0.0226357 seconds

$ /home/daisy/GRB-Search-Pipeline/search-planning/build/sp_train /home/daisy/GRB-Search-Pipeline/results/training/maps/longlow/adapt_p11-715852394892384_a135-0_42_map.h5 /home/daisy/GRB-Search-Pipeline/search-planning/tilings/tiling_files/5.36x4.5_tiling.csv 1770 10.0 10.0 5.0 0 /home/daisy/GRB-Search-Pipeline/results/training/longlow_searching_5.36x4.5_tiling.csv
Input Parameters:
  file        = /home/daisy/GRB-Search-Pipeline/results/training/maps/longlow/adapt_p11-715852394892384_a135-0_42_map.h5
  source_tile = 1770
  slew_rate   = 10
  dwell_time  = 5
  output      = /home/daisy/GRB-Search-Pipeline/results/training/longlow_searching_5.36x4.5_tiling.csv

source = [78.2841, 135], n_src_events = 806, n_bkg_events = 1030
Loaded 78 entries (unique=78, duplicates=0, missing=49074, out_of_bounds=0, non-finite=0)
Sum(prob) over finite entries = 0.999999
init sum: 0.999999
num pixels: 49152
tile num: 1798
total tile prob: 0.999999
tiles with prob > 0: 8
total tile prob after trim: 0.999999
num tiles after trim: 8
init_pos: 1770
*********running GCP*********
total time (wallclock): 0.0220713 seconds

$ /home/daisy/GRB-Search-Pipeline/search-planning/build/sp_train /home/daisy/GRB-Search-Pipeline/results/training/maps/longlow/adapt_p11-715852394892384_a135-0_430_map.h5 /home/daisy/GRB-Search-Pipeline/search-planning/tilings/tiling_files/5.36x4.5_tiling.csv 1770 10.0 10.0 5.0 0 /home/daisy/GRB-Search-Pipeline/results/training/longlow_searching_5.36x4.5_tiling.csv
Input Parameters:
  file        = /home/daisy/GRB-Search-Pipeline/results/training/maps/longlow/adapt_p11-715852394892384_a135-0_430_map.h5
  source_tile = 1770
  slew_rate   = 10
  dwell_time  = 5
  output      = /home/daisy/GRB-Search-Pipeline/results/training/longlow_searching_5.36x4.5_tiling.csv

source = [78.2841, 135], n_src_events = 521, n_bkg_events = 1104
Loaded 113 entries (unique=113, duplicates=0, missing=49039, out_of_bounds=0, non-finite=0)
Sum(prob) over finite entries = 0.999999
init sum: 0.999999
num pixels: 49152
tile num: 1798
total tile prob: 0.999999
tiles with prob > 0: 11
total tile prob after trim: 0.999999
num tiles after trim: 11
init_pos: 1771
*********running GCP*********
total time (wallclock): 0.0227482 seconds

$ /home/daisy/GRB-Search-Pipeline/search-planning/build/sp_train /home/daisy/GRB-Search-Pipeline/results/training/maps/longlow/adapt_p11-715852394892384_a135-0_431_map.h5 /home/daisy/GRB-Search-Pipeline/search-planning/tilings/tiling_files/5.36x4.5_tiling.csv 1770 10.0 10.0 5.0 0 /home/daisy/GRB-Search-Pipeline/results/training/longlow_searching_5.36x4.5_tiling.csv
Input Parameters:
  file        = /home/daisy/GRB-Search-Pipeline/results/training/maps/longlow/adapt_p11-715852394892384_a135-0_431_map.h5
  source_tile = 1770
  slew_rate   = 10
  dwell_time  = 5
  output      = /home/daisy/GRB-Search-Pipeline/results/training/longlow_searching_5.36x4.5_tiling.csv

source = [78.2841, 135], n_src_events = 117, n_bkg_events = 254
Loaded 661 entries (unique=661, duplicates=0, missing=48491, out_of_bounds=0, non-finite=0)
Sum(prob) over finite entries = 0.999997
init sum: 0.999997
num pixels: 49152
tile num: 1798
total tile prob: 0.999997
tiles with prob > 0: 41
total tile prob after trim: 0.999997
num tiles after trim: 41
init_pos: 1725
*********running GCP*********
total time (wallclock): 0.0231713 seconds

$ /home/daisy/GRB-Search-Pipeline/search-planning/build/sp_train /home/daisy/GRB-Search-Pipeline/results/training/maps/longlow/adapt_p11-715852394892384_a135-0_432_map.h5 /home/daisy/GRB-Search-Pipeline/search-planning/tilings/tiling_files/5.36x4.5_tiling.csv 1770 10.0 10.0 5.0 0 /home/daisy/GRB-Search-Pipeline/results/training/longlow_searching_5.36x4.5_tiling.csv
Input Parameters:
  file        = /home/daisy/GRB-Search-Pipeline/results/training/maps/longlow/adapt_p11-715852394892384_a135-0_432_map.h5
  source_tile = 1770
  slew_rate   = 10
  dwell_time  = 5
  output      = /home/daisy/GRB-Search-Pipeline/results/training/longlow_searching_5.36x4.5_tiling.csv

source = [78.2841, 135], n_src_events = 141, n_bkg_events = 751
Loaded 1388 entries (unique=1388, duplicates=0, missing=47764, out_of_bounds=0, non-finite=0)
Sum(prob) over finite entries = 0.999997
init sum: 0.999997
num pixels: 49152
tile num: 1798
total tile prob: 0.999997
tiles with prob > 0: 78
total tile prob after trim: 0.999997
num tiles after trim: 78
init_pos: 1770
*********running GCP*********
total time (wallclock): 0.0233749 seconds

$ /home/daisy/GRB-Search-Pipeline/search-planning/build/sp_train /home/daisy/GRB-Search-Pipeline/results/training/maps/longlow/adapt_p11-715852394892384_a135-0_433_map.h5 /home/daisy/GRB-Search-Pipeline/search-planning/tilings/tiling_files/5.36x4.5_tiling.csv 1770 10.0 10.0 5.0 0 /home/daisy/GRB-Search-Pipeline/results/training/longlow_searching_5.36x4.5_tiling.csv
Input Parameters:
  file        = /home/daisy/GRB-Search-Pipeline/results/training/maps/longlow/adapt_p11-715852394892384_a135-0_433_map.h5
  source_tile = 1770
  slew_rate   = 10
  dwell_time  = 5
  output      = /home/daisy/GRB-Search-Pipeline/results/training/longlow_searching_5.36x4.5_tiling.csv

source = [78.2841, 135], n_src_events = 561, n_bkg_events = 317
Loaded 82 entries (unique=82, duplicates=0, missing=49070, out_of_bounds=0, non-finite=0)
Sum(prob) over finite entries = 0.999999
init sum: 0.999999
num pixels: 49152
tile num: 1798
total tile prob: 0.999999
tiles with prob > 0: 8
total tile prob after trim: 0.999999
num tiles after trim: 8
init_pos: 1770
*********running GCP*********
total time (wallclock): 0.0219752 seconds

$ /home/daisy/GRB-Search-Pipeline/search-planning/build/sp_train /home/daisy/GRB-Search-Pipeline/results/training/maps/longlow/adapt_p11-715852394892384_a135-0_434_map.h5 /home/daisy/GRB-Search-Pipeline/search-planning/tilings/tiling_files/5.36x4.5_tiling.csv 1770 10.0 10.0 5.0 0 /home/daisy/GRB-Search-Pipeline/results/training/longlow_searching_5.36x4.5_tiling.csv
Input Parameters:
  file        = /home/daisy/GRB-Search-Pipeline/results/training/maps/longlow/adapt_p11-715852394892384_a135-0_434_map.h5
  source_tile = 1770
  slew_rate   = 10
  dwell_time  = 5
  output      = /home/daisy/GRB-Search-Pipeline/results/training/longlow_searching_5.36x4.5_tiling.csv

source = [78.2841, 135], n_src_events = 491, n_bkg_events = 512
Loaded 78 entries (unique=78, duplicates=0, missing=49074, out_of_bounds=0, non-finite=0)
Sum(prob) over finite entries = 0.999999
init sum: 0.999999
num pixels: 49152
tile num: 1798
total tile prob: 0.999999
tiles with prob > 0: 7
total tile prob after trim: 0.999999
num tiles after trim: 7
init_pos: 1751
*********running GCP*********
total time (wallclock): 0.0229008 seconds

$ /home/daisy/GRB-Search-Pipeline/search-planning/build/sp_train /home/daisy/GRB-Search-Pipeline/results/training/maps/longlow/adapt_p11-715852394892384_a135-0_435_map.h5 /home/daisy/GRB-Search-Pipeline/search-planning/tilings/tiling_files/5.36x4.5_tiling.csv 1770 10.0 10.0 5.0 0 /home/daisy/GRB-Search-Pipeline/results/training/longlow_searching_5.36x4.5_tiling.csv
Input Parameters:
  file        = /home/daisy/GRB-Search-Pipeline/results/training/maps/longlow/adapt_p11-715852394892384_a135-0_435_map.h5
  source_tile = 1770
  slew_rate   = 10
  dwell_time  = 5
  output      = /home/daisy/GRB-Search-Pipeline/results/training/longlow_searching_5.36x4.5_tiling.csv

source = [78.2841, 135], n_src_events = 451, n_bkg_events = 415
Loaded 100 entries (unique=100, duplicates=0, missing=49052, out_of_bounds=0, non-finite=0)
Sum(prob) over finite entries = 0.999999
init sum: 0.999999
num pixels: 49152
tile num: 1798
total tile prob: 0.999999
tiles with prob > 0: 9
total tile prob after trim: 0.999999
num tiles after trim: 9
init_pos: 1753
*********running GCP*********
total time (wallclock): 0.0243483 seconds

$ /home/daisy/GRB-Search-Pipeline/search-planning/build/sp_train /home/daisy/GRB-Search-Pipeline/results/training/maps/longlow/adapt_p11-715852394892384_a135-0_436_map.h5 /home/daisy/GRB-Search-Pipeline/search-planning/tilings/tiling_files/5.36x4.5_tiling.csv 1770 10.0 10.0 5.0 0 /home/daisy/GRB-Search-Pipeline/results/training/longlow_searching_5.36x4.5_tiling.csv
Input Parameters:
  file        = /home/daisy/GRB-Search-Pipeline/results/training/maps/longlow/adapt_p11-715852394892384_a135-0_436_map.h5
  source_tile = 1770
  slew_rate   = 10
  dwell_time  = 5
  output      = /home/daisy/GRB-Search-Pipeline/results/training/longlow_searching_5.36x4.5_tiling.csv

source = [78.2841, 135], n_src_events = 614, n_bkg_events = 671
Loaded 70 entries (unique=70, duplicates=0, missing=49082, out_of_bounds=0, non-finite=0)
Sum(prob) over finite entries = 0.999999
init sum: 0.999999
num pixels: 49152
tile num: 1798
total tile prob: 0.999999
tiles with prob > 0: 5
total tile prob after trim: 0.999999
num tiles after trim: 5
init_pos: 1770
*********running GCP*********
total time (wallclock): 0.0219627 seconds

$ /home/daisy/GRB-Search-Pipeline/search-planning/build/sp_train /home/daisy/GRB-Search-Pipeline/results/training/maps/longlow/adapt_p11-715852394892384_a135-0_437_map.h5 /home/daisy/GRB-Search-Pipeline/search-planning/tilings/tiling_files/5.36x4.5_tiling.csv 1770 10.0 10.0 5.0 0 /home/daisy/GRB-Search-Pipeline/results/training/longlow_searching_5.36x4.5_tiling.csv
Input Parameters:
  file        = /home/daisy/GRB-Search-Pipeline/results/training/maps/longlow/adapt_p11-715852394892384_a135-0_437_map.h5
  source_tile = 1770
  slew_rate   = 10
  dwell_time  = 5
  output      = /home/daisy/GRB-Search-Pipeline/results/training/longlow_searching_5.36x4.5_tiling.csv

source = [78.2841, 135], n_src_events = 725, n_bkg_events = 769
Loaded 55 entries (unique=55, duplicates=0, missing=49097, out_of_bounds=0, non-finite=0)
Sum(prob) over finite entries = 0.999999
init sum: 0.999999
num pixels: 49152
tile num: 1798
total tile prob: 0.999999
tiles with prob > 0: 5
total tile prob after trim: 0.999999
num tiles after trim: 5
init_pos: 1771
*********running GCP*********
total time (wallclock): 0.0232507 seconds

$ /home/daisy/GRB-Search-Pipeline/search-planning/build/sp_train /home/daisy/GRB-Search-Pipeline/results/training/maps/longlow/adapt_p11-715852394892384_a135-0_438_map.h5 /home/daisy/GRB-Search-Pipeline/search-planning/tilings/tiling_files/5.36x4.5_tiling.csv 1770 10.0 10.0 5.0 0 /home/daisy/GRB-Search-Pipeline/results/training/longlow_searching_5.36x4.5_tiling.csv
Input Parameters:
  file        = /home/daisy/GRB-Search-Pipeline/results/training/maps/longlow/adapt_p11-715852394892384_a135-0_438_map.h5
  source_tile = 1770
  slew_rate   = 10
  dwell_time  = 5
  output      = /home/daisy/GRB-Search-Pipeline/results/training/longlow_searching_5.36x4.5_tiling.csv

source = [78.2841, 135], n_src_events = 745, n_bkg_events = 234
Loaded 64 entries (unique=64, duplicates=0, missing=49088, out_of_bounds=0, non-finite=0)
Sum(prob) over finite entries = 0.999999
init sum: 0.999999
num pixels: 49152
tile num: 1798
total tile prob: 0.999999
tiles with prob > 0: 8
total tile prob after trim: 0.999999
num tiles after trim: 8
init_pos: 1752
*********running GCP*********
total time (wallclock): 0.0230059 seconds

$ /home/daisy/GRB-Search-Pipeline/search-planning/build/sp_train /home/daisy/GRB-Search-Pipeline/results/training/maps/longlow/adapt_p11-715852394892384_a135-0_439_map.h5 /home/daisy/GRB-Search-Pipeline/search-planning/tilings/tiling_files/5.36x4.5_tiling.csv 1770 10.0 10.0 5.0 0 /home/daisy/GRB-Search-Pipeline/results/training/longlow_searching_5.36x4.5_tiling.csv
Input Parameters:
  file        = /home/daisy/GRB-Search-Pipeline/results/training/maps/longlow/adapt_p11-715852394892384_a135-0_439_map.h5
  source_tile = 1770
  slew_rate   = 10
  dwell_time  = 5
  output      = /home/daisy/GRB-Search-Pipeline/results/training/longlow_searching_5.36x4.5_tiling.csv

source = [78.2841, 135], n_src_events = 125, n_bkg_events = 971
Loaded 417 entries (unique=417, duplicates=0, missing=48735, out_of_bounds=0, non-finite=0)
Sum(prob) over finite entries = 0.999999
init sum: 0.999999
num pixels: 49152
tile num: 1798
total tile prob: 0.999999
tiles with prob > 0: 23
total tile prob after trim: 0.999999
num tiles after trim: 23
init_pos: 1769
*********running GCP*********
total time (wallclock): 0.0236252 seconds

$ /home/daisy/GRB-Search-Pipeline/search-planning/build/sp_train /home/daisy/GRB-Search-Pipeline/results/training/maps/longlow/adapt_p11-715852394892384_a135-0_43_map.h5 /home/daisy/GRB-Search-Pipeline/search-planning/tilings/tiling_files/5.36x4.5_tiling.csv 1770 10.0 10.0 5.0 0 /home/daisy/GRB-Search-Pipeline/results/training/longlow_searching_5.36x4.5_tiling.csv
Input Parameters:
  file        = /home/daisy/GRB-Search-Pipeline/results/training/maps/longlow/adapt_p11-715852394892384_a135-0_43_map.h5
  source_tile = 1770
  slew_rate   = 10
  dwell_time  = 5
  output      = /home/daisy/GRB-Search-Pipeline/results/training/longlow_searching_5.36x4.5_tiling.csv

source = [78.2841, 135], n_src_events = 234, n_bkg_events = 508
Loaded 204 entries (unique=204, duplicates=0, missing=48948, out_of_bounds=0, non-finite=0)
Sum(prob) over finite entries = 0.999999
init sum: 0.999999
num pixels: 49152
tile num: 1798
total tile prob: 0.999999
tiles with prob > 0: 15
total tile prob after trim: 0.999999
num tiles after trim: 15
init_pos: 1752
*********running GCP*********
total time (wallclock): 0.0268739 seconds

$ /home/daisy/GRB-Search-Pipeline/search-planning/build/sp_train /home/daisy/GRB-Search-Pipeline/results/training/maps/longlow/adapt_p11-715852394892384_a135-0_440_map.h5 /home/daisy/GRB-Search-Pipeline/search-planning/tilings/tiling_files/5.36x4.5_tiling.csv 1770 10.0 10.0 5.0 0 /home/daisy/GRB-Search-Pipeline/results/training/longlow_searching_5.36x4.5_tiling.csv
Input Parameters:
  file        = /home/daisy/GRB-Search-Pipeline/results/training/maps/longlow/adapt_p11-715852394892384_a135-0_440_map.h5
  source_tile = 1770
  slew_rate   = 10
  dwell_time  = 5
  output      = /home/daisy/GRB-Search-Pipeline/results/training/longlow_searching_5.36x4.5_tiling.csv

source = [78.2841, 135], n_src_events = 753, n_bkg_events = 908
Loaded 58 entries (unique=58, duplicates=0, missing=49094, out_of_bounds=0, non-finite=0)
Sum(prob) over finite entries = 0.999998
init sum: 0.999998
num pixels: 49152
tile num: 1798
total tile prob: 0.999998
tiles with prob > 0: 5
total tile prob after trim: 0.999998
num tiles after trim: 5
init_pos: 1753
*********running GCP*********
total time (wallclock): 0.0233312 seconds

$ /home/daisy/GRB-Search-Pipeline/search-planning/build/sp_train /home/daisy/GRB-Search-Pipeline/results/training/maps/longlow/adapt_p11-715852394892384_a135-0_441_map.h5 /home/daisy/GRB-Search-Pipeline/search-planning/tilings/tiling_files/5.36x4.5_tiling.csv 1770 10.0 10.0 5.0 0 /home/daisy/GRB-Search-Pipeline/results/training/longlow_searching_5.36x4.5_tiling.csv
Input Parameters:
  file        = /home/daisy/GRB-Search-Pipeline/results/training/maps/longlow/adapt_p11-715852394892384_a135-0_441_map.h5
  source_tile = 1770
  slew_rate   = 10
  dwell_time  = 5
  output      = /home/daisy/GRB-Search-Pipeline/results/training/longlow_searching_5.36x4.5_tiling.csv

source = [78.2841, 135], n_src_events = 222, n_bkg_events = 967
Loaded 710 entries (unique=710, duplicates=0, missing=48442, out_of_bounds=0, non-finite=0)
Sum(prob) over finite entries = 0.999998
init sum: 0.999998
num pixels: 49152
tile num: 1798
total tile prob: 0.999998
tiles with prob > 0: 40
total tile prob after trim: 0.999998
num tiles after trim: 40
init_pos: 1768
*********running GCP*********
total time (wallclock): 0.0248877 seconds

$ /home/daisy/GRB-Search-Pipeline/search-planning/build/sp_train /home/daisy/GRB-Search-Pipeline/results/training/maps/longlow/adapt_p11-715852394892384_a135-0_442_map.h5 /home/daisy/GRB-Search-Pipeline/search-planning/tilings/tiling_files/5.36x4.5_tiling.csv 1770 10.0 10.0 5.0 0 /home/daisy/GRB-Search-Pipeline/results/training/longlow_searching_5.36x4.5_tiling.csv
Input Parameters:
  file        = /home/daisy/GRB-Search-Pipeline/results/training/maps/longlow/adapt_p11-715852394892384_a135-0_442_map.h5
  source_tile = 1770
  slew_rate   = 10
  dwell_time  = 5
  output      = /home/daisy/GRB-Search-Pipeline/results/training/longlow_searching_5.36x4.5_tiling.csv

source = [78.2841, 135], n_src_events = 172, n_bkg_events = 361
Loaded 383 entries (unique=383, duplicates=0, missing=48769, out_of_bounds=0, non-finite=0)
Sum(prob) over finite entries = 0.999999
init sum: 0.999999
num pixels: 49152
tile num: 1798
total tile prob: 0.999999
tiles with prob > 0: 26
total tile prob after trim: 0.999999
num tiles after trim: 26
init_pos: 1786
*********running GCP*********
total time (wallclock): 0.02311 seconds

$ /home/daisy/GRB-Search-Pipeline/search-planning/build/sp_train /home/daisy/GRB-Search-Pipeline/results/training/maps/longlow/adapt_p11-715852394892384_a135-0_443_map.h5 /home/daisy/GRB-Search-Pipeline/search-planning/tilings/tiling_files/5.36x4.5_tiling.csv 1770 10.0 10.0 5.0 0 /home/daisy/GRB-Search-Pipeline/results/training/longlow_searching_5.36x4.5_tiling.csv
Input Parameters:
  file        = /home/daisy/GRB-Search-Pipeline/results/training/maps/longlow/adapt_p11-715852394892384_a135-0_443_map.h5
  source_tile = 1770
  slew_rate   = 10
  dwell_time  = 5
  output      = /home/daisy/GRB-Search-Pipeline/results/training/longlow_searching_5.36x4.5_tiling.csv

source = [78.2841, 135], n_src_events = 795, n_bkg_events = 1203
Loaded 52 entries (unique=52, duplicates=0, missing=49100, out_of_bounds=0, non-finite=0)
Sum(prob) over finite entries = 0.999999
init sum: 0.999999
num pixels: 49152
tile num: 1798
total tile prob: 0.999999
tiles with prob > 0: 5
total tile prob after trim: 0.999999
num tiles after trim: 5
init_pos: 1771
*********running GCP*********
total time (wallclock): 0.0230182 seconds

$ /home/daisy/GRB-Search-Pipeline/search-planning/build/sp_train /home/daisy/GRB-Search-Pipeline/results/training/maps/longlow/adapt_p11-715852394892384_a135-0_444_map.h5 /home/daisy/GRB-Search-Pipeline/search-planning/tilings/tiling_files/5.36x4.5_tiling.csv 1770 10.0 10.0 5.0 0 /home/daisy/GRB-Search-Pipeline/results/training/longlow_searching_5.36x4.5_tiling.csv
Input Parameters:
  file        = /home/daisy/GRB-Search-Pipeline/results/training/maps/longlow/adapt_p11-715852394892384_a135-0_444_map.h5
  source_tile = 1770
  slew_rate   = 10
  dwell_time  = 5
  output      = /home/daisy/GRB-Search-Pipeline/results/training/longlow_searching_5.36x4.5_tiling.csv

source = [78.2841, 135], n_src_events = 541, n_bkg_events = 510
Loaded 102 entries (unique=102, duplicates=0, missing=49050, out_of_bounds=0, non-finite=0)
Sum(prob) over finite entries = 0.999998
init sum: 0.999998
num pixels: 49152
tile num: 1798
total tile prob: 0.999998
tiles with prob > 0: 9
total tile prob after trim: 0.999998
num tiles after trim: 9
init_pos: 1770
*********running GCP*********
total time (wallclock): 0.0218714 seconds

$ /home/daisy/GRB-Search-Pipeline/search-planning/build/sp_train /home/daisy/GRB-Search-Pipeline/results/training/maps/longlow/adapt_p11-715852394892384_a135-0_445_map.h5 /home/daisy/GRB-Search-Pipeline/search-planning/tilings/tiling_files/5.36x4.5_tiling.csv 1770 10.0 10.0 5.0 0 /home/daisy/GRB-Search-Pipeline/results/training/longlow_searching_5.36x4.5_tiling.csv
Input Parameters:
  file        = /home/daisy/GRB-Search-Pipeline/results/training/maps/longlow/adapt_p11-715852394892384_a135-0_445_map.h5
  source_tile = 1770
  slew_rate   = 10
  dwell_time  = 5
  output      = /home/daisy/GRB-Search-Pipeline/results/training/longlow_searching_5.36x4.5_tiling.csv

source = [78.2841, 135], n_src_events = 503, n_bkg_events = 804
Loaded 77 entries (unique=77, duplicates=0, missing=49075, out_of_bounds=0, non-finite=0)
Sum(prob) over finite entries = 0.999999
init sum: 0.999999
num pixels: 49152
tile num: 1798
total tile prob: 0.999999
tiles with prob > 0: 6
total tile prob after trim: 0.999999
num tiles after trim: 6
init_pos: 1771
*********running GCP*********
total time (wallclock): 0.0229774 seconds

$ /home/daisy/GRB-Search-Pipeline/search-planning/build/sp_train /home/daisy/GRB-Search-Pipeline/results/training/maps/longlow/adapt_p11-715852394892384_a135-0_446_map.h5 /home/daisy/GRB-Search-Pipeline/search-planning/tilings/tiling_files/5.36x4.5_tiling.csv 1770 10.0 10.0 5.0 0 /home/daisy/GRB-Search-Pipeline/results/training/longlow_searching_5.36x4.5_tiling.csv
Input Parameters:
  file        = /home/daisy/GRB-Search-Pipeline/results/training/maps/longlow/adapt_p11-715852394892384_a135-0_446_map.h5
  source_tile = 1770
  slew_rate   = 10
  dwell_time  = 5
  output      = /home/daisy/GRB-Search-Pipeline/results/training/longlow_searching_5.36x4.5_tiling.csv

source = [78.2841, 135], n_src_events = 195, n_bkg_events = 1066
Loaded 638 entries (unique=638, duplicates=0, missing=48514, out_of_bounds=0, non-finite=0)
Sum(prob) over finite entries = 0.999997
init sum: 0.999997
num pixels: 49152
tile num: 1798
total tile prob: 0.999997
tiles with prob > 0: 41
total tile prob after trim: 0.999997
num tiles after trim: 41
init_pos: 1792
*********running GCP*********
total time (wallclock): 0.025069 seconds

$ /home/daisy/GRB-Search-Pipeline/search-planning/build/sp_train /home/daisy/GRB-Search-Pipeline/results/training/maps/longlow/adapt_p11-715852394892384_a135-0_447_map.h5 /home/daisy/GRB-Search-Pipeline/search-planning/tilings/tiling_files/5.36x4.5_tiling.csv 1770 10.0 10.0 5.0 0 /home/daisy/GRB-Search-Pipeline/results/training/longlow_searching_5.36x4.5_tiling.csv
Input Parameters:
  file        = /home/daisy/GRB-Search-Pipeline/results/training/maps/longlow/adapt_p11-715852394892384_a135-0_447_map.h5
  source_tile = 1770
  slew_rate   = 10
  dwell_time  = 5
  output      = /home/daisy/GRB-Search-Pipeline/results/training/longlow_searching_5.36x4.5_tiling.csv

source = [78.2841, 135], n_src_events = 446, n_bkg_events = 193
Loaded 106 entries (unique=106, duplicates=0, missing=49046, out_of_bounds=0, non-finite=0)
Sum(prob) over finite entries = 0.999999
init sum: 0.999999
num pixels: 49152
tile num: 1798
total tile prob: 0.999999
tiles with prob > 0: 9
total tile prob after trim: 0.999999
num tiles after trim: 9
init_pos: 1752
*********running GCP*********
total time (wallclock): 0.0223156 seconds

$ /home/daisy/GRB-Search-Pipeline/search-planning/build/sp_train /home/daisy/GRB-Search-Pipeline/results/training/maps/longlow/adapt_p11-715852394892384_a135-0_448_map.h5 /home/daisy/GRB-Search-Pipeline/search-planning/tilings/tiling_files/5.36x4.5_tiling.csv 1770 10.0 10.0 5.0 0 /home/daisy/GRB-Search-Pipeline/results/training/longlow_searching_5.36x4.5_tiling.csv
Input Parameters:
  file        = /home/daisy/GRB-Search-Pipeline/results/training/maps/longlow/adapt_p11-715852394892384_a135-0_448_map.h5
  source_tile = 1770
  slew_rate   = 10
  dwell_time  = 5
  output      = /home/daisy/GRB-Search-Pipeline/results/training/longlow_searching_5.36x4.5_tiling.csv

source = [78.2841, 135], n_src_events = 764, n_bkg_events = 222
Loaded 49 entries (unique=49, duplicates=0, missing=49103, out_of_bounds=0, non-finite=0)
Sum(prob) over finite entries = 0.999999
init sum: 0.999999
num pixels: 49152
tile num: 1798
total tile prob: 0.999999
tiles with prob > 0: 7
total tile prob after trim: 0.999999
num tiles after trim: 7
init_pos: 1785
*********running GCP*********
total time (wallclock): 0.0221719 seconds

$ /home/daisy/GRB-Search-Pipeline/search-planning/build/sp_train /home/daisy/GRB-Search-Pipeline/results/training/maps/longlow/adapt_p11-715852394892384_a135-0_449_map.h5 /home/daisy/GRB-Search-Pipeline/search-planning/tilings/tiling_files/5.36x4.5_tiling.csv 1770 10.0 10.0 5.0 0 /home/daisy/GRB-Search-Pipeline/results/training/longlow_searching_5.36x4.5_tiling.csv
Input Parameters:
  file        = /home/daisy/GRB-Search-Pipeline/results/training/maps/longlow/adapt_p11-715852394892384_a135-0_449_map.h5
  source_tile = 1770
  slew_rate   = 10
  dwell_time  = 5
  output      = /home/daisy/GRB-Search-Pipeline/results/training/longlow_searching_5.36x4.5_tiling.csv

source = [78.2841, 135], n_src_events = 480, n_bkg_events = 386
Loaded 142 entries (unique=142, duplicates=0, missing=49010, out_of_bounds=0, non-finite=0)
Sum(prob) over finite entries = 0.999999
init sum: 0.999999
num pixels: 49152
tile num: 1798
total tile prob: 0.999999
tiles with prob > 0: 11
total tile prob after trim: 0.999999
num tiles after trim: 11
init_pos: 1751
*********running GCP*********
total time (wallclock): 0.0224835 seconds

$ /home/daisy/GRB-Search-Pipeline/search-planning/build/sp_train /home/daisy/GRB-Search-Pipeline/results/training/maps/longlow/adapt_p11-715852394892384_a135-0_44_map.h5 /home/daisy/GRB-Search-Pipeline/search-planning/tilings/tiling_files/5.36x4.5_tiling.csv 1770 10.0 10.0 5.0 0 /home/daisy/GRB-Search-Pipeline/results/training/longlow_searching_5.36x4.5_tiling.csv
Input Parameters:
  file        = /home/daisy/GRB-Search-Pipeline/results/training/maps/longlow/adapt_p11-715852394892384_a135-0_44_map.h5
  source_tile = 1770
  slew_rate   = 10
  dwell_time  = 5
  output      = /home/daisy/GRB-Search-Pipeline/results/training/longlow_searching_5.36x4.5_tiling.csv

source = [78.2841, 135], n_src_events = 286, n_bkg_events = 1023
Loaded 285 entries (unique=285, duplicates=0, missing=48867, out_of_bounds=0, non-finite=0)
Sum(prob) over finite entries = 0.999999
init sum: 0.999999
num pixels: 49152
tile num: 1798
total tile prob: 0.999999
tiles with prob > 0: 17
total tile prob after trim: 0.999999
num tiles after trim: 17
init_pos: 1728
*********running GCP*********
total time (wallclock): 0.0248372 seconds

$ /home/daisy/GRB-Search-Pipeline/search-planning/build/sp_train /home/daisy/GRB-Search-Pipeline/results/training/maps/longlow/adapt_p11-715852394892384_a135-0_450_map.h5 /home/daisy/GRB-Search-Pipeline/search-planning/tilings/tiling_files/5.36x4.5_tiling.csv 1770 10.0 10.0 5.0 0 /home/daisy/GRB-Search-Pipeline/results/training/longlow_searching_5.36x4.5_tiling.csv
Input Parameters:
  file        = /home/daisy/GRB-Search-Pipeline/results/training/maps/longlow/adapt_p11-715852394892384_a135-0_450_map.h5
  source_tile = 1770
  slew_rate   = 10
  dwell_time  = 5
  output      = /home/daisy/GRB-Search-Pipeline/results/training/longlow_searching_5.36x4.5_tiling.csv

source = [78.2841, 135], n_src_events = 505, n_bkg_events = 777
Loaded 136 entries (unique=136, duplicates=0, missing=49016, out_of_bounds=0, non-finite=0)
Sum(prob) over finite entries = 0.999998
init sum: 0.999998
num pixels: 49152
tile num: 1798
total tile prob: 0.999998
tiles with prob > 0: 11
total tile prob after trim: 0.999998
num tiles after trim: 11
init_pos: 1770
*********running GCP*********
total time (wallclock): 0.0218666 seconds

$ /home/daisy/GRB-Search-Pipeline/search-planning/build/sp_train /home/daisy/GRB-Search-Pipeline/results/training/maps/longlow/adapt_p11-715852394892384_a135-0_451_map.h5 /home/daisy/GRB-Search-Pipeline/search-planning/tilings/tiling_files/5.36x4.5_tiling.csv 1770 10.0 10.0 5.0 0 /home/daisy/GRB-Search-Pipeline/results/training/longlow_searching_5.36x4.5_tiling.csv
Input Parameters:
  file        = /home/daisy/GRB-Search-Pipeline/results/training/maps/longlow/adapt_p11-715852394892384_a135-0_451_map.h5
  source_tile = 1770
  slew_rate   = 10
  dwell_time  = 5
  output      = /home/daisy/GRB-Search-Pipeline/results/training/longlow_searching_5.36x4.5_tiling.csv

source = [78.2841, 135], n_src_events = 91, n_bkg_events = 600
Loaded 478 entries (unique=478, duplicates=0, missing=48674, out_of_bounds=0, non-finite=0)
Sum(prob) over finite entries = 0.999998
init sum: 0.999998
num pixels: 49152
tile num: 1798
total tile prob: 0.999998
tiles with prob > 0: 29
total tile prob after trim: 0.999998
num tiles after trim: 29
init_pos: 1769
*********running GCP*********
total time (wallclock): 0.0245741 seconds

$ /home/daisy/GRB-Search-Pipeline/search-planning/build/sp_train /home/daisy/GRB-Search-Pipeline/results/training/maps/longlow/adapt_p11-715852394892384_a135-0_452_map.h5 /home/daisy/GRB-Search-Pipeline/search-planning/tilings/tiling_files/5.36x4.5_tiling.csv 1770 10.0 10.0 5.0 0 /home/daisy/GRB-Search-Pipeline/results/training/longlow_searching_5.36x4.5_tiling.csv
Input Parameters:
  file        = /home/daisy/GRB-Search-Pipeline/results/training/maps/longlow/adapt_p11-715852394892384_a135-0_452_map.h5
  source_tile = 1770
  slew_rate   = 10
  dwell_time  = 5
  output      = /home/daisy/GRB-Search-Pipeline/results/training/longlow_searching_5.36x4.5_tiling.csv

source = [78.2841, 135], n_src_events = 103, n_bkg_events = 1098
Loaded 516 entries (unique=516, duplicates=0, missing=48636, out_of_bounds=0, non-finite=0)
Sum(prob) over finite entries = 0.999998
init sum: 0.999998
num pixels: 49152
tile num: 1798
total tile prob: 0.999998
tiles with prob > 0: 35
total tile prob after trim: 0.999998
num tiles after trim: 35
init_pos: 1773
*********running GCP*********
total time (wallclock): 0.0237484 seconds

$ /home/daisy/GRB-Search-Pipeline/search-planning/build/sp_train /home/daisy/GRB-Search-Pipeline/results/training/maps/longlow/adapt_p11-715852394892384_a135-0_453_map.h5 /home/daisy/GRB-Search-Pipeline/search-planning/tilings/tiling_files/5.36x4.5_tiling.csv 1770 10.0 10.0 5.0 0 /home/daisy/GRB-Search-Pipeline/results/training/longlow_searching_5.36x4.5_tiling.csv
Input Parameters:
  file        = /home/daisy/GRB-Search-Pipeline/results/training/maps/longlow/adapt_p11-715852394892384_a135-0_453_map.h5
  source_tile = 1770
  slew_rate   = 10
  dwell_time  = 5
  output      = /home/daisy/GRB-Search-Pipeline/results/training/longlow_searching_5.36x4.5_tiling.csv

source = [78.2841, 135], n_src_events = 254, n_bkg_events = 223
Loaded 367 entries (unique=367, duplicates=0, missing=48785, out_of_bounds=0, non-finite=0)
Sum(prob) over finite entries = 0.999998
init sum: 0.999998
num pixels: 49152
tile num: 1798
total tile prob: 0.999998
tiles with prob > 0: 26
total tile prob after trim: 0.999998
num tiles after trim: 26
init_pos: 1728
*********running GCP*********
total time (wallclock): 0.0291884 seconds

$ /home/daisy/GRB-Search-Pipeline/search-planning/build/sp_train /home/daisy/GRB-Search-Pipeline/results/training/maps/longlow/adapt_p11-715852394892384_a135-0_454_map.h5 /home/daisy/GRB-Search-Pipeline/search-planning/tilings/tiling_files/5.36x4.5_tiling.csv 1770 10.0 10.0 5.0 0 /home/daisy/GRB-Search-Pipeline/results/training/longlow_searching_5.36x4.5_tiling.csv
Input Parameters:
  file        = /home/daisy/GRB-Search-Pipeline/results/training/maps/longlow/adapt_p11-715852394892384_a135-0_454_map.h5
  source_tile = 1770
  slew_rate   = 10
  dwell_time  = 5
  output      = /home/daisy/GRB-Search-Pipeline/results/training/longlow_searching_5.36x4.5_tiling.csv

source = [78.2841, 135], n_src_events = 174, n_bkg_events = 690
Loaded 379 entries (unique=379, duplicates=0, missing=48773, out_of_bounds=0, non-finite=0)
Sum(prob) over finite entries = 0.999998
init sum: 0.999998
num pixels: 49152
tile num: 1798
total tile prob: 0.999998
tiles with prob > 0: 23
total tile prob after trim: 0.999998
num tiles after trim: 23
init_pos: 1752
*********running GCP*********
total time (wallclock): 0.0252515 seconds

$ /home/daisy/GRB-Search-Pipeline/search-planning/build/sp_train /home/daisy/GRB-Search-Pipeline/results/training/maps/longlow/adapt_p11-715852394892384_a135-0_455_map.h5 /home/daisy/GRB-Search-Pipeline/search-planning/tilings/tiling_files/5.36x4.5_tiling.csv 1770 10.0 10.0 5.0 0 /home/daisy/GRB-Search-Pipeline/results/training/longlow_searching_5.36x4.5_tiling.csv
Input Parameters:
  file        = /home/daisy/GRB-Search-Pipeline/results/training/maps/longlow/adapt_p11-715852394892384_a135-0_455_map.h5
  source_tile = 1770
  slew_rate   = 10
  dwell_time  = 5
  output      = /home/daisy/GRB-Search-Pipeline/results/training/longlow_searching_5.36x4.5_tiling.csv

source = [78.2841, 135], n_src_events = 423, n_bkg_events = 615
Loaded 123 entries (unique=123, duplicates=0, missing=49029, out_of_bounds=0, non-finite=0)
Sum(prob) over finite entries = 0.999998
init sum: 0.999998
num pixels: 49152
tile num: 1798
total tile prob: 0.999998
tiles with prob > 0: 11
total tile prob after trim: 0.999998
num tiles after trim: 11
init_pos: 1751
*********running GCP*********
total time (wallclock): 0.0226823 seconds

$ /home/daisy/GRB-Search-Pipeline/search-planning/build/sp_train /home/daisy/GRB-Search-Pipeline/results/training/maps/longlow/adapt_p11-715852394892384_a135-0_456_map.h5 /home/daisy/GRB-Search-Pipeline/search-planning/tilings/tiling_files/5.36x4.5_tiling.csv 1770 10.0 10.0 5.0 0 /home/daisy/GRB-Search-Pipeline/results/training/longlow_searching_5.36x4.5_tiling.csv
Input Parameters:
  file        = /home/daisy/GRB-Search-Pipeline/results/training/maps/longlow/adapt_p11-715852394892384_a135-0_456_map.h5
  source_tile = 1770
  slew_rate   = 10
  dwell_time  = 5
  output      = /home/daisy/GRB-Search-Pipeline/results/training/longlow_searching_5.36x4.5_tiling.csv

source = [78.2841, 135], n_src_events = 525, n_bkg_events = 612
Loaded 130 entries (unique=130, duplicates=0, missing=49022, out_of_bounds=0, non-finite=0)
Sum(prob) over finite entries = 0.999998
init sum: 0.999998
num pixels: 49152
tile num: 1798
total tile prob: 0.999998
tiles with prob > 0: 11
total tile prob after trim: 0.999998
num tiles after trim: 11
init_pos: 1771
*********running GCP*********
total time (wallclock): 0.023153 seconds

$ /home/daisy/GRB-Search-Pipeline/search-planning/build/sp_train /home/daisy/GRB-Search-Pipeline/results/training/maps/longlow/adapt_p11-715852394892384_a135-0_457_map.h5 /home/daisy/GRB-Search-Pipeline/search-planning/tilings/tiling_files/5.36x4.5_tiling.csv 1770 10.0 10.0 5.0 0 /home/daisy/GRB-Search-Pipeline/results/training/longlow_searching_5.36x4.5_tiling.csv
Input Parameters:
  file        = /home/daisy/GRB-Search-Pipeline/results/training/maps/longlow/adapt_p11-715852394892384_a135-0_457_map.h5
  source_tile = 1770
  slew_rate   = 10
  dwell_time  = 5
  output      = /home/daisy/GRB-Search-Pipeline/results/training/longlow_searching_5.36x4.5_tiling.csv

source = [78.2841, 135], n_src_events = 181, n_bkg_events = 593
Loaded 602 entries (unique=602, duplicates=0, missing=48550, out_of_bounds=0, non-finite=0)
Sum(prob) over finite entries = 0.999998
init sum: 0.999998
num pixels: 49152
tile num: 1798
total tile prob: 0.999998
tiles with prob > 0: 33
total tile prob after trim: 0.999998
num tiles after trim: 33
init_pos: 1730
*********running GCP*********
total time (wallclock): 0.0306066 seconds

$ /home/daisy/GRB-Search-Pipeline/search-planning/build/sp_train /home/daisy/GRB-Search-Pipeline/results/training/maps/longlow/adapt_p11-715852394892384_a135-0_458_map.h5 /home/daisy/GRB-Search-Pipeline/search-planning/tilings/tiling_files/5.36x4.5_tiling.csv 1770 10.0 10.0 5.0 0 /home/daisy/GRB-Search-Pipeline/results/training/longlow_searching_5.36x4.5_tiling.csv
Input Parameters:
  file        = /home/daisy/GRB-Search-Pipeline/results/training/maps/longlow/adapt_p11-715852394892384_a135-0_458_map.h5
  source_tile = 1770
  slew_rate   = 10
  dwell_time  = 5
  output      = /home/daisy/GRB-Search-Pipeline/results/training/longlow_searching_5.36x4.5_tiling.csv

source = [78.2841, 135], n_src_events = 207, n_bkg_events = 336
Loaded 331 entries (unique=331, duplicates=0, missing=48821, out_of_bounds=0, non-finite=0)
Sum(prob) over finite entries = 0.999999
init sum: 0.999999
num pixels: 49152
tile num: 1798
total tile prob: 0.999999
tiles with prob > 0: 18
total tile prob after trim: 0.999999
num tiles after trim: 18
init_pos: 1751
*********running GCP*********
total time (wallclock): 0.0248799 seconds

$ /home/daisy/GRB-Search-Pipeline/search-planning/build/sp_train /home/daisy/GRB-Search-Pipeline/results/training/maps/longlow/adapt_p11-715852394892384_a135-0_459_map.h5 /home/daisy/GRB-Search-Pipeline/search-planning/tilings/tiling_files/5.36x4.5_tiling.csv 1770 10.0 10.0 5.0 0 /home/daisy/GRB-Search-Pipeline/results/training/longlow_searching_5.36x4.5_tiling.csv
Input Parameters:
  file        = /home/daisy/GRB-Search-Pipeline/results/training/maps/longlow/adapt_p11-715852394892384_a135-0_459_map.h5
  source_tile = 1770
  slew_rate   = 10
  dwell_time  = 5
  output      = /home/daisy/GRB-Search-Pipeline/results/training/longlow_searching_5.36x4.5_tiling.csv

source = [78.2841, 135], n_src_events = 706, n_bkg_events = 483
Loaded 60 entries (unique=60, duplicates=0, missing=49092, out_of_bounds=0, non-finite=0)
Sum(prob) over finite entries = 0.999999
init sum: 0.999999
num pixels: 49152
tile num: 1798
total tile prob: 0.999999
tiles with prob > 0: 5
total tile prob after trim: 0.999999
num tiles after trim: 5
init_pos: 1752
*********running GCP*********
total time (wallclock): 0.0223722 seconds

$ /home/daisy/GRB-Search-Pipeline/search-planning/build/sp_train /home/daisy/GRB-Search-Pipeline/results/training/maps/longlow/adapt_p11-715852394892384_a135-0_45_map.h5 /home/daisy/GRB-Search-Pipeline/search-planning/tilings/tiling_files/5.36x4.5_tiling.csv 1770 10.0 10.0 5.0 0 /home/daisy/GRB-Search-Pipeline/results/training/longlow_searching_5.36x4.5_tiling.csv
Input Parameters:
  file        = /home/daisy/GRB-Search-Pipeline/results/training/maps/longlow/adapt_p11-715852394892384_a135-0_45_map.h5
  source_tile = 1770
  slew_rate   = 10
  dwell_time  = 5
  output      = /home/daisy/GRB-Search-Pipeline/results/training/longlow_searching_5.36x4.5_tiling.csv

source = [78.2841, 135], n_src_events = 495, n_bkg_events = 443
Loaded 170 entries (unique=170, duplicates=0, missing=48982, out_of_bounds=0, non-finite=0)
Sum(prob) over finite entries = 0.999999
init sum: 0.999999
num pixels: 49152
tile num: 1798
total tile prob: 0.999999
tiles with prob > 0: 16
total tile prob after trim: 0.999999
num tiles after trim: 16
init_pos: 1794
*********running GCP*********
total time (wallclock): 0.0233966 seconds

$ /home/daisy/GRB-Search-Pipeline/search-planning/build/sp_train /home/daisy/GRB-Search-Pipeline/results/training/maps/longlow/adapt_p11-715852394892384_a135-0_460_map.h5 /home/daisy/GRB-Search-Pipeline/search-planning/tilings/tiling_files/5.36x4.5_tiling.csv 1770 10.0 10.0 5.0 0 /home/daisy/GRB-Search-Pipeline/results/training/longlow_searching_5.36x4.5_tiling.csv
Input Parameters:
  file        = /home/daisy/GRB-Search-Pipeline/results/training/maps/longlow/adapt_p11-715852394892384_a135-0_460_map.h5
  source_tile = 1770
  slew_rate   = 10
  dwell_time  = 5
  output      = /home/daisy/GRB-Search-Pipeline/results/training/longlow_searching_5.36x4.5_tiling.csv

source = [78.2841, 135], n_src_events = 400, n_bkg_events = 677
Loaded 265 entries (unique=265, duplicates=0, missing=48887, out_of_bounds=0, non-finite=0)
Sum(prob) over finite entries = 0.999998
init sum: 0.999998
num pixels: 49152
tile num: 1798
total tile prob: 0.999998
tiles with prob > 0: 19
total tile prob after trim: 0.999998
num tiles after trim: 19
init_pos: 1773
*********running GCP*********
total time (wallclock): 0.0272208 seconds

$ /home/daisy/GRB-Search-Pipeline/search-planning/build/sp_train /home/daisy/GRB-Search-Pipeline/results/training/maps/longlow/adapt_p11-715852394892384_a135-0_461_map.h5 /home/daisy/GRB-Search-Pipeline/search-planning/tilings/tiling_files/5.36x4.5_tiling.csv 1770 10.0 10.0 5.0 0 /home/daisy/GRB-Search-Pipeline/results/training/longlow_searching_5.36x4.5_tiling.csv
Input Parameters:
  file        = /home/daisy/GRB-Search-Pipeline/results/training/maps/longlow/adapt_p11-715852394892384_a135-0_461_map.h5
  source_tile = 1770
  slew_rate   = 10
  dwell_time  = 5
  output      = /home/daisy/GRB-Search-Pipeline/results/training/longlow_searching_5.36x4.5_tiling.csv

source = [78.2841, 135], n_src_events = 648, n_bkg_events = 742
Loaded 64 entries (unique=64, duplicates=0, missing=49088, out_of_bounds=0, non-finite=0)
Sum(prob) over finite entries = 0.999999
init sum: 0.999999
num pixels: 49152
tile num: 1798
total tile prob: 0.999999
tiles with prob > 0: 5
total tile prob after trim: 0.999999
num tiles after trim: 5
init_pos: 1771
*********running GCP*********
total time (wallclock): 0.0234334 seconds

$ /home/daisy/GRB-Search-Pipeline/search-planning/build/sp_train /home/daisy/GRB-Search-Pipeline/results/training/maps/longlow/adapt_p11-715852394892384_a135-0_462_map.h5 /home/daisy/GRB-Search-Pipeline/search-planning/tilings/tiling_files/5.36x4.5_tiling.csv 1770 10.0 10.0 5.0 0 /home/daisy/GRB-Search-Pipeline/results/training/longlow_searching_5.36x4.5_tiling.csv
Input Parameters:
  file        = /home/daisy/GRB-Search-Pipeline/results/training/maps/longlow/adapt_p11-715852394892384_a135-0_462_map.h5
  source_tile = 1770
  slew_rate   = 10
  dwell_time  = 5
  output      = /home/daisy/GRB-Search-Pipeline/results/training/longlow_searching_5.36x4.5_tiling.csv

source = [78.2841, 135], n_src_events = 300, n_bkg_events = 687
Loaded 243 entries (unique=243, duplicates=0, missing=48909, out_of_bounds=0, non-finite=0)
Sum(prob) over finite entries = 0.999999
init sum: 0.999999
num pixels: 49152
tile num: 1798
total tile prob: 0.999999
tiles with prob > 0: 17
total tile prob after trim: 0.999999
num tiles after trim: 17
init_pos: 1771
*********running GCP*********
total time (wallclock): 0.0251042 seconds

$ /home/daisy/GRB-Search-Pipeline/search-planning/build/sp_train /home/daisy/GRB-Search-Pipeline/results/training/maps/longlow/adapt_p11-715852394892384_a135-0_463_map.h5 /home/daisy/GRB-Search-Pipeline/search-planning/tilings/tiling_files/5.36x4.5_tiling.csv 1770 10.0 10.0 5.0 0 /home/daisy/GRB-Search-Pipeline/results/training/longlow_searching_5.36x4.5_tiling.csv
Input Parameters:
  file        = /home/daisy/GRB-Search-Pipeline/results/training/maps/longlow/adapt_p11-715852394892384_a135-0_463_map.h5
  source_tile = 1770
  slew_rate   = 10
  dwell_time  = 5
  output      = /home/daisy/GRB-Search-Pipeline/results/training/longlow_searching_5.36x4.5_tiling.csv

source = [78.2841, 135], n_src_events = 349, n_bkg_events = 812
Loaded 168 entries (unique=168, duplicates=0, missing=48984, out_of_bounds=0, non-finite=0)
Sum(prob) over finite entries = 0.999999
init sum: 0.999999
num pixels: 49152
tile num: 1798
total tile prob: 0.999999
tiles with prob > 0: 12
total tile prob after trim: 0.999999
num tiles after trim: 12
init_pos: 1770
*********running GCP*********
total time (wallclock): 0.0220965 seconds

$ /home/daisy/GRB-Search-Pipeline/search-planning/build/sp_train /home/daisy/GRB-Search-Pipeline/results/training/maps/longlow/adapt_p11-715852394892384_a135-0_464_map.h5 /home/daisy/GRB-Search-Pipeline/search-planning/tilings/tiling_files/5.36x4.5_tiling.csv 1770 10.0 10.0 5.0 0 /home/daisy/GRB-Search-Pipeline/results/training/longlow_searching_5.36x4.5_tiling.csv
Input Parameters:
  file        = /home/daisy/GRB-Search-Pipeline/results/training/maps/longlow/adapt_p11-715852394892384_a135-0_464_map.h5
  source_tile = 1770
  slew_rate   = 10
  dwell_time  = 5
  output      = /home/daisy/GRB-Search-Pipeline/results/training/longlow_searching_5.36x4.5_tiling.csv

source = [78.2841, 135], n_src_events = 501, n_bkg_events = 812
Loaded 129 entries (unique=129, duplicates=0, missing=49023, out_of_bounds=0, non-finite=0)
Sum(prob) over finite entries = 0.999999
init sum: 0.999999
num pixels: 49152
tile num: 1798
total tile prob: 0.999999
tiles with prob > 0: 11
total tile prob after trim: 0.999999
num tiles after trim: 11
init_pos: 1752
*********running GCP*********
total time (wallclock): 0.0229597 seconds

$ /home/daisy/GRB-Search-Pipeline/search-planning/build/sp_train /home/daisy/GRB-Search-Pipeline/results/training/maps/longlow/adapt_p11-715852394892384_a135-0_465_map.h5 /home/daisy/GRB-Search-Pipeline/search-planning/tilings/tiling_files/5.36x4.5_tiling.csv 1770 10.0 10.0 5.0 0 /home/daisy/GRB-Search-Pipeline/results/training/longlow_searching_5.36x4.5_tiling.csv
Input Parameters:
  file        = /home/daisy/GRB-Search-Pipeline/results/training/maps/longlow/adapt_p11-715852394892384_a135-0_465_map.h5
  source_tile = 1770
  slew_rate   = 10
  dwell_time  = 5
  output      = /home/daisy/GRB-Search-Pipeline/results/training/longlow_searching_5.36x4.5_tiling.csv

source = [78.2841, 135], n_src_events = 656, n_bkg_events = 1067
Loaded 110 entries (unique=110, duplicates=0, missing=49042, out_of_bounds=0, non-finite=0)
Sum(prob) over finite entries = 0.999998
init sum: 0.999998
num pixels: 49152
tile num: 1798
total tile prob: 0.999998
tiles with prob > 0: 9
total tile prob after trim: 0.999998
num tiles after trim: 9
init_pos: 1752
*********running GCP*********
total time (wallclock): 0.0232539 seconds

$ /home/daisy/GRB-Search-Pipeline/search-planning/build/sp_train /home/daisy/GRB-Search-Pipeline/results/training/maps/longlow/adapt_p11-715852394892384_a135-0_466_map.h5 /home/daisy/GRB-Search-Pipeline/search-planning/tilings/tiling_files/5.36x4.5_tiling.csv 1770 10.0 10.0 5.0 0 /home/daisy/GRB-Search-Pipeline/results/training/longlow_searching_5.36x4.5_tiling.csv
Input Parameters:
  file        = /home/daisy/GRB-Search-Pipeline/results/training/maps/longlow/adapt_p11-715852394892384_a135-0_466_map.h5
  source_tile = 1770
  slew_rate   = 10
  dwell_time  = 5
  output      = /home/daisy/GRB-Search-Pipeline/results/training/longlow_searching_5.36x4.5_tiling.csv

source = [78.2841, 135], n_src_events = 788, n_bkg_events = 854
Loaded 52 entries (unique=52, duplicates=0, missing=49100, out_of_bounds=0, non-finite=0)
Sum(prob) over finite entries = 0.999999
init sum: 0.999999
num pixels: 49152
tile num: 1798
total tile prob: 0.999999
tiles with prob > 0: 6
total tile prob after trim: 0.999999
num tiles after trim: 6
init_pos: 1771
*********running GCP*********
total time (wallclock): 0.0236569 seconds

$ /home/daisy/GRB-Search-Pipeline/search-planning/build/sp_train /home/daisy/GRB-Search-Pipeline/results/training/maps/longlow/adapt_p11-715852394892384_a135-0_467_map.h5 /home/daisy/GRB-Search-Pipeline/search-planning/tilings/tiling_files/5.36x4.5_tiling.csv 1770 10.0 10.0 5.0 0 /home/daisy/GRB-Search-Pipeline/results/training/longlow_searching_5.36x4.5_tiling.csv
Input Parameters:
  file        = /home/daisy/GRB-Search-Pipeline/results/training/maps/longlow/adapt_p11-715852394892384_a135-0_467_map.h5
  source_tile = 1770
  slew_rate   = 10
  dwell_time  = 5
  output      = /home/daisy/GRB-Search-Pipeline/results/training/longlow_searching_5.36x4.5_tiling.csv

source = [78.2841, 135], n_src_events = 705, n_bkg_events = 917
Loaded 69 entries (unique=69, duplicates=0, missing=49083, out_of_bounds=0, non-finite=0)
Sum(prob) over finite entries = 0.999998
init sum: 0.999998
num pixels: 49152
tile num: 1798
total tile prob: 0.999998
tiles with prob > 0: 8
total tile prob after trim: 0.999998
num tiles after trim: 8
init_pos: 1751
*********running GCP*********
total time (wallclock): 0.0232622 seconds

$ /home/daisy/GRB-Search-Pipeline/search-planning/build/sp_train /home/daisy/GRB-Search-Pipeline/results/training/maps/longlow/adapt_p11-715852394892384_a135-0_468_map.h5 /home/daisy/GRB-Search-Pipeline/search-planning/tilings/tiling_files/5.36x4.5_tiling.csv 1770 10.0 10.0 5.0 0 /home/daisy/GRB-Search-Pipeline/results/training/longlow_searching_5.36x4.5_tiling.csv
Input Parameters:
  file        = /home/daisy/GRB-Search-Pipeline/results/training/maps/longlow/adapt_p11-715852394892384_a135-0_468_map.h5
  source_tile = 1770
  slew_rate   = 10
  dwell_time  = 5
  output      = /home/daisy/GRB-Search-Pipeline/results/training/longlow_searching_5.36x4.5_tiling.csv

source = [78.2841, 135], n_src_events = 124, n_bkg_events = 265
Loaded 380 entries (unique=380, duplicates=0, missing=48772, out_of_bounds=0, non-finite=0)
Sum(prob) over finite entries = 0.999998
init sum: 0.999998
num pixels: 49152
tile num: 1798
total tile prob: 0.999998
tiles with prob > 0: 28
total tile prob after trim: 0.999998
num tiles after trim: 28
init_pos: 1787
*********running GCP*********
total time (wallclock): 0.0237262 seconds

$ /home/daisy/GRB-Search-Pipeline/search-planning/build/sp_train /home/daisy/GRB-Search-Pipeline/results/training/maps/longlow/adapt_p11-715852394892384_a135-0_469_map.h5 /home/daisy/GRB-Search-Pipeline/search-planning/tilings/tiling_files/5.36x4.5_tiling.csv 1770 10.0 10.0 5.0 0 /home/daisy/GRB-Search-Pipeline/results/training/longlow_searching_5.36x4.5_tiling.csv
Input Parameters:
  file        = /home/daisy/GRB-Search-Pipeline/results/training/maps/longlow/adapt_p11-715852394892384_a135-0_469_map.h5
  source_tile = 1770
  slew_rate   = 10
  dwell_time  = 5
  output      = /home/daisy/GRB-Search-Pipeline/results/training/longlow_searching_5.36x4.5_tiling.csv

source = [78.2841, 135], n_src_events = 684, n_bkg_events = 1022
Loaded 75 entries (unique=75, duplicates=0, missing=49077, out_of_bounds=0, non-finite=0)
Sum(prob) over finite entries = 0.999999
init sum: 0.999999
num pixels: 49152
tile num: 1798
total tile prob: 0.999999
tiles with prob > 0: 7
total tile prob after trim: 0.999999
num tiles after trim: 7
init_pos: 1770
*********running GCP*********
total time (wallclock): 0.0218969 seconds

$ /home/daisy/GRB-Search-Pipeline/search-planning/build/sp_train /home/daisy/GRB-Search-Pipeline/results/training/maps/longlow/adapt_p11-715852394892384_a135-0_46_map.h5 /home/daisy/GRB-Search-Pipeline/search-planning/tilings/tiling_files/5.36x4.5_tiling.csv 1770 10.0 10.0 5.0 0 /home/daisy/GRB-Search-Pipeline/results/training/longlow_searching_5.36x4.5_tiling.csv
Input Parameters:
  file        = /home/daisy/GRB-Search-Pipeline/results/training/maps/longlow/adapt_p11-715852394892384_a135-0_46_map.h5
  source_tile = 1770
  slew_rate   = 10
  dwell_time  = 5
  output      = /home/daisy/GRB-Search-Pipeline/results/training/longlow_searching_5.36x4.5_tiling.csv

source = [78.2841, 135], n_src_events = 453, n_bkg_events = 1037
Loaded 190 entries (unique=190, duplicates=0, missing=48962, out_of_bounds=0, non-finite=0)
Sum(prob) over finite entries = 0.999998
init sum: 0.999998
num pixels: 49152
tile num: 1798
total tile prob: 0.999998
tiles with prob > 0: 15
total tile prob after trim: 0.999998
num tiles after trim: 15
init_pos: 1771
*********running GCP*********
total time (wallclock): 0.0267235 seconds

$ /home/daisy/GRB-Search-Pipeline/search-planning/build/sp_train /home/daisy/GRB-Search-Pipeline/results/training/maps/longlow/adapt_p11-715852394892384_a135-0_470_map.h5 /home/daisy/GRB-Search-Pipeline/search-planning/tilings/tiling_files/5.36x4.5_tiling.csv 1770 10.0 10.0 5.0 0 /home/daisy/GRB-Search-Pipeline/results/training/longlow_searching_5.36x4.5_tiling.csv
Input Parameters:
  file        = /home/daisy/GRB-Search-Pipeline/results/training/maps/longlow/adapt_p11-715852394892384_a135-0_470_map.h5
  source_tile = 1770
  slew_rate   = 10
  dwell_time  = 5
  output      = /home/daisy/GRB-Search-Pipeline/results/training/longlow_searching_5.36x4.5_tiling.csv

source = [78.2841, 135], n_src_events = 744, n_bkg_events = 208
Loaded 46 entries (unique=46, duplicates=0, missing=49106, out_of_bounds=0, non-finite=0)
Sum(prob) over finite entries = 0.999999
init sum: 0.999999
num pixels: 49152
tile num: 1798
total tile prob: 0.999999
tiles with prob > 0: 5
total tile prob after trim: 0.999999
num tiles after trim: 5
init_pos: 1771
*********running GCP*********
total time (wallclock): 0.0222688 seconds

$ /home/daisy/GRB-Search-Pipeline/search-planning/build/sp_train /home/daisy/GRB-Search-Pipeline/results/training/maps/longlow/adapt_p11-715852394892384_a135-0_471_map.h5 /home/daisy/GRB-Search-Pipeline/search-planning/tilings/tiling_files/5.36x4.5_tiling.csv 1770 10.0 10.0 5.0 0 /home/daisy/GRB-Search-Pipeline/results/training/longlow_searching_5.36x4.5_tiling.csv
Input Parameters:
  file        = /home/daisy/GRB-Search-Pipeline/results/training/maps/longlow/adapt_p11-715852394892384_a135-0_471_map.h5
  source_tile = 1770
  slew_rate   = 10
  dwell_time  = 5
  output      = /home/daisy/GRB-Search-Pipeline/results/training/longlow_searching_5.36x4.5_tiling.csv

source = [78.2841, 135], n_src_events = 439, n_bkg_events = 286
Loaded 90 entries (unique=90, duplicates=0, missing=49062, out_of_bounds=0, non-finite=0)
Sum(prob) over finite entries = 0.999999
init sum: 0.999999
num pixels: 49152
tile num: 1798
total tile prob: 0.999999
tiles with prob > 0: 7
total tile prob after trim: 0.999999
num tiles after trim: 7
init_pos: 1753
*********running GCP*********
total time (wallclock): 0.023514 seconds

$ /home/daisy/GRB-Search-Pipeline/search-planning/build/sp_train /home/daisy/GRB-Search-Pipeline/results/training/maps/longlow/adapt_p11-715852394892384_a135-0_472_map.h5 /home/daisy/GRB-Search-Pipeline/search-planning/tilings/tiling_files/5.36x4.5_tiling.csv 1770 10.0 10.0 5.0 0 /home/daisy/GRB-Search-Pipeline/results/training/longlow_searching_5.36x4.5_tiling.csv
Input Parameters:
  file        = /home/daisy/GRB-Search-Pipeline/results/training/maps/longlow/adapt_p11-715852394892384_a135-0_472_map.h5
  source_tile = 1770
  slew_rate   = 10
  dwell_time  = 5
  output      = /home/daisy/GRB-Search-Pipeline/results/training/longlow_searching_5.36x4.5_tiling.csv

source = [78.2841, 135], n_src_events = 511, n_bkg_events = 738
Loaded 105 entries (unique=105, duplicates=0, missing=49047, out_of_bounds=0, non-finite=0)
Sum(prob) over finite entries = 0.999999
init sum: 0.999999
num pixels: 49152
tile num: 1798
total tile prob: 0.999999
tiles with prob > 0: 8
total tile prob after trim: 0.999999
num tiles after trim: 8
init_pos: 1770
*********running GCP*********
total time (wallclock): 0.021971 seconds

$ /home/daisy/GRB-Search-Pipeline/search-planning/build/sp_train /home/daisy/GRB-Search-Pipeline/results/training/maps/longlow/adapt_p11-715852394892384_a135-0_473_map.h5 /home/daisy/GRB-Search-Pipeline/search-planning/tilings/tiling_files/5.36x4.5_tiling.csv 1770 10.0 10.0 5.0 0 /home/daisy/GRB-Search-Pipeline/results/training/longlow_searching_5.36x4.5_tiling.csv
Input Parameters:
  file        = /home/daisy/GRB-Search-Pipeline/results/training/maps/longlow/adapt_p11-715852394892384_a135-0_473_map.h5
  source_tile = 1770
  slew_rate   = 10
  dwell_time  = 5
  output      = /home/daisy/GRB-Search-Pipeline/results/training/longlow_searching_5.36x4.5_tiling.csv

source = [78.2841, 135], n_src_events = 613, n_bkg_events = 537
Loaded 83 entries (unique=83, duplicates=0, missing=49069, out_of_bounds=0, non-finite=0)
Sum(prob) over finite entries = 0.999999
init sum: 0.999999
num pixels: 49152
tile num: 1798
total tile prob: 0.999999
tiles with prob > 0: 7
total tile prob after trim: 0.999999
num tiles after trim: 7
init_pos: 1728
*********running GCP*********
total time (wallclock): 0.0243894 seconds

$ /home/daisy/GRB-Search-Pipeline/search-planning/build/sp_train /home/daisy/GRB-Search-Pipeline/results/training/maps/longlow/adapt_p11-715852394892384_a135-0_474_map.h5 /home/daisy/GRB-Search-Pipeline/search-planning/tilings/tiling_files/5.36x4.5_tiling.csv 1770 10.0 10.0 5.0 0 /home/daisy/GRB-Search-Pipeline/results/training/longlow_searching_5.36x4.5_tiling.csv
Input Parameters:
  file        = /home/daisy/GRB-Search-Pipeline/results/training/maps/longlow/adapt_p11-715852394892384_a135-0_474_map.h5
  source_tile = 1770
  slew_rate   = 10
  dwell_time  = 5
  output      = /home/daisy/GRB-Search-Pipeline/results/training/longlow_searching_5.36x4.5_tiling.csv

source = [78.2841, 135], n_src_events = 729, n_bkg_events = 296
Loaded 54 entries (unique=54, duplicates=0, missing=49098, out_of_bounds=0, non-finite=0)
Sum(prob) over finite entries = 0.999998
init sum: 0.999998
num pixels: 49152
tile num: 1798
total tile prob: 0.999998
tiles with prob > 0: 7
total tile prob after trim: 0.999998
num tiles after trim: 7
init_pos: 1771
*********running GCP*********
total time (wallclock): 0.0228797 seconds

$ /home/daisy/GRB-Search-Pipeline/search-planning/build/sp_train /home/daisy/GRB-Search-Pipeline/results/training/maps/longlow/adapt_p11-715852394892384_a135-0_475_map.h5 /home/daisy/GRB-Search-Pipeline/search-planning/tilings/tiling_files/5.36x4.5_tiling.csv 1770 10.0 10.0 5.0 0 /home/daisy/GRB-Search-Pipeline/results/training/longlow_searching_5.36x4.5_tiling.csv
Input Parameters:
  file        = /home/daisy/GRB-Search-Pipeline/results/training/maps/longlow/adapt_p11-715852394892384_a135-0_475_map.h5
  source_tile = 1770
  slew_rate   = 10
  dwell_time  = 5
  output      = /home/daisy/GRB-Search-Pipeline/results/training/longlow_searching_5.36x4.5_tiling.csv

source = [78.2841, 135], n_src_events = 194, n_bkg_events = 966
Loaded 349 entries (unique=349, duplicates=0, missing=48803, out_of_bounds=0, non-finite=0)
Sum(prob) over finite entries = 0.999998
init sum: 0.999998
num pixels: 49152
tile num: 1798
total tile prob: 0.999998
tiles with prob > 0: 21
total tile prob after trim: 0.999998
num tiles after trim: 21
init_pos: 1726
*********running GCP*********
total time (wallclock): 0.0249089 seconds

$ /home/daisy/GRB-Search-Pipeline/search-planning/build/sp_train /home/daisy/GRB-Search-Pipeline/results/training/maps/longlow/adapt_p11-715852394892384_a135-0_476_map.h5 /home/daisy/GRB-Search-Pipeline/search-planning/tilings/tiling_files/5.36x4.5_tiling.csv 1770 10.0 10.0 5.0 0 /home/daisy/GRB-Search-Pipeline/results/training/longlow_searching_5.36x4.5_tiling.csv
Input Parameters:
  file        = /home/daisy/GRB-Search-Pipeline/results/training/maps/longlow/adapt_p11-715852394892384_a135-0_476_map.h5
  source_tile = 1770
  slew_rate   = 10
  dwell_time  = 5
  output      = /home/daisy/GRB-Search-Pipeline/results/training/longlow_searching_5.36x4.5_tiling.csv

source = [78.2841, 135], n_src_events = 103, n_bkg_events = 777
Loaded 1128 entries (unique=1128, duplicates=0, missing=48024, out_of_bounds=0, non-finite=0)
Sum(prob) over finite entries = 0.999994
init sum: 0.999994
num pixels: 49152
tile num: 1798
total tile prob: 0.999994
tiles with prob > 0: 61
total tile prob after trim: 0.999994
num tiles after trim: 61
init_pos: 1774
*********running GCP*********
total time (wallclock): 0.0253 seconds

$ /home/daisy/GRB-Search-Pipeline/search-planning/build/sp_train /home/daisy/GRB-Search-Pipeline/results/training/maps/longlow/adapt_p11-715852394892384_a135-0_477_map.h5 /home/daisy/GRB-Search-Pipeline/search-planning/tilings/tiling_files/5.36x4.5_tiling.csv 1770 10.0 10.0 5.0 0 /home/daisy/GRB-Search-Pipeline/results/training/longlow_searching_5.36x4.5_tiling.csv
Input Parameters:
  file        = /home/daisy/GRB-Search-Pipeline/results/training/maps/longlow/adapt_p11-715852394892384_a135-0_477_map.h5
  source_tile = 1770
  slew_rate   = 10
  dwell_time  = 5
  output      = /home/daisy/GRB-Search-Pipeline/results/training/longlow_searching_5.36x4.5_tiling.csv

source = [78.2841, 135], n_src_events = 158, n_bkg_events = 1119
Loaded 983 entries (unique=983, duplicates=0, missing=48169, out_of_bounds=0, non-finite=0)
Sum(prob) over finite entries = 0.999995
init sum: 0.999995
num pixels: 49152
tile num: 1798
total tile prob: 0.999995
tiles with prob > 0: 54
total tile prob after trim: 0.999995
num tiles after trim: 54
init_pos: 1659
*********running GCP*********
total time (wallclock): 0.0414214 seconds

$ /home/daisy/GRB-Search-Pipeline/search-planning/build/sp_train /home/daisy/GRB-Search-Pipeline/results/training/maps/longlow/adapt_p11-715852394892384_a135-0_478_map.h5 /home/daisy/GRB-Search-Pipeline/search-planning/tilings/tiling_files/5.36x4.5_tiling.csv 1770 10.0 10.0 5.0 0 /home/daisy/GRB-Search-Pipeline/results/training/longlow_searching_5.36x4.5_tiling.csv
Input Parameters:
  file        = /home/daisy/GRB-Search-Pipeline/results/training/maps/longlow/adapt_p11-715852394892384_a135-0_478_map.h5
  source_tile = 1770
  slew_rate   = 10
  dwell_time  = 5
  output      = /home/daisy/GRB-Search-Pipeline/results/training/longlow_searching_5.36x4.5_tiling.csv

source = [78.2841, 135], n_src_events = 673, n_bkg_events = 307
Loaded 53 entries (unique=53, duplicates=0, missing=49099, out_of_bounds=0, non-finite=0)
Sum(prob) over finite entries = 0.999998
init sum: 0.999998
num pixels: 49152
tile num: 1798
total tile prob: 0.999998
tiles with prob > 0: 5
total tile prob after trim: 0.999998
num tiles after trim: 5
init_pos: 1751
*********running GCP*********
total time (wallclock): 0.0229754 seconds

$ /home/daisy/GRB-Search-Pipeline/search-planning/build/sp_train /home/daisy/GRB-Search-Pipeline/results/training/maps/longlow/adapt_p11-715852394892384_a135-0_479_map.h5 /home/daisy/GRB-Search-Pipeline/search-planning/tilings/tiling_files/5.36x4.5_tiling.csv 1770 10.0 10.0 5.0 0 /home/daisy/GRB-Search-Pipeline/results/training/longlow_searching_5.36x4.5_tiling.csv
Input Parameters:
  file        = /home/daisy/GRB-Search-Pipeline/results/training/maps/longlow/adapt_p11-715852394892384_a135-0_479_map.h5
  source_tile = 1770
  slew_rate   = 10
  dwell_time  = 5
  output      = /home/daisy/GRB-Search-Pipeline/results/training/longlow_searching_5.36x4.5_tiling.csv

source = [78.2841, 135], n_src_events = 658, n_bkg_events = 1091
Loaded 101 entries (unique=101, duplicates=0, missing=49051, out_of_bounds=0, non-finite=0)
Sum(prob) over finite entries = 0.999999
init sum: 0.999999
num pixels: 49152
tile num: 1798
total tile prob: 0.999999
tiles with prob > 0: 10
total tile prob after trim: 0.999999
num tiles after trim: 10
init_pos: 1751
*********running GCP*********
total time (wallclock): 0.0225955 seconds

$ /home/daisy/GRB-Search-Pipeline/search-planning/build/sp_train /home/daisy/GRB-Search-Pipeline/results/training/maps/longlow/adapt_p11-715852394892384_a135-0_47_map.h5 /home/daisy/GRB-Search-Pipeline/search-planning/tilings/tiling_files/5.36x4.5_tiling.csv 1770 10.0 10.0 5.0 0 /home/daisy/GRB-Search-Pipeline/results/training/longlow_searching_5.36x4.5_tiling.csv
Input Parameters:
  file        = /home/daisy/GRB-Search-Pipeline/results/training/maps/longlow/adapt_p11-715852394892384_a135-0_47_map.h5
  source_tile = 1770
  slew_rate   = 10
  dwell_time  = 5
  output      = /home/daisy/GRB-Search-Pipeline/results/training/longlow_searching_5.36x4.5_tiling.csv

source = [78.2841, 135], n_src_events = 388, n_bkg_events = 501
Loaded 181 entries (unique=181, duplicates=0, missing=48971, out_of_bounds=0, non-finite=0)
Sum(prob) over finite entries = 0.999999
init sum: 0.999999
num pixels: 49152
tile num: 1798
total tile prob: 0.999999
tiles with prob > 0: 14
total tile prob after trim: 0.999999
num tiles after trim: 14
init_pos: 1769
*********running GCP*********
total time (wallclock): 0.0224537 seconds

$ /home/daisy/GRB-Search-Pipeline/search-planning/build/sp_train /home/daisy/GRB-Search-Pipeline/results/training/maps/longlow/adapt_p11-715852394892384_a135-0_480_map.h5 /home/daisy/GRB-Search-Pipeline/search-planning/tilings/tiling_files/5.36x4.5_tiling.csv 1770 10.0 10.0 5.0 0 /home/daisy/GRB-Search-Pipeline/results/training/longlow_searching_5.36x4.5_tiling.csv
Input Parameters:
  file        = /home/daisy/GRB-Search-Pipeline/results/training/maps/longlow/adapt_p11-715852394892384_a135-0_480_map.h5
  source_tile = 1770
  slew_rate   = 10
  dwell_time  = 5
  output      = /home/daisy/GRB-Search-Pipeline/results/training/longlow_searching_5.36x4.5_tiling.csv

source = [78.2841, 135], n_src_events = 465, n_bkg_events = 1098
Loaded 127 entries (unique=127, duplicates=0, missing=49025, out_of_bounds=0, non-finite=0)
Sum(prob) over finite entries = 0.999999
init sum: 0.999999
num pixels: 49152
tile num: 1798
total tile prob: 0.999999
tiles with prob > 0: 10
total tile prob after trim: 0.999999
num tiles after trim: 10
init_pos: 1751
*********running GCP*********
total time (wallclock): 0.0249138 seconds

$ /home/daisy/GRB-Search-Pipeline/search-planning/build/sp_train /home/daisy/GRB-Search-Pipeline/results/training/maps/longlow/adapt_p11-715852394892384_a135-0_481_map.h5 /home/daisy/GRB-Search-Pipeline/search-planning/tilings/tiling_files/5.36x4.5_tiling.csv 1770 10.0 10.0 5.0 0 /home/daisy/GRB-Search-Pipeline/results/training/longlow_searching_5.36x4.5_tiling.csv
Input Parameters:
  file        = /home/daisy/GRB-Search-Pipeline/results/training/maps/longlow/adapt_p11-715852394892384_a135-0_481_map.h5
  source_tile = 1770
  slew_rate   = 10
  dwell_time  = 5
  output      = /home/daisy/GRB-Search-Pipeline/results/training/longlow_searching_5.36x4.5_tiling.csv

source = [78.2841, 135], n_src_events = 393, n_bkg_events = 842
Loaded 202 entries (unique=202, duplicates=0, missing=48950, out_of_bounds=0, non-finite=0)
Sum(prob) over finite entries = 0.999998
init sum: 0.999998
num pixels: 49152
tile num: 1798
total tile prob: 0.999998
tiles with prob > 0: 16
total tile prob after trim: 0.999998
num tiles after trim: 16
init_pos: 1785
*********running GCP*********
total time (wallclock): 0.0227129 seconds

$ /home/daisy/GRB-Search-Pipeline/search-planning/build/sp_train /home/daisy/GRB-Search-Pipeline/results/training/maps/longlow/adapt_p11-715852394892384_a135-0_482_map.h5 /home/daisy/GRB-Search-Pipeline/search-planning/tilings/tiling_files/5.36x4.5_tiling.csv 1770 10.0 10.0 5.0 0 /home/daisy/GRB-Search-Pipeline/results/training/longlow_searching_5.36x4.5_tiling.csv
Input Parameters:
  file        = /home/daisy/GRB-Search-Pipeline/results/training/maps/longlow/adapt_p11-715852394892384_a135-0_482_map.h5
  source_tile = 1770
  slew_rate   = 10
  dwell_time  = 5
  output      = /home/daisy/GRB-Search-Pipeline/results/training/longlow_searching_5.36x4.5_tiling.csv

source = [78.2841, 135], n_src_events = 269, n_bkg_events = 798
Loaded 353 entries (unique=353, duplicates=0, missing=48799, out_of_bounds=0, non-finite=0)
Sum(prob) over finite entries = 0.999999
init sum: 0.999999
num pixels: 49152
tile num: 1798
total tile prob: 0.999999
tiles with prob > 0: 21
total tile prob after trim: 0.999999
num tiles after trim: 21
init_pos: 1726
*********running GCP*********
total time (wallclock): 0.0254437 seconds

$ /home/daisy/GRB-Search-Pipeline/search-planning/build/sp_train /home/daisy/GRB-Search-Pipeline/results/training/maps/longlow/adapt_p11-715852394892384_a135-0_483_map.h5 /home/daisy/GRB-Search-Pipeline/search-planning/tilings/tiling_files/5.36x4.5_tiling.csv 1770 10.0 10.0 5.0 0 /home/daisy/GRB-Search-Pipeline/results/training/longlow_searching_5.36x4.5_tiling.csv
Input Parameters:
  file        = /home/daisy/GRB-Search-Pipeline/results/training/maps/longlow/adapt_p11-715852394892384_a135-0_483_map.h5
  source_tile = 1770
  slew_rate   = 10
  dwell_time  = 5
  output      = /home/daisy/GRB-Search-Pipeline/results/training/longlow_searching_5.36x4.5_tiling.csv

source = [78.2841, 135], n_src_events = 507, n_bkg_events = 335
Loaded 71 entries (unique=71, duplicates=0, missing=49081, out_of_bounds=0, non-finite=0)
Sum(prob) over finite entries = 0.999998
init sum: 0.999998
num pixels: 49152
tile num: 1798
total tile prob: 0.999998
tiles with prob > 0: 7
total tile prob after trim: 0.999998
num tiles after trim: 7
init_pos: 1771
*********running GCP*********
total time (wallclock): 0.0230056 seconds

$ /home/daisy/GRB-Search-Pipeline/search-planning/build/sp_train /home/daisy/GRB-Search-Pipeline/results/training/maps/longlow/adapt_p11-715852394892384_a135-0_484_map.h5 /home/daisy/GRB-Search-Pipeline/search-planning/tilings/tiling_files/5.36x4.5_tiling.csv 1770 10.0 10.0 5.0 0 /home/daisy/GRB-Search-Pipeline/results/training/longlow_searching_5.36x4.5_tiling.csv
Input Parameters:
  file        = /home/daisy/GRB-Search-Pipeline/results/training/maps/longlow/adapt_p11-715852394892384_a135-0_484_map.h5
  source_tile = 1770
  slew_rate   = 10
  dwell_time  = 5
  output      = /home/daisy/GRB-Search-Pipeline/results/training/longlow_searching_5.36x4.5_tiling.csv

source = [78.2841, 135], n_src_events = 338, n_bkg_events = 874
Loaded 231 entries (unique=231, duplicates=0, missing=48921, out_of_bounds=0, non-finite=0)
Sum(prob) over finite entries = 0.999999
init sum: 0.999999
num pixels: 49152
tile num: 1798
total tile prob: 0.999999
tiles with prob > 0: 15
total tile prob after trim: 0.999999
num tiles after trim: 15
init_pos: 1751
*********running GCP*********
total time (wallclock): 0.0249199 seconds

$ /home/daisy/GRB-Search-Pipeline/search-planning/build/sp_train /home/daisy/GRB-Search-Pipeline/results/training/maps/longlow/adapt_p11-715852394892384_a135-0_485_map.h5 /home/daisy/GRB-Search-Pipeline/search-planning/tilings/tiling_files/5.36x4.5_tiling.csv 1770 10.0 10.0 5.0 0 /home/daisy/GRB-Search-Pipeline/results/training/longlow_searching_5.36x4.5_tiling.csv
Input Parameters:
  file        = /home/daisy/GRB-Search-Pipeline/results/training/maps/longlow/adapt_p11-715852394892384_a135-0_485_map.h5
  source_tile = 1770
  slew_rate   = 10
  dwell_time  = 5
  output      = /home/daisy/GRB-Search-Pipeline/results/training/longlow_searching_5.36x4.5_tiling.csv

source = [78.2841, 135], n_src_events = 137, n_bkg_events = 1043
Loaded 595 entries (unique=595, duplicates=0, missing=48557, out_of_bounds=0, non-finite=0)
Sum(prob) over finite entries = 0.999998
init sum: 0.999998
num pixels: 49152
tile num: 1798
total tile prob: 0.999998
tiles with prob > 0: 38
total tile prob after trim: 0.999998
num tiles after trim: 38
init_pos: 1727
*********running GCP*********
total time (wallclock): 0.0253585 seconds

$ /home/daisy/GRB-Search-Pipeline/search-planning/build/sp_train /home/daisy/GRB-Search-Pipeline/results/training/maps/longlow/adapt_p11-715852394892384_a135-0_486_map.h5 /home/daisy/GRB-Search-Pipeline/search-planning/tilings/tiling_files/5.36x4.5_tiling.csv 1770 10.0 10.0 5.0 0 /home/daisy/GRB-Search-Pipeline/results/training/longlow_searching_5.36x4.5_tiling.csv
Input Parameters:
  file        = /home/daisy/GRB-Search-Pipeline/results/training/maps/longlow/adapt_p11-715852394892384_a135-0_486_map.h5
  source_tile = 1770
  slew_rate   = 10
  dwell_time  = 5
  output      = /home/daisy/GRB-Search-Pipeline/results/training/longlow_searching_5.36x4.5_tiling.csv

source = [78.2841, 135], n_src_events = 161, n_bkg_events = 622
Loaded 249 entries (unique=249, duplicates=0, missing=48903, out_of_bounds=0, non-finite=0)
Sum(prob) over finite entries = 0.999998
init sum: 0.999998
num pixels: 49152
tile num: 1798
total tile prob: 0.999998
tiles with prob > 0: 17
total tile prob after trim: 0.999998
num tiles after trim: 17
init_pos: 1699
*********running GCP*********
total time (wallclock): 0.026957 seconds

$ /home/daisy/GRB-Search-Pipeline/search-planning/build/sp_train /home/daisy/GRB-Search-Pipeline/results/training/maps/longlow/adapt_p11-715852394892384_a135-0_487_map.h5 /home/daisy/GRB-Search-Pipeline/search-planning/tilings/tiling_files/5.36x4.5_tiling.csv 1770 10.0 10.0 5.0 0 /home/daisy/GRB-Search-Pipeline/results/training/longlow_searching_5.36x4.5_tiling.csv
Input Parameters:
  file        = /home/daisy/GRB-Search-Pipeline/results/training/maps/longlow/adapt_p11-715852394892384_a135-0_487_map.h5
  source_tile = 1770
  slew_rate   = 10
  dwell_time  = 5
  output      = /home/daisy/GRB-Search-Pipeline/results/training/longlow_searching_5.36x4.5_tiling.csv

source = [78.2841, 135], n_src_events = 672, n_bkg_events = 612
Loaded 63 entries (unique=63, duplicates=0, missing=49089, out_of_bounds=0, non-finite=0)
Sum(prob) over finite entries = 0.999998
init sum: 0.999998
num pixels: 49152
tile num: 1798
total tile prob: 0.999998
tiles with prob > 0: 5
total tile prob after trim: 0.999998
num tiles after trim: 5
init_pos: 1771
*********running GCP*********
total time (wallclock): 0.0232634 seconds

$ /home/daisy/GRB-Search-Pipeline/search-planning/build/sp_train /home/daisy/GRB-Search-Pipeline/results/training/maps/longlow/adapt_p11-715852394892384_a135-0_488_map.h5 /home/daisy/GRB-Search-Pipeline/search-planning/tilings/tiling_files/5.36x4.5_tiling.csv 1770 10.0 10.0 5.0 0 /home/daisy/GRB-Search-Pipeline/results/training/longlow_searching_5.36x4.5_tiling.csv
Input Parameters:
  file        = /home/daisy/GRB-Search-Pipeline/results/training/maps/longlow/adapt_p11-715852394892384_a135-0_488_map.h5
  source_tile = 1770
  slew_rate   = 10
  dwell_time  = 5
  output      = /home/daisy/GRB-Search-Pipeline/results/training/longlow_searching_5.36x4.5_tiling.csv

source = [78.2841, 135], n_src_events = 612, n_bkg_events = 573
Loaded 91 entries (unique=91, duplicates=0, missing=49061, out_of_bounds=0, non-finite=0)
Sum(prob) over finite entries = 0.999999
init sum: 0.999999
num pixels: 49152
tile num: 1798
total tile prob: 0.999999
tiles with prob > 0: 9
total tile prob after trim: 0.999999
num tiles after trim: 9
init_pos: 1771
*********running GCP*********
total time (wallclock): 0.0228185 seconds

$ /home/daisy/GRB-Search-Pipeline/search-planning/build/sp_train /home/daisy/GRB-Search-Pipeline/results/training/maps/longlow/adapt_p11-715852394892384_a135-0_489_map.h5 /home/daisy/GRB-Search-Pipeline/search-planning/tilings/tiling_files/5.36x4.5_tiling.csv 1770 10.0 10.0 5.0 0 /home/daisy/GRB-Search-Pipeline/results/training/longlow_searching_5.36x4.5_tiling.csv
Input Parameters:
  file        = /home/daisy/GRB-Search-Pipeline/results/training/maps/longlow/adapt_p11-715852394892384_a135-0_489_map.h5
  source_tile = 1770
  slew_rate   = 10
  dwell_time  = 5
  output      = /home/daisy/GRB-Search-Pipeline/results/training/longlow_searching_5.36x4.5_tiling.csv

source = [78.2841, 135], n_src_events = 520, n_bkg_events = 386
Loaded 108 entries (unique=108, duplicates=0, missing=49044, out_of_bounds=0, non-finite=0)
Sum(prob) over finite entries = 0.999999
init sum: 0.999999
num pixels: 49152
tile num: 1798
total tile prob: 0.999999
tiles with prob > 0: 9
total tile prob after trim: 0.999999
num tiles after trim: 9
init_pos: 1751
*********running GCP*********
total time (wallclock): 0.024236 seconds

$ /home/daisy/GRB-Search-Pipeline/search-planning/build/sp_train /home/daisy/GRB-Search-Pipeline/results/training/maps/longlow/adapt_p11-715852394892384_a135-0_48_map.h5 /home/daisy/GRB-Search-Pipeline/search-planning/tilings/tiling_files/5.36x4.5_tiling.csv 1770 10.0 10.0 5.0 0 /home/daisy/GRB-Search-Pipeline/results/training/longlow_searching_5.36x4.5_tiling.csv
Input Parameters:
  file        = /home/daisy/GRB-Search-Pipeline/results/training/maps/longlow/adapt_p11-715852394892384_a135-0_48_map.h5
  source_tile = 1770
  slew_rate   = 10
  dwell_time  = 5
  output      = /home/daisy/GRB-Search-Pipeline/results/training/longlow_searching_5.36x4.5_tiling.csv

source = [78.2841, 135], n_src_events = 661, n_bkg_events = 936
Loaded 106 entries (unique=106, duplicates=0, missing=49046, out_of_bounds=0, non-finite=0)
Sum(prob) over finite entries = 0.999999
init sum: 0.999999
num pixels: 49152
tile num: 1798
total tile prob: 0.999999
tiles with prob > 0: 10
total tile prob after trim: 0.999999
num tiles after trim: 10
init_pos: 1772
*********running GCP*********
total time (wallclock): 0.0249047 seconds

$ /home/daisy/GRB-Search-Pipeline/search-planning/build/sp_train /home/daisy/GRB-Search-Pipeline/results/training/maps/longlow/adapt_p11-715852394892384_a135-0_490_map.h5 /home/daisy/GRB-Search-Pipeline/search-planning/tilings/tiling_files/5.36x4.5_tiling.csv 1770 10.0 10.0 5.0 0 /home/daisy/GRB-Search-Pipeline/results/training/longlow_searching_5.36x4.5_tiling.csv
Input Parameters:
  file        = /home/daisy/GRB-Search-Pipeline/results/training/maps/longlow/adapt_p11-715852394892384_a135-0_490_map.h5
  source_tile = 1770
  slew_rate   = 10
  dwell_time  = 5
  output      = /home/daisy/GRB-Search-Pipeline/results/training/longlow_searching_5.36x4.5_tiling.csv

source = [78.2841, 135], n_src_events = 813, n_bkg_events = 484
Loaded 45 entries (unique=45, duplicates=0, missing=49107, out_of_bounds=0, non-finite=0)
Sum(prob) over finite entries = 0.999999
init sum: 0.999999
num pixels: 49152
tile num: 1798
total tile prob: 0.999999
tiles with prob > 0: 5
total tile prob after trim: 0.999999
num tiles after trim: 5
init_pos: 1771
*********running GCP*********
total time (wallclock): 0.022936 seconds

$ /home/daisy/GRB-Search-Pipeline/search-planning/build/sp_train /home/daisy/GRB-Search-Pipeline/results/training/maps/longlow/adapt_p11-715852394892384_a135-0_491_map.h5 /home/daisy/GRB-Search-Pipeline/search-planning/tilings/tiling_files/5.36x4.5_tiling.csv 1770 10.0 10.0 5.0 0 /home/daisy/GRB-Search-Pipeline/results/training/longlow_searching_5.36x4.5_tiling.csv
Input Parameters:
  file        = /home/daisy/GRB-Search-Pipeline/results/training/maps/longlow/adapt_p11-715852394892384_a135-0_491_map.h5
  source_tile = 1770
  slew_rate   = 10
  dwell_time  = 5
  output      = /home/daisy/GRB-Search-Pipeline/results/training/longlow_searching_5.36x4.5_tiling.csv

source = [78.2841, 135], n_src_events = 489, n_bkg_events = 1063
Loaded 146 entries (unique=146, duplicates=0, missing=49006, out_of_bounds=0, non-finite=0)
Sum(prob) over finite entries = 0.999997
init sum: 0.999997
num pixels: 49152
tile num: 1798
total tile prob: 0.999997
tiles with prob > 0: 12
total tile prob after trim: 0.999997
num tiles after trim: 12
init_pos: 1728
*********running GCP*********
total time (wallclock): 0.0244322 seconds

$ /home/daisy/GRB-Search-Pipeline/search-planning/build/sp_train /home/daisy/GRB-Search-Pipeline/results/training/maps/longlow/adapt_p11-715852394892384_a135-0_492_map.h5 /home/daisy/GRB-Search-Pipeline/search-planning/tilings/tiling_files/5.36x4.5_tiling.csv 1770 10.0 10.0 5.0 0 /home/daisy/GRB-Search-Pipeline/results/training/longlow_searching_5.36x4.5_tiling.csv
Input Parameters:
  file        = /home/daisy/GRB-Search-Pipeline/results/training/maps/longlow/adapt_p11-715852394892384_a135-0_492_map.h5
  source_tile = 1770
  slew_rate   = 10
  dwell_time  = 5
  output      = /home/daisy/GRB-Search-Pipeline/results/training/longlow_searching_5.36x4.5_tiling.csv

source = [78.2841, 135], n_src_events = 643, n_bkg_events = 585
Loaded 73 entries (unique=73, duplicates=0, missing=49079, out_of_bounds=0, non-finite=0)
Sum(prob) over finite entries = 0.999999
init sum: 0.999999
num pixels: 49152
tile num: 1798
total tile prob: 0.999999
tiles with prob > 0: 7
total tile prob after trim: 0.999999
num tiles after trim: 7
init_pos: 1770
*********running GCP*********
total time (wallclock): 0.0221009 seconds

$ /home/daisy/GRB-Search-Pipeline/search-planning/build/sp_train /home/daisy/GRB-Search-Pipeline/results/training/maps/longlow/adapt_p11-715852394892384_a135-0_493_map.h5 /home/daisy/GRB-Search-Pipeline/search-planning/tilings/tiling_files/5.36x4.5_tiling.csv 1770 10.0 10.0 5.0 0 /home/daisy/GRB-Search-Pipeline/results/training/longlow_searching_5.36x4.5_tiling.csv
Input Parameters:
  file        = /home/daisy/GRB-Search-Pipeline/results/training/maps/longlow/adapt_p11-715852394892384_a135-0_493_map.h5
  source_tile = 1770
  slew_rate   = 10
  dwell_time  = 5
  output      = /home/daisy/GRB-Search-Pipeline/results/training/longlow_searching_5.36x4.5_tiling.csv

source = [78.2841, 135], n_src_events = 162, n_bkg_events = 415
Loaded 674 entries (unique=674, duplicates=0, missing=48478, out_of_bounds=0, non-finite=0)
Sum(prob) over finite entries = 0.999999
init sum: 0.999999
num pixels: 49152
tile num: 1798
total tile prob: 0.999999
tiles with prob > 0: 41
total tile prob after trim: 0.999999
num tiles after trim: 41
init_pos: 1784
*********running GCP*********
total time (wallclock): 0.0233184 seconds

$ /home/daisy/GRB-Search-Pipeline/search-planning/build/sp_train /home/daisy/GRB-Search-Pipeline/results/training/maps/longlow/adapt_p11-715852394892384_a135-0_494_map.h5 /home/daisy/GRB-Search-Pipeline/search-planning/tilings/tiling_files/5.36x4.5_tiling.csv 1770 10.0 10.0 5.0 0 /home/daisy/GRB-Search-Pipeline/results/training/longlow_searching_5.36x4.5_tiling.csv
Input Parameters:
  file        = /home/daisy/GRB-Search-Pipeline/results/training/maps/longlow/adapt_p11-715852394892384_a135-0_494_map.h5
  source_tile = 1770
  slew_rate   = 10
  dwell_time  = 5
  output      = /home/daisy/GRB-Search-Pipeline/results/training/longlow_searching_5.36x4.5_tiling.csv

source = [78.2841, 135], n_src_events = 219, n_bkg_events = 501
Loaded 353 entries (unique=353, duplicates=0, missing=48799, out_of_bounds=0, non-finite=0)
Sum(prob) over finite entries = 0.999998
init sum: 0.999998
num pixels: 49152
tile num: 1798
total tile prob: 0.999998
tiles with prob > 0: 24
total tile prob after trim: 0.999998
num tiles after trim: 24
init_pos: 1770
*********running GCP*********
total time (wallclock): 0.0220554 seconds

$ /home/daisy/GRB-Search-Pipeline/search-planning/build/sp_train /home/daisy/GRB-Search-Pipeline/results/training/maps/longlow/adapt_p11-715852394892384_a135-0_495_map.h5 /home/daisy/GRB-Search-Pipeline/search-planning/tilings/tiling_files/5.36x4.5_tiling.csv 1770 10.0 10.0 5.0 0 /home/daisy/GRB-Search-Pipeline/results/training/longlow_searching_5.36x4.5_tiling.csv
Input Parameters:
  file        = /home/daisy/GRB-Search-Pipeline/results/training/maps/longlow/adapt_p11-715852394892384_a135-0_495_map.h5
  source_tile = 1770
  slew_rate   = 10
  dwell_time  = 5
  output      = /home/daisy/GRB-Search-Pipeline/results/training/longlow_searching_5.36x4.5_tiling.csv

source = [78.2841, 135], n_src_events = 325, n_bkg_events = 755
Loaded 226 entries (unique=226, duplicates=0, missing=48926, out_of_bounds=0, non-finite=0)
Sum(prob) over finite entries = 0.999998
init sum: 0.999998
num pixels: 49152
tile num: 1798
total tile prob: 0.999998
tiles with prob > 0: 16
total tile prob after trim: 0.999998
num tiles after trim: 16
init_pos: 1729
*********running GCP*********
total time (wallclock): 0.0246591 seconds

$ /home/daisy/GRB-Search-Pipeline/search-planning/build/sp_train /home/daisy/GRB-Search-Pipeline/results/training/maps/longlow/adapt_p11-715852394892384_a135-0_496_map.h5 /home/daisy/GRB-Search-Pipeline/search-planning/tilings/tiling_files/5.36x4.5_tiling.csv 1770 10.0 10.0 5.0 0 /home/daisy/GRB-Search-Pipeline/results/training/longlow_searching_5.36x4.5_tiling.csv
Input Parameters:
  file        = /home/daisy/GRB-Search-Pipeline/results/training/maps/longlow/adapt_p11-715852394892384_a135-0_496_map.h5
  source_tile = 1770
  slew_rate   = 10
  dwell_time  = 5
  output      = /home/daisy/GRB-Search-Pipeline/results/training/longlow_searching_5.36x4.5_tiling.csv

source = [78.2841, 135], n_src_events = 432, n_bkg_events = 951
Loaded 121 entries (unique=121, duplicates=0, missing=49031, out_of_bounds=0, non-finite=0)
Sum(prob) over finite entries = 0.999999
init sum: 0.999999
num pixels: 49152
tile num: 1798
total tile prob: 0.999999
tiles with prob > 0: 10
total tile prob after trim: 0.999999
num tiles after trim: 10
init_pos: 1752
*********running GCP*********
total time (wallclock): 0.0227283 seconds

$ /home/daisy/GRB-Search-Pipeline/search-planning/build/sp_train /home/daisy/GRB-Search-Pipeline/results/training/maps/longlow/adapt_p11-715852394892384_a135-0_497_map.h5 /home/daisy/GRB-Search-Pipeline/search-planning/tilings/tiling_files/5.36x4.5_tiling.csv 1770 10.0 10.0 5.0 0 /home/daisy/GRB-Search-Pipeline/results/training/longlow_searching_5.36x4.5_tiling.csv
Input Parameters:
  file        = /home/daisy/GRB-Search-Pipeline/results/training/maps/longlow/adapt_p11-715852394892384_a135-0_497_map.h5
  source_tile = 1770
  slew_rate   = 10
  dwell_time  = 5
  output      = /home/daisy/GRB-Search-Pipeline/results/training/longlow_searching_5.36x4.5_tiling.csv

source = [78.2841, 135], n_src_events = 913, n_bkg_events = 321
Loaded 45 entries (unique=45, duplicates=0, missing=49107, out_of_bounds=0, non-finite=0)
Sum(prob) over finite entries = 0.999998
init sum: 0.999998
num pixels: 49152
tile num: 1798
total tile prob: 0.999998
tiles with prob > 0: 5
total tile prob after trim: 0.999998
num tiles after trim: 5
init_pos: 1752
*********running GCP*********
total time (wallclock): 0.0229961 seconds

$ /home/daisy/GRB-Search-Pipeline/search-planning/build/sp_train /home/daisy/GRB-Search-Pipeline/results/training/maps/longlow/adapt_p11-715852394892384_a135-0_498_map.h5 /home/daisy/GRB-Search-Pipeline/search-planning/tilings/tiling_files/5.36x4.5_tiling.csv 1770 10.0 10.0 5.0 0 /home/daisy/GRB-Search-Pipeline/results/training/longlow_searching_5.36x4.5_tiling.csv
Input Parameters:
  file        = /home/daisy/GRB-Search-Pipeline/results/training/maps/longlow/adapt_p11-715852394892384_a135-0_498_map.h5
  source_tile = 1770
  slew_rate   = 10
  dwell_time  = 5
  output      = /home/daisy/GRB-Search-Pipeline/results/training/longlow_searching_5.36x4.5_tiling.csv

source = [78.2841, 135], n_src_events = 332, n_bkg_events = 400
Loaded 190 entries (unique=190, duplicates=0, missing=48962, out_of_bounds=0, non-finite=0)
Sum(prob) over finite entries = 0.999998
init sum: 0.999998
num pixels: 49152
tile num: 1798
total tile prob: 0.999998
tiles with prob > 0: 15
total tile prob after trim: 0.999998
num tiles after trim: 15
init_pos: 1770
*********running GCP*********
total time (wallclock): 0.0220157 seconds

$ /home/daisy/GRB-Search-Pipeline/search-planning/build/sp_train /home/daisy/GRB-Search-Pipeline/results/training/maps/longlow/adapt_p11-715852394892384_a135-0_499_map.h5 /home/daisy/GRB-Search-Pipeline/search-planning/tilings/tiling_files/5.36x4.5_tiling.csv 1770 10.0 10.0 5.0 0 /home/daisy/GRB-Search-Pipeline/results/training/longlow_searching_5.36x4.5_tiling.csv
Input Parameters:
  file        = /home/daisy/GRB-Search-Pipeline/results/training/maps/longlow/adapt_p11-715852394892384_a135-0_499_map.h5
  source_tile = 1770
  slew_rate   = 10
  dwell_time  = 5
  output      = /home/daisy/GRB-Search-Pipeline/results/training/longlow_searching_5.36x4.5_tiling.csv

source = [78.2841, 135], n_src_events = 512, n_bkg_events = 795
Loaded 109 entries (unique=109, duplicates=0, missing=49043, out_of_bounds=0, non-finite=0)
Sum(prob) over finite entries = 0.999998
init sum: 0.999998
num pixels: 49152
tile num: 1798
total tile prob: 0.999998
tiles with prob > 0: 11
total tile prob after trim: 0.999998
num tiles after trim: 11
init_pos: 1771
*********running GCP*********
total time (wallclock): 0.0239557 seconds

$ /home/daisy/GRB-Search-Pipeline/search-planning/build/sp_train /home/daisy/GRB-Search-Pipeline/results/training/maps/longlow/adapt_p11-715852394892384_a135-0_49_map.h5 /home/daisy/GRB-Search-Pipeline/search-planning/tilings/tiling_files/5.36x4.5_tiling.csv 1770 10.0 10.0 5.0 0 /home/daisy/GRB-Search-Pipeline/results/training/longlow_searching_5.36x4.5_tiling.csv
Input Parameters:
  file        = /home/daisy/GRB-Search-Pipeline/results/training/maps/longlow/adapt_p11-715852394892384_a135-0_49_map.h5
  source_tile = 1770
  slew_rate   = 10
  dwell_time  = 5
  output      = /home/daisy/GRB-Search-Pipeline/results/training/longlow_searching_5.36x4.5_tiling.csv

source = [78.2841, 135], n_src_events = 551, n_bkg_events = 870
Loaded 122 entries (unique=122, duplicates=0, missing=49030, out_of_bounds=0, non-finite=0)
Sum(prob) over finite entries = 0.999998
init sum: 0.999998
num pixels: 49152
tile num: 1798
total tile prob: 0.999998
tiles with prob > 0: 13
total tile prob after trim: 0.999998
num tiles after trim: 13
init_pos: 1769
*********running GCP*********
total time (wallclock): 0.0234996 seconds

$ /home/daisy/GRB-Search-Pipeline/search-planning/build/sp_train /home/daisy/GRB-Search-Pipeline/results/training/maps/longlow/adapt_p11-715852394892384_a135-0_4_map.h5 /home/daisy/GRB-Search-Pipeline/search-planning/tilings/tiling_files/5.36x4.5_tiling.csv 1770 10.0 10.0 5.0 0 /home/daisy/GRB-Search-Pipeline/results/training/longlow_searching_5.36x4.5_tiling.csv
Input Parameters:
  file        = /home/daisy/GRB-Search-Pipeline/results/training/maps/longlow/adapt_p11-715852394892384_a135-0_4_map.h5
  source_tile = 1770
  slew_rate   = 10
  dwell_time  = 5
  output      = /home/daisy/GRB-Search-Pipeline/results/training/longlow_searching_5.36x4.5_tiling.csv

source = [78.2841, 135], n_src_events = 682, n_bkg_events = 386
Loaded 60 entries (unique=60, duplicates=0, missing=49092, out_of_bounds=0, non-finite=0)
Sum(prob) over finite entries = 0.999999
init sum: 0.999999
num pixels: 49152
tile num: 1798
total tile prob: 0.999999
tiles with prob > 0: 6
total tile prob after trim: 0.999999
num tiles after trim: 6
init_pos: 1752
*********running GCP*********
total time (wallclock): 0.0238096 seconds

$ /home/daisy/GRB-Search-Pipeline/search-planning/build/sp_train /home/daisy/GRB-Search-Pipeline/results/training/maps/longlow/adapt_p11-715852394892384_a135-0_500_map.h5 /home/daisy/GRB-Search-Pipeline/search-planning/tilings/tiling_files/5.36x4.5_tiling.csv 1770 10.0 10.0 5.0 0 /home/daisy/GRB-Search-Pipeline/results/training/longlow_searching_5.36x4.5_tiling.csv
Input Parameters:
  file        = /home/daisy/GRB-Search-Pipeline/results/training/maps/longlow/adapt_p11-715852394892384_a135-0_500_map.h5
  source_tile = 1770
  slew_rate   = 10
  dwell_time  = 5
  output      = /home/daisy/GRB-Search-Pipeline/results/training/longlow_searching_5.36x4.5_tiling.csv

source = [78.2841, 135], n_src_events = 393, n_bkg_events = 484
Loaded 146 entries (unique=146, duplicates=0, missing=49006, out_of_bounds=0, non-finite=0)
Sum(prob) over finite entries = 0.999998
init sum: 0.999998
num pixels: 49152
tile num: 1798
total tile prob: 0.999998
tiles with prob > 0: 14
total tile prob after trim: 0.999998
num tiles after trim: 14
init_pos: 1753
*********running GCP*********
total time (wallclock): 0.022712 seconds

$ /home/daisy/GRB-Search-Pipeline/search-planning/build/sp_train /home/daisy/GRB-Search-Pipeline/results/training/maps/longlow/adapt_p11-715852394892384_a135-0_501_map.h5 /home/daisy/GRB-Search-Pipeline/search-planning/tilings/tiling_files/5.36x4.5_tiling.csv 1770 10.0 10.0 5.0 0 /home/daisy/GRB-Search-Pipeline/results/training/longlow_searching_5.36x4.5_tiling.csv
Input Parameters:
  file        = /home/daisy/GRB-Search-Pipeline/results/training/maps/longlow/adapt_p11-715852394892384_a135-0_501_map.h5
  source_tile = 1770
  slew_rate   = 10
  dwell_time  = 5
  output      = /home/daisy/GRB-Search-Pipeline/results/training/longlow_searching_5.36x4.5_tiling.csv

source = [78.2841, 135], n_src_events = 172, n_bkg_events = 208
Loaded 503 entries (unique=503, duplicates=0, missing=48649, out_of_bounds=0, non-finite=0)
Sum(prob) over finite entries = 0.999998
init sum: 0.999998
num pixels: 49152
tile num: 1798
total tile prob: 0.999998
tiles with prob > 0: 30
total tile prob after trim: 0.999998
num tiles after trim: 30
init_pos: 1755
*********running GCP*********
total time (wallclock): 0.0253001 seconds

$ /home/daisy/GRB-Search-Pipeline/search-planning/build/sp_train /home/daisy/GRB-Search-Pipeline/results/training/maps/longlow/adapt_p11-715852394892384_a135-0_502_map.h5 /home/daisy/GRB-Search-Pipeline/search-planning/tilings/tiling_files/5.36x4.5_tiling.csv 1770 10.0 10.0 5.0 0 /home/daisy/GRB-Search-Pipeline/results/training/longlow_searching_5.36x4.5_tiling.csv
Input Parameters:
  file        = /home/daisy/GRB-Search-Pipeline/results/training/maps/longlow/adapt_p11-715852394892384_a135-0_502_map.h5
  source_tile = 1770
  slew_rate   = 10
  dwell_time  = 5
  output      = /home/daisy/GRB-Search-Pipeline/results/training/longlow_searching_5.36x4.5_tiling.csv

source = [78.2841, 135], n_src_events = 649, n_bkg_events = 795
Loaded 77 entries (unique=77, duplicates=0, missing=49075, out_of_bounds=0, non-finite=0)
Sum(prob) over finite entries = 0.999999
init sum: 0.999999
num pixels: 49152
tile num: 1798
total tile prob: 0.999999
tiles with prob > 0: 8
total tile prob after trim: 0.999999
num tiles after trim: 8
init_pos: 1752
*********running GCP*********
total time (wallclock): 0.0222523 seconds

$ /home/daisy/GRB-Search-Pipeline/search-planning/build/sp_train /home/daisy/GRB-Search-Pipeline/results/training/maps/longlow/adapt_p11-715852394892384_a135-0_503_map.h5 /home/daisy/GRB-Search-Pipeline/search-planning/tilings/tiling_files/5.36x4.5_tiling.csv 1770 10.0 10.0 5.0 0 /home/daisy/GRB-Search-Pipeline/results/training/longlow_searching_5.36x4.5_tiling.csv
Input Parameters:
  file        = /home/daisy/GRB-Search-Pipeline/results/training/maps/longlow/adapt_p11-715852394892384_a135-0_503_map.h5
  source_tile = 1770
  slew_rate   = 10
  dwell_time  = 5
  output      = /home/daisy/GRB-Search-Pipeline/results/training/longlow_searching_5.36x4.5_tiling.csv

source = [78.2841, 135], n_src_events = 738, n_bkg_events = 972
Loaded 59 entries (unique=59, duplicates=0, missing=49093, out_of_bounds=0, non-finite=0)
Sum(prob) over finite entries = 0.999999
init sum: 0.999999
num pixels: 49152
tile num: 1798
total tile prob: 0.999999
tiles with prob > 0: 5
total tile prob after trim: 0.999999
num tiles after trim: 5
init_pos: 1771
*********running GCP*********
total time (wallclock): 0.0233727 seconds

$ /home/daisy/GRB-Search-Pipeline/search-planning/build/sp_train /home/daisy/GRB-Search-Pipeline/results/training/maps/longlow/adapt_p11-715852394892384_a135-0_504_map.h5 /home/daisy/GRB-Search-Pipeline/search-planning/tilings/tiling_files/5.36x4.5_tiling.csv 1770 10.0 10.0 5.0 0 /home/daisy/GRB-Search-Pipeline/results/training/longlow_searching_5.36x4.5_tiling.csv
Input Parameters:
  file        = /home/daisy/GRB-Search-Pipeline/results/training/maps/longlow/adapt_p11-715852394892384_a135-0_504_map.h5
  source_tile = 1770
  slew_rate   = 10
  dwell_time  = 5
  output      = /home/daisy/GRB-Search-Pipeline/results/training/longlow_searching_5.36x4.5_tiling.csv

source = [78.2841, 135], n_src_events = 715, n_bkg_events = 948
Loaded 60 entries (unique=60, duplicates=0, missing=49092, out_of_bounds=0, non-finite=0)
Sum(prob) over finite entries = 0.999999
init sum: 0.999999
num pixels: 49152
tile num: 1798
total tile prob: 0.999999
tiles with prob > 0: 6
total tile prob after trim: 0.999999
num tiles after trim: 6
init_pos: 1753
*********running GCP*********
total time (wallclock): 0.0233455 seconds

$ /home/daisy/GRB-Search-Pipeline/search-planning/build/sp_train /home/daisy/GRB-Search-Pipeline/results/training/maps/longlow/adapt_p11-715852394892384_a135-0_505_map.h5 /home/daisy/GRB-Search-Pipeline/search-planning/tilings/tiling_files/5.36x4.5_tiling.csv 1770 10.0 10.0 5.0 0 /home/daisy/GRB-Search-Pipeline/results/training/longlow_searching_5.36x4.5_tiling.csv
Input Parameters:
  file        = /home/daisy/GRB-Search-Pipeline/results/training/maps/longlow/adapt_p11-715852394892384_a135-0_505_map.h5
  source_tile = 1770
  slew_rate   = 10
  dwell_time  = 5
  output      = /home/daisy/GRB-Search-Pipeline/results/training/longlow_searching_5.36x4.5_tiling.csv

source = [78.2841, 135], n_src_events = 559, n_bkg_events = 556
Loaded 72 entries (unique=72, duplicates=0, missing=49080, out_of_bounds=0, non-finite=0)
Sum(prob) over finite entries = 0.999999
init sum: 0.999999
num pixels: 49152
tile num: 1798
total tile prob: 0.999999
tiles with prob > 0: 8
total tile prob after trim: 0.999999
num tiles after trim: 8
init_pos: 1728
*********running GCP*********
total time (wallclock): 0.0237494 seconds

$ /home/daisy/GRB-Search-Pipeline/search-planning/build/sp_train /home/daisy/GRB-Search-Pipeline/results/training/maps/longlow/adapt_p11-715852394892384_a135-0_506_map.h5 /home/daisy/GRB-Search-Pipeline/search-planning/tilings/tiling_files/5.36x4.5_tiling.csv 1770 10.0 10.0 5.0 0 /home/daisy/GRB-Search-Pipeline/results/training/longlow_searching_5.36x4.5_tiling.csv
Input Parameters:
  file        = /home/daisy/GRB-Search-Pipeline/results/training/maps/longlow/adapt_p11-715852394892384_a135-0_506_map.h5
  source_tile = 1770
  slew_rate   = 10
  dwell_time  = 5
  output      = /home/daisy/GRB-Search-Pipeline/results/training/longlow_searching_5.36x4.5_tiling.csv

source = [78.2841, 135], n_src_events = 396, n_bkg_events = 466
Loaded 203 entries (unique=203, duplicates=0, missing=48949, out_of_bounds=0, non-finite=0)
Sum(prob) over finite entries = 0.999998
init sum: 0.999998
num pixels: 49152
tile num: 1798
total tile prob: 0.999998
tiles with prob > 0: 16
total tile prob after trim: 0.999998
num tiles after trim: 16
init_pos: 1784
*********running GCP*********
total time (wallclock): 0.0224899 seconds

$ /home/daisy/GRB-Search-Pipeline/search-planning/build/sp_train /home/daisy/GRB-Search-Pipeline/results/training/maps/longlow/adapt_p11-715852394892384_a135-0_507_map.h5 /home/daisy/GRB-Search-Pipeline/search-planning/tilings/tiling_files/5.36x4.5_tiling.csv 1770 10.0 10.0 5.0 0 /home/daisy/GRB-Search-Pipeline/results/training/longlow_searching_5.36x4.5_tiling.csv
Input Parameters:
  file        = /home/daisy/GRB-Search-Pipeline/results/training/maps/longlow/adapt_p11-715852394892384_a135-0_507_map.h5
  source_tile = 1770
  slew_rate   = 10
  dwell_time  = 5
  output      = /home/daisy/GRB-Search-Pipeline/results/training/longlow_searching_5.36x4.5_tiling.csv

source = [78.2841, 135], n_src_events = 135, n_bkg_events = 268
Loaded 630 entries (unique=630, duplicates=0, missing=48522, out_of_bounds=0, non-finite=0)
Sum(prob) over finite entries = 0.999999
init sum: 0.999999
num pixels: 49152
tile num: 1798
total tile prob: 0.999999
tiles with prob > 0: 39
total tile prob after trim: 0.999999
num tiles after trim: 39
init_pos: 1754
*********running GCP*********
total time (wallclock): 0.0230524 seconds

$ /home/daisy/GRB-Search-Pipeline/search-planning/build/sp_train /home/daisy/GRB-Search-Pipeline/results/training/maps/longlow/adapt_p11-715852394892384_a135-0_508_map.h5 /home/daisy/GRB-Search-Pipeline/search-planning/tilings/tiling_files/5.36x4.5_tiling.csv 1770 10.0 10.0 5.0 0 /home/daisy/GRB-Search-Pipeline/results/training/longlow_searching_5.36x4.5_tiling.csv
Input Parameters:
  file        = /home/daisy/GRB-Search-Pipeline/results/training/maps/longlow/adapt_p11-715852394892384_a135-0_508_map.h5
  source_tile = 1770
  slew_rate   = 10
  dwell_time  = 5
  output      = /home/daisy/GRB-Search-Pipeline/results/training/longlow_searching_5.36x4.5_tiling.csv

source = [78.2841, 135], n_src_events = 457, n_bkg_events = 940
Loaded 237 entries (unique=237, duplicates=0, missing=48915, out_of_bounds=0, non-finite=0)
Sum(prob) over finite entries = 0.999999
init sum: 0.999999
num pixels: 49152
tile num: 1798
total tile prob: 0.999999
tiles with prob > 0: 17
total tile prob after trim: 0.999999
num tiles after trim: 17
init_pos: 1770
*********running GCP*********
total time (wallclock): 0.0221159 seconds

$ /home/daisy/GRB-Search-Pipeline/search-planning/build/sp_train /home/daisy/GRB-Search-Pipeline/results/training/maps/longlow/adapt_p11-715852394892384_a135-0_509_map.h5 /home/daisy/GRB-Search-Pipeline/search-planning/tilings/tiling_files/5.36x4.5_tiling.csv 1770 10.0 10.0 5.0 0 /home/daisy/GRB-Search-Pipeline/results/training/longlow_searching_5.36x4.5_tiling.csv
Input Parameters:
  file        = /home/daisy/GRB-Search-Pipeline/results/training/maps/longlow/adapt_p11-715852394892384_a135-0_509_map.h5
  source_tile = 1770
  slew_rate   = 10
  dwell_time  = 5
  output      = /home/daisy/GRB-Search-Pipeline/results/training/longlow_searching_5.36x4.5_tiling.csv

source = [78.2841, 135], n_src_events = 691, n_bkg_events = 528
Loaded 59 entries (unique=59, duplicates=0, missing=49093, out_of_bounds=0, non-finite=0)
Sum(prob) over finite entries = 0.999999
init sum: 0.999999
num pixels: 49152
tile num: 1798
total tile prob: 0.999999
tiles with prob > 0: 5
total tile prob after trim: 0.999999
num tiles after trim: 5
init_pos: 1752
*********running GCP*********
total time (wallclock): 0.023056 seconds

$ /home/daisy/GRB-Search-Pipeline/search-planning/build/sp_train /home/daisy/GRB-Search-Pipeline/results/training/maps/longlow/adapt_p11-715852394892384_a135-0_50_map.h5 /home/daisy/GRB-Search-Pipeline/search-planning/tilings/tiling_files/5.36x4.5_tiling.csv 1770 10.0 10.0 5.0 0 /home/daisy/GRB-Search-Pipeline/results/training/longlow_searching_5.36x4.5_tiling.csv
Input Parameters:
  file        = /home/daisy/GRB-Search-Pipeline/results/training/maps/longlow/adapt_p11-715852394892384_a135-0_50_map.h5
  source_tile = 1770
  slew_rate   = 10
  dwell_time  = 5
  output      = /home/daisy/GRB-Search-Pipeline/results/training/longlow_searching_5.36x4.5_tiling.csv

source = [78.2841, 135], n_src_events = 688, n_bkg_events = 468
Loaded 102 entries (unique=102, duplicates=0, missing=49050, out_of_bounds=0, non-finite=0)
Sum(prob) over finite entries = 0.999999
init sum: 0.999999
num pixels: 49152
tile num: 1798
total tile prob: 0.999999
tiles with prob > 0: 10
total tile prob after trim: 0.999999
num tiles after trim: 10
init_pos: 1727
*********running GCP*********
total time (wallclock): 0.023871 seconds

$ /home/daisy/GRB-Search-Pipeline/search-planning/build/sp_train /home/daisy/GRB-Search-Pipeline/results/training/maps/longlow/adapt_p11-715852394892384_a135-0_510_map.h5 /home/daisy/GRB-Search-Pipeline/search-planning/tilings/tiling_files/5.36x4.5_tiling.csv 1770 10.0 10.0 5.0 0 /home/daisy/GRB-Search-Pipeline/results/training/longlow_searching_5.36x4.5_tiling.csv
Input Parameters:
  file        = /home/daisy/GRB-Search-Pipeline/results/training/maps/longlow/adapt_p11-715852394892384_a135-0_510_map.h5
  source_tile = 1770
  slew_rate   = 10
  dwell_time  = 5
  output      = /home/daisy/GRB-Search-Pipeline/results/training/longlow_searching_5.36x4.5_tiling.csv

source = [78.2841, 135], n_src_events = 176, n_bkg_events = 1073
Loaded 826 entries (unique=826, duplicates=0, missing=48326, out_of_bounds=0, non-finite=0)
Sum(prob) over finite entries = 0.999998
init sum: 0.999998
num pixels: 49152
tile num: 1798
total tile prob: 0.999998
tiles with prob > 0: 50
total tile prob after trim: 0.999998
num tiles after trim: 50
init_pos: 1730
*********running GCP*********
total time (wallclock): 0.025311 seconds

$ /home/daisy/GRB-Search-Pipeline/search-planning/build/sp_train /home/daisy/GRB-Search-Pipeline/results/training/maps/longlow/adapt_p11-715852394892384_a135-0_511_map.h5 /home/daisy/GRB-Search-Pipeline/search-planning/tilings/tiling_files/5.36x4.5_tiling.csv 1770 10.0 10.0 5.0 0 /home/daisy/GRB-Search-Pipeline/results/training/longlow_searching_5.36x4.5_tiling.csv
Input Parameters:
  file        = /home/daisy/GRB-Search-Pipeline/results/training/maps/longlow/adapt_p11-715852394892384_a135-0_511_map.h5
  source_tile = 1770
  slew_rate   = 10
  dwell_time  = 5
  output      = /home/daisy/GRB-Search-Pipeline/results/training/longlow_searching_5.36x4.5_tiling.csv

source = [78.2841, 135], n_src_events = 165, n_bkg_events = 741
Loaded 358 entries (unique=358, duplicates=0, missing=48794, out_of_bounds=0, non-finite=0)
Sum(prob) over finite entries = 0.999998
init sum: 0.999998
num pixels: 49152
tile num: 1798
total tile prob: 0.999998
tiles with prob > 0: 23
total tile prob after trim: 0.999998
num tiles after trim: 23
init_pos: 1727
*********running GCP*********
total time (wallclock): 0.0238086 seconds

$ /home/daisy/GRB-Search-Pipeline/search-planning/build/sp_train /home/daisy/GRB-Search-Pipeline/results/training/maps/longlow/adapt_p11-715852394892384_a135-0_512_map.h5 /home/daisy/GRB-Search-Pipeline/search-planning/tilings/tiling_files/5.36x4.5_tiling.csv 1770 10.0 10.0 5.0 0 /home/daisy/GRB-Search-Pipeline/results/training/longlow_searching_5.36x4.5_tiling.csv
Input Parameters:
  file        = /home/daisy/GRB-Search-Pipeline/results/training/maps/longlow/adapt_p11-715852394892384_a135-0_512_map.h5
  source_tile = 1770
  slew_rate   = 10
  dwell_time  = 5
  output      = /home/daisy/GRB-Search-Pipeline/results/training/longlow_searching_5.36x4.5_tiling.csv

source = [78.2841, 135], n_src_events = 215, n_bkg_events = 674
Loaded 370 entries (unique=370, duplicates=0, missing=48782, out_of_bounds=0, non-finite=0)
Sum(prob) over finite entries = 0.999999
init sum: 0.999999
num pixels: 49152
tile num: 1798
total tile prob: 0.999999
tiles with prob > 0: 23
total tile prob after trim: 0.999999
num tiles after trim: 23
init_pos: 1753
*********running GCP*********
total time (wallclock): 0.0231059 seconds

$ /home/daisy/GRB-Search-Pipeline/search-planning/build/sp_train /home/daisy/GRB-Search-Pipeline/results/training/maps/longlow/adapt_p11-715852394892384_a135-0_513_map.h5 /home/daisy/GRB-Search-Pipeline/search-planning/tilings/tiling_files/5.36x4.5_tiling.csv 1770 10.0 10.0 5.0 0 /home/daisy/GRB-Search-Pipeline/results/training/longlow_searching_5.36x4.5_tiling.csv
Input Parameters:
  file        = /home/daisy/GRB-Search-Pipeline/results/training/maps/longlow/adapt_p11-715852394892384_a135-0_513_map.h5
  source_tile = 1770
  slew_rate   = 10
  dwell_time  = 5
  output      = /home/daisy/GRB-Search-Pipeline/results/training/longlow_searching_5.36x4.5_tiling.csv

source = [78.2841, 135], n_src_events = 233, n_bkg_events = 1092
Loaded 375 entries (unique=375, duplicates=0, missing=48777, out_of_bounds=0, non-finite=0)
Sum(prob) over finite entries = 0.999999
init sum: 0.999999
num pixels: 49152
tile num: 1798
total tile prob: 0.999999
tiles with prob > 0: 26
total tile prob after trim: 0.999999
num tiles after trim: 26
init_pos: 1786
*********running GCP*********
total time (wallclock): 0.0224477 seconds

$ /home/daisy/GRB-Search-Pipeline/search-planning/build/sp_train /home/daisy/GRB-Search-Pipeline/results/training/maps/longlow/adapt_p11-715852394892384_a135-0_514_map.h5 /home/daisy/GRB-Search-Pipeline/search-planning/tilings/tiling_files/5.36x4.5_tiling.csv 1770 10.0 10.0 5.0 0 /home/daisy/GRB-Search-Pipeline/results/training/longlow_searching_5.36x4.5_tiling.csv
Input Parameters:
  file        = /home/daisy/GRB-Search-Pipeline/results/training/maps/longlow/adapt_p11-715852394892384_a135-0_514_map.h5
  source_tile = 1770
  slew_rate   = 10
  dwell_time  = 5
  output      = /home/daisy/GRB-Search-Pipeline/results/training/longlow_searching_5.36x4.5_tiling.csv

source = [78.2841, 135], n_src_events = 434, n_bkg_events = 521
Loaded 137 entries (unique=137, duplicates=0, missing=49015, out_of_bounds=0, non-finite=0)
Sum(prob) over finite entries = 0.999997
init sum: 0.999997
num pixels: 49152
tile num: 1798
total tile prob: 0.999997
tiles with prob > 0: 11
total tile prob after trim: 0.999997
num tiles after trim: 11
init_pos: 1770
*********running GCP*********
total time (wallclock): 0.0219254 seconds

$ /home/daisy/GRB-Search-Pipeline/search-planning/build/sp_train /home/daisy/GRB-Search-Pipeline/results/training/maps/longlow/adapt_p11-715852394892384_a135-0_515_map.h5 /home/daisy/GRB-Search-Pipeline/search-planning/tilings/tiling_files/5.36x4.5_tiling.csv 1770 10.0 10.0 5.0 0 /home/daisy/GRB-Search-Pipeline/results/training/longlow_searching_5.36x4.5_tiling.csv
Input Parameters:
  file        = /home/daisy/GRB-Search-Pipeline/results/training/maps/longlow/adapt_p11-715852394892384_a135-0_515_map.h5
  source_tile = 1770
  slew_rate   = 10
  dwell_time  = 5
  output      = /home/daisy/GRB-Search-Pipeline/results/training/longlow_searching_5.36x4.5_tiling.csv

source = [78.2841, 135], n_src_events = 655, n_bkg_events = 464
Loaded 78 entries (unique=78, duplicates=0, missing=49074, out_of_bounds=0, non-finite=0)
Sum(prob) over finite entries = 0.999999
init sum: 0.999999
num pixels: 49152
tile num: 1798
total tile prob: 0.999999
tiles with prob > 0: 8
total tile prob after trim: 0.999999
num tiles after trim: 8
init_pos: 1752
*********running GCP*********
total time (wallclock): 0.0228031 seconds

$ /home/daisy/GRB-Search-Pipeline/search-planning/build/sp_train /home/daisy/GRB-Search-Pipeline/results/training/maps/longlow/adapt_p11-715852394892384_a135-0_516_map.h5 /home/daisy/GRB-Search-Pipeline/search-planning/tilings/tiling_files/5.36x4.5_tiling.csv 1770 10.0 10.0 5.0 0 /home/daisy/GRB-Search-Pipeline/results/training/longlow_searching_5.36x4.5_tiling.csv
Input Parameters:
  file        = /home/daisy/GRB-Search-Pipeline/results/training/maps/longlow/adapt_p11-715852394892384_a135-0_516_map.h5
  source_tile = 1770
  slew_rate   = 10
  dwell_time  = 5
  output      = /home/daisy/GRB-Search-Pipeline/results/training/longlow_searching_5.36x4.5_tiling.csv

source = [78.2841, 135], n_src_events = 171, n_bkg_events = 729
Loaded 906 entries (unique=906, duplicates=0, missing=48246, out_of_bounds=0, non-finite=0)
Sum(prob) over finite entries = 0.999999
init sum: 0.999999
num pixels: 49152
tile num: 1798
total tile prob: 0.999999
tiles with prob > 0: 55
total tile prob after trim: 0.999999
num tiles after trim: 55
init_pos: 1769
*********running GCP*********
total time (wallclock): 0.0426792 seconds

$ /home/daisy/GRB-Search-Pipeline/search-planning/build/sp_train /home/daisy/GRB-Search-Pipeline/results/training/maps/longlow/adapt_p11-715852394892384_a135-0_517_map.h5 /home/daisy/GRB-Search-Pipeline/search-planning/tilings/tiling_files/5.36x4.5_tiling.csv 1770 10.0 10.0 5.0 0 /home/daisy/GRB-Search-Pipeline/results/training/longlow_searching_5.36x4.5_tiling.csv
Input Parameters:
  file        = /home/daisy/GRB-Search-Pipeline/results/training/maps/longlow/adapt_p11-715852394892384_a135-0_517_map.h5
  source_tile = 1770
  slew_rate   = 10
  dwell_time  = 5
  output      = /home/daisy/GRB-Search-Pipeline/results/training/longlow_searching_5.36x4.5_tiling.csv

source = [78.2841, 135], n_src_events = 354, n_bkg_events = 969
Loaded 416 entries (unique=416, duplicates=0, missing=48736, out_of_bounds=0, non-finite=0)
Sum(prob) over finite entries = 0.999998
init sum: 0.999998
num pixels: 49152
tile num: 1798
total tile prob: 0.999998
tiles with prob > 0: 27
total tile prob after trim: 0.999998
num tiles after trim: 27
init_pos: 1729
*********running GCP*********
total time (wallclock): 0.0240128 seconds

$ /home/daisy/GRB-Search-Pipeline/search-planning/build/sp_train /home/daisy/GRB-Search-Pipeline/results/training/maps/longlow/adapt_p11-715852394892384_a135-0_518_map.h5 /home/daisy/GRB-Search-Pipeline/search-planning/tilings/tiling_files/5.36x4.5_tiling.csv 1770 10.0 10.0 5.0 0 /home/daisy/GRB-Search-Pipeline/results/training/longlow_searching_5.36x4.5_tiling.csv
Input Parameters:
  file        = /home/daisy/GRB-Search-Pipeline/results/training/maps/longlow/adapt_p11-715852394892384_a135-0_518_map.h5
  source_tile = 1770
  slew_rate   = 10
  dwell_time  = 5
  output      = /home/daisy/GRB-Search-Pipeline/results/training/longlow_searching_5.36x4.5_tiling.csv

source = [78.2841, 135], n_src_events = 773, n_bkg_events = 608
Loaded 76 entries (unique=76, duplicates=0, missing=49076, out_of_bounds=0, non-finite=0)
Sum(prob) over finite entries = 0.999999
init sum: 0.999999
num pixels: 49152
tile num: 1798
total tile prob: 0.999999
tiles with prob > 0: 8
total tile prob after trim: 0.999999
num tiles after trim: 8
init_pos: 1727
*********running GCP*********
total time (wallclock): 0.0233381 seconds

$ /home/daisy/GRB-Search-Pipeline/search-planning/build/sp_train /home/daisy/GRB-Search-Pipeline/results/training/maps/longlow/adapt_p11-715852394892384_a135-0_519_map.h5 /home/daisy/GRB-Search-Pipeline/search-planning/tilings/tiling_files/5.36x4.5_tiling.csv 1770 10.0 10.0 5.0 0 /home/daisy/GRB-Search-Pipeline/results/training/longlow_searching_5.36x4.5_tiling.csv
Input Parameters:
  file        = /home/daisy/GRB-Search-Pipeline/results/training/maps/longlow/adapt_p11-715852394892384_a135-0_519_map.h5
  source_tile = 1770
  slew_rate   = 10
  dwell_time  = 5
  output      = /home/daisy/GRB-Search-Pipeline/results/training/longlow_searching_5.36x4.5_tiling.csv

source = [78.2841, 135], n_src_events = 385, n_bkg_events = 716
Loaded 167 entries (unique=167, duplicates=0, missing=48985, out_of_bounds=0, non-finite=0)
Sum(prob) over finite entries = 0.999998
init sum: 0.999998
num pixels: 49152
tile num: 1798
total tile prob: 0.999998
tiles with prob > 0: 13
total tile prob after trim: 0.999998
num tiles after trim: 13
init_pos: 1753
*********running GCP*********
total time (wallclock): 0.0232457 seconds

$ /home/daisy/GRB-Search-Pipeline/search-planning/build/sp_train /home/daisy/GRB-Search-Pipeline/results/training/maps/longlow/adapt_p11-715852394892384_a135-0_51_map.h5 /home/daisy/GRB-Search-Pipeline/search-planning/tilings/tiling_files/5.36x4.5_tiling.csv 1770 10.0 10.0 5.0 0 /home/daisy/GRB-Search-Pipeline/results/training/longlow_searching_5.36x4.5_tiling.csv
Input Parameters:
  file        = /home/daisy/GRB-Search-Pipeline/results/training/maps/longlow/adapt_p11-715852394892384_a135-0_51_map.h5
  source_tile = 1770
  slew_rate   = 10
  dwell_time  = 5
  output      = /home/daisy/GRB-Search-Pipeline/results/training/longlow_searching_5.36x4.5_tiling.csv

source = [78.2841, 135], n_src_events = 137, n_bkg_events = 1079
Loaded 956 entries (unique=956, duplicates=0, missing=48196, out_of_bounds=0, non-finite=0)
Sum(prob) over finite entries = 0.999998
init sum: 0.999998
num pixels: 49152
tile num: 1798
total tile prob: 0.999998
tiles with prob > 0: 54
total tile prob after trim: 0.999998
num tiles after trim: 54
init_pos: 1754
*********running GCP*********
total time (wallclock): 0.0235095 seconds

$ /home/daisy/GRB-Search-Pipeline/search-planning/build/sp_train /home/daisy/GRB-Search-Pipeline/results/training/maps/longlow/adapt_p11-715852394892384_a135-0_520_map.h5 /home/daisy/GRB-Search-Pipeline/search-planning/tilings/tiling_files/5.36x4.5_tiling.csv 1770 10.0 10.0 5.0 0 /home/daisy/GRB-Search-Pipeline/results/training/longlow_searching_5.36x4.5_tiling.csv
Input Parameters:
  file        = /home/daisy/GRB-Search-Pipeline/results/training/maps/longlow/adapt_p11-715852394892384_a135-0_520_map.h5
  source_tile = 1770
  slew_rate   = 10
  dwell_time  = 5
  output      = /home/daisy/GRB-Search-Pipeline/results/training/longlow_searching_5.36x4.5_tiling.csv

source = [78.2841, 135], n_src_events = 845, n_bkg_events = 282
Loaded 43 entries (unique=43, duplicates=0, missing=49109, out_of_bounds=0, non-finite=0)
Sum(prob) over finite entries = 0.999999
init sum: 0.999999
num pixels: 49152
tile num: 1798
total tile prob: 0.999999
tiles with prob > 0: 5
total tile prob after trim: 0.999999
num tiles after trim: 5
init_pos: 1753
*********running GCP*********
total time (wallclock): 0.0236273 seconds

$ /home/daisy/GRB-Search-Pipeline/search-planning/build/sp_train /home/daisy/GRB-Search-Pipeline/results/training/maps/longlow/adapt_p11-715852394892384_a135-0_521_map.h5 /home/daisy/GRB-Search-Pipeline/search-planning/tilings/tiling_files/5.36x4.5_tiling.csv 1770 10.0 10.0 5.0 0 /home/daisy/GRB-Search-Pipeline/results/training/longlow_searching_5.36x4.5_tiling.csv
Input Parameters:
  file        = /home/daisy/GRB-Search-Pipeline/results/training/maps/longlow/adapt_p11-715852394892384_a135-0_521_map.h5
  source_tile = 1770
  slew_rate   = 10
  dwell_time  = 5
  output      = /home/daisy/GRB-Search-Pipeline/results/training/longlow_searching_5.36x4.5_tiling.csv

source = [78.2841, 135], n_src_events = 69, n_bkg_events = 621
Loaded 19725 entries (unique=19725, duplicates=0, missing=29427, out_of_bounds=0, non-finite=0)
Sum(prob) over finite entries = 0.999984
init sum: 0.999984
num pixels: 49152
tile num: 1798
total tile prob: 0.999984
tiles with prob > 0: 776
total tile prob after trim: 0.999984
num tiles after trim: 776
init_pos: 1095
*********running GCP*********
total time (wallclock): 1.43662 seconds

$ /home/daisy/GRB-Search-Pipeline/search-planning/build/sp_train /home/daisy/GRB-Search-Pipeline/results/training/maps/longlow/adapt_p11-715852394892384_a135-0_522_map.h5 /home/daisy/GRB-Search-Pipeline/search-planning/tilings/tiling_files/5.36x4.5_tiling.csv 1770 10.0 10.0 5.0 0 /home/daisy/GRB-Search-Pipeline/results/training/longlow_searching_5.36x4.5_tiling.csv
Input Parameters:
  file        = /home/daisy/GRB-Search-Pipeline/results/training/maps/longlow/adapt_p11-715852394892384_a135-0_522_map.h5
  source_tile = 1770
  slew_rate   = 10
  dwell_time  = 5
  output      = /home/daisy/GRB-Search-Pipeline/results/training/longlow_searching_5.36x4.5_tiling.csv

source = [78.2841, 135], n_src_events = 601, n_bkg_events = 195
Loaded 64 entries (unique=64, duplicates=0, missing=49088, out_of_bounds=0, non-finite=0)
Sum(prob) over finite entries = 0.999999
init sum: 0.999999
num pixels: 49152
tile num: 1798
total tile prob: 0.999999
tiles with prob > 0: 6
total tile prob after trim: 0.999999
num tiles after trim: 6
init_pos: 1752
*********running GCP*********
total time (wallclock): 0.0230805 seconds

$ /home/daisy/GRB-Search-Pipeline/search-planning/build/sp_train /home/daisy/GRB-Search-Pipeline/results/training/maps/longlow/adapt_p11-715852394892384_a135-0_523_map.h5 /home/daisy/GRB-Search-Pipeline/search-planning/tilings/tiling_files/5.36x4.5_tiling.csv 1770 10.0 10.0 5.0 0 /home/daisy/GRB-Search-Pipeline/results/training/longlow_searching_5.36x4.5_tiling.csv
Input Parameters:
  file        = /home/daisy/GRB-Search-Pipeline/results/training/maps/longlow/adapt_p11-715852394892384_a135-0_523_map.h5
  source_tile = 1770
  slew_rate   = 10
  dwell_time  = 5
  output      = /home/daisy/GRB-Search-Pipeline/results/training/longlow_searching_5.36x4.5_tiling.csv

source = [78.2841, 135], n_src_events = 630, n_bkg_events = 650
Loaded 98 entries (unique=98, duplicates=0, missing=49054, out_of_bounds=0, non-finite=0)
Sum(prob) over finite entries = 0.999999
init sum: 0.999999
num pixels: 49152
tile num: 1798
total tile prob: 0.999999
tiles with prob > 0: 10
total tile prob after trim: 0.999999
num tiles after trim: 10
init_pos: 1785
*********running GCP*********
total time (wallclock): 0.0232348 seconds

$ /home/daisy/GRB-Search-Pipeline/search-planning/build/sp_train /home/daisy/GRB-Search-Pipeline/results/training/maps/longlow/adapt_p11-715852394892384_a135-0_524_map.h5 /home/daisy/GRB-Search-Pipeline/search-planning/tilings/tiling_files/5.36x4.5_tiling.csv 1770 10.0 10.0 5.0 0 /home/daisy/GRB-Search-Pipeline/results/training/longlow_searching_5.36x4.5_tiling.csv
Input Parameters:
  file        = /home/daisy/GRB-Search-Pipeline/results/training/maps/longlow/adapt_p11-715852394892384_a135-0_524_map.h5
  source_tile = 1770
  slew_rate   = 10
  dwell_time  = 5
  output      = /home/daisy/GRB-Search-Pipeline/results/training/longlow_searching_5.36x4.5_tiling.csv

source = [78.2841, 135], n_src_events = 288, n_bkg_events = 164
Loaded 224 entries (unique=224, duplicates=0, missing=48928, out_of_bounds=0, non-finite=0)
Sum(prob) over finite entries = 0.999999
init sum: 0.999999
num pixels: 49152
tile num: 1798
total tile prob: 0.999999
tiles with prob > 0: 14
total tile prob after trim: 0.999999
num tiles after trim: 14
init_pos: 1752
*********running GCP*********
total time (wallclock): 0.0226427 seconds

$ /home/daisy/GRB-Search-Pipeline/search-planning/build/sp_train /home/daisy/GRB-Search-Pipeline/results/training/maps/longlow/adapt_p11-715852394892384_a135-0_525_map.h5 /home/daisy/GRB-Search-Pipeline/search-planning/tilings/tiling_files/5.36x4.5_tiling.csv 1770 10.0 10.0 5.0 0 /home/daisy/GRB-Search-Pipeline/results/training/longlow_searching_5.36x4.5_tiling.csv
Input Parameters:
  file        = /home/daisy/GRB-Search-Pipeline/results/training/maps/longlow/adapt_p11-715852394892384_a135-0_525_map.h5
  source_tile = 1770
  slew_rate   = 10
  dwell_time  = 5
  output      = /home/daisy/GRB-Search-Pipeline/results/training/longlow_searching_5.36x4.5_tiling.csv

source = [78.2841, 135], n_src_events = 198, n_bkg_events = 805
Loaded 449 entries (unique=449, duplicates=0, missing=48703, out_of_bounds=0, non-finite=0)
Sum(prob) over finite entries = 0.999998
init sum: 0.999998
num pixels: 49152
tile num: 1798
total tile prob: 0.999998
tiles with prob > 0: 30
total tile prob after trim: 0.999998
num tiles after trim: 30
init_pos: 1786
*********running GCP*********
total time (wallclock): 0.0228882 seconds

$ /home/daisy/GRB-Search-Pipeline/search-planning/build/sp_train /home/daisy/GRB-Search-Pipeline/results/training/maps/longlow/adapt_p11-715852394892384_a135-0_526_map.h5 /home/daisy/GRB-Search-Pipeline/search-planning/tilings/tiling_files/5.36x4.5_tiling.csv 1770 10.0 10.0 5.0 0 /home/daisy/GRB-Search-Pipeline/results/training/longlow_searching_5.36x4.5_tiling.csv
Input Parameters:
  file        = /home/daisy/GRB-Search-Pipeline/results/training/maps/longlow/adapt_p11-715852394892384_a135-0_526_map.h5
  source_tile = 1770
  slew_rate   = 10
  dwell_time  = 5
  output      = /home/daisy/GRB-Search-Pipeline/results/training/longlow_searching_5.36x4.5_tiling.csv

source = [78.2841, 135], n_src_events = 184, n_bkg_events = 428
Loaded 224 entries (unique=224, duplicates=0, missing=48928, out_of_bounds=0, non-finite=0)
Sum(prob) over finite entries = 0.999999
init sum: 0.999999
num pixels: 49152
tile num: 1798
total tile prob: 0.999999
tiles with prob > 0: 16
total tile prob after trim: 0.999999
num tiles after trim: 16
init_pos: 1771
*********running GCP*********
total time (wallclock): 0.0228627 seconds

$ /home/daisy/GRB-Search-Pipeline/search-planning/build/sp_train /home/daisy/GRB-Search-Pipeline/results/training/maps/longlow/adapt_p11-715852394892384_a135-0_527_map.h5 /home/daisy/GRB-Search-Pipeline/search-planning/tilings/tiling_files/5.36x4.5_tiling.csv 1770 10.0 10.0 5.0 0 /home/daisy/GRB-Search-Pipeline/results/training/longlow_searching_5.36x4.5_tiling.csv
Input Parameters:
  file        = /home/daisy/GRB-Search-Pipeline/results/training/maps/longlow/adapt_p11-715852394892384_a135-0_527_map.h5
  source_tile = 1770
  slew_rate   = 10
  dwell_time  = 5
  output      = /home/daisy/GRB-Search-Pipeline/results/training/longlow_searching_5.36x4.5_tiling.csv

source = [78.2841, 135], n_src_events = 540, n_bkg_events = 221
Loaded 74 entries (unique=74, duplicates=0, missing=49078, out_of_bounds=0, non-finite=0)
Sum(prob) over finite entries = 0.999998
init sum: 0.999998
num pixels: 49152
tile num: 1798
total tile prob: 0.999998
tiles with prob > 0: 8
total tile prob after trim: 0.999998
num tiles after trim: 8
init_pos: 1771
*********running GCP*********
total time (wallclock): 0.0234278 seconds

$ /home/daisy/GRB-Search-Pipeline/search-planning/build/sp_train /home/daisy/GRB-Search-Pipeline/results/training/maps/longlow/adapt_p11-715852394892384_a135-0_528_map.h5 /home/daisy/GRB-Search-Pipeline/search-planning/tilings/tiling_files/5.36x4.5_tiling.csv 1770 10.0 10.0 5.0 0 /home/daisy/GRB-Search-Pipeline/results/training/longlow_searching_5.36x4.5_tiling.csv
Input Parameters:
  file        = /home/daisy/GRB-Search-Pipeline/results/training/maps/longlow/adapt_p11-715852394892384_a135-0_528_map.h5
  source_tile = 1770
  slew_rate   = 10
  dwell_time  = 5
  output      = /home/daisy/GRB-Search-Pipeline/results/training/longlow_searching_5.36x4.5_tiling.csv

source = [78.2841, 135], n_src_events = 318, n_bkg_events = 263
Loaded 223 entries (unique=223, duplicates=0, missing=48929, out_of_bounds=0, non-finite=0)
Sum(prob) over finite entries = 0.999999
init sum: 0.999999
num pixels: 49152
tile num: 1798
total tile prob: 0.999999
tiles with prob > 0: 17
total tile prob after trim: 0.999999
num tiles after trim: 17
init_pos: 1785
*********running GCP*********
total time (wallclock): 0.0236275 seconds

$ /home/daisy/GRB-Search-Pipeline/search-planning/build/sp_train /home/daisy/GRB-Search-Pipeline/results/training/maps/longlow/adapt_p11-715852394892384_a135-0_529_map.h5 /home/daisy/GRB-Search-Pipeline/search-planning/tilings/tiling_files/5.36x4.5_tiling.csv 1770 10.0 10.0 5.0 0 /home/daisy/GRB-Search-Pipeline/results/training/longlow_searching_5.36x4.5_tiling.csv
Input Parameters:
  file        = /home/daisy/GRB-Search-Pipeline/results/training/maps/longlow/adapt_p11-715852394892384_a135-0_529_map.h5
  source_tile = 1770
  slew_rate   = 10
  dwell_time  = 5
  output      = /home/daisy/GRB-Search-Pipeline/results/training/longlow_searching_5.36x4.5_tiling.csv

source = [78.2841, 135], n_src_events = 131, n_bkg_events = 361
Loaded 417 entries (unique=417, duplicates=0, missing=48735, out_of_bounds=0, non-finite=0)
Sum(prob) over finite entries = 0.999998
init sum: 0.999998
num pixels: 49152
tile num: 1798
total tile prob: 0.999998
tiles with prob > 0: 25
total tile prob after trim: 0.999998
num tiles after trim: 25
init_pos: 1728
*********running GCP*********
total time (wallclock): 0.0250154 seconds

$ /home/daisy/GRB-Search-Pipeline/search-planning/build/sp_train /home/daisy/GRB-Search-Pipeline/results/training/maps/longlow/adapt_p11-715852394892384_a135-0_52_map.h5 /home/daisy/GRB-Search-Pipeline/search-planning/tilings/tiling_files/5.36x4.5_tiling.csv 1770 10.0 10.0 5.0 0 /home/daisy/GRB-Search-Pipeline/results/training/longlow_searching_5.36x4.5_tiling.csv
Input Parameters:
  file        = /home/daisy/GRB-Search-Pipeline/results/training/maps/longlow/adapt_p11-715852394892384_a135-0_52_map.h5
  source_tile = 1770
  slew_rate   = 10
  dwell_time  = 5
  output      = /home/daisy/GRB-Search-Pipeline/results/training/longlow_searching_5.36x4.5_tiling.csv

source = [78.2841, 135], n_src_events = 606, n_bkg_events = 834
Loaded 131 entries (unique=131, duplicates=0, missing=49021, out_of_bounds=0, non-finite=0)
Sum(prob) over finite entries = 0.999998
init sum: 0.999998
num pixels: 49152
tile num: 1798
total tile prob: 0.999998
tiles with prob > 0: 12
total tile prob after trim: 0.999998
num tiles after trim: 12
init_pos: 1753
*********running GCP*********
total time (wallclock): 0.0235766 seconds

$ /home/daisy/GRB-Search-Pipeline/search-planning/build/sp_train /home/daisy/GRB-Search-Pipeline/results/training/maps/longlow/adapt_p11-715852394892384_a135-0_530_map.h5 /home/daisy/GRB-Search-Pipeline/search-planning/tilings/tiling_files/5.36x4.5_tiling.csv 1770 10.0 10.0 5.0 0 /home/daisy/GRB-Search-Pipeline/results/training/longlow_searching_5.36x4.5_tiling.csv
Input Parameters:
  file        = /home/daisy/GRB-Search-Pipeline/results/training/maps/longlow/adapt_p11-715852394892384_a135-0_530_map.h5
  source_tile = 1770
  slew_rate   = 10
  dwell_time  = 5
  output      = /home/daisy/GRB-Search-Pipeline/results/training/longlow_searching_5.36x4.5_tiling.csv

source = [78.2841, 135], n_src_events = 464, n_bkg_events = 966
Loaded 94 entries (unique=94, duplicates=0, missing=49058, out_of_bounds=0, non-finite=0)
Sum(prob) over finite entries = 0.999999
init sum: 0.999999
num pixels: 49152
tile num: 1798
total tile prob: 0.999999
tiles with prob > 0: 7
total tile prob after trim: 0.999999
num tiles after trim: 7
init_pos: 1770
*********running GCP*********
total time (wallclock): 0.0220495 seconds

$ /home/daisy/GRB-Search-Pipeline/search-planning/build/sp_train /home/daisy/GRB-Search-Pipeline/results/training/maps/longlow/adapt_p11-715852394892384_a135-0_531_map.h5 /home/daisy/GRB-Search-Pipeline/search-planning/tilings/tiling_files/5.36x4.5_tiling.csv 1770 10.0 10.0 5.0 0 /home/daisy/GRB-Search-Pipeline/results/training/longlow_searching_5.36x4.5_tiling.csv
Input Parameters:
  file        = /home/daisy/GRB-Search-Pipeline/results/training/maps/longlow/adapt_p11-715852394892384_a135-0_531_map.h5
  source_tile = 1770
  slew_rate   = 10
  dwell_time  = 5
  output      = /home/daisy/GRB-Search-Pipeline/results/training/longlow_searching_5.36x4.5_tiling.csv

source = [78.2841, 135], n_src_events = 423, n_bkg_events = 389
Loaded 101 entries (unique=101, duplicates=0, missing=49051, out_of_bounds=0, non-finite=0)
Sum(prob) over finite entries = 0.999999
init sum: 0.999999
num pixels: 49152
tile num: 1798
total tile prob: 0.999999
tiles with prob > 0: 9
total tile prob after trim: 0.999999
num tiles after trim: 9
init_pos: 1752
*********running GCP*********
total time (wallclock): 0.0224209 seconds

$ /home/daisy/GRB-Search-Pipeline/search-planning/build/sp_train /home/daisy/GRB-Search-Pipeline/results/training/maps/longlow/adapt_p11-715852394892384_a135-0_532_map.h5 /home/daisy/GRB-Search-Pipeline/search-planning/tilings/tiling_files/5.36x4.5_tiling.csv 1770 10.0 10.0 5.0 0 /home/daisy/GRB-Search-Pipeline/results/training/longlow_searching_5.36x4.5_tiling.csv
Input Parameters:
  file        = /home/daisy/GRB-Search-Pipeline/results/training/maps/longlow/adapt_p11-715852394892384_a135-0_532_map.h5
  source_tile = 1770
  slew_rate   = 10
  dwell_time  = 5
  output      = /home/daisy/GRB-Search-Pipeline/results/training/longlow_searching_5.36x4.5_tiling.csv

source = [78.2841, 135], n_src_events = 164, n_bkg_events = 862
Loaded 755 entries (unique=755, duplicates=0, missing=48397, out_of_bounds=0, non-finite=0)
Sum(prob) over finite entries = 0.999998
init sum: 0.999998
num pixels: 49152
tile num: 1798
total tile prob: 0.999998
tiles with prob > 0: 42
total tile prob after trim: 0.999998
num tiles after trim: 42
init_pos: 1753
*********running GCP*********
total time (wallclock): 0.0245277 seconds

$ /home/daisy/GRB-Search-Pipeline/search-planning/build/sp_train /home/daisy/GRB-Search-Pipeline/results/training/maps/longlow/adapt_p11-715852394892384_a135-0_533_map.h5 /home/daisy/GRB-Search-Pipeline/search-planning/tilings/tiling_files/5.36x4.5_tiling.csv 1770 10.0 10.0 5.0 0 /home/daisy/GRB-Search-Pipeline/results/training/longlow_searching_5.36x4.5_tiling.csv
Input Parameters:
  file        = /home/daisy/GRB-Search-Pipeline/results/training/maps/longlow/adapt_p11-715852394892384_a135-0_533_map.h5
  source_tile = 1770
  slew_rate   = 10
  dwell_time  = 5
  output      = /home/daisy/GRB-Search-Pipeline/results/training/longlow_searching_5.36x4.5_tiling.csv

source = [78.2841, 135], n_src_events = 144, n_bkg_events = 858
Loaded 640 entries (unique=640, duplicates=0, missing=48512, out_of_bounds=0, non-finite=0)
Sum(prob) over finite entries = 0.999998
init sum: 0.999998
num pixels: 49152
tile num: 1798
total tile prob: 0.999998
tiles with prob > 0: 37
total tile prob after trim: 0.999998
num tiles after trim: 37
init_pos: 1726
*********running GCP*********
total time (wallclock): 0.0300193 seconds

$ /home/daisy/GRB-Search-Pipeline/search-planning/build/sp_train /home/daisy/GRB-Search-Pipeline/results/training/maps/longlow/adapt_p11-715852394892384_a135-0_534_map.h5 /home/daisy/GRB-Search-Pipeline/search-planning/tilings/tiling_files/5.36x4.5_tiling.csv 1770 10.0 10.0 5.0 0 /home/daisy/GRB-Search-Pipeline/results/training/longlow_searching_5.36x4.5_tiling.csv
Input Parameters:
  file        = /home/daisy/GRB-Search-Pipeline/results/training/maps/longlow/adapt_p11-715852394892384_a135-0_534_map.h5
  source_tile = 1770
  slew_rate   = 10
  dwell_time  = 5
  output      = /home/daisy/GRB-Search-Pipeline/results/training/longlow_searching_5.36x4.5_tiling.csv

source = [78.2841, 135], n_src_events = 143, n_bkg_events = 1013
Loaded 1075 entries (unique=1075, duplicates=0, missing=48077, out_of_bounds=0, non-finite=0)
Sum(prob) over finite entries = 0.999998
init sum: 0.999998
num pixels: 49152
tile num: 1798
total tile prob: 0.999998
tiles with prob > 0: 63
total tile prob after trim: 0.999998
num tiles after trim: 63
init_pos: 1736
*********running GCP*********
total time (wallclock): 0.0523156 seconds

$ /home/daisy/GRB-Search-Pipeline/search-planning/build/sp_train /home/daisy/GRB-Search-Pipeline/results/training/maps/longlow/adapt_p11-715852394892384_a135-0_535_map.h5 /home/daisy/GRB-Search-Pipeline/search-planning/tilings/tiling_files/5.36x4.5_tiling.csv 1770 10.0 10.0 5.0 0 /home/daisy/GRB-Search-Pipeline/results/training/longlow_searching_5.36x4.5_tiling.csv
Input Parameters:
  file        = /home/daisy/GRB-Search-Pipeline/results/training/maps/longlow/adapt_p11-715852394892384_a135-0_535_map.h5
  source_tile = 1770
  slew_rate   = 10
  dwell_time  = 5
  output      = /home/daisy/GRB-Search-Pipeline/results/training/longlow_searching_5.36x4.5_tiling.csv

source = [78.2841, 135], n_src_events = 347, n_bkg_events = 676
Loaded 195 entries (unique=195, duplicates=0, missing=48957, out_of_bounds=0, non-finite=0)
Sum(prob) over finite entries = 0.999998
init sum: 0.999998
num pixels: 49152
tile num: 1798
total tile prob: 0.999998
tiles with prob > 0: 15
total tile prob after trim: 0.999998
num tiles after trim: 15
init_pos: 1728
*********running GCP*********
total time (wallclock): 0.0246148 seconds

$ /home/daisy/GRB-Search-Pipeline/search-planning/build/sp_train /home/daisy/GRB-Search-Pipeline/results/training/maps/longlow/adapt_p11-715852394892384_a135-0_536_map.h5 /home/daisy/GRB-Search-Pipeline/search-planning/tilings/tiling_files/5.36x4.5_tiling.csv 1770 10.0 10.0 5.0 0 /home/daisy/GRB-Search-Pipeline/results/training/longlow_searching_5.36x4.5_tiling.csv
Input Parameters:
  file        = /home/daisy/GRB-Search-Pipeline/results/training/maps/longlow/adapt_p11-715852394892384_a135-0_536_map.h5
  source_tile = 1770
  slew_rate   = 10
  dwell_time  = 5
  output      = /home/daisy/GRB-Search-Pipeline/results/training/longlow_searching_5.36x4.5_tiling.csv

source = [78.2841, 135], n_src_events = 755, n_bkg_events = 434
Loaded 83 entries (unique=83, duplicates=0, missing=49069, out_of_bounds=0, non-finite=0)
Sum(prob) over finite entries = 0.999999
init sum: 0.999999
num pixels: 49152
tile num: 1798
total tile prob: 0.999999
tiles with prob > 0: 10
total tile prob after trim: 0.999999
num tiles after trim: 10
init_pos: 1752
*********running GCP*********
total time (wallclock): 0.0226292 seconds

$ /home/daisy/GRB-Search-Pipeline/search-planning/build/sp_train /home/daisy/GRB-Search-Pipeline/results/training/maps/longlow/adapt_p11-715852394892384_a135-0_537_map.h5 /home/daisy/GRB-Search-Pipeline/search-planning/tilings/tiling_files/5.36x4.5_tiling.csv 1770 10.0 10.0 5.0 0 /home/daisy/GRB-Search-Pipeline/results/training/longlow_searching_5.36x4.5_tiling.csv
Input Parameters:
  file        = /home/daisy/GRB-Search-Pipeline/results/training/maps/longlow/adapt_p11-715852394892384_a135-0_537_map.h5
  source_tile = 1770
  slew_rate   = 10
  dwell_time  = 5
  output      = /home/daisy/GRB-Search-Pipeline/results/training/longlow_searching_5.36x4.5_tiling.csv

source = [78.2841, 135], n_src_events = 747, n_bkg_events = 997
Loaded 76 entries (unique=76, duplicates=0, missing=49076, out_of_bounds=0, non-finite=0)
Sum(prob) over finite entries = 0.999998
init sum: 0.999998
num pixels: 49152
tile num: 1798
total tile prob: 0.999998
tiles with prob > 0: 7
total tile prob after trim: 0.999998
num tiles after trim: 7
init_pos: 1752
*********running GCP*********
total time (wallclock): 0.0225367 seconds

$ /home/daisy/GRB-Search-Pipeline/search-planning/build/sp_train /home/daisy/GRB-Search-Pipeline/results/training/maps/longlow/adapt_p11-715852394892384_a135-0_538_map.h5 /home/daisy/GRB-Search-Pipeline/search-planning/tilings/tiling_files/5.36x4.5_tiling.csv 1770 10.0 10.0 5.0 0 /home/daisy/GRB-Search-Pipeline/results/training/longlow_searching_5.36x4.5_tiling.csv
Input Parameters:
  file        = /home/daisy/GRB-Search-Pipeline/results/training/maps/longlow/adapt_p11-715852394892384_a135-0_538_map.h5
  source_tile = 1770
  slew_rate   = 10
  dwell_time  = 5
  output      = /home/daisy/GRB-Search-Pipeline/results/training/longlow_searching_5.36x4.5_tiling.csv

source = [78.2841, 135], n_src_events = 424, n_bkg_events = 378
Loaded 130 entries (unique=130, duplicates=0, missing=49022, out_of_bounds=0, non-finite=0)
Sum(prob) over finite entries = 0.999998
init sum: 0.999998
num pixels: 49152
tile num: 1798
total tile prob: 0.999998
tiles with prob > 0: 12
total tile prob after trim: 0.999998
num tiles after trim: 12
init_pos: 1771
*********running GCP*********
total time (wallclock): 0.0233921 seconds

$ /home/daisy/GRB-Search-Pipeline/search-planning/build/sp_train /home/daisy/GRB-Search-Pipeline/results/training/maps/longlow/adapt_p11-715852394892384_a135-0_539_map.h5 /home/daisy/GRB-Search-Pipeline/search-planning/tilings/tiling_files/5.36x4.5_tiling.csv 1770 10.0 10.0 5.0 0 /home/daisy/GRB-Search-Pipeline/results/training/longlow_searching_5.36x4.5_tiling.csv
Input Parameters:
  file        = /home/daisy/GRB-Search-Pipeline/results/training/maps/longlow/adapt_p11-715852394892384_a135-0_539_map.h5
  source_tile = 1770
  slew_rate   = 10
  dwell_time  = 5
  output      = /home/daisy/GRB-Search-Pipeline/results/training/longlow_searching_5.36x4.5_tiling.csv

source = [78.2841, 135], n_src_events = 277, n_bkg_events = 572
Loaded 256 entries (unique=256, duplicates=0, missing=48896, out_of_bounds=0, non-finite=0)
Sum(prob) over finite entries = 0.999999
init sum: 0.999999
num pixels: 49152
tile num: 1798
total tile prob: 0.999999
tiles with prob > 0: 18
total tile prob after trim: 0.999999
num tiles after trim: 18
init_pos: 1750
*********running GCP*********
total time (wallclock): 0.0228912 seconds

$ /home/daisy/GRB-Search-Pipeline/search-planning/build/sp_train /home/daisy/GRB-Search-Pipeline/results/training/maps/longlow/adapt_p11-715852394892384_a135-0_53_map.h5 /home/daisy/GRB-Search-Pipeline/search-planning/tilings/tiling_files/5.36x4.5_tiling.csv 1770 10.0 10.0 5.0 0 /home/daisy/GRB-Search-Pipeline/results/training/longlow_searching_5.36x4.5_tiling.csv
Input Parameters:
  file        = /home/daisy/GRB-Search-Pipeline/results/training/maps/longlow/adapt_p11-715852394892384_a135-0_53_map.h5
  source_tile = 1770
  slew_rate   = 10
  dwell_time  = 5
  output      = /home/daisy/GRB-Search-Pipeline/results/training/longlow_searching_5.36x4.5_tiling.csv

source = [78.2841, 135], n_src_events = 140, n_bkg_events = 204
Loaded 469 entries (unique=469, duplicates=0, missing=48683, out_of_bounds=0, non-finite=0)
Sum(prob) over finite entries = 0.999999
init sum: 0.999999
num pixels: 49152
tile num: 1798
total tile prob: 0.999999
tiles with prob > 0: 31
total tile prob after trim: 0.999999
num tiles after trim: 31
init_pos: 1786
*********running GCP*********
total time (wallclock): 0.0252183 seconds

$ /home/daisy/GRB-Search-Pipeline/search-planning/build/sp_train /home/daisy/GRB-Search-Pipeline/results/training/maps/longlow/adapt_p11-715852394892384_a135-0_540_map.h5 /home/daisy/GRB-Search-Pipeline/search-planning/tilings/tiling_files/5.36x4.5_tiling.csv 1770 10.0 10.0 5.0 0 /home/daisy/GRB-Search-Pipeline/results/training/longlow_searching_5.36x4.5_tiling.csv
Input Parameters:
  file        = /home/daisy/GRB-Search-Pipeline/results/training/maps/longlow/adapt_p11-715852394892384_a135-0_540_map.h5
  source_tile = 1770
  slew_rate   = 10
  dwell_time  = 5
  output      = /home/daisy/GRB-Search-Pipeline/results/training/longlow_searching_5.36x4.5_tiling.csv

source = [78.2841, 135], n_src_events = 381, n_bkg_events = 852
Loaded 203 entries (unique=203, duplicates=0, missing=48949, out_of_bounds=0, non-finite=0)
Sum(prob) over finite entries = 0.999998
init sum: 0.999998
num pixels: 49152
tile num: 1798
total tile prob: 0.999998
tiles with prob > 0: 16
total tile prob after trim: 0.999998
num tiles after trim: 16
init_pos: 1751
*********running GCP*********
total time (wallclock): 0.0235411 seconds

$ /home/daisy/GRB-Search-Pipeline/search-planning/build/sp_train /home/daisy/GRB-Search-Pipeline/results/training/maps/longlow/adapt_p11-715852394892384_a135-0_541_map.h5 /home/daisy/GRB-Search-Pipeline/search-planning/tilings/tiling_files/5.36x4.5_tiling.csv 1770 10.0 10.0 5.0 0 /home/daisy/GRB-Search-Pipeline/results/training/longlow_searching_5.36x4.5_tiling.csv
Input Parameters:
  file        = /home/daisy/GRB-Search-Pipeline/results/training/maps/longlow/adapt_p11-715852394892384_a135-0_541_map.h5
  source_tile = 1770
  slew_rate   = 10
  dwell_time  = 5
  output      = /home/daisy/GRB-Search-Pipeline/results/training/longlow_searching_5.36x4.5_tiling.csv

source = [78.2841, 135], n_src_events = 325, n_bkg_events = 503
Loaded 143 entries (unique=143, duplicates=0, missing=49009, out_of_bounds=0, non-finite=0)
Sum(prob) over finite entries = 0.999999
init sum: 0.999999
num pixels: 49152
tile num: 1798
total tile prob: 0.999999
tiles with prob > 0: 11
total tile prob after trim: 0.999999
num tiles after trim: 11
init_pos: 1751
*********running GCP*********
total time (wallclock): 0.02237 seconds

$ /home/daisy/GRB-Search-Pipeline/search-planning/build/sp_train /home/daisy/GRB-Search-Pipeline/results/training/maps/longlow/adapt_p11-715852394892384_a135-0_542_map.h5 /home/daisy/GRB-Search-Pipeline/search-planning/tilings/tiling_files/5.36x4.5_tiling.csv 1770 10.0 10.0 5.0 0 /home/daisy/GRB-Search-Pipeline/results/training/longlow_searching_5.36x4.5_tiling.csv
Input Parameters:
  file        = /home/daisy/GRB-Search-Pipeline/results/training/maps/longlow/adapt_p11-715852394892384_a135-0_542_map.h5
  source_tile = 1770
  slew_rate   = 10
  dwell_time  = 5
  output      = /home/daisy/GRB-Search-Pipeline/results/training/longlow_searching_5.36x4.5_tiling.csv

source = [78.2841, 135], n_src_events = 678, n_bkg_events = 1106
Loaded 89 entries (unique=89, duplicates=0, missing=49063, out_of_bounds=0, non-finite=0)
Sum(prob) over finite entries = 0.999998
init sum: 0.999998
num pixels: 49152
tile num: 1798
total tile prob: 0.999998
tiles with prob > 0: 8
total tile prob after trim: 0.999998
num tiles after trim: 8
init_pos: 1771
*********running GCP*********
total time (wallclock): 0.0225861 seconds

$ /home/daisy/GRB-Search-Pipeline/search-planning/build/sp_train /home/daisy/GRB-Search-Pipeline/results/training/maps/longlow/adapt_p11-715852394892384_a135-0_543_map.h5 /home/daisy/GRB-Search-Pipeline/search-planning/tilings/tiling_files/5.36x4.5_tiling.csv 1770 10.0 10.0 5.0 0 /home/daisy/GRB-Search-Pipeline/results/training/longlow_searching_5.36x4.5_tiling.csv
Input Parameters:
  file        = /home/daisy/GRB-Search-Pipeline/results/training/maps/longlow/adapt_p11-715852394892384_a135-0_543_map.h5
  source_tile = 1770
  slew_rate   = 10
  dwell_time  = 5
  output      = /home/daisy/GRB-Search-Pipeline/results/training/longlow_searching_5.36x4.5_tiling.csv

source = [78.2841, 135], n_src_events = 597, n_bkg_events = 762
Loaded 95 entries (unique=95, duplicates=0, missing=49057, out_of_bounds=0, non-finite=0)
Sum(prob) over finite entries = 0.999999
init sum: 0.999999
num pixels: 49152
tile num: 1798
total tile prob: 0.999999
tiles with prob > 0: 9
total tile prob after trim: 0.999999
num tiles after trim: 9
init_pos: 1753
*********running GCP*********
total time (wallclock): 0.0232288 seconds

$ /home/daisy/GRB-Search-Pipeline/search-planning/build/sp_train /home/daisy/GRB-Search-Pipeline/results/training/maps/longlow/adapt_p11-715852394892384_a135-0_544_map.h5 /home/daisy/GRB-Search-Pipeline/search-planning/tilings/tiling_files/5.36x4.5_tiling.csv 1770 10.0 10.0 5.0 0 /home/daisy/GRB-Search-Pipeline/results/training/longlow_searching_5.36x4.5_tiling.csv
Input Parameters:
  file        = /home/daisy/GRB-Search-Pipeline/results/training/maps/longlow/adapt_p11-715852394892384_a135-0_544_map.h5
  source_tile = 1770
  slew_rate   = 10
  dwell_time  = 5
  output      = /home/daisy/GRB-Search-Pipeline/results/training/longlow_searching_5.36x4.5_tiling.csv

source = [78.2841, 135], n_src_events = 217, n_bkg_events = 968
Loaded 599 entries (unique=599, duplicates=0, missing=48553, out_of_bounds=0, non-finite=0)
Sum(prob) over finite entries = 0.999998
init sum: 0.999998
num pixels: 49152
tile num: 1798
total tile prob: 0.999998
tiles with prob > 0: 32
total tile prob after trim: 0.999998
num tiles after trim: 32
init_pos: 1729
*********running GCP*********
total time (wallclock): 0.0294605 seconds

$ /home/daisy/GRB-Search-Pipeline/search-planning/build/sp_train /home/daisy/GRB-Search-Pipeline/results/training/maps/longlow/adapt_p11-715852394892384_a135-0_545_map.h5 /home/daisy/GRB-Search-Pipeline/search-planning/tilings/tiling_files/5.36x4.5_tiling.csv 1770 10.0 10.0 5.0 0 /home/daisy/GRB-Search-Pipeline/results/training/longlow_searching_5.36x4.5_tiling.csv
Input Parameters:
  file        = /home/daisy/GRB-Search-Pipeline/results/training/maps/longlow/adapt_p11-715852394892384_a135-0_545_map.h5
  source_tile = 1770
  slew_rate   = 10
  dwell_time  = 5
  output      = /home/daisy/GRB-Search-Pipeline/results/training/longlow_searching_5.36x4.5_tiling.csv

source = [78.2841, 135], n_src_events = 557, n_bkg_events = 457
Loaded 78 entries (unique=78, duplicates=0, missing=49074, out_of_bounds=0, non-finite=0)
Sum(prob) over finite entries = 0.999999
init sum: 0.999999
num pixels: 49152
tile num: 1798
total tile prob: 0.999999
tiles with prob > 0: 7
total tile prob after trim: 0.999999
num tiles after trim: 7
init_pos: 1770
*********running GCP*********
total time (wallclock): 0.0219104 seconds

$ /home/daisy/GRB-Search-Pipeline/search-planning/build/sp_train /home/daisy/GRB-Search-Pipeline/results/training/maps/longlow/adapt_p11-715852394892384_a135-0_546_map.h5 /home/daisy/GRB-Search-Pipeline/search-planning/tilings/tiling_files/5.36x4.5_tiling.csv 1770 10.0 10.0 5.0 0 /home/daisy/GRB-Search-Pipeline/results/training/longlow_searching_5.36x4.5_tiling.csv
Input Parameters:
  file        = /home/daisy/GRB-Search-Pipeline/results/training/maps/longlow/adapt_p11-715852394892384_a135-0_546_map.h5
  source_tile = 1770
  slew_rate   = 10
  dwell_time  = 5
  output      = /home/daisy/GRB-Search-Pipeline/results/training/longlow_searching_5.36x4.5_tiling.csv

source = [78.2841, 135], n_src_events = 81, n_bkg_events = 948
Loaded 6502 entries (unique=6502, duplicates=0, missing=42650, out_of_bounds=0, non-finite=0)
Sum(prob) over finite entries = 0.99999
init sum: 0.99999
num pixels: 49152
tile num: 1798
total tile prob: 0.99999
tiles with prob > 0: 293
total tile prob after trim: 0.99999
num tiles after trim: 293
init_pos: 1695
*********running GCP*********
total time (wallclock): 0.118841 seconds

$ /home/daisy/GRB-Search-Pipeline/search-planning/build/sp_train /home/daisy/GRB-Search-Pipeline/results/training/maps/longlow/adapt_p11-715852394892384_a135-0_547_map.h5 /home/daisy/GRB-Search-Pipeline/search-planning/tilings/tiling_files/5.36x4.5_tiling.csv 1770 10.0 10.0 5.0 0 /home/daisy/GRB-Search-Pipeline/results/training/longlow_searching_5.36x4.5_tiling.csv
Input Parameters:
  file        = /home/daisy/GRB-Search-Pipeline/results/training/maps/longlow/adapt_p11-715852394892384_a135-0_547_map.h5
  source_tile = 1770
  slew_rate   = 10
  dwell_time  = 5
  output      = /home/daisy/GRB-Search-Pipeline/results/training/longlow_searching_5.36x4.5_tiling.csv

source = [78.2841, 135], n_src_events = 173, n_bkg_events = 875
Loaded 739 entries (unique=739, duplicates=0, missing=48413, out_of_bounds=0, non-finite=0)
Sum(prob) over finite entries = 0.999998
init sum: 0.999998
num pixels: 49152
tile num: 1798
total tile prob: 0.999998
tiles with prob > 0: 45
total tile prob after trim: 0.999998
num tiles after trim: 45
init_pos: 1729
*********running GCP*********
total time (wallclock): 0.0258695 seconds

$ /home/daisy/GRB-Search-Pipeline/search-planning/build/sp_train /home/daisy/GRB-Search-Pipeline/results/training/maps/longlow/adapt_p11-715852394892384_a135-0_548_map.h5 /home/daisy/GRB-Search-Pipeline/search-planning/tilings/tiling_files/5.36x4.5_tiling.csv 1770 10.0 10.0 5.0 0 /home/daisy/GRB-Search-Pipeline/results/training/longlow_searching_5.36x4.5_tiling.csv
Input Parameters:
  file        = /home/daisy/GRB-Search-Pipeline/results/training/maps/longlow/adapt_p11-715852394892384_a135-0_548_map.h5
  source_tile = 1770
  slew_rate   = 10
  dwell_time  = 5
  output      = /home/daisy/GRB-Search-Pipeline/results/training/longlow_searching_5.36x4.5_tiling.csv

source = [78.2841, 135], n_src_events = 725, n_bkg_events = 799
Loaded 56 entries (unique=56, duplicates=0, missing=49096, out_of_bounds=0, non-finite=0)
Sum(prob) over finite entries = 0.999999
init sum: 0.999999
num pixels: 49152
tile num: 1798
total tile prob: 0.999999
tiles with prob > 0: 5
total tile prob after trim: 0.999999
num tiles after trim: 5
init_pos: 1770
*********running GCP*********
total time (wallclock): 0.0222458 seconds

$ /home/daisy/GRB-Search-Pipeline/search-planning/build/sp_train /home/daisy/GRB-Search-Pipeline/results/training/maps/longlow/adapt_p11-715852394892384_a135-0_549_map.h5 /home/daisy/GRB-Search-Pipeline/search-planning/tilings/tiling_files/5.36x4.5_tiling.csv 1770 10.0 10.0 5.0 0 /home/daisy/GRB-Search-Pipeline/results/training/longlow_searching_5.36x4.5_tiling.csv
Input Parameters:
  file        = /home/daisy/GRB-Search-Pipeline/results/training/maps/longlow/adapt_p11-715852394892384_a135-0_549_map.h5
  source_tile = 1770
  slew_rate   = 10
  dwell_time  = 5
  output      = /home/daisy/GRB-Search-Pipeline/results/training/longlow_searching_5.36x4.5_tiling.csv

source = [78.2841, 135], n_src_events = 360, n_bkg_events = 181
Loaded 134 entries (unique=134, duplicates=0, missing=49018, out_of_bounds=0, non-finite=0)
Sum(prob) over finite entries = 0.999999
init sum: 0.999999
num pixels: 49152
tile num: 1798
total tile prob: 0.999999
tiles with prob > 0: 10
total tile prob after trim: 0.999999
num tiles after trim: 10
init_pos: 1770
*********running GCP*********
total time (wallclock): 0.0221297 seconds

$ /home/daisy/GRB-Search-Pipeline/search-planning/build/sp_train /home/daisy/GRB-Search-Pipeline/results/training/maps/longlow/adapt_p11-715852394892384_a135-0_54_map.h5 /home/daisy/GRB-Search-Pipeline/search-planning/tilings/tiling_files/5.36x4.5_tiling.csv 1770 10.0 10.0 5.0 0 /home/daisy/GRB-Search-Pipeline/results/training/longlow_searching_5.36x4.5_tiling.csv
Input Parameters:
  file        = /home/daisy/GRB-Search-Pipeline/results/training/maps/longlow/adapt_p11-715852394892384_a135-0_54_map.h5
  source_tile = 1770
  slew_rate   = 10
  dwell_time  = 5
  output      = /home/daisy/GRB-Search-Pipeline/results/training/longlow_searching_5.36x4.5_tiling.csv

source = [78.2841, 135], n_src_events = 604, n_bkg_events = 278
Loaded 65 entries (unique=65, duplicates=0, missing=49087, out_of_bounds=0, non-finite=0)
Sum(prob) over finite entries = 0.999999
init sum: 0.999999
num pixels: 49152
tile num: 1798
total tile prob: 0.999999
tiles with prob > 0: 5
total tile prob after trim: 0.999999
num tiles after trim: 5
init_pos: 1770
*********running GCP*********
total time (wallclock): 0.0220308 seconds

$ /home/daisy/GRB-Search-Pipeline/search-planning/build/sp_train /home/daisy/GRB-Search-Pipeline/results/training/maps/longlow/adapt_p11-715852394892384_a135-0_550_map.h5 /home/daisy/GRB-Search-Pipeline/search-planning/tilings/tiling_files/5.36x4.5_tiling.csv 1770 10.0 10.0 5.0 0 /home/daisy/GRB-Search-Pipeline/results/training/longlow_searching_5.36x4.5_tiling.csv
Input Parameters:
  file        = /home/daisy/GRB-Search-Pipeline/results/training/maps/longlow/adapt_p11-715852394892384_a135-0_550_map.h5
  source_tile = 1770
  slew_rate   = 10
  dwell_time  = 5
  output      = /home/daisy/GRB-Search-Pipeline/results/training/longlow_searching_5.36x4.5_tiling.csv

source = [78.2841, 135], n_src_events = 353, n_bkg_events = 496
Loaded 180 entries (unique=180, duplicates=0, missing=48972, out_of_bounds=0, non-finite=0)
Sum(prob) over finite entries = 0.999999
init sum: 0.999999
num pixels: 49152
tile num: 1798
total tile prob: 0.999999
tiles with prob > 0: 13
total tile prob after trim: 0.999999
num tiles after trim: 13
init_pos: 1750
*********running GCP*********
total time (wallclock): 0.023401 seconds

$ /home/daisy/GRB-Search-Pipeline/search-planning/build/sp_train /home/daisy/GRB-Search-Pipeline/results/training/maps/longlow/adapt_p11-715852394892384_a135-0_551_map.h5 /home/daisy/GRB-Search-Pipeline/search-planning/tilings/tiling_files/5.36x4.5_tiling.csv 1770 10.0 10.0 5.0 0 /home/daisy/GRB-Search-Pipeline/results/training/longlow_searching_5.36x4.5_tiling.csv
Input Parameters:
  file        = /home/daisy/GRB-Search-Pipeline/results/training/maps/longlow/adapt_p11-715852394892384_a135-0_551_map.h5
  source_tile = 1770
  slew_rate   = 10
  dwell_time  = 5
  output      = /home/daisy/GRB-Search-Pipeline/results/training/longlow_searching_5.36x4.5_tiling.csv

source = [78.2841, 135], n_src_events = 346, n_bkg_events = 383
Loaded 119 entries (unique=119, duplicates=0, missing=49033, out_of_bounds=0, non-finite=0)
Sum(prob) over finite entries = 0.999998
init sum: 0.999998
num pixels: 49152
tile num: 1798
total tile prob: 0.999998
tiles with prob > 0: 9
total tile prob after trim: 0.999998
num tiles after trim: 9
init_pos: 1770
*********running GCP*********
total time (wallclock): 0.0223375 seconds

$ /home/daisy/GRB-Search-Pipeline/search-planning/build/sp_train /home/daisy/GRB-Search-Pipeline/results/training/maps/longlow/adapt_p11-715852394892384_a135-0_552_map.h5 /home/daisy/GRB-Search-Pipeline/search-planning/tilings/tiling_files/5.36x4.5_tiling.csv 1770 10.0 10.0 5.0 0 /home/daisy/GRB-Search-Pipeline/results/training/longlow_searching_5.36x4.5_tiling.csv
Input Parameters:
  file        = /home/daisy/GRB-Search-Pipeline/results/training/maps/longlow/adapt_p11-715852394892384_a135-0_552_map.h5
  source_tile = 1770
  slew_rate   = 10
  dwell_time  = 5
  output      = /home/daisy/GRB-Search-Pipeline/results/training/longlow_searching_5.36x4.5_tiling.csv

source = [78.2841, 135], n_src_events = 656, n_bkg_events = 665
Loaded 58 entries (unique=58, duplicates=0, missing=49094, out_of_bounds=0, non-finite=0)
Sum(prob) over finite entries = 0.999999
init sum: 0.999999
num pixels: 49152
tile num: 1798
total tile prob: 0.999999
tiles with prob > 0: 6
total tile prob after trim: 0.999999
num tiles after trim: 6
init_pos: 1770
*********running GCP*********
total time (wallclock): 0.0219362 seconds

$ /home/daisy/GRB-Search-Pipeline/search-planning/build/sp_train /home/daisy/GRB-Search-Pipeline/results/training/maps/longlow/adapt_p11-715852394892384_a135-0_553_map.h5 /home/daisy/GRB-Search-Pipeline/search-planning/tilings/tiling_files/5.36x4.5_tiling.csv 1770 10.0 10.0 5.0 0 /home/daisy/GRB-Search-Pipeline/results/training/longlow_searching_5.36x4.5_tiling.csv
Input Parameters:
  file        = /home/daisy/GRB-Search-Pipeline/results/training/maps/longlow/adapt_p11-715852394892384_a135-0_553_map.h5
  source_tile = 1770
  slew_rate   = 10
  dwell_time  = 5
  output      = /home/daisy/GRB-Search-Pipeline/results/training/longlow_searching_5.36x4.5_tiling.csv

source = [78.2841, 135], n_src_events = 774, n_bkg_events = 412
Loaded 59 entries (unique=59, duplicates=0, missing=49093, out_of_bounds=0, non-finite=0)
Sum(prob) over finite entries = 0.999999
init sum: 0.999999
num pixels: 49152
tile num: 1798
total tile prob: 0.999999
tiles with prob > 0: 6
total tile prob after trim: 0.999999
num tiles after trim: 6
init_pos: 1752
*********running GCP*********
total time (wallclock): 0.023372 seconds

$ /home/daisy/GRB-Search-Pipeline/search-planning/build/sp_train /home/daisy/GRB-Search-Pipeline/results/training/maps/longlow/adapt_p11-715852394892384_a135-0_554_map.h5 /home/daisy/GRB-Search-Pipeline/search-planning/tilings/tiling_files/5.36x4.5_tiling.csv 1770 10.0 10.0 5.0 0 /home/daisy/GRB-Search-Pipeline/results/training/longlow_searching_5.36x4.5_tiling.csv
Input Parameters:
  file        = /home/daisy/GRB-Search-Pipeline/results/training/maps/longlow/adapt_p11-715852394892384_a135-0_554_map.h5
  source_tile = 1770
  slew_rate   = 10
  dwell_time  = 5
  output      = /home/daisy/GRB-Search-Pipeline/results/training/longlow_searching_5.36x4.5_tiling.csv

source = [78.2841, 135], n_src_events = 537, n_bkg_events = 1034
Loaded 114 entries (unique=114, duplicates=0, missing=49038, out_of_bounds=0, non-finite=0)
Sum(prob) over finite entries = 0.999999
init sum: 0.999999
num pixels: 49152
tile num: 1798
total tile prob: 0.999999
tiles with prob > 0: 10
total tile prob after trim: 0.999999
num tiles after trim: 10
init_pos: 1752
*********running GCP*********
total time (wallclock): 0.0230708 seconds

$ /home/daisy/GRB-Search-Pipeline/search-planning/build/sp_train /home/daisy/GRB-Search-Pipeline/results/training/maps/longlow/adapt_p11-715852394892384_a135-0_555_map.h5 /home/daisy/GRB-Search-Pipeline/search-planning/tilings/tiling_files/5.36x4.5_tiling.csv 1770 10.0 10.0 5.0 0 /home/daisy/GRB-Search-Pipeline/results/training/longlow_searching_5.36x4.5_tiling.csv
Input Parameters:
  file        = /home/daisy/GRB-Search-Pipeline/results/training/maps/longlow/adapt_p11-715852394892384_a135-0_555_map.h5
  source_tile = 1770
  slew_rate   = 10
  dwell_time  = 5
  output      = /home/daisy/GRB-Search-Pipeline/results/training/longlow_searching_5.36x4.5_tiling.csv

source = [78.2841, 135], n_src_events = 661, n_bkg_events = 997
Loaded 66 entries (unique=66, duplicates=0, missing=49086, out_of_bounds=0, non-finite=0)
Sum(prob) over finite entries = 0.999998
init sum: 0.999998
num pixels: 49152
tile num: 1798
total tile prob: 0.999998
tiles with prob > 0: 7
total tile prob after trim: 0.999998
num tiles after trim: 7
init_pos: 1771
*********running GCP*********
total time (wallclock): 0.0234099 seconds

$ /home/daisy/GRB-Search-Pipeline/search-planning/build/sp_train /home/daisy/GRB-Search-Pipeline/results/training/maps/longlow/adapt_p11-715852394892384_a135-0_556_map.h5 /home/daisy/GRB-Search-Pipeline/search-planning/tilings/tiling_files/5.36x4.5_tiling.csv 1770 10.0 10.0 5.0 0 /home/daisy/GRB-Search-Pipeline/results/training/longlow_searching_5.36x4.5_tiling.csv
Input Parameters:
  file        = /home/daisy/GRB-Search-Pipeline/results/training/maps/longlow/adapt_p11-715852394892384_a135-0_556_map.h5
  source_tile = 1770
  slew_rate   = 10
  dwell_time  = 5
  output      = /home/daisy/GRB-Search-Pipeline/results/training/longlow_searching_5.36x4.5_tiling.csv

source = [78.2841, 135], n_src_events = 162, n_bkg_events = 366
Loaded 396 entries (unique=396, duplicates=0, missing=48756, out_of_bounds=0, non-finite=0)
Sum(prob) over finite entries = 0.999998
init sum: 0.999998
num pixels: 49152
tile num: 1798
total tile prob: 0.999998
tiles with prob > 0: 24
total tile prob after trim: 0.999998
num tiles after trim: 24
init_pos: 1772
*********running GCP*********
total time (wallclock): 0.0258584 seconds

$ /home/daisy/GRB-Search-Pipeline/search-planning/build/sp_train /home/daisy/GRB-Search-Pipeline/results/training/maps/longlow/adapt_p11-715852394892384_a135-0_557_map.h5 /home/daisy/GRB-Search-Pipeline/search-planning/tilings/tiling_files/5.36x4.5_tiling.csv 1770 10.0 10.0 5.0 0 /home/daisy/GRB-Search-Pipeline/results/training/longlow_searching_5.36x4.5_tiling.csv
Input Parameters:
  file        = /home/daisy/GRB-Search-Pipeline/results/training/maps/longlow/adapt_p11-715852394892384_a135-0_557_map.h5
  source_tile = 1770
  slew_rate   = 10
  dwell_time  = 5
  output      = /home/daisy/GRB-Search-Pipeline/results/training/longlow_searching_5.36x4.5_tiling.csv

source = [78.2841, 135], n_src_events = 515, n_bkg_events = 1173
Loaded 135 entries (unique=135, duplicates=0, missing=49017, out_of_bounds=0, non-finite=0)
Sum(prob) over finite entries = 0.999999
init sum: 0.999999
num pixels: 49152
tile num: 1798
total tile prob: 0.999999
tiles with prob > 0: 11
total tile prob after trim: 0.999999
num tiles after trim: 11
init_pos: 1785
*********running GCP*********
total time (wallclock): 0.0234584 seconds

$ /home/daisy/GRB-Search-Pipeline/search-planning/build/sp_train /home/daisy/GRB-Search-Pipeline/results/training/maps/longlow/adapt_p11-715852394892384_a135-0_558_map.h5 /home/daisy/GRB-Search-Pipeline/search-planning/tilings/tiling_files/5.36x4.5_tiling.csv 1770 10.0 10.0 5.0 0 /home/daisy/GRB-Search-Pipeline/results/training/longlow_searching_5.36x4.5_tiling.csv
Input Parameters:
  file        = /home/daisy/GRB-Search-Pipeline/results/training/maps/longlow/adapt_p11-715852394892384_a135-0_558_map.h5
  source_tile = 1770
  slew_rate   = 10
  dwell_time  = 5
  output      = /home/daisy/GRB-Search-Pipeline/results/training/longlow_searching_5.36x4.5_tiling.csv

source = [78.2841, 135], n_src_events = 119, n_bkg_events = 626
Loaded 1214 entries (unique=1214, duplicates=0, missing=47938, out_of_bounds=0, non-finite=0)
Sum(prob) over finite entries = 0.999998
init sum: 0.999998
num pixels: 49152
tile num: 1798
total tile prob: 0.999998
tiles with prob > 0: 65
total tile prob after trim: 0.999998
num tiles after trim: 65
init_pos: 1670
*********running GCP*********
total time (wallclock): 0.0467117 seconds

$ /home/daisy/GRB-Search-Pipeline/search-planning/build/sp_train /home/daisy/GRB-Search-Pipeline/results/training/maps/longlow/adapt_p11-715852394892384_a135-0_559_map.h5 /home/daisy/GRB-Search-Pipeline/search-planning/tilings/tiling_files/5.36x4.5_tiling.csv 1770 10.0 10.0 5.0 0 /home/daisy/GRB-Search-Pipeline/results/training/longlow_searching_5.36x4.5_tiling.csv
Input Parameters:
  file        = /home/daisy/GRB-Search-Pipeline/results/training/maps/longlow/adapt_p11-715852394892384_a135-0_559_map.h5
  source_tile = 1770
  slew_rate   = 10
  dwell_time  = 5
  output      = /home/daisy/GRB-Search-Pipeline/results/training/longlow_searching_5.36x4.5_tiling.csv

source = [78.2841, 135], n_src_events = 166, n_bkg_events = 1119
Loaded 769 entries (unique=769, duplicates=0, missing=48383, out_of_bounds=0, non-finite=0)
Sum(prob) over finite entries = 0.999999
init sum: 0.999999
num pixels: 49152
tile num: 1798
total tile prob: 0.999999
tiles with prob > 0: 48
total tile prob after trim: 0.999999
num tiles after trim: 48
init_pos: 1727
*********running GCP*********
total time (wallclock): 0.0287673 seconds

$ /home/daisy/GRB-Search-Pipeline/search-planning/build/sp_train /home/daisy/GRB-Search-Pipeline/results/training/maps/longlow/adapt_p11-715852394892384_a135-0_55_map.h5 /home/daisy/GRB-Search-Pipeline/search-planning/tilings/tiling_files/5.36x4.5_tiling.csv 1770 10.0 10.0 5.0 0 /home/daisy/GRB-Search-Pipeline/results/training/longlow_searching_5.36x4.5_tiling.csv
Input Parameters:
  file        = /home/daisy/GRB-Search-Pipeline/results/training/maps/longlow/adapt_p11-715852394892384_a135-0_55_map.h5
  source_tile = 1770
  slew_rate   = 10
  dwell_time  = 5
  output      = /home/daisy/GRB-Search-Pipeline/results/training/longlow_searching_5.36x4.5_tiling.csv

source = [78.2841, 135], n_src_events = 728, n_bkg_events = 733
Loaded 69 entries (unique=69, duplicates=0, missing=49083, out_of_bounds=0, non-finite=0)
Sum(prob) over finite entries = 0.999998
init sum: 0.999998
num pixels: 49152
tile num: 1798
total tile prob: 0.999998
tiles with prob > 0: 6
total tile prob after trim: 0.999998
num tiles after trim: 6
init_pos: 1771
*********running GCP*********
total time (wallclock): 0.0232539 seconds

$ /home/daisy/GRB-Search-Pipeline/search-planning/build/sp_train /home/daisy/GRB-Search-Pipeline/results/training/maps/longlow/adapt_p11-715852394892384_a135-0_560_map.h5 /home/daisy/GRB-Search-Pipeline/search-planning/tilings/tiling_files/5.36x4.5_tiling.csv 1770 10.0 10.0 5.0 0 /home/daisy/GRB-Search-Pipeline/results/training/longlow_searching_5.36x4.5_tiling.csv
Input Parameters:
  file        = /home/daisy/GRB-Search-Pipeline/results/training/maps/longlow/adapt_p11-715852394892384_a135-0_560_map.h5
  source_tile = 1770
  slew_rate   = 10
  dwell_time  = 5
  output      = /home/daisy/GRB-Search-Pipeline/results/training/longlow_searching_5.36x4.5_tiling.csv

source = [78.2841, 135], n_src_events = 402, n_bkg_events = 899
Loaded 121 entries (unique=121, duplicates=0, missing=49031, out_of_bounds=0, non-finite=0)
Sum(prob) over finite entries = 0.999998
init sum: 0.999998
num pixels: 49152
tile num: 1798
total tile prob: 0.999998
tiles with prob > 0: 11
total tile prob after trim: 0.999998
num tiles after trim: 11
init_pos: 1771
*********running GCP*********
total time (wallclock): 0.0235751 seconds

$ /home/daisy/GRB-Search-Pipeline/search-planning/build/sp_train /home/daisy/GRB-Search-Pipeline/results/training/maps/longlow/adapt_p11-715852394892384_a135-0_561_map.h5 /home/daisy/GRB-Search-Pipeline/search-planning/tilings/tiling_files/5.36x4.5_tiling.csv 1770 10.0 10.0 5.0 0 /home/daisy/GRB-Search-Pipeline/results/training/longlow_searching_5.36x4.5_tiling.csv
Input Parameters:
  file        = /home/daisy/GRB-Search-Pipeline/results/training/maps/longlow/adapt_p11-715852394892384_a135-0_561_map.h5
  source_tile = 1770
  slew_rate   = 10
  dwell_time  = 5
  output      = /home/daisy/GRB-Search-Pipeline/results/training/longlow_searching_5.36x4.5_tiling.csv

source = [78.2841, 135], n_src_events = 149, n_bkg_events = 1005
Loaded 449 entries (unique=449, duplicates=0, missing=48703, out_of_bounds=0, non-finite=0)
Sum(prob) over finite entries = 0.999997
init sum: 0.999997
num pixels: 49152
tile num: 1798
total tile prob: 0.999997
tiles with prob > 0: 28
total tile prob after trim: 0.999997
num tiles after trim: 28
init_pos: 1726
*********running GCP*********
total time (wallclock): 0.0234322 seconds

$ /home/daisy/GRB-Search-Pipeline/search-planning/build/sp_train /home/daisy/GRB-Search-Pipeline/results/training/maps/longlow/adapt_p11-715852394892384_a135-0_562_map.h5 /home/daisy/GRB-Search-Pipeline/search-planning/tilings/tiling_files/5.36x4.5_tiling.csv 1770 10.0 10.0 5.0 0 /home/daisy/GRB-Search-Pipeline/results/training/longlow_searching_5.36x4.5_tiling.csv
Input Parameters:
  file        = /home/daisy/GRB-Search-Pipeline/results/training/maps/longlow/adapt_p11-715852394892384_a135-0_562_map.h5
  source_tile = 1770
  slew_rate   = 10
  dwell_time  = 5
  output      = /home/daisy/GRB-Search-Pipeline/results/training/longlow_searching_5.36x4.5_tiling.csv

source = [78.2841, 135], n_src_events = 446, n_bkg_events = 985
Loaded 118 entries (unique=118, duplicates=0, missing=49034, out_of_bounds=0, non-finite=0)
Sum(prob) over finite entries = 0.999999
init sum: 0.999999
num pixels: 49152
tile num: 1798
total tile prob: 0.999999
tiles with prob > 0: 10
total tile prob after trim: 0.999999
num tiles after trim: 10
init_pos: 1771
*********running GCP*********
total time (wallclock): 0.0229117 seconds

$ /home/daisy/GRB-Search-Pipeline/search-planning/build/sp_train /home/daisy/GRB-Search-Pipeline/results/training/maps/longlow/adapt_p11-715852394892384_a135-0_563_map.h5 /home/daisy/GRB-Search-Pipeline/search-planning/tilings/tiling_files/5.36x4.5_tiling.csv 1770 10.0 10.0 5.0 0 /home/daisy/GRB-Search-Pipeline/results/training/longlow_searching_5.36x4.5_tiling.csv
Input Parameters:
  file        = /home/daisy/GRB-Search-Pipeline/results/training/maps/longlow/adapt_p11-715852394892384_a135-0_563_map.h5
  source_tile = 1770
  slew_rate   = 10
  dwell_time  = 5
  output      = /home/daisy/GRB-Search-Pipeline/results/training/longlow_searching_5.36x4.5_tiling.csv

source = [78.2841, 135], n_src_events = 432, n_bkg_events = 882
Loaded 206 entries (unique=206, duplicates=0, missing=48946, out_of_bounds=0, non-finite=0)
Sum(prob) over finite entries = 0.999999
init sum: 0.999999
num pixels: 49152
tile num: 1798
total tile prob: 0.999999
tiles with prob > 0: 16
total tile prob after trim: 0.999999
num tiles after trim: 16
init_pos: 1772
*********running GCP*********
total time (wallclock): 0.0236606 seconds

$ /home/daisy/GRB-Search-Pipeline/search-planning/build/sp_train /home/daisy/GRB-Search-Pipeline/results/training/maps/longlow/adapt_p11-715852394892384_a135-0_564_map.h5 /home/daisy/GRB-Search-Pipeline/search-planning/tilings/tiling_files/5.36x4.5_tiling.csv 1770 10.0 10.0 5.0 0 /home/daisy/GRB-Search-Pipeline/results/training/longlow_searching_5.36x4.5_tiling.csv
Input Parameters:
  file        = /home/daisy/GRB-Search-Pipeline/results/training/maps/longlow/adapt_p11-715852394892384_a135-0_564_map.h5
  source_tile = 1770
  slew_rate   = 10
  dwell_time  = 5
  output      = /home/daisy/GRB-Search-Pipeline/results/training/longlow_searching_5.36x4.5_tiling.csv

source = [78.2841, 135], n_src_events = 702, n_bkg_events = 527
Loaded 52 entries (unique=52, duplicates=0, missing=49100, out_of_bounds=0, non-finite=0)
Sum(prob) over finite entries = 0.999999
init sum: 0.999999
num pixels: 49152
tile num: 1798
total tile prob: 0.999999
tiles with prob > 0: 5
total tile prob after trim: 0.999999
num tiles after trim: 5
init_pos: 1751
*********running GCP*********
total time (wallclock): 0.0229582 seconds

$ /home/daisy/GRB-Search-Pipeline/search-planning/build/sp_train /home/daisy/GRB-Search-Pipeline/results/training/maps/longlow/adapt_p11-715852394892384_a135-0_565_map.h5 /home/daisy/GRB-Search-Pipeline/search-planning/tilings/tiling_files/5.36x4.5_tiling.csv 1770 10.0 10.0 5.0 0 /home/daisy/GRB-Search-Pipeline/results/training/longlow_searching_5.36x4.5_tiling.csv
Input Parameters:
  file        = /home/daisy/GRB-Search-Pipeline/results/training/maps/longlow/adapt_p11-715852394892384_a135-0_565_map.h5
  source_tile = 1770
  slew_rate   = 10
  dwell_time  = 5
  output      = /home/daisy/GRB-Search-Pipeline/results/training/longlow_searching_5.36x4.5_tiling.csv

source = [78.2841, 135], n_src_events = 648, n_bkg_events = 1147
Loaded 88 entries (unique=88, duplicates=0, missing=49064, out_of_bounds=0, non-finite=0)
Sum(prob) over finite entries = 0.999998
init sum: 0.999998
num pixels: 49152
tile num: 1798
total tile prob: 0.999998
tiles with prob > 0: 9
total tile prob after trim: 0.999998
num tiles after trim: 9
init_pos: 1771
*********running GCP*********
total time (wallclock): 0.0232804 seconds

$ /home/daisy/GRB-Search-Pipeline/search-planning/build/sp_train /home/daisy/GRB-Search-Pipeline/results/training/maps/longlow/adapt_p11-715852394892384_a135-0_566_map.h5 /home/daisy/GRB-Search-Pipeline/search-planning/tilings/tiling_files/5.36x4.5_tiling.csv 1770 10.0 10.0 5.0 0 /home/daisy/GRB-Search-Pipeline/results/training/longlow_searching_5.36x4.5_tiling.csv
Input Parameters:
  file        = /home/daisy/GRB-Search-Pipeline/results/training/maps/longlow/adapt_p11-715852394892384_a135-0_566_map.h5
  source_tile = 1770
  slew_rate   = 10
  dwell_time  = 5
  output      = /home/daisy/GRB-Search-Pipeline/results/training/longlow_searching_5.36x4.5_tiling.csv

source = [78.2841, 135], n_src_events = 737, n_bkg_events = 756
Loaded 81 entries (unique=81, duplicates=0, missing=49071, out_of_bounds=0, non-finite=0)
Sum(prob) over finite entries = 0.999999
init sum: 0.999999
num pixels: 49152
tile num: 1798
total tile prob: 0.999999
tiles with prob > 0: 8
total tile prob after trim: 0.999999
num tiles after trim: 8
init_pos: 1785
*********running GCP*********
total time (wallclock): 0.0232901 seconds

$ /home/daisy/GRB-Search-Pipeline/search-planning/build/sp_train /home/daisy/GRB-Search-Pipeline/results/training/maps/longlow/adapt_p11-715852394892384_a135-0_567_map.h5 /home/daisy/GRB-Search-Pipeline/search-planning/tilings/tiling_files/5.36x4.5_tiling.csv 1770 10.0 10.0 5.0 0 /home/daisy/GRB-Search-Pipeline/results/training/longlow_searching_5.36x4.5_tiling.csv
Input Parameters:
  file        = /home/daisy/GRB-Search-Pipeline/results/training/maps/longlow/adapt_p11-715852394892384_a135-0_567_map.h5
  source_tile = 1770
  slew_rate   = 10
  dwell_time  = 5
  output      = /home/daisy/GRB-Search-Pipeline/results/training/longlow_searching_5.36x4.5_tiling.csv

source = [78.2841, 135], n_src_events = 738, n_bkg_events = 332
Loaded 49 entries (unique=49, duplicates=0, missing=49103, out_of_bounds=0, non-finite=0)
Sum(prob) over finite entries = 0.999999
init sum: 0.999999
num pixels: 49152
tile num: 1798
total tile prob: 0.999999
tiles with prob > 0: 5
total tile prob after trim: 0.999999
num tiles after trim: 5
init_pos: 1771
*********running GCP*********
total time (wallclock): 0.0230022 seconds

$ /home/daisy/GRB-Search-Pipeline/search-planning/build/sp_train /home/daisy/GRB-Search-Pipeline/results/training/maps/longlow/adapt_p11-715852394892384_a135-0_568_map.h5 /home/daisy/GRB-Search-Pipeline/search-planning/tilings/tiling_files/5.36x4.5_tiling.csv 1770 10.0 10.0 5.0 0 /home/daisy/GRB-Search-Pipeline/results/training/longlow_searching_5.36x4.5_tiling.csv
Input Parameters:
  file        = /home/daisy/GRB-Search-Pipeline/results/training/maps/longlow/adapt_p11-715852394892384_a135-0_568_map.h5
  source_tile = 1770
  slew_rate   = 10
  dwell_time  = 5
  output      = /home/daisy/GRB-Search-Pipeline/results/training/longlow_searching_5.36x4.5_tiling.csv

source = [78.2841, 135], n_src_events = 413, n_bkg_events = 718
Loaded 151 entries (unique=151, duplicates=0, missing=49001, out_of_bounds=0, non-finite=0)
Sum(prob) over finite entries = 0.999999
init sum: 0.999999
num pixels: 49152
tile num: 1798
total tile prob: 0.999999
tiles with prob > 0: 12
total tile prob after trim: 0.999999
num tiles after trim: 12
init_pos: 1772
*********running GCP*********
total time (wallclock): 0.0242312 seconds

$ /home/daisy/GRB-Search-Pipeline/search-planning/build/sp_train /home/daisy/GRB-Search-Pipeline/results/training/maps/longlow/adapt_p11-715852394892384_a135-0_569_map.h5 /home/daisy/GRB-Search-Pipeline/search-planning/tilings/tiling_files/5.36x4.5_tiling.csv 1770 10.0 10.0 5.0 0 /home/daisy/GRB-Search-Pipeline/results/training/longlow_searching_5.36x4.5_tiling.csv
Input Parameters:
  file        = /home/daisy/GRB-Search-Pipeline/results/training/maps/longlow/adapt_p11-715852394892384_a135-0_569_map.h5
  source_tile = 1770
  slew_rate   = 10
  dwell_time  = 5
  output      = /home/daisy/GRB-Search-Pipeline/results/training/longlow_searching_5.36x4.5_tiling.csv

source = [78.2841, 135], n_src_events = 831, n_bkg_events = 225
Loaded 37 entries (unique=37, duplicates=0, missing=49115, out_of_bounds=0, non-finite=0)
Sum(prob) over finite entries = 0.999999
init sum: 0.999999
num pixels: 49152
tile num: 1798
total tile prob: 0.999999
tiles with prob > 0: 5
total tile prob after trim: 0.999999
num tiles after trim: 5
init_pos: 1752
*********running GCP*********
total time (wallclock): 0.023092 seconds

$ /home/daisy/GRB-Search-Pipeline/search-planning/build/sp_train /home/daisy/GRB-Search-Pipeline/results/training/maps/longlow/adapt_p11-715852394892384_a135-0_56_map.h5 /home/daisy/GRB-Search-Pipeline/search-planning/tilings/tiling_files/5.36x4.5_tiling.csv 1770 10.0 10.0 5.0 0 /home/daisy/GRB-Search-Pipeline/results/training/longlow_searching_5.36x4.5_tiling.csv
Input Parameters:
  file        = /home/daisy/GRB-Search-Pipeline/results/training/maps/longlow/adapt_p11-715852394892384_a135-0_56_map.h5
  source_tile = 1770
  slew_rate   = 10
  dwell_time  = 5
  output      = /home/daisy/GRB-Search-Pipeline/results/training/longlow_searching_5.36x4.5_tiling.csv

source = [78.2841, 135], n_src_events = 372, n_bkg_events = 745
Loaded 183 entries (unique=183, duplicates=0, missing=48969, out_of_bounds=0, non-finite=0)
Sum(prob) over finite entries = 0.999998
init sum: 0.999998
num pixels: 49152
tile num: 1798
total tile prob: 0.999998
tiles with prob > 0: 13
total tile prob after trim: 0.999998
num tiles after trim: 13
init_pos: 1751
*********running GCP*********
total time (wallclock): 0.024555 seconds

$ /home/daisy/GRB-Search-Pipeline/search-planning/build/sp_train /home/daisy/GRB-Search-Pipeline/results/training/maps/longlow/adapt_p11-715852394892384_a135-0_570_map.h5 /home/daisy/GRB-Search-Pipeline/search-planning/tilings/tiling_files/5.36x4.5_tiling.csv 1770 10.0 10.0 5.0 0 /home/daisy/GRB-Search-Pipeline/results/training/longlow_searching_5.36x4.5_tiling.csv
Input Parameters:
  file        = /home/daisy/GRB-Search-Pipeline/results/training/maps/longlow/adapt_p11-715852394892384_a135-0_570_map.h5
  source_tile = 1770
  slew_rate   = 10
  dwell_time  = 5
  output      = /home/daisy/GRB-Search-Pipeline/results/training/longlow_searching_5.36x4.5_tiling.csv

source = [78.2841, 135], n_src_events = 455, n_bkg_events = 559
Loaded 120 entries (unique=120, duplicates=0, missing=49032, out_of_bounds=0, non-finite=0)
Sum(prob) over finite entries = 0.999999
init sum: 0.999999
num pixels: 49152
tile num: 1798
total tile prob: 0.999999
tiles with prob > 0: 11
total tile prob after trim: 0.999999
num tiles after trim: 11
init_pos: 1769
*********running GCP*********
total time (wallclock): 0.0224052 seconds

$ /home/daisy/GRB-Search-Pipeline/search-planning/build/sp_train /home/daisy/GRB-Search-Pipeline/results/training/maps/longlow/adapt_p11-715852394892384_a135-0_571_map.h5 /home/daisy/GRB-Search-Pipeline/search-planning/tilings/tiling_files/5.36x4.5_tiling.csv 1770 10.0 10.0 5.0 0 /home/daisy/GRB-Search-Pipeline/results/training/longlow_searching_5.36x4.5_tiling.csv
Input Parameters:
  file        = /home/daisy/GRB-Search-Pipeline/results/training/maps/longlow/adapt_p11-715852394892384_a135-0_571_map.h5
  source_tile = 1770
  slew_rate   = 10
  dwell_time  = 5
  output      = /home/daisy/GRB-Search-Pipeline/results/training/longlow_searching_5.36x4.5_tiling.csv

source = [78.2841, 135], n_src_events = 452, n_bkg_events = 698
Loaded 142 entries (unique=142, duplicates=0, missing=49010, out_of_bounds=0, non-finite=0)
Sum(prob) over finite entries = 0.999998
init sum: 0.999998
num pixels: 49152
tile num: 1798
total tile prob: 0.999998
tiles with prob > 0: 10
total tile prob after trim: 0.999998
num tiles after trim: 10
init_pos: 1728
*********running GCP*********
total time (wallclock): 0.0247253 seconds

$ /home/daisy/GRB-Search-Pipeline/search-planning/build/sp_train /home/daisy/GRB-Search-Pipeline/results/training/maps/longlow/adapt_p11-715852394892384_a135-0_572_map.h5 /home/daisy/GRB-Search-Pipeline/search-planning/tilings/tiling_files/5.36x4.5_tiling.csv 1770 10.0 10.0 5.0 0 /home/daisy/GRB-Search-Pipeline/results/training/longlow_searching_5.36x4.5_tiling.csv
Input Parameters:
  file        = /home/daisy/GRB-Search-Pipeline/results/training/maps/longlow/adapt_p11-715852394892384_a135-0_572_map.h5
  source_tile = 1770
  slew_rate   = 10
  dwell_time  = 5
  output      = /home/daisy/GRB-Search-Pipeline/results/training/longlow_searching_5.36x4.5_tiling.csv

source = [78.2841, 135], n_src_events = 505, n_bkg_events = 297
Loaded 94 entries (unique=94, duplicates=0, missing=49058, out_of_bounds=0, non-finite=0)
Sum(prob) over finite entries = 0.999998
init sum: 0.999998
num pixels: 49152
tile num: 1798
total tile prob: 0.999998
tiles with prob > 0: 9
total tile prob after trim: 0.999998
num tiles after trim: 9
init_pos: 1771
*********running GCP*********
total time (wallclock): 0.0239975 seconds

$ /home/daisy/GRB-Search-Pipeline/search-planning/build/sp_train /home/daisy/GRB-Search-Pipeline/results/training/maps/longlow/adapt_p11-715852394892384_a135-0_573_map.h5 /home/daisy/GRB-Search-Pipeline/search-planning/tilings/tiling_files/5.36x4.5_tiling.csv 1770 10.0 10.0 5.0 0 /home/daisy/GRB-Search-Pipeline/results/training/longlow_searching_5.36x4.5_tiling.csv
Input Parameters:
  file        = /home/daisy/GRB-Search-Pipeline/results/training/maps/longlow/adapt_p11-715852394892384_a135-0_573_map.h5
  source_tile = 1770
  slew_rate   = 10
  dwell_time  = 5
  output      = /home/daisy/GRB-Search-Pipeline/results/training/longlow_searching_5.36x4.5_tiling.csv

source = [78.2841, 135], n_src_events = 129, n_bkg_events = 480
Loaded 575 entries (unique=575, duplicates=0, missing=48577, out_of_bounds=0, non-finite=0)
Sum(prob) over finite entries = 0.999998
init sum: 0.999998
num pixels: 49152
tile num: 1798
total tile prob: 0.999998
tiles with prob > 0: 36
total tile prob after trim: 0.999998
num tiles after trim: 36
init_pos: 1727
*********running GCP*********
total time (wallclock): 0.026039 seconds

$ /home/daisy/GRB-Search-Pipeline/search-planning/build/sp_train /home/daisy/GRB-Search-Pipeline/results/training/maps/longlow/adapt_p11-715852394892384_a135-0_574_map.h5 /home/daisy/GRB-Search-Pipeline/search-planning/tilings/tiling_files/5.36x4.5_tiling.csv 1770 10.0 10.0 5.0 0 /home/daisy/GRB-Search-Pipeline/results/training/longlow_searching_5.36x4.5_tiling.csv
Input Parameters:
  file        = /home/daisy/GRB-Search-Pipeline/results/training/maps/longlow/adapt_p11-715852394892384_a135-0_574_map.h5
  source_tile = 1770
  slew_rate   = 10
  dwell_time  = 5
  output      = /home/daisy/GRB-Search-Pipeline/results/training/longlow_searching_5.36x4.5_tiling.csv

source = [78.2841, 135], n_src_events = 396, n_bkg_events = 201
Loaded 133 entries (unique=133, duplicates=0, missing=49019, out_of_bounds=0, non-finite=0)
Sum(prob) over finite entries = 0.999998
init sum: 0.999998
num pixels: 49152
tile num: 1798
total tile prob: 0.999998
tiles with prob > 0: 11
total tile prob after trim: 0.999998
num tiles after trim: 11
init_pos: 1771
*********running GCP*********
total time (wallclock): 0.0242154 seconds

$ /home/daisy/GRB-Search-Pipeline/search-planning/build/sp_train /home/daisy/GRB-Search-Pipeline/results/training/maps/longlow/adapt_p11-715852394892384_a135-0_575_map.h5 /home/daisy/GRB-Search-Pipeline/search-planning/tilings/tiling_files/5.36x4.5_tiling.csv 1770 10.0 10.0 5.0 0 /home/daisy/GRB-Search-Pipeline/results/training/longlow_searching_5.36x4.5_tiling.csv
Input Parameters:
  file        = /home/daisy/GRB-Search-Pipeline/results/training/maps/longlow/adapt_p11-715852394892384_a135-0_575_map.h5
  source_tile = 1770
  slew_rate   = 10
  dwell_time  = 5
  output      = /home/daisy/GRB-Search-Pipeline/results/training/longlow_searching_5.36x4.5_tiling.csv

source = [78.2841, 135], n_src_events = 789, n_bkg_events = 319
Loaded 61 entries (unique=61, duplicates=0, missing=49091, out_of_bounds=0, non-finite=0)
Sum(prob) over finite entries = 0.999998
init sum: 0.999998
num pixels: 49152
tile num: 1798
total tile prob: 0.999998
tiles with prob > 0: 8
total tile prob after trim: 0.999998
num tiles after trim: 8
init_pos: 1770
*********running GCP*********
total time (wallclock): 0.0219418 seconds

$ /home/daisy/GRB-Search-Pipeline/search-planning/build/sp_train /home/daisy/GRB-Search-Pipeline/results/training/maps/longlow/adapt_p11-715852394892384_a135-0_576_map.h5 /home/daisy/GRB-Search-Pipeline/search-planning/tilings/tiling_files/5.36x4.5_tiling.csv 1770 10.0 10.0 5.0 0 /home/daisy/GRB-Search-Pipeline/results/training/longlow_searching_5.36x4.5_tiling.csv
Input Parameters:
  file        = /home/daisy/GRB-Search-Pipeline/results/training/maps/longlow/adapt_p11-715852394892384_a135-0_576_map.h5
  source_tile = 1770
  slew_rate   = 10
  dwell_time  = 5
  output      = /home/daisy/GRB-Search-Pipeline/results/training/longlow_searching_5.36x4.5_tiling.csv

source = [78.2841, 135], n_src_events = 624, n_bkg_events = 720
Loaded 120 entries (unique=120, duplicates=0, missing=49032, out_of_bounds=0, non-finite=0)
Sum(prob) over finite entries = 0.999999
init sum: 0.999999
num pixels: 49152
tile num: 1798
total tile prob: 0.999999
tiles with prob > 0: 10
total tile prob after trim: 0.999999
num tiles after trim: 10
init_pos: 1785
*********running GCP*********
total time (wallclock): 0.022839 seconds

$ /home/daisy/GRB-Search-Pipeline/search-planning/build/sp_train /home/daisy/GRB-Search-Pipeline/results/training/maps/longlow/adapt_p11-715852394892384_a135-0_577_map.h5 /home/daisy/GRB-Search-Pipeline/search-planning/tilings/tiling_files/5.36x4.5_tiling.csv 1770 10.0 10.0 5.0 0 /home/daisy/GRB-Search-Pipeline/results/training/longlow_searching_5.36x4.5_tiling.csv
Input Parameters:
  file        = /home/daisy/GRB-Search-Pipeline/results/training/maps/longlow/adapt_p11-715852394892384_a135-0_577_map.h5
  source_tile = 1770
  slew_rate   = 10
  dwell_time  = 5
  output      = /home/daisy/GRB-Search-Pipeline/results/training/longlow_searching_5.36x4.5_tiling.csv

source = [78.2841, 135], n_src_events = 226, n_bkg_events = 616
Loaded 492 entries (unique=492, duplicates=0, missing=48660, out_of_bounds=0, non-finite=0)
Sum(prob) over finite entries = 0.999997
init sum: 0.999997
num pixels: 49152
tile num: 1798
total tile prob: 0.999997
tiles with prob > 0: 29
total tile prob after trim: 0.999997
num tiles after trim: 29
init_pos: 1783
*********running GCP*********
total time (wallclock): 0.0248726 seconds

$ /home/daisy/GRB-Search-Pipeline/search-planning/build/sp_train /home/daisy/GRB-Search-Pipeline/results/training/maps/longlow/adapt_p11-715852394892384_a135-0_578_map.h5 /home/daisy/GRB-Search-Pipeline/search-planning/tilings/tiling_files/5.36x4.5_tiling.csv 1770 10.0 10.0 5.0 0 /home/daisy/GRB-Search-Pipeline/results/training/longlow_searching_5.36x4.5_tiling.csv
Input Parameters:
  file        = /home/daisy/GRB-Search-Pipeline/results/training/maps/longlow/adapt_p11-715852394892384_a135-0_578_map.h5
  source_tile = 1770
  slew_rate   = 10
  dwell_time  = 5
  output      = /home/daisy/GRB-Search-Pipeline/results/training/longlow_searching_5.36x4.5_tiling.csv

source = [78.2841, 135], n_src_events = 702, n_bkg_events = 314
Loaded 44 entries (unique=44, duplicates=0, missing=49108, out_of_bounds=0, non-finite=0)
Sum(prob) over finite entries = 0.999999
init sum: 0.999999
num pixels: 49152
tile num: 1798
total tile prob: 0.999999
tiles with prob > 0: 5
total tile prob after trim: 0.999999
num tiles after trim: 5
init_pos: 1771
*********running GCP*********
total time (wallclock): 0.0232209 seconds

$ /home/daisy/GRB-Search-Pipeline/search-planning/build/sp_train /home/daisy/GRB-Search-Pipeline/results/training/maps/longlow/adapt_p11-715852394892384_a135-0_579_map.h5 /home/daisy/GRB-Search-Pipeline/search-planning/tilings/tiling_files/5.36x4.5_tiling.csv 1770 10.0 10.0 5.0 0 /home/daisy/GRB-Search-Pipeline/results/training/longlow_searching_5.36x4.5_tiling.csv
Input Parameters:
  file        = /home/daisy/GRB-Search-Pipeline/results/training/maps/longlow/adapt_p11-715852394892384_a135-0_579_map.h5
  source_tile = 1770
  slew_rate   = 10
  dwell_time  = 5
  output      = /home/daisy/GRB-Search-Pipeline/results/training/longlow_searching_5.36x4.5_tiling.csv

source = [78.2841, 135], n_src_events = 245, n_bkg_events = 888
Loaded 271 entries (unique=271, duplicates=0, missing=48881, out_of_bounds=0, non-finite=0)
Sum(prob) over finite entries = 0.999999
init sum: 0.999999
num pixels: 49152
tile num: 1798
total tile prob: 0.999999
tiles with prob > 0: 21
total tile prob after trim: 0.999999
num tiles after trim: 21
init_pos: 1753
*********running GCP*********
total time (wallclock): 0.023383 seconds

$ /home/daisy/GRB-Search-Pipeline/search-planning/build/sp_train /home/daisy/GRB-Search-Pipeline/results/training/maps/longlow/adapt_p11-715852394892384_a135-0_57_map.h5 /home/daisy/GRB-Search-Pipeline/search-planning/tilings/tiling_files/5.36x4.5_tiling.csv 1770 10.0 10.0 5.0 0 /home/daisy/GRB-Search-Pipeline/results/training/longlow_searching_5.36x4.5_tiling.csv
Input Parameters:
  file        = /home/daisy/GRB-Search-Pipeline/results/training/maps/longlow/adapt_p11-715852394892384_a135-0_57_map.h5
  source_tile = 1770
  slew_rate   = 10
  dwell_time  = 5
  output      = /home/daisy/GRB-Search-Pipeline/results/training/longlow_searching_5.36x4.5_tiling.csv

source = [78.2841, 135], n_src_events = 459, n_bkg_events = 437
Loaded 104 entries (unique=104, duplicates=0, missing=49048, out_of_bounds=0, non-finite=0)
Sum(prob) over finite entries = 0.999999
init sum: 0.999999
num pixels: 49152
tile num: 1798
total tile prob: 0.999999
tiles with prob > 0: 10
total tile prob after trim: 0.999999
num tiles after trim: 10
init_pos: 1752
*********running GCP*********
total time (wallclock): 0.0229054 seconds

$ /home/daisy/GRB-Search-Pipeline/search-planning/build/sp_train /home/daisy/GRB-Search-Pipeline/results/training/maps/longlow/adapt_p11-715852394892384_a135-0_580_map.h5 /home/daisy/GRB-Search-Pipeline/search-planning/tilings/tiling_files/5.36x4.5_tiling.csv 1770 10.0 10.0 5.0 0 /home/daisy/GRB-Search-Pipeline/results/training/longlow_searching_5.36x4.5_tiling.csv
Input Parameters:
  file        = /home/daisy/GRB-Search-Pipeline/results/training/maps/longlow/adapt_p11-715852394892384_a135-0_580_map.h5
  source_tile = 1770
  slew_rate   = 10
  dwell_time  = 5
  output      = /home/daisy/GRB-Search-Pipeline/results/training/longlow_searching_5.36x4.5_tiling.csv

source = [78.2841, 135], n_src_events = 743, n_bkg_events = 1020
Loaded 84 entries (unique=84, duplicates=0, missing=49068, out_of_bounds=0, non-finite=0)
Sum(prob) over finite entries = 0.999999
init sum: 0.999999
num pixels: 49152
tile num: 1798
total tile prob: 0.999999
tiles with prob > 0: 9
total tile prob after trim: 0.999999
num tiles after trim: 9
init_pos: 1752
*********running GCP*********
total time (wallclock): 0.0226689 seconds

$ /home/daisy/GRB-Search-Pipeline/search-planning/build/sp_train /home/daisy/GRB-Search-Pipeline/results/training/maps/longlow/adapt_p11-715852394892384_a135-0_581_map.h5 /home/daisy/GRB-Search-Pipeline/search-planning/tilings/tiling_files/5.36x4.5_tiling.csv 1770 10.0 10.0 5.0 0 /home/daisy/GRB-Search-Pipeline/results/training/longlow_searching_5.36x4.5_tiling.csv
Input Parameters:
  file        = /home/daisy/GRB-Search-Pipeline/results/training/maps/longlow/adapt_p11-715852394892384_a135-0_581_map.h5
  source_tile = 1770
  slew_rate   = 10
  dwell_time  = 5
  output      = /home/daisy/GRB-Search-Pipeline/results/training/longlow_searching_5.36x4.5_tiling.csv

source = [78.2841, 135], n_src_events = 757, n_bkg_events = 327
Loaded 49 entries (unique=49, duplicates=0, missing=49103, out_of_bounds=0, non-finite=0)
Sum(prob) over finite entries = 0.999999
init sum: 0.999999
num pixels: 49152
tile num: 1798
total tile prob: 0.999999
tiles with prob > 0: 5
total tile prob after trim: 0.999999
num tiles after trim: 5
init_pos: 1770
*********running GCP*********
total time (wallclock): 0.0218274 seconds

$ /home/daisy/GRB-Search-Pipeline/search-planning/build/sp_train /home/daisy/GRB-Search-Pipeline/results/training/maps/longlow/adapt_p11-715852394892384_a135-0_582_map.h5 /home/daisy/GRB-Search-Pipeline/search-planning/tilings/tiling_files/5.36x4.5_tiling.csv 1770 10.0 10.0 5.0 0 /home/daisy/GRB-Search-Pipeline/results/training/longlow_searching_5.36x4.5_tiling.csv
Input Parameters:
  file        = /home/daisy/GRB-Search-Pipeline/results/training/maps/longlow/adapt_p11-715852394892384_a135-0_582_map.h5
  source_tile = 1770
  slew_rate   = 10
  dwell_time  = 5
  output      = /home/daisy/GRB-Search-Pipeline/results/training/longlow_searching_5.36x4.5_tiling.csv

source = [78.2841, 135], n_src_events = 245, n_bkg_events = 834
Loaded 497 entries (unique=497, duplicates=0, missing=48655, out_of_bounds=0, non-finite=0)
Sum(prob) over finite entries = 0.999999
init sum: 0.999999
num pixels: 49152
tile num: 1798
total tile prob: 0.999999
tiles with prob > 0: 31
total tile prob after trim: 0.999999
num tiles after trim: 31
init_pos: 1754
*********running GCP*********
total time (wallclock): 0.0247586 seconds

$ /home/daisy/GRB-Search-Pipeline/search-planning/build/sp_train /home/daisy/GRB-Search-Pipeline/results/training/maps/longlow/adapt_p11-715852394892384_a135-0_583_map.h5 /home/daisy/GRB-Search-Pipeline/search-planning/tilings/tiling_files/5.36x4.5_tiling.csv 1770 10.0 10.0 5.0 0 /home/daisy/GRB-Search-Pipeline/results/training/longlow_searching_5.36x4.5_tiling.csv
Input Parameters:
  file        = /home/daisy/GRB-Search-Pipeline/results/training/maps/longlow/adapt_p11-715852394892384_a135-0_583_map.h5
  source_tile = 1770
  slew_rate   = 10
  dwell_time  = 5
  output      = /home/daisy/GRB-Search-Pipeline/results/training/longlow_searching_5.36x4.5_tiling.csv

source = [78.2841, 135], n_src_events = 834, n_bkg_events = 989
Loaded 81 entries (unique=81, duplicates=0, missing=49071, out_of_bounds=0, non-finite=0)
Sum(prob) over finite entries = 0.999999
init sum: 0.999999
num pixels: 49152
tile num: 1798
total tile prob: 0.999999
tiles with prob > 0: 8
total tile prob after trim: 0.999999
num tiles after trim: 8
init_pos: 1727
*********running GCP*********
total time (wallclock): 0.0239839 seconds

$ /home/daisy/GRB-Search-Pipeline/search-planning/build/sp_train /home/daisy/GRB-Search-Pipeline/results/training/maps/longlow/adapt_p11-715852394892384_a135-0_584_map.h5 /home/daisy/GRB-Search-Pipeline/search-planning/tilings/tiling_files/5.36x4.5_tiling.csv 1770 10.0 10.0 5.0 0 /home/daisy/GRB-Search-Pipeline/results/training/longlow_searching_5.36x4.5_tiling.csv
Input Parameters:
  file        = /home/daisy/GRB-Search-Pipeline/results/training/maps/longlow/adapt_p11-715852394892384_a135-0_584_map.h5
  source_tile = 1770
  slew_rate   = 10
  dwell_time  = 5
  output      = /home/daisy/GRB-Search-Pipeline/results/training/longlow_searching_5.36x4.5_tiling.csv

source = [78.2841, 135], n_src_events = 440, n_bkg_events = 451
Loaded 88 entries (unique=88, duplicates=0, missing=49064, out_of_bounds=0, non-finite=0)
Sum(prob) over finite entries = 0.999998
init sum: 0.999998
num pixels: 49152
tile num: 1798
total tile prob: 0.999998
tiles with prob > 0: 9
total tile prob after trim: 0.999998
num tiles after trim: 9
init_pos: 1770
*********running GCP*********
total time (wallclock): 0.02198 seconds

$ /home/daisy/GRB-Search-Pipeline/search-planning/build/sp_train /home/daisy/GRB-Search-Pipeline/results/training/maps/longlow/adapt_p11-715852394892384_a135-0_585_map.h5 /home/daisy/GRB-Search-Pipeline/search-planning/tilings/tiling_files/5.36x4.5_tiling.csv 1770 10.0 10.0 5.0 0 /home/daisy/GRB-Search-Pipeline/results/training/longlow_searching_5.36x4.5_tiling.csv
Input Parameters:
  file        = /home/daisy/GRB-Search-Pipeline/results/training/maps/longlow/adapt_p11-715852394892384_a135-0_585_map.h5
  source_tile = 1770
  slew_rate   = 10
  dwell_time  = 5
  output      = /home/daisy/GRB-Search-Pipeline/results/training/longlow_searching_5.36x4.5_tiling.csv

source = [78.2841, 135], n_src_events = 104, n_bkg_events = 758
Loaded 1991 entries (unique=1991, duplicates=0, missing=47161, out_of_bounds=0, non-finite=0)
Sum(prob) over finite entries = 0.999994
init sum: 0.999994
num pixels: 49152
tile num: 1798
total tile prob: 0.999994
tiles with prob > 0: 100
total tile prob after trim: 0.999994
num tiles after trim: 100
init_pos: 1785
*********running GCP*********
total time (wallclock): 0.0317353 seconds

$ /home/daisy/GRB-Search-Pipeline/search-planning/build/sp_train /home/daisy/GRB-Search-Pipeline/results/training/maps/longlow/adapt_p11-715852394892384_a135-0_586_map.h5 /home/daisy/GRB-Search-Pipeline/search-planning/tilings/tiling_files/5.36x4.5_tiling.csv 1770 10.0 10.0 5.0 0 /home/daisy/GRB-Search-Pipeline/results/training/longlow_searching_5.36x4.5_tiling.csv
Input Parameters:
  file        = /home/daisy/GRB-Search-Pipeline/results/training/maps/longlow/adapt_p11-715852394892384_a135-0_586_map.h5
  source_tile = 1770
  slew_rate   = 10
  dwell_time  = 5
  output      = /home/daisy/GRB-Search-Pipeline/results/training/longlow_searching_5.36x4.5_tiling.csv

source = [78.2841, 135], n_src_events = 190, n_bkg_events = 196
Loaded 421 entries (unique=421, duplicates=0, missing=48731, out_of_bounds=0, non-finite=0)
Sum(prob) over finite entries = 0.999998
init sum: 0.999998
num pixels: 49152
tile num: 1798
total tile prob: 0.999998
tiles with prob > 0: 27
total tile prob after trim: 0.999998
num tiles after trim: 27
init_pos: 1752
*********running GCP*********
total time (wallclock): 0.0228555 seconds

$ /home/daisy/GRB-Search-Pipeline/search-planning/build/sp_train /home/daisy/GRB-Search-Pipeline/results/training/maps/longlow/adapt_p11-715852394892384_a135-0_587_map.h5 /home/daisy/GRB-Search-Pipeline/search-planning/tilings/tiling_files/5.36x4.5_tiling.csv 1770 10.0 10.0 5.0 0 /home/daisy/GRB-Search-Pipeline/results/training/longlow_searching_5.36x4.5_tiling.csv
Input Parameters:
  file        = /home/daisy/GRB-Search-Pipeline/results/training/maps/longlow/adapt_p11-715852394892384_a135-0_587_map.h5
  source_tile = 1770
  slew_rate   = 10
  dwell_time  = 5
  output      = /home/daisy/GRB-Search-Pipeline/results/training/longlow_searching_5.36x4.5_tiling.csv

source = [78.2841, 135], n_src_events = 315, n_bkg_events = 357
Loaded 135 entries (unique=135, duplicates=0, missing=49017, out_of_bounds=0, non-finite=0)
Sum(prob) over finite entries = 0.999998
init sum: 0.999998
num pixels: 49152
tile num: 1798
total tile prob: 0.999998
tiles with prob > 0: 11
total tile prob after trim: 0.999998
num tiles after trim: 11
init_pos: 1770
*********running GCP*********
total time (wallclock): 0.0218364 seconds

$ /home/daisy/GRB-Search-Pipeline/search-planning/build/sp_train /home/daisy/GRB-Search-Pipeline/results/training/maps/longlow/adapt_p11-715852394892384_a135-0_588_map.h5 /home/daisy/GRB-Search-Pipeline/search-planning/tilings/tiling_files/5.36x4.5_tiling.csv 1770 10.0 10.0 5.0 0 /home/daisy/GRB-Search-Pipeline/results/training/longlow_searching_5.36x4.5_tiling.csv
Input Parameters:
  file        = /home/daisy/GRB-Search-Pipeline/results/training/maps/longlow/adapt_p11-715852394892384_a135-0_588_map.h5
  source_tile = 1770
  slew_rate   = 10
  dwell_time  = 5
  output      = /home/daisy/GRB-Search-Pipeline/results/training/longlow_searching_5.36x4.5_tiling.csv

source = [78.2841, 135], n_src_events = 193, n_bkg_events = 340
Loaded 446 entries (unique=446, duplicates=0, missing=48706, out_of_bounds=0, non-finite=0)
Sum(prob) over finite entries = 0.999999
init sum: 0.999999
num pixels: 49152
tile num: 1798
total tile prob: 0.999999
tiles with prob > 0: 26
total tile prob after trim: 0.999999
num tiles after trim: 26
init_pos: 1753
*********running GCP*********
total time (wallclock): 0.0242388 seconds

$ /home/daisy/GRB-Search-Pipeline/search-planning/build/sp_train /home/daisy/GRB-Search-Pipeline/results/training/maps/longlow/adapt_p11-715852394892384_a135-0_589_map.h5 /home/daisy/GRB-Search-Pipeline/search-planning/tilings/tiling_files/5.36x4.5_tiling.csv 1770 10.0 10.0 5.0 0 /home/daisy/GRB-Search-Pipeline/results/training/longlow_searching_5.36x4.5_tiling.csv
Input Parameters:
  file        = /home/daisy/GRB-Search-Pipeline/results/training/maps/longlow/adapt_p11-715852394892384_a135-0_589_map.h5
  source_tile = 1770
  slew_rate   = 10
  dwell_time  = 5
  output      = /home/daisy/GRB-Search-Pipeline/results/training/longlow_searching_5.36x4.5_tiling.csv

source = [78.2841, 135], n_src_events = 417, n_bkg_events = 898
Loaded 168 entries (unique=168, duplicates=0, missing=48984, out_of_bounds=0, non-finite=0)
Sum(prob) over finite entries = 0.999998
init sum: 0.999998
num pixels: 49152
tile num: 1798
total tile prob: 0.999998
tiles with prob > 0: 15
total tile prob after trim: 0.999998
num tiles after trim: 15
init_pos: 1785
*********running GCP*********
total time (wallclock): 0.0236885 seconds

$ /home/daisy/GRB-Search-Pipeline/search-planning/build/sp_train /home/daisy/GRB-Search-Pipeline/results/training/maps/longlow/adapt_p11-715852394892384_a135-0_58_map.h5 /home/daisy/GRB-Search-Pipeline/search-planning/tilings/tiling_files/5.36x4.5_tiling.csv 1770 10.0 10.0 5.0 0 /home/daisy/GRB-Search-Pipeline/results/training/longlow_searching_5.36x4.5_tiling.csv
Input Parameters:
  file        = /home/daisy/GRB-Search-Pipeline/results/training/maps/longlow/adapt_p11-715852394892384_a135-0_58_map.h5
  source_tile = 1770
  slew_rate   = 10
  dwell_time  = 5
  output      = /home/daisy/GRB-Search-Pipeline/results/training/longlow_searching_5.36x4.5_tiling.csv

source = [78.2841, 135], n_src_events = 249, n_bkg_events = 227
Loaded 200 entries (unique=200, duplicates=0, missing=48952, out_of_bounds=0, non-finite=0)
Sum(prob) over finite entries = 0.999999
init sum: 0.999999
num pixels: 49152
tile num: 1798
total tile prob: 0.999999
tiles with prob > 0: 12
total tile prob after trim: 0.999999
num tiles after trim: 12
init_pos: 1772
*********running GCP*********
total time (wallclock): 0.0242397 seconds

$ /home/daisy/GRB-Search-Pipeline/search-planning/build/sp_train /home/daisy/GRB-Search-Pipeline/results/training/maps/longlow/adapt_p11-715852394892384_a135-0_590_map.h5 /home/daisy/GRB-Search-Pipeline/search-planning/tilings/tiling_files/5.36x4.5_tiling.csv 1770 10.0 10.0 5.0 0 /home/daisy/GRB-Search-Pipeline/results/training/longlow_searching_5.36x4.5_tiling.csv
Input Parameters:
  file        = /home/daisy/GRB-Search-Pipeline/results/training/maps/longlow/adapt_p11-715852394892384_a135-0_590_map.h5
  source_tile = 1770
  slew_rate   = 10
  dwell_time  = 5
  output      = /home/daisy/GRB-Search-Pipeline/results/training/longlow_searching_5.36x4.5_tiling.csv

source = [78.2841, 135], n_src_events = 553, n_bkg_events = 781
Loaded 93 entries (unique=93, duplicates=0, missing=49059, out_of_bounds=0, non-finite=0)
Sum(prob) over finite entries = 0.999998
init sum: 0.999998
num pixels: 49152
tile num: 1798
total tile prob: 0.999998
tiles with prob > 0: 9
total tile prob after trim: 0.999998
num tiles after trim: 9
init_pos: 1770
*********running GCP*********
total time (wallclock): 0.0220628 seconds

$ /home/daisy/GRB-Search-Pipeline/search-planning/build/sp_train /home/daisy/GRB-Search-Pipeline/results/training/maps/longlow/adapt_p11-715852394892384_a135-0_591_map.h5 /home/daisy/GRB-Search-Pipeline/search-planning/tilings/tiling_files/5.36x4.5_tiling.csv 1770 10.0 10.0 5.0 0 /home/daisy/GRB-Search-Pipeline/results/training/longlow_searching_5.36x4.5_tiling.csv
Input Parameters:
  file        = /home/daisy/GRB-Search-Pipeline/results/training/maps/longlow/adapt_p11-715852394892384_a135-0_591_map.h5
  source_tile = 1770
  slew_rate   = 10
  dwell_time  = 5
  output      = /home/daisy/GRB-Search-Pipeline/results/training/longlow_searching_5.36x4.5_tiling.csv

source = [78.2841, 135], n_src_events = 393, n_bkg_events = 293
Loaded 99 entries (unique=99, duplicates=0, missing=49053, out_of_bounds=0, non-finite=0)
Sum(prob) over finite entries = 0.999999
init sum: 0.999999
num pixels: 49152
tile num: 1798
total tile prob: 0.999999
tiles with prob > 0: 10
total tile prob after trim: 0.999999
num tiles after trim: 10
init_pos: 1752
*********running GCP*********
total time (wallclock): 0.0229994 seconds

$ /home/daisy/GRB-Search-Pipeline/search-planning/build/sp_train /home/daisy/GRB-Search-Pipeline/results/training/maps/longlow/adapt_p11-715852394892384_a135-0_592_map.h5 /home/daisy/GRB-Search-Pipeline/search-planning/tilings/tiling_files/5.36x4.5_tiling.csv 1770 10.0 10.0 5.0 0 /home/daisy/GRB-Search-Pipeline/results/training/longlow_searching_5.36x4.5_tiling.csv
Input Parameters:
  file        = /home/daisy/GRB-Search-Pipeline/results/training/maps/longlow/adapt_p11-715852394892384_a135-0_592_map.h5
  source_tile = 1770
  slew_rate   = 10
  dwell_time  = 5
  output      = /home/daisy/GRB-Search-Pipeline/results/training/longlow_searching_5.36x4.5_tiling.csv

source = [78.2841, 135], n_src_events = 517, n_bkg_events = 490
Loaded 93 entries (unique=93, duplicates=0, missing=49059, out_of_bounds=0, non-finite=0)
Sum(prob) over finite entries = 0.999999
init sum: 0.999999
num pixels: 49152
tile num: 1798
total tile prob: 0.999999
tiles with prob > 0: 11
total tile prob after trim: 0.999999
num tiles after trim: 11
init_pos: 1770
*********running GCP*********
total time (wallclock): 0.0220097 seconds

$ /home/daisy/GRB-Search-Pipeline/search-planning/build/sp_train /home/daisy/GRB-Search-Pipeline/results/training/maps/longlow/adapt_p11-715852394892384_a135-0_593_map.h5 /home/daisy/GRB-Search-Pipeline/search-planning/tilings/tiling_files/5.36x4.5_tiling.csv 1770 10.0 10.0 5.0 0 /home/daisy/GRB-Search-Pipeline/results/training/longlow_searching_5.36x4.5_tiling.csv
Input Parameters:
  file        = /home/daisy/GRB-Search-Pipeline/results/training/maps/longlow/adapt_p11-715852394892384_a135-0_593_map.h5
  source_tile = 1770
  slew_rate   = 10
  dwell_time  = 5
  output      = /home/daisy/GRB-Search-Pipeline/results/training/longlow_searching_5.36x4.5_tiling.csv

source = [78.2841, 135], n_src_events = 557, n_bkg_events = 277
Loaded 72 entries (unique=72, duplicates=0, missing=49080, out_of_bounds=0, non-finite=0)
Sum(prob) over finite entries = 0.999997
init sum: 0.999997
num pixels: 49152
tile num: 1798
total tile prob: 0.999997
tiles with prob > 0: 8
total tile prob after trim: 0.999997
num tiles after trim: 8
init_pos: 1770
*********running GCP*********
total time (wallclock): 0.0219252 seconds

$ /home/daisy/GRB-Search-Pipeline/search-planning/build/sp_train /home/daisy/GRB-Search-Pipeline/results/training/maps/longlow/adapt_p11-715852394892384_a135-0_594_map.h5 /home/daisy/GRB-Search-Pipeline/search-planning/tilings/tiling_files/5.36x4.5_tiling.csv 1770 10.0 10.0 5.0 0 /home/daisy/GRB-Search-Pipeline/results/training/longlow_searching_5.36x4.5_tiling.csv
Input Parameters:
  file        = /home/daisy/GRB-Search-Pipeline/results/training/maps/longlow/adapt_p11-715852394892384_a135-0_594_map.h5
  source_tile = 1770
  slew_rate   = 10
  dwell_time  = 5
  output      = /home/daisy/GRB-Search-Pipeline/results/training/longlow_searching_5.36x4.5_tiling.csv

source = [78.2841, 135], n_src_events = 455, n_bkg_events = 1054
Loaded 129 entries (unique=129, duplicates=0, missing=49023, out_of_bounds=0, non-finite=0)
Sum(prob) over finite entries = 0.999999
init sum: 0.999999
num pixels: 49152
tile num: 1798
total tile prob: 0.999999
tiles with prob > 0: 11
total tile prob after trim: 0.999999
num tiles after trim: 11
init_pos: 1770
*********running GCP*********
total time (wallclock): 0.0219388 seconds

$ /home/daisy/GRB-Search-Pipeline/search-planning/build/sp_train /home/daisy/GRB-Search-Pipeline/results/training/maps/longlow/adapt_p11-715852394892384_a135-0_595_map.h5 /home/daisy/GRB-Search-Pipeline/search-planning/tilings/tiling_files/5.36x4.5_tiling.csv 1770 10.0 10.0 5.0 0 /home/daisy/GRB-Search-Pipeline/results/training/longlow_searching_5.36x4.5_tiling.csv
Input Parameters:
  file        = /home/daisy/GRB-Search-Pipeline/results/training/maps/longlow/adapt_p11-715852394892384_a135-0_595_map.h5
  source_tile = 1770
  slew_rate   = 10
  dwell_time  = 5
  output      = /home/daisy/GRB-Search-Pipeline/results/training/longlow_searching_5.36x4.5_tiling.csv

source = [78.2841, 135], n_src_events = 233, n_bkg_events = 695
Loaded 247 entries (unique=247, duplicates=0, missing=48905, out_of_bounds=0, non-finite=0)
Sum(prob) over finite entries = 0.999999
init sum: 0.999999
num pixels: 49152
tile num: 1798
total tile prob: 0.999999
tiles with prob > 0: 17
total tile prob after trim: 0.999999
num tiles after trim: 17
init_pos: 1751
*********running GCP*********
total time (wallclock): 0.0235637 seconds

$ /home/daisy/GRB-Search-Pipeline/search-planning/build/sp_train /home/daisy/GRB-Search-Pipeline/results/training/maps/longlow/adapt_p11-715852394892384_a135-0_596_map.h5 /home/daisy/GRB-Search-Pipeline/search-planning/tilings/tiling_files/5.36x4.5_tiling.csv 1770 10.0 10.0 5.0 0 /home/daisy/GRB-Search-Pipeline/results/training/longlow_searching_5.36x4.5_tiling.csv
Input Parameters:
  file        = /home/daisy/GRB-Search-Pipeline/results/training/maps/longlow/adapt_p11-715852394892384_a135-0_596_map.h5
  source_tile = 1770
  slew_rate   = 10
  dwell_time  = 5
  output      = /home/daisy/GRB-Search-Pipeline/results/training/longlow_searching_5.36x4.5_tiling.csv

source = [78.2841, 135], n_src_events = 772, n_bkg_events = 803
Loaded 58 entries (unique=58, duplicates=0, missing=49094, out_of_bounds=0, non-finite=0)
Sum(prob) over finite entries = 0.999999
init sum: 0.999999
num pixels: 49152
tile num: 1798
total tile prob: 0.999999
tiles with prob > 0: 5
total tile prob after trim: 0.999999
num tiles after trim: 5
init_pos: 1771
*********running GCP*********
total time (wallclock): 0.0231572 seconds

$ /home/daisy/GRB-Search-Pipeline/search-planning/build/sp_train /home/daisy/GRB-Search-Pipeline/results/training/maps/longlow/adapt_p11-715852394892384_a135-0_597_map.h5 /home/daisy/GRB-Search-Pipeline/search-planning/tilings/tiling_files/5.36x4.5_tiling.csv 1770 10.0 10.0 5.0 0 /home/daisy/GRB-Search-Pipeline/results/training/longlow_searching_5.36x4.5_tiling.csv
Input Parameters:
  file        = /home/daisy/GRB-Search-Pipeline/results/training/maps/longlow/adapt_p11-715852394892384_a135-0_597_map.h5
  source_tile = 1770
  slew_rate   = 10
  dwell_time  = 5
  output      = /home/daisy/GRB-Search-Pipeline/results/training/longlow_searching_5.36x4.5_tiling.csv

source = [78.2841, 135], n_src_events = 309, n_bkg_events = 580
Loaded 181 entries (unique=181, duplicates=0, missing=48971, out_of_bounds=0, non-finite=0)
Sum(prob) over finite entries = 0.999999
init sum: 0.999999
num pixels: 49152
tile num: 1798
total tile prob: 0.999999
tiles with prob > 0: 14
total tile prob after trim: 0.999999
num tiles after trim: 14
init_pos: 1772
*********running GCP*********
total time (wallclock): 0.024012 seconds

$ /home/daisy/GRB-Search-Pipeline/search-planning/build/sp_train /home/daisy/GRB-Search-Pipeline/results/training/maps/longlow/adapt_p11-715852394892384_a135-0_598_map.h5 /home/daisy/GRB-Search-Pipeline/search-planning/tilings/tiling_files/5.36x4.5_tiling.csv 1770 10.0 10.0 5.0 0 /home/daisy/GRB-Search-Pipeline/results/training/longlow_searching_5.36x4.5_tiling.csv
Input Parameters:
  file        = /home/daisy/GRB-Search-Pipeline/results/training/maps/longlow/adapt_p11-715852394892384_a135-0_598_map.h5
  source_tile = 1770
  slew_rate   = 10
  dwell_time  = 5
  output      = /home/daisy/GRB-Search-Pipeline/results/training/longlow_searching_5.36x4.5_tiling.csv

source = [78.2841, 135], n_src_events = 214, n_bkg_events = 830
Loaded 405 entries (unique=405, duplicates=0, missing=48747, out_of_bounds=0, non-finite=0)
Sum(prob) over finite entries = 0.999998
init sum: 0.999998
num pixels: 49152
tile num: 1798
total tile prob: 0.999998
tiles with prob > 0: 28
total tile prob after trim: 0.999998
num tiles after trim: 28
init_pos: 1793
*********running GCP*********
total time (wallclock): 0.0250089 seconds

$ /home/daisy/GRB-Search-Pipeline/search-planning/build/sp_train /home/daisy/GRB-Search-Pipeline/results/training/maps/longlow/adapt_p11-715852394892384_a135-0_599_map.h5 /home/daisy/GRB-Search-Pipeline/search-planning/tilings/tiling_files/5.36x4.5_tiling.csv 1770 10.0 10.0 5.0 0 /home/daisy/GRB-Search-Pipeline/results/training/longlow_searching_5.36x4.5_tiling.csv
Input Parameters:
  file        = /home/daisy/GRB-Search-Pipeline/results/training/maps/longlow/adapt_p11-715852394892384_a135-0_599_map.h5
  source_tile = 1770
  slew_rate   = 10
  dwell_time  = 5
  output      = /home/daisy/GRB-Search-Pipeline/results/training/longlow_searching_5.36x4.5_tiling.csv

source = [78.2841, 135], n_src_events = 760, n_bkg_events = 754
Loaded 63 entries (unique=63, duplicates=0, missing=49089, out_of_bounds=0, non-finite=0)
Sum(prob) over finite entries = 0.999999
init sum: 0.999999
num pixels: 49152
tile num: 1798
total tile prob: 0.999999
tiles with prob > 0: 6
total tile prob after trim: 0.999999
num tiles after trim: 6
init_pos: 1752
*********running GCP*********
total time (wallclock): 0.02274 seconds
