
$ /home/daisy/GRB-Search-Pipeline/search-planning/build/sp_train /home/daisy/GRB-Search-Pipeline/results/training/maps/short/adapt_p11-715852394892384_a135-0_0_map.h5 /home/daisy/GRB-Search-Pipeline/search-planning/tilings/tiling_files/5.36x4.5_tiling.csv 1770 10.0 10.0 5.0 0 /home/daisy/GRB-Search-Pipeline/results/training/short_searching_5.36x4.5_tiling.csv
Input Parameters:
  file        = /home/daisy/GRB-Search-Pipeline/results/training/maps/short/adapt_p11-715852394892384_a135-0_0_map.h5
  source_tile = 1770
  slew_rate   = 10
  dwell_time  = 5
  output      = /home/daisy/GRB-Search-Pipeline/results/training/short_searching_5.36x4.5_tiling.csv

source = [78.2841, 135], n_src_events = 130, n_bkg_events = 983
Loaded 513 entries (unique=513, duplicates=0, missing=48639, out_of_bounds=0, non-finite=0)
Sum(prob) over finite entries = 0.999998
init sum: 0.999998
num pixels: 49152
tile num: 1798
total tile prob: 0.999998
tiles with prob > 0: 34
total tile prob after trim: 0.999998
num tiles after trim: 34
init_pos: 1751
*********running GCP*********
total time (wallclock): 0.0243042 seconds

$ /home/daisy/GRB-Search-Pipeline/search-planning/build/sp_train /home/daisy/GRB-Search-Pipeline/results/training/maps/short/adapt_p11-715852394892384_a135-0_100_map.h5 /home/daisy/GRB-Search-Pipeline/search-planning/tilings/tiling_files/5.36x4.5_tiling.csv 1770 10.0 10.0 5.0 0 /home/daisy/GRB-Search-Pipeline/results/training/short_searching_5.36x4.5_tiling.csv
Input Parameters:
  file        = /home/daisy/GRB-Search-Pipeline/results/training/maps/short/adapt_p11-715852394892384_a135-0_100_map.h5
  source_tile = 1770
  slew_rate   = 10
  dwell_time  = 5
  output      = /home/daisy/GRB-Search-Pipeline/results/training/short_searching_5.36x4.5_tiling.csv

source = [78.2841, 135], n_src_events = 308, n_bkg_events = 483
Loaded 262 entries (unique=262, duplicates=0, missing=48890, out_of_bounds=0, non-finite=0)
Sum(prob) over finite entries = 0.999997
init sum: 0.999997
num pixels: 49152
tile num: 1798
total tile prob: 0.999997
tiles with prob > 0: 17
total tile prob after trim: 0.999997
num tiles after trim: 17
init_pos: 1772
*********running GCP*********
total time (wallclock): 0.0253004 seconds

$ /home/daisy/GRB-Search-Pipeline/search-planning/build/sp_train /home/daisy/GRB-Search-Pipeline/results/training/maps/short/adapt_p11-715852394892384_a135-0_101_map.h5 /home/daisy/GRB-Search-Pipeline/search-planning/tilings/tiling_files/5.36x4.5_tiling.csv 1770 10.0 10.0 5.0 0 /home/daisy/GRB-Search-Pipeline/results/training/short_searching_5.36x4.5_tiling.csv
Input Parameters:
  file        = /home/daisy/GRB-Search-Pipeline/results/training/maps/short/adapt_p11-715852394892384_a135-0_101_map.h5
  source_tile = 1770
  slew_rate   = 10
  dwell_time  = 5
  output      = /home/daisy/GRB-Search-Pipeline/results/training/short_searching_5.36x4.5_tiling.csv

source = [78.2841, 135], n_src_events = 440, n_bkg_events = 1730
Loaded 149 entries (unique=149, duplicates=0, missing=49003, out_of_bounds=0, non-finite=0)
Sum(prob) over finite entries = 0.999998
init sum: 0.999998
num pixels: 49152
tile num: 1798
total tile prob: 0.999998
tiles with prob > 0: 11
total tile prob after trim: 0.999998
num tiles after trim: 11
init_pos: 1771
*********running GCP*********
total time (wallclock): 0.0241073 seconds

$ /home/daisy/GRB-Search-Pipeline/search-planning/build/sp_train /home/daisy/GRB-Search-Pipeline/results/training/maps/short/adapt_p11-715852394892384_a135-0_102_map.h5 /home/daisy/GRB-Search-Pipeline/search-planning/tilings/tiling_files/5.36x4.5_tiling.csv 1770 10.0 10.0 5.0 0 /home/daisy/GRB-Search-Pipeline/results/training/short_searching_5.36x4.5_tiling.csv
Input Parameters:
  file        = /home/daisy/GRB-Search-Pipeline/results/training/maps/short/adapt_p11-715852394892384_a135-0_102_map.h5
  source_tile = 1770
  slew_rate   = 10
  dwell_time  = 5
  output      = /home/daisy/GRB-Search-Pipeline/results/training/short_searching_5.36x4.5_tiling.csv

source = [78.2841, 135], n_src_events = 296, n_bkg_events = 403
Loaded 125 entries (unique=125, duplicates=0, missing=49027, out_of_bounds=0, non-finite=0)
Sum(prob) over finite entries = 0.999998
init sum: 0.999998
num pixels: 49152
tile num: 1798
total tile prob: 0.999998
tiles with prob > 0: 10
total tile prob after trim: 0.999998
num tiles after trim: 10
init_pos: 1752
*********running GCP*********
total time (wallclock): 0.0229546 seconds

$ /home/daisy/GRB-Search-Pipeline/search-planning/build/sp_train /home/daisy/GRB-Search-Pipeline/results/training/maps/short/adapt_p11-715852394892384_a135-0_103_map.h5 /home/daisy/GRB-Search-Pipeline/search-planning/tilings/tiling_files/5.36x4.5_tiling.csv 1770 10.0 10.0 5.0 0 /home/daisy/GRB-Search-Pipeline/results/training/short_searching_5.36x4.5_tiling.csv
Input Parameters:
  file        = /home/daisy/GRB-Search-Pipeline/results/training/maps/short/adapt_p11-715852394892384_a135-0_103_map.h5
  source_tile = 1770
  slew_rate   = 10
  dwell_time  = 5
  output      = /home/daisy/GRB-Search-Pipeline/results/training/short_searching_5.36x4.5_tiling.csv

source = [78.2841, 135], n_src_events = 403, n_bkg_events = 143
Loaded 81 entries (unique=81, duplicates=0, missing=49071, out_of_bounds=0, non-finite=0)
Sum(prob) over finite entries = 0.999999
init sum: 0.999999
num pixels: 49152
tile num: 1798
total tile prob: 0.999999
tiles with prob > 0: 8
total tile prob after trim: 0.999999
num tiles after trim: 8
init_pos: 1753
*********running GCP*********
total time (wallclock): 0.0240196 seconds

$ /home/daisy/GRB-Search-Pipeline/search-planning/build/sp_train /home/daisy/GRB-Search-Pipeline/results/training/maps/short/adapt_p11-715852394892384_a135-0_104_map.h5 /home/daisy/GRB-Search-Pipeline/search-planning/tilings/tiling_files/5.36x4.5_tiling.csv 1770 10.0 10.0 5.0 0 /home/daisy/GRB-Search-Pipeline/results/training/short_searching_5.36x4.5_tiling.csv
Input Parameters:
  file        = /home/daisy/GRB-Search-Pipeline/results/training/maps/short/adapt_p11-715852394892384_a135-0_104_map.h5
  source_tile = 1770
  slew_rate   = 10
  dwell_time  = 5
  output      = /home/daisy/GRB-Search-Pipeline/results/training/short_searching_5.36x4.5_tiling.csv

source = [78.2841, 135], n_src_events = 239, n_bkg_events = 1337
Loaded 580 entries (unique=580, duplicates=0, missing=48572, out_of_bounds=0, non-finite=0)
Sum(prob) over finite entries = 0.999998
init sum: 0.999998
num pixels: 49152
tile num: 1798
total tile prob: 0.999998
tiles with prob > 0: 34
total tile prob after trim: 0.999998
num tiles after trim: 34
init_pos: 1771
*********running GCP*********
total time (wallclock): 0.0300791 seconds

$ /home/daisy/GRB-Search-Pipeline/search-planning/build/sp_train /home/daisy/GRB-Search-Pipeline/results/training/maps/short/adapt_p11-715852394892384_a135-0_105_map.h5 /home/daisy/GRB-Search-Pipeline/search-planning/tilings/tiling_files/5.36x4.5_tiling.csv 1770 10.0 10.0 5.0 0 /home/daisy/GRB-Search-Pipeline/results/training/short_searching_5.36x4.5_tiling.csv
Input Parameters:
  file        = /home/daisy/GRB-Search-Pipeline/results/training/maps/short/adapt_p11-715852394892384_a135-0_105_map.h5
  source_tile = 1770
  slew_rate   = 10
  dwell_time  = 5
  output      = /home/daisy/GRB-Search-Pipeline/results/training/short_searching_5.36x4.5_tiling.csv

source = [78.2841, 135], n_src_events = 130, n_bkg_events = 1540
Loaded 1308 entries (unique=1308, duplicates=0, missing=47844, out_of_bounds=0, non-finite=0)
Sum(prob) over finite entries = 0.999996
init sum: 0.999996
num pixels: 49152
tile num: 1798
total tile prob: 0.999996
tiles with prob > 0: 67
total tile prob after trim: 0.999996
num tiles after trim: 67
init_pos: 1769
*********running GCP*********
total time (wallclock): 0.0282959 seconds

$ /home/daisy/GRB-Search-Pipeline/search-planning/build/sp_train /home/daisy/GRB-Search-Pipeline/results/training/maps/short/adapt_p11-715852394892384_a135-0_106_map.h5 /home/daisy/GRB-Search-Pipeline/search-planning/tilings/tiling_files/5.36x4.5_tiling.csv 1770 10.0 10.0 5.0 0 /home/daisy/GRB-Search-Pipeline/results/training/short_searching_5.36x4.5_tiling.csv
Input Parameters:
  file        = /home/daisy/GRB-Search-Pipeline/results/training/maps/short/adapt_p11-715852394892384_a135-0_106_map.h5
  source_tile = 1770
  slew_rate   = 10
  dwell_time  = 5
  output      = /home/daisy/GRB-Search-Pipeline/results/training/short_searching_5.36x4.5_tiling.csv

source = [78.2841, 135], n_src_events = 95, n_bkg_events = 443
Loaded 770 entries (unique=770, duplicates=0, missing=48382, out_of_bounds=0, non-finite=0)
Sum(prob) over finite entries = 0.999998
init sum: 0.999998
num pixels: 49152
tile num: 1798
total tile prob: 0.999998
tiles with prob > 0: 47
total tile prob after trim: 0.999998
num tiles after trim: 47
init_pos: 1726
*********running GCP*********
total time (wallclock): 0.0239194 seconds

$ /home/daisy/GRB-Search-Pipeline/search-planning/build/sp_train /home/daisy/GRB-Search-Pipeline/results/training/maps/short/adapt_p11-715852394892384_a135-0_107_map.h5 /home/daisy/GRB-Search-Pipeline/search-planning/tilings/tiling_files/5.36x4.5_tiling.csv 1770 10.0 10.0 5.0 0 /home/daisy/GRB-Search-Pipeline/results/training/short_searching_5.36x4.5_tiling.csv
Input Parameters:
  file        = /home/daisy/GRB-Search-Pipeline/results/training/maps/short/adapt_p11-715852394892384_a135-0_107_map.h5
  source_tile = 1770
  slew_rate   = 10
  dwell_time  = 5
  output      = /home/daisy/GRB-Search-Pipeline/results/training/short_searching_5.36x4.5_tiling.csv

source = [78.2841, 135], n_src_events = 321, n_bkg_events = 166
Loaded 127 entries (unique=127, duplicates=0, missing=49025, out_of_bounds=0, non-finite=0)
Sum(prob) over finite entries = 0.999999
init sum: 0.999999
num pixels: 49152
tile num: 1798
total tile prob: 0.999999
tiles with prob > 0: 9
total tile prob after trim: 0.999999
num tiles after trim: 9
init_pos: 1751
*********running GCP*********
total time (wallclock): 0.0238575 seconds

$ /home/daisy/GRB-Search-Pipeline/search-planning/build/sp_train /home/daisy/GRB-Search-Pipeline/results/training/maps/short/adapt_p11-715852394892384_a135-0_108_map.h5 /home/daisy/GRB-Search-Pipeline/search-planning/tilings/tiling_files/5.36x4.5_tiling.csv 1770 10.0 10.0 5.0 0 /home/daisy/GRB-Search-Pipeline/results/training/short_searching_5.36x4.5_tiling.csv
Input Parameters:
  file        = /home/daisy/GRB-Search-Pipeline/results/training/maps/short/adapt_p11-715852394892384_a135-0_108_map.h5
  source_tile = 1770
  slew_rate   = 10
  dwell_time  = 5
  output      = /home/daisy/GRB-Search-Pipeline/results/training/short_searching_5.36x4.5_tiling.csv

source = [78.2841, 135], n_src_events = 552, n_bkg_events = 652
Loaded 72 entries (unique=72, duplicates=0, missing=49080, out_of_bounds=0, non-finite=0)
Sum(prob) over finite entries = 0.999998
init sum: 0.999998
num pixels: 49152
tile num: 1798
total tile prob: 0.999998
tiles with prob > 0: 8
total tile prob after trim: 0.999998
num tiles after trim: 8
init_pos: 1770
*********running GCP*********
total time (wallclock): 0.0219413 seconds

$ /home/daisy/GRB-Search-Pipeline/search-planning/build/sp_train /home/daisy/GRB-Search-Pipeline/results/training/maps/short/adapt_p11-715852394892384_a135-0_109_map.h5 /home/daisy/GRB-Search-Pipeline/search-planning/tilings/tiling_files/5.36x4.5_tiling.csv 1770 10.0 10.0 5.0 0 /home/daisy/GRB-Search-Pipeline/results/training/short_searching_5.36x4.5_tiling.csv
Input Parameters:
  file        = /home/daisy/GRB-Search-Pipeline/results/training/maps/short/adapt_p11-715852394892384_a135-0_109_map.h5
  source_tile = 1770
  slew_rate   = 10
  dwell_time  = 5
  output      = /home/daisy/GRB-Search-Pipeline/results/training/short_searching_5.36x4.5_tiling.csv

source = [78.2841, 135], n_src_events = 833, n_bkg_events = 170
Loaded 32 entries (unique=32, duplicates=0, missing=49120, out_of_bounds=0, non-finite=0)
Sum(prob) over finite entries = 0.999998
init sum: 0.999998
num pixels: 49152
tile num: 1798
total tile prob: 0.999998
tiles with prob > 0: 5
total tile prob after trim: 0.999998
num tiles after trim: 5
init_pos: 1771
*********running GCP*********
total time (wallclock): 0.0231492 seconds

$ /home/daisy/GRB-Search-Pipeline/search-planning/build/sp_train /home/daisy/GRB-Search-Pipeline/results/training/maps/short/adapt_p11-715852394892384_a135-0_10_map.h5 /home/daisy/GRB-Search-Pipeline/search-planning/tilings/tiling_files/5.36x4.5_tiling.csv 1770 10.0 10.0 5.0 0 /home/daisy/GRB-Search-Pipeline/results/training/short_searching_5.36x4.5_tiling.csv
Input Parameters:
  file        = /home/daisy/GRB-Search-Pipeline/results/training/maps/short/adapt_p11-715852394892384_a135-0_10_map.h5
  source_tile = 1770
  slew_rate   = 10
  dwell_time  = 5
  output      = /home/daisy/GRB-Search-Pipeline/results/training/short_searching_5.36x4.5_tiling.csv

source = [78.2841, 135], n_src_events = 609, n_bkg_events = 367
Loaded 62 entries (unique=62, duplicates=0, missing=49090, out_of_bounds=0, non-finite=0)
Sum(prob) over finite entries = 0.999999
init sum: 0.999999
num pixels: 49152
tile num: 1798
total tile prob: 0.999999
tiles with prob > 0: 5
total tile prob after trim: 0.999999
num tiles after trim: 5
init_pos: 1770
*********running GCP*********
total time (wallclock): 0.0218296 seconds

$ /home/daisy/GRB-Search-Pipeline/search-planning/build/sp_train /home/daisy/GRB-Search-Pipeline/results/training/maps/short/adapt_p11-715852394892384_a135-0_110_map.h5 /home/daisy/GRB-Search-Pipeline/search-planning/tilings/tiling_files/5.36x4.5_tiling.csv 1770 10.0 10.0 5.0 0 /home/daisy/GRB-Search-Pipeline/results/training/short_searching_5.36x4.5_tiling.csv
Input Parameters:
  file        = /home/daisy/GRB-Search-Pipeline/results/training/maps/short/adapt_p11-715852394892384_a135-0_110_map.h5
  source_tile = 1770
  slew_rate   = 10
  dwell_time  = 5
  output      = /home/daisy/GRB-Search-Pipeline/results/training/short_searching_5.36x4.5_tiling.csv

source = [78.2841, 135], n_src_events = 719, n_bkg_events = 435
Loaded 62 entries (unique=62, duplicates=0, missing=49090, out_of_bounds=0, non-finite=0)
Sum(prob) over finite entries = 0.999998
init sum: 0.999998
num pixels: 49152
tile num: 1798
total tile prob: 0.999998
tiles with prob > 0: 6
total tile prob after trim: 0.999998
num tiles after trim: 6
init_pos: 1751
*********running GCP*********
total time (wallclock): 0.0231534 seconds

$ /home/daisy/GRB-Search-Pipeline/search-planning/build/sp_train /home/daisy/GRB-Search-Pipeline/results/training/maps/short/adapt_p11-715852394892384_a135-0_111_map.h5 /home/daisy/GRB-Search-Pipeline/search-planning/tilings/tiling_files/5.36x4.5_tiling.csv 1770 10.0 10.0 5.0 0 /home/daisy/GRB-Search-Pipeline/results/training/short_searching_5.36x4.5_tiling.csv
Input Parameters:
  file        = /home/daisy/GRB-Search-Pipeline/results/training/maps/short/adapt_p11-715852394892384_a135-0_111_map.h5
  source_tile = 1770
  slew_rate   = 10
  dwell_time  = 5
  output      = /home/daisy/GRB-Search-Pipeline/results/training/short_searching_5.36x4.5_tiling.csv

source = [78.2841, 135], n_src_events = 839, n_bkg_events = 113
Loaded 48 entries (unique=48, duplicates=0, missing=49104, out_of_bounds=0, non-finite=0)
Sum(prob) over finite entries = 0.999999
init sum: 0.999999
num pixels: 49152
tile num: 1798
total tile prob: 0.999999
tiles with prob > 0: 6
total tile prob after trim: 0.999999
num tiles after trim: 6
init_pos: 1752
*********running GCP*********
total time (wallclock): 0.0225521 seconds

$ /home/daisy/GRB-Search-Pipeline/search-planning/build/sp_train /home/daisy/GRB-Search-Pipeline/results/training/maps/short/adapt_p11-715852394892384_a135-0_112_map.h5 /home/daisy/GRB-Search-Pipeline/search-planning/tilings/tiling_files/5.36x4.5_tiling.csv 1770 10.0 10.0 5.0 0 /home/daisy/GRB-Search-Pipeline/results/training/short_searching_5.36x4.5_tiling.csv
Input Parameters:
  file        = /home/daisy/GRB-Search-Pipeline/results/training/maps/short/adapt_p11-715852394892384_a135-0_112_map.h5
  source_tile = 1770
  slew_rate   = 10
  dwell_time  = 5
  output      = /home/daisy/GRB-Search-Pipeline/results/training/short_searching_5.36x4.5_tiling.csv

source = [78.2841, 135], n_src_events = 643, n_bkg_events = 1324
Loaded 150 entries (unique=150, duplicates=0, missing=49002, out_of_bounds=0, non-finite=0)
Sum(prob) over finite entries = 0.999998
init sum: 0.999998
num pixels: 49152
tile num: 1798
total tile prob: 0.999998
tiles with prob > 0: 13
total tile prob after trim: 0.999998
num tiles after trim: 13
init_pos: 1753
*********running GCP*********
total time (wallclock): 0.0249623 seconds

$ /home/daisy/GRB-Search-Pipeline/search-planning/build/sp_train /home/daisy/GRB-Search-Pipeline/results/training/maps/short/adapt_p11-715852394892384_a135-0_113_map.h5 /home/daisy/GRB-Search-Pipeline/search-planning/tilings/tiling_files/5.36x4.5_tiling.csv 1770 10.0 10.0 5.0 0 /home/daisy/GRB-Search-Pipeline/results/training/short_searching_5.36x4.5_tiling.csv
Input Parameters:
  file        = /home/daisy/GRB-Search-Pipeline/results/training/maps/short/adapt_p11-715852394892384_a135-0_113_map.h5
  source_tile = 1770
  slew_rate   = 10
  dwell_time  = 5
  output      = /home/daisy/GRB-Search-Pipeline/results/training/short_searching_5.36x4.5_tiling.csv

source = [78.2841, 135], n_src_events = 113, n_bkg_events = 139
Loaded 569 entries (unique=569, duplicates=0, missing=48583, out_of_bounds=0, non-finite=0)
Sum(prob) over finite entries = 0.999998
init sum: 0.999998
num pixels: 49152
tile num: 1798
total tile prob: 0.999998
tiles with prob > 0: 38
total tile prob after trim: 0.999998
num tiles after trim: 38
init_pos: 1729
*********running GCP*********
total time (wallclock): 0.023636 seconds

$ /home/daisy/GRB-Search-Pipeline/search-planning/build/sp_train /home/daisy/GRB-Search-Pipeline/results/training/maps/short/adapt_p11-715852394892384_a135-0_114_map.h5 /home/daisy/GRB-Search-Pipeline/search-planning/tilings/tiling_files/5.36x4.5_tiling.csv 1770 10.0 10.0 5.0 0 /home/daisy/GRB-Search-Pipeline/results/training/short_searching_5.36x4.5_tiling.csv
Input Parameters:
  file        = /home/daisy/GRB-Search-Pipeline/results/training/maps/short/adapt_p11-715852394892384_a135-0_114_map.h5
  source_tile = 1770
  slew_rate   = 10
  dwell_time  = 5
  output      = /home/daisy/GRB-Search-Pipeline/results/training/short_searching_5.36x4.5_tiling.csv

source = [78.2841, 135], n_src_events = 529, n_bkg_events = 973
Loaded 87 entries (unique=87, duplicates=0, missing=49065, out_of_bounds=0, non-finite=0)
Sum(prob) over finite entries = 0.999999
init sum: 0.999999
num pixels: 49152
tile num: 1798
total tile prob: 0.999999
tiles with prob > 0: 7
total tile prob after trim: 0.999999
num tiles after trim: 7
init_pos: 1771
*********running GCP*********
total time (wallclock): 0.0233474 seconds

$ /home/daisy/GRB-Search-Pipeline/search-planning/build/sp_train /home/daisy/GRB-Search-Pipeline/results/training/maps/short/adapt_p11-715852394892384_a135-0_115_map.h5 /home/daisy/GRB-Search-Pipeline/search-planning/tilings/tiling_files/5.36x4.5_tiling.csv 1770 10.0 10.0 5.0 0 /home/daisy/GRB-Search-Pipeline/results/training/short_searching_5.36x4.5_tiling.csv
Input Parameters:
  file        = /home/daisy/GRB-Search-Pipeline/results/training/maps/short/adapt_p11-715852394892384_a135-0_115_map.h5
  source_tile = 1770
  slew_rate   = 10
  dwell_time  = 5
  output      = /home/daisy/GRB-Search-Pipeline/results/training/short_searching_5.36x4.5_tiling.csv

source = [78.2841, 135], n_src_events = 611, n_bkg_events = 615
Loaded 82 entries (unique=82, duplicates=0, missing=49070, out_of_bounds=0, non-finite=0)
Sum(prob) over finite entries = 0.999999
init sum: 0.999999
num pixels: 49152
tile num: 1798
total tile prob: 0.999999
tiles with prob > 0: 8
total tile prob after trim: 0.999999
num tiles after trim: 8
init_pos: 1770
*********running GCP*********
total time (wallclock): 0.0216165 seconds

$ /home/daisy/GRB-Search-Pipeline/search-planning/build/sp_train /home/daisy/GRB-Search-Pipeline/results/training/maps/short/adapt_p11-715852394892384_a135-0_116_map.h5 /home/daisy/GRB-Search-Pipeline/search-planning/tilings/tiling_files/5.36x4.5_tiling.csv 1770 10.0 10.0 5.0 0 /home/daisy/GRB-Search-Pipeline/results/training/short_searching_5.36x4.5_tiling.csv
Input Parameters:
  file        = /home/daisy/GRB-Search-Pipeline/results/training/maps/short/adapt_p11-715852394892384_a135-0_116_map.h5
  source_tile = 1770
  slew_rate   = 10
  dwell_time  = 5
  output      = /home/daisy/GRB-Search-Pipeline/results/training/short_searching_5.36x4.5_tiling.csv

source = [78.2841, 135], n_src_events = 383, n_bkg_events = 1303
Loaded 418 entries (unique=418, duplicates=0, missing=48734, out_of_bounds=0, non-finite=0)
Sum(prob) over finite entries = 0.999998
init sum: 0.999998
num pixels: 49152
tile num: 1798
total tile prob: 0.999998
tiles with prob > 0: 27
total tile prob after trim: 0.999998
num tiles after trim: 27
init_pos: 1749
*********running GCP*********
total time (wallclock): 0.0235461 seconds

$ /home/daisy/GRB-Search-Pipeline/search-planning/build/sp_train /home/daisy/GRB-Search-Pipeline/results/training/maps/short/adapt_p11-715852394892384_a135-0_117_map.h5 /home/daisy/GRB-Search-Pipeline/search-planning/tilings/tiling_files/5.36x4.5_tiling.csv 1770 10.0 10.0 5.0 0 /home/daisy/GRB-Search-Pipeline/results/training/short_searching_5.36x4.5_tiling.csv
Input Parameters:
  file        = /home/daisy/GRB-Search-Pipeline/results/training/maps/short/adapt_p11-715852394892384_a135-0_117_map.h5
  source_tile = 1770
  slew_rate   = 10
  dwell_time  = 5
  output      = /home/daisy/GRB-Search-Pipeline/results/training/short_searching_5.36x4.5_tiling.csv

source = [78.2841, 135], n_src_events = 489, n_bkg_events = 192
Loaded 82 entries (unique=82, duplicates=0, missing=49070, out_of_bounds=0, non-finite=0)
Sum(prob) over finite entries = 0.999999
init sum: 0.999999
num pixels: 49152
tile num: 1798
total tile prob: 0.999999
tiles with prob > 0: 6
total tile prob after trim: 0.999999
num tiles after trim: 6
init_pos: 1751
*********running GCP*********
total time (wallclock): 0.0230092 seconds

$ /home/daisy/GRB-Search-Pipeline/search-planning/build/sp_train /home/daisy/GRB-Search-Pipeline/results/training/maps/short/adapt_p11-715852394892384_a135-0_118_map.h5 /home/daisy/GRB-Search-Pipeline/search-planning/tilings/tiling_files/5.36x4.5_tiling.csv 1770 10.0 10.0 5.0 0 /home/daisy/GRB-Search-Pipeline/results/training/short_searching_5.36x4.5_tiling.csv
Input Parameters:
  file        = /home/daisy/GRB-Search-Pipeline/results/training/maps/short/adapt_p11-715852394892384_a135-0_118_map.h5
  source_tile = 1770
  slew_rate   = 10
  dwell_time  = 5
  output      = /home/daisy/GRB-Search-Pipeline/results/training/short_searching_5.36x4.5_tiling.csv

source = [78.2841, 135], n_src_events = 624, n_bkg_events = 1725
Loaded 143 entries (unique=143, duplicates=0, missing=49009, out_of_bounds=0, non-finite=0)
Sum(prob) over finite entries = 0.999998
init sum: 0.999998
num pixels: 49152
tile num: 1798
total tile prob: 0.999998
tiles with prob > 0: 11
total tile prob after trim: 0.999998
num tiles after trim: 11
init_pos: 1753
*********running GCP*********
total time (wallclock): 0.0232841 seconds

$ /home/daisy/GRB-Search-Pipeline/search-planning/build/sp_train /home/daisy/GRB-Search-Pipeline/results/training/maps/short/adapt_p11-715852394892384_a135-0_119_map.h5 /home/daisy/GRB-Search-Pipeline/search-planning/tilings/tiling_files/5.36x4.5_tiling.csv 1770 10.0 10.0 5.0 0 /home/daisy/GRB-Search-Pipeline/results/training/short_searching_5.36x4.5_tiling.csv
Input Parameters:
  file        = /home/daisy/GRB-Search-Pipeline/results/training/maps/short/adapt_p11-715852394892384_a135-0_119_map.h5
  source_tile = 1770
  slew_rate   = 10
  dwell_time  = 5
  output      = /home/daisy/GRB-Search-Pipeline/results/training/short_searching_5.36x4.5_tiling.csv

source = [78.2841, 135], n_src_events = 135, n_bkg_events = 1053
Loaded 3420 entries (unique=3420, duplicates=0, missing=45732, out_of_bounds=0, non-finite=0)
Sum(prob) over finite entries = 0.999989
init sum: 0.999989
num pixels: 49152
tile num: 1798
total tile prob: 0.999989
tiles with prob > 0: 187
total tile prob after trim: 0.999989
num tiles after trim: 187
init_pos: 1530
*********running GCP*********
total time (wallclock): 0.0558145 seconds

$ /home/daisy/GRB-Search-Pipeline/search-planning/build/sp_train /home/daisy/GRB-Search-Pipeline/results/training/maps/short/adapt_p11-715852394892384_a135-0_11_map.h5 /home/daisy/GRB-Search-Pipeline/search-planning/tilings/tiling_files/5.36x4.5_tiling.csv 1770 10.0 10.0 5.0 0 /home/daisy/GRB-Search-Pipeline/results/training/short_searching_5.36x4.5_tiling.csv
Input Parameters:
  file        = /home/daisy/GRB-Search-Pipeline/results/training/maps/short/adapt_p11-715852394892384_a135-0_11_map.h5
  source_tile = 1770
  slew_rate   = 10
  dwell_time  = 5
  output      = /home/daisy/GRB-Search-Pipeline/results/training/short_searching_5.36x4.5_tiling.csv

source = [78.2841, 135], n_src_events = 141, n_bkg_events = 1516
Loaded 1418 entries (unique=1418, duplicates=0, missing=47734, out_of_bounds=0, non-finite=0)
Sum(prob) over finite entries = 0.999995
init sum: 0.999995
num pixels: 49152
tile num: 1798
total tile prob: 0.999995
tiles with prob > 0: 76
total tile prob after trim: 0.999995
num tiles after trim: 76
init_pos: 1786
*********running GCP*********
total time (wallclock): 0.0260638 seconds

$ /home/daisy/GRB-Search-Pipeline/search-planning/build/sp_train /home/daisy/GRB-Search-Pipeline/results/training/maps/short/adapt_p11-715852394892384_a135-0_120_map.h5 /home/daisy/GRB-Search-Pipeline/search-planning/tilings/tiling_files/5.36x4.5_tiling.csv 1770 10.0 10.0 5.0 0 /home/daisy/GRB-Search-Pipeline/results/training/short_searching_5.36x4.5_tiling.csv
Input Parameters:
  file        = /home/daisy/GRB-Search-Pipeline/results/training/maps/short/adapt_p11-715852394892384_a135-0_120_map.h5
  source_tile = 1770
  slew_rate   = 10
  dwell_time  = 5
  output      = /home/daisy/GRB-Search-Pipeline/results/training/short_searching_5.36x4.5_tiling.csv

source = [78.2841, 135], n_src_events = 503, n_bkg_events = 1578
Loaded 166 entries (unique=166, duplicates=0, missing=48986, out_of_bounds=0, non-finite=0)
Sum(prob) over finite entries = 0.999998
init sum: 0.999998
num pixels: 49152
tile num: 1798
total tile prob: 0.999998
tiles with prob > 0: 11
total tile prob after trim: 0.999998
num tiles after trim: 11
init_pos: 1770
*********running GCP*********
total time (wallclock): 0.0218403 seconds

$ /home/daisy/GRB-Search-Pipeline/search-planning/build/sp_train /home/daisy/GRB-Search-Pipeline/results/training/maps/short/adapt_p11-715852394892384_a135-0_121_map.h5 /home/daisy/GRB-Search-Pipeline/search-planning/tilings/tiling_files/5.36x4.5_tiling.csv 1770 10.0 10.0 5.0 0 /home/daisy/GRB-Search-Pipeline/results/training/short_searching_5.36x4.5_tiling.csv
Input Parameters:
  file        = /home/daisy/GRB-Search-Pipeline/results/training/maps/short/adapt_p11-715852394892384_a135-0_121_map.h5
  source_tile = 1770
  slew_rate   = 10
  dwell_time  = 5
  output      = /home/daisy/GRB-Search-Pipeline/results/training/short_searching_5.36x4.5_tiling.csv

source = [78.2841, 135], n_src_events = 119, n_bkg_events = 1327
Loaded 4221 entries (unique=4221, duplicates=0, missing=44931, out_of_bounds=0, non-finite=0)
Sum(prob) over finite entries = 0.999976
init sum: 0.999976
num pixels: 49152
tile num: 1798
total tile prob: 0.999976
tiles with prob > 0: 218
total tile prob after trim: 0.999976
num tiles after trim: 218
init_pos: 1774
*********running GCP*********
total time (wallclock): 0.457465 seconds

$ /home/daisy/GRB-Search-Pipeline/search-planning/build/sp_train /home/daisy/GRB-Search-Pipeline/results/training/maps/short/adapt_p11-715852394892384_a135-0_122_map.h5 /home/daisy/GRB-Search-Pipeline/search-planning/tilings/tiling_files/5.36x4.5_tiling.csv 1770 10.0 10.0 5.0 0 /home/daisy/GRB-Search-Pipeline/results/training/short_searching_5.36x4.5_tiling.csv
Input Parameters:
  file        = /home/daisy/GRB-Search-Pipeline/results/training/maps/short/adapt_p11-715852394892384_a135-0_122_map.h5
  source_tile = 1770
  slew_rate   = 10
  dwell_time  = 5
  output      = /home/daisy/GRB-Search-Pipeline/results/training/short_searching_5.36x4.5_tiling.csv

source = [78.2841, 135], n_src_events = 296, n_bkg_events = 692
Loaded 240 entries (unique=240, duplicates=0, missing=48912, out_of_bounds=0, non-finite=0)
Sum(prob) over finite entries = 0.999998
init sum: 0.999998
num pixels: 49152
tile num: 1798
total tile prob: 0.999998
tiles with prob > 0: 17
total tile prob after trim: 0.999998
num tiles after trim: 17
init_pos: 1785
*********running GCP*********
total time (wallclock): 0.024206 seconds

$ /home/daisy/GRB-Search-Pipeline/search-planning/build/sp_train /home/daisy/GRB-Search-Pipeline/results/training/maps/short/adapt_p11-715852394892384_a135-0_123_map.h5 /home/daisy/GRB-Search-Pipeline/search-planning/tilings/tiling_files/5.36x4.5_tiling.csv 1770 10.0 10.0 5.0 0 /home/daisy/GRB-Search-Pipeline/results/training/short_searching_5.36x4.5_tiling.csv
Input Parameters:
  file        = /home/daisy/GRB-Search-Pipeline/results/training/maps/short/adapt_p11-715852394892384_a135-0_123_map.h5
  source_tile = 1770
  slew_rate   = 10
  dwell_time  = 5
  output      = /home/daisy/GRB-Search-Pipeline/results/training/short_searching_5.36x4.5_tiling.csv

source = [78.2841, 135], n_src_events = 245, n_bkg_events = 479
Loaded 525 entries (unique=525, duplicates=0, missing=48627, out_of_bounds=0, non-finite=0)
Sum(prob) over finite entries = 0.999997
init sum: 0.999997
num pixels: 49152
tile num: 1798
total tile prob: 0.999997
tiles with prob > 0: 37
total tile prob after trim: 0.999997
num tiles after trim: 37
init_pos: 1795
*********running GCP*********
total time (wallclock): 0.024087 seconds

$ /home/daisy/GRB-Search-Pipeline/search-planning/build/sp_train /home/daisy/GRB-Search-Pipeline/results/training/maps/short/adapt_p11-715852394892384_a135-0_124_map.h5 /home/daisy/GRB-Search-Pipeline/search-planning/tilings/tiling_files/5.36x4.5_tiling.csv 1770 10.0 10.0 5.0 0 /home/daisy/GRB-Search-Pipeline/results/training/short_searching_5.36x4.5_tiling.csv
Input Parameters:
  file        = /home/daisy/GRB-Search-Pipeline/results/training/maps/short/adapt_p11-715852394892384_a135-0_124_map.h5
  source_tile = 1770
  slew_rate   = 10
  dwell_time  = 5
  output      = /home/daisy/GRB-Search-Pipeline/results/training/short_searching_5.36x4.5_tiling.csv

source = [78.2841, 135], n_src_events = 382, n_bkg_events = 845
Loaded 202 entries (unique=202, duplicates=0, missing=48950, out_of_bounds=0, non-finite=0)
Sum(prob) over finite entries = 0.999999
init sum: 0.999999
num pixels: 49152
tile num: 1798
total tile prob: 0.999999
tiles with prob > 0: 15
total tile prob after trim: 0.999999
num tiles after trim: 15
init_pos: 1773
*********running GCP*********
total time (wallclock): 0.0256211 seconds

$ /home/daisy/GRB-Search-Pipeline/search-planning/build/sp_train /home/daisy/GRB-Search-Pipeline/results/training/maps/short/adapt_p11-715852394892384_a135-0_125_map.h5 /home/daisy/GRB-Search-Pipeline/search-planning/tilings/tiling_files/5.36x4.5_tiling.csv 1770 10.0 10.0 5.0 0 /home/daisy/GRB-Search-Pipeline/results/training/short_searching_5.36x4.5_tiling.csv
Input Parameters:
  file        = /home/daisy/GRB-Search-Pipeline/results/training/maps/short/adapt_p11-715852394892384_a135-0_125_map.h5
  source_tile = 1770
  slew_rate   = 10
  dwell_time  = 5
  output      = /home/daisy/GRB-Search-Pipeline/results/training/short_searching_5.36x4.5_tiling.csv

source = [78.2841, 135], n_src_events = 277, n_bkg_events = 665
Loaded 280 entries (unique=280, duplicates=0, missing=48872, out_of_bounds=0, non-finite=0)
Sum(prob) over finite entries = 0.999998
init sum: 0.999998
num pixels: 49152
tile num: 1798
total tile prob: 0.999998
tiles with prob > 0: 17
total tile prob after trim: 0.999998
num tiles after trim: 17
init_pos: 1771
*********running GCP*********
total time (wallclock): 0.0229505 seconds

$ /home/daisy/GRB-Search-Pipeline/search-planning/build/sp_train /home/daisy/GRB-Search-Pipeline/results/training/maps/short/adapt_p11-715852394892384_a135-0_126_map.h5 /home/daisy/GRB-Search-Pipeline/search-planning/tilings/tiling_files/5.36x4.5_tiling.csv 1770 10.0 10.0 5.0 0 /home/daisy/GRB-Search-Pipeline/results/training/short_searching_5.36x4.5_tiling.csv
Input Parameters:
  file        = /home/daisy/GRB-Search-Pipeline/results/training/maps/short/adapt_p11-715852394892384_a135-0_126_map.h5
  source_tile = 1770
  slew_rate   = 10
  dwell_time  = 5
  output      = /home/daisy/GRB-Search-Pipeline/results/training/short_searching_5.36x4.5_tiling.csv

source = [78.2841, 135], n_src_events = 431, n_bkg_events = 1233
Loaded 196 entries (unique=196, duplicates=0, missing=48956, out_of_bounds=0, non-finite=0)
Sum(prob) over finite entries = 0.999998
init sum: 0.999998
num pixels: 49152
tile num: 1798
total tile prob: 0.999998
tiles with prob > 0: 16
total tile prob after trim: 0.999998
num tiles after trim: 16
init_pos: 1751
*********running GCP*********
total time (wallclock): 0.023499 seconds

$ /home/daisy/GRB-Search-Pipeline/search-planning/build/sp_train /home/daisy/GRB-Search-Pipeline/results/training/maps/short/adapt_p11-715852394892384_a135-0_127_map.h5 /home/daisy/GRB-Search-Pipeline/search-planning/tilings/tiling_files/5.36x4.5_tiling.csv 1770 10.0 10.0 5.0 0 /home/daisy/GRB-Search-Pipeline/results/training/short_searching_5.36x4.5_tiling.csv
Input Parameters:
  file        = /home/daisy/GRB-Search-Pipeline/results/training/maps/short/adapt_p11-715852394892384_a135-0_127_map.h5
  source_tile = 1770
  slew_rate   = 10
  dwell_time  = 5
  output      = /home/daisy/GRB-Search-Pipeline/results/training/short_searching_5.36x4.5_tiling.csv

source = [78.2841, 135], n_src_events = 106, n_bkg_events = 969
Loaded 956 entries (unique=956, duplicates=0, missing=48196, out_of_bounds=0, non-finite=0)
Sum(prob) over finite entries = 0.999999
init sum: 0.999999
num pixels: 49152
tile num: 1798
total tile prob: 0.999999
tiles with prob > 0: 56
total tile prob after trim: 0.999999
num tiles after trim: 56
init_pos: 1784
*********running GCP*********
total time (wallclock): 0.0254955 seconds

$ /home/daisy/GRB-Search-Pipeline/search-planning/build/sp_train /home/daisy/GRB-Search-Pipeline/results/training/maps/short/adapt_p11-715852394892384_a135-0_128_map.h5 /home/daisy/GRB-Search-Pipeline/search-planning/tilings/tiling_files/5.36x4.5_tiling.csv 1770 10.0 10.0 5.0 0 /home/daisy/GRB-Search-Pipeline/results/training/short_searching_5.36x4.5_tiling.csv
Input Parameters:
  file        = /home/daisy/GRB-Search-Pipeline/results/training/maps/short/adapt_p11-715852394892384_a135-0_128_map.h5
  source_tile = 1770
  slew_rate   = 10
  dwell_time  = 5
  output      = /home/daisy/GRB-Search-Pipeline/results/training/short_searching_5.36x4.5_tiling.csv

source = [78.2841, 135], n_src_events = 721, n_bkg_events = 249
Loaded 51 entries (unique=51, duplicates=0, missing=49101, out_of_bounds=0, non-finite=0)
Sum(prob) over finite entries = 0.999998
init sum: 0.999998
num pixels: 49152
tile num: 1798
total tile prob: 0.999998
tiles with prob > 0: 5
total tile prob after trim: 0.999998
num tiles after trim: 5
init_pos: 1752
*********running GCP*********
total time (wallclock): 0.0223688 seconds

$ /home/daisy/GRB-Search-Pipeline/search-planning/build/sp_train /home/daisy/GRB-Search-Pipeline/results/training/maps/short/adapt_p11-715852394892384_a135-0_129_map.h5 /home/daisy/GRB-Search-Pipeline/search-planning/tilings/tiling_files/5.36x4.5_tiling.csv 1770 10.0 10.0 5.0 0 /home/daisy/GRB-Search-Pipeline/results/training/short_searching_5.36x4.5_tiling.csv
Input Parameters:
  file        = /home/daisy/GRB-Search-Pipeline/results/training/maps/short/adapt_p11-715852394892384_a135-0_129_map.h5
  source_tile = 1770
  slew_rate   = 10
  dwell_time  = 5
  output      = /home/daisy/GRB-Search-Pipeline/results/training/short_searching_5.36x4.5_tiling.csv

source = [78.2841, 135], n_src_events = 640, n_bkg_events = 1369
Loaded 121 entries (unique=121, duplicates=0, missing=49031, out_of_bounds=0, non-finite=0)
Sum(prob) over finite entries = 0.999998
init sum: 0.999998
num pixels: 49152
tile num: 1798
total tile prob: 0.999998
tiles with prob > 0: 10
total tile prob after trim: 0.999998
num tiles after trim: 10
init_pos: 1770
*********running GCP*********
total time (wallclock): 0.0223902 seconds

$ /home/daisy/GRB-Search-Pipeline/search-planning/build/sp_train /home/daisy/GRB-Search-Pipeline/results/training/maps/short/adapt_p11-715852394892384_a135-0_12_map.h5 /home/daisy/GRB-Search-Pipeline/search-planning/tilings/tiling_files/5.36x4.5_tiling.csv 1770 10.0 10.0 5.0 0 /home/daisy/GRB-Search-Pipeline/results/training/short_searching_5.36x4.5_tiling.csv
Input Parameters:
  file        = /home/daisy/GRB-Search-Pipeline/results/training/maps/short/adapt_p11-715852394892384_a135-0_12_map.h5
  source_tile = 1770
  slew_rate   = 10
  dwell_time  = 5
  output      = /home/daisy/GRB-Search-Pipeline/results/training/short_searching_5.36x4.5_tiling.csv

source = [78.2841, 135], n_src_events = 708, n_bkg_events = 737
Loaded 60 entries (unique=60, duplicates=0, missing=49092, out_of_bounds=0, non-finite=0)
Sum(prob) over finite entries = 0.999999
init sum: 0.999999
num pixels: 49152
tile num: 1798
total tile prob: 0.999999
tiles with prob > 0: 5
total tile prob after trim: 0.999999
num tiles after trim: 5
init_pos: 1771
*********running GCP*********
total time (wallclock): 0.023235 seconds

$ /home/daisy/GRB-Search-Pipeline/search-planning/build/sp_train /home/daisy/GRB-Search-Pipeline/results/training/maps/short/adapt_p11-715852394892384_a135-0_130_map.h5 /home/daisy/GRB-Search-Pipeline/search-planning/tilings/tiling_files/5.36x4.5_tiling.csv 1770 10.0 10.0 5.0 0 /home/daisy/GRB-Search-Pipeline/results/training/short_searching_5.36x4.5_tiling.csv
Input Parameters:
  file        = /home/daisy/GRB-Search-Pipeline/results/training/maps/short/adapt_p11-715852394892384_a135-0_130_map.h5
  source_tile = 1770
  slew_rate   = 10
  dwell_time  = 5
  output      = /home/daisy/GRB-Search-Pipeline/results/training/short_searching_5.36x4.5_tiling.csv

source = [78.2841, 135], n_src_events = 697, n_bkg_events = 162
Loaded 66 entries (unique=66, duplicates=0, missing=49086, out_of_bounds=0, non-finite=0)
Sum(prob) over finite entries = 0.999999
init sum: 0.999999
num pixels: 49152
tile num: 1798
total tile prob: 0.999999
tiles with prob > 0: 7
total tile prob after trim: 0.999999
num tiles after trim: 7
init_pos: 1785
*********running GCP*********
total time (wallclock): 0.0225051 seconds

$ /home/daisy/GRB-Search-Pipeline/search-planning/build/sp_train /home/daisy/GRB-Search-Pipeline/results/training/maps/short/adapt_p11-715852394892384_a135-0_131_map.h5 /home/daisy/GRB-Search-Pipeline/search-planning/tilings/tiling_files/5.36x4.5_tiling.csv 1770 10.0 10.0 5.0 0 /home/daisy/GRB-Search-Pipeline/results/training/short_searching_5.36x4.5_tiling.csv
Input Parameters:
  file        = /home/daisy/GRB-Search-Pipeline/results/training/maps/short/adapt_p11-715852394892384_a135-0_131_map.h5
  source_tile = 1770
  slew_rate   = 10
  dwell_time  = 5
  output      = /home/daisy/GRB-Search-Pipeline/results/training/short_searching_5.36x4.5_tiling.csv

source = [78.2841, 135], n_src_events = 735, n_bkg_events = 1478
Loaded 86 entries (unique=86, duplicates=0, missing=49066, out_of_bounds=0, non-finite=0)
Sum(prob) over finite entries = 0.999998
init sum: 0.999998
num pixels: 49152
tile num: 1798
total tile prob: 0.999998
tiles with prob > 0: 7
total tile prob after trim: 0.999998
num tiles after trim: 7
init_pos: 1770
*********running GCP*********
total time (wallclock): 0.0217906 seconds

$ /home/daisy/GRB-Search-Pipeline/search-planning/build/sp_train /home/daisy/GRB-Search-Pipeline/results/training/maps/short/adapt_p11-715852394892384_a135-0_132_map.h5 /home/daisy/GRB-Search-Pipeline/search-planning/tilings/tiling_files/5.36x4.5_tiling.csv 1770 10.0 10.0 5.0 0 /home/daisy/GRB-Search-Pipeline/results/training/short_searching_5.36x4.5_tiling.csv
Input Parameters:
  file        = /home/daisy/GRB-Search-Pipeline/results/training/maps/short/adapt_p11-715852394892384_a135-0_132_map.h5
  source_tile = 1770
  slew_rate   = 10
  dwell_time  = 5
  output      = /home/daisy/GRB-Search-Pipeline/results/training/short_searching_5.36x4.5_tiling.csv

source = [78.2841, 135], n_src_events = 219, n_bkg_events = 352
Loaded 257 entries (unique=257, duplicates=0, missing=48895, out_of_bounds=0, non-finite=0)
Sum(prob) over finite entries = 0.999999
init sum: 0.999999
num pixels: 49152
tile num: 1798
total tile prob: 0.999999
tiles with prob > 0: 16
total tile prob after trim: 0.999999
num tiles after trim: 16
init_pos: 1753
*********running GCP*********
total time (wallclock): 0.0232487 seconds

$ /home/daisy/GRB-Search-Pipeline/search-planning/build/sp_train /home/daisy/GRB-Search-Pipeline/results/training/maps/short/adapt_p11-715852394892384_a135-0_133_map.h5 /home/daisy/GRB-Search-Pipeline/search-planning/tilings/tiling_files/5.36x4.5_tiling.csv 1770 10.0 10.0 5.0 0 /home/daisy/GRB-Search-Pipeline/results/training/short_searching_5.36x4.5_tiling.csv
Input Parameters:
  file        = /home/daisy/GRB-Search-Pipeline/results/training/maps/short/adapt_p11-715852394892384_a135-0_133_map.h5
  source_tile = 1770
  slew_rate   = 10
  dwell_time  = 5
  output      = /home/daisy/GRB-Search-Pipeline/results/training/short_searching_5.36x4.5_tiling.csv

source = [78.2841, 135], n_src_events = 339, n_bkg_events = 285
Loaded 113 entries (unique=113, duplicates=0, missing=49039, out_of_bounds=0, non-finite=0)
Sum(prob) over finite entries = 0.999999
init sum: 0.999999
num pixels: 49152
tile num: 1798
total tile prob: 0.999999
tiles with prob > 0: 9
total tile prob after trim: 0.999999
num tiles after trim: 9
init_pos: 1771
*********running GCP*********
total time (wallclock): 0.0224432 seconds

$ /home/daisy/GRB-Search-Pipeline/search-planning/build/sp_train /home/daisy/GRB-Search-Pipeline/results/training/maps/short/adapt_p11-715852394892384_a135-0_134_map.h5 /home/daisy/GRB-Search-Pipeline/search-planning/tilings/tiling_files/5.36x4.5_tiling.csv 1770 10.0 10.0 5.0 0 /home/daisy/GRB-Search-Pipeline/results/training/short_searching_5.36x4.5_tiling.csv
Input Parameters:
  file        = /home/daisy/GRB-Search-Pipeline/results/training/maps/short/adapt_p11-715852394892384_a135-0_134_map.h5
  source_tile = 1770
  slew_rate   = 10
  dwell_time  = 5
  output      = /home/daisy/GRB-Search-Pipeline/results/training/short_searching_5.36x4.5_tiling.csv

source = [78.2841, 135], n_src_events = 115, n_bkg_events = 1353
Loaded 3041 entries (unique=3041, duplicates=0, missing=46111, out_of_bounds=0, non-finite=0)
Sum(prob) over finite entries = 0.999997
init sum: 0.999997
num pixels: 49152
tile num: 1798
total tile prob: 0.999997
tiles with prob > 0: 144
total tile prob after trim: 0.999997
num tiles after trim: 144
init_pos: 1792
*********running GCP*********
total time (wallclock): 0.0264032 seconds

$ /home/daisy/GRB-Search-Pipeline/search-planning/build/sp_train /home/daisy/GRB-Search-Pipeline/results/training/maps/short/adapt_p11-715852394892384_a135-0_135_map.h5 /home/daisy/GRB-Search-Pipeline/search-planning/tilings/tiling_files/5.36x4.5_tiling.csv 1770 10.0 10.0 5.0 0 /home/daisy/GRB-Search-Pipeline/results/training/short_searching_5.36x4.5_tiling.csv
Input Parameters:
  file        = /home/daisy/GRB-Search-Pipeline/results/training/maps/short/adapt_p11-715852394892384_a135-0_135_map.h5
  source_tile = 1770
  slew_rate   = 10
  dwell_time  = 5
  output      = /home/daisy/GRB-Search-Pipeline/results/training/short_searching_5.36x4.5_tiling.csv

source = [78.2841, 135], n_src_events = 601, n_bkg_events = 322
Loaded 102 entries (unique=102, duplicates=0, missing=49050, out_of_bounds=0, non-finite=0)
Sum(prob) over finite entries = 0.999999
init sum: 0.999999
num pixels: 49152
tile num: 1798
total tile prob: 0.999999
tiles with prob > 0: 8
total tile prob after trim: 0.999999
num tiles after trim: 8
init_pos: 1752
*********running GCP*********
total time (wallclock): 0.0227511 seconds

$ /home/daisy/GRB-Search-Pipeline/search-planning/build/sp_train /home/daisy/GRB-Search-Pipeline/results/training/maps/short/adapt_p11-715852394892384_a135-0_136_map.h5 /home/daisy/GRB-Search-Pipeline/search-planning/tilings/tiling_files/5.36x4.5_tiling.csv 1770 10.0 10.0 5.0 0 /home/daisy/GRB-Search-Pipeline/results/training/short_searching_5.36x4.5_tiling.csv
Input Parameters:
  file        = /home/daisy/GRB-Search-Pipeline/results/training/maps/short/adapt_p11-715852394892384_a135-0_136_map.h5
  source_tile = 1770
  slew_rate   = 10
  dwell_time  = 5
  output      = /home/daisy/GRB-Search-Pipeline/results/training/short_searching_5.36x4.5_tiling.csv

source = [78.2841, 135], n_src_events = 411, n_bkg_events = 994
Loaded 154 entries (unique=154, duplicates=0, missing=48998, out_of_bounds=0, non-finite=0)
Sum(prob) over finite entries = 0.999998
init sum: 0.999998
num pixels: 49152
tile num: 1798
total tile prob: 0.999998
tiles with prob > 0: 11
total tile prob after trim: 0.999998
num tiles after trim: 11
init_pos: 1770
*********running GCP*********
total time (wallclock): 0.0216508 seconds

$ /home/daisy/GRB-Search-Pipeline/search-planning/build/sp_train /home/daisy/GRB-Search-Pipeline/results/training/maps/short/adapt_p11-715852394892384_a135-0_137_map.h5 /home/daisy/GRB-Search-Pipeline/search-planning/tilings/tiling_files/5.36x4.5_tiling.csv 1770 10.0 10.0 5.0 0 /home/daisy/GRB-Search-Pipeline/results/training/short_searching_5.36x4.5_tiling.csv
Input Parameters:
  file        = /home/daisy/GRB-Search-Pipeline/results/training/maps/short/adapt_p11-715852394892384_a135-0_137_map.h5
  source_tile = 1770
  slew_rate   = 10
  dwell_time  = 5
  output      = /home/daisy/GRB-Search-Pipeline/results/training/short_searching_5.36x4.5_tiling.csv

source = [78.2841, 135], n_src_events = 465, n_bkg_events = 395
Loaded 85 entries (unique=85, duplicates=0, missing=49067, out_of_bounds=0, non-finite=0)
Sum(prob) over finite entries = 0.999998
init sum: 0.999998
num pixels: 49152
tile num: 1798
total tile prob: 0.999998
tiles with prob > 0: 7
total tile prob after trim: 0.999998
num tiles after trim: 7
init_pos: 1770
*********running GCP*********
total time (wallclock): 0.0216354 seconds

$ /home/daisy/GRB-Search-Pipeline/search-planning/build/sp_train /home/daisy/GRB-Search-Pipeline/results/training/maps/short/adapt_p11-715852394892384_a135-0_138_map.h5 /home/daisy/GRB-Search-Pipeline/search-planning/tilings/tiling_files/5.36x4.5_tiling.csv 1770 10.0 10.0 5.0 0 /home/daisy/GRB-Search-Pipeline/results/training/short_searching_5.36x4.5_tiling.csv
Input Parameters:
  file        = /home/daisy/GRB-Search-Pipeline/results/training/maps/short/adapt_p11-715852394892384_a135-0_138_map.h5
  source_tile = 1770
  slew_rate   = 10
  dwell_time  = 5
  output      = /home/daisy/GRB-Search-Pipeline/results/training/short_searching_5.36x4.5_tiling.csv

source = [78.2841, 135], n_src_events = 394, n_bkg_events = 390
Loaded 114 entries (unique=114, duplicates=0, missing=49038, out_of_bounds=0, non-finite=0)
Sum(prob) over finite entries = 0.999998
init sum: 0.999998
num pixels: 49152
tile num: 1798
total tile prob: 0.999998
tiles with prob > 0: 10
total tile prob after trim: 0.999998
num tiles after trim: 10
init_pos: 1770
*********running GCP*********
total time (wallclock): 0.0224325 seconds

$ /home/daisy/GRB-Search-Pipeline/search-planning/build/sp_train /home/daisy/GRB-Search-Pipeline/results/training/maps/short/adapt_p11-715852394892384_a135-0_139_map.h5 /home/daisy/GRB-Search-Pipeline/search-planning/tilings/tiling_files/5.36x4.5_tiling.csv 1770 10.0 10.0 5.0 0 /home/daisy/GRB-Search-Pipeline/results/training/short_searching_5.36x4.5_tiling.csv
Input Parameters:
  file        = /home/daisy/GRB-Search-Pipeline/results/training/maps/short/adapt_p11-715852394892384_a135-0_139_map.h5
  source_tile = 1770
  slew_rate   = 10
  dwell_time  = 5
  output      = /home/daisy/GRB-Search-Pipeline/results/training/short_searching_5.36x4.5_tiling.csv

source = [78.2841, 135], n_src_events = 596, n_bkg_events = 1390
Loaded 139 entries (unique=139, duplicates=0, missing=49013, out_of_bounds=0, non-finite=0)
Sum(prob) over finite entries = 0.999998
init sum: 0.999998
num pixels: 49152
tile num: 1798
total tile prob: 0.999998
tiles with prob > 0: 11
total tile prob after trim: 0.999998
num tiles after trim: 11
init_pos: 1753
*********running GCP*********
total time (wallclock): 0.0232334 seconds

$ /home/daisy/GRB-Search-Pipeline/search-planning/build/sp_train /home/daisy/GRB-Search-Pipeline/results/training/maps/short/adapt_p11-715852394892384_a135-0_13_map.h5 /home/daisy/GRB-Search-Pipeline/search-planning/tilings/tiling_files/5.36x4.5_tiling.csv 1770 10.0 10.0 5.0 0 /home/daisy/GRB-Search-Pipeline/results/training/short_searching_5.36x4.5_tiling.csv
Input Parameters:
  file        = /home/daisy/GRB-Search-Pipeline/results/training/maps/short/adapt_p11-715852394892384_a135-0_13_map.h5
  source_tile = 1770
  slew_rate   = 10
  dwell_time  = 5
  output      = /home/daisy/GRB-Search-Pipeline/results/training/short_searching_5.36x4.5_tiling.csv

source = [78.2841, 135], n_src_events = 69, n_bkg_events = 1745
Loaded 2790 entries (unique=2790, duplicates=0, missing=46362, out_of_bounds=0, non-finite=0)
Sum(prob) over finite entries = 0.999992
init sum: 0.999992
num pixels: 49152
tile num: 1798
total tile prob: 0.999992
tiles with prob > 0: 139
total tile prob after trim: 0.999992
num tiles after trim: 139
init_pos: 1058
*********running GCP*********
total time (wallclock): 0.0314646 seconds

$ /home/daisy/GRB-Search-Pipeline/search-planning/build/sp_train /home/daisy/GRB-Search-Pipeline/results/training/maps/short/adapt_p11-715852394892384_a135-0_140_map.h5 /home/daisy/GRB-Search-Pipeline/search-planning/tilings/tiling_files/5.36x4.5_tiling.csv 1770 10.0 10.0 5.0 0 /home/daisy/GRB-Search-Pipeline/results/training/short_searching_5.36x4.5_tiling.csv
Input Parameters:
  file        = /home/daisy/GRB-Search-Pipeline/results/training/maps/short/adapt_p11-715852394892384_a135-0_140_map.h5
  source_tile = 1770
  slew_rate   = 10
  dwell_time  = 5
  output      = /home/daisy/GRB-Search-Pipeline/results/training/short_searching_5.36x4.5_tiling.csv

source = [78.2841, 135], n_src_events = 375, n_bkg_events = 1734
Loaded 267 entries (unique=267, duplicates=0, missing=48885, out_of_bounds=0, non-finite=0)
Sum(prob) over finite entries = 0.999999
init sum: 0.999999
num pixels: 49152
tile num: 1798
total tile prob: 0.999999
tiles with prob > 0: 19
total tile prob after trim: 0.999999
num tiles after trim: 19
init_pos: 1784
*********running GCP*********
total time (wallclock): 0.0239743 seconds

$ /home/daisy/GRB-Search-Pipeline/search-planning/build/sp_train /home/daisy/GRB-Search-Pipeline/results/training/maps/short/adapt_p11-715852394892384_a135-0_141_map.h5 /home/daisy/GRB-Search-Pipeline/search-planning/tilings/tiling_files/5.36x4.5_tiling.csv 1770 10.0 10.0 5.0 0 /home/daisy/GRB-Search-Pipeline/results/training/short_searching_5.36x4.5_tiling.csv
Input Parameters:
  file        = /home/daisy/GRB-Search-Pipeline/results/training/maps/short/adapt_p11-715852394892384_a135-0_141_map.h5
  source_tile = 1770
  slew_rate   = 10
  dwell_time  = 5
  output      = /home/daisy/GRB-Search-Pipeline/results/training/short_searching_5.36x4.5_tiling.csv

source = [78.2841, 135], n_src_events = 482, n_bkg_events = 1767
Loaded 120 entries (unique=120, duplicates=0, missing=49032, out_of_bounds=0, non-finite=0)
Sum(prob) over finite entries = 0.999999
init sum: 0.999999
num pixels: 49152
tile num: 1798
total tile prob: 0.999999
tiles with prob > 0: 11
total tile prob after trim: 0.999999
num tiles after trim: 11
init_pos: 1769
*********running GCP*********
total time (wallclock): 0.0224062 seconds

$ /home/daisy/GRB-Search-Pipeline/search-planning/build/sp_train /home/daisy/GRB-Search-Pipeline/results/training/maps/short/adapt_p11-715852394892384_a135-0_142_map.h5 /home/daisy/GRB-Search-Pipeline/search-planning/tilings/tiling_files/5.36x4.5_tiling.csv 1770 10.0 10.0 5.0 0 /home/daisy/GRB-Search-Pipeline/results/training/short_searching_5.36x4.5_tiling.csv
Input Parameters:
  file        = /home/daisy/GRB-Search-Pipeline/results/training/maps/short/adapt_p11-715852394892384_a135-0_142_map.h5
  source_tile = 1770
  slew_rate   = 10
  dwell_time  = 5
  output      = /home/daisy/GRB-Search-Pipeline/results/training/short_searching_5.36x4.5_tiling.csv

source = [78.2841, 135], n_src_events = 524, n_bkg_events = 1091
Loaded 138 entries (unique=138, duplicates=0, missing=49014, out_of_bounds=0, non-finite=0)
Sum(prob) over finite entries = 0.999999
init sum: 0.999999
num pixels: 49152
tile num: 1798
total tile prob: 0.999999
tiles with prob > 0: 11
total tile prob after trim: 0.999999
num tiles after trim: 11
init_pos: 1771
*********running GCP*********
total time (wallclock): 0.0225793 seconds

$ /home/daisy/GRB-Search-Pipeline/search-planning/build/sp_train /home/daisy/GRB-Search-Pipeline/results/training/maps/short/adapt_p11-715852394892384_a135-0_143_map.h5 /home/daisy/GRB-Search-Pipeline/search-planning/tilings/tiling_files/5.36x4.5_tiling.csv 1770 10.0 10.0 5.0 0 /home/daisy/GRB-Search-Pipeline/results/training/short_searching_5.36x4.5_tiling.csv
Input Parameters:
  file        = /home/daisy/GRB-Search-Pipeline/results/training/maps/short/adapt_p11-715852394892384_a135-0_143_map.h5
  source_tile = 1770
  slew_rate   = 10
  dwell_time  = 5
  output      = /home/daisy/GRB-Search-Pipeline/results/training/short_searching_5.36x4.5_tiling.csv

source = [78.2841, 135], n_src_events = 673, n_bkg_events = 1355
Loaded 70 entries (unique=70, duplicates=0, missing=49082, out_of_bounds=0, non-finite=0)
Sum(prob) over finite entries = 0.999999
init sum: 0.999999
num pixels: 49152
tile num: 1798
total tile prob: 0.999999
tiles with prob > 0: 5
total tile prob after trim: 0.999999
num tiles after trim: 5
init_pos: 1771
*********running GCP*********
total time (wallclock): 0.0231929 seconds

$ /home/daisy/GRB-Search-Pipeline/search-planning/build/sp_train /home/daisy/GRB-Search-Pipeline/results/training/maps/short/adapt_p11-715852394892384_a135-0_144_map.h5 /home/daisy/GRB-Search-Pipeline/search-planning/tilings/tiling_files/5.36x4.5_tiling.csv 1770 10.0 10.0 5.0 0 /home/daisy/GRB-Search-Pipeline/results/training/short_searching_5.36x4.5_tiling.csv
Input Parameters:
  file        = /home/daisy/GRB-Search-Pipeline/results/training/maps/short/adapt_p11-715852394892384_a135-0_144_map.h5
  source_tile = 1770
  slew_rate   = 10
  dwell_time  = 5
  output      = /home/daisy/GRB-Search-Pipeline/results/training/short_searching_5.36x4.5_tiling.csv

source = [78.2841, 135], n_src_events = 610, n_bkg_events = 430
Loaded 68 entries (unique=68, duplicates=0, missing=49084, out_of_bounds=0, non-finite=0)
Sum(prob) over finite entries = 0.999999
init sum: 0.999999
num pixels: 49152
tile num: 1798
total tile prob: 0.999999
tiles with prob > 0: 7
total tile prob after trim: 0.999999
num tiles after trim: 7
init_pos: 1771
*********running GCP*********
total time (wallclock): 0.0234772 seconds

$ /home/daisy/GRB-Search-Pipeline/search-planning/build/sp_train /home/daisy/GRB-Search-Pipeline/results/training/maps/short/adapt_p11-715852394892384_a135-0_145_map.h5 /home/daisy/GRB-Search-Pipeline/search-planning/tilings/tiling_files/5.36x4.5_tiling.csv 1770 10.0 10.0 5.0 0 /home/daisy/GRB-Search-Pipeline/results/training/short_searching_5.36x4.5_tiling.csv
Input Parameters:
  file        = /home/daisy/GRB-Search-Pipeline/results/training/maps/short/adapt_p11-715852394892384_a135-0_145_map.h5
  source_tile = 1770
  slew_rate   = 10
  dwell_time  = 5
  output      = /home/daisy/GRB-Search-Pipeline/results/training/short_searching_5.36x4.5_tiling.csv

source = [78.2841, 135], n_src_events = 234, n_bkg_events = 563
Loaded 328 entries (unique=328, duplicates=0, missing=48824, out_of_bounds=0, non-finite=0)
Sum(prob) over finite entries = 0.999999
init sum: 0.999999
num pixels: 49152
tile num: 1798
total tile prob: 0.999999
tiles with prob > 0: 25
total tile prob after trim: 0.999999
num tiles after trim: 25
init_pos: 1786
*********running GCP*********
total time (wallclock): 0.0224727 seconds

$ /home/daisy/GRB-Search-Pipeline/search-planning/build/sp_train /home/daisy/GRB-Search-Pipeline/results/training/maps/short/adapt_p11-715852394892384_a135-0_146_map.h5 /home/daisy/GRB-Search-Pipeline/search-planning/tilings/tiling_files/5.36x4.5_tiling.csv 1770 10.0 10.0 5.0 0 /home/daisy/GRB-Search-Pipeline/results/training/short_searching_5.36x4.5_tiling.csv
Input Parameters:
  file        = /home/daisy/GRB-Search-Pipeline/results/training/maps/short/adapt_p11-715852394892384_a135-0_146_map.h5
  source_tile = 1770
  slew_rate   = 10
  dwell_time  = 5
  output      = /home/daisy/GRB-Search-Pipeline/results/training/short_searching_5.36x4.5_tiling.csv

source = [78.2841, 135], n_src_events = 371, n_bkg_events = 484
Loaded 164 entries (unique=164, duplicates=0, missing=48988, out_of_bounds=0, non-finite=0)
Sum(prob) over finite entries = 0.999998
init sum: 0.999998
num pixels: 49152
tile num: 1798
total tile prob: 0.999998
tiles with prob > 0: 13
total tile prob after trim: 0.999998
num tiles after trim: 13
init_pos: 1770
*********running GCP*********
total time (wallclock): 0.022783 seconds

$ /home/daisy/GRB-Search-Pipeline/search-planning/build/sp_train /home/daisy/GRB-Search-Pipeline/results/training/maps/short/adapt_p11-715852394892384_a135-0_147_map.h5 /home/daisy/GRB-Search-Pipeline/search-planning/tilings/tiling_files/5.36x4.5_tiling.csv 1770 10.0 10.0 5.0 0 /home/daisy/GRB-Search-Pipeline/results/training/short_searching_5.36x4.5_tiling.csv
Input Parameters:
  file        = /home/daisy/GRB-Search-Pipeline/results/training/maps/short/adapt_p11-715852394892384_a135-0_147_map.h5
  source_tile = 1770
  slew_rate   = 10
  dwell_time  = 5
  output      = /home/daisy/GRB-Search-Pipeline/results/training/short_searching_5.36x4.5_tiling.csv

source = [78.2841, 135], n_src_events = 743, n_bkg_events = 284
Loaded 68 entries (unique=68, duplicates=0, missing=49084, out_of_bounds=0, non-finite=0)
Sum(prob) over finite entries = 0.999999
init sum: 0.999999
num pixels: 49152
tile num: 1798
total tile prob: 0.999999
tiles with prob > 0: 8
total tile prob after trim: 0.999999
num tiles after trim: 8
init_pos: 1752
*********running GCP*********
total time (wallclock): 0.0234411 seconds

$ /home/daisy/GRB-Search-Pipeline/search-planning/build/sp_train /home/daisy/GRB-Search-Pipeline/results/training/maps/short/adapt_p11-715852394892384_a135-0_148_map.h5 /home/daisy/GRB-Search-Pipeline/search-planning/tilings/tiling_files/5.36x4.5_tiling.csv 1770 10.0 10.0 5.0 0 /home/daisy/GRB-Search-Pipeline/results/training/short_searching_5.36x4.5_tiling.csv
Input Parameters:
  file        = /home/daisy/GRB-Search-Pipeline/results/training/maps/short/adapt_p11-715852394892384_a135-0_148_map.h5
  source_tile = 1770
  slew_rate   = 10
  dwell_time  = 5
  output      = /home/daisy/GRB-Search-Pipeline/results/training/short_searching_5.36x4.5_tiling.csv

source = [78.2841, 135], n_src_events = 123, n_bkg_events = 1695
Loaded 1313 entries (unique=1313, duplicates=0, missing=47839, out_of_bounds=0, non-finite=0)
Sum(prob) over finite entries = 0.999997
init sum: 0.999997
num pixels: 49152
tile num: 1798
total tile prob: 0.999997
tiles with prob > 0: 66
total tile prob after trim: 0.999997
num tiles after trim: 66
init_pos: 1701
*********running GCP*********
total time (wallclock): 0.0417472 seconds

$ /home/daisy/GRB-Search-Pipeline/search-planning/build/sp_train /home/daisy/GRB-Search-Pipeline/results/training/maps/short/adapt_p11-715852394892384_a135-0_149_map.h5 /home/daisy/GRB-Search-Pipeline/search-planning/tilings/tiling_files/5.36x4.5_tiling.csv 1770 10.0 10.0 5.0 0 /home/daisy/GRB-Search-Pipeline/results/training/short_searching_5.36x4.5_tiling.csv
Input Parameters:
  file        = /home/daisy/GRB-Search-Pipeline/results/training/maps/short/adapt_p11-715852394892384_a135-0_149_map.h5
  source_tile = 1770
  slew_rate   = 10
  dwell_time  = 5
  output      = /home/daisy/GRB-Search-Pipeline/results/training/short_searching_5.36x4.5_tiling.csv

source = [78.2841, 135], n_src_events = 485, n_bkg_events = 1749
Loaded 135 entries (unique=135, duplicates=0, missing=49017, out_of_bounds=0, non-finite=0)
Sum(prob) over finite entries = 0.999999
init sum: 0.999999
num pixels: 49152
tile num: 1798
total tile prob: 0.999999
tiles with prob > 0: 9
total tile prob after trim: 0.999999
num tiles after trim: 9
init_pos: 1728
*********running GCP*********
total time (wallclock): 0.0242195 seconds

$ /home/daisy/GRB-Search-Pipeline/search-planning/build/sp_train /home/daisy/GRB-Search-Pipeline/results/training/maps/short/adapt_p11-715852394892384_a135-0_14_map.h5 /home/daisy/GRB-Search-Pipeline/search-planning/tilings/tiling_files/5.36x4.5_tiling.csv 1770 10.0 10.0 5.0 0 /home/daisy/GRB-Search-Pipeline/results/training/short_searching_5.36x4.5_tiling.csv
Input Parameters:
  file        = /home/daisy/GRB-Search-Pipeline/results/training/maps/short/adapt_p11-715852394892384_a135-0_14_map.h5
  source_tile = 1770
  slew_rate   = 10
  dwell_time  = 5
  output      = /home/daisy/GRB-Search-Pipeline/results/training/short_searching_5.36x4.5_tiling.csv

source = [78.2841, 135], n_src_events = 156, n_bkg_events = 1072
Loaded 734 entries (unique=734, duplicates=0, missing=48418, out_of_bounds=0, non-finite=0)
Sum(prob) over finite entries = 0.999996
init sum: 0.999996
num pixels: 49152
tile num: 1798
total tile prob: 0.999996
tiles with prob > 0: 39
total tile prob after trim: 0.999996
num tiles after trim: 39
init_pos: 1729
*********running GCP*********
total time (wallclock): 0.0248563 seconds

$ /home/daisy/GRB-Search-Pipeline/search-planning/build/sp_train /home/daisy/GRB-Search-Pipeline/results/training/maps/short/adapt_p11-715852394892384_a135-0_150_map.h5 /home/daisy/GRB-Search-Pipeline/search-planning/tilings/tiling_files/5.36x4.5_tiling.csv 1770 10.0 10.0 5.0 0 /home/daisy/GRB-Search-Pipeline/results/training/short_searching_5.36x4.5_tiling.csv
Input Parameters:
  file        = /home/daisy/GRB-Search-Pipeline/results/training/maps/short/adapt_p11-715852394892384_a135-0_150_map.h5
  source_tile = 1770
  slew_rate   = 10
  dwell_time  = 5
  output      = /home/daisy/GRB-Search-Pipeline/results/training/short_searching_5.36x4.5_tiling.csv

source = [78.2841, 135], n_src_events = 476, n_bkg_events = 815
Loaded 140 entries (unique=140, duplicates=0, missing=49012, out_of_bounds=0, non-finite=0)
Sum(prob) over finite entries = 0.999999
init sum: 0.999999
num pixels: 49152
tile num: 1798
total tile prob: 0.999999
tiles with prob > 0: 12
total tile prob after trim: 0.999999
num tiles after trim: 12
init_pos: 1769
*********running GCP*********
total time (wallclock): 0.0223313 seconds

$ /home/daisy/GRB-Search-Pipeline/search-planning/build/sp_train /home/daisy/GRB-Search-Pipeline/results/training/maps/short/adapt_p11-715852394892384_a135-0_151_map.h5 /home/daisy/GRB-Search-Pipeline/search-planning/tilings/tiling_files/5.36x4.5_tiling.csv 1770 10.0 10.0 5.0 0 /home/daisy/GRB-Search-Pipeline/results/training/short_searching_5.36x4.5_tiling.csv
Input Parameters:
  file        = /home/daisy/GRB-Search-Pipeline/results/training/maps/short/adapt_p11-715852394892384_a135-0_151_map.h5
  source_tile = 1770
  slew_rate   = 10
  dwell_time  = 5
  output      = /home/daisy/GRB-Search-Pipeline/results/training/short_searching_5.36x4.5_tiling.csv

source = [78.2841, 135], n_src_events = 883, n_bkg_events = 987
Loaded 49 entries (unique=49, duplicates=0, missing=49103, out_of_bounds=0, non-finite=0)
Sum(prob) over finite entries = 0.999999
init sum: 0.999999
num pixels: 49152
tile num: 1798
total tile prob: 0.999999
tiles with prob > 0: 5
total tile prob after trim: 0.999999
num tiles after trim: 5
init_pos: 1771
*********running GCP*********
total time (wallclock): 0.0225383 seconds

$ /home/daisy/GRB-Search-Pipeline/search-planning/build/sp_train /home/daisy/GRB-Search-Pipeline/results/training/maps/short/adapt_p11-715852394892384_a135-0_152_map.h5 /home/daisy/GRB-Search-Pipeline/search-planning/tilings/tiling_files/5.36x4.5_tiling.csv 1770 10.0 10.0 5.0 0 /home/daisy/GRB-Search-Pipeline/results/training/short_searching_5.36x4.5_tiling.csv
Input Parameters:
  file        = /home/daisy/GRB-Search-Pipeline/results/training/maps/short/adapt_p11-715852394892384_a135-0_152_map.h5
  source_tile = 1770
  slew_rate   = 10
  dwell_time  = 5
  output      = /home/daisy/GRB-Search-Pipeline/results/training/short_searching_5.36x4.5_tiling.csv

source = [78.2841, 135], n_src_events = 218, n_bkg_events = 281
Loaded 318 entries (unique=318, duplicates=0, missing=48834, out_of_bounds=0, non-finite=0)
Sum(prob) over finite entries = 0.999998
init sum: 0.999998
num pixels: 49152
tile num: 1798
total tile prob: 0.999998
tiles with prob > 0: 21
total tile prob after trim: 0.999998
num tiles after trim: 21
init_pos: 1769
*********running GCP*********
total time (wallclock): 0.022727 seconds

$ /home/daisy/GRB-Search-Pipeline/search-planning/build/sp_train /home/daisy/GRB-Search-Pipeline/results/training/maps/short/adapt_p11-715852394892384_a135-0_153_map.h5 /home/daisy/GRB-Search-Pipeline/search-planning/tilings/tiling_files/5.36x4.5_tiling.csv 1770 10.0 10.0 5.0 0 /home/daisy/GRB-Search-Pipeline/results/training/short_searching_5.36x4.5_tiling.csv
Input Parameters:
  file        = /home/daisy/GRB-Search-Pipeline/results/training/maps/short/adapt_p11-715852394892384_a135-0_153_map.h5
  source_tile = 1770
  slew_rate   = 10
  dwell_time  = 5
  output      = /home/daisy/GRB-Search-Pipeline/results/training/short_searching_5.36x4.5_tiling.csv

source = [78.2841, 135], n_src_events = 789, n_bkg_events = 194
Loaded 36 entries (unique=36, duplicates=0, missing=49116, out_of_bounds=0, non-finite=0)
Sum(prob) over finite entries = 0.999999
init sum: 0.999999
num pixels: 49152
tile num: 1798
total tile prob: 0.999999
tiles with prob > 0: 5
total tile prob after trim: 0.999999
num tiles after trim: 5
init_pos: 1751
*********running GCP*********
total time (wallclock): 0.0232012 seconds

$ /home/daisy/GRB-Search-Pipeline/search-planning/build/sp_train /home/daisy/GRB-Search-Pipeline/results/training/maps/short/adapt_p11-715852394892384_a135-0_154_map.h5 /home/daisy/GRB-Search-Pipeline/search-planning/tilings/tiling_files/5.36x4.5_tiling.csv 1770 10.0 10.0 5.0 0 /home/daisy/GRB-Search-Pipeline/results/training/short_searching_5.36x4.5_tiling.csv
Input Parameters:
  file        = /home/daisy/GRB-Search-Pipeline/results/training/maps/short/adapt_p11-715852394892384_a135-0_154_map.h5
  source_tile = 1770
  slew_rate   = 10
  dwell_time  = 5
  output      = /home/daisy/GRB-Search-Pipeline/results/training/short_searching_5.36x4.5_tiling.csv

source = [78.2841, 135], n_src_events = 735, n_bkg_events = 523
Loaded 64 entries (unique=64, duplicates=0, missing=49088, out_of_bounds=0, non-finite=0)
Sum(prob) over finite entries = 0.999999
init sum: 0.999999
num pixels: 49152
tile num: 1798
total tile prob: 0.999999
tiles with prob > 0: 6
total tile prob after trim: 0.999999
num tiles after trim: 6
init_pos: 1753
*********running GCP*********
total time (wallclock): 0.023026 seconds

$ /home/daisy/GRB-Search-Pipeline/search-planning/build/sp_train /home/daisy/GRB-Search-Pipeline/results/training/maps/short/adapt_p11-715852394892384_a135-0_155_map.h5 /home/daisy/GRB-Search-Pipeline/search-planning/tilings/tiling_files/5.36x4.5_tiling.csv 1770 10.0 10.0 5.0 0 /home/daisy/GRB-Search-Pipeline/results/training/short_searching_5.36x4.5_tiling.csv
Input Parameters:
  file        = /home/daisy/GRB-Search-Pipeline/results/training/maps/short/adapt_p11-715852394892384_a135-0_155_map.h5
  source_tile = 1770
  slew_rate   = 10
  dwell_time  = 5
  output      = /home/daisy/GRB-Search-Pipeline/results/training/short_searching_5.36x4.5_tiling.csv

source = [78.2841, 135], n_src_events = 613, n_bkg_events = 367
Loaded 61 entries (unique=61, duplicates=0, missing=49091, out_of_bounds=0, non-finite=0)
Sum(prob) over finite entries = 0.999999
init sum: 0.999999
num pixels: 49152
tile num: 1798
total tile prob: 0.999999
tiles with prob > 0: 5
total tile prob after trim: 0.999999
num tiles after trim: 5
init_pos: 1771
*********running GCP*********
total time (wallclock): 0.0228476 seconds

$ /home/daisy/GRB-Search-Pipeline/search-planning/build/sp_train /home/daisy/GRB-Search-Pipeline/results/training/maps/short/adapt_p11-715852394892384_a135-0_156_map.h5 /home/daisy/GRB-Search-Pipeline/search-planning/tilings/tiling_files/5.36x4.5_tiling.csv 1770 10.0 10.0 5.0 0 /home/daisy/GRB-Search-Pipeline/results/training/short_searching_5.36x4.5_tiling.csv
Input Parameters:
  file        = /home/daisy/GRB-Search-Pipeline/results/training/maps/short/adapt_p11-715852394892384_a135-0_156_map.h5
  source_tile = 1770
  slew_rate   = 10
  dwell_time  = 5
  output      = /home/daisy/GRB-Search-Pipeline/results/training/short_searching_5.36x4.5_tiling.csv

source = [78.2841, 135], n_src_events = 731, n_bkg_events = 1303
Loaded 56 entries (unique=56, duplicates=0, missing=49096, out_of_bounds=0, non-finite=0)
Sum(prob) over finite entries = 0.999999
init sum: 0.999999
num pixels: 49152
tile num: 1798
total tile prob: 0.999999
tiles with prob > 0: 8
total tile prob after trim: 0.999999
num tiles after trim: 8
init_pos: 1770
*********running GCP*********
total time (wallclock): 0.0216304 seconds

$ /home/daisy/GRB-Search-Pipeline/search-planning/build/sp_train /home/daisy/GRB-Search-Pipeline/results/training/maps/short/adapt_p11-715852394892384_a135-0_157_map.h5 /home/daisy/GRB-Search-Pipeline/search-planning/tilings/tiling_files/5.36x4.5_tiling.csv 1770 10.0 10.0 5.0 0 /home/daisy/GRB-Search-Pipeline/results/training/short_searching_5.36x4.5_tiling.csv
Input Parameters:
  file        = /home/daisy/GRB-Search-Pipeline/results/training/maps/short/adapt_p11-715852394892384_a135-0_157_map.h5
  source_tile = 1770
  slew_rate   = 10
  dwell_time  = 5
  output      = /home/daisy/GRB-Search-Pipeline/results/training/short_searching_5.36x4.5_tiling.csv

source = [78.2841, 135], n_src_events = 171, n_bkg_events = 1228
Loaded 2187 entries (unique=2187, duplicates=0, missing=46965, out_of_bounds=0, non-finite=0)
Sum(prob) over finite entries = 0.999997
init sum: 0.999997
num pixels: 49152
tile num: 1798
total tile prob: 0.999997
tiles with prob > 0: 108
total tile prob after trim: 0.999997
num tiles after trim: 108
init_pos: 1770
*********running GCP*********
total time (wallclock): 0.0230991 seconds

$ /home/daisy/GRB-Search-Pipeline/search-planning/build/sp_train /home/daisy/GRB-Search-Pipeline/results/training/maps/short/adapt_p11-715852394892384_a135-0_158_map.h5 /home/daisy/GRB-Search-Pipeline/search-planning/tilings/tiling_files/5.36x4.5_tiling.csv 1770 10.0 10.0 5.0 0 /home/daisy/GRB-Search-Pipeline/results/training/short_searching_5.36x4.5_tiling.csv
Input Parameters:
  file        = /home/daisy/GRB-Search-Pipeline/results/training/maps/short/adapt_p11-715852394892384_a135-0_158_map.h5
  source_tile = 1770
  slew_rate   = 10
  dwell_time  = 5
  output      = /home/daisy/GRB-Search-Pipeline/results/training/short_searching_5.36x4.5_tiling.csv

source = [78.2841, 135], n_src_events = 839, n_bkg_events = 416
Loaded 83 entries (unique=83, duplicates=0, missing=49069, out_of_bounds=0, non-finite=0)
Sum(prob) over finite entries = 0.999998
init sum: 0.999998
num pixels: 49152
tile num: 1798
total tile prob: 0.999998
tiles with prob > 0: 7
total tile prob after trim: 0.999998
num tiles after trim: 7
init_pos: 1752
*********running GCP*********
total time (wallclock): 0.0227189 seconds

$ /home/daisy/GRB-Search-Pipeline/search-planning/build/sp_train /home/daisy/GRB-Search-Pipeline/results/training/maps/short/adapt_p11-715852394892384_a135-0_159_map.h5 /home/daisy/GRB-Search-Pipeline/search-planning/tilings/tiling_files/5.36x4.5_tiling.csv 1770 10.0 10.0 5.0 0 /home/daisy/GRB-Search-Pipeline/results/training/short_searching_5.36x4.5_tiling.csv
Input Parameters:
  file        = /home/daisy/GRB-Search-Pipeline/results/training/maps/short/adapt_p11-715852394892384_a135-0_159_map.h5
  source_tile = 1770
  slew_rate   = 10
  dwell_time  = 5
  output      = /home/daisy/GRB-Search-Pipeline/results/training/short_searching_5.36x4.5_tiling.csv

source = [78.2841, 135], n_src_events = 87, n_bkg_events = 1707
Loaded 4203 entries (unique=4203, duplicates=0, missing=44949, out_of_bounds=0, non-finite=0)
Sum(prob) over finite entries = 0.999995
init sum: 0.999995
num pixels: 49152
tile num: 1798
total tile prob: 0.999995
tiles with prob > 0: 199
total tile prob after trim: 0.999995
num tiles after trim: 199
init_pos: 1331
*********running GCP*********
total time (wallclock): 0.198528 seconds

$ /home/daisy/GRB-Search-Pipeline/search-planning/build/sp_train /home/daisy/GRB-Search-Pipeline/results/training/maps/short/adapt_p11-715852394892384_a135-0_15_map.h5 /home/daisy/GRB-Search-Pipeline/search-planning/tilings/tiling_files/5.36x4.5_tiling.csv 1770 10.0 10.0 5.0 0 /home/daisy/GRB-Search-Pipeline/results/training/short_searching_5.36x4.5_tiling.csv
Input Parameters:
  file        = /home/daisy/GRB-Search-Pipeline/results/training/maps/short/adapt_p11-715852394892384_a135-0_15_map.h5
  source_tile = 1770
  slew_rate   = 10
  dwell_time  = 5
  output      = /home/daisy/GRB-Search-Pipeline/results/training/short_searching_5.36x4.5_tiling.csv

source = [78.2841, 135], n_src_events = 675, n_bkg_events = 410
Loaded 64 entries (unique=64, duplicates=0, missing=49088, out_of_bounds=0, non-finite=0)
Sum(prob) over finite entries = 0.999999
init sum: 0.999999
num pixels: 49152
tile num: 1798
total tile prob: 0.999999
tiles with prob > 0: 7
total tile prob after trim: 0.999999
num tiles after trim: 7
init_pos: 1770
*********running GCP*********
total time (wallclock): 0.0224726 seconds

$ /home/daisy/GRB-Search-Pipeline/search-planning/build/sp_train /home/daisy/GRB-Search-Pipeline/results/training/maps/short/adapt_p11-715852394892384_a135-0_160_map.h5 /home/daisy/GRB-Search-Pipeline/search-planning/tilings/tiling_files/5.36x4.5_tiling.csv 1770 10.0 10.0 5.0 0 /home/daisy/GRB-Search-Pipeline/results/training/short_searching_5.36x4.5_tiling.csv
Input Parameters:
  file        = /home/daisy/GRB-Search-Pipeline/results/training/maps/short/adapt_p11-715852394892384_a135-0_160_map.h5
  source_tile = 1770
  slew_rate   = 10
  dwell_time  = 5
  output      = /home/daisy/GRB-Search-Pipeline/results/training/short_searching_5.36x4.5_tiling.csv

source = [78.2841, 135], n_src_events = 410, n_bkg_events = 936
Loaded 208 entries (unique=208, duplicates=0, missing=48944, out_of_bounds=0, non-finite=0)
Sum(prob) over finite entries = 0.999998
init sum: 0.999998
num pixels: 49152
tile num: 1798
total tile prob: 0.999998
tiles with prob > 0: 16
total tile prob after trim: 0.999998
num tiles after trim: 16
init_pos: 1726
*********running GCP*********
total time (wallclock): 0.023347 seconds

$ /home/daisy/GRB-Search-Pipeline/search-planning/build/sp_train /home/daisy/GRB-Search-Pipeline/results/training/maps/short/adapt_p11-715852394892384_a135-0_161_map.h5 /home/daisy/GRB-Search-Pipeline/search-planning/tilings/tiling_files/5.36x4.5_tiling.csv 1770 10.0 10.0 5.0 0 /home/daisy/GRB-Search-Pipeline/results/training/short_searching_5.36x4.5_tiling.csv
Input Parameters:
  file        = /home/daisy/GRB-Search-Pipeline/results/training/maps/short/adapt_p11-715852394892384_a135-0_161_map.h5
  source_tile = 1770
  slew_rate   = 10
  dwell_time  = 5
  output      = /home/daisy/GRB-Search-Pipeline/results/training/short_searching_5.36x4.5_tiling.csv

source = [78.2841, 135], n_src_events = 603, n_bkg_events = 1247
Loaded 138 entries (unique=138, duplicates=0, missing=49014, out_of_bounds=0, non-finite=0)
Sum(prob) over finite entries = 0.999999
init sum: 0.999999
num pixels: 49152
tile num: 1798
total tile prob: 0.999999
tiles with prob > 0: 11
total tile prob after trim: 0.999999
num tiles after trim: 11
init_pos: 1752
*********running GCP*********
total time (wallclock): 0.0229407 seconds

$ /home/daisy/GRB-Search-Pipeline/search-planning/build/sp_train /home/daisy/GRB-Search-Pipeline/results/training/maps/short/adapt_p11-715852394892384_a135-0_162_map.h5 /home/daisy/GRB-Search-Pipeline/search-planning/tilings/tiling_files/5.36x4.5_tiling.csv 1770 10.0 10.0 5.0 0 /home/daisy/GRB-Search-Pipeline/results/training/short_searching_5.36x4.5_tiling.csv
Input Parameters:
  file        = /home/daisy/GRB-Search-Pipeline/results/training/maps/short/adapt_p11-715852394892384_a135-0_162_map.h5
  source_tile = 1770
  slew_rate   = 10
  dwell_time  = 5
  output      = /home/daisy/GRB-Search-Pipeline/results/training/short_searching_5.36x4.5_tiling.csv

source = [78.2841, 135], n_src_events = 96, n_bkg_events = 434
Loaded 935 entries (unique=935, duplicates=0, missing=48217, out_of_bounds=0, non-finite=0)
Sum(prob) over finite entries = 0.999997
init sum: 0.999997
num pixels: 49152
tile num: 1798
total tile prob: 0.999997
tiles with prob > 0: 54
total tile prob after trim: 0.999997
num tiles after trim: 54
init_pos: 1769
*********running GCP*********
total time (wallclock): 0.0251939 seconds

$ /home/daisy/GRB-Search-Pipeline/search-planning/build/sp_train /home/daisy/GRB-Search-Pipeline/results/training/maps/short/adapt_p11-715852394892384_a135-0_163_map.h5 /home/daisy/GRB-Search-Pipeline/search-planning/tilings/tiling_files/5.36x4.5_tiling.csv 1770 10.0 10.0 5.0 0 /home/daisy/GRB-Search-Pipeline/results/training/short_searching_5.36x4.5_tiling.csv
Input Parameters:
  file        = /home/daisy/GRB-Search-Pipeline/results/training/maps/short/adapt_p11-715852394892384_a135-0_163_map.h5
  source_tile = 1770
  slew_rate   = 10
  dwell_time  = 5
  output      = /home/daisy/GRB-Search-Pipeline/results/training/short_searching_5.36x4.5_tiling.csv

source = [78.2841, 135], n_src_events = 162, n_bkg_events = 465
Loaded 590 entries (unique=590, duplicates=0, missing=48562, out_of_bounds=0, non-finite=0)
Sum(prob) over finite entries = 0.999999
init sum: 0.999999
num pixels: 49152
tile num: 1798
total tile prob: 0.999999
tiles with prob > 0: 36
total tile prob after trim: 0.999999
num tiles after trim: 36
init_pos: 1769
*********running GCP*********
total time (wallclock): 0.0235783 seconds

$ /home/daisy/GRB-Search-Pipeline/search-planning/build/sp_train /home/daisy/GRB-Search-Pipeline/results/training/maps/short/adapt_p11-715852394892384_a135-0_164_map.h5 /home/daisy/GRB-Search-Pipeline/search-planning/tilings/tiling_files/5.36x4.5_tiling.csv 1770 10.0 10.0 5.0 0 /home/daisy/GRB-Search-Pipeline/results/training/short_searching_5.36x4.5_tiling.csv
Input Parameters:
  file        = /home/daisy/GRB-Search-Pipeline/results/training/maps/short/adapt_p11-715852394892384_a135-0_164_map.h5
  source_tile = 1770
  slew_rate   = 10
  dwell_time  = 5
  output      = /home/daisy/GRB-Search-Pipeline/results/training/short_searching_5.36x4.5_tiling.csv

source = [78.2841, 135], n_src_events = 451, n_bkg_events = 1014
Loaded 177 entries (unique=177, duplicates=0, missing=48975, out_of_bounds=0, non-finite=0)
Sum(prob) over finite entries = 0.999998
init sum: 0.999998
num pixels: 49152
tile num: 1798
total tile prob: 0.999998
tiles with prob > 0: 15
total tile prob after trim: 0.999998
num tiles after trim: 15
init_pos: 1751
*********running GCP*********
total time (wallclock): 0.0235229 seconds

$ /home/daisy/GRB-Search-Pipeline/search-planning/build/sp_train /home/daisy/GRB-Search-Pipeline/results/training/maps/short/adapt_p11-715852394892384_a135-0_165_map.h5 /home/daisy/GRB-Search-Pipeline/search-planning/tilings/tiling_files/5.36x4.5_tiling.csv 1770 10.0 10.0 5.0 0 /home/daisy/GRB-Search-Pipeline/results/training/short_searching_5.36x4.5_tiling.csv
Input Parameters:
  file        = /home/daisy/GRB-Search-Pipeline/results/training/maps/short/adapt_p11-715852394892384_a135-0_165_map.h5
  source_tile = 1770
  slew_rate   = 10
  dwell_time  = 5
  output      = /home/daisy/GRB-Search-Pipeline/results/training/short_searching_5.36x4.5_tiling.csv

source = [78.2841, 135], n_src_events = 362, n_bkg_events = 1326
Loaded 253 entries (unique=253, duplicates=0, missing=48899, out_of_bounds=0, non-finite=0)
Sum(prob) over finite entries = 0.999998
init sum: 0.999998
num pixels: 49152
tile num: 1798
total tile prob: 0.999998
tiles with prob > 0: 18
total tile prob after trim: 0.999998
num tiles after trim: 18
init_pos: 1772
*********running GCP*********
total time (wallclock): 0.024257 seconds

$ /home/daisy/GRB-Search-Pipeline/search-planning/build/sp_train /home/daisy/GRB-Search-Pipeline/results/training/maps/short/adapt_p11-715852394892384_a135-0_166_map.h5 /home/daisy/GRB-Search-Pipeline/search-planning/tilings/tiling_files/5.36x4.5_tiling.csv 1770 10.0 10.0 5.0 0 /home/daisy/GRB-Search-Pipeline/results/training/short_searching_5.36x4.5_tiling.csv
Input Parameters:
  file        = /home/daisy/GRB-Search-Pipeline/results/training/maps/short/adapt_p11-715852394892384_a135-0_166_map.h5
  source_tile = 1770
  slew_rate   = 10
  dwell_time  = 5
  output      = /home/daisy/GRB-Search-Pipeline/results/training/short_searching_5.36x4.5_tiling.csv

source = [78.2841, 135], n_src_events = 426, n_bkg_events = 669
Loaded 108 entries (unique=108, duplicates=0, missing=49044, out_of_bounds=0, non-finite=0)
Sum(prob) over finite entries = 0.999999
init sum: 0.999999
num pixels: 49152
tile num: 1798
total tile prob: 0.999999
tiles with prob > 0: 9
total tile prob after trim: 0.999999
num tiles after trim: 9
init_pos: 1771
*********running GCP*********
total time (wallclock): 0.0225741 seconds

$ /home/daisy/GRB-Search-Pipeline/search-planning/build/sp_train /home/daisy/GRB-Search-Pipeline/results/training/maps/short/adapt_p11-715852394892384_a135-0_167_map.h5 /home/daisy/GRB-Search-Pipeline/search-planning/tilings/tiling_files/5.36x4.5_tiling.csv 1770 10.0 10.0 5.0 0 /home/daisy/GRB-Search-Pipeline/results/training/short_searching_5.36x4.5_tiling.csv
Input Parameters:
  file        = /home/daisy/GRB-Search-Pipeline/results/training/maps/short/adapt_p11-715852394892384_a135-0_167_map.h5
  source_tile = 1770
  slew_rate   = 10
  dwell_time  = 5
  output      = /home/daisy/GRB-Search-Pipeline/results/training/short_searching_5.36x4.5_tiling.csv

source = [78.2841, 135], n_src_events = 724, n_bkg_events = 996
Loaded 63 entries (unique=63, duplicates=0, missing=49089, out_of_bounds=0, non-finite=0)
Sum(prob) over finite entries = 0.999998
init sum: 0.999998
num pixels: 49152
tile num: 1798
total tile prob: 0.999998
tiles with prob > 0: 7
total tile prob after trim: 0.999998
num tiles after trim: 7
init_pos: 1751
*********running GCP*********
total time (wallclock): 0.0222467 seconds

$ /home/daisy/GRB-Search-Pipeline/search-planning/build/sp_train /home/daisy/GRB-Search-Pipeline/results/training/maps/short/adapt_p11-715852394892384_a135-0_168_map.h5 /home/daisy/GRB-Search-Pipeline/search-planning/tilings/tiling_files/5.36x4.5_tiling.csv 1770 10.0 10.0 5.0 0 /home/daisy/GRB-Search-Pipeline/results/training/short_searching_5.36x4.5_tiling.csv
Input Parameters:
  file        = /home/daisy/GRB-Search-Pipeline/results/training/maps/short/adapt_p11-715852394892384_a135-0_168_map.h5
  source_tile = 1770
  slew_rate   = 10
  dwell_time  = 5
  output      = /home/daisy/GRB-Search-Pipeline/results/training/short_searching_5.36x4.5_tiling.csv

source = [78.2841, 135], n_src_events = 540, n_bkg_events = 1343
Loaded 161 entries (unique=161, duplicates=0, missing=48991, out_of_bounds=0, non-finite=0)
Sum(prob) over finite entries = 0.999999
init sum: 0.999999
num pixels: 49152
tile num: 1798
total tile prob: 0.999999
tiles with prob > 0: 14
total tile prob after trim: 0.999999
num tiles after trim: 14
init_pos: 1770
*********running GCP*********
total time (wallclock): 0.02193 seconds

$ /home/daisy/GRB-Search-Pipeline/search-planning/build/sp_train /home/daisy/GRB-Search-Pipeline/results/training/maps/short/adapt_p11-715852394892384_a135-0_169_map.h5 /home/daisy/GRB-Search-Pipeline/search-planning/tilings/tiling_files/5.36x4.5_tiling.csv 1770 10.0 10.0 5.0 0 /home/daisy/GRB-Search-Pipeline/results/training/short_searching_5.36x4.5_tiling.csv
Input Parameters:
  file        = /home/daisy/GRB-Search-Pipeline/results/training/maps/short/adapt_p11-715852394892384_a135-0_169_map.h5
  source_tile = 1770
  slew_rate   = 10
  dwell_time  = 5
  output      = /home/daisy/GRB-Search-Pipeline/results/training/short_searching_5.36x4.5_tiling.csv

source = [78.2841, 135], n_src_events = 563, n_bkg_events = 894
Loaded 75 entries (unique=75, duplicates=0, missing=49077, out_of_bounds=0, non-finite=0)
Sum(prob) over finite entries = 0.999999
init sum: 0.999999
num pixels: 49152
tile num: 1798
total tile prob: 0.999999
tiles with prob > 0: 8
total tile prob after trim: 0.999999
num tiles after trim: 8
init_pos: 1770
*********running GCP*********
total time (wallclock): 0.0222291 seconds

$ /home/daisy/GRB-Search-Pipeline/search-planning/build/sp_train /home/daisy/GRB-Search-Pipeline/results/training/maps/short/adapt_p11-715852394892384_a135-0_16_map.h5 /home/daisy/GRB-Search-Pipeline/search-planning/tilings/tiling_files/5.36x4.5_tiling.csv 1770 10.0 10.0 5.0 0 /home/daisy/GRB-Search-Pipeline/results/training/short_searching_5.36x4.5_tiling.csv
Input Parameters:
  file        = /home/daisy/GRB-Search-Pipeline/results/training/maps/short/adapt_p11-715852394892384_a135-0_16_map.h5
  source_tile = 1770
  slew_rate   = 10
  dwell_time  = 5
  output      = /home/daisy/GRB-Search-Pipeline/results/training/short_searching_5.36x4.5_tiling.csv

source = [78.2841, 135], n_src_events = 565, n_bkg_events = 1364
Loaded 139 entries (unique=139, duplicates=0, missing=49013, out_of_bounds=0, non-finite=0)
Sum(prob) over finite entries = 0.999999
init sum: 0.999999
num pixels: 49152
tile num: 1798
total tile prob: 0.999999
tiles with prob > 0: 11
total tile prob after trim: 0.999999
num tiles after trim: 11
init_pos: 1785
*********running GCP*********
total time (wallclock): 0.0224137 seconds

$ /home/daisy/GRB-Search-Pipeline/search-planning/build/sp_train /home/daisy/GRB-Search-Pipeline/results/training/maps/short/adapt_p11-715852394892384_a135-0_170_map.h5 /home/daisy/GRB-Search-Pipeline/search-planning/tilings/tiling_files/5.36x4.5_tiling.csv 1770 10.0 10.0 5.0 0 /home/daisy/GRB-Search-Pipeline/results/training/short_searching_5.36x4.5_tiling.csv
Input Parameters:
  file        = /home/daisy/GRB-Search-Pipeline/results/training/maps/short/adapt_p11-715852394892384_a135-0_170_map.h5
  source_tile = 1770
  slew_rate   = 10
  dwell_time  = 5
  output      = /home/daisy/GRB-Search-Pipeline/results/training/short_searching_5.36x4.5_tiling.csv

source = [78.2841, 135], n_src_events = 146, n_bkg_events = 1479
Loaded 3231 entries (unique=3231, duplicates=0, missing=45921, out_of_bounds=0, non-finite=0)
Sum(prob) over finite entries = 0.999997
init sum: 0.999997
num pixels: 49152
tile num: 1798
total tile prob: 0.999997
tiles with prob > 0: 159
total tile prob after trim: 0.999997
num tiles after trim: 159
init_pos: 1398
*********running GCP*********
total time (wallclock): 0.0280571 seconds

$ /home/daisy/GRB-Search-Pipeline/search-planning/build/sp_train /home/daisy/GRB-Search-Pipeline/results/training/maps/short/adapt_p11-715852394892384_a135-0_171_map.h5 /home/daisy/GRB-Search-Pipeline/search-planning/tilings/tiling_files/5.36x4.5_tiling.csv 1770 10.0 10.0 5.0 0 /home/daisy/GRB-Search-Pipeline/results/training/short_searching_5.36x4.5_tiling.csv
Input Parameters:
  file        = /home/daisy/GRB-Search-Pipeline/results/training/maps/short/adapt_p11-715852394892384_a135-0_171_map.h5
  source_tile = 1770
  slew_rate   = 10
  dwell_time  = 5
  output      = /home/daisy/GRB-Search-Pipeline/results/training/short_searching_5.36x4.5_tiling.csv

source = [78.2841, 135], n_src_events = 207, n_bkg_events = 848
Loaded 376 entries (unique=376, duplicates=0, missing=48776, out_of_bounds=0, non-finite=0)
Sum(prob) over finite entries = 0.999999
init sum: 0.999999
num pixels: 49152
tile num: 1798
total tile prob: 0.999999
tiles with prob > 0: 24
total tile prob after trim: 0.999999
num tiles after trim: 24
init_pos: 1786
*********running GCP*********
total time (wallclock): 0.024289 seconds

$ /home/daisy/GRB-Search-Pipeline/search-planning/build/sp_train /home/daisy/GRB-Search-Pipeline/results/training/maps/short/adapt_p11-715852394892384_a135-0_172_map.h5 /home/daisy/GRB-Search-Pipeline/search-planning/tilings/tiling_files/5.36x4.5_tiling.csv 1770 10.0 10.0 5.0 0 /home/daisy/GRB-Search-Pipeline/results/training/short_searching_5.36x4.5_tiling.csv
Input Parameters:
  file        = /home/daisy/GRB-Search-Pipeline/results/training/maps/short/adapt_p11-715852394892384_a135-0_172_map.h5
  source_tile = 1770
  slew_rate   = 10
  dwell_time  = 5
  output      = /home/daisy/GRB-Search-Pipeline/results/training/short_searching_5.36x4.5_tiling.csv

source = [78.2841, 135], n_src_events = 358, n_bkg_events = 1415
Loaded 271 entries (unique=271, duplicates=0, missing=48881, out_of_bounds=0, non-finite=0)
Sum(prob) over finite entries = 0.999998
init sum: 0.999998
num pixels: 49152
tile num: 1798
total tile prob: 0.999998
tiles with prob > 0: 20
total tile prob after trim: 0.999998
num tiles after trim: 20
init_pos: 1728
*********running GCP*********
total time (wallclock): 0.0237293 seconds

$ /home/daisy/GRB-Search-Pipeline/search-planning/build/sp_train /home/daisy/GRB-Search-Pipeline/results/training/maps/short/adapt_p11-715852394892384_a135-0_173_map.h5 /home/daisy/GRB-Search-Pipeline/search-planning/tilings/tiling_files/5.36x4.5_tiling.csv 1770 10.0 10.0 5.0 0 /home/daisy/GRB-Search-Pipeline/results/training/short_searching_5.36x4.5_tiling.csv
Input Parameters:
  file        = /home/daisy/GRB-Search-Pipeline/results/training/maps/short/adapt_p11-715852394892384_a135-0_173_map.h5
  source_tile = 1770
  slew_rate   = 10
  dwell_time  = 5
  output      = /home/daisy/GRB-Search-Pipeline/results/training/short_searching_5.36x4.5_tiling.csv

source = [78.2841, 135], n_src_events = 845, n_bkg_events = 1046
Loaded 91 entries (unique=91, duplicates=0, missing=49061, out_of_bounds=0, non-finite=0)
Sum(prob) over finite entries = 0.999999
init sum: 0.999999
num pixels: 49152
tile num: 1798
total tile prob: 0.999999
tiles with prob > 0: 8
total tile prob after trim: 0.999999
num tiles after trim: 8
init_pos: 1753
*********running GCP*********
total time (wallclock): 0.0232607 seconds

$ /home/daisy/GRB-Search-Pipeline/search-planning/build/sp_train /home/daisy/GRB-Search-Pipeline/results/training/maps/short/adapt_p11-715852394892384_a135-0_174_map.h5 /home/daisy/GRB-Search-Pipeline/search-planning/tilings/tiling_files/5.36x4.5_tiling.csv 1770 10.0 10.0 5.0 0 /home/daisy/GRB-Search-Pipeline/results/training/short_searching_5.36x4.5_tiling.csv
Input Parameters:
  file        = /home/daisy/GRB-Search-Pipeline/results/training/maps/short/adapt_p11-715852394892384_a135-0_174_map.h5
  source_tile = 1770
  slew_rate   = 10
  dwell_time  = 5
  output      = /home/daisy/GRB-Search-Pipeline/results/training/short_searching_5.36x4.5_tiling.csv

source = [78.2841, 135], n_src_events = 823, n_bkg_events = 511
Loaded 52 entries (unique=52, duplicates=0, missing=49100, out_of_bounds=0, non-finite=0)
Sum(prob) over finite entries = 0.999999
init sum: 0.999999
num pixels: 49152
tile num: 1798
total tile prob: 0.999999
tiles with prob > 0: 5
total tile prob after trim: 0.999999
num tiles after trim: 5
init_pos: 1771
*********running GCP*********
total time (wallclock): 0.0230416 seconds

$ /home/daisy/GRB-Search-Pipeline/search-planning/build/sp_train /home/daisy/GRB-Search-Pipeline/results/training/maps/short/adapt_p11-715852394892384_a135-0_175_map.h5 /home/daisy/GRB-Search-Pipeline/search-planning/tilings/tiling_files/5.36x4.5_tiling.csv 1770 10.0 10.0 5.0 0 /home/daisy/GRB-Search-Pipeline/results/training/short_searching_5.36x4.5_tiling.csv
Input Parameters:
  file        = /home/daisy/GRB-Search-Pipeline/results/training/maps/short/adapt_p11-715852394892384_a135-0_175_map.h5
  source_tile = 1770
  slew_rate   = 10
  dwell_time  = 5
  output      = /home/daisy/GRB-Search-Pipeline/results/training/short_searching_5.36x4.5_tiling.csv

source = [78.2841, 135], n_src_events = 514, n_bkg_events = 561
Loaded 107 entries (unique=107, duplicates=0, missing=49045, out_of_bounds=0, non-finite=0)
Sum(prob) over finite entries = 0.999998
init sum: 0.999998
num pixels: 49152
tile num: 1798
total tile prob: 0.999998
tiles with prob > 0: 10
total tile prob after trim: 0.999998
num tiles after trim: 10
init_pos: 1770
*********running GCP*********
total time (wallclock): 0.0218884 seconds

$ /home/daisy/GRB-Search-Pipeline/search-planning/build/sp_train /home/daisy/GRB-Search-Pipeline/results/training/maps/short/adapt_p11-715852394892384_a135-0_176_map.h5 /home/daisy/GRB-Search-Pipeline/search-planning/tilings/tiling_files/5.36x4.5_tiling.csv 1770 10.0 10.0 5.0 0 /home/daisy/GRB-Search-Pipeline/results/training/short_searching_5.36x4.5_tiling.csv
Input Parameters:
  file        = /home/daisy/GRB-Search-Pipeline/results/training/maps/short/adapt_p11-715852394892384_a135-0_176_map.h5
  source_tile = 1770
  slew_rate   = 10
  dwell_time  = 5
  output      = /home/daisy/GRB-Search-Pipeline/results/training/short_searching_5.36x4.5_tiling.csv

source = [78.2841, 135], n_src_events = 688, n_bkg_events = 843
Loaded 64 entries (unique=64, duplicates=0, missing=49088, out_of_bounds=0, non-finite=0)
Sum(prob) over finite entries = 0.999999
init sum: 0.999999
num pixels: 49152
tile num: 1798
total tile prob: 0.999999
tiles with prob > 0: 7
total tile prob after trim: 0.999999
num tiles after trim: 7
init_pos: 1770
*********running GCP*********
total time (wallclock): 0.0219015 seconds

$ /home/daisy/GRB-Search-Pipeline/search-planning/build/sp_train /home/daisy/GRB-Search-Pipeline/results/training/maps/short/adapt_p11-715852394892384_a135-0_177_map.h5 /home/daisy/GRB-Search-Pipeline/search-planning/tilings/tiling_files/5.36x4.5_tiling.csv 1770 10.0 10.0 5.0 0 /home/daisy/GRB-Search-Pipeline/results/training/short_searching_5.36x4.5_tiling.csv
Input Parameters:
  file        = /home/daisy/GRB-Search-Pipeline/results/training/maps/short/adapt_p11-715852394892384_a135-0_177_map.h5
  source_tile = 1770
  slew_rate   = 10
  dwell_time  = 5
  output      = /home/daisy/GRB-Search-Pipeline/results/training/short_searching_5.36x4.5_tiling.csv

source = [78.2841, 135], n_src_events = 479, n_bkg_events = 1842
Loaded 291 entries (unique=291, duplicates=0, missing=48861, out_of_bounds=0, non-finite=0)
Sum(prob) over finite entries = 0.999998
init sum: 0.999998
num pixels: 49152
tile num: 1798
total tile prob: 0.999998
tiles with prob > 0: 20
total tile prob after trim: 0.999998
num tiles after trim: 20
init_pos: 1773
*********running GCP*********
total time (wallclock): 0.0248021 seconds

$ /home/daisy/GRB-Search-Pipeline/search-planning/build/sp_train /home/daisy/GRB-Search-Pipeline/results/training/maps/short/adapt_p11-715852394892384_a135-0_178_map.h5 /home/daisy/GRB-Search-Pipeline/search-planning/tilings/tiling_files/5.36x4.5_tiling.csv 1770 10.0 10.0 5.0 0 /home/daisy/GRB-Search-Pipeline/results/training/short_searching_5.36x4.5_tiling.csv
Input Parameters:
  file        = /home/daisy/GRB-Search-Pipeline/results/training/maps/short/adapt_p11-715852394892384_a135-0_178_map.h5
  source_tile = 1770
  slew_rate   = 10
  dwell_time  = 5
  output      = /home/daisy/GRB-Search-Pipeline/results/training/short_searching_5.36x4.5_tiling.csv

source = [78.2841, 135], n_src_events = 633, n_bkg_events = 571
Loaded 80 entries (unique=80, duplicates=0, missing=49072, out_of_bounds=0, non-finite=0)
Sum(prob) over finite entries = 0.999999
init sum: 0.999999
num pixels: 49152
tile num: 1798
total tile prob: 0.999999
tiles with prob > 0: 9
total tile prob after trim: 0.999999
num tiles after trim: 9
init_pos: 1771
*********running GCP*********
total time (wallclock): 0.0221629 seconds

$ /home/daisy/GRB-Search-Pipeline/search-planning/build/sp_train /home/daisy/GRB-Search-Pipeline/results/training/maps/short/adapt_p11-715852394892384_a135-0_179_map.h5 /home/daisy/GRB-Search-Pipeline/search-planning/tilings/tiling_files/5.36x4.5_tiling.csv 1770 10.0 10.0 5.0 0 /home/daisy/GRB-Search-Pipeline/results/training/short_searching_5.36x4.5_tiling.csv
Input Parameters:
  file        = /home/daisy/GRB-Search-Pipeline/results/training/maps/short/adapt_p11-715852394892384_a135-0_179_map.h5
  source_tile = 1770
  slew_rate   = 10
  dwell_time  = 5
  output      = /home/daisy/GRB-Search-Pipeline/results/training/short_searching_5.36x4.5_tiling.csv

source = [78.2841, 135], n_src_events = 730, n_bkg_events = 427
Loaded 52 entries (unique=52, duplicates=0, missing=49100, out_of_bounds=0, non-finite=0)
Sum(prob) over finite entries = 0.999999
init sum: 0.999999
num pixels: 49152
tile num: 1798
total tile prob: 0.999999
tiles with prob > 0: 5
total tile prob after trim: 0.999999
num tiles after trim: 5
init_pos: 1752
*********running GCP*********
total time (wallclock): 0.0228753 seconds

$ /home/daisy/GRB-Search-Pipeline/search-planning/build/sp_train /home/daisy/GRB-Search-Pipeline/results/training/maps/short/adapt_p11-715852394892384_a135-0_17_map.h5 /home/daisy/GRB-Search-Pipeline/search-planning/tilings/tiling_files/5.36x4.5_tiling.csv 1770 10.0 10.0 5.0 0 /home/daisy/GRB-Search-Pipeline/results/training/short_searching_5.36x4.5_tiling.csv
Input Parameters:
  file        = /home/daisy/GRB-Search-Pipeline/results/training/maps/short/adapt_p11-715852394892384_a135-0_17_map.h5
  source_tile = 1770
  slew_rate   = 10
  dwell_time  = 5
  output      = /home/daisy/GRB-Search-Pipeline/results/training/short_searching_5.36x4.5_tiling.csv

source = [78.2841, 135], n_src_events = 293, n_bkg_events = 389
Loaded 218 entries (unique=218, duplicates=0, missing=48934, out_of_bounds=0, non-finite=0)
Sum(prob) over finite entries = 0.999999
init sum: 0.999999
num pixels: 49152
tile num: 1798
total tile prob: 0.999999
tiles with prob > 0: 15
total tile prob after trim: 0.999999
num tiles after trim: 15
init_pos: 1784
*********running GCP*********
total time (wallclock): 0.0223382 seconds

$ /home/daisy/GRB-Search-Pipeline/search-planning/build/sp_train /home/daisy/GRB-Search-Pipeline/results/training/maps/short/adapt_p11-715852394892384_a135-0_180_map.h5 /home/daisy/GRB-Search-Pipeline/search-planning/tilings/tiling_files/5.36x4.5_tiling.csv 1770 10.0 10.0 5.0 0 /home/daisy/GRB-Search-Pipeline/results/training/short_searching_5.36x4.5_tiling.csv
Input Parameters:
  file        = /home/daisy/GRB-Search-Pipeline/results/training/maps/short/adapt_p11-715852394892384_a135-0_180_map.h5
  source_tile = 1770
  slew_rate   = 10
  dwell_time  = 5
  output      = /home/daisy/GRB-Search-Pipeline/results/training/short_searching_5.36x4.5_tiling.csv

source = [78.2841, 135], n_src_events = 386, n_bkg_events = 1405
Loaded 158 entries (unique=158, duplicates=0, missing=48994, out_of_bounds=0, non-finite=0)
Sum(prob) over finite entries = 0.999999
init sum: 0.999999
num pixels: 49152
tile num: 1798
total tile prob: 0.999999
tiles with prob > 0: 14
total tile prob after trim: 0.999999
num tiles after trim: 14
init_pos: 1753
*********running GCP*********
total time (wallclock): 0.0231496 seconds

$ /home/daisy/GRB-Search-Pipeline/search-planning/build/sp_train /home/daisy/GRB-Search-Pipeline/results/training/maps/short/adapt_p11-715852394892384_a135-0_181_map.h5 /home/daisy/GRB-Search-Pipeline/search-planning/tilings/tiling_files/5.36x4.5_tiling.csv 1770 10.0 10.0 5.0 0 /home/daisy/GRB-Search-Pipeline/results/training/short_searching_5.36x4.5_tiling.csv
Input Parameters:
  file        = /home/daisy/GRB-Search-Pipeline/results/training/maps/short/adapt_p11-715852394892384_a135-0_181_map.h5
  source_tile = 1770
  slew_rate   = 10
  dwell_time  = 5
  output      = /home/daisy/GRB-Search-Pipeline/results/training/short_searching_5.36x4.5_tiling.csv

source = [78.2841, 135], n_src_events = 502, n_bkg_events = 967
Loaded 110 entries (unique=110, duplicates=0, missing=49042, out_of_bounds=0, non-finite=0)
Sum(prob) over finite entries = 0.999999
init sum: 0.999999
num pixels: 49152
tile num: 1798
total tile prob: 0.999999
tiles with prob > 0: 9
total tile prob after trim: 0.999999
num tiles after trim: 9
init_pos: 1752
*********running GCP*********
total time (wallclock): 0.0220321 seconds

$ /home/daisy/GRB-Search-Pipeline/search-planning/build/sp_train /home/daisy/GRB-Search-Pipeline/results/training/maps/short/adapt_p11-715852394892384_a135-0_182_map.h5 /home/daisy/GRB-Search-Pipeline/search-planning/tilings/tiling_files/5.36x4.5_tiling.csv 1770 10.0 10.0 5.0 0 /home/daisy/GRB-Search-Pipeline/results/training/short_searching_5.36x4.5_tiling.csv
Input Parameters:
  file        = /home/daisy/GRB-Search-Pipeline/results/training/maps/short/adapt_p11-715852394892384_a135-0_182_map.h5
  source_tile = 1770
  slew_rate   = 10
  dwell_time  = 5
  output      = /home/daisy/GRB-Search-Pipeline/results/training/short_searching_5.36x4.5_tiling.csv

source = [78.2841, 135], n_src_events = 735, n_bkg_events = 1751
Loaded 75 entries (unique=75, duplicates=0, missing=49077, out_of_bounds=0, non-finite=0)
Sum(prob) over finite entries = 0.999998
init sum: 0.999998
num pixels: 49152
tile num: 1798
total tile prob: 0.999998
tiles with prob > 0: 8
total tile prob after trim: 0.999998
num tiles after trim: 8
init_pos: 1771
*********running GCP*********
total time (wallclock): 0.023402 seconds

$ /home/daisy/GRB-Search-Pipeline/search-planning/build/sp_train /home/daisy/GRB-Search-Pipeline/results/training/maps/short/adapt_p11-715852394892384_a135-0_183_map.h5 /home/daisy/GRB-Search-Pipeline/search-planning/tilings/tiling_files/5.36x4.5_tiling.csv 1770 10.0 10.0 5.0 0 /home/daisy/GRB-Search-Pipeline/results/training/short_searching_5.36x4.5_tiling.csv
Input Parameters:
  file        = /home/daisy/GRB-Search-Pipeline/results/training/maps/short/adapt_p11-715852394892384_a135-0_183_map.h5
  source_tile = 1770
  slew_rate   = 10
  dwell_time  = 5
  output      = /home/daisy/GRB-Search-Pipeline/results/training/short_searching_5.36x4.5_tiling.csv

source = [78.2841, 135], n_src_events = 626, n_bkg_events = 134
Loaded 93 entries (unique=93, duplicates=0, missing=49059, out_of_bounds=0, non-finite=0)
Sum(prob) over finite entries = 0.999999
init sum: 0.999999
num pixels: 49152
tile num: 1798
total tile prob: 0.999999
tiles with prob > 0: 8
total tile prob after trim: 0.999999
num tiles after trim: 8
init_pos: 1752
*********running GCP*********
total time (wallclock): 0.0227071 seconds

$ /home/daisy/GRB-Search-Pipeline/search-planning/build/sp_train /home/daisy/GRB-Search-Pipeline/results/training/maps/short/adapt_p11-715852394892384_a135-0_184_map.h5 /home/daisy/GRB-Search-Pipeline/search-planning/tilings/tiling_files/5.36x4.5_tiling.csv 1770 10.0 10.0 5.0 0 /home/daisy/GRB-Search-Pipeline/results/training/short_searching_5.36x4.5_tiling.csv
Input Parameters:
  file        = /home/daisy/GRB-Search-Pipeline/results/training/maps/short/adapt_p11-715852394892384_a135-0_184_map.h5
  source_tile = 1770
  slew_rate   = 10
  dwell_time  = 5
  output      = /home/daisy/GRB-Search-Pipeline/results/training/short_searching_5.36x4.5_tiling.csv

source = [78.2841, 135], n_src_events = 685, n_bkg_events = 1752
Loaded 117 entries (unique=117, duplicates=0, missing=49035, out_of_bounds=0, non-finite=0)
Sum(prob) over finite entries = 0.999999
init sum: 0.999999
num pixels: 49152
tile num: 1798
total tile prob: 0.999999
tiles with prob > 0: 10
total tile prob after trim: 0.999999
num tiles after trim: 10
init_pos: 1752
*********running GCP*********
total time (wallclock): 0.0227621 seconds

$ /home/daisy/GRB-Search-Pipeline/search-planning/build/sp_train /home/daisy/GRB-Search-Pipeline/results/training/maps/short/adapt_p11-715852394892384_a135-0_185_map.h5 /home/daisy/GRB-Search-Pipeline/search-planning/tilings/tiling_files/5.36x4.5_tiling.csv 1770 10.0 10.0 5.0 0 /home/daisy/GRB-Search-Pipeline/results/training/short_searching_5.36x4.5_tiling.csv
Input Parameters:
  file        = /home/daisy/GRB-Search-Pipeline/results/training/maps/short/adapt_p11-715852394892384_a135-0_185_map.h5
  source_tile = 1770
  slew_rate   = 10
  dwell_time  = 5
  output      = /home/daisy/GRB-Search-Pipeline/results/training/short_searching_5.36x4.5_tiling.csv

source = [78.2841, 135], n_src_events = 125, n_bkg_events = 1403
Loaded 1965 entries (unique=1965, duplicates=0, missing=47187, out_of_bounds=0, non-finite=0)
Sum(prob) over finite entries = 0.99999
init sum: 0.99999
num pixels: 49152
tile num: 1798
total tile prob: 0.99999
tiles with prob > 0: 103
total tile prob after trim: 0.99999
num tiles after trim: 103
init_pos: 1754
*********running GCP*********
total time (wallclock): 0.0515809 seconds

$ /home/daisy/GRB-Search-Pipeline/search-planning/build/sp_train /home/daisy/GRB-Search-Pipeline/results/training/maps/short/adapt_p11-715852394892384_a135-0_186_map.h5 /home/daisy/GRB-Search-Pipeline/search-planning/tilings/tiling_files/5.36x4.5_tiling.csv 1770 10.0 10.0 5.0 0 /home/daisy/GRB-Search-Pipeline/results/training/short_searching_5.36x4.5_tiling.csv
Input Parameters:
  file        = /home/daisy/GRB-Search-Pipeline/results/training/maps/short/adapt_p11-715852394892384_a135-0_186_map.h5
  source_tile = 1770
  slew_rate   = 10
  dwell_time  = 5
  output      = /home/daisy/GRB-Search-Pipeline/results/training/short_searching_5.36x4.5_tiling.csv

source = [78.2841, 135], n_src_events = 319, n_bkg_events = 1057
Loaded 193 entries (unique=193, duplicates=0, missing=48959, out_of_bounds=0, non-finite=0)
Sum(prob) over finite entries = 0.999998
init sum: 0.999998
num pixels: 49152
tile num: 1798
total tile prob: 0.999998
tiles with prob > 0: 16
total tile prob after trim: 0.999998
num tiles after trim: 16
init_pos: 1753
*********running GCP*********
total time (wallclock): 0.0235441 seconds

$ /home/daisy/GRB-Search-Pipeline/search-planning/build/sp_train /home/daisy/GRB-Search-Pipeline/results/training/maps/short/adapt_p11-715852394892384_a135-0_187_map.h5 /home/daisy/GRB-Search-Pipeline/search-planning/tilings/tiling_files/5.36x4.5_tiling.csv 1770 10.0 10.0 5.0 0 /home/daisy/GRB-Search-Pipeline/results/training/short_searching_5.36x4.5_tiling.csv
Input Parameters:
  file        = /home/daisy/GRB-Search-Pipeline/results/training/maps/short/adapt_p11-715852394892384_a135-0_187_map.h5
  source_tile = 1770
  slew_rate   = 10
  dwell_time  = 5
  output      = /home/daisy/GRB-Search-Pipeline/results/training/short_searching_5.36x4.5_tiling.csv

source = [78.2841, 135], n_src_events = 94, n_bkg_events = 349
Loaded 589 entries (unique=589, duplicates=0, missing=48563, out_of_bounds=0, non-finite=0)
Sum(prob) over finite entries = 0.999996
init sum: 0.999996
num pixels: 49152
tile num: 1798
total tile prob: 0.999996
tiles with prob > 0: 34
total tile prob after trim: 0.999996
num tiles after trim: 34
init_pos: 1754
*********running GCP*********
total time (wallclock): 0.0246345 seconds

$ /home/daisy/GRB-Search-Pipeline/search-planning/build/sp_train /home/daisy/GRB-Search-Pipeline/results/training/maps/short/adapt_p11-715852394892384_a135-0_188_map.h5 /home/daisy/GRB-Search-Pipeline/search-planning/tilings/tiling_files/5.36x4.5_tiling.csv 1770 10.0 10.0 5.0 0 /home/daisy/GRB-Search-Pipeline/results/training/short_searching_5.36x4.5_tiling.csv
Input Parameters:
  file        = /home/daisy/GRB-Search-Pipeline/results/training/maps/short/adapt_p11-715852394892384_a135-0_188_map.h5
  source_tile = 1770
  slew_rate   = 10
  dwell_time  = 5
  output      = /home/daisy/GRB-Search-Pipeline/results/training/short_searching_5.36x4.5_tiling.csv

source = [78.2841, 135], n_src_events = 777, n_bkg_events = 1183
Loaded 77 entries (unique=77, duplicates=0, missing=49075, out_of_bounds=0, non-finite=0)
Sum(prob) over finite entries = 0.999998
init sum: 0.999998
num pixels: 49152
tile num: 1798
total tile prob: 0.999998
tiles with prob > 0: 8
total tile prob after trim: 0.999998
num tiles after trim: 8
init_pos: 1752
*********running GCP*********
total time (wallclock): 0.0225898 seconds

$ /home/daisy/GRB-Search-Pipeline/search-planning/build/sp_train /home/daisy/GRB-Search-Pipeline/results/training/maps/short/adapt_p11-715852394892384_a135-0_189_map.h5 /home/daisy/GRB-Search-Pipeline/search-planning/tilings/tiling_files/5.36x4.5_tiling.csv 1770 10.0 10.0 5.0 0 /home/daisy/GRB-Search-Pipeline/results/training/short_searching_5.36x4.5_tiling.csv
Input Parameters:
  file        = /home/daisy/GRB-Search-Pipeline/results/training/maps/short/adapt_p11-715852394892384_a135-0_189_map.h5
  source_tile = 1770
  slew_rate   = 10
  dwell_time  = 5
  output      = /home/daisy/GRB-Search-Pipeline/results/training/short_searching_5.36x4.5_tiling.csv

source = [78.2841, 135], n_src_events = 251, n_bkg_events = 145
Loaded 454 entries (unique=454, duplicates=0, missing=48698, out_of_bounds=0, non-finite=0)
Sum(prob) over finite entries = 0.999999
init sum: 0.999999
num pixels: 49152
tile num: 1798
total tile prob: 0.999999
tiles with prob > 0: 29
total tile prob after trim: 0.999999
num tiles after trim: 29
init_pos: 1751
*********running GCP*********
total time (wallclock): 0.0246298 seconds

$ /home/daisy/GRB-Search-Pipeline/search-planning/build/sp_train /home/daisy/GRB-Search-Pipeline/results/training/maps/short/adapt_p11-715852394892384_a135-0_18_map.h5 /home/daisy/GRB-Search-Pipeline/search-planning/tilings/tiling_files/5.36x4.5_tiling.csv 1770 10.0 10.0 5.0 0 /home/daisy/GRB-Search-Pipeline/results/training/short_searching_5.36x4.5_tiling.csv
Input Parameters:
  file        = /home/daisy/GRB-Search-Pipeline/results/training/maps/short/adapt_p11-715852394892384_a135-0_18_map.h5
  source_tile = 1770
  slew_rate   = 10
  dwell_time  = 5
  output      = /home/daisy/GRB-Search-Pipeline/results/training/short_searching_5.36x4.5_tiling.csv

source = [78.2841, 135], n_src_events = 849, n_bkg_events = 697
Loaded 52 entries (unique=52, duplicates=0, missing=49100, out_of_bounds=0, non-finite=0)
Sum(prob) over finite entries = 0.999999
init sum: 0.999999
num pixels: 49152
tile num: 1798
total tile prob: 0.999999
tiles with prob > 0: 5
total tile prob after trim: 0.999999
num tiles after trim: 5
init_pos: 1751
*********running GCP*********
total time (wallclock): 0.0232683 seconds

$ /home/daisy/GRB-Search-Pipeline/search-planning/build/sp_train /home/daisy/GRB-Search-Pipeline/results/training/maps/short/adapt_p11-715852394892384_a135-0_190_map.h5 /home/daisy/GRB-Search-Pipeline/search-planning/tilings/tiling_files/5.36x4.5_tiling.csv 1770 10.0 10.0 5.0 0 /home/daisy/GRB-Search-Pipeline/results/training/short_searching_5.36x4.5_tiling.csv
Input Parameters:
  file        = /home/daisy/GRB-Search-Pipeline/results/training/maps/short/adapt_p11-715852394892384_a135-0_190_map.h5
  source_tile = 1770
  slew_rate   = 10
  dwell_time  = 5
  output      = /home/daisy/GRB-Search-Pipeline/results/training/short_searching_5.36x4.5_tiling.csv

source = [78.2841, 135], n_src_events = 433, n_bkg_events = 381
Loaded 113 entries (unique=113, duplicates=0, missing=49039, out_of_bounds=0, non-finite=0)
Sum(prob) over finite entries = 0.999999
init sum: 0.999999
num pixels: 49152
tile num: 1798
total tile prob: 0.999999
tiles with prob > 0: 9
total tile prob after trim: 0.999999
num tiles after trim: 9
init_pos: 1753
*********running GCP*********
total time (wallclock): 0.0240941 seconds

$ /home/daisy/GRB-Search-Pipeline/search-planning/build/sp_train /home/daisy/GRB-Search-Pipeline/results/training/maps/short/adapt_p11-715852394892384_a135-0_191_map.h5 /home/daisy/GRB-Search-Pipeline/search-planning/tilings/tiling_files/5.36x4.5_tiling.csv 1770 10.0 10.0 5.0 0 /home/daisy/GRB-Search-Pipeline/results/training/short_searching_5.36x4.5_tiling.csv
Input Parameters:
  file        = /home/daisy/GRB-Search-Pipeline/results/training/maps/short/adapt_p11-715852394892384_a135-0_191_map.h5
  source_tile = 1770
  slew_rate   = 10
  dwell_time  = 5
  output      = /home/daisy/GRB-Search-Pipeline/results/training/short_searching_5.36x4.5_tiling.csv

source = [78.2841, 135], n_src_events = 219, n_bkg_events = 600
Loaded 519 entries (unique=519, duplicates=0, missing=48633, out_of_bounds=0, non-finite=0)
Sum(prob) over finite entries = 0.999998
init sum: 0.999998
num pixels: 49152
tile num: 1798
total tile prob: 0.999998
tiles with prob > 0: 29
total tile prob after trim: 0.999998
num tiles after trim: 29
init_pos: 1770
*********running GCP*********
total time (wallclock): 0.0225581 seconds

$ /home/daisy/GRB-Search-Pipeline/search-planning/build/sp_train /home/daisy/GRB-Search-Pipeline/results/training/maps/short/adapt_p11-715852394892384_a135-0_192_map.h5 /home/daisy/GRB-Search-Pipeline/search-planning/tilings/tiling_files/5.36x4.5_tiling.csv 1770 10.0 10.0 5.0 0 /home/daisy/GRB-Search-Pipeline/results/training/short_searching_5.36x4.5_tiling.csv
Input Parameters:
  file        = /home/daisy/GRB-Search-Pipeline/results/training/maps/short/adapt_p11-715852394892384_a135-0_192_map.h5
  source_tile = 1770
  slew_rate   = 10
  dwell_time  = 5
  output      = /home/daisy/GRB-Search-Pipeline/results/training/short_searching_5.36x4.5_tiling.csv

source = [78.2841, 135], n_src_events = 397, n_bkg_events = 747
Loaded 124 entries (unique=124, duplicates=0, missing=49028, out_of_bounds=0, non-finite=0)
Sum(prob) over finite entries = 0.999999
init sum: 0.999999
num pixels: 49152
tile num: 1798
total tile prob: 0.999999
tiles with prob > 0: 10
total tile prob after trim: 0.999999
num tiles after trim: 10
init_pos: 1771
*********running GCP*********
total time (wallclock): 0.0246836 seconds

$ /home/daisy/GRB-Search-Pipeline/search-planning/build/sp_train /home/daisy/GRB-Search-Pipeline/results/training/maps/short/adapt_p11-715852394892384_a135-0_193_map.h5 /home/daisy/GRB-Search-Pipeline/search-planning/tilings/tiling_files/5.36x4.5_tiling.csv 1770 10.0 10.0 5.0 0 /home/daisy/GRB-Search-Pipeline/results/training/short_searching_5.36x4.5_tiling.csv
Input Parameters:
  file        = /home/daisy/GRB-Search-Pipeline/results/training/maps/short/adapt_p11-715852394892384_a135-0_193_map.h5
  source_tile = 1770
  slew_rate   = 10
  dwell_time  = 5
  output      = /home/daisy/GRB-Search-Pipeline/results/training/short_searching_5.36x4.5_tiling.csv

source = [78.2841, 135], n_src_events = 702, n_bkg_events = 1650
Loaded 67 entries (unique=67, duplicates=0, missing=49085, out_of_bounds=0, non-finite=0)
Sum(prob) over finite entries = 0.999999
init sum: 0.999999
num pixels: 49152
tile num: 1798
total tile prob: 0.999999
tiles with prob > 0: 5
total tile prob after trim: 0.999999
num tiles after trim: 5
init_pos: 1752
*********running GCP*********
total time (wallclock): 0.0224241 seconds

$ /home/daisy/GRB-Search-Pipeline/search-planning/build/sp_train /home/daisy/GRB-Search-Pipeline/results/training/maps/short/adapt_p11-715852394892384_a135-0_194_map.h5 /home/daisy/GRB-Search-Pipeline/search-planning/tilings/tiling_files/5.36x4.5_tiling.csv 1770 10.0 10.0 5.0 0 /home/daisy/GRB-Search-Pipeline/results/training/short_searching_5.36x4.5_tiling.csv
Input Parameters:
  file        = /home/daisy/GRB-Search-Pipeline/results/training/maps/short/adapt_p11-715852394892384_a135-0_194_map.h5
  source_tile = 1770
  slew_rate   = 10
  dwell_time  = 5
  output      = /home/daisy/GRB-Search-Pipeline/results/training/short_searching_5.36x4.5_tiling.csv

source = [78.2841, 135], n_src_events = 674, n_bkg_events = 311
Loaded 60 entries (unique=60, duplicates=0, missing=49092, out_of_bounds=0, non-finite=0)
Sum(prob) over finite entries = 0.999998
init sum: 0.999998
num pixels: 49152
tile num: 1798
total tile prob: 0.999998
tiles with prob > 0: 7
total tile prob after trim: 0.999998
num tiles after trim: 7
init_pos: 1770
*********running GCP*********
total time (wallclock): 0.021944 seconds

$ /home/daisy/GRB-Search-Pipeline/search-planning/build/sp_train /home/daisy/GRB-Search-Pipeline/results/training/maps/short/adapt_p11-715852394892384_a135-0_195_map.h5 /home/daisy/GRB-Search-Pipeline/search-planning/tilings/tiling_files/5.36x4.5_tiling.csv 1770 10.0 10.0 5.0 0 /home/daisy/GRB-Search-Pipeline/results/training/short_searching_5.36x4.5_tiling.csv
Input Parameters:
  file        = /home/daisy/GRB-Search-Pipeline/results/training/maps/short/adapt_p11-715852394892384_a135-0_195_map.h5
  source_tile = 1770
  slew_rate   = 10
  dwell_time  = 5
  output      = /home/daisy/GRB-Search-Pipeline/results/training/short_searching_5.36x4.5_tiling.csv

source = [78.2841, 135], n_src_events = 679, n_bkg_events = 1147
Loaded 91 entries (unique=91, duplicates=0, missing=49061, out_of_bounds=0, non-finite=0)
Sum(prob) over finite entries = 0.999998
init sum: 0.999998
num pixels: 49152
tile num: 1798
total tile prob: 0.999998
tiles with prob > 0: 8
total tile prob after trim: 0.999998
num tiles after trim: 8
init_pos: 1771
*********running GCP*********
total time (wallclock): 0.0220803 seconds

$ /home/daisy/GRB-Search-Pipeline/search-planning/build/sp_train /home/daisy/GRB-Search-Pipeline/results/training/maps/short/adapt_p11-715852394892384_a135-0_196_map.h5 /home/daisy/GRB-Search-Pipeline/search-planning/tilings/tiling_files/5.36x4.5_tiling.csv 1770 10.0 10.0 5.0 0 /home/daisy/GRB-Search-Pipeline/results/training/short_searching_5.36x4.5_tiling.csv
Input Parameters:
  file        = /home/daisy/GRB-Search-Pipeline/results/training/maps/short/adapt_p11-715852394892384_a135-0_196_map.h5
  source_tile = 1770
  slew_rate   = 10
  dwell_time  = 5
  output      = /home/daisy/GRB-Search-Pipeline/results/training/short_searching_5.36x4.5_tiling.csv

source = [78.2841, 135], n_src_events = 177, n_bkg_events = 420
Loaded 369 entries (unique=369, duplicates=0, missing=48783, out_of_bounds=0, non-finite=0)
Sum(prob) over finite entries = 0.999998
init sum: 0.999998
num pixels: 49152
tile num: 1798
total tile prob: 0.999998
tiles with prob > 0: 23
total tile prob after trim: 0.999998
num tiles after trim: 23
init_pos: 1728
*********running GCP*********
total time (wallclock): 0.0237608 seconds

$ /home/daisy/GRB-Search-Pipeline/search-planning/build/sp_train /home/daisy/GRB-Search-Pipeline/results/training/maps/short/adapt_p11-715852394892384_a135-0_197_map.h5 /home/daisy/GRB-Search-Pipeline/search-planning/tilings/tiling_files/5.36x4.5_tiling.csv 1770 10.0 10.0 5.0 0 /home/daisy/GRB-Search-Pipeline/results/training/short_searching_5.36x4.5_tiling.csv
Input Parameters:
  file        = /home/daisy/GRB-Search-Pipeline/results/training/maps/short/adapt_p11-715852394892384_a135-0_197_map.h5
  source_tile = 1770
  slew_rate   = 10
  dwell_time  = 5
  output      = /home/daisy/GRB-Search-Pipeline/results/training/short_searching_5.36x4.5_tiling.csv

source = [78.2841, 135], n_src_events = 828, n_bkg_events = 1094
Loaded 55 entries (unique=55, duplicates=0, missing=49097, out_of_bounds=0, non-finite=0)
Sum(prob) over finite entries = 0.999999
init sum: 0.999999
num pixels: 49152
tile num: 1798
total tile prob: 0.999999
tiles with prob > 0: 6
total tile prob after trim: 0.999999
num tiles after trim: 6
init_pos: 1752
*********running GCP*********
total time (wallclock): 0.0227764 seconds

$ /home/daisy/GRB-Search-Pipeline/search-planning/build/sp_train /home/daisy/GRB-Search-Pipeline/results/training/maps/short/adapt_p11-715852394892384_a135-0_198_map.h5 /home/daisy/GRB-Search-Pipeline/search-planning/tilings/tiling_files/5.36x4.5_tiling.csv 1770 10.0 10.0 5.0 0 /home/daisy/GRB-Search-Pipeline/results/training/short_searching_5.36x4.5_tiling.csv
Input Parameters:
  file        = /home/daisy/GRB-Search-Pipeline/results/training/maps/short/adapt_p11-715852394892384_a135-0_198_map.h5
  source_tile = 1770
  slew_rate   = 10
  dwell_time  = 5
  output      = /home/daisy/GRB-Search-Pipeline/results/training/short_searching_5.36x4.5_tiling.csv

source = [78.2841, 135], n_src_events = 445, n_bkg_events = 1131
Loaded 145 entries (unique=145, duplicates=0, missing=49007, out_of_bounds=0, non-finite=0)
Sum(prob) over finite entries = 0.999999
init sum: 0.999999
num pixels: 49152
tile num: 1798
total tile prob: 0.999999
tiles with prob > 0: 11
total tile prob after trim: 0.999999
num tiles after trim: 11
init_pos: 1751
*********running GCP*********
total time (wallclock): 0.0225047 seconds

$ /home/daisy/GRB-Search-Pipeline/search-planning/build/sp_train /home/daisy/GRB-Search-Pipeline/results/training/maps/short/adapt_p11-715852394892384_a135-0_199_map.h5 /home/daisy/GRB-Search-Pipeline/search-planning/tilings/tiling_files/5.36x4.5_tiling.csv 1770 10.0 10.0 5.0 0 /home/daisy/GRB-Search-Pipeline/results/training/short_searching_5.36x4.5_tiling.csv
Input Parameters:
  file        = /home/daisy/GRB-Search-Pipeline/results/training/maps/short/adapt_p11-715852394892384_a135-0_199_map.h5
  source_tile = 1770
  slew_rate   = 10
  dwell_time  = 5
  output      = /home/daisy/GRB-Search-Pipeline/results/training/short_searching_5.36x4.5_tiling.csv

source = [78.2841, 135], n_src_events = 146, n_bkg_events = 771
Loaded 626 entries (unique=626, duplicates=0, missing=48526, out_of_bounds=0, non-finite=0)
Sum(prob) over finite entries = 0.999997
init sum: 0.999997
num pixels: 49152
tile num: 1798
total tile prob: 0.999997
tiles with prob > 0: 37
total tile prob after trim: 0.999997
num tiles after trim: 37
init_pos: 1701
*********running GCP*********
total time (wallclock): 0.0287249 seconds

$ /home/daisy/GRB-Search-Pipeline/search-planning/build/sp_train /home/daisy/GRB-Search-Pipeline/results/training/maps/short/adapt_p11-715852394892384_a135-0_19_map.h5 /home/daisy/GRB-Search-Pipeline/search-planning/tilings/tiling_files/5.36x4.5_tiling.csv 1770 10.0 10.0 5.0 0 /home/daisy/GRB-Search-Pipeline/results/training/short_searching_5.36x4.5_tiling.csv
Input Parameters:
  file        = /home/daisy/GRB-Search-Pipeline/results/training/maps/short/adapt_p11-715852394892384_a135-0_19_map.h5
  source_tile = 1770
  slew_rate   = 10
  dwell_time  = 5
  output      = /home/daisy/GRB-Search-Pipeline/results/training/short_searching_5.36x4.5_tiling.csv

source = [78.2841, 135], n_src_events = 374, n_bkg_events = 826
Loaded 257 entries (unique=257, duplicates=0, missing=48895, out_of_bounds=0, non-finite=0)
Sum(prob) over finite entries = 0.999999
init sum: 0.999999
num pixels: 49152
tile num: 1798
total tile prob: 0.999999
tiles with prob > 0: 19
total tile prob after trim: 0.999999
num tiles after trim: 19
init_pos: 1786
*********running GCP*********
total time (wallclock): 0.0227085 seconds

$ /home/daisy/GRB-Search-Pipeline/search-planning/build/sp_train /home/daisy/GRB-Search-Pipeline/results/training/maps/short/adapt_p11-715852394892384_a135-0_1_map.h5 /home/daisy/GRB-Search-Pipeline/search-planning/tilings/tiling_files/5.36x4.5_tiling.csv 1770 10.0 10.0 5.0 0 /home/daisy/GRB-Search-Pipeline/results/training/short_searching_5.36x4.5_tiling.csv
Input Parameters:
  file        = /home/daisy/GRB-Search-Pipeline/results/training/maps/short/adapt_p11-715852394892384_a135-0_1_map.h5
  source_tile = 1770
  slew_rate   = 10
  dwell_time  = 5
  output      = /home/daisy/GRB-Search-Pipeline/results/training/short_searching_5.36x4.5_tiling.csv

source = [78.2841, 135], n_src_events = 337, n_bkg_events = 724
Loaded 180 entries (unique=180, duplicates=0, missing=48972, out_of_bounds=0, non-finite=0)
Sum(prob) over finite entries = 0.999999
init sum: 0.999999
num pixels: 49152
tile num: 1798
total tile prob: 0.999999
tiles with prob > 0: 12
total tile prob after trim: 0.999999
num tiles after trim: 12
init_pos: 1728
*********running GCP*********
total time (wallclock): 0.024011 seconds

$ /home/daisy/GRB-Search-Pipeline/search-planning/build/sp_train /home/daisy/GRB-Search-Pipeline/results/training/maps/short/adapt_p11-715852394892384_a135-0_200_map.h5 /home/daisy/GRB-Search-Pipeline/search-planning/tilings/tiling_files/5.36x4.5_tiling.csv 1770 10.0 10.0 5.0 0 /home/daisy/GRB-Search-Pipeline/results/training/short_searching_5.36x4.5_tiling.csv
Input Parameters:
  file        = /home/daisy/GRB-Search-Pipeline/results/training/maps/short/adapt_p11-715852394892384_a135-0_200_map.h5
  source_tile = 1770
  slew_rate   = 10
  dwell_time  = 5
  output      = /home/daisy/GRB-Search-Pipeline/results/training/short_searching_5.36x4.5_tiling.csv

source = [78.2841, 135], n_src_events = 777, n_bkg_events = 1748
Loaded 89 entries (unique=89, duplicates=0, missing=49063, out_of_bounds=0, non-finite=0)
Sum(prob) over finite entries = 0.999998
init sum: 0.999998
num pixels: 49152
tile num: 1798
total tile prob: 0.999998
tiles with prob > 0: 9
total tile prob after trim: 0.999998
num tiles after trim: 9
init_pos: 1752
*********running GCP*********
total time (wallclock): 0.022245 seconds

$ /home/daisy/GRB-Search-Pipeline/search-planning/build/sp_train /home/daisy/GRB-Search-Pipeline/results/training/maps/short/adapt_p11-715852394892384_a135-0_201_map.h5 /home/daisy/GRB-Search-Pipeline/search-planning/tilings/tiling_files/5.36x4.5_tiling.csv 1770 10.0 10.0 5.0 0 /home/daisy/GRB-Search-Pipeline/results/training/short_searching_5.36x4.5_tiling.csv
Input Parameters:
  file        = /home/daisy/GRB-Search-Pipeline/results/training/maps/short/adapt_p11-715852394892384_a135-0_201_map.h5
  source_tile = 1770
  slew_rate   = 10
  dwell_time  = 5
  output      = /home/daisy/GRB-Search-Pipeline/results/training/short_searching_5.36x4.5_tiling.csv

source = [78.2841, 135], n_src_events = 209, n_bkg_events = 1032
Loaded 538 entries (unique=538, duplicates=0, missing=48614, out_of_bounds=0, non-finite=0)
Sum(prob) over finite entries = 0.999998
init sum: 0.999998
num pixels: 49152
tile num: 1798
total tile prob: 0.999998
tiles with prob > 0: 31
total tile prob after trim: 0.999998
num tiles after trim: 31
init_pos: 1785
*********running GCP*********
total time (wallclock): 0.0235519 seconds

$ /home/daisy/GRB-Search-Pipeline/search-planning/build/sp_train /home/daisy/GRB-Search-Pipeline/results/training/maps/short/adapt_p11-715852394892384_a135-0_202_map.h5 /home/daisy/GRB-Search-Pipeline/search-planning/tilings/tiling_files/5.36x4.5_tiling.csv 1770 10.0 10.0 5.0 0 /home/daisy/GRB-Search-Pipeline/results/training/short_searching_5.36x4.5_tiling.csv
Input Parameters:
  file        = /home/daisy/GRB-Search-Pipeline/results/training/maps/short/adapt_p11-715852394892384_a135-0_202_map.h5
  source_tile = 1770
  slew_rate   = 10
  dwell_time  = 5
  output      = /home/daisy/GRB-Search-Pipeline/results/training/short_searching_5.36x4.5_tiling.csv

source = [78.2841, 135], n_src_events = 209, n_bkg_events = 216
Loaded 383 entries (unique=383, duplicates=0, missing=48769, out_of_bounds=0, non-finite=0)
Sum(prob) over finite entries = 0.999998
init sum: 0.999998
num pixels: 49152
tile num: 1798
total tile prob: 0.999998
tiles with prob > 0: 28
total tile prob after trim: 0.999998
num tiles after trim: 28
init_pos: 1770
*********running GCP*********
total time (wallclock): 0.0219778 seconds

$ /home/daisy/GRB-Search-Pipeline/search-planning/build/sp_train /home/daisy/GRB-Search-Pipeline/results/training/maps/short/adapt_p11-715852394892384_a135-0_203_map.h5 /home/daisy/GRB-Search-Pipeline/search-planning/tilings/tiling_files/5.36x4.5_tiling.csv 1770 10.0 10.0 5.0 0 /home/daisy/GRB-Search-Pipeline/results/training/short_searching_5.36x4.5_tiling.csv
Input Parameters:
  file        = /home/daisy/GRB-Search-Pipeline/results/training/maps/short/adapt_p11-715852394892384_a135-0_203_map.h5
  source_tile = 1770
  slew_rate   = 10
  dwell_time  = 5
  output      = /home/daisy/GRB-Search-Pipeline/results/training/short_searching_5.36x4.5_tiling.csv

source = [78.2841, 135], n_src_events = 466, n_bkg_events = 373
Loaded 97 entries (unique=97, duplicates=0, missing=49055, out_of_bounds=0, non-finite=0)
Sum(prob) over finite entries = 0.999999
init sum: 0.999999
num pixels: 49152
tile num: 1798
total tile prob: 0.999999
tiles with prob > 0: 9
total tile prob after trim: 0.999999
num tiles after trim: 9
init_pos: 1728
*********running GCP*********
total time (wallclock): 0.0243514 seconds

$ /home/daisy/GRB-Search-Pipeline/search-planning/build/sp_train /home/daisy/GRB-Search-Pipeline/results/training/maps/short/adapt_p11-715852394892384_a135-0_204_map.h5 /home/daisy/GRB-Search-Pipeline/search-planning/tilings/tiling_files/5.36x4.5_tiling.csv 1770 10.0 10.0 5.0 0 /home/daisy/GRB-Search-Pipeline/results/training/short_searching_5.36x4.5_tiling.csv
Input Parameters:
  file        = /home/daisy/GRB-Search-Pipeline/results/training/maps/short/adapt_p11-715852394892384_a135-0_204_map.h5
  source_tile = 1770
  slew_rate   = 10
  dwell_time  = 5
  output      = /home/daisy/GRB-Search-Pipeline/results/training/short_searching_5.36x4.5_tiling.csv

source = [78.2841, 135], n_src_events = 485, n_bkg_events = 1314
Loaded 119 entries (unique=119, duplicates=0, missing=49033, out_of_bounds=0, non-finite=0)
Sum(prob) over finite entries = 0.999999
init sum: 0.999999
num pixels: 49152
tile num: 1798
total tile prob: 0.999999
tiles with prob > 0: 10
total tile prob after trim: 0.999999
num tiles after trim: 10
init_pos: 1752
*********running GCP*********
total time (wallclock): 0.0221963 seconds

$ /home/daisy/GRB-Search-Pipeline/search-planning/build/sp_train /home/daisy/GRB-Search-Pipeline/results/training/maps/short/adapt_p11-715852394892384_a135-0_205_map.h5 /home/daisy/GRB-Search-Pipeline/search-planning/tilings/tiling_files/5.36x4.5_tiling.csv 1770 10.0 10.0 5.0 0 /home/daisy/GRB-Search-Pipeline/results/training/short_searching_5.36x4.5_tiling.csv
Input Parameters:
  file        = /home/daisy/GRB-Search-Pipeline/results/training/maps/short/adapt_p11-715852394892384_a135-0_205_map.h5
  source_tile = 1770
  slew_rate   = 10
  dwell_time  = 5
  output      = /home/daisy/GRB-Search-Pipeline/results/training/short_searching_5.36x4.5_tiling.csv

source = [78.2841, 135], n_src_events = 203, n_bkg_events = 984
Loaded 309 entries (unique=309, duplicates=0, missing=48843, out_of_bounds=0, non-finite=0)
Sum(prob) over finite entries = 0.999999
init sum: 0.999999
num pixels: 49152
tile num: 1798
total tile prob: 0.999999
tiles with prob > 0: 21
total tile prob after trim: 0.999999
num tiles after trim: 21
init_pos: 1752
*********running GCP*********
total time (wallclock): 0.0229016 seconds

$ /home/daisy/GRB-Search-Pipeline/search-planning/build/sp_train /home/daisy/GRB-Search-Pipeline/results/training/maps/short/adapt_p11-715852394892384_a135-0_206_map.h5 /home/daisy/GRB-Search-Pipeline/search-planning/tilings/tiling_files/5.36x4.5_tiling.csv 1770 10.0 10.0 5.0 0 /home/daisy/GRB-Search-Pipeline/results/training/short_searching_5.36x4.5_tiling.csv
Input Parameters:
  file        = /home/daisy/GRB-Search-Pipeline/results/training/maps/short/adapt_p11-715852394892384_a135-0_206_map.h5
  source_tile = 1770
  slew_rate   = 10
  dwell_time  = 5
  output      = /home/daisy/GRB-Search-Pipeline/results/training/short_searching_5.36x4.5_tiling.csv

source = [78.2841, 135], n_src_events = 769, n_bkg_events = 423
Loaded 54 entries (unique=54, duplicates=0, missing=49098, out_of_bounds=0, non-finite=0)
Sum(prob) over finite entries = 0.999999
init sum: 0.999999
num pixels: 49152
tile num: 1798
total tile prob: 0.999999
tiles with prob > 0: 6
total tile prob after trim: 0.999999
num tiles after trim: 6
init_pos: 1752
*********running GCP*********
total time (wallclock): 0.0237908 seconds

$ /home/daisy/GRB-Search-Pipeline/search-planning/build/sp_train /home/daisy/GRB-Search-Pipeline/results/training/maps/short/adapt_p11-715852394892384_a135-0_207_map.h5 /home/daisy/GRB-Search-Pipeline/search-planning/tilings/tiling_files/5.36x4.5_tiling.csv 1770 10.0 10.0 5.0 0 /home/daisy/GRB-Search-Pipeline/results/training/short_searching_5.36x4.5_tiling.csv
Input Parameters:
  file        = /home/daisy/GRB-Search-Pipeline/results/training/maps/short/adapt_p11-715852394892384_a135-0_207_map.h5
  source_tile = 1770
  slew_rate   = 10
  dwell_time  = 5
  output      = /home/daisy/GRB-Search-Pipeline/results/training/short_searching_5.36x4.5_tiling.csv

source = [78.2841, 135], n_src_events = 338, n_bkg_events = 1378
Loaded 221 entries (unique=221, duplicates=0, missing=48931, out_of_bounds=0, non-finite=0)
Sum(prob) over finite entries = 0.999998
init sum: 0.999998
num pixels: 49152
tile num: 1798
total tile prob: 0.999998
tiles with prob > 0: 17
total tile prob after trim: 0.999998
num tiles after trim: 17
init_pos: 1753
*********running GCP*********
total time (wallclock): 0.0228528 seconds

$ /home/daisy/GRB-Search-Pipeline/search-planning/build/sp_train /home/daisy/GRB-Search-Pipeline/results/training/maps/short/adapt_p11-715852394892384_a135-0_208_map.h5 /home/daisy/GRB-Search-Pipeline/search-planning/tilings/tiling_files/5.36x4.5_tiling.csv 1770 10.0 10.0 5.0 0 /home/daisy/GRB-Search-Pipeline/results/training/short_searching_5.36x4.5_tiling.csv
Input Parameters:
  file        = /home/daisy/GRB-Search-Pipeline/results/training/maps/short/adapt_p11-715852394892384_a135-0_208_map.h5
  source_tile = 1770
  slew_rate   = 10
  dwell_time  = 5
  output      = /home/daisy/GRB-Search-Pipeline/results/training/short_searching_5.36x4.5_tiling.csv

source = [78.2841, 135], n_src_events = 595, n_bkg_events = 1627
Loaded 109 entries (unique=109, duplicates=0, missing=49043, out_of_bounds=0, non-finite=0)
Sum(prob) over finite entries = 0.999999
init sum: 0.999999
num pixels: 49152
tile num: 1798
total tile prob: 0.999999
tiles with prob > 0: 9
total tile prob after trim: 0.999999
num tiles after trim: 9
init_pos: 1753
*********running GCP*********
total time (wallclock): 0.0231783 seconds

$ /home/daisy/GRB-Search-Pipeline/search-planning/build/sp_train /home/daisy/GRB-Search-Pipeline/results/training/maps/short/adapt_p11-715852394892384_a135-0_209_map.h5 /home/daisy/GRB-Search-Pipeline/search-planning/tilings/tiling_files/5.36x4.5_tiling.csv 1770 10.0 10.0 5.0 0 /home/daisy/GRB-Search-Pipeline/results/training/short_searching_5.36x4.5_tiling.csv
Input Parameters:
  file        = /home/daisy/GRB-Search-Pipeline/results/training/maps/short/adapt_p11-715852394892384_a135-0_209_map.h5
  source_tile = 1770
  slew_rate   = 10
  dwell_time  = 5
  output      = /home/daisy/GRB-Search-Pipeline/results/training/short_searching_5.36x4.5_tiling.csv

source = [78.2841, 135], n_src_events = 376, n_bkg_events = 1185
Loaded 181 entries (unique=181, duplicates=0, missing=48971, out_of_bounds=0, non-finite=0)
Sum(prob) over finite entries = 0.999999
init sum: 0.999999
num pixels: 49152
tile num: 1798
total tile prob: 0.999999
tiles with prob > 0: 19
total tile prob after trim: 0.999999
num tiles after trim: 19
init_pos: 1771
*********running GCP*********
total time (wallclock): 0.0227166 seconds

$ /home/daisy/GRB-Search-Pipeline/search-planning/build/sp_train /home/daisy/GRB-Search-Pipeline/results/training/maps/short/adapt_p11-715852394892384_a135-0_20_map.h5 /home/daisy/GRB-Search-Pipeline/search-planning/tilings/tiling_files/5.36x4.5_tiling.csv 1770 10.0 10.0 5.0 0 /home/daisy/GRB-Search-Pipeline/results/training/short_searching_5.36x4.5_tiling.csv
Input Parameters:
  file        = /home/daisy/GRB-Search-Pipeline/results/training/maps/short/adapt_p11-715852394892384_a135-0_20_map.h5
  source_tile = 1770
  slew_rate   = 10
  dwell_time  = 5
  output      = /home/daisy/GRB-Search-Pipeline/results/training/short_searching_5.36x4.5_tiling.csv

source = [78.2841, 135], n_src_events = 345, n_bkg_events = 1331
Loaded 303 entries (unique=303, duplicates=0, missing=48849, out_of_bounds=0, non-finite=0)
Sum(prob) over finite entries = 0.999998
init sum: 0.999998
num pixels: 49152
tile num: 1798
total tile prob: 0.999998
tiles with prob > 0: 19
total tile prob after trim: 0.999998
num tiles after trim: 19
init_pos: 1772
*********running GCP*********
total time (wallclock): 0.0233549 seconds

$ /home/daisy/GRB-Search-Pipeline/search-planning/build/sp_train /home/daisy/GRB-Search-Pipeline/results/training/maps/short/adapt_p11-715852394892384_a135-0_210_map.h5 /home/daisy/GRB-Search-Pipeline/search-planning/tilings/tiling_files/5.36x4.5_tiling.csv 1770 10.0 10.0 5.0 0 /home/daisy/GRB-Search-Pipeline/results/training/short_searching_5.36x4.5_tiling.csv
Input Parameters:
  file        = /home/daisy/GRB-Search-Pipeline/results/training/maps/short/adapt_p11-715852394892384_a135-0_210_map.h5
  source_tile = 1770
  slew_rate   = 10
  dwell_time  = 5
  output      = /home/daisy/GRB-Search-Pipeline/results/training/short_searching_5.36x4.5_tiling.csv

source = [78.2841, 135], n_src_events = 492, n_bkg_events = 584
Loaded 98 entries (unique=98, duplicates=0, missing=49054, out_of_bounds=0, non-finite=0)
Sum(prob) over finite entries = 0.999999
init sum: 0.999999
num pixels: 49152
tile num: 1798
total tile prob: 0.999999
tiles with prob > 0: 9
total tile prob after trim: 0.999999
num tiles after trim: 9
init_pos: 1770
*********running GCP*********
total time (wallclock): 0.0218287 seconds

$ /home/daisy/GRB-Search-Pipeline/search-planning/build/sp_train /home/daisy/GRB-Search-Pipeline/results/training/maps/short/adapt_p11-715852394892384_a135-0_211_map.h5 /home/daisy/GRB-Search-Pipeline/search-planning/tilings/tiling_files/5.36x4.5_tiling.csv 1770 10.0 10.0 5.0 0 /home/daisy/GRB-Search-Pipeline/results/training/short_searching_5.36x4.5_tiling.csv
Input Parameters:
  file        = /home/daisy/GRB-Search-Pipeline/results/training/maps/short/adapt_p11-715852394892384_a135-0_211_map.h5
  source_tile = 1770
  slew_rate   = 10
  dwell_time  = 5
  output      = /home/daisy/GRB-Search-Pipeline/results/training/short_searching_5.36x4.5_tiling.csv

source = [78.2841, 135], n_src_events = 483, n_bkg_events = 1705
Loaded 229 entries (unique=229, duplicates=0, missing=48923, out_of_bounds=0, non-finite=0)
Sum(prob) over finite entries = 0.999999
init sum: 0.999999
num pixels: 49152
tile num: 1798
total tile prob: 0.999999
tiles with prob > 0: 15
total tile prob after trim: 0.999999
num tiles after trim: 15
init_pos: 1769
*********running GCP*********
total time (wallclock): 0.0224398 seconds

$ /home/daisy/GRB-Search-Pipeline/search-planning/build/sp_train /home/daisy/GRB-Search-Pipeline/results/training/maps/short/adapt_p11-715852394892384_a135-0_212_map.h5 /home/daisy/GRB-Search-Pipeline/search-planning/tilings/tiling_files/5.36x4.5_tiling.csv 1770 10.0 10.0 5.0 0 /home/daisy/GRB-Search-Pipeline/results/training/short_searching_5.36x4.5_tiling.csv
Input Parameters:
  file        = /home/daisy/GRB-Search-Pipeline/results/training/maps/short/adapt_p11-715852394892384_a135-0_212_map.h5
  source_tile = 1770
  slew_rate   = 10
  dwell_time  = 5
  output      = /home/daisy/GRB-Search-Pipeline/results/training/short_searching_5.36x4.5_tiling.csv

source = [78.2841, 135], n_src_events = 779, n_bkg_events = 100
Loaded 62 entries (unique=62, duplicates=0, missing=49090, out_of_bounds=0, non-finite=0)
Sum(prob) over finite entries = 0.999999
init sum: 0.999999
num pixels: 49152
tile num: 1798
total tile prob: 0.999999
tiles with prob > 0: 8
total tile prob after trim: 0.999999
num tiles after trim: 8
init_pos: 1785
*********running GCP*********
total time (wallclock): 0.0222101 seconds

$ /home/daisy/GRB-Search-Pipeline/search-planning/build/sp_train /home/daisy/GRB-Search-Pipeline/results/training/maps/short/adapt_p11-715852394892384_a135-0_213_map.h5 /home/daisy/GRB-Search-Pipeline/search-planning/tilings/tiling_files/5.36x4.5_tiling.csv 1770 10.0 10.0 5.0 0 /home/daisy/GRB-Search-Pipeline/results/training/short_searching_5.36x4.5_tiling.csv
Input Parameters:
  file        = /home/daisy/GRB-Search-Pipeline/results/training/maps/short/adapt_p11-715852394892384_a135-0_213_map.h5
  source_tile = 1770
  slew_rate   = 10
  dwell_time  = 5
  output      = /home/daisy/GRB-Search-Pipeline/results/training/short_searching_5.36x4.5_tiling.csv

source = [78.2841, 135], n_src_events = 256, n_bkg_events = 1791
Loaded 775 entries (unique=775, duplicates=0, missing=48377, out_of_bounds=0, non-finite=0)
Sum(prob) over finite entries = 0.999998
init sum: 0.999998
num pixels: 49152
tile num: 1798
total tile prob: 0.999998
tiles with prob > 0: 47
total tile prob after trim: 0.999998
num tiles after trim: 47
init_pos: 1701
*********running GCP*********
total time (wallclock): 0.0247816 seconds

$ /home/daisy/GRB-Search-Pipeline/search-planning/build/sp_train /home/daisy/GRB-Search-Pipeline/results/training/maps/short/adapt_p11-715852394892384_a135-0_214_map.h5 /home/daisy/GRB-Search-Pipeline/search-planning/tilings/tiling_files/5.36x4.5_tiling.csv 1770 10.0 10.0 5.0 0 /home/daisy/GRB-Search-Pipeline/results/training/short_searching_5.36x4.5_tiling.csv
Input Parameters:
  file        = /home/daisy/GRB-Search-Pipeline/results/training/maps/short/adapt_p11-715852394892384_a135-0_214_map.h5
  source_tile = 1770
  slew_rate   = 10
  dwell_time  = 5
  output      = /home/daisy/GRB-Search-Pipeline/results/training/short_searching_5.36x4.5_tiling.csv

source = [78.2841, 135], n_src_events = 504, n_bkg_events = 1284
Loaded 124 entries (unique=124, duplicates=0, missing=49028, out_of_bounds=0, non-finite=0)
Sum(prob) over finite entries = 0.999999
init sum: 0.999999
num pixels: 49152
tile num: 1798
total tile prob: 0.999999
tiles with prob > 0: 11
total tile prob after trim: 0.999999
num tiles after trim: 11
init_pos: 1754
*********running GCP*********
total time (wallclock): 0.0245681 seconds

$ /home/daisy/GRB-Search-Pipeline/search-planning/build/sp_train /home/daisy/GRB-Search-Pipeline/results/training/maps/short/adapt_p11-715852394892384_a135-0_215_map.h5 /home/daisy/GRB-Search-Pipeline/search-planning/tilings/tiling_files/5.36x4.5_tiling.csv 1770 10.0 10.0 5.0 0 /home/daisy/GRB-Search-Pipeline/results/training/short_searching_5.36x4.5_tiling.csv
Input Parameters:
  file        = /home/daisy/GRB-Search-Pipeline/results/training/maps/short/adapt_p11-715852394892384_a135-0_215_map.h5
  source_tile = 1770
  slew_rate   = 10
  dwell_time  = 5
  output      = /home/daisy/GRB-Search-Pipeline/results/training/short_searching_5.36x4.5_tiling.csv

source = [78.2841, 135], n_src_events = 387, n_bkg_events = 1211
Loaded 255 entries (unique=255, duplicates=0, missing=48897, out_of_bounds=0, non-finite=0)
Sum(prob) over finite entries = 0.999998
init sum: 0.999998
num pixels: 49152
tile num: 1798
total tile prob: 0.999998
tiles with prob > 0: 18
total tile prob after trim: 0.999998
num tiles after trim: 18
init_pos: 1751
*********running GCP*********
total time (wallclock): 0.0239042 seconds

$ /home/daisy/GRB-Search-Pipeline/search-planning/build/sp_train /home/daisy/GRB-Search-Pipeline/results/training/maps/short/adapt_p11-715852394892384_a135-0_216_map.h5 /home/daisy/GRB-Search-Pipeline/search-planning/tilings/tiling_files/5.36x4.5_tiling.csv 1770 10.0 10.0 5.0 0 /home/daisy/GRB-Search-Pipeline/results/training/short_searching_5.36x4.5_tiling.csv
Input Parameters:
  file        = /home/daisy/GRB-Search-Pipeline/results/training/maps/short/adapt_p11-715852394892384_a135-0_216_map.h5
  source_tile = 1770
  slew_rate   = 10
  dwell_time  = 5
  output      = /home/daisy/GRB-Search-Pipeline/results/training/short_searching_5.36x4.5_tiling.csv

source = [78.2841, 135], n_src_events = 200, n_bkg_events = 1495
Loaded 304 entries (unique=304, duplicates=0, missing=48848, out_of_bounds=0, non-finite=0)
Sum(prob) over finite entries = 0.999999
init sum: 0.999999
num pixels: 49152
tile num: 1798
total tile prob: 0.999999
tiles with prob > 0: 20
total tile prob after trim: 0.999999
num tiles after trim: 20
init_pos: 1785
*********running GCP*********
total time (wallclock): 0.0231704 seconds

$ /home/daisy/GRB-Search-Pipeline/search-planning/build/sp_train /home/daisy/GRB-Search-Pipeline/results/training/maps/short/adapt_p11-715852394892384_a135-0_217_map.h5 /home/daisy/GRB-Search-Pipeline/search-planning/tilings/tiling_files/5.36x4.5_tiling.csv 1770 10.0 10.0 5.0 0 /home/daisy/GRB-Search-Pipeline/results/training/short_searching_5.36x4.5_tiling.csv
Input Parameters:
  file        = /home/daisy/GRB-Search-Pipeline/results/training/maps/short/adapt_p11-715852394892384_a135-0_217_map.h5
  source_tile = 1770
  slew_rate   = 10
  dwell_time  = 5
  output      = /home/daisy/GRB-Search-Pipeline/results/training/short_searching_5.36x4.5_tiling.csv

source = [78.2841, 135], n_src_events = 107, n_bkg_events = 1473
Loaded 8447 entries (unique=8447, duplicates=0, missing=40705, out_of_bounds=0, non-finite=0)
Sum(prob) over finite entries = 0.99999
init sum: 0.99999
num pixels: 49152
tile num: 1798
total tile prob: 0.99999
tiles with prob > 0: 371
total tile prob after trim: 0.99999
num tiles after trim: 371
init_pos: 1725
*********running GCP*********
total time (wallclock): 0.0638184 seconds

$ /home/daisy/GRB-Search-Pipeline/search-planning/build/sp_train /home/daisy/GRB-Search-Pipeline/results/training/maps/short/adapt_p11-715852394892384_a135-0_218_map.h5 /home/daisy/GRB-Search-Pipeline/search-planning/tilings/tiling_files/5.36x4.5_tiling.csv 1770 10.0 10.0 5.0 0 /home/daisy/GRB-Search-Pipeline/results/training/short_searching_5.36x4.5_tiling.csv
Input Parameters:
  file        = /home/daisy/GRB-Search-Pipeline/results/training/maps/short/adapt_p11-715852394892384_a135-0_218_map.h5
  source_tile = 1770
  slew_rate   = 10
  dwell_time  = 5
  output      = /home/daisy/GRB-Search-Pipeline/results/training/short_searching_5.36x4.5_tiling.csv

source = [78.2841, 135], n_src_events = 389, n_bkg_events = 155
Loaded 120 entries (unique=120, duplicates=0, missing=49032, out_of_bounds=0, non-finite=0)
Sum(prob) over finite entries = 0.999999
init sum: 0.999999
num pixels: 49152
tile num: 1798
total tile prob: 0.999999
tiles with prob > 0: 11
total tile prob after trim: 0.999999
num tiles after trim: 11
init_pos: 1771
*********running GCP*********
total time (wallclock): 0.0240135 seconds

$ /home/daisy/GRB-Search-Pipeline/search-planning/build/sp_train /home/daisy/GRB-Search-Pipeline/results/training/maps/short/adapt_p11-715852394892384_a135-0_219_map.h5 /home/daisy/GRB-Search-Pipeline/search-planning/tilings/tiling_files/5.36x4.5_tiling.csv 1770 10.0 10.0 5.0 0 /home/daisy/GRB-Search-Pipeline/results/training/short_searching_5.36x4.5_tiling.csv
Input Parameters:
  file        = /home/daisy/GRB-Search-Pipeline/results/training/maps/short/adapt_p11-715852394892384_a135-0_219_map.h5
  source_tile = 1770
  slew_rate   = 10
  dwell_time  = 5
  output      = /home/daisy/GRB-Search-Pipeline/results/training/short_searching_5.36x4.5_tiling.csv

source = [78.2841, 135], n_src_events = 737, n_bkg_events = 1421
Loaded 71 entries (unique=71, duplicates=0, missing=49081, out_of_bounds=0, non-finite=0)
Sum(prob) over finite entries = 0.999999
init sum: 0.999999
num pixels: 49152
tile num: 1798
total tile prob: 0.999999
tiles with prob > 0: 5
total tile prob after trim: 0.999999
num tiles after trim: 5
init_pos: 1771
*********running GCP*********
total time (wallclock): 0.023836 seconds

$ /home/daisy/GRB-Search-Pipeline/search-planning/build/sp_train /home/daisy/GRB-Search-Pipeline/results/training/maps/short/adapt_p11-715852394892384_a135-0_21_map.h5 /home/daisy/GRB-Search-Pipeline/search-planning/tilings/tiling_files/5.36x4.5_tiling.csv 1770 10.0 10.0 5.0 0 /home/daisy/GRB-Search-Pipeline/results/training/short_searching_5.36x4.5_tiling.csv
Input Parameters:
  file        = /home/daisy/GRB-Search-Pipeline/results/training/maps/short/adapt_p11-715852394892384_a135-0_21_map.h5
  source_tile = 1770
  slew_rate   = 10
  dwell_time  = 5
  output      = /home/daisy/GRB-Search-Pipeline/results/training/short_searching_5.36x4.5_tiling.csv

source = [78.2841, 135], n_src_events = 310, n_bkg_events = 1249
Loaded 297 entries (unique=297, duplicates=0, missing=48855, out_of_bounds=0, non-finite=0)
Sum(prob) over finite entries = 0.999998
init sum: 0.999998
num pixels: 49152
tile num: 1798
total tile prob: 0.999998
tiles with prob > 0: 19
total tile prob after trim: 0.999998
num tiles after trim: 19
init_pos: 1772
*********running GCP*********
total time (wallclock): 0.024048 seconds

$ /home/daisy/GRB-Search-Pipeline/search-planning/build/sp_train /home/daisy/GRB-Search-Pipeline/results/training/maps/short/adapt_p11-715852394892384_a135-0_220_map.h5 /home/daisy/GRB-Search-Pipeline/search-planning/tilings/tiling_files/5.36x4.5_tiling.csv 1770 10.0 10.0 5.0 0 /home/daisy/GRB-Search-Pipeline/results/training/short_searching_5.36x4.5_tiling.csv
Input Parameters:
  file        = /home/daisy/GRB-Search-Pipeline/results/training/maps/short/adapt_p11-715852394892384_a135-0_220_map.h5
  source_tile = 1770
  slew_rate   = 10
  dwell_time  = 5
  output      = /home/daisy/GRB-Search-Pipeline/results/training/short_searching_5.36x4.5_tiling.csv

source = [78.2841, 135], n_src_events = 145, n_bkg_events = 1282
Loaded 1122 entries (unique=1122, duplicates=0, missing=48030, out_of_bounds=0, non-finite=0)
Sum(prob) over finite entries = 0.999997
init sum: 0.999997
num pixels: 49152
tile num: 1798
total tile prob: 0.999997
tiles with prob > 0: 63
total tile prob after trim: 0.999997
num tiles after trim: 63
init_pos: 1786
*********running GCP*********
total time (wallclock): 0.025819 seconds

$ /home/daisy/GRB-Search-Pipeline/search-planning/build/sp_train /home/daisy/GRB-Search-Pipeline/results/training/maps/short/adapt_p11-715852394892384_a135-0_221_map.h5 /home/daisy/GRB-Search-Pipeline/search-planning/tilings/tiling_files/5.36x4.5_tiling.csv 1770 10.0 10.0 5.0 0 /home/daisy/GRB-Search-Pipeline/results/training/short_searching_5.36x4.5_tiling.csv
Input Parameters:
  file        = /home/daisy/GRB-Search-Pipeline/results/training/maps/short/adapt_p11-715852394892384_a135-0_221_map.h5
  source_tile = 1770
  slew_rate   = 10
  dwell_time  = 5
  output      = /home/daisy/GRB-Search-Pipeline/results/training/short_searching_5.36x4.5_tiling.csv

source = [78.2841, 135], n_src_events = 390, n_bkg_events = 1686
Loaded 182 entries (unique=182, duplicates=0, missing=48970, out_of_bounds=0, non-finite=0)
Sum(prob) over finite entries = 0.999999
init sum: 0.999999
num pixels: 49152
tile num: 1798
total tile prob: 0.999999
tiles with prob > 0: 15
total tile prob after trim: 0.999999
num tiles after trim: 15
init_pos: 1769
*********running GCP*********
total time (wallclock): 0.0233214 seconds

$ /home/daisy/GRB-Search-Pipeline/search-planning/build/sp_train /home/daisy/GRB-Search-Pipeline/results/training/maps/short/adapt_p11-715852394892384_a135-0_222_map.h5 /home/daisy/GRB-Search-Pipeline/search-planning/tilings/tiling_files/5.36x4.5_tiling.csv 1770 10.0 10.0 5.0 0 /home/daisy/GRB-Search-Pipeline/results/training/short_searching_5.36x4.5_tiling.csv
Input Parameters:
  file        = /home/daisy/GRB-Search-Pipeline/results/training/maps/short/adapt_p11-715852394892384_a135-0_222_map.h5
  source_tile = 1770
  slew_rate   = 10
  dwell_time  = 5
  output      = /home/daisy/GRB-Search-Pipeline/results/training/short_searching_5.36x4.5_tiling.csv

source = [78.2841, 135], n_src_events = 610, n_bkg_events = 1152
Loaded 124 entries (unique=124, duplicates=0, missing=49028, out_of_bounds=0, non-finite=0)
Sum(prob) over finite entries = 0.999998
init sum: 0.999998
num pixels: 49152
tile num: 1798
total tile prob: 0.999998
tiles with prob > 0: 11
total tile prob after trim: 0.999998
num tiles after trim: 11
init_pos: 1771
*********running GCP*********
total time (wallclock): 0.0234364 seconds

$ /home/daisy/GRB-Search-Pipeline/search-planning/build/sp_train /home/daisy/GRB-Search-Pipeline/results/training/maps/short/adapt_p11-715852394892384_a135-0_223_map.h5 /home/daisy/GRB-Search-Pipeline/search-planning/tilings/tiling_files/5.36x4.5_tiling.csv 1770 10.0 10.0 5.0 0 /home/daisy/GRB-Search-Pipeline/results/training/short_searching_5.36x4.5_tiling.csv
Input Parameters:
  file        = /home/daisy/GRB-Search-Pipeline/results/training/maps/short/adapt_p11-715852394892384_a135-0_223_map.h5
  source_tile = 1770
  slew_rate   = 10
  dwell_time  = 5
  output      = /home/daisy/GRB-Search-Pipeline/results/training/short_searching_5.36x4.5_tiling.csv

source = [78.2841, 135], n_src_events = 871, n_bkg_events = 114
Loaded 29 entries (unique=29, duplicates=0, missing=49123, out_of_bounds=0, non-finite=0)
Sum(prob) over finite entries = 0.999999
init sum: 0.999999
num pixels: 49152
tile num: 1798
total tile prob: 0.999999
tiles with prob > 0: 4
total tile prob after trim: 0.999999
num tiles after trim: 4
init_pos: 1751
*********running GCP*********
total time (wallclock): 0.0231991 seconds

$ /home/daisy/GRB-Search-Pipeline/search-planning/build/sp_train /home/daisy/GRB-Search-Pipeline/results/training/maps/short/adapt_p11-715852394892384_a135-0_224_map.h5 /home/daisy/GRB-Search-Pipeline/search-planning/tilings/tiling_files/5.36x4.5_tiling.csv 1770 10.0 10.0 5.0 0 /home/daisy/GRB-Search-Pipeline/results/training/short_searching_5.36x4.5_tiling.csv
Input Parameters:
  file        = /home/daisy/GRB-Search-Pipeline/results/training/maps/short/adapt_p11-715852394892384_a135-0_224_map.h5
  source_tile = 1770
  slew_rate   = 10
  dwell_time  = 5
  output      = /home/daisy/GRB-Search-Pipeline/results/training/short_searching_5.36x4.5_tiling.csv

source = [78.2841, 135], n_src_events = 499, n_bkg_events = 933
Loaded 170 entries (unique=170, duplicates=0, missing=48982, out_of_bounds=0, non-finite=0)
Sum(prob) over finite entries = 0.999999
init sum: 0.999999
num pixels: 49152
tile num: 1798
total tile prob: 0.999999
tiles with prob > 0: 12
total tile prob after trim: 0.999999
num tiles after trim: 12
init_pos: 1727
*********running GCP*********
total time (wallclock): 0.0242637 seconds

$ /home/daisy/GRB-Search-Pipeline/search-planning/build/sp_train /home/daisy/GRB-Search-Pipeline/results/training/maps/short/adapt_p11-715852394892384_a135-0_225_map.h5 /home/daisy/GRB-Search-Pipeline/search-planning/tilings/tiling_files/5.36x4.5_tiling.csv 1770 10.0 10.0 5.0 0 /home/daisy/GRB-Search-Pipeline/results/training/short_searching_5.36x4.5_tiling.csv
Input Parameters:
  file        = /home/daisy/GRB-Search-Pipeline/results/training/maps/short/adapt_p11-715852394892384_a135-0_225_map.h5
  source_tile = 1770
  slew_rate   = 10
  dwell_time  = 5
  output      = /home/daisy/GRB-Search-Pipeline/results/training/short_searching_5.36x4.5_tiling.csv

source = [78.2841, 135], n_src_events = 770, n_bkg_events = 497
Loaded 59 entries (unique=59, duplicates=0, missing=49093, out_of_bounds=0, non-finite=0)
Sum(prob) over finite entries = 0.999999
init sum: 0.999999
num pixels: 49152
tile num: 1798
total tile prob: 0.999999
tiles with prob > 0: 5
total tile prob after trim: 0.999999
num tiles after trim: 5
init_pos: 1752
*********running GCP*********
total time (wallclock): 0.0226433 seconds

$ /home/daisy/GRB-Search-Pipeline/search-planning/build/sp_train /home/daisy/GRB-Search-Pipeline/results/training/maps/short/adapt_p11-715852394892384_a135-0_226_map.h5 /home/daisy/GRB-Search-Pipeline/search-planning/tilings/tiling_files/5.36x4.5_tiling.csv 1770 10.0 10.0 5.0 0 /home/daisy/GRB-Search-Pipeline/results/training/short_searching_5.36x4.5_tiling.csv
Input Parameters:
  file        = /home/daisy/GRB-Search-Pipeline/results/training/maps/short/adapt_p11-715852394892384_a135-0_226_map.h5
  source_tile = 1770
  slew_rate   = 10
  dwell_time  = 5
  output      = /home/daisy/GRB-Search-Pipeline/results/training/short_searching_5.36x4.5_tiling.csv

source = [78.2841, 135], n_src_events = 435, n_bkg_events = 1329
Loaded 255 entries (unique=255, duplicates=0, missing=48897, out_of_bounds=0, non-finite=0)
Sum(prob) over finite entries = 0.999998
init sum: 0.999998
num pixels: 49152
tile num: 1798
total tile prob: 0.999998
tiles with prob > 0: 16
total tile prob after trim: 0.999998
num tiles after trim: 16
init_pos: 1770
*********running GCP*********
total time (wallclock): 0.0221148 seconds

$ /home/daisy/GRB-Search-Pipeline/search-planning/build/sp_train /home/daisy/GRB-Search-Pipeline/results/training/maps/short/adapt_p11-715852394892384_a135-0_227_map.h5 /home/daisy/GRB-Search-Pipeline/search-planning/tilings/tiling_files/5.36x4.5_tiling.csv 1770 10.0 10.0 5.0 0 /home/daisy/GRB-Search-Pipeline/results/training/short_searching_5.36x4.5_tiling.csv
Input Parameters:
  file        = /home/daisy/GRB-Search-Pipeline/results/training/maps/short/adapt_p11-715852394892384_a135-0_227_map.h5
  source_tile = 1770
  slew_rate   = 10
  dwell_time  = 5
  output      = /home/daisy/GRB-Search-Pipeline/results/training/short_searching_5.36x4.5_tiling.csv

source = [78.2841, 135], n_src_events = 485, n_bkg_events = 563
Loaded 119 entries (unique=119, duplicates=0, missing=49033, out_of_bounds=0, non-finite=0)
Sum(prob) over finite entries = 0.999998
init sum: 0.999998
num pixels: 49152
tile num: 1798
total tile prob: 0.999998
tiles with prob > 0: 10
total tile prob after trim: 0.999998
num tiles after trim: 10
init_pos: 1770
*********running GCP*********
total time (wallclock): 0.0222568 seconds

$ /home/daisy/GRB-Search-Pipeline/search-planning/build/sp_train /home/daisy/GRB-Search-Pipeline/results/training/maps/short/adapt_p11-715852394892384_a135-0_228_map.h5 /home/daisy/GRB-Search-Pipeline/search-planning/tilings/tiling_files/5.36x4.5_tiling.csv 1770 10.0 10.0 5.0 0 /home/daisy/GRB-Search-Pipeline/results/training/short_searching_5.36x4.5_tiling.csv
Input Parameters:
  file        = /home/daisy/GRB-Search-Pipeline/results/training/maps/short/adapt_p11-715852394892384_a135-0_228_map.h5
  source_tile = 1770
  slew_rate   = 10
  dwell_time  = 5
  output      = /home/daisy/GRB-Search-Pipeline/results/training/short_searching_5.36x4.5_tiling.csv

source = [78.2841, 135], n_src_events = 682, n_bkg_events = 1650
Loaded 80 entries (unique=80, duplicates=0, missing=49072, out_of_bounds=0, non-finite=0)
Sum(prob) over finite entries = 0.999998
init sum: 0.999998
num pixels: 49152
tile num: 1798
total tile prob: 0.999998
tiles with prob > 0: 9
total tile prob after trim: 0.999998
num tiles after trim: 9
init_pos: 1770
*********running GCP*********
total time (wallclock): 0.021864 seconds

$ /home/daisy/GRB-Search-Pipeline/search-planning/build/sp_train /home/daisy/GRB-Search-Pipeline/results/training/maps/short/adapt_p11-715852394892384_a135-0_229_map.h5 /home/daisy/GRB-Search-Pipeline/search-planning/tilings/tiling_files/5.36x4.5_tiling.csv 1770 10.0 10.0 5.0 0 /home/daisy/GRB-Search-Pipeline/results/training/short_searching_5.36x4.5_tiling.csv
Input Parameters:
  file        = /home/daisy/GRB-Search-Pipeline/results/training/maps/short/adapt_p11-715852394892384_a135-0_229_map.h5
  source_tile = 1770
  slew_rate   = 10
  dwell_time  = 5
  output      = /home/daisy/GRB-Search-Pipeline/results/training/short_searching_5.36x4.5_tiling.csv

source = [78.2841, 135], n_src_events = 384, n_bkg_events = 1308
Loaded 218 entries (unique=218, duplicates=0, missing=48934, out_of_bounds=0, non-finite=0)
Sum(prob) over finite entries = 0.999999
init sum: 0.999999
num pixels: 49152
tile num: 1798
total tile prob: 0.999999
tiles with prob > 0: 16
total tile prob after trim: 0.999999
num tiles after trim: 16
init_pos: 1784
*********running GCP*********
total time (wallclock): 0.0230342 seconds

$ /home/daisy/GRB-Search-Pipeline/search-planning/build/sp_train /home/daisy/GRB-Search-Pipeline/results/training/maps/short/adapt_p11-715852394892384_a135-0_22_map.h5 /home/daisy/GRB-Search-Pipeline/search-planning/tilings/tiling_files/5.36x4.5_tiling.csv 1770 10.0 10.0 5.0 0 /home/daisy/GRB-Search-Pipeline/results/training/short_searching_5.36x4.5_tiling.csv
Input Parameters:
  file        = /home/daisy/GRB-Search-Pipeline/results/training/maps/short/adapt_p11-715852394892384_a135-0_22_map.h5
  source_tile = 1770
  slew_rate   = 10
  dwell_time  = 5
  output      = /home/daisy/GRB-Search-Pipeline/results/training/short_searching_5.36x4.5_tiling.csv

source = [78.2841, 135], n_src_events = 802, n_bkg_events = 1155
Loaded 58 entries (unique=58, duplicates=0, missing=49094, out_of_bounds=0, non-finite=0)
Sum(prob) over finite entries = 0.999999
init sum: 0.999999
num pixels: 49152
tile num: 1798
total tile prob: 0.999999
tiles with prob > 0: 6
total tile prob after trim: 0.999999
num tiles after trim: 6
init_pos: 1752
*********running GCP*********
total time (wallclock): 0.023729 seconds

$ /home/daisy/GRB-Search-Pipeline/search-planning/build/sp_train /home/daisy/GRB-Search-Pipeline/results/training/maps/short/adapt_p11-715852394892384_a135-0_230_map.h5 /home/daisy/GRB-Search-Pipeline/search-planning/tilings/tiling_files/5.36x4.5_tiling.csv 1770 10.0 10.0 5.0 0 /home/daisy/GRB-Search-Pipeline/results/training/short_searching_5.36x4.5_tiling.csv
Input Parameters:
  file        = /home/daisy/GRB-Search-Pipeline/results/training/maps/short/adapt_p11-715852394892384_a135-0_230_map.h5
  source_tile = 1770
  slew_rate   = 10
  dwell_time  = 5
  output      = /home/daisy/GRB-Search-Pipeline/results/training/short_searching_5.36x4.5_tiling.csv

source = [78.2841, 135], n_src_events = 396, n_bkg_events = 618
Loaded 118 entries (unique=118, duplicates=0, missing=49034, out_of_bounds=0, non-finite=0)
Sum(prob) over finite entries = 0.999999
init sum: 0.999999
num pixels: 49152
tile num: 1798
total tile prob: 0.999999
tiles with prob > 0: 9
total tile prob after trim: 0.999999
num tiles after trim: 9
init_pos: 1770
*********running GCP*********
total time (wallclock): 0.0223662 seconds

$ /home/daisy/GRB-Search-Pipeline/search-planning/build/sp_train /home/daisy/GRB-Search-Pipeline/results/training/maps/short/adapt_p11-715852394892384_a135-0_231_map.h5 /home/daisy/GRB-Search-Pipeline/search-planning/tilings/tiling_files/5.36x4.5_tiling.csv 1770 10.0 10.0 5.0 0 /home/daisy/GRB-Search-Pipeline/results/training/short_searching_5.36x4.5_tiling.csv
Input Parameters:
  file        = /home/daisy/GRB-Search-Pipeline/results/training/maps/short/adapt_p11-715852394892384_a135-0_231_map.h5
  source_tile = 1770
  slew_rate   = 10
  dwell_time  = 5
  output      = /home/daisy/GRB-Search-Pipeline/results/training/short_searching_5.36x4.5_tiling.csv

source = [78.2841, 135], n_src_events = 848, n_bkg_events = 317
Loaded 46 entries (unique=46, duplicates=0, missing=49106, out_of_bounds=0, non-finite=0)
Sum(prob) over finite entries = 0.999999
init sum: 0.999999
num pixels: 49152
tile num: 1798
total tile prob: 0.999999
tiles with prob > 0: 5
total tile prob after trim: 0.999999
num tiles after trim: 5
init_pos: 1752
*********running GCP*********
total time (wallclock): 0.0233837 seconds

$ /home/daisy/GRB-Search-Pipeline/search-planning/build/sp_train /home/daisy/GRB-Search-Pipeline/results/training/maps/short/adapt_p11-715852394892384_a135-0_232_map.h5 /home/daisy/GRB-Search-Pipeline/search-planning/tilings/tiling_files/5.36x4.5_tiling.csv 1770 10.0 10.0 5.0 0 /home/daisy/GRB-Search-Pipeline/results/training/short_searching_5.36x4.5_tiling.csv
Input Parameters:
  file        = /home/daisy/GRB-Search-Pipeline/results/training/maps/short/adapt_p11-715852394892384_a135-0_232_map.h5
  source_tile = 1770
  slew_rate   = 10
  dwell_time  = 5
  output      = /home/daisy/GRB-Search-Pipeline/results/training/short_searching_5.36x4.5_tiling.csv

source = [78.2841, 135], n_src_events = 261, n_bkg_events = 677
Loaded 334 entries (unique=334, duplicates=0, missing=48818, out_of_bounds=0, non-finite=0)
Sum(prob) over finite entries = 0.999999
init sum: 0.999999
num pixels: 49152
tile num: 1798
total tile prob: 0.999999
tiles with prob > 0: 23
total tile prob after trim: 0.999999
num tiles after trim: 23
init_pos: 1724
*********running GCP*********
total time (wallclock): 0.0250906 seconds

$ /home/daisy/GRB-Search-Pipeline/search-planning/build/sp_train /home/daisy/GRB-Search-Pipeline/results/training/maps/short/adapt_p11-715852394892384_a135-0_233_map.h5 /home/daisy/GRB-Search-Pipeline/search-planning/tilings/tiling_files/5.36x4.5_tiling.csv 1770 10.0 10.0 5.0 0 /home/daisy/GRB-Search-Pipeline/results/training/short_searching_5.36x4.5_tiling.csv
Input Parameters:
  file        = /home/daisy/GRB-Search-Pipeline/results/training/maps/short/adapt_p11-715852394892384_a135-0_233_map.h5
  source_tile = 1770
  slew_rate   = 10
  dwell_time  = 5
  output      = /home/daisy/GRB-Search-Pipeline/results/training/short_searching_5.36x4.5_tiling.csv

source = [78.2841, 135], n_src_events = 335, n_bkg_events = 159
Loaded 152 entries (unique=152, duplicates=0, missing=49000, out_of_bounds=0, non-finite=0)
Sum(prob) over finite entries = 0.999999
init sum: 0.999999
num pixels: 49152
tile num: 1798
total tile prob: 0.999999
tiles with prob > 0: 14
total tile prob after trim: 0.999999
num tiles after trim: 14
init_pos: 1772
*********running GCP*********
total time (wallclock): 0.0229934 seconds

$ /home/daisy/GRB-Search-Pipeline/search-planning/build/sp_train /home/daisy/GRB-Search-Pipeline/results/training/maps/short/adapt_p11-715852394892384_a135-0_234_map.h5 /home/daisy/GRB-Search-Pipeline/search-planning/tilings/tiling_files/5.36x4.5_tiling.csv 1770 10.0 10.0 5.0 0 /home/daisy/GRB-Search-Pipeline/results/training/short_searching_5.36x4.5_tiling.csv
Input Parameters:
  file        = /home/daisy/GRB-Search-Pipeline/results/training/maps/short/adapt_p11-715852394892384_a135-0_234_map.h5
  source_tile = 1770
  slew_rate   = 10
  dwell_time  = 5
  output      = /home/daisy/GRB-Search-Pipeline/results/training/short_searching_5.36x4.5_tiling.csv

source = [78.2841, 135], n_src_events = 189, n_bkg_events = 123
Loaded 223 entries (unique=223, duplicates=0, missing=48929, out_of_bounds=0, non-finite=0)
Sum(prob) over finite entries = 0.999999
init sum: 0.999999
num pixels: 49152
tile num: 1798
total tile prob: 0.999999
tiles with prob > 0: 16
total tile prob after trim: 0.999999
num tiles after trim: 16
init_pos: 1726
*********running GCP*********
total time (wallclock): 0.0235327 seconds

$ /home/daisy/GRB-Search-Pipeline/search-planning/build/sp_train /home/daisy/GRB-Search-Pipeline/results/training/maps/short/adapt_p11-715852394892384_a135-0_235_map.h5 /home/daisy/GRB-Search-Pipeline/search-planning/tilings/tiling_files/5.36x4.5_tiling.csv 1770 10.0 10.0 5.0 0 /home/daisy/GRB-Search-Pipeline/results/training/short_searching_5.36x4.5_tiling.csv
Input Parameters:
  file        = /home/daisy/GRB-Search-Pipeline/results/training/maps/short/adapt_p11-715852394892384_a135-0_235_map.h5
  source_tile = 1770
  slew_rate   = 10
  dwell_time  = 5
  output      = /home/daisy/GRB-Search-Pipeline/results/training/short_searching_5.36x4.5_tiling.csv

source = [78.2841, 135], n_src_events = 763, n_bkg_events = 1540
Loaded 80 entries (unique=80, duplicates=0, missing=49072, out_of_bounds=0, non-finite=0)
Sum(prob) over finite entries = 0.999999
init sum: 0.999999
num pixels: 49152
tile num: 1798
total tile prob: 0.999999
tiles with prob > 0: 8
total tile prob after trim: 0.999999
num tiles after trim: 8
init_pos: 1751
*********running GCP*********
total time (wallclock): 0.0223262 seconds

$ /home/daisy/GRB-Search-Pipeline/search-planning/build/sp_train /home/daisy/GRB-Search-Pipeline/results/training/maps/short/adapt_p11-715852394892384_a135-0_236_map.h5 /home/daisy/GRB-Search-Pipeline/search-planning/tilings/tiling_files/5.36x4.5_tiling.csv 1770 10.0 10.0 5.0 0 /home/daisy/GRB-Search-Pipeline/results/training/short_searching_5.36x4.5_tiling.csv
Input Parameters:
  file        = /home/daisy/GRB-Search-Pipeline/results/training/maps/short/adapt_p11-715852394892384_a135-0_236_map.h5
  source_tile = 1770
  slew_rate   = 10
  dwell_time  = 5
  output      = /home/daisy/GRB-Search-Pipeline/results/training/short_searching_5.36x4.5_tiling.csv

source = [78.2841, 135], n_src_events = 237, n_bkg_events = 781
Loaded 318 entries (unique=318, duplicates=0, missing=48834, out_of_bounds=0, non-finite=0)
Sum(prob) over finite entries = 0.999998
init sum: 0.999998
num pixels: 49152
tile num: 1798
total tile prob: 0.999998
tiles with prob > 0: 22
total tile prob after trim: 0.999998
num tiles after trim: 22
init_pos: 1728
*********running GCP*********
total time (wallclock): 0.0251652 seconds

$ /home/daisy/GRB-Search-Pipeline/search-planning/build/sp_train /home/daisy/GRB-Search-Pipeline/results/training/maps/short/adapt_p11-715852394892384_a135-0_237_map.h5 /home/daisy/GRB-Search-Pipeline/search-planning/tilings/tiling_files/5.36x4.5_tiling.csv 1770 10.0 10.0 5.0 0 /home/daisy/GRB-Search-Pipeline/results/training/short_searching_5.36x4.5_tiling.csv
Input Parameters:
  file        = /home/daisy/GRB-Search-Pipeline/results/training/maps/short/adapt_p11-715852394892384_a135-0_237_map.h5
  source_tile = 1770
  slew_rate   = 10
  dwell_time  = 5
  output      = /home/daisy/GRB-Search-Pipeline/results/training/short_searching_5.36x4.5_tiling.csv

source = [78.2841, 135], n_src_events = 490, n_bkg_events = 1474
Loaded 153 entries (unique=153, duplicates=0, missing=48999, out_of_bounds=0, non-finite=0)
Sum(prob) over finite entries = 0.999999
init sum: 0.999999
num pixels: 49152
tile num: 1798
total tile prob: 0.999999
tiles with prob > 0: 14
total tile prob after trim: 0.999999
num tiles after trim: 14
init_pos: 1753
*********running GCP*********
total time (wallclock): 0.0228875 seconds

$ /home/daisy/GRB-Search-Pipeline/search-planning/build/sp_train /home/daisy/GRB-Search-Pipeline/results/training/maps/short/adapt_p11-715852394892384_a135-0_238_map.h5 /home/daisy/GRB-Search-Pipeline/search-planning/tilings/tiling_files/5.36x4.5_tiling.csv 1770 10.0 10.0 5.0 0 /home/daisy/GRB-Search-Pipeline/results/training/short_searching_5.36x4.5_tiling.csv
Input Parameters:
  file        = /home/daisy/GRB-Search-Pipeline/results/training/maps/short/adapt_p11-715852394892384_a135-0_238_map.h5
  source_tile = 1770
  slew_rate   = 10
  dwell_time  = 5
  output      = /home/daisy/GRB-Search-Pipeline/results/training/short_searching_5.36x4.5_tiling.csv

source = [78.2841, 135], n_src_events = 754, n_bkg_events = 494
Loaded 44 entries (unique=44, duplicates=0, missing=49108, out_of_bounds=0, non-finite=0)
Sum(prob) over finite entries = 0.999998
init sum: 0.999998
num pixels: 49152
tile num: 1798
total tile prob: 0.999998
tiles with prob > 0: 5
total tile prob after trim: 0.999998
num tiles after trim: 5
init_pos: 1753
*********running GCP*********
total time (wallclock): 0.0231044 seconds

$ /home/daisy/GRB-Search-Pipeline/search-planning/build/sp_train /home/daisy/GRB-Search-Pipeline/results/training/maps/short/adapt_p11-715852394892384_a135-0_239_map.h5 /home/daisy/GRB-Search-Pipeline/search-planning/tilings/tiling_files/5.36x4.5_tiling.csv 1770 10.0 10.0 5.0 0 /home/daisy/GRB-Search-Pipeline/results/training/short_searching_5.36x4.5_tiling.csv
Input Parameters:
  file        = /home/daisy/GRB-Search-Pipeline/results/training/maps/short/adapt_p11-715852394892384_a135-0_239_map.h5
  source_tile = 1770
  slew_rate   = 10
  dwell_time  = 5
  output      = /home/daisy/GRB-Search-Pipeline/results/training/short_searching_5.36x4.5_tiling.csv

source = [78.2841, 135], n_src_events = 134, n_bkg_events = 1912
Loaded 1002 entries (unique=1002, duplicates=0, missing=48150, out_of_bounds=0, non-finite=0)
Sum(prob) over finite entries = 0.999998
init sum: 0.999998
num pixels: 49152
tile num: 1798
total tile prob: 0.999998
tiles with prob > 0: 59
total tile prob after trim: 0.999998
num tiles after trim: 59
init_pos: 1665
*********running GCP*********
total time (wallclock): 0.0256558 seconds

$ /home/daisy/GRB-Search-Pipeline/search-planning/build/sp_train /home/daisy/GRB-Search-Pipeline/results/training/maps/short/adapt_p11-715852394892384_a135-0_23_map.h5 /home/daisy/GRB-Search-Pipeline/search-planning/tilings/tiling_files/5.36x4.5_tiling.csv 1770 10.0 10.0 5.0 0 /home/daisy/GRB-Search-Pipeline/results/training/short_searching_5.36x4.5_tiling.csv
Input Parameters:
  file        = /home/daisy/GRB-Search-Pipeline/results/training/maps/short/adapt_p11-715852394892384_a135-0_23_map.h5
  source_tile = 1770
  slew_rate   = 10
  dwell_time  = 5
  output      = /home/daisy/GRB-Search-Pipeline/results/training/short_searching_5.36x4.5_tiling.csv

source = [78.2841, 135], n_src_events = 324, n_bkg_events = 704
Loaded 166 entries (unique=166, duplicates=0, missing=48986, out_of_bounds=0, non-finite=0)
Sum(prob) over finite entries = 0.999998
init sum: 0.999998
num pixels: 49152
tile num: 1798
total tile prob: 0.999998
tiles with prob > 0: 12
total tile prob after trim: 0.999998
num tiles after trim: 12
init_pos: 1770
*********running GCP*********
total time (wallclock): 0.0218758 seconds

$ /home/daisy/GRB-Search-Pipeline/search-planning/build/sp_train /home/daisy/GRB-Search-Pipeline/results/training/maps/short/adapt_p11-715852394892384_a135-0_240_map.h5 /home/daisy/GRB-Search-Pipeline/search-planning/tilings/tiling_files/5.36x4.5_tiling.csv 1770 10.0 10.0 5.0 0 /home/daisy/GRB-Search-Pipeline/results/training/short_searching_5.36x4.5_tiling.csv
Input Parameters:
  file        = /home/daisy/GRB-Search-Pipeline/results/training/maps/short/adapt_p11-715852394892384_a135-0_240_map.h5
  source_tile = 1770
  slew_rate   = 10
  dwell_time  = 5
  output      = /home/daisy/GRB-Search-Pipeline/results/training/short_searching_5.36x4.5_tiling.csv

source = [78.2841, 135], n_src_events = 615, n_bkg_events = 590
Loaded 76 entries (unique=76, duplicates=0, missing=49076, out_of_bounds=0, non-finite=0)
Sum(prob) over finite entries = 0.999999
init sum: 0.999999
num pixels: 49152
tile num: 1798
total tile prob: 0.999999
tiles with prob > 0: 9
total tile prob after trim: 0.999999
num tiles after trim: 9
init_pos: 1752
*********running GCP*********
total time (wallclock): 0.0222071 seconds

$ /home/daisy/GRB-Search-Pipeline/search-planning/build/sp_train /home/daisy/GRB-Search-Pipeline/results/training/maps/short/adapt_p11-715852394892384_a135-0_241_map.h5 /home/daisy/GRB-Search-Pipeline/search-planning/tilings/tiling_files/5.36x4.5_tiling.csv 1770 10.0 10.0 5.0 0 /home/daisy/GRB-Search-Pipeline/results/training/short_searching_5.36x4.5_tiling.csv
Input Parameters:
  file        = /home/daisy/GRB-Search-Pipeline/results/training/maps/short/adapt_p11-715852394892384_a135-0_241_map.h5
  source_tile = 1770
  slew_rate   = 10
  dwell_time  = 5
  output      = /home/daisy/GRB-Search-Pipeline/results/training/short_searching_5.36x4.5_tiling.csv

source = [78.2841, 135], n_src_events = 555, n_bkg_events = 691
Loaded 84 entries (unique=84, duplicates=0, missing=49068, out_of_bounds=0, non-finite=0)
Sum(prob) over finite entries = 0.999998
init sum: 0.999998
num pixels: 49152
tile num: 1798
total tile prob: 0.999998
tiles with prob > 0: 8
total tile prob after trim: 0.999998
num tiles after trim: 8
init_pos: 1770
*********running GCP*********
total time (wallclock): 0.0215892 seconds

$ /home/daisy/GRB-Search-Pipeline/search-planning/build/sp_train /home/daisy/GRB-Search-Pipeline/results/training/maps/short/adapt_p11-715852394892384_a135-0_242_map.h5 /home/daisy/GRB-Search-Pipeline/search-planning/tilings/tiling_files/5.36x4.5_tiling.csv 1770 10.0 10.0 5.0 0 /home/daisy/GRB-Search-Pipeline/results/training/short_searching_5.36x4.5_tiling.csv
Input Parameters:
  file        = /home/daisy/GRB-Search-Pipeline/results/training/maps/short/adapt_p11-715852394892384_a135-0_242_map.h5
  source_tile = 1770
  slew_rate   = 10
  dwell_time  = 5
  output      = /home/daisy/GRB-Search-Pipeline/results/training/short_searching_5.36x4.5_tiling.csv

source = [78.2841, 135], n_src_events = 758, n_bkg_events = 505
Loaded 64 entries (unique=64, duplicates=0, missing=49088, out_of_bounds=0, non-finite=0)
Sum(prob) over finite entries = 0.999999
init sum: 0.999999
num pixels: 49152
tile num: 1798
total tile prob: 0.999999
tiles with prob > 0: 8
total tile prob after trim: 0.999999
num tiles after trim: 8
init_pos: 1786
*********running GCP*********
total time (wallclock): 0.0236453 seconds

$ /home/daisy/GRB-Search-Pipeline/search-planning/build/sp_train /home/daisy/GRB-Search-Pipeline/results/training/maps/short/adapt_p11-715852394892384_a135-0_243_map.h5 /home/daisy/GRB-Search-Pipeline/search-planning/tilings/tiling_files/5.36x4.5_tiling.csv 1770 10.0 10.0 5.0 0 /home/daisy/GRB-Search-Pipeline/results/training/short_searching_5.36x4.5_tiling.csv
Input Parameters:
  file        = /home/daisy/GRB-Search-Pipeline/results/training/maps/short/adapt_p11-715852394892384_a135-0_243_map.h5
  source_tile = 1770
  slew_rate   = 10
  dwell_time  = 5
  output      = /home/daisy/GRB-Search-Pipeline/results/training/short_searching_5.36x4.5_tiling.csv

source = [78.2841, 135], n_src_events = 391, n_bkg_events = 164
Loaded 87 entries (unique=87, duplicates=0, missing=49065, out_of_bounds=0, non-finite=0)
Sum(prob) over finite entries = 0.999998
init sum: 0.999998
num pixels: 49152
tile num: 1798
total tile prob: 0.999998
tiles with prob > 0: 8
total tile prob after trim: 0.999998
num tiles after trim: 8
init_pos: 1771
*********running GCP*********
total time (wallclock): 0.0239724 seconds

$ /home/daisy/GRB-Search-Pipeline/search-planning/build/sp_train /home/daisy/GRB-Search-Pipeline/results/training/maps/short/adapt_p11-715852394892384_a135-0_244_map.h5 /home/daisy/GRB-Search-Pipeline/search-planning/tilings/tiling_files/5.36x4.5_tiling.csv 1770 10.0 10.0 5.0 0 /home/daisy/GRB-Search-Pipeline/results/training/short_searching_5.36x4.5_tiling.csv
Input Parameters:
  file        = /home/daisy/GRB-Search-Pipeline/results/training/maps/short/adapt_p11-715852394892384_a135-0_244_map.h5
  source_tile = 1770
  slew_rate   = 10
  dwell_time  = 5
  output      = /home/daisy/GRB-Search-Pipeline/results/training/short_searching_5.36x4.5_tiling.csv

source = [78.2841, 135], n_src_events = 389, n_bkg_events = 854
Loaded 151 entries (unique=151, duplicates=0, missing=49001, out_of_bounds=0, non-finite=0)
Sum(prob) over finite entries = 0.999998
init sum: 0.999998
num pixels: 49152
tile num: 1798
total tile prob: 0.999998
tiles with prob > 0: 11
total tile prob after trim: 0.999998
num tiles after trim: 11
init_pos: 1769
*********running GCP*********
total time (wallclock): 0.0230661 seconds

$ /home/daisy/GRB-Search-Pipeline/search-planning/build/sp_train /home/daisy/GRB-Search-Pipeline/results/training/maps/short/adapt_p11-715852394892384_a135-0_245_map.h5 /home/daisy/GRB-Search-Pipeline/search-planning/tilings/tiling_files/5.36x4.5_tiling.csv 1770 10.0 10.0 5.0 0 /home/daisy/GRB-Search-Pipeline/results/training/short_searching_5.36x4.5_tiling.csv
Input Parameters:
  file        = /home/daisy/GRB-Search-Pipeline/results/training/maps/short/adapt_p11-715852394892384_a135-0_245_map.h5
  source_tile = 1770
  slew_rate   = 10
  dwell_time  = 5
  output      = /home/daisy/GRB-Search-Pipeline/results/training/short_searching_5.36x4.5_tiling.csv

source = [78.2841, 135], n_src_events = 546, n_bkg_events = 422
Loaded 99 entries (unique=99, duplicates=0, missing=49053, out_of_bounds=0, non-finite=0)
Sum(prob) over finite entries = 0.999997
init sum: 0.999997
num pixels: 49152
tile num: 1798
total tile prob: 0.999997
tiles with prob > 0: 10
total tile prob after trim: 0.999997
num tiles after trim: 10
init_pos: 1770
*********running GCP*********
total time (wallclock): 0.0219652 seconds

$ /home/daisy/GRB-Search-Pipeline/search-planning/build/sp_train /home/daisy/GRB-Search-Pipeline/results/training/maps/short/adapt_p11-715852394892384_a135-0_246_map.h5 /home/daisy/GRB-Search-Pipeline/search-planning/tilings/tiling_files/5.36x4.5_tiling.csv 1770 10.0 10.0 5.0 0 /home/daisy/GRB-Search-Pipeline/results/training/short_searching_5.36x4.5_tiling.csv
Input Parameters:
  file        = /home/daisy/GRB-Search-Pipeline/results/training/maps/short/adapt_p11-715852394892384_a135-0_246_map.h5
  source_tile = 1770
  slew_rate   = 10
  dwell_time  = 5
  output      = /home/daisy/GRB-Search-Pipeline/results/training/short_searching_5.36x4.5_tiling.csv

source = [78.2841, 135], n_src_events = 375, n_bkg_events = 1818
Loaded 222 entries (unique=222, duplicates=0, missing=48930, out_of_bounds=0, non-finite=0)
Sum(prob) over finite entries = 0.999998
init sum: 0.999998
num pixels: 49152
tile num: 1798
total tile prob: 0.999998
tiles with prob > 0: 16
total tile prob after trim: 0.999998
num tiles after trim: 16
init_pos: 1727
*********running GCP*********
total time (wallclock): 0.024237 seconds

$ /home/daisy/GRB-Search-Pipeline/search-planning/build/sp_train /home/daisy/GRB-Search-Pipeline/results/training/maps/short/adapt_p11-715852394892384_a135-0_247_map.h5 /home/daisy/GRB-Search-Pipeline/search-planning/tilings/tiling_files/5.36x4.5_tiling.csv 1770 10.0 10.0 5.0 0 /home/daisy/GRB-Search-Pipeline/results/training/short_searching_5.36x4.5_tiling.csv
Input Parameters:
  file        = /home/daisy/GRB-Search-Pipeline/results/training/maps/short/adapt_p11-715852394892384_a135-0_247_map.h5
  source_tile = 1770
  slew_rate   = 10
  dwell_time  = 5
  output      = /home/daisy/GRB-Search-Pipeline/results/training/short_searching_5.36x4.5_tiling.csv

source = [78.2841, 135], n_src_events = 509, n_bkg_events = 756
Loaded 139 entries (unique=139, duplicates=0, missing=49013, out_of_bounds=0, non-finite=0)
Sum(prob) over finite entries = 0.999997
init sum: 0.999997
num pixels: 49152
tile num: 1798
total tile prob: 0.999997
tiles with prob > 0: 12
total tile prob after trim: 0.999997
num tiles after trim: 12
init_pos: 1771
*********running GCP*********
total time (wallclock): 0.0234951 seconds

$ /home/daisy/GRB-Search-Pipeline/search-planning/build/sp_train /home/daisy/GRB-Search-Pipeline/results/training/maps/short/adapt_p11-715852394892384_a135-0_248_map.h5 /home/daisy/GRB-Search-Pipeline/search-planning/tilings/tiling_files/5.36x4.5_tiling.csv 1770 10.0 10.0 5.0 0 /home/daisy/GRB-Search-Pipeline/results/training/short_searching_5.36x4.5_tiling.csv
Input Parameters:
  file        = /home/daisy/GRB-Search-Pipeline/results/training/maps/short/adapt_p11-715852394892384_a135-0_248_map.h5
  source_tile = 1770
  slew_rate   = 10
  dwell_time  = 5
  output      = /home/daisy/GRB-Search-Pipeline/results/training/short_searching_5.36x4.5_tiling.csv

source = [78.2841, 135], n_src_events = 476, n_bkg_events = 769
Loaded 103 entries (unique=103, duplicates=0, missing=49049, out_of_bounds=0, non-finite=0)
Sum(prob) over finite entries = 0.999998
init sum: 0.999998
num pixels: 49152
tile num: 1798
total tile prob: 0.999998
tiles with prob > 0: 9
total tile prob after trim: 0.999998
num tiles after trim: 9
init_pos: 1752
*********running GCP*********
total time (wallclock): 0.0224838 seconds

$ /home/daisy/GRB-Search-Pipeline/search-planning/build/sp_train /home/daisy/GRB-Search-Pipeline/results/training/maps/short/adapt_p11-715852394892384_a135-0_249_map.h5 /home/daisy/GRB-Search-Pipeline/search-planning/tilings/tiling_files/5.36x4.5_tiling.csv 1770 10.0 10.0 5.0 0 /home/daisy/GRB-Search-Pipeline/results/training/short_searching_5.36x4.5_tiling.csv
Input Parameters:
  file        = /home/daisy/GRB-Search-Pipeline/results/training/maps/short/adapt_p11-715852394892384_a135-0_249_map.h5
  source_tile = 1770
  slew_rate   = 10
  dwell_time  = 5
  output      = /home/daisy/GRB-Search-Pipeline/results/training/short_searching_5.36x4.5_tiling.csv

source = [78.2841, 135], n_src_events = 413, n_bkg_events = 1234
Loaded 162 entries (unique=162, duplicates=0, missing=48990, out_of_bounds=0, non-finite=0)
Sum(prob) over finite entries = 0.999999
init sum: 0.999999
num pixels: 49152
tile num: 1798
total tile prob: 0.999999
tiles with prob > 0: 13
total tile prob after trim: 0.999999
num tiles after trim: 13
init_pos: 1771
*********running GCP*********
total time (wallclock): 0.0233149 seconds

$ /home/daisy/GRB-Search-Pipeline/search-planning/build/sp_train /home/daisy/GRB-Search-Pipeline/results/training/maps/short/adapt_p11-715852394892384_a135-0_24_map.h5 /home/daisy/GRB-Search-Pipeline/search-planning/tilings/tiling_files/5.36x4.5_tiling.csv 1770 10.0 10.0 5.0 0 /home/daisy/GRB-Search-Pipeline/results/training/short_searching_5.36x4.5_tiling.csv
Input Parameters:
  file        = /home/daisy/GRB-Search-Pipeline/results/training/maps/short/adapt_p11-715852394892384_a135-0_24_map.h5
  source_tile = 1770
  slew_rate   = 10
  dwell_time  = 5
  output      = /home/daisy/GRB-Search-Pipeline/results/training/short_searching_5.36x4.5_tiling.csv

source = [78.2841, 135], n_src_events = 729, n_bkg_events = 225
Loaded 43 entries (unique=43, duplicates=0, missing=49109, out_of_bounds=0, non-finite=0)
Sum(prob) over finite entries = 0.999999
init sum: 0.999999
num pixels: 49152
tile num: 1798
total tile prob: 0.999999
tiles with prob > 0: 5
total tile prob after trim: 0.999999
num tiles after trim: 5
init_pos: 1770
*********running GCP*********
total time (wallclock): 0.0219379 seconds

$ /home/daisy/GRB-Search-Pipeline/search-planning/build/sp_train /home/daisy/GRB-Search-Pipeline/results/training/maps/short/adapt_p11-715852394892384_a135-0_250_map.h5 /home/daisy/GRB-Search-Pipeline/search-planning/tilings/tiling_files/5.36x4.5_tiling.csv 1770 10.0 10.0 5.0 0 /home/daisy/GRB-Search-Pipeline/results/training/short_searching_5.36x4.5_tiling.csv
Input Parameters:
  file        = /home/daisy/GRB-Search-Pipeline/results/training/maps/short/adapt_p11-715852394892384_a135-0_250_map.h5
  source_tile = 1770
  slew_rate   = 10
  dwell_time  = 5
  output      = /home/daisy/GRB-Search-Pipeline/results/training/short_searching_5.36x4.5_tiling.csv

source = [78.2841, 135], n_src_events = 235, n_bkg_events = 1532
Loaded 417 entries (unique=417, duplicates=0, missing=48735, out_of_bounds=0, non-finite=0)
Sum(prob) over finite entries = 0.999997
init sum: 0.999997
num pixels: 49152
tile num: 1798
total tile prob: 0.999997
tiles with prob > 0: 29
total tile prob after trim: 0.999997
num tiles after trim: 29
init_pos: 1752
*********running GCP*********
total time (wallclock): 0.0251604 seconds

$ /home/daisy/GRB-Search-Pipeline/search-planning/build/sp_train /home/daisy/GRB-Search-Pipeline/results/training/maps/short/adapt_p11-715852394892384_a135-0_251_map.h5 /home/daisy/GRB-Search-Pipeline/search-planning/tilings/tiling_files/5.36x4.5_tiling.csv 1770 10.0 10.0 5.0 0 /home/daisy/GRB-Search-Pipeline/results/training/short_searching_5.36x4.5_tiling.csv
Input Parameters:
  file        = /home/daisy/GRB-Search-Pipeline/results/training/maps/short/adapt_p11-715852394892384_a135-0_251_map.h5
  source_tile = 1770
  slew_rate   = 10
  dwell_time  = 5
  output      = /home/daisy/GRB-Search-Pipeline/results/training/short_searching_5.36x4.5_tiling.csv

source = [78.2841, 135], n_src_events = 651, n_bkg_events = 1554
Loaded 110 entries (unique=110, duplicates=0, missing=49042, out_of_bounds=0, non-finite=0)
Sum(prob) over finite entries = 0.999999
init sum: 0.999999
num pixels: 49152
tile num: 1798
total tile prob: 0.999999
tiles with prob > 0: 9
total tile prob after trim: 0.999999
num tiles after trim: 9
init_pos: 1752
*********running GCP*********
total time (wallclock): 0.0222913 seconds

$ /home/daisy/GRB-Search-Pipeline/search-planning/build/sp_train /home/daisy/GRB-Search-Pipeline/results/training/maps/short/adapt_p11-715852394892384_a135-0_252_map.h5 /home/daisy/GRB-Search-Pipeline/search-planning/tilings/tiling_files/5.36x4.5_tiling.csv 1770 10.0 10.0 5.0 0 /home/daisy/GRB-Search-Pipeline/results/training/short_searching_5.36x4.5_tiling.csv
Input Parameters:
  file        = /home/daisy/GRB-Search-Pipeline/results/training/maps/short/adapt_p11-715852394892384_a135-0_252_map.h5
  source_tile = 1770
  slew_rate   = 10
  dwell_time  = 5
  output      = /home/daisy/GRB-Search-Pipeline/results/training/short_searching_5.36x4.5_tiling.csv

source = [78.2841, 135], n_src_events = 759, n_bkg_events = 1036
Loaded 57 entries (unique=57, duplicates=0, missing=49095, out_of_bounds=0, non-finite=0)
Sum(prob) over finite entries = 0.999998
init sum: 0.999998
num pixels: 49152
tile num: 1798
total tile prob: 0.999998
tiles with prob > 0: 5
total tile prob after trim: 0.999998
num tiles after trim: 5
init_pos: 1752
*********running GCP*********
total time (wallclock): 0.022132 seconds

$ /home/daisy/GRB-Search-Pipeline/search-planning/build/sp_train /home/daisy/GRB-Search-Pipeline/results/training/maps/short/adapt_p11-715852394892384_a135-0_253_map.h5 /home/daisy/GRB-Search-Pipeline/search-planning/tilings/tiling_files/5.36x4.5_tiling.csv 1770 10.0 10.0 5.0 0 /home/daisy/GRB-Search-Pipeline/results/training/short_searching_5.36x4.5_tiling.csv
Input Parameters:
  file        = /home/daisy/GRB-Search-Pipeline/results/training/maps/short/adapt_p11-715852394892384_a135-0_253_map.h5
  source_tile = 1770
  slew_rate   = 10
  dwell_time  = 5
  output      = /home/daisy/GRB-Search-Pipeline/results/training/short_searching_5.36x4.5_tiling.csv

source = [78.2841, 135], n_src_events = 146, n_bkg_events = 1517
Loaded 2049 entries (unique=2049, duplicates=0, missing=47103, out_of_bounds=0, non-finite=0)
Sum(prob) over finite entries = 0.999995
init sum: 0.999995
num pixels: 49152
tile num: 1798
total tile prob: 0.999995
tiles with prob > 0: 112
total tile prob after trim: 0.999995
num tiles after trim: 112
init_pos: 1725
*********running GCP*********
total time (wallclock): 0.0272493 seconds

$ /home/daisy/GRB-Search-Pipeline/search-planning/build/sp_train /home/daisy/GRB-Search-Pipeline/results/training/maps/short/adapt_p11-715852394892384_a135-0_254_map.h5 /home/daisy/GRB-Search-Pipeline/search-planning/tilings/tiling_files/5.36x4.5_tiling.csv 1770 10.0 10.0 5.0 0 /home/daisy/GRB-Search-Pipeline/results/training/short_searching_5.36x4.5_tiling.csv
Input Parameters:
  file        = /home/daisy/GRB-Search-Pipeline/results/training/maps/short/adapt_p11-715852394892384_a135-0_254_map.h5
  source_tile = 1770
  slew_rate   = 10
  dwell_time  = 5
  output      = /home/daisy/GRB-Search-Pipeline/results/training/short_searching_5.36x4.5_tiling.csv

source = [78.2841, 135], n_src_events = 490, n_bkg_events = 1447
Loaded 128 entries (unique=128, duplicates=0, missing=49024, out_of_bounds=0, non-finite=0)
Sum(prob) over finite entries = 0.999999
init sum: 0.999999
num pixels: 49152
tile num: 1798
total tile prob: 0.999999
tiles with prob > 0: 11
total tile prob after trim: 0.999999
num tiles after trim: 11
init_pos: 1728
*********running GCP*********
total time (wallclock): 0.0246512 seconds

$ /home/daisy/GRB-Search-Pipeline/search-planning/build/sp_train /home/daisy/GRB-Search-Pipeline/results/training/maps/short/adapt_p11-715852394892384_a135-0_255_map.h5 /home/daisy/GRB-Search-Pipeline/search-planning/tilings/tiling_files/5.36x4.5_tiling.csv 1770 10.0 10.0 5.0 0 /home/daisy/GRB-Search-Pipeline/results/training/short_searching_5.36x4.5_tiling.csv
Input Parameters:
  file        = /home/daisy/GRB-Search-Pipeline/results/training/maps/short/adapt_p11-715852394892384_a135-0_255_map.h5
  source_tile = 1770
  slew_rate   = 10
  dwell_time  = 5
  output      = /home/daisy/GRB-Search-Pipeline/results/training/short_searching_5.36x4.5_tiling.csv

source = [78.2841, 135], n_src_events = 234, n_bkg_events = 1271
Loaded 303 entries (unique=303, duplicates=0, missing=48849, out_of_bounds=0, non-finite=0)
Sum(prob) over finite entries = 0.999998
init sum: 0.999998
num pixels: 49152
tile num: 1798
total tile prob: 0.999998
tiles with prob > 0: 20
total tile prob after trim: 0.999998
num tiles after trim: 20
init_pos: 1769
*********running GCP*********
total time (wallclock): 0.0228587 seconds

$ /home/daisy/GRB-Search-Pipeline/search-planning/build/sp_train /home/daisy/GRB-Search-Pipeline/results/training/maps/short/adapt_p11-715852394892384_a135-0_256_map.h5 /home/daisy/GRB-Search-Pipeline/search-planning/tilings/tiling_files/5.36x4.5_tiling.csv 1770 10.0 10.0 5.0 0 /home/daisy/GRB-Search-Pipeline/results/training/short_searching_5.36x4.5_tiling.csv
Input Parameters:
  file        = /home/daisy/GRB-Search-Pipeline/results/training/maps/short/adapt_p11-715852394892384_a135-0_256_map.h5
  source_tile = 1770
  slew_rate   = 10
  dwell_time  = 5
  output      = /home/daisy/GRB-Search-Pipeline/results/training/short_searching_5.36x4.5_tiling.csv

source = [78.2841, 135], n_src_events = 842, n_bkg_events = 252
Loaded 49 entries (unique=49, duplicates=0, missing=49103, out_of_bounds=0, non-finite=0)
Sum(prob) over finite entries = 0.999998
init sum: 0.999998
num pixels: 49152
tile num: 1798
total tile prob: 0.999998
tiles with prob > 0: 5
total tile prob after trim: 0.999998
num tiles after trim: 5
init_pos: 1752
*********running GCP*********
total time (wallclock): 0.0224047 seconds

$ /home/daisy/GRB-Search-Pipeline/search-planning/build/sp_train /home/daisy/GRB-Search-Pipeline/results/training/maps/short/adapt_p11-715852394892384_a135-0_257_map.h5 /home/daisy/GRB-Search-Pipeline/search-planning/tilings/tiling_files/5.36x4.5_tiling.csv 1770 10.0 10.0 5.0 0 /home/daisy/GRB-Search-Pipeline/results/training/short_searching_5.36x4.5_tiling.csv
Input Parameters:
  file        = /home/daisy/GRB-Search-Pipeline/results/training/maps/short/adapt_p11-715852394892384_a135-0_257_map.h5
  source_tile = 1770
  slew_rate   = 10
  dwell_time  = 5
  output      = /home/daisy/GRB-Search-Pipeline/results/training/short_searching_5.36x4.5_tiling.csv

source = [78.2841, 135], n_src_events = 572, n_bkg_events = 1023
Loaded 82 entries (unique=82, duplicates=0, missing=49070, out_of_bounds=0, non-finite=0)
Sum(prob) over finite entries = 0.999998
init sum: 0.999998
num pixels: 49152
tile num: 1798
total tile prob: 0.999998
tiles with prob > 0: 8
total tile prob after trim: 0.999998
num tiles after trim: 8
init_pos: 1770
*********running GCP*********
total time (wallclock): 0.0220057 seconds

$ /home/daisy/GRB-Search-Pipeline/search-planning/build/sp_train /home/daisy/GRB-Search-Pipeline/results/training/maps/short/adapt_p11-715852394892384_a135-0_258_map.h5 /home/daisy/GRB-Search-Pipeline/search-planning/tilings/tiling_files/5.36x4.5_tiling.csv 1770 10.0 10.0 5.0 0 /home/daisy/GRB-Search-Pipeline/results/training/short_searching_5.36x4.5_tiling.csv
Input Parameters:
  file        = /home/daisy/GRB-Search-Pipeline/results/training/maps/short/adapt_p11-715852394892384_a135-0_258_map.h5
  source_tile = 1770
  slew_rate   = 10
  dwell_time  = 5
  output      = /home/daisy/GRB-Search-Pipeline/results/training/short_searching_5.36x4.5_tiling.csv

source = [78.2841, 135], n_src_events = 816, n_bkg_events = 1544
Loaded 70 entries (unique=70, duplicates=0, missing=49082, out_of_bounds=0, non-finite=0)
Sum(prob) over finite entries = 0.999998
init sum: 0.999998
num pixels: 49152
tile num: 1798
total tile prob: 0.999998
tiles with prob > 0: 5
total tile prob after trim: 0.999998
num tiles after trim: 5
init_pos: 1771
*********running GCP*********
total time (wallclock): 0.0229411 seconds

$ /home/daisy/GRB-Search-Pipeline/search-planning/build/sp_train /home/daisy/GRB-Search-Pipeline/results/training/maps/short/adapt_p11-715852394892384_a135-0_259_map.h5 /home/daisy/GRB-Search-Pipeline/search-planning/tilings/tiling_files/5.36x4.5_tiling.csv 1770 10.0 10.0 5.0 0 /home/daisy/GRB-Search-Pipeline/results/training/short_searching_5.36x4.5_tiling.csv
Input Parameters:
  file        = /home/daisy/GRB-Search-Pipeline/results/training/maps/short/adapt_p11-715852394892384_a135-0_259_map.h5
  source_tile = 1770
  slew_rate   = 10
  dwell_time  = 5
  output      = /home/daisy/GRB-Search-Pipeline/results/training/short_searching_5.36x4.5_tiling.csv

source = [78.2841, 135], n_src_events = 238, n_bkg_events = 1193
Loaded 239 entries (unique=239, duplicates=0, missing=48913, out_of_bounds=0, non-finite=0)
Sum(prob) over finite entries = 0.999999
init sum: 0.999999
num pixels: 49152
tile num: 1798
total tile prob: 0.999999
tiles with prob > 0: 17
total tile prob after trim: 0.999999
num tiles after trim: 17
init_pos: 1753
*********running GCP*********
total time (wallclock): 0.024518 seconds

$ /home/daisy/GRB-Search-Pipeline/search-planning/build/sp_train /home/daisy/GRB-Search-Pipeline/results/training/maps/short/adapt_p11-715852394892384_a135-0_25_map.h5 /home/daisy/GRB-Search-Pipeline/search-planning/tilings/tiling_files/5.36x4.5_tiling.csv 1770 10.0 10.0 5.0 0 /home/daisy/GRB-Search-Pipeline/results/training/short_searching_5.36x4.5_tiling.csv
Input Parameters:
  file        = /home/daisy/GRB-Search-Pipeline/results/training/maps/short/adapt_p11-715852394892384_a135-0_25_map.h5
  source_tile = 1770
  slew_rate   = 10
  dwell_time  = 5
  output      = /home/daisy/GRB-Search-Pipeline/results/training/short_searching_5.36x4.5_tiling.csv

source = [78.2841, 135], n_src_events = 594, n_bkg_events = 73
Loaded 54 entries (unique=54, duplicates=0, missing=49098, out_of_bounds=0, non-finite=0)
Sum(prob) over finite entries = 0.999999
init sum: 0.999999
num pixels: 49152
tile num: 1798
total tile prob: 0.999999
tiles with prob > 0: 5
total tile prob after trim: 0.999999
num tiles after trim: 5
init_pos: 1770
*********running GCP*********
total time (wallclock): 0.0219547 seconds

$ /home/daisy/GRB-Search-Pipeline/search-planning/build/sp_train /home/daisy/GRB-Search-Pipeline/results/training/maps/short/adapt_p11-715852394892384_a135-0_260_map.h5 /home/daisy/GRB-Search-Pipeline/search-planning/tilings/tiling_files/5.36x4.5_tiling.csv 1770 10.0 10.0 5.0 0 /home/daisy/GRB-Search-Pipeline/results/training/short_searching_5.36x4.5_tiling.csv
Input Parameters:
  file        = /home/daisy/GRB-Search-Pipeline/results/training/maps/short/adapt_p11-715852394892384_a135-0_260_map.h5
  source_tile = 1770
  slew_rate   = 10
  dwell_time  = 5
  output      = /home/daisy/GRB-Search-Pipeline/results/training/short_searching_5.36x4.5_tiling.csv

source = [78.2841, 135], n_src_events = 666, n_bkg_events = 911
Loaded 81 entries (unique=81, duplicates=0, missing=49071, out_of_bounds=0, non-finite=0)
Sum(prob) over finite entries = 0.999998
init sum: 0.999998
num pixels: 49152
tile num: 1798
total tile prob: 0.999998
tiles with prob > 0: 8
total tile prob after trim: 0.999998
num tiles after trim: 8
init_pos: 1727
*********running GCP*********
total time (wallclock): 0.0244313 seconds

$ /home/daisy/GRB-Search-Pipeline/search-planning/build/sp_train /home/daisy/GRB-Search-Pipeline/results/training/maps/short/adapt_p11-715852394892384_a135-0_261_map.h5 /home/daisy/GRB-Search-Pipeline/search-planning/tilings/tiling_files/5.36x4.5_tiling.csv 1770 10.0 10.0 5.0 0 /home/daisy/GRB-Search-Pipeline/results/training/short_searching_5.36x4.5_tiling.csv
Input Parameters:
  file        = /home/daisy/GRB-Search-Pipeline/results/training/maps/short/adapt_p11-715852394892384_a135-0_261_map.h5
  source_tile = 1770
  slew_rate   = 10
  dwell_time  = 5
  output      = /home/daisy/GRB-Search-Pipeline/results/training/short_searching_5.36x4.5_tiling.csv

source = [78.2841, 135], n_src_events = 354, n_bkg_events = 793
Loaded 204 entries (unique=204, duplicates=0, missing=48948, out_of_bounds=0, non-finite=0)
Sum(prob) over finite entries = 0.999999
init sum: 0.999999
num pixels: 49152
tile num: 1798
total tile prob: 0.999999
tiles with prob > 0: 13
total tile prob after trim: 0.999999
num tiles after trim: 13
init_pos: 1771
*********running GCP*********
total time (wallclock): 0.0241203 seconds

$ /home/daisy/GRB-Search-Pipeline/search-planning/build/sp_train /home/daisy/GRB-Search-Pipeline/results/training/maps/short/adapt_p11-715852394892384_a135-0_262_map.h5 /home/daisy/GRB-Search-Pipeline/search-planning/tilings/tiling_files/5.36x4.5_tiling.csv 1770 10.0 10.0 5.0 0 /home/daisy/GRB-Search-Pipeline/results/training/short_searching_5.36x4.5_tiling.csv
Input Parameters:
  file        = /home/daisy/GRB-Search-Pipeline/results/training/maps/short/adapt_p11-715852394892384_a135-0_262_map.h5
  source_tile = 1770
  slew_rate   = 10
  dwell_time  = 5
  output      = /home/daisy/GRB-Search-Pipeline/results/training/short_searching_5.36x4.5_tiling.csv

source = [78.2841, 135], n_src_events = 776, n_bkg_events = 1775
Loaded 85 entries (unique=85, duplicates=0, missing=49067, out_of_bounds=0, non-finite=0)
Sum(prob) over finite entries = 0.999998
init sum: 0.999998
num pixels: 49152
tile num: 1798
total tile prob: 0.999998
tiles with prob > 0: 9
total tile prob after trim: 0.999998
num tiles after trim: 9
init_pos: 1771
*********running GCP*********
total time (wallclock): 0.0240565 seconds

$ /home/daisy/GRB-Search-Pipeline/search-planning/build/sp_train /home/daisy/GRB-Search-Pipeline/results/training/maps/short/adapt_p11-715852394892384_a135-0_263_map.h5 /home/daisy/GRB-Search-Pipeline/search-planning/tilings/tiling_files/5.36x4.5_tiling.csv 1770 10.0 10.0 5.0 0 /home/daisy/GRB-Search-Pipeline/results/training/short_searching_5.36x4.5_tiling.csv
Input Parameters:
  file        = /home/daisy/GRB-Search-Pipeline/results/training/maps/short/adapt_p11-715852394892384_a135-0_263_map.h5
  source_tile = 1770
  slew_rate   = 10
  dwell_time  = 5
  output      = /home/daisy/GRB-Search-Pipeline/results/training/short_searching_5.36x4.5_tiling.csv

source = [78.2841, 135], n_src_events = 565, n_bkg_events = 1585
Loaded 110 entries (unique=110, duplicates=0, missing=49042, out_of_bounds=0, non-finite=0)
Sum(prob) over finite entries = 0.999999
init sum: 0.999999
num pixels: 49152
tile num: 1798
total tile prob: 0.999999
tiles with prob > 0: 9
total tile prob after trim: 0.999999
num tiles after trim: 9
init_pos: 1753
*********running GCP*********
total time (wallclock): 0.0236172 seconds

$ /home/daisy/GRB-Search-Pipeline/search-planning/build/sp_train /home/daisy/GRB-Search-Pipeline/results/training/maps/short/adapt_p11-715852394892384_a135-0_264_map.h5 /home/daisy/GRB-Search-Pipeline/search-planning/tilings/tiling_files/5.36x4.5_tiling.csv 1770 10.0 10.0 5.0 0 /home/daisy/GRB-Search-Pipeline/results/training/short_searching_5.36x4.5_tiling.csv
Input Parameters:
  file        = /home/daisy/GRB-Search-Pipeline/results/training/maps/short/adapt_p11-715852394892384_a135-0_264_map.h5
  source_tile = 1770
  slew_rate   = 10
  dwell_time  = 5
  output      = /home/daisy/GRB-Search-Pipeline/results/training/short_searching_5.36x4.5_tiling.csv

source = [78.2841, 135], n_src_events = 639, n_bkg_events = 446
Loaded 53 entries (unique=53, duplicates=0, missing=49099, out_of_bounds=0, non-finite=0)
Sum(prob) over finite entries = 0.999999
init sum: 0.999999
num pixels: 49152
tile num: 1798
total tile prob: 0.999999
tiles with prob > 0: 5
total tile prob after trim: 0.999999
num tiles after trim: 5
init_pos: 1771
*********running GCP*********
total time (wallclock): 0.0229885 seconds

$ /home/daisy/GRB-Search-Pipeline/search-planning/build/sp_train /home/daisy/GRB-Search-Pipeline/results/training/maps/short/adapt_p11-715852394892384_a135-0_265_map.h5 /home/daisy/GRB-Search-Pipeline/search-planning/tilings/tiling_files/5.36x4.5_tiling.csv 1770 10.0 10.0 5.0 0 /home/daisy/GRB-Search-Pipeline/results/training/short_searching_5.36x4.5_tiling.csv
Input Parameters:
  file        = /home/daisy/GRB-Search-Pipeline/results/training/maps/short/adapt_p11-715852394892384_a135-0_265_map.h5
  source_tile = 1770
  slew_rate   = 10
  dwell_time  = 5
  output      = /home/daisy/GRB-Search-Pipeline/results/training/short_searching_5.36x4.5_tiling.csv

source = [78.2841, 135], n_src_events = 201, n_bkg_events = 487
Loaded 370 entries (unique=370, duplicates=0, missing=48782, out_of_bounds=0, non-finite=0)
Sum(prob) over finite entries = 0.999999
init sum: 0.999999
num pixels: 49152
tile num: 1798
total tile prob: 0.999999
tiles with prob > 0: 23
total tile prob after trim: 0.999999
num tiles after trim: 23
init_pos: 1773
*********running GCP*********
total time (wallclock): 0.0290986 seconds

$ /home/daisy/GRB-Search-Pipeline/search-planning/build/sp_train /home/daisy/GRB-Search-Pipeline/results/training/maps/short/adapt_p11-715852394892384_a135-0_266_map.h5 /home/daisy/GRB-Search-Pipeline/search-planning/tilings/tiling_files/5.36x4.5_tiling.csv 1770 10.0 10.0 5.0 0 /home/daisy/GRB-Search-Pipeline/results/training/short_searching_5.36x4.5_tiling.csv
Input Parameters:
  file        = /home/daisy/GRB-Search-Pipeline/results/training/maps/short/adapt_p11-715852394892384_a135-0_266_map.h5
  source_tile = 1770
  slew_rate   = 10
  dwell_time  = 5
  output      = /home/daisy/GRB-Search-Pipeline/results/training/short_searching_5.36x4.5_tiling.csv

source = [78.2841, 135], n_src_events = 107, n_bkg_events = 1045
Loaded 2631 entries (unique=2631, duplicates=0, missing=46521, out_of_bounds=0, non-finite=0)
Sum(prob) over finite entries = 0.999992
init sum: 0.999992
num pixels: 49152
tile num: 1798
total tile prob: 0.999992
tiles with prob > 0: 125
total tile prob after trim: 0.999992
num tiles after trim: 125
init_pos: 1729
*********running GCP*********
total time (wallclock): 0.0896878 seconds

$ /home/daisy/GRB-Search-Pipeline/search-planning/build/sp_train /home/daisy/GRB-Search-Pipeline/results/training/maps/short/adapt_p11-715852394892384_a135-0_267_map.h5 /home/daisy/GRB-Search-Pipeline/search-planning/tilings/tiling_files/5.36x4.5_tiling.csv 1770 10.0 10.0 5.0 0 /home/daisy/GRB-Search-Pipeline/results/training/short_searching_5.36x4.5_tiling.csv
Input Parameters:
  file        = /home/daisy/GRB-Search-Pipeline/results/training/maps/short/adapt_p11-715852394892384_a135-0_267_map.h5
  source_tile = 1770
  slew_rate   = 10
  dwell_time  = 5
  output      = /home/daisy/GRB-Search-Pipeline/results/training/short_searching_5.36x4.5_tiling.csv

source = [78.2841, 135], n_src_events = 711, n_bkg_events = 675
Loaded 59 entries (unique=59, duplicates=0, missing=49093, out_of_bounds=0, non-finite=0)
Sum(prob) over finite entries = 0.999999
init sum: 0.999999
num pixels: 49152
tile num: 1798
total tile prob: 0.999999
tiles with prob > 0: 5
total tile prob after trim: 0.999999
num tiles after trim: 5
init_pos: 1752
*********running GCP*********
total time (wallclock): 0.0230915 seconds

$ /home/daisy/GRB-Search-Pipeline/search-planning/build/sp_train /home/daisy/GRB-Search-Pipeline/results/training/maps/short/adapt_p11-715852394892384_a135-0_268_map.h5 /home/daisy/GRB-Search-Pipeline/search-planning/tilings/tiling_files/5.36x4.5_tiling.csv 1770 10.0 10.0 5.0 0 /home/daisy/GRB-Search-Pipeline/results/training/short_searching_5.36x4.5_tiling.csv
Input Parameters:
  file        = /home/daisy/GRB-Search-Pipeline/results/training/maps/short/adapt_p11-715852394892384_a135-0_268_map.h5
  source_tile = 1770
  slew_rate   = 10
  dwell_time  = 5
  output      = /home/daisy/GRB-Search-Pipeline/results/training/short_searching_5.36x4.5_tiling.csv

source = [78.2841, 135], n_src_events = 586, n_bkg_events = 998
Loaded 91 entries (unique=91, duplicates=0, missing=49061, out_of_bounds=0, non-finite=0)
Sum(prob) over finite entries = 0.999999
init sum: 0.999999
num pixels: 49152
tile num: 1798
total tile prob: 0.999999
tiles with prob > 0: 7
total tile prob after trim: 0.999999
num tiles after trim: 7
init_pos: 1770
*********running GCP*********
total time (wallclock): 0.0230469 seconds

$ /home/daisy/GRB-Search-Pipeline/search-planning/build/sp_train /home/daisy/GRB-Search-Pipeline/results/training/maps/short/adapt_p11-715852394892384_a135-0_269_map.h5 /home/daisy/GRB-Search-Pipeline/search-planning/tilings/tiling_files/5.36x4.5_tiling.csv 1770 10.0 10.0 5.0 0 /home/daisy/GRB-Search-Pipeline/results/training/short_searching_5.36x4.5_tiling.csv
Input Parameters:
  file        = /home/daisy/GRB-Search-Pipeline/results/training/maps/short/adapt_p11-715852394892384_a135-0_269_map.h5
  source_tile = 1770
  slew_rate   = 10
  dwell_time  = 5
  output      = /home/daisy/GRB-Search-Pipeline/results/training/short_searching_5.36x4.5_tiling.csv

source = [78.2841, 135], n_src_events = 353, n_bkg_events = 756
Loaded 212 entries (unique=212, duplicates=0, missing=48940, out_of_bounds=0, non-finite=0)
Sum(prob) over finite entries = 0.999999
init sum: 0.999999
num pixels: 49152
tile num: 1798
total tile prob: 0.999999
tiles with prob > 0: 15
total tile prob after trim: 0.999999
num tiles after trim: 15
init_pos: 1750
*********running GCP*********
total time (wallclock): 0.023334 seconds

$ /home/daisy/GRB-Search-Pipeline/search-planning/build/sp_train /home/daisy/GRB-Search-Pipeline/results/training/maps/short/adapt_p11-715852394892384_a135-0_26_map.h5 /home/daisy/GRB-Search-Pipeline/search-planning/tilings/tiling_files/5.36x4.5_tiling.csv 1770 10.0 10.0 5.0 0 /home/daisy/GRB-Search-Pipeline/results/training/short_searching_5.36x4.5_tiling.csv
Input Parameters:
  file        = /home/daisy/GRB-Search-Pipeline/results/training/maps/short/adapt_p11-715852394892384_a135-0_26_map.h5
  source_tile = 1770
  slew_rate   = 10
  dwell_time  = 5
  output      = /home/daisy/GRB-Search-Pipeline/results/training/short_searching_5.36x4.5_tiling.csv

source = [78.2841, 135], n_src_events = 826, n_bkg_events = 1223
Loaded 65 entries (unique=65, duplicates=0, missing=49087, out_of_bounds=0, non-finite=0)
Sum(prob) over finite entries = 0.999998
init sum: 0.999998
num pixels: 49152
tile num: 1798
total tile prob: 0.999998
tiles with prob > 0: 7
total tile prob after trim: 0.999998
num tiles after trim: 7
init_pos: 1771
*********running GCP*********
total time (wallclock): 0.0233029 seconds

$ /home/daisy/GRB-Search-Pipeline/search-planning/build/sp_train /home/daisy/GRB-Search-Pipeline/results/training/maps/short/adapt_p11-715852394892384_a135-0_270_map.h5 /home/daisy/GRB-Search-Pipeline/search-planning/tilings/tiling_files/5.36x4.5_tiling.csv 1770 10.0 10.0 5.0 0 /home/daisy/GRB-Search-Pipeline/results/training/short_searching_5.36x4.5_tiling.csv
Input Parameters:
  file        = /home/daisy/GRB-Search-Pipeline/results/training/maps/short/adapt_p11-715852394892384_a135-0_270_map.h5
  source_tile = 1770
  slew_rate   = 10
  dwell_time  = 5
  output      = /home/daisy/GRB-Search-Pipeline/results/training/short_searching_5.36x4.5_tiling.csv

source = [78.2841, 135], n_src_events = 750, n_bkg_events = 491
Loaded 47 entries (unique=47, duplicates=0, missing=49105, out_of_bounds=0, non-finite=0)
Sum(prob) over finite entries = 0.999999
init sum: 0.999999
num pixels: 49152
tile num: 1798
total tile prob: 0.999999
tiles with prob > 0: 5
total tile prob after trim: 0.999999
num tiles after trim: 5
init_pos: 1752
*********running GCP*********
total time (wallclock): 0.0229178 seconds

$ /home/daisy/GRB-Search-Pipeline/search-planning/build/sp_train /home/daisy/GRB-Search-Pipeline/results/training/maps/short/adapt_p11-715852394892384_a135-0_271_map.h5 /home/daisy/GRB-Search-Pipeline/search-planning/tilings/tiling_files/5.36x4.5_tiling.csv 1770 10.0 10.0 5.0 0 /home/daisy/GRB-Search-Pipeline/results/training/short_searching_5.36x4.5_tiling.csv
Input Parameters:
  file        = /home/daisy/GRB-Search-Pipeline/results/training/maps/short/adapt_p11-715852394892384_a135-0_271_map.h5
  source_tile = 1770
  slew_rate   = 10
  dwell_time  = 5
  output      = /home/daisy/GRB-Search-Pipeline/results/training/short_searching_5.36x4.5_tiling.csv

source = [78.2841, 135], n_src_events = 172, n_bkg_events = 1211
Loaded 2816 entries (unique=2816, duplicates=0, missing=46336, out_of_bounds=0, non-finite=0)
Sum(prob) over finite entries = 0.999996
init sum: 0.999996
num pixels: 49152
tile num: 1798
total tile prob: 0.999996
tiles with prob > 0: 144
total tile prob after trim: 0.999996
num tiles after trim: 144
init_pos: 1708
*********running GCP*********
total time (wallclock): 0.0584273 seconds

$ /home/daisy/GRB-Search-Pipeline/search-planning/build/sp_train /home/daisy/GRB-Search-Pipeline/results/training/maps/short/adapt_p11-715852394892384_a135-0_272_map.h5 /home/daisy/GRB-Search-Pipeline/search-planning/tilings/tiling_files/5.36x4.5_tiling.csv 1770 10.0 10.0 5.0 0 /home/daisy/GRB-Search-Pipeline/results/training/short_searching_5.36x4.5_tiling.csv
Input Parameters:
  file        = /home/daisy/GRB-Search-Pipeline/results/training/maps/short/adapt_p11-715852394892384_a135-0_272_map.h5
  source_tile = 1770
  slew_rate   = 10
  dwell_time  = 5
  output      = /home/daisy/GRB-Search-Pipeline/results/training/short_searching_5.36x4.5_tiling.csv

source = [78.2841, 135], n_src_events = 551, n_bkg_events = 834
Loaded 95 entries (unique=95, duplicates=0, missing=49057, out_of_bounds=0, non-finite=0)
Sum(prob) over finite entries = 0.999999
init sum: 0.999999
num pixels: 49152
tile num: 1798
total tile prob: 0.999999
tiles with prob > 0: 9
total tile prob after trim: 0.999999
num tiles after trim: 9
init_pos: 1771
*********running GCP*********
total time (wallclock): 0.0235361 seconds

$ /home/daisy/GRB-Search-Pipeline/search-planning/build/sp_train /home/daisy/GRB-Search-Pipeline/results/training/maps/short/adapt_p11-715852394892384_a135-0_273_map.h5 /home/daisy/GRB-Search-Pipeline/search-planning/tilings/tiling_files/5.36x4.5_tiling.csv 1770 10.0 10.0 5.0 0 /home/daisy/GRB-Search-Pipeline/results/training/short_searching_5.36x4.5_tiling.csv
Input Parameters:
  file        = /home/daisy/GRB-Search-Pipeline/results/training/maps/short/adapt_p11-715852394892384_a135-0_273_map.h5
  source_tile = 1770
  slew_rate   = 10
  dwell_time  = 5
  output      = /home/daisy/GRB-Search-Pipeline/results/training/short_searching_5.36x4.5_tiling.csv

source = [78.2841, 135], n_src_events = 420, n_bkg_events = 962
Loaded 167 entries (unique=167, duplicates=0, missing=48985, out_of_bounds=0, non-finite=0)
Sum(prob) over finite entries = 0.999999
init sum: 0.999999
num pixels: 49152
tile num: 1798
total tile prob: 0.999999
tiles with prob > 0: 13
total tile prob after trim: 0.999999
num tiles after trim: 13
init_pos: 1753
*********running GCP*********
total time (wallclock): 0.0221886 seconds

$ /home/daisy/GRB-Search-Pipeline/search-planning/build/sp_train /home/daisy/GRB-Search-Pipeline/results/training/maps/short/adapt_p11-715852394892384_a135-0_274_map.h5 /home/daisy/GRB-Search-Pipeline/search-planning/tilings/tiling_files/5.36x4.5_tiling.csv 1770 10.0 10.0 5.0 0 /home/daisy/GRB-Search-Pipeline/results/training/short_searching_5.36x4.5_tiling.csv
Input Parameters:
  file        = /home/daisy/GRB-Search-Pipeline/results/training/maps/short/adapt_p11-715852394892384_a135-0_274_map.h5
  source_tile = 1770
  slew_rate   = 10
  dwell_time  = 5
  output      = /home/daisy/GRB-Search-Pipeline/results/training/short_searching_5.36x4.5_tiling.csv

source = [78.2841, 135], n_src_events = 835, n_bkg_events = 121
Loaded 39 entries (unique=39, duplicates=0, missing=49113, out_of_bounds=0, non-finite=0)
Sum(prob) over finite entries = 1
init sum: 1
num pixels: 49152
tile num: 1798
total tile prob: 1
tiles with prob > 0: 5
total tile prob after trim: 1
num tiles after trim: 5
init_pos: 1770
*********running GCP*********
total time (wallclock): 0.0216902 seconds

$ /home/daisy/GRB-Search-Pipeline/search-planning/build/sp_train /home/daisy/GRB-Search-Pipeline/results/training/maps/short/adapt_p11-715852394892384_a135-0_275_map.h5 /home/daisy/GRB-Search-Pipeline/search-planning/tilings/tiling_files/5.36x4.5_tiling.csv 1770 10.0 10.0 5.0 0 /home/daisy/GRB-Search-Pipeline/results/training/short_searching_5.36x4.5_tiling.csv
Input Parameters:
  file        = /home/daisy/GRB-Search-Pipeline/results/training/maps/short/adapt_p11-715852394892384_a135-0_275_map.h5
  source_tile = 1770
  slew_rate   = 10
  dwell_time  = 5
  output      = /home/daisy/GRB-Search-Pipeline/results/training/short_searching_5.36x4.5_tiling.csv

source = [78.2841, 135], n_src_events = 167, n_bkg_events = 1428
Loaded 1392 entries (unique=1392, duplicates=0, missing=47760, out_of_bounds=0, non-finite=0)
Sum(prob) over finite entries = 0.999995
init sum: 0.999995
num pixels: 49152
tile num: 1798
total tile prob: 0.999995
tiles with prob > 0: 79
total tile prob after trim: 0.999995
num tiles after trim: 79
init_pos: 1651
*********running GCP*********
total time (wallclock): 0.0747357 seconds

$ /home/daisy/GRB-Search-Pipeline/search-planning/build/sp_train /home/daisy/GRB-Search-Pipeline/results/training/maps/short/adapt_p11-715852394892384_a135-0_276_map.h5 /home/daisy/GRB-Search-Pipeline/search-planning/tilings/tiling_files/5.36x4.5_tiling.csv 1770 10.0 10.0 5.0 0 /home/daisy/GRB-Search-Pipeline/results/training/short_searching_5.36x4.5_tiling.csv
Input Parameters:
  file        = /home/daisy/GRB-Search-Pipeline/results/training/maps/short/adapt_p11-715852394892384_a135-0_276_map.h5
  source_tile = 1770
  slew_rate   = 10
  dwell_time  = 5
  output      = /home/daisy/GRB-Search-Pipeline/results/training/short_searching_5.36x4.5_tiling.csv

source = [78.2841, 135], n_src_events = 387, n_bkg_events = 753
Loaded 157 entries (unique=157, duplicates=0, missing=48995, out_of_bounds=0, non-finite=0)
Sum(prob) over finite entries = 0.999998
init sum: 0.999998
num pixels: 49152
tile num: 1798
total tile prob: 0.999998
tiles with prob > 0: 12
total tile prob after trim: 0.999998
num tiles after trim: 12
init_pos: 1753
*********running GCP*********
total time (wallclock): 0.0233158 seconds

$ /home/daisy/GRB-Search-Pipeline/search-planning/build/sp_train /home/daisy/GRB-Search-Pipeline/results/training/maps/short/adapt_p11-715852394892384_a135-0_277_map.h5 /home/daisy/GRB-Search-Pipeline/search-planning/tilings/tiling_files/5.36x4.5_tiling.csv 1770 10.0 10.0 5.0 0 /home/daisy/GRB-Search-Pipeline/results/training/short_searching_5.36x4.5_tiling.csv
Input Parameters:
  file        = /home/daisy/GRB-Search-Pipeline/results/training/maps/short/adapt_p11-715852394892384_a135-0_277_map.h5
  source_tile = 1770
  slew_rate   = 10
  dwell_time  = 5
  output      = /home/daisy/GRB-Search-Pipeline/results/training/short_searching_5.36x4.5_tiling.csv

source = [78.2841, 135], n_src_events = 482, n_bkg_events = 1043
Loaded 158 entries (unique=158, duplicates=0, missing=48994, out_of_bounds=0, non-finite=0)
Sum(prob) over finite entries = 0.999999
init sum: 0.999999
num pixels: 49152
tile num: 1798
total tile prob: 0.999999
tiles with prob > 0: 13
total tile prob after trim: 0.999999
num tiles after trim: 13
init_pos: 1769
*********running GCP*********
total time (wallclock): 0.0233528 seconds

$ /home/daisy/GRB-Search-Pipeline/search-planning/build/sp_train /home/daisy/GRB-Search-Pipeline/results/training/maps/short/adapt_p11-715852394892384_a135-0_278_map.h5 /home/daisy/GRB-Search-Pipeline/search-planning/tilings/tiling_files/5.36x4.5_tiling.csv 1770 10.0 10.0 5.0 0 /home/daisy/GRB-Search-Pipeline/results/training/short_searching_5.36x4.5_tiling.csv
Input Parameters:
  file        = /home/daisy/GRB-Search-Pipeline/results/training/maps/short/adapt_p11-715852394892384_a135-0_278_map.h5
  source_tile = 1770
  slew_rate   = 10
  dwell_time  = 5
  output      = /home/daisy/GRB-Search-Pipeline/results/training/short_searching_5.36x4.5_tiling.csv

source = [78.2841, 135], n_src_events = 323, n_bkg_events = 276
Loaded 192 entries (unique=192, duplicates=0, missing=48960, out_of_bounds=0, non-finite=0)
Sum(prob) over finite entries = 0.999998
init sum: 0.999998
num pixels: 49152
tile num: 1798
total tile prob: 0.999998
tiles with prob > 0: 14
total tile prob after trim: 0.999998
num tiles after trim: 14
init_pos: 1753
*********running GCP*********
total time (wallclock): 0.0234934 seconds

$ /home/daisy/GRB-Search-Pipeline/search-planning/build/sp_train /home/daisy/GRB-Search-Pipeline/results/training/maps/short/adapt_p11-715852394892384_a135-0_279_map.h5 /home/daisy/GRB-Search-Pipeline/search-planning/tilings/tiling_files/5.36x4.5_tiling.csv 1770 10.0 10.0 5.0 0 /home/daisy/GRB-Search-Pipeline/results/training/short_searching_5.36x4.5_tiling.csv
Input Parameters:
  file        = /home/daisy/GRB-Search-Pipeline/results/training/maps/short/adapt_p11-715852394892384_a135-0_279_map.h5
  source_tile = 1770
  slew_rate   = 10
  dwell_time  = 5
  output      = /home/daisy/GRB-Search-Pipeline/results/training/short_searching_5.36x4.5_tiling.csv

source = [78.2841, 135], n_src_events = 598, n_bkg_events = 803
Loaded 80 entries (unique=80, duplicates=0, missing=49072, out_of_bounds=0, non-finite=0)
Sum(prob) over finite entries = 0.999998
init sum: 0.999998
num pixels: 49152
tile num: 1798
total tile prob: 0.999998
tiles with prob > 0: 6
total tile prob after trim: 0.999998
num tiles after trim: 6
init_pos: 1771
*********running GCP*********
total time (wallclock): 0.0232627 seconds

$ /home/daisy/GRB-Search-Pipeline/search-planning/build/sp_train /home/daisy/GRB-Search-Pipeline/results/training/maps/short/adapt_p11-715852394892384_a135-0_27_map.h5 /home/daisy/GRB-Search-Pipeline/search-planning/tilings/tiling_files/5.36x4.5_tiling.csv 1770 10.0 10.0 5.0 0 /home/daisy/GRB-Search-Pipeline/results/training/short_searching_5.36x4.5_tiling.csv
Input Parameters:
  file        = /home/daisy/GRB-Search-Pipeline/results/training/maps/short/adapt_p11-715852394892384_a135-0_27_map.h5
  source_tile = 1770
  slew_rate   = 10
  dwell_time  = 5
  output      = /home/daisy/GRB-Search-Pipeline/results/training/short_searching_5.36x4.5_tiling.csv

source = [78.2841, 135], n_src_events = 391, n_bkg_events = 237
Loaded 101 entries (unique=101, duplicates=0, missing=49051, out_of_bounds=0, non-finite=0)
Sum(prob) over finite entries = 0.999999
init sum: 0.999999
num pixels: 49152
tile num: 1798
total tile prob: 0.999999
tiles with prob > 0: 7
total tile prob after trim: 0.999999
num tiles after trim: 7
init_pos: 1753
*********running GCP*********
total time (wallclock): 0.0227436 seconds

$ /home/daisy/GRB-Search-Pipeline/search-planning/build/sp_train /home/daisy/GRB-Search-Pipeline/results/training/maps/short/adapt_p11-715852394892384_a135-0_280_map.h5 /home/daisy/GRB-Search-Pipeline/search-planning/tilings/tiling_files/5.36x4.5_tiling.csv 1770 10.0 10.0 5.0 0 /home/daisy/GRB-Search-Pipeline/results/training/short_searching_5.36x4.5_tiling.csv
Input Parameters:
  file        = /home/daisy/GRB-Search-Pipeline/results/training/maps/short/adapt_p11-715852394892384_a135-0_280_map.h5
  source_tile = 1770
  slew_rate   = 10
  dwell_time  = 5
  output      = /home/daisy/GRB-Search-Pipeline/results/training/short_searching_5.36x4.5_tiling.csv

source = [78.2841, 135], n_src_events = 512, n_bkg_events = 184
Loaded 68 entries (unique=68, duplicates=0, missing=49084, out_of_bounds=0, non-finite=0)
Sum(prob) over finite entries = 0.999999
init sum: 0.999999
num pixels: 49152
tile num: 1798
total tile prob: 0.999999
tiles with prob > 0: 5
total tile prob after trim: 0.999999
num tiles after trim: 5
init_pos: 1770
*********running GCP*********
total time (wallclock): 0.0222861 seconds

$ /home/daisy/GRB-Search-Pipeline/search-planning/build/sp_train /home/daisy/GRB-Search-Pipeline/results/training/maps/short/adapt_p11-715852394892384_a135-0_281_map.h5 /home/daisy/GRB-Search-Pipeline/search-planning/tilings/tiling_files/5.36x4.5_tiling.csv 1770 10.0 10.0 5.0 0 /home/daisy/GRB-Search-Pipeline/results/training/short_searching_5.36x4.5_tiling.csv
Input Parameters:
  file        = /home/daisy/GRB-Search-Pipeline/results/training/maps/short/adapt_p11-715852394892384_a135-0_281_map.h5
  source_tile = 1770
  slew_rate   = 10
  dwell_time  = 5
  output      = /home/daisy/GRB-Search-Pipeline/results/training/short_searching_5.36x4.5_tiling.csv

source = [78.2841, 135], n_src_events = 595, n_bkg_events = 554
Loaded 99 entries (unique=99, duplicates=0, missing=49053, out_of_bounds=0, non-finite=0)
Sum(prob) over finite entries = 0.999998
init sum: 0.999998
num pixels: 49152
tile num: 1798
total tile prob: 0.999998
tiles with prob > 0: 8
total tile prob after trim: 0.999998
num tiles after trim: 8
init_pos: 1751
*********running GCP*********
total time (wallclock): 0.0236546 seconds

$ /home/daisy/GRB-Search-Pipeline/search-planning/build/sp_train /home/daisy/GRB-Search-Pipeline/results/training/maps/short/adapt_p11-715852394892384_a135-0_282_map.h5 /home/daisy/GRB-Search-Pipeline/search-planning/tilings/tiling_files/5.36x4.5_tiling.csv 1770 10.0 10.0 5.0 0 /home/daisy/GRB-Search-Pipeline/results/training/short_searching_5.36x4.5_tiling.csv
Input Parameters:
  file        = /home/daisy/GRB-Search-Pipeline/results/training/maps/short/adapt_p11-715852394892384_a135-0_282_map.h5
  source_tile = 1770
  slew_rate   = 10
  dwell_time  = 5
  output      = /home/daisy/GRB-Search-Pipeline/results/training/short_searching_5.36x4.5_tiling.csv

source = [78.2841, 135], n_src_events = 398, n_bkg_events = 1431
Loaded 185 entries (unique=185, duplicates=0, missing=48967, out_of_bounds=0, non-finite=0)
Sum(prob) over finite entries = 0.999999
init sum: 0.999999
num pixels: 49152
tile num: 1798
total tile prob: 0.999999
tiles with prob > 0: 13
total tile prob after trim: 0.999999
num tiles after trim: 13
init_pos: 1750
*********running GCP*********
total time (wallclock): 0.0228267 seconds

$ /home/daisy/GRB-Search-Pipeline/search-planning/build/sp_train /home/daisy/GRB-Search-Pipeline/results/training/maps/short/adapt_p11-715852394892384_a135-0_283_map.h5 /home/daisy/GRB-Search-Pipeline/search-planning/tilings/tiling_files/5.36x4.5_tiling.csv 1770 10.0 10.0 5.0 0 /home/daisy/GRB-Search-Pipeline/results/training/short_searching_5.36x4.5_tiling.csv
Input Parameters:
  file        = /home/daisy/GRB-Search-Pipeline/results/training/maps/short/adapt_p11-715852394892384_a135-0_283_map.h5
  source_tile = 1770
  slew_rate   = 10
  dwell_time  = 5
  output      = /home/daisy/GRB-Search-Pipeline/results/training/short_searching_5.36x4.5_tiling.csv

source = [78.2841, 135], n_src_events = 179, n_bkg_events = 1368
Loaded 861 entries (unique=861, duplicates=0, missing=48291, out_of_bounds=0, non-finite=0)
Sum(prob) over finite entries = 0.999999
init sum: 0.999999
num pixels: 49152
tile num: 1798
total tile prob: 0.999999
tiles with prob > 0: 51
total tile prob after trim: 0.999999
num tiles after trim: 51
init_pos: 1785
*********running GCP*********
total time (wallclock): 0.0303695 seconds

$ /home/daisy/GRB-Search-Pipeline/search-planning/build/sp_train /home/daisy/GRB-Search-Pipeline/results/training/maps/short/adapt_p11-715852394892384_a135-0_284_map.h5 /home/daisy/GRB-Search-Pipeline/search-planning/tilings/tiling_files/5.36x4.5_tiling.csv 1770 10.0 10.0 5.0 0 /home/daisy/GRB-Search-Pipeline/results/training/short_searching_5.36x4.5_tiling.csv
Input Parameters:
  file        = /home/daisy/GRB-Search-Pipeline/results/training/maps/short/adapt_p11-715852394892384_a135-0_284_map.h5
  source_tile = 1770
  slew_rate   = 10
  dwell_time  = 5
  output      = /home/daisy/GRB-Search-Pipeline/results/training/short_searching_5.36x4.5_tiling.csv

source = [78.2841, 135], n_src_events = 942, n_bkg_events = 573
Loaded 53 entries (unique=53, duplicates=0, missing=49099, out_of_bounds=0, non-finite=0)
Sum(prob) over finite entries = 0.999999
init sum: 0.999999
num pixels: 49152
tile num: 1798
total tile prob: 0.999999
tiles with prob > 0: 6
total tile prob after trim: 0.999999
num tiles after trim: 6
init_pos: 1770
*********running GCP*********
total time (wallclock): 0.021789 seconds

$ /home/daisy/GRB-Search-Pipeline/search-planning/build/sp_train /home/daisy/GRB-Search-Pipeline/results/training/maps/short/adapt_p11-715852394892384_a135-0_285_map.h5 /home/daisy/GRB-Search-Pipeline/search-planning/tilings/tiling_files/5.36x4.5_tiling.csv 1770 10.0 10.0 5.0 0 /home/daisy/GRB-Search-Pipeline/results/training/short_searching_5.36x4.5_tiling.csv
Input Parameters:
  file        = /home/daisy/GRB-Search-Pipeline/results/training/maps/short/adapt_p11-715852394892384_a135-0_285_map.h5
  source_tile = 1770
  slew_rate   = 10
  dwell_time  = 5
  output      = /home/daisy/GRB-Search-Pipeline/results/training/short_searching_5.36x4.5_tiling.csv

source = [78.2841, 135], n_src_events = 320, n_bkg_events = 510
Loaded 175 entries (unique=175, duplicates=0, missing=48977, out_of_bounds=0, non-finite=0)
Sum(prob) over finite entries = 0.999999
init sum: 0.999999
num pixels: 49152
tile num: 1798
total tile prob: 0.999999
tiles with prob > 0: 12
total tile prob after trim: 0.999999
num tiles after trim: 12
init_pos: 1752
*********running GCP*********
total time (wallclock): 0.0224121 seconds

$ /home/daisy/GRB-Search-Pipeline/search-planning/build/sp_train /home/daisy/GRB-Search-Pipeline/results/training/maps/short/adapt_p11-715852394892384_a135-0_286_map.h5 /home/daisy/GRB-Search-Pipeline/search-planning/tilings/tiling_files/5.36x4.5_tiling.csv 1770 10.0 10.0 5.0 0 /home/daisy/GRB-Search-Pipeline/results/training/short_searching_5.36x4.5_tiling.csv
Input Parameters:
  file        = /home/daisy/GRB-Search-Pipeline/results/training/maps/short/adapt_p11-715852394892384_a135-0_286_map.h5
  source_tile = 1770
  slew_rate   = 10
  dwell_time  = 5
  output      = /home/daisy/GRB-Search-Pipeline/results/training/short_searching_5.36x4.5_tiling.csv

source = [78.2841, 135], n_src_events = 531, n_bkg_events = 1642
Loaded 173 entries (unique=173, duplicates=0, missing=48979, out_of_bounds=0, non-finite=0)
Sum(prob) over finite entries = 0.999998
init sum: 0.999998
num pixels: 49152
tile num: 1798
total tile prob: 0.999998
tiles with prob > 0: 12
total tile prob after trim: 0.999998
num tiles after trim: 12
init_pos: 1772
*********running GCP*********
total time (wallclock): 0.0236408 seconds

$ /home/daisy/GRB-Search-Pipeline/search-planning/build/sp_train /home/daisy/GRB-Search-Pipeline/results/training/maps/short/adapt_p11-715852394892384_a135-0_287_map.h5 /home/daisy/GRB-Search-Pipeline/search-planning/tilings/tiling_files/5.36x4.5_tiling.csv 1770 10.0 10.0 5.0 0 /home/daisy/GRB-Search-Pipeline/results/training/short_searching_5.36x4.5_tiling.csv
Input Parameters:
  file        = /home/daisy/GRB-Search-Pipeline/results/training/maps/short/adapt_p11-715852394892384_a135-0_287_map.h5
  source_tile = 1770
  slew_rate   = 10
  dwell_time  = 5
  output      = /home/daisy/GRB-Search-Pipeline/results/training/short_searching_5.36x4.5_tiling.csv

source = [78.2841, 135], n_src_events = 746, n_bkg_events = 1606
Loaded 59 entries (unique=59, duplicates=0, missing=49093, out_of_bounds=0, non-finite=0)
Sum(prob) over finite entries = 0.999999
init sum: 0.999999
num pixels: 49152
tile num: 1798
total tile prob: 0.999999
tiles with prob > 0: 7
total tile prob after trim: 0.999999
num tiles after trim: 7
init_pos: 1770
*********running GCP*********
total time (wallclock): 0.0222145 seconds

$ /home/daisy/GRB-Search-Pipeline/search-planning/build/sp_train /home/daisy/GRB-Search-Pipeline/results/training/maps/short/adapt_p11-715852394892384_a135-0_288_map.h5 /home/daisy/GRB-Search-Pipeline/search-planning/tilings/tiling_files/5.36x4.5_tiling.csv 1770 10.0 10.0 5.0 0 /home/daisy/GRB-Search-Pipeline/results/training/short_searching_5.36x4.5_tiling.csv
Input Parameters:
  file        = /home/daisy/GRB-Search-Pipeline/results/training/maps/short/adapt_p11-715852394892384_a135-0_288_map.h5
  source_tile = 1770
  slew_rate   = 10
  dwell_time  = 5
  output      = /home/daisy/GRB-Search-Pipeline/results/training/short_searching_5.36x4.5_tiling.csv

source = [78.2841, 135], n_src_events = 554, n_bkg_events = 665
Loaded 69 entries (unique=69, duplicates=0, missing=49083, out_of_bounds=0, non-finite=0)
Sum(prob) over finite entries = 0.999999
init sum: 0.999999
num pixels: 49152
tile num: 1798
total tile prob: 0.999999
tiles with prob > 0: 6
total tile prob after trim: 0.999999
num tiles after trim: 6
init_pos: 1771
*********running GCP*********
total time (wallclock): 0.0232199 seconds

$ /home/daisy/GRB-Search-Pipeline/search-planning/build/sp_train /home/daisy/GRB-Search-Pipeline/results/training/maps/short/adapt_p11-715852394892384_a135-0_289_map.h5 /home/daisy/GRB-Search-Pipeline/search-planning/tilings/tiling_files/5.36x4.5_tiling.csv 1770 10.0 10.0 5.0 0 /home/daisy/GRB-Search-Pipeline/results/training/short_searching_5.36x4.5_tiling.csv
Input Parameters:
  file        = /home/daisy/GRB-Search-Pipeline/results/training/maps/short/adapt_p11-715852394892384_a135-0_289_map.h5
  source_tile = 1770
  slew_rate   = 10
  dwell_time  = 5
  output      = /home/daisy/GRB-Search-Pipeline/results/training/short_searching_5.36x4.5_tiling.csv

source = [78.2841, 135], n_src_events = 826, n_bkg_events = 1517
Loaded 56 entries (unique=56, duplicates=0, missing=49096, out_of_bounds=0, non-finite=0)
Sum(prob) over finite entries = 0.999999
init sum: 0.999999
num pixels: 49152
tile num: 1798
total tile prob: 0.999999
tiles with prob > 0: 5
total tile prob after trim: 0.999999
num tiles after trim: 5
init_pos: 1771
*********running GCP*********
total time (wallclock): 0.0233465 seconds

$ /home/daisy/GRB-Search-Pipeline/search-planning/build/sp_train /home/daisy/GRB-Search-Pipeline/results/training/maps/short/adapt_p11-715852394892384_a135-0_28_map.h5 /home/daisy/GRB-Search-Pipeline/search-planning/tilings/tiling_files/5.36x4.5_tiling.csv 1770 10.0 10.0 5.0 0 /home/daisy/GRB-Search-Pipeline/results/training/short_searching_5.36x4.5_tiling.csv
Input Parameters:
  file        = /home/daisy/GRB-Search-Pipeline/results/training/maps/short/adapt_p11-715852394892384_a135-0_28_map.h5
  source_tile = 1770
  slew_rate   = 10
  dwell_time  = 5
  output      = /home/daisy/GRB-Search-Pipeline/results/training/short_searching_5.36x4.5_tiling.csv

source = [78.2841, 135], n_src_events = 614, n_bkg_events = 1057
Loaded 75 entries (unique=75, duplicates=0, missing=49077, out_of_bounds=0, non-finite=0)
Sum(prob) over finite entries = 0.999999
init sum: 0.999999
num pixels: 49152
tile num: 1798
total tile prob: 0.999999
tiles with prob > 0: 7
total tile prob after trim: 0.999999
num tiles after trim: 7
init_pos: 1752
*********running GCP*********
total time (wallclock): 0.0222856 seconds

$ /home/daisy/GRB-Search-Pipeline/search-planning/build/sp_train /home/daisy/GRB-Search-Pipeline/results/training/maps/short/adapt_p11-715852394892384_a135-0_290_map.h5 /home/daisy/GRB-Search-Pipeline/search-planning/tilings/tiling_files/5.36x4.5_tiling.csv 1770 10.0 10.0 5.0 0 /home/daisy/GRB-Search-Pipeline/results/training/short_searching_5.36x4.5_tiling.csv
Input Parameters:
  file        = /home/daisy/GRB-Search-Pipeline/results/training/maps/short/adapt_p11-715852394892384_a135-0_290_map.h5
  source_tile = 1770
  slew_rate   = 10
  dwell_time  = 5
  output      = /home/daisy/GRB-Search-Pipeline/results/training/short_searching_5.36x4.5_tiling.csv

source = [78.2841, 135], n_src_events = 474, n_bkg_events = 545
Loaded 111 entries (unique=111, duplicates=0, missing=49041, out_of_bounds=0, non-finite=0)
Sum(prob) over finite entries = 0.999998
init sum: 0.999998
num pixels: 49152
tile num: 1798
total tile prob: 0.999998
tiles with prob > 0: 11
total tile prob after trim: 0.999998
num tiles after trim: 11
init_pos: 1770
*********running GCP*********
total time (wallclock): 0.0221676 seconds

$ /home/daisy/GRB-Search-Pipeline/search-planning/build/sp_train /home/daisy/GRB-Search-Pipeline/results/training/maps/short/adapt_p11-715852394892384_a135-0_291_map.h5 /home/daisy/GRB-Search-Pipeline/search-planning/tilings/tiling_files/5.36x4.5_tiling.csv 1770 10.0 10.0 5.0 0 /home/daisy/GRB-Search-Pipeline/results/training/short_searching_5.36x4.5_tiling.csv
Input Parameters:
  file        = /home/daisy/GRB-Search-Pipeline/results/training/maps/short/adapt_p11-715852394892384_a135-0_291_map.h5
  source_tile = 1770
  slew_rate   = 10
  dwell_time  = 5
  output      = /home/daisy/GRB-Search-Pipeline/results/training/short_searching_5.36x4.5_tiling.csv

source = [78.2841, 135], n_src_events = 219, n_bkg_events = 694
Loaded 353 entries (unique=353, duplicates=0, missing=48799, out_of_bounds=0, non-finite=0)
Sum(prob) over finite entries = 0.999998
init sum: 0.999998
num pixels: 49152
tile num: 1798
total tile prob: 0.999998
tiles with prob > 0: 23
total tile prob after trim: 0.999998
num tiles after trim: 23
init_pos: 1771
*********running GCP*********
total time (wallclock): 0.0233629 seconds

$ /home/daisy/GRB-Search-Pipeline/search-planning/build/sp_train /home/daisy/GRB-Search-Pipeline/results/training/maps/short/adapt_p11-715852394892384_a135-0_292_map.h5 /home/daisy/GRB-Search-Pipeline/search-planning/tilings/tiling_files/5.36x4.5_tiling.csv 1770 10.0 10.0 5.0 0 /home/daisy/GRB-Search-Pipeline/results/training/short_searching_5.36x4.5_tiling.csv
Input Parameters:
  file        = /home/daisy/GRB-Search-Pipeline/results/training/maps/short/adapt_p11-715852394892384_a135-0_292_map.h5
  source_tile = 1770
  slew_rate   = 10
  dwell_time  = 5
  output      = /home/daisy/GRB-Search-Pipeline/results/training/short_searching_5.36x4.5_tiling.csv

source = [78.2841, 135], n_src_events = 619, n_bkg_events = 230
Loaded 70 entries (unique=70, duplicates=0, missing=49082, out_of_bounds=0, non-finite=0)
Sum(prob) over finite entries = 0.999998
init sum: 0.999998
num pixels: 49152
tile num: 1798
total tile prob: 0.999998
tiles with prob > 0: 7
total tile prob after trim: 0.999998
num tiles after trim: 7
init_pos: 1751
*********running GCP*********
total time (wallclock): 0.0221999 seconds

$ /home/daisy/GRB-Search-Pipeline/search-planning/build/sp_train /home/daisy/GRB-Search-Pipeline/results/training/maps/short/adapt_p11-715852394892384_a135-0_293_map.h5 /home/daisy/GRB-Search-Pipeline/search-planning/tilings/tiling_files/5.36x4.5_tiling.csv 1770 10.0 10.0 5.0 0 /home/daisy/GRB-Search-Pipeline/results/training/short_searching_5.36x4.5_tiling.csv
Input Parameters:
  file        = /home/daisy/GRB-Search-Pipeline/results/training/maps/short/adapt_p11-715852394892384_a135-0_293_map.h5
  source_tile = 1770
  slew_rate   = 10
  dwell_time  = 5
  output      = /home/daisy/GRB-Search-Pipeline/results/training/short_searching_5.36x4.5_tiling.csv

source = [78.2841, 135], n_src_events = 844, n_bkg_events = 1028
Loaded 48 entries (unique=48, duplicates=0, missing=49104, out_of_bounds=0, non-finite=0)
Sum(prob) over finite entries = 0.999998
init sum: 0.999998
num pixels: 49152
tile num: 1798
total tile prob: 0.999998
tiles with prob > 0: 5
total tile prob after trim: 0.999998
num tiles after trim: 5
init_pos: 1771
*********running GCP*********
total time (wallclock): 0.0232333 seconds

$ /home/daisy/GRB-Search-Pipeline/search-planning/build/sp_train /home/daisy/GRB-Search-Pipeline/results/training/maps/short/adapt_p11-715852394892384_a135-0_294_map.h5 /home/daisy/GRB-Search-Pipeline/search-planning/tilings/tiling_files/5.36x4.5_tiling.csv 1770 10.0 10.0 5.0 0 /home/daisy/GRB-Search-Pipeline/results/training/short_searching_5.36x4.5_tiling.csv
Input Parameters:
  file        = /home/daisy/GRB-Search-Pipeline/results/training/maps/short/adapt_p11-715852394892384_a135-0_294_map.h5
  source_tile = 1770
  slew_rate   = 10
  dwell_time  = 5
  output      = /home/daisy/GRB-Search-Pipeline/results/training/short_searching_5.36x4.5_tiling.csv

source = [78.2841, 135], n_src_events = 709, n_bkg_events = 340
Loaded 50 entries (unique=50, duplicates=0, missing=49102, out_of_bounds=0, non-finite=0)
Sum(prob) over finite entries = 0.999999
init sum: 0.999999
num pixels: 49152
tile num: 1798
total tile prob: 0.999999
tiles with prob > 0: 5
total tile prob after trim: 0.999999
num tiles after trim: 5
init_pos: 1771
*********running GCP*********
total time (wallclock): 0.0233238 seconds

$ /home/daisy/GRB-Search-Pipeline/search-planning/build/sp_train /home/daisy/GRB-Search-Pipeline/results/training/maps/short/adapt_p11-715852394892384_a135-0_295_map.h5 /home/daisy/GRB-Search-Pipeline/search-planning/tilings/tiling_files/5.36x4.5_tiling.csv 1770 10.0 10.0 5.0 0 /home/daisy/GRB-Search-Pipeline/results/training/short_searching_5.36x4.5_tiling.csv
Input Parameters:
  file        = /home/daisy/GRB-Search-Pipeline/results/training/maps/short/adapt_p11-715852394892384_a135-0_295_map.h5
  source_tile = 1770
  slew_rate   = 10
  dwell_time  = 5
  output      = /home/daisy/GRB-Search-Pipeline/results/training/short_searching_5.36x4.5_tiling.csv

source = [78.2841, 135], n_src_events = 777, n_bkg_events = 179
Loaded 43 entries (unique=43, duplicates=0, missing=49109, out_of_bounds=0, non-finite=0)
Sum(prob) over finite entries = 0.999999
init sum: 0.999999
num pixels: 49152
tile num: 1798
total tile prob: 0.999999
tiles with prob > 0: 5
total tile prob after trim: 0.999999
num tiles after trim: 5
init_pos: 1753
*********running GCP*********
total time (wallclock): 0.0233888 seconds

$ /home/daisy/GRB-Search-Pipeline/search-planning/build/sp_train /home/daisy/GRB-Search-Pipeline/results/training/maps/short/adapt_p11-715852394892384_a135-0_296_map.h5 /home/daisy/GRB-Search-Pipeline/search-planning/tilings/tiling_files/5.36x4.5_tiling.csv 1770 10.0 10.0 5.0 0 /home/daisy/GRB-Search-Pipeline/results/training/short_searching_5.36x4.5_tiling.csv
Input Parameters:
  file        = /home/daisy/GRB-Search-Pipeline/results/training/maps/short/adapt_p11-715852394892384_a135-0_296_map.h5
  source_tile = 1770
  slew_rate   = 10
  dwell_time  = 5
  output      = /home/daisy/GRB-Search-Pipeline/results/training/short_searching_5.36x4.5_tiling.csv

source = [78.2841, 135], n_src_events = 429, n_bkg_events = 831
Loaded 216 entries (unique=216, duplicates=0, missing=48936, out_of_bounds=0, non-finite=0)
Sum(prob) over finite entries = 0.999999
init sum: 0.999999
num pixels: 49152
tile num: 1798
total tile prob: 0.999999
tiles with prob > 0: 15
total tile prob after trim: 0.999999
num tiles after trim: 15
init_pos: 1754
*********running GCP*********
total time (wallclock): 0.0243745 seconds

$ /home/daisy/GRB-Search-Pipeline/search-planning/build/sp_train /home/daisy/GRB-Search-Pipeline/results/training/maps/short/adapt_p11-715852394892384_a135-0_297_map.h5 /home/daisy/GRB-Search-Pipeline/search-planning/tilings/tiling_files/5.36x4.5_tiling.csv 1770 10.0 10.0 5.0 0 /home/daisy/GRB-Search-Pipeline/results/training/short_searching_5.36x4.5_tiling.csv
Input Parameters:
  file        = /home/daisy/GRB-Search-Pipeline/results/training/maps/short/adapt_p11-715852394892384_a135-0_297_map.h5
  source_tile = 1770
  slew_rate   = 10
  dwell_time  = 5
  output      = /home/daisy/GRB-Search-Pipeline/results/training/short_searching_5.36x4.5_tiling.csv

source = [78.2841, 135], n_src_events = 891, n_bkg_events = 1339
Loaded 55 entries (unique=55, duplicates=0, missing=49097, out_of_bounds=0, non-finite=0)
Sum(prob) over finite entries = 0.999998
init sum: 0.999998
num pixels: 49152
tile num: 1798
total tile prob: 0.999998
tiles with prob > 0: 5
total tile prob after trim: 0.999998
num tiles after trim: 5
init_pos: 1771
*********running GCP*********
total time (wallclock): 0.0233619 seconds

$ /home/daisy/GRB-Search-Pipeline/search-planning/build/sp_train /home/daisy/GRB-Search-Pipeline/results/training/maps/short/adapt_p11-715852394892384_a135-0_298_map.h5 /home/daisy/GRB-Search-Pipeline/search-planning/tilings/tiling_files/5.36x4.5_tiling.csv 1770 10.0 10.0 5.0 0 /home/daisy/GRB-Search-Pipeline/results/training/short_searching_5.36x4.5_tiling.csv
Input Parameters:
  file        = /home/daisy/GRB-Search-Pipeline/results/training/maps/short/adapt_p11-715852394892384_a135-0_298_map.h5
  source_tile = 1770
  slew_rate   = 10
  dwell_time  = 5
  output      = /home/daisy/GRB-Search-Pipeline/results/training/short_searching_5.36x4.5_tiling.csv

source = [78.2841, 135], n_src_events = 480, n_bkg_events = 701
Loaded 139 entries (unique=139, duplicates=0, missing=49013, out_of_bounds=0, non-finite=0)
Sum(prob) over finite entries = 0.999999
init sum: 0.999999
num pixels: 49152
tile num: 1798
total tile prob: 0.999999
tiles with prob > 0: 12
total tile prob after trim: 0.999999
num tiles after trim: 12
init_pos: 1769
*********running GCP*********
total time (wallclock): 0.0228054 seconds

$ /home/daisy/GRB-Search-Pipeline/search-planning/build/sp_train /home/daisy/GRB-Search-Pipeline/results/training/maps/short/adapt_p11-715852394892384_a135-0_299_map.h5 /home/daisy/GRB-Search-Pipeline/search-planning/tilings/tiling_files/5.36x4.5_tiling.csv 1770 10.0 10.0 5.0 0 /home/daisy/GRB-Search-Pipeline/results/training/short_searching_5.36x4.5_tiling.csv
Input Parameters:
  file        = /home/daisy/GRB-Search-Pipeline/results/training/maps/short/adapt_p11-715852394892384_a135-0_299_map.h5
  source_tile = 1770
  slew_rate   = 10
  dwell_time  = 5
  output      = /home/daisy/GRB-Search-Pipeline/results/training/short_searching_5.36x4.5_tiling.csv

source = [78.2841, 135], n_src_events = 337, n_bkg_events = 1205
Loaded 181 entries (unique=181, duplicates=0, missing=48971, out_of_bounds=0, non-finite=0)
Sum(prob) over finite entries = 0.999999
init sum: 0.999999
num pixels: 49152
tile num: 1798
total tile prob: 0.999999
tiles with prob > 0: 14
total tile prob after trim: 0.999999
num tiles after trim: 14
init_pos: 1785
*********running GCP*********
total time (wallclock): 0.0243723 seconds

$ /home/daisy/GRB-Search-Pipeline/search-planning/build/sp_train /home/daisy/GRB-Search-Pipeline/results/training/maps/short/adapt_p11-715852394892384_a135-0_29_map.h5 /home/daisy/GRB-Search-Pipeline/search-planning/tilings/tiling_files/5.36x4.5_tiling.csv 1770 10.0 10.0 5.0 0 /home/daisy/GRB-Search-Pipeline/results/training/short_searching_5.36x4.5_tiling.csv
Input Parameters:
  file        = /home/daisy/GRB-Search-Pipeline/results/training/maps/short/adapt_p11-715852394892384_a135-0_29_map.h5
  source_tile = 1770
  slew_rate   = 10
  dwell_time  = 5
  output      = /home/daisy/GRB-Search-Pipeline/results/training/short_searching_5.36x4.5_tiling.csv

source = [78.2841, 135], n_src_events = 599, n_bkg_events = 196
Loaded 56 entries (unique=56, duplicates=0, missing=49096, out_of_bounds=0, non-finite=0)
Sum(prob) over finite entries = 0.999999
init sum: 0.999999
num pixels: 49152
tile num: 1798
total tile prob: 0.999999
tiles with prob > 0: 5
total tile prob after trim: 0.999999
num tiles after trim: 5
init_pos: 1752
*********running GCP*********
total time (wallclock): 0.0222004 seconds

$ /home/daisy/GRB-Search-Pipeline/search-planning/build/sp_train /home/daisy/GRB-Search-Pipeline/results/training/maps/short/adapt_p11-715852394892384_a135-0_2_map.h5 /home/daisy/GRB-Search-Pipeline/search-planning/tilings/tiling_files/5.36x4.5_tiling.csv 1770 10.0 10.0 5.0 0 /home/daisy/GRB-Search-Pipeline/results/training/short_searching_5.36x4.5_tiling.csv
Input Parameters:
  file        = /home/daisy/GRB-Search-Pipeline/results/training/maps/short/adapt_p11-715852394892384_a135-0_2_map.h5
  source_tile = 1770
  slew_rate   = 10
  dwell_time  = 5
  output      = /home/daisy/GRB-Search-Pipeline/results/training/short_searching_5.36x4.5_tiling.csv

source = [78.2841, 135], n_src_events = 834, n_bkg_events = 445
Loaded 50 entries (unique=50, duplicates=0, missing=49102, out_of_bounds=0, non-finite=0)
Sum(prob) over finite entries = 1
init sum: 1
num pixels: 49152
tile num: 1798
total tile prob: 1
tiles with prob > 0: 5
total tile prob after trim: 1
num tiles after trim: 5
init_pos: 1771
*********running GCP*********
total time (wallclock): 0.0233772 seconds

$ /home/daisy/GRB-Search-Pipeline/search-planning/build/sp_train /home/daisy/GRB-Search-Pipeline/results/training/maps/short/adapt_p11-715852394892384_a135-0_300_map.h5 /home/daisy/GRB-Search-Pipeline/search-planning/tilings/tiling_files/5.36x4.5_tiling.csv 1770 10.0 10.0 5.0 0 /home/daisy/GRB-Search-Pipeline/results/training/short_searching_5.36x4.5_tiling.csv
Input Parameters:
  file        = /home/daisy/GRB-Search-Pipeline/results/training/maps/short/adapt_p11-715852394892384_a135-0_300_map.h5
  source_tile = 1770
  slew_rate   = 10
  dwell_time  = 5
  output      = /home/daisy/GRB-Search-Pipeline/results/training/short_searching_5.36x4.5_tiling.csv

source = [78.2841, 135], n_src_events = 621, n_bkg_events = 519
Loaded 84 entries (unique=84, duplicates=0, missing=49068, out_of_bounds=0, non-finite=0)
Sum(prob) over finite entries = 0.999998
init sum: 0.999998
num pixels: 49152
tile num: 1798
total tile prob: 0.999998
tiles with prob > 0: 7
total tile prob after trim: 0.999998
num tiles after trim: 7
init_pos: 1771
*********running GCP*********
total time (wallclock): 0.0230448 seconds

$ /home/daisy/GRB-Search-Pipeline/search-planning/build/sp_train /home/daisy/GRB-Search-Pipeline/results/training/maps/short/adapt_p11-715852394892384_a135-0_301_map.h5 /home/daisy/GRB-Search-Pipeline/search-planning/tilings/tiling_files/5.36x4.5_tiling.csv 1770 10.0 10.0 5.0 0 /home/daisy/GRB-Search-Pipeline/results/training/short_searching_5.36x4.5_tiling.csv
Input Parameters:
  file        = /home/daisy/GRB-Search-Pipeline/results/training/maps/short/adapt_p11-715852394892384_a135-0_301_map.h5
  source_tile = 1770
  slew_rate   = 10
  dwell_time  = 5
  output      = /home/daisy/GRB-Search-Pipeline/results/training/short_searching_5.36x4.5_tiling.csv

source = [78.2841, 135], n_src_events = 788, n_bkg_events = 655
Loaded 54 entries (unique=54, duplicates=0, missing=49098, out_of_bounds=0, non-finite=0)
Sum(prob) over finite entries = 0.999999
init sum: 0.999999
num pixels: 49152
tile num: 1798
total tile prob: 0.999999
tiles with prob > 0: 7
total tile prob after trim: 0.999999
num tiles after trim: 7
init_pos: 1770
*********running GCP*********
total time (wallclock): 0.0218612 seconds

$ /home/daisy/GRB-Search-Pipeline/search-planning/build/sp_train /home/daisy/GRB-Search-Pipeline/results/training/maps/short/adapt_p11-715852394892384_a135-0_302_map.h5 /home/daisy/GRB-Search-Pipeline/search-planning/tilings/tiling_files/5.36x4.5_tiling.csv 1770 10.0 10.0 5.0 0 /home/daisy/GRB-Search-Pipeline/results/training/short_searching_5.36x4.5_tiling.csv
Input Parameters:
  file        = /home/daisy/GRB-Search-Pipeline/results/training/maps/short/adapt_p11-715852394892384_a135-0_302_map.h5
  source_tile = 1770
  slew_rate   = 10
  dwell_time  = 5
  output      = /home/daisy/GRB-Search-Pipeline/results/training/short_searching_5.36x4.5_tiling.csv

source = [78.2841, 135], n_src_events = 629, n_bkg_events = 1704
Loaded 113 entries (unique=113, duplicates=0, missing=49039, out_of_bounds=0, non-finite=0)
Sum(prob) over finite entries = 0.999999
init sum: 0.999999
num pixels: 49152
tile num: 1798
total tile prob: 0.999999
tiles with prob > 0: 10
total tile prob after trim: 0.999999
num tiles after trim: 10
init_pos: 1770
*********running GCP*********
total time (wallclock): 0.0220881 seconds

$ /home/daisy/GRB-Search-Pipeline/search-planning/build/sp_train /home/daisy/GRB-Search-Pipeline/results/training/maps/short/adapt_p11-715852394892384_a135-0_303_map.h5 /home/daisy/GRB-Search-Pipeline/search-planning/tilings/tiling_files/5.36x4.5_tiling.csv 1770 10.0 10.0 5.0 0 /home/daisy/GRB-Search-Pipeline/results/training/short_searching_5.36x4.5_tiling.csv
Input Parameters:
  file        = /home/daisy/GRB-Search-Pipeline/results/training/maps/short/adapt_p11-715852394892384_a135-0_303_map.h5
  source_tile = 1770
  slew_rate   = 10
  dwell_time  = 5
  output      = /home/daisy/GRB-Search-Pipeline/results/training/short_searching_5.36x4.5_tiling.csv

source = [78.2841, 135], n_src_events = 468, n_bkg_events = 1263
Loaded 122 entries (unique=122, duplicates=0, missing=49030, out_of_bounds=0, non-finite=0)
Sum(prob) over finite entries = 0.999998
init sum: 0.999998
num pixels: 49152
tile num: 1798
total tile prob: 0.999998
tiles with prob > 0: 9
total tile prob after trim: 0.999998
num tiles after trim: 9
init_pos: 1771
*********running GCP*********
total time (wallclock): 0.0243229 seconds

$ /home/daisy/GRB-Search-Pipeline/search-planning/build/sp_train /home/daisy/GRB-Search-Pipeline/results/training/maps/short/adapt_p11-715852394892384_a135-0_304_map.h5 /home/daisy/GRB-Search-Pipeline/search-planning/tilings/tiling_files/5.36x4.5_tiling.csv 1770 10.0 10.0 5.0 0 /home/daisy/GRB-Search-Pipeline/results/training/short_searching_5.36x4.5_tiling.csv
Input Parameters:
  file        = /home/daisy/GRB-Search-Pipeline/results/training/maps/short/adapt_p11-715852394892384_a135-0_304_map.h5
  source_tile = 1770
  slew_rate   = 10
  dwell_time  = 5
  output      = /home/daisy/GRB-Search-Pipeline/results/training/short_searching_5.36x4.5_tiling.csv

source = [78.2841, 135], n_src_events = 688, n_bkg_events = 1593
Loaded 109 entries (unique=109, duplicates=0, missing=49043, out_of_bounds=0, non-finite=0)
Sum(prob) over finite entries = 0.999999
init sum: 0.999999
num pixels: 49152
tile num: 1798
total tile prob: 0.999999
tiles with prob > 0: 10
total tile prob after trim: 0.999999
num tiles after trim: 10
init_pos: 1772
*********running GCP*********
total time (wallclock): 0.0228617 seconds

$ /home/daisy/GRB-Search-Pipeline/search-planning/build/sp_train /home/daisy/GRB-Search-Pipeline/results/training/maps/short/adapt_p11-715852394892384_a135-0_305_map.h5 /home/daisy/GRB-Search-Pipeline/search-planning/tilings/tiling_files/5.36x4.5_tiling.csv 1770 10.0 10.0 5.0 0 /home/daisy/GRB-Search-Pipeline/results/training/short_searching_5.36x4.5_tiling.csv
Input Parameters:
  file        = /home/daisy/GRB-Search-Pipeline/results/training/maps/short/adapt_p11-715852394892384_a135-0_305_map.h5
  source_tile = 1770
  slew_rate   = 10
  dwell_time  = 5
  output      = /home/daisy/GRB-Search-Pipeline/results/training/short_searching_5.36x4.5_tiling.csv

source = [78.2841, 135], n_src_events = 531, n_bkg_events = 1671
Loaded 108 entries (unique=108, duplicates=0, missing=49044, out_of_bounds=0, non-finite=0)
Sum(prob) over finite entries = 0.999999
init sum: 0.999999
num pixels: 49152
tile num: 1798
total tile prob: 0.999999
tiles with prob > 0: 9
total tile prob after trim: 0.999999
num tiles after trim: 9
init_pos: 1769
*********running GCP*********
total time (wallclock): 0.0223259 seconds

$ /home/daisy/GRB-Search-Pipeline/search-planning/build/sp_train /home/daisy/GRB-Search-Pipeline/results/training/maps/short/adapt_p11-715852394892384_a135-0_306_map.h5 /home/daisy/GRB-Search-Pipeline/search-planning/tilings/tiling_files/5.36x4.5_tiling.csv 1770 10.0 10.0 5.0 0 /home/daisy/GRB-Search-Pipeline/results/training/short_searching_5.36x4.5_tiling.csv
Input Parameters:
  file        = /home/daisy/GRB-Search-Pipeline/results/training/maps/short/adapt_p11-715852394892384_a135-0_306_map.h5
  source_tile = 1770
  slew_rate   = 10
  dwell_time  = 5
  output      = /home/daisy/GRB-Search-Pipeline/results/training/short_searching_5.36x4.5_tiling.csv

source = [78.2841, 135], n_src_events = 556, n_bkg_events = 1274
Loaded 110 entries (unique=110, duplicates=0, missing=49042, out_of_bounds=0, non-finite=0)
Sum(prob) over finite entries = 0.999999
init sum: 0.999999
num pixels: 49152
tile num: 1798
total tile prob: 0.999999
tiles with prob > 0: 9
total tile prob after trim: 0.999999
num tiles after trim: 9
init_pos: 1770
*********running GCP*********
total time (wallclock): 0.0217636 seconds

$ /home/daisy/GRB-Search-Pipeline/search-planning/build/sp_train /home/daisy/GRB-Search-Pipeline/results/training/maps/short/adapt_p11-715852394892384_a135-0_307_map.h5 /home/daisy/GRB-Search-Pipeline/search-planning/tilings/tiling_files/5.36x4.5_tiling.csv 1770 10.0 10.0 5.0 0 /home/daisy/GRB-Search-Pipeline/results/training/short_searching_5.36x4.5_tiling.csv
Input Parameters:
  file        = /home/daisy/GRB-Search-Pipeline/results/training/maps/short/adapt_p11-715852394892384_a135-0_307_map.h5
  source_tile = 1770
  slew_rate   = 10
  dwell_time  = 5
  output      = /home/daisy/GRB-Search-Pipeline/results/training/short_searching_5.36x4.5_tiling.csv

source = [78.2841, 135], n_src_events = 302, n_bkg_events = 1605
Loaded 304 entries (unique=304, duplicates=0, missing=48848, out_of_bounds=0, non-finite=0)
Sum(prob) over finite entries = 0.999998
init sum: 0.999998
num pixels: 49152
tile num: 1798
total tile prob: 0.999998
tiles with prob > 0: 18
total tile prob after trim: 0.999998
num tiles after trim: 18
init_pos: 1725
*********running GCP*********
total time (wallclock): 0.0244881 seconds

$ /home/daisy/GRB-Search-Pipeline/search-planning/build/sp_train /home/daisy/GRB-Search-Pipeline/results/training/maps/short/adapt_p11-715852394892384_a135-0_308_map.h5 /home/daisy/GRB-Search-Pipeline/search-planning/tilings/tiling_files/5.36x4.5_tiling.csv 1770 10.0 10.0 5.0 0 /home/daisy/GRB-Search-Pipeline/results/training/short_searching_5.36x4.5_tiling.csv
Input Parameters:
  file        = /home/daisy/GRB-Search-Pipeline/results/training/maps/short/adapt_p11-715852394892384_a135-0_308_map.h5
  source_tile = 1770
  slew_rate   = 10
  dwell_time  = 5
  output      = /home/daisy/GRB-Search-Pipeline/results/training/short_searching_5.36x4.5_tiling.csv

source = [78.2841, 135], n_src_events = 621, n_bkg_events = 1478
Loaded 139 entries (unique=139, duplicates=0, missing=49013, out_of_bounds=0, non-finite=0)
Sum(prob) over finite entries = 0.999998
init sum: 0.999998
num pixels: 49152
tile num: 1798
total tile prob: 0.999998
tiles with prob > 0: 9
total tile prob after trim: 0.999998
num tiles after trim: 9
init_pos: 1750
*********running GCP*********
total time (wallclock): 0.0225484 seconds

$ /home/daisy/GRB-Search-Pipeline/search-planning/build/sp_train /home/daisy/GRB-Search-Pipeline/results/training/maps/short/adapt_p11-715852394892384_a135-0_309_map.h5 /home/daisy/GRB-Search-Pipeline/search-planning/tilings/tiling_files/5.36x4.5_tiling.csv 1770 10.0 10.0 5.0 0 /home/daisy/GRB-Search-Pipeline/results/training/short_searching_5.36x4.5_tiling.csv
Input Parameters:
  file        = /home/daisy/GRB-Search-Pipeline/results/training/maps/short/adapt_p11-715852394892384_a135-0_309_map.h5
  source_tile = 1770
  slew_rate   = 10
  dwell_time  = 5
  output      = /home/daisy/GRB-Search-Pipeline/results/training/short_searching_5.36x4.5_tiling.csv

source = [78.2841, 135], n_src_events = 127, n_bkg_events = 596
Loaded 368 entries (unique=368, duplicates=0, missing=48784, out_of_bounds=0, non-finite=0)
Sum(prob) over finite entries = 0.999996
init sum: 0.999996
num pixels: 49152
tile num: 1798
total tile prob: 0.999996
tiles with prob > 0: 27
total tile prob after trim: 0.999996
num tiles after trim: 27
init_pos: 1725
*********running GCP*********
total time (wallclock): 0.023114 seconds

$ /home/daisy/GRB-Search-Pipeline/search-planning/build/sp_train /home/daisy/GRB-Search-Pipeline/results/training/maps/short/adapt_p11-715852394892384_a135-0_30_map.h5 /home/daisy/GRB-Search-Pipeline/search-planning/tilings/tiling_files/5.36x4.5_tiling.csv 1770 10.0 10.0 5.0 0 /home/daisy/GRB-Search-Pipeline/results/training/short_searching_5.36x4.5_tiling.csv
Input Parameters:
  file        = /home/daisy/GRB-Search-Pipeline/results/training/maps/short/adapt_p11-715852394892384_a135-0_30_map.h5
  source_tile = 1770
  slew_rate   = 10
  dwell_time  = 5
  output      = /home/daisy/GRB-Search-Pipeline/results/training/short_searching_5.36x4.5_tiling.csv

source = [78.2841, 135], n_src_events = 93, n_bkg_events = 618
Loaded 3603 entries (unique=3603, duplicates=0, missing=45549, out_of_bounds=0, non-finite=0)
Sum(prob) over finite entries = 0.999993
init sum: 0.999993
num pixels: 49152
tile num: 1798
total tile prob: 0.999993
tiles with prob > 0: 182
total tile prob after trim: 0.999993
num tiles after trim: 182
init_pos: 1395
*********running GCP*********
total time (wallclock): 0.0843979 seconds

$ /home/daisy/GRB-Search-Pipeline/search-planning/build/sp_train /home/daisy/GRB-Search-Pipeline/results/training/maps/short/adapt_p11-715852394892384_a135-0_310_map.h5 /home/daisy/GRB-Search-Pipeline/search-planning/tilings/tiling_files/5.36x4.5_tiling.csv 1770 10.0 10.0 5.0 0 /home/daisy/GRB-Search-Pipeline/results/training/short_searching_5.36x4.5_tiling.csv
Input Parameters:
  file        = /home/daisy/GRB-Search-Pipeline/results/training/maps/short/adapt_p11-715852394892384_a135-0_310_map.h5
  source_tile = 1770
  slew_rate   = 10
  dwell_time  = 5
  output      = /home/daisy/GRB-Search-Pipeline/results/training/short_searching_5.36x4.5_tiling.csv

source = [78.2841, 135], n_src_events = 511, n_bkg_events = 517
Loaded 90 entries (unique=90, duplicates=0, missing=49062, out_of_bounds=0, non-finite=0)
Sum(prob) over finite entries = 0.999998
init sum: 0.999998
num pixels: 49152
tile num: 1798
total tile prob: 0.999998
tiles with prob > 0: 8
total tile prob after trim: 0.999998
num tiles after trim: 8
init_pos: 1770
*********running GCP*********
total time (wallclock): 0.0224815 seconds

$ /home/daisy/GRB-Search-Pipeline/search-planning/build/sp_train /home/daisy/GRB-Search-Pipeline/results/training/maps/short/adapt_p11-715852394892384_a135-0_311_map.h5 /home/daisy/GRB-Search-Pipeline/search-planning/tilings/tiling_files/5.36x4.5_tiling.csv 1770 10.0 10.0 5.0 0 /home/daisy/GRB-Search-Pipeline/results/training/short_searching_5.36x4.5_tiling.csv
Input Parameters:
  file        = /home/daisy/GRB-Search-Pipeline/results/training/maps/short/adapt_p11-715852394892384_a135-0_311_map.h5
  source_tile = 1770
  slew_rate   = 10
  dwell_time  = 5
  output      = /home/daisy/GRB-Search-Pipeline/results/training/short_searching_5.36x4.5_tiling.csv

source = [78.2841, 135], n_src_events = 691, n_bkg_events = 1446
Loaded 80 entries (unique=80, duplicates=0, missing=49072, out_of_bounds=0, non-finite=0)
Sum(prob) over finite entries = 0.999999
init sum: 0.999999
num pixels: 49152
tile num: 1798
total tile prob: 0.999999
tiles with prob > 0: 6
total tile prob after trim: 0.999999
num tiles after trim: 6
init_pos: 1771
*********running GCP*********
total time (wallclock): 0.0233094 seconds

$ /home/daisy/GRB-Search-Pipeline/search-planning/build/sp_train /home/daisy/GRB-Search-Pipeline/results/training/maps/short/adapt_p11-715852394892384_a135-0_312_map.h5 /home/daisy/GRB-Search-Pipeline/search-planning/tilings/tiling_files/5.36x4.5_tiling.csv 1770 10.0 10.0 5.0 0 /home/daisy/GRB-Search-Pipeline/results/training/short_searching_5.36x4.5_tiling.csv
Input Parameters:
  file        = /home/daisy/GRB-Search-Pipeline/results/training/maps/short/adapt_p11-715852394892384_a135-0_312_map.h5
  source_tile = 1770
  slew_rate   = 10
  dwell_time  = 5
  output      = /home/daisy/GRB-Search-Pipeline/results/training/short_searching_5.36x4.5_tiling.csv

source = [78.2841, 135], n_src_events = 422, n_bkg_events = 858
Loaded 116 entries (unique=116, duplicates=0, missing=49036, out_of_bounds=0, non-finite=0)
Sum(prob) over finite entries = 0.999998
init sum: 0.999998
num pixels: 49152
tile num: 1798
total tile prob: 0.999998
tiles with prob > 0: 9
total tile prob after trim: 0.999998
num tiles after trim: 9
init_pos: 1751
*********running GCP*********
total time (wallclock): 0.0241602 seconds

$ /home/daisy/GRB-Search-Pipeline/search-planning/build/sp_train /home/daisy/GRB-Search-Pipeline/results/training/maps/short/adapt_p11-715852394892384_a135-0_313_map.h5 /home/daisy/GRB-Search-Pipeline/search-planning/tilings/tiling_files/5.36x4.5_tiling.csv 1770 10.0 10.0 5.0 0 /home/daisy/GRB-Search-Pipeline/results/training/short_searching_5.36x4.5_tiling.csv
Input Parameters:
  file        = /home/daisy/GRB-Search-Pipeline/results/training/maps/short/adapt_p11-715852394892384_a135-0_313_map.h5
  source_tile = 1770
  slew_rate   = 10
  dwell_time  = 5
  output      = /home/daisy/GRB-Search-Pipeline/results/training/short_searching_5.36x4.5_tiling.csv

source = [78.2841, 135], n_src_events = 434, n_bkg_events = 487
Loaded 124 entries (unique=124, duplicates=0, missing=49028, out_of_bounds=0, non-finite=0)
Sum(prob) over finite entries = 0.999999
init sum: 0.999999
num pixels: 49152
tile num: 1798
total tile prob: 0.999999
tiles with prob > 0: 11
total tile prob after trim: 0.999999
num tiles after trim: 11
init_pos: 1786
*********running GCP*********
total time (wallclock): 0.0232788 seconds

$ /home/daisy/GRB-Search-Pipeline/search-planning/build/sp_train /home/daisy/GRB-Search-Pipeline/results/training/maps/short/adapt_p11-715852394892384_a135-0_314_map.h5 /home/daisy/GRB-Search-Pipeline/search-planning/tilings/tiling_files/5.36x4.5_tiling.csv 1770 10.0 10.0 5.0 0 /home/daisy/GRB-Search-Pipeline/results/training/short_searching_5.36x4.5_tiling.csv
Input Parameters:
  file        = /home/daisy/GRB-Search-Pipeline/results/training/maps/short/adapt_p11-715852394892384_a135-0_314_map.h5
  source_tile = 1770
  slew_rate   = 10
  dwell_time  = 5
  output      = /home/daisy/GRB-Search-Pipeline/results/training/short_searching_5.36x4.5_tiling.csv

source = [78.2841, 135], n_src_events = 273, n_bkg_events = 931
Loaded 285 entries (unique=285, duplicates=0, missing=48867, out_of_bounds=0, non-finite=0)
Sum(prob) over finite entries = 0.999998
init sum: 0.999998
num pixels: 49152
tile num: 1798
total tile prob: 0.999998
tiles with prob > 0: 21
total tile prob after trim: 0.999998
num tiles after trim: 21
init_pos: 1753
*********running GCP*********
total time (wallclock): 0.0227478 seconds

$ /home/daisy/GRB-Search-Pipeline/search-planning/build/sp_train /home/daisy/GRB-Search-Pipeline/results/training/maps/short/adapt_p11-715852394892384_a135-0_315_map.h5 /home/daisy/GRB-Search-Pipeline/search-planning/tilings/tiling_files/5.36x4.5_tiling.csv 1770 10.0 10.0 5.0 0 /home/daisy/GRB-Search-Pipeline/results/training/short_searching_5.36x4.5_tiling.csv
Input Parameters:
  file        = /home/daisy/GRB-Search-Pipeline/results/training/maps/short/adapt_p11-715852394892384_a135-0_315_map.h5
  source_tile = 1770
  slew_rate   = 10
  dwell_time  = 5
  output      = /home/daisy/GRB-Search-Pipeline/results/training/short_searching_5.36x4.5_tiling.csv

source = [78.2841, 135], n_src_events = 239, n_bkg_events = 1765
Loaded 464 entries (unique=464, duplicates=0, missing=48688, out_of_bounds=0, non-finite=0)
Sum(prob) over finite entries = 0.999998
init sum: 0.999998
num pixels: 49152
tile num: 1798
total tile prob: 0.999998
tiles with prob > 0: 32
total tile prob after trim: 0.999998
num tiles after trim: 32
init_pos: 1727
*********running GCP*********
total time (wallclock): 0.0227302 seconds

$ /home/daisy/GRB-Search-Pipeline/search-planning/build/sp_train /home/daisy/GRB-Search-Pipeline/results/training/maps/short/adapt_p11-715852394892384_a135-0_316_map.h5 /home/daisy/GRB-Search-Pipeline/search-planning/tilings/tiling_files/5.36x4.5_tiling.csv 1770 10.0 10.0 5.0 0 /home/daisy/GRB-Search-Pipeline/results/training/short_searching_5.36x4.5_tiling.csv
Input Parameters:
  file        = /home/daisy/GRB-Search-Pipeline/results/training/maps/short/adapt_p11-715852394892384_a135-0_316_map.h5
  source_tile = 1770
  slew_rate   = 10
  dwell_time  = 5
  output      = /home/daisy/GRB-Search-Pipeline/results/training/short_searching_5.36x4.5_tiling.csv

source = [78.2841, 135], n_src_events = 584, n_bkg_events = 1002
Loaded 125 entries (unique=125, duplicates=0, missing=49027, out_of_bounds=0, non-finite=0)
Sum(prob) over finite entries = 0.999998
init sum: 0.999998
num pixels: 49152
tile num: 1798
total tile prob: 0.999998
tiles with prob > 0: 11
total tile prob after trim: 0.999998
num tiles after trim: 11
init_pos: 1771
*********running GCP*********
total time (wallclock): 0.0233395 seconds

$ /home/daisy/GRB-Search-Pipeline/search-planning/build/sp_train /home/daisy/GRB-Search-Pipeline/results/training/maps/short/adapt_p11-715852394892384_a135-0_317_map.h5 /home/daisy/GRB-Search-Pipeline/search-planning/tilings/tiling_files/5.36x4.5_tiling.csv 1770 10.0 10.0 5.0 0 /home/daisy/GRB-Search-Pipeline/results/training/short_searching_5.36x4.5_tiling.csv
Input Parameters:
  file        = /home/daisy/GRB-Search-Pipeline/results/training/maps/short/adapt_p11-715852394892384_a135-0_317_map.h5
  source_tile = 1770
  slew_rate   = 10
  dwell_time  = 5
  output      = /home/daisy/GRB-Search-Pipeline/results/training/short_searching_5.36x4.5_tiling.csv

source = [78.2841, 135], n_src_events = 141, n_bkg_events = 722
Loaded 858 entries (unique=858, duplicates=0, missing=48294, out_of_bounds=0, non-finite=0)
Sum(prob) over finite entries = 0.999997
init sum: 0.999997
num pixels: 49152
tile num: 1798
total tile prob: 0.999997
tiles with prob > 0: 49
total tile prob after trim: 0.999997
num tiles after trim: 49
init_pos: 1667
*********running GCP*********
total time (wallclock): 0.0500652 seconds

$ /home/daisy/GRB-Search-Pipeline/search-planning/build/sp_train /home/daisy/GRB-Search-Pipeline/results/training/maps/short/adapt_p11-715852394892384_a135-0_318_map.h5 /home/daisy/GRB-Search-Pipeline/search-planning/tilings/tiling_files/5.36x4.5_tiling.csv 1770 10.0 10.0 5.0 0 /home/daisy/GRB-Search-Pipeline/results/training/short_searching_5.36x4.5_tiling.csv
Input Parameters:
  file        = /home/daisy/GRB-Search-Pipeline/results/training/maps/short/adapt_p11-715852394892384_a135-0_318_map.h5
  source_tile = 1770
  slew_rate   = 10
  dwell_time  = 5
  output      = /home/daisy/GRB-Search-Pipeline/results/training/short_searching_5.36x4.5_tiling.csv

source = [78.2841, 135], n_src_events = 474, n_bkg_events = 1793
Loaded 246 entries (unique=246, duplicates=0, missing=48906, out_of_bounds=0, non-finite=0)
Sum(prob) over finite entries = 0.999997
init sum: 0.999997
num pixels: 49152
tile num: 1798
total tile prob: 0.999997
tiles with prob > 0: 17
total tile prob after trim: 0.999997
num tiles after trim: 17
init_pos: 1770
*********running GCP*********
total time (wallclock): 0.0217878 seconds

$ /home/daisy/GRB-Search-Pipeline/search-planning/build/sp_train /home/daisy/GRB-Search-Pipeline/results/training/maps/short/adapt_p11-715852394892384_a135-0_319_map.h5 /home/daisy/GRB-Search-Pipeline/search-planning/tilings/tiling_files/5.36x4.5_tiling.csv 1770 10.0 10.0 5.0 0 /home/daisy/GRB-Search-Pipeline/results/training/short_searching_5.36x4.5_tiling.csv
Input Parameters:
  file        = /home/daisy/GRB-Search-Pipeline/results/training/maps/short/adapt_p11-715852394892384_a135-0_319_map.h5
  source_tile = 1770
  slew_rate   = 10
  dwell_time  = 5
  output      = /home/daisy/GRB-Search-Pipeline/results/training/short_searching_5.36x4.5_tiling.csv

source = [78.2841, 135], n_src_events = 534, n_bkg_events = 652
Loaded 96 entries (unique=96, duplicates=0, missing=49056, out_of_bounds=0, non-finite=0)
Sum(prob) over finite entries = 0.999998
init sum: 0.999998
num pixels: 49152
tile num: 1798
total tile prob: 0.999998
tiles with prob > 0: 9
total tile prob after trim: 0.999998
num tiles after trim: 9
init_pos: 1751
*********running GCP*********
total time (wallclock): 0.0234226 seconds

$ /home/daisy/GRB-Search-Pipeline/search-planning/build/sp_train /home/daisy/GRB-Search-Pipeline/results/training/maps/short/adapt_p11-715852394892384_a135-0_31_map.h5 /home/daisy/GRB-Search-Pipeline/search-planning/tilings/tiling_files/5.36x4.5_tiling.csv 1770 10.0 10.0 5.0 0 /home/daisy/GRB-Search-Pipeline/results/training/short_searching_5.36x4.5_tiling.csv
Input Parameters:
  file        = /home/daisy/GRB-Search-Pipeline/results/training/maps/short/adapt_p11-715852394892384_a135-0_31_map.h5
  source_tile = 1770
  slew_rate   = 10
  dwell_time  = 5
  output      = /home/daisy/GRB-Search-Pipeline/results/training/short_searching_5.36x4.5_tiling.csv

source = [78.2841, 135], n_src_events = 270, n_bkg_events = 1010
Loaded 585 entries (unique=585, duplicates=0, missing=48567, out_of_bounds=0, non-finite=0)
Sum(prob) over finite entries = 0.999998
init sum: 0.999998
num pixels: 49152
tile num: 1798
total tile prob: 0.999998
tiles with prob > 0: 38
total tile prob after trim: 0.999998
num tiles after trim: 38
init_pos: 1726
*********running GCP*********
total time (wallclock): 0.0246839 seconds

$ /home/daisy/GRB-Search-Pipeline/search-planning/build/sp_train /home/daisy/GRB-Search-Pipeline/results/training/maps/short/adapt_p11-715852394892384_a135-0_320_map.h5 /home/daisy/GRB-Search-Pipeline/search-planning/tilings/tiling_files/5.36x4.5_tiling.csv 1770 10.0 10.0 5.0 0 /home/daisy/GRB-Search-Pipeline/results/training/short_searching_5.36x4.5_tiling.csv
Input Parameters:
  file        = /home/daisy/GRB-Search-Pipeline/results/training/maps/short/adapt_p11-715852394892384_a135-0_320_map.h5
  source_tile = 1770
  slew_rate   = 10
  dwell_time  = 5
  output      = /home/daisy/GRB-Search-Pipeline/results/training/short_searching_5.36x4.5_tiling.csv

source = [78.2841, 135], n_src_events = 738, n_bkg_events = 731
Loaded 56 entries (unique=56, duplicates=0, missing=49096, out_of_bounds=0, non-finite=0)
Sum(prob) over finite entries = 0.999998
init sum: 0.999998
num pixels: 49152
tile num: 1798
total tile prob: 0.999998
tiles with prob > 0: 6
total tile prob after trim: 0.999998
num tiles after trim: 6
init_pos: 1770
*********running GCP*********
total time (wallclock): 0.0220835 seconds

$ /home/daisy/GRB-Search-Pipeline/search-planning/build/sp_train /home/daisy/GRB-Search-Pipeline/results/training/maps/short/adapt_p11-715852394892384_a135-0_321_map.h5 /home/daisy/GRB-Search-Pipeline/search-planning/tilings/tiling_files/5.36x4.5_tiling.csv 1770 10.0 10.0 5.0 0 /home/daisy/GRB-Search-Pipeline/results/training/short_searching_5.36x4.5_tiling.csv
Input Parameters:
  file        = /home/daisy/GRB-Search-Pipeline/results/training/maps/short/adapt_p11-715852394892384_a135-0_321_map.h5
  source_tile = 1770
  slew_rate   = 10
  dwell_time  = 5
  output      = /home/daisy/GRB-Search-Pipeline/results/training/short_searching_5.36x4.5_tiling.csv

source = [78.2841, 135], n_src_events = 846, n_bkg_events = 127
Loaded 67 entries (unique=67, duplicates=0, missing=49085, out_of_bounds=0, non-finite=0)
Sum(prob) over finite entries = 0.999998
init sum: 0.999998
num pixels: 49152
tile num: 1798
total tile prob: 0.999998
tiles with prob > 0: 8
total tile prob after trim: 0.999998
num tiles after trim: 8
init_pos: 1752
*********running GCP*********
total time (wallclock): 0.0223724 seconds

$ /home/daisy/GRB-Search-Pipeline/search-planning/build/sp_train /home/daisy/GRB-Search-Pipeline/results/training/maps/short/adapt_p11-715852394892384_a135-0_322_map.h5 /home/daisy/GRB-Search-Pipeline/search-planning/tilings/tiling_files/5.36x4.5_tiling.csv 1770 10.0 10.0 5.0 0 /home/daisy/GRB-Search-Pipeline/results/training/short_searching_5.36x4.5_tiling.csv
Input Parameters:
  file        = /home/daisy/GRB-Search-Pipeline/results/training/maps/short/adapt_p11-715852394892384_a135-0_322_map.h5
  source_tile = 1770
  slew_rate   = 10
  dwell_time  = 5
  output      = /home/daisy/GRB-Search-Pipeline/results/training/short_searching_5.36x4.5_tiling.csv

source = [78.2841, 135], n_src_events = 695, n_bkg_events = 1412
Loaded 78 entries (unique=78, duplicates=0, missing=49074, out_of_bounds=0, non-finite=0)
Sum(prob) over finite entries = 0.999998
init sum: 0.999998
num pixels: 49152
tile num: 1798
total tile prob: 0.999998
tiles with prob > 0: 7
total tile prob after trim: 0.999998
num tiles after trim: 7
init_pos: 1770
*********running GCP*********
total time (wallclock): 0.0219135 seconds

$ /home/daisy/GRB-Search-Pipeline/search-planning/build/sp_train /home/daisy/GRB-Search-Pipeline/results/training/maps/short/adapt_p11-715852394892384_a135-0_323_map.h5 /home/daisy/GRB-Search-Pipeline/search-planning/tilings/tiling_files/5.36x4.5_tiling.csv 1770 10.0 10.0 5.0 0 /home/daisy/GRB-Search-Pipeline/results/training/short_searching_5.36x4.5_tiling.csv
Input Parameters:
  file        = /home/daisy/GRB-Search-Pipeline/results/training/maps/short/adapt_p11-715852394892384_a135-0_323_map.h5
  source_tile = 1770
  slew_rate   = 10
  dwell_time  = 5
  output      = /home/daisy/GRB-Search-Pipeline/results/training/short_searching_5.36x4.5_tiling.csv

source = [78.2841, 135], n_src_events = 107, n_bkg_events = 859
Loaded 1634 entries (unique=1634, duplicates=0, missing=47518, out_of_bounds=0, non-finite=0)
Sum(prob) over finite entries = 0.999995
init sum: 0.999995
num pixels: 49152
tile num: 1798
total tile prob: 0.999995
tiles with prob > 0: 87
total tile prob after trim: 0.999995
num tiles after trim: 87
init_pos: 1724
*********running GCP*********
total time (wallclock): 0.0234791 seconds

$ /home/daisy/GRB-Search-Pipeline/search-planning/build/sp_train /home/daisy/GRB-Search-Pipeline/results/training/maps/short/adapt_p11-715852394892384_a135-0_324_map.h5 /home/daisy/GRB-Search-Pipeline/search-planning/tilings/tiling_files/5.36x4.5_tiling.csv 1770 10.0 10.0 5.0 0 /home/daisy/GRB-Search-Pipeline/results/training/short_searching_5.36x4.5_tiling.csv
Input Parameters:
  file        = /home/daisy/GRB-Search-Pipeline/results/training/maps/short/adapt_p11-715852394892384_a135-0_324_map.h5
  source_tile = 1770
  slew_rate   = 10
  dwell_time  = 5
  output      = /home/daisy/GRB-Search-Pipeline/results/training/short_searching_5.36x4.5_tiling.csv

source = [78.2841, 135], n_src_events = 754, n_bkg_events = 1298
Loaded 64 entries (unique=64, duplicates=0, missing=49088, out_of_bounds=0, non-finite=0)
Sum(prob) over finite entries = 0.999999
init sum: 0.999999
num pixels: 49152
tile num: 1798
total tile prob: 0.999999
tiles with prob > 0: 5
total tile prob after trim: 0.999999
num tiles after trim: 5
init_pos: 1753
*********running GCP*********
total time (wallclock): 0.02298 seconds

$ /home/daisy/GRB-Search-Pipeline/search-planning/build/sp_train /home/daisy/GRB-Search-Pipeline/results/training/maps/short/adapt_p11-715852394892384_a135-0_325_map.h5 /home/daisy/GRB-Search-Pipeline/search-planning/tilings/tiling_files/5.36x4.5_tiling.csv 1770 10.0 10.0 5.0 0 /home/daisy/GRB-Search-Pipeline/results/training/short_searching_5.36x4.5_tiling.csv
Input Parameters:
  file        = /home/daisy/GRB-Search-Pipeline/results/training/maps/short/adapt_p11-715852394892384_a135-0_325_map.h5
  source_tile = 1770
  slew_rate   = 10
  dwell_time  = 5
  output      = /home/daisy/GRB-Search-Pipeline/results/training/short_searching_5.36x4.5_tiling.csv

source = [78.2841, 135], n_src_events = 809, n_bkg_events = 178
Loaded 50 entries (unique=50, duplicates=0, missing=49102, out_of_bounds=0, non-finite=0)
Sum(prob) over finite entries = 0.999999
init sum: 0.999999
num pixels: 49152
tile num: 1798
total tile prob: 0.999999
tiles with prob > 0: 6
total tile prob after trim: 0.999999
num tiles after trim: 6
init_pos: 1770
*********running GCP*********
total time (wallclock): 0.0221678 seconds

$ /home/daisy/GRB-Search-Pipeline/search-planning/build/sp_train /home/daisy/GRB-Search-Pipeline/results/training/maps/short/adapt_p11-715852394892384_a135-0_326_map.h5 /home/daisy/GRB-Search-Pipeline/search-planning/tilings/tiling_files/5.36x4.5_tiling.csv 1770 10.0 10.0 5.0 0 /home/daisy/GRB-Search-Pipeline/results/training/short_searching_5.36x4.5_tiling.csv
Input Parameters:
  file        = /home/daisy/GRB-Search-Pipeline/results/training/maps/short/adapt_p11-715852394892384_a135-0_326_map.h5
  source_tile = 1770
  slew_rate   = 10
  dwell_time  = 5
  output      = /home/daisy/GRB-Search-Pipeline/results/training/short_searching_5.36x4.5_tiling.csv

source = [78.2841, 135], n_src_events = 349, n_bkg_events = 1728
Loaded 276 entries (unique=276, duplicates=0, missing=48876, out_of_bounds=0, non-finite=0)
Sum(prob) over finite entries = 0.999997
init sum: 0.999997
num pixels: 49152
tile num: 1798
total tile prob: 0.999997
tiles with prob > 0: 18
total tile prob after trim: 0.999997
num tiles after trim: 18
init_pos: 1773
*********running GCP*********
total time (wallclock): 0.0236445 seconds

$ /home/daisy/GRB-Search-Pipeline/search-planning/build/sp_train /home/daisy/GRB-Search-Pipeline/results/training/maps/short/adapt_p11-715852394892384_a135-0_327_map.h5 /home/daisy/GRB-Search-Pipeline/search-planning/tilings/tiling_files/5.36x4.5_tiling.csv 1770 10.0 10.0 5.0 0 /home/daisy/GRB-Search-Pipeline/results/training/short_searching_5.36x4.5_tiling.csv
Input Parameters:
  file        = /home/daisy/GRB-Search-Pipeline/results/training/maps/short/adapt_p11-715852394892384_a135-0_327_map.h5
  source_tile = 1770
  slew_rate   = 10
  dwell_time  = 5
  output      = /home/daisy/GRB-Search-Pipeline/results/training/short_searching_5.36x4.5_tiling.csv

source = [78.2841, 135], n_src_events = 355, n_bkg_events = 1276
Loaded 241 entries (unique=241, duplicates=0, missing=48911, out_of_bounds=0, non-finite=0)
Sum(prob) over finite entries = 0.999999
init sum: 0.999999
num pixels: 49152
tile num: 1798
total tile prob: 0.999999
tiles with prob > 0: 16
total tile prob after trim: 0.999999
num tiles after trim: 16
init_pos: 1753
*********running GCP*********
total time (wallclock): 0.0221582 seconds

$ /home/daisy/GRB-Search-Pipeline/search-planning/build/sp_train /home/daisy/GRB-Search-Pipeline/results/training/maps/short/adapt_p11-715852394892384_a135-0_328_map.h5 /home/daisy/GRB-Search-Pipeline/search-planning/tilings/tiling_files/5.36x4.5_tiling.csv 1770 10.0 10.0 5.0 0 /home/daisy/GRB-Search-Pipeline/results/training/short_searching_5.36x4.5_tiling.csv
Input Parameters:
  file        = /home/daisy/GRB-Search-Pipeline/results/training/maps/short/adapt_p11-715852394892384_a135-0_328_map.h5
  source_tile = 1770
  slew_rate   = 10
  dwell_time  = 5
  output      = /home/daisy/GRB-Search-Pipeline/results/training/short_searching_5.36x4.5_tiling.csv

source = [78.2841, 135], n_src_events = 555, n_bkg_events = 1807
Loaded 154 entries (unique=154, duplicates=0, missing=48998, out_of_bounds=0, non-finite=0)
Sum(prob) over finite entries = 0.999998
init sum: 0.999998
num pixels: 49152
tile num: 1798
total tile prob: 0.999998
tiles with prob > 0: 12
total tile prob after trim: 0.999998
num tiles after trim: 12
init_pos: 1752
*********running GCP*********
total time (wallclock): 0.0224577 seconds

$ /home/daisy/GRB-Search-Pipeline/search-planning/build/sp_train /home/daisy/GRB-Search-Pipeline/results/training/maps/short/adapt_p11-715852394892384_a135-0_329_map.h5 /home/daisy/GRB-Search-Pipeline/search-planning/tilings/tiling_files/5.36x4.5_tiling.csv 1770 10.0 10.0 5.0 0 /home/daisy/GRB-Search-Pipeline/results/training/short_searching_5.36x4.5_tiling.csv
Input Parameters:
  file        = /home/daisy/GRB-Search-Pipeline/results/training/maps/short/adapt_p11-715852394892384_a135-0_329_map.h5
  source_tile = 1770
  slew_rate   = 10
  dwell_time  = 5
  output      = /home/daisy/GRB-Search-Pipeline/results/training/short_searching_5.36x4.5_tiling.csv

source = [78.2841, 135], n_src_events = 91, n_bkg_events = 436
Loaded 2207 entries (unique=2207, duplicates=0, missing=46945, out_of_bounds=0, non-finite=0)
Sum(prob) over finite entries = 0.999993
init sum: 0.999993
num pixels: 49152
tile num: 1798
total tile prob: 0.999993
tiles with prob > 0: 108
total tile prob after trim: 0.999993
num tiles after trim: 108
init_pos: 1732
*********running GCP*********
total time (wallclock): 0.0647089 seconds

$ /home/daisy/GRB-Search-Pipeline/search-planning/build/sp_train /home/daisy/GRB-Search-Pipeline/results/training/maps/short/adapt_p11-715852394892384_a135-0_32_map.h5 /home/daisy/GRB-Search-Pipeline/search-planning/tilings/tiling_files/5.36x4.5_tiling.csv 1770 10.0 10.0 5.0 0 /home/daisy/GRB-Search-Pipeline/results/training/short_searching_5.36x4.5_tiling.csv
Input Parameters:
  file        = /home/daisy/GRB-Search-Pipeline/results/training/maps/short/adapt_p11-715852394892384_a135-0_32_map.h5
  source_tile = 1770
  slew_rate   = 10
  dwell_time  = 5
  output      = /home/daisy/GRB-Search-Pipeline/results/training/short_searching_5.36x4.5_tiling.csv

source = [78.2841, 135], n_src_events = 695, n_bkg_events = 1131
Loaded 98 entries (unique=98, duplicates=0, missing=49054, out_of_bounds=0, non-finite=0)
Sum(prob) over finite entries = 0.999998
init sum: 0.999998
num pixels: 49152
tile num: 1798
total tile prob: 0.999998
tiles with prob > 0: 8
total tile prob after trim: 0.999998
num tiles after trim: 8
init_pos: 1770
*********running GCP*********
total time (wallclock): 0.0222028 seconds

$ /home/daisy/GRB-Search-Pipeline/search-planning/build/sp_train /home/daisy/GRB-Search-Pipeline/results/training/maps/short/adapt_p11-715852394892384_a135-0_330_map.h5 /home/daisy/GRB-Search-Pipeline/search-planning/tilings/tiling_files/5.36x4.5_tiling.csv 1770 10.0 10.0 5.0 0 /home/daisy/GRB-Search-Pipeline/results/training/short_searching_5.36x4.5_tiling.csv
Input Parameters:
  file        = /home/daisy/GRB-Search-Pipeline/results/training/maps/short/adapt_p11-715852394892384_a135-0_330_map.h5
  source_tile = 1770
  slew_rate   = 10
  dwell_time  = 5
  output      = /home/daisy/GRB-Search-Pipeline/results/training/short_searching_5.36x4.5_tiling.csv

source = [78.2841, 135], n_src_events = 707, n_bkg_events = 1297
Loaded 100 entries (unique=100, duplicates=0, missing=49052, out_of_bounds=0, non-finite=0)
Sum(prob) over finite entries = 0.999999
init sum: 0.999999
num pixels: 49152
tile num: 1798
total tile prob: 0.999999
tiles with prob > 0: 9
total tile prob after trim: 0.999999
num tiles after trim: 9
init_pos: 1771
*********running GCP*********
total time (wallclock): 0.022493 seconds

$ /home/daisy/GRB-Search-Pipeline/search-planning/build/sp_train /home/daisy/GRB-Search-Pipeline/results/training/maps/short/adapt_p11-715852394892384_a135-0_331_map.h5 /home/daisy/GRB-Search-Pipeline/search-planning/tilings/tiling_files/5.36x4.5_tiling.csv 1770 10.0 10.0 5.0 0 /home/daisy/GRB-Search-Pipeline/results/training/short_searching_5.36x4.5_tiling.csv
Input Parameters:
  file        = /home/daisy/GRB-Search-Pipeline/results/training/maps/short/adapt_p11-715852394892384_a135-0_331_map.h5
  source_tile = 1770
  slew_rate   = 10
  dwell_time  = 5
  output      = /home/daisy/GRB-Search-Pipeline/results/training/short_searching_5.36x4.5_tiling.csv

source = [78.2841, 135], n_src_events = 379, n_bkg_events = 1461
Loaded 246 entries (unique=246, duplicates=0, missing=48906, out_of_bounds=0, non-finite=0)
Sum(prob) over finite entries = 0.999998
init sum: 0.999998
num pixels: 49152
tile num: 1798
total tile prob: 0.999998
tiles with prob > 0: 19
total tile prob after trim: 0.999998
num tiles after trim: 19
init_pos: 1771
*********running GCP*********
total time (wallclock): 0.0234683 seconds

$ /home/daisy/GRB-Search-Pipeline/search-planning/build/sp_train /home/daisy/GRB-Search-Pipeline/results/training/maps/short/adapt_p11-715852394892384_a135-0_332_map.h5 /home/daisy/GRB-Search-Pipeline/search-planning/tilings/tiling_files/5.36x4.5_tiling.csv 1770 10.0 10.0 5.0 0 /home/daisy/GRB-Search-Pipeline/results/training/short_searching_5.36x4.5_tiling.csv
Input Parameters:
  file        = /home/daisy/GRB-Search-Pipeline/results/training/maps/short/adapt_p11-715852394892384_a135-0_332_map.h5
  source_tile = 1770
  slew_rate   = 10
  dwell_time  = 5
  output      = /home/daisy/GRB-Search-Pipeline/results/training/short_searching_5.36x4.5_tiling.csv

source = [78.2841, 135], n_src_events = 674, n_bkg_events = 1128
Loaded 73 entries (unique=73, duplicates=0, missing=49079, out_of_bounds=0, non-finite=0)
Sum(prob) over finite entries = 0.999998
init sum: 0.999998
num pixels: 49152
tile num: 1798
total tile prob: 0.999998
tiles with prob > 0: 7
total tile prob after trim: 0.999998
num tiles after trim: 7
init_pos: 1751
*********running GCP*********
total time (wallclock): 0.0225658 seconds

$ /home/daisy/GRB-Search-Pipeline/search-planning/build/sp_train /home/daisy/GRB-Search-Pipeline/results/training/maps/short/adapt_p11-715852394892384_a135-0_333_map.h5 /home/daisy/GRB-Search-Pipeline/search-planning/tilings/tiling_files/5.36x4.5_tiling.csv 1770 10.0 10.0 5.0 0 /home/daisy/GRB-Search-Pipeline/results/training/short_searching_5.36x4.5_tiling.csv
Input Parameters:
  file        = /home/daisy/GRB-Search-Pipeline/results/training/maps/short/adapt_p11-715852394892384_a135-0_333_map.h5
  source_tile = 1770
  slew_rate   = 10
  dwell_time  = 5
  output      = /home/daisy/GRB-Search-Pipeline/results/training/short_searching_5.36x4.5_tiling.csv

source = [78.2841, 135], n_src_events = 470, n_bkg_events = 124
Loaded 87 entries (unique=87, duplicates=0, missing=49065, out_of_bounds=0, non-finite=0)
Sum(prob) over finite entries = 0.999998
init sum: 0.999998
num pixels: 49152
tile num: 1798
total tile prob: 0.999998
tiles with prob > 0: 7
total tile prob after trim: 0.999998
num tiles after trim: 7
init_pos: 1770
*********running GCP*********
total time (wallclock): 0.0218676 seconds

$ /home/daisy/GRB-Search-Pipeline/search-planning/build/sp_train /home/daisy/GRB-Search-Pipeline/results/training/maps/short/adapt_p11-715852394892384_a135-0_334_map.h5 /home/daisy/GRB-Search-Pipeline/search-planning/tilings/tiling_files/5.36x4.5_tiling.csv 1770 10.0 10.0 5.0 0 /home/daisy/GRB-Search-Pipeline/results/training/short_searching_5.36x4.5_tiling.csv
Input Parameters:
  file        = /home/daisy/GRB-Search-Pipeline/results/training/maps/short/adapt_p11-715852394892384_a135-0_334_map.h5
  source_tile = 1770
  slew_rate   = 10
  dwell_time  = 5
  output      = /home/daisy/GRB-Search-Pipeline/results/training/short_searching_5.36x4.5_tiling.csv

source = [78.2841, 135], n_src_events = 120, n_bkg_events = 1260
Loaded 3664 entries (unique=3664, duplicates=0, missing=45488, out_of_bounds=0, non-finite=0)
Sum(prob) over finite entries = 0.999983
init sum: 0.999983
num pixels: 49152
tile num: 1798
total tile prob: 0.999983
tiles with prob > 0: 191
total tile prob after trim: 0.999983
num tiles after trim: 191
init_pos: 1267
*********running GCP*********
total time (wallclock): 0.0330968 seconds

$ /home/daisy/GRB-Search-Pipeline/search-planning/build/sp_train /home/daisy/GRB-Search-Pipeline/results/training/maps/short/adapt_p11-715852394892384_a135-0_335_map.h5 /home/daisy/GRB-Search-Pipeline/search-planning/tilings/tiling_files/5.36x4.5_tiling.csv 1770 10.0 10.0 5.0 0 /home/daisy/GRB-Search-Pipeline/results/training/short_searching_5.36x4.5_tiling.csv
Input Parameters:
  file        = /home/daisy/GRB-Search-Pipeline/results/training/maps/short/adapt_p11-715852394892384_a135-0_335_map.h5
  source_tile = 1770
  slew_rate   = 10
  dwell_time  = 5
  output      = /home/daisy/GRB-Search-Pipeline/results/training/short_searching_5.36x4.5_tiling.csv

source = [78.2841, 135], n_src_events = 667, n_bkg_events = 1729
Loaded 86 entries (unique=86, duplicates=0, missing=49066, out_of_bounds=0, non-finite=0)
Sum(prob) over finite entries = 0.999999
init sum: 0.999999
num pixels: 49152
tile num: 1798
total tile prob: 0.999999
tiles with prob > 0: 9
total tile prob after trim: 0.999999
num tiles after trim: 9
init_pos: 1753
*********running GCP*********
total time (wallclock): 0.0233144 seconds

$ /home/daisy/GRB-Search-Pipeline/search-planning/build/sp_train /home/daisy/GRB-Search-Pipeline/results/training/maps/short/adapt_p11-715852394892384_a135-0_336_map.h5 /home/daisy/GRB-Search-Pipeline/search-planning/tilings/tiling_files/5.36x4.5_tiling.csv 1770 10.0 10.0 5.0 0 /home/daisy/GRB-Search-Pipeline/results/training/short_searching_5.36x4.5_tiling.csv
Input Parameters:
  file        = /home/daisy/GRB-Search-Pipeline/results/training/maps/short/adapt_p11-715852394892384_a135-0_336_map.h5
  source_tile = 1770
  slew_rate   = 10
  dwell_time  = 5
  output      = /home/daisy/GRB-Search-Pipeline/results/training/short_searching_5.36x4.5_tiling.csv

source = [78.2841, 135], n_src_events = 377, n_bkg_events = 299
Loaded 114 entries (unique=114, duplicates=0, missing=49038, out_of_bounds=0, non-finite=0)
Sum(prob) over finite entries = 0.999998
init sum: 0.999998
num pixels: 49152
tile num: 1798
total tile prob: 0.999998
tiles with prob > 0: 11
total tile prob after trim: 0.999998
num tiles after trim: 11
init_pos: 1771
*********running GCP*********
total time (wallclock): 0.0228797 seconds

$ /home/daisy/GRB-Search-Pipeline/search-planning/build/sp_train /home/daisy/GRB-Search-Pipeline/results/training/maps/short/adapt_p11-715852394892384_a135-0_337_map.h5 /home/daisy/GRB-Search-Pipeline/search-planning/tilings/tiling_files/5.36x4.5_tiling.csv 1770 10.0 10.0 5.0 0 /home/daisy/GRB-Search-Pipeline/results/training/short_searching_5.36x4.5_tiling.csv
Input Parameters:
  file        = /home/daisy/GRB-Search-Pipeline/results/training/maps/short/adapt_p11-715852394892384_a135-0_337_map.h5
  source_tile = 1770
  slew_rate   = 10
  dwell_time  = 5
  output      = /home/daisy/GRB-Search-Pipeline/results/training/short_searching_5.36x4.5_tiling.csv

source = [78.2841, 135], n_src_events = 146, n_bkg_events = 919
Loaded 1225 entries (unique=1225, duplicates=0, missing=47927, out_of_bounds=0, non-finite=0)
Sum(prob) over finite entries = 0.999997
init sum: 0.999997
num pixels: 49152
tile num: 1798
total tile prob: 0.999997
tiles with prob > 0: 68
total tile prob after trim: 0.999997
num tiles after trim: 68
init_pos: 1767
*********running GCP*********
total time (wallclock): 0.0241935 seconds

$ /home/daisy/GRB-Search-Pipeline/search-planning/build/sp_train /home/daisy/GRB-Search-Pipeline/results/training/maps/short/adapt_p11-715852394892384_a135-0_338_map.h5 /home/daisy/GRB-Search-Pipeline/search-planning/tilings/tiling_files/5.36x4.5_tiling.csv 1770 10.0 10.0 5.0 0 /home/daisy/GRB-Search-Pipeline/results/training/short_searching_5.36x4.5_tiling.csv
Input Parameters:
  file        = /home/daisy/GRB-Search-Pipeline/results/training/maps/short/adapt_p11-715852394892384_a135-0_338_map.h5
  source_tile = 1770
  slew_rate   = 10
  dwell_time  = 5
  output      = /home/daisy/GRB-Search-Pipeline/results/training/short_searching_5.36x4.5_tiling.csv

source = [78.2841, 135], n_src_events = 770, n_bkg_events = 1537
Loaded 57 entries (unique=57, duplicates=0, missing=49095, out_of_bounds=0, non-finite=0)
Sum(prob) over finite entries = 0.999999
init sum: 0.999999
num pixels: 49152
tile num: 1798
total tile prob: 0.999999
tiles with prob > 0: 5
total tile prob after trim: 0.999999
num tiles after trim: 5
init_pos: 1771
*********running GCP*********
total time (wallclock): 0.0231914 seconds

$ /home/daisy/GRB-Search-Pipeline/search-planning/build/sp_train /home/daisy/GRB-Search-Pipeline/results/training/maps/short/adapt_p11-715852394892384_a135-0_339_map.h5 /home/daisy/GRB-Search-Pipeline/search-planning/tilings/tiling_files/5.36x4.5_tiling.csv 1770 10.0 10.0 5.0 0 /home/daisy/GRB-Search-Pipeline/results/training/short_searching_5.36x4.5_tiling.csv
Input Parameters:
  file        = /home/daisy/GRB-Search-Pipeline/results/training/maps/short/adapt_p11-715852394892384_a135-0_339_map.h5
  source_tile = 1770
  slew_rate   = 10
  dwell_time  = 5
  output      = /home/daisy/GRB-Search-Pipeline/results/training/short_searching_5.36x4.5_tiling.csv

source = [78.2841, 135], n_src_events = 304, n_bkg_events = 1258
Loaded 331 entries (unique=331, duplicates=0, missing=48821, out_of_bounds=0, non-finite=0)
Sum(prob) over finite entries = 0.999999
init sum: 0.999999
num pixels: 49152
tile num: 1798
total tile prob: 0.999999
tiles with prob > 0: 20
total tile prob after trim: 0.999999
num tiles after trim: 20
init_pos: 1750
*********running GCP*********
total time (wallclock): 0.0234248 seconds

$ /home/daisy/GRB-Search-Pipeline/search-planning/build/sp_train /home/daisy/GRB-Search-Pipeline/results/training/maps/short/adapt_p11-715852394892384_a135-0_33_map.h5 /home/daisy/GRB-Search-Pipeline/search-planning/tilings/tiling_files/5.36x4.5_tiling.csv 1770 10.0 10.0 5.0 0 /home/daisy/GRB-Search-Pipeline/results/training/short_searching_5.36x4.5_tiling.csv
Input Parameters:
  file        = /home/daisy/GRB-Search-Pipeline/results/training/maps/short/adapt_p11-715852394892384_a135-0_33_map.h5
  source_tile = 1770
  slew_rate   = 10
  dwell_time  = 5
  output      = /home/daisy/GRB-Search-Pipeline/results/training/short_searching_5.36x4.5_tiling.csv

source = [78.2841, 135], n_src_events = 558, n_bkg_events = 344
Loaded 67 entries (unique=67, duplicates=0, missing=49085, out_of_bounds=0, non-finite=0)
Sum(prob) over finite entries = 0.999998
init sum: 0.999998
num pixels: 49152
tile num: 1798
total tile prob: 0.999998
tiles with prob > 0: 5
total tile prob after trim: 0.999998
num tiles after trim: 5
init_pos: 1771
*********running GCP*********
total time (wallclock): 0.0232968 seconds

$ /home/daisy/GRB-Search-Pipeline/search-planning/build/sp_train /home/daisy/GRB-Search-Pipeline/results/training/maps/short/adapt_p11-715852394892384_a135-0_340_map.h5 /home/daisy/GRB-Search-Pipeline/search-planning/tilings/tiling_files/5.36x4.5_tiling.csv 1770 10.0 10.0 5.0 0 /home/daisy/GRB-Search-Pipeline/results/training/short_searching_5.36x4.5_tiling.csv
Input Parameters:
  file        = /home/daisy/GRB-Search-Pipeline/results/training/maps/short/adapt_p11-715852394892384_a135-0_340_map.h5
  source_tile = 1770
  slew_rate   = 10
  dwell_time  = 5
  output      = /home/daisy/GRB-Search-Pipeline/results/training/short_searching_5.36x4.5_tiling.csv

source = [78.2841, 135], n_src_events = 572, n_bkg_events = 309
Loaded 79 entries (unique=79, duplicates=0, missing=49073, out_of_bounds=0, non-finite=0)
Sum(prob) over finite entries = 0.999999
init sum: 0.999999
num pixels: 49152
tile num: 1798
total tile prob: 0.999999
tiles with prob > 0: 8
total tile prob after trim: 0.999999
num tiles after trim: 8
init_pos: 1752
*********running GCP*********
total time (wallclock): 0.023001 seconds

$ /home/daisy/GRB-Search-Pipeline/search-planning/build/sp_train /home/daisy/GRB-Search-Pipeline/results/training/maps/short/adapt_p11-715852394892384_a135-0_341_map.h5 /home/daisy/GRB-Search-Pipeline/search-planning/tilings/tiling_files/5.36x4.5_tiling.csv 1770 10.0 10.0 5.0 0 /home/daisy/GRB-Search-Pipeline/results/training/short_searching_5.36x4.5_tiling.csv
Input Parameters:
  file        = /home/daisy/GRB-Search-Pipeline/results/training/maps/short/adapt_p11-715852394892384_a135-0_341_map.h5
  source_tile = 1770
  slew_rate   = 10
  dwell_time  = 5
  output      = /home/daisy/GRB-Search-Pipeline/results/training/short_searching_5.36x4.5_tiling.csv

source = [78.2841, 135], n_src_events = 711, n_bkg_events = 870
Loaded 60 entries (unique=60, duplicates=0, missing=49092, out_of_bounds=0, non-finite=0)
Sum(prob) over finite entries = 0.999999
init sum: 0.999999
num pixels: 49152
tile num: 1798
total tile prob: 0.999999
tiles with prob > 0: 5
total tile prob after trim: 0.999999
num tiles after trim: 5
init_pos: 1770
*********running GCP*********
total time (wallclock): 0.0221143 seconds

$ /home/daisy/GRB-Search-Pipeline/search-planning/build/sp_train /home/daisy/GRB-Search-Pipeline/results/training/maps/short/adapt_p11-715852394892384_a135-0_342_map.h5 /home/daisy/GRB-Search-Pipeline/search-planning/tilings/tiling_files/5.36x4.5_tiling.csv 1770 10.0 10.0 5.0 0 /home/daisy/GRB-Search-Pipeline/results/training/short_searching_5.36x4.5_tiling.csv
Input Parameters:
  file        = /home/daisy/GRB-Search-Pipeline/results/training/maps/short/adapt_p11-715852394892384_a135-0_342_map.h5
  source_tile = 1770
  slew_rate   = 10
  dwell_time  = 5
  output      = /home/daisy/GRB-Search-Pipeline/results/training/short_searching_5.36x4.5_tiling.csv

source = [78.2841, 135], n_src_events = 519, n_bkg_events = 1850
Loaded 149 entries (unique=149, duplicates=0, missing=49003, out_of_bounds=0, non-finite=0)
Sum(prob) over finite entries = 0.999999
init sum: 0.999999
num pixels: 49152
tile num: 1798
total tile prob: 0.999999
tiles with prob > 0: 10
total tile prob after trim: 0.999999
num tiles after trim: 10
init_pos: 1770
*********running GCP*********
total time (wallclock): 0.0222342 seconds

$ /home/daisy/GRB-Search-Pipeline/search-planning/build/sp_train /home/daisy/GRB-Search-Pipeline/results/training/maps/short/adapt_p11-715852394892384_a135-0_343_map.h5 /home/daisy/GRB-Search-Pipeline/search-planning/tilings/tiling_files/5.36x4.5_tiling.csv 1770 10.0 10.0 5.0 0 /home/daisy/GRB-Search-Pipeline/results/training/short_searching_5.36x4.5_tiling.csv
Input Parameters:
  file        = /home/daisy/GRB-Search-Pipeline/results/training/maps/short/adapt_p11-715852394892384_a135-0_343_map.h5
  source_tile = 1770
  slew_rate   = 10
  dwell_time  = 5
  output      = /home/daisy/GRB-Search-Pipeline/results/training/short_searching_5.36x4.5_tiling.csv

source = [78.2841, 135], n_src_events = 345, n_bkg_events = 897
Loaded 343 entries (unique=343, duplicates=0, missing=48809, out_of_bounds=0, non-finite=0)
Sum(prob) over finite entries = 0.999998
init sum: 0.999998
num pixels: 49152
tile num: 1798
total tile prob: 0.999998
tiles with prob > 0: 22
total tile prob after trim: 0.999998
num tiles after trim: 22
init_pos: 1770
*********running GCP*********
total time (wallclock): 0.0222547 seconds

$ /home/daisy/GRB-Search-Pipeline/search-planning/build/sp_train /home/daisy/GRB-Search-Pipeline/results/training/maps/short/adapt_p11-715852394892384_a135-0_344_map.h5 /home/daisy/GRB-Search-Pipeline/search-planning/tilings/tiling_files/5.36x4.5_tiling.csv 1770 10.0 10.0 5.0 0 /home/daisy/GRB-Search-Pipeline/results/training/short_searching_5.36x4.5_tiling.csv
Input Parameters:
  file        = /home/daisy/GRB-Search-Pipeline/results/training/maps/short/adapt_p11-715852394892384_a135-0_344_map.h5
  source_tile = 1770
  slew_rate   = 10
  dwell_time  = 5
  output      = /home/daisy/GRB-Search-Pipeline/results/training/short_searching_5.36x4.5_tiling.csv

source = [78.2841, 135], n_src_events = 466, n_bkg_events = 1675
Loaded 144 entries (unique=144, duplicates=0, missing=49008, out_of_bounds=0, non-finite=0)
Sum(prob) over finite entries = 0.999999
init sum: 0.999999
num pixels: 49152
tile num: 1798
total tile prob: 0.999999
tiles with prob > 0: 12
total tile prob after trim: 0.999999
num tiles after trim: 12
init_pos: 1770
*********running GCP*********
total time (wallclock): 0.0221782 seconds

$ /home/daisy/GRB-Search-Pipeline/search-planning/build/sp_train /home/daisy/GRB-Search-Pipeline/results/training/maps/short/adapt_p11-715852394892384_a135-0_345_map.h5 /home/daisy/GRB-Search-Pipeline/search-planning/tilings/tiling_files/5.36x4.5_tiling.csv 1770 10.0 10.0 5.0 0 /home/daisy/GRB-Search-Pipeline/results/training/short_searching_5.36x4.5_tiling.csv
Input Parameters:
  file        = /home/daisy/GRB-Search-Pipeline/results/training/maps/short/adapt_p11-715852394892384_a135-0_345_map.h5
  source_tile = 1770
  slew_rate   = 10
  dwell_time  = 5
  output      = /home/daisy/GRB-Search-Pipeline/results/training/short_searching_5.36x4.5_tiling.csv

source = [78.2841, 135], n_src_events = 120, n_bkg_events = 1496
Loaded 989 entries (unique=989, duplicates=0, missing=48163, out_of_bounds=0, non-finite=0)
Sum(prob) over finite entries = 0.999994
init sum: 0.999994
num pixels: 49152
tile num: 1798
total tile prob: 0.999994
tiles with prob > 0: 52
total tile prob after trim: 0.999994
num tiles after trim: 52
init_pos: 1696
*********running GCP*********
total time (wallclock): 0.0258391 seconds

$ /home/daisy/GRB-Search-Pipeline/search-planning/build/sp_train /home/daisy/GRB-Search-Pipeline/results/training/maps/short/adapt_p11-715852394892384_a135-0_346_map.h5 /home/daisy/GRB-Search-Pipeline/search-planning/tilings/tiling_files/5.36x4.5_tiling.csv 1770 10.0 10.0 5.0 0 /home/daisy/GRB-Search-Pipeline/results/training/short_searching_5.36x4.5_tiling.csv
Input Parameters:
  file        = /home/daisy/GRB-Search-Pipeline/results/training/maps/short/adapt_p11-715852394892384_a135-0_346_map.h5
  source_tile = 1770
  slew_rate   = 10
  dwell_time  = 5
  output      = /home/daisy/GRB-Search-Pipeline/results/training/short_searching_5.36x4.5_tiling.csv

source = [78.2841, 135], n_src_events = 390, n_bkg_events = 1274
Loaded 219 entries (unique=219, duplicates=0, missing=48933, out_of_bounds=0, non-finite=0)
Sum(prob) over finite entries = 0.999998
init sum: 0.999998
num pixels: 49152
tile num: 1798
total tile prob: 0.999998
tiles with prob > 0: 18
total tile prob after trim: 0.999998
num tiles after trim: 18
init_pos: 1772
*********running GCP*********
total time (wallclock): 0.023599 seconds

$ /home/daisy/GRB-Search-Pipeline/search-planning/build/sp_train /home/daisy/GRB-Search-Pipeline/results/training/maps/short/adapt_p11-715852394892384_a135-0_347_map.h5 /home/daisy/GRB-Search-Pipeline/search-planning/tilings/tiling_files/5.36x4.5_tiling.csv 1770 10.0 10.0 5.0 0 /home/daisy/GRB-Search-Pipeline/results/training/short_searching_5.36x4.5_tiling.csv
Input Parameters:
  file        = /home/daisy/GRB-Search-Pipeline/results/training/maps/short/adapt_p11-715852394892384_a135-0_347_map.h5
  source_tile = 1770
  slew_rate   = 10
  dwell_time  = 5
  output      = /home/daisy/GRB-Search-Pipeline/results/training/short_searching_5.36x4.5_tiling.csv

source = [78.2841, 135], n_src_events = 737, n_bkg_events = 1249
Loaded 74 entries (unique=74, duplicates=0, missing=49078, out_of_bounds=0, non-finite=0)
Sum(prob) over finite entries = 0.999999
init sum: 0.999999
num pixels: 49152
tile num: 1798
total tile prob: 0.999999
tiles with prob > 0: 7
total tile prob after trim: 0.999999
num tiles after trim: 7
init_pos: 1770
*********running GCP*********
total time (wallclock): 0.0218248 seconds

$ /home/daisy/GRB-Search-Pipeline/search-planning/build/sp_train /home/daisy/GRB-Search-Pipeline/results/training/maps/short/adapt_p11-715852394892384_a135-0_348_map.h5 /home/daisy/GRB-Search-Pipeline/search-planning/tilings/tiling_files/5.36x4.5_tiling.csv 1770 10.0 10.0 5.0 0 /home/daisy/GRB-Search-Pipeline/results/training/short_searching_5.36x4.5_tiling.csv
Input Parameters:
  file        = /home/daisy/GRB-Search-Pipeline/results/training/maps/short/adapt_p11-715852394892384_a135-0_348_map.h5
  source_tile = 1770
  slew_rate   = 10
  dwell_time  = 5
  output      = /home/daisy/GRB-Search-Pipeline/results/training/short_searching_5.36x4.5_tiling.csv

source = [78.2841, 135], n_src_events = 512, n_bkg_events = 1158
Loaded 139 entries (unique=139, duplicates=0, missing=49013, out_of_bounds=0, non-finite=0)
Sum(prob) over finite entries = 0.999998
init sum: 0.999998
num pixels: 49152
tile num: 1798
total tile prob: 0.999998
tiles with prob > 0: 12
total tile prob after trim: 0.999998
num tiles after trim: 12
init_pos: 1751
*********running GCP*********
total time (wallclock): 0.0224889 seconds

$ /home/daisy/GRB-Search-Pipeline/search-planning/build/sp_train /home/daisy/GRB-Search-Pipeline/results/training/maps/short/adapt_p11-715852394892384_a135-0_349_map.h5 /home/daisy/GRB-Search-Pipeline/search-planning/tilings/tiling_files/5.36x4.5_tiling.csv 1770 10.0 10.0 5.0 0 /home/daisy/GRB-Search-Pipeline/results/training/short_searching_5.36x4.5_tiling.csv
Input Parameters:
  file        = /home/daisy/GRB-Search-Pipeline/results/training/maps/short/adapt_p11-715852394892384_a135-0_349_map.h5
  source_tile = 1770
  slew_rate   = 10
  dwell_time  = 5
  output      = /home/daisy/GRB-Search-Pipeline/results/training/short_searching_5.36x4.5_tiling.csv

source = [78.2841, 135], n_src_events = 826, n_bkg_events = 1460
Loaded 69 entries (unique=69, duplicates=0, missing=49083, out_of_bounds=0, non-finite=0)
Sum(prob) over finite entries = 0.999999
init sum: 0.999999
num pixels: 49152
tile num: 1798
total tile prob: 0.999999
tiles with prob > 0: 8
total tile prob after trim: 0.999999
num tiles after trim: 8
init_pos: 1752
*********running GCP*********
total time (wallclock): 0.022911 seconds

$ /home/daisy/GRB-Search-Pipeline/search-planning/build/sp_train /home/daisy/GRB-Search-Pipeline/results/training/maps/short/adapt_p11-715852394892384_a135-0_34_map.h5 /home/daisy/GRB-Search-Pipeline/search-planning/tilings/tiling_files/5.36x4.5_tiling.csv 1770 10.0 10.0 5.0 0 /home/daisy/GRB-Search-Pipeline/results/training/short_searching_5.36x4.5_tiling.csv
Input Parameters:
  file        = /home/daisy/GRB-Search-Pipeline/results/training/maps/short/adapt_p11-715852394892384_a135-0_34_map.h5
  source_tile = 1770
  slew_rate   = 10
  dwell_time  = 5
  output      = /home/daisy/GRB-Search-Pipeline/results/training/short_searching_5.36x4.5_tiling.csv

source = [78.2841, 135], n_src_events = 697, n_bkg_events = 1456
Loaded 139 entries (unique=139, duplicates=0, missing=49013, out_of_bounds=0, non-finite=0)
Sum(prob) over finite entries = 0.999999
init sum: 0.999999
num pixels: 49152
tile num: 1798
total tile prob: 0.999999
tiles with prob > 0: 11
total tile prob after trim: 0.999999
num tiles after trim: 11
init_pos: 1753
*********running GCP*********
total time (wallclock): 0.0233054 seconds

$ /home/daisy/GRB-Search-Pipeline/search-planning/build/sp_train /home/daisy/GRB-Search-Pipeline/results/training/maps/short/adapt_p11-715852394892384_a135-0_350_map.h5 /home/daisy/GRB-Search-Pipeline/search-planning/tilings/tiling_files/5.36x4.5_tiling.csv 1770 10.0 10.0 5.0 0 /home/daisy/GRB-Search-Pipeline/results/training/short_searching_5.36x4.5_tiling.csv
Input Parameters:
  file        = /home/daisy/GRB-Search-Pipeline/results/training/maps/short/adapt_p11-715852394892384_a135-0_350_map.h5
  source_tile = 1770
  slew_rate   = 10
  dwell_time  = 5
  output      = /home/daisy/GRB-Search-Pipeline/results/training/short_searching_5.36x4.5_tiling.csv

source = [78.2841, 135], n_src_events = 425, n_bkg_events = 480
Loaded 122 entries (unique=122, duplicates=0, missing=49030, out_of_bounds=0, non-finite=0)
Sum(prob) over finite entries = 0.999999
init sum: 0.999999
num pixels: 49152
tile num: 1798
total tile prob: 0.999999
tiles with prob > 0: 10
total tile prob after trim: 0.999999
num tiles after trim: 10
init_pos: 1752
*********running GCP*********
total time (wallclock): 0.0234631 seconds

$ /home/daisy/GRB-Search-Pipeline/search-planning/build/sp_train /home/daisy/GRB-Search-Pipeline/results/training/maps/short/adapt_p11-715852394892384_a135-0_351_map.h5 /home/daisy/GRB-Search-Pipeline/search-planning/tilings/tiling_files/5.36x4.5_tiling.csv 1770 10.0 10.0 5.0 0 /home/daisy/GRB-Search-Pipeline/results/training/short_searching_5.36x4.5_tiling.csv
Input Parameters:
  file        = /home/daisy/GRB-Search-Pipeline/results/training/maps/short/adapt_p11-715852394892384_a135-0_351_map.h5
  source_tile = 1770
  slew_rate   = 10
  dwell_time  = 5
  output      = /home/daisy/GRB-Search-Pipeline/results/training/short_searching_5.36x4.5_tiling.csv

source = [78.2841, 135], n_src_events = 235, n_bkg_events = 698
Loaded 555 entries (unique=555, duplicates=0, missing=48597, out_of_bounds=0, non-finite=0)
Sum(prob) over finite entries = 0.999999
init sum: 0.999999
num pixels: 49152
tile num: 1798
total tile prob: 0.999999
tiles with prob > 0: 34
total tile prob after trim: 0.999999
num tiles after trim: 34
init_pos: 1697
*********running GCP*********
total time (wallclock): 0.0283558 seconds

$ /home/daisy/GRB-Search-Pipeline/search-planning/build/sp_train /home/daisy/GRB-Search-Pipeline/results/training/maps/short/adapt_p11-715852394892384_a135-0_352_map.h5 /home/daisy/GRB-Search-Pipeline/search-planning/tilings/tiling_files/5.36x4.5_tiling.csv 1770 10.0 10.0 5.0 0 /home/daisy/GRB-Search-Pipeline/results/training/short_searching_5.36x4.5_tiling.csv
Input Parameters:
  file        = /home/daisy/GRB-Search-Pipeline/results/training/maps/short/adapt_p11-715852394892384_a135-0_352_map.h5
  source_tile = 1770
  slew_rate   = 10
  dwell_time  = 5
  output      = /home/daisy/GRB-Search-Pipeline/results/training/short_searching_5.36x4.5_tiling.csv

source = [78.2841, 135], n_src_events = 361, n_bkg_events = 360
Loaded 160 entries (unique=160, duplicates=0, missing=48992, out_of_bounds=0, non-finite=0)
Sum(prob) over finite entries = 0.999998
init sum: 0.999998
num pixels: 49152
tile num: 1798
total tile prob: 0.999998
tiles with prob > 0: 12
total tile prob after trim: 0.999998
num tiles after trim: 12
init_pos: 1727
*********running GCP*********
total time (wallclock): 0.0247024 seconds

$ /home/daisy/GRB-Search-Pipeline/search-planning/build/sp_train /home/daisy/GRB-Search-Pipeline/results/training/maps/short/adapt_p11-715852394892384_a135-0_353_map.h5 /home/daisy/GRB-Search-Pipeline/search-planning/tilings/tiling_files/5.36x4.5_tiling.csv 1770 10.0 10.0 5.0 0 /home/daisy/GRB-Search-Pipeline/results/training/short_searching_5.36x4.5_tiling.csv
Input Parameters:
  file        = /home/daisy/GRB-Search-Pipeline/results/training/maps/short/adapt_p11-715852394892384_a135-0_353_map.h5
  source_tile = 1770
  slew_rate   = 10
  dwell_time  = 5
  output      = /home/daisy/GRB-Search-Pipeline/results/training/short_searching_5.36x4.5_tiling.csv

source = [78.2841, 135], n_src_events = 343, n_bkg_events = 1221
Loaded 181 entries (unique=181, duplicates=0, missing=48971, out_of_bounds=0, non-finite=0)
Sum(prob) over finite entries = 0.999999
init sum: 0.999999
num pixels: 49152
tile num: 1798
total tile prob: 0.999999
tiles with prob > 0: 13
total tile prob after trim: 0.999999
num tiles after trim: 13
init_pos: 1770
*********running GCP*********
total time (wallclock): 0.0221784 seconds

$ /home/daisy/GRB-Search-Pipeline/search-planning/build/sp_train /home/daisy/GRB-Search-Pipeline/results/training/maps/short/adapt_p11-715852394892384_a135-0_354_map.h5 /home/daisy/GRB-Search-Pipeline/search-planning/tilings/tiling_files/5.36x4.5_tiling.csv 1770 10.0 10.0 5.0 0 /home/daisy/GRB-Search-Pipeline/results/training/short_searching_5.36x4.5_tiling.csv
Input Parameters:
  file        = /home/daisy/GRB-Search-Pipeline/results/training/maps/short/adapt_p11-715852394892384_a135-0_354_map.h5
  source_tile = 1770
  slew_rate   = 10
  dwell_time  = 5
  output      = /home/daisy/GRB-Search-Pipeline/results/training/short_searching_5.36x4.5_tiling.csv

source = [78.2841, 135], n_src_events = 416, n_bkg_events = 377
Loaded 102 entries (unique=102, duplicates=0, missing=49050, out_of_bounds=0, non-finite=0)
Sum(prob) over finite entries = 0.999998
init sum: 0.999998
num pixels: 49152
tile num: 1798
total tile prob: 0.999998
tiles with prob > 0: 8
total tile prob after trim: 0.999998
num tiles after trim: 8
init_pos: 1771
*********running GCP*********
total time (wallclock): 0.0234536 seconds

$ /home/daisy/GRB-Search-Pipeline/search-planning/build/sp_train /home/daisy/GRB-Search-Pipeline/results/training/maps/short/adapt_p11-715852394892384_a135-0_355_map.h5 /home/daisy/GRB-Search-Pipeline/search-planning/tilings/tiling_files/5.36x4.5_tiling.csv 1770 10.0 10.0 5.0 0 /home/daisy/GRB-Search-Pipeline/results/training/short_searching_5.36x4.5_tiling.csv
Input Parameters:
  file        = /home/daisy/GRB-Search-Pipeline/results/training/maps/short/adapt_p11-715852394892384_a135-0_355_map.h5
  source_tile = 1770
  slew_rate   = 10
  dwell_time  = 5
  output      = /home/daisy/GRB-Search-Pipeline/results/training/short_searching_5.36x4.5_tiling.csv

source = [78.2841, 135], n_src_events = 845, n_bkg_events = 1693
Loaded 64 entries (unique=64, duplicates=0, missing=49088, out_of_bounds=0, non-finite=0)
Sum(prob) over finite entries = 0.999999
init sum: 0.999999
num pixels: 49152
tile num: 1798
total tile prob: 0.999999
tiles with prob > 0: 6
total tile prob after trim: 0.999999
num tiles after trim: 6
init_pos: 1752
*********running GCP*********
total time (wallclock): 0.0230094 seconds

$ /home/daisy/GRB-Search-Pipeline/search-planning/build/sp_train /home/daisy/GRB-Search-Pipeline/results/training/maps/short/adapt_p11-715852394892384_a135-0_356_map.h5 /home/daisy/GRB-Search-Pipeline/search-planning/tilings/tiling_files/5.36x4.5_tiling.csv 1770 10.0 10.0 5.0 0 /home/daisy/GRB-Search-Pipeline/results/training/short_searching_5.36x4.5_tiling.csv
Input Parameters:
  file        = /home/daisy/GRB-Search-Pipeline/results/training/maps/short/adapt_p11-715852394892384_a135-0_356_map.h5
  source_tile = 1770
  slew_rate   = 10
  dwell_time  = 5
  output      = /home/daisy/GRB-Search-Pipeline/results/training/short_searching_5.36x4.5_tiling.csv

source = [78.2841, 135], n_src_events = 516, n_bkg_events = 1274
Loaded 118 entries (unique=118, duplicates=0, missing=49034, out_of_bounds=0, non-finite=0)
Sum(prob) over finite entries = 0.999999
init sum: 0.999999
num pixels: 49152
tile num: 1798
total tile prob: 0.999999
tiles with prob > 0: 10
total tile prob after trim: 0.999999
num tiles after trim: 10
init_pos: 1770
*********running GCP*********
total time (wallclock): 0.0217093 seconds

$ /home/daisy/GRB-Search-Pipeline/search-planning/build/sp_train /home/daisy/GRB-Search-Pipeline/results/training/maps/short/adapt_p11-715852394892384_a135-0_357_map.h5 /home/daisy/GRB-Search-Pipeline/search-planning/tilings/tiling_files/5.36x4.5_tiling.csv 1770 10.0 10.0 5.0 0 /home/daisy/GRB-Search-Pipeline/results/training/short_searching_5.36x4.5_tiling.csv
Input Parameters:
  file        = /home/daisy/GRB-Search-Pipeline/results/training/maps/short/adapt_p11-715852394892384_a135-0_357_map.h5
  source_tile = 1770
  slew_rate   = 10
  dwell_time  = 5
  output      = /home/daisy/GRB-Search-Pipeline/results/training/short_searching_5.36x4.5_tiling.csv

source = [78.2841, 135], n_src_events = 384, n_bkg_events = 1363
Loaded 212 entries (unique=212, duplicates=0, missing=48940, out_of_bounds=0, non-finite=0)
Sum(prob) over finite entries = 0.999999
init sum: 0.999999
num pixels: 49152
tile num: 1798
total tile prob: 0.999999
tiles with prob > 0: 15
total tile prob after trim: 0.999999
num tiles after trim: 15
init_pos: 1769
*********running GCP*********
total time (wallclock): 0.0223365 seconds

$ /home/daisy/GRB-Search-Pipeline/search-planning/build/sp_train /home/daisy/GRB-Search-Pipeline/results/training/maps/short/adapt_p11-715852394892384_a135-0_358_map.h5 /home/daisy/GRB-Search-Pipeline/search-planning/tilings/tiling_files/5.36x4.5_tiling.csv 1770 10.0 10.0 5.0 0 /home/daisy/GRB-Search-Pipeline/results/training/short_searching_5.36x4.5_tiling.csv
Input Parameters:
  file        = /home/daisy/GRB-Search-Pipeline/results/training/maps/short/adapt_p11-715852394892384_a135-0_358_map.h5
  source_tile = 1770
  slew_rate   = 10
  dwell_time  = 5
  output      = /home/daisy/GRB-Search-Pipeline/results/training/short_searching_5.36x4.5_tiling.csv

source = [78.2841, 135], n_src_events = 136, n_bkg_events = 1141
Loaded 1838 entries (unique=1838, duplicates=0, missing=47314, out_of_bounds=0, non-finite=0)
Sum(prob) over finite entries = 0.999986
init sum: 0.999986
num pixels: 49152
tile num: 1798
total tile prob: 0.999986
tiles with prob > 0: 101
total tile prob after trim: 0.999986
num tiles after trim: 101
init_pos: 1664
*********running GCP*********
total time (wallclock): 0.0246745 seconds

$ /home/daisy/GRB-Search-Pipeline/search-planning/build/sp_train /home/daisy/GRB-Search-Pipeline/results/training/maps/short/adapt_p11-715852394892384_a135-0_359_map.h5 /home/daisy/GRB-Search-Pipeline/search-planning/tilings/tiling_files/5.36x4.5_tiling.csv 1770 10.0 10.0 5.0 0 /home/daisy/GRB-Search-Pipeline/results/training/short_searching_5.36x4.5_tiling.csv
Input Parameters:
  file        = /home/daisy/GRB-Search-Pipeline/results/training/maps/short/adapt_p11-715852394892384_a135-0_359_map.h5
  source_tile = 1770
  slew_rate   = 10
  dwell_time  = 5
  output      = /home/daisy/GRB-Search-Pipeline/results/training/short_searching_5.36x4.5_tiling.csv

source = [78.2841, 135], n_src_events = 689, n_bkg_events = 1790
Loaded 124 entries (unique=124, duplicates=0, missing=49028, out_of_bounds=0, non-finite=0)
Sum(prob) over finite entries = 0.999999
init sum: 0.999999
num pixels: 49152
tile num: 1798
total tile prob: 0.999999
tiles with prob > 0: 10
total tile prob after trim: 0.999999
num tiles after trim: 10
init_pos: 1786
*********running GCP*********
total time (wallclock): 0.0242478 seconds

$ /home/daisy/GRB-Search-Pipeline/search-planning/build/sp_train /home/daisy/GRB-Search-Pipeline/results/training/maps/short/adapt_p11-715852394892384_a135-0_35_map.h5 /home/daisy/GRB-Search-Pipeline/search-planning/tilings/tiling_files/5.36x4.5_tiling.csv 1770 10.0 10.0 5.0 0 /home/daisy/GRB-Search-Pipeline/results/training/short_searching_5.36x4.5_tiling.csv
Input Parameters:
  file        = /home/daisy/GRB-Search-Pipeline/results/training/maps/short/adapt_p11-715852394892384_a135-0_35_map.h5
  source_tile = 1770
  slew_rate   = 10
  dwell_time  = 5
  output      = /home/daisy/GRB-Search-Pipeline/results/training/short_searching_5.36x4.5_tiling.csv

source = [78.2841, 135], n_src_events = 567, n_bkg_events = 910
Loaded 68 entries (unique=68, duplicates=0, missing=49084, out_of_bounds=0, non-finite=0)
Sum(prob) over finite entries = 0.999998
init sum: 0.999998
num pixels: 49152
tile num: 1798
total tile prob: 0.999998
tiles with prob > 0: 8
total tile prob after trim: 0.999998
num tiles after trim: 8
init_pos: 1771
*********running GCP*********
total time (wallclock): 0.023543 seconds

$ /home/daisy/GRB-Search-Pipeline/search-planning/build/sp_train /home/daisy/GRB-Search-Pipeline/results/training/maps/short/adapt_p11-715852394892384_a135-0_360_map.h5 /home/daisy/GRB-Search-Pipeline/search-planning/tilings/tiling_files/5.36x4.5_tiling.csv 1770 10.0 10.0 5.0 0 /home/daisy/GRB-Search-Pipeline/results/training/short_searching_5.36x4.5_tiling.csv
Input Parameters:
  file        = /home/daisy/GRB-Search-Pipeline/results/training/maps/short/adapt_p11-715852394892384_a135-0_360_map.h5
  source_tile = 1770
  slew_rate   = 10
  dwell_time  = 5
  output      = /home/daisy/GRB-Search-Pipeline/results/training/short_searching_5.36x4.5_tiling.csv

source = [78.2841, 135], n_src_events = 695, n_bkg_events = 1483
Loaded 80 entries (unique=80, duplicates=0, missing=49072, out_of_bounds=0, non-finite=0)
Sum(prob) over finite entries = 0.999999
init sum: 0.999999
num pixels: 49152
tile num: 1798
total tile prob: 0.999999
tiles with prob > 0: 6
total tile prob after trim: 0.999999
num tiles after trim: 6
init_pos: 1770
*********running GCP*********
total time (wallclock): 0.0218441 seconds

$ /home/daisy/GRB-Search-Pipeline/search-planning/build/sp_train /home/daisy/GRB-Search-Pipeline/results/training/maps/short/adapt_p11-715852394892384_a135-0_361_map.h5 /home/daisy/GRB-Search-Pipeline/search-planning/tilings/tiling_files/5.36x4.5_tiling.csv 1770 10.0 10.0 5.0 0 /home/daisy/GRB-Search-Pipeline/results/training/short_searching_5.36x4.5_tiling.csv
Input Parameters:
  file        = /home/daisy/GRB-Search-Pipeline/results/training/maps/short/adapt_p11-715852394892384_a135-0_361_map.h5
  source_tile = 1770
  slew_rate   = 10
  dwell_time  = 5
  output      = /home/daisy/GRB-Search-Pipeline/results/training/short_searching_5.36x4.5_tiling.csv

source = [78.2841, 135], n_src_events = 260, n_bkg_events = 1712
Loaded 431 entries (unique=431, duplicates=0, missing=48721, out_of_bounds=0, non-finite=0)
Sum(prob) over finite entries = 0.999999
init sum: 0.999999
num pixels: 49152
tile num: 1798
total tile prob: 0.999999
tiles with prob > 0: 29
total tile prob after trim: 0.999999
num tiles after trim: 29
init_pos: 1749
*********running GCP*********
total time (wallclock): 0.0223972 seconds

$ /home/daisy/GRB-Search-Pipeline/search-planning/build/sp_train /home/daisy/GRB-Search-Pipeline/results/training/maps/short/adapt_p11-715852394892384_a135-0_362_map.h5 /home/daisy/GRB-Search-Pipeline/search-planning/tilings/tiling_files/5.36x4.5_tiling.csv 1770 10.0 10.0 5.0 0 /home/daisy/GRB-Search-Pipeline/results/training/short_searching_5.36x4.5_tiling.csv
Input Parameters:
  file        = /home/daisy/GRB-Search-Pipeline/results/training/maps/short/adapt_p11-715852394892384_a135-0_362_map.h5
  source_tile = 1770
  slew_rate   = 10
  dwell_time  = 5
  output      = /home/daisy/GRB-Search-Pipeline/results/training/short_searching_5.36x4.5_tiling.csv

source = [78.2841, 135], n_src_events = 830, n_bkg_events = 807
Loaded 84 entries (unique=84, duplicates=0, missing=49068, out_of_bounds=0, non-finite=0)
Sum(prob) over finite entries = 0.999998
init sum: 0.999998
num pixels: 49152
tile num: 1798
total tile prob: 0.999998
tiles with prob > 0: 9
total tile prob after trim: 0.999998
num tiles after trim: 9
init_pos: 1785
*********running GCP*********
total time (wallclock): 0.0225026 seconds

$ /home/daisy/GRB-Search-Pipeline/search-planning/build/sp_train /home/daisy/GRB-Search-Pipeline/results/training/maps/short/adapt_p11-715852394892384_a135-0_363_map.h5 /home/daisy/GRB-Search-Pipeline/search-planning/tilings/tiling_files/5.36x4.5_tiling.csv 1770 10.0 10.0 5.0 0 /home/daisy/GRB-Search-Pipeline/results/training/short_searching_5.36x4.5_tiling.csv
Input Parameters:
  file        = /home/daisy/GRB-Search-Pipeline/results/training/maps/short/adapt_p11-715852394892384_a135-0_363_map.h5
  source_tile = 1770
  slew_rate   = 10
  dwell_time  = 5
  output      = /home/daisy/GRB-Search-Pipeline/results/training/short_searching_5.36x4.5_tiling.csv

source = [78.2841, 135], n_src_events = 78, n_bkg_events = 1450
Loaded 5920 entries (unique=5920, duplicates=0, missing=43232, out_of_bounds=0, non-finite=0)
Sum(prob) over finite entries = 0.99998
init sum: 0.99998
num pixels: 49152
tile num: 1798
total tile prob: 0.99998
tiles with prob > 0: 290
total tile prob after trim: 0.99998
num tiles after trim: 290
init_pos: 1349
*********running GCP*********
total time (wallclock): 0.0427331 seconds

$ /home/daisy/GRB-Search-Pipeline/search-planning/build/sp_train /home/daisy/GRB-Search-Pipeline/results/training/maps/short/adapt_p11-715852394892384_a135-0_364_map.h5 /home/daisy/GRB-Search-Pipeline/search-planning/tilings/tiling_files/5.36x4.5_tiling.csv 1770 10.0 10.0 5.0 0 /home/daisy/GRB-Search-Pipeline/results/training/short_searching_5.36x4.5_tiling.csv
Input Parameters:
  file        = /home/daisy/GRB-Search-Pipeline/results/training/maps/short/adapt_p11-715852394892384_a135-0_364_map.h5
  source_tile = 1770
  slew_rate   = 10
  dwell_time  = 5
  output      = /home/daisy/GRB-Search-Pipeline/results/training/short_searching_5.36x4.5_tiling.csv

source = [78.2841, 135], n_src_events = 312, n_bkg_events = 196
Loaded 356 entries (unique=356, duplicates=0, missing=48796, out_of_bounds=0, non-finite=0)
Sum(prob) over finite entries = 0.999998
init sum: 0.999998
num pixels: 49152
tile num: 1798
total tile prob: 0.999998
tiles with prob > 0: 22
total tile prob after trim: 0.999998
num tiles after trim: 22
init_pos: 1729
*********running GCP*********
total time (wallclock): 0.0245535 seconds

$ /home/daisy/GRB-Search-Pipeline/search-planning/build/sp_train /home/daisy/GRB-Search-Pipeline/results/training/maps/short/adapt_p11-715852394892384_a135-0_365_map.h5 /home/daisy/GRB-Search-Pipeline/search-planning/tilings/tiling_files/5.36x4.5_tiling.csv 1770 10.0 10.0 5.0 0 /home/daisy/GRB-Search-Pipeline/results/training/short_searching_5.36x4.5_tiling.csv
Input Parameters:
  file        = /home/daisy/GRB-Search-Pipeline/results/training/maps/short/adapt_p11-715852394892384_a135-0_365_map.h5
  source_tile = 1770
  slew_rate   = 10
  dwell_time  = 5
  output      = /home/daisy/GRB-Search-Pipeline/results/training/short_searching_5.36x4.5_tiling.csv

source = [78.2841, 135], n_src_events = 628, n_bkg_events = 826
Loaded 74 entries (unique=74, duplicates=0, missing=49078, out_of_bounds=0, non-finite=0)
Sum(prob) over finite entries = 0.999999
init sum: 0.999999
num pixels: 49152
tile num: 1798
total tile prob: 0.999999
tiles with prob > 0: 5
total tile prob after trim: 0.999999
num tiles after trim: 5
init_pos: 1770
*********running GCP*********
total time (wallclock): 0.0218552 seconds

$ /home/daisy/GRB-Search-Pipeline/search-planning/build/sp_train /home/daisy/GRB-Search-Pipeline/results/training/maps/short/adapt_p11-715852394892384_a135-0_366_map.h5 /home/daisy/GRB-Search-Pipeline/search-planning/tilings/tiling_files/5.36x4.5_tiling.csv 1770 10.0 10.0 5.0 0 /home/daisy/GRB-Search-Pipeline/results/training/short_searching_5.36x4.5_tiling.csv
Input Parameters:
  file        = /home/daisy/GRB-Search-Pipeline/results/training/maps/short/adapt_p11-715852394892384_a135-0_366_map.h5
  source_tile = 1770
  slew_rate   = 10
  dwell_time  = 5
  output      = /home/daisy/GRB-Search-Pipeline/results/training/short_searching_5.36x4.5_tiling.csv

source = [78.2841, 135], n_src_events = 530, n_bkg_events = 1195
Loaded 117 entries (unique=117, duplicates=0, missing=49035, out_of_bounds=0, non-finite=0)
Sum(prob) over finite entries = 0.999997
init sum: 0.999997
num pixels: 49152
tile num: 1798
total tile prob: 0.999997
tiles with prob > 0: 10
total tile prob after trim: 0.999997
num tiles after trim: 10
init_pos: 1771
*********running GCP*********
total time (wallclock): 0.023108 seconds

$ /home/daisy/GRB-Search-Pipeline/search-planning/build/sp_train /home/daisy/GRB-Search-Pipeline/results/training/maps/short/adapt_p11-715852394892384_a135-0_367_map.h5 /home/daisy/GRB-Search-Pipeline/search-planning/tilings/tiling_files/5.36x4.5_tiling.csv 1770 10.0 10.0 5.0 0 /home/daisy/GRB-Search-Pipeline/results/training/short_searching_5.36x4.5_tiling.csv
Input Parameters:
  file        = /home/daisy/GRB-Search-Pipeline/results/training/maps/short/adapt_p11-715852394892384_a135-0_367_map.h5
  source_tile = 1770
  slew_rate   = 10
  dwell_time  = 5
  output      = /home/daisy/GRB-Search-Pipeline/results/training/short_searching_5.36x4.5_tiling.csv

source = [78.2841, 135], n_src_events = 737, n_bkg_events = 1753
Loaded 92 entries (unique=92, duplicates=0, missing=49060, out_of_bounds=0, non-finite=0)
Sum(prob) over finite entries = 0.999999
init sum: 0.999999
num pixels: 49152
tile num: 1798
total tile prob: 0.999999
tiles with prob > 0: 9
total tile prob after trim: 0.999999
num tiles after trim: 9
init_pos: 1752
*********running GCP*********
total time (wallclock): 0.0226393 seconds

$ /home/daisy/GRB-Search-Pipeline/search-planning/build/sp_train /home/daisy/GRB-Search-Pipeline/results/training/maps/short/adapt_p11-715852394892384_a135-0_368_map.h5 /home/daisy/GRB-Search-Pipeline/search-planning/tilings/tiling_files/5.36x4.5_tiling.csv 1770 10.0 10.0 5.0 0 /home/daisy/GRB-Search-Pipeline/results/training/short_searching_5.36x4.5_tiling.csv
Input Parameters:
  file        = /home/daisy/GRB-Search-Pipeline/results/training/maps/short/adapt_p11-715852394892384_a135-0_368_map.h5
  source_tile = 1770
  slew_rate   = 10
  dwell_time  = 5
  output      = /home/daisy/GRB-Search-Pipeline/results/training/short_searching_5.36x4.5_tiling.csv

source = [78.2841, 135], n_src_events = 543, n_bkg_events = 712
Loaded 126 entries (unique=126, duplicates=0, missing=49026, out_of_bounds=0, non-finite=0)
Sum(prob) over finite entries = 0.999998
init sum: 0.999998
num pixels: 49152
tile num: 1798
total tile prob: 0.999998
tiles with prob > 0: 10
total tile prob after trim: 0.999998
num tiles after trim: 10
init_pos: 1752
*********running GCP*********
total time (wallclock): 0.0230328 seconds

$ /home/daisy/GRB-Search-Pipeline/search-planning/build/sp_train /home/daisy/GRB-Search-Pipeline/results/training/maps/short/adapt_p11-715852394892384_a135-0_369_map.h5 /home/daisy/GRB-Search-Pipeline/search-planning/tilings/tiling_files/5.36x4.5_tiling.csv 1770 10.0 10.0 5.0 0 /home/daisy/GRB-Search-Pipeline/results/training/short_searching_5.36x4.5_tiling.csv
Input Parameters:
  file        = /home/daisy/GRB-Search-Pipeline/results/training/maps/short/adapt_p11-715852394892384_a135-0_369_map.h5
  source_tile = 1770
  slew_rate   = 10
  dwell_time  = 5
  output      = /home/daisy/GRB-Search-Pipeline/results/training/short_searching_5.36x4.5_tiling.csv

source = [78.2841, 135], n_src_events = 68, n_bkg_events = 526
Loaded 7547 entries (unique=7547, duplicates=0, missing=41605, out_of_bounds=0, non-finite=0)
Sum(prob) over finite entries = 0.999996
init sum: 0.999996
num pixels: 49152
tile num: 1798
total tile prob: 0.999996
tiles with prob > 0: 336
total tile prob after trim: 0.999996
num tiles after trim: 336
init_pos: 1173
*********running GCP*********
total time (wallclock): 0.160702 seconds

$ /home/daisy/GRB-Search-Pipeline/search-planning/build/sp_train /home/daisy/GRB-Search-Pipeline/results/training/maps/short/adapt_p11-715852394892384_a135-0_36_map.h5 /home/daisy/GRB-Search-Pipeline/search-planning/tilings/tiling_files/5.36x4.5_tiling.csv 1770 10.0 10.0 5.0 0 /home/daisy/GRB-Search-Pipeline/results/training/short_searching_5.36x4.5_tiling.csv
Input Parameters:
  file        = /home/daisy/GRB-Search-Pipeline/results/training/maps/short/adapt_p11-715852394892384_a135-0_36_map.h5
  source_tile = 1770
  slew_rate   = 10
  dwell_time  = 5
  output      = /home/daisy/GRB-Search-Pipeline/results/training/short_searching_5.36x4.5_tiling.csv

source = [78.2841, 135], n_src_events = 525, n_bkg_events = 551
Loaded 117 entries (unique=117, duplicates=0, missing=49035, out_of_bounds=0, non-finite=0)
Sum(prob) over finite entries = 0.999999
init sum: 0.999999
num pixels: 49152
tile num: 1798
total tile prob: 0.999999
tiles with prob > 0: 9
total tile prob after trim: 0.999999
num tiles after trim: 9
init_pos: 1784
*********running GCP*********
total time (wallclock): 0.0230166 seconds

$ /home/daisy/GRB-Search-Pipeline/search-planning/build/sp_train /home/daisy/GRB-Search-Pipeline/results/training/maps/short/adapt_p11-715852394892384_a135-0_370_map.h5 /home/daisy/GRB-Search-Pipeline/search-planning/tilings/tiling_files/5.36x4.5_tiling.csv 1770 10.0 10.0 5.0 0 /home/daisy/GRB-Search-Pipeline/results/training/short_searching_5.36x4.5_tiling.csv
Input Parameters:
  file        = /home/daisy/GRB-Search-Pipeline/results/training/maps/short/adapt_p11-715852394892384_a135-0_370_map.h5
  source_tile = 1770
  slew_rate   = 10
  dwell_time  = 5
  output      = /home/daisy/GRB-Search-Pipeline/results/training/short_searching_5.36x4.5_tiling.csv

source = [78.2841, 135], n_src_events = 193, n_bkg_events = 712
Loaded 513 entries (unique=513, duplicates=0, missing=48639, out_of_bounds=0, non-finite=0)
Sum(prob) over finite entries = 0.999998
init sum: 0.999998
num pixels: 49152
tile num: 1798
total tile prob: 0.999998
tiles with prob > 0: 32
total tile prob after trim: 0.999998
num tiles after trim: 32
init_pos: 1769
*********running GCP*********
total time (wallclock): 0.0233326 seconds

$ /home/daisy/GRB-Search-Pipeline/search-planning/build/sp_train /home/daisy/GRB-Search-Pipeline/results/training/maps/short/adapt_p11-715852394892384_a135-0_371_map.h5 /home/daisy/GRB-Search-Pipeline/search-planning/tilings/tiling_files/5.36x4.5_tiling.csv 1770 10.0 10.0 5.0 0 /home/daisy/GRB-Search-Pipeline/results/training/short_searching_5.36x4.5_tiling.csv
Input Parameters:
  file        = /home/daisy/GRB-Search-Pipeline/results/training/maps/short/adapt_p11-715852394892384_a135-0_371_map.h5
  source_tile = 1770
  slew_rate   = 10
  dwell_time  = 5
  output      = /home/daisy/GRB-Search-Pipeline/results/training/short_searching_5.36x4.5_tiling.csv

source = [78.2841, 135], n_src_events = 343, n_bkg_events = 1586
Loaded 168 entries (unique=168, duplicates=0, missing=48984, out_of_bounds=0, non-finite=0)
Sum(prob) over finite entries = 0.999999
init sum: 0.999999
num pixels: 49152
tile num: 1798
total tile prob: 0.999999
tiles with prob > 0: 11
total tile prob after trim: 0.999999
num tiles after trim: 11
init_pos: 1772
*********running GCP*********
total time (wallclock): 0.0238197 seconds

$ /home/daisy/GRB-Search-Pipeline/search-planning/build/sp_train /home/daisy/GRB-Search-Pipeline/results/training/maps/short/adapt_p11-715852394892384_a135-0_372_map.h5 /home/daisy/GRB-Search-Pipeline/search-planning/tilings/tiling_files/5.36x4.5_tiling.csv 1770 10.0 10.0 5.0 0 /home/daisy/GRB-Search-Pipeline/results/training/short_searching_5.36x4.5_tiling.csv
Input Parameters:
  file        = /home/daisy/GRB-Search-Pipeline/results/training/maps/short/adapt_p11-715852394892384_a135-0_372_map.h5
  source_tile = 1770
  slew_rate   = 10
  dwell_time  = 5
  output      = /home/daisy/GRB-Search-Pipeline/results/training/short_searching_5.36x4.5_tiling.csv

source = [78.2841, 135], n_src_events = 560, n_bkg_events = 404
Loaded 87 entries (unique=87, duplicates=0, missing=49065, out_of_bounds=0, non-finite=0)
Sum(prob) over finite entries = 0.999999
init sum: 0.999999
num pixels: 49152
tile num: 1798
total tile prob: 0.999999
tiles with prob > 0: 9
total tile prob after trim: 0.999999
num tiles after trim: 9
init_pos: 1771
*********running GCP*********
total time (wallclock): 0.0236342 seconds

$ /home/daisy/GRB-Search-Pipeline/search-planning/build/sp_train /home/daisy/GRB-Search-Pipeline/results/training/maps/short/adapt_p11-715852394892384_a135-0_373_map.h5 /home/daisy/GRB-Search-Pipeline/search-planning/tilings/tiling_files/5.36x4.5_tiling.csv 1770 10.0 10.0 5.0 0 /home/daisy/GRB-Search-Pipeline/results/training/short_searching_5.36x4.5_tiling.csv
Input Parameters:
  file        = /home/daisy/GRB-Search-Pipeline/results/training/maps/short/adapt_p11-715852394892384_a135-0_373_map.h5
  source_tile = 1770
  slew_rate   = 10
  dwell_time  = 5
  output      = /home/daisy/GRB-Search-Pipeline/results/training/short_searching_5.36x4.5_tiling.csv

source = [78.2841, 135], n_src_events = 625, n_bkg_events = 1535
Loaded 84 entries (unique=84, duplicates=0, missing=49068, out_of_bounds=0, non-finite=0)
Sum(prob) over finite entries = 0.999999
init sum: 0.999999
num pixels: 49152
tile num: 1798
total tile prob: 0.999999
tiles with prob > 0: 8
total tile prob after trim: 0.999999
num tiles after trim: 8
init_pos: 1752
*********running GCP*********
total time (wallclock): 0.0239741 seconds

$ /home/daisy/GRB-Search-Pipeline/search-planning/build/sp_train /home/daisy/GRB-Search-Pipeline/results/training/maps/short/adapt_p11-715852394892384_a135-0_374_map.h5 /home/daisy/GRB-Search-Pipeline/search-planning/tilings/tiling_files/5.36x4.5_tiling.csv 1770 10.0 10.0 5.0 0 /home/daisy/GRB-Search-Pipeline/results/training/short_searching_5.36x4.5_tiling.csv
Input Parameters:
  file        = /home/daisy/GRB-Search-Pipeline/results/training/maps/short/adapt_p11-715852394892384_a135-0_374_map.h5
  source_tile = 1770
  slew_rate   = 10
  dwell_time  = 5
  output      = /home/daisy/GRB-Search-Pipeline/results/training/short_searching_5.36x4.5_tiling.csv

source = [78.2841, 135], n_src_events = 234, n_bkg_events = 1645
Loaded 190 entries (unique=190, duplicates=0, missing=48962, out_of_bounds=0, non-finite=0)
Sum(prob) over finite entries = 0.999998
init sum: 0.999998
num pixels: 49152
tile num: 1798
total tile prob: 0.999998
tiles with prob > 0: 15
total tile prob after trim: 0.999998
num tiles after trim: 15
init_pos: 1726
*********running GCP*********
total time (wallclock): 0.0235962 seconds

$ /home/daisy/GRB-Search-Pipeline/search-planning/build/sp_train /home/daisy/GRB-Search-Pipeline/results/training/maps/short/adapt_p11-715852394892384_a135-0_375_map.h5 /home/daisy/GRB-Search-Pipeline/search-planning/tilings/tiling_files/5.36x4.5_tiling.csv 1770 10.0 10.0 5.0 0 /home/daisy/GRB-Search-Pipeline/results/training/short_searching_5.36x4.5_tiling.csv
Input Parameters:
  file        = /home/daisy/GRB-Search-Pipeline/results/training/maps/short/adapt_p11-715852394892384_a135-0_375_map.h5
  source_tile = 1770
  slew_rate   = 10
  dwell_time  = 5
  output      = /home/daisy/GRB-Search-Pipeline/results/training/short_searching_5.36x4.5_tiling.csv

source = [78.2841, 135], n_src_events = 351, n_bkg_events = 1004
Loaded 269 entries (unique=269, duplicates=0, missing=48883, out_of_bounds=0, non-finite=0)
Sum(prob) over finite entries = 0.999998
init sum: 0.999998
num pixels: 49152
tile num: 1798
total tile prob: 0.999998
tiles with prob > 0: 16
total tile prob after trim: 0.999998
num tiles after trim: 16
init_pos: 1770
*********running GCP*********
total time (wallclock): 0.0223227 seconds

$ /home/daisy/GRB-Search-Pipeline/search-planning/build/sp_train /home/daisy/GRB-Search-Pipeline/results/training/maps/short/adapt_p11-715852394892384_a135-0_376_map.h5 /home/daisy/GRB-Search-Pipeline/search-planning/tilings/tiling_files/5.36x4.5_tiling.csv 1770 10.0 10.0 5.0 0 /home/daisy/GRB-Search-Pipeline/results/training/short_searching_5.36x4.5_tiling.csv
Input Parameters:
  file        = /home/daisy/GRB-Search-Pipeline/results/training/maps/short/adapt_p11-715852394892384_a135-0_376_map.h5
  source_tile = 1770
  slew_rate   = 10
  dwell_time  = 5
  output      = /home/daisy/GRB-Search-Pipeline/results/training/short_searching_5.36x4.5_tiling.csv

source = [78.2841, 135], n_src_events = 550, n_bkg_events = 1292
Loaded 119 entries (unique=119, duplicates=0, missing=49033, out_of_bounds=0, non-finite=0)
Sum(prob) over finite entries = 0.999999
init sum: 0.999999
num pixels: 49152
tile num: 1798
total tile prob: 0.999999
tiles with prob > 0: 9
total tile prob after trim: 0.999999
num tiles after trim: 9
init_pos: 1753
*********running GCP*********
total time (wallclock): 0.0235773 seconds

$ /home/daisy/GRB-Search-Pipeline/search-planning/build/sp_train /home/daisy/GRB-Search-Pipeline/results/training/maps/short/adapt_p11-715852394892384_a135-0_377_map.h5 /home/daisy/GRB-Search-Pipeline/search-planning/tilings/tiling_files/5.36x4.5_tiling.csv 1770 10.0 10.0 5.0 0 /home/daisy/GRB-Search-Pipeline/results/training/short_searching_5.36x4.5_tiling.csv
Input Parameters:
  file        = /home/daisy/GRB-Search-Pipeline/results/training/maps/short/adapt_p11-715852394892384_a135-0_377_map.h5
  source_tile = 1770
  slew_rate   = 10
  dwell_time  = 5
  output      = /home/daisy/GRB-Search-Pipeline/results/training/short_searching_5.36x4.5_tiling.csv

source = [78.2841, 135], n_src_events = 489, n_bkg_events = 1647
Loaded 148 entries (unique=148, duplicates=0, missing=49004, out_of_bounds=0, non-finite=0)
Sum(prob) over finite entries = 0.999999
init sum: 0.999999
num pixels: 49152
tile num: 1798
total tile prob: 0.999999
tiles with prob > 0: 11
total tile prob after trim: 0.999999
num tiles after trim: 11
init_pos: 1753
*********running GCP*********
total time (wallclock): 0.0232755 seconds

$ /home/daisy/GRB-Search-Pipeline/search-planning/build/sp_train /home/daisy/GRB-Search-Pipeline/results/training/maps/short/adapt_p11-715852394892384_a135-0_378_map.h5 /home/daisy/GRB-Search-Pipeline/search-planning/tilings/tiling_files/5.36x4.5_tiling.csv 1770 10.0 10.0 5.0 0 /home/daisy/GRB-Search-Pipeline/results/training/short_searching_5.36x4.5_tiling.csv
Input Parameters:
  file        = /home/daisy/GRB-Search-Pipeline/results/training/maps/short/adapt_p11-715852394892384_a135-0_378_map.h5
  source_tile = 1770
  slew_rate   = 10
  dwell_time  = 5
  output      = /home/daisy/GRB-Search-Pipeline/results/training/short_searching_5.36x4.5_tiling.csv

source = [78.2841, 135], n_src_events = 747, n_bkg_events = 1719
Loaded 69 entries (unique=69, duplicates=0, missing=49083, out_of_bounds=0, non-finite=0)
Sum(prob) over finite entries = 0.999998
init sum: 0.999998
num pixels: 49152
tile num: 1798
total tile prob: 0.999998
tiles with prob > 0: 7
total tile prob after trim: 0.999998
num tiles after trim: 7
init_pos: 1770
*********running GCP*********
total time (wallclock): 0.022484 seconds

$ /home/daisy/GRB-Search-Pipeline/search-planning/build/sp_train /home/daisy/GRB-Search-Pipeline/results/training/maps/short/adapt_p11-715852394892384_a135-0_379_map.h5 /home/daisy/GRB-Search-Pipeline/search-planning/tilings/tiling_files/5.36x4.5_tiling.csv 1770 10.0 10.0 5.0 0 /home/daisy/GRB-Search-Pipeline/results/training/short_searching_5.36x4.5_tiling.csv
Input Parameters:
  file        = /home/daisy/GRB-Search-Pipeline/results/training/maps/short/adapt_p11-715852394892384_a135-0_379_map.h5
  source_tile = 1770
  slew_rate   = 10
  dwell_time  = 5
  output      = /home/daisy/GRB-Search-Pipeline/results/training/short_searching_5.36x4.5_tiling.csv

source = [78.2841, 135], n_src_events = 482, n_bkg_events = 1397
Loaded 100 entries (unique=100, duplicates=0, missing=49052, out_of_bounds=0, non-finite=0)
Sum(prob) over finite entries = 0.999998
init sum: 0.999998
num pixels: 49152
tile num: 1798
total tile prob: 0.999998
tiles with prob > 0: 9
total tile prob after trim: 0.999998
num tiles after trim: 9
init_pos: 1770
*********running GCP*********
total time (wallclock): 0.0218423 seconds

$ /home/daisy/GRB-Search-Pipeline/search-planning/build/sp_train /home/daisy/GRB-Search-Pipeline/results/training/maps/short/adapt_p11-715852394892384_a135-0_37_map.h5 /home/daisy/GRB-Search-Pipeline/search-planning/tilings/tiling_files/5.36x4.5_tiling.csv 1770 10.0 10.0 5.0 0 /home/daisy/GRB-Search-Pipeline/results/training/short_searching_5.36x4.5_tiling.csv
Input Parameters:
  file        = /home/daisy/GRB-Search-Pipeline/results/training/maps/short/adapt_p11-715852394892384_a135-0_37_map.h5
  source_tile = 1770
  slew_rate   = 10
  dwell_time  = 5
  output      = /home/daisy/GRB-Search-Pipeline/results/training/short_searching_5.36x4.5_tiling.csv

source = [78.2841, 135], n_src_events = 252, n_bkg_events = 1706
Loaded 509 entries (unique=509, duplicates=0, missing=48643, out_of_bounds=0, non-finite=0)
Sum(prob) over finite entries = 0.999994
init sum: 0.999994
num pixels: 49152
tile num: 1798
total tile prob: 0.999994
tiles with prob > 0: 36
total tile prob after trim: 0.999994
num tiles after trim: 36
init_pos: 1785
*********running GCP*********
total time (wallclock): 0.0249882 seconds

$ /home/daisy/GRB-Search-Pipeline/search-planning/build/sp_train /home/daisy/GRB-Search-Pipeline/results/training/maps/short/adapt_p11-715852394892384_a135-0_380_map.h5 /home/daisy/GRB-Search-Pipeline/search-planning/tilings/tiling_files/5.36x4.5_tiling.csv 1770 10.0 10.0 5.0 0 /home/daisy/GRB-Search-Pipeline/results/training/short_searching_5.36x4.5_tiling.csv
Input Parameters:
  file        = /home/daisy/GRB-Search-Pipeline/results/training/maps/short/adapt_p11-715852394892384_a135-0_380_map.h5
  source_tile = 1770
  slew_rate   = 10
  dwell_time  = 5
  output      = /home/daisy/GRB-Search-Pipeline/results/training/short_searching_5.36x4.5_tiling.csv

source = [78.2841, 135], n_src_events = 200, n_bkg_events = 856
Loaded 1558 entries (unique=1558, duplicates=0, missing=47594, out_of_bounds=0, non-finite=0)
Sum(prob) over finite entries = 0.99999
init sum: 0.99999
num pixels: 49152
tile num: 1798
total tile prob: 0.99999
tiles with prob > 0: 93
total tile prob after trim: 0.99999
num tiles after trim: 93
init_pos: 1767
*********running GCP*********
total time (wallclock): 0.0259396 seconds

$ /home/daisy/GRB-Search-Pipeline/search-planning/build/sp_train /home/daisy/GRB-Search-Pipeline/results/training/maps/short/adapt_p11-715852394892384_a135-0_381_map.h5 /home/daisy/GRB-Search-Pipeline/search-planning/tilings/tiling_files/5.36x4.5_tiling.csv 1770 10.0 10.0 5.0 0 /home/daisy/GRB-Search-Pipeline/results/training/short_searching_5.36x4.5_tiling.csv
Input Parameters:
  file        = /home/daisy/GRB-Search-Pipeline/results/training/maps/short/adapt_p11-715852394892384_a135-0_381_map.h5
  source_tile = 1770
  slew_rate   = 10
  dwell_time  = 5
  output      = /home/daisy/GRB-Search-Pipeline/results/training/short_searching_5.36x4.5_tiling.csv

source = [78.2841, 135], n_src_events = 752, n_bkg_events = 589
Loaded 71 entries (unique=71, duplicates=0, missing=49081, out_of_bounds=0, non-finite=0)
Sum(prob) over finite entries = 0.999999
init sum: 0.999999
num pixels: 49152
tile num: 1798
total tile prob: 0.999999
tiles with prob > 0: 6
total tile prob after trim: 0.999999
num tiles after trim: 6
init_pos: 1771
*********running GCP*********
total time (wallclock): 0.0229315 seconds

$ /home/daisy/GRB-Search-Pipeline/search-planning/build/sp_train /home/daisy/GRB-Search-Pipeline/results/training/maps/short/adapt_p11-715852394892384_a135-0_382_map.h5 /home/daisy/GRB-Search-Pipeline/search-planning/tilings/tiling_files/5.36x4.5_tiling.csv 1770 10.0 10.0 5.0 0 /home/daisy/GRB-Search-Pipeline/results/training/short_searching_5.36x4.5_tiling.csv
Input Parameters:
  file        = /home/daisy/GRB-Search-Pipeline/results/training/maps/short/adapt_p11-715852394892384_a135-0_382_map.h5
  source_tile = 1770
  slew_rate   = 10
  dwell_time  = 5
  output      = /home/daisy/GRB-Search-Pipeline/results/training/short_searching_5.36x4.5_tiling.csv

source = [78.2841, 135], n_src_events = 417, n_bkg_events = 1304
Loaded 193 entries (unique=193, duplicates=0, missing=48959, out_of_bounds=0, non-finite=0)
Sum(prob) over finite entries = 0.999998
init sum: 0.999998
num pixels: 49152
tile num: 1798
total tile prob: 0.999998
tiles with prob > 0: 13
total tile prob after trim: 0.999998
num tiles after trim: 13
init_pos: 1770
*********running GCP*********
total time (wallclock): 0.0218073 seconds

$ /home/daisy/GRB-Search-Pipeline/search-planning/build/sp_train /home/daisy/GRB-Search-Pipeline/results/training/maps/short/adapt_p11-715852394892384_a135-0_383_map.h5 /home/daisy/GRB-Search-Pipeline/search-planning/tilings/tiling_files/5.36x4.5_tiling.csv 1770 10.0 10.0 5.0 0 /home/daisy/GRB-Search-Pipeline/results/training/short_searching_5.36x4.5_tiling.csv
Input Parameters:
  file        = /home/daisy/GRB-Search-Pipeline/results/training/maps/short/adapt_p11-715852394892384_a135-0_383_map.h5
  source_tile = 1770
  slew_rate   = 10
  dwell_time  = 5
  output      = /home/daisy/GRB-Search-Pipeline/results/training/short_searching_5.36x4.5_tiling.csv

source = [78.2841, 135], n_src_events = 213, n_bkg_events = 279
Loaded 278 entries (unique=278, duplicates=0, missing=48874, out_of_bounds=0, non-finite=0)
Sum(prob) over finite entries = 0.999999
init sum: 0.999999
num pixels: 49152
tile num: 1798
total tile prob: 0.999999
tiles with prob > 0: 19
total tile prob after trim: 0.999999
num tiles after trim: 19
init_pos: 1771
*********running GCP*********
total time (wallclock): 0.0223129 seconds

$ /home/daisy/GRB-Search-Pipeline/search-planning/build/sp_train /home/daisy/GRB-Search-Pipeline/results/training/maps/short/adapt_p11-715852394892384_a135-0_384_map.h5 /home/daisy/GRB-Search-Pipeline/search-planning/tilings/tiling_files/5.36x4.5_tiling.csv 1770 10.0 10.0 5.0 0 /home/daisy/GRB-Search-Pipeline/results/training/short_searching_5.36x4.5_tiling.csv
Input Parameters:
  file        = /home/daisy/GRB-Search-Pipeline/results/training/maps/short/adapt_p11-715852394892384_a135-0_384_map.h5
  source_tile = 1770
  slew_rate   = 10
  dwell_time  = 5
  output      = /home/daisy/GRB-Search-Pipeline/results/training/short_searching_5.36x4.5_tiling.csv

source = [78.2841, 135], n_src_events = 603, n_bkg_events = 830
Loaded 102 entries (unique=102, duplicates=0, missing=49050, out_of_bounds=0, non-finite=0)
Sum(prob) over finite entries = 0.999999
init sum: 0.999999
num pixels: 49152
tile num: 1798
total tile prob: 0.999999
tiles with prob > 0: 9
total tile prob after trim: 0.999999
num tiles after trim: 9
init_pos: 1728
*********running GCP*********
total time (wallclock): 0.0236793 seconds

$ /home/daisy/GRB-Search-Pipeline/search-planning/build/sp_train /home/daisy/GRB-Search-Pipeline/results/training/maps/short/adapt_p11-715852394892384_a135-0_385_map.h5 /home/daisy/GRB-Search-Pipeline/search-planning/tilings/tiling_files/5.36x4.5_tiling.csv 1770 10.0 10.0 5.0 0 /home/daisy/GRB-Search-Pipeline/results/training/short_searching_5.36x4.5_tiling.csv
Input Parameters:
  file        = /home/daisy/GRB-Search-Pipeline/results/training/maps/short/adapt_p11-715852394892384_a135-0_385_map.h5
  source_tile = 1770
  slew_rate   = 10
  dwell_time  = 5
  output      = /home/daisy/GRB-Search-Pipeline/results/training/short_searching_5.36x4.5_tiling.csv

source = [78.2841, 135], n_src_events = 708, n_bkg_events = 1660
Loaded 78 entries (unique=78, duplicates=0, missing=49074, out_of_bounds=0, non-finite=0)
Sum(prob) over finite entries = 0.999998
init sum: 0.999998
num pixels: 49152
tile num: 1798
total tile prob: 0.999998
tiles with prob > 0: 7
total tile prob after trim: 0.999998
num tiles after trim: 7
init_pos: 1770
*********running GCP*********
total time (wallclock): 0.0221418 seconds

$ /home/daisy/GRB-Search-Pipeline/search-planning/build/sp_train /home/daisy/GRB-Search-Pipeline/results/training/maps/short/adapt_p11-715852394892384_a135-0_386_map.h5 /home/daisy/GRB-Search-Pipeline/search-planning/tilings/tiling_files/5.36x4.5_tiling.csv 1770 10.0 10.0 5.0 0 /home/daisy/GRB-Search-Pipeline/results/training/short_searching_5.36x4.5_tiling.csv
Input Parameters:
  file        = /home/daisy/GRB-Search-Pipeline/results/training/maps/short/adapt_p11-715852394892384_a135-0_386_map.h5
  source_tile = 1770
  slew_rate   = 10
  dwell_time  = 5
  output      = /home/daisy/GRB-Search-Pipeline/results/training/short_searching_5.36x4.5_tiling.csv

source = [78.2841, 135], n_src_events = 762, n_bkg_events = 466
Loaded 59 entries (unique=59, duplicates=0, missing=49093, out_of_bounds=0, non-finite=0)
Sum(prob) over finite entries = 0.999999
init sum: 0.999999
num pixels: 49152
tile num: 1798
total tile prob: 0.999999
tiles with prob > 0: 7
total tile prob after trim: 0.999999
num tiles after trim: 7
init_pos: 1771
*********running GCP*********
total time (wallclock): 0.0235392 seconds

$ /home/daisy/GRB-Search-Pipeline/search-planning/build/sp_train /home/daisy/GRB-Search-Pipeline/results/training/maps/short/adapt_p11-715852394892384_a135-0_387_map.h5 /home/daisy/GRB-Search-Pipeline/search-planning/tilings/tiling_files/5.36x4.5_tiling.csv 1770 10.0 10.0 5.0 0 /home/daisy/GRB-Search-Pipeline/results/training/short_searching_5.36x4.5_tiling.csv
Input Parameters:
  file        = /home/daisy/GRB-Search-Pipeline/results/training/maps/short/adapt_p11-715852394892384_a135-0_387_map.h5
  source_tile = 1770
  slew_rate   = 10
  dwell_time  = 5
  output      = /home/daisy/GRB-Search-Pipeline/results/training/short_searching_5.36x4.5_tiling.csv

source = [78.2841, 135], n_src_events = 152, n_bkg_events = 1156
Loaded 775 entries (unique=775, duplicates=0, missing=48377, out_of_bounds=0, non-finite=0)
Sum(prob) over finite entries = 0.999995
init sum: 0.999995
num pixels: 49152
tile num: 1798
total tile prob: 0.999995
tiles with prob > 0: 49
total tile prob after trim: 0.999995
num tiles after trim: 49
init_pos: 1268
*********running GCP*********
total time (wallclock): 0.0263138 seconds

$ /home/daisy/GRB-Search-Pipeline/search-planning/build/sp_train /home/daisy/GRB-Search-Pipeline/results/training/maps/short/adapt_p11-715852394892384_a135-0_388_map.h5 /home/daisy/GRB-Search-Pipeline/search-planning/tilings/tiling_files/5.36x4.5_tiling.csv 1770 10.0 10.0 5.0 0 /home/daisy/GRB-Search-Pipeline/results/training/short_searching_5.36x4.5_tiling.csv
Input Parameters:
  file        = /home/daisy/GRB-Search-Pipeline/results/training/maps/short/adapt_p11-715852394892384_a135-0_388_map.h5
  source_tile = 1770
  slew_rate   = 10
  dwell_time  = 5
  output      = /home/daisy/GRB-Search-Pipeline/results/training/short_searching_5.36x4.5_tiling.csv

source = [78.2841, 135], n_src_events = 506, n_bkg_events = 1189
Loaded 143 entries (unique=143, duplicates=0, missing=49009, out_of_bounds=0, non-finite=0)
Sum(prob) over finite entries = 0.999998
init sum: 0.999998
num pixels: 49152
tile num: 1798
total tile prob: 0.999998
tiles with prob > 0: 11
total tile prob after trim: 0.999998
num tiles after trim: 11
init_pos: 1770
*********running GCP*********
total time (wallclock): 0.0217244 seconds

$ /home/daisy/GRB-Search-Pipeline/search-planning/build/sp_train /home/daisy/GRB-Search-Pipeline/results/training/maps/short/adapt_p11-715852394892384_a135-0_389_map.h5 /home/daisy/GRB-Search-Pipeline/search-planning/tilings/tiling_files/5.36x4.5_tiling.csv 1770 10.0 10.0 5.0 0 /home/daisy/GRB-Search-Pipeline/results/training/short_searching_5.36x4.5_tiling.csv
Input Parameters:
  file        = /home/daisy/GRB-Search-Pipeline/results/training/maps/short/adapt_p11-715852394892384_a135-0_389_map.h5
  source_tile = 1770
  slew_rate   = 10
  dwell_time  = 5
  output      = /home/daisy/GRB-Search-Pipeline/results/training/short_searching_5.36x4.5_tiling.csv

source = [78.2841, 135], n_src_events = 679, n_bkg_events = 501
Loaded 70 entries (unique=70, duplicates=0, missing=49082, out_of_bounds=0, non-finite=0)
Sum(prob) over finite entries = 0.999999
init sum: 0.999999
num pixels: 49152
tile num: 1798
total tile prob: 0.999999
tiles with prob > 0: 7
total tile prob after trim: 0.999999
num tiles after trim: 7
init_pos: 1771
*********running GCP*********
total time (wallclock): 0.0221823 seconds

$ /home/daisy/GRB-Search-Pipeline/search-planning/build/sp_train /home/daisy/GRB-Search-Pipeline/results/training/maps/short/adapt_p11-715852394892384_a135-0_38_map.h5 /home/daisy/GRB-Search-Pipeline/search-planning/tilings/tiling_files/5.36x4.5_tiling.csv 1770 10.0 10.0 5.0 0 /home/daisy/GRB-Search-Pipeline/results/training/short_searching_5.36x4.5_tiling.csv
Input Parameters:
  file        = /home/daisy/GRB-Search-Pipeline/results/training/maps/short/adapt_p11-715852394892384_a135-0_38_map.h5
  source_tile = 1770
  slew_rate   = 10
  dwell_time  = 5
  output      = /home/daisy/GRB-Search-Pipeline/results/training/short_searching_5.36x4.5_tiling.csv

source = [78.2841, 135], n_src_events = 149, n_bkg_events = 1772
Loaded 1049 entries (unique=1049, duplicates=0, missing=48103, out_of_bounds=0, non-finite=0)
Sum(prob) over finite entries = 0.999993
init sum: 0.999993
num pixels: 49152
tile num: 1798
total tile prob: 0.999993
tiles with prob > 0: 60
total tile prob after trim: 0.999993
num tiles after trim: 60
init_pos: 1631
*********running GCP*********
total time (wallclock): 0.0506304 seconds

$ /home/daisy/GRB-Search-Pipeline/search-planning/build/sp_train /home/daisy/GRB-Search-Pipeline/results/training/maps/short/adapt_p11-715852394892384_a135-0_390_map.h5 /home/daisy/GRB-Search-Pipeline/search-planning/tilings/tiling_files/5.36x4.5_tiling.csv 1770 10.0 10.0 5.0 0 /home/daisy/GRB-Search-Pipeline/results/training/short_searching_5.36x4.5_tiling.csv
Input Parameters:
  file        = /home/daisy/GRB-Search-Pipeline/results/training/maps/short/adapt_p11-715852394892384_a135-0_390_map.h5
  source_tile = 1770
  slew_rate   = 10
  dwell_time  = 5
  output      = /home/daisy/GRB-Search-Pipeline/results/training/short_searching_5.36x4.5_tiling.csv

source = [78.2841, 135], n_src_events = 135, n_bkg_events = 1753
Loaded 1955 entries (unique=1955, duplicates=0, missing=47197, out_of_bounds=0, non-finite=0)
Sum(prob) over finite entries = 0.999994
init sum: 0.999994
num pixels: 49152
tile num: 1798
total tile prob: 0.999994
tiles with prob > 0: 113
total tile prob after trim: 0.999994
num tiles after trim: 113
init_pos: 1732
*********running GCP*********
total time (wallclock): 0.0270498 seconds

$ /home/daisy/GRB-Search-Pipeline/search-planning/build/sp_train /home/daisy/GRB-Search-Pipeline/results/training/maps/short/adapt_p11-715852394892384_a135-0_391_map.h5 /home/daisy/GRB-Search-Pipeline/search-planning/tilings/tiling_files/5.36x4.5_tiling.csv 1770 10.0 10.0 5.0 0 /home/daisy/GRB-Search-Pipeline/results/training/short_searching_5.36x4.5_tiling.csv
Input Parameters:
  file        = /home/daisy/GRB-Search-Pipeline/results/training/maps/short/adapt_p11-715852394892384_a135-0_391_map.h5
  source_tile = 1770
  slew_rate   = 10
  dwell_time  = 5
  output      = /home/daisy/GRB-Search-Pipeline/results/training/short_searching_5.36x4.5_tiling.csv

source = [78.2841, 135], n_src_events = 732, n_bkg_events = 430
Loaded 66 entries (unique=66, duplicates=0, missing=49086, out_of_bounds=0, non-finite=0)
Sum(prob) over finite entries = 0.999999
init sum: 0.999999
num pixels: 49152
tile num: 1798
total tile prob: 0.999999
tiles with prob > 0: 7
total tile prob after trim: 0.999999
num tiles after trim: 7
init_pos: 1785
*********running GCP*********
total time (wallclock): 0.0228071 seconds

$ /home/daisy/GRB-Search-Pipeline/search-planning/build/sp_train /home/daisy/GRB-Search-Pipeline/results/training/maps/short/adapt_p11-715852394892384_a135-0_392_map.h5 /home/daisy/GRB-Search-Pipeline/search-planning/tilings/tiling_files/5.36x4.5_tiling.csv 1770 10.0 10.0 5.0 0 /home/daisy/GRB-Search-Pipeline/results/training/short_searching_5.36x4.5_tiling.csv
Input Parameters:
  file        = /home/daisy/GRB-Search-Pipeline/results/training/maps/short/adapt_p11-715852394892384_a135-0_392_map.h5
  source_tile = 1770
  slew_rate   = 10
  dwell_time  = 5
  output      = /home/daisy/GRB-Search-Pipeline/results/training/short_searching_5.36x4.5_tiling.csv

source = [78.2841, 135], n_src_events = 300, n_bkg_events = 1219
Loaded 368 entries (unique=368, duplicates=0, missing=48784, out_of_bounds=0, non-finite=0)
Sum(prob) over finite entries = 0.999999
init sum: 0.999999
num pixels: 49152
tile num: 1798
total tile prob: 0.999999
tiles with prob > 0: 25
total tile prob after trim: 0.999999
num tiles after trim: 25
init_pos: 1754
*********running GCP*********
total time (wallclock): 0.0227858 seconds

$ /home/daisy/GRB-Search-Pipeline/search-planning/build/sp_train /home/daisy/GRB-Search-Pipeline/results/training/maps/short/adapt_p11-715852394892384_a135-0_393_map.h5 /home/daisy/GRB-Search-Pipeline/search-planning/tilings/tiling_files/5.36x4.5_tiling.csv 1770 10.0 10.0 5.0 0 /home/daisy/GRB-Search-Pipeline/results/training/short_searching_5.36x4.5_tiling.csv
Input Parameters:
  file        = /home/daisy/GRB-Search-Pipeline/results/training/maps/short/adapt_p11-715852394892384_a135-0_393_map.h5
  source_tile = 1770
  slew_rate   = 10
  dwell_time  = 5
  output      = /home/daisy/GRB-Search-Pipeline/results/training/short_searching_5.36x4.5_tiling.csv

source = [78.2841, 135], n_src_events = 709, n_bkg_events = 1627
Loaded 85 entries (unique=85, duplicates=0, missing=49067, out_of_bounds=0, non-finite=0)
Sum(prob) over finite entries = 0.999999
init sum: 0.999999
num pixels: 49152
tile num: 1798
total tile prob: 0.999999
tiles with prob > 0: 7
total tile prob after trim: 0.999999
num tiles after trim: 7
init_pos: 1785
*********running GCP*********
total time (wallclock): 0.0229525 seconds

$ /home/daisy/GRB-Search-Pipeline/search-planning/build/sp_train /home/daisy/GRB-Search-Pipeline/results/training/maps/short/adapt_p11-715852394892384_a135-0_394_map.h5 /home/daisy/GRB-Search-Pipeline/search-planning/tilings/tiling_files/5.36x4.5_tiling.csv 1770 10.0 10.0 5.0 0 /home/daisy/GRB-Search-Pipeline/results/training/short_searching_5.36x4.5_tiling.csv
Input Parameters:
  file        = /home/daisy/GRB-Search-Pipeline/results/training/maps/short/adapt_p11-715852394892384_a135-0_394_map.h5
  source_tile = 1770
  slew_rate   = 10
  dwell_time  = 5
  output      = /home/daisy/GRB-Search-Pipeline/results/training/short_searching_5.36x4.5_tiling.csv

source = [78.2841, 135], n_src_events = 346, n_bkg_events = 464
Loaded 128 entries (unique=128, duplicates=0, missing=49024, out_of_bounds=0, non-finite=0)
Sum(prob) over finite entries = 0.999998
init sum: 0.999998
num pixels: 49152
tile num: 1798
total tile prob: 0.999998
tiles with prob > 0: 10
total tile prob after trim: 0.999998
num tiles after trim: 10
init_pos: 1770
*********running GCP*********
total time (wallclock): 0.0219393 seconds

$ /home/daisy/GRB-Search-Pipeline/search-planning/build/sp_train /home/daisy/GRB-Search-Pipeline/results/training/maps/short/adapt_p11-715852394892384_a135-0_395_map.h5 /home/daisy/GRB-Search-Pipeline/search-planning/tilings/tiling_files/5.36x4.5_tiling.csv 1770 10.0 10.0 5.0 0 /home/daisy/GRB-Search-Pipeline/results/training/short_searching_5.36x4.5_tiling.csv
Input Parameters:
  file        = /home/daisy/GRB-Search-Pipeline/results/training/maps/short/adapt_p11-715852394892384_a135-0_395_map.h5
  source_tile = 1770
  slew_rate   = 10
  dwell_time  = 5
  output      = /home/daisy/GRB-Search-Pipeline/results/training/short_searching_5.36x4.5_tiling.csv

source = [78.2841, 135], n_src_events = 795, n_bkg_events = 1202
Loaded 111 entries (unique=111, duplicates=0, missing=49041, out_of_bounds=0, non-finite=0)
Sum(prob) over finite entries = 0.999998
init sum: 0.999998
num pixels: 49152
tile num: 1798
total tile prob: 0.999998
tiles with prob > 0: 9
total tile prob after trim: 0.999998
num tiles after trim: 9
init_pos: 1752
*********running GCP*********
total time (wallclock): 0.022098 seconds

$ /home/daisy/GRB-Search-Pipeline/search-planning/build/sp_train /home/daisy/GRB-Search-Pipeline/results/training/maps/short/adapt_p11-715852394892384_a135-0_396_map.h5 /home/daisy/GRB-Search-Pipeline/search-planning/tilings/tiling_files/5.36x4.5_tiling.csv 1770 10.0 10.0 5.0 0 /home/daisy/GRB-Search-Pipeline/results/training/short_searching_5.36x4.5_tiling.csv
Input Parameters:
  file        = /home/daisy/GRB-Search-Pipeline/results/training/maps/short/adapt_p11-715852394892384_a135-0_396_map.h5
  source_tile = 1770
  slew_rate   = 10
  dwell_time  = 5
  output      = /home/daisy/GRB-Search-Pipeline/results/training/short_searching_5.36x4.5_tiling.csv

source = [78.2841, 135], n_src_events = 322, n_bkg_events = 1380
Loaded 338 entries (unique=338, duplicates=0, missing=48814, out_of_bounds=0, non-finite=0)
Sum(prob) over finite entries = 0.999999
init sum: 0.999999
num pixels: 49152
tile num: 1798
total tile prob: 0.999999
tiles with prob > 0: 23
total tile prob after trim: 0.999999
num tiles after trim: 23
init_pos: 1749
*********running GCP*********
total time (wallclock): 0.0234904 seconds

$ /home/daisy/GRB-Search-Pipeline/search-planning/build/sp_train /home/daisy/GRB-Search-Pipeline/results/training/maps/short/adapt_p11-715852394892384_a135-0_397_map.h5 /home/daisy/GRB-Search-Pipeline/search-planning/tilings/tiling_files/5.36x4.5_tiling.csv 1770 10.0 10.0 5.0 0 /home/daisy/GRB-Search-Pipeline/results/training/short_searching_5.36x4.5_tiling.csv
Input Parameters:
  file        = /home/daisy/GRB-Search-Pipeline/results/training/maps/short/adapt_p11-715852394892384_a135-0_397_map.h5
  source_tile = 1770
  slew_rate   = 10
  dwell_time  = 5
  output      = /home/daisy/GRB-Search-Pipeline/results/training/short_searching_5.36x4.5_tiling.csv

source = [78.2841, 135], n_src_events = 515, n_bkg_events = 818
Loaded 119 entries (unique=119, duplicates=0, missing=49033, out_of_bounds=0, non-finite=0)
Sum(prob) over finite entries = 0.999999
init sum: 0.999999
num pixels: 49152
tile num: 1798
total tile prob: 0.999999
tiles with prob > 0: 10
total tile prob after trim: 0.999999
num tiles after trim: 10
init_pos: 1785
*********running GCP*********
total time (wallclock): 0.0227789 seconds

$ /home/daisy/GRB-Search-Pipeline/search-planning/build/sp_train /home/daisy/GRB-Search-Pipeline/results/training/maps/short/adapt_p11-715852394892384_a135-0_398_map.h5 /home/daisy/GRB-Search-Pipeline/search-planning/tilings/tiling_files/5.36x4.5_tiling.csv 1770 10.0 10.0 5.0 0 /home/daisy/GRB-Search-Pipeline/results/training/short_searching_5.36x4.5_tiling.csv
Input Parameters:
  file        = /home/daisy/GRB-Search-Pipeline/results/training/maps/short/adapt_p11-715852394892384_a135-0_398_map.h5
  source_tile = 1770
  slew_rate   = 10
  dwell_time  = 5
  output      = /home/daisy/GRB-Search-Pipeline/results/training/short_searching_5.36x4.5_tiling.csv

source = [78.2841, 135], n_src_events = 101, n_bkg_events = 1635
Loaded 4900 entries (unique=4900, duplicates=0, missing=44252, out_of_bounds=0, non-finite=0)
Sum(prob) over finite entries = 0.999994
init sum: 0.999994
num pixels: 49152
tile num: 1798
total tile prob: 0.999994
tiles with prob > 0: 229
total tile prob after trim: 0.999994
num tiles after trim: 229
init_pos: 906
*********running GCP*********
total time (wallclock): 0.509677 seconds

$ /home/daisy/GRB-Search-Pipeline/search-planning/build/sp_train /home/daisy/GRB-Search-Pipeline/results/training/maps/short/adapt_p11-715852394892384_a135-0_399_map.h5 /home/daisy/GRB-Search-Pipeline/search-planning/tilings/tiling_files/5.36x4.5_tiling.csv 1770 10.0 10.0 5.0 0 /home/daisy/GRB-Search-Pipeline/results/training/short_searching_5.36x4.5_tiling.csv
Input Parameters:
  file        = /home/daisy/GRB-Search-Pipeline/results/training/maps/short/adapt_p11-715852394892384_a135-0_399_map.h5
  source_tile = 1770
  slew_rate   = 10
  dwell_time  = 5
  output      = /home/daisy/GRB-Search-Pipeline/results/training/short_searching_5.36x4.5_tiling.csv

source = [78.2841, 135], n_src_events = 223, n_bkg_events = 438
Loaded 331 entries (unique=331, duplicates=0, missing=48821, out_of_bounds=0, non-finite=0)
Sum(prob) over finite entries = 0.999998
init sum: 0.999998
num pixels: 49152
tile num: 1798
total tile prob: 0.999998
tiles with prob > 0: 19
total tile prob after trim: 0.999998
num tiles after trim: 19
init_pos: 1769
*********running GCP*********
total time (wallclock): 0.0233584 seconds

$ /home/daisy/GRB-Search-Pipeline/search-planning/build/sp_train /home/daisy/GRB-Search-Pipeline/results/training/maps/short/adapt_p11-715852394892384_a135-0_39_map.h5 /home/daisy/GRB-Search-Pipeline/search-planning/tilings/tiling_files/5.36x4.5_tiling.csv 1770 10.0 10.0 5.0 0 /home/daisy/GRB-Search-Pipeline/results/training/short_searching_5.36x4.5_tiling.csv
Input Parameters:
  file        = /home/daisy/GRB-Search-Pipeline/results/training/maps/short/adapt_p11-715852394892384_a135-0_39_map.h5
  source_tile = 1770
  slew_rate   = 10
  dwell_time  = 5
  output      = /home/daisy/GRB-Search-Pipeline/results/training/short_searching_5.36x4.5_tiling.csv

source = [78.2841, 135], n_src_events = 694, n_bkg_events = 649
Loaded 46 entries (unique=46, duplicates=0, missing=49106, out_of_bounds=0, non-finite=0)
Sum(prob) over finite entries = 0.999999
init sum: 0.999999
num pixels: 49152
tile num: 1798
total tile prob: 0.999999
tiles with prob > 0: 4
total tile prob after trim: 0.999999
num tiles after trim: 4
init_pos: 1752
*********running GCP*********
total time (wallclock): 0.0237425 seconds

$ /home/daisy/GRB-Search-Pipeline/search-planning/build/sp_train /home/daisy/GRB-Search-Pipeline/results/training/maps/short/adapt_p11-715852394892384_a135-0_3_map.h5 /home/daisy/GRB-Search-Pipeline/search-planning/tilings/tiling_files/5.36x4.5_tiling.csv 1770 10.0 10.0 5.0 0 /home/daisy/GRB-Search-Pipeline/results/training/short_searching_5.36x4.5_tiling.csv
Input Parameters:
  file        = /home/daisy/GRB-Search-Pipeline/results/training/maps/short/adapt_p11-715852394892384_a135-0_3_map.h5
  source_tile = 1770
  slew_rate   = 10
  dwell_time  = 5
  output      = /home/daisy/GRB-Search-Pipeline/results/training/short_searching_5.36x4.5_tiling.csv

source = [78.2841, 135], n_src_events = 552, n_bkg_events = 972
Loaded 93 entries (unique=93, duplicates=0, missing=49059, out_of_bounds=0, non-finite=0)
Sum(prob) over finite entries = 0.999999
init sum: 0.999999
num pixels: 49152
tile num: 1798
total tile prob: 0.999999
tiles with prob > 0: 6
total tile prob after trim: 0.999999
num tiles after trim: 6
init_pos: 1770
*********running GCP*********
total time (wallclock): 0.0222792 seconds

$ /home/daisy/GRB-Search-Pipeline/search-planning/build/sp_train /home/daisy/GRB-Search-Pipeline/results/training/maps/short/adapt_p11-715852394892384_a135-0_400_map.h5 /home/daisy/GRB-Search-Pipeline/search-planning/tilings/tiling_files/5.36x4.5_tiling.csv 1770 10.0 10.0 5.0 0 /home/daisy/GRB-Search-Pipeline/results/training/short_searching_5.36x4.5_tiling.csv
Input Parameters:
  file        = /home/daisy/GRB-Search-Pipeline/results/training/maps/short/adapt_p11-715852394892384_a135-0_400_map.h5
  source_tile = 1770
  slew_rate   = 10
  dwell_time  = 5
  output      = /home/daisy/GRB-Search-Pipeline/results/training/short_searching_5.36x4.5_tiling.csv

source = [78.2841, 135], n_src_events = 133, n_bkg_events = 272
Loaded 665 entries (unique=665, duplicates=0, missing=48487, out_of_bounds=0, non-finite=0)
Sum(prob) over finite entries = 0.999998
init sum: 0.999998
num pixels: 49152
tile num: 1798
total tile prob: 0.999998
tiles with prob > 0: 41
total tile prob after trim: 0.999998
num tiles after trim: 41
init_pos: 1729
*********running GCP*********
total time (wallclock): 0.0239602 seconds

$ /home/daisy/GRB-Search-Pipeline/search-planning/build/sp_train /home/daisy/GRB-Search-Pipeline/results/training/maps/short/adapt_p11-715852394892384_a135-0_401_map.h5 /home/daisy/GRB-Search-Pipeline/search-planning/tilings/tiling_files/5.36x4.5_tiling.csv 1770 10.0 10.0 5.0 0 /home/daisy/GRB-Search-Pipeline/results/training/short_searching_5.36x4.5_tiling.csv
Input Parameters:
  file        = /home/daisy/GRB-Search-Pipeline/results/training/maps/short/adapt_p11-715852394892384_a135-0_401_map.h5
  source_tile = 1770
  slew_rate   = 10
  dwell_time  = 5
  output      = /home/daisy/GRB-Search-Pipeline/results/training/short_searching_5.36x4.5_tiling.csv

source = [78.2841, 135], n_src_events = 681, n_bkg_events = 562
Loaded 65 entries (unique=65, duplicates=0, missing=49087, out_of_bounds=0, non-finite=0)
Sum(prob) over finite entries = 0.999999
init sum: 0.999999
num pixels: 49152
tile num: 1798
total tile prob: 0.999999
tiles with prob > 0: 7
total tile prob after trim: 0.999999
num tiles after trim: 7
init_pos: 1771
*********running GCP*********
total time (wallclock): 0.0231019 seconds

$ /home/daisy/GRB-Search-Pipeline/search-planning/build/sp_train /home/daisy/GRB-Search-Pipeline/results/training/maps/short/adapt_p11-715852394892384_a135-0_402_map.h5 /home/daisy/GRB-Search-Pipeline/search-planning/tilings/tiling_files/5.36x4.5_tiling.csv 1770 10.0 10.0 5.0 0 /home/daisy/GRB-Search-Pipeline/results/training/short_searching_5.36x4.5_tiling.csv
Input Parameters:
  file        = /home/daisy/GRB-Search-Pipeline/results/training/maps/short/adapt_p11-715852394892384_a135-0_402_map.h5
  source_tile = 1770
  slew_rate   = 10
  dwell_time  = 5
  output      = /home/daisy/GRB-Search-Pipeline/results/training/short_searching_5.36x4.5_tiling.csv

source = [78.2841, 135], n_src_events = 862, n_bkg_events = 1074
Loaded 47 entries (unique=47, duplicates=0, missing=49105, out_of_bounds=0, non-finite=0)
Sum(prob) over finite entries = 0.999999
init sum: 0.999999
num pixels: 49152
tile num: 1798
total tile prob: 0.999999
tiles with prob > 0: 5
total tile prob after trim: 0.999999
num tiles after trim: 5
init_pos: 1753
*********running GCP*********
total time (wallclock): 0.0236892 seconds

$ /home/daisy/GRB-Search-Pipeline/search-planning/build/sp_train /home/daisy/GRB-Search-Pipeline/results/training/maps/short/adapt_p11-715852394892384_a135-0_403_map.h5 /home/daisy/GRB-Search-Pipeline/search-planning/tilings/tiling_files/5.36x4.5_tiling.csv 1770 10.0 10.0 5.0 0 /home/daisy/GRB-Search-Pipeline/results/training/short_searching_5.36x4.5_tiling.csv
Input Parameters:
  file        = /home/daisy/GRB-Search-Pipeline/results/training/maps/short/adapt_p11-715852394892384_a135-0_403_map.h5
  source_tile = 1770
  slew_rate   = 10
  dwell_time  = 5
  output      = /home/daisy/GRB-Search-Pipeline/results/training/short_searching_5.36x4.5_tiling.csv

source = [78.2841, 135], n_src_events = 381, n_bkg_events = 1267
Loaded 178 entries (unique=178, duplicates=0, missing=48974, out_of_bounds=0, non-finite=0)
Sum(prob) over finite entries = 0.999999
init sum: 0.999999
num pixels: 49152
tile num: 1798
total tile prob: 0.999999
tiles with prob > 0: 11
total tile prob after trim: 0.999999
num tiles after trim: 11
init_pos: 1728
*********running GCP*********
total time (wallclock): 0.0246915 seconds

$ /home/daisy/GRB-Search-Pipeline/search-planning/build/sp_train /home/daisy/GRB-Search-Pipeline/results/training/maps/short/adapt_p11-715852394892384_a135-0_404_map.h5 /home/daisy/GRB-Search-Pipeline/search-planning/tilings/tiling_files/5.36x4.5_tiling.csv 1770 10.0 10.0 5.0 0 /home/daisy/GRB-Search-Pipeline/results/training/short_searching_5.36x4.5_tiling.csv
Input Parameters:
  file        = /home/daisy/GRB-Search-Pipeline/results/training/maps/short/adapt_p11-715852394892384_a135-0_404_map.h5
  source_tile = 1770
  slew_rate   = 10
  dwell_time  = 5
  output      = /home/daisy/GRB-Search-Pipeline/results/training/short_searching_5.36x4.5_tiling.csv

source = [78.2841, 135], n_src_events = 316, n_bkg_events = 1871
Loaded 234 entries (unique=234, duplicates=0, missing=48918, out_of_bounds=0, non-finite=0)
Sum(prob) over finite entries = 0.999999
init sum: 0.999999
num pixels: 49152
tile num: 1798
total tile prob: 0.999999
tiles with prob > 0: 16
total tile prob after trim: 0.999999
num tiles after trim: 16
init_pos: 1751
*********running GCP*********
total time (wallclock): 0.0233788 seconds

$ /home/daisy/GRB-Search-Pipeline/search-planning/build/sp_train /home/daisy/GRB-Search-Pipeline/results/training/maps/short/adapt_p11-715852394892384_a135-0_405_map.h5 /home/daisy/GRB-Search-Pipeline/search-planning/tilings/tiling_files/5.36x4.5_tiling.csv 1770 10.0 10.0 5.0 0 /home/daisy/GRB-Search-Pipeline/results/training/short_searching_5.36x4.5_tiling.csv
Input Parameters:
  file        = /home/daisy/GRB-Search-Pipeline/results/training/maps/short/adapt_p11-715852394892384_a135-0_405_map.h5
  source_tile = 1770
  slew_rate   = 10
  dwell_time  = 5
  output      = /home/daisy/GRB-Search-Pipeline/results/training/short_searching_5.36x4.5_tiling.csv

source = [78.2841, 135], n_src_events = 490, n_bkg_events = 1695
Loaded 199 entries (unique=199, duplicates=0, missing=48953, out_of_bounds=0, non-finite=0)
Sum(prob) over finite entries = 0.999999
init sum: 0.999999
num pixels: 49152
tile num: 1798
total tile prob: 0.999999
tiles with prob > 0: 15
total tile prob after trim: 0.999999
num tiles after trim: 15
init_pos: 1771
*********running GCP*********
total time (wallclock): 0.0236501 seconds

$ /home/daisy/GRB-Search-Pipeline/search-planning/build/sp_train /home/daisy/GRB-Search-Pipeline/results/training/maps/short/adapt_p11-715852394892384_a135-0_406_map.h5 /home/daisy/GRB-Search-Pipeline/search-planning/tilings/tiling_files/5.36x4.5_tiling.csv 1770 10.0 10.0 5.0 0 /home/daisy/GRB-Search-Pipeline/results/training/short_searching_5.36x4.5_tiling.csv
Input Parameters:
  file        = /home/daisy/GRB-Search-Pipeline/results/training/maps/short/adapt_p11-715852394892384_a135-0_406_map.h5
  source_tile = 1770
  slew_rate   = 10
  dwell_time  = 5
  output      = /home/daisy/GRB-Search-Pipeline/results/training/short_searching_5.36x4.5_tiling.csv

source = [78.2841, 135], n_src_events = 337, n_bkg_events = 1796
Loaded 488 entries (unique=488, duplicates=0, missing=48664, out_of_bounds=0, non-finite=0)
Sum(prob) over finite entries = 0.999997
init sum: 0.999997
num pixels: 49152
tile num: 1798
total tile prob: 0.999997
tiles with prob > 0: 30
total tile prob after trim: 0.999997
num tiles after trim: 30
init_pos: 1769
*********running GCP*********
total time (wallclock): 0.0247064 seconds

$ /home/daisy/GRB-Search-Pipeline/search-planning/build/sp_train /home/daisy/GRB-Search-Pipeline/results/training/maps/short/adapt_p11-715852394892384_a135-0_407_map.h5 /home/daisy/GRB-Search-Pipeline/search-planning/tilings/tiling_files/5.36x4.5_tiling.csv 1770 10.0 10.0 5.0 0 /home/daisy/GRB-Search-Pipeline/results/training/short_searching_5.36x4.5_tiling.csv
Input Parameters:
  file        = /home/daisy/GRB-Search-Pipeline/results/training/maps/short/adapt_p11-715852394892384_a135-0_407_map.h5
  source_tile = 1770
  slew_rate   = 10
  dwell_time  = 5
  output      = /home/daisy/GRB-Search-Pipeline/results/training/short_searching_5.36x4.5_tiling.csv

source = [78.2841, 135], n_src_events = 760, n_bkg_events = 1046
Loaded 60 entries (unique=60, duplicates=0, missing=49092, out_of_bounds=0, non-finite=0)
Sum(prob) over finite entries = 0.999999
init sum: 0.999999
num pixels: 49152
tile num: 1798
total tile prob: 0.999999
tiles with prob > 0: 5
total tile prob after trim: 0.999999
num tiles after trim: 5
init_pos: 1771
*********running GCP*********
total time (wallclock): 0.022852 seconds

$ /home/daisy/GRB-Search-Pipeline/search-planning/build/sp_train /home/daisy/GRB-Search-Pipeline/results/training/maps/short/adapt_p11-715852394892384_a135-0_408_map.h5 /home/daisy/GRB-Search-Pipeline/search-planning/tilings/tiling_files/5.36x4.5_tiling.csv 1770 10.0 10.0 5.0 0 /home/daisy/GRB-Search-Pipeline/results/training/short_searching_5.36x4.5_tiling.csv
Input Parameters:
  file        = /home/daisy/GRB-Search-Pipeline/results/training/maps/short/adapt_p11-715852394892384_a135-0_408_map.h5
  source_tile = 1770
  slew_rate   = 10
  dwell_time  = 5
  output      = /home/daisy/GRB-Search-Pipeline/results/training/short_searching_5.36x4.5_tiling.csv

source = [78.2841, 135], n_src_events = 819, n_bkg_events = 160
Loaded 38 entries (unique=38, duplicates=0, missing=49114, out_of_bounds=0, non-finite=0)
Sum(prob) over finite entries = 0.999999
init sum: 0.999999
num pixels: 49152
tile num: 1798
total tile prob: 0.999999
tiles with prob > 0: 5
total tile prob after trim: 0.999999
num tiles after trim: 5
init_pos: 1753
*********running GCP*********
total time (wallclock): 0.0230632 seconds

$ /home/daisy/GRB-Search-Pipeline/search-planning/build/sp_train /home/daisy/GRB-Search-Pipeline/results/training/maps/short/adapt_p11-715852394892384_a135-0_409_map.h5 /home/daisy/GRB-Search-Pipeline/search-planning/tilings/tiling_files/5.36x4.5_tiling.csv 1770 10.0 10.0 5.0 0 /home/daisy/GRB-Search-Pipeline/results/training/short_searching_5.36x4.5_tiling.csv
Input Parameters:
  file        = /home/daisy/GRB-Search-Pipeline/results/training/maps/short/adapt_p11-715852394892384_a135-0_409_map.h5
  source_tile = 1770
  slew_rate   = 10
  dwell_time  = 5
  output      = /home/daisy/GRB-Search-Pipeline/results/training/short_searching_5.36x4.5_tiling.csv

source = [78.2841, 135], n_src_events = 526, n_bkg_events = 1591
Loaded 144 entries (unique=144, duplicates=0, missing=49008, out_of_bounds=0, non-finite=0)
Sum(prob) over finite entries = 0.999998
init sum: 0.999998
num pixels: 49152
tile num: 1798
total tile prob: 0.999998
tiles with prob > 0: 13
total tile prob after trim: 0.999998
num tiles after trim: 13
init_pos: 1786
*********running GCP*********
total time (wallclock): 0.0225731 seconds

$ /home/daisy/GRB-Search-Pipeline/search-planning/build/sp_train /home/daisy/GRB-Search-Pipeline/results/training/maps/short/adapt_p11-715852394892384_a135-0_40_map.h5 /home/daisy/GRB-Search-Pipeline/search-planning/tilings/tiling_files/5.36x4.5_tiling.csv 1770 10.0 10.0 5.0 0 /home/daisy/GRB-Search-Pipeline/results/training/short_searching_5.36x4.5_tiling.csv
Input Parameters:
  file        = /home/daisy/GRB-Search-Pipeline/results/training/maps/short/adapt_p11-715852394892384_a135-0_40_map.h5
  source_tile = 1770
  slew_rate   = 10
  dwell_time  = 5
  output      = /home/daisy/GRB-Search-Pipeline/results/training/short_searching_5.36x4.5_tiling.csv

source = [78.2841, 135], n_src_events = 717, n_bkg_events = 364
Loaded 47 entries (unique=47, duplicates=0, missing=49105, out_of_bounds=0, non-finite=0)
Sum(prob) over finite entries = 0.999999
init sum: 0.999999
num pixels: 49152
tile num: 1798
total tile prob: 0.999999
tiles with prob > 0: 5
total tile prob after trim: 0.999999
num tiles after trim: 5
init_pos: 1770
*********running GCP*********
total time (wallclock): 0.0217655 seconds

$ /home/daisy/GRB-Search-Pipeline/search-planning/build/sp_train /home/daisy/GRB-Search-Pipeline/results/training/maps/short/adapt_p11-715852394892384_a135-0_410_map.h5 /home/daisy/GRB-Search-Pipeline/search-planning/tilings/tiling_files/5.36x4.5_tiling.csv 1770 10.0 10.0 5.0 0 /home/daisy/GRB-Search-Pipeline/results/training/short_searching_5.36x4.5_tiling.csv
Input Parameters:
  file        = /home/daisy/GRB-Search-Pipeline/results/training/maps/short/adapt_p11-715852394892384_a135-0_410_map.h5
  source_tile = 1770
  slew_rate   = 10
  dwell_time  = 5
  output      = /home/daisy/GRB-Search-Pipeline/results/training/short_searching_5.36x4.5_tiling.csv

source = [78.2841, 135], n_src_events = 439, n_bkg_events = 110
Loaded 72 entries (unique=72, duplicates=0, missing=49080, out_of_bounds=0, non-finite=0)
Sum(prob) over finite entries = 0.999999
init sum: 0.999999
num pixels: 49152
tile num: 1798
total tile prob: 0.999999
tiles with prob > 0: 5
total tile prob after trim: 0.999999
num tiles after trim: 5
init_pos: 1771
*********running GCP*********
total time (wallclock): 0.0227742 seconds

$ /home/daisy/GRB-Search-Pipeline/search-planning/build/sp_train /home/daisy/GRB-Search-Pipeline/results/training/maps/short/adapt_p11-715852394892384_a135-0_411_map.h5 /home/daisy/GRB-Search-Pipeline/search-planning/tilings/tiling_files/5.36x4.5_tiling.csv 1770 10.0 10.0 5.0 0 /home/daisy/GRB-Search-Pipeline/results/training/short_searching_5.36x4.5_tiling.csv
Input Parameters:
  file        = /home/daisy/GRB-Search-Pipeline/results/training/maps/short/adapt_p11-715852394892384_a135-0_411_map.h5
  source_tile = 1770
  slew_rate   = 10
  dwell_time  = 5
  output      = /home/daisy/GRB-Search-Pipeline/results/training/short_searching_5.36x4.5_tiling.csv

source = [78.2841, 135], n_src_events = 681, n_bkg_events = 1229
Loaded 75 entries (unique=75, duplicates=0, missing=49077, out_of_bounds=0, non-finite=0)
Sum(prob) over finite entries = 0.999999
init sum: 0.999999
num pixels: 49152
tile num: 1798
total tile prob: 0.999999
tiles with prob > 0: 9
total tile prob after trim: 0.999999
num tiles after trim: 9
init_pos: 1771
*********running GCP*********
total time (wallclock): 0.0243604 seconds

$ /home/daisy/GRB-Search-Pipeline/search-planning/build/sp_train /home/daisy/GRB-Search-Pipeline/results/training/maps/short/adapt_p11-715852394892384_a135-0_412_map.h5 /home/daisy/GRB-Search-Pipeline/search-planning/tilings/tiling_files/5.36x4.5_tiling.csv 1770 10.0 10.0 5.0 0 /home/daisy/GRB-Search-Pipeline/results/training/short_searching_5.36x4.5_tiling.csv
Input Parameters:
  file        = /home/daisy/GRB-Search-Pipeline/results/training/maps/short/adapt_p11-715852394892384_a135-0_412_map.h5
  source_tile = 1770
  slew_rate   = 10
  dwell_time  = 5
  output      = /home/daisy/GRB-Search-Pipeline/results/training/short_searching_5.36x4.5_tiling.csv

source = [78.2841, 135], n_src_events = 579, n_bkg_events = 950
Loaded 99 entries (unique=99, duplicates=0, missing=49053, out_of_bounds=0, non-finite=0)
Sum(prob) over finite entries = 0.999999
init sum: 0.999999
num pixels: 49152
tile num: 1798
total tile prob: 0.999999
tiles with prob > 0: 8
total tile prob after trim: 0.999999
num tiles after trim: 8
init_pos: 1771
*********running GCP*********
total time (wallclock): 0.0226911 seconds

$ /home/daisy/GRB-Search-Pipeline/search-planning/build/sp_train /home/daisy/GRB-Search-Pipeline/results/training/maps/short/adapt_p11-715852394892384_a135-0_413_map.h5 /home/daisy/GRB-Search-Pipeline/search-planning/tilings/tiling_files/5.36x4.5_tiling.csv 1770 10.0 10.0 5.0 0 /home/daisy/GRB-Search-Pipeline/results/training/short_searching_5.36x4.5_tiling.csv
Input Parameters:
  file        = /home/daisy/GRB-Search-Pipeline/results/training/maps/short/adapt_p11-715852394892384_a135-0_413_map.h5
  source_tile = 1770
  slew_rate   = 10
  dwell_time  = 5
  output      = /home/daisy/GRB-Search-Pipeline/results/training/short_searching_5.36x4.5_tiling.csv

source = [78.2841, 135], n_src_events = 851, n_bkg_events = 1785
Loaded 63 entries (unique=63, duplicates=0, missing=49089, out_of_bounds=0, non-finite=0)
Sum(prob) over finite entries = 0.999999
init sum: 0.999999
num pixels: 49152
tile num: 1798
total tile prob: 0.999999
tiles with prob > 0: 8
total tile prob after trim: 0.999999
num tiles after trim: 8
init_pos: 1753
*********running GCP*********
total time (wallclock): 0.0230849 seconds

$ /home/daisy/GRB-Search-Pipeline/search-planning/build/sp_train /home/daisy/GRB-Search-Pipeline/results/training/maps/short/adapt_p11-715852394892384_a135-0_414_map.h5 /home/daisy/GRB-Search-Pipeline/search-planning/tilings/tiling_files/5.36x4.5_tiling.csv 1770 10.0 10.0 5.0 0 /home/daisy/GRB-Search-Pipeline/results/training/short_searching_5.36x4.5_tiling.csv
Input Parameters:
  file        = /home/daisy/GRB-Search-Pipeline/results/training/maps/short/adapt_p11-715852394892384_a135-0_414_map.h5
  source_tile = 1770
  slew_rate   = 10
  dwell_time  = 5
  output      = /home/daisy/GRB-Search-Pipeline/results/training/short_searching_5.36x4.5_tiling.csv

source = [78.2841, 135], n_src_events = 435, n_bkg_events = 1572
Loaded 147 entries (unique=147, duplicates=0, missing=49005, out_of_bounds=0, non-finite=0)
Sum(prob) over finite entries = 0.999999
init sum: 0.999999
num pixels: 49152
tile num: 1798
total tile prob: 0.999999
tiles with prob > 0: 11
total tile prob after trim: 0.999999
num tiles after trim: 11
init_pos: 1771
*********running GCP*********
total time (wallclock): 0.0254657 seconds

$ /home/daisy/GRB-Search-Pipeline/search-planning/build/sp_train /home/daisy/GRB-Search-Pipeline/results/training/maps/short/adapt_p11-715852394892384_a135-0_415_map.h5 /home/daisy/GRB-Search-Pipeline/search-planning/tilings/tiling_files/5.36x4.5_tiling.csv 1770 10.0 10.0 5.0 0 /home/daisy/GRB-Search-Pipeline/results/training/short_searching_5.36x4.5_tiling.csv
Input Parameters:
  file        = /home/daisy/GRB-Search-Pipeline/results/training/maps/short/adapt_p11-715852394892384_a135-0_415_map.h5
  source_tile = 1770
  slew_rate   = 10
  dwell_time  = 5
  output      = /home/daisy/GRB-Search-Pipeline/results/training/short_searching_5.36x4.5_tiling.csv

source = [78.2841, 135], n_src_events = 836, n_bkg_events = 395
Loaded 41 entries (unique=41, duplicates=0, missing=49111, out_of_bounds=0, non-finite=0)
Sum(prob) over finite entries = 0.999999
init sum: 0.999999
num pixels: 49152
tile num: 1798
total tile prob: 0.999999
tiles with prob > 0: 5
total tile prob after trim: 0.999999
num tiles after trim: 5
init_pos: 1753
*********running GCP*********
total time (wallclock): 0.0230098 seconds

$ /home/daisy/GRB-Search-Pipeline/search-planning/build/sp_train /home/daisy/GRB-Search-Pipeline/results/training/maps/short/adapt_p11-715852394892384_a135-0_416_map.h5 /home/daisy/GRB-Search-Pipeline/search-planning/tilings/tiling_files/5.36x4.5_tiling.csv 1770 10.0 10.0 5.0 0 /home/daisy/GRB-Search-Pipeline/results/training/short_searching_5.36x4.5_tiling.csv
Input Parameters:
  file        = /home/daisy/GRB-Search-Pipeline/results/training/maps/short/adapt_p11-715852394892384_a135-0_416_map.h5
  source_tile = 1770
  slew_rate   = 10
  dwell_time  = 5
  output      = /home/daisy/GRB-Search-Pipeline/results/training/short_searching_5.36x4.5_tiling.csv

source = [78.2841, 135], n_src_events = 119, n_bkg_events = 598
Loaded 970 entries (unique=970, duplicates=0, missing=48182, out_of_bounds=0, non-finite=0)
Sum(prob) over finite entries = 0.999997
init sum: 0.999997
num pixels: 49152
tile num: 1798
total tile prob: 0.999997
tiles with prob > 0: 57
total tile prob after trim: 0.999997
num tiles after trim: 57
init_pos: 1782
*********running GCP*********
total time (wallclock): 0.0296213 seconds

$ /home/daisy/GRB-Search-Pipeline/search-planning/build/sp_train /home/daisy/GRB-Search-Pipeline/results/training/maps/short/adapt_p11-715852394892384_a135-0_417_map.h5 /home/daisy/GRB-Search-Pipeline/search-planning/tilings/tiling_files/5.36x4.5_tiling.csv 1770 10.0 10.0 5.0 0 /home/daisy/GRB-Search-Pipeline/results/training/short_searching_5.36x4.5_tiling.csv
Input Parameters:
  file        = /home/daisy/GRB-Search-Pipeline/results/training/maps/short/adapt_p11-715852394892384_a135-0_417_map.h5
  source_tile = 1770
  slew_rate   = 10
  dwell_time  = 5
  output      = /home/daisy/GRB-Search-Pipeline/results/training/short_searching_5.36x4.5_tiling.csv

source = [78.2841, 135], n_src_events = 487, n_bkg_events = 1723
Loaded 161 entries (unique=161, duplicates=0, missing=48991, out_of_bounds=0, non-finite=0)
Sum(prob) over finite entries = 0.999998
init sum: 0.999998
num pixels: 49152
tile num: 1798
total tile prob: 0.999998
tiles with prob > 0: 11
total tile prob after trim: 0.999998
num tiles after trim: 11
init_pos: 1728
*********running GCP*********
total time (wallclock): 0.0244187 seconds

$ /home/daisy/GRB-Search-Pipeline/search-planning/build/sp_train /home/daisy/GRB-Search-Pipeline/results/training/maps/short/adapt_p11-715852394892384_a135-0_418_map.h5 /home/daisy/GRB-Search-Pipeline/search-planning/tilings/tiling_files/5.36x4.5_tiling.csv 1770 10.0 10.0 5.0 0 /home/daisy/GRB-Search-Pipeline/results/training/short_searching_5.36x4.5_tiling.csv
Input Parameters:
  file        = /home/daisy/GRB-Search-Pipeline/results/training/maps/short/adapt_p11-715852394892384_a135-0_418_map.h5
  source_tile = 1770
  slew_rate   = 10
  dwell_time  = 5
  output      = /home/daisy/GRB-Search-Pipeline/results/training/short_searching_5.36x4.5_tiling.csv

source = [78.2841, 135], n_src_events = 613, n_bkg_events = 1755
Loaded 105 entries (unique=105, duplicates=0, missing=49047, out_of_bounds=0, non-finite=0)
Sum(prob) over finite entries = 0.999999
init sum: 0.999999
num pixels: 49152
tile num: 1798
total tile prob: 0.999999
tiles with prob > 0: 10
total tile prob after trim: 0.999999
num tiles after trim: 10
init_pos: 1752
*********running GCP*********
total time (wallclock): 0.0223447 seconds

$ /home/daisy/GRB-Search-Pipeline/search-planning/build/sp_train /home/daisy/GRB-Search-Pipeline/results/training/maps/short/adapt_p11-715852394892384_a135-0_419_map.h5 /home/daisy/GRB-Search-Pipeline/search-planning/tilings/tiling_files/5.36x4.5_tiling.csv 1770 10.0 10.0 5.0 0 /home/daisy/GRB-Search-Pipeline/results/training/short_searching_5.36x4.5_tiling.csv
Input Parameters:
  file        = /home/daisy/GRB-Search-Pipeline/results/training/maps/short/adapt_p11-715852394892384_a135-0_419_map.h5
  source_tile = 1770
  slew_rate   = 10
  dwell_time  = 5
  output      = /home/daisy/GRB-Search-Pipeline/results/training/short_searching_5.36x4.5_tiling.csv

source = [78.2841, 135], n_src_events = 424, n_bkg_events = 717
Loaded 202 entries (unique=202, duplicates=0, missing=48950, out_of_bounds=0, non-finite=0)
Sum(prob) over finite entries = 0.999998
init sum: 0.999998
num pixels: 49152
tile num: 1798
total tile prob: 0.999998
tiles with prob > 0: 18
total tile prob after trim: 0.999998
num tiles after trim: 18
init_pos: 1785
*********running GCP*********
total time (wallclock): 0.0230025 seconds

$ /home/daisy/GRB-Search-Pipeline/search-planning/build/sp_train /home/daisy/GRB-Search-Pipeline/results/training/maps/short/adapt_p11-715852394892384_a135-0_41_map.h5 /home/daisy/GRB-Search-Pipeline/search-planning/tilings/tiling_files/5.36x4.5_tiling.csv 1770 10.0 10.0 5.0 0 /home/daisy/GRB-Search-Pipeline/results/training/short_searching_5.36x4.5_tiling.csv
Input Parameters:
  file        = /home/daisy/GRB-Search-Pipeline/results/training/maps/short/adapt_p11-715852394892384_a135-0_41_map.h5
  source_tile = 1770
  slew_rate   = 10
  dwell_time  = 5
  output      = /home/daisy/GRB-Search-Pipeline/results/training/short_searching_5.36x4.5_tiling.csv

source = [78.2841, 135], n_src_events = 524, n_bkg_events = 566
Loaded 86 entries (unique=86, duplicates=0, missing=49066, out_of_bounds=0, non-finite=0)
Sum(prob) over finite entries = 0.999999
init sum: 0.999999
num pixels: 49152
tile num: 1798
total tile prob: 0.999999
tiles with prob > 0: 8
total tile prob after trim: 0.999999
num tiles after trim: 8
init_pos: 1771
*********running GCP*********
total time (wallclock): 0.0239596 seconds

$ /home/daisy/GRB-Search-Pipeline/search-planning/build/sp_train /home/daisy/GRB-Search-Pipeline/results/training/maps/short/adapt_p11-715852394892384_a135-0_420_map.h5 /home/daisy/GRB-Search-Pipeline/search-planning/tilings/tiling_files/5.36x4.5_tiling.csv 1770 10.0 10.0 5.0 0 /home/daisy/GRB-Search-Pipeline/results/training/short_searching_5.36x4.5_tiling.csv
Input Parameters:
  file        = /home/daisy/GRB-Search-Pipeline/results/training/maps/short/adapt_p11-715852394892384_a135-0_420_map.h5
  source_tile = 1770
  slew_rate   = 10
  dwell_time  = 5
  output      = /home/daisy/GRB-Search-Pipeline/results/training/short_searching_5.36x4.5_tiling.csv

source = [78.2841, 135], n_src_events = 750, n_bkg_events = 1562
Loaded 89 entries (unique=89, duplicates=0, missing=49063, out_of_bounds=0, non-finite=0)
Sum(prob) over finite entries = 0.999998
init sum: 0.999998
num pixels: 49152
tile num: 1798
total tile prob: 0.999998
tiles with prob > 0: 9
total tile prob after trim: 0.999998
num tiles after trim: 9
init_pos: 1771
*********running GCP*********
total time (wallclock): 0.0233231 seconds

$ /home/daisy/GRB-Search-Pipeline/search-planning/build/sp_train /home/daisy/GRB-Search-Pipeline/results/training/maps/short/adapt_p11-715852394892384_a135-0_421_map.h5 /home/daisy/GRB-Search-Pipeline/search-planning/tilings/tiling_files/5.36x4.5_tiling.csv 1770 10.0 10.0 5.0 0 /home/daisy/GRB-Search-Pipeline/results/training/short_searching_5.36x4.5_tiling.csv
Input Parameters:
  file        = /home/daisy/GRB-Search-Pipeline/results/training/maps/short/adapt_p11-715852394892384_a135-0_421_map.h5
  source_tile = 1770
  slew_rate   = 10
  dwell_time  = 5
  output      = /home/daisy/GRB-Search-Pipeline/results/training/short_searching_5.36x4.5_tiling.csv

source = [78.2841, 135], n_src_events = 188, n_bkg_events = 698
Loaded 887 entries (unique=887, duplicates=0, missing=48265, out_of_bounds=0, non-finite=0)
Sum(prob) over finite entries = 0.999997
init sum: 0.999997
num pixels: 49152
tile num: 1798
total tile prob: 0.999997
tiles with prob > 0: 50
total tile prob after trim: 0.999997
num tiles after trim: 50
init_pos: 1755
*********running GCP*********
total time (wallclock): 0.0232887 seconds

$ /home/daisy/GRB-Search-Pipeline/search-planning/build/sp_train /home/daisy/GRB-Search-Pipeline/results/training/maps/short/adapt_p11-715852394892384_a135-0_422_map.h5 /home/daisy/GRB-Search-Pipeline/search-planning/tilings/tiling_files/5.36x4.5_tiling.csv 1770 10.0 10.0 5.0 0 /home/daisy/GRB-Search-Pipeline/results/training/short_searching_5.36x4.5_tiling.csv
Input Parameters:
  file        = /home/daisy/GRB-Search-Pipeline/results/training/maps/short/adapt_p11-715852394892384_a135-0_422_map.h5
  source_tile = 1770
  slew_rate   = 10
  dwell_time  = 5
  output      = /home/daisy/GRB-Search-Pipeline/results/training/short_searching_5.36x4.5_tiling.csv

source = [78.2841, 135], n_src_events = 851, n_bkg_events = 539
Loaded 68 entries (unique=68, duplicates=0, missing=49084, out_of_bounds=0, non-finite=0)
Sum(prob) over finite entries = 0.999999
init sum: 0.999999
num pixels: 49152
tile num: 1798
total tile prob: 0.999999
tiles with prob > 0: 7
total tile prob after trim: 0.999999
num tiles after trim: 7
init_pos: 1751
*********running GCP*********
total time (wallclock): 0.0225052 seconds

$ /home/daisy/GRB-Search-Pipeline/search-planning/build/sp_train /home/daisy/GRB-Search-Pipeline/results/training/maps/short/adapt_p11-715852394892384_a135-0_423_map.h5 /home/daisy/GRB-Search-Pipeline/search-planning/tilings/tiling_files/5.36x4.5_tiling.csv 1770 10.0 10.0 5.0 0 /home/daisy/GRB-Search-Pipeline/results/training/short_searching_5.36x4.5_tiling.csv
Input Parameters:
  file        = /home/daisy/GRB-Search-Pipeline/results/training/maps/short/adapt_p11-715852394892384_a135-0_423_map.h5
  source_tile = 1770
  slew_rate   = 10
  dwell_time  = 5
  output      = /home/daisy/GRB-Search-Pipeline/results/training/short_searching_5.36x4.5_tiling.csv

source = [78.2841, 135], n_src_events = 387, n_bkg_events = 1526
Loaded 178 entries (unique=178, duplicates=0, missing=48974, out_of_bounds=0, non-finite=0)
Sum(prob) over finite entries = 0.999998
init sum: 0.999998
num pixels: 49152
tile num: 1798
total tile prob: 0.999998
tiles with prob > 0: 12
total tile prob after trim: 0.999998
num tiles after trim: 12
init_pos: 1770
*********running GCP*********
total time (wallclock): 0.0222365 seconds

$ /home/daisy/GRB-Search-Pipeline/search-planning/build/sp_train /home/daisy/GRB-Search-Pipeline/results/training/maps/short/adapt_p11-715852394892384_a135-0_424_map.h5 /home/daisy/GRB-Search-Pipeline/search-planning/tilings/tiling_files/5.36x4.5_tiling.csv 1770 10.0 10.0 5.0 0 /home/daisy/GRB-Search-Pipeline/results/training/short_searching_5.36x4.5_tiling.csv
Input Parameters:
  file        = /home/daisy/GRB-Search-Pipeline/results/training/maps/short/adapt_p11-715852394892384_a135-0_424_map.h5
  source_tile = 1770
  slew_rate   = 10
  dwell_time  = 5
  output      = /home/daisy/GRB-Search-Pipeline/results/training/short_searching_5.36x4.5_tiling.csv

source = [78.2841, 135], n_src_events = 415, n_bkg_events = 1155
Loaded 164 entries (unique=164, duplicates=0, missing=48988, out_of_bounds=0, non-finite=0)
Sum(prob) over finite entries = 0.999999
init sum: 0.999999
num pixels: 49152
tile num: 1798
total tile prob: 0.999999
tiles with prob > 0: 11
total tile prob after trim: 0.999999
num tiles after trim: 11
init_pos: 1770
*********running GCP*********
total time (wallclock): 0.0219953 seconds

$ /home/daisy/GRB-Search-Pipeline/search-planning/build/sp_train /home/daisy/GRB-Search-Pipeline/results/training/maps/short/adapt_p11-715852394892384_a135-0_425_map.h5 /home/daisy/GRB-Search-Pipeline/search-planning/tilings/tiling_files/5.36x4.5_tiling.csv 1770 10.0 10.0 5.0 0 /home/daisy/GRB-Search-Pipeline/results/training/short_searching_5.36x4.5_tiling.csv
Input Parameters:
  file        = /home/daisy/GRB-Search-Pipeline/results/training/maps/short/adapt_p11-715852394892384_a135-0_425_map.h5
  source_tile = 1770
  slew_rate   = 10
  dwell_time  = 5
  output      = /home/daisy/GRB-Search-Pipeline/results/training/short_searching_5.36x4.5_tiling.csv

source = [78.2841, 135], n_src_events = 238, n_bkg_events = 848
Loaded 525 entries (unique=525, duplicates=0, missing=48627, out_of_bounds=0, non-finite=0)
Sum(prob) over finite entries = 0.999999
init sum: 0.999999
num pixels: 49152
tile num: 1798
total tile prob: 0.999999
tiles with prob > 0: 30
total tile prob after trim: 0.999999
num tiles after trim: 30
init_pos: 1772
*********running GCP*********
total time (wallclock): 0.0298846 seconds

$ /home/daisy/GRB-Search-Pipeline/search-planning/build/sp_train /home/daisy/GRB-Search-Pipeline/results/training/maps/short/adapt_p11-715852394892384_a135-0_426_map.h5 /home/daisy/GRB-Search-Pipeline/search-planning/tilings/tiling_files/5.36x4.5_tiling.csv 1770 10.0 10.0 5.0 0 /home/daisy/GRB-Search-Pipeline/results/training/short_searching_5.36x4.5_tiling.csv
Input Parameters:
  file        = /home/daisy/GRB-Search-Pipeline/results/training/maps/short/adapt_p11-715852394892384_a135-0_426_map.h5
  source_tile = 1770
  slew_rate   = 10
  dwell_time  = 5
  output      = /home/daisy/GRB-Search-Pipeline/results/training/short_searching_5.36x4.5_tiling.csv

source = [78.2841, 135], n_src_events = 411, n_bkg_events = 1303
Loaded 144 entries (unique=144, duplicates=0, missing=49008, out_of_bounds=0, non-finite=0)
Sum(prob) over finite entries = 0.999998
init sum: 0.999998
num pixels: 49152
tile num: 1798
total tile prob: 0.999998
tiles with prob > 0: 11
total tile prob after trim: 0.999998
num tiles after trim: 11
init_pos: 1751
*********running GCP*********
total time (wallclock): 0.0222666 seconds

$ /home/daisy/GRB-Search-Pipeline/search-planning/build/sp_train /home/daisy/GRB-Search-Pipeline/results/training/maps/short/adapt_p11-715852394892384_a135-0_427_map.h5 /home/daisy/GRB-Search-Pipeline/search-planning/tilings/tiling_files/5.36x4.5_tiling.csv 1770 10.0 10.0 5.0 0 /home/daisy/GRB-Search-Pipeline/results/training/short_searching_5.36x4.5_tiling.csv
Input Parameters:
  file        = /home/daisy/GRB-Search-Pipeline/results/training/maps/short/adapt_p11-715852394892384_a135-0_427_map.h5
  source_tile = 1770
  slew_rate   = 10
  dwell_time  = 5
  output      = /home/daisy/GRB-Search-Pipeline/results/training/short_searching_5.36x4.5_tiling.csv

source = [78.2841, 135], n_src_events = 424, n_bkg_events = 738
Loaded 157 entries (unique=157, duplicates=0, missing=48995, out_of_bounds=0, non-finite=0)
Sum(prob) over finite entries = 0.999998
init sum: 0.999998
num pixels: 49152
tile num: 1798
total tile prob: 0.999998
tiles with prob > 0: 13
total tile prob after trim: 0.999998
num tiles after trim: 13
init_pos: 1771
*********running GCP*********
total time (wallclock): 0.0233986 seconds

$ /home/daisy/GRB-Search-Pipeline/search-planning/build/sp_train /home/daisy/GRB-Search-Pipeline/results/training/maps/short/adapt_p11-715852394892384_a135-0_428_map.h5 /home/daisy/GRB-Search-Pipeline/search-planning/tilings/tiling_files/5.36x4.5_tiling.csv 1770 10.0 10.0 5.0 0 /home/daisy/GRB-Search-Pipeline/results/training/short_searching_5.36x4.5_tiling.csv
Input Parameters:
  file        = /home/daisy/GRB-Search-Pipeline/results/training/maps/short/adapt_p11-715852394892384_a135-0_428_map.h5
  source_tile = 1770
  slew_rate   = 10
  dwell_time  = 5
  output      = /home/daisy/GRB-Search-Pipeline/results/training/short_searching_5.36x4.5_tiling.csv

source = [78.2841, 135], n_src_events = 266, n_bkg_events = 364
Loaded 267 entries (unique=267, duplicates=0, missing=48885, out_of_bounds=0, non-finite=0)
Sum(prob) over finite entries = 0.999999
init sum: 0.999999
num pixels: 49152
tile num: 1798
total tile prob: 0.999999
tiles with prob > 0: 20
total tile prob after trim: 0.999999
num tiles after trim: 20
init_pos: 1770
*********running GCP*********
total time (wallclock): 0.0220569 seconds

$ /home/daisy/GRB-Search-Pipeline/search-planning/build/sp_train /home/daisy/GRB-Search-Pipeline/results/training/maps/short/adapt_p11-715852394892384_a135-0_429_map.h5 /home/daisy/GRB-Search-Pipeline/search-planning/tilings/tiling_files/5.36x4.5_tiling.csv 1770 10.0 10.0 5.0 0 /home/daisy/GRB-Search-Pipeline/results/training/short_searching_5.36x4.5_tiling.csv
Input Parameters:
  file        = /home/daisy/GRB-Search-Pipeline/results/training/maps/short/adapt_p11-715852394892384_a135-0_429_map.h5
  source_tile = 1770
  slew_rate   = 10
  dwell_time  = 5
  output      = /home/daisy/GRB-Search-Pipeline/results/training/short_searching_5.36x4.5_tiling.csv

source = [78.2841, 135], n_src_events = 585, n_bkg_events = 1366
Loaded 99 entries (unique=99, duplicates=0, missing=49053, out_of_bounds=0, non-finite=0)
Sum(prob) over finite entries = 0.999999
init sum: 0.999999
num pixels: 49152
tile num: 1798
total tile prob: 0.999999
tiles with prob > 0: 10
total tile prob after trim: 0.999999
num tiles after trim: 10
init_pos: 1728
*********running GCP*********
total time (wallclock): 0.0239861 seconds

$ /home/daisy/GRB-Search-Pipeline/search-planning/build/sp_train /home/daisy/GRB-Search-Pipeline/results/training/maps/short/adapt_p11-715852394892384_a135-0_42_map.h5 /home/daisy/GRB-Search-Pipeline/search-planning/tilings/tiling_files/5.36x4.5_tiling.csv 1770 10.0 10.0 5.0 0 /home/daisy/GRB-Search-Pipeline/results/training/short_searching_5.36x4.5_tiling.csv
Input Parameters:
  file        = /home/daisy/GRB-Search-Pipeline/results/training/maps/short/adapt_p11-715852394892384_a135-0_42_map.h5
  source_tile = 1770
  slew_rate   = 10
  dwell_time  = 5
  output      = /home/daisy/GRB-Search-Pipeline/results/training/short_searching_5.36x4.5_tiling.csv

source = [78.2841, 135], n_src_events = 490, n_bkg_events = 999
Loaded 127 entries (unique=127, duplicates=0, missing=49025, out_of_bounds=0, non-finite=0)
Sum(prob) over finite entries = 0.999998
init sum: 0.999998
num pixels: 49152
tile num: 1798
total tile prob: 0.999998
tiles with prob > 0: 11
total tile prob after trim: 0.999998
num tiles after trim: 11
init_pos: 1729
*********running GCP*********
total time (wallclock): 0.024219 seconds

$ /home/daisy/GRB-Search-Pipeline/search-planning/build/sp_train /home/daisy/GRB-Search-Pipeline/results/training/maps/short/adapt_p11-715852394892384_a135-0_430_map.h5 /home/daisy/GRB-Search-Pipeline/search-planning/tilings/tiling_files/5.36x4.5_tiling.csv 1770 10.0 10.0 5.0 0 /home/daisy/GRB-Search-Pipeline/results/training/short_searching_5.36x4.5_tiling.csv
Input Parameters:
  file        = /home/daisy/GRB-Search-Pipeline/results/training/maps/short/adapt_p11-715852394892384_a135-0_430_map.h5
  source_tile = 1770
  slew_rate   = 10
  dwell_time  = 5
  output      = /home/daisy/GRB-Search-Pipeline/results/training/short_searching_5.36x4.5_tiling.csv

source = [78.2841, 135], n_src_events = 484, n_bkg_events = 141
Loaded 99 entries (unique=99, duplicates=0, missing=49053, out_of_bounds=0, non-finite=0)
Sum(prob) over finite entries = 0.999999
init sum: 0.999999
num pixels: 49152
tile num: 1798
total tile prob: 0.999999
tiles with prob > 0: 8
total tile prob after trim: 0.999999
num tiles after trim: 8
init_pos: 1771
*********running GCP*********
total time (wallclock): 0.0236477 seconds

$ /home/daisy/GRB-Search-Pipeline/search-planning/build/sp_train /home/daisy/GRB-Search-Pipeline/results/training/maps/short/adapt_p11-715852394892384_a135-0_431_map.h5 /home/daisy/GRB-Search-Pipeline/search-planning/tilings/tiling_files/5.36x4.5_tiling.csv 1770 10.0 10.0 5.0 0 /home/daisy/GRB-Search-Pipeline/results/training/short_searching_5.36x4.5_tiling.csv
Input Parameters:
  file        = /home/daisy/GRB-Search-Pipeline/results/training/maps/short/adapt_p11-715852394892384_a135-0_431_map.h5
  source_tile = 1770
  slew_rate   = 10
  dwell_time  = 5
  output      = /home/daisy/GRB-Search-Pipeline/results/training/short_searching_5.36x4.5_tiling.csv

source = [78.2841, 135], n_src_events = 458, n_bkg_events = 414
Loaded 95 entries (unique=95, duplicates=0, missing=49057, out_of_bounds=0, non-finite=0)
Sum(prob) over finite entries = 0.999999
init sum: 0.999999
num pixels: 49152
tile num: 1798
total tile prob: 0.999999
tiles with prob > 0: 11
total tile prob after trim: 0.999999
num tiles after trim: 11
init_pos: 1770
*********running GCP*********
total time (wallclock): 0.0223473 seconds

$ /home/daisy/GRB-Search-Pipeline/search-planning/build/sp_train /home/daisy/GRB-Search-Pipeline/results/training/maps/short/adapt_p11-715852394892384_a135-0_432_map.h5 /home/daisy/GRB-Search-Pipeline/search-planning/tilings/tiling_files/5.36x4.5_tiling.csv 1770 10.0 10.0 5.0 0 /home/daisy/GRB-Search-Pipeline/results/training/short_searching_5.36x4.5_tiling.csv
Input Parameters:
  file        = /home/daisy/GRB-Search-Pipeline/results/training/maps/short/adapt_p11-715852394892384_a135-0_432_map.h5
  source_tile = 1770
  slew_rate   = 10
  dwell_time  = 5
  output      = /home/daisy/GRB-Search-Pipeline/results/training/short_searching_5.36x4.5_tiling.csv

source = [78.2841, 135], n_src_events = 604, n_bkg_events = 108
Loaded 48 entries (unique=48, duplicates=0, missing=49104, out_of_bounds=0, non-finite=0)
Sum(prob) over finite entries = 0.999999
init sum: 0.999999
num pixels: 49152
tile num: 1798
total tile prob: 0.999999
tiles with prob > 0: 5
total tile prob after trim: 0.999999
num tiles after trim: 5
init_pos: 1770
*********running GCP*********
total time (wallclock): 0.0225852 seconds

$ /home/daisy/GRB-Search-Pipeline/search-planning/build/sp_train /home/daisy/GRB-Search-Pipeline/results/training/maps/short/adapt_p11-715852394892384_a135-0_433_map.h5 /home/daisy/GRB-Search-Pipeline/search-planning/tilings/tiling_files/5.36x4.5_tiling.csv 1770 10.0 10.0 5.0 0 /home/daisy/GRB-Search-Pipeline/results/training/short_searching_5.36x4.5_tiling.csv
Input Parameters:
  file        = /home/daisy/GRB-Search-Pipeline/results/training/maps/short/adapt_p11-715852394892384_a135-0_433_map.h5
  source_tile = 1770
  slew_rate   = 10
  dwell_time  = 5
  output      = /home/daisy/GRB-Search-Pipeline/results/training/short_searching_5.36x4.5_tiling.csv

source = [78.2841, 135], n_src_events = 610, n_bkg_events = 967
Loaded 120 entries (unique=120, duplicates=0, missing=49032, out_of_bounds=0, non-finite=0)
Sum(prob) over finite entries = 0.999999
init sum: 0.999999
num pixels: 49152
tile num: 1798
total tile prob: 0.999999
tiles with prob > 0: 11
total tile prob after trim: 0.999999
num tiles after trim: 11
init_pos: 1750
*********running GCP*********
total time (wallclock): 0.0233116 seconds

$ /home/daisy/GRB-Search-Pipeline/search-planning/build/sp_train /home/daisy/GRB-Search-Pipeline/results/training/maps/short/adapt_p11-715852394892384_a135-0_434_map.h5 /home/daisy/GRB-Search-Pipeline/search-planning/tilings/tiling_files/5.36x4.5_tiling.csv 1770 10.0 10.0 5.0 0 /home/daisy/GRB-Search-Pipeline/results/training/short_searching_5.36x4.5_tiling.csv
Input Parameters:
  file        = /home/daisy/GRB-Search-Pipeline/results/training/maps/short/adapt_p11-715852394892384_a135-0_434_map.h5
  source_tile = 1770
  slew_rate   = 10
  dwell_time  = 5
  output      = /home/daisy/GRB-Search-Pipeline/results/training/short_searching_5.36x4.5_tiling.csv

source = [78.2841, 135], n_src_events = 276, n_bkg_events = 1500
Loaded 219 entries (unique=219, duplicates=0, missing=48933, out_of_bounds=0, non-finite=0)
Sum(prob) over finite entries = 0.999998
init sum: 0.999998
num pixels: 49152
tile num: 1798
total tile prob: 0.999998
tiles with prob > 0: 16
total tile prob after trim: 0.999998
num tiles after trim: 16
init_pos: 1727
*********running GCP*********
total time (wallclock): 0.0250472 seconds

$ /home/daisy/GRB-Search-Pipeline/search-planning/build/sp_train /home/daisy/GRB-Search-Pipeline/results/training/maps/short/adapt_p11-715852394892384_a135-0_435_map.h5 /home/daisy/GRB-Search-Pipeline/search-planning/tilings/tiling_files/5.36x4.5_tiling.csv 1770 10.0 10.0 5.0 0 /home/daisy/GRB-Search-Pipeline/results/training/short_searching_5.36x4.5_tiling.csv
Input Parameters:
  file        = /home/daisy/GRB-Search-Pipeline/results/training/maps/short/adapt_p11-715852394892384_a135-0_435_map.h5
  source_tile = 1770
  slew_rate   = 10
  dwell_time  = 5
  output      = /home/daisy/GRB-Search-Pipeline/results/training/short_searching_5.36x4.5_tiling.csv

source = [78.2841, 135], n_src_events = 741, n_bkg_events = 101
Loaded 37 entries (unique=37, duplicates=0, missing=49115, out_of_bounds=0, non-finite=0)
Sum(prob) over finite entries = 0.999999
init sum: 0.999999
num pixels: 49152
tile num: 1798
total tile prob: 0.999999
tiles with prob > 0: 5
total tile prob after trim: 0.999999
num tiles after trim: 5
init_pos: 1753
*********running GCP*********
total time (wallclock): 0.0235622 seconds

$ /home/daisy/GRB-Search-Pipeline/search-planning/build/sp_train /home/daisy/GRB-Search-Pipeline/results/training/maps/short/adapt_p11-715852394892384_a135-0_436_map.h5 /home/daisy/GRB-Search-Pipeline/search-planning/tilings/tiling_files/5.36x4.5_tiling.csv 1770 10.0 10.0 5.0 0 /home/daisy/GRB-Search-Pipeline/results/training/short_searching_5.36x4.5_tiling.csv
Input Parameters:
  file        = /home/daisy/GRB-Search-Pipeline/results/training/maps/short/adapt_p11-715852394892384_a135-0_436_map.h5
  source_tile = 1770
  slew_rate   = 10
  dwell_time  = 5
  output      = /home/daisy/GRB-Search-Pipeline/results/training/short_searching_5.36x4.5_tiling.csv

source = [78.2841, 135], n_src_events = 648, n_bkg_events = 1311
Loaded 71 entries (unique=71, duplicates=0, missing=49081, out_of_bounds=0, non-finite=0)
Sum(prob) over finite entries = 0.999999
init sum: 0.999999
num pixels: 49152
tile num: 1798
total tile prob: 0.999999
tiles with prob > 0: 6
total tile prob after trim: 0.999999
num tiles after trim: 6
init_pos: 1771
*********running GCP*********
total time (wallclock): 0.0239358 seconds

$ /home/daisy/GRB-Search-Pipeline/search-planning/build/sp_train /home/daisy/GRB-Search-Pipeline/results/training/maps/short/adapt_p11-715852394892384_a135-0_437_map.h5 /home/daisy/GRB-Search-Pipeline/search-planning/tilings/tiling_files/5.36x4.5_tiling.csv 1770 10.0 10.0 5.0 0 /home/daisy/GRB-Search-Pipeline/results/training/short_searching_5.36x4.5_tiling.csv
Input Parameters:
  file        = /home/daisy/GRB-Search-Pipeline/results/training/maps/short/adapt_p11-715852394892384_a135-0_437_map.h5
  source_tile = 1770
  slew_rate   = 10
  dwell_time  = 5
  output      = /home/daisy/GRB-Search-Pipeline/results/training/short_searching_5.36x4.5_tiling.csv

source = [78.2841, 135], n_src_events = 651, n_bkg_events = 1262
Loaded 102 entries (unique=102, duplicates=0, missing=49050, out_of_bounds=0, non-finite=0)
Sum(prob) over finite entries = 0.999999
init sum: 0.999999
num pixels: 49152
tile num: 1798
total tile prob: 0.999999
tiles with prob > 0: 10
total tile prob after trim: 0.999999
num tiles after trim: 10
init_pos: 1753
*********running GCP*********
total time (wallclock): 0.0238576 seconds

$ /home/daisy/GRB-Search-Pipeline/search-planning/build/sp_train /home/daisy/GRB-Search-Pipeline/results/training/maps/short/adapt_p11-715852394892384_a135-0_438_map.h5 /home/daisy/GRB-Search-Pipeline/search-planning/tilings/tiling_files/5.36x4.5_tiling.csv 1770 10.0 10.0 5.0 0 /home/daisy/GRB-Search-Pipeline/results/training/short_searching_5.36x4.5_tiling.csv
Input Parameters:
  file        = /home/daisy/GRB-Search-Pipeline/results/training/maps/short/adapt_p11-715852394892384_a135-0_438_map.h5
  source_tile = 1770
  slew_rate   = 10
  dwell_time  = 5
  output      = /home/daisy/GRB-Search-Pipeline/results/training/short_searching_5.36x4.5_tiling.csv

source = [78.2841, 135], n_src_events = 265, n_bkg_events = 1115
Loaded 192 entries (unique=192, duplicates=0, missing=48960, out_of_bounds=0, non-finite=0)
Sum(prob) over finite entries = 0.999999
init sum: 0.999999
num pixels: 49152
tile num: 1798
total tile prob: 0.999999
tiles with prob > 0: 15
total tile prob after trim: 0.999999
num tiles after trim: 15
init_pos: 1784
*********running GCP*********
total time (wallclock): 0.0226187 seconds

$ /home/daisy/GRB-Search-Pipeline/search-planning/build/sp_train /home/daisy/GRB-Search-Pipeline/results/training/maps/short/adapt_p11-715852394892384_a135-0_439_map.h5 /home/daisy/GRB-Search-Pipeline/search-planning/tilings/tiling_files/5.36x4.5_tiling.csv 1770 10.0 10.0 5.0 0 /home/daisy/GRB-Search-Pipeline/results/training/short_searching_5.36x4.5_tiling.csv
Input Parameters:
  file        = /home/daisy/GRB-Search-Pipeline/results/training/maps/short/adapt_p11-715852394892384_a135-0_439_map.h5
  source_tile = 1770
  slew_rate   = 10
  dwell_time  = 5
  output      = /home/daisy/GRB-Search-Pipeline/results/training/short_searching_5.36x4.5_tiling.csv

source = [78.2841, 135], n_src_events = 618, n_bkg_events = 871
Loaded 76 entries (unique=76, duplicates=0, missing=49076, out_of_bounds=0, non-finite=0)
Sum(prob) over finite entries = 0.999999
init sum: 0.999999
num pixels: 49152
tile num: 1798
total tile prob: 0.999999
tiles with prob > 0: 8
total tile prob after trim: 0.999999
num tiles after trim: 8
init_pos: 1770
*********running GCP*********
total time (wallclock): 0.0222009 seconds

$ /home/daisy/GRB-Search-Pipeline/search-planning/build/sp_train /home/daisy/GRB-Search-Pipeline/results/training/maps/short/adapt_p11-715852394892384_a135-0_43_map.h5 /home/daisy/GRB-Search-Pipeline/search-planning/tilings/tiling_files/5.36x4.5_tiling.csv 1770 10.0 10.0 5.0 0 /home/daisy/GRB-Search-Pipeline/results/training/short_searching_5.36x4.5_tiling.csv
Input Parameters:
  file        = /home/daisy/GRB-Search-Pipeline/results/training/maps/short/adapt_p11-715852394892384_a135-0_43_map.h5
  source_tile = 1770
  slew_rate   = 10
  dwell_time  = 5
  output      = /home/daisy/GRB-Search-Pipeline/results/training/short_searching_5.36x4.5_tiling.csv

source = [78.2841, 135], n_src_events = 137, n_bkg_events = 1719
Loaded 3063 entries (unique=3063, duplicates=0, missing=46089, out_of_bounds=0, non-finite=0)
Sum(prob) over finite entries = 0.999992
init sum: 0.999992
num pixels: 49152
tile num: 1798
total tile prob: 0.999992
tiles with prob > 0: 156
total tile prob after trim: 0.999992
num tiles after trim: 156
init_pos: 1755
*********running GCP*********
total time (wallclock): 0.028592 seconds

$ /home/daisy/GRB-Search-Pipeline/search-planning/build/sp_train /home/daisy/GRB-Search-Pipeline/results/training/maps/short/adapt_p11-715852394892384_a135-0_440_map.h5 /home/daisy/GRB-Search-Pipeline/search-planning/tilings/tiling_files/5.36x4.5_tiling.csv 1770 10.0 10.0 5.0 0 /home/daisy/GRB-Search-Pipeline/results/training/short_searching_5.36x4.5_tiling.csv
Input Parameters:
  file        = /home/daisy/GRB-Search-Pipeline/results/training/maps/short/adapt_p11-715852394892384_a135-0_440_map.h5
  source_tile = 1770
  slew_rate   = 10
  dwell_time  = 5
  output      = /home/daisy/GRB-Search-Pipeline/results/training/short_searching_5.36x4.5_tiling.csv

source = [78.2841, 135], n_src_events = 828, n_bkg_events = 1785
Loaded 79 entries (unique=79, duplicates=0, missing=49073, out_of_bounds=0, non-finite=0)
Sum(prob) over finite entries = 0.999999
init sum: 0.999999
num pixels: 49152
tile num: 1798
total tile prob: 0.999999
tiles with prob > 0: 7
total tile prob after trim: 0.999999
num tiles after trim: 7
init_pos: 1771
*********running GCP*********
total time (wallclock): 0.0232992 seconds

$ /home/daisy/GRB-Search-Pipeline/search-planning/build/sp_train /home/daisy/GRB-Search-Pipeline/results/training/maps/short/adapt_p11-715852394892384_a135-0_441_map.h5 /home/daisy/GRB-Search-Pipeline/search-planning/tilings/tiling_files/5.36x4.5_tiling.csv 1770 10.0 10.0 5.0 0 /home/daisy/GRB-Search-Pipeline/results/training/short_searching_5.36x4.5_tiling.csv
Input Parameters:
  file        = /home/daisy/GRB-Search-Pipeline/results/training/maps/short/adapt_p11-715852394892384_a135-0_441_map.h5
  source_tile = 1770
  slew_rate   = 10
  dwell_time  = 5
  output      = /home/daisy/GRB-Search-Pipeline/results/training/short_searching_5.36x4.5_tiling.csv

source = [78.2841, 135], n_src_events = 175, n_bkg_events = 1174
Loaded 572 entries (unique=572, duplicates=0, missing=48580, out_of_bounds=0, non-finite=0)
Sum(prob) over finite entries = 0.999998
init sum: 0.999998
num pixels: 49152
tile num: 1798
total tile prob: 0.999998
tiles with prob > 0: 35
total tile prob after trim: 0.999998
num tiles after trim: 35
init_pos: 1749
*********running GCP*********
total time (wallclock): 0.0233036 seconds

$ /home/daisy/GRB-Search-Pipeline/search-planning/build/sp_train /home/daisy/GRB-Search-Pipeline/results/training/maps/short/adapt_p11-715852394892384_a135-0_442_map.h5 /home/daisy/GRB-Search-Pipeline/search-planning/tilings/tiling_files/5.36x4.5_tiling.csv 1770 10.0 10.0 5.0 0 /home/daisy/GRB-Search-Pipeline/results/training/short_searching_5.36x4.5_tiling.csv
Input Parameters:
  file        = /home/daisy/GRB-Search-Pipeline/results/training/maps/short/adapt_p11-715852394892384_a135-0_442_map.h5
  source_tile = 1770
  slew_rate   = 10
  dwell_time  = 5
  output      = /home/daisy/GRB-Search-Pipeline/results/training/short_searching_5.36x4.5_tiling.csv

source = [78.2841, 135], n_src_events = 494, n_bkg_events = 388
Loaded 83 entries (unique=83, duplicates=0, missing=49069, out_of_bounds=0, non-finite=0)
Sum(prob) over finite entries = 0.999999
init sum: 0.999999
num pixels: 49152
tile num: 1798
total tile prob: 0.999999
tiles with prob > 0: 8
total tile prob after trim: 0.999999
num tiles after trim: 8
init_pos: 1785
*********running GCP*********
total time (wallclock): 0.0227501 seconds

$ /home/daisy/GRB-Search-Pipeline/search-planning/build/sp_train /home/daisy/GRB-Search-Pipeline/results/training/maps/short/adapt_p11-715852394892384_a135-0_443_map.h5 /home/daisy/GRB-Search-Pipeline/search-planning/tilings/tiling_files/5.36x4.5_tiling.csv 1770 10.0 10.0 5.0 0 /home/daisy/GRB-Search-Pipeline/results/training/short_searching_5.36x4.5_tiling.csv
Input Parameters:
  file        = /home/daisy/GRB-Search-Pipeline/results/training/maps/short/adapt_p11-715852394892384_a135-0_443_map.h5
  source_tile = 1770
  slew_rate   = 10
  dwell_time  = 5
  output      = /home/daisy/GRB-Search-Pipeline/results/training/short_searching_5.36x4.5_tiling.csv

source = [78.2841, 135], n_src_events = 640, n_bkg_events = 1649
Loaded 101 entries (unique=101, duplicates=0, missing=49051, out_of_bounds=0, non-finite=0)
Sum(prob) over finite entries = 0.999998
init sum: 0.999998
num pixels: 49152
tile num: 1798
total tile prob: 0.999998
tiles with prob > 0: 8
total tile prob after trim: 0.999998
num tiles after trim: 8
init_pos: 1771
*********running GCP*********
total time (wallclock): 0.0243273 seconds

$ /home/daisy/GRB-Search-Pipeline/search-planning/build/sp_train /home/daisy/GRB-Search-Pipeline/results/training/maps/short/adapt_p11-715852394892384_a135-0_444_map.h5 /home/daisy/GRB-Search-Pipeline/search-planning/tilings/tiling_files/5.36x4.5_tiling.csv 1770 10.0 10.0 5.0 0 /home/daisy/GRB-Search-Pipeline/results/training/short_searching_5.36x4.5_tiling.csv
Input Parameters:
  file        = /home/daisy/GRB-Search-Pipeline/results/training/maps/short/adapt_p11-715852394892384_a135-0_444_map.h5
  source_tile = 1770
  slew_rate   = 10
  dwell_time  = 5
  output      = /home/daisy/GRB-Search-Pipeline/results/training/short_searching_5.36x4.5_tiling.csv

source = [78.2841, 135], n_src_events = 177, n_bkg_events = 996
Loaded 678 entries (unique=678, duplicates=0, missing=48474, out_of_bounds=0, non-finite=0)
Sum(prob) over finite entries = 0.999998
init sum: 0.999998
num pixels: 49152
tile num: 1798
total tile prob: 0.999998
tiles with prob > 0: 39
total tile prob after trim: 0.999998
num tiles after trim: 39
init_pos: 1727
*********running GCP*********
total time (wallclock): 0.0249177 seconds

$ /home/daisy/GRB-Search-Pipeline/search-planning/build/sp_train /home/daisy/GRB-Search-Pipeline/results/training/maps/short/adapt_p11-715852394892384_a135-0_445_map.h5 /home/daisy/GRB-Search-Pipeline/search-planning/tilings/tiling_files/5.36x4.5_tiling.csv 1770 10.0 10.0 5.0 0 /home/daisy/GRB-Search-Pipeline/results/training/short_searching_5.36x4.5_tiling.csv
Input Parameters:
  file        = /home/daisy/GRB-Search-Pipeline/results/training/maps/short/adapt_p11-715852394892384_a135-0_445_map.h5
  source_tile = 1770
  slew_rate   = 10
  dwell_time  = 5
  output      = /home/daisy/GRB-Search-Pipeline/results/training/short_searching_5.36x4.5_tiling.csv

source = [78.2841, 135], n_src_events = 778, n_bkg_events = 1262
Loaded 49 entries (unique=49, duplicates=0, missing=49103, out_of_bounds=0, non-finite=0)
Sum(prob) over finite entries = 0.999999
init sum: 0.999999
num pixels: 49152
tile num: 1798
total tile prob: 0.999999
tiles with prob > 0: 6
total tile prob after trim: 0.999999
num tiles after trim: 6
init_pos: 1753
*********running GCP*********
total time (wallclock): 0.0235948 seconds

$ /home/daisy/GRB-Search-Pipeline/search-planning/build/sp_train /home/daisy/GRB-Search-Pipeline/results/training/maps/short/adapt_p11-715852394892384_a135-0_446_map.h5 /home/daisy/GRB-Search-Pipeline/search-planning/tilings/tiling_files/5.36x4.5_tiling.csv 1770 10.0 10.0 5.0 0 /home/daisy/GRB-Search-Pipeline/results/training/short_searching_5.36x4.5_tiling.csv
Input Parameters:
  file        = /home/daisy/GRB-Search-Pipeline/results/training/maps/short/adapt_p11-715852394892384_a135-0_446_map.h5
  source_tile = 1770
  slew_rate   = 10
  dwell_time  = 5
  output      = /home/daisy/GRB-Search-Pipeline/results/training/short_searching_5.36x4.5_tiling.csv

source = [78.2841, 135], n_src_events = 195, n_bkg_events = 317
Loaded 258 entries (unique=258, duplicates=0, missing=48894, out_of_bounds=0, non-finite=0)
Sum(prob) over finite entries = 0.999999
init sum: 0.999999
num pixels: 49152
tile num: 1798
total tile prob: 0.999999
tiles with prob > 0: 18
total tile prob after trim: 0.999999
num tiles after trim: 18
init_pos: 1786
*********running GCP*********
total time (wallclock): 0.0227245 seconds

$ /home/daisy/GRB-Search-Pipeline/search-planning/build/sp_train /home/daisy/GRB-Search-Pipeline/results/training/maps/short/adapt_p11-715852394892384_a135-0_447_map.h5 /home/daisy/GRB-Search-Pipeline/search-planning/tilings/tiling_files/5.36x4.5_tiling.csv 1770 10.0 10.0 5.0 0 /home/daisy/GRB-Search-Pipeline/results/training/short_searching_5.36x4.5_tiling.csv
Input Parameters:
  file        = /home/daisy/GRB-Search-Pipeline/results/training/maps/short/adapt_p11-715852394892384_a135-0_447_map.h5
  source_tile = 1770
  slew_rate   = 10
  dwell_time  = 5
  output      = /home/daisy/GRB-Search-Pipeline/results/training/short_searching_5.36x4.5_tiling.csv

source = [78.2841, 135], n_src_events = 680, n_bkg_events = 1690
Loaded 92 entries (unique=92, duplicates=0, missing=49060, out_of_bounds=0, non-finite=0)
Sum(prob) over finite entries = 0.999999
init sum: 0.999999
num pixels: 49152
tile num: 1798
total tile prob: 0.999999
tiles with prob > 0: 9
total tile prob after trim: 0.999999
num tiles after trim: 9
init_pos: 1751
*********running GCP*********
total time (wallclock): 0.0230528 seconds

$ /home/daisy/GRB-Search-Pipeline/search-planning/build/sp_train /home/daisy/GRB-Search-Pipeline/results/training/maps/short/adapt_p11-715852394892384_a135-0_448_map.h5 /home/daisy/GRB-Search-Pipeline/search-planning/tilings/tiling_files/5.36x4.5_tiling.csv 1770 10.0 10.0 5.0 0 /home/daisy/GRB-Search-Pipeline/results/training/short_searching_5.36x4.5_tiling.csv
Input Parameters:
  file        = /home/daisy/GRB-Search-Pipeline/results/training/maps/short/adapt_p11-715852394892384_a135-0_448_map.h5
  source_tile = 1770
  slew_rate   = 10
  dwell_time  = 5
  output      = /home/daisy/GRB-Search-Pipeline/results/training/short_searching_5.36x4.5_tiling.csv

source = [78.2841, 135], n_src_events = 473, n_bkg_events = 1247
Loaded 120 entries (unique=120, duplicates=0, missing=49032, out_of_bounds=0, non-finite=0)
Sum(prob) over finite entries = 0.999999
init sum: 0.999999
num pixels: 49152
tile num: 1798
total tile prob: 0.999999
tiles with prob > 0: 9
total tile prob after trim: 0.999999
num tiles after trim: 9
init_pos: 1771
*********running GCP*********
total time (wallclock): 0.0230791 seconds

$ /home/daisy/GRB-Search-Pipeline/search-planning/build/sp_train /home/daisy/GRB-Search-Pipeline/results/training/maps/short/adapt_p11-715852394892384_a135-0_449_map.h5 /home/daisy/GRB-Search-Pipeline/search-planning/tilings/tiling_files/5.36x4.5_tiling.csv 1770 10.0 10.0 5.0 0 /home/daisy/GRB-Search-Pipeline/results/training/short_searching_5.36x4.5_tiling.csv
Input Parameters:
  file        = /home/daisy/GRB-Search-Pipeline/results/training/maps/short/adapt_p11-715852394892384_a135-0_449_map.h5
  source_tile = 1770
  slew_rate   = 10
  dwell_time  = 5
  output      = /home/daisy/GRB-Search-Pipeline/results/training/short_searching_5.36x4.5_tiling.csv

source = [78.2841, 135], n_src_events = 95, n_bkg_events = 1766
Loaded 8437 entries (unique=8437, duplicates=0, missing=40715, out_of_bounds=0, non-finite=0)
Sum(prob) over finite entries = 0.999985
init sum: 0.999985
num pixels: 49152
tile num: 1798
total tile prob: 0.999985
tiles with prob > 0: 374
total tile prob after trim: 0.999985
num tiles after trim: 374
init_pos: 1267
*********running GCP*********
total time (wallclock): 0.0605163 seconds

$ /home/daisy/GRB-Search-Pipeline/search-planning/build/sp_train /home/daisy/GRB-Search-Pipeline/results/training/maps/short/adapt_p11-715852394892384_a135-0_44_map.h5 /home/daisy/GRB-Search-Pipeline/search-planning/tilings/tiling_files/5.36x4.5_tiling.csv 1770 10.0 10.0 5.0 0 /home/daisy/GRB-Search-Pipeline/results/training/short_searching_5.36x4.5_tiling.csv
Input Parameters:
  file        = /home/daisy/GRB-Search-Pipeline/results/training/maps/short/adapt_p11-715852394892384_a135-0_44_map.h5
  source_tile = 1770
  slew_rate   = 10
  dwell_time  = 5
  output      = /home/daisy/GRB-Search-Pipeline/results/training/short_searching_5.36x4.5_tiling.csv

source = [78.2841, 135], n_src_events = 364, n_bkg_events = 221
Loaded 166 entries (unique=166, duplicates=0, missing=48986, out_of_bounds=0, non-finite=0)
Sum(prob) over finite entries = 0.999999
init sum: 0.999999
num pixels: 49152
tile num: 1798
total tile prob: 0.999999
tiles with prob > 0: 13
total tile prob after trim: 0.999999
num tiles after trim: 13
init_pos: 1751
*********running GCP*********
total time (wallclock): 0.023129 seconds

$ /home/daisy/GRB-Search-Pipeline/search-planning/build/sp_train /home/daisy/GRB-Search-Pipeline/results/training/maps/short/adapt_p11-715852394892384_a135-0_450_map.h5 /home/daisy/GRB-Search-Pipeline/search-planning/tilings/tiling_files/5.36x4.5_tiling.csv 1770 10.0 10.0 5.0 0 /home/daisy/GRB-Search-Pipeline/results/training/short_searching_5.36x4.5_tiling.csv
Input Parameters:
  file        = /home/daisy/GRB-Search-Pipeline/results/training/maps/short/adapt_p11-715852394892384_a135-0_450_map.h5
  source_tile = 1770
  slew_rate   = 10
  dwell_time  = 5
  output      = /home/daisy/GRB-Search-Pipeline/results/training/short_searching_5.36x4.5_tiling.csv

source = [78.2841, 135], n_src_events = 132, n_bkg_events = 398
Loaded 463 entries (unique=463, duplicates=0, missing=48689, out_of_bounds=0, non-finite=0)
Sum(prob) over finite entries = 0.999999
init sum: 0.999999
num pixels: 49152
tile num: 1798
total tile prob: 0.999999
tiles with prob > 0: 30
total tile prob after trim: 0.999999
num tiles after trim: 30
init_pos: 1750
*********running GCP*********
total time (wallclock): 0.0232115 seconds

$ /home/daisy/GRB-Search-Pipeline/search-planning/build/sp_train /home/daisy/GRB-Search-Pipeline/results/training/maps/short/adapt_p11-715852394892384_a135-0_451_map.h5 /home/daisy/GRB-Search-Pipeline/search-planning/tilings/tiling_files/5.36x4.5_tiling.csv 1770 10.0 10.0 5.0 0 /home/daisy/GRB-Search-Pipeline/results/training/short_searching_5.36x4.5_tiling.csv
Input Parameters:
  file        = /home/daisy/GRB-Search-Pipeline/results/training/maps/short/adapt_p11-715852394892384_a135-0_451_map.h5
  source_tile = 1770
  slew_rate   = 10
  dwell_time  = 5
  output      = /home/daisy/GRB-Search-Pipeline/results/training/short_searching_5.36x4.5_tiling.csv

source = [78.2841, 135], n_src_events = 420, n_bkg_events = 1782
Loaded 285 entries (unique=285, duplicates=0, missing=48867, out_of_bounds=0, non-finite=0)
Sum(prob) over finite entries = 0.999998
init sum: 0.999998
num pixels: 49152
tile num: 1798
total tile prob: 0.999998
tiles with prob > 0: 20
total tile prob after trim: 0.999998
num tiles after trim: 20
init_pos: 1785
*********running GCP*********
total time (wallclock): 0.0241239 seconds

$ /home/daisy/GRB-Search-Pipeline/search-planning/build/sp_train /home/daisy/GRB-Search-Pipeline/results/training/maps/short/adapt_p11-715852394892384_a135-0_452_map.h5 /home/daisy/GRB-Search-Pipeline/search-planning/tilings/tiling_files/5.36x4.5_tiling.csv 1770 10.0 10.0 5.0 0 /home/daisy/GRB-Search-Pipeline/results/training/short_searching_5.36x4.5_tiling.csv
Input Parameters:
  file        = /home/daisy/GRB-Search-Pipeline/results/training/maps/short/adapt_p11-715852394892384_a135-0_452_map.h5
  source_tile = 1770
  slew_rate   = 10
  dwell_time  = 5
  output      = /home/daisy/GRB-Search-Pipeline/results/training/short_searching_5.36x4.5_tiling.csv

source = [78.2841, 135], n_src_events = 673, n_bkg_events = 222
Loaded 58 entries (unique=58, duplicates=0, missing=49094, out_of_bounds=0, non-finite=0)
Sum(prob) over finite entries = 0.999999
init sum: 0.999999
num pixels: 49152
tile num: 1798
total tile prob: 0.999999
tiles with prob > 0: 6
total tile prob after trim: 0.999999
num tiles after trim: 6
init_pos: 1770
*********running GCP*********
total time (wallclock): 0.021996 seconds

$ /home/daisy/GRB-Search-Pipeline/search-planning/build/sp_train /home/daisy/GRB-Search-Pipeline/results/training/maps/short/adapt_p11-715852394892384_a135-0_453_map.h5 /home/daisy/GRB-Search-Pipeline/search-planning/tilings/tiling_files/5.36x4.5_tiling.csv 1770 10.0 10.0 5.0 0 /home/daisy/GRB-Search-Pipeline/results/training/short_searching_5.36x4.5_tiling.csv
Input Parameters:
  file        = /home/daisy/GRB-Search-Pipeline/results/training/maps/short/adapt_p11-715852394892384_a135-0_453_map.h5
  source_tile = 1770
  slew_rate   = 10
  dwell_time  = 5
  output      = /home/daisy/GRB-Search-Pipeline/results/training/short_searching_5.36x4.5_tiling.csv

source = [78.2841, 135], n_src_events = 662, n_bkg_events = 630
Loaded 57 entries (unique=57, duplicates=0, missing=49095, out_of_bounds=0, non-finite=0)
Sum(prob) over finite entries = 0.999999
init sum: 0.999999
num pixels: 49152
tile num: 1798
total tile prob: 0.999999
tiles with prob > 0: 6
total tile prob after trim: 0.999999
num tiles after trim: 6
init_pos: 1751
*********running GCP*********
total time (wallclock): 0.0232071 seconds

$ /home/daisy/GRB-Search-Pipeline/search-planning/build/sp_train /home/daisy/GRB-Search-Pipeline/results/training/maps/short/adapt_p11-715852394892384_a135-0_454_map.h5 /home/daisy/GRB-Search-Pipeline/search-planning/tilings/tiling_files/5.36x4.5_tiling.csv 1770 10.0 10.0 5.0 0 /home/daisy/GRB-Search-Pipeline/results/training/short_searching_5.36x4.5_tiling.csv
Input Parameters:
  file        = /home/daisy/GRB-Search-Pipeline/results/training/maps/short/adapt_p11-715852394892384_a135-0_454_map.h5
  source_tile = 1770
  slew_rate   = 10
  dwell_time  = 5
  output      = /home/daisy/GRB-Search-Pipeline/results/training/short_searching_5.36x4.5_tiling.csv

source = [78.2841, 135], n_src_events = 563, n_bkg_events = 409
Loaded 72 entries (unique=72, duplicates=0, missing=49080, out_of_bounds=0, non-finite=0)
Sum(prob) over finite entries = 0.999999
init sum: 0.999999
num pixels: 49152
tile num: 1798
total tile prob: 0.999999
tiles with prob > 0: 7
total tile prob after trim: 0.999999
num tiles after trim: 7
init_pos: 1770
*********running GCP*********
total time (wallclock): 0.0222573 seconds

$ /home/daisy/GRB-Search-Pipeline/search-planning/build/sp_train /home/daisy/GRB-Search-Pipeline/results/training/maps/short/adapt_p11-715852394892384_a135-0_455_map.h5 /home/daisy/GRB-Search-Pipeline/search-planning/tilings/tiling_files/5.36x4.5_tiling.csv 1770 10.0 10.0 5.0 0 /home/daisy/GRB-Search-Pipeline/results/training/short_searching_5.36x4.5_tiling.csv
Input Parameters:
  file        = /home/daisy/GRB-Search-Pipeline/results/training/maps/short/adapt_p11-715852394892384_a135-0_455_map.h5
  source_tile = 1770
  slew_rate   = 10
  dwell_time  = 5
  output      = /home/daisy/GRB-Search-Pipeline/results/training/short_searching_5.36x4.5_tiling.csv

source = [78.2841, 135], n_src_events = 659, n_bkg_events = 518
Loaded 72 entries (unique=72, duplicates=0, missing=49080, out_of_bounds=0, non-finite=0)
Sum(prob) over finite entries = 0.999999
init sum: 0.999999
num pixels: 49152
tile num: 1798
total tile prob: 0.999999
tiles with prob > 0: 6
total tile prob after trim: 0.999999
num tiles after trim: 6
init_pos: 1771
*********running GCP*********
total time (wallclock): 0.022625 seconds

$ /home/daisy/GRB-Search-Pipeline/search-planning/build/sp_train /home/daisy/GRB-Search-Pipeline/results/training/maps/short/adapt_p11-715852394892384_a135-0_456_map.h5 /home/daisy/GRB-Search-Pipeline/search-planning/tilings/tiling_files/5.36x4.5_tiling.csv 1770 10.0 10.0 5.0 0 /home/daisy/GRB-Search-Pipeline/results/training/short_searching_5.36x4.5_tiling.csv
Input Parameters:
  file        = /home/daisy/GRB-Search-Pipeline/results/training/maps/short/adapt_p11-715852394892384_a135-0_456_map.h5
  source_tile = 1770
  slew_rate   = 10
  dwell_time  = 5
  output      = /home/daisy/GRB-Search-Pipeline/results/training/short_searching_5.36x4.5_tiling.csv

source = [78.2841, 135], n_src_events = 271, n_bkg_events = 1190
Loaded 346 entries (unique=346, duplicates=0, missing=48806, out_of_bounds=0, non-finite=0)
Sum(prob) over finite entries = 0.999999
init sum: 0.999999
num pixels: 49152
tile num: 1798
total tile prob: 0.999999
tiles with prob > 0: 22
total tile prob after trim: 0.999999
num tiles after trim: 22
init_pos: 1750
*********running GCP*********
total time (wallclock): 0.0227925 seconds

$ /home/daisy/GRB-Search-Pipeline/search-planning/build/sp_train /home/daisy/GRB-Search-Pipeline/results/training/maps/short/adapt_p11-715852394892384_a135-0_457_map.h5 /home/daisy/GRB-Search-Pipeline/search-planning/tilings/tiling_files/5.36x4.5_tiling.csv 1770 10.0 10.0 5.0 0 /home/daisy/GRB-Search-Pipeline/results/training/short_searching_5.36x4.5_tiling.csv
Input Parameters:
  file        = /home/daisy/GRB-Search-Pipeline/results/training/maps/short/adapt_p11-715852394892384_a135-0_457_map.h5
  source_tile = 1770
  slew_rate   = 10
  dwell_time  = 5
  output      = /home/daisy/GRB-Search-Pipeline/results/training/short_searching_5.36x4.5_tiling.csv

source = [78.2841, 135], n_src_events = 144, n_bkg_events = 282
Loaded 498 entries (unique=498, duplicates=0, missing=48654, out_of_bounds=0, non-finite=0)
Sum(prob) over finite entries = 0.999999
init sum: 0.999999
num pixels: 49152
tile num: 1798
total tile prob: 0.999999
tiles with prob > 0: 31
total tile prob after trim: 0.999999
num tiles after trim: 31
init_pos: 1750
*********running GCP*********
total time (wallclock): 0.0232938 seconds

$ /home/daisy/GRB-Search-Pipeline/search-planning/build/sp_train /home/daisy/GRB-Search-Pipeline/results/training/maps/short/adapt_p11-715852394892384_a135-0_458_map.h5 /home/daisy/GRB-Search-Pipeline/search-planning/tilings/tiling_files/5.36x4.5_tiling.csv 1770 10.0 10.0 5.0 0 /home/daisy/GRB-Search-Pipeline/results/training/short_searching_5.36x4.5_tiling.csv
Input Parameters:
  file        = /home/daisy/GRB-Search-Pipeline/results/training/maps/short/adapt_p11-715852394892384_a135-0_458_map.h5
  source_tile = 1770
  slew_rate   = 10
  dwell_time  = 5
  output      = /home/daisy/GRB-Search-Pipeline/results/training/short_searching_5.36x4.5_tiling.csv

source = [78.2841, 135], n_src_events = 175, n_bkg_events = 1289
Loaded 375 entries (unique=375, duplicates=0, missing=48777, out_of_bounds=0, non-finite=0)
Sum(prob) over finite entries = 0.999998
init sum: 0.999998
num pixels: 49152
tile num: 1798
total tile prob: 0.999998
tiles with prob > 0: 25
total tile prob after trim: 0.999998
num tiles after trim: 25
init_pos: 1729
*********running GCP*********
total time (wallclock): 0.0242309 seconds

$ /home/daisy/GRB-Search-Pipeline/search-planning/build/sp_train /home/daisy/GRB-Search-Pipeline/results/training/maps/short/adapt_p11-715852394892384_a135-0_459_map.h5 /home/daisy/GRB-Search-Pipeline/search-planning/tilings/tiling_files/5.36x4.5_tiling.csv 1770 10.0 10.0 5.0 0 /home/daisy/GRB-Search-Pipeline/results/training/short_searching_5.36x4.5_tiling.csv
Input Parameters:
  file        = /home/daisy/GRB-Search-Pipeline/results/training/maps/short/adapt_p11-715852394892384_a135-0_459_map.h5
  source_tile = 1770
  slew_rate   = 10
  dwell_time  = 5
  output      = /home/daisy/GRB-Search-Pipeline/results/training/short_searching_5.36x4.5_tiling.csv

source = [78.2841, 135], n_src_events = 683, n_bkg_events = 216
Loaded 47 entries (unique=47, duplicates=0, missing=49105, out_of_bounds=0, non-finite=0)
Sum(prob) over finite entries = 0.999999
init sum: 0.999999
num pixels: 49152
tile num: 1798
total tile prob: 0.999999
tiles with prob > 0: 6
total tile prob after trim: 0.999999
num tiles after trim: 6
init_pos: 1751
*********running GCP*********
total time (wallclock): 0.0233359 seconds

$ /home/daisy/GRB-Search-Pipeline/search-planning/build/sp_train /home/daisy/GRB-Search-Pipeline/results/training/maps/short/adapt_p11-715852394892384_a135-0_45_map.h5 /home/daisy/GRB-Search-Pipeline/search-planning/tilings/tiling_files/5.36x4.5_tiling.csv 1770 10.0 10.0 5.0 0 /home/daisy/GRB-Search-Pipeline/results/training/short_searching_5.36x4.5_tiling.csv
Input Parameters:
  file        = /home/daisy/GRB-Search-Pipeline/results/training/maps/short/adapt_p11-715852394892384_a135-0_45_map.h5
  source_tile = 1770
  slew_rate   = 10
  dwell_time  = 5
  output      = /home/daisy/GRB-Search-Pipeline/results/training/short_searching_5.36x4.5_tiling.csv

source = [78.2841, 135], n_src_events = 344, n_bkg_events = 1821
Loaded 375 entries (unique=375, duplicates=0, missing=48777, out_of_bounds=0, non-finite=0)
Sum(prob) over finite entries = 0.999998
init sum: 0.999998
num pixels: 49152
tile num: 1798
total tile prob: 0.999998
tiles with prob > 0: 27
total tile prob after trim: 0.999998
num tiles after trim: 27
init_pos: 1770
*********running GCP*********
total time (wallclock): 0.0224098 seconds

$ /home/daisy/GRB-Search-Pipeline/search-planning/build/sp_train /home/daisy/GRB-Search-Pipeline/results/training/maps/short/adapt_p11-715852394892384_a135-0_460_map.h5 /home/daisy/GRB-Search-Pipeline/search-planning/tilings/tiling_files/5.36x4.5_tiling.csv 1770 10.0 10.0 5.0 0 /home/daisy/GRB-Search-Pipeline/results/training/short_searching_5.36x4.5_tiling.csv
Input Parameters:
  file        = /home/daisy/GRB-Search-Pipeline/results/training/maps/short/adapt_p11-715852394892384_a135-0_460_map.h5
  source_tile = 1770
  slew_rate   = 10
  dwell_time  = 5
  output      = /home/daisy/GRB-Search-Pipeline/results/training/short_searching_5.36x4.5_tiling.csv

source = [78.2841, 135], n_src_events = 847, n_bkg_events = 1497
Loaded 57 entries (unique=57, duplicates=0, missing=49095, out_of_bounds=0, non-finite=0)
Sum(prob) over finite entries = 0.999999
init sum: 0.999999
num pixels: 49152
tile num: 1798
total tile prob: 0.999999
tiles with prob > 0: 5
total tile prob after trim: 0.999999
num tiles after trim: 5
init_pos: 1770
*********running GCP*********
total time (wallclock): 0.0222362 seconds

$ /home/daisy/GRB-Search-Pipeline/search-planning/build/sp_train /home/daisy/GRB-Search-Pipeline/results/training/maps/short/adapt_p11-715852394892384_a135-0_461_map.h5 /home/daisy/GRB-Search-Pipeline/search-planning/tilings/tiling_files/5.36x4.5_tiling.csv 1770 10.0 10.0 5.0 0 /home/daisy/GRB-Search-Pipeline/results/training/short_searching_5.36x4.5_tiling.csv
Input Parameters:
  file        = /home/daisy/GRB-Search-Pipeline/results/training/maps/short/adapt_p11-715852394892384_a135-0_461_map.h5
  source_tile = 1770
  slew_rate   = 10
  dwell_time  = 5
  output      = /home/daisy/GRB-Search-Pipeline/results/training/short_searching_5.36x4.5_tiling.csv

source = [78.2841, 135], n_src_events = 153, n_bkg_events = 1331
Loaded 433 entries (unique=433, duplicates=0, missing=48719, out_of_bounds=0, non-finite=0)
Sum(prob) over finite entries = 0.999997
init sum: 0.999997
num pixels: 49152
tile num: 1798
total tile prob: 0.999997
tiles with prob > 0: 24
total tile prob after trim: 0.999997
num tiles after trim: 24
init_pos: 1700
*********running GCP*********
total time (wallclock): 0.0288523 seconds

$ /home/daisy/GRB-Search-Pipeline/search-planning/build/sp_train /home/daisy/GRB-Search-Pipeline/results/training/maps/short/adapt_p11-715852394892384_a135-0_462_map.h5 /home/daisy/GRB-Search-Pipeline/search-planning/tilings/tiling_files/5.36x4.5_tiling.csv 1770 10.0 10.0 5.0 0 /home/daisy/GRB-Search-Pipeline/results/training/short_searching_5.36x4.5_tiling.csv
Input Parameters:
  file        = /home/daisy/GRB-Search-Pipeline/results/training/maps/short/adapt_p11-715852394892384_a135-0_462_map.h5
  source_tile = 1770
  slew_rate   = 10
  dwell_time  = 5
  output      = /home/daisy/GRB-Search-Pipeline/results/training/short_searching_5.36x4.5_tiling.csv

source = [78.2841, 135], n_src_events = 267, n_bkg_events = 815
Loaded 273 entries (unique=273, duplicates=0, missing=48879, out_of_bounds=0, non-finite=0)
Sum(prob) over finite entries = 0.999998
init sum: 0.999998
num pixels: 49152
tile num: 1798
total tile prob: 0.999998
tiles with prob > 0: 20
total tile prob after trim: 0.999998
num tiles after trim: 20
init_pos: 1753
*********running GCP*********
total time (wallclock): 0.0244749 seconds

$ /home/daisy/GRB-Search-Pipeline/search-planning/build/sp_train /home/daisy/GRB-Search-Pipeline/results/training/maps/short/adapt_p11-715852394892384_a135-0_463_map.h5 /home/daisy/GRB-Search-Pipeline/search-planning/tilings/tiling_files/5.36x4.5_tiling.csv 1770 10.0 10.0 5.0 0 /home/daisy/GRB-Search-Pipeline/results/training/short_searching_5.36x4.5_tiling.csv
Input Parameters:
  file        = /home/daisy/GRB-Search-Pipeline/results/training/maps/short/adapt_p11-715852394892384_a135-0_463_map.h5
  source_tile = 1770
  slew_rate   = 10
  dwell_time  = 5
  output      = /home/daisy/GRB-Search-Pipeline/results/training/short_searching_5.36x4.5_tiling.csv

source = [78.2841, 135], n_src_events = 185, n_bkg_events = 1778
Loaded 755 entries (unique=755, duplicates=0, missing=48397, out_of_bounds=0, non-finite=0)
Sum(prob) over finite entries = 0.999998
init sum: 0.999998
num pixels: 49152
tile num: 1798
total tile prob: 0.999998
tiles with prob > 0: 48
total tile prob after trim: 0.999998
num tiles after trim: 48
init_pos: 1753
*********running GCP*********
total time (wallclock): 0.0285148 seconds

$ /home/daisy/GRB-Search-Pipeline/search-planning/build/sp_train /home/daisy/GRB-Search-Pipeline/results/training/maps/short/adapt_p11-715852394892384_a135-0_464_map.h5 /home/daisy/GRB-Search-Pipeline/search-planning/tilings/tiling_files/5.36x4.5_tiling.csv 1770 10.0 10.0 5.0 0 /home/daisy/GRB-Search-Pipeline/results/training/short_searching_5.36x4.5_tiling.csv
Input Parameters:
  file        = /home/daisy/GRB-Search-Pipeline/results/training/maps/short/adapt_p11-715852394892384_a135-0_464_map.h5
  source_tile = 1770
  slew_rate   = 10
  dwell_time  = 5
  output      = /home/daisy/GRB-Search-Pipeline/results/training/short_searching_5.36x4.5_tiling.csv

source = [78.2841, 135], n_src_events = 712, n_bkg_events = 1582
Loaded 96 entries (unique=96, duplicates=0, missing=49056, out_of_bounds=0, non-finite=0)
Sum(prob) over finite entries = 0.999999
init sum: 0.999999
num pixels: 49152
tile num: 1798
total tile prob: 0.999999
tiles with prob > 0: 8
total tile prob after trim: 0.999999
num tiles after trim: 8
init_pos: 1770
*********running GCP*********
total time (wallclock): 0.0218912 seconds

$ /home/daisy/GRB-Search-Pipeline/search-planning/build/sp_train /home/daisy/GRB-Search-Pipeline/results/training/maps/short/adapt_p11-715852394892384_a135-0_465_map.h5 /home/daisy/GRB-Search-Pipeline/search-planning/tilings/tiling_files/5.36x4.5_tiling.csv 1770 10.0 10.0 5.0 0 /home/daisy/GRB-Search-Pipeline/results/training/short_searching_5.36x4.5_tiling.csv
Input Parameters:
  file        = /home/daisy/GRB-Search-Pipeline/results/training/maps/short/adapt_p11-715852394892384_a135-0_465_map.h5
  source_tile = 1770
  slew_rate   = 10
  dwell_time  = 5
  output      = /home/daisy/GRB-Search-Pipeline/results/training/short_searching_5.36x4.5_tiling.csv

source = [78.2841, 135], n_src_events = 788, n_bkg_events = 919
Loaded 68 entries (unique=68, duplicates=0, missing=49084, out_of_bounds=0, non-finite=0)
Sum(prob) over finite entries = 0.999999
init sum: 0.999999
num pixels: 49152
tile num: 1798
total tile prob: 0.999999
tiles with prob > 0: 7
total tile prob after trim: 0.999999
num tiles after trim: 7
init_pos: 1751
*********running GCP*********
total time (wallclock): 0.0222128 seconds

$ /home/daisy/GRB-Search-Pipeline/search-planning/build/sp_train /home/daisy/GRB-Search-Pipeline/results/training/maps/short/adapt_p11-715852394892384_a135-0_466_map.h5 /home/daisy/GRB-Search-Pipeline/search-planning/tilings/tiling_files/5.36x4.5_tiling.csv 1770 10.0 10.0 5.0 0 /home/daisy/GRB-Search-Pipeline/results/training/short_searching_5.36x4.5_tiling.csv
Input Parameters:
  file        = /home/daisy/GRB-Search-Pipeline/results/training/maps/short/adapt_p11-715852394892384_a135-0_466_map.h5
  source_tile = 1770
  slew_rate   = 10
  dwell_time  = 5
  output      = /home/daisy/GRB-Search-Pipeline/results/training/short_searching_5.36x4.5_tiling.csv

source = [78.2841, 135], n_src_events = 459, n_bkg_events = 961
Loaded 143 entries (unique=143, duplicates=0, missing=49009, out_of_bounds=0, non-finite=0)
Sum(prob) over finite entries = 0.999998
init sum: 0.999998
num pixels: 49152
tile num: 1798
total tile prob: 0.999998
tiles with prob > 0: 11
total tile prob after trim: 0.999998
num tiles after trim: 11
init_pos: 1771
*********running GCP*********
total time (wallclock): 0.0228955 seconds

$ /home/daisy/GRB-Search-Pipeline/search-planning/build/sp_train /home/daisy/GRB-Search-Pipeline/results/training/maps/short/adapt_p11-715852394892384_a135-0_467_map.h5 /home/daisy/GRB-Search-Pipeline/search-planning/tilings/tiling_files/5.36x4.5_tiling.csv 1770 10.0 10.0 5.0 0 /home/daisy/GRB-Search-Pipeline/results/training/short_searching_5.36x4.5_tiling.csv
Input Parameters:
  file        = /home/daisy/GRB-Search-Pipeline/results/training/maps/short/adapt_p11-715852394892384_a135-0_467_map.h5
  source_tile = 1770
  slew_rate   = 10
  dwell_time  = 5
  output      = /home/daisy/GRB-Search-Pipeline/results/training/short_searching_5.36x4.5_tiling.csv

source = [78.2841, 135], n_src_events = 246, n_bkg_events = 201
Loaded 230 entries (unique=230, duplicates=0, missing=48922, out_of_bounds=0, non-finite=0)
Sum(prob) over finite entries = 0.999999
init sum: 0.999999
num pixels: 49152
tile num: 1798
total tile prob: 0.999999
tiles with prob > 0: 17
total tile prob after trim: 0.999999
num tiles after trim: 17
init_pos: 1750
*********running GCP*********
total time (wallclock): 0.0245448 seconds

$ /home/daisy/GRB-Search-Pipeline/search-planning/build/sp_train /home/daisy/GRB-Search-Pipeline/results/training/maps/short/adapt_p11-715852394892384_a135-0_468_map.h5 /home/daisy/GRB-Search-Pipeline/search-planning/tilings/tiling_files/5.36x4.5_tiling.csv 1770 10.0 10.0 5.0 0 /home/daisy/GRB-Search-Pipeline/results/training/short_searching_5.36x4.5_tiling.csv
Input Parameters:
  file        = /home/daisy/GRB-Search-Pipeline/results/training/maps/short/adapt_p11-715852394892384_a135-0_468_map.h5
  source_tile = 1770
  slew_rate   = 10
  dwell_time  = 5
  output      = /home/daisy/GRB-Search-Pipeline/results/training/short_searching_5.36x4.5_tiling.csv

source = [78.2841, 135], n_src_events = 659, n_bkg_events = 581
Loaded 70 entries (unique=70, duplicates=0, missing=49082, out_of_bounds=0, non-finite=0)
Sum(prob) over finite entries = 0.999999
init sum: 0.999999
num pixels: 49152
tile num: 1798
total tile prob: 0.999999
tiles with prob > 0: 7
total tile prob after trim: 0.999999
num tiles after trim: 7
init_pos: 1770
*********running GCP*********
total time (wallclock): 0.0218109 seconds

$ /home/daisy/GRB-Search-Pipeline/search-planning/build/sp_train /home/daisy/GRB-Search-Pipeline/results/training/maps/short/adapt_p11-715852394892384_a135-0_469_map.h5 /home/daisy/GRB-Search-Pipeline/search-planning/tilings/tiling_files/5.36x4.5_tiling.csv 1770 10.0 10.0 5.0 0 /home/daisy/GRB-Search-Pipeline/results/training/short_searching_5.36x4.5_tiling.csv
Input Parameters:
  file        = /home/daisy/GRB-Search-Pipeline/results/training/maps/short/adapt_p11-715852394892384_a135-0_469_map.h5
  source_tile = 1770
  slew_rate   = 10
  dwell_time  = 5
  output      = /home/daisy/GRB-Search-Pipeline/results/training/short_searching_5.36x4.5_tiling.csv

source = [78.2841, 135], n_src_events = 298, n_bkg_events = 388
Loaded 204 entries (unique=204, duplicates=0, missing=48948, out_of_bounds=0, non-finite=0)
Sum(prob) over finite entries = 0.999998
init sum: 0.999998
num pixels: 49152
tile num: 1798
total tile prob: 0.999998
tiles with prob > 0: 14
total tile prob after trim: 0.999998
num tiles after trim: 14
init_pos: 1751
*********running GCP*********
total time (wallclock): 0.0246158 seconds

$ /home/daisy/GRB-Search-Pipeline/search-planning/build/sp_train /home/daisy/GRB-Search-Pipeline/results/training/maps/short/adapt_p11-715852394892384_a135-0_46_map.h5 /home/daisy/GRB-Search-Pipeline/search-planning/tilings/tiling_files/5.36x4.5_tiling.csv 1770 10.0 10.0 5.0 0 /home/daisy/GRB-Search-Pipeline/results/training/short_searching_5.36x4.5_tiling.csv
Input Parameters:
  file        = /home/daisy/GRB-Search-Pipeline/results/training/maps/short/adapt_p11-715852394892384_a135-0_46_map.h5
  source_tile = 1770
  slew_rate   = 10
  dwell_time  = 5
  output      = /home/daisy/GRB-Search-Pipeline/results/training/short_searching_5.36x4.5_tiling.csv

source = [78.2841, 135], n_src_events = 596, n_bkg_events = 874
Loaded 70 entries (unique=70, duplicates=0, missing=49082, out_of_bounds=0, non-finite=0)
Sum(prob) over finite entries = 0.999998
init sum: 0.999998
num pixels: 49152
tile num: 1798
total tile prob: 0.999998
tiles with prob > 0: 5
total tile prob after trim: 0.999998
num tiles after trim: 5
init_pos: 1771
*********running GCP*********
total time (wallclock): 0.0232941 seconds

$ /home/daisy/GRB-Search-Pipeline/search-planning/build/sp_train /home/daisy/GRB-Search-Pipeline/results/training/maps/short/adapt_p11-715852394892384_a135-0_470_map.h5 /home/daisy/GRB-Search-Pipeline/search-planning/tilings/tiling_files/5.36x4.5_tiling.csv 1770 10.0 10.0 5.0 0 /home/daisy/GRB-Search-Pipeline/results/training/short_searching_5.36x4.5_tiling.csv
Input Parameters:
  file        = /home/daisy/GRB-Search-Pipeline/results/training/maps/short/adapt_p11-715852394892384_a135-0_470_map.h5
  source_tile = 1770
  slew_rate   = 10
  dwell_time  = 5
  output      = /home/daisy/GRB-Search-Pipeline/results/training/short_searching_5.36x4.5_tiling.csv

source = [78.2841, 135], n_src_events = 784, n_bkg_events = 1694
Loaded 68 entries (unique=68, duplicates=0, missing=49084, out_of_bounds=0, non-finite=0)
Sum(prob) over finite entries = 0.999998
init sum: 0.999998
num pixels: 49152
tile num: 1798
total tile prob: 0.999998
tiles with prob > 0: 6
total tile prob after trim: 0.999998
num tiles after trim: 6
init_pos: 1771
*********running GCP*********
total time (wallclock): 0.0227969 seconds

$ /home/daisy/GRB-Search-Pipeline/search-planning/build/sp_train /home/daisy/GRB-Search-Pipeline/results/training/maps/short/adapt_p11-715852394892384_a135-0_471_map.h5 /home/daisy/GRB-Search-Pipeline/search-planning/tilings/tiling_files/5.36x4.5_tiling.csv 1770 10.0 10.0 5.0 0 /home/daisy/GRB-Search-Pipeline/results/training/short_searching_5.36x4.5_tiling.csv
Input Parameters:
  file        = /home/daisy/GRB-Search-Pipeline/results/training/maps/short/adapt_p11-715852394892384_a135-0_471_map.h5
  source_tile = 1770
  slew_rate   = 10
  dwell_time  = 5
  output      = /home/daisy/GRB-Search-Pipeline/results/training/short_searching_5.36x4.5_tiling.csv

source = [78.2841, 135], n_src_events = 630, n_bkg_events = 109
Loaded 57 entries (unique=57, duplicates=0, missing=49095, out_of_bounds=0, non-finite=0)
Sum(prob) over finite entries = 0.999998
init sum: 0.999998
num pixels: 49152
tile num: 1798
total tile prob: 0.999998
tiles with prob > 0: 6
total tile prob after trim: 0.999998
num tiles after trim: 6
init_pos: 1752
*********running GCP*********
total time (wallclock): 0.0229354 seconds

$ /home/daisy/GRB-Search-Pipeline/search-planning/build/sp_train /home/daisy/GRB-Search-Pipeline/results/training/maps/short/adapt_p11-715852394892384_a135-0_472_map.h5 /home/daisy/GRB-Search-Pipeline/search-planning/tilings/tiling_files/5.36x4.5_tiling.csv 1770 10.0 10.0 5.0 0 /home/daisy/GRB-Search-Pipeline/results/training/short_searching_5.36x4.5_tiling.csv
Input Parameters:
  file        = /home/daisy/GRB-Search-Pipeline/results/training/maps/short/adapt_p11-715852394892384_a135-0_472_map.h5
  source_tile = 1770
  slew_rate   = 10
  dwell_time  = 5
  output      = /home/daisy/GRB-Search-Pipeline/results/training/short_searching_5.36x4.5_tiling.csv

source = [78.2841, 135], n_src_events = 390, n_bkg_events = 445
Loaded 172 entries (unique=172, duplicates=0, missing=48980, out_of_bounds=0, non-finite=0)
Sum(prob) over finite entries = 0.999999
init sum: 0.999999
num pixels: 49152
tile num: 1798
total tile prob: 0.999999
tiles with prob > 0: 11
total tile prob after trim: 0.999999
num tiles after trim: 11
init_pos: 1785
*********running GCP*********
total time (wallclock): 0.0222927 seconds

$ /home/daisy/GRB-Search-Pipeline/search-planning/build/sp_train /home/daisy/GRB-Search-Pipeline/results/training/maps/short/adapt_p11-715852394892384_a135-0_473_map.h5 /home/daisy/GRB-Search-Pipeline/search-planning/tilings/tiling_files/5.36x4.5_tiling.csv 1770 10.0 10.0 5.0 0 /home/daisy/GRB-Search-Pipeline/results/training/short_searching_5.36x4.5_tiling.csv
Input Parameters:
  file        = /home/daisy/GRB-Search-Pipeline/results/training/maps/short/adapt_p11-715852394892384_a135-0_473_map.h5
  source_tile = 1770
  slew_rate   = 10
  dwell_time  = 5
  output      = /home/daisy/GRB-Search-Pipeline/results/training/short_searching_5.36x4.5_tiling.csv

source = [78.2841, 135], n_src_events = 832, n_bkg_events = 1510
Loaded 78 entries (unique=78, duplicates=0, missing=49074, out_of_bounds=0, non-finite=0)
Sum(prob) over finite entries = 0.999998
init sum: 0.999998
num pixels: 49152
tile num: 1798
total tile prob: 0.999998
tiles with prob > 0: 7
total tile prob after trim: 0.999998
num tiles after trim: 7
init_pos: 1770
*********running GCP*********
total time (wallclock): 0.0218513 seconds

$ /home/daisy/GRB-Search-Pipeline/search-planning/build/sp_train /home/daisy/GRB-Search-Pipeline/results/training/maps/short/adapt_p11-715852394892384_a135-0_474_map.h5 /home/daisy/GRB-Search-Pipeline/search-planning/tilings/tiling_files/5.36x4.5_tiling.csv 1770 10.0 10.0 5.0 0 /home/daisy/GRB-Search-Pipeline/results/training/short_searching_5.36x4.5_tiling.csv
Input Parameters:
  file        = /home/daisy/GRB-Search-Pipeline/results/training/maps/short/adapt_p11-715852394892384_a135-0_474_map.h5
  source_tile = 1770
  slew_rate   = 10
  dwell_time  = 5
  output      = /home/daisy/GRB-Search-Pipeline/results/training/short_searching_5.36x4.5_tiling.csv

source = [78.2841, 135], n_src_events = 199, n_bkg_events = 1223
Loaded 950 entries (unique=950, duplicates=0, missing=48202, out_of_bounds=0, non-finite=0)
Sum(prob) over finite entries = 0.999998
init sum: 0.999998
num pixels: 49152
tile num: 1798
total tile prob: 0.999998
tiles with prob > 0: 50
total tile prob after trim: 0.999998
num tiles after trim: 50
init_pos: 1699
*********running GCP*********
total time (wallclock): 0.0396369 seconds

$ /home/daisy/GRB-Search-Pipeline/search-planning/build/sp_train /home/daisy/GRB-Search-Pipeline/results/training/maps/short/adapt_p11-715852394892384_a135-0_475_map.h5 /home/daisy/GRB-Search-Pipeline/search-planning/tilings/tiling_files/5.36x4.5_tiling.csv 1770 10.0 10.0 5.0 0 /home/daisy/GRB-Search-Pipeline/results/training/short_searching_5.36x4.5_tiling.csv
Input Parameters:
  file        = /home/daisy/GRB-Search-Pipeline/results/training/maps/short/adapt_p11-715852394892384_a135-0_475_map.h5
  source_tile = 1770
  slew_rate   = 10
  dwell_time  = 5
  output      = /home/daisy/GRB-Search-Pipeline/results/training/short_searching_5.36x4.5_tiling.csv

source = [78.2841, 135], n_src_events = 542, n_bkg_events = 1799
Loaded 158 entries (unique=158, duplicates=0, missing=48994, out_of_bounds=0, non-finite=0)
Sum(prob) over finite entries = 0.999999
init sum: 0.999999
num pixels: 49152
tile num: 1798
total tile prob: 0.999999
tiles with prob > 0: 13
total tile prob after trim: 0.999999
num tiles after trim: 13
init_pos: 1770
*********running GCP*********
total time (wallclock): 0.0220391 seconds

$ /home/daisy/GRB-Search-Pipeline/search-planning/build/sp_train /home/daisy/GRB-Search-Pipeline/results/training/maps/short/adapt_p11-715852394892384_a135-0_476_map.h5 /home/daisy/GRB-Search-Pipeline/search-planning/tilings/tiling_files/5.36x4.5_tiling.csv 1770 10.0 10.0 5.0 0 /home/daisy/GRB-Search-Pipeline/results/training/short_searching_5.36x4.5_tiling.csv
Input Parameters:
  file        = /home/daisy/GRB-Search-Pipeline/results/training/maps/short/adapt_p11-715852394892384_a135-0_476_map.h5
  source_tile = 1770
  slew_rate   = 10
  dwell_time  = 5
  output      = /home/daisy/GRB-Search-Pipeline/results/training/short_searching_5.36x4.5_tiling.csv

source = [78.2841, 135], n_src_events = 581, n_bkg_events = 143
Loaded 65 entries (unique=65, duplicates=0, missing=49087, out_of_bounds=0, non-finite=0)
Sum(prob) over finite entries = 0.999998
init sum: 0.999998
num pixels: 49152
tile num: 1798
total tile prob: 0.999998
tiles with prob > 0: 9
total tile prob after trim: 0.999998
num tiles after trim: 9
init_pos: 1771
*********running GCP*********
total time (wallclock): 0.0235141 seconds

$ /home/daisy/GRB-Search-Pipeline/search-planning/build/sp_train /home/daisy/GRB-Search-Pipeline/results/training/maps/short/adapt_p11-715852394892384_a135-0_477_map.h5 /home/daisy/GRB-Search-Pipeline/search-planning/tilings/tiling_files/5.36x4.5_tiling.csv 1770 10.0 10.0 5.0 0 /home/daisy/GRB-Search-Pipeline/results/training/short_searching_5.36x4.5_tiling.csv
Input Parameters:
  file        = /home/daisy/GRB-Search-Pipeline/results/training/maps/short/adapt_p11-715852394892384_a135-0_477_map.h5
  source_tile = 1770
  slew_rate   = 10
  dwell_time  = 5
  output      = /home/daisy/GRB-Search-Pipeline/results/training/short_searching_5.36x4.5_tiling.csv

source = [78.2841, 135], n_src_events = 192, n_bkg_events = 102
Loaded 421 entries (unique=421, duplicates=0, missing=48731, out_of_bounds=0, non-finite=0)
Sum(prob) over finite entries = 0.999999
init sum: 0.999999
num pixels: 49152
tile num: 1798
total tile prob: 0.999999
tiles with prob > 0: 24
total tile prob after trim: 0.999999
num tiles after trim: 24
init_pos: 1770
*********running GCP*********
total time (wallclock): 0.022147 seconds

$ /home/daisy/GRB-Search-Pipeline/search-planning/build/sp_train /home/daisy/GRB-Search-Pipeline/results/training/maps/short/adapt_p11-715852394892384_a135-0_478_map.h5 /home/daisy/GRB-Search-Pipeline/search-planning/tilings/tiling_files/5.36x4.5_tiling.csv 1770 10.0 10.0 5.0 0 /home/daisy/GRB-Search-Pipeline/results/training/short_searching_5.36x4.5_tiling.csv
Input Parameters:
  file        = /home/daisy/GRB-Search-Pipeline/results/training/maps/short/adapt_p11-715852394892384_a135-0_478_map.h5
  source_tile = 1770
  slew_rate   = 10
  dwell_time  = 5
  output      = /home/daisy/GRB-Search-Pipeline/results/training/short_searching_5.36x4.5_tiling.csv

source = [78.2841, 135], n_src_events = 267, n_bkg_events = 923
Loaded 384 entries (unique=384, duplicates=0, missing=48768, out_of_bounds=0, non-finite=0)
Sum(prob) over finite entries = 0.999998
init sum: 0.999998
num pixels: 49152
tile num: 1798
total tile prob: 0.999998
tiles with prob > 0: 25
total tile prob after trim: 0.999998
num tiles after trim: 25
init_pos: 1785
*********running GCP*********
total time (wallclock): 0.0236714 seconds

$ /home/daisy/GRB-Search-Pipeline/search-planning/build/sp_train /home/daisy/GRB-Search-Pipeline/results/training/maps/short/adapt_p11-715852394892384_a135-0_479_map.h5 /home/daisy/GRB-Search-Pipeline/search-planning/tilings/tiling_files/5.36x4.5_tiling.csv 1770 10.0 10.0 5.0 0 /home/daisy/GRB-Search-Pipeline/results/training/short_searching_5.36x4.5_tiling.csv
Input Parameters:
  file        = /home/daisy/GRB-Search-Pipeline/results/training/maps/short/adapt_p11-715852394892384_a135-0_479_map.h5
  source_tile = 1770
  slew_rate   = 10
  dwell_time  = 5
  output      = /home/daisy/GRB-Search-Pipeline/results/training/short_searching_5.36x4.5_tiling.csv

source = [78.2841, 135], n_src_events = 791, n_bkg_events = 396
Loaded 46 entries (unique=46, duplicates=0, missing=49106, out_of_bounds=0, non-finite=0)
Sum(prob) over finite entries = 0.999999
init sum: 0.999999
num pixels: 49152
tile num: 1798
total tile prob: 0.999999
tiles with prob > 0: 5
total tile prob after trim: 0.999999
num tiles after trim: 5
init_pos: 1770
*********running GCP*********
total time (wallclock): 0.022173 seconds

$ /home/daisy/GRB-Search-Pipeline/search-planning/build/sp_train /home/daisy/GRB-Search-Pipeline/results/training/maps/short/adapt_p11-715852394892384_a135-0_47_map.h5 /home/daisy/GRB-Search-Pipeline/search-planning/tilings/tiling_files/5.36x4.5_tiling.csv 1770 10.0 10.0 5.0 0 /home/daisy/GRB-Search-Pipeline/results/training/short_searching_5.36x4.5_tiling.csv
Input Parameters:
  file        = /home/daisy/GRB-Search-Pipeline/results/training/maps/short/adapt_p11-715852394892384_a135-0_47_map.h5
  source_tile = 1770
  slew_rate   = 10
  dwell_time  = 5
  output      = /home/daisy/GRB-Search-Pipeline/results/training/short_searching_5.36x4.5_tiling.csv

source = [78.2841, 135], n_src_events = 438, n_bkg_events = 1747
Loaded 189 entries (unique=189, duplicates=0, missing=48963, out_of_bounds=0, non-finite=0)
Sum(prob) over finite entries = 0.999998
init sum: 0.999998
num pixels: 49152
tile num: 1798
total tile prob: 0.999998
tiles with prob > 0: 13
total tile prob after trim: 0.999998
num tiles after trim: 13
init_pos: 1752
*********running GCP*********
total time (wallclock): 0.022066 seconds

$ /home/daisy/GRB-Search-Pipeline/search-planning/build/sp_train /home/daisy/GRB-Search-Pipeline/results/training/maps/short/adapt_p11-715852394892384_a135-0_480_map.h5 /home/daisy/GRB-Search-Pipeline/search-planning/tilings/tiling_files/5.36x4.5_tiling.csv 1770 10.0 10.0 5.0 0 /home/daisy/GRB-Search-Pipeline/results/training/short_searching_5.36x4.5_tiling.csv
Input Parameters:
  file        = /home/daisy/GRB-Search-Pipeline/results/training/maps/short/adapt_p11-715852394892384_a135-0_480_map.h5
  source_tile = 1770
  slew_rate   = 10
  dwell_time  = 5
  output      = /home/daisy/GRB-Search-Pipeline/results/training/short_searching_5.36x4.5_tiling.csv

source = [78.2841, 135], n_src_events = 712, n_bkg_events = 1438
Loaded 82 entries (unique=82, duplicates=0, missing=49070, out_of_bounds=0, non-finite=0)
Sum(prob) over finite entries = 0.999999
init sum: 0.999999
num pixels: 49152
tile num: 1798
total tile prob: 0.999999
tiles with prob > 0: 8
total tile prob after trim: 0.999999
num tiles after trim: 8
init_pos: 1752
*********running GCP*********
total time (wallclock): 0.0221955 seconds

$ /home/daisy/GRB-Search-Pipeline/search-planning/build/sp_train /home/daisy/GRB-Search-Pipeline/results/training/maps/short/adapt_p11-715852394892384_a135-0_481_map.h5 /home/daisy/GRB-Search-Pipeline/search-planning/tilings/tiling_files/5.36x4.5_tiling.csv 1770 10.0 10.0 5.0 0 /home/daisy/GRB-Search-Pipeline/results/training/short_searching_5.36x4.5_tiling.csv
Input Parameters:
  file        = /home/daisy/GRB-Search-Pipeline/results/training/maps/short/adapt_p11-715852394892384_a135-0_481_map.h5
  source_tile = 1770
  slew_rate   = 10
  dwell_time  = 5
  output      = /home/daisy/GRB-Search-Pipeline/results/training/short_searching_5.36x4.5_tiling.csv

source = [78.2841, 135], n_src_events = 261, n_bkg_events = 1609
Loaded 877 entries (unique=877, duplicates=0, missing=48275, out_of_bounds=0, non-finite=0)
Sum(prob) over finite entries = 0.999998
init sum: 0.999998
num pixels: 49152
tile num: 1798
total tile prob: 0.999998
tiles with prob > 0: 54
total tile prob after trim: 0.999998
num tiles after trim: 54
init_pos: 1728
*********running GCP*********
total time (wallclock): 0.0251239 seconds

$ /home/daisy/GRB-Search-Pipeline/search-planning/build/sp_train /home/daisy/GRB-Search-Pipeline/results/training/maps/short/adapt_p11-715852394892384_a135-0_482_map.h5 /home/daisy/GRB-Search-Pipeline/search-planning/tilings/tiling_files/5.36x4.5_tiling.csv 1770 10.0 10.0 5.0 0 /home/daisy/GRB-Search-Pipeline/results/training/short_searching_5.36x4.5_tiling.csv
Input Parameters:
  file        = /home/daisy/GRB-Search-Pipeline/results/training/maps/short/adapt_p11-715852394892384_a135-0_482_map.h5
  source_tile = 1770
  slew_rate   = 10
  dwell_time  = 5
  output      = /home/daisy/GRB-Search-Pipeline/results/training/short_searching_5.36x4.5_tiling.csv

source = [78.2841, 135], n_src_events = 120, n_bkg_events = 1502
Loaded 2392 entries (unique=2392, duplicates=0, missing=46760, out_of_bounds=0, non-finite=0)
Sum(prob) over finite entries = 0.999996
init sum: 0.999996
num pixels: 49152
tile num: 1798
total tile prob: 0.999996
tiles with prob > 0: 117
total tile prob after trim: 0.999996
num tiles after trim: 117
init_pos: 1491
*********running GCP*********
total time (wallclock): 0.283292 seconds

$ /home/daisy/GRB-Search-Pipeline/search-planning/build/sp_train /home/daisy/GRB-Search-Pipeline/results/training/maps/short/adapt_p11-715852394892384_a135-0_483_map.h5 /home/daisy/GRB-Search-Pipeline/search-planning/tilings/tiling_files/5.36x4.5_tiling.csv 1770 10.0 10.0 5.0 0 /home/daisy/GRB-Search-Pipeline/results/training/short_searching_5.36x4.5_tiling.csv
Input Parameters:
  file        = /home/daisy/GRB-Search-Pipeline/results/training/maps/short/adapt_p11-715852394892384_a135-0_483_map.h5
  source_tile = 1770
  slew_rate   = 10
  dwell_time  = 5
  output      = /home/daisy/GRB-Search-Pipeline/results/training/short_searching_5.36x4.5_tiling.csv

source = [78.2841, 135], n_src_events = 437, n_bkg_events = 541
Loaded 134 entries (unique=134, duplicates=0, missing=49018, out_of_bounds=0, non-finite=0)
Sum(prob) over finite entries = 0.999999
init sum: 0.999999
num pixels: 49152
tile num: 1798
total tile prob: 0.999999
tiles with prob > 0: 10
total tile prob after trim: 0.999999
num tiles after trim: 10
init_pos: 1752
*********running GCP*********
total time (wallclock): 0.0226613 seconds

$ /home/daisy/GRB-Search-Pipeline/search-planning/build/sp_train /home/daisy/GRB-Search-Pipeline/results/training/maps/short/adapt_p11-715852394892384_a135-0_484_map.h5 /home/daisy/GRB-Search-Pipeline/search-planning/tilings/tiling_files/5.36x4.5_tiling.csv 1770 10.0 10.0 5.0 0 /home/daisy/GRB-Search-Pipeline/results/training/short_searching_5.36x4.5_tiling.csv
Input Parameters:
  file        = /home/daisy/GRB-Search-Pipeline/results/training/maps/short/adapt_p11-715852394892384_a135-0_484_map.h5
  source_tile = 1770
  slew_rate   = 10
  dwell_time  = 5
  output      = /home/daisy/GRB-Search-Pipeline/results/training/short_searching_5.36x4.5_tiling.csv

source = [78.2841, 135], n_src_events = 412, n_bkg_events = 1099
Loaded 276 entries (unique=276, duplicates=0, missing=48876, out_of_bounds=0, non-finite=0)
Sum(prob) over finite entries = 0.999999
init sum: 0.999999
num pixels: 49152
tile num: 1798
total tile prob: 0.999999
tiles with prob > 0: 19
total tile prob after trim: 0.999999
num tiles after trim: 19
init_pos: 1752
*********running GCP*********
total time (wallclock): 0.0275929 seconds

$ /home/daisy/GRB-Search-Pipeline/search-planning/build/sp_train /home/daisy/GRB-Search-Pipeline/results/training/maps/short/adapt_p11-715852394892384_a135-0_485_map.h5 /home/daisy/GRB-Search-Pipeline/search-planning/tilings/tiling_files/5.36x4.5_tiling.csv 1770 10.0 10.0 5.0 0 /home/daisy/GRB-Search-Pipeline/results/training/short_searching_5.36x4.5_tiling.csv
Input Parameters:
  file        = /home/daisy/GRB-Search-Pipeline/results/training/maps/short/adapt_p11-715852394892384_a135-0_485_map.h5
  source_tile = 1770
  slew_rate   = 10
  dwell_time  = 5
  output      = /home/daisy/GRB-Search-Pipeline/results/training/short_searching_5.36x4.5_tiling.csv

source = [78.2841, 135], n_src_events = 388, n_bkg_events = 1745
Loaded 190 entries (unique=190, duplicates=0, missing=48962, out_of_bounds=0, non-finite=0)
Sum(prob) over finite entries = 0.999998
init sum: 0.999998
num pixels: 49152
tile num: 1798
total tile prob: 0.999998
tiles with prob > 0: 13
total tile prob after trim: 0.999998
num tiles after trim: 13
init_pos: 1750
*********running GCP*********
total time (wallclock): 0.0229274 seconds

$ /home/daisy/GRB-Search-Pipeline/search-planning/build/sp_train /home/daisy/GRB-Search-Pipeline/results/training/maps/short/adapt_p11-715852394892384_a135-0_486_map.h5 /home/daisy/GRB-Search-Pipeline/search-planning/tilings/tiling_files/5.36x4.5_tiling.csv 1770 10.0 10.0 5.0 0 /home/daisy/GRB-Search-Pipeline/results/training/short_searching_5.36x4.5_tiling.csv
Input Parameters:
  file        = /home/daisy/GRB-Search-Pipeline/results/training/maps/short/adapt_p11-715852394892384_a135-0_486_map.h5
  source_tile = 1770
  slew_rate   = 10
  dwell_time  = 5
  output      = /home/daisy/GRB-Search-Pipeline/results/training/short_searching_5.36x4.5_tiling.csv

source = [78.2841, 135], n_src_events = 822, n_bkg_events = 1416
Loaded 71 entries (unique=71, duplicates=0, missing=49081, out_of_bounds=0, non-finite=0)
Sum(prob) over finite entries = 0.999999
init sum: 0.999999
num pixels: 49152
tile num: 1798
total tile prob: 0.999999
tiles with prob > 0: 9
total tile prob after trim: 0.999999
num tiles after trim: 9
init_pos: 1785
*********running GCP*********
total time (wallclock): 0.0225326 seconds

$ /home/daisy/GRB-Search-Pipeline/search-planning/build/sp_train /home/daisy/GRB-Search-Pipeline/results/training/maps/short/adapt_p11-715852394892384_a135-0_487_map.h5 /home/daisy/GRB-Search-Pipeline/search-planning/tilings/tiling_files/5.36x4.5_tiling.csv 1770 10.0 10.0 5.0 0 /home/daisy/GRB-Search-Pipeline/results/training/short_searching_5.36x4.5_tiling.csv
Input Parameters:
  file        = /home/daisy/GRB-Search-Pipeline/results/training/maps/short/adapt_p11-715852394892384_a135-0_487_map.h5
  source_tile = 1770
  slew_rate   = 10
  dwell_time  = 5
  output      = /home/daisy/GRB-Search-Pipeline/results/training/short_searching_5.36x4.5_tiling.csv

source = [78.2841, 135], n_src_events = 628, n_bkg_events = 1811
Loaded 98 entries (unique=98, duplicates=0, missing=49054, out_of_bounds=0, non-finite=0)
Sum(prob) over finite entries = 0.999999
init sum: 0.999999
num pixels: 49152
tile num: 1798
total tile prob: 0.999999
tiles with prob > 0: 8
total tile prob after trim: 0.999999
num tiles after trim: 8
init_pos: 1752
*********running GCP*********
total time (wallclock): 0.0235611 seconds

$ /home/daisy/GRB-Search-Pipeline/search-planning/build/sp_train /home/daisy/GRB-Search-Pipeline/results/training/maps/short/adapt_p11-715852394892384_a135-0_488_map.h5 /home/daisy/GRB-Search-Pipeline/search-planning/tilings/tiling_files/5.36x4.5_tiling.csv 1770 10.0 10.0 5.0 0 /home/daisy/GRB-Search-Pipeline/results/training/short_searching_5.36x4.5_tiling.csv
Input Parameters:
  file        = /home/daisy/GRB-Search-Pipeline/results/training/maps/short/adapt_p11-715852394892384_a135-0_488_map.h5
  source_tile = 1770
  slew_rate   = 10
  dwell_time  = 5
  output      = /home/daisy/GRB-Search-Pipeline/results/training/short_searching_5.36x4.5_tiling.csv

source = [78.2841, 135], n_src_events = 710, n_bkg_events = 1796
Loaded 76 entries (unique=76, duplicates=0, missing=49076, out_of_bounds=0, non-finite=0)
Sum(prob) over finite entries = 0.999999
init sum: 0.999999
num pixels: 49152
tile num: 1798
total tile prob: 0.999999
tiles with prob > 0: 8
total tile prob after trim: 0.999999
num tiles after trim: 8
init_pos: 1770
*********running GCP*********
total time (wallclock): 0.0224416 seconds

$ /home/daisy/GRB-Search-Pipeline/search-planning/build/sp_train /home/daisy/GRB-Search-Pipeline/results/training/maps/short/adapt_p11-715852394892384_a135-0_489_map.h5 /home/daisy/GRB-Search-Pipeline/search-planning/tilings/tiling_files/5.36x4.5_tiling.csv 1770 10.0 10.0 5.0 0 /home/daisy/GRB-Search-Pipeline/results/training/short_searching_5.36x4.5_tiling.csv
Input Parameters:
  file        = /home/daisy/GRB-Search-Pipeline/results/training/maps/short/adapt_p11-715852394892384_a135-0_489_map.h5
  source_tile = 1770
  slew_rate   = 10
  dwell_time  = 5
  output      = /home/daisy/GRB-Search-Pipeline/results/training/short_searching_5.36x4.5_tiling.csv

source = [78.2841, 135], n_src_events = 144, n_bkg_events = 1013
Loaded 1995 entries (unique=1995, duplicates=0, missing=47157, out_of_bounds=0, non-finite=0)
Sum(prob) over finite entries = 0.999998
init sum: 0.999998
num pixels: 49152
tile num: 1798
total tile prob: 0.999998
tiles with prob > 0: 106
total tile prob after trim: 0.999998
num tiles after trim: 106
init_pos: 1754
*********running GCP*********
total time (wallclock): 0.0302179 seconds

$ /home/daisy/GRB-Search-Pipeline/search-planning/build/sp_train /home/daisy/GRB-Search-Pipeline/results/training/maps/short/adapt_p11-715852394892384_a135-0_48_map.h5 /home/daisy/GRB-Search-Pipeline/search-planning/tilings/tiling_files/5.36x4.5_tiling.csv 1770 10.0 10.0 5.0 0 /home/daisy/GRB-Search-Pipeline/results/training/short_searching_5.36x4.5_tiling.csv
Input Parameters:
  file        = /home/daisy/GRB-Search-Pipeline/results/training/maps/short/adapt_p11-715852394892384_a135-0_48_map.h5
  source_tile = 1770
  slew_rate   = 10
  dwell_time  = 5
  output      = /home/daisy/GRB-Search-Pipeline/results/training/short_searching_5.36x4.5_tiling.csv

source = [78.2841, 135], n_src_events = 431, n_bkg_events = 1373
Loaded 163 entries (unique=163, duplicates=0, missing=48989, out_of_bounds=0, non-finite=0)
Sum(prob) over finite entries = 0.999999
init sum: 0.999999
num pixels: 49152
tile num: 1798
total tile prob: 0.999999
tiles with prob > 0: 13
total tile prob after trim: 0.999999
num tiles after trim: 13
init_pos: 1769
*********running GCP*********
total time (wallclock): 0.0224533 seconds

$ /home/daisy/GRB-Search-Pipeline/search-planning/build/sp_train /home/daisy/GRB-Search-Pipeline/results/training/maps/short/adapt_p11-715852394892384_a135-0_490_map.h5 /home/daisy/GRB-Search-Pipeline/search-planning/tilings/tiling_files/5.36x4.5_tiling.csv 1770 10.0 10.0 5.0 0 /home/daisy/GRB-Search-Pipeline/results/training/short_searching_5.36x4.5_tiling.csv
Input Parameters:
  file        = /home/daisy/GRB-Search-Pipeline/results/training/maps/short/adapt_p11-715852394892384_a135-0_490_map.h5
  source_tile = 1770
  slew_rate   = 10
  dwell_time  = 5
  output      = /home/daisy/GRB-Search-Pipeline/results/training/short_searching_5.36x4.5_tiling.csv

source = [78.2841, 135], n_src_events = 548, n_bkg_events = 782
Loaded 110 entries (unique=110, duplicates=0, missing=49042, out_of_bounds=0, non-finite=0)
Sum(prob) over finite entries = 0.999999
init sum: 0.999999
num pixels: 49152
tile num: 1798
total tile prob: 0.999999
tiles with prob > 0: 7
total tile prob after trim: 0.999999
num tiles after trim: 7
init_pos: 1729
*********running GCP*********
total time (wallclock): 0.0231338 seconds

$ /home/daisy/GRB-Search-Pipeline/search-planning/build/sp_train /home/daisy/GRB-Search-Pipeline/results/training/maps/short/adapt_p11-715852394892384_a135-0_491_map.h5 /home/daisy/GRB-Search-Pipeline/search-planning/tilings/tiling_files/5.36x4.5_tiling.csv 1770 10.0 10.0 5.0 0 /home/daisy/GRB-Search-Pipeline/results/training/short_searching_5.36x4.5_tiling.csv
Input Parameters:
  file        = /home/daisy/GRB-Search-Pipeline/results/training/maps/short/adapt_p11-715852394892384_a135-0_491_map.h5
  source_tile = 1770
  slew_rate   = 10
  dwell_time  = 5
  output      = /home/daisy/GRB-Search-Pipeline/results/training/short_searching_5.36x4.5_tiling.csv

source = [78.2841, 135], n_src_events = 429, n_bkg_events = 600
Loaded 129 entries (unique=129, duplicates=0, missing=49023, out_of_bounds=0, non-finite=0)
Sum(prob) over finite entries = 0.999999
init sum: 0.999999
num pixels: 49152
tile num: 1798
total tile prob: 0.999999
tiles with prob > 0: 9
total tile prob after trim: 0.999999
num tiles after trim: 9
init_pos: 1753
*********running GCP*********
total time (wallclock): 0.0237717 seconds

$ /home/daisy/GRB-Search-Pipeline/search-planning/build/sp_train /home/daisy/GRB-Search-Pipeline/results/training/maps/short/adapt_p11-715852394892384_a135-0_492_map.h5 /home/daisy/GRB-Search-Pipeline/search-planning/tilings/tiling_files/5.36x4.5_tiling.csv 1770 10.0 10.0 5.0 0 /home/daisy/GRB-Search-Pipeline/results/training/short_searching_5.36x4.5_tiling.csv
Input Parameters:
  file        = /home/daisy/GRB-Search-Pipeline/results/training/maps/short/adapt_p11-715852394892384_a135-0_492_map.h5
  source_tile = 1770
  slew_rate   = 10
  dwell_time  = 5
  output      = /home/daisy/GRB-Search-Pipeline/results/training/short_searching_5.36x4.5_tiling.csv

source = [78.2841, 135], n_src_events = 567, n_bkg_events = 665
Loaded 94 entries (unique=94, duplicates=0, missing=49058, out_of_bounds=0, non-finite=0)
Sum(prob) over finite entries = 0.999999
init sum: 0.999999
num pixels: 49152
tile num: 1798
total tile prob: 0.999999
tiles with prob > 0: 8
total tile prob after trim: 0.999999
num tiles after trim: 8
init_pos: 1752
*********running GCP*********
total time (wallclock): 0.0228228 seconds

$ /home/daisy/GRB-Search-Pipeline/search-planning/build/sp_train /home/daisy/GRB-Search-Pipeline/results/training/maps/short/adapt_p11-715852394892384_a135-0_493_map.h5 /home/daisy/GRB-Search-Pipeline/search-planning/tilings/tiling_files/5.36x4.5_tiling.csv 1770 10.0 10.0 5.0 0 /home/daisy/GRB-Search-Pipeline/results/training/short_searching_5.36x4.5_tiling.csv
Input Parameters:
  file        = /home/daisy/GRB-Search-Pipeline/results/training/maps/short/adapt_p11-715852394892384_a135-0_493_map.h5
  source_tile = 1770
  slew_rate   = 10
  dwell_time  = 5
  output      = /home/daisy/GRB-Search-Pipeline/results/training/short_searching_5.36x4.5_tiling.csv

source = [78.2841, 135], n_src_events = 226, n_bkg_events = 758
Loaded 379 entries (unique=379, duplicates=0, missing=48773, out_of_bounds=0, non-finite=0)
Sum(prob) over finite entries = 0.999999
init sum: 0.999999
num pixels: 49152
tile num: 1798
total tile prob: 0.999999
tiles with prob > 0: 24
total tile prob after trim: 0.999999
num tiles after trim: 24
init_pos: 1770
*********running GCP*********
total time (wallclock): 0.0223777 seconds

$ /home/daisy/GRB-Search-Pipeline/search-planning/build/sp_train /home/daisy/GRB-Search-Pipeline/results/training/maps/short/adapt_p11-715852394892384_a135-0_494_map.h5 /home/daisy/GRB-Search-Pipeline/search-planning/tilings/tiling_files/5.36x4.5_tiling.csv 1770 10.0 10.0 5.0 0 /home/daisy/GRB-Search-Pipeline/results/training/short_searching_5.36x4.5_tiling.csv
Input Parameters:
  file        = /home/daisy/GRB-Search-Pipeline/results/training/maps/short/adapt_p11-715852394892384_a135-0_494_map.h5
  source_tile = 1770
  slew_rate   = 10
  dwell_time  = 5
  output      = /home/daisy/GRB-Search-Pipeline/results/training/short_searching_5.36x4.5_tiling.csv

source = [78.2841, 135], n_src_events = 246, n_bkg_events = 1613
Loaded 2249 entries (unique=2249, duplicates=0, missing=46903, out_of_bounds=0, non-finite=0)
Sum(prob) over finite entries = 0.999991
init sum: 0.999991
num pixels: 49152
tile num: 1798
total tile prob: 0.999991
tiles with prob > 0: 123
total tile prob after trim: 0.999991
num tiles after trim: 123
init_pos: 1795
*********running GCP*********
total time (wallclock): 0.0256175 seconds

$ /home/daisy/GRB-Search-Pipeline/search-planning/build/sp_train /home/daisy/GRB-Search-Pipeline/results/training/maps/short/adapt_p11-715852394892384_a135-0_495_map.h5 /home/daisy/GRB-Search-Pipeline/search-planning/tilings/tiling_files/5.36x4.5_tiling.csv 1770 10.0 10.0 5.0 0 /home/daisy/GRB-Search-Pipeline/results/training/short_searching_5.36x4.5_tiling.csv
Input Parameters:
  file        = /home/daisy/GRB-Search-Pipeline/results/training/maps/short/adapt_p11-715852394892384_a135-0_495_map.h5
  source_tile = 1770
  slew_rate   = 10
  dwell_time  = 5
  output      = /home/daisy/GRB-Search-Pipeline/results/training/short_searching_5.36x4.5_tiling.csv

source = [78.2841, 135], n_src_events = 143, n_bkg_events = 1430
Loaded 1950 entries (unique=1950, duplicates=0, missing=47202, out_of_bounds=0, non-finite=0)
Sum(prob) over finite entries = 0.999991
init sum: 0.999991
num pixels: 49152
tile num: 1798
total tile prob: 0.999991
tiles with prob > 0: 100
total tile prob after trim: 0.999991
num tiles after trim: 100
init_pos: 1770
*********running GCP*********
total time (wallclock): 0.0232669 seconds

$ /home/daisy/GRB-Search-Pipeline/search-planning/build/sp_train /home/daisy/GRB-Search-Pipeline/results/training/maps/short/adapt_p11-715852394892384_a135-0_496_map.h5 /home/daisy/GRB-Search-Pipeline/search-planning/tilings/tiling_files/5.36x4.5_tiling.csv 1770 10.0 10.0 5.0 0 /home/daisy/GRB-Search-Pipeline/results/training/short_searching_5.36x4.5_tiling.csv
Input Parameters:
  file        = /home/daisy/GRB-Search-Pipeline/results/training/maps/short/adapt_p11-715852394892384_a135-0_496_map.h5
  source_tile = 1770
  slew_rate   = 10
  dwell_time  = 5
  output      = /home/daisy/GRB-Search-Pipeline/results/training/short_searching_5.36x4.5_tiling.csv

source = [78.2841, 135], n_src_events = 604, n_bkg_events = 1457
Loaded 80 entries (unique=80, duplicates=0, missing=49072, out_of_bounds=0, non-finite=0)
Sum(prob) over finite entries = 0.999999
init sum: 0.999999
num pixels: 49152
tile num: 1798
total tile prob: 0.999999
tiles with prob > 0: 6
total tile prob after trim: 0.999999
num tiles after trim: 6
init_pos: 1770
*********running GCP*********
total time (wallclock): 0.0220208 seconds

$ /home/daisy/GRB-Search-Pipeline/search-planning/build/sp_train /home/daisy/GRB-Search-Pipeline/results/training/maps/short/adapt_p11-715852394892384_a135-0_497_map.h5 /home/daisy/GRB-Search-Pipeline/search-planning/tilings/tiling_files/5.36x4.5_tiling.csv 1770 10.0 10.0 5.0 0 /home/daisy/GRB-Search-Pipeline/results/training/short_searching_5.36x4.5_tiling.csv
Input Parameters:
  file        = /home/daisy/GRB-Search-Pipeline/results/training/maps/short/adapt_p11-715852394892384_a135-0_497_map.h5
  source_tile = 1770
  slew_rate   = 10
  dwell_time  = 5
  output      = /home/daisy/GRB-Search-Pipeline/results/training/short_searching_5.36x4.5_tiling.csv

source = [78.2841, 135], n_src_events = 702, n_bkg_events = 1465
Loaded 88 entries (unique=88, duplicates=0, missing=49064, out_of_bounds=0, non-finite=0)
Sum(prob) over finite entries = 0.999998
init sum: 0.999998
num pixels: 49152
tile num: 1798
total tile prob: 0.999998
tiles with prob > 0: 7
total tile prob after trim: 0.999998
num tiles after trim: 7
init_pos: 1752
*********running GCP*********
total time (wallclock): 0.0226023 seconds

$ /home/daisy/GRB-Search-Pipeline/search-planning/build/sp_train /home/daisy/GRB-Search-Pipeline/results/training/maps/short/adapt_p11-715852394892384_a135-0_498_map.h5 /home/daisy/GRB-Search-Pipeline/search-planning/tilings/tiling_files/5.36x4.5_tiling.csv 1770 10.0 10.0 5.0 0 /home/daisy/GRB-Search-Pipeline/results/training/short_searching_5.36x4.5_tiling.csv
Input Parameters:
  file        = /home/daisy/GRB-Search-Pipeline/results/training/maps/short/adapt_p11-715852394892384_a135-0_498_map.h5
  source_tile = 1770
  slew_rate   = 10
  dwell_time  = 5
  output      = /home/daisy/GRB-Search-Pipeline/results/training/short_searching_5.36x4.5_tiling.csv

source = [78.2841, 135], n_src_events = 748, n_bkg_events = 436
Loaded 61 entries (unique=61, duplicates=0, missing=49091, out_of_bounds=0, non-finite=0)
Sum(prob) over finite entries = 0.999999
init sum: 0.999999
num pixels: 49152
tile num: 1798
total tile prob: 0.999999
tiles with prob > 0: 6
total tile prob after trim: 0.999999
num tiles after trim: 6
init_pos: 1770
*********running GCP*********
total time (wallclock): 0.0220853 seconds

$ /home/daisy/GRB-Search-Pipeline/search-planning/build/sp_train /home/daisy/GRB-Search-Pipeline/results/training/maps/short/adapt_p11-715852394892384_a135-0_499_map.h5 /home/daisy/GRB-Search-Pipeline/search-planning/tilings/tiling_files/5.36x4.5_tiling.csv 1770 10.0 10.0 5.0 0 /home/daisy/GRB-Search-Pipeline/results/training/short_searching_5.36x4.5_tiling.csv
Input Parameters:
  file        = /home/daisy/GRB-Search-Pipeline/results/training/maps/short/adapt_p11-715852394892384_a135-0_499_map.h5
  source_tile = 1770
  slew_rate   = 10
  dwell_time  = 5
  output      = /home/daisy/GRB-Search-Pipeline/results/training/short_searching_5.36x4.5_tiling.csv

source = [78.2841, 135], n_src_events = 734, n_bkg_events = 1531
Loaded 73 entries (unique=73, duplicates=0, missing=49079, out_of_bounds=0, non-finite=0)
Sum(prob) over finite entries = 0.999998
init sum: 0.999998
num pixels: 49152
tile num: 1798
total tile prob: 0.999998
tiles with prob > 0: 7
total tile prob after trim: 0.999998
num tiles after trim: 7
init_pos: 1771
*********running GCP*********
total time (wallclock): 0.0231121 seconds

$ /home/daisy/GRB-Search-Pipeline/search-planning/build/sp_train /home/daisy/GRB-Search-Pipeline/results/training/maps/short/adapt_p11-715852394892384_a135-0_49_map.h5 /home/daisy/GRB-Search-Pipeline/search-planning/tilings/tiling_files/5.36x4.5_tiling.csv 1770 10.0 10.0 5.0 0 /home/daisy/GRB-Search-Pipeline/results/training/short_searching_5.36x4.5_tiling.csv
Input Parameters:
  file        = /home/daisy/GRB-Search-Pipeline/results/training/maps/short/adapt_p11-715852394892384_a135-0_49_map.h5
  source_tile = 1770
  slew_rate   = 10
  dwell_time  = 5
  output      = /home/daisy/GRB-Search-Pipeline/results/training/short_searching_5.36x4.5_tiling.csv

source = [78.2841, 135], n_src_events = 509, n_bkg_events = 558
Loaded 119 entries (unique=119, duplicates=0, missing=49033, out_of_bounds=0, non-finite=0)
Sum(prob) over finite entries = 0.999998
init sum: 0.999998
num pixels: 49152
tile num: 1798
total tile prob: 0.999998
tiles with prob > 0: 10
total tile prob after trim: 0.999998
num tiles after trim: 10
init_pos: 1752
*********running GCP*********
total time (wallclock): 0.0222521 seconds

$ /home/daisy/GRB-Search-Pipeline/search-planning/build/sp_train /home/daisy/GRB-Search-Pipeline/results/training/maps/short/adapt_p11-715852394892384_a135-0_4_map.h5 /home/daisy/GRB-Search-Pipeline/search-planning/tilings/tiling_files/5.36x4.5_tiling.csv 1770 10.0 10.0 5.0 0 /home/daisy/GRB-Search-Pipeline/results/training/short_searching_5.36x4.5_tiling.csv
Input Parameters:
  file        = /home/daisy/GRB-Search-Pipeline/results/training/maps/short/adapt_p11-715852394892384_a135-0_4_map.h5
  source_tile = 1770
  slew_rate   = 10
  dwell_time  = 5
  output      = /home/daisy/GRB-Search-Pipeline/results/training/short_searching_5.36x4.5_tiling.csv

source = [78.2841, 135], n_src_events = 447, n_bkg_events = 392
Loaded 85 entries (unique=85, duplicates=0, missing=49067, out_of_bounds=0, non-finite=0)
Sum(prob) over finite entries = 0.999999
init sum: 0.999999
num pixels: 49152
tile num: 1798
total tile prob: 0.999999
tiles with prob > 0: 8
total tile prob after trim: 0.999999
num tiles after trim: 8
init_pos: 1770
*********running GCP*********
total time (wallclock): 0.0219952 seconds

$ /home/daisy/GRB-Search-Pipeline/search-planning/build/sp_train /home/daisy/GRB-Search-Pipeline/results/training/maps/short/adapt_p11-715852394892384_a135-0_500_map.h5 /home/daisy/GRB-Search-Pipeline/search-planning/tilings/tiling_files/5.36x4.5_tiling.csv 1770 10.0 10.0 5.0 0 /home/daisy/GRB-Search-Pipeline/results/training/short_searching_5.36x4.5_tiling.csv
Input Parameters:
  file        = /home/daisy/GRB-Search-Pipeline/results/training/maps/short/adapt_p11-715852394892384_a135-0_500_map.h5
  source_tile = 1770
  slew_rate   = 10
  dwell_time  = 5
  output      = /home/daisy/GRB-Search-Pipeline/results/training/short_searching_5.36x4.5_tiling.csv

source = [78.2841, 135], n_src_events = 581, n_bkg_events = 1438
Loaded 114 entries (unique=114, duplicates=0, missing=49038, out_of_bounds=0, non-finite=0)
Sum(prob) over finite entries = 0.999999
init sum: 0.999999
num pixels: 49152
tile num: 1798
total tile prob: 0.999999
tiles with prob > 0: 10
total tile prob after trim: 0.999999
num tiles after trim: 10
init_pos: 1753
*********running GCP*********
total time (wallclock): 0.0225455 seconds

$ /home/daisy/GRB-Search-Pipeline/search-planning/build/sp_train /home/daisy/GRB-Search-Pipeline/results/training/maps/short/adapt_p11-715852394892384_a135-0_501_map.h5 /home/daisy/GRB-Search-Pipeline/search-planning/tilings/tiling_files/5.36x4.5_tiling.csv 1770 10.0 10.0 5.0 0 /home/daisy/GRB-Search-Pipeline/results/training/short_searching_5.36x4.5_tiling.csv
Input Parameters:
  file        = /home/daisy/GRB-Search-Pipeline/results/training/maps/short/adapt_p11-715852394892384_a135-0_501_map.h5
  source_tile = 1770
  slew_rate   = 10
  dwell_time  = 5
  output      = /home/daisy/GRB-Search-Pipeline/results/training/short_searching_5.36x4.5_tiling.csv

source = [78.2841, 135], n_src_events = 639, n_bkg_events = 311
Loaded 91 entries (unique=91, duplicates=0, missing=49061, out_of_bounds=0, non-finite=0)
Sum(prob) over finite entries = 0.999999
init sum: 0.999999
num pixels: 49152
tile num: 1798
total tile prob: 0.999999
tiles with prob > 0: 10
total tile prob after trim: 0.999999
num tiles after trim: 10
init_pos: 1752
*********running GCP*********
total time (wallclock): 0.0224048 seconds

$ /home/daisy/GRB-Search-Pipeline/search-planning/build/sp_train /home/daisy/GRB-Search-Pipeline/results/training/maps/short/adapt_p11-715852394892384_a135-0_502_map.h5 /home/daisy/GRB-Search-Pipeline/search-planning/tilings/tiling_files/5.36x4.5_tiling.csv 1770 10.0 10.0 5.0 0 /home/daisy/GRB-Search-Pipeline/results/training/short_searching_5.36x4.5_tiling.csv
Input Parameters:
  file        = /home/daisy/GRB-Search-Pipeline/results/training/maps/short/adapt_p11-715852394892384_a135-0_502_map.h5
  source_tile = 1770
  slew_rate   = 10
  dwell_time  = 5
  output      = /home/daisy/GRB-Search-Pipeline/results/training/short_searching_5.36x4.5_tiling.csv

source = [78.2841, 135], n_src_events = 488, n_bkg_events = 277
Loaded 119 entries (unique=119, duplicates=0, missing=49033, out_of_bounds=0, non-finite=0)
Sum(prob) over finite entries = 0.999998
init sum: 0.999998
num pixels: 49152
tile num: 1798
total tile prob: 0.999998
tiles with prob > 0: 10
total tile prob after trim: 0.999998
num tiles after trim: 10
init_pos: 1785
*********running GCP*********
total time (wallclock): 0.0230156 seconds

$ /home/daisy/GRB-Search-Pipeline/search-planning/build/sp_train /home/daisy/GRB-Search-Pipeline/results/training/maps/short/adapt_p11-715852394892384_a135-0_503_map.h5 /home/daisy/GRB-Search-Pipeline/search-planning/tilings/tiling_files/5.36x4.5_tiling.csv 1770 10.0 10.0 5.0 0 /home/daisy/GRB-Search-Pipeline/results/training/short_searching_5.36x4.5_tiling.csv
Input Parameters:
  file        = /home/daisy/GRB-Search-Pipeline/results/training/maps/short/adapt_p11-715852394892384_a135-0_503_map.h5
  source_tile = 1770
  slew_rate   = 10
  dwell_time  = 5
  output      = /home/daisy/GRB-Search-Pipeline/results/training/short_searching_5.36x4.5_tiling.csv

source = [78.2841, 135], n_src_events = 803, n_bkg_events = 1397
Loaded 56 entries (unique=56, duplicates=0, missing=49096, out_of_bounds=0, non-finite=0)
Sum(prob) over finite entries = 0.999999
init sum: 0.999999
num pixels: 49152
tile num: 1798
total tile prob: 0.999999
tiles with prob > 0: 7
total tile prob after trim: 0.999999
num tiles after trim: 7
init_pos: 1770
*********running GCP*********
total time (wallclock): 0.0219087 seconds

$ /home/daisy/GRB-Search-Pipeline/search-planning/build/sp_train /home/daisy/GRB-Search-Pipeline/results/training/maps/short/adapt_p11-715852394892384_a135-0_504_map.h5 /home/daisy/GRB-Search-Pipeline/search-planning/tilings/tiling_files/5.36x4.5_tiling.csv 1770 10.0 10.0 5.0 0 /home/daisy/GRB-Search-Pipeline/results/training/short_searching_5.36x4.5_tiling.csv
Input Parameters:
  file        = /home/daisy/GRB-Search-Pipeline/results/training/maps/short/adapt_p11-715852394892384_a135-0_504_map.h5
  source_tile = 1770
  slew_rate   = 10
  dwell_time  = 5
  output      = /home/daisy/GRB-Search-Pipeline/results/training/short_searching_5.36x4.5_tiling.csv

source = [78.2841, 135], n_src_events = 248, n_bkg_events = 1251
Loaded 240 entries (unique=240, duplicates=0, missing=48912, out_of_bounds=0, non-finite=0)
Sum(prob) over finite entries = 0.999999
init sum: 0.999999
num pixels: 49152
tile num: 1798
total tile prob: 0.999999
tiles with prob > 0: 16
total tile prob after trim: 0.999999
num tiles after trim: 16
init_pos: 1786
*********running GCP*********
total time (wallclock): 0.0227768 seconds

$ /home/daisy/GRB-Search-Pipeline/search-planning/build/sp_train /home/daisy/GRB-Search-Pipeline/results/training/maps/short/adapt_p11-715852394892384_a135-0_505_map.h5 /home/daisy/GRB-Search-Pipeline/search-planning/tilings/tiling_files/5.36x4.5_tiling.csv 1770 10.0 10.0 5.0 0 /home/daisy/GRB-Search-Pipeline/results/training/short_searching_5.36x4.5_tiling.csv
Input Parameters:
  file        = /home/daisy/GRB-Search-Pipeline/results/training/maps/short/adapt_p11-715852394892384_a135-0_505_map.h5
  source_tile = 1770
  slew_rate   = 10
  dwell_time  = 5
  output      = /home/daisy/GRB-Search-Pipeline/results/training/short_searching_5.36x4.5_tiling.csv

source = [78.2841, 135], n_src_events = 325, n_bkg_events = 1491
Loaded 313 entries (unique=313, duplicates=0, missing=48839, out_of_bounds=0, non-finite=0)
Sum(prob) over finite entries = 0.999999
init sum: 0.999999
num pixels: 49152
tile num: 1798
total tile prob: 0.999999
tiles with prob > 0: 23
total tile prob after trim: 0.999999
num tiles after trim: 23
init_pos: 1784
*********running GCP*********
total time (wallclock): 0.0228255 seconds

$ /home/daisy/GRB-Search-Pipeline/search-planning/build/sp_train /home/daisy/GRB-Search-Pipeline/results/training/maps/short/adapt_p11-715852394892384_a135-0_506_map.h5 /home/daisy/GRB-Search-Pipeline/search-planning/tilings/tiling_files/5.36x4.5_tiling.csv 1770 10.0 10.0 5.0 0 /home/daisy/GRB-Search-Pipeline/results/training/short_searching_5.36x4.5_tiling.csv
Input Parameters:
  file        = /home/daisy/GRB-Search-Pipeline/results/training/maps/short/adapt_p11-715852394892384_a135-0_506_map.h5
  source_tile = 1770
  slew_rate   = 10
  dwell_time  = 5
  output      = /home/daisy/GRB-Search-Pipeline/results/training/short_searching_5.36x4.5_tiling.csv

source = [78.2841, 135], n_src_events = 436, n_bkg_events = 1814
Loaded 130 entries (unique=130, duplicates=0, missing=49022, out_of_bounds=0, non-finite=0)
Sum(prob) over finite entries = 0.999999
init sum: 0.999999
num pixels: 49152
tile num: 1798
total tile prob: 0.999999
tiles with prob > 0: 9
total tile prob after trim: 0.999999
num tiles after trim: 9
init_pos: 1771
*********running GCP*********
total time (wallclock): 0.0233626 seconds

$ /home/daisy/GRB-Search-Pipeline/search-planning/build/sp_train /home/daisy/GRB-Search-Pipeline/results/training/maps/short/adapt_p11-715852394892384_a135-0_507_map.h5 /home/daisy/GRB-Search-Pipeline/search-planning/tilings/tiling_files/5.36x4.5_tiling.csv 1770 10.0 10.0 5.0 0 /home/daisy/GRB-Search-Pipeline/results/training/short_searching_5.36x4.5_tiling.csv
Input Parameters:
  file        = /home/daisy/GRB-Search-Pipeline/results/training/maps/short/adapt_p11-715852394892384_a135-0_507_map.h5
  source_tile = 1770
  slew_rate   = 10
  dwell_time  = 5
  output      = /home/daisy/GRB-Search-Pipeline/results/training/short_searching_5.36x4.5_tiling.csv

source = [78.2841, 135], n_src_events = 767, n_bkg_events = 477
Loaded 47 entries (unique=47, duplicates=0, missing=49105, out_of_bounds=0, non-finite=0)
Sum(prob) over finite entries = 0.999999
init sum: 0.999999
num pixels: 49152
tile num: 1798
total tile prob: 0.999999
tiles with prob > 0: 5
total tile prob after trim: 0.999999
num tiles after trim: 5
init_pos: 1771
*********running GCP*********
total time (wallclock): 0.0229126 seconds

$ /home/daisy/GRB-Search-Pipeline/search-planning/build/sp_train /home/daisy/GRB-Search-Pipeline/results/training/maps/short/adapt_p11-715852394892384_a135-0_508_map.h5 /home/daisy/GRB-Search-Pipeline/search-planning/tilings/tiling_files/5.36x4.5_tiling.csv 1770 10.0 10.0 5.0 0 /home/daisy/GRB-Search-Pipeline/results/training/short_searching_5.36x4.5_tiling.csv
Input Parameters:
  file        = /home/daisy/GRB-Search-Pipeline/results/training/maps/short/adapt_p11-715852394892384_a135-0_508_map.h5
  source_tile = 1770
  slew_rate   = 10
  dwell_time  = 5
  output      = /home/daisy/GRB-Search-Pipeline/results/training/short_searching_5.36x4.5_tiling.csv

source = [78.2841, 135], n_src_events = 470, n_bkg_events = 1035
Loaded 161 entries (unique=161, duplicates=0, missing=48991, out_of_bounds=0, non-finite=0)
Sum(prob) over finite entries = 0.999997
init sum: 0.999997
num pixels: 49152
tile num: 1798
total tile prob: 0.999997
tiles with prob > 0: 14
total tile prob after trim: 0.999997
num tiles after trim: 14
init_pos: 1785
*********running GCP*********
total time (wallclock): 0.0224232 seconds

$ /home/daisy/GRB-Search-Pipeline/search-planning/build/sp_train /home/daisy/GRB-Search-Pipeline/results/training/maps/short/adapt_p11-715852394892384_a135-0_509_map.h5 /home/daisy/GRB-Search-Pipeline/search-planning/tilings/tiling_files/5.36x4.5_tiling.csv 1770 10.0 10.0 5.0 0 /home/daisy/GRB-Search-Pipeline/results/training/short_searching_5.36x4.5_tiling.csv
Input Parameters:
  file        = /home/daisy/GRB-Search-Pipeline/results/training/maps/short/adapt_p11-715852394892384_a135-0_509_map.h5
  source_tile = 1770
  slew_rate   = 10
  dwell_time  = 5
  output      = /home/daisy/GRB-Search-Pipeline/results/training/short_searching_5.36x4.5_tiling.csv

source = [78.2841, 135], n_src_events = 252, n_bkg_events = 823
Loaded 482 entries (unique=482, duplicates=0, missing=48670, out_of_bounds=0, non-finite=0)
Sum(prob) over finite entries = 0.999998
init sum: 0.999998
num pixels: 49152
tile num: 1798
total tile prob: 0.999998
tiles with prob > 0: 30
total tile prob after trim: 0.999998
num tiles after trim: 30
init_pos: 1785
*********running GCP*********
total time (wallclock): 0.0240078 seconds

$ /home/daisy/GRB-Search-Pipeline/search-planning/build/sp_train /home/daisy/GRB-Search-Pipeline/results/training/maps/short/adapt_p11-715852394892384_a135-0_50_map.h5 /home/daisy/GRB-Search-Pipeline/search-planning/tilings/tiling_files/5.36x4.5_tiling.csv 1770 10.0 10.0 5.0 0 /home/daisy/GRB-Search-Pipeline/results/training/short_searching_5.36x4.5_tiling.csv
Input Parameters:
  file        = /home/daisy/GRB-Search-Pipeline/results/training/maps/short/adapt_p11-715852394892384_a135-0_50_map.h5
  source_tile = 1770
  slew_rate   = 10
  dwell_time  = 5
  output      = /home/daisy/GRB-Search-Pipeline/results/training/short_searching_5.36x4.5_tiling.csv

source = [78.2841, 135], n_src_events = 763, n_bkg_events = 592
Loaded 57 entries (unique=57, duplicates=0, missing=49095, out_of_bounds=0, non-finite=0)
Sum(prob) over finite entries = 0.999999
init sum: 0.999999
num pixels: 49152
tile num: 1798
total tile prob: 0.999999
tiles with prob > 0: 6
total tile prob after trim: 0.999999
num tiles after trim: 6
init_pos: 1771
*********running GCP*********
total time (wallclock): 0.0229906 seconds

$ /home/daisy/GRB-Search-Pipeline/search-planning/build/sp_train /home/daisy/GRB-Search-Pipeline/results/training/maps/short/adapt_p11-715852394892384_a135-0_510_map.h5 /home/daisy/GRB-Search-Pipeline/search-planning/tilings/tiling_files/5.36x4.5_tiling.csv 1770 10.0 10.0 5.0 0 /home/daisy/GRB-Search-Pipeline/results/training/short_searching_5.36x4.5_tiling.csv
Input Parameters:
  file        = /home/daisy/GRB-Search-Pipeline/results/training/maps/short/adapt_p11-715852394892384_a135-0_510_map.h5
  source_tile = 1770
  slew_rate   = 10
  dwell_time  = 5
  output      = /home/daisy/GRB-Search-Pipeline/results/training/short_searching_5.36x4.5_tiling.csv

source = [78.2841, 135], n_src_events = 641, n_bkg_events = 1641
Loaded 136 entries (unique=136, duplicates=0, missing=49016, out_of_bounds=0, non-finite=0)
Sum(prob) over finite entries = 0.999998
init sum: 0.999998
num pixels: 49152
tile num: 1798
total tile prob: 0.999998
tiles with prob > 0: 11
total tile prob after trim: 0.999998
num tiles after trim: 11
init_pos: 1751
*********running GCP*********
total time (wallclock): 0.0235118 seconds

$ /home/daisy/GRB-Search-Pipeline/search-planning/build/sp_train /home/daisy/GRB-Search-Pipeline/results/training/maps/short/adapt_p11-715852394892384_a135-0_511_map.h5 /home/daisy/GRB-Search-Pipeline/search-planning/tilings/tiling_files/5.36x4.5_tiling.csv 1770 10.0 10.0 5.0 0 /home/daisy/GRB-Search-Pipeline/results/training/short_searching_5.36x4.5_tiling.csv
Input Parameters:
  file        = /home/daisy/GRB-Search-Pipeline/results/training/maps/short/adapt_p11-715852394892384_a135-0_511_map.h5
  source_tile = 1770
  slew_rate   = 10
  dwell_time  = 5
  output      = /home/daisy/GRB-Search-Pipeline/results/training/short_searching_5.36x4.5_tiling.csv

source = [78.2841, 135], n_src_events = 659, n_bkg_events = 403
Loaded 61 entries (unique=61, duplicates=0, missing=49091, out_of_bounds=0, non-finite=0)
Sum(prob) over finite entries = 0.999999
init sum: 0.999999
num pixels: 49152
tile num: 1798
total tile prob: 0.999999
tiles with prob > 0: 6
total tile prob after trim: 0.999999
num tiles after trim: 6
init_pos: 1753
*********running GCP*********
total time (wallclock): 0.0236226 seconds

$ /home/daisy/GRB-Search-Pipeline/search-planning/build/sp_train /home/daisy/GRB-Search-Pipeline/results/training/maps/short/adapt_p11-715852394892384_a135-0_512_map.h5 /home/daisy/GRB-Search-Pipeline/search-planning/tilings/tiling_files/5.36x4.5_tiling.csv 1770 10.0 10.0 5.0 0 /home/daisy/GRB-Search-Pipeline/results/training/short_searching_5.36x4.5_tiling.csv
Input Parameters:
  file        = /home/daisy/GRB-Search-Pipeline/results/training/maps/short/adapt_p11-715852394892384_a135-0_512_map.h5
  source_tile = 1770
  slew_rate   = 10
  dwell_time  = 5
  output      = /home/daisy/GRB-Search-Pipeline/results/training/short_searching_5.36x4.5_tiling.csv

source = [78.2841, 135], n_src_events = 602, n_bkg_events = 1473
Loaded 116 entries (unique=116, duplicates=0, missing=49036, out_of_bounds=0, non-finite=0)
Sum(prob) over finite entries = 0.999998
init sum: 0.999998
num pixels: 49152
tile num: 1798
total tile prob: 0.999998
tiles with prob > 0: 10
total tile prob after trim: 0.999998
num tiles after trim: 10
init_pos: 1770
*********running GCP*********
total time (wallclock): 0.0222042 seconds

$ /home/daisy/GRB-Search-Pipeline/search-planning/build/sp_train /home/daisy/GRB-Search-Pipeline/results/training/maps/short/adapt_p11-715852394892384_a135-0_513_map.h5 /home/daisy/GRB-Search-Pipeline/search-planning/tilings/tiling_files/5.36x4.5_tiling.csv 1770 10.0 10.0 5.0 0 /home/daisy/GRB-Search-Pipeline/results/training/short_searching_5.36x4.5_tiling.csv
Input Parameters:
  file        = /home/daisy/GRB-Search-Pipeline/results/training/maps/short/adapt_p11-715852394892384_a135-0_513_map.h5
  source_tile = 1770
  slew_rate   = 10
  dwell_time  = 5
  output      = /home/daisy/GRB-Search-Pipeline/results/training/short_searching_5.36x4.5_tiling.csv

source = [78.2841, 135], n_src_events = 108, n_bkg_events = 1012
Loaded 2606 entries (unique=2606, duplicates=0, missing=46546, out_of_bounds=0, non-finite=0)
Sum(prob) over finite entries = 0.999996
init sum: 0.999996
num pixels: 49152
tile num: 1798
total tile prob: 0.999996
tiles with prob > 0: 132
total tile prob after trim: 0.999996
num tiles after trim: 132
init_pos: 1714
*********running GCP*********
total time (wallclock): 0.0267312 seconds

$ /home/daisy/GRB-Search-Pipeline/search-planning/build/sp_train /home/daisy/GRB-Search-Pipeline/results/training/maps/short/adapt_p11-715852394892384_a135-0_514_map.h5 /home/daisy/GRB-Search-Pipeline/search-planning/tilings/tiling_files/5.36x4.5_tiling.csv 1770 10.0 10.0 5.0 0 /home/daisy/GRB-Search-Pipeline/results/training/short_searching_5.36x4.5_tiling.csv
Input Parameters:
  file        = /home/daisy/GRB-Search-Pipeline/results/training/maps/short/adapt_p11-715852394892384_a135-0_514_map.h5
  source_tile = 1770
  slew_rate   = 10
  dwell_time  = 5
  output      = /home/daisy/GRB-Search-Pipeline/results/training/short_searching_5.36x4.5_tiling.csv

source = [78.2841, 135], n_src_events = 628, n_bkg_events = 410
Loaded 64 entries (unique=64, duplicates=0, missing=49088, out_of_bounds=0, non-finite=0)
Sum(prob) over finite entries = 0.999999
init sum: 0.999999
num pixels: 49152
tile num: 1798
total tile prob: 0.999999
tiles with prob > 0: 8
total tile prob after trim: 0.999999
num tiles after trim: 8
init_pos: 1752
*********running GCP*********
total time (wallclock): 0.0226471 seconds

$ /home/daisy/GRB-Search-Pipeline/search-planning/build/sp_train /home/daisy/GRB-Search-Pipeline/results/training/maps/short/adapt_p11-715852394892384_a135-0_515_map.h5 /home/daisy/GRB-Search-Pipeline/search-planning/tilings/tiling_files/5.36x4.5_tiling.csv 1770 10.0 10.0 5.0 0 /home/daisy/GRB-Search-Pipeline/results/training/short_searching_5.36x4.5_tiling.csv
Input Parameters:
  file        = /home/daisy/GRB-Search-Pipeline/results/training/maps/short/adapt_p11-715852394892384_a135-0_515_map.h5
  source_tile = 1770
  slew_rate   = 10
  dwell_time  = 5
  output      = /home/daisy/GRB-Search-Pipeline/results/training/short_searching_5.36x4.5_tiling.csv

source = [78.2841, 135], n_src_events = 276, n_bkg_events = 427
Loaded 162 entries (unique=162, duplicates=0, missing=48990, out_of_bounds=0, non-finite=0)
Sum(prob) over finite entries = 0.999999
init sum: 0.999999
num pixels: 49152
tile num: 1798
total tile prob: 0.999999
tiles with prob > 0: 12
total tile prob after trim: 0.999999
num tiles after trim: 12
init_pos: 1771
*********running GCP*********
total time (wallclock): 0.0232281 seconds

$ /home/daisy/GRB-Search-Pipeline/search-planning/build/sp_train /home/daisy/GRB-Search-Pipeline/results/training/maps/short/adapt_p11-715852394892384_a135-0_516_map.h5 /home/daisy/GRB-Search-Pipeline/search-planning/tilings/tiling_files/5.36x4.5_tiling.csv 1770 10.0 10.0 5.0 0 /home/daisy/GRB-Search-Pipeline/results/training/short_searching_5.36x4.5_tiling.csv
Input Parameters:
  file        = /home/daisy/GRB-Search-Pipeline/results/training/maps/short/adapt_p11-715852394892384_a135-0_516_map.h5
  source_tile = 1770
  slew_rate   = 10
  dwell_time  = 5
  output      = /home/daisy/GRB-Search-Pipeline/results/training/short_searching_5.36x4.5_tiling.csv

source = [78.2841, 135], n_src_events = 524, n_bkg_events = 1443
Loaded 184 entries (unique=184, duplicates=0, missing=48968, out_of_bounds=0, non-finite=0)
Sum(prob) over finite entries = 0.999998
init sum: 0.999998
num pixels: 49152
tile num: 1798
total tile prob: 0.999998
tiles with prob > 0: 13
total tile prob after trim: 0.999998
num tiles after trim: 13
init_pos: 1770
*********running GCP*********
total time (wallclock): 0.0219403 seconds

$ /home/daisy/GRB-Search-Pipeline/search-planning/build/sp_train /home/daisy/GRB-Search-Pipeline/results/training/maps/short/adapt_p11-715852394892384_a135-0_517_map.h5 /home/daisy/GRB-Search-Pipeline/search-planning/tilings/tiling_files/5.36x4.5_tiling.csv 1770 10.0 10.0 5.0 0 /home/daisy/GRB-Search-Pipeline/results/training/short_searching_5.36x4.5_tiling.csv
Input Parameters:
  file        = /home/daisy/GRB-Search-Pipeline/results/training/maps/short/adapt_p11-715852394892384_a135-0_517_map.h5
  source_tile = 1770
  slew_rate   = 10
  dwell_time  = 5
  output      = /home/daisy/GRB-Search-Pipeline/results/training/short_searching_5.36x4.5_tiling.csv

source = [78.2841, 135], n_src_events = 328, n_bkg_events = 1244
Loaded 531 entries (unique=531, duplicates=0, missing=48621, out_of_bounds=0, non-finite=0)
Sum(prob) over finite entries = 0.999999
init sum: 0.999999
num pixels: 49152
tile num: 1798
total tile prob: 0.999999
tiles with prob > 0: 33
total tile prob after trim: 0.999999
num tiles after trim: 33
init_pos: 1726
*********running GCP*********
total time (wallclock): 0.022754 seconds

$ /home/daisy/GRB-Search-Pipeline/search-planning/build/sp_train /home/daisy/GRB-Search-Pipeline/results/training/maps/short/adapt_p11-715852394892384_a135-0_518_map.h5 /home/daisy/GRB-Search-Pipeline/search-planning/tilings/tiling_files/5.36x4.5_tiling.csv 1770 10.0 10.0 5.0 0 /home/daisy/GRB-Search-Pipeline/results/training/short_searching_5.36x4.5_tiling.csv
Input Parameters:
  file        = /home/daisy/GRB-Search-Pipeline/results/training/maps/short/adapt_p11-715852394892384_a135-0_518_map.h5
  source_tile = 1770
  slew_rate   = 10
  dwell_time  = 5
  output      = /home/daisy/GRB-Search-Pipeline/results/training/short_searching_5.36x4.5_tiling.csv

source = [78.2841, 135], n_src_events = 701, n_bkg_events = 1299
Loaded 76 entries (unique=76, duplicates=0, missing=49076, out_of_bounds=0, non-finite=0)
Sum(prob) over finite entries = 0.999999
init sum: 0.999999
num pixels: 49152
tile num: 1798
total tile prob: 0.999999
tiles with prob > 0: 7
total tile prob after trim: 0.999999
num tiles after trim: 7
init_pos: 1752
*********running GCP*********
total time (wallclock): 0.0226167 seconds

$ /home/daisy/GRB-Search-Pipeline/search-planning/build/sp_train /home/daisy/GRB-Search-Pipeline/results/training/maps/short/adapt_p11-715852394892384_a135-0_519_map.h5 /home/daisy/GRB-Search-Pipeline/search-planning/tilings/tiling_files/5.36x4.5_tiling.csv 1770 10.0 10.0 5.0 0 /home/daisy/GRB-Search-Pipeline/results/training/short_searching_5.36x4.5_tiling.csv
Input Parameters:
  file        = /home/daisy/GRB-Search-Pipeline/results/training/maps/short/adapt_p11-715852394892384_a135-0_519_map.h5
  source_tile = 1770
  slew_rate   = 10
  dwell_time  = 5
  output      = /home/daisy/GRB-Search-Pipeline/results/training/short_searching_5.36x4.5_tiling.csv

source = [78.2841, 135], n_src_events = 350, n_bkg_events = 205
Loaded 111 entries (unique=111, duplicates=0, missing=49041, out_of_bounds=0, non-finite=0)
Sum(prob) over finite entries = 0.999999
init sum: 0.999999
num pixels: 49152
tile num: 1798
total tile prob: 0.999999
tiles with prob > 0: 9
total tile prob after trim: 0.999999
num tiles after trim: 9
init_pos: 1751
*********running GCP*********
total time (wallclock): 0.0237971 seconds

$ /home/daisy/GRB-Search-Pipeline/search-planning/build/sp_train /home/daisy/GRB-Search-Pipeline/results/training/maps/short/adapt_p11-715852394892384_a135-0_51_map.h5 /home/daisy/GRB-Search-Pipeline/search-planning/tilings/tiling_files/5.36x4.5_tiling.csv 1770 10.0 10.0 5.0 0 /home/daisy/GRB-Search-Pipeline/results/training/short_searching_5.36x4.5_tiling.csv
Input Parameters:
  file        = /home/daisy/GRB-Search-Pipeline/results/training/maps/short/adapt_p11-715852394892384_a135-0_51_map.h5
  source_tile = 1770
  slew_rate   = 10
  dwell_time  = 5
  output      = /home/daisy/GRB-Search-Pipeline/results/training/short_searching_5.36x4.5_tiling.csv

source = [78.2841, 135], n_src_events = 110, n_bkg_events = 565
Loaded 905 entries (unique=905, duplicates=0, missing=48247, out_of_bounds=0, non-finite=0)
Sum(prob) over finite entries = 0.999997
init sum: 0.999997
num pixels: 49152
tile num: 1798
total tile prob: 0.999997
tiles with prob > 0: 48
total tile prob after trim: 0.999997
num tiles after trim: 48
init_pos: 1677
*********running GCP*********
total time (wallclock): 0.0363438 seconds

$ /home/daisy/GRB-Search-Pipeline/search-planning/build/sp_train /home/daisy/GRB-Search-Pipeline/results/training/maps/short/adapt_p11-715852394892384_a135-0_520_map.h5 /home/daisy/GRB-Search-Pipeline/search-planning/tilings/tiling_files/5.36x4.5_tiling.csv 1770 10.0 10.0 5.0 0 /home/daisy/GRB-Search-Pipeline/results/training/short_searching_5.36x4.5_tiling.csv
Input Parameters:
  file        = /home/daisy/GRB-Search-Pipeline/results/training/maps/short/adapt_p11-715852394892384_a135-0_520_map.h5
  source_tile = 1770
  slew_rate   = 10
  dwell_time  = 5
  output      = /home/daisy/GRB-Search-Pipeline/results/training/short_searching_5.36x4.5_tiling.csv

source = [78.2841, 135], n_src_events = 445, n_bkg_events = 1221
Loaded 263 entries (unique=263, duplicates=0, missing=48889, out_of_bounds=0, non-finite=0)
Sum(prob) over finite entries = 0.999997
init sum: 0.999997
num pixels: 49152
tile num: 1798
total tile prob: 0.999997
tiles with prob > 0: 22
total tile prob after trim: 0.999997
num tiles after trim: 22
init_pos: 1754
*********running GCP*********
total time (wallclock): 0.0251993 seconds

$ /home/daisy/GRB-Search-Pipeline/search-planning/build/sp_train /home/daisy/GRB-Search-Pipeline/results/training/maps/short/adapt_p11-715852394892384_a135-0_521_map.h5 /home/daisy/GRB-Search-Pipeline/search-planning/tilings/tiling_files/5.36x4.5_tiling.csv 1770 10.0 10.0 5.0 0 /home/daisy/GRB-Search-Pipeline/results/training/short_searching_5.36x4.5_tiling.csv
Input Parameters:
  file        = /home/daisy/GRB-Search-Pipeline/results/training/maps/short/adapt_p11-715852394892384_a135-0_521_map.h5
  source_tile = 1770
  slew_rate   = 10
  dwell_time  = 5
  output      = /home/daisy/GRB-Search-Pipeline/results/training/short_searching_5.36x4.5_tiling.csv

source = [78.2841, 135], n_src_events = 462, n_bkg_events = 1447
Loaded 91 entries (unique=91, duplicates=0, missing=49061, out_of_bounds=0, non-finite=0)
Sum(prob) over finite entries = 0.999999
init sum: 0.999999
num pixels: 49152
tile num: 1798
total tile prob: 0.999999
tiles with prob > 0: 8
total tile prob after trim: 0.999999
num tiles after trim: 8
init_pos: 1728
*********running GCP*********
total time (wallclock): 0.0237846 seconds

$ /home/daisy/GRB-Search-Pipeline/search-planning/build/sp_train /home/daisy/GRB-Search-Pipeline/results/training/maps/short/adapt_p11-715852394892384_a135-0_522_map.h5 /home/daisy/GRB-Search-Pipeline/search-planning/tilings/tiling_files/5.36x4.5_tiling.csv 1770 10.0 10.0 5.0 0 /home/daisy/GRB-Search-Pipeline/results/training/short_searching_5.36x4.5_tiling.csv
Input Parameters:
  file        = /home/daisy/GRB-Search-Pipeline/results/training/maps/short/adapt_p11-715852394892384_a135-0_522_map.h5
  source_tile = 1770
  slew_rate   = 10
  dwell_time  = 5
  output      = /home/daisy/GRB-Search-Pipeline/results/training/short_searching_5.36x4.5_tiling.csv

source = [78.2841, 135], n_src_events = 520, n_bkg_events = 1053
Loaded 178 entries (unique=178, duplicates=0, missing=48974, out_of_bounds=0, non-finite=0)
Sum(prob) over finite entries = 0.999998
init sum: 0.999998
num pixels: 49152
tile num: 1798
total tile prob: 0.999998
tiles with prob > 0: 14
total tile prob after trim: 0.999998
num tiles after trim: 14
init_pos: 1772
*********running GCP*********
total time (wallclock): 0.0234891 seconds

$ /home/daisy/GRB-Search-Pipeline/search-planning/build/sp_train /home/daisy/GRB-Search-Pipeline/results/training/maps/short/adapt_p11-715852394892384_a135-0_523_map.h5 /home/daisy/GRB-Search-Pipeline/search-planning/tilings/tiling_files/5.36x4.5_tiling.csv 1770 10.0 10.0 5.0 0 /home/daisy/GRB-Search-Pipeline/results/training/short_searching_5.36x4.5_tiling.csv
Input Parameters:
  file        = /home/daisy/GRB-Search-Pipeline/results/training/maps/short/adapt_p11-715852394892384_a135-0_523_map.h5
  source_tile = 1770
  slew_rate   = 10
  dwell_time  = 5
  output      = /home/daisy/GRB-Search-Pipeline/results/training/short_searching_5.36x4.5_tiling.csv

source = [78.2841, 135], n_src_events = 209, n_bkg_events = 1254
Loaded 434 entries (unique=434, duplicates=0, missing=48718, out_of_bounds=0, non-finite=0)
Sum(prob) over finite entries = 0.999997
init sum: 0.999997
num pixels: 49152
tile num: 1798
total tile prob: 0.999997
tiles with prob > 0: 29
total tile prob after trim: 0.999997
num tiles after trim: 29
init_pos: 1784
*********running GCP*********
total time (wallclock): 0.0228621 seconds

$ /home/daisy/GRB-Search-Pipeline/search-planning/build/sp_train /home/daisy/GRB-Search-Pipeline/results/training/maps/short/adapt_p11-715852394892384_a135-0_524_map.h5 /home/daisy/GRB-Search-Pipeline/search-planning/tilings/tiling_files/5.36x4.5_tiling.csv 1770 10.0 10.0 5.0 0 /home/daisy/GRB-Search-Pipeline/results/training/short_searching_5.36x4.5_tiling.csv
Input Parameters:
  file        = /home/daisy/GRB-Search-Pipeline/results/training/maps/short/adapt_p11-715852394892384_a135-0_524_map.h5
  source_tile = 1770
  slew_rate   = 10
  dwell_time  = 5
  output      = /home/daisy/GRB-Search-Pipeline/results/training/short_searching_5.36x4.5_tiling.csv

source = [78.2841, 135], n_src_events = 750, n_bkg_events = 1689
Loaded 72 entries (unique=72, duplicates=0, missing=49080, out_of_bounds=0, non-finite=0)
Sum(prob) over finite entries = 0.999999
init sum: 0.999999
num pixels: 49152
tile num: 1798
total tile prob: 0.999999
tiles with prob > 0: 8
total tile prob after trim: 0.999999
num tiles after trim: 8
init_pos: 1752
*********running GCP*********
total time (wallclock): 0.0229429 seconds

$ /home/daisy/GRB-Search-Pipeline/search-planning/build/sp_train /home/daisy/GRB-Search-Pipeline/results/training/maps/short/adapt_p11-715852394892384_a135-0_525_map.h5 /home/daisy/GRB-Search-Pipeline/search-planning/tilings/tiling_files/5.36x4.5_tiling.csv 1770 10.0 10.0 5.0 0 /home/daisy/GRB-Search-Pipeline/results/training/short_searching_5.36x4.5_tiling.csv
Input Parameters:
  file        = /home/daisy/GRB-Search-Pipeline/results/training/maps/short/adapt_p11-715852394892384_a135-0_525_map.h5
  source_tile = 1770
  slew_rate   = 10
  dwell_time  = 5
  output      = /home/daisy/GRB-Search-Pipeline/results/training/short_searching_5.36x4.5_tiling.csv

source = [78.2841, 135], n_src_events = 446, n_bkg_events = 497
Loaded 188 entries (unique=188, duplicates=0, missing=48964, out_of_bounds=0, non-finite=0)
Sum(prob) over finite entries = 0.999999
init sum: 0.999999
num pixels: 49152
tile num: 1798
total tile prob: 0.999999
tiles with prob > 0: 16
total tile prob after trim: 0.999999
num tiles after trim: 16
init_pos: 1784
*********running GCP*********
total time (wallclock): 0.0243401 seconds

$ /home/daisy/GRB-Search-Pipeline/search-planning/build/sp_train /home/daisy/GRB-Search-Pipeline/results/training/maps/short/adapt_p11-715852394892384_a135-0_526_map.h5 /home/daisy/GRB-Search-Pipeline/search-planning/tilings/tiling_files/5.36x4.5_tiling.csv 1770 10.0 10.0 5.0 0 /home/daisy/GRB-Search-Pipeline/results/training/short_searching_5.36x4.5_tiling.csv
Input Parameters:
  file        = /home/daisy/GRB-Search-Pipeline/results/training/maps/short/adapt_p11-715852394892384_a135-0_526_map.h5
  source_tile = 1770
  slew_rate   = 10
  dwell_time  = 5
  output      = /home/daisy/GRB-Search-Pipeline/results/training/short_searching_5.36x4.5_tiling.csv

source = [78.2841, 135], n_src_events = 451, n_bkg_events = 259
Loaded 114 entries (unique=114, duplicates=0, missing=49038, out_of_bounds=0, non-finite=0)
Sum(prob) over finite entries = 0.999999
init sum: 0.999999
num pixels: 49152
tile num: 1798
total tile prob: 0.999999
tiles with prob > 0: 11
total tile prob after trim: 0.999999
num tiles after trim: 11
init_pos: 1752
*********running GCP*********
total time (wallclock): 0.0228336 seconds

$ /home/daisy/GRB-Search-Pipeline/search-planning/build/sp_train /home/daisy/GRB-Search-Pipeline/results/training/maps/short/adapt_p11-715852394892384_a135-0_527_map.h5 /home/daisy/GRB-Search-Pipeline/search-planning/tilings/tiling_files/5.36x4.5_tiling.csv 1770 10.0 10.0 5.0 0 /home/daisy/GRB-Search-Pipeline/results/training/short_searching_5.36x4.5_tiling.csv
Input Parameters:
  file        = /home/daisy/GRB-Search-Pipeline/results/training/maps/short/adapt_p11-715852394892384_a135-0_527_map.h5
  source_tile = 1770
  slew_rate   = 10
  dwell_time  = 5
  output      = /home/daisy/GRB-Search-Pipeline/results/training/short_searching_5.36x4.5_tiling.csv

source = [78.2841, 135], n_src_events = 486, n_bkg_events = 790
Loaded 144 entries (unique=144, duplicates=0, missing=49008, out_of_bounds=0, non-finite=0)
Sum(prob) over finite entries = 0.999998
init sum: 0.999998
num pixels: 49152
tile num: 1798
total tile prob: 0.999998
tiles with prob > 0: 12
total tile prob after trim: 0.999998
num tiles after trim: 12
init_pos: 1751
*********running GCP*********
total time (wallclock): 0.0240588 seconds

$ /home/daisy/GRB-Search-Pipeline/search-planning/build/sp_train /home/daisy/GRB-Search-Pipeline/results/training/maps/short/adapt_p11-715852394892384_a135-0_528_map.h5 /home/daisy/GRB-Search-Pipeline/search-planning/tilings/tiling_files/5.36x4.5_tiling.csv 1770 10.0 10.0 5.0 0 /home/daisy/GRB-Search-Pipeline/results/training/short_searching_5.36x4.5_tiling.csv
Input Parameters:
  file        = /home/daisy/GRB-Search-Pipeline/results/training/maps/short/adapt_p11-715852394892384_a135-0_528_map.h5
  source_tile = 1770
  slew_rate   = 10
  dwell_time  = 5
  output      = /home/daisy/GRB-Search-Pipeline/results/training/short_searching_5.36x4.5_tiling.csv

source = [78.2841, 135], n_src_events = 271, n_bkg_events = 772
Loaded 233 entries (unique=233, duplicates=0, missing=48919, out_of_bounds=0, non-finite=0)
Sum(prob) over finite entries = 0.999998
init sum: 0.999998
num pixels: 49152
tile num: 1798
total tile prob: 0.999998
tiles with prob > 0: 17
total tile prob after trim: 0.999998
num tiles after trim: 17
init_pos: 1771
*********running GCP*********
total time (wallclock): 0.023711 seconds

$ /home/daisy/GRB-Search-Pipeline/search-planning/build/sp_train /home/daisy/GRB-Search-Pipeline/results/training/maps/short/adapt_p11-715852394892384_a135-0_529_map.h5 /home/daisy/GRB-Search-Pipeline/search-planning/tilings/tiling_files/5.36x4.5_tiling.csv 1770 10.0 10.0 5.0 0 /home/daisy/GRB-Search-Pipeline/results/training/short_searching_5.36x4.5_tiling.csv
Input Parameters:
  file        = /home/daisy/GRB-Search-Pipeline/results/training/maps/short/adapt_p11-715852394892384_a135-0_529_map.h5
  source_tile = 1770
  slew_rate   = 10
  dwell_time  = 5
  output      = /home/daisy/GRB-Search-Pipeline/results/training/short_searching_5.36x4.5_tiling.csv

source = [78.2841, 135], n_src_events = 799, n_bkg_events = 1588
Loaded 57 entries (unique=57, duplicates=0, missing=49095, out_of_bounds=0, non-finite=0)
Sum(prob) over finite entries = 0.999999
init sum: 0.999999
num pixels: 49152
tile num: 1798
total tile prob: 0.999999
tiles with prob > 0: 7
total tile prob after trim: 0.999999
num tiles after trim: 7
init_pos: 1770
*********running GCP*********
total time (wallclock): 0.022045 seconds

$ /home/daisy/GRB-Search-Pipeline/search-planning/build/sp_train /home/daisy/GRB-Search-Pipeline/results/training/maps/short/adapt_p11-715852394892384_a135-0_52_map.h5 /home/daisy/GRB-Search-Pipeline/search-planning/tilings/tiling_files/5.36x4.5_tiling.csv 1770 10.0 10.0 5.0 0 /home/daisy/GRB-Search-Pipeline/results/training/short_searching_5.36x4.5_tiling.csv
Input Parameters:
  file        = /home/daisy/GRB-Search-Pipeline/results/training/maps/short/adapt_p11-715852394892384_a135-0_52_map.h5
  source_tile = 1770
  slew_rate   = 10
  dwell_time  = 5
  output      = /home/daisy/GRB-Search-Pipeline/results/training/short_searching_5.36x4.5_tiling.csv

source = [78.2841, 135], n_src_events = 733, n_bkg_events = 797
Loaded 67 entries (unique=67, duplicates=0, missing=49085, out_of_bounds=0, non-finite=0)
Sum(prob) over finite entries = 0.999998
init sum: 0.999998
num pixels: 49152
tile num: 1798
total tile prob: 0.999998
tiles with prob > 0: 7
total tile prob after trim: 0.999998
num tiles after trim: 7
init_pos: 1770
*********running GCP*********
total time (wallclock): 0.0220722 seconds

$ /home/daisy/GRB-Search-Pipeline/search-planning/build/sp_train /home/daisy/GRB-Search-Pipeline/results/training/maps/short/adapt_p11-715852394892384_a135-0_530_map.h5 /home/daisy/GRB-Search-Pipeline/search-planning/tilings/tiling_files/5.36x4.5_tiling.csv 1770 10.0 10.0 5.0 0 /home/daisy/GRB-Search-Pipeline/results/training/short_searching_5.36x4.5_tiling.csv
Input Parameters:
  file        = /home/daisy/GRB-Search-Pipeline/results/training/maps/short/adapt_p11-715852394892384_a135-0_530_map.h5
  source_tile = 1770
  slew_rate   = 10
  dwell_time  = 5
  output      = /home/daisy/GRB-Search-Pipeline/results/training/short_searching_5.36x4.5_tiling.csv

source = [78.2841, 135], n_src_events = 165, n_bkg_events = 1083
Loaded 1141 entries (unique=1141, duplicates=0, missing=48011, out_of_bounds=0, non-finite=0)
Sum(prob) over finite entries = 0.999989
init sum: 0.999989
num pixels: 49152
tile num: 1798
total tile prob: 0.999989
tiles with prob > 0: 67
total tile prob after trim: 0.999989
num tiles after trim: 67
init_pos: 1750
*********running GCP*********
total time (wallclock): 0.0290178 seconds

$ /home/daisy/GRB-Search-Pipeline/search-planning/build/sp_train /home/daisy/GRB-Search-Pipeline/results/training/maps/short/adapt_p11-715852394892384_a135-0_531_map.h5 /home/daisy/GRB-Search-Pipeline/search-planning/tilings/tiling_files/5.36x4.5_tiling.csv 1770 10.0 10.0 5.0 0 /home/daisy/GRB-Search-Pipeline/results/training/short_searching_5.36x4.5_tiling.csv
Input Parameters:
  file        = /home/daisy/GRB-Search-Pipeline/results/training/maps/short/adapt_p11-715852394892384_a135-0_531_map.h5
  source_tile = 1770
  slew_rate   = 10
  dwell_time  = 5
  output      = /home/daisy/GRB-Search-Pipeline/results/training/short_searching_5.36x4.5_tiling.csv

source = [78.2841, 135], n_src_events = 105, n_bkg_events = 1691
Loaded 2702 entries (unique=2702, duplicates=0, missing=46450, out_of_bounds=0, non-finite=0)
Sum(prob) over finite entries = 0.999989
init sum: 0.999989
num pixels: 49152
tile num: 1798
total tile prob: 0.999989
tiles with prob > 0: 151
total tile prob after trim: 0.999989
num tiles after trim: 151
init_pos: 1603
*********running GCP*********
total time (wallclock): 0.223455 seconds

$ /home/daisy/GRB-Search-Pipeline/search-planning/build/sp_train /home/daisy/GRB-Search-Pipeline/results/training/maps/short/adapt_p11-715852394892384_a135-0_532_map.h5 /home/daisy/GRB-Search-Pipeline/search-planning/tilings/tiling_files/5.36x4.5_tiling.csv 1770 10.0 10.0 5.0 0 /home/daisy/GRB-Search-Pipeline/results/training/short_searching_5.36x4.5_tiling.csv
Input Parameters:
  file        = /home/daisy/GRB-Search-Pipeline/results/training/maps/short/adapt_p11-715852394892384_a135-0_532_map.h5
  source_tile = 1770
  slew_rate   = 10
  dwell_time  = 5
  output      = /home/daisy/GRB-Search-Pipeline/results/training/short_searching_5.36x4.5_tiling.csv

source = [78.2841, 135], n_src_events = 259, n_bkg_events = 278
Loaded 221 entries (unique=221, duplicates=0, missing=48931, out_of_bounds=0, non-finite=0)
Sum(prob) over finite entries = 0.999999
init sum: 0.999999
num pixels: 49152
tile num: 1798
total tile prob: 0.999999
tiles with prob > 0: 16
total tile prob after trim: 0.999999
num tiles after trim: 16
init_pos: 1752
*********running GCP*********
total time (wallclock): 0.0255693 seconds

$ /home/daisy/GRB-Search-Pipeline/search-planning/build/sp_train /home/daisy/GRB-Search-Pipeline/results/training/maps/short/adapt_p11-715852394892384_a135-0_533_map.h5 /home/daisy/GRB-Search-Pipeline/search-planning/tilings/tiling_files/5.36x4.5_tiling.csv 1770 10.0 10.0 5.0 0 /home/daisy/GRB-Search-Pipeline/results/training/short_searching_5.36x4.5_tiling.csv
Input Parameters:
  file        = /home/daisy/GRB-Search-Pipeline/results/training/maps/short/adapt_p11-715852394892384_a135-0_533_map.h5
  source_tile = 1770
  slew_rate   = 10
  dwell_time  = 5
  output      = /home/daisy/GRB-Search-Pipeline/results/training/short_searching_5.36x4.5_tiling.csv

source = [78.2841, 135], n_src_events = 710, n_bkg_events = 1156
Loaded 95 entries (unique=95, duplicates=0, missing=49057, out_of_bounds=0, non-finite=0)
Sum(prob) over finite entries = 0.999999
init sum: 0.999999
num pixels: 49152
tile num: 1798
total tile prob: 0.999999
tiles with prob > 0: 10
total tile prob after trim: 0.999999
num tiles after trim: 10
init_pos: 1751
*********running GCP*********
total time (wallclock): 0.0233993 seconds

$ /home/daisy/GRB-Search-Pipeline/search-planning/build/sp_train /home/daisy/GRB-Search-Pipeline/results/training/maps/short/adapt_p11-715852394892384_a135-0_534_map.h5 /home/daisy/GRB-Search-Pipeline/search-planning/tilings/tiling_files/5.36x4.5_tiling.csv 1770 10.0 10.0 5.0 0 /home/daisy/GRB-Search-Pipeline/results/training/short_searching_5.36x4.5_tiling.csv
Input Parameters:
  file        = /home/daisy/GRB-Search-Pipeline/results/training/maps/short/adapt_p11-715852394892384_a135-0_534_map.h5
  source_tile = 1770
  slew_rate   = 10
  dwell_time  = 5
  output      = /home/daisy/GRB-Search-Pipeline/results/training/short_searching_5.36x4.5_tiling.csv

source = [78.2841, 135], n_src_events = 464, n_bkg_events = 879
Loaded 140 entries (unique=140, duplicates=0, missing=49012, out_of_bounds=0, non-finite=0)
Sum(prob) over finite entries = 0.999998
init sum: 0.999998
num pixels: 49152
tile num: 1798
total tile prob: 0.999998
tiles with prob > 0: 11
total tile prob after trim: 0.999998
num tiles after trim: 11
init_pos: 1751
*********running GCP*********
total time (wallclock): 0.0232855 seconds

$ /home/daisy/GRB-Search-Pipeline/search-planning/build/sp_train /home/daisy/GRB-Search-Pipeline/results/training/maps/short/adapt_p11-715852394892384_a135-0_535_map.h5 /home/daisy/GRB-Search-Pipeline/search-planning/tilings/tiling_files/5.36x4.5_tiling.csv 1770 10.0 10.0 5.0 0 /home/daisy/GRB-Search-Pipeline/results/training/short_searching_5.36x4.5_tiling.csv
Input Parameters:
  file        = /home/daisy/GRB-Search-Pipeline/results/training/maps/short/adapt_p11-715852394892384_a135-0_535_map.h5
  source_tile = 1770
  slew_rate   = 10
  dwell_time  = 5
  output      = /home/daisy/GRB-Search-Pipeline/results/training/short_searching_5.36x4.5_tiling.csv

source = [78.2841, 135], n_src_events = 534, n_bkg_events = 1782
Loaded 153 entries (unique=153, duplicates=0, missing=48999, out_of_bounds=0, non-finite=0)
Sum(prob) over finite entries = 0.999999
init sum: 0.999999
num pixels: 49152
tile num: 1798
total tile prob: 0.999999
tiles with prob > 0: 11
total tile prob after trim: 0.999999
num tiles after trim: 11
init_pos: 1785
*********running GCP*********
total time (wallclock): 0.0232514 seconds

$ /home/daisy/GRB-Search-Pipeline/search-planning/build/sp_train /home/daisy/GRB-Search-Pipeline/results/training/maps/short/adapt_p11-715852394892384_a135-0_536_map.h5 /home/daisy/GRB-Search-Pipeline/search-planning/tilings/tiling_files/5.36x4.5_tiling.csv 1770 10.0 10.0 5.0 0 /home/daisy/GRB-Search-Pipeline/results/training/short_searching_5.36x4.5_tiling.csv
Input Parameters:
  file        = /home/daisy/GRB-Search-Pipeline/results/training/maps/short/adapt_p11-715852394892384_a135-0_536_map.h5
  source_tile = 1770
  slew_rate   = 10
  dwell_time  = 5
  output      = /home/daisy/GRB-Search-Pipeline/results/training/short_searching_5.36x4.5_tiling.csv

source = [78.2841, 135], n_src_events = 77, n_bkg_events = 1241
Loaded 4106 entries (unique=4106, duplicates=0, missing=45046, out_of_bounds=0, non-finite=0)
Sum(prob) over finite entries = 0.999991
init sum: 0.999991
num pixels: 49152
tile num: 1798
total tile prob: 0.999991
tiles with prob > 0: 205
total tile prob after trim: 0.999991
num tiles after trim: 205
init_pos: 1255
*********running GCP*********
total time (wallclock): 0.290159 seconds

$ /home/daisy/GRB-Search-Pipeline/search-planning/build/sp_train /home/daisy/GRB-Search-Pipeline/results/training/maps/short/adapt_p11-715852394892384_a135-0_537_map.h5 /home/daisy/GRB-Search-Pipeline/search-planning/tilings/tiling_files/5.36x4.5_tiling.csv 1770 10.0 10.0 5.0 0 /home/daisy/GRB-Search-Pipeline/results/training/short_searching_5.36x4.5_tiling.csv
Input Parameters:
  file        = /home/daisy/GRB-Search-Pipeline/results/training/maps/short/adapt_p11-715852394892384_a135-0_537_map.h5
  source_tile = 1770
  slew_rate   = 10
  dwell_time  = 5
  output      = /home/daisy/GRB-Search-Pipeline/results/training/short_searching_5.36x4.5_tiling.csv

source = [78.2841, 135], n_src_events = 252, n_bkg_events = 973
Loaded 409 entries (unique=409, duplicates=0, missing=48743, out_of_bounds=0, non-finite=0)
Sum(prob) over finite entries = 0.999998
init sum: 0.999998
num pixels: 49152
tile num: 1798
total tile prob: 0.999998
tiles with prob > 0: 27
total tile prob after trim: 0.999998
num tiles after trim: 27
init_pos: 1728
*********running GCP*********
total time (wallclock): 0.0235652 seconds

$ /home/daisy/GRB-Search-Pipeline/search-planning/build/sp_train /home/daisy/GRB-Search-Pipeline/results/training/maps/short/adapt_p11-715852394892384_a135-0_538_map.h5 /home/daisy/GRB-Search-Pipeline/search-planning/tilings/tiling_files/5.36x4.5_tiling.csv 1770 10.0 10.0 5.0 0 /home/daisy/GRB-Search-Pipeline/results/training/short_searching_5.36x4.5_tiling.csv
Input Parameters:
  file        = /home/daisy/GRB-Search-Pipeline/results/training/maps/short/adapt_p11-715852394892384_a135-0_538_map.h5
  source_tile = 1770
  slew_rate   = 10
  dwell_time  = 5
  output      = /home/daisy/GRB-Search-Pipeline/results/training/short_searching_5.36x4.5_tiling.csv

source = [78.2841, 135], n_src_events = 250, n_bkg_events = 419
Loaded 373 entries (unique=373, duplicates=0, missing=48779, out_of_bounds=0, non-finite=0)
Sum(prob) over finite entries = 0.999999
init sum: 0.999999
num pixels: 49152
tile num: 1798
total tile prob: 0.999999
tiles with prob > 0: 26
total tile prob after trim: 0.999999
num tiles after trim: 26
init_pos: 1753
*********running GCP*********
total time (wallclock): 0.0228951 seconds

$ /home/daisy/GRB-Search-Pipeline/search-planning/build/sp_train /home/daisy/GRB-Search-Pipeline/results/training/maps/short/adapt_p11-715852394892384_a135-0_539_map.h5 /home/daisy/GRB-Search-Pipeline/search-planning/tilings/tiling_files/5.36x4.5_tiling.csv 1770 10.0 10.0 5.0 0 /home/daisy/GRB-Search-Pipeline/results/training/short_searching_5.36x4.5_tiling.csv
Input Parameters:
  file        = /home/daisy/GRB-Search-Pipeline/results/training/maps/short/adapt_p11-715852394892384_a135-0_539_map.h5
  source_tile = 1770
  slew_rate   = 10
  dwell_time  = 5
  output      = /home/daisy/GRB-Search-Pipeline/results/training/short_searching_5.36x4.5_tiling.csv

source = [78.2841, 135], n_src_events = 314, n_bkg_events = 1380
Loaded 518 entries (unique=518, duplicates=0, missing=48634, out_of_bounds=0, non-finite=0)
Sum(prob) over finite entries = 0.999999
init sum: 0.999999
num pixels: 49152
tile num: 1798
total tile prob: 0.999999
tiles with prob > 0: 34
total tile prob after trim: 0.999999
num tiles after trim: 34
init_pos: 1771
*********running GCP*********
total time (wallclock): 0.0234724 seconds

$ /home/daisy/GRB-Search-Pipeline/search-planning/build/sp_train /home/daisy/GRB-Search-Pipeline/results/training/maps/short/adapt_p11-715852394892384_a135-0_53_map.h5 /home/daisy/GRB-Search-Pipeline/search-planning/tilings/tiling_files/5.36x4.5_tiling.csv 1770 10.0 10.0 5.0 0 /home/daisy/GRB-Search-Pipeline/results/training/short_searching_5.36x4.5_tiling.csv
Input Parameters:
  file        = /home/daisy/GRB-Search-Pipeline/results/training/maps/short/adapt_p11-715852394892384_a135-0_53_map.h5
  source_tile = 1770
  slew_rate   = 10
  dwell_time  = 5
  output      = /home/daisy/GRB-Search-Pipeline/results/training/short_searching_5.36x4.5_tiling.csv

source = [78.2841, 135], n_src_events = 472, n_bkg_events = 655
Loaded 124 entries (unique=124, duplicates=0, missing=49028, out_of_bounds=0, non-finite=0)
Sum(prob) over finite entries = 0.999998
init sum: 0.999998
num pixels: 49152
tile num: 1798
total tile prob: 0.999998
tiles with prob > 0: 11
total tile prob after trim: 0.999998
num tiles after trim: 11
init_pos: 1751
*********running GCP*********
total time (wallclock): 0.0228109 seconds

$ /home/daisy/GRB-Search-Pipeline/search-planning/build/sp_train /home/daisy/GRB-Search-Pipeline/results/training/maps/short/adapt_p11-715852394892384_a135-0_540_map.h5 /home/daisy/GRB-Search-Pipeline/search-planning/tilings/tiling_files/5.36x4.5_tiling.csv 1770 10.0 10.0 5.0 0 /home/daisy/GRB-Search-Pipeline/results/training/short_searching_5.36x4.5_tiling.csv
Input Parameters:
  file        = /home/daisy/GRB-Search-Pipeline/results/training/maps/short/adapt_p11-715852394892384_a135-0_540_map.h5
  source_tile = 1770
  slew_rate   = 10
  dwell_time  = 5
  output      = /home/daisy/GRB-Search-Pipeline/results/training/short_searching_5.36x4.5_tiling.csv

source = [78.2841, 135], n_src_events = 730, n_bkg_events = 621
Loaded 73 entries (unique=73, duplicates=0, missing=49079, out_of_bounds=0, non-finite=0)
Sum(prob) over finite entries = 0.999999
init sum: 0.999999
num pixels: 49152
tile num: 1798
total tile prob: 0.999999
tiles with prob > 0: 8
total tile prob after trim: 0.999999
num tiles after trim: 8
init_pos: 1770
*********running GCP*********
total time (wallclock): 0.0220115 seconds

$ /home/daisy/GRB-Search-Pipeline/search-planning/build/sp_train /home/daisy/GRB-Search-Pipeline/results/training/maps/short/adapt_p11-715852394892384_a135-0_541_map.h5 /home/daisy/GRB-Search-Pipeline/search-planning/tilings/tiling_files/5.36x4.5_tiling.csv 1770 10.0 10.0 5.0 0 /home/daisy/GRB-Search-Pipeline/results/training/short_searching_5.36x4.5_tiling.csv
Input Parameters:
  file        = /home/daisy/GRB-Search-Pipeline/results/training/maps/short/adapt_p11-715852394892384_a135-0_541_map.h5
  source_tile = 1770
  slew_rate   = 10
  dwell_time  = 5
  output      = /home/daisy/GRB-Search-Pipeline/results/training/short_searching_5.36x4.5_tiling.csv

source = [78.2841, 135], n_src_events = 646, n_bkg_events = 466
Loaded 76 entries (unique=76, duplicates=0, missing=49076, out_of_bounds=0, non-finite=0)
Sum(prob) over finite entries = 0.999999
init sum: 0.999999
num pixels: 49152
tile num: 1798
total tile prob: 0.999999
tiles with prob > 0: 8
total tile prob after trim: 0.999999
num tiles after trim: 8
init_pos: 1752
*********running GCP*********
total time (wallclock): 0.0223205 seconds

$ /home/daisy/GRB-Search-Pipeline/search-planning/build/sp_train /home/daisy/GRB-Search-Pipeline/results/training/maps/short/adapt_p11-715852394892384_a135-0_542_map.h5 /home/daisy/GRB-Search-Pipeline/search-planning/tilings/tiling_files/5.36x4.5_tiling.csv 1770 10.0 10.0 5.0 0 /home/daisy/GRB-Search-Pipeline/results/training/short_searching_5.36x4.5_tiling.csv
Input Parameters:
  file        = /home/daisy/GRB-Search-Pipeline/results/training/maps/short/adapt_p11-715852394892384_a135-0_542_map.h5
  source_tile = 1770
  slew_rate   = 10
  dwell_time  = 5
  output      = /home/daisy/GRB-Search-Pipeline/results/training/short_searching_5.36x4.5_tiling.csv

source = [78.2841, 135], n_src_events = 760, n_bkg_events = 496
Loaded 53 entries (unique=53, duplicates=0, missing=49099, out_of_bounds=0, non-finite=0)
Sum(prob) over finite entries = 0.999999
init sum: 0.999999
num pixels: 49152
tile num: 1798
total tile prob: 0.999999
tiles with prob > 0: 5
total tile prob after trim: 0.999999
num tiles after trim: 5
init_pos: 1752
*********running GCP*********
total time (wallclock): 0.0223163 seconds

$ /home/daisy/GRB-Search-Pipeline/search-planning/build/sp_train /home/daisy/GRB-Search-Pipeline/results/training/maps/short/adapt_p11-715852394892384_a135-0_543_map.h5 /home/daisy/GRB-Search-Pipeline/search-planning/tilings/tiling_files/5.36x4.5_tiling.csv 1770 10.0 10.0 5.0 0 /home/daisy/GRB-Search-Pipeline/results/training/short_searching_5.36x4.5_tiling.csv
Input Parameters:
  file        = /home/daisy/GRB-Search-Pipeline/results/training/maps/short/adapt_p11-715852394892384_a135-0_543_map.h5
  source_tile = 1770
  slew_rate   = 10
  dwell_time  = 5
  output      = /home/daisy/GRB-Search-Pipeline/results/training/short_searching_5.36x4.5_tiling.csv

source = [78.2841, 135], n_src_events = 708, n_bkg_events = 1574
Loaded 74 entries (unique=74, duplicates=0, missing=49078, out_of_bounds=0, non-finite=0)
Sum(prob) over finite entries = 0.999998
init sum: 0.999998
num pixels: 49152
tile num: 1798
total tile prob: 0.999998
tiles with prob > 0: 5
total tile prob after trim: 0.999998
num tiles after trim: 5
init_pos: 1771
*********running GCP*********
total time (wallclock): 0.0231075 seconds

$ /home/daisy/GRB-Search-Pipeline/search-planning/build/sp_train /home/daisy/GRB-Search-Pipeline/results/training/maps/short/adapt_p11-715852394892384_a135-0_544_map.h5 /home/daisy/GRB-Search-Pipeline/search-planning/tilings/tiling_files/5.36x4.5_tiling.csv 1770 10.0 10.0 5.0 0 /home/daisy/GRB-Search-Pipeline/results/training/short_searching_5.36x4.5_tiling.csv
Input Parameters:
  file        = /home/daisy/GRB-Search-Pipeline/results/training/maps/short/adapt_p11-715852394892384_a135-0_544_map.h5
  source_tile = 1770
  slew_rate   = 10
  dwell_time  = 5
  output      = /home/daisy/GRB-Search-Pipeline/results/training/short_searching_5.36x4.5_tiling.csv

source = [78.2841, 135], n_src_events = 811, n_bkg_events = 1578
Loaded 62 entries (unique=62, duplicates=0, missing=49090, out_of_bounds=0, non-finite=0)
Sum(prob) over finite entries = 0.999999
init sum: 0.999999
num pixels: 49152
tile num: 1798
total tile prob: 0.999999
tiles with prob > 0: 5
total tile prob after trim: 0.999999
num tiles after trim: 5
init_pos: 1771
*********running GCP*********
total time (wallclock): 0.0231624 seconds

$ /home/daisy/GRB-Search-Pipeline/search-planning/build/sp_train /home/daisy/GRB-Search-Pipeline/results/training/maps/short/adapt_p11-715852394892384_a135-0_545_map.h5 /home/daisy/GRB-Search-Pipeline/search-planning/tilings/tiling_files/5.36x4.5_tiling.csv 1770 10.0 10.0 5.0 0 /home/daisy/GRB-Search-Pipeline/results/training/short_searching_5.36x4.5_tiling.csv
Input Parameters:
  file        = /home/daisy/GRB-Search-Pipeline/results/training/maps/short/adapt_p11-715852394892384_a135-0_545_map.h5
  source_tile = 1770
  slew_rate   = 10
  dwell_time  = 5
  output      = /home/daisy/GRB-Search-Pipeline/results/training/short_searching_5.36x4.5_tiling.csv

source = [78.2841, 135], n_src_events = 315, n_bkg_events = 761
Loaded 199 entries (unique=199, duplicates=0, missing=48953, out_of_bounds=0, non-finite=0)
Sum(prob) over finite entries = 0.999998
init sum: 0.999998
num pixels: 49152
tile num: 1798
total tile prob: 0.999998
tiles with prob > 0: 14
total tile prob after trim: 0.999998
num tiles after trim: 14
init_pos: 1727
*********running GCP*********
total time (wallclock): 0.0232608 seconds

$ /home/daisy/GRB-Search-Pipeline/search-planning/build/sp_train /home/daisy/GRB-Search-Pipeline/results/training/maps/short/adapt_p11-715852394892384_a135-0_546_map.h5 /home/daisy/GRB-Search-Pipeline/search-planning/tilings/tiling_files/5.36x4.5_tiling.csv 1770 10.0 10.0 5.0 0 /home/daisy/GRB-Search-Pipeline/results/training/short_searching_5.36x4.5_tiling.csv
Input Parameters:
  file        = /home/daisy/GRB-Search-Pipeline/results/training/maps/short/adapt_p11-715852394892384_a135-0_546_map.h5
  source_tile = 1770
  slew_rate   = 10
  dwell_time  = 5
  output      = /home/daisy/GRB-Search-Pipeline/results/training/short_searching_5.36x4.5_tiling.csv

source = [78.2841, 135], n_src_events = 607, n_bkg_events = 1655
Loaded 116 entries (unique=116, duplicates=0, missing=49036, out_of_bounds=0, non-finite=0)
Sum(prob) over finite entries = 0.999999
init sum: 0.999999
num pixels: 49152
tile num: 1798
total tile prob: 0.999999
tiles with prob > 0: 10
total tile prob after trim: 0.999999
num tiles after trim: 10
init_pos: 1771
*********running GCP*********
total time (wallclock): 0.0237519 seconds

$ /home/daisy/GRB-Search-Pipeline/search-planning/build/sp_train /home/daisy/GRB-Search-Pipeline/results/training/maps/short/adapt_p11-715852394892384_a135-0_547_map.h5 /home/daisy/GRB-Search-Pipeline/search-planning/tilings/tiling_files/5.36x4.5_tiling.csv 1770 10.0 10.0 5.0 0 /home/daisy/GRB-Search-Pipeline/results/training/short_searching_5.36x4.5_tiling.csv
Input Parameters:
  file        = /home/daisy/GRB-Search-Pipeline/results/training/maps/short/adapt_p11-715852394892384_a135-0_547_map.h5
  source_tile = 1770
  slew_rate   = 10
  dwell_time  = 5
  output      = /home/daisy/GRB-Search-Pipeline/results/training/short_searching_5.36x4.5_tiling.csv

source = [78.2841, 135], n_src_events = 721, n_bkg_events = 698
Loaded 65 entries (unique=65, duplicates=0, missing=49087, out_of_bounds=0, non-finite=0)
Sum(prob) over finite entries = 0.999999
init sum: 0.999999
num pixels: 49152
tile num: 1798
total tile prob: 0.999999
tiles with prob > 0: 6
total tile prob after trim: 0.999999
num tiles after trim: 6
init_pos: 1752
*********running GCP*********
total time (wallclock): 0.0230006 seconds

$ /home/daisy/GRB-Search-Pipeline/search-planning/build/sp_train /home/daisy/GRB-Search-Pipeline/results/training/maps/short/adapt_p11-715852394892384_a135-0_548_map.h5 /home/daisy/GRB-Search-Pipeline/search-planning/tilings/tiling_files/5.36x4.5_tiling.csv 1770 10.0 10.0 5.0 0 /home/daisy/GRB-Search-Pipeline/results/training/short_searching_5.36x4.5_tiling.csv
Input Parameters:
  file        = /home/daisy/GRB-Search-Pipeline/results/training/maps/short/adapt_p11-715852394892384_a135-0_548_map.h5
  source_tile = 1770
  slew_rate   = 10
  dwell_time  = 5
  output      = /home/daisy/GRB-Search-Pipeline/results/training/short_searching_5.36x4.5_tiling.csv

source = [78.2841, 135], n_src_events = 798, n_bkg_events = 489
Loaded 46 entries (unique=46, duplicates=0, missing=49106, out_of_bounds=0, non-finite=0)
Sum(prob) over finite entries = 0.999999
init sum: 0.999999
num pixels: 49152
tile num: 1798
total tile prob: 0.999999
tiles with prob > 0: 4
total tile prob after trim: 0.999999
num tiles after trim: 4
init_pos: 1752
*********running GCP*********
total time (wallclock): 0.0225828 seconds

$ /home/daisy/GRB-Search-Pipeline/search-planning/build/sp_train /home/daisy/GRB-Search-Pipeline/results/training/maps/short/adapt_p11-715852394892384_a135-0_549_map.h5 /home/daisy/GRB-Search-Pipeline/search-planning/tilings/tiling_files/5.36x4.5_tiling.csv 1770 10.0 10.0 5.0 0 /home/daisy/GRB-Search-Pipeline/results/training/short_searching_5.36x4.5_tiling.csv
Input Parameters:
  file        = /home/daisy/GRB-Search-Pipeline/results/training/maps/short/adapt_p11-715852394892384_a135-0_549_map.h5
  source_tile = 1770
  slew_rate   = 10
  dwell_time  = 5
  output      = /home/daisy/GRB-Search-Pipeline/results/training/short_searching_5.36x4.5_tiling.csv

source = [78.2841, 135], n_src_events = 260, n_bkg_events = 911
Loaded 348 entries (unique=348, duplicates=0, missing=48804, out_of_bounds=0, non-finite=0)
Sum(prob) over finite entries = 0.999999
init sum: 0.999999
num pixels: 49152
tile num: 1798
total tile prob: 0.999999
tiles with prob > 0: 26
total tile prob after trim: 0.999999
num tiles after trim: 26
init_pos: 1787
*********running GCP*********
total time (wallclock): 0.0237828 seconds

$ /home/daisy/GRB-Search-Pipeline/search-planning/build/sp_train /home/daisy/GRB-Search-Pipeline/results/training/maps/short/adapt_p11-715852394892384_a135-0_54_map.h5 /home/daisy/GRB-Search-Pipeline/search-planning/tilings/tiling_files/5.36x4.5_tiling.csv 1770 10.0 10.0 5.0 0 /home/daisy/GRB-Search-Pipeline/results/training/short_searching_5.36x4.5_tiling.csv
Input Parameters:
  file        = /home/daisy/GRB-Search-Pipeline/results/training/maps/short/adapt_p11-715852394892384_a135-0_54_map.h5
  source_tile = 1770
  slew_rate   = 10
  dwell_time  = 5
  output      = /home/daisy/GRB-Search-Pipeline/results/training/short_searching_5.36x4.5_tiling.csv

source = [78.2841, 135], n_src_events = 689, n_bkg_events = 1790
Loaded 123 entries (unique=123, duplicates=0, missing=49029, out_of_bounds=0, non-finite=0)
Sum(prob) over finite entries = 0.999999
init sum: 0.999999
num pixels: 49152
tile num: 1798
total tile prob: 0.999999
tiles with prob > 0: 9
total tile prob after trim: 0.999999
num tiles after trim: 9
init_pos: 1753
*********running GCP*********
total time (wallclock): 0.0232481 seconds

$ /home/daisy/GRB-Search-Pipeline/search-planning/build/sp_train /home/daisy/GRB-Search-Pipeline/results/training/maps/short/adapt_p11-715852394892384_a135-0_550_map.h5 /home/daisy/GRB-Search-Pipeline/search-planning/tilings/tiling_files/5.36x4.5_tiling.csv 1770 10.0 10.0 5.0 0 /home/daisy/GRB-Search-Pipeline/results/training/short_searching_5.36x4.5_tiling.csv
Input Parameters:
  file        = /home/daisy/GRB-Search-Pipeline/results/training/maps/short/adapt_p11-715852394892384_a135-0_550_map.h5
  source_tile = 1770
  slew_rate   = 10
  dwell_time  = 5
  output      = /home/daisy/GRB-Search-Pipeline/results/training/short_searching_5.36x4.5_tiling.csv

source = [78.2841, 135], n_src_events = 212, n_bkg_events = 666
Loaded 420 entries (unique=420, duplicates=0, missing=48732, out_of_bounds=0, non-finite=0)
Sum(prob) over finite entries = 0.999998
init sum: 0.999998
num pixels: 49152
tile num: 1798
total tile prob: 0.999998
tiles with prob > 0: 29
total tile prob after trim: 0.999998
num tiles after trim: 29
init_pos: 1769
*********running GCP*********
total time (wallclock): 0.023366 seconds

$ /home/daisy/GRB-Search-Pipeline/search-planning/build/sp_train /home/daisy/GRB-Search-Pipeline/results/training/maps/short/adapt_p11-715852394892384_a135-0_551_map.h5 /home/daisy/GRB-Search-Pipeline/search-planning/tilings/tiling_files/5.36x4.5_tiling.csv 1770 10.0 10.0 5.0 0 /home/daisy/GRB-Search-Pipeline/results/training/short_searching_5.36x4.5_tiling.csv
Input Parameters:
  file        = /home/daisy/GRB-Search-Pipeline/results/training/maps/short/adapt_p11-715852394892384_a135-0_551_map.h5
  source_tile = 1770
  slew_rate   = 10
  dwell_time  = 5
  output      = /home/daisy/GRB-Search-Pipeline/results/training/short_searching_5.36x4.5_tiling.csv

source = [78.2841, 135], n_src_events = 609, n_bkg_events = 285
Loaded 73 entries (unique=73, duplicates=0, missing=49079, out_of_bounds=0, non-finite=0)
Sum(prob) over finite entries = 0.999998
init sum: 0.999998
num pixels: 49152
tile num: 1798
total tile prob: 0.999998
tiles with prob > 0: 7
total tile prob after trim: 0.999998
num tiles after trim: 7
init_pos: 1770
*********running GCP*********
total time (wallclock): 0.0224567 seconds

$ /home/daisy/GRB-Search-Pipeline/search-planning/build/sp_train /home/daisy/GRB-Search-Pipeline/results/training/maps/short/adapt_p11-715852394892384_a135-0_552_map.h5 /home/daisy/GRB-Search-Pipeline/search-planning/tilings/tiling_files/5.36x4.5_tiling.csv 1770 10.0 10.0 5.0 0 /home/daisy/GRB-Search-Pipeline/results/training/short_searching_5.36x4.5_tiling.csv
Input Parameters:
  file        = /home/daisy/GRB-Search-Pipeline/results/training/maps/short/adapt_p11-715852394892384_a135-0_552_map.h5
  source_tile = 1770
  slew_rate   = 10
  dwell_time  = 5
  output      = /home/daisy/GRB-Search-Pipeline/results/training/short_searching_5.36x4.5_tiling.csv

source = [78.2841, 135], n_src_events = 639, n_bkg_events = 1657
Loaded 106 entries (unique=106, duplicates=0, missing=49046, out_of_bounds=0, non-finite=0)
Sum(prob) over finite entries = 0.999999
init sum: 0.999999
num pixels: 49152
tile num: 1798
total tile prob: 0.999999
tiles with prob > 0: 8
total tile prob after trim: 0.999999
num tiles after trim: 8
init_pos: 1771
*********running GCP*********
total time (wallclock): 0.0234811 seconds

$ /home/daisy/GRB-Search-Pipeline/search-planning/build/sp_train /home/daisy/GRB-Search-Pipeline/results/training/maps/short/adapt_p11-715852394892384_a135-0_553_map.h5 /home/daisy/GRB-Search-Pipeline/search-planning/tilings/tiling_files/5.36x4.5_tiling.csv 1770 10.0 10.0 5.0 0 /home/daisy/GRB-Search-Pipeline/results/training/short_searching_5.36x4.5_tiling.csv
Input Parameters:
  file        = /home/daisy/GRB-Search-Pipeline/results/training/maps/short/adapt_p11-715852394892384_a135-0_553_map.h5
  source_tile = 1770
  slew_rate   = 10
  dwell_time  = 5
  output      = /home/daisy/GRB-Search-Pipeline/results/training/short_searching_5.36x4.5_tiling.csv

source = [78.2841, 135], n_src_events = 148, n_bkg_events = 953
Loaded 4891 entries (unique=4891, duplicates=0, missing=44261, out_of_bounds=0, non-finite=0)
Sum(prob) over finite entries = 0.999994
init sum: 0.999994
num pixels: 49152
tile num: 1798
total tile prob: 0.999994
tiles with prob > 0: 233
total tile prob after trim: 0.999994
num tiles after trim: 233
init_pos: 1579
*********running GCP*********
total time (wallclock): 1.07465 seconds

$ /home/daisy/GRB-Search-Pipeline/search-planning/build/sp_train /home/daisy/GRB-Search-Pipeline/results/training/maps/short/adapt_p11-715852394892384_a135-0_554_map.h5 /home/daisy/GRB-Search-Pipeline/search-planning/tilings/tiling_files/5.36x4.5_tiling.csv 1770 10.0 10.0 5.0 0 /home/daisy/GRB-Search-Pipeline/results/training/short_searching_5.36x4.5_tiling.csv
Input Parameters:
  file        = /home/daisy/GRB-Search-Pipeline/results/training/maps/short/adapt_p11-715852394892384_a135-0_554_map.h5
  source_tile = 1770
  slew_rate   = 10
  dwell_time  = 5
  output      = /home/daisy/GRB-Search-Pipeline/results/training/short_searching_5.36x4.5_tiling.csv

source = [78.2841, 135], n_src_events = 374, n_bkg_events = 656
Loaded 155 entries (unique=155, duplicates=0, missing=48997, out_of_bounds=0, non-finite=0)
Sum(prob) over finite entries = 0.999998
init sum: 0.999998
num pixels: 49152
tile num: 1798
total tile prob: 0.999998
tiles with prob > 0: 12
total tile prob after trim: 0.999998
num tiles after trim: 12
init_pos: 1769
*********running GCP*********
total time (wallclock): 0.0240406 seconds

$ /home/daisy/GRB-Search-Pipeline/search-planning/build/sp_train /home/daisy/GRB-Search-Pipeline/results/training/maps/short/adapt_p11-715852394892384_a135-0_555_map.h5 /home/daisy/GRB-Search-Pipeline/search-planning/tilings/tiling_files/5.36x4.5_tiling.csv 1770 10.0 10.0 5.0 0 /home/daisy/GRB-Search-Pipeline/results/training/short_searching_5.36x4.5_tiling.csv
Input Parameters:
  file        = /home/daisy/GRB-Search-Pipeline/results/training/maps/short/adapt_p11-715852394892384_a135-0_555_map.h5
  source_tile = 1770
  slew_rate   = 10
  dwell_time  = 5
  output      = /home/daisy/GRB-Search-Pipeline/results/training/short_searching_5.36x4.5_tiling.csv

source = [78.2841, 135], n_src_events = 230, n_bkg_events = 477
Loaded 254 entries (unique=254, duplicates=0, missing=48898, out_of_bounds=0, non-finite=0)
Sum(prob) over finite entries = 0.999999
init sum: 0.999999
num pixels: 49152
tile num: 1798
total tile prob: 0.999999
tiles with prob > 0: 18
total tile prob after trim: 0.999999
num tiles after trim: 18
init_pos: 1772
*********running GCP*********
total time (wallclock): 0.0257115 seconds

$ /home/daisy/GRB-Search-Pipeline/search-planning/build/sp_train /home/daisy/GRB-Search-Pipeline/results/training/maps/short/adapt_p11-715852394892384_a135-0_556_map.h5 /home/daisy/GRB-Search-Pipeline/search-planning/tilings/tiling_files/5.36x4.5_tiling.csv 1770 10.0 10.0 5.0 0 /home/daisy/GRB-Search-Pipeline/results/training/short_searching_5.36x4.5_tiling.csv
Input Parameters:
  file        = /home/daisy/GRB-Search-Pipeline/results/training/maps/short/adapt_p11-715852394892384_a135-0_556_map.h5
  source_tile = 1770
  slew_rate   = 10
  dwell_time  = 5
  output      = /home/daisy/GRB-Search-Pipeline/results/training/short_searching_5.36x4.5_tiling.csv

source = [78.2841, 135], n_src_events = 638, n_bkg_events = 1676
Loaded 108 entries (unique=108, duplicates=0, missing=49044, out_of_bounds=0, non-finite=0)
Sum(prob) over finite entries = 0.999999
init sum: 0.999999
num pixels: 49152
tile num: 1798
total tile prob: 0.999999
tiles with prob > 0: 11
total tile prob after trim: 0.999999
num tiles after trim: 11
init_pos: 1752
*********running GCP*********
total time (wallclock): 0.0248298 seconds

$ /home/daisy/GRB-Search-Pipeline/search-planning/build/sp_train /home/daisy/GRB-Search-Pipeline/results/training/maps/short/adapt_p11-715852394892384_a135-0_557_map.h5 /home/daisy/GRB-Search-Pipeline/search-planning/tilings/tiling_files/5.36x4.5_tiling.csv 1770 10.0 10.0 5.0 0 /home/daisy/GRB-Search-Pipeline/results/training/short_searching_5.36x4.5_tiling.csv
Input Parameters:
  file        = /home/daisy/GRB-Search-Pipeline/results/training/maps/short/adapt_p11-715852394892384_a135-0_557_map.h5
  source_tile = 1770
  slew_rate   = 10
  dwell_time  = 5
  output      = /home/daisy/GRB-Search-Pipeline/results/training/short_searching_5.36x4.5_tiling.csv

source = [78.2841, 135], n_src_events = 341, n_bkg_events = 1921
Loaded 163 entries (unique=163, duplicates=0, missing=48989, out_of_bounds=0, non-finite=0)
Sum(prob) over finite entries = 0.999999
init sum: 0.999999
num pixels: 49152
tile num: 1798
total tile prob: 0.999999
tiles with prob > 0: 12
total tile prob after trim: 0.999999
num tiles after trim: 12
init_pos: 1786
*********running GCP*********
total time (wallclock): 0.022666 seconds

$ /home/daisy/GRB-Search-Pipeline/search-planning/build/sp_train /home/daisy/GRB-Search-Pipeline/results/training/maps/short/adapt_p11-715852394892384_a135-0_558_map.h5 /home/daisy/GRB-Search-Pipeline/search-planning/tilings/tiling_files/5.36x4.5_tiling.csv 1770 10.0 10.0 5.0 0 /home/daisy/GRB-Search-Pipeline/results/training/short_searching_5.36x4.5_tiling.csv
Input Parameters:
  file        = /home/daisy/GRB-Search-Pipeline/results/training/maps/short/adapt_p11-715852394892384_a135-0_558_map.h5
  source_tile = 1770
  slew_rate   = 10
  dwell_time  = 5
  output      = /home/daisy/GRB-Search-Pipeline/results/training/short_searching_5.36x4.5_tiling.csv

source = [78.2841, 135], n_src_events = 512, n_bkg_events = 1272
Loaded 116 entries (unique=116, duplicates=0, missing=49036, out_of_bounds=0, non-finite=0)
Sum(prob) over finite entries = 0.999998
init sum: 0.999998
num pixels: 49152
tile num: 1798
total tile prob: 0.999998
tiles with prob > 0: 11
total tile prob after trim: 0.999998
num tiles after trim: 11
init_pos: 1770
*********running GCP*********
total time (wallclock): 0.022487 seconds

$ /home/daisy/GRB-Search-Pipeline/search-planning/build/sp_train /home/daisy/GRB-Search-Pipeline/results/training/maps/short/adapt_p11-715852394892384_a135-0_559_map.h5 /home/daisy/GRB-Search-Pipeline/search-planning/tilings/tiling_files/5.36x4.5_tiling.csv 1770 10.0 10.0 5.0 0 /home/daisy/GRB-Search-Pipeline/results/training/short_searching_5.36x4.5_tiling.csv
Input Parameters:
  file        = /home/daisy/GRB-Search-Pipeline/results/training/maps/short/adapt_p11-715852394892384_a135-0_559_map.h5
  source_tile = 1770
  slew_rate   = 10
  dwell_time  = 5
  output      = /home/daisy/GRB-Search-Pipeline/results/training/short_searching_5.36x4.5_tiling.csv

source = [78.2841, 135], n_src_events = 883, n_bkg_events = 517
Loaded 47 entries (unique=47, duplicates=0, missing=49105, out_of_bounds=0, non-finite=0)
Sum(prob) over finite entries = 0.999998
init sum: 0.999998
num pixels: 49152
tile num: 1798
total tile prob: 0.999998
tiles with prob > 0: 5
total tile prob after trim: 0.999998
num tiles after trim: 5
init_pos: 1771
*********running GCP*********
total time (wallclock): 0.0233645 seconds

$ /home/daisy/GRB-Search-Pipeline/search-planning/build/sp_train /home/daisy/GRB-Search-Pipeline/results/training/maps/short/adapt_p11-715852394892384_a135-0_55_map.h5 /home/daisy/GRB-Search-Pipeline/search-planning/tilings/tiling_files/5.36x4.5_tiling.csv 1770 10.0 10.0 5.0 0 /home/daisy/GRB-Search-Pipeline/results/training/short_searching_5.36x4.5_tiling.csv
Input Parameters:
  file        = /home/daisy/GRB-Search-Pipeline/results/training/maps/short/adapt_p11-715852394892384_a135-0_55_map.h5
  source_tile = 1770
  slew_rate   = 10
  dwell_time  = 5
  output      = /home/daisy/GRB-Search-Pipeline/results/training/short_searching_5.36x4.5_tiling.csv

source = [78.2841, 135], n_src_events = 178, n_bkg_events = 834
Loaded 376 entries (unique=376, duplicates=0, missing=48776, out_of_bounds=0, non-finite=0)
Sum(prob) over finite entries = 0.999998
init sum: 0.999998
num pixels: 49152
tile num: 1798
total tile prob: 0.999998
tiles with prob > 0: 27
total tile prob after trim: 0.999998
num tiles after trim: 27
init_pos: 1752
*********running GCP*********
total time (wallclock): 0.0231886 seconds

$ /home/daisy/GRB-Search-Pipeline/search-planning/build/sp_train /home/daisy/GRB-Search-Pipeline/results/training/maps/short/adapt_p11-715852394892384_a135-0_560_map.h5 /home/daisy/GRB-Search-Pipeline/search-planning/tilings/tiling_files/5.36x4.5_tiling.csv 1770 10.0 10.0 5.0 0 /home/daisy/GRB-Search-Pipeline/results/training/short_searching_5.36x4.5_tiling.csv
Input Parameters:
  file        = /home/daisy/GRB-Search-Pipeline/results/training/maps/short/adapt_p11-715852394892384_a135-0_560_map.h5
  source_tile = 1770
  slew_rate   = 10
  dwell_time  = 5
  output      = /home/daisy/GRB-Search-Pipeline/results/training/short_searching_5.36x4.5_tiling.csv

source = [78.2841, 135], n_src_events = 483, n_bkg_events = 468
Loaded 141 entries (unique=141, duplicates=0, missing=49011, out_of_bounds=0, non-finite=0)
Sum(prob) over finite entries = 0.999999
init sum: 0.999999
num pixels: 49152
tile num: 1798
total tile prob: 0.999999
tiles with prob > 0: 11
total tile prob after trim: 0.999999
num tiles after trim: 11
init_pos: 1753
*********running GCP*********
total time (wallclock): 0.0231696 seconds

$ /home/daisy/GRB-Search-Pipeline/search-planning/build/sp_train /home/daisy/GRB-Search-Pipeline/results/training/maps/short/adapt_p11-715852394892384_a135-0_561_map.h5 /home/daisy/GRB-Search-Pipeline/search-planning/tilings/tiling_files/5.36x4.5_tiling.csv 1770 10.0 10.0 5.0 0 /home/daisy/GRB-Search-Pipeline/results/training/short_searching_5.36x4.5_tiling.csv
Input Parameters:
  file        = /home/daisy/GRB-Search-Pipeline/results/training/maps/short/adapt_p11-715852394892384_a135-0_561_map.h5
  source_tile = 1770
  slew_rate   = 10
  dwell_time  = 5
  output      = /home/daisy/GRB-Search-Pipeline/results/training/short_searching_5.36x4.5_tiling.csv

source = [78.2841, 135], n_src_events = 607, n_bkg_events = 1112
Loaded 108 entries (unique=108, duplicates=0, missing=49044, out_of_bounds=0, non-finite=0)
Sum(prob) over finite entries = 0.999999
init sum: 0.999999
num pixels: 49152
tile num: 1798
total tile prob: 0.999999
tiles with prob > 0: 8
total tile prob after trim: 0.999999
num tiles after trim: 8
init_pos: 1753
*********running GCP*********
total time (wallclock): 0.0239643 seconds

$ /home/daisy/GRB-Search-Pipeline/search-planning/build/sp_train /home/daisy/GRB-Search-Pipeline/results/training/maps/short/adapt_p11-715852394892384_a135-0_562_map.h5 /home/daisy/GRB-Search-Pipeline/search-planning/tilings/tiling_files/5.36x4.5_tiling.csv 1770 10.0 10.0 5.0 0 /home/daisy/GRB-Search-Pipeline/results/training/short_searching_5.36x4.5_tiling.csv
Input Parameters:
  file        = /home/daisy/GRB-Search-Pipeline/results/training/maps/short/adapt_p11-715852394892384_a135-0_562_map.h5
  source_tile = 1770
  slew_rate   = 10
  dwell_time  = 5
  output      = /home/daisy/GRB-Search-Pipeline/results/training/short_searching_5.36x4.5_tiling.csv

source = [78.2841, 135], n_src_events = 522, n_bkg_events = 1402
Loaded 112 entries (unique=112, duplicates=0, missing=49040, out_of_bounds=0, non-finite=0)
Sum(prob) over finite entries = 0.999999
init sum: 0.999999
num pixels: 49152
tile num: 1798
total tile prob: 0.999999
tiles with prob > 0: 10
total tile prob after trim: 0.999999
num tiles after trim: 10
init_pos: 1771
*********running GCP*********
total time (wallclock): 0.0231802 seconds

$ /home/daisy/GRB-Search-Pipeline/search-planning/build/sp_train /home/daisy/GRB-Search-Pipeline/results/training/maps/short/adapt_p11-715852394892384_a135-0_563_map.h5 /home/daisy/GRB-Search-Pipeline/search-planning/tilings/tiling_files/5.36x4.5_tiling.csv 1770 10.0 10.0 5.0 0 /home/daisy/GRB-Search-Pipeline/results/training/short_searching_5.36x4.5_tiling.csv
Input Parameters:
  file        = /home/daisy/GRB-Search-Pipeline/results/training/maps/short/adapt_p11-715852394892384_a135-0_563_map.h5
  source_tile = 1770
  slew_rate   = 10
  dwell_time  = 5
  output      = /home/daisy/GRB-Search-Pipeline/results/training/short_searching_5.36x4.5_tiling.csv

source = [78.2841, 135], n_src_events = 247, n_bkg_events = 854
Loaded 356 entries (unique=356, duplicates=0, missing=48796, out_of_bounds=0, non-finite=0)
Sum(prob) over finite entries = 0.999999
init sum: 0.999999
num pixels: 49152
tile num: 1798
total tile prob: 0.999999
tiles with prob > 0: 26
total tile prob after trim: 0.999999
num tiles after trim: 26
init_pos: 1753
*********running GCP*********
total time (wallclock): 0.0226076 seconds

$ /home/daisy/GRB-Search-Pipeline/search-planning/build/sp_train /home/daisy/GRB-Search-Pipeline/results/training/maps/short/adapt_p11-715852394892384_a135-0_564_map.h5 /home/daisy/GRB-Search-Pipeline/search-planning/tilings/tiling_files/5.36x4.5_tiling.csv 1770 10.0 10.0 5.0 0 /home/daisy/GRB-Search-Pipeline/results/training/short_searching_5.36x4.5_tiling.csv
Input Parameters:
  file        = /home/daisy/GRB-Search-Pipeline/results/training/maps/short/adapt_p11-715852394892384_a135-0_564_map.h5
  source_tile = 1770
  slew_rate   = 10
  dwell_time  = 5
  output      = /home/daisy/GRB-Search-Pipeline/results/training/short_searching_5.36x4.5_tiling.csv

source = [78.2841, 135], n_src_events = 860, n_bkg_events = 551
Loaded 50 entries (unique=50, duplicates=0, missing=49102, out_of_bounds=0, non-finite=0)
Sum(prob) over finite entries = 1
init sum: 1
num pixels: 49152
tile num: 1798
total tile prob: 1
tiles with prob > 0: 5
total tile prob after trim: 1
num tiles after trim: 5
init_pos: 1752
*********running GCP*********
total time (wallclock): 0.0229723 seconds

$ /home/daisy/GRB-Search-Pipeline/search-planning/build/sp_train /home/daisy/GRB-Search-Pipeline/results/training/maps/short/adapt_p11-715852394892384_a135-0_565_map.h5 /home/daisy/GRB-Search-Pipeline/search-planning/tilings/tiling_files/5.36x4.5_tiling.csv 1770 10.0 10.0 5.0 0 /home/daisy/GRB-Search-Pipeline/results/training/short_searching_5.36x4.5_tiling.csv
Input Parameters:
  file        = /home/daisy/GRB-Search-Pipeline/results/training/maps/short/adapt_p11-715852394892384_a135-0_565_map.h5
  source_tile = 1770
  slew_rate   = 10
  dwell_time  = 5
  output      = /home/daisy/GRB-Search-Pipeline/results/training/short_searching_5.36x4.5_tiling.csv

source = [78.2841, 135], n_src_events = 442, n_bkg_events = 501
Loaded 170 entries (unique=170, duplicates=0, missing=48982, out_of_bounds=0, non-finite=0)
Sum(prob) over finite entries = 0.999999
init sum: 0.999999
num pixels: 49152
tile num: 1798
total tile prob: 0.999999
tiles with prob > 0: 14
total tile prob after trim: 0.999999
num tiles after trim: 14
init_pos: 1772
*********running GCP*********
total time (wallclock): 0.0239879 seconds

$ /home/daisy/GRB-Search-Pipeline/search-planning/build/sp_train /home/daisy/GRB-Search-Pipeline/results/training/maps/short/adapt_p11-715852394892384_a135-0_566_map.h5 /home/daisy/GRB-Search-Pipeline/search-planning/tilings/tiling_files/5.36x4.5_tiling.csv 1770 10.0 10.0 5.0 0 /home/daisy/GRB-Search-Pipeline/results/training/short_searching_5.36x4.5_tiling.csv
Input Parameters:
  file        = /home/daisy/GRB-Search-Pipeline/results/training/maps/short/adapt_p11-715852394892384_a135-0_566_map.h5
  source_tile = 1770
  slew_rate   = 10
  dwell_time  = 5
  output      = /home/daisy/GRB-Search-Pipeline/results/training/short_searching_5.36x4.5_tiling.csv

source = [78.2841, 135], n_src_events = 417, n_bkg_events = 1514
Loaded 345 entries (unique=345, duplicates=0, missing=48807, out_of_bounds=0, non-finite=0)
Sum(prob) over finite entries = 0.999998
init sum: 0.999998
num pixels: 49152
tile num: 1798
total tile prob: 0.999998
tiles with prob > 0: 22
total tile prob after trim: 0.999998
num tiles after trim: 22
init_pos: 1772
*********running GCP*********
total time (wallclock): 0.0230141 seconds

$ /home/daisy/GRB-Search-Pipeline/search-planning/build/sp_train /home/daisy/GRB-Search-Pipeline/results/training/maps/short/adapt_p11-715852394892384_a135-0_567_map.h5 /home/daisy/GRB-Search-Pipeline/search-planning/tilings/tiling_files/5.36x4.5_tiling.csv 1770 10.0 10.0 5.0 0 /home/daisy/GRB-Search-Pipeline/results/training/short_searching_5.36x4.5_tiling.csv
Input Parameters:
  file        = /home/daisy/GRB-Search-Pipeline/results/training/maps/short/adapt_p11-715852394892384_a135-0_567_map.h5
  source_tile = 1770
  slew_rate   = 10
  dwell_time  = 5
  output      = /home/daisy/GRB-Search-Pipeline/results/training/short_searching_5.36x4.5_tiling.csv

source = [78.2841, 135], n_src_events = 741, n_bkg_events = 1718
Loaded 77 entries (unique=77, duplicates=0, missing=49075, out_of_bounds=0, non-finite=0)
Sum(prob) over finite entries = 0.999999
init sum: 0.999999
num pixels: 49152
tile num: 1798
total tile prob: 0.999999
tiles with prob > 0: 10
total tile prob after trim: 0.999999
num tiles after trim: 10
init_pos: 1785
*********running GCP*********
total time (wallclock): 0.0225509 seconds

$ /home/daisy/GRB-Search-Pipeline/search-planning/build/sp_train /home/daisy/GRB-Search-Pipeline/results/training/maps/short/adapt_p11-715852394892384_a135-0_568_map.h5 /home/daisy/GRB-Search-Pipeline/search-planning/tilings/tiling_files/5.36x4.5_tiling.csv 1770 10.0 10.0 5.0 0 /home/daisy/GRB-Search-Pipeline/results/training/short_searching_5.36x4.5_tiling.csv
Input Parameters:
  file        = /home/daisy/GRB-Search-Pipeline/results/training/maps/short/adapt_p11-715852394892384_a135-0_568_map.h5
  source_tile = 1770
  slew_rate   = 10
  dwell_time  = 5
  output      = /home/daisy/GRB-Search-Pipeline/results/training/short_searching_5.36x4.5_tiling.csv

source = [78.2841, 135], n_src_events = 645, n_bkg_events = 153
Loaded 72 entries (unique=72, duplicates=0, missing=49080, out_of_bounds=0, non-finite=0)
Sum(prob) over finite entries = 0.999999
init sum: 0.999999
num pixels: 49152
tile num: 1798
total tile prob: 0.999999
tiles with prob > 0: 8
total tile prob after trim: 0.999999
num tiles after trim: 8
init_pos: 1752
*********running GCP*********
total time (wallclock): 0.023308 seconds

$ /home/daisy/GRB-Search-Pipeline/search-planning/build/sp_train /home/daisy/GRB-Search-Pipeline/results/training/maps/short/adapt_p11-715852394892384_a135-0_569_map.h5 /home/daisy/GRB-Search-Pipeline/search-planning/tilings/tiling_files/5.36x4.5_tiling.csv 1770 10.0 10.0 5.0 0 /home/daisy/GRB-Search-Pipeline/results/training/short_searching_5.36x4.5_tiling.csv
Input Parameters:
  file        = /home/daisy/GRB-Search-Pipeline/results/training/maps/short/adapt_p11-715852394892384_a135-0_569_map.h5
  source_tile = 1770
  slew_rate   = 10
  dwell_time  = 5
  output      = /home/daisy/GRB-Search-Pipeline/results/training/short_searching_5.36x4.5_tiling.csv

source = [78.2841, 135], n_src_events = 677, n_bkg_events = 1646
Loaded 85 entries (unique=85, duplicates=0, missing=49067, out_of_bounds=0, non-finite=0)
Sum(prob) over finite entries = 0.999998
init sum: 0.999998
num pixels: 49152
tile num: 1798
total tile prob: 0.999998
tiles with prob > 0: 7
total tile prob after trim: 0.999998
num tiles after trim: 7
init_pos: 1751
*********running GCP*********
total time (wallclock): 0.0222375 seconds

$ /home/daisy/GRB-Search-Pipeline/search-planning/build/sp_train /home/daisy/GRB-Search-Pipeline/results/training/maps/short/adapt_p11-715852394892384_a135-0_56_map.h5 /home/daisy/GRB-Search-Pipeline/search-planning/tilings/tiling_files/5.36x4.5_tiling.csv 1770 10.0 10.0 5.0 0 /home/daisy/GRB-Search-Pipeline/results/training/short_searching_5.36x4.5_tiling.csv
Input Parameters:
  file        = /home/daisy/GRB-Search-Pipeline/results/training/maps/short/adapt_p11-715852394892384_a135-0_56_map.h5
  source_tile = 1770
  slew_rate   = 10
  dwell_time  = 5
  output      = /home/daisy/GRB-Search-Pipeline/results/training/short_searching_5.36x4.5_tiling.csv

source = [78.2841, 135], n_src_events = 414, n_bkg_events = 749
Loaded 181 entries (unique=181, duplicates=0, missing=48971, out_of_bounds=0, non-finite=0)
Sum(prob) over finite entries = 0.999998
init sum: 0.999998
num pixels: 49152
tile num: 1798
total tile prob: 0.999998
tiles with prob > 0: 14
total tile prob after trim: 0.999998
num tiles after trim: 14
init_pos: 1785
*********running GCP*********
total time (wallclock): 0.0233669 seconds

$ /home/daisy/GRB-Search-Pipeline/search-planning/build/sp_train /home/daisy/GRB-Search-Pipeline/results/training/maps/short/adapt_p11-715852394892384_a135-0_570_map.h5 /home/daisy/GRB-Search-Pipeline/search-planning/tilings/tiling_files/5.36x4.5_tiling.csv 1770 10.0 10.0 5.0 0 /home/daisy/GRB-Search-Pipeline/results/training/short_searching_5.36x4.5_tiling.csv
Input Parameters:
  file        = /home/daisy/GRB-Search-Pipeline/results/training/maps/short/adapt_p11-715852394892384_a135-0_570_map.h5
  source_tile = 1770
  slew_rate   = 10
  dwell_time  = 5
  output      = /home/daisy/GRB-Search-Pipeline/results/training/short_searching_5.36x4.5_tiling.csv

source = [78.2841, 135], n_src_events = 309, n_bkg_events = 1200
Loaded 353 entries (unique=353, duplicates=0, missing=48799, out_of_bounds=0, non-finite=0)
Sum(prob) over finite entries = 0.999999
init sum: 0.999999
num pixels: 49152
tile num: 1798
total tile prob: 0.999999
tiles with prob > 0: 22
total tile prob after trim: 0.999999
num tiles after trim: 22
init_pos: 1728
*********running GCP*********
total time (wallclock): 0.0237258 seconds

$ /home/daisy/GRB-Search-Pipeline/search-planning/build/sp_train /home/daisy/GRB-Search-Pipeline/results/training/maps/short/adapt_p11-715852394892384_a135-0_571_map.h5 /home/daisy/GRB-Search-Pipeline/search-planning/tilings/tiling_files/5.36x4.5_tiling.csv 1770 10.0 10.0 5.0 0 /home/daisy/GRB-Search-Pipeline/results/training/short_searching_5.36x4.5_tiling.csv
Input Parameters:
  file        = /home/daisy/GRB-Search-Pipeline/results/training/maps/short/adapt_p11-715852394892384_a135-0_571_map.h5
  source_tile = 1770
  slew_rate   = 10
  dwell_time  = 5
  output      = /home/daisy/GRB-Search-Pipeline/results/training/short_searching_5.36x4.5_tiling.csv

source = [78.2841, 135], n_src_events = 717, n_bkg_events = 747
Loaded 56 entries (unique=56, duplicates=0, missing=49096, out_of_bounds=0, non-finite=0)
Sum(prob) over finite entries = 0.999999
init sum: 0.999999
num pixels: 49152
tile num: 1798
total tile prob: 0.999999
tiles with prob > 0: 5
total tile prob after trim: 0.999999
num tiles after trim: 5
init_pos: 1751
*********running GCP*********
total time (wallclock): 0.0232793 seconds

$ /home/daisy/GRB-Search-Pipeline/search-planning/build/sp_train /home/daisy/GRB-Search-Pipeline/results/training/maps/short/adapt_p11-715852394892384_a135-0_572_map.h5 /home/daisy/GRB-Search-Pipeline/search-planning/tilings/tiling_files/5.36x4.5_tiling.csv 1770 10.0 10.0 5.0 0 /home/daisy/GRB-Search-Pipeline/results/training/short_searching_5.36x4.5_tiling.csv
Input Parameters:
  file        = /home/daisy/GRB-Search-Pipeline/results/training/maps/short/adapt_p11-715852394892384_a135-0_572_map.h5
  source_tile = 1770
  slew_rate   = 10
  dwell_time  = 5
  output      = /home/daisy/GRB-Search-Pipeline/results/training/short_searching_5.36x4.5_tiling.csv

source = [78.2841, 135], n_src_events = 178, n_bkg_events = 1545
Loaded 1024 entries (unique=1024, duplicates=0, missing=48128, out_of_bounds=0, non-finite=0)
Sum(prob) over finite entries = 0.999997
init sum: 0.999997
num pixels: 49152
tile num: 1798
total tile prob: 0.999997
tiles with prob > 0: 57
total tile prob after trim: 0.999997
num tiles after trim: 57
init_pos: 1627
*********running GCP*********
total time (wallclock): 0.0314075 seconds

$ /home/daisy/GRB-Search-Pipeline/search-planning/build/sp_train /home/daisy/GRB-Search-Pipeline/results/training/maps/short/adapt_p11-715852394892384_a135-0_573_map.h5 /home/daisy/GRB-Search-Pipeline/search-planning/tilings/tiling_files/5.36x4.5_tiling.csv 1770 10.0 10.0 5.0 0 /home/daisy/GRB-Search-Pipeline/results/training/short_searching_5.36x4.5_tiling.csv
Input Parameters:
  file        = /home/daisy/GRB-Search-Pipeline/results/training/maps/short/adapt_p11-715852394892384_a135-0_573_map.h5
  source_tile = 1770
  slew_rate   = 10
  dwell_time  = 5
  output      = /home/daisy/GRB-Search-Pipeline/results/training/short_searching_5.36x4.5_tiling.csv

source = [78.2841, 135], n_src_events = 688, n_bkg_events = 1144
Loaded 73 entries (unique=73, duplicates=0, missing=49079, out_of_bounds=0, non-finite=0)
Sum(prob) over finite entries = 0.999998
init sum: 0.999998
num pixels: 49152
tile num: 1798
total tile prob: 0.999998
tiles with prob > 0: 5
total tile prob after trim: 0.999998
num tiles after trim: 5
init_pos: 1771
*********running GCP*********
total time (wallclock): 0.023473 seconds

$ /home/daisy/GRB-Search-Pipeline/search-planning/build/sp_train /home/daisy/GRB-Search-Pipeline/results/training/maps/short/adapt_p11-715852394892384_a135-0_574_map.h5 /home/daisy/GRB-Search-Pipeline/search-planning/tilings/tiling_files/5.36x4.5_tiling.csv 1770 10.0 10.0 5.0 0 /home/daisy/GRB-Search-Pipeline/results/training/short_searching_5.36x4.5_tiling.csv
Input Parameters:
  file        = /home/daisy/GRB-Search-Pipeline/results/training/maps/short/adapt_p11-715852394892384_a135-0_574_map.h5
  source_tile = 1770
  slew_rate   = 10
  dwell_time  = 5
  output      = /home/daisy/GRB-Search-Pipeline/results/training/short_searching_5.36x4.5_tiling.csv

source = [78.2841, 135], n_src_events = 398, n_bkg_events = 1424
Loaded 247 entries (unique=247, duplicates=0, missing=48905, out_of_bounds=0, non-finite=0)
Sum(prob) over finite entries = 0.999999
init sum: 0.999999
num pixels: 49152
tile num: 1798
total tile prob: 0.999999
tiles with prob > 0: 18
total tile prob after trim: 0.999999
num tiles after trim: 18
init_pos: 1726
*********running GCP*********
total time (wallclock): 0.0257064 seconds

$ /home/daisy/GRB-Search-Pipeline/search-planning/build/sp_train /home/daisy/GRB-Search-Pipeline/results/training/maps/short/adapt_p11-715852394892384_a135-0_575_map.h5 /home/daisy/GRB-Search-Pipeline/search-planning/tilings/tiling_files/5.36x4.5_tiling.csv 1770 10.0 10.0 5.0 0 /home/daisy/GRB-Search-Pipeline/results/training/short_searching_5.36x4.5_tiling.csv
Input Parameters:
  file        = /home/daisy/GRB-Search-Pipeline/results/training/maps/short/adapt_p11-715852394892384_a135-0_575_map.h5
  source_tile = 1770
  slew_rate   = 10
  dwell_time  = 5
  output      = /home/daisy/GRB-Search-Pipeline/results/training/short_searching_5.36x4.5_tiling.csv

source = [78.2841, 135], n_src_events = 503, n_bkg_events = 1777
Loaded 122 entries (unique=122, duplicates=0, missing=49030, out_of_bounds=0, non-finite=0)
Sum(prob) over finite entries = 0.999999
init sum: 0.999999
num pixels: 49152
tile num: 1798
total tile prob: 0.999999
tiles with prob > 0: 11
total tile prob after trim: 0.999999
num tiles after trim: 11
init_pos: 1753
*********running GCP*********
total time (wallclock): 0.0235084 seconds

$ /home/daisy/GRB-Search-Pipeline/search-planning/build/sp_train /home/daisy/GRB-Search-Pipeline/results/training/maps/short/adapt_p11-715852394892384_a135-0_576_map.h5 /home/daisy/GRB-Search-Pipeline/search-planning/tilings/tiling_files/5.36x4.5_tiling.csv 1770 10.0 10.0 5.0 0 /home/daisy/GRB-Search-Pipeline/results/training/short_searching_5.36x4.5_tiling.csv
Input Parameters:
  file        = /home/daisy/GRB-Search-Pipeline/results/training/maps/short/adapt_p11-715852394892384_a135-0_576_map.h5
  source_tile = 1770
  slew_rate   = 10
  dwell_time  = 5
  output      = /home/daisy/GRB-Search-Pipeline/results/training/short_searching_5.36x4.5_tiling.csv

source = [78.2841, 135], n_src_events = 875, n_bkg_events = 498
Loaded 36 entries (unique=36, duplicates=0, missing=49116, out_of_bounds=0, non-finite=0)
Sum(prob) over finite entries = 0.999999
init sum: 0.999999
num pixels: 49152
tile num: 1798
total tile prob: 0.999999
tiles with prob > 0: 4
total tile prob after trim: 0.999999
num tiles after trim: 4
init_pos: 1751
*********running GCP*********
total time (wallclock): 0.0232713 seconds

$ /home/daisy/GRB-Search-Pipeline/search-planning/build/sp_train /home/daisy/GRB-Search-Pipeline/results/training/maps/short/adapt_p11-715852394892384_a135-0_577_map.h5 /home/daisy/GRB-Search-Pipeline/search-planning/tilings/tiling_files/5.36x4.5_tiling.csv 1770 10.0 10.0 5.0 0 /home/daisy/GRB-Search-Pipeline/results/training/short_searching_5.36x4.5_tiling.csv
Input Parameters:
  file        = /home/daisy/GRB-Search-Pipeline/results/training/maps/short/adapt_p11-715852394892384_a135-0_577_map.h5
  source_tile = 1770
  slew_rate   = 10
  dwell_time  = 5
  output      = /home/daisy/GRB-Search-Pipeline/results/training/short_searching_5.36x4.5_tiling.csv

source = [78.2841, 135], n_src_events = 870, n_bkg_events = 1326
Loaded 75 entries (unique=75, duplicates=0, missing=49077, out_of_bounds=0, non-finite=0)
Sum(prob) over finite entries = 0.999999
init sum: 0.999999
num pixels: 49152
tile num: 1798
total tile prob: 0.999999
tiles with prob > 0: 5
total tile prob after trim: 0.999999
num tiles after trim: 5
init_pos: 1752
*********running GCP*********
total time (wallclock): 0.023452 seconds

$ /home/daisy/GRB-Search-Pipeline/search-planning/build/sp_train /home/daisy/GRB-Search-Pipeline/results/training/maps/short/adapt_p11-715852394892384_a135-0_578_map.h5 /home/daisy/GRB-Search-Pipeline/search-planning/tilings/tiling_files/5.36x4.5_tiling.csv 1770 10.0 10.0 5.0 0 /home/daisy/GRB-Search-Pipeline/results/training/short_searching_5.36x4.5_tiling.csv
Input Parameters:
  file        = /home/daisy/GRB-Search-Pipeline/results/training/maps/short/adapt_p11-715852394892384_a135-0_578_map.h5
  source_tile = 1770
  slew_rate   = 10
  dwell_time  = 5
  output      = /home/daisy/GRB-Search-Pipeline/results/training/short_searching_5.36x4.5_tiling.csv

source = [78.2841, 135], n_src_events = 433, n_bkg_events = 1235
Loaded 237 entries (unique=237, duplicates=0, missing=48915, out_of_bounds=0, non-finite=0)
Sum(prob) over finite entries = 0.999998
init sum: 0.999998
num pixels: 49152
tile num: 1798
total tile prob: 0.999998
tiles with prob > 0: 21
total tile prob after trim: 0.999998
num tiles after trim: 21
init_pos: 1785
*********running GCP*********
total time (wallclock): 0.0277273 seconds

$ /home/daisy/GRB-Search-Pipeline/search-planning/build/sp_train /home/daisy/GRB-Search-Pipeline/results/training/maps/short/adapt_p11-715852394892384_a135-0_579_map.h5 /home/daisy/GRB-Search-Pipeline/search-planning/tilings/tiling_files/5.36x4.5_tiling.csv 1770 10.0 10.0 5.0 0 /home/daisy/GRB-Search-Pipeline/results/training/short_searching_5.36x4.5_tiling.csv
Input Parameters:
  file        = /home/daisy/GRB-Search-Pipeline/results/training/maps/short/adapt_p11-715852394892384_a135-0_579_map.h5
  source_tile = 1770
  slew_rate   = 10
  dwell_time  = 5
  output      = /home/daisy/GRB-Search-Pipeline/results/training/short_searching_5.36x4.5_tiling.csv

source = [78.2841, 135], n_src_events = 465, n_bkg_events = 1302
Loaded 113 entries (unique=113, duplicates=0, missing=49039, out_of_bounds=0, non-finite=0)
Sum(prob) over finite entries = 0.999998
init sum: 0.999998
num pixels: 49152
tile num: 1798
total tile prob: 0.999998
tiles with prob > 0: 8
total tile prob after trim: 0.999998
num tiles after trim: 8
init_pos: 1770
*********running GCP*********
total time (wallclock): 0.021837 seconds

$ /home/daisy/GRB-Search-Pipeline/search-planning/build/sp_train /home/daisy/GRB-Search-Pipeline/results/training/maps/short/adapt_p11-715852394892384_a135-0_57_map.h5 /home/daisy/GRB-Search-Pipeline/search-planning/tilings/tiling_files/5.36x4.5_tiling.csv 1770 10.0 10.0 5.0 0 /home/daisy/GRB-Search-Pipeline/results/training/short_searching_5.36x4.5_tiling.csv
Input Parameters:
  file        = /home/daisy/GRB-Search-Pipeline/results/training/maps/short/adapt_p11-715852394892384_a135-0_57_map.h5
  source_tile = 1770
  slew_rate   = 10
  dwell_time  = 5
  output      = /home/daisy/GRB-Search-Pipeline/results/training/short_searching_5.36x4.5_tiling.csv

source = [78.2841, 135], n_src_events = 260, n_bkg_events = 304
Loaded 224 entries (unique=224, duplicates=0, missing=48928, out_of_bounds=0, non-finite=0)
Sum(prob) over finite entries = 0.999998
init sum: 0.999998
num pixels: 49152
tile num: 1798
total tile prob: 0.999998
tiles with prob > 0: 17
total tile prob after trim: 0.999998
num tiles after trim: 17
init_pos: 1784
*********running GCP*********
total time (wallclock): 0.0224339 seconds

$ /home/daisy/GRB-Search-Pipeline/search-planning/build/sp_train /home/daisy/GRB-Search-Pipeline/results/training/maps/short/adapt_p11-715852394892384_a135-0_580_map.h5 /home/daisy/GRB-Search-Pipeline/search-planning/tilings/tiling_files/5.36x4.5_tiling.csv 1770 10.0 10.0 5.0 0 /home/daisy/GRB-Search-Pipeline/results/training/short_searching_5.36x4.5_tiling.csv
Input Parameters:
  file        = /home/daisy/GRB-Search-Pipeline/results/training/maps/short/adapt_p11-715852394892384_a135-0_580_map.h5
  source_tile = 1770
  slew_rate   = 10
  dwell_time  = 5
  output      = /home/daisy/GRB-Search-Pipeline/results/training/short_searching_5.36x4.5_tiling.csv

source = [78.2841, 135], n_src_events = 406, n_bkg_events = 1612
Loaded 201 entries (unique=201, duplicates=0, missing=48951, out_of_bounds=0, non-finite=0)
Sum(prob) over finite entries = 0.999999
init sum: 0.999999
num pixels: 49152
tile num: 1798
total tile prob: 0.999999
tiles with prob > 0: 14
total tile prob after trim: 0.999999
num tiles after trim: 14
init_pos: 1786
*********running GCP*********
total time (wallclock): 0.0247447 seconds

$ /home/daisy/GRB-Search-Pipeline/search-planning/build/sp_train /home/daisy/GRB-Search-Pipeline/results/training/maps/short/adapt_p11-715852394892384_a135-0_581_map.h5 /home/daisy/GRB-Search-Pipeline/search-planning/tilings/tiling_files/5.36x4.5_tiling.csv 1770 10.0 10.0 5.0 0 /home/daisy/GRB-Search-Pipeline/results/training/short_searching_5.36x4.5_tiling.csv
Input Parameters:
  file        = /home/daisy/GRB-Search-Pipeline/results/training/maps/short/adapt_p11-715852394892384_a135-0_581_map.h5
  source_tile = 1770
  slew_rate   = 10
  dwell_time  = 5
  output      = /home/daisy/GRB-Search-Pipeline/results/training/short_searching_5.36x4.5_tiling.csv

source = [78.2841, 135], n_src_events = 278, n_bkg_events = 1326
Loaded 303 entries (unique=303, duplicates=0, missing=48849, out_of_bounds=0, non-finite=0)
Sum(prob) over finite entries = 0.999998
init sum: 0.999998
num pixels: 49152
tile num: 1798
total tile prob: 0.999998
tiles with prob > 0: 20
total tile prob after trim: 0.999998
num tiles after trim: 20
init_pos: 1751
*********running GCP*********
total time (wallclock): 0.0249095 seconds

$ /home/daisy/GRB-Search-Pipeline/search-planning/build/sp_train /home/daisy/GRB-Search-Pipeline/results/training/maps/short/adapt_p11-715852394892384_a135-0_582_map.h5 /home/daisy/GRB-Search-Pipeline/search-planning/tilings/tiling_files/5.36x4.5_tiling.csv 1770 10.0 10.0 5.0 0 /home/daisy/GRB-Search-Pipeline/results/training/short_searching_5.36x4.5_tiling.csv
Input Parameters:
  file        = /home/daisy/GRB-Search-Pipeline/results/training/maps/short/adapt_p11-715852394892384_a135-0_582_map.h5
  source_tile = 1770
  slew_rate   = 10
  dwell_time  = 5
  output      = /home/daisy/GRB-Search-Pipeline/results/training/short_searching_5.36x4.5_tiling.csv

source = [78.2841, 135], n_src_events = 448, n_bkg_events = 497
Loaded 120 entries (unique=120, duplicates=0, missing=49032, out_of_bounds=0, non-finite=0)
Sum(prob) over finite entries = 0.999998
init sum: 0.999998
num pixels: 49152
tile num: 1798
total tile prob: 0.999998
tiles with prob > 0: 10
total tile prob after trim: 0.999998
num tiles after trim: 10
init_pos: 1770
*********running GCP*********
total time (wallclock): 0.0218344 seconds

$ /home/daisy/GRB-Search-Pipeline/search-planning/build/sp_train /home/daisy/GRB-Search-Pipeline/results/training/maps/short/adapt_p11-715852394892384_a135-0_583_map.h5 /home/daisy/GRB-Search-Pipeline/search-planning/tilings/tiling_files/5.36x4.5_tiling.csv 1770 10.0 10.0 5.0 0 /home/daisy/GRB-Search-Pipeline/results/training/short_searching_5.36x4.5_tiling.csv
Input Parameters:
  file        = /home/daisy/GRB-Search-Pipeline/results/training/maps/short/adapt_p11-715852394892384_a135-0_583_map.h5
  source_tile = 1770
  slew_rate   = 10
  dwell_time  = 5
  output      = /home/daisy/GRB-Search-Pipeline/results/training/short_searching_5.36x4.5_tiling.csv

source = [78.2841, 135], n_src_events = 531, n_bkg_events = 1388
Loaded 117 entries (unique=117, duplicates=0, missing=49035, out_of_bounds=0, non-finite=0)
Sum(prob) over finite entries = 0.999999
init sum: 0.999999
num pixels: 49152
tile num: 1798
total tile prob: 0.999999
tiles with prob > 0: 11
total tile prob after trim: 0.999999
num tiles after trim: 11
init_pos: 1769
*********running GCP*********
total time (wallclock): 0.0225682 seconds

$ /home/daisy/GRB-Search-Pipeline/search-planning/build/sp_train /home/daisy/GRB-Search-Pipeline/results/training/maps/short/adapt_p11-715852394892384_a135-0_584_map.h5 /home/daisy/GRB-Search-Pipeline/search-planning/tilings/tiling_files/5.36x4.5_tiling.csv 1770 10.0 10.0 5.0 0 /home/daisy/GRB-Search-Pipeline/results/training/short_searching_5.36x4.5_tiling.csv
Input Parameters:
  file        = /home/daisy/GRB-Search-Pipeline/results/training/maps/short/adapt_p11-715852394892384_a135-0_584_map.h5
  source_tile = 1770
  slew_rate   = 10
  dwell_time  = 5
  output      = /home/daisy/GRB-Search-Pipeline/results/training/short_searching_5.36x4.5_tiling.csv

source = [78.2841, 135], n_src_events = 329, n_bkg_events = 755
Loaded 238 entries (unique=238, duplicates=0, missing=48914, out_of_bounds=0, non-finite=0)
Sum(prob) over finite entries = 0.999998
init sum: 0.999998
num pixels: 49152
tile num: 1798
total tile prob: 0.999998
tiles with prob > 0: 16
total tile prob after trim: 0.999998
num tiles after trim: 16
init_pos: 1770
*********running GCP*********
total time (wallclock): 0.0219855 seconds

$ /home/daisy/GRB-Search-Pipeline/search-planning/build/sp_train /home/daisy/GRB-Search-Pipeline/results/training/maps/short/adapt_p11-715852394892384_a135-0_585_map.h5 /home/daisy/GRB-Search-Pipeline/search-planning/tilings/tiling_files/5.36x4.5_tiling.csv 1770 10.0 10.0 5.0 0 /home/daisy/GRB-Search-Pipeline/results/training/short_searching_5.36x4.5_tiling.csv
Input Parameters:
  file        = /home/daisy/GRB-Search-Pipeline/results/training/maps/short/adapt_p11-715852394892384_a135-0_585_map.h5
  source_tile = 1770
  slew_rate   = 10
  dwell_time  = 5
  output      = /home/daisy/GRB-Search-Pipeline/results/training/short_searching_5.36x4.5_tiling.csv

source = [78.2841, 135], n_src_events = 477, n_bkg_events = 1355
Loaded 144 entries (unique=144, duplicates=0, missing=49008, out_of_bounds=0, non-finite=0)
Sum(prob) over finite entries = 0.999999
init sum: 0.999999
num pixels: 49152
tile num: 1798
total tile prob: 0.999999
tiles with prob > 0: 11
total tile prob after trim: 0.999999
num tiles after trim: 11
init_pos: 1771
*********running GCP*********
total time (wallclock): 0.0221185 seconds

$ /home/daisy/GRB-Search-Pipeline/search-planning/build/sp_train /home/daisy/GRB-Search-Pipeline/results/training/maps/short/adapt_p11-715852394892384_a135-0_586_map.h5 /home/daisy/GRB-Search-Pipeline/search-planning/tilings/tiling_files/5.36x4.5_tiling.csv 1770 10.0 10.0 5.0 0 /home/daisy/GRB-Search-Pipeline/results/training/short_searching_5.36x4.5_tiling.csv
Input Parameters:
  file        = /home/daisy/GRB-Search-Pipeline/results/training/maps/short/adapt_p11-715852394892384_a135-0_586_map.h5
  source_tile = 1770
  slew_rate   = 10
  dwell_time  = 5
  output      = /home/daisy/GRB-Search-Pipeline/results/training/short_searching_5.36x4.5_tiling.csv

source = [78.2841, 135], n_src_events = 758, n_bkg_events = 564
Loaded 69 entries (unique=69, duplicates=0, missing=49083, out_of_bounds=0, non-finite=0)
Sum(prob) over finite entries = 0.999999
init sum: 0.999999
num pixels: 49152
tile num: 1798
total tile prob: 0.999999
tiles with prob > 0: 7
total tile prob after trim: 0.999999
num tiles after trim: 7
init_pos: 1771
*********running GCP*********
total time (wallclock): 0.0221602 seconds

$ /home/daisy/GRB-Search-Pipeline/search-planning/build/sp_train /home/daisy/GRB-Search-Pipeline/results/training/maps/short/adapt_p11-715852394892384_a135-0_587_map.h5 /home/daisy/GRB-Search-Pipeline/search-planning/tilings/tiling_files/5.36x4.5_tiling.csv 1770 10.0 10.0 5.0 0 /home/daisy/GRB-Search-Pipeline/results/training/short_searching_5.36x4.5_tiling.csv
Input Parameters:
  file        = /home/daisy/GRB-Search-Pipeline/results/training/maps/short/adapt_p11-715852394892384_a135-0_587_map.h5
  source_tile = 1770
  slew_rate   = 10
  dwell_time  = 5
  output      = /home/daisy/GRB-Search-Pipeline/results/training/short_searching_5.36x4.5_tiling.csv

source = [78.2841, 135], n_src_events = 219, n_bkg_events = 729
Loaded 301 entries (unique=301, duplicates=0, missing=48851, out_of_bounds=0, non-finite=0)
Sum(prob) over finite entries = 0.999999
init sum: 0.999999
num pixels: 49152
tile num: 1798
total tile prob: 0.999999
tiles with prob > 0: 19
total tile prob after trim: 0.999999
num tiles after trim: 19
init_pos: 1728
*********running GCP*********
total time (wallclock): 0.023751 seconds

$ /home/daisy/GRB-Search-Pipeline/search-planning/build/sp_train /home/daisy/GRB-Search-Pipeline/results/training/maps/short/adapt_p11-715852394892384_a135-0_588_map.h5 /home/daisy/GRB-Search-Pipeline/search-planning/tilings/tiling_files/5.36x4.5_tiling.csv 1770 10.0 10.0 5.0 0 /home/daisy/GRB-Search-Pipeline/results/training/short_searching_5.36x4.5_tiling.csv
Input Parameters:
  file        = /home/daisy/GRB-Search-Pipeline/results/training/maps/short/adapt_p11-715852394892384_a135-0_588_map.h5
  source_tile = 1770
  slew_rate   = 10
  dwell_time  = 5
  output      = /home/daisy/GRB-Search-Pipeline/results/training/short_searching_5.36x4.5_tiling.csv

source = [78.2841, 135], n_src_events = 803, n_bkg_events = 215
Loaded 56 entries (unique=56, duplicates=0, missing=49096, out_of_bounds=0, non-finite=0)
Sum(prob) over finite entries = 0.999999
init sum: 0.999999
num pixels: 49152
tile num: 1798
total tile prob: 0.999999
tiles with prob > 0: 6
total tile prob after trim: 0.999999
num tiles after trim: 6
init_pos: 1771
*********running GCP*********
total time (wallclock): 0.0226495 seconds

$ /home/daisy/GRB-Search-Pipeline/search-planning/build/sp_train /home/daisy/GRB-Search-Pipeline/results/training/maps/short/adapt_p11-715852394892384_a135-0_589_map.h5 /home/daisy/GRB-Search-Pipeline/search-planning/tilings/tiling_files/5.36x4.5_tiling.csv 1770 10.0 10.0 5.0 0 /home/daisy/GRB-Search-Pipeline/results/training/short_searching_5.36x4.5_tiling.csv
Input Parameters:
  file        = /home/daisy/GRB-Search-Pipeline/results/training/maps/short/adapt_p11-715852394892384_a135-0_589_map.h5
  source_tile = 1770
  slew_rate   = 10
  dwell_time  = 5
  output      = /home/daisy/GRB-Search-Pipeline/results/training/short_searching_5.36x4.5_tiling.csv

source = [78.2841, 135], n_src_events = 395, n_bkg_events = 316
Loaded 250 entries (unique=250, duplicates=0, missing=48902, out_of_bounds=0, non-finite=0)
Sum(prob) over finite entries = 0.999998
init sum: 0.999998
num pixels: 49152
tile num: 1798
total tile prob: 0.999998
tiles with prob > 0: 19
total tile prob after trim: 0.999998
num tiles after trim: 19
init_pos: 1786
*********running GCP*********
total time (wallclock): 0.023531 seconds

$ /home/daisy/GRB-Search-Pipeline/search-planning/build/sp_train /home/daisy/GRB-Search-Pipeline/results/training/maps/short/adapt_p11-715852394892384_a135-0_58_map.h5 /home/daisy/GRB-Search-Pipeline/search-planning/tilings/tiling_files/5.36x4.5_tiling.csv 1770 10.0 10.0 5.0 0 /home/daisy/GRB-Search-Pipeline/results/training/short_searching_5.36x4.5_tiling.csv
Input Parameters:
  file        = /home/daisy/GRB-Search-Pipeline/results/training/maps/short/adapt_p11-715852394892384_a135-0_58_map.h5
  source_tile = 1770
  slew_rate   = 10
  dwell_time  = 5
  output      = /home/daisy/GRB-Search-Pipeline/results/training/short_searching_5.36x4.5_tiling.csv

source = [78.2841, 135], n_src_events = 776, n_bkg_events = 1420
Loaded 75 entries (unique=75, duplicates=0, missing=49077, out_of_bounds=0, non-finite=0)
Sum(prob) over finite entries = 0.999999
init sum: 0.999999
num pixels: 49152
tile num: 1798
total tile prob: 0.999999
tiles with prob > 0: 7
total tile prob after trim: 0.999999
num tiles after trim: 7
init_pos: 1751
*********running GCP*********
total time (wallclock): 0.0240058 seconds

$ /home/daisy/GRB-Search-Pipeline/search-planning/build/sp_train /home/daisy/GRB-Search-Pipeline/results/training/maps/short/adapt_p11-715852394892384_a135-0_590_map.h5 /home/daisy/GRB-Search-Pipeline/search-planning/tilings/tiling_files/5.36x4.5_tiling.csv 1770 10.0 10.0 5.0 0 /home/daisy/GRB-Search-Pipeline/results/training/short_searching_5.36x4.5_tiling.csv
Input Parameters:
  file        = /home/daisy/GRB-Search-Pipeline/results/training/maps/short/adapt_p11-715852394892384_a135-0_590_map.h5
  source_tile = 1770
  slew_rate   = 10
  dwell_time  = 5
  output      = /home/daisy/GRB-Search-Pipeline/results/training/short_searching_5.36x4.5_tiling.csv

source = [78.2841, 135], n_src_events = 290, n_bkg_events = 1760
Loaded 403 entries (unique=403, duplicates=0, missing=48749, out_of_bounds=0, non-finite=0)
Sum(prob) over finite entries = 0.999998
init sum: 0.999998
num pixels: 49152
tile num: 1798
total tile prob: 0.999998
tiles with prob > 0: 23
total tile prob after trim: 0.999998
num tiles after trim: 23
init_pos: 1698
*********running GCP*********
total time (wallclock): 0.0281649 seconds

$ /home/daisy/GRB-Search-Pipeline/search-planning/build/sp_train /home/daisy/GRB-Search-Pipeline/results/training/maps/short/adapt_p11-715852394892384_a135-0_591_map.h5 /home/daisy/GRB-Search-Pipeline/search-planning/tilings/tiling_files/5.36x4.5_tiling.csv 1770 10.0 10.0 5.0 0 /home/daisy/GRB-Search-Pipeline/results/training/short_searching_5.36x4.5_tiling.csv
Input Parameters:
  file        = /home/daisy/GRB-Search-Pipeline/results/training/maps/short/adapt_p11-715852394892384_a135-0_591_map.h5
  source_tile = 1770
  slew_rate   = 10
  dwell_time  = 5
  output      = /home/daisy/GRB-Search-Pipeline/results/training/short_searching_5.36x4.5_tiling.csv

source = [78.2841, 135], n_src_events = 352, n_bkg_events = 1235
Loaded 193 entries (unique=193, duplicates=0, missing=48959, out_of_bounds=0, non-finite=0)
Sum(prob) over finite entries = 0.999999
init sum: 0.999999
num pixels: 49152
tile num: 1798
total tile prob: 0.999999
tiles with prob > 0: 13
total tile prob after trim: 0.999999
num tiles after trim: 13
init_pos: 1727
*********running GCP*********
total time (wallclock): 0.0234067 seconds

$ /home/daisy/GRB-Search-Pipeline/search-planning/build/sp_train /home/daisy/GRB-Search-Pipeline/results/training/maps/short/adapt_p11-715852394892384_a135-0_592_map.h5 /home/daisy/GRB-Search-Pipeline/search-planning/tilings/tiling_files/5.36x4.5_tiling.csv 1770 10.0 10.0 5.0 0 /home/daisy/GRB-Search-Pipeline/results/training/short_searching_5.36x4.5_tiling.csv
Input Parameters:
  file        = /home/daisy/GRB-Search-Pipeline/results/training/maps/short/adapt_p11-715852394892384_a135-0_592_map.h5
  source_tile = 1770
  slew_rate   = 10
  dwell_time  = 5
  output      = /home/daisy/GRB-Search-Pipeline/results/training/short_searching_5.36x4.5_tiling.csv

source = [78.2841, 135], n_src_events = 94, n_bkg_events = 889
Loaded 1630 entries (unique=1630, duplicates=0, missing=47522, out_of_bounds=0, non-finite=0)
Sum(prob) over finite entries = 0.999996
init sum: 0.999996
num pixels: 49152
tile num: 1798
total tile prob: 0.999996
tiles with prob > 0: 80
total tile prob after trim: 0.999996
num tiles after trim: 80
init_pos: 1665
*********running GCP*********
total time (wallclock): 0.118341 seconds

$ /home/daisy/GRB-Search-Pipeline/search-planning/build/sp_train /home/daisy/GRB-Search-Pipeline/results/training/maps/short/adapt_p11-715852394892384_a135-0_593_map.h5 /home/daisy/GRB-Search-Pipeline/search-planning/tilings/tiling_files/5.36x4.5_tiling.csv 1770 10.0 10.0 5.0 0 /home/daisy/GRB-Search-Pipeline/results/training/short_searching_5.36x4.5_tiling.csv
Input Parameters:
  file        = /home/daisy/GRB-Search-Pipeline/results/training/maps/short/adapt_p11-715852394892384_a135-0_593_map.h5
  source_tile = 1770
  slew_rate   = 10
  dwell_time  = 5
  output      = /home/daisy/GRB-Search-Pipeline/results/training/short_searching_5.36x4.5_tiling.csv

source = [78.2841, 135], n_src_events = 401, n_bkg_events = 921
Loaded 152 entries (unique=152, duplicates=0, missing=49000, out_of_bounds=0, non-finite=0)
Sum(prob) over finite entries = 0.999999
init sum: 0.999999
num pixels: 49152
tile num: 1798
total tile prob: 0.999999
tiles with prob > 0: 11
total tile prob after trim: 0.999999
num tiles after trim: 11
init_pos: 1771
*********running GCP*********
total time (wallclock): 0.0227801 seconds

$ /home/daisy/GRB-Search-Pipeline/search-planning/build/sp_train /home/daisy/GRB-Search-Pipeline/results/training/maps/short/adapt_p11-715852394892384_a135-0_594_map.h5 /home/daisy/GRB-Search-Pipeline/search-planning/tilings/tiling_files/5.36x4.5_tiling.csv 1770 10.0 10.0 5.0 0 /home/daisy/GRB-Search-Pipeline/results/training/short_searching_5.36x4.5_tiling.csv
Input Parameters:
  file        = /home/daisy/GRB-Search-Pipeline/results/training/maps/short/adapt_p11-715852394892384_a135-0_594_map.h5
  source_tile = 1770
  slew_rate   = 10
  dwell_time  = 5
  output      = /home/daisy/GRB-Search-Pipeline/results/training/short_searching_5.36x4.5_tiling.csv

source = [78.2841, 135], n_src_events = 194, n_bkg_events = 427
Loaded 358 entries (unique=358, duplicates=0, missing=48794, out_of_bounds=0, non-finite=0)
Sum(prob) over finite entries = 0.999998
init sum: 0.999998
num pixels: 49152
tile num: 1798
total tile prob: 0.999998
tiles with prob > 0: 24
total tile prob after trim: 0.999998
num tiles after trim: 24
init_pos: 1769
*********running GCP*********
total time (wallclock): 0.0233636 seconds

$ /home/daisy/GRB-Search-Pipeline/search-planning/build/sp_train /home/daisy/GRB-Search-Pipeline/results/training/maps/short/adapt_p11-715852394892384_a135-0_595_map.h5 /home/daisy/GRB-Search-Pipeline/search-planning/tilings/tiling_files/5.36x4.5_tiling.csv 1770 10.0 10.0 5.0 0 /home/daisy/GRB-Search-Pipeline/results/training/short_searching_5.36x4.5_tiling.csv
Input Parameters:
  file        = /home/daisy/GRB-Search-Pipeline/results/training/maps/short/adapt_p11-715852394892384_a135-0_595_map.h5
  source_tile = 1770
  slew_rate   = 10
  dwell_time  = 5
  output      = /home/daisy/GRB-Search-Pipeline/results/training/short_searching_5.36x4.5_tiling.csv

source = [78.2841, 135], n_src_events = 243, n_bkg_events = 695
Loaded 263 entries (unique=263, duplicates=0, missing=48889, out_of_bounds=0, non-finite=0)
Sum(prob) over finite entries = 0.999998
init sum: 0.999998
num pixels: 49152
tile num: 1798
total tile prob: 0.999998
tiles with prob > 0: 20
total tile prob after trim: 0.999998
num tiles after trim: 20
init_pos: 1793
*********running GCP*********
total time (wallclock): 0.0259773 seconds

$ /home/daisy/GRB-Search-Pipeline/search-planning/build/sp_train /home/daisy/GRB-Search-Pipeline/results/training/maps/short/adapt_p11-715852394892384_a135-0_596_map.h5 /home/daisy/GRB-Search-Pipeline/search-planning/tilings/tiling_files/5.36x4.5_tiling.csv 1770 10.0 10.0 5.0 0 /home/daisy/GRB-Search-Pipeline/results/training/short_searching_5.36x4.5_tiling.csv
Input Parameters:
  file        = /home/daisy/GRB-Search-Pipeline/results/training/maps/short/adapt_p11-715852394892384_a135-0_596_map.h5
  source_tile = 1770
  slew_rate   = 10
  dwell_time  = 5
  output      = /home/daisy/GRB-Search-Pipeline/results/training/short_searching_5.36x4.5_tiling.csv

source = [78.2841, 135], n_src_events = 584, n_bkg_events = 769
Loaded 85 entries (unique=85, duplicates=0, missing=49067, out_of_bounds=0, non-finite=0)
Sum(prob) over finite entries = 0.999998
init sum: 0.999998
num pixels: 49152
tile num: 1798
total tile prob: 0.999998
tiles with prob > 0: 8
total tile prob after trim: 0.999998
num tiles after trim: 8
init_pos: 1753
*********running GCP*********
total time (wallclock): 0.0232842 seconds

$ /home/daisy/GRB-Search-Pipeline/search-planning/build/sp_train /home/daisy/GRB-Search-Pipeline/results/training/maps/short/adapt_p11-715852394892384_a135-0_597_map.h5 /home/daisy/GRB-Search-Pipeline/search-planning/tilings/tiling_files/5.36x4.5_tiling.csv 1770 10.0 10.0 5.0 0 /home/daisy/GRB-Search-Pipeline/results/training/short_searching_5.36x4.5_tiling.csv
Input Parameters:
  file        = /home/daisy/GRB-Search-Pipeline/results/training/maps/short/adapt_p11-715852394892384_a135-0_597_map.h5
  source_tile = 1770
  slew_rate   = 10
  dwell_time  = 5
  output      = /home/daisy/GRB-Search-Pipeline/results/training/short_searching_5.36x4.5_tiling.csv

source = [78.2841, 135], n_src_events = 336, n_bkg_events = 1671
Loaded 459 entries (unique=459, duplicates=0, missing=48693, out_of_bounds=0, non-finite=0)
Sum(prob) over finite entries = 0.999998
init sum: 0.999998
num pixels: 49152
tile num: 1798
total tile prob: 0.999998
tiles with prob > 0: 26
total tile prob after trim: 0.999998
num tiles after trim: 26
init_pos: 1699
*********running GCP*********
total time (wallclock): 0.0253362 seconds

$ /home/daisy/GRB-Search-Pipeline/search-planning/build/sp_train /home/daisy/GRB-Search-Pipeline/results/training/maps/short/adapt_p11-715852394892384_a135-0_598_map.h5 /home/daisy/GRB-Search-Pipeline/search-planning/tilings/tiling_files/5.36x4.5_tiling.csv 1770 10.0 10.0 5.0 0 /home/daisy/GRB-Search-Pipeline/results/training/short_searching_5.36x4.5_tiling.csv
Input Parameters:
  file        = /home/daisy/GRB-Search-Pipeline/results/training/maps/short/adapt_p11-715852394892384_a135-0_598_map.h5
  source_tile = 1770
  slew_rate   = 10
  dwell_time  = 5
  output      = /home/daisy/GRB-Search-Pipeline/results/training/short_searching_5.36x4.5_tiling.csv

source = [78.2841, 135], n_src_events = 219, n_bkg_events = 1489
Loaded 689 entries (unique=689, duplicates=0, missing=48463, out_of_bounds=0, non-finite=0)
Sum(prob) over finite entries = 0.999998
init sum: 0.999998
num pixels: 49152
tile num: 1798
total tile prob: 0.999998
tiles with prob > 0: 44
total tile prob after trim: 0.999998
num tiles after trim: 44
init_pos: 1748
*********running GCP*********
total time (wallclock): 0.0252449 seconds

$ /home/daisy/GRB-Search-Pipeline/search-planning/build/sp_train /home/daisy/GRB-Search-Pipeline/results/training/maps/short/adapt_p11-715852394892384_a135-0_599_map.h5 /home/daisy/GRB-Search-Pipeline/search-planning/tilings/tiling_files/5.36x4.5_tiling.csv 1770 10.0 10.0 5.0 0 /home/daisy/GRB-Search-Pipeline/results/training/short_searching_5.36x4.5_tiling.csv
Input Parameters:
  file        = /home/daisy/GRB-Search-Pipeline/results/training/maps/short/adapt_p11-715852394892384_a135-0_599_map.h5
  source_tile = 1770
  slew_rate   = 10
  dwell_time  = 5
  output      = /home/daisy/GRB-Search-Pipeline/results/training/short_searching_5.36x4.5_tiling.csv

source = [78.2841, 135], n_src_events = 839, n_bkg_events = 1561
Loaded 66 entries (unique=66, duplicates=0, missing=49086, out_of_bounds=0, non-finite=0)
Sum(prob) over finite entries = 0.999999
init sum: 0.999999
num pixels: 49152
tile num: 1798
total tile prob: 0.999999
tiles with prob > 0: 7
total tile prob after trim: 0.999999
num tiles after trim: 7
init_pos: 1752
*********running GCP*********
total time (wallclock): 0.0224833 seconds

$ /home/daisy/GRB-Search-Pipeline/search-planning/build/sp_train /home/daisy/GRB-Search-Pipeline/results/training/maps/short/adapt_p11-715852394892384_a135-0_59_map.h5 /home/daisy/GRB-Search-Pipeline/search-planning/tilings/tiling_files/5.36x4.5_tiling.csv 1770 10.0 10.0 5.0 0 /home/daisy/GRB-Search-Pipeline/results/training/short_searching_5.36x4.5_tiling.csv
Input Parameters:
  file        = /home/daisy/GRB-Search-Pipeline/results/training/maps/short/adapt_p11-715852394892384_a135-0_59_map.h5
  source_tile = 1770
  slew_rate   = 10
  dwell_time  = 5
  output      = /home/daisy/GRB-Search-Pipeline/results/training/short_searching_5.36x4.5_tiling.csv

source = [78.2841, 135], n_src_events = 555, n_bkg_events = 233
Loaded 70 entries (unique=70, duplicates=0, missing=49082, out_of_bounds=0, non-finite=0)
Sum(prob) over finite entries = 0.999999
init sum: 0.999999
num pixels: 49152
tile num: 1798
total tile prob: 0.999999
tiles with prob > 0: 6
total tile prob after trim: 0.999999
num tiles after trim: 6
init_pos: 1752
*********running GCP*********
total time (wallclock): 0.0222774 seconds

$ /home/daisy/GRB-Search-Pipeline/search-planning/build/sp_train /home/daisy/GRB-Search-Pipeline/results/training/maps/short/adapt_p11-715852394892384_a135-0_5_map.h5 /home/daisy/GRB-Search-Pipeline/search-planning/tilings/tiling_files/5.36x4.5_tiling.csv 1770 10.0 10.0 5.0 0 /home/daisy/GRB-Search-Pipeline/results/training/short_searching_5.36x4.5_tiling.csv
Input Parameters:
  file        = /home/daisy/GRB-Search-Pipeline/results/training/maps/short/adapt_p11-715852394892384_a135-0_5_map.h5
  source_tile = 1770
  slew_rate   = 10
  dwell_time  = 5
  output      = /home/daisy/GRB-Search-Pipeline/results/training/short_searching_5.36x4.5_tiling.csv

source = [78.2841, 135], n_src_events = 356, n_bkg_events = 1608
Loaded 262 entries (unique=262, duplicates=0, missing=48890, out_of_bounds=0, non-finite=0)
Sum(prob) over finite entries = 0.999998
init sum: 0.999998
num pixels: 49152
tile num: 1798
total tile prob: 0.999998
tiles with prob > 0: 17
total tile prob after trim: 0.999998
num tiles after trim: 17
init_pos: 1754
*********running GCP*********
total time (wallclock): 0.0233703 seconds

$ /home/daisy/GRB-Search-Pipeline/search-planning/build/sp_train /home/daisy/GRB-Search-Pipeline/results/training/maps/short/adapt_p11-715852394892384_a135-0_60_map.h5 /home/daisy/GRB-Search-Pipeline/search-planning/tilings/tiling_files/5.36x4.5_tiling.csv 1770 10.0 10.0 5.0 0 /home/daisy/GRB-Search-Pipeline/results/training/short_searching_5.36x4.5_tiling.csv
Input Parameters:
  file        = /home/daisy/GRB-Search-Pipeline/results/training/maps/short/adapt_p11-715852394892384_a135-0_60_map.h5
  source_tile = 1770
  slew_rate   = 10
  dwell_time  = 5
  output      = /home/daisy/GRB-Search-Pipeline/results/training/short_searching_5.36x4.5_tiling.csv

source = [78.2841, 135], n_src_events = 415, n_bkg_events = 1827
Loaded 176 entries (unique=176, duplicates=0, missing=48976, out_of_bounds=0, non-finite=0)
Sum(prob) over finite entries = 0.999999
init sum: 0.999999
num pixels: 49152
tile num: 1798
total tile prob: 0.999999
tiles with prob > 0: 13
total tile prob after trim: 0.999999
num tiles after trim: 13
init_pos: 1771
*********running GCP*********
total time (wallclock): 0.0232984 seconds

$ /home/daisy/GRB-Search-Pipeline/search-planning/build/sp_train /home/daisy/GRB-Search-Pipeline/results/training/maps/short/adapt_p11-715852394892384_a135-0_61_map.h5 /home/daisy/GRB-Search-Pipeline/search-planning/tilings/tiling_files/5.36x4.5_tiling.csv 1770 10.0 10.0 5.0 0 /home/daisy/GRB-Search-Pipeline/results/training/short_searching_5.36x4.5_tiling.csv
Input Parameters:
  file        = /home/daisy/GRB-Search-Pipeline/results/training/maps/short/adapt_p11-715852394892384_a135-0_61_map.h5
  source_tile = 1770
  slew_rate   = 10
  dwell_time  = 5
  output      = /home/daisy/GRB-Search-Pipeline/results/training/short_searching_5.36x4.5_tiling.csv

source = [78.2841, 135], n_src_events = 153, n_bkg_events = 1293
Loaded 900 entries (unique=900, duplicates=0, missing=48252, out_of_bounds=0, non-finite=0)
Sum(prob) over finite entries = 0.999999
init sum: 0.999999
num pixels: 49152
tile num: 1798
total tile prob: 0.999999
tiles with prob > 0: 49
total tile prob after trim: 0.999999
num tiles after trim: 49
init_pos: 1696
*********running GCP*********
total time (wallclock): 0.025567 seconds

$ /home/daisy/GRB-Search-Pipeline/search-planning/build/sp_train /home/daisy/GRB-Search-Pipeline/results/training/maps/short/adapt_p11-715852394892384_a135-0_62_map.h5 /home/daisy/GRB-Search-Pipeline/search-planning/tilings/tiling_files/5.36x4.5_tiling.csv 1770 10.0 10.0 5.0 0 /home/daisy/GRB-Search-Pipeline/results/training/short_searching_5.36x4.5_tiling.csv
Input Parameters:
  file        = /home/daisy/GRB-Search-Pipeline/results/training/maps/short/adapt_p11-715852394892384_a135-0_62_map.h5
  source_tile = 1770
  slew_rate   = 10
  dwell_time  = 5
  output      = /home/daisy/GRB-Search-Pipeline/results/training/short_searching_5.36x4.5_tiling.csv

source = [78.2841, 135], n_src_events = 273, n_bkg_events = 609
Loaded 212 entries (unique=212, duplicates=0, missing=48940, out_of_bounds=0, non-finite=0)
Sum(prob) over finite entries = 0.999998
init sum: 0.999998
num pixels: 49152
tile num: 1798
total tile prob: 0.999998
tiles with prob > 0: 16
total tile prob after trim: 0.999998
num tiles after trim: 16
init_pos: 1751
*********running GCP*********
total time (wallclock): 0.0235242 seconds

$ /home/daisy/GRB-Search-Pipeline/search-planning/build/sp_train /home/daisy/GRB-Search-Pipeline/results/training/maps/short/adapt_p11-715852394892384_a135-0_63_map.h5 /home/daisy/GRB-Search-Pipeline/search-planning/tilings/tiling_files/5.36x4.5_tiling.csv 1770 10.0 10.0 5.0 0 /home/daisy/GRB-Search-Pipeline/results/training/short_searching_5.36x4.5_tiling.csv
Input Parameters:
  file        = /home/daisy/GRB-Search-Pipeline/results/training/maps/short/adapt_p11-715852394892384_a135-0_63_map.h5
  source_tile = 1770
  slew_rate   = 10
  dwell_time  = 5
  output      = /home/daisy/GRB-Search-Pipeline/results/training/short_searching_5.36x4.5_tiling.csv

source = [78.2841, 135], n_src_events = 135, n_bkg_events = 180
Loaded 499 entries (unique=499, duplicates=0, missing=48653, out_of_bounds=0, non-finite=0)
Sum(prob) over finite entries = 0.999998
init sum: 0.999998
num pixels: 49152
tile num: 1798
total tile prob: 0.999998
tiles with prob > 0: 30
total tile prob after trim: 0.999998
num tiles after trim: 30
init_pos: 1666
*********running GCP*********
total time (wallclock): 0.036223 seconds

$ /home/daisy/GRB-Search-Pipeline/search-planning/build/sp_train /home/daisy/GRB-Search-Pipeline/results/training/maps/short/adapt_p11-715852394892384_a135-0_64_map.h5 /home/daisy/GRB-Search-Pipeline/search-planning/tilings/tiling_files/5.36x4.5_tiling.csv 1770 10.0 10.0 5.0 0 /home/daisy/GRB-Search-Pipeline/results/training/short_searching_5.36x4.5_tiling.csv
Input Parameters:
  file        = /home/daisy/GRB-Search-Pipeline/results/training/maps/short/adapt_p11-715852394892384_a135-0_64_map.h5
  source_tile = 1770
  slew_rate   = 10
  dwell_time  = 5
  output      = /home/daisy/GRB-Search-Pipeline/results/training/short_searching_5.36x4.5_tiling.csv

source = [78.2841, 135], n_src_events = 129, n_bkg_events = 849
Loaded 488 entries (unique=488, duplicates=0, missing=48664, out_of_bounds=0, non-finite=0)
Sum(prob) over finite entries = 0.999998
init sum: 0.999998
num pixels: 49152
tile num: 1798
total tile prob: 0.999998
tiles with prob > 0: 29
total tile prob after trim: 0.999998
num tiles after trim: 29
init_pos: 1787
*********running GCP*********
total time (wallclock): 0.0285645 seconds

$ /home/daisy/GRB-Search-Pipeline/search-planning/build/sp_train /home/daisy/GRB-Search-Pipeline/results/training/maps/short/adapt_p11-715852394892384_a135-0_65_map.h5 /home/daisy/GRB-Search-Pipeline/search-planning/tilings/tiling_files/5.36x4.5_tiling.csv 1770 10.0 10.0 5.0 0 /home/daisy/GRB-Search-Pipeline/results/training/short_searching_5.36x4.5_tiling.csv
Input Parameters:
  file        = /home/daisy/GRB-Search-Pipeline/results/training/maps/short/adapt_p11-715852394892384_a135-0_65_map.h5
  source_tile = 1770
  slew_rate   = 10
  dwell_time  = 5
  output      = /home/daisy/GRB-Search-Pipeline/results/training/short_searching_5.36x4.5_tiling.csv

source = [78.2841, 135], n_src_events = 732, n_bkg_events = 1059
Loaded 64 entries (unique=64, duplicates=0, missing=49088, out_of_bounds=0, non-finite=0)
Sum(prob) over finite entries = 0.999999
init sum: 0.999999
num pixels: 49152
tile num: 1798
total tile prob: 0.999999
tiles with prob > 0: 5
total tile prob after trim: 0.999999
num tiles after trim: 5
init_pos: 1770
*********running GCP*********
total time (wallclock): 0.0221405 seconds

$ /home/daisy/GRB-Search-Pipeline/search-planning/build/sp_train /home/daisy/GRB-Search-Pipeline/results/training/maps/short/adapt_p11-715852394892384_a135-0_66_map.h5 /home/daisy/GRB-Search-Pipeline/search-planning/tilings/tiling_files/5.36x4.5_tiling.csv 1770 10.0 10.0 5.0 0 /home/daisy/GRB-Search-Pipeline/results/training/short_searching_5.36x4.5_tiling.csv
Input Parameters:
  file        = /home/daisy/GRB-Search-Pipeline/results/training/maps/short/adapt_p11-715852394892384_a135-0_66_map.h5
  source_tile = 1770
  slew_rate   = 10
  dwell_time  = 5
  output      = /home/daisy/GRB-Search-Pipeline/results/training/short_searching_5.36x4.5_tiling.csv

source = [78.2841, 135], n_src_events = 240, n_bkg_events = 1683
Loaded 771 entries (unique=771, duplicates=0, missing=48381, out_of_bounds=0, non-finite=0)
Sum(prob) over finite entries = 0.999998
init sum: 0.999998
num pixels: 49152
tile num: 1798
total tile prob: 0.999998
tiles with prob > 0: 45
total tile prob after trim: 0.999998
num tiles after trim: 45
init_pos: 1787
*********running GCP*********
total time (wallclock): 0.0224876 seconds

$ /home/daisy/GRB-Search-Pipeline/search-planning/build/sp_train /home/daisy/GRB-Search-Pipeline/results/training/maps/short/adapt_p11-715852394892384_a135-0_67_map.h5 /home/daisy/GRB-Search-Pipeline/search-planning/tilings/tiling_files/5.36x4.5_tiling.csv 1770 10.0 10.0 5.0 0 /home/daisy/GRB-Search-Pipeline/results/training/short_searching_5.36x4.5_tiling.csv
Input Parameters:
  file        = /home/daisy/GRB-Search-Pipeline/results/training/maps/short/adapt_p11-715852394892384_a135-0_67_map.h5
  source_tile = 1770
  slew_rate   = 10
  dwell_time  = 5
  output      = /home/daisy/GRB-Search-Pipeline/results/training/short_searching_5.36x4.5_tiling.csv

source = [78.2841, 135], n_src_events = 431, n_bkg_events = 1863
Loaded 290 entries (unique=290, duplicates=0, missing=48862, out_of_bounds=0, non-finite=0)
Sum(prob) over finite entries = 0.999999
init sum: 0.999999
num pixels: 49152
tile num: 1798
total tile prob: 0.999999
tiles with prob > 0: 21
total tile prob after trim: 0.999999
num tiles after trim: 21
init_pos: 1751
*********running GCP*********
total time (wallclock): 0.0224638 seconds

$ /home/daisy/GRB-Search-Pipeline/search-planning/build/sp_train /home/daisy/GRB-Search-Pipeline/results/training/maps/short/adapt_p11-715852394892384_a135-0_68_map.h5 /home/daisy/GRB-Search-Pipeline/search-planning/tilings/tiling_files/5.36x4.5_tiling.csv 1770 10.0 10.0 5.0 0 /home/daisy/GRB-Search-Pipeline/results/training/short_searching_5.36x4.5_tiling.csv
Input Parameters:
  file        = /home/daisy/GRB-Search-Pipeline/results/training/maps/short/adapt_p11-715852394892384_a135-0_68_map.h5
  source_tile = 1770
  slew_rate   = 10
  dwell_time  = 5
  output      = /home/daisy/GRB-Search-Pipeline/results/training/short_searching_5.36x4.5_tiling.csv

source = [78.2841, 135], n_src_events = 828, n_bkg_events = 1383
Loaded 66 entries (unique=66, duplicates=0, missing=49086, out_of_bounds=0, non-finite=0)
Sum(prob) over finite entries = 0.999999
init sum: 0.999999
num pixels: 49152
tile num: 1798
total tile prob: 0.999999
tiles with prob > 0: 5
total tile prob after trim: 0.999999
num tiles after trim: 5
init_pos: 1751
*********running GCP*********
total time (wallclock): 0.0227549 seconds

$ /home/daisy/GRB-Search-Pipeline/search-planning/build/sp_train /home/daisy/GRB-Search-Pipeline/results/training/maps/short/adapt_p11-715852394892384_a135-0_69_map.h5 /home/daisy/GRB-Search-Pipeline/search-planning/tilings/tiling_files/5.36x4.5_tiling.csv 1770 10.0 10.0 5.0 0 /home/daisy/GRB-Search-Pipeline/results/training/short_searching_5.36x4.5_tiling.csv
Input Parameters:
  file        = /home/daisy/GRB-Search-Pipeline/results/training/maps/short/adapt_p11-715852394892384_a135-0_69_map.h5
  source_tile = 1770
  slew_rate   = 10
  dwell_time  = 5
  output      = /home/daisy/GRB-Search-Pipeline/results/training/short_searching_5.36x4.5_tiling.csv

source = [78.2841, 135], n_src_events = 166, n_bkg_events = 1505
Loaded 298 entries (unique=298, duplicates=0, missing=48854, out_of_bounds=0, non-finite=0)
Sum(prob) over finite entries = 0.999998
init sum: 0.999998
num pixels: 49152
tile num: 1798
total tile prob: 0.999998
tiles with prob > 0: 20
total tile prob after trim: 0.999998
num tiles after trim: 20
init_pos: 1729
*********running GCP*********
total time (wallclock): 0.027627 seconds

$ /home/daisy/GRB-Search-Pipeline/search-planning/build/sp_train /home/daisy/GRB-Search-Pipeline/results/training/maps/short/adapt_p11-715852394892384_a135-0_6_map.h5 /home/daisy/GRB-Search-Pipeline/search-planning/tilings/tiling_files/5.36x4.5_tiling.csv 1770 10.0 10.0 5.0 0 /home/daisy/GRB-Search-Pipeline/results/training/short_searching_5.36x4.5_tiling.csv
Input Parameters:
  file        = /home/daisy/GRB-Search-Pipeline/results/training/maps/short/adapt_p11-715852394892384_a135-0_6_map.h5
  source_tile = 1770
  slew_rate   = 10
  dwell_time  = 5
  output      = /home/daisy/GRB-Search-Pipeline/results/training/short_searching_5.36x4.5_tiling.csv

source = [78.2841, 135], n_src_events = 438, n_bkg_events = 171
Loaded 95 entries (unique=95, duplicates=0, missing=49057, out_of_bounds=0, non-finite=0)
Sum(prob) over finite entries = 0.999998
init sum: 0.999998
num pixels: 49152
tile num: 1798
total tile prob: 0.999998
tiles with prob > 0: 8
total tile prob after trim: 0.999998
num tiles after trim: 8
init_pos: 1751
*********running GCP*********
total time (wallclock): 0.0239904 seconds

$ /home/daisy/GRB-Search-Pipeline/search-planning/build/sp_train /home/daisy/GRB-Search-Pipeline/results/training/maps/short/adapt_p11-715852394892384_a135-0_70_map.h5 /home/daisy/GRB-Search-Pipeline/search-planning/tilings/tiling_files/5.36x4.5_tiling.csv 1770 10.0 10.0 5.0 0 /home/daisy/GRB-Search-Pipeline/results/training/short_searching_5.36x4.5_tiling.csv
Input Parameters:
  file        = /home/daisy/GRB-Search-Pipeline/results/training/maps/short/adapt_p11-715852394892384_a135-0_70_map.h5
  source_tile = 1770
  slew_rate   = 10
  dwell_time  = 5
  output      = /home/daisy/GRB-Search-Pipeline/results/training/short_searching_5.36x4.5_tiling.csv

source = [78.2841, 135], n_src_events = 445, n_bkg_events = 1422
Loaded 127 entries (unique=127, duplicates=0, missing=49025, out_of_bounds=0, non-finite=0)
Sum(prob) over finite entries = 0.999998
init sum: 0.999998
num pixels: 49152
tile num: 1798
total tile prob: 0.999998
tiles with prob > 0: 12
total tile prob after trim: 0.999998
num tiles after trim: 12
init_pos: 1751
*********running GCP*********
total time (wallclock): 0.0223722 seconds

$ /home/daisy/GRB-Search-Pipeline/search-planning/build/sp_train /home/daisy/GRB-Search-Pipeline/results/training/maps/short/adapt_p11-715852394892384_a135-0_71_map.h5 /home/daisy/GRB-Search-Pipeline/search-planning/tilings/tiling_files/5.36x4.5_tiling.csv 1770 10.0 10.0 5.0 0 /home/daisy/GRB-Search-Pipeline/results/training/short_searching_5.36x4.5_tiling.csv
Input Parameters:
  file        = /home/daisy/GRB-Search-Pipeline/results/training/maps/short/adapt_p11-715852394892384_a135-0_71_map.h5
  source_tile = 1770
  slew_rate   = 10
  dwell_time  = 5
  output      = /home/daisy/GRB-Search-Pipeline/results/training/short_searching_5.36x4.5_tiling.csv

source = [78.2841, 135], n_src_events = 143, n_bkg_events = 839
Loaded 757 entries (unique=757, duplicates=0, missing=48395, out_of_bounds=0, non-finite=0)
Sum(prob) over finite entries = 0.999999
init sum: 0.999999
num pixels: 49152
tile num: 1798
total tile prob: 0.999999
tiles with prob > 0: 45
total tile prob after trim: 0.999999
num tiles after trim: 45
init_pos: 1783
*********running GCP*********
total time (wallclock): 0.0225124 seconds

$ /home/daisy/GRB-Search-Pipeline/search-planning/build/sp_train /home/daisy/GRB-Search-Pipeline/results/training/maps/short/adapt_p11-715852394892384_a135-0_72_map.h5 /home/daisy/GRB-Search-Pipeline/search-planning/tilings/tiling_files/5.36x4.5_tiling.csv 1770 10.0 10.0 5.0 0 /home/daisy/GRB-Search-Pipeline/results/training/short_searching_5.36x4.5_tiling.csv
Input Parameters:
  file        = /home/daisy/GRB-Search-Pipeline/results/training/maps/short/adapt_p11-715852394892384_a135-0_72_map.h5
  source_tile = 1770
  slew_rate   = 10
  dwell_time  = 5
  output      = /home/daisy/GRB-Search-Pipeline/results/training/short_searching_5.36x4.5_tiling.csv

source = [78.2841, 135], n_src_events = 415, n_bkg_events = 171
Loaded 107 entries (unique=107, duplicates=0, missing=49045, out_of_bounds=0, non-finite=0)
Sum(prob) over finite entries = 0.999999
init sum: 0.999999
num pixels: 49152
tile num: 1798
total tile prob: 0.999999
tiles with prob > 0: 10
total tile prob after trim: 0.999999
num tiles after trim: 10
init_pos: 1785
*********running GCP*********
total time (wallclock): 0.0226167 seconds

$ /home/daisy/GRB-Search-Pipeline/search-planning/build/sp_train /home/daisy/GRB-Search-Pipeline/results/training/maps/short/adapt_p11-715852394892384_a135-0_73_map.h5 /home/daisy/GRB-Search-Pipeline/search-planning/tilings/tiling_files/5.36x4.5_tiling.csv 1770 10.0 10.0 5.0 0 /home/daisy/GRB-Search-Pipeline/results/training/short_searching_5.36x4.5_tiling.csv
Input Parameters:
  file        = /home/daisy/GRB-Search-Pipeline/results/training/maps/short/adapt_p11-715852394892384_a135-0_73_map.h5
  source_tile = 1770
  slew_rate   = 10
  dwell_time  = 5
  output      = /home/daisy/GRB-Search-Pipeline/results/training/short_searching_5.36x4.5_tiling.csv

source = [78.2841, 135], n_src_events = 482, n_bkg_events = 989
Loaded 145 entries (unique=145, duplicates=0, missing=49007, out_of_bounds=0, non-finite=0)
Sum(prob) over finite entries = 0.999999
init sum: 0.999999
num pixels: 49152
tile num: 1798
total tile prob: 0.999999
tiles with prob > 0: 12
total tile prob after trim: 0.999999
num tiles after trim: 12
init_pos: 1753
*********running GCP*********
total time (wallclock): 0.0230325 seconds

$ /home/daisy/GRB-Search-Pipeline/search-planning/build/sp_train /home/daisy/GRB-Search-Pipeline/results/training/maps/short/adapt_p11-715852394892384_a135-0_74_map.h5 /home/daisy/GRB-Search-Pipeline/search-planning/tilings/tiling_files/5.36x4.5_tiling.csv 1770 10.0 10.0 5.0 0 /home/daisy/GRB-Search-Pipeline/results/training/short_searching_5.36x4.5_tiling.csv
Input Parameters:
  file        = /home/daisy/GRB-Search-Pipeline/results/training/maps/short/adapt_p11-715852394892384_a135-0_74_map.h5
  source_tile = 1770
  slew_rate   = 10
  dwell_time  = 5
  output      = /home/daisy/GRB-Search-Pipeline/results/training/short_searching_5.36x4.5_tiling.csv

source = [78.2841, 135], n_src_events = 711, n_bkg_events = 335
Loaded 42 entries (unique=42, duplicates=0, missing=49110, out_of_bounds=0, non-finite=0)
Sum(prob) over finite entries = 0.999999
init sum: 0.999999
num pixels: 49152
tile num: 1798
total tile prob: 0.999999
tiles with prob > 0: 4
total tile prob after trim: 0.999999
num tiles after trim: 4
init_pos: 1752
*********running GCP*********
total time (wallclock): 0.0231462 seconds

$ /home/daisy/GRB-Search-Pipeline/search-planning/build/sp_train /home/daisy/GRB-Search-Pipeline/results/training/maps/short/adapt_p11-715852394892384_a135-0_75_map.h5 /home/daisy/GRB-Search-Pipeline/search-planning/tilings/tiling_files/5.36x4.5_tiling.csv 1770 10.0 10.0 5.0 0 /home/daisy/GRB-Search-Pipeline/results/training/short_searching_5.36x4.5_tiling.csv
Input Parameters:
  file        = /home/daisy/GRB-Search-Pipeline/results/training/maps/short/adapt_p11-715852394892384_a135-0_75_map.h5
  source_tile = 1770
  slew_rate   = 10
  dwell_time  = 5
  output      = /home/daisy/GRB-Search-Pipeline/results/training/short_searching_5.36x4.5_tiling.csv

source = [78.2841, 135], n_src_events = 770, n_bkg_events = 1321
Loaded 62 entries (unique=62, duplicates=0, missing=49090, out_of_bounds=0, non-finite=0)
Sum(prob) over finite entries = 0.999999
init sum: 0.999999
num pixels: 49152
tile num: 1798
total tile prob: 0.999999
tiles with prob > 0: 5
total tile prob after trim: 0.999999
num tiles after trim: 5
init_pos: 1771
*********running GCP*********
total time (wallclock): 0.0229794 seconds

$ /home/daisy/GRB-Search-Pipeline/search-planning/build/sp_train /home/daisy/GRB-Search-Pipeline/results/training/maps/short/adapt_p11-715852394892384_a135-0_76_map.h5 /home/daisy/GRB-Search-Pipeline/search-planning/tilings/tiling_files/5.36x4.5_tiling.csv 1770 10.0 10.0 5.0 0 /home/daisy/GRB-Search-Pipeline/results/training/short_searching_5.36x4.5_tiling.csv
Input Parameters:
  file        = /home/daisy/GRB-Search-Pipeline/results/training/maps/short/adapt_p11-715852394892384_a135-0_76_map.h5
  source_tile = 1770
  slew_rate   = 10
  dwell_time  = 5
  output      = /home/daisy/GRB-Search-Pipeline/results/training/short_searching_5.36x4.5_tiling.csv

source = [78.2841, 135], n_src_events = 133, n_bkg_events = 355
Loaded 1045 entries (unique=1045, duplicates=0, missing=48107, out_of_bounds=0, non-finite=0)
Sum(prob) over finite entries = 0.999996
init sum: 0.999996
num pixels: 49152
tile num: 1798
total tile prob: 0.999996
tiles with prob > 0: 60
total tile prob after trim: 0.999996
num tiles after trim: 60
init_pos: 1794
*********running GCP*********
total time (wallclock): 0.022927 seconds

$ /home/daisy/GRB-Search-Pipeline/search-planning/build/sp_train /home/daisy/GRB-Search-Pipeline/results/training/maps/short/adapt_p11-715852394892384_a135-0_77_map.h5 /home/daisy/GRB-Search-Pipeline/search-planning/tilings/tiling_files/5.36x4.5_tiling.csv 1770 10.0 10.0 5.0 0 /home/daisy/GRB-Search-Pipeline/results/training/short_searching_5.36x4.5_tiling.csv
Input Parameters:
  file        = /home/daisy/GRB-Search-Pipeline/results/training/maps/short/adapt_p11-715852394892384_a135-0_77_map.h5
  source_tile = 1770
  slew_rate   = 10
  dwell_time  = 5
  output      = /home/daisy/GRB-Search-Pipeline/results/training/short_searching_5.36x4.5_tiling.csv

source = [78.2841, 135], n_src_events = 204, n_bkg_events = 814
Loaded 580 entries (unique=580, duplicates=0, missing=48572, out_of_bounds=0, non-finite=0)
Sum(prob) over finite entries = 0.999997
init sum: 0.999997
num pixels: 49152
tile num: 1798
total tile prob: 0.999997
tiles with prob > 0: 42
total tile prob after trim: 0.999997
num tiles after trim: 42
init_pos: 1784
*********running GCP*********
total time (wallclock): 0.0297589 seconds
