
$ /home/daisy/GRB-Search-Pipeline/search-planning/build/sp_train /home/daisy/GRB-Search-Pipeline/results/training/maps/short/adapt_p11-715852394892384_a135-0_0_map.h5 /home/daisy/GRB-Search-Pipeline/search-planning/tilings/tiling_files/2.5x2.5_tiling.csv 6695 10.0 10.0 5.0 0 /home/daisy/GRB-Search-Pipeline/results/training/short_searching_2.5x2.5_tiling.csv
Input Parameters:
  file        = /home/daisy/GRB-Search-Pipeline/results/training/maps/short/adapt_p11-715852394892384_a135-0_0_map.h5
  source_tile = 6695
  slew_rate   = 10
  dwell_time  = 5
  output      = /home/daisy/GRB-Search-Pipeline/results/training/short_searching_2.5x2.5_tiling.csv

source = [78.2841, 135], n_src_events = 130, n_bkg_events = 983
Loaded 513 entries (unique=513, duplicates=0, missing=48639, out_of_bounds=0, non-finite=0)
Sum(prob) over finite entries = 0.999998
init sum: 0.999998
num pixels: 49152
tile num: 6781
total tile prob: 0.999998
tiles with prob > 0: 91
total tile prob after trim: 0.999998
num tiles after trim: 91
init_pos: 6749
*********running GCP*********
total time (wallclock): 0.0354326 seconds

$ /home/daisy/GRB-Search-Pipeline/search-planning/build/sp_train /home/daisy/GRB-Search-Pipeline/results/training/maps/short/adapt_p11-715852394892384_a135-0_100_map.h5 /home/daisy/GRB-Search-Pipeline/search-planning/tilings/tiling_files/2.5x2.5_tiling.csv 6695 10.0 10.0 5.0 0 /home/daisy/GRB-Search-Pipeline/results/training/short_searching_2.5x2.5_tiling.csv
Input Parameters:
  file        = /home/daisy/GRB-Search-Pipeline/results/training/maps/short/adapt_p11-715852394892384_a135-0_100_map.h5
  source_tile = 6695
  slew_rate   = 10
  dwell_time  = 5
  output      = /home/daisy/GRB-Search-Pipeline/results/training/short_searching_2.5x2.5_tiling.csv

source = [78.2841, 135], n_src_events = 308, n_bkg_events = 483
Loaded 262 entries (unique=262, duplicates=0, missing=48890, out_of_bounds=0, non-finite=0)
Sum(prob) over finite entries = 0.999997
init sum: 0.999997
num pixels: 49152
tile num: 6781
total tile prob: 0.999997
tiles with prob > 0: 48
total tile prob after trim: 0.999997
num tiles after trim: 48
init_pos: 6572
*********running GCP*********
total time (wallclock): 0.0517003 seconds

$ /home/daisy/GRB-Search-Pipeline/search-planning/build/sp_train /home/daisy/GRB-Search-Pipeline/results/training/maps/short/adapt_p11-715852394892384_a135-0_101_map.h5 /home/daisy/GRB-Search-Pipeline/search-planning/tilings/tiling_files/2.5x2.5_tiling.csv 6695 10.0 10.0 5.0 0 /home/daisy/GRB-Search-Pipeline/results/training/short_searching_2.5x2.5_tiling.csv
Input Parameters:
  file        = /home/daisy/GRB-Search-Pipeline/results/training/maps/short/adapt_p11-715852394892384_a135-0_101_map.h5
  source_tile = 6695
  slew_rate   = 10
  dwell_time  = 5
  output      = /home/daisy/GRB-Search-Pipeline/results/training/short_searching_2.5x2.5_tiling.csv

source = [78.2841, 135], n_src_events = 440, n_bkg_events = 1730
Loaded 149 entries (unique=149, duplicates=0, missing=49003, out_of_bounds=0, non-finite=0)
Sum(prob) over finite entries = 0.999998
init sum: 0.999998
num pixels: 49152
tile num: 6781
total tile prob: 0.999998
tiles with prob > 0: 28
total tile prob after trim: 0.999998
num tiles after trim: 28
init_pos: 6696
*********running GCP*********
total time (wallclock): 0.0327674 seconds

$ /home/daisy/GRB-Search-Pipeline/search-planning/build/sp_train /home/daisy/GRB-Search-Pipeline/results/training/maps/short/adapt_p11-715852394892384_a135-0_102_map.h5 /home/daisy/GRB-Search-Pipeline/search-planning/tilings/tiling_files/2.5x2.5_tiling.csv 6695 10.0 10.0 5.0 0 /home/daisy/GRB-Search-Pipeline/results/training/short_searching_2.5x2.5_tiling.csv
Input Parameters:
  file        = /home/daisy/GRB-Search-Pipeline/results/training/maps/short/adapt_p11-715852394892384_a135-0_102_map.h5
  source_tile = 6695
  slew_rate   = 10
  dwell_time  = 5
  output      = /home/daisy/GRB-Search-Pipeline/results/training/short_searching_2.5x2.5_tiling.csv

source = [78.2841, 135], n_src_events = 296, n_bkg_events = 403
Loaded 125 entries (unique=125, duplicates=0, missing=49027, out_of_bounds=0, non-finite=0)
Sum(prob) over finite entries = 0.999998
init sum: 0.999998
num pixels: 49152
tile num: 6781
total tile prob: 0.999998
tiles with prob > 0: 26
total tile prob after trim: 0.999998
num tiles after trim: 26
init_pos: 6662
*********running GCP*********
total time (wallclock): 0.0316133 seconds

$ /home/daisy/GRB-Search-Pipeline/search-planning/build/sp_train /home/daisy/GRB-Search-Pipeline/results/training/maps/short/adapt_p11-715852394892384_a135-0_103_map.h5 /home/daisy/GRB-Search-Pipeline/search-planning/tilings/tiling_files/2.5x2.5_tiling.csv 6695 10.0 10.0 5.0 0 /home/daisy/GRB-Search-Pipeline/results/training/short_searching_2.5x2.5_tiling.csv
Input Parameters:
  file        = /home/daisy/GRB-Search-Pipeline/results/training/maps/short/adapt_p11-715852394892384_a135-0_103_map.h5
  source_tile = 6695
  slew_rate   = 10
  dwell_time  = 5
  output      = /home/daisy/GRB-Search-Pipeline/results/training/short_searching_2.5x2.5_tiling.csv

source = [78.2841, 135], n_src_events = 403, n_bkg_events = 143
Loaded 81 entries (unique=81, duplicates=0, missing=49071, out_of_bounds=0, non-finite=0)
Sum(prob) over finite entries = 0.999999
init sum: 0.999999
num pixels: 49152
tile num: 6781
total tile prob: 0.999999
tiles with prob > 0: 17
total tile prob after trim: 0.999999
num tiles after trim: 17
init_pos: 6660
*********running GCP*********
total time (wallclock): 0.0336545 seconds

$ /home/daisy/GRB-Search-Pipeline/search-planning/build/sp_train /home/daisy/GRB-Search-Pipeline/results/training/maps/short/adapt_p11-715852394892384_a135-0_104_map.h5 /home/daisy/GRB-Search-Pipeline/search-planning/tilings/tiling_files/2.5x2.5_tiling.csv 6695 10.0 10.0 5.0 0 /home/daisy/GRB-Search-Pipeline/results/training/short_searching_2.5x2.5_tiling.csv
Input Parameters:
  file        = /home/daisy/GRB-Search-Pipeline/results/training/maps/short/adapt_p11-715852394892384_a135-0_104_map.h5
  source_tile = 6695
  slew_rate   = 10
  dwell_time  = 5
  output      = /home/daisy/GRB-Search-Pipeline/results/training/short_searching_2.5x2.5_tiling.csv

source = [78.2841, 135], n_src_events = 239, n_bkg_events = 1337
Loaded 580 entries (unique=580, duplicates=0, missing=48572, out_of_bounds=0, non-finite=0)
Sum(prob) over finite entries = 0.999998
init sum: 0.999998
num pixels: 49152
tile num: 6781
total tile prob: 0.999998
tiles with prob > 0: 102
total tile prob after trim: 0.999998
num tiles after trim: 102
init_pos: 6400
*********running GCP*********
total time (wallclock): 0.117204 seconds

$ /home/daisy/GRB-Search-Pipeline/search-planning/build/sp_train /home/daisy/GRB-Search-Pipeline/results/training/maps/short/adapt_p11-715852394892384_a135-0_105_map.h5 /home/daisy/GRB-Search-Pipeline/search-planning/tilings/tiling_files/2.5x2.5_tiling.csv 6695 10.0 10.0 5.0 0 /home/daisy/GRB-Search-Pipeline/results/training/short_searching_2.5x2.5_tiling.csv
Input Parameters:
  file        = /home/daisy/GRB-Search-Pipeline/results/training/maps/short/adapt_p11-715852394892384_a135-0_105_map.h5
  source_tile = 6695
  slew_rate   = 10
  dwell_time  = 5
  output      = /home/daisy/GRB-Search-Pipeline/results/training/short_searching_2.5x2.5_tiling.csv

source = [78.2841, 135], n_src_events = 130, n_bkg_events = 1540
Loaded 1308 entries (unique=1308, duplicates=0, missing=47844, out_of_bounds=0, non-finite=0)
Sum(prob) over finite entries = 0.999996
init sum: 0.999996
num pixels: 49152
tile num: 6781
total tile prob: 0.999996
tiles with prob > 0: 210
total tile prob after trim: 0.999996
num tiles after trim: 210
init_pos: 5692
*********running GCP*********
total time (wallclock): 0.0586557 seconds

$ /home/daisy/GRB-Search-Pipeline/search-planning/build/sp_train /home/daisy/GRB-Search-Pipeline/results/training/maps/short/adapt_p11-715852394892384_a135-0_106_map.h5 /home/daisy/GRB-Search-Pipeline/search-planning/tilings/tiling_files/2.5x2.5_tiling.csv 6695 10.0 10.0 5.0 0 /home/daisy/GRB-Search-Pipeline/results/training/short_searching_2.5x2.5_tiling.csv
Input Parameters:
  file        = /home/daisy/GRB-Search-Pipeline/results/training/maps/short/adapt_p11-715852394892384_a135-0_106_map.h5
  source_tile = 6695
  slew_rate   = 10
  dwell_time  = 5
  output      = /home/daisy/GRB-Search-Pipeline/results/training/short_searching_2.5x2.5_tiling.csv

source = [78.2841, 135], n_src_events = 95, n_bkg_events = 443
Loaded 770 entries (unique=770, duplicates=0, missing=48382, out_of_bounds=0, non-finite=0)
Sum(prob) over finite entries = 0.999998
init sum: 0.999998
num pixels: 49152
tile num: 6781
total tile prob: 0.999998
tiles with prob > 0: 134
total tile prob after trim: 0.999998
num tiles after trim: 134
init_pos: 6666
*********running GCP*********
total time (wallclock): 0.0360267 seconds

$ /home/daisy/GRB-Search-Pipeline/search-planning/build/sp_train /home/daisy/GRB-Search-Pipeline/results/training/maps/short/adapt_p11-715852394892384_a135-0_107_map.h5 /home/daisy/GRB-Search-Pipeline/search-planning/tilings/tiling_files/2.5x2.5_tiling.csv 6695 10.0 10.0 5.0 0 /home/daisy/GRB-Search-Pipeline/results/training/short_searching_2.5x2.5_tiling.csv
Input Parameters:
  file        = /home/daisy/GRB-Search-Pipeline/results/training/maps/short/adapt_p11-715852394892384_a135-0_107_map.h5
  source_tile = 6695
  slew_rate   = 10
  dwell_time  = 5
  output      = /home/daisy/GRB-Search-Pipeline/results/training/short_searching_2.5x2.5_tiling.csv

source = [78.2841, 135], n_src_events = 321, n_bkg_events = 166
Loaded 127 entries (unique=127, duplicates=0, missing=49025, out_of_bounds=0, non-finite=0)
Sum(prob) over finite entries = 0.999999
init sum: 0.999999
num pixels: 49152
tile num: 6781
total tile prob: 0.999999
tiles with prob > 0: 27
total tile prob after trim: 0.999999
num tiles after trim: 27
init_pos: 6617
*********running GCP*********
total time (wallclock): 0.037334 seconds

$ /home/daisy/GRB-Search-Pipeline/search-planning/build/sp_train /home/daisy/GRB-Search-Pipeline/results/training/maps/short/adapt_p11-715852394892384_a135-0_108_map.h5 /home/daisy/GRB-Search-Pipeline/search-planning/tilings/tiling_files/2.5x2.5_tiling.csv 6695 10.0 10.0 5.0 0 /home/daisy/GRB-Search-Pipeline/results/training/short_searching_2.5x2.5_tiling.csv
Input Parameters:
  file        = /home/daisy/GRB-Search-Pipeline/results/training/maps/short/adapt_p11-715852394892384_a135-0_108_map.h5
  source_tile = 6695
  slew_rate   = 10
  dwell_time  = 5
  output      = /home/daisy/GRB-Search-Pipeline/results/training/short_searching_2.5x2.5_tiling.csv

source = [78.2841, 135], n_src_events = 552, n_bkg_events = 652
Loaded 72 entries (unique=72, duplicates=0, missing=49080, out_of_bounds=0, non-finite=0)
Sum(prob) over finite entries = 0.999998
init sum: 0.999998
num pixels: 49152
tile num: 6781
total tile prob: 0.999998
tiles with prob > 0: 16
total tile prob after trim: 0.999998
num tiles after trim: 16
init_pos: 6619
*********running GCP*********
total time (wallclock): 0.0333908 seconds

$ /home/daisy/GRB-Search-Pipeline/search-planning/build/sp_train /home/daisy/GRB-Search-Pipeline/results/training/maps/short/adapt_p11-715852394892384_a135-0_109_map.h5 /home/daisy/GRB-Search-Pipeline/search-planning/tilings/tiling_files/2.5x2.5_tiling.csv 6695 10.0 10.0 5.0 0 /home/daisy/GRB-Search-Pipeline/results/training/short_searching_2.5x2.5_tiling.csv
Input Parameters:
  file        = /home/daisy/GRB-Search-Pipeline/results/training/maps/short/adapt_p11-715852394892384_a135-0_109_map.h5
  source_tile = 6695
  slew_rate   = 10
  dwell_time  = 5
  output      = /home/daisy/GRB-Search-Pipeline/results/training/short_searching_2.5x2.5_tiling.csv

source = [78.2841, 135], n_src_events = 833, n_bkg_events = 170
Loaded 32 entries (unique=32, duplicates=0, missing=49120, out_of_bounds=0, non-finite=0)
Sum(prob) over finite entries = 0.999998
init sum: 0.999998
num pixels: 49152
tile num: 6781
total tile prob: 0.999998
tiles with prob > 0: 10
total tile prob after trim: 0.999998
num tiles after trim: 10
init_pos: 6619
*********running GCP*********
total time (wallclock): 0.0327158 seconds

$ /home/daisy/GRB-Search-Pipeline/search-planning/build/sp_train /home/daisy/GRB-Search-Pipeline/results/training/maps/short/adapt_p11-715852394892384_a135-0_10_map.h5 /home/daisy/GRB-Search-Pipeline/search-planning/tilings/tiling_files/2.5x2.5_tiling.csv 6695 10.0 10.0 5.0 0 /home/daisy/GRB-Search-Pipeline/results/training/short_searching_2.5x2.5_tiling.csv
Input Parameters:
  file        = /home/daisy/GRB-Search-Pipeline/results/training/maps/short/adapt_p11-715852394892384_a135-0_10_map.h5
  source_tile = 6695
  slew_rate   = 10
  dwell_time  = 5
  output      = /home/daisy/GRB-Search-Pipeline/results/training/short_searching_2.5x2.5_tiling.csv

source = [78.2841, 135], n_src_events = 609, n_bkg_events = 367
Loaded 62 entries (unique=62, duplicates=0, missing=49090, out_of_bounds=0, non-finite=0)
Sum(prob) over finite entries = 0.999999
init sum: 0.999999
num pixels: 49152
tile num: 6781
total tile prob: 0.999999
tiles with prob > 0: 15
total tile prob after trim: 0.999999
num tiles after trim: 15
init_pos: 6619
*********running GCP*********
total time (wallclock): 0.0326056 seconds

$ /home/daisy/GRB-Search-Pipeline/search-planning/build/sp_train /home/daisy/GRB-Search-Pipeline/results/training/maps/short/adapt_p11-715852394892384_a135-0_110_map.h5 /home/daisy/GRB-Search-Pipeline/search-planning/tilings/tiling_files/2.5x2.5_tiling.csv 6695 10.0 10.0 5.0 0 /home/daisy/GRB-Search-Pipeline/results/training/short_searching_2.5x2.5_tiling.csv
Input Parameters:
  file        = /home/daisy/GRB-Search-Pipeline/results/training/maps/short/adapt_p11-715852394892384_a135-0_110_map.h5
  source_tile = 6695
  slew_rate   = 10
  dwell_time  = 5
  output      = /home/daisy/GRB-Search-Pipeline/results/training/short_searching_2.5x2.5_tiling.csv

source = [78.2841, 135], n_src_events = 719, n_bkg_events = 435
Loaded 62 entries (unique=62, duplicates=0, missing=49090, out_of_bounds=0, non-finite=0)
Sum(prob) over finite entries = 0.999998
init sum: 0.999998
num pixels: 49152
tile num: 6781
total tile prob: 0.999998
tiles with prob > 0: 14
total tile prob after trim: 0.999998
num tiles after trim: 14
init_pos: 6695
*********running GCP*********
total time (wallclock): 0.0313987 seconds

$ /home/daisy/GRB-Search-Pipeline/search-planning/build/sp_train /home/daisy/GRB-Search-Pipeline/results/training/maps/short/adapt_p11-715852394892384_a135-0_111_map.h5 /home/daisy/GRB-Search-Pipeline/search-planning/tilings/tiling_files/2.5x2.5_tiling.csv 6695 10.0 10.0 5.0 0 /home/daisy/GRB-Search-Pipeline/results/training/short_searching_2.5x2.5_tiling.csv
Input Parameters:
  file        = /home/daisy/GRB-Search-Pipeline/results/training/maps/short/adapt_p11-715852394892384_a135-0_111_map.h5
  source_tile = 6695
  slew_rate   = 10
  dwell_time  = 5
  output      = /home/daisy/GRB-Search-Pipeline/results/training/short_searching_2.5x2.5_tiling.csv

source = [78.2841, 135], n_src_events = 839, n_bkg_events = 113
Loaded 48 entries (unique=48, duplicates=0, missing=49104, out_of_bounds=0, non-finite=0)
Sum(prob) over finite entries = 0.999999
init sum: 0.999999
num pixels: 49152
tile num: 6781
total tile prob: 0.999999
tiles with prob > 0: 12
total tile prob after trim: 0.999999
num tiles after trim: 12
init_pos: 6661
*********running GCP*********
total time (wallclock): 0.0328555 seconds

$ /home/daisy/GRB-Search-Pipeline/search-planning/build/sp_train /home/daisy/GRB-Search-Pipeline/results/training/maps/short/adapt_p11-715852394892384_a135-0_112_map.h5 /home/daisy/GRB-Search-Pipeline/search-planning/tilings/tiling_files/2.5x2.5_tiling.csv 6695 10.0 10.0 5.0 0 /home/daisy/GRB-Search-Pipeline/results/training/short_searching_2.5x2.5_tiling.csv
Input Parameters:
  file        = /home/daisy/GRB-Search-Pipeline/results/training/maps/short/adapt_p11-715852394892384_a135-0_112_map.h5
  source_tile = 6695
  slew_rate   = 10
  dwell_time  = 5
  output      = /home/daisy/GRB-Search-Pipeline/results/training/short_searching_2.5x2.5_tiling.csv

source = [78.2841, 135], n_src_events = 643, n_bkg_events = 1324
Loaded 150 entries (unique=150, duplicates=0, missing=49002, out_of_bounds=0, non-finite=0)
Sum(prob) over finite entries = 0.999998
init sum: 0.999998
num pixels: 49152
tile num: 6781
total tile prob: 0.999998
tiles with prob > 0: 32
total tile prob after trim: 0.999998
num tiles after trim: 32
init_pos: 6620
*********running GCP*********
total time (wallclock): 0.0407641 seconds

$ /home/daisy/GRB-Search-Pipeline/search-planning/build/sp_train /home/daisy/GRB-Search-Pipeline/results/training/maps/short/adapt_p11-715852394892384_a135-0_113_map.h5 /home/daisy/GRB-Search-Pipeline/search-planning/tilings/tiling_files/2.5x2.5_tiling.csv 6695 10.0 10.0 5.0 0 /home/daisy/GRB-Search-Pipeline/results/training/short_searching_2.5x2.5_tiling.csv
Input Parameters:
  file        = /home/daisy/GRB-Search-Pipeline/results/training/maps/short/adapt_p11-715852394892384_a135-0_113_map.h5
  source_tile = 6695
  slew_rate   = 10
  dwell_time  = 5
  output      = /home/daisy/GRB-Search-Pipeline/results/training/short_searching_2.5x2.5_tiling.csv

source = [78.2841, 135], n_src_events = 113, n_bkg_events = 139
Loaded 569 entries (unique=569, duplicates=0, missing=48583, out_of_bounds=0, non-finite=0)
Sum(prob) over finite entries = 0.999998
init sum: 0.999998
num pixels: 49152
tile num: 6781
total tile prob: 0.999998
tiles with prob > 0: 103
total tile prob after trim: 0.999998
num tiles after trim: 103
init_pos: 6622
*********running GCP*********
total time (wallclock): 0.0356077 seconds

$ /home/daisy/GRB-Search-Pipeline/search-planning/build/sp_train /home/daisy/GRB-Search-Pipeline/results/training/maps/short/adapt_p11-715852394892384_a135-0_114_map.h5 /home/daisy/GRB-Search-Pipeline/search-planning/tilings/tiling_files/2.5x2.5_tiling.csv 6695 10.0 10.0 5.0 0 /home/daisy/GRB-Search-Pipeline/results/training/short_searching_2.5x2.5_tiling.csv
Input Parameters:
  file        = /home/daisy/GRB-Search-Pipeline/results/training/maps/short/adapt_p11-715852394892384_a135-0_114_map.h5
  source_tile = 6695
  slew_rate   = 10
  dwell_time  = 5
  output      = /home/daisy/GRB-Search-Pipeline/results/training/short_searching_2.5x2.5_tiling.csv

source = [78.2841, 135], n_src_events = 529, n_bkg_events = 973
Loaded 87 entries (unique=87, duplicates=0, missing=49065, out_of_bounds=0, non-finite=0)
Sum(prob) over finite entries = 0.999999
init sum: 0.999999
num pixels: 49152
tile num: 6781
total tile prob: 0.999999
tiles with prob > 0: 17
total tile prob after trim: 0.999999
num tiles after trim: 17
init_pos: 6660
*********running GCP*********
total time (wallclock): 0.0331588 seconds

$ /home/daisy/GRB-Search-Pipeline/search-planning/build/sp_train /home/daisy/GRB-Search-Pipeline/results/training/maps/short/adapt_p11-715852394892384_a135-0_115_map.h5 /home/daisy/GRB-Search-Pipeline/search-planning/tilings/tiling_files/2.5x2.5_tiling.csv 6695 10.0 10.0 5.0 0 /home/daisy/GRB-Search-Pipeline/results/training/short_searching_2.5x2.5_tiling.csv
Input Parameters:
  file        = /home/daisy/GRB-Search-Pipeline/results/training/maps/short/adapt_p11-715852394892384_a135-0_115_map.h5
  source_tile = 6695
  slew_rate   = 10
  dwell_time  = 5
  output      = /home/daisy/GRB-Search-Pipeline/results/training/short_searching_2.5x2.5_tiling.csv

source = [78.2841, 135], n_src_events = 611, n_bkg_events = 615
Loaded 82 entries (unique=82, duplicates=0, missing=49070, out_of_bounds=0, non-finite=0)
Sum(prob) over finite entries = 0.999999
init sum: 0.999999
num pixels: 49152
tile num: 6781
total tile prob: 0.999999
tiles with prob > 0: 20
total tile prob after trim: 0.999999
num tiles after trim: 20
init_pos: 6616
*********running GCP*********
total time (wallclock): 0.0336695 seconds

$ /home/daisy/GRB-Search-Pipeline/search-planning/build/sp_train /home/daisy/GRB-Search-Pipeline/results/training/maps/short/adapt_p11-715852394892384_a135-0_116_map.h5 /home/daisy/GRB-Search-Pipeline/search-planning/tilings/tiling_files/2.5x2.5_tiling.csv 6695 10.0 10.0 5.0 0 /home/daisy/GRB-Search-Pipeline/results/training/short_searching_2.5x2.5_tiling.csv
Input Parameters:
  file        = /home/daisy/GRB-Search-Pipeline/results/training/maps/short/adapt_p11-715852394892384_a135-0_116_map.h5
  source_tile = 6695
  slew_rate   = 10
  dwell_time  = 5
  output      = /home/daisy/GRB-Search-Pipeline/results/training/short_searching_2.5x2.5_tiling.csv

source = [78.2841, 135], n_src_events = 383, n_bkg_events = 1303
Loaded 418 entries (unique=418, duplicates=0, missing=48734, out_of_bounds=0, non-finite=0)
Sum(prob) over finite entries = 0.999998
init sum: 0.999998
num pixels: 49152
tile num: 6781
total tile prob: 0.999998
tiles with prob > 0: 76
total tile prob after trim: 0.999998
num tiles after trim: 76
init_pos: 6566
*********running GCP*********
total time (wallclock): 0.0345036 seconds

$ /home/daisy/GRB-Search-Pipeline/search-planning/build/sp_train /home/daisy/GRB-Search-Pipeline/results/training/maps/short/adapt_p11-715852394892384_a135-0_117_map.h5 /home/daisy/GRB-Search-Pipeline/search-planning/tilings/tiling_files/2.5x2.5_tiling.csv 6695 10.0 10.0 5.0 0 /home/daisy/GRB-Search-Pipeline/results/training/short_searching_2.5x2.5_tiling.csv
Input Parameters:
  file        = /home/daisy/GRB-Search-Pipeline/results/training/maps/short/adapt_p11-715852394892384_a135-0_117_map.h5
  source_tile = 6695
  slew_rate   = 10
  dwell_time  = 5
  output      = /home/daisy/GRB-Search-Pipeline/results/training/short_searching_2.5x2.5_tiling.csv

source = [78.2841, 135], n_src_events = 489, n_bkg_events = 192
Loaded 82 entries (unique=82, duplicates=0, missing=49070, out_of_bounds=0, non-finite=0)
Sum(prob) over finite entries = 0.999999
init sum: 0.999999
num pixels: 49152
tile num: 6781
total tile prob: 0.999999
tiles with prob > 0: 20
total tile prob after trim: 0.999999
num tiles after trim: 20
init_pos: 6618
*********running GCP*********
total time (wallclock): 0.0327433 seconds

$ /home/daisy/GRB-Search-Pipeline/search-planning/build/sp_train /home/daisy/GRB-Search-Pipeline/results/training/maps/short/adapt_p11-715852394892384_a135-0_118_map.h5 /home/daisy/GRB-Search-Pipeline/search-planning/tilings/tiling_files/2.5x2.5_tiling.csv 6695 10.0 10.0 5.0 0 /home/daisy/GRB-Search-Pipeline/results/training/short_searching_2.5x2.5_tiling.csv
Input Parameters:
  file        = /home/daisy/GRB-Search-Pipeline/results/training/maps/short/adapt_p11-715852394892384_a135-0_118_map.h5
  source_tile = 6695
  slew_rate   = 10
  dwell_time  = 5
  output      = /home/daisy/GRB-Search-Pipeline/results/training/short_searching_2.5x2.5_tiling.csv

source = [78.2841, 135], n_src_events = 624, n_bkg_events = 1725
Loaded 143 entries (unique=143, duplicates=0, missing=49009, out_of_bounds=0, non-finite=0)
Sum(prob) over finite entries = 0.999998
init sum: 0.999998
num pixels: 49152
tile num: 6781
total tile prob: 0.999998
tiles with prob > 0: 31
total tile prob after trim: 0.999998
num tiles after trim: 31
init_pos: 6662
*********running GCP*********
total time (wallclock): 0.0327669 seconds

$ /home/daisy/GRB-Search-Pipeline/search-planning/build/sp_train /home/daisy/GRB-Search-Pipeline/results/training/maps/short/adapt_p11-715852394892384_a135-0_119_map.h5 /home/daisy/GRB-Search-Pipeline/search-planning/tilings/tiling_files/2.5x2.5_tiling.csv 6695 10.0 10.0 5.0 0 /home/daisy/GRB-Search-Pipeline/results/training/short_searching_2.5x2.5_tiling.csv
Input Parameters:
  file        = /home/daisy/GRB-Search-Pipeline/results/training/maps/short/adapt_p11-715852394892384_a135-0_119_map.h5
  source_tile = 6695
  slew_rate   = 10
  dwell_time  = 5
  output      = /home/daisy/GRB-Search-Pipeline/results/training/short_searching_2.5x2.5_tiling.csv

source = [78.2841, 135], n_src_events = 135, n_bkg_events = 1053
Loaded 3420 entries (unique=3420, duplicates=0, missing=45732, out_of_bounds=0, non-finite=0)
Sum(prob) over finite entries = 0.999989
init sum: 0.999989
num pixels: 49152
tile num: 6781
total tile prob: 0.999989
tiles with prob > 0: 569
total tile prob after trim: 0.999989
num tiles after trim: 569
init_pos: 5776
*********running GCP*********
total time (wallclock): 0.560381 seconds

$ /home/daisy/GRB-Search-Pipeline/search-planning/build/sp_train /home/daisy/GRB-Search-Pipeline/results/training/maps/short/adapt_p11-715852394892384_a135-0_11_map.h5 /home/daisy/GRB-Search-Pipeline/search-planning/tilings/tiling_files/2.5x2.5_tiling.csv 6695 10.0 10.0 5.0 0 /home/daisy/GRB-Search-Pipeline/results/training/short_searching_2.5x2.5_tiling.csv
Input Parameters:
  file        = /home/daisy/GRB-Search-Pipeline/results/training/maps/short/adapt_p11-715852394892384_a135-0_11_map.h5
  source_tile = 6695
  slew_rate   = 10
  dwell_time  = 5
  output      = /home/daisy/GRB-Search-Pipeline/results/training/short_searching_2.5x2.5_tiling.csv

source = [78.2841, 135], n_src_events = 141, n_bkg_events = 1516
Loaded 1418 entries (unique=1418, duplicates=0, missing=47734, out_of_bounds=0, non-finite=0)
Sum(prob) over finite entries = 0.999995
init sum: 0.999995
num pixels: 49152
tile num: 6781
total tile prob: 0.999995
tiles with prob > 0: 240
total tile prob after trim: 0.999995
num tiles after trim: 240
init_pos: 6510
*********running GCP*********
total time (wallclock): 0.0628869 seconds

$ /home/daisy/GRB-Search-Pipeline/search-planning/build/sp_train /home/daisy/GRB-Search-Pipeline/results/training/maps/short/adapt_p11-715852394892384_a135-0_120_map.h5 /home/daisy/GRB-Search-Pipeline/search-planning/tilings/tiling_files/2.5x2.5_tiling.csv 6695 10.0 10.0 5.0 0 /home/daisy/GRB-Search-Pipeline/results/training/short_searching_2.5x2.5_tiling.csv
Input Parameters:
  file        = /home/daisy/GRB-Search-Pipeline/results/training/maps/short/adapt_p11-715852394892384_a135-0_120_map.h5
  source_tile = 6695
  slew_rate   = 10
  dwell_time  = 5
  output      = /home/daisy/GRB-Search-Pipeline/results/training/short_searching_2.5x2.5_tiling.csv

source = [78.2841, 135], n_src_events = 503, n_bkg_events = 1578
Loaded 166 entries (unique=166, duplicates=0, missing=48986, out_of_bounds=0, non-finite=0)
Sum(prob) over finite entries = 0.999998
init sum: 0.999998
num pixels: 49152
tile num: 6781
total tile prob: 0.999998
tiles with prob > 0: 35
total tile prob after trim: 0.999998
num tiles after trim: 35
init_pos: 6618
*********running GCP*********
total time (wallclock): 0.033997 seconds

$ /home/daisy/GRB-Search-Pipeline/search-planning/build/sp_train /home/daisy/GRB-Search-Pipeline/results/training/maps/short/adapt_p11-715852394892384_a135-0_121_map.h5 /home/daisy/GRB-Search-Pipeline/search-planning/tilings/tiling_files/2.5x2.5_tiling.csv 6695 10.0 10.0 5.0 0 /home/daisy/GRB-Search-Pipeline/results/training/short_searching_2.5x2.5_tiling.csv
Input Parameters:
  file        = /home/daisy/GRB-Search-Pipeline/results/training/maps/short/adapt_p11-715852394892384_a135-0_121_map.h5
  source_tile = 6695
  slew_rate   = 10
  dwell_time  = 5
  output      = /home/daisy/GRB-Search-Pipeline/results/training/short_searching_2.5x2.5_tiling.csv

source = [78.2841, 135], n_src_events = 119, n_bkg_events = 1327
Loaded 4221 entries (unique=4221, duplicates=0, missing=44931, out_of_bounds=0, non-finite=0)
Sum(prob) over finite entries = 0.999976
init sum: 0.999976
num pixels: 49152
tile num: 6781
total tile prob: 0.999976
tiles with prob > 0: 693
total tile prob after trim: 0.999976
num tiles after trim: 693
init_pos: 5614
*********running GCP*********
total time (wallclock): 10.4718 seconds

$ /home/daisy/GRB-Search-Pipeline/search-planning/build/sp_train /home/daisy/GRB-Search-Pipeline/results/training/maps/short/adapt_p11-715852394892384_a135-0_122_map.h5 /home/daisy/GRB-Search-Pipeline/search-planning/tilings/tiling_files/2.5x2.5_tiling.csv 6695 10.0 10.0 5.0 0 /home/daisy/GRB-Search-Pipeline/results/training/short_searching_2.5x2.5_tiling.csv
Input Parameters:
  file        = /home/daisy/GRB-Search-Pipeline/results/training/maps/short/adapt_p11-715852394892384_a135-0_122_map.h5
  source_tile = 6695
  slew_rate   = 10
  dwell_time  = 5
  output      = /home/daisy/GRB-Search-Pipeline/results/training/short_searching_2.5x2.5_tiling.csv

source = [78.2841, 135], n_src_events = 296, n_bkg_events = 692
Loaded 240 entries (unique=240, duplicates=0, missing=48912, out_of_bounds=0, non-finite=0)
Sum(prob) over finite entries = 0.999998
init sum: 0.999998
num pixels: 49152
tile num: 6781
total tile prob: 0.999998
tiles with prob > 0: 46
total tile prob after trim: 0.999998
num tiles after trim: 46
init_pos: 6693
*********running GCP*********
total time (wallclock): 0.0333202 seconds

$ /home/daisy/GRB-Search-Pipeline/search-planning/build/sp_train /home/daisy/GRB-Search-Pipeline/results/training/maps/short/adapt_p11-715852394892384_a135-0_123_map.h5 /home/daisy/GRB-Search-Pipeline/search-planning/tilings/tiling_files/2.5x2.5_tiling.csv 6695 10.0 10.0 5.0 0 /home/daisy/GRB-Search-Pipeline/results/training/short_searching_2.5x2.5_tiling.csv
Input Parameters:
  file        = /home/daisy/GRB-Search-Pipeline/results/training/maps/short/adapt_p11-715852394892384_a135-0_123_map.h5
  source_tile = 6695
  slew_rate   = 10
  dwell_time  = 5
  output      = /home/daisy/GRB-Search-Pipeline/results/training/short_searching_2.5x2.5_tiling.csv

source = [78.2841, 135], n_src_events = 245, n_bkg_events = 479
Loaded 525 entries (unique=525, duplicates=0, missing=48627, out_of_bounds=0, non-finite=0)
Sum(prob) over finite entries = 0.999997
init sum: 0.999997
num pixels: 49152
tile num: 6781
total tile prob: 0.999997
tiles with prob > 0: 104
total tile prob after trim: 0.999997
num tiles after trim: 104
init_pos: 6659
*********running GCP*********
total time (wallclock): 0.0397283 seconds

$ /home/daisy/GRB-Search-Pipeline/search-planning/build/sp_train /home/daisy/GRB-Search-Pipeline/results/training/maps/short/adapt_p11-715852394892384_a135-0_124_map.h5 /home/daisy/GRB-Search-Pipeline/search-planning/tilings/tiling_files/2.5x2.5_tiling.csv 6695 10.0 10.0 5.0 0 /home/daisy/GRB-Search-Pipeline/results/training/short_searching_2.5x2.5_tiling.csv
Input Parameters:
  file        = /home/daisy/GRB-Search-Pipeline/results/training/maps/short/adapt_p11-715852394892384_a135-0_124_map.h5
  source_tile = 6695
  slew_rate   = 10
  dwell_time  = 5
  output      = /home/daisy/GRB-Search-Pipeline/results/training/short_searching_2.5x2.5_tiling.csv

source = [78.2841, 135], n_src_events = 382, n_bkg_events = 845
Loaded 202 entries (unique=202, duplicates=0, missing=48950, out_of_bounds=0, non-finite=0)
Sum(prob) over finite entries = 0.999999
init sum: 0.999999
num pixels: 49152
tile num: 6781
total tile prob: 0.999999
tiles with prob > 0: 37
total tile prob after trim: 0.999999
num tiles after trim: 37
init_pos: 6697
*********running GCP*********
total time (wallclock): 0.0477418 seconds

$ /home/daisy/GRB-Search-Pipeline/search-planning/build/sp_train /home/daisy/GRB-Search-Pipeline/results/training/maps/short/adapt_p11-715852394892384_a135-0_125_map.h5 /home/daisy/GRB-Search-Pipeline/search-planning/tilings/tiling_files/2.5x2.5_tiling.csv 6695 10.0 10.0 5.0 0 /home/daisy/GRB-Search-Pipeline/results/training/short_searching_2.5x2.5_tiling.csv
Input Parameters:
  file        = /home/daisy/GRB-Search-Pipeline/results/training/maps/short/adapt_p11-715852394892384_a135-0_125_map.h5
  source_tile = 6695
  slew_rate   = 10
  dwell_time  = 5
  output      = /home/daisy/GRB-Search-Pipeline/results/training/short_searching_2.5x2.5_tiling.csv

source = [78.2841, 135], n_src_events = 277, n_bkg_events = 665
Loaded 280 entries (unique=280, duplicates=0, missing=48872, out_of_bounds=0, non-finite=0)
Sum(prob) over finite entries = 0.999998
init sum: 0.999998
num pixels: 49152
tile num: 6781
total tile prob: 0.999998
tiles with prob > 0: 51
total tile prob after trim: 0.999998
num tiles after trim: 51
init_pos: 6725
*********running GCP*********
total time (wallclock): 0.0335686 seconds

$ /home/daisy/GRB-Search-Pipeline/search-planning/build/sp_train /home/daisy/GRB-Search-Pipeline/results/training/maps/short/adapt_p11-715852394892384_a135-0_126_map.h5 /home/daisy/GRB-Search-Pipeline/search-planning/tilings/tiling_files/2.5x2.5_tiling.csv 6695 10.0 10.0 5.0 0 /home/daisy/GRB-Search-Pipeline/results/training/short_searching_2.5x2.5_tiling.csv
Input Parameters:
  file        = /home/daisy/GRB-Search-Pipeline/results/training/maps/short/adapt_p11-715852394892384_a135-0_126_map.h5
  source_tile = 6695
  slew_rate   = 10
  dwell_time  = 5
  output      = /home/daisy/GRB-Search-Pipeline/results/training/short_searching_2.5x2.5_tiling.csv

source = [78.2841, 135], n_src_events = 431, n_bkg_events = 1233
Loaded 196 entries (unique=196, duplicates=0, missing=48956, out_of_bounds=0, non-finite=0)
Sum(prob) over finite entries = 0.999998
init sum: 0.999998
num pixels: 49152
tile num: 6781
total tile prob: 0.999998
tiles with prob > 0: 41
total tile prob after trim: 0.999998
num tiles after trim: 41
init_pos: 6726
*********running GCP*********
total time (wallclock): 0.0328908 seconds

$ /home/daisy/GRB-Search-Pipeline/search-planning/build/sp_train /home/daisy/GRB-Search-Pipeline/results/training/maps/short/adapt_p11-715852394892384_a135-0_127_map.h5 /home/daisy/GRB-Search-Pipeline/search-planning/tilings/tiling_files/2.5x2.5_tiling.csv 6695 10.0 10.0 5.0 0 /home/daisy/GRB-Search-Pipeline/results/training/short_searching_2.5x2.5_tiling.csv
Input Parameters:
  file        = /home/daisy/GRB-Search-Pipeline/results/training/maps/short/adapt_p11-715852394892384_a135-0_127_map.h5
  source_tile = 6695
  slew_rate   = 10
  dwell_time  = 5
  output      = /home/daisy/GRB-Search-Pipeline/results/training/short_searching_2.5x2.5_tiling.csv

source = [78.2841, 135], n_src_events = 106, n_bkg_events = 969
Loaded 956 entries (unique=956, duplicates=0, missing=48196, out_of_bounds=0, non-finite=0)
Sum(prob) over finite entries = 0.999999
init sum: 0.999999
num pixels: 49152
tile num: 6781
total tile prob: 0.999999
tiles with prob > 0: 171
total tile prob after trim: 0.999999
num tiles after trim: 171
init_pos: 6692
*********running GCP*********
total time (wallclock): 0.045836 seconds

$ /home/daisy/GRB-Search-Pipeline/search-planning/build/sp_train /home/daisy/GRB-Search-Pipeline/results/training/maps/short/adapt_p11-715852394892384_a135-0_128_map.h5 /home/daisy/GRB-Search-Pipeline/search-planning/tilings/tiling_files/2.5x2.5_tiling.csv 6695 10.0 10.0 5.0 0 /home/daisy/GRB-Search-Pipeline/results/training/short_searching_2.5x2.5_tiling.csv
Input Parameters:
  file        = /home/daisy/GRB-Search-Pipeline/results/training/maps/short/adapt_p11-715852394892384_a135-0_128_map.h5
  source_tile = 6695
  slew_rate   = 10
  dwell_time  = 5
  output      = /home/daisy/GRB-Search-Pipeline/results/training/short_searching_2.5x2.5_tiling.csv

source = [78.2841, 135], n_src_events = 721, n_bkg_events = 249
Loaded 51 entries (unique=51, duplicates=0, missing=49101, out_of_bounds=0, non-finite=0)
Sum(prob) over finite entries = 0.999998
init sum: 0.999998
num pixels: 49152
tile num: 6781
total tile prob: 0.999998
tiles with prob > 0: 15
total tile prob after trim: 0.999998
num tiles after trim: 15
init_pos: 6694
*********running GCP*********
total time (wallclock): 0.032046 seconds

$ /home/daisy/GRB-Search-Pipeline/search-planning/build/sp_train /home/daisy/GRB-Search-Pipeline/results/training/maps/short/adapt_p11-715852394892384_a135-0_129_map.h5 /home/daisy/GRB-Search-Pipeline/search-planning/tilings/tiling_files/2.5x2.5_tiling.csv 6695 10.0 10.0 5.0 0 /home/daisy/GRB-Search-Pipeline/results/training/short_searching_2.5x2.5_tiling.csv
Input Parameters:
  file        = /home/daisy/GRB-Search-Pipeline/results/training/maps/short/adapt_p11-715852394892384_a135-0_129_map.h5
  source_tile = 6695
  slew_rate   = 10
  dwell_time  = 5
  output      = /home/daisy/GRB-Search-Pipeline/results/training/short_searching_2.5x2.5_tiling.csv

source = [78.2841, 135], n_src_events = 640, n_bkg_events = 1369
Loaded 121 entries (unique=121, duplicates=0, missing=49031, out_of_bounds=0, non-finite=0)
Sum(prob) over finite entries = 0.999998
init sum: 0.999998
num pixels: 49152
tile num: 6781
total tile prob: 0.999998
tiles with prob > 0: 26
total tile prob after trim: 0.999998
num tiles after trim: 26
init_pos: 6619
*********running GCP*********
total time (wallclock): 0.032532 seconds

$ /home/daisy/GRB-Search-Pipeline/search-planning/build/sp_train /home/daisy/GRB-Search-Pipeline/results/training/maps/short/adapt_p11-715852394892384_a135-0_12_map.h5 /home/daisy/GRB-Search-Pipeline/search-planning/tilings/tiling_files/2.5x2.5_tiling.csv 6695 10.0 10.0 5.0 0 /home/daisy/GRB-Search-Pipeline/results/training/short_searching_2.5x2.5_tiling.csv
Input Parameters:
  file        = /home/daisy/GRB-Search-Pipeline/results/training/maps/short/adapt_p11-715852394892384_a135-0_12_map.h5
  source_tile = 6695
  slew_rate   = 10
  dwell_time  = 5
  output      = /home/daisy/GRB-Search-Pipeline/results/training/short_searching_2.5x2.5_tiling.csv

source = [78.2841, 135], n_src_events = 708, n_bkg_events = 737
Loaded 60 entries (unique=60, duplicates=0, missing=49092, out_of_bounds=0, non-finite=0)
Sum(prob) over finite entries = 0.999999
init sum: 0.999999
num pixels: 49152
tile num: 6781
total tile prob: 0.999999
tiles with prob > 0: 12
total tile prob after trim: 0.999999
num tiles after trim: 12
init_pos: 6695
*********running GCP*********
total time (wallclock): 0.0310838 seconds

$ /home/daisy/GRB-Search-Pipeline/search-planning/build/sp_train /home/daisy/GRB-Search-Pipeline/results/training/maps/short/adapt_p11-715852394892384_a135-0_130_map.h5 /home/daisy/GRB-Search-Pipeline/search-planning/tilings/tiling_files/2.5x2.5_tiling.csv 6695 10.0 10.0 5.0 0 /home/daisy/GRB-Search-Pipeline/results/training/short_searching_2.5x2.5_tiling.csv
Input Parameters:
  file        = /home/daisy/GRB-Search-Pipeline/results/training/maps/short/adapt_p11-715852394892384_a135-0_130_map.h5
  source_tile = 6695
  slew_rate   = 10
  dwell_time  = 5
  output      = /home/daisy/GRB-Search-Pipeline/results/training/short_searching_2.5x2.5_tiling.csv

source = [78.2841, 135], n_src_events = 697, n_bkg_events = 162
Loaded 66 entries (unique=66, duplicates=0, missing=49086, out_of_bounds=0, non-finite=0)
Sum(prob) over finite entries = 0.999999
init sum: 0.999999
num pixels: 49152
tile num: 6781
total tile prob: 0.999999
tiles with prob > 0: 17
total tile prob after trim: 0.999999
num tiles after trim: 17
init_pos: 6694
*********running GCP*********
total time (wallclock): 0.0314224 seconds

$ /home/daisy/GRB-Search-Pipeline/search-planning/build/sp_train /home/daisy/GRB-Search-Pipeline/results/training/maps/short/adapt_p11-715852394892384_a135-0_131_map.h5 /home/daisy/GRB-Search-Pipeline/search-planning/tilings/tiling_files/2.5x2.5_tiling.csv 6695 10.0 10.0 5.0 0 /home/daisy/GRB-Search-Pipeline/results/training/short_searching_2.5x2.5_tiling.csv
Input Parameters:
  file        = /home/daisy/GRB-Search-Pipeline/results/training/maps/short/adapt_p11-715852394892384_a135-0_131_map.h5
  source_tile = 6695
  slew_rate   = 10
  dwell_time  = 5
  output      = /home/daisy/GRB-Search-Pipeline/results/training/short_searching_2.5x2.5_tiling.csv

source = [78.2841, 135], n_src_events = 735, n_bkg_events = 1478
Loaded 86 entries (unique=86, duplicates=0, missing=49066, out_of_bounds=0, non-finite=0)
Sum(prob) over finite entries = 0.999998
init sum: 0.999998
num pixels: 49152
tile num: 6781
total tile prob: 0.999998
tiles with prob > 0: 20
total tile prob after trim: 0.999998
num tiles after trim: 20
init_pos: 6662
*********running GCP*********
total time (wallclock): 0.0325107 seconds

$ /home/daisy/GRB-Search-Pipeline/search-planning/build/sp_train /home/daisy/GRB-Search-Pipeline/results/training/maps/short/adapt_p11-715852394892384_a135-0_132_map.h5 /home/daisy/GRB-Search-Pipeline/search-planning/tilings/tiling_files/2.5x2.5_tiling.csv 6695 10.0 10.0 5.0 0 /home/daisy/GRB-Search-Pipeline/results/training/short_searching_2.5x2.5_tiling.csv
Input Parameters:
  file        = /home/daisy/GRB-Search-Pipeline/results/training/maps/short/adapt_p11-715852394892384_a135-0_132_map.h5
  source_tile = 6695
  slew_rate   = 10
  dwell_time  = 5
  output      = /home/daisy/GRB-Search-Pipeline/results/training/short_searching_2.5x2.5_tiling.csv

source = [78.2841, 135], n_src_events = 219, n_bkg_events = 352
Loaded 257 entries (unique=257, duplicates=0, missing=48895, out_of_bounds=0, non-finite=0)
Sum(prob) over finite entries = 0.999999
init sum: 0.999999
num pixels: 49152
tile num: 6781
total tile prob: 0.999999
tiles with prob > 0: 47
total tile prob after trim: 0.999999
num tiles after trim: 47
init_pos: 6658
*********running GCP*********
total time (wallclock): 0.0343129 seconds

$ /home/daisy/GRB-Search-Pipeline/search-planning/build/sp_train /home/daisy/GRB-Search-Pipeline/results/training/maps/short/adapt_p11-715852394892384_a135-0_133_map.h5 /home/daisy/GRB-Search-Pipeline/search-planning/tilings/tiling_files/2.5x2.5_tiling.csv 6695 10.0 10.0 5.0 0 /home/daisy/GRB-Search-Pipeline/results/training/short_searching_2.5x2.5_tiling.csv
Input Parameters:
  file        = /home/daisy/GRB-Search-Pipeline/results/training/maps/short/adapt_p11-715852394892384_a135-0_133_map.h5
  source_tile = 6695
  slew_rate   = 10
  dwell_time  = 5
  output      = /home/daisy/GRB-Search-Pipeline/results/training/short_searching_2.5x2.5_tiling.csv

source = [78.2841, 135], n_src_events = 339, n_bkg_events = 285
Loaded 113 entries (unique=113, duplicates=0, missing=49039, out_of_bounds=0, non-finite=0)
Sum(prob) over finite entries = 0.999999
init sum: 0.999999
num pixels: 49152
tile num: 6781
total tile prob: 0.999999
tiles with prob > 0: 26
total tile prob after trim: 0.999999
num tiles after trim: 26
init_pos: 6696
*********running GCP*********
total time (wallclock): 0.0331931 seconds

$ /home/daisy/GRB-Search-Pipeline/search-planning/build/sp_train /home/daisy/GRB-Search-Pipeline/results/training/maps/short/adapt_p11-715852394892384_a135-0_134_map.h5 /home/daisy/GRB-Search-Pipeline/search-planning/tilings/tiling_files/2.5x2.5_tiling.csv 6695 10.0 10.0 5.0 0 /home/daisy/GRB-Search-Pipeline/results/training/short_searching_2.5x2.5_tiling.csv
Input Parameters:
  file        = /home/daisy/GRB-Search-Pipeline/results/training/maps/short/adapt_p11-715852394892384_a135-0_134_map.h5
  source_tile = 6695
  slew_rate   = 10
  dwell_time  = 5
  output      = /home/daisy/GRB-Search-Pipeline/results/training/short_searching_2.5x2.5_tiling.csv

source = [78.2841, 135], n_src_events = 115, n_bkg_events = 1353
Loaded 3041 entries (unique=3041, duplicates=0, missing=46111, out_of_bounds=0, non-finite=0)
Sum(prob) over finite entries = 0.999997
init sum: 0.999997
num pixels: 49152
tile num: 6781
total tile prob: 0.999997
tiles with prob > 0: 479
total tile prob after trim: 0.999997
num tiles after trim: 479
init_pos: 6634
*********running GCP*********
total time (wallclock): 0.0741321 seconds

$ /home/daisy/GRB-Search-Pipeline/search-planning/build/sp_train /home/daisy/GRB-Search-Pipeline/results/training/maps/short/adapt_p11-715852394892384_a135-0_135_map.h5 /home/daisy/GRB-Search-Pipeline/search-planning/tilings/tiling_files/2.5x2.5_tiling.csv 6695 10.0 10.0 5.0 0 /home/daisy/GRB-Search-Pipeline/results/training/short_searching_2.5x2.5_tiling.csv
Input Parameters:
  file        = /home/daisy/GRB-Search-Pipeline/results/training/maps/short/adapt_p11-715852394892384_a135-0_135_map.h5
  source_tile = 6695
  slew_rate   = 10
  dwell_time  = 5
  output      = /home/daisy/GRB-Search-Pipeline/results/training/short_searching_2.5x2.5_tiling.csv

source = [78.2841, 135], n_src_events = 601, n_bkg_events = 322
Loaded 102 entries (unique=102, duplicates=0, missing=49050, out_of_bounds=0, non-finite=0)
Sum(prob) over finite entries = 0.999999
init sum: 0.999999
num pixels: 49152
tile num: 6781
total tile prob: 0.999999
tiles with prob > 0: 24
total tile prob after trim: 0.999999
num tiles after trim: 24
init_pos: 6697
*********running GCP*********
total time (wallclock): 0.0330158 seconds

$ /home/daisy/GRB-Search-Pipeline/search-planning/build/sp_train /home/daisy/GRB-Search-Pipeline/results/training/maps/short/adapt_p11-715852394892384_a135-0_136_map.h5 /home/daisy/GRB-Search-Pipeline/search-planning/tilings/tiling_files/2.5x2.5_tiling.csv 6695 10.0 10.0 5.0 0 /home/daisy/GRB-Search-Pipeline/results/training/short_searching_2.5x2.5_tiling.csv
Input Parameters:
  file        = /home/daisy/GRB-Search-Pipeline/results/training/maps/short/adapt_p11-715852394892384_a135-0_136_map.h5
  source_tile = 6695
  slew_rate   = 10
  dwell_time  = 5
  output      = /home/daisy/GRB-Search-Pipeline/results/training/short_searching_2.5x2.5_tiling.csv

source = [78.2841, 135], n_src_events = 411, n_bkg_events = 994
Loaded 154 entries (unique=154, duplicates=0, missing=48998, out_of_bounds=0, non-finite=0)
Sum(prob) over finite entries = 0.999998
init sum: 0.999998
num pixels: 49152
tile num: 6781
total tile prob: 0.999998
tiles with prob > 0: 30
total tile prob after trim: 0.999998
num tiles after trim: 30
init_pos: 6618
*********running GCP*********
total time (wallclock): 0.0339509 seconds

$ /home/daisy/GRB-Search-Pipeline/search-planning/build/sp_train /home/daisy/GRB-Search-Pipeline/results/training/maps/short/adapt_p11-715852394892384_a135-0_137_map.h5 /home/daisy/GRB-Search-Pipeline/search-planning/tilings/tiling_files/2.5x2.5_tiling.csv 6695 10.0 10.0 5.0 0 /home/daisy/GRB-Search-Pipeline/results/training/short_searching_2.5x2.5_tiling.csv
Input Parameters:
  file        = /home/daisy/GRB-Search-Pipeline/results/training/maps/short/adapt_p11-715852394892384_a135-0_137_map.h5
  source_tile = 6695
  slew_rate   = 10
  dwell_time  = 5
  output      = /home/daisy/GRB-Search-Pipeline/results/training/short_searching_2.5x2.5_tiling.csv

source = [78.2841, 135], n_src_events = 465, n_bkg_events = 395
Loaded 85 entries (unique=85, duplicates=0, missing=49067, out_of_bounds=0, non-finite=0)
Sum(prob) over finite entries = 0.999998
init sum: 0.999998
num pixels: 49152
tile num: 6781
total tile prob: 0.999998
tiles with prob > 0: 18
total tile prob after trim: 0.999998
num tiles after trim: 18
init_pos: 6659
*********running GCP*********
total time (wallclock): 0.0324856 seconds

$ /home/daisy/GRB-Search-Pipeline/search-planning/build/sp_train /home/daisy/GRB-Search-Pipeline/results/training/maps/short/adapt_p11-715852394892384_a135-0_138_map.h5 /home/daisy/GRB-Search-Pipeline/search-planning/tilings/tiling_files/2.5x2.5_tiling.csv 6695 10.0 10.0 5.0 0 /home/daisy/GRB-Search-Pipeline/results/training/short_searching_2.5x2.5_tiling.csv
Input Parameters:
  file        = /home/daisy/GRB-Search-Pipeline/results/training/maps/short/adapt_p11-715852394892384_a135-0_138_map.h5
  source_tile = 6695
  slew_rate   = 10
  dwell_time  = 5
  output      = /home/daisy/GRB-Search-Pipeline/results/training/short_searching_2.5x2.5_tiling.csv

source = [78.2841, 135], n_src_events = 394, n_bkg_events = 390
Loaded 114 entries (unique=114, duplicates=0, missing=49038, out_of_bounds=0, non-finite=0)
Sum(prob) over finite entries = 0.999998
init sum: 0.999998
num pixels: 49152
tile num: 6781
total tile prob: 0.999998
tiles with prob > 0: 25
total tile prob after trim: 0.999998
num tiles after trim: 25
init_pos: 6618
*********running GCP*********
total time (wallclock): 0.0325044 seconds

$ /home/daisy/GRB-Search-Pipeline/search-planning/build/sp_train /home/daisy/GRB-Search-Pipeline/results/training/maps/short/adapt_p11-715852394892384_a135-0_139_map.h5 /home/daisy/GRB-Search-Pipeline/search-planning/tilings/tiling_files/2.5x2.5_tiling.csv 6695 10.0 10.0 5.0 0 /home/daisy/GRB-Search-Pipeline/results/training/short_searching_2.5x2.5_tiling.csv
Input Parameters:
  file        = /home/daisy/GRB-Search-Pipeline/results/training/maps/short/adapt_p11-715852394892384_a135-0_139_map.h5
  source_tile = 6695
  slew_rate   = 10
  dwell_time  = 5
  output      = /home/daisy/GRB-Search-Pipeline/results/training/short_searching_2.5x2.5_tiling.csv

source = [78.2841, 135], n_src_events = 596, n_bkg_events = 1390
Loaded 139 entries (unique=139, duplicates=0, missing=49013, out_of_bounds=0, non-finite=0)
Sum(prob) over finite entries = 0.999998
init sum: 0.999998
num pixels: 49152
tile num: 6781
total tile prob: 0.999998
tiles with prob > 0: 30
total tile prob after trim: 0.999998
num tiles after trim: 30
init_pos: 6619
*********running GCP*********
total time (wallclock): 0.0324277 seconds

$ /home/daisy/GRB-Search-Pipeline/search-planning/build/sp_train /home/daisy/GRB-Search-Pipeline/results/training/maps/short/adapt_p11-715852394892384_a135-0_13_map.h5 /home/daisy/GRB-Search-Pipeline/search-planning/tilings/tiling_files/2.5x2.5_tiling.csv 6695 10.0 10.0 5.0 0 /home/daisy/GRB-Search-Pipeline/results/training/short_searching_2.5x2.5_tiling.csv
Input Parameters:
  file        = /home/daisy/GRB-Search-Pipeline/results/training/maps/short/adapt_p11-715852394892384_a135-0_13_map.h5
  source_tile = 6695
  slew_rate   = 10
  dwell_time  = 5
  output      = /home/daisy/GRB-Search-Pipeline/results/training/short_searching_2.5x2.5_tiling.csv

source = [78.2841, 135], n_src_events = 69, n_bkg_events = 1745
Loaded 2790 entries (unique=2790, duplicates=0, missing=46362, out_of_bounds=0, non-finite=0)
Sum(prob) over finite entries = 0.999992
init sum: 0.999992
num pixels: 49152
tile num: 6781
total tile prob: 0.999992
tiles with prob > 0: 449
total tile prob after trim: 0.999992
num tiles after trim: 449
init_pos: 5483
*********running GCP*********
total time (wallclock): 0.120127 seconds

$ /home/daisy/GRB-Search-Pipeline/search-planning/build/sp_train /home/daisy/GRB-Search-Pipeline/results/training/maps/short/adapt_p11-715852394892384_a135-0_140_map.h5 /home/daisy/GRB-Search-Pipeline/search-planning/tilings/tiling_files/2.5x2.5_tiling.csv 6695 10.0 10.0 5.0 0 /home/daisy/GRB-Search-Pipeline/results/training/short_searching_2.5x2.5_tiling.csv
Input Parameters:
  file        = /home/daisy/GRB-Search-Pipeline/results/training/maps/short/adapt_p11-715852394892384_a135-0_140_map.h5
  source_tile = 6695
  slew_rate   = 10
  dwell_time  = 5
  output      = /home/daisy/GRB-Search-Pipeline/results/training/short_searching_2.5x2.5_tiling.csv

source = [78.2841, 135], n_src_events = 375, n_bkg_events = 1734
Loaded 267 entries (unique=267, duplicates=0, missing=48885, out_of_bounds=0, non-finite=0)
Sum(prob) over finite entries = 0.999999
init sum: 0.999999
num pixels: 49152
tile num: 6781
total tile prob: 0.999999
tiles with prob > 0: 53
total tile prob after trim: 0.999999
num tiles after trim: 53
init_pos: 6661
*********running GCP*********
total time (wallclock): 0.0348817 seconds

$ /home/daisy/GRB-Search-Pipeline/search-planning/build/sp_train /home/daisy/GRB-Search-Pipeline/results/training/maps/short/adapt_p11-715852394892384_a135-0_141_map.h5 /home/daisy/GRB-Search-Pipeline/search-planning/tilings/tiling_files/2.5x2.5_tiling.csv 6695 10.0 10.0 5.0 0 /home/daisy/GRB-Search-Pipeline/results/training/short_searching_2.5x2.5_tiling.csv
Input Parameters:
  file        = /home/daisy/GRB-Search-Pipeline/results/training/maps/short/adapt_p11-715852394892384_a135-0_141_map.h5
  source_tile = 6695
  slew_rate   = 10
  dwell_time  = 5
  output      = /home/daisy/GRB-Search-Pipeline/results/training/short_searching_2.5x2.5_tiling.csv

source = [78.2841, 135], n_src_events = 482, n_bkg_events = 1767
Loaded 120 entries (unique=120, duplicates=0, missing=49032, out_of_bounds=0, non-finite=0)
Sum(prob) over finite entries = 0.999999
init sum: 0.999999
num pixels: 49152
tile num: 6781
total tile prob: 0.999999
tiles with prob > 0: 26
total tile prob after trim: 0.999999
num tiles after trim: 26
init_pos: 6661
*********running GCP*********
total time (wallclock): 0.0328079 seconds

$ /home/daisy/GRB-Search-Pipeline/search-planning/build/sp_train /home/daisy/GRB-Search-Pipeline/results/training/maps/short/adapt_p11-715852394892384_a135-0_142_map.h5 /home/daisy/GRB-Search-Pipeline/search-planning/tilings/tiling_files/2.5x2.5_tiling.csv 6695 10.0 10.0 5.0 0 /home/daisy/GRB-Search-Pipeline/results/training/short_searching_2.5x2.5_tiling.csv
Input Parameters:
  file        = /home/daisy/GRB-Search-Pipeline/results/training/maps/short/adapt_p11-715852394892384_a135-0_142_map.h5
  source_tile = 6695
  slew_rate   = 10
  dwell_time  = 5
  output      = /home/daisy/GRB-Search-Pipeline/results/training/short_searching_2.5x2.5_tiling.csv

source = [78.2841, 135], n_src_events = 524, n_bkg_events = 1091
Loaded 138 entries (unique=138, duplicates=0, missing=49014, out_of_bounds=0, non-finite=0)
Sum(prob) over finite entries = 0.999999
init sum: 0.999999
num pixels: 49152
tile num: 6781
total tile prob: 0.999999
tiles with prob > 0: 28
total tile prob after trim: 0.999999
num tiles after trim: 28
init_pos: 6696
*********running GCP*********
total time (wallclock): 0.0322971 seconds

$ /home/daisy/GRB-Search-Pipeline/search-planning/build/sp_train /home/daisy/GRB-Search-Pipeline/results/training/maps/short/adapt_p11-715852394892384_a135-0_143_map.h5 /home/daisy/GRB-Search-Pipeline/search-planning/tilings/tiling_files/2.5x2.5_tiling.csv 6695 10.0 10.0 5.0 0 /home/daisy/GRB-Search-Pipeline/results/training/short_searching_2.5x2.5_tiling.csv
Input Parameters:
  file        = /home/daisy/GRB-Search-Pipeline/results/training/maps/short/adapt_p11-715852394892384_a135-0_143_map.h5
  source_tile = 6695
  slew_rate   = 10
  dwell_time  = 5
  output      = /home/daisy/GRB-Search-Pipeline/results/training/short_searching_2.5x2.5_tiling.csv

source = [78.2841, 135], n_src_events = 673, n_bkg_events = 1355
Loaded 70 entries (unique=70, duplicates=0, missing=49082, out_of_bounds=0, non-finite=0)
Sum(prob) over finite entries = 0.999999
init sum: 0.999999
num pixels: 49152
tile num: 6781
total tile prob: 0.999999
tiles with prob > 0: 14
total tile prob after trim: 0.999999
num tiles after trim: 14
init_pos: 6695
*********running GCP*********
total time (wallclock): 0.0309079 seconds

$ /home/daisy/GRB-Search-Pipeline/search-planning/build/sp_train /home/daisy/GRB-Search-Pipeline/results/training/maps/short/adapt_p11-715852394892384_a135-0_144_map.h5 /home/daisy/GRB-Search-Pipeline/search-planning/tilings/tiling_files/2.5x2.5_tiling.csv 6695 10.0 10.0 5.0 0 /home/daisy/GRB-Search-Pipeline/results/training/short_searching_2.5x2.5_tiling.csv
Input Parameters:
  file        = /home/daisy/GRB-Search-Pipeline/results/training/maps/short/adapt_p11-715852394892384_a135-0_144_map.h5
  source_tile = 6695
  slew_rate   = 10
  dwell_time  = 5
  output      = /home/daisy/GRB-Search-Pipeline/results/training/short_searching_2.5x2.5_tiling.csv

source = [78.2841, 135], n_src_events = 610, n_bkg_events = 430
Loaded 68 entries (unique=68, duplicates=0, missing=49084, out_of_bounds=0, non-finite=0)
Sum(prob) over finite entries = 0.999999
init sum: 0.999999
num pixels: 49152
tile num: 6781
total tile prob: 0.999999
tiles with prob > 0: 17
total tile prob after trim: 0.999999
num tiles after trim: 17
init_pos: 6617
*********running GCP*********
total time (wallclock): 0.0339427 seconds

$ /home/daisy/GRB-Search-Pipeline/search-planning/build/sp_train /home/daisy/GRB-Search-Pipeline/results/training/maps/short/adapt_p11-715852394892384_a135-0_145_map.h5 /home/daisy/GRB-Search-Pipeline/search-planning/tilings/tiling_files/2.5x2.5_tiling.csv 6695 10.0 10.0 5.0 0 /home/daisy/GRB-Search-Pipeline/results/training/short_searching_2.5x2.5_tiling.csv
Input Parameters:
  file        = /home/daisy/GRB-Search-Pipeline/results/training/maps/short/adapt_p11-715852394892384_a135-0_145_map.h5
  source_tile = 6695
  slew_rate   = 10
  dwell_time  = 5
  output      = /home/daisy/GRB-Search-Pipeline/results/training/short_searching_2.5x2.5_tiling.csv

source = [78.2841, 135], n_src_events = 234, n_bkg_events = 563
Loaded 328 entries (unique=328, duplicates=0, missing=48824, out_of_bounds=0, non-finite=0)
Sum(prob) over finite entries = 0.999999
init sum: 0.999999
num pixels: 49152
tile num: 6781
total tile prob: 0.999999
tiles with prob > 0: 68
total tile prob after trim: 0.999999
num tiles after trim: 68
init_pos: 6697
*********running GCP*********
total time (wallclock): 0.0311797 seconds

$ /home/daisy/GRB-Search-Pipeline/search-planning/build/sp_train /home/daisy/GRB-Search-Pipeline/results/training/maps/short/adapt_p11-715852394892384_a135-0_146_map.h5 /home/daisy/GRB-Search-Pipeline/search-planning/tilings/tiling_files/2.5x2.5_tiling.csv 6695 10.0 10.0 5.0 0 /home/daisy/GRB-Search-Pipeline/results/training/short_searching_2.5x2.5_tiling.csv
Input Parameters:
  file        = /home/daisy/GRB-Search-Pipeline/results/training/maps/short/adapt_p11-715852394892384_a135-0_146_map.h5
  source_tile = 6695
  slew_rate   = 10
  dwell_time  = 5
  output      = /home/daisy/GRB-Search-Pipeline/results/training/short_searching_2.5x2.5_tiling.csv

source = [78.2841, 135], n_src_events = 371, n_bkg_events = 484
Loaded 164 entries (unique=164, duplicates=0, missing=48988, out_of_bounds=0, non-finite=0)
Sum(prob) over finite entries = 0.999998
init sum: 0.999998
num pixels: 49152
tile num: 6781
total tile prob: 0.999998
tiles with prob > 0: 33
total tile prob after trim: 0.999998
num tiles after trim: 33
init_pos: 6727
*********running GCP*********
total time (wallclock): 0.0329389 seconds

$ /home/daisy/GRB-Search-Pipeline/search-planning/build/sp_train /home/daisy/GRB-Search-Pipeline/results/training/maps/short/adapt_p11-715852394892384_a135-0_147_map.h5 /home/daisy/GRB-Search-Pipeline/search-planning/tilings/tiling_files/2.5x2.5_tiling.csv 6695 10.0 10.0 5.0 0 /home/daisy/GRB-Search-Pipeline/results/training/short_searching_2.5x2.5_tiling.csv
Input Parameters:
  file        = /home/daisy/GRB-Search-Pipeline/results/training/maps/short/adapt_p11-715852394892384_a135-0_147_map.h5
  source_tile = 6695
  slew_rate   = 10
  dwell_time  = 5
  output      = /home/daisy/GRB-Search-Pipeline/results/training/short_searching_2.5x2.5_tiling.csv

source = [78.2841, 135], n_src_events = 743, n_bkg_events = 284
Loaded 68 entries (unique=68, duplicates=0, missing=49084, out_of_bounds=0, non-finite=0)
Sum(prob) over finite entries = 0.999999
init sum: 0.999999
num pixels: 49152
tile num: 6781
total tile prob: 0.999999
tiles with prob > 0: 18
total tile prob after trim: 0.999999
num tiles after trim: 18
init_pos: 6660
*********running GCP*********
total time (wallclock): 0.0317912 seconds

$ /home/daisy/GRB-Search-Pipeline/search-planning/build/sp_train /home/daisy/GRB-Search-Pipeline/results/training/maps/short/adapt_p11-715852394892384_a135-0_148_map.h5 /home/daisy/GRB-Search-Pipeline/search-planning/tilings/tiling_files/2.5x2.5_tiling.csv 6695 10.0 10.0 5.0 0 /home/daisy/GRB-Search-Pipeline/results/training/short_searching_2.5x2.5_tiling.csv
Input Parameters:
  file        = /home/daisy/GRB-Search-Pipeline/results/training/maps/short/adapt_p11-715852394892384_a135-0_148_map.h5
  source_tile = 6695
  slew_rate   = 10
  dwell_time  = 5
  output      = /home/daisy/GRB-Search-Pipeline/results/training/short_searching_2.5x2.5_tiling.csv

source = [78.2841, 135], n_src_events = 123, n_bkg_events = 1695
Loaded 1313 entries (unique=1313, duplicates=0, missing=47839, out_of_bounds=0, non-finite=0)
Sum(prob) over finite entries = 0.999997
init sum: 0.999997
num pixels: 49152
tile num: 6781
total tile prob: 0.999997
tiles with prob > 0: 210
total tile prob after trim: 0.999997
num tiles after trim: 210
init_pos: 6576
*********running GCP*********
total time (wallclock): 0.176575 seconds

$ /home/daisy/GRB-Search-Pipeline/search-planning/build/sp_train /home/daisy/GRB-Search-Pipeline/results/training/maps/short/adapt_p11-715852394892384_a135-0_149_map.h5 /home/daisy/GRB-Search-Pipeline/search-planning/tilings/tiling_files/2.5x2.5_tiling.csv 6695 10.0 10.0 5.0 0 /home/daisy/GRB-Search-Pipeline/results/training/short_searching_2.5x2.5_tiling.csv
Input Parameters:
  file        = /home/daisy/GRB-Search-Pipeline/results/training/maps/short/adapt_p11-715852394892384_a135-0_149_map.h5
  source_tile = 6695
  slew_rate   = 10
  dwell_time  = 5
  output      = /home/daisy/GRB-Search-Pipeline/results/training/short_searching_2.5x2.5_tiling.csv

source = [78.2841, 135], n_src_events = 485, n_bkg_events = 1749
Loaded 135 entries (unique=135, duplicates=0, missing=49017, out_of_bounds=0, non-finite=0)
Sum(prob) over finite entries = 0.999999
init sum: 0.999999
num pixels: 49152
tile num: 6781
total tile prob: 0.999999
tiles with prob > 0: 26
total tile prob after trim: 0.999999
num tiles after trim: 26
init_pos: 6573
*********running GCP*********
total time (wallclock): 0.0438724 seconds

$ /home/daisy/GRB-Search-Pipeline/search-planning/build/sp_train /home/daisy/GRB-Search-Pipeline/results/training/maps/short/adapt_p11-715852394892384_a135-0_14_map.h5 /home/daisy/GRB-Search-Pipeline/search-planning/tilings/tiling_files/2.5x2.5_tiling.csv 6695 10.0 10.0 5.0 0 /home/daisy/GRB-Search-Pipeline/results/training/short_searching_2.5x2.5_tiling.csv
Input Parameters:
  file        = /home/daisy/GRB-Search-Pipeline/results/training/maps/short/adapt_p11-715852394892384_a135-0_14_map.h5
  source_tile = 6695
  slew_rate   = 10
  dwell_time  = 5
  output      = /home/daisy/GRB-Search-Pipeline/results/training/short_searching_2.5x2.5_tiling.csv

source = [78.2841, 135], n_src_events = 156, n_bkg_events = 1072
Loaded 734 entries (unique=734, duplicates=0, missing=48418, out_of_bounds=0, non-finite=0)
Sum(prob) over finite entries = 0.999996
init sum: 0.999996
num pixels: 49152
tile num: 6781
total tile prob: 0.999996
tiles with prob > 0: 122
total tile prob after trim: 0.999996
num tiles after trim: 122
init_pos: 6565
*********running GCP*********
total time (wallclock): 0.043724 seconds

$ /home/daisy/GRB-Search-Pipeline/search-planning/build/sp_train /home/daisy/GRB-Search-Pipeline/results/training/maps/short/adapt_p11-715852394892384_a135-0_150_map.h5 /home/daisy/GRB-Search-Pipeline/search-planning/tilings/tiling_files/2.5x2.5_tiling.csv 6695 10.0 10.0 5.0 0 /home/daisy/GRB-Search-Pipeline/results/training/short_searching_2.5x2.5_tiling.csv
Input Parameters:
  file        = /home/daisy/GRB-Search-Pipeline/results/training/maps/short/adapt_p11-715852394892384_a135-0_150_map.h5
  source_tile = 6695
  slew_rate   = 10
  dwell_time  = 5
  output      = /home/daisy/GRB-Search-Pipeline/results/training/short_searching_2.5x2.5_tiling.csv

source = [78.2841, 135], n_src_events = 476, n_bkg_events = 815
Loaded 140 entries (unique=140, duplicates=0, missing=49012, out_of_bounds=0, non-finite=0)
Sum(prob) over finite entries = 0.999999
init sum: 0.999999
num pixels: 49152
tile num: 6781
total tile prob: 0.999999
tiles with prob > 0: 29
total tile prob after trim: 0.999999
num tiles after trim: 29
init_pos: 6748
*********running GCP*********
total time (wallclock): 0.0318892 seconds

$ /home/daisy/GRB-Search-Pipeline/search-planning/build/sp_train /home/daisy/GRB-Search-Pipeline/results/training/maps/short/adapt_p11-715852394892384_a135-0_151_map.h5 /home/daisy/GRB-Search-Pipeline/search-planning/tilings/tiling_files/2.5x2.5_tiling.csv 6695 10.0 10.0 5.0 0 /home/daisy/GRB-Search-Pipeline/results/training/short_searching_2.5x2.5_tiling.csv
Input Parameters:
  file        = /home/daisy/GRB-Search-Pipeline/results/training/maps/short/adapt_p11-715852394892384_a135-0_151_map.h5
  source_tile = 6695
  slew_rate   = 10
  dwell_time  = 5
  output      = /home/daisy/GRB-Search-Pipeline/results/training/short_searching_2.5x2.5_tiling.csv

source = [78.2841, 135], n_src_events = 883, n_bkg_events = 987
Loaded 49 entries (unique=49, duplicates=0, missing=49103, out_of_bounds=0, non-finite=0)
Sum(prob) over finite entries = 0.999999
init sum: 0.999999
num pixels: 49152
tile num: 6781
total tile prob: 0.999999
tiles with prob > 0: 14
total tile prob after trim: 0.999999
num tiles after trim: 14
init_pos: 6659
*********running GCP*********
total time (wallclock): 0.031241 seconds

$ /home/daisy/GRB-Search-Pipeline/search-planning/build/sp_train /home/daisy/GRB-Search-Pipeline/results/training/maps/short/adapt_p11-715852394892384_a135-0_152_map.h5 /home/daisy/GRB-Search-Pipeline/search-planning/tilings/tiling_files/2.5x2.5_tiling.csv 6695 10.0 10.0 5.0 0 /home/daisy/GRB-Search-Pipeline/results/training/short_searching_2.5x2.5_tiling.csv
Input Parameters:
  file        = /home/daisy/GRB-Search-Pipeline/results/training/maps/short/adapt_p11-715852394892384_a135-0_152_map.h5
  source_tile = 6695
  slew_rate   = 10
  dwell_time  = 5
  output      = /home/daisy/GRB-Search-Pipeline/results/training/short_searching_2.5x2.5_tiling.csv

source = [78.2841, 135], n_src_events = 218, n_bkg_events = 281
Loaded 318 entries (unique=318, duplicates=0, missing=48834, out_of_bounds=0, non-finite=0)
Sum(prob) over finite entries = 0.999998
init sum: 0.999998
num pixels: 49152
tile num: 6781
total tile prob: 0.999998
tiles with prob > 0: 58
total tile prob after trim: 0.999998
num tiles after trim: 58
init_pos: 6569
*********running GCP*********
total time (wallclock): 0.0330145 seconds

$ /home/daisy/GRB-Search-Pipeline/search-planning/build/sp_train /home/daisy/GRB-Search-Pipeline/results/training/maps/short/adapt_p11-715852394892384_a135-0_153_map.h5 /home/daisy/GRB-Search-Pipeline/search-planning/tilings/tiling_files/2.5x2.5_tiling.csv 6695 10.0 10.0 5.0 0 /home/daisy/GRB-Search-Pipeline/results/training/short_searching_2.5x2.5_tiling.csv
Input Parameters:
  file        = /home/daisy/GRB-Search-Pipeline/results/training/maps/short/adapt_p11-715852394892384_a135-0_153_map.h5
  source_tile = 6695
  slew_rate   = 10
  dwell_time  = 5
  output      = /home/daisy/GRB-Search-Pipeline/results/training/short_searching_2.5x2.5_tiling.csv

source = [78.2841, 135], n_src_events = 789, n_bkg_events = 194
Loaded 36 entries (unique=36, duplicates=0, missing=49116, out_of_bounds=0, non-finite=0)
Sum(prob) over finite entries = 0.999999
init sum: 0.999999
num pixels: 49152
tile num: 6781
total tile prob: 0.999999
tiles with prob > 0: 10
total tile prob after trim: 0.999999
num tiles after trim: 10
init_pos: 6619
*********running GCP*********
total time (wallclock): 0.033006 seconds

$ /home/daisy/GRB-Search-Pipeline/search-planning/build/sp_train /home/daisy/GRB-Search-Pipeline/results/training/maps/short/adapt_p11-715852394892384_a135-0_154_map.h5 /home/daisy/GRB-Search-Pipeline/search-planning/tilings/tiling_files/2.5x2.5_tiling.csv 6695 10.0 10.0 5.0 0 /home/daisy/GRB-Search-Pipeline/results/training/short_searching_2.5x2.5_tiling.csv
Input Parameters:
  file        = /home/daisy/GRB-Search-Pipeline/results/training/maps/short/adapt_p11-715852394892384_a135-0_154_map.h5
  source_tile = 6695
  slew_rate   = 10
  dwell_time  = 5
  output      = /home/daisy/GRB-Search-Pipeline/results/training/short_searching_2.5x2.5_tiling.csv

source = [78.2841, 135], n_src_events = 735, n_bkg_events = 523
Loaded 64 entries (unique=64, duplicates=0, missing=49088, out_of_bounds=0, non-finite=0)
Sum(prob) over finite entries = 0.999999
init sum: 0.999999
num pixels: 49152
tile num: 6781
total tile prob: 0.999999
tiles with prob > 0: 15
total tile prob after trim: 0.999999
num tiles after trim: 15
init_pos: 6662
*********running GCP*********
total time (wallclock): 0.033754 seconds

$ /home/daisy/GRB-Search-Pipeline/search-planning/build/sp_train /home/daisy/GRB-Search-Pipeline/results/training/maps/short/adapt_p11-715852394892384_a135-0_155_map.h5 /home/daisy/GRB-Search-Pipeline/search-planning/tilings/tiling_files/2.5x2.5_tiling.csv 6695 10.0 10.0 5.0 0 /home/daisy/GRB-Search-Pipeline/results/training/short_searching_2.5x2.5_tiling.csv
Input Parameters:
  file        = /home/daisy/GRB-Search-Pipeline/results/training/maps/short/adapt_p11-715852394892384_a135-0_155_map.h5
  source_tile = 6695
  slew_rate   = 10
  dwell_time  = 5
  output      = /home/daisy/GRB-Search-Pipeline/results/training/short_searching_2.5x2.5_tiling.csv

source = [78.2841, 135], n_src_events = 613, n_bkg_events = 367
Loaded 61 entries (unique=61, duplicates=0, missing=49091, out_of_bounds=0, non-finite=0)
Sum(prob) over finite entries = 0.999999
init sum: 0.999999
num pixels: 49152
tile num: 6781
total tile prob: 0.999999
tiles with prob > 0: 14
total tile prob after trim: 0.999999
num tiles after trim: 14
init_pos: 6659
*********running GCP*********
total time (wallclock): 0.032477 seconds

$ /home/daisy/GRB-Search-Pipeline/search-planning/build/sp_train /home/daisy/GRB-Search-Pipeline/results/training/maps/short/adapt_p11-715852394892384_a135-0_156_map.h5 /home/daisy/GRB-Search-Pipeline/search-planning/tilings/tiling_files/2.5x2.5_tiling.csv 6695 10.0 10.0 5.0 0 /home/daisy/GRB-Search-Pipeline/results/training/short_searching_2.5x2.5_tiling.csv
Input Parameters:
  file        = /home/daisy/GRB-Search-Pipeline/results/training/maps/short/adapt_p11-715852394892384_a135-0_156_map.h5
  source_tile = 6695
  slew_rate   = 10
  dwell_time  = 5
  output      = /home/daisy/GRB-Search-Pipeline/results/training/short_searching_2.5x2.5_tiling.csv

source = [78.2841, 135], n_src_events = 731, n_bkg_events = 1303
Loaded 56 entries (unique=56, duplicates=0, missing=49096, out_of_bounds=0, non-finite=0)
Sum(prob) over finite entries = 0.999999
init sum: 0.999999
num pixels: 49152
tile num: 6781
total tile prob: 0.999999
tiles with prob > 0: 14
total tile prob after trim: 0.999999
num tiles after trim: 14
init_pos: 6658
*********running GCP*********
total time (wallclock): 0.033378 seconds

$ /home/daisy/GRB-Search-Pipeline/search-planning/build/sp_train /home/daisy/GRB-Search-Pipeline/results/training/maps/short/adapt_p11-715852394892384_a135-0_157_map.h5 /home/daisy/GRB-Search-Pipeline/search-planning/tilings/tiling_files/2.5x2.5_tiling.csv 6695 10.0 10.0 5.0 0 /home/daisy/GRB-Search-Pipeline/results/training/short_searching_2.5x2.5_tiling.csv
Input Parameters:
  file        = /home/daisy/GRB-Search-Pipeline/results/training/maps/short/adapt_p11-715852394892384_a135-0_157_map.h5
  source_tile = 6695
  slew_rate   = 10
  dwell_time  = 5
  output      = /home/daisy/GRB-Search-Pipeline/results/training/short_searching_2.5x2.5_tiling.csv

source = [78.2841, 135], n_src_events = 171, n_bkg_events = 1228
Loaded 2187 entries (unique=2187, duplicates=0, missing=46965, out_of_bounds=0, non-finite=0)
Sum(prob) over finite entries = 0.999997
init sum: 0.999997
num pixels: 49152
tile num: 6781
total tile prob: 0.999997
tiles with prob > 0: 346
total tile prob after trim: 0.999997
num tiles after trim: 346
init_pos: 6161
*********running GCP*********
total time (wallclock): 0.407326 seconds

$ /home/daisy/GRB-Search-Pipeline/search-planning/build/sp_train /home/daisy/GRB-Search-Pipeline/results/training/maps/short/adapt_p11-715852394892384_a135-0_158_map.h5 /home/daisy/GRB-Search-Pipeline/search-planning/tilings/tiling_files/2.5x2.5_tiling.csv 6695 10.0 10.0 5.0 0 /home/daisy/GRB-Search-Pipeline/results/training/short_searching_2.5x2.5_tiling.csv
Input Parameters:
  file        = /home/daisy/GRB-Search-Pipeline/results/training/maps/short/adapt_p11-715852394892384_a135-0_158_map.h5
  source_tile = 6695
  slew_rate   = 10
  dwell_time  = 5
  output      = /home/daisy/GRB-Search-Pipeline/results/training/short_searching_2.5x2.5_tiling.csv

source = [78.2841, 135], n_src_events = 839, n_bkg_events = 416
Loaded 83 entries (unique=83, duplicates=0, missing=49069, out_of_bounds=0, non-finite=0)
Sum(prob) over finite entries = 0.999998
init sum: 0.999998
num pixels: 49152
tile num: 6781
total tile prob: 0.999998
tiles with prob > 0: 19
total tile prob after trim: 0.999998
num tiles after trim: 19
init_pos: 6658
*********running GCP*********
total time (wallclock): 0.033286 seconds

$ /home/daisy/GRB-Search-Pipeline/search-planning/build/sp_train /home/daisy/GRB-Search-Pipeline/results/training/maps/short/adapt_p11-715852394892384_a135-0_159_map.h5 /home/daisy/GRB-Search-Pipeline/search-planning/tilings/tiling_files/2.5x2.5_tiling.csv 6695 10.0 10.0 5.0 0 /home/daisy/GRB-Search-Pipeline/results/training/short_searching_2.5x2.5_tiling.csv
Input Parameters:
  file        = /home/daisy/GRB-Search-Pipeline/results/training/maps/short/adapt_p11-715852394892384_a135-0_159_map.h5
  source_tile = 6695
  slew_rate   = 10
  dwell_time  = 5
  output      = /home/daisy/GRB-Search-Pipeline/results/training/short_searching_2.5x2.5_tiling.csv

source = [78.2841, 135], n_src_events = 87, n_bkg_events = 1707
Loaded 4203 entries (unique=4203, duplicates=0, missing=44949, out_of_bounds=0, non-finite=0)
Sum(prob) over finite entries = 0.999995
init sum: 0.999995
num pixels: 49152
tile num: 6781
total tile prob: 0.999995
tiles with prob > 0: 664
total tile prob after trim: 0.999995
num tiles after trim: 664
init_pos: 5498
*********running GCP*********
total time (wallclock): 4.31801 seconds

$ /home/daisy/GRB-Search-Pipeline/search-planning/build/sp_train /home/daisy/GRB-Search-Pipeline/results/training/maps/short/adapt_p11-715852394892384_a135-0_15_map.h5 /home/daisy/GRB-Search-Pipeline/search-planning/tilings/tiling_files/2.5x2.5_tiling.csv 6695 10.0 10.0 5.0 0 /home/daisy/GRB-Search-Pipeline/results/training/short_searching_2.5x2.5_tiling.csv
Input Parameters:
  file        = /home/daisy/GRB-Search-Pipeline/results/training/maps/short/adapt_p11-715852394892384_a135-0_15_map.h5
  source_tile = 6695
  slew_rate   = 10
  dwell_time  = 5
  output      = /home/daisy/GRB-Search-Pipeline/results/training/short_searching_2.5x2.5_tiling.csv

source = [78.2841, 135], n_src_events = 675, n_bkg_events = 410
Loaded 64 entries (unique=64, duplicates=0, missing=49088, out_of_bounds=0, non-finite=0)
Sum(prob) over finite entries = 0.999999
init sum: 0.999999
num pixels: 49152
tile num: 6781
total tile prob: 0.999999
tiles with prob > 0: 15
total tile prob after trim: 0.999999
num tiles after trim: 15
init_pos: 6695
*********running GCP*********
total time (wallclock): 0.0310199 seconds

$ /home/daisy/GRB-Search-Pipeline/search-planning/build/sp_train /home/daisy/GRB-Search-Pipeline/results/training/maps/short/adapt_p11-715852394892384_a135-0_160_map.h5 /home/daisy/GRB-Search-Pipeline/search-planning/tilings/tiling_files/2.5x2.5_tiling.csv 6695 10.0 10.0 5.0 0 /home/daisy/GRB-Search-Pipeline/results/training/short_searching_2.5x2.5_tiling.csv
Input Parameters:
  file        = /home/daisy/GRB-Search-Pipeline/results/training/maps/short/adapt_p11-715852394892384_a135-0_160_map.h5
  source_tile = 6695
  slew_rate   = 10
  dwell_time  = 5
  output      = /home/daisy/GRB-Search-Pipeline/results/training/short_searching_2.5x2.5_tiling.csv

source = [78.2841, 135], n_src_events = 410, n_bkg_events = 936
Loaded 208 entries (unique=208, duplicates=0, missing=48944, out_of_bounds=0, non-finite=0)
Sum(prob) over finite entries = 0.999998
init sum: 0.999998
num pixels: 49152
tile num: 6781
total tile prob: 0.999998
tiles with prob > 0: 41
total tile prob after trim: 0.999998
num tiles after trim: 41
init_pos: 6570
*********running GCP*********
total time (wallclock): 0.034325 seconds

$ /home/daisy/GRB-Search-Pipeline/search-planning/build/sp_train /home/daisy/GRB-Search-Pipeline/results/training/maps/short/adapt_p11-715852394892384_a135-0_161_map.h5 /home/daisy/GRB-Search-Pipeline/search-planning/tilings/tiling_files/2.5x2.5_tiling.csv 6695 10.0 10.0 5.0 0 /home/daisy/GRB-Search-Pipeline/results/training/short_searching_2.5x2.5_tiling.csv
Input Parameters:
  file        = /home/daisy/GRB-Search-Pipeline/results/training/maps/short/adapt_p11-715852394892384_a135-0_161_map.h5
  source_tile = 6695
  slew_rate   = 10
  dwell_time  = 5
  output      = /home/daisy/GRB-Search-Pipeline/results/training/short_searching_2.5x2.5_tiling.csv

source = [78.2841, 135], n_src_events = 603, n_bkg_events = 1247
Loaded 138 entries (unique=138, duplicates=0, missing=49014, out_of_bounds=0, non-finite=0)
Sum(prob) over finite entries = 0.999999
init sum: 0.999999
num pixels: 49152
tile num: 6781
total tile prob: 0.999999
tiles with prob > 0: 29
total tile prob after trim: 0.999999
num tiles after trim: 29
init_pos: 6659
*********running GCP*********
total time (wallclock): 0.0317879 seconds

$ /home/daisy/GRB-Search-Pipeline/search-planning/build/sp_train /home/daisy/GRB-Search-Pipeline/results/training/maps/short/adapt_p11-715852394892384_a135-0_162_map.h5 /home/daisy/GRB-Search-Pipeline/search-planning/tilings/tiling_files/2.5x2.5_tiling.csv 6695 10.0 10.0 5.0 0 /home/daisy/GRB-Search-Pipeline/results/training/short_searching_2.5x2.5_tiling.csv
Input Parameters:
  file        = /home/daisy/GRB-Search-Pipeline/results/training/maps/short/adapt_p11-715852394892384_a135-0_162_map.h5
  source_tile = 6695
  slew_rate   = 10
  dwell_time  = 5
  output      = /home/daisy/GRB-Search-Pipeline/results/training/short_searching_2.5x2.5_tiling.csv

source = [78.2841, 135], n_src_events = 96, n_bkg_events = 434
Loaded 935 entries (unique=935, duplicates=0, missing=48217, out_of_bounds=0, non-finite=0)
Sum(prob) over finite entries = 0.999997
init sum: 0.999997
num pixels: 49152
tile num: 6781
total tile prob: 0.999997
tiles with prob > 0: 164
total tile prob after trim: 0.999997
num tiles after trim: 164
init_pos: 6457
*********running GCP*********
total time (wallclock): 0.0597132 seconds

$ /home/daisy/GRB-Search-Pipeline/search-planning/build/sp_train /home/daisy/GRB-Search-Pipeline/results/training/maps/short/adapt_p11-715852394892384_a135-0_163_map.h5 /home/daisy/GRB-Search-Pipeline/search-planning/tilings/tiling_files/2.5x2.5_tiling.csv 6695 10.0 10.0 5.0 0 /home/daisy/GRB-Search-Pipeline/results/training/short_searching_2.5x2.5_tiling.csv
Input Parameters:
  file        = /home/daisy/GRB-Search-Pipeline/results/training/maps/short/adapt_p11-715852394892384_a135-0_163_map.h5
  source_tile = 6695
  slew_rate   = 10
  dwell_time  = 5
  output      = /home/daisy/GRB-Search-Pipeline/results/training/short_searching_2.5x2.5_tiling.csv

source = [78.2841, 135], n_src_events = 162, n_bkg_events = 465
Loaded 590 entries (unique=590, duplicates=0, missing=48562, out_of_bounds=0, non-finite=0)
Sum(prob) over finite entries = 0.999999
init sum: 0.999999
num pixels: 49152
tile num: 6781
total tile prob: 0.999999
tiles with prob > 0: 102
total tile prob after trim: 0.999999
num tiles after trim: 102
init_pos: 6725
*********running GCP*********
total time (wallclock): 0.0360712 seconds

$ /home/daisy/GRB-Search-Pipeline/search-planning/build/sp_train /home/daisy/GRB-Search-Pipeline/results/training/maps/short/adapt_p11-715852394892384_a135-0_164_map.h5 /home/daisy/GRB-Search-Pipeline/search-planning/tilings/tiling_files/2.5x2.5_tiling.csv 6695 10.0 10.0 5.0 0 /home/daisy/GRB-Search-Pipeline/results/training/short_searching_2.5x2.5_tiling.csv
Input Parameters:
  file        = /home/daisy/GRB-Search-Pipeline/results/training/maps/short/adapt_p11-715852394892384_a135-0_164_map.h5
  source_tile = 6695
  slew_rate   = 10
  dwell_time  = 5
  output      = /home/daisy/GRB-Search-Pipeline/results/training/short_searching_2.5x2.5_tiling.csv

source = [78.2841, 135], n_src_events = 451, n_bkg_events = 1014
Loaded 177 entries (unique=177, duplicates=0, missing=48975, out_of_bounds=0, non-finite=0)
Sum(prob) over finite entries = 0.999998
init sum: 0.999998
num pixels: 49152
tile num: 6781
total tile prob: 0.999998
tiles with prob > 0: 35
total tile prob after trim: 0.999998
num tiles after trim: 35
init_pos: 6726
*********running GCP*********
total time (wallclock): 0.0328591 seconds

$ /home/daisy/GRB-Search-Pipeline/search-planning/build/sp_train /home/daisy/GRB-Search-Pipeline/results/training/maps/short/adapt_p11-715852394892384_a135-0_165_map.h5 /home/daisy/GRB-Search-Pipeline/search-planning/tilings/tiling_files/2.5x2.5_tiling.csv 6695 10.0 10.0 5.0 0 /home/daisy/GRB-Search-Pipeline/results/training/short_searching_2.5x2.5_tiling.csv
Input Parameters:
  file        = /home/daisy/GRB-Search-Pipeline/results/training/maps/short/adapt_p11-715852394892384_a135-0_165_map.h5
  source_tile = 6695
  slew_rate   = 10
  dwell_time  = 5
  output      = /home/daisy/GRB-Search-Pipeline/results/training/short_searching_2.5x2.5_tiling.csv

source = [78.2841, 135], n_src_events = 362, n_bkg_events = 1326
Loaded 253 entries (unique=253, duplicates=0, missing=48899, out_of_bounds=0, non-finite=0)
Sum(prob) over finite entries = 0.999998
init sum: 0.999998
num pixels: 49152
tile num: 6781
total tile prob: 0.999998
tiles with prob > 0: 46
total tile prob after trim: 0.999998
num tiles after trim: 46
init_pos: 6571
*********running GCP*********
total time (wallclock): 0.0386616 seconds

$ /home/daisy/GRB-Search-Pipeline/search-planning/build/sp_train /home/daisy/GRB-Search-Pipeline/results/training/maps/short/adapt_p11-715852394892384_a135-0_166_map.h5 /home/daisy/GRB-Search-Pipeline/search-planning/tilings/tiling_files/2.5x2.5_tiling.csv 6695 10.0 10.0 5.0 0 /home/daisy/GRB-Search-Pipeline/results/training/short_searching_2.5x2.5_tiling.csv
Input Parameters:
  file        = /home/daisy/GRB-Search-Pipeline/results/training/maps/short/adapt_p11-715852394892384_a135-0_166_map.h5
  source_tile = 6695
  slew_rate   = 10
  dwell_time  = 5
  output      = /home/daisy/GRB-Search-Pipeline/results/training/short_searching_2.5x2.5_tiling.csv

source = [78.2841, 135], n_src_events = 426, n_bkg_events = 669
Loaded 108 entries (unique=108, duplicates=0, missing=49044, out_of_bounds=0, non-finite=0)
Sum(prob) over finite entries = 0.999999
init sum: 0.999999
num pixels: 49152
tile num: 6781
total tile prob: 0.999999
tiles with prob > 0: 21
total tile prob after trim: 0.999999
num tiles after trim: 21
init_pos: 6617
*********running GCP*********
total time (wallclock): 0.0320352 seconds

$ /home/daisy/GRB-Search-Pipeline/search-planning/build/sp_train /home/daisy/GRB-Search-Pipeline/results/training/maps/short/adapt_p11-715852394892384_a135-0_167_map.h5 /home/daisy/GRB-Search-Pipeline/search-planning/tilings/tiling_files/2.5x2.5_tiling.csv 6695 10.0 10.0 5.0 0 /home/daisy/GRB-Search-Pipeline/results/training/short_searching_2.5x2.5_tiling.csv
Input Parameters:
  file        = /home/daisy/GRB-Search-Pipeline/results/training/maps/short/adapt_p11-715852394892384_a135-0_167_map.h5
  source_tile = 6695
  slew_rate   = 10
  dwell_time  = 5
  output      = /home/daisy/GRB-Search-Pipeline/results/training/short_searching_2.5x2.5_tiling.csv

source = [78.2841, 135], n_src_events = 724, n_bkg_events = 996
Loaded 63 entries (unique=63, duplicates=0, missing=49089, out_of_bounds=0, non-finite=0)
Sum(prob) over finite entries = 0.999998
init sum: 0.999998
num pixels: 49152
tile num: 6781
total tile prob: 0.999998
tiles with prob > 0: 16
total tile prob after trim: 0.999998
num tiles after trim: 16
init_pos: 6617
*********running GCP*********
total time (wallclock): 0.0328559 seconds

$ /home/daisy/GRB-Search-Pipeline/search-planning/build/sp_train /home/daisy/GRB-Search-Pipeline/results/training/maps/short/adapt_p11-715852394892384_a135-0_168_map.h5 /home/daisy/GRB-Search-Pipeline/search-planning/tilings/tiling_files/2.5x2.5_tiling.csv 6695 10.0 10.0 5.0 0 /home/daisy/GRB-Search-Pipeline/results/training/short_searching_2.5x2.5_tiling.csv
Input Parameters:
  file        = /home/daisy/GRB-Search-Pipeline/results/training/maps/short/adapt_p11-715852394892384_a135-0_168_map.h5
  source_tile = 6695
  slew_rate   = 10
  dwell_time  = 5
  output      = /home/daisy/GRB-Search-Pipeline/results/training/short_searching_2.5x2.5_tiling.csv

source = [78.2841, 135], n_src_events = 540, n_bkg_events = 1343
Loaded 161 entries (unique=161, duplicates=0, missing=48991, out_of_bounds=0, non-finite=0)
Sum(prob) over finite entries = 0.999999
init sum: 0.999999
num pixels: 49152
tile num: 6781
total tile prob: 0.999999
tiles with prob > 0: 35
total tile prob after trim: 0.999999
num tiles after trim: 35
init_pos: 6748
*********running GCP*********
total time (wallclock): 0.0379387 seconds

$ /home/daisy/GRB-Search-Pipeline/search-planning/build/sp_train /home/daisy/GRB-Search-Pipeline/results/training/maps/short/adapt_p11-715852394892384_a135-0_169_map.h5 /home/daisy/GRB-Search-Pipeline/search-planning/tilings/tiling_files/2.5x2.5_tiling.csv 6695 10.0 10.0 5.0 0 /home/daisy/GRB-Search-Pipeline/results/training/short_searching_2.5x2.5_tiling.csv
Input Parameters:
  file        = /home/daisy/GRB-Search-Pipeline/results/training/maps/short/adapt_p11-715852394892384_a135-0_169_map.h5
  source_tile = 6695
  slew_rate   = 10
  dwell_time  = 5
  output      = /home/daisy/GRB-Search-Pipeline/results/training/short_searching_2.5x2.5_tiling.csv

source = [78.2841, 135], n_src_events = 563, n_bkg_events = 894
Loaded 75 entries (unique=75, duplicates=0, missing=49077, out_of_bounds=0, non-finite=0)
Sum(prob) over finite entries = 0.999999
init sum: 0.999999
num pixels: 49152
tile num: 6781
total tile prob: 0.999999
tiles with prob > 0: 18
total tile prob after trim: 0.999999
num tiles after trim: 18
init_pos: 6697
*********running GCP*********
total time (wallclock): 0.0324448 seconds

$ /home/daisy/GRB-Search-Pipeline/search-planning/build/sp_train /home/daisy/GRB-Search-Pipeline/results/training/maps/short/adapt_p11-715852394892384_a135-0_16_map.h5 /home/daisy/GRB-Search-Pipeline/search-planning/tilings/tiling_files/2.5x2.5_tiling.csv 6695 10.0 10.0 5.0 0 /home/daisy/GRB-Search-Pipeline/results/training/short_searching_2.5x2.5_tiling.csv
Input Parameters:
  file        = /home/daisy/GRB-Search-Pipeline/results/training/maps/short/adapt_p11-715852394892384_a135-0_16_map.h5
  source_tile = 6695
  slew_rate   = 10
  dwell_time  = 5
  output      = /home/daisy/GRB-Search-Pipeline/results/training/short_searching_2.5x2.5_tiling.csv

source = [78.2841, 135], n_src_events = 565, n_bkg_events = 1364
Loaded 139 entries (unique=139, duplicates=0, missing=49013, out_of_bounds=0, non-finite=0)
Sum(prob) over finite entries = 0.999999
init sum: 0.999999
num pixels: 49152
tile num: 6781
total tile prob: 0.999999
tiles with prob > 0: 29
total tile prob after trim: 0.999999
num tiles after trim: 29
init_pos: 6660
*********running GCP*********
total time (wallclock): 0.0318236 seconds

$ /home/daisy/GRB-Search-Pipeline/search-planning/build/sp_train /home/daisy/GRB-Search-Pipeline/results/training/maps/short/adapt_p11-715852394892384_a135-0_170_map.h5 /home/daisy/GRB-Search-Pipeline/search-planning/tilings/tiling_files/2.5x2.5_tiling.csv 6695 10.0 10.0 5.0 0 /home/daisy/GRB-Search-Pipeline/results/training/short_searching_2.5x2.5_tiling.csv
Input Parameters:
  file        = /home/daisy/GRB-Search-Pipeline/results/training/maps/short/adapt_p11-715852394892384_a135-0_170_map.h5
  source_tile = 6695
  slew_rate   = 10
  dwell_time  = 5
  output      = /home/daisy/GRB-Search-Pipeline/results/training/short_searching_2.5x2.5_tiling.csv

source = [78.2841, 135], n_src_events = 146, n_bkg_events = 1479
Loaded 3231 entries (unique=3231, duplicates=0, missing=45921, out_of_bounds=0, non-finite=0)
Sum(prob) over finite entries = 0.999997
init sum: 0.999997
num pixels: 49152
tile num: 6781
total tile prob: 0.999997
tiles with prob > 0: 515
total tile prob after trim: 0.999997
num tiles after trim: 515
init_pos: 6736
*********running GCP*********
total time (wallclock): 0.120983 seconds

$ /home/daisy/GRB-Search-Pipeline/search-planning/build/sp_train /home/daisy/GRB-Search-Pipeline/results/training/maps/short/adapt_p11-715852394892384_a135-0_171_map.h5 /home/daisy/GRB-Search-Pipeline/search-planning/tilings/tiling_files/2.5x2.5_tiling.csv 6695 10.0 10.0 5.0 0 /home/daisy/GRB-Search-Pipeline/results/training/short_searching_2.5x2.5_tiling.csv
Input Parameters:
  file        = /home/daisy/GRB-Search-Pipeline/results/training/maps/short/adapt_p11-715852394892384_a135-0_171_map.h5
  source_tile = 6695
  slew_rate   = 10
  dwell_time  = 5
  output      = /home/daisy/GRB-Search-Pipeline/results/training/short_searching_2.5x2.5_tiling.csv

source = [78.2841, 135], n_src_events = 207, n_bkg_events = 848
Loaded 376 entries (unique=376, duplicates=0, missing=48776, out_of_bounds=0, non-finite=0)
Sum(prob) over finite entries = 0.999999
init sum: 0.999999
num pixels: 49152
tile num: 6781
total tile prob: 0.999999
tiles with prob > 0: 70
total tile prob after trim: 0.999999
num tiles after trim: 70
init_pos: 6573
*********running GCP*********
total time (wallclock): 0.0391999 seconds

$ /home/daisy/GRB-Search-Pipeline/search-planning/build/sp_train /home/daisy/GRB-Search-Pipeline/results/training/maps/short/adapt_p11-715852394892384_a135-0_172_map.h5 /home/daisy/GRB-Search-Pipeline/search-planning/tilings/tiling_files/2.5x2.5_tiling.csv 6695 10.0 10.0 5.0 0 /home/daisy/GRB-Search-Pipeline/results/training/short_searching_2.5x2.5_tiling.csv
Input Parameters:
  file        = /home/daisy/GRB-Search-Pipeline/results/training/maps/short/adapt_p11-715852394892384_a135-0_172_map.h5
  source_tile = 6695
  slew_rate   = 10
  dwell_time  = 5
  output      = /home/daisy/GRB-Search-Pipeline/results/training/short_searching_2.5x2.5_tiling.csv

source = [78.2841, 135], n_src_events = 358, n_bkg_events = 1415
Loaded 271 entries (unique=271, duplicates=0, missing=48881, out_of_bounds=0, non-finite=0)
Sum(prob) over finite entries = 0.999998
init sum: 0.999998
num pixels: 49152
tile num: 6781
total tile prob: 0.999998
tiles with prob > 0: 52
total tile prob after trim: 0.999998
num tiles after trim: 52
init_pos: 6726
*********running GCP*********
total time (wallclock): 0.0348523 seconds

$ /home/daisy/GRB-Search-Pipeline/search-planning/build/sp_train /home/daisy/GRB-Search-Pipeline/results/training/maps/short/adapt_p11-715852394892384_a135-0_173_map.h5 /home/daisy/GRB-Search-Pipeline/search-planning/tilings/tiling_files/2.5x2.5_tiling.csv 6695 10.0 10.0 5.0 0 /home/daisy/GRB-Search-Pipeline/results/training/short_searching_2.5x2.5_tiling.csv
Input Parameters:
  file        = /home/daisy/GRB-Search-Pipeline/results/training/maps/short/adapt_p11-715852394892384_a135-0_173_map.h5
  source_tile = 6695
  slew_rate   = 10
  dwell_time  = 5
  output      = /home/daisy/GRB-Search-Pipeline/results/training/short_searching_2.5x2.5_tiling.csv

source = [78.2841, 135], n_src_events = 845, n_bkg_events = 1046
Loaded 91 entries (unique=91, duplicates=0, missing=49061, out_of_bounds=0, non-finite=0)
Sum(prob) over finite entries = 0.999999
init sum: 0.999999
num pixels: 49152
tile num: 6781
total tile prob: 0.999999
tiles with prob > 0: 19
total tile prob after trim: 0.999999
num tiles after trim: 19
init_pos: 6620
*********running GCP*********
total time (wallclock): 0.0366776 seconds

$ /home/daisy/GRB-Search-Pipeline/search-planning/build/sp_train /home/daisy/GRB-Search-Pipeline/results/training/maps/short/adapt_p11-715852394892384_a135-0_174_map.h5 /home/daisy/GRB-Search-Pipeline/search-planning/tilings/tiling_files/2.5x2.5_tiling.csv 6695 10.0 10.0 5.0 0 /home/daisy/GRB-Search-Pipeline/results/training/short_searching_2.5x2.5_tiling.csv
Input Parameters:
  file        = /home/daisy/GRB-Search-Pipeline/results/training/maps/short/adapt_p11-715852394892384_a135-0_174_map.h5
  source_tile = 6695
  slew_rate   = 10
  dwell_time  = 5
  output      = /home/daisy/GRB-Search-Pipeline/results/training/short_searching_2.5x2.5_tiling.csv

source = [78.2841, 135], n_src_events = 823, n_bkg_events = 511
Loaded 52 entries (unique=52, duplicates=0, missing=49100, out_of_bounds=0, non-finite=0)
Sum(prob) over finite entries = 0.999999
init sum: 0.999999
num pixels: 49152
tile num: 6781
total tile prob: 0.999999
tiles with prob > 0: 11
total tile prob after trim: 0.999999
num tiles after trim: 11
init_pos: 6696
*********running GCP*********
total time (wallclock): 0.0323853 seconds

$ /home/daisy/GRB-Search-Pipeline/search-planning/build/sp_train /home/daisy/GRB-Search-Pipeline/results/training/maps/short/adapt_p11-715852394892384_a135-0_175_map.h5 /home/daisy/GRB-Search-Pipeline/search-planning/tilings/tiling_files/2.5x2.5_tiling.csv 6695 10.0 10.0 5.0 0 /home/daisy/GRB-Search-Pipeline/results/training/short_searching_2.5x2.5_tiling.csv
Input Parameters:
  file        = /home/daisy/GRB-Search-Pipeline/results/training/maps/short/adapt_p11-715852394892384_a135-0_175_map.h5
  source_tile = 6695
  slew_rate   = 10
  dwell_time  = 5
  output      = /home/daisy/GRB-Search-Pipeline/results/training/short_searching_2.5x2.5_tiling.csv

source = [78.2841, 135], n_src_events = 514, n_bkg_events = 561
Loaded 107 entries (unique=107, duplicates=0, missing=49045, out_of_bounds=0, non-finite=0)
Sum(prob) over finite entries = 0.999998
init sum: 0.999998
num pixels: 49152
tile num: 6781
total tile prob: 0.999998
tiles with prob > 0: 26
total tile prob after trim: 0.999998
num tiles after trim: 26
init_pos: 6662
*********running GCP*********
total time (wallclock): 0.0321811 seconds

$ /home/daisy/GRB-Search-Pipeline/search-planning/build/sp_train /home/daisy/GRB-Search-Pipeline/results/training/maps/short/adapt_p11-715852394892384_a135-0_176_map.h5 /home/daisy/GRB-Search-Pipeline/search-planning/tilings/tiling_files/2.5x2.5_tiling.csv 6695 10.0 10.0 5.0 0 /home/daisy/GRB-Search-Pipeline/results/training/short_searching_2.5x2.5_tiling.csv
Input Parameters:
  file        = /home/daisy/GRB-Search-Pipeline/results/training/maps/short/adapt_p11-715852394892384_a135-0_176_map.h5
  source_tile = 6695
  slew_rate   = 10
  dwell_time  = 5
  output      = /home/daisy/GRB-Search-Pipeline/results/training/short_searching_2.5x2.5_tiling.csv

source = [78.2841, 135], n_src_events = 688, n_bkg_events = 843
Loaded 64 entries (unique=64, duplicates=0, missing=49088, out_of_bounds=0, non-finite=0)
Sum(prob) over finite entries = 0.999999
init sum: 0.999999
num pixels: 49152
tile num: 6781
total tile prob: 0.999999
tiles with prob > 0: 16
total tile prob after trim: 0.999999
num tiles after trim: 16
init_pos: 6616
*********running GCP*********
total time (wallclock): 0.0336866 seconds

$ /home/daisy/GRB-Search-Pipeline/search-planning/build/sp_train /home/daisy/GRB-Search-Pipeline/results/training/maps/short/adapt_p11-715852394892384_a135-0_177_map.h5 /home/daisy/GRB-Search-Pipeline/search-planning/tilings/tiling_files/2.5x2.5_tiling.csv 6695 10.0 10.0 5.0 0 /home/daisy/GRB-Search-Pipeline/results/training/short_searching_2.5x2.5_tiling.csv
Input Parameters:
  file        = /home/daisy/GRB-Search-Pipeline/results/training/maps/short/adapt_p11-715852394892384_a135-0_177_map.h5
  source_tile = 6695
  slew_rate   = 10
  dwell_time  = 5
  output      = /home/daisy/GRB-Search-Pipeline/results/training/short_searching_2.5x2.5_tiling.csv

source = [78.2841, 135], n_src_events = 479, n_bkg_events = 1842
Loaded 291 entries (unique=291, duplicates=0, missing=48861, out_of_bounds=0, non-finite=0)
Sum(prob) over finite entries = 0.999998
init sum: 0.999998
num pixels: 49152
tile num: 6781
total tile prob: 0.999998
tiles with prob > 0: 57
total tile prob after trim: 0.999998
num tiles after trim: 57
init_pos: 6751
*********running GCP*********
total time (wallclock): 0.049752 seconds

$ /home/daisy/GRB-Search-Pipeline/search-planning/build/sp_train /home/daisy/GRB-Search-Pipeline/results/training/maps/short/adapt_p11-715852394892384_a135-0_178_map.h5 /home/daisy/GRB-Search-Pipeline/search-planning/tilings/tiling_files/2.5x2.5_tiling.csv 6695 10.0 10.0 5.0 0 /home/daisy/GRB-Search-Pipeline/results/training/short_searching_2.5x2.5_tiling.csv
Input Parameters:
  file        = /home/daisy/GRB-Search-Pipeline/results/training/maps/short/adapt_p11-715852394892384_a135-0_178_map.h5
  source_tile = 6695
  slew_rate   = 10
  dwell_time  = 5
  output      = /home/daisy/GRB-Search-Pipeline/results/training/short_searching_2.5x2.5_tiling.csv

source = [78.2841, 135], n_src_events = 633, n_bkg_events = 571
Loaded 80 entries (unique=80, duplicates=0, missing=49072, out_of_bounds=0, non-finite=0)
Sum(prob) over finite entries = 0.999999
init sum: 0.999999
num pixels: 49152
tile num: 6781
total tile prob: 0.999999
tiles with prob > 0: 18
total tile prob after trim: 0.999999
num tiles after trim: 18
init_pos: 6748
*********running GCP*********
total time (wallclock): 0.0324605 seconds

$ /home/daisy/GRB-Search-Pipeline/search-planning/build/sp_train /home/daisy/GRB-Search-Pipeline/results/training/maps/short/adapt_p11-715852394892384_a135-0_179_map.h5 /home/daisy/GRB-Search-Pipeline/search-planning/tilings/tiling_files/2.5x2.5_tiling.csv 6695 10.0 10.0 5.0 0 /home/daisy/GRB-Search-Pipeline/results/training/short_searching_2.5x2.5_tiling.csv
Input Parameters:
  file        = /home/daisy/GRB-Search-Pipeline/results/training/maps/short/adapt_p11-715852394892384_a135-0_179_map.h5
  source_tile = 6695
  slew_rate   = 10
  dwell_time  = 5
  output      = /home/daisy/GRB-Search-Pipeline/results/training/short_searching_2.5x2.5_tiling.csv

source = [78.2841, 135], n_src_events = 730, n_bkg_events = 427
Loaded 52 entries (unique=52, duplicates=0, missing=49100, out_of_bounds=0, non-finite=0)
Sum(prob) over finite entries = 0.999999
init sum: 0.999999
num pixels: 49152
tile num: 6781
total tile prob: 0.999999
tiles with prob > 0: 13
total tile prob after trim: 0.999999
num tiles after trim: 13
init_pos: 6661
*********running GCP*********
total time (wallclock): 0.0332913 seconds

$ /home/daisy/GRB-Search-Pipeline/search-planning/build/sp_train /home/daisy/GRB-Search-Pipeline/results/training/maps/short/adapt_p11-715852394892384_a135-0_17_map.h5 /home/daisy/GRB-Search-Pipeline/search-planning/tilings/tiling_files/2.5x2.5_tiling.csv 6695 10.0 10.0 5.0 0 /home/daisy/GRB-Search-Pipeline/results/training/short_searching_2.5x2.5_tiling.csv
Input Parameters:
  file        = /home/daisy/GRB-Search-Pipeline/results/training/maps/short/adapt_p11-715852394892384_a135-0_17_map.h5
  source_tile = 6695
  slew_rate   = 10
  dwell_time  = 5
  output      = /home/daisy/GRB-Search-Pipeline/results/training/short_searching_2.5x2.5_tiling.csv

source = [78.2841, 135], n_src_events = 293, n_bkg_events = 389
Loaded 218 entries (unique=218, duplicates=0, missing=48934, out_of_bounds=0, non-finite=0)
Sum(prob) over finite entries = 0.999999
init sum: 0.999999
num pixels: 49152
tile num: 6781
total tile prob: 0.999999
tiles with prob > 0: 43
total tile prob after trim: 0.999999
num tiles after trim: 43
init_pos: 6697
*********running GCP*********
total time (wallclock): 0.0319209 seconds

$ /home/daisy/GRB-Search-Pipeline/search-planning/build/sp_train /home/daisy/GRB-Search-Pipeline/results/training/maps/short/adapt_p11-715852394892384_a135-0_180_map.h5 /home/daisy/GRB-Search-Pipeline/search-planning/tilings/tiling_files/2.5x2.5_tiling.csv 6695 10.0 10.0 5.0 0 /home/daisy/GRB-Search-Pipeline/results/training/short_searching_2.5x2.5_tiling.csv
Input Parameters:
  file        = /home/daisy/GRB-Search-Pipeline/results/training/maps/short/adapt_p11-715852394892384_a135-0_180_map.h5
  source_tile = 6695
  slew_rate   = 10
  dwell_time  = 5
  output      = /home/daisy/GRB-Search-Pipeline/results/training/short_searching_2.5x2.5_tiling.csv

source = [78.2841, 135], n_src_events = 386, n_bkg_events = 1405
Loaded 158 entries (unique=158, duplicates=0, missing=48994, out_of_bounds=0, non-finite=0)
Sum(prob) over finite entries = 0.999999
init sum: 0.999999
num pixels: 49152
tile num: 6781
total tile prob: 0.999999
tiles with prob > 0: 30
total tile prob after trim: 0.999999
num tiles after trim: 30
init_pos: 6616
*********running GCP*********
total time (wallclock): 0.0328739 seconds

$ /home/daisy/GRB-Search-Pipeline/search-planning/build/sp_train /home/daisy/GRB-Search-Pipeline/results/training/maps/short/adapt_p11-715852394892384_a135-0_181_map.h5 /home/daisy/GRB-Search-Pipeline/search-planning/tilings/tiling_files/2.5x2.5_tiling.csv 6695 10.0 10.0 5.0 0 /home/daisy/GRB-Search-Pipeline/results/training/short_searching_2.5x2.5_tiling.csv
Input Parameters:
  file        = /home/daisy/GRB-Search-Pipeline/results/training/maps/short/adapt_p11-715852394892384_a135-0_181_map.h5
  source_tile = 6695
  slew_rate   = 10
  dwell_time  = 5
  output      = /home/daisy/GRB-Search-Pipeline/results/training/short_searching_2.5x2.5_tiling.csv

source = [78.2841, 135], n_src_events = 502, n_bkg_events = 967
Loaded 110 entries (unique=110, duplicates=0, missing=49042, out_of_bounds=0, non-finite=0)
Sum(prob) over finite entries = 0.999999
init sum: 0.999999
num pixels: 49152
tile num: 6781
total tile prob: 0.999999
tiles with prob > 0: 26
total tile prob after trim: 0.999999
num tiles after trim: 26
init_pos: 6616
*********running GCP*********
total time (wallclock): 0.032603 seconds

$ /home/daisy/GRB-Search-Pipeline/search-planning/build/sp_train /home/daisy/GRB-Search-Pipeline/results/training/maps/short/adapt_p11-715852394892384_a135-0_182_map.h5 /home/daisy/GRB-Search-Pipeline/search-planning/tilings/tiling_files/2.5x2.5_tiling.csv 6695 10.0 10.0 5.0 0 /home/daisy/GRB-Search-Pipeline/results/training/short_searching_2.5x2.5_tiling.csv
Input Parameters:
  file        = /home/daisy/GRB-Search-Pipeline/results/training/maps/short/adapt_p11-715852394892384_a135-0_182_map.h5
  source_tile = 6695
  slew_rate   = 10
  dwell_time  = 5
  output      = /home/daisy/GRB-Search-Pipeline/results/training/short_searching_2.5x2.5_tiling.csv

source = [78.2841, 135], n_src_events = 735, n_bkg_events = 1751
Loaded 75 entries (unique=75, duplicates=0, missing=49077, out_of_bounds=0, non-finite=0)
Sum(prob) over finite entries = 0.999998
init sum: 0.999998
num pixels: 49152
tile num: 6781
total tile prob: 0.999998
tiles with prob > 0: 16
total tile prob after trim: 0.999998
num tiles after trim: 16
init_pos: 6620
*********running GCP*********
total time (wallclock): 0.0356048 seconds

$ /home/daisy/GRB-Search-Pipeline/search-planning/build/sp_train /home/daisy/GRB-Search-Pipeline/results/training/maps/short/adapt_p11-715852394892384_a135-0_183_map.h5 /home/daisy/GRB-Search-Pipeline/search-planning/tilings/tiling_files/2.5x2.5_tiling.csv 6695 10.0 10.0 5.0 0 /home/daisy/GRB-Search-Pipeline/results/training/short_searching_2.5x2.5_tiling.csv
Input Parameters:
  file        = /home/daisy/GRB-Search-Pipeline/results/training/maps/short/adapt_p11-715852394892384_a135-0_183_map.h5
  source_tile = 6695
  slew_rate   = 10
  dwell_time  = 5
  output      = /home/daisy/GRB-Search-Pipeline/results/training/short_searching_2.5x2.5_tiling.csv

source = [78.2841, 135], n_src_events = 626, n_bkg_events = 134
Loaded 93 entries (unique=93, duplicates=0, missing=49059, out_of_bounds=0, non-finite=0)
Sum(prob) over finite entries = 0.999999
init sum: 0.999999
num pixels: 49152
tile num: 6781
total tile prob: 0.999999
tiles with prob > 0: 19
total tile prob after trim: 0.999999
num tiles after trim: 19
init_pos: 6725
*********running GCP*********
total time (wallclock): 0.0317508 seconds

$ /home/daisy/GRB-Search-Pipeline/search-planning/build/sp_train /home/daisy/GRB-Search-Pipeline/results/training/maps/short/adapt_p11-715852394892384_a135-0_184_map.h5 /home/daisy/GRB-Search-Pipeline/search-planning/tilings/tiling_files/2.5x2.5_tiling.csv 6695 10.0 10.0 5.0 0 /home/daisy/GRB-Search-Pipeline/results/training/short_searching_2.5x2.5_tiling.csv
Input Parameters:
  file        = /home/daisy/GRB-Search-Pipeline/results/training/maps/short/adapt_p11-715852394892384_a135-0_184_map.h5
  source_tile = 6695
  slew_rate   = 10
  dwell_time  = 5
  output      = /home/daisy/GRB-Search-Pipeline/results/training/short_searching_2.5x2.5_tiling.csv

source = [78.2841, 135], n_src_events = 685, n_bkg_events = 1752
Loaded 117 entries (unique=117, duplicates=0, missing=49035, out_of_bounds=0, non-finite=0)
Sum(prob) over finite entries = 0.999999
init sum: 0.999999
num pixels: 49152
tile num: 6781
total tile prob: 0.999999
tiles with prob > 0: 24
total tile prob after trim: 0.999999
num tiles after trim: 24
init_pos: 6617
*********running GCP*********
total time (wallclock): 0.0324458 seconds

$ /home/daisy/GRB-Search-Pipeline/search-planning/build/sp_train /home/daisy/GRB-Search-Pipeline/results/training/maps/short/adapt_p11-715852394892384_a135-0_185_map.h5 /home/daisy/GRB-Search-Pipeline/search-planning/tilings/tiling_files/2.5x2.5_tiling.csv 6695 10.0 10.0 5.0 0 /home/daisy/GRB-Search-Pipeline/results/training/short_searching_2.5x2.5_tiling.csv
Input Parameters:
  file        = /home/daisy/GRB-Search-Pipeline/results/training/maps/short/adapt_p11-715852394892384_a135-0_185_map.h5
  source_tile = 6695
  slew_rate   = 10
  dwell_time  = 5
  output      = /home/daisy/GRB-Search-Pipeline/results/training/short_searching_2.5x2.5_tiling.csv

source = [78.2841, 135], n_src_events = 125, n_bkg_events = 1403
Loaded 1965 entries (unique=1965, duplicates=0, missing=47187, out_of_bounds=0, non-finite=0)
Sum(prob) over finite entries = 0.99999
init sum: 0.99999
num pixels: 49152
tile num: 6781
total tile prob: 0.99999
tiles with prob > 0: 324
total tile prob after trim: 0.99999
num tiles after trim: 324
init_pos: 6084
*********running GCP*********
total time (wallclock): 0.224314 seconds

$ /home/daisy/GRB-Search-Pipeline/search-planning/build/sp_train /home/daisy/GRB-Search-Pipeline/results/training/maps/short/adapt_p11-715852394892384_a135-0_186_map.h5 /home/daisy/GRB-Search-Pipeline/search-planning/tilings/tiling_files/2.5x2.5_tiling.csv 6695 10.0 10.0 5.0 0 /home/daisy/GRB-Search-Pipeline/results/training/short_searching_2.5x2.5_tiling.csv
Input Parameters:
  file        = /home/daisy/GRB-Search-Pipeline/results/training/maps/short/adapt_p11-715852394892384_a135-0_186_map.h5
  source_tile = 6695
  slew_rate   = 10
  dwell_time  = 5
  output      = /home/daisy/GRB-Search-Pipeline/results/training/short_searching_2.5x2.5_tiling.csv

source = [78.2841, 135], n_src_events = 319, n_bkg_events = 1057
Loaded 193 entries (unique=193, duplicates=0, missing=48959, out_of_bounds=0, non-finite=0)
Sum(prob) over finite entries = 0.999998
init sum: 0.999998
num pixels: 49152
tile num: 6781
total tile prob: 0.999998
tiles with prob > 0: 37
total tile prob after trim: 0.999998
num tiles after trim: 37
init_pos: 6697
*********running GCP*********
total time (wallclock): 0.0331986 seconds

$ /home/daisy/GRB-Search-Pipeline/search-planning/build/sp_train /home/daisy/GRB-Search-Pipeline/results/training/maps/short/adapt_p11-715852394892384_a135-0_187_map.h5 /home/daisy/GRB-Search-Pipeline/search-planning/tilings/tiling_files/2.5x2.5_tiling.csv 6695 10.0 10.0 5.0 0 /home/daisy/GRB-Search-Pipeline/results/training/short_searching_2.5x2.5_tiling.csv
Input Parameters:
  file        = /home/daisy/GRB-Search-Pipeline/results/training/maps/short/adapt_p11-715852394892384_a135-0_187_map.h5
  source_tile = 6695
  slew_rate   = 10
  dwell_time  = 5
  output      = /home/daisy/GRB-Search-Pipeline/results/training/short_searching_2.5x2.5_tiling.csv

source = [78.2841, 135], n_src_events = 94, n_bkg_events = 349
Loaded 589 entries (unique=589, duplicates=0, missing=48563, out_of_bounds=0, non-finite=0)
Sum(prob) over finite entries = 0.999996
init sum: 0.999996
num pixels: 49152
tile num: 6781
total tile prob: 0.999996
tiles with prob > 0: 104
total tile prob after trim: 0.999996
num tiles after trim: 104
init_pos: 6458
*********running GCP*********
total time (wallclock): 0.0405965 seconds

$ /home/daisy/GRB-Search-Pipeline/search-planning/build/sp_train /home/daisy/GRB-Search-Pipeline/results/training/maps/short/adapt_p11-715852394892384_a135-0_188_map.h5 /home/daisy/GRB-Search-Pipeline/search-planning/tilings/tiling_files/2.5x2.5_tiling.csv 6695 10.0 10.0 5.0 0 /home/daisy/GRB-Search-Pipeline/results/training/short_searching_2.5x2.5_tiling.csv
Input Parameters:
  file        = /home/daisy/GRB-Search-Pipeline/results/training/maps/short/adapt_p11-715852394892384_a135-0_188_map.h5
  source_tile = 6695
  slew_rate   = 10
  dwell_time  = 5
  output      = /home/daisy/GRB-Search-Pipeline/results/training/short_searching_2.5x2.5_tiling.csv

source = [78.2841, 135], n_src_events = 777, n_bkg_events = 1183
Loaded 77 entries (unique=77, duplicates=0, missing=49075, out_of_bounds=0, non-finite=0)
Sum(prob) over finite entries = 0.999998
init sum: 0.999998
num pixels: 49152
tile num: 6781
total tile prob: 0.999998
tiles with prob > 0: 17
total tile prob after trim: 0.999998
num tiles after trim: 17
init_pos: 6694
*********running GCP*********
total time (wallclock): 0.0320069 seconds

$ /home/daisy/GRB-Search-Pipeline/search-planning/build/sp_train /home/daisy/GRB-Search-Pipeline/results/training/maps/short/adapt_p11-715852394892384_a135-0_189_map.h5 /home/daisy/GRB-Search-Pipeline/search-planning/tilings/tiling_files/2.5x2.5_tiling.csv 6695 10.0 10.0 5.0 0 /home/daisy/GRB-Search-Pipeline/results/training/short_searching_2.5x2.5_tiling.csv
Input Parameters:
  file        = /home/daisy/GRB-Search-Pipeline/results/training/maps/short/adapt_p11-715852394892384_a135-0_189_map.h5
  source_tile = 6695
  slew_rate   = 10
  dwell_time  = 5
  output      = /home/daisy/GRB-Search-Pipeline/results/training/short_searching_2.5x2.5_tiling.csv

source = [78.2841, 135], n_src_events = 251, n_bkg_events = 145
Loaded 454 entries (unique=454, duplicates=0, missing=48698, out_of_bounds=0, non-finite=0)
Sum(prob) over finite entries = 0.999999
init sum: 0.999999
num pixels: 49152
tile num: 6781
total tile prob: 0.999999
tiles with prob > 0: 82
total tile prob after trim: 0.999999
num tiles after trim: 82
init_pos: 6571
*********running GCP*********
total time (wallclock): 0.0405501 seconds

$ /home/daisy/GRB-Search-Pipeline/search-planning/build/sp_train /home/daisy/GRB-Search-Pipeline/results/training/maps/short/adapt_p11-715852394892384_a135-0_18_map.h5 /home/daisy/GRB-Search-Pipeline/search-planning/tilings/tiling_files/2.5x2.5_tiling.csv 6695 10.0 10.0 5.0 0 /home/daisy/GRB-Search-Pipeline/results/training/short_searching_2.5x2.5_tiling.csv
Input Parameters:
  file        = /home/daisy/GRB-Search-Pipeline/results/training/maps/short/adapt_p11-715852394892384_a135-0_18_map.h5
  source_tile = 6695
  slew_rate   = 10
  dwell_time  = 5
  output      = /home/daisy/GRB-Search-Pipeline/results/training/short_searching_2.5x2.5_tiling.csv

source = [78.2841, 135], n_src_events = 849, n_bkg_events = 697
Loaded 52 entries (unique=52, duplicates=0, missing=49100, out_of_bounds=0, non-finite=0)
Sum(prob) over finite entries = 0.999999
init sum: 0.999999
num pixels: 49152
tile num: 6781
total tile prob: 0.999999
tiles with prob > 0: 12
total tile prob after trim: 0.999999
num tiles after trim: 12
init_pos: 6617
*********running GCP*********
total time (wallclock): 0.0325035 seconds

$ /home/daisy/GRB-Search-Pipeline/search-planning/build/sp_train /home/daisy/GRB-Search-Pipeline/results/training/maps/short/adapt_p11-715852394892384_a135-0_190_map.h5 /home/daisy/GRB-Search-Pipeline/search-planning/tilings/tiling_files/2.5x2.5_tiling.csv 6695 10.0 10.0 5.0 0 /home/daisy/GRB-Search-Pipeline/results/training/short_searching_2.5x2.5_tiling.csv
Input Parameters:
  file        = /home/daisy/GRB-Search-Pipeline/results/training/maps/short/adapt_p11-715852394892384_a135-0_190_map.h5
  source_tile = 6695
  slew_rate   = 10
  dwell_time  = 5
  output      = /home/daisy/GRB-Search-Pipeline/results/training/short_searching_2.5x2.5_tiling.csv

source = [78.2841, 135], n_src_events = 433, n_bkg_events = 381
Loaded 113 entries (unique=113, duplicates=0, missing=49039, out_of_bounds=0, non-finite=0)
Sum(prob) over finite entries = 0.999999
init sum: 0.999999
num pixels: 49152
tile num: 6781
total tile prob: 0.999999
tiles with prob > 0: 24
total tile prob after trim: 0.999999
num tiles after trim: 24
init_pos: 6619
*********running GCP*********
total time (wallclock): 0.0344124 seconds

$ /home/daisy/GRB-Search-Pipeline/search-planning/build/sp_train /home/daisy/GRB-Search-Pipeline/results/training/maps/short/adapt_p11-715852394892384_a135-0_191_map.h5 /home/daisy/GRB-Search-Pipeline/search-planning/tilings/tiling_files/2.5x2.5_tiling.csv 6695 10.0 10.0 5.0 0 /home/daisy/GRB-Search-Pipeline/results/training/short_searching_2.5x2.5_tiling.csv
Input Parameters:
  file        = /home/daisy/GRB-Search-Pipeline/results/training/maps/short/adapt_p11-715852394892384_a135-0_191_map.h5
  source_tile = 6695
  slew_rate   = 10
  dwell_time  = 5
  output      = /home/daisy/GRB-Search-Pipeline/results/training/short_searching_2.5x2.5_tiling.csv

source = [78.2841, 135], n_src_events = 219, n_bkg_events = 600
Loaded 519 entries (unique=519, duplicates=0, missing=48633, out_of_bounds=0, non-finite=0)
Sum(prob) over finite entries = 0.999998
init sum: 0.999998
num pixels: 49152
tile num: 6781
total tile prob: 0.999998
tiles with prob > 0: 92
total tile prob after trim: 0.999998
num tiles after trim: 92
init_pos: 6522
*********running GCP*********
total time (wallclock): 0.0558157 seconds

$ /home/daisy/GRB-Search-Pipeline/search-planning/build/sp_train /home/daisy/GRB-Search-Pipeline/results/training/maps/short/adapt_p11-715852394892384_a135-0_192_map.h5 /home/daisy/GRB-Search-Pipeline/search-planning/tilings/tiling_files/2.5x2.5_tiling.csv 6695 10.0 10.0 5.0 0 /home/daisy/GRB-Search-Pipeline/results/training/short_searching_2.5x2.5_tiling.csv
Input Parameters:
  file        = /home/daisy/GRB-Search-Pipeline/results/training/maps/short/adapt_p11-715852394892384_a135-0_192_map.h5
  source_tile = 6695
  slew_rate   = 10
  dwell_time  = 5
  output      = /home/daisy/GRB-Search-Pipeline/results/training/short_searching_2.5x2.5_tiling.csv

source = [78.2841, 135], n_src_events = 397, n_bkg_events = 747
Loaded 124 entries (unique=124, duplicates=0, missing=49028, out_of_bounds=0, non-finite=0)
Sum(prob) over finite entries = 0.999999
init sum: 0.999999
num pixels: 49152
tile num: 6781
total tile prob: 0.999999
tiles with prob > 0: 24
total tile prob after trim: 0.999999
num tiles after trim: 24
init_pos: 6621
*********running GCP*********
total time (wallclock): 0.038863 seconds

$ /home/daisy/GRB-Search-Pipeline/search-planning/build/sp_train /home/daisy/GRB-Search-Pipeline/results/training/maps/short/adapt_p11-715852394892384_a135-0_193_map.h5 /home/daisy/GRB-Search-Pipeline/search-planning/tilings/tiling_files/2.5x2.5_tiling.csv 6695 10.0 10.0 5.0 0 /home/daisy/GRB-Search-Pipeline/results/training/short_searching_2.5x2.5_tiling.csv
Input Parameters:
  file        = /home/daisy/GRB-Search-Pipeline/results/training/maps/short/adapt_p11-715852394892384_a135-0_193_map.h5
  source_tile = 6695
  slew_rate   = 10
  dwell_time  = 5
  output      = /home/daisy/GRB-Search-Pipeline/results/training/short_searching_2.5x2.5_tiling.csv

source = [78.2841, 135], n_src_events = 702, n_bkg_events = 1650
Loaded 67 entries (unique=67, duplicates=0, missing=49085, out_of_bounds=0, non-finite=0)
Sum(prob) over finite entries = 0.999999
init sum: 0.999999
num pixels: 49152
tile num: 6781
total tile prob: 0.999999
tiles with prob > 0: 14
total tile prob after trim: 0.999999
num tiles after trim: 14
init_pos: 6696
*********running GCP*********
total time (wallclock): 0.032097 seconds

$ /home/daisy/GRB-Search-Pipeline/search-planning/build/sp_train /home/daisy/GRB-Search-Pipeline/results/training/maps/short/adapt_p11-715852394892384_a135-0_194_map.h5 /home/daisy/GRB-Search-Pipeline/search-planning/tilings/tiling_files/2.5x2.5_tiling.csv 6695 10.0 10.0 5.0 0 /home/daisy/GRB-Search-Pipeline/results/training/short_searching_2.5x2.5_tiling.csv
Input Parameters:
  file        = /home/daisy/GRB-Search-Pipeline/results/training/maps/short/adapt_p11-715852394892384_a135-0_194_map.h5
  source_tile = 6695
  slew_rate   = 10
  dwell_time  = 5
  output      = /home/daisy/GRB-Search-Pipeline/results/training/short_searching_2.5x2.5_tiling.csv

source = [78.2841, 135], n_src_events = 674, n_bkg_events = 311
Loaded 60 entries (unique=60, duplicates=0, missing=49092, out_of_bounds=0, non-finite=0)
Sum(prob) over finite entries = 0.999998
init sum: 0.999998
num pixels: 49152
tile num: 6781
total tile prob: 0.999998
tiles with prob > 0: 12
total tile prob after trim: 0.999998
num tiles after trim: 12
init_pos: 6695
*********running GCP*********
total time (wallclock): 0.0313777 seconds

$ /home/daisy/GRB-Search-Pipeline/search-planning/build/sp_train /home/daisy/GRB-Search-Pipeline/results/training/maps/short/adapt_p11-715852394892384_a135-0_195_map.h5 /home/daisy/GRB-Search-Pipeline/search-planning/tilings/tiling_files/2.5x2.5_tiling.csv 6695 10.0 10.0 5.0 0 /home/daisy/GRB-Search-Pipeline/results/training/short_searching_2.5x2.5_tiling.csv
Input Parameters:
  file        = /home/daisy/GRB-Search-Pipeline/results/training/maps/short/adapt_p11-715852394892384_a135-0_195_map.h5
  source_tile = 6695
  slew_rate   = 10
  dwell_time  = 5
  output      = /home/daisy/GRB-Search-Pipeline/results/training/short_searching_2.5x2.5_tiling.csv

source = [78.2841, 135], n_src_events = 679, n_bkg_events = 1147
Loaded 91 entries (unique=91, duplicates=0, missing=49061, out_of_bounds=0, non-finite=0)
Sum(prob) over finite entries = 0.999998
init sum: 0.999998
num pixels: 49152
tile num: 6781
total tile prob: 0.999998
tiles with prob > 0: 20
total tile prob after trim: 0.999998
num tiles after trim: 20
init_pos: 6619
*********running GCP*********
total time (wallclock): 0.0325691 seconds

$ /home/daisy/GRB-Search-Pipeline/search-planning/build/sp_train /home/daisy/GRB-Search-Pipeline/results/training/maps/short/adapt_p11-715852394892384_a135-0_196_map.h5 /home/daisy/GRB-Search-Pipeline/search-planning/tilings/tiling_files/2.5x2.5_tiling.csv 6695 10.0 10.0 5.0 0 /home/daisy/GRB-Search-Pipeline/results/training/short_searching_2.5x2.5_tiling.csv
Input Parameters:
  file        = /home/daisy/GRB-Search-Pipeline/results/training/maps/short/adapt_p11-715852394892384_a135-0_196_map.h5
  source_tile = 6695
  slew_rate   = 10
  dwell_time  = 5
  output      = /home/daisy/GRB-Search-Pipeline/results/training/short_searching_2.5x2.5_tiling.csv

source = [78.2841, 135], n_src_events = 177, n_bkg_events = 420
Loaded 369 entries (unique=369, duplicates=0, missing=48783, out_of_bounds=0, non-finite=0)
Sum(prob) over finite entries = 0.999998
init sum: 0.999998
num pixels: 49152
tile num: 6781
total tile prob: 0.999998
tiles with prob > 0: 66
total tile prob after trim: 0.999998
num tiles after trim: 66
init_pos: 6513
*********running GCP*********
total time (wallclock): 0.0407891 seconds

$ /home/daisy/GRB-Search-Pipeline/search-planning/build/sp_train /home/daisy/GRB-Search-Pipeline/results/training/maps/short/adapt_p11-715852394892384_a135-0_197_map.h5 /home/daisy/GRB-Search-Pipeline/search-planning/tilings/tiling_files/2.5x2.5_tiling.csv 6695 10.0 10.0 5.0 0 /home/daisy/GRB-Search-Pipeline/results/training/short_searching_2.5x2.5_tiling.csv
Input Parameters:
  file        = /home/daisy/GRB-Search-Pipeline/results/training/maps/short/adapt_p11-715852394892384_a135-0_197_map.h5
  source_tile = 6695
  slew_rate   = 10
  dwell_time  = 5
  output      = /home/daisy/GRB-Search-Pipeline/results/training/short_searching_2.5x2.5_tiling.csv

source = [78.2841, 135], n_src_events = 828, n_bkg_events = 1094
Loaded 55 entries (unique=55, duplicates=0, missing=49097, out_of_bounds=0, non-finite=0)
Sum(prob) over finite entries = 0.999999
init sum: 0.999999
num pixels: 49152
tile num: 6781
total tile prob: 0.999999
tiles with prob > 0: 13
total tile prob after trim: 0.999999
num tiles after trim: 13
init_pos: 6662
*********running GCP*********
total time (wallclock): 0.0329443 seconds

$ /home/daisy/GRB-Search-Pipeline/search-planning/build/sp_train /home/daisy/GRB-Search-Pipeline/results/training/maps/short/adapt_p11-715852394892384_a135-0_198_map.h5 /home/daisy/GRB-Search-Pipeline/search-planning/tilings/tiling_files/2.5x2.5_tiling.csv 6695 10.0 10.0 5.0 0 /home/daisy/GRB-Search-Pipeline/results/training/short_searching_2.5x2.5_tiling.csv
Input Parameters:
  file        = /home/daisy/GRB-Search-Pipeline/results/training/maps/short/adapt_p11-715852394892384_a135-0_198_map.h5
  source_tile = 6695
  slew_rate   = 10
  dwell_time  = 5
  output      = /home/daisy/GRB-Search-Pipeline/results/training/short_searching_2.5x2.5_tiling.csv

source = [78.2841, 135], n_src_events = 445, n_bkg_events = 1131
Loaded 145 entries (unique=145, duplicates=0, missing=49007, out_of_bounds=0, non-finite=0)
Sum(prob) over finite entries = 0.999999
init sum: 0.999999
num pixels: 49152
tile num: 6781
total tile prob: 0.999999
tiles with prob > 0: 31
total tile prob after trim: 0.999999
num tiles after trim: 31
init_pos: 6724
*********running GCP*********
total time (wallclock): 0.0314505 seconds

$ /home/daisy/GRB-Search-Pipeline/search-planning/build/sp_train /home/daisy/GRB-Search-Pipeline/results/training/maps/short/adapt_p11-715852394892384_a135-0_199_map.h5 /home/daisy/GRB-Search-Pipeline/search-planning/tilings/tiling_files/2.5x2.5_tiling.csv 6695 10.0 10.0 5.0 0 /home/daisy/GRB-Search-Pipeline/results/training/short_searching_2.5x2.5_tiling.csv
Input Parameters:
  file        = /home/daisy/GRB-Search-Pipeline/results/training/maps/short/adapt_p11-715852394892384_a135-0_199_map.h5
  source_tile = 6695
  slew_rate   = 10
  dwell_time  = 5
  output      = /home/daisy/GRB-Search-Pipeline/results/training/short_searching_2.5x2.5_tiling.csv

source = [78.2841, 135], n_src_events = 146, n_bkg_events = 771
Loaded 626 entries (unique=626, duplicates=0, missing=48526, out_of_bounds=0, non-finite=0)
Sum(prob) over finite entries = 0.999997
init sum: 0.999997
num pixels: 49152
tile num: 6781
total tile prob: 0.999997
tiles with prob > 0: 110
total tile prob after trim: 0.999997
num tiles after trim: 110
init_pos: 6623
*********running GCP*********
total time (wallclock): 0.0621424 seconds

$ /home/daisy/GRB-Search-Pipeline/search-planning/build/sp_train /home/daisy/GRB-Search-Pipeline/results/training/maps/short/adapt_p11-715852394892384_a135-0_19_map.h5 /home/daisy/GRB-Search-Pipeline/search-planning/tilings/tiling_files/2.5x2.5_tiling.csv 6695 10.0 10.0 5.0 0 /home/daisy/GRB-Search-Pipeline/results/training/short_searching_2.5x2.5_tiling.csv
Input Parameters:
  file        = /home/daisy/GRB-Search-Pipeline/results/training/maps/short/adapt_p11-715852394892384_a135-0_19_map.h5
  source_tile = 6695
  slew_rate   = 10
  dwell_time  = 5
  output      = /home/daisy/GRB-Search-Pipeline/results/training/short_searching_2.5x2.5_tiling.csv

source = [78.2841, 135], n_src_events = 374, n_bkg_events = 826
Loaded 257 entries (unique=257, duplicates=0, missing=48895, out_of_bounds=0, non-finite=0)
Sum(prob) over finite entries = 0.999999
init sum: 0.999999
num pixels: 49152
tile num: 6781
total tile prob: 0.999999
tiles with prob > 0: 49
total tile prob after trim: 0.999999
num tiles after trim: 49
init_pos: 6619
*********running GCP*********
total time (wallclock): 0.0317058 seconds

$ /home/daisy/GRB-Search-Pipeline/search-planning/build/sp_train /home/daisy/GRB-Search-Pipeline/results/training/maps/short/adapt_p11-715852394892384_a135-0_1_map.h5 /home/daisy/GRB-Search-Pipeline/search-planning/tilings/tiling_files/2.5x2.5_tiling.csv 6695 10.0 10.0 5.0 0 /home/daisy/GRB-Search-Pipeline/results/training/short_searching_2.5x2.5_tiling.csv
Input Parameters:
  file        = /home/daisy/GRB-Search-Pipeline/results/training/maps/short/adapt_p11-715852394892384_a135-0_1_map.h5
  source_tile = 6695
  slew_rate   = 10
  dwell_time  = 5
  output      = /home/daisy/GRB-Search-Pipeline/results/training/short_searching_2.5x2.5_tiling.csv

source = [78.2841, 135], n_src_events = 337, n_bkg_events = 724
Loaded 180 entries (unique=180, duplicates=0, missing=48972, out_of_bounds=0, non-finite=0)
Sum(prob) over finite entries = 0.999999
init sum: 0.999999
num pixels: 49152
tile num: 6781
total tile prob: 0.999999
tiles with prob > 0: 33
total tile prob after trim: 0.999999
num tiles after trim: 33
init_pos: 6569
*********running GCP*********
total time (wallclock): 0.0379812 seconds

$ /home/daisy/GRB-Search-Pipeline/search-planning/build/sp_train /home/daisy/GRB-Search-Pipeline/results/training/maps/short/adapt_p11-715852394892384_a135-0_200_map.h5 /home/daisy/GRB-Search-Pipeline/search-planning/tilings/tiling_files/2.5x2.5_tiling.csv 6695 10.0 10.0 5.0 0 /home/daisy/GRB-Search-Pipeline/results/training/short_searching_2.5x2.5_tiling.csv
Input Parameters:
  file        = /home/daisy/GRB-Search-Pipeline/results/training/maps/short/adapt_p11-715852394892384_a135-0_200_map.h5
  source_tile = 6695
  slew_rate   = 10
  dwell_time  = 5
  output      = /home/daisy/GRB-Search-Pipeline/results/training/short_searching_2.5x2.5_tiling.csv

source = [78.2841, 135], n_src_events = 777, n_bkg_events = 1748
Loaded 89 entries (unique=89, duplicates=0, missing=49063, out_of_bounds=0, non-finite=0)
Sum(prob) over finite entries = 0.999998
init sum: 0.999998
num pixels: 49152
tile num: 6781
total tile prob: 0.999998
tiles with prob > 0: 20
total tile prob after trim: 0.999998
num tiles after trim: 20
init_pos: 6658
*********running GCP*********
total time (wallclock): 0.031721 seconds

$ /home/daisy/GRB-Search-Pipeline/search-planning/build/sp_train /home/daisy/GRB-Search-Pipeline/results/training/maps/short/adapt_p11-715852394892384_a135-0_201_map.h5 /home/daisy/GRB-Search-Pipeline/search-planning/tilings/tiling_files/2.5x2.5_tiling.csv 6695 10.0 10.0 5.0 0 /home/daisy/GRB-Search-Pipeline/results/training/short_searching_2.5x2.5_tiling.csv
Input Parameters:
  file        = /home/daisy/GRB-Search-Pipeline/results/training/maps/short/adapt_p11-715852394892384_a135-0_201_map.h5
  source_tile = 6695
  slew_rate   = 10
  dwell_time  = 5
  output      = /home/daisy/GRB-Search-Pipeline/results/training/short_searching_2.5x2.5_tiling.csv

source = [78.2841, 135], n_src_events = 209, n_bkg_events = 1032
Loaded 538 entries (unique=538, duplicates=0, missing=48614, out_of_bounds=0, non-finite=0)
Sum(prob) over finite entries = 0.999998
init sum: 0.999998
num pixels: 49152
tile num: 6781
total tile prob: 0.999998
tiles with prob > 0: 90
total tile prob after trim: 0.999998
num tiles after trim: 90
init_pos: 6516
*********running GCP*********
total time (wallclock): 0.0336296 seconds

$ /home/daisy/GRB-Search-Pipeline/search-planning/build/sp_train /home/daisy/GRB-Search-Pipeline/results/training/maps/short/adapt_p11-715852394892384_a135-0_202_map.h5 /home/daisy/GRB-Search-Pipeline/search-planning/tilings/tiling_files/2.5x2.5_tiling.csv 6695 10.0 10.0 5.0 0 /home/daisy/GRB-Search-Pipeline/results/training/short_searching_2.5x2.5_tiling.csv
Input Parameters:
  file        = /home/daisy/GRB-Search-Pipeline/results/training/maps/short/adapt_p11-715852394892384_a135-0_202_map.h5
  source_tile = 6695
  slew_rate   = 10
  dwell_time  = 5
  output      = /home/daisy/GRB-Search-Pipeline/results/training/short_searching_2.5x2.5_tiling.csv

source = [78.2841, 135], n_src_events = 209, n_bkg_events = 216
Loaded 383 entries (unique=383, duplicates=0, missing=48769, out_of_bounds=0, non-finite=0)
Sum(prob) over finite entries = 0.999998
init sum: 0.999998
num pixels: 49152
tile num: 6781
total tile prob: 0.999998
tiles with prob > 0: 71
total tile prob after trim: 0.999998
num tiles after trim: 71
init_pos: 6519
*********running GCP*********
total time (wallclock): 0.0411499 seconds

$ /home/daisy/GRB-Search-Pipeline/search-planning/build/sp_train /home/daisy/GRB-Search-Pipeline/results/training/maps/short/adapt_p11-715852394892384_a135-0_203_map.h5 /home/daisy/GRB-Search-Pipeline/search-planning/tilings/tiling_files/2.5x2.5_tiling.csv 6695 10.0 10.0 5.0 0 /home/daisy/GRB-Search-Pipeline/results/training/short_searching_2.5x2.5_tiling.csv
Input Parameters:
  file        = /home/daisy/GRB-Search-Pipeline/results/training/maps/short/adapt_p11-715852394892384_a135-0_203_map.h5
  source_tile = 6695
  slew_rate   = 10
  dwell_time  = 5
  output      = /home/daisy/GRB-Search-Pipeline/results/training/short_searching_2.5x2.5_tiling.csv

source = [78.2841, 135], n_src_events = 466, n_bkg_events = 373
Loaded 97 entries (unique=97, duplicates=0, missing=49055, out_of_bounds=0, non-finite=0)
Sum(prob) over finite entries = 0.999999
init sum: 0.999999
num pixels: 49152
tile num: 6781
total tile prob: 0.999999
tiles with prob > 0: 20
total tile prob after trim: 0.999999
num tiles after trim: 20
init_pos: 6572
*********running GCP*********
total time (wallclock): 0.033357 seconds

$ /home/daisy/GRB-Search-Pipeline/search-planning/build/sp_train /home/daisy/GRB-Search-Pipeline/results/training/maps/short/adapt_p11-715852394892384_a135-0_204_map.h5 /home/daisy/GRB-Search-Pipeline/search-planning/tilings/tiling_files/2.5x2.5_tiling.csv 6695 10.0 10.0 5.0 0 /home/daisy/GRB-Search-Pipeline/results/training/short_searching_2.5x2.5_tiling.csv
Input Parameters:
  file        = /home/daisy/GRB-Search-Pipeline/results/training/maps/short/adapt_p11-715852394892384_a135-0_204_map.h5
  source_tile = 6695
  slew_rate   = 10
  dwell_time  = 5
  output      = /home/daisy/GRB-Search-Pipeline/results/training/short_searching_2.5x2.5_tiling.csv

source = [78.2841, 135], n_src_events = 485, n_bkg_events = 1314
Loaded 119 entries (unique=119, duplicates=0, missing=49033, out_of_bounds=0, non-finite=0)
Sum(prob) over finite entries = 0.999999
init sum: 0.999999
num pixels: 49152
tile num: 6781
total tile prob: 0.999999
tiles with prob > 0: 26
total tile prob after trim: 0.999999
num tiles after trim: 26
init_pos: 6661
*********running GCP*********
total time (wallclock): 0.0320095 seconds

$ /home/daisy/GRB-Search-Pipeline/search-planning/build/sp_train /home/daisy/GRB-Search-Pipeline/results/training/maps/short/adapt_p11-715852394892384_a135-0_205_map.h5 /home/daisy/GRB-Search-Pipeline/search-planning/tilings/tiling_files/2.5x2.5_tiling.csv 6695 10.0 10.0 5.0 0 /home/daisy/GRB-Search-Pipeline/results/training/short_searching_2.5x2.5_tiling.csv
Input Parameters:
  file        = /home/daisy/GRB-Search-Pipeline/results/training/maps/short/adapt_p11-715852394892384_a135-0_205_map.h5
  source_tile = 6695
  slew_rate   = 10
  dwell_time  = 5
  output      = /home/daisy/GRB-Search-Pipeline/results/training/short_searching_2.5x2.5_tiling.csv

source = [78.2841, 135], n_src_events = 203, n_bkg_events = 984
Loaded 309 entries (unique=309, duplicates=0, missing=48843, out_of_bounds=0, non-finite=0)
Sum(prob) over finite entries = 0.999999
init sum: 0.999999
num pixels: 49152
tile num: 6781
total tile prob: 0.999999
tiles with prob > 0: 60
total tile prob after trim: 0.999999
num tiles after trim: 60
init_pos: 6661
*********running GCP*********
total time (wallclock): 0.0318504 seconds

$ /home/daisy/GRB-Search-Pipeline/search-planning/build/sp_train /home/daisy/GRB-Search-Pipeline/results/training/maps/short/adapt_p11-715852394892384_a135-0_206_map.h5 /home/daisy/GRB-Search-Pipeline/search-planning/tilings/tiling_files/2.5x2.5_tiling.csv 6695 10.0 10.0 5.0 0 /home/daisy/GRB-Search-Pipeline/results/training/short_searching_2.5x2.5_tiling.csv
Input Parameters:
  file        = /home/daisy/GRB-Search-Pipeline/results/training/maps/short/adapt_p11-715852394892384_a135-0_206_map.h5
  source_tile = 6695
  slew_rate   = 10
  dwell_time  = 5
  output      = /home/daisy/GRB-Search-Pipeline/results/training/short_searching_2.5x2.5_tiling.csv

source = [78.2841, 135], n_src_events = 769, n_bkg_events = 423
Loaded 54 entries (unique=54, duplicates=0, missing=49098, out_of_bounds=0, non-finite=0)
Sum(prob) over finite entries = 0.999999
init sum: 0.999999
num pixels: 49152
tile num: 6781
total tile prob: 0.999999
tiles with prob > 0: 15
total tile prob after trim: 0.999999
num tiles after trim: 15
init_pos: 6659
*********running GCP*********
total time (wallclock): 0.0324934 seconds

$ /home/daisy/GRB-Search-Pipeline/search-planning/build/sp_train /home/daisy/GRB-Search-Pipeline/results/training/maps/short/adapt_p11-715852394892384_a135-0_207_map.h5 /home/daisy/GRB-Search-Pipeline/search-planning/tilings/tiling_files/2.5x2.5_tiling.csv 6695 10.0 10.0 5.0 0 /home/daisy/GRB-Search-Pipeline/results/training/short_searching_2.5x2.5_tiling.csv
Input Parameters:
  file        = /home/daisy/GRB-Search-Pipeline/results/training/maps/short/adapt_p11-715852394892384_a135-0_207_map.h5
  source_tile = 6695
  slew_rate   = 10
  dwell_time  = 5
  output      = /home/daisy/GRB-Search-Pipeline/results/training/short_searching_2.5x2.5_tiling.csv

source = [78.2841, 135], n_src_events = 338, n_bkg_events = 1378
Loaded 221 entries (unique=221, duplicates=0, missing=48931, out_of_bounds=0, non-finite=0)
Sum(prob) over finite entries = 0.999998
init sum: 0.999998
num pixels: 49152
tile num: 6781
total tile prob: 0.999998
tiles with prob > 0: 44
total tile prob after trim: 0.999998
num tiles after trim: 44
init_pos: 6662
*********running GCP*********
total time (wallclock): 0.0328953 seconds

$ /home/daisy/GRB-Search-Pipeline/search-planning/build/sp_train /home/daisy/GRB-Search-Pipeline/results/training/maps/short/adapt_p11-715852394892384_a135-0_208_map.h5 /home/daisy/GRB-Search-Pipeline/search-planning/tilings/tiling_files/2.5x2.5_tiling.csv 6695 10.0 10.0 5.0 0 /home/daisy/GRB-Search-Pipeline/results/training/short_searching_2.5x2.5_tiling.csv
Input Parameters:
  file        = /home/daisy/GRB-Search-Pipeline/results/training/maps/short/adapt_p11-715852394892384_a135-0_208_map.h5
  source_tile = 6695
  slew_rate   = 10
  dwell_time  = 5
  output      = /home/daisy/GRB-Search-Pipeline/results/training/short_searching_2.5x2.5_tiling.csv

source = [78.2841, 135], n_src_events = 595, n_bkg_events = 1627
Loaded 109 entries (unique=109, duplicates=0, missing=49043, out_of_bounds=0, non-finite=0)
Sum(prob) over finite entries = 0.999999
init sum: 0.999999
num pixels: 49152
tile num: 6781
total tile prob: 0.999999
tiles with prob > 0: 23
total tile prob after trim: 0.999999
num tiles after trim: 23
init_pos: 6695
*********running GCP*********
total time (wallclock): 0.0308469 seconds

$ /home/daisy/GRB-Search-Pipeline/search-planning/build/sp_train /home/daisy/GRB-Search-Pipeline/results/training/maps/short/adapt_p11-715852394892384_a135-0_209_map.h5 /home/daisy/GRB-Search-Pipeline/search-planning/tilings/tiling_files/2.5x2.5_tiling.csv 6695 10.0 10.0 5.0 0 /home/daisy/GRB-Search-Pipeline/results/training/short_searching_2.5x2.5_tiling.csv
Input Parameters:
  file        = /home/daisy/GRB-Search-Pipeline/results/training/maps/short/adapt_p11-715852394892384_a135-0_209_map.h5
  source_tile = 6695
  slew_rate   = 10
  dwell_time  = 5
  output      = /home/daisy/GRB-Search-Pipeline/results/training/short_searching_2.5x2.5_tiling.csv

source = [78.2841, 135], n_src_events = 376, n_bkg_events = 1185
Loaded 181 entries (unique=181, duplicates=0, missing=48971, out_of_bounds=0, non-finite=0)
Sum(prob) over finite entries = 0.999999
init sum: 0.999999
num pixels: 49152
tile num: 6781
total tile prob: 0.999999
tiles with prob > 0: 41
total tile prob after trim: 0.999999
num tiles after trim: 41
init_pos: 6723
*********running GCP*********
total time (wallclock): 0.0339605 seconds

$ /home/daisy/GRB-Search-Pipeline/search-planning/build/sp_train /home/daisy/GRB-Search-Pipeline/results/training/maps/short/adapt_p11-715852394892384_a135-0_20_map.h5 /home/daisy/GRB-Search-Pipeline/search-planning/tilings/tiling_files/2.5x2.5_tiling.csv 6695 10.0 10.0 5.0 0 /home/daisy/GRB-Search-Pipeline/results/training/short_searching_2.5x2.5_tiling.csv
Input Parameters:
  file        = /home/daisy/GRB-Search-Pipeline/results/training/maps/short/adapt_p11-715852394892384_a135-0_20_map.h5
  source_tile = 6695
  slew_rate   = 10
  dwell_time  = 5
  output      = /home/daisy/GRB-Search-Pipeline/results/training/short_searching_2.5x2.5_tiling.csv

source = [78.2841, 135], n_src_events = 345, n_bkg_events = 1331
Loaded 303 entries (unique=303, duplicates=0, missing=48849, out_of_bounds=0, non-finite=0)
Sum(prob) over finite entries = 0.999998
init sum: 0.999998
num pixels: 49152
tile num: 6781
total tile prob: 0.999998
tiles with prob > 0: 59
total tile prob after trim: 0.999998
num tiles after trim: 59
init_pos: 6698
*********running GCP*********
total time (wallclock): 0.0340595 seconds

$ /home/daisy/GRB-Search-Pipeline/search-planning/build/sp_train /home/daisy/GRB-Search-Pipeline/results/training/maps/short/adapt_p11-715852394892384_a135-0_210_map.h5 /home/daisy/GRB-Search-Pipeline/search-planning/tilings/tiling_files/2.5x2.5_tiling.csv 6695 10.0 10.0 5.0 0 /home/daisy/GRB-Search-Pipeline/results/training/short_searching_2.5x2.5_tiling.csv
Input Parameters:
  file        = /home/daisy/GRB-Search-Pipeline/results/training/maps/short/adapt_p11-715852394892384_a135-0_210_map.h5
  source_tile = 6695
  slew_rate   = 10
  dwell_time  = 5
  output      = /home/daisy/GRB-Search-Pipeline/results/training/short_searching_2.5x2.5_tiling.csv

source = [78.2841, 135], n_src_events = 492, n_bkg_events = 584
Loaded 98 entries (unique=98, duplicates=0, missing=49054, out_of_bounds=0, non-finite=0)
Sum(prob) over finite entries = 0.999999
init sum: 0.999999
num pixels: 49152
tile num: 6781
total tile prob: 0.999999
tiles with prob > 0: 20
total tile prob after trim: 0.999999
num tiles after trim: 20
init_pos: 6660
*********running GCP*********
total time (wallclock): 0.0323805 seconds

$ /home/daisy/GRB-Search-Pipeline/search-planning/build/sp_train /home/daisy/GRB-Search-Pipeline/results/training/maps/short/adapt_p11-715852394892384_a135-0_211_map.h5 /home/daisy/GRB-Search-Pipeline/search-planning/tilings/tiling_files/2.5x2.5_tiling.csv 6695 10.0 10.0 5.0 0 /home/daisy/GRB-Search-Pipeline/results/training/short_searching_2.5x2.5_tiling.csv
Input Parameters:
  file        = /home/daisy/GRB-Search-Pipeline/results/training/maps/short/adapt_p11-715852394892384_a135-0_211_map.h5
  source_tile = 6695
  slew_rate   = 10
  dwell_time  = 5
  output      = /home/daisy/GRB-Search-Pipeline/results/training/short_searching_2.5x2.5_tiling.csv

source = [78.2841, 135], n_src_events = 483, n_bkg_events = 1705
Loaded 229 entries (unique=229, duplicates=0, missing=48923, out_of_bounds=0, non-finite=0)
Sum(prob) over finite entries = 0.999999
init sum: 0.999999
num pixels: 49152
tile num: 6781
total tile prob: 0.999999
tiles with prob > 0: 49
total tile prob after trim: 0.999999
num tiles after trim: 49
init_pos: 6722
*********running GCP*********
total time (wallclock): 0.0319349 seconds

$ /home/daisy/GRB-Search-Pipeline/search-planning/build/sp_train /home/daisy/GRB-Search-Pipeline/results/training/maps/short/adapt_p11-715852394892384_a135-0_212_map.h5 /home/daisy/GRB-Search-Pipeline/search-planning/tilings/tiling_files/2.5x2.5_tiling.csv 6695 10.0 10.0 5.0 0 /home/daisy/GRB-Search-Pipeline/results/training/short_searching_2.5x2.5_tiling.csv
Input Parameters:
  file        = /home/daisy/GRB-Search-Pipeline/results/training/maps/short/adapt_p11-715852394892384_a135-0_212_map.h5
  source_tile = 6695
  slew_rate   = 10
  dwell_time  = 5
  output      = /home/daisy/GRB-Search-Pipeline/results/training/short_searching_2.5x2.5_tiling.csv

source = [78.2841, 135], n_src_events = 779, n_bkg_events = 100
Loaded 62 entries (unique=62, duplicates=0, missing=49090, out_of_bounds=0, non-finite=0)
Sum(prob) over finite entries = 0.999999
init sum: 0.999999
num pixels: 49152
tile num: 6781
total tile prob: 0.999999
tiles with prob > 0: 15
total tile prob after trim: 0.999999
num tiles after trim: 15
init_pos: 6660
*********running GCP*********
total time (wallclock): 0.0319209 seconds

$ /home/daisy/GRB-Search-Pipeline/search-planning/build/sp_train /home/daisy/GRB-Search-Pipeline/results/training/maps/short/adapt_p11-715852394892384_a135-0_213_map.h5 /home/daisy/GRB-Search-Pipeline/search-planning/tilings/tiling_files/2.5x2.5_tiling.csv 6695 10.0 10.0 5.0 0 /home/daisy/GRB-Search-Pipeline/results/training/short_searching_2.5x2.5_tiling.csv
Input Parameters:
  file        = /home/daisy/GRB-Search-Pipeline/results/training/maps/short/adapt_p11-715852394892384_a135-0_213_map.h5
  source_tile = 6695
  slew_rate   = 10
  dwell_time  = 5
  output      = /home/daisy/GRB-Search-Pipeline/results/training/short_searching_2.5x2.5_tiling.csv

source = [78.2841, 135], n_src_events = 256, n_bkg_events = 1791
Loaded 775 entries (unique=775, duplicates=0, missing=48377, out_of_bounds=0, non-finite=0)
Sum(prob) over finite entries = 0.999998
init sum: 0.999998
num pixels: 49152
tile num: 6781
total tile prob: 0.999998
tiles with prob > 0: 142
total tile prob after trim: 0.999998
num tiles after trim: 142
init_pos: 6747
*********running GCP*********
total time (wallclock): 0.0416428 seconds

$ /home/daisy/GRB-Search-Pipeline/search-planning/build/sp_train /home/daisy/GRB-Search-Pipeline/results/training/maps/short/adapt_p11-715852394892384_a135-0_214_map.h5 /home/daisy/GRB-Search-Pipeline/search-planning/tilings/tiling_files/2.5x2.5_tiling.csv 6695 10.0 10.0 5.0 0 /home/daisy/GRB-Search-Pipeline/results/training/short_searching_2.5x2.5_tiling.csv
Input Parameters:
  file        = /home/daisy/GRB-Search-Pipeline/results/training/maps/short/adapt_p11-715852394892384_a135-0_214_map.h5
  source_tile = 6695
  slew_rate   = 10
  dwell_time  = 5
  output      = /home/daisy/GRB-Search-Pipeline/results/training/short_searching_2.5x2.5_tiling.csv

source = [78.2841, 135], n_src_events = 504, n_bkg_events = 1284
Loaded 124 entries (unique=124, duplicates=0, missing=49028, out_of_bounds=0, non-finite=0)
Sum(prob) over finite entries = 0.999999
init sum: 0.999999
num pixels: 49152
tile num: 6781
total tile prob: 0.999999
tiles with prob > 0: 25
total tile prob after trim: 0.999999
num tiles after trim: 25
init_pos: 6697
*********running GCP*********
total time (wallclock): 0.0385726 seconds

$ /home/daisy/GRB-Search-Pipeline/search-planning/build/sp_train /home/daisy/GRB-Search-Pipeline/results/training/maps/short/adapt_p11-715852394892384_a135-0_215_map.h5 /home/daisy/GRB-Search-Pipeline/search-planning/tilings/tiling_files/2.5x2.5_tiling.csv 6695 10.0 10.0 5.0 0 /home/daisy/GRB-Search-Pipeline/results/training/short_searching_2.5x2.5_tiling.csv
Input Parameters:
  file        = /home/daisy/GRB-Search-Pipeline/results/training/maps/short/adapt_p11-715852394892384_a135-0_215_map.h5
  source_tile = 6695
  slew_rate   = 10
  dwell_time  = 5
  output      = /home/daisy/GRB-Search-Pipeline/results/training/short_searching_2.5x2.5_tiling.csv

source = [78.2841, 135], n_src_events = 387, n_bkg_events = 1211
Loaded 255 entries (unique=255, duplicates=0, missing=48897, out_of_bounds=0, non-finite=0)
Sum(prob) over finite entries = 0.999998
init sum: 0.999998
num pixels: 49152
tile num: 6781
total tile prob: 0.999998
tiles with prob > 0: 48
total tile prob after trim: 0.999998
num tiles after trim: 48
init_pos: 6697
*********running GCP*********
total time (wallclock): 0.0386761 seconds

$ /home/daisy/GRB-Search-Pipeline/search-planning/build/sp_train /home/daisy/GRB-Search-Pipeline/results/training/maps/short/adapt_p11-715852394892384_a135-0_216_map.h5 /home/daisy/GRB-Search-Pipeline/search-planning/tilings/tiling_files/2.5x2.5_tiling.csv 6695 10.0 10.0 5.0 0 /home/daisy/GRB-Search-Pipeline/results/training/short_searching_2.5x2.5_tiling.csv
Input Parameters:
  file        = /home/daisy/GRB-Search-Pipeline/results/training/maps/short/adapt_p11-715852394892384_a135-0_216_map.h5
  source_tile = 6695
  slew_rate   = 10
  dwell_time  = 5
  output      = /home/daisy/GRB-Search-Pipeline/results/training/short_searching_2.5x2.5_tiling.csv

source = [78.2841, 135], n_src_events = 200, n_bkg_events = 1495
Loaded 304 entries (unique=304, duplicates=0, missing=48848, out_of_bounds=0, non-finite=0)
Sum(prob) over finite entries = 0.999999
init sum: 0.999999
num pixels: 49152
tile num: 6781
total tile prob: 0.999999
tiles with prob > 0: 57
total tile prob after trim: 0.999999
num tiles after trim: 57
init_pos: 6573
*********running GCP*********
total time (wallclock): 0.0325584 seconds

$ /home/daisy/GRB-Search-Pipeline/search-planning/build/sp_train /home/daisy/GRB-Search-Pipeline/results/training/maps/short/adapt_p11-715852394892384_a135-0_217_map.h5 /home/daisy/GRB-Search-Pipeline/search-planning/tilings/tiling_files/2.5x2.5_tiling.csv 6695 10.0 10.0 5.0 0 /home/daisy/GRB-Search-Pipeline/results/training/short_searching_2.5x2.5_tiling.csv
Input Parameters:
  file        = /home/daisy/GRB-Search-Pipeline/results/training/maps/short/adapt_p11-715852394892384_a135-0_217_map.h5
  source_tile = 6695
  slew_rate   = 10
  dwell_time  = 5
  output      = /home/daisy/GRB-Search-Pipeline/results/training/short_searching_2.5x2.5_tiling.csv

source = [78.2841, 135], n_src_events = 107, n_bkg_events = 1473
Loaded 8447 entries (unique=8447, duplicates=0, missing=40705, out_of_bounds=0, non-finite=0)
Sum(prob) over finite entries = 0.99999
init sum: 0.99999
num pixels: 49152
tile num: 6781
total tile prob: 0.99999
tiles with prob > 0: 1271
total tile prob after trim: 0.99999
num tiles after trim: 1271
init_pos: 6253
*********running GCP*********
total time (wallclock): 0.522894 seconds

$ /home/daisy/GRB-Search-Pipeline/search-planning/build/sp_train /home/daisy/GRB-Search-Pipeline/results/training/maps/short/adapt_p11-715852394892384_a135-0_218_map.h5 /home/daisy/GRB-Search-Pipeline/search-planning/tilings/tiling_files/2.5x2.5_tiling.csv 6695 10.0 10.0 5.0 0 /home/daisy/GRB-Search-Pipeline/results/training/short_searching_2.5x2.5_tiling.csv
Input Parameters:
  file        = /home/daisy/GRB-Search-Pipeline/results/training/maps/short/adapt_p11-715852394892384_a135-0_218_map.h5
  source_tile = 6695
  slew_rate   = 10
  dwell_time  = 5
  output      = /home/daisy/GRB-Search-Pipeline/results/training/short_searching_2.5x2.5_tiling.csv

source = [78.2841, 135], n_src_events = 389, n_bkg_events = 155
Loaded 120 entries (unique=120, duplicates=0, missing=49032, out_of_bounds=0, non-finite=0)
Sum(prob) over finite entries = 0.999999
init sum: 0.999999
num pixels: 49152
tile num: 6781
total tile prob: 0.999999
tiles with prob > 0: 28
total tile prob after trim: 0.999999
num tiles after trim: 28
init_pos: 6728
*********running GCP*********
total time (wallclock): 0.033945 seconds

$ /home/daisy/GRB-Search-Pipeline/search-planning/build/sp_train /home/daisy/GRB-Search-Pipeline/results/training/maps/short/adapt_p11-715852394892384_a135-0_219_map.h5 /home/daisy/GRB-Search-Pipeline/search-planning/tilings/tiling_files/2.5x2.5_tiling.csv 6695 10.0 10.0 5.0 0 /home/daisy/GRB-Search-Pipeline/results/training/short_searching_2.5x2.5_tiling.csv
Input Parameters:
  file        = /home/daisy/GRB-Search-Pipeline/results/training/maps/short/adapt_p11-715852394892384_a135-0_219_map.h5
  source_tile = 6695
  slew_rate   = 10
  dwell_time  = 5
  output      = /home/daisy/GRB-Search-Pipeline/results/training/short_searching_2.5x2.5_tiling.csv

source = [78.2841, 135], n_src_events = 737, n_bkg_events = 1421
Loaded 71 entries (unique=71, duplicates=0, missing=49081, out_of_bounds=0, non-finite=0)
Sum(prob) over finite entries = 0.999999
init sum: 0.999999
num pixels: 49152
tile num: 6781
total tile prob: 0.999999
tiles with prob > 0: 17
total tile prob after trim: 0.999999
num tiles after trim: 17
init_pos: 6659
*********running GCP*********
total time (wallclock): 0.0326152 seconds

$ /home/daisy/GRB-Search-Pipeline/search-planning/build/sp_train /home/daisy/GRB-Search-Pipeline/results/training/maps/short/adapt_p11-715852394892384_a135-0_21_map.h5 /home/daisy/GRB-Search-Pipeline/search-planning/tilings/tiling_files/2.5x2.5_tiling.csv 6695 10.0 10.0 5.0 0 /home/daisy/GRB-Search-Pipeline/results/training/short_searching_2.5x2.5_tiling.csv
Input Parameters:
  file        = /home/daisy/GRB-Search-Pipeline/results/training/maps/short/adapt_p11-715852394892384_a135-0_21_map.h5
  source_tile = 6695
  slew_rate   = 10
  dwell_time  = 5
  output      = /home/daisy/GRB-Search-Pipeline/results/training/short_searching_2.5x2.5_tiling.csv

source = [78.2841, 135], n_src_events = 310, n_bkg_events = 1249
Loaded 297 entries (unique=297, duplicates=0, missing=48855, out_of_bounds=0, non-finite=0)
Sum(prob) over finite entries = 0.999998
init sum: 0.999998
num pixels: 49152
tile num: 6781
total tile prob: 0.999998
tiles with prob > 0: 55
total tile prob after trim: 0.999998
num tiles after trim: 55
init_pos: 6727
*********running GCP*********
total time (wallclock): 0.0351898 seconds

$ /home/daisy/GRB-Search-Pipeline/search-planning/build/sp_train /home/daisy/GRB-Search-Pipeline/results/training/maps/short/adapt_p11-715852394892384_a135-0_220_map.h5 /home/daisy/GRB-Search-Pipeline/search-planning/tilings/tiling_files/2.5x2.5_tiling.csv 6695 10.0 10.0 5.0 0 /home/daisy/GRB-Search-Pipeline/results/training/short_searching_2.5x2.5_tiling.csv
Input Parameters:
  file        = /home/daisy/GRB-Search-Pipeline/results/training/maps/short/adapt_p11-715852394892384_a135-0_220_map.h5
  source_tile = 6695
  slew_rate   = 10
  dwell_time  = 5
  output      = /home/daisy/GRB-Search-Pipeline/results/training/short_searching_2.5x2.5_tiling.csv

source = [78.2841, 135], n_src_events = 145, n_bkg_events = 1282
Loaded 1122 entries (unique=1122, duplicates=0, missing=48030, out_of_bounds=0, non-finite=0)
Sum(prob) over finite entries = 0.999997
init sum: 0.999997
num pixels: 49152
tile num: 6781
total tile prob: 0.999997
tiles with prob > 0: 198
total tile prob after trim: 0.999997
num tiles after trim: 198
init_pos: 6572
*********running GCP*********
total time (wallclock): 0.0472588 seconds

$ /home/daisy/GRB-Search-Pipeline/search-planning/build/sp_train /home/daisy/GRB-Search-Pipeline/results/training/maps/short/adapt_p11-715852394892384_a135-0_221_map.h5 /home/daisy/GRB-Search-Pipeline/search-planning/tilings/tiling_files/2.5x2.5_tiling.csv 6695 10.0 10.0 5.0 0 /home/daisy/GRB-Search-Pipeline/results/training/short_searching_2.5x2.5_tiling.csv
Input Parameters:
  file        = /home/daisy/GRB-Search-Pipeline/results/training/maps/short/adapt_p11-715852394892384_a135-0_221_map.h5
  source_tile = 6695
  slew_rate   = 10
  dwell_time  = 5
  output      = /home/daisy/GRB-Search-Pipeline/results/training/short_searching_2.5x2.5_tiling.csv

source = [78.2841, 135], n_src_events = 390, n_bkg_events = 1686
Loaded 182 entries (unique=182, duplicates=0, missing=48970, out_of_bounds=0, non-finite=0)
Sum(prob) over finite entries = 0.999999
init sum: 0.999999
num pixels: 49152
tile num: 6781
total tile prob: 0.999999
tiles with prob > 0: 39
total tile prob after trim: 0.999999
num tiles after trim: 39
init_pos: 6693
*********running GCP*********
total time (wallclock): 0.0327402 seconds

$ /home/daisy/GRB-Search-Pipeline/search-planning/build/sp_train /home/daisy/GRB-Search-Pipeline/results/training/maps/short/adapt_p11-715852394892384_a135-0_222_map.h5 /home/daisy/GRB-Search-Pipeline/search-planning/tilings/tiling_files/2.5x2.5_tiling.csv 6695 10.0 10.0 5.0 0 /home/daisy/GRB-Search-Pipeline/results/training/short_searching_2.5x2.5_tiling.csv
Input Parameters:
  file        = /home/daisy/GRB-Search-Pipeline/results/training/maps/short/adapt_p11-715852394892384_a135-0_222_map.h5
  source_tile = 6695
  slew_rate   = 10
  dwell_time  = 5
  output      = /home/daisy/GRB-Search-Pipeline/results/training/short_searching_2.5x2.5_tiling.csv

source = [78.2841, 135], n_src_events = 610, n_bkg_events = 1152
Loaded 124 entries (unique=124, duplicates=0, missing=49028, out_of_bounds=0, non-finite=0)
Sum(prob) over finite entries = 0.999998
init sum: 0.999998
num pixels: 49152
tile num: 6781
total tile prob: 0.999998
tiles with prob > 0: 25
total tile prob after trim: 0.999998
num tiles after trim: 25
init_pos: 6616
*********running GCP*********
total time (wallclock): 0.0340487 seconds

$ /home/daisy/GRB-Search-Pipeline/search-planning/build/sp_train /home/daisy/GRB-Search-Pipeline/results/training/maps/short/adapt_p11-715852394892384_a135-0_223_map.h5 /home/daisy/GRB-Search-Pipeline/search-planning/tilings/tiling_files/2.5x2.5_tiling.csv 6695 10.0 10.0 5.0 0 /home/daisy/GRB-Search-Pipeline/results/training/short_searching_2.5x2.5_tiling.csv
Input Parameters:
  file        = /home/daisy/GRB-Search-Pipeline/results/training/maps/short/adapt_p11-715852394892384_a135-0_223_map.h5
  source_tile = 6695
  slew_rate   = 10
  dwell_time  = 5
  output      = /home/daisy/GRB-Search-Pipeline/results/training/short_searching_2.5x2.5_tiling.csv

source = [78.2841, 135], n_src_events = 871, n_bkg_events = 114
Loaded 29 entries (unique=29, duplicates=0, missing=49123, out_of_bounds=0, non-finite=0)
Sum(prob) over finite entries = 0.999999
init sum: 0.999999
num pixels: 49152
tile num: 6781
total tile prob: 0.999999
tiles with prob > 0: 9
total tile prob after trim: 0.999999
num tiles after trim: 9
init_pos: 6661
*********running GCP*********
total time (wallclock): 0.0326239 seconds

$ /home/daisy/GRB-Search-Pipeline/search-planning/build/sp_train /home/daisy/GRB-Search-Pipeline/results/training/maps/short/adapt_p11-715852394892384_a135-0_224_map.h5 /home/daisy/GRB-Search-Pipeline/search-planning/tilings/tiling_files/2.5x2.5_tiling.csv 6695 10.0 10.0 5.0 0 /home/daisy/GRB-Search-Pipeline/results/training/short_searching_2.5x2.5_tiling.csv
Input Parameters:
  file        = /home/daisy/GRB-Search-Pipeline/results/training/maps/short/adapt_p11-715852394892384_a135-0_224_map.h5
  source_tile = 6695
  slew_rate   = 10
  dwell_time  = 5
  output      = /home/daisy/GRB-Search-Pipeline/results/training/short_searching_2.5x2.5_tiling.csv

source = [78.2841, 135], n_src_events = 499, n_bkg_events = 933
Loaded 170 entries (unique=170, duplicates=0, missing=48982, out_of_bounds=0, non-finite=0)
Sum(prob) over finite entries = 0.999999
init sum: 0.999999
num pixels: 49152
tile num: 6781
total tile prob: 0.999999
tiles with prob > 0: 34
total tile prob after trim: 0.999999
num tiles after trim: 34
init_pos: 6616
*********running GCP*********
total time (wallclock): 0.0391034 seconds

$ /home/daisy/GRB-Search-Pipeline/search-planning/build/sp_train /home/daisy/GRB-Search-Pipeline/results/training/maps/short/adapt_p11-715852394892384_a135-0_225_map.h5 /home/daisy/GRB-Search-Pipeline/search-planning/tilings/tiling_files/2.5x2.5_tiling.csv 6695 10.0 10.0 5.0 0 /home/daisy/GRB-Search-Pipeline/results/training/short_searching_2.5x2.5_tiling.csv
Input Parameters:
  file        = /home/daisy/GRB-Search-Pipeline/results/training/maps/short/adapt_p11-715852394892384_a135-0_225_map.h5
  source_tile = 6695
  slew_rate   = 10
  dwell_time  = 5
  output      = /home/daisy/GRB-Search-Pipeline/results/training/short_searching_2.5x2.5_tiling.csv

source = [78.2841, 135], n_src_events = 770, n_bkg_events = 497
Loaded 59 entries (unique=59, duplicates=0, missing=49093, out_of_bounds=0, non-finite=0)
Sum(prob) over finite entries = 0.999999
init sum: 0.999999
num pixels: 49152
tile num: 6781
total tile prob: 0.999999
tiles with prob > 0: 15
total tile prob after trim: 0.999999
num tiles after trim: 15
init_pos: 6696
*********running GCP*********
total time (wallclock): 0.0320529 seconds

$ /home/daisy/GRB-Search-Pipeline/search-planning/build/sp_train /home/daisy/GRB-Search-Pipeline/results/training/maps/short/adapt_p11-715852394892384_a135-0_226_map.h5 /home/daisy/GRB-Search-Pipeline/search-planning/tilings/tiling_files/2.5x2.5_tiling.csv 6695 10.0 10.0 5.0 0 /home/daisy/GRB-Search-Pipeline/results/training/short_searching_2.5x2.5_tiling.csv
Input Parameters:
  file        = /home/daisy/GRB-Search-Pipeline/results/training/maps/short/adapt_p11-715852394892384_a135-0_226_map.h5
  source_tile = 6695
  slew_rate   = 10
  dwell_time  = 5
  output      = /home/daisy/GRB-Search-Pipeline/results/training/short_searching_2.5x2.5_tiling.csv

source = [78.2841, 135], n_src_events = 435, n_bkg_events = 1329
Loaded 255 entries (unique=255, duplicates=0, missing=48897, out_of_bounds=0, non-finite=0)
Sum(prob) over finite entries = 0.999998
init sum: 0.999998
num pixels: 49152
tile num: 6781
total tile prob: 0.999998
tiles with prob > 0: 46
total tile prob after trim: 0.999998
num tiles after trim: 46
init_pos: 6621
*********running GCP*********
total time (wallclock): 0.034206 seconds

$ /home/daisy/GRB-Search-Pipeline/search-planning/build/sp_train /home/daisy/GRB-Search-Pipeline/results/training/maps/short/adapt_p11-715852394892384_a135-0_227_map.h5 /home/daisy/GRB-Search-Pipeline/search-planning/tilings/tiling_files/2.5x2.5_tiling.csv 6695 10.0 10.0 5.0 0 /home/daisy/GRB-Search-Pipeline/results/training/short_searching_2.5x2.5_tiling.csv
Input Parameters:
  file        = /home/daisy/GRB-Search-Pipeline/results/training/maps/short/adapt_p11-715852394892384_a135-0_227_map.h5
  source_tile = 6695
  slew_rate   = 10
  dwell_time  = 5
  output      = /home/daisy/GRB-Search-Pipeline/results/training/short_searching_2.5x2.5_tiling.csv

source = [78.2841, 135], n_src_events = 485, n_bkg_events = 563
Loaded 119 entries (unique=119, duplicates=0, missing=49033, out_of_bounds=0, non-finite=0)
Sum(prob) over finite entries = 0.999998
init sum: 0.999998
num pixels: 49152
tile num: 6781
total tile prob: 0.999998
tiles with prob > 0: 25
total tile prob after trim: 0.999998
num tiles after trim: 25
init_pos: 6660
*********running GCP*********
total time (wallclock): 0.037033 seconds

$ /home/daisy/GRB-Search-Pipeline/search-planning/build/sp_train /home/daisy/GRB-Search-Pipeline/results/training/maps/short/adapt_p11-715852394892384_a135-0_228_map.h5 /home/daisy/GRB-Search-Pipeline/search-planning/tilings/tiling_files/2.5x2.5_tiling.csv 6695 10.0 10.0 5.0 0 /home/daisy/GRB-Search-Pipeline/results/training/short_searching_2.5x2.5_tiling.csv
Input Parameters:
  file        = /home/daisy/GRB-Search-Pipeline/results/training/maps/short/adapt_p11-715852394892384_a135-0_228_map.h5
  source_tile = 6695
  slew_rate   = 10
  dwell_time  = 5
  output      = /home/daisy/GRB-Search-Pipeline/results/training/short_searching_2.5x2.5_tiling.csv

source = [78.2841, 135], n_src_events = 682, n_bkg_events = 1650
Loaded 80 entries (unique=80, duplicates=0, missing=49072, out_of_bounds=0, non-finite=0)
Sum(prob) over finite entries = 0.999998
init sum: 0.999998
num pixels: 49152
tile num: 6781
total tile prob: 0.999998
tiles with prob > 0: 19
total tile prob after trim: 0.999998
num tiles after trim: 19
init_pos: 6697
*********running GCP*********
total time (wallclock): 0.0321352 seconds

$ /home/daisy/GRB-Search-Pipeline/search-planning/build/sp_train /home/daisy/GRB-Search-Pipeline/results/training/maps/short/adapt_p11-715852394892384_a135-0_229_map.h5 /home/daisy/GRB-Search-Pipeline/search-planning/tilings/tiling_files/2.5x2.5_tiling.csv 6695 10.0 10.0 5.0 0 /home/daisy/GRB-Search-Pipeline/results/training/short_searching_2.5x2.5_tiling.csv
Input Parameters:
  file        = /home/daisy/GRB-Search-Pipeline/results/training/maps/short/adapt_p11-715852394892384_a135-0_229_map.h5
  source_tile = 6695
  slew_rate   = 10
  dwell_time  = 5
  output      = /home/daisy/GRB-Search-Pipeline/results/training/short_searching_2.5x2.5_tiling.csv

source = [78.2841, 135], n_src_events = 384, n_bkg_events = 1308
Loaded 218 entries (unique=218, duplicates=0, missing=48934, out_of_bounds=0, non-finite=0)
Sum(prob) over finite entries = 0.999999
init sum: 0.999999
num pixels: 49152
tile num: 6781
total tile prob: 0.999999
tiles with prob > 0: 42
total tile prob after trim: 0.999999
num tiles after trim: 42
init_pos: 6657
*********running GCP*********
total time (wallclock): 0.0338188 seconds

$ /home/daisy/GRB-Search-Pipeline/search-planning/build/sp_train /home/daisy/GRB-Search-Pipeline/results/training/maps/short/adapt_p11-715852394892384_a135-0_22_map.h5 /home/daisy/GRB-Search-Pipeline/search-planning/tilings/tiling_files/2.5x2.5_tiling.csv 6695 10.0 10.0 5.0 0 /home/daisy/GRB-Search-Pipeline/results/training/short_searching_2.5x2.5_tiling.csv
Input Parameters:
  file        = /home/daisy/GRB-Search-Pipeline/results/training/maps/short/adapt_p11-715852394892384_a135-0_22_map.h5
  source_tile = 6695
  slew_rate   = 10
  dwell_time  = 5
  output      = /home/daisy/GRB-Search-Pipeline/results/training/short_searching_2.5x2.5_tiling.csv

source = [78.2841, 135], n_src_events = 802, n_bkg_events = 1155
Loaded 58 entries (unique=58, duplicates=0, missing=49094, out_of_bounds=0, non-finite=0)
Sum(prob) over finite entries = 0.999999
init sum: 0.999999
num pixels: 49152
tile num: 6781
total tile prob: 0.999999
tiles with prob > 0: 14
total tile prob after trim: 0.999999
num tiles after trim: 14
init_pos: 6662
*********running GCP*********
total time (wallclock): 0.0325645 seconds

$ /home/daisy/GRB-Search-Pipeline/search-planning/build/sp_train /home/daisy/GRB-Search-Pipeline/results/training/maps/short/adapt_p11-715852394892384_a135-0_230_map.h5 /home/daisy/GRB-Search-Pipeline/search-planning/tilings/tiling_files/2.5x2.5_tiling.csv 6695 10.0 10.0 5.0 0 /home/daisy/GRB-Search-Pipeline/results/training/short_searching_2.5x2.5_tiling.csv
Input Parameters:
  file        = /home/daisy/GRB-Search-Pipeline/results/training/maps/short/adapt_p11-715852394892384_a135-0_230_map.h5
  source_tile = 6695
  slew_rate   = 10
  dwell_time  = 5
  output      = /home/daisy/GRB-Search-Pipeline/results/training/short_searching_2.5x2.5_tiling.csv

source = [78.2841, 135], n_src_events = 396, n_bkg_events = 618
Loaded 118 entries (unique=118, duplicates=0, missing=49034, out_of_bounds=0, non-finite=0)
Sum(prob) over finite entries = 0.999999
init sum: 0.999999
num pixels: 49152
tile num: 6781
total tile prob: 0.999999
tiles with prob > 0: 23
total tile prob after trim: 0.999999
num tiles after trim: 23
init_pos: 6661
*********running GCP*********
total time (wallclock): 0.0348219 seconds

$ /home/daisy/GRB-Search-Pipeline/search-planning/build/sp_train /home/daisy/GRB-Search-Pipeline/results/training/maps/short/adapt_p11-715852394892384_a135-0_231_map.h5 /home/daisy/GRB-Search-Pipeline/search-planning/tilings/tiling_files/2.5x2.5_tiling.csv 6695 10.0 10.0 5.0 0 /home/daisy/GRB-Search-Pipeline/results/training/short_searching_2.5x2.5_tiling.csv
Input Parameters:
  file        = /home/daisy/GRB-Search-Pipeline/results/training/maps/short/adapt_p11-715852394892384_a135-0_231_map.h5
  source_tile = 6695
  slew_rate   = 10
  dwell_time  = 5
  output      = /home/daisy/GRB-Search-Pipeline/results/training/short_searching_2.5x2.5_tiling.csv

source = [78.2841, 135], n_src_events = 848, n_bkg_events = 317
Loaded 46 entries (unique=46, duplicates=0, missing=49106, out_of_bounds=0, non-finite=0)
Sum(prob) over finite entries = 0.999999
init sum: 0.999999
num pixels: 49152
tile num: 6781
total tile prob: 0.999999
tiles with prob > 0: 11
total tile prob after trim: 0.999999
num tiles after trim: 11
init_pos: 6616
*********running GCP*********
total time (wallclock): 0.0333639 seconds

$ /home/daisy/GRB-Search-Pipeline/search-planning/build/sp_train /home/daisy/GRB-Search-Pipeline/results/training/maps/short/adapt_p11-715852394892384_a135-0_232_map.h5 /home/daisy/GRB-Search-Pipeline/search-planning/tilings/tiling_files/2.5x2.5_tiling.csv 6695 10.0 10.0 5.0 0 /home/daisy/GRB-Search-Pipeline/results/training/short_searching_2.5x2.5_tiling.csv
Input Parameters:
  file        = /home/daisy/GRB-Search-Pipeline/results/training/maps/short/adapt_p11-715852394892384_a135-0_232_map.h5
  source_tile = 6695
  slew_rate   = 10
  dwell_time  = 5
  output      = /home/daisy/GRB-Search-Pipeline/results/training/short_searching_2.5x2.5_tiling.csv

source = [78.2841, 135], n_src_events = 261, n_bkg_events = 677
Loaded 334 entries (unique=334, duplicates=0, missing=48818, out_of_bounds=0, non-finite=0)
Sum(prob) over finite entries = 0.999999
init sum: 0.999999
num pixels: 49152
tile num: 6781
total tile prob: 0.999999
tiles with prob > 0: 64
total tile prob after trim: 0.999999
num tiles after trim: 64
init_pos: 6692
*********running GCP*********
total time (wallclock): 0.0553267 seconds

$ /home/daisy/GRB-Search-Pipeline/search-planning/build/sp_train /home/daisy/GRB-Search-Pipeline/results/training/maps/short/adapt_p11-715852394892384_a135-0_233_map.h5 /home/daisy/GRB-Search-Pipeline/search-planning/tilings/tiling_files/2.5x2.5_tiling.csv 6695 10.0 10.0 5.0 0 /home/daisy/GRB-Search-Pipeline/results/training/short_searching_2.5x2.5_tiling.csv
Input Parameters:
  file        = /home/daisy/GRB-Search-Pipeline/results/training/maps/short/adapt_p11-715852394892384_a135-0_233_map.h5
  source_tile = 6695
  slew_rate   = 10
  dwell_time  = 5
  output      = /home/daisy/GRB-Search-Pipeline/results/training/short_searching_2.5x2.5_tiling.csv

source = [78.2841, 135], n_src_events = 335, n_bkg_events = 159
Loaded 152 entries (unique=152, duplicates=0, missing=49000, out_of_bounds=0, non-finite=0)
Sum(prob) over finite entries = 0.999999
init sum: 0.999999
num pixels: 49152
tile num: 6781
total tile prob: 0.999999
tiles with prob > 0: 33
total tile prob after trim: 0.999999
num tiles after trim: 33
init_pos: 6661
*********running GCP*********
total time (wallclock): 0.0318965 seconds

$ /home/daisy/GRB-Search-Pipeline/search-planning/build/sp_train /home/daisy/GRB-Search-Pipeline/results/training/maps/short/adapt_p11-715852394892384_a135-0_234_map.h5 /home/daisy/GRB-Search-Pipeline/search-planning/tilings/tiling_files/2.5x2.5_tiling.csv 6695 10.0 10.0 5.0 0 /home/daisy/GRB-Search-Pipeline/results/training/short_searching_2.5x2.5_tiling.csv
Input Parameters:
  file        = /home/daisy/GRB-Search-Pipeline/results/training/maps/short/adapt_p11-715852394892384_a135-0_234_map.h5
  source_tile = 6695
  slew_rate   = 10
  dwell_time  = 5
  output      = /home/daisy/GRB-Search-Pipeline/results/training/short_searching_2.5x2.5_tiling.csv

source = [78.2841, 135], n_src_events = 189, n_bkg_events = 123
Loaded 223 entries (unique=223, duplicates=0, missing=48929, out_of_bounds=0, non-finite=0)
Sum(prob) over finite entries = 0.999999
init sum: 0.999999
num pixels: 49152
tile num: 6781
total tile prob: 0.999999
tiles with prob > 0: 42
total tile prob after trim: 0.999999
num tiles after trim: 42
init_pos: 6614
*********running GCP*********
total time (wallclock): 0.0345608 seconds

$ /home/daisy/GRB-Search-Pipeline/search-planning/build/sp_train /home/daisy/GRB-Search-Pipeline/results/training/maps/short/adapt_p11-715852394892384_a135-0_235_map.h5 /home/daisy/GRB-Search-Pipeline/search-planning/tilings/tiling_files/2.5x2.5_tiling.csv 6695 10.0 10.0 5.0 0 /home/daisy/GRB-Search-Pipeline/results/training/short_searching_2.5x2.5_tiling.csv
Input Parameters:
  file        = /home/daisy/GRB-Search-Pipeline/results/training/maps/short/adapt_p11-715852394892384_a135-0_235_map.h5
  source_tile = 6695
  slew_rate   = 10
  dwell_time  = 5
  output      = /home/daisy/GRB-Search-Pipeline/results/training/short_searching_2.5x2.5_tiling.csv

source = [78.2841, 135], n_src_events = 763, n_bkg_events = 1540
Loaded 80 entries (unique=80, duplicates=0, missing=49072, out_of_bounds=0, non-finite=0)
Sum(prob) over finite entries = 0.999999
init sum: 0.999999
num pixels: 49152
tile num: 6781
total tile prob: 0.999999
tiles with prob > 0: 18
total tile prob after trim: 0.999999
num tiles after trim: 18
init_pos: 6616
*********running GCP*********
total time (wallclock): 0.0320027 seconds

$ /home/daisy/GRB-Search-Pipeline/search-planning/build/sp_train /home/daisy/GRB-Search-Pipeline/results/training/maps/short/adapt_p11-715852394892384_a135-0_236_map.h5 /home/daisy/GRB-Search-Pipeline/search-planning/tilings/tiling_files/2.5x2.5_tiling.csv 6695 10.0 10.0 5.0 0 /home/daisy/GRB-Search-Pipeline/results/training/short_searching_2.5x2.5_tiling.csv
Input Parameters:
  file        = /home/daisy/GRB-Search-Pipeline/results/training/maps/short/adapt_p11-715852394892384_a135-0_236_map.h5
  source_tile = 6695
  slew_rate   = 10
  dwell_time  = 5
  output      = /home/daisy/GRB-Search-Pipeline/results/training/short_searching_2.5x2.5_tiling.csv

source = [78.2841, 135], n_src_events = 237, n_bkg_events = 781
Loaded 318 entries (unique=318, duplicates=0, missing=48834, out_of_bounds=0, non-finite=0)
Sum(prob) over finite entries = 0.999998
init sum: 0.999998
num pixels: 49152
tile num: 6781
total tile prob: 0.999998
tiles with prob > 0: 61
total tile prob after trim: 0.999998
num tiles after trim: 61
init_pos: 6575
*********running GCP*********
total time (wallclock): 0.0396426 seconds

$ /home/daisy/GRB-Search-Pipeline/search-planning/build/sp_train /home/daisy/GRB-Search-Pipeline/results/training/maps/short/adapt_p11-715852394892384_a135-0_237_map.h5 /home/daisy/GRB-Search-Pipeline/search-planning/tilings/tiling_files/2.5x2.5_tiling.csv 6695 10.0 10.0 5.0 0 /home/daisy/GRB-Search-Pipeline/results/training/short_searching_2.5x2.5_tiling.csv
Input Parameters:
  file        = /home/daisy/GRB-Search-Pipeline/results/training/maps/short/adapt_p11-715852394892384_a135-0_237_map.h5
  source_tile = 6695
  slew_rate   = 10
  dwell_time  = 5
  output      = /home/daisy/GRB-Search-Pipeline/results/training/short_searching_2.5x2.5_tiling.csv

source = [78.2841, 135], n_src_events = 490, n_bkg_events = 1474
Loaded 153 entries (unique=153, duplicates=0, missing=48999, out_of_bounds=0, non-finite=0)
Sum(prob) over finite entries = 0.999999
init sum: 0.999999
num pixels: 49152
tile num: 6781
total tile prob: 0.999999
tiles with prob > 0: 35
total tile prob after trim: 0.999999
num tiles after trim: 35
init_pos: 6616
*********running GCP*********
total time (wallclock): 0.0322937 seconds

$ /home/daisy/GRB-Search-Pipeline/search-planning/build/sp_train /home/daisy/GRB-Search-Pipeline/results/training/maps/short/adapt_p11-715852394892384_a135-0_238_map.h5 /home/daisy/GRB-Search-Pipeline/search-planning/tilings/tiling_files/2.5x2.5_tiling.csv 6695 10.0 10.0 5.0 0 /home/daisy/GRB-Search-Pipeline/results/training/short_searching_2.5x2.5_tiling.csv
Input Parameters:
  file        = /home/daisy/GRB-Search-Pipeline/results/training/maps/short/adapt_p11-715852394892384_a135-0_238_map.h5
  source_tile = 6695
  slew_rate   = 10
  dwell_time  = 5
  output      = /home/daisy/GRB-Search-Pipeline/results/training/short_searching_2.5x2.5_tiling.csv

source = [78.2841, 135], n_src_events = 754, n_bkg_events = 494
Loaded 44 entries (unique=44, duplicates=0, missing=49108, out_of_bounds=0, non-finite=0)
Sum(prob) over finite entries = 0.999998
init sum: 0.999998
num pixels: 49152
tile num: 6781
total tile prob: 0.999998
tiles with prob > 0: 12
total tile prob after trim: 0.999998
num tiles after trim: 12
init_pos: 6620
*********running GCP*********
total time (wallclock): 0.033513 seconds

$ /home/daisy/GRB-Search-Pipeline/search-planning/build/sp_train /home/daisy/GRB-Search-Pipeline/results/training/maps/short/adapt_p11-715852394892384_a135-0_239_map.h5 /home/daisy/GRB-Search-Pipeline/search-planning/tilings/tiling_files/2.5x2.5_tiling.csv 6695 10.0 10.0 5.0 0 /home/daisy/GRB-Search-Pipeline/results/training/short_searching_2.5x2.5_tiling.csv
Input Parameters:
  file        = /home/daisy/GRB-Search-Pipeline/results/training/maps/short/adapt_p11-715852394892384_a135-0_239_map.h5
  source_tile = 6695
  slew_rate   = 10
  dwell_time  = 5
  output      = /home/daisy/GRB-Search-Pipeline/results/training/short_searching_2.5x2.5_tiling.csv

source = [78.2841, 135], n_src_events = 134, n_bkg_events = 1912
Loaded 1002 entries (unique=1002, duplicates=0, missing=48150, out_of_bounds=0, non-finite=0)
Sum(prob) over finite entries = 0.999998
init sum: 0.999998
num pixels: 49152
tile num: 6781
total tile prob: 0.999998
tiles with prob > 0: 178
total tile prob after trim: 0.999998
num tiles after trim: 178
init_pos: 6396
*********running GCP*********
total time (wallclock): 0.0457741 seconds

$ /home/daisy/GRB-Search-Pipeline/search-planning/build/sp_train /home/daisy/GRB-Search-Pipeline/results/training/maps/short/adapt_p11-715852394892384_a135-0_23_map.h5 /home/daisy/GRB-Search-Pipeline/search-planning/tilings/tiling_files/2.5x2.5_tiling.csv 6695 10.0 10.0 5.0 0 /home/daisy/GRB-Search-Pipeline/results/training/short_searching_2.5x2.5_tiling.csv
Input Parameters:
  file        = /home/daisy/GRB-Search-Pipeline/results/training/maps/short/adapt_p11-715852394892384_a135-0_23_map.h5
  source_tile = 6695
  slew_rate   = 10
  dwell_time  = 5
  output      = /home/daisy/GRB-Search-Pipeline/results/training/short_searching_2.5x2.5_tiling.csv

source = [78.2841, 135], n_src_events = 324, n_bkg_events = 704
Loaded 166 entries (unique=166, duplicates=0, missing=48986, out_of_bounds=0, non-finite=0)
Sum(prob) over finite entries = 0.999998
init sum: 0.999998
num pixels: 49152
tile num: 6781
total tile prob: 0.999998
tiles with prob > 0: 32
total tile prob after trim: 0.999998
num tiles after trim: 32
init_pos: 6573
*********running GCP*********
total time (wallclock): 0.0369274 seconds

$ /home/daisy/GRB-Search-Pipeline/search-planning/build/sp_train /home/daisy/GRB-Search-Pipeline/results/training/maps/short/adapt_p11-715852394892384_a135-0_240_map.h5 /home/daisy/GRB-Search-Pipeline/search-planning/tilings/tiling_files/2.5x2.5_tiling.csv 6695 10.0 10.0 5.0 0 /home/daisy/GRB-Search-Pipeline/results/training/short_searching_2.5x2.5_tiling.csv
Input Parameters:
  file        = /home/daisy/GRB-Search-Pipeline/results/training/maps/short/adapt_p11-715852394892384_a135-0_240_map.h5
  source_tile = 6695
  slew_rate   = 10
  dwell_time  = 5
  output      = /home/daisy/GRB-Search-Pipeline/results/training/short_searching_2.5x2.5_tiling.csv

source = [78.2841, 135], n_src_events = 615, n_bkg_events = 590
Loaded 76 entries (unique=76, duplicates=0, missing=49076, out_of_bounds=0, non-finite=0)
Sum(prob) over finite entries = 0.999999
init sum: 0.999999
num pixels: 49152
tile num: 6781
total tile prob: 0.999999
tiles with prob > 0: 17
total tile prob after trim: 0.999999
num tiles after trim: 17
init_pos: 6659
*********running GCP*********
total time (wallclock): 0.0314237 seconds

$ /home/daisy/GRB-Search-Pipeline/search-planning/build/sp_train /home/daisy/GRB-Search-Pipeline/results/training/maps/short/adapt_p11-715852394892384_a135-0_241_map.h5 /home/daisy/GRB-Search-Pipeline/search-planning/tilings/tiling_files/2.5x2.5_tiling.csv 6695 10.0 10.0 5.0 0 /home/daisy/GRB-Search-Pipeline/results/training/short_searching_2.5x2.5_tiling.csv
Input Parameters:
  file        = /home/daisy/GRB-Search-Pipeline/results/training/maps/short/adapt_p11-715852394892384_a135-0_241_map.h5
  source_tile = 6695
  slew_rate   = 10
  dwell_time  = 5
  output      = /home/daisy/GRB-Search-Pipeline/results/training/short_searching_2.5x2.5_tiling.csv

source = [78.2841, 135], n_src_events = 555, n_bkg_events = 691
Loaded 84 entries (unique=84, duplicates=0, missing=49068, out_of_bounds=0, non-finite=0)
Sum(prob) over finite entries = 0.999998
init sum: 0.999998
num pixels: 49152
tile num: 6781
total tile prob: 0.999998
tiles with prob > 0: 19
total tile prob after trim: 0.999998
num tiles after trim: 19
init_pos: 6619
*********running GCP*********
total time (wallclock): 0.0336765 seconds

$ /home/daisy/GRB-Search-Pipeline/search-planning/build/sp_train /home/daisy/GRB-Search-Pipeline/results/training/maps/short/adapt_p11-715852394892384_a135-0_242_map.h5 /home/daisy/GRB-Search-Pipeline/search-planning/tilings/tiling_files/2.5x2.5_tiling.csv 6695 10.0 10.0 5.0 0 /home/daisy/GRB-Search-Pipeline/results/training/short_searching_2.5x2.5_tiling.csv
Input Parameters:
  file        = /home/daisy/GRB-Search-Pipeline/results/training/maps/short/adapt_p11-715852394892384_a135-0_242_map.h5
  source_tile = 6695
  slew_rate   = 10
  dwell_time  = 5
  output      = /home/daisy/GRB-Search-Pipeline/results/training/short_searching_2.5x2.5_tiling.csv

source = [78.2841, 135], n_src_events = 758, n_bkg_events = 505
Loaded 64 entries (unique=64, duplicates=0, missing=49088, out_of_bounds=0, non-finite=0)
Sum(prob) over finite entries = 0.999999
init sum: 0.999999
num pixels: 49152
tile num: 6781
total tile prob: 0.999999
tiles with prob > 0: 13
total tile prob after trim: 0.999999
num tiles after trim: 13
init_pos: 6698
*********running GCP*********
total time (wallclock): 0.0336715 seconds

$ /home/daisy/GRB-Search-Pipeline/search-planning/build/sp_train /home/daisy/GRB-Search-Pipeline/results/training/maps/short/adapt_p11-715852394892384_a135-0_243_map.h5 /home/daisy/GRB-Search-Pipeline/search-planning/tilings/tiling_files/2.5x2.5_tiling.csv 6695 10.0 10.0 5.0 0 /home/daisy/GRB-Search-Pipeline/results/training/short_searching_2.5x2.5_tiling.csv
Input Parameters:
  file        = /home/daisy/GRB-Search-Pipeline/results/training/maps/short/adapt_p11-715852394892384_a135-0_243_map.h5
  source_tile = 6695
  slew_rate   = 10
  dwell_time  = 5
  output      = /home/daisy/GRB-Search-Pipeline/results/training/short_searching_2.5x2.5_tiling.csv

source = [78.2841, 135], n_src_events = 391, n_bkg_events = 164
Loaded 87 entries (unique=87, duplicates=0, missing=49065, out_of_bounds=0, non-finite=0)
Sum(prob) over finite entries = 0.999998
init sum: 0.999998
num pixels: 49152
tile num: 6781
total tile prob: 0.999998
tiles with prob > 0: 20
total tile prob after trim: 0.999998
num tiles after trim: 20
init_pos: 6572
*********running GCP*********
total time (wallclock): 0.0362289 seconds

$ /home/daisy/GRB-Search-Pipeline/search-planning/build/sp_train /home/daisy/GRB-Search-Pipeline/results/training/maps/short/adapt_p11-715852394892384_a135-0_244_map.h5 /home/daisy/GRB-Search-Pipeline/search-planning/tilings/tiling_files/2.5x2.5_tiling.csv 6695 10.0 10.0 5.0 0 /home/daisy/GRB-Search-Pipeline/results/training/short_searching_2.5x2.5_tiling.csv
Input Parameters:
  file        = /home/daisy/GRB-Search-Pipeline/results/training/maps/short/adapt_p11-715852394892384_a135-0_244_map.h5
  source_tile = 6695
  slew_rate   = 10
  dwell_time  = 5
  output      = /home/daisy/GRB-Search-Pipeline/results/training/short_searching_2.5x2.5_tiling.csv

source = [78.2841, 135], n_src_events = 389, n_bkg_events = 854
Loaded 151 entries (unique=151, duplicates=0, missing=49001, out_of_bounds=0, non-finite=0)
Sum(prob) over finite entries = 0.999998
init sum: 0.999998
num pixels: 49152
tile num: 6781
total tile prob: 0.999998
tiles with prob > 0: 31
total tile prob after trim: 0.999998
num tiles after trim: 31
init_pos: 6725
*********running GCP*********
total time (wallclock): 0.03237 seconds

$ /home/daisy/GRB-Search-Pipeline/search-planning/build/sp_train /home/daisy/GRB-Search-Pipeline/results/training/maps/short/adapt_p11-715852394892384_a135-0_245_map.h5 /home/daisy/GRB-Search-Pipeline/search-planning/tilings/tiling_files/2.5x2.5_tiling.csv 6695 10.0 10.0 5.0 0 /home/daisy/GRB-Search-Pipeline/results/training/short_searching_2.5x2.5_tiling.csv
Input Parameters:
  file        = /home/daisy/GRB-Search-Pipeline/results/training/maps/short/adapt_p11-715852394892384_a135-0_245_map.h5
  source_tile = 6695
  slew_rate   = 10
  dwell_time  = 5
  output      = /home/daisy/GRB-Search-Pipeline/results/training/short_searching_2.5x2.5_tiling.csv

source = [78.2841, 135], n_src_events = 546, n_bkg_events = 422
Loaded 99 entries (unique=99, duplicates=0, missing=49053, out_of_bounds=0, non-finite=0)
Sum(prob) over finite entries = 0.999997
init sum: 0.999997
num pixels: 49152
tile num: 6781
total tile prob: 0.999997
tiles with prob > 0: 21
total tile prob after trim: 0.999997
num tiles after trim: 21
init_pos: 6618
*********running GCP*********
total time (wallclock): 0.0335768 seconds

$ /home/daisy/GRB-Search-Pipeline/search-planning/build/sp_train /home/daisy/GRB-Search-Pipeline/results/training/maps/short/adapt_p11-715852394892384_a135-0_246_map.h5 /home/daisy/GRB-Search-Pipeline/search-planning/tilings/tiling_files/2.5x2.5_tiling.csv 6695 10.0 10.0 5.0 0 /home/daisy/GRB-Search-Pipeline/results/training/short_searching_2.5x2.5_tiling.csv
Input Parameters:
  file        = /home/daisy/GRB-Search-Pipeline/results/training/maps/short/adapt_p11-715852394892384_a135-0_246_map.h5
  source_tile = 6695
  slew_rate   = 10
  dwell_time  = 5
  output      = /home/daisy/GRB-Search-Pipeline/results/training/short_searching_2.5x2.5_tiling.csv

source = [78.2841, 135], n_src_events = 375, n_bkg_events = 1818
Loaded 222 entries (unique=222, duplicates=0, missing=48930, out_of_bounds=0, non-finite=0)
Sum(prob) over finite entries = 0.999998
init sum: 0.999998
num pixels: 49152
tile num: 6781
total tile prob: 0.999998
tiles with prob > 0: 44
total tile prob after trim: 0.999998
num tiles after trim: 44
init_pos: 6618
*********running GCP*********
total time (wallclock): 0.043995 seconds

$ /home/daisy/GRB-Search-Pipeline/search-planning/build/sp_train /home/daisy/GRB-Search-Pipeline/results/training/maps/short/adapt_p11-715852394892384_a135-0_247_map.h5 /home/daisy/GRB-Search-Pipeline/search-planning/tilings/tiling_files/2.5x2.5_tiling.csv 6695 10.0 10.0 5.0 0 /home/daisy/GRB-Search-Pipeline/results/training/short_searching_2.5x2.5_tiling.csv
Input Parameters:
  file        = /home/daisy/GRB-Search-Pipeline/results/training/maps/short/adapt_p11-715852394892384_a135-0_247_map.h5
  source_tile = 6695
  slew_rate   = 10
  dwell_time  = 5
  output      = /home/daisy/GRB-Search-Pipeline/results/training/short_searching_2.5x2.5_tiling.csv

source = [78.2841, 135], n_src_events = 509, n_bkg_events = 756
Loaded 139 entries (unique=139, duplicates=0, missing=49013, out_of_bounds=0, non-finite=0)
Sum(prob) over finite entries = 0.999997
init sum: 0.999997
num pixels: 49152
tile num: 6781
total tile prob: 0.999997
tiles with prob > 0: 29
total tile prob after trim: 0.999997
num tiles after trim: 29
init_pos: 6658
*********running GCP*********
total time (wallclock): 0.033604 seconds

$ /home/daisy/GRB-Search-Pipeline/search-planning/build/sp_train /home/daisy/GRB-Search-Pipeline/results/training/maps/short/adapt_p11-715852394892384_a135-0_248_map.h5 /home/daisy/GRB-Search-Pipeline/search-planning/tilings/tiling_files/2.5x2.5_tiling.csv 6695 10.0 10.0 5.0 0 /home/daisy/GRB-Search-Pipeline/results/training/short_searching_2.5x2.5_tiling.csv
Input Parameters:
  file        = /home/daisy/GRB-Search-Pipeline/results/training/maps/short/adapt_p11-715852394892384_a135-0_248_map.h5
  source_tile = 6695
  slew_rate   = 10
  dwell_time  = 5
  output      = /home/daisy/GRB-Search-Pipeline/results/training/short_searching_2.5x2.5_tiling.csv

source = [78.2841, 135], n_src_events = 476, n_bkg_events = 769
Loaded 103 entries (unique=103, duplicates=0, missing=49049, out_of_bounds=0, non-finite=0)
Sum(prob) over finite entries = 0.999998
init sum: 0.999998
num pixels: 49152
tile num: 6781
total tile prob: 0.999998
tiles with prob > 0: 21
total tile prob after trim: 0.999998
num tiles after trim: 21
init_pos: 6619
*********running GCP*********
total time (wallclock): 0.0322773 seconds

$ /home/daisy/GRB-Search-Pipeline/search-planning/build/sp_train /home/daisy/GRB-Search-Pipeline/results/training/maps/short/adapt_p11-715852394892384_a135-0_249_map.h5 /home/daisy/GRB-Search-Pipeline/search-planning/tilings/tiling_files/2.5x2.5_tiling.csv 6695 10.0 10.0 5.0 0 /home/daisy/GRB-Search-Pipeline/results/training/short_searching_2.5x2.5_tiling.csv
Input Parameters:
  file        = /home/daisy/GRB-Search-Pipeline/results/training/maps/short/adapt_p11-715852394892384_a135-0_249_map.h5
  source_tile = 6695
  slew_rate   = 10
  dwell_time  = 5
  output      = /home/daisy/GRB-Search-Pipeline/results/training/short_searching_2.5x2.5_tiling.csv

source = [78.2841, 135], n_src_events = 413, n_bkg_events = 1234
Loaded 162 entries (unique=162, duplicates=0, missing=48990, out_of_bounds=0, non-finite=0)
Sum(prob) over finite entries = 0.999999
init sum: 0.999999
num pixels: 49152
tile num: 6781
total tile prob: 0.999999
tiles with prob > 0: 31
total tile prob after trim: 0.999999
num tiles after trim: 31
init_pos: 6696
*********running GCP*********
total time (wallclock): 0.0338351 seconds

$ /home/daisy/GRB-Search-Pipeline/search-planning/build/sp_train /home/daisy/GRB-Search-Pipeline/results/training/maps/short/adapt_p11-715852394892384_a135-0_24_map.h5 /home/daisy/GRB-Search-Pipeline/search-planning/tilings/tiling_files/2.5x2.5_tiling.csv 6695 10.0 10.0 5.0 0 /home/daisy/GRB-Search-Pipeline/results/training/short_searching_2.5x2.5_tiling.csv
Input Parameters:
  file        = /home/daisy/GRB-Search-Pipeline/results/training/maps/short/adapt_p11-715852394892384_a135-0_24_map.h5
  source_tile = 6695
  slew_rate   = 10
  dwell_time  = 5
  output      = /home/daisy/GRB-Search-Pipeline/results/training/short_searching_2.5x2.5_tiling.csv

source = [78.2841, 135], n_src_events = 729, n_bkg_events = 225
Loaded 43 entries (unique=43, duplicates=0, missing=49109, out_of_bounds=0, non-finite=0)
Sum(prob) over finite entries = 0.999999
init sum: 0.999999
num pixels: 49152
tile num: 6781
total tile prob: 0.999999
tiles with prob > 0: 11
total tile prob after trim: 0.999999
num tiles after trim: 11
init_pos: 6619
*********running GCP*********
total time (wallclock): 0.0332578 seconds

$ /home/daisy/GRB-Search-Pipeline/search-planning/build/sp_train /home/daisy/GRB-Search-Pipeline/results/training/maps/short/adapt_p11-715852394892384_a135-0_250_map.h5 /home/daisy/GRB-Search-Pipeline/search-planning/tilings/tiling_files/2.5x2.5_tiling.csv 6695 10.0 10.0 5.0 0 /home/daisy/GRB-Search-Pipeline/results/training/short_searching_2.5x2.5_tiling.csv
Input Parameters:
  file        = /home/daisy/GRB-Search-Pipeline/results/training/maps/short/adapt_p11-715852394892384_a135-0_250_map.h5
  source_tile = 6695
  slew_rate   = 10
  dwell_time  = 5
  output      = /home/daisy/GRB-Search-Pipeline/results/training/short_searching_2.5x2.5_tiling.csv

source = [78.2841, 135], n_src_events = 235, n_bkg_events = 1532
Loaded 417 entries (unique=417, duplicates=0, missing=48735, out_of_bounds=0, non-finite=0)
Sum(prob) over finite entries = 0.999997
init sum: 0.999997
num pixels: 49152
tile num: 6781
total tile prob: 0.999997
tiles with prob > 0: 79
total tile prob after trim: 0.999997
num tiles after trim: 79
init_pos: 6702
*********running GCP*********
total time (wallclock): 0.0408415 seconds

$ /home/daisy/GRB-Search-Pipeline/search-planning/build/sp_train /home/daisy/GRB-Search-Pipeline/results/training/maps/short/adapt_p11-715852394892384_a135-0_251_map.h5 /home/daisy/GRB-Search-Pipeline/search-planning/tilings/tiling_files/2.5x2.5_tiling.csv 6695 10.0 10.0 5.0 0 /home/daisy/GRB-Search-Pipeline/results/training/short_searching_2.5x2.5_tiling.csv
Input Parameters:
  file        = /home/daisy/GRB-Search-Pipeline/results/training/maps/short/adapt_p11-715852394892384_a135-0_251_map.h5
  source_tile = 6695
  slew_rate   = 10
  dwell_time  = 5
  output      = /home/daisy/GRB-Search-Pipeline/results/training/short_searching_2.5x2.5_tiling.csv

source = [78.2841, 135], n_src_events = 651, n_bkg_events = 1554
Loaded 110 entries (unique=110, duplicates=0, missing=49042, out_of_bounds=0, non-finite=0)
Sum(prob) over finite entries = 0.999999
init sum: 0.999999
num pixels: 49152
tile num: 6781
total tile prob: 0.999999
tiles with prob > 0: 26
total tile prob after trim: 0.999999
num tiles after trim: 26
init_pos: 6694
*********running GCP*********
total time (wallclock): 0.031143 seconds

$ /home/daisy/GRB-Search-Pipeline/search-planning/build/sp_train /home/daisy/GRB-Search-Pipeline/results/training/maps/short/adapt_p11-715852394892384_a135-0_252_map.h5 /home/daisy/GRB-Search-Pipeline/search-planning/tilings/tiling_files/2.5x2.5_tiling.csv 6695 10.0 10.0 5.0 0 /home/daisy/GRB-Search-Pipeline/results/training/short_searching_2.5x2.5_tiling.csv
Input Parameters:
  file        = /home/daisy/GRB-Search-Pipeline/results/training/maps/short/adapt_p11-715852394892384_a135-0_252_map.h5
  source_tile = 6695
  slew_rate   = 10
  dwell_time  = 5
  output      = /home/daisy/GRB-Search-Pipeline/results/training/short_searching_2.5x2.5_tiling.csv

source = [78.2841, 135], n_src_events = 759, n_bkg_events = 1036
Loaded 57 entries (unique=57, duplicates=0, missing=49095, out_of_bounds=0, non-finite=0)
Sum(prob) over finite entries = 0.999998
init sum: 0.999998
num pixels: 49152
tile num: 6781
total tile prob: 0.999998
tiles with prob > 0: 15
total tile prob after trim: 0.999998
num tiles after trim: 15
init_pos: 6696
*********running GCP*********
total time (wallclock): 0.0322316 seconds

$ /home/daisy/GRB-Search-Pipeline/search-planning/build/sp_train /home/daisy/GRB-Search-Pipeline/results/training/maps/short/adapt_p11-715852394892384_a135-0_253_map.h5 /home/daisy/GRB-Search-Pipeline/search-planning/tilings/tiling_files/2.5x2.5_tiling.csv 6695 10.0 10.0 5.0 0 /home/daisy/GRB-Search-Pipeline/results/training/short_searching_2.5x2.5_tiling.csv
Input Parameters:
  file        = /home/daisy/GRB-Search-Pipeline/results/training/maps/short/adapt_p11-715852394892384_a135-0_253_map.h5
  source_tile = 6695
  slew_rate   = 10
  dwell_time  = 5
  output      = /home/daisy/GRB-Search-Pipeline/results/training/short_searching_2.5x2.5_tiling.csv

source = [78.2841, 135], n_src_events = 146, n_bkg_events = 1517
Loaded 2049 entries (unique=2049, duplicates=0, missing=47103, out_of_bounds=0, non-finite=0)
Sum(prob) over finite entries = 0.999995
init sum: 0.999995
num pixels: 49152
tile num: 6781
total tile prob: 0.999995
tiles with prob > 0: 350
total tile prob after trim: 0.999995
num tiles after trim: 350
init_pos: 6650
*********running GCP*********
total time (wallclock): 0.0700833 seconds

$ /home/daisy/GRB-Search-Pipeline/search-planning/build/sp_train /home/daisy/GRB-Search-Pipeline/results/training/maps/short/adapt_p11-715852394892384_a135-0_254_map.h5 /home/daisy/GRB-Search-Pipeline/search-planning/tilings/tiling_files/2.5x2.5_tiling.csv 6695 10.0 10.0 5.0 0 /home/daisy/GRB-Search-Pipeline/results/training/short_searching_2.5x2.5_tiling.csv
Input Parameters:
  file        = /home/daisy/GRB-Search-Pipeline/results/training/maps/short/adapt_p11-715852394892384_a135-0_254_map.h5
  source_tile = 6695
  slew_rate   = 10
  dwell_time  = 5
  output      = /home/daisy/GRB-Search-Pipeline/results/training/short_searching_2.5x2.5_tiling.csv

source = [78.2841, 135], n_src_events = 490, n_bkg_events = 1447
Loaded 128 entries (unique=128, duplicates=0, missing=49024, out_of_bounds=0, non-finite=0)
Sum(prob) over finite entries = 0.999999
init sum: 0.999999
num pixels: 49152
tile num: 6781
total tile prob: 0.999999
tiles with prob > 0: 26
total tile prob after trim: 0.999999
num tiles after trim: 26
init_pos: 6662
*********running GCP*********
total time (wallclock): 0.0382752 seconds

$ /home/daisy/GRB-Search-Pipeline/search-planning/build/sp_train /home/daisy/GRB-Search-Pipeline/results/training/maps/short/adapt_p11-715852394892384_a135-0_255_map.h5 /home/daisy/GRB-Search-Pipeline/search-planning/tilings/tiling_files/2.5x2.5_tiling.csv 6695 10.0 10.0 5.0 0 /home/daisy/GRB-Search-Pipeline/results/training/short_searching_2.5x2.5_tiling.csv
Input Parameters:
  file        = /home/daisy/GRB-Search-Pipeline/results/training/maps/short/adapt_p11-715852394892384_a135-0_255_map.h5
  source_tile = 6695
  slew_rate   = 10
  dwell_time  = 5
  output      = /home/daisy/GRB-Search-Pipeline/results/training/short_searching_2.5x2.5_tiling.csv

source = [78.2841, 135], n_src_events = 234, n_bkg_events = 1271
Loaded 303 entries (unique=303, duplicates=0, missing=48849, out_of_bounds=0, non-finite=0)
Sum(prob) over finite entries = 0.999998
init sum: 0.999998
num pixels: 49152
tile num: 6781
total tile prob: 0.999998
tiles with prob > 0: 56
total tile prob after trim: 0.999998
num tiles after trim: 56
init_pos: 6614
*********running GCP*********
total time (wallclock): 0.0347882 seconds

$ /home/daisy/GRB-Search-Pipeline/search-planning/build/sp_train /home/daisy/GRB-Search-Pipeline/results/training/maps/short/adapt_p11-715852394892384_a135-0_256_map.h5 /home/daisy/GRB-Search-Pipeline/search-planning/tilings/tiling_files/2.5x2.5_tiling.csv 6695 10.0 10.0 5.0 0 /home/daisy/GRB-Search-Pipeline/results/training/short_searching_2.5x2.5_tiling.csv
Input Parameters:
  file        = /home/daisy/GRB-Search-Pipeline/results/training/maps/short/adapt_p11-715852394892384_a135-0_256_map.h5
  source_tile = 6695
  slew_rate   = 10
  dwell_time  = 5
  output      = /home/daisy/GRB-Search-Pipeline/results/training/short_searching_2.5x2.5_tiling.csv

source = [78.2841, 135], n_src_events = 842, n_bkg_events = 252
Loaded 49 entries (unique=49, duplicates=0, missing=49103, out_of_bounds=0, non-finite=0)
Sum(prob) over finite entries = 0.999998
init sum: 0.999998
num pixels: 49152
tile num: 6781
total tile prob: 0.999998
tiles with prob > 0: 14
total tile prob after trim: 0.999998
num tiles after trim: 14
init_pos: 6696
*********running GCP*********
total time (wallclock): 0.0325604 seconds

$ /home/daisy/GRB-Search-Pipeline/search-planning/build/sp_train /home/daisy/GRB-Search-Pipeline/results/training/maps/short/adapt_p11-715852394892384_a135-0_257_map.h5 /home/daisy/GRB-Search-Pipeline/search-planning/tilings/tiling_files/2.5x2.5_tiling.csv 6695 10.0 10.0 5.0 0 /home/daisy/GRB-Search-Pipeline/results/training/short_searching_2.5x2.5_tiling.csv
Input Parameters:
  file        = /home/daisy/GRB-Search-Pipeline/results/training/maps/short/adapt_p11-715852394892384_a135-0_257_map.h5
  source_tile = 6695
  slew_rate   = 10
  dwell_time  = 5
  output      = /home/daisy/GRB-Search-Pipeline/results/training/short_searching_2.5x2.5_tiling.csv

source = [78.2841, 135], n_src_events = 572, n_bkg_events = 1023
Loaded 82 entries (unique=82, duplicates=0, missing=49070, out_of_bounds=0, non-finite=0)
Sum(prob) over finite entries = 0.999998
init sum: 0.999998
num pixels: 49152
tile num: 6781
total tile prob: 0.999998
tiles with prob > 0: 18
total tile prob after trim: 0.999998
num tiles after trim: 18
init_pos: 6659
*********running GCP*********
total time (wallclock): 0.0327439 seconds

$ /home/daisy/GRB-Search-Pipeline/search-planning/build/sp_train /home/daisy/GRB-Search-Pipeline/results/training/maps/short/adapt_p11-715852394892384_a135-0_258_map.h5 /home/daisy/GRB-Search-Pipeline/search-planning/tilings/tiling_files/2.5x2.5_tiling.csv 6695 10.0 10.0 5.0 0 /home/daisy/GRB-Search-Pipeline/results/training/short_searching_2.5x2.5_tiling.csv
Input Parameters:
  file        = /home/daisy/GRB-Search-Pipeline/results/training/maps/short/adapt_p11-715852394892384_a135-0_258_map.h5
  source_tile = 6695
  slew_rate   = 10
  dwell_time  = 5
  output      = /home/daisy/GRB-Search-Pipeline/results/training/short_searching_2.5x2.5_tiling.csv

source = [78.2841, 135], n_src_events = 816, n_bkg_events = 1544
Loaded 70 entries (unique=70, duplicates=0, missing=49082, out_of_bounds=0, non-finite=0)
Sum(prob) over finite entries = 0.999998
init sum: 0.999998
num pixels: 49152
tile num: 6781
total tile prob: 0.999998
tiles with prob > 0: 16
total tile prob after trim: 0.999998
num tiles after trim: 16
init_pos: 6620
*********running GCP*********
total time (wallclock): 0.0335727 seconds

$ /home/daisy/GRB-Search-Pipeline/search-planning/build/sp_train /home/daisy/GRB-Search-Pipeline/results/training/maps/short/adapt_p11-715852394892384_a135-0_259_map.h5 /home/daisy/GRB-Search-Pipeline/search-planning/tilings/tiling_files/2.5x2.5_tiling.csv 6695 10.0 10.0 5.0 0 /home/daisy/GRB-Search-Pipeline/results/training/short_searching_2.5x2.5_tiling.csv
Input Parameters:
  file        = /home/daisy/GRB-Search-Pipeline/results/training/maps/short/adapt_p11-715852394892384_a135-0_259_map.h5
  source_tile = 6695
  slew_rate   = 10
  dwell_time  = 5
  output      = /home/daisy/GRB-Search-Pipeline/results/training/short_searching_2.5x2.5_tiling.csv

source = [78.2841, 135], n_src_events = 238, n_bkg_events = 1193
Loaded 239 entries (unique=239, duplicates=0, missing=48913, out_of_bounds=0, non-finite=0)
Sum(prob) over finite entries = 0.999999
init sum: 0.999999
num pixels: 49152
tile num: 6781
total tile prob: 0.999999
tiles with prob > 0: 44
total tile prob after trim: 0.999999
num tiles after trim: 44
init_pos: 6695
*********running GCP*********
total time (wallclock): 0.0312583 seconds

$ /home/daisy/GRB-Search-Pipeline/search-planning/build/sp_train /home/daisy/GRB-Search-Pipeline/results/training/maps/short/adapt_p11-715852394892384_a135-0_25_map.h5 /home/daisy/GRB-Search-Pipeline/search-planning/tilings/tiling_files/2.5x2.5_tiling.csv 6695 10.0 10.0 5.0 0 /home/daisy/GRB-Search-Pipeline/results/training/short_searching_2.5x2.5_tiling.csv
Input Parameters:
  file        = /home/daisy/GRB-Search-Pipeline/results/training/maps/short/adapt_p11-715852394892384_a135-0_25_map.h5
  source_tile = 6695
  slew_rate   = 10
  dwell_time  = 5
  output      = /home/daisy/GRB-Search-Pipeline/results/training/short_searching_2.5x2.5_tiling.csv

source = [78.2841, 135], n_src_events = 594, n_bkg_events = 73
Loaded 54 entries (unique=54, duplicates=0, missing=49098, out_of_bounds=0, non-finite=0)
Sum(prob) over finite entries = 0.999999
init sum: 0.999999
num pixels: 49152
tile num: 6781
total tile prob: 0.999999
tiles with prob > 0: 13
total tile prob after trim: 0.999999
num tiles after trim: 13
init_pos: 6695
*********running GCP*********
total time (wallclock): 0.0307683 seconds

$ /home/daisy/GRB-Search-Pipeline/search-planning/build/sp_train /home/daisy/GRB-Search-Pipeline/results/training/maps/short/adapt_p11-715852394892384_a135-0_260_map.h5 /home/daisy/GRB-Search-Pipeline/search-planning/tilings/tiling_files/2.5x2.5_tiling.csv 6695 10.0 10.0 5.0 0 /home/daisy/GRB-Search-Pipeline/results/training/short_searching_2.5x2.5_tiling.csv
Input Parameters:
  file        = /home/daisy/GRB-Search-Pipeline/results/training/maps/short/adapt_p11-715852394892384_a135-0_260_map.h5
  source_tile = 6695
  slew_rate   = 10
  dwell_time  = 5
  output      = /home/daisy/GRB-Search-Pipeline/results/training/short_searching_2.5x2.5_tiling.csv

source = [78.2841, 135], n_src_events = 666, n_bkg_events = 911
Loaded 81 entries (unique=81, duplicates=0, missing=49071, out_of_bounds=0, non-finite=0)
Sum(prob) over finite entries = 0.999998
init sum: 0.999998
num pixels: 49152
tile num: 6781
total tile prob: 0.999998
tiles with prob > 0: 18
total tile prob after trim: 0.999998
num tiles after trim: 18
init_pos: 6619
*********running GCP*********
total time (wallclock): 0.0368594 seconds

$ /home/daisy/GRB-Search-Pipeline/search-planning/build/sp_train /home/daisy/GRB-Search-Pipeline/results/training/maps/short/adapt_p11-715852394892384_a135-0_261_map.h5 /home/daisy/GRB-Search-Pipeline/search-planning/tilings/tiling_files/2.5x2.5_tiling.csv 6695 10.0 10.0 5.0 0 /home/daisy/GRB-Search-Pipeline/results/training/short_searching_2.5x2.5_tiling.csv
Input Parameters:
  file        = /home/daisy/GRB-Search-Pipeline/results/training/maps/short/adapt_p11-715852394892384_a135-0_261_map.h5
  source_tile = 6695
  slew_rate   = 10
  dwell_time  = 5
  output      = /home/daisy/GRB-Search-Pipeline/results/training/short_searching_2.5x2.5_tiling.csv

source = [78.2841, 135], n_src_events = 354, n_bkg_events = 793
Loaded 204 entries (unique=204, duplicates=0, missing=48948, out_of_bounds=0, non-finite=0)
Sum(prob) over finite entries = 0.999999
init sum: 0.999999
num pixels: 49152
tile num: 6781
total tile prob: 0.999999
tiles with prob > 0: 39
total tile prob after trim: 0.999999
num tiles after trim: 39
init_pos: 6695
*********running GCP*********
total time (wallclock): 0.0309772 seconds

$ /home/daisy/GRB-Search-Pipeline/search-planning/build/sp_train /home/daisy/GRB-Search-Pipeline/results/training/maps/short/adapt_p11-715852394892384_a135-0_262_map.h5 /home/daisy/GRB-Search-Pipeline/search-planning/tilings/tiling_files/2.5x2.5_tiling.csv 6695 10.0 10.0 5.0 0 /home/daisy/GRB-Search-Pipeline/results/training/short_searching_2.5x2.5_tiling.csv
Input Parameters:
  file        = /home/daisy/GRB-Search-Pipeline/results/training/maps/short/adapt_p11-715852394892384_a135-0_262_map.h5
  source_tile = 6695
  slew_rate   = 10
  dwell_time  = 5
  output      = /home/daisy/GRB-Search-Pipeline/results/training/short_searching_2.5x2.5_tiling.csv

source = [78.2841, 135], n_src_events = 776, n_bkg_events = 1775
Loaded 85 entries (unique=85, duplicates=0, missing=49067, out_of_bounds=0, non-finite=0)
Sum(prob) over finite entries = 0.999998
init sum: 0.999998
num pixels: 49152
tile num: 6781
total tile prob: 0.999998
tiles with prob > 0: 17
total tile prob after trim: 0.999998
num tiles after trim: 17
init_pos: 6660
*********running GCP*********
total time (wallclock): 0.0338413 seconds

$ /home/daisy/GRB-Search-Pipeline/search-planning/build/sp_train /home/daisy/GRB-Search-Pipeline/results/training/maps/short/adapt_p11-715852394892384_a135-0_263_map.h5 /home/daisy/GRB-Search-Pipeline/search-planning/tilings/tiling_files/2.5x2.5_tiling.csv 6695 10.0 10.0 5.0 0 /home/daisy/GRB-Search-Pipeline/results/training/short_searching_2.5x2.5_tiling.csv
Input Parameters:
  file        = /home/daisy/GRB-Search-Pipeline/results/training/maps/short/adapt_p11-715852394892384_a135-0_263_map.h5
  source_tile = 6695
  slew_rate   = 10
  dwell_time  = 5
  output      = /home/daisy/GRB-Search-Pipeline/results/training/short_searching_2.5x2.5_tiling.csv

source = [78.2841, 135], n_src_events = 565, n_bkg_events = 1585
Loaded 110 entries (unique=110, duplicates=0, missing=49042, out_of_bounds=0, non-finite=0)
Sum(prob) over finite entries = 0.999999
init sum: 0.999999
num pixels: 49152
tile num: 6781
total tile prob: 0.999999
tiles with prob > 0: 25
total tile prob after trim: 0.999999
num tiles after trim: 25
init_pos: 6620
*********running GCP*********
total time (wallclock): 0.033512 seconds

$ /home/daisy/GRB-Search-Pipeline/search-planning/build/sp_train /home/daisy/GRB-Search-Pipeline/results/training/maps/short/adapt_p11-715852394892384_a135-0_264_map.h5 /home/daisy/GRB-Search-Pipeline/search-planning/tilings/tiling_files/2.5x2.5_tiling.csv 6695 10.0 10.0 5.0 0 /home/daisy/GRB-Search-Pipeline/results/training/short_searching_2.5x2.5_tiling.csv
Input Parameters:
  file        = /home/daisy/GRB-Search-Pipeline/results/training/maps/short/adapt_p11-715852394892384_a135-0_264_map.h5
  source_tile = 6695
  slew_rate   = 10
  dwell_time  = 5
  output      = /home/daisy/GRB-Search-Pipeline/results/training/short_searching_2.5x2.5_tiling.csv

source = [78.2841, 135], n_src_events = 639, n_bkg_events = 446
Loaded 53 entries (unique=53, duplicates=0, missing=49099, out_of_bounds=0, non-finite=0)
Sum(prob) over finite entries = 0.999999
init sum: 0.999999
num pixels: 49152
tile num: 6781
total tile prob: 0.999999
tiles with prob > 0: 12
total tile prob after trim: 0.999999
num tiles after trim: 12
init_pos: 6618
*********running GCP*********
total time (wallclock): 0.0333838 seconds

$ /home/daisy/GRB-Search-Pipeline/search-planning/build/sp_train /home/daisy/GRB-Search-Pipeline/results/training/maps/short/adapt_p11-715852394892384_a135-0_265_map.h5 /home/daisy/GRB-Search-Pipeline/search-planning/tilings/tiling_files/2.5x2.5_tiling.csv 6695 10.0 10.0 5.0 0 /home/daisy/GRB-Search-Pipeline/results/training/short_searching_2.5x2.5_tiling.csv
Input Parameters:
  file        = /home/daisy/GRB-Search-Pipeline/results/training/maps/short/adapt_p11-715852394892384_a135-0_265_map.h5
  source_tile = 6695
  slew_rate   = 10
  dwell_time  = 5
  output      = /home/daisy/GRB-Search-Pipeline/results/training/short_searching_2.5x2.5_tiling.csv

source = [78.2841, 135], n_src_events = 201, n_bkg_events = 487
Loaded 370 entries (unique=370, duplicates=0, missing=48782, out_of_bounds=0, non-finite=0)
Sum(prob) over finite entries = 0.999999
init sum: 0.999999
num pixels: 49152
tile num: 6781
total tile prob: 0.999999
tiles with prob > 0: 69
total tile prob after trim: 0.999999
num tiles after trim: 69
init_pos: 6700
*********running GCP*********
total time (wallclock): 0.0980551 seconds

$ /home/daisy/GRB-Search-Pipeline/search-planning/build/sp_train /home/daisy/GRB-Search-Pipeline/results/training/maps/short/adapt_p11-715852394892384_a135-0_266_map.h5 /home/daisy/GRB-Search-Pipeline/search-planning/tilings/tiling_files/2.5x2.5_tiling.csv 6695 10.0 10.0 5.0 0 /home/daisy/GRB-Search-Pipeline/results/training/short_searching_2.5x2.5_tiling.csv
Input Parameters:
  file        = /home/daisy/GRB-Search-Pipeline/results/training/maps/short/adapt_p11-715852394892384_a135-0_266_map.h5
  source_tile = 6695
  slew_rate   = 10
  dwell_time  = 5
  output      = /home/daisy/GRB-Search-Pipeline/results/training/short_searching_2.5x2.5_tiling.csv

source = [78.2841, 135], n_src_events = 107, n_bkg_events = 1045
Loaded 2631 entries (unique=2631, duplicates=0, missing=46521, out_of_bounds=0, non-finite=0)
Sum(prob) over finite entries = 0.999992
init sum: 0.999992
num pixels: 49152
tile num: 6781
total tile prob: 0.999992
tiles with prob > 0: 410
total tile prob after trim: 0.999992
num tiles after trim: 410
init_pos: 5351
*********running GCP*********
total time (wallclock): 1.37863 seconds

$ /home/daisy/GRB-Search-Pipeline/search-planning/build/sp_train /home/daisy/GRB-Search-Pipeline/results/training/maps/short/adapt_p11-715852394892384_a135-0_267_map.h5 /home/daisy/GRB-Search-Pipeline/search-planning/tilings/tiling_files/2.5x2.5_tiling.csv 6695 10.0 10.0 5.0 0 /home/daisy/GRB-Search-Pipeline/results/training/short_searching_2.5x2.5_tiling.csv
Input Parameters:
  file        = /home/daisy/GRB-Search-Pipeline/results/training/maps/short/adapt_p11-715852394892384_a135-0_267_map.h5
  source_tile = 6695
  slew_rate   = 10
  dwell_time  = 5
  output      = /home/daisy/GRB-Search-Pipeline/results/training/short_searching_2.5x2.5_tiling.csv

source = [78.2841, 135], n_src_events = 711, n_bkg_events = 675
Loaded 59 entries (unique=59, duplicates=0, missing=49093, out_of_bounds=0, non-finite=0)
Sum(prob) over finite entries = 0.999999
init sum: 0.999999
num pixels: 49152
tile num: 6781
total tile prob: 0.999999
tiles with prob > 0: 14
total tile prob after trim: 0.999999
num tiles after trim: 14
init_pos: 6659
*********running GCP*********
total time (wallclock): 0.0330095 seconds

$ /home/daisy/GRB-Search-Pipeline/search-planning/build/sp_train /home/daisy/GRB-Search-Pipeline/results/training/maps/short/adapt_p11-715852394892384_a135-0_268_map.h5 /home/daisy/GRB-Search-Pipeline/search-planning/tilings/tiling_files/2.5x2.5_tiling.csv 6695 10.0 10.0 5.0 0 /home/daisy/GRB-Search-Pipeline/results/training/short_searching_2.5x2.5_tiling.csv
Input Parameters:
  file        = /home/daisy/GRB-Search-Pipeline/results/training/maps/short/adapt_p11-715852394892384_a135-0_268_map.h5
  source_tile = 6695
  slew_rate   = 10
  dwell_time  = 5
  output      = /home/daisy/GRB-Search-Pipeline/results/training/short_searching_2.5x2.5_tiling.csv

source = [78.2841, 135], n_src_events = 586, n_bkg_events = 998
Loaded 91 entries (unique=91, duplicates=0, missing=49061, out_of_bounds=0, non-finite=0)
Sum(prob) over finite entries = 0.999999
init sum: 0.999999
num pixels: 49152
tile num: 6781
total tile prob: 0.999999
tiles with prob > 0: 18
total tile prob after trim: 0.999999
num tiles after trim: 18
init_pos: 6693
*********running GCP*********
total time (wallclock): 0.0365612 seconds

$ /home/daisy/GRB-Search-Pipeline/search-planning/build/sp_train /home/daisy/GRB-Search-Pipeline/results/training/maps/short/adapt_p11-715852394892384_a135-0_269_map.h5 /home/daisy/GRB-Search-Pipeline/search-planning/tilings/tiling_files/2.5x2.5_tiling.csv 6695 10.0 10.0 5.0 0 /home/daisy/GRB-Search-Pipeline/results/training/short_searching_2.5x2.5_tiling.csv
Input Parameters:
  file        = /home/daisy/GRB-Search-Pipeline/results/training/maps/short/adapt_p11-715852394892384_a135-0_269_map.h5
  source_tile = 6695
  slew_rate   = 10
  dwell_time  = 5
  output      = /home/daisy/GRB-Search-Pipeline/results/training/short_searching_2.5x2.5_tiling.csv

source = [78.2841, 135], n_src_events = 353, n_bkg_events = 756
Loaded 212 entries (unique=212, duplicates=0, missing=48940, out_of_bounds=0, non-finite=0)
Sum(prob) over finite entries = 0.999999
init sum: 0.999999
num pixels: 49152
tile num: 6781
total tile prob: 0.999999
tiles with prob > 0: 40
total tile prob after trim: 0.999999
num tiles after trim: 40
init_pos: 6615
*********running GCP*********
total time (wallclock): 0.0345079 seconds

$ /home/daisy/GRB-Search-Pipeline/search-planning/build/sp_train /home/daisy/GRB-Search-Pipeline/results/training/maps/short/adapt_p11-715852394892384_a135-0_26_map.h5 /home/daisy/GRB-Search-Pipeline/search-planning/tilings/tiling_files/2.5x2.5_tiling.csv 6695 10.0 10.0 5.0 0 /home/daisy/GRB-Search-Pipeline/results/training/short_searching_2.5x2.5_tiling.csv
Input Parameters:
  file        = /home/daisy/GRB-Search-Pipeline/results/training/maps/short/adapt_p11-715852394892384_a135-0_26_map.h5
  source_tile = 6695
  slew_rate   = 10
  dwell_time  = 5
  output      = /home/daisy/GRB-Search-Pipeline/results/training/short_searching_2.5x2.5_tiling.csv

source = [78.2841, 135], n_src_events = 826, n_bkg_events = 1223
Loaded 65 entries (unique=65, duplicates=0, missing=49087, out_of_bounds=0, non-finite=0)
Sum(prob) over finite entries = 0.999998
init sum: 0.999998
num pixels: 49152
tile num: 6781
total tile prob: 0.999998
tiles with prob > 0: 18
total tile prob after trim: 0.999998
num tiles after trim: 18
init_pos: 6696
*********running GCP*********
total time (wallclock): 0.0340663 seconds

$ /home/daisy/GRB-Search-Pipeline/search-planning/build/sp_train /home/daisy/GRB-Search-Pipeline/results/training/maps/short/adapt_p11-715852394892384_a135-0_270_map.h5 /home/daisy/GRB-Search-Pipeline/search-planning/tilings/tiling_files/2.5x2.5_tiling.csv 6695 10.0 10.0 5.0 0 /home/daisy/GRB-Search-Pipeline/results/training/short_searching_2.5x2.5_tiling.csv
Input Parameters:
  file        = /home/daisy/GRB-Search-Pipeline/results/training/maps/short/adapt_p11-715852394892384_a135-0_270_map.h5
  source_tile = 6695
  slew_rate   = 10
  dwell_time  = 5
  output      = /home/daisy/GRB-Search-Pipeline/results/training/short_searching_2.5x2.5_tiling.csv

source = [78.2841, 135], n_src_events = 750, n_bkg_events = 491
Loaded 47 entries (unique=47, duplicates=0, missing=49105, out_of_bounds=0, non-finite=0)
Sum(prob) over finite entries = 0.999999
init sum: 0.999999
num pixels: 49152
tile num: 6781
total tile prob: 0.999999
tiles with prob > 0: 12
total tile prob after trim: 0.999999
num tiles after trim: 12
init_pos: 6621
*********running GCP*********
total time (wallclock): 0.0328799 seconds

$ /home/daisy/GRB-Search-Pipeline/search-planning/build/sp_train /home/daisy/GRB-Search-Pipeline/results/training/maps/short/adapt_p11-715852394892384_a135-0_271_map.h5 /home/daisy/GRB-Search-Pipeline/search-planning/tilings/tiling_files/2.5x2.5_tiling.csv 6695 10.0 10.0 5.0 0 /home/daisy/GRB-Search-Pipeline/results/training/short_searching_2.5x2.5_tiling.csv
Input Parameters:
  file        = /home/daisy/GRB-Search-Pipeline/results/training/maps/short/adapt_p11-715852394892384_a135-0_271_map.h5
  source_tile = 6695
  slew_rate   = 10
  dwell_time  = 5
  output      = /home/daisy/GRB-Search-Pipeline/results/training/short_searching_2.5x2.5_tiling.csv

source = [78.2841, 135], n_src_events = 172, n_bkg_events = 1211
Loaded 2816 entries (unique=2816, duplicates=0, missing=46336, out_of_bounds=0, non-finite=0)
Sum(prob) over finite entries = 0.999996
init sum: 0.999996
num pixels: 49152
tile num: 6781
total tile prob: 0.999996
tiles with prob > 0: 458
total tile prob after trim: 0.999996
num tiles after trim: 458
init_pos: 5142
*********running GCP*********
total time (wallclock): 0.240178 seconds

$ /home/daisy/GRB-Search-Pipeline/search-planning/build/sp_train /home/daisy/GRB-Search-Pipeline/results/training/maps/short/adapt_p11-715852394892384_a135-0_272_map.h5 /home/daisy/GRB-Search-Pipeline/search-planning/tilings/tiling_files/2.5x2.5_tiling.csv 6695 10.0 10.0 5.0 0 /home/daisy/GRB-Search-Pipeline/results/training/short_searching_2.5x2.5_tiling.csv
Input Parameters:
  file        = /home/daisy/GRB-Search-Pipeline/results/training/maps/short/adapt_p11-715852394892384_a135-0_272_map.h5
  source_tile = 6695
  slew_rate   = 10
  dwell_time  = 5
  output      = /home/daisy/GRB-Search-Pipeline/results/training/short_searching_2.5x2.5_tiling.csv

source = [78.2841, 135], n_src_events = 551, n_bkg_events = 834
Loaded 95 entries (unique=95, duplicates=0, missing=49057, out_of_bounds=0, non-finite=0)
Sum(prob) over finite entries = 0.999999
init sum: 0.999999
num pixels: 49152
tile num: 6781
total tile prob: 0.999999
tiles with prob > 0: 20
total tile prob after trim: 0.999999
num tiles after trim: 20
init_pos: 6618
*********running GCP*********
total time (wallclock): 0.0365105 seconds

$ /home/daisy/GRB-Search-Pipeline/search-planning/build/sp_train /home/daisy/GRB-Search-Pipeline/results/training/maps/short/adapt_p11-715852394892384_a135-0_273_map.h5 /home/daisy/GRB-Search-Pipeline/search-planning/tilings/tiling_files/2.5x2.5_tiling.csv 6695 10.0 10.0 5.0 0 /home/daisy/GRB-Search-Pipeline/results/training/short_searching_2.5x2.5_tiling.csv
Input Parameters:
  file        = /home/daisy/GRB-Search-Pipeline/results/training/maps/short/adapt_p11-715852394892384_a135-0_273_map.h5
  source_tile = 6695
  slew_rate   = 10
  dwell_time  = 5
  output      = /home/daisy/GRB-Search-Pipeline/results/training/short_searching_2.5x2.5_tiling.csv

source = [78.2841, 135], n_src_events = 420, n_bkg_events = 962
Loaded 167 entries (unique=167, duplicates=0, missing=48985, out_of_bounds=0, non-finite=0)
Sum(prob) over finite entries = 0.999999
init sum: 0.999999
num pixels: 49152
tile num: 6781
total tile prob: 0.999999
tiles with prob > 0: 34
total tile prob after trim: 0.999999
num tiles after trim: 34
init_pos: 6726
*********running GCP*********
total time (wallclock): 0.0306942 seconds

$ /home/daisy/GRB-Search-Pipeline/search-planning/build/sp_train /home/daisy/GRB-Search-Pipeline/results/training/maps/short/adapt_p11-715852394892384_a135-0_274_map.h5 /home/daisy/GRB-Search-Pipeline/search-planning/tilings/tiling_files/2.5x2.5_tiling.csv 6695 10.0 10.0 5.0 0 /home/daisy/GRB-Search-Pipeline/results/training/short_searching_2.5x2.5_tiling.csv
Input Parameters:
  file        = /home/daisy/GRB-Search-Pipeline/results/training/maps/short/adapt_p11-715852394892384_a135-0_274_map.h5
  source_tile = 6695
  slew_rate   = 10
  dwell_time  = 5
  output      = /home/daisy/GRB-Search-Pipeline/results/training/short_searching_2.5x2.5_tiling.csv

source = [78.2841, 135], n_src_events = 835, n_bkg_events = 121
Loaded 39 entries (unique=39, duplicates=0, missing=49113, out_of_bounds=0, non-finite=0)
Sum(prob) over finite entries = 1
init sum: 1
num pixels: 49152
tile num: 6781
total tile prob: 1
tiles with prob > 0: 11
total tile prob after trim: 1
num tiles after trim: 11
init_pos: 6617
*********running GCP*********
total time (wallclock): 0.0322224 seconds

$ /home/daisy/GRB-Search-Pipeline/search-planning/build/sp_train /home/daisy/GRB-Search-Pipeline/results/training/maps/short/adapt_p11-715852394892384_a135-0_275_map.h5 /home/daisy/GRB-Search-Pipeline/search-planning/tilings/tiling_files/2.5x2.5_tiling.csv 6695 10.0 10.0 5.0 0 /home/daisy/GRB-Search-Pipeline/results/training/short_searching_2.5x2.5_tiling.csv
Input Parameters:
  file        = /home/daisy/GRB-Search-Pipeline/results/training/maps/short/adapt_p11-715852394892384_a135-0_275_map.h5
  source_tile = 6695
  slew_rate   = 10
  dwell_time  = 5
  output      = /home/daisy/GRB-Search-Pipeline/results/training/short_searching_2.5x2.5_tiling.csv

source = [78.2841, 135], n_src_events = 167, n_bkg_events = 1428
Loaded 1392 entries (unique=1392, duplicates=0, missing=47760, out_of_bounds=0, non-finite=0)
Sum(prob) over finite entries = 0.999995
init sum: 0.999995
num pixels: 49152
tile num: 6781
total tile prob: 0.999995
tiles with prob > 0: 242
total tile prob after trim: 0.999995
num tiles after trim: 242
init_pos: 6682
*********running GCP*********
total time (wallclock): 0.520428 seconds

$ /home/daisy/GRB-Search-Pipeline/search-planning/build/sp_train /home/daisy/GRB-Search-Pipeline/results/training/maps/short/adapt_p11-715852394892384_a135-0_276_map.h5 /home/daisy/GRB-Search-Pipeline/search-planning/tilings/tiling_files/2.5x2.5_tiling.csv 6695 10.0 10.0 5.0 0 /home/daisy/GRB-Search-Pipeline/results/training/short_searching_2.5x2.5_tiling.csv
Input Parameters:
  file        = /home/daisy/GRB-Search-Pipeline/results/training/maps/short/adapt_p11-715852394892384_a135-0_276_map.h5
  source_tile = 6695
  slew_rate   = 10
  dwell_time  = 5
  output      = /home/daisy/GRB-Search-Pipeline/results/training/short_searching_2.5x2.5_tiling.csv

source = [78.2841, 135], n_src_events = 387, n_bkg_events = 753
Loaded 157 entries (unique=157, duplicates=0, missing=48995, out_of_bounds=0, non-finite=0)
Sum(prob) over finite entries = 0.999998
init sum: 0.999998
num pixels: 49152
tile num: 6781
total tile prob: 0.999998
tiles with prob > 0: 34
total tile prob after trim: 0.999998
num tiles after trim: 34
init_pos: 6726
*********running GCP*********
total time (wallclock): 0.0333342 seconds

$ /home/daisy/GRB-Search-Pipeline/search-planning/build/sp_train /home/daisy/GRB-Search-Pipeline/results/training/maps/short/adapt_p11-715852394892384_a135-0_277_map.h5 /home/daisy/GRB-Search-Pipeline/search-planning/tilings/tiling_files/2.5x2.5_tiling.csv 6695 10.0 10.0 5.0 0 /home/daisy/GRB-Search-Pipeline/results/training/short_searching_2.5x2.5_tiling.csv
Input Parameters:
  file        = /home/daisy/GRB-Search-Pipeline/results/training/maps/short/adapt_p11-715852394892384_a135-0_277_map.h5
  source_tile = 6695
  slew_rate   = 10
  dwell_time  = 5
  output      = /home/daisy/GRB-Search-Pipeline/results/training/short_searching_2.5x2.5_tiling.csv

source = [78.2841, 135], n_src_events = 482, n_bkg_events = 1043
Loaded 158 entries (unique=158, duplicates=0, missing=48994, out_of_bounds=0, non-finite=0)
Sum(prob) over finite entries = 0.999999
init sum: 0.999999
num pixels: 49152
tile num: 6781
total tile prob: 0.999999
tiles with prob > 0: 33
total tile prob after trim: 0.999999
num tiles after trim: 33
init_pos: 6694
*********running GCP*********
total time (wallclock): 0.0344817 seconds

$ /home/daisy/GRB-Search-Pipeline/search-planning/build/sp_train /home/daisy/GRB-Search-Pipeline/results/training/maps/short/adapt_p11-715852394892384_a135-0_278_map.h5 /home/daisy/GRB-Search-Pipeline/search-planning/tilings/tiling_files/2.5x2.5_tiling.csv 6695 10.0 10.0 5.0 0 /home/daisy/GRB-Search-Pipeline/results/training/short_searching_2.5x2.5_tiling.csv
Input Parameters:
  file        = /home/daisy/GRB-Search-Pipeline/results/training/maps/short/adapt_p11-715852394892384_a135-0_278_map.h5
  source_tile = 6695
  slew_rate   = 10
  dwell_time  = 5
  output      = /home/daisy/GRB-Search-Pipeline/results/training/short_searching_2.5x2.5_tiling.csv

source = [78.2841, 135], n_src_events = 323, n_bkg_events = 276
Loaded 192 entries (unique=192, duplicates=0, missing=48960, out_of_bounds=0, non-finite=0)
Sum(prob) over finite entries = 0.999998
init sum: 0.999998
num pixels: 49152
tile num: 6781
total tile prob: 0.999998
tiles with prob > 0: 38
total tile prob after trim: 0.999998
num tiles after trim: 38
init_pos: 6620
*********running GCP*********
total time (wallclock): 0.0340919 seconds

$ /home/daisy/GRB-Search-Pipeline/search-planning/build/sp_train /home/daisy/GRB-Search-Pipeline/results/training/maps/short/adapt_p11-715852394892384_a135-0_279_map.h5 /home/daisy/GRB-Search-Pipeline/search-planning/tilings/tiling_files/2.5x2.5_tiling.csv 6695 10.0 10.0 5.0 0 /home/daisy/GRB-Search-Pipeline/results/training/short_searching_2.5x2.5_tiling.csv
Input Parameters:
  file        = /home/daisy/GRB-Search-Pipeline/results/training/maps/short/adapt_p11-715852394892384_a135-0_279_map.h5
  source_tile = 6695
  slew_rate   = 10
  dwell_time  = 5
  output      = /home/daisy/GRB-Search-Pipeline/results/training/short_searching_2.5x2.5_tiling.csv

source = [78.2841, 135], n_src_events = 598, n_bkg_events = 803
Loaded 80 entries (unique=80, duplicates=0, missing=49072, out_of_bounds=0, non-finite=0)
Sum(prob) over finite entries = 0.999998
init sum: 0.999998
num pixels: 49152
tile num: 6781
total tile prob: 0.999998
tiles with prob > 0: 18
total tile prob after trim: 0.999998
num tiles after trim: 18
init_pos: 6620
*********running GCP*********
total time (wallclock): 0.0338072 seconds

$ /home/daisy/GRB-Search-Pipeline/search-planning/build/sp_train /home/daisy/GRB-Search-Pipeline/results/training/maps/short/adapt_p11-715852394892384_a135-0_27_map.h5 /home/daisy/GRB-Search-Pipeline/search-planning/tilings/tiling_files/2.5x2.5_tiling.csv 6695 10.0 10.0 5.0 0 /home/daisy/GRB-Search-Pipeline/results/training/short_searching_2.5x2.5_tiling.csv
Input Parameters:
  file        = /home/daisy/GRB-Search-Pipeline/results/training/maps/short/adapt_p11-715852394892384_a135-0_27_map.h5
  source_tile = 6695
  slew_rate   = 10
  dwell_time  = 5
  output      = /home/daisy/GRB-Search-Pipeline/results/training/short_searching_2.5x2.5_tiling.csv

source = [78.2841, 135], n_src_events = 391, n_bkg_events = 237
Loaded 101 entries (unique=101, duplicates=0, missing=49051, out_of_bounds=0, non-finite=0)
Sum(prob) over finite entries = 0.999999
init sum: 0.999999
num pixels: 49152
tile num: 6781
total tile prob: 0.999999
tiles with prob > 0: 18
total tile prob after trim: 0.999999
num tiles after trim: 18
init_pos: 6618
*********running GCP*********
total time (wallclock): 0.0332729 seconds

$ /home/daisy/GRB-Search-Pipeline/search-planning/build/sp_train /home/daisy/GRB-Search-Pipeline/results/training/maps/short/adapt_p11-715852394892384_a135-0_280_map.h5 /home/daisy/GRB-Search-Pipeline/search-planning/tilings/tiling_files/2.5x2.5_tiling.csv 6695 10.0 10.0 5.0 0 /home/daisy/GRB-Search-Pipeline/results/training/short_searching_2.5x2.5_tiling.csv
Input Parameters:
  file        = /home/daisy/GRB-Search-Pipeline/results/training/maps/short/adapt_p11-715852394892384_a135-0_280_map.h5
  source_tile = 6695
  slew_rate   = 10
  dwell_time  = 5
  output      = /home/daisy/GRB-Search-Pipeline/results/training/short_searching_2.5x2.5_tiling.csv

source = [78.2841, 135], n_src_events = 512, n_bkg_events = 184
Loaded 68 entries (unique=68, duplicates=0, missing=49084, out_of_bounds=0, non-finite=0)
Sum(prob) over finite entries = 0.999999
init sum: 0.999999
num pixels: 49152
tile num: 6781
total tile prob: 0.999999
tiles with prob > 0: 16
total tile prob after trim: 0.999999
num tiles after trim: 16
init_pos: 6617
*********running GCP*********
total time (wallclock): 0.0327749 seconds

$ /home/daisy/GRB-Search-Pipeline/search-planning/build/sp_train /home/daisy/GRB-Search-Pipeline/results/training/maps/short/adapt_p11-715852394892384_a135-0_281_map.h5 /home/daisy/GRB-Search-Pipeline/search-planning/tilings/tiling_files/2.5x2.5_tiling.csv 6695 10.0 10.0 5.0 0 /home/daisy/GRB-Search-Pipeline/results/training/short_searching_2.5x2.5_tiling.csv
Input Parameters:
  file        = /home/daisy/GRB-Search-Pipeline/results/training/maps/short/adapt_p11-715852394892384_a135-0_281_map.h5
  source_tile = 6695
  slew_rate   = 10
  dwell_time  = 5
  output      = /home/daisy/GRB-Search-Pipeline/results/training/short_searching_2.5x2.5_tiling.csv

source = [78.2841, 135], n_src_events = 595, n_bkg_events = 554
Loaded 99 entries (unique=99, duplicates=0, missing=49053, out_of_bounds=0, non-finite=0)
Sum(prob) over finite entries = 0.999998
init sum: 0.999998
num pixels: 49152
tile num: 6781
total tile prob: 0.999998
tiles with prob > 0: 20
total tile prob after trim: 0.999998
num tiles after trim: 20
init_pos: 6659
*********running GCP*********
total time (wallclock): 0.0338032 seconds

$ /home/daisy/GRB-Search-Pipeline/search-planning/build/sp_train /home/daisy/GRB-Search-Pipeline/results/training/maps/short/adapt_p11-715852394892384_a135-0_282_map.h5 /home/daisy/GRB-Search-Pipeline/search-planning/tilings/tiling_files/2.5x2.5_tiling.csv 6695 10.0 10.0 5.0 0 /home/daisy/GRB-Search-Pipeline/results/training/short_searching_2.5x2.5_tiling.csv
Input Parameters:
  file        = /home/daisy/GRB-Search-Pipeline/results/training/maps/short/adapt_p11-715852394892384_a135-0_282_map.h5
  source_tile = 6695
  slew_rate   = 10
  dwell_time  = 5
  output      = /home/daisy/GRB-Search-Pipeline/results/training/short_searching_2.5x2.5_tiling.csv

source = [78.2841, 135], n_src_events = 398, n_bkg_events = 1431
Loaded 185 entries (unique=185, duplicates=0, missing=48967, out_of_bounds=0, non-finite=0)
Sum(prob) over finite entries = 0.999999
init sum: 0.999999
num pixels: 49152
tile num: 6781
total tile prob: 0.999999
tiles with prob > 0: 35
total tile prob after trim: 0.999999
num tiles after trim: 35
init_pos: 6657
*********running GCP*********
total time (wallclock): 0.033807 seconds

$ /home/daisy/GRB-Search-Pipeline/search-planning/build/sp_train /home/daisy/GRB-Search-Pipeline/results/training/maps/short/adapt_p11-715852394892384_a135-0_283_map.h5 /home/daisy/GRB-Search-Pipeline/search-planning/tilings/tiling_files/2.5x2.5_tiling.csv 6695 10.0 10.0 5.0 0 /home/daisy/GRB-Search-Pipeline/results/training/short_searching_2.5x2.5_tiling.csv
Input Parameters:
  file        = /home/daisy/GRB-Search-Pipeline/results/training/maps/short/adapt_p11-715852394892384_a135-0_283_map.h5
  source_tile = 6695
  slew_rate   = 10
  dwell_time  = 5
  output      = /home/daisy/GRB-Search-Pipeline/results/training/short_searching_2.5x2.5_tiling.csv

source = [78.2841, 135], n_src_events = 179, n_bkg_events = 1368
Loaded 861 entries (unique=861, duplicates=0, missing=48291, out_of_bounds=0, non-finite=0)
Sum(prob) over finite entries = 0.999999
init sum: 0.999999
num pixels: 49152
tile num: 6781
total tile prob: 0.999999
tiles with prob > 0: 158
total tile prob after trim: 0.999999
num tiles after trim: 158
init_pos: 6523
*********running GCP*********
total time (wallclock): 0.132749 seconds

$ /home/daisy/GRB-Search-Pipeline/search-planning/build/sp_train /home/daisy/GRB-Search-Pipeline/results/training/maps/short/adapt_p11-715852394892384_a135-0_284_map.h5 /home/daisy/GRB-Search-Pipeline/search-planning/tilings/tiling_files/2.5x2.5_tiling.csv 6695 10.0 10.0 5.0 0 /home/daisy/GRB-Search-Pipeline/results/training/short_searching_2.5x2.5_tiling.csv
Input Parameters:
  file        = /home/daisy/GRB-Search-Pipeline/results/training/maps/short/adapt_p11-715852394892384_a135-0_284_map.h5
  source_tile = 6695
  slew_rate   = 10
  dwell_time  = 5
  output      = /home/daisy/GRB-Search-Pipeline/results/training/short_searching_2.5x2.5_tiling.csv

source = [78.2841, 135], n_src_events = 942, n_bkg_events = 573
Loaded 53 entries (unique=53, duplicates=0, missing=49099, out_of_bounds=0, non-finite=0)
Sum(prob) over finite entries = 0.999999
init sum: 0.999999
num pixels: 49152
tile num: 6781
total tile prob: 0.999999
tiles with prob > 0: 13
total tile prob after trim: 0.999999
num tiles after trim: 13
init_pos: 6660
*********running GCP*********
total time (wallclock): 0.0322708 seconds

$ /home/daisy/GRB-Search-Pipeline/search-planning/build/sp_train /home/daisy/GRB-Search-Pipeline/results/training/maps/short/adapt_p11-715852394892384_a135-0_285_map.h5 /home/daisy/GRB-Search-Pipeline/search-planning/tilings/tiling_files/2.5x2.5_tiling.csv 6695 10.0 10.0 5.0 0 /home/daisy/GRB-Search-Pipeline/results/training/short_searching_2.5x2.5_tiling.csv
Input Parameters:
  file        = /home/daisy/GRB-Search-Pipeline/results/training/maps/short/adapt_p11-715852394892384_a135-0_285_map.h5
  source_tile = 6695
  slew_rate   = 10
  dwell_time  = 5
  output      = /home/daisy/GRB-Search-Pipeline/results/training/short_searching_2.5x2.5_tiling.csv

source = [78.2841, 135], n_src_events = 320, n_bkg_events = 510
Loaded 175 entries (unique=175, duplicates=0, missing=48977, out_of_bounds=0, non-finite=0)
Sum(prob) over finite entries = 0.999999
init sum: 0.999999
num pixels: 49152
tile num: 6781
total tile prob: 0.999999
tiles with prob > 0: 36
total tile prob after trim: 0.999999
num tiles after trim: 36
init_pos: 6697
*********running GCP*********
total time (wallclock): 0.0318666 seconds

$ /home/daisy/GRB-Search-Pipeline/search-planning/build/sp_train /home/daisy/GRB-Search-Pipeline/results/training/maps/short/adapt_p11-715852394892384_a135-0_286_map.h5 /home/daisy/GRB-Search-Pipeline/search-planning/tilings/tiling_files/2.5x2.5_tiling.csv 6695 10.0 10.0 5.0 0 /home/daisy/GRB-Search-Pipeline/results/training/short_searching_2.5x2.5_tiling.csv
Input Parameters:
  file        = /home/daisy/GRB-Search-Pipeline/results/training/maps/short/adapt_p11-715852394892384_a135-0_286_map.h5
  source_tile = 6695
  slew_rate   = 10
  dwell_time  = 5
  output      = /home/daisy/GRB-Search-Pipeline/results/training/short_searching_2.5x2.5_tiling.csv

source = [78.2841, 135], n_src_events = 531, n_bkg_events = 1642
Loaded 173 entries (unique=173, duplicates=0, missing=48979, out_of_bounds=0, non-finite=0)
Sum(prob) over finite entries = 0.999998
init sum: 0.999998
num pixels: 49152
tile num: 6781
total tile prob: 0.999998
tiles with prob > 0: 35
total tile prob after trim: 0.999998
num tiles after trim: 35
init_pos: 6699
*********running GCP*********
total time (wallclock): 0.0335282 seconds

$ /home/daisy/GRB-Search-Pipeline/search-planning/build/sp_train /home/daisy/GRB-Search-Pipeline/results/training/maps/short/adapt_p11-715852394892384_a135-0_287_map.h5 /home/daisy/GRB-Search-Pipeline/search-planning/tilings/tiling_files/2.5x2.5_tiling.csv 6695 10.0 10.0 5.0 0 /home/daisy/GRB-Search-Pipeline/results/training/short_searching_2.5x2.5_tiling.csv
Input Parameters:
  file        = /home/daisy/GRB-Search-Pipeline/results/training/maps/short/adapt_p11-715852394892384_a135-0_287_map.h5
  source_tile = 6695
  slew_rate   = 10
  dwell_time  = 5
  output      = /home/daisy/GRB-Search-Pipeline/results/training/short_searching_2.5x2.5_tiling.csv

source = [78.2841, 135], n_src_events = 746, n_bkg_events = 1606
Loaded 59 entries (unique=59, duplicates=0, missing=49093, out_of_bounds=0, non-finite=0)
Sum(prob) over finite entries = 0.999999
init sum: 0.999999
num pixels: 49152
tile num: 6781
total tile prob: 0.999999
tiles with prob > 0: 15
total tile prob after trim: 0.999999
num tiles after trim: 15
init_pos: 6661
*********running GCP*********
total time (wallclock): 0.0332984 seconds

$ /home/daisy/GRB-Search-Pipeline/search-planning/build/sp_train /home/daisy/GRB-Search-Pipeline/results/training/maps/short/adapt_p11-715852394892384_a135-0_288_map.h5 /home/daisy/GRB-Search-Pipeline/search-planning/tilings/tiling_files/2.5x2.5_tiling.csv 6695 10.0 10.0 5.0 0 /home/daisy/GRB-Search-Pipeline/results/training/short_searching_2.5x2.5_tiling.csv
Input Parameters:
  file        = /home/daisy/GRB-Search-Pipeline/results/training/maps/short/adapt_p11-715852394892384_a135-0_288_map.h5
  source_tile = 6695
  slew_rate   = 10
  dwell_time  = 5
  output      = /home/daisy/GRB-Search-Pipeline/results/training/short_searching_2.5x2.5_tiling.csv

source = [78.2841, 135], n_src_events = 554, n_bkg_events = 665
Loaded 69 entries (unique=69, duplicates=0, missing=49083, out_of_bounds=0, non-finite=0)
Sum(prob) over finite entries = 0.999999
init sum: 0.999999
num pixels: 49152
tile num: 6781
total tile prob: 0.999999
tiles with prob > 0: 14
total tile prob after trim: 0.999999
num tiles after trim: 14
init_pos: 6696
*********running GCP*********
total time (wallclock): 0.0331213 seconds

$ /home/daisy/GRB-Search-Pipeline/search-planning/build/sp_train /home/daisy/GRB-Search-Pipeline/results/training/maps/short/adapt_p11-715852394892384_a135-0_289_map.h5 /home/daisy/GRB-Search-Pipeline/search-planning/tilings/tiling_files/2.5x2.5_tiling.csv 6695 10.0 10.0 5.0 0 /home/daisy/GRB-Search-Pipeline/results/training/short_searching_2.5x2.5_tiling.csv
Input Parameters:
  file        = /home/daisy/GRB-Search-Pipeline/results/training/maps/short/adapt_p11-715852394892384_a135-0_289_map.h5
  source_tile = 6695
  slew_rate   = 10
  dwell_time  = 5
  output      = /home/daisy/GRB-Search-Pipeline/results/training/short_searching_2.5x2.5_tiling.csv

source = [78.2841, 135], n_src_events = 826, n_bkg_events = 1517
Loaded 56 entries (unique=56, duplicates=0, missing=49096, out_of_bounds=0, non-finite=0)
Sum(prob) over finite entries = 0.999999
init sum: 0.999999
num pixels: 49152
tile num: 6781
total tile prob: 0.999999
tiles with prob > 0: 13
total tile prob after trim: 0.999999
num tiles after trim: 13
init_pos: 6618
*********running GCP*********
total time (wallclock): 0.0332018 seconds

$ /home/daisy/GRB-Search-Pipeline/search-planning/build/sp_train /home/daisy/GRB-Search-Pipeline/results/training/maps/short/adapt_p11-715852394892384_a135-0_28_map.h5 /home/daisy/GRB-Search-Pipeline/search-planning/tilings/tiling_files/2.5x2.5_tiling.csv 6695 10.0 10.0 5.0 0 /home/daisy/GRB-Search-Pipeline/results/training/short_searching_2.5x2.5_tiling.csv
Input Parameters:
  file        = /home/daisy/GRB-Search-Pipeline/results/training/maps/short/adapt_p11-715852394892384_a135-0_28_map.h5
  source_tile = 6695
  slew_rate   = 10
  dwell_time  = 5
  output      = /home/daisy/GRB-Search-Pipeline/results/training/short_searching_2.5x2.5_tiling.csv

source = [78.2841, 135], n_src_events = 614, n_bkg_events = 1057
Loaded 75 entries (unique=75, duplicates=0, missing=49077, out_of_bounds=0, non-finite=0)
Sum(prob) over finite entries = 0.999999
init sum: 0.999999
num pixels: 49152
tile num: 6781
total tile prob: 0.999999
tiles with prob > 0: 16
total tile prob after trim: 0.999999
num tiles after trim: 16
init_pos: 6658
*********running GCP*********
total time (wallclock): 0.0311754 seconds

$ /home/daisy/GRB-Search-Pipeline/search-planning/build/sp_train /home/daisy/GRB-Search-Pipeline/results/training/maps/short/adapt_p11-715852394892384_a135-0_290_map.h5 /home/daisy/GRB-Search-Pipeline/search-planning/tilings/tiling_files/2.5x2.5_tiling.csv 6695 10.0 10.0 5.0 0 /home/daisy/GRB-Search-Pipeline/results/training/short_searching_2.5x2.5_tiling.csv
Input Parameters:
  file        = /home/daisy/GRB-Search-Pipeline/results/training/maps/short/adapt_p11-715852394892384_a135-0_290_map.h5
  source_tile = 6695
  slew_rate   = 10
  dwell_time  = 5
  output      = /home/daisy/GRB-Search-Pipeline/results/training/short_searching_2.5x2.5_tiling.csv

source = [78.2841, 135], n_src_events = 474, n_bkg_events = 545
Loaded 111 entries (unique=111, duplicates=0, missing=49041, out_of_bounds=0, non-finite=0)
Sum(prob) over finite entries = 0.999998
init sum: 0.999998
num pixels: 49152
tile num: 6781
total tile prob: 0.999998
tiles with prob > 0: 23
total tile prob after trim: 0.999998
num tiles after trim: 23
init_pos: 6618
*********running GCP*********
total time (wallclock): 0.0334207 seconds

$ /home/daisy/GRB-Search-Pipeline/search-planning/build/sp_train /home/daisy/GRB-Search-Pipeline/results/training/maps/short/adapt_p11-715852394892384_a135-0_291_map.h5 /home/daisy/GRB-Search-Pipeline/search-planning/tilings/tiling_files/2.5x2.5_tiling.csv 6695 10.0 10.0 5.0 0 /home/daisy/GRB-Search-Pipeline/results/training/short_searching_2.5x2.5_tiling.csv
Input Parameters:
  file        = /home/daisy/GRB-Search-Pipeline/results/training/maps/short/adapt_p11-715852394892384_a135-0_291_map.h5
  source_tile = 6695
  slew_rate   = 10
  dwell_time  = 5
  output      = /home/daisy/GRB-Search-Pipeline/results/training/short_searching_2.5x2.5_tiling.csv

source = [78.2841, 135], n_src_events = 219, n_bkg_events = 694
Loaded 353 entries (unique=353, duplicates=0, missing=48799, out_of_bounds=0, non-finite=0)
Sum(prob) over finite entries = 0.999998
init sum: 0.999998
num pixels: 49152
tile num: 6781
total tile prob: 0.999998
tiles with prob > 0: 66
total tile prob after trim: 0.999998
num tiles after trim: 66
init_pos: 6692
*********running GCP*********
total time (wallclock): 0.0350431 seconds

$ /home/daisy/GRB-Search-Pipeline/search-planning/build/sp_train /home/daisy/GRB-Search-Pipeline/results/training/maps/short/adapt_p11-715852394892384_a135-0_292_map.h5 /home/daisy/GRB-Search-Pipeline/search-planning/tilings/tiling_files/2.5x2.5_tiling.csv 6695 10.0 10.0 5.0 0 /home/daisy/GRB-Search-Pipeline/results/training/short_searching_2.5x2.5_tiling.csv
Input Parameters:
  file        = /home/daisy/GRB-Search-Pipeline/results/training/maps/short/adapt_p11-715852394892384_a135-0_292_map.h5
  source_tile = 6695
  slew_rate   = 10
  dwell_time  = 5
  output      = /home/daisy/GRB-Search-Pipeline/results/training/short_searching_2.5x2.5_tiling.csv

source = [78.2841, 135], n_src_events = 619, n_bkg_events = 230
Loaded 70 entries (unique=70, duplicates=0, missing=49082, out_of_bounds=0, non-finite=0)
Sum(prob) over finite entries = 0.999998
init sum: 0.999998
num pixels: 49152
tile num: 6781
total tile prob: 0.999998
tiles with prob > 0: 15
total tile prob after trim: 0.999998
num tiles after trim: 15
init_pos: 6661
*********running GCP*********
total time (wallclock): 0.0324074 seconds

$ /home/daisy/GRB-Search-Pipeline/search-planning/build/sp_train /home/daisy/GRB-Search-Pipeline/results/training/maps/short/adapt_p11-715852394892384_a135-0_293_map.h5 /home/daisy/GRB-Search-Pipeline/search-planning/tilings/tiling_files/2.5x2.5_tiling.csv 6695 10.0 10.0 5.0 0 /home/daisy/GRB-Search-Pipeline/results/training/short_searching_2.5x2.5_tiling.csv
Input Parameters:
  file        = /home/daisy/GRB-Search-Pipeline/results/training/maps/short/adapt_p11-715852394892384_a135-0_293_map.h5
  source_tile = 6695
  slew_rate   = 10
  dwell_time  = 5
  output      = /home/daisy/GRB-Search-Pipeline/results/training/short_searching_2.5x2.5_tiling.csv

source = [78.2841, 135], n_src_events = 844, n_bkg_events = 1028
Loaded 48 entries (unique=48, duplicates=0, missing=49104, out_of_bounds=0, non-finite=0)
Sum(prob) over finite entries = 0.999998
init sum: 0.999998
num pixels: 49152
tile num: 6781
total tile prob: 0.999998
tiles with prob > 0: 11
total tile prob after trim: 0.999998
num tiles after trim: 11
init_pos: 6696
*********running GCP*********
total time (wallclock): 0.033067 seconds

$ /home/daisy/GRB-Search-Pipeline/search-planning/build/sp_train /home/daisy/GRB-Search-Pipeline/results/training/maps/short/adapt_p11-715852394892384_a135-0_294_map.h5 /home/daisy/GRB-Search-Pipeline/search-planning/tilings/tiling_files/2.5x2.5_tiling.csv 6695 10.0 10.0 5.0 0 /home/daisy/GRB-Search-Pipeline/results/training/short_searching_2.5x2.5_tiling.csv
Input Parameters:
  file        = /home/daisy/GRB-Search-Pipeline/results/training/maps/short/adapt_p11-715852394892384_a135-0_294_map.h5
  source_tile = 6695
  slew_rate   = 10
  dwell_time  = 5
  output      = /home/daisy/GRB-Search-Pipeline/results/training/short_searching_2.5x2.5_tiling.csv

source = [78.2841, 135], n_src_events = 709, n_bkg_events = 340
Loaded 50 entries (unique=50, duplicates=0, missing=49102, out_of_bounds=0, non-finite=0)
Sum(prob) over finite entries = 0.999999
init sum: 0.999999
num pixels: 49152
tile num: 6781
total tile prob: 0.999999
tiles with prob > 0: 12
total tile prob after trim: 0.999999
num tiles after trim: 12
init_pos: 6696
*********running GCP*********
total time (wallclock): 0.0320193 seconds

$ /home/daisy/GRB-Search-Pipeline/search-planning/build/sp_train /home/daisy/GRB-Search-Pipeline/results/training/maps/short/adapt_p11-715852394892384_a135-0_295_map.h5 /home/daisy/GRB-Search-Pipeline/search-planning/tilings/tiling_files/2.5x2.5_tiling.csv 6695 10.0 10.0 5.0 0 /home/daisy/GRB-Search-Pipeline/results/training/short_searching_2.5x2.5_tiling.csv
Input Parameters:
  file        = /home/daisy/GRB-Search-Pipeline/results/training/maps/short/adapt_p11-715852394892384_a135-0_295_map.h5
  source_tile = 6695
  slew_rate   = 10
  dwell_time  = 5
  output      = /home/daisy/GRB-Search-Pipeline/results/training/short_searching_2.5x2.5_tiling.csv

source = [78.2841, 135], n_src_events = 777, n_bkg_events = 179
Loaded 43 entries (unique=43, duplicates=0, missing=49109, out_of_bounds=0, non-finite=0)
Sum(prob) over finite entries = 0.999999
init sum: 0.999999
num pixels: 49152
tile num: 6781
total tile prob: 0.999999
tiles with prob > 0: 11
total tile prob after trim: 0.999999
num tiles after trim: 11
init_pos: 6662
*********running GCP*********
total time (wallclock): 0.0331158 seconds

$ /home/daisy/GRB-Search-Pipeline/search-planning/build/sp_train /home/daisy/GRB-Search-Pipeline/results/training/maps/short/adapt_p11-715852394892384_a135-0_296_map.h5 /home/daisy/GRB-Search-Pipeline/search-planning/tilings/tiling_files/2.5x2.5_tiling.csv 6695 10.0 10.0 5.0 0 /home/daisy/GRB-Search-Pipeline/results/training/short_searching_2.5x2.5_tiling.csv
Input Parameters:
  file        = /home/daisy/GRB-Search-Pipeline/results/training/maps/short/adapt_p11-715852394892384_a135-0_296_map.h5
  source_tile = 6695
  slew_rate   = 10
  dwell_time  = 5
  output      = /home/daisy/GRB-Search-Pipeline/results/training/short_searching_2.5x2.5_tiling.csv

source = [78.2841, 135], n_src_events = 429, n_bkg_events = 831
Loaded 216 entries (unique=216, duplicates=0, missing=48936, out_of_bounds=0, non-finite=0)
Sum(prob) over finite entries = 0.999999
init sum: 0.999999
num pixels: 49152
tile num: 6781
total tile prob: 0.999999
tiles with prob > 0: 41
total tile prob after trim: 0.999999
num tiles after trim: 41
init_pos: 6663
*********running GCP*********
total time (wallclock): 0.0393903 seconds

$ /home/daisy/GRB-Search-Pipeline/search-planning/build/sp_train /home/daisy/GRB-Search-Pipeline/results/training/maps/short/adapt_p11-715852394892384_a135-0_297_map.h5 /home/daisy/GRB-Search-Pipeline/search-planning/tilings/tiling_files/2.5x2.5_tiling.csv 6695 10.0 10.0 5.0 0 /home/daisy/GRB-Search-Pipeline/results/training/short_searching_2.5x2.5_tiling.csv
Input Parameters:
  file        = /home/daisy/GRB-Search-Pipeline/results/training/maps/short/adapt_p11-715852394892384_a135-0_297_map.h5
  source_tile = 6695
  slew_rate   = 10
  dwell_time  = 5
  output      = /home/daisy/GRB-Search-Pipeline/results/training/short_searching_2.5x2.5_tiling.csv

source = [78.2841, 135], n_src_events = 891, n_bkg_events = 1339
Loaded 55 entries (unique=55, duplicates=0, missing=49097, out_of_bounds=0, non-finite=0)
Sum(prob) over finite entries = 0.999998
init sum: 0.999998
num pixels: 49152
tile num: 6781
total tile prob: 0.999998
tiles with prob > 0: 13
total tile prob after trim: 0.999998
num tiles after trim: 13
init_pos: 6619
*********running GCP*********
total time (wallclock): 0.0333678 seconds

$ /home/daisy/GRB-Search-Pipeline/search-planning/build/sp_train /home/daisy/GRB-Search-Pipeline/results/training/maps/short/adapt_p11-715852394892384_a135-0_298_map.h5 /home/daisy/GRB-Search-Pipeline/search-planning/tilings/tiling_files/2.5x2.5_tiling.csv 6695 10.0 10.0 5.0 0 /home/daisy/GRB-Search-Pipeline/results/training/short_searching_2.5x2.5_tiling.csv
Input Parameters:
  file        = /home/daisy/GRB-Search-Pipeline/results/training/maps/short/adapt_p11-715852394892384_a135-0_298_map.h5
  source_tile = 6695
  slew_rate   = 10
  dwell_time  = 5
  output      = /home/daisy/GRB-Search-Pipeline/results/training/short_searching_2.5x2.5_tiling.csv

source = [78.2841, 135], n_src_events = 480, n_bkg_events = 701
Loaded 139 entries (unique=139, duplicates=0, missing=49013, out_of_bounds=0, non-finite=0)
Sum(prob) over finite entries = 0.999999
init sum: 0.999999
num pixels: 49152
tile num: 6781
total tile prob: 0.999999
tiles with prob > 0: 27
total tile prob after trim: 0.999999
num tiles after trim: 27
init_pos: 6661
*********running GCP*********
total time (wallclock): 0.0322819 seconds

$ /home/daisy/GRB-Search-Pipeline/search-planning/build/sp_train /home/daisy/GRB-Search-Pipeline/results/training/maps/short/adapt_p11-715852394892384_a135-0_299_map.h5 /home/daisy/GRB-Search-Pipeline/search-planning/tilings/tiling_files/2.5x2.5_tiling.csv 6695 10.0 10.0 5.0 0 /home/daisy/GRB-Search-Pipeline/results/training/short_searching_2.5x2.5_tiling.csv
Input Parameters:
  file        = /home/daisy/GRB-Search-Pipeline/results/training/maps/short/adapt_p11-715852394892384_a135-0_299_map.h5
  source_tile = 6695
  slew_rate   = 10
  dwell_time  = 5
  output      = /home/daisy/GRB-Search-Pipeline/results/training/short_searching_2.5x2.5_tiling.csv

source = [78.2841, 135], n_src_events = 337, n_bkg_events = 1205
Loaded 181 entries (unique=181, duplicates=0, missing=48971, out_of_bounds=0, non-finite=0)
Sum(prob) over finite entries = 0.999999
init sum: 0.999999
num pixels: 49152
tile num: 6781
total tile prob: 0.999999
tiles with prob > 0: 37
total tile prob after trim: 0.999999
num tiles after trim: 37
init_pos: 6663
*********running GCP*********
total time (wallclock): 0.0343439 seconds

$ /home/daisy/GRB-Search-Pipeline/search-planning/build/sp_train /home/daisy/GRB-Search-Pipeline/results/training/maps/short/adapt_p11-715852394892384_a135-0_29_map.h5 /home/daisy/GRB-Search-Pipeline/search-planning/tilings/tiling_files/2.5x2.5_tiling.csv 6695 10.0 10.0 5.0 0 /home/daisy/GRB-Search-Pipeline/results/training/short_searching_2.5x2.5_tiling.csv
Input Parameters:
  file        = /home/daisy/GRB-Search-Pipeline/results/training/maps/short/adapt_p11-715852394892384_a135-0_29_map.h5
  source_tile = 6695
  slew_rate   = 10
  dwell_time  = 5
  output      = /home/daisy/GRB-Search-Pipeline/results/training/short_searching_2.5x2.5_tiling.csv

source = [78.2841, 135], n_src_events = 599, n_bkg_events = 196
Loaded 56 entries (unique=56, duplicates=0, missing=49096, out_of_bounds=0, non-finite=0)
Sum(prob) over finite entries = 0.999999
init sum: 0.999999
num pixels: 49152
tile num: 6781
total tile prob: 0.999999
tiles with prob > 0: 14
total tile prob after trim: 0.999999
num tiles after trim: 14
init_pos: 6617
*********running GCP*********
total time (wallclock): 0.0326727 seconds

$ /home/daisy/GRB-Search-Pipeline/search-planning/build/sp_train /home/daisy/GRB-Search-Pipeline/results/training/maps/short/adapt_p11-715852394892384_a135-0_2_map.h5 /home/daisy/GRB-Search-Pipeline/search-planning/tilings/tiling_files/2.5x2.5_tiling.csv 6695 10.0 10.0 5.0 0 /home/daisy/GRB-Search-Pipeline/results/training/short_searching_2.5x2.5_tiling.csv
Input Parameters:
  file        = /home/daisy/GRB-Search-Pipeline/results/training/maps/short/adapt_p11-715852394892384_a135-0_2_map.h5
  source_tile = 6695
  slew_rate   = 10
  dwell_time  = 5
  output      = /home/daisy/GRB-Search-Pipeline/results/training/short_searching_2.5x2.5_tiling.csv

source = [78.2841, 135], n_src_events = 834, n_bkg_events = 445
Loaded 50 entries (unique=50, duplicates=0, missing=49102, out_of_bounds=0, non-finite=0)
Sum(prob) over finite entries = 1
init sum: 1
num pixels: 49152
tile num: 6781
total tile prob: 1
tiles with prob > 0: 12
total tile prob after trim: 1
num tiles after trim: 12
init_pos: 6696
*********running GCP*********
total time (wallclock): 0.0323398 seconds

$ /home/daisy/GRB-Search-Pipeline/search-planning/build/sp_train /home/daisy/GRB-Search-Pipeline/results/training/maps/short/adapt_p11-715852394892384_a135-0_300_map.h5 /home/daisy/GRB-Search-Pipeline/search-planning/tilings/tiling_files/2.5x2.5_tiling.csv 6695 10.0 10.0 5.0 0 /home/daisy/GRB-Search-Pipeline/results/training/short_searching_2.5x2.5_tiling.csv
Input Parameters:
  file        = /home/daisy/GRB-Search-Pipeline/results/training/maps/short/adapt_p11-715852394892384_a135-0_300_map.h5
  source_tile = 6695
  slew_rate   = 10
  dwell_time  = 5
  output      = /home/daisy/GRB-Search-Pipeline/results/training/short_searching_2.5x2.5_tiling.csv

source = [78.2841, 135], n_src_events = 621, n_bkg_events = 519
Loaded 84 entries (unique=84, duplicates=0, missing=49068, out_of_bounds=0, non-finite=0)
Sum(prob) over finite entries = 0.999998
init sum: 0.999998
num pixels: 49152
tile num: 6781
total tile prob: 0.999998
tiles with prob > 0: 18
total tile prob after trim: 0.999998
num tiles after trim: 18
init_pos: 6619
*********running GCP*********
total time (wallclock): 0.0326708 seconds

$ /home/daisy/GRB-Search-Pipeline/search-planning/build/sp_train /home/daisy/GRB-Search-Pipeline/results/training/maps/short/adapt_p11-715852394892384_a135-0_301_map.h5 /home/daisy/GRB-Search-Pipeline/search-planning/tilings/tiling_files/2.5x2.5_tiling.csv 6695 10.0 10.0 5.0 0 /home/daisy/GRB-Search-Pipeline/results/training/short_searching_2.5x2.5_tiling.csv
Input Parameters:
  file        = /home/daisy/GRB-Search-Pipeline/results/training/maps/short/adapt_p11-715852394892384_a135-0_301_map.h5
  source_tile = 6695
  slew_rate   = 10
  dwell_time  = 5
  output      = /home/daisy/GRB-Search-Pipeline/results/training/short_searching_2.5x2.5_tiling.csv

source = [78.2841, 135], n_src_events = 788, n_bkg_events = 655
Loaded 54 entries (unique=54, duplicates=0, missing=49098, out_of_bounds=0, non-finite=0)
Sum(prob) over finite entries = 0.999999
init sum: 0.999999
num pixels: 49152
tile num: 6781
total tile prob: 0.999999
tiles with prob > 0: 15
total tile prob after trim: 0.999999
num tiles after trim: 15
init_pos: 6661
*********running GCP*********
total time (wallclock): 0.0347409 seconds

$ /home/daisy/GRB-Search-Pipeline/search-planning/build/sp_train /home/daisy/GRB-Search-Pipeline/results/training/maps/short/adapt_p11-715852394892384_a135-0_302_map.h5 /home/daisy/GRB-Search-Pipeline/search-planning/tilings/tiling_files/2.5x2.5_tiling.csv 6695 10.0 10.0 5.0 0 /home/daisy/GRB-Search-Pipeline/results/training/short_searching_2.5x2.5_tiling.csv
Input Parameters:
  file        = /home/daisy/GRB-Search-Pipeline/results/training/maps/short/adapt_p11-715852394892384_a135-0_302_map.h5
  source_tile = 6695
  slew_rate   = 10
  dwell_time  = 5
  output      = /home/daisy/GRB-Search-Pipeline/results/training/short_searching_2.5x2.5_tiling.csv

source = [78.2841, 135], n_src_events = 629, n_bkg_events = 1704
Loaded 113 entries (unique=113, duplicates=0, missing=49039, out_of_bounds=0, non-finite=0)
Sum(prob) over finite entries = 0.999999
init sum: 0.999999
num pixels: 49152
tile num: 6781
total tile prob: 0.999999
tiles with prob > 0: 23
total tile prob after trim: 0.999999
num tiles after trim: 23
init_pos: 6619
*********running GCP*********
total time (wallclock): 0.032897 seconds

$ /home/daisy/GRB-Search-Pipeline/search-planning/build/sp_train /home/daisy/GRB-Search-Pipeline/results/training/maps/short/adapt_p11-715852394892384_a135-0_303_map.h5 /home/daisy/GRB-Search-Pipeline/search-planning/tilings/tiling_files/2.5x2.5_tiling.csv 6695 10.0 10.0 5.0 0 /home/daisy/GRB-Search-Pipeline/results/training/short_searching_2.5x2.5_tiling.csv
Input Parameters:
  file        = /home/daisy/GRB-Search-Pipeline/results/training/maps/short/adapt_p11-715852394892384_a135-0_303_map.h5
  source_tile = 6695
  slew_rate   = 10
  dwell_time  = 5
  output      = /home/daisy/GRB-Search-Pipeline/results/training/short_searching_2.5x2.5_tiling.csv

source = [78.2841, 135], n_src_events = 468, n_bkg_events = 1263
Loaded 122 entries (unique=122, duplicates=0, missing=49030, out_of_bounds=0, non-finite=0)
Sum(prob) over finite entries = 0.999998
init sum: 0.999998
num pixels: 49152
tile num: 6781
total tile prob: 0.999998
tiles with prob > 0: 25
total tile prob after trim: 0.999998
num tiles after trim: 25
init_pos: 6574
*********running GCP*********
total time (wallclock): 0.038561 seconds

$ /home/daisy/GRB-Search-Pipeline/search-planning/build/sp_train /home/daisy/GRB-Search-Pipeline/results/training/maps/short/adapt_p11-715852394892384_a135-0_304_map.h5 /home/daisy/GRB-Search-Pipeline/search-planning/tilings/tiling_files/2.5x2.5_tiling.csv 6695 10.0 10.0 5.0 0 /home/daisy/GRB-Search-Pipeline/results/training/short_searching_2.5x2.5_tiling.csv
Input Parameters:
  file        = /home/daisy/GRB-Search-Pipeline/results/training/maps/short/adapt_p11-715852394892384_a135-0_304_map.h5
  source_tile = 6695
  slew_rate   = 10
  dwell_time  = 5
  output      = /home/daisy/GRB-Search-Pipeline/results/training/short_searching_2.5x2.5_tiling.csv

source = [78.2841, 135], n_src_events = 688, n_bkg_events = 1593
Loaded 109 entries (unique=109, duplicates=0, missing=49043, out_of_bounds=0, non-finite=0)
Sum(prob) over finite entries = 0.999999
init sum: 0.999999
num pixels: 49152
tile num: 6781
total tile prob: 0.999999
tiles with prob > 0: 22
total tile prob after trim: 0.999999
num tiles after trim: 22
init_pos: 6623
*********running GCP*********
total time (wallclock): 0.0352988 seconds

$ /home/daisy/GRB-Search-Pipeline/search-planning/build/sp_train /home/daisy/GRB-Search-Pipeline/results/training/maps/short/adapt_p11-715852394892384_a135-0_305_map.h5 /home/daisy/GRB-Search-Pipeline/search-planning/tilings/tiling_files/2.5x2.5_tiling.csv 6695 10.0 10.0 5.0 0 /home/daisy/GRB-Search-Pipeline/results/training/short_searching_2.5x2.5_tiling.csv
Input Parameters:
  file        = /home/daisy/GRB-Search-Pipeline/results/training/maps/short/adapt_p11-715852394892384_a135-0_305_map.h5
  source_tile = 6695
  slew_rate   = 10
  dwell_time  = 5
  output      = /home/daisy/GRB-Search-Pipeline/results/training/short_searching_2.5x2.5_tiling.csv

source = [78.2841, 135], n_src_events = 531, n_bkg_events = 1671
Loaded 108 entries (unique=108, duplicates=0, missing=49044, out_of_bounds=0, non-finite=0)
Sum(prob) over finite entries = 0.999999
init sum: 0.999999
num pixels: 49152
tile num: 6781
total tile prob: 0.999999
tiles with prob > 0: 25
total tile prob after trim: 0.999999
num tiles after trim: 25
init_pos: 6660
*********running GCP*********
total time (wallclock): 0.0314156 seconds

$ /home/daisy/GRB-Search-Pipeline/search-planning/build/sp_train /home/daisy/GRB-Search-Pipeline/results/training/maps/short/adapt_p11-715852394892384_a135-0_306_map.h5 /home/daisy/GRB-Search-Pipeline/search-planning/tilings/tiling_files/2.5x2.5_tiling.csv 6695 10.0 10.0 5.0 0 /home/daisy/GRB-Search-Pipeline/results/training/short_searching_2.5x2.5_tiling.csv
Input Parameters:
  file        = /home/daisy/GRB-Search-Pipeline/results/training/maps/short/adapt_p11-715852394892384_a135-0_306_map.h5
  source_tile = 6695
  slew_rate   = 10
  dwell_time  = 5
  output      = /home/daisy/GRB-Search-Pipeline/results/training/short_searching_2.5x2.5_tiling.csv

source = [78.2841, 135], n_src_events = 556, n_bkg_events = 1274
Loaded 110 entries (unique=110, duplicates=0, missing=49042, out_of_bounds=0, non-finite=0)
Sum(prob) over finite entries = 0.999999
init sum: 0.999999
num pixels: 49152
tile num: 6781
total tile prob: 0.999999
tiles with prob > 0: 21
total tile prob after trim: 0.999999
num tiles after trim: 21
init_pos: 6697
*********running GCP*********
total time (wallclock): 0.0324951 seconds

$ /home/daisy/GRB-Search-Pipeline/search-planning/build/sp_train /home/daisy/GRB-Search-Pipeline/results/training/maps/short/adapt_p11-715852394892384_a135-0_307_map.h5 /home/daisy/GRB-Search-Pipeline/search-planning/tilings/tiling_files/2.5x2.5_tiling.csv 6695 10.0 10.0 5.0 0 /home/daisy/GRB-Search-Pipeline/results/training/short_searching_2.5x2.5_tiling.csv
Input Parameters:
  file        = /home/daisy/GRB-Search-Pipeline/results/training/maps/short/adapt_p11-715852394892384_a135-0_307_map.h5
  source_tile = 6695
  slew_rate   = 10
  dwell_time  = 5
  output      = /home/daisy/GRB-Search-Pipeline/results/training/short_searching_2.5x2.5_tiling.csv

source = [78.2841, 135], n_src_events = 302, n_bkg_events = 1605
Loaded 304 entries (unique=304, duplicates=0, missing=48848, out_of_bounds=0, non-finite=0)
Sum(prob) over finite entries = 0.999998
init sum: 0.999998
num pixels: 49152
tile num: 6781
total tile prob: 0.999998
tiles with prob > 0: 56
total tile prob after trim: 0.999998
num tiles after trim: 56
init_pos: 6514
*********running GCP*********
total time (wallclock): 0.0542138 seconds

$ /home/daisy/GRB-Search-Pipeline/search-planning/build/sp_train /home/daisy/GRB-Search-Pipeline/results/training/maps/short/adapt_p11-715852394892384_a135-0_308_map.h5 /home/daisy/GRB-Search-Pipeline/search-planning/tilings/tiling_files/2.5x2.5_tiling.csv 6695 10.0 10.0 5.0 0 /home/daisy/GRB-Search-Pipeline/results/training/short_searching_2.5x2.5_tiling.csv
Input Parameters:
  file        = /home/daisy/GRB-Search-Pipeline/results/training/maps/short/adapt_p11-715852394892384_a135-0_308_map.h5
  source_tile = 6695
  slew_rate   = 10
  dwell_time  = 5
  output      = /home/daisy/GRB-Search-Pipeline/results/training/short_searching_2.5x2.5_tiling.csv

source = [78.2841, 135], n_src_events = 621, n_bkg_events = 1478
Loaded 139 entries (unique=139, duplicates=0, missing=49013, out_of_bounds=0, non-finite=0)
Sum(prob) over finite entries = 0.999998
init sum: 0.999998
num pixels: 49152
tile num: 6781
total tile prob: 0.999998
tiles with prob > 0: 28
total tile prob after trim: 0.999998
num tiles after trim: 28
init_pos: 6657
*********running GCP*********
total time (wallclock): 0.0343256 seconds

$ /home/daisy/GRB-Search-Pipeline/search-planning/build/sp_train /home/daisy/GRB-Search-Pipeline/results/training/maps/short/adapt_p11-715852394892384_a135-0_309_map.h5 /home/daisy/GRB-Search-Pipeline/search-planning/tilings/tiling_files/2.5x2.5_tiling.csv 6695 10.0 10.0 5.0 0 /home/daisy/GRB-Search-Pipeline/results/training/short_searching_2.5x2.5_tiling.csv
Input Parameters:
  file        = /home/daisy/GRB-Search-Pipeline/results/training/maps/short/adapt_p11-715852394892384_a135-0_309_map.h5
  source_tile = 6695
  slew_rate   = 10
  dwell_time  = 5
  output      = /home/daisy/GRB-Search-Pipeline/results/training/short_searching_2.5x2.5_tiling.csv

source = [78.2841, 135], n_src_events = 127, n_bkg_events = 596
Loaded 368 entries (unique=368, duplicates=0, missing=48784, out_of_bounds=0, non-finite=0)
Sum(prob) over finite entries = 0.999996
init sum: 0.999996
num pixels: 49152
tile num: 6781
total tile prob: 0.999996
tiles with prob > 0: 68
total tile prob after trim: 0.999996
num tiles after trim: 68
init_pos: 6568
*********running GCP*********
total time (wallclock): 0.0346786 seconds

$ /home/daisy/GRB-Search-Pipeline/search-planning/build/sp_train /home/daisy/GRB-Search-Pipeline/results/training/maps/short/adapt_p11-715852394892384_a135-0_30_map.h5 /home/daisy/GRB-Search-Pipeline/search-planning/tilings/tiling_files/2.5x2.5_tiling.csv 6695 10.0 10.0 5.0 0 /home/daisy/GRB-Search-Pipeline/results/training/short_searching_2.5x2.5_tiling.csv
Input Parameters:
  file        = /home/daisy/GRB-Search-Pipeline/results/training/maps/short/adapt_p11-715852394892384_a135-0_30_map.h5
  source_tile = 6695
  slew_rate   = 10
  dwell_time  = 5
  output      = /home/daisy/GRB-Search-Pipeline/results/training/short_searching_2.5x2.5_tiling.csv

source = [78.2841, 135], n_src_events = 93, n_bkg_events = 618
Loaded 3603 entries (unique=3603, duplicates=0, missing=45549, out_of_bounds=0, non-finite=0)
Sum(prob) over finite entries = 0.999993
init sum: 0.999993
num pixels: 49152
tile num: 6781
total tile prob: 0.999993
tiles with prob > 0: 574
total tile prob after trim: 0.999993
num tiles after trim: 574
init_pos: 5725
*********running GCP*********
total time (wallclock): 0.583302 seconds

$ /home/daisy/GRB-Search-Pipeline/search-planning/build/sp_train /home/daisy/GRB-Search-Pipeline/results/training/maps/short/adapt_p11-715852394892384_a135-0_310_map.h5 /home/daisy/GRB-Search-Pipeline/search-planning/tilings/tiling_files/2.5x2.5_tiling.csv 6695 10.0 10.0 5.0 0 /home/daisy/GRB-Search-Pipeline/results/training/short_searching_2.5x2.5_tiling.csv
Input Parameters:
  file        = /home/daisy/GRB-Search-Pipeline/results/training/maps/short/adapt_p11-715852394892384_a135-0_310_map.h5
  source_tile = 6695
  slew_rate   = 10
  dwell_time  = 5
  output      = /home/daisy/GRB-Search-Pipeline/results/training/short_searching_2.5x2.5_tiling.csv

source = [78.2841, 135], n_src_events = 511, n_bkg_events = 517
Loaded 90 entries (unique=90, duplicates=0, missing=49062, out_of_bounds=0, non-finite=0)
Sum(prob) over finite entries = 0.999998
init sum: 0.999998
num pixels: 49152
tile num: 6781
total tile prob: 0.999998
tiles with prob > 0: 20
total tile prob after trim: 0.999998
num tiles after trim: 20
init_pos: 6697
*********running GCP*********
total time (wallclock): 0.0330135 seconds

$ /home/daisy/GRB-Search-Pipeline/search-planning/build/sp_train /home/daisy/GRB-Search-Pipeline/results/training/maps/short/adapt_p11-715852394892384_a135-0_311_map.h5 /home/daisy/GRB-Search-Pipeline/search-planning/tilings/tiling_files/2.5x2.5_tiling.csv 6695 10.0 10.0 5.0 0 /home/daisy/GRB-Search-Pipeline/results/training/short_searching_2.5x2.5_tiling.csv
Input Parameters:
  file        = /home/daisy/GRB-Search-Pipeline/results/training/maps/short/adapt_p11-715852394892384_a135-0_311_map.h5
  source_tile = 6695
  slew_rate   = 10
  dwell_time  = 5
  output      = /home/daisy/GRB-Search-Pipeline/results/training/short_searching_2.5x2.5_tiling.csv

source = [78.2841, 135], n_src_events = 691, n_bkg_events = 1446
Loaded 80 entries (unique=80, duplicates=0, missing=49072, out_of_bounds=0, non-finite=0)
Sum(prob) over finite entries = 0.999999
init sum: 0.999999
num pixels: 49152
tile num: 6781
total tile prob: 0.999999
tiles with prob > 0: 17
total tile prob after trim: 0.999999
num tiles after trim: 17
init_pos: 6659
*********running GCP*********
total time (wallclock): 0.0326494 seconds

$ /home/daisy/GRB-Search-Pipeline/search-planning/build/sp_train /home/daisy/GRB-Search-Pipeline/results/training/maps/short/adapt_p11-715852394892384_a135-0_312_map.h5 /home/daisy/GRB-Search-Pipeline/search-planning/tilings/tiling_files/2.5x2.5_tiling.csv 6695 10.0 10.0 5.0 0 /home/daisy/GRB-Search-Pipeline/results/training/short_searching_2.5x2.5_tiling.csv
Input Parameters:
  file        = /home/daisy/GRB-Search-Pipeline/results/training/maps/short/adapt_p11-715852394892384_a135-0_312_map.h5
  source_tile = 6695
  slew_rate   = 10
  dwell_time  = 5
  output      = /home/daisy/GRB-Search-Pipeline/results/training/short_searching_2.5x2.5_tiling.csv

source = [78.2841, 135], n_src_events = 422, n_bkg_events = 858
Loaded 116 entries (unique=116, duplicates=0, missing=49036, out_of_bounds=0, non-finite=0)
Sum(prob) over finite entries = 0.999998
init sum: 0.999998
num pixels: 49152
tile num: 6781
total tile prob: 0.999998
tiles with prob > 0: 23
total tile prob after trim: 0.999998
num tiles after trim: 23
init_pos: 6572
*********running GCP*********
total time (wallclock): 0.0372079 seconds

$ /home/daisy/GRB-Search-Pipeline/search-planning/build/sp_train /home/daisy/GRB-Search-Pipeline/results/training/maps/short/adapt_p11-715852394892384_a135-0_313_map.h5 /home/daisy/GRB-Search-Pipeline/search-planning/tilings/tiling_files/2.5x2.5_tiling.csv 6695 10.0 10.0 5.0 0 /home/daisy/GRB-Search-Pipeline/results/training/short_searching_2.5x2.5_tiling.csv
Input Parameters:
  file        = /home/daisy/GRB-Search-Pipeline/results/training/maps/short/adapt_p11-715852394892384_a135-0_313_map.h5
  source_tile = 6695
  slew_rate   = 10
  dwell_time  = 5
  output      = /home/daisy/GRB-Search-Pipeline/results/training/short_searching_2.5x2.5_tiling.csv

source = [78.2841, 135], n_src_events = 434, n_bkg_events = 487
Loaded 124 entries (unique=124, duplicates=0, missing=49028, out_of_bounds=0, non-finite=0)
Sum(prob) over finite entries = 0.999999
init sum: 0.999999
num pixels: 49152
tile num: 6781
total tile prob: 0.999999
tiles with prob > 0: 28
total tile prob after trim: 0.999999
num tiles after trim: 28
init_pos: 6662
*********running GCP*********
total time (wallclock): 0.0336579 seconds

$ /home/daisy/GRB-Search-Pipeline/search-planning/build/sp_train /home/daisy/GRB-Search-Pipeline/results/training/maps/short/adapt_p11-715852394892384_a135-0_314_map.h5 /home/daisy/GRB-Search-Pipeline/search-planning/tilings/tiling_files/2.5x2.5_tiling.csv 6695 10.0 10.0 5.0 0 /home/daisy/GRB-Search-Pipeline/results/training/short_searching_2.5x2.5_tiling.csv
Input Parameters:
  file        = /home/daisy/GRB-Search-Pipeline/results/training/maps/short/adapt_p11-715852394892384_a135-0_314_map.h5
  source_tile = 6695
  slew_rate   = 10
  dwell_time  = 5
  output      = /home/daisy/GRB-Search-Pipeline/results/training/short_searching_2.5x2.5_tiling.csv

source = [78.2841, 135], n_src_events = 273, n_bkg_events = 931
Loaded 285 entries (unique=285, duplicates=0, missing=48867, out_of_bounds=0, non-finite=0)
Sum(prob) over finite entries = 0.999998
init sum: 0.999998
num pixels: 49152
tile num: 6781
total tile prob: 0.999998
tiles with prob > 0: 53
total tile prob after trim: 0.999998
num tiles after trim: 53
init_pos: 6728
*********running GCP*********
total time (wallclock): 0.0316026 seconds

$ /home/daisy/GRB-Search-Pipeline/search-planning/build/sp_train /home/daisy/GRB-Search-Pipeline/results/training/maps/short/adapt_p11-715852394892384_a135-0_315_map.h5 /home/daisy/GRB-Search-Pipeline/search-planning/tilings/tiling_files/2.5x2.5_tiling.csv 6695 10.0 10.0 5.0 0 /home/daisy/GRB-Search-Pipeline/results/training/short_searching_2.5x2.5_tiling.csv
Input Parameters:
  file        = /home/daisy/GRB-Search-Pipeline/results/training/maps/short/adapt_p11-715852394892384_a135-0_315_map.h5
  source_tile = 6695
  slew_rate   = 10
  dwell_time  = 5
  output      = /home/daisy/GRB-Search-Pipeline/results/training/short_searching_2.5x2.5_tiling.csv

source = [78.2841, 135], n_src_events = 239, n_bkg_events = 1765
Loaded 464 entries (unique=464, duplicates=0, missing=48688, out_of_bounds=0, non-finite=0)
Sum(prob) over finite entries = 0.999998
init sum: 0.999998
num pixels: 49152
tile num: 6781
total tile prob: 0.999998
tiles with prob > 0: 83
total tile prob after trim: 0.999998
num tiles after trim: 83
init_pos: 6615
*********running GCP*********
total time (wallclock): 0.0328217 seconds

$ /home/daisy/GRB-Search-Pipeline/search-planning/build/sp_train /home/daisy/GRB-Search-Pipeline/results/training/maps/short/adapt_p11-715852394892384_a135-0_316_map.h5 /home/daisy/GRB-Search-Pipeline/search-planning/tilings/tiling_files/2.5x2.5_tiling.csv 6695 10.0 10.0 5.0 0 /home/daisy/GRB-Search-Pipeline/results/training/short_searching_2.5x2.5_tiling.csv
Input Parameters:
  file        = /home/daisy/GRB-Search-Pipeline/results/training/maps/short/adapt_p11-715852394892384_a135-0_316_map.h5
  source_tile = 6695
  slew_rate   = 10
  dwell_time  = 5
  output      = /home/daisy/GRB-Search-Pipeline/results/training/short_searching_2.5x2.5_tiling.csv

source = [78.2841, 135], n_src_events = 584, n_bkg_events = 1002
Loaded 125 entries (unique=125, duplicates=0, missing=49027, out_of_bounds=0, non-finite=0)
Sum(prob) over finite entries = 0.999998
init sum: 0.999998
num pixels: 49152
tile num: 6781
total tile prob: 0.999998
tiles with prob > 0: 26
total tile prob after trim: 0.999998
num tiles after trim: 26
init_pos: 6618
*********running GCP*********
total time (wallclock): 0.0338225 seconds

$ /home/daisy/GRB-Search-Pipeline/search-planning/build/sp_train /home/daisy/GRB-Search-Pipeline/results/training/maps/short/adapt_p11-715852394892384_a135-0_317_map.h5 /home/daisy/GRB-Search-Pipeline/search-planning/tilings/tiling_files/2.5x2.5_tiling.csv 6695 10.0 10.0 5.0 0 /home/daisy/GRB-Search-Pipeline/results/training/short_searching_2.5x2.5_tiling.csv
Input Parameters:
  file        = /home/daisy/GRB-Search-Pipeline/results/training/maps/short/adapt_p11-715852394892384_a135-0_317_map.h5
  source_tile = 6695
  slew_rate   = 10
  dwell_time  = 5
  output      = /home/daisy/GRB-Search-Pipeline/results/training/short_searching_2.5x2.5_tiling.csv

source = [78.2841, 135], n_src_events = 141, n_bkg_events = 722
Loaded 858 entries (unique=858, duplicates=0, missing=48294, out_of_bounds=0, non-finite=0)
Sum(prob) over finite entries = 0.999997
init sum: 0.999997
num pixels: 49152
tile num: 6781
total tile prob: 0.999997
tiles with prob > 0: 145
total tile prob after trim: 0.999997
num tiles after trim: 145
init_pos: 6627
*********running GCP*********
total time (wallclock): 0.587906 seconds

$ /home/daisy/GRB-Search-Pipeline/search-planning/build/sp_train /home/daisy/GRB-Search-Pipeline/results/training/maps/short/adapt_p11-715852394892384_a135-0_318_map.h5 /home/daisy/GRB-Search-Pipeline/search-planning/tilings/tiling_files/2.5x2.5_tiling.csv 6695 10.0 10.0 5.0 0 /home/daisy/GRB-Search-Pipeline/results/training/short_searching_2.5x2.5_tiling.csv
Input Parameters:
  file        = /home/daisy/GRB-Search-Pipeline/results/training/maps/short/adapt_p11-715852394892384_a135-0_318_map.h5
  source_tile = 6695
  slew_rate   = 10
  dwell_time  = 5
  output      = /home/daisy/GRB-Search-Pipeline/results/training/short_searching_2.5x2.5_tiling.csv

source = [78.2841, 135], n_src_events = 474, n_bkg_events = 1793
Loaded 246 entries (unique=246, duplicates=0, missing=48906, out_of_bounds=0, non-finite=0)
Sum(prob) over finite entries = 0.999997
init sum: 0.999997
num pixels: 49152
tile num: 6781
total tile prob: 0.999997
tiles with prob > 0: 50
total tile prob after trim: 0.999997
num tiles after trim: 50
init_pos: 6572
*********running GCP*********
total time (wallclock): 0.0351199 seconds

$ /home/daisy/GRB-Search-Pipeline/search-planning/build/sp_train /home/daisy/GRB-Search-Pipeline/results/training/maps/short/adapt_p11-715852394892384_a135-0_319_map.h5 /home/daisy/GRB-Search-Pipeline/search-planning/tilings/tiling_files/2.5x2.5_tiling.csv 6695 10.0 10.0 5.0 0 /home/daisy/GRB-Search-Pipeline/results/training/short_searching_2.5x2.5_tiling.csv
Input Parameters:
  file        = /home/daisy/GRB-Search-Pipeline/results/training/maps/short/adapt_p11-715852394892384_a135-0_319_map.h5
  source_tile = 6695
  slew_rate   = 10
  dwell_time  = 5
  output      = /home/daisy/GRB-Search-Pipeline/results/training/short_searching_2.5x2.5_tiling.csv

source = [78.2841, 135], n_src_events = 534, n_bkg_events = 652
Loaded 96 entries (unique=96, duplicates=0, missing=49056, out_of_bounds=0, non-finite=0)
Sum(prob) over finite entries = 0.999998
init sum: 0.999998
num pixels: 49152
tile num: 6781
total tile prob: 0.999998
tiles with prob > 0: 18
total tile prob after trim: 0.999998
num tiles after trim: 18
init_pos: 6618
*********running GCP*********
total time (wallclock): 0.0360391 seconds

$ /home/daisy/GRB-Search-Pipeline/search-planning/build/sp_train /home/daisy/GRB-Search-Pipeline/results/training/maps/short/adapt_p11-715852394892384_a135-0_31_map.h5 /home/daisy/GRB-Search-Pipeline/search-planning/tilings/tiling_files/2.5x2.5_tiling.csv 6695 10.0 10.0 5.0 0 /home/daisy/GRB-Search-Pipeline/results/training/short_searching_2.5x2.5_tiling.csv
Input Parameters:
  file        = /home/daisy/GRB-Search-Pipeline/results/training/maps/short/adapt_p11-715852394892384_a135-0_31_map.h5
  source_tile = 6695
  slew_rate   = 10
  dwell_time  = 5
  output      = /home/daisy/GRB-Search-Pipeline/results/training/short_searching_2.5x2.5_tiling.csv

source = [78.2841, 135], n_src_events = 270, n_bkg_events = 1010
Loaded 585 entries (unique=585, duplicates=0, missing=48567, out_of_bounds=0, non-finite=0)
Sum(prob) over finite entries = 0.999998
init sum: 0.999998
num pixels: 49152
tile num: 6781
total tile prob: 0.999998
tiles with prob > 0: 104
total tile prob after trim: 0.999998
num tiles after trim: 104
init_pos: 6621
*********running GCP*********
total time (wallclock): 0.041483 seconds

$ /home/daisy/GRB-Search-Pipeline/search-planning/build/sp_train /home/daisy/GRB-Search-Pipeline/results/training/maps/short/adapt_p11-715852394892384_a135-0_320_map.h5 /home/daisy/GRB-Search-Pipeline/search-planning/tilings/tiling_files/2.5x2.5_tiling.csv 6695 10.0 10.0 5.0 0 /home/daisy/GRB-Search-Pipeline/results/training/short_searching_2.5x2.5_tiling.csv
Input Parameters:
  file        = /home/daisy/GRB-Search-Pipeline/results/training/maps/short/adapt_p11-715852394892384_a135-0_320_map.h5
  source_tile = 6695
  slew_rate   = 10
  dwell_time  = 5
  output      = /home/daisy/GRB-Search-Pipeline/results/training/short_searching_2.5x2.5_tiling.csv

source = [78.2841, 135], n_src_events = 738, n_bkg_events = 731
Loaded 56 entries (unique=56, duplicates=0, missing=49096, out_of_bounds=0, non-finite=0)
Sum(prob) over finite entries = 0.999998
init sum: 0.999998
num pixels: 49152
tile num: 6781
total tile prob: 0.999998
tiles with prob > 0: 15
total tile prob after trim: 0.999998
num tiles after trim: 15
init_pos: 6662
*********running GCP*********
total time (wallclock): 0.0326201 seconds

$ /home/daisy/GRB-Search-Pipeline/search-planning/build/sp_train /home/daisy/GRB-Search-Pipeline/results/training/maps/short/adapt_p11-715852394892384_a135-0_321_map.h5 /home/daisy/GRB-Search-Pipeline/search-planning/tilings/tiling_files/2.5x2.5_tiling.csv 6695 10.0 10.0 5.0 0 /home/daisy/GRB-Search-Pipeline/results/training/short_searching_2.5x2.5_tiling.csv
Input Parameters:
  file        = /home/daisy/GRB-Search-Pipeline/results/training/maps/short/adapt_p11-715852394892384_a135-0_321_map.h5
  source_tile = 6695
  slew_rate   = 10
  dwell_time  = 5
  output      = /home/daisy/GRB-Search-Pipeline/results/training/short_searching_2.5x2.5_tiling.csv

source = [78.2841, 135], n_src_events = 846, n_bkg_events = 127
Loaded 67 entries (unique=67, duplicates=0, missing=49085, out_of_bounds=0, non-finite=0)
Sum(prob) over finite entries = 0.999998
init sum: 0.999998
num pixels: 49152
tile num: 6781
total tile prob: 0.999998
tiles with prob > 0: 16
total tile prob after trim: 0.999998
num tiles after trim: 16
init_pos: 6725
*********running GCP*********
total time (wallclock): 0.0315681 seconds

$ /home/daisy/GRB-Search-Pipeline/search-planning/build/sp_train /home/daisy/GRB-Search-Pipeline/results/training/maps/short/adapt_p11-715852394892384_a135-0_322_map.h5 /home/daisy/GRB-Search-Pipeline/search-planning/tilings/tiling_files/2.5x2.5_tiling.csv 6695 10.0 10.0 5.0 0 /home/daisy/GRB-Search-Pipeline/results/training/short_searching_2.5x2.5_tiling.csv
Input Parameters:
  file        = /home/daisy/GRB-Search-Pipeline/results/training/maps/short/adapt_p11-715852394892384_a135-0_322_map.h5
  source_tile = 6695
  slew_rate   = 10
  dwell_time  = 5
  output      = /home/daisy/GRB-Search-Pipeline/results/training/short_searching_2.5x2.5_tiling.csv

source = [78.2841, 135], n_src_events = 695, n_bkg_events = 1412
Loaded 78 entries (unique=78, duplicates=0, missing=49074, out_of_bounds=0, non-finite=0)
Sum(prob) over finite entries = 0.999998
init sum: 0.999998
num pixels: 49152
tile num: 6781
total tile prob: 0.999998
tiles with prob > 0: 16
total tile prob after trim: 0.999998
num tiles after trim: 16
init_pos: 6696
*********running GCP*********
total time (wallclock): 0.0322225 seconds

$ /home/daisy/GRB-Search-Pipeline/search-planning/build/sp_train /home/daisy/GRB-Search-Pipeline/results/training/maps/short/adapt_p11-715852394892384_a135-0_323_map.h5 /home/daisy/GRB-Search-Pipeline/search-planning/tilings/tiling_files/2.5x2.5_tiling.csv 6695 10.0 10.0 5.0 0 /home/daisy/GRB-Search-Pipeline/results/training/short_searching_2.5x2.5_tiling.csv
Input Parameters:
  file        = /home/daisy/GRB-Search-Pipeline/results/training/maps/short/adapt_p11-715852394892384_a135-0_323_map.h5
  source_tile = 6695
  slew_rate   = 10
  dwell_time  = 5
  output      = /home/daisy/GRB-Search-Pipeline/results/training/short_searching_2.5x2.5_tiling.csv

source = [78.2841, 135], n_src_events = 107, n_bkg_events = 859
Loaded 1634 entries (unique=1634, duplicates=0, missing=47518, out_of_bounds=0, non-finite=0)
Sum(prob) over finite entries = 0.999995
init sum: 0.999995
num pixels: 49152
tile num: 6781
total tile prob: 0.999995
tiles with prob > 0: 281
total tile prob after trim: 0.999995
num tiles after trim: 281
init_pos: 6619
*********running GCP*********
total time (wallclock): 0.0499219 seconds

$ /home/daisy/GRB-Search-Pipeline/search-planning/build/sp_train /home/daisy/GRB-Search-Pipeline/results/training/maps/short/adapt_p11-715852394892384_a135-0_324_map.h5 /home/daisy/GRB-Search-Pipeline/search-planning/tilings/tiling_files/2.5x2.5_tiling.csv 6695 10.0 10.0 5.0 0 /home/daisy/GRB-Search-Pipeline/results/training/short_searching_2.5x2.5_tiling.csv
Input Parameters:
  file        = /home/daisy/GRB-Search-Pipeline/results/training/maps/short/adapt_p11-715852394892384_a135-0_324_map.h5
  source_tile = 6695
  slew_rate   = 10
  dwell_time  = 5
  output      = /home/daisy/GRB-Search-Pipeline/results/training/short_searching_2.5x2.5_tiling.csv

source = [78.2841, 135], n_src_events = 754, n_bkg_events = 1298
Loaded 64 entries (unique=64, duplicates=0, missing=49088, out_of_bounds=0, non-finite=0)
Sum(prob) over finite entries = 0.999999
init sum: 0.999999
num pixels: 49152
tile num: 6781
total tile prob: 0.999999
tiles with prob > 0: 16
total tile prob after trim: 0.999999
num tiles after trim: 16
init_pos: 6620
*********running GCP*********
total time (wallclock): 0.0331954 seconds

$ /home/daisy/GRB-Search-Pipeline/search-planning/build/sp_train /home/daisy/GRB-Search-Pipeline/results/training/maps/short/adapt_p11-715852394892384_a135-0_325_map.h5 /home/daisy/GRB-Search-Pipeline/search-planning/tilings/tiling_files/2.5x2.5_tiling.csv 6695 10.0 10.0 5.0 0 /home/daisy/GRB-Search-Pipeline/results/training/short_searching_2.5x2.5_tiling.csv
Input Parameters:
  file        = /home/daisy/GRB-Search-Pipeline/results/training/maps/short/adapt_p11-715852394892384_a135-0_325_map.h5
  source_tile = 6695
  slew_rate   = 10
  dwell_time  = 5
  output      = /home/daisy/GRB-Search-Pipeline/results/training/short_searching_2.5x2.5_tiling.csv

source = [78.2841, 135], n_src_events = 809, n_bkg_events = 178
Loaded 50 entries (unique=50, duplicates=0, missing=49102, out_of_bounds=0, non-finite=0)
Sum(prob) over finite entries = 0.999999
init sum: 0.999999
num pixels: 49152
tile num: 6781
total tile prob: 0.999999
tiles with prob > 0: 11
total tile prob after trim: 0.999999
num tiles after trim: 11
init_pos: 6661
*********running GCP*********
total time (wallclock): 0.0321828 seconds

$ /home/daisy/GRB-Search-Pipeline/search-planning/build/sp_train /home/daisy/GRB-Search-Pipeline/results/training/maps/short/adapt_p11-715852394892384_a135-0_326_map.h5 /home/daisy/GRB-Search-Pipeline/search-planning/tilings/tiling_files/2.5x2.5_tiling.csv 6695 10.0 10.0 5.0 0 /home/daisy/GRB-Search-Pipeline/results/training/short_searching_2.5x2.5_tiling.csv
Input Parameters:
  file        = /home/daisy/GRB-Search-Pipeline/results/training/maps/short/adapt_p11-715852394892384_a135-0_326_map.h5
  source_tile = 6695
  slew_rate   = 10
  dwell_time  = 5
  output      = /home/daisy/GRB-Search-Pipeline/results/training/short_searching_2.5x2.5_tiling.csv

source = [78.2841, 135], n_src_events = 349, n_bkg_events = 1728
Loaded 276 entries (unique=276, duplicates=0, missing=48876, out_of_bounds=0, non-finite=0)
Sum(prob) over finite entries = 0.999997
init sum: 0.999997
num pixels: 49152
tile num: 6781
total tile prob: 0.999997
tiles with prob > 0: 53
total tile prob after trim: 0.999997
num tiles after trim: 53
init_pos: 6665
*********running GCP*********
total time (wallclock): 0.0340029 seconds

$ /home/daisy/GRB-Search-Pipeline/search-planning/build/sp_train /home/daisy/GRB-Search-Pipeline/results/training/maps/short/adapt_p11-715852394892384_a135-0_327_map.h5 /home/daisy/GRB-Search-Pipeline/search-planning/tilings/tiling_files/2.5x2.5_tiling.csv 6695 10.0 10.0 5.0 0 /home/daisy/GRB-Search-Pipeline/results/training/short_searching_2.5x2.5_tiling.csv
Input Parameters:
  file        = /home/daisy/GRB-Search-Pipeline/results/training/maps/short/adapt_p11-715852394892384_a135-0_327_map.h5
  source_tile = 6695
  slew_rate   = 10
  dwell_time  = 5
  output      = /home/daisy/GRB-Search-Pipeline/results/training/short_searching_2.5x2.5_tiling.csv

source = [78.2841, 135], n_src_events = 355, n_bkg_events = 1276
Loaded 241 entries (unique=241, duplicates=0, missing=48911, out_of_bounds=0, non-finite=0)
Sum(prob) over finite entries = 0.999999
init sum: 0.999999
num pixels: 49152
tile num: 6781
total tile prob: 0.999999
tiles with prob > 0: 42
total tile prob after trim: 0.999999
num tiles after trim: 42
init_pos: 6620
*********running GCP*********
total time (wallclock): 0.0312852 seconds

$ /home/daisy/GRB-Search-Pipeline/search-planning/build/sp_train /home/daisy/GRB-Search-Pipeline/results/training/maps/short/adapt_p11-715852394892384_a135-0_328_map.h5 /home/daisy/GRB-Search-Pipeline/search-planning/tilings/tiling_files/2.5x2.5_tiling.csv 6695 10.0 10.0 5.0 0 /home/daisy/GRB-Search-Pipeline/results/training/short_searching_2.5x2.5_tiling.csv
Input Parameters:
  file        = /home/daisy/GRB-Search-Pipeline/results/training/maps/short/adapt_p11-715852394892384_a135-0_328_map.h5
  source_tile = 6695
  slew_rate   = 10
  dwell_time  = 5
  output      = /home/daisy/GRB-Search-Pipeline/results/training/short_searching_2.5x2.5_tiling.csv

source = [78.2841, 135], n_src_events = 555, n_bkg_events = 1807
Loaded 154 entries (unique=154, duplicates=0, missing=48998, out_of_bounds=0, non-finite=0)
Sum(prob) over finite entries = 0.999998
init sum: 0.999998
num pixels: 49152
tile num: 6781
total tile prob: 0.999998
tiles with prob > 0: 35
total tile prob after trim: 0.999998
num tiles after trim: 35
init_pos: 6617
*********running GCP*********
total time (wallclock): 0.0314386 seconds

$ /home/daisy/GRB-Search-Pipeline/search-planning/build/sp_train /home/daisy/GRB-Search-Pipeline/results/training/maps/short/adapt_p11-715852394892384_a135-0_329_map.h5 /home/daisy/GRB-Search-Pipeline/search-planning/tilings/tiling_files/2.5x2.5_tiling.csv 6695 10.0 10.0 5.0 0 /home/daisy/GRB-Search-Pipeline/results/training/short_searching_2.5x2.5_tiling.csv
Input Parameters:
  file        = /home/daisy/GRB-Search-Pipeline/results/training/maps/short/adapt_p11-715852394892384_a135-0_329_map.h5
  source_tile = 6695
  slew_rate   = 10
  dwell_time  = 5
  output      = /home/daisy/GRB-Search-Pipeline/results/training/short_searching_2.5x2.5_tiling.csv

source = [78.2841, 135], n_src_events = 91, n_bkg_events = 436
Loaded 2207 entries (unique=2207, duplicates=0, missing=46945, out_of_bounds=0, non-finite=0)
Sum(prob) over finite entries = 0.999993
init sum: 0.999993
num pixels: 49152
tile num: 6781
total tile prob: 0.999993
tiles with prob > 0: 356
total tile prob after trim: 0.999993
num tiles after trim: 356
init_pos: 5831
*********running GCP*********
total time (wallclock): 0.691627 seconds

$ /home/daisy/GRB-Search-Pipeline/search-planning/build/sp_train /home/daisy/GRB-Search-Pipeline/results/training/maps/short/adapt_p11-715852394892384_a135-0_32_map.h5 /home/daisy/GRB-Search-Pipeline/search-planning/tilings/tiling_files/2.5x2.5_tiling.csv 6695 10.0 10.0 5.0 0 /home/daisy/GRB-Search-Pipeline/results/training/short_searching_2.5x2.5_tiling.csv
Input Parameters:
  file        = /home/daisy/GRB-Search-Pipeline/results/training/maps/short/adapt_p11-715852394892384_a135-0_32_map.h5
  source_tile = 6695
  slew_rate   = 10
  dwell_time  = 5
  output      = /home/daisy/GRB-Search-Pipeline/results/training/short_searching_2.5x2.5_tiling.csv

source = [78.2841, 135], n_src_events = 695, n_bkg_events = 1131
Loaded 98 entries (unique=98, duplicates=0, missing=49054, out_of_bounds=0, non-finite=0)
Sum(prob) over finite entries = 0.999998
init sum: 0.999998
num pixels: 49152
tile num: 6781
total tile prob: 0.999998
tiles with prob > 0: 23
total tile prob after trim: 0.999998
num tiles after trim: 23
init_pos: 6659
*********running GCP*********
total time (wallclock): 0.0330288 seconds

$ /home/daisy/GRB-Search-Pipeline/search-planning/build/sp_train /home/daisy/GRB-Search-Pipeline/results/training/maps/short/adapt_p11-715852394892384_a135-0_330_map.h5 /home/daisy/GRB-Search-Pipeline/search-planning/tilings/tiling_files/2.5x2.5_tiling.csv 6695 10.0 10.0 5.0 0 /home/daisy/GRB-Search-Pipeline/results/training/short_searching_2.5x2.5_tiling.csv
Input Parameters:
  file        = /home/daisy/GRB-Search-Pipeline/results/training/maps/short/adapt_p11-715852394892384_a135-0_330_map.h5
  source_tile = 6695
  slew_rate   = 10
  dwell_time  = 5
  output      = /home/daisy/GRB-Search-Pipeline/results/training/short_searching_2.5x2.5_tiling.csv

source = [78.2841, 135], n_src_events = 707, n_bkg_events = 1297
Loaded 100 entries (unique=100, duplicates=0, missing=49052, out_of_bounds=0, non-finite=0)
Sum(prob) over finite entries = 0.999999
init sum: 0.999999
num pixels: 49152
tile num: 6781
total tile prob: 0.999999
tiles with prob > 0: 24
total tile prob after trim: 0.999999
num tiles after trim: 24
init_pos: 6748
*********running GCP*********
total time (wallclock): 0.0332258 seconds

$ /home/daisy/GRB-Search-Pipeline/search-planning/build/sp_train /home/daisy/GRB-Search-Pipeline/results/training/maps/short/adapt_p11-715852394892384_a135-0_331_map.h5 /home/daisy/GRB-Search-Pipeline/search-planning/tilings/tiling_files/2.5x2.5_tiling.csv 6695 10.0 10.0 5.0 0 /home/daisy/GRB-Search-Pipeline/results/training/short_searching_2.5x2.5_tiling.csv
Input Parameters:
  file        = /home/daisy/GRB-Search-Pipeline/results/training/maps/short/adapt_p11-715852394892384_a135-0_331_map.h5
  source_tile = 6695
  slew_rate   = 10
  dwell_time  = 5
  output      = /home/daisy/GRB-Search-Pipeline/results/training/short_searching_2.5x2.5_tiling.csv

source = [78.2841, 135], n_src_events = 379, n_bkg_events = 1461
Loaded 246 entries (unique=246, duplicates=0, missing=48906, out_of_bounds=0, non-finite=0)
Sum(prob) over finite entries = 0.999998
init sum: 0.999998
num pixels: 49152
tile num: 6781
total tile prob: 0.999998
tiles with prob > 0: 48
total tile prob after trim: 0.999998
num tiles after trim: 48
init_pos: 6694
*********running GCP*********
total time (wallclock): 0.0354083 seconds

$ /home/daisy/GRB-Search-Pipeline/search-planning/build/sp_train /home/daisy/GRB-Search-Pipeline/results/training/maps/short/adapt_p11-715852394892384_a135-0_332_map.h5 /home/daisy/GRB-Search-Pipeline/search-planning/tilings/tiling_files/2.5x2.5_tiling.csv 6695 10.0 10.0 5.0 0 /home/daisy/GRB-Search-Pipeline/results/training/short_searching_2.5x2.5_tiling.csv
Input Parameters:
  file        = /home/daisy/GRB-Search-Pipeline/results/training/maps/short/adapt_p11-715852394892384_a135-0_332_map.h5
  source_tile = 6695
  slew_rate   = 10
  dwell_time  = 5
  output      = /home/daisy/GRB-Search-Pipeline/results/training/short_searching_2.5x2.5_tiling.csv

source = [78.2841, 135], n_src_events = 674, n_bkg_events = 1128
Loaded 73 entries (unique=73, duplicates=0, missing=49079, out_of_bounds=0, non-finite=0)
Sum(prob) over finite entries = 0.999998
init sum: 0.999998
num pixels: 49152
tile num: 6781
total tile prob: 0.999998
tiles with prob > 0: 17
total tile prob after trim: 0.999998
num tiles after trim: 17
init_pos: 6617
*********running GCP*********
total time (wallclock): 0.0322265 seconds

$ /home/daisy/GRB-Search-Pipeline/search-planning/build/sp_train /home/daisy/GRB-Search-Pipeline/results/training/maps/short/adapt_p11-715852394892384_a135-0_333_map.h5 /home/daisy/GRB-Search-Pipeline/search-planning/tilings/tiling_files/2.5x2.5_tiling.csv 6695 10.0 10.0 5.0 0 /home/daisy/GRB-Search-Pipeline/results/training/short_searching_2.5x2.5_tiling.csv
Input Parameters:
  file        = /home/daisy/GRB-Search-Pipeline/results/training/maps/short/adapt_p11-715852394892384_a135-0_333_map.h5
  source_tile = 6695
  slew_rate   = 10
  dwell_time  = 5
  output      = /home/daisy/GRB-Search-Pipeline/results/training/short_searching_2.5x2.5_tiling.csv

source = [78.2841, 135], n_src_events = 470, n_bkg_events = 124
Loaded 87 entries (unique=87, duplicates=0, missing=49065, out_of_bounds=0, non-finite=0)
Sum(prob) over finite entries = 0.999998
init sum: 0.999998
num pixels: 49152
tile num: 6781
total tile prob: 0.999998
tiles with prob > 0: 20
total tile prob after trim: 0.999998
num tiles after trim: 20
init_pos: 6619
*********running GCP*********
total time (wallclock): 0.0314559 seconds

$ /home/daisy/GRB-Search-Pipeline/search-planning/build/sp_train /home/daisy/GRB-Search-Pipeline/results/training/maps/short/adapt_p11-715852394892384_a135-0_334_map.h5 /home/daisy/GRB-Search-Pipeline/search-planning/tilings/tiling_files/2.5x2.5_tiling.csv 6695 10.0 10.0 5.0 0 /home/daisy/GRB-Search-Pipeline/results/training/short_searching_2.5x2.5_tiling.csv
Input Parameters:
  file        = /home/daisy/GRB-Search-Pipeline/results/training/maps/short/adapt_p11-715852394892384_a135-0_334_map.h5
  source_tile = 6695
  slew_rate   = 10
  dwell_time  = 5
  output      = /home/daisy/GRB-Search-Pipeline/results/training/short_searching_2.5x2.5_tiling.csv

source = [78.2841, 135], n_src_events = 120, n_bkg_events = 1260
Loaded 3664 entries (unique=3664, duplicates=0, missing=45488, out_of_bounds=0, non-finite=0)
Sum(prob) over finite entries = 0.999983
init sum: 0.999983
num pixels: 49152
tile num: 6781
total tile prob: 0.999983
tiles with prob > 0: 605
total tile prob after trim: 0.999983
num tiles after trim: 605
init_pos: 5247
*********running GCP*********
total time (wallclock): 0.183798 seconds

$ /home/daisy/GRB-Search-Pipeline/search-planning/build/sp_train /home/daisy/GRB-Search-Pipeline/results/training/maps/short/adapt_p11-715852394892384_a135-0_335_map.h5 /home/daisy/GRB-Search-Pipeline/search-planning/tilings/tiling_files/2.5x2.5_tiling.csv 6695 10.0 10.0 5.0 0 /home/daisy/GRB-Search-Pipeline/results/training/short_searching_2.5x2.5_tiling.csv
Input Parameters:
  file        = /home/daisy/GRB-Search-Pipeline/results/training/maps/short/adapt_p11-715852394892384_a135-0_335_map.h5
  source_tile = 6695
  slew_rate   = 10
  dwell_time  = 5
  output      = /home/daisy/GRB-Search-Pipeline/results/training/short_searching_2.5x2.5_tiling.csv

source = [78.2841, 135], n_src_events = 667, n_bkg_events = 1729
Loaded 86 entries (unique=86, duplicates=0, missing=49066, out_of_bounds=0, non-finite=0)
Sum(prob) over finite entries = 0.999999
init sum: 0.999999
num pixels: 49152
tile num: 6781
total tile prob: 0.999999
tiles with prob > 0: 19
total tile prob after trim: 0.999999
num tiles after trim: 19
init_pos: 6660
*********running GCP*********
total time (wallclock): 0.0333883 seconds

$ /home/daisy/GRB-Search-Pipeline/search-planning/build/sp_train /home/daisy/GRB-Search-Pipeline/results/training/maps/short/adapt_p11-715852394892384_a135-0_336_map.h5 /home/daisy/GRB-Search-Pipeline/search-planning/tilings/tiling_files/2.5x2.5_tiling.csv 6695 10.0 10.0 5.0 0 /home/daisy/GRB-Search-Pipeline/results/training/short_searching_2.5x2.5_tiling.csv
Input Parameters:
  file        = /home/daisy/GRB-Search-Pipeline/results/training/maps/short/adapt_p11-715852394892384_a135-0_336_map.h5
  source_tile = 6695
  slew_rate   = 10
  dwell_time  = 5
  output      = /home/daisy/GRB-Search-Pipeline/results/training/short_searching_2.5x2.5_tiling.csv

source = [78.2841, 135], n_src_events = 377, n_bkg_events = 299
Loaded 114 entries (unique=114, duplicates=0, missing=49038, out_of_bounds=0, non-finite=0)
Sum(prob) over finite entries = 0.999998
init sum: 0.999998
num pixels: 49152
tile num: 6781
total tile prob: 0.999998
tiles with prob > 0: 25
total tile prob after trim: 0.999998
num tiles after trim: 25
init_pos: 6696
*********running GCP*********
total time (wallclock): 0.0325377 seconds

$ /home/daisy/GRB-Search-Pipeline/search-planning/build/sp_train /home/daisy/GRB-Search-Pipeline/results/training/maps/short/adapt_p11-715852394892384_a135-0_337_map.h5 /home/daisy/GRB-Search-Pipeline/search-planning/tilings/tiling_files/2.5x2.5_tiling.csv 6695 10.0 10.0 5.0 0 /home/daisy/GRB-Search-Pipeline/results/training/short_searching_2.5x2.5_tiling.csv
Input Parameters:
  file        = /home/daisy/GRB-Search-Pipeline/results/training/maps/short/adapt_p11-715852394892384_a135-0_337_map.h5
  source_tile = 6695
  slew_rate   = 10
  dwell_time  = 5
  output      = /home/daisy/GRB-Search-Pipeline/results/training/short_searching_2.5x2.5_tiling.csv

source = [78.2841, 135], n_src_events = 146, n_bkg_events = 919
Loaded 1225 entries (unique=1225, duplicates=0, missing=47927, out_of_bounds=0, non-finite=0)
Sum(prob) over finite entries = 0.999997
init sum: 0.999997
num pixels: 49152
tile num: 6781
total tile prob: 0.999997
tiles with prob > 0: 210
total tile prob after trim: 0.999997
num tiles after trim: 210
init_pos: 6607
*********running GCP*********
total time (wallclock): 0.0401305 seconds

$ /home/daisy/GRB-Search-Pipeline/search-planning/build/sp_train /home/daisy/GRB-Search-Pipeline/results/training/maps/short/adapt_p11-715852394892384_a135-0_338_map.h5 /home/daisy/GRB-Search-Pipeline/search-planning/tilings/tiling_files/2.5x2.5_tiling.csv 6695 10.0 10.0 5.0 0 /home/daisy/GRB-Search-Pipeline/results/training/short_searching_2.5x2.5_tiling.csv
Input Parameters:
  file        = /home/daisy/GRB-Search-Pipeline/results/training/maps/short/adapt_p11-715852394892384_a135-0_338_map.h5
  source_tile = 6695
  slew_rate   = 10
  dwell_time  = 5
  output      = /home/daisy/GRB-Search-Pipeline/results/training/short_searching_2.5x2.5_tiling.csv

source = [78.2841, 135], n_src_events = 770, n_bkg_events = 1537
Loaded 57 entries (unique=57, duplicates=0, missing=49095, out_of_bounds=0, non-finite=0)
Sum(prob) over finite entries = 0.999999
init sum: 0.999999
num pixels: 49152
tile num: 6781
total tile prob: 0.999999
tiles with prob > 0: 12
total tile prob after trim: 0.999999
num tiles after trim: 12
init_pos: 6618
*********running GCP*********
total time (wallclock): 0.0334645 seconds

$ /home/daisy/GRB-Search-Pipeline/search-planning/build/sp_train /home/daisy/GRB-Search-Pipeline/results/training/maps/short/adapt_p11-715852394892384_a135-0_339_map.h5 /home/daisy/GRB-Search-Pipeline/search-planning/tilings/tiling_files/2.5x2.5_tiling.csv 6695 10.0 10.0 5.0 0 /home/daisy/GRB-Search-Pipeline/results/training/short_searching_2.5x2.5_tiling.csv
Input Parameters:
  file        = /home/daisy/GRB-Search-Pipeline/results/training/maps/short/adapt_p11-715852394892384_a135-0_339_map.h5
  source_tile = 6695
  slew_rate   = 10
  dwell_time  = 5
  output      = /home/daisy/GRB-Search-Pipeline/results/training/short_searching_2.5x2.5_tiling.csv

source = [78.2841, 135], n_src_events = 304, n_bkg_events = 1258
Loaded 331 entries (unique=331, duplicates=0, missing=48821, out_of_bounds=0, non-finite=0)
Sum(prob) over finite entries = 0.999999
init sum: 0.999999
num pixels: 49152
tile num: 6781
total tile prob: 0.999999
tiles with prob > 0: 60
total tile prob after trim: 0.999999
num tiles after trim: 60
init_pos: 6694
*********running GCP*********
total time (wallclock): 0.0348963 seconds

$ /home/daisy/GRB-Search-Pipeline/search-planning/build/sp_train /home/daisy/GRB-Search-Pipeline/results/training/maps/short/adapt_p11-715852394892384_a135-0_33_map.h5 /home/daisy/GRB-Search-Pipeline/search-planning/tilings/tiling_files/2.5x2.5_tiling.csv 6695 10.0 10.0 5.0 0 /home/daisy/GRB-Search-Pipeline/results/training/short_searching_2.5x2.5_tiling.csv
Input Parameters:
  file        = /home/daisy/GRB-Search-Pipeline/results/training/maps/short/adapt_p11-715852394892384_a135-0_33_map.h5
  source_tile = 6695
  slew_rate   = 10
  dwell_time  = 5
  output      = /home/daisy/GRB-Search-Pipeline/results/training/short_searching_2.5x2.5_tiling.csv

source = [78.2841, 135], n_src_events = 558, n_bkg_events = 344
Loaded 67 entries (unique=67, duplicates=0, missing=49085, out_of_bounds=0, non-finite=0)
Sum(prob) over finite entries = 0.999998
init sum: 0.999998
num pixels: 49152
tile num: 6781
total tile prob: 0.999998
tiles with prob > 0: 14
total tile prob after trim: 0.999998
num tiles after trim: 14
init_pos: 6662
*********running GCP*********
total time (wallclock): 0.0333468 seconds

$ /home/daisy/GRB-Search-Pipeline/search-planning/build/sp_train /home/daisy/GRB-Search-Pipeline/results/training/maps/short/adapt_p11-715852394892384_a135-0_340_map.h5 /home/daisy/GRB-Search-Pipeline/search-planning/tilings/tiling_files/2.5x2.5_tiling.csv 6695 10.0 10.0 5.0 0 /home/daisy/GRB-Search-Pipeline/results/training/short_searching_2.5x2.5_tiling.csv
Input Parameters:
  file        = /home/daisy/GRB-Search-Pipeline/results/training/maps/short/adapt_p11-715852394892384_a135-0_340_map.h5
  source_tile = 6695
  slew_rate   = 10
  dwell_time  = 5
  output      = /home/daisy/GRB-Search-Pipeline/results/training/short_searching_2.5x2.5_tiling.csv

source = [78.2841, 135], n_src_events = 572, n_bkg_events = 309
Loaded 79 entries (unique=79, duplicates=0, missing=49073, out_of_bounds=0, non-finite=0)
Sum(prob) over finite entries = 0.999999
init sum: 0.999999
num pixels: 49152
tile num: 6781
total tile prob: 0.999999
tiles with prob > 0: 17
total tile prob after trim: 0.999999
num tiles after trim: 17
init_pos: 6725
*********running GCP*********
total time (wallclock): 0.0321828 seconds

$ /home/daisy/GRB-Search-Pipeline/search-planning/build/sp_train /home/daisy/GRB-Search-Pipeline/results/training/maps/short/adapt_p11-715852394892384_a135-0_341_map.h5 /home/daisy/GRB-Search-Pipeline/search-planning/tilings/tiling_files/2.5x2.5_tiling.csv 6695 10.0 10.0 5.0 0 /home/daisy/GRB-Search-Pipeline/results/training/short_searching_2.5x2.5_tiling.csv
Input Parameters:
  file        = /home/daisy/GRB-Search-Pipeline/results/training/maps/short/adapt_p11-715852394892384_a135-0_341_map.h5
  source_tile = 6695
  slew_rate   = 10
  dwell_time  = 5
  output      = /home/daisy/GRB-Search-Pipeline/results/training/short_searching_2.5x2.5_tiling.csv

source = [78.2841, 135], n_src_events = 711, n_bkg_events = 870
Loaded 60 entries (unique=60, duplicates=0, missing=49092, out_of_bounds=0, non-finite=0)
Sum(prob) over finite entries = 0.999999
init sum: 0.999999
num pixels: 49152
tile num: 6781
total tile prob: 0.999999
tiles with prob > 0: 15
total tile prob after trim: 0.999999
num tiles after trim: 15
init_pos: 6696
*********running GCP*********
total time (wallclock): 0.0321712 seconds

$ /home/daisy/GRB-Search-Pipeline/search-planning/build/sp_train /home/daisy/GRB-Search-Pipeline/results/training/maps/short/adapt_p11-715852394892384_a135-0_342_map.h5 /home/daisy/GRB-Search-Pipeline/search-planning/tilings/tiling_files/2.5x2.5_tiling.csv 6695 10.0 10.0 5.0 0 /home/daisy/GRB-Search-Pipeline/results/training/short_searching_2.5x2.5_tiling.csv
Input Parameters:
  file        = /home/daisy/GRB-Search-Pipeline/results/training/maps/short/adapt_p11-715852394892384_a135-0_342_map.h5
  source_tile = 6695
  slew_rate   = 10
  dwell_time  = 5
  output      = /home/daisy/GRB-Search-Pipeline/results/training/short_searching_2.5x2.5_tiling.csv

source = [78.2841, 135], n_src_events = 519, n_bkg_events = 1850
Loaded 149 entries (unique=149, duplicates=0, missing=49003, out_of_bounds=0, non-finite=0)
Sum(prob) over finite entries = 0.999999
init sum: 0.999999
num pixels: 49152
tile num: 6781
total tile prob: 0.999999
tiles with prob > 0: 31
total tile prob after trim: 0.999999
num tiles after trim: 31
init_pos: 6619
*********running GCP*********
total time (wallclock): 0.0327592 seconds

$ /home/daisy/GRB-Search-Pipeline/search-planning/build/sp_train /home/daisy/GRB-Search-Pipeline/results/training/maps/short/adapt_p11-715852394892384_a135-0_343_map.h5 /home/daisy/GRB-Search-Pipeline/search-planning/tilings/tiling_files/2.5x2.5_tiling.csv 6695 10.0 10.0 5.0 0 /home/daisy/GRB-Search-Pipeline/results/training/short_searching_2.5x2.5_tiling.csv
Input Parameters:
  file        = /home/daisy/GRB-Search-Pipeline/results/training/maps/short/adapt_p11-715852394892384_a135-0_343_map.h5
  source_tile = 6695
  slew_rate   = 10
  dwell_time  = 5
  output      = /home/daisy/GRB-Search-Pipeline/results/training/short_searching_2.5x2.5_tiling.csv

source = [78.2841, 135], n_src_events = 345, n_bkg_events = 897
Loaded 343 entries (unique=343, duplicates=0, missing=48809, out_of_bounds=0, non-finite=0)
Sum(prob) over finite entries = 0.999998
init sum: 0.999998
num pixels: 49152
tile num: 6781
total tile prob: 0.999998
tiles with prob > 0: 62
total tile prob after trim: 0.999998
num tiles after trim: 62
init_pos: 6695
*********running GCP*********
total time (wallclock): 0.0313132 seconds

$ /home/daisy/GRB-Search-Pipeline/search-planning/build/sp_train /home/daisy/GRB-Search-Pipeline/results/training/maps/short/adapt_p11-715852394892384_a135-0_344_map.h5 /home/daisy/GRB-Search-Pipeline/search-planning/tilings/tiling_files/2.5x2.5_tiling.csv 6695 10.0 10.0 5.0 0 /home/daisy/GRB-Search-Pipeline/results/training/short_searching_2.5x2.5_tiling.csv
Input Parameters:
  file        = /home/daisy/GRB-Search-Pipeline/results/training/maps/short/adapt_p11-715852394892384_a135-0_344_map.h5
  source_tile = 6695
  slew_rate   = 10
  dwell_time  = 5
  output      = /home/daisy/GRB-Search-Pipeline/results/training/short_searching_2.5x2.5_tiling.csv

source = [78.2841, 135], n_src_events = 466, n_bkg_events = 1675
Loaded 144 entries (unique=144, duplicates=0, missing=49008, out_of_bounds=0, non-finite=0)
Sum(prob) over finite entries = 0.999999
init sum: 0.999999
num pixels: 49152
tile num: 6781
total tile prob: 0.999999
tiles with prob > 0: 27
total tile prob after trim: 0.999999
num tiles after trim: 27
init_pos: 6572
*********running GCP*********
total time (wallclock): 0.0346598 seconds

$ /home/daisy/GRB-Search-Pipeline/search-planning/build/sp_train /home/daisy/GRB-Search-Pipeline/results/training/maps/short/adapt_p11-715852394892384_a135-0_345_map.h5 /home/daisy/GRB-Search-Pipeline/search-planning/tilings/tiling_files/2.5x2.5_tiling.csv 6695 10.0 10.0 5.0 0 /home/daisy/GRB-Search-Pipeline/results/training/short_searching_2.5x2.5_tiling.csv
Input Parameters:
  file        = /home/daisy/GRB-Search-Pipeline/results/training/maps/short/adapt_p11-715852394892384_a135-0_345_map.h5
  source_tile = 6695
  slew_rate   = 10
  dwell_time  = 5
  output      = /home/daisy/GRB-Search-Pipeline/results/training/short_searching_2.5x2.5_tiling.csv

source = [78.2841, 135], n_src_events = 120, n_bkg_events = 1496
Loaded 989 entries (unique=989, duplicates=0, missing=48163, out_of_bounds=0, non-finite=0)
Sum(prob) over finite entries = 0.999994
init sum: 0.999994
num pixels: 49152
tile num: 6781
total tile prob: 0.999994
tiles with prob > 0: 168
total tile prob after trim: 0.999994
num tiles after trim: 168
init_pos: 6319
*********running GCP*********
total time (wallclock): 0.0702396 seconds

$ /home/daisy/GRB-Search-Pipeline/search-planning/build/sp_train /home/daisy/GRB-Search-Pipeline/results/training/maps/short/adapt_p11-715852394892384_a135-0_346_map.h5 /home/daisy/GRB-Search-Pipeline/search-planning/tilings/tiling_files/2.5x2.5_tiling.csv 6695 10.0 10.0 5.0 0 /home/daisy/GRB-Search-Pipeline/results/training/short_searching_2.5x2.5_tiling.csv
Input Parameters:
  file        = /home/daisy/GRB-Search-Pipeline/results/training/maps/short/adapt_p11-715852394892384_a135-0_346_map.h5
  source_tile = 6695
  slew_rate   = 10
  dwell_time  = 5
  output      = /home/daisy/GRB-Search-Pipeline/results/training/short_searching_2.5x2.5_tiling.csv

source = [78.2841, 135], n_src_events = 390, n_bkg_events = 1274
Loaded 219 entries (unique=219, duplicates=0, missing=48933, out_of_bounds=0, non-finite=0)
Sum(prob) over finite entries = 0.999998
init sum: 0.999998
num pixels: 49152
tile num: 6781
total tile prob: 0.999998
tiles with prob > 0: 44
total tile prob after trim: 0.999998
num tiles after trim: 44
init_pos: 6572
*********running GCP*********
total time (wallclock): 0.0347983 seconds

$ /home/daisy/GRB-Search-Pipeline/search-planning/build/sp_train /home/daisy/GRB-Search-Pipeline/results/training/maps/short/adapt_p11-715852394892384_a135-0_347_map.h5 /home/daisy/GRB-Search-Pipeline/search-planning/tilings/tiling_files/2.5x2.5_tiling.csv 6695 10.0 10.0 5.0 0 /home/daisy/GRB-Search-Pipeline/results/training/short_searching_2.5x2.5_tiling.csv
Input Parameters:
  file        = /home/daisy/GRB-Search-Pipeline/results/training/maps/short/adapt_p11-715852394892384_a135-0_347_map.h5
  source_tile = 6695
  slew_rate   = 10
  dwell_time  = 5
  output      = /home/daisy/GRB-Search-Pipeline/results/training/short_searching_2.5x2.5_tiling.csv

source = [78.2841, 135], n_src_events = 737, n_bkg_events = 1249
Loaded 74 entries (unique=74, duplicates=0, missing=49078, out_of_bounds=0, non-finite=0)
Sum(prob) over finite entries = 0.999999
init sum: 0.999999
num pixels: 49152
tile num: 6781
total tile prob: 0.999999
tiles with prob > 0: 17
total tile prob after trim: 0.999999
num tiles after trim: 17
init_pos: 6659
*********running GCP*********
total time (wallclock): 0.032451 seconds

$ /home/daisy/GRB-Search-Pipeline/search-planning/build/sp_train /home/daisy/GRB-Search-Pipeline/results/training/maps/short/adapt_p11-715852394892384_a135-0_348_map.h5 /home/daisy/GRB-Search-Pipeline/search-planning/tilings/tiling_files/2.5x2.5_tiling.csv 6695 10.0 10.0 5.0 0 /home/daisy/GRB-Search-Pipeline/results/training/short_searching_2.5x2.5_tiling.csv
Input Parameters:
  file        = /home/daisy/GRB-Search-Pipeline/results/training/maps/short/adapt_p11-715852394892384_a135-0_348_map.h5
  source_tile = 6695
  slew_rate   = 10
  dwell_time  = 5
  output      = /home/daisy/GRB-Search-Pipeline/results/training/short_searching_2.5x2.5_tiling.csv

source = [78.2841, 135], n_src_events = 512, n_bkg_events = 1158
Loaded 139 entries (unique=139, duplicates=0, missing=49013, out_of_bounds=0, non-finite=0)
Sum(prob) over finite entries = 0.999998
init sum: 0.999998
num pixels: 49152
tile num: 6781
total tile prob: 0.999998
tiles with prob > 0: 29
total tile prob after trim: 0.999998
num tiles after trim: 29
init_pos: 6662
*********running GCP*********
total time (wallclock): 0.0314929 seconds

$ /home/daisy/GRB-Search-Pipeline/search-planning/build/sp_train /home/daisy/GRB-Search-Pipeline/results/training/maps/short/adapt_p11-715852394892384_a135-0_349_map.h5 /home/daisy/GRB-Search-Pipeline/search-planning/tilings/tiling_files/2.5x2.5_tiling.csv 6695 10.0 10.0 5.0 0 /home/daisy/GRB-Search-Pipeline/results/training/short_searching_2.5x2.5_tiling.csv
Input Parameters:
  file        = /home/daisy/GRB-Search-Pipeline/results/training/maps/short/adapt_p11-715852394892384_a135-0_349_map.h5
  source_tile = 6695
  slew_rate   = 10
  dwell_time  = 5
  output      = /home/daisy/GRB-Search-Pipeline/results/training/short_searching_2.5x2.5_tiling.csv

source = [78.2841, 135], n_src_events = 826, n_bkg_events = 1460
Loaded 69 entries (unique=69, duplicates=0, missing=49083, out_of_bounds=0, non-finite=0)
Sum(prob) over finite entries = 0.999999
init sum: 0.999999
num pixels: 49152
tile num: 6781
total tile prob: 0.999999
tiles with prob > 0: 14
total tile prob after trim: 0.999999
num tiles after trim: 14
init_pos: 6726
*********running GCP*********
total time (wallclock): 0.0315611 seconds

$ /home/daisy/GRB-Search-Pipeline/search-planning/build/sp_train /home/daisy/GRB-Search-Pipeline/results/training/maps/short/adapt_p11-715852394892384_a135-0_34_map.h5 /home/daisy/GRB-Search-Pipeline/search-planning/tilings/tiling_files/2.5x2.5_tiling.csv 6695 10.0 10.0 5.0 0 /home/daisy/GRB-Search-Pipeline/results/training/short_searching_2.5x2.5_tiling.csv
Input Parameters:
  file        = /home/daisy/GRB-Search-Pipeline/results/training/maps/short/adapt_p11-715852394892384_a135-0_34_map.h5
  source_tile = 6695
  slew_rate   = 10
  dwell_time  = 5
  output      = /home/daisy/GRB-Search-Pipeline/results/training/short_searching_2.5x2.5_tiling.csv

source = [78.2841, 135], n_src_events = 697, n_bkg_events = 1456
Loaded 139 entries (unique=139, duplicates=0, missing=49013, out_of_bounds=0, non-finite=0)
Sum(prob) over finite entries = 0.999999
init sum: 0.999999
num pixels: 49152
tile num: 6781
total tile prob: 0.999999
tiles with prob > 0: 30
total tile prob after trim: 0.999999
num tiles after trim: 30
init_pos: 6620
*********running GCP*********
total time (wallclock): 0.0380017 seconds

$ /home/daisy/GRB-Search-Pipeline/search-planning/build/sp_train /home/daisy/GRB-Search-Pipeline/results/training/maps/short/adapt_p11-715852394892384_a135-0_350_map.h5 /home/daisy/GRB-Search-Pipeline/search-planning/tilings/tiling_files/2.5x2.5_tiling.csv 6695 10.0 10.0 5.0 0 /home/daisy/GRB-Search-Pipeline/results/training/short_searching_2.5x2.5_tiling.csv
Input Parameters:
  file        = /home/daisy/GRB-Search-Pipeline/results/training/maps/short/adapt_p11-715852394892384_a135-0_350_map.h5
  source_tile = 6695
  slew_rate   = 10
  dwell_time  = 5
  output      = /home/daisy/GRB-Search-Pipeline/results/training/short_searching_2.5x2.5_tiling.csv

source = [78.2841, 135], n_src_events = 425, n_bkg_events = 480
Loaded 122 entries (unique=122, duplicates=0, missing=49030, out_of_bounds=0, non-finite=0)
Sum(prob) over finite entries = 0.999999
init sum: 0.999999
num pixels: 49152
tile num: 6781
total tile prob: 0.999999
tiles with prob > 0: 27
total tile prob after trim: 0.999999
num tiles after trim: 27
init_pos: 6663
*********running GCP*********
total time (wallclock): 0.0349683 seconds

$ /home/daisy/GRB-Search-Pipeline/search-planning/build/sp_train /home/daisy/GRB-Search-Pipeline/results/training/maps/short/adapt_p11-715852394892384_a135-0_351_map.h5 /home/daisy/GRB-Search-Pipeline/search-planning/tilings/tiling_files/2.5x2.5_tiling.csv 6695 10.0 10.0 5.0 0 /home/daisy/GRB-Search-Pipeline/results/training/short_searching_2.5x2.5_tiling.csv
Input Parameters:
  file        = /home/daisy/GRB-Search-Pipeline/results/training/maps/short/adapt_p11-715852394892384_a135-0_351_map.h5
  source_tile = 6695
  slew_rate   = 10
  dwell_time  = 5
  output      = /home/daisy/GRB-Search-Pipeline/results/training/short_searching_2.5x2.5_tiling.csv

source = [78.2841, 135], n_src_events = 235, n_bkg_events = 698
Loaded 555 entries (unique=555, duplicates=0, missing=48597, out_of_bounds=0, non-finite=0)
Sum(prob) over finite entries = 0.999999
init sum: 0.999999
num pixels: 49152
tile num: 6781
total tile prob: 0.999999
tiles with prob > 0: 98
total tile prob after trim: 0.999999
num tiles after trim: 98
init_pos: 6384
*********running GCP*********
total time (wallclock): 0.111078 seconds

$ /home/daisy/GRB-Search-Pipeline/search-planning/build/sp_train /home/daisy/GRB-Search-Pipeline/results/training/maps/short/adapt_p11-715852394892384_a135-0_352_map.h5 /home/daisy/GRB-Search-Pipeline/search-planning/tilings/tiling_files/2.5x2.5_tiling.csv 6695 10.0 10.0 5.0 0 /home/daisy/GRB-Search-Pipeline/results/training/short_searching_2.5x2.5_tiling.csv
Input Parameters:
  file        = /home/daisy/GRB-Search-Pipeline/results/training/maps/short/adapt_p11-715852394892384_a135-0_352_map.h5
  source_tile = 6695
  slew_rate   = 10
  dwell_time  = 5
  output      = /home/daisy/GRB-Search-Pipeline/results/training/short_searching_2.5x2.5_tiling.csv

source = [78.2841, 135], n_src_events = 361, n_bkg_events = 360
Loaded 160 entries (unique=160, duplicates=0, missing=48992, out_of_bounds=0, non-finite=0)
Sum(prob) over finite entries = 0.999998
init sum: 0.999998
num pixels: 49152
tile num: 6781
total tile prob: 0.999998
tiles with prob > 0: 30
total tile prob after trim: 0.999998
num tiles after trim: 30
init_pos: 6615
*********running GCP*********
total time (wallclock): 0.0463151 seconds

$ /home/daisy/GRB-Search-Pipeline/search-planning/build/sp_train /home/daisy/GRB-Search-Pipeline/results/training/maps/short/adapt_p11-715852394892384_a135-0_353_map.h5 /home/daisy/GRB-Search-Pipeline/search-planning/tilings/tiling_files/2.5x2.5_tiling.csv 6695 10.0 10.0 5.0 0 /home/daisy/GRB-Search-Pipeline/results/training/short_searching_2.5x2.5_tiling.csv
Input Parameters:
  file        = /home/daisy/GRB-Search-Pipeline/results/training/maps/short/adapt_p11-715852394892384_a135-0_353_map.h5
  source_tile = 6695
  slew_rate   = 10
  dwell_time  = 5
  output      = /home/daisy/GRB-Search-Pipeline/results/training/short_searching_2.5x2.5_tiling.csv

source = [78.2841, 135], n_src_events = 343, n_bkg_events = 1221
Loaded 181 entries (unique=181, duplicates=0, missing=48971, out_of_bounds=0, non-finite=0)
Sum(prob) over finite entries = 0.999999
init sum: 0.999999
num pixels: 49152
tile num: 6781
total tile prob: 0.999999
tiles with prob > 0: 36
total tile prob after trim: 0.999999
num tiles after trim: 36
init_pos: 6695
*********running GCP*********
total time (wallclock): 0.0309817 seconds

$ /home/daisy/GRB-Search-Pipeline/search-planning/build/sp_train /home/daisy/GRB-Search-Pipeline/results/training/maps/short/adapt_p11-715852394892384_a135-0_354_map.h5 /home/daisy/GRB-Search-Pipeline/search-planning/tilings/tiling_files/2.5x2.5_tiling.csv 6695 10.0 10.0 5.0 0 /home/daisy/GRB-Search-Pipeline/results/training/short_searching_2.5x2.5_tiling.csv
Input Parameters:
  file        = /home/daisy/GRB-Search-Pipeline/results/training/maps/short/adapt_p11-715852394892384_a135-0_354_map.h5
  source_tile = 6695
  slew_rate   = 10
  dwell_time  = 5
  output      = /home/daisy/GRB-Search-Pipeline/results/training/short_searching_2.5x2.5_tiling.csv

source = [78.2841, 135], n_src_events = 416, n_bkg_events = 377
Loaded 102 entries (unique=102, duplicates=0, missing=49050, out_of_bounds=0, non-finite=0)
Sum(prob) over finite entries = 0.999998
init sum: 0.999998
num pixels: 49152
tile num: 6781
total tile prob: 0.999998
tiles with prob > 0: 19
total tile prob after trim: 0.999998
num tiles after trim: 19
init_pos: 6620
*********running GCP*********
total time (wallclock): 0.0370367 seconds

$ /home/daisy/GRB-Search-Pipeline/search-planning/build/sp_train /home/daisy/GRB-Search-Pipeline/results/training/maps/short/adapt_p11-715852394892384_a135-0_355_map.h5 /home/daisy/GRB-Search-Pipeline/search-planning/tilings/tiling_files/2.5x2.5_tiling.csv 6695 10.0 10.0 5.0 0 /home/daisy/GRB-Search-Pipeline/results/training/short_searching_2.5x2.5_tiling.csv
Input Parameters:
  file        = /home/daisy/GRB-Search-Pipeline/results/training/maps/short/adapt_p11-715852394892384_a135-0_355_map.h5
  source_tile = 6695
  slew_rate   = 10
  dwell_time  = 5
  output      = /home/daisy/GRB-Search-Pipeline/results/training/short_searching_2.5x2.5_tiling.csv

source = [78.2841, 135], n_src_events = 845, n_bkg_events = 1693
Loaded 64 entries (unique=64, duplicates=0, missing=49088, out_of_bounds=0, non-finite=0)
Sum(prob) over finite entries = 0.999999
init sum: 0.999999
num pixels: 49152
tile num: 6781
total tile prob: 0.999999
tiles with prob > 0: 16
total tile prob after trim: 0.999999
num tiles after trim: 16
init_pos: 6659
*********running GCP*********
total time (wallclock): 0.0329184 seconds

$ /home/daisy/GRB-Search-Pipeline/search-planning/build/sp_train /home/daisy/GRB-Search-Pipeline/results/training/maps/short/adapt_p11-715852394892384_a135-0_356_map.h5 /home/daisy/GRB-Search-Pipeline/search-planning/tilings/tiling_files/2.5x2.5_tiling.csv 6695 10.0 10.0 5.0 0 /home/daisy/GRB-Search-Pipeline/results/training/short_searching_2.5x2.5_tiling.csv
Input Parameters:
  file        = /home/daisy/GRB-Search-Pipeline/results/training/maps/short/adapt_p11-715852394892384_a135-0_356_map.h5
  source_tile = 6695
  slew_rate   = 10
  dwell_time  = 5
  output      = /home/daisy/GRB-Search-Pipeline/results/training/short_searching_2.5x2.5_tiling.csv

source = [78.2841, 135], n_src_events = 516, n_bkg_events = 1274
Loaded 118 entries (unique=118, duplicates=0, missing=49034, out_of_bounds=0, non-finite=0)
Sum(prob) over finite entries = 0.999999
init sum: 0.999999
num pixels: 49152
tile num: 6781
total tile prob: 0.999999
tiles with prob > 0: 26
total tile prob after trim: 0.999999
num tiles after trim: 26
init_pos: 6726
*********running GCP*********
total time (wallclock): 0.0327169 seconds

$ /home/daisy/GRB-Search-Pipeline/search-planning/build/sp_train /home/daisy/GRB-Search-Pipeline/results/training/maps/short/adapt_p11-715852394892384_a135-0_357_map.h5 /home/daisy/GRB-Search-Pipeline/search-planning/tilings/tiling_files/2.5x2.5_tiling.csv 6695 10.0 10.0 5.0 0 /home/daisy/GRB-Search-Pipeline/results/training/short_searching_2.5x2.5_tiling.csv
Input Parameters:
  file        = /home/daisy/GRB-Search-Pipeline/results/training/maps/short/adapt_p11-715852394892384_a135-0_357_map.h5
  source_tile = 6695
  slew_rate   = 10
  dwell_time  = 5
  output      = /home/daisy/GRB-Search-Pipeline/results/training/short_searching_2.5x2.5_tiling.csv

source = [78.2841, 135], n_src_events = 384, n_bkg_events = 1363
Loaded 212 entries (unique=212, duplicates=0, missing=48940, out_of_bounds=0, non-finite=0)
Sum(prob) over finite entries = 0.999999
init sum: 0.999999
num pixels: 49152
tile num: 6781
total tile prob: 0.999999
tiles with prob > 0: 40
total tile prob after trim: 0.999999
num tiles after trim: 40
init_pos: 6693
*********running GCP*********
total time (wallclock): 0.0323829 seconds

$ /home/daisy/GRB-Search-Pipeline/search-planning/build/sp_train /home/daisy/GRB-Search-Pipeline/results/training/maps/short/adapt_p11-715852394892384_a135-0_358_map.h5 /home/daisy/GRB-Search-Pipeline/search-planning/tilings/tiling_files/2.5x2.5_tiling.csv 6695 10.0 10.0 5.0 0 /home/daisy/GRB-Search-Pipeline/results/training/short_searching_2.5x2.5_tiling.csv
Input Parameters:
  file        = /home/daisy/GRB-Search-Pipeline/results/training/maps/short/adapt_p11-715852394892384_a135-0_358_map.h5
  source_tile = 6695
  slew_rate   = 10
  dwell_time  = 5
  output      = /home/daisy/GRB-Search-Pipeline/results/training/short_searching_2.5x2.5_tiling.csv

source = [78.2841, 135], n_src_events = 136, n_bkg_events = 1141
Loaded 1838 entries (unique=1838, duplicates=0, missing=47314, out_of_bounds=0, non-finite=0)
Sum(prob) over finite entries = 0.999986
init sum: 0.999986
num pixels: 49152
tile num: 6781
total tile prob: 0.999986
tiles with prob > 0: 319
total tile prob after trim: 0.999986
num tiles after trim: 319
init_pos: 6249
*********running GCP*********
total time (wallclock): 0.0510496 seconds

$ /home/daisy/GRB-Search-Pipeline/search-planning/build/sp_train /home/daisy/GRB-Search-Pipeline/results/training/maps/short/adapt_p11-715852394892384_a135-0_359_map.h5 /home/daisy/GRB-Search-Pipeline/search-planning/tilings/tiling_files/2.5x2.5_tiling.csv 6695 10.0 10.0 5.0 0 /home/daisy/GRB-Search-Pipeline/results/training/short_searching_2.5x2.5_tiling.csv
Input Parameters:
  file        = /home/daisy/GRB-Search-Pipeline/results/training/maps/short/adapt_p11-715852394892384_a135-0_359_map.h5
  source_tile = 6695
  slew_rate   = 10
  dwell_time  = 5
  output      = /home/daisy/GRB-Search-Pipeline/results/training/short_searching_2.5x2.5_tiling.csv

source = [78.2841, 135], n_src_events = 689, n_bkg_events = 1790
Loaded 124 entries (unique=124, duplicates=0, missing=49028, out_of_bounds=0, non-finite=0)
Sum(prob) over finite entries = 0.999999
init sum: 0.999999
num pixels: 49152
tile num: 6781
total tile prob: 0.999999
tiles with prob > 0: 26
total tile prob after trim: 0.999999
num tiles after trim: 26
init_pos: 6699
*********running GCP*********
total time (wallclock): 0.0393517 seconds

$ /home/daisy/GRB-Search-Pipeline/search-planning/build/sp_train /home/daisy/GRB-Search-Pipeline/results/training/maps/short/adapt_p11-715852394892384_a135-0_35_map.h5 /home/daisy/GRB-Search-Pipeline/search-planning/tilings/tiling_files/2.5x2.5_tiling.csv 6695 10.0 10.0 5.0 0 /home/daisy/GRB-Search-Pipeline/results/training/short_searching_2.5x2.5_tiling.csv
Input Parameters:
  file        = /home/daisy/GRB-Search-Pipeline/results/training/maps/short/adapt_p11-715852394892384_a135-0_35_map.h5
  source_tile = 6695
  slew_rate   = 10
  dwell_time  = 5
  output      = /home/daisy/GRB-Search-Pipeline/results/training/short_searching_2.5x2.5_tiling.csv

source = [78.2841, 135], n_src_events = 567, n_bkg_events = 910
Loaded 68 entries (unique=68, duplicates=0, missing=49084, out_of_bounds=0, non-finite=0)
Sum(prob) over finite entries = 0.999998
init sum: 0.999998
num pixels: 49152
tile num: 6781
total tile prob: 0.999998
tiles with prob > 0: 16
total tile prob after trim: 0.999998
num tiles after trim: 16
init_pos: 6618
*********running GCP*********
total time (wallclock): 0.0359171 seconds

$ /home/daisy/GRB-Search-Pipeline/search-planning/build/sp_train /home/daisy/GRB-Search-Pipeline/results/training/maps/short/adapt_p11-715852394892384_a135-0_360_map.h5 /home/daisy/GRB-Search-Pipeline/search-planning/tilings/tiling_files/2.5x2.5_tiling.csv 6695 10.0 10.0 5.0 0 /home/daisy/GRB-Search-Pipeline/results/training/short_searching_2.5x2.5_tiling.csv
Input Parameters:
  file        = /home/daisy/GRB-Search-Pipeline/results/training/maps/short/adapt_p11-715852394892384_a135-0_360_map.h5
  source_tile = 6695
  slew_rate   = 10
  dwell_time  = 5
  output      = /home/daisy/GRB-Search-Pipeline/results/training/short_searching_2.5x2.5_tiling.csv

source = [78.2841, 135], n_src_events = 695, n_bkg_events = 1483
Loaded 80 entries (unique=80, duplicates=0, missing=49072, out_of_bounds=0, non-finite=0)
Sum(prob) over finite entries = 0.999999
init sum: 0.999999
num pixels: 49152
tile num: 6781
total tile prob: 0.999999
tiles with prob > 0: 17
total tile prob after trim: 0.999999
num tiles after trim: 17
init_pos: 6696
*********running GCP*********
total time (wallclock): 0.0320674 seconds

$ /home/daisy/GRB-Search-Pipeline/search-planning/build/sp_train /home/daisy/GRB-Search-Pipeline/results/training/maps/short/adapt_p11-715852394892384_a135-0_361_map.h5 /home/daisy/GRB-Search-Pipeline/search-planning/tilings/tiling_files/2.5x2.5_tiling.csv 6695 10.0 10.0 5.0 0 /home/daisy/GRB-Search-Pipeline/results/training/short_searching_2.5x2.5_tiling.csv
Input Parameters:
  file        = /home/daisy/GRB-Search-Pipeline/results/training/maps/short/adapt_p11-715852394892384_a135-0_361_map.h5
  source_tile = 6695
  slew_rate   = 10
  dwell_time  = 5
  output      = /home/daisy/GRB-Search-Pipeline/results/training/short_searching_2.5x2.5_tiling.csv

source = [78.2841, 135], n_src_events = 260, n_bkg_events = 1712
Loaded 431 entries (unique=431, duplicates=0, missing=48721, out_of_bounds=0, non-finite=0)
Sum(prob) over finite entries = 0.999999
init sum: 0.999999
num pixels: 49152
tile num: 6781
total tile prob: 0.999999
tiles with prob > 0: 80
total tile prob after trim: 0.999999
num tiles after trim: 80
init_pos: 6727
*********running GCP*********
total time (wallclock): 0.0321305 seconds

$ /home/daisy/GRB-Search-Pipeline/search-planning/build/sp_train /home/daisy/GRB-Search-Pipeline/results/training/maps/short/adapt_p11-715852394892384_a135-0_362_map.h5 /home/daisy/GRB-Search-Pipeline/search-planning/tilings/tiling_files/2.5x2.5_tiling.csv 6695 10.0 10.0 5.0 0 /home/daisy/GRB-Search-Pipeline/results/training/short_searching_2.5x2.5_tiling.csv
Input Parameters:
  file        = /home/daisy/GRB-Search-Pipeline/results/training/maps/short/adapt_p11-715852394892384_a135-0_362_map.h5
  source_tile = 6695
  slew_rate   = 10
  dwell_time  = 5
  output      = /home/daisy/GRB-Search-Pipeline/results/training/short_searching_2.5x2.5_tiling.csv

source = [78.2841, 135], n_src_events = 830, n_bkg_events = 807
Loaded 84 entries (unique=84, duplicates=0, missing=49068, out_of_bounds=0, non-finite=0)
Sum(prob) over finite entries = 0.999998
init sum: 0.999998
num pixels: 49152
tile num: 6781
total tile prob: 0.999998
tiles with prob > 0: 20
total tile prob after trim: 0.999998
num tiles after trim: 20
init_pos: 6660
*********running GCP*********
total time (wallclock): 0.0310286 seconds

$ /home/daisy/GRB-Search-Pipeline/search-planning/build/sp_train /home/daisy/GRB-Search-Pipeline/results/training/maps/short/adapt_p11-715852394892384_a135-0_363_map.h5 /home/daisy/GRB-Search-Pipeline/search-planning/tilings/tiling_files/2.5x2.5_tiling.csv 6695 10.0 10.0 5.0 0 /home/daisy/GRB-Search-Pipeline/results/training/short_searching_2.5x2.5_tiling.csv
Input Parameters:
  file        = /home/daisy/GRB-Search-Pipeline/results/training/maps/short/adapt_p11-715852394892384_a135-0_363_map.h5
  source_tile = 6695
  slew_rate   = 10
  dwell_time  = 5
  output      = /home/daisy/GRB-Search-Pipeline/results/training/short_searching_2.5x2.5_tiling.csv

source = [78.2841, 135], n_src_events = 78, n_bkg_events = 1450
Loaded 5920 entries (unique=5920, duplicates=0, missing=43232, out_of_bounds=0, non-finite=0)
Sum(prob) over finite entries = 0.99998
init sum: 0.99998
num pixels: 49152
tile num: 6781
total tile prob: 0.99998
tiles with prob > 0: 933
total tile prob after trim: 0.99998
num tiles after trim: 933
init_pos: 6623
*********running GCP*********
total time (wallclock): 0.261753 seconds

$ /home/daisy/GRB-Search-Pipeline/search-planning/build/sp_train /home/daisy/GRB-Search-Pipeline/results/training/maps/short/adapt_p11-715852394892384_a135-0_364_map.h5 /home/daisy/GRB-Search-Pipeline/search-planning/tilings/tiling_files/2.5x2.5_tiling.csv 6695 10.0 10.0 5.0 0 /home/daisy/GRB-Search-Pipeline/results/training/short_searching_2.5x2.5_tiling.csv
Input Parameters:
  file        = /home/daisy/GRB-Search-Pipeline/results/training/maps/short/adapt_p11-715852394892384_a135-0_364_map.h5
  source_tile = 6695
  slew_rate   = 10
  dwell_time  = 5
  output      = /home/daisy/GRB-Search-Pipeline/results/training/short_searching_2.5x2.5_tiling.csv

source = [78.2841, 135], n_src_events = 312, n_bkg_events = 196
Loaded 356 entries (unique=356, duplicates=0, missing=48796, out_of_bounds=0, non-finite=0)
Sum(prob) over finite entries = 0.999998
init sum: 0.999998
num pixels: 49152
tile num: 6781
total tile prob: 0.999998
tiles with prob > 0: 64
total tile prob after trim: 0.999998
num tiles after trim: 64
init_pos: 6569
*********running GCP*********
total time (wallclock): 0.0357839 seconds

$ /home/daisy/GRB-Search-Pipeline/search-planning/build/sp_train /home/daisy/GRB-Search-Pipeline/results/training/maps/short/adapt_p11-715852394892384_a135-0_365_map.h5 /home/daisy/GRB-Search-Pipeline/search-planning/tilings/tiling_files/2.5x2.5_tiling.csv 6695 10.0 10.0 5.0 0 /home/daisy/GRB-Search-Pipeline/results/training/short_searching_2.5x2.5_tiling.csv
Input Parameters:
  file        = /home/daisy/GRB-Search-Pipeline/results/training/maps/short/adapt_p11-715852394892384_a135-0_365_map.h5
  source_tile = 6695
  slew_rate   = 10
  dwell_time  = 5
  output      = /home/daisy/GRB-Search-Pipeline/results/training/short_searching_2.5x2.5_tiling.csv

source = [78.2841, 135], n_src_events = 628, n_bkg_events = 826
Loaded 74 entries (unique=74, duplicates=0, missing=49078, out_of_bounds=0, non-finite=0)
Sum(prob) over finite entries = 0.999999
init sum: 0.999999
num pixels: 49152
tile num: 6781
total tile prob: 0.999999
tiles with prob > 0: 16
total tile prob after trim: 0.999999
num tiles after trim: 16
init_pos: 6619
*********running GCP*********
total time (wallclock): 0.0330541 seconds

$ /home/daisy/GRB-Search-Pipeline/search-planning/build/sp_train /home/daisy/GRB-Search-Pipeline/results/training/maps/short/adapt_p11-715852394892384_a135-0_366_map.h5 /home/daisy/GRB-Search-Pipeline/search-planning/tilings/tiling_files/2.5x2.5_tiling.csv 6695 10.0 10.0 5.0 0 /home/daisy/GRB-Search-Pipeline/results/training/short_searching_2.5x2.5_tiling.csv
Input Parameters:
  file        = /home/daisy/GRB-Search-Pipeline/results/training/maps/short/adapt_p11-715852394892384_a135-0_366_map.h5
  source_tile = 6695
  slew_rate   = 10
  dwell_time  = 5
  output      = /home/daisy/GRB-Search-Pipeline/results/training/short_searching_2.5x2.5_tiling.csv

source = [78.2841, 135], n_src_events = 530, n_bkg_events = 1195
Loaded 117 entries (unique=117, duplicates=0, missing=49035, out_of_bounds=0, non-finite=0)
Sum(prob) over finite entries = 0.999997
init sum: 0.999997
num pixels: 49152
tile num: 6781
total tile prob: 0.999997
tiles with prob > 0: 22
total tile prob after trim: 0.999997
num tiles after trim: 22
init_pos: 6696
*********running GCP*********
total time (wallclock): 0.0347546 seconds

$ /home/daisy/GRB-Search-Pipeline/search-planning/build/sp_train /home/daisy/GRB-Search-Pipeline/results/training/maps/short/adapt_p11-715852394892384_a135-0_367_map.h5 /home/daisy/GRB-Search-Pipeline/search-planning/tilings/tiling_files/2.5x2.5_tiling.csv 6695 10.0 10.0 5.0 0 /home/daisy/GRB-Search-Pipeline/results/training/short_searching_2.5x2.5_tiling.csv
Input Parameters:
  file        = /home/daisy/GRB-Search-Pipeline/results/training/maps/short/adapt_p11-715852394892384_a135-0_367_map.h5
  source_tile = 6695
  slew_rate   = 10
  dwell_time  = 5
  output      = /home/daisy/GRB-Search-Pipeline/results/training/short_searching_2.5x2.5_tiling.csv

source = [78.2841, 135], n_src_events = 737, n_bkg_events = 1753
Loaded 92 entries (unique=92, duplicates=0, missing=49060, out_of_bounds=0, non-finite=0)
Sum(prob) over finite entries = 0.999999
init sum: 0.999999
num pixels: 49152
tile num: 6781
total tile prob: 0.999999
tiles with prob > 0: 21
total tile prob after trim: 0.999999
num tiles after trim: 21
init_pos: 6658
*********running GCP*********
total time (wallclock): 0.0316076 seconds

$ /home/daisy/GRB-Search-Pipeline/search-planning/build/sp_train /home/daisy/GRB-Search-Pipeline/results/training/maps/short/adapt_p11-715852394892384_a135-0_368_map.h5 /home/daisy/GRB-Search-Pipeline/search-planning/tilings/tiling_files/2.5x2.5_tiling.csv 6695 10.0 10.0 5.0 0 /home/daisy/GRB-Search-Pipeline/results/training/short_searching_2.5x2.5_tiling.csv
Input Parameters:
  file        = /home/daisy/GRB-Search-Pipeline/results/training/maps/short/adapt_p11-715852394892384_a135-0_368_map.h5
  source_tile = 6695
  slew_rate   = 10
  dwell_time  = 5
  output      = /home/daisy/GRB-Search-Pipeline/results/training/short_searching_2.5x2.5_tiling.csv

source = [78.2841, 135], n_src_events = 543, n_bkg_events = 712
Loaded 126 entries (unique=126, duplicates=0, missing=49026, out_of_bounds=0, non-finite=0)
Sum(prob) over finite entries = 0.999998
init sum: 0.999998
num pixels: 49152
tile num: 6781
total tile prob: 0.999998
tiles with prob > 0: 27
total tile prob after trim: 0.999998
num tiles after trim: 27
init_pos: 6694
*********running GCP*********
total time (wallclock): 0.0325187 seconds

$ /home/daisy/GRB-Search-Pipeline/search-planning/build/sp_train /home/daisy/GRB-Search-Pipeline/results/training/maps/short/adapt_p11-715852394892384_a135-0_369_map.h5 /home/daisy/GRB-Search-Pipeline/search-planning/tilings/tiling_files/2.5x2.5_tiling.csv 6695 10.0 10.0 5.0 0 /home/daisy/GRB-Search-Pipeline/results/training/short_searching_2.5x2.5_tiling.csv
Input Parameters:
  file        = /home/daisy/GRB-Search-Pipeline/results/training/maps/short/adapt_p11-715852394892384_a135-0_369_map.h5
  source_tile = 6695
  slew_rate   = 10
  dwell_time  = 5
  output      = /home/daisy/GRB-Search-Pipeline/results/training/short_searching_2.5x2.5_tiling.csv

source = [78.2841, 135], n_src_events = 68, n_bkg_events = 526
Loaded 7547 entries (unique=7547, duplicates=0, missing=41605, out_of_bounds=0, non-finite=0)
Sum(prob) over finite entries = 0.999996
init sum: 0.999996
num pixels: 49152
tile num: 6781
total tile prob: 0.999996
tiles with prob > 0: 1149
total tile prob after trim: 0.999996
num tiles after trim: 1149
init_pos: 4426
*********running GCP*********
total time (wallclock): 1.97803 seconds

$ /home/daisy/GRB-Search-Pipeline/search-planning/build/sp_train /home/daisy/GRB-Search-Pipeline/results/training/maps/short/adapt_p11-715852394892384_a135-0_36_map.h5 /home/daisy/GRB-Search-Pipeline/search-planning/tilings/tiling_files/2.5x2.5_tiling.csv 6695 10.0 10.0 5.0 0 /home/daisy/GRB-Search-Pipeline/results/training/short_searching_2.5x2.5_tiling.csv
Input Parameters:
  file        = /home/daisy/GRB-Search-Pipeline/results/training/maps/short/adapt_p11-715852394892384_a135-0_36_map.h5
  source_tile = 6695
  slew_rate   = 10
  dwell_time  = 5
  output      = /home/daisy/GRB-Search-Pipeline/results/training/short_searching_2.5x2.5_tiling.csv

source = [78.2841, 135], n_src_events = 525, n_bkg_events = 551
Loaded 117 entries (unique=117, duplicates=0, missing=49035, out_of_bounds=0, non-finite=0)
Sum(prob) over finite entries = 0.999999
init sum: 0.999999
num pixels: 49152
tile num: 6781
total tile prob: 0.999999
tiles with prob > 0: 26
total tile prob after trim: 0.999999
num tiles after trim: 26
init_pos: 6726
*********running GCP*********
total time (wallclock): 0.031648 seconds

$ /home/daisy/GRB-Search-Pipeline/search-planning/build/sp_train /home/daisy/GRB-Search-Pipeline/results/training/maps/short/adapt_p11-715852394892384_a135-0_370_map.h5 /home/daisy/GRB-Search-Pipeline/search-planning/tilings/tiling_files/2.5x2.5_tiling.csv 6695 10.0 10.0 5.0 0 /home/daisy/GRB-Search-Pipeline/results/training/short_searching_2.5x2.5_tiling.csv
Input Parameters:
  file        = /home/daisy/GRB-Search-Pipeline/results/training/maps/short/adapt_p11-715852394892384_a135-0_370_map.h5
  source_tile = 6695
  slew_rate   = 10
  dwell_time  = 5
  output      = /home/daisy/GRB-Search-Pipeline/results/training/short_searching_2.5x2.5_tiling.csv

source = [78.2841, 135], n_src_events = 193, n_bkg_events = 712
Loaded 513 entries (unique=513, duplicates=0, missing=48639, out_of_bounds=0, non-finite=0)
Sum(prob) over finite entries = 0.999998
init sum: 0.999998
num pixels: 49152
tile num: 6781
total tile prob: 0.999998
tiles with prob > 0: 96
total tile prob after trim: 0.999998
num tiles after trim: 96
init_pos: 6618
*********running GCP*********
total time (wallclock): 0.0331133 seconds

$ /home/daisy/GRB-Search-Pipeline/search-planning/build/sp_train /home/daisy/GRB-Search-Pipeline/results/training/maps/short/adapt_p11-715852394892384_a135-0_371_map.h5 /home/daisy/GRB-Search-Pipeline/search-planning/tilings/tiling_files/2.5x2.5_tiling.csv 6695 10.0 10.0 5.0 0 /home/daisy/GRB-Search-Pipeline/results/training/short_searching_2.5x2.5_tiling.csv
Input Parameters:
  file        = /home/daisy/GRB-Search-Pipeline/results/training/maps/short/adapt_p11-715852394892384_a135-0_371_map.h5
  source_tile = 6695
  slew_rate   = 10
  dwell_time  = 5
  output      = /home/daisy/GRB-Search-Pipeline/results/training/short_searching_2.5x2.5_tiling.csv

source = [78.2841, 135], n_src_events = 343, n_bkg_events = 1586
Loaded 168 entries (unique=168, duplicates=0, missing=48984, out_of_bounds=0, non-finite=0)
Sum(prob) over finite entries = 0.999999
init sum: 0.999999
num pixels: 49152
tile num: 6781
total tile prob: 0.999999
tiles with prob > 0: 34
total tile prob after trim: 0.999999
num tiles after trim: 34
init_pos: 6619
*********running GCP*********
total time (wallclock): 0.0332676 seconds

$ /home/daisy/GRB-Search-Pipeline/search-planning/build/sp_train /home/daisy/GRB-Search-Pipeline/results/training/maps/short/adapt_p11-715852394892384_a135-0_372_map.h5 /home/daisy/GRB-Search-Pipeline/search-planning/tilings/tiling_files/2.5x2.5_tiling.csv 6695 10.0 10.0 5.0 0 /home/daisy/GRB-Search-Pipeline/results/training/short_searching_2.5x2.5_tiling.csv
Input Parameters:
  file        = /home/daisy/GRB-Search-Pipeline/results/training/maps/short/adapt_p11-715852394892384_a135-0_372_map.h5
  source_tile = 6695
  slew_rate   = 10
  dwell_time  = 5
  output      = /home/daisy/GRB-Search-Pipeline/results/training/short_searching_2.5x2.5_tiling.csv

source = [78.2841, 135], n_src_events = 560, n_bkg_events = 404
Loaded 87 entries (unique=87, duplicates=0, missing=49065, out_of_bounds=0, non-finite=0)
Sum(prob) over finite entries = 0.999999
init sum: 0.999999
num pixels: 49152
tile num: 6781
total tile prob: 0.999999
tiles with prob > 0: 18
total tile prob after trim: 0.999999
num tiles after trim: 18
init_pos: 6621
*********running GCP*********
total time (wallclock): 0.0358488 seconds

$ /home/daisy/GRB-Search-Pipeline/search-planning/build/sp_train /home/daisy/GRB-Search-Pipeline/results/training/maps/short/adapt_p11-715852394892384_a135-0_373_map.h5 /home/daisy/GRB-Search-Pipeline/search-planning/tilings/tiling_files/2.5x2.5_tiling.csv 6695 10.0 10.0 5.0 0 /home/daisy/GRB-Search-Pipeline/results/training/short_searching_2.5x2.5_tiling.csv
Input Parameters:
  file        = /home/daisy/GRB-Search-Pipeline/results/training/maps/short/adapt_p11-715852394892384_a135-0_373_map.h5
  source_tile = 6695
  slew_rate   = 10
  dwell_time  = 5
  output      = /home/daisy/GRB-Search-Pipeline/results/training/short_searching_2.5x2.5_tiling.csv

source = [78.2841, 135], n_src_events = 625, n_bkg_events = 1535
Loaded 84 entries (unique=84, duplicates=0, missing=49068, out_of_bounds=0, non-finite=0)
Sum(prob) over finite entries = 0.999999
init sum: 0.999999
num pixels: 49152
tile num: 6781
total tile prob: 0.999999
tiles with prob > 0: 18
total tile prob after trim: 0.999999
num tiles after trim: 18
init_pos: 6615
*********running GCP*********
total time (wallclock): 0.0363959 seconds

$ /home/daisy/GRB-Search-Pipeline/search-planning/build/sp_train /home/daisy/GRB-Search-Pipeline/results/training/maps/short/adapt_p11-715852394892384_a135-0_374_map.h5 /home/daisy/GRB-Search-Pipeline/search-planning/tilings/tiling_files/2.5x2.5_tiling.csv 6695 10.0 10.0 5.0 0 /home/daisy/GRB-Search-Pipeline/results/training/short_searching_2.5x2.5_tiling.csv
Input Parameters:
  file        = /home/daisy/GRB-Search-Pipeline/results/training/maps/short/adapt_p11-715852394892384_a135-0_374_map.h5
  source_tile = 6695
  slew_rate   = 10
  dwell_time  = 5
  output      = /home/daisy/GRB-Search-Pipeline/results/training/short_searching_2.5x2.5_tiling.csv

source = [78.2841, 135], n_src_events = 234, n_bkg_events = 1645
Loaded 190 entries (unique=190, duplicates=0, missing=48962, out_of_bounds=0, non-finite=0)
Sum(prob) over finite entries = 0.999998
init sum: 0.999998
num pixels: 49152
tile num: 6781
total tile prob: 0.999998
tiles with prob > 0: 36
total tile prob after trim: 0.999998
num tiles after trim: 36
init_pos: 6566
*********running GCP*********
total time (wallclock): 0.0380226 seconds

$ /home/daisy/GRB-Search-Pipeline/search-planning/build/sp_train /home/daisy/GRB-Search-Pipeline/results/training/maps/short/adapt_p11-715852394892384_a135-0_375_map.h5 /home/daisy/GRB-Search-Pipeline/search-planning/tilings/tiling_files/2.5x2.5_tiling.csv 6695 10.0 10.0 5.0 0 /home/daisy/GRB-Search-Pipeline/results/training/short_searching_2.5x2.5_tiling.csv
Input Parameters:
  file        = /home/daisy/GRB-Search-Pipeline/results/training/maps/short/adapt_p11-715852394892384_a135-0_375_map.h5
  source_tile = 6695
  slew_rate   = 10
  dwell_time  = 5
  output      = /home/daisy/GRB-Search-Pipeline/results/training/short_searching_2.5x2.5_tiling.csv

source = [78.2841, 135], n_src_events = 351, n_bkg_events = 1004
Loaded 269 entries (unique=269, duplicates=0, missing=48883, out_of_bounds=0, non-finite=0)
Sum(prob) over finite entries = 0.999998
init sum: 0.999998
num pixels: 49152
tile num: 6781
total tile prob: 0.999998
tiles with prob > 0: 50
total tile prob after trim: 0.999998
num tiles after trim: 50
init_pos: 6570
*********running GCP*********
total time (wallclock): 0.0355128 seconds

$ /home/daisy/GRB-Search-Pipeline/search-planning/build/sp_train /home/daisy/GRB-Search-Pipeline/results/training/maps/short/adapt_p11-715852394892384_a135-0_376_map.h5 /home/daisy/GRB-Search-Pipeline/search-planning/tilings/tiling_files/2.5x2.5_tiling.csv 6695 10.0 10.0 5.0 0 /home/daisy/GRB-Search-Pipeline/results/training/short_searching_2.5x2.5_tiling.csv
Input Parameters:
  file        = /home/daisy/GRB-Search-Pipeline/results/training/maps/short/adapt_p11-715852394892384_a135-0_376_map.h5
  source_tile = 6695
  slew_rate   = 10
  dwell_time  = 5
  output      = /home/daisy/GRB-Search-Pipeline/results/training/short_searching_2.5x2.5_tiling.csv

source = [78.2841, 135], n_src_events = 550, n_bkg_events = 1292
Loaded 119 entries (unique=119, duplicates=0, missing=49033, out_of_bounds=0, non-finite=0)
Sum(prob) over finite entries = 0.999999
init sum: 0.999999
num pixels: 49152
tile num: 6781
total tile prob: 0.999999
tiles with prob > 0: 25
total tile prob after trim: 0.999999
num tiles after trim: 25
init_pos: 6659
*********running GCP*********
total time (wallclock): 0.0338334 seconds

$ /home/daisy/GRB-Search-Pipeline/search-planning/build/sp_train /home/daisy/GRB-Search-Pipeline/results/training/maps/short/adapt_p11-715852394892384_a135-0_377_map.h5 /home/daisy/GRB-Search-Pipeline/search-planning/tilings/tiling_files/2.5x2.5_tiling.csv 6695 10.0 10.0 5.0 0 /home/daisy/GRB-Search-Pipeline/results/training/short_searching_2.5x2.5_tiling.csv
Input Parameters:
  file        = /home/daisy/GRB-Search-Pipeline/results/training/maps/short/adapt_p11-715852394892384_a135-0_377_map.h5
  source_tile = 6695
  slew_rate   = 10
  dwell_time  = 5
  output      = /home/daisy/GRB-Search-Pipeline/results/training/short_searching_2.5x2.5_tiling.csv

source = [78.2841, 135], n_src_events = 489, n_bkg_events = 1647
Loaded 148 entries (unique=148, duplicates=0, missing=49004, out_of_bounds=0, non-finite=0)
Sum(prob) over finite entries = 0.999999
init sum: 0.999999
num pixels: 49152
tile num: 6781
total tile prob: 0.999999
tiles with prob > 0: 33
total tile prob after trim: 0.999999
num tiles after trim: 33
init_pos: 6619
*********running GCP*********
total time (wallclock): 0.0328168 seconds

$ /home/daisy/GRB-Search-Pipeline/search-planning/build/sp_train /home/daisy/GRB-Search-Pipeline/results/training/maps/short/adapt_p11-715852394892384_a135-0_378_map.h5 /home/daisy/GRB-Search-Pipeline/search-planning/tilings/tiling_files/2.5x2.5_tiling.csv 6695 10.0 10.0 5.0 0 /home/daisy/GRB-Search-Pipeline/results/training/short_searching_2.5x2.5_tiling.csv
Input Parameters:
  file        = /home/daisy/GRB-Search-Pipeline/results/training/maps/short/adapt_p11-715852394892384_a135-0_378_map.h5
  source_tile = 6695
  slew_rate   = 10
  dwell_time  = 5
  output      = /home/daisy/GRB-Search-Pipeline/results/training/short_searching_2.5x2.5_tiling.csv

source = [78.2841, 135], n_src_events = 747, n_bkg_events = 1719
Loaded 69 entries (unique=69, duplicates=0, missing=49083, out_of_bounds=0, non-finite=0)
Sum(prob) over finite entries = 0.999998
init sum: 0.999998
num pixels: 49152
tile num: 6781
total tile prob: 0.999998
tiles with prob > 0: 16
total tile prob after trim: 0.999998
num tiles after trim: 16
init_pos: 6695
*********running GCP*********
total time (wallclock): 0.0310426 seconds

$ /home/daisy/GRB-Search-Pipeline/search-planning/build/sp_train /home/daisy/GRB-Search-Pipeline/results/training/maps/short/adapt_p11-715852394892384_a135-0_379_map.h5 /home/daisy/GRB-Search-Pipeline/search-planning/tilings/tiling_files/2.5x2.5_tiling.csv 6695 10.0 10.0 5.0 0 /home/daisy/GRB-Search-Pipeline/results/training/short_searching_2.5x2.5_tiling.csv
Input Parameters:
  file        = /home/daisy/GRB-Search-Pipeline/results/training/maps/short/adapt_p11-715852394892384_a135-0_379_map.h5
  source_tile = 6695
  slew_rate   = 10
  dwell_time  = 5
  output      = /home/daisy/GRB-Search-Pipeline/results/training/short_searching_2.5x2.5_tiling.csv

source = [78.2841, 135], n_src_events = 482, n_bkg_events = 1397
Loaded 100 entries (unique=100, duplicates=0, missing=49052, out_of_bounds=0, non-finite=0)
Sum(prob) over finite entries = 0.999998
init sum: 0.999998
num pixels: 49152
tile num: 6781
total tile prob: 0.999998
tiles with prob > 0: 22
total tile prob after trim: 0.999998
num tiles after trim: 22
init_pos: 6619
*********running GCP*********
total time (wallclock): 0.0326884 seconds

$ /home/daisy/GRB-Search-Pipeline/search-planning/build/sp_train /home/daisy/GRB-Search-Pipeline/results/training/maps/short/adapt_p11-715852394892384_a135-0_37_map.h5 /home/daisy/GRB-Search-Pipeline/search-planning/tilings/tiling_files/2.5x2.5_tiling.csv 6695 10.0 10.0 5.0 0 /home/daisy/GRB-Search-Pipeline/results/training/short_searching_2.5x2.5_tiling.csv
Input Parameters:
  file        = /home/daisy/GRB-Search-Pipeline/results/training/maps/short/adapt_p11-715852394892384_a135-0_37_map.h5
  source_tile = 6695
  slew_rate   = 10
  dwell_time  = 5
  output      = /home/daisy/GRB-Search-Pipeline/results/training/short_searching_2.5x2.5_tiling.csv

source = [78.2841, 135], n_src_events = 252, n_bkg_events = 1706
Loaded 509 entries (unique=509, duplicates=0, missing=48643, out_of_bounds=0, non-finite=0)
Sum(prob) over finite entries = 0.999994
init sum: 0.999994
num pixels: 49152
tile num: 6781
total tile prob: 0.999994
tiles with prob > 0: 102
total tile prob after trim: 0.999994
num tiles after trim: 102
init_pos: 6750
*********running GCP*********
total time (wallclock): 0.0394226 seconds

$ /home/daisy/GRB-Search-Pipeline/search-planning/build/sp_train /home/daisy/GRB-Search-Pipeline/results/training/maps/short/adapt_p11-715852394892384_a135-0_380_map.h5 /home/daisy/GRB-Search-Pipeline/search-planning/tilings/tiling_files/2.5x2.5_tiling.csv 6695 10.0 10.0 5.0 0 /home/daisy/GRB-Search-Pipeline/results/training/short_searching_2.5x2.5_tiling.csv
Input Parameters:
  file        = /home/daisy/GRB-Search-Pipeline/results/training/maps/short/adapt_p11-715852394892384_a135-0_380_map.h5
  source_tile = 6695
  slew_rate   = 10
  dwell_time  = 5
  output      = /home/daisy/GRB-Search-Pipeline/results/training/short_searching_2.5x2.5_tiling.csv

source = [78.2841, 135], n_src_events = 200, n_bkg_events = 856
Loaded 1558 entries (unique=1558, duplicates=0, missing=47594, out_of_bounds=0, non-finite=0)
Sum(prob) over finite entries = 0.99999
init sum: 0.99999
num pixels: 49152
tile num: 6781
total tile prob: 0.99999
tiles with prob > 0: 272
total tile prob after trim: 0.99999
num tiles after trim: 272
init_pos: 6218
*********running GCP*********
total time (wallclock): 0.0522925 seconds

$ /home/daisy/GRB-Search-Pipeline/search-planning/build/sp_train /home/daisy/GRB-Search-Pipeline/results/training/maps/short/adapt_p11-715852394892384_a135-0_381_map.h5 /home/daisy/GRB-Search-Pipeline/search-planning/tilings/tiling_files/2.5x2.5_tiling.csv 6695 10.0 10.0 5.0 0 /home/daisy/GRB-Search-Pipeline/results/training/short_searching_2.5x2.5_tiling.csv
Input Parameters:
  file        = /home/daisy/GRB-Search-Pipeline/results/training/maps/short/adapt_p11-715852394892384_a135-0_381_map.h5
  source_tile = 6695
  slew_rate   = 10
  dwell_time  = 5
  output      = /home/daisy/GRB-Search-Pipeline/results/training/short_searching_2.5x2.5_tiling.csv

source = [78.2841, 135], n_src_events = 752, n_bkg_events = 589
Loaded 71 entries (unique=71, duplicates=0, missing=49081, out_of_bounds=0, non-finite=0)
Sum(prob) over finite entries = 0.999999
init sum: 0.999999
num pixels: 49152
tile num: 6781
total tile prob: 0.999999
tiles with prob > 0: 16
total tile prob after trim: 0.999999
num tiles after trim: 16
init_pos: 6659
*********running GCP*********
total time (wallclock): 0.0323827 seconds

$ /home/daisy/GRB-Search-Pipeline/search-planning/build/sp_train /home/daisy/GRB-Search-Pipeline/results/training/maps/short/adapt_p11-715852394892384_a135-0_382_map.h5 /home/daisy/GRB-Search-Pipeline/search-planning/tilings/tiling_files/2.5x2.5_tiling.csv 6695 10.0 10.0 5.0 0 /home/daisy/GRB-Search-Pipeline/results/training/short_searching_2.5x2.5_tiling.csv
Input Parameters:
  file        = /home/daisy/GRB-Search-Pipeline/results/training/maps/short/adapt_p11-715852394892384_a135-0_382_map.h5
  source_tile = 6695
  slew_rate   = 10
  dwell_time  = 5
  output      = /home/daisy/GRB-Search-Pipeline/results/training/short_searching_2.5x2.5_tiling.csv

source = [78.2841, 135], n_src_events = 417, n_bkg_events = 1304
Loaded 193 entries (unique=193, duplicates=0, missing=48959, out_of_bounds=0, non-finite=0)
Sum(prob) over finite entries = 0.999998
init sum: 0.999998
num pixels: 49152
tile num: 6781
total tile prob: 0.999998
tiles with prob > 0: 34
total tile prob after trim: 0.999998
num tiles after trim: 34
init_pos: 6659
*********running GCP*********
total time (wallclock): 0.0343767 seconds

$ /home/daisy/GRB-Search-Pipeline/search-planning/build/sp_train /home/daisy/GRB-Search-Pipeline/results/training/maps/short/adapt_p11-715852394892384_a135-0_383_map.h5 /home/daisy/GRB-Search-Pipeline/search-planning/tilings/tiling_files/2.5x2.5_tiling.csv 6695 10.0 10.0 5.0 0 /home/daisy/GRB-Search-Pipeline/results/training/short_searching_2.5x2.5_tiling.csv
Input Parameters:
  file        = /home/daisy/GRB-Search-Pipeline/results/training/maps/short/adapt_p11-715852394892384_a135-0_383_map.h5
  source_tile = 6695
  slew_rate   = 10
  dwell_time  = 5
  output      = /home/daisy/GRB-Search-Pipeline/results/training/short_searching_2.5x2.5_tiling.csv

source = [78.2841, 135], n_src_events = 213, n_bkg_events = 279
Loaded 278 entries (unique=278, duplicates=0, missing=48874, out_of_bounds=0, non-finite=0)
Sum(prob) over finite entries = 0.999999
init sum: 0.999999
num pixels: 49152
tile num: 6781
total tile prob: 0.999999
tiles with prob > 0: 52
total tile prob after trim: 0.999999
num tiles after trim: 52
init_pos: 6618
*********running GCP*********
total time (wallclock): 0.0316319 seconds

$ /home/daisy/GRB-Search-Pipeline/search-planning/build/sp_train /home/daisy/GRB-Search-Pipeline/results/training/maps/short/adapt_p11-715852394892384_a135-0_384_map.h5 /home/daisy/GRB-Search-Pipeline/search-planning/tilings/tiling_files/2.5x2.5_tiling.csv 6695 10.0 10.0 5.0 0 /home/daisy/GRB-Search-Pipeline/results/training/short_searching_2.5x2.5_tiling.csv
Input Parameters:
  file        = /home/daisy/GRB-Search-Pipeline/results/training/maps/short/adapt_p11-715852394892384_a135-0_384_map.h5
  source_tile = 6695
  slew_rate   = 10
  dwell_time  = 5
  output      = /home/daisy/GRB-Search-Pipeline/results/training/short_searching_2.5x2.5_tiling.csv

source = [78.2841, 135], n_src_events = 603, n_bkg_events = 830
Loaded 102 entries (unique=102, duplicates=0, missing=49050, out_of_bounds=0, non-finite=0)
Sum(prob) over finite entries = 0.999999
init sum: 0.999999
num pixels: 49152
tile num: 6781
total tile prob: 0.999999
tiles with prob > 0: 20
total tile prob after trim: 0.999999
num tiles after trim: 20
init_pos: 6572
*********running GCP*********
total time (wallclock): 0.036783 seconds

$ /home/daisy/GRB-Search-Pipeline/search-planning/build/sp_train /home/daisy/GRB-Search-Pipeline/results/training/maps/short/adapt_p11-715852394892384_a135-0_385_map.h5 /home/daisy/GRB-Search-Pipeline/search-planning/tilings/tiling_files/2.5x2.5_tiling.csv 6695 10.0 10.0 5.0 0 /home/daisy/GRB-Search-Pipeline/results/training/short_searching_2.5x2.5_tiling.csv
Input Parameters:
  file        = /home/daisy/GRB-Search-Pipeline/results/training/maps/short/adapt_p11-715852394892384_a135-0_385_map.h5
  source_tile = 6695
  slew_rate   = 10
  dwell_time  = 5
  output      = /home/daisy/GRB-Search-Pipeline/results/training/short_searching_2.5x2.5_tiling.csv

source = [78.2841, 135], n_src_events = 708, n_bkg_events = 1660
Loaded 78 entries (unique=78, duplicates=0, missing=49074, out_of_bounds=0, non-finite=0)
Sum(prob) over finite entries = 0.999998
init sum: 0.999998
num pixels: 49152
tile num: 6781
total tile prob: 0.999998
tiles with prob > 0: 19
total tile prob after trim: 0.999998
num tiles after trim: 19
init_pos: 6661
*********running GCP*********
total time (wallclock): 0.0334658 seconds

$ /home/daisy/GRB-Search-Pipeline/search-planning/build/sp_train /home/daisy/GRB-Search-Pipeline/results/training/maps/short/adapt_p11-715852394892384_a135-0_386_map.h5 /home/daisy/GRB-Search-Pipeline/search-planning/tilings/tiling_files/2.5x2.5_tiling.csv 6695 10.0 10.0 5.0 0 /home/daisy/GRB-Search-Pipeline/results/training/short_searching_2.5x2.5_tiling.csv
Input Parameters:
  file        = /home/daisy/GRB-Search-Pipeline/results/training/maps/short/adapt_p11-715852394892384_a135-0_386_map.h5
  source_tile = 6695
  slew_rate   = 10
  dwell_time  = 5
  output      = /home/daisy/GRB-Search-Pipeline/results/training/short_searching_2.5x2.5_tiling.csv

source = [78.2841, 135], n_src_events = 762, n_bkg_events = 466
Loaded 59 entries (unique=59, duplicates=0, missing=49093, out_of_bounds=0, non-finite=0)
Sum(prob) over finite entries = 0.999999
init sum: 0.999999
num pixels: 49152
tile num: 6781
total tile prob: 0.999999
tiles with prob > 0: 15
total tile prob after trim: 0.999999
num tiles after trim: 15
init_pos: 6662
*********running GCP*********
total time (wallclock): 0.0353178 seconds

$ /home/daisy/GRB-Search-Pipeline/search-planning/build/sp_train /home/daisy/GRB-Search-Pipeline/results/training/maps/short/adapt_p11-715852394892384_a135-0_387_map.h5 /home/daisy/GRB-Search-Pipeline/search-planning/tilings/tiling_files/2.5x2.5_tiling.csv 6695 10.0 10.0 5.0 0 /home/daisy/GRB-Search-Pipeline/results/training/short_searching_2.5x2.5_tiling.csv
Input Parameters:
  file        = /home/daisy/GRB-Search-Pipeline/results/training/maps/short/adapt_p11-715852394892384_a135-0_387_map.h5
  source_tile = 6695
  slew_rate   = 10
  dwell_time  = 5
  output      = /home/daisy/GRB-Search-Pipeline/results/training/short_searching_2.5x2.5_tiling.csv

source = [78.2841, 135], n_src_events = 152, n_bkg_events = 1156
Loaded 775 entries (unique=775, duplicates=0, missing=48377, out_of_bounds=0, non-finite=0)
Sum(prob) over finite entries = 0.999995
init sum: 0.999995
num pixels: 49152
tile num: 6781
total tile prob: 0.999995
tiles with prob > 0: 133
total tile prob after trim: 0.999995
num tiles after trim: 133
init_pos: 6513
*********running GCP*********
total time (wallclock): 0.0939793 seconds

$ /home/daisy/GRB-Search-Pipeline/search-planning/build/sp_train /home/daisy/GRB-Search-Pipeline/results/training/maps/short/adapt_p11-715852394892384_a135-0_388_map.h5 /home/daisy/GRB-Search-Pipeline/search-planning/tilings/tiling_files/2.5x2.5_tiling.csv 6695 10.0 10.0 5.0 0 /home/daisy/GRB-Search-Pipeline/results/training/short_searching_2.5x2.5_tiling.csv
Input Parameters:
  file        = /home/daisy/GRB-Search-Pipeline/results/training/maps/short/adapt_p11-715852394892384_a135-0_388_map.h5
  source_tile = 6695
  slew_rate   = 10
  dwell_time  = 5
  output      = /home/daisy/GRB-Search-Pipeline/results/training/short_searching_2.5x2.5_tiling.csv

source = [78.2841, 135], n_src_events = 506, n_bkg_events = 1189
Loaded 143 entries (unique=143, duplicates=0, missing=49009, out_of_bounds=0, non-finite=0)
Sum(prob) over finite entries = 0.999998
init sum: 0.999998
num pixels: 49152
tile num: 6781
total tile prob: 0.999998
tiles with prob > 0: 29
total tile prob after trim: 0.999998
num tiles after trim: 29
init_pos: 6621
*********running GCP*********
total time (wallclock): 0.0325408 seconds

$ /home/daisy/GRB-Search-Pipeline/search-planning/build/sp_train /home/daisy/GRB-Search-Pipeline/results/training/maps/short/adapt_p11-715852394892384_a135-0_389_map.h5 /home/daisy/GRB-Search-Pipeline/search-planning/tilings/tiling_files/2.5x2.5_tiling.csv 6695 10.0 10.0 5.0 0 /home/daisy/GRB-Search-Pipeline/results/training/short_searching_2.5x2.5_tiling.csv
Input Parameters:
  file        = /home/daisy/GRB-Search-Pipeline/results/training/maps/short/adapt_p11-715852394892384_a135-0_389_map.h5
  source_tile = 6695
  slew_rate   = 10
  dwell_time  = 5
  output      = /home/daisy/GRB-Search-Pipeline/results/training/short_searching_2.5x2.5_tiling.csv

source = [78.2841, 135], n_src_events = 679, n_bkg_events = 501
Loaded 70 entries (unique=70, duplicates=0, missing=49082, out_of_bounds=0, non-finite=0)
Sum(prob) over finite entries = 0.999999
init sum: 0.999999
num pixels: 49152
tile num: 6781
total tile prob: 0.999999
tiles with prob > 0: 17
total tile prob after trim: 0.999999
num tiles after trim: 17
init_pos: 6696
*********running GCP*********
total time (wallclock): 0.0320492 seconds

$ /home/daisy/GRB-Search-Pipeline/search-planning/build/sp_train /home/daisy/GRB-Search-Pipeline/results/training/maps/short/adapt_p11-715852394892384_a135-0_38_map.h5 /home/daisy/GRB-Search-Pipeline/search-planning/tilings/tiling_files/2.5x2.5_tiling.csv 6695 10.0 10.0 5.0 0 /home/daisy/GRB-Search-Pipeline/results/training/short_searching_2.5x2.5_tiling.csv
Input Parameters:
  file        = /home/daisy/GRB-Search-Pipeline/results/training/maps/short/adapt_p11-715852394892384_a135-0_38_map.h5
  source_tile = 6695
  slew_rate   = 10
  dwell_time  = 5
  output      = /home/daisy/GRB-Search-Pipeline/results/training/short_searching_2.5x2.5_tiling.csv

source = [78.2841, 135], n_src_events = 149, n_bkg_events = 1772
Loaded 1049 entries (unique=1049, duplicates=0, missing=48103, out_of_bounds=0, non-finite=0)
Sum(prob) over finite entries = 0.999993
init sum: 0.999993
num pixels: 49152
tile num: 6781
total tile prob: 0.999993
tiles with prob > 0: 179
total tile prob after trim: 0.999993
num tiles after trim: 179
init_pos: 6333
*********running GCP*********
total time (wallclock): 0.232459 seconds

$ /home/daisy/GRB-Search-Pipeline/search-planning/build/sp_train /home/daisy/GRB-Search-Pipeline/results/training/maps/short/adapt_p11-715852394892384_a135-0_390_map.h5 /home/daisy/GRB-Search-Pipeline/search-planning/tilings/tiling_files/2.5x2.5_tiling.csv 6695 10.0 10.0 5.0 0 /home/daisy/GRB-Search-Pipeline/results/training/short_searching_2.5x2.5_tiling.csv
Input Parameters:
  file        = /home/daisy/GRB-Search-Pipeline/results/training/maps/short/adapt_p11-715852394892384_a135-0_390_map.h5
  source_tile = 6695
  slew_rate   = 10
  dwell_time  = 5
  output      = /home/daisy/GRB-Search-Pipeline/results/training/short_searching_2.5x2.5_tiling.csv

source = [78.2841, 135], n_src_events = 135, n_bkg_events = 1753
Loaded 1955 entries (unique=1955, duplicates=0, missing=47197, out_of_bounds=0, non-finite=0)
Sum(prob) over finite entries = 0.999994
init sum: 0.999994
num pixels: 49152
tile num: 6781
total tile prob: 0.999994
tiles with prob > 0: 331
total tile prob after trim: 0.999994
num tiles after trim: 331
init_pos: 6580
*********running GCP*********
total time (wallclock): 0.0658259 seconds

$ /home/daisy/GRB-Search-Pipeline/search-planning/build/sp_train /home/daisy/GRB-Search-Pipeline/results/training/maps/short/adapt_p11-715852394892384_a135-0_391_map.h5 /home/daisy/GRB-Search-Pipeline/search-planning/tilings/tiling_files/2.5x2.5_tiling.csv 6695 10.0 10.0 5.0 0 /home/daisy/GRB-Search-Pipeline/results/training/short_searching_2.5x2.5_tiling.csv
Input Parameters:
  file        = /home/daisy/GRB-Search-Pipeline/results/training/maps/short/adapt_p11-715852394892384_a135-0_391_map.h5
  source_tile = 6695
  slew_rate   = 10
  dwell_time  = 5
  output      = /home/daisy/GRB-Search-Pipeline/results/training/short_searching_2.5x2.5_tiling.csv

source = [78.2841, 135], n_src_events = 732, n_bkg_events = 430
Loaded 66 entries (unique=66, duplicates=0, missing=49086, out_of_bounds=0, non-finite=0)
Sum(prob) over finite entries = 0.999999
init sum: 0.999999
num pixels: 49152
tile num: 6781
total tile prob: 0.999999
tiles with prob > 0: 16
total tile prob after trim: 0.999999
num tiles after trim: 16
init_pos: 6725
*********running GCP*********
total time (wallclock): 0.0322944 seconds

$ /home/daisy/GRB-Search-Pipeline/search-planning/build/sp_train /home/daisy/GRB-Search-Pipeline/results/training/maps/short/adapt_p11-715852394892384_a135-0_392_map.h5 /home/daisy/GRB-Search-Pipeline/search-planning/tilings/tiling_files/2.5x2.5_tiling.csv 6695 10.0 10.0 5.0 0 /home/daisy/GRB-Search-Pipeline/results/training/short_searching_2.5x2.5_tiling.csv
Input Parameters:
  file        = /home/daisy/GRB-Search-Pipeline/results/training/maps/short/adapt_p11-715852394892384_a135-0_392_map.h5
  source_tile = 6695
  slew_rate   = 10
  dwell_time  = 5
  output      = /home/daisy/GRB-Search-Pipeline/results/training/short_searching_2.5x2.5_tiling.csv

source = [78.2841, 135], n_src_events = 300, n_bkg_events = 1219
Loaded 368 entries (unique=368, duplicates=0, missing=48784, out_of_bounds=0, non-finite=0)
Sum(prob) over finite entries = 0.999999
init sum: 0.999999
num pixels: 49152
tile num: 6781
total tile prob: 0.999999
tiles with prob > 0: 69
total tile prob after trim: 0.999999
num tiles after trim: 69
init_pos: 6663
*********running GCP*********
total time (wallclock): 0.0321777 seconds

$ /home/daisy/GRB-Search-Pipeline/search-planning/build/sp_train /home/daisy/GRB-Search-Pipeline/results/training/maps/short/adapt_p11-715852394892384_a135-0_393_map.h5 /home/daisy/GRB-Search-Pipeline/search-planning/tilings/tiling_files/2.5x2.5_tiling.csv 6695 10.0 10.0 5.0 0 /home/daisy/GRB-Search-Pipeline/results/training/short_searching_2.5x2.5_tiling.csv
Input Parameters:
  file        = /home/daisy/GRB-Search-Pipeline/results/training/maps/short/adapt_p11-715852394892384_a135-0_393_map.h5
  source_tile = 6695
  slew_rate   = 10
  dwell_time  = 5
  output      = /home/daisy/GRB-Search-Pipeline/results/training/short_searching_2.5x2.5_tiling.csv

source = [78.2841, 135], n_src_events = 709, n_bkg_events = 1627
Loaded 85 entries (unique=85, duplicates=0, missing=49067, out_of_bounds=0, non-finite=0)
Sum(prob) over finite entries = 0.999999
init sum: 0.999999
num pixels: 49152
tile num: 6781
total tile prob: 0.999999
tiles with prob > 0: 21
total tile prob after trim: 0.999999
num tiles after trim: 21
init_pos: 6662
*********running GCP*********
total time (wallclock): 0.0332977 seconds

$ /home/daisy/GRB-Search-Pipeline/search-planning/build/sp_train /home/daisy/GRB-Search-Pipeline/results/training/maps/short/adapt_p11-715852394892384_a135-0_394_map.h5 /home/daisy/GRB-Search-Pipeline/search-planning/tilings/tiling_files/2.5x2.5_tiling.csv 6695 10.0 10.0 5.0 0 /home/daisy/GRB-Search-Pipeline/results/training/short_searching_2.5x2.5_tiling.csv
Input Parameters:
  file        = /home/daisy/GRB-Search-Pipeline/results/training/maps/short/adapt_p11-715852394892384_a135-0_394_map.h5
  source_tile = 6695
  slew_rate   = 10
  dwell_time  = 5
  output      = /home/daisy/GRB-Search-Pipeline/results/training/short_searching_2.5x2.5_tiling.csv

source = [78.2841, 135], n_src_events = 346, n_bkg_events = 464
Loaded 128 entries (unique=128, duplicates=0, missing=49024, out_of_bounds=0, non-finite=0)
Sum(prob) over finite entries = 0.999998
init sum: 0.999998
num pixels: 49152
tile num: 6781
total tile prob: 0.999998
tiles with prob > 0: 25
total tile prob after trim: 0.999998
num tiles after trim: 25
init_pos: 6620
*********running GCP*********
total time (wallclock): 0.032843 seconds

$ /home/daisy/GRB-Search-Pipeline/search-planning/build/sp_train /home/daisy/GRB-Search-Pipeline/results/training/maps/short/adapt_p11-715852394892384_a135-0_395_map.h5 /home/daisy/GRB-Search-Pipeline/search-planning/tilings/tiling_files/2.5x2.5_tiling.csv 6695 10.0 10.0 5.0 0 /home/daisy/GRB-Search-Pipeline/results/training/short_searching_2.5x2.5_tiling.csv
Input Parameters:
  file        = /home/daisy/GRB-Search-Pipeline/results/training/maps/short/adapt_p11-715852394892384_a135-0_395_map.h5
  source_tile = 6695
  slew_rate   = 10
  dwell_time  = 5
  output      = /home/daisy/GRB-Search-Pipeline/results/training/short_searching_2.5x2.5_tiling.csv

source = [78.2841, 135], n_src_events = 795, n_bkg_events = 1202
Loaded 111 entries (unique=111, duplicates=0, missing=49041, out_of_bounds=0, non-finite=0)
Sum(prob) over finite entries = 0.999998
init sum: 0.999998
num pixels: 49152
tile num: 6781
total tile prob: 0.999998
tiles with prob > 0: 24
total tile prob after trim: 0.999998
num tiles after trim: 24
init_pos: 6616
*********running GCP*********
total time (wallclock): 0.0319699 seconds

$ /home/daisy/GRB-Search-Pipeline/search-planning/build/sp_train /home/daisy/GRB-Search-Pipeline/results/training/maps/short/adapt_p11-715852394892384_a135-0_396_map.h5 /home/daisy/GRB-Search-Pipeline/search-planning/tilings/tiling_files/2.5x2.5_tiling.csv 6695 10.0 10.0 5.0 0 /home/daisy/GRB-Search-Pipeline/results/training/short_searching_2.5x2.5_tiling.csv
Input Parameters:
  file        = /home/daisy/GRB-Search-Pipeline/results/training/maps/short/adapt_p11-715852394892384_a135-0_396_map.h5
  source_tile = 6695
  slew_rate   = 10
  dwell_time  = 5
  output      = /home/daisy/GRB-Search-Pipeline/results/training/short_searching_2.5x2.5_tiling.csv

source = [78.2841, 135], n_src_events = 322, n_bkg_events = 1380
Loaded 338 entries (unique=338, duplicates=0, missing=48814, out_of_bounds=0, non-finite=0)
Sum(prob) over finite entries = 0.999999
init sum: 0.999999
num pixels: 49152
tile num: 6781
total tile prob: 0.999999
tiles with prob > 0: 60
total tile prob after trim: 0.999999
num tiles after trim: 60
init_pos: 6565
*********running GCP*********
total time (wallclock): 0.0403365 seconds

$ /home/daisy/GRB-Search-Pipeline/search-planning/build/sp_train /home/daisy/GRB-Search-Pipeline/results/training/maps/short/adapt_p11-715852394892384_a135-0_397_map.h5 /home/daisy/GRB-Search-Pipeline/search-planning/tilings/tiling_files/2.5x2.5_tiling.csv 6695 10.0 10.0 5.0 0 /home/daisy/GRB-Search-Pipeline/results/training/short_searching_2.5x2.5_tiling.csv
Input Parameters:
  file        = /home/daisy/GRB-Search-Pipeline/results/training/maps/short/adapt_p11-715852394892384_a135-0_397_map.h5
  source_tile = 6695
  slew_rate   = 10
  dwell_time  = 5
  output      = /home/daisy/GRB-Search-Pipeline/results/training/short_searching_2.5x2.5_tiling.csv

source = [78.2841, 135], n_src_events = 515, n_bkg_events = 818
Loaded 119 entries (unique=119, duplicates=0, missing=49033, out_of_bounds=0, non-finite=0)
Sum(prob) over finite entries = 0.999999
init sum: 0.999999
num pixels: 49152
tile num: 6781
total tile prob: 0.999999
tiles with prob > 0: 28
total tile prob after trim: 0.999999
num tiles after trim: 28
init_pos: 6694
*********running GCP*********
total time (wallclock): 0.0304619 seconds

$ /home/daisy/GRB-Search-Pipeline/search-planning/build/sp_train /home/daisy/GRB-Search-Pipeline/results/training/maps/short/adapt_p11-715852394892384_a135-0_398_map.h5 /home/daisy/GRB-Search-Pipeline/search-planning/tilings/tiling_files/2.5x2.5_tiling.csv 6695 10.0 10.0 5.0 0 /home/daisy/GRB-Search-Pipeline/results/training/short_searching_2.5x2.5_tiling.csv
Input Parameters:
  file        = /home/daisy/GRB-Search-Pipeline/results/training/maps/short/adapt_p11-715852394892384_a135-0_398_map.h5
  source_tile = 6695
  slew_rate   = 10
  dwell_time  = 5
  output      = /home/daisy/GRB-Search-Pipeline/results/training/short_searching_2.5x2.5_tiling.csv

source = [78.2841, 135], n_src_events = 101, n_bkg_events = 1635
Loaded 4900 entries (unique=4900, duplicates=0, missing=44252, out_of_bounds=0, non-finite=0)
Sum(prob) over finite entries = 0.999994
init sum: 0.999994
num pixels: 49152
tile num: 6781
total tile prob: 0.999994
tiles with prob > 0: 767
total tile prob after trim: 0.999994
num tiles after trim: 767
init_pos: 6568
*********running GCP*********
total time (wallclock): 2.00105 seconds

$ /home/daisy/GRB-Search-Pipeline/search-planning/build/sp_train /home/daisy/GRB-Search-Pipeline/results/training/maps/short/adapt_p11-715852394892384_a135-0_399_map.h5 /home/daisy/GRB-Search-Pipeline/search-planning/tilings/tiling_files/2.5x2.5_tiling.csv 6695 10.0 10.0 5.0 0 /home/daisy/GRB-Search-Pipeline/results/training/short_searching_2.5x2.5_tiling.csv
Input Parameters:
  file        = /home/daisy/GRB-Search-Pipeline/results/training/maps/short/adapt_p11-715852394892384_a135-0_399_map.h5
  source_tile = 6695
  slew_rate   = 10
  dwell_time  = 5
  output      = /home/daisy/GRB-Search-Pipeline/results/training/short_searching_2.5x2.5_tiling.csv

source = [78.2841, 135], n_src_events = 223, n_bkg_events = 438
Loaded 331 entries (unique=331, duplicates=0, missing=48821, out_of_bounds=0, non-finite=0)
Sum(prob) over finite entries = 0.999998
init sum: 0.999998
num pixels: 49152
tile num: 6781
total tile prob: 0.999998
tiles with prob > 0: 60
total tile prob after trim: 0.999998
num tiles after trim: 60
init_pos: 6621
*********running GCP*********
total time (wallclock): 0.0324556 seconds

$ /home/daisy/GRB-Search-Pipeline/search-planning/build/sp_train /home/daisy/GRB-Search-Pipeline/results/training/maps/short/adapt_p11-715852394892384_a135-0_39_map.h5 /home/daisy/GRB-Search-Pipeline/search-planning/tilings/tiling_files/2.5x2.5_tiling.csv 6695 10.0 10.0 5.0 0 /home/daisy/GRB-Search-Pipeline/results/training/short_searching_2.5x2.5_tiling.csv
Input Parameters:
  file        = /home/daisy/GRB-Search-Pipeline/results/training/maps/short/adapt_p11-715852394892384_a135-0_39_map.h5
  source_tile = 6695
  slew_rate   = 10
  dwell_time  = 5
  output      = /home/daisy/GRB-Search-Pipeline/results/training/short_searching_2.5x2.5_tiling.csv

source = [78.2841, 135], n_src_events = 694, n_bkg_events = 649
Loaded 46 entries (unique=46, duplicates=0, missing=49106, out_of_bounds=0, non-finite=0)
Sum(prob) over finite entries = 0.999999
init sum: 0.999999
num pixels: 49152
tile num: 6781
total tile prob: 0.999999
tiles with prob > 0: 12
total tile prob after trim: 0.999999
num tiles after trim: 12
init_pos: 6616
*********running GCP*********
total time (wallclock): 0.0334711 seconds

$ /home/daisy/GRB-Search-Pipeline/search-planning/build/sp_train /home/daisy/GRB-Search-Pipeline/results/training/maps/short/adapt_p11-715852394892384_a135-0_3_map.h5 /home/daisy/GRB-Search-Pipeline/search-planning/tilings/tiling_files/2.5x2.5_tiling.csv 6695 10.0 10.0 5.0 0 /home/daisy/GRB-Search-Pipeline/results/training/short_searching_2.5x2.5_tiling.csv
Input Parameters:
  file        = /home/daisy/GRB-Search-Pipeline/results/training/maps/short/adapt_p11-715852394892384_a135-0_3_map.h5
  source_tile = 6695
  slew_rate   = 10
  dwell_time  = 5
  output      = /home/daisy/GRB-Search-Pipeline/results/training/short_searching_2.5x2.5_tiling.csv

source = [78.2841, 135], n_src_events = 552, n_bkg_events = 972
Loaded 93 entries (unique=93, duplicates=0, missing=49059, out_of_bounds=0, non-finite=0)
Sum(prob) over finite entries = 0.999999
init sum: 0.999999
num pixels: 49152
tile num: 6781
total tile prob: 0.999999
tiles with prob > 0: 20
total tile prob after trim: 0.999999
num tiles after trim: 20
init_pos: 6619
*********running GCP*********
total time (wallclock): 0.0324407 seconds

$ /home/daisy/GRB-Search-Pipeline/search-planning/build/sp_train /home/daisy/GRB-Search-Pipeline/results/training/maps/short/adapt_p11-715852394892384_a135-0_400_map.h5 /home/daisy/GRB-Search-Pipeline/search-planning/tilings/tiling_files/2.5x2.5_tiling.csv 6695 10.0 10.0 5.0 0 /home/daisy/GRB-Search-Pipeline/results/training/short_searching_2.5x2.5_tiling.csv
Input Parameters:
  file        = /home/daisy/GRB-Search-Pipeline/results/training/maps/short/adapt_p11-715852394892384_a135-0_400_map.h5
  source_tile = 6695
  slew_rate   = 10
  dwell_time  = 5
  output      = /home/daisy/GRB-Search-Pipeline/results/training/short_searching_2.5x2.5_tiling.csv

source = [78.2841, 135], n_src_events = 133, n_bkg_events = 272
Loaded 665 entries (unique=665, duplicates=0, missing=48487, out_of_bounds=0, non-finite=0)
Sum(prob) over finite entries = 0.999998
init sum: 0.999998
num pixels: 49152
tile num: 6781
total tile prob: 0.999998
tiles with prob > 0: 116
total tile prob after trim: 0.999998
num tiles after trim: 116
init_pos: 6567
*********running GCP*********
total time (wallclock): 0.0364901 seconds

$ /home/daisy/GRB-Search-Pipeline/search-planning/build/sp_train /home/daisy/GRB-Search-Pipeline/results/training/maps/short/adapt_p11-715852394892384_a135-0_401_map.h5 /home/daisy/GRB-Search-Pipeline/search-planning/tilings/tiling_files/2.5x2.5_tiling.csv 6695 10.0 10.0 5.0 0 /home/daisy/GRB-Search-Pipeline/results/training/short_searching_2.5x2.5_tiling.csv
Input Parameters:
  file        = /home/daisy/GRB-Search-Pipeline/results/training/maps/short/adapt_p11-715852394892384_a135-0_401_map.h5
  source_tile = 6695
  slew_rate   = 10
  dwell_time  = 5
  output      = /home/daisy/GRB-Search-Pipeline/results/training/short_searching_2.5x2.5_tiling.csv

source = [78.2841, 135], n_src_events = 681, n_bkg_events = 562
Loaded 65 entries (unique=65, duplicates=0, missing=49087, out_of_bounds=0, non-finite=0)
Sum(prob) over finite entries = 0.999999
init sum: 0.999999
num pixels: 49152
tile num: 6781
total tile prob: 0.999999
tiles with prob > 0: 16
total tile prob after trim: 0.999999
num tiles after trim: 16
init_pos: 6621
*********running GCP*********
total time (wallclock): 0.0328192 seconds

$ /home/daisy/GRB-Search-Pipeline/search-planning/build/sp_train /home/daisy/GRB-Search-Pipeline/results/training/maps/short/adapt_p11-715852394892384_a135-0_402_map.h5 /home/daisy/GRB-Search-Pipeline/search-planning/tilings/tiling_files/2.5x2.5_tiling.csv 6695 10.0 10.0 5.0 0 /home/daisy/GRB-Search-Pipeline/results/training/short_searching_2.5x2.5_tiling.csv
Input Parameters:
  file        = /home/daisy/GRB-Search-Pipeline/results/training/maps/short/adapt_p11-715852394892384_a135-0_402_map.h5
  source_tile = 6695
  slew_rate   = 10
  dwell_time  = 5
  output      = /home/daisy/GRB-Search-Pipeline/results/training/short_searching_2.5x2.5_tiling.csv

source = [78.2841, 135], n_src_events = 862, n_bkg_events = 1074
Loaded 47 entries (unique=47, duplicates=0, missing=49105, out_of_bounds=0, non-finite=0)
Sum(prob) over finite entries = 0.999999
init sum: 0.999999
num pixels: 49152
tile num: 6781
total tile prob: 0.999999
tiles with prob > 0: 11
total tile prob after trim: 0.999999
num tiles after trim: 11
init_pos: 6620
*********running GCP*********
total time (wallclock): 0.033492 seconds

$ /home/daisy/GRB-Search-Pipeline/search-planning/build/sp_train /home/daisy/GRB-Search-Pipeline/results/training/maps/short/adapt_p11-715852394892384_a135-0_403_map.h5 /home/daisy/GRB-Search-Pipeline/search-planning/tilings/tiling_files/2.5x2.5_tiling.csv 6695 10.0 10.0 5.0 0 /home/daisy/GRB-Search-Pipeline/results/training/short_searching_2.5x2.5_tiling.csv
Input Parameters:
  file        = /home/daisy/GRB-Search-Pipeline/results/training/maps/short/adapt_p11-715852394892384_a135-0_403_map.h5
  source_tile = 6695
  slew_rate   = 10
  dwell_time  = 5
  output      = /home/daisy/GRB-Search-Pipeline/results/training/short_searching_2.5x2.5_tiling.csv

source = [78.2841, 135], n_src_events = 381, n_bkg_events = 1267
Loaded 178 entries (unique=178, duplicates=0, missing=48974, out_of_bounds=0, non-finite=0)
Sum(prob) over finite entries = 0.999999
init sum: 0.999999
num pixels: 49152
tile num: 6781
total tile prob: 0.999999
tiles with prob > 0: 32
total tile prob after trim: 0.999999
num tiles after trim: 32
init_pos: 6622
*********running GCP*********
total time (wallclock): 0.0472155 seconds

$ /home/daisy/GRB-Search-Pipeline/search-planning/build/sp_train /home/daisy/GRB-Search-Pipeline/results/training/maps/short/adapt_p11-715852394892384_a135-0_404_map.h5 /home/daisy/GRB-Search-Pipeline/search-planning/tilings/tiling_files/2.5x2.5_tiling.csv 6695 10.0 10.0 5.0 0 /home/daisy/GRB-Search-Pipeline/results/training/short_searching_2.5x2.5_tiling.csv
Input Parameters:
  file        = /home/daisy/GRB-Search-Pipeline/results/training/maps/short/adapt_p11-715852394892384_a135-0_404_map.h5
  source_tile = 6695
  slew_rate   = 10
  dwell_time  = 5
  output      = /home/daisy/GRB-Search-Pipeline/results/training/short_searching_2.5x2.5_tiling.csv

source = [78.2841, 135], n_src_events = 316, n_bkg_events = 1871
Loaded 234 entries (unique=234, duplicates=0, missing=48918, out_of_bounds=0, non-finite=0)
Sum(prob) over finite entries = 0.999999
init sum: 0.999999
num pixels: 49152
tile num: 6781
total tile prob: 0.999999
tiles with prob > 0: 43
total tile prob after trim: 0.999999
num tiles after trim: 43
init_pos: 6694
*********running GCP*********
total time (wallclock): 0.0326054 seconds

$ /home/daisy/GRB-Search-Pipeline/search-planning/build/sp_train /home/daisy/GRB-Search-Pipeline/results/training/maps/short/adapt_p11-715852394892384_a135-0_405_map.h5 /home/daisy/GRB-Search-Pipeline/search-planning/tilings/tiling_files/2.5x2.5_tiling.csv 6695 10.0 10.0 5.0 0 /home/daisy/GRB-Search-Pipeline/results/training/short_searching_2.5x2.5_tiling.csv
Input Parameters:
  file        = /home/daisy/GRB-Search-Pipeline/results/training/maps/short/adapt_p11-715852394892384_a135-0_405_map.h5
  source_tile = 6695
  slew_rate   = 10
  dwell_time  = 5
  output      = /home/daisy/GRB-Search-Pipeline/results/training/short_searching_2.5x2.5_tiling.csv

source = [78.2841, 135], n_src_events = 490, n_bkg_events = 1695
Loaded 199 entries (unique=199, duplicates=0, missing=48953, out_of_bounds=0, non-finite=0)
Sum(prob) over finite entries = 0.999999
init sum: 0.999999
num pixels: 49152
tile num: 6781
total tile prob: 0.999999
tiles with prob > 0: 37
total tile prob after trim: 0.999999
num tiles after trim: 37
init_pos: 6662
*********running GCP*********
total time (wallclock): 0.0347568 seconds

$ /home/daisy/GRB-Search-Pipeline/search-planning/build/sp_train /home/daisy/GRB-Search-Pipeline/results/training/maps/short/adapt_p11-715852394892384_a135-0_406_map.h5 /home/daisy/GRB-Search-Pipeline/search-planning/tilings/tiling_files/2.5x2.5_tiling.csv 6695 10.0 10.0 5.0 0 /home/daisy/GRB-Search-Pipeline/results/training/short_searching_2.5x2.5_tiling.csv
Input Parameters:
  file        = /home/daisy/GRB-Search-Pipeline/results/training/maps/short/adapt_p11-715852394892384_a135-0_406_map.h5
  source_tile = 6695
  slew_rate   = 10
  dwell_time  = 5
  output      = /home/daisy/GRB-Search-Pipeline/results/training/short_searching_2.5x2.5_tiling.csv

source = [78.2841, 135], n_src_events = 337, n_bkg_events = 1796
Loaded 488 entries (unique=488, duplicates=0, missing=48664, out_of_bounds=0, non-finite=0)
Sum(prob) over finite entries = 0.999997
init sum: 0.999997
num pixels: 49152
tile num: 6781
total tile prob: 0.999997
tiles with prob > 0: 87
total tile prob after trim: 0.999997
num tiles after trim: 87
init_pos: 6392
*********running GCP*********
total time (wallclock): 0.0406653 seconds

$ /home/daisy/GRB-Search-Pipeline/search-planning/build/sp_train /home/daisy/GRB-Search-Pipeline/results/training/maps/short/adapt_p11-715852394892384_a135-0_407_map.h5 /home/daisy/GRB-Search-Pipeline/search-planning/tilings/tiling_files/2.5x2.5_tiling.csv 6695 10.0 10.0 5.0 0 /home/daisy/GRB-Search-Pipeline/results/training/short_searching_2.5x2.5_tiling.csv
Input Parameters:
  file        = /home/daisy/GRB-Search-Pipeline/results/training/maps/short/adapt_p11-715852394892384_a135-0_407_map.h5
  source_tile = 6695
  slew_rate   = 10
  dwell_time  = 5
  output      = /home/daisy/GRB-Search-Pipeline/results/training/short_searching_2.5x2.5_tiling.csv

source = [78.2841, 135], n_src_events = 760, n_bkg_events = 1046
Loaded 60 entries (unique=60, duplicates=0, missing=49092, out_of_bounds=0, non-finite=0)
Sum(prob) over finite entries = 0.999999
init sum: 0.999999
num pixels: 49152
tile num: 6781
total tile prob: 0.999999
tiles with prob > 0: 12
total tile prob after trim: 0.999999
num tiles after trim: 12
init_pos: 6617
*********running GCP*********
total time (wallclock): 0.033521 seconds

$ /home/daisy/GRB-Search-Pipeline/search-planning/build/sp_train /home/daisy/GRB-Search-Pipeline/results/training/maps/short/adapt_p11-715852394892384_a135-0_408_map.h5 /home/daisy/GRB-Search-Pipeline/search-planning/tilings/tiling_files/2.5x2.5_tiling.csv 6695 10.0 10.0 5.0 0 /home/daisy/GRB-Search-Pipeline/results/training/short_searching_2.5x2.5_tiling.csv
Input Parameters:
  file        = /home/daisy/GRB-Search-Pipeline/results/training/maps/short/adapt_p11-715852394892384_a135-0_408_map.h5
  source_tile = 6695
  slew_rate   = 10
  dwell_time  = 5
  output      = /home/daisy/GRB-Search-Pipeline/results/training/short_searching_2.5x2.5_tiling.csv

source = [78.2841, 135], n_src_events = 819, n_bkg_events = 160
Loaded 38 entries (unique=38, duplicates=0, missing=49114, out_of_bounds=0, non-finite=0)
Sum(prob) over finite entries = 0.999999
init sum: 0.999999
num pixels: 49152
tile num: 6781
total tile prob: 0.999999
tiles with prob > 0: 10
total tile prob after trim: 0.999999
num tiles after trim: 10
init_pos: 6660
*********running GCP*********
total time (wallclock): 0.0336335 seconds

$ /home/daisy/GRB-Search-Pipeline/search-planning/build/sp_train /home/daisy/GRB-Search-Pipeline/results/training/maps/short/adapt_p11-715852394892384_a135-0_409_map.h5 /home/daisy/GRB-Search-Pipeline/search-planning/tilings/tiling_files/2.5x2.5_tiling.csv 6695 10.0 10.0 5.0 0 /home/daisy/GRB-Search-Pipeline/results/training/short_searching_2.5x2.5_tiling.csv
Input Parameters:
  file        = /home/daisy/GRB-Search-Pipeline/results/training/maps/short/adapt_p11-715852394892384_a135-0_409_map.h5
  source_tile = 6695
  slew_rate   = 10
  dwell_time  = 5
  output      = /home/daisy/GRB-Search-Pipeline/results/training/short_searching_2.5x2.5_tiling.csv

source = [78.2841, 135], n_src_events = 526, n_bkg_events = 1591
Loaded 144 entries (unique=144, duplicates=0, missing=49008, out_of_bounds=0, non-finite=0)
Sum(prob) over finite entries = 0.999998
init sum: 0.999998
num pixels: 49152
tile num: 6781
total tile prob: 0.999998
tiles with prob > 0: 32
total tile prob after trim: 0.999998
num tiles after trim: 32
init_pos: 6659
*********running GCP*********
total time (wallclock): 0.0318919 seconds

$ /home/daisy/GRB-Search-Pipeline/search-planning/build/sp_train /home/daisy/GRB-Search-Pipeline/results/training/maps/short/adapt_p11-715852394892384_a135-0_40_map.h5 /home/daisy/GRB-Search-Pipeline/search-planning/tilings/tiling_files/2.5x2.5_tiling.csv 6695 10.0 10.0 5.0 0 /home/daisy/GRB-Search-Pipeline/results/training/short_searching_2.5x2.5_tiling.csv
Input Parameters:
  file        = /home/daisy/GRB-Search-Pipeline/results/training/maps/short/adapt_p11-715852394892384_a135-0_40_map.h5
  source_tile = 6695
  slew_rate   = 10
  dwell_time  = 5
  output      = /home/daisy/GRB-Search-Pipeline/results/training/short_searching_2.5x2.5_tiling.csv

source = [78.2841, 135], n_src_events = 717, n_bkg_events = 364
Loaded 47 entries (unique=47, duplicates=0, missing=49105, out_of_bounds=0, non-finite=0)
Sum(prob) over finite entries = 0.999999
init sum: 0.999999
num pixels: 49152
tile num: 6781
total tile prob: 0.999999
tiles with prob > 0: 11
total tile prob after trim: 0.999999
num tiles after trim: 11
init_pos: 6695
*********running GCP*********
total time (wallclock): 0.0308893 seconds

$ /home/daisy/GRB-Search-Pipeline/search-planning/build/sp_train /home/daisy/GRB-Search-Pipeline/results/training/maps/short/adapt_p11-715852394892384_a135-0_410_map.h5 /home/daisy/GRB-Search-Pipeline/search-planning/tilings/tiling_files/2.5x2.5_tiling.csv 6695 10.0 10.0 5.0 0 /home/daisy/GRB-Search-Pipeline/results/training/short_searching_2.5x2.5_tiling.csv
Input Parameters:
  file        = /home/daisy/GRB-Search-Pipeline/results/training/maps/short/adapt_p11-715852394892384_a135-0_410_map.h5
  source_tile = 6695
  slew_rate   = 10
  dwell_time  = 5
  output      = /home/daisy/GRB-Search-Pipeline/results/training/short_searching_2.5x2.5_tiling.csv

source = [78.2841, 135], n_src_events = 439, n_bkg_events = 110
Loaded 72 entries (unique=72, duplicates=0, missing=49080, out_of_bounds=0, non-finite=0)
Sum(prob) over finite entries = 0.999999
init sum: 0.999999
num pixels: 49152
tile num: 6781
total tile prob: 0.999999
tiles with prob > 0: 17
total tile prob after trim: 0.999999
num tiles after trim: 17
init_pos: 6619
*********running GCP*********
total time (wallclock): 0.0327564 seconds

$ /home/daisy/GRB-Search-Pipeline/search-planning/build/sp_train /home/daisy/GRB-Search-Pipeline/results/training/maps/short/adapt_p11-715852394892384_a135-0_411_map.h5 /home/daisy/GRB-Search-Pipeline/search-planning/tilings/tiling_files/2.5x2.5_tiling.csv 6695 10.0 10.0 5.0 0 /home/daisy/GRB-Search-Pipeline/results/training/short_searching_2.5x2.5_tiling.csv
Input Parameters:
  file        = /home/daisy/GRB-Search-Pipeline/results/training/maps/short/adapt_p11-715852394892384_a135-0_411_map.h5
  source_tile = 6695
  slew_rate   = 10
  dwell_time  = 5
  output      = /home/daisy/GRB-Search-Pipeline/results/training/short_searching_2.5x2.5_tiling.csv

source = [78.2841, 135], n_src_events = 681, n_bkg_events = 1229
Loaded 75 entries (unique=75, duplicates=0, missing=49077, out_of_bounds=0, non-finite=0)
Sum(prob) over finite entries = 0.999999
init sum: 0.999999
num pixels: 49152
tile num: 6781
total tile prob: 0.999999
tiles with prob > 0: 18
total tile prob after trim: 0.999999
num tiles after trim: 18
init_pos: 6660
*********running GCP*********
total time (wallclock): 0.0366923 seconds

$ /home/daisy/GRB-Search-Pipeline/search-planning/build/sp_train /home/daisy/GRB-Search-Pipeline/results/training/maps/short/adapt_p11-715852394892384_a135-0_412_map.h5 /home/daisy/GRB-Search-Pipeline/search-planning/tilings/tiling_files/2.5x2.5_tiling.csv 6695 10.0 10.0 5.0 0 /home/daisy/GRB-Search-Pipeline/results/training/short_searching_2.5x2.5_tiling.csv
Input Parameters:
  file        = /home/daisy/GRB-Search-Pipeline/results/training/maps/short/adapt_p11-715852394892384_a135-0_412_map.h5
  source_tile = 6695
  slew_rate   = 10
  dwell_time  = 5
  output      = /home/daisy/GRB-Search-Pipeline/results/training/short_searching_2.5x2.5_tiling.csv

source = [78.2841, 135], n_src_events = 579, n_bkg_events = 950
Loaded 99 entries (unique=99, duplicates=0, missing=49053, out_of_bounds=0, non-finite=0)
Sum(prob) over finite entries = 0.999999
init sum: 0.999999
num pixels: 49152
tile num: 6781
total tile prob: 0.999999
tiles with prob > 0: 22
total tile prob after trim: 0.999999
num tiles after trim: 22
init_pos: 6696
*********running GCP*********
total time (wallclock): 0.0333198 seconds

$ /home/daisy/GRB-Search-Pipeline/search-planning/build/sp_train /home/daisy/GRB-Search-Pipeline/results/training/maps/short/adapt_p11-715852394892384_a135-0_413_map.h5 /home/daisy/GRB-Search-Pipeline/search-planning/tilings/tiling_files/2.5x2.5_tiling.csv 6695 10.0 10.0 5.0 0 /home/daisy/GRB-Search-Pipeline/results/training/short_searching_2.5x2.5_tiling.csv
Input Parameters:
  file        = /home/daisy/GRB-Search-Pipeline/results/training/maps/short/adapt_p11-715852394892384_a135-0_413_map.h5
  source_tile = 6695
  slew_rate   = 10
  dwell_time  = 5
  output      = /home/daisy/GRB-Search-Pipeline/results/training/short_searching_2.5x2.5_tiling.csv

source = [78.2841, 135], n_src_events = 851, n_bkg_events = 1785
Loaded 63 entries (unique=63, duplicates=0, missing=49089, out_of_bounds=0, non-finite=0)
Sum(prob) over finite entries = 0.999999
init sum: 0.999999
num pixels: 49152
tile num: 6781
total tile prob: 0.999999
tiles with prob > 0: 16
total tile prob after trim: 0.999999
num tiles after trim: 16
init_pos: 6661
*********running GCP*********
total time (wallclock): 0.0355462 seconds

$ /home/daisy/GRB-Search-Pipeline/search-planning/build/sp_train /home/daisy/GRB-Search-Pipeline/results/training/maps/short/adapt_p11-715852394892384_a135-0_414_map.h5 /home/daisy/GRB-Search-Pipeline/search-planning/tilings/tiling_files/2.5x2.5_tiling.csv 6695 10.0 10.0 5.0 0 /home/daisy/GRB-Search-Pipeline/results/training/short_searching_2.5x2.5_tiling.csv
Input Parameters:
  file        = /home/daisy/GRB-Search-Pipeline/results/training/maps/short/adapt_p11-715852394892384_a135-0_414_map.h5
  source_tile = 6695
  slew_rate   = 10
  dwell_time  = 5
  output      = /home/daisy/GRB-Search-Pipeline/results/training/short_searching_2.5x2.5_tiling.csv

source = [78.2841, 135], n_src_events = 435, n_bkg_events = 1572
Loaded 147 entries (unique=147, duplicates=0, missing=49005, out_of_bounds=0, non-finite=0)
Sum(prob) over finite entries = 0.999999
init sum: 0.999999
num pixels: 49152
tile num: 6781
total tile prob: 0.999999
tiles with prob > 0: 29
total tile prob after trim: 0.999999
num tiles after trim: 29
init_pos: 6623
*********running GCP*********
total time (wallclock): 0.046467 seconds

$ /home/daisy/GRB-Search-Pipeline/search-planning/build/sp_train /home/daisy/GRB-Search-Pipeline/results/training/maps/short/adapt_p11-715852394892384_a135-0_415_map.h5 /home/daisy/GRB-Search-Pipeline/search-planning/tilings/tiling_files/2.5x2.5_tiling.csv 6695 10.0 10.0 5.0 0 /home/daisy/GRB-Search-Pipeline/results/training/short_searching_2.5x2.5_tiling.csv
Input Parameters:
  file        = /home/daisy/GRB-Search-Pipeline/results/training/maps/short/adapt_p11-715852394892384_a135-0_415_map.h5
  source_tile = 6695
  slew_rate   = 10
  dwell_time  = 5
  output      = /home/daisy/GRB-Search-Pipeline/results/training/short_searching_2.5x2.5_tiling.csv

source = [78.2841, 135], n_src_events = 836, n_bkg_events = 395
Loaded 41 entries (unique=41, duplicates=0, missing=49111, out_of_bounds=0, non-finite=0)
Sum(prob) over finite entries = 0.999999
init sum: 0.999999
num pixels: 49152
tile num: 6781
total tile prob: 0.999999
tiles with prob > 0: 12
total tile prob after trim: 0.999999
num tiles after trim: 12
init_pos: 6660
*********running GCP*********
total time (wallclock): 0.0338299 seconds

$ /home/daisy/GRB-Search-Pipeline/search-planning/build/sp_train /home/daisy/GRB-Search-Pipeline/results/training/maps/short/adapt_p11-715852394892384_a135-0_416_map.h5 /home/daisy/GRB-Search-Pipeline/search-planning/tilings/tiling_files/2.5x2.5_tiling.csv 6695 10.0 10.0 5.0 0 /home/daisy/GRB-Search-Pipeline/results/training/short_searching_2.5x2.5_tiling.csv
Input Parameters:
  file        = /home/daisy/GRB-Search-Pipeline/results/training/maps/short/adapt_p11-715852394892384_a135-0_416_map.h5
  source_tile = 6695
  slew_rate   = 10
  dwell_time  = 5
  output      = /home/daisy/GRB-Search-Pipeline/results/training/short_searching_2.5x2.5_tiling.csv

source = [78.2841, 135], n_src_events = 119, n_bkg_events = 598
Loaded 970 entries (unique=970, duplicates=0, missing=48182, out_of_bounds=0, non-finite=0)
Sum(prob) over finite entries = 0.999997
init sum: 0.999997
num pixels: 49152
tile num: 6781
total tile prob: 0.999997
tiles with prob > 0: 170
total tile prob after trim: 0.999997
num tiles after trim: 170
init_pos: 6749
*********running GCP*********
total time (wallclock): 0.135659 seconds

$ /home/daisy/GRB-Search-Pipeline/search-planning/build/sp_train /home/daisy/GRB-Search-Pipeline/results/training/maps/short/adapt_p11-715852394892384_a135-0_417_map.h5 /home/daisy/GRB-Search-Pipeline/search-planning/tilings/tiling_files/2.5x2.5_tiling.csv 6695 10.0 10.0 5.0 0 /home/daisy/GRB-Search-Pipeline/results/training/short_searching_2.5x2.5_tiling.csv
Input Parameters:
  file        = /home/daisy/GRB-Search-Pipeline/results/training/maps/short/adapt_p11-715852394892384_a135-0_417_map.h5
  source_tile = 6695
  slew_rate   = 10
  dwell_time  = 5
  output      = /home/daisy/GRB-Search-Pipeline/results/training/short_searching_2.5x2.5_tiling.csv

source = [78.2841, 135], n_src_events = 487, n_bkg_events = 1723
Loaded 161 entries (unique=161, duplicates=0, missing=48991, out_of_bounds=0, non-finite=0)
Sum(prob) over finite entries = 0.999998
init sum: 0.999998
num pixels: 49152
tile num: 6781
total tile prob: 0.999998
tiles with prob > 0: 29
total tile prob after trim: 0.999998
num tiles after trim: 29
init_pos: 6696
*********running GCP*********
total time (wallclock): 0.0393014 seconds

$ /home/daisy/GRB-Search-Pipeline/search-planning/build/sp_train /home/daisy/GRB-Search-Pipeline/results/training/maps/short/adapt_p11-715852394892384_a135-0_418_map.h5 /home/daisy/GRB-Search-Pipeline/search-planning/tilings/tiling_files/2.5x2.5_tiling.csv 6695 10.0 10.0 5.0 0 /home/daisy/GRB-Search-Pipeline/results/training/short_searching_2.5x2.5_tiling.csv
Input Parameters:
  file        = /home/daisy/GRB-Search-Pipeline/results/training/maps/short/adapt_p11-715852394892384_a135-0_418_map.h5
  source_tile = 6695
  slew_rate   = 10
  dwell_time  = 5
  output      = /home/daisy/GRB-Search-Pipeline/results/training/short_searching_2.5x2.5_tiling.csv

source = [78.2841, 135], n_src_events = 613, n_bkg_events = 1755
Loaded 105 entries (unique=105, duplicates=0, missing=49047, out_of_bounds=0, non-finite=0)
Sum(prob) over finite entries = 0.999999
init sum: 0.999999
num pixels: 49152
tile num: 6781
total tile prob: 0.999999
tiles with prob > 0: 24
total tile prob after trim: 0.999999
num tiles after trim: 24
init_pos: 6725
*********running GCP*********
total time (wallclock): 0.0309481 seconds

$ /home/daisy/GRB-Search-Pipeline/search-planning/build/sp_train /home/daisy/GRB-Search-Pipeline/results/training/maps/short/adapt_p11-715852394892384_a135-0_419_map.h5 /home/daisy/GRB-Search-Pipeline/search-planning/tilings/tiling_files/2.5x2.5_tiling.csv 6695 10.0 10.0 5.0 0 /home/daisy/GRB-Search-Pipeline/results/training/short_searching_2.5x2.5_tiling.csv
Input Parameters:
  file        = /home/daisy/GRB-Search-Pipeline/results/training/maps/short/adapt_p11-715852394892384_a135-0_419_map.h5
  source_tile = 6695
  slew_rate   = 10
  dwell_time  = 5
  output      = /home/daisy/GRB-Search-Pipeline/results/training/short_searching_2.5x2.5_tiling.csv

source = [78.2841, 135], n_src_events = 424, n_bkg_events = 717
Loaded 202 entries (unique=202, duplicates=0, missing=48950, out_of_bounds=0, non-finite=0)
Sum(prob) over finite entries = 0.999998
init sum: 0.999998
num pixels: 49152
tile num: 6781
total tile prob: 0.999998
tiles with prob > 0: 41
total tile prob after trim: 0.999998
num tiles after trim: 41
init_pos: 6620
*********running GCP*********
total time (wallclock): 0.0326713 seconds

$ /home/daisy/GRB-Search-Pipeline/search-planning/build/sp_train /home/daisy/GRB-Search-Pipeline/results/training/maps/short/adapt_p11-715852394892384_a135-0_41_map.h5 /home/daisy/GRB-Search-Pipeline/search-planning/tilings/tiling_files/2.5x2.5_tiling.csv 6695 10.0 10.0 5.0 0 /home/daisy/GRB-Search-Pipeline/results/training/short_searching_2.5x2.5_tiling.csv
Input Parameters:
  file        = /home/daisy/GRB-Search-Pipeline/results/training/maps/short/adapt_p11-715852394892384_a135-0_41_map.h5
  source_tile = 6695
  slew_rate   = 10
  dwell_time  = 5
  output      = /home/daisy/GRB-Search-Pipeline/results/training/short_searching_2.5x2.5_tiling.csv

source = [78.2841, 135], n_src_events = 524, n_bkg_events = 566
Loaded 86 entries (unique=86, duplicates=0, missing=49066, out_of_bounds=0, non-finite=0)
Sum(prob) over finite entries = 0.999999
init sum: 0.999999
num pixels: 49152
tile num: 6781
total tile prob: 0.999999
tiles with prob > 0: 18
total tile prob after trim: 0.999999
num tiles after trim: 18
init_pos: 6659
*********running GCP*********
total time (wallclock): 0.036104 seconds

$ /home/daisy/GRB-Search-Pipeline/search-planning/build/sp_train /home/daisy/GRB-Search-Pipeline/results/training/maps/short/adapt_p11-715852394892384_a135-0_420_map.h5 /home/daisy/GRB-Search-Pipeline/search-planning/tilings/tiling_files/2.5x2.5_tiling.csv 6695 10.0 10.0 5.0 0 /home/daisy/GRB-Search-Pipeline/results/training/short_searching_2.5x2.5_tiling.csv
Input Parameters:
  file        = /home/daisy/GRB-Search-Pipeline/results/training/maps/short/adapt_p11-715852394892384_a135-0_420_map.h5
  source_tile = 6695
  slew_rate   = 10
  dwell_time  = 5
  output      = /home/daisy/GRB-Search-Pipeline/results/training/short_searching_2.5x2.5_tiling.csv

source = [78.2841, 135], n_src_events = 750, n_bkg_events = 1562
Loaded 89 entries (unique=89, duplicates=0, missing=49063, out_of_bounds=0, non-finite=0)
Sum(prob) over finite entries = 0.999998
init sum: 0.999998
num pixels: 49152
tile num: 6781
total tile prob: 0.999998
tiles with prob > 0: 20
total tile prob after trim: 0.999998
num tiles after trim: 20
init_pos: 6696
*********running GCP*********
total time (wallclock): 0.0343289 seconds

$ /home/daisy/GRB-Search-Pipeline/search-planning/build/sp_train /home/daisy/GRB-Search-Pipeline/results/training/maps/short/adapt_p11-715852394892384_a135-0_421_map.h5 /home/daisy/GRB-Search-Pipeline/search-planning/tilings/tiling_files/2.5x2.5_tiling.csv 6695 10.0 10.0 5.0 0 /home/daisy/GRB-Search-Pipeline/results/training/short_searching_2.5x2.5_tiling.csv
Input Parameters:
  file        = /home/daisy/GRB-Search-Pipeline/results/training/maps/short/adapt_p11-715852394892384_a135-0_421_map.h5
  source_tile = 6695
  slew_rate   = 10
  dwell_time  = 5
  output      = /home/daisy/GRB-Search-Pipeline/results/training/short_searching_2.5x2.5_tiling.csv

source = [78.2841, 135], n_src_events = 188, n_bkg_events = 698
Loaded 887 entries (unique=887, duplicates=0, missing=48265, out_of_bounds=0, non-finite=0)
Sum(prob) over finite entries = 0.999997
init sum: 0.999997
num pixels: 49152
tile num: 6781
total tile prob: 0.999997
tiles with prob > 0: 155
total tile prob after trim: 0.999997
num tiles after trim: 155
init_pos: 6520
*********running GCP*********
total time (wallclock): 0.0360442 seconds

$ /home/daisy/GRB-Search-Pipeline/search-planning/build/sp_train /home/daisy/GRB-Search-Pipeline/results/training/maps/short/adapt_p11-715852394892384_a135-0_422_map.h5 /home/daisy/GRB-Search-Pipeline/search-planning/tilings/tiling_files/2.5x2.5_tiling.csv 6695 10.0 10.0 5.0 0 /home/daisy/GRB-Search-Pipeline/results/training/short_searching_2.5x2.5_tiling.csv
Input Parameters:
  file        = /home/daisy/GRB-Search-Pipeline/results/training/maps/short/adapt_p11-715852394892384_a135-0_422_map.h5
  source_tile = 6695
  slew_rate   = 10
  dwell_time  = 5
  output      = /home/daisy/GRB-Search-Pipeline/results/training/short_searching_2.5x2.5_tiling.csv

source = [78.2841, 135], n_src_events = 851, n_bkg_events = 539
Loaded 68 entries (unique=68, duplicates=0, missing=49084, out_of_bounds=0, non-finite=0)
Sum(prob) over finite entries = 0.999999
init sum: 0.999999
num pixels: 49152
tile num: 6781
total tile prob: 0.999999
tiles with prob > 0: 18
total tile prob after trim: 0.999999
num tiles after trim: 18
init_pos: 6724
*********running GCP*********
total time (wallclock): 0.0313027 seconds

$ /home/daisy/GRB-Search-Pipeline/search-planning/build/sp_train /home/daisy/GRB-Search-Pipeline/results/training/maps/short/adapt_p11-715852394892384_a135-0_423_map.h5 /home/daisy/GRB-Search-Pipeline/search-planning/tilings/tiling_files/2.5x2.5_tiling.csv 6695 10.0 10.0 5.0 0 /home/daisy/GRB-Search-Pipeline/results/training/short_searching_2.5x2.5_tiling.csv
Input Parameters:
  file        = /home/daisy/GRB-Search-Pipeline/results/training/maps/short/adapt_p11-715852394892384_a135-0_423_map.h5
  source_tile = 6695
  slew_rate   = 10
  dwell_time  = 5
  output      = /home/daisy/GRB-Search-Pipeline/results/training/short_searching_2.5x2.5_tiling.csv

source = [78.2841, 135], n_src_events = 387, n_bkg_events = 1526
Loaded 178 entries (unique=178, duplicates=0, missing=48974, out_of_bounds=0, non-finite=0)
Sum(prob) over finite entries = 0.999998
init sum: 0.999998
num pixels: 49152
tile num: 6781
total tile prob: 0.999998
tiles with prob > 0: 38
total tile prob after trim: 0.999998
num tiles after trim: 38
init_pos: 6663
*********running GCP*********
total time (wallclock): 0.0349194 seconds

$ /home/daisy/GRB-Search-Pipeline/search-planning/build/sp_train /home/daisy/GRB-Search-Pipeline/results/training/maps/short/adapt_p11-715852394892384_a135-0_424_map.h5 /home/daisy/GRB-Search-Pipeline/search-planning/tilings/tiling_files/2.5x2.5_tiling.csv 6695 10.0 10.0 5.0 0 /home/daisy/GRB-Search-Pipeline/results/training/short_searching_2.5x2.5_tiling.csv
Input Parameters:
  file        = /home/daisy/GRB-Search-Pipeline/results/training/maps/short/adapt_p11-715852394892384_a135-0_424_map.h5
  source_tile = 6695
  slew_rate   = 10
  dwell_time  = 5
  output      = /home/daisy/GRB-Search-Pipeline/results/training/short_searching_2.5x2.5_tiling.csv

source = [78.2841, 135], n_src_events = 415, n_bkg_events = 1155
Loaded 164 entries (unique=164, duplicates=0, missing=48988, out_of_bounds=0, non-finite=0)
Sum(prob) over finite entries = 0.999999
init sum: 0.999999
num pixels: 49152
tile num: 6781
total tile prob: 0.999999
tiles with prob > 0: 32
total tile prob after trim: 0.999999
num tiles after trim: 32
init_pos: 6698
*********running GCP*********
total time (wallclock): 0.0336271 seconds

$ /home/daisy/GRB-Search-Pipeline/search-planning/build/sp_train /home/daisy/GRB-Search-Pipeline/results/training/maps/short/adapt_p11-715852394892384_a135-0_425_map.h5 /home/daisy/GRB-Search-Pipeline/search-planning/tilings/tiling_files/2.5x2.5_tiling.csv 6695 10.0 10.0 5.0 0 /home/daisy/GRB-Search-Pipeline/results/training/short_searching_2.5x2.5_tiling.csv
Input Parameters:
  file        = /home/daisy/GRB-Search-Pipeline/results/training/maps/short/adapt_p11-715852394892384_a135-0_425_map.h5
  source_tile = 6695
  slew_rate   = 10
  dwell_time  = 5
  output      = /home/daisy/GRB-Search-Pipeline/results/training/short_searching_2.5x2.5_tiling.csv

source = [78.2841, 135], n_src_events = 238, n_bkg_events = 848
Loaded 525 entries (unique=525, duplicates=0, missing=48627, out_of_bounds=0, non-finite=0)
Sum(prob) over finite entries = 0.999999
init sum: 0.999999
num pixels: 49152
tile num: 6781
total tile prob: 0.999999
tiles with prob > 0: 93
total tile prob after trim: 0.999999
num tiles after trim: 93
init_pos: 6462
*********running GCP*********
total time (wallclock): 0.0667171 seconds

$ /home/daisy/GRB-Search-Pipeline/search-planning/build/sp_train /home/daisy/GRB-Search-Pipeline/results/training/maps/short/adapt_p11-715852394892384_a135-0_426_map.h5 /home/daisy/GRB-Search-Pipeline/search-planning/tilings/tiling_files/2.5x2.5_tiling.csv 6695 10.0 10.0 5.0 0 /home/daisy/GRB-Search-Pipeline/results/training/short_searching_2.5x2.5_tiling.csv
Input Parameters:
  file        = /home/daisy/GRB-Search-Pipeline/results/training/maps/short/adapt_p11-715852394892384_a135-0_426_map.h5
  source_tile = 6695
  slew_rate   = 10
  dwell_time  = 5
  output      = /home/daisy/GRB-Search-Pipeline/results/training/short_searching_2.5x2.5_tiling.csv

source = [78.2841, 135], n_src_events = 411, n_bkg_events = 1303
Loaded 144 entries (unique=144, duplicates=0, missing=49008, out_of_bounds=0, non-finite=0)
Sum(prob) over finite entries = 0.999998
init sum: 0.999998
num pixels: 49152
tile num: 6781
total tile prob: 0.999998
tiles with prob > 0: 30
total tile prob after trim: 0.999998
num tiles after trim: 30
init_pos: 6696
*********running GCP*********
total time (wallclock): 0.0314043 seconds

$ /home/daisy/GRB-Search-Pipeline/search-planning/build/sp_train /home/daisy/GRB-Search-Pipeline/results/training/maps/short/adapt_p11-715852394892384_a135-0_427_map.h5 /home/daisy/GRB-Search-Pipeline/search-planning/tilings/tiling_files/2.5x2.5_tiling.csv 6695 10.0 10.0 5.0 0 /home/daisy/GRB-Search-Pipeline/results/training/short_searching_2.5x2.5_tiling.csv
Input Parameters:
  file        = /home/daisy/GRB-Search-Pipeline/results/training/maps/short/adapt_p11-715852394892384_a135-0_427_map.h5
  source_tile = 6695
  slew_rate   = 10
  dwell_time  = 5
  output      = /home/daisy/GRB-Search-Pipeline/results/training/short_searching_2.5x2.5_tiling.csv

source = [78.2841, 135], n_src_events = 424, n_bkg_events = 738
Loaded 157 entries (unique=157, duplicates=0, missing=48995, out_of_bounds=0, non-finite=0)
Sum(prob) over finite entries = 0.999998
init sum: 0.999998
num pixels: 49152
tile num: 6781
total tile prob: 0.999998
tiles with prob > 0: 28
total tile prob after trim: 0.999998
num tiles after trim: 28
init_pos: 6696
*********running GCP*********
total time (wallclock): 0.0339465 seconds

$ /home/daisy/GRB-Search-Pipeline/search-planning/build/sp_train /home/daisy/GRB-Search-Pipeline/results/training/maps/short/adapt_p11-715852394892384_a135-0_428_map.h5 /home/daisy/GRB-Search-Pipeline/search-planning/tilings/tiling_files/2.5x2.5_tiling.csv 6695 10.0 10.0 5.0 0 /home/daisy/GRB-Search-Pipeline/results/training/short_searching_2.5x2.5_tiling.csv
Input Parameters:
  file        = /home/daisy/GRB-Search-Pipeline/results/training/maps/short/adapt_p11-715852394892384_a135-0_428_map.h5
  source_tile = 6695
  slew_rate   = 10
  dwell_time  = 5
  output      = /home/daisy/GRB-Search-Pipeline/results/training/short_searching_2.5x2.5_tiling.csv

source = [78.2841, 135], n_src_events = 266, n_bkg_events = 364
Loaded 267 entries (unique=267, duplicates=0, missing=48885, out_of_bounds=0, non-finite=0)
Sum(prob) over finite entries = 0.999999
init sum: 0.999999
num pixels: 49152
tile num: 6781
total tile prob: 0.999999
tiles with prob > 0: 48
total tile prob after trim: 0.999999
num tiles after trim: 48
init_pos: 6517
*********running GCP*********
total time (wallclock): 0.0395537 seconds

$ /home/daisy/GRB-Search-Pipeline/search-planning/build/sp_train /home/daisy/GRB-Search-Pipeline/results/training/maps/short/adapt_p11-715852394892384_a135-0_429_map.h5 /home/daisy/GRB-Search-Pipeline/search-planning/tilings/tiling_files/2.5x2.5_tiling.csv 6695 10.0 10.0 5.0 0 /home/daisy/GRB-Search-Pipeline/results/training/short_searching_2.5x2.5_tiling.csv
Input Parameters:
  file        = /home/daisy/GRB-Search-Pipeline/results/training/maps/short/adapt_p11-715852394892384_a135-0_429_map.h5
  source_tile = 6695
  slew_rate   = 10
  dwell_time  = 5
  output      = /home/daisy/GRB-Search-Pipeline/results/training/short_searching_2.5x2.5_tiling.csv

source = [78.2841, 135], n_src_events = 585, n_bkg_events = 1366
Loaded 99 entries (unique=99, duplicates=0, missing=49053, out_of_bounds=0, non-finite=0)
Sum(prob) over finite entries = 0.999999
init sum: 0.999999
num pixels: 49152
tile num: 6781
total tile prob: 0.999999
tiles with prob > 0: 21
total tile prob after trim: 0.999999
num tiles after trim: 21
init_pos: 6660
*********running GCP*********
total time (wallclock): 0.0377242 seconds

$ /home/daisy/GRB-Search-Pipeline/search-planning/build/sp_train /home/daisy/GRB-Search-Pipeline/results/training/maps/short/adapt_p11-715852394892384_a135-0_42_map.h5 /home/daisy/GRB-Search-Pipeline/search-planning/tilings/tiling_files/2.5x2.5_tiling.csv 6695 10.0 10.0 5.0 0 /home/daisy/GRB-Search-Pipeline/results/training/short_searching_2.5x2.5_tiling.csv
Input Parameters:
  file        = /home/daisy/GRB-Search-Pipeline/results/training/maps/short/adapt_p11-715852394892384_a135-0_42_map.h5
  source_tile = 6695
  slew_rate   = 10
  dwell_time  = 5
  output      = /home/daisy/GRB-Search-Pipeline/results/training/short_searching_2.5x2.5_tiling.csv

source = [78.2841, 135], n_src_events = 490, n_bkg_events = 999
Loaded 127 entries (unique=127, duplicates=0, missing=49025, out_of_bounds=0, non-finite=0)
Sum(prob) over finite entries = 0.999998
init sum: 0.999998
num pixels: 49152
tile num: 6781
total tile prob: 0.999998
tiles with prob > 0: 26
total tile prob after trim: 0.999998
num tiles after trim: 26
init_pos: 6574
*********running GCP*********
total time (wallclock): 0.038369 seconds

$ /home/daisy/GRB-Search-Pipeline/search-planning/build/sp_train /home/daisy/GRB-Search-Pipeline/results/training/maps/short/adapt_p11-715852394892384_a135-0_430_map.h5 /home/daisy/GRB-Search-Pipeline/search-planning/tilings/tiling_files/2.5x2.5_tiling.csv 6695 10.0 10.0 5.0 0 /home/daisy/GRB-Search-Pipeline/results/training/short_searching_2.5x2.5_tiling.csv
Input Parameters:
  file        = /home/daisy/GRB-Search-Pipeline/results/training/maps/short/adapt_p11-715852394892384_a135-0_430_map.h5
  source_tile = 6695
  slew_rate   = 10
  dwell_time  = 5
  output      = /home/daisy/GRB-Search-Pipeline/results/training/short_searching_2.5x2.5_tiling.csv

source = [78.2841, 135], n_src_events = 484, n_bkg_events = 141
Loaded 99 entries (unique=99, duplicates=0, missing=49053, out_of_bounds=0, non-finite=0)
Sum(prob) over finite entries = 0.999999
init sum: 0.999999
num pixels: 49152
tile num: 6781
total tile prob: 0.999999
tiles with prob > 0: 21
total tile prob after trim: 0.999999
num tiles after trim: 21
init_pos: 6622
*********running GCP*********
total time (wallclock): 0.0373244 seconds

$ /home/daisy/GRB-Search-Pipeline/search-planning/build/sp_train /home/daisy/GRB-Search-Pipeline/results/training/maps/short/adapt_p11-715852394892384_a135-0_431_map.h5 /home/daisy/GRB-Search-Pipeline/search-planning/tilings/tiling_files/2.5x2.5_tiling.csv 6695 10.0 10.0 5.0 0 /home/daisy/GRB-Search-Pipeline/results/training/short_searching_2.5x2.5_tiling.csv
Input Parameters:
  file        = /home/daisy/GRB-Search-Pipeline/results/training/maps/short/adapt_p11-715852394892384_a135-0_431_map.h5
  source_tile = 6695
  slew_rate   = 10
  dwell_time  = 5
  output      = /home/daisy/GRB-Search-Pipeline/results/training/short_searching_2.5x2.5_tiling.csv

source = [78.2841, 135], n_src_events = 458, n_bkg_events = 414
Loaded 95 entries (unique=95, duplicates=0, missing=49057, out_of_bounds=0, non-finite=0)
Sum(prob) over finite entries = 0.999999
init sum: 0.999999
num pixels: 49152
tile num: 6781
total tile prob: 0.999999
tiles with prob > 0: 21
total tile prob after trim: 0.999999
num tiles after trim: 21
init_pos: 6697
*********running GCP*********
total time (wallclock): 0.0343535 seconds

$ /home/daisy/GRB-Search-Pipeline/search-planning/build/sp_train /home/daisy/GRB-Search-Pipeline/results/training/maps/short/adapt_p11-715852394892384_a135-0_432_map.h5 /home/daisy/GRB-Search-Pipeline/search-planning/tilings/tiling_files/2.5x2.5_tiling.csv 6695 10.0 10.0 5.0 0 /home/daisy/GRB-Search-Pipeline/results/training/short_searching_2.5x2.5_tiling.csv
Input Parameters:
  file        = /home/daisy/GRB-Search-Pipeline/results/training/maps/short/adapt_p11-715852394892384_a135-0_432_map.h5
  source_tile = 6695
  slew_rate   = 10
  dwell_time  = 5
  output      = /home/daisy/GRB-Search-Pipeline/results/training/short_searching_2.5x2.5_tiling.csv

source = [78.2841, 135], n_src_events = 604, n_bkg_events = 108
Loaded 48 entries (unique=48, duplicates=0, missing=49104, out_of_bounds=0, non-finite=0)
Sum(prob) over finite entries = 0.999999
init sum: 0.999999
num pixels: 49152
tile num: 6781
total tile prob: 0.999999
tiles with prob > 0: 14
total tile prob after trim: 0.999999
num tiles after trim: 14
init_pos: 6659
*********running GCP*********
total time (wallclock): 0.0320846 seconds

$ /home/daisy/GRB-Search-Pipeline/search-planning/build/sp_train /home/daisy/GRB-Search-Pipeline/results/training/maps/short/adapt_p11-715852394892384_a135-0_433_map.h5 /home/daisy/GRB-Search-Pipeline/search-planning/tilings/tiling_files/2.5x2.5_tiling.csv 6695 10.0 10.0 5.0 0 /home/daisy/GRB-Search-Pipeline/results/training/short_searching_2.5x2.5_tiling.csv
Input Parameters:
  file        = /home/daisy/GRB-Search-Pipeline/results/training/maps/short/adapt_p11-715852394892384_a135-0_433_map.h5
  source_tile = 6695
  slew_rate   = 10
  dwell_time  = 5
  output      = /home/daisy/GRB-Search-Pipeline/results/training/short_searching_2.5x2.5_tiling.csv

source = [78.2841, 135], n_src_events = 610, n_bkg_events = 967
Loaded 120 entries (unique=120, duplicates=0, missing=49032, out_of_bounds=0, non-finite=0)
Sum(prob) over finite entries = 0.999999
init sum: 0.999999
num pixels: 49152
tile num: 6781
total tile prob: 0.999999
tiles with prob > 0: 26
total tile prob after trim: 0.999999
num tiles after trim: 26
init_pos: 6615
*********running GCP*********
total time (wallclock): 0.0336232 seconds

$ /home/daisy/GRB-Search-Pipeline/search-planning/build/sp_train /home/daisy/GRB-Search-Pipeline/results/training/maps/short/adapt_p11-715852394892384_a135-0_434_map.h5 /home/daisy/GRB-Search-Pipeline/search-planning/tilings/tiling_files/2.5x2.5_tiling.csv 6695 10.0 10.0 5.0 0 /home/daisy/GRB-Search-Pipeline/results/training/short_searching_2.5x2.5_tiling.csv
Input Parameters:
  file        = /home/daisy/GRB-Search-Pipeline/results/training/maps/short/adapt_p11-715852394892384_a135-0_434_map.h5
  source_tile = 6695
  slew_rate   = 10
  dwell_time  = 5
  output      = /home/daisy/GRB-Search-Pipeline/results/training/short_searching_2.5x2.5_tiling.csv

source = [78.2841, 135], n_src_events = 276, n_bkg_events = 1500
Loaded 219 entries (unique=219, duplicates=0, missing=48933, out_of_bounds=0, non-finite=0)
Sum(prob) over finite entries = 0.999998
init sum: 0.999998
num pixels: 49152
tile num: 6781
total tile prob: 0.999998
tiles with prob > 0: 44
total tile prob after trim: 0.999998
num tiles after trim: 44
init_pos: 6617
*********running GCP*********
total time (wallclock): 0.053748 seconds

$ /home/daisy/GRB-Search-Pipeline/search-planning/build/sp_train /home/daisy/GRB-Search-Pipeline/results/training/maps/short/adapt_p11-715852394892384_a135-0_435_map.h5 /home/daisy/GRB-Search-Pipeline/search-planning/tilings/tiling_files/2.5x2.5_tiling.csv 6695 10.0 10.0 5.0 0 /home/daisy/GRB-Search-Pipeline/results/training/short_searching_2.5x2.5_tiling.csv
Input Parameters:
  file        = /home/daisy/GRB-Search-Pipeline/results/training/maps/short/adapt_p11-715852394892384_a135-0_435_map.h5
  source_tile = 6695
  slew_rate   = 10
  dwell_time  = 5
  output      = /home/daisy/GRB-Search-Pipeline/results/training/short_searching_2.5x2.5_tiling.csv

source = [78.2841, 135], n_src_events = 741, n_bkg_events = 101
Loaded 37 entries (unique=37, duplicates=0, missing=49115, out_of_bounds=0, non-finite=0)
Sum(prob) over finite entries = 0.999999
init sum: 0.999999
num pixels: 49152
tile num: 6781
total tile prob: 0.999999
tiles with prob > 0: 11
total tile prob after trim: 0.999999
num tiles after trim: 11
init_pos: 6620
*********running GCP*********
total time (wallclock): 0.0333896 seconds

$ /home/daisy/GRB-Search-Pipeline/search-planning/build/sp_train /home/daisy/GRB-Search-Pipeline/results/training/maps/short/adapt_p11-715852394892384_a135-0_436_map.h5 /home/daisy/GRB-Search-Pipeline/search-planning/tilings/tiling_files/2.5x2.5_tiling.csv 6695 10.0 10.0 5.0 0 /home/daisy/GRB-Search-Pipeline/results/training/short_searching_2.5x2.5_tiling.csv
Input Parameters:
  file        = /home/daisy/GRB-Search-Pipeline/results/training/maps/short/adapt_p11-715852394892384_a135-0_436_map.h5
  source_tile = 6695
  slew_rate   = 10
  dwell_time  = 5
  output      = /home/daisy/GRB-Search-Pipeline/results/training/short_searching_2.5x2.5_tiling.csv

source = [78.2841, 135], n_src_events = 648, n_bkg_events = 1311
Loaded 71 entries (unique=71, duplicates=0, missing=49081, out_of_bounds=0, non-finite=0)
Sum(prob) over finite entries = 0.999999
init sum: 0.999999
num pixels: 49152
tile num: 6781
total tile prob: 0.999999
tiles with prob > 0: 16
total tile prob after trim: 0.999999
num tiles after trim: 16
init_pos: 6659
*********running GCP*********
total time (wallclock): 0.0321612 seconds

$ /home/daisy/GRB-Search-Pipeline/search-planning/build/sp_train /home/daisy/GRB-Search-Pipeline/results/training/maps/short/adapt_p11-715852394892384_a135-0_437_map.h5 /home/daisy/GRB-Search-Pipeline/search-planning/tilings/tiling_files/2.5x2.5_tiling.csv 6695 10.0 10.0 5.0 0 /home/daisy/GRB-Search-Pipeline/results/training/short_searching_2.5x2.5_tiling.csv
Input Parameters:
  file        = /home/daisy/GRB-Search-Pipeline/results/training/maps/short/adapt_p11-715852394892384_a135-0_437_map.h5
  source_tile = 6695
  slew_rate   = 10
  dwell_time  = 5
  output      = /home/daisy/GRB-Search-Pipeline/results/training/short_searching_2.5x2.5_tiling.csv

source = [78.2841, 135], n_src_events = 651, n_bkg_events = 1262
Loaded 102 entries (unique=102, duplicates=0, missing=49050, out_of_bounds=0, non-finite=0)
Sum(prob) over finite entries = 0.999999
init sum: 0.999999
num pixels: 49152
tile num: 6781
total tile prob: 0.999999
tiles with prob > 0: 22
total tile prob after trim: 0.999999
num tiles after trim: 22
init_pos: 6695
*********running GCP*********
total time (wallclock): 0.030913 seconds

$ /home/daisy/GRB-Search-Pipeline/search-planning/build/sp_train /home/daisy/GRB-Search-Pipeline/results/training/maps/short/adapt_p11-715852394892384_a135-0_438_map.h5 /home/daisy/GRB-Search-Pipeline/search-planning/tilings/tiling_files/2.5x2.5_tiling.csv 6695 10.0 10.0 5.0 0 /home/daisy/GRB-Search-Pipeline/results/training/short_searching_2.5x2.5_tiling.csv
Input Parameters:
  file        = /home/daisy/GRB-Search-Pipeline/results/training/maps/short/adapt_p11-715852394892384_a135-0_438_map.h5
  source_tile = 6695
  slew_rate   = 10
  dwell_time  = 5
  output      = /home/daisy/GRB-Search-Pipeline/results/training/short_searching_2.5x2.5_tiling.csv

source = [78.2841, 135], n_src_events = 265, n_bkg_events = 1115
Loaded 192 entries (unique=192, duplicates=0, missing=48960, out_of_bounds=0, non-finite=0)
Sum(prob) over finite entries = 0.999999
init sum: 0.999999
num pixels: 49152
tile num: 6781
total tile prob: 0.999999
tiles with prob > 0: 37
total tile prob after trim: 0.999999
num tiles after trim: 37
init_pos: 6748
*********running GCP*********
total time (wallclock): 0.0314132 seconds

$ /home/daisy/GRB-Search-Pipeline/search-planning/build/sp_train /home/daisy/GRB-Search-Pipeline/results/training/maps/short/adapt_p11-715852394892384_a135-0_439_map.h5 /home/daisy/GRB-Search-Pipeline/search-planning/tilings/tiling_files/2.5x2.5_tiling.csv 6695 10.0 10.0 5.0 0 /home/daisy/GRB-Search-Pipeline/results/training/short_searching_2.5x2.5_tiling.csv
Input Parameters:
  file        = /home/daisy/GRB-Search-Pipeline/results/training/maps/short/adapt_p11-715852394892384_a135-0_439_map.h5
  source_tile = 6695
  slew_rate   = 10
  dwell_time  = 5
  output      = /home/daisy/GRB-Search-Pipeline/results/training/short_searching_2.5x2.5_tiling.csv

source = [78.2841, 135], n_src_events = 618, n_bkg_events = 871
Loaded 76 entries (unique=76, duplicates=0, missing=49076, out_of_bounds=0, non-finite=0)
Sum(prob) over finite entries = 0.999999
init sum: 0.999999
num pixels: 49152
tile num: 6781
total tile prob: 0.999999
tiles with prob > 0: 17
total tile prob after trim: 0.999999
num tiles after trim: 17
init_pos: 6661
*********running GCP*********
total time (wallclock): 0.0338523 seconds

$ /home/daisy/GRB-Search-Pipeline/search-planning/build/sp_train /home/daisy/GRB-Search-Pipeline/results/training/maps/short/adapt_p11-715852394892384_a135-0_43_map.h5 /home/daisy/GRB-Search-Pipeline/search-planning/tilings/tiling_files/2.5x2.5_tiling.csv 6695 10.0 10.0 5.0 0 /home/daisy/GRB-Search-Pipeline/results/training/short_searching_2.5x2.5_tiling.csv
Input Parameters:
  file        = /home/daisy/GRB-Search-Pipeline/results/training/maps/short/adapt_p11-715852394892384_a135-0_43_map.h5
  source_tile = 6695
  slew_rate   = 10
  dwell_time  = 5
  output      = /home/daisy/GRB-Search-Pipeline/results/training/short_searching_2.5x2.5_tiling.csv

source = [78.2841, 135], n_src_events = 137, n_bkg_events = 1719
Loaded 3063 entries (unique=3063, duplicates=0, missing=46089, out_of_bounds=0, non-finite=0)
Sum(prob) over finite entries = 0.999992
init sum: 0.999992
num pixels: 49152
tile num: 6781
total tile prob: 0.999992
tiles with prob > 0: 506
total tile prob after trim: 0.999992
num tiles after trim: 506
init_pos: 6134
*********running GCP*********
total time (wallclock): 0.0968132 seconds

$ /home/daisy/GRB-Search-Pipeline/search-planning/build/sp_train /home/daisy/GRB-Search-Pipeline/results/training/maps/short/adapt_p11-715852394892384_a135-0_440_map.h5 /home/daisy/GRB-Search-Pipeline/search-planning/tilings/tiling_files/2.5x2.5_tiling.csv 6695 10.0 10.0 5.0 0 /home/daisy/GRB-Search-Pipeline/results/training/short_searching_2.5x2.5_tiling.csv
Input Parameters:
  file        = /home/daisy/GRB-Search-Pipeline/results/training/maps/short/adapt_p11-715852394892384_a135-0_440_map.h5
  source_tile = 6695
  slew_rate   = 10
  dwell_time  = 5
  output      = /home/daisy/GRB-Search-Pipeline/results/training/short_searching_2.5x2.5_tiling.csv

source = [78.2841, 135], n_src_events = 828, n_bkg_events = 1785
Loaded 79 entries (unique=79, duplicates=0, missing=49073, out_of_bounds=0, non-finite=0)
Sum(prob) over finite entries = 0.999999
init sum: 0.999999
num pixels: 49152
tile num: 6781
total tile prob: 0.999999
tiles with prob > 0: 18
total tile prob after trim: 0.999999
num tiles after trim: 18
init_pos: 6618
*********running GCP*********
total time (wallclock): 0.0367422 seconds

$ /home/daisy/GRB-Search-Pipeline/search-planning/build/sp_train /home/daisy/GRB-Search-Pipeline/results/training/maps/short/adapt_p11-715852394892384_a135-0_441_map.h5 /home/daisy/GRB-Search-Pipeline/search-planning/tilings/tiling_files/2.5x2.5_tiling.csv 6695 10.0 10.0 5.0 0 /home/daisy/GRB-Search-Pipeline/results/training/short_searching_2.5x2.5_tiling.csv
Input Parameters:
  file        = /home/daisy/GRB-Search-Pipeline/results/training/maps/short/adapt_p11-715852394892384_a135-0_441_map.h5
  source_tile = 6695
  slew_rate   = 10
  dwell_time  = 5
  output      = /home/daisy/GRB-Search-Pipeline/results/training/short_searching_2.5x2.5_tiling.csv

source = [78.2841, 135], n_src_events = 175, n_bkg_events = 1174
Loaded 572 entries (unique=572, duplicates=0, missing=48580, out_of_bounds=0, non-finite=0)
Sum(prob) over finite entries = 0.999998
init sum: 0.999998
num pixels: 49152
tile num: 6781
total tile prob: 0.999998
tiles with prob > 0: 99
total tile prob after trim: 0.999998
num tiles after trim: 99
init_pos: 6516
*********running GCP*********
total time (wallclock): 0.0355801 seconds

$ /home/daisy/GRB-Search-Pipeline/search-planning/build/sp_train /home/daisy/GRB-Search-Pipeline/results/training/maps/short/adapt_p11-715852394892384_a135-0_442_map.h5 /home/daisy/GRB-Search-Pipeline/search-planning/tilings/tiling_files/2.5x2.5_tiling.csv 6695 10.0 10.0 5.0 0 /home/daisy/GRB-Search-Pipeline/results/training/short_searching_2.5x2.5_tiling.csv
Input Parameters:
  file        = /home/daisy/GRB-Search-Pipeline/results/training/maps/short/adapt_p11-715852394892384_a135-0_442_map.h5
  source_tile = 6695
  slew_rate   = 10
  dwell_time  = 5
  output      = /home/daisy/GRB-Search-Pipeline/results/training/short_searching_2.5x2.5_tiling.csv

source = [78.2841, 135], n_src_events = 494, n_bkg_events = 388
Loaded 83 entries (unique=83, duplicates=0, missing=49069, out_of_bounds=0, non-finite=0)
Sum(prob) over finite entries = 0.999999
init sum: 0.999999
num pixels: 49152
tile num: 6781
total tile prob: 0.999999
tiles with prob > 0: 21
total tile prob after trim: 0.999999
num tiles after trim: 21
init_pos: 6726
*********running GCP*********
total time (wallclock): 0.0316822 seconds

$ /home/daisy/GRB-Search-Pipeline/search-planning/build/sp_train /home/daisy/GRB-Search-Pipeline/results/training/maps/short/adapt_p11-715852394892384_a135-0_443_map.h5 /home/daisy/GRB-Search-Pipeline/search-planning/tilings/tiling_files/2.5x2.5_tiling.csv 6695 10.0 10.0 5.0 0 /home/daisy/GRB-Search-Pipeline/results/training/short_searching_2.5x2.5_tiling.csv
Input Parameters:
  file        = /home/daisy/GRB-Search-Pipeline/results/training/maps/short/adapt_p11-715852394892384_a135-0_443_map.h5
  source_tile = 6695
  slew_rate   = 10
  dwell_time  = 5
  output      = /home/daisy/GRB-Search-Pipeline/results/training/short_searching_2.5x2.5_tiling.csv

source = [78.2841, 135], n_src_events = 640, n_bkg_events = 1649
Loaded 101 entries (unique=101, duplicates=0, missing=49051, out_of_bounds=0, non-finite=0)
Sum(prob) over finite entries = 0.999998
init sum: 0.999998
num pixels: 49152
tile num: 6781
total tile prob: 0.999998
tiles with prob > 0: 23
total tile prob after trim: 0.999998
num tiles after trim: 23
init_pos: 6618
*********running GCP*********
total time (wallclock): 0.0337436 seconds

$ /home/daisy/GRB-Search-Pipeline/search-planning/build/sp_train /home/daisy/GRB-Search-Pipeline/results/training/maps/short/adapt_p11-715852394892384_a135-0_444_map.h5 /home/daisy/GRB-Search-Pipeline/search-planning/tilings/tiling_files/2.5x2.5_tiling.csv 6695 10.0 10.0 5.0 0 /home/daisy/GRB-Search-Pipeline/results/training/short_searching_2.5x2.5_tiling.csv
Input Parameters:
  file        = /home/daisy/GRB-Search-Pipeline/results/training/maps/short/adapt_p11-715852394892384_a135-0_444_map.h5
  source_tile = 6695
  slew_rate   = 10
  dwell_time  = 5
  output      = /home/daisy/GRB-Search-Pipeline/results/training/short_searching_2.5x2.5_tiling.csv

source = [78.2841, 135], n_src_events = 177, n_bkg_events = 996
Loaded 678 entries (unique=678, duplicates=0, missing=48474, out_of_bounds=0, non-finite=0)
Sum(prob) over finite entries = 0.999998
init sum: 0.999998
num pixels: 49152
tile num: 6781
total tile prob: 0.999998
tiles with prob > 0: 122
total tile prob after trim: 0.999998
num tiles after trim: 122
init_pos: 6700
*********running GCP*********
total time (wallclock): 0.0366776 seconds

$ /home/daisy/GRB-Search-Pipeline/search-planning/build/sp_train /home/daisy/GRB-Search-Pipeline/results/training/maps/short/adapt_p11-715852394892384_a135-0_445_map.h5 /home/daisy/GRB-Search-Pipeline/search-planning/tilings/tiling_files/2.5x2.5_tiling.csv 6695 10.0 10.0 5.0 0 /home/daisy/GRB-Search-Pipeline/results/training/short_searching_2.5x2.5_tiling.csv
Input Parameters:
  file        = /home/daisy/GRB-Search-Pipeline/results/training/maps/short/adapt_p11-715852394892384_a135-0_445_map.h5
  source_tile = 6695
  slew_rate   = 10
  dwell_time  = 5
  output      = /home/daisy/GRB-Search-Pipeline/results/training/short_searching_2.5x2.5_tiling.csv

source = [78.2841, 135], n_src_events = 778, n_bkg_events = 1262
Loaded 49 entries (unique=49, duplicates=0, missing=49103, out_of_bounds=0, non-finite=0)
Sum(prob) over finite entries = 0.999999
init sum: 0.999999
num pixels: 49152
tile num: 6781
total tile prob: 0.999999
tiles with prob > 0: 13
total tile prob after trim: 0.999999
num tiles after trim: 13
init_pos: 6660
*********running GCP*********
total time (wallclock): 0.0347199 seconds

$ /home/daisy/GRB-Search-Pipeline/search-planning/build/sp_train /home/daisy/GRB-Search-Pipeline/results/training/maps/short/adapt_p11-715852394892384_a135-0_446_map.h5 /home/daisy/GRB-Search-Pipeline/search-planning/tilings/tiling_files/2.5x2.5_tiling.csv 6695 10.0 10.0 5.0 0 /home/daisy/GRB-Search-Pipeline/results/training/short_searching_2.5x2.5_tiling.csv
Input Parameters:
  file        = /home/daisy/GRB-Search-Pipeline/results/training/maps/short/adapt_p11-715852394892384_a135-0_446_map.h5
  source_tile = 6695
  slew_rate   = 10
  dwell_time  = 5
  output      = /home/daisy/GRB-Search-Pipeline/results/training/short_searching_2.5x2.5_tiling.csv

source = [78.2841, 135], n_src_events = 195, n_bkg_events = 317
Loaded 258 entries (unique=258, duplicates=0, missing=48894, out_of_bounds=0, non-finite=0)
Sum(prob) over finite entries = 0.999999
init sum: 0.999999
num pixels: 49152
tile num: 6781
total tile prob: 0.999999
tiles with prob > 0: 51
total tile prob after trim: 0.999999
num tiles after trim: 51
init_pos: 6661
*********running GCP*********
total time (wallclock): 0.0318921 seconds

$ /home/daisy/GRB-Search-Pipeline/search-planning/build/sp_train /home/daisy/GRB-Search-Pipeline/results/training/maps/short/adapt_p11-715852394892384_a135-0_447_map.h5 /home/daisy/GRB-Search-Pipeline/search-planning/tilings/tiling_files/2.5x2.5_tiling.csv 6695 10.0 10.0 5.0 0 /home/daisy/GRB-Search-Pipeline/results/training/short_searching_2.5x2.5_tiling.csv
Input Parameters:
  file        = /home/daisy/GRB-Search-Pipeline/results/training/maps/short/adapt_p11-715852394892384_a135-0_447_map.h5
  source_tile = 6695
  slew_rate   = 10
  dwell_time  = 5
  output      = /home/daisy/GRB-Search-Pipeline/results/training/short_searching_2.5x2.5_tiling.csv

source = [78.2841, 135], n_src_events = 680, n_bkg_events = 1690
Loaded 92 entries (unique=92, duplicates=0, missing=49060, out_of_bounds=0, non-finite=0)
Sum(prob) over finite entries = 0.999999
init sum: 0.999999
num pixels: 49152
tile num: 6781
total tile prob: 0.999999
tiles with prob > 0: 18
total tile prob after trim: 0.999999
num tiles after trim: 18
init_pos: 6620
*********running GCP*********
total time (wallclock): 0.0360689 seconds

$ /home/daisy/GRB-Search-Pipeline/search-planning/build/sp_train /home/daisy/GRB-Search-Pipeline/results/training/maps/short/adapt_p11-715852394892384_a135-0_448_map.h5 /home/daisy/GRB-Search-Pipeline/search-planning/tilings/tiling_files/2.5x2.5_tiling.csv 6695 10.0 10.0 5.0 0 /home/daisy/GRB-Search-Pipeline/results/training/short_searching_2.5x2.5_tiling.csv
Input Parameters:
  file        = /home/daisy/GRB-Search-Pipeline/results/training/maps/short/adapt_p11-715852394892384_a135-0_448_map.h5
  source_tile = 6695
  slew_rate   = 10
  dwell_time  = 5
  output      = /home/daisy/GRB-Search-Pipeline/results/training/short_searching_2.5x2.5_tiling.csv

source = [78.2841, 135], n_src_events = 473, n_bkg_events = 1247
Loaded 120 entries (unique=120, duplicates=0, missing=49032, out_of_bounds=0, non-finite=0)
Sum(prob) over finite entries = 0.999999
init sum: 0.999999
num pixels: 49152
tile num: 6781
total tile prob: 0.999999
tiles with prob > 0: 24
total tile prob after trim: 0.999999
num tiles after trim: 24
init_pos: 6620
*********running GCP*********
total time (wallclock): 0.0339005 seconds

$ /home/daisy/GRB-Search-Pipeline/search-planning/build/sp_train /home/daisy/GRB-Search-Pipeline/results/training/maps/short/adapt_p11-715852394892384_a135-0_449_map.h5 /home/daisy/GRB-Search-Pipeline/search-planning/tilings/tiling_files/2.5x2.5_tiling.csv 6695 10.0 10.0 5.0 0 /home/daisy/GRB-Search-Pipeline/results/training/short_searching_2.5x2.5_tiling.csv
Input Parameters:
  file        = /home/daisy/GRB-Search-Pipeline/results/training/maps/short/adapt_p11-715852394892384_a135-0_449_map.h5
  source_tile = 6695
  slew_rate   = 10
  dwell_time  = 5
  output      = /home/daisy/GRB-Search-Pipeline/results/training/short_searching_2.5x2.5_tiling.csv

source = [78.2841, 135], n_src_events = 95, n_bkg_events = 1766
Loaded 8437 entries (unique=8437, duplicates=0, missing=40715, out_of_bounds=0, non-finite=0)
Sum(prob) over finite entries = 0.999985
init sum: 0.999985
num pixels: 49152
tile num: 6781
total tile prob: 0.999985
tiles with prob > 0: 1284
total tile prob after trim: 0.999985
num tiles after trim: 1284
init_pos: 6767
*********running GCP*********
total time (wallclock): 0.532279 seconds

$ /home/daisy/GRB-Search-Pipeline/search-planning/build/sp_train /home/daisy/GRB-Search-Pipeline/results/training/maps/short/adapt_p11-715852394892384_a135-0_44_map.h5 /home/daisy/GRB-Search-Pipeline/search-planning/tilings/tiling_files/2.5x2.5_tiling.csv 6695 10.0 10.0 5.0 0 /home/daisy/GRB-Search-Pipeline/results/training/short_searching_2.5x2.5_tiling.csv
Input Parameters:
  file        = /home/daisy/GRB-Search-Pipeline/results/training/maps/short/adapt_p11-715852394892384_a135-0_44_map.h5
  source_tile = 6695
  slew_rate   = 10
  dwell_time  = 5
  output      = /home/daisy/GRB-Search-Pipeline/results/training/short_searching_2.5x2.5_tiling.csv

source = [78.2841, 135], n_src_events = 364, n_bkg_events = 221
Loaded 166 entries (unique=166, duplicates=0, missing=48986, out_of_bounds=0, non-finite=0)
Sum(prob) over finite entries = 0.999999
init sum: 0.999999
num pixels: 49152
tile num: 6781
total tile prob: 0.999999
tiles with prob > 0: 33
total tile prob after trim: 0.999999
num tiles after trim: 33
init_pos: 6693
*********running GCP*********
total time (wallclock): 0.0323784 seconds

$ /home/daisy/GRB-Search-Pipeline/search-planning/build/sp_train /home/daisy/GRB-Search-Pipeline/results/training/maps/short/adapt_p11-715852394892384_a135-0_450_map.h5 /home/daisy/GRB-Search-Pipeline/search-planning/tilings/tiling_files/2.5x2.5_tiling.csv 6695 10.0 10.0 5.0 0 /home/daisy/GRB-Search-Pipeline/results/training/short_searching_2.5x2.5_tiling.csv
Input Parameters:
  file        = /home/daisy/GRB-Search-Pipeline/results/training/maps/short/adapt_p11-715852394892384_a135-0_450_map.h5
  source_tile = 6695
  slew_rate   = 10
  dwell_time  = 5
  output      = /home/daisy/GRB-Search-Pipeline/results/training/short_searching_2.5x2.5_tiling.csv

source = [78.2841, 135], n_src_events = 132, n_bkg_events = 398
Loaded 463 entries (unique=463, duplicates=0, missing=48689, out_of_bounds=0, non-finite=0)
Sum(prob) over finite entries = 0.999999
init sum: 0.999999
num pixels: 49152
tile num: 6781
total tile prob: 0.999999
tiles with prob > 0: 82
total tile prob after trim: 0.999999
num tiles after trim: 82
init_pos: 6656
*********running GCP*********
total time (wallclock): 0.0326277 seconds

$ /home/daisy/GRB-Search-Pipeline/search-planning/build/sp_train /home/daisy/GRB-Search-Pipeline/results/training/maps/short/adapt_p11-715852394892384_a135-0_451_map.h5 /home/daisy/GRB-Search-Pipeline/search-planning/tilings/tiling_files/2.5x2.5_tiling.csv 6695 10.0 10.0 5.0 0 /home/daisy/GRB-Search-Pipeline/results/training/short_searching_2.5x2.5_tiling.csv
Input Parameters:
  file        = /home/daisy/GRB-Search-Pipeline/results/training/maps/short/adapt_p11-715852394892384_a135-0_451_map.h5
  source_tile = 6695
  slew_rate   = 10
  dwell_time  = 5
  output      = /home/daisy/GRB-Search-Pipeline/results/training/short_searching_2.5x2.5_tiling.csv

source = [78.2841, 135], n_src_events = 420, n_bkg_events = 1782
Loaded 285 entries (unique=285, duplicates=0, missing=48867, out_of_bounds=0, non-finite=0)
Sum(prob) over finite entries = 0.999998
init sum: 0.999998
num pixels: 49152
tile num: 6781
total tile prob: 0.999998
tiles with prob > 0: 56
total tile prob after trim: 0.999998
num tiles after trim: 56
init_pos: 6572
*********running GCP*********
total time (wallclock): 0.0345319 seconds

$ /home/daisy/GRB-Search-Pipeline/search-planning/build/sp_train /home/daisy/GRB-Search-Pipeline/results/training/maps/short/adapt_p11-715852394892384_a135-0_452_map.h5 /home/daisy/GRB-Search-Pipeline/search-planning/tilings/tiling_files/2.5x2.5_tiling.csv 6695 10.0 10.0 5.0 0 /home/daisy/GRB-Search-Pipeline/results/training/short_searching_2.5x2.5_tiling.csv
Input Parameters:
  file        = /home/daisy/GRB-Search-Pipeline/results/training/maps/short/adapt_p11-715852394892384_a135-0_452_map.h5
  source_tile = 6695
  slew_rate   = 10
  dwell_time  = 5
  output      = /home/daisy/GRB-Search-Pipeline/results/training/short_searching_2.5x2.5_tiling.csv

source = [78.2841, 135], n_src_events = 673, n_bkg_events = 222
Loaded 58 entries (unique=58, duplicates=0, missing=49094, out_of_bounds=0, non-finite=0)
Sum(prob) over finite entries = 0.999999
init sum: 0.999999
num pixels: 49152
tile num: 6781
total tile prob: 0.999999
tiles with prob > 0: 16
total tile prob after trim: 0.999999
num tiles after trim: 16
init_pos: 6696
*********running GCP*********
total time (wallclock): 0.0324411 seconds

$ /home/daisy/GRB-Search-Pipeline/search-planning/build/sp_train /home/daisy/GRB-Search-Pipeline/results/training/maps/short/adapt_p11-715852394892384_a135-0_453_map.h5 /home/daisy/GRB-Search-Pipeline/search-planning/tilings/tiling_files/2.5x2.5_tiling.csv 6695 10.0 10.0 5.0 0 /home/daisy/GRB-Search-Pipeline/results/training/short_searching_2.5x2.5_tiling.csv
Input Parameters:
  file        = /home/daisy/GRB-Search-Pipeline/results/training/maps/short/adapt_p11-715852394892384_a135-0_453_map.h5
  source_tile = 6695
  slew_rate   = 10
  dwell_time  = 5
  output      = /home/daisy/GRB-Search-Pipeline/results/training/short_searching_2.5x2.5_tiling.csv

source = [78.2841, 135], n_src_events = 662, n_bkg_events = 630
Loaded 57 entries (unique=57, duplicates=0, missing=49095, out_of_bounds=0, non-finite=0)
Sum(prob) over finite entries = 0.999999
init sum: 0.999999
num pixels: 49152
tile num: 6781
total tile prob: 0.999999
tiles with prob > 0: 15
total tile prob after trim: 0.999999
num tiles after trim: 15
init_pos: 6661
*********running GCP*********
total time (wallclock): 0.0336257 seconds

$ /home/daisy/GRB-Search-Pipeline/search-planning/build/sp_train /home/daisy/GRB-Search-Pipeline/results/training/maps/short/adapt_p11-715852394892384_a135-0_454_map.h5 /home/daisy/GRB-Search-Pipeline/search-planning/tilings/tiling_files/2.5x2.5_tiling.csv 6695 10.0 10.0 5.0 0 /home/daisy/GRB-Search-Pipeline/results/training/short_searching_2.5x2.5_tiling.csv
Input Parameters:
  file        = /home/daisy/GRB-Search-Pipeline/results/training/maps/short/adapt_p11-715852394892384_a135-0_454_map.h5
  source_tile = 6695
  slew_rate   = 10
  dwell_time  = 5
  output      = /home/daisy/GRB-Search-Pipeline/results/training/short_searching_2.5x2.5_tiling.csv

source = [78.2841, 135], n_src_events = 563, n_bkg_events = 409
Loaded 72 entries (unique=72, duplicates=0, missing=49080, out_of_bounds=0, non-finite=0)
Sum(prob) over finite entries = 0.999999
init sum: 0.999999
num pixels: 49152
tile num: 6781
total tile prob: 0.999999
tiles with prob > 0: 15
total tile prob after trim: 0.999999
num tiles after trim: 15
init_pos: 6618
*********running GCP*********
total time (wallclock): 0.0332494 seconds

$ /home/daisy/GRB-Search-Pipeline/search-planning/build/sp_train /home/daisy/GRB-Search-Pipeline/results/training/maps/short/adapt_p11-715852394892384_a135-0_455_map.h5 /home/daisy/GRB-Search-Pipeline/search-planning/tilings/tiling_files/2.5x2.5_tiling.csv 6695 10.0 10.0 5.0 0 /home/daisy/GRB-Search-Pipeline/results/training/short_searching_2.5x2.5_tiling.csv
Input Parameters:
  file        = /home/daisy/GRB-Search-Pipeline/results/training/maps/short/adapt_p11-715852394892384_a135-0_455_map.h5
  source_tile = 6695
  slew_rate   = 10
  dwell_time  = 5
  output      = /home/daisy/GRB-Search-Pipeline/results/training/short_searching_2.5x2.5_tiling.csv

source = [78.2841, 135], n_src_events = 659, n_bkg_events = 518
Loaded 72 entries (unique=72, duplicates=0, missing=49080, out_of_bounds=0, non-finite=0)
Sum(prob) over finite entries = 0.999999
init sum: 0.999999
num pixels: 49152
tile num: 6781
total tile prob: 0.999999
tiles with prob > 0: 17
total tile prob after trim: 0.999999
num tiles after trim: 17
init_pos: 6659
*********running GCP*********
total time (wallclock): 0.0322519 seconds

$ /home/daisy/GRB-Search-Pipeline/search-planning/build/sp_train /home/daisy/GRB-Search-Pipeline/results/training/maps/short/adapt_p11-715852394892384_a135-0_456_map.h5 /home/daisy/GRB-Search-Pipeline/search-planning/tilings/tiling_files/2.5x2.5_tiling.csv 6695 10.0 10.0 5.0 0 /home/daisy/GRB-Search-Pipeline/results/training/short_searching_2.5x2.5_tiling.csv
Input Parameters:
  file        = /home/daisy/GRB-Search-Pipeline/results/training/maps/short/adapt_p11-715852394892384_a135-0_456_map.h5
  source_tile = 6695
  slew_rate   = 10
  dwell_time  = 5
  output      = /home/daisy/GRB-Search-Pipeline/results/training/short_searching_2.5x2.5_tiling.csv

source = [78.2841, 135], n_src_events = 271, n_bkg_events = 1190
Loaded 346 entries (unique=346, duplicates=0, missing=48806, out_of_bounds=0, non-finite=0)
Sum(prob) over finite entries = 0.999999
init sum: 0.999999
num pixels: 49152
tile num: 6781
total tile prob: 0.999999
tiles with prob > 0: 67
total tile prob after trim: 0.999999
num tiles after trim: 67
init_pos: 6619
*********running GCP*********
total time (wallclock): 0.0333549 seconds

$ /home/daisy/GRB-Search-Pipeline/search-planning/build/sp_train /home/daisy/GRB-Search-Pipeline/results/training/maps/short/adapt_p11-715852394892384_a135-0_457_map.h5 /home/daisy/GRB-Search-Pipeline/search-planning/tilings/tiling_files/2.5x2.5_tiling.csv 6695 10.0 10.0 5.0 0 /home/daisy/GRB-Search-Pipeline/results/training/short_searching_2.5x2.5_tiling.csv
Input Parameters:
  file        = /home/daisy/GRB-Search-Pipeline/results/training/maps/short/adapt_p11-715852394892384_a135-0_457_map.h5
  source_tile = 6695
  slew_rate   = 10
  dwell_time  = 5
  output      = /home/daisy/GRB-Search-Pipeline/results/training/short_searching_2.5x2.5_tiling.csv

source = [78.2841, 135], n_src_events = 144, n_bkg_events = 282
Loaded 498 entries (unique=498, duplicates=0, missing=48654, out_of_bounds=0, non-finite=0)
Sum(prob) over finite entries = 0.999999
init sum: 0.999999
num pixels: 49152
tile num: 6781
total tile prob: 0.999999
tiles with prob > 0: 89
total tile prob after trim: 0.999999
num tiles after trim: 89
init_pos: 6574
*********running GCP*********
total time (wallclock): 0.0337141 seconds

$ /home/daisy/GRB-Search-Pipeline/search-planning/build/sp_train /home/daisy/GRB-Search-Pipeline/results/training/maps/short/adapt_p11-715852394892384_a135-0_458_map.h5 /home/daisy/GRB-Search-Pipeline/search-planning/tilings/tiling_files/2.5x2.5_tiling.csv 6695 10.0 10.0 5.0 0 /home/daisy/GRB-Search-Pipeline/results/training/short_searching_2.5x2.5_tiling.csv
Input Parameters:
  file        = /home/daisy/GRB-Search-Pipeline/results/training/maps/short/adapt_p11-715852394892384_a135-0_458_map.h5
  source_tile = 6695
  slew_rate   = 10
  dwell_time  = 5
  output      = /home/daisy/GRB-Search-Pipeline/results/training/short_searching_2.5x2.5_tiling.csv

source = [78.2841, 135], n_src_events = 175, n_bkg_events = 1289
Loaded 375 entries (unique=375, duplicates=0, missing=48777, out_of_bounds=0, non-finite=0)
Sum(prob) over finite entries = 0.999998
init sum: 0.999998
num pixels: 49152
tile num: 6781
total tile prob: 0.999998
tiles with prob > 0: 68
total tile prob after trim: 0.999998
num tiles after trim: 68
init_pos: 6664
*********running GCP*********
total time (wallclock): 0.0399994 seconds

$ /home/daisy/GRB-Search-Pipeline/search-planning/build/sp_train /home/daisy/GRB-Search-Pipeline/results/training/maps/short/adapt_p11-715852394892384_a135-0_459_map.h5 /home/daisy/GRB-Search-Pipeline/search-planning/tilings/tiling_files/2.5x2.5_tiling.csv 6695 10.0 10.0 5.0 0 /home/daisy/GRB-Search-Pipeline/results/training/short_searching_2.5x2.5_tiling.csv
Input Parameters:
  file        = /home/daisy/GRB-Search-Pipeline/results/training/maps/short/adapt_p11-715852394892384_a135-0_459_map.h5
  source_tile = 6695
  slew_rate   = 10
  dwell_time  = 5
  output      = /home/daisy/GRB-Search-Pipeline/results/training/short_searching_2.5x2.5_tiling.csv

source = [78.2841, 135], n_src_events = 683, n_bkg_events = 216
Loaded 47 entries (unique=47, duplicates=0, missing=49105, out_of_bounds=0, non-finite=0)
Sum(prob) over finite entries = 0.999999
init sum: 0.999999
num pixels: 49152
tile num: 6781
total tile prob: 0.999999
tiles with prob > 0: 12
total tile prob after trim: 0.999999
num tiles after trim: 12
init_pos: 6661
*********running GCP*********
total time (wallclock): 0.03334 seconds

$ /home/daisy/GRB-Search-Pipeline/search-planning/build/sp_train /home/daisy/GRB-Search-Pipeline/results/training/maps/short/adapt_p11-715852394892384_a135-0_45_map.h5 /home/daisy/GRB-Search-Pipeline/search-planning/tilings/tiling_files/2.5x2.5_tiling.csv 6695 10.0 10.0 5.0 0 /home/daisy/GRB-Search-Pipeline/results/training/short_searching_2.5x2.5_tiling.csv
Input Parameters:
  file        = /home/daisy/GRB-Search-Pipeline/results/training/maps/short/adapt_p11-715852394892384_a135-0_45_map.h5
  source_tile = 6695
  slew_rate   = 10
  dwell_time  = 5
  output      = /home/daisy/GRB-Search-Pipeline/results/training/short_searching_2.5x2.5_tiling.csv

source = [78.2841, 135], n_src_events = 344, n_bkg_events = 1821
Loaded 375 entries (unique=375, duplicates=0, missing=48777, out_of_bounds=0, non-finite=0)
Sum(prob) over finite entries = 0.999998
init sum: 0.999998
num pixels: 49152
tile num: 6781
total tile prob: 0.999998
tiles with prob > 0: 76
total tile prob after trim: 0.999998
num tiles after trim: 76
init_pos: 6622
*********running GCP*********
total time (wallclock): 0.0415452 seconds

$ /home/daisy/GRB-Search-Pipeline/search-planning/build/sp_train /home/daisy/GRB-Search-Pipeline/results/training/maps/short/adapt_p11-715852394892384_a135-0_460_map.h5 /home/daisy/GRB-Search-Pipeline/search-planning/tilings/tiling_files/2.5x2.5_tiling.csv 6695 10.0 10.0 5.0 0 /home/daisy/GRB-Search-Pipeline/results/training/short_searching_2.5x2.5_tiling.csv
Input Parameters:
  file        = /home/daisy/GRB-Search-Pipeline/results/training/maps/short/adapt_p11-715852394892384_a135-0_460_map.h5
  source_tile = 6695
  slew_rate   = 10
  dwell_time  = 5
  output      = /home/daisy/GRB-Search-Pipeline/results/training/short_searching_2.5x2.5_tiling.csv

source = [78.2841, 135], n_src_events = 847, n_bkg_events = 1497
Loaded 57 entries (unique=57, duplicates=0, missing=49095, out_of_bounds=0, non-finite=0)
Sum(prob) over finite entries = 0.999999
init sum: 0.999999
num pixels: 49152
tile num: 6781
total tile prob: 0.999999
tiles with prob > 0: 13
total tile prob after trim: 0.999999
num tiles after trim: 13
init_pos: 6695
*********running GCP*********
total time (wallclock): 0.031763 seconds

$ /home/daisy/GRB-Search-Pipeline/search-planning/build/sp_train /home/daisy/GRB-Search-Pipeline/results/training/maps/short/adapt_p11-715852394892384_a135-0_461_map.h5 /home/daisy/GRB-Search-Pipeline/search-planning/tilings/tiling_files/2.5x2.5_tiling.csv 6695 10.0 10.0 5.0 0 /home/daisy/GRB-Search-Pipeline/results/training/short_searching_2.5x2.5_tiling.csv
Input Parameters:
  file        = /home/daisy/GRB-Search-Pipeline/results/training/maps/short/adapt_p11-715852394892384_a135-0_461_map.h5
  source_tile = 6695
  slew_rate   = 10
  dwell_time  = 5
  output      = /home/daisy/GRB-Search-Pipeline/results/training/short_searching_2.5x2.5_tiling.csv

source = [78.2841, 135], n_src_events = 153, n_bkg_events = 1331
Loaded 433 entries (unique=433, duplicates=0, missing=48719, out_of_bounds=0, non-finite=0)
Sum(prob) over finite entries = 0.999997
init sum: 0.999997
num pixels: 49152
tile num: 6781
total tile prob: 0.999997
tiles with prob > 0: 76
total tile prob after trim: 0.999997
num tiles after trim: 76
init_pos: 6393
*********running GCP*********
total time (wallclock): 0.105845 seconds

$ /home/daisy/GRB-Search-Pipeline/search-planning/build/sp_train /home/daisy/GRB-Search-Pipeline/results/training/maps/short/adapt_p11-715852394892384_a135-0_462_map.h5 /home/daisy/GRB-Search-Pipeline/search-planning/tilings/tiling_files/2.5x2.5_tiling.csv 6695 10.0 10.0 5.0 0 /home/daisy/GRB-Search-Pipeline/results/training/short_searching_2.5x2.5_tiling.csv
Input Parameters:
  file        = /home/daisy/GRB-Search-Pipeline/results/training/maps/short/adapt_p11-715852394892384_a135-0_462_map.h5
  source_tile = 6695
  slew_rate   = 10
  dwell_time  = 5
  output      = /home/daisy/GRB-Search-Pipeline/results/training/short_searching_2.5x2.5_tiling.csv

source = [78.2841, 135], n_src_events = 267, n_bkg_events = 815
Loaded 273 entries (unique=273, duplicates=0, missing=48879, out_of_bounds=0, non-finite=0)
Sum(prob) over finite entries = 0.999998
init sum: 0.999998
num pixels: 49152
tile num: 6781
total tile prob: 0.999998
tiles with prob > 0: 47
total tile prob after trim: 0.999998
num tiles after trim: 47
init_pos: 6515
*********running GCP*********
total time (wallclock): 0.0409255 seconds

$ /home/daisy/GRB-Search-Pipeline/search-planning/build/sp_train /home/daisy/GRB-Search-Pipeline/results/training/maps/short/adapt_p11-715852394892384_a135-0_463_map.h5 /home/daisy/GRB-Search-Pipeline/search-planning/tilings/tiling_files/2.5x2.5_tiling.csv 6695 10.0 10.0 5.0 0 /home/daisy/GRB-Search-Pipeline/results/training/short_searching_2.5x2.5_tiling.csv
Input Parameters:
  file        = /home/daisy/GRB-Search-Pipeline/results/training/maps/short/adapt_p11-715852394892384_a135-0_463_map.h5
  source_tile = 6695
  slew_rate   = 10
  dwell_time  = 5
  output      = /home/daisy/GRB-Search-Pipeline/results/training/short_searching_2.5x2.5_tiling.csv

source = [78.2841, 135], n_src_events = 185, n_bkg_events = 1778
Loaded 755 entries (unique=755, duplicates=0, missing=48397, out_of_bounds=0, non-finite=0)
Sum(prob) over finite entries = 0.999998
init sum: 0.999998
num pixels: 49152
tile num: 6781
total tile prob: 0.999998
tiles with prob > 0: 138
total tile prob after trim: 0.999998
num tiles after trim: 138
init_pos: 6748
*********running GCP*********
total time (wallclock): 0.0588528 seconds

$ /home/daisy/GRB-Search-Pipeline/search-planning/build/sp_train /home/daisy/GRB-Search-Pipeline/results/training/maps/short/adapt_p11-715852394892384_a135-0_464_map.h5 /home/daisy/GRB-Search-Pipeline/search-planning/tilings/tiling_files/2.5x2.5_tiling.csv 6695 10.0 10.0 5.0 0 /home/daisy/GRB-Search-Pipeline/results/training/short_searching_2.5x2.5_tiling.csv
Input Parameters:
  file        = /home/daisy/GRB-Search-Pipeline/results/training/maps/short/adapt_p11-715852394892384_a135-0_464_map.h5
  source_tile = 6695
  slew_rate   = 10
  dwell_time  = 5
  output      = /home/daisy/GRB-Search-Pipeline/results/training/short_searching_2.5x2.5_tiling.csv

source = [78.2841, 135], n_src_events = 712, n_bkg_events = 1582
Loaded 96 entries (unique=96, duplicates=0, missing=49056, out_of_bounds=0, non-finite=0)
Sum(prob) over finite entries = 0.999999
init sum: 0.999999
num pixels: 49152
tile num: 6781
total tile prob: 0.999999
tiles with prob > 0: 20
total tile prob after trim: 0.999999
num tiles after trim: 20
init_pos: 6661
*********running GCP*********
total time (wallclock): 0.0360436 seconds

$ /home/daisy/GRB-Search-Pipeline/search-planning/build/sp_train /home/daisy/GRB-Search-Pipeline/results/training/maps/short/adapt_p11-715852394892384_a135-0_465_map.h5 /home/daisy/GRB-Search-Pipeline/search-planning/tilings/tiling_files/2.5x2.5_tiling.csv 6695 10.0 10.0 5.0 0 /home/daisy/GRB-Search-Pipeline/results/training/short_searching_2.5x2.5_tiling.csv
Input Parameters:
  file        = /home/daisy/GRB-Search-Pipeline/results/training/maps/short/adapt_p11-715852394892384_a135-0_465_map.h5
  source_tile = 6695
  slew_rate   = 10
  dwell_time  = 5
  output      = /home/daisy/GRB-Search-Pipeline/results/training/short_searching_2.5x2.5_tiling.csv

source = [78.2841, 135], n_src_events = 788, n_bkg_events = 919
Loaded 68 entries (unique=68, duplicates=0, missing=49084, out_of_bounds=0, non-finite=0)
Sum(prob) over finite entries = 0.999999
init sum: 0.999999
num pixels: 49152
tile num: 6781
total tile prob: 0.999999
tiles with prob > 0: 16
total tile prob after trim: 0.999999
num tiles after trim: 16
init_pos: 6661
*********running GCP*********
total time (wallclock): 0.0312469 seconds

$ /home/daisy/GRB-Search-Pipeline/search-planning/build/sp_train /home/daisy/GRB-Search-Pipeline/results/training/maps/short/adapt_p11-715852394892384_a135-0_466_map.h5 /home/daisy/GRB-Search-Pipeline/search-planning/tilings/tiling_files/2.5x2.5_tiling.csv 6695 10.0 10.0 5.0 0 /home/daisy/GRB-Search-Pipeline/results/training/short_searching_2.5x2.5_tiling.csv
Input Parameters:
  file        = /home/daisy/GRB-Search-Pipeline/results/training/maps/short/adapt_p11-715852394892384_a135-0_466_map.h5
  source_tile = 6695
  slew_rate   = 10
  dwell_time  = 5
  output      = /home/daisy/GRB-Search-Pipeline/results/training/short_searching_2.5x2.5_tiling.csv

source = [78.2841, 135], n_src_events = 459, n_bkg_events = 961
Loaded 143 entries (unique=143, duplicates=0, missing=49009, out_of_bounds=0, non-finite=0)
Sum(prob) over finite entries = 0.999998
init sum: 0.999998
num pixels: 49152
tile num: 6781
total tile prob: 0.999998
tiles with prob > 0: 29
total tile prob after trim: 0.999998
num tiles after trim: 29
init_pos: 6696
*********running GCP*********
total time (wallclock): 0.0325013 seconds

$ /home/daisy/GRB-Search-Pipeline/search-planning/build/sp_train /home/daisy/GRB-Search-Pipeline/results/training/maps/short/adapt_p11-715852394892384_a135-0_467_map.h5 /home/daisy/GRB-Search-Pipeline/search-planning/tilings/tiling_files/2.5x2.5_tiling.csv 6695 10.0 10.0 5.0 0 /home/daisy/GRB-Search-Pipeline/results/training/short_searching_2.5x2.5_tiling.csv
Input Parameters:
  file        = /home/daisy/GRB-Search-Pipeline/results/training/maps/short/adapt_p11-715852394892384_a135-0_467_map.h5
  source_tile = 6695
  slew_rate   = 10
  dwell_time  = 5
  output      = /home/daisy/GRB-Search-Pipeline/results/training/short_searching_2.5x2.5_tiling.csv

source = [78.2841, 135], n_src_events = 246, n_bkg_events = 201
Loaded 230 entries (unique=230, duplicates=0, missing=48922, out_of_bounds=0, non-finite=0)
Sum(prob) over finite entries = 0.999999
init sum: 0.999999
num pixels: 49152
tile num: 6781
total tile prob: 0.999999
tiles with prob > 0: 43
total tile prob after trim: 0.999999
num tiles after trim: 43
init_pos: 6660
*********running GCP*********
total time (wallclock): 0.0523708 seconds

$ /home/daisy/GRB-Search-Pipeline/search-planning/build/sp_train /home/daisy/GRB-Search-Pipeline/results/training/maps/short/adapt_p11-715852394892384_a135-0_468_map.h5 /home/daisy/GRB-Search-Pipeline/search-planning/tilings/tiling_files/2.5x2.5_tiling.csv 6695 10.0 10.0 5.0 0 /home/daisy/GRB-Search-Pipeline/results/training/short_searching_2.5x2.5_tiling.csv
Input Parameters:
  file        = /home/daisy/GRB-Search-Pipeline/results/training/maps/short/adapt_p11-715852394892384_a135-0_468_map.h5
  source_tile = 6695
  slew_rate   = 10
  dwell_time  = 5
  output      = /home/daisy/GRB-Search-Pipeline/results/training/short_searching_2.5x2.5_tiling.csv

source = [78.2841, 135], n_src_events = 659, n_bkg_events = 581
Loaded 70 entries (unique=70, duplicates=0, missing=49082, out_of_bounds=0, non-finite=0)
Sum(prob) over finite entries = 0.999999
init sum: 0.999999
num pixels: 49152
tile num: 6781
total tile prob: 0.999999
tiles with prob > 0: 15
total tile prob after trim: 0.999999
num tiles after trim: 15
init_pos: 6618
*********running GCP*********
total time (wallclock): 0.0338696 seconds

$ /home/daisy/GRB-Search-Pipeline/search-planning/build/sp_train /home/daisy/GRB-Search-Pipeline/results/training/maps/short/adapt_p11-715852394892384_a135-0_469_map.h5 /home/daisy/GRB-Search-Pipeline/search-planning/tilings/tiling_files/2.5x2.5_tiling.csv 6695 10.0 10.0 5.0 0 /home/daisy/GRB-Search-Pipeline/results/training/short_searching_2.5x2.5_tiling.csv
Input Parameters:
  file        = /home/daisy/GRB-Search-Pipeline/results/training/maps/short/adapt_p11-715852394892384_a135-0_469_map.h5
  source_tile = 6695
  slew_rate   = 10
  dwell_time  = 5
  output      = /home/daisy/GRB-Search-Pipeline/results/training/short_searching_2.5x2.5_tiling.csv

source = [78.2841, 135], n_src_events = 298, n_bkg_events = 388
Loaded 204 entries (unique=204, duplicates=0, missing=48948, out_of_bounds=0, non-finite=0)
Sum(prob) over finite entries = 0.999998
init sum: 0.999998
num pixels: 49152
tile num: 6781
total tile prob: 0.999998
tiles with prob > 0: 38
total tile prob after trim: 0.999998
num tiles after trim: 38
init_pos: 6570
*********running GCP*********
total time (wallclock): 0.0383871 seconds

$ /home/daisy/GRB-Search-Pipeline/search-planning/build/sp_train /home/daisy/GRB-Search-Pipeline/results/training/maps/short/adapt_p11-715852394892384_a135-0_46_map.h5 /home/daisy/GRB-Search-Pipeline/search-planning/tilings/tiling_files/2.5x2.5_tiling.csv 6695 10.0 10.0 5.0 0 /home/daisy/GRB-Search-Pipeline/results/training/short_searching_2.5x2.5_tiling.csv
Input Parameters:
  file        = /home/daisy/GRB-Search-Pipeline/results/training/maps/short/adapt_p11-715852394892384_a135-0_46_map.h5
  source_tile = 6695
  slew_rate   = 10
  dwell_time  = 5
  output      = /home/daisy/GRB-Search-Pipeline/results/training/short_searching_2.5x2.5_tiling.csv

source = [78.2841, 135], n_src_events = 596, n_bkg_events = 874
Loaded 70 entries (unique=70, duplicates=0, missing=49082, out_of_bounds=0, non-finite=0)
Sum(prob) over finite entries = 0.999998
init sum: 0.999998
num pixels: 49152
tile num: 6781
total tile prob: 0.999998
tiles with prob > 0: 17
total tile prob after trim: 0.999998
num tiles after trim: 17
init_pos: 6696
*********running GCP*********
total time (wallclock): 0.0321107 seconds

$ /home/daisy/GRB-Search-Pipeline/search-planning/build/sp_train /home/daisy/GRB-Search-Pipeline/results/training/maps/short/adapt_p11-715852394892384_a135-0_470_map.h5 /home/daisy/GRB-Search-Pipeline/search-planning/tilings/tiling_files/2.5x2.5_tiling.csv 6695 10.0 10.0 5.0 0 /home/daisy/GRB-Search-Pipeline/results/training/short_searching_2.5x2.5_tiling.csv
Input Parameters:
  file        = /home/daisy/GRB-Search-Pipeline/results/training/maps/short/adapt_p11-715852394892384_a135-0_470_map.h5
  source_tile = 6695
  slew_rate   = 10
  dwell_time  = 5
  output      = /home/daisy/GRB-Search-Pipeline/results/training/short_searching_2.5x2.5_tiling.csv

source = [78.2841, 135], n_src_events = 784, n_bkg_events = 1694
Loaded 68 entries (unique=68, duplicates=0, missing=49084, out_of_bounds=0, non-finite=0)
Sum(prob) over finite entries = 0.999998
init sum: 0.999998
num pixels: 49152
tile num: 6781
total tile prob: 0.999998
tiles with prob > 0: 16
total tile prob after trim: 0.999998
num tiles after trim: 16
init_pos: 6659
*********running GCP*********
total time (wallclock): 0.0322253 seconds

$ /home/daisy/GRB-Search-Pipeline/search-planning/build/sp_train /home/daisy/GRB-Search-Pipeline/results/training/maps/short/adapt_p11-715852394892384_a135-0_471_map.h5 /home/daisy/GRB-Search-Pipeline/search-planning/tilings/tiling_files/2.5x2.5_tiling.csv 6695 10.0 10.0 5.0 0 /home/daisy/GRB-Search-Pipeline/results/training/short_searching_2.5x2.5_tiling.csv
Input Parameters:
  file        = /home/daisy/GRB-Search-Pipeline/results/training/maps/short/adapt_p11-715852394892384_a135-0_471_map.h5
  source_tile = 6695
  slew_rate   = 10
  dwell_time  = 5
  output      = /home/daisy/GRB-Search-Pipeline/results/training/short_searching_2.5x2.5_tiling.csv

source = [78.2841, 135], n_src_events = 630, n_bkg_events = 109
Loaded 57 entries (unique=57, duplicates=0, missing=49095, out_of_bounds=0, non-finite=0)
Sum(prob) over finite entries = 0.999998
init sum: 0.999998
num pixels: 49152
tile num: 6781
total tile prob: 0.999998
tiles with prob > 0: 15
total tile prob after trim: 0.999998
num tiles after trim: 15
init_pos: 6661
*********running GCP*********
total time (wallclock): 0.0330009 seconds

$ /home/daisy/GRB-Search-Pipeline/search-planning/build/sp_train /home/daisy/GRB-Search-Pipeline/results/training/maps/short/adapt_p11-715852394892384_a135-0_472_map.h5 /home/daisy/GRB-Search-Pipeline/search-planning/tilings/tiling_files/2.5x2.5_tiling.csv 6695 10.0 10.0 5.0 0 /home/daisy/GRB-Search-Pipeline/results/training/short_searching_2.5x2.5_tiling.csv
Input Parameters:
  file        = /home/daisy/GRB-Search-Pipeline/results/training/maps/short/adapt_p11-715852394892384_a135-0_472_map.h5
  source_tile = 6695
  slew_rate   = 10
  dwell_time  = 5
  output      = /home/daisy/GRB-Search-Pipeline/results/training/short_searching_2.5x2.5_tiling.csv

source = [78.2841, 135], n_src_events = 390, n_bkg_events = 445
Loaded 172 entries (unique=172, duplicates=0, missing=48980, out_of_bounds=0, non-finite=0)
Sum(prob) over finite entries = 0.999999
init sum: 0.999999
num pixels: 49152
tile num: 6781
total tile prob: 0.999999
tiles with prob > 0: 34
total tile prob after trim: 0.999999
num tiles after trim: 34
init_pos: 6694
*********running GCP*********
total time (wallclock): 0.0313528 seconds

$ /home/daisy/GRB-Search-Pipeline/search-planning/build/sp_train /home/daisy/GRB-Search-Pipeline/results/training/maps/short/adapt_p11-715852394892384_a135-0_473_map.h5 /home/daisy/GRB-Search-Pipeline/search-planning/tilings/tiling_files/2.5x2.5_tiling.csv 6695 10.0 10.0 5.0 0 /home/daisy/GRB-Search-Pipeline/results/training/short_searching_2.5x2.5_tiling.csv
Input Parameters:
  file        = /home/daisy/GRB-Search-Pipeline/results/training/maps/short/adapt_p11-715852394892384_a135-0_473_map.h5
  source_tile = 6695
  slew_rate   = 10
  dwell_time  = 5
  output      = /home/daisy/GRB-Search-Pipeline/results/training/short_searching_2.5x2.5_tiling.csv

source = [78.2841, 135], n_src_events = 832, n_bkg_events = 1510
Loaded 78 entries (unique=78, duplicates=0, missing=49074, out_of_bounds=0, non-finite=0)
Sum(prob) over finite entries = 0.999998
init sum: 0.999998
num pixels: 49152
tile num: 6781
total tile prob: 0.999998
tiles with prob > 0: 18
total tile prob after trim: 0.999998
num tiles after trim: 18
init_pos: 6616
*********running GCP*********
total time (wallclock): 0.0335356 seconds

$ /home/daisy/GRB-Search-Pipeline/search-planning/build/sp_train /home/daisy/GRB-Search-Pipeline/results/training/maps/short/adapt_p11-715852394892384_a135-0_474_map.h5 /home/daisy/GRB-Search-Pipeline/search-planning/tilings/tiling_files/2.5x2.5_tiling.csv 6695 10.0 10.0 5.0 0 /home/daisy/GRB-Search-Pipeline/results/training/short_searching_2.5x2.5_tiling.csv
Input Parameters:
  file        = /home/daisy/GRB-Search-Pipeline/results/training/maps/short/adapt_p11-715852394892384_a135-0_474_map.h5
  source_tile = 6695
  slew_rate   = 10
  dwell_time  = 5
  output      = /home/daisy/GRB-Search-Pipeline/results/training/short_searching_2.5x2.5_tiling.csv

source = [78.2841, 135], n_src_events = 199, n_bkg_events = 1223
Loaded 950 entries (unique=950, duplicates=0, missing=48202, out_of_bounds=0, non-finite=0)
Sum(prob) over finite entries = 0.999998
init sum: 0.999998
num pixels: 49152
tile num: 6781
total tile prob: 0.999998
tiles with prob > 0: 155
total tile prob after trim: 0.999998
num tiles after trim: 155
init_pos: 6462
*********running GCP*********
total time (wallclock): 0.175625 seconds

$ /home/daisy/GRB-Search-Pipeline/search-planning/build/sp_train /home/daisy/GRB-Search-Pipeline/results/training/maps/short/adapt_p11-715852394892384_a135-0_475_map.h5 /home/daisy/GRB-Search-Pipeline/search-planning/tilings/tiling_files/2.5x2.5_tiling.csv 6695 10.0 10.0 5.0 0 /home/daisy/GRB-Search-Pipeline/results/training/short_searching_2.5x2.5_tiling.csv
Input Parameters:
  file        = /home/daisy/GRB-Search-Pipeline/results/training/maps/short/adapt_p11-715852394892384_a135-0_475_map.h5
  source_tile = 6695
  slew_rate   = 10
  dwell_time  = 5
  output      = /home/daisy/GRB-Search-Pipeline/results/training/short_searching_2.5x2.5_tiling.csv

source = [78.2841, 135], n_src_events = 542, n_bkg_events = 1799
Loaded 158 entries (unique=158, duplicates=0, missing=48994, out_of_bounds=0, non-finite=0)
Sum(prob) over finite entries = 0.999999
init sum: 0.999999
num pixels: 49152
tile num: 6781
total tile prob: 0.999999
tiles with prob > 0: 31
total tile prob after trim: 0.999999
num tiles after trim: 31
init_pos: 6699
*********running GCP*********
total time (wallclock): 0.0335651 seconds

$ /home/daisy/GRB-Search-Pipeline/search-planning/build/sp_train /home/daisy/GRB-Search-Pipeline/results/training/maps/short/adapt_p11-715852394892384_a135-0_476_map.h5 /home/daisy/GRB-Search-Pipeline/search-planning/tilings/tiling_files/2.5x2.5_tiling.csv 6695 10.0 10.0 5.0 0 /home/daisy/GRB-Search-Pipeline/results/training/short_searching_2.5x2.5_tiling.csv
Input Parameters:
  file        = /home/daisy/GRB-Search-Pipeline/results/training/maps/short/adapt_p11-715852394892384_a135-0_476_map.h5
  source_tile = 6695
  slew_rate   = 10
  dwell_time  = 5
  output      = /home/daisy/GRB-Search-Pipeline/results/training/short_searching_2.5x2.5_tiling.csv

source = [78.2841, 135], n_src_events = 581, n_bkg_events = 143
Loaded 65 entries (unique=65, duplicates=0, missing=49087, out_of_bounds=0, non-finite=0)
Sum(prob) over finite entries = 0.999998
init sum: 0.999998
num pixels: 49152
tile num: 6781
total tile prob: 0.999998
tiles with prob > 0: 16
total tile prob after trim: 0.999998
num tiles after trim: 16
init_pos: 6621
*********running GCP*********
total time (wallclock): 0.0356926 seconds

$ /home/daisy/GRB-Search-Pipeline/search-planning/build/sp_train /home/daisy/GRB-Search-Pipeline/results/training/maps/short/adapt_p11-715852394892384_a135-0_477_map.h5 /home/daisy/GRB-Search-Pipeline/search-planning/tilings/tiling_files/2.5x2.5_tiling.csv 6695 10.0 10.0 5.0 0 /home/daisy/GRB-Search-Pipeline/results/training/short_searching_2.5x2.5_tiling.csv
Input Parameters:
  file        = /home/daisy/GRB-Search-Pipeline/results/training/maps/short/adapt_p11-715852394892384_a135-0_477_map.h5
  source_tile = 6695
  slew_rate   = 10
  dwell_time  = 5
  output      = /home/daisy/GRB-Search-Pipeline/results/training/short_searching_2.5x2.5_tiling.csv

source = [78.2841, 135], n_src_events = 192, n_bkg_events = 102
Loaded 421 entries (unique=421, duplicates=0, missing=48731, out_of_bounds=0, non-finite=0)
Sum(prob) over finite entries = 0.999999
init sum: 0.999999
num pixels: 49152
tile num: 6781
total tile prob: 0.999999
tiles with prob > 0: 73
total tile prob after trim: 0.999999
num tiles after trim: 73
init_pos: 6615
*********running GCP*********
total time (wallclock): 0.0551485 seconds

$ /home/daisy/GRB-Search-Pipeline/search-planning/build/sp_train /home/daisy/GRB-Search-Pipeline/results/training/maps/short/adapt_p11-715852394892384_a135-0_478_map.h5 /home/daisy/GRB-Search-Pipeline/search-planning/tilings/tiling_files/2.5x2.5_tiling.csv 6695 10.0 10.0 5.0 0 /home/daisy/GRB-Search-Pipeline/results/training/short_searching_2.5x2.5_tiling.csv
Input Parameters:
  file        = /home/daisy/GRB-Search-Pipeline/results/training/maps/short/adapt_p11-715852394892384_a135-0_478_map.h5
  source_tile = 6695
  slew_rate   = 10
  dwell_time  = 5
  output      = /home/daisy/GRB-Search-Pipeline/results/training/short_searching_2.5x2.5_tiling.csv

source = [78.2841, 135], n_src_events = 267, n_bkg_events = 923
Loaded 384 entries (unique=384, duplicates=0, missing=48768, out_of_bounds=0, non-finite=0)
Sum(prob) over finite entries = 0.999998
init sum: 0.999998
num pixels: 49152
tile num: 6781
total tile prob: 0.999998
tiles with prob > 0: 70
total tile prob after trim: 0.999998
num tiles after trim: 70
init_pos: 6623
*********running GCP*********
total time (wallclock): 0.0337655 seconds

$ /home/daisy/GRB-Search-Pipeline/search-planning/build/sp_train /home/daisy/GRB-Search-Pipeline/results/training/maps/short/adapt_p11-715852394892384_a135-0_479_map.h5 /home/daisy/GRB-Search-Pipeline/search-planning/tilings/tiling_files/2.5x2.5_tiling.csv 6695 10.0 10.0 5.0 0 /home/daisy/GRB-Search-Pipeline/results/training/short_searching_2.5x2.5_tiling.csv
Input Parameters:
  file        = /home/daisy/GRB-Search-Pipeline/results/training/maps/short/adapt_p11-715852394892384_a135-0_479_map.h5
  source_tile = 6695
  slew_rate   = 10
  dwell_time  = 5
  output      = /home/daisy/GRB-Search-Pipeline/results/training/short_searching_2.5x2.5_tiling.csv

source = [78.2841, 135], n_src_events = 791, n_bkg_events = 396
Loaded 46 entries (unique=46, duplicates=0, missing=49106, out_of_bounds=0, non-finite=0)
Sum(prob) over finite entries = 0.999999
init sum: 0.999999
num pixels: 49152
tile num: 6781
total tile prob: 0.999999
tiles with prob > 0: 11
total tile prob after trim: 0.999999
num tiles after trim: 11
init_pos: 6617
*********running GCP*********
total time (wallclock): 0.0337852 seconds

$ /home/daisy/GRB-Search-Pipeline/search-planning/build/sp_train /home/daisy/GRB-Search-Pipeline/results/training/maps/short/adapt_p11-715852394892384_a135-0_47_map.h5 /home/daisy/GRB-Search-Pipeline/search-planning/tilings/tiling_files/2.5x2.5_tiling.csv 6695 10.0 10.0 5.0 0 /home/daisy/GRB-Search-Pipeline/results/training/short_searching_2.5x2.5_tiling.csv
Input Parameters:
  file        = /home/daisy/GRB-Search-Pipeline/results/training/maps/short/adapt_p11-715852394892384_a135-0_47_map.h5
  source_tile = 6695
  slew_rate   = 10
  dwell_time  = 5
  output      = /home/daisy/GRB-Search-Pipeline/results/training/short_searching_2.5x2.5_tiling.csv

source = [78.2841, 135], n_src_events = 438, n_bkg_events = 1747
Loaded 189 entries (unique=189, duplicates=0, missing=48963, out_of_bounds=0, non-finite=0)
Sum(prob) over finite entries = 0.999998
init sum: 0.999998
num pixels: 49152
tile num: 6781
total tile prob: 0.999998
tiles with prob > 0: 39
total tile prob after trim: 0.999998
num tiles after trim: 39
init_pos: 6724
*********running GCP*********
total time (wallclock): 0.031573 seconds

$ /home/daisy/GRB-Search-Pipeline/search-planning/build/sp_train /home/daisy/GRB-Search-Pipeline/results/training/maps/short/adapt_p11-715852394892384_a135-0_480_map.h5 /home/daisy/GRB-Search-Pipeline/search-planning/tilings/tiling_files/2.5x2.5_tiling.csv 6695 10.0 10.0 5.0 0 /home/daisy/GRB-Search-Pipeline/results/training/short_searching_2.5x2.5_tiling.csv
Input Parameters:
  file        = /home/daisy/GRB-Search-Pipeline/results/training/maps/short/adapt_p11-715852394892384_a135-0_480_map.h5
  source_tile = 6695
  slew_rate   = 10
  dwell_time  = 5
  output      = /home/daisy/GRB-Search-Pipeline/results/training/short_searching_2.5x2.5_tiling.csv

source = [78.2841, 135], n_src_events = 712, n_bkg_events = 1438
Loaded 82 entries (unique=82, duplicates=0, missing=49070, out_of_bounds=0, non-finite=0)
Sum(prob) over finite entries = 0.999999
init sum: 0.999999
num pixels: 49152
tile num: 6781
total tile prob: 0.999999
tiles with prob > 0: 18
total tile prob after trim: 0.999999
num tiles after trim: 18
init_pos: 6616
*********running GCP*********
total time (wallclock): 0.0318997 seconds

$ /home/daisy/GRB-Search-Pipeline/search-planning/build/sp_train /home/daisy/GRB-Search-Pipeline/results/training/maps/short/adapt_p11-715852394892384_a135-0_481_map.h5 /home/daisy/GRB-Search-Pipeline/search-planning/tilings/tiling_files/2.5x2.5_tiling.csv 6695 10.0 10.0 5.0 0 /home/daisy/GRB-Search-Pipeline/results/training/short_searching_2.5x2.5_tiling.csv
Input Parameters:
  file        = /home/daisy/GRB-Search-Pipeline/results/training/maps/short/adapt_p11-715852394892384_a135-0_481_map.h5
  source_tile = 6695
  slew_rate   = 10
  dwell_time  = 5
  output      = /home/daisy/GRB-Search-Pipeline/results/training/short_searching_2.5x2.5_tiling.csv

source = [78.2841, 135], n_src_events = 261, n_bkg_events = 1609
Loaded 877 entries (unique=877, duplicates=0, missing=48275, out_of_bounds=0, non-finite=0)
Sum(prob) over finite entries = 0.999998
init sum: 0.999998
num pixels: 49152
tile num: 6781
total tile prob: 0.999998
tiles with prob > 0: 154
total tile prob after trim: 0.999998
num tiles after trim: 154
init_pos: 6519
*********running GCP*********
total time (wallclock): 0.0420029 seconds

$ /home/daisy/GRB-Search-Pipeline/search-planning/build/sp_train /home/daisy/GRB-Search-Pipeline/results/training/maps/short/adapt_p11-715852394892384_a135-0_482_map.h5 /home/daisy/GRB-Search-Pipeline/search-planning/tilings/tiling_files/2.5x2.5_tiling.csv 6695 10.0 10.0 5.0 0 /home/daisy/GRB-Search-Pipeline/results/training/short_searching_2.5x2.5_tiling.csv
Input Parameters:
  file        = /home/daisy/GRB-Search-Pipeline/results/training/maps/short/adapt_p11-715852394892384_a135-0_482_map.h5
  source_tile = 6695
  slew_rate   = 10
  dwell_time  = 5
  output      = /home/daisy/GRB-Search-Pipeline/results/training/short_searching_2.5x2.5_tiling.csv

source = [78.2841, 135], n_src_events = 120, n_bkg_events = 1502
Loaded 2392 entries (unique=2392, duplicates=0, missing=46760, out_of_bounds=0, non-finite=0)
Sum(prob) over finite entries = 0.999996
init sum: 0.999996
num pixels: 49152
tile num: 6781
total tile prob: 0.999996
tiles with prob > 0: 381
total tile prob after trim: 0.999996
num tiles after trim: 381
init_pos: 6394
*********running GCP*********
total time (wallclock): 3.06664 seconds

$ /home/daisy/GRB-Search-Pipeline/search-planning/build/sp_train /home/daisy/GRB-Search-Pipeline/results/training/maps/short/adapt_p11-715852394892384_a135-0_483_map.h5 /home/daisy/GRB-Search-Pipeline/search-planning/tilings/tiling_files/2.5x2.5_tiling.csv 6695 10.0 10.0 5.0 0 /home/daisy/GRB-Search-Pipeline/results/training/short_searching_2.5x2.5_tiling.csv
Input Parameters:
  file        = /home/daisy/GRB-Search-Pipeline/results/training/maps/short/adapt_p11-715852394892384_a135-0_483_map.h5
  source_tile = 6695
  slew_rate   = 10
  dwell_time  = 5
  output      = /home/daisy/GRB-Search-Pipeline/results/training/short_searching_2.5x2.5_tiling.csv

source = [78.2841, 135], n_src_events = 437, n_bkg_events = 541
Loaded 134 entries (unique=134, duplicates=0, missing=49018, out_of_bounds=0, non-finite=0)
Sum(prob) over finite entries = 0.999999
init sum: 0.999999
num pixels: 49152
tile num: 6781
total tile prob: 0.999999
tiles with prob > 0: 27
total tile prob after trim: 0.999999
num tiles after trim: 27
init_pos: 6694
*********running GCP*********
total time (wallclock): 0.0320037 seconds

$ /home/daisy/GRB-Search-Pipeline/search-planning/build/sp_train /home/daisy/GRB-Search-Pipeline/results/training/maps/short/adapt_p11-715852394892384_a135-0_484_map.h5 /home/daisy/GRB-Search-Pipeline/search-planning/tilings/tiling_files/2.5x2.5_tiling.csv 6695 10.0 10.0 5.0 0 /home/daisy/GRB-Search-Pipeline/results/training/short_searching_2.5x2.5_tiling.csv
Input Parameters:
  file        = /home/daisy/GRB-Search-Pipeline/results/training/maps/short/adapt_p11-715852394892384_a135-0_484_map.h5
  source_tile = 6695
  slew_rate   = 10
  dwell_time  = 5
  output      = /home/daisy/GRB-Search-Pipeline/results/training/short_searching_2.5x2.5_tiling.csv

source = [78.2841, 135], n_src_events = 412, n_bkg_events = 1099
Loaded 276 entries (unique=276, duplicates=0, missing=48876, out_of_bounds=0, non-finite=0)
Sum(prob) over finite entries = 0.999999
init sum: 0.999999
num pixels: 49152
tile num: 6781
total tile prob: 0.999999
tiles with prob > 0: 54
total tile prob after trim: 0.999999
num tiles after trim: 54
init_pos: 6665
*********running GCP*********
total time (wallclock): 0.0518404 seconds

$ /home/daisy/GRB-Search-Pipeline/search-planning/build/sp_train /home/daisy/GRB-Search-Pipeline/results/training/maps/short/adapt_p11-715852394892384_a135-0_485_map.h5 /home/daisy/GRB-Search-Pipeline/search-planning/tilings/tiling_files/2.5x2.5_tiling.csv 6695 10.0 10.0 5.0 0 /home/daisy/GRB-Search-Pipeline/results/training/short_searching_2.5x2.5_tiling.csv
Input Parameters:
  file        = /home/daisy/GRB-Search-Pipeline/results/training/maps/short/adapt_p11-715852394892384_a135-0_485_map.h5
  source_tile = 6695
  slew_rate   = 10
  dwell_time  = 5
  output      = /home/daisy/GRB-Search-Pipeline/results/training/short_searching_2.5x2.5_tiling.csv

source = [78.2841, 135], n_src_events = 388, n_bkg_events = 1745
Loaded 190 entries (unique=190, duplicates=0, missing=48962, out_of_bounds=0, non-finite=0)
Sum(prob) over finite entries = 0.999998
init sum: 0.999998
num pixels: 49152
tile num: 6781
total tile prob: 0.999998
tiles with prob > 0: 37
total tile prob after trim: 0.999998
num tiles after trim: 37
init_pos: 6661
*********running GCP*********
total time (wallclock): 0.0347263 seconds

$ /home/daisy/GRB-Search-Pipeline/search-planning/build/sp_train /home/daisy/GRB-Search-Pipeline/results/training/maps/short/adapt_p11-715852394892384_a135-0_486_map.h5 /home/daisy/GRB-Search-Pipeline/search-planning/tilings/tiling_files/2.5x2.5_tiling.csv 6695 10.0 10.0 5.0 0 /home/daisy/GRB-Search-Pipeline/results/training/short_searching_2.5x2.5_tiling.csv
Input Parameters:
  file        = /home/daisy/GRB-Search-Pipeline/results/training/maps/short/adapt_p11-715852394892384_a135-0_486_map.h5
  source_tile = 6695
  slew_rate   = 10
  dwell_time  = 5
  output      = /home/daisy/GRB-Search-Pipeline/results/training/short_searching_2.5x2.5_tiling.csv

source = [78.2841, 135], n_src_events = 822, n_bkg_events = 1416
Loaded 71 entries (unique=71, duplicates=0, missing=49081, out_of_bounds=0, non-finite=0)
Sum(prob) over finite entries = 0.999999
init sum: 0.999999
num pixels: 49152
tile num: 6781
total tile prob: 0.999999
tiles with prob > 0: 16
total tile prob after trim: 0.999999
num tiles after trim: 16
init_pos: 6660
*********running GCP*********
total time (wallclock): 0.0321226 seconds

$ /home/daisy/GRB-Search-Pipeline/search-planning/build/sp_train /home/daisy/GRB-Search-Pipeline/results/training/maps/short/adapt_p11-715852394892384_a135-0_487_map.h5 /home/daisy/GRB-Search-Pipeline/search-planning/tilings/tiling_files/2.5x2.5_tiling.csv 6695 10.0 10.0 5.0 0 /home/daisy/GRB-Search-Pipeline/results/training/short_searching_2.5x2.5_tiling.csv
Input Parameters:
  file        = /home/daisy/GRB-Search-Pipeline/results/training/maps/short/adapt_p11-715852394892384_a135-0_487_map.h5
  source_tile = 6695
  slew_rate   = 10
  dwell_time  = 5
  output      = /home/daisy/GRB-Search-Pipeline/results/training/short_searching_2.5x2.5_tiling.csv

source = [78.2841, 135], n_src_events = 628, n_bkg_events = 1811
Loaded 98 entries (unique=98, duplicates=0, missing=49054, out_of_bounds=0, non-finite=0)
Sum(prob) over finite entries = 0.999999
init sum: 0.999999
num pixels: 49152
tile num: 6781
total tile prob: 0.999999
tiles with prob > 0: 22
total tile prob after trim: 0.999999
num tiles after trim: 22
init_pos: 6619
*********running GCP*********
total time (wallclock): 0.0318406 seconds

$ /home/daisy/GRB-Search-Pipeline/search-planning/build/sp_train /home/daisy/GRB-Search-Pipeline/results/training/maps/short/adapt_p11-715852394892384_a135-0_488_map.h5 /home/daisy/GRB-Search-Pipeline/search-planning/tilings/tiling_files/2.5x2.5_tiling.csv 6695 10.0 10.0 5.0 0 /home/daisy/GRB-Search-Pipeline/results/training/short_searching_2.5x2.5_tiling.csv
Input Parameters:
  file        = /home/daisy/GRB-Search-Pipeline/results/training/maps/short/adapt_p11-715852394892384_a135-0_488_map.h5
  source_tile = 6695
  slew_rate   = 10
  dwell_time  = 5
  output      = /home/daisy/GRB-Search-Pipeline/results/training/short_searching_2.5x2.5_tiling.csv

source = [78.2841, 135], n_src_events = 710, n_bkg_events = 1796
Loaded 76 entries (unique=76, duplicates=0, missing=49076, out_of_bounds=0, non-finite=0)
Sum(prob) over finite entries = 0.999999
init sum: 0.999999
num pixels: 49152
tile num: 6781
total tile prob: 0.999999
tiles with prob > 0: 18
total tile prob after trim: 0.999999
num tiles after trim: 18
init_pos: 6697
*********running GCP*********
total time (wallclock): 0.0321503 seconds

$ /home/daisy/GRB-Search-Pipeline/search-planning/build/sp_train /home/daisy/GRB-Search-Pipeline/results/training/maps/short/adapt_p11-715852394892384_a135-0_489_map.h5 /home/daisy/GRB-Search-Pipeline/search-planning/tilings/tiling_files/2.5x2.5_tiling.csv 6695 10.0 10.0 5.0 0 /home/daisy/GRB-Search-Pipeline/results/training/short_searching_2.5x2.5_tiling.csv
Input Parameters:
  file        = /home/daisy/GRB-Search-Pipeline/results/training/maps/short/adapt_p11-715852394892384_a135-0_489_map.h5
  source_tile = 6695
  slew_rate   = 10
  dwell_time  = 5
  output      = /home/daisy/GRB-Search-Pipeline/results/training/short_searching_2.5x2.5_tiling.csv

source = [78.2841, 135], n_src_events = 144, n_bkg_events = 1013
Loaded 1995 entries (unique=1995, duplicates=0, missing=47157, out_of_bounds=0, non-finite=0)
Sum(prob) over finite entries = 0.999998
init sum: 0.999998
num pixels: 49152
tile num: 6781
total tile prob: 0.999998
tiles with prob > 0: 333
total tile prob after trim: 0.999998
num tiles after trim: 333
init_pos: 6751
*********running GCP*********
total time (wallclock): 0.0913837 seconds

$ /home/daisy/GRB-Search-Pipeline/search-planning/build/sp_train /home/daisy/GRB-Search-Pipeline/results/training/maps/short/adapt_p11-715852394892384_a135-0_48_map.h5 /home/daisy/GRB-Search-Pipeline/search-planning/tilings/tiling_files/2.5x2.5_tiling.csv 6695 10.0 10.0 5.0 0 /home/daisy/GRB-Search-Pipeline/results/training/short_searching_2.5x2.5_tiling.csv
Input Parameters:
  file        = /home/daisy/GRB-Search-Pipeline/results/training/maps/short/adapt_p11-715852394892384_a135-0_48_map.h5
  source_tile = 6695
  slew_rate   = 10
  dwell_time  = 5
  output      = /home/daisy/GRB-Search-Pipeline/results/training/short_searching_2.5x2.5_tiling.csv

source = [78.2841, 135], n_src_events = 431, n_bkg_events = 1373
Loaded 163 entries (unique=163, duplicates=0, missing=48989, out_of_bounds=0, non-finite=0)
Sum(prob) over finite entries = 0.999999
init sum: 0.999999
num pixels: 49152
tile num: 6781
total tile prob: 0.999999
tiles with prob > 0: 33
total tile prob after trim: 0.999999
num tiles after trim: 33
init_pos: 6618
*********running GCP*********
total time (wallclock): 0.033625 seconds

$ /home/daisy/GRB-Search-Pipeline/search-planning/build/sp_train /home/daisy/GRB-Search-Pipeline/results/training/maps/short/adapt_p11-715852394892384_a135-0_490_map.h5 /home/daisy/GRB-Search-Pipeline/search-planning/tilings/tiling_files/2.5x2.5_tiling.csv 6695 10.0 10.0 5.0 0 /home/daisy/GRB-Search-Pipeline/results/training/short_searching_2.5x2.5_tiling.csv
Input Parameters:
  file        = /home/daisy/GRB-Search-Pipeline/results/training/maps/short/adapt_p11-715852394892384_a135-0_490_map.h5
  source_tile = 6695
  slew_rate   = 10
  dwell_time  = 5
  output      = /home/daisy/GRB-Search-Pipeline/results/training/short_searching_2.5x2.5_tiling.csv

source = [78.2841, 135], n_src_events = 548, n_bkg_events = 782
Loaded 110 entries (unique=110, duplicates=0, missing=49042, out_of_bounds=0, non-finite=0)
Sum(prob) over finite entries = 0.999999
init sum: 0.999999
num pixels: 49152
tile num: 6781
total tile prob: 0.999999
tiles with prob > 0: 21
total tile prob after trim: 0.999999
num tiles after trim: 21
init_pos: 6519
*********running GCP*********
total time (wallclock): 0.0340681 seconds

$ /home/daisy/GRB-Search-Pipeline/search-planning/build/sp_train /home/daisy/GRB-Search-Pipeline/results/training/maps/short/adapt_p11-715852394892384_a135-0_491_map.h5 /home/daisy/GRB-Search-Pipeline/search-planning/tilings/tiling_files/2.5x2.5_tiling.csv 6695 10.0 10.0 5.0 0 /home/daisy/GRB-Search-Pipeline/results/training/short_searching_2.5x2.5_tiling.csv
Input Parameters:
  file        = /home/daisy/GRB-Search-Pipeline/results/training/maps/short/adapt_p11-715852394892384_a135-0_491_map.h5
  source_tile = 6695
  slew_rate   = 10
  dwell_time  = 5
  output      = /home/daisy/GRB-Search-Pipeline/results/training/short_searching_2.5x2.5_tiling.csv

source = [78.2841, 135], n_src_events = 429, n_bkg_events = 600
Loaded 129 entries (unique=129, duplicates=0, missing=49023, out_of_bounds=0, non-finite=0)
Sum(prob) over finite entries = 0.999999
init sum: 0.999999
num pixels: 49152
tile num: 6781
total tile prob: 0.999999
tiles with prob > 0: 25
total tile prob after trim: 0.999999
num tiles after trim: 25
init_pos: 6663
*********running GCP*********
total time (wallclock): 0.0331657 seconds

$ /home/daisy/GRB-Search-Pipeline/search-planning/build/sp_train /home/daisy/GRB-Search-Pipeline/results/training/maps/short/adapt_p11-715852394892384_a135-0_492_map.h5 /home/daisy/GRB-Search-Pipeline/search-planning/tilings/tiling_files/2.5x2.5_tiling.csv 6695 10.0 10.0 5.0 0 /home/daisy/GRB-Search-Pipeline/results/training/short_searching_2.5x2.5_tiling.csv
Input Parameters:
  file        = /home/daisy/GRB-Search-Pipeline/results/training/maps/short/adapt_p11-715852394892384_a135-0_492_map.h5
  source_tile = 6695
  slew_rate   = 10
  dwell_time  = 5
  output      = /home/daisy/GRB-Search-Pipeline/results/training/short_searching_2.5x2.5_tiling.csv

source = [78.2841, 135], n_src_events = 567, n_bkg_events = 665
Loaded 94 entries (unique=94, duplicates=0, missing=49058, out_of_bounds=0, non-finite=0)
Sum(prob) over finite entries = 0.999999
init sum: 0.999999
num pixels: 49152
tile num: 6781
total tile prob: 0.999999
tiles with prob > 0: 20
total tile prob after trim: 0.999999
num tiles after trim: 20
init_pos: 6662
*********running GCP*********
total time (wallclock): 0.0324799 seconds

$ /home/daisy/GRB-Search-Pipeline/search-planning/build/sp_train /home/daisy/GRB-Search-Pipeline/results/training/maps/short/adapt_p11-715852394892384_a135-0_493_map.h5 /home/daisy/GRB-Search-Pipeline/search-planning/tilings/tiling_files/2.5x2.5_tiling.csv 6695 10.0 10.0 5.0 0 /home/daisy/GRB-Search-Pipeline/results/training/short_searching_2.5x2.5_tiling.csv
Input Parameters:
  file        = /home/daisy/GRB-Search-Pipeline/results/training/maps/short/adapt_p11-715852394892384_a135-0_493_map.h5
  source_tile = 6695
  slew_rate   = 10
  dwell_time  = 5
  output      = /home/daisy/GRB-Search-Pipeline/results/training/short_searching_2.5x2.5_tiling.csv

source = [78.2841, 135], n_src_events = 226, n_bkg_events = 758
Loaded 379 entries (unique=379, duplicates=0, missing=48773, out_of_bounds=0, non-finite=0)
Sum(prob) over finite entries = 0.999999
init sum: 0.999999
num pixels: 49152
tile num: 6781
total tile prob: 0.999999
tiles with prob > 0: 68
total tile prob after trim: 0.999999
num tiles after trim: 68
init_pos: 6695
*********running GCP*********
total time (wallclock): 0.0305117 seconds

$ /home/daisy/GRB-Search-Pipeline/search-planning/build/sp_train /home/daisy/GRB-Search-Pipeline/results/training/maps/short/adapt_p11-715852394892384_a135-0_494_map.h5 /home/daisy/GRB-Search-Pipeline/search-planning/tilings/tiling_files/2.5x2.5_tiling.csv 6695 10.0 10.0 5.0 0 /home/daisy/GRB-Search-Pipeline/results/training/short_searching_2.5x2.5_tiling.csv
Input Parameters:
  file        = /home/daisy/GRB-Search-Pipeline/results/training/maps/short/adapt_p11-715852394892384_a135-0_494_map.h5
  source_tile = 6695
  slew_rate   = 10
  dwell_time  = 5
  output      = /home/daisy/GRB-Search-Pipeline/results/training/short_searching_2.5x2.5_tiling.csv

source = [78.2841, 135], n_src_events = 246, n_bkg_events = 1613
Loaded 2249 entries (unique=2249, duplicates=0, missing=46903, out_of_bounds=0, non-finite=0)
Sum(prob) over finite entries = 0.999991
init sum: 0.999991
num pixels: 49152
tile num: 6781
total tile prob: 0.999991
tiles with prob > 0: 371
total tile prob after trim: 0.999991
num tiles after trim: 371
init_pos: 6752
*********running GCP*********
total time (wallclock): 0.0571937 seconds

$ /home/daisy/GRB-Search-Pipeline/search-planning/build/sp_train /home/daisy/GRB-Search-Pipeline/results/training/maps/short/adapt_p11-715852394892384_a135-0_495_map.h5 /home/daisy/GRB-Search-Pipeline/search-planning/tilings/tiling_files/2.5x2.5_tiling.csv 6695 10.0 10.0 5.0 0 /home/daisy/GRB-Search-Pipeline/results/training/short_searching_2.5x2.5_tiling.csv
Input Parameters:
  file        = /home/daisy/GRB-Search-Pipeline/results/training/maps/short/adapt_p11-715852394892384_a135-0_495_map.h5
  source_tile = 6695
  slew_rate   = 10
  dwell_time  = 5
  output      = /home/daisy/GRB-Search-Pipeline/results/training/short_searching_2.5x2.5_tiling.csv

source = [78.2841, 135], n_src_events = 143, n_bkg_events = 1430
Loaded 1950 entries (unique=1950, duplicates=0, missing=47202, out_of_bounds=0, non-finite=0)
Sum(prob) over finite entries = 0.999991
init sum: 0.999991
num pixels: 49152
tile num: 6781
total tile prob: 0.999991
tiles with prob > 0: 317
total tile prob after trim: 0.999991
num tiles after trim: 317
init_pos: 6354
*********running GCP*********
total time (wallclock): 0.201713 seconds

$ /home/daisy/GRB-Search-Pipeline/search-planning/build/sp_train /home/daisy/GRB-Search-Pipeline/results/training/maps/short/adapt_p11-715852394892384_a135-0_496_map.h5 /home/daisy/GRB-Search-Pipeline/search-planning/tilings/tiling_files/2.5x2.5_tiling.csv 6695 10.0 10.0 5.0 0 /home/daisy/GRB-Search-Pipeline/results/training/short_searching_2.5x2.5_tiling.csv
Input Parameters:
  file        = /home/daisy/GRB-Search-Pipeline/results/training/maps/short/adapt_p11-715852394892384_a135-0_496_map.h5
  source_tile = 6695
  slew_rate   = 10
  dwell_time  = 5
  output      = /home/daisy/GRB-Search-Pipeline/results/training/short_searching_2.5x2.5_tiling.csv

source = [78.2841, 135], n_src_events = 604, n_bkg_events = 1457
Loaded 80 entries (unique=80, duplicates=0, missing=49072, out_of_bounds=0, non-finite=0)
Sum(prob) over finite entries = 0.999999
init sum: 0.999999
num pixels: 49152
tile num: 6781
total tile prob: 0.999999
tiles with prob > 0: 16
total tile prob after trim: 0.999999
num tiles after trim: 16
init_pos: 6617
*********running GCP*********
total time (wallclock): 0.0327239 seconds

$ /home/daisy/GRB-Search-Pipeline/search-planning/build/sp_train /home/daisy/GRB-Search-Pipeline/results/training/maps/short/adapt_p11-715852394892384_a135-0_497_map.h5 /home/daisy/GRB-Search-Pipeline/search-planning/tilings/tiling_files/2.5x2.5_tiling.csv 6695 10.0 10.0 5.0 0 /home/daisy/GRB-Search-Pipeline/results/training/short_searching_2.5x2.5_tiling.csv
Input Parameters:
  file        = /home/daisy/GRB-Search-Pipeline/results/training/maps/short/adapt_p11-715852394892384_a135-0_497_map.h5
  source_tile = 6695
  slew_rate   = 10
  dwell_time  = 5
  output      = /home/daisy/GRB-Search-Pipeline/results/training/short_searching_2.5x2.5_tiling.csv

source = [78.2841, 135], n_src_events = 702, n_bkg_events = 1465
Loaded 88 entries (unique=88, duplicates=0, missing=49064, out_of_bounds=0, non-finite=0)
Sum(prob) over finite entries = 0.999998
init sum: 0.999998
num pixels: 49152
tile num: 6781
total tile prob: 0.999998
tiles with prob > 0: 19
total tile prob after trim: 0.999998
num tiles after trim: 19
init_pos: 6617
*********running GCP*********
total time (wallclock): 0.0324381 seconds

$ /home/daisy/GRB-Search-Pipeline/search-planning/build/sp_train /home/daisy/GRB-Search-Pipeline/results/training/maps/short/adapt_p11-715852394892384_a135-0_498_map.h5 /home/daisy/GRB-Search-Pipeline/search-planning/tilings/tiling_files/2.5x2.5_tiling.csv 6695 10.0 10.0 5.0 0 /home/daisy/GRB-Search-Pipeline/results/training/short_searching_2.5x2.5_tiling.csv
Input Parameters:
  file        = /home/daisy/GRB-Search-Pipeline/results/training/maps/short/adapt_p11-715852394892384_a135-0_498_map.h5
  source_tile = 6695
  slew_rate   = 10
  dwell_time  = 5
  output      = /home/daisy/GRB-Search-Pipeline/results/training/short_searching_2.5x2.5_tiling.csv

source = [78.2841, 135], n_src_events = 748, n_bkg_events = 436
Loaded 61 entries (unique=61, duplicates=0, missing=49091, out_of_bounds=0, non-finite=0)
Sum(prob) over finite entries = 0.999999
init sum: 0.999999
num pixels: 49152
tile num: 6781
total tile prob: 0.999999
tiles with prob > 0: 15
total tile prob after trim: 0.999999
num tiles after trim: 15
init_pos: 6659
*********running GCP*********
total time (wallclock): 0.0320585 seconds

$ /home/daisy/GRB-Search-Pipeline/search-planning/build/sp_train /home/daisy/GRB-Search-Pipeline/results/training/maps/short/adapt_p11-715852394892384_a135-0_499_map.h5 /home/daisy/GRB-Search-Pipeline/search-planning/tilings/tiling_files/2.5x2.5_tiling.csv 6695 10.0 10.0 5.0 0 /home/daisy/GRB-Search-Pipeline/results/training/short_searching_2.5x2.5_tiling.csv
Input Parameters:
  file        = /home/daisy/GRB-Search-Pipeline/results/training/maps/short/adapt_p11-715852394892384_a135-0_499_map.h5
  source_tile = 6695
  slew_rate   = 10
  dwell_time  = 5
  output      = /home/daisy/GRB-Search-Pipeline/results/training/short_searching_2.5x2.5_tiling.csv

source = [78.2841, 135], n_src_events = 734, n_bkg_events = 1531
Loaded 73 entries (unique=73, duplicates=0, missing=49079, out_of_bounds=0, non-finite=0)
Sum(prob) over finite entries = 0.999998
init sum: 0.999998
num pixels: 49152
tile num: 6781
total tile prob: 0.999998
tiles with prob > 0: 17
total tile prob after trim: 0.999998
num tiles after trim: 17
init_pos: 6620
*********running GCP*********
total time (wallclock): 0.0334876 seconds

$ /home/daisy/GRB-Search-Pipeline/search-planning/build/sp_train /home/daisy/GRB-Search-Pipeline/results/training/maps/short/adapt_p11-715852394892384_a135-0_49_map.h5 /home/daisy/GRB-Search-Pipeline/search-planning/tilings/tiling_files/2.5x2.5_tiling.csv 6695 10.0 10.0 5.0 0 /home/daisy/GRB-Search-Pipeline/results/training/short_searching_2.5x2.5_tiling.csv
Input Parameters:
  file        = /home/daisy/GRB-Search-Pipeline/results/training/maps/short/adapt_p11-715852394892384_a135-0_49_map.h5
  source_tile = 6695
  slew_rate   = 10
  dwell_time  = 5
  output      = /home/daisy/GRB-Search-Pipeline/results/training/short_searching_2.5x2.5_tiling.csv

source = [78.2841, 135], n_src_events = 509, n_bkg_events = 558
Loaded 119 entries (unique=119, duplicates=0, missing=49033, out_of_bounds=0, non-finite=0)
Sum(prob) over finite entries = 0.999998
init sum: 0.999998
num pixels: 49152
tile num: 6781
total tile prob: 0.999998
tiles with prob > 0: 25
total tile prob after trim: 0.999998
num tiles after trim: 25
init_pos: 6658
*********running GCP*********
total time (wallclock): 0.0322539 seconds

$ /home/daisy/GRB-Search-Pipeline/search-planning/build/sp_train /home/daisy/GRB-Search-Pipeline/results/training/maps/short/adapt_p11-715852394892384_a135-0_4_map.h5 /home/daisy/GRB-Search-Pipeline/search-planning/tilings/tiling_files/2.5x2.5_tiling.csv 6695 10.0 10.0 5.0 0 /home/daisy/GRB-Search-Pipeline/results/training/short_searching_2.5x2.5_tiling.csv
Input Parameters:
  file        = /home/daisy/GRB-Search-Pipeline/results/training/maps/short/adapt_p11-715852394892384_a135-0_4_map.h5
  source_tile = 6695
  slew_rate   = 10
  dwell_time  = 5
  output      = /home/daisy/GRB-Search-Pipeline/results/training/short_searching_2.5x2.5_tiling.csv

source = [78.2841, 135], n_src_events = 447, n_bkg_events = 392
Loaded 85 entries (unique=85, duplicates=0, missing=49067, out_of_bounds=0, non-finite=0)
Sum(prob) over finite entries = 0.999999
init sum: 0.999999
num pixels: 49152
tile num: 6781
total tile prob: 0.999999
tiles with prob > 0: 18
total tile prob after trim: 0.999999
num tiles after trim: 18
init_pos: 6618
*********running GCP*********
total time (wallclock): 0.0325504 seconds

$ /home/daisy/GRB-Search-Pipeline/search-planning/build/sp_train /home/daisy/GRB-Search-Pipeline/results/training/maps/short/adapt_p11-715852394892384_a135-0_500_map.h5 /home/daisy/GRB-Search-Pipeline/search-planning/tilings/tiling_files/2.5x2.5_tiling.csv 6695 10.0 10.0 5.0 0 /home/daisy/GRB-Search-Pipeline/results/training/short_searching_2.5x2.5_tiling.csv
Input Parameters:
  file        = /home/daisy/GRB-Search-Pipeline/results/training/maps/short/adapt_p11-715852394892384_a135-0_500_map.h5
  source_tile = 6695
  slew_rate   = 10
  dwell_time  = 5
  output      = /home/daisy/GRB-Search-Pipeline/results/training/short_searching_2.5x2.5_tiling.csv

source = [78.2841, 135], n_src_events = 581, n_bkg_events = 1438
Loaded 114 entries (unique=114, duplicates=0, missing=49038, out_of_bounds=0, non-finite=0)
Sum(prob) over finite entries = 0.999999
init sum: 0.999999
num pixels: 49152
tile num: 6781
total tile prob: 0.999999
tiles with prob > 0: 24
total tile prob after trim: 0.999999
num tiles after trim: 24
init_pos: 6727
*********running GCP*********
total time (wallclock): 0.0334845 seconds

$ /home/daisy/GRB-Search-Pipeline/search-planning/build/sp_train /home/daisy/GRB-Search-Pipeline/results/training/maps/short/adapt_p11-715852394892384_a135-0_501_map.h5 /home/daisy/GRB-Search-Pipeline/search-planning/tilings/tiling_files/2.5x2.5_tiling.csv 6695 10.0 10.0 5.0 0 /home/daisy/GRB-Search-Pipeline/results/training/short_searching_2.5x2.5_tiling.csv
Input Parameters:
  file        = /home/daisy/GRB-Search-Pipeline/results/training/maps/short/adapt_p11-715852394892384_a135-0_501_map.h5
  source_tile = 6695
  slew_rate   = 10
  dwell_time  = 5
  output      = /home/daisy/GRB-Search-Pipeline/results/training/short_searching_2.5x2.5_tiling.csv

source = [78.2841, 135], n_src_events = 639, n_bkg_events = 311
Loaded 91 entries (unique=91, duplicates=0, missing=49061, out_of_bounds=0, non-finite=0)
Sum(prob) over finite entries = 0.999999
init sum: 0.999999
num pixels: 49152
tile num: 6781
total tile prob: 0.999999
tiles with prob > 0: 23
total tile prob after trim: 0.999999
num tiles after trim: 23
init_pos: 6659
*********running GCP*********
total time (wallclock): 0.0312489 seconds

$ /home/daisy/GRB-Search-Pipeline/search-planning/build/sp_train /home/daisy/GRB-Search-Pipeline/results/training/maps/short/adapt_p11-715852394892384_a135-0_502_map.h5 /home/daisy/GRB-Search-Pipeline/search-planning/tilings/tiling_files/2.5x2.5_tiling.csv 6695 10.0 10.0 5.0 0 /home/daisy/GRB-Search-Pipeline/results/training/short_searching_2.5x2.5_tiling.csv
Input Parameters:
  file        = /home/daisy/GRB-Search-Pipeline/results/training/maps/short/adapt_p11-715852394892384_a135-0_502_map.h5
  source_tile = 6695
  slew_rate   = 10
  dwell_time  = 5
  output      = /home/daisy/GRB-Search-Pipeline/results/training/short_searching_2.5x2.5_tiling.csv

source = [78.2841, 135], n_src_events = 488, n_bkg_events = 277
Loaded 119 entries (unique=119, duplicates=0, missing=49033, out_of_bounds=0, non-finite=0)
Sum(prob) over finite entries = 0.999998
init sum: 0.999998
num pixels: 49152
tile num: 6781
total tile prob: 0.999998
tiles with prob > 0: 26
total tile prob after trim: 0.999998
num tiles after trim: 26
init_pos: 6728
*********running GCP*********
total time (wallclock): 0.0325816 seconds

$ /home/daisy/GRB-Search-Pipeline/search-planning/build/sp_train /home/daisy/GRB-Search-Pipeline/results/training/maps/short/adapt_p11-715852394892384_a135-0_503_map.h5 /home/daisy/GRB-Search-Pipeline/search-planning/tilings/tiling_files/2.5x2.5_tiling.csv 6695 10.0 10.0 5.0 0 /home/daisy/GRB-Search-Pipeline/results/training/short_searching_2.5x2.5_tiling.csv
Input Parameters:
  file        = /home/daisy/GRB-Search-Pipeline/results/training/maps/short/adapt_p11-715852394892384_a135-0_503_map.h5
  source_tile = 6695
  slew_rate   = 10
  dwell_time  = 5
  output      = /home/daisy/GRB-Search-Pipeline/results/training/short_searching_2.5x2.5_tiling.csv

source = [78.2841, 135], n_src_events = 803, n_bkg_events = 1397
Loaded 56 entries (unique=56, duplicates=0, missing=49096, out_of_bounds=0, non-finite=0)
Sum(prob) over finite entries = 0.999999
init sum: 0.999999
num pixels: 49152
tile num: 6781
total tile prob: 0.999999
tiles with prob > 0: 13
total tile prob after trim: 0.999999
num tiles after trim: 13
init_pos: 6616
*********running GCP*********
total time (wallclock): 0.0332948 seconds

$ /home/daisy/GRB-Search-Pipeline/search-planning/build/sp_train /home/daisy/GRB-Search-Pipeline/results/training/maps/short/adapt_p11-715852394892384_a135-0_504_map.h5 /home/daisy/GRB-Search-Pipeline/search-planning/tilings/tiling_files/2.5x2.5_tiling.csv 6695 10.0 10.0 5.0 0 /home/daisy/GRB-Search-Pipeline/results/training/short_searching_2.5x2.5_tiling.csv
Input Parameters:
  file        = /home/daisy/GRB-Search-Pipeline/results/training/maps/short/adapt_p11-715852394892384_a135-0_504_map.h5
  source_tile = 6695
  slew_rate   = 10
  dwell_time  = 5
  output      = /home/daisy/GRB-Search-Pipeline/results/training/short_searching_2.5x2.5_tiling.csv

source = [78.2841, 135], n_src_events = 248, n_bkg_events = 1251
Loaded 240 entries (unique=240, duplicates=0, missing=48912, out_of_bounds=0, non-finite=0)
Sum(prob) over finite entries = 0.999999
init sum: 0.999999
num pixels: 49152
tile num: 6781
total tile prob: 0.999999
tiles with prob > 0: 46
total tile prob after trim: 0.999999
num tiles after trim: 46
init_pos: 6694
*********running GCP*********
total time (wallclock): 0.0318725 seconds

$ /home/daisy/GRB-Search-Pipeline/search-planning/build/sp_train /home/daisy/GRB-Search-Pipeline/results/training/maps/short/adapt_p11-715852394892384_a135-0_505_map.h5 /home/daisy/GRB-Search-Pipeline/search-planning/tilings/tiling_files/2.5x2.5_tiling.csv 6695 10.0 10.0 5.0 0 /home/daisy/GRB-Search-Pipeline/results/training/short_searching_2.5x2.5_tiling.csv
Input Parameters:
  file        = /home/daisy/GRB-Search-Pipeline/results/training/maps/short/adapt_p11-715852394892384_a135-0_505_map.h5
  source_tile = 6695
  slew_rate   = 10
  dwell_time  = 5
  output      = /home/daisy/GRB-Search-Pipeline/results/training/short_searching_2.5x2.5_tiling.csv

source = [78.2841, 135], n_src_events = 325, n_bkg_events = 1491
Loaded 313 entries (unique=313, duplicates=0, missing=48839, out_of_bounds=0, non-finite=0)
Sum(prob) over finite entries = 0.999999
init sum: 0.999999
num pixels: 49152
tile num: 6781
total tile prob: 0.999999
tiles with prob > 0: 62
total tile prob after trim: 0.999999
num tiles after trim: 62
init_pos: 6662
*********running GCP*********
total time (wallclock): 0.0324525 seconds

$ /home/daisy/GRB-Search-Pipeline/search-planning/build/sp_train /home/daisy/GRB-Search-Pipeline/results/training/maps/short/adapt_p11-715852394892384_a135-0_506_map.h5 /home/daisy/GRB-Search-Pipeline/search-planning/tilings/tiling_files/2.5x2.5_tiling.csv 6695 10.0 10.0 5.0 0 /home/daisy/GRB-Search-Pipeline/results/training/short_searching_2.5x2.5_tiling.csv
Input Parameters:
  file        = /home/daisy/GRB-Search-Pipeline/results/training/maps/short/adapt_p11-715852394892384_a135-0_506_map.h5
  source_tile = 6695
  slew_rate   = 10
  dwell_time  = 5
  output      = /home/daisy/GRB-Search-Pipeline/results/training/short_searching_2.5x2.5_tiling.csv

source = [78.2841, 135], n_src_events = 436, n_bkg_events = 1814
Loaded 130 entries (unique=130, duplicates=0, missing=49022, out_of_bounds=0, non-finite=0)
Sum(prob) over finite entries = 0.999999
init sum: 0.999999
num pixels: 49152
tile num: 6781
total tile prob: 0.999999
tiles with prob > 0: 27
total tile prob after trim: 0.999999
num tiles after trim: 27
init_pos: 6663
*********running GCP*********
total time (wallclock): 0.0378603 seconds

$ /home/daisy/GRB-Search-Pipeline/search-planning/build/sp_train /home/daisy/GRB-Search-Pipeline/results/training/maps/short/adapt_p11-715852394892384_a135-0_507_map.h5 /home/daisy/GRB-Search-Pipeline/search-planning/tilings/tiling_files/2.5x2.5_tiling.csv 6695 10.0 10.0 5.0 0 /home/daisy/GRB-Search-Pipeline/results/training/short_searching_2.5x2.5_tiling.csv
Input Parameters:
  file        = /home/daisy/GRB-Search-Pipeline/results/training/maps/short/adapt_p11-715852394892384_a135-0_507_map.h5
  source_tile = 6695
  slew_rate   = 10
  dwell_time  = 5
  output      = /home/daisy/GRB-Search-Pipeline/results/training/short_searching_2.5x2.5_tiling.csv

source = [78.2841, 135], n_src_events = 767, n_bkg_events = 477
Loaded 47 entries (unique=47, duplicates=0, missing=49105, out_of_bounds=0, non-finite=0)
Sum(prob) over finite entries = 0.999999
init sum: 0.999999
num pixels: 49152
tile num: 6781
total tile prob: 0.999999
tiles with prob > 0: 11
total tile prob after trim: 0.999999
num tiles after trim: 11
init_pos: 6696
*********running GCP*********
total time (wallclock): 0.0333519 seconds

$ /home/daisy/GRB-Search-Pipeline/search-planning/build/sp_train /home/daisy/GRB-Search-Pipeline/results/training/maps/short/adapt_p11-715852394892384_a135-0_508_map.h5 /home/daisy/GRB-Search-Pipeline/search-planning/tilings/tiling_files/2.5x2.5_tiling.csv 6695 10.0 10.0 5.0 0 /home/daisy/GRB-Search-Pipeline/results/training/short_searching_2.5x2.5_tiling.csv
Input Parameters:
  file        = /home/daisy/GRB-Search-Pipeline/results/training/maps/short/adapt_p11-715852394892384_a135-0_508_map.h5
  source_tile = 6695
  slew_rate   = 10
  dwell_time  = 5
  output      = /home/daisy/GRB-Search-Pipeline/results/training/short_searching_2.5x2.5_tiling.csv

source = [78.2841, 135], n_src_events = 470, n_bkg_events = 1035
Loaded 161 entries (unique=161, duplicates=0, missing=48991, out_of_bounds=0, non-finite=0)
Sum(prob) over finite entries = 0.999997
init sum: 0.999997
num pixels: 49152
tile num: 6781
total tile prob: 0.999997
tiles with prob > 0: 34
total tile prob after trim: 0.999997
num tiles after trim: 34
init_pos: 6618
*********running GCP*********
total time (wallclock): 0.0323892 seconds

$ /home/daisy/GRB-Search-Pipeline/search-planning/build/sp_train /home/daisy/GRB-Search-Pipeline/results/training/maps/short/adapt_p11-715852394892384_a135-0_509_map.h5 /home/daisy/GRB-Search-Pipeline/search-planning/tilings/tiling_files/2.5x2.5_tiling.csv 6695 10.0 10.0 5.0 0 /home/daisy/GRB-Search-Pipeline/results/training/short_searching_2.5x2.5_tiling.csv
Input Parameters:
  file        = /home/daisy/GRB-Search-Pipeline/results/training/maps/short/adapt_p11-715852394892384_a135-0_509_map.h5
  source_tile = 6695
  slew_rate   = 10
  dwell_time  = 5
  output      = /home/daisy/GRB-Search-Pipeline/results/training/short_searching_2.5x2.5_tiling.csv

source = [78.2841, 135], n_src_events = 252, n_bkg_events = 823
Loaded 482 entries (unique=482, duplicates=0, missing=48670, out_of_bounds=0, non-finite=0)
Sum(prob) over finite entries = 0.999998
init sum: 0.999998
num pixels: 49152
tile num: 6781
total tile prob: 0.999998
tiles with prob > 0: 85
total tile prob after trim: 0.999998
num tiles after trim: 85
init_pos: 6726
*********running GCP*********
total time (wallclock): 0.0392096 seconds

$ /home/daisy/GRB-Search-Pipeline/search-planning/build/sp_train /home/daisy/GRB-Search-Pipeline/results/training/maps/short/adapt_p11-715852394892384_a135-0_50_map.h5 /home/daisy/GRB-Search-Pipeline/search-planning/tilings/tiling_files/2.5x2.5_tiling.csv 6695 10.0 10.0 5.0 0 /home/daisy/GRB-Search-Pipeline/results/training/short_searching_2.5x2.5_tiling.csv
Input Parameters:
  file        = /home/daisy/GRB-Search-Pipeline/results/training/maps/short/adapt_p11-715852394892384_a135-0_50_map.h5
  source_tile = 6695
  slew_rate   = 10
  dwell_time  = 5
  output      = /home/daisy/GRB-Search-Pipeline/results/training/short_searching_2.5x2.5_tiling.csv

source = [78.2841, 135], n_src_events = 763, n_bkg_events = 592
Loaded 57 entries (unique=57, duplicates=0, missing=49095, out_of_bounds=0, non-finite=0)
Sum(prob) over finite entries = 0.999999
init sum: 0.999999
num pixels: 49152
tile num: 6781
total tile prob: 0.999999
tiles with prob > 0: 14
total tile prob after trim: 0.999999
num tiles after trim: 14
init_pos: 6617
*********running GCP*********
total time (wallclock): 0.0341636 seconds

$ /home/daisy/GRB-Search-Pipeline/search-planning/build/sp_train /home/daisy/GRB-Search-Pipeline/results/training/maps/short/adapt_p11-715852394892384_a135-0_510_map.h5 /home/daisy/GRB-Search-Pipeline/search-planning/tilings/tiling_files/2.5x2.5_tiling.csv 6695 10.0 10.0 5.0 0 /home/daisy/GRB-Search-Pipeline/results/training/short_searching_2.5x2.5_tiling.csv
Input Parameters:
  file        = /home/daisy/GRB-Search-Pipeline/results/training/maps/short/adapt_p11-715852394892384_a135-0_510_map.h5
  source_tile = 6695
  slew_rate   = 10
  dwell_time  = 5
  output      = /home/daisy/GRB-Search-Pipeline/results/training/short_searching_2.5x2.5_tiling.csv

source = [78.2841, 135], n_src_events = 641, n_bkg_events = 1641
Loaded 136 entries (unique=136, duplicates=0, missing=49016, out_of_bounds=0, non-finite=0)
Sum(prob) over finite entries = 0.999998
init sum: 0.999998
num pixels: 49152
tile num: 6781
total tile prob: 0.999998
tiles with prob > 0: 28
total tile prob after trim: 0.999998
num tiles after trim: 28
init_pos: 6618
*********running GCP*********
total time (wallclock): 0.0324986 seconds

$ /home/daisy/GRB-Search-Pipeline/search-planning/build/sp_train /home/daisy/GRB-Search-Pipeline/results/training/maps/short/adapt_p11-715852394892384_a135-0_511_map.h5 /home/daisy/GRB-Search-Pipeline/search-planning/tilings/tiling_files/2.5x2.5_tiling.csv 6695 10.0 10.0 5.0 0 /home/daisy/GRB-Search-Pipeline/results/training/short_searching_2.5x2.5_tiling.csv
Input Parameters:
  file        = /home/daisy/GRB-Search-Pipeline/results/training/maps/short/adapt_p11-715852394892384_a135-0_511_map.h5
  source_tile = 6695
  slew_rate   = 10
  dwell_time  = 5
  output      = /home/daisy/GRB-Search-Pipeline/results/training/short_searching_2.5x2.5_tiling.csv

source = [78.2841, 135], n_src_events = 659, n_bkg_events = 403
Loaded 61 entries (unique=61, duplicates=0, missing=49091, out_of_bounds=0, non-finite=0)
Sum(prob) over finite entries = 0.999999
init sum: 0.999999
num pixels: 49152
tile num: 6781
total tile prob: 0.999999
tiles with prob > 0: 15
total tile prob after trim: 0.999999
num tiles after trim: 15
init_pos: 6662
*********running GCP*********
total time (wallclock): 0.0336855 seconds

$ /home/daisy/GRB-Search-Pipeline/search-planning/build/sp_train /home/daisy/GRB-Search-Pipeline/results/training/maps/short/adapt_p11-715852394892384_a135-0_512_map.h5 /home/daisy/GRB-Search-Pipeline/search-planning/tilings/tiling_files/2.5x2.5_tiling.csv 6695 10.0 10.0 5.0 0 /home/daisy/GRB-Search-Pipeline/results/training/short_searching_2.5x2.5_tiling.csv
Input Parameters:
  file        = /home/daisy/GRB-Search-Pipeline/results/training/maps/short/adapt_p11-715852394892384_a135-0_512_map.h5
  source_tile = 6695
  slew_rate   = 10
  dwell_time  = 5
  output      = /home/daisy/GRB-Search-Pipeline/results/training/short_searching_2.5x2.5_tiling.csv

source = [78.2841, 135], n_src_events = 602, n_bkg_events = 1473
Loaded 116 entries (unique=116, duplicates=0, missing=49036, out_of_bounds=0, non-finite=0)
Sum(prob) over finite entries = 0.999998
init sum: 0.999998
num pixels: 49152
tile num: 6781
total tile prob: 0.999998
tiles with prob > 0: 26
total tile prob after trim: 0.999998
num tiles after trim: 26
init_pos: 6697
*********running GCP*********
total time (wallclock): 0.0331889 seconds

$ /home/daisy/GRB-Search-Pipeline/search-planning/build/sp_train /home/daisy/GRB-Search-Pipeline/results/training/maps/short/adapt_p11-715852394892384_a135-0_513_map.h5 /home/daisy/GRB-Search-Pipeline/search-planning/tilings/tiling_files/2.5x2.5_tiling.csv 6695 10.0 10.0 5.0 0 /home/daisy/GRB-Search-Pipeline/results/training/short_searching_2.5x2.5_tiling.csv
Input Parameters:
  file        = /home/daisy/GRB-Search-Pipeline/results/training/maps/short/adapt_p11-715852394892384_a135-0_513_map.h5
  source_tile = 6695
  slew_rate   = 10
  dwell_time  = 5
  output      = /home/daisy/GRB-Search-Pipeline/results/training/short_searching_2.5x2.5_tiling.csv

source = [78.2841, 135], n_src_events = 108, n_bkg_events = 1012
Loaded 2606 entries (unique=2606, duplicates=0, missing=46546, out_of_bounds=0, non-finite=0)
Sum(prob) over finite entries = 0.999996
init sum: 0.999996
num pixels: 49152
tile num: 6781
total tile prob: 0.999996
tiles with prob > 0: 426
total tile prob after trim: 0.999996
num tiles after trim: 426
init_pos: 6587
*********running GCP*********
total time (wallclock): 0.0784294 seconds

$ /home/daisy/GRB-Search-Pipeline/search-planning/build/sp_train /home/daisy/GRB-Search-Pipeline/results/training/maps/short/adapt_p11-715852394892384_a135-0_514_map.h5 /home/daisy/GRB-Search-Pipeline/search-planning/tilings/tiling_files/2.5x2.5_tiling.csv 6695 10.0 10.0 5.0 0 /home/daisy/GRB-Search-Pipeline/results/training/short_searching_2.5x2.5_tiling.csv
Input Parameters:
  file        = /home/daisy/GRB-Search-Pipeline/results/training/maps/short/adapt_p11-715852394892384_a135-0_514_map.h5
  source_tile = 6695
  slew_rate   = 10
  dwell_time  = 5
  output      = /home/daisy/GRB-Search-Pipeline/results/training/short_searching_2.5x2.5_tiling.csv

source = [78.2841, 135], n_src_events = 628, n_bkg_events = 410
Loaded 64 entries (unique=64, duplicates=0, missing=49088, out_of_bounds=0, non-finite=0)
Sum(prob) over finite entries = 0.999999
init sum: 0.999999
num pixels: 49152
tile num: 6781
total tile prob: 0.999999
tiles with prob > 0: 16
total tile prob after trim: 0.999999
num tiles after trim: 16
init_pos: 6660
*********running GCP*********
total time (wallclock): 0.0330807 seconds

$ /home/daisy/GRB-Search-Pipeline/search-planning/build/sp_train /home/daisy/GRB-Search-Pipeline/results/training/maps/short/adapt_p11-715852394892384_a135-0_515_map.h5 /home/daisy/GRB-Search-Pipeline/search-planning/tilings/tiling_files/2.5x2.5_tiling.csv 6695 10.0 10.0 5.0 0 /home/daisy/GRB-Search-Pipeline/results/training/short_searching_2.5x2.5_tiling.csv
Input Parameters:
  file        = /home/daisy/GRB-Search-Pipeline/results/training/maps/short/adapt_p11-715852394892384_a135-0_515_map.h5
  source_tile = 6695
  slew_rate   = 10
  dwell_time  = 5
  output      = /home/daisy/GRB-Search-Pipeline/results/training/short_searching_2.5x2.5_tiling.csv

source = [78.2841, 135], n_src_events = 276, n_bkg_events = 427
Loaded 162 entries (unique=162, duplicates=0, missing=48990, out_of_bounds=0, non-finite=0)
Sum(prob) over finite entries = 0.999999
init sum: 0.999999
num pixels: 49152
tile num: 6781
total tile prob: 0.999999
tiles with prob > 0: 31
total tile prob after trim: 0.999999
num tiles after trim: 31
init_pos: 6619
*********running GCP*********
total time (wallclock): 0.0346036 seconds

$ /home/daisy/GRB-Search-Pipeline/search-planning/build/sp_train /home/daisy/GRB-Search-Pipeline/results/training/maps/short/adapt_p11-715852394892384_a135-0_516_map.h5 /home/daisy/GRB-Search-Pipeline/search-planning/tilings/tiling_files/2.5x2.5_tiling.csv 6695 10.0 10.0 5.0 0 /home/daisy/GRB-Search-Pipeline/results/training/short_searching_2.5x2.5_tiling.csv
Input Parameters:
  file        = /home/daisy/GRB-Search-Pipeline/results/training/maps/short/adapt_p11-715852394892384_a135-0_516_map.h5
  source_tile = 6695
  slew_rate   = 10
  dwell_time  = 5
  output      = /home/daisy/GRB-Search-Pipeline/results/training/short_searching_2.5x2.5_tiling.csv

source = [78.2841, 135], n_src_events = 524, n_bkg_events = 1443
Loaded 184 entries (unique=184, duplicates=0, missing=48968, out_of_bounds=0, non-finite=0)
Sum(prob) over finite entries = 0.999998
init sum: 0.999998
num pixels: 49152
tile num: 6781
total tile prob: 0.999998
tiles with prob > 0: 36
total tile prob after trim: 0.999998
num tiles after trim: 36
init_pos: 6695
*********running GCP*********
total time (wallclock): 0.0310293 seconds

$ /home/daisy/GRB-Search-Pipeline/search-planning/build/sp_train /home/daisy/GRB-Search-Pipeline/results/training/maps/short/adapt_p11-715852394892384_a135-0_517_map.h5 /home/daisy/GRB-Search-Pipeline/search-planning/tilings/tiling_files/2.5x2.5_tiling.csv 6695 10.0 10.0 5.0 0 /home/daisy/GRB-Search-Pipeline/results/training/short_searching_2.5x2.5_tiling.csv
Input Parameters:
  file        = /home/daisy/GRB-Search-Pipeline/results/training/maps/short/adapt_p11-715852394892384_a135-0_517_map.h5
  source_tile = 6695
  slew_rate   = 10
  dwell_time  = 5
  output      = /home/daisy/GRB-Search-Pipeline/results/training/short_searching_2.5x2.5_tiling.csv

source = [78.2841, 135], n_src_events = 328, n_bkg_events = 1244
Loaded 531 entries (unique=531, duplicates=0, missing=48621, out_of_bounds=0, non-finite=0)
Sum(prob) over finite entries = 0.999999
init sum: 0.999999
num pixels: 49152
tile num: 6781
total tile prob: 0.999999
tiles with prob > 0: 99
total tile prob after trim: 0.999999
num tiles after trim: 99
init_pos: 6662
*********running GCP*********
total time (wallclock): 0.0331514 seconds

$ /home/daisy/GRB-Search-Pipeline/search-planning/build/sp_train /home/daisy/GRB-Search-Pipeline/results/training/maps/short/adapt_p11-715852394892384_a135-0_518_map.h5 /home/daisy/GRB-Search-Pipeline/search-planning/tilings/tiling_files/2.5x2.5_tiling.csv 6695 10.0 10.0 5.0 0 /home/daisy/GRB-Search-Pipeline/results/training/short_searching_2.5x2.5_tiling.csv
Input Parameters:
  file        = /home/daisy/GRB-Search-Pipeline/results/training/maps/short/adapt_p11-715852394892384_a135-0_518_map.h5
  source_tile = 6695
  slew_rate   = 10
  dwell_time  = 5
  output      = /home/daisy/GRB-Search-Pipeline/results/training/short_searching_2.5x2.5_tiling.csv

source = [78.2841, 135], n_src_events = 701, n_bkg_events = 1299
Loaded 76 entries (unique=76, duplicates=0, missing=49076, out_of_bounds=0, non-finite=0)
Sum(prob) over finite entries = 0.999999
init sum: 0.999999
num pixels: 49152
tile num: 6781
total tile prob: 0.999999
tiles with prob > 0: 17
total tile prob after trim: 0.999999
num tiles after trim: 17
init_pos: 6659
*********running GCP*********
total time (wallclock): 0.0322319 seconds

$ /home/daisy/GRB-Search-Pipeline/search-planning/build/sp_train /home/daisy/GRB-Search-Pipeline/results/training/maps/short/adapt_p11-715852394892384_a135-0_519_map.h5 /home/daisy/GRB-Search-Pipeline/search-planning/tilings/tiling_files/2.5x2.5_tiling.csv 6695 10.0 10.0 5.0 0 /home/daisy/GRB-Search-Pipeline/results/training/short_searching_2.5x2.5_tiling.csv
Input Parameters:
  file        = /home/daisy/GRB-Search-Pipeline/results/training/maps/short/adapt_p11-715852394892384_a135-0_519_map.h5
  source_tile = 6695
  slew_rate   = 10
  dwell_time  = 5
  output      = /home/daisy/GRB-Search-Pipeline/results/training/short_searching_2.5x2.5_tiling.csv

source = [78.2841, 135], n_src_events = 350, n_bkg_events = 205
Loaded 111 entries (unique=111, duplicates=0, missing=49041, out_of_bounds=0, non-finite=0)
Sum(prob) over finite entries = 0.999999
init sum: 0.999999
num pixels: 49152
tile num: 6781
total tile prob: 0.999999
tiles with prob > 0: 23
total tile prob after trim: 0.999999
num tiles after trim: 23
init_pos: 6620
*********running GCP*********
total time (wallclock): 0.0376289 seconds

$ /home/daisy/GRB-Search-Pipeline/search-planning/build/sp_train /home/daisy/GRB-Search-Pipeline/results/training/maps/short/adapt_p11-715852394892384_a135-0_51_map.h5 /home/daisy/GRB-Search-Pipeline/search-planning/tilings/tiling_files/2.5x2.5_tiling.csv 6695 10.0 10.0 5.0 0 /home/daisy/GRB-Search-Pipeline/results/training/short_searching_2.5x2.5_tiling.csv
Input Parameters:
  file        = /home/daisy/GRB-Search-Pipeline/results/training/maps/short/adapt_p11-715852394892384_a135-0_51_map.h5
  source_tile = 6695
  slew_rate   = 10
  dwell_time  = 5
  output      = /home/daisy/GRB-Search-Pipeline/results/training/short_searching_2.5x2.5_tiling.csv

source = [78.2841, 135], n_src_events = 110, n_bkg_events = 565
Loaded 905 entries (unique=905, duplicates=0, missing=48247, out_of_bounds=0, non-finite=0)
Sum(prob) over finite entries = 0.999997
init sum: 0.999997
num pixels: 49152
tile num: 6781
total tile prob: 0.999997
tiles with prob > 0: 148
total tile prob after trim: 0.999997
num tiles after trim: 148
init_pos: 6273
*********running GCP*********
total time (wallclock): 0.157766 seconds

$ /home/daisy/GRB-Search-Pipeline/search-planning/build/sp_train /home/daisy/GRB-Search-Pipeline/results/training/maps/short/adapt_p11-715852394892384_a135-0_520_map.h5 /home/daisy/GRB-Search-Pipeline/search-planning/tilings/tiling_files/2.5x2.5_tiling.csv 6695 10.0 10.0 5.0 0 /home/daisy/GRB-Search-Pipeline/results/training/short_searching_2.5x2.5_tiling.csv
Input Parameters:
  file        = /home/daisy/GRB-Search-Pipeline/results/training/maps/short/adapt_p11-715852394892384_a135-0_520_map.h5
  source_tile = 6695
  slew_rate   = 10
  dwell_time  = 5
  output      = /home/daisy/GRB-Search-Pipeline/results/training/short_searching_2.5x2.5_tiling.csv

source = [78.2841, 135], n_src_events = 445, n_bkg_events = 1221
Loaded 263 entries (unique=263, duplicates=0, missing=48889, out_of_bounds=0, non-finite=0)
Sum(prob) over finite entries = 0.999997
init sum: 0.999997
num pixels: 49152
tile num: 6781
total tile prob: 0.999997
tiles with prob > 0: 58
total tile prob after trim: 0.999997
num tiles after trim: 58
init_pos: 6700
*********running GCP*********
total time (wallclock): 0.0392543 seconds

$ /home/daisy/GRB-Search-Pipeline/search-planning/build/sp_train /home/daisy/GRB-Search-Pipeline/results/training/maps/short/adapt_p11-715852394892384_a135-0_521_map.h5 /home/daisy/GRB-Search-Pipeline/search-planning/tilings/tiling_files/2.5x2.5_tiling.csv 6695 10.0 10.0 5.0 0 /home/daisy/GRB-Search-Pipeline/results/training/short_searching_2.5x2.5_tiling.csv
Input Parameters:
  file        = /home/daisy/GRB-Search-Pipeline/results/training/maps/short/adapt_p11-715852394892384_a135-0_521_map.h5
  source_tile = 6695
  slew_rate   = 10
  dwell_time  = 5
  output      = /home/daisy/GRB-Search-Pipeline/results/training/short_searching_2.5x2.5_tiling.csv

source = [78.2841, 135], n_src_events = 462, n_bkg_events = 1447
Loaded 91 entries (unique=91, duplicates=0, missing=49061, out_of_bounds=0, non-finite=0)
Sum(prob) over finite entries = 0.999999
init sum: 0.999999
num pixels: 49152
tile num: 6781
total tile prob: 0.999999
tiles with prob > 0: 20
total tile prob after trim: 0.999999
num tiles after trim: 20
init_pos: 6572
*********running GCP*********
total time (wallclock): 0.0380915 seconds

$ /home/daisy/GRB-Search-Pipeline/search-planning/build/sp_train /home/daisy/GRB-Search-Pipeline/results/training/maps/short/adapt_p11-715852394892384_a135-0_522_map.h5 /home/daisy/GRB-Search-Pipeline/search-planning/tilings/tiling_files/2.5x2.5_tiling.csv 6695 10.0 10.0 5.0 0 /home/daisy/GRB-Search-Pipeline/results/training/short_searching_2.5x2.5_tiling.csv
Input Parameters:
  file        = /home/daisy/GRB-Search-Pipeline/results/training/maps/short/adapt_p11-715852394892384_a135-0_522_map.h5
  source_tile = 6695
  slew_rate   = 10
  dwell_time  = 5
  output      = /home/daisy/GRB-Search-Pipeline/results/training/short_searching_2.5x2.5_tiling.csv

source = [78.2841, 135], n_src_events = 520, n_bkg_events = 1053
Loaded 178 entries (unique=178, duplicates=0, missing=48974, out_of_bounds=0, non-finite=0)
Sum(prob) over finite entries = 0.999998
init sum: 0.999998
num pixels: 49152
tile num: 6781
total tile prob: 0.999998
tiles with prob > 0: 39
total tile prob after trim: 0.999998
num tiles after trim: 39
init_pos: 6727
*********running GCP*********
total time (wallclock): 0.03353 seconds

$ /home/daisy/GRB-Search-Pipeline/search-planning/build/sp_train /home/daisy/GRB-Search-Pipeline/results/training/maps/short/adapt_p11-715852394892384_a135-0_523_map.h5 /home/daisy/GRB-Search-Pipeline/search-planning/tilings/tiling_files/2.5x2.5_tiling.csv 6695 10.0 10.0 5.0 0 /home/daisy/GRB-Search-Pipeline/results/training/short_searching_2.5x2.5_tiling.csv
Input Parameters:
  file        = /home/daisy/GRB-Search-Pipeline/results/training/maps/short/adapt_p11-715852394892384_a135-0_523_map.h5
  source_tile = 6695
  slew_rate   = 10
  dwell_time  = 5
  output      = /home/daisy/GRB-Search-Pipeline/results/training/short_searching_2.5x2.5_tiling.csv

source = [78.2841, 135], n_src_events = 209, n_bkg_events = 1254
Loaded 434 entries (unique=434, duplicates=0, missing=48718, out_of_bounds=0, non-finite=0)
Sum(prob) over finite entries = 0.999997
init sum: 0.999997
num pixels: 49152
tile num: 6781
total tile prob: 0.999997
tiles with prob > 0: 81
total tile prob after trim: 0.999997
num tiles after trim: 81
init_pos: 6615
*********running GCP*********
total time (wallclock): 0.0321006 seconds

$ /home/daisy/GRB-Search-Pipeline/search-planning/build/sp_train /home/daisy/GRB-Search-Pipeline/results/training/maps/short/adapt_p11-715852394892384_a135-0_524_map.h5 /home/daisy/GRB-Search-Pipeline/search-planning/tilings/tiling_files/2.5x2.5_tiling.csv 6695 10.0 10.0 5.0 0 /home/daisy/GRB-Search-Pipeline/results/training/short_searching_2.5x2.5_tiling.csv
Input Parameters:
  file        = /home/daisy/GRB-Search-Pipeline/results/training/maps/short/adapt_p11-715852394892384_a135-0_524_map.h5
  source_tile = 6695
  slew_rate   = 10
  dwell_time  = 5
  output      = /home/daisy/GRB-Search-Pipeline/results/training/short_searching_2.5x2.5_tiling.csv

source = [78.2841, 135], n_src_events = 750, n_bkg_events = 1689
Loaded 72 entries (unique=72, duplicates=0, missing=49080, out_of_bounds=0, non-finite=0)
Sum(prob) over finite entries = 0.999999
init sum: 0.999999
num pixels: 49152
tile num: 6781
total tile prob: 0.999999
tiles with prob > 0: 18
total tile prob after trim: 0.999999
num tiles after trim: 18
init_pos: 6658
*********running GCP*********
total time (wallclock): 0.0323195 seconds

$ /home/daisy/GRB-Search-Pipeline/search-planning/build/sp_train /home/daisy/GRB-Search-Pipeline/results/training/maps/short/adapt_p11-715852394892384_a135-0_525_map.h5 /home/daisy/GRB-Search-Pipeline/search-planning/tilings/tiling_files/2.5x2.5_tiling.csv 6695 10.0 10.0 5.0 0 /home/daisy/GRB-Search-Pipeline/results/training/short_searching_2.5x2.5_tiling.csv
Input Parameters:
  file        = /home/daisy/GRB-Search-Pipeline/results/training/maps/short/adapt_p11-715852394892384_a135-0_525_map.h5
  source_tile = 6695
  slew_rate   = 10
  dwell_time  = 5
  output      = /home/daisy/GRB-Search-Pipeline/results/training/short_searching_2.5x2.5_tiling.csv

source = [78.2841, 135], n_src_events = 446, n_bkg_events = 497
Loaded 188 entries (unique=188, duplicates=0, missing=48964, out_of_bounds=0, non-finite=0)
Sum(prob) over finite entries = 0.999999
init sum: 0.999999
num pixels: 49152
tile num: 6781
total tile prob: 0.999999
tiles with prob > 0: 43
total tile prob after trim: 0.999999
num tiles after trim: 43
init_pos: 6767
*********running GCP*********
total time (wallclock): 0.0340409 seconds

$ /home/daisy/GRB-Search-Pipeline/search-planning/build/sp_train /home/daisy/GRB-Search-Pipeline/results/training/maps/short/adapt_p11-715852394892384_a135-0_526_map.h5 /home/daisy/GRB-Search-Pipeline/search-planning/tilings/tiling_files/2.5x2.5_tiling.csv 6695 10.0 10.0 5.0 0 /home/daisy/GRB-Search-Pipeline/results/training/short_searching_2.5x2.5_tiling.csv
Input Parameters:
  file        = /home/daisy/GRB-Search-Pipeline/results/training/maps/short/adapt_p11-715852394892384_a135-0_526_map.h5
  source_tile = 6695
  slew_rate   = 10
  dwell_time  = 5
  output      = /home/daisy/GRB-Search-Pipeline/results/training/short_searching_2.5x2.5_tiling.csv

source = [78.2841, 135], n_src_events = 451, n_bkg_events = 259
Loaded 114 entries (unique=114, duplicates=0, missing=49038, out_of_bounds=0, non-finite=0)
Sum(prob) over finite entries = 0.999999
init sum: 0.999999
num pixels: 49152
tile num: 6781
total tile prob: 0.999999
tiles with prob > 0: 26
total tile prob after trim: 0.999999
num tiles after trim: 26
init_pos: 6694
*********running GCP*********
total time (wallclock): 0.0313888 seconds

$ /home/daisy/GRB-Search-Pipeline/search-planning/build/sp_train /home/daisy/GRB-Search-Pipeline/results/training/maps/short/adapt_p11-715852394892384_a135-0_527_map.h5 /home/daisy/GRB-Search-Pipeline/search-planning/tilings/tiling_files/2.5x2.5_tiling.csv 6695 10.0 10.0 5.0 0 /home/daisy/GRB-Search-Pipeline/results/training/short_searching_2.5x2.5_tiling.csv
Input Parameters:
  file        = /home/daisy/GRB-Search-Pipeline/results/training/maps/short/adapt_p11-715852394892384_a135-0_527_map.h5
  source_tile = 6695
  slew_rate   = 10
  dwell_time  = 5
  output      = /home/daisy/GRB-Search-Pipeline/results/training/short_searching_2.5x2.5_tiling.csv

source = [78.2841, 135], n_src_events = 486, n_bkg_events = 790
Loaded 144 entries (unique=144, duplicates=0, missing=49008, out_of_bounds=0, non-finite=0)
Sum(prob) over finite entries = 0.999998
init sum: 0.999998
num pixels: 49152
tile num: 6781
total tile prob: 0.999998
tiles with prob > 0: 32
total tile prob after trim: 0.999998
num tiles after trim: 32
init_pos: 6697
*********running GCP*********
total time (wallclock): 0.0328683 seconds

$ /home/daisy/GRB-Search-Pipeline/search-planning/build/sp_train /home/daisy/GRB-Search-Pipeline/results/training/maps/short/adapt_p11-715852394892384_a135-0_528_map.h5 /home/daisy/GRB-Search-Pipeline/search-planning/tilings/tiling_files/2.5x2.5_tiling.csv 6695 10.0 10.0 5.0 0 /home/daisy/GRB-Search-Pipeline/results/training/short_searching_2.5x2.5_tiling.csv
Input Parameters:
  file        = /home/daisy/GRB-Search-Pipeline/results/training/maps/short/adapt_p11-715852394892384_a135-0_528_map.h5
  source_tile = 6695
  slew_rate   = 10
  dwell_time  = 5
  output      = /home/daisy/GRB-Search-Pipeline/results/training/short_searching_2.5x2.5_tiling.csv

source = [78.2841, 135], n_src_events = 271, n_bkg_events = 772
Loaded 233 entries (unique=233, duplicates=0, missing=48919, out_of_bounds=0, non-finite=0)
Sum(prob) over finite entries = 0.999998
init sum: 0.999998
num pixels: 49152
tile num: 6781
total tile prob: 0.999998
tiles with prob > 0: 42
total tile prob after trim: 0.999998
num tiles after trim: 42
init_pos: 6662
*********running GCP*********
total time (wallclock): 0.0391615 seconds

$ /home/daisy/GRB-Search-Pipeline/search-planning/build/sp_train /home/daisy/GRB-Search-Pipeline/results/training/maps/short/adapt_p11-715852394892384_a135-0_529_map.h5 /home/daisy/GRB-Search-Pipeline/search-planning/tilings/tiling_files/2.5x2.5_tiling.csv 6695 10.0 10.0 5.0 0 /home/daisy/GRB-Search-Pipeline/results/training/short_searching_2.5x2.5_tiling.csv
Input Parameters:
  file        = /home/daisy/GRB-Search-Pipeline/results/training/maps/short/adapt_p11-715852394892384_a135-0_529_map.h5
  source_tile = 6695
  slew_rate   = 10
  dwell_time  = 5
  output      = /home/daisy/GRB-Search-Pipeline/results/training/short_searching_2.5x2.5_tiling.csv

source = [78.2841, 135], n_src_events = 799, n_bkg_events = 1588
Loaded 57 entries (unique=57, duplicates=0, missing=49095, out_of_bounds=0, non-finite=0)
Sum(prob) over finite entries = 0.999999
init sum: 0.999999
num pixels: 49152
tile num: 6781
total tile prob: 0.999999
tiles with prob > 0: 15
total tile prob after trim: 0.999999
num tiles after trim: 15
init_pos: 6618
*********running GCP*********
total time (wallclock): 0.0333552 seconds

$ /home/daisy/GRB-Search-Pipeline/search-planning/build/sp_train /home/daisy/GRB-Search-Pipeline/results/training/maps/short/adapt_p11-715852394892384_a135-0_52_map.h5 /home/daisy/GRB-Search-Pipeline/search-planning/tilings/tiling_files/2.5x2.5_tiling.csv 6695 10.0 10.0 5.0 0 /home/daisy/GRB-Search-Pipeline/results/training/short_searching_2.5x2.5_tiling.csv
Input Parameters:
  file        = /home/daisy/GRB-Search-Pipeline/results/training/maps/short/adapt_p11-715852394892384_a135-0_52_map.h5
  source_tile = 6695
  slew_rate   = 10
  dwell_time  = 5
  output      = /home/daisy/GRB-Search-Pipeline/results/training/short_searching_2.5x2.5_tiling.csv

source = [78.2841, 135], n_src_events = 733, n_bkg_events = 797
Loaded 67 entries (unique=67, duplicates=0, missing=49085, out_of_bounds=0, non-finite=0)
Sum(prob) over finite entries = 0.999998
init sum: 0.999998
num pixels: 49152
tile num: 6781
total tile prob: 0.999998
tiles with prob > 0: 13
total tile prob after trim: 0.999998
num tiles after trim: 13
init_pos: 6616
*********running GCP*********
total time (wallclock): 0.033179 seconds

$ /home/daisy/GRB-Search-Pipeline/search-planning/build/sp_train /home/daisy/GRB-Search-Pipeline/results/training/maps/short/adapt_p11-715852394892384_a135-0_530_map.h5 /home/daisy/GRB-Search-Pipeline/search-planning/tilings/tiling_files/2.5x2.5_tiling.csv 6695 10.0 10.0 5.0 0 /home/daisy/GRB-Search-Pipeline/results/training/short_searching_2.5x2.5_tiling.csv
Input Parameters:
  file        = /home/daisy/GRB-Search-Pipeline/results/training/maps/short/adapt_p11-715852394892384_a135-0_530_map.h5
  source_tile = 6695
  slew_rate   = 10
  dwell_time  = 5
  output      = /home/daisy/GRB-Search-Pipeline/results/training/short_searching_2.5x2.5_tiling.csv

source = [78.2841, 135], n_src_events = 165, n_bkg_events = 1083
Loaded 1141 entries (unique=1141, duplicates=0, missing=48011, out_of_bounds=0, non-finite=0)
Sum(prob) over finite entries = 0.999989
init sum: 0.999989
num pixels: 49152
tile num: 6781
total tile prob: 0.999989
tiles with prob > 0: 201
total tile prob after trim: 0.999989
num tiles after trim: 201
init_pos: 6462
*********running GCP*********
total time (wallclock): 0.0594411 seconds

$ /home/daisy/GRB-Search-Pipeline/search-planning/build/sp_train /home/daisy/GRB-Search-Pipeline/results/training/maps/short/adapt_p11-715852394892384_a135-0_531_map.h5 /home/daisy/GRB-Search-Pipeline/search-planning/tilings/tiling_files/2.5x2.5_tiling.csv 6695 10.0 10.0 5.0 0 /home/daisy/GRB-Search-Pipeline/results/training/short_searching_2.5x2.5_tiling.csv
Input Parameters:
  file        = /home/daisy/GRB-Search-Pipeline/results/training/maps/short/adapt_p11-715852394892384_a135-0_531_map.h5
  source_tile = 6695
  slew_rate   = 10
  dwell_time  = 5
  output      = /home/daisy/GRB-Search-Pipeline/results/training/short_searching_2.5x2.5_tiling.csv

source = [78.2841, 135], n_src_events = 105, n_bkg_events = 1691
Loaded 2702 entries (unique=2702, duplicates=0, missing=46450, out_of_bounds=0, non-finite=0)
Sum(prob) over finite entries = 0.999989
init sum: 0.999989
num pixels: 49152
tile num: 6781
total tile prob: 0.999989
tiles with prob > 0: 460
total tile prob after trim: 0.999989
num tiles after trim: 460
init_pos: 5165
*********running GCP*********
total time (wallclock): 1.45376 seconds

$ /home/daisy/GRB-Search-Pipeline/search-planning/build/sp_train /home/daisy/GRB-Search-Pipeline/results/training/maps/short/adapt_p11-715852394892384_a135-0_532_map.h5 /home/daisy/GRB-Search-Pipeline/search-planning/tilings/tiling_files/2.5x2.5_tiling.csv 6695 10.0 10.0 5.0 0 /home/daisy/GRB-Search-Pipeline/results/training/short_searching_2.5x2.5_tiling.csv
Input Parameters:
  file        = /home/daisy/GRB-Search-Pipeline/results/training/maps/short/adapt_p11-715852394892384_a135-0_532_map.h5
  source_tile = 6695
  slew_rate   = 10
  dwell_time  = 5
  output      = /home/daisy/GRB-Search-Pipeline/results/training/short_searching_2.5x2.5_tiling.csv

source = [78.2841, 135], n_src_events = 259, n_bkg_events = 278
Loaded 221 entries (unique=221, duplicates=0, missing=48931, out_of_bounds=0, non-finite=0)
Sum(prob) over finite entries = 0.999999
init sum: 0.999999
num pixels: 49152
tile num: 6781
total tile prob: 0.999999
tiles with prob > 0: 45
total tile prob after trim: 0.999999
num tiles after trim: 45
init_pos: 6729
*********running GCP*********
total time (wallclock): 0.0342613 seconds

$ /home/daisy/GRB-Search-Pipeline/search-planning/build/sp_train /home/daisy/GRB-Search-Pipeline/results/training/maps/short/adapt_p11-715852394892384_a135-0_533_map.h5 /home/daisy/GRB-Search-Pipeline/search-planning/tilings/tiling_files/2.5x2.5_tiling.csv 6695 10.0 10.0 5.0 0 /home/daisy/GRB-Search-Pipeline/results/training/short_searching_2.5x2.5_tiling.csv
Input Parameters:
  file        = /home/daisy/GRB-Search-Pipeline/results/training/maps/short/adapt_p11-715852394892384_a135-0_533_map.h5
  source_tile = 6695
  slew_rate   = 10
  dwell_time  = 5
  output      = /home/daisy/GRB-Search-Pipeline/results/training/short_searching_2.5x2.5_tiling.csv

source = [78.2841, 135], n_src_events = 710, n_bkg_events = 1156
Loaded 95 entries (unique=95, duplicates=0, missing=49057, out_of_bounds=0, non-finite=0)
Sum(prob) over finite entries = 0.999999
init sum: 0.999999
num pixels: 49152
tile num: 6781
total tile prob: 0.999999
tiles with prob > 0: 22
total tile prob after trim: 0.999999
num tiles after trim: 22
init_pos: 6696
*********running GCP*********
total time (wallclock): 0.0315913 seconds

$ /home/daisy/GRB-Search-Pipeline/search-planning/build/sp_train /home/daisy/GRB-Search-Pipeline/results/training/maps/short/adapt_p11-715852394892384_a135-0_534_map.h5 /home/daisy/GRB-Search-Pipeline/search-planning/tilings/tiling_files/2.5x2.5_tiling.csv 6695 10.0 10.0 5.0 0 /home/daisy/GRB-Search-Pipeline/results/training/short_searching_2.5x2.5_tiling.csv
Input Parameters:
  file        = /home/daisy/GRB-Search-Pipeline/results/training/maps/short/adapt_p11-715852394892384_a135-0_534_map.h5
  source_tile = 6695
  slew_rate   = 10
  dwell_time  = 5
  output      = /home/daisy/GRB-Search-Pipeline/results/training/short_searching_2.5x2.5_tiling.csv

source = [78.2841, 135], n_src_events = 464, n_bkg_events = 879
Loaded 140 entries (unique=140, duplicates=0, missing=49012, out_of_bounds=0, non-finite=0)
Sum(prob) over finite entries = 0.999998
init sum: 0.999998
num pixels: 49152
tile num: 6781
total tile prob: 0.999998
tiles with prob > 0: 30
total tile prob after trim: 0.999998
num tiles after trim: 30
init_pos: 6662
*********running GCP*********
total time (wallclock): 0.0322993 seconds

$ /home/daisy/GRB-Search-Pipeline/search-planning/build/sp_train /home/daisy/GRB-Search-Pipeline/results/training/maps/short/adapt_p11-715852394892384_a135-0_535_map.h5 /home/daisy/GRB-Search-Pipeline/search-planning/tilings/tiling_files/2.5x2.5_tiling.csv 6695 10.0 10.0 5.0 0 /home/daisy/GRB-Search-Pipeline/results/training/short_searching_2.5x2.5_tiling.csv
Input Parameters:
  file        = /home/daisy/GRB-Search-Pipeline/results/training/maps/short/adapt_p11-715852394892384_a135-0_535_map.h5
  source_tile = 6695
  slew_rate   = 10
  dwell_time  = 5
  output      = /home/daisy/GRB-Search-Pipeline/results/training/short_searching_2.5x2.5_tiling.csv

source = [78.2841, 135], n_src_events = 534, n_bkg_events = 1782
Loaded 153 entries (unique=153, duplicates=0, missing=48999, out_of_bounds=0, non-finite=0)
Sum(prob) over finite entries = 0.999999
init sum: 0.999999
num pixels: 49152
tile num: 6781
total tile prob: 0.999999
tiles with prob > 0: 34
total tile prob after trim: 0.999999
num tiles after trim: 34
init_pos: 6659
*********running GCP*********
total time (wallclock): 0.032471 seconds

$ /home/daisy/GRB-Search-Pipeline/search-planning/build/sp_train /home/daisy/GRB-Search-Pipeline/results/training/maps/short/adapt_p11-715852394892384_a135-0_536_map.h5 /home/daisy/GRB-Search-Pipeline/search-planning/tilings/tiling_files/2.5x2.5_tiling.csv 6695 10.0 10.0 5.0 0 /home/daisy/GRB-Search-Pipeline/results/training/short_searching_2.5x2.5_tiling.csv
Input Parameters:
  file        = /home/daisy/GRB-Search-Pipeline/results/training/maps/short/adapt_p11-715852394892384_a135-0_536_map.h5
  source_tile = 6695
  slew_rate   = 10
  dwell_time  = 5
  output      = /home/daisy/GRB-Search-Pipeline/results/training/short_searching_2.5x2.5_tiling.csv

source = [78.2841, 135], n_src_events = 77, n_bkg_events = 1241
Loaded 4106 entries (unique=4106, duplicates=0, missing=45046, out_of_bounds=0, non-finite=0)
Sum(prob) over finite entries = 0.999991
init sum: 0.999991
num pixels: 49152
tile num: 6781
total tile prob: 0.999991
tiles with prob > 0: 647
total tile prob after trim: 0.999991
num tiles after trim: 647
init_pos: 3553
*********running GCP*********
total time (wallclock): 1.64756 seconds

$ /home/daisy/GRB-Search-Pipeline/search-planning/build/sp_train /home/daisy/GRB-Search-Pipeline/results/training/maps/short/adapt_p11-715852394892384_a135-0_537_map.h5 /home/daisy/GRB-Search-Pipeline/search-planning/tilings/tiling_files/2.5x2.5_tiling.csv 6695 10.0 10.0 5.0 0 /home/daisy/GRB-Search-Pipeline/results/training/short_searching_2.5x2.5_tiling.csv
Input Parameters:
  file        = /home/daisy/GRB-Search-Pipeline/results/training/maps/short/adapt_p11-715852394892384_a135-0_537_map.h5
  source_tile = 6695
  slew_rate   = 10
  dwell_time  = 5
  output      = /home/daisy/GRB-Search-Pipeline/results/training/short_searching_2.5x2.5_tiling.csv

source = [78.2841, 135], n_src_events = 252, n_bkg_events = 973
Loaded 409 entries (unique=409, duplicates=0, missing=48743, out_of_bounds=0, non-finite=0)
Sum(prob) over finite entries = 0.999998
init sum: 0.999998
num pixels: 49152
tile num: 6781
total tile prob: 0.999998
tiles with prob > 0: 73
total tile prob after trim: 0.999998
num tiles after trim: 73
init_pos: 6571
*********running GCP*********
total time (wallclock): 0.0339726 seconds

$ /home/daisy/GRB-Search-Pipeline/search-planning/build/sp_train /home/daisy/GRB-Search-Pipeline/results/training/maps/short/adapt_p11-715852394892384_a135-0_538_map.h5 /home/daisy/GRB-Search-Pipeline/search-planning/tilings/tiling_files/2.5x2.5_tiling.csv 6695 10.0 10.0 5.0 0 /home/daisy/GRB-Search-Pipeline/results/training/short_searching_2.5x2.5_tiling.csv
Input Parameters:
  file        = /home/daisy/GRB-Search-Pipeline/results/training/maps/short/adapt_p11-715852394892384_a135-0_538_map.h5
  source_tile = 6695
  slew_rate   = 10
  dwell_time  = 5
  output      = /home/daisy/GRB-Search-Pipeline/results/training/short_searching_2.5x2.5_tiling.csv

source = [78.2841, 135], n_src_events = 250, n_bkg_events = 419
Loaded 373 entries (unique=373, duplicates=0, missing=48779, out_of_bounds=0, non-finite=0)
Sum(prob) over finite entries = 0.999999
init sum: 0.999999
num pixels: 49152
tile num: 6781
total tile prob: 0.999999
tiles with prob > 0: 73
total tile prob after trim: 0.999999
num tiles after trim: 73
init_pos: 6620
*********running GCP*********
total time (wallclock): 0.0319869 seconds

$ /home/daisy/GRB-Search-Pipeline/search-planning/build/sp_train /home/daisy/GRB-Search-Pipeline/results/training/maps/short/adapt_p11-715852394892384_a135-0_539_map.h5 /home/daisy/GRB-Search-Pipeline/search-planning/tilings/tiling_files/2.5x2.5_tiling.csv 6695 10.0 10.0 5.0 0 /home/daisy/GRB-Search-Pipeline/results/training/short_searching_2.5x2.5_tiling.csv
Input Parameters:
  file        = /home/daisy/GRB-Search-Pipeline/results/training/maps/short/adapt_p11-715852394892384_a135-0_539_map.h5
  source_tile = 6695
  slew_rate   = 10
  dwell_time  = 5
  output      = /home/daisy/GRB-Search-Pipeline/results/training/short_searching_2.5x2.5_tiling.csv

source = [78.2841, 135], n_src_events = 314, n_bkg_events = 1380
Loaded 518 entries (unique=518, duplicates=0, missing=48634, out_of_bounds=0, non-finite=0)
Sum(prob) over finite entries = 0.999999
init sum: 0.999999
num pixels: 49152
tile num: 6781
total tile prob: 0.999999
tiles with prob > 0: 94
total tile prob after trim: 0.999999
num tiles after trim: 94
init_pos: 6568
*********running GCP*********
total time (wallclock): 0.0396895 seconds

$ /home/daisy/GRB-Search-Pipeline/search-planning/build/sp_train /home/daisy/GRB-Search-Pipeline/results/training/maps/short/adapt_p11-715852394892384_a135-0_53_map.h5 /home/daisy/GRB-Search-Pipeline/search-planning/tilings/tiling_files/2.5x2.5_tiling.csv 6695 10.0 10.0 5.0 0 /home/daisy/GRB-Search-Pipeline/results/training/short_searching_2.5x2.5_tiling.csv
Input Parameters:
  file        = /home/daisy/GRB-Search-Pipeline/results/training/maps/short/adapt_p11-715852394892384_a135-0_53_map.h5
  source_tile = 6695
  slew_rate   = 10
  dwell_time  = 5
  output      = /home/daisy/GRB-Search-Pipeline/results/training/short_searching_2.5x2.5_tiling.csv

source = [78.2841, 135], n_src_events = 472, n_bkg_events = 655
Loaded 124 entries (unique=124, duplicates=0, missing=49028, out_of_bounds=0, non-finite=0)
Sum(prob) over finite entries = 0.999998
init sum: 0.999998
num pixels: 49152
tile num: 6781
total tile prob: 0.999998
tiles with prob > 0: 27
total tile prob after trim: 0.999998
num tiles after trim: 27
init_pos: 6696
*********running GCP*********
total time (wallclock): 0.0326829 seconds

$ /home/daisy/GRB-Search-Pipeline/search-planning/build/sp_train /home/daisy/GRB-Search-Pipeline/results/training/maps/short/adapt_p11-715852394892384_a135-0_540_map.h5 /home/daisy/GRB-Search-Pipeline/search-planning/tilings/tiling_files/2.5x2.5_tiling.csv 6695 10.0 10.0 5.0 0 /home/daisy/GRB-Search-Pipeline/results/training/short_searching_2.5x2.5_tiling.csv
Input Parameters:
  file        = /home/daisy/GRB-Search-Pipeline/results/training/maps/short/adapt_p11-715852394892384_a135-0_540_map.h5
  source_tile = 6695
  slew_rate   = 10
  dwell_time  = 5
  output      = /home/daisy/GRB-Search-Pipeline/results/training/short_searching_2.5x2.5_tiling.csv

source = [78.2841, 135], n_src_events = 730, n_bkg_events = 621
Loaded 73 entries (unique=73, duplicates=0, missing=49079, out_of_bounds=0, non-finite=0)
Sum(prob) over finite entries = 0.999999
init sum: 0.999999
num pixels: 49152
tile num: 6781
total tile prob: 0.999999
tiles with prob > 0: 17
total tile prob after trim: 0.999999
num tiles after trim: 17
init_pos: 6662
*********running GCP*********
total time (wallclock): 0.0328651 seconds

$ /home/daisy/GRB-Search-Pipeline/search-planning/build/sp_train /home/daisy/GRB-Search-Pipeline/results/training/maps/short/adapt_p11-715852394892384_a135-0_541_map.h5 /home/daisy/GRB-Search-Pipeline/search-planning/tilings/tiling_files/2.5x2.5_tiling.csv 6695 10.0 10.0 5.0 0 /home/daisy/GRB-Search-Pipeline/results/training/short_searching_2.5x2.5_tiling.csv
Input Parameters:
  file        = /home/daisy/GRB-Search-Pipeline/results/training/maps/short/adapt_p11-715852394892384_a135-0_541_map.h5
  source_tile = 6695
  slew_rate   = 10
  dwell_time  = 5
  output      = /home/daisy/GRB-Search-Pipeline/results/training/short_searching_2.5x2.5_tiling.csv

source = [78.2841, 135], n_src_events = 646, n_bkg_events = 466
Loaded 76 entries (unique=76, duplicates=0, missing=49076, out_of_bounds=0, non-finite=0)
Sum(prob) over finite entries = 0.999999
init sum: 0.999999
num pixels: 49152
tile num: 6781
total tile prob: 0.999999
tiles with prob > 0: 17
total tile prob after trim: 0.999999
num tiles after trim: 17
init_pos: 6725
*********running GCP*********
total time (wallclock): 0.0321383 seconds

$ /home/daisy/GRB-Search-Pipeline/search-planning/build/sp_train /home/daisy/GRB-Search-Pipeline/results/training/maps/short/adapt_p11-715852394892384_a135-0_542_map.h5 /home/daisy/GRB-Search-Pipeline/search-planning/tilings/tiling_files/2.5x2.5_tiling.csv 6695 10.0 10.0 5.0 0 /home/daisy/GRB-Search-Pipeline/results/training/short_searching_2.5x2.5_tiling.csv
Input Parameters:
  file        = /home/daisy/GRB-Search-Pipeline/results/training/maps/short/adapt_p11-715852394892384_a135-0_542_map.h5
  source_tile = 6695
  slew_rate   = 10
  dwell_time  = 5
  output      = /home/daisy/GRB-Search-Pipeline/results/training/short_searching_2.5x2.5_tiling.csv

source = [78.2841, 135], n_src_events = 760, n_bkg_events = 496
Loaded 53 entries (unique=53, duplicates=0, missing=49099, out_of_bounds=0, non-finite=0)
Sum(prob) over finite entries = 0.999999
init sum: 0.999999
num pixels: 49152
tile num: 6781
total tile prob: 0.999999
tiles with prob > 0: 14
total tile prob after trim: 0.999999
num tiles after trim: 14
init_pos: 6696
*********running GCP*********
total time (wallclock): 0.0319728 seconds

$ /home/daisy/GRB-Search-Pipeline/search-planning/build/sp_train /home/daisy/GRB-Search-Pipeline/results/training/maps/short/adapt_p11-715852394892384_a135-0_543_map.h5 /home/daisy/GRB-Search-Pipeline/search-planning/tilings/tiling_files/2.5x2.5_tiling.csv 6695 10.0 10.0 5.0 0 /home/daisy/GRB-Search-Pipeline/results/training/short_searching_2.5x2.5_tiling.csv
Input Parameters:
  file        = /home/daisy/GRB-Search-Pipeline/results/training/maps/short/adapt_p11-715852394892384_a135-0_543_map.h5
  source_tile = 6695
  slew_rate   = 10
  dwell_time  = 5
  output      = /home/daisy/GRB-Search-Pipeline/results/training/short_searching_2.5x2.5_tiling.csv

source = [78.2841, 135], n_src_events = 708, n_bkg_events = 1574
Loaded 74 entries (unique=74, duplicates=0, missing=49078, out_of_bounds=0, non-finite=0)
Sum(prob) over finite entries = 0.999998
init sum: 0.999998
num pixels: 49152
tile num: 6781
total tile prob: 0.999998
tiles with prob > 0: 16
total tile prob after trim: 0.999998
num tiles after trim: 16
init_pos: 6695
*********running GCP*********
total time (wallclock): 0.0307786 seconds

$ /home/daisy/GRB-Search-Pipeline/search-planning/build/sp_train /home/daisy/GRB-Search-Pipeline/results/training/maps/short/adapt_p11-715852394892384_a135-0_544_map.h5 /home/daisy/GRB-Search-Pipeline/search-planning/tilings/tiling_files/2.5x2.5_tiling.csv 6695 10.0 10.0 5.0 0 /home/daisy/GRB-Search-Pipeline/results/training/short_searching_2.5x2.5_tiling.csv
Input Parameters:
  file        = /home/daisy/GRB-Search-Pipeline/results/training/maps/short/adapt_p11-715852394892384_a135-0_544_map.h5
  source_tile = 6695
  slew_rate   = 10
  dwell_time  = 5
  output      = /home/daisy/GRB-Search-Pipeline/results/training/short_searching_2.5x2.5_tiling.csv

source = [78.2841, 135], n_src_events = 811, n_bkg_events = 1578
Loaded 62 entries (unique=62, duplicates=0, missing=49090, out_of_bounds=0, non-finite=0)
Sum(prob) over finite entries = 0.999999
init sum: 0.999999
num pixels: 49152
tile num: 6781
total tile prob: 0.999999
tiles with prob > 0: 15
total tile prob after trim: 0.999999
num tiles after trim: 15
init_pos: 6659
*********running GCP*********
total time (wallclock): 0.0320215 seconds

$ /home/daisy/GRB-Search-Pipeline/search-planning/build/sp_train /home/daisy/GRB-Search-Pipeline/results/training/maps/short/adapt_p11-715852394892384_a135-0_545_map.h5 /home/daisy/GRB-Search-Pipeline/search-planning/tilings/tiling_files/2.5x2.5_tiling.csv 6695 10.0 10.0 5.0 0 /home/daisy/GRB-Search-Pipeline/results/training/short_searching_2.5x2.5_tiling.csv
Input Parameters:
  file        = /home/daisy/GRB-Search-Pipeline/results/training/maps/short/adapt_p11-715852394892384_a135-0_545_map.h5
  source_tile = 6695
  slew_rate   = 10
  dwell_time  = 5
  output      = /home/daisy/GRB-Search-Pipeline/results/training/short_searching_2.5x2.5_tiling.csv

source = [78.2841, 135], n_src_events = 315, n_bkg_events = 761
Loaded 199 entries (unique=199, duplicates=0, missing=48953, out_of_bounds=0, non-finite=0)
Sum(prob) over finite entries = 0.999998
init sum: 0.999998
num pixels: 49152
tile num: 6781
total tile prob: 0.999998
tiles with prob > 0: 38
total tile prob after trim: 0.999998
num tiles after trim: 38
init_pos: 6658
*********running GCP*********
total time (wallclock): 0.0349071 seconds

$ /home/daisy/GRB-Search-Pipeline/search-planning/build/sp_train /home/daisy/GRB-Search-Pipeline/results/training/maps/short/adapt_p11-715852394892384_a135-0_546_map.h5 /home/daisy/GRB-Search-Pipeline/search-planning/tilings/tiling_files/2.5x2.5_tiling.csv 6695 10.0 10.0 5.0 0 /home/daisy/GRB-Search-Pipeline/results/training/short_searching_2.5x2.5_tiling.csv
Input Parameters:
  file        = /home/daisy/GRB-Search-Pipeline/results/training/maps/short/adapt_p11-715852394892384_a135-0_546_map.h5
  source_tile = 6695
  slew_rate   = 10
  dwell_time  = 5
  output      = /home/daisy/GRB-Search-Pipeline/results/training/short_searching_2.5x2.5_tiling.csv

source = [78.2841, 135], n_src_events = 607, n_bkg_events = 1655
Loaded 116 entries (unique=116, duplicates=0, missing=49036, out_of_bounds=0, non-finite=0)
Sum(prob) over finite entries = 0.999999
init sum: 0.999999
num pixels: 49152
tile num: 6781
total tile prob: 0.999999
tiles with prob > 0: 22
total tile prob after trim: 0.999999
num tiles after trim: 22
init_pos: 6618
*********running GCP*********
total time (wallclock): 0.0375436 seconds

$ /home/daisy/GRB-Search-Pipeline/search-planning/build/sp_train /home/daisy/GRB-Search-Pipeline/results/training/maps/short/adapt_p11-715852394892384_a135-0_547_map.h5 /home/daisy/GRB-Search-Pipeline/search-planning/tilings/tiling_files/2.5x2.5_tiling.csv 6695 10.0 10.0 5.0 0 /home/daisy/GRB-Search-Pipeline/results/training/short_searching_2.5x2.5_tiling.csv
Input Parameters:
  file        = /home/daisy/GRB-Search-Pipeline/results/training/maps/short/adapt_p11-715852394892384_a135-0_547_map.h5
  source_tile = 6695
  slew_rate   = 10
  dwell_time  = 5
  output      = /home/daisy/GRB-Search-Pipeline/results/training/short_searching_2.5x2.5_tiling.csv

source = [78.2841, 135], n_src_events = 721, n_bkg_events = 698
Loaded 65 entries (unique=65, duplicates=0, missing=49087, out_of_bounds=0, non-finite=0)
Sum(prob) over finite entries = 0.999999
init sum: 0.999999
num pixels: 49152
tile num: 6781
total tile prob: 0.999999
tiles with prob > 0: 14
total tile prob after trim: 0.999999
num tiles after trim: 14
init_pos: 6661
*********running GCP*********
total time (wallclock): 0.0321664 seconds

$ /home/daisy/GRB-Search-Pipeline/search-planning/build/sp_train /home/daisy/GRB-Search-Pipeline/results/training/maps/short/adapt_p11-715852394892384_a135-0_548_map.h5 /home/daisy/GRB-Search-Pipeline/search-planning/tilings/tiling_files/2.5x2.5_tiling.csv 6695 10.0 10.0 5.0 0 /home/daisy/GRB-Search-Pipeline/results/training/short_searching_2.5x2.5_tiling.csv
Input Parameters:
  file        = /home/daisy/GRB-Search-Pipeline/results/training/maps/short/adapt_p11-715852394892384_a135-0_548_map.h5
  source_tile = 6695
  slew_rate   = 10
  dwell_time  = 5
  output      = /home/daisy/GRB-Search-Pipeline/results/training/short_searching_2.5x2.5_tiling.csv

source = [78.2841, 135], n_src_events = 798, n_bkg_events = 489
Loaded 46 entries (unique=46, duplicates=0, missing=49106, out_of_bounds=0, non-finite=0)
Sum(prob) over finite entries = 0.999999
init sum: 0.999999
num pixels: 49152
tile num: 6781
total tile prob: 0.999999
tiles with prob > 0: 10
total tile prob after trim: 0.999999
num tiles after trim: 10
init_pos: 6573
*********running GCP*********
total time (wallclock): 0.0320353 seconds

$ /home/daisy/GRB-Search-Pipeline/search-planning/build/sp_train /home/daisy/GRB-Search-Pipeline/results/training/maps/short/adapt_p11-715852394892384_a135-0_549_map.h5 /home/daisy/GRB-Search-Pipeline/search-planning/tilings/tiling_files/2.5x2.5_tiling.csv 6695 10.0 10.0 5.0 0 /home/daisy/GRB-Search-Pipeline/results/training/short_searching_2.5x2.5_tiling.csv
Input Parameters:
  file        = /home/daisy/GRB-Search-Pipeline/results/training/maps/short/adapt_p11-715852394892384_a135-0_549_map.h5
  source_tile = 6695
  slew_rate   = 10
  dwell_time  = 5
  output      = /home/daisy/GRB-Search-Pipeline/results/training/short_searching_2.5x2.5_tiling.csv

source = [78.2841, 135], n_src_events = 260, n_bkg_events = 911
Loaded 348 entries (unique=348, duplicates=0, missing=48804, out_of_bounds=0, non-finite=0)
Sum(prob) over finite entries = 0.999999
init sum: 0.999999
num pixels: 49152
tile num: 6781
total tile prob: 0.999999
tiles with prob > 0: 69
total tile prob after trim: 0.999999
num tiles after trim: 69
init_pos: 6730
*********running GCP*********
total time (wallclock): 0.0331416 seconds

$ /home/daisy/GRB-Search-Pipeline/search-planning/build/sp_train /home/daisy/GRB-Search-Pipeline/results/training/maps/short/adapt_p11-715852394892384_a135-0_54_map.h5 /home/daisy/GRB-Search-Pipeline/search-planning/tilings/tiling_files/2.5x2.5_tiling.csv 6695 10.0 10.0 5.0 0 /home/daisy/GRB-Search-Pipeline/results/training/short_searching_2.5x2.5_tiling.csv
Input Parameters:
  file        = /home/daisy/GRB-Search-Pipeline/results/training/maps/short/adapt_p11-715852394892384_a135-0_54_map.h5
  source_tile = 6695
  slew_rate   = 10
  dwell_time  = 5
  output      = /home/daisy/GRB-Search-Pipeline/results/training/short_searching_2.5x2.5_tiling.csv

source = [78.2841, 135], n_src_events = 689, n_bkg_events = 1790
Loaded 123 entries (unique=123, duplicates=0, missing=49029, out_of_bounds=0, non-finite=0)
Sum(prob) over finite entries = 0.999999
init sum: 0.999999
num pixels: 49152
tile num: 6781
total tile prob: 0.999999
tiles with prob > 0: 27
total tile prob after trim: 0.999999
num tiles after trim: 27
init_pos: 6726
*********running GCP*********
total time (wallclock): 0.0322921 seconds

$ /home/daisy/GRB-Search-Pipeline/search-planning/build/sp_train /home/daisy/GRB-Search-Pipeline/results/training/maps/short/adapt_p11-715852394892384_a135-0_550_map.h5 /home/daisy/GRB-Search-Pipeline/search-planning/tilings/tiling_files/2.5x2.5_tiling.csv 6695 10.0 10.0 5.0 0 /home/daisy/GRB-Search-Pipeline/results/training/short_searching_2.5x2.5_tiling.csv
Input Parameters:
  file        = /home/daisy/GRB-Search-Pipeline/results/training/maps/short/adapt_p11-715852394892384_a135-0_550_map.h5
  source_tile = 6695
  slew_rate   = 10
  dwell_time  = 5
  output      = /home/daisy/GRB-Search-Pipeline/results/training/short_searching_2.5x2.5_tiling.csv

source = [78.2841, 135], n_src_events = 212, n_bkg_events = 666
Loaded 420 entries (unique=420, duplicates=0, missing=48732, out_of_bounds=0, non-finite=0)
Sum(prob) over finite entries = 0.999998
init sum: 0.999998
num pixels: 49152
tile num: 6781
total tile prob: 0.999998
tiles with prob > 0: 74
total tile prob after trim: 0.999998
num tiles after trim: 74
init_pos: 6616
*********running GCP*********
total time (wallclock): 0.0332067 seconds

$ /home/daisy/GRB-Search-Pipeline/search-planning/build/sp_train /home/daisy/GRB-Search-Pipeline/results/training/maps/short/adapt_p11-715852394892384_a135-0_551_map.h5 /home/daisy/GRB-Search-Pipeline/search-planning/tilings/tiling_files/2.5x2.5_tiling.csv 6695 10.0 10.0 5.0 0 /home/daisy/GRB-Search-Pipeline/results/training/short_searching_2.5x2.5_tiling.csv
Input Parameters:
  file        = /home/daisy/GRB-Search-Pipeline/results/training/maps/short/adapt_p11-715852394892384_a135-0_551_map.h5
  source_tile = 6695
  slew_rate   = 10
  dwell_time  = 5
  output      = /home/daisy/GRB-Search-Pipeline/results/training/short_searching_2.5x2.5_tiling.csv

source = [78.2841, 135], n_src_events = 609, n_bkg_events = 285
Loaded 73 entries (unique=73, duplicates=0, missing=49079, out_of_bounds=0, non-finite=0)
Sum(prob) over finite entries = 0.999998
init sum: 0.999998
num pixels: 49152
tile num: 6781
total tile prob: 0.999998
tiles with prob > 0: 18
total tile prob after trim: 0.999998
num tiles after trim: 18
init_pos: 6695
*********running GCP*********
total time (wallclock): 0.0309968 seconds

$ /home/daisy/GRB-Search-Pipeline/search-planning/build/sp_train /home/daisy/GRB-Search-Pipeline/results/training/maps/short/adapt_p11-715852394892384_a135-0_552_map.h5 /home/daisy/GRB-Search-Pipeline/search-planning/tilings/tiling_files/2.5x2.5_tiling.csv 6695 10.0 10.0 5.0 0 /home/daisy/GRB-Search-Pipeline/results/training/short_searching_2.5x2.5_tiling.csv
Input Parameters:
  file        = /home/daisy/GRB-Search-Pipeline/results/training/maps/short/adapt_p11-715852394892384_a135-0_552_map.h5
  source_tile = 6695
  slew_rate   = 10
  dwell_time  = 5
  output      = /home/daisy/GRB-Search-Pipeline/results/training/short_searching_2.5x2.5_tiling.csv

source = [78.2841, 135], n_src_events = 639, n_bkg_events = 1657
Loaded 106 entries (unique=106, duplicates=0, missing=49046, out_of_bounds=0, non-finite=0)
Sum(prob) over finite entries = 0.999999
init sum: 0.999999
num pixels: 49152
tile num: 6781
total tile prob: 0.999999
tiles with prob > 0: 23
total tile prob after trim: 0.999999
num tiles after trim: 23
init_pos: 6617
*********running GCP*********
total time (wallclock): 0.0347229 seconds

$ /home/daisy/GRB-Search-Pipeline/search-planning/build/sp_train /home/daisy/GRB-Search-Pipeline/results/training/maps/short/adapt_p11-715852394892384_a135-0_553_map.h5 /home/daisy/GRB-Search-Pipeline/search-planning/tilings/tiling_files/2.5x2.5_tiling.csv 6695 10.0 10.0 5.0 0 /home/daisy/GRB-Search-Pipeline/results/training/short_searching_2.5x2.5_tiling.csv
Input Parameters:
  file        = /home/daisy/GRB-Search-Pipeline/results/training/maps/short/adapt_p11-715852394892384_a135-0_553_map.h5
  source_tile = 6695
  slew_rate   = 10
  dwell_time  = 5
  output      = /home/daisy/GRB-Search-Pipeline/results/training/short_searching_2.5x2.5_tiling.csv

source = [78.2841, 135], n_src_events = 148, n_bkg_events = 953
Loaded 4891 entries (unique=4891, duplicates=0, missing=44261, out_of_bounds=0, non-finite=0)
Sum(prob) over finite entries = 0.999994
init sum: 0.999994
num pixels: 49152
tile num: 6781
total tile prob: 0.999994
tiles with prob > 0: 749
total tile prob after trim: 0.999994
num tiles after trim: 749
init_pos: 6076
*********running GCP*********
total time (wallclock): 34.1545 seconds

$ /home/daisy/GRB-Search-Pipeline/search-planning/build/sp_train /home/daisy/GRB-Search-Pipeline/results/training/maps/short/adapt_p11-715852394892384_a135-0_554_map.h5 /home/daisy/GRB-Search-Pipeline/search-planning/tilings/tiling_files/2.5x2.5_tiling.csv 6695 10.0 10.0 5.0 0 /home/daisy/GRB-Search-Pipeline/results/training/short_searching_2.5x2.5_tiling.csv
Input Parameters:
  file        = /home/daisy/GRB-Search-Pipeline/results/training/maps/short/adapt_p11-715852394892384_a135-0_554_map.h5
  source_tile = 6695
  slew_rate   = 10
  dwell_time  = 5
  output      = /home/daisy/GRB-Search-Pipeline/results/training/short_searching_2.5x2.5_tiling.csv

source = [78.2841, 135], n_src_events = 374, n_bkg_events = 656
Loaded 155 entries (unique=155, duplicates=0, missing=48997, out_of_bounds=0, non-finite=0)
Sum(prob) over finite entries = 0.999998
init sum: 0.999998
num pixels: 49152
tile num: 6781
total tile prob: 0.999998
tiles with prob > 0: 29
total tile prob after trim: 0.999998
num tiles after trim: 29
init_pos: 6569
*********running GCP*********
total time (wallclock): 0.0346793 seconds

$ /home/daisy/GRB-Search-Pipeline/search-planning/build/sp_train /home/daisy/GRB-Search-Pipeline/results/training/maps/short/adapt_p11-715852394892384_a135-0_555_map.h5 /home/daisy/GRB-Search-Pipeline/search-planning/tilings/tiling_files/2.5x2.5_tiling.csv 6695 10.0 10.0 5.0 0 /home/daisy/GRB-Search-Pipeline/results/training/short_searching_2.5x2.5_tiling.csv
Input Parameters:
  file        = /home/daisy/GRB-Search-Pipeline/results/training/maps/short/adapt_p11-715852394892384_a135-0_555_map.h5
  source_tile = 6695
  slew_rate   = 10
  dwell_time  = 5
  output      = /home/daisy/GRB-Search-Pipeline/results/training/short_searching_2.5x2.5_tiling.csv

source = [78.2841, 135], n_src_events = 230, n_bkg_events = 477
Loaded 254 entries (unique=254, duplicates=0, missing=48898, out_of_bounds=0, non-finite=0)
Sum(prob) over finite entries = 0.999999
init sum: 0.999999
num pixels: 49152
tile num: 6781
total tile prob: 0.999999
tiles with prob > 0: 50
total tile prob after trim: 0.999999
num tiles after trim: 50
init_pos: 6617
*********running GCP*********
total time (wallclock): 0.0394113 seconds

$ /home/daisy/GRB-Search-Pipeline/search-planning/build/sp_train /home/daisy/GRB-Search-Pipeline/results/training/maps/short/adapt_p11-715852394892384_a135-0_556_map.h5 /home/daisy/GRB-Search-Pipeline/search-planning/tilings/tiling_files/2.5x2.5_tiling.csv 6695 10.0 10.0 5.0 0 /home/daisy/GRB-Search-Pipeline/results/training/short_searching_2.5x2.5_tiling.csv
Input Parameters:
  file        = /home/daisy/GRB-Search-Pipeline/results/training/maps/short/adapt_p11-715852394892384_a135-0_556_map.h5
  source_tile = 6695
  slew_rate   = 10
  dwell_time  = 5
  output      = /home/daisy/GRB-Search-Pipeline/results/training/short_searching_2.5x2.5_tiling.csv

source = [78.2841, 135], n_src_events = 638, n_bkg_events = 1676
Loaded 108 entries (unique=108, duplicates=0, missing=49044, out_of_bounds=0, non-finite=0)
Sum(prob) over finite entries = 0.999999
init sum: 0.999999
num pixels: 49152
tile num: 6781
total tile prob: 0.999999
tiles with prob > 0: 21
total tile prob after trim: 0.999999
num tiles after trim: 21
init_pos: 6663
*********running GCP*********
total time (wallclock): 0.0362458 seconds

$ /home/daisy/GRB-Search-Pipeline/search-planning/build/sp_train /home/daisy/GRB-Search-Pipeline/results/training/maps/short/adapt_p11-715852394892384_a135-0_557_map.h5 /home/daisy/GRB-Search-Pipeline/search-planning/tilings/tiling_files/2.5x2.5_tiling.csv 6695 10.0 10.0 5.0 0 /home/daisy/GRB-Search-Pipeline/results/training/short_searching_2.5x2.5_tiling.csv
Input Parameters:
  file        = /home/daisy/GRB-Search-Pipeline/results/training/maps/short/adapt_p11-715852394892384_a135-0_557_map.h5
  source_tile = 6695
  slew_rate   = 10
  dwell_time  = 5
  output      = /home/daisy/GRB-Search-Pipeline/results/training/short_searching_2.5x2.5_tiling.csv

source = [78.2841, 135], n_src_events = 341, n_bkg_events = 1921
Loaded 163 entries (unique=163, duplicates=0, missing=48989, out_of_bounds=0, non-finite=0)
Sum(prob) over finite entries = 0.999999
init sum: 0.999999
num pixels: 49152
tile num: 6781
total tile prob: 0.999999
tiles with prob > 0: 34
total tile prob after trim: 0.999999
num tiles after trim: 34
init_pos: 6661
*********running GCP*********
total time (wallclock): 0.0320323 seconds

$ /home/daisy/GRB-Search-Pipeline/search-planning/build/sp_train /home/daisy/GRB-Search-Pipeline/results/training/maps/short/adapt_p11-715852394892384_a135-0_558_map.h5 /home/daisy/GRB-Search-Pipeline/search-planning/tilings/tiling_files/2.5x2.5_tiling.csv 6695 10.0 10.0 5.0 0 /home/daisy/GRB-Search-Pipeline/results/training/short_searching_2.5x2.5_tiling.csv
Input Parameters:
  file        = /home/daisy/GRB-Search-Pipeline/results/training/maps/short/adapt_p11-715852394892384_a135-0_558_map.h5
  source_tile = 6695
  slew_rate   = 10
  dwell_time  = 5
  output      = /home/daisy/GRB-Search-Pipeline/results/training/short_searching_2.5x2.5_tiling.csv

source = [78.2841, 135], n_src_events = 512, n_bkg_events = 1272
Loaded 116 entries (unique=116, duplicates=0, missing=49036, out_of_bounds=0, non-finite=0)
Sum(prob) over finite entries = 0.999998
init sum: 0.999998
num pixels: 49152
tile num: 6781
total tile prob: 0.999998
tiles with prob > 0: 25
total tile prob after trim: 0.999998
num tiles after trim: 25
init_pos: 6617
*********running GCP*********
total time (wallclock): 0.0338275 seconds

$ /home/daisy/GRB-Search-Pipeline/search-planning/build/sp_train /home/daisy/GRB-Search-Pipeline/results/training/maps/short/adapt_p11-715852394892384_a135-0_559_map.h5 /home/daisy/GRB-Search-Pipeline/search-planning/tilings/tiling_files/2.5x2.5_tiling.csv 6695 10.0 10.0 5.0 0 /home/daisy/GRB-Search-Pipeline/results/training/short_searching_2.5x2.5_tiling.csv
Input Parameters:
  file        = /home/daisy/GRB-Search-Pipeline/results/training/maps/short/adapt_p11-715852394892384_a135-0_559_map.h5
  source_tile = 6695
  slew_rate   = 10
  dwell_time  = 5
  output      = /home/daisy/GRB-Search-Pipeline/results/training/short_searching_2.5x2.5_tiling.csv

source = [78.2841, 135], n_src_events = 883, n_bkg_events = 517
Loaded 47 entries (unique=47, duplicates=0, missing=49105, out_of_bounds=0, non-finite=0)
Sum(prob) over finite entries = 0.999998
init sum: 0.999998
num pixels: 49152
tile num: 6781
total tile prob: 0.999998
tiles with prob > 0: 10
total tile prob after trim: 0.999998
num tiles after trim: 10
init_pos: 6619
*********running GCP*********
total time (wallclock): 0.0322871 seconds

$ /home/daisy/GRB-Search-Pipeline/search-planning/build/sp_train /home/daisy/GRB-Search-Pipeline/results/training/maps/short/adapt_p11-715852394892384_a135-0_55_map.h5 /home/daisy/GRB-Search-Pipeline/search-planning/tilings/tiling_files/2.5x2.5_tiling.csv 6695 10.0 10.0 5.0 0 /home/daisy/GRB-Search-Pipeline/results/training/short_searching_2.5x2.5_tiling.csv
Input Parameters:
  file        = /home/daisy/GRB-Search-Pipeline/results/training/maps/short/adapt_p11-715852394892384_a135-0_55_map.h5
  source_tile = 6695
  slew_rate   = 10
  dwell_time  = 5
  output      = /home/daisy/GRB-Search-Pipeline/results/training/short_searching_2.5x2.5_tiling.csv

source = [78.2841, 135], n_src_events = 178, n_bkg_events = 834
Loaded 376 entries (unique=376, duplicates=0, missing=48776, out_of_bounds=0, non-finite=0)
Sum(prob) over finite entries = 0.999998
init sum: 0.999998
num pixels: 49152
tile num: 6781
total tile prob: 0.999998
tiles with prob > 0: 72
total tile prob after trim: 0.999998
num tiles after trim: 72
init_pos: 6662
*********running GCP*********
total time (wallclock): 0.0327031 seconds

$ /home/daisy/GRB-Search-Pipeline/search-planning/build/sp_train /home/daisy/GRB-Search-Pipeline/results/training/maps/short/adapt_p11-715852394892384_a135-0_560_map.h5 /home/daisy/GRB-Search-Pipeline/search-planning/tilings/tiling_files/2.5x2.5_tiling.csv 6695 10.0 10.0 5.0 0 /home/daisy/GRB-Search-Pipeline/results/training/short_searching_2.5x2.5_tiling.csv
Input Parameters:
  file        = /home/daisy/GRB-Search-Pipeline/results/training/maps/short/adapt_p11-715852394892384_a135-0_560_map.h5
  source_tile = 6695
  slew_rate   = 10
  dwell_time  = 5
  output      = /home/daisy/GRB-Search-Pipeline/results/training/short_searching_2.5x2.5_tiling.csv

source = [78.2841, 135], n_src_events = 483, n_bkg_events = 468
Loaded 141 entries (unique=141, duplicates=0, missing=49011, out_of_bounds=0, non-finite=0)
Sum(prob) over finite entries = 0.999999
init sum: 0.999999
num pixels: 49152
tile num: 6781
total tile prob: 0.999999
tiles with prob > 0: 28
total tile prob after trim: 0.999999
num tiles after trim: 28
init_pos: 6617
*********running GCP*********
total time (wallclock): 0.0326589 seconds

$ /home/daisy/GRB-Search-Pipeline/search-planning/build/sp_train /home/daisy/GRB-Search-Pipeline/results/training/maps/short/adapt_p11-715852394892384_a135-0_561_map.h5 /home/daisy/GRB-Search-Pipeline/search-planning/tilings/tiling_files/2.5x2.5_tiling.csv 6695 10.0 10.0 5.0 0 /home/daisy/GRB-Search-Pipeline/results/training/short_searching_2.5x2.5_tiling.csv
Input Parameters:
  file        = /home/daisy/GRB-Search-Pipeline/results/training/maps/short/adapt_p11-715852394892384_a135-0_561_map.h5
  source_tile = 6695
  slew_rate   = 10
  dwell_time  = 5
  output      = /home/daisy/GRB-Search-Pipeline/results/training/short_searching_2.5x2.5_tiling.csv

source = [78.2841, 135], n_src_events = 607, n_bkg_events = 1112
Loaded 108 entries (unique=108, duplicates=0, missing=49044, out_of_bounds=0, non-finite=0)
Sum(prob) over finite entries = 0.999999
init sum: 0.999999
num pixels: 49152
tile num: 6781
total tile prob: 0.999999
tiles with prob > 0: 21
total tile prob after trim: 0.999999
num tiles after trim: 21
init_pos: 6620
*********running GCP*********
total time (wallclock): 0.03707 seconds

$ /home/daisy/GRB-Search-Pipeline/search-planning/build/sp_train /home/daisy/GRB-Search-Pipeline/results/training/maps/short/adapt_p11-715852394892384_a135-0_562_map.h5 /home/daisy/GRB-Search-Pipeline/search-planning/tilings/tiling_files/2.5x2.5_tiling.csv 6695 10.0 10.0 5.0 0 /home/daisy/GRB-Search-Pipeline/results/training/short_searching_2.5x2.5_tiling.csv
Input Parameters:
  file        = /home/daisy/GRB-Search-Pipeline/results/training/maps/short/adapt_p11-715852394892384_a135-0_562_map.h5
  source_tile = 6695
  slew_rate   = 10
  dwell_time  = 5
  output      = /home/daisy/GRB-Search-Pipeline/results/training/short_searching_2.5x2.5_tiling.csv

source = [78.2841, 135], n_src_events = 522, n_bkg_events = 1402
Loaded 112 entries (unique=112, duplicates=0, missing=49040, out_of_bounds=0, non-finite=0)
Sum(prob) over finite entries = 0.999999
init sum: 0.999999
num pixels: 49152
tile num: 6781
total tile prob: 0.999999
tiles with prob > 0: 25
total tile prob after trim: 0.999999
num tiles after trim: 25
init_pos: 6618
*********running GCP*********
total time (wallclock): 0.0325407 seconds

$ /home/daisy/GRB-Search-Pipeline/search-planning/build/sp_train /home/daisy/GRB-Search-Pipeline/results/training/maps/short/adapt_p11-715852394892384_a135-0_563_map.h5 /home/daisy/GRB-Search-Pipeline/search-planning/tilings/tiling_files/2.5x2.5_tiling.csv 6695 10.0 10.0 5.0 0 /home/daisy/GRB-Search-Pipeline/results/training/short_searching_2.5x2.5_tiling.csv
Input Parameters:
  file        = /home/daisy/GRB-Search-Pipeline/results/training/maps/short/adapt_p11-715852394892384_a135-0_563_map.h5
  source_tile = 6695
  slew_rate   = 10
  dwell_time  = 5
  output      = /home/daisy/GRB-Search-Pipeline/results/training/short_searching_2.5x2.5_tiling.csv

source = [78.2841, 135], n_src_events = 247, n_bkg_events = 854
Loaded 356 entries (unique=356, duplicates=0, missing=48796, out_of_bounds=0, non-finite=0)
Sum(prob) over finite entries = 0.999999
init sum: 0.999999
num pixels: 49152
tile num: 6781
total tile prob: 0.999999
tiles with prob > 0: 67
total tile prob after trim: 0.999999
num tiles after trim: 67
init_pos: 6723
*********running GCP*********
total time (wallclock): 0.0318867 seconds

$ /home/daisy/GRB-Search-Pipeline/search-planning/build/sp_train /home/daisy/GRB-Search-Pipeline/results/training/maps/short/adapt_p11-715852394892384_a135-0_564_map.h5 /home/daisy/GRB-Search-Pipeline/search-planning/tilings/tiling_files/2.5x2.5_tiling.csv 6695 10.0 10.0 5.0 0 /home/daisy/GRB-Search-Pipeline/results/training/short_searching_2.5x2.5_tiling.csv
Input Parameters:
  file        = /home/daisy/GRB-Search-Pipeline/results/training/maps/short/adapt_p11-715852394892384_a135-0_564_map.h5
  source_tile = 6695
  slew_rate   = 10
  dwell_time  = 5
  output      = /home/daisy/GRB-Search-Pipeline/results/training/short_searching_2.5x2.5_tiling.csv

source = [78.2841, 135], n_src_events = 860, n_bkg_events = 551
Loaded 50 entries (unique=50, duplicates=0, missing=49102, out_of_bounds=0, non-finite=0)
Sum(prob) over finite entries = 1
init sum: 1
num pixels: 49152
tile num: 6781
total tile prob: 1
tiles with prob > 0: 12
total tile prob after trim: 1
num tiles after trim: 12
init_pos: 6695
*********running GCP*********
total time (wallclock): 0.0305208 seconds

$ /home/daisy/GRB-Search-Pipeline/search-planning/build/sp_train /home/daisy/GRB-Search-Pipeline/results/training/maps/short/adapt_p11-715852394892384_a135-0_565_map.h5 /home/daisy/GRB-Search-Pipeline/search-planning/tilings/tiling_files/2.5x2.5_tiling.csv 6695 10.0 10.0 5.0 0 /home/daisy/GRB-Search-Pipeline/results/training/short_searching_2.5x2.5_tiling.csv
Input Parameters:
  file        = /home/daisy/GRB-Search-Pipeline/results/training/maps/short/adapt_p11-715852394892384_a135-0_565_map.h5
  source_tile = 6695
  slew_rate   = 10
  dwell_time  = 5
  output      = /home/daisy/GRB-Search-Pipeline/results/training/short_searching_2.5x2.5_tiling.csv

source = [78.2841, 135], n_src_events = 442, n_bkg_events = 501
Loaded 170 entries (unique=170, duplicates=0, missing=48982, out_of_bounds=0, non-finite=0)
Sum(prob) over finite entries = 0.999999
init sum: 0.999999
num pixels: 49152
tile num: 6781
total tile prob: 0.999999
tiles with prob > 0: 34
total tile prob after trim: 0.999999
num tiles after trim: 34
init_pos: 6659
*********running GCP*********
total time (wallclock): 0.0325564 seconds

$ /home/daisy/GRB-Search-Pipeline/search-planning/build/sp_train /home/daisy/GRB-Search-Pipeline/results/training/maps/short/adapt_p11-715852394892384_a135-0_566_map.h5 /home/daisy/GRB-Search-Pipeline/search-planning/tilings/tiling_files/2.5x2.5_tiling.csv 6695 10.0 10.0 5.0 0 /home/daisy/GRB-Search-Pipeline/results/training/short_searching_2.5x2.5_tiling.csv
Input Parameters:
  file        = /home/daisy/GRB-Search-Pipeline/results/training/maps/short/adapt_p11-715852394892384_a135-0_566_map.h5
  source_tile = 6695
  slew_rate   = 10
  dwell_time  = 5
  output      = /home/daisy/GRB-Search-Pipeline/results/training/short_searching_2.5x2.5_tiling.csv

source = [78.2841, 135], n_src_events = 417, n_bkg_events = 1514
Loaded 345 entries (unique=345, duplicates=0, missing=48807, out_of_bounds=0, non-finite=0)
Sum(prob) over finite entries = 0.999998
init sum: 0.999998
num pixels: 49152
tile num: 6781
total tile prob: 0.999998
tiles with prob > 0: 62
total tile prob after trim: 0.999998
num tiles after trim: 62
init_pos: 6698
*********running GCP*********
total time (wallclock): 0.0328142 seconds

$ /home/daisy/GRB-Search-Pipeline/search-planning/build/sp_train /home/daisy/GRB-Search-Pipeline/results/training/maps/short/adapt_p11-715852394892384_a135-0_567_map.h5 /home/daisy/GRB-Search-Pipeline/search-planning/tilings/tiling_files/2.5x2.5_tiling.csv 6695 10.0 10.0 5.0 0 /home/daisy/GRB-Search-Pipeline/results/training/short_searching_2.5x2.5_tiling.csv
Input Parameters:
  file        = /home/daisy/GRB-Search-Pipeline/results/training/maps/short/adapt_p11-715852394892384_a135-0_567_map.h5
  source_tile = 6695
  slew_rate   = 10
  dwell_time  = 5
  output      = /home/daisy/GRB-Search-Pipeline/results/training/short_searching_2.5x2.5_tiling.csv

source = [78.2841, 135], n_src_events = 741, n_bkg_events = 1718
Loaded 77 entries (unique=77, duplicates=0, missing=49075, out_of_bounds=0, non-finite=0)
Sum(prob) over finite entries = 0.999999
init sum: 0.999999
num pixels: 49152
tile num: 6781
total tile prob: 0.999999
tiles with prob > 0: 17
total tile prob after trim: 0.999999
num tiles after trim: 17
init_pos: 6661
*********running GCP*********
total time (wallclock): 0.0311883 seconds

$ /home/daisy/GRB-Search-Pipeline/search-planning/build/sp_train /home/daisy/GRB-Search-Pipeline/results/training/maps/short/adapt_p11-715852394892384_a135-0_568_map.h5 /home/daisy/GRB-Search-Pipeline/search-planning/tilings/tiling_files/2.5x2.5_tiling.csv 6695 10.0 10.0 5.0 0 /home/daisy/GRB-Search-Pipeline/results/training/short_searching_2.5x2.5_tiling.csv
Input Parameters:
  file        = /home/daisy/GRB-Search-Pipeline/results/training/maps/short/adapt_p11-715852394892384_a135-0_568_map.h5
  source_tile = 6695
  slew_rate   = 10
  dwell_time  = 5
  output      = /home/daisy/GRB-Search-Pipeline/results/training/short_searching_2.5x2.5_tiling.csv

source = [78.2841, 135], n_src_events = 645, n_bkg_events = 153
Loaded 72 entries (unique=72, duplicates=0, missing=49080, out_of_bounds=0, non-finite=0)
Sum(prob) over finite entries = 0.999999
init sum: 0.999999
num pixels: 49152
tile num: 6781
total tile prob: 0.999999
tiles with prob > 0: 16
total tile prob after trim: 0.999999
num tiles after trim: 16
init_pos: 6663
*********running GCP*********
total time (wallclock): 0.0339377 seconds

$ /home/daisy/GRB-Search-Pipeline/search-planning/build/sp_train /home/daisy/GRB-Search-Pipeline/results/training/maps/short/adapt_p11-715852394892384_a135-0_569_map.h5 /home/daisy/GRB-Search-Pipeline/search-planning/tilings/tiling_files/2.5x2.5_tiling.csv 6695 10.0 10.0 5.0 0 /home/daisy/GRB-Search-Pipeline/results/training/short_searching_2.5x2.5_tiling.csv
Input Parameters:
  file        = /home/daisy/GRB-Search-Pipeline/results/training/maps/short/adapt_p11-715852394892384_a135-0_569_map.h5
  source_tile = 6695
  slew_rate   = 10
  dwell_time  = 5
  output      = /home/daisy/GRB-Search-Pipeline/results/training/short_searching_2.5x2.5_tiling.csv

source = [78.2841, 135], n_src_events = 677, n_bkg_events = 1646
Loaded 85 entries (unique=85, duplicates=0, missing=49067, out_of_bounds=0, non-finite=0)
Sum(prob) over finite entries = 0.999998
init sum: 0.999998
num pixels: 49152
tile num: 6781
total tile prob: 0.999998
tiles with prob > 0: 21
total tile prob after trim: 0.999998
num tiles after trim: 21
init_pos: 6616
*********running GCP*********
total time (wallclock): 0.0322729 seconds

$ /home/daisy/GRB-Search-Pipeline/search-planning/build/sp_train /home/daisy/GRB-Search-Pipeline/results/training/maps/short/adapt_p11-715852394892384_a135-0_56_map.h5 /home/daisy/GRB-Search-Pipeline/search-planning/tilings/tiling_files/2.5x2.5_tiling.csv 6695 10.0 10.0 5.0 0 /home/daisy/GRB-Search-Pipeline/results/training/short_searching_2.5x2.5_tiling.csv
Input Parameters:
  file        = /home/daisy/GRB-Search-Pipeline/results/training/maps/short/adapt_p11-715852394892384_a135-0_56_map.h5
  source_tile = 6695
  slew_rate   = 10
  dwell_time  = 5
  output      = /home/daisy/GRB-Search-Pipeline/results/training/short_searching_2.5x2.5_tiling.csv

source = [78.2841, 135], n_src_events = 414, n_bkg_events = 749
Loaded 181 entries (unique=181, duplicates=0, missing=48971, out_of_bounds=0, non-finite=0)
Sum(prob) over finite entries = 0.999998
init sum: 0.999998
num pixels: 49152
tile num: 6781
total tile prob: 0.999998
tiles with prob > 0: 38
total tile prob after trim: 0.999998
num tiles after trim: 38
init_pos: 6659
*********running GCP*********
total time (wallclock): 0.033308 seconds

$ /home/daisy/GRB-Search-Pipeline/search-planning/build/sp_train /home/daisy/GRB-Search-Pipeline/results/training/maps/short/adapt_p11-715852394892384_a135-0_570_map.h5 /home/daisy/GRB-Search-Pipeline/search-planning/tilings/tiling_files/2.5x2.5_tiling.csv 6695 10.0 10.0 5.0 0 /home/daisy/GRB-Search-Pipeline/results/training/short_searching_2.5x2.5_tiling.csv
Input Parameters:
  file        = /home/daisy/GRB-Search-Pipeline/results/training/maps/short/adapt_p11-715852394892384_a135-0_570_map.h5
  source_tile = 6695
  slew_rate   = 10
  dwell_time  = 5
  output      = /home/daisy/GRB-Search-Pipeline/results/training/short_searching_2.5x2.5_tiling.csv

source = [78.2841, 135], n_src_events = 309, n_bkg_events = 1200
Loaded 353 entries (unique=353, duplicates=0, missing=48799, out_of_bounds=0, non-finite=0)
Sum(prob) over finite entries = 0.999999
init sum: 0.999999
num pixels: 49152
tile num: 6781
total tile prob: 0.999999
tiles with prob > 0: 64
total tile prob after trim: 0.999999
num tiles after trim: 64
init_pos: 6615
*********running GCP*********
total time (wallclock): 0.0342584 seconds

$ /home/daisy/GRB-Search-Pipeline/search-planning/build/sp_train /home/daisy/GRB-Search-Pipeline/results/training/maps/short/adapt_p11-715852394892384_a135-0_571_map.h5 /home/daisy/GRB-Search-Pipeline/search-planning/tilings/tiling_files/2.5x2.5_tiling.csv 6695 10.0 10.0 5.0 0 /home/daisy/GRB-Search-Pipeline/results/training/short_searching_2.5x2.5_tiling.csv
Input Parameters:
  file        = /home/daisy/GRB-Search-Pipeline/results/training/maps/short/adapt_p11-715852394892384_a135-0_571_map.h5
  source_tile = 6695
  slew_rate   = 10
  dwell_time  = 5
  output      = /home/daisy/GRB-Search-Pipeline/results/training/short_searching_2.5x2.5_tiling.csv

source = [78.2841, 135], n_src_events = 717, n_bkg_events = 747
Loaded 56 entries (unique=56, duplicates=0, missing=49096, out_of_bounds=0, non-finite=0)
Sum(prob) over finite entries = 0.999999
init sum: 0.999999
num pixels: 49152
tile num: 6781
total tile prob: 0.999999
tiles with prob > 0: 14
total tile prob after trim: 0.999999
num tiles after trim: 14
init_pos: 6618
*********running GCP*********
total time (wallclock): 0.0336252 seconds

$ /home/daisy/GRB-Search-Pipeline/search-planning/build/sp_train /home/daisy/GRB-Search-Pipeline/results/training/maps/short/adapt_p11-715852394892384_a135-0_572_map.h5 /home/daisy/GRB-Search-Pipeline/search-planning/tilings/tiling_files/2.5x2.5_tiling.csv 6695 10.0 10.0 5.0 0 /home/daisy/GRB-Search-Pipeline/results/training/short_searching_2.5x2.5_tiling.csv
Input Parameters:
  file        = /home/daisy/GRB-Search-Pipeline/results/training/maps/short/adapt_p11-715852394892384_a135-0_572_map.h5
  source_tile = 6695
  slew_rate   = 10
  dwell_time  = 5
  output      = /home/daisy/GRB-Search-Pipeline/results/training/short_searching_2.5x2.5_tiling.csv

source = [78.2841, 135], n_src_events = 178, n_bkg_events = 1545
Loaded 1024 entries (unique=1024, duplicates=0, missing=48128, out_of_bounds=0, non-finite=0)
Sum(prob) over finite entries = 0.999997
init sum: 0.999997
num pixels: 49152
tile num: 6781
total tile prob: 0.999997
tiles with prob > 0: 165
total tile prob after trim: 0.999997
num tiles after trim: 165
init_pos: 6166
*********running GCP*********
total time (wallclock): 0.136895 seconds

$ /home/daisy/GRB-Search-Pipeline/search-planning/build/sp_train /home/daisy/GRB-Search-Pipeline/results/training/maps/short/adapt_p11-715852394892384_a135-0_573_map.h5 /home/daisy/GRB-Search-Pipeline/search-planning/tilings/tiling_files/2.5x2.5_tiling.csv 6695 10.0 10.0 5.0 0 /home/daisy/GRB-Search-Pipeline/results/training/short_searching_2.5x2.5_tiling.csv
Input Parameters:
  file        = /home/daisy/GRB-Search-Pipeline/results/training/maps/short/adapt_p11-715852394892384_a135-0_573_map.h5
  source_tile = 6695
  slew_rate   = 10
  dwell_time  = 5
  output      = /home/daisy/GRB-Search-Pipeline/results/training/short_searching_2.5x2.5_tiling.csv

source = [78.2841, 135], n_src_events = 688, n_bkg_events = 1144
Loaded 73 entries (unique=73, duplicates=0, missing=49079, out_of_bounds=0, non-finite=0)
Sum(prob) over finite entries = 0.999998
init sum: 0.999998
num pixels: 49152
tile num: 6781
total tile prob: 0.999998
tiles with prob > 0: 16
total tile prob after trim: 0.999998
num tiles after trim: 16
init_pos: 6619
*********running GCP*********
total time (wallclock): 0.0324513 seconds

$ /home/daisy/GRB-Search-Pipeline/search-planning/build/sp_train /home/daisy/GRB-Search-Pipeline/results/training/maps/short/adapt_p11-715852394892384_a135-0_574_map.h5 /home/daisy/GRB-Search-Pipeline/search-planning/tilings/tiling_files/2.5x2.5_tiling.csv 6695 10.0 10.0 5.0 0 /home/daisy/GRB-Search-Pipeline/results/training/short_searching_2.5x2.5_tiling.csv
Input Parameters:
  file        = /home/daisy/GRB-Search-Pipeline/results/training/maps/short/adapt_p11-715852394892384_a135-0_574_map.h5
  source_tile = 6695
  slew_rate   = 10
  dwell_time  = 5
  output      = /home/daisy/GRB-Search-Pipeline/results/training/short_searching_2.5x2.5_tiling.csv

source = [78.2841, 135], n_src_events = 398, n_bkg_events = 1424
Loaded 247 entries (unique=247, duplicates=0, missing=48905, out_of_bounds=0, non-finite=0)
Sum(prob) over finite entries = 0.999999
init sum: 0.999999
num pixels: 49152
tile num: 6781
total tile prob: 0.999999
tiles with prob > 0: 46
total tile prob after trim: 0.999999
num tiles after trim: 46
init_pos: 6573
*********running GCP*********
total time (wallclock): 0.0562406 seconds

$ /home/daisy/GRB-Search-Pipeline/search-planning/build/sp_train /home/daisy/GRB-Search-Pipeline/results/training/maps/short/adapt_p11-715852394892384_a135-0_575_map.h5 /home/daisy/GRB-Search-Pipeline/search-planning/tilings/tiling_files/2.5x2.5_tiling.csv 6695 10.0 10.0 5.0 0 /home/daisy/GRB-Search-Pipeline/results/training/short_searching_2.5x2.5_tiling.csv
Input Parameters:
  file        = /home/daisy/GRB-Search-Pipeline/results/training/maps/short/adapt_p11-715852394892384_a135-0_575_map.h5
  source_tile = 6695
  slew_rate   = 10
  dwell_time  = 5
  output      = /home/daisy/GRB-Search-Pipeline/results/training/short_searching_2.5x2.5_tiling.csv

source = [78.2841, 135], n_src_events = 503, n_bkg_events = 1777
Loaded 122 entries (unique=122, duplicates=0, missing=49030, out_of_bounds=0, non-finite=0)
Sum(prob) over finite entries = 0.999999
init sum: 0.999999
num pixels: 49152
tile num: 6781
total tile prob: 0.999999
tiles with prob > 0: 27
total tile prob after trim: 0.999999
num tiles after trim: 27
init_pos: 6659
*********running GCP*********
total time (wallclock): 0.0339901 seconds

$ /home/daisy/GRB-Search-Pipeline/search-planning/build/sp_train /home/daisy/GRB-Search-Pipeline/results/training/maps/short/adapt_p11-715852394892384_a135-0_576_map.h5 /home/daisy/GRB-Search-Pipeline/search-planning/tilings/tiling_files/2.5x2.5_tiling.csv 6695 10.0 10.0 5.0 0 /home/daisy/GRB-Search-Pipeline/results/training/short_searching_2.5x2.5_tiling.csv
Input Parameters:
  file        = /home/daisy/GRB-Search-Pipeline/results/training/maps/short/adapt_p11-715852394892384_a135-0_576_map.h5
  source_tile = 6695
  slew_rate   = 10
  dwell_time  = 5
  output      = /home/daisy/GRB-Search-Pipeline/results/training/short_searching_2.5x2.5_tiling.csv

source = [78.2841, 135], n_src_events = 875, n_bkg_events = 498
Loaded 36 entries (unique=36, duplicates=0, missing=49116, out_of_bounds=0, non-finite=0)
Sum(prob) over finite entries = 0.999999
init sum: 0.999999
num pixels: 49152
tile num: 6781
total tile prob: 0.999999
tiles with prob > 0: 9
total tile prob after trim: 0.999999
num tiles after trim: 9
init_pos: 6618
*********running GCP*********
total time (wallclock): 0.0330661 seconds

$ /home/daisy/GRB-Search-Pipeline/search-planning/build/sp_train /home/daisy/GRB-Search-Pipeline/results/training/maps/short/adapt_p11-715852394892384_a135-0_577_map.h5 /home/daisy/GRB-Search-Pipeline/search-planning/tilings/tiling_files/2.5x2.5_tiling.csv 6695 10.0 10.0 5.0 0 /home/daisy/GRB-Search-Pipeline/results/training/short_searching_2.5x2.5_tiling.csv
Input Parameters:
  file        = /home/daisy/GRB-Search-Pipeline/results/training/maps/short/adapt_p11-715852394892384_a135-0_577_map.h5
  source_tile = 6695
  slew_rate   = 10
  dwell_time  = 5
  output      = /home/daisy/GRB-Search-Pipeline/results/training/short_searching_2.5x2.5_tiling.csv

source = [78.2841, 135], n_src_events = 870, n_bkg_events = 1326
Loaded 75 entries (unique=75, duplicates=0, missing=49077, out_of_bounds=0, non-finite=0)
Sum(prob) over finite entries = 0.999999
init sum: 0.999999
num pixels: 49152
tile num: 6781
total tile prob: 0.999999
tiles with prob > 0: 18
total tile prob after trim: 0.999999
num tiles after trim: 18
init_pos: 6619
*********running GCP*********
total time (wallclock): 0.0332955 seconds

$ /home/daisy/GRB-Search-Pipeline/search-planning/build/sp_train /home/daisy/GRB-Search-Pipeline/results/training/maps/short/adapt_p11-715852394892384_a135-0_578_map.h5 /home/daisy/GRB-Search-Pipeline/search-planning/tilings/tiling_files/2.5x2.5_tiling.csv 6695 10.0 10.0 5.0 0 /home/daisy/GRB-Search-Pipeline/results/training/short_searching_2.5x2.5_tiling.csv
Input Parameters:
  file        = /home/daisy/GRB-Search-Pipeline/results/training/maps/short/adapt_p11-715852394892384_a135-0_578_map.h5
  source_tile = 6695
  slew_rate   = 10
  dwell_time  = 5
  output      = /home/daisy/GRB-Search-Pipeline/results/training/short_searching_2.5x2.5_tiling.csv

source = [78.2841, 135], n_src_events = 433, n_bkg_events = 1235
Loaded 237 entries (unique=237, duplicates=0, missing=48915, out_of_bounds=0, non-finite=0)
Sum(prob) over finite entries = 0.999998
init sum: 0.999998
num pixels: 49152
tile num: 6781
total tile prob: 0.999998
tiles with prob > 0: 52
total tile prob after trim: 0.999998
num tiles after trim: 52
init_pos: 6776
*********running GCP*********
total time (wallclock): 0.0624151 seconds

$ /home/daisy/GRB-Search-Pipeline/search-planning/build/sp_train /home/daisy/GRB-Search-Pipeline/results/training/maps/short/adapt_p11-715852394892384_a135-0_579_map.h5 /home/daisy/GRB-Search-Pipeline/search-planning/tilings/tiling_files/2.5x2.5_tiling.csv 6695 10.0 10.0 5.0 0 /home/daisy/GRB-Search-Pipeline/results/training/short_searching_2.5x2.5_tiling.csv
Input Parameters:
  file        = /home/daisy/GRB-Search-Pipeline/results/training/maps/short/adapt_p11-715852394892384_a135-0_579_map.h5
  source_tile = 6695
  slew_rate   = 10
  dwell_time  = 5
  output      = /home/daisy/GRB-Search-Pipeline/results/training/short_searching_2.5x2.5_tiling.csv

source = [78.2841, 135], n_src_events = 465, n_bkg_events = 1302
Loaded 113 entries (unique=113, duplicates=0, missing=49039, out_of_bounds=0, non-finite=0)
Sum(prob) over finite entries = 0.999998
init sum: 0.999998
num pixels: 49152
tile num: 6781
total tile prob: 0.999998
tiles with prob > 0: 23
total tile prob after trim: 0.999998
num tiles after trim: 23
init_pos: 6616
*********running GCP*********
total time (wallclock): 0.0340194 seconds

$ /home/daisy/GRB-Search-Pipeline/search-planning/build/sp_train /home/daisy/GRB-Search-Pipeline/results/training/maps/short/adapt_p11-715852394892384_a135-0_57_map.h5 /home/daisy/GRB-Search-Pipeline/search-planning/tilings/tiling_files/2.5x2.5_tiling.csv 6695 10.0 10.0 5.0 0 /home/daisy/GRB-Search-Pipeline/results/training/short_searching_2.5x2.5_tiling.csv
Input Parameters:
  file        = /home/daisy/GRB-Search-Pipeline/results/training/maps/short/adapt_p11-715852394892384_a135-0_57_map.h5
  source_tile = 6695
  slew_rate   = 10
  dwell_time  = 5
  output      = /home/daisy/GRB-Search-Pipeline/results/training/short_searching_2.5x2.5_tiling.csv

source = [78.2841, 135], n_src_events = 260, n_bkg_events = 304
Loaded 224 entries (unique=224, duplicates=0, missing=48928, out_of_bounds=0, non-finite=0)
Sum(prob) over finite entries = 0.999998
init sum: 0.999998
num pixels: 49152
tile num: 6781
total tile prob: 0.999998
tiles with prob > 0: 44
total tile prob after trim: 0.999998
num tiles after trim: 44
init_pos: 6661
*********running GCP*********
total time (wallclock): 0.0317689 seconds

$ /home/daisy/GRB-Search-Pipeline/search-planning/build/sp_train /home/daisy/GRB-Search-Pipeline/results/training/maps/short/adapt_p11-715852394892384_a135-0_580_map.h5 /home/daisy/GRB-Search-Pipeline/search-planning/tilings/tiling_files/2.5x2.5_tiling.csv 6695 10.0 10.0 5.0 0 /home/daisy/GRB-Search-Pipeline/results/training/short_searching_2.5x2.5_tiling.csv
Input Parameters:
  file        = /home/daisy/GRB-Search-Pipeline/results/training/maps/short/adapt_p11-715852394892384_a135-0_580_map.h5
  source_tile = 6695
  slew_rate   = 10
  dwell_time  = 5
  output      = /home/daisy/GRB-Search-Pipeline/results/training/short_searching_2.5x2.5_tiling.csv

source = [78.2841, 135], n_src_events = 406, n_bkg_events = 1612
Loaded 201 entries (unique=201, duplicates=0, missing=48951, out_of_bounds=0, non-finite=0)
Sum(prob) over finite entries = 0.999999
init sum: 0.999999
num pixels: 49152
tile num: 6781
total tile prob: 0.999999
tiles with prob > 0: 41
total tile prob after trim: 0.999999
num tiles after trim: 41
init_pos: 6664
*********running GCP*********
total time (wallclock): 0.0343959 seconds

$ /home/daisy/GRB-Search-Pipeline/search-planning/build/sp_train /home/daisy/GRB-Search-Pipeline/results/training/maps/short/adapt_p11-715852394892384_a135-0_581_map.h5 /home/daisy/GRB-Search-Pipeline/search-planning/tilings/tiling_files/2.5x2.5_tiling.csv 6695 10.0 10.0 5.0 0 /home/daisy/GRB-Search-Pipeline/results/training/short_searching_2.5x2.5_tiling.csv
Input Parameters:
  file        = /home/daisy/GRB-Search-Pipeline/results/training/maps/short/adapt_p11-715852394892384_a135-0_581_map.h5
  source_tile = 6695
  slew_rate   = 10
  dwell_time  = 5
  output      = /home/daisy/GRB-Search-Pipeline/results/training/short_searching_2.5x2.5_tiling.csv

source = [78.2841, 135], n_src_events = 278, n_bkg_events = 1326
Loaded 303 entries (unique=303, duplicates=0, missing=48849, out_of_bounds=0, non-finite=0)
Sum(prob) over finite entries = 0.999998
init sum: 0.999998
num pixels: 49152
tile num: 6781
total tile prob: 0.999998
tiles with prob > 0: 55
total tile prob after trim: 0.999998
num tiles after trim: 55
init_pos: 6520
*********running GCP*********
total time (wallclock): 0.038957 seconds

$ /home/daisy/GRB-Search-Pipeline/search-planning/build/sp_train /home/daisy/GRB-Search-Pipeline/results/training/maps/short/adapt_p11-715852394892384_a135-0_582_map.h5 /home/daisy/GRB-Search-Pipeline/search-planning/tilings/tiling_files/2.5x2.5_tiling.csv 6695 10.0 10.0 5.0 0 /home/daisy/GRB-Search-Pipeline/results/training/short_searching_2.5x2.5_tiling.csv
Input Parameters:
  file        = /home/daisy/GRB-Search-Pipeline/results/training/maps/short/adapt_p11-715852394892384_a135-0_582_map.h5
  source_tile = 6695
  slew_rate   = 10
  dwell_time  = 5
  output      = /home/daisy/GRB-Search-Pipeline/results/training/short_searching_2.5x2.5_tiling.csv

source = [78.2841, 135], n_src_events = 448, n_bkg_events = 497
Loaded 120 entries (unique=120, duplicates=0, missing=49032, out_of_bounds=0, non-finite=0)
Sum(prob) over finite entries = 0.999998
init sum: 0.999998
num pixels: 49152
tile num: 6781
total tile prob: 0.999998
tiles with prob > 0: 25
total tile prob after trim: 0.999998
num tiles after trim: 25
init_pos: 6658
*********running GCP*********
total time (wallclock): 0.0333978 seconds

$ /home/daisy/GRB-Search-Pipeline/search-planning/build/sp_train /home/daisy/GRB-Search-Pipeline/results/training/maps/short/adapt_p11-715852394892384_a135-0_583_map.h5 /home/daisy/GRB-Search-Pipeline/search-planning/tilings/tiling_files/2.5x2.5_tiling.csv 6695 10.0 10.0 5.0 0 /home/daisy/GRB-Search-Pipeline/results/training/short_searching_2.5x2.5_tiling.csv
Input Parameters:
  file        = /home/daisy/GRB-Search-Pipeline/results/training/maps/short/adapt_p11-715852394892384_a135-0_583_map.h5
  source_tile = 6695
  slew_rate   = 10
  dwell_time  = 5
  output      = /home/daisy/GRB-Search-Pipeline/results/training/short_searching_2.5x2.5_tiling.csv

source = [78.2841, 135], n_src_events = 531, n_bkg_events = 1388
Loaded 117 entries (unique=117, duplicates=0, missing=49035, out_of_bounds=0, non-finite=0)
Sum(prob) over finite entries = 0.999999
init sum: 0.999999
num pixels: 49152
tile num: 6781
total tile prob: 0.999999
tiles with prob > 0: 24
total tile prob after trim: 0.999999
num tiles after trim: 24
init_pos: 6616
*********running GCP*********
total time (wallclock): 0.031494 seconds

$ /home/daisy/GRB-Search-Pipeline/search-planning/build/sp_train /home/daisy/GRB-Search-Pipeline/results/training/maps/short/adapt_p11-715852394892384_a135-0_584_map.h5 /home/daisy/GRB-Search-Pipeline/search-planning/tilings/tiling_files/2.5x2.5_tiling.csv 6695 10.0 10.0 5.0 0 /home/daisy/GRB-Search-Pipeline/results/training/short_searching_2.5x2.5_tiling.csv
Input Parameters:
  file        = /home/daisy/GRB-Search-Pipeline/results/training/maps/short/adapt_p11-715852394892384_a135-0_584_map.h5
  source_tile = 6695
  slew_rate   = 10
  dwell_time  = 5
  output      = /home/daisy/GRB-Search-Pipeline/results/training/short_searching_2.5x2.5_tiling.csv

source = [78.2841, 135], n_src_events = 329, n_bkg_events = 755
Loaded 238 entries (unique=238, duplicates=0, missing=48914, out_of_bounds=0, non-finite=0)
Sum(prob) over finite entries = 0.999998
init sum: 0.999998
num pixels: 49152
tile num: 6781
total tile prob: 0.999998
tiles with prob > 0: 44
total tile prob after trim: 0.999998
num tiles after trim: 44
init_pos: 6664
*********running GCP*********
total time (wallclock): 0.034883 seconds

$ /home/daisy/GRB-Search-Pipeline/search-planning/build/sp_train /home/daisy/GRB-Search-Pipeline/results/training/maps/short/adapt_p11-715852394892384_a135-0_585_map.h5 /home/daisy/GRB-Search-Pipeline/search-planning/tilings/tiling_files/2.5x2.5_tiling.csv 6695 10.0 10.0 5.0 0 /home/daisy/GRB-Search-Pipeline/results/training/short_searching_2.5x2.5_tiling.csv
Input Parameters:
  file        = /home/daisy/GRB-Search-Pipeline/results/training/maps/short/adapt_p11-715852394892384_a135-0_585_map.h5
  source_tile = 6695
  slew_rate   = 10
  dwell_time  = 5
  output      = /home/daisy/GRB-Search-Pipeline/results/training/short_searching_2.5x2.5_tiling.csv

source = [78.2841, 135], n_src_events = 477, n_bkg_events = 1355
Loaded 144 entries (unique=144, duplicates=0, missing=49008, out_of_bounds=0, non-finite=0)
Sum(prob) over finite entries = 0.999999
init sum: 0.999999
num pixels: 49152
tile num: 6781
total tile prob: 0.999999
tiles with prob > 0: 30
total tile prob after trim: 0.999999
num tiles after trim: 30
init_pos: 6724
*********running GCP*********
total time (wallclock): 0.0313858 seconds

$ /home/daisy/GRB-Search-Pipeline/search-planning/build/sp_train /home/daisy/GRB-Search-Pipeline/results/training/maps/short/adapt_p11-715852394892384_a135-0_586_map.h5 /home/daisy/GRB-Search-Pipeline/search-planning/tilings/tiling_files/2.5x2.5_tiling.csv 6695 10.0 10.0 5.0 0 /home/daisy/GRB-Search-Pipeline/results/training/short_searching_2.5x2.5_tiling.csv
Input Parameters:
  file        = /home/daisy/GRB-Search-Pipeline/results/training/maps/short/adapt_p11-715852394892384_a135-0_586_map.h5
  source_tile = 6695
  slew_rate   = 10
  dwell_time  = 5
  output      = /home/daisy/GRB-Search-Pipeline/results/training/short_searching_2.5x2.5_tiling.csv

source = [78.2841, 135], n_src_events = 758, n_bkg_events = 564
Loaded 69 entries (unique=69, duplicates=0, missing=49083, out_of_bounds=0, non-finite=0)
Sum(prob) over finite entries = 0.999999
init sum: 0.999999
num pixels: 49152
tile num: 6781
total tile prob: 0.999999
tiles with prob > 0: 18
total tile prob after trim: 0.999999
num tiles after trim: 18
init_pos: 6725
*********running GCP*********
total time (wallclock): 0.0314265 seconds

$ /home/daisy/GRB-Search-Pipeline/search-planning/build/sp_train /home/daisy/GRB-Search-Pipeline/results/training/maps/short/adapt_p11-715852394892384_a135-0_587_map.h5 /home/daisy/GRB-Search-Pipeline/search-planning/tilings/tiling_files/2.5x2.5_tiling.csv 6695 10.0 10.0 5.0 0 /home/daisy/GRB-Search-Pipeline/results/training/short_searching_2.5x2.5_tiling.csv
Input Parameters:
  file        = /home/daisy/GRB-Search-Pipeline/results/training/maps/short/adapt_p11-715852394892384_a135-0_587_map.h5
  source_tile = 6695
  slew_rate   = 10
  dwell_time  = 5
  output      = /home/daisy/GRB-Search-Pipeline/results/training/short_searching_2.5x2.5_tiling.csv

source = [78.2841, 135], n_src_events = 219, n_bkg_events = 729
Loaded 301 entries (unique=301, duplicates=0, missing=48851, out_of_bounds=0, non-finite=0)
Sum(prob) over finite entries = 0.999999
init sum: 0.999999
num pixels: 49152
tile num: 6781
total tile prob: 0.999999
tiles with prob > 0: 56
total tile prob after trim: 0.999999
num tiles after trim: 56
init_pos: 6516
*********running GCP*********
total time (wallclock): 0.0385452 seconds

$ /home/daisy/GRB-Search-Pipeline/search-planning/build/sp_train /home/daisy/GRB-Search-Pipeline/results/training/maps/short/adapt_p11-715852394892384_a135-0_588_map.h5 /home/daisy/GRB-Search-Pipeline/search-planning/tilings/tiling_files/2.5x2.5_tiling.csv 6695 10.0 10.0 5.0 0 /home/daisy/GRB-Search-Pipeline/results/training/short_searching_2.5x2.5_tiling.csv
Input Parameters:
  file        = /home/daisy/GRB-Search-Pipeline/results/training/maps/short/adapt_p11-715852394892384_a135-0_588_map.h5
  source_tile = 6695
  slew_rate   = 10
  dwell_time  = 5
  output      = /home/daisy/GRB-Search-Pipeline/results/training/short_searching_2.5x2.5_tiling.csv

source = [78.2841, 135], n_src_events = 803, n_bkg_events = 215
Loaded 56 entries (unique=56, duplicates=0, missing=49096, out_of_bounds=0, non-finite=0)
Sum(prob) over finite entries = 0.999999
init sum: 0.999999
num pixels: 49152
tile num: 6781
total tile prob: 0.999999
tiles with prob > 0: 15
total tile prob after trim: 0.999999
num tiles after trim: 15
init_pos: 6696
*********running GCP*********
total time (wallclock): 0.0310264 seconds

$ /home/daisy/GRB-Search-Pipeline/search-planning/build/sp_train /home/daisy/GRB-Search-Pipeline/results/training/maps/short/adapt_p11-715852394892384_a135-0_589_map.h5 /home/daisy/GRB-Search-Pipeline/search-planning/tilings/tiling_files/2.5x2.5_tiling.csv 6695 10.0 10.0 5.0 0 /home/daisy/GRB-Search-Pipeline/results/training/short_searching_2.5x2.5_tiling.csv
Input Parameters:
  file        = /home/daisy/GRB-Search-Pipeline/results/training/maps/short/adapt_p11-715852394892384_a135-0_589_map.h5
  source_tile = 6695
  slew_rate   = 10
  dwell_time  = 5
  output      = /home/daisy/GRB-Search-Pipeline/results/training/short_searching_2.5x2.5_tiling.csv

source = [78.2841, 135], n_src_events = 395, n_bkg_events = 316
Loaded 250 entries (unique=250, duplicates=0, missing=48902, out_of_bounds=0, non-finite=0)
Sum(prob) over finite entries = 0.999998
init sum: 0.999998
num pixels: 49152
tile num: 6781
total tile prob: 0.999998
tiles with prob > 0: 49
total tile prob after trim: 0.999998
num tiles after trim: 49
init_pos: 6694
*********running GCP*********
total time (wallclock): 0.0332685 seconds

$ /home/daisy/GRB-Search-Pipeline/search-planning/build/sp_train /home/daisy/GRB-Search-Pipeline/results/training/maps/short/adapt_p11-715852394892384_a135-0_58_map.h5 /home/daisy/GRB-Search-Pipeline/search-planning/tilings/tiling_files/2.5x2.5_tiling.csv 6695 10.0 10.0 5.0 0 /home/daisy/GRB-Search-Pipeline/results/training/short_searching_2.5x2.5_tiling.csv
Input Parameters:
  file        = /home/daisy/GRB-Search-Pipeline/results/training/maps/short/adapt_p11-715852394892384_a135-0_58_map.h5
  source_tile = 6695
  slew_rate   = 10
  dwell_time  = 5
  output      = /home/daisy/GRB-Search-Pipeline/results/training/short_searching_2.5x2.5_tiling.csv

source = [78.2841, 135], n_src_events = 776, n_bkg_events = 1420
Loaded 75 entries (unique=75, duplicates=0, missing=49077, out_of_bounds=0, non-finite=0)
Sum(prob) over finite entries = 0.999999
init sum: 0.999999
num pixels: 49152
tile num: 6781
total tile prob: 0.999999
tiles with prob > 0: 16
total tile prob after trim: 0.999999
num tiles after trim: 16
init_pos: 6617
*********running GCP*********
total time (wallclock): 0.0360671 seconds

$ /home/daisy/GRB-Search-Pipeline/search-planning/build/sp_train /home/daisy/GRB-Search-Pipeline/results/training/maps/short/adapt_p11-715852394892384_a135-0_590_map.h5 /home/daisy/GRB-Search-Pipeline/search-planning/tilings/tiling_files/2.5x2.5_tiling.csv 6695 10.0 10.0 5.0 0 /home/daisy/GRB-Search-Pipeline/results/training/short_searching_2.5x2.5_tiling.csv
Input Parameters:
  file        = /home/daisy/GRB-Search-Pipeline/results/training/maps/short/adapt_p11-715852394892384_a135-0_590_map.h5
  source_tile = 6695
  slew_rate   = 10
  dwell_time  = 5
  output      = /home/daisy/GRB-Search-Pipeline/results/training/short_searching_2.5x2.5_tiling.csv

source = [78.2841, 135], n_src_events = 290, n_bkg_events = 1760
Loaded 403 entries (unique=403, duplicates=0, missing=48749, out_of_bounds=0, non-finite=0)
Sum(prob) over finite entries = 0.999998
init sum: 0.999998
num pixels: 49152
tile num: 6781
total tile prob: 0.999998
tiles with prob > 0: 72
total tile prob after trim: 0.999998
num tiles after trim: 72
init_pos: 6393
*********running GCP*********
total time (wallclock): 0.0992519 seconds

$ /home/daisy/GRB-Search-Pipeline/search-planning/build/sp_train /home/daisy/GRB-Search-Pipeline/results/training/maps/short/adapt_p11-715852394892384_a135-0_591_map.h5 /home/daisy/GRB-Search-Pipeline/search-planning/tilings/tiling_files/2.5x2.5_tiling.csv 6695 10.0 10.0 5.0 0 /home/daisy/GRB-Search-Pipeline/results/training/short_searching_2.5x2.5_tiling.csv
Input Parameters:
  file        = /home/daisy/GRB-Search-Pipeline/results/training/maps/short/adapt_p11-715852394892384_a135-0_591_map.h5
  source_tile = 6695
  slew_rate   = 10
  dwell_time  = 5
  output      = /home/daisy/GRB-Search-Pipeline/results/training/short_searching_2.5x2.5_tiling.csv

source = [78.2841, 135], n_src_events = 352, n_bkg_events = 1235
Loaded 193 entries (unique=193, duplicates=0, missing=48959, out_of_bounds=0, non-finite=0)
Sum(prob) over finite entries = 0.999999
init sum: 0.999999
num pixels: 49152
tile num: 6781
total tile prob: 0.999999
tiles with prob > 0: 37
total tile prob after trim: 0.999999
num tiles after trim: 37
init_pos: 6571
*********running GCP*********
total time (wallclock): 0.034851 seconds

$ /home/daisy/GRB-Search-Pipeline/search-planning/build/sp_train /home/daisy/GRB-Search-Pipeline/results/training/maps/short/adapt_p11-715852394892384_a135-0_592_map.h5 /home/daisy/GRB-Search-Pipeline/search-planning/tilings/tiling_files/2.5x2.5_tiling.csv 6695 10.0 10.0 5.0 0 /home/daisy/GRB-Search-Pipeline/results/training/short_searching_2.5x2.5_tiling.csv
Input Parameters:
  file        = /home/daisy/GRB-Search-Pipeline/results/training/maps/short/adapt_p11-715852394892384_a135-0_592_map.h5
  source_tile = 6695
  slew_rate   = 10
  dwell_time  = 5
  output      = /home/daisy/GRB-Search-Pipeline/results/training/short_searching_2.5x2.5_tiling.csv

source = [78.2841, 135], n_src_events = 94, n_bkg_events = 889
Loaded 1630 entries (unique=1630, duplicates=0, missing=47522, out_of_bounds=0, non-finite=0)
Sum(prob) over finite entries = 0.999996
init sum: 0.999996
num pixels: 49152
tile num: 6781
total tile prob: 0.999996
tiles with prob > 0: 265
total tile prob after trim: 0.999996
num tiles after trim: 265
init_pos: 5892
*********running GCP*********
total time (wallclock): 0.546702 seconds

$ /home/daisy/GRB-Search-Pipeline/search-planning/build/sp_train /home/daisy/GRB-Search-Pipeline/results/training/maps/short/adapt_p11-715852394892384_a135-0_593_map.h5 /home/daisy/GRB-Search-Pipeline/search-planning/tilings/tiling_files/2.5x2.5_tiling.csv 6695 10.0 10.0 5.0 0 /home/daisy/GRB-Search-Pipeline/results/training/short_searching_2.5x2.5_tiling.csv
Input Parameters:
  file        = /home/daisy/GRB-Search-Pipeline/results/training/maps/short/adapt_p11-715852394892384_a135-0_593_map.h5
  source_tile = 6695
  slew_rate   = 10
  dwell_time  = 5
  output      = /home/daisy/GRB-Search-Pipeline/results/training/short_searching_2.5x2.5_tiling.csv

source = [78.2841, 135], n_src_events = 401, n_bkg_events = 921
Loaded 152 entries (unique=152, duplicates=0, missing=49000, out_of_bounds=0, non-finite=0)
Sum(prob) over finite entries = 0.999999
init sum: 0.999999
num pixels: 49152
tile num: 6781
total tile prob: 0.999999
tiles with prob > 0: 31
total tile prob after trim: 0.999999
num tiles after trim: 31
init_pos: 6620
*********running GCP*********
total time (wallclock): 0.0342699 seconds

$ /home/daisy/GRB-Search-Pipeline/search-planning/build/sp_train /home/daisy/GRB-Search-Pipeline/results/training/maps/short/adapt_p11-715852394892384_a135-0_594_map.h5 /home/daisy/GRB-Search-Pipeline/search-planning/tilings/tiling_files/2.5x2.5_tiling.csv 6695 10.0 10.0 5.0 0 /home/daisy/GRB-Search-Pipeline/results/training/short_searching_2.5x2.5_tiling.csv
Input Parameters:
  file        = /home/daisy/GRB-Search-Pipeline/results/training/maps/short/adapt_p11-715852394892384_a135-0_594_map.h5
  source_tile = 6695
  slew_rate   = 10
  dwell_time  = 5
  output      = /home/daisy/GRB-Search-Pipeline/results/training/short_searching_2.5x2.5_tiling.csv

source = [78.2841, 135], n_src_events = 194, n_bkg_events = 427
Loaded 358 entries (unique=358, duplicates=0, missing=48794, out_of_bounds=0, non-finite=0)
Sum(prob) over finite entries = 0.999998
init sum: 0.999998
num pixels: 49152
tile num: 6781
total tile prob: 0.999998
tiles with prob > 0: 67
total tile prob after trim: 0.999998
num tiles after trim: 67
init_pos: 6724
*********running GCP*********
total time (wallclock): 0.0346204 seconds

$ /home/daisy/GRB-Search-Pipeline/search-planning/build/sp_train /home/daisy/GRB-Search-Pipeline/results/training/maps/short/adapt_p11-715852394892384_a135-0_595_map.h5 /home/daisy/GRB-Search-Pipeline/search-planning/tilings/tiling_files/2.5x2.5_tiling.csv 6695 10.0 10.0 5.0 0 /home/daisy/GRB-Search-Pipeline/results/training/short_searching_2.5x2.5_tiling.csv
Input Parameters:
  file        = /home/daisy/GRB-Search-Pipeline/results/training/maps/short/adapt_p11-715852394892384_a135-0_595_map.h5
  source_tile = 6695
  slew_rate   = 10
  dwell_time  = 5
  output      = /home/daisy/GRB-Search-Pipeline/results/training/short_searching_2.5x2.5_tiling.csv

source = [78.2841, 135], n_src_events = 243, n_bkg_events = 695
Loaded 263 entries (unique=263, duplicates=0, missing=48889, out_of_bounds=0, non-finite=0)
Sum(prob) over finite entries = 0.999998
init sum: 0.999998
num pixels: 49152
tile num: 6781
total tile prob: 0.999998
tiles with prob > 0: 57
total tile prob after trim: 0.999998
num tiles after trim: 57
init_pos: 6747
*********running GCP*********
total time (wallclock): 0.0563956 seconds

$ /home/daisy/GRB-Search-Pipeline/search-planning/build/sp_train /home/daisy/GRB-Search-Pipeline/results/training/maps/short/adapt_p11-715852394892384_a135-0_596_map.h5 /home/daisy/GRB-Search-Pipeline/search-planning/tilings/tiling_files/2.5x2.5_tiling.csv 6695 10.0 10.0 5.0 0 /home/daisy/GRB-Search-Pipeline/results/training/short_searching_2.5x2.5_tiling.csv
Input Parameters:
  file        = /home/daisy/GRB-Search-Pipeline/results/training/maps/short/adapt_p11-715852394892384_a135-0_596_map.h5
  source_tile = 6695
  slew_rate   = 10
  dwell_time  = 5
  output      = /home/daisy/GRB-Search-Pipeline/results/training/short_searching_2.5x2.5_tiling.csv

source = [78.2841, 135], n_src_events = 584, n_bkg_events = 769
Loaded 85 entries (unique=85, duplicates=0, missing=49067, out_of_bounds=0, non-finite=0)
Sum(prob) over finite entries = 0.999998
init sum: 0.999998
num pixels: 49152
tile num: 6781
total tile prob: 0.999998
tiles with prob > 0: 21
total tile prob after trim: 0.999998
num tiles after trim: 21
init_pos: 6620
*********running GCP*********
total time (wallclock): 0.0333067 seconds

$ /home/daisy/GRB-Search-Pipeline/search-planning/build/sp_train /home/daisy/GRB-Search-Pipeline/results/training/maps/short/adapt_p11-715852394892384_a135-0_597_map.h5 /home/daisy/GRB-Search-Pipeline/search-planning/tilings/tiling_files/2.5x2.5_tiling.csv 6695 10.0 10.0 5.0 0 /home/daisy/GRB-Search-Pipeline/results/training/short_searching_2.5x2.5_tiling.csv
Input Parameters:
  file        = /home/daisy/GRB-Search-Pipeline/results/training/maps/short/adapt_p11-715852394892384_a135-0_597_map.h5
  source_tile = 6695
  slew_rate   = 10
  dwell_time  = 5
  output      = /home/daisy/GRB-Search-Pipeline/results/training/short_searching_2.5x2.5_tiling.csv

source = [78.2841, 135], n_src_events = 336, n_bkg_events = 1671
Loaded 459 entries (unique=459, duplicates=0, missing=48693, out_of_bounds=0, non-finite=0)
Sum(prob) over finite entries = 0.999998
init sum: 0.999998
num pixels: 49152
tile num: 6781
total tile prob: 0.999998
tiles with prob > 0: 83
total tile prob after trim: 0.999998
num tiles after trim: 83
init_pos: 6457
*********running GCP*********
total time (wallclock): 0.0560687 seconds

$ /home/daisy/GRB-Search-Pipeline/search-planning/build/sp_train /home/daisy/GRB-Search-Pipeline/results/training/maps/short/adapt_p11-715852394892384_a135-0_598_map.h5 /home/daisy/GRB-Search-Pipeline/search-planning/tilings/tiling_files/2.5x2.5_tiling.csv 6695 10.0 10.0 5.0 0 /home/daisy/GRB-Search-Pipeline/results/training/short_searching_2.5x2.5_tiling.csv
Input Parameters:
  file        = /home/daisy/GRB-Search-Pipeline/results/training/maps/short/adapt_p11-715852394892384_a135-0_598_map.h5
  source_tile = 6695
  slew_rate   = 10
  dwell_time  = 5
  output      = /home/daisy/GRB-Search-Pipeline/results/training/short_searching_2.5x2.5_tiling.csv

source = [78.2841, 135], n_src_events = 219, n_bkg_events = 1489
Loaded 689 entries (unique=689, duplicates=0, missing=48463, out_of_bounds=0, non-finite=0)
Sum(prob) over finite entries = 0.999998
init sum: 0.999998
num pixels: 49152
tile num: 6781
total tile prob: 0.999998
tiles with prob > 0: 127
total tile prob after trim: 0.999998
num tiles after trim: 127
init_pos: 6615
*********running GCP*********
total time (wallclock): 0.0573357 seconds

$ /home/daisy/GRB-Search-Pipeline/search-planning/build/sp_train /home/daisy/GRB-Search-Pipeline/results/training/maps/short/adapt_p11-715852394892384_a135-0_599_map.h5 /home/daisy/GRB-Search-Pipeline/search-planning/tilings/tiling_files/2.5x2.5_tiling.csv 6695 10.0 10.0 5.0 0 /home/daisy/GRB-Search-Pipeline/results/training/short_searching_2.5x2.5_tiling.csv
Input Parameters:
  file        = /home/daisy/GRB-Search-Pipeline/results/training/maps/short/adapt_p11-715852394892384_a135-0_599_map.h5
  source_tile = 6695
  slew_rate   = 10
  dwell_time  = 5
  output      = /home/daisy/GRB-Search-Pipeline/results/training/short_searching_2.5x2.5_tiling.csv

source = [78.2841, 135], n_src_events = 839, n_bkg_events = 1561
Loaded 66 entries (unique=66, duplicates=0, missing=49086, out_of_bounds=0, non-finite=0)
Sum(prob) over finite entries = 0.999999
init sum: 0.999999
num pixels: 49152
tile num: 6781
total tile prob: 0.999999
tiles with prob > 0: 15
total tile prob after trim: 0.999999
num tiles after trim: 15
init_pos: 6658
*********running GCP*********
total time (wallclock): 0.0316239 seconds

$ /home/daisy/GRB-Search-Pipeline/search-planning/build/sp_train /home/daisy/GRB-Search-Pipeline/results/training/maps/short/adapt_p11-715852394892384_a135-0_59_map.h5 /home/daisy/GRB-Search-Pipeline/search-planning/tilings/tiling_files/2.5x2.5_tiling.csv 6695 10.0 10.0 5.0 0 /home/daisy/GRB-Search-Pipeline/results/training/short_searching_2.5x2.5_tiling.csv
Input Parameters:
  file        = /home/daisy/GRB-Search-Pipeline/results/training/maps/short/adapt_p11-715852394892384_a135-0_59_map.h5
  source_tile = 6695
  slew_rate   = 10
  dwell_time  = 5
  output      = /home/daisy/GRB-Search-Pipeline/results/training/short_searching_2.5x2.5_tiling.csv

source = [78.2841, 135], n_src_events = 555, n_bkg_events = 233
Loaded 70 entries (unique=70, duplicates=0, missing=49082, out_of_bounds=0, non-finite=0)
Sum(prob) over finite entries = 0.999999
init sum: 0.999999
num pixels: 49152
tile num: 6781
total tile prob: 0.999999
tiles with prob > 0: 18
total tile prob after trim: 0.999999
num tiles after trim: 18
init_pos: 6694
*********running GCP*********
total time (wallclock): 0.0309514 seconds

$ /home/daisy/GRB-Search-Pipeline/search-planning/build/sp_train /home/daisy/GRB-Search-Pipeline/results/training/maps/short/adapt_p11-715852394892384_a135-0_5_map.h5 /home/daisy/GRB-Search-Pipeline/search-planning/tilings/tiling_files/2.5x2.5_tiling.csv 6695 10.0 10.0 5.0 0 /home/daisy/GRB-Search-Pipeline/results/training/short_searching_2.5x2.5_tiling.csv
Input Parameters:
  file        = /home/daisy/GRB-Search-Pipeline/results/training/maps/short/adapt_p11-715852394892384_a135-0_5_map.h5
  source_tile = 6695
  slew_rate   = 10
  dwell_time  = 5
  output      = /home/daisy/GRB-Search-Pipeline/results/training/short_searching_2.5x2.5_tiling.csv

source = [78.2841, 135], n_src_events = 356, n_bkg_events = 1608
Loaded 262 entries (unique=262, duplicates=0, missing=48890, out_of_bounds=0, non-finite=0)
Sum(prob) over finite entries = 0.999998
init sum: 0.999998
num pixels: 49152
tile num: 6781
total tile prob: 0.999998
tiles with prob > 0: 50
total tile prob after trim: 0.999998
num tiles after trim: 50
init_pos: 6617
*********running GCP*********
total time (wallclock): 0.0380584 seconds

$ /home/daisy/GRB-Search-Pipeline/search-planning/build/sp_train /home/daisy/GRB-Search-Pipeline/results/training/maps/short/adapt_p11-715852394892384_a135-0_60_map.h5 /home/daisy/GRB-Search-Pipeline/search-planning/tilings/tiling_files/2.5x2.5_tiling.csv 6695 10.0 10.0 5.0 0 /home/daisy/GRB-Search-Pipeline/results/training/short_searching_2.5x2.5_tiling.csv
Input Parameters:
  file        = /home/daisy/GRB-Search-Pipeline/results/training/maps/short/adapt_p11-715852394892384_a135-0_60_map.h5
  source_tile = 6695
  slew_rate   = 10
  dwell_time  = 5
  output      = /home/daisy/GRB-Search-Pipeline/results/training/short_searching_2.5x2.5_tiling.csv

source = [78.2841, 135], n_src_events = 415, n_bkg_events = 1827
Loaded 176 entries (unique=176, duplicates=0, missing=48976, out_of_bounds=0, non-finite=0)
Sum(prob) over finite entries = 0.999999
init sum: 0.999999
num pixels: 49152
tile num: 6781
total tile prob: 0.999999
tiles with prob > 0: 34
total tile prob after trim: 0.999999
num tiles after trim: 34
init_pos: 6662
*********running GCP*********
total time (wallclock): 0.0385047 seconds

$ /home/daisy/GRB-Search-Pipeline/search-planning/build/sp_train /home/daisy/GRB-Search-Pipeline/results/training/maps/short/adapt_p11-715852394892384_a135-0_61_map.h5 /home/daisy/GRB-Search-Pipeline/search-planning/tilings/tiling_files/2.5x2.5_tiling.csv 6695 10.0 10.0 5.0 0 /home/daisy/GRB-Search-Pipeline/results/training/short_searching_2.5x2.5_tiling.csv
Input Parameters:
  file        = /home/daisy/GRB-Search-Pipeline/results/training/maps/short/adapt_p11-715852394892384_a135-0_61_map.h5
  source_tile = 6695
  slew_rate   = 10
  dwell_time  = 5
  output      = /home/daisy/GRB-Search-Pipeline/results/training/short_searching_2.5x2.5_tiling.csv

source = [78.2841, 135], n_src_events = 153, n_bkg_events = 1293
Loaded 900 entries (unique=900, duplicates=0, missing=48252, out_of_bounds=0, non-finite=0)
Sum(prob) over finite entries = 0.999999
init sum: 0.999999
num pixels: 49152
tile num: 6781
total tile prob: 0.999999
tiles with prob > 0: 155
total tile prob after trim: 0.999999
num tiles after trim: 155
init_pos: 6658
*********running GCP*********
total time (wallclock): 0.0430849 seconds

$ /home/daisy/GRB-Search-Pipeline/search-planning/build/sp_train /home/daisy/GRB-Search-Pipeline/results/training/maps/short/adapt_p11-715852394892384_a135-0_62_map.h5 /home/daisy/GRB-Search-Pipeline/search-planning/tilings/tiling_files/2.5x2.5_tiling.csv 6695 10.0 10.0 5.0 0 /home/daisy/GRB-Search-Pipeline/results/training/short_searching_2.5x2.5_tiling.csv
Input Parameters:
  file        = /home/daisy/GRB-Search-Pipeline/results/training/maps/short/adapt_p11-715852394892384_a135-0_62_map.h5
  source_tile = 6695
  slew_rate   = 10
  dwell_time  = 5
  output      = /home/daisy/GRB-Search-Pipeline/results/training/short_searching_2.5x2.5_tiling.csv

source = [78.2841, 135], n_src_events = 273, n_bkg_events = 609
Loaded 212 entries (unique=212, duplicates=0, missing=48940, out_of_bounds=0, non-finite=0)
Sum(prob) over finite entries = 0.999998
init sum: 0.999998
num pixels: 49152
tile num: 6781
total tile prob: 0.999998
tiles with prob > 0: 45
total tile prob after trim: 0.999998
num tiles after trim: 45
init_pos: 6694
*********running GCP*********
total time (wallclock): 0.034038 seconds

$ /home/daisy/GRB-Search-Pipeline/search-planning/build/sp_train /home/daisy/GRB-Search-Pipeline/results/training/maps/short/adapt_p11-715852394892384_a135-0_63_map.h5 /home/daisy/GRB-Search-Pipeline/search-planning/tilings/tiling_files/2.5x2.5_tiling.csv 6695 10.0 10.0 5.0 0 /home/daisy/GRB-Search-Pipeline/results/training/short_searching_2.5x2.5_tiling.csv
Input Parameters:
  file        = /home/daisy/GRB-Search-Pipeline/results/training/maps/short/adapt_p11-715852394892384_a135-0_63_map.h5
  source_tile = 6695
  slew_rate   = 10
  dwell_time  = 5
  output      = /home/daisy/GRB-Search-Pipeline/results/training/short_searching_2.5x2.5_tiling.csv

source = [78.2841, 135], n_src_events = 135, n_bkg_events = 180
Loaded 499 entries (unique=499, duplicates=0, missing=48653, out_of_bounds=0, non-finite=0)
Sum(prob) over finite entries = 0.999998
init sum: 0.999998
num pixels: 49152
tile num: 6781
total tile prob: 0.999998
tiles with prob > 0: 84
total tile prob after trim: 0.999998
num tiles after trim: 84
init_pos: 6621
*********running GCP*********
total time (wallclock): 0.154669 seconds

$ /home/daisy/GRB-Search-Pipeline/search-planning/build/sp_train /home/daisy/GRB-Search-Pipeline/results/training/maps/short/adapt_p11-715852394892384_a135-0_64_map.h5 /home/daisy/GRB-Search-Pipeline/search-planning/tilings/tiling_files/2.5x2.5_tiling.csv 6695 10.0 10.0 5.0 0 /home/daisy/GRB-Search-Pipeline/results/training/short_searching_2.5x2.5_tiling.csv
Input Parameters:
  file        = /home/daisy/GRB-Search-Pipeline/results/training/maps/short/adapt_p11-715852394892384_a135-0_64_map.h5
  source_tile = 6695
  slew_rate   = 10
  dwell_time  = 5
  output      = /home/daisy/GRB-Search-Pipeline/results/training/short_searching_2.5x2.5_tiling.csv

source = [78.2841, 135], n_src_events = 129, n_bkg_events = 849
Loaded 488 entries (unique=488, duplicates=0, missing=48664, out_of_bounds=0, non-finite=0)
Sum(prob) over finite entries = 0.999998
init sum: 0.999998
num pixels: 49152
tile num: 6781
total tile prob: 0.999998
tiles with prob > 0: 89
total tile prob after trim: 0.999998
num tiles after trim: 89
init_pos: 6731
*********running GCP*********
total time (wallclock): 0.0693566 seconds

$ /home/daisy/GRB-Search-Pipeline/search-planning/build/sp_train /home/daisy/GRB-Search-Pipeline/results/training/maps/short/adapt_p11-715852394892384_a135-0_65_map.h5 /home/daisy/GRB-Search-Pipeline/search-planning/tilings/tiling_files/2.5x2.5_tiling.csv 6695 10.0 10.0 5.0 0 /home/daisy/GRB-Search-Pipeline/results/training/short_searching_2.5x2.5_tiling.csv
Input Parameters:
  file        = /home/daisy/GRB-Search-Pipeline/results/training/maps/short/adapt_p11-715852394892384_a135-0_65_map.h5
  source_tile = 6695
  slew_rate   = 10
  dwell_time  = 5
  output      = /home/daisy/GRB-Search-Pipeline/results/training/short_searching_2.5x2.5_tiling.csv

source = [78.2841, 135], n_src_events = 732, n_bkg_events = 1059
Loaded 64 entries (unique=64, duplicates=0, missing=49088, out_of_bounds=0, non-finite=0)
Sum(prob) over finite entries = 0.999999
init sum: 0.999999
num pixels: 49152
tile num: 6781
total tile prob: 0.999999
tiles with prob > 0: 15
total tile prob after trim: 0.999999
num tiles after trim: 15
init_pos: 6617
*********running GCP*********
total time (wallclock): 0.0323222 seconds

$ /home/daisy/GRB-Search-Pipeline/search-planning/build/sp_train /home/daisy/GRB-Search-Pipeline/results/training/maps/short/adapt_p11-715852394892384_a135-0_66_map.h5 /home/daisy/GRB-Search-Pipeline/search-planning/tilings/tiling_files/2.5x2.5_tiling.csv 6695 10.0 10.0 5.0 0 /home/daisy/GRB-Search-Pipeline/results/training/short_searching_2.5x2.5_tiling.csv
Input Parameters:
  file        = /home/daisy/GRB-Search-Pipeline/results/training/maps/short/adapt_p11-715852394892384_a135-0_66_map.h5
  source_tile = 6695
  slew_rate   = 10
  dwell_time  = 5
  output      = /home/daisy/GRB-Search-Pipeline/results/training/short_searching_2.5x2.5_tiling.csv

source = [78.2841, 135], n_src_events = 240, n_bkg_events = 1683
Loaded 771 entries (unique=771, duplicates=0, missing=48381, out_of_bounds=0, non-finite=0)
Sum(prob) over finite entries = 0.999998
init sum: 0.999998
num pixels: 49152
tile num: 6781
total tile prob: 0.999998
tiles with prob > 0: 130
total tile prob after trim: 0.999998
num tiles after trim: 130
init_pos: 6665
*********running GCP*********
total time (wallclock): 0.0332872 seconds

$ /home/daisy/GRB-Search-Pipeline/search-planning/build/sp_train /home/daisy/GRB-Search-Pipeline/results/training/maps/short/adapt_p11-715852394892384_a135-0_67_map.h5 /home/daisy/GRB-Search-Pipeline/search-planning/tilings/tiling_files/2.5x2.5_tiling.csv 6695 10.0 10.0 5.0 0 /home/daisy/GRB-Search-Pipeline/results/training/short_searching_2.5x2.5_tiling.csv
Input Parameters:
  file        = /home/daisy/GRB-Search-Pipeline/results/training/maps/short/adapt_p11-715852394892384_a135-0_67_map.h5
  source_tile = 6695
  slew_rate   = 10
  dwell_time  = 5
  output      = /home/daisy/GRB-Search-Pipeline/results/training/short_searching_2.5x2.5_tiling.csv

source = [78.2841, 135], n_src_events = 431, n_bkg_events = 1863
Loaded 290 entries (unique=290, duplicates=0, missing=48862, out_of_bounds=0, non-finite=0)
Sum(prob) over finite entries = 0.999999
init sum: 0.999999
num pixels: 49152
tile num: 6781
total tile prob: 0.999999
tiles with prob > 0: 59
total tile prob after trim: 0.999999
num tiles after trim: 59
init_pos: 6658
*********running GCP*********
total time (wallclock): 0.0318422 seconds

$ /home/daisy/GRB-Search-Pipeline/search-planning/build/sp_train /home/daisy/GRB-Search-Pipeline/results/training/maps/short/adapt_p11-715852394892384_a135-0_68_map.h5 /home/daisy/GRB-Search-Pipeline/search-planning/tilings/tiling_files/2.5x2.5_tiling.csv 6695 10.0 10.0 5.0 0 /home/daisy/GRB-Search-Pipeline/results/training/short_searching_2.5x2.5_tiling.csv
Input Parameters:
  file        = /home/daisy/GRB-Search-Pipeline/results/training/maps/short/adapt_p11-715852394892384_a135-0_68_map.h5
  source_tile = 6695
  slew_rate   = 10
  dwell_time  = 5
  output      = /home/daisy/GRB-Search-Pipeline/results/training/short_searching_2.5x2.5_tiling.csv

source = [78.2841, 135], n_src_events = 828, n_bkg_events = 1383
Loaded 66 entries (unique=66, duplicates=0, missing=49086, out_of_bounds=0, non-finite=0)
Sum(prob) over finite entries = 0.999999
init sum: 0.999999
num pixels: 49152
tile num: 6781
total tile prob: 0.999999
tiles with prob > 0: 15
total tile prob after trim: 0.999999
num tiles after trim: 15
init_pos: 6695
*********running GCP*********
total time (wallclock): 0.0306716 seconds

$ /home/daisy/GRB-Search-Pipeline/search-planning/build/sp_train /home/daisy/GRB-Search-Pipeline/results/training/maps/short/adapt_p11-715852394892384_a135-0_69_map.h5 /home/daisy/GRB-Search-Pipeline/search-planning/tilings/tiling_files/2.5x2.5_tiling.csv 6695 10.0 10.0 5.0 0 /home/daisy/GRB-Search-Pipeline/results/training/short_searching_2.5x2.5_tiling.csv
Input Parameters:
  file        = /home/daisy/GRB-Search-Pipeline/results/training/maps/short/adapt_p11-715852394892384_a135-0_69_map.h5
  source_tile = 6695
  slew_rate   = 10
  dwell_time  = 5
  output      = /home/daisy/GRB-Search-Pipeline/results/training/short_searching_2.5x2.5_tiling.csv

source = [78.2841, 135], n_src_events = 166, n_bkg_events = 1505
Loaded 298 entries (unique=298, duplicates=0, missing=48854, out_of_bounds=0, non-finite=0)
Sum(prob) over finite entries = 0.999998
init sum: 0.999998
num pixels: 49152
tile num: 6781
total tile prob: 0.999998
tiles with prob > 0: 52
total tile prob after trim: 0.999998
num tiles after trim: 52
init_pos: 6574
*********running GCP*********
total time (wallclock): 0.0847776 seconds

$ /home/daisy/GRB-Search-Pipeline/search-planning/build/sp_train /home/daisy/GRB-Search-Pipeline/results/training/maps/short/adapt_p11-715852394892384_a135-0_6_map.h5 /home/daisy/GRB-Search-Pipeline/search-planning/tilings/tiling_files/2.5x2.5_tiling.csv 6695 10.0 10.0 5.0 0 /home/daisy/GRB-Search-Pipeline/results/training/short_searching_2.5x2.5_tiling.csv
Input Parameters:
  file        = /home/daisy/GRB-Search-Pipeline/results/training/maps/short/adapt_p11-715852394892384_a135-0_6_map.h5
  source_tile = 6695
  slew_rate   = 10
  dwell_time  = 5
  output      = /home/daisy/GRB-Search-Pipeline/results/training/short_searching_2.5x2.5_tiling.csv

source = [78.2841, 135], n_src_events = 438, n_bkg_events = 171
Loaded 95 entries (unique=95, duplicates=0, missing=49057, out_of_bounds=0, non-finite=0)
Sum(prob) over finite entries = 0.999998
init sum: 0.999998
num pixels: 49152
tile num: 6781
total tile prob: 0.999998
tiles with prob > 0: 17
total tile prob after trim: 0.999998
num tiles after trim: 17
init_pos: 6515
*********running GCP*********
total time (wallclock): 0.0331471 seconds

$ /home/daisy/GRB-Search-Pipeline/search-planning/build/sp_train /home/daisy/GRB-Search-Pipeline/results/training/maps/short/adapt_p11-715852394892384_a135-0_70_map.h5 /home/daisy/GRB-Search-Pipeline/search-planning/tilings/tiling_files/2.5x2.5_tiling.csv 6695 10.0 10.0 5.0 0 /home/daisy/GRB-Search-Pipeline/results/training/short_searching_2.5x2.5_tiling.csv
Input Parameters:
  file        = /home/daisy/GRB-Search-Pipeline/results/training/maps/short/adapt_p11-715852394892384_a135-0_70_map.h5
  source_tile = 6695
  slew_rate   = 10
  dwell_time  = 5
  output      = /home/daisy/GRB-Search-Pipeline/results/training/short_searching_2.5x2.5_tiling.csv

source = [78.2841, 135], n_src_events = 445, n_bkg_events = 1422
Loaded 127 entries (unique=127, duplicates=0, missing=49025, out_of_bounds=0, non-finite=0)
Sum(prob) over finite entries = 0.999998
init sum: 0.999998
num pixels: 49152
tile num: 6781
total tile prob: 0.999998
tiles with prob > 0: 23
total tile prob after trim: 0.999998
num tiles after trim: 23
init_pos: 6619
*********running GCP*********
total time (wallclock): 0.032476 seconds

$ /home/daisy/GRB-Search-Pipeline/search-planning/build/sp_train /home/daisy/GRB-Search-Pipeline/results/training/maps/short/adapt_p11-715852394892384_a135-0_71_map.h5 /home/daisy/GRB-Search-Pipeline/search-planning/tilings/tiling_files/2.5x2.5_tiling.csv 6695 10.0 10.0 5.0 0 /home/daisy/GRB-Search-Pipeline/results/training/short_searching_2.5x2.5_tiling.csv
Input Parameters:
  file        = /home/daisy/GRB-Search-Pipeline/results/training/maps/short/adapt_p11-715852394892384_a135-0_71_map.h5
  source_tile = 6695
  slew_rate   = 10
  dwell_time  = 5
  output      = /home/daisy/GRB-Search-Pipeline/results/training/short_searching_2.5x2.5_tiling.csv

source = [78.2841, 135], n_src_events = 143, n_bkg_events = 839
Loaded 757 entries (unique=757, duplicates=0, missing=48395, out_of_bounds=0, non-finite=0)
Sum(prob) over finite entries = 0.999999
init sum: 0.999999
num pixels: 49152
tile num: 6781
total tile prob: 0.999999
tiles with prob > 0: 140
total tile prob after trim: 0.999999
num tiles after trim: 140
init_pos: 6751
*********running GCP*********
total time (wallclock): 0.0337507 seconds

$ /home/daisy/GRB-Search-Pipeline/search-planning/build/sp_train /home/daisy/GRB-Search-Pipeline/results/training/maps/short/adapt_p11-715852394892384_a135-0_72_map.h5 /home/daisy/GRB-Search-Pipeline/search-planning/tilings/tiling_files/2.5x2.5_tiling.csv 6695 10.0 10.0 5.0 0 /home/daisy/GRB-Search-Pipeline/results/training/short_searching_2.5x2.5_tiling.csv
Input Parameters:
  file        = /home/daisy/GRB-Search-Pipeline/results/training/maps/short/adapt_p11-715852394892384_a135-0_72_map.h5
  source_tile = 6695
  slew_rate   = 10
  dwell_time  = 5
  output      = /home/daisy/GRB-Search-Pipeline/results/training/short_searching_2.5x2.5_tiling.csv

source = [78.2841, 135], n_src_events = 415, n_bkg_events = 171
Loaded 107 entries (unique=107, duplicates=0, missing=49045, out_of_bounds=0, non-finite=0)
Sum(prob) over finite entries = 0.999999
init sum: 0.999999
num pixels: 49152
tile num: 6781
total tile prob: 0.999999
tiles with prob > 0: 25
total tile prob after trim: 0.999999
num tiles after trim: 25
init_pos: 6660
*********running GCP*********
total time (wallclock): 0.0324125 seconds

$ /home/daisy/GRB-Search-Pipeline/search-planning/build/sp_train /home/daisy/GRB-Search-Pipeline/results/training/maps/short/adapt_p11-715852394892384_a135-0_73_map.h5 /home/daisy/GRB-Search-Pipeline/search-planning/tilings/tiling_files/2.5x2.5_tiling.csv 6695 10.0 10.0 5.0 0 /home/daisy/GRB-Search-Pipeline/results/training/short_searching_2.5x2.5_tiling.csv
Input Parameters:
  file        = /home/daisy/GRB-Search-Pipeline/results/training/maps/short/adapt_p11-715852394892384_a135-0_73_map.h5
  source_tile = 6695
  slew_rate   = 10
  dwell_time  = 5
  output      = /home/daisy/GRB-Search-Pipeline/results/training/short_searching_2.5x2.5_tiling.csv

source = [78.2841, 135], n_src_events = 482, n_bkg_events = 989
Loaded 145 entries (unique=145, duplicates=0, missing=49007, out_of_bounds=0, non-finite=0)
Sum(prob) over finite entries = 0.999999
init sum: 0.999999
num pixels: 49152
tile num: 6781
total tile prob: 0.999999
tiles with prob > 0: 32
total tile prob after trim: 0.999999
num tiles after trim: 32
init_pos: 6659
*********running GCP*********
total time (wallclock): 0.0325546 seconds

$ /home/daisy/GRB-Search-Pipeline/search-planning/build/sp_train /home/daisy/GRB-Search-Pipeline/results/training/maps/short/adapt_p11-715852394892384_a135-0_74_map.h5 /home/daisy/GRB-Search-Pipeline/search-planning/tilings/tiling_files/2.5x2.5_tiling.csv 6695 10.0 10.0 5.0 0 /home/daisy/GRB-Search-Pipeline/results/training/short_searching_2.5x2.5_tiling.csv
Input Parameters:
  file        = /home/daisy/GRB-Search-Pipeline/results/training/maps/short/adapt_p11-715852394892384_a135-0_74_map.h5
  source_tile = 6695
  slew_rate   = 10
  dwell_time  = 5
  output      = /home/daisy/GRB-Search-Pipeline/results/training/short_searching_2.5x2.5_tiling.csv

source = [78.2841, 135], n_src_events = 711, n_bkg_events = 335
Loaded 42 entries (unique=42, duplicates=0, missing=49110, out_of_bounds=0, non-finite=0)
Sum(prob) over finite entries = 0.999999
init sum: 0.999999
num pixels: 49152
tile num: 6781
total tile prob: 0.999999
tiles with prob > 0: 12
total tile prob after trim: 0.999999
num tiles after trim: 12
init_pos: 6616
*********running GCP*********
total time (wallclock): 0.0330647 seconds

$ /home/daisy/GRB-Search-Pipeline/search-planning/build/sp_train /home/daisy/GRB-Search-Pipeline/results/training/maps/short/adapt_p11-715852394892384_a135-0_75_map.h5 /home/daisy/GRB-Search-Pipeline/search-planning/tilings/tiling_files/2.5x2.5_tiling.csv 6695 10.0 10.0 5.0 0 /home/daisy/GRB-Search-Pipeline/results/training/short_searching_2.5x2.5_tiling.csv
Input Parameters:
  file        = /home/daisy/GRB-Search-Pipeline/results/training/maps/short/adapt_p11-715852394892384_a135-0_75_map.h5
  source_tile = 6695
  slew_rate   = 10
  dwell_time  = 5
  output      = /home/daisy/GRB-Search-Pipeline/results/training/short_searching_2.5x2.5_tiling.csv

source = [78.2841, 135], n_src_events = 770, n_bkg_events = 1321
Loaded 62 entries (unique=62, duplicates=0, missing=49090, out_of_bounds=0, non-finite=0)
Sum(prob) over finite entries = 0.999999
init sum: 0.999999
num pixels: 49152
tile num: 6781
total tile prob: 0.999999
tiles with prob > 0: 13
total tile prob after trim: 0.999999
num tiles after trim: 13
init_pos: 6695
*********running GCP*********
total time (wallclock): 0.0306919 seconds

$ /home/daisy/GRB-Search-Pipeline/search-planning/build/sp_train /home/daisy/GRB-Search-Pipeline/results/training/maps/short/adapt_p11-715852394892384_a135-0_76_map.h5 /home/daisy/GRB-Search-Pipeline/search-planning/tilings/tiling_files/2.5x2.5_tiling.csv 6695 10.0 10.0 5.0 0 /home/daisy/GRB-Search-Pipeline/results/training/short_searching_2.5x2.5_tiling.csv
Input Parameters:
  file        = /home/daisy/GRB-Search-Pipeline/results/training/maps/short/adapt_p11-715852394892384_a135-0_76_map.h5
  source_tile = 6695
  slew_rate   = 10
  dwell_time  = 5
  output      = /home/daisy/GRB-Search-Pipeline/results/training/short_searching_2.5x2.5_tiling.csv

source = [78.2841, 135], n_src_events = 133, n_bkg_events = 355
Loaded 1045 entries (unique=1045, duplicates=0, missing=48107, out_of_bounds=0, non-finite=0)
Sum(prob) over finite entries = 0.999996
init sum: 0.999996
num pixels: 49152
tile num: 6781
total tile prob: 0.999996
tiles with prob > 0: 185
total tile prob after trim: 0.999996
num tiles after trim: 185
init_pos: 6565
*********running GCP*********
total time (wallclock): 0.0359244 seconds

$ /home/daisy/GRB-Search-Pipeline/search-planning/build/sp_train /home/daisy/GRB-Search-Pipeline/results/training/maps/short/adapt_p11-715852394892384_a135-0_77_map.h5 /home/daisy/GRB-Search-Pipeline/search-planning/tilings/tiling_files/2.5x2.5_tiling.csv 6695 10.0 10.0 5.0 0 /home/daisy/GRB-Search-Pipeline/results/training/short_searching_2.5x2.5_tiling.csv
Input Parameters:
  file        = /home/daisy/GRB-Search-Pipeline/results/training/maps/short/adapt_p11-715852394892384_a135-0_77_map.h5
  source_tile = 6695
  slew_rate   = 10
  dwell_time  = 5
  output      = /home/daisy/GRB-Search-Pipeline/results/training/short_searching_2.5x2.5_tiling.csv

source = [78.2841, 135], n_src_events = 204, n_bkg_events = 814
Loaded 580 entries (unique=580, duplicates=0, missing=48572, out_of_bounds=0, non-finite=0)
Sum(prob) over finite entries = 0.999997
init sum: 0.999997
num pixels: 49152
tile num: 6781
total tile prob: 0.999997
tiles with prob > 0: 114
total tile prob after trim: 0.999997
num tiles after trim: 114
init_pos: 6696
*********running GCP*********
total time (wallclock): 0.0645182 seconds
